date,s1_ice_cover,s1_ice_probability,s1_data_coverage,s2_ice_cover,s2_ice_probability,s2_data_coverage,landsat_ice_cover,landsat_ice_probability,landsat_data_coverage,ecostress_ice_cover,ecostress_ice_probability,ecostress_data_coverage,stage2_ice_cover,stage2_ice_probability,stage2_data_coverage,stage2_phenology_cover
2015-07-02,92.5,63.1,92.0,,,,,,,,,,0.0,4.8,100.0,0.0
2015-07-03,,,,,,,,,,,,,0.0,2.7,100.0,0.0
2015-07-04,,,,,,,0.0,0.0,54.3,,,,0.0,1.8,100.0,0.0
2015-07-05,,,,,,,,,,,,,0.0,1.4,100.0,0.0
2015-07-06,91.7,59.9,89.1,,,,,,,,,,0.0,0.7,100.0,0.0
2015-07-07,94.9,68.1,89.7,,,,,,,,,,0.0,0.4,100.0,0.0
2015-07-08,,,,,,,,,,,,,0.0,0.3,100.0,0.0
2015-07-09,,,,,,,,,,,,,0.0,0.2,100.0,0.0
2015-07-10,,,,,,,,,,,,,0.0,0.1,100.0,0.0
2015-07-11,,,,,,,,,,,,,0.0,0.1,100.0,0.0
2015-07-12,,,,,,,0.0,0.0,35.4,,,,0.0,0.1,100.0,0.0
2015-07-13,,,,,,,0.0,0.0,100.0,,,,0.0,0.1,100.0,0.0
2015-07-14,96.8,65.1,89.1,,,,,,,,,,0.0,0.1,100.0,0.0
2015-07-15,,,,,,,,,,,,,0.0,0.1,100.0,0.0
2015-07-16,,,,,,,,,,,,,0.0,0.1,100.0,0.0
2015-07-17,,,,,,,,,,,,,0.0,0.1,100.0,0.0
2015-07-18,96.3,68.9,92.6,,,,,,,,,,0.0,0.2,100.0,0.0
2015-07-19,,,,,,,,,,,,,0.0,0.2,100.0,0.0
2015-07-20,,,,,,,,,,,,,0.0,0.3,100.0,0.0
2015-07-21,,,,,,,,,,,,,0.0,0.6,100.0,0.0
2015-07-22,,,,,,,,,,,,,0.0,0.6,100.0,0.0
2015-07-23,,,,,,,,,,,,,0.0,0.8,100.0,0.0
2015-07-24,,,,,,,,,,,,,0.0,0.9,100.0,0.0
2015-07-25,,,,,,,,,,,,,0.0,1.3,100.0,0.0
2015-07-26,89.7,62.1,88.6,,,,,,,,,,0.0,1.0,100.0,0.0
2015-07-27,,,,,,,,,,,,,0.0,1.0,100.0,0.0
2015-07-28,,,,,,,,,,,,,0.0,0.6,100.0,0.0
2015-07-29,,,,,,,,,,,,,0.0,0.7,100.0,0.0
2015-07-30,88.1,63.5,91.4,,,,,,,,,,0.0,0.2,100.0,0.0
2015-07-31,,,,,,,,,,,,,0.0,0.2,100.0,0.0
2015-08-01,,,,,,,,,,,,,0.0,0.1,100.0,0.0
2015-08-02,,,,,,,,,,,,,0.0,0.1,100.0,0.0
2015-08-03,,,,,,,,,,,,,0.0,0.1,100.0,0.0
2015-08-04,,,,,,,,,,,,,0.0,0.1,100.0,0.0
2015-08-05,,,,,,,0.0,0.0,100.0,,,,0.0,0.0,100.0,0.0
2015-08-06,,,,,,,,,,,,,0.0,0.0,100.0,0.0
2015-08-07,78.5,54.7,90.3,,,,,,,,,,0.0,0.0,100.0,0.0
2015-08-08,,,,,,,,,,,,,0.0,0.0,100.0,0.0
2015-08-09,,,,,,,,,,,,,0.0,0.0,100.0,0.0
2015-08-10,,,,,,,,,,,,,0.0,0.0,100.0,0.0
2015-08-11,96.9,63.5,90.9,,,,,,,,,,0.0,0.0,100.0,0.0
2015-08-12,,,,,,,,,,,,,0.0,0.1,100.0,0.0
2015-08-13,,,,,,,,,,,,,0.0,0.1,100.0,0.0
2015-08-14,,,,,,,,,,,,,0.0,0.2,100.0,0.0
2015-08-15,,,,,,,,,,,,,0.0,0.2,100.0,0.0
2015-08-16,,,,,,,,,,,,,0.0,0.2,100.0,0.0
2015-08-17,,,,,,,,,,,,,0.0,0.3,100.0,0.0
2015-08-18,,,,,,,,,,,,,0.0,0.4,100.0,0.0
2015-08-19,89.2,55.7,89.7,,,,,,,,,,0.0,0.4,100.0,0.0
2015-08-20,,,,,,,,,,,,,0.0,0.4,100.0,0.0
2015-08-21,,,,,,,,,,,,,0.0,0.4,100.0,0.0
2015-08-22,,,,,,,,,,,,,0.0,0.4,100.0,0.0
2015-08-23,94.5,58.8,93.1,,,,,,,,,,0.0,0.3,100.0,0.0
2015-08-24,,,,,,,,,,,,,0.0,0.2,100.0,0.0
2015-08-25,,,,,,,,,,,,,0.0,0.2,100.0,0.0
2015-08-26,,,,,,,,,,,,,0.0,0.1,100.0,0.0
2015-08-27,,,,,,,,,,,,,0.0,0.1,100.0,0.0
2015-08-28,,,,,,,,,,,,,0.0,0.1,100.0,0.0
2015-08-29,,,,0.0,0.4,99.4,0.0,0.0,35.4,,,,0.0,0.1,100.0,0.0
2015-08-30,,,,,,,0.0,0.0,100.0,,,,0.0,0.0,100.0,0.0
2015-08-31,80.9,53.8,74.9,,,,,,,,,,0.0,0.0,100.0,0.0
2015-09-01,,,,,,,,,,,,,0.0,0.0,100.0,0.0
2015-09-02,,,,,,,,,,,,,0.0,0.0,100.0,0.0
2015-09-03,,,,,,,,,,,,,0.0,0.0,100.0,0.0
2015-09-04,92.0,56.8,92.6,,,,,,,,,,0.0,0.0,100.0,0.0
2015-09-05,,,,,,,,,,,,,0.0,0.1,100.0,0.0
2015-09-06,,,,,,,0.0,0.0,100.0,,,,0.0,0.1,100.0,0.0
2015-09-07,,,,,,,,,,,,,0.0,0.1,100.0,0.0
2015-09-08,,,,,,,,,,,,,0.0,0.1,100.0,0.0
2015-09-09,,,,,,,,,,,,,0.0,0.1,100.0,0.0
2015-09-10,,,,,,,,,,,,,0.0,0.1,100.0,0.0
2015-09-11,,,,,,,,,,,,,0.0,0.1,100.0,0.0
2015-09-12,76.9,52.8,37.1,,,,,,,,,,0.0,0.1,100.0,0.0
2015-09-13,,,,,,,,,,,,,0.0,0.1,100.0,0.0
2015-09-14,,,,,,,,,,,,,0.0,0.2,100.0,0.0
2015-09-15,,,,,,,,,,,,,0.0,0.3,100.0,0.0
2015-09-16,92.5,54.2,92.0,,,,,,,,,,0.0,0.3,100.0,0.0
2015-09-17,,,,,,,,,,,,,0.0,0.3,100.0,0.0
2015-09-18,,,,,,,,,,,,,0.0,0.3,100.0,0.0
2015-09-19,,,,,,,,,,,,,0.0,0.3,100.0,0.0
2015-09-20,,,,,,,,,,,,,0.0,0.3,100.0,0.0
2015-09-21,,,,,,,,,,,,,0.0,0.3,100.0,0.0
2015-09-22,,,,,,,,,,,,,0.0,0.4,100.0,0.0
2015-09-23,,,,,,,,,,,,,0.0,0.4,100.0,0.0
2015-09-24,67.3,48.1,62.9,,,,,,,,,,0.0,0.4,100.0,0.0
2015-09-25,,,,,,,,,,,,,0.0,0.2,100.0,0.0
2015-09-26,,,,,,,,,,,,,0.0,0.2,100.0,0.0
2015-09-27,,,,,,,,,,,,,0.0,0.2,100.0,0.0
2015-09-28,91.6,52.9,88.0,,,,,,,,,,0.0,0.2,100.0,0.0
2015-09-29,,,,,,,,,,,,,0.0,0.1,100.0,0.0
2015-09-30,,,,,,,,,,,,,0.0,0.1,100.0,0.0
2015-10-01,,,,,,,0.0,0.0,100.0,,,,0.0,0.1,100.0,0.0
2015-10-02,,,,,,,,,,,,,0.0,0.1,100.0,0.0
2015-10-03,,,,,,,,,,,,,0.0,0.1,100.0,0.0
2015-10-04,,,,,,,,,,,,,0.0,0.1,100.0,0.0
2015-10-05,,,,,,,,,,,,,0.0,0.1,100.0,0.0
2015-10-06,96.1,56.6,86.9,,,,,,,,,,0.0,0.1,100.0,0.0
2015-10-07,,,,,,,,,,,,,0.0,0.2,100.0,0.0
2015-10-08,,,,,,,,,,,,,0.0,0.2,100.0,0.0
2015-10-09,,,,,,,,,,,,,0.0,0.4,100.0,0.0
2015-10-10,97.4,59.1,89.1,,,,,,,,,,0.0,0.4,100.0,0.0
2015-10-11,,,,,,,,,,,,,0.0,0.5,100.0,0.0
2015-10-12,,,,,,,,,,,,,0.0,0.5,100.0,0.0
2015-10-13,,,,,,,,,,,,,0.0,0.8,100.0,0.0
2015-10-14,,,,,,,,,,,,,0.0,0.7,100.0,0.0
2015-10-15,,,,,,,,,,,,,0.0,1.1,100.0,0.0
2015-10-16,,,,,,,,,,,,,0.0,1.0,100.0,0.0
2015-10-17,,,,,,,,,,,,,0.0,2.3,100.0,0.0
2015-10-18,97.3,60.2,84.6,,,,,,,,,,0.0,1.8,100.0,0.0
2015-10-19,,,,,,,,,,,,,0.0,2.3,100.0,0.0
2015-10-20,,,,,,,,,,,,,0.0,1.7,100.0,0.0
2015-10-21,,,,,,,,,,,,,0.0,2.5,100.0,0.0
2015-10-22,,,,,,,,,,,,,0.0,1.8,100.0,0.0
2015-10-23,,,,,,,,,,,,,0.0,2.1,100.0,0.0
2015-10-24,,,,,,,,,,,,,0.0,1.6,100.0,0.0
2015-10-25,,,,,,,,,,,,,0.0,2.0,100.0,0.0
2015-10-26,,,,,,,,,,,,,0.0,1.3,100.0,0.0
2015-10-27,,,,,,,,,,,,,0.0,1.5,100.0,0.0
2015-10-28,,,,,,,,,,,,,0.0,1.3,100.0,0.0
2015-10-29,,,,,,,,,,,,,0.0,1.6,100.0,0.0
2015-10-30,80.6,51.9,88.6,,,,,,,,,,0.0,1.3,100.0,0.0
2015-10-31,,,,,,,,,,,,,0.0,1.4,100.0,0.0
2015-11-01,,,,,,,,,,,,,0.0,1.1,100.0,0.0
2015-11-02,,,,,,,,,,,,,0.0,1.3,100.0,0.0
2015-11-03,73.9,50.7,92.0,,,,,,,,,,0.0,0.9,100.0,0.0
2015-11-04,,,,,,,,,,,,,0.0,0.7,100.0,0.0
2015-11-05,,,,,,,,,,,,,0.0,0.6,100.0,0.0
2015-11-06,,,,,,,,,,,,,0.0,0.6,100.0,0.0
2015-11-07,,,,,,,,,,,,,0.0,0.5,100.0,0.0
2015-11-08,,,,,,,,,,,,,0.0,0.5,100.0,0.0
2015-11-09,,,,,,,0.0,0.0,44.6,,,,0.0,0.4,100.0,0.0
2015-11-10,,,,,,,,,,,,,0.0,0.4,100.0,0.0
2015-11-11,67.2,52.0,73.1,,,,,,,,,,0.0,0.4,100.0,0.0
2015-11-12,,,,,,,,,,,,,0.0,0.4,100.0,0.0
2015-11-13,,,,,,,,,,,,,0.0,0.4,100.0,0.0
2015-11-14,,,,,,,,,,,,,0.0,0.4,100.0,0.0
2015-11-15,79.3,57.4,85.7,,,,,,,,,,0.0,0.4,100.0,0.0
2015-11-16,71.6,54.6,84.6,,,,,,,,,,0.0,0.5,100.0,0.0
2015-11-17,,,,,,,0.0,0.0,31.4,,,,0.0,0.5,100.0,0.0
2015-11-18,,,,,,,0.0,0.1,97.7,,,,0.0,0.6,100.0,0.0
2015-11-19,,,,,,,,,,,,,0.0,0.8,100.0,0.0
2015-11-20,,,,,,,,,,,,,0.0,1.0,100.0,0.0
2015-11-21,,,,,,,,,,,,,0.0,1.2,100.0,0.0
2015-11-22,,,,,,,,,,,,,0.0,1.7,100.0,0.0
2015-11-23,86.7,61.0,85.7,,,,,,,,,,0.0,2.3,100.0,0.0
2015-11-24,,,,,,,,,,,,,0.0,2.6,100.0,0.0
2015-11-25,,,,,,,,,,,,,0.0,4.1,100.0,0.0
2015-11-26,,,,,,,,,,,,,0.0,7.3,100.0,0.0
2015-11-27,90.2,64.8,87.4,,,,,,,,,,0.0,15.4,100.0,0.0
2015-11-28,92.1,66.9,86.9,,,,,,,,,,0.0,18.5,100.0,0.0
2015-11-29,,,,,,,,,,,,,0.0,25.3,100.0,0.0
2015-11-30,,,,,,,,,,,,,0.6,33.0,100.0,0.6
2015-12-01,,,,,,,,,,,,,12.0,44.1,100.0,12.0
2015-12-02,,,,,,,,,,,,,22.3,47.8,100.0,22.3
2015-12-03,,,,,,,,,,,,,46.9,56.6,100.0,46.9
2015-12-04,,,,,,,,,,,,,87.4,67.9,100.0,87.4
2015-12-05,95.1,61.0,34.9,,,,,,,,,,88.0,75.8,100.0,88.0
2015-12-06,,,,,,,,,,,,,88.0,78.1,100.0,88.0
2015-12-07,,,,,,,,,,,,,88.0,80.4,100.0,88.0
2015-12-08,,,,,,,,,,,,,90.9,84.2,100.0,90.9
2015-12-09,99.4,74.8,90.3,,,,,,,,,,92.6,87.1,100.0,92.6
2015-12-10,100.0,73.2,86.9,,,,,,,,,,93.7,88.1,100.0,93.7
2015-12-11,,,,,,,100.0,100.0,88.6,,,,94.9,89.8,100.0,94.9
2015-12-12,,,,,,,,,,,,,98.9,90.4,100.0,98.9
2015-12-13,,,,,,,,,,,,,99.4,91.9,100.0,99.4
2015-12-14,,,,,,,,,,,,,100.0,92.5,100.0,100.0
2015-12-15,,,,,,,,,,,,,100.0,92.2,100.0,100.0
2015-12-16,,,,,,,,,,,,,100.0,92.5,100.0,100.0
2015-12-17,100.0,73.9,88.0,,,,,,,,,,99.4,93.7,100.0,99.4
2015-12-18,,,,,,,,,,,,,99.4,93.9,100.0,99.4
2015-12-19,,,,,,,,,,,,,99.4,93.6,100.0,99.4
2015-12-20,,,,,,,100.0,99.8,99.4,,,,99.4,94.9,100.0,99.4
2015-12-21,100.0,74.9,88.0,,,,,,,,,,99.4,95.0,100.0,99.4
2015-12-22,100.0,78.3,89.7,,,,,,,,,,99.4,95.3,100.0,99.4
2015-12-23,,,,,,,,,,,,,99.4,94.5,100.0,99.4
2015-12-24,,,,,,,,,,,,,99.4,94.6,100.0,99.4
2015-12-25,,,,,,,,,,,,,99.4,93.9,100.0,99.4
2015-12-26,,,,,,,,,,,,,99.4,93.7,100.0,99.4
2015-12-27,,,,,,,100.0,100.0,57.1,,,,99.4,93.4,100.0,99.4
2015-12-28,,,,,,,,,,,,,99.4,92.7,100.0,99.4
2015-12-29,100.0,79.6,60.6,,,,,,,,,,99.4,92.4,100.0,99.4
2015-12-30,,,,,,,,,,,,,99.4,92.7,100.0,99.4
2015-12-31,,,,,,,,,,,,,98.3,91.7,100.0,98.3
2016-01-01,,,,,,,,,,,,,100.0,92.7,100.0,100.0
2016-01-02,,,,,,,,,,,,,100.0,93.0,100.0,100.0
2016-01-03,100.0,84.7,91.2,,,,,,,,,,100.0,93.5,100.0,100.0
2016-01-04,,,,,,,,,,,,,100.0,92.1,100.0,100.0
2016-01-05,,,,,,,100.0,100.0,96.5,,,,98.8,93.6,100.0,98.8
2016-01-06,,,,,,,,,,,,,98.8,92.9,100.0,98.8
2016-01-07,,,,,,,,,,,,,99.4,93.6,100.0,99.4
2016-01-08,,,,,,,,,,,,,98.8,93.0,100.0,98.8
2016-01-09,,,,,,,,,,,,,98.8,92.2,100.0,98.8
2016-01-10,100.0,85.9,81.2,,,,,,,,,,98.8,92.3,100.0,98.8
2016-01-11,,,,,,,,,,,,,99.4,91.3,100.0,99.4
2016-01-12,,,,,,,,,,,,,99.4,90.9,100.0,99.4
2016-01-13,,,,,,,,,,,,,100.0,90.2,100.0,100.0
2016-01-14,100.0,93.2,95.3,,,,,,,,,,100.0,91.4,100.0,100.0
2016-01-15,100.0,96.1,93.5,,,,,,,,,,100.0,93.4,100.0,100.0
2016-01-16,,,,,,,,,,,,,100.0,93.1,100.0,100.0
2016-01-17,,,,,,,,,,,,,100.0,93.7,100.0,100.0
2016-01-18,,,,,,,,,,,,,100.0,95.3,100.0,100.0
2016-01-19,,,,,,,,,,,,,100.0,95.5,100.0,100.0
2016-01-20,,,,,,,,,,,,,100.0,95.2,100.0,100.0
2016-01-21,,,,,,,100.0,100.0,100.0,,,,100.0,96.8,100.0,100.0
2016-01-22,,,,,,,,,,,,,100.0,96.7,100.0,100.0
2016-01-23,,,,,,,,,,,,,100.0,97.4,100.0,100.0
2016-01-24,,,,,,,,,,,,,100.0,97.3,100.0,100.0
2016-01-25,,,,,,,,,,,,,100.0,97.2,100.0,100.0
2016-01-26,100.0,97.1,94.1,,,,,,,,,,100.0,97.0,100.0,100.0
2016-01-27,100.0,97.7,94.7,,,,,,,,,,100.0,97.0,100.0,100.0
2016-01-28,,,,,,,,,,,,,100.0,96.3,100.0,100.0
2016-01-29,,,,,,,,,,,,,100.0,95.2,100.0,100.0
2016-01-30,,,,,,,,,,,,,100.0,93.6,100.0,100.0
2016-01-31,,,,,,,,,,,,,100.0,94.3,100.0,100.0
2016-02-01,,,,,,,,,,,,,100.0,94.0,100.0,100.0
2016-02-02,,,,,,,,,,,,,100.0,94.1,100.0,100.0
2016-02-03,100.0,98.9,90.6,,,,,,,,,,100.0,95.2,100.0,100.0
2016-02-04,,,,,,,,,,,,,100.0,95.5,100.0,100.0
2016-02-05,,,,,,,,,,,,,100.0,95.5,100.0,100.0
2016-02-06,,,,,,,100.0,100.0,100.0,,,,100.0,96.4,100.0,100.0
2016-02-07,100.0,99.0,92.4,,,,,,,,,,100.0,95.9,100.0,100.0
2016-02-08,100.0,98.9,90.6,,,,,,,,,,100.0,96.0,100.0,100.0
2016-02-09,,,,,,,,,,,,,100.0,95.1,100.0,100.0
2016-02-10,,,,,,,,,,,,,100.0,93.5,100.0,100.0
2016-02-11,,,,,,,,,,,,,100.0,92.9,100.0,100.0
2016-02-12,,,,,,,,,,,,,100.0,92.3,100.0,100.0
2016-02-13,,,,,,,,,,,,,100.0,91.7,100.0,100.0
2016-02-14,,,,,,,,,,,,,100.0,89.3,100.0,100.0
2016-02-15,100.0,99.1,90.0,,,,,,,,,,100.0,89.8,100.0,100.0
2016-02-16,,,,,,,,,,,,,100.0,88.0,100.0,100.0
2016-02-17,,,,,,,,,,,,,100.0,87.4,100.0,100.0
2016-02-18,,,,,,,,,,,,,99.4,87.1,100.0,99.4
2016-02-19,100.0,98.9,90.6,,,,,,,,,,99.4,88.4,100.0,99.4
2016-02-20,100.0,99.4,84.7,,,,,,,,,,99.4,87.7,100.0,99.4
2016-02-21,,,,,,,,,,,,,99.4,85.1,100.0,99.4
2016-02-22,,,,,,,,,,,,,99.4,83.0,100.0,99.4
2016-02-23,,,,,,,,,,,,,99.4,84.1,100.0,99.4
2016-02-24,,,,,,,,,,,,,99.4,84.2,100.0,99.4
2016-02-25,,,,,,,,,,,,,99.4,83.4,100.0,99.4
2016-02-26,,,,,,,,,,,,,100.0,87.5,100.0,100.0
2016-02-27,100.0,99.3,84.1,,,,,,,,,,100.0,89.7,100.0,100.0
2016-02-28,,,,,,,,,,,,,100.0,89.5,100.0,100.0
2016-02-29,,,,,,,100.0,100.0,100.0,,,,100.0,91.2,100.0,100.0
2016-03-01,,,,,,,,,,,,,100.0,90.3,100.0,100.0
2016-03-02,100.0,99.3,85.3,,,,,,,,,,100.0,91.2,100.0,100.0
2016-03-03,100.0,99.1,84.7,,,,,,,,,,100.0,90.4,100.0,100.0
2016-03-04,,,,,,,,,,,,,100.0,86.3,100.0,100.0
2016-03-05,,,,,,,,,,,,,100.0,86.8,100.0,100.0
2016-03-06,,,,,,,,,,,,,100.0,88.2,100.0,100.0
2016-03-07,,,,,,,,,,,,,100.0,90.0,100.0,100.0
2016-03-08,,,,,,,,,,,,,100.0,90.2,100.0,100.0
2016-03-09,,,,,,,100.0,100.0,100.0,,,,100.0,93.8,100.0,100.0
2016-03-10,,,,,,,,,,,,,100.0,92.5,100.0,100.0
2016-03-11,,,,,,,,,,,,,100.0,94.4,100.0,100.0
2016-03-12,,,,,,,,,,,,,100.0,93.2,100.0,100.0
2016-03-13,,,,,,,,,,,,,100.0,93.4,100.0,100.0
2016-03-14,100.0,98.8,82.4,,,,,,,,,,100.0,92.8,100.0,100.0
2016-03-15,100.0,96.9,87.6,,,,,,,,,,100.0,92.8,100.0,100.0
2016-03-16,,,,,,,,,,,,,100.0,91.6,100.0,100.0
2016-03-17,,,,,,,,,,,,,100.0,89.3,100.0,100.0
2016-03-18,,,,,,,,,,,,,100.0,86.7,100.0,100.0
2016-03-19,,,,,,,,,,,,,100.0,82.3,100.0,100.0
2016-03-20,,,,,,,,,,,,,100.0,80.9,100.0,100.0
2016-03-21,,,,,,,,,,,,,100.0,77.1,100.0,100.0
2016-03-22,100.0,97.1,82.9,,,,,,,,,,100.0,79.3,100.0,100.0
2016-03-23,,,,,,,,,,,,,97.1,73.4,100.0,97.1
2016-03-24,,,,,,,,,,,,,99.4,75.9,100.0,99.4
2016-03-25,,,,,,,,,,,,,83.5,64.6,100.0,83.5
2016-03-26,100.0,96.9,69.4,,,,,,,,,,89.4,68.6,100.0,89.4
2016-03-27,100.0,90.7,87.6,,,,,,,,,,87.1,66.0,100.0,87.1
2016-03-28,,,,,,,,,,,,,77.1,62.5,100.0,77.1
2016-03-29,,,,,,,,,,,,,29.4,58.7,100.0,29.4
2016-03-30,,,,,,,,,,,,,52.9,60.3,100.0,52.9
2016-03-31,,,,,,,,,,,,,23.5,57.1,100.0,23.5
2016-04-01,,,,,,,,,,,,,16.5,53.9,100.0,16.5
2016-04-02,,,,,,,,,,,,,54.1,58.0,100.0,54.1
2016-04-03,,,,,,,,,,,,,62.9,58.4,100.0,62.9
2016-04-04,,,,,,,,,,,,,86.5,64.7,100.0,86.5
2016-04-05,,,,,,,,,,,,,80.0,62.6,100.0,80.0
2016-04-06,,,,,,,,,,,,,86.5,69.6,100.0,86.5
2016-04-07,100.0,89.7,87.6,,,,,,,,,,86.5,73.3,100.0,86.5
2016-04-08,99.3,85.7,87.6,,,,,,,,,,86.5,77.5,100.0,86.5
2016-04-09,,,,,,,,,,,,,86.5,74.9,100.0,86.5
2016-04-10,,,,,,,100.0,99.9,86.5,,,,87.6,80.0,100.0,87.6
2016-04-11,,,,,,,,,,,,,86.5,78.0,100.0,86.5
2016-04-12,,,,,,,,,,,,,87.6,79.2,100.0,87.6
2016-04-13,,,,,,,,,,,,,86.5,75.4,100.0,86.5
2016-04-14,,,,,,,,,,,,,87.6,76.2,100.0,87.6
2016-04-15,,,,,,,,,,,,,87.6,75.0,100.0,87.6
2016-04-16,,,,,,,,,,,,,87.6,74.8,100.0,87.6
2016-04-17,,,,,,,,,,,,,87.6,72.7,100.0,87.6
2016-04-18,,,,,,,,,,,,,87.6,67.8,100.0,87.6
2016-04-19,100.0,89.5,91.8,,,,,,,,,,87.1,65.9,100.0,87.1
2016-04-20,100.0,87.7,92.4,,,,,,,,,,42.4,58.2,100.0,42.4
2016-04-21,,,,,,,,,,,,,6.5,49.2,100.0,6.5
2016-04-22,,,,,,,,,,,,,3.5,39.7,100.0,3.5
2016-04-23,,,,,,,,,,,,,3.5,38.4,100.0,3.5
2016-04-24,,,,,,,,,,,,,3.5,37.9,100.0,3.5
2016-04-25,,,,,,,,,,,,,3.5,36.2,100.0,3.5
2016-04-26,,,,,,,,,,,,,1.2,32.9,100.0,1.2
2016-04-27,,,,,,,,,,,,,5.9,35.1,100.0,5.9
2016-04-28,,,,,,,,,,,,,6.5,43.9,100.0,6.5
2016-04-29,,,,,,,,,,,,,5.9,37.5,100.0,5.9
2016-04-30,,,,,,,,,,,,,5.9,46.1,100.0,5.9
2016-05-01,100.0,87.5,91.8,,,,,,,,,,5.9,42.1,100.0,5.9
2016-05-02,100.0,87.4,92.4,,,,,,,,,,7.6,51.9,100.0,7.6
2016-05-03,,,,,,,,,,,,,2.4,37.4,100.0,2.4
2016-05-04,,,,,,,,,,,,,0.0,39.9,100.0,0.0
2016-05-05,,,,,,,,,,,,,0.0,31.5,100.0,0.0
2016-05-06,,,,,,,,,,,,,0.0,36.2,100.0,0.0
2016-05-07,,,,,,,,,,,,,0.0,27.6,100.0,0.0
2016-05-08,,,,,,,,,,,,,0.0,30.5,100.0,0.0
2016-05-09,,,,,,,,,,,,,0.0,25.8,100.0,0.0
2016-05-10,,,,,,,,,,,,,0.0,30.3,100.0,0.0
2016-05-11,,,,,,,,,,,,,0.0,25.0,100.0,0.0
2016-05-12,,,,,,,,,,,,,0.0,28.5,100.0,0.0
2016-05-13,100.0,90.3,92.4,,,,,,,,,,0.0,29.2,100.0,0.0
2016-05-14,100.0,89.7,92.4,,,,,,,,,,0.0,33.8,100.0,0.0
2016-05-15,,,,,,,,,,,,,0.0,26.8,100.0,0.0
2016-05-16,,,,,,,,,,,,,0.0,31.6,100.0,0.0
2016-05-17,,,,,,,,,,,,,0.0,30.0,100.0,0.0
2016-05-18,,,,,,,,,,,,,0.0,33.7,100.0,0.0
2016-05-19,,,,,,,,,,,,,0.0,27.7,100.0,0.0
2016-05-20,,,,,,,,,,,,,0.0,34.8,100.0,0.0
2016-05-21,,,,,,,,,,,,,0.0,28.8,100.0,0.0
2016-05-22,,,,,,,,,,,,,0.0,38.7,100.0,0.0
2016-05-23,,,,,,,,,,,,,0.0,36.1,100.0,0.0
2016-05-24,,,,,,,,,,,,,40.6,43.9,100.0,40.6
2016-05-25,100.0,90.8,92.4,,,,,,,,,,40.0,42.5,100.0,40.0
2016-05-26,100.0,88.2,91.2,,,,,,,,,,44.1,43.9,100.0,44.1
2016-05-27,,,,,,,,,,,,,41.8,41.7,100.0,41.8
2016-05-28,,,,,,,100.0,99.2,51.8,,,,44.7,44.3,100.0,44.7
2016-05-29,,,,,,,,,,,,,24.7,37.3,100.0,24.7
2016-05-30,,,,,,,,,,,,,17.6,35.7,100.0,17.6
2016-05-31,,,,,,,,,,,,,7.1,34.5,100.0,7.1
2016-06-01,,,,,,,,,,,,,0.0,31.8,100.0,0.0
2016-06-02,100.0,87.1,91.8,,,,,,,,,,0.0,29.7,100.0,0.0
2016-06-03,,,,,,,,,,,,,0.0,24.2,100.0,0.0
2016-06-04,,,,,,,,,,,,,0.0,24.7,100.0,0.0
2016-06-05,,,,,,,,,,,,,0.0,18.6,100.0,0.0
2016-06-06,100.0,82.4,92.4,,,,,,,,,,0.0,17.8,100.0,0.0
2016-06-07,100.0,75.0,92.4,,,,,,,,,,0.0,14.0,100.0,0.0
2016-06-08,,,,,,,,,,,,,0.0,14.1,100.0,0.0
2016-06-09,,,,,,,,,,,,,0.0,13.0,100.0,0.0
2016-06-10,,,,,,,,,,,,,0.0,10.7,100.0,0.0
2016-06-11,,,,,,,,,,,,,0.0,8.9,100.0,0.0
2016-06-12,,,,,,,,,,,,,0.0,9.8,100.0,0.0
2016-06-13,,,,,,,,,,,,,0.0,8.9,100.0,0.0
2016-06-14,99.3,65.3,85.9,,,,,,,,,,0.0,9.4,100.0,0.0
2016-06-15,,,,,,,,,,,,,0.0,8.9,100.0,0.0
2016-06-16,,,,,,,,,,,,,0.0,9.7,100.0,0.0
2016-06-17,,,,,,,,,,,,,0.0,11.5,100.0,0.0
2016-06-18,,,,,,,,,,,,,0.0,10.9,100.0,0.0
2016-06-19,,,,,,,,,,,,,0.0,10.7,100.0,0.0
2016-06-20,,,,,,,,,,,,,0.0,10.3,100.0,0.0
2016-06-21,,,,,,,,,,,,,0.0,10.1,100.0,0.0
2016-06-22,,,,,,,,,,,,,0.0,6.2,100.0,0.0
2016-06-23,,,,,,,,,,,,,0.0,5.2,100.0,0.0
2016-06-24,,,,0.0,0.4,100.0,,,,,,,0.0,4.6,100.0,0.0
2016-06-25,,,,,,,,,,,,,0.0,5.3,100.0,0.0
2016-06-26,,,,,,,,,,,,,0.0,4.6,100.0,0.0
2016-06-27,,,,,,,,,,,,,0.0,4.2,100.0,0.0
2016-06-28,,,,,,,,,,,,,0.0,3.2,100.0,0.0
2016-06-29,,,,,,,,,,,,,0.0,3.0,100.0,0.0
2016-06-30,91.6,56.2,91.2,,,,,,,,,,0.0,2.1,100.0,0.0
2016-07-01,65.6,46.0,88.8,,,,,,,,,,0.0,1.7,100.0,0.0
2016-07-02,,,,,,,,,,,,,0.0,1.7,100.0,0.0
2016-07-03,,,,,,,,,,,,,0.0,1.9,100.0,0.0
2016-07-04,,,,,,,,,,,,,0.0,1.8,100.0,0.0
2016-07-05,,,,,,,,,,,,,0.0,1.9,100.0,0.0
2016-07-06,,,,,,,0.0,0.0,68.8,,,,0.0,2.0,100.0,0.0
2016-07-07,,,,,,,,,,,,,0.0,2.0,100.0,0.0
2016-07-08,53.4,40.1,85.9,,,,,,,,,,0.0,2.1,100.0,0.0
2016-07-09,,,,,,,,,,,,,0.0,1.9,100.0,0.0
2016-07-10,,,,,,,,,,,,,0.0,2.7,100.0,0.0
2016-07-11,,,,,,,,,,,,,0.0,2.7,100.0,0.0
2016-07-12,,,,,,,,,,,,,0.0,2.4,100.0,0.0
2016-07-13,55.3,41.0,89.4,,,,,,,,,,0.0,2.6,100.0,0.0
2016-07-14,,,,,,,,,,,,,0.0,3.5,100.0,0.0
2016-07-15,,,,,,,0.0,0.2,43.5,,,,0.0,4.0,100.0,0.0
2016-07-16,,,,,,,,,,,,,0.0,4.0,100.0,0.0
2016-07-17,,,,,,,,,,,,,0.0,3.7,100.0,0.0
2016-07-18,,,,,,,,,,,,,0.0,4.1,100.0,0.0
2016-07-19,,,,,,,,,,,,,0.0,3.8,100.0,0.0
2016-07-20,59.0,42.3,84.7,,,,,,,,,,0.0,2.2,100.0,0.0
2016-07-21,,,,,,,,,,,,,0.0,1.8,100.0,0.0
2016-07-22,,,,,,,,,,,,,0.0,2.5,100.0,0.0
2016-07-23,,,,,,,,,,,,,0.0,3.0,100.0,0.0
2016-07-24,62.4,46.9,87.6,,,,,,,,,,0.0,1.9,100.0,0.0
2016-07-25,54.0,41.3,88.2,,,,,,,,,,0.0,1.8,100.0,0.0
2016-07-26,,,,,,,,,,,,,0.0,1.6,100.0,0.0
2016-07-27,,,,,,,,,,,,,0.0,2.1,100.0,0.0
2016-07-28,,,,,,,,,,,,,0.0,1.3,100.0,0.0
2016-07-29,,,,,,,,,,,,,0.0,1.2,100.0,0.0
2016-07-30,,,,,,,,,,,,,0.0,0.7,100.0,0.0
2016-07-31,,,,,,,,,,,,,0.0,0.6,100.0,0.0
2016-08-01,66.7,49.1,84.7,,,,,,,,,,0.0,0.4,100.0,0.0
2016-08-02,,,,,,,,,,,,,0.0,0.3,100.0,0.0
2016-08-03,,,,0.0,0.0,100.0,,,,,,,0.0,0.2,100.0,0.0
2016-08-04,,,,,,,,,,,,,0.0,0.1,100.0,0.0
2016-08-05,62.2,46.1,87.1,,,,,,,,,,0.0,0.1,100.0,0.0
2016-08-06,60.7,46.0,85.3,,,,,,,,,,0.0,0.1,100.0,0.0
2016-08-07,,,,,,,0.0,0.0,100.0,,,,0.0,0.1,100.0,0.0
2016-08-08,,,,,,,,,,,,,0.0,0.1,100.0,0.0
2016-08-09,,,,,,,,,,,,,0.0,0.1,100.0,0.0
2016-08-10,,,,,,,,,,,,,0.0,0.0,100.0,0.0
2016-08-11,,,,,,,,,,,,,0.0,0.1,100.0,0.0
2016-08-12,,,,,,,,,,,,,0.0,0.1,100.0,0.0
2016-08-13,65.5,48.2,87.1,,,,,,,,,,0.0,0.1,100.0,0.0
2016-08-14,,,,,,,,,,,,,0.0,0.1,100.0,0.0
2016-08-15,,,,,,,,,,,,,0.0,0.1,100.0,0.0
2016-08-16,,,,,,,0.0,0.0,80.6,,,,0.0,0.1,100.0,0.0
2016-08-17,57.6,46.1,88.8,,,,,,,,,,0.0,0.1,100.0,0.0
2016-08-18,51.7,40.9,88.8,,,,,,,,,,0.0,0.1,100.0,0.0
2016-08-19,,,,,,,,,,,,,0.0,0.0,100.0,0.0
2016-08-20,,,,,,,,,,,,,0.0,0.0,100.0,0.0
2016-08-21,,,,,,,,,,,,,0.0,0.0,100.0,0.0
2016-08-22,,,,,,,,,,,,,0.0,0.0,100.0,0.0
2016-08-23,,,,0.0,0.0,100.0,0.0,0.0,100.0,,,,0.0,0.0,100.0,0.0
2016-08-24,,,,,,,,,,,,,0.0,0.0,100.0,0.0
2016-08-25,57.8,46.7,86.5,,,,,,,,,,0.0,0.0,100.0,0.0
2016-08-26,,,,,,,,,,,,,0.0,0.0,100.0,0.0
2016-08-27,,,,,,,,,,,,,0.0,0.0,100.0,0.0
2016-08-28,,,,,,,,,,,,,0.0,0.0,100.0,0.0
2016-08-29,58.3,45.5,88.8,,,,,,,,,,0.0,0.0,100.0,0.0
2016-08-30,49.3,39.7,87.1,,,,,,,,,,0.0,0.0,100.0,0.0
2016-08-31,,,,,,,,,,,,,0.0,0.1,100.0,0.0
2016-09-01,,,,,,,,,,,,,0.0,0.1,100.0,0.0
2016-09-02,,,,,,,,,,,,,0.0,0.1,100.0,0.0
2016-09-03,,,,,,,,,,,,,0.0,0.1,100.0,0.0
2016-09-04,,,,,,,,,,,,,0.0,0.1,100.0,0.0
2016-09-05,,,,,,,,,,,,,0.0,0.1,100.0,0.0
2016-09-06,48.6,39.0,87.1,,,,,,,,,,0.0,0.0,100.0,0.0
2016-09-07,,,,,,,,,,,,,0.0,0.0,100.0,0.0
2016-09-08,,,,,,,0.0,0.0,100.0,,,,0.0,0.0,100.0,0.0
2016-09-09,,,,,,,,,,,,,0.0,0.1,100.0,0.0
2016-09-10,41.8,33.9,90.0,,,,,,,,,,0.0,0.0,100.0,0.0
2016-09-11,33.6,29.3,89.4,,,,,,,,,,0.0,0.1,100.0,0.0
2016-09-12,,,,,,,,,,,,,0.0,0.0,100.0,0.0
2016-09-13,,,,,,,,,,,,,0.0,0.1,100.0,0.0
2016-09-14,,,,,,,,,,,,,0.0,0.1,100.0,0.0
2016-09-15,,,,,,,,,,,,,0.0,0.1,100.0,0.0
2016-09-16,,,,,,,,,,,,,0.0,0.2,100.0,0.0
2016-09-17,,,,,,,,,,,,,0.0,0.2,100.0,0.0
2016-09-18,22.0,26.3,88.2,,,,,,,,,,0.0,0.3,100.0,0.0
2016-09-19,,,,,,,,,,,,,0.0,0.3,100.0,0.0
2016-09-20,,,,,,,,,,,,,0.0,0.4,100.0,0.0
2016-09-21,,,,,,,,,,,,,0.0,0.4,100.0,0.0
2016-09-22,19.3,25.9,88.2,,,,,,,,,,0.0,0.5,100.0,0.0
2016-09-23,11.5,23.6,87.1,,,,,,,,,,0.0,0.5,100.0,0.0
2016-09-24,,,,,,,,,,,,,0.0,0.6,100.0,0.0
2016-09-25,,,,,,,,,,,,,0.0,0.5,100.0,0.0
2016-09-26,,,,,,,,,,,,,0.0,0.7,100.0,0.0
2016-09-27,,,,,,,,,,,,,0.0,0.5,100.0,0.0
2016-09-28,15.0,26.3,90.0,,,,,,,,,,0.0,0.4,100.0,0.0
2016-09-29,19.0,24.8,86.5,,,,,,,,,,0.0,0.3,100.0,0.0
2016-09-30,28.4,30.5,87.1,,,,,,,,,,0.0,0.3,100.0,0.0
2016-10-01,,,,,,,,,,,,,0.0,0.3,100.0,0.0
2016-10-02,,,,,,,,,,,,,0.0,0.4,100.0,0.0
2016-10-03,,,,,,,0.0,0.0,99.4,,,,0.0,0.3,100.0,0.0
2016-10-04,34.2,32.9,87.6,,,,,,,,,,0.0,0.4,100.0,0.0
2016-10-05,13.2,22.3,88.8,,,,,,,,,,0.0,0.6,100.0,0.0
2016-10-06,15.5,24.1,87.1,,,,,,,,,,0.0,0.5,100.0,0.0
2016-10-07,,,,,,,,,,,,,0.0,0.4,100.0,0.0
2016-10-08,,,,,,,,,,,,,0.0,0.4,100.0,0.0
2016-10-09,,,,,,,,,,,,,0.0,0.6,100.0,0.0
2016-10-10,16.9,24.1,90.6,,,,0.0,0.0,100.0,,,,0.0,0.8,100.0,0.0
2016-10-11,25.0,26.8,89.4,,,,,,,,,,0.0,0.7,100.0,0.0
2016-10-12,18.8,24.1,87.6,0.0,0.0,100.0,,,,,,,0.0,0.6,100.0,0.0
2016-10-13,,,,,,,,,,,,,0.0,0.8,100.0,0.0
2016-10-14,,,,,,,,,,,,,0.0,1.2,100.0,0.0
2016-10-15,,,,,,,,,,,,,0.0,0.9,100.0,0.0
2016-10-16,29.6,27.4,89.4,,,,,,,,,,0.0,0.8,100.0,0.0
2016-10-17,31.1,26.0,87.1,,,,,,,,,,0.0,0.9,100.0,0.0
2016-10-18,31.5,28.3,87.6,,,,,,,,,,0.0,1.8,100.0,0.0
2016-10-19,,,,,,,,,,,,,0.0,1.9,100.0,0.0
2016-10-20,,,,,,,,,,,,,0.0,2.1,100.0,0.0
2016-10-21,,,,,,,,,,,,,0.0,1.9,100.0,0.0
2016-10-22,34.2,29.9,89.4,0.0,0.5,100.0,,,,,,,0.0,2.6,100.0,0.0
2016-10-23,39.6,34.9,87.6,,,,,,,,,,0.0,2.3,100.0,0.0
2016-10-24,40.9,36.2,90.6,,,,,,,,,,0.0,2.3,100.0,0.0
2016-10-25,,,,,,,,,,,,,0.0,1.8,100.0,0.0
2016-10-26,,,,,,,,,,,,,0.0,3.1,100.0,0.0
2016-10-27,,,,,,,,,,,,,0.0,2.9,100.0,0.0
2016-10-28,34.2,30.6,91.2,,,,,,,,,,0.0,3.6,100.0,0.0
2016-10-29,8.6,20.2,88.8,,,,,,,,,,0.0,3.3,100.0,0.0
2016-10-30,14.1,22.9,87.6,,,,,,,,,,0.0,4.5,100.0,0.0
2016-10-31,,,,,,,,,,,,,0.0,4.3,100.0,0.0
2016-11-01,,,,0.0,2.1,100.0,,,,,,,0.0,4.9,100.0,0.0
2016-11-02,,,,,,,,,,,,,0.0,4.5,100.0,0.0
2016-11-03,4.6,15.1,89.4,,,,,,,,,,0.0,6.2,100.0,0.0
2016-11-04,5.8,17.5,91.2,,,,,,,,,,0.0,6.3,100.0,0.0
2016-11-05,1.5,11.9,79.4,,,,,,,,,,0.0,7.6,100.0,0.0
2016-11-06,,,,,,,,,,,,,0.0,10.0,100.0,0.0
2016-11-07,,,,,,,,,,,,,0.0,14.1,100.0,0.0
2016-11-08,,,,,,,,,,,,,0.0,16.6,100.0,0.0
2016-11-09,17.6,27.9,93.5,,,,,,,,,,0.0,24.1,100.0,0.0
2016-11-10,24.5,29.3,86.5,,,,,,,,,,0.0,30.1,100.0,0.0
2016-11-11,28.4,33.4,91.2,,,,,,,,,,1.2,38.7,100.0,1.2
2016-11-12,,,,,,,,,,,,,4.7,44.9,100.0,4.7
2016-11-13,,,,,,,,,,,,,25.9,53.2,100.0,25.9
2016-11-14,,,,,,,,,,,,,64.7,59.0,100.0,64.7
2016-11-15,,,,,,,,,,,,,74.1,62.0,100.0,74.1
2016-11-16,51.7,42.0,88.8,,,,,,,,,,78.2,64.0,100.0,78.2
2016-11-17,77.1,50.5,90.0,,,,,,,,,,88.8,70.7,100.0,88.8
2016-11-18,,,,,,,,,,,,,88.8,71.1,100.0,88.8
2016-11-19,,,,,,,,,,,,,88.2,70.7,100.0,88.2
2016-11-20,,,,,,,96.5,91.6,100.0,,,,90.6,75.2,100.0,90.6
2016-11-21,90.4,65.3,91.8,,,,,,,,,,90.0,76.7,100.0,90.0
2016-11-22,87.8,65.8,91.8,,,,,,,,,,94.7,81.8,100.0,94.7
2016-11-23,92.8,67.9,90.0,,,,,,,,,,95.9,82.6,100.0,95.9
2016-11-24,,,,,,,,,,,,,97.1,83.7,100.0,97.1
2016-11-25,,,,,,,,,,,,,98.8,86.8,100.0,98.8
2016-11-26,,,,,,,,,,,,,100.0,89.3,100.0,100.0
2016-11-27,96.2,76.2,92.4,,,,,,,,,,100.0,91.8,100.0,100.0
2016-11-28,95.6,74.5,92.9,,,,,,,,,,100.0,92.2,100.0,100.0
2016-11-29,98.1,75.8,93.5,,,,,,,,,,100.0,94.2,100.0,100.0
2016-11-30,,,,,,,,,,,,,100.0,95.8,100.0,100.0
2016-12-01,,,,98.8,86.9,100.0,,,,,,,100.0,96.9,100.0,100.0
2016-12-02,,,,,,,,,,,,,100.0,96.7,100.0,100.0
2016-12-03,96.9,76.9,94.1,,,,,,,,,,100.0,97.9,100.0,100.0
2016-12-04,98.8,77.3,94.1,,,,,,,,,,100.0,98.2,100.0,100.0
2016-12-05,99.4,80.1,92.4,,,,,,,,,,100.0,98.5,100.0,100.0
2016-12-06,,,,,,,100.0,100.0,100.0,,,,100.0,98.9,100.0,100.0
2016-12-07,,,,,,,,,,,,,100.0,99.0,100.0,100.0
2016-12-08,,,,,,,,,,,,,100.0,99.1,100.0,100.0
2016-12-09,100.0,82.6,94.1,,,,,,,,,,100.0,99.1,100.0,100.0
2016-12-10,100.0,84.6,93.5,,,,,,,,,,100.0,99.0,100.0,100.0
2016-12-11,100.0,87.6,91.2,,,,,,,,,,100.0,99.1,100.0,100.0
2016-12-12,,,,,,,,,,,,,100.0,99.0,100.0,100.0
2016-12-13,,,,,,,100.0,100.0,58.8,,,,100.0,99.1,100.0,100.0
2016-12-14,,,,,,,,,,,,,100.0,98.9,100.0,100.0
2016-12-15,100.0,90.9,93.5,,,,,,,,,,100.0,99.0,100.0,100.0
2016-12-16,100.0,94.8,92.9,,,,,,,,,,100.0,99.1,100.0,100.0
2016-12-17,100.0,96.8,90.0,,,,,,,,,,100.0,99.1,100.0,100.0
2016-12-18,,,,,,,,,,,,,100.0,99.0,100.0,100.0
2016-12-19,,,,,,,,,,,,,100.0,99.3,100.0,100.0
2016-12-20,,,,,,,,,,,,,100.0,99.3,100.0,100.0
2016-12-21,100.0,98.1,90.0,,,,,,,,,,100.0,99.4,100.0,100.0
2016-12-22,100.0,98.6,89.4,,,,100.0,100.0,100.0,,,,100.0,99.5,100.0,100.0
2016-12-23,100.0,99.2,90.0,,,,,,,,,,100.0,99.5,100.0,100.0
2016-12-24,,,,,,,,,,,,,100.0,99.5,100.0,100.0
2016-12-25,,,,,,,,,,,,,100.0,99.5,100.0,100.0
2016-12-26,,,,,,,,,,,,,100.0,99.5,100.0,100.0
2016-12-27,100.0,99.3,90.0,,,,,,,,,,100.0,99.6,100.0,100.0
2016-12-28,100.0,99.5,88.8,,,,,,,,,,100.0,99.4,100.0,100.0
2016-12-29,100.0,99.4,87.6,,,,100.0,100.0,99.4,,,,100.0,99.5,100.0,100.0
2016-12-30,,,,,,,,,,,,,100.0,99.4,100.0,100.0
2016-12-31,,,,100.0,94.2,100.0,,,,,,,100.0,99.5,100.0,100.0
2017-01-01,,,,,,,,,,,,,100.0,99.4,100.0,100.0
2017-01-02,100.0,99.7,91.5,,,,,,,,,,100.0,99.3,100.0,100.0
2017-01-03,100.0,99.7,89.7,,,,,,,,,,100.0,99.2,100.0,100.0
2017-01-04,100.0,99.7,87.3,,,,,,,,,,100.0,99.3,100.0,100.0
2017-01-05,,,,,,,,,,,,,100.0,99.1,100.0,100.0
2017-01-06,,,,,,,,,,,,,100.0,99.0,100.0,100.0
2017-01-07,,,,,,,100.0,100.0,99.4,,,,100.0,99.0,100.0,100.0
2017-01-08,100.0,99.8,88.5,,,,,,,,,,100.0,99.0,100.0,100.0
2017-01-09,100.0,99.8,88.5,,,,,,,,,,100.0,98.8,100.0,100.0
2017-01-10,100.0,99.8,87.9,,,,,,,,,,100.0,98.7,100.0,100.0
2017-01-11,,,,,,,,,,,,,100.0,98.2,100.0,100.0
2017-01-12,,,,,,,,,,,,,100.0,98.0,100.0,100.0
2017-01-13,,,,,,,,,,,,,100.0,97.6,100.0,100.0
2017-01-14,100.0,99.8,92.1,,,,,,,,,,100.0,97.7,100.0,100.0
2017-01-15,100.0,99.8,89.7,,,,,,,,,,100.0,97.5,100.0,100.0
2017-01-16,100.0,99.8,86.7,,,,,,,,,,100.0,97.4,100.0,100.0
2017-01-17,,,,,,,,,,,,,100.0,97.8,100.0,100.0
2017-01-18,,,,,,,,,,,,,100.0,97.9,100.0,100.0
2017-01-19,,,,,,,,,,,,,100.0,98.1,100.0,100.0
2017-01-20,100.0,99.7,90.9,,,,,,,,,,100.0,98.7,100.0,100.0
2017-01-21,100.0,99.8,90.3,,,,,,,,,,100.0,98.8,100.0,100.0
2017-01-22,100.0,99.8,86.1,,,,,,,,,,100.0,98.8,100.0,100.0
2017-01-23,,,,,,,100.0,100.0,100.0,,,,100.0,99.0,100.0,100.0
2017-01-24,,,,,,,,,,,,,100.0,98.9,100.0,100.0
2017-01-25,,,,,,,,,,,,,100.0,99.0,100.0,100.0
2017-01-26,100.0,99.8,90.3,,,,,,,,,,100.0,99.1,100.0,100.0
2017-01-27,100.0,99.7,88.5,,,,,,,,,,100.0,98.7,100.0,100.0
2017-01-28,100.0,99.6,84.8,,,,,,,,,,100.0,98.6,100.0,100.0
2017-01-29,,,,,,,,,,,,,100.0,98.2,100.0,100.0
2017-01-30,,,,,,,,,,,,,100.0,98.1,100.0,100.0
2017-01-31,,,,,,,,,,,,,100.0,96.9,100.0,100.0
2017-02-01,100.0,99.5,93.3,,,,,,,,,,100.0,97.0,100.0,100.0
2017-02-02,100.0,99.6,91.5,,,,,,,,,,100.0,96.0,100.0,100.0
2017-02-03,100.0,99.6,73.3,,,,,,,,,,100.0,96.0,100.0,100.0
2017-02-04,,,,,,,,,,,,,100.0,94.1,100.0,100.0
2017-02-05,,,,,,,,,,,,,100.0,94.7,100.0,100.0
2017-02-06,,,,,,,,,,,,,100.0,94.0,100.0,100.0
2017-02-07,100.0,99.6,92.1,,,,,,,,,,100.0,95.9,100.0,100.0
2017-02-08,100.0,99.6,93.3,,,,,,,,,,100.0,95.7,100.0,100.0
2017-02-09,100.0,99.7,87.3,,,,,,,,,,100.0,97.3,100.0,100.0
2017-02-10,,,,,,,,,,,,,100.0,96.7,100.0,100.0
2017-02-11,,,,,,,,,,,,,100.0,97.7,100.0,100.0
2017-02-12,,,,,,,,,,,,,100.0,98.1,100.0,100.0
2017-02-13,100.0,99.7,89.7,,,,,,,,,,100.0,98.8,100.0,100.0
2017-02-14,100.0,99.7,91.5,,,,,,,,,,100.0,98.7,100.0,100.0
2017-02-15,100.0,99.7,72.1,,,,100.0,100.0,100.0,,,,100.0,99.2,100.0,100.0
2017-02-16,,,,,,,,,,,,,100.0,98.8,100.0,100.0
2017-02-17,,,,,,,,,,,,,100.0,99.1,100.0,100.0
2017-02-18,,,,,,,,,,,,,100.0,98.8,100.0,100.0
2017-02-19,100.0,99.8,90.9,84.2,70.5,100.0,,,,,,,100.0,98.9,100.0,100.0
2017-02-20,100.0,99.7,91.5,,,,,,,,,,100.0,98.4,100.0,100.0
2017-02-21,100.0,99.7,88.5,,,,,,,,,,100.0,98.5,100.0,100.0
2017-02-22,,,,,,,,,,,,,100.0,97.8,100.0,100.0
2017-02-23,,,,,,,,,,,,,100.0,97.2,100.0,100.0
2017-02-24,,,,,,,,,,,,,100.0,95.7,100.0,100.0
2017-02-25,100.0,99.7,92.1,,,,,,,,,,100.0,96.2,100.0,100.0
2017-02-26,100.0,99.7,92.7,,,,,,,,,,99.4,95.3,100.0,99.4
2017-02-27,100.0,99.7,90.3,,,,,,,,,,99.4,94.7,100.0,99.4
2017-02-28,,,,,,,,,,,,,99.4,92.1,100.0,99.4
2017-03-01,,,,,,,,,,,,,99.4,92.4,100.0,99.4
2017-03-02,,,,,,,,,,,,,99.4,91.9,100.0,99.4
2017-03-03,100.0,99.6,91.5,,,,,,,,,,98.8,90.3,100.0,98.8
2017-03-04,100.0,99.6,91.5,,,,,,,,,,99.4,89.9,100.0,99.4
2017-03-05,100.0,99.5,89.7,,,,,,,,,,99.4,92.3,100.0,99.4
2017-03-06,,,,,,,,,,,,,99.4,90.3,100.0,99.4
2017-03-07,,,,,,,,,,,,,99.4,90.2,100.0,99.4
2017-03-08,,,,,,,,,,,,,98.8,90.9,100.0,98.8
2017-03-09,100.0,99.3,90.9,,,,,,,,,,100.0,93.4,100.0,100.0
2017-03-10,100.0,98.7,92.7,,,,,,,,,,100.0,93.4,100.0,100.0
2017-03-11,100.0,97.9,89.7,,,,,,,,,,100.0,94.3,100.0,100.0
2017-03-12,,,,,,,,,,,,,100.0,93.7,100.0,100.0
2017-03-13,,,,,,,,,,,,,100.0,95.2,100.0,100.0
2017-03-14,,,,,,,,,,,,,100.0,94.2,100.0,100.0
2017-03-15,100.0,97.0,92.1,,,,,,,,,,100.0,95.7,100.0,100.0
2017-03-16,100.0,94.8,94.5,,,,,,,,,,100.0,96.1,100.0,100.0
2017-03-17,100.0,91.5,95.2,,,,,,,,,,100.0,96.9,100.0,100.0
2017-03-18,,,,,,,,,,,,,100.0,96.0,100.0,100.0
2017-03-19,,,,,,,100.0,100.0,100.0,,,,100.0,97.4,100.0,100.0
2017-03-20,,,,,,,,,,,,,100.0,96.5,100.0,100.0
2017-03-21,100.0,87.8,91.5,,,,,,,,,,100.0,97.2,100.0,100.0
2017-03-22,100.0,79.4,92.7,,,,,,,,,,100.0,96.3,100.0,100.0
2017-03-23,100.0,79.7,95.2,,,,,,,,,,100.0,96.0,100.0,100.0
2017-03-24,,,,,,,,,,,,,100.0,94.9,100.0,100.0
2017-03-25,,,,,,,,,,,,,100.0,95.9,100.0,100.0
2017-03-26,,,,,,,,,,,,,100.0,95.1,100.0,100.0
2017-03-27,98.7,76.9,95.8,,,,,,,,,,100.0,95.8,100.0,100.0
2017-03-28,88.6,66.0,95.8,,,,100.0,100.0,100.0,,,,100.0,95.9,100.0,100.0
2017-03-29,79.0,59.8,95.2,,,,,,,,,,100.0,95.8,100.0,100.0
2017-03-30,,,,,,,,,,,,,100.0,95.2,100.0,100.0
2017-03-31,,,,,,,,,,,,,100.0,94.8,100.0,100.0
2017-04-01,,,,,,,,,,,,,100.0,92.8,100.0,100.0
2017-04-02,81.4,63.8,94.5,,,,,,,,,,100.0,93.0,100.0,100.0
2017-04-03,86.1,66.2,95.8,,,,,,,,,,100.0,92.0,100.0,100.0
2017-04-04,86.1,63.9,95.8,,,,,,,,,,100.0,91.9,100.0,100.0
2017-04-05,,,,,,,,,,,,,100.0,89.2,100.0,100.0
2017-04-06,,,,,,,,,,,,,100.0,89.2,100.0,100.0
2017-04-07,,,,,,,,,,,,,99.4,89.3,100.0,99.4
2017-04-08,86.6,65.6,95.2,,,,,,,,,,98.2,89.2,100.0,98.2
2017-04-09,94.1,72.5,92.1,,,,,,,,,,98.2,88.2,100.0,98.2
2017-04-10,98.1,77.5,94.5,,,,,,,,,,98.2,89.8,100.0,98.2
2017-04-11,,,,,,,,,,,,,98.2,90.2,100.0,98.2
2017-04-12,,,,,,,,,,,,,98.2,91.0,100.0,98.2
2017-04-13,,,,,,,100.0,99.7,98.2,,,,98.2,91.7,100.0,98.2
2017-04-14,99.4,81.4,95.2,,,,,,,,,,98.2,91.8,100.0,98.2
2017-04-15,99.3,81.8,91.5,,,,,,,,,,98.2,91.8,100.0,98.2
2017-04-16,100.0,83.8,89.1,,,,,,,,,,98.2,91.3,100.0,98.2
2017-04-17,,,,,,,,,,,,,98.2,89.7,100.0,98.2
2017-04-18,,,,,,,,,,,,,98.2,89.3,100.0,98.2
2017-04-19,,,,,,,,,,,,,98.2,88.8,100.0,98.2
2017-04-20,99.3,79.4,89.7,,,,100.0,99.4,63.0,,,,98.2,89.9,100.0,98.2
2017-04-21,99.3,74.0,90.3,,,,,,,,,,98.2,87.4,100.0,98.2
2017-04-22,95.2,66.6,88.5,,,,,,,,,,97.6,85.6,100.0,97.6
2017-04-23,,,,,,,,,,,,,98.2,83.3,100.0,98.2
2017-04-24,,,,,,,,,,,,,98.2,82.2,100.0,98.2
2017-04-25,,,,,,,,,,,,,100.0,80.0,100.0,100.0
2017-04-26,82.4,56.5,89.7,,,,,,,,,,100.0,80.1,100.0,100.0
2017-04-27,53.4,43.4,89.7,,,,,,,,,,100.0,80.9,100.0,100.0
2017-04-28,40.9,39.6,90.3,,,,,,,,,,100.0,82.0,100.0,100.0
2017-04-29,,,,,,,100.0,99.5,100.0,,,,100.0,84.0,100.0,100.0
2017-04-30,,,,,,,,,,,,,100.0,82.9,100.0,100.0
2017-05-01,,,,,,,,,,,,,100.0,84.5,100.0,100.0
2017-05-02,63.0,49.1,88.5,,,,,,,,,,100.0,83.6,100.0,100.0
2017-05-03,73.2,51.8,90.3,,,,,,,,,,100.0,84.0,100.0,100.0
2017-05-04,72.5,51.9,92.7,,,,,,,,,,100.0,82.5,100.0,100.0
2017-05-05,,,,,,,,,,,,,100.0,83.3,100.0,100.0
2017-05-06,,,,,,,,,,,,,100.0,83.1,100.0,100.0
2017-05-07,,,,,,,,,,,,,100.0,83.6,100.0,100.0
2017-05-08,93.4,68.1,92.1,,,,,,,,,,100.0,84.0,100.0,100.0
2017-05-09,96.0,72.0,91.5,,,,,,,,,,100.0,85.6,100.0,100.0
2017-05-10,98.0,80.3,90.9,,,,,,,,,,100.0,86.0,100.0,100.0
2017-05-11,,,,,,,,,,,,,100.0,85.8,100.0,100.0
2017-05-12,,,,,,,,,,,,,100.0,87.1,100.0,100.0
2017-05-13,,,,,,,,,,,,,100.0,86.6,100.0,100.0
2017-05-14,100.0,83.0,90.9,,,,,,,,,,100.0,87.0,100.0,100.0
2017-05-15,100.0,87.5,91.5,,,,100.0,98.6,100.0,,,,100.0,87.5,100.0,100.0
2017-05-16,99.3,87.5,87.3,,,,,,,,,,99.4,86.0,100.0,99.4
2017-05-17,,,,,,,,,,,,,100.0,83.8,100.0,100.0
2017-05-18,,,,,,,,,,,,,96.4,81.3,100.0,96.4
2017-05-19,,,,,,,,,,,,,91.5,77.4,100.0,91.5
2017-05-20,99.4,89.6,93.3,,,,,,,,,,89.7,75.8,100.0,89.7
2017-05-21,99.4,85.8,94.5,,,,,,,,,,83.6,70.1,100.0,83.6
2017-05-22,99.4,88.2,94.5,,,,,,,,,,69.7,62.4,100.0,69.7
2017-05-23,,,,,,,,,,,,,0.0,43.6,100.0,0.0
2017-05-24,,,,,,,,,,,,,0.0,32.2,100.0,0.0
2017-05-25,,,,,,,,,,,,,0.0,22.1,100.0,0.0
2017-05-26,99.3,88.3,89.7,,,,,,,,,,0.0,16.6,100.0,0.0
2017-05-27,97.4,84.5,91.5,,,,,,,,,,0.0,10.9,100.0,0.0
2017-05-28,96.1,82.8,92.7,,,,,,,,,,0.0,10.4,100.0,0.0
2017-05-29,,,,,,,,,,,,,0.0,9.9,100.0,0.0
2017-05-30,,,,,,,,,,,,,0.0,11.6,100.0,0.0
2017-05-31,,,,,,,,,,,,,0.0,10.0,100.0,0.0
2017-06-01,96.2,80.4,95.8,,,,,,,,,,0.0,11.4,100.0,0.0
2017-06-02,96.1,81.4,93.3,,,,,,,,,,0.0,11.2,100.0,0.0
2017-06-03,98.0,80.8,91.5,,,,,,,,,,0.0,12.2,100.0,0.0
2017-06-04,,,,,,,,,,,,,0.0,11.3,100.0,0.0
2017-06-05,,,,,,,,,,,,,0.0,13.1,100.0,0.0
2017-06-06,,,,,,,,,,,,,0.0,13.4,100.0,0.0
2017-06-07,99.4,82.4,95.8,,,,,,,,,,0.0,16.4,100.0,0.0
2017-06-08,99.4,77.8,93.3,,,,,,,,,,0.0,14.2,100.0,0.0
2017-06-09,93.4,69.2,91.5,,,,,,,,,,0.0,13.6,100.0,0.0
2017-06-10,,,,,,,,,,,,,0.0,10.4,100.0,0.0
2017-06-11,,,,,,,,,,,,,0.0,9.7,100.0,0.0
2017-06-12,,,,,,,,,,,,,0.0,7.1,100.0,0.0
2017-06-13,86.3,59.8,92.7,,,,,,,,,,0.0,5.9,100.0,0.0
2017-06-14,61.7,49.1,93.3,,,,,,,,,,0.0,5.0,100.0,0.0
2017-06-15,54.1,45.7,89.7,,,,,,,,,,0.0,5.1,100.0,0.0
2017-06-16,,,,,,,,,,,,,0.0,4.9,100.0,0.0
2017-06-17,,,,,,,,,,,,,0.0,4.2,100.0,0.0
2017-06-18,,,,,,,,,,,,,0.0,4.3,100.0,0.0
2017-06-19,44.2,39.1,93.3,,,,,,,,,,0.0,4.7,100.0,0.0
2017-06-20,26.1,30.7,92.7,,,,,,,,,,0.0,3.6,100.0,0.0
2017-06-21,,,,,,,,,,,,,0.0,2.8,100.0,0.0
2017-06-22,,,,,,,,,,,,,0.0,3.1,100.0,0.0
2017-06-23,,,,,,,,,,,,,0.0,3.5,100.0,0.0
2017-06-24,,,,,,,,,,,,,0.0,4.3,100.0,0.0
2017-06-25,,,,,,,,,,,,,0.0,4.6,100.0,0.0
2017-06-26,48.3,40.2,91.5,,,,,,,,,,0.0,5.5,100.0,0.0
2017-06-27,31.5,33.8,90.3,,,,,,,,,,0.0,7.5,100.0,0.0
2017-06-28,,,,,,,,,,,,,0.0,7.1,100.0,0.0
2017-06-29,,,,,,,,,,,,,0.0,6.9,100.0,0.0
2017-06-30,,,,,,,,,,,,,0.0,6.3,100.0,0.0
2017-07-01,49.0,41.0,93.9,,,,,,,,,,0.0,7.5,100.0,0.0
2017-07-02,41.7,36.6,91.5,,,,,,,,,,0.0,7.6,100.0,0.0
2017-07-03,51.3,42.9,90.9,,,,,,,,,,0.0,6.2,100.0,0.0
2017-07-04,,,,0.0,0.3,100.0,,,,,,,0.0,3.8,100.0,0.0
2017-07-05,,,,,,,,,,,,,0.0,3.6,100.0,0.0
2017-07-06,,,,,,,,,,,,,0.0,3.4,100.0,0.0
2017-07-07,,,,,,,,,,,,,0.0,2.6,100.0,0.0
2017-07-08,41.4,35.0,92.1,,,,,,,,,,0.0,2.0,100.0,0.0
2017-07-09,41.5,34.0,89.1,,,,,,,,,,0.0,2.1,100.0,0.0
2017-07-10,,,,,,,,,,,,,0.0,1.9,100.0,0.0
2017-07-11,,,,,,,,,,,,,0.0,1.5,100.0,0.0
2017-07-12,,,,,,,,,,,,,0.0,1.7,100.0,0.0
2017-07-13,48.7,41.2,94.5,,,,,,,,,,0.0,2.0,100.0,0.0
2017-07-14,39.7,32.5,91.5,,,,,,,,,,0.0,2.3,100.0,0.0
2017-07-15,38.0,33.0,86.1,,,,,,,,,,0.0,2.3,100.0,0.0
2017-07-16,,,,,,,,,,,,,0.0,2.3,100.0,0.0
2017-07-17,,,,,,,,,,,,,0.0,2.4,100.0,0.0
2017-07-18,,,,,,,0.0,0.0,61.8,,,,0.0,2.4,100.0,0.0
2017-07-19,42.3,34.9,94.5,,,,,,,,,,0.0,2.1,100.0,0.0
2017-07-20,33.3,32.3,94.5,,,,,,,,,,0.0,2.7,100.0,0.0
2017-07-21,29.0,28.3,87.9,,,,,,,,,,0.0,2.5,100.0,0.0
2017-07-22,,,,,,,,,,,,,0.0,2.3,100.0,0.0
2017-07-23,,,,,,,,,,,,,0.0,2.1,100.0,0.0
2017-07-24,,,,,,,,,,,,,0.0,1.8,100.0,0.0
2017-07-25,10.1,21.5,95.8,,,,,,,,,,0.0,1.8,100.0,0.0
2017-07-26,8.9,20.1,95.2,,,,,,,,,,0.0,1.8,100.0,0.0
2017-07-27,5.3,19.8,90.9,,,,,,,,,,0.0,1.6,100.0,0.0
2017-07-28,,,,,,,,,,,,,0.0,1.2,100.0,0.0
2017-07-29,,,,,,,,,,,,,0.0,1.1,100.0,0.0
2017-07-30,,,,,,,,,,,,,0.0,1.1,100.0,0.0
2017-07-31,7.0,18.3,95.8,,,,,,,,,,0.0,0.9,100.0,0.0
2017-08-01,3.2,16.9,95.2,,,,,,,,,,0.0,0.7,100.0,0.0
2017-08-02,,,,,,,0.0,0.0,40.0,,,,0.0,0.6,100.0,0.0
2017-08-03,,,,,,,,,,,,,0.0,0.7,100.0,0.0
2017-08-04,,,,,,,,,,,,,0.0,0.6,100.0,0.0
2017-08-05,,,,,,,,,,,,,0.0,0.4,100.0,0.0
2017-08-06,6.3,20.7,95.8,,,,,,,,,,0.0,0.3,100.0,0.0
2017-08-07,7.0,18.8,95.2,,,,,,,,,,0.0,0.4,100.0,0.0
2017-08-08,7.9,20.5,92.1,,,,,,,,,,0.0,0.4,100.0,0.0
2017-08-09,,,,,,,,,,,,,0.0,0.4,100.0,0.0
2017-08-10,,,,,,,,,,,,,0.0,0.4,100.0,0.0
2017-08-11,,,,,,,,,,,,,0.0,0.4,100.0,0.0
2017-08-12,10.8,24.2,95.8,,,,,,,,,,0.0,0.4,100.0,0.0
2017-08-13,9.0,20.9,93.9,,,,,,,,,,0.0,0.3,100.0,0.0
2017-08-14,11.8,23.1,92.1,,,,,,,,,,0.0,0.3,100.0,0.0
2017-08-15,,,,,,,,,,,,,0.0,0.2,100.0,0.0
2017-08-16,,,,,,,,,,,,,0.0,0.2,100.0,0.0
2017-08-17,,,,,,,,,,,,,0.0,0.2,100.0,0.0
2017-08-18,19.4,25.2,93.9,,,,0.0,0.0,33.3,,,,0.0,0.2,100.0,0.0
2017-08-19,43.3,36.6,95.2,,,,0.0,0.0,75.8,,,,0.0,0.1,100.0,0.0
2017-08-20,45.3,38.8,89.7,,,,,,,,,,0.0,0.1,100.0,0.0
2017-08-21,,,,,,,,,,,,,0.0,0.1,100.0,0.0
2017-08-22,,,,,,,,,,,,,0.0,0.1,100.0,0.0
2017-08-23,,,,,,,,,,,,,0.0,0.1,100.0,0.0
2017-08-24,51.3,41.6,90.9,,,,,,,,,,0.0,0.1,100.0,0.0
2017-08-25,30.2,28.9,90.3,,,,,,,,,,0.0,0.1,100.0,0.0
2017-08-26,32.7,30.7,89.1,,,,,,,,,,0.0,0.1,100.0,0.0
2017-08-27,,,,,,,0.0,0.0,33.9,,,,0.0,0.1,100.0,0.0
2017-08-28,,,,,,,,,,,,,0.0,0.1,100.0,0.0
2017-08-29,,,,,,,,,,,,,0.0,0.1,100.0,0.0
2017-08-30,29.7,28.7,89.7,,,,,,,,,,0.0,0.2,100.0,0.0
2017-08-31,27.2,25.7,91.5,,,,,,,,,,0.0,0.2,100.0,0.0
2017-09-01,20.1,24.3,90.3,,,,,,,,,,0.0,0.3,100.0,0.0
2017-09-02,,,,,,,,,,,,,0.0,0.3,100.0,0.0
2017-09-03,,,,,,,,,,,,,0.0,0.4,100.0,0.0
2017-09-04,,,,,,,,,,,,,0.0,0.6,100.0,0.0
2017-09-05,27.3,25.6,90.9,,,,,,,,,,0.0,0.6,100.0,0.0
2017-09-06,30.9,29.7,92.1,,,,,,,,,,0.0,0.6,100.0,0.0
2017-09-07,31.8,30.6,89.7,,,,,,,,,,0.0,0.5,100.0,0.0
2017-09-08,,,,,,,,,,,,,0.0,0.7,100.0,0.0
2017-09-09,,,,,,,,,,,,,0.0,0.7,100.0,0.0
2017-09-10,,,,,,,,,,,,,0.0,0.7,100.0,0.0
2017-09-11,30.9,29.3,92.1,,,,,,,,,,0.0,0.7,100.0,0.0
2017-09-12,15.5,20.2,89.7,,,,,,,,,,0.0,0.8,100.0,0.0
2017-09-13,14.1,19.2,90.3,,,,,,,,,,0.0,0.8,100.0,0.0
2017-09-14,,,,,,,,,,,,,0.0,0.8,100.0,0.0
2017-09-15,,,,,,,,,,,,,0.0,0.8,100.0,0.0
2017-09-16,,,,,,,,,,,,,0.0,1.0,100.0,0.0
2017-09-17,17.4,20.5,90.3,,,,,,,,,,0.0,1.1,100.0,0.0
2017-09-18,19.3,22.5,90.9,,,,,,,,,,0.0,1.2,100.0,0.0
2017-09-19,12.3,18.7,93.3,,,,,,,,,,0.0,1.2,100.0,0.0
2017-09-20,,,,,,,0.0,0.0,62.4,,,,0.0,1.3,100.0,0.0
2017-09-21,,,,,,,,,,,,,0.0,1.4,100.0,0.0
2017-09-22,,,,,,,,,,,,,0.0,0.9,100.0,0.0
2017-09-23,14.2,20.1,93.9,,,,,,,,,,0.0,0.7,100.0,0.0
2017-09-24,20.6,24.8,93.9,,,,,,,,,,0.0,0.7,100.0,0.0
2017-09-25,22.5,26.7,78.2,,,,,,,,,,0.0,0.8,100.0,0.0
2017-09-26,,,,,,,,,,,,,0.0,0.7,100.0,0.0
2017-09-27,,,,,,,,,,,,,0.0,0.8,100.0,0.0
2017-09-28,,,,,,,,,,,,,0.0,0.9,100.0,0.0
2017-09-29,26.8,28.0,95.2,,,,,,,,,,0.0,0.9,100.0,0.0
2017-09-30,23.6,26.0,95.2,,,,,,,,,,0.0,0.8,100.0,0.0
2017-10-01,28.7,29.4,90.9,,,,,,,,,,0.0,0.6,100.0,0.0
2017-10-02,,,,,,,,,,,,,0.0,0.4,100.0,0.0
2017-10-03,,,,,,,,,,,,,0.0,0.3,100.0,0.0
2017-10-04,,,,,,,,,,,,,0.0,0.3,100.0,0.0
2017-10-05,38.9,34.5,95.2,,,,,,,,,,0.0,0.4,100.0,0.0
2017-10-06,37.7,34.6,93.3,,,,0.0,0.0,99.4,,,,0.0,0.4,100.0,0.0
2017-10-07,39.9,35.0,89.7,0.0,0.0,100.0,,,,,,,0.0,0.3,100.0,0.0
2017-10-08,,,,,,,,,,,,,0.0,0.3,100.0,0.0
2017-10-09,,,,,,,,,,,,,0.0,0.3,100.0,0.0
2017-10-10,,,,,,,,,,,,,0.0,0.4,100.0,0.0
2017-10-11,45.4,39.6,92.1,,,,,,,,,,0.0,0.4,100.0,0.0
2017-10-12,52.6,42.1,92.1,,,,,,,,,,0.0,0.4,100.0,0.0
2017-10-13,53.6,44.7,92.7,,,,,,,,,,0.0,0.5,100.0,0.0
2017-10-14,,,,,,,,,,,,,0.0,0.7,100.0,0.0
2017-10-15,,,,,,,,,,,,,0.0,1.0,100.0,0.0
2017-10-16,,,,,,,,,,,,,0.0,1.1,100.0,0.0
2017-10-17,50.6,42.5,93.3,,,,,,,,,,0.0,1.2,100.0,0.0
2017-10-18,,,,,,,,,,,,,0.0,1.5,100.0,0.0
2017-10-19,47.6,39.1,87.9,,,,,,,,,,0.0,1.6,100.0,0.0
2017-10-20,,,,,,,,,,,,,0.0,1.6,100.0,0.0
2017-10-21,,,,,,,,,,,,,0.0,1.6,100.0,0.0
2017-10-22,,,,,,,,,,,,,0.0,2.4,100.0,0.0
2017-10-23,58.3,47.5,91.5,,,,,,,,,,0.0,3.2,100.0,0.0
2017-10-24,54.7,43.6,90.9,,,,,,,,,,0.0,3.1,100.0,0.0
2017-10-25,61.6,49.4,88.5,,,,,,,,,,0.0,2.1,100.0,0.0
2017-10-26,,,,,,,,,,,,,0.0,2.3,100.0,0.0
2017-10-27,,,,,,,,,,,,,0.0,2.2,100.0,0.0
2017-10-28,,,,,,,,,,,,,0.0,2.6,100.0,0.0
2017-10-29,59.7,47.4,90.3,,,,0.0,0.2,79.4,,,,0.0,2.5,100.0,0.0
2017-10-30,68.5,54.1,88.5,,,,,,,,,,0.0,3.3,100.0,0.0
2017-10-31,61.5,48.4,86.7,,,,,,,,,,0.0,3.2,100.0,0.0
2017-11-01,,,,,,,,,,,,,0.0,3.9,100.0,0.0
2017-11-02,,,,,,,,,,,,,0.0,3.3,100.0,0.0
2017-11-03,,,,,,,,,,,,,0.0,3.9,100.0,0.0
2017-11-04,28.2,30.1,90.3,,,,,,,,,,0.0,4.1,100.0,0.0
2017-11-05,5.4,14.3,89.7,,,,,,,,,,0.0,5.5,100.0,0.0
2017-11-06,3.3,13.0,90.9,,,,,,,,,,0.0,7.6,100.0,0.0
2017-11-07,,,,,,,,,,,,,0.0,10.3,100.0,0.0
2017-11-08,,,,,,,,,,,,,0.0,10.3,100.0,0.0
2017-11-09,,,,,,,,,,,,,0.0,11.9,100.0,0.0
2017-11-10,1.9,11.0,93.3,,,,,,,,,,0.0,14.2,100.0,0.0
2017-11-11,3.2,10.5,93.3,,,,,,,,,,0.0,14.6,100.0,0.0
2017-11-12,0.0,7.5,89.7,,,,,,,,,,0.0,14.7,100.0,0.0
2017-11-13,,,,,,,,,,,,,0.0,15.9,100.0,0.0
2017-11-14,,,,,,,49.4,50.8,100.0,,,,0.6,24.4,100.0,0.6
2017-11-15,,,,,,,,,,,,,0.0,24.1,100.0,0.0
2017-11-16,2.0,11.4,91.5,0.0,0.3,100.0,,,,,,,1.2,24.8,100.0,1.2
2017-11-17,1.3,10.6,91.5,,,,,,,,,,1.8,24.8,100.0,1.8
2017-11-18,1.3,12.8,92.7,,,,,,,,,,3.0,29.7,100.0,3.0
2017-11-19,,,,,,,,,,,,,3.0,30.4,100.0,3.0
2017-11-20,,,,,,,,,,,,,3.6,31.3,100.0,3.6
2017-11-21,,,,0.0,7.4,100.0,,,,,,,5.5,32.0,100.0,5.5
2017-11-22,5.8,17.9,93.9,,,,,,,,,,6.1,34.1,100.0,6.1
2017-11-23,20.3,30.0,92.7,,,,,,,,,,6.1,38.1,100.0,6.1
2017-11-24,50.3,43.4,90.3,,,,,,,,,,6.1,39.0,100.0,6.1
2017-11-25,,,,,,,,,,,,,11.5,45.9,100.0,11.5
2017-11-26,,,,,,,,,,,,,9.1,45.4,100.0,9.1
2017-11-27,,,,,,,,,,,,,26.1,50.9,100.0,26.1
2017-11-28,75.0,54.9,94.5,,,,,,,,,,32.1,52.5,100.0,32.1
2017-11-29,84.0,62.2,94.5,,,,,,,,,,66.1,60.9,100.0,66.1
2017-11-30,90.0,67.2,90.9,,,,,,,,,,68.5,61.4,100.0,68.5
2017-12-01,,,,,,,,,,,,,81.8,66.5,100.0,81.8
2017-12-02,,,,,,,,,,,,,87.3,69.9,100.0,87.3
2017-12-03,,,,,,,,,,,,,93.9,75.7,100.0,93.9
2017-12-04,92.9,73.7,94.5,,,,,,,,,,93.9,76.5,100.0,93.9
2017-12-05,95.5,73.3,94.5,,,,,,,,,,95.8,79.1,100.0,95.8
2017-12-06,94.7,74.9,91.5,92.1,82.2,100.0,,,,,,,96.4,81.4,100.0,96.4
2017-12-07,,,,,,,,,,,,,96.4,81.2,100.0,96.4
2017-12-08,,,,,,,,,,,,,96.4,80.5,100.0,96.4
2017-12-09,,,,,,,,,,,,,96.4,81.8,100.0,96.4
2017-12-10,96.8,76.9,94.5,,,,,,,,,,97.0,83.7,100.0,97.0
2017-12-11,100.0,81.4,93.3,,,,,,,,,,99.4,87.0,100.0,99.4
2017-12-12,100.0,85.0,89.1,,,,,,,,,,97.0,86.1,100.0,97.0
2017-12-13,,,,,,,,,,,,,98.8,85.3,100.0,98.8
2017-12-14,,,,,,,,,,,,,98.8,85.0,100.0,98.8
2017-12-15,,,,,,,,,,,,,100.0,84.6,100.0,100.0
2017-12-16,100.0,87.7,93.3,,,,,,,,,,98.8,85.7,100.0,98.8
2017-12-17,100.0,84.3,90.3,,,,,,,,,,100.0,87.5,100.0,100.0
2017-12-18,100.0,88.1,89.1,,,,,,,,,,100.0,88.6,100.0,100.0
2017-12-19,,,,,,,,,,,,,100.0,91.7,100.0,100.0
2017-12-20,,,,,,,,,,,,,100.0,92.0,100.0,100.0
2017-12-21,,,,,,,,,,,,,100.0,93.1,100.0,100.0
2017-12-22,100.0,88.1,90.9,,,,,,,,,,100.0,94.0,100.0,100.0
2017-12-23,100.0,86.2,87.9,,,,,,,,,,100.0,94.6,100.0,100.0
2017-12-24,100.0,80.2,86.7,,,,,,,,,,100.0,93.8,100.0,100.0
2017-12-25,,,,,,,100.0,100.0,100.0,,,,100.0,94.8,100.0,100.0
2017-12-26,,,,,,,,,,,,,100.0,94.0,100.0,100.0
2017-12-27,,,,,,,,,,,,,100.0,94.4,100.0,100.0
2017-12-28,100.0,84.2,88.5,,,,,,,,,,100.0,94.2,100.0,100.0
2017-12-29,100.0,86.7,88.5,,,,,,,,,,100.0,93.0,100.0,100.0
2017-12-30,100.0,87.9,89.1,,,,,,,,,,100.0,91.8,100.0,100.0
2017-12-31,,,,,,,,,,,,,100.0,90.8,100.0,100.0
2018-01-01,,,,,,,,,,,,,97.7,87.6,100.0,97.7
2018-01-02,,,,,,,,,,,,,98.8,85.2,100.0,98.8
2018-01-03,100.0,86.8,87.2,,,,,,,,,,97.1,83.4,100.0,97.1
2018-01-04,100.0,87.3,90.1,,,,,,,,,,97.7,81.5,100.0,97.7
2018-01-05,100.0,90.0,91.3,,,,,,,,,,89.5,77.4,100.0,89.5
2018-01-06,,,,,,,,,,,,,86.0,73.5,100.0,86.0
2018-01-07,,,,,,,,,,,,,71.5,66.9,100.0,71.5
2018-01-08,,,,,,,,,,,,,77.9,68.1,100.0,77.9
2018-01-09,100.0,91.9,90.1,,,,,,,,,,62.2,63.0,100.0,62.2
2018-01-10,100.0,90.9,91.3,,,,,,,,,,57.0,60.1,100.0,57.0
2018-01-11,100.0,91.2,87.8,,,,,,,,,,47.7,55.9,100.0,47.7
2018-01-12,,,,,,,,,,,,,58.7,61.3,100.0,58.7
2018-01-13,,,,,,,,,,,,,51.7,57.8,100.0,51.7
2018-01-14,,,,,,,,,,,,,76.2,67.2,100.0,76.2
2018-01-15,100.0,90.1,90.1,,,,,,,,,,68.0,64.1,100.0,68.0
2018-01-16,100.0,88.2,87.2,,,,,,,,,,90.7,71.1,100.0,90.7
2018-01-17,100.0,87.4,89.0,,,,,,,,,,79.1,66.8,100.0,79.1
2018-01-18,,,,,,,,,,,,,95.9,73.3,100.0,95.9
2018-01-19,,,,,,,,,,,,,91.3,71.4,100.0,91.3
2018-01-20,,,,,,,,,,,,,98.3,75.0,100.0,98.3
2018-01-21,100.0,86.1,88.4,,,,,,,,,,95.9,74.2,100.0,95.9
2018-01-22,100.0,86.4,89.0,,,,,,,,,,98.8,77.9,100.0,98.8
2018-01-23,100.0,88.8,86.0,,,,,,,,,,98.3,76.9,100.0,98.3
2018-01-24,,,,,,,,,,,,,98.3,75.9,100.0,98.3
2018-01-25,,,,,,,,,,,,,98.3,76.7,100.0,98.3
2018-01-26,,,,,,,,,,,,,98.3,77.1,100.0,98.3
2018-01-27,100.0,91.4,92.4,,,,,,,,,,98.8,80.1,100.0,98.8
2018-01-28,100.0,94.8,91.3,,,,,,,,,,97.1,75.8,100.0,97.1
2018-01-29,100.0,96.5,89.0,,,,,,,,,,97.1,78.4,100.0,97.1
2018-01-30,,,,,,,,,,,,,94.8,76.4,100.0,94.8
2018-01-31,,,,,,,,,,,,,97.1,80.8,100.0,97.1
2018-02-01,,,,,,,,,,,,,92.4,78.8,100.0,92.4
2018-02-02,100.0,97.1,87.8,,,,,,,,,,96.5,83.2,100.0,96.5
2018-02-03,100.0,97.6,88.4,,,,,,,,,,96.5,83.1,100.0,96.5
2018-02-04,100.0,98.1,89.5,,,,,,,,,,99.4,89.8,100.0,99.4
2018-02-05,,,,,,,,,,,,,98.8,86.7,100.0,98.8
2018-02-06,,,,,,,,,,,,,98.3,86.7,100.0,98.3
2018-02-07,,,,,,,,,,,,,98.3,86.0,100.0,98.3
2018-02-08,100.0,98.0,90.7,,,,,,,,,,100.0,89.3,100.0,100.0
2018-02-09,100.0,97.7,91.3,,,,,,,,,,100.0,89.1,100.0,100.0
2018-02-10,100.0,97.8,87.2,,,,,,,,,,100.0,90.8,100.0,100.0
2018-02-11,,,,,,,,,,,,,100.0,89.9,100.0,100.0
2018-02-12,,,,,,,,,,,,,100.0,93.8,100.0,100.0
2018-02-13,,,,,,,,,,,,,100.0,93.8,100.0,100.0
2018-02-14,100.0,97.9,88.4,,,,,,,,,,100.0,95.4,100.0,100.0
2018-02-15,100.0,97.8,86.0,,,,,,,,,,100.0,96.0,100.0,100.0
2018-02-16,100.0,97.8,87.2,,,,,,,,,,100.0,97.0,100.0,100.0
2018-02-17,,,,,,,,,,,,,100.0,96.5,100.0,100.0
2018-02-18,,,,,,,100.0,100.0,100.0,,,,100.0,97.9,100.0,100.0
2018-02-19,,,,,,,,,,,,,100.0,97.7,100.0,100.0
2018-02-20,100.0,97.4,85.5,,,,,,,,,,100.0,98.3,100.0,100.0
2018-02-21,100.0,96.6,86.0,,,,,,,,,,100.0,98.2,100.0,100.0
2018-02-22,100.0,96.6,83.1,,,,,,,,,,100.0,97.7,100.0,100.0
2018-02-23,,,,,,,,,,,,,100.0,97.5,100.0,100.0
2018-02-24,,,,,,,,,,,,,100.0,98.1,100.0,100.0
2018-02-25,,,,,,,,,,,,,100.0,98.2,100.0,100.0
2018-02-26,100.0,96.3,85.5,,,,,,,,,,100.0,98.3,100.0,100.0
2018-02-27,100.0,95.6,89.5,,,,100.0,100.0,100.0,,,,100.0,98.9,100.0,100.0
2018-02-28,100.0,95.1,84.9,,,,,,,,,,100.0,98.7,100.0,100.0
2018-03-01,,,,,,,,,,,,,100.0,98.6,100.0,100.0
2018-03-02,,,,,,,,,,,,,100.0,98.4,100.0,100.0
2018-03-03,,,,,,,,,,,,,100.0,97.6,100.0,100.0
2018-03-04,100.0,95.1,90.1,,,,,,,,,,100.0,97.4,100.0,100.0
2018-03-05,100.0,95.7,89.5,,,,,,,,,,100.0,96.9,100.0,100.0
2018-03-06,100.0,95.8,85.5,,,,,,,,,,100.0,96.7,100.0,100.0
2018-03-07,,,,,,,,,,,,,100.0,93.6,100.0,100.0
2018-03-08,,,,,,,,,,,,,100.0,91.2,100.0,100.0
2018-03-09,,,,,,,,,,,,,100.0,86.6,100.0,100.0
2018-03-10,100.0,95.3,88.4,,,,,,,,,,100.0,87.9,100.0,100.0
2018-03-11,100.0,93.9,86.6,,,,,,,,,,100.0,82.9,100.0,100.0
2018-03-12,100.0,94.1,85.5,,,,,,,,,,99.4,82.2,100.0,99.4
2018-03-13,,,,,,,,,,,,,98.3,74.6,100.0,98.3
2018-03-14,,,,,,,,,,,,,100.0,80.8,100.0,100.0
2018-03-15,,,,,,,,,,,,,100.0,77.1,100.0,100.0
2018-03-16,,,,,,,,,,,,,100.0,86.7,100.0,100.0
2018-03-17,100.0,93.4,85.5,,,,,,,,,,100.0,84.6,100.0,100.0
2018-03-18,100.0,90.9,84.3,,,,,,,,,,100.0,90.9,100.0,100.0
2018-03-19,,,,,,,,,,,,,100.0,91.8,100.0,100.0
2018-03-20,,,,,,,,,,,,,100.0,94.8,100.0,100.0
2018-03-21,,,,,,,,,,,,,100.0,94.4,100.0,100.0
2018-03-22,100.0,90.6,87.2,,,,100.0,100.0,100.0,,,,100.0,97.3,100.0,100.0
2018-03-23,100.0,85.8,86.0,,,,,,,,,,100.0,96.4,100.0,100.0
2018-03-24,100.0,86.4,86.6,,,,,,,,,,100.0,97.2,100.0,100.0
2018-03-25,,,,,,,,,,,,,100.0,96.2,100.0,100.0
2018-03-26,,,,,,,,,,,,,100.0,95.5,100.0,100.0
2018-03-27,,,,,,,,,,,,,100.0,94.2,100.0,100.0
2018-03-28,100.0,85.1,86.6,,,,,,,,,,100.0,95.2,100.0,100.0
2018-03-29,99.3,82.8,87.2,,,,,,,,,,100.0,95.2,100.0,100.0
2018-03-30,100.0,81.9,84.9,,,,,,,,,,100.0,95.1,100.0,100.0
2018-03-31,,,,,,,100.0,100.0,100.0,,,,100.0,95.5,100.0,100.0
2018-04-01,,,,,,,,,,,,,100.0,94.8,100.0,100.0
2018-04-02,,,,,,,,,,,,,100.0,95.1,100.0,100.0
2018-04-03,100.0,81.3,87.2,,,,,,,,,,100.0,94.7,100.0,100.0
2018-04-04,92.6,69.4,86.0,,,,,,,,,,100.0,93.0,100.0,100.0
2018-04-05,93.9,69.0,86.0,,,,,,,,,,100.0,91.8,100.0,100.0
2018-04-06,,,,,,,,,,,,,100.0,90.9,100.0,100.0
2018-04-07,,,,,,,,,,,,,100.0,89.8,100.0,100.0
2018-04-08,,,,,,,,,,,,,100.0,86.8,100.0,100.0
2018-04-09,95.5,71.6,90.1,,,,,,,,,,100.0,85.1,100.0,100.0
2018-04-10,100.0,77.8,89.0,,,,,,,,,,100.0,86.9,100.0,100.0
2018-04-11,99.3,77.0,88.4,,,,,,,,,,100.0,87.7,100.0,100.0
2018-04-12,,,,,,,,,,,,,100.0,87.8,100.0,100.0
2018-04-13,,,,,,,,,,,,,100.0,90.7,100.0,100.0
2018-04-14,,,,,,,,,,,,,100.0,92.0,100.0,100.0
2018-04-15,100.0,83.4,89.0,,,,,,,,,,100.0,93.4,100.0,100.0
2018-04-16,100.0,88.1,89.5,,,,100.0,100.0,100.0,,,,100.0,94.5,100.0,100.0
2018-04-17,100.0,90.0,91.9,,,,,,,,,,100.0,94.2,100.0,100.0
2018-04-18,,,,,,,,,,,,,100.0,94.0,100.0,100.0
2018-04-19,,,,,,,,,,,,,100.0,94.1,100.0,100.0
2018-04-20,,,,,,,,,,,,,100.0,92.8,100.0,100.0
2018-04-21,100.0,91.9,89.5,,,,,,,,,,100.0,92.8,100.0,100.0
2018-04-22,99.4,91.9,91.9,,,,,,,,,,100.0,91.2,100.0,100.0
2018-04-23,100.0,93.1,92.4,,,,,,,,,,100.0,91.0,100.0,100.0
2018-04-24,,,,,,,,,,,,,100.0,86.4,100.0,100.0
2018-04-25,,,,,,,,,,,,,99.4,84.8,100.0,99.4
2018-04-26,,,,,,,,,,,,,96.5,80.6,100.0,96.5
2018-04-27,99.4,94.4,90.1,,,,,,,,,,96.5,83.2,100.0,96.5
2018-04-28,98.7,94.2,89.5,,,,,,,,,,90.1,76.9,100.0,90.1
2018-04-29,99.4,93.8,92.4,,,,,,,,,,87.8,76.6,100.0,87.8
2018-04-30,,,,,,,,,,,,,79.7,67.3,100.0,79.7
2018-05-01,,,,,,,,,,,,,86.6,73.5,100.0,86.6
2018-05-02,,,,,,,,,,,,,79.7,66.4,100.0,79.7
2018-05-03,98.1,95.2,90.7,,,,,,,,,,90.7,76.4,100.0,90.7
2018-05-04,98.7,93.3,92.4,,,,,,,,,,80.8,69.8,100.0,80.8
2018-05-05,99.4,95.1,93.0,,,,,,,,,,89.5,78.4,100.0,89.5
2018-05-06,,,,,,,,,,,,,81.4,72.2,100.0,81.4
2018-05-07,,,,,,,,,,,,,91.9,78.0,100.0,91.9
2018-05-08,,,,,,,,,,,,,80.2,69.8,100.0,80.2
2018-05-09,98.8,94.4,93.0,,,,100.0,99.6,100.0,,,,93.0,81.6,100.0,93.0
2018-05-10,100.0,94.5,93.0,,,,,,,,,,81.4,75.3,100.0,81.4
2018-05-11,98.8,93.8,93.0,,,,,,,,,,89.5,81.0,100.0,89.5
2018-05-12,,,,,,,,,,,,,77.9,71.6,100.0,77.9
2018-05-13,,,,,,,,,,,,,80.2,73.4,100.0,80.2
2018-05-14,,,,,,,,,,,,,73.3,64.4,100.0,73.3
2018-05-15,99.4,94.9,90.7,,,,,,,,,,76.2,67.3,100.0,76.2
2018-05-16,99.3,93.8,88.4,,,,,,,,,,58.1,55.5,100.0,58.1
2018-05-17,99.3,93.6,89.0,,,,,,,,,,44.2,51.5,100.0,44.2
2018-05-18,,,,,,,,,,,,,0.0,35.7,100.0,0.0
2018-05-19,,,,,,,,,,,,,0.0,32.6,100.0,0.0
2018-05-20,,,,,,,,,,,,,0.0,24.8,100.0,0.0
2018-05-21,99.3,93.1,86.6,,,,,,,,,,0.0,23.7,100.0,0.0
2018-05-22,98.0,91.0,88.4,,,,,,,,,,0.0,17.8,100.0,0.0
2018-05-23,98.0,88.6,87.8,,,,,,,,,,0.0,17.2,100.0,0.0
2018-05-24,,,,,,,,,,,,,0.0,14.4,100.0,0.0
2018-05-25,,,,,,,,,,,,,0.0,11.8,100.0,0.0
2018-05-26,,,,,,,,,,,,,0.0,9.2,100.0,0.0
2018-05-27,94.8,82.9,89.5,,,,,,,,,,0.0,8.7,100.0,0.0
2018-05-28,88.0,73.1,87.2,,,,,,,,,,0.0,7.9,100.0,0.0
2018-05-29,89.6,71.5,89.5,,,,,,,,,,0.0,7.1,100.0,0.0
2018-05-30,,,,,,,,,,,,,0.0,6.1,100.0,0.0
2018-05-31,,,,,,,,,,,,,0.0,5.8,100.0,0.0
2018-06-01,,,,,,,,,,,,,0.0,6.5,100.0,0.0
2018-06-02,87.4,70.5,87.8,,,,,,,,,,0.0,6.6,100.0,0.0
2018-06-03,71.8,58.3,86.6,,,,,,,,,,0.0,6.2,100.0,0.0
2018-06-04,80.4,60.1,91.9,,,,,,,,,,0.0,5.6,100.0,0.0
2018-06-05,,,,,,,,,,,,,0.0,5.6,100.0,0.0
2018-06-06,,,,,,,,,,,,,0.0,5.9,100.0,0.0
2018-06-07,,,,,,,,,,,,,0.0,5.3,100.0,0.0
2018-06-08,74.8,57.0,92.4,,,,,,,,,,0.0,6.3,100.0,0.0
2018-06-09,78.1,57.5,93.0,,,,,,,,,,0.0,6.4,100.0,0.0
2018-06-10,,,,,,,,,,,,,0.0,8.1,100.0,0.0
2018-06-11,,,,,,,,,,,,,0.0,6.5,100.0,0.0
2018-06-12,,,,,,,,,,,,,0.0,7.5,100.0,0.0
2018-06-13,,,,,,,,,,,,,0.0,6.8,100.0,0.0
2018-06-14,86.9,60.8,89.0,,,,,,,,,,0.0,8.4,100.0,0.0
2018-06-15,81.9,58.8,93.0,,,,,,,,,,0.0,7.8,100.0,0.0
2018-06-16,74.0,56.0,89.5,,,,,,,,,,0.0,8.4,100.0,0.0
2018-06-17,,,,,,,,,,,,,0.0,8.6,100.0,0.0
2018-06-18,,,,,,,,,,,,,0.0,8.0,100.0,0.0
2018-06-19,,,,,,,,,,,,,0.0,7.4,100.0,0.0
2018-06-20,79.1,60.5,89.0,,,,,,,,,,0.0,5.7,100.0,0.0
2018-06-21,56.2,44.2,84.9,,,,,,,,,,0.0,6.1,100.0,0.0
2018-06-22,,,,,,,,,,,,,0.0,5.5,100.0,0.0
2018-06-23,,,,,,,,,,,,,0.0,6.1,100.0,0.0
2018-06-24,,,,,,,,,,,,,0.0,4.7,100.0,0.0
2018-06-25,,,,,,,,,,,,,0.0,4.9,100.0,0.0
2018-06-26,66.2,53.0,86.0,,,,,,,,,,0.0,4.4,100.0,0.0
2018-06-27,43.9,37.1,86.0,,,,,,,,,,0.0,4.2,100.0,0.0
2018-06-28,51.0,43.9,84.3,,,,,,,,,,0.0,3.4,100.0,0.0
2018-06-29,,,,,,,,,,,,,0.0,3.5,100.0,0.0
2018-06-30,,,,,,,,,,,,,0.0,3.1,100.0,0.0
2018-07-01,,,,,,,,,,,,,0.0,2.9,100.0,0.0
2018-07-02,35.3,32.8,87.2,,,,,,,,,,0.0,2.5,100.0,0.0
2018-07-03,33.1,31.1,87.8,,,,,,,,,,0.0,2.8,100.0,0.0
2018-07-04,,,,,,,,,,,,,0.0,2.7,100.0,0.0
2018-07-05,,,,,,,,,,,,,0.0,3.1,100.0,0.0
2018-07-06,,,,,,,,,,,,,0.0,2.9,100.0,0.0
2018-07-07,,,,,,,,,,,,,0.0,3.7,100.0,0.0
2018-07-08,36.1,32.5,85.5,,,,,,,,,,0.0,3.7,100.0,0.0
2018-07-09,28.2,26.1,90.7,,,,,,,,,,0.0,4.4,100.0,0.0
2018-07-10,29.3,27.4,87.2,,,,,,,,,,0.0,3.8,100.0,0.0
2018-07-11,,,,,,,,,,,,,0.0,4.4,100.0,0.0
2018-07-12,,,,,,,,,,,,,0.0,3.6,100.0,0.0
2018-07-13,,,,,,,,,,,,,0.0,3.8,100.0,0.0
2018-07-14,25.3,24.8,91.9,,,,,,,,,,0.0,2.9,100.0,0.0
2018-07-15,23.7,23.1,90.7,,,,,,,,,,0.0,3.0,100.0,0.0
2018-07-16,21.6,22.6,89.0,,,,,,,,,,0.0,2.4,100.0,0.0
2018-07-17,,,,,,,,,,,,,0.0,2.4,100.0,0.0
2018-07-18,,,,,,,,,,,,,0.0,1.8,100.0,0.0
2018-07-19,,,,,,,,,,,,,0.0,1.9,100.0,0.0
2018-07-20,17.7,22.5,91.9,,,,,,,,,,0.0,1.5,100.0,0.0
2018-07-21,14.7,19.0,90.7,,,,,,,,,,0.0,1.7,100.0,0.0
2018-07-22,8.7,16.3,86.6,,,,,,,,,,0.0,1.3,100.0,0.0
2018-07-23,,,,,,,,,,,,,0.0,1.4,100.0,0.0
2018-07-24,,,,,,,,,,,,,0.0,0.9,100.0,0.0
2018-07-25,,,,,,,,,,,,,0.0,1.2,100.0,0.0
2018-07-26,10.1,18.8,86.0,,,,,,,,,,0.0,0.8,100.0,0.0
2018-07-27,12.2,21.3,85.5,,,,,,,,,,0.0,1.0,100.0,0.0
2018-07-28,12.2,24.8,86.0,,,,,,,,,,0.0,0.6,100.0,0.0
2018-07-29,,,,,,,,,,,,,0.0,0.9,100.0,0.0
2018-07-30,,,,,,,,,,,,,0.0,0.6,100.0,0.0
2018-07-31,,,,,,,,,,,,,0.0,0.8,100.0,0.0
2018-08-01,13.3,26.1,87.2,,,,,,,,,,0.0,0.6,100.0,0.0
2018-08-02,19.2,28.8,90.7,,,,,,,,,,0.0,0.9,100.0,0.0
2018-08-03,25.5,30.8,86.6,,,,,,,,,,0.0,0.7,100.0,0.0
2018-08-04,,,,,,,,,,0.0,7.7,64.5,0.0,0.9,100.0,0.0
2018-08-05,,,,,,,,,,,,,0.0,0.8,100.0,0.0
2018-08-06,,,,,,,,,,,,,0.0,1.1,100.0,0.0
2018-08-07,26.3,29.5,90.7,,,,,,,,,,0.0,1.0,100.0,0.0
2018-08-08,11.8,21.4,89.0,,,,,,,,,,0.0,1.2,100.0,0.0
2018-08-09,11.9,21.5,87.8,,,,,,,,,,0.0,1.1,100.0,0.0
2018-08-10,,,,,,,,,,0.0,0.7,100.0,0.0,1.1,100.0,0.0
2018-08-11,,,,,,,,,,0.0,0.1,100.0,0.0,1.0,100.0,0.0
2018-08-12,,,,,,,,,,,,,0.0,1.1,100.0,0.0
2018-08-13,24.4,29.6,90.7,,,,,,,,,,0.0,0.9,100.0,0.0
2018-08-14,27.0,28.5,90.1,,,,,,,,,,0.0,0.9,100.0,0.0
2018-08-15,30.4,28.8,86.0,,,,,,,,,,0.0,1.0,100.0,0.0
2018-08-16,,,,,,,,,,,,,0.0,0.9,100.0,0.0
2018-08-17,,,,,,,,,,,,,0.0,0.8,100.0,0.0
2018-08-18,,,,,,,,,,,,,0.0,0.7,100.0,0.0
2018-08-19,14.2,18.8,90.1,,,,,,,,,,0.0,0.8,100.0,0.0
2018-08-20,1.9,10.8,89.5,,,,,,,,,,0.0,0.6,100.0,0.0
2018-08-21,0.7,8.1,86.0,,,,,,,0.0,0.1,100.0,0.0,0.6,100.0,0.0
2018-08-22,,,,,,,,,,,,,0.0,0.6,100.0,0.0
2018-08-23,,,,,,,,,,,,,0.0,0.8,100.0,0.0
2018-08-24,,,,,,,,,,0.0,0.0,100.0,0.0,0.6,100.0,0.0
2018-08-25,2.5,12.2,91.9,,,,,,,,,,0.0,0.8,100.0,0.0
2018-08-26,1.3,10.8,90.7,,,,,,,,,,0.0,0.7,100.0,0.0
2018-08-27,2.7,14.9,85.5,,,,,,,,,,0.0,0.8,100.0,0.0
2018-08-28,,,,,,,,,,0.0,0.0,100.0,0.0,0.6,100.0,0.0
2018-08-29,,,,,,,,,,,,,0.0,0.8,100.0,0.0
2018-08-30,,,,,,,,,,0.0,0.1,100.0,0.0,0.5,100.0,0.0
2018-08-31,8.5,19.7,91.9,,,,,,,0.0,0.0,100.0,0.0,0.7,100.0,0.0
2018-09-01,12.8,23.0,90.7,,,,,,,,,,0.0,0.5,100.0,0.0
2018-09-02,14.7,23.9,87.2,,,,,,,,,,0.0,0.5,100.0,0.0
2018-09-03,,,,,,,,,,,,,0.0,0.4,100.0,0.0
2018-09-04,,,,,,,,,,,,,0.0,0.5,100.0,0.0
2018-09-05,,,,,,,,,,,,,0.0,0.4,100.0,0.0
2018-09-06,44.2,41.6,90.7,,,,,,,,,,0.0,0.4,100.0,0.0
2018-09-07,61.9,51.3,89.5,,,,,,,0.0,0.1,100.0,0.0,0.3,100.0,0.0
2018-09-08,59.7,51.2,86.6,,,,,,,,,,0.0,0.3,100.0,0.0
2018-09-09,,,,,,,,,,,,,0.0,0.1,100.0,0.0
2018-09-10,,,,,,,,,,,,,0.0,0.1,100.0,0.0
2018-09-11,,,,,,,,,,,,,0.0,0.1,100.0,0.0
2018-09-12,33.4,36.1,89.5,,,,,,,0.0,0.1,100.0,0.0,0.1,100.0,0.0
2018-09-13,14.1,23.3,86.6,,,,,,,,,,0.0,0.1,100.0,0.0
2018-09-14,12.0,23.9,87.2,,,,,,,,,,0.0,0.1,100.0,0.0
2018-09-15,,,,,,,0.0,0.0,32.0,,,,0.0,0.1,100.0,0.0
2018-09-16,,,,,,,,,,,,,0.0,0.1,100.0,0.0
2018-09-17,,,,,,,,,,,,,0.0,0.0,100.0,0.0
2018-09-18,25.5,33.7,89.0,,,,,,,,,,0.0,0.0,100.0,0.0
2018-09-19,13.8,22.0,91.3,,,,,,,,,,0.0,0.0,100.0,0.0
2018-09-20,12.1,20.9,86.6,,,,,,,,,,0.0,0.0,100.0,0.0
2018-09-21,,,,,,,,,,,,,0.0,0.0,100.0,0.0
2018-09-22,,,,,,,,,,0.0,0.4,100.0,0.0,0.0,100.0,0.0
2018-09-23,,,,,,,0.0,0.0,100.0,0.0,0.7,100.0,0.0,0.0,100.0,0.0
2018-09-24,15.4,22.6,89.0,,,,,,,0.0,1.3,100.0,0.0,0.0,100.0,0.0
2018-09-25,20.5,25.8,87.8,,,,,,,,,,0.0,0.0,100.0,0.0
2018-09-26,25.5,26.8,86.6,,,,,,,0.0,3.0,100.0,0.0,0.0,100.0,0.0
2018-09-27,,,,,,,,,,,,,0.0,0.0,100.0,0.0
2018-09-28,,,,,,,,,,,,,0.0,0.0,100.0,0.0
2018-09-29,,,,,,,,,,,,,0.0,0.0,100.0,0.0
2018-09-30,39.4,32.4,90.7,,,,,,,,,,0.0,0.0,100.0,0.0
2018-10-01,42.6,35.4,90.7,,,,,,,,,,0.0,0.1,100.0,0.0
2018-10-02,40.8,32.3,88.4,,,,,,,,,,0.0,0.0,100.0,0.0
2018-10-03,,,,,,,,,,,,,0.0,0.0,100.0,0.0
2018-10-04,,,,,,,,,,,,,0.0,0.0,100.0,0.0
2018-10-05,,,,,,,,,,,,,0.0,0.0,100.0,0.0
2018-10-06,29.1,27.2,91.9,,,,,,,,,,0.0,0.0,100.0,0.0
2018-10-07,14.0,21.3,91.3,,,,,,,,,,0.0,0.0,100.0,0.0
2018-10-08,2.7,14.2,87.2,,,,,,,,,,0.0,0.0,100.0,0.0
2018-10-09,,,,,,,0.0,0.0,100.0,,,,0.0,0.0,100.0,0.0
2018-10-10,,,,,,,,,,,,,0.0,0.0,100.0,0.0
2018-10-11,,,,,,,,,,,,,0.0,0.0,100.0,0.0
2018-10-12,10.2,21.6,91.3,,,,,,,,,,0.0,0.1,100.0,0.0
2018-10-13,11.6,22.8,90.1,,,,,,,,,,0.0,0.1,100.0,0.0
2018-10-14,20.4,27.2,85.5,,,,,,,,,,0.0,0.1,100.0,0.0
2018-10-15,,,,,,,,,,,,,0.0,0.1,100.0,0.0
2018-10-16,,,,,,,,,,,,,0.0,0.2,100.0,0.0
2018-10-17,,,,,,,,,,,,,0.0,0.2,100.0,0.0
2018-10-18,11.1,16.0,91.3,,,,,,,,,,0.0,0.3,100.0,0.0
2018-10-19,3.8,10.4,90.7,,,,,,,,,,0.0,0.2,100.0,0.0
2018-10-20,3.2,12.2,89.5,,,,,,,,,,0.0,0.3,100.0,0.0
2018-10-21,,,,,,,,,,,,,0.0,0.3,100.0,0.0
2018-10-22,,,,,,,,,,,,,0.0,0.4,100.0,0.0
2018-10-23,,,,,,,,,,,,,0.0,0.3,100.0,0.0
2018-10-24,10.6,16.7,93.0,,,,,,,,,,0.0,0.6,100.0,0.0
2018-10-25,29.3,29.4,91.9,,,,0.0,0.0,99.4,,,,0.0,0.5,100.0,0.0
2018-10-26,32.5,34.9,87.8,,,,,,,,,,0.0,0.7,100.0,0.0
2018-10-27,,,,,,,,,,,,,0.0,0.7,100.0,0.0
2018-10-28,,,,,,,,,,,,,0.0,1.1,100.0,0.0
2018-10-29,,,,,,,,,,,,,0.0,1.3,100.0,0.0
2018-10-30,27.5,25.5,93.0,,,,,,,,,,0.0,1.6,100.0,0.0
2018-10-31,20.9,20.3,86.0,,,,,,,,,,0.0,1.4,100.0,0.0
2018-11-01,19.5,20.0,89.5,,,,17.8,21.6,88.4,,,,0.0,2.4,100.0,0.0
2018-11-02,,,,,,,,,,,,,0.0,2.7,100.0,0.0
2018-11-03,,,,,,,,,,,,,0.0,3.4,100.0,0.0
2018-11-04,,,,,,,,,,,,,0.0,3.2,100.0,0.0
2018-11-05,27.0,29.3,94.8,,,,,,,,,,0.0,4.7,100.0,0.0
2018-11-06,28.8,32.1,94.8,,,,,,,,,,0.0,5.7,100.0,0.0
2018-11-07,32.5,32.3,93.0,,,,,,,,,,0.0,6.6,100.0,0.0
2018-11-08,,,,,,,,,,,,,0.0,7.2,100.0,0.0
2018-11-09,,,,,,,,,,,,,0.0,8.4,100.0,0.0
2018-11-10,,,,,,,,,,,,,0.0,14.8,100.0,0.0
2018-11-11,36.2,32.8,94.8,15.7,32.3,100.0,,,,,,,0.0,14.3,100.0,0.0
2018-11-12,23.6,27.1,93.6,,,,,,,,,,0.0,19.4,100.0,0.0
2018-11-13,8.8,21.3,92.4,,,,,,,,,,0.0,16.4,100.0,0.0
2018-11-14,,,,,,,,,,,,,1.7,27.3,100.0,1.7
2018-11-15,,,,,,,,,,,,,0.0,19.7,100.0,0.0
2018-11-16,,,,57.6,54.5,100.0,,,,,,,4.1,37.2,100.0,4.1
2018-11-17,18.4,25.8,94.8,,,,,,,,,,1.7,32.8,100.0,1.7
2018-11-18,38.5,34.7,94.2,,,,,,,,,,34.3,55.4,100.0,34.3
2018-11-19,35.2,32.6,74.4,,,,,,,,,,5.8,42.7,100.0,5.8
2018-11-20,,,,,,,,,,,,,53.5,60.0,100.0,53.5
2018-11-21,,,,,,,,,,,,,33.7,54.5,100.0,33.7
2018-11-22,,,,,,,,,,,,,85.5,65.6,100.0,85.5
2018-11-23,48.1,41.3,93.0,,,,,,,,,,63.4,63.6,100.0,63.4
2018-11-24,50.0,47.0,91.9,,,,,,,,,,96.5,71.9,100.0,96.5
2018-11-25,,,,,,,,,,,,,98.3,74.5,100.0,98.3
2018-11-26,,,,,,,,,,,,,100.0,81.7,100.0,100.0
2018-11-27,,,,,,,,,,,,,100.0,84.3,100.0,100.0
2018-11-28,,,,,,,,,,,,,100.0,86.5,100.0,100.0
2018-11-29,66.3,52.8,100.0,,,,,,,,,,100.0,89.4,100.0,100.0
2018-11-30,81.4,60.3,100.0,,,,,,,,,,100.0,90.4,100.0,100.0
2018-12-01,75.8,58.9,93.6,100.0,99.2,100.0,,,,,,,100.0,92.5,100.0,100.0
2018-12-02,,,,,,,,,,,,,99.4,90.2,100.0,99.4
2018-12-03,,,,,,,,,,,,,100.0,91.7,100.0,100.0
2018-12-04,,,,,,,,,,,,,98.8,89.5,100.0,98.8
2018-12-05,63.7,51.9,100.0,,,,,,,,,,99.4,91.9,100.0,99.4
2018-12-06,46.2,43.4,99.4,,,,,,,,,,97.7,88.4,100.0,97.7
2018-12-07,44.5,42.4,95.3,,,,,,,,,,98.8,90.6,100.0,98.8
2018-12-08,,,,,,,,,,,,,97.7,88.3,100.0,97.7
2018-12-09,,,,,,,,,,,,,98.8,89.3,100.0,98.8
2018-12-10,,,,,,,,,,,,,97.7,87.8,100.0,97.7
2018-12-11,44.2,42.1,100.0,99.4,99.1,100.0,,,,,,,98.8,90.0,100.0,98.8
2018-12-12,42.2,40.2,98.8,,,,,,,,,,98.8,90.0,100.0,98.8
2018-12-13,39.1,39.7,90.7,,,,,,,,,,98.8,88.5,100.0,98.8
2018-12-14,,,,,,,,,,,,,98.8,89.1,100.0,98.8
2018-12-15,,,,,,,,,,,,,98.8,89.2,100.0,98.8
2018-12-16,,,,,,,,,,,,,99.4,90.9,100.0,99.4
2018-12-17,32.4,36.5,97.7,,,,,,,,,,100.0,91.7,100.0,100.0
2018-12-18,29.9,33.4,95.3,,,,,,,,,,100.0,93.3,100.0,100.0
2018-12-19,22.1,30.6,89.5,,,,,,,,,,100.0,92.8,100.0,100.0
2018-12-20,,,,,,,,,,,,,100.0,95.3,100.0,100.0
2018-12-21,,,,,,,,,,,,,100.0,96.9,100.0,100.0
2018-12-22,,,,,,,,,,,,,100.0,97.5,100.0,100.0
2018-12-23,68.8,52.7,97.7,,,,,,,,,,100.0,97.6,100.0,100.0
2018-12-24,89.4,61.9,96.5,,,,,,,,,,100.0,98.0,100.0,100.0
2018-12-25,85.7,62.3,89.5,,,,,,,,,,100.0,98.1,100.0,100.0
2018-12-26,,,,99.4,99.5,100.0,,,,,,,100.0,98.5,100.0,100.0
2018-12-27,,,,,,,,,,,,,100.0,98.4,100.0,100.0
2018-12-28,,,,,,,,,,,,,100.0,98.1,100.0,100.0
2018-12-29,81.0,60.9,97.7,,,,,,,,,,100.0,98.6,100.0,100.0
2018-12-30,65.9,51.9,95.3,,,,,,,,,,100.0,98.5,100.0,100.0
2018-12-31,57.6,43.1,91.9,99.4,99.1,100.0,,,,,,,100.0,98.9,100.0,100.0
2019-01-01,,,,,,,,,,,,,100.0,98.7,100.0,100.0
2019-01-02,,,,,,,,,,,,,100.0,98.9,100.0,100.0
2019-01-03,,,,,,,,,,,,,100.0,98.8,100.0,100.0
2019-01-04,63.0,48.4,96.5,,,,100.0,100.0,90.6,,,,100.0,99.2,100.0,100.0
2019-01-05,51.5,42.0,95.3,98.8,99.1,100.0,,,,,,,100.0,99.2,100.0,100.0
2019-01-06,42.0,36.7,87.7,,,,,,,,,,100.0,99.4,100.0,100.0
2019-01-07,,,,,,,,,,,,,100.0,99.3,100.0,100.0
2019-01-08,,,,,,,,,,,,,100.0,99.3,100.0,100.0
2019-01-09,,,,,,,,,,,,,100.0,99.2,100.0,100.0
2019-01-10,49.1,43.2,96.5,99.4,99.1,100.0,,,,,,,100.0,99.4,100.0,100.0
2019-01-11,50.0,41.8,94.7,,,,,,,,,,100.0,99.3,100.0,100.0
2019-01-12,50.3,44.1,88.3,,,,,,,,,,100.0,99.2,100.0,100.0
2019-01-13,,,,,,,,,,,,,100.0,99.0,100.0,100.0
2019-01-14,,,,,,,,,,,,,100.0,99.3,100.0,100.0
2019-01-15,,,,100.0,99.4,100.0,,,,,,,100.0,99.4,100.0,100.0
2019-01-16,61.8,50.8,96.5,,,,,,,,,,100.0,99.4,100.0,100.0
2019-01-17,68.7,55.2,95.3,,,,,,,,,,100.0,99.4,100.0,100.0
2019-01-18,66.4,54.6,88.9,,,,,,,,,,100.0,99.6,100.0,100.0
2019-01-19,,,,,,,,,,,,,100.0,99.5,100.0,100.0
2019-01-20,,,,100.0,99.6,100.0,100.0,100.0,100.0,,,,100.0,99.7,100.0,100.0
2019-01-21,,,,,,,,,,,,,100.0,99.6,100.0,100.0
2019-01-22,82.4,64.8,96.5,,,,,,,,,,100.0,99.6,100.0,100.0
2019-01-23,96.9,74.0,94.2,,,,,,,,,,100.0,99.6,100.0,100.0
2019-01-24,99.4,79.6,90.1,,,,,,,24.6,44.1,100.0,100.0,99.6,100.0,100.0
2019-01-25,,,,100.0,99.1,100.0,,,,,,,100.0,99.6,100.0,100.0
2019-01-26,,,,,,,,,,,,,100.0,99.5,100.0,100.0
2019-01-27,,,,,,,,,,,,,100.0,99.4,100.0,100.0
2019-01-28,100.0,84.5,96.5,,,,,,,100.0,77.4,100.0,100.0,99.3,100.0,100.0
2019-01-29,100.0,89.2,95.3,,,,,,,,,,100.0,99.2,100.0,100.0
2019-01-30,100.0,92.6,89.5,,,,,,,,,,100.0,99.2,100.0,100.0
2019-01-31,,,,,,,,,,,,,100.0,99.1,100.0,100.0
2019-02-01,,,,,,,,,,,,,100.0,99.1,100.0,100.0
2019-02-02,,,,,,,,,,,,,100.0,99.3,100.0,100.0
2019-02-03,100.0,94.7,96.5,,,,,,,,,,100.0,99.4,100.0,100.0
2019-02-04,100.0,96.0,94.2,100.0,98.9,100.0,,,,,,,100.0,99.5,100.0,100.0
2019-02-05,100.0,97.0,88.3,,,,100.0,100.0,100.0,,,,100.0,99.6,100.0,100.0
2019-02-06,,,,,,,,,,,,,100.0,99.4,100.0,100.0
2019-02-07,,,,,,,,,,,,,100.0,99.4,100.0,100.0
2019-02-08,,,,,,,,,,,,,100.0,99.3,100.0,100.0
2019-02-09,100.0,97.1,96.5,,,,,,,,,,100.0,99.1,100.0,100.0
2019-02-10,100.0,96.5,95.3,,,,,,,,,,100.0,99.3,100.0,100.0
2019-02-11,100.0,96.6,87.7,,,,,,,,,,100.0,99.4,100.0,100.0
2019-02-12,,,,,,,,,,,,,100.0,99.4,100.0,100.0
2019-02-13,,,,,,,,,,100.0,84.7,100.0,100.0,99.5,100.0,100.0
2019-02-14,,,,100.0,99.3,100.0,100.0,100.0,100.0,100.0,91.2,100.0,100.0,99.7,100.0,100.0
2019-02-15,,,,,,,,,,,,,100.0,99.6,100.0,100.0
2019-02-16,100.0,95.7,94.2,,,,,,,,,,100.0,99.6,100.0,100.0
2019-02-17,100.0,93.2,87.7,,,,,,,100.0,94.7,100.0,100.0,99.6,100.0,100.0
2019-02-18,,,,,,,,,,,,,100.0,99.6,100.0,100.0
2019-02-19,,,,100.0,98.8,100.0,,,,,,,100.0,99.7,100.0,100.0
2019-02-20,,,,,,,,,,100.0,96.9,100.0,100.0,99.6,100.0,100.0
2019-02-21,100.0,93.4,96.5,,,,100.0,100.0,100.0,100.0,98.8,100.0,100.0,99.8,100.0,100.0
2019-02-22,,,,,,,,,,,,,100.0,99.7,100.0,100.0
2019-02-23,100.0,89.8,90.6,,,,,,,,,,100.0,99.7,100.0,100.0
2019-02-24,,,,100.0,99.2,100.0,,,,100.0,98.8,100.0,100.0,99.7,100.0,100.0
2019-02-25,,,,,,,,,,,,,100.0,99.5,100.0,100.0
2019-02-26,,,,,,,,,,,,,100.0,99.4,100.0,100.0
2019-02-27,100.0,92.7,95.3,,,,,,,100.0,99.3,100.0,100.0,99.5,100.0,100.0
2019-02-28,100.0,89.8,94.7,,,,,,,100.0,99.6,100.0,100.0,99.5,100.0,100.0
2019-03-01,100.0,90.5,90.6,,,,,,,,,,100.0,99.4,100.0,100.0
2019-03-02,,,,,,,100.0,100.0,77.2,,,,100.0,99.2,100.0,100.0
2019-03-03,,,,,,,,,,100.0,99.6,100.0,100.0,99.1,100.0,100.0
2019-03-04,,,,,,,,,,,,,100.0,99.0,100.0,100.0
2019-03-05,100.0,91.2,95.3,,,,,,,,,,100.0,98.9,100.0,100.0
2019-03-06,100.0,90.4,95.9,100.0,97.7,100.0,,,,100.0,99.5,100.0,100.0,98.9,100.0,100.0
2019-03-07,100.0,90.1,86.5,,,,,,,100.0,99.3,100.0,100.0,98.5,100.0,100.0
2019-03-08,,,,,,,,,,,,,100.0,98.4,100.0,100.0
2019-03-09,,,,,,,,,,,,,100.0,98.2,100.0,100.0
2019-03-10,,,,,,,,,,100.0,99.6,100.0,100.0,98.1,100.0,100.0
2019-03-11,100.0,91.4,96.5,,,,,,,,,,100.0,98.1,100.0,100.0
2019-03-12,100.0,94.2,94.2,,,,,,,,,,100.0,98.6,100.0,100.0
2019-03-13,100.0,95.1,87.1,,,,,,,,,,100.0,98.6,100.0,100.0
2019-03-14,,,,,,,,,,,,,100.0,98.3,100.0,100.0
2019-03-15,,,,,,,,,,,,,100.0,98.6,100.0,100.0
2019-03-16,,,,100.0,99.5,100.0,,,,,,,100.0,99.1,100.0,100.0
2019-03-17,100.0,97.3,93.6,,,,,,,,,,100.0,99.1,100.0,100.0
2019-03-18,100.0,97.8,94.2,,,,100.0,100.0,76.6,,,,100.0,99.4,100.0,100.0
2019-03-19,100.0,98.4,88.9,,,,,,,,,,100.0,99.4,100.0,100.0
2019-03-20,,,,,,,,,,,,,100.0,99.4,100.0,100.0
2019-03-21,,,,100.0,99.0,100.0,,,,,,,100.0,99.6,100.0,100.0
2019-03-22,,,,,,,,,,,,,100.0,99.6,100.0,100.0
2019-03-23,100.0,99.0,96.5,,,,,,,,,,100.0,99.7,100.0,100.0
2019-03-24,100.0,99.4,95.9,,,,,,,,,,100.0,99.6,100.0,100.0
2019-03-25,100.0,99.7,91.8,,,,100.0,100.0,100.0,,,,100.0,99.8,100.0,100.0
2019-03-26,,,,100.0,98.9,100.0,,,,,,,100.0,99.7,100.0,100.0
2019-03-27,,,,,,,,,,,,,100.0,99.7,100.0,100.0
2019-03-28,,,,,,,,,,,,,100.0,99.7,100.0,100.0
2019-03-29,100.0,99.8,95.9,,,,,,,,,,100.0,99.7,100.0,100.0
2019-03-30,100.0,99.8,96.5,,,,,,,,,,100.0,99.6,100.0,100.0
2019-03-31,100.0,99.9,91.8,100.0,99.2,100.0,,,,,,,100.0,99.7,100.0,100.0
2019-04-01,,,,,,,,,,,,,100.0,99.5,100.0,100.0
2019-04-02,,,,,,,,,,,,,100.0,99.4,100.0,100.0
2019-04-03,,,,,,,,,,,,,100.0,99.2,100.0,100.0
2019-04-04,100.0,99.9,96.5,,,,,,,,,,100.0,99.3,100.0,100.0
2019-04-05,100.0,99.8,96.5,100.0,99.8,100.0,,,,,,,100.0,99.4,100.0,100.0
2019-04-06,100.0,99.8,88.9,,,,,,,,,,100.0,99.2,100.0,100.0
2019-04-07,,,,,,,,,,,,,100.0,98.9,100.0,100.0
2019-04-08,,,,,,,,,,,,,100.0,98.9,100.0,100.0
2019-04-09,,,,,,,,,,,,,100.0,98.9,100.0,100.0
2019-04-10,100.0,99.6,95.9,100.0,99.6,74.9,,,,,,,100.0,99.0,100.0,100.0
2019-04-11,100.0,99.1,96.5,,,,,,,,,,100.0,98.9,100.0,100.0
2019-04-12,100.0,98.9,90.1,,,,,,,,,,100.0,98.8,100.0,100.0
2019-04-13,,,,,,,,,,,,,100.0,98.8,100.0,100.0
2019-04-14,,,,,,,,,,,,,100.0,98.7,100.0,100.0
2019-04-15,,,,100.0,99.8,100.0,,,,,,,100.0,99.0,100.0,100.0
2019-04-16,100.0,97.6,95.9,,,,,,,,,,100.0,99.0,100.0,100.0
2019-04-17,100.0,96.3,96.5,,,,,,,,,,100.0,98.9,100.0,100.0
2019-04-18,100.0,93.7,92.4,,,,,,,,,,100.0,99.0,100.0,100.0
2019-04-19,,,,,,,100.0,99.6,100.0,,,,100.0,99.1,100.0,100.0
2019-04-20,,,,100.0,99.7,100.0,,,,,,,100.0,99.0,100.0,100.0
2019-04-21,,,,,,,,,,,,,100.0,98.8,100.0,100.0
2019-04-22,100.0,91.7,96.5,,,,,,,,,,100.0,98.7,100.0,100.0
2019-04-23,97.6,89.0,96.5,,,,,,,,,,100.0,98.5,100.0,100.0
2019-04-24,98.7,87.7,93.0,,,,,,,,,,100.0,98.2,100.0,100.0
2019-04-25,,,,,,,,,,,,,100.0,98.1,100.0,100.0
2019-04-26,,,,,,,100.0,98.8,62.6,,,,100.0,98.0,100.0,100.0
2019-04-27,,,,,,,,,,,,,100.0,97.6,100.0,100.0
2019-04-28,92.1,81.1,96.5,,,,,,,,,,100.0,97.6,100.0,100.0
2019-04-29,89.1,63.6,96.5,,,,,,,,,,100.0,97.6,100.0,100.0
2019-04-30,89.9,68.7,93.0,100.0,99.8,100.0,,,,,,,100.0,97.7,100.0,100.0
2019-05-01,,,,,,,,,,,,,100.0,96.8,100.0,100.0
2019-05-02,,,,,,,,,,,,,100.0,96.8,100.0,100.0
2019-05-03,,,,,,,,,,,,,100.0,96.6,100.0,100.0
2019-05-04,90.9,67.4,96.5,,,,,,,,,,100.0,96.8,100.0,100.0
2019-05-05,78.2,55.6,96.5,,,,,,,,,,100.0,96.6,100.0,100.0
2019-05-06,64.6,48.5,92.4,,,,,,,,,,100.0,97.1,100.0,100.0
2019-05-07,,,,,,,,,,,,,100.0,97.1,100.0,100.0
2019-05-08,,,,,,,,,,,,,100.0,96.6,100.0,100.0
2019-05-09,,,,,,,,,,,,,100.0,96.8,100.0,100.0
2019-05-10,85.5,63.7,96.5,,,,,,,,,,100.0,97.4,100.0,100.0
2019-05-11,90.3,72.5,96.5,,,,,,,,,,100.0,97.6,100.0,100.0
2019-05-12,91.8,76.9,92.4,,,,,,,,,,100.0,97.1,100.0,100.0
2019-05-13,,,,,,,,,,,,,100.0,97.5,100.0,100.0
2019-05-14,,,,,,,,,,,,,100.0,97.9,100.0,100.0
2019-05-15,,,,100.0,99.6,100.0,,,,,,,100.0,98.5,100.0,100.0
2019-05-16,92.1,81.1,96.5,,,,,,,,,,100.0,98.1,100.0,100.0
2019-05-17,98.2,88.0,96.5,,,,,,,,,,100.0,98.2,100.0,100.0
2019-05-18,99.4,92.1,94.7,,,,,,,100.0,99.2,100.0,100.0,98.3,100.0,100.0
2019-05-19,,,,,,,,,,,,,100.0,98.3,100.0,100.0
2019-05-20,,,,,,,,,,,,,100.0,98.1,100.0,100.0
2019-05-21,,,,,,,,,,100.0,99.2,100.0,100.0,98.3,100.0,100.0
2019-05-22,100.0,93.7,96.5,,,,,,,100.0,98.6,100.0,100.0,98.7,100.0,100.0
2019-05-23,99.4,92.6,96.5,,,,,,,,,,100.0,98.6,100.0,100.0
2019-05-24,100.0,93.7,94.2,,,,,,,100.0,99.2,100.0,100.0,98.5,100.0,100.0
2019-05-25,,,,,,,,,,100.0,98.7,100.0,100.0,98.4,100.0,100.0
2019-05-26,,,,,,,,,,,,,100.0,98.6,100.0,100.0
2019-05-27,,,,,,,,,,,,,100.0,98.5,100.0,100.0
2019-05-28,100.0,93.2,96.5,,,,,,,100.0,98.2,100.0,100.0,98.7,100.0,100.0
2019-05-29,,,,,,,,,,100.0,94.2,100.0,100.0,98.6,100.0,100.0
2019-05-30,100.0,90.9,91.8,100.0,98.9,100.0,,,,,,,100.0,99.1,100.0,100.0
2019-05-31,,,,,,,,,,,,,100.0,98.8,100.0,100.0
2019-06-01,,,,,,,,,,100.0,94.8,100.0,100.0,98.7,100.0,100.0
2019-06-02,,,,,,,,,,,,,100.0,98.5,100.0,100.0
2019-06-03,100.0,87.6,96.5,,,,,,,,,,100.0,98.6,100.0,100.0
2019-06-04,99.4,81.8,95.9,100.0,97.8,100.0,,,,,,,100.0,98.4,100.0,100.0
2019-06-05,100.0,76.4,88.9,,,,,,,100.0,81.8,100.0,100.0,97.6,100.0,100.0
2019-06-06,,,,,,,,,,,,,100.0,97.1,100.0,100.0
2019-06-07,,,,,,,,,,,,,100.0,96.6,100.0,100.0
2019-06-08,,,,,,,,,,97.7,73.4,100.0,100.0,95.5,100.0,100.0
2019-06-09,93.9,69.7,96.5,,,,,,,,,,100.0,94.2,100.0,100.0
2019-06-10,52.1,46.0,95.3,,,,,,,,,,100.0,92.7,100.0,100.0
2019-06-11,37.4,37.6,90.6,,,,,,,,,,100.0,91.5,100.0,100.0
2019-06-12,,,,,,,,,,0.0,21.5,100.0,100.0,87.2,100.0,100.0
2019-06-13,,,,,,,,,,1.8,27.1,100.0,99.4,83.1,100.0,99.4
2019-06-14,,,,,,,,,,,,,98.2,79.8,100.0,98.2
2019-06-15,33.3,34.2,98.2,,,,,,,,,,93.0,75.4,100.0,93.0
2019-06-16,14.5,19.8,97.1,,,,,,,,,,81.3,68.6,100.0,81.3
2019-06-17,11.9,17.7,93.6,,,,,,,,,,50.3,60.0,100.0,50.3
2019-06-18,,,,,,,,,,,,,40.9,55.7,100.0,40.9
2019-06-19,,,,77.2,66.4,100.0,,,,0.0,5.8,100.0,39.8,53.8,100.0,39.8
2019-06-20,,,,,,,,,,,,,17.0,42.5,100.0,17.0
2019-06-21,6.0,15.3,98.2,,,,,,,,,,7.6,34.9,100.0,7.6
2019-06-22,2.4,12.7,97.7,,,,,,,,,,2.3,31.8,100.0,2.3
2019-06-23,0.0,9.9,88.9,,,,,,,0.0,7.9,100.0,1.8,29.3,100.0,1.8
2019-06-24,,,,,,,,,,0.0,1.0,100.0,0.0,16.2,100.0,0.0
2019-06-25,,,,,,,,,,,,,0.0,11.4,100.0,0.0
2019-06-26,,,,,,,,,,,,,0.0,8.9,100.0,0.0
2019-06-27,3.6,12.7,98.2,,,,,,,0.0,1.2,100.0,0.0,6.9,100.0,0.0
2019-06-28,1.9,12.2,93.6,,,,,,,,,,0.0,4.6,100.0,0.0
2019-06-29,3.3,15.9,87.7,1.2,5.5,100.0,,,,,,,0.0,3.3,100.0,0.0
2019-06-30,,,,,,,,,,0.0,0.2,100.0,0.0,2.2,100.0,0.0
2019-07-01,,,,,,,,,,,,,0.0,1.8,100.0,0.0
2019-07-02,,,,,,,,,,,,,0.0,1.2,100.0,0.0
2019-07-03,5.4,21.6,98.2,,,,,,,,,,0.0,1.0,100.0,0.0
2019-07-04,2.5,14.1,95.3,0.0,0.1,100.0,,,,,,,0.0,0.9,100.0,0.0
2019-07-05,2.0,15.2,88.3,,,,,,,,,,0.0,0.5,100.0,0.0
2019-07-06,,,,,,,,,,,,,0.0,0.4,100.0,0.0
2019-07-07,,,,,,,,,,,,,0.0,0.3,100.0,0.0
2019-07-08,,,,,,,0.0,0.0,98.8,0.0,0.1,100.0,0.0,0.3,100.0,0.0
2019-07-09,4.8,14.9,98.2,,,,,,,,,,0.0,0.3,100.0,0.0
2019-07-10,2.4,10.6,97.1,,,,,,,,,,0.0,0.2,100.0,0.0
2019-07-11,0.7,8.3,88.9,,,,,,,,,,0.0,0.3,100.0,0.0
2019-07-12,,,,,,,,,,,,,0.0,0.5,100.0,0.0
2019-07-13,,,,,,,,,,,,,0.0,0.5,100.0,0.0
2019-07-14,,,,0.0,0.0,94.2,,,,0.0,0.0,100.0,0.0,0.4,100.0,0.0
2019-07-15,3.6,11.3,98.2,,,,,,,,,,0.0,0.5,100.0,0.0
2019-07-16,4.3,12.7,95.9,,,,0.0,0.0,35.1,,,,0.0,0.8,100.0,0.0
2019-07-17,1.3,12.7,87.1,,,,,,,,,,0.0,1.0,100.0,0.0
2019-07-18,,,,,,,,,,0.0,0.0,100.0,0.0,0.7,100.0,0.0
2019-07-19,,,,0.0,0.0,100.0,,,,0.0,0.0,100.0,0.0,0.6,100.0,0.0
2019-07-20,,,,,,,,,,,,,0.0,0.7,100.0,0.0
2019-07-21,17.3,21.1,98.2,,,,,,,,,,0.0,0.7,100.0,0.0
2019-07-22,13.4,18.0,95.9,,,,,,,0.0,0.0,100.0,0.0,0.5,100.0,0.0
2019-07-23,19.9,21.0,88.3,,,,,,,,,,0.0,0.5,100.0,0.0
2019-07-24,,,,0.0,0.0,100.0,,,,,,,0.0,0.5,100.0,0.0
2019-07-25,,,,,,,,,,,,,0.0,0.3,100.0,0.0
2019-07-26,,,,,,,,,,0.0,0.0,100.0,0.0,0.2,100.0,0.0
2019-07-27,25.6,24.8,98.2,,,,,,,,,,0.0,0.4,100.0,0.0
2019-07-28,29.1,31.1,96.5,,,,,,,,,,0.0,0.4,100.0,0.0
2019-07-29,24.5,30.0,88.3,0.0,0.0,100.0,,,,0.0,0.0,100.0,0.0,0.2,100.0,0.0
2019-07-30,,,,,,,,,,,,,0.0,0.1,100.0,0.0
2019-07-31,,,,,,,0.0,0.0,72.5,,,,0.0,0.1,100.0,0.0
2019-08-01,,,,,,,,,,,,,0.0,0.1,100.0,0.0
2019-08-02,37.5,38.5,98.2,,,,,,,0.0,0.0,100.0,0.0,0.1,100.0,0.0
2019-08-03,30.7,35.6,95.3,0.0,0.0,100.0,,,,0.0,0.0,100.0,0.0,0.0,100.0,0.0
2019-08-04,41.4,42.4,88.9,,,,,,,,,,0.0,0.0,100.0,0.0
2019-08-05,,,,,,,,,,,,,0.0,0.0,100.0,0.0
2019-08-06,,,,,,,,,,0.0,0.0,100.0,0.0,0.0,100.0,0.0
2019-08-07,,,,,,,,,,,,,0.0,0.0,100.0,0.0
2019-08-08,47.6,43.8,98.2,,,,0.0,0.0,40.4,,,,0.0,0.0,100.0,0.0
2019-08-09,42.1,39.5,95.9,,,,0.0,0.0,99.4,0.0,0.0,100.0,0.0,0.0,100.0,0.0
2019-08-10,43.6,40.4,87.1,,,,,,,0.0,0.0,100.0,0.0,0.0,100.0,0.0
2019-08-11,,,,,,,,,,,,,0.0,0.0,100.0,0.0
2019-08-12,,,,,,,,,,,,,0.0,0.0,100.0,0.0
2019-08-13,,,,,,,,,,,,,0.0,0.0,100.0,0.0
2019-08-14,49.4,43.0,98.2,,,,,,,0.0,0.0,100.0,0.0,0.0,100.0,0.0
2019-08-15,42.3,41.7,95.3,,,,,,,,,,0.0,0.0,100.0,0.0
2019-08-16,46.1,40.2,88.9,,,,0.0,0.0,100.0,,,,0.0,0.0,100.0,0.0
2019-08-17,,,,,,,0.0,0.0,63.2,,,,0.0,0.0,100.0,0.0
2019-08-18,,,,0.0,0.0,100.0,,,,0.0,0.0,100.0,0.0,0.0,100.0,0.0
2019-08-19,,,,,,,,,,,,,0.0,0.0,100.0,0.0
2019-08-20,38.1,37.6,98.2,,,,,,,,,,0.0,0.0,100.0,0.0
2019-08-21,32.5,32.3,97.1,,,,,,,0.0,0.0,100.0,0.0,0.0,100.0,0.0
2019-08-22,29.5,30.5,91.2,,,,,,,,,,0.0,0.0,100.0,0.0
2019-08-23,,,,,,,,,,,,,0.0,0.0,100.0,0.0
2019-08-24,,,,,,,0.0,0.0,35.1,,,,0.0,0.0,100.0,0.0
2019-08-25,,,,,,,0.0,0.0,100.0,0.0,0.0,100.0,0.0,0.0,100.0,0.0
2019-08-26,32.1,32.3,98.2,,,,,,,,,,0.0,0.0,100.0,0.0
2019-08-27,32.5,33.2,95.3,,,,,,,,,,0.0,0.0,100.0,0.0
2019-08-28,37.4,34.2,90.6,,,,,,,0.0,0.0,100.0,0.0,0.0,100.0,0.0
2019-08-29,,,,,,,,,,,,,0.0,0.0,100.0,0.0
2019-08-30,,,,,,,,,,,,,0.0,0.0,100.0,0.0
2019-08-31,,,,,,,,,,,,,0.0,0.0,100.0,0.0
2019-09-01,35.7,35.4,98.2,,,,0.0,0.0,100.0,,,,0.0,0.0,100.0,0.0
2019-09-02,34.0,31.8,94.7,0.0,0.0,48.0,,,,0.0,0.0,100.0,0.0,0.0,100.0,0.0
2019-09-03,35.7,34.2,90.1,,,,,,,,,,0.0,0.0,100.0,0.0
2019-09-04,,,,,,,,,,,,,0.0,0.0,100.0,0.0
2019-09-05,,,,,,,,,,0.0,0.0,100.0,0.0,0.1,100.0,0.0
2019-09-06,,,,,,,,,,,,,0.0,0.1,100.0,0.0
2019-09-07,38.1,36.1,98.2,,,,,,,,,,0.0,0.1,100.0,0.0
2019-09-08,35.9,35.6,97.7,,,,,,,,,,0.0,0.1,100.0,0.0
2019-09-09,37.3,35.0,89.5,,,,0.0,0.0,35.7,,,,0.0,0.2,100.0,0.0
2019-09-10,,,,,,,,,,,,,0.0,0.2,100.0,0.0
2019-09-11,,,,,,,,,,,,,0.0,0.3,100.0,0.0
2019-09-12,,,,0.0,0.0,100.0,,,,,,,0.0,0.2,100.0,0.0
2019-09-13,42.9,37.9,98.2,,,,,,,,,,0.0,0.3,100.0,0.0
2019-09-14,38.4,35.9,95.9,,,,,,,,,,0.0,0.4,100.0,0.0
2019-09-15,41.2,38.3,89.5,,,,,,,,,,0.0,0.4,100.0,0.0
2019-09-16,,,,,,,,,,,,,0.0,0.4,100.0,0.0
2019-09-17,,,,0.0,0.0,100.0,,,,,,,0.0,0.5,100.0,0.0
2019-09-18,,,,,,,,,,,,,0.0,0.6,100.0,0.0
2019-09-19,37.5,37.8,98.2,,,,,,,0.0,0.0,100.0,0.0,0.5,100.0,0.0
2019-09-20,35.6,37.7,95.3,,,,,,,,,,0.0,0.6,100.0,0.0
2019-09-21,42.2,41.8,90.1,,,,,,,,,,0.0,0.7,100.0,0.0
2019-09-22,,,,,,,,,,,,,0.0,0.8,100.0,0.0
2019-09-23,,,,,,,,,,0.0,0.1,100.0,0.0,0.7,100.0,0.0
2019-09-24,,,,,,,,,,,,,0.0,0.9,100.0,0.0
2019-09-25,37.5,42.0,98.2,,,,,,,,,,0.0,1.5,100.0,0.0
2019-09-26,43.7,42.3,97.7,,,,,,,,,,0.0,1.3,100.0,0.0
2019-09-27,40.8,37.4,88.9,0.0,0.0,100.0,,,,,,,0.0,0.9,100.0,0.0
2019-09-28,,,,,,,,,,0.0,0.1,100.0,0.0,0.8,100.0,0.0
2019-09-29,,,,,,,,,,,,,0.0,1.3,100.0,0.0
2019-09-30,,,,,,,,,,,,,0.0,1.1,100.0,0.0
2019-10-01,44.6,41.9,98.2,,,,,,,0.0,0.3,100.0,0.0,1.0,100.0,0.0
2019-10-02,37.4,35.6,95.3,,,,,,,0.0,0.4,100.0,0.0,1.0,100.0,0.0
2019-10-03,40.1,39.1,91.8,,,,,,,,,,0.0,1.3,100.0,0.0
2019-10-04,,,,,,,,,,,,,0.0,1.4,100.0,0.0
2019-10-05,,,,,,,,,,0.0,1.1,100.0,0.0,1.1,100.0,0.0
2019-10-06,,,,,,,,,,,,,0.0,1.5,100.0,0.0
2019-10-07,41.7,38.5,98.2,0.0,0.4,100.0,,,,,,,0.0,1.3,100.0,0.0
2019-10-08,48.2,43.1,98.2,,,,,,,,,,0.0,1.6,100.0,0.0
2019-10-09,44.7,41.6,93.0,,,,,,,0.0,0.8,88.9,0.0,1.3,100.0,0.0
2019-10-10,,,,,,,,,,,,,0.0,1.6,100.0,0.0
2019-10-11,,,,,,,0.0,0.0,33.9,,,,0.0,1.3,100.0,0.0
2019-10-12,,,,,,,,,,,,,0.0,1.4,100.0,0.0
2019-10-13,45.8,41.8,98.2,,,,,,,,,,0.0,1.3,100.0,0.0
2019-10-14,35.4,30.1,95.9,,,,,,,,,,0.0,1.5,100.0,0.0
2019-10-15,39.1,34.1,94.2,,,,,,,,,,0.0,1.8,100.0,0.0
2019-10-16,,,,,,,,,,0.0,2.6,100.0,0.0,1.6,100.0,0.0
2019-10-17,,,,,,,,,,0.0,1.5,100.0,0.0,1.5,100.0,0.0
2019-10-18,,,,,,,,,,,,,0.0,1.7,100.0,0.0
2019-10-19,30.4,27.4,98.2,,,,,,,,,,0.0,1.9,100.0,0.0
2019-10-20,36.5,32.9,97.7,,,,,,,0.0,4.0,100.0,0.0,1.9,100.0,0.0
2019-10-21,23.8,25.1,88.3,,,,,,,,,,0.0,2.2,100.0,0.0
2019-10-22,,,,0.0,3.4,100.0,,,,,,,0.0,2.1,100.0,0.0
2019-10-23,,,,,,,,,,,,,0.0,2.6,100.0,0.0
2019-10-24,,,,,,,,,,0.0,4.0,100.0,0.0,2.7,100.0,0.0
2019-10-25,36.3,34.1,98.2,,,,,,,,,,0.0,3.2,100.0,0.0
2019-10-26,27.2,27.1,94.7,,,,,,,,,,0.0,3.0,100.0,0.0
2019-10-27,31.2,29.3,90.1,,,,,,,,,,0.0,3.6,100.0,0.0
2019-10-28,,,,,,,,,,,,,0.0,4.0,100.0,0.0
2019-10-29,,,,,,,,,,,,,0.0,4.2,100.0,0.0
2019-10-30,,,,,,,,,,,,,0.0,4.4,100.0,0.0
2019-10-31,36.9,33.6,98.2,,,,,,,,,,0.0,5.4,100.0,0.0
2019-11-01,33.9,28.7,96.5,,,,,,,0.0,10.4,100.0,0.0,5.9,100.0,0.0
2019-11-02,36.4,32.4,94.7,,,,,,,,,,0.0,7.7,100.0,0.0
2019-11-03,,,,,,,,,,,,,0.0,7.6,100.0,0.0
2019-11-04,,,,,,,,,,,,,0.0,8.4,100.0,0.0
2019-11-05,,,,,,,,,,0.0,23.0,100.0,0.0,10.8,100.0,0.0
2019-11-06,38.7,29.2,98.2,92.5,68.5,39.2,,,,,,,0.6,14.3,100.0,0.6
2019-11-07,28.6,25.1,98.2,,,,,,,,,,3.5,19.1,100.0,3.5
2019-11-08,18.6,20.9,94.2,,,,,,,58.5,50.7,100.0,6.4,21.4,100.0,6.4
2019-11-09,,,,,,,,,,,,,11.7,27.8,100.0,11.7
2019-11-10,,,,,,,,,,,,,14.0,33.7,100.0,14.0
2019-11-11,,,,,,,,,,,,,22.2,41.6,100.0,22.2
2019-11-12,23.2,24.3,98.2,,,,,,,,,,32.2,48.8,100.0,32.2
2019-11-13,29.9,29.2,97.7,,,,52.6,51.0,100.0,,,,53.2,59.3,100.0,53.2
2019-11-14,23.6,26.6,91.8,,,,,,,,,,78.4,69.1,100.0,78.4
2019-11-15,,,,,,,,,,,,,86.5,74.1,100.0,86.5
2019-11-16,,,,100.0,98.7,100.0,,,,,,,100.0,82.3,100.0,100.0
2019-11-17,,,,,,,,,,,,,100.0,85.9,100.0,100.0
2019-11-18,36.3,35.7,98.2,,,,,,,,,,100.0,89.6,100.0,100.0
2019-11-19,30.9,32.4,96.5,,,,,,,,,,100.0,90.1,100.0,100.0
2019-11-20,37.1,35.3,93.0,,,,100.0,99.8,100.0,100.0,82.9,100.0,100.0,94.5,100.0,100.0
2019-11-21,,,,,,,,,,,,,100.0,94.1,100.0,100.0
2019-11-22,,,,,,,,,,,,,100.0,96.2,100.0,100.0
2019-11-23,,,,,,,,,,,,,100.0,95.9,100.0,100.0
2019-11-24,48.8,40.9,98.2,,,,,,,,,,100.0,96.7,100.0,100.0
2019-11-25,51.5,43.2,95.3,,,,,,,,,,100.0,96.5,100.0,100.0
2019-11-26,61.7,48.9,94.7,100.0,99.0,100.0,,,,,,,100.0,97.0,100.0,100.0
2019-11-27,,,,,,,,,,100.0,96.4,100.0,100.0,96.2,100.0,100.0
2019-11-28,,,,,,,,,,,,,100.0,96.2,100.0,100.0
2019-11-29,,,,,,,,,,,,,100.0,96.3,100.0,100.0
2019-11-30,73.8,54.5,98.2,,,,,,,,,,100.0,97.0,100.0,100.0
2019-12-01,81.8,62.2,99.4,,,,,,,100.0,98.7,100.0,100.0,97.4,100.0,100.0
2019-12-02,77.5,60.5,93.6,,,,,,,,,,100.0,98.1,100.0,100.0
2019-12-03,,,,,,,,,,,,,100.0,98.5,100.0,100.0
2019-12-04,,,,,,,,,,100.0,99.3,100.0,100.0,98.8,100.0,100.0
2019-12-05,,,,,,,,,,,,,100.0,98.7,100.0,100.0
2019-12-06,82.5,62.3,100.0,100.0,99.9,100.0,100.0,100.0,100.0,,,,100.0,99.4,100.0,100.0
2019-12-07,66.9,55.0,97.1,,,,,,,,,,100.0,99.1,100.0,100.0
2019-12-08,69.4,57.9,93.6,,,,,,,100.0,99.1,100.0,100.0,99.1,100.0,100.0
2019-12-09,,,,,,,,,,100.0,99.0,100.0,100.0,98.9,100.0,100.0
2019-12-10,,,,,,,,,,,,,100.0,98.9,100.0,100.0
2019-12-11,,,,,,,,,,,,,100.0,98.8,100.0,100.0
2019-12-12,67.3,55.2,100.0,,,,,,,100.0,99.2,100.0,100.0,99.2,100.0,100.0
2019-12-13,72.5,57.2,97.7,,,,,,,100.0,99.3,100.0,100.0,99.1,100.0,100.0
2019-12-14,64.8,53.9,93.0,,,,,,,,,,100.0,99.2,100.0,100.0
2019-12-15,,,,,,,100.0,100.0,100.0,,,,100.0,99.5,100.0,100.0
2019-12-16,,,,,,,,,,,,,100.0,99.5,100.0,100.0
2019-12-17,,,,,,,,,,100.0,99.4,100.0,100.0,99.5,100.0,100.0
2019-12-18,69.6,57.2,100.0,,,,,,,,,,100.0,99.5,100.0,100.0
2019-12-19,63.3,53.1,98.8,,,,,,,,,,100.0,99.3,100.0,100.0
2019-12-20,62.3,51.9,93.0,,,,,,,,,,100.0,99.1,100.0,100.0
2019-12-21,,,,100.0,99.8,100.0,,,,,,,100.0,98.9,100.0,100.0
2019-12-22,,,,,,,,,,,,,100.0,98.6,100.0,100.0
2019-12-23,,,,,,,,,,,,,100.0,97.9,100.0,100.0
2019-12-24,63.3,52.0,97.1,,,,,,,,,,100.0,97.1,100.0,100.0
2019-12-25,61.9,50.5,98.2,,,,,,,,,,100.0,97.6,100.0,100.0
2019-12-26,60.3,47.6,91.2,100.0,99.6,100.0,,,,,,,100.0,97.5,100.0,100.0
2019-12-27,,,,,,,,,,,,,100.0,97.2,100.0,100.0
2019-12-28,,,,,,,,,,,,,100.0,97.2,100.0,100.0
2019-12-29,,,,,,,,,,,,,100.0,98.0,100.0,100.0
2019-12-30,57.3,46.2,100.0,,,,,,,,,,100.0,97.6,100.0,100.0
2019-12-31,,,,99.4,99.3,100.0,100.0,100.0,100.0,,,,100.0,98.6,100.0,100.0
2020-01-01,52.5,41.5,91.9,,,,,,,,,,100.0,98.1,100.0,100.0
2020-01-02,,,,,,,,,,,,,100.0,98.6,100.0,100.0
2020-01-03,,,,,,,,,,,,,100.0,98.6,100.0,100.0
2020-01-04,,,,,,,,,,,,,100.0,98.8,100.0,100.0
2020-01-05,56.2,45.2,98.3,100.0,99.5,100.0,,,,98.8,98.6,100.0,100.0,99.0,100.0,100.0
2020-01-06,,,,,,,,,,,,,100.0,98.8,100.0,100.0
2020-01-07,34.8,33.9,93.6,,,,100.0,100.0,100.0,,,,100.0,99.1,100.0,100.0
2020-01-08,,,,,,,,,,,,,100.0,99.1,100.0,100.0
2020-01-09,,,,,,,,,,,,,100.0,99.1,100.0,100.0
2020-01-10,,,,,,,,,,,,,100.0,99.1,100.0,100.0
2020-01-11,64.1,49.5,98.8,,,,,,,99.4,99.1,100.0,100.0,99.1,100.0,100.0
2020-01-12,53.3,43.3,97.1,,,,,,,,,,100.0,99.2,100.0,100.0
2020-01-13,54.5,45.6,90.7,,,,,,,,,,100.0,99.4,100.0,100.0
2020-01-14,,,,,,,,,,,,,100.0,99.4,100.0,100.0
2020-01-15,,,,100.0,98.7,100.0,,,,,,,100.0,99.6,100.0,100.0
2020-01-16,,,,,,,100.0,100.0,100.0,100.0,99.5,100.0,100.0,99.7,100.0,100.0
2020-01-17,65.3,53.1,98.8,,,,,,,,,,100.0,99.7,100.0,100.0
2020-01-18,71.3,57.1,97.1,,,,,,,,,,100.0,99.7,100.0,100.0
2020-01-19,73.2,59.3,91.3,,,,,,,,,,100.0,99.8,100.0,100.0
2020-01-20,,,,100.0,99.9,98.8,,,,100.0,99.6,100.0,100.0,99.8,100.0,100.0
2020-01-21,,,,,,,,,,,,,100.0,99.8,100.0,100.0
2020-01-22,,,,,,,,,,,,,100.0,99.8,100.0,100.0
2020-01-23,84.7,64.3,98.8,,,,,,,,,,100.0,99.8,100.0,100.0
2020-01-24,95.2,68.1,96.5,,,,,,,,,,100.0,99.7,100.0,100.0
2020-01-25,100.0,76.1,93.0,100.0,99.7,100.0,,,,,,,100.0,99.8,100.0,100.0
2020-01-26,,,,,,,,,,,,,100.0,99.5,100.0,100.0
2020-01-27,,,,,,,,,,,,,100.0,99.5,100.0,100.0
2020-01-28,,,,,,,,,,100.0,99.6,100.0,100.0,99.3,100.0,100.0
2020-01-29,94.7,70.4,98.8,,,,,,,,,,100.0,99.4,100.0,100.0
2020-01-30,92.1,66.0,95.3,100.0,99.7,100.0,,,,,,,100.0,99.3,100.0,100.0
2020-01-31,95.5,68.8,90.7,,,,,,,100.0,99.7,100.0,100.0,99.1,100.0,100.0
2020-02-01,,,,,,,,,,,,,100.0,98.8,100.0,100.0
2020-02-02,,,,,,,,,,,,,100.0,99.0,100.0,100.0
2020-02-03,,,,,,,,,,,,,100.0,98.8,100.0,100.0
2020-02-04,100.0,79.6,98.8,,,,,,,100.0,99.5,100.0,100.0,99.1,100.0,100.0
2020-02-05,100.0,82.7,98.3,,,,,,,100.0,99.7,100.0,100.0,99.3,100.0,100.0
2020-02-06,100.0,77.6,91.3,,,,,,,,,,100.0,99.5,100.0,100.0
2020-02-07,,,,,,,,,,,,,100.0,99.5,100.0,100.0
2020-02-08,,,,,,,100.0,100.0,100.0,100.0,99.6,100.0,100.0,99.7,100.0,100.0
2020-02-09,,,,99.4,99.4,100.0,,,,,,,100.0,99.6,100.0,100.0
2020-02-10,100.0,84.0,98.8,,,,,,,,,,100.0,99.7,100.0,100.0
2020-02-11,100.0,82.9,95.9,,,,,,,,,,100.0,99.6,100.0,100.0
2020-02-12,100.0,88.6,91.9,,,,,,,,,,100.0,99.6,100.0,100.0
2020-02-13,,,,,,,,,,100.0,99.8,100.0,100.0,99.6,100.0,100.0
2020-02-14,,,,100.0,99.5,100.0,,,,,,,100.0,99.7,100.0,100.0
2020-02-15,,,,,,,,,,,,,100.0,99.6,100.0,100.0
2020-02-16,100.0,88.7,98.8,,,,,,,100.0,99.8,100.0,100.0,99.6,100.0,100.0
2020-02-17,100.0,90.6,95.9,,,,,,,,,,100.0,99.4,100.0,100.0
2020-02-18,100.0,90.5,90.1,,,,,,,,,,100.0,99.5,100.0,100.0
2020-02-19,,,,,,,,,,,,,100.0,99.3,100.0,100.0
2020-02-20,,,,,,,,,,100.0,99.8,100.0,100.0,99.5,100.0,100.0
2020-02-21,,,,,,,,,,100.0,99.7,100.0,100.0,99.3,100.0,100.0
2020-02-22,100.0,92.4,98.3,,,,,,,,,,100.0,99.5,100.0,100.0
2020-02-23,100.0,92.6,98.8,,,,,,,,,,100.0,99.3,100.0,100.0
2020-02-24,100.0,92.9,93.6,99.4,99.1,100.0,100.0,100.0,100.0,,,,100.0,99.6,100.0,100.0
2020-02-25,,,,,,,,,,,,,100.0,98.7,100.0,100.0
2020-02-26,,,,,,,,,,,,,100.0,99.1,100.0,100.0
2020-02-27,,,,,,,,,,,,,100.0,98.6,100.0,100.0
2020-02-28,100.0,92.7,97.7,,,,,,,,,,100.0,98.7,100.0,100.0
2020-02-29,100.0,90.6,96.5,,,,,,,100.0,99.8,100.0,100.0,98.2,100.0,100.0
2020-03-01,100.0,89.7,90.7,,,,,,,,,,100.0,98.4,100.0,100.0
2020-03-02,,,,,,,,,,,,,100.0,97.9,100.0,100.0
2020-03-03,,,,,,,,,,100.0,99.8,100.0,100.0,97.8,100.0,100.0
2020-03-04,,,,,,,,,,100.0,99.8,100.0,100.0,97.3,100.0,100.0
2020-03-05,100.0,91.2,98.8,,,,,,,,,,100.0,97.7,100.0,100.0
2020-03-06,100.0,93.3,93.0,,,,,,,,,,100.0,97.7,100.0,100.0
2020-03-07,100.0,93.8,86.0,,,,,,,100.0,99.8,100.0,100.0,98.4,100.0,100.0
2020-03-08,,,,,,,,,,,,,100.0,98.6,100.0,100.0
2020-03-09,,,,,,,,,,,,,100.0,98.9,100.0,100.0
2020-03-10,,,,,,,,,,,,,100.0,98.9,100.0,100.0
2020-03-11,100.0,95.2,98.8,,,,100.0,100.0,100.0,,,,100.0,99.5,100.0,100.0
2020-03-12,100.0,96.5,98.8,,,,,,,,,,100.0,99.4,100.0,100.0
2020-03-13,100.0,97.8,94.8,,,,,,,,,,100.0,99.5,100.0,100.0
2020-03-14,,,,,,,,,,100.0,99.9,100.0,100.0,99.4,100.0,100.0
2020-03-15,,,,99.4,99.0,100.0,,,,100.0,99.9,100.0,100.0,99.5,100.0,100.0
2020-03-16,,,,,,,,,,,,,100.0,99.5,100.0,100.0
2020-03-17,100.0,98.5,98.8,,,,,,,,,,100.0,99.6,100.0,100.0
2020-03-18,100.0,98.2,98.8,,,,,,,,,,100.0,99.6,100.0,100.0
2020-03-19,100.0,98.2,97.1,,,,,,,100.0,99.9,100.0,100.0,99.6,100.0,100.0
2020-03-20,,,,98.8,98.5,100.0,100.0,100.0,100.0,,,,100.0,99.7,100.0,100.0
2020-03-21,,,,,,,,,,,,,100.0,99.6,100.0,100.0
2020-03-22,,,,,,,,,,100.0,99.9,100.0,100.0,99.6,100.0,100.0
2020-03-23,100.0,98.3,98.8,,,,,,,100.0,99.9,100.0,100.0,99.7,100.0,100.0
2020-03-24,100.0,98.3,98.8,,,,,,,,,,100.0,99.6,100.0,100.0
2020-03-25,100.0,98.2,93.6,100.0,99.2,100.0,,,,,,,100.0,99.7,100.0,100.0
2020-03-26,,,,,,,,,,,,,100.0,99.6,100.0,100.0
2020-03-27,,,,,,,100.0,100.0,100.0,,,,100.0,99.7,100.0,100.0
2020-03-28,,,,,,,,,,,,,100.0,99.6,100.0,100.0
2020-03-29,100.0,97.4,98.8,,,,,,,,,,100.0,99.6,100.0,100.0
2020-03-30,100.0,96.1,98.8,100.0,99.4,100.0,,,,100.0,99.9,100.0,100.0,99.7,100.0,100.0
2020-03-31,100.0,95.9,96.5,,,,,,,100.0,99.9,100.0,100.0,99.5,100.0,100.0
2020-04-01,,,,,,,,,,,,,100.0,99.4,100.0,100.0
2020-04-02,,,,,,,,,,,,,100.0,99.5,100.0,100.0
2020-04-03,,,,,,,,,,100.0,99.8,100.0,100.0,99.4,100.0,100.0
2020-04-04,100.0,94.2,100.0,100.0,99.1,100.0,,,,100.0,99.7,100.0,100.0,99.6,100.0,100.0
2020-04-05,100.0,92.1,100.0,,,,100.0,99.9,100.0,,,,100.0,99.5,100.0,100.0
2020-04-06,100.0,91.5,95.9,,,,,,,,,,100.0,99.5,100.0,100.0
2020-04-07,,,,,,,,,,100.0,99.6,100.0,100.0,99.4,100.0,100.0
2020-04-08,,,,,,,,,,100.0,99.5,100.0,100.0,99.4,100.0,100.0
2020-04-09,,,,100.0,98.9,100.0,,,,,,,100.0,99.4,100.0,100.0
2020-04-10,100.0,87.4,100.0,,,,,,,,,,100.0,99.4,100.0,100.0
2020-04-11,98.8,88.0,100.0,,,,,,,100.0,99.1,100.0,100.0,99.3,100.0,100.0
2020-04-12,100.0,88.2,97.7,,,,100.0,99.8,100.0,100.0,98.9,100.0,100.0,99.5,100.0,100.0
2020-04-13,,,,,,,,,,,,,100.0,99.3,100.0,100.0
2020-04-14,,,,100.0,99.0,100.0,,,,,,,100.0,99.5,100.0,100.0
2020-04-15,,,,,,,,,,100.0,98.3,100.0,100.0,99.2,100.0,100.0
2020-04-16,96.5,84.3,100.0,,,,,,,,,,100.0,99.3,100.0,100.0
2020-04-17,86.6,77.5,100.0,,,,,,,,,,100.0,99.1,100.0,100.0
2020-04-18,86.7,78.0,95.9,,,,,,,,,,100.0,99.1,100.0,100.0
2020-04-19,,,,,,,,,,,,,100.0,98.7,100.0,100.0
2020-04-20,,,,,,,,,,100.0,97.5,100.0,100.0,98.6,100.0,100.0
2020-04-21,,,,,,,,,,,,,100.0,98.2,100.0,100.0
2020-04-22,89.4,80.4,98.8,,,,,,,,,,100.0,98.1,100.0,100.0
2020-04-23,82.6,72.6,100.0,,,,,,,,,,100.0,97.7,100.0,100.0
2020-04-24,86.8,73.8,97.1,100.0,99.3,100.0,,,,100.0,96.5,100.0,100.0,98.0,100.0,100.0
2020-04-25,,,,,,,,,,,,,100.0,97.4,100.0,100.0
2020-04-26,,,,,,,,,,,,,100.0,97.1,100.0,100.0
2020-04-27,,,,,,,,,,100.0,95.6,100.0,100.0,96.8,100.0,100.0
2020-04-28,83.1,70.6,100.0,,,,,,,,,,100.0,97.1,100.0,100.0
2020-04-29,80.8,69.0,100.0,100.0,99.8,100.0,,,,,,,100.0,97.8,100.0,100.0
2020-04-30,81.8,72.0,95.9,,,,,,,,,,100.0,97.4,100.0,100.0
2020-05-01,,,,,,,,,,,,,100.0,96.9,100.0,100.0
2020-05-02,,,,,,,,,,,,,100.0,97.5,100.0,100.0
2020-05-03,,,,,,,,,,,,,100.0,97.8,100.0,100.0
2020-05-04,83.7,73.8,100.0,100.0,99.4,100.0,,,,,,,100.0,98.8,100.0,100.0
2020-05-05,83.7,76.0,100.0,,,,,,,,,,100.0,98.6,100.0,100.0
2020-05-06,83.1,78.1,100.0,,,,,,,,,,100.0,99.0,100.0,100.0
2020-05-07,,,,,,,100.0,99.6,76.7,,,,100.0,99.1,100.0,100.0
2020-05-08,,,,,,,,,,,,,100.0,99.1,100.0,100.0
2020-05-09,,,,100.0,99.1,100.0,,,,100.0,95.6,100.0,100.0,99.1,100.0,100.0
2020-05-10,84.9,79.9,100.0,,,,,,,,,,100.0,99.1,100.0,100.0
2020-05-11,88.3,82.9,99.4,,,,,,,,,,100.0,98.9,100.0,100.0
2020-05-12,91.1,85.5,97.7,,,,,,,100.0,91.3,100.0,100.0,98.9,100.0,100.0
2020-05-13,,,,,,,,,,,,,100.0,98.6,100.0,100.0
2020-05-14,,,,100.0,97.4,100.0,,,,,,,100.0,98.9,100.0,100.0
2020-05-15,,,,,,,,,,,,,100.0,98.3,100.0,100.0
2020-05-16,90.1,86.2,100.0,,,,,,,100.0,85.6,100.0,100.0,98.3,100.0,100.0
2020-05-17,88.9,84.5,99.4,,,,,,,99.4,74.3,100.0,100.0,98.0,100.0,100.0
2020-05-18,92.9,86.7,97.7,,,,,,,,,,100.0,98.2,100.0,100.0
2020-05-19,,,,100.0,98.1,100.0,,,,,,,100.0,97.9,100.0,100.0
2020-05-20,,,,,,,,,,,,,100.0,97.8,100.0,100.0
2020-05-21,,,,,,,,,,95.3,66.4,100.0,100.0,97.3,100.0,100.0
2020-05-22,93.0,86.5,100.0,,,,,,,,,,100.0,97.7,100.0,100.0
2020-05-23,93.6,84.6,100.0,,,,,,,,,,100.0,97.1,100.0,100.0
2020-05-24,93.9,85.1,95.3,100.0,95.9,100.0,,,,39.0,43.2,100.0,100.0,97.6,100.0,100.0
2020-05-25,,,,,,,,,,4.1,35.6,100.0,100.0,96.5,100.0,100.0
2020-05-26,,,,,,,,,,,,,100.0,96.2,100.0,100.0
2020-05-27,,,,,,,,,,,,,100.0,95.3,100.0,100.0
2020-05-28,93.0,83.4,100.0,,,,,,,2.3,28.7,100.0,100.0,95.2,100.0,100.0
2020-05-29,91.2,79.5,99.4,99.4,88.0,100.0,,,,0.0,25.9,100.0,100.0,94.4,100.0,100.0
2020-05-30,93.3,81.6,94.8,,,,,,,,,,100.0,91.8,100.0,100.0
2020-05-31,,,,,,,,,,,,,100.0,89.2,100.0,100.0
2020-06-01,,,,,,,,,,,,,99.4,86.2,100.0,99.4
2020-06-02,,,,,,,,,,,,,97.7,83.0,100.0,97.7
2020-06-03,90.1,78.1,100.0,,,,,,,,,,96.5,78.0,100.0,96.5
2020-06-04,89.5,76.3,100.0,,,,,,,,,,94.2,75.5,100.0,94.2
2020-06-05,91.9,73.9,93.6,,,,,,,,,,82.0,68.4,100.0,82.0
2020-06-06,,,,,,,,,,,,,73.3,64.8,100.0,73.3
2020-06-07,,,,,,,,,,,,,54.7,58.4,100.0,54.7
2020-06-08,,,,,,,,,,,,,59.9,60.2,100.0,59.9
2020-06-09,96.5,78.5,100.0,,,,,,,,,,50.6,55.8,100.0,50.6
2020-06-10,89.5,71.5,99.4,,,,,,,,,,55.2,58.1,100.0,55.2
2020-06-11,,,,,,,,,,,,,46.5,52.5,100.0,46.5
2020-06-12,,,,,,,,,,,,,51.7,55.7,100.0,51.7
2020-06-13,,,,,,,,,,,,,42.4,49.3,100.0,42.4
2020-06-14,,,,,,,,,,,,,34.3,47.4,100.0,34.3
2020-06-15,98.8,76.0,100.0,,,,,,,,,,22.7,42.3,100.0,22.7
2020-06-16,88.8,68.0,98.3,,,,,,,,,,28.5,46.6,100.0,28.5
2020-06-17,91.4,66.6,94.8,,,,,,,0.0,11.1,100.0,7.6,41.0,100.0,7.6
2020-06-18,,,,,,,,,,,,,7.0,44.8,100.0,7.0
2020-06-19,,,,,,,,,,,,,0.6,39.1,100.0,0.6
2020-06-20,,,,,,,,,,0.0,4.6,100.0,0.0,39.6,100.0,0.0
2020-06-21,89.0,68.8,100.0,,,,,,,0.0,4.0,100.0,0.0,31.8,100.0,0.0
2020-06-22,79.2,56.6,97.7,,,,,,,,,,0.0,27.9,100.0,0.0
2020-06-23,,,,,,,,,,,,,0.0,18.9,100.0,0.0
2020-06-24,,,,,,,,,,,,,0.0,15.4,100.0,0.0
2020-06-25,,,,,,,,,,0.0,1.7,100.0,0.0,11.8,100.0,0.0
2020-06-26,,,,,,,,,,,,,0.0,12.3,100.0,0.0
2020-06-27,84.3,61.4,100.0,,,,,,,,,,0.0,11.5,100.0,0.0
2020-06-28,46.7,41.2,97.1,,,,,,,0.0,0.3,100.0,0.0,11.7,100.0,0.0
2020-06-29,54.8,44.9,91.3,,,,,,,,,,0.0,10.7,100.0,0.0
2020-06-30,,,,,,,,,,,,,0.0,9.7,100.0,0.0
2020-07-01,,,,,,,,,,,,,0.0,9.3,100.0,0.0
2020-07-02,,,,,,,,,,,,,0.0,9.7,100.0,0.0
2020-07-03,48.8,42.2,100.0,,,,,,,,,,0.0,9.4,100.0,0.0
2020-07-04,26.5,31.4,96.5,,,,,,,,,,0.0,8.8,100.0,0.0
2020-07-05,23.9,31.4,90.1,,,,,,,,,,0.0,7.7,100.0,0.0
2020-07-06,,,,,,,,,,,,,0.0,5.8,100.0,0.0
2020-07-07,,,,,,,,,,,,,0.0,5.8,100.0,0.0
2020-07-08,,,,0.6,2.1,100.0,,,,,,,0.0,5.7,100.0,0.0
2020-07-09,26.7,29.4,100.0,,,,,,,0.0,0.1,100.0,0.0,4.2,100.0,0.0
2020-07-10,28.7,29.3,97.1,,,,,,,0.0,0.1,100.0,0.0,3.1,100.0,0.0
2020-07-11,20.1,27.1,89.5,,,,,,,,,,0.0,3.8,100.0,0.0
2020-07-12,,,,,,,,,,,,,0.0,3.9,100.0,0.0
2020-07-13,,,,0.0,0.1,100.0,,,,,,,0.0,3.0,100.0,0.0
2020-07-14,,,,,,,,,,0.0,0.1,100.0,0.0,2.3,100.0,0.0
2020-07-15,32.6,31.4,100.0,,,,,,,,,,0.0,3.1,100.0,0.0
2020-07-16,27.1,29.1,96.5,,,,,,,,,,0.0,3.5,100.0,0.0
2020-07-17,32.0,32.5,89.0,,,,0.0,0.0,39.0,0.0,0.0,100.0,0.0,2.6,100.0,0.0
2020-07-18,,,,0.0,0.0,55.2,,,,0.0,0.0,100.0,0.0,1.7,100.0,0.0
2020-07-19,,,,,,,,,,,,,0.0,2.0,100.0,0.0
2020-07-20,,,,,,,,,,,,,0.0,2.1,100.0,0.0
2020-07-21,32.0,32.6,100.0,,,,,,,,,,0.0,1.7,100.0,0.0
2020-07-22,31.0,31.9,97.7,,,,,,,,,,0.0,1.4,100.0,0.0
2020-07-23,32.7,32.6,89.0,0.0,0.0,100.0,,,,,,,0.0,1.3,100.0,0.0
2020-07-24,,,,,,,,,,,,,0.0,1.2,100.0,0.0
2020-07-25,,,,,,,,,,0.0,0.0,100.0,0.0,1.0,100.0,0.0
2020-07-26,,,,,,,,,,0.0,0.0,100.0,0.0,1.0,100.0,0.0
2020-07-27,36.6,33.5,100.0,,,,,,,,,,0.0,0.9,100.0,0.0
2020-07-28,15.5,20.9,97.7,,,,,,,,,,0.0,0.8,100.0,0.0
2020-07-29,21.8,23.6,90.7,,,,,,,0.0,0.0,100.0,0.0,0.5,100.0,0.0
2020-07-30,,,,,,,,,,,,,0.0,0.4,100.0,0.0
2020-07-31,,,,,,,,,,,,,0.0,0.6,100.0,0.0
2020-08-01,,,,,,,,,,,,,0.0,0.5,100.0,0.0
2020-08-02,16.3,19.3,100.0,,,,,,,,,,0.0,0.6,100.0,0.0
2020-08-03,11.1,15.6,99.4,,,,,,,0.0,0.0,100.0,0.0,0.4,100.0,0.0
2020-08-04,6.3,12.3,91.9,,,,,,,,,,0.0,0.4,100.0,0.0
2020-08-05,,,,,,,,,,,,,0.0,0.5,100.0,0.0
2020-08-06,,,,,,,,,,0.0,0.0,100.0,0.0,0.3,100.0,0.0
2020-08-07,,,,0.0,0.0,100.0,,,,0.0,0.0,100.0,0.0,0.2,100.0,0.0
2020-08-08,5.9,12.0,98.3,,,,,,,,,,0.0,0.2,100.0,0.0
2020-08-09,4.3,10.6,94.8,,,,,,,,,,0.0,0.3,100.0,0.0
2020-08-10,2.0,9.5,87.8,,,,,,,0.0,0.0,100.0,0.0,0.2,100.0,0.0
2020-08-11,,,,,,,,,,0.0,0.0,100.0,0.0,0.2,100.0,0.0
2020-08-12,,,,0.0,0.0,100.0,,,,,,,0.0,0.1,100.0,0.0
2020-08-13,,,,,,,,,,,,,0.0,0.1,100.0,0.0
2020-08-14,5.3,11.5,98.3,,,,,,,0.0,0.0,100.0,0.0,0.1,100.0,0.0
2020-08-15,5.4,11.2,96.5,,,,,,,0.0,0.0,100.0,0.0,0.1,100.0,0.0
2020-08-16,5.2,12.6,89.5,,,,,,,,,,0.0,0.1,100.0,0.0
2020-08-17,,,,,,,,,,,,,0.0,0.1,100.0,0.0
2020-08-18,,,,,,,0.0,0.0,100.0,,,,0.0,0.1,100.0,0.0
2020-08-19,,,,,,,,,,0.0,0.0,100.0,0.0,0.0,100.0,0.0
2020-08-20,7.1,13.6,98.3,,,,,,,,,,0.0,0.0,100.0,0.0
2020-08-21,6.8,14.0,94.2,,,,,,,,,,0.0,0.1,100.0,0.0
2020-08-22,6.0,13.1,87.2,0.0,0.0,100.0,,,,0.0,0.1,100.0,0.0,0.1,100.0,0.0
2020-08-23,,,,,,,,,,0.0,0.0,100.0,0.0,0.0,100.0,0.0
2020-08-24,,,,,,,,,,,,,0.0,0.0,100.0,0.0
2020-08-25,,,,,,,,,,,,,0.0,0.1,100.0,0.0
2020-08-26,7.7,17.2,98.3,,,,0.0,0.0,36.0,0.0,0.0,100.0,0.0,0.0,100.0,0.0
2020-08-27,5.0,11.7,93.6,0.0,0.0,100.0,0.0,0.0,100.0,0.0,0.0,100.0,0.0,0.0,100.0,0.0
2020-08-28,3.9,11.7,89.5,,,,,,,,,,0.0,0.0,100.0,0.0
2020-08-29,,,,,,,,,,,,,0.0,0.0,100.0,0.0
2020-08-30,,,,,,,,,,0.0,0.1,100.0,0.0,0.1,100.0,0.0
2020-08-31,,,,,,,,,,0.0,0.0,100.0,0.0,0.1,100.0,0.0
2020-09-01,7.1,14.4,98.3,0.0,0.0,100.0,,,,,,,0.0,0.1,100.0,0.0
2020-09-02,6.0,15.2,96.5,,,,,,,,,,0.0,0.1,100.0,0.0
2020-09-03,5.3,12.3,87.2,,,,0.0,0.0,100.0,0.0,0.0,100.0,0.0,0.1,100.0,0.0
2020-09-04,,,,,,,,,,0.0,0.0,100.0,0.0,0.1,100.0,0.0
2020-09-05,,,,,,,,,,,,,0.0,0.1,100.0,0.0
2020-09-06,,,,0.0,0.0,100.0,,,,,,,0.0,0.1,100.0,0.0
2020-09-07,10.7,21.9,98.3,,,,,,,0.0,0.0,100.0,0.0,0.1,100.0,0.0
2020-09-08,16.4,26.2,95.9,,,,,,,,,,0.0,0.1,100.0,0.0
2020-09-09,18.4,31.3,88.4,,,,,,,,,,0.0,0.1,100.0,0.0
2020-09-10,,,,,,,,,,,,,0.0,0.1,100.0,0.0
2020-09-11,,,,,,,,,,,,,0.0,0.3,100.0,0.0
2020-09-12,,,,,,,,,,,,,0.0,0.3,100.0,0.0
2020-09-13,27.8,35.4,98.3,,,,,,,,,,0.0,0.3,100.0,0.0
2020-09-14,43.2,40.9,98.3,,,,,,,,,,0.0,0.3,100.0,0.0
2020-09-15,55.6,44.0,87.8,,,,,,,,,,0.0,0.2,100.0,0.0
2020-09-16,,,,0.0,0.0,98.8,,,,,,,0.0,0.2,100.0,0.0
2020-09-17,,,,,,,,,,,,,0.0,0.3,100.0,0.0
2020-09-18,,,,,,,,,,0.0,0.0,100.0,0.0,0.2,100.0,0.0
2020-09-19,71.0,53.1,98.3,,,,,,,,,,0.0,0.5,100.0,0.0
2020-09-20,92.2,65.1,96.5,,,,,,,,,,0.0,0.5,100.0,0.0
2020-09-21,86.2,65.4,88.4,,,,,,,,,,0.0,0.6,100.0,0.0
2020-09-22,,,,,,,,,,,,,0.0,0.6,100.0,0.0
2020-09-23,,,,,,,,,,0.0,0.1,100.0,0.0,0.6,100.0,0.0
2020-09-24,,,,,,,,,,,,,0.0,1.2,100.0,0.0
2020-09-25,88.8,68.9,98.3,,,,,,,,,,0.0,1.6,100.0,0.0
2020-09-26,73.9,60.5,95.9,,,,,,,0.0,0.2,67.4,0.0,2.0,100.0,0.0
2020-09-27,88.0,72.0,91.9,,,,,,,,,,0.0,2.7,100.0,0.0
2020-09-28,,,,,,,,,,,,,0.0,3.7,100.0,0.0
2020-09-29,,,,,,,,,,,,,0.0,3.9,100.0,0.0
2020-09-30,,,,,,,,,,0.0,0.2,100.0,0.0,3.9,100.0,0.0
2020-10-01,82.8,69.1,98.3,,,,,,,0.0,0.4,100.0,0.0,4.1,100.0,0.0
2020-10-02,80.6,67.8,95.9,,,,,,,,,,0.0,5.7,100.0,0.0
2020-10-03,70.7,59.6,91.3,,,,,,,,,,0.0,5.4,100.0,0.0
2020-10-04,,,,,,,,,,0.0,0.7,100.0,0.0,5.1,100.0,0.0
2020-10-05,,,,,,,,,,0.0,0.4,100.0,0.0,4.8,100.0,0.0
2020-10-06,,,,,,,,,,,,,0.0,6.3,100.0,0.0
2020-10-07,74.0,62.1,98.3,,,,,,,,,,0.0,6.6,100.0,0.0
2020-10-08,46.2,44.7,98.3,,,,,,,0.0,1.3,100.0,0.0,6.6,100.0,0.0
2020-10-09,65.0,57.3,93.0,,,,,,,0.0,1.0,100.0,0.0,7.4,100.0,0.0
2020-10-10,,,,,,,,,,,,,0.0,10.4,100.0,0.0
2020-10-11,,,,0.0,0.2,96.5,,,,,,,0.0,10.3,100.0,0.0
2020-10-12,,,,,,,,,,0.0,1.8,100.0,0.0,10.7,100.0,0.0
2020-10-13,42.6,41.3,98.3,,,,,,,0.0,1.9,100.0,0.0,12.6,100.0,0.0
2020-10-14,44.6,42.2,97.7,,,,,,,,,,0.0,17.1,100.0,0.0
2020-10-15,35.1,29.4,76.2,,,,,,,,,,0.0,18.6,100.0,0.0
2020-10-16,,,,0.0,2.4,100.0,,,,0.0,6.0,100.0,0.0,18.2,100.0,0.0
2020-10-17,,,,,,,,,,0.0,8.5,100.0,0.0,24.5,100.0,0.0
2020-10-18,,,,,,,,,,,,,0.0,29.7,100.0,0.0
2020-10-19,49.1,44.4,98.3,,,,,,,,,,0.0,31.5,100.0,0.0
2020-10-20,40.4,39.2,96.5,,,,,,,,,,0.6,30.1,100.0,0.6
2020-10-21,54.7,48.9,92.4,1.2,8.9,100.0,,,,0.3,18.9,100.0,9.9,34.7,100.0,9.9
2020-10-22,,,,,,,,,,,,,5.2,36.5,100.0,5.2
2020-10-23,,,,,,,,,,,,,6.4,35.0,100.0,6.4
2020-10-24,,,,,,,,,,35.5,44.6,100.0,1.2,30.3,100.0,1.2
2020-10-25,58.6,52.5,98.3,,,,,,,90.7,65.3,100.0,22.1,43.6,100.0,22.1
2020-10-26,82.2,61.8,98.3,,,,,,,,,,30.2,48.8,100.0,30.2
2020-10-27,88.7,67.8,93.0,,,,,,,,,,36.6,52.2,100.0,36.6
2020-10-28,,,,,,,,,,99.4,78.8,100.0,29.1,48.6,100.0,29.1
2020-10-29,,,,,,,,,,100.0,85.0,100.0,43.6,54.6,100.0,43.6
2020-10-30,,,,,,,,,,,,,39.5,53.2,100.0,39.5
2020-10-31,87.6,68.8,98.3,20.9,31.7,100.0,,,,,,,52.9,55.3,100.0,52.9
2020-11-01,85.2,68.4,98.3,,,,,,,100.0,87.9,100.0,43.6,53.8,100.0,43.6
2020-11-02,90.4,70.5,90.7,,,,,,,,,,69.8,59.8,100.0,69.8
2020-11-03,,,,,,,,,,,,,70.9,61.1,100.0,70.9
2020-11-04,,,,,,,,,,,,,79.7,65.5,100.0,79.7
2020-11-05,,,,25.0,31.8,100.0,,,,,,,81.4,66.2,100.0,81.4
2020-11-06,88.2,69.4,98.3,,,,,,,,,,85.5,69.3,100.0,85.5
2020-11-07,82.9,64.6,95.3,,,,,,,,,,87.2,69.8,100.0,87.2
2020-11-08,89.3,68.5,92.4,,,,,,,,,,88.4,72.1,100.0,88.4
2020-11-09,,,,,,,,,,,,,90.1,73.0,100.0,90.1
2020-11-10,,,,54.7,50.8,100.0,,,,,,,93.0,76.4,100.0,93.0
2020-11-11,,,,,,,,,,,,,92.4,73.8,100.0,92.4
2020-11-12,89.3,65.7,98.3,,,,,,,,,,93.6,77.2,100.0,93.6
2020-11-13,85.6,63.0,97.1,,,,,,,,,,95.3,78.4,100.0,95.3
2020-11-14,,,,,,,,,,,,,97.7,82.3,100.0,97.7
2020-11-15,,,,,,,,,,,,,98.3,82.0,100.0,98.3
2020-11-16,,,,,,,,,,,,,98.3,83.4,100.0,98.3
2020-11-17,,,,,,,,,,100.0,93.6,100.0,98.3,83.5,100.0,98.3
2020-11-18,78.7,58.8,98.3,,,,,,,,,,100.0,86.4,100.0,100.0
2020-11-19,72.8,56.0,98.3,,,,,,,,,,100.0,87.0,100.0,100.0
2020-11-20,69.0,50.4,91.9,62.8,58.2,100.0,,,,,,,100.0,88.4,100.0,100.0
2020-11-21,,,,,,,,,,,,,100.0,86.4,100.0,100.0
2020-11-22,,,,,,,36.7,42.5,87.2,,,,100.0,88.2,100.0,100.0
2020-11-23,,,,,,,,,,,,,100.0,87.1,100.0,100.0
2020-11-24,82.8,59.6,98.3,,,,,,,,,,100.0,88.1,100.0,100.0
2020-11-25,61.0,47.7,95.3,86.6,76.5,100.0,,,,,,,100.0,90.3,100.0,100.0
2020-11-26,,,,,,,,,,,,,100.0,90.1,100.0,100.0
2020-11-27,,,,,,,,,,,,,100.0,89.0,100.0,100.0
2020-11-28,,,,,,,,,,100.0,96.2,100.0,100.0,89.2,100.0,100.0
2020-11-29,,,,,,,,,,100.0,96.9,100.0,100.0,89.3,100.0,100.0
2020-11-30,80.5,56.7,98.3,90.7,82.5,100.0,,,,,,,100.0,91.6,100.0,100.0
2020-12-01,41.4,38.0,94.2,,,,,,,,,,100.0,89.5,100.0,100.0
2020-12-02,48.7,44.1,88.4,,,,,,,100.0,98.2,100.0,100.0,89.7,100.0,100.0
2020-12-03,,,,,,,,,,100.0,98.8,100.0,100.0,89.2,100.0,100.0
2020-12-04,,,,,,,,,,,,,100.0,91.1,100.0,100.0
2020-12-05,,,,,,,,,,,,,100.0,89.7,100.0,100.0
2020-12-06,45.7,40.5,94.2,,,,,,,100.0,99.0,100.0,100.0,91.1,100.0,100.0
2020-12-07,45.6,41.2,93.0,,,,,,,100.0,99.2,100.0,100.0,90.6,100.0,100.0
2020-12-08,41.2,38.3,86.0,,,,,,,,,,100.0,92.9,100.0,100.0
2020-12-09,,,,,,,,,,,,,100.0,92.0,100.0,100.0
2020-12-10,,,,100.0,98.1,100.0,,,,100.0,99.4,100.0,100.0,93.9,100.0,100.0
2020-12-11,,,,,,,,,,100.0,99.5,100.0,100.0,92.3,100.0,100.0
2020-12-12,56.2,46.4,94.2,,,,,,,,,,100.0,94.1,100.0,100.0
2020-12-13,76.1,56.1,92.4,,,,,,,,,,100.0,93.4,100.0,100.0
2020-12-14,96.7,68.5,87.2,,,,,,,100.0,99.1,100.0,100.0,94.6,100.0,100.0
2020-12-15,,,,,,,,,,100.0,99.1,100.0,100.0,93.8,100.0,100.0
2020-12-16,,,,,,,,,,,,,100.0,95.3,100.0,100.0
2020-12-17,,,,,,,,,,,,,100.0,95.0,100.0,100.0
2020-12-18,99.4,74.1,94.2,,,,,,,100.0,99.0,100.0,100.0,95.4,100.0,100.0
2020-12-19,97.4,69.5,90.7,,,,,,,100.0,99.0,100.0,100.0,95.6,100.0,100.0
2020-12-20,98.0,70.3,88.4,,,,,,,,,,100.0,96.4,100.0,100.0
2020-12-21,,,,,,,,,,,,,100.0,96.2,100.0,100.0
2020-12-22,,,,,,,,,,,,,100.0,96.5,100.0,100.0
2020-12-23,,,,,,,,,,,,,100.0,96.7,100.0,100.0
2020-12-24,87.7,66.3,94.2,,,,,,,,,,100.0,97.3,100.0,100.0
2020-12-25,83.0,65.4,92.4,100.0,98.5,99.4,,,,,,,100.0,97.9,100.0,100.0
2020-12-26,76.7,61.8,87.2,,,,,,,100.0,99.5,100.0,100.0,97.8,100.0,100.0
2020-12-27,,,,,,,,,,,,,100.0,97.7,100.0,100.0
2020-12-28,,,,,,,,,,,,,100.0,97.9,100.0,100.0
2020-12-29,,,,,,,,,,,,,100.0,98.0,100.0,100.0
2020-12-30,77.2,60.6,94.2,100.0,100.0,100.0,,,,100.0,99.5,100.0,100.0,98.3,100.0,100.0
2020-12-31,79.1,60.6,91.9,,,,,,,,,,100.0,97.8,100.0,100.0
2021-01-01,76.7,60.3,85.4,,,,,,,,,,99.4,97.6,100.0,99.4
2021-01-02,,,,,,,,,,,,,99.4,97.6,100.0,99.4
2021-01-03,,,,,,,,,,,,,99.4,97.0,100.0,99.4
2021-01-04,,,,,,,,,,,,,100.0,97.9,100.0,100.0
2021-01-05,77.8,60.7,94.7,,,,,,,,,,100.0,97.8,100.0,100.0
2021-01-06,64.1,54.8,91.2,,,,,,,,,,100.0,97.5,100.0,100.0
2021-01-07,64.0,53.4,87.7,,,,,,,100.0,99.2,100.0,100.0,96.8,100.0,100.0
2021-01-08,,,,,,,,,,,,,100.0,97.1,100.0,100.0
2021-01-09,,,,,,,,,,,,,100.0,97.6,100.0,100.0
2021-01-10,,,,,,,,,,100.0,99.5,100.0,100.0,97.8,100.0,100.0
2021-01-11,69.8,57.5,94.7,,,,,,,,,,100.0,97.9,100.0,100.0
2021-01-12,76.1,58.7,93.0,,,,,,,,,,100.0,98.4,100.0,100.0
2021-01-13,79.9,61.2,87.1,,,,,,,,,,100.0,98.4,100.0,100.0
2021-01-14,,,,100.0,99.9,100.0,,,,,,,100.0,98.3,100.0,100.0
2021-01-15,,,,,,,,,,,,,100.0,98.4,100.0,100.0
2021-01-16,,,,,,,,,,,,,100.0,98.4,100.0,100.0
2021-01-17,86.3,63.7,94.2,,,,,,,,,,100.0,98.5,100.0,100.0
2021-01-18,91.8,67.1,93.0,,,,100.0,100.0,99.4,,,,100.0,99.0,100.0,100.0
2021-01-19,99.3,71.1,86.5,100.0,99.8,100.0,,,,,,,100.0,99.2,100.0,100.0
2021-01-20,,,,,,,,,,,,,100.0,98.9,100.0,100.0
2021-01-21,,,,,,,,,,,,,100.0,98.9,100.0,100.0
2021-01-22,,,,,,,,,,,,,100.0,98.7,100.0,100.0
2021-01-23,99.4,77.0,94.7,,,,,,,,,,100.0,99.2,100.0,100.0
2021-01-24,100.0,79.4,93.0,100.0,99.6,100.0,,,,,,,100.0,99.2,100.0,100.0
2021-01-25,100.0,83.8,86.5,,,,,,,,,,100.0,99.1,100.0,100.0
2021-01-26,,,,,,,,,,100.0,99.7,100.0,100.0,98.8,100.0,100.0
2021-01-27,,,,,,,,,,,,,100.0,98.8,100.0,100.0
2021-01-28,,,,,,,,,,,,,100.0,98.4,100.0,100.0
2021-01-29,100.0,89.0,94.7,,,,,,,,,,100.0,98.4,100.0,100.0
2021-01-30,,,,,,,,,,,,,100.0,98.0,100.0,100.0
2021-01-31,100.0,89.8,84.8,,,,,,,100.0,99.9,100.0,100.0,98.2,100.0,100.0
2021-02-01,,,,,,,,,,,,,100.0,97.4,100.0,100.0
2021-02-02,,,,,,,,,,,,,100.0,97.7,100.0,100.0
2021-02-03,,,,,,,,,,100.0,99.8,100.0,100.0,96.5,100.0,100.0
2021-02-04,100.0,92.4,94.7,,,,,,,,,,100.0,96.6,100.0,100.0
2021-02-05,100.0,91.3,93.0,,,,,,,,,,100.0,97.6,100.0,100.0
2021-02-06,100.0,92.0,87.7,,,,,,,,,,100.0,97.4,100.0,100.0
2021-02-07,,,,,,,,,,100.0,99.9,100.0,100.0,97.6,100.0,100.0
2021-02-08,,,,,,,,,,100.0,99.9,100.0,100.0,97.8,100.0,100.0
2021-02-09,,,,,,,,,,,,,100.0,98.1,100.0,100.0
2021-02-10,100.0,93.5,98.8,,,,,,,,,,100.0,98.4,100.0,100.0
2021-02-11,100.0,93.1,95.9,,,,,,,100.0,99.9,100.0,100.0,98.5,100.0,100.0
2021-02-12,100.0,92.8,89.5,,,,,,,100.0,99.8,100.0,100.0,98.7,100.0,100.0
2021-02-13,,,,100.0,99.6,100.0,,,,,,,100.0,99.3,100.0,100.0
2021-02-14,,,,,,,,,,,,,100.0,99.3,100.0,100.0
2021-02-15,,,,,,,,,,,,,100.0,99.3,100.0,100.0
2021-02-16,100.0,91.2,98.8,,,,,,,100.0,99.9,100.0,100.0,99.6,100.0,100.0
2021-02-17,100.0,92.8,94.7,,,,,,,,,,100.0,99.6,100.0,100.0
2021-02-18,100.0,93.3,88.9,100.0,99.5,100.0,,,,,,,100.0,99.7,100.0,100.0
2021-02-19,,,,,,,100.0,100.0,100.0,100.0,99.9,100.0,100.0,99.7,100.0,100.0
2021-02-20,,,,,,,,,,,,,100.0,99.7,100.0,100.0
2021-02-21,,,,,,,,,,,,,100.0,99.7,100.0,100.0
2021-02-22,100.0,90.8,98.8,,,,,,,,,,100.0,99.8,100.0,100.0
2021-02-23,,,,100.0,99.6,100.0,,,,100.0,99.8,100.0,100.0,99.8,100.0,100.0
2021-02-24,100.0,86.5,91.8,,,,,,,,,,100.0,99.8,100.0,100.0
2021-02-25,,,,,,,,,,,,,100.0,99.7,100.0,100.0
2021-02-26,,,,,,,100.0,100.0,100.0,,,,100.0,99.8,100.0,100.0
2021-02-27,,,,,,,,,,100.0,99.8,100.0,100.0,99.7,100.0,100.0
2021-02-28,100.0,88.4,98.8,100.0,99.2,100.0,,,,,,,100.0,99.8,100.0,100.0
2021-03-01,100.0,90.5,98.8,,,,,,,,,,100.0,99.8,100.0,100.0
2021-03-02,100.0,91.9,92.4,,,,,,,,,,100.0,99.7,100.0,100.0
2021-03-03,,,,,,,,,,,,,100.0,99.6,100.0,100.0
2021-03-04,,,,,,,,,,100.0,99.8,100.0,100.0,99.6,100.0,100.0
2021-03-05,,,,100.0,99.0,100.0,,,,,,,100.0,99.5,100.0,100.0
2021-03-06,100.0,92.7,98.8,,,,,,,,,,100.0,99.3,100.0,100.0
2021-03-07,100.0,92.5,98.8,,,,,,,100.0,99.6,100.0,100.0,98.9,100.0,100.0
2021-03-08,100.0,93.9,93.0,,,,,,,,,,100.0,98.7,100.0,100.0
2021-03-09,,,,,,,,,,,,,100.0,98.4,100.0,100.0
2021-03-10,,,,100.0,99.2,100.0,,,,100.0,99.4,100.0,100.0,98.3,100.0,100.0
2021-03-11,,,,,,,,,,100.0,99.6,100.0,100.0,97.5,100.0,100.0
2021-03-12,100.0,95.1,98.8,,,,,,,,,,100.0,97.7,100.0,100.0
2021-03-13,100.0,95.2,98.8,,,,,,,,,,100.0,97.7,100.0,100.0
2021-03-14,100.0,94.9,90.1,,,,,,,100.0,99.5,100.0,100.0,97.4,100.0,100.0
2021-03-15,,,,,,,,,,,,,100.0,97.0,100.0,100.0
2021-03-16,,,,,,,,,,,,,100.0,97.4,100.0,100.0
2021-03-17,,,,,,,,,,,,,100.0,97.9,100.0,100.0
2021-03-18,100.0,95.4,98.8,,,,,,,100.0,99.7,100.0,100.0,98.2,100.0,100.0
2021-03-19,100.0,95.0,95.9,,,,,,,,,,100.0,98.4,100.0,100.0
2021-03-20,100.0,96.1,90.6,100.0,99.8,100.0,,,,,,,100.0,99.1,100.0,100.0
2021-03-21,,,,,,,,,,,,,100.0,99.1,100.0,100.0
2021-03-22,,,,,,,,,,,,,100.0,99.1,100.0,100.0
2021-03-23,,,,,,,100.0,100.0,100.0,100.0,99.3,100.0,100.0,99.3,100.0,100.0
2021-03-24,100.0,95.5,98.8,,,,,,,,,,100.0,99.4,100.0,100.0
2021-03-25,100.0,95.1,98.8,100.0,99.5,100.0,,,,,,,100.0,99.5,100.0,100.0
2021-03-26,100.0,95.3,90.6,,,,,,,,,,100.0,99.4,100.0,100.0
2021-03-27,,,,,,,,,,100.0,99.4,100.0,100.0,99.3,100.0,100.0
2021-03-28,,,,,,,,,,,,,100.0,99.4,100.0,100.0
2021-03-29,,,,,,,,,,,,,100.0,99.3,100.0,100.0
2021-03-30,100.0,93.9,98.8,100.0,99.7,100.0,100.0,99.9,100.0,100.0,99.2,100.0,100.0,99.6,100.0,100.0
2021-03-31,100.0,89.7,98.8,,,,,,,100.0,99.5,100.0,100.0,99.2,100.0,100.0
2021-04-01,100.0,85.7,94.2,,,,,,,,,,100.0,99.4,100.0,100.0
2021-04-02,,,,,,,,,,,,,100.0,99.1,100.0,100.0
2021-04-03,,,,,,,,,,100.0,99.3,100.0,100.0,98.9,100.0,100.0
2021-04-04,,,,,,,,,,100.0,99.1,100.0,100.0,98.5,100.0,100.0
2021-04-05,100.0,82.2,98.8,,,,,,,,,,100.0,98.9,100.0,100.0
2021-04-06,100.0,81.9,98.8,,,,,,,,,,100.0,98.7,100.0,100.0
2021-04-07,100.0,76.1,93.0,,,,,,,100.0,99.4,100.0,100.0,98.8,100.0,100.0
2021-04-08,,,,,,,100.0,99.9,78.4,100.0,99.5,100.0,100.0,98.4,100.0,100.0
2021-04-09,,,,100.0,99.3,100.0,,,,,,,100.0,98.9,100.0,100.0
2021-04-10,,,,,,,,,,,,,100.0,98.4,100.0,100.0
2021-04-11,100.0,71.9,97.1,,,,,,,,,,100.0,98.5,100.0,100.0
2021-04-12,47.3,40.6,96.5,,,,,,,,,,100.0,98.0,100.0,100.0
2021-04-13,53.2,45.7,92.4,,,,,,,,,,100.0,98.4,100.0,100.0
2021-04-14,,,,100.0,99.7,100.0,,,,,,,100.0,98.3,100.0,100.0
2021-04-15,,,,,,,100.0,100.0,87.7,100.0,99.3,100.0,100.0,98.6,100.0,100.0
2021-04-16,,,,,,,,,,100.0,99.2,100.0,100.0,98.1,100.0,100.0
2021-04-17,32.1,33.2,96.5,,,,,,,,,,100.0,98.6,100.0,100.0
2021-04-18,35.2,36.0,96.5,,,,,,,,,,100.0,98.4,100.0,100.0
2021-04-19,14.9,26.1,90.1,100.0,99.8,39.8,,,,100.0,99.3,100.0,100.0,98.5,100.0,100.0
2021-04-20,,,,,,,,,,100.0,99.2,100.0,100.0,98.1,100.0,100.0
2021-04-21,,,,,,,,,,,,,100.0,98.4,100.0,100.0
2021-04-22,,,,,,,,,,,,,100.0,98.3,100.0,100.0
2021-04-23,68.1,48.5,97.1,,,,,,,100.0,98.4,100.0,100.0,98.3,100.0,100.0
2021-04-24,92.2,65.7,97.1,100.0,99.7,100.0,,,,100.0,98.5,100.0,100.0,98.1,100.0,100.0
2021-04-25,98.8,80.9,94.2,,,,,,,,,,100.0,97.9,100.0,100.0
2021-04-26,,,,,,,,,,,,,100.0,97.6,100.0,100.0
2021-04-27,,,,,,,,,,100.0,98.6,100.0,100.0,97.4,100.0,100.0
2021-04-28,,,,,,,,,,100.0,98.7,100.0,100.0,97.1,100.0,100.0
2021-04-29,97.0,84.7,97.1,,,,,,,,,,100.0,97.6,100.0,100.0
2021-04-30,96.4,88.1,97.1,,,,,,,,,,100.0,97.7,100.0,100.0
2021-05-01,98.1,92.4,94.2,,,,,,,100.0,98.4,100.0,100.0,97.5,100.0,100.0
2021-05-02,,,,,,,,,,100.0,98.5,100.0,100.0,96.9,100.0,100.0
2021-05-03,,,,,,,,,,,,,100.0,97.4,100.0,100.0
2021-05-04,,,,,,,,,,,,,100.0,97.5,100.0,100.0
2021-05-05,97.0,92.3,97.1,,,,,,,100.0,97.5,100.0,100.0,97.8,100.0,100.0
2021-05-06,97.0,92.3,96.5,,,,,,,100.0,97.4,100.0,100.0,97.4,100.0,100.0
2021-05-07,97.5,93.3,94.7,,,,,,,,,,100.0,97.7,100.0,100.0
2021-05-08,,,,,,,,,,,,,100.0,97.6,100.0,100.0
2021-05-09,,,,100.0,99.8,45.0,,,,100.0,96.9,100.0,100.0,97.7,100.0,100.0
2021-05-10,,,,,,,,,,,,,100.0,97.3,100.0,100.0
2021-05-11,95.8,90.8,97.1,,,,,,,,,,100.0,97.6,100.0,100.0
2021-05-12,95.7,91.3,95.9,,,,,,,,,,100.0,97.7,100.0,100.0
2021-05-13,93.3,90.6,95.3,,,,,,,,,,100.0,97.3,100.0,100.0
2021-05-14,,,,,,,,,,,,,100.0,96.9,100.0,100.0
2021-05-15,,,,,,,,,,,,,100.0,97.2,100.0,100.0
2021-05-16,,,,,,,,,,,,,100.0,97.2,100.0,100.0
2021-05-17,92.8,89.1,97.1,,,,,,,,,,100.0,97.6,100.0,100.0
2021-05-18,90.4,85.6,97.1,,,,,,,,,,100.0,97.7,100.0,100.0
2021-05-19,94.4,89.4,94.2,100.0,99.9,100.0,,,,,,,100.0,98.1,100.0,100.0
2021-05-20,,,,,,,,,,,,,100.0,98.0,100.0,100.0
2021-05-21,,,,,,,,,,,,,100.0,98.0,100.0,100.0
2021-05-22,,,,,,,,,,,,,100.0,98.3,100.0,100.0
2021-05-23,91.0,86.9,97.1,,,,,,,,,,100.0,98.5,100.0,100.0
2021-05-24,,,,,,,,,,,,,100.0,98.4,100.0,100.0
2021-05-25,91.5,86.4,95.9,,,,,,,100.0,97.0,100.0,100.0,98.6,100.0,100.0
2021-05-26,,,,,,,100.0,99.5,100.0,,,,100.0,98.8,100.0,100.0
2021-05-27,,,,,,,,,,,,,100.0,98.4,100.0,100.0
2021-05-28,,,,,,,,,,100.0,94.8,100.0,100.0,98.2,100.0,100.0
2021-05-29,90.4,86.3,97.1,,,,,,,100.0,95.7,100.0,100.0,98.3,100.0,100.0
2021-05-30,91.0,85.9,97.1,,,,,,,,,,100.0,98.2,100.0,100.0
2021-05-31,92.1,87.9,95.9,,,,,,,,,,100.0,97.7,100.0,100.0
2021-06-01,,,,,,,,,,,,,100.0,97.1,100.0,100.0
2021-06-02,,,,,,,,,,,,,100.0,97.3,100.0,100.0
2021-06-03,,,,,,,,,,,,,100.0,96.6,100.0,100.0
2021-06-04,92.1,87.4,96.5,,,,,,,,,,100.0,96.2,100.0,100.0
2021-06-05,91.0,86.6,97.1,,,,,,,100.0,94.7,100.0,100.0,95.1,100.0,100.0
2021-06-06,95.1,87.2,95.3,,,,,,,,,,100.0,95.8,100.0,100.0
2021-06-07,,,,,,,,,,,,,100.0,95.3,100.0,100.0
2021-06-08,,,,100.0,98.2,85.4,,,,,,,100.0,96.0,100.0,100.0
2021-06-09,,,,,,,,,,100.0,93.7,100.0,100.0,95.0,100.0,100.0
2021-06-10,93.4,85.6,97.1,,,,,,,,,,100.0,95.4,100.0,100.0
2021-06-11,90.3,80.7,96.5,,,,,,,,,,100.0,94.8,100.0,100.0
2021-06-12,94.2,80.6,91.2,,,,,,,,,,100.0,95.2,100.0,100.0
2021-06-13,,,,100.0,97.7,100.0,,,,,,,100.0,95.2,100.0,100.0
2021-06-14,,,,,,,,,,100.0,82.5,100.0,99.4,93.0,100.0,99.4
2021-06-15,,,,,,,,,,,,,100.0,93.2,100.0,100.0
2021-06-16,93.4,76.0,97.1,,,,,,,,,,99.4,92.6,100.0,99.4
2021-06-17,88.3,68.7,95.3,,,,,,,,,,100.0,92.3,100.0,100.0
2021-06-18,90.4,64.9,91.2,,,,,,,,,,98.8,89.3,100.0,98.8
2021-06-19,,,,,,,,,,,,,99.4,89.1,100.0,99.4
2021-06-20,,,,,,,,,,,,,100.0,88.1,100.0,100.0
2021-06-21,,,,,,,,,,81.3,59.0,100.0,100.0,86.3,100.0,100.0
2021-06-22,81.3,54.7,97.1,,,,,,,97.1,71.5,100.0,98.8,83.2,100.0,98.8
2021-06-23,25.3,33.2,94.7,,,,,,,,,,99.4,82.4,100.0,99.4
2021-06-24,,,,,,,,,,,,,99.4,81.2,100.0,99.4
2021-06-25,,,,,,,,,,0.0,23.1,100.0,99.4,79.6,100.0,99.4
2021-06-26,,,,,,,,,,2.9,20.5,100.0,98.2,78.1,100.0,98.2
2021-06-27,,,,,,,,,,,,,94.7,74.9,100.0,94.7
2021-06-28,27.7,33.6,97.1,28.7,40.8,100.0,,,,,,,94.7,74.8,100.0,94.7
2021-06-29,21.7,27.2,94.2,,,,,,,,,,77.8,64.8,100.0,77.8
2021-06-30,,,,,,,,,,,,,64.3,62.2,100.0,64.3
2021-07-01,,,,,,,,,,,,,39.2,54.8,100.0,39.2
2021-07-02,,,,,,,,,,,,,31.6,52.4,100.0,31.6
2021-07-03,,,,,,,,,,,,,7.0,43.8,100.0,7.0
2021-07-04,,,,,,,,,,,,,1.8,36.6,100.0,1.8
2021-07-05,40.4,36.2,94.2,,,,,,,,,,0.6,30.4,100.0,0.6
2021-07-06,26.5,28.2,88.3,,,,,,,,,,0.0,26.0,100.0,0.0
2021-07-07,,,,,,,,,,,,,0.0,19.2,100.0,0.0
2021-07-08,,,,,,,,,,0.0,10.2,100.0,0.0,17.0,100.0,0.0
2021-07-09,,,,,,,,,,,,,0.0,14.6,100.0,0.0
2021-07-10,33.1,30.9,97.1,,,,,,,,,,0.0,13.0,100.0,0.0
2021-07-11,15.1,20.4,93.0,,,,,,,0.0,1.6,100.0,0.0,11.7,100.0,0.0
2021-07-12,24.2,23.6,87.1,,,,,,,,,,0.0,10.1,100.0,0.0
2021-07-13,,,,,,,,,,,,,0.0,8.9,100.0,0.0
2021-07-14,,,,,,,,,,,,,0.0,6.4,100.0,0.0
2021-07-15,,,,,,,,,,,,,0.0,4.5,100.0,0.0
2021-07-16,25.3,26.0,97.1,,,,,,,,,,0.0,4.7,100.0,0.0
2021-07-17,27.2,23.9,92.4,,,,,,,,,,0.0,3.9,100.0,0.0
2021-07-18,36.2,30.5,88.9,0.0,0.4,100.0,,,,,,,0.0,3.1,100.0,0.0
2021-07-19,,,,,,,,,,,,,0.0,2.3,100.0,0.0
2021-07-20,,,,,,,,,,0.0,0.6,100.0,0.0,2.6,100.0,0.0
2021-07-21,,,,,,,,,,,,,0.0,2.9,100.0,0.0
2021-07-22,38.0,31.9,97.1,,,,,,,,,,0.0,2.0,100.0,0.0
2021-07-23,31.6,26.3,92.4,0.0,0.0,100.0,,,,0.0,0.3,100.0,0.0,1.1,100.0,0.0
2021-07-24,29.9,25.0,86.0,,,,,,,0.0,0.4,100.0,0.0,1.0,100.0,0.0
2021-07-25,,,,,,,,,,,,,0.0,0.9,100.0,0.0
2021-07-26,,,,,,,,,,,,,0.0,0.6,100.0,0.0
2021-07-27,,,,,,,,,,,,,0.0,0.5,100.0,0.0
2021-07-28,28.3,26.6,97.1,0.0,0.0,42.7,,,,,,,0.0,0.4,100.0,0.0
2021-07-29,20.6,22.4,93.6,,,,0.0,0.0,98.8,,,,0.0,0.4,100.0,0.0
2021-07-30,17.2,21.3,84.8,,,,,,,,,,0.0,0.3,100.0,0.0
2021-07-31,,,,,,,,,,,,,0.0,0.3,100.0,0.0
2021-08-01,,,,,,,,,,0.0,0.6,100.0,0.0,0.2,100.0,0.0
2021-08-02,,,,0.0,0.0,63.7,,,,,,,0.0,0.3,100.0,0.0
2021-08-03,19.3,24.3,97.1,,,,,,,,,,0.0,0.3,100.0,0.0
2021-08-04,14.2,19.0,94.7,,,,,,,0.0,0.2,100.0,0.0,0.2,100.0,0.0
2021-08-05,18.8,22.0,87.1,,,,0.0,0.0,83.0,0.0,0.1,100.0,0.0,0.2,100.0,0.0
2021-08-06,,,,,,,,,,,,,0.0,0.2,100.0,0.0
2021-08-07,,,,,,,,,,,,,0.0,0.2,100.0,0.0
2021-08-08,,,,,,,,,,0.0,0.0,100.0,0.0,0.1,100.0,0.0
2021-08-09,23.5,24.4,97.1,,,,,,,0.0,0.0,100.0,0.0,0.2,100.0,0.0
2021-08-10,20.0,21.8,93.6,,,,,,,,,,0.0,0.2,100.0,0.0
2021-08-11,12.2,20.9,86.5,,,,,,,,,,0.0,0.1,100.0,0.0
2021-08-12,,,,0.0,0.0,86.5,,,,0.0,0.0,100.0,0.0,0.1,100.0,0.0
2021-08-13,,,,,,,0.0,0.0,50.9,0.0,0.0,100.0,0.0,0.0,100.0,0.0
2021-08-14,,,,,,,0.0,0.0,99.4,,,,0.0,0.0,100.0,0.0
2021-08-15,15.1,24.2,97.1,,,,,,,,,,0.0,0.1,100.0,0.0
2021-08-16,14.3,21.6,94.2,,,,,,,0.0,0.0,100.0,0.0,0.1,100.0,0.0
2021-08-17,17.9,24.8,88.3,0.0,0.0,100.0,,,,0.0,0.0,100.0,0.0,0.0,100.0,0.0
2021-08-18,,,,,,,,,,,,,0.0,0.0,100.0,0.0
2021-08-19,,,,,,,,,,,,,0.0,0.1,100.0,0.0
2021-08-20,,,,,,,,,,0.0,0.0,100.0,0.0,0.1,100.0,0.0
2021-08-21,18.7,28.1,97.1,,,,0.0,0.0,100.0,0.0,0.0,100.0,0.0,0.0,100.0,0.0
2021-08-22,28.3,33.9,93.0,,,,,,,,,,0.0,0.0,100.0,0.0
2021-08-23,26.5,33.8,86.0,,,,,,,,,,0.0,0.0,100.0,0.0
2021-08-24,,,,,,,,,,,,,0.0,0.1,100.0,0.0
2021-08-25,,,,,,,,,,0.0,0.0,100.0,0.0,0.1,100.0,0.0
2021-08-26,,,,,,,,,,,,,0.0,0.2,100.0,0.0
2021-08-27,45.8,42.5,97.1,0.0,0.0,100.0,,,,,,,0.0,0.2,100.0,0.0
2021-08-28,34.6,37.4,94.7,,,,,,,,,,0.0,0.2,100.0,0.0
2021-08-29,36.8,37.4,88.9,,,,0.0,0.0,36.3,0.0,0.0,100.0,0.0,0.2,100.0,0.0
2021-08-30,,,,,,,,,,,,,0.0,0.4,100.0,0.0
2021-08-31,,,,,,,,,,,,,0.0,0.3,100.0,0.0
2021-09-01,,,,0.0,0.0,100.0,,,,0.0,0.0,100.0,0.0,0.2,100.0,0.0
2021-09-02,43.4,43.5,97.1,,,,,,,0.0,0.0,100.0,0.0,0.2,100.0,0.0
2021-09-03,40.0,39.8,93.6,,,,,,,,,,0.0,0.3,100.0,0.0
2021-09-04,50.0,44.4,91.2,,,,,,,,,,0.0,0.4,100.0,0.0
2021-09-05,,,,,,,,,,0.0,0.0,100.0,0.0,0.2,100.0,0.0
2021-09-06,,,,0.0,0.0,100.0,,,,0.0,0.1,100.0,0.0,0.3,100.0,0.0
2021-09-07,,,,,,,,,,,,,0.0,0.3,100.0,0.0
2021-09-08,44.6,41.1,97.1,,,,,,,,,,0.0,0.3,100.0,0.0
2021-09-09,47.5,43.0,94.7,,,,,,,0.0,0.1,100.0,0.0,0.2,100.0,0.0
2021-09-10,39.5,39.7,88.9,,,,,,,,,,0.0,0.2,100.0,0.0
2021-09-11,,,,0.0,0.0,70.2,,,,,,,0.0,0.1,100.0,0.0
2021-09-12,,,,,,,,,,,,,0.0,0.1,100.0,0.0
2021-09-13,,,,,,,,,,0.0,0.1,100.0,0.0,0.1,100.0,0.0
2021-09-14,51.8,45.4,97.1,,,,,,,,,,0.0,0.1,100.0,0.0
2021-09-15,37.3,39.4,94.2,,,,,,,,,,0.0,0.1,100.0,0.0
2021-09-16,50.6,44.3,90.1,,,,,,,,,,0.0,0.0,100.0,0.0
2021-09-17,,,,,,,,,,,,,0.0,0.0,100.0,0.0
2021-09-18,,,,,,,,,,,,,0.0,0.0,100.0,0.0
2021-09-19,,,,,,,,,,,,,0.0,0.0,100.0,0.0
2021-09-20,40.4,39.5,97.1,,,,,,,,,,0.0,0.0,100.0,0.0
2021-09-21,46.6,41.6,94.2,0.0,0.0,43.9,,,,,,,0.0,0.0,100.0,0.0
2021-09-22,40.3,39.2,87.1,,,,0.0,0.0,100.0,,,,0.0,0.0,100.0,0.0
2021-09-23,,,,,,,0.0,0.0,33.3,,,,0.0,0.0,100.0,0.0
2021-09-24,,,,,,,,,,,,,0.0,0.0,100.0,0.0
2021-09-25,,,,,,,,,,,,,0.0,0.0,100.0,0.0
2021-09-26,33.1,33.5,97.1,,,,,,,,,,0.0,0.0,100.0,0.0
2021-09-27,18.0,21.9,94.2,,,,,,,,,,0.0,0.0,100.0,0.0
2021-09-28,17.4,23.2,90.6,,,,,,,,,,0.0,0.0,100.0,0.0
2021-09-29,,,,,,,,,,,,,0.0,0.0,100.0,0.0
2021-09-30,,,,,,,,,,,,,0.0,0.0,100.0,0.0
2021-10-01,,,,0.0,0.0,100.0,0.0,0.0,100.0,,,,0.0,0.0,100.0,0.0
2021-10-02,13.0,18.3,98.8,,,,,,,,,,0.0,0.1,100.0,0.0
2021-10-03,5.5,14.3,95.3,,,,,,,,,,0.0,0.1,100.0,0.0
2021-10-04,8.0,14.1,87.7,,,,,,,,,,0.0,0.2,100.0,0.0
2021-10-05,,,,,,,,,,,,,0.0,0.3,100.0,0.0
2021-10-06,,,,0.0,0.1,97.7,,,,,,,0.0,0.4,100.0,0.0
2021-10-07,,,,,,,,,,,,,0.0,0.4,100.0,0.0
2021-10-08,6.5,14.7,99.4,,,,,,,0.0,0.1,100.0,0.0,0.5,100.0,0.0
2021-10-09,4.3,11.8,95.3,,,,,,,,,,0.0,1.0,100.0,0.0
2021-10-10,1.9,11.6,91.2,,,,,,,,,,0.0,1.0,100.0,0.0
2021-10-11,,,,0.0,0.0,100.0,,,,0.0,0.1,100.0,0.0,0.6,100.0,0.0
2021-10-12,,,,,,,,,,0.0,0.2,100.0,0.0,0.6,100.0,0.0
2021-10-13,,,,,,,,,,,,,0.0,0.9,100.0,0.0
2021-10-14,6.5,13.5,99.4,,,,,,,,,,0.0,0.9,100.0,0.0
2021-10-15,2.5,10.7,94.2,,,,,,,0.0,0.2,100.0,0.0,0.7,100.0,0.0
2021-10-16,2.7,11.7,87.1,0.0,0.0,100.0,,,,0.0,0.3,100.0,0.0,0.5,100.0,0.0
2021-10-17,,,,,,,0.0,0.0,42.1,,,,0.0,0.7,100.0,0.0
2021-10-18,,,,,,,,,,,,,0.0,0.5,100.0,0.0
2021-10-19,,,,,,,,,,0.0,0.4,100.0,0.0,0.5,100.0,0.0
2021-10-20,3.6,11.0,98.2,,,,,,,0.0,0.3,100.0,0.0,0.4,100.0,0.0
2021-10-21,1.8,7.1,96.5,,,,,,,,,,0.0,0.5,100.0,0.0
2021-10-22,1.3,6.4,87.7,,,,,,,,,,0.0,0.4,100.0,0.0
2021-10-23,,,,,,,,,,0.0,0.7,100.0,0.0,0.6,100.0,0.0
2021-10-24,,,,,,,0.0,0.1,100.0,0.0,0.3,100.0,0.0,0.5,100.0,0.0
2021-10-25,,,,,,,,,,,,,0.0,0.7,100.0,0.0
2021-10-26,4.8,9.9,97.7,0.0,0.0,100.0,,,,,,,0.0,0.6,100.0,0.0
2021-10-27,2.5,8.5,93.0,,,,,,,,,,0.0,0.9,100.0,0.0
2021-10-28,0.0,5.7,85.4,,,,,,,0.0,1.9,100.0,0.0,1.1,100.0,0.0
2021-10-29,,,,,,,,,,,,,0.0,1.9,100.0,0.0
2021-10-30,,,,,,,,,,,,,0.0,2.5,100.0,0.0
2021-10-31,,,,0.0,0.0,100.0,,,,0.0,2.6,100.0,0.0,3.1,100.0,0.0
2021-11-01,9.4,13.6,99.4,,,,,,,,,,0.0,4.2,100.0,0.0
2021-11-02,6.1,10.1,96.5,,,,,,,,,,0.0,5.8,100.0,0.0
2021-11-03,6.2,12.3,93.6,,,,,,,,,,0.0,7.5,100.0,0.0
2021-11-04,,,,,,,,,,,,,0.0,10.2,100.0,0.0
2021-11-05,,,,0.0,3.9,100.0,,,,,,,0.0,12.4,100.0,0.0
2021-11-06,,,,,,,16.4,21.1,100.0,,,,0.0,16.2,100.0,0.0
2021-11-07,14.7,16.8,99.4,,,,,,,,,,0.6,18.6,100.0,0.6
2021-11-08,13.9,15.8,96.5,,,,,,,0.0,5.1,100.0,0.6,19.8,100.0,0.6
2021-11-09,11.5,15.6,91.8,,,,56.2,53.4,98.8,,,,15.2,28.7,100.0,15.2
2021-11-10,,,,,,,,,,,,,11.7,30.3,100.0,11.7
2021-11-11,,,,,,,,,,,,,17.0,32.9,100.0,17.0
2021-11-12,,,,,,,,,,0.0,14.9,100.0,17.5,35.4,100.0,17.5
2021-11-13,22.9,24.3,99.4,,,,,,,,,,26.3,42.5,100.0,26.3
2021-11-14,21.1,23.2,97.1,,,,,,,,,,30.4,47.4,100.0,30.4
2021-11-15,20.4,24.4,91.8,,,,,,,,,,32.2,49.9,100.0,32.2
2021-11-16,,,,,,,,,,0.0,15.6,100.0,43.9,55.5,100.0,43.9
2021-11-17,,,,,,,,,,,,,57.9,60.0,100.0,57.9
2021-11-18,,,,,,,,,,,,,69.0,62.8,100.0,69.0
2021-11-19,32.4,35.9,99.4,,,,,,,,,,77.2,64.7,100.0,77.2
2021-11-20,39.5,41.5,97.7,29.2,39.3,100.0,,,,83.0,59.4,100.0,93.0,69.6,100.0,93.0
2021-11-21,60.1,50.0,89.5,,,,,,,,,,91.8,69.7,100.0,91.8
2021-11-22,,,,,,,,,,,,,98.8,73.0,100.0,98.8
2021-11-23,,,,,,,,,,,,,94.7,70.2,100.0,94.7
2021-11-24,,,,,,,,,,,,,100.0,74.4,100.0,100.0
2021-11-25,72.9,56.4,99.4,,,,,,,,,,98.8,75.3,100.0,98.8
2021-11-26,58.3,50.1,98.2,,,,,,,,,,100.0,81.6,100.0,100.0
2021-11-27,67.8,54.1,88.9,,,,,,,,,,98.8,79.9,100.0,98.8
2021-11-28,,,,,,,,,,,,,100.0,86.9,100.0,100.0
2021-11-29,,,,,,,,,,100.0,85.9,88.3,99.4,86.4,100.0,99.4
2021-11-30,,,,100.0,98.4,96.5,,,,,,,100.0,90.2,100.0,100.0
2021-12-01,68.2,56.4,99.4,,,,,,,,,,99.4,87.8,100.0,99.4
2021-12-02,55.8,48.5,96.5,,,,,,,,,,99.4,89.6,100.0,99.4
2021-12-03,47.4,42.7,91.2,,,,,,,100.0,94.2,100.0,99.4,88.4,100.0,99.4
2021-12-04,,,,,,,,,,,,,100.0,89.9,100.0,100.0
2021-12-05,,,,,,,,,,,,,99.4,88.1,100.0,99.4
2021-12-06,,,,,,,,,,,,,100.0,92.7,100.0,100.0
2021-12-07,50.6,43.5,99.4,,,,,,,,,,100.0,91.4,100.0,100.0
2021-12-08,52.4,46.1,97.1,,,,,,,,,,100.0,93.7,100.0,100.0
2021-12-09,49.0,42.7,90.6,,,,,,,,,,100.0,94.2,100.0,100.0
2021-12-10,,,,,,,,,,100.0,88.1,100.0,100.0,96.4,100.0,100.0
2021-12-11,,,,,,,,,,100.0,97.3,100.0,100.0,96.6,100.0,100.0
2021-12-12,,,,,,,100.0,100.0,100.0,,,,100.0,98.1,100.0,100.0
2021-12-13,58.1,49.0,93.6,,,,,,,,,,100.0,98.1,100.0,100.0
2021-12-14,80.1,60.7,97.1,,,,,,,,,,100.0,98.6,100.0,100.0
2021-12-15,77.8,60.1,92.4,99.4,99.1,100.0,,,,100.0,97.5,100.0,100.0,99.1,100.0,100.0
2021-12-16,,,,,,,,,,,,,100.0,99.3,100.0,100.0
2021-12-17,,,,,,,,,,,,,100.0,99.3,100.0,100.0
2021-12-18,,,,,,,,,,100.0,98.7,100.0,100.0,99.2,100.0,100.0
2021-12-19,98.8,73.3,97.7,,,,100.0,100.0,100.0,,,,100.0,99.6,100.0,100.0
2021-12-20,100.0,77.1,93.6,99.4,99.1,100.0,100.0,100.0,100.0,,,,100.0,99.7,100.0,100.0
2021-12-21,100.0,82.4,90.6,,,,,,,,,,100.0,99.6,100.0,100.0
2021-12-22,,,,,,,,,,,,,100.0,99.4,100.0,100.0
2021-12-23,,,,,,,,,,,,,100.0,99.6,100.0,100.0
2021-12-24,,,,,,,,,,,,,100.0,99.4,100.0,100.0
2021-12-25,,,,,,,,,,,,,100.0,99.3,100.0,100.0
2021-12-26,100.0,81.3,93.6,,,,,,,100.0,99.6,100.0,100.0,99.2,100.0,100.0
2021-12-27,,,,,,,,,,,,,100.0,99.2,100.0,100.0
2021-12-28,,,,,,,,,,,,,100.0,98.8,100.0,100.0
2021-12-29,,,,,,,,,,,,,100.0,98.3,100.0,100.0
2021-12-30,,,,99.4,99.2,100.0,,,,,,,100.0,98.4,100.0,100.0
2021-12-31,,,,,,,,,,100.0,99.4,100.0,100.0,98.0,100.0,100.0
2022-01-01,,,,,,,,,,,,,100.0,97.9,100.0,100.0
2022-01-02,100.0,82.5,90.2,,,,,,,,,,100.0,97.7,100.0,100.0
2022-01-03,,,,,,,,,,,,,100.0,97.8,100.0,100.0
2022-01-04,,,,,,,,,,,,,100.0,97.0,100.0,100.0
2022-01-05,,,,,,,,,,,,,100.0,96.9,100.0,100.0
2022-01-06,100.0,88.7,93.3,,,,,,,,,,100.0,97.6,100.0,100.0
2022-01-07,100.0,85.7,94.5,,,,,,,,,,100.0,98.2,100.0,100.0
2022-01-08,,,,,,,,,,,,,100.0,98.3,100.0,100.0
2022-01-09,,,,,,,,,,,,,100.0,99.0,100.0,100.0
2022-01-10,,,,,,,,,,100.0,99.8,100.0,100.0,99.2,100.0,100.0
2022-01-11,,,,,,,,,,,,,100.0,99.4,100.0,100.0
2022-01-12,,,,,,,100.0,100.0,100.0,,,,100.0,99.6,100.0,100.0
2022-01-13,,,,,,,100.0,100.0,100.0,,,,100.0,99.7,100.0,100.0
2022-01-14,100.0,88.3,89.6,99.4,99.2,100.0,,,,,,,100.0,99.7,100.0,100.0
2022-01-15,,,,,,,,,,,,,100.0,99.6,100.0,100.0
2022-01-16,,,,,,,,,,,,,100.0,99.6,100.0,100.0
2022-01-17,,,,,,,,,,,,,100.0,99.6,100.0,100.0
2022-01-18,100.0,88.0,95.1,,,,,,,,,,100.0,99.7,100.0,100.0
2022-01-19,100.0,88.5,95.1,99.4,99.2,100.0,,,,,,,100.0,99.7,100.0,100.0
2022-01-20,,,,,,,100.0,100.0,100.0,,,,100.0,99.7,100.0,100.0
2022-01-21,,,,,,,100.0,100.0,100.0,,,,100.0,99.7,100.0,100.0
2022-01-22,,,,,,,,,,,,,100.0,99.7,100.0,100.0
2022-01-23,,,,,,,,,,,,,100.0,99.6,100.0,100.0
2022-01-24,,,,99.4,99.1,100.0,,,,,,,100.0,99.6,100.0,100.0
2022-01-25,,,,,,,,,,,,,100.0,99.6,100.0,100.0
2022-01-26,100.0,90.9,90.2,,,,,,,,,,100.0,99.6,100.0,100.0
2022-01-27,,,,,,,,,,,,,100.0,99.7,100.0,100.0
2022-01-28,,,,,,,100.0,100.0,100.0,,,,100.0,99.7,100.0,100.0
2022-01-29,,,,99.4,99.2,100.0,100.0,100.0,100.0,,,,100.0,99.8,100.0,100.0
2022-01-30,100.0,88.4,97.5,,,,,,,100.0,99.8,100.0,100.0,99.7,100.0,100.0
2022-01-31,100.0,88.1,95.7,,,,,,,,,,100.0,99.7,100.0,100.0
2022-02-01,,,,,,,,,,,,,100.0,99.7,100.0,100.0
2022-02-02,,,,,,,,,,100.0,99.8,100.0,100.0,99.7,100.0,100.0
2022-02-03,,,,100.0,98.1,100.0,,,,100.0,99.9,100.0,100.0,99.7,100.0,100.0
2022-02-04,,,,,,,,,,,,,100.0,99.7,100.0,100.0
2022-02-05,,,,,,,100.0,100.0,100.0,,,,100.0,99.7,100.0,100.0
2022-02-06,,,,,,,100.0,100.0,100.0,,,,100.0,99.7,100.0,100.0
2022-02-07,100.0,90.5,88.3,,,,,,,100.0,99.8,100.0,100.0,99.7,100.0,100.0
2022-02-08,,,,100.0,99.4,100.0,,,,,,,100.0,99.7,100.0,100.0
2022-02-09,,,,,,,,,,,,,100.0,99.7,100.0,100.0
2022-02-10,,,,,,,,,,100.0,99.3,100.0,100.0,99.6,100.0,100.0
2022-02-11,100.0,91.6,96.3,,,,,,,100.0,98.6,100.0,100.0,99.6,100.0,100.0
2022-02-12,100.0,92.5,94.5,,,,,,,,,,100.0,99.5,100.0,100.0
2022-02-13,,,,100.0,98.9,100.0,100.0,100.0,100.0,,,,100.0,99.7,100.0,100.0
2022-02-14,,,,,,,,,,,,,100.0,99.5,100.0,100.0
2022-02-15,,,,,,,,,,100.0,98.0,100.0,100.0,99.5,100.0,100.0
2022-02-16,,,,,,,,,,,,,100.0,99.4,100.0,100.0
2022-02-17,,,,,,,,,,,,,100.0,99.0,100.0,100.0
2022-02-18,,,,100.0,99.2,100.0,,,,100.0,93.8,100.0,100.0,99.1,100.0,100.0
2022-02-19,100.0,93.6,89.0,,,,,,,,,,100.0,99.2,100.0,100.0
2022-02-20,,,,,,,,,,,,,100.0,99.1,100.0,100.0
2022-02-21,,,,,,,,,,,,,100.0,99.0,100.0,100.0
2022-02-22,,,,,,,100.0,100.0,100.0,,,,100.0,99.2,100.0,100.0
2022-02-23,100.0,94.7,93.9,100.0,98.7,100.0,,,,,,,100.0,99.1,100.0,100.0
2022-02-24,100.0,93.9,93.9,,,,,,,,,,100.0,99.0,100.0,100.0
2022-02-25,,,,,,,,,,,,,100.0,98.7,100.0,100.0
2022-02-26,,,,,,,,,,,,,100.0,98.9,100.0,100.0
2022-02-27,,,,,,,,,,,,,100.0,99.0,100.0,100.0
2022-02-28,,,,100.0,99.0,100.0,,,,,,,100.0,99.0,100.0,100.0
2022-03-01,,,,,,,100.0,100.0,100.0,100.0,85.1,100.0,100.0,99.1,100.0,100.0
2022-03-02,,,,,,,,,,,,,100.0,99.0,100.0,100.0
2022-03-03,100.0,96.2,91.4,,,,,,,,,,100.0,99.2,100.0,100.0
2022-03-04,,,,,,,,,,,,,100.0,98.9,100.0,100.0
2022-03-05,,,,100.0,97.7,100.0,,,,,,,100.0,98.8,100.0,100.0
2022-03-06,,,,,,,,,,100.0,92.8,100.0,100.0,99.0,100.0,100.0
2022-03-07,100.0,95.6,94.5,,,,,,,,,,100.0,99.0,100.0,100.0
2022-03-08,100.0,95.6,93.9,,,,,,,,,,100.0,98.9,100.0,100.0
2022-03-09,,,,,,,100.0,100.0,100.0,100.0,94.4,100.0,100.0,98.9,100.0,100.0
2022-03-10,,,,100.0,98.8,100.0,100.0,100.0,100.0,,,,100.0,99.1,100.0,100.0
2022-03-11,,,,,,,,,,,,,100.0,98.5,100.0,100.0
2022-03-12,,,,,,,,,,,,,100.0,98.3,100.0,100.0
2022-03-13,,,,,,,,,,,,,100.0,97.6,100.0,100.0
2022-03-14,,,,,,,,,,,,,100.0,97.2,100.0,100.0
2022-03-15,100.0,96.3,87.7,,,,,,,,,,100.0,96.3,100.0,100.0
2022-03-16,,,,,,,,,,,,,100.0,96.3,100.0,100.0
2022-03-17,,,,,,,,,,,,,100.0,96.1,100.0,100.0
2022-03-18,,,,,,,,,,,,,100.0,95.2,100.0,100.0
2022-03-19,100.0,96.3,94.5,,,,,,,,,,100.0,95.7,100.0,100.0
2022-03-20,100.0,91.5,93.3,,,,,,,100.0,96.7,100.0,100.0,95.9,100.0,100.0
2022-03-21,,,,,,,,,,,,,100.0,95.8,100.0,100.0
2022-03-22,,,,,,,,,,,,,100.0,96.2,100.0,100.0
2022-03-23,,,,,,,,,,,,,100.0,96.2,100.0,100.0
2022-03-24,,,,,,,,,,100.0,88.9,100.0,100.0,96.2,100.0,100.0
2022-03-25,,,,100.0,99.2,100.0,100.0,100.0,83.4,100.0,94.4,100.0,100.0,97.2,100.0,100.0
2022-03-26,,,,,,,100.0,99.9,74.8,,,,100.0,96.8,100.0,100.0
2022-03-27,100.0,90.4,92.0,,,,,,,,,,100.0,96.7,100.0,100.0
2022-03-28,,,,,,,,,,,,,100.0,95.9,100.0,100.0
2022-03-29,,,,,,,,,,100.0,93.3,100.0,100.0,95.0,100.0,100.0
2022-03-30,,,,,,,,,,,,,100.0,93.8,100.0,100.0
2022-03-31,100.0,85.7,93.9,,,,,,,,,,100.0,94.7,100.0,100.0
2022-04-01,100.0,86.3,93.3,,,,,,,,,,100.0,94.2,100.0,100.0
2022-04-02,,,,,,,,,,100.0,93.9,100.0,100.0,93.4,100.0,100.0
2022-04-03,,,,,,,100.0,100.0,100.0,,,,100.0,94.8,100.0,100.0
2022-04-04,,,,100.0,99.6,100.0,,,,,,,100.0,93.6,100.0,100.0
2022-04-05,,,,,,,,,,100.0,92.6,100.0,100.0,92.0,100.0,100.0
2022-04-06,,,,,,,,,,100.0,94.5,100.0,100.0,91.2,100.0,100.0
2022-04-07,,,,,,,,,,,,,100.0,90.7,100.0,100.0
2022-04-08,100.0,79.4,87.7,,,,,,,100.0,89.2,83.4,100.0,91.9,100.0,100.0
2022-04-09,,,,100.0,100.0,55.2,,,,,,,100.0,92.5,100.0,100.0
2022-04-10,,,,,,,100.0,100.0,100.0,,,,100.0,96.2,100.0,100.0
2022-04-11,,,,,,,100.0,100.0,100.0,,,,100.0,96.5,100.0,100.0
2022-04-12,99.3,79.3,93.3,,,,,,,100.0,94.6,100.0,100.0,97.3,100.0,100.0
2022-04-13,100.0,83.6,95.1,,,,,,,100.0,83.2,100.0,100.0,97.2,100.0,100.0
2022-04-14,,,,100.0,99.7,100.0,,,,,,,100.0,98.0,100.0,100.0
2022-04-15,,,,,,,,,,,,,100.0,97.3,100.0,100.0
2022-04-16,,,,,,,,,,,,,100.0,97.3,100.0,100.0
2022-04-17,,,,,,,,,,,,,100.0,97.3,100.0,100.0
2022-04-18,,,,,,,100.0,99.9,100.0,,,,100.0,98.2,100.0,100.0
2022-04-19,,,,100.0,98.9,100.0,100.0,100.0,99.4,,,,100.0,98.3,100.0,100.0
2022-04-20,100.0,88.7,93.9,,,,,,,100.0,95.1,100.0,100.0,97.8,100.0,100.0
2022-04-21,,,,,,,,,,100.0,96.6,100.0,100.0,97.4,100.0,100.0
2022-04-22,,,,,,,,,,,,,100.0,97.8,100.0,100.0
2022-04-23,,,,,,,,,,,,,100.0,97.2,100.0,100.0
2022-04-24,100.0,90.5,97.5,,,,,,,100.0,98.6,100.0,100.0,97.5,100.0,100.0
2022-04-25,100.0,88.0,96.9,,,,,,,100.0,98.6,100.0,100.0,97.2,100.0,100.0
2022-04-26,,,,,,,100.0,100.0,37.4,,,,100.0,97.4,100.0,100.0
2022-04-27,,,,,,,100.0,99.8,99.4,,,,100.0,97.5,100.0,100.0
2022-04-28,,,,,,,,,,100.0,97.4,100.0,100.0,97.1,100.0,100.0
2022-04-29,,,,100.0,98.9,100.0,,,,100.0,97.0,100.0,100.0,97.3,100.0,100.0
2022-04-30,,,,,,,,,,,,,100.0,96.7,100.0,100.0
2022-05-01,,,,,,,,,,,,,100.0,96.2,100.0,100.0
2022-05-02,99.4,91.4,94.5,,,,,,,,,,100.0,96.1,100.0,100.0
2022-05-03,,,,,,,,,,,,,100.0,94.7,100.0,100.0
2022-05-04,,,,,,,,,,,,,100.0,94.3,100.0,100.0
2022-05-05,,,,,,,,,,,,,100.0,93.5,100.0,100.0
2022-05-06,99.4,89.5,96.3,,,,,,,,,,100.0,93.4,100.0,100.0
2022-05-07,98.7,86.8,94.5,,,,,,,,,,100.0,92.6,100.0,100.0
2022-05-08,,,,,,,,,,,,,100.0,91.2,100.0,100.0
2022-05-09,,,,,,,,,,,,,100.0,93.9,100.0,100.0
2022-05-10,,,,,,,,,,,,,100.0,94.5,100.0,100.0
2022-05-11,,,,,,,,,,,,,100.0,95.2,100.0,100.0
2022-05-12,,,,,,,,,,100.0,95.2,100.0,100.0,95.0,100.0,100.0
2022-05-13,,,,,,,,,,,,,100.0,95.4,100.0,100.0
2022-05-14,100.0,86.5,90.8,100.0,98.2,100.0,,,,,,,100.0,96.6,100.0,100.0
2022-05-15,,,,,,,,,,,,,100.0,96.3,100.0,100.0
2022-05-16,,,,,,,,,,,,,100.0,95.1,100.0,100.0
2022-05-17,,,,,,,,,,,,,100.0,96.3,100.0,100.0
2022-05-18,97.4,80.0,95.7,,,,,,,,,,100.0,96.7,100.0,100.0
2022-05-19,93.5,66.3,93.9,100.0,97.2,100.0,,,,,,,100.0,97.1,100.0,100.0
2022-05-20,,,,,,,,,,100.0,93.7,100.0,100.0,95.8,100.0,100.0
2022-05-21,,,,,,,,,,100.0,87.6,100.0,100.0,95.7,100.0,100.0
2022-05-22,,,,,,,,,,,,,100.0,95.3,100.0,100.0
2022-05-23,,,,,,,,,,,,,100.0,94.2,100.0,100.0
2022-05-24,,,,,,,,,,,,,100.0,92.4,100.0,100.0
2022-05-25,,,,,,,,,,100.0,85.0,100.0,100.0,91.3,100.0,100.0
2022-05-26,78.6,58.2,89.0,,,,,,,,,,100.0,90.5,100.0,100.0
2022-05-27,,,,,,,,,,,,,100.0,88.5,100.0,100.0
2022-05-28,,,,,,,,,,63.8,51.2,100.0,100.0,87.0,100.0,100.0
2022-05-29,,,,89.0,84.1,100.0,,,,49.7,48.4,100.0,100.0,86.9,100.0,100.0
2022-05-30,58.0,49.4,92.0,,,,,,,,,,98.8,81.3,100.0,98.8
2022-05-31,38.9,37.7,91.4,,,,,,,,,,91.4,77.7,100.0,91.4
2022-06-01,,,,,,,,,,0.0,20.5,100.0,84.7,70.3,100.0,84.7
2022-06-02,,,,,,,,,,,,,81.6,67.1,100.0,81.6
2022-06-03,,,,,,,,,,,,,36.8,55.1,100.0,36.8
2022-06-04,,,,,,,,,,,,,14.7,49.9,100.0,14.7
2022-06-05,,,,,,,,,,,,,10.4,45.0,100.0,10.4
2022-06-06,,,,,,,,,,0.0,0.8,100.0,6.7,44.9,100.0,6.7
2022-06-07,29.7,30.1,89.0,,,,,,,,,,0.6,34.7,100.0,0.6
2022-06-08,,,,,,,,,,,,,0.0,27.0,100.0,0.0
2022-06-09,,,,,,,,,,0.0,0.3,100.0,0.0,21.7,100.0,0.0
2022-06-10,,,,,,,,,,0.0,0.1,100.0,0.0,19.8,100.0,0.0
2022-06-11,19.9,24.5,92.6,,,,,,,,,,0.0,18.0,100.0,0.0
2022-06-12,20.1,25.1,91.4,,,,,,,,,,0.0,13.2,100.0,0.0
2022-06-13,,,,0.0,1.7,100.0,,,,0.0,0.0,100.0,0.0,10.3,100.0,0.0
2022-06-14,,,,,,,,,,,,,0.0,8.2,100.0,0.0
2022-06-15,,,,,,,,,,,,,0.0,5.1,100.0,0.0
2022-06-16,,,,,,,,,,0.0,0.0,100.0,0.0,3.3,100.0,0.0
2022-06-17,,,,,,,,,,,,,0.0,3.0,100.0,0.0
2022-06-18,,,,0.0,0.0,100.0,,,,,,,0.0,2.3,100.0,0.0
2022-06-19,7.7,21.1,87.1,,,,,,,,,,0.0,2.2,100.0,0.0
2022-06-20,,,,,,,,,,0.0,0.0,100.0,0.0,1.5,100.0,0.0
2022-06-21,,,,,,,,,,,,,0.0,1.3,100.0,0.0
2022-06-22,,,,,,,,,,,,,0.0,1.0,100.0,0.0
2022-06-23,11.7,22.8,94.5,,,,,,,,,,0.0,0.7,100.0,0.0
2022-06-24,,,,,,,,,,,,,0.0,0.5,100.0,0.0
2022-06-25,,,,,,,,,,0.0,0.0,100.0,0.0,0.3,100.0,0.0
2022-06-26,,,,,,,,,,,,,0.0,0.4,100.0,0.0
2022-06-27,,,,,,,,,,,,,0.0,0.3,100.0,0.0
2022-06-28,,,,,,,,,,0.0,0.0,100.0,0.0,0.2,100.0,0.0
2022-06-29,,,,,,,0.0,0.0,100.0,0.0,0.0,100.0,0.0,0.1,100.0,0.0
2022-06-30,,,,,,,,,,,,,0.0,0.1,100.0,0.0
2022-07-01,10.5,25.2,87.7,,,,,,,,,,0.0,0.1,100.0,0.0
2022-07-02,,,,,,,,,,0.0,0.0,100.0,0.0,0.1,100.0,0.0
2022-07-03,,,,0.0,0.0,100.0,,,,,,,0.0,0.1,100.0,0.0
2022-07-04,,,,,,,,,,,,,0.0,0.0,100.0,0.0
2022-07-05,24.5,30.4,95.1,,,,,,,,,,0.0,0.1,100.0,0.0
2022-07-06,3.3,19.9,93.3,,,,,,,0.0,0.0,100.0,0.0,0.1,100.0,0.0
2022-07-07,,,,,,,0.0,0.0,100.0,0.0,0.0,100.0,0.0,0.0,100.0,0.0
2022-07-08,,,,0.0,0.0,100.0,0.0,0.0,99.4,,,,0.0,0.0,100.0,0.0
2022-07-09,,,,,,,,,,,,,0.0,0.0,100.0,0.0
2022-07-10,,,,,,,,,,0.0,0.0,100.0,0.0,0.0,100.0,0.0
2022-07-11,,,,,,,,,,,,,0.0,0.0,100.0,0.0
2022-07-12,,,,,,,,,,,,,0.0,0.0,100.0,0.0
2022-07-13,9.2,24.3,86.5,0.0,0.0,100.0,0.0,0.0,39.3,,,,0.0,0.0,100.0,0.0
2022-07-14,,,,,,,,,,,,,0.0,0.0,100.0,0.0
2022-07-15,,,,,,,0.0,0.0,100.0,,,,0.0,0.0,100.0,0.0
2022-07-16,,,,,,,0.0,0.0,100.0,,,,0.0,0.0,100.0,0.0
2022-07-17,8.3,21.1,96.3,,,,,,,,,,0.0,0.0,100.0,0.0
2022-07-18,2.6,14.9,93.3,0.0,0.0,100.0,,,,,,,0.0,0.0,100.0,0.0
2022-07-19,,,,,,,,,,,,,0.0,0.0,100.0,0.0
2022-07-20,,,,,,,,,,,,,0.0,0.0,100.0,0.0
2022-07-21,,,,,,,,,,,,,0.0,0.0,100.0,0.0
2022-07-22,,,,,,,,,,,,,0.0,0.0,100.0,0.0
2022-07-23,,,,,,,,,,,,,0.0,0.0,100.0,0.0
2022-07-24,,,,,,,0.0,0.0,99.4,0.0,0.0,100.0,0.0,0.0,100.0,0.0
2022-07-25,0.7,16.0,89.6,,,,,,,,,,0.0,0.0,100.0,0.0
2022-07-26,,,,,,,,,,,,,0.0,0.0,100.0,0.0
2022-07-27,,,,,,,,,,,,,0.0,0.0,100.0,0.0
2022-07-28,,,,0.0,0.0,100.0,,,,0.0,0.0,100.0,0.0,0.0,100.0,0.0
2022-07-29,3.8,14.6,96.9,,,,,,,,,,0.0,0.0,100.0,0.0
2022-07-30,1.3,11.6,93.3,,,,0.0,0.0,38.0,,,,0.0,0.0,100.0,0.0
2022-07-31,,,,,,,0.0,0.0,100.0,,,,0.0,0.0,100.0,0.0
2022-08-01,,,,,,,0.0,0.0,100.0,0.0,0.0,100.0,0.0,0.0,100.0,0.0
2022-08-02,,,,0.0,0.0,100.0,,,,0.0,0.0,100.0,0.0,0.0,100.0,0.0
2022-08-03,,,,,,,,,,,,,0.0,0.0,100.0,0.0
2022-08-04,,,,,,,,,,,,,0.0,0.0,100.0,0.0
2022-08-05,,,,,,,,,,0.0,0.0,100.0,0.0,0.0,100.0,0.0
2022-08-06,0.7,11.3,88.3,,,,,,,0.0,0.0,100.0,0.0,0.0,100.0,0.0
2022-08-07,,,,,,,,,,,,,0.0,0.0,100.0,0.0
2022-08-08,,,,,,,0.0,0.0,100.0,,,,0.0,0.0,100.0,0.0
2022-08-09,,,,,,,0.0,0.0,100.0,0.0,0.0,100.0,0.0,0.0,100.0,0.0
2022-08-10,5.1,15.0,96.9,,,,,,,,,,0.0,0.0,100.0,0.0
2022-08-11,3.3,16.2,93.9,,,,,,,,,,0.0,0.0,100.0,0.0
2022-08-12,,,,0.0,0.0,100.0,,,,,,,0.0,0.0,100.0,0.0
2022-08-13,,,,,,,,,,0.0,0.0,100.0,0.0,0.0,100.0,0.0
2022-08-14,,,,,,,,,,,,,0.0,0.0,100.0,0.0
2022-08-15,,,,,,,,,,,,,0.0,0.0,100.0,0.0
2022-08-16,,,,,,,0.0,0.0,100.0,,,,0.0,0.0,100.0,0.0
2022-08-17,,,,,,,,,,0.0,0.1,100.0,0.0,0.0,100.0,0.0
2022-08-18,4.1,17.6,90.2,,,,,,,,,,0.0,0.0,100.0,0.0
2022-08-19,,,,,,,,,,,,,0.0,0.0,100.0,0.0
2022-08-20,,,,,,,,,,0.0,0.0,100.0,0.0,0.0,100.0,0.0
2022-08-21,,,,,,,,,,0.0,0.0,100.0,0.0,0.0,100.0,0.0
2022-08-22,8.2,22.0,96.9,0.0,0.0,100.0,,,,,,,0.0,0.0,100.0,0.0
2022-08-23,8.5,25.3,93.9,,,,,,,,,,0.0,0.0,100.0,0.0
2022-08-24,,,,,,,,,,0.0,0.0,100.0,0.0,0.0,100.0,0.0
2022-08-25,,,,,,,0.0,0.0,99.4,0.0,0.0,100.0,0.0,0.0,100.0,0.0
2022-08-26,,,,,,,,,,,,,0.0,0.0,100.0,0.0
2022-08-27,,,,,,,,,,,,,0.0,0.0,100.0,0.0
2022-08-28,,,,,,,,,,0.0,0.0,100.0,0.0,0.0,100.0,0.0
2022-08-29,,,,,,,,,,0.0,0.0,100.0,0.0,0.0,100.0,0.0
2022-08-30,18.6,30.1,89.0,,,,,,,,,,0.0,0.0,100.0,0.0
2022-08-31,,,,,,,,,,,,,0.0,0.0,100.0,0.0
2022-09-01,,,,0.0,0.0,100.0,0.0,0.0,100.0,0.0,0.0,100.0,0.0,0.0,100.0,0.0
2022-09-02,,,,,,,0.0,0.0,36.8,,,,0.0,0.0,100.0,0.0
2022-09-03,34.0,35.9,95.7,,,,,,,,,,0.0,0.0,100.0,0.0
2022-09-04,23.8,32.8,92.6,,,,,,,,,,0.0,0.0,100.0,0.0
2022-09-05,,,,,,,,,,0.0,0.0,100.0,0.0,0.0,100.0,0.0
2022-09-06,,,,,,,,,,,,,0.0,0.0,100.0,0.0
2022-09-07,,,,,,,,,,,,,0.0,0.0,100.0,0.0
2022-09-08,,,,,,,,,,,,,0.0,0.0,100.0,0.0
2022-09-09,,,,,,,,,,,,,0.0,0.0,100.0,0.0
2022-09-10,,,,,,,0.0,0.0,100.0,,,,0.0,0.0,100.0,0.0
2022-09-11,51.4,42.4,89.6,0.0,0.0,100.0,,,,,,,0.0,0.0,100.0,0.0
2022-09-12,,,,,,,,,,0.0,0.0,100.0,0.0,0.0,100.0,0.0
2022-09-13,,,,,,,,,,,,,0.0,0.0,100.0,0.0
2022-09-14,,,,,,,,,,,,,0.0,0.0,100.0,0.0
2022-09-15,45.4,43.5,93.3,,,,,,,,,,0.0,0.0,100.0,0.0
2022-09-16,39.6,40.1,94.5,0.0,0.0,100.0,,,,,,,0.0,0.0,100.0,0.0
2022-09-17,,,,,,,0.0,0.0,100.0,,,,0.0,0.0,100.0,0.0
2022-09-18,,,,,,,0.0,0.0,100.0,,,,0.0,0.0,100.0,0.0
2022-09-19,,,,,,,0.0,0.0,37.4,,,,0.0,0.0,100.0,0.0
2022-09-20,,,,,,,,,,,,,0.0,0.0,100.0,0.0
2022-09-21,,,,0.0,0.0,100.0,,,,,,,0.0,0.0,100.0,0.0
2022-09-22,,,,,,,,,,,,,0.0,0.0,100.0,0.0
2022-09-23,45.1,44.0,88.3,,,,,,,,,,0.0,0.0,100.0,0.0
2022-09-24,,,,,,,,,,,,,0.0,0.0,100.0,0.0
2022-09-25,,,,,,,,,,,,,0.0,0.1,100.0,0.0
2022-09-26,,,,,,,,,,,,,0.0,0.2,100.0,0.0
2022-09-27,37.1,41.1,92.6,,,,,,,,,,0.0,0.1,100.0,0.0
2022-09-28,50.7,46.0,92.0,,,,,,,,,,0.0,0.1,100.0,0.0
2022-09-29,,,,,,,,,,,,,0.0,0.2,100.0,0.0
2022-09-30,,,,,,,,,,,,,0.0,0.3,100.0,0.0
2022-10-01,,,,,,,,,,0.0,0.1,100.0,0.0,0.1,100.0,0.0
2022-10-02,,,,,,,,,,,,,0.0,0.2,100.0,0.0
2022-10-03,,,,,,,,,,,,,0.0,0.2,100.0,0.0
2022-10-04,,,,,,,,,,,,,0.0,0.4,100.0,0.0
2022-10-05,46.6,43.4,89.6,,,,,,,0.0,0.1,100.0,0.0,0.2,100.0,0.0
2022-10-06,,,,0.0,0.0,100.0,,,,,,,0.0,0.3,100.0,0.0
2022-10-07,,,,,,,,,,,,,0.0,0.3,100.0,0.0
2022-10-08,,,,,,,,,,,,,0.0,0.3,100.0,0.0
2022-10-09,50.6,43.6,94.5,,,,,,,0.0,0.1,100.0,0.0,0.3,100.0,0.0
2022-10-10,44.7,41.0,93.3,,,,,,,,,,0.0,0.4,100.0,0.0
2022-10-11,,,,0.0,0.0,100.0,0.0,0.0,33.7,,,,0.0,0.3,100.0,0.0
2022-10-12,,,,,,,,,,0.0,0.1,100.0,0.0,0.2,100.0,0.0
2022-10-13,,,,,,,,,,,,,0.0,0.2,100.0,0.0
2022-10-14,,,,,,,,,,,,,0.0,0.4,100.0,0.0
2022-10-15,,,,,,,,,,,,,0.0,0.3,100.0,0.0
2022-10-16,,,,0.0,0.0,100.0,,,,0.0,0.1,100.0,0.0,0.1,100.0,0.0
2022-10-17,64.6,47.7,88.3,,,,,,,0.0,0.1,100.0,0.0,0.2,100.0,0.0
2022-10-18,,,,,,,,,,,,,0.0,0.2,100.0,0.0
2022-10-19,,,,,,,0.0,0.0,100.0,,,,0.0,0.2,100.0,0.0
2022-10-20,,,,,,,,,,0.0,0.1,100.0,0.0,0.1,100.0,0.0
2022-10-21,50.0,43.5,92.0,,,,,,,,,,0.0,0.1,100.0,0.0
2022-10-22,43.7,38.4,92.6,,,,,,,,,,0.0,0.2,100.0,0.0
2022-10-23,,,,,,,,,,,,,0.0,0.2,100.0,0.0
2022-10-24,,,,,,,,,,,,,0.0,0.2,100.0,0.0
2022-10-25,,,,,,,,,,0.0,0.2,100.0,0.0,0.2,100.0,0.0
2022-10-26,,,,0.0,0.0,100.0,,,,,,,0.0,0.2,100.0,0.0
2022-10-27,,,,,,,0.0,0.0,100.0,,,,0.0,0.2,100.0,0.0
2022-10-28,,,,,,,0.0,0.0,99.4,,,,0.0,0.2,100.0,0.0
2022-10-29,42.1,40.2,89.0,,,,,,,,,,0.0,0.3,100.0,0.0
2022-10-30,,,,,,,,,,,,,0.0,0.4,100.0,0.0
2022-10-31,,,,0.0,0.0,100.0,,,,,,,0.0,0.5,100.0,0.0
2022-11-01,,,,,,,,,,,,,0.0,0.7,100.0,0.0
2022-11-02,44.7,40.6,92.0,,,,,,,0.0,0.6,100.0,0.0,0.9,100.0,0.0
2022-11-03,35.3,36.2,93.9,,,,,,,,,,0.0,1.3,100.0,0.0
2022-11-04,,,,,,,,,,,,,0.0,1.7,100.0,0.0
2022-11-05,,,,0.0,0.6,100.0,0.6,2.8,100.0,0.0,4.2,100.0,0.0,2.0,100.0,0.0
2022-11-06,,,,,,,,,,,,,0.0,2.6,100.0,0.0
2022-11-07,,,,,,,,,,,,,0.0,3.1,100.0,0.0
2022-11-08,,,,,,,,,,,,,0.0,3.7,100.0,0.0
2022-11-09,,,,,,,,,,,,,0.0,5.3,100.0,0.0
2022-11-10,43.7,39.8,92.6,0.0,6.8,100.0,,,,,,,0.0,4.5,100.0,0.0
2022-11-11,,,,,,,,,,,,,0.0,5.6,100.0,0.0
2022-11-12,,,,,,,,,,,,,0.0,6.9,100.0,0.0
2022-11-13,,,,,,,,,,,,,0.0,10.4,100.0,0.0
2022-11-14,37.5,36.9,93.3,,,,,,,,,,0.0,12.4,100.0,0.0
2022-11-15,44.4,39.1,92.6,,,,,,,,,,0.0,15.9,100.0,0.0
2022-11-16,,,,,,,,,,0.0,20.7,100.0,0.0,18.4,100.0,0.0
2022-11-17,,,,,,,,,,,,,0.6,25.6,100.0,0.6
2022-11-18,,,,,,,,,,,,,1.2,29.3,100.0,1.2
2022-11-19,,,,,,,,,,,,,6.1,36.8,100.0,6.1
2022-11-20,,,,54.0,53.2,100.0,78.2,73.3,100.0,,,,31.9,49.8,100.0,31.9
2022-11-21,,,,,,,,,,,,,54.0,57.8,100.0,54.0
2022-11-22,44.3,40.5,91.4,,,,,,,,,,71.8,67.3,100.0,71.8
2022-11-23,,,,,,,,,,,,,79.8,70.9,100.0,79.8
2022-11-24,,,,,,,,,,,,,92.6,77.0,100.0,92.6
2022-11-25,,,,93.3,82.3,100.0,,,,,,,96.3,80.5,100.0,96.3
2022-11-26,50.0,43.4,92.0,,,,,,,,,,98.8,84.8,100.0,98.8
2022-11-27,44.7,42.8,93.3,,,,,,,,,,99.4,86.4,100.0,99.4
2022-11-28,,,,,,,,,,,,,100.0,89.9,100.0,100.0
2022-11-29,,,,,,,,,,,,,100.0,91.2,100.0,100.0
2022-11-30,,,,100.0,98.9,100.0,,,,,,,100.0,94.9,100.0,100.0
2022-12-01,,,,,,,,,,100.0,77.9,100.0,100.0,94.8,100.0,100.0
2022-12-02,,,,,,,,,,,,,100.0,96.2,100.0,100.0
2022-12-03,,,,,,,,,,,,,100.0,97.4,100.0,100.0
2022-12-04,71.5,51.5,92.6,,,,,,,,,,100.0,98.1,100.0,100.0
2022-12-05,,,,100.0,99.7,100.0,,,,100.0,86.8,100.0,100.0,98.3,100.0,100.0
2022-12-06,,,,,,,100.0,100.0,100.0,100.0,89.6,100.0,100.0,98.8,100.0,100.0
2022-12-07,,,,,,,100.0,100.0,100.0,,,,100.0,98.9,100.0,100.0
2022-12-08,68.9,49.9,92.6,,,,,,,,,,100.0,99.0,100.0,100.0
2022-12-09,62.1,47.8,93.9,,,,,,,100.0,75.8,100.0,100.0,98.9,100.0,100.0
2022-12-10,,,,100.0,99.8,100.0,,,,,,,100.0,99.1,100.0,100.0
2022-12-11,,,,,,,,,,,,,100.0,98.7,100.0,100.0
2022-12-12,,,,,,,,,,,,,100.0,98.6,100.0,100.0
2022-12-13,,,,,,,,,,,,,100.0,98.5,100.0,100.0
2022-12-14,,,,,,,,,,,,,100.0,98.5,100.0,100.0
2022-12-15,,,,,,,,,,,,,100.0,97.9,100.0,100.0
2022-12-16,68.2,51.8,90.8,,,,,,,100.0,91.4,100.0,100.0,97.9,100.0,100.0
2022-12-17,,,,,,,,,,100.0,95.4,100.0,100.0,97.7,100.0,100.0
2022-12-18,,,,,,,,,,,,,100.0,97.3,100.0,100.0
2022-12-19,,,,,,,,,,,,,100.0,97.5,100.0,100.0
2022-12-20,73.2,53.9,96.3,,,,,,,,,,100.0,97.8,100.0,100.0
2022-12-21,92.8,64.7,93.9,,,,,,,100.0,97.8,100.0,100.0,98.1,100.0,100.0
2022-12-22,,,,,,,,,,,,,100.0,97.6,100.0,100.0
2022-12-23,,,,,,,,,,,,,100.0,96.9,100.0,100.0
2022-12-24,,,,,,,,,,100.0,98.9,100.0,100.0,97.9,100.0,100.0
2022-12-25,,,,100.0,99.8,100.0,,,,100.0,99.4,100.0,100.0,98.5,100.0,100.0
2022-12-26,,,,,,,,,,,,,100.0,98.0,100.0,100.0
2022-12-27,,,,,,,,,,,,,100.0,98.1,100.0,100.0
2022-12-28,98.0,69.1,92.0,,,,,,,,,,100.0,98.2,100.0,100.0
2022-12-29,,,,,,,,,,100.0,99.4,100.0,100.0,98.2,100.0,100.0
2022-12-30,,,,,,,,,,,,,100.0,98.0,100.0,100.0
2022-12-31,,,,,,,,,,,,,100.0,98.1,100.0,100.0
2023-01-01,100.0,72.2,94.7,,,,,,,,,,100.0,98.4,100.0,100.0
2023-01-02,99.4,67.6,92.4,,,,,,,100.0,99.6,100.0,100.0,98.6,100.0,100.0
2023-01-03,,,,,,,,,,,,,100.0,98.6,100.0,100.0
2023-01-04,,,,100.0,99.7,100.0,,,,,,,100.0,99.1,100.0,100.0
2023-01-05,,,,,,,,,,100.0,99.5,100.0,100.0,99.0,100.0,100.0
2023-01-06,,,,,,,,,,,,,100.0,98.9,100.0,100.0
2023-01-07,,,,,,,100.0,100.0,100.0,,,,100.0,99.2,100.0,100.0
2023-01-08,,,,,,,,,,,,,100.0,98.9,100.0,100.0
2023-01-09,100.0,73.8,91.2,,,,,,,100.0,99.7,97.6,100.0,99.1,100.0,100.0
2023-01-10,,,,,,,,,,,,,100.0,98.9,100.0,100.0
2023-01-11,,,,,,,,,,,,,100.0,98.8,100.0,100.0
2023-01-12,,,,,,,,,,,,,100.0,98.3,100.0,100.0
2023-01-13,100.0,73.3,92.9,,,,,,,,,,100.0,98.4,100.0,100.0
2023-01-14,100.0,72.8,92.4,,,,,,,,,,100.0,98.3,100.0,100.0
2023-01-15,,,,,,,,,,,,,100.0,98.1,100.0,100.0
2023-01-16,,,,,,,,,,,,,100.0,97.3,100.0,100.0
2023-01-17,,,,,,,,,,,,,100.0,98.4,100.0,100.0
2023-01-18,,,,,,,,,,,,,100.0,97.7,100.0,100.0
2023-01-19,,,,100.0,99.7,100.0,,,,,,,100.0,98.7,100.0,100.0
2023-01-20,,,,,,,,,,,,,100.0,98.8,100.0,100.0
2023-01-21,100.0,73.1,90.6,,,,,,,,,,100.0,99.5,100.0,100.0
2023-01-22,,,,,,,,,,,,,100.0,99.4,100.0,100.0
2023-01-23,,,,,,,100.0,100.0,100.0,,,,100.0,99.7,100.0,100.0
2023-01-24,,,,100.0,99.6,100.0,,,,100.0,99.8,100.0,100.0,99.7,100.0,100.0
2023-01-25,100.0,75.5,97.6,,,,,,,,,,100.0,99.8,100.0,100.0
2023-01-26,99.4,75.4,95.9,,,,,,,,,,100.0,99.8,100.0,100.0
2023-01-27,,,,,,,,,,100.0,99.8,100.0,100.0,99.8,100.0,100.0
2023-01-28,,,,,,,,,,100.0,99.8,100.0,100.0,99.8,100.0,100.0
2023-01-29,,,,100.0,99.2,100.0,,,,,,,100.0,99.9,100.0,100.0
2023-01-30,,,,,,,,,,,,,100.0,99.8,100.0,100.0
2023-01-31,,,,,,,100.0,100.0,100.0,100.0,99.9,100.0,100.0,99.9,100.0,100.0
2023-02-01,,,,,,,100.0,100.0,100.0,,,,100.0,99.9,100.0,100.0
2023-02-02,100.0,82.4,91.8,,,,,,,,,,100.0,99.9,100.0,100.0
2023-02-03,,,,99.4,98.8,100.0,,,,,,,100.0,99.9,100.0,100.0
2023-02-04,,,,,,,,,,100.0,99.9,100.0,100.0,99.9,100.0,100.0
2023-02-05,,,,,,,,,,100.0,99.8,100.0,100.0,99.9,100.0,100.0
2023-02-06,100.0,84.4,95.9,,,,,,,,,,100.0,99.9,100.0,100.0
2023-02-07,100.0,87.1,93.5,,,,,,,,,,100.0,99.9,100.0,100.0
2023-02-08,,,,98.8,98.4,100.0,100.0,100.0,100.0,100.0,99.8,100.0,100.0,99.9,100.0,100.0
2023-02-09,,,,,,,100.0,100.0,100.0,,,,100.0,99.9,100.0,100.0
2023-02-10,,,,,,,,,,,,,100.0,99.9,100.0,100.0
2023-02-11,,,,,,,,,,,,,100.0,99.9,100.0,100.0
2023-02-12,,,,,,,,,,100.0,99.9,100.0,100.0,99.9,100.0,100.0
2023-02-13,,,,98.8,98.5,100.0,,,,,,,100.0,99.9,100.0,100.0
2023-02-14,100.0,90.9,92.9,,,,,,,,,,100.0,99.9,100.0,100.0
2023-02-15,,,,,,,,,,100.0,99.9,100.0,100.0,99.9,100.0,100.0
2023-02-16,,,,,,,100.0,100.0,100.0,100.0,99.9,100.0,100.0,99.9,100.0,100.0
2023-02-17,,,,,,,100.0,100.0,100.0,,,,100.0,99.9,100.0,100.0
2023-02-18,100.0,91.5,94.7,100.0,98.8,100.0,,,,,,,100.0,99.9,100.0,100.0
2023-02-19,100.0,89.6,94.1,,,,,,,100.0,99.9,100.0,100.0,99.8,100.0,100.0
2023-02-20,,,,,,,,,,100.0,99.9,100.0,100.0,99.8,100.0,100.0
2023-02-21,,,,,,,,,,,,,100.0,99.8,100.0,100.0
2023-02-22,,,,,,,,,,,,,100.0,99.7,100.0,100.0
2023-02-23,,,,100.0,98.4,100.0,,,,,,,100.0,99.7,100.0,100.0
2023-02-24,,,,,,,100.0,100.0,99.4,,,,100.0,99.5,100.0,100.0
2023-02-25,,,,,,,100.0,100.0,100.0,,,,100.0,99.7,100.0,100.0
2023-02-26,100.0,91.2,91.2,,,,,,,,,,100.0,99.5,100.0,100.0
2023-02-27,,,,,,,,,,,,,100.0,99.5,100.0,100.0
2023-02-28,,,,100.0,99.2,100.0,,,,100.0,99.9,100.0,100.0,99.6,100.0,100.0
2023-03-01,,,,,,,,,,,,,100.0,99.6,100.0,100.0
2023-03-02,100.0,90.8,94.7,,,,,,,,,,100.0,99.5,100.0,100.0
2023-03-03,100.0,89.8,95.9,,,,,,,100.0,99.9,100.0,100.0,99.4,100.0,100.0
2023-03-04,,,,,,,100.0,100.0,100.0,100.0,99.9,100.0,100.0,99.5,100.0,100.0
2023-03-05,,,,100.0,99.4,100.0,100.0,100.0,100.0,,,,100.0,99.6,100.0,100.0
2023-03-06,,,,,,,,,,100.0,99.9,100.0,100.0,99.4,100.0,100.0
2023-03-07,,,,,,,,,,100.0,99.9,100.0,100.0,99.3,100.0,100.0
2023-03-08,,,,,,,,,,,,,100.0,99.3,100.0,100.0
2023-03-09,,,,,,,,,,,,,100.0,99.2,100.0,100.0
2023-03-10,100.0,86.8,90.6,,,,,,,,,,100.0,99.0,100.0,100.0
2023-03-11,,,,,,,,,,,,,100.0,98.9,100.0,100.0
2023-03-12,,,,,,,100.0,100.0,100.0,,,,100.0,99.2,100.0,100.0
2023-03-13,,,,,,,,,,,,,100.0,99.1,100.0,100.0
2023-03-14,100.0,90.2,96.5,,,,,,,100.0,99.9,100.0,100.0,99.0,100.0,100.0
2023-03-15,100.0,87.6,94.7,100.0,99.8,100.0,,,,,,,100.0,99.1,100.0,100.0
2023-03-16,,,,,,,,,,,,,100.0,98.9,100.0,100.0
2023-03-17,,,,,,,,,,,,,100.0,98.8,100.0,100.0
2023-03-18,,,,,,,,,,,,,100.0,98.3,100.0,100.0
2023-03-19,,,,,,,,,,,,,100.0,98.0,100.0,100.0
2023-03-20,,,,100.0,99.7,100.0,100.0,100.0,100.0,,,,100.0,98.8,100.0,100.0
2023-03-21,,,,,,,,,,,,,100.0,97.7,100.0,100.0
2023-03-22,100.0,91.8,92.9,,,,,,,,,,100.0,97.6,100.0,100.0
2023-03-23,,,,,,,,,,,,,100.0,96.9,100.0,100.0
2023-03-24,,,,,,,,,,,,,100.0,97.2,100.0,100.0
2023-03-25,,,,,,,,,,,,,100.0,95.7,100.0,100.0
2023-03-26,100.0,87.4,98.8,,,,,,,100.0,99.9,72.9,100.0,95.9,100.0,100.0
2023-03-27,100.0,87.9,97.6,,,,,,,100.0,99.9,100.0,100.0,94.7,100.0,100.0
2023-03-28,,,,,,,,,,,,,100.0,94.7,100.0,100.0
2023-03-29,,,,,,,,,,,,,100.0,92.6,100.0,100.0
2023-03-30,,,,,,,,,,,,,100.0,94.7,100.0,100.0
2023-03-31,,,,,,,,,,,,,100.0,92.4,100.0,100.0
2023-04-01,,,,,,,,,,,,,100.0,94.7,100.0,100.0
2023-04-02,,,,,,,,,,,,,100.0,94.5,100.0,100.0
2023-04-03,100.0,86.4,91.8,,,,,,,100.0,99.7,100.0,100.0,96.1,100.0,100.0
2023-04-04,,,,100.0,99.7,100.0,,,,100.0,99.6,100.0,100.0,96.9,100.0,100.0
2023-04-05,,,,,,,100.0,100.0,100.0,,,,100.0,97.9,100.0,100.0
2023-04-06,,,,,,,100.0,100.0,100.0,,,,100.0,98.0,100.0,100.0
2023-04-07,100.0,86.2,98.8,,,,,,,100.0,99.5,100.0,100.0,97.8,100.0,100.0
2023-04-08,100.0,84.6,98.8,,,,,,,100.0,99.2,100.0,100.0,97.9,100.0,100.0
2023-04-09,,,,100.0,99.7,100.0,,,,,,,100.0,98.1,100.0,100.0
2023-04-10,,,,,,,,,,,,,100.0,97.7,100.0,100.0
2023-04-11,,,,,,,,,,100.0,98.6,100.0,100.0,97.1,100.0,100.0
2023-04-12,,,,,,,,,,,,,100.0,97.4,100.0,100.0
2023-04-13,,,,,,,,,,,,,100.0,97.0,100.0,100.0
2023-04-14,,,,100.0,99.9,100.0,100.0,99.6,100.0,,,,100.0,97.9,100.0,100.0
2023-04-15,100.0,85.9,94.1,,,,,,,100.0,98.6,100.0,100.0,97.1,100.0,100.0
2023-04-16,,,,,,,,,,,,,100.0,97.1,100.0,100.0
2023-04-17,,,,,,,,,,,,,100.0,97.0,100.0,100.0
2023-04-18,,,,,,,,,,100.0,97.4,100.0,100.0,97.0,100.0,100.0
2023-04-19,100.0,83.8,98.8,100.0,99.9,100.0,,,,100.0,93.9,100.0,100.0,97.4,100.0,100.0
2023-04-20,100.0,79.5,98.8,,,,,,,,,,100.0,97.1,100.0,100.0
2023-04-21,,,,,,,,,,,,,100.0,96.4,100.0,100.0
2023-04-22,,,,,,,,,,100.0,94.1,100.0,100.0,96.3,100.0,100.0
2023-04-23,,,,,,,,,,100.0,94.3,100.0,100.0,96.3,100.0,100.0
2023-04-24,,,,100.0,99.9,100.0,,,,,,,100.0,96.6,100.0,100.0
2023-04-25,,,,,,,,,,,,,100.0,95.6,100.0,100.0
2023-04-26,,,,,,,,,,100.0,88.0,100.0,100.0,95.5,100.0,100.0
2023-04-27,100.0,82.7,95.9,,,,,,,100.0,90.3,100.0,100.0,95.7,100.0,100.0
2023-04-28,,,,,,,,,,,,,100.0,95.0,100.0,100.0
2023-04-29,,,,,,,,,,,,,100.0,94.5,100.0,100.0
2023-04-30,,,,,,,,,,,,,100.0,93.7,100.0,100.0
2023-05-01,100.0,84.9,95.9,,,,,,,100.0,87.6,100.0,100.0,94.4,100.0,100.0
2023-05-02,98.8,84.2,97.6,,,,,,,,,,100.0,94.6,100.0,100.0
2023-05-03,,,,,,,,,,,,,100.0,94.2,100.0,100.0
2023-05-04,,,,100.0,99.6,100.0,,,,100.0,91.6,100.0,100.0,95.1,100.0,100.0
2023-05-05,,,,,,,,,,,,,100.0,93.8,100.0,100.0
2023-05-06,,,,,,,,,,,,,100.0,93.0,100.0,100.0
2023-05-07,,,,,,,,,,,,,100.0,91.2,100.0,100.0
2023-05-08,,,,,,,,,,100.0,90.5,100.0,100.0,91.0,100.0,100.0
2023-05-09,99.4,86.1,98.2,,,,,,,,,,100.0,89.7,100.0,100.0
2023-05-10,,,,,,,,,,,,,100.0,89.6,100.0,100.0
2023-05-11,,,,,,,,,,,,,100.0,88.2,100.0,100.0
2023-05-12,,,,,,,,,,,,,100.0,88.1,100.0,100.0
2023-05-13,99.4,86.8,95.3,,,,,,,,,,99.4,87.7,100.0,99.4
2023-05-14,99.4,87.6,95.9,100.0,99.5,52.9,,,,100.0,89.9,100.0,100.0,88.6,100.0,100.0
2023-05-15,,,,,,,,,,100.0,93.7,100.0,99.4,86.4,100.0,99.4
2023-05-16,,,,,,,,,,,,,99.4,86.1,100.0,99.4
2023-05-17,,,,,,,,,,,,,99.4,84.7,100.0,99.4
2023-05-18,,,,,,,,,,,,,100.0,85.5,100.0,100.0
2023-05-19,,,,,,,,,,,,,99.4,82.0,100.0,99.4
2023-05-20,,,,,,,,,,,,,99.4,81.4,100.0,99.4
2023-05-21,99.4,88.4,94.7,,,,,,,,,,99.4,81.7,100.0,99.4
2023-05-22,,,,,,,,,,,,,100.0,82.8,100.0,100.0
2023-05-23,,,,,,,,,,,,,100.0,80.5,100.0,100.0
2023-05-24,,,,,,,,,,,,,100.0,84.6,100.0,100.0
2023-05-25,100.0,87.6,95.9,,,,,,,,,,100.0,85.1,100.0,100.0
2023-05-26,99.4,85.0,95.3,,,,,,,,,,100.0,86.3,100.0,100.0
2023-05-27,,,,,,,,,,100.0,95.5,100.0,100.0,83.2,100.0,100.0
2023-05-28,,,,,,,,,,,,,100.0,84.5,100.0,100.0
2023-05-29,,,,,,,,,,,,,100.0,83.2,100.0,100.0
2023-05-30,,,,,,,,,,,,,100.0,81.9,100.0,100.0
2023-05-31,,,,,,,,,,,,,100.0,77.4,100.0,100.0
2023-06-01,,,,,,,,,,,,,100.0,78.2,100.0,100.0
2023-06-02,98.7,84.1,93.5,,,,,,,,,,98.8,78.6,100.0,98.8
2023-06-03,,,,,,,,,,,,,98.8,76.5,100.0,98.8
2023-06-04,,,,,,,,,,,,,98.8,77.6,100.0,98.8
2023-06-05,,,,,,,,,,,,,98.2,77.5,100.0,98.2
2023-06-06,99.4,82.5,94.1,,,,,,,100.0,89.1,37.6,98.2,78.6,100.0,98.2
2023-06-07,97.5,75.4,95.3,,,,,,,100.0,93.4,97.1,98.2,78.3,100.0,98.2
2023-06-08,,,,,,,,,,,,,98.2,76.9,100.0,98.2
2023-06-09,,,,,,,,,,,,,97.6,76.0,100.0,97.6
2023-06-10,,,,,,,,,,100.0,91.0,100.0,95.9,73.8,100.0,95.9
2023-06-11,,,,,,,,,,98.8,83.1,100.0,97.1,73.5,100.0,97.1
2023-06-12,,,,,,,,,,,,,95.3,71.4,100.0,95.3
2023-06-13,,,,,,,,,,,,,96.5,71.9,100.0,96.5
2023-06-14,98.1,73.5,91.8,,,,,,,87.1,71.8,100.0,97.1,73.6,100.0,97.1
2023-06-15,,,,,,,,,,71.2,61.0,100.0,98.8,75.8,100.0,98.8
2023-06-16,,,,,,,,,,,,,98.2,75.5,100.0,98.2
2023-06-17,,,,,,,,,,,,,98.2,75.4,100.0,98.2
2023-06-18,97.5,67.8,94.1,,,,,,,31.8,37.6,100.0,97.6,75.4,100.0,97.6
2023-06-19,82.7,56.8,95.3,,,,,,,20.6,29.4,100.0,91.8,69.8,100.0,91.8
2023-06-20,,,,,,,,,,,,,55.3,58.9,100.0,55.3
2023-06-21,,,,,,,,,,,,,17.1,49.3,100.0,17.1
2023-06-22,,,,,,,,,,,,,0.6,41.5,100.0,0.6
2023-06-23,,,,35.5,40.8,99.4,,,,,,,0.6,39.9,100.0,0.6
2023-06-24,,,,,,,,,,,,,0.0,30.7,100.0,0.0
2023-06-25,,,,,,,,,,0.0,4.5,100.0,0.0,25.1,100.0,0.0
2023-06-26,76.3,53.7,89.4,,,,,,,0.0,2.8,100.0,0.0,27.0,100.0,0.0
2023-06-27,,,,,,,,,,,,,0.0,23.3,100.0,0.0
2023-06-28,,,,0.0,1.2,100.0,,,,,,,0.0,16.9,100.0,0.0
2023-06-29,,,,,,,,,,0.0,0.6,100.0,0.0,10.8,100.0,0.0
2023-06-30,58.5,46.3,96.5,,,,,,,,,,0.0,11.1,100.0,0.0
2023-07-01,41.0,38.2,94.7,,,,,,,,,,0.0,12.3,100.0,0.0
2023-07-02,,,,,,,,,,,,,0.0,11.6,100.0,0.0
2023-07-03,,,,0.0,0.0,100.0,,,,0.0,0.9,100.0,0.0,8.4,100.0,0.0
2023-07-04,,,,,,,,,,0.0,0.3,100.0,0.0,8.5,100.0,0.0
2023-07-05,,,,,,,,,,,,,0.0,6.1,100.0,0.0
2023-07-06,,,,,,,,,,,,,0.0,5.4,100.0,0.0
2023-07-07,,,,,,,,,,0.0,0.4,100.0,0.0,3.8,100.0,0.0
2023-07-08,49.4,46.1,90.6,0.0,0.0,100.0,,,,0.0,0.1,100.0,0.0,2.8,100.0,0.0
2023-07-09,,,,,,,,,,,,,0.0,2.2,100.0,0.0
2023-07-10,,,,,,,,,,0.0,0.1,100.0,0.0,2.1,100.0,0.0
2023-07-11,,,,,,,,,,0.0,0.0,100.0,0.0,1.4,100.0,0.0
2023-07-12,43.2,41.1,95.3,,,,,,,,,,0.0,1.0,100.0,0.0
2023-07-13,37.1,38.7,93.5,0.0,0.0,100.0,,,,,,,0.0,0.5,100.0,0.0
2023-07-14,,,,,,,,,,0.0,0.0,100.0,0.0,0.5,100.0,0.0
2023-07-15,,,,,,,,,,0.0,0.0,100.0,0.0,0.3,100.0,0.0
2023-07-16,,,,,,,,,,,,,0.0,0.2,100.0,0.0
2023-07-17,,,,,,,,,,,,,0.0,0.1,100.0,0.0
2023-07-18,,,,,,,,,,,,,0.0,0.1,100.0,0.0
2023-07-19,,,,,,,0.0,0.0,99.4,,,,0.0,0.1,100.0,0.0
2023-07-20,36.2,34.5,87.6,,,,,,,,,,0.0,0.1,100.0,0.0
2023-07-21,,,,,,,,,,0.0,0.0,100.0,0.0,0.1,100.0,0.0
2023-07-22,,,,,,,,,,,,,0.0,0.1,100.0,0.0
2023-07-23,,,,,,,,,,,,,0.0,0.1,100.0,0.0
2023-07-24,33.9,32.6,97.1,,,,,,,,,,0.0,0.0,100.0,0.0
2023-07-25,27.6,27.9,95.9,,,,,,,,,,0.0,0.1,100.0,0.0
2023-07-26,,,,,,,,,,0.0,0.0,100.0,0.0,0.0,100.0,0.0
2023-07-27,,,,,,,0.0,0.0,100.0,,,,0.0,0.1,100.0,0.0
2023-07-28,,,,0.0,0.0,81.2,,,,,,,0.0,0.0,100.0,0.0
2023-07-29,,,,,,,,,,,,,0.0,0.0,100.0,0.0
2023-07-30,,,,,,,,,,0.0,0.0,100.0,0.0,0.0,100.0,0.0
2023-07-31,,,,,,,,,,,,,0.0,0.1,100.0,0.0
2023-08-01,34.2,32.0,89.4,,,,,,,,,,0.0,0.0,100.0,0.0
2023-08-02,,,,0.0,0.0,32.4,,,,0.0,0.0,100.0,0.0,0.1,100.0,0.0
2023-08-03,,,,,,,0.0,0.0,100.0,0.0,0.0,100.0,0.0,0.0,100.0,0.0
2023-08-04,,,,,,,,,,,,,0.0,0.0,100.0,0.0
2023-08-05,26.5,28.8,95.3,,,,,,,,,,0.0,0.0,100.0,0.0
2023-08-06,29.7,27.5,92.9,,,,,,,,,,0.0,0.1,100.0,0.0
2023-08-07,,,,0.0,0.0,100.0,,,,0.0,0.0,100.0,0.0,0.0,100.0,0.0
2023-08-08,,,,,,,,,,,,,0.0,0.0,100.0,0.0
2023-08-09,,,,,,,,,,,,,0.0,0.0,100.0,0.0
2023-08-10,,,,,,,,,,0.0,0.0,100.0,0.0,0.0,100.0,0.0
2023-08-11,,,,,,,0.0,0.0,100.0,0.0,0.0,100.0,0.0,0.0,100.0,0.0
2023-08-12,,,,0.0,0.0,100.0,,,,,,,0.0,0.0,100.0,0.0
2023-08-13,34.0,29.7,88.2,,,,,,,,,,0.0,0.0,100.0,0.0
2023-08-14,,,,,,,,,,0.0,0.0,100.0,0.0,0.0,100.0,0.0
2023-08-15,,,,,,,,,,0.0,0.0,100.0,0.0,0.0,100.0,0.0
2023-08-16,,,,,,,,,,,,,0.0,0.0,100.0,0.0
2023-08-17,26.4,27.2,95.9,0.0,0.0,68.8,,,,,,,0.0,0.0,100.0,0.0
2023-08-18,13.1,21.8,94.1,,,,,,,0.0,0.0,100.0,0.0,0.0,100.0,0.0
2023-08-19,,,,,,,0.0,0.0,100.0,,,,0.0,0.0,100.0,0.0
2023-08-20,,,,,,,0.0,0.0,100.0,,,,0.0,0.0,100.0,0.0
2023-08-21,,,,,,,,,,,,,0.0,0.0,100.0,0.0
2023-08-22,,,,0.0,0.0,100.0,,,,,,,0.0,0.0,100.0,0.0
2023-08-23,,,,,,,,,,0.0,0.0,100.0,0.0,0.0,100.0,0.0
2023-08-24,,,,,,,0.0,0.0,36.5,,,,0.0,0.0,100.0,0.0
2023-08-25,22.7,26.1,90.6,,,,,,,,,,0.0,0.0,100.0,0.0
2023-08-26,,,,,,,,,,0.0,0.0,100.0,0.0,0.0,100.0,0.0
2023-08-27,,,,,,,,,,,,,0.0,0.0,100.0,0.0
2023-08-28,,,,,,,,,,,,,0.0,0.0,100.0,0.0
2023-08-29,16.8,24.6,98.2,,,,,,,0.0,0.0,100.0,0.0,0.0,100.0,0.0
2023-08-30,25.9,26.8,95.3,,,,,,,,,,0.0,0.0,100.0,0.0
2023-08-31,,,,,,,,,,,,,0.0,0.0,100.0,0.0
2023-09-01,,,,0.0,0.0,100.0,,,,,,,0.0,0.0,100.0,0.0
2023-09-02,,,,,,,,,,0.0,0.0,100.0,0.0,0.0,100.0,0.0
2023-09-03,,,,,,,,,,,,,0.0,0.0,100.0,0.0
2023-09-04,,,,,,,0.0,0.0,100.0,,,,0.0,0.0,100.0,0.0
2023-09-05,,,,,,,0.0,0.0,99.4,,,,0.0,0.0,100.0,0.0
2023-09-06,27.3,28.2,88.2,0.0,0.0,78.2,,,,,,,0.0,0.0,100.0,0.0
2023-09-07,,,,,,,,,,,,,0.0,0.0,100.0,0.0
2023-09-08,,,,,,,,,,,,,0.0,0.0,100.0,0.0
2023-09-09,,,,,,,,,,0.0,0.0,100.0,0.0,0.1,100.0,0.0
2023-09-10,25.5,27.7,94.7,,,,,,,,,,0.0,0.1,100.0,0.0
2023-09-11,14.4,21.4,94.1,0.0,0.0,100.0,,,,,,,0.0,0.1,100.0,0.0
2023-09-12,,,,,,,,,,,,,0.0,0.1,100.0,0.0
2023-09-13,,,,,,,,,,0.0,0.0,100.0,0.0,0.2,100.0,0.0
2023-09-14,,,,,,,,,,,,,0.0,0.2,100.0,0.0
2023-09-15,,,,,,,,,,,,,0.0,0.2,100.0,0.0
2023-09-16,,,,,,,,,,,,,0.0,0.2,100.0,0.0
2023-09-17,,,,,,,,,,,,,0.0,0.4,100.0,0.0
2023-09-18,21.3,25.0,91.2,,,,,,,,,,0.0,0.3,100.0,0.0
2023-09-19,,,,,,,,,,,,,0.0,0.3,100.0,0.0
2023-09-20,,,,,,,,,,,,,0.0,0.4,100.0,0.0
2023-09-21,,,,,,,,,,,,,0.0,0.4,100.0,0.0
2023-09-22,8.7,20.0,94.1,,,,,,,,,,0.0,0.3,100.0,0.0
2023-09-23,13.8,20.0,94.1,,,,,,,,,,0.0,0.1,100.0,0.0
2023-09-24,,,,,,,,,,,,,0.0,0.2,100.0,0.0
2023-09-25,,,,,,,,,,,,,0.0,0.2,100.0,0.0
2023-09-26,,,,0.0,0.0,100.0,,,,0.0,0.0,100.0,0.0,0.1,100.0,0.0
2023-09-27,,,,,,,,,,,,,0.0,0.1,100.0,0.0
2023-09-28,,,,,,,,,,,,,0.0,0.1,100.0,0.0
2023-09-29,,,,,,,0.0,0.0,100.0,0.0,0.0,100.0,0.0,0.0,100.0,0.0
2023-09-30,8.7,18.5,88.2,,,,,,,,,,0.0,0.0,100.0,0.0
2023-10-01,,,,0.0,0.0,100.0,,,,,,,0.0,0.0,100.0,0.0
2023-10-02,,,,,,,,,,,,,0.0,0.1,100.0,0.0
2023-10-03,,,,,,,,,,0.0,0.0,100.0,0.0,0.0,100.0,0.0
2023-10-04,13.5,22.3,95.9,,,,,,,0.0,0.0,100.0,0.0,0.1,100.0,0.0
2023-10-05,24.7,28.4,95.3,,,,,,,,,,0.0,0.1,100.0,0.0
2023-10-06,,,,0.0,0.0,100.0,0.0,0.0,99.4,,,,0.0,0.0,100.0,0.0
2023-10-07,,,,,,,0.0,0.0,100.0,,,,0.0,0.0,100.0,0.0
2023-10-08,,,,,,,,,,,,,0.0,0.0,100.0,0.0
2023-10-09,,,,,,,,,,,,,0.0,0.1,100.0,0.0
2023-10-10,,,,,,,,,,,,,0.0,0.1,100.0,0.0
2023-10-11,,,,0.0,0.0,100.0,,,,0.0,0.0,100.0,0.0,0.1,100.0,0.0
2023-10-12,37.6,32.7,87.6,,,,,,,,,,0.0,0.1,100.0,0.0
2023-10-13,,,,,,,,,,,,,0.0,0.1,100.0,0.0
2023-10-14,,,,,,,,,,0.0,0.1,100.0,0.0,0.1,100.0,0.0
2023-10-15,,,,,,,0.0,0.0,99.4,0.0,0.2,100.0,0.0,0.1,100.0,0.0
2023-10-16,43.5,39.6,98.8,,,,,,,,,,0.0,0.1,100.0,0.0
2023-10-17,37.7,34.0,95.3,,,,0.0,0.1,33.5,,,,0.0,0.1,100.0,0.0
2023-10-18,,,,,,,,,,0.0,0.1,100.0,0.0,0.1,100.0,0.0
2023-10-19,,,,,,,,,,,,,0.0,0.2,100.0,0.0
2023-10-20,,,,,,,,,,,,,0.0,0.3,100.0,0.0
2023-10-21,,,,0.0,0.2,90.6,,,,,,,0.0,0.3,100.0,0.0
2023-10-22,,,,,,,,,,,,,0.0,0.4,100.0,0.0
2023-10-23,,,,,,,,,,0.0,0.5,100.0,0.0,0.5,100.0,0.0
2023-10-24,50.3,45.1,93.5,,,,,,,,,,0.0,0.7,100.0,0.0
2023-10-25,,,,,,,,,,,,,0.0,0.6,100.0,0.0
2023-10-26,,,,,,,,,,,,,0.0,0.7,100.0,0.0
2023-10-27,,,,,,,,,,,,,0.0,0.8,100.0,0.0
2023-10-28,46.3,41.7,95.3,,,,,,,,,,0.0,1.1,100.0,0.0
2023-10-29,51.6,49.7,94.7,,,,,,,,,,0.0,1.4,100.0,0.0
2023-10-30,,,,,,,,,,,,,0.0,1.6,100.0,0.0
2023-10-31,,,,,,,,,,,,,0.0,1.9,100.0,0.0
2023-11-01,,,,,,,,,,,,,0.0,2.6,100.0,0.0
2023-11-02,,,,,,,,,,,,,0.0,3.0,100.0,0.0
2023-11-03,,,,,,,,,,0.0,1.4,100.0,0.0,3.5,100.0,0.0
2023-11-04,,,,,,,,,,,,,0.0,5.7,100.0,0.0
2023-11-05,51.0,47.9,92.4,,,,,,,,,,0.0,6.2,100.0,0.0
2023-11-06,,,,,,,,,,0.0,6.4,100.0,0.0,8.1,100.0,0.0
2023-11-07,,,,,,,,,,,,,0.0,10.0,100.0,0.0
2023-11-08,,,,,,,33.5,33.5,100.0,,,,0.0,14.0,100.0,0.0
2023-11-09,57.2,53.0,97.6,,,,,,,,,,0.0,15.9,100.0,0.0
2023-11-10,51.5,48.1,97.1,,,,,,,0.0,18.5,100.0,1.2,17.4,100.0,1.2
2023-11-11,,,,,,,,,,,,,2.9,20.8,100.0,2.9
2023-11-12,,,,,,,,,,,,,5.3,25.4,100.0,5.3
2023-11-13,,,,,,,,,,,,,7.1,27.8,100.0,7.1
2023-11-14,,,,,,,,,,,,,10.0,32.2,100.0,10.0
2023-11-15,,,,62.9,61.0,100.0,99.3,89.1,88.8,,,,24.1,46.0,100.0,24.1
2023-11-16,,,,,,,,,,,,,25.9,47.1,100.0,25.9
2023-11-17,69.2,58.0,93.5,,,,,,,2.4,32.6,100.0,41.8,54.9,100.0,41.8
2023-11-18,,,,,,,,,,,,,45.9,57.7,100.0,45.9
2023-11-19,,,,,,,,,,,,,68.2,66.4,100.0,68.2
2023-11-20,,,,,,,,,,,,,67.6,66.4,100.0,67.6
2023-11-21,86.8,62.1,98.2,,,,,,,,,,94.7,73.9,100.0,94.7
2023-11-22,96.4,69.3,97.1,,,,,,,,,,98.8,75.7,100.0,98.8
2023-11-23,,,,,,,100.0,96.3,99.4,,,,100.0,82.8,100.0,100.0
2023-11-24,,,,,,,,,,,,,100.0,80.5,100.0,100.0
2023-11-25,,,,100.0,98.6,100.0,,,,100.0,73.9,100.0,100.0,84.6,100.0,100.0
2023-11-26,,,,,,,,,,,,,100.0,86.1,100.0,100.0
2023-11-27,,,,,,,,,,,,,100.0,87.6,100.0,100.0
2023-11-28,,,,,,,,,,,,,100.0,86.3,100.0,100.0
2023-11-29,97.4,74.2,89.4,,,,,,,,,,100.0,89.2,100.0,100.0
2023-11-30,,,,,,,,,,,,,100.0,87.7,100.0,100.0
2023-12-01,,,,,,,,,,,,,100.0,90.1,100.0,100.0
2023-12-02,,,,,,,,,,,,,100.0,88.9,100.0,100.0
2023-12-03,99.4,82.9,96.5,,,,,,,100.0,83.3,100.0,100.0,91.1,100.0,100.0
2023-12-04,98.2,79.3,97.6,,,,,,,,,,100.0,92.7,100.0,100.0
2023-12-05,,,,,,,,,,,,,100.0,94.3,100.0,100.0
2023-12-06,,,,,,,,,,,,,100.0,95.4,100.0,100.0
2023-12-07,,,,,,,,,,100.0,93.1,100.0,100.0,96.7,100.0,100.0
2023-12-08,,,,,,,,,,100.0,94.2,100.0,100.0,96.8,100.0,100.0
2023-12-09,,,,,,,,,,,,,100.0,97.4,100.0,100.0
2023-12-10,,,,100.0,99.8,100.0,100.0,100.0,100.0,,,,100.0,98.4,100.0,100.0
2023-12-11,100.0,84.2,96.5,,,,,,,100.0,94.5,100.0,100.0,98.2,100.0,100.0
2023-12-12,,,,,,,,,,100.0,97.3,100.0,100.0,98.1,100.0,100.0
2023-12-13,,,,,,,,,,,,,100.0,98.2,100.0,100.0
2023-12-14,,,,,,,,,,,,,100.0,98.7,100.0,100.0
2023-12-15,100.0,80.5,97.6,100.0,99.6,100.0,,,,,,,100.0,99.0,100.0,100.0
2023-12-16,100.0,81.7,97.6,,,,,,,,,,100.0,98.9,100.0,100.0
2023-12-17,,,,,,,100.0,100.0,100.0,,,,100.0,99.1,100.0,100.0
2023-12-18,,,,,,,100.0,100.0,100.0,100.0,97.8,100.0,100.0,99.2,100.0,100.0
2023-12-19,,,,,,,,,,100.0,98.1,100.0,100.0,99.1,100.0,100.0
2023-12-20,,,,100.0,99.4,100.0,,,,,,,100.0,99.2,100.0,100.0
2023-12-21,,,,,,,,,,,,,100.0,99.2,100.0,100.0
2023-12-22,,,,,,,,,,,,,100.0,99.1,100.0,100.0
2023-12-23,100.0,80.6,91.8,,,,,,,100.0,98.4,100.0,100.0,99.3,100.0,100.0
2023-12-24,,,,,,,,,,,,,100.0,99.1,100.0,100.0
2023-12-25,,,,100.0,99.5,100.0,100.0,100.0,100.0,,,,100.0,99.5,100.0,100.0
2023-12-26,,,,,,,100.0,100.0,100.0,100.0,98.4,100.0,100.0,99.4,100.0,100.0
2023-12-27,100.0,81.2,96.5,,,,,,,100.0,97.7,100.0,100.0,99.4,100.0,100.0
2023-12-28,100.0,75.9,96.5,,,,,,,,,,100.0,99.2,100.0,100.0
2023-12-29,,,,,,,,,,,,,100.0,99.3,100.0,100.0
2023-12-30,,,,100.0,99.6,100.0,,,,,,,100.0,99.2,100.0,100.0
2023-12-31,,,,,,,,,,,,,100.0,98.9,100.0,100.0
2024-01-01,,,,,,,,,,,,,100.0,98.5,100.0,100.0
2024-01-02,,,,,,,,,,,,,100.0,98.6,100.0,100.0
2024-01-03,,,,,,,,,,100.0,98.9,73.2,100.0,98.3,100.0,100.0
2024-01-04,100.0,80.9,91.1,100.0,99.9,100.0,,,,,,,100.0,98.4,100.0,100.0
2024-01-05,,,,,,,,,,,,,100.0,97.8,100.0,100.0
2024-01-06,,,,,,,,,,,,,100.0,97.5,100.0,100.0
2024-01-07,,,,,,,,,,,,,100.0,97.4,100.0,100.0
2024-01-08,99.4,79.7,97.0,,,,,,,,,,100.0,97.8,100.0,100.0
2024-01-09,98.8,76.3,95.8,,,,,,,,,,100.0,97.8,100.0,100.0
2024-01-10,,,,,,,,,,,,,100.0,98.1,100.0,100.0
2024-01-11,,,,,,,100.0,100.0,100.0,,,,100.0,98.7,100.0,100.0
2024-01-12,,,,,,,,,,,,,100.0,98.2,100.0,100.0
2024-01-13,,,,,,,,,,100.0,99.0,100.0,100.0,98.6,100.0,100.0
2024-01-14,,,,,,,,,,100.0,99.1,100.0,100.0,98.6,100.0,100.0
2024-01-15,,,,,,,,,,,,,100.0,98.7,100.0,100.0
2024-01-16,99.3,77.6,86.9,,,,,,,,,,100.0,98.7,100.0,100.0
2024-01-17,,,,,,,,,,,,,100.0,98.6,100.0,100.0
2024-01-18,,,,,,,,,,100.0,99.5,100.0,100.0,98.6,100.0,100.0
2024-01-19,,,,100.0,99.3,100.0,,,,,,,100.0,98.9,100.0,100.0
2024-01-20,99.4,79.5,95.2,,,,,,,,,,100.0,99.1,100.0,100.0
2024-01-21,98.8,78.6,95.8,,,,,,,,,,100.0,99.1,100.0,100.0
2024-01-22,,,,,,,,,,100.0,99.6,100.0,100.0,99.1,100.0,100.0
2024-01-23,,,,,,,,,,,,,100.0,99.5,100.0,100.0
2024-01-24,,,,100.0,99.6,100.0,,,,,,,100.0,99.6,100.0,100.0
2024-01-25,,,,,,,,,,,,,100.0,99.5,100.0,100.0
2024-01-26,,,,,,,100.0,100.0,92.9,,,,100.0,99.5,100.0,100.0
2024-01-27,,,,,,,100.0,100.0,100.0,,,,100.0,99.6,100.0,100.0
2024-01-28,98.0,78.2,88.1,,,,,,,,,,100.0,99.6,100.0,100.0
2024-01-29,,,,100.0,98.9,100.0,,,,,,,100.0,99.5,100.0,100.0
2024-01-30,,,,,,,,,,,,,100.0,99.5,100.0,100.0
2024-01-31,,,,,,,,,,,,,100.0,99.4,100.0,100.0
2024-02-01,98.2,79.2,98.2,,,,,,,,,,100.0,99.3,100.0,100.0
2024-02-02,98.8,80.7,95.8,,,,,,,,,,100.0,99.1,100.0,100.0
2024-02-03,,,,99.4,99.0,100.0,100.0,100.0,100.0,,,,100.0,99.4,100.0,100.0
2024-02-04,,,,,,,100.0,100.0,100.0,,,,100.0,99.1,100.0,100.0
2024-02-05,,,,,,,,,,,,,100.0,98.8,100.0,100.0
2024-02-06,,,,,,,,,,,,,100.0,98.5,100.0,100.0
2024-02-07,,,,,,,,,,,,,100.0,98.4,100.0,100.0
2024-02-08,,,,99.4,99.2,100.0,,,,,,,100.0,98.0,100.0,100.0
2024-02-09,99.3,83.3,88.1,,,,,,,,,,100.0,97.0,100.0,100.0
2024-02-10,,,,,,,,,,,,,100.0,95.8,100.0,100.0
2024-02-11,,,,,,,,,,,,,100.0,96.1,100.0,100.0
2024-02-12,,,,,,,,,,,,,100.0,94.7,100.0,100.0
2024-02-13,99.4,85.1,95.2,,,,,,,,,,100.0,96.0,100.0,100.0
2024-02-14,99.4,87.9,94.6,,,,,,,,,,100.0,95.1,100.0,100.0
2024-02-15,,,,,,,,,,,,,100.0,96.0,100.0,100.0
2024-02-16,,,,,,,,,,,,,100.0,96.6,100.0,100.0
2024-02-17,,,,,,,,,,,,,100.0,97.2,100.0,100.0
2024-02-18,,,,100.0,99.5,100.0,,,,,,,100.0,97.6,100.0,100.0
2024-02-19,,,,,,,100.0,100.0,100.0,,,,100.0,97.7,100.0,100.0
2024-02-20,,,,,,,100.0,100.0,100.0,,,,100.0,98.0,100.0,100.0
2024-02-21,100.0,91.5,86.3,,,,,,,,,,100.0,98.0,100.0,100.0
2024-02-22,,,,,,,,,,,,,100.0,98.3,100.0,100.0
2024-02-23,,,,100.0,99.8,100.0,,,,,,,100.0,98.6,100.0,100.0
2024-02-24,,,,,,,,,,,,,100.0,98.3,100.0,100.0
2024-02-25,100.0,92.2,98.2,,,,,,,100.0,99.7,100.0,100.0,98.4,100.0,100.0
2024-02-26,100.0,87.8,92.9,,,,,,,,,,100.0,98.5,100.0,100.0
2024-02-27,,,,,,,,,,,,,100.0,98.3,100.0,100.0
2024-02-28,,,,,,,,,,,,,100.0,98.2,100.0,100.0
2024-02-29,,,,,,,,,,,,,100.0,97.2,100.0,100.0
2024-03-01,,,,,,,,,,,,,100.0,97.4,100.0,100.0
2024-03-02,,,,,,,,,,,,,100.0,97.0,100.0,100.0
2024-03-03,,,,,,,,,,,,,100.0,97.5,100.0,100.0
2024-03-04,100.0,89.1,89.3,100.0,99.8,100.0,,,,,,,100.0,98.4,100.0,100.0
2024-03-05,,,,,,,,,,,,,100.0,98.3,100.0,100.0
2024-03-06,,,,,,,,,,,,,100.0,98.0,100.0,100.0
2024-03-07,,,,,,,100.0,100.0,100.0,,,,100.0,98.8,100.0,100.0
2024-03-08,100.0,91.2,97.0,,,,,,,,,,100.0,98.7,100.0,100.0
2024-03-09,100.0,91.6,93.5,,,,,,,,,,100.0,98.9,100.0,100.0
2024-03-10,,,,,,,,,,,,,100.0,98.7,100.0,100.0
2024-03-11,,,,,,,,,,,,,100.0,98.9,100.0,100.0
2024-03-12,,,,,,,,,,,,,100.0,98.8,100.0,100.0
2024-03-13,,,,,,,,,,,,,100.0,98.7,100.0,100.0
2024-03-14,,,,100.0,99.6,100.0,100.0,100.0,100.0,,,,100.0,99.1,100.0,100.0
2024-03-15,,,,,,,100.0,100.0,100.0,,,,100.0,99.1,100.0,100.0
2024-03-16,100.0,88.2,90.5,,,,,,,,,,100.0,98.9,100.0,100.0
2024-03-17,,,,,,,,,,,,,100.0,98.5,100.0,100.0
2024-03-18,,,,,,,,,,,,,100.0,98.6,100.0,100.0
2024-03-19,,,,100.0,99.8,100.0,,,,,,,100.0,98.7,100.0,100.0
2024-03-20,100.0,84.1,98.2,,,,,,,,,,100.0,98.5,100.0,100.0
2024-03-21,100.0,88.6,98.2,,,,,,,,,,100.0,98.0,100.0,100.0
2024-03-22,,,,,,,100.0,100.0,68.5,,,,100.0,98.1,100.0,100.0
2024-03-23,,,,,,,,,,,,,100.0,97.7,100.0,100.0
2024-03-24,,,,100.0,99.9,100.0,,,,,,,100.0,97.8,100.0,100.0
2024-03-25,,,,,,,,,,,,,100.0,97.3,100.0,100.0
2024-03-26,,,,,,,,,,,,,100.0,96.6,100.0,100.0
2024-03-27,,,,,,,,,,,,,100.0,97.2,100.0,100.0
2024-03-28,100.0,90.1,87.5,,,,,,,,,,100.0,97.9,100.0,100.0
2024-03-29,,,,100.0,100.0,100.0,,,,,,,100.0,98.2,100.0,100.0
2024-03-30,,,,,,,,,,,,,100.0,97.5,100.0,100.0
2024-03-31,,,,,,,,,,,,,100.0,97.5,100.0,100.0
2024-04-01,100.0,93.0,97.6,,,,,,,,,,100.0,98.1,100.0,100.0
2024-04-02,100.0,89.0,97.0,,,,,,,,,,100.0,98.3,100.0,100.0
2024-04-03,,,,,,,,,,,,,100.0,97.9,100.0,100.0
2024-04-04,,,,,,,,,,100.0,99.7,100.0,100.0,98.2,100.0,100.0
2024-04-05,,,,,,,,,,100.0,99.7,100.0,100.0,98.3,100.0,100.0
2024-04-06,,,,,,,,,,,,,100.0,97.9,100.0,100.0
2024-04-07,,,,,,,,,,,,,100.0,97.6,100.0,100.0
2024-04-08,,,,,,,,,,,,,100.0,97.7,100.0,100.0
2024-04-09,100.0,94.0,94.6,,,,,,,,,,100.0,98.2,100.0,100.0
2024-04-10,,,,,,,,,,,,,100.0,97.8,100.0,100.0
2024-04-11,,,,,,,,,,100.0,99.6,100.0,100.0,98.0,100.0,100.0
2024-04-12,,,,,,,,,,100.0,99.7,100.0,100.0,97.8,100.0,100.0
2024-04-13,100.0,93.6,97.6,100.0,99.7,100.0,,,,,,,100.0,98.6,100.0,100.0
2024-04-14,100.0,94.3,94.6,,,,,,,,,,100.0,97.7,100.0,100.0
2024-04-15,,,,,,,,,,,,,100.0,97.5,100.0,100.0
2024-04-16,,,,,,,,,,100.0,99.6,100.0,100.0,96.7,100.0,100.0
2024-04-17,,,,,,,,,,,,,100.0,97.0,100.0,100.0
2024-04-18,,,,,,,,,,,,,100.0,95.8,100.0,100.0
2024-04-19,,,,,,,,,,,,,100.0,96.0,100.0,100.0
2024-04-20,,,,,,,,,,100.0,99.7,100.0,100.0,95.1,100.0,100.0
2024-04-21,100.0,93.0,92.9,,,,,,,,,,100.0,95.4,100.0,100.0
2024-04-22,,,,,,,,,,,,,100.0,93.6,100.0,100.0
2024-04-23,,,,,,,,,,,,,100.0,94.2,100.0,100.0
2024-04-24,,,,,,,,,,100.0,99.7,100.0,100.0,93.1,100.0,100.0
2024-04-25,100.0,91.1,97.0,,,,,,,,,,100.0,94.1,100.0,100.0
2024-04-26,100.0,89.4,95.8,,,,,,,,,,100.0,94.0,100.0,100.0
2024-04-27,,,,,,,,,,,,,100.0,93.9,100.0,100.0
2024-04-28,,,,,,,,,,,,,100.0,92.9,100.0,100.0
2024-04-29,,,,,,,,,,,,,100.0,93.5,100.0,100.0
2024-04-30,,,,,,,,,,,,,100.0,91.9,100.0,100.0
2024-05-01,,,,,,,,,,100.0,99.8,100.0,100.0,92.7,100.0,100.0
2024-05-02,,,,,,,,,,,,,100.0,92.1,100.0,100.0
2024-05-03,100.0,90.6,94.0,,,,,,,,,,100.0,94.4,100.0,100.0
2024-05-04,,,,,,,,,,100.0,99.7,100.0,100.0,94.3,100.0,100.0
2024-05-05,,,,,,,,,,,,,100.0,95.0,100.0,100.0
2024-05-06,,,,,,,,,,,,,100.0,95.2,100.0,100.0
2024-05-07,100.0,90.4,96.4,,,,,,,,,,100.0,97.3,100.0,100.0
2024-05-08,100.0,88.9,95.2,100.0,100.0,51.8,,,,,,,100.0,97.3,100.0,100.0
2024-05-09,,,,,,,,,,,,,100.0,97.2,100.0,100.0
2024-05-10,,,,,,,100.0,99.9,100.0,,,,100.0,97.6,100.0,100.0
2024-05-11,,,,,,,,,,,,,100.0,98.1,100.0,100.0
2024-05-12,,,,,,,,,,,,,100.0,98.2,100.0,100.0
2024-05-13,,,,100.0,99.6,100.0,,,,,,,100.0,98.5,100.0,100.0
2024-05-14,,,,,,,,,,,,,100.0,97.8,100.0,100.0
2024-05-15,100.0,93.1,94.0,,,,,,,,,,100.0,98.6,100.0,100.0
2024-05-16,,,,,,,,,,,,,100.0,98.4,100.0,100.0
2024-05-17,,,,,,,,,,,,,100.0,98.5,100.0,100.0
2024-05-18,,,,,,,,,,100.0,99.5,100.0,100.0,98.1,100.0,100.0
2024-05-19,100.0,93.3,95.2,,,,,,,,,,100.0,98.3,100.0,100.0
2024-05-20,100.0,92.7,97.0,,,,,,,,,,100.0,98.2,100.0,100.0
2024-05-21,,,,,,,,,,,,,100.0,97.2,100.0,100.0
2024-05-22,,,,,,,,,,100.0,99.2,100.0,100.0,97.1,100.0,100.0
2024-05-23,,,,,,,,,,,,,100.0,97.1,100.0,100.0
2024-05-24,,,,,,,,,,,,,100.0,97.6,100.0,100.0
2024-05-25,,,,,,,,,,100.0,98.7,100.0,100.0,97.3,100.0,100.0
2024-05-26,,,,,,,,,,,,,100.0,96.9,100.0,100.0
2024-05-27,100.0,93.0,94.0,,,,,,,,,,100.0,97.2,100.0,100.0
2024-05-28,,,,100.0,98.3,100.0,,,,,,,100.0,97.9,100.0,100.0
2024-05-29,,,,,,,,,,,,,100.0,96.8,100.0,100.0
2024-05-30,,,,,,,,,,,,,100.0,96.7,100.0,100.0
2024-05-31,100.0,93.5,94.6,,,,,,,,,,100.0,97.6,100.0,100.0
2024-06-01,100.0,89.4,97.6,,,,,,,,,,100.0,97.8,100.0,100.0
2024-06-02,,,,100.0,97.0,100.0,,,,,,,100.0,97.7,100.0,100.0
2024-06-03,,,,,,,,,,100.0,98.2,100.0,100.0,97.0,100.0,100.0
2024-06-04,,,,,,,,,,,,,100.0,97.3,100.0,100.0
2024-06-05,,,,,,,,,,,,,100.0,97.2,100.0,100.0
2024-06-06,,,,,,,,,,,,,100.0,96.8,100.0,100.0
2024-06-07,,,,,,,,,,,,,100.0,96.4,100.0,100.0
2024-06-08,99.4,88.6,94.0,,,,,,,,,,100.0,96.8,100.0,100.0
2024-06-09,,,,,,,,,,,,,100.0,96.3,100.0,100.0
2024-06-10,,,,,,,,,,100.0,94.8,100.0,100.0,95.7,100.0,100.0
2024-06-11,,,,,,,,,,,,,100.0,95.7,100.0,100.0
2024-06-12,98.7,82.3,94.6,100.0,97.0,39.9,,,,,,,100.0,96.0,100.0,100.0
2024-06-13,98.2,76.2,97.6,,,,,,,100.0,86.8,100.0,100.0,95.3,100.0,100.0
2024-06-14,,,,,,,,,,,,,100.0,94.2,100.0,100.0
2024-06-15,,,,,,,,,,,,,100.0,93.9,100.0,100.0
2024-06-16,,,,,,,,,,,,,100.0,93.0,100.0,100.0
2024-06-17,,,,100.0,87.6,100.0,,,,99.4,81.7,100.0,100.0,92.9,100.0,100.0
2024-06-18,,,,,,,,,,,,,100.0,90.3,100.0,100.0
2024-06-19,,,,,,,,,,,,,100.0,89.8,100.0,100.0
2024-06-20,92.9,68.7,92.9,,,,,,,,,,99.4,86.2,100.0,99.4
2024-06-21,,,,,,,,,,,,,98.2,79.9,100.0,98.2
2024-06-22,,,,,,,,,,,,,94.0,75.6,100.0,94.0
2024-06-23,,,,,,,,,,,,,91.1,74.0,100.0,91.1
2024-06-24,78.2,59.0,98.2,,,,,,,,,,86.3,71.7,100.0,86.3
2024-06-25,49.1,45.2,94.6,,,,,,,47.6,44.6,100.0,71.4,65.7,100.0,71.4
2024-06-26,,,,,,,,,,0.0,19.1,100.0,47.6,55.9,100.0,47.6
2024-06-27,,,,10.4,23.5,97.0,,,,,,,34.5,50.0,100.0,34.5
2024-06-28,,,,,,,,,,,,,6.5,31.4,100.0,6.5
2024-06-29,,,,,,,,,,,,,3.6,23.7,100.0,3.6
2024-06-30,,,,,,,,,,0.0,9.1,100.0,2.4,15.3,100.0,2.4
2024-07-01,,,,,,,,,,,,,1.2,10.4,100.0,1.2
2024-07-02,42.1,35.6,90.5,0.0,1.1,100.0,,,,,,,0.6,6.0,100.0,0.6
2024-07-03,,,,,,,,,,0.0,6.0,100.0,0.0,4.4,100.0,0.0
2024-07-04,,,,,,,0.0,0.6,98.2,,,,0.0,4.1,100.0,0.0
2024-07-05,,,,,,,0.0,0.0,57.7,,,,0.0,3.0,100.0,0.0
2024-07-06,45.3,39.3,94.6,,,,,,,,,,0.0,1.8,100.0,0.0
2024-07-07,,,,,,,,,,,,,0.0,1.5,100.0,0.0
2024-07-08,,,,,,,,,,,,,0.0,1.6,100.0,0.0
2024-07-09,,,,,,,,,,,,,0.0,1.4,100.0,0.0
2024-07-10,,,,,,,,,,,,,0.0,1.5,100.0,0.0
2024-07-11,,,,,,,,,,,,,0.0,1.2,100.0,0.0
2024-07-12,,,,,,,,,,,,,0.0,1.9,100.0,0.0
2024-07-13,,,,,,,,,,,,,0.0,1.4,100.0,0.0
2024-07-14,15.5,23.0,88.1,,,,,,,,,,0.0,1.0,100.0,0.0
2024-07-15,,,,,,,,,,,,,0.0,0.8,100.0,0.0
2024-07-16,,,,,,,,,,,,,0.0,0.9,100.0,0.0
2024-07-17,,,,0.0,0.0,100.0,,,,,,,0.0,0.6,100.0,0.0
2024-07-18,37.6,31.4,98.2,,,,,,,0.0,0.2,100.0,0.0,0.4,100.0,0.0
2024-07-19,,,,,,,,,,,,,0.0,0.3,100.0,0.0
2024-07-20,,,,,,,0.0,0.0,64.9,,,,0.0,0.3,100.0,0.0
2024-07-21,,,,,,,,,,0.0,0.1,100.0,0.0,0.2,100.0,0.0
2024-07-22,,,,0.0,0.0,94.6,,,,,,,0.0,0.1,100.0,0.0
2024-07-23,,,,,,,,,,,,,0.0,0.1,100.0,0.0
2024-07-24,,,,,,,,,,,,,0.0,0.1,100.0,0.0
2024-07-25,,,,,,,,,,,,,0.0,0.1,100.0,0.0
2024-07-26,6.1,19.0,87.5,,,,,,,0.0,0.0,100.0,0.0,0.0,100.0,0.0
2024-07-27,,,,0.0,0.0,100.0,,,,,,,0.0,0.1,100.0,0.0
2024-07-28,,,,,,,0.0,0.0,100.0,,,,0.0,0.0,100.0,0.0
2024-07-29,,,,,,,0.0,0.0,100.0,0.0,0.0,100.0,0.0,0.0,100.0,0.0
2024-07-30,29.6,28.2,96.4,,,,,,,0.0,0.0,100.0,0.0,0.0,100.0,0.0
2024-07-31,6.3,18.4,94.0,,,,,,,,,,0.0,0.0,100.0,0.0
2024-08-01,,,,0.0,0.0,100.0,,,,,,,0.0,0.0,100.0,0.0
2024-08-02,,,,,,,,,,0.0,0.0,100.0,0.0,0.0,100.0,0.0
2024-08-03,,,,,,,,,,0.0,0.0,100.0,0.0,0.0,100.0,0.0
2024-08-04,,,,,,,,,,,,,0.0,0.0,100.0,0.0
2024-08-05,,,,,,,0.0,0.0,100.0,,,,0.0,0.0,100.0,0.0
2024-08-06,,,,0.0,0.0,100.0,0.0,0.0,100.0,0.0,0.0,100.0,0.0,0.0,100.0,0.0
2024-08-07,17.0,24.3,91.1,,,,,,,,,,0.0,0.0,100.0,0.0
2024-08-08,,,,,,,,,,,,,0.0,0.0,100.0,0.0
2024-08-09,,,,,,,,,,,,,0.0,0.0,100.0,0.0
2024-08-10,,,,,,,,,,,,,0.0,0.0,100.0,0.0
2024-08-11,15.0,23.3,95.2,,,,,,,,,,0.0,0.0,100.0,0.0
2024-08-12,20.9,25.5,94.0,,,,,,,,,,0.0,0.0,100.0,0.0
2024-08-13,,,,,,,0.0,0.0,100.0,0.0,0.0,100.0,0.0,0.0,100.0,0.0
2024-08-14,,,,,,,,,,0.0,0.0,100.0,0.0,0.0,100.0,0.0
2024-08-15,,,,,,,,,,,,,0.0,0.0,100.0,0.0
2024-08-16,,,,,,,,,,,,,0.0,0.0,100.0,0.0
2024-08-17,,,,,,,,,,,,,0.0,0.0,100.0,0.0
2024-08-18,,,,,,,,,,,,,0.0,0.0,100.0,0.0
2024-08-19,28.7,30.3,89.3,,,,,,,,,,0.0,0.0,100.0,0.0
2024-08-20,,,,,,,,,,,,,0.0,0.0,100.0,0.0
2024-08-21,,,,0.0,0.0,100.0,0.0,0.0,100.0,,,,0.0,0.0,100.0,0.0
2024-08-22,,,,,,,0.0,0.0,100.0,,,,0.0,0.0,100.0,0.0
2024-08-23,27.8,30.4,96.4,,,,,,,,,,0.0,0.0,100.0,0.0
2024-08-24,30.6,30.8,95.2,,,,,,,,,,0.0,0.0,100.0,0.0
2024-08-25,,,,,,,,,,,,,0.0,0.0,100.0,0.0
2024-08-26,,,,0.0,0.0,100.0,,,,0.0,0.0,100.0,0.0,0.0,100.0,0.0
2024-08-27,,,,,,,,,,,,,0.0,0.0,100.0,0.0
2024-08-28,,,,,,,,,,,,,0.0,0.0,100.0,0.0
2024-08-29,,,,,,,,,,0.0,0.0,100.0,0.0,0.0,100.0,0.0
2024-08-30,,,,,,,,,,0.0,0.0,100.0,0.0,0.0,100.0,0.0
2024-08-31,32.5,32.3,89.9,0.0,0.0,33.3,,,,,,,0.0,0.0,100.0,0.0
2024-09-01,,,,,,,,,,,,,0.0,0.0,100.0,0.0
2024-09-02,,,,,,,,,,,,,0.0,0.0,100.0,0.0
2024-09-03,,,,,,,,,,,,,0.0,0.0,100.0,0.0
2024-09-04,34.8,32.6,95.8,,,,,,,,,,0.0,0.0,100.0,0.0
2024-09-05,34.0,30.4,94.6,,,,,,,,,,0.0,0.0,100.0,0.0
2024-09-06,,,,,,,0.0,0.0,100.0,,,,0.0,0.0,100.0,0.0
2024-09-07,,,,,,,0.0,0.0,100.0,,,,0.0,0.0,100.0,0.0
2024-09-08,,,,,,,,,,,,,0.0,0.0,100.0,0.0
2024-09-09,,,,,,,,,,,,,0.0,0.0,100.0,0.0
2024-09-10,,,,0.0,0.0,100.0,,,,,,,0.0,0.0,100.0,0.0
2024-09-11,,,,,,,,,,,,,0.0,0.1,100.0,0.0
2024-09-12,38.7,33.3,92.3,,,,,,,,,,0.0,0.1,100.0,0.0
2024-09-13,,,,,,,,,,,,,0.0,0.1,100.0,0.0
2024-09-14,,,,,,,,,,,,,0.0,0.1,100.0,0.0
2024-09-15,,,,0.0,0.0,100.0,0.0,0.0,94.6,,,,0.0,0.1,100.0,0.0
2024-09-16,38.7,33.0,95.2,,,,,,,,,,0.0,0.1,100.0,0.0
2024-09-17,40.5,36.3,94.0,,,,,,,0.0,0.1,100.0,0.0,0.1,100.0,0.0
2024-09-18,,,,,,,,,,,,,0.0,0.1,100.0,0.0
2024-09-19,,,,,,,,,,,,,0.0,0.2,100.0,0.0
2024-09-20,,,,,,,,,,,,,0.0,0.2,100.0,0.0
2024-09-21,,,,,,,,,,,,,0.0,0.3,100.0,0.0
2024-09-22,,,,,,,,,,,,,0.0,0.3,100.0,0.0
2024-09-23,,,,,,,,,,,,,0.0,0.5,100.0,0.0
2024-09-24,45.5,41.0,91.7,,,,,,,,,,0.0,0.4,100.0,0.0
2024-09-25,,,,0.0,0.0,100.0,,,,,,,0.0,0.4,100.0,0.0
2024-09-26,,,,,,,,,,,,,0.0,0.3,100.0,0.0
2024-09-27,,,,,,,,,,,,,0.0,0.4,100.0,0.0
2024-09-28,44.7,40.3,95.8,,,,,,,,,,0.0,0.4,100.0,0.0
2024-09-29,39.4,34.2,92.3,,,,,,,0.0,0.1,100.0,0.0,0.4,100.0,0.0
2024-09-30,,,,,,,,,,0.0,0.3,75.0,0.0,0.4,100.0,0.0
2024-10-01,,,,,,,,,,,,,0.0,0.8,100.0,0.0
2024-10-02,,,,,,,,,,,,,0.0,0.7,100.0,0.0
2024-10-03,,,,,,,,,,0.0,0.3,100.0,0.0,0.7,100.0,0.0
2024-10-04,,,,,,,,,,0.0,0.2,100.0,0.0,0.7,100.0,0.0
2024-10-05,,,,0.0,0.0,100.0,,,,,,,0.0,0.9,100.0,0.0
2024-10-06,41.6,34.8,91.7,,,,,,,,,,0.0,0.8,100.0,0.0
2024-10-07,,,,,,,,,,0.0,0.2,100.0,0.0,0.8,100.0,0.0
2024-10-08,,,,,,,,,,,,,0.0,0.8,100.0,0.0
2024-10-09,,,,,,,,,,,,,0.0,1.0,100.0,0.0
2024-10-10,38.6,32.7,98.8,0.0,0.0,56.5,,,,,,,0.0,0.7,100.0,0.0
2024-10-11,31.3,28.4,97.0,,,,,,,,,,0.0,0.7,100.0,0.0
2024-10-12,,,,,,,,,,,,,0.0,0.7,100.0,0.0
2024-10-13,,,,,,,,,,,,,0.0,1.0,100.0,0.0
2024-10-14,,,,,,,,,,0.0,0.6,100.0,0.0,0.7,100.0,0.0
2024-10-15,,,,0.0,0.0,100.0,,,,0.0,0.4,100.0,0.0,0.7,100.0,0.0
2024-10-16,,,,,,,,,,,,,0.0,0.7,100.0,0.0
2024-10-17,,,,,,,69.7,53.0,90.5,,,,0.0,0.9,100.0,0.0
2024-10-18,21.7,24.7,93.5,,,,,,,0.0,1.2,100.0,0.0,0.7,100.0,0.0
2024-10-19,,,,,,,,,,,,,0.0,0.9,100.0,0.0
2024-10-20,,,,0.0,0.0,100.0,,,,,,,0.0,0.8,100.0,0.0
2024-10-21,,,,,,,,,,,,,0.0,0.9,100.0,0.0
2024-10-22,18.1,23.5,98.8,,,,,,,0.0,0.7,100.0,0.0,0.6,100.0,0.0
2024-10-23,7.5,15.8,95.8,,,,,,,0.0,1.8,100.0,0.0,1.0,100.0,0.0
2024-10-24,,,,,,,,,,,,,0.0,0.9,100.0,0.0
2024-10-25,,,,0.0,0.0,100.0,0.0,0.1,53.0,,,,0.0,0.6,100.0,0.0
2024-10-26,,,,,,,,,,0.0,3.3,100.0,0.0,0.4,100.0,0.0
2024-10-27,,,,,,,,,,,,,0.0,0.6,100.0,0.0
2024-10-28,,,,,,,,,,,,,0.0,0.7,100.0,0.0
2024-10-29,,,,,,,,,,,,,0.0,0.5,100.0,0.0
2024-10-30,3.9,16.4,91.1,0.0,0.0,100.0,,,,,,,0.0,0.3,100.0,0.0
2024-10-31,,,,,,,,,,,,,0.0,0.4,100.0,0.0
2024-11-01,,,,,,,0.0,0.0,100.0,,,,0.0,0.5,100.0,0.0
2024-11-02,,,,,,,0.0,0.0,100.0,,,,0.0,0.3,100.0,0.0
2024-11-03,8.4,19.0,98.8,,,,,,,,,,0.0,0.3,100.0,0.0
2024-11-04,2.5,18.2,95.2,0.0,0.0,100.0,,,,,,,0.0,0.3,100.0,0.0
2024-11-05,,,,,,,,,,0.0,20.9,100.0,0.0,0.5,100.0,0.0
2024-11-06,,,,,,,,,,3.6,25.7,100.0,0.0,0.6,100.0,0.0
2024-11-07,,,,,,,,,,,,,0.0,0.6,100.0,0.0
2024-11-08,,,,,,,,,,,,,0.0,0.6,100.0,0.0
2024-11-09,,,,,,,,,,,,,0.0,0.9,100.0,0.0
2024-11-10,,,,,,,0.0,0.3,99.4,,,,0.0,1.2,100.0,0.0
2024-11-11,4.5,21.8,92.3,,,,,,,,,,0.0,2.0,100.0,0.0
2024-11-12,,,,,,,,,,,,,0.0,2.5,100.0,0.0
2024-11-13,,,,,,,,,,,,,0.0,3.5,100.0,0.0
2024-11-14,,,,0.0,0.1,100.0,,,,,,,0.0,4.8,100.0,0.0
2024-11-15,19.4,31.5,98.2,,,,,,,,,,0.0,9.7,100.0,0.0
2024-11-16,46.0,39.5,95.8,,,,,,,,,,0.0,11.1,100.0,0.0
2024-11-17,,,,,,,,,,,,,0.0,17.8,100.0,0.0
2024-11-18,,,,,,,,,,,,,0.0,29.5,100.0,0.0
2024-11-19,,,,,,,,,,,,,1.2,44.5,100.0,1.2
2024-11-20,,,,,,,,,,,,,11.3,48.7,100.0,11.3
2024-11-21,,,,,,,,,,,,,55.4,58.4,100.0,55.4
2024-11-22,,,,,,,,,,,,,77.4,65.0,100.0,77.4
2024-11-23,74.8,52.7,92.3,,,,,,,,,,94.6,72.4,100.0,94.6
2024-11-24,,,,50.6,50.3,100.0,,,,98.2,73.3,100.0,97.0,74.1,100.0,97.0
2024-11-25,,,,,,,91.7,62.2,100.0,,,,98.2,79.0,100.0,98.2
2024-11-26,,,,,,,,,,,,,100.0,83.1,100.0,100.0
2024-11-27,81.2,58.2,98.2,,,,,,,,,,100.0,88.2,100.0,100.0
2024-11-28,92.2,65.1,98.8,,,,,,,,,,100.0,89.2,100.0,100.0
2024-11-29,,,,98.8,90.5,100.0,,,,100.0,93.2,100.0,100.0,89.6,100.0,100.0
2024-11-30,,,,,,,,,,,,,100.0,90.2,100.0,100.0
2024-12-01,,,,,,,,,,,,,100.0,90.8,100.0,100.0
2024-12-02,,,,,,,,,,100.0,89.9,100.0,100.0,91.3,100.0,100.0
2024-12-03,,,,,,,,,,100.0,96.7,100.0,100.0,92.5,100.0,100.0
2024-12-04,,,,,,,,,,,,,100.0,93.4,100.0,100.0
2024-12-05,100.0,71.1,92.3,,,,,,,,,,100.0,95.9,100.0,100.0
2024-12-06,,,,,,,,,,100.0,95.9,100.0,100.0,96.0,100.0,100.0
2024-12-07,,,,,,,,,,100.0,97.5,100.0,100.0,96.6,100.0,100.0
2024-12-08,,,,,,,,,,,,,100.0,98.1,100.0,100.0
2024-12-09,100.0,77.9,97.0,,,,,,,,,,100.0,98.5,100.0,100.0
2024-12-10,100.0,76.8,96.4,,,,,,,100.0,96.8,100.0,100.0,98.8,100.0,100.0
2024-12-11,,,,,,,100.0,100.0,100.0,100.0,98.3,100.0,100.0,99.3,100.0,100.0
2024-12-12,,,,,,,100.0,100.0,100.0,,,,100.0,99.4,100.0,100.0
2024-12-13,,,,,,,,,,100.0,99.0,100.0,100.0,99.4,100.0,100.0
2024-12-14,,,,,,,,,,100.0,99.2,100.0,100.0,99.5,100.0,100.0
2024-12-15,,,,,,,,,,,,,100.0,99.6,100.0,100.0
2024-12-16,,,,,,,,,,,,,100.0,99.4,100.0,100.0
2024-12-17,100.0,79.4,91.7,,,,,,,100.0,99.3,100.0,100.0,99.4,100.0,100.0
2024-12-18,,,,,,,,,,,,,100.0,99.4,100.0,100.0
2024-12-19,,,,,,,,,,,,,100.0,99.4,100.0,100.0
2024-12-20,,,,,,,,,,,,,100.0,99.2,100.0,100.0
2024-12-21,100.0,76.9,95.2,,,,,,,,,,100.0,99.2,100.0,100.0
2024-12-22,100.0,75.0,95.2,,,,,,,,,,100.0,98.9,100.0,100.0
2024-12-23,,,,,,,,,,,,,100.0,99.1,100.0,100.0
2024-12-24,,,,100.0,99.6,100.0,,,,,,,100.0,99.5,100.0,100.0
2024-12-25,,,,,,,,,,,,,100.0,99.5,100.0,100.0
2024-12-26,,,,,,,,,,100.0,99.3,100.0,100.0,99.4,100.0,100.0
2024-12-27,,,,,,,100.0,100.0,100.0,,,,100.0,99.6,100.0,100.0
2024-12-28,,,,,,,100.0,100.0,100.0,,,,100.0,99.7,100.0,100.0
2024-12-29,100.0,79.0,89.3,100.0,99.3,100.0,,,,,,,100.0,99.7,100.0,100.0
2024-12-30,,,,,,,,,,,,,100.0,99.5,100.0,100.0
2024-12-31,,,,,,,,,,,,,100.0,99.5,100.0,100.0
2025-01-01,,,,,,,,,,,,,100.0,99.6,100.0,100.0
2025-01-02,100.0,78.9,95.8,,,,,,,,,,100.0,99.6,100.0,100.0
2025-01-03,100.0,79.2,95.8,100.0,99.3,100.0,,,,,,,100.0,99.6,100.0,100.0
2025-01-04,,,,,,,,,,100.0,99.6,100.0,100.0,99.4,100.0,100.0
2025-01-05,,,,,,,,,,100.0,99.7,53.6,100.0,99.3,100.0,100.0
2025-01-06,,,,,,,,,,,,,100.0,99.2,100.0,100.0
2025-01-07,,,,,,,,,,,,,100.0,98.9,100.0,100.0
2025-01-08,,,,,,,,,,,,,100.0,98.7,100.0,100.0
2025-01-09,,,,,,,,,,,,,100.0,98.9,100.0,100.0
2025-01-10,100.0,81.5,89.9,,,,,,,,,,100.0,99.0,100.0,100.0
2025-01-11,,,,,,,,,,,,,100.0,98.8,100.0,100.0
2025-01-12,,,,,,,100.0,100.0,100.0,,,,100.0,99.2,100.0,100.0
2025-01-13,,,,100.0,99.2,100.0,100.0,100.0,100.0,,,,100.0,99.4,100.0,100.0
2025-01-14,100.0,83.7,95.2,,,,,,,,,,100.0,99.3,100.0,100.0
2025-01-15,100.0,82.9,94.0,,,,,,,,,,100.0,99.2,100.0,100.0
2025-01-16,,,,,,,,,,,,,100.0,99.2,100.0,100.0
2025-01-17,,,,,,,,,,,,,100.0,98.8,100.0,100.0
2025-01-18,,,,100.0,99.3,100.0,,,,,,,100.0,99.2,100.0,100.0
2025-01-19,,,,,,,,,,,,,100.0,98.9,100.0,100.0
2025-01-20,,,,,,,,,,,,,100.0,99.2,100.0,100.0
2025-01-21,,,,,,,100.0,100.0,100.0,,,,100.0,99.4,100.0,100.0
2025-01-22,100.0,86.9,89.9,,,,,,,,,,100.0,99.3,100.0,100.0
2025-01-23,,,,,,,,,,100.0,99.6,100.0,100.0,99.2,100.0,100.0
2025-01-24,,,,,,,,,,100.0,99.7,100.0,100.0,99.1,100.0,100.0
2025-01-25,,,,,,,,,,,,,100.0,99.0,100.0,100.0
2025-01-26,100.0,86.2,94.6,,,,,,,,,,100.0,99.1,100.0,100.0
2025-01-27,100.0,86.5,95.8,,,,,,,,,,100.0,99.1,100.0,100.0
2025-01-28,,,,100.0,99.4,47.0,,,,,,,100.0,99.0,100.0,100.0
2025-01-29,,,,,,,100.0,100.0,100.0,,,,100.0,99.4,100.0,100.0
2025-01-30,,,,,,,,,,,,,100.0,99.2,100.0,100.0
2025-01-31,,,,,,,,,,100.0,99.7,100.0,100.0,99.2,100.0,100.0
2025-02-01,,,,,,,,,,100.0,99.8,100.0,100.0,99.3,100.0,100.0
2025-02-02,,,,100.0,99.6,100.0,,,,,,,100.0,99.5,100.0,100.0
2025-02-03,100.0,87.1,90.5,,,,,,,,,,100.0,99.5,100.0,100.0
2025-02-04,,,,,,,,,,100.0,99.7,100.0,100.0,99.4,100.0,100.0
2025-02-05,,,,,,,100.0,100.0,100.0,100.0,99.7,100.0,100.0,99.6,100.0,100.0
2025-02-06,,,,,,,100.0,100.0,100.0,,,,100.0,99.6,100.0,100.0
2025-02-07,100.0,89.3,98.8,100.0,99.1,100.0,,,,,,,100.0,99.7,100.0,100.0
2025-02-08,100.0,89.7,96.4,,,,,,,100.0,99.7,100.0,100.0,99.6,100.0,100.0
2025-02-09,,,,,,,,,,,,,100.0,99.5,100.0,100.0
2025-02-10,,,,,,,,,,,,,100.0,99.4,100.0,100.0
2025-02-11,,,,,,,,,,100.0,99.7,69.0,100.0,99.5,100.0,100.0
2025-02-12,,,,100.0,99.8,100.0,,,,,,,100.0,99.5,100.0,100.0
2025-02-13,,,,,,,,,,,,,100.0,99.5,100.0,100.0
2025-02-14,,,,,,,100.0,100.0,100.0,,,,100.0,99.5,100.0,100.0
2025-02-15,100.0,92.3,90.5,,,,,,,100.0,99.8,100.0,100.0,99.5,100.0,100.0
2025-02-16,,,,,,,,,,,,,100.0,99.5,100.0,100.0
2025-02-17,,,,100.0,99.6,100.0,,,,,,,100.0,99.6,100.0,100.0
2025-02-18,,,,,,,,,,,,,100.0,99.4,100.0,100.0
2025-02-19,100.0,91.9,97.0,,,,,,,,,,100.0,99.3,100.0,100.0
2025-02-20,100.0,91.2,98.2,,,,,,,,,,100.0,99.3,100.0,100.0
2025-02-21,,,,,,,100.0,100.0,100.0,,,,100.0,99.4,100.0,100.0
2025-02-22,,,,100.0,99.7,100.0,,,,,,,100.0,99.4,100.0,100.0
2025-02-23,,,,,,,,,,,,,100.0,99.1,100.0,100.0
2025-02-24,,,,,,,,,,,,,100.0,99.2,100.0,100.0
2025-02-25,,,,,,,,,,,,,100.0,98.9,100.0,100.0
2025-02-26,,,,,,,,,,,,,100.0,99.0,100.0,100.0
2025-02-27,100.0,93.0,91.7,100.0,99.9,100.0,,,,100.0,99.7,100.0,100.0,99.2,100.0,100.0
2025-02-28,,,,,,,,,,,,,100.0,99.3,100.0,100.0
2025-03-01,,,,,,,,,,,,,100.0,99.1,100.0,100.0
2025-03-02,,,,,,,100.0,100.0,100.0,,,,100.0,99.4,100.0,100.0
2025-03-03,100.0,91.3,97.0,,,,,,,,,,100.0,99.2,100.0,100.0
2025-03-04,100.0,91.6,97.6,100.0,99.7,100.0,,,,,,,100.0,99.4,100.0,100.0
2025-03-05,,,,,,,,,,,,,100.0,98.8,100.0,100.0
2025-03-06,,,,,,,,,,,,,100.0,98.7,100.0,100.0
2025-03-07,,,,,,,,,,,,,100.0,99.0,100.0,100.0
2025-03-08,,,,,,,,,,,,,100.0,99.0,100.0,100.0
2025-03-09,,,,,,,,,,,,,100.0,98.8,100.0,100.0
2025-03-10,,,,,,,100.0,100.0,100.0,100.0,99.8,96.4,100.0,99.1,100.0,100.0
2025-03-11,100.0,91.2,89.3,,,,,,,100.0,99.8,100.0,100.0,99.0,100.0,100.0
2025-03-12,,,,,,,,,,,,,100.0,98.7,100.0,100.0
2025-03-13,,,,,,,,,,,,,100.0,98.7,100.0,100.0
2025-03-14,,,,,,,,,,100.0,99.9,100.0,100.0,98.7,100.0,100.0
2025-03-15,100.0,92.1,95.8,,,,,,,,,,100.0,99.0,100.0,100.0
2025-03-16,100.0,87.4,94.6,,,,,,,,,,100.0,98.7,100.0,100.0
2025-03-17,,,,,,,100.0,100.0,100.0,,,,100.0,99.1,100.0,100.0
2025-03-18,,,,,,,100.0,100.0,100.0,,,,100.0,98.6,100.0,100.0
2025-03-19,,,,100.0,99.6,100.0,,,,,,,100.0,99.1,100.0,100.0
2025-03-20,,,,,,,,,,,,,100.0,98.5,100.0,100.0
2025-03-21,,,,,,,,,,,,,100.0,98.7,100.0,100.0
2025-03-22,,,,,,,,,,100.0,99.8,100.0,100.0,98.4,100.0,100.0
2025-03-23,100.0,89.4,89.3,,,,,,,,,,100.0,98.7,100.0,100.0
2025-03-24,,,,,,,,,,,,,100.0,98.2,100.0,100.0
2025-03-25,,,,,,,100.0,100.0,100.0,100.0,99.7,100.0,100.0,98.7,100.0,100.0
2025-03-26,,,,,,,100.0,100.0,100.0,100.0,99.5,100.0,100.0,98.7,100.0,100.0
2025-03-27,100.0,88.6,95.8,,,,,,,,,,100.0,98.8,100.0,100.0
2025-03-28,100.0,90.8,94.6,,,,,,,,,,100.0,98.4,100.0,100.0
2025-03-29,,,,,,,,,,100.0,99.7,100.0,100.0,98.5,100.0,100.0
2025-03-30,,,,,,,,,,100.0,99.6,100.0,100.0,98.6,100.0,100.0
2025-03-31,,,,100.0,99.3,100.0,,,,,,,100.0,98.9,100.0,100.0
2025-04-01,,,,,,,,,,,,,100.0,98.5,100.0,100.0
2025-04-02,,,,,,,100.0,100.0,100.0,100.0,99.5,100.0,100.0,98.9,100.0,100.0
2025-04-03,,,,,,,100.0,100.0,96.4,,,,100.0,99.0,100.0,100.0
2025-04-04,100.0,88.4,94.6,,,,,,,,,,100.0,99.1,100.0,100.0
2025-04-05,,,,,,,,,,,,,100.0,98.7,100.0,100.0
2025-04-06,,,,,,,,,,,,,100.0,99.0,100.0,100.0
2025-04-07,,,,,,,,,,100.0,99.4,100.0,100.0,98.9,100.0,100.0
2025-04-08,100.0,91.2,96.4,100.0,99.3,100.0,,,,,,,100.0,99.2,100.0,100.0
2025-04-09,100.0,91.8,94.6,,,,,,,,,,100.0,98.8,100.0,100.0
2025-04-10,100.0,93.9,95.8,100.0,99.2,100.0,100.0,100.0,99.4,100.0,99.6,100.0,100.0,99.3,100.0,100.0
2025-04-11,,,,,,,100.0,99.7,100.0,100.0,99.5,100.0,100.0,99.0,100.0,100.0
2025-04-12,,,,,,,,,,,,,100.0,99.0,100.0,100.0
2025-04-13,,,,,,,,,,,,,100.0,98.4,100.0,100.0
2025-04-14,,,,,,,,,,,,,100.0,98.8,100.0,100.0
2025-04-15,,,,,,,,,,100.0,99.6,100.0,100.0,98.6,100.0,100.0
2025-04-16,100.0,94.0,96.4,,,,,,,,,,100.0,98.8,100.0,100.0
2025-04-17,,,,,,,,,,,,,100.0,98.3,100.0,100.0
2025-04-18,,,,100.0,99.8,100.0,100.0,99.9,100.0,100.0,99.4,100.0,100.0,99.1,100.0,100.0
2025-04-19,,,,,,,100.0,99.8,100.0,,,,100.0,98.9,100.0,100.0
2025-04-20,100.0,94.6,94.6,100.0,99.8,100.0,,,,,,,100.0,99.2,100.0,100.0
2025-04-21,100.0,93.8,96.4,,,,,,,,,,100.0,98.7,100.0,100.0
2025-04-22,,,,,,,,,,100.0,99.5,100.0,100.0,98.9,100.0,100.0
2025-04-23,,,,,,,,,,100.0,99.3,100.0,100.0,98.7,100.0,100.0
2025-04-24,,,,,,,,,,,,,100.0,98.9,100.0,100.0
2025-04-25,,,,,,,,,,,,,100.0,98.7,100.0,100.0
2025-04-26,100.0,94.2,96.4,,,,100.0,99.6,100.0,100.0,99.3,100.0,100.0,99.3,100.0,100.0
2025-04-27,,,,,,,,,,,,,100.0,98.9,100.0,100.0
2025-04-28,98.1,92.6,95.2,,,,,,,,,,100.0,99.3,100.0,100.0
2025-04-29,,,,,,,,,,,,,100.0,99.0,100.0,100.0
2025-04-30,,,,100.0,99.8,100.0,,,,100.0,98.9,100.0,100.0,99.3,100.0,100.0
2025-05-01,,,,,,,,,,100.0,98.9,100.0,100.0,98.9,100.0,100.0
2025-05-02,100.0,94.2,92.3,,,,,,,,,,100.0,99.2,100.0,100.0
2025-05-03,96.9,90.5,95.8,100.0,99.6,87.5,,,,100.0,98.5,100.0,100.0,99.1,100.0,100.0
2025-05-04,96.8,90.0,93.5,,,,,,,,,,100.0,99.1,100.0,100.0
2025-05-05,,,,,,,,,,,,,100.0,98.5,100.0,100.0
2025-05-06,,,,,,,,,,,,,100.0,98.8,100.0,100.0
2025-05-07,,,,,,,,,,,,,100.0,98.3,100.0,100.0
2025-05-08,97.0,90.1,98.8,100.0,99.8,66.7,,,,,,,100.0,98.9,100.0,100.0
2025-05-09,97.0,90.3,98.8,,,,,,,,,,100.0,98.6,100.0,100.0
2025-05-10,97.5,90.8,95.8,,,,,,,,,,100.0,98.8,100.0,100.0
2025-05-11,,,,,,,,,,,,,100.0,98.2,100.0,100.0
2025-05-12,,,,,,,,,,,,,100.0,98.5,100.0,100.0
2025-05-13,,,,,,,,,,,,,100.0,98.4,100.0,100.0
2025-05-14,98.8,92.9,95.8,,,,,,,,,,100.0,98.8,100.0,100.0
2025-05-15,99.4,92.2,97.6,,,,,,,100.0,98.7,100.0,100.0,98.7,100.0,100.0
2025-05-16,100.0,94.5,97.0,,,,,,,,,,100.0,98.9,100.0,100.0
2025-05-17,,,,,,,,,,,,,100.0,98.8,100.0,100.0
2025-05-18,,,,100.0,98.3,100.0,,,,,,,100.0,99.1,100.0,100.0
2025-05-19,,,,,,,,,,,,,100.0,99.0,100.0,100.0
2025-05-20,100.0,93.4,98.8,,,,,,,,,,100.0,99.1,100.0,100.0
2025-05-21,100.0,93.7,98.2,,,,,,,,,,100.0,99.1,100.0,100.0
2025-05-22,100.0,93.5,95.2,,,,,,,100.0,98.0,100.0,100.0,99.2,100.0,100.0
2025-05-23,,,,100.0,99.6,100.0,,,,100.0,97.4,100.0,100.0,99.2,100.0,100.0
2025-05-24,,,,,,,,,,,,,100.0,99.2,100.0,100.0
2025-05-25,,,,,,,,,,,,,100.0,99.0,100.0,100.0
2025-05-26,100.0,92.1,98.8,,,,,,,,,,100.0,99.2,100.0,100.0
2025-05-27,100.0,88.3,98.8,,,,,,,100.0,92.6,100.0,100.0,98.9,100.0,100.0
2025-05-28,99.4,83.8,92.9,100.0,94.8,100.0,,,,,,,100.0,99.1,100.0,100.0
2025-05-29,,,,,,,,,,,,,100.0,98.4,100.0,100.0
2025-05-30,,,,100.0,97.9,100.0,,,,100.0,84.3,100.0,100.0,98.6,100.0,100.0
2025-05-31,,,,,,,,,,97.0,69.8,100.0,100.0,97.6,100.0,100.0
2025-06-01,97.0,81.0,97.6,,,,,,,,,,100.0,97.6,100.0,100.0
2025-06-02,93.3,68.3,97.6,,,,,,,,,,100.0,96.7,100.0,100.0
2025-06-03,87.2,60.3,92.9,,,,,,,,,,100.0,96.2,100.0,100.0
2025-06-04,,,,,,,,,,,,,100.0,94.8,100.0,100.0
2025-06-05,,,,,,,,,,,,,100.0,93.5,100.0,100.0
2025-06-06,,,,,,,,,,,,,100.0,91.8,100.0,100.0
2025-06-07,48.8,43.8,98.8,,,,,,,,,,100.0,90.5,100.0,100.0
2025-06-08,37.9,36.4,95.8,,,,,,,25.6,39.6,100.0,100.0,87.2,100.0,100.0
2025-06-09,15.5,23.4,92.3,98.8,80.1,100.0,,,,,,,99.4,84.9,100.0,99.4
2025-06-10,,,,,,,,,,,,,99.4,80.1,100.0,99.4
2025-06-11,,,,,,,,,,0.0,16.4,100.0,89.3,73.8,100.0,89.3
2025-06-12,,,,87.5,71.0,100.0,,,,0.0,6.2,100.0,86.9,70.6,100.0,86.9
2025-06-13,17.9,20.3,96.4,,,,,,,,,,55.4,58.8,100.0,55.4
2025-06-14,8.9,13.2,93.5,,,,,,,,,,20.8,47.2,100.0,20.8
2025-06-15,15.2,17.3,89.9,,,,,,,,,,0.0,28.7,100.0,0.0
2025-06-16,,,,,,,,,,,,,0.0,22.0,100.0,0.0
2025-06-17,,,,1.8,12.9,100.0,,,,,,,0.0,16.9,100.0,0.0
2025-06-18,,,,,,,,,,0.0,1.2,100.0,0.0,10.4,100.0,0.0
2025-06-19,10.7,16.1,94.6,0.0,0.7,100.0,,,,0.0,0.5,100.0,0.0,7.1,100.0,0.0
2025-06-20,7.6,14.5,94.0,,,,,,,,,,0.0,6.5,100.0,0.0
2025-06-21,5.3,14.1,89.3,,,,,,,,,,0.0,4.7,100.0,0.0
2025-06-22,,,,0.0,0.0,100.0,,,,,,,0.0,3.0,100.0,0.0
2025-06-23,,,,,,,,,,,,,0.0,2.3,100.0,0.0
2025-06-24,,,,,,,,,,,,,0.0,1.9,100.0,0.0
2025-06-25,9.4,17.8,95.2,,,,,,,,,,0.0,1.4,100.0,0.0
2025-06-26,12.6,23.6,94.6,,,,,,,,,,0.0,1.1,100.0,0.0
2025-06-27,20.3,25.4,91.1,,,,,,,0.0,0.1,100.0,0.0,0.7,100.0,0.0
2025-06-28,,,,,,,,,,,,,0.0,0.6,100.0,0.0
2025-06-29,,,,0.0,0.0,100.0,0.0,0.0,54.2,,,,0.0,0.3,100.0,0.0
2025-06-30,,,,,,,0.0,0.0,88.7,,,,0.0,0.3,100.0,0.0
2025-07-01,24.2,29.4,95.8,,,,,,,0.0,0.0,100.0,0.0,0.2,100.0,0.0
2025-07-02,18.4,24.2,94.0,,,,,,,,,,0.0,0.3,100.0,0.0
2025-07-03,15.8,23.9,90.5,,,,,,,0.0,0.0,100.0,0.0,0.2,100.0,0.0
2025-07-04,,,,,,,,,,0.0,0.0,100.0,0.0,0.2,100.0,0.0
2025-07-05,,,,,,,,,,,,,0.0,0.2,100.0,0.0
2025-07-06,,,,,,,,,,,,,0.0,0.2,100.0,0.0
2025-07-07,15.0,23.8,95.2,0.0,0.0,100.0,0.0,0.0,100.0,,,,0.0,0.2,100.0,0.0
2025-07-08,19.8,25.3,96.4,,,,,,,,,,0.0,0.2,100.0,0.0
2025-07-09,16.3,24.0,91.1,0.0,0.0,100.0,,,,,,,0.0,0.2,100.0,0.0
2025-07-10,,,,,,,,,,,,,0.0,0.2,100.0,0.0
2025-07-11,,,,,,,,,,,,,0.0,0.3,100.0,0.0
2025-07-12,,,,0.0,0.0,100.0,,,,,,,0.0,0.3,100.0,0.0
2025-07-13,16.8,24.0,95.8,,,,,,,,,,0.0,0.2,100.0,0.0
2025-07-14,16.5,23.9,94.0,,,,,,,,,,0.0,0.1,100.0,0.0
2025-07-15,19.3,26.3,89.3,,,,,,,,,,0.0,0.1,100.0,0.0
2025-07-16,,,,,,,0.0,0.0,100.0,,,,0.0,0.1,100.0,0.0
2025-07-17,,,,0.0,0.0,100.0,,,,,,,0.0,0.1,100.0,0.0
2025-07-18,,,,,,,,,,0.0,0.0,100.0,0.0,0.1,100.0,0.0
2025-07-19,18.2,24.3,94.6,,,,,,,,,,0.0,0.1,100.0,0.0
2025-07-20,14.0,19.6,93.5,,,,,,,,,,0.0,0.1,100.0,0.0
2025-07-21,13.4,18.8,88.7,,,,,,,,,,0.0,0.1,100.0,0.0
2025-07-22,,,,0.0,0.0,92.3,,,,0.0,0.0,100.0,0.0,0.1,100.0,0.0
2025-07-23,,,,,,,,,,,,,0.0,0.1,100.0,0.0
2025-07-24,,,,,,,,,,,,,0.0,0.2,100.0,0.0
2025-07-25,13.1,19.3,95.2,,,,,,,,,,0.0,0.1,100.0,0.0
2025-07-26,3.2,13.7,94.0,,,,,,,,,,0.0,0.2,100.0,0.0
2025-07-27,3.9,13.7,91.1,,,,,,,,,,0.0,0.1,100.0,0.0
2025-07-28,,,,,,,,,,,,,0.0,0.1,100.0,0.0
2025-07-29,,,,0.0,0.0,100.0,,,,,,,0.0,0.1,100.0,0.0
2025-07-30,,,,,,,,,,0.0,0.0,100.0,0.0,0.0,100.0,0.0
2025-07-31,1.9,13.2,96.4,,,,0.0,0.0,100.0,,,,0.0,0.1,100.0,0.0
2025-08-01,3.7,13.8,95.8,0.0,0.0,100.0,0.0,0.0,100.0,,,,0.0,0.0,100.0,0.0
2025-08-02,0.7,11.7,91.1,,,,,,,,,,0.0,0.0,100.0,0.0
2025-08-03,,,,,,,,,,0.0,0.0,100.0,0.0,0.0,100.0,0.0
2025-08-04,,,,,,,,,,,,,0.0,0.0,100.0,0.0
2025-08-05,,,,,,,,,,,,,0.0,0.0,100.0,0.0
2025-08-06,1.2,12.0,95.8,,,,,,,,,,0.0,0.0,100.0,0.0
2025-08-07,0.6,11.2,94.6,,,,,,,0.0,0.0,100.0,0.0,0.0,100.0,0.0
2025-08-08,0.0,11.3,90.5,0.0,0.0,100.0,0.0,0.0,100.0,,,,0.0,0.0,100.0,0.0
2025-08-09,,,,,,,0.0,0.0,100.0,,,,0.0,0.0,100.0,0.0
2025-08-10,,,,,,,,,,0.0,0.0,100.0,0.0,0.0,100.0,0.0
2025-08-11,,,,0.0,0.0,53.0,,,,0.0,0.0,100.0,0.0,0.0,100.0,0.0
2025-08-12,0.0,12.7,95.8,,,,,,,,,,0.0,0.0,100.0,0.0
2025-08-13,0.0,10.0,94.6,,,,,,,,,,0.0,0.0,100.0,0.0
2025-08-14,0.0,9.7,87.5,,,,,,,0.0,0.0,100.0,0.0,0.0,100.0,0.0
2025-08-15,,,,,,,,,,0.0,0.0,100.0,0.0,0.0,100.0,0.0
2025-08-16,,,,0.0,0.0,100.0,0.0,0.0,100.0,,,,0.0,0.0,100.0,0.0
2025-08-17,,,,,,,0.0,0.0,99.4,,,,0.0,0.0,100.0,0.0
2025-08-18,0.6,11.8,91.7,0.0,0.0,100.0,,,,0.0,0.0,100.0,0.0,0.0,100.0,0.0
2025-08-19,0.7,9.3,91.1,,,,,,,0.0,0.0,100.0,0.0,0.0,100.0,0.0
2025-08-20,0.7,9.7,88.1,,,,,,,,,,0.0,0.0,100.0,0.0
2025-08-21,,,,,,,,,,,,,0.0,0.0,100.0,0.0
2025-08-22,,,,,,,,,,0.0,0.0,100.0,0.0,0.0,100.0,0.0
2025-08-23,,,,,,,,,,,,,0.0,0.0,100.0,0.0
2025-08-24,1.3,10.5,91.7,,,,0.0,0.0,100.0,,,,0.0,0.0,100.0,0.0
2025-08-25,1.3,9.2,89.9,,,,0.0,0.0,100.0,,,,0.0,0.0,100.0,0.0
2025-08-26,1.4,7.8,87.5,0.0,0.0,100.0,,,,0.0,0.0,100.0,0.0,0.0,100.0,0.0
2025-08-27,,,,,,,,,,,,,0.0,0.0,100.0,0.0
2025-08-28,,,,,,,,,,,,,0.0,0.0,100.0,0.0
2025-08-29,,,,,,,,,,,,,0.0,0.1,100.0,0.0
2025-08-30,1.9,8.6,92.9,,,,,,,0.0,0.1,100.0,0.0,0.0,100.0,0.0
2025-08-31,1.3,10.3,90.5,0.0,0.0,100.0,,,,,,,0.0,0.1,100.0,0.0
2025-09-01,1.4,9.1,86.3,,,,,,,,,,0.0,0.1,100.0,0.0
2025-09-02,,,,,,,,,,,,,0.0,0.1,100.0,0.0
2025-09-03,,,,,,,,,,,,,0.0,0.1,100.0,0.0
2025-09-04,,,,,,,,,,,,,0.0,0.1,100.0,0.0
2025-09-05,7.6,17.0,94.0,0.0,0.0,100.0,,,,,,,0.0,0.1,100.0,0.0
2025-09-06,3.4,13.1,88.7,,,,,,,,,,0.0,0.1,100.0,0.0
2025-09-07,10.9,20.2,87.5,0.0,0.0,100.0,,,,,,,0.0,0.1,100.0,0.0
2025-09-08,,,,,,,,,,,,,0.0,0.1,100.0,0.0
2025-09-09,,,,,,,,,,,,,0.0,0.1,100.0,0.0
2025-09-10,,,,,,,,,,,,,0.0,0.1,100.0,0.0
2025-09-11,8.5,19.8,91.1,,,,,,,,,,0.0,0.1,100.0,0.0
2025-09-12,25.8,29.4,89.9,,,,,,,,,,0.0,0.1,100.0,0.0
2025-09-13,25.5,28.9,86.3,,,,,,,,,,0.0,0.1,100.0,0.0
2025-09-14,,,,,,,,,,,,,0.0,0.1,100.0,0.0
2025-09-15,,,,0.0,0.0,44.0,,,,,,,0.0,0.1,100.0,0.0
2025-09-16,,,,,,,,,,,,,0.0,0.1,100.0,0.0
2025-09-17,37.5,34.0,90.5,0.0,0.0,100.0,0.0,0.0,100.0,0.0,0.0,100.0,0.0,0.1,100.0,0.0
2025-09-18,34.9,33.5,88.7,,,,0.0,0.0,100.0,,,,0.0,0.1,100.0,0.0
2025-09-19,39.6,36.9,85.7,,,,,,,,,,0.0,0.1,100.0,0.0
2025-09-20,,,,0.0,0.0,100.0,,,,,,,0.0,0.1,100.0,0.0
2025-09-21,,,,,,,,,,,,,0.0,0.1,100.0,0.0
2025-09-22,,,,,,,,,,,,,0.0,0.2,100.0,0.0
2025-09-23,40.5,39.0,91.1,,,,,,,,,,0.0,0.2,100.0,0.0
2025-09-24,43.5,40.8,91.7,,,,,,,,,,0.0,0.2,100.0,0.0
2025-09-25,37.6,37.3,88.7,,,,,,,,,,0.0,0.3,100.0,0.0
2025-09-26,,,,,,,,,,,,,0.0,0.4,100.0,0.0
2025-09-27,,,,,,,,,,,,,0.0,0.4,100.0,0.0
2025-09-28,,,,,,,,,,,,,0.0,0.5,100.0,0.0
2025-09-29,37.3,37.3,91.1,,,,,,,0.0,0.1,100.0,0.0,0.4,100.0,0.0
2025-09-30,,,,0.0,0.0,100.0,,,,,,,0.0,0.5,100.0,0.0
2025-10-01,26.4,28.6,88.1,,,,,,,,,,0.0,0.6,100.0,0.0
2025-10-02,,,,,,,,,,0.0,0.1,100.0,0.0,0.6,100.0,0.0
2025-10-03,,,,,,,,,,0.0,0.5,100.0,0.0,0.5,100.0,0.0
2025-10-04,,,,,,,,,,,,,0.0,0.6,100.0,0.0
2025-10-05,35.7,35.7,93.5,0.0,0.1,100.0,,,,,,,0.0,0.5,100.0,0.0
2025-10-06,15.9,21.9,89.9,,,,,,,0.0,0.1,100.0,0.0,0.4,100.0,0.0
2025-10-07,21.9,26.2,86.9,0.0,0.2,70.2,,,,0.0,0.2,100.0,0.0,0.3,100.0,0.0
2025-10-08,,,,,,,,,,,,,0.0,0.3,100.0,0.0
2025-10-09,,,,,,,,,,,,,0.0,0.3,100.0,0.0
2025-10-10,,,,0.0,0.1,100.0,,,,0.0,0.1,100.0,0.0,0.3,100.0,0.0
2025-10-11,12.2,23.6,92.9,,,,0.0,0.0,100.0,0.0,0.3,100.0,0.0,0.3,100.0,0.0
2025-10-12,7.9,19.4,89.9,,,,0.0,0.0,100.0,,,,0.0,0.3,100.0,0.0
2025-10-13,9.9,21.2,90.5,,,,,,,,,,0.0,0.3,100.0,0.0
2025-10-14,,,,,,,,,,0.0,0.1,100.0,0.0,0.3,100.0,0.0
2025-10-15,,,,0.0,0.0,100.0,,,,,,,0.0,0.4,100.0,0.0
2025-10-16,,,,,,,,,,,,,0.0,0.7,100.0,0.0
2025-10-17,10.0,21.1,95.2,0.0,0.0,100.0,,,,0.0,0.3,100.0,0.0,0.6,100.0,0.0
2025-10-18,14.6,21.7,93.5,,,,,,,0.0,0.3,100.0,0.0,0.8,100.0,0.0
2025-10-19,15.3,21.2,89.3,,,,,,,,,,0.0,1.1,100.0,0.0
2025-10-20,,,,,,,,,,,,,0.0,1.7,100.0,0.0
2025-10-21,,,,,,,,,,0.0,2.0,82.1,0.0,1.4,100.0,0.0
2025-10-22,,,,,,,,,,0.0,1.2,100.0,0.0,1.5,100.0,0.0
2025-10-23,24.4,23.8,97.6,,,,,,,,,,0.0,1.7,100.0,0.0
2025-10-24,25.5,23.4,95.8,,,,,,,,,,0.0,2.4,100.0,0.0
2025-10-25,25.6,23.6,92.9,,,,,,,0.0,2.9,100.0,0.0,2.1,100.0,0.0
2025-10-26,,,,,,,,,,,,,0.0,3.0,100.0,0.0
2025-10-27,,,,,,,,,,,,,0.0,3.0,100.0,0.0
2025-10-28,,,,,,,,,,,,,0.6,4.5,100.0,0.6
2025-10-29,33.1,29.0,97.0,,,,,,,,,,0.6,4.4,100.0,0.6
2025-10-30,39.4,36.1,98.2,0.0,1.2,100.0,,,,,,,0.6,5.6,100.0,0.6
2025-10-31,38.1,34.1,95.2,,,,,,,,,,0.6,5.6,100.0,0.6
2025-11-01,,,,,,,,,,,,,0.6,6.7,100.0,0.6
2025-11-02,,,,,,,,,,,,,0.6,7.1,100.0,0.6
2025-11-03,,,,,,,,,,,,,0.6,9.3,100.0,0.6
2025-11-04,43.6,44.6,98.2,0.0,6.6,100.0,3.6,7.5,100.0,,,,0.6,10.5,100.0,0.6
2025-11-05,42.9,40.5,97.0,,,,34.4,33.3,95.2,,,,0.6,12.4,100.0,0.6
2025-11-06,54.1,51.3,94.6,,,,,,,0.0,10.7,100.0,0.6,12.3,100.0,0.6
2025-11-07,,,,,,,,,,,,,0.6,15.3,100.0,0.6
2025-11-08,,,,,,,,,,,,,2.4,18.9,100.0,2.4
2025-11-09,,,,68.5,57.6,100.0,,,,,,,3.6,22.7,100.0,3.6
2025-11-10,53.3,50.1,98.2,,,,,,,,,,7.1,26.3,100.0,7.1
2025-11-11,51.3,45.4,94.0,,,,,,,,,,7.7,28.9,100.0,7.7
2025-11-12,50.3,46.9,92.3,,,,,,,,,,11.9,32.9,100.0,11.9
2025-11-13,,,,,,,,,,,,,15.5,37.8,100.0,15.5
2025-11-14,,,,,,,,,,,,,26.8,45.9,100.0,26.8
2025-11-15,,,,,,,,,,,,,39.3,51.7,100.0,39.3
2025-11-16,55.0,51.3,95.2,,,,,,,,,,47.6,56.8,100.0,47.6
2025-11-17,60.2,54.2,95.8,,,,,,,97.0,66.8,100.0,60.1,63.3,100.0,60.1
2025-11-18,54.5,48.6,91.7,,,,,,,,,,86.3,71.6,100.0,86.3
2025-11-19,,,,96.4,85.2,100.0,,,,,,,97.6,77.1,100.0,97.6
2025-11-20,,,,,,,,,,,,,98.8,82.6,100.0,98.8
2025-11-21,,,,,,,,,,100.0,83.4,100.0,100.0,87.6,100.0,100.0
2025-11-22,59.7,53.4,94.6,,,,,,,100.0,85.0,100.0,100.0,92.8,100.0,100.0
2025-11-23,74.8,58.3,94.6,,,,,,,,,,100.0,94.1,100.0,100.0
2025-11-24,78.4,59.2,91.1,,,,,,,,,,100.0,95.4,100.0,100.0
2025-11-25,,,,,,,,,,,,,100.0,97.4,100.0,100.0
2025-11-26,,,,,,,,,,100.0,92.9,100.0,100.0,98.4,100.0,100.0
2025-11-27,,,,,,,,,,,,,100.0,98.6,100.0,100.0
2025-11-28,88.0,64.8,94.0,,,,100.0,100.0,100.0,,,,100.0,99.3,100.0,100.0
2025-11-29,86.5,62.8,92.9,100.0,99.3,100.0,100.0,100.0,100.0,,,,100.0,99.5,100.0,100.0
2025-11-30,90.8,70.3,91.1,,,,,,,100.0,96.0,100.0,100.0,99.6,100.0,100.0
2025-12-01,,,,,,,,,,,,,100.0,99.5,100.0,100.0
2025-12-02,,,,,,,,,,,,,100.0,99.6,100.0,100.0
2025-12-03,,,,,,,,,,100.0,94.4,100.0,100.0,99.5,100.0,100.0
2025-12-04,94.5,71.8,98.2,100.0,99.7,100.0,,,,100.0,95.7,100.0,100.0,99.7,100.0,100.0
2025-12-05,95.7,74.3,96.4,,,,,,,,,,100.0,99.6,100.0,100.0
2025-12-06,95.5,71.5,91.7,,,,,,,,,,100.0,99.7,100.0,100.0
2025-12-07,,,,,,,,,,100.0,95.5,100.0,100.0,99.5,100.0,100.0
2025-12-08,,,,,,,,,,100.0,97.9,100.0,100.0,99.6,100.0,100.0
2025-12-09,,,,100.0,99.5,100.0,,,,,,,100.0,99.6,100.0,100.0
2025-12-10,95.8,72.7,98.2,,,,,,,,,,100.0,99.6,100.0,100.0
2025-12-11,93.9,70.2,97.6,,,,,,,,,,100.0,99.6,100.0,100.0
2025-12-12,96.1,69.3,91.1,,,,,,,100.0,93.1,100.0,100.0,99.7,100.0,100.0
2025-12-13,,,,,,,,,,,,,100.0,99.7,100.0,100.0
2025-12-14,,,,100.0,99.3,100.0,100.0,100.0,100.0,,,,100.0,99.8,100.0,100.0
2025-12-15,,,,,,,,,,,,,100.0,99.7,100.0,100.0
2025-12-16,98.2,73.8,100.0,,,,,,,100.0,99.3,100.0,100.0,99.8,100.0,100.0
2025-12-17,98.8,72.8,97.0,,,,,,,,,,100.0,99.8,100.0,100.0
2025-12-18,99.3,77.7,91.1,,,,,,,,,,100.0,99.7,100.0,100.0
2025-12-19,,,,,,,,,,,,,100.0,99.6,100.0,100.0
2025-12-20,,,,,,,,,,100.0,99.2,100.0,100.0,99.7,100.0,100.0
2025-12-21,,,,,,,,,,,,,100.0,99.7,100.0,100.0
2025-12-22,100.0,77.6,95.8,,,,,,,,,,100.0,99.7,100.0,100.0
2025-12-23,100.0,86.0,94.0,,,,,,,100.0,99.8,100.0,100.0,99.5,100.0,100.0
2025-12-24,100.0,86.3,92.3,100.0,99.3,100.0,,,,,,,100.0,99.8,100.0,100.0
2025-12-25,,,,,,,,,,,,,100.0,99.7,100.0,100.0
2025-12-26,,,,100.0,99.2,100.0,,,,,,,100.0,99.7,100.0,100.0
2025-12-27,,,,,,,,,,,,,100.0,99.6,100.0,100.0
2025-12-28,100.0,89.5,100.0,,,,,,,,,,100.0,99.6,100.0,100.0
2025-12-29,100.0,90.4,97.0,100.0,99.2,100.0,,,,,,,100.0,99.7,100.0,100.0
2025-12-30,100.0,90.9,89.9,,,,100.0,100.0,100.0,,,,100.0,99.7,100.0,100.0
2025-12-31,,,,,,,100.0,100.0,100.0,,,,100.0,99.7,100.0,100.0
2026-01-01,,,,,,,,,,,,,100.0,98.9,100.0,100.0
2026-01-02,,,,,,,,,,,,,100.0,98.9,100.0,100.0
2026-01-03,100.0,93.9,92.8,100.0,98.3,100.0,,,,100.0,98.4,100.0,100.0,99.2,100.0,100.0
2026-01-04,100.0,93.1,91.7,,,,,,,,,,100.0,99.2,100.0,100.0
2026-01-05,100.0,93.9,83.9,100.0,99.4,100.0,,,,,,,100.0,99.6,100.0,100.0
2026-01-06,,,,,,,,,,,,,100.0,99.4,100.0,100.0
2026-01-07,,,,,,,100.0,100.0,92.2,100.0,99.2,100.0,100.0,99.6,100.0,100.0
2026-01-08,,,,,,,,,,,,,100.0,99.5,100.0,100.0
2026-01-09,100.0,94.4,91.7,,,,,,,,,,100.0,99.7,100.0,100.0
2026-01-10,100.0,95.1,90.6,,,,,,,,,,100.0,99.6,100.0,100.0
2026-01-11,100.0,95.6,84.4,,,,,,,,,,100.0,99.6,100.0,100.0
2026-01-12,,,,,,,,,,100.0,99.5,100.0,100.0,99.7,100.0,100.0
2026-01-13,,,,100.0,98.9,100.0,,,,,,,100.0,99.8,100.0,100.0
2026-01-14,,,,,,,,,,,,,100.0,99.7,100.0,100.0
2026-01-15,100.0,95.6,88.9,,,,100.0,100.0,100.0,100.0,99.7,100.0,100.0,99.8,100.0,100.0
2026-01-16,100.0,94.4,87.8,,,,,,,,,,100.0,99.7,100.0,100.0
2026-01-17,100.0,94.5,85.0,,,,,,,,,,100.0,99.8,100.0,100.0
2026-01-18,,,,,,,,,,,,,100.0,99.7,100.0,100.0
2026-01-19,,,,,,,,,,100.0,99.8,100.0,100.0,99.6,100.0,100.0
2026-01-20,,,,,,,,,,,,,100.0,99.6,100.0,100.0
2026-01-21,100.0,95.0,90.6,,,,,,,,,,100.0,99.6,100.0,100.0
2026-01-22,100.0,93.5,88.3,,,,,,,100.0,99.9,100.0,100.0,99.4,100.0,100.0
2026-01-23,100.0,92.5,86.1,,,,,,,,,,100.0,99.4,100.0,100.0
2026-01-24,,,,,,,,,,,,,100.0,99.2,100.0,100.0
2026-01-25,,,,,,,,,,,,,100.0,99.4,100.0,100.0
2026-01-26,,,,,,,,,,,,,100.0,99.1,100.0,100.0
2026-01-27,100.0,92.5,91.1,,,,,,,,,,100.0,99.4,100.0,100.0
2026-01-28,100.0,92.7,88.9,,,,,,,,,,100.0,99.7,100.0,100.0
2026-01-29,100.0,92.6,85.0,,,,,,,,,,100.0,99.8,100.0,100.0
2026-01-30,,,,,,,,,,,,,100.0,99.7,100.0,100.0
2026-01-31,,,,,,,100.0,100.0,100.0,100.0,99.9,100.0,100.0,99.8,100.0,100.0
2026-02-01,,,,,,,100.0,100.0,100.0,100.0,99.9,100.0,100.0,99.9,100.0,100.0
2026-02-02,100.0,91.2,90.0,100.0,99.9,100.0,,,,,,,100.0,99.9,100.0,100.0
2026-02-03,100.0,89.8,90.6,,,,,,,,,,100.0,99.8,100.0,100.0
2026-02-04,100.0,89.8,86.1,,,,,,,100.0,99.9,100.0,100.0,99.8,100.0,100.0
2026-02-05,,,,,,,,,,,,,100.0,99.8,100.0,100.0
2026-02-06,,,,,,,,,,,,,100.0,99.7,100.0,100.0
2026-02-07,,,,,,,,,,,,,100.0,99.6,100.0,100.0
2026-02-08,100.0,92.5,90.6,,,,,,,100.0,100.0,100.0,100.0,99.6,100.0,100.0
2026-02-09,100.0,93.2,88.9,,,,,,,100.0,99.9,100.0,100.0,99.4,100.0,100.0
2026-02-10,100.0,95.4,85.0,,,,,,,,,,100.0,98.7,100.0,100.0
2026-02-11,,,,,,,,,,,,,100.0,97.6,100.0,100.0
2026-02-12,,,,,,,,,,,,,100.0,97.1,100.0,100.0
2026-02-13,,,,,,,,,,,,,100.0,96.3,100.0,100.0
2026-02-14,100.0,95.4,91.1,,,,,,,,,,100.0,96.1,100.0,100.0
2026-02-15,100.0,95.6,88.3,,,,,,,,,,100.0,95.4,100.0,100.0
2026-02-16,100.0,96.2,83.3,,,,,,,100.0,99.9,100.0,100.0,96.1,100.0,100.0
2026-02-17,,,,,,,,,,100.0,99.9,100.0,100.0,95.7,100.0,100.0
2026-02-18,,,,,,,,,,,,,100.0,96.6,100.0,100.0
2026-02-19,,,,,,,,,,,,,100.0,96.2,100.0,100.0
2026-02-20,100.0,96.3,91.7,,,,,,,,,,100.0,97.4,100.0,100.0
2026-02-21,100.0,93.6,88.3,,,,,,,100.0,99.9,100.0,100.0,98.4,100.0,100.0
2026-02-22,100.0,91.0,83.9,100.0,99.7,100.0,,,,,,,100.0,99.0,100.0,100.0
2026-02-23,,,,,,,,,,,,,100.0,98.8,100.0,100.0
2026-02-24,,,,,,,100.0,100.0,100.0,,,,100.0,99.3,100.0,100.0
2026-02-25,,,,,,,100.0,100.0,100.0,,,,100.0,99.2,100.0,100.0
2026-02-26,100.0,88.9,91.7,,,,,,,,,,100.0,99.2,100.0,100.0
2026-02-27,100.0,88.2,91.7,100.0,99.4,100.0,,,,,,,100.0,99.1,100.0,100.0
2026-02-28,97.4,83.3,84.4,,,,,,,,,,100.0,99.1,100.0,100.0
2026-03-01,,,,,,,,,,,,,100.0,99.1,100.0,100.0
2026-03-02,,,,,,,,,,,,,100.0,98.9,100.0,100.0
2026-03-03,,,,,,,,,,,,,100.0,98.8,100.0,100.0
2026-03-04,95.8,82.3,92.2,100.0,99.0,100.0,100.0,100.0,100.0,,,,100.0,99.3,100.0,100.0
2026-03-05,98.1,84.3,90.0,,,,,,,,,,100.0,99.2,100.0,100.0
2026-03-06,100.0,87.4,85.6,100.0,98.9,100.0,,,,,,,100.0,99.2,100.0,100.0
2026-03-07,,,,,,,,,,,,,100.0,98.9,100.0,100.0
2026-03-08,,,,,,,,,,100.0,99.8,100.0,100.0,98.8,100.0,100.0
2026-03-09,,,,,,,,,,,,,100.0,99.1,100.0,100.0
2026-03-10,99.4,88.4,92.2,,,,,,,,,,100.0,99.0,100.0,100.0
2026-03-11,100.0,91.6,91.1,,,,,,,,,,100.0,99.0,100.0,100.0
2026-03-12,100.0,93.2,84.4,,,,100.0,100.0,100.0,,,,100.0,99.0,100.0,100.0
2026-03-13,,,,,,,100.0,100.0,100.0,,,,100.0,99.0,100.0,100.0
2026-03-14,,,,,,,,,,,,,100.0,98.9,100.0,100.0
2026-03-15,,,,,,,,,,,,,100.0,99.0,100.0,100.0
2026-03-16,100.0,96.0,86.7,100.0,99.7,100.0,,,,,,,100.0,99.1,100.0,100.0
2026-03-17,100.0,95.3,90.6,,,,,,,100.0,99.8,100.0,100.0,99.1,100.0,100.0
2026-03-18,100.0,96.7,80.6,,,,,,,,,,100.0,98.9,100.0,100.0
2026-03-19,,,,100.0,99.3,100.0,,,,,,,100.0,99.1,100.0,100.0
2026-03-20,,,,,,,100.0,100.0,100.0,100.0,99.8,100.0,100.0,99.1,100.0,100.0
2026-03-21,,,,,,,100.0,100.0,100.0,100.0,99.6,100.0,100.0,99.1,100.0,100.0
2026-03-22,100.0,97.7,86.7,,,,,,,,,,100.0,98.8,100.0,100.0
2026-03-23,100.0,97.3,89.4,,,,,,,,,,100.0,98.9,100.0,100.0
2026-03-24,100.0,98.0,82.8,,,,,,,100.0,99.3,100.0,100.0,99.0,100.0,100.0
2026-03-25,,,,,,,,,,100.0,99.3,100.0,100.0,98.7,100.0,100.0
2026-03-26,,,,,,,,,,,,,100.0,98.7,100.0,100.0
2026-03-27,,,,,,,,,,,,,100.0,98.7,100.0,100.0
2026-03-28,100.0,98.0,85.6,,,,,,,100.0,98.9,100.0,100.0,98.9,100.0,100.0
2026-03-29,100.0,96.8,88.3,100.0,99.7,100.0,,,,100.0,98.8,100.0,100.0,98.7,100.0,100.0
2026-03-30,100.0,97.2,80.6,,,,,,,,,,100.0,98.7,100.0,100.0
2026-03-31,,,,,,,,,,,,,100.0,98.4,100.0,100.0
2026-04-01,,,,,,,,,,100.0,97.7,100.0,100.0,98.6,100.0,100.0
2026-04-02,,,,,,,,,,100.0,98.2,100.0,100.0,98.6,100.0,100.0
2026-04-03,100.0,96.5,86.7,100.0,99.3,100.0,,,,,,,100.0,99.0,100.0,100.0
2026-04-04,100.0,94.4,89.4,,,,,,,,,,100.0,98.7,100.0,100.0
2026-04-05,100.0,91.5,87.8,100.0,99.0,100.0,100.0,100.0,100.0,100.0,96.9,100.0,100.0,99.1,100.0,100.0
2026-04-06,,,,,,,100.0,99.9,95.6,100.0,95.3,100.0,100.0,98.7,100.0,100.0
2026-04-07,,,,,,,,,,,,,100.0,98.6,100.0,100.0
2026-04-08,,,,100.0,98.4,100.0,,,,,,,100.0,98.5,100.0,100.0
2026-04-09,100.0,88.2,89.4,,,,,,,100.0,95.9,100.0,100.0,98.3,100.0,100.0
2026-04-10,100.0,89.3,88.9,,,,,,,,,,100.0,97.9,100.0,100.0
2026-04-11,100.0,87.2,86.1,,,,,,,,,,100.0,98.1,100.0,100.0
2026-04-12,,,,,,,,,,,,,100.0,97.7,100.0,100.0
2026-04-13,,,,,,,,,,,,,100.0,97.6,100.0,100.0
2026-04-14,,,,,,,100.0,99.8,77.2,100.0,97.1,100.0,100.0,97.9,100.0,100.0
2026-04-15,97.5,82.6,90.6,99.4,98.0,100.0,,,,,,,100.0,98.1,100.0,100.0
2026-04-16,89.9,79.1,87.8,,,,,,,,,,100.0,98.0,100.0,100.0
2026-04-17,93.1,82.6,88.9,,,,,,,100.0,97.7,100.0,100.0,98.1,100.0,100.0
2026-04-18,91.1,84.2,87.8,100.0,98.7,100.0,,,,100.0,97.5,100.0,100.0,98.5,100.0,100.0
2026-04-19,,,,,,,,,,,,,100.0,98.4,100.0,100.0
2026-04-20,,,,,,,,,,,,,100.0,98.2,100.0,100.0
2026-04-21,93.1,83.6,88.3,,,,100.0,99.8,75.6,,,,100.0,98.6,100.0,100.0
2026-04-22,98.2,85.9,91.7,,,,,,,,,,100.0,98.4,100.0,100.0
2026-04-23,95.5,86.4,91.7,100.0,99.2,100.0,,,,,,,100.0,98.8,100.0,100.0
2026-04-24,,,,,,,,,,,,,100.0,98.2,100.0,100.0
2026-04-25,,,,100.0,99.3,100.0,,,,100.0,97.1,100.0,100.0,98.5,100.0,100.0
2026-04-26,,,,,,,,,,100.0,95.4,100.0,100.0,97.7,100.0,100.0
2026-04-27,96.3,87.9,90.6,,,,,,,,,,100.0,98.1,100.0,100.0
2026-04-28,97.6,88.5,92.8,,,,,,,,,,100.0,97.4,100.0,100.0
2026-04-29,90.6,80.3,88.3,,,,,,,100.0,95.0,100.0,100.0,97.4,100.0,100.0
2026-04-30,93.7,85.1,88.3,,,,,,,100.0,90.6,100.0,100.0,96.2,100.0,100.0
2026-05-01,,,,,,,,,,,,,100.0,96.3,100.0,100.0
2026-05-02,,,,,,,,,,,,,100.0,95.2,100.0,100.0
2026-05-03,93.4,83.5,92.8,100.0,99.7,33.3,,,,,,,100.0,95.0,100.0,100.0
2026-05-04,92.2,83.3,92.8,,,,,,,,,,100.0,93.4,100.0,100.0
2026-05-05,99.4,88.6,90.6,,,,,,,,,,100.0,94.2,100.0,100.0
2026-05-06,,,,,,,,,,,,,100.0,92.1,100.0,100.0
2026-05-07,,,,,,,,,,100.0,91.5,100.0,100.0,94.0,100.0,100.0
2026-05-08,,,,,,,,,,,,,100.0,93.7,100.0,100.0
2026-05-09,100.0,92.2,96.1,,,,,,,,,,100.0,95.4,100.0,100.0
2026-05-10,100.0,91.8,95.0,,,,,,,,,,100.0,94.6,100.0,100.0
2026-05-11,100.0,91.6,93.3,,,,,,,,,,100.0,94.9,100.0,100.0
2026-05-12,100.0,93.6,92.8,,,,,,,,,,100.0,95.0,100.0,100.0
2026-05-13,,,,100.0,99.5,100.0,,,,,,,100.0,96.3,100.0,100.0
2026-05-14,,,,,,,,,,,,,100.0,95.2,100.0,100.0
2026-05-15,100.0,92.8,93.9,,,,,,,,,,100.0,96.4,100.0,100.0
2026-05-16,99.4,91.0,95.0,,,,100.0,99.5,82.2,,,,100.0,97.5,100.0,100.0
2026-05-17,98.8,87.5,93.9,,,,,,,,,,100.0,97.9,100.0,100.0
2026-05-18,,,,,,,,,,,,,100.0,97.5,100.0,100.0
2026-05-19,,,,,,,,,,100.0,87.1,100.0,100.0,98.0,100.0,100.0
2026-05-20,,,,,,,,,,,,,100.0,97.9,100.0,100.0
2026-05-21,98.8,86.6,96.1,,,,,,,,,,100.0,98.3,100.0,100.0
2026-05-22,98.8,85.3,94.4,,,,,,,97.6,73.4,45.6,100.0,97.8,100.0,100.0
2026-05-23,88.0,73.3,92.8,100.0,98.7,100.0,,,,100.0,81.7,100.0,100.0,98.3,100.0,100.0
2026-05-24,92.8,77.6,92.8,,,,100.0,98.3,33.3,,,,100.0,97.4,100.0,100.0
2026-05-25,,,,100.0,97.8,100.0,,,,,,,100.0,97.0,100.0,100.0
2026-05-26,,,,,,,,,,97.2,73.7,100.0,100.0,95.1,100.0,100.0
2026-05-27,81.8,68.2,94.4,,,,,,,94.4,69.1,100.0,100.0,94.9,100.0,100.0
2026-05-28,72.3,59.2,97.2,100.0,97.0,100.0,,,,,,,100.0,91.4,100.0,100.0
2026-05-29,55.1,46.6,97.2,,,,,,,,,,100.0,87.5,100.0,100.0
2026-05-30,,,,,,,,,,,,,98.9,83.1,100.0,98.9
2026-05-31,,,,,,,,,,,,,98.9,81.5,100.0,98.9
2026-06-01,,,,,,,,,,,,,,,,
2026-06-02,50.9,43.7,97.2,100.0,84.5,45.0,,,,,,,,,,
2026-06-03,22.7,28.1,95.6,,,,,,,56.1,47.5,100.0,,,,
2026-06-04,34.7,34.2,92.8,,,,,,,,,,,,,
2026-06-05,,,,,,,,,,,,,,,,
2026-06-06,,,,,,,,,,,,,,,,
2026-06-07,,,,100.0,89.1,100.0,,,,13.9,31.2,100.0,,,,
2026-06-08,43.7,39.5,96.7,,,,,,,0.8,11.3,100.0,,,,
2026-06-09,53.8,45.5,96.1,,,,,,,,,,,,,
2026-06-10,32.7,34.1,95.0,,,,,,,,,,,,,
2026-06-11,,,,,,,,,,0.0,4.0,100.0,,,,
2026-06-12,,,,100.0,88.6,100.0,,,,0.0,2.0,100.0,,,,
2026-06-13,,,,,,,,,,,,,,,,
2026-06-14,25.1,30.1,97.2,99.4,81.8,100.0,,,,,,,,,,
2026-06-15,20.5,26.1,95.0,,,,,,,0.0,1.9,100.0,,,,
2026-06-16,,,,,,,,,,0.0,1.2,100.0,,,,
2026-06-17,9.5,21.3,87.8,100.0,77.4,100.0,,,,,,,,,,
2026-06-18,,,,,,,,,,,,,,,,
2026-06-19,,,,,,,,,,0.0,0.9,100.0,,,,
2026-06-20,,,,,,,,,,0.0,1.1,100.0,,,,
2026-06-21,24.3,26.4,80.0,,,,,,,,,,,,,
2026-06-22,29.7,27.3,94.4,22.8,37.7,100.0,,,,,,,,,,
2026-06-23,,,,,,,,,,,,,,,,
2026-06-24,,,,3.9,15.9,100.0,,,,,,,,,,
2026-06-25,,,,,,,,,,,,,,,,
2026-06-26,33.3,31.5,95.0,,,,,,,,,,,,,
2026-06-27,36.3,36.9,95.6,1.1,5.2,52.8,,,,0.0,2.1,100.0,,,,
2026-06-28,47.0,41.6,93.3,,,,,,,0.0,1.8,100.0,,,,
2026-06-29,,,,,,,,,,,,,,,,
2026-06-30,,,,,,,,,,,,,,,,
2026-07-01,,,,,,,,,,,,,,,,
2026-07-02,,,,,,,,,,,,,,,,
2026-07-03,,,,,,,,,,,,,,,,
2026-07-04,,,,,,,,,,,,,,,,
2026-07-05,,,,,,,,,,0.0,4.6,100.0,,,,
2026-07-06,,,,,,,,,,,,,,,,
2026-07-07,,,,,,,,,,,,,,,,
2026-07-08,,,,,,,,,,,,,,,,
2026-07-09,,,,,,,,,,0.0,10.7,100.0,,,,
