date,s1_ice_cover,s1_ice_probability,s1_data_coverage,s2_ice_cover,s2_ice_probability,s2_data_coverage,landsat_ice_cover,landsat_ice_probability,landsat_data_coverage,ecostress_ice_cover,ecostress_ice_probability,ecostress_data_coverage,stage2_ice_cover,stage2_ice_probability,stage2_data_coverage,stage2_phenology_cover
2015-07-01,38.5,39.8,94.8,,,,,,,,,,0.0,6.8,100.0,0.0
2015-07-02,18.2,32.7,86.8,,,,,,,,,,0.0,4.5,100.0,0.0
2015-07-03,,,,,,,,,,,,,0.0,3.6,100.0,0.0
2015-07-04,,,,,,,,,,,,,0.0,3.4,100.0,0.0
2015-07-05,,,,,,,0.0,0.1,64.1,,,,0.0,2.2,100.0,0.0
2015-07-06,36.5,38.6,91.2,,,,,,,,,,0.0,2.1,100.0,0.0
2015-07-07,,,,,,,,,,,,,0.0,1.9,100.0,0.0
2015-07-08,,,,,,,,,,,,,0.0,2.0,100.0,0.0
2015-07-09,,,,,,,,,,,,,0.0,2.1,100.0,0.0
2015-07-10,,,,,,,,,,,,,0.0,2.1,100.0,0.0
2015-07-11,,,,,,,,,,,,,0.0,1.9,100.0,0.0
2015-07-12,,,,,,,,,,,,,0.0,2.1,100.0,0.0
2015-07-13,20.3,30.6,94.8,,,,,,,,,,0.0,2.6,100.0,0.0
2015-07-14,21.1,32.1,91.1,,,,,,,,,,0.0,2.9,100.0,0.0
2015-07-15,,,,,,,,,,,,,0.0,2.5,100.0,0.0
2015-07-16,,,,,,,,,,,,,0.0,2.3,100.0,0.0
2015-07-17,,,,,,,,,,,,,0.0,2.3,100.0,0.0
2015-07-18,17.8,29.1,92.7,,,,,,,,,,0.0,3.0,100.0,0.0
2015-07-19,,,,,,,,,,,,,0.0,2.7,100.0,0.0
2015-07-20,,,,,,,,,,,,,0.0,2.9,100.0,0.0
2015-07-21,,,,,,,,,,,,,0.0,3.3,100.0,0.0
2015-07-22,,,,,,,,,,,,,0.0,4.0,100.0,0.0
2015-07-23,,,,,,,,,,,,,0.0,4.2,100.0,0.0
2015-07-24,,,,,,,,,,,,,0.0,3.7,100.0,0.0
2015-07-25,14.0,26.5,96.9,,,,,,,,,,0.0,3.8,100.0,0.0
2015-07-26,12.6,25.1,93.9,,,,,,,,,,0.0,4.4,100.0,0.0
2015-07-27,,,,,,,,,,,,,0.0,4.5,100.0,0.0
2015-07-28,,,,,,,,,,,,,0.0,4.3,100.0,0.0
2015-07-29,,,,,,,,,,,,,0.0,3.7,100.0,0.0
2015-07-30,10.1,22.2,94.1,0.0,1.4,89.4,,,,,,,0.0,3.4,100.0,0.0
2015-07-31,,,,,,,,,,,,,0.0,2.4,100.0,0.0
2015-08-01,,,,,,,,,,,,,0.0,1.8,100.0,0.0
2015-08-02,,,,,,,,,,,,,0.0,1.3,100.0,0.0
2015-08-03,,,,,,,,,,,,,0.0,1.3,100.0,0.0
2015-08-04,,,,,,,,,,,,,0.0,1.0,100.0,0.0
2015-08-05,,,,,,,,,,,,,0.0,1.0,100.0,0.0
2015-08-06,7.7,20.1,98.0,,,,,,,,,,0.0,0.8,100.0,0.0
2015-08-07,6.8,19.5,94.1,,,,,,,,,,0.0,0.9,100.0,0.0
2015-08-08,,,,,,,,,,,,,0.0,0.7,100.0,0.0
2015-08-09,,,,,,,,,,,,,0.0,0.8,100.0,0.0
2015-08-10,,,,,,,,,,,,,0.0,0.8,100.0,0.0
2015-08-11,7.3,19.9,93.9,,,,,,,,,,0.0,0.8,100.0,0.0
2015-08-12,,,,,,,,,,,,,0.0,0.8,100.0,0.0
2015-08-13,,,,,,,,,,,,,0.0,1.0,100.0,0.0
2015-08-14,,,,,,,,,,,,,0.0,1.0,100.0,0.0
2015-08-15,,,,,,,,,,,,,0.0,1.0,100.0,0.0
2015-08-16,,,,,,,,,,,,,0.0,0.7,100.0,0.0
2015-08-17,,,,,,,,,,,,,0.0,0.8,100.0,0.0
2015-08-18,6.7,18.7,97.6,,,,,,,,,,0.0,1.0,100.0,0.0
2015-08-19,,,,,,,,,,,,,0.0,1.2,100.0,0.0
2015-08-20,,,,,,,,,,,,,0.0,1.2,100.0,0.0
2015-08-21,,,,,,,,,,,,,0.0,1.2,100.0,0.0
2015-08-22,,,,,,,,,,,,,0.0,1.2,100.0,0.0
2015-08-23,5.0,16.6,90.7,,,,,,,,,,0.0,1.0,100.0,0.0
2015-08-24,,,,,,,,,,,,,0.0,0.6,100.0,0.0
2015-08-25,,,,,,,,,,,,,0.0,0.6,100.0,0.0
2015-08-26,,,,,,,,,,,,,0.0,0.5,100.0,0.0
2015-08-27,,,,,,,,,,,,,0.0,0.4,100.0,0.0
2015-08-28,,,,,,,,,,,,,0.0,0.3,100.0,0.0
2015-08-29,,,,0.0,0.1,100.0,,,,,,,0.0,0.3,100.0,0.0
2015-08-30,9.6,18.3,98.0,,,,0.0,0.0,99.8,,,,0.0,0.3,100.0,0.0
2015-08-31,4.2,12.9,85.7,,,,,,,,,,0.0,0.3,100.0,0.0
2015-09-01,,,,,,,,,,,,,0.0,0.2,100.0,0.0
2015-09-02,,,,,,,,,,,,,0.0,0.3,100.0,0.0
2015-09-03,,,,,,,,,,,,,0.0,0.4,100.0,0.0
2015-09-04,3.6,9.6,66.1,,,,,,,,,,0.0,0.5,100.0,0.0
2015-09-05,,,,,,,,,,,,,0.0,0.6,100.0,0.0
2015-09-06,,,,,,,,,,,,,0.0,0.9,100.0,0.0
2015-09-07,,,,,,,,,,,,,0.0,1.2,100.0,0.0
2015-09-08,,,,0.0,0.1,87.8,,,,,,,0.0,1.1,100.0,0.0
2015-09-09,,,,,,,,,,,,,0.0,1.1,100.0,0.0
2015-09-10,,,,,,,,,,,,,0.0,1.3,100.0,0.0
2015-09-11,3.9,8.6,62.1,,,,,,,,,,0.0,1.5,100.0,0.0
2015-09-12,3.8,9.9,64.1,,,,,,,,,,0.0,1.4,100.0,0.0
2015-09-13,,,,,,,,,,,,,0.0,1.4,100.0,0.0
2015-09-14,,,,,,,,,,,,,0.0,1.5,100.0,0.0
2015-09-15,,,,,,,,,,,,,0.0,2.1,100.0,0.0
2015-09-16,3.0,8.6,60.9,,,,,,,,,,0.0,2.7,100.0,0.0
2015-09-17,,,,,,,,,,,,,0.0,3.1,100.0,0.0
2015-09-18,,,,,,,,,,,,,0.0,3.4,100.0,0.0
2015-09-19,,,,,,,,,,,,,0.0,3.9,100.0,0.0
2015-09-20,,,,,,,,,,,,,0.0,4.2,100.0,0.0
2015-09-21,,,,,,,,,,,,,0.0,4.3,100.0,0.0
2015-09-22,,,,,,,,,,,,,0.0,3.7,100.0,0.0
2015-09-23,2.9,10.6,62.7,,,,,,,,,,0.0,3.6,100.0,0.0
2015-09-24,2.8,12.5,59.2,,,,,,,,,,0.0,3.7,100.0,0.0
2015-09-25,,,,,,,,,,,,,0.0,3.6,100.0,0.0
2015-09-26,,,,,,,,,,,,,0.0,3.1,100.0,0.0
2015-09-27,,,,,,,,,,,,,0.0,3.0,100.0,0.0
2015-09-28,2.6,14.2,55.7,0.0,0.0,49.9,,,,,,,0.0,2.9,100.0,0.0
2015-09-29,,,,,,,,,,,,,0.0,2.7,100.0,0.0
2015-09-30,,,,,,,,,,,,,0.0,2.4,100.0,0.0
2015-10-01,,,,,,,,,,,,,0.0,2.3,100.0,0.0
2015-10-02,,,,,,,,,,,,,0.0,2.2,100.0,0.0
2015-10-03,,,,,,,,,,,,,0.0,2.1,100.0,0.0
2015-10-04,,,,,,,,,,,,,0.0,1.9,100.0,0.0
2015-10-05,1.1,13.0,66.4,,,,,,,,,,0.0,1.7,100.0,0.0
2015-10-06,0.5,12.5,66.3,,,,,,,,,,0.0,1.9,100.0,0.0
2015-10-07,,,,,,,,,,,,,0.0,2.0,100.0,0.0
2015-10-08,,,,,,,,,,,,,0.0,2.1,100.0,0.0
2015-10-09,,,,,,,,,,,,,0.0,1.9,100.0,0.0
2015-10-10,1.3,18.4,65.3,,,,,,,,,,0.0,2.1,100.0,0.0
2015-10-11,,,,,,,,,,,,,0.0,2.1,100.0,0.0
2015-10-12,,,,,,,,,,,,,0.0,2.1,100.0,0.0
2015-10-13,,,,,,,,,,,,,0.0,2.1,100.0,0.0
2015-10-14,,,,,,,,,,,,,0.0,2.5,100.0,0.0
2015-10-15,,,,,,,,,,,,,0.0,2.7,100.0,0.0
2015-10-16,,,,,,,,,,,,,0.0,2.3,100.0,0.0
2015-10-17,0.0,17.3,65.9,,,,,,,,,,0.0,2.6,100.0,0.0
2015-10-18,0.9,19.6,64.7,,,,,,,,,,0.0,2.4,100.0,0.0
2015-10-19,,,,,,,,,,,,,0.0,1.7,100.0,0.0
2015-10-20,,,,,,,,,,,,,0.0,1.3,100.0,0.0
2015-10-21,,,,,,,,,,,,,0.0,1.3,100.0,0.0
2015-10-22,,,,,,,,,,,,,0.0,1.2,100.0,0.0
2015-10-23,,,,,,,,,,,,,0.0,1.1,100.0,0.0
2015-10-24,,,,,,,,,,,,,0.0,0.9,100.0,0.0
2015-10-25,,,,,,,,,,,,,0.0,0.8,100.0,0.0
2015-10-26,,,,,,,,,,,,,0.0,0.8,100.0,0.0
2015-10-27,,,,,,,,,,,,,0.0,0.6,100.0,0.0
2015-10-28,,,,,,,,,,,,,0.0,0.6,100.0,0.0
2015-10-29,3.4,22.9,64.6,,,,,,,,,,0.0,0.5,100.0,0.0
2015-10-30,13.9,31.1,66.5,,,,,,,,,,0.0,0.5,100.0,0.0
2015-10-31,,,,,,,,,,,,,0.0,0.4,100.0,0.0
2015-11-01,,,,,,,,,,,,,0.0,0.5,100.0,0.0
2015-11-02,,,,,,,0.0,0.0,99.8,,,,0.0,0.5,100.0,0.0
2015-11-03,12.5,29.6,64.5,,,,,,,,,,0.0,0.4,100.0,0.0
2015-11-04,,,,,,,,,,,,,0.0,0.4,100.0,0.0
2015-11-05,,,,,,,,,,,,,0.0,0.5,100.0,0.0
2015-11-06,,,,,,,,,,,,,0.0,0.7,100.0,0.0
2015-11-07,,,,,,,,,,,,,0.0,0.8,100.0,0.0
2015-11-08,,,,,,,,,,,,,0.0,0.9,100.0,0.0
2015-11-09,,,,,,,,,,,,,0.0,1.3,100.0,0.0
2015-11-10,22.8,34.2,66.5,,,,,,,,,,0.0,2.0,100.0,0.0
2015-11-11,12.9,28.1,66.2,,,,,,,,,,0.0,2.0,100.0,0.0
2015-11-12,,,,,,,,,,,,,0.0,1.8,100.0,0.0
2015-11-13,,,,,,,,,,,,,0.0,2.2,100.0,0.0
2015-11-14,,,,,,,,,,,,,0.0,2.6,100.0,0.0
2015-11-15,10.7,26.7,65.0,,,,,,,,,,0.0,2.3,100.0,0.0
2015-11-16,,,,,,,,,,,,,0.0,2.3,100.0,0.0
2015-11-17,,,,0.0,0.1,100.0,,,,,,,0.0,2.3,100.0,0.0
2015-11-18,,,,,,,0.0,0.0,100.0,,,,0.0,2.3,100.0,0.0
2015-11-19,,,,,,,,,,,,,0.0,2.2,100.0,0.0
2015-11-20,,,,,,,,,,,,,0.0,2.0,100.0,0.0
2015-11-21,,,,,,,,,,,,,0.0,2.2,100.0,0.0
2015-11-22,16.3,30.2,66.4,,,,,,,,,,0.0,2.5,100.0,0.0
2015-11-23,5.8,24.6,66.3,,,,,,,,,,0.0,2.7,100.0,0.0
2015-11-24,,,,,,,,,,,,,0.0,2.7,100.0,0.0
2015-11-25,,,,,,,,,,,,,0.0,3.6,100.0,0.0
2015-11-26,,,,,,,,,,,,,0.0,4.6,100.0,0.0
2015-11-27,14.4,29.3,65.2,0.1,4.9,99.9,,,,,,,0.0,5.2,100.0,0.0
2015-11-28,,,,,,,,,,,,,0.0,5.0,100.0,0.0
2015-11-29,,,,,,,,,,,,,0.0,5.8,100.0,0.0
2015-11-30,,,,,,,,,,,,,0.0,6.7,100.0,0.0
2015-12-01,,,,,,,,,,,,,0.0,8.0,100.0,0.0
2015-12-02,,,,,,,,,,,,,0.0,8.7,100.0,0.0
2015-12-03,,,,,,,,,,,,,0.0,10.0,100.0,0.0
2015-12-04,15.5,30.6,66.2,,,,,,,,,,0.0,16.5,100.0,0.0
2015-12-05,57.9,43.9,66.3,,,,,,,,,,0.0,17.6,100.0,0.0
2015-12-06,,,,,,,,,,,,,0.0,19.8,100.0,0.0
2015-12-07,,,,8.1,15.7,100.0,,,,,,,0.0,20.9,100.0,0.0
2015-12-08,,,,,,,,,,,,,0.2,22.3,100.0,0.2
2015-12-09,33.8,38.8,63.8,,,,,,,,,,0.0,20.2,100.0,0.0
2015-12-10,,,,,,,,,,,,,0.0,22.7,100.0,0.0
2015-12-11,,,,,,,,,,,,,0.2,22.1,100.0,0.2
2015-12-12,,,,,,,,,,,,,2.0,23.5,100.0,2.0
2015-12-13,,,,,,,,,,,,,0.5,22.2,100.0,0.5
2015-12-14,,,,,,,,,,,,,8.7,23.7,100.0,8.7
2015-12-15,,,,,,,,,,,,,14.0,24.6,100.0,14.0
2015-12-16,21.9,35.5,66.4,,,,,,,,,,22.6,25.1,100.0,22.6
2015-12-17,15.7,33.1,64.5,11.9,16.2,98.2,,,,,,,16.8,23.5,100.0,16.8
2015-12-18,,,,,,,,,,,,,21.2,23.9,100.0,21.2
2015-12-19,,,,,,,,,,,,,19.0,23.6,100.0,19.0
2015-12-20,,,,,,,0.0,0.8,68.0,,,,21.4,24.2,100.0,21.4
2015-12-21,58.3,45.4,62.7,,,,,,,,,,20.9,24.0,100.0,20.9
2015-12-22,,,,,,,,,,,,,19.5,23.6,100.0,19.5
2015-12-23,,,,,,,,,,,,,15.3,23.2,100.0,15.3
2015-12-24,,,,,,,,,,,,,17.3,24.9,100.0,17.3
2015-12-25,,,,,,,,,,,,,16.1,24.0,100.0,16.1
2015-12-26,,,,,,,,,,,,,19.0,25.5,100.0,19.0
2015-12-27,,,,12.9,29.1,100.0,,,,,,,15.0,24.8,100.0,15.0
2015-12-28,82.1,54.1,64.4,,,,,,,,,,3.9,27.7,100.0,3.9
2015-12-29,85.5,55.5,59.6,,,,,,,,,,0.7,26.5,100.0,0.7
2015-12-30,,,,,,,,,,,,,2.0,28.8,100.0,2.0
2015-12-31,,,,,,,,,,,,,0.4,27.5,100.0,0.4
2016-01-01,,,,,,,,,,,,,1.8,23.9,100.0,1.8
2016-01-02,,,,,,,,,,,,,0.9,23.5,100.0,0.9
2016-01-03,,,,,,,,,,,,,3.6,29.7,100.0,3.6
2016-01-04,,,,,,,,,,,,,1.8,28.9,100.0,1.8
2016-01-05,,,,,,,,,,,,,10.3,40.3,100.0,10.3
2016-01-06,,,,,,,,,,,,,15.3,43.2,100.0,15.3
2016-01-07,,,,,,,,,,,,,49.6,60.7,100.0,49.6
2016-01-08,,,,,,,,,,,,,30.9,56.1,100.0,30.9
2016-01-09,98.5,72.4,85.3,,,,,,,,,,59.1,61.0,100.0,59.1
2016-01-10,99.3,80.7,75.8,,,,,,,,,,62.0,61.4,100.0,62.0
2016-01-11,,,,,,,,,,,,,80.3,65.4,100.0,80.3
2016-01-12,,,,,,,,,,,,,83.3,67.3,100.0,83.3
2016-01-13,,,,,,,,,,,,,93.6,71.1,100.0,93.6
2016-01-14,99.3,80.2,75.7,,,,,,,,,,97.5,73.8,100.0,97.5
2016-01-15,,,,,,,,,,,,,100.0,81.7,100.0,100.0
2016-01-16,,,,,,,,,,,,,100.0,82.4,100.0,100.0
2016-01-17,,,,,,,,,,,,,100.0,86.4,100.0,100.0
2016-01-18,,,,,,,,,,,,,100.0,89.9,100.0,100.0
2016-01-19,,,,,,,,,,,,,100.0,92.9,100.0,100.0
2016-01-20,,,,,,,,,,,,,100.0,94.3,100.0,100.0
2016-01-21,99.5,79.1,70.0,,,,100.0,100.0,100.0,,,,100.0,96.8,100.0,100.0
2016-01-22,96.4,72.5,69.6,,,,,,,,,,100.0,97.1,100.0,100.0
2016-01-23,,,,,,,,,,,,,100.0,97.7,100.0,100.0
2016-01-24,,,,,,,,,,,,,100.0,97.8,100.0,100.0
2016-01-25,,,,,,,,,,,,,100.0,97.8,100.0,100.0
2016-01-26,98.5,75.4,73.4,100.0,98.2,100.0,,,,,,,100.0,98.1,100.0,100.0
2016-01-27,,,,,,,,,,,,,100.0,97.7,100.0,100.0
2016-01-28,,,,,,,,,,,,,100.0,97.8,100.0,100.0
2016-01-29,,,,,,,,,,,,,100.0,97.4,100.0,100.0
2016-01-30,,,,,,,,,,,,,100.0,96.8,100.0,100.0
2016-01-31,,,,,,,,,,,,,100.0,97.1,100.0,100.0
2016-02-01,,,,,,,,,,,,,100.0,97.0,100.0,100.0
2016-02-02,97.1,70.0,81.0,,,,,,,,,,100.0,97.0,100.0,100.0
2016-02-03,95.2,66.8,85.3,,,,,,,,,,100.0,97.4,100.0,100.0
2016-02-04,,,,,,,,,,,,,100.0,97.3,100.0,100.0
2016-02-05,,,,100.0,99.8,100.0,,,,,,,100.0,97.4,100.0,100.0
2016-02-06,,,,,,,100.0,100.0,100.0,,,,100.0,97.3,100.0,100.0
2016-02-07,97.6,74.0,75.3,,,,,,,,,,100.0,96.0,100.0,100.0
2016-02-08,,,,,,,,,,,,,100.0,95.3,100.0,100.0
2016-02-09,,,,,,,,,,,,,100.0,94.8,100.0,100.0
2016-02-10,,,,,,,,,,,,,100.0,93.4,100.0,100.0
2016-02-11,,,,,,,,,,,,,100.0,94.5,100.0,100.0
2016-02-12,,,,,,,,,,,,,100.0,94.8,100.0,100.0
2016-02-13,,,,,,,,,,,,,100.0,94.5,100.0,100.0
2016-02-14,100.0,82.7,78.0,,,,,,,,,,100.0,93.8,100.0,100.0
2016-02-15,99.8,87.3,80.1,,,,,,,,,,100.0,93.6,100.0,100.0
2016-02-16,,,,,,,,,,,,,100.0,94.2,100.0,100.0
2016-02-17,,,,,,,,,,,,,100.0,94.2,100.0,100.0
2016-02-18,,,,,,,,,,,,,100.0,94.5,100.0,100.0
2016-02-19,100.0,90.9,70.7,,,,,,,,,,100.0,95.0,100.0,100.0
2016-02-20,,,,,,,,,,,,,100.0,95.3,100.0,100.0
2016-02-21,,,,,,,,,,,,,100.0,94.5,100.0,100.0
2016-02-22,,,,,,,100.0,100.0,100.0,,,,100.0,95.6,100.0,100.0
2016-02-23,,,,,,,,,,,,,100.0,94.8,100.0,100.0
2016-02-24,,,,,,,,,,,,,100.0,95.2,100.0,100.0
2016-02-25,,,,,,,,,,,,,100.0,94.7,100.0,100.0
2016-02-26,100.0,94.2,79.9,,,,,,,,,,100.0,94.6,100.0,100.0
2016-02-27,99.8,94.1,82.1,,,,,,,,,,100.0,94.1,100.0,100.0
2016-02-28,,,,,,,,,,,,,100.0,93.4,100.0,100.0
2016-02-29,,,,,,,,,,,,,100.0,93.5,100.0,100.0
2016-03-01,,,,,,,,,,,,,100.0,92.4,100.0,100.0
2016-03-02,100.0,97.1,73.0,,,,,,,,,,100.0,91.4,100.0,100.0
2016-03-03,,,,,,,,,,,,,100.0,91.1,100.0,100.0
2016-03-04,,,,,,,,,,,,,100.0,90.2,100.0,100.0
2016-03-05,,,,,,,,,,,,,100.0,91.8,100.0,100.0
2016-03-06,,,,100.0,99.7,78.3,,,,,,,100.0,93.2,100.0,100.0
2016-03-07,,,,,,,,,,,,,100.0,94.6,100.0,100.0
2016-03-08,,,,,,,,,,,,,100.0,94.8,100.0,100.0
2016-03-09,99.8,96.9,74.8,,,,100.0,100.0,100.0,,,,100.0,97.3,100.0,100.0
2016-03-10,99.8,95.4,78.9,,,,,,,,,,100.0,97.0,100.0,100.0
2016-03-11,,,,,,,,,,,,,100.0,97.5,100.0,100.0
2016-03-12,,,,,,,,,,,,,100.0,97.5,100.0,100.0
2016-03-13,,,,,,,,,,,,,100.0,97.7,100.0,100.0
2016-03-14,100.0,97.2,68.2,,,,,,,,,,100.0,97.4,100.0,100.0
2016-03-15,,,,,,,,,,,,,100.0,97.4,100.0,100.0
2016-03-16,,,,,,,,,,,,,100.0,97.5,100.0,100.0
2016-03-17,,,,,,,,,,,,,100.0,97.4,100.0,100.0
2016-03-18,,,,,,,,,,,,,100.0,97.3,100.0,100.0
2016-03-19,,,,,,,,,,,,,100.0,96.8,100.0,100.0
2016-03-20,,,,,,,,,,,,,100.0,97.6,100.0,100.0
2016-03-21,100.0,96.4,70.3,,,,,,,,,,100.0,97.8,100.0,100.0
2016-03-22,100.0,95.4,79.2,,,,,,,,,,100.0,98.1,100.0,100.0
2016-03-23,,,,,,,,,,,,,100.0,97.3,100.0,100.0
2016-03-24,,,,,,,,,,,,,100.0,97.5,100.0,100.0
2016-03-25,,,,,,,,,,,,,100.0,96.3,100.0,100.0
2016-03-26,100.0,94.0,64.7,100.0,99.5,100.0,,,,,,,100.0,97.2,100.0,100.0
2016-03-27,,,,,,,,,,,,,100.0,95.9,100.0,100.0
2016-03-28,,,,,,,,,,,,,100.0,95.9,100.0,100.0
2016-03-29,,,,,,,,,,,,,100.0,94.9,100.0,100.0
2016-03-30,,,,,,,,,,,,,100.0,95.1,100.0,100.0
2016-03-31,,,,,,,,,,,,,100.0,93.5,100.0,100.0
2016-04-01,,,,,,,,,,,,,100.0,93.5,100.0,100.0
2016-04-02,100.0,93.7,85.1,,,,,,,,,,100.0,92.4,100.0,100.0
2016-04-03,100.0,90.2,85.8,,,,,,,,,,100.0,91.5,100.0,100.0
2016-04-04,,,,,,,,,,,,,100.0,88.8,100.0,100.0
2016-04-05,,,,100.0,97.6,86.5,,,,,,,100.0,88.3,100.0,100.0
2016-04-06,,,,,,,,,,,,,100.0,86.9,100.0,100.0
2016-04-07,100.0,90.9,84.9,,,,,,,,,,100.0,87.6,100.0,100.0
2016-04-08,,,,,,,,,,,,,100.0,87.1,100.0,100.0
2016-04-09,,,,,,,,,,,,,100.0,86.2,100.0,100.0
2016-04-10,,,,,,,100.0,99.6,60.4,,,,100.0,88.9,100.0,100.0
2016-04-11,,,,,,,,,,,,,100.0,87.0,100.0,100.0
2016-04-12,,,,,,,,,,,,,100.0,87.8,100.0,100.0
2016-04-13,,,,,,,,,,,,,99.8,83.8,100.0,99.8
2016-04-14,100.0,85.2,85.6,,,,,,,,,,100.0,85.0,100.0,100.0
2016-04-15,99.8,81.9,85.3,,,,,,,,,,99.6,84.0,100.0,99.6
2016-04-16,,,,,,,,,,,,,99.5,83.2,100.0,99.5
2016-04-17,,,,,,,,,,,,,98.6,82.1,100.0,98.6
2016-04-18,,,,,,,,,,,,,98.6,82.2,100.0,98.6
2016-04-19,99.2,74.8,85.1,,,,,,,,,,96.8,82.2,100.0,96.8
2016-04-20,,,,,,,,,,,,,96.3,81.5,100.0,96.3
2016-04-21,,,,,,,,,,,,,91.3,78.1,100.0,91.3
2016-04-22,,,,,,,,,,,,,87.9,75.5,100.0,87.9
2016-04-23,,,,,,,,,,,,,77.6,70.3,100.0,77.6
2016-04-24,,,,,,,,,,,,,81.9,71.9,100.0,81.9
2016-04-25,,,,99.4,93.7,96.8,,,,,,,80.5,72.3,100.0,80.5
2016-04-26,93.2,65.2,85.6,,,,,,,,,,69.8,67.9,100.0,69.8
2016-04-27,90.4,60.7,85.3,,,,,,,,,,60.7,62.9,100.0,60.7
2016-04-28,,,,,,,,,,,,,66.4,65.6,100.0,66.4
2016-04-29,,,,,,,,,,,,,52.0,58.6,100.0,52.0
2016-04-30,,,,,,,,,,,,,40.1,54.4,100.0,40.1
2016-05-01,73.2,53.4,84.7,,,,,,,,,,22.9,46.4,100.0,22.9
2016-05-02,,,,,,,,,,,,,23.8,49.3,100.0,23.8
2016-05-03,,,,,,,,,,,,,16.7,42.6,100.0,16.7
2016-05-04,,,,,,,,,,,,,14.9,38.1,100.0,14.9
2016-05-05,,,,15.0,24.4,100.0,,,,,,,13.3,34.5,100.0,13.3
2016-05-06,,,,,,,,,,,,,12.8,35.0,100.0,12.8
2016-05-07,,,,,,,,,,,,,6.7,27.6,100.0,6.7
2016-05-08,41.4,37.6,84.9,,,,,,,,,,6.6,25.0,100.0,6.6
2016-05-09,29.9,31.5,84.9,,,,,,,,,,3.6,20.2,100.0,3.6
2016-05-10,,,,,,,,,,,,,3.0,18.0,100.0,3.0
2016-05-11,,,,,,,,,,,,,0.4,13.1,100.0,0.4
2016-05-12,,,,,,,,,,,,,0.4,12.8,100.0,0.4
2016-05-13,17.9,23.7,81.5,,,,,,,,,,0.4,12.1,100.0,0.4
2016-05-14,,,,,,,,,,,,,0.4,11.7,100.0,0.4
2016-05-15,,,,0.1,2.4,100.0,,,,,,,0.2,10.1,100.0,0.2
2016-05-16,,,,,,,,,,,,,0.4,10.9,100.0,0.4
2016-05-17,,,,,,,,,,,,,0.4,9.9,100.0,0.4
2016-05-18,,,,,,,,,,,,,0.4,9.1,100.0,0.4
2016-05-19,,,,,,,,,,,,,0.0,6.8,100.0,0.0
2016-05-20,4.5,16.5,83.5,,,,,,,,,,0.0,6.3,100.0,0.0
2016-05-21,0.6,11.1,83.7,,,,,,,,,,0.0,4.9,100.0,0.0
2016-05-22,,,,,,,,,,,,,0.0,4.7,100.0,0.0
2016-05-23,,,,,,,,,,,,,0.0,4.1,100.0,0.0
2016-05-24,,,,,,,,,,,,,0.0,3.9,100.0,0.0
2016-05-25,1.1,8.5,81.3,0.0,0.9,100.0,,,,,,,0.0,3.4,100.0,0.0
2016-05-26,,,,,,,,,,,,,0.0,3.0,100.0,0.0
2016-05-27,,,,,,,,,,,,,0.0,3.0,100.0,0.0
2016-05-28,,,,,,,,,,,,,0.0,2.4,100.0,0.0
2016-05-29,,,,,,,,,,,,,0.0,2.4,100.0,0.0
2016-05-30,,,,,,,,,,,,,0.0,2.6,100.0,0.0
2016-05-31,,,,,,,,,,,,,0.0,3.5,100.0,0.0
2016-06-01,0.0,5.8,83.7,,,,,,,,,,0.0,3.5,100.0,0.0
2016-06-02,0.0,3.8,83.8,,,,,,,,,,0.0,5.4,100.0,0.0
2016-06-03,,,,,,,,,,,,,0.0,6.1,100.0,0.0
2016-06-04,,,,,,,,,,,,,0.0,8.9,100.0,0.0
2016-06-05,,,,,,,,,,,,,0.0,8.1,100.0,0.0
2016-06-06,0.0,2.5,76.7,,,,,,,,,,0.0,9.7,100.0,0.0
2016-06-07,,,,,,,,,,,,,0.0,9.6,100.0,0.0
2016-06-08,,,,,,,,,,,,,0.0,13.2,100.0,0.0
2016-06-09,,,,,,,,,,,,,0.0,13.2,100.0,0.0
2016-06-10,,,,,,,,,,,,,0.0,14.1,100.0,0.0
2016-06-11,,,,,,,,,,,,,0.0,10.9,100.0,0.0
2016-06-12,,,,,,,,,,,,,0.0,11.5,100.0,0.0
2016-06-13,,,,,,,,,,,,,0.0,9.8,100.0,0.0
2016-06-14,0.0,2.2,84.4,,,,,,,,,,0.0,9.5,100.0,0.0
2016-06-15,,,,,,,,,,,,,0.0,8.2,100.0,0.0
2016-06-16,,,,,,,,,,,,,0.0,7.9,100.0,0.0
2016-06-17,,,,,,,,,,,,,0.0,8.5,100.0,0.0
2016-06-18,,,,,,,,,,,,,0.0,7.7,100.0,0.0
2016-06-19,,,,,,,,,,,,,0.0,6.5,100.0,0.0
2016-06-20,,,,,,,,,,,,,0.0,5.3,100.0,0.0
2016-06-21,,,,,,,,,,,,,0.0,4.9,100.0,0.0
2016-06-22,,,,,,,,,,,,,0.0,4.5,100.0,0.0
2016-06-23,,,,,,,,,,,,,0.0,3.8,100.0,0.0
2016-06-24,,,,0.0,0.1,100.0,,,,,,,0.0,3.2,100.0,0.0
2016-06-25,,,,,,,,,,,,,0.0,3.7,100.0,0.0
2016-06-26,,,,,,,,,,,,,0.0,3.9,100.0,0.0
2016-06-27,,,,,,,,,,,,,0.0,3.5,100.0,0.0
2016-06-28,,,,,,,,,,,,,0.0,3.0,100.0,0.0
2016-06-29,,,,,,,,,,,,,0.0,3.1,100.0,0.0
2016-06-30,0.0,1.7,83.8,,,,,,,,,,0.0,2.9,100.0,0.0
2016-07-01,,,,,,,,,,,,,0.0,2.9,100.0,0.0
2016-07-02,,,,,,,,,,,,,0.0,3.4,100.0,0.0
2016-07-03,,,,,,,,,,,,,0.0,4.1,100.0,0.0
2016-07-04,,,,,,,,,,,,,0.0,4.9,100.0,0.0
2016-07-05,,,,,,,,,,,,,0.0,5.7,100.0,0.0
2016-07-06,,,,,,,,,,,,,0.0,6.6,100.0,0.0
2016-07-07,0.0,1.9,85.4,,,,,,,,,,0.0,6.8,100.0,0.0
2016-07-08,0.0,1.7,85.1,,,,,,,,,,0.0,6.9,100.0,0.0
2016-07-09,,,,,,,,,,,,,0.0,6.5,100.0,0.0
2016-07-10,,,,,,,,,,,,,0.0,6.1,100.0,0.0
2016-07-11,,,,,,,,,,,,,0.0,5.7,100.0,0.0
2016-07-12,,,,,,,,,,,,,0.0,6.0,100.0,0.0
2016-07-13,,,,,,,,,,,,,0.0,7.0,100.0,0.0
2016-07-14,,,,,,,,,,,,,0.0,8.0,100.0,0.0
2016-07-15,,,,,,,,,,,,,0.0,8.0,100.0,0.0
2016-07-16,,,,,,,,,,,,,0.0,6.9,100.0,0.0
2016-07-17,,,,,,,,,,,,,0.0,6.5,100.0,0.0
2016-07-18,,,,,,,,,,,,,0.0,4.0,100.0,0.0
2016-07-19,0.0,1.8,85.8,,,,,,,,,,0.0,2.6,100.0,0.0
2016-07-20,0.0,1.8,84.9,,,,,,,,,,0.0,1.8,100.0,0.0
2016-07-21,,,,,,,,,,,,,0.0,1.9,100.0,0.0
2016-07-22,,,,,,,,,,,,,0.0,1.8,100.0,0.0
2016-07-23,,,,,,,,,,,,,0.0,1.5,100.0,0.0
2016-07-24,0.2,1.4,84.5,0.0,0.0,100.0,,,,,,,0.0,1.1,100.0,0.0
2016-07-25,,,,,,,,,,,,,0.0,1.3,100.0,0.0
2016-07-26,,,,,,,,,,,,,0.0,1.2,100.0,0.0
2016-07-27,,,,,,,,,,,,,0.0,1.2,100.0,0.0
2016-07-28,,,,,,,,,,,,,0.0,1.2,100.0,0.0
2016-07-29,,,,,,,,,,,,,0.0,1.4,100.0,0.0
2016-07-30,,,,,,,,,,,,,0.0,1.3,100.0,0.0
2016-07-31,0.0,1.3,84.5,,,,,,,,,,0.0,1.5,100.0,0.0
2016-08-01,0.2,1.7,86.5,,,,,,,,,,0.0,1.3,100.0,0.0
2016-08-02,,,,,,,,,,,,,0.0,1.3,100.0,0.0
2016-08-03,,,,0.0,0.0,99.1,,,,,,,0.0,1.0,100.0,0.0
2016-08-04,,,,,,,,,,,,,0.0,1.2,100.0,0.0
2016-08-05,0.0,1.2,84.2,,,,,,,,,,0.0,1.1,100.0,0.0
2016-08-06,,,,,,,,,,,,,0.0,1.5,100.0,0.0
2016-08-07,,,,,,,,,,,,,0.0,1.2,100.0,0.0
2016-08-08,,,,,,,,,,,,,0.0,1.0,100.0,0.0
2016-08-09,,,,,,,,,,,,,0.0,0.9,100.0,0.0
2016-08-10,,,,,,,,,,,,,0.0,1.0,100.0,0.0
2016-08-11,,,,,,,,,,,,,0.0,1.0,100.0,0.0
2016-08-12,0.0,1.3,85.4,,,,,,,,,,0.0,0.8,100.0,0.0
2016-08-13,0.2,1.8,86.0,0.0,0.0,100.0,,,,,,,0.0,0.5,100.0,0.0
2016-08-14,,,,,,,,,,,,,0.0,0.6,100.0,0.0
2016-08-15,,,,,,,,,,,,,0.0,0.5,100.0,0.0
2016-08-16,,,,,,,0.0,0.4,99.1,,,,0.0,0.5,100.0,0.0
2016-08-17,0.2,1.6,84.0,,,,,,,,,,0.0,0.4,100.0,0.0
2016-08-18,,,,,,,,,,,,,0.0,0.5,100.0,0.0
2016-08-19,,,,,,,,,,,,,0.0,0.5,100.0,0.0
2016-08-20,,,,,,,,,,,,,0.0,0.7,100.0,0.0
2016-08-21,,,,,,,,,,,,,0.0,0.7,100.0,0.0
2016-08-22,,,,,,,,,,,,,0.0,0.8,100.0,0.0
2016-08-23,,,,0.0,0.0,100.0,,,,,,,0.0,0.6,100.0,0.0
2016-08-24,0.8,2.0,85.6,,,,,,,,,,0.0,0.7,100.0,0.0
2016-08-25,0.7,4.2,98.9,,,,,,,,,,0.0,0.6,100.0,0.0
2016-08-26,,,,,,,,,,,,,0.0,0.6,100.0,0.0
2016-08-27,,,,,,,,,,,,,0.0,0.5,100.0,0.0
2016-08-28,,,,,,,,,,,,,0.0,0.5,100.0,0.0
2016-08-29,0.7,3.6,98.2,,,,,,,,,,0.0,0.5,100.0,0.0
2016-08-30,,,,,,,,,,,,,0.0,0.6,100.0,0.0
2016-08-31,,,,,,,,,,,,,0.0,0.6,100.0,0.0
2016-09-01,,,,,,,,,,,,,0.0,0.7,100.0,0.0
2016-09-02,,,,0.0,0.0,100.0,,,,,,,0.0,0.8,100.0,0.0
2016-09-03,,,,,,,,,,,,,0.0,0.8,100.0,0.0
2016-09-04,,,,,,,,,,,,,0.0,0.9,100.0,0.0
2016-09-05,0.5,3.1,97.3,,,,,,,,,,0.0,0.8,100.0,0.0
2016-09-06,1.1,4.0,97.3,,,,,,,,,,0.0,0.9,100.0,0.0
2016-09-07,,,,,,,,,,,,,0.0,1.0,100.0,0.0
2016-09-08,,,,,,,,,,,,,0.0,0.9,100.0,0.0
2016-09-09,,,,,,,,,,,,,0.0,1.0,100.0,0.0
2016-09-10,1.9,6.5,92.0,,,,,,,,,,0.0,1.4,100.0,0.0
2016-09-11,,,,,,,,,,,,,0.0,1.6,100.0,0.0
2016-09-12,,,,,,,,,,,,,0.0,1.6,100.0,0.0
2016-09-13,,,,,,,,,,,,,0.0,1.5,100.0,0.0
2016-09-14,,,,,,,,,,,,,0.0,1.7,100.0,0.0
2016-09-15,,,,,,,,,,,,,0.0,1.8,100.0,0.0
2016-09-16,,,,,,,,,,,,,0.0,1.7,100.0,0.0
2016-09-17,1.8,5.3,90.4,,,,,,,,,,0.0,1.5,100.0,0.0
2016-09-18,1.0,4.3,87.6,,,,,,,,,,0.0,1.5,100.0,0.0
2016-09-19,,,,,,,,,,,,,0.0,1.1,100.0,0.0
2016-09-20,,,,,,,,,,,,,0.0,1.2,100.0,0.0
2016-09-21,,,,,,,,,,,,,0.0,1.0,100.0,0.0
2016-09-22,1.9,5.2,83.1,0.0,0.0,100.0,,,,,,,0.0,1.0,100.0,0.0
2016-09-23,,,,,,,,,,,,,0.0,0.9,100.0,0.0
2016-09-24,,,,,,,,,,,,,0.0,0.9,100.0,0.0
2016-09-25,,,,,,,,,,,,,0.0,0.7,100.0,0.0
2016-09-26,,,,,,,,,,,,,0.0,0.7,100.0,0.0
2016-09-27,,,,,,,,,,,,,0.0,0.5,100.0,0.0
2016-09-28,2.8,5.0,83.7,,,,,,,,,,0.0,0.5,100.0,0.0
2016-09-29,1.6,3.1,79.6,,,,,,,,,,0.0,0.4,100.0,0.0
2016-09-30,1.1,2.2,67.3,,,,,,,,,,0.0,0.4,100.0,0.0
2016-10-01,,,,,,,,,,,,,0.0,0.6,100.0,0.0
2016-10-02,,,,,,,,,,,,,0.0,0.7,100.0,0.0
2016-10-03,,,,,,,0.0,0.0,100.0,,,,0.0,0.8,100.0,0.0
2016-10-04,0.8,2.1,70.0,,,,,,,,,,0.0,0.8,100.0,0.0
2016-10-05,,,,,,,,,,,,,0.0,1.1,100.0,0.0
2016-10-06,1.1,2.7,81.5,,,,,,,,,,0.0,1.1,100.0,0.0
2016-10-07,,,,,,,,,,,,,0.0,1.5,100.0,0.0
2016-10-08,,,,,,,,,,,,,0.0,1.4,100.0,0.0
2016-10-09,,,,,,,,,,,,,0.0,2.0,100.0,0.0
2016-10-10,,,,,,,,,,,,,0.0,2.5,100.0,0.0
2016-10-11,0.3,1.9,68.7,,,,,,,,,,0.0,3.3,100.0,0.0
2016-10-12,0.2,2.4,99.3,0.0,0.0,100.0,,,,,,,0.0,2.9,100.0,0.0
2016-10-13,,,,,,,,,,,,,0.0,3.1,100.0,0.0
2016-10-14,,,,,,,,,,,,,0.0,3.1,100.0,0.0
2016-10-15,,,,,,,,,,,,,0.0,3.3,100.0,0.0
2016-10-16,0.0,2.8,95.7,,,,,,,,,,0.0,3.0,100.0,0.0
2016-10-17,,,,,,,,,,,,,0.0,2.9,100.0,0.0
2016-10-18,0.2,2.9,99.3,,,,,,,,,,0.0,3.0,100.0,0.0
2016-10-19,,,,,,,,,,,,,0.0,4.7,100.0,0.0
2016-10-20,,,,,,,,,,,,,0.0,5.0,100.0,0.0
2016-10-21,,,,,,,,,,,,,0.0,3.3,100.0,0.0
2016-10-22,,,,0.0,0.1,99.8,,,,,,,0.0,3.0,100.0,0.0
2016-10-23,0.0,2.7,98.2,,,,,,,,,,0.0,3.1,100.0,0.0
2016-10-24,0.0,3.4,98.6,,,,,,,,,,0.0,2.8,100.0,0.0
2016-10-25,,,,,,,,,,,,,0.0,2.3,100.0,0.0
2016-10-26,,,,,,,,,,,,,0.0,2.1,100.0,0.0
2016-10-27,,,,,,,,,,,,,0.0,2.1,100.0,0.0
2016-10-28,0.0,3.9,96.8,,,,,,,,,,0.0,1.8,100.0,0.0
2016-10-29,,,,,,,,,,,,,0.0,1.6,100.0,0.0
2016-10-30,0.0,3.6,96.3,,,,,,,,,,0.0,1.5,100.0,0.0
2016-10-31,,,,,,,,,,,,,0.0,1.4,100.0,0.0
2016-11-01,,,,0.0,0.0,100.0,,,,,,,0.0,0.9,100.0,0.0
2016-11-02,,,,,,,,,,,,,0.0,0.9,100.0,0.0
2016-11-03,,,,,,,,,,,,,0.0,0.9,100.0,0.0
2016-11-04,0.0,3.8,97.3,,,,0.0,0.0,100.0,,,,0.0,1.0,100.0,0.0
2016-11-05,0.0,5.0,98.0,,,,,,,,,,0.0,0.8,100.0,0.0
2016-11-06,,,,,,,,,,,,,0.0,0.9,100.0,0.0
2016-11-07,,,,,,,,,,,,,0.0,0.9,100.0,0.0
2016-11-08,,,,,,,,,,,,,0.0,1.2,100.0,0.0
2016-11-09,0.0,4.9,94.7,,,,,,,,,,0.0,1.3,100.0,0.0
2016-11-10,,,,,,,,,,,,,0.0,1.8,100.0,0.0
2016-11-11,0.0,3.3,98.2,,,,,,,,,,0.0,2.2,100.0,0.0
2016-11-12,,,,,,,,,,,,,0.0,3.7,100.0,0.0
2016-11-13,,,,,,,,,,,,,0.0,3.5,100.0,0.0
2016-11-14,,,,,,,,,,,,,0.0,4.3,100.0,0.0
2016-11-15,,,,,,,,,,,,,0.0,4.7,100.0,0.0
2016-11-16,0.0,2.2,95.7,,,,,,,,,,0.0,5.9,100.0,0.0
2016-11-17,0.0,2.5,98.8,,,,,,,,,,0.0,5.4,100.0,0.0
2016-11-18,,,,,,,,,,,,,0.0,6.0,100.0,0.0
2016-11-19,,,,,,,,,,,,,0.0,7.1,100.0,0.0
2016-11-20,,,,,,,,,,,,,0.0,10.1,100.0,0.0
2016-11-21,0.0,2.3,96.3,,,,,,,,,,0.0,9.4,100.0,0.0
2016-11-22,,,,,,,,,,,,,0.0,8.0,100.0,0.0
2016-11-23,0.0,2.4,98.8,,,,,,,,,,0.0,7.4,100.0,0.0
2016-11-24,,,,,,,,,,,,,0.0,7.7,100.0,0.0
2016-11-25,,,,,,,,,,,,,0.0,6.4,100.0,0.0
2016-11-26,,,,,,,,,,,,,0.0,6.2,100.0,0.0
2016-11-27,,,,,,,,,,,,,0.0,5.6,100.0,0.0
2016-11-28,0.0,2.0,98.2,,,,,,,,,,0.0,6.2,100.0,0.0
2016-11-29,0.0,2.2,98.4,,,,,,,,,,0.0,6.1,100.0,0.0
2016-11-30,,,,,,,,,,,,,0.0,6.3,100.0,0.0
2016-12-01,,,,0.0,0.1,100.0,,,,,,,0.0,5.8,100.0,0.0
2016-12-02,,,,,,,,,,,,,0.0,6.1,100.0,0.0
2016-12-03,0.0,2.2,96.8,,,,,,,,,,0.0,4.6,100.0,0.0
2016-12-04,,,,,,,,,,,,,0.0,5.4,100.0,0.0
2016-12-05,0.0,1.8,97.3,,,,,,,,,,0.0,5.4,100.0,0.0
2016-12-06,,,,,,,0.0,0.3,85.4,,,,0.0,6.6,100.0,0.0
2016-12-07,,,,,,,,,,,,,0.0,5.6,100.0,0.0
2016-12-08,,,,,,,,,,,,,0.0,6.4,100.0,0.0
2016-12-09,,,,,,,,,,,,,0.0,6.3,100.0,0.0
2016-12-10,0.0,2.1,97.3,,,,,,,,,,0.0,8.1,100.0,0.0
2016-12-11,0.2,1.7,97.5,0.0,0.1,100.0,,,,,,,0.0,6.7,100.0,0.0
2016-12-12,,,,,,,,,,,,,0.0,8.2,100.0,0.0
2016-12-13,,,,,,,,,,,,,0.0,8.0,100.0,0.0
2016-12-14,,,,,,,,,,,,,0.0,10.0,100.0,0.0
2016-12-15,0.0,2.0,96.8,,,,,,,,,,0.0,8.8,100.0,0.0
2016-12-16,,,,,,,,,,,,,0.0,8.7,100.0,0.0
2016-12-17,0.2,1.6,96.4,,,,,,,,,,0.0,7.5,100.0,0.0
2016-12-18,,,,,,,,,,,,,0.0,8.3,100.0,0.0
2016-12-19,,,,,,,,,,,,,0.0,7.0,100.0,0.0
2016-12-20,,,,,,,,,,,,,0.0,7.9,100.0,0.0
2016-12-21,,,,0.0,3.7,100.0,,,,,,,0.0,7.0,100.0,0.0
2016-12-22,0.0,2.8,98.6,,,,0.0,0.5,100.0,,,,0.0,8.5,100.0,0.0
2016-12-23,1.3,4.7,97.7,,,,,,,,,,0.0,7.2,100.0,0.0
2016-12-24,,,,,,,,,,,,,0.0,8.6,100.0,0.0
2016-12-25,,,,,,,,,,,,,0.0,8.2,100.0,0.0
2016-12-26,,,,,,,,,,,,,0.0,11.2,100.0,0.0
2016-12-27,0.5,7.5,97.2,,,,,,,,,,0.0,10.0,100.0,0.0
2016-12-28,,,,,,,,,,,,,0.0,11.9,100.0,0.0
2016-12-29,4.0,17.7,96.6,,,,,,,,,,0.0,13.4,100.0,0.0
2016-12-30,,,,,,,,,,,,,0.0,18.3,100.0,0.0
2016-12-31,,,,8.4,26.5,99.8,,,,,,,0.0,17.9,100.0,0.0
2017-01-01,,,,,,,,,,,,,0.0,16.5,100.0,0.0
2017-01-02,,,,,,,,,,,,,0.0,17.9,100.0,0.0
2017-01-03,5.3,22.0,93.7,,,,,,,,,,0.0,19.1,100.0,0.0
2017-01-04,32.6,37.1,96.5,,,,,,,,,,0.0,18.8,100.0,0.0
2017-01-05,,,,,,,,,,,,,0.0,16.1,100.0,0.0
2017-01-06,,,,,,,,,,,,,0.0,17.4,100.0,0.0
2017-01-07,,,,,,,0.2,9.1,100.0,,,,0.2,19.8,100.0,0.2
2017-01-08,30.3,38.2,91.1,,,,,,,,,,0.7,20.1,100.0,0.7
2017-01-09,,,,,,,,,,,,,0.2,22.2,100.0,0.2
2017-01-10,81.5,57.9,95.0,,,,,,,,,,1.3,24.8,100.0,1.3
2017-01-11,,,,,,,,,,,,,0.2,27.1,100.0,0.2
2017-01-12,,,,,,,,,,,,,0.2,27.5,100.0,0.2
2017-01-13,,,,,,,,,,,,,0.2,32.5,100.0,0.2
2017-01-14,,,,,,,,,,,,,0.4,38.0,100.0,0.4
2017-01-15,77.4,51.7,94.1,,,,,,,,,,0.6,49.4,100.0,0.6
2017-01-16,99.8,69.0,97.0,,,,,,,,,,7.4,55.1,100.0,7.4
2017-01-17,,,,,,,,,,,,,97.8,66.3,100.0,97.8
2017-01-18,,,,,,,,,,,,,99.8,70.7,100.0,99.8
2017-01-19,,,,,,,,,,,,,100.0,76.6,100.0,100.0
2017-01-20,99.8,64.3,85.2,,,,,,,,,,100.0,80.5,100.0,100.0
2017-01-21,,,,,,,,,,,,,100.0,83.4,100.0,100.0
2017-01-22,100.0,77.9,94.6,,,,,,,,,,100.0,87.0,100.0,100.0
2017-01-23,,,,,,,100.0,99.9,100.0,,,,100.0,91.8,100.0,100.0
2017-01-24,,,,,,,,,,,,,100.0,92.1,100.0,100.0
2017-01-25,,,,,,,,,,,,,100.0,93.5,100.0,100.0
2017-01-26,,,,,,,,,,,,,100.0,95.8,100.0,100.0
2017-01-27,99.8,68.8,80.6,,,,,,,,,,100.0,96.3,100.0,100.0
2017-01-28,99.8,83.6,93.7,,,,,,,,,,100.0,96.6,100.0,100.0
2017-01-29,,,,,,,,,,,,,100.0,96.5,100.0,100.0
2017-01-30,,,,,,,,,,,,,100.0,97.0,100.0,100.0
2017-01-31,,,,,,,,,,,,,100.0,96.8,100.0,100.0
2017-02-01,100.0,82.7,94.8,,,,,,,,,,100.0,97.2,100.0,100.0
2017-02-02,,,,,,,,,,,,,100.0,96.5,100.0,100.0
2017-02-03,100.0,91.1,94.4,,,,,,,,,,100.0,97.5,100.0,100.0
2017-02-04,,,,,,,,,,,,,99.8,97.2,100.0,99.8
2017-02-05,,,,,,,,,,,,,100.0,97.7,100.0,100.0
2017-02-06,,,,,,,,,,,,,99.8,97.2,100.0,99.8
2017-02-07,,,,,,,,,,,,,100.0,97.6,100.0,100.0
2017-02-08,100.0,87.1,82.8,,,,,,,,,,99.8,97.4,100.0,99.8
2017-02-09,100.0,95.3,93.1,100.0,99.8,95.7,,,,,,,100.0,98.1,100.0,100.0
2017-02-10,,,,,,,,,,,,,100.0,97.5,100.0,100.0
2017-02-11,,,,,,,,,,,,,100.0,97.6,100.0,100.0
2017-02-12,,,,,,,,,,,,,100.0,97.6,100.0,100.0
2017-02-13,100.0,94.8,75.0,,,,,,,,,,100.0,97.8,100.0,100.0
2017-02-14,,,,,,,,,,,,,100.0,97.6,100.0,100.0
2017-02-15,100.0,96.8,90.6,,,,,,,,,,100.0,97.9,100.0,100.0
2017-02-16,,,,,,,,,,,,,100.0,97.7,100.0,100.0
2017-02-17,,,,,,,,,,,,,100.0,97.9,100.0,100.0
2017-02-18,,,,,,,,,,,,,100.0,97.8,100.0,100.0
2017-02-19,,,,100.0,99.3,100.0,,,,,,,100.0,98.3,100.0,100.0
2017-02-20,100.0,96.3,77.0,,,,,,,,,,100.0,98.1,100.0,100.0
2017-02-21,100.0,96.9,96.1,,,,,,,,,,100.0,98.3,100.0,100.0
2017-02-22,,,,,,,,,,,,,100.0,97.9,100.0,100.0
2017-02-23,,,,,,,,,,,,,100.0,98.1,100.0,100.0
2017-02-24,,,,,,,,,,,,,100.0,97.7,100.0,100.0
2017-02-25,100.0,95.9,76.7,,,,,,,,,,100.0,98.2,100.0,100.0
2017-02-26,,,,,,,,,,,,,100.0,98.3,100.0,100.0
2017-02-27,100.0,97.0,91.3,,,,,,,,,,100.0,98.1,100.0,100.0
2017-02-28,,,,,,,,,,,,,100.0,97.2,100.0,100.0
2017-03-01,,,,,,,,,,,,,100.0,97.4,100.0,100.0
2017-03-02,,,,,,,,,,,,,100.0,96.9,100.0,100.0
2017-03-03,,,,,,,,,,,,,100.0,96.7,100.0,100.0
2017-03-04,100.0,96.0,75.9,,,,,,,,,,100.0,96.5,100.0,100.0
2017-03-05,100.0,95.5,90.7,,,,,,,,,,100.0,97.2,100.0,100.0
2017-03-06,,,,,,,,,,,,,100.0,97.5,100.0,100.0
2017-03-07,,,,,,,,,,,,,100.0,97.7,100.0,100.0
2017-03-08,,,,,,,,,,,,,100.0,97.9,100.0,100.0
2017-03-09,99.8,92.9,94.4,,,,,,,,,,100.0,98.7,100.0,100.0
2017-03-10,100.0,92.1,97.0,,,,,,,,,,100.0,98.9,100.0,100.0
2017-03-11,100.0,90.5,96.7,100.0,99.8,100.0,,,,,,,100.0,99.1,100.0,100.0
2017-03-12,,,,,,,100.0,100.0,100.0,,,,100.0,99.1,100.0,100.0
2017-03-13,,,,,,,,,,,,,100.0,98.9,100.0,100.0
2017-03-14,,,,,,,,,,,,,100.0,98.7,100.0,100.0
2017-03-15,100.0,93.6,92.2,,,,,,,,,,100.0,98.8,100.0,100.0
2017-03-16,100.0,91.5,94.4,,,,,,,,,,100.0,98.2,100.0,100.0
2017-03-17,100.0,89.5,97.6,,,,,,,,,,100.0,98.0,100.0,100.0
2017-03-18,,,,,,,,,,,,,100.0,97.3,100.0,100.0
2017-03-19,,,,,,,,,,,,,100.0,96.8,100.0,100.0
2017-03-20,,,,,,,,,,,,,99.8,95.5,100.0,99.8
2017-03-21,100.0,88.0,93.7,,,,,,,,,,100.0,95.6,100.0,100.0
2017-03-22,,,,,,,,,,,,,99.8,94.8,100.0,99.8
2017-03-23,100.0,90.3,97.4,,,,,,,,,,100.0,95.6,100.0,100.0
2017-03-24,,,,,,,,,,,,,100.0,95.1,100.0,100.0
2017-03-25,,,,,,,,,,,,,100.0,96.3,100.0,100.0
2017-03-26,,,,,,,,,,,,,100.0,96.6,100.0,100.0
2017-03-27,100.0,91.4,95.0,,,,,,,,,,100.0,96.9,100.0,100.0
2017-03-28,99.8,93.1,95.9,,,,100.0,99.7,86.5,,,,100.0,97.0,100.0,100.0
2017-03-29,99.8,92.0,96.5,,,,,,,,,,100.0,96.7,100.0,100.0
2017-03-30,,,,,,,,,,,,,100.0,96.7,100.0,100.0
2017-03-31,,,,100.0,98.3,100.0,,,,,,,100.0,96.7,100.0,100.0
2017-04-01,,,,,,,,,,,,,100.0,96.3,100.0,100.0
2017-04-02,100.0,93.9,92.2,,,,,,,,,,100.0,95.8,100.0,100.0
2017-04-03,99.8,92.2,95.0,,,,,,,,,,100.0,96.4,100.0,100.0
2017-04-04,97.9,91.6,96.1,,,,,,,,,,100.0,96.2,100.0,100.0
2017-04-05,,,,,,,,,,,,,100.0,95.9,100.0,100.0
2017-04-06,,,,,,,,,,,,,100.0,95.5,100.0,100.0
2017-04-07,,,,,,,,,,,,,100.0,95.1,100.0,100.0
2017-04-08,100.0,94.3,88.9,,,,,,,,,,100.0,95.2,100.0,100.0
2017-04-09,100.0,92.6,90.4,,,,,,,,,,99.8,94.4,100.0,99.8
2017-04-10,100.0,91.0,89.8,99.8,95.8,100.0,,,,,,,99.8,94.5,100.0,99.8
2017-04-11,,,,,,,,,,,,,98.9,91.9,100.0,98.9
2017-04-12,,,,,,,,,,,,,98.3,91.1,100.0,98.3
2017-04-13,,,,,,,73.4,58.2,77.2,,,,97.8,88.4,100.0,97.8
2017-04-14,100.0,89.4,82.8,,,,,,,,,,96.3,86.0,100.0,96.3
2017-04-15,99.4,84.9,87.4,,,,,,,,,,91.1,81.2,100.0,91.1
2017-04-16,98.7,80.5,85.2,,,,,,,,,,85.6,76.5,100.0,85.6
2017-04-17,,,,,,,,,,,,,81.3,73.4,100.0,81.3
2017-04-18,,,,,,,,,,,,,71.5,68.0,100.0,71.5
2017-04-19,,,,,,,,,,,,,66.5,64.2,100.0,66.5
2017-04-20,96.4,77.5,82.6,68.0,63.6,100.0,,,,,,,62.8,61.6,100.0,62.8
2017-04-21,80.4,62.5,82.4,,,,,,,,,,50.7,55.2,100.0,50.7
2017-04-22,64.8,53.4,84.8,,,,,,,,,,38.1,49.7,100.0,38.1
2017-04-23,,,,,,,,,,,,,32.8,39.9,100.0,32.8
2017-04-24,,,,,,,,,,,,,31.7,35.6,100.0,31.7
2017-04-25,,,,,,,,,,,,,27.8,31.2,100.0,27.8
2017-04-26,45.1,41.5,83.0,,,,,,,,,,25.2,28.5,100.0,25.2
2017-04-27,41.3,38.7,91.1,,,,,,,,,,23.1,26.3,100.0,23.1
2017-04-28,42.4,39.8,90.4,,,,,,,,,,23.7,26.8,100.0,23.7
2017-04-29,,,,,,,16.2,18.8,99.4,,,,21.7,24.9,100.0,21.7
2017-04-30,,,,32.4,33.0,100.0,,,,,,,22.4,25.5,100.0,22.4
2017-05-01,,,,,,,,,,,,,20.2,24.5,100.0,20.2
2017-05-02,37.8,37.0,86.7,,,,,,,,,,19.3,23.9,100.0,19.3
2017-05-03,29.2,30.0,88.1,,,,,,,,,,17.4,23.7,100.0,17.4
2017-05-04,29.4,30.1,90.6,,,,,,,,,,16.7,23.3,100.0,16.7
2017-05-05,,,,17.8,17.7,90.6,,,,,,,15.4,21.9,100.0,15.4
2017-05-06,,,,,,,,,,,,,14.3,20.6,100.0,14.3
2017-05-07,,,,,,,,,,,,,13.1,21.2,100.0,13.1
2017-05-08,25.7,26.9,87.2,,,,,,,,,,14.1,22.1,100.0,14.1
2017-05-09,21.8,23.9,86.7,,,,,,,,,,11.9,19.8,100.0,11.9
2017-05-10,12.4,19.7,88.0,2.2,4.4,100.0,,,,,,,11.3,18.6,100.0,11.3
2017-05-11,,,,,,,,,,,,,9.8,17.9,100.0,9.8
2017-05-12,,,,,,,,,,,,,10.4,18.0,100.0,10.4
2017-05-13,,,,,,,,,,,,,8.7,15.4,100.0,8.7
2017-05-14,15.0,19.2,83.9,,,,,,,,,,7.6,14.1,100.0,7.6
2017-05-15,9.7,15.1,87.6,,,,,,,,,,5.9,14.5,100.0,5.9
2017-05-16,6.6,13.0,87.4,,,,,,,,,,5.9,14.4,100.0,5.9
2017-05-17,,,,,,,,,,,,,3.5,12.8,100.0,3.5
2017-05-18,,,,,,,,,,,,,3.3,13.5,100.0,3.3
2017-05-19,,,,,,,,,,,,,2.2,14.3,100.0,2.2
2017-05-20,6.1,11.4,81.5,,,,,,,,,,2.8,14.8,100.0,2.8
2017-05-21,1.7,8.7,87.0,,,,,,,,,,1.5,13.6,100.0,1.5
2017-05-22,0.4,7.9,86.7,,,,,,,,,,0.4,12.6,100.0,0.4
2017-05-23,,,,,,,,,,,,,0.0,13.8,100.0,0.0
2017-05-24,,,,,,,,,,,,,0.0,13.6,100.0,0.0
2017-05-25,,,,,,,,,,,,,0.0,11.3,100.0,0.0
2017-05-26,0.7,6.9,78.3,,,,,,,,,,0.0,9.8,100.0,0.0
2017-05-27,0.2,6.7,83.7,,,,,,,,,,0.0,8.2,100.0,0.0
2017-05-28,0.2,7.2,88.9,,,,,,,,,,0.0,7.2,100.0,0.0
2017-05-29,,,,,,,,,,,,,0.0,7.4,100.0,0.0
2017-05-30,,,,,,,,,,,,,0.0,7.1,100.0,0.0
2017-05-31,,,,,,,,,,,,,0.0,7.3,100.0,0.0
2017-06-01,0.0,5.5,83.1,,,,,,,,,,0.0,8.1,100.0,0.0
2017-06-02,0.0,5.8,86.5,,,,,,,,,,0.0,6.4,100.0,0.0
2017-06-03,0.0,7.1,89.8,,,,,,,,,,0.0,6.2,100.0,0.0
2017-06-04,,,,,,,,,,,,,0.0,5.9,100.0,0.0
2017-06-05,,,,,,,,,,,,,0.0,4.0,100.0,0.0
2017-06-06,,,,,,,,,,,,,0.0,3.6,100.0,0.0
2017-06-07,0.0,5.7,86.5,,,,,,,,,,0.0,3.8,100.0,0.0
2017-06-08,0.0,4.1,87.6,,,,,,,,,,0.0,3.8,100.0,0.0
2017-06-09,0.0,5.0,90.0,,,,,,,,,,0.0,3.2,100.0,0.0
2017-06-10,,,,,,,,,,,,,0.0,2.1,100.0,0.0
2017-06-11,,,,,,,,,,,,,0.0,1.5,100.0,0.0
2017-06-12,,,,,,,,,,,,,0.0,1.5,100.0,0.0
2017-06-13,0.0,3.8,85.4,,,,,,,,,,0.0,0.8,100.0,0.0
2017-06-14,0.0,4.1,89.6,,,,,,,,,,0.0,0.6,100.0,0.0
2017-06-15,0.0,3.8,90.9,,,,,,,,,,0.0,0.5,100.0,0.0
2017-06-16,,,,,,,0.0,0.0,97.0,,,,0.0,0.7,100.0,0.0
2017-06-17,,,,,,,,,,,,,0.0,0.6,100.0,0.0
2017-06-18,,,,,,,,,,,,,0.0,0.6,100.0,0.0
2017-06-19,0.0,4.8,87.4,0.0,0.0,100.0,,,,,,,0.0,0.5,100.0,0.0
2017-06-20,0.0,3.8,89.3,,,,,,,,,,0.0,0.8,100.0,0.0
2017-06-21,,,,,,,,,,,,,0.0,0.7,100.0,0.0
2017-06-22,,,,,,,,,,,,,0.0,0.7,100.0,0.0
2017-06-23,,,,,,,,,,,,,0.0,0.7,100.0,0.0
2017-06-24,,,,,,,,,,,,,0.0,1.3,100.0,0.0
2017-06-25,,,,,,,,,,,,,0.0,1.5,100.0,0.0
2017-06-26,0.0,3.9,90.9,,,,,,,,,,0.0,1.5,100.0,0.0
2017-06-27,0.0,4.0,90.6,,,,,,,,,,0.0,2.0,100.0,0.0
2017-06-28,,,,,,,,,,,,,0.0,2.1,100.0,0.0
2017-06-29,,,,,,,,,,,,,0.0,2.2,100.0,0.0
2017-06-30,,,,,,,,,,,,,0.0,1.9,100.0,0.0
2017-07-01,0.0,5.0,89.6,,,,,,,,,,0.0,1.9,100.0,0.0
2017-07-02,0.4,4.1,91.5,,,,,,,,,,0.0,2.5,100.0,0.0
2017-07-03,0.0,3.1,91.1,,,,,,,,,,0.0,2.2,100.0,0.0
2017-07-04,,,,0.0,0.0,100.0,,,,,,,0.0,1.8,100.0,0.0
2017-07-05,,,,,,,,,,,,,0.0,1.8,100.0,0.0
2017-07-06,,,,,,,,,,,,,0.0,1.8,100.0,0.0
2017-07-07,,,,,,,,,,,,,0.0,1.6,100.0,0.0
2017-07-08,,,,,,,,,,,,,0.0,1.5,100.0,0.0
2017-07-09,0.4,3.7,91.5,,,,,,,,,,0.0,1.3,100.0,0.0
2017-07-10,,,,,,,,,,,,,0.0,1.2,100.0,0.0
2017-07-11,,,,,,,,,,,,,0.0,1.1,100.0,0.0
2017-07-12,,,,,,,,,,,,,0.0,1.7,100.0,0.0
2017-07-13,0.2,3.2,89.8,,,,,,,,,,0.0,1.6,100.0,0.0
2017-07-14,0.4,3.1,91.1,,,,,,,,,,0.0,1.7,100.0,0.0
2017-07-15,0.2,3.1,90.7,,,,,,,,,,0.0,1.6,100.0,0.0
2017-07-16,,,,,,,,,,,,,0.0,2.0,100.0,0.0
2017-07-17,,,,,,,,,,,,,0.0,1.8,100.0,0.0
2017-07-18,,,,,,,,,,,,,0.0,1.3,100.0,0.0
2017-07-19,0.0,2.6,89.1,0.0,0.0,100.0,,,,,,,0.0,0.9,100.0,0.0
2017-07-20,0.2,3.4,90.7,,,,,,,,,,0.0,1.0,100.0,0.0
2017-07-21,0.6,4.4,92.0,,,,,,,,,,0.0,0.8,100.0,0.0
2017-07-22,,,,,,,,,,,,,0.0,0.9,100.0,0.0
2017-07-23,,,,,,,,,,,,,0.0,0.9,100.0,0.0
2017-07-24,,,,,,,,,,,,,0.0,1.0,100.0,0.0
2017-07-25,0.4,5.6,89.6,,,,,,,,,,0.0,1.3,100.0,0.0
2017-07-26,0.4,5.6,90.7,,,,,,,,,,0.0,1.4,100.0,0.0
2017-07-27,1.0,6.9,90.9,,,,,,,,,,0.0,1.2,100.0,0.0
2017-07-28,,,,,,,,,,,,,0.0,1.0,100.0,0.0
2017-07-29,,,,0.0,0.0,98.9,,,,,,,0.0,0.7,100.0,0.0
2017-07-30,,,,,,,,,,,,,0.0,0.9,100.0,0.0
2017-07-31,3.1,6.8,88.7,,,,,,,,,,0.0,0.6,100.0,0.0
2017-08-01,1.8,5.8,90.9,,,,,,,,,,0.0,0.6,100.0,0.0
2017-08-02,,,,,,,,,,,,,0.0,0.5,100.0,0.0
2017-08-03,,,,,,,,,,,,,0.0,0.7,100.0,0.0
2017-08-04,,,,,,,,,,,,,0.0,0.5,100.0,0.0
2017-08-05,,,,,,,,,,,,,0.0,0.5,100.0,0.0
2017-08-06,1.2,4.3,89.3,,,,,,,,,,0.0,0.5,100.0,0.0
2017-08-07,2.6,6.1,91.3,,,,,,,,,,0.0,0.7,100.0,0.0
2017-08-08,3.8,6.7,91.7,,,,,,,,,,0.0,0.5,100.0,0.0
2017-08-09,,,,,,,,,,,,,0.0,0.7,100.0,0.0
2017-08-10,,,,,,,,,,,,,0.0,0.7,100.0,0.0
2017-08-11,,,,,,,,,,,,,0.0,1.1,100.0,0.0
2017-08-12,4.0,6.4,88.9,,,,,,,,,,0.0,1.0,100.0,0.0
2017-08-13,0.0,2.8,86.7,0.0,0.0,99.4,,,,,,,0.0,0.9,100.0,0.0
2017-08-14,0.4,4.6,88.0,,,,,,,,,,0.0,0.9,100.0,0.0
2017-08-15,,,,,,,,,,,,,0.0,1.0,100.0,0.0
2017-08-16,,,,,,,,,,,,,0.0,0.9,100.0,0.0
2017-08-17,,,,,,,,,,,,,0.0,0.9,100.0,0.0
2017-08-18,0.7,4.2,85.4,0.0,0.0,81.5,,,,,,,0.0,0.7,100.0,0.0
2017-08-19,1.1,7.9,85.6,,,,,,,,,,0.0,0.7,100.0,0.0
2017-08-20,0.6,5.9,87.2,,,,,,,,,,0.0,0.8,100.0,0.0
2017-08-21,,,,,,,,,,,,,0.0,0.8,100.0,0.0
2017-08-22,,,,,,,,,,,,,0.0,0.6,100.0,0.0
2017-08-23,,,,0.0,0.0,52.4,,,,,,,0.0,0.5,100.0,0.0
2017-08-24,1.3,5.6,87.4,,,,,,,,,,0.0,0.5,100.0,0.0
2017-08-25,0.4,3.3,88.3,,,,,,,,,,0.0,0.5,100.0,0.0
2017-08-26,1.1,4.2,85.0,,,,,,,,,,0.0,0.5,100.0,0.0
2017-08-27,,,,,,,,,,,,,0.0,0.5,100.0,0.0
2017-08-28,,,,,,,,,,,,,0.0,0.6,100.0,0.0
2017-08-29,,,,,,,,,,,,,0.0,0.6,100.0,0.0
2017-08-30,2.2,3.9,83.7,,,,,,,,,,0.0,0.7,100.0,0.0
2017-08-31,1.9,3.6,79.8,,,,,,,,,,0.0,0.8,100.0,0.0
2017-09-01,1.6,3.7,82.0,,,,,,,,,,0.0,1.0,100.0,0.0
2017-09-02,,,,,,,,,,,,,0.0,1.1,100.0,0.0
2017-09-03,,,,,,,,,,,,,0.0,1.5,100.0,0.0
2017-09-04,,,,,,,,,,,,,0.0,1.7,100.0,0.0
2017-09-05,4.1,6.6,85.9,,,,,,,,,,0.0,1.7,100.0,0.0
2017-09-06,2.5,5.8,80.9,,,,,,,,,,0.0,2.1,100.0,0.0
2017-09-07,3.9,6.6,81.1,0.0,0.0,69.8,,,,,,,0.0,2.3,100.0,0.0
2017-09-08,,,,,,,,,,,,,0.0,2.3,100.0,0.0
2017-09-09,,,,,,,,,,,,,0.0,2.1,100.0,0.0
2017-09-10,,,,,,,,,,,,,0.0,2.4,100.0,0.0
2017-09-11,2.6,5.4,85.7,,,,,,,,,,0.0,2.5,100.0,0.0
2017-09-12,2.8,5.0,79.8,,,,,,,,,,0.0,2.8,100.0,0.0
2017-09-13,1.5,4.3,86.7,,,,,,,,,,0.0,2.5,100.0,0.0
2017-09-14,,,,,,,,,,,,,0.0,2.5,100.0,0.0
2017-09-15,,,,,,,,,,,,,0.0,2.9,100.0,0.0
2017-09-16,,,,,,,,,,,,,0.0,2.8,100.0,0.0
2017-09-17,1.3,3.4,87.4,,,,,,,,,,0.0,2.1,100.0,0.0
2017-09-18,0.4,2.4,86.7,,,,,,,,,,0.0,1.9,100.0,0.0
2017-09-19,0.7,1.8,84.6,,,,,,,,,,0.0,2.1,100.0,0.0
2017-09-20,,,,,,,,,,,,,0.0,2.4,100.0,0.0
2017-09-21,,,,,,,,,,,,,0.0,2.0,100.0,0.0
2017-09-22,,,,0.0,0.0,100.0,,,,,,,0.0,1.6,100.0,0.0
2017-09-23,0.2,2.0,86.1,,,,,,,,,,0.0,1.6,100.0,0.0
2017-09-24,0.2,2.6,86.7,,,,,,,,,,0.0,1.5,100.0,0.0
2017-09-25,0.8,3.6,87.4,,,,,,,,,,0.0,1.4,100.0,0.0
2017-09-26,,,,,,,,,,,,,0.0,1.2,100.0,0.0
2017-09-27,,,,,,,,,,,,,0.0,1.4,100.0,0.0
2017-09-28,,,,,,,,,,,,,0.0,1.1,100.0,0.0
2017-09-29,0.9,3.8,83.1,,,,,,,,,,0.0,1.2,100.0,0.0
2017-09-30,0.4,4.1,86.1,,,,,,,,,,0.0,1.4,100.0,0.0
2017-10-01,0.8,4.0,87.2,,,,,,,,,,0.0,1.6,100.0,0.0
2017-10-02,,,,,,,,,,,,,0.0,1.2,100.0,0.0
2017-10-03,,,,,,,,,,,,,0.0,1.4,100.0,0.0
2017-10-04,,,,,,,,,,,,,0.0,1.3,100.0,0.0
2017-10-05,0.2,3.6,86.5,,,,,,,,,,0.0,1.8,100.0,0.0
2017-10-06,0.0,3.8,87.4,,,,,,,,,,0.0,1.7,100.0,0.0
2017-10-07,0.4,5.0,87.8,0.0,0.0,100.0,,,,,,,0.0,1.9,100.0,0.0
2017-10-08,,,,,,,,,,,,,0.0,1.9,100.0,0.0
2017-10-09,,,,,,,,,,,,,0.0,2.0,100.0,0.0
2017-10-10,,,,,,,,,,,,,0.0,1.8,100.0,0.0
2017-10-11,0.2,6.0,87.4,,,,,,,,,,0.0,1.8,100.0,0.0
2017-10-12,0.4,5.8,87.2,0.0,0.0,37.2,,,,,,,0.0,1.6,100.0,0.0
2017-10-13,0.6,4.3,87.4,,,,,,,,,,0.0,1.5,100.0,0.0
2017-10-14,,,,,,,,,,,,,0.0,1.6,100.0,0.0
2017-10-15,,,,,,,,,,,,,0.0,1.7,100.0,0.0
2017-10-16,,,,,,,,,,,,,0.0,1.7,100.0,0.0
2017-10-17,0.0,2.0,87.6,0.0,0.0,100.0,,,,,,,0.0,1.4,100.0,0.0
2017-10-18,0.0,1.9,88.5,,,,,,,,,,0.0,1.7,100.0,0.0
2017-10-19,0.0,1.4,88.3,,,,,,,,,,0.0,1.7,100.0,0.0
2017-10-20,,,,,,,,,,,,,0.0,1.9,100.0,0.0
2017-10-21,,,,,,,,,,,,,0.0,1.7,100.0,0.0
2017-10-22,,,,,,,,,,,,,0.0,2.3,100.0,0.0
2017-10-23,0.0,1.3,87.2,,,,,,,,,,0.0,2.5,100.0,0.0
2017-10-24,0.0,1.1,87.8,,,,,,,,,,0.0,2.1,100.0,0.0
2017-10-25,0.2,1.9,88.3,,,,,,,,,,0.0,2.3,100.0,0.0
2017-10-26,,,,,,,,,,,,,0.0,2.4,100.0,0.0
2017-10-27,,,,,,,,,,,,,0.0,2.3,100.0,0.0
2017-10-28,,,,,,,,,,,,,0.0,2.2,100.0,0.0
2017-10-29,0.2,1.9,86.5,,,,,,,,,,0.0,2.1,100.0,0.0
2017-10-30,0.0,1.5,87.2,,,,,,,,,,0.0,2.5,100.0,0.0
2017-10-31,0.4,2.5,88.5,,,,,,,,,,0.0,2.1,100.0,0.0
2017-11-01,,,,0.0,0.0,100.0,,,,,,,0.0,1.9,100.0,0.0
2017-11-02,,,,,,,,,,,,,0.0,2.1,100.0,0.0
2017-11-03,,,,,,,,,,,,,0.0,2.2,100.0,0.0
2017-11-04,0.4,1.6,86.7,,,,,,,,,,0.0,1.7,100.0,0.0
2017-11-05,0.4,1.5,87.8,,,,,,,,,,0.0,1.7,100.0,0.0
2017-11-06,0.2,0.9,88.0,,,,,,,,,,0.0,2.0,100.0,0.0
2017-11-07,,,,,,,0.0,0.6,100.0,,,,0.0,2.3,100.0,0.0
2017-11-08,,,,,,,,,,,,,0.0,2.0,100.0,0.0
2017-11-09,,,,,,,,,,,,,0.0,2.9,100.0,0.0
2017-11-10,0.2,1.0,86.9,,,,,,,,,,0.0,3.4,100.0,0.0
2017-11-11,0.2,1.3,87.2,,,,,,,,,,0.0,4.1,100.0,0.0
2017-11-12,0.2,1.3,88.0,,,,,,,,,,0.0,3.7,100.0,0.0
2017-11-13,,,,,,,,,,,,,0.0,5.2,100.0,0.0
2017-11-14,,,,,,,,,,,,,0.0,6.7,100.0,0.0
2017-11-15,,,,,,,,,,,,,0.0,8.8,100.0,0.0
2017-11-16,0.0,1.6,87.6,0.0,0.2,100.0,,,,,,,0.0,8.5,100.0,0.0
2017-11-17,0.0,1.9,87.4,,,,,,,,,,0.0,10.7,100.0,0.0
2017-11-18,0.0,3.6,88.0,,,,,,,,,,0.0,11.7,100.0,0.0
2017-11-19,,,,,,,,,,,,,0.0,13.1,100.0,0.0
2017-11-20,,,,,,,,,,,,,0.0,13.4,100.0,0.0
2017-11-21,,,,0.0,2.1,36.1,,,,,,,0.0,12.7,100.0,0.0
2017-11-22,0.0,4.5,86.9,,,,,,,,,,0.0,12.9,100.0,0.0
2017-11-23,0.0,6.4,86.7,,,,,,,,,,0.0,16.4,100.0,0.0
2017-11-24,1.5,7.7,88.3,,,,,,,,,,0.0,19.0,100.0,0.0
2017-11-25,,,,,,,,,,,,,0.0,18.0,100.0,0.0
2017-11-26,,,,,,,,,,,,,0.0,17.2,100.0,0.0
2017-11-27,,,,,,,,,,,,,0.0,17.7,100.0,0.0
2017-11-28,1.5,9.8,86.3,,,,,,,,,,0.0,18.5,100.0,0.0
2017-11-29,2.5,13.9,88.1,,,,,,,,,,0.0,17.3,100.0,0.0
2017-11-30,3.4,11.5,88.3,,,,,,,,,,0.0,17.2,100.0,0.0
2017-12-01,,,,14.3,25.1,63.5,,,,,,,0.0,16.5,100.0,0.0
2017-12-02,,,,,,,,,,,,,0.7,18.7,100.0,0.7
2017-12-03,,,,,,,,,,,,,0.0,17.8,100.0,0.0
2017-12-04,2.6,12.7,86.9,,,,,,,,,,0.7,18.8,100.0,0.7
2017-12-05,6.8,16.6,87.2,,,,,,,,,,0.0,17.5,100.0,0.0
2017-12-06,13.8,23.4,87.2,10.6,16.1,100.0,,,,,,,0.7,19.7,100.0,0.7
2017-12-07,,,,,,,,,,,,,0.0,16.5,100.0,0.0
2017-12-08,,,,,,,,,,,,,0.0,17.1,100.0,0.0
2017-12-09,,,,,,,,,,,,,0.0,15.3,100.0,0.0
2017-12-10,22.9,29.1,87.4,,,,,,,,,,0.2,17.7,100.0,0.2
2017-12-11,18.2,26.3,87.4,,,,,,,,,,0.0,14.4,100.0,0.0
2017-12-12,8.5,16.9,87.0,,,,,,,,,,0.2,16.2,100.0,0.2
2017-12-13,,,,,,,,,,,,,0.0,15.4,100.0,0.0
2017-12-14,,,,,,,,,,,,,0.6,17.7,100.0,0.6
2017-12-15,,,,,,,,,,,,,0.2,16.9,100.0,0.2
2017-12-16,9.0,17.1,84.4,,,,,,,,,,1.1,18.7,100.0,1.1
2017-12-17,12.8,21.9,86.5,,,,,,,,,,1.5,20.3,100.0,1.5
2017-12-18,22.4,29.2,87.6,,,,,,,,,,2.8,24.5,100.0,2.8
2017-12-19,,,,,,,,,,,,,3.1,25.5,100.0,3.1
2017-12-20,,,,,,,,,,,,,5.6,32.7,100.0,5.6
2017-12-21,,,,42.4,50.8,100.0,,,,,,,7.2,35.4,100.0,7.2
2017-12-22,19.7,31.3,83.7,,,,,,,,,,10.0,44.1,100.0,10.0
2017-12-23,46.0,43.7,85.4,,,,,,,,,,11.9,44.8,100.0,11.9
2017-12-24,81.3,55.3,85.4,,,,,,,,,,21.5,51.8,100.0,21.5
2017-12-25,,,,,,,5.6,12.9,100.0,,,,24.4,53.5,100.0,24.4
2017-12-26,,,,,,,,,,,,,74.3,65.3,100.0,74.3
2017-12-27,,,,,,,,,,,,,78.7,66.5,100.0,78.7
2017-12-28,94.3,64.9,81.5,,,,,,,,,,92.4,74.1,100.0,92.4
2017-12-29,93.5,67.7,80.0,,,,,,,,,,93.1,75.2,100.0,93.1
2017-12-30,90.3,67.1,78.0,,,,,,,,,,97.0,81.1,100.0,97.0
2017-12-31,,,,99.8,97.3,100.0,,,,,,,97.0,80.7,100.0,97.0
2018-01-01,,,,,,,,,,,,,84.3,74.6,100.0,84.3
2018-01-02,,,,,,,,,,,,,86.0,74.4,100.0,86.0
2018-01-03,83.5,67.1,65.0,,,,,,,,,,84.8,75.4,100.0,84.8
2018-01-04,92.2,74.3,70.8,,,,,,,,,,85.6,75.6,100.0,85.6
2018-01-05,99.4,83.2,64.4,99.5,95.1,46.7,,,,,,,87.2,77.7,100.0,87.2
2018-01-06,,,,,,,,,,,,,89.0,78.7,100.0,89.0
2018-01-07,,,,,,,,,,,,,87.2,78.7,100.0,87.2
2018-01-08,,,,,,,,,,,,,90.8,81.8,100.0,90.8
2018-01-09,98.8,84.4,63.5,,,,,,,,,,91.4,83.8,100.0,91.4
2018-01-10,100.0,87.4,71.3,,,,,,,,,,96.1,88.8,100.0,96.1
2018-01-11,100.0,90.8,75.3,,,,,,,,,,95.1,89.1,100.0,95.1
2018-01-12,,,,,,,,,,,,,97.4,91.1,100.0,97.4
2018-01-13,,,,,,,,,,,,,95.5,90.9,100.0,95.5
2018-01-14,,,,,,,,,,,,,99.2,93.6,100.0,99.2
2018-01-15,100.0,95.2,72.0,100.0,99.1,100.0,,,,,,,98.2,94.0,100.0,98.2
2018-01-16,100.0,96.9,66.2,,,,,,,,,,99.9,94.4,100.0,99.9
2018-01-17,100.0,97.3,74.7,,,,,,,,,,99.1,93.9,100.0,99.1
2018-01-18,,,,,,,,,,,,,99.9,95.1,100.0,99.9
2018-01-19,,,,,,,,,,,,,100.0,95.3,100.0,100.0
2018-01-20,,,,,,,,,,,,,100.0,95.8,100.0,100.0
2018-01-21,100.0,98.4,71.8,,,,,,,,,,100.0,96.1,100.0,100.0
2018-01-22,100.0,98.3,73.0,,,,,,,,,,100.0,96.6,100.0,100.0
2018-01-23,100.0,98.2,74.1,,,,,,,,,,100.0,96.5,100.0,100.0
2018-01-24,,,,,,,,,,,,,99.9,96.6,100.0,99.9
2018-01-25,,,,,,,,,,,,,100.0,97.1,100.0,100.0
2018-01-26,,,,,,,,,,,,,99.9,97.3,100.0,99.9
2018-01-27,100.0,98.5,69.5,,,,,,,,,,100.0,97.7,100.0,100.0
2018-01-28,100.0,98.2,70.3,,,,,,,,,,99.6,97.2,100.0,99.6
2018-01-29,100.0,98.0,69.4,,,,,,,,,,99.9,97.6,100.0,99.9
2018-01-30,,,,100.0,99.5,100.0,,,,,,,99.6,97.8,100.0,99.6
2018-01-31,,,,,,,,,,,,,99.9,97.9,100.0,99.9
2018-02-01,,,,,,,,,,,,,99.6,97.6,100.0,99.6
2018-02-02,100.0,98.0,67.6,,,,,,,,,,99.9,98.0,100.0,99.9
2018-02-03,100.0,97.8,69.9,,,,,,,,,,99.9,98.1,100.0,99.9
2018-02-04,100.0,97.2,67.1,100.0,99.5,95.1,,,,,,,100.0,98.6,100.0,100.0
2018-02-05,,,,,,,,,,,,,100.0,98.4,100.0,100.0
2018-02-06,,,,,,,,,,,,,100.0,98.5,100.0,100.0
2018-02-07,,,,,,,,,,,,,100.0,98.5,100.0,100.0
2018-02-08,100.0,95.1,65.7,,,,,,,,,,100.0,98.6,100.0,100.0
2018-02-09,100.0,95.8,68.1,100.0,99.7,100.0,,,,,,,100.0,98.8,100.0,100.0
2018-02-10,100.0,93.3,67.0,,,,,,,,,,100.0,98.6,100.0,100.0
2018-02-11,,,,,,,,,,,,,100.0,98.6,100.0,100.0
2018-02-12,,,,,,,,,,,,,100.0,98.6,100.0,100.0
2018-02-13,,,,,,,,,,,,,100.0,98.6,100.0,100.0
2018-02-14,100.0,96.2,62.8,100.0,99.6,100.0,,,,,,,100.0,98.8,100.0,100.0
2018-02-15,100.0,92.7,65.1,,,,,,,,,,100.0,98.6,100.0,100.0
2018-02-16,100.0,98.1,75.7,,,,,,,,,,100.0,98.5,100.0,100.0
2018-02-17,,,,,,,,,,,,,100.0,98.5,100.0,100.0
2018-02-18,,,,,,,,,,,,,100.0,98.4,100.0,100.0
2018-02-19,,,,100.0,99.2,100.0,,,,,,,100.0,98.6,100.0,100.0
2018-02-20,100.0,97.9,63.4,,,,,,,,,,100.0,98.4,100.0,100.0
2018-02-21,100.0,98.4,65.7,,,,,,,,,,100.0,98.4,100.0,100.0
2018-02-22,100.0,97.8,64.0,,,,,,,,,,100.0,98.4,100.0,100.0
2018-02-23,,,,,,,,,,,,,100.0,98.4,100.0,100.0
2018-02-24,,,,100.0,99.3,100.0,,,,,,,100.0,98.5,100.0,100.0
2018-02-25,,,,,,,,,,,,,100.0,98.2,100.0,100.0
2018-02-26,100.0,98.4,57.7,,,,,,,,,,100.0,98.3,100.0,100.0
2018-02-27,100.0,98.6,59.6,,,,,,,,,,100.0,98.4,100.0,100.0
2018-02-28,100.0,97.8,59.9,,,,,,,,,,100.0,98.4,100.0,100.0
2018-03-01,,,,,,,,,,,,,100.0,98.3,100.0,100.0
2018-03-02,,,,,,,,,,,,,100.0,98.2,100.0,100.0
2018-03-03,,,,,,,,,,,,,100.0,98.1,100.0,100.0
2018-03-04,100.0,98.5,44.5,,,,,,,,,,100.0,97.9,100.0,100.0
2018-03-05,100.0,99.0,50.8,,,,,,,,,,100.0,97.4,100.0,100.0
2018-03-06,100.0,98.6,66.6,,,,,,,,,,100.0,97.2,100.0,100.0
2018-03-07,,,,,,,,,,,,,100.0,96.7,100.0,100.0
2018-03-08,,,,,,,,,,,,,100.0,96.6,100.0,100.0
2018-03-09,,,,,,,,,,,,,100.0,95.4,100.0,100.0
2018-03-10,100.0,99.2,49.0,,,,,,,,,,100.0,95.6,100.0,100.0
2018-03-11,100.0,99.5,52.9,,,,,,,,,,96.6,93.8,100.0,96.6
2018-03-12,100.0,98.9,72.3,,,,,,,,,,98.9,94.8,100.0,98.9
2018-03-13,,,,,,,,,,,,,95.3,92.0,100.0,95.3
2018-03-14,,,,,,,,,,,,,98.1,93.4,100.0,98.1
2018-03-15,,,,,,,,,,,,,94.0,90.7,100.0,94.0
2018-03-16,,,,,,,,,,,,,97.1,93.3,100.0,97.1
2018-03-17,100.0,98.6,63.0,,,,,,,,,,94.6,91.5,100.0,94.6
2018-03-18,100.0,98.5,65.2,,,,,,,,,,97.2,93.6,100.0,97.2
2018-03-19,,,,,,,,,,,,,96.0,92.3,100.0,96.0
2018-03-20,,,,,,,,,,,,,98.9,94.8,100.0,98.9
2018-03-21,,,,100.0,99.5,100.0,,,,,,,98.9,95.1,100.0,98.9
2018-03-22,100.0,98.6,50.8,,,,,,,,,,99.9,95.8,100.0,99.9
2018-03-23,100.0,99.1,51.5,,,,,,,,,,99.7,95.2,100.0,99.7
2018-03-24,100.0,97.7,58.8,,,,,,,,,,100.0,96.1,100.0,100.0
2018-03-25,,,,,,,,,,,,,100.0,95.7,100.0,100.0
2018-03-26,,,,,,,,,,,,,100.0,96.2,100.0,100.0
2018-03-27,,,,,,,,,,,,,99.9,95.8,100.0,99.9
2018-03-28,100.0,97.3,55.8,,,,,,,,,,100.0,96.2,100.0,100.0
2018-03-29,100.0,96.0,75.2,,,,,,,,,,99.7,95.3,100.0,99.7
2018-03-30,100.0,95.6,75.1,,,,,,,,,,99.6,94.9,100.0,99.6
2018-03-31,,,,,,,,,,,,,99.6,94.2,100.0,99.6
2018-04-01,,,,,,,,,,,,,99.6,93.9,100.0,99.6
2018-04-02,,,,,,,,,,,,,99.7,93.8,100.0,99.7
2018-04-03,100.0,96.5,69.1,,,,,,,,,,99.6,93.7,100.0,99.6
2018-04-04,100.0,95.1,74.1,,,,,,,,,,99.6,93.0,100.0,99.6
2018-04-05,100.0,92.1,75.1,,,,,,,,,,99.6,92.4,100.0,99.6
2018-04-06,,,,,,,,,,,,,99.9,91.3,100.0,99.9
2018-04-07,,,,,,,,,,,,,99.6,90.5,100.0,99.6
2018-04-08,,,,,,,,,,,,,99.0,88.8,100.0,99.0
2018-04-09,100.0,89.5,74.2,,,,,,,,,,99.2,88.4,100.0,99.2
2018-04-10,91.1,79.7,95.8,,,,,,,,,,99.0,87.4,100.0,99.0
2018-04-11,93.8,82.5,94.8,,,,,,,,,,99.2,88.1,100.0,99.2
2018-04-12,,,,,,,,,,,,,98.5,86.8,100.0,98.5
2018-04-13,,,,,,,,,,,,,99.5,88.5,100.0,99.5
2018-04-14,,,,,,,,,,,,,98.9,89.7,100.0,98.9
2018-04-15,97.0,83.0,90.9,,,,,,,,,,100.0,92.7,100.0,100.0
2018-04-16,96.9,80.9,88.3,,,,,,,,,,99.7,93.0,100.0,99.7
2018-04-17,95.5,78.7,92.8,,,,,,,,,,100.0,93.9,100.0,100.0
2018-04-18,,,,,,,,,,,,,99.4,93.1,100.0,99.4
2018-04-19,,,,,,,,,,,,,99.9,94.0,100.0,99.9
2018-04-20,,,,100.0,99.3,100.0,,,,,,,99.9,94.8,100.0,99.9
2018-04-21,96.3,82.6,81.2,,,,,,,,,,99.9,94.5,100.0,99.9
2018-04-22,94.0,78.3,86.8,,,,,,,,,,99.4,93.7,100.0,99.4
2018-04-23,94.3,76.4,97.5,,,,,,,,,,99.2,93.9,100.0,99.2
2018-04-24,,,,,,,,,,,,,99.4,93.5,100.0,99.4
2018-04-25,,,,100.0,98.4,100.0,,,,,,,99.4,93.7,100.0,99.4
2018-04-26,,,,,,,,,,,,,97.9,91.7,100.0,97.9
2018-04-27,94.5,75.7,93.5,,,,,,,,,,97.0,90.3,100.0,97.0
2018-04-28,95.0,74.6,91.2,,,,,,,,,,95.7,88.9,100.0,95.7
2018-04-29,93.8,72.0,87.5,,,,,,,,,,91.6,84.7,100.0,91.6
2018-04-30,,,,,,,,,,,,,87.7,80.6,100.0,87.7
2018-05-01,,,,,,,,,,,,,83.4,75.8,100.0,83.4
2018-05-02,,,,,,,,,,,,,80.6,73.5,100.0,80.6
2018-05-03,92.9,66.4,92.4,,,,,,,,,,72.7,68.8,100.0,72.7
2018-05-04,79.0,56.8,95.5,,,,,,,,,,61.7,63.0,100.0,61.7
2018-05-05,71.4,53.2,90.7,97.5,85.5,100.0,,,,,,,57.4,58.9,100.0,57.4
2018-05-06,,,,,,,,,,,,,49.7,50.9,100.0,49.7
2018-05-07,,,,,,,,,,,,,46.2,47.9,100.0,46.2
2018-05-08,,,,,,,,,,,,,37.0,41.8,100.0,37.0
2018-05-09,48.5,44.8,92.4,,,,,,,,,,35.0,41.2,100.0,35.0
2018-05-10,30.0,32.0,95.3,,,,,,,,,,26.7,34.8,100.0,26.7
2018-05-11,19.1,25.9,87.5,,,,,,,,,,23.3,33.6,100.0,23.3
2018-05-12,,,,,,,,,,,,,11.3,25.8,100.0,11.3
2018-05-13,,,,,,,,,,,,,7.3,23.7,100.0,7.3
2018-05-14,,,,,,,,,,,,,0.6,17.7,100.0,0.6
2018-05-15,18.7,23.9,88.8,,,,,,,,,,0.1,16.7,100.0,0.1
2018-05-16,10.9,19.8,95.1,,,,,,,,,,0.0,12.3,100.0,0.0
2018-05-17,3.8,14.9,88.5,,,,,,,,,,0.0,10.1,100.0,0.0
2018-05-18,,,,,,,0.0,0.1,37.7,,,,0.0,9.3,100.0,0.0
2018-05-19,,,,,,,,,,,,,0.0,7.9,100.0,0.0
2018-05-20,,,,,,,,,,,,,0.0,4.8,100.0,0.0
2018-05-21,3.2,13.5,90.1,,,,,,,,,,0.0,3.4,100.0,0.0
2018-05-22,1.0,9.3,92.2,,,,,,,,,,0.0,3.7,100.0,0.0
2018-05-23,1.1,9.4,88.4,,,,,,,,,,0.0,3.7,100.0,0.0
2018-05-24,,,,,,,,,,,,,0.0,3.3,100.0,0.0
2018-05-25,,,,0.4,2.6,100.0,,,,,,,0.0,2.6,100.0,0.0
2018-05-26,,,,,,,,,,,,,0.0,2.5,100.0,0.0
2018-05-27,0.0,7.2,87.0,,,,,,,,,,0.0,2.3,100.0,0.0
2018-05-28,0.0,6.9,94.8,,,,,,,,,,0.0,1.5,100.0,0.0
2018-05-29,0.3,6.1,89.8,,,,,,,,,,0.0,1.1,100.0,0.0
2018-05-30,,,,0.0,0.1,77.5,,,,,,,0.0,0.9,100.0,0.0
2018-05-31,,,,,,,,,,,,,0.0,0.7,100.0,0.0
2018-06-01,,,,,,,,,,,,,0.0,0.5,100.0,0.0
2018-06-02,0.0,6.1,88.8,,,,,,,,,,0.0,0.4,100.0,0.0
2018-06-03,0.0,5.5,90.9,,,,0.0,0.0,100.0,,,,0.0,0.4,100.0,0.0
2018-06-04,0.1,4.4,87.5,,,,,,,,,,0.0,0.4,100.0,0.0
2018-06-05,,,,,,,,,,,,,0.0,0.3,100.0,0.0
2018-06-06,,,,,,,,,,,,,0.0,0.3,100.0,0.0
2018-06-07,,,,,,,,,,,,,0.0,0.5,100.0,0.0
2018-06-08,0.0,2.2,88.0,,,,,,,,,,0.0,0.5,100.0,0.0
2018-06-09,0.0,2.4,95.1,,,,,,,,,,0.0,0.5,100.0,0.0
2018-06-10,,,,,,,,,,,,,0.0,0.5,100.0,0.0
2018-06-11,,,,,,,,,,,,,0.0,0.8,100.0,0.0
2018-06-12,,,,,,,,,,,,,0.0,0.9,100.0,0.0
2018-06-13,,,,,,,,,,,,,0.0,0.7,100.0,0.0
2018-06-14,0.0,1.5,93.7,0.0,0.0,99.0,,,,,,,0.0,0.6,100.0,0.0
2018-06-15,0.0,1.2,93.5,,,,,,,,,,0.0,0.6,100.0,0.0
2018-06-16,0.0,0.8,89.3,,,,,,,,,,0.0,0.6,100.0,0.0
2018-06-17,,,,,,,,,,,,,0.0,0.7,100.0,0.0
2018-06-18,,,,,,,,,,,,,0.0,0.6,100.0,0.0
2018-06-19,,,,0.0,0.0,100.0,0.0,0.0,79.1,,,,0.0,0.7,100.0,0.0
2018-06-20,0.0,0.7,93.2,,,,,,,,,,0.0,0.5,100.0,0.0
2018-06-21,0.0,0.9,96.2,,,,,,,,,,0.0,0.5,100.0,0.0
2018-06-22,0.5,1.3,94.8,,,,,,,,,,0.0,0.6,100.0,0.0
2018-06-23,,,,,,,,,,,,,0.0,0.7,100.0,0.0
2018-06-24,,,,,,,,,,,,,0.0,0.6,100.0,0.0
2018-06-25,,,,,,,,,,,,,0.0,0.6,100.0,0.0
2018-06-26,0.0,0.7,94.3,,,,,,,,,,0.0,0.6,100.0,0.0
2018-06-27,0.0,0.9,96.5,,,,,,,,,,0.0,0.9,100.0,0.0
2018-06-28,0.1,1.1,94.3,,,,,,,,,,0.0,0.8,100.0,0.0
2018-06-29,,,,0.0,0.0,100.0,,,,,,,0.0,0.9,100.0,0.0
2018-06-30,,,,,,,,,,,,,0.0,0.9,100.0,0.0
2018-07-01,,,,,,,,,,,,,0.0,0.9,100.0,0.0
2018-07-02,0.0,0.6,92.8,,,,,,,,,,0.0,0.8,100.0,0.0
2018-07-03,0.0,0.7,91.6,,,,,,,,,,0.0,0.7,100.0,0.0
2018-07-04,0.0,0.8,90.1,,,,,,,,,,0.0,0.7,100.0,0.0
2018-07-05,,,,,,,,,,,,,0.0,1.2,100.0,0.0
2018-07-06,,,,,,,,,,,,,0.0,1.3,100.0,0.0
2018-07-07,,,,,,,,,,,,,0.0,1.6,100.0,0.0
2018-07-08,0.0,0.9,93.8,,,,,,,,,,0.0,1.7,100.0,0.0
2018-07-09,0.0,1.1,96.7,0.0,0.0,100.0,,,,,,,0.0,1.7,100.0,0.0
2018-07-10,0.0,1.1,96.6,,,,,,,,,,0.0,1.6,100.0,0.0
2018-07-11,,,,,,,,,,,,,0.0,1.7,100.0,0.0
2018-07-12,,,,,,,,,,,,,0.0,1.5,100.0,0.0
2018-07-13,,,,,,,,,,,,,0.0,1.4,100.0,0.0
2018-07-14,0.0,0.8,94.2,0.0,0.0,89.3,,,,,,,0.0,1.1,100.0,0.0
2018-07-15,0.0,0.5,97.6,,,,,,,,,,0.0,1.0,100.0,0.0
2018-07-16,0.0,0.6,97.9,,,,,,,,,,0.0,0.9,100.0,0.0
2018-07-17,,,,,,,,,,,,,0.0,1.1,100.0,0.0
2018-07-18,,,,,,,,,,,,,0.0,1.1,100.0,0.0
2018-07-19,,,,0.0,0.0,100.0,,,,,,,0.0,1.0,100.0,0.0
2018-07-20,0.0,0.4,95.5,,,,,,,,,,0.0,0.8,100.0,0.0
2018-07-21,0.0,0.5,97.5,,,,,,,,,,0.0,0.9,100.0,0.0
2018-07-22,0.1,0.7,97.6,,,,,,,,,,0.0,0.9,100.0,0.0
2018-07-23,,,,,,,,,,,,,0.0,0.7,100.0,0.0
2018-07-24,,,,0.0,0.0,40.4,,,,,,,0.0,0.4,100.0,0.0
2018-07-25,,,,,,,,,,,,,0.0,0.4,100.0,0.0
2018-07-26,0.0,0.8,95.8,,,,,,,,,,0.0,0.3,100.0,0.0
2018-07-27,0.0,1.5,98.2,,,,,,,,,,0.0,0.3,100.0,0.0
2018-07-28,0.0,1.8,98.2,,,,,,,,,,0.0,0.2,100.0,0.0
2018-07-29,,,,0.0,0.0,99.5,,,,,,,0.0,0.1,100.0,0.0
2018-07-30,,,,,,,,,,,,,0.0,0.1,100.0,0.0
2018-07-31,,,,,,,,,,,,,0.0,0.1,100.0,0.0
2018-08-01,0.0,1.7,95.8,,,,,,,,,,0.0,0.1,100.0,0.0
2018-08-02,1.2,2.1,98.2,,,,,,,,,,0.0,0.1,100.0,0.0
2018-08-03,1.3,2.5,96.9,0.0,0.0,100.0,,,,,,,0.0,0.1,100.0,0.0
2018-08-04,,,,,,,,,,,,,0.0,0.1,100.0,0.0
2018-08-05,,,,,,,,,,,,,0.0,0.1,100.0,0.0
2018-08-06,,,,,,,0.0,0.0,77.0,,,,0.0,0.1,100.0,0.0
2018-08-07,1.2,2.0,95.6,,,,,,,,,,0.0,0.1,100.0,0.0
2018-08-08,0.1,2.2,94.5,,,,,,,,,,0.0,0.1,100.0,0.0
2018-08-09,0.0,2.0,91.7,,,,,,,,,,0.0,0.1,100.0,0.0
2018-08-10,,,,,,,,,,,,,0.0,0.1,100.0,0.0
2018-08-11,,,,,,,,,,0.0,0.6,100.0,0.0,0.1,100.0,0.0
2018-08-12,,,,,,,,,,,,,0.0,0.2,100.0,0.0
2018-08-13,0.1,1.9,93.7,,,,,,,,,,0.0,0.1,100.0,0.0
2018-08-14,0.1,2.1,92.7,,,,,,,,,,0.0,0.2,100.0,0.0
2018-08-15,0.1,1.7,92.6,,,,,,,0.0,0.3,100.0,0.0,0.1,100.0,0.0
2018-08-16,,,,,,,,,,,,,0.0,0.1,100.0,0.0
2018-08-17,,,,,,,,,,,,,0.0,0.1,100.0,0.0
2018-08-18,,,,0.0,0.0,100.0,,,,,,,0.0,0.1,100.0,0.0
2018-08-19,0.1,2.3,93.1,,,,,,,,,,0.0,0.1,100.0,0.0
2018-08-20,0.1,4.8,92.3,,,,,,,,,,0.0,0.1,100.0,0.0
2018-08-21,0.3,7.1,92.3,,,,,,,0.0,0.2,100.0,0.0,0.1,100.0,0.0
2018-08-22,,,,,,,0.0,0.0,99.7,,,,0.0,0.1,100.0,0.0
2018-08-23,,,,,,,,,,,,,0.0,0.1,100.0,0.0
2018-08-24,,,,,,,,,,0.0,0.3,100.0,0.0,0.1,100.0,0.0
2018-08-25,0.3,5.7,93.6,,,,,,,,,,0.0,0.1,100.0,0.0
2018-08-26,5.1,18.4,94.7,,,,,,,,,,0.0,0.2,100.0,0.0
2018-08-27,0.8,8.6,94.3,,,,,,,,,,0.0,0.2,100.0,0.0
2018-08-28,,,,0.0,0.0,100.0,,,,0.0,0.0,100.0,0.0,0.2,100.0,0.0
2018-08-29,,,,,,,,,,,,,0.0,0.3,100.0,0.0
2018-08-30,,,,,,,,,,,,,0.0,0.5,100.0,0.0
2018-08-31,0.1,4.7,93.1,,,,,,,0.0,0.1,61.6,0.0,0.4,100.0,0.0
2018-09-01,1.3,6.5,95.1,,,,,,,,,,0.0,0.4,100.0,0.0
2018-09-02,0.8,3.7,95.0,,,,,,,,,,0.0,0.4,100.0,0.0
2018-09-03,,,,,,,,,,,,,0.0,0.5,100.0,0.0
2018-09-04,,,,,,,,,,,,,0.0,0.5,100.0,0.0
2018-09-05,,,,,,,,,,,,,0.0,0.4,100.0,0.0
2018-09-06,0.0,1.6,92.9,,,,,,,,,,0.0,0.5,100.0,0.0
2018-09-07,0.4,1.6,95.0,0.0,0.0,50.3,,,,0.0,0.1,100.0,0.0,0.6,100.0,0.0
2018-09-08,0.4,1.1,94.1,,,,,,,,,,0.0,0.7,100.0,0.0
2018-09-09,,,,,,,,,,0.0,0.4,100.0,0.0,0.4,100.0,0.0
2018-09-10,,,,,,,,,,,,,0.0,0.4,100.0,0.0
2018-09-11,,,,,,,,,,,,,0.0,0.3,100.0,0.0
2018-09-12,0.0,0.7,93.2,,,,,,,0.0,0.5,100.0,0.0,0.3,100.0,0.0
2018-09-13,0.1,1.0,95.1,,,,,,,,,,0.0,0.2,100.0,0.0
2018-09-14,0.0,0.8,88.3,,,,,,,,,,0.0,0.2,100.0,0.0
2018-09-15,,,,,,,,,,,,,0.0,0.2,100.0,0.0
2018-09-16,,,,,,,,,,,,,0.0,0.2,100.0,0.0
2018-09-17,,,,0.0,0.0,59.6,,,,,,,0.0,0.2,100.0,0.0
2018-09-18,0.0,0.8,90.9,,,,,,,,,,0.0,0.1,100.0,0.0
2018-09-19,0.0,0.3,91.7,,,,,,,,,,0.0,0.1,100.0,0.0
2018-09-20,0.0,0.4,91.7,,,,,,,,,,0.0,0.1,100.0,0.0
2018-09-21,,,,,,,,,,,,,0.0,0.1,100.0,0.0
2018-09-22,,,,0.0,0.0,100.0,,,,,,,0.0,0.1,100.0,0.0
2018-09-23,,,,,,,0.0,0.0,100.0,,,,0.0,0.1,100.0,0.0
2018-09-24,0.0,0.3,93.7,,,,,,,,,,0.0,0.1,100.0,0.0
2018-09-25,0.0,0.4,91.4,,,,,,,0.0,2.9,80.2,0.0,0.1,100.0,0.0
2018-09-26,0.0,0.9,94.3,,,,,,,0.0,4.4,95.5,0.0,0.1,100.0,0.0
2018-09-27,,,,0.0,0.0,100.0,,,,,,,0.0,0.2,100.0,0.0
2018-09-28,,,,,,,,,,,,,0.0,0.2,100.0,0.0
2018-09-29,,,,,,,,,,,,,0.0,0.2,100.0,0.0
2018-09-30,0.0,0.7,93.8,,,,,,,,,,0.0,0.2,100.0,0.0
2018-10-01,0.0,0.9,93.8,,,,,,,,,,0.0,0.4,100.0,0.0
2018-10-02,0.0,1.1,92.6,,,,,,,,,,0.0,0.4,100.0,0.0
2018-10-03,,,,,,,,,,,,,0.0,0.2,100.0,0.0
2018-10-04,,,,,,,,,,,,,0.0,0.1,100.0,0.0
2018-10-05,,,,,,,,,,,,,0.0,0.2,100.0,0.0
2018-10-06,0.0,1.6,93.1,,,,,,,,,,0.0,0.2,100.0,0.0
2018-10-07,0.0,2.1,93.8,,,,,,,,,,0.0,0.1,100.0,0.0
2018-10-08,0.0,1.8,94.2,,,,,,,,,,0.0,0.1,100.0,0.0
2018-10-09,,,,,,,0.0,0.0,100.0,,,,0.0,0.2,100.0,0.0
2018-10-10,,,,,,,,,,,,,0.0,0.2,100.0,0.0
2018-10-11,,,,,,,,,,,,,0.0,0.2,100.0,0.0
2018-10-12,0.0,1.0,94.1,0.0,0.0,100.0,,,,,,,0.0,0.2,100.0,0.0
2018-10-13,0.0,0.8,94.3,,,,,,,,,,0.0,0.3,100.0,0.0
2018-10-14,0.0,0.8,94.5,,,,,,,,,,0.0,0.3,100.0,0.0
2018-10-15,,,,,,,,,,,,,0.0,0.5,100.0,0.0
2018-10-16,,,,,,,,,,,,,0.0,0.5,100.0,0.0
2018-10-17,,,,0.0,0.0,37.3,,,,,,,0.0,0.8,100.0,0.0
2018-10-18,0.0,0.3,92.8,,,,,,,,,,0.0,0.7,100.0,0.0
2018-10-19,0.0,0.3,94.3,,,,,,,,,,0.0,0.7,100.0,0.0
2018-10-20,0.0,0.5,94.2,,,,,,,,,,0.0,0.7,100.0,0.0
2018-10-21,,,,,,,,,,,,,0.0,0.9,100.0,0.0
2018-10-22,,,,0.0,0.0,99.7,,,,,,,0.0,0.6,100.0,0.0
2018-10-23,,,,,,,,,,,,,0.0,0.8,100.0,0.0
2018-10-24,0.0,0.3,93.6,,,,,,,,,,0.0,0.7,100.0,0.0
2018-10-25,0.2,0.6,94.7,,,,0.0,0.0,86.6,,,,0.0,1.0,100.0,0.0
2018-10-26,0.1,0.9,93.5,,,,,,,,,,0.0,0.9,100.0,0.0
2018-10-27,,,,,,,,,,,,,0.0,1.3,100.0,0.0
2018-10-28,,,,,,,,,,,,,0.0,1.5,100.0,0.0
2018-10-29,,,,,,,,,,,,,0.0,2.2,100.0,0.0
2018-10-30,0.1,0.9,92.9,,,,,,,,,,0.0,2.6,100.0,0.0
2018-10-31,0.1,3.2,94.2,,,,,,,,,,0.0,3.4,100.0,0.0
2018-11-01,0.3,5.6,94.7,0.0,0.0,60.5,,,,,,,0.0,3.9,100.0,0.0
2018-11-02,,,,,,,,,,,,,0.0,5.4,100.0,0.0
2018-11-03,,,,,,,,,,,,,0.0,5.0,100.0,0.0
2018-11-04,,,,,,,,,,,,,0.0,5.7,100.0,0.0
2018-11-05,0.5,5.6,93.3,,,,,,,,,,0.0,5.3,100.0,0.0
2018-11-06,0.7,5.6,94.5,,,,,,,,,,0.0,6.2,100.0,0.0
2018-11-07,0.4,5.3,94.8,,,,,,,,,,0.0,5.5,100.0,0.0
2018-11-08,,,,,,,,,,,,,0.0,5.6,100.0,0.0
2018-11-09,,,,,,,,,,,,,0.0,5.5,100.0,0.0
2018-11-10,,,,,,,,,,,,,0.0,8.0,100.0,0.0
2018-11-11,0.5,4.6,92.1,0.0,0.0,88.3,,,,,,,0.0,6.6,100.0,0.0
2018-11-12,2.4,6.2,94.0,,,,,,,,,,0.0,6.7,100.0,0.0
2018-11-13,5.6,7.7,92.9,,,,,,,,,,0.0,6.5,100.0,0.0
2018-11-14,,,,,,,,,,,,,0.0,7.7,100.0,0.0
2018-11-15,,,,,,,,,,,,,0.0,7.4,100.0,0.0
2018-11-16,,,,0.0,0.0,99.5,,,,,,,0.0,8.1,100.0,0.0
2018-11-17,4.6,6.4,92.9,,,,,,,,,,0.0,8.6,100.0,0.0
2018-11-18,0.0,1.0,62.5,,,,,,,,,,0.0,9.1,100.0,0.0
2018-11-19,0.0,1.0,61.7,,,,,,,,,,0.0,9.5,100.0,0.0
2018-11-20,,,,,,,,,,,,,0.0,10.9,100.0,0.0
2018-11-21,,,,,,,,,,,,,0.0,12.3,100.0,0.0
2018-11-22,,,,,,,,,,,,,0.0,10.6,100.0,0.0
2018-11-23,0.0,1.6,62.2,,,,,,,,,,0.0,11.2,100.0,0.0
2018-11-24,0.0,3.0,61.8,,,,,,,,,,0.0,15.3,100.0,0.0
2018-11-25,,,,,,,,,,,,,0.0,19.6,100.0,0.0
2018-11-26,,,,,,,,,,,,,0.0,15.4,100.0,0.0
2018-11-27,,,,,,,,,,,,,0.0,16.3,100.0,0.0
2018-11-28,,,,,,,,,,,,,0.0,12.7,100.0,0.0
2018-11-29,0.0,3.3,61.7,,,,,,,,,,0.0,15.3,100.0,0.0
2018-11-30,0.0,3.3,62.3,,,,,,,,,,0.0,10.0,100.0,0.0
2018-12-01,0.0,2.8,58.2,,,,,,,,,,0.0,10.6,100.0,0.0
2018-12-02,,,,,,,,,,,,,0.0,8.7,100.0,0.0
2018-12-03,,,,,,,,,,,,,0.0,10.6,100.0,0.0
2018-12-04,,,,,,,,,,,,,0.0,7.5,100.0,0.0
2018-12-05,0.0,1.1,61.0,,,,,,,,,,0.0,8.3,100.0,0.0
2018-12-06,0.0,0.7,58.1,,,,,,,,,,0.0,5.7,100.0,0.0
2018-12-07,0.0,0.9,56.2,,,,,,,,,,0.0,7.4,100.0,0.0
2018-12-08,,,,,,,,,,,,,0.0,6.8,100.0,0.0
2018-12-09,,,,,,,,,,,,,0.0,7.5,100.0,0.0
2018-12-10,,,,,,,,,,,,,0.0,6.9,100.0,0.0
2018-12-11,0.0,0.8,62.1,0.0,1.2,99.5,,,,,,,0.0,8.6,100.0,0.0
2018-12-12,0.0,0.7,62.2,,,,0.0,5.1,100.0,,,,0.0,9.9,100.0,0.0
2018-12-13,0.0,1.0,62.3,,,,,,,,,,0.0,10.6,100.0,0.0
2018-12-14,,,,,,,,,,,,,0.0,11.4,100.0,0.0
2018-12-15,,,,,,,,,,,,,0.0,12.5,100.0,0.0
2018-12-16,,,,,,,,,,,,,0.0,12.6,100.0,0.0
2018-12-17,0.0,0.9,62.0,,,,,,,,,,0.0,10.8,100.0,0.0
2018-12-18,0.0,1.0,61.2,,,,,,,,,,0.0,10.3,100.0,0.0
2018-12-19,0.0,2.4,62.1,,,,,,,,,,0.0,12.7,100.0,0.0
2018-12-20,,,,,,,,,,,,,0.0,14.0,100.0,0.0
2018-12-21,,,,,,,,,,,,,0.0,12.7,100.0,0.0
2018-12-22,,,,,,,,,,,,,0.0,12.4,100.0,0.0
2018-12-23,0.0,2.5,61.7,,,,,,,,,,0.0,13.4,100.0,0.0
2018-12-24,0.0,4.2,61.0,,,,,,,,,,0.0,14.1,100.0,0.0
2018-12-25,0.0,3.3,62.5,,,,,,,,,,0.0,14.5,100.0,0.0
2018-12-26,,,,1.1,8.4,100.0,,,,,,,0.0,15.6,100.0,0.0
2018-12-27,,,,,,,,,,,,,0.0,19.1,100.0,0.0
2018-12-28,,,,,,,,,,,,,0.0,23.7,100.0,0.0
2018-12-29,0.4,7.1,62.2,,,,,,,,,,0.0,22.8,100.0,0.0
2018-12-30,0.4,3.0,62.3,,,,,,,,,,0.0,24.0,100.0,0.0
2018-12-31,0.4,2.1,62.2,,,,,,,,,,0.0,22.4,100.0,0.0
2019-01-01,,,,,,,,,,,,,0.2,20.8,100.0,0.2
2019-01-02,,,,,,,,,,,,,0.2,19.6,100.0,0.2
2019-01-03,,,,,,,,,,,,,0.2,22.6,100.0,0.2
2019-01-04,0.2,2.6,91.3,,,,,,,,,,0.6,23.7,100.0,0.6
2019-01-05,0.0,4.4,92.5,,,,,,,,,,5.5,28.9,100.0,5.5
2019-01-06,0.2,4.5,95.9,,,,,,,,,,6.1,27.9,100.0,6.1
2019-01-07,,,,,,,,,,,,,8.3,33.0,100.0,8.3
2019-01-08,,,,,,,,,,,,,9.2,32.0,100.0,9.2
2019-01-09,,,,,,,,,,,,,12.6,38.5,100.0,12.6
2019-01-10,0.0,4.2,92.7,99.4,88.4,99.4,,,,,,,17.2,44.0,100.0,17.2
2019-01-11,0.2,6.3,94.7,,,,,,,,,,41.3,52.9,100.0,41.3
2019-01-12,0.5,11.0,95.8,,,,,,,,,,38.5,54.9,100.0,38.5
2019-01-13,,,,,,,,,,,,,53.0,61.5,100.0,53.0
2019-01-14,,,,,,,,,,,,,66.5,67.7,100.0,66.5
2019-01-15,,,,99.5,98.8,100.0,,,,,,,91.7,76.3,100.0,91.7
2019-01-16,0.0,13.1,91.3,,,,,,,,,,98.0,76.6,100.0,98.0
2019-01-17,1.5,15.1,93.9,,,,,,,,,,99.2,79.7,100.0,99.2
2019-01-18,7.6,24.4,95.9,,,,,,,,,,99.2,84.5,100.0,99.2
2019-01-19,,,,,,,,,,,,,99.2,88.0,100.0,99.2
2019-01-20,,,,,,,,,,,,,99.4,90.5,100.0,99.4
2019-01-21,,,,,,,,,,,,,99.4,92.3,100.0,99.4
2019-01-22,39.5,39.9,91.0,,,,,,,,,,99.4,93.9,100.0,99.4
2019-01-23,74.5,52.5,91.7,,,,,,,,,,99.4,95.4,100.0,99.4
2019-01-24,81.6,59.7,95.2,,,,,,,,,,99.4,96.0,100.0,99.4
2019-01-25,,,,99.5,99.6,100.0,,,,,,,99.4,96.8,100.0,99.4
2019-01-26,,,,,,,,,,,,,99.4,96.8,100.0,99.4
2019-01-27,,,,,,,,,,,,,99.4,97.0,100.0,99.4
2019-01-28,84.8,64.6,89.5,,,,,,,,,,99.5,97.3,100.0,99.5
2019-01-29,86.3,66.9,91.4,,,,100.0,100.0,42.3,,,,99.7,97.7,100.0,99.7
2019-01-30,86.2,71.0,92.7,,,,,,,,,,99.7,97.6,100.0,99.7
2019-01-31,,,,,,,,,,,,,99.8,98.3,100.0,99.8
2019-02-01,,,,,,,,,,,,,99.8,98.1,100.0,99.8
2019-02-02,,,,,,,,,,,,,99.8,98.2,100.0,99.8
2019-02-03,99.4,85.8,77.5,,,,,,,,,,99.8,98.1,100.0,99.8
2019-02-04,100.0,85.9,76.4,100.0,99.7,100.0,,,,,,,99.8,98.6,100.0,99.8
2019-02-05,100.0,81.5,78.0,,,,,,,,,,99.8,98.2,100.0,99.8
2019-02-06,,,,,,,,,,,,,99.8,98.1,100.0,99.8
2019-02-07,,,,,,,,,,,,,99.8,97.6,100.0,99.8
2019-02-08,,,,,,,,,,100.0,84.1,43.4,100.0,98.0,100.0,100.0
2019-02-09,100.0,85.3,73.6,,,,,,,,,,100.0,97.7,100.0,100.0
2019-02-10,100.0,83.7,74.9,,,,,,,,,,100.0,98.2,100.0,100.0
2019-02-11,100.0,85.6,74.1,,,,,,,99.8,81.4,99.1,100.0,98.4,100.0,100.0
2019-02-12,,,,,,,,,,,,,100.0,98.7,100.0,100.0
2019-02-13,,,,,,,,,,98.4,75.0,100.0,100.0,98.8,100.0,100.0
2019-02-14,,,,100.0,99.7,100.0,100.0,99.9,100.0,98.4,77.2,95.9,100.0,99.4,100.0,100.0
2019-02-15,,,,,,,,,,,,,100.0,99.3,100.0,100.0
2019-02-16,100.0,83.7,74.4,,,,,,,98.9,77.9,100.0,100.0,99.4,100.0,100.0
2019-02-17,100.0,87.9,77.4,,,,,,,97.8,78.3,100.0,100.0,99.4,100.0,100.0
2019-02-18,,,,,,,,,,99.7,86.5,100.0,100.0,99.4,100.0,100.0
2019-02-19,,,,100.0,99.6,100.0,,,,,,,100.0,99.6,100.0,100.0
2019-02-20,,,,,,,,,,99.5,89.0,100.0,100.0,99.5,100.0,100.0
2019-02-21,100.0,92.4,75.0,,,,,,,99.7,91.3,100.0,100.0,99.6,100.0,100.0
2019-02-22,100.0,95.0,78.3,,,,,,,,,,100.0,99.6,100.0,100.0
2019-02-23,100.0,94.3,76.0,,,,,,,99.7,95.6,100.0,100.0,99.5,100.0,100.0
2019-02-24,,,,100.0,99.5,100.0,,,,99.8,96.9,100.0,100.0,99.4,100.0,100.0
2019-02-25,,,,,,,,,,99.8,95.0,100.0,100.0,99.2,100.0,100.0
2019-02-26,,,,,,,,,,,,,100.0,99.1,100.0,100.0
2019-02-27,100.0,94.1,71.8,,,,,,,,,,100.0,99.0,100.0,100.0
2019-02-28,,,,,,,,,,99.8,95.8,100.0,100.0,98.7,100.0,100.0
2019-03-01,100.0,94.7,76.4,,,,,,,,,,100.0,98.5,100.0,100.0
2019-03-02,,,,,,,,,,,,,99.4,97.8,100.0,99.4
2019-03-03,,,,,,,,,,99.8,94.2,100.0,99.2,97.5,100.0,99.2
2019-03-04,,,,,,,,,,,,,99.2,96.9,100.0,99.2
2019-03-05,100.0,95.8,73.9,,,,,,,,,,98.9,96.5,100.0,98.9
2019-03-06,100.0,96.2,77.2,,,,,,,,,,98.9,96.5,100.0,98.9
2019-03-07,100.0,93.7,78.5,,,,,,,,,,98.0,95.4,100.0,98.0
2019-03-08,,,,,,,,,,,,,98.9,96.3,100.0,98.9
2019-03-09,,,,,,,,,,,,,98.3,95.7,100.0,98.3
2019-03-10,,,,,,,,,,,,,98.8,96.6,100.0,98.8
2019-03-11,100.0,94.5,80.7,,,,,,,99.8,94.4,100.0,98.8,96.8,100.0,98.8
2019-03-12,100.0,92.9,80.3,,,,,,,,,,99.1,97.7,100.0,99.1
2019-03-13,100.0,92.9,80.2,,,,,,,,,,99.1,97.7,100.0,99.1
2019-03-14,,,,,,,,,,,,,99.1,97.8,100.0,99.1
2019-03-15,,,,,,,,,,,,,99.2,97.9,100.0,99.2
2019-03-16,,,,100.0,99.5,100.0,,,,,,,99.2,98.4,100.0,99.2
2019-03-17,100.0,89.6,79.9,,,,,,,,,,99.2,98.4,100.0,99.2
2019-03-18,99.8,87.5,80.7,,,,,,,,,,99.4,98.4,100.0,99.4
2019-03-19,100.0,84.9,80.2,,,,,,,,,,99.4,98.7,100.0,99.4
2019-03-20,,,,,,,,,,,,,99.7,98.8,100.0,99.7
2019-03-21,,,,100.0,99.2,100.0,,,,,,,99.5,98.9,100.0,99.5
2019-03-22,,,,,,,,,,,,,99.7,98.8,100.0,99.7
2019-03-23,100.0,86.4,79.4,,,,,,,,,,99.5,98.8,100.0,99.5
2019-03-24,100.0,83.8,79.6,,,,,,,,,,100.0,98.8,100.0,100.0
2019-03-25,100.0,84.8,80.3,,,,,,,,,,99.7,98.8,100.0,99.7
2019-03-26,,,,100.0,99.7,100.0,,,,,,,100.0,98.9,100.0,100.0
2019-03-27,,,,,,,,,,,,,99.5,98.6,100.0,99.5
2019-03-28,,,,,,,,,,,,,100.0,98.5,100.0,100.0
2019-03-29,99.6,84.4,78.6,,,,,,,,,,99.8,98.5,100.0,99.8
2019-03-30,100.0,84.8,78.8,,,,,,,,,,99.8,98.4,100.0,99.8
2019-03-31,99.8,83.4,80.0,99.7,99.1,100.0,,,,,,,99.5,98.5,100.0,99.5
2019-04-01,,,,,,,,,,,,,100.0,98.2,100.0,100.0
2019-04-02,,,,,,,,,,,,,99.5,97.8,100.0,99.5
2019-04-03,,,,,,,,,,,,,99.5,97.7,100.0,99.5
2019-04-04,99.8,84.5,81.0,,,,,,,,,,99.5,97.6,100.0,99.5
2019-04-05,98.1,75.3,80.8,100.0,99.8,100.0,,,,,,,99.7,98.0,100.0,99.7
2019-04-06,99.4,77.1,80.7,,,,,,,,,,98.9,97.3,100.0,98.9
2019-04-07,,,,,,,,,,,,,99.5,97.1,100.0,99.5
2019-04-08,,,,,,,,,,,,,98.9,96.9,100.0,98.9
2019-04-09,,,,,,,,,,,,,99.7,97.0,100.0,99.7
2019-04-10,91.3,67.7,80.5,98.6,96.9,32.9,,,,,,,98.6,96.6,100.0,98.6
2019-04-11,95.5,78.4,79.9,,,,,,,,,,98.8,96.5,100.0,98.8
2019-04-12,93.0,77.1,80.3,,,,,,,,,,98.3,95.9,100.0,98.3
2019-04-13,,,,,,,,,,,,,98.8,96.1,100.0,98.8
2019-04-14,,,,,,,,,,,,,98.1,95.3,100.0,98.1
2019-04-15,,,,100.0,99.3,100.0,,,,,,,98.8,96.0,100.0,98.8
2019-04-16,93.5,77.1,79.3,,,,,,,,,,98.3,94.8,100.0,98.3
2019-04-17,91.6,72.3,80.0,,,,,,,,,,98.6,94.8,100.0,98.6
2019-04-18,91.8,72.2,80.0,,,,,,,,,,98.3,94.1,100.0,98.3
2019-04-19,,,,,,,,,,,,,98.6,94.2,100.0,98.6
2019-04-20,,,,99.7,98.0,100.0,,,,,,,98.4,93.6,100.0,98.4
2019-04-21,,,,,,,,,,,,,98.4,92.3,100.0,98.4
2019-04-22,99.8,77.6,76.1,,,,,,,,,,98.3,90.9,100.0,98.3
2019-04-23,97.7,71.5,75.8,,,,,,,,,,98.3,89.9,100.0,98.3
2019-04-24,93.8,59.1,77.4,,,,,,,,,,96.6,85.4,100.0,96.6
2019-04-25,,,,,,,,,,,,,95.5,82.4,100.0,95.5
2019-04-26,,,,,,,,,,,,,90.6,77.6,100.0,90.6
2019-04-27,,,,,,,,,,,,,86.9,73.8,100.0,86.9
2019-04-28,60.1,47.3,74.3,,,,,,,,,,80.7,68.5,100.0,80.7
2019-04-29,26.4,32.7,74.6,,,,,,,,,,64.3,62.1,100.0,64.3
2019-04-30,28.5,29.0,75.0,93.6,84.8,100.0,,,,,,,31.8,54.8,100.0,31.8
2019-05-01,,,,,,,,,,,,,13.3,38.7,100.0,13.3
2019-05-02,,,,,,,,,,,,,11.9,31.6,100.0,11.9
2019-05-03,,,,,,,,,,,,,8.1,24.5,100.0,8.1
2019-05-04,4.1,9.8,72.9,,,,,,,,,,6.9,21.2,100.0,6.9
2019-05-05,1.3,4.7,71.9,,,,,,,,,,1.4,16.2,100.0,1.4
2019-05-06,0.8,4.5,76.6,,,,,,,,,,1.7,15.8,100.0,1.7
2019-05-07,,,,,,,,,,,,,0.0,11.7,100.0,0.0
2019-05-08,,,,,,,,,,,,,0.0,10.4,100.0,0.0
2019-05-09,,,,,,,,,,,,,0.0,7.3,100.0,0.0
2019-05-10,0.0,2.7,71.6,1.9,12.9,32.6,,,,,,,0.0,7.3,100.0,0.0
2019-05-11,0.2,2.9,70.8,,,,,,,,,,0.0,6.0,100.0,0.0
2019-05-12,0.2,3.6,76.3,,,,,,,,,,0.0,6.6,100.0,0.0
2019-05-13,,,,,,,,,,,,,0.0,6.3,100.0,0.0
2019-05-14,,,,,,,,,,,,,0.0,7.6,100.0,0.0
2019-05-15,,,,1.9,4.7,100.0,,,,,,,0.0,6.5,100.0,0.0
2019-05-16,0.2,2.5,72.9,,,,,,,,,,0.0,4.9,100.0,0.0
2019-05-17,0.0,3.0,76.1,,,,,,,,,,0.0,4.2,100.0,0.0
2019-05-18,0.2,3.9,76.8,,,,,,,100.0,86.9,48.4,0.0,4.2,100.0,0.0
2019-05-19,,,,,,,,,,,,,0.0,4.0,100.0,0.0
2019-05-20,,,,,,,,,,,,,0.0,3.8,100.0,0.0
2019-05-21,,,,,,,,,,,,,0.0,3.9,100.0,0.0
2019-05-22,0.0,2.3,71.0,,,,,,,95.6,74.1,100.0,0.0,4.2,100.0,0.0
2019-05-23,0.0,3.0,74.7,,,,,,,,,,0.0,5.0,100.0,0.0
2019-05-24,0.2,3.0,76.3,,,,,,,26.2,37.1,100.0,0.0,4.2,100.0,0.0
2019-05-25,,,,,,,,,,,,,0.0,4.6,100.0,0.0
2019-05-26,,,,,,,,,,,,,0.0,4.1,100.0,0.0
2019-05-27,,,,,,,,,,,,,0.0,3.8,100.0,0.0
2019-05-28,0.0,2.6,71.1,,,,,,,,,,0.0,3.7,100.0,0.0
2019-05-29,0.0,2.9,73.8,,,,,,,,,,0.0,4.4,100.0,0.0
2019-05-30,0.2,3.3,76.0,0.0,0.1,100.0,,,,,,,0.0,4.6,100.0,0.0
2019-05-31,,,,,,,,,,0.0,13.1,100.0,0.0,4.2,100.0,0.0
2019-06-01,,,,,,,,,,0.0,5.0,66.0,0.0,4.4,100.0,0.0
2019-06-02,,,,,,,,,,,,,0.0,4.4,100.0,0.0
2019-06-03,0.0,1.2,65.5,,,,,,,,,,0.0,3.9,100.0,0.0
2019-06-04,0.0,1.9,71.1,0.0,0.0,100.0,,,,0.0,1.9,97.0,0.0,2.7,100.0,0.0
2019-06-05,0.2,2.6,75.5,,,,,,,,,,0.0,3.2,100.0,0.0
2019-06-06,,,,,,,,,,,,,0.0,3.2,100.0,0.0
2019-06-07,,,,,,,,,,,,,0.0,3.0,100.0,0.0
2019-06-08,,,,,,,,,,0.0,0.6,98.1,0.0,2.6,100.0,0.0
2019-06-09,0.0,1.1,70.2,,,,,,,,,,0.0,3.0,100.0,0.0
2019-06-10,0.0,1.6,73.3,,,,,,,,,,0.0,2.8,100.0,0.0
2019-06-11,0.2,2.4,76.4,,,,,,,,,,0.0,2.4,100.0,0.0
2019-06-12,,,,,,,,,,0.0,0.3,55.4,0.0,3.7,100.0,0.0
2019-06-13,,,,,,,,,,,,,0.0,3.9,100.0,0.0
2019-06-14,,,,,,,,,,,,,0.0,3.9,100.0,0.0
2019-06-15,0.0,0.8,69.9,,,,,,,,,,0.0,2.8,100.0,0.0
2019-06-16,0.0,1.5,75.8,,,,,,,,,,0.0,3.2,100.0,0.0
2019-06-17,0.2,1.9,76.6,,,,,,,0.0,0.1,100.0,0.0,3.1,100.0,0.0
2019-06-18,,,,,,,,,,,,,0.0,3.2,100.0,0.0
2019-06-19,,,,0.0,0.0,70.5,,,,0.0,0.1,100.0,0.0,2.0,100.0,0.0
2019-06-20,,,,,,,,,,,,,0.0,2.4,100.0,0.0
2019-06-21,0.0,1.5,74.7,,,,,,,,,,0.0,2.3,100.0,0.0
2019-06-22,0.0,1.7,75.7,,,,,,,,,,0.0,2.8,100.0,0.0
2019-06-23,0.0,2.3,76.9,,,,,,,0.0,0.0,100.0,0.0,2.2,100.0,0.0
2019-06-24,,,,0.0,0.0,100.0,,,,,,,0.0,1.9,100.0,0.0
2019-06-25,,,,,,,,,,,,,0.0,2.0,100.0,0.0
2019-06-26,,,,,,,,,,0.0,0.0,100.0,0.0,2.1,100.0,0.0
2019-06-27,0.0,1.4,73.0,,,,,,,0.0,0.0,100.0,0.0,1.9,100.0,0.0
2019-06-28,0.0,1.8,76.4,,,,,,,0.0,0.0,100.0,0.0,1.5,100.0,0.0
2019-06-29,0.0,2.4,77.2,0.0,0.0,100.0,,,,,,,0.0,1.4,100.0,0.0
2019-06-30,,,,,,,,,,0.0,0.0,100.0,0.0,1.3,100.0,0.0
2019-07-01,,,,,,,,,,,,,0.0,1.3,100.0,0.0
2019-07-02,,,,,,,,,,0.0,0.0,100.0,0.0,0.8,100.0,0.0
2019-07-03,0.0,1.9,74.4,,,,,,,,,,0.0,0.8,100.0,0.0
2019-07-04,0.0,1.9,76.9,,,,,,,,,,0.0,0.9,100.0,0.0
2019-07-05,0.0,1.8,77.4,,,,,,,,,,0.0,0.9,100.0,0.0
2019-07-06,,,,,,,,,,,,,0.0,0.9,100.0,0.0
2019-07-07,,,,,,,,,,,,,0.0,1.1,100.0,0.0
2019-07-08,,,,,,,,,,,,,0.0,1.2,100.0,0.0
2019-07-09,0.0,1.5,76.0,,,,,,,,,,0.0,0.8,100.0,0.0
2019-07-10,0.0,1.2,77.4,,,,,,,,,,0.0,0.3,100.0,0.0
2019-07-11,0.0,1.1,76.9,,,,,,,,,,0.0,0.2,100.0,0.0
2019-07-12,,,,,,,,,,,,,0.0,0.3,100.0,0.0
2019-07-13,,,,,,,,,,,,,0.0,0.2,100.0,0.0
2019-07-14,,,,0.0,0.0,48.4,,,,,,,0.0,0.2,100.0,0.0
2019-07-15,0.0,0.9,76.4,,,,,,,,,,0.0,0.2,100.0,0.0
2019-07-16,0.0,0.8,76.8,,,,,,,,,,0.0,0.1,100.0,0.0
2019-07-17,0.0,0.8,77.4,,,,,,,,,,0.0,0.1,100.0,0.0
2019-07-18,,,,,,,,,,,,,0.0,0.1,100.0,0.0
2019-07-19,,,,0.0,0.0,62.7,,,,,,,0.0,0.1,100.0,0.0
2019-07-20,,,,,,,,,,,,,0.0,0.1,100.0,0.0
2019-07-21,0.0,1.0,76.0,,,,,,,,,,0.0,0.1,100.0,0.0
2019-07-22,0.0,1.3,77.4,,,,,,,,,,0.0,0.1,100.0,0.0
2019-07-23,0.0,1.9,77.7,,,,,,,,,,0.0,0.2,100.0,0.0
2019-07-24,,,,0.0,0.0,100.0,0.0,0.3,99.2,,,,0.0,0.2,100.0,0.0
2019-07-25,,,,,,,,,,,,,0.0,0.1,100.0,0.0
2019-07-26,,,,,,,,,,,,,0.0,0.1,100.0,0.0
2019-07-27,0.0,2.0,75.2,,,,,,,,,,0.0,0.1,100.0,0.0
2019-07-28,0.0,2.1,76.6,,,,,,,,,,0.0,0.2,100.0,0.0
2019-07-29,0.0,2.7,76.8,0.0,0.0,93.4,,,,0.0,0.0,100.0,0.0,0.1,100.0,0.0
2019-07-30,,,,,,,,,,,,,0.0,0.1,100.0,0.0
2019-07-31,,,,,,,,,,,,,0.0,0.2,100.0,0.0
2019-08-01,,,,,,,,,,,,,0.0,0.2,100.0,0.0
2019-08-02,0.0,3.5,76.4,,,,,,,,,,0.0,0.2,100.0,0.0
2019-08-03,0.0,3.0,77.1,,,,,,,,,,0.0,0.1,100.0,0.0
2019-08-04,0.0,2.9,78.0,,,,,,,,,,0.0,0.1,100.0,0.0
2019-08-05,,,,,,,,,,0.0,0.0,58.2,0.0,0.1,100.0,0.0
2019-08-06,,,,,,,,,,,,,0.0,0.1,100.0,0.0
2019-08-07,,,,,,,,,,,,,0.0,0.1,100.0,0.0
2019-08-08,0.0,2.7,76.4,0.0,0.0,85.8,,,,,,,0.0,0.1,100.0,0.0
2019-08-09,0.0,2.7,77.1,,,,0.0,0.0,99.2,0.0,0.0,60.5,0.0,0.1,100.0,0.0
2019-08-10,0.0,3.0,77.2,,,,,,,,,,0.0,0.1,100.0,0.0
2019-08-11,,,,,,,,,,,,,0.0,0.0,100.0,0.0
2019-08-12,,,,,,,,,,,,,0.0,0.1,100.0,0.0
2019-08-13,,,,,,,,,,,,,0.0,0.1,100.0,0.0
2019-08-14,0.0,1.5,76.6,,,,,,,0.0,0.0,100.0,0.0,0.1,100.0,0.0
2019-08-15,0.0,0.8,77.7,,,,,,,,,,0.0,0.1,100.0,0.0
2019-08-16,0.2,1.5,98.8,,,,,,,,,,0.0,0.2,100.0,0.0
2019-08-17,,,,,,,,,,,,,0.0,0.2,100.0,0.0
2019-08-18,,,,0.0,0.0,100.0,,,,,,,0.0,0.1,100.0,0.0
2019-08-19,,,,,,,,,,,,,0.0,0.1,100.0,0.0
2019-08-20,0.0,1.1,96.1,,,,,,,,,,0.0,0.1,100.0,0.0
2019-08-21,0.0,0.9,96.3,,,,,,,0.0,0.0,100.0,0.0,0.1,100.0,0.0
2019-08-22,0.0,0.8,98.0,,,,,,,,,,0.0,0.0,100.0,0.0
2019-08-23,,,,0.0,0.0,100.0,,,,,,,0.0,0.0,100.0,0.0
2019-08-24,,,,,,,,,,,,,0.0,0.0,100.0,0.0
2019-08-25,,,,,,,0.0,0.0,99.4,0.0,0.0,100.0,0.0,0.0,100.0,0.0
2019-08-26,0.0,0.8,92.2,,,,,,,0.0,0.0,100.0,0.0,0.0,100.0,0.0
2019-08-27,0.0,1.0,90.2,,,,,,,,,,0.0,0.0,100.0,0.0
2019-08-28,0.2,0.9,88.0,,,,,,,0.0,0.0,100.0,0.0,0.0,100.0,0.0
2019-08-29,,,,,,,,,,,,,0.0,0.0,100.0,0.0
2019-08-30,,,,,,,,,,,,,0.0,0.0,100.0,0.0
2019-08-31,,,,,,,,,,,,,0.0,0.0,100.0,0.0
2019-09-01,0.0,1.2,97.2,,,,,,,,,,0.0,0.0,100.0,0.0
2019-09-02,0.0,0.7,82.1,,,,,,,,,,0.0,0.1,100.0,0.0
2019-09-03,0.0,1.3,78.5,,,,,,,0.0,0.0,100.0,0.0,0.0,100.0,0.0
2019-09-04,,,,,,,,,,,,,0.0,0.1,100.0,0.0
2019-09-05,,,,,,,,,,0.0,0.0,100.0,0.0,0.0,100.0,0.0
2019-09-06,,,,,,,,,,,,,0.0,0.1,100.0,0.0
2019-09-07,0.0,0.8,86.0,,,,,,,,,,0.0,0.1,100.0,0.0
2019-09-08,0.0,1.0,94.5,,,,,,,,,,0.0,0.1,100.0,0.0
2019-09-09,0.0,1.1,86.1,,,,,,,,,,0.0,0.1,100.0,0.0
2019-09-10,,,,,,,,,,,,,0.0,0.3,100.0,0.0
2019-09-11,,,,,,,,,,,,,0.0,0.2,100.0,0.0
2019-09-12,,,,0.0,0.0,100.0,,,,,,,0.0,0.2,100.0,0.0
2019-09-13,0.0,1.2,75.7,,,,,,,,,,0.0,0.1,100.0,0.0
2019-09-14,,,,,,,,,,,,,0.0,0.1,100.0,0.0
2019-09-15,0.0,2.5,98.1,,,,,,,,,,0.0,0.1,100.0,0.0
2019-09-16,,,,,,,,,,,,,0.0,0.1,100.0,0.0
2019-09-17,,,,,,,,,,,,,0.0,0.2,100.0,0.0
2019-09-18,,,,,,,,,,,,,0.0,0.2,100.0,0.0
2019-09-19,0.0,1.8,97.0,,,,,,,,,,0.0,0.2,100.0,0.0
2019-09-20,0.0,2.8,98.0,,,,,,,,,,0.0,0.2,100.0,0.0
2019-09-21,0.0,3.1,98.0,,,,,,,,,,0.0,0.2,100.0,0.0
2019-09-22,,,,,,,,,,,,,0.0,0.3,100.0,0.0
2019-09-23,,,,,,,,,,0.0,0.0,99.8,0.0,0.2,100.0,0.0
2019-09-24,,,,,,,,,,,,,0.0,0.3,100.0,0.0
2019-09-25,0.0,3.6,96.9,,,,,,,,,,0.0,0.4,100.0,0.0
2019-09-26,0.0,2.7,96.9,,,,,,,,,,0.0,0.4,100.0,0.0
2019-09-27,0.0,3.2,97.3,,,,,,,,,,0.0,0.5,100.0,0.0
2019-09-28,,,,,,,,,,,,,0.0,0.6,100.0,0.0
2019-09-29,,,,,,,,,,,,,0.0,0.9,100.0,0.0
2019-09-30,,,,,,,,,,0.0,0.0,100.0,0.0,0.7,100.0,0.0
2019-10-01,0.0,2.6,93.4,,,,,,,0.0,0.0,100.0,0.0,0.6,100.0,0.0
2019-10-02,0.0,1.6,94.4,,,,,,,,,,0.0,0.7,100.0,0.0
2019-10-03,0.0,2.0,94.7,,,,,,,,,,0.0,0.9,100.0,0.0
2019-10-04,,,,,,,,,,,,,0.0,1.1,100.0,0.0
2019-10-05,,,,,,,,,,0.0,0.0,100.0,0.0,1.0,100.0,0.0
2019-10-06,,,,,,,,,,,,,0.0,1.5,100.0,0.0
2019-10-07,0.0,1.6,94.2,0.0,0.0,100.0,,,,,,,0.0,1.2,100.0,0.0
2019-10-08,0.0,2.8,95.5,,,,,,,0.0,0.0,100.0,0.0,1.2,100.0,0.0
2019-10-09,0.0,2.1,97.7,,,,,,,,,,0.0,1.0,100.0,0.0
2019-10-10,,,,,,,,,,,,,0.0,1.4,100.0,0.0
2019-10-11,,,,,,,,,,,,,0.0,1.2,100.0,0.0
2019-10-12,,,,,,,,,,,,,0.0,1.6,100.0,0.0
2019-10-13,0.0,2.8,96.6,,,,,,,,,,0.0,0.8,100.0,0.0
2019-10-14,0.0,2.4,97.0,,,,,,,,,,0.0,1.1,100.0,0.0
2019-10-15,0.0,2.3,97.8,,,,,,,,,,0.0,1.2,100.0,0.0
2019-10-16,,,,,,,,,,0.0,0.0,100.0,0.0,1.3,100.0,0.0
2019-10-17,,,,0.0,0.0,51.3,,,,0.0,0.1,100.0,0.0,0.9,100.0,0.0
2019-10-18,,,,,,,,,,,,,0.0,1.1,100.0,0.0
2019-10-19,0.0,1.7,94.7,,,,,,,,,,0.0,1.2,100.0,0.0
2019-10-20,0.0,2.0,97.5,,,,,,,,,,0.0,1.7,100.0,0.0
2019-10-21,0.0,2.3,98.0,,,,,,,,,,0.0,1.4,100.0,0.0
2019-10-22,,,,0.0,0.0,100.0,,,,,,,0.0,1.4,100.0,0.0
2019-10-23,,,,,,,,,,0.0,0.3,100.0,0.0,1.5,100.0,0.0
2019-10-24,,,,,,,,,,,,,0.0,1.6,100.0,0.0
2019-10-25,0.0,3.3,97.0,,,,,,,,,,0.0,1.5,100.0,0.0
2019-10-26,0.0,3.2,97.5,,,,,,,,,,0.0,1.5,100.0,0.0
2019-10-27,0.0,6.0,98.3,,,,,,,,,,0.0,1.7,100.0,0.0
2019-10-28,,,,,,,,,,,,,0.0,1.6,100.0,0.0
2019-10-29,,,,,,,,,,,,,0.0,1.7,100.0,0.0
2019-10-30,,,,,,,,,,,,,0.0,1.7,100.0,0.0
2019-10-31,0.0,4.7,95.9,,,,,,,,,,0.0,1.6,100.0,0.0
2019-11-01,0.0,5.4,97.8,0.0,0.0,93.4,,,,0.0,1.1,100.0,0.0,1.4,100.0,0.0
2019-11-02,0.0,4.6,98.1,,,,,,,,,,0.0,1.9,100.0,0.0
2019-11-03,,,,,,,,,,,,,0.0,2.0,100.0,0.0
2019-11-04,,,,,,,,,,,,,0.0,2.1,100.0,0.0
2019-11-05,,,,,,,,,,0.0,2.8,100.0,0.0,2.1,100.0,0.0
2019-11-06,0.0,3.2,96.3,,,,,,,,,,0.0,2.5,100.0,0.0
2019-11-07,0.0,1.5,97.2,,,,,,,,,,0.0,2.8,100.0,0.0
2019-11-08,0.0,1.6,98.3,,,,,,,0.0,7.1,100.0,0.0,3.3,100.0,0.0
2019-11-09,,,,,,,,,,,,,0.0,3.9,100.0,0.0
2019-11-10,,,,,,,,,,,,,0.0,4.8,100.0,0.0
2019-11-11,,,,0.0,0.3,100.0,,,,,,,0.0,4.9,100.0,0.0
2019-11-12,0.0,1.5,96.7,,,,,,,,,,0.0,5.5,100.0,0.0
2019-11-13,0.0,1.9,98.3,,,,,,,,,,0.0,5.3,100.0,0.0
2019-11-14,0.0,1.3,98.8,,,,,,,,,,0.0,6.2,100.0,0.0
2019-11-15,,,,,,,,,,0.0,10.1,100.0,0.0,6.2,100.0,0.0
2019-11-16,,,,1.3,3.4,93.8,,,,,,,0.0,7.4,100.0,0.0
2019-11-17,,,,,,,,,,,,,0.0,7.5,100.0,0.0
2019-11-18,0.0,1.9,97.3,,,,,,,,,,0.0,8.7,100.0,0.0
2019-11-19,0.0,2.2,98.0,,,,,,,,,,0.0,9.0,100.0,0.0
2019-11-20,0.0,5.8,98.6,,,,,,,,,,0.0,10.7,100.0,0.0
2019-11-21,,,,2.2,4.6,100.0,,,,,,,0.0,9.7,100.0,0.0
2019-11-22,,,,,,,,,,,,,0.0,10.6,100.0,0.0
2019-11-23,,,,,,,,,,,,,0.0,9.1,100.0,0.0
2019-11-24,0.0,3.3,94.9,,,,,,,,,,0.0,9.9,100.0,0.0
2019-11-25,0.0,5.9,97.2,,,,,,,,,,0.0,9.2,100.0,0.0
2019-11-26,0.2,5.1,98.3,,,,,,,,,,0.0,10.4,100.0,0.0
2019-11-27,,,,,,,,,,0.2,15.9,100.0,0.0,8.9,100.0,0.0
2019-11-28,,,,,,,,,,,,,0.0,10.5,100.0,0.0
2019-11-29,,,,,,,,,,,,,0.0,10.3,100.0,0.0
2019-11-30,0.0,11.0,97.0,,,,,,,,,,0.0,11.2,100.0,0.0
2019-12-01,0.0,8.2,98.1,,,,,,,,,,0.0,10.0,100.0,0.0
2019-12-02,0.0,6.5,98.1,,,,,,,,,,0.0,11.9,100.0,0.0
2019-12-03,,,,,,,,,,,,,0.0,12.0,100.0,0.0
2019-12-04,,,,,,,,,,2.7,19.8,100.0,0.0,12.3,100.0,0.0
2019-12-05,,,,,,,,,,,,,0.0,11.7,100.0,0.0
2019-12-06,0.0,4.7,95.2,2.0,3.8,100.0,,,,,,,0.0,13.1,100.0,0.0
2019-12-07,0.0,5.5,97.3,,,,,,,,,,0.0,12.5,100.0,0.0
2019-12-08,0.2,5.5,98.3,,,,,,,7.0,27.8,100.0,0.0,12.8,100.0,0.0
2019-12-09,,,,,,,,,,1.7,19.7,44.9,0.0,11.2,100.0,0.0
2019-12-10,,,,,,,,,,,,,0.0,12.6,100.0,0.0
2019-12-11,,,,,,,,,,,,,0.0,11.4,100.0,0.0
2019-12-12,0.0,3.6,96.4,,,,,,,28.9,38.8,100.0,0.0,11.3,100.0,0.0
2019-12-13,0.0,3.0,96.7,,,,,,,,,,0.0,9.9,100.0,0.0
2019-12-14,0.0,3.3,99.5,,,,,,,,,,0.0,11.0,100.0,0.0
2019-12-15,,,,,,,,,,37.9,43.6,100.0,0.0,9.7,100.0,0.0
2019-12-16,,,,,,,,,,88.3,68.8,100.0,0.0,9.3,100.0,0.0
2019-12-17,,,,,,,,,,,,,0.0,6.9,100.0,0.0
2019-12-18,0.2,3.9,97.7,,,,,,,,,,0.0,7.1,100.0,0.0
2019-12-19,0.5,4.3,99.2,,,,,,,94.4,72.0,100.0,0.0,6.6,100.0,0.0
2019-12-20,0.8,6.8,98.8,,,,,,,,,,0.0,6.5,100.0,0.0
2019-12-21,,,,,,,,,,99.8,82.9,100.0,0.0,6.6,100.0,0.0
2019-12-22,,,,,,,,,,,,,0.0,7.1,100.0,0.0
2019-12-23,,,,,,,,,,,,,0.0,7.1,100.0,0.0
2019-12-24,0.8,6.1,95.9,,,,,,,,,,0.0,7.7,100.0,0.0
2019-12-25,0.8,4.5,96.3,,,,,,,97.5,79.8,100.0,0.0,7.4,100.0,0.0
2019-12-26,1.8,4.5,95.9,,,,,,,,,,0.0,8.2,100.0,0.0
2019-12-27,,,,,,,,,,,,,0.0,7.8,100.0,0.0
2019-12-28,,,,,,,,,,,,,0.0,8.5,100.0,0.0
2019-12-29,,,,,,,,,,99.7,84.4,100.0,0.3,9.2,100.0,0.3
2019-12-30,4.3,4.5,93.3,,,,,,,,,,0.3,9.8,100.0,0.3
2019-12-31,2.0,3.5,95.0,2.1,4.4,98.8,0.2,1.4,100.0,,,,0.6,10.1,100.0,0.6
2020-01-01,0.0,0.5,90.1,,,,,,,,,,0.7,8.6,100.0,0.7
2020-01-02,,,,,,,,,,,,,0.7,10.1,100.0,0.7
2020-01-03,,,,,,,,,,,,,0.7,10.0,100.0,0.7
2020-01-04,,,,,,,,,,91.3,76.0,100.0,1.0,12.6,100.0,1.0
2020-01-05,0.0,0.4,91.0,1.1,2.9,100.0,,,,87.5,70.1,100.0,1.0,11.8,100.0,1.0
2020-01-06,0.0,0.6,91.8,,,,,,,,,,1.0,14.1,100.0,1.0
2020-01-07,0.0,0.7,93.4,,,,,,,,,,1.0,14.6,100.0,1.0
2020-01-08,,,,,,,,,,,,,1.1,22.9,100.0,1.1
2020-01-09,,,,,,,,,,,,,1.3,26.8,100.0,1.3
2020-01-10,,,,3.4,14.3,100.0,,,,,,,2.0,33.4,100.0,2.0
2020-01-11,0.0,1.1,93.1,,,,,,,82.3,67.8,100.0,2.5,34.6,100.0,2.5
2020-01-12,0.0,1.8,92.4,,,,,,,92.3,76.8,100.0,12.3,47.1,100.0,12.3
2020-01-13,0.0,4.4,93.8,,,,,,,,,,20.0,51.0,100.0,20.0
2020-01-14,,,,,,,,,,,,,37.4,58.0,100.0,37.4
2020-01-15,,,,8.7,34.7,100.0,,,,,,,47.9,60.2,100.0,47.9
2020-01-16,,,,,,,54.9,45.8,99.7,93.9,81.6,100.0,95.7,70.3,100.0,95.7
2020-01-17,0.2,5.2,93.4,,,,,,,,,,98.5,72.9,100.0,98.5
2020-01-18,0.4,12.4,92.1,,,,,,,,,,99.2,78.2,100.0,99.2
2020-01-19,0.5,16.0,93.4,,,,,,,,,,99.3,80.1,100.0,99.3
2020-01-20,,,,100.0,96.7,100.0,,,,93.9,89.8,100.0,99.7,84.5,100.0,99.7
2020-01-21,,,,,,,,,,,,,99.8,85.2,100.0,99.8
2020-01-22,,,,,,,,,,,,,99.5,85.6,100.0,99.5
2020-01-23,2.5,18.5,91.6,,,,,,,,,,99.5,85.6,100.0,99.5
2020-01-24,2.0,15.6,90.3,,,,,,,,,,96.4,83.3,100.0,96.4
2020-01-25,1.3,15.6,91.6,100.0,98.5,100.0,,,,,,,92.0,83.1,100.0,92.0
2020-01-26,,,,,,,,,,,,,84.9,80.4,100.0,84.9
2020-01-27,,,,,,,,,,,,,78.5,76.6,100.0,78.5
2020-01-28,,,,,,,,,,,,,82.4,78.4,100.0,82.4
2020-01-29,2.4,16.1,88.5,,,,,,,,,,92.3,81.8,100.0,92.3
2020-01-30,3.8,18.5,91.0,100.0,99.8,100.0,,,,,,,93.8,83.0,100.0,93.8
2020-01-31,7.0,22.5,91.6,,,,,,,96.7,93.0,100.0,94.7,81.7,100.0,94.7
2020-02-01,,,,,,,100.0,99.8,32.2,,,,99.5,84.7,100.0,99.5
2020-02-02,,,,,,,,,,,,,99.5,87.6,100.0,99.5
2020-02-03,,,,,,,,,,,,,99.5,89.4,100.0,99.5
2020-02-04,34.1,36.6,90.1,,,,,,,,,,99.7,92.4,100.0,99.7
2020-02-05,85.9,56.7,93.3,,,,,,,96.6,92.3,100.0,99.7,94.9,100.0,99.7
2020-02-06,99.3,75.8,92.6,,,,,,,,,,99.8,96.8,100.0,99.8
2020-02-07,,,,,,,,,,99.2,93.8,100.0,99.8,97.2,100.0,99.8
2020-02-08,,,,,,,,,,,,,99.8,98.2,100.0,99.8
2020-02-09,,,,100.0,99.9,100.0,,,,,,,99.8,98.8,100.0,99.8
2020-02-10,100.0,83.3,91.8,,,,,,,,,,99.8,98.9,100.0,99.8
2020-02-11,99.8,88.9,93.1,,,,,,,,,,99.8,98.7,100.0,99.8
2020-02-12,100.0,91.6,93.1,,,,,,,,,,99.8,99.1,100.0,99.8
2020-02-13,,,,,,,,,,,,,100.0,99.1,100.0,100.0
2020-02-14,,,,100.0,99.9,100.0,,,,,,,100.0,99.4,100.0,100.0
2020-02-15,,,,,,,,,,100.0,95.4,100.0,100.0,99.1,100.0,100.0
2020-02-16,100.0,93.4,90.1,,,,,,,,,,100.0,99.2,100.0,100.0
2020-02-17,100.0,92.5,92.0,,,,,,,,,,100.0,99.1,100.0,100.0
2020-02-18,100.0,91.3,93.3,,,,,,,,,,100.0,99.1,100.0,100.0
2020-02-19,,,,,,,,,,,,,100.0,99.1,100.0,100.0
2020-02-20,,,,,,,,,,100.0,97.3,100.0,100.0,99.1,100.0,100.0
2020-02-21,,,,,,,,,,,,,100.0,98.8,100.0,100.0
2020-02-22,100.0,91.0,89.7,,,,,,,,,,100.0,98.9,100.0,100.0
2020-02-23,100.0,88.5,92.0,,,,,,,,,,100.0,98.5,100.0,100.0
2020-02-24,100.0,82.0,93.4,100.0,99.7,100.0,,,,,,,100.0,98.4,100.0,100.0
2020-02-25,,,,,,,,,,,,,100.0,97.1,100.0,100.0
2020-02-26,,,,,,,,,,,,,99.7,96.1,100.0,99.7
2020-02-27,,,,,,,,,,,,,99.5,94.9,100.0,99.5
2020-02-28,100.0,81.8,89.8,,,,,,,,,,99.8,94.5,100.0,99.8
2020-02-29,96.1,72.0,89.5,,,,,,,,,,99.8,94.0,100.0,99.8
2020-03-01,97.9,75.2,92.1,,,,,,,,,,99.8,94.5,100.0,99.8
2020-03-02,,,,,,,,,,,,,99.8,93.4,100.0,99.8
2020-03-03,,,,,,,,,,100.0,97.5,100.0,99.8,93.4,100.0,99.8
2020-03-04,,,,,,,100.0,99.9,86.7,,,,100.0,93.9,100.0,100.0
2020-03-05,87.8,65.3,88.7,,,,,,,,,,100.0,93.3,100.0,100.0
2020-03-06,84.5,65.9,89.8,,,,,,,100.0,98.5,100.0,100.0,93.4,100.0,100.0
2020-03-07,69.1,53.2,91.0,,,,,,,100.0,99.0,100.0,100.0,95.2,100.0,100.0
2020-03-08,,,,,,,,,,,,,100.0,95.0,100.0,100.0
2020-03-09,,,,,,,,,,,,,100.0,95.9,100.0,100.0
2020-03-10,,,,,,,,,,,,,100.0,96.5,100.0,100.0
2020-03-11,84.0,66.8,93.1,,,,,,,,,,100.0,98.1,100.0,100.0
2020-03-12,82.4,62.0,92.4,,,,,,,,,,100.0,97.8,100.0,100.0
2020-03-13,89.5,72.9,93.9,,,,,,,100.0,99.1,100.0,100.0,98.1,100.0,100.0
2020-03-14,,,,,,,,,,100.0,99.3,100.0,100.0,97.9,100.0,100.0
2020-03-15,,,,100.0,99.7,100.0,,,,,,,100.0,98.9,100.0,100.0
2020-03-16,,,,,,,,,,,,,100.0,98.5,100.0,100.0
2020-03-17,90.3,72.7,86.2,,,,,,,,,,100.0,98.6,100.0,100.0
2020-03-18,92.8,75.2,89.0,,,,,,,100.0,99.4,100.0,100.0,98.2,100.0,100.0
2020-03-19,91.7,71.5,93.4,,,,,,,,,,100.0,98.6,100.0,100.0
2020-03-20,,,,100.0,98.9,100.0,,,,,,,100.0,98.2,100.0,100.0
2020-03-21,,,,,,,,,,,,,100.0,98.0,100.0,100.0
2020-03-22,,,,,,,,,,100.0,99.6,100.0,100.0,97.7,100.0,100.0
2020-03-23,96.0,78.4,89.8,,,,,,,,,,100.0,98.3,100.0,100.0
2020-03-24,100.0,86.5,88.3,,,,,,,,,,100.0,98.1,100.0,100.0
2020-03-25,100.0,90.6,91.3,100.0,99.4,100.0,,,,,,,100.0,98.5,100.0,100.0
2020-03-26,,,,,,,,,,,,,100.0,97.0,100.0,100.0
2020-03-27,,,,,,,,,,,,,100.0,97.9,100.0,100.0
2020-03-28,,,,,,,,,,,,,100.0,97.5,100.0,100.0
2020-03-29,100.0,93.4,93.6,,,,,,,,,,100.0,97.6,100.0,100.0
2020-03-30,100.0,95.2,92.4,,,,,,,100.0,99.3,100.0,100.0,97.2,100.0,100.0
2020-03-31,100.0,97.1,93.6,,,,,,,,,,100.0,97.4,100.0,100.0
2020-04-01,,,,,,,,,,,,,100.0,97.3,100.0,100.0
2020-04-02,,,,,,,,,,,,,100.0,97.5,100.0,100.0
2020-04-03,,,,,,,,,,100.0,98.7,100.0,100.0,97.4,100.0,100.0
2020-04-04,100.0,98.7,85.9,100.0,98.4,100.0,,,,,,,100.0,98.0,100.0,100.0
2020-04-05,100.0,99.1,86.9,,,,100.0,99.0,79.0,,,,100.0,98.1,100.0,100.0
2020-04-06,100.0,98.5,93.1,,,,,,,,,,100.0,97.8,100.0,100.0
2020-04-07,,,,,,,,,,100.0,96.9,100.0,100.0,97.5,100.0,100.0
2020-04-08,,,,,,,,,,99.8,96.7,100.0,100.0,97.3,100.0,100.0
2020-04-09,,,,100.0,95.6,100.0,,,,,,,100.0,97.3,100.0,100.0
2020-04-10,100.0,98.8,91.0,,,,,,,,,,100.0,96.5,100.0,100.0
2020-04-11,100.0,98.3,92.6,,,,,,,99.8,92.1,100.0,100.0,96.2,100.0,100.0
2020-04-12,99.7,96.5,98.4,,,,,,,99.8,89.3,100.0,100.0,95.5,100.0,100.0
2020-04-13,,,,,,,,,,,,,100.0,94.0,100.0,100.0
2020-04-14,,,,90.3,82.3,100.0,,,,,,,99.7,92.4,100.0,99.7
2020-04-15,,,,,,,,,,98.7,81.0,100.0,99.3,89.7,100.0,99.3
2020-04-16,99.8,96.4,96.9,,,,,,,,,,96.4,87.4,100.0,96.4
2020-04-17,99.8,93.2,98.2,,,,,,,99.2,83.7,100.0,90.6,82.6,100.0,90.6
2020-04-18,99.5,85.7,96.7,,,,,,,,,,84.4,77.8,100.0,84.4
2020-04-19,,,,,,,,,,,,,67.5,67.9,100.0,67.5
2020-04-20,,,,,,,,,,62.4,51.4,100.0,56.0,59.8,100.0,56.0
2020-04-21,,,,,,,,,,,,,30.4,44.9,100.0,30.4
2020-04-22,98.8,79.6,94.7,,,,,,,,,,19.4,41.1,100.0,19.4
2020-04-23,96.8,72.9,97.9,,,,,,,75.9,53.9,100.0,6.4,30.1,100.0,6.4
2020-04-24,93.6,69.2,97.5,,,,,,,4.1,26.4,100.0,4.1,27.6,100.0,4.1
2020-04-25,,,,,,,,,,3.1,29.5,100.0,1.1,18.8,100.0,1.1
2020-04-26,,,,,,,,,,,,,0.8,16.6,100.0,0.8
2020-04-27,,,,,,,,,,0.0,8.8,100.0,0.2,13.2,100.0,0.2
2020-04-28,86.1,65.4,94.7,,,,,,,,,,0.3,13.6,100.0,0.3
2020-04-29,68.7,53.1,95.9,,,,,,,0.0,11.5,100.0,0.2,10.8,100.0,0.2
2020-04-30,65.4,51.8,94.9,,,,,,,,,,0.3,11.4,100.0,0.3
2020-05-01,,,,,,,,,,,,,0.2,9.6,100.0,0.2
2020-05-02,,,,,,,,,,,,,0.8,13.4,100.0,0.8
2020-05-03,,,,,,,,,,0.0,4.0,100.0,0.2,11.0,100.0,0.2
2020-05-04,45.5,43.0,91.3,1.3,3.7,100.0,,,,,,,1.1,11.7,100.0,1.1
2020-05-05,43.4,41.5,93.1,,,,,,,,,,0.2,9.2,100.0,0.2
2020-05-06,26.4,32.9,97.2,,,,,,,,,,0.3,10.6,100.0,0.3
2020-05-07,,,,,,,0.0,0.1,45.6,,,,0.2,10.4,100.0,0.2
2020-05-08,,,,,,,,,,,,,0.2,9.0,100.0,0.2
2020-05-09,,,,0.0,0.2,99.8,,,,,,,0.0,7.1,100.0,0.0
2020-05-10,14.4,23.2,93.3,,,,,,,,,,0.0,7.4,100.0,0.0
2020-05-11,2.4,11.7,95.4,,,,,,,,,,0.0,7.0,100.0,0.0
2020-05-12,2.6,10.7,96.2,,,,,,,,,,0.0,6.5,100.0,0.0
2020-05-13,,,,,,,,,,,,,0.0,6.0,100.0,0.0
2020-05-14,,,,0.0,0.0,60.9,,,,,,,0.0,5.5,100.0,0.0
2020-05-15,,,,,,,,,,,,,0.0,5.8,100.0,0.0
2020-05-16,1.6,7.0,93.6,,,,,,,0.0,2.0,100.0,0.0,5.0,100.0,0.0
2020-05-17,0.7,5.4,96.9,,,,,,,,,,0.0,5.9,100.0,0.0
2020-05-18,0.2,3.9,94.9,,,,,,,,,,0.0,5.3,100.0,0.0
2020-05-19,,,,0.0,0.0,100.0,,,,,,,0.0,5.2,100.0,0.0
2020-05-20,,,,,,,,,,0.0,0.4,100.0,0.0,4.2,100.0,0.0
2020-05-21,,,,,,,,,,,,,0.0,4.5,100.0,0.0
2020-05-22,0.2,2.4,91.6,,,,,,,,,,0.0,4.4,100.0,0.0
2020-05-23,0.0,1.6,90.1,,,,,,,,,,0.0,4.9,100.0,0.0
2020-05-24,0.0,2.4,95.9,0.0,0.0,100.0,,,,,,,0.0,5.1,100.0,0.0
2020-05-25,,,,,,,,,,,,,0.0,4.7,100.0,0.0
2020-05-26,,,,,,,,,,,,,0.0,4.4,100.0,0.0
2020-05-27,,,,,,,,,,,,,0.0,4.1,100.0,0.0
2020-05-28,0.0,1.4,92.4,,,,,,,0.0,0.3,100.0,0.0,2.6,100.0,0.0
2020-05-29,0.0,2.1,93.4,0.0,0.0,100.0,,,,,,,0.0,2.6,100.0,0.0
2020-05-30,0.0,2.8,96.6,,,,,,,,,,0.0,2.8,100.0,0.0
2020-05-31,,,,,,,,,,,,,0.0,2.8,100.0,0.0
2020-06-01,,,,,,,,,,,,,0.0,2.2,100.0,0.0
2020-06-02,,,,,,,,,,,,,0.0,2.2,100.0,0.0
2020-06-03,0.0,2.0,92.3,,,,,,,,,,0.0,2.3,100.0,0.0
2020-06-04,0.3,2.6,98.0,,,,,,,,,,0.0,2.3,100.0,0.0
2020-06-05,0.0,2.7,98.2,,,,,,,,,,0.0,1.4,100.0,0.0
2020-06-06,,,,,,,,,,,,,0.0,2.5,100.0,0.0
2020-06-07,,,,,,,,,,,,,0.0,3.6,100.0,0.0
2020-06-08,,,,,,,,,,,,,0.0,4.2,100.0,0.0
2020-06-09,0.5,3.2,96.2,,,,,,,,,,0.0,3.1,100.0,0.0
2020-06-10,0.0,2.9,98.0,,,,,,,,,,0.0,3.3,100.0,0.0
2020-06-11,,,,,,,,,,,,,0.0,4.4,100.0,0.0
2020-06-12,,,,,,,,,,0.0,0.1,39.6,0.0,5.1,100.0,0.0
2020-06-13,,,,,,,,,,0.0,0.1,100.0,0.0,4.0,100.0,0.0
2020-06-14,,,,,,,,,,,,,0.0,4.3,100.0,0.0
2020-06-15,0.0,2.2,96.7,,,,,,,,,,0.0,4.1,100.0,0.0
2020-06-16,0.0,2.7,99.0,,,,,,,,,,0.0,4.4,100.0,0.0
2020-06-17,0.0,2.9,98.4,,,,,,,,,,0.0,2.7,100.0,0.0
2020-06-18,,,,,,,,,,,,,0.0,2.5,100.0,0.0
2020-06-19,,,,,,,,,,,,,0.0,2.6,100.0,0.0
2020-06-20,,,,,,,,,,0.0,0.0,100.0,0.0,2.8,100.0,0.0
2020-06-21,0.0,2.4,98.7,,,,,,,,,,0.0,2.8,100.0,0.0
2020-06-22,0.0,1.9,98.5,,,,,,,0.0,0.0,90.3,0.0,2.1,100.0,0.0
2020-06-23,,,,0.0,0.0,100.0,,,,,,,0.0,2.2,100.0,0.0
2020-06-24,,,,,,,,,,,,,0.0,2.2,100.0,0.0
2020-06-25,,,,,,,,,,0.0,0.0,100.0,0.0,1.9,100.0,0.0
2020-06-26,,,,,,,,,,0.0,0.0,77.8,0.0,1.4,100.0,0.0
2020-06-27,0.0,1.8,98.2,,,,,,,,,,0.0,1.5,100.0,0.0
2020-06-28,0.0,1.4,99.2,,,,,,,0.0,0.0,100.0,0.0,1.6,100.0,0.0
2020-06-29,0.0,1.9,99.2,,,,,,,,,,0.0,1.8,100.0,0.0
2020-06-30,,,,,,,,,,0.0,0.0,100.0,0.0,1.3,100.0,0.0
2020-07-01,,,,,,,,,,,,,0.0,2.0,100.0,0.0
2020-07-02,,,,,,,,,,,,,0.0,2.1,100.0,0.0
2020-07-03,0.0,1.3,99.2,0.0,0.0,36.3,,,,,,,0.0,2.2,100.0,0.0
2020-07-04,0.0,1.1,99.0,,,,,,,0.0,0.0,100.0,0.0,1.7,100.0,0.0
2020-07-05,0.0,1.1,99.3,,,,,,,,,,0.0,1.8,100.0,0.0
2020-07-06,,,,,,,,,,,,,0.0,2.2,100.0,0.0
2020-07-07,,,,,,,,,,,,,0.0,2.4,100.0,0.0
2020-07-08,,,,0.0,0.0,100.0,,,,0.0,0.0,100.0,0.0,1.7,100.0,0.0
2020-07-09,0.0,0.6,97.5,,,,,,,0.0,0.0,100.0,0.0,1.3,100.0,0.0
2020-07-10,0.0,0.4,98.5,,,,,,,,,,0.0,1.3,100.0,0.0
2020-07-11,0.0,0.4,98.9,,,,,,,,,,0.0,1.4,100.0,0.0
2020-07-12,,,,,,,,,,,,,0.0,1.4,100.0,0.0
2020-07-13,,,,0.0,0.0,78.0,,,,,,,0.0,1.1,100.0,0.0
2020-07-14,,,,,,,,,,0.0,0.0,71.4,0.0,0.8,100.0,0.0
2020-07-15,0.0,0.4,98.9,,,,,,,,,,0.0,1.2,100.0,0.0
2020-07-16,0.0,0.4,99.5,,,,,,,,,,0.0,1.2,100.0,0.0
2020-07-17,0.0,0.4,99.8,,,,,,,,,,0.0,0.9,100.0,0.0
2020-07-18,,,,0.0,0.0,96.4,,,,,,,0.0,0.8,100.0,0.0
2020-07-19,,,,,,,,,,,,,0.0,1.2,100.0,0.0
2020-07-20,,,,,,,,,,,,,0.0,1.0,100.0,0.0
2020-07-21,0.0,0.5,98.7,,,,,,,,,,0.0,0.7,100.0,0.0
2020-07-22,0.0,0.6,99.5,,,,,,,,,,0.0,0.3,100.0,0.0
2020-07-23,0.3,1.2,99.5,,,,,,,,,,0.0,0.7,100.0,0.0
2020-07-24,,,,,,,,,,,,,0.0,0.7,100.0,0.0
2020-07-25,,,,,,,,,,,,,0.0,0.5,100.0,0.0
2020-07-26,,,,,,,,,,,,,0.0,0.5,100.0,0.0
2020-07-27,0.5,0.8,98.4,,,,,,,,,,0.0,0.5,100.0,0.0
2020-07-28,0.0,0.4,99.3,,,,,,,,,,0.0,0.4,100.0,0.0
2020-07-29,0.0,0.5,99.5,,,,,,,0.0,0.0,100.0,0.0,0.3,100.0,0.0
2020-07-30,,,,,,,,,,,,,0.0,0.3,100.0,0.0
2020-07-31,,,,,,,,,,0.0,0.0,92.0,0.0,0.2,100.0,0.0
2020-08-01,,,,,,,,,,,,,0.0,0.3,100.0,0.0
2020-08-02,0.0,0.5,98.4,,,,,,,,,,0.0,0.2,100.0,0.0
2020-08-03,0.3,0.6,99.3,,,,,,,,,,0.0,0.1,100.0,0.0
2020-08-04,0.2,0.6,99.5,,,,,,,,,,0.0,0.1,100.0,0.0
2020-08-05,,,,,,,,,,,,,0.0,0.1,100.0,0.0
2020-08-06,,,,,,,,,,0.0,0.0,100.0,0.0,0.1,100.0,0.0
2020-08-07,,,,0.0,0.0,100.0,,,,0.0,0.0,100.0,0.0,0.0,100.0,0.0
2020-08-08,0.0,0.6,98.7,,,,,,,0.0,0.0,48.6,0.0,0.0,100.0,0.0
2020-08-09,0.2,0.5,95.9,,,,,,,,,,0.0,0.0,100.0,0.0
2020-08-10,0.5,1.0,96.2,,,,,,,,,,0.0,0.0,100.0,0.0
2020-08-11,,,,,,,0.0,0.0,99.7,0.0,0.0,100.0,0.0,0.0,100.0,0.0
2020-08-12,,,,,,,,,,,,,0.0,0.0,100.0,0.0
2020-08-13,,,,,,,,,,,,,0.0,0.0,100.0,0.0
2020-08-14,0.2,0.7,94.7,,,,,,,,,,0.0,0.0,100.0,0.0
2020-08-15,0.2,0.6,95.1,,,,,,,0.0,0.0,100.0,0.0,0.0,100.0,0.0
2020-08-16,0.5,0.9,95.1,,,,,,,,,,0.0,0.0,100.0,0.0
2020-08-17,,,,,,,,,,,,,0.0,0.0,100.0,0.0
2020-08-18,,,,,,,,,,,,,0.0,0.0,100.0,0.0
2020-08-19,,,,,,,,,,0.0,0.0,100.0,0.0,0.0,100.0,0.0
2020-08-20,0.2,0.9,95.9,,,,,,,0.0,0.0,100.0,0.0,0.0,100.0,0.0
2020-08-21,0.2,0.9,96.6,,,,,,,,,,0.0,0.0,100.0,0.0
2020-08-22,0.3,1.0,94.3,,,,,,,0.0,0.0,100.0,0.0,0.0,100.0,0.0
2020-08-23,,,,,,,,,,0.0,0.0,100.0,0.0,0.0,100.0,0.0
2020-08-24,,,,,,,,,,,,,0.0,0.0,100.0,0.0
2020-08-25,,,,,,,,,,0.0,0.0,56.5,0.0,0.0,100.0,0.0
2020-08-26,0.0,0.8,92.1,,,,,,,0.0,0.0,100.0,0.0,0.0,100.0,0.0
2020-08-27,0.2,0.9,93.8,,,,0.0,0.0,99.5,0.0,0.0,100.0,0.0,0.0,100.0,0.0
2020-08-28,0.2,1.0,94.3,,,,,,,,,,0.0,0.0,100.0,0.0
2020-08-29,,,,,,,,,,,,,0.0,0.0,100.0,0.0
2020-08-30,,,,,,,,,,,,,0.0,0.1,100.0,0.0
2020-08-31,,,,,,,,,,0.0,0.0,100.0,0.0,0.1,100.0,0.0
2020-09-01,0.0,0.7,91.5,0.0,0.0,75.2,,,,,,,0.0,0.1,100.0,0.0
2020-09-02,0.2,0.6,90.0,,,,,,,0.0,0.0,100.0,0.0,0.1,100.0,0.0
2020-09-03,0.0,0.4,82.9,,,,,,,0.0,0.0,100.0,0.0,0.1,100.0,0.0
2020-09-04,,,,,,,,,,0.0,0.0,100.0,0.0,0.2,100.0,0.0
2020-09-05,,,,,,,,,,,,,0.0,0.1,100.0,0.0
2020-09-06,,,,,,,,,,,,,0.0,0.1,100.0,0.0
2020-09-07,0.2,0.4,91.3,,,,,,,0.0,0.1,100.0,0.0,0.1,100.0,0.0
2020-09-08,0.2,0.4,95.9,,,,,,,,,,0.0,0.1,100.0,0.0
2020-09-09,0.0,0.3,92.3,,,,,,,,,,0.0,0.0,100.0,0.0
2020-09-10,,,,,,,,,,,,,0.0,0.0,100.0,0.0
2020-09-11,,,,0.0,0.0,62.9,,,,,,,0.0,0.0,100.0,0.0
2020-09-12,,,,,,,0.0,0.0,100.0,,,,0.0,0.1,100.0,0.0
2020-09-13,0.2,0.3,93.6,,,,,,,,,,0.0,0.0,100.0,0.0
2020-09-14,0.2,0.3,95.2,,,,,,,,,,0.0,0.1,100.0,0.0
2020-09-15,0.3,0.6,96.4,,,,,,,,,,0.0,0.0,100.0,0.0
2020-09-16,,,,0.0,0.0,100.0,,,,,,,0.0,0.1,100.0,0.0
2020-09-17,,,,,,,,,,,,,0.0,0.1,100.0,0.0
2020-09-18,,,,,,,,,,0.0,0.0,100.0,0.0,0.1,100.0,0.0
2020-09-19,0.0,0.4,94.3,,,,,,,,,,0.0,0.1,100.0,0.0
2020-09-20,0.2,0.6,96.6,,,,,,,,,,0.0,0.2,100.0,0.0
2020-09-21,0.5,1.3,95.2,,,,,,,,,,0.0,0.1,100.0,0.0
2020-09-22,,,,,,,,,,,,,0.0,0.2,100.0,0.0
2020-09-23,,,,,,,,,,,,,0.0,0.2,100.0,0.0
2020-09-24,,,,,,,,,,,,,0.0,0.3,100.0,0.0
2020-09-25,0.2,1.4,90.5,,,,,,,,,,0.0,0.3,100.0,0.0
2020-09-26,0.4,1.3,92.1,,,,,,,,,,0.0,0.3,100.0,0.0
2020-09-27,0.5,1.6,91.0,,,,,,,,,,0.0,0.2,100.0,0.0
2020-09-28,,,,,,,,,,,,,0.0,0.6,100.0,0.0
2020-09-29,,,,,,,,,,,,,0.0,0.6,100.0,0.0
2020-09-30,,,,,,,,,,0.0,0.0,63.1,0.0,0.6,100.0,0.0
2020-10-01,0.2,1.7,91.6,,,,,,,,,,0.0,0.5,100.0,0.0
2020-10-02,0.5,2.4,92.1,,,,,,,,,,0.0,0.9,100.0,0.0
2020-10-03,0.7,2.2,93.1,,,,,,,,,,0.0,0.9,100.0,0.0
2020-10-04,,,,,,,,,,,,,0.0,1.0,100.0,0.0
2020-10-05,,,,,,,,,,,,,0.0,0.8,100.0,0.0
2020-10-06,,,,,,,,,,,,,0.0,1.0,100.0,0.0
2020-10-07,0.0,0.9,93.3,,,,,,,,,,0.0,1.1,100.0,0.0
2020-10-08,0.2,0.8,96.1,,,,,,,0.0,0.1,100.0,0.0,0.9,100.0,0.0
2020-10-09,0.3,1.0,96.9,,,,,,,0.0,0.1,100.0,0.0,0.8,100.0,0.0
2020-10-10,,,,,,,,,,,,,0.0,1.2,100.0,0.0
2020-10-11,,,,,,,,,,,,,0.0,1.3,100.0,0.0
2020-10-12,,,,,,,,,,0.0,0.3,100.0,0.0,1.2,100.0,0.0
2020-10-13,0.3,1.0,95.9,,,,,,,0.0,0.1,100.0,0.0,1.0,100.0,0.0
2020-10-14,0.2,0.9,96.6,,,,,,,,,,0.0,1.6,100.0,0.0
2020-10-15,0.3,1.0,96.9,,,,,,,,,,0.0,1.7,100.0,0.0
2020-10-16,,,,,,,,,,0.0,0.2,100.0,0.0,1.2,100.0,0.0
2020-10-17,,,,,,,,,,0.0,0.2,100.0,0.0,0.7,100.0,0.0
2020-10-18,,,,,,,,,,,,,0.0,0.9,100.0,0.0
2020-10-19,0.0,0.9,95.4,,,,,,,,,,0.0,0.9,100.0,0.0
2020-10-20,0.0,1.4,95.7,,,,,,,,,,0.0,1.1,100.0,0.0
2020-10-21,0.3,2.2,96.9,,,,,,,0.0,0.4,100.0,0.0,0.8,100.0,0.0
2020-10-22,,,,,,,,,,,,,0.0,1.1,100.0,0.0
2020-10-23,,,,,,,,,,,,,0.0,0.8,100.0,0.0
2020-10-24,,,,,,,,,,,,,0.0,0.8,100.0,0.0
2020-10-25,0.0,2.2,94.4,,,,,,,0.0,0.2,100.0,0.0,0.6,100.0,0.0
2020-10-26,0.0,2.5,96.1,,,,,,,,,,0.0,0.7,100.0,0.0
2020-10-27,0.3,5.3,96.4,,,,,,,,,,0.0,0.5,100.0,0.0
2020-10-28,,,,,,,,,,,,,0.0,0.7,100.0,0.0
2020-10-29,,,,,,,,,,,,,0.0,1.1,100.0,0.0
2020-10-30,,,,,,,0.0,0.0,100.0,,,,0.0,0.9,100.0,0.0
2020-10-31,0.0,5.3,94.7,0.0,0.0,100.0,,,,,,,0.0,0.6,100.0,0.0
2020-11-01,0.2,7.3,96.1,,,,,,,,,,0.0,0.7,100.0,0.0
2020-11-02,0.3,5.7,96.4,,,,,,,0.0,0.1,100.0,0.0,0.6,100.0,0.0
2020-11-03,,,,,,,,,,,,,0.0,1.0,100.0,0.0
2020-11-04,,,,,,,,,,,,,0.0,0.8,100.0,0.0
2020-11-05,,,,0.0,0.0,68.0,,,,,,,0.0,0.8,100.0,0.0
2020-11-06,0.0,6.2,94.6,,,,,,,,,,0.0,0.9,100.0,0.0
2020-11-07,0.2,4.0,95.9,,,,,,,,,,0.0,1.2,100.0,0.0
2020-11-08,0.3,2.6,96.6,,,,,,,,,,0.0,1.0,100.0,0.0
2020-11-09,,,,,,,,,,,,,0.0,0.8,100.0,0.0
2020-11-10,,,,0.0,0.1,51.2,,,,,,,0.0,0.4,100.0,0.0
2020-11-11,,,,,,,,,,,,,0.0,0.4,100.0,0.0
2020-11-12,0.2,1.2,94.9,,,,,,,,,,0.0,0.3,100.0,0.0
2020-11-13,0.3,1.0,96.6,,,,,,,,,,0.0,0.5,100.0,0.0
2020-11-14,,,,,,,,,,,,,0.0,0.4,100.0,0.0
2020-11-15,,,,0.0,0.0,100.0,0.0,0.1,100.0,,,,0.0,0.4,100.0,0.0
2020-11-16,,,,,,,,,,,,,0.0,0.4,100.0,0.0
2020-11-17,,,,,,,,,,,,,0.0,0.6,100.0,0.0
2020-11-18,0.0,0.6,95.2,,,,,,,,,,0.0,0.6,100.0,0.0
2020-11-19,0.0,0.7,96.1,,,,,,,,,,0.0,0.9,100.0,0.0
2020-11-20,0.2,0.8,96.6,,,,,,,,,,0.0,1.1,100.0,0.0
2020-11-21,,,,,,,,,,,,,0.0,2.0,100.0,0.0
2020-11-22,,,,,,,,,,,,,0.0,2.5,100.0,0.0
2020-11-23,,,,,,,,,,,,,0.0,3.2,100.0,0.0
2020-11-24,0.2,0.9,95.2,,,,,,,,,,0.0,2.7,100.0,0.0
2020-11-25,0.0,1.0,96.4,0.0,0.1,99.3,,,,,,,0.0,3.1,100.0,0.0
2020-11-26,,,,,,,,,,,,,0.0,3.4,100.0,0.0
2020-11-27,,,,,,,,,,0.0,0.3,100.0,0.0,3.1,100.0,0.0
2020-11-28,,,,,,,,,,0.0,0.4,100.0,0.0,3.1,100.0,0.0
2020-11-29,,,,,,,,,,,,,0.0,4.0,100.0,0.0
2020-11-30,0.0,0.9,95.1,0.0,0.1,99.5,,,,,,,0.0,3.9,100.0,0.0
2020-12-01,0.0,0.7,96.2,,,,,,,0.0,0.6,100.0,0.0,4.7,100.0,0.0
2020-12-02,0.0,0.8,96.9,,,,,,,0.0,1.0,100.0,0.0,4.1,100.0,0.0
2020-12-03,,,,,,,,,,,,,0.0,4.9,100.0,0.0
2020-12-04,,,,,,,,,,,,,0.0,5.1,100.0,0.0
2020-12-05,,,,,,,,,,,,,0.0,4.4,100.0,0.0
2020-12-06,0.0,0.7,95.9,,,,,,,0.0,0.5,100.0,0.0,3.1,100.0,0.0
2020-12-07,0.0,0.7,98.2,,,,,,,,,,0.0,4.1,100.0,0.0
2020-12-08,0.0,0.7,99.0,,,,,,,,,,0.0,4.3,100.0,0.0
2020-12-09,,,,,,,,,,,,,0.0,4.0,100.0,0.0
2020-12-10,,,,0.0,0.4,98.7,,,,0.0,1.8,100.0,0.0,2.9,100.0,0.0
2020-12-11,,,,,,,,,,,,,0.0,3.2,100.0,0.0
2020-12-12,0.0,0.8,96.4,,,,,,,,,,0.0,3.6,100.0,0.0
2020-12-13,0.0,1.1,95.6,,,,,,,0.0,0.8,100.0,0.0,3.1,100.0,0.0
2020-12-14,0.2,1.2,99.2,,,,,,,0.0,1.8,100.0,0.0,2.3,100.0,0.0
2020-12-15,,,,,,,,,,0.0,0.6,100.0,0.0,2.4,100.0,0.0
2020-12-16,,,,,,,,,,,,,0.0,3.2,100.0,0.0
2020-12-17,,,,,,,0.0,1.3,100.0,0.0,1.6,100.0,0.0,2.9,100.0,0.0
2020-12-18,0.0,0.8,95.4,,,,,,,0.0,2.5,100.0,0.0,2.9,100.0,0.0
2020-12-19,0.0,1.0,98.7,,,,,,,0.2,6.4,100.0,0.0,2.9,100.0,0.0
2020-12-20,0.2,1.4,99.2,,,,,,,,,,0.0,3.6,100.0,0.0
2020-12-21,,,,,,,,,,,,,0.0,4.6,100.0,0.0
2020-12-22,,,,,,,,,,,,,0.0,4.7,100.0,0.0
2020-12-23,,,,,,,,,,,,,0.0,5.6,100.0,0.0
2020-12-24,0.0,1.7,97.5,,,,,,,,,,0.0,6.0,100.0,0.0
2020-12-25,0.0,1.7,95.7,,,,,,,,,,0.0,7.5,100.0,0.0
2020-12-26,0.2,2.2,95.6,,,,,,,2.5,17.8,100.0,0.0,7.9,100.0,0.0
2020-12-27,,,,,,,,,,,,,0.0,10.0,100.0,0.0
2020-12-28,,,,,,,,,,,,,0.0,10.7,100.0,0.0
2020-12-29,,,,,,,,,,,,,0.0,13.4,100.0,0.0
2020-12-30,0.7,2.9,92.4,0.7,2.3,100.0,,,,23.8,35.9,100.0,0.2,15.6,100.0,0.2
2020-12-31,0.7,3.3,95.9,,,,,,,,,,0.2,19.5,100.0,0.2
2021-01-01,0.0,3.4,99.2,,,,,,,,,,0.3,23.9,100.0,0.3
2021-01-02,,,,,,,,,,,,,0.8,30.4,100.0,0.8
2021-01-03,,,,,,,,,,,,,3.0,40.0,100.0,3.0
2021-01-04,,,,12.3,28.8,79.0,,,,,,,7.9,49.3,100.0,7.9
2021-01-05,0.0,3.8,97.5,,,,,,,,,,14.7,52.9,100.0,14.7
2021-01-06,0.2,7.2,98.7,,,,,,,78.5,58.8,100.0,23.1,55.9,100.0,23.1
2021-01-07,0.0,10.8,98.3,,,,,,,,,,72.1,64.0,100.0,72.1
2021-01-08,,,,,,,,,,,,,99.3,68.7,100.0,99.3
2021-01-09,,,,99.8,84.2,100.0,,,,100.0,75.7,49.6,99.8,74.4,100.0,99.8
2021-01-10,,,,,,,,,,100.0,84.5,95.0,100.0,75.9,100.0,100.0
2021-01-11,0.2,18.6,97.5,,,,,,,,,,100.0,81.4,100.0,100.0
2021-01-12,1.0,20.7,97.2,,,,,,,,,,100.0,86.1,100.0,100.0
2021-01-13,23.9,34.0,99.0,,,,,,,,,,100.0,87.8,100.0,100.0
2021-01-14,,,,,,,,,,,,,100.0,88.1,100.0,100.0
2021-01-15,,,,,,,,,,,,,100.0,92.4,100.0,100.0
2021-01-16,,,,,,,,,,,,,100.0,93.8,100.0,100.0
2021-01-17,39.9,38.6,95.7,,,,,,,,,,100.0,94.9,100.0,100.0
2021-01-18,89.3,62.6,97.5,,,,100.0,100.0,100.0,,,,100.0,96.7,100.0,100.0
2021-01-19,93.3,69.4,98.0,100.0,99.9,100.0,,,,,,,100.0,97.6,100.0,100.0
2021-01-20,,,,,,,,,,,,,100.0,97.6,100.0,100.0
2021-01-21,,,,,,,,,,,,,100.0,97.7,100.0,100.0
2021-01-22,,,,,,,,,,,,,100.0,97.6,100.0,100.0
2021-01-23,99.3,80.8,96.2,,,,,,,,,,100.0,98.3,100.0,100.0
2021-01-24,99.5,84.7,98.8,100.0,99.9,100.0,,,,,,,100.0,98.6,100.0,100.0
2021-01-25,100.0,87.6,97.5,,,,,,,,,,100.0,98.7,100.0,100.0
2021-01-26,,,,,,,,,,100.0,94.5,77.7,100.0,98.5,100.0,100.0
2021-01-27,,,,,,,,,,,,,100.0,98.6,100.0,100.0
2021-01-28,,,,,,,,,,,,,100.0,98.5,100.0,100.0
2021-01-29,100.0,90.3,98.0,,,,,,,,,,100.0,98.7,100.0,100.0
2021-01-30,99.8,90.6,97.0,,,,,,,,,,100.0,98.5,100.0,100.0
2021-01-31,100.0,90.0,99.0,,,,,,,,,,100.0,98.8,100.0,100.0
2021-02-01,,,,,,,,,,,,,100.0,98.1,100.0,100.0
2021-02-02,,,,,,,,,,,,,100.0,98.5,100.0,100.0
2021-02-03,,,,,,,,,,,,,100.0,98.0,100.0,100.0
2021-02-04,100.0,92.5,98.0,,,,,,,,,,100.0,98.6,100.0,100.0
2021-02-05,100.0,90.1,98.0,,,,,,,,,,100.0,98.6,100.0,100.0
2021-02-06,100.0,90.5,99.5,,,,,,,,,,100.0,98.7,100.0,100.0
2021-02-07,,,,,,,,,,,,,100.0,98.1,100.0,100.0
2021-02-08,,,,100.0,100.0,100.0,,,,,,,100.0,98.9,100.0,100.0
2021-02-09,,,,,,,,,,,,,100.0,98.5,100.0,100.0
2021-02-10,100.0,89.7,91.7,,,,,,,,,,100.0,98.7,100.0,100.0
2021-02-11,100.0,89.8,96.4,,,,,,,100.0,96.1,100.0,100.0,98.5,100.0,100.0
2021-02-12,100.0,89.6,95.2,,,,,,,,,,100.0,98.8,100.0,100.0
2021-02-13,,,,100.0,99.9,100.0,,,,,,,100.0,99.1,100.0,100.0
2021-02-14,,,,,,,,,,100.0,96.7,63.0,100.0,99.1,100.0,100.0
2021-02-15,,,,,,,,,,,,,100.0,99.1,100.0,100.0
2021-02-16,100.0,90.6,85.1,,,,,,,100.0,98.1,100.0,100.0,99.4,100.0,100.0
2021-02-17,99.8,89.2,92.4,,,,,,,,,,100.0,99.4,100.0,100.0
2021-02-18,100.0,90.4,96.0,100.0,99.9,100.0,,,,,,,100.0,99.6,100.0,100.0
2021-02-19,,,,,,,100.0,100.0,99.5,100.0,98.1,100.0,100.0,99.6,100.0,100.0
2021-02-20,,,,,,,,,,100.0,97.3,100.0,100.0,99.5,100.0,100.0
2021-02-21,,,,,,,,,,,,,100.0,99.6,100.0,100.0
2021-02-22,100.0,92.7,83.6,,,,,,,,,,100.0,99.7,100.0,100.0
2021-02-23,100.0,93.5,91.4,100.0,99.9,100.0,,,,100.0,98.0,100.0,100.0,99.7,100.0,100.0
2021-02-24,100.0,92.7,94.9,,,,,,,100.0,96.9,100.0,100.0,99.6,100.0,100.0
2021-02-25,,,,,,,,,,,,,100.0,99.5,100.0,100.0
2021-02-26,,,,,,,,,,,,,100.0,99.6,100.0,100.0
2021-02-27,,,,,,,,,,100.0,97.6,100.0,100.0,99.4,100.0,100.0
2021-02-28,100.0,94.9,86.3,100.0,99.9,100.0,,,,,,,100.0,99.5,100.0,100.0
2021-03-01,100.0,95.1,84.1,,,,,,,,,,100.0,99.2,100.0,100.0
2021-03-02,100.0,95.8,94.7,,,,,,,100.0,96.2,100.0,100.0,99.3,100.0,100.0
2021-03-03,,,,,,,,,,,,,100.0,99.0,100.0,100.0
2021-03-04,,,,,,,,,,100.0,98.1,100.0,100.0,99.1,100.0,100.0
2021-03-05,,,,,,,,,,,,,100.0,98.7,100.0,100.0
2021-03-06,100.0,96.3,83.0,,,,,,,,,,100.0,99.0,100.0,100.0
2021-03-07,100.0,95.7,86.8,,,,,,,100.0,98.1,100.0,100.0,98.1,100.0,100.0
2021-03-08,100.0,93.2,94.5,,,,,,,,,,100.0,98.4,100.0,100.0
2021-03-09,,,,,,,,,,,,,100.0,98.3,100.0,100.0
2021-03-10,,,,100.0,99.9,100.0,,,,,,,100.0,98.5,100.0,100.0
2021-03-11,,,,,,,,,,,,,100.0,97.2,100.0,100.0
2021-03-12,100.0,94.5,98.5,,,,,,,,,,100.0,97.3,100.0,100.0
2021-03-13,100.0,91.8,92.9,,,,,,,,,,100.0,96.7,100.0,100.0
2021-03-14,100.0,90.9,92.7,,,,,,,,,,100.0,95.9,100.0,100.0
2021-03-15,,,,,,,,,,,,,100.0,95.2,100.0,100.0
2021-03-16,,,,,,,,,,,,,100.0,94.6,100.0,100.0
2021-03-17,,,,,,,,,,,,,100.0,95.2,100.0,100.0
2021-03-18,100.0,89.9,82.0,,,,,,,,,,100.0,94.7,100.0,100.0
2021-03-19,100.0,91.7,84.5,,,,,,,,,,100.0,95.9,100.0,100.0
2021-03-20,100.0,89.2,85.3,100.0,100.0,100.0,,,,,,,100.0,97.5,100.0,100.0
2021-03-21,,,,,,,,,,,,,100.0,97.6,100.0,100.0
2021-03-22,,,,,,,,,,,,,100.0,97.6,100.0,100.0
2021-03-23,,,,,,,100.0,100.0,100.0,,,,100.0,98.3,100.0,100.0
2021-03-24,100.0,93.9,82.5,,,,,,,,,,100.0,98.7,100.0,100.0
2021-03-25,100.0,93.9,83.8,100.0,99.7,100.0,,,,,,,100.0,99.1,100.0,100.0
2021-03-26,100.0,94.1,95.0,,,,,,,,,,100.0,99.0,100.0,100.0
2021-03-27,,,,,,,,,,100.0,97.7,100.0,100.0,98.7,100.0,100.0
2021-03-28,,,,,,,,,,,,,100.0,98.9,100.0,100.0
2021-03-29,,,,,,,,,,,,,100.0,98.8,100.0,100.0
2021-03-30,100.0,94.4,82.0,100.0,99.8,100.0,,,,100.0,96.4,100.0,100.0,99.1,100.0,100.0
2021-03-31,100.0,92.7,94.0,,,,,,,100.0,95.2,100.0,100.0,98.6,100.0,100.0
2021-04-01,100.0,92.4,99.3,,,,,,,,,,100.0,98.4,100.0,100.0
2021-04-02,,,,,,,,,,,,,100.0,98.0,100.0,100.0
2021-04-03,,,,,,,,,,100.0,95.2,100.0,100.0,98.0,100.0,100.0
2021-04-04,,,,100.0,99.2,100.0,,,,100.0,93.0,100.0,100.0,97.8,100.0,100.0
2021-04-05,100.0,93.5,97.2,,,,,,,,,,100.0,97.7,100.0,100.0
2021-04-06,100.0,95.6,98.8,,,,,,,,,,100.0,97.7,100.0,100.0
2021-04-07,100.0,94.7,94.2,,,,,,,,,,100.0,98.0,100.0,100.0
2021-04-08,,,,,,,100.0,99.7,88.6,99.5,83.8,100.0,100.0,98.0,100.0,100.0
2021-04-09,,,,,,,,,,100.0,90.3,55.5,100.0,98.0,100.0,100.0
2021-04-10,,,,,,,,,,,,,100.0,98.1,100.0,100.0
2021-04-11,100.0,96.0,95.7,,,,,,,,,,100.0,98.4,100.0,100.0
2021-04-12,100.0,96.2,98.0,,,,,,,,,,100.0,98.4,100.0,100.0
2021-04-13,100.0,97.1,96.4,,,,,,,99.8,85.6,95.9,100.0,98.5,100.0,100.0
2021-04-14,,,,100.0,99.4,100.0,,,,,,,100.0,98.7,100.0,100.0
2021-04-15,,,,,,,,,,100.0,89.1,74.0,100.0,98.8,100.0,100.0
2021-04-16,,,,,,,,,,99.0,89.7,100.0,100.0,98.6,100.0,100.0
2021-04-17,100.0,98.2,80.7,,,,,,,,,,100.0,98.7,100.0,100.0
2021-04-18,100.0,97.4,87.3,,,,,,,,,,100.0,98.7,100.0,100.0
2021-04-19,100.0,97.3,97.4,100.0,99.4,91.6,,,,100.0,94.4,100.0,100.0,98.9,100.0,100.0
2021-04-20,,,,,,,,,,100.0,95.7,100.0,100.0,98.4,100.0,100.0
2021-04-21,,,,,,,,,,,,,100.0,98.3,100.0,100.0
2021-04-22,,,,,,,,,,,,,100.0,97.9,100.0,100.0
2021-04-23,100.0,97.4,91.9,,,,,,,100.0,95.9,100.0,100.0,98.1,100.0,100.0
2021-04-24,100.0,97.6,95.0,100.0,99.4,89.6,100.0,83.0,33.1,99.9,92.9,100.0,100.0,97.7,100.0,100.0
2021-04-25,100.0,95.9,97.0,,,,,,,99.8,90.8,100.0,100.0,97.1,100.0,100.0
2021-04-26,,,,,,,,,,,,,100.0,96.0,100.0,100.0
2021-04-27,,,,,,,,,,99.0,88.7,100.0,100.0,95.7,100.0,100.0
2021-04-28,,,,,,,,,,99.7,85.5,100.0,100.0,94.0,100.0,100.0
2021-04-29,100.0,95.3,92.4,,,,,,,99.8,88.0,100.0,100.0,94.0,100.0,100.0
2021-04-30,100.0,94.7,89.3,,,,,,,,,,100.0,93.0,100.0,100.0
2021-05-01,99.8,94.1,92.2,,,,,,,,,,100.0,93.6,100.0,100.0
2021-05-02,,,,,,,,,,,,,100.0,91.7,100.0,100.0
2021-05-03,,,,,,,,,,95.9,76.2,87.9,100.0,92.6,100.0,100.0
2021-05-04,,,,,,,,,,,,,100.0,93.5,100.0,100.0
2021-05-05,99.8,92.8,92.7,,,,,,,,,,100.0,94.2,100.0,100.0
2021-05-06,99.8,90.3,96.9,,,,,,,,,,100.0,93.6,100.0,100.0
2021-05-07,99.8,91.5,98.5,,,,,,,,,,100.0,94.0,100.0,100.0
2021-05-08,,,,,,,,,,,,,100.0,93.7,100.0,100.0
2021-05-09,,,,100.0,98.8,100.0,,,,,,,100.0,93.9,100.0,100.0
2021-05-10,,,,,,,,,,,,,100.0,92.1,100.0,100.0
2021-05-11,99.8,92.1,94.2,,,,,,,,,,99.7,90.7,100.0,99.7
2021-05-12,100.0,91.5,96.9,,,,,,,,,,99.8,90.6,100.0,99.8
2021-05-13,100.0,90.0,96.5,,,,,,,,,,99.3,87.1,100.0,99.3
2021-05-14,,,,,,,,,,,,,99.0,85.1,100.0,99.0
2021-05-15,,,,,,,,,,,,,97.0,81.9,100.0,97.0
2021-05-16,,,,,,,,,,,,,97.9,83.5,100.0,97.9
2021-05-17,99.8,88.9,94.4,,,,,,,,,,95.0,79.2,100.0,95.0
2021-05-18,99.5,83.6,97.5,,,,,,,,,,96.5,80.9,100.0,96.5
2021-05-19,98.6,79.2,94.4,87.5,75.2,68.6,,,,,,,93.6,77.5,100.0,93.6
2021-05-20,,,,,,,,,,,,,95.4,77.2,100.0,95.4
2021-05-21,,,,,,,,,,,,,81.0,67.9,100.0,81.0
2021-05-22,,,,,,,,,,,,,90.4,71.7,100.0,90.4
2021-05-23,97.4,74.7,94.9,,,,,,,,,,71.7,63.5,100.0,71.7
2021-05-24,84.9,61.2,97.2,,,,,,,,,,80.0,66.2,100.0,80.0
2021-05-25,69.9,51.7,94.5,,,,,,,44.9,40.0,45.0,33.1,51.2,100.0,33.1
2021-05-26,,,,,,,,,,,,,49.1,57.2,100.0,49.1
2021-05-27,,,,,,,,,,,,,3.6,40.5,100.0,3.6
2021-05-28,,,,,,,,,,2.0,21.4,100.0,3.3,39.6,100.0,3.3
2021-05-29,48.2,39.5,93.9,,,,,,,,,,0.0,25.5,100.0,0.0
2021-05-30,28.9,27.5,96.0,,,,,,,,,,0.0,23.9,100.0,0.0
2021-05-31,25.0,25.6,92.7,,,,,,,,,,0.0,15.1,100.0,0.0
2021-06-01,,,,,,,,,,0.0,5.7,92.6,0.0,12.5,100.0,0.0
2021-06-02,,,,,,,,,,,,,0.0,10.3,100.0,0.0
2021-06-03,,,,,,,,,,0.0,3.3,54.9,0.0,9.2,100.0,0.0
2021-06-04,23.3,23.2,92.2,,,,,,,,,,0.0,7.4,100.0,0.0
2021-06-05,13.6,19.8,95.9,,,,,,,,,,0.0,6.5,100.0,0.0
2021-06-06,7.2,16.0,94.5,,,,,,,,,,0.0,7.3,100.0,0.0
2021-06-07,,,,,,,,,,,,,0.0,7.4,100.0,0.0
2021-06-08,,,,,,,,,,,,,0.0,7.9,100.0,0.0
2021-06-09,,,,,,,,,,0.0,1.3,81.3,0.0,7.3,100.0,0.0
2021-06-10,4.9,14.4,93.7,,,,,,,,,,0.0,8.4,100.0,0.0
2021-06-11,1.2,8.6,92.9,,,,,,,,,,0.0,9.8,100.0,0.0
2021-06-12,0.6,9.4,89.9,,,,,,,,,,0.0,10.6,100.0,0.0
2021-06-13,,,,0.2,2.9,100.0,,,,0.0,1.1,100.0,0.0,8.5,100.0,0.0
2021-06-14,,,,,,,,,,0.0,0.2,100.0,0.0,7.6,100.0,0.0
2021-06-15,,,,,,,,,,,,,0.0,7.1,100.0,0.0
2021-06-16,0.0,5.3,85.1,,,,,,,,,,0.0,7.2,100.0,0.0
2021-06-17,0.2,7.0,86.9,,,,,,,0.0,0.1,100.0,0.0,5.2,100.0,0.0
2021-06-18,1.0,5.0,94.9,0.0,0.1,100.0,,,,,,,0.0,4.8,100.0,0.0
2021-06-19,,,,,,,,,,0.0,0.1,98.7,0.0,4.6,100.0,0.0
2021-06-20,,,,,,,,,,,,,0.0,5.4,100.0,0.0
2021-06-21,,,,,,,,,,0.0,0.1,100.0,0.0,3.7,100.0,0.0
2021-06-22,0.3,5.2,95.9,,,,,,,,,,0.0,4.3,100.0,0.0
2021-06-23,0.0,2.9,95.4,0.0,0.1,44.6,,,,,,,0.0,3.7,100.0,0.0
2021-06-24,,,,,,,,,,,,,0.0,4.0,100.0,0.0
2021-06-25,,,,,,,,,,0.0,0.0,100.0,0.0,3.1,100.0,0.0
2021-06-26,,,,,,,,,,0.0,0.0,100.0,0.0,3.0,100.0,0.0
2021-06-27,,,,,,,,,,,,,0.0,4.2,100.0,0.0
2021-06-28,0.0,3.2,90.1,,,,,,,,,,0.0,4.2,100.0,0.0
2021-06-29,0.0,2.3,91.1,,,,,,,,,,0.0,3.7,100.0,0.0
2021-06-30,,,,,,,,,,,,,0.0,3.6,100.0,0.0
2021-07-01,,,,,,,,,,,,,0.0,6.1,100.0,0.0
2021-07-02,,,,,,,,,,,,,0.0,4.7,100.0,0.0
2021-07-03,,,,,,,,,,,,,0.0,3.9,100.0,0.0
2021-07-04,,,,,,,,,,,,,0.0,2.0,100.0,0.0
2021-07-05,0.0,3.0,94.4,,,,,,,,,,0.0,3.9,100.0,0.0
2021-07-06,0.0,2.1,92.2,,,,,,,,,,0.0,3.5,100.0,0.0
2021-07-07,,,,,,,,,,,,,0.0,2.9,100.0,0.0
2021-07-08,,,,0.0,0.0,46.9,,,,,,,0.0,1.6,100.0,0.0
2021-07-09,,,,,,,,,,,,,0.0,2.1,100.0,0.0
2021-07-10,0.0,1.3,94.4,,,,,,,,,,0.0,1.9,100.0,0.0
2021-07-11,0.0,0.5,91.4,,,,,,,0.0,0.0,100.0,0.0,1.7,100.0,0.0
2021-07-12,0.0,0.7,94.9,,,,,,,,,,0.0,1.4,100.0,0.0
2021-07-13,,,,,,,,,,,,,0.0,1.5,100.0,0.0
2021-07-14,,,,,,,,,,,,,0.0,1.5,100.0,0.0
2021-07-15,,,,,,,,,,,,,0.0,1.3,100.0,0.0
2021-07-16,0.0,0.5,93.4,,,,,,,,,,0.0,1.4,100.0,0.0
2021-07-17,0.0,0.7,95.2,,,,,,,,,,0.0,1.6,100.0,0.0
2021-07-18,0.0,0.6,97.5,0.0,0.0,100.0,,,,,,,0.0,1.2,100.0,0.0
2021-07-19,,,,,,,,,,,,,0.0,0.9,100.0,0.0
2021-07-20,,,,,,,,,,,,,0.0,0.7,100.0,0.0
2021-07-21,,,,,,,,,,,,,0.0,0.7,100.0,0.0
2021-07-22,0.0,0.8,97.4,,,,,,,0.0,0.0,61.3,0.0,0.4,100.0,0.0
2021-07-23,0.0,0.8,97.9,0.0,0.0,100.0,,,,0.0,0.0,100.0,0.0,0.1,100.0,0.0
2021-07-24,0.0,1.8,98.8,,,,,,,,,,0.0,0.1,100.0,0.0
2021-07-25,,,,,,,,,,,,,0.0,0.1,100.0,0.0
2021-07-26,,,,,,,,,,,,,0.0,0.1,100.0,0.0
2021-07-27,,,,,,,,,,,,,0.0,0.1,100.0,0.0
2021-07-28,0.0,1.4,95.9,,,,,,,,,,0.0,0.0,100.0,0.0
2021-07-29,0.0,2.1,98.0,,,,0.0,0.1,99.5,,,,0.0,0.0,100.0,0.0
2021-07-30,0.0,2.2,98.7,,,,,,,,,,0.0,0.0,100.0,0.0
2021-07-31,,,,,,,,,,0.0,0.0,37.9,0.0,0.0,100.0,0.0
2021-08-01,,,,,,,,,,,,,0.0,0.0,100.0,0.0
2021-08-02,,,,,,,,,,,,,0.0,0.0,100.0,0.0
2021-08-03,0.0,4.1,98.3,,,,,,,,,,0.0,0.0,100.0,0.0
2021-08-04,0.0,5.0,97.4,,,,,,,,,,0.0,0.0,100.0,0.0
2021-08-05,0.2,3.7,98.5,,,,,,,,,,0.0,0.0,100.0,0.0
2021-08-06,,,,,,,,,,,,,0.0,0.0,100.0,0.0
2021-08-07,,,,,,,,,,,,,0.0,0.1,100.0,0.0
2021-08-08,,,,,,,,,,,,,0.0,0.0,100.0,0.0
2021-08-09,0.0,1.9,98.2,,,,,,,0.0,0.0,100.0,0.0,0.0,100.0,0.0
2021-08-10,0.0,1.7,98.0,,,,,,,,,,0.0,0.1,100.0,0.0
2021-08-11,0.2,1.4,98.5,,,,,,,,,,0.0,0.0,100.0,0.0
2021-08-12,,,,,,,,,,0.0,0.0,100.0,0.0,0.0,100.0,0.0
2021-08-13,,,,,,,,,,0.0,0.0,100.0,0.0,0.0,100.0,0.0
2021-08-14,,,,,,,0.0,0.0,99.3,0.0,0.0,91.7,0.0,0.0,100.0,0.0
2021-08-15,0.2,1.0,98.0,,,,,,,,,,0.0,0.1,100.0,0.0
2021-08-16,,,,,,,,,,,,,0.0,0.1,100.0,0.0
2021-08-17,0.0,0.6,97.9,0.0,0.0,100.0,,,,0.0,0.0,100.0,0.0,0.1,100.0,0.0
2021-08-18,,,,,,,,,,0.0,0.0,45.8,0.0,0.1,100.0,0.0
2021-08-19,,,,,,,,,,,,,0.0,0.1,100.0,0.0
2021-08-20,,,,,,,,,,0.0,0.0,100.0,0.0,0.2,100.0,0.0
2021-08-21,0.0,0.5,97.9,,,,,,,0.0,0.0,100.0,0.0,0.1,100.0,0.0
2021-08-22,0.0,0.5,98.3,,,,,,,,,,0.0,0.3,100.0,0.0
2021-08-23,0.0,0.4,98.3,,,,,,,,,,0.0,0.2,100.0,0.0
2021-08-24,,,,,,,,,,,,,0.0,0.3,100.0,0.0
2021-08-25,,,,,,,,,,0.0,0.0,90.4,0.0,0.2,100.0,0.0
2021-08-26,,,,,,,,,,,,,0.0,0.3,100.0,0.0
2021-08-27,0.2,0.6,98.0,0.0,0.0,100.0,,,,,,,0.0,0.2,100.0,0.0
2021-08-28,0.0,0.6,97.9,,,,,,,,,,0.0,0.3,100.0,0.0
2021-08-29,0.3,0.9,98.7,,,,,,,0.0,0.0,100.0,0.0,0.2,100.0,0.0
2021-08-30,,,,,,,0.0,0.0,81.5,0.0,0.0,100.0,0.0,0.3,100.0,0.0
2021-08-31,,,,,,,,,,,,,0.0,0.3,100.0,0.0
2021-09-01,,,,0.0,0.0,100.0,,,,,,,0.0,0.3,100.0,0.0
2021-09-02,0.0,1.0,98.0,,,,,,,0.0,0.0,100.0,0.0,0.2,100.0,0.0
2021-09-03,0.2,1.4,98.7,,,,,,,0.0,0.0,100.0,0.0,0.2,100.0,0.0
2021-09-04,0.3,2.1,98.7,,,,,,,,,,0.0,0.2,100.0,0.0
2021-09-05,,,,,,,,,,0.0,0.0,100.0,0.0,0.2,100.0,0.0
2021-09-06,,,,0.0,0.0,100.0,,,,0.0,0.0,100.0,0.0,0.2,100.0,0.0
2021-09-07,,,,,,,,,,,,,0.0,0.3,100.0,0.0
2021-09-08,0.0,2.1,98.0,,,,,,,0.0,0.0,100.0,0.0,0.2,100.0,0.0
2021-09-09,0.2,2.8,98.2,,,,,,,,,,0.0,0.2,100.0,0.0
2021-09-10,0.3,3.1,98.7,,,,,,,,,,0.0,0.2,100.0,0.0
2021-09-11,,,,0.0,0.0,90.4,,,,,,,0.0,0.2,100.0,0.0
2021-09-12,,,,,,,,,,0.0,0.0,100.0,0.0,0.1,100.0,0.0
2021-09-13,,,,,,,,,,0.0,0.0,100.0,0.0,0.1,100.0,0.0
2021-09-14,0.0,3.9,97.5,,,,,,,,,,0.0,0.1,100.0,0.0
2021-09-15,0.2,4.7,97.9,,,,,,,,,,0.0,0.2,100.0,0.0
2021-09-16,0.3,6.1,98.5,,,,,,,,,,0.0,0.2,100.0,0.0
2021-09-17,,,,,,,,,,0.0,0.0,100.0,0.0,0.1,100.0,0.0
2021-09-18,,,,,,,,,,,,,0.0,0.1,100.0,0.0
2021-09-19,,,,,,,,,,,,,0.0,0.1,100.0,0.0
2021-09-20,0.0,5.8,96.5,,,,,,,,,,0.0,0.1,100.0,0.0
2021-09-21,0.2,8.3,98.2,0.0,0.0,92.6,,,,,,,0.0,0.1,100.0,0.0
2021-09-22,0.8,9.5,98.2,,,,,,,,,,0.0,0.1,100.0,0.0
2021-09-23,,,,,,,,,,,,,0.0,0.1,100.0,0.0
2021-09-24,,,,,,,,,,,,,0.0,0.1,100.0,0.0
2021-09-25,,,,,,,,,,,,,0.0,0.0,100.0,0.0
2021-09-26,0.2,11.0,81.8,,,,,,,,,,0.0,0.0,100.0,0.0
2021-09-27,0.0,9.5,81.7,,,,,,,,,,0.0,0.0,100.0,0.0
2021-09-28,0.4,8.3,82.1,,,,,,,,,,0.0,0.0,100.0,0.0
2021-09-29,,,,,,,,,,,,,0.0,0.0,100.0,0.0
2021-09-30,,,,,,,,,,,,,0.0,0.0,100.0,0.0
2021-10-01,,,,0.0,0.0,100.0,0.0,0.0,100.0,,,,0.0,0.0,100.0,0.0
2021-10-02,0.4,3.8,81.7,,,,,,,,,,0.0,0.1,100.0,0.0
2021-10-03,0.2,1.6,81.2,,,,,,,,,,0.0,0.1,100.0,0.0
2021-10-04,0.0,1.4,80.5,,,,,,,,,,0.0,0.1,100.0,0.0
2021-10-05,,,,,,,,,,,,,0.0,0.1,100.0,0.0
2021-10-06,,,,,,,,,,,,,0.0,0.2,100.0,0.0
2021-10-07,,,,,,,,,,,,,0.0,0.2,100.0,0.0
2021-10-08,0.0,0.9,77.2,,,,,,,0.0,0.0,100.0,0.0,0.4,100.0,0.0
2021-10-09,0.2,1.2,79.5,,,,,,,0.0,0.0,100.0,0.0,0.4,100.0,0.0
2021-10-10,0.2,0.9,80.3,,,,,,,,,,0.0,0.7,100.0,0.0
2021-10-11,,,,0.0,0.0,100.0,,,,0.0,0.0,100.0,0.0,0.3,100.0,0.0
2021-10-12,,,,,,,,,,,,,0.0,0.5,100.0,0.0
2021-10-13,,,,,,,,,,0.0,0.0,100.0,0.0,0.5,100.0,0.0
2021-10-14,0.0,0.8,80.5,,,,,,,,,,0.0,0.5,100.0,0.0
2021-10-15,0.0,0.6,80.2,,,,,,,0.0,0.0,100.0,0.0,0.3,100.0,0.0
2021-10-16,0.2,1.2,82.5,0.0,0.0,100.0,,,,0.0,0.0,100.0,0.0,0.3,100.0,0.0
2021-10-17,,,,,,,0.0,0.0,99.8,,,,0.0,0.4,100.0,0.0
2021-10-18,,,,,,,,,,,,,0.0,0.4,100.0,0.0
2021-10-19,,,,,,,,,,0.0,0.1,100.0,0.0,0.4,100.0,0.0
2021-10-20,0.0,1.0,77.9,,,,,,,0.0,0.1,100.0,0.0,0.4,100.0,0.0
2021-10-21,0.0,1.3,78.8,0.0,0.0,36.2,,,,,,,0.0,0.6,100.0,0.0
2021-10-22,0.2,1.3,71.7,,,,,,,,,,0.0,0.5,100.0,0.0
2021-10-23,,,,,,,,,,,,,0.0,0.7,100.0,0.0
2021-10-24,,,,,,,,,,,,,0.0,1.2,100.0,0.0
2021-10-25,,,,,,,,,,,,,0.0,1.8,100.0,0.0
2021-10-26,0.0,2.1,81.5,0.0,0.0,99.7,,,,,,,0.0,1.1,100.0,0.0
2021-10-27,0.0,2.6,81.3,,,,,,,,,,0.0,1.2,100.0,0.0
2021-10-28,0.4,4.1,82.1,,,,,,,,,,0.0,1.2,100.0,0.0
2021-10-29,,,,,,,,,,0.0,0.1,100.0,0.0,1.4,100.0,0.0
2021-10-30,,,,,,,,,,,,,0.0,1.4,100.0,0.0
2021-10-31,,,,0.0,0.0,86.1,,,,,,,0.0,1.1,100.0,0.0
2021-11-01,0.0,1.5,81.2,,,,,,,,,,0.0,1.3,100.0,0.0
2021-11-02,0.0,1.3,81.2,,,,,,,,,,0.0,2.2,100.0,0.0
2021-11-03,0.0,1.2,81.3,,,,,,,,,,0.0,2.0,100.0,0.0
2021-11-04,,,,,,,,,,,,,0.0,1.9,100.0,0.0
2021-11-05,,,,0.0,0.1,100.0,,,,,,,0.0,1.5,100.0,0.0
2021-11-06,,,,,,,0.0,0.1,91.7,,,,0.0,1.9,100.0,0.0
2021-11-07,0.0,1.4,80.5,,,,,,,,,,0.0,1.7,100.0,0.0
2021-11-08,0.0,0.9,79.8,,,,,,,0.0,0.1,100.0,0.0,1.3,100.0,0.0
2021-11-09,0.0,0.9,81.0,,,,,,,,,,0.0,1.4,100.0,0.0
2021-11-10,,,,,,,,,,,,,0.0,2.0,100.0,0.0
2021-11-11,,,,,,,,,,,,,0.0,1.7,100.0,0.0
2021-11-12,,,,,,,,,,0.0,0.1,100.0,0.0,1.4,100.0,0.0
2021-11-13,0.0,0.9,80.2,,,,,,,,,,0.0,2.1,100.0,0.0
2021-11-14,0.0,1.1,79.8,,,,,,,,,,0.0,3.0,100.0,0.0
2021-11-15,0.0,1.4,80.5,,,,,,,,,,0.0,2.6,100.0,0.0
2021-11-16,,,,,,,,,,,,,0.0,2.6,100.0,0.0
2021-11-17,,,,,,,,,,,,,0.0,3.1,100.0,0.0
2021-11-18,,,,,,,,,,,,,0.0,4.0,100.0,0.0
2021-11-19,0.0,1.7,79.5,,,,,,,0.0,0.4,100.0,0.0,3.4,100.0,0.0
2021-11-20,0.0,2.4,80.3,0.0,0.1,99.7,,,,0.0,0.6,100.0,0.0,2.8,100.0,0.0
2021-11-21,0.0,3.7,81.8,,,,,,,,,,0.0,3.2,100.0,0.0
2021-11-22,,,,,,,,,,,,,0.0,5.3,100.0,0.0
2021-11-23,,,,,,,,,,,,,0.0,5.1,100.0,0.0
2021-11-24,,,,,,,,,,,,,0.0,5.1,100.0,0.0
2021-11-25,0.0,4.2,81.3,,,,,,,,,,0.0,5.1,100.0,0.0
2021-11-26,0.0,5.4,81.2,,,,,,,,,,0.0,6.0,100.0,0.0
2021-11-27,0.2,5.3,82.0,,,,,,,,,,0.0,5.2,100.0,0.0
2021-11-28,,,,,,,,,,,,,0.0,4.0,100.0,0.0
2021-11-29,,,,,,,,,,,,,0.0,4.1,100.0,0.0
2021-11-30,,,,,,,,,,,,,0.0,4.4,100.0,0.0
2021-12-01,0.0,6.2,94.7,,,,,,,,,,0.0,3.8,100.0,0.0
2021-12-02,0.0,2.8,95.4,,,,,,,,,,0.0,3.7,100.0,0.0
2021-12-03,0.0,2.8,95.4,,,,,,,,,,0.0,4.3,100.0,0.0
2021-12-04,,,,,,,,,,,,,0.0,4.9,100.0,0.0
2021-12-05,,,,,,,,,,,,,0.0,4.4,100.0,0.0
2021-12-06,,,,,,,,,,,,,0.0,4.3,100.0,0.0
2021-12-07,0.0,2.3,96.4,,,,,,,,,,0.0,4.2,100.0,0.0
2021-12-08,0.2,2.5,96.4,,,,,,,,,,0.0,5.1,100.0,0.0
2021-12-09,0.0,2.2,96.9,,,,,,,0.0,2.9,100.0,0.0,3.9,100.0,0.0
2021-12-10,,,,,,,,,,0.0,2.1,44.3,0.0,4.3,100.0,0.0
2021-12-11,,,,,,,,,,0.0,3.1,100.0,0.0,4.0,100.0,0.0
2021-12-12,,,,,,,1.3,2.4,100.0,,,,0.0,5.2,100.0,0.0
2021-12-13,0.0,2.0,95.5,,,,,,,,,,0.0,5.4,100.0,0.0
2021-12-14,0.3,2.7,96.9,,,,,,,,,,0.0,6.2,100.0,0.0
2021-12-15,0.3,3.2,96.2,0.5,1.9,100.0,,,,0.0,4.1,100.0,0.0,6.0,100.0,0.0
2021-12-16,,,,,,,,,,0.0,5.2,100.0,0.0,6.8,100.0,0.0
2021-12-17,,,,,,,,,,0.0,7.5,100.0,0.0,7.2,100.0,0.0
2021-12-18,,,,,,,,,,,,,0.0,7.5,100.0,0.0
2021-12-19,0.7,3.9,94.7,,,,,,,,,,0.0,8.5,100.0,0.0
2021-12-20,1.2,4.8,95.0,1.7,9.4,99.5,3.1,5.5,100.0,0.0,6.0,100.0,0.0,8.5,100.0,0.0
2021-12-21,1.7,6.4,95.5,,,,,,,,,,0.3,9.8,100.0,0.3
2021-12-22,,,,,,,,,,,,,0.3,9.9,100.0,0.3
2021-12-23,,,,,,,,,,,,,0.7,11.8,100.0,0.7
2021-12-24,,,,,,,,,,,,,0.3,11.2,100.0,0.3
2021-12-25,,,,,,,,,,,,,0.3,12.2,100.0,0.3
2021-12-26,,,,,,,,,,0.3,19.3,100.0,0.3,11.0,100.0,0.3
2021-12-27,,,,,,,,,,,,,0.3,12.9,100.0,0.3
2021-12-28,,,,,,,,,,,,,0.3,12.2,100.0,0.3
2021-12-29,,,,,,,,,,,,,0.3,12.2,100.0,0.3
2021-12-30,,,,,,,,,,,,,0.3,13.1,100.0,0.3
2021-12-31,,,,,,,,,,,,,0.5,15.0,100.0,0.5
2022-01-01,4.8,12.7,86.9,,,,,,,,,,0.1,17.0,100.0,0.1
2022-01-02,14.7,20.0,86.6,,,,,,,,,,0.2,18.1,100.0,0.2
2022-01-03,,,,,,,,,,11.1,33.2,83.7,0.6,19.0,100.0,0.6
2022-01-04,,,,,,,,,,,,,0.6,19.2,100.0,0.6
2022-01-05,,,,,,,,,,,,,0.6,23.4,100.0,0.6
2022-01-06,21.0,27.8,63.3,,,,,,,,,,0.9,27.2,100.0,0.9
2022-01-07,,,,,,,,,,,,,3.2,39.0,100.0,3.2
2022-01-08,,,,,,,,,,,,,7.1,41.8,100.0,7.1
2022-01-09,,,,,,,,,,,,,31.1,53.8,100.0,31.1
2022-01-10,,,,,,,,,,86.4,67.6,85.2,57.9,60.3,100.0,57.9
2022-01-11,,,,,,,,,,,,,84.6,71.1,100.0,84.6
2022-01-12,,,,,,,,,,,,,87.4,72.6,100.0,87.4
2022-01-13,75.1,50.5,57.9,,,,90.7,86.0,100.0,,,,99.9,81.0,100.0,99.9
2022-01-14,80.2,55.1,60.0,84.2,81.7,100.0,,,,85.2,75.2,100.0,99.8,83.5,100.0,99.8
2022-01-15,,,,,,,,,,,,,100.0,86.2,100.0,100.0
2022-01-16,,,,,,,,,,,,,99.5,86.8,100.0,99.5
2022-01-17,,,,,,,,,,88.6,82.3,100.0,99.9,88.1,100.0,99.9
2022-01-18,97.4,72.2,56.2,,,,,,,,,,99.9,89.2,100.0,99.9
2022-01-19,,,,91.9,86.8,100.0,,,,,,,99.8,90.7,100.0,99.8
2022-01-20,,,,,,,,,,,,,98.5,90.5,100.0,98.5
2022-01-21,,,,,,,,,,,,,98.9,90.5,100.0,98.9
2022-01-22,,,,,,,,,,,,,97.2,90.0,100.0,97.2
2022-01-23,,,,,,,,,,,,,97.2,90.9,100.0,97.2
2022-01-24,,,,97.6,96.7,100.0,,,,,,,96.2,91.2,100.0,96.2
2022-01-25,98.7,76.8,58.2,,,,,,,,,,96.1,91.3,100.0,96.1
2022-01-26,99.3,84.0,52.4,,,,,,,,,,95.5,90.5,100.0,95.5
2022-01-27,,,,,,,,,,,,,95.8,92.0,100.0,95.8
2022-01-28,,,,,,,,,,,,,95.6,91.7,100.0,95.6
2022-01-29,,,,97.3,96.8,100.0,100.0,97.9,99.8,,,,96.7,93.7,100.0,96.7
2022-01-30,99.3,86.9,51.6,,,,,,,97.6,90.6,100.0,96.0,92.3,100.0,96.0
2022-01-31,,,,,,,,,,,,,96.7,93.5,100.0,96.7
2022-02-01,,,,,,,,,,,,,97.3,93.6,100.0,97.3
2022-02-02,,,,,,,,,,,,,98.4,94.4,100.0,98.4
2022-02-03,,,,,,,,,,,,,98.8,94.1,100.0,98.8
2022-02-04,,,,,,,,,,,,,99.5,95.8,100.0,99.5
2022-02-05,,,,,,,,,,,,,99.8,96.1,100.0,99.8
2022-02-06,99.0,86.5,63.6,,,,,,,,,,99.8,96.7,100.0,99.8
2022-02-07,98.5,84.2,64.7,,,,,,,98.5,92.5,100.0,99.8,96.4,100.0,99.8
2022-02-08,,,,100.0,99.4,100.0,,,,,,,99.9,97.5,100.0,99.9
2022-02-09,,,,,,,,,,98.8,92.6,100.0,99.8,97.0,100.0,99.8
2022-02-10,,,,,,,,,,99.1,94.5,100.0,99.9,97.0,100.0,99.9
2022-02-11,99.4,90.1,62.8,,,,,,,99.9,94.7,100.0,99.6,96.6,100.0,99.6
2022-02-12,,,,,,,,,,,,,99.8,97.1,100.0,99.8
2022-02-13,,,,100.0,98.9,100.0,,,,99.9,96.1,98.8,99.5,96.9,100.0,99.5
2022-02-14,,,,,,,,,,,,,99.8,96.7,100.0,99.8
2022-02-15,,,,,,,,,,,,,99.1,95.2,100.0,99.1
2022-02-16,,,,,,,,,,,,,99.8,96.1,100.0,99.8
2022-02-17,,,,,,,,,,,,,98.9,94.1,100.0,98.9
2022-02-18,99.6,89.7,63.6,,,,,,,100.0,93.2,100.0,99.8,95.5,100.0,99.8
2022-02-19,99.2,86.7,63.8,,,,,,,100.0,97.4,100.0,99.4,94.2,100.0,99.4
2022-02-20,,,,,,,,,,,,,99.8,95.8,100.0,99.8
2022-02-21,,,,,,,,,,,,,99.5,94.0,100.0,99.5
2022-02-22,,,,,,,100.0,99.9,87.8,,,,100.0,96.5,100.0,100.0
2022-02-23,99.8,88.0,60.8,100.0,99.2,100.0,,,,,,,99.9,95.3,100.0,99.9
2022-02-24,,,,,,,,,,,,,100.0,96.9,100.0,100.0
2022-02-25,,,,,,,,,,,,,100.0,96.4,100.0,100.0
2022-02-26,,,,,,,,,,,,,100.0,97.3,100.0,100.0
2022-02-27,,,,,,,,,,100.0,97.6,92.8,100.0,97.1,100.0,100.0
2022-02-28,,,,100.0,99.1,100.0,,,,,,,100.0,98.0,100.0,100.0
2022-03-01,,,,,,,,,,,,,100.0,97.8,100.0,100.0
2022-03-02,,,,,,,,,,,,,100.0,97.9,100.0,100.0
2022-03-03,99.8,86.7,62.7,,,,,,,,,,100.0,97.5,100.0,100.0
2022-03-04,,,,,,,,,,,,,100.0,97.7,100.0,100.0
2022-03-05,,,,100.0,98.4,100.0,,,,,,,100.0,97.9,100.0,100.0
2022-03-06,,,,,,,,,,100.0,98.4,100.0,100.0,97.8,100.0,100.0
2022-03-07,99.8,88.9,58.1,,,,,,,,,,100.0,97.7,100.0,100.0
2022-03-08,,,,,,,,,,,,,100.0,97.9,100.0,100.0
2022-03-09,,,,,,,,,,100.0,98.6,100.0,100.0,97.7,100.0,100.0
2022-03-10,,,,100.0,98.7,100.0,100.0,99.9,99.8,,,,100.0,98.5,100.0,100.0
2022-03-11,,,,,,,,,,,,,100.0,97.5,100.0,100.0
2022-03-12,,,,,,,,,,,,,100.0,97.9,100.0,100.0
2022-03-13,,,,,,,,,,,,,100.0,97.2,100.0,100.0
2022-03-14,99.8,89.2,57.6,,,,,,,,,,100.0,97.3,100.0,100.0
2022-03-15,99.6,87.3,67.0,,,,,,,,,,100.0,96.4,100.0,100.0
2022-03-16,,,,,,,,,,,,,100.0,96.6,100.0,100.0
2022-03-17,,,,,,,,,,,,,100.0,96.5,100.0,100.0
2022-03-18,,,,,,,,,,,,,100.0,96.4,100.0,100.0
2022-03-19,99.6,88.6,66.5,,,,,,,,,,100.0,95.1,100.0,100.0
2022-03-20,,,,100.0,99.1,100.0,,,,,,,100.0,95.9,100.0,100.0
2022-03-21,,,,,,,,,,,,,100.0,94.7,100.0,100.0
2022-03-22,,,,,,,,,,,,,100.0,95.2,100.0,100.0
2022-03-23,,,,,,,,,,,,,100.0,94.8,100.0,100.0
2022-03-24,,,,,,,,,,,,,100.0,95.0,100.0,100.0
2022-03-25,,,,100.0,98.9,100.0,,,,100.0,98.0,100.0,100.0,95.2,100.0,100.0
2022-03-26,100.0,91.5,59.9,,,,100.0,99.2,61.0,,,,100.0,94.6,100.0,100.0
2022-03-27,99.4,90.8,65.5,,,,,,,,,,100.0,93.9,100.0,100.0
2022-03-28,,,,,,,,,,,,,100.0,93.3,100.0,100.0
2022-03-29,,,,,,,,,,,,,99.9,91.2,100.0,99.9
2022-03-30,,,,,,,,,,,,,99.6,88.2,100.0,99.6
2022-03-31,99.5,90.5,67.1,,,,,,,,,,98.9,86.3,100.0,98.9
2022-04-01,,,,,,,,,,,,,98.2,83.2,100.0,98.2
2022-04-02,,,,,,,,,,,,,99.4,83.9,100.0,99.4
2022-04-03,,,,,,,,,,,,,98.2,80.5,100.0,98.2
2022-04-04,,,,,,,,,,,,,99.6,81.6,100.0,99.6
2022-04-05,,,,,,,,,,100.0,96.6,99.9,98.2,79.0,100.0,98.2
2022-04-06,,,,,,,,,,,,,98.9,79.5,100.0,98.9
2022-04-07,99.5,85.5,67.2,,,,,,,,,,97.4,79.0,100.0,97.4
2022-04-08,98.9,84.4,67.5,,,,,,,,,,99.3,81.6,100.0,99.3
2022-04-09,,,,,,,,,,,,,99.4,83.2,100.0,99.4
2022-04-10,,,,,,,,,,100.0,96.3,43.6,99.6,84.8,100.0,99.6
2022-04-11,,,,,,,100.0,99.8,93.2,,,,99.6,88.1,100.0,99.6
2022-04-12,98.7,80.5,66.4,,,,,,,100.0,95.3,100.0,99.6,88.1,100.0,99.6
2022-04-13,,,,,,,,,,,,,99.6,87.9,100.0,99.6
2022-04-14,,,,100.0,98.4,100.0,,,,99.9,92.2,100.0,99.6,88.5,100.0,99.6
2022-04-15,,,,,,,,,,,,,99.4,84.7,100.0,99.4
2022-04-16,,,,,,,,,,,,,99.0,83.0,100.0,99.0
2022-04-17,,,,,,,,,,,,,98.2,80.7,100.0,98.2
2022-04-18,,,,,,,,,,98.8,85.9,100.0,98.4,81.0,100.0,98.4
2022-04-19,95.7,73.3,65.8,89.6,78.9,100.0,94.6,82.6,93.2,,,,98.0,80.9,100.0,98.0
2022-04-20,83.8,59.6,64.1,,,,,,,97.6,75.1,100.0,96.1,76.7,100.0,96.1
2022-04-21,,,,,,,,,,92.2,67.0,100.0,73.8,66.2,100.0,73.8
2022-04-22,,,,,,,,,,,,,68.9,64.8,100.0,68.9
2022-04-23,,,,,,,,,,,,,25.8,52.1,100.0,25.8
2022-04-24,77.2,54.2,66.0,,,,,,,,,,14.2,45.1,100.0,14.2
2022-04-25,,,,,,,,,,,,,5.7,31.2,100.0,5.7
2022-04-26,,,,,,,,,,,,,5.4,31.7,100.0,5.4
2022-04-27,,,,,,,0.0,1.9,37.5,,,,2.9,22.9,100.0,2.9
2022-04-28,,,,,,,,,,16.4,30.3,100.0,3.1,22.0,100.0,3.1
2022-04-29,,,,17.1,21.6,100.0,,,,32.0,39.9,62.3,1.7,16.9,100.0,1.7
2022-04-30,,,,,,,,,,,,,1.3,15.2,100.0,1.3
2022-05-01,36.1,38.5,65.0,,,,,,,,,,0.7,12.2,100.0,0.7
2022-05-02,20.5,31.7,63.7,,,,,,,0.0,10.3,100.0,0.7,11.9,100.0,0.7
2022-05-03,,,,,,,,,,,,,0.2,10.2,100.0,0.2
2022-05-04,,,,1.6,2.6,96.7,,,,,,,0.4,10.2,100.0,0.4
2022-05-05,,,,,,,,,,,,,0.1,8.2,100.0,0.1
2022-05-06,13.3,20.2,56.8,,,,,,,,,,0.4,9.8,100.0,0.4
2022-05-07,,,,,,,,,,,,,0.4,8.0,100.0,0.4
2022-05-08,,,,,,,,,,,,,0.4,7.3,100.0,0.4
2022-05-09,,,,,,,,,,,,,0.4,6.0,100.0,0.4
2022-05-10,,,,,,,,,,,,,0.4,5.8,100.0,0.4
2022-05-11,,,,,,,,,,,,,0.4,5.5,100.0,0.4
2022-05-12,,,,,,,,,,,,,0.1,4.9,100.0,0.1
2022-05-13,5.5,11.0,55.5,,,,,,,,,,0.0,4.4,100.0,0.0
2022-05-14,1.2,9.0,60.8,0.0,0.0,72.2,,,,,,,0.0,4.6,100.0,0.0
2022-05-15,,,,,,,,,,,,,0.0,3.6,100.0,0.0
2022-05-16,,,,,,,,,,,,,0.0,2.8,100.0,0.0
2022-05-17,,,,,,,,,,,,,0.0,2.1,100.0,0.0
2022-05-18,2.8,5.5,48.8,,,,,,,,,,0.0,2.0,100.0,0.0
2022-05-19,,,,,,,,,,,,,0.0,2.1,100.0,0.0
2022-05-20,,,,,,,,,,0.0,1.6,100.0,0.0,1.7,100.0,0.0
2022-05-21,,,,,,,0.0,0.0,55.4,,,,0.0,1.7,100.0,0.0
2022-05-22,,,,,,,,,,,,,0.0,2.0,100.0,0.0
2022-05-23,,,,,,,0.0,0.0,31.4,,,,0.0,1.5,100.0,0.0
2022-05-24,,,,,,,,,,,,,0.0,1.3,100.0,0.0
2022-05-25,2.2,4.5,50.7,,,,,,,0.0,0.5,100.0,0.0,1.1,100.0,0.0
2022-05-26,0.6,5.2,61.4,,,,,,,,,,0.0,1.4,100.0,0.0
2022-05-27,,,,,,,,,,,,,0.0,1.7,100.0,0.0
2022-05-28,,,,,,,,,,0.0,0.3,67.6,0.0,1.7,100.0,0.0
2022-05-29,,,,0.0,0.0,71.0,,,,0.0,0.3,100.0,0.0,1.6,100.0,0.0
2022-05-30,0.6,3.9,57.3,,,,,,,0.0,0.1,100.0,0.0,1.6,100.0,0.0
2022-05-31,,,,,,,,,,,,,0.0,1.8,100.0,0.0
2022-06-01,,,,,,,,,,,,,0.0,1.7,100.0,0.0
2022-06-02,,,,,,,,,,,,,0.0,1.5,100.0,0.0
2022-06-03,,,,,,,,,,,,,0.0,1.8,100.0,0.0
2022-06-04,,,,,,,,,,,,,0.0,1.9,100.0,0.0
2022-06-05,,,,,,,,,,,,,0.0,2.4,100.0,0.0
2022-06-06,0.0,4.8,61.1,,,,0.0,0.0,44.3,,,,0.0,3.2,100.0,0.0
2022-06-07,0.0,4.3,62.6,,,,,,,,,,0.0,2.5,100.0,0.0
2022-06-08,,,,0.0,0.0,100.0,,,,,,,0.0,2.5,100.0,0.0
2022-06-09,,,,,,,,,,,,,0.0,3.0,100.0,0.0
2022-06-10,,,,,,,,,,0.0,0.0,89.1,0.0,2.7,100.0,0.0
2022-06-11,0.0,4.3,60.9,,,,,,,,,,0.0,3.1,100.0,0.0
2022-06-12,,,,,,,,,,0.0,0.0,100.0,0.0,2.2,100.0,0.0
2022-06-13,,,,,,,,,,0.0,0.0,100.0,0.0,2.8,100.0,0.0
2022-06-14,,,,,,,,,,,,,0.0,2.6,100.0,0.0
2022-06-15,,,,,,,,,,,,,0.0,3.0,100.0,0.0
2022-06-16,,,,,,,,,,0.0,0.0,100.0,0.0,2.1,100.0,0.0
2022-06-17,,,,,,,,,,,,,0.0,2.8,100.0,0.0
2022-06-18,0.0,4.2,61.5,0.0,0.0,100.0,,,,0.0,0.0,100.0,0.0,2.0,100.0,0.0
2022-06-19,0.0,5.4,57.9,,,,,,,,,,0.0,2.3,100.0,0.0
2022-06-20,,,,,,,,,,0.0,0.0,100.0,0.0,1.9,100.0,0.0
2022-06-21,,,,,,,,,,,,,0.0,2.3,100.0,0.0
2022-06-22,,,,,,,,,,,,,0.0,2.7,100.0,0.0
2022-06-23,0.0,4.1,57.8,0.0,0.0,100.0,,,,,,,0.0,2.2,100.0,0.0
2022-06-24,,,,,,,,,,,,,0.0,1.8,100.0,0.0
2022-06-25,,,,,,,,,,0.0,0.0,100.0,0.0,1.4,100.0,0.0
2022-06-26,,,,,,,,,,,,,0.0,1.7,100.0,0.0
2022-06-27,,,,,,,,,,,,,0.0,1.4,100.0,0.0
2022-06-28,,,,,,,,,,,,,0.0,1.5,100.0,0.0
2022-06-29,,,,,,,,,,0.0,0.0,100.0,0.0,1.0,100.0,0.0
2022-06-30,0.0,4.3,60.6,,,,,,,,,,0.0,1.1,100.0,0.0
2022-07-01,0.0,3.9,60.0,,,,,,,,,,0.0,1.1,100.0,0.0
2022-07-02,,,,,,,,,,,,,0.0,0.8,100.0,0.0
2022-07-03,,,,0.0,0.0,94.1,,,,,,,0.0,0.8,100.0,0.0
2022-07-04,,,,,,,,,,,,,0.0,0.5,100.0,0.0
2022-07-05,0.0,3.5,58.9,,,,,,,,,,0.0,0.5,100.0,0.0
2022-07-06,,,,,,,,,,,,,0.0,0.5,100.0,0.0
2022-07-07,,,,,,,,,,0.0,0.0,100.0,0.0,0.4,100.0,0.0
2022-07-08,,,,0.0,0.0,100.0,0.0,0.0,66.3,0.0,0.0,100.0,0.0,0.2,100.0,0.0
2022-07-09,,,,,,,,,,,,,0.0,0.2,100.0,0.0
2022-07-10,,,,,,,,,,,,,0.0,0.2,100.0,0.0
2022-07-11,,,,,,,,,,,,,0.0,0.1,100.0,0.0
2022-07-12,0.0,3.4,56.8,,,,,,,,,,0.0,0.1,100.0,0.0
2022-07-13,0.0,2.7,54.6,0.0,0.0,100.0,,,,,,,0.0,0.1,100.0,0.0
2022-07-14,,,,,,,,,,,,,0.0,0.1,100.0,0.0
2022-07-15,,,,,,,,,,,,,0.0,0.1,100.0,0.0
2022-07-16,,,,,,,0.0,0.0,99.1,,,,0.0,0.0,100.0,0.0
2022-07-17,0.0,2.1,52.0,,,,,,,,,,0.0,0.0,100.0,0.0
2022-07-18,,,,0.0,0.0,100.0,,,,,,,0.0,0.0,100.0,0.0
2022-07-19,,,,,,,,,,,,,0.0,0.0,100.0,0.0
2022-07-20,,,,,,,,,,,,,0.0,0.0,100.0,0.0
2022-07-21,,,,,,,,,,,,,0.0,0.0,100.0,0.0
2022-07-22,,,,,,,,,,,,,0.0,0.0,100.0,0.0
2022-07-23,,,,,,,,,,,,,0.0,0.0,100.0,0.0
2022-07-24,0.0,1.5,56.5,,,,0.0,0.0,99.0,0.0,0.0,100.0,0.0,0.0,100.0,0.0
2022-07-25,0.0,1.5,59.4,,,,,,,,,,0.0,0.0,100.0,0.0
2022-07-26,,,,,,,,,,,,,0.0,0.0,100.0,0.0
2022-07-27,,,,,,,,,,,,,0.0,0.0,100.0,0.0
2022-07-28,,,,0.0,0.0,100.0,,,,,,,0.0,0.0,100.0,0.0
2022-07-29,0.0,1.2,57.7,,,,,,,,,,0.0,0.0,100.0,0.0
2022-07-30,,,,,,,,,,,,,0.0,0.0,100.0,0.0
2022-07-31,,,,,,,,,,,,,0.0,0.0,100.0,0.0
2022-08-01,,,,,,,0.0,0.0,99.1,0.0,0.0,100.0,0.0,0.0,100.0,0.0
2022-08-02,,,,0.0,0.0,90.3,,,,0.0,0.0,100.0,0.0,0.0,100.0,0.0
2022-08-03,,,,,,,,,,0.0,0.0,100.0,0.0,0.0,100.0,0.0
2022-08-04,,,,,,,,,,,,,0.0,0.0,100.0,0.0
2022-08-05,0.0,1.4,60.0,,,,,,,,,,0.0,0.0,100.0,0.0
2022-08-06,0.0,1.5,62.0,,,,,,,0.0,0.0,100.0,0.0,0.0,100.0,0.0
2022-08-07,,,,0.0,0.0,51.0,,,,,,,0.0,0.0,100.0,0.0
2022-08-08,,,,,,,,,,0.0,0.0,100.0,0.0,0.0,100.0,0.0
2022-08-09,,,,,,,0.0,0.0,99.9,0.0,0.0,100.0,0.0,0.0,100.0,0.0
2022-08-10,0.0,1.7,61.7,,,,,,,,,,0.0,0.0,100.0,0.0
2022-08-11,,,,,,,,,,,,,0.0,0.0,100.0,0.0
2022-08-12,,,,0.0,0.0,100.0,,,,0.0,0.0,100.0,0.0,0.0,100.0,0.0
2022-08-13,,,,,,,,,,0.0,0.0,100.0,0.0,0.0,100.0,0.0
2022-08-14,,,,,,,,,,,,,0.0,0.0,100.0,0.0
2022-08-15,,,,,,,,,,,,,0.0,0.1,100.0,0.0
2022-08-16,,,,,,,,,,0.0,0.0,100.0,0.0,0.0,100.0,0.0
2022-08-17,0.0,1.8,60.9,0.0,0.0,100.0,0.0,0.0,100.0,0.0,0.0,100.0,0.0,0.0,100.0,0.0
2022-08-18,0.0,2.6,61.5,,,,,,,,,,0.0,0.0,100.0,0.0
2022-08-19,,,,,,,,,,,,,0.0,0.0,100.0,0.0
2022-08-20,,,,,,,,,,0.0,0.0,100.0,0.0,0.1,100.0,0.0
2022-08-21,,,,,,,,,,0.0,0.0,100.0,0.0,0.1,100.0,0.0
2022-08-22,0.0,2.1,60.1,0.0,0.0,100.0,,,,0.0,0.0,100.0,0.0,0.0,100.0,0.0
2022-08-23,,,,,,,,,,,,,0.0,0.1,100.0,0.0
2022-08-24,,,,,,,,,,0.0,0.0,100.0,0.0,0.1,100.0,0.0
2022-08-25,,,,,,,0.0,0.0,86.1,0.0,0.0,100.0,0.0,0.1,100.0,0.0
2022-08-26,,,,,,,,,,,,,0.0,0.1,100.0,0.0
2022-08-27,,,,,,,,,,,,,0.0,0.1,100.0,0.0
2022-08-28,,,,,,,,,,,,,0.0,0.1,100.0,0.0
2022-08-29,0.0,2.1,62.5,,,,,,,0.0,0.0,100.0,0.0,0.1,100.0,0.0
2022-08-30,0.0,1.9,61.9,,,,,,,,,,0.0,0.2,100.0,0.0
2022-08-31,,,,,,,,,,,,,0.0,0.2,100.0,0.0
2022-09-01,,,,0.0,0.0,100.0,,,,0.0,0.0,100.0,0.0,0.2,100.0,0.0
2022-09-02,,,,,,,,,,,,,0.0,0.3,100.0,0.0
2022-09-03,0.0,2.1,61.0,,,,,,,,,,0.0,0.3,100.0,0.0
2022-09-04,,,,,,,,,,0.0,0.0,100.0,0.0,0.2,100.0,0.0
2022-09-05,,,,,,,,,,0.0,0.0,100.0,0.0,0.3,100.0,0.0
2022-09-06,,,,,,,,,,,,,0.0,0.2,100.0,0.0
2022-09-07,,,,,,,,,,,,,0.0,0.2,100.0,0.0
2022-09-08,,,,,,,,,,0.0,0.0,100.0,0.0,0.2,100.0,0.0
2022-09-09,,,,,,,,,,,,,0.0,0.3,100.0,0.0
2022-09-10,0.0,2.4,62.3,,,,,,,,,,0.0,0.2,100.0,0.0
2022-09-11,0.0,2.3,62.7,0.0,0.0,100.0,,,,0.0,0.0,100.0,0.0,0.2,100.0,0.0
2022-09-12,,,,,,,,,,0.0,0.0,100.0,0.0,0.1,100.0,0.0
2022-09-13,,,,,,,,,,,,,0.0,0.1,100.0,0.0
2022-09-14,,,,,,,,,,,,,0.0,0.1,100.0,0.0
2022-09-15,0.0,2.2,61.9,,,,,,,,,,0.0,0.0,100.0,0.0
2022-09-16,,,,,,,,,,,,,0.0,0.0,100.0,0.0
2022-09-17,,,,,,,,,,,,,0.0,0.1,100.0,0.0
2022-09-18,,,,,,,0.0,0.0,99.4,,,,0.0,0.0,100.0,0.0
2022-09-19,,,,,,,,,,,,,0.0,0.0,100.0,0.0
2022-09-20,,,,,,,,,,,,,0.0,0.0,100.0,0.0
2022-09-21,,,,0.0,0.0,100.0,,,,,,,0.0,0.0,100.0,0.0
2022-09-22,0.0,2.5,62.5,,,,,,,,,,0.0,0.0,100.0,0.0
2022-09-23,0.0,2.8,63.4,,,,,,,,,,0.0,0.0,100.0,0.0
2022-09-24,,,,,,,,,,,,,0.0,0.0,100.0,0.0
2022-09-25,,,,,,,,,,,,,0.0,0.0,100.0,0.0
2022-09-26,,,,,,,,,,,,,0.0,0.1,100.0,0.0
2022-09-27,0.0,2.6,62.1,,,,,,,,,,0.0,0.1,100.0,0.0
2022-09-28,,,,,,,,,,,,,0.0,0.1,100.0,0.0
2022-09-29,,,,,,,,,,,,,0.0,0.2,100.0,0.0
2022-09-30,,,,,,,,,,,,,0.0,0.3,100.0,0.0
2022-10-01,,,,,,,,,,,,,0.0,0.2,100.0,0.0
2022-10-02,,,,,,,,,,,,,0.0,0.2,100.0,0.0
2022-10-03,,,,,,,,,,,,,0.0,0.3,100.0,0.0
2022-10-04,0.0,2.6,62.3,,,,0.0,0.1,47.7,,,,0.0,0.6,100.0,0.0
2022-10-05,0.0,2.8,62.7,,,,,,,0.0,0.0,100.0,0.0,0.5,100.0,0.0
2022-10-06,,,,0.0,0.0,100.0,,,,,,,0.0,0.5,100.0,0.0
2022-10-07,,,,,,,,,,,,,0.0,0.5,100.0,0.0
2022-10-08,,,,,,,,,,,,,0.0,0.7,100.0,0.0
2022-10-09,0.0,3.2,62.5,,,,,,,,,,0.0,0.8,100.0,0.0
2022-10-10,,,,,,,,,,,,,0.0,0.8,100.0,0.0
2022-10-11,,,,0.0,0.0,100.0,,,,,,,0.0,0.8,100.0,0.0
2022-10-12,,,,,,,,,,0.0,0.0,100.0,0.0,0.7,100.0,0.0
2022-10-13,,,,,,,,,,,,,0.0,0.9,100.0,0.0
2022-10-14,,,,,,,,,,,,,0.0,0.9,100.0,0.0
2022-10-15,,,,,,,,,,,,,0.0,1.0,100.0,0.0
2022-10-16,0.0,3.0,62.2,0.0,0.0,36.7,,,,0.0,0.1,51.5,0.0,0.8,100.0,0.0
2022-10-17,0.0,4.0,63.0,,,,,,,0.0,0.0,100.0,0.0,0.8,100.0,0.0
2022-10-18,,,,,,,,,,0.0,0.0,100.0,0.0,0.7,100.0,0.0
2022-10-19,,,,,,,,,,,,,0.0,1.0,100.0,0.0
2022-10-20,,,,,,,,,,,,,0.0,1.0,100.0,0.0
2022-10-21,0.0,2.7,60.9,,,,,,,,,,0.0,0.9,100.0,0.0
2022-10-22,,,,,,,,,,0.0,0.0,100.0,0.0,0.7,100.0,0.0
2022-10-23,,,,,,,,,,,,,0.0,0.9,100.0,0.0
2022-10-24,,,,,,,,,,,,,0.0,1.0,100.0,0.0
2022-10-25,,,,,,,,,,0.0,0.0,100.0,0.0,0.8,100.0,0.0
2022-10-26,,,,0.0,0.0,100.0,,,,,,,0.0,0.7,100.0,0.0
2022-10-27,,,,,,,,,,,,,0.0,0.7,100.0,0.0
2022-10-28,0.0,3.0,61.5,,,,,,,,,,0.0,0.7,100.0,0.0
2022-10-29,0.0,3.1,62.5,,,,,,,,,,0.0,1.0,100.0,0.0
2022-10-30,,,,,,,,,,,,,0.0,0.7,100.0,0.0
2022-10-31,,,,,,,,,,,,,0.0,0.8,100.0,0.0
2022-11-01,,,,,,,,,,,,,0.0,0.6,100.0,0.0
2022-11-02,0.0,3.8,62.3,,,,,,,,,,0.0,0.6,100.0,0.0
2022-11-03,,,,,,,,,,,,,0.0,0.7,100.0,0.0
2022-11-04,,,,,,,,,,,,,0.0,1.0,100.0,0.0
2022-11-05,,,,0.0,0.1,45.1,,,,0.0,0.0,100.0,0.0,0.6,100.0,0.0
2022-11-06,,,,,,,,,,,,,0.0,0.8,100.0,0.0
2022-11-07,,,,,,,,,,,,,0.0,0.8,100.0,0.0
2022-11-08,,,,,,,,,,,,,0.0,1.3,100.0,0.0
2022-11-09,0.0,3.9,62.0,,,,,,,,,,0.0,1.5,100.0,0.0
2022-11-10,0.0,4.1,61.9,0.0,0.0,94.5,,,,,,,0.0,1.0,100.0,0.0
2022-11-11,,,,,,,,,,,,,0.0,1.2,100.0,0.0
2022-11-12,,,,,,,,,,,,,0.0,1.4,100.0,0.0
2022-11-13,,,,,,,0.0,0.1,100.0,,,,0.0,1.2,100.0,0.0
2022-11-14,0.0,3.5,60.8,,,,,,,,,,0.0,1.0,100.0,0.0
2022-11-15,,,,,,,,,,,,,0.0,1.2,100.0,0.0
2022-11-16,,,,,,,,,,0.0,0.0,100.0,0.0,1.2,100.0,0.0
2022-11-17,,,,,,,,,,,,,0.0,2.2,100.0,0.0
2022-11-18,,,,,,,,,,,,,0.0,1.9,100.0,0.0
2022-11-19,,,,,,,,,,,,,0.0,2.3,100.0,0.0
2022-11-20,,,,0.0,0.1,100.0,,,,,,,0.0,2.8,100.0,0.0
2022-11-21,0.0,4.6,61.7,,,,,,,,,,0.0,3.9,100.0,0.0
2022-11-22,0.0,4.3,61.6,,,,,,,,,,0.0,3.3,100.0,0.0
2022-11-23,,,,,,,,,,,,,0.0,3.1,100.0,0.0
2022-11-24,,,,,,,,,,,,,0.0,3.0,100.0,0.0
2022-11-25,,,,,,,,,,,,,0.0,2.6,100.0,0.0
2022-11-26,0.0,4.8,60.9,,,,,,,,,,0.0,2.1,100.0,0.0
2022-11-27,,,,,,,,,,,,,0.0,1.4,100.0,0.0
2022-11-28,,,,,,,,,,,,,0.0,1.8,100.0,0.0
2022-11-29,,,,,,,,,,,,,0.0,1.4,100.0,0.0
2022-11-30,,,,,,,,,,0.0,0.1,100.0,0.0,1.1,100.0,0.0
2022-12-01,,,,,,,,,,0.0,0.3,100.0,0.0,0.8,100.0,0.0
2022-12-02,,,,,,,,,,,,,0.0,1.1,100.0,0.0
2022-12-03,0.2,5.7,60.3,,,,,,,,,,0.0,1.0,100.0,0.0
2022-12-04,1.1,9.5,91.3,,,,,,,0.0,0.2,100.0,0.0,0.9,100.0,0.0
2022-12-05,,,,,,,,,,0.0,0.3,100.0,0.0,0.8,100.0,0.0
2022-12-06,,,,,,,,,,,,,0.0,1.2,100.0,0.0
2022-12-07,,,,,,,0.0,0.6,100.0,,,,0.0,1.3,100.0,0.0
2022-12-08,3.8,11.1,94.0,,,,,,,0.0,0.3,100.0,0.0,1.2,100.0,0.0
2022-12-09,,,,,,,,,,0.0,0.3,100.0,0.0,1.2,100.0,0.0
2022-12-10,,,,,,,,,,0.0,0.4,100.0,0.0,1.4,100.0,0.0
2022-12-11,,,,,,,,,,,,,0.0,2.5,100.0,0.0
2022-12-12,,,,,,,,,,,,,0.0,2.2,100.0,0.0
2022-12-13,,,,,,,,,,,,,0.0,3.0,100.0,0.0
2022-12-14,,,,,,,,,,0.0,0.3,100.0,0.0,2.7,100.0,0.0
2022-12-15,2.4,10.0,86.4,,,,,,,,,,0.0,4.4,100.0,0.0
2022-12-16,3.9,12.2,86.7,,,,,,,0.0,0.6,100.0,0.0,2.7,100.0,0.0
2022-12-17,,,,,,,,,,0.0,0.9,100.0,0.0,3.2,100.0,0.0
2022-12-18,,,,,,,,,,0.0,1.6,100.0,0.0,3.4,100.0,0.0
2022-12-19,,,,,,,,,,,,,0.0,4.8,100.0,0.0
2022-12-20,5.5,10.4,78.5,0.0,0.1,100.0,,,,,,,0.0,3.3,100.0,0.0
2022-12-21,,,,,,,,,,0.0,3.8,100.0,0.0,4.0,100.0,0.0
2022-12-22,,,,,,,,,,,,,0.0,4.9,100.0,0.0
2022-12-23,,,,,,,,,,,,,0.0,6.8,100.0,0.0
2022-12-24,,,,,,,,,,0.0,4.3,100.0,0.0,5.3,100.0,0.0
2022-12-25,,,,0.0,0.7,100.0,,,,1.5,15.4,100.0,0.0,5.7,100.0,0.0
2022-12-26,,,,,,,,,,,,,0.0,6.4,100.0,0.0
2022-12-27,2.0,10.6,72.6,,,,,,,,,,0.0,7.5,100.0,0.0
2022-12-28,2.3,12.3,68.9,,,,,,,,,,0.0,7.3,100.0,0.0
2022-12-29,,,,,,,,,,0.7,17.8,100.0,0.0,8.0,100.0,0.0
2022-12-30,,,,,,,,,,,,,0.0,8.4,100.0,0.0
2022-12-31,,,,,,,,,,,,,0.0,8.8,100.0,0.0
2023-01-01,8.0,15.9,60.4,,,,,,,,,,0.0,10.1,100.0,0.0
2023-01-02,,,,,,,,,,31.3,36.1,78.3,0.0,10.8,100.0,0.0
2023-01-03,,,,,,,,,,,,,0.0,11.6,100.0,0.0
2023-01-04,,,,0.5,3.9,100.0,,,,,,,0.0,12.0,100.0,0.0
2023-01-05,,,,,,,,,,,,,0.0,12.5,100.0,0.0
2023-01-06,,,,,,,,,,,,,0.0,13.3,100.0,0.0
2023-01-07,,,,,,,,,,67.5,55.9,87.4,0.0,13.1,100.0,0.0
2023-01-08,9.1,15.8,65.8,,,,,,,,,,0.0,13.2,100.0,0.0
2023-01-09,3.9,14.2,56.3,,,,,,,,,,0.0,13.0,100.0,0.0
2023-01-10,,,,,,,,,,,,,0.0,13.3,100.0,0.0
2023-01-11,,,,,,,,,,,,,0.0,13.2,100.0,0.0
2023-01-12,,,,,,,,,,,,,0.0,13.7,100.0,0.0
2023-01-13,4.9,17.3,42.5,,,,,,,,,,0.0,14.3,100.0,0.0
2023-01-14,,,,,,,,,,,,,0.0,13.0,100.0,0.0
2023-01-15,,,,,,,,,,,,,0.0,14.0,100.0,0.0
2023-01-16,,,,,,,,,,,,,0.0,13.7,100.0,0.0
2023-01-17,,,,,,,,,,,,,0.0,17.4,100.0,0.0
2023-01-18,,,,,,,,,,,,,0.0,17.0,100.0,0.0
2023-01-19,,,,7.0,13.5,100.0,,,,,,,0.0,23.9,100.0,0.0
2023-01-20,11.4,22.2,51.7,,,,,,,,,,0.1,25.8,100.0,0.1
2023-01-21,8.4,26.4,52.1,,,,,,,,,,1.6,39.2,100.0,1.6
2023-01-22,,,,,,,,,,,,,2.1,38.5,100.0,2.1
2023-01-23,,,,,,,,,,,,,14.6,50.3,100.0,14.6
2023-01-24,,,,19.4,36.5,100.0,12.0,23.0,100.0,78.5,70.0,100.0,20.6,51.1,100.0,20.6
2023-01-25,19.7,33.0,62.0,,,,,,,,,,52.8,57.4,100.0,52.8
2023-01-26,,,,,,,,,,,,,48.6,57.6,100.0,48.6
2023-01-27,,,,,,,,,,,,,64.6,61.2,100.0,64.6
2023-01-28,,,,,,,,,,92.5,81.7,100.0,70.5,63.4,100.0,70.5
2023-01-29,,,,32.6,38.0,100.0,,,,,,,76.0,66.0,100.0,76.0
2023-01-30,,,,,,,,,,,,,78.5,66.6,100.0,78.5
2023-01-31,,,,,,,,,,94.4,83.9,100.0,80.1,67.7,100.0,80.1
2023-02-01,73.2,48.9,78.7,,,,68.3,56.9,97.0,,,,92.1,72.0,100.0,92.1
2023-02-02,78.0,51.9,84.2,,,,,,,,,,87.9,70.8,100.0,87.9
2023-02-03,,,,43.8,46.9,100.0,,,,94.1,85.2,100.0,92.7,71.8,100.0,92.7
2023-02-04,,,,,,,,,,96.0,88.5,100.0,88.9,70.8,100.0,88.9
2023-02-05,,,,,,,,,,,,,94.5,73.2,100.0,94.5
2023-02-06,87.3,60.4,83.2,,,,,,,,,,95.0,73.9,100.0,95.0
2023-02-07,,,,,,,,,,96.7,90.0,100.0,95.9,75.2,100.0,95.9
2023-02-08,,,,42.9,48.0,100.0,,,,96.9,89.3,100.0,96.0,76.6,100.0,96.0
2023-02-09,,,,,,,91.2,73.9,100.0,96.2,88.6,100.0,97.1,80.9,100.0,97.1
2023-02-10,,,,,,,,,,,,,97.1,81.2,100.0,97.1
2023-02-11,,,,,,,,,,,,,97.1,82.4,100.0,97.1
2023-02-12,,,,,,,,,,96.5,88.3,100.0,97.0,82.3,100.0,97.0
2023-02-13,84.6,60.8,82.9,51.3,54.1,100.0,,,,,,,96.8,84.0,100.0,96.8
2023-02-14,88.7,64.6,82.7,,,,,,,,,,96.2,83.4,100.0,96.2
2023-02-15,,,,,,,,,,98.2,88.7,95.5,95.9,82.6,100.0,95.9
2023-02-16,,,,,,,,,,97.7,90.1,100.0,95.5,82.9,100.0,95.5
2023-02-17,,,,,,,,,,99.2,90.8,100.0,95.2,83.4,100.0,95.2
2023-02-18,93.1,69.6,79.7,63.4,56.9,100.0,,,,,,,93.0,82.2,100.0,93.0
2023-02-19,,,,,,,,,,,,,94.0,81.4,100.0,94.0
2023-02-20,,,,,,,,,,99.3,93.3,100.0,92.2,80.6,100.0,92.2
2023-02-21,,,,,,,,,,,,,93.3,81.4,100.0,93.3
2023-02-22,,,,,,,,,,,,,88.5,79.1,100.0,88.5
2023-02-23,,,,,,,,,,,,,93.0,81.7,100.0,93.0
2023-02-24,,,,,,,,,,,,,88.4,79.4,100.0,88.4
2023-02-25,93.9,72.1,83.8,,,,89.9,75.2,54.8,100.0,92.9,100.0,96.7,85.7,100.0,96.7
2023-02-26,93.1,70.4,73.0,,,,,,,,,,92.7,83.5,100.0,92.7
2023-02-27,,,,,,,,,,,,,98.7,87.7,100.0,98.7
2023-02-28,,,,97.4,92.2,100.0,,,,100.0,94.6,100.0,97.5,87.6,100.0,97.5
2023-03-01,,,,,,,,,,100.0,95.8,100.0,99.8,90.6,100.0,99.8
2023-03-02,92.2,70.3,75.8,,,,,,,,,,99.0,90.0,100.0,99.0
2023-03-03,,,,,,,,,,100.0,95.8,100.0,100.0,91.6,100.0,100.0
2023-03-04,,,,,,,,,,100.0,96.5,100.0,99.5,91.5,100.0,99.5
2023-03-05,,,,98.6,95.4,100.0,83.4,69.6,65.8,,,,100.0,93.9,100.0,100.0
2023-03-06,,,,,,,,,,100.0,97.4,100.0,99.7,92.8,100.0,99.7
2023-03-07,,,,,,,,,,100.0,96.3,100.0,100.0,93.9,100.0,100.0
2023-03-08,,,,,,,,,,,,,99.9,93.6,100.0,99.9
2023-03-09,96.7,77.2,79.7,,,,,,,,,,99.9,94.5,100.0,99.9
2023-03-10,95.2,72.2,77.5,,,,,,,,,,99.7,94.1,100.0,99.7
2023-03-11,,,,,,,,,,,,,99.8,94.8,100.0,99.8
2023-03-12,,,,,,,,,,,,,99.7,94.9,100.0,99.7
2023-03-13,,,,,,,,,,100.0,96.8,98.7,99.8,95.9,100.0,99.8
2023-03-14,98.4,77.4,81.5,,,,,,,,,,99.7,96.4,100.0,99.7
2023-03-15,,,,100.0,99.9,100.0,,,,,,,99.8,97.2,100.0,99.8
2023-03-16,,,,,,,,,,,,,99.7,97.0,100.0,99.7
2023-03-17,,,,,,,,,,,,,99.7,96.8,100.0,99.7
2023-03-18,,,,,,,,,,,,,99.7,96.8,100.0,99.7
2023-03-19,,,,,,,,,,,,,99.7,96.8,100.0,99.7
2023-03-20,,,,99.7,98.7,33.8,,,,,,,99.5,96.7,100.0,99.5
2023-03-21,99.5,77.4,85.8,,,,,,,,,,99.4,96.8,100.0,99.4
2023-03-22,98.9,81.2,86.6,,,,,,,,,,99.3,96.5,100.0,99.3
2023-03-23,,,,,,,,,,,,,99.1,95.5,100.0,99.1
2023-03-24,,,,,,,,,,,,,99.1,94.4,100.0,99.1
2023-03-25,,,,,,,,,,,,,98.3,93.1,100.0,98.3
2023-03-26,99.5,82.8,85.4,,,,,,,,,,98.3,92.1,100.0,98.3
2023-03-27,,,,,,,,,,,,,97.4,89.4,100.0,97.4
2023-03-28,,,,,,,,,,,,,96.0,87.3,100.0,96.0
2023-03-29,,,,,,,,,,,,,96.0,86.8,100.0,96.0
2023-03-30,,,,,,,,,,,,,95.3,86.7,100.0,95.3
2023-03-31,,,,,,,,,,,,,97.1,88.3,100.0,97.1
2023-04-01,,,,,,,,,,,,,96.3,88.3,100.0,96.3
2023-04-02,100.0,88.0,85.9,,,,,,,,,,97.2,90.2,100.0,97.2
2023-04-03,98.9,89.3,87.4,,,,,,,100.0,95.9,100.0,97.0,90.2,100.0,97.0
2023-04-04,,,,100.0,99.8,100.0,,,,,,,99.3,93.6,100.0,99.3
2023-04-05,,,,,,,,,,,,,99.2,93.3,100.0,99.2
2023-04-06,,,,,,,99.3,94.3,99.7,,,,99.9,95.2,100.0,99.9
2023-04-07,99.4,89.7,82.8,,,,,,,,,,99.4,94.4,100.0,99.4
2023-04-08,,,,,,,,,,100.0,96.0,100.0,100.0,95.9,100.0,100.0
2023-04-09,,,,100.0,99.8,100.0,,,,,,,100.0,96.5,100.0,100.0
2023-04-10,,,,,,,,,,,,,100.0,96.8,100.0,100.0
2023-04-11,,,,,,,,,,,,,100.0,96.1,100.0,100.0
2023-04-12,,,,,,,,,,,,,100.0,96.4,100.0,100.0
2023-04-13,,,,,,,,,,,,,100.0,96.5,100.0,100.0
2023-04-14,98.8,84.0,86.8,100.0,99.7,100.0,,,,100.0,96.0,42.3,100.0,97.1,100.0,100.0
2023-04-15,98.3,82.1,87.0,,,,,,,,,,100.0,96.4,100.0,100.0
2023-04-16,,,,,,,,,,,,,100.0,95.9,100.0,100.0
2023-04-17,,,,,,,,,,,,,100.0,96.0,100.0,100.0
2023-04-18,,,,,,,,,,100.0,95.7,100.0,100.0,95.4,100.0,100.0
2023-04-19,98.3,78.5,87.0,100.0,99.1,100.0,,,,100.0,97.2,100.0,100.0,95.8,100.0,100.0
2023-04-20,,,,,,,,,,,,,99.9,93.1,100.0,99.9
2023-04-21,,,,,,,,,,,,,99.8,92.7,100.0,99.8
2023-04-22,,,,,,,,,,100.0,96.7,100.0,99.8,90.8,100.0,99.8
2023-04-23,,,,,,,,,,100.0,94.0,100.0,99.8,89.5,100.0,99.8
2023-04-24,,,,100.0,97.3,100.0,,,,,,,99.5,89.2,100.0,99.5
2023-04-25,,,,,,,,,,,,,99.7,87.2,100.0,99.7
2023-04-26,95.3,71.0,86.2,,,,,,,,,,99.1,86.9,100.0,99.1
2023-04-27,83.2,54.3,78.0,,,,,,,100.0,89.7,100.0,98.5,83.7,100.0,98.5
2023-04-28,,,,,,,,,,,,,96.7,80.4,100.0,96.7
2023-04-29,,,,,,,,,,,,,92.3,75.2,100.0,92.3
2023-04-30,,,,,,,,,,,,,84.3,70.4,100.0,84.3
2023-05-01,76.8,50.0,84.3,,,,,,,,,,82.1,67.7,100.0,82.1
2023-05-02,,,,,,,,,,,,,62.4,62.9,100.0,62.4
2023-05-03,,,,,,,,,,,,,54.4,59.7,100.0,54.4
2023-05-04,,,,17.2,27.6,100.0,,,,90.8,68.4,100.0,30.3,53.3,100.0,30.3
2023-05-05,,,,,,,,,,,,,19.6,49.1,100.0,19.6
2023-05-06,,,,,,,,,,,,,6.3,37.2,100.0,6.3
2023-05-07,,,,,,,,,,66.8,52.9,100.0,4.7,33.4,100.0,4.7
2023-05-08,10.9,30.1,86.8,,,,,,,42.2,44.6,100.0,1.3,22.2,100.0,1.3
2023-05-09,3.8,24.4,81.5,,,,,,,,,,1.0,22.2,100.0,1.0
2023-05-10,,,,,,,,,,,,,0.5,16.6,100.0,0.5
2023-05-11,,,,,,,,,,,,,0.9,19.4,100.0,0.9
2023-05-12,,,,,,,,,,,,,0.1,15.4,100.0,0.1
2023-05-13,3.7,15.6,81.5,,,,,,,,,,0.5,18.9,100.0,0.5
2023-05-14,,,,0.0,3.2,32.8,,,,0.0,20.3,63.7,0.0,15.8,100.0,0.0
2023-05-15,,,,,,,,,,,,,0.1,19.8,100.0,0.1
2023-05-16,,,,,,,,,,,,,0.0,15.4,100.0,0.0
2023-05-17,,,,,,,,,,,,,0.1,18.8,100.0,0.1
2023-05-18,,,,,,,,,,,,,0.0,16.3,100.0,0.0
2023-05-19,,,,,,,,,,,,,0.2,19.3,100.0,0.2
2023-05-20,1.9,11.5,83.4,,,,,,,,,,0.0,14.6,100.0,0.0
2023-05-21,0.0,8.8,75.8,,,,,,,,,,0.1,15.2,100.0,0.1
2023-05-22,,,,,,,,,,,,,0.0,13.7,100.0,0.0
2023-05-23,,,,,,,,,,,,,0.0,13.8,100.0,0.0
2023-05-24,,,,,,,,,,,,,0.0,10.3,100.0,0.0
2023-05-25,0.1,8.3,80.8,,,,,,,,,,0.0,9.4,100.0,0.0
2023-05-26,,,,,,,,,,,,,0.0,8.1,100.0,0.0
2023-05-27,,,,,,,,,,,,,0.0,8.0,100.0,0.0
2023-05-28,,,,,,,,,,,,,0.0,7.7,100.0,0.0
2023-05-29,,,,0.0,0.4,89.3,,,,0.0,3.5,100.0,0.0,6.7,100.0,0.0
2023-05-30,,,,,,,,,,,,,0.0,7.0,100.0,0.0
2023-05-31,,,,,,,,,,,,,0.0,6.4,100.0,0.0
2023-06-01,0.0,4.9,82.4,,,,,,,,,,0.0,6.2,100.0,0.0
2023-06-02,0.0,4.1,77.2,,,,,,,,,,0.0,6.2,100.0,0.0
2023-06-03,,,,,,,,,,,,,0.0,5.0,100.0,0.0
2023-06-04,,,,,,,,,,,,,0.0,4.7,100.0,0.0
2023-06-05,,,,,,,,,,,,,0.0,4.7,100.0,0.0
2023-06-06,0.0,3.7,82.6,,,,,,,0.0,1.3,89.7,0.0,5.5,100.0,0.0
2023-06-07,,,,,,,,,,0.0,1.0,99.7,0.0,6.0,100.0,0.0
2023-06-08,,,,,,,,,,,,,0.0,7.2,100.0,0.0
2023-06-09,,,,,,,,,,,,,0.0,6.0,100.0,0.0
2023-06-10,,,,,,,,,,,,,0.0,4.4,100.0,0.0
2023-06-11,,,,,,,,,,0.0,0.4,100.0,0.0,3.6,100.0,0.0
2023-06-12,,,,,,,,,,,,,0.0,3.6,100.0,0.0
2023-06-13,0.0,2.9,85.8,,,,,,,,,,0.0,2.9,100.0,0.0
2023-06-14,0.0,2.3,82.1,,,,,,,0.0,0.1,100.0,0.0,1.9,100.0,0.0
2023-06-15,,,,,,,,,,0.0,0.1,100.0,0.0,2.3,100.0,0.0
2023-06-16,,,,,,,,,,,,,0.0,2.8,100.0,0.0
2023-06-17,,,,,,,0.0,0.1,39.3,,,,0.0,2.3,100.0,0.0
2023-06-18,0.0,1.8,85.6,0.0,0.0,96.8,,,,0.0,0.1,100.0,0.0,1.3,100.0,0.0
2023-06-19,,,,,,,,,,,,,0.0,1.3,100.0,0.0
2023-06-20,,,,,,,,,,,,,0.0,1.2,100.0,0.0
2023-06-21,,,,,,,,,,0.0,0.1,100.0,0.0,1.2,100.0,0.0
2023-06-22,,,,,,,,,,0.0,0.0,98.8,0.0,0.7,100.0,0.0
2023-06-23,,,,,,,,,,,,,0.0,0.8,100.0,0.0
2023-06-24,,,,,,,,,,,,,0.0,0.8,100.0,0.0
2023-06-25,0.0,2.3,88.2,,,,0.0,0.0,78.8,,,,0.0,0.8,100.0,0.0
2023-06-26,0.0,2.2,85.8,,,,,,,0.0,0.0,100.0,0.0,0.6,100.0,0.0
2023-06-27,,,,,,,,,,0.0,0.0,100.0,0.0,0.5,100.0,0.0
2023-06-28,,,,0.0,0.0,100.0,,,,,,,0.0,0.5,100.0,0.0
2023-06-29,,,,,,,,,,,,,0.0,0.4,100.0,0.0
2023-06-30,0.0,1.9,86.2,,,,,,,,,,0.0,0.3,100.0,0.0
2023-07-01,,,,,,,,,,,,,0.0,0.4,100.0,0.0
2023-07-02,,,,,,,,,,,,,0.0,0.3,100.0,0.0
2023-07-03,,,,0.0,0.0,98.8,0.0,0.0,54.1,,,,0.0,0.3,100.0,0.0
2023-07-04,,,,,,,,,,0.0,0.0,100.0,0.0,0.2,100.0,0.0
2023-07-05,,,,,,,,,,,,,0.0,0.2,100.0,0.0
2023-07-06,,,,,,,,,,,,,0.0,0.1,100.0,0.0
2023-07-07,0.0,1.8,88.8,,,,,,,,,,0.0,0.1,100.0,0.0
2023-07-08,0.0,2.0,88.7,,,,,,,,,,0.0,0.1,100.0,0.0
2023-07-09,,,,,,,,,,,,,0.0,0.1,100.0,0.0
2023-07-10,,,,,,,,,,0.0,0.0,100.0,0.0,0.0,100.0,0.0
2023-07-11,,,,,,,0.0,0.0,96.0,,,,0.0,0.1,100.0,0.0
2023-07-12,0.0,2.1,87.0,,,,,,,,,,0.0,0.1,100.0,0.0
2023-07-13,,,,,,,,,,,,,0.0,0.1,100.0,0.0
2023-07-14,,,,,,,,,,0.0,0.0,100.0,0.0,0.1,100.0,0.0
2023-07-15,,,,,,,,,,,,,0.0,0.1,100.0,0.0
2023-07-16,,,,,,,,,,,,,0.0,0.1,100.0,0.0
2023-07-17,,,,,,,,,,,,,0.0,0.1,100.0,0.0
2023-07-18,,,,0.0,0.0,100.0,,,,,,,0.0,0.2,100.0,0.0
2023-07-19,0.0,2.2,88.1,,,,0.0,0.0,72.2,,,,0.0,0.2,100.0,0.0
2023-07-20,0.0,2.4,88.8,,,,,,,,,,0.0,0.2,100.0,0.0
2023-07-21,,,,,,,,,,,,,0.0,0.2,100.0,0.0
2023-07-22,,,,,,,,,,0.0,0.0,100.0,0.0,0.2,100.0,0.0
2023-07-23,,,,,,,,,,,,,0.0,0.3,100.0,0.0
2023-07-24,0.0,2.4,87.7,,,,,,,,,,0.0,0.2,100.0,0.0
2023-07-25,,,,,,,,,,,,,0.0,0.2,100.0,0.0
2023-07-26,,,,,,,,,,,,,0.0,0.4,100.0,0.0
2023-07-27,,,,,,,,,,,,,0.0,0.7,100.0,0.0
2023-07-28,,,,,,,,,,,,,0.0,0.6,100.0,0.0
2023-07-29,,,,,,,,,,,,,0.0,0.6,100.0,0.0
2023-07-30,,,,,,,,,,,,,0.0,0.5,100.0,0.0
2023-07-31,0.0,1.8,86.8,,,,,,,,,,0.0,0.4,100.0,0.0
2023-08-01,0.0,2.3,87.6,,,,,,,,,,0.0,0.3,100.0,0.0
2023-08-02,,,,,,,,,,,,,0.0,0.3,100.0,0.0
2023-08-03,,,,,,,,,,0.0,0.0,100.0,0.0,0.2,100.0,0.0
2023-08-04,,,,,,,,,,,,,0.0,0.4,100.0,0.0
2023-08-05,0.0,1.9,87.3,,,,,,,,,,0.0,0.4,100.0,0.0
2023-08-06,,,,,,,,,,,,,0.0,0.2,100.0,0.0
2023-08-07,,,,0.0,0.0,97.8,,,,,,,0.0,0.2,100.0,0.0
2023-08-08,,,,,,,,,,,,,0.0,0.1,100.0,0.0
2023-08-09,,,,,,,,,,,,,0.0,0.2,100.0,0.0
2023-08-10,,,,,,,,,,0.0,0.0,100.0,0.0,0.1,100.0,0.0
2023-08-11,,,,,,,,,,,,,0.0,0.1,100.0,0.0
2023-08-12,0.0,1.6,87.6,,,,,,,,,,0.0,0.1,100.0,0.0
2023-08-13,0.0,0.9,87.6,,,,,,,,,,0.0,0.1,100.0,0.0
2023-08-14,,,,,,,,,,0.0,0.0,100.0,0.0,0.0,100.0,0.0
2023-08-15,,,,,,,,,,,,,0.0,0.0,100.0,0.0
2023-08-16,,,,,,,,,,,,,0.0,0.0,100.0,0.0
2023-08-17,0.0,0.9,87.6,,,,,,,,,,0.0,0.0,100.0,0.0
2023-08-18,,,,,,,,,,0.0,0.0,100.0,0.0,0.0,100.0,0.0
2023-08-19,,,,,,,,,,,,,0.0,0.0,100.0,0.0
2023-08-20,,,,,,,0.0,0.0,99.8,,,,0.0,0.0,100.0,0.0
2023-08-21,,,,,,,,,,,,,0.0,0.0,100.0,0.0
2023-08-22,,,,0.0,0.0,100.0,,,,,,,0.0,0.0,100.0,0.0
2023-08-23,,,,,,,,,,,,,0.0,0.0,100.0,0.0
2023-08-24,0.0,0.8,88.1,,,,,,,,,,0.0,0.0,100.0,0.0
2023-08-25,0.0,1.2,88.2,,,,,,,,,,0.0,0.0,100.0,0.0
2023-08-26,,,,,,,,,,0.0,0.0,100.0,0.0,0.0,100.0,0.0
2023-08-27,,,,,,,,,,,,,0.0,0.0,100.0,0.0
2023-08-28,,,,,,,,,,,,,0.0,0.0,100.0,0.0
2023-08-29,0.0,0.9,86.9,,,,,,,,,,0.0,0.0,100.0,0.0
2023-08-30,,,,,,,,,,,,,0.0,0.0,100.0,0.0
2023-08-31,,,,,,,,,,,,,0.0,0.1,100.0,0.0
2023-09-01,,,,0.0,0.0,32.9,,,,,,,0.0,0.0,100.0,0.0
2023-09-02,,,,,,,,,,0.0,0.0,100.0,0.0,0.0,100.0,0.0
2023-09-03,,,,,,,,,,,,,0.0,0.0,100.0,0.0
2023-09-04,,,,,,,,,,,,,0.0,0.0,100.0,0.0
2023-09-05,0.0,1.1,87.1,,,,0.0,0.0,100.0,,,,0.0,0.0,100.0,0.0
2023-09-06,0.0,1.4,88.7,0.0,0.0,100.0,,,,,,,0.0,0.0,100.0,0.0
2023-09-07,,,,,,,,,,,,,0.0,0.0,100.0,0.0
2023-09-08,,,,,,,,,,,,,0.0,0.0,100.0,0.0
2023-09-09,,,,,,,,,,0.0,0.0,100.0,0.0,0.0,100.0,0.0
2023-09-10,0.0,1.9,87.4,,,,,,,,,,0.0,0.0,100.0,0.0
2023-09-11,,,,0.0,0.0,97.2,,,,,,,0.0,0.0,100.0,0.0
2023-09-12,,,,,,,,,,,,,0.0,0.0,100.0,0.0
2023-09-13,,,,,,,,,,,,,0.0,0.0,100.0,0.0
2023-09-14,,,,,,,,,,,,,0.0,0.0,100.0,0.0
2023-09-15,,,,,,,,,,,,,0.0,0.1,100.0,0.0
2023-09-16,,,,0.0,0.0,99.4,,,,,,,0.0,0.1,100.0,0.0
2023-09-17,0.0,2.4,87.3,,,,,,,,,,0.0,0.0,100.0,0.0
2023-09-18,0.0,2.8,87.6,,,,,,,,,,0.0,0.0,100.0,0.0
2023-09-19,,,,,,,,,,,,,0.0,0.1,100.0,0.0
2023-09-20,,,,,,,,,,,,,0.0,0.1,100.0,0.0
2023-09-21,,,,,,,,,,,,,0.0,0.1,100.0,0.0
2023-09-22,0.0,2.8,86.1,,,,,,,,,,0.0,0.1,100.0,0.0
2023-09-23,,,,,,,,,,,,,0.0,0.1,100.0,0.0
2023-09-24,,,,,,,,,,,,,0.0,0.1,100.0,0.0
2023-09-25,,,,,,,,,,0.0,0.0,100.0,0.0,0.1,100.0,0.0
2023-09-26,,,,0.0,0.0,100.0,,,,,,,0.0,0.1,100.0,0.0
2023-09-27,,,,,,,,,,,,,0.0,0.1,100.0,0.0
2023-09-28,,,,,,,,,,0.0,0.0,100.0,0.0,0.1,100.0,0.0
2023-09-29,0.0,4.0,86.5,,,,0.0,0.0,99.9,,,,0.0,0.1,100.0,0.0
2023-09-30,0.0,4.4,87.0,,,,,,,,,,0.0,0.1,100.0,0.0
2023-10-01,,,,0.0,0.0,100.0,,,,,,,0.0,0.1,100.0,0.0
2023-10-02,,,,,,,,,,0.0,0.0,100.0,0.0,0.1,100.0,0.0
2023-10-03,,,,,,,,,,0.0,0.0,100.0,0.0,0.1,100.0,0.0
2023-10-04,0.0,4.5,86.2,,,,,,,,,,0.0,0.1,100.0,0.0
2023-10-05,,,,,,,,,,,,,0.0,0.1,100.0,0.0
2023-10-06,,,,0.0,0.0,100.0,,,,,,,0.0,0.1,100.0,0.0
2023-10-07,,,,,,,0.0,0.0,100.0,,,,0.0,0.1,100.0,0.0
2023-10-08,,,,,,,,,,,,,0.0,0.1,100.0,0.0
2023-10-09,,,,,,,,,,,,,0.0,0.1,100.0,0.0
2023-10-10,,,,,,,,,,0.0,0.0,100.0,0.0,0.1,100.0,0.0
2023-10-11,0.0,4.8,88.5,0.0,0.0,100.0,,,,0.0,0.0,100.0,0.0,0.1,100.0,0.0
2023-10-12,0.0,5.2,88.9,,,,,,,0.0,0.1,47.1,0.0,0.1,100.0,0.0
2023-10-13,,,,,,,,,,,,,0.0,0.1,100.0,0.0
2023-10-14,,,,,,,,,,0.0,0.0,100.0,0.0,0.1,100.0,0.0
2023-10-15,,,,,,,0.0,0.0,73.6,0.0,0.1,100.0,0.0,0.1,100.0,0.0
2023-10-16,0.0,5.2,86.8,,,,,,,,,,0.0,0.1,100.0,0.0
2023-10-17,,,,,,,,,,,,,0.0,0.1,100.0,0.0
2023-10-18,,,,,,,,,,0.0,0.1,100.0,0.0,0.1,100.0,0.0
2023-10-19,,,,,,,,,,,,,0.0,0.1,100.0,0.0
2023-10-20,,,,,,,,,,,,,0.0,0.1,100.0,0.0
2023-10-21,,,,,,,,,,,,,0.0,0.1,100.0,0.0
2023-10-22,,,,,,,,,,,,,0.0,0.1,100.0,0.0
2023-10-23,0.0,4.8,86.8,,,,,,,0.0,0.6,100.0,0.0,0.2,100.0,0.0
2023-10-24,0.0,5.0,88.4,,,,,,,,,,0.0,0.3,100.0,0.0
2023-10-25,,,,,,,,,,,,,0.0,0.3,100.0,0.0
2023-10-26,,,,,,,,,,,,,0.0,0.3,100.0,0.0
2023-10-27,,,,,,,,,,,,,0.0,0.5,100.0,0.0
2023-10-28,0.0,4.6,87.7,,,,,,,,,,0.0,0.6,100.0,0.0
2023-10-29,,,,,,,,,,,,,0.0,0.6,100.0,0.0
2023-10-30,,,,,,,,,,,,,0.0,0.7,100.0,0.0
2023-10-31,,,,,,,,,,,,,0.0,0.9,100.0,0.0
2023-11-01,,,,,,,,,,,,,0.0,1.0,100.0,0.0
2023-11-02,,,,,,,,,,,,,0.0,1.1,100.0,0.0
2023-11-03,,,,,,,,,,,,,0.0,1.3,100.0,0.0
2023-11-04,0.1,5.2,85.9,,,,,,,,,,0.0,1.4,100.0,0.0
2023-11-05,0.1,4.5,86.2,,,,,,,,,,0.0,1.5,100.0,0.0
2023-11-06,,,,,,,,,,0.0,0.9,100.0,0.0,1.5,100.0,0.0
2023-11-07,,,,,,,,,,,,,0.0,1.9,100.0,0.0
2023-11-08,,,,,,,0.0,0.2,63.8,,,,0.0,2.0,100.0,0.0
2023-11-09,0.0,4.6,69.5,,,,,,,,,,0.0,1.8,100.0,0.0
2023-11-10,,,,0.0,0.9,39.9,,,,,,,0.0,2.0,100.0,0.0
2023-11-11,,,,,,,,,,,,,0.0,2.1,100.0,0.0
2023-11-12,,,,,,,,,,,,,0.0,2.3,100.0,0.0
2023-11-13,,,,,,,,,,,,,0.0,2.0,100.0,0.0
2023-11-14,,,,,,,,,,,,,0.0,1.7,100.0,0.0
2023-11-15,,,,0.0,2.2,55.4,,,,,,,0.0,1.6,100.0,0.0
2023-11-16,0.0,5.1,69.1,,,,,,,,,,0.0,1.7,100.0,0.0
2023-11-17,0.0,5.1,68.3,,,,,,,0.0,2.0,100.0,0.0,1.3,100.0,0.0
2023-11-18,,,,,,,,,,,,,0.0,1.5,100.0,0.0
2023-11-19,,,,,,,,,,,,,0.0,1.7,100.0,0.0
2023-11-20,,,,,,,,,,,,,0.0,1.4,100.0,0.0
2023-11-21,0.0,5.4,67.6,,,,,,,,,,0.0,1.4,100.0,0.0
2023-11-22,,,,,,,,,,,,,0.0,1.5,100.0,0.0
2023-11-23,,,,,,,,,,,,,0.0,1.9,100.0,0.0
2023-11-24,,,,,,,0.0,0.6,81.3,,,,0.0,1.9,100.0,0.0
2023-11-25,,,,,,,,,,,,,0.0,1.7,100.0,0.0
2023-11-26,,,,,,,,,,,,,0.0,2.1,100.0,0.0
2023-11-27,,,,,,,,,,,,,0.0,2.5,100.0,0.0
2023-11-28,0.0,5.5,66.7,,,,,,,,,,0.0,2.8,100.0,0.0
2023-11-29,0.0,5.1,66.5,,,,,,,,,,0.0,2.9,100.0,0.0
2023-11-30,,,,,,,,,,,,,0.0,3.3,100.0,0.0
2023-12-01,,,,,,,,,,,,,0.0,3.4,100.0,0.0
2023-12-02,,,,,,,,,,,,,0.0,4.3,100.0,0.0
2023-12-03,0.0,5.3,65.9,,,,,,,0.0,4.7,100.0,0.0,4.1,100.0,0.0
2023-12-04,,,,,,,,,,,,,0.0,5.5,100.0,0.0
2023-12-05,,,,,,,,,,0.0,3.1,93.2,0.0,4.9,100.0,0.0
2023-12-06,,,,,,,,,,,,,0.0,6.2,100.0,0.0
2023-12-07,,,,,,,,,,0.0,6.7,100.0,0.0,5.4,100.0,0.0
2023-12-08,,,,,,,,,,,,,0.0,6.8,100.0,0.0
2023-12-09,,,,,,,,,,,,,0.0,6.3,100.0,0.0
2023-12-10,0.0,4.9,64.3,,,,,,,0.0,6.7,100.0,0.0,6.8,100.0,0.0
2023-12-11,0.0,4.9,65.1,,,,,,,,,,0.0,6.2,100.0,0.0
2023-12-12,,,,,,,,,,,,,0.0,6.4,100.0,0.0
2023-12-13,,,,,,,,,,,,,0.0,7.0,100.0,0.0
2023-12-14,,,,,,,,,,,,,0.0,7.5,100.0,0.0
2023-12-15,0.2,4.8,65.9,4.7,8.1,100.0,,,,,,,0.0,6.2,100.0,0.0
2023-12-16,,,,,,,,,,,,,0.0,6.1,100.0,0.0
2023-12-17,,,,,,,,,,,,,0.0,6.8,100.0,0.0
2023-12-18,,,,,,,0.8,5.4,100.0,,,,0.0,6.6,100.0,0.0
2023-12-19,,,,,,,,,,1.8,11.1,100.0,0.0,5.8,100.0,0.0
2023-12-20,,,,3.6,8.5,100.0,,,,,,,0.0,6.1,100.0,0.0
2023-12-21,,,,,,,,,,,,,0.0,6.4,100.0,0.0
2023-12-22,0.5,7.6,72.8,,,,,,,,,,0.0,6.9,100.0,0.0
2023-12-23,0.5,11.4,71.2,,,,,,,12.4,30.5,100.0,0.0,6.6,100.0,0.0
2023-12-24,,,,,,,,,,26.6,36.7,100.0,0.0,7.0,100.0,0.0
2023-12-25,,,,7.1,15.6,100.0,,,,,,,0.0,7.0,100.0,0.0
2023-12-26,,,,,,,,,,,,,0.0,7.7,100.0,0.0
2023-12-27,0.5,16.3,68.5,,,,,,,59.7,52.6,100.0,0.0,7.4,100.0,0.0
2023-12-28,,,,,,,,,,,,,0.0,8.8,100.0,0.0
2023-12-29,,,,,,,,,,,,,0.0,8.4,100.0,0.0
2023-12-30,,,,4.3,22.7,100.0,,,,76.3,60.8,100.0,0.0,9.9,100.0,0.0
2023-12-31,,,,,,,,,,,,,0.0,10.2,100.0,0.0
2024-01-01,,,,,,,,,,,,,0.0,11.9,100.0,0.0
2024-01-02,,,,,,,,,,,,,0.0,11.5,100.0,0.0
2024-01-03,9.0,26.8,69.6,,,,,,,98.1,79.6,75.4,0.0,15.3,100.0,0.0
2024-01-04,55.4,44.1,72.2,83.8,65.6,49.7,,,,,,,0.0,14.7,100.0,0.0
2024-01-05,,,,,,,,,,,,,0.0,20.9,100.0,0.0
2024-01-06,,,,,,,,,,,,,0.0,20.5,100.0,0.0
2024-01-07,,,,,,,,,,,,,0.0,27.5,100.0,0.0
2024-01-08,84.5,56.2,71.0,,,,,,,,,,0.0,28.7,100.0,0.0
2024-01-09,,,,,,,,,,92.9,75.9,100.0,0.4,35.6,100.0,0.4
2024-01-10,,,,,,,,,,,,,0.7,36.0,100.0,0.7
2024-01-11,,,,,,,16.8,29.2,100.0,,,,18.6,47.3,100.0,18.6
2024-01-12,,,,,,,,,,,,,16.0,46.6,100.0,16.0
2024-01-13,,,,,,,,,,98.9,85.6,100.0,59.8,59.3,100.0,59.8
2024-01-14,,,,94.0,69.1,100.0,,,,97.7,82.5,98.5,63.1,61.7,100.0,63.1
2024-01-15,96.3,70.6,70.4,,,,,,,,,,79.3,69.8,100.0,79.3
2024-01-16,95.8,70.8,70.3,,,,,,,,,,84.7,72.7,100.0,84.7
2024-01-17,,,,,,,,,,,,,85.6,72.9,100.0,85.6
2024-01-18,,,,,,,,,,,,,87.8,73.4,100.0,87.8
2024-01-19,,,,100.0,98.6,100.0,100.0,97.6,97.8,,,,93.6,79.7,100.0,93.6
2024-01-20,97.3,74.2,69.3,,,,,,,,,,94.8,80.2,100.0,94.8
2024-01-21,,,,,,,,,,,,,95.6,81.5,100.0,95.6
2024-01-22,,,,,,,,,,,,,96.3,84.0,100.0,96.3
2024-01-23,,,,,,,,,,,,,97.6,85.3,100.0,97.6
2024-01-24,,,,,,,,,,,,,97.9,87.3,100.0,97.9
2024-01-25,,,,,,,,,,,,,97.9,87.9,100.0,97.9
2024-01-26,,,,,,,,,,,,,96.1,86.7,100.0,96.1
2024-01-27,99.0,83.7,69.9,,,,100.0,99.7,86.0,,,,98.6,89.9,100.0,98.6
2024-01-28,99.3,84.9,70.1,,,,,,,,,,95.4,87.1,100.0,95.4
2024-01-29,,,,99.8,97.5,100.0,,,,,,,97.6,89.4,100.0,97.6
2024-01-30,,,,,,,,,,,,,93.3,85.2,100.0,93.3
2024-01-31,,,,,,,,,,,,,96.3,86.2,100.0,96.3
2024-02-01,99.5,90.5,67.9,,,,,,,,,,92.9,85.0,100.0,92.9
2024-02-02,,,,,,,,,,,,,96.2,87.2,100.0,96.2
2024-02-03,,,,100.0,98.4,100.0,,,,,,,93.4,85.5,100.0,93.4
2024-02-04,,,,,,,100.0,99.2,99.8,,,,98.6,89.2,100.0,98.6
2024-02-05,,,,,,,,,,,,,94.4,84.8,100.0,94.4
2024-02-06,,,,,,,,,,,,,97.4,88.1,100.0,97.4
2024-02-07,,,,,,,,,,,,,94.9,85.6,100.0,94.9
2024-02-08,100.0,92.2,67.9,100.0,99.6,36.0,,,,,,,97.8,88.3,100.0,97.8
2024-02-09,100.0,95.3,68.9,,,,,,,,,,98.0,88.2,100.0,98.0
2024-02-10,,,,,,,,,,,,,98.5,88.7,100.0,98.5
2024-02-11,,,,,,,,,,,,,99.1,88.0,100.0,99.1
2024-02-12,,,,,,,100.0,99.9,95.6,,,,99.5,91.2,100.0,99.5
2024-02-13,100.0,96.5,64.9,,,,,,,,,,99.5,91.6,100.0,99.5
2024-02-14,,,,,,,,,,,,,99.5,92.2,100.0,99.5
2024-02-15,,,,,,,,,,,,,99.6,92.6,100.0,99.6
2024-02-16,,,,,,,,,,,,,99.6,92.1,100.0,99.6
2024-02-17,,,,,,,,,,,,,99.9,93.6,100.0,99.9
2024-02-18,,,,100.0,99.5,100.0,,,,,,,99.9,94.3,100.0,99.9
2024-02-19,,,,,,,,,,,,,100.0,95.2,100.0,100.0
2024-02-20,100.0,97.1,68.3,,,,,,,,,,99.9,94.5,100.0,99.9
2024-02-21,100.0,96.4,65.7,,,,,,,,,,100.0,95.4,100.0,100.0
2024-02-22,,,,,,,,,,,,,99.9,93.6,100.0,99.9
2024-02-23,,,,100.0,99.9,100.0,,,,,,,100.0,95.3,100.0,100.0
2024-02-24,,,,,,,,,,,,,100.0,92.8,100.0,100.0
2024-02-25,100.0,97.2,67.0,,,,,,,,,,100.0,94.0,100.0,100.0
2024-02-26,,,,,,,,,,,,,100.0,90.4,100.0,100.0
2024-02-27,,,,,,,,,,,,,100.0,91.6,100.0,100.0
2024-02-28,,,,,,,,,,,,,99.9,87.1,100.0,99.9
2024-02-29,,,,,,,,,,,,,100.0,88.0,100.0,100.0
2024-03-01,,,,,,,,,,,,,98.1,82.7,100.0,98.1
2024-03-02,,,,,,,,,,,,,95.0,80.6,100.0,95.0
2024-03-03,100.0,97.0,69.5,,,,,,,,,,88.3,79.2,100.0,88.3
2024-03-04,100.0,97.5,69.6,,,,,,,,,,91.6,82.2,100.0,91.6
2024-03-05,,,,,,,,,,,,,87.3,81.0,100.0,87.3
2024-03-06,,,,,,,,,,,,,82.8,78.4,100.0,82.8
2024-03-07,,,,,,,100.0,99.9,100.0,,,,89.7,83.1,100.0,89.7
2024-03-08,100.0,98.0,64.3,,,,,,,,,,86.4,82.0,100.0,86.4
2024-03-09,,,,,,,,,,,,,91.7,84.9,100.0,91.7
2024-03-10,,,,,,,,,,,,,87.8,82.7,100.0,87.8
2024-03-11,,,,,,,,,,,,,91.7,85.4,100.0,91.7
2024-03-12,,,,,,,,,,,,,91.4,86.0,100.0,91.4
2024-03-13,,,,,,,,,,,,,94.9,88.9,100.0,94.9
2024-03-14,,,,100.0,99.9,100.0,,,,,,,96.1,90.8,100.0,96.1
2024-03-15,99.8,97.2,68.9,,,,100.0,98.9,49.0,,,,98.5,93.1,100.0,98.5
2024-03-16,100.0,96.5,70.9,,,,,,,,,,97.9,92.1,100.0,97.9
2024-03-17,,,,,,,,,,,,,98.5,92.3,100.0,98.5
2024-03-18,,,,,,,,,,,,,98.7,92.5,100.0,98.7
2024-03-19,,,,100.0,99.7,100.0,,,,,,,98.8,93.6,100.0,98.8
2024-03-20,100.0,96.8,68.2,,,,,,,,,,99.1,93.4,100.0,99.1
2024-03-21,,,,,,,,,,,,,99.2,92.9,100.0,99.2
2024-03-22,,,,,,,,,,,,,99.3,93.8,100.0,99.3
2024-03-23,,,,,,,,,,,,,99.3,93.0,100.0,99.3
2024-03-24,,,,100.0,99.9,100.0,,,,,,,99.6,93.5,100.0,99.6
2024-03-25,,,,,,,,,,,,,99.2,91.6,100.0,99.2
2024-03-26,,,,,,,,,,,,,98.7,90.1,100.0,98.7
2024-03-27,100.0,96.6,70.1,,,,,,,,,,99.1,90.8,100.0,99.1
2024-03-28,99.8,95.0,69.1,,,,,,,,,,98.3,88.7,100.0,98.3
2024-03-29,,,,,,,,,,,,,98.5,87.7,100.0,98.5
2024-03-30,,,,,,,,,,,,,95.3,83.7,100.0,95.3
2024-03-31,,,,,,,,,,,,,95.5,82.6,100.0,95.5
2024-04-01,99.7,93.5,70.7,,,,,,,,,,90.4,77.7,100.0,90.4
2024-04-02,,,,,,,,,,,,,91.6,77.7,100.0,91.6
2024-04-03,,,,,,,,,,,,,89.0,76.0,100.0,89.0
2024-04-04,,,,,,,,,,97.8,82.0,47.8,93.4,78.5,100.0,93.4
2024-04-05,,,,,,,,,,,,,87.6,74.5,100.0,87.6
2024-04-06,,,,,,,,,,,,,88.6,75.2,100.0,88.6
2024-04-07,,,,,,,,,,,,,81.8,71.4,100.0,81.8
2024-04-08,99.5,88.8,70.3,100.0,98.6,100.0,84.4,74.1,73.7,,,,89.6,77.4,100.0,89.6
2024-04-09,99.1,87.3,69.2,,,,,,,,,,78.3,71.1,100.0,78.3
2024-04-10,,,,,,,,,,,,,73.1,68.4,100.0,73.1
2024-04-11,,,,,,,,,,,,,62.2,64.4,100.0,62.2
2024-04-12,,,,,,,,,,96.2,73.4,100.0,64.0,65.0,100.0,64.0
2024-04-13,99.7,87.3,68.6,100.0,97.4,100.0,,,,,,,57.6,63.1,100.0,57.6
2024-04-14,,,,,,,,,,,,,37.8,54.4,100.0,37.8
2024-04-15,,,,,,,,,,,,,21.1,45.3,100.0,21.1
2024-04-16,,,,,,,,,,94.8,75.9,68.0,16.6,40.1,100.0,16.6
2024-04-17,,,,,,,,,,,,,13.0,35.2,100.0,13.0
2024-04-18,,,,100.0,96.9,100.0,,,,,,,6.6,26.4,100.0,6.6
2024-04-19,,,,,,,,,,,,,3.1,20.7,100.0,3.1
2024-04-20,98.2,78.3,71.2,,,,,,,87.1,65.8,100.0,1.9,17.7,100.0,1.9
2024-04-21,92.9,70.6,70.2,,,,,,,,,,1.8,17.7,100.0,1.8
2024-04-22,,,,,,,,,,,,,0.8,12.4,100.0,0.8
2024-04-23,,,,92.9,79.6,75.4,,,,,,,0.4,11.8,100.0,0.4
2024-04-24,,,,,,,,,,83.1,62.1,100.0,0.2,9.5,100.0,0.2
2024-04-25,87.7,65.3,71.5,,,,,,,,,,0.4,10.3,100.0,0.4
2024-04-26,,,,,,,,,,,,,0.2,5.8,100.0,0.2
2024-04-27,,,,,,,,,,,,,0.4,6.1,100.0,0.4
2024-04-28,,,,,,,,,,,,,0.1,5.1,100.0,0.1
2024-04-29,,,,,,,,,,,,,0.2,5.7,100.0,0.2
2024-04-30,,,,,,,,,,1.9,22.1,100.0,0.1,4.5,100.0,0.1
2024-05-01,,,,,,,,,,,,,0.1,5.7,100.0,0.1
2024-05-02,75.5,56.5,70.1,,,,,,,,,,0.1,4.7,100.0,0.1
2024-05-03,71.1,53.0,67.5,,,,,,,,,,0.1,5.7,100.0,0.1
2024-05-04,,,,,,,,,,0.2,12.7,100.0,0.1,3.6,100.0,0.1
2024-05-05,,,,,,,,,,,,,0.1,5.1,100.0,0.1
2024-05-06,,,,,,,,,,,,,0.0,3.7,100.0,0.0
2024-05-07,56.6,46.9,65.7,,,,,,,,,,0.1,4.3,100.0,0.1
2024-05-08,,,,0.0,2.3,60.7,,,,,,,0.0,3.1,100.0,0.0
2024-05-09,,,,,,,,,,,,,0.1,4.1,100.0,0.1
2024-05-10,,,,,,,0.0,0.0,90.2,0.0,2.0,100.0,0.0,3.2,100.0,0.0
2024-05-11,,,,,,,,,,,,,0.0,3.5,100.0,0.0
2024-05-12,,,,,,,,,,,,,0.0,2.7,100.0,0.0
2024-05-13,,,,,,,,,,,,,0.0,3.0,100.0,0.0
2024-05-14,36.7,38.0,69.7,,,,,,,,,,0.0,3.1,100.0,0.0
2024-05-15,11.0,25.9,64.6,,,,,,,,,,0.0,2.7,100.0,0.0
2024-05-16,,,,,,,,,,,,,0.0,2.8,100.0,0.0
2024-05-17,,,,,,,,,,,,,0.0,2.7,100.0,0.0
2024-05-18,,,,,,,,,,,,,0.0,4.0,100.0,0.0
2024-05-19,13.7,24.9,66.7,,,,,,,0.0,0.8,100.0,0.0,2.5,100.0,0.0
2024-05-20,,,,,,,,,,,,,0.0,3.3,100.0,0.0
2024-05-21,,,,,,,,,,,,,0.0,2.4,100.0,0.0
2024-05-22,,,,,,,,,,,,,0.0,3.0,100.0,0.0
2024-05-23,,,,,,,,,,,,,0.0,1.8,100.0,0.0
2024-05-24,,,,,,,,,,,,,0.0,2.1,100.0,0.0
2024-05-25,,,,,,,,,,,,,0.0,1.6,100.0,0.0
2024-05-26,4.7,17.3,68.5,,,,,,,,,,0.0,2.4,100.0,0.0
2024-05-27,0.7,13.1,66.4,,,,,,,,,,0.0,1.3,100.0,0.0
2024-05-28,,,,0.0,0.5,81.3,,,,,,,0.0,1.5,100.0,0.0
2024-05-29,,,,,,,,,,,,,0.0,1.1,100.0,0.0
2024-05-30,,,,,,,,,,,,,0.0,1.4,100.0,0.0
2024-05-31,3.5,11.1,67.3,,,,,,,,,,0.0,1.2,100.0,0.0
2024-06-01,,,,,,,,,,,,,0.0,1.3,100.0,0.0
2024-06-02,,,,,,,,,,,,,0.0,1.2,100.0,0.0
2024-06-03,,,,,,,,,,,,,0.0,1.5,100.0,0.0
2024-06-04,,,,,,,,,,,,,0.0,2.0,100.0,0.0
2024-06-05,,,,,,,,,,,,,0.0,1.7,100.0,0.0
2024-06-06,,,,,,,,,,,,,0.0,1.4,100.0,0.0
2024-06-07,2.9,10.0,70.4,0.0,0.2,95.1,,,,,,,0.0,1.7,100.0,0.0
2024-06-08,0.0,7.2,67.9,,,,,,,,,,0.0,2.0,100.0,0.0
2024-06-09,,,,,,,,,,,,,0.0,1.7,100.0,0.0
2024-06-10,,,,,,,,,,0.0,0.2,40.4,0.0,1.4,100.0,0.0
2024-06-11,,,,,,,,,,,,,0.0,1.7,100.0,0.0
2024-06-12,0.7,6.1,69.2,,,,,,,,,,0.0,1.7,100.0,0.0
2024-06-13,,,,,,,,,,0.0,0.1,100.0,0.0,1.1,100.0,0.0
2024-06-14,,,,,,,,,,,,,0.0,1.2,100.0,0.0
2024-06-15,,,,,,,,,,,,,0.0,1.2,100.0,0.0
2024-06-16,,,,,,,,,,,,,0.0,1.0,100.0,0.0
2024-06-17,,,,0.0,0.0,100.0,,,,0.0,0.1,100.0,0.0,0.7,100.0,0.0
2024-06-18,,,,,,,,,,0.0,0.0,100.0,0.0,0.7,100.0,0.0
2024-06-19,0.0,4.1,69.7,,,,0.0,0.0,82.0,,,,0.0,0.7,100.0,0.0
2024-06-20,0.0,3.8,70.5,,,,,,,,,,0.0,0.7,100.0,0.0
2024-06-21,,,,,,,,,,,,,0.0,0.4,100.0,0.0
2024-06-22,,,,,,,,,,,,,0.0,0.6,100.0,0.0
2024-06-23,,,,,,,,,,,,,0.0,0.5,100.0,0.0
2024-06-24,0.2,3.0,70.2,,,,,,,,,,0.0,0.4,100.0,0.0
2024-06-25,,,,,,,,,,,,,0.0,0.5,100.0,0.0
2024-06-26,,,,,,,,,,0.0,0.0,100.0,0.0,0.6,100.0,0.0
2024-06-27,,,,0.0,0.0,38.8,,,,,,,0.0,0.7,100.0,0.0
2024-06-28,,,,,,,,,,,,,0.0,0.4,100.0,0.0
2024-06-29,,,,,,,,,,,,,0.0,0.4,100.0,0.0
2024-06-30,,,,,,,,,,,,,0.0,0.4,100.0,0.0
2024-07-01,0.5,3.4,71.5,,,,,,,,,,0.0,0.3,100.0,0.0
2024-07-02,0.7,2.7,70.9,0.0,0.0,100.0,,,,,,,0.0,0.1,100.0,0.0
2024-07-03,,,,,,,,,,0.0,0.0,73.1,0.0,0.1,100.0,0.0
2024-07-04,,,,,,,,,,,,,0.0,0.1,100.0,0.0
2024-07-05,,,,,,,0.0,0.0,99.1,,,,0.0,0.1,100.0,0.0
2024-07-06,0.0,2.2,69.9,,,,,,,,,,0.0,0.1,100.0,0.0
2024-07-07,,,,,,,,,,,,,0.0,0.1,100.0,0.0
2024-07-08,,,,,,,,,,,,,0.0,0.1,100.0,0.0
2024-07-09,,,,,,,,,,,,,0.0,0.2,100.0,0.0
2024-07-10,,,,,,,,,,,,,0.0,0.2,100.0,0.0
2024-07-11,,,,,,,,,,,,,0.0,0.2,100.0,0.0
2024-07-12,,,,,,,,,,,,,0.0,0.4,100.0,0.0
2024-07-13,0.0,1.8,70.1,,,,,,,,,,0.0,0.7,100.0,0.0
2024-07-14,0.0,1.9,70.1,,,,,,,,,,0.0,0.8,100.0,0.0
2024-07-15,,,,,,,,,,,,,0.0,0.5,100.0,0.0
2024-07-16,,,,,,,,,,,,,0.0,0.8,100.0,0.0
2024-07-17,,,,0.0,0.0,98.0,,,,,,,0.0,0.8,100.0,0.0
2024-07-18,0.0,2.1,69.7,,,,,,,0.0,0.0,89.0,0.0,0.7,100.0,0.0
2024-07-19,,,,,,,,,,0.0,0.0,100.0,0.0,0.5,100.0,0.0
2024-07-20,,,,,,,,,,,,,0.0,0.8,100.0,0.0
2024-07-21,,,,,,,,,,,,,0.0,0.6,100.0,0.0
2024-07-22,,,,,,,,,,,,,0.0,0.4,100.0,0.0
2024-07-23,,,,,,,,,,0.0,0.0,70.1,0.0,0.2,100.0,0.0
2024-07-24,,,,,,,,,,,,,0.0,0.2,100.0,0.0
2024-07-25,0.0,1.7,68.8,,,,,,,,,,0.0,0.2,100.0,0.0
2024-07-26,0.0,2.0,70.1,,,,,,,0.0,0.0,100.0,0.0,0.1,100.0,0.0
2024-07-27,,,,0.0,0.0,100.0,,,,0.0,0.0,84.5,0.0,0.1,100.0,0.0
2024-07-28,,,,,,,,,,,,,0.0,0.1,100.0,0.0
2024-07-29,,,,,,,0.0,0.0,99.3,0.0,0.0,100.0,0.0,0.0,100.0,0.0
2024-07-30,0.0,1.8,69.6,,,,,,,,,,0.0,0.0,100.0,0.0
2024-07-31,,,,,,,,,,,,,0.0,0.0,100.0,0.0
2024-08-01,,,,0.0,0.0,100.0,,,,,,,0.0,0.0,100.0,0.0
2024-08-02,,,,,,,,,,,,,0.0,0.1,100.0,0.0
2024-08-03,,,,,,,,,,0.0,0.0,42.5,0.0,0.0,100.0,0.0
2024-08-04,,,,,,,,,,,,,0.0,0.1,100.0,0.0
2024-08-05,,,,,,,,,,,,,0.0,0.1,100.0,0.0
2024-08-06,0.0,2.2,68.0,0.0,0.0,96.8,0.0,0.0,86.4,0.0,0.0,100.0,0.0,0.1,100.0,0.0
2024-08-07,0.0,2.1,66.6,,,,,,,,,,0.0,0.1,100.0,0.0
2024-08-08,,,,,,,,,,,,,0.0,0.1,100.0,0.0
2024-08-09,,,,,,,,,,,,,0.0,0.1,100.0,0.0
2024-08-10,,,,,,,,,,,,,0.0,0.2,100.0,0.0
2024-08-11,0.0,1.7,66.9,0.0,0.0,100.0,,,,,,,0.0,0.1,100.0,0.0
2024-08-12,,,,,,,,,,,,,0.0,0.1,100.0,0.0
2024-08-13,,,,,,,,,,,,,0.0,0.1,100.0,0.0
2024-08-14,,,,,,,,,,0.0,0.0,100.0,0.0,0.1,100.0,0.0
2024-08-15,,,,,,,,,,,,,0.0,0.1,100.0,0.0
2024-08-16,,,,0.0,0.0,100.0,,,,,,,0.0,0.1,100.0,0.0
2024-08-17,,,,,,,,,,,,,0.0,0.1,100.0,0.0
2024-08-18,0.0,1.3,66.6,,,,,,,,,,0.0,0.1,100.0,0.0
2024-08-19,0.0,1.3,70.4,,,,,,,,,,0.0,0.1,100.0,0.0
2024-08-20,,,,,,,,,,,,,0.0,0.0,100.0,0.0
2024-08-21,,,,0.0,0.0,48.5,,,,,,,0.0,0.0,100.0,0.0
2024-08-22,,,,,,,0.0,0.0,100.0,,,,0.0,0.0,100.0,0.0
2024-08-23,0.0,1.4,65.0,,,,,,,,,,0.0,0.0,100.0,0.0
2024-08-24,,,,,,,,,,,,,0.0,0.0,100.0,0.0
2024-08-25,,,,,,,,,,,,,0.0,0.0,100.0,0.0
2024-08-26,,,,,,,,,,0.0,0.0,100.0,0.0,0.0,100.0,0.0
2024-08-27,,,,,,,,,,,,,0.0,0.0,100.0,0.0
2024-08-28,,,,,,,,,,,,,0.0,0.0,100.0,0.0
2024-08-29,,,,,,,,,,,,,0.0,0.0,100.0,0.0
2024-08-30,0.0,0.8,67.7,,,,0.0,0.0,100.0,,,,0.0,0.0,100.0,0.0
2024-08-31,0.0,0.9,70.9,0.0,0.0,100.0,,,,0.0,0.1,100.0,0.0,0.0,100.0,0.0
2024-09-01,,,,,,,,,,,,,0.0,0.0,100.0,0.0
2024-09-02,,,,,,,,,,,,,0.0,0.0,100.0,0.0
2024-09-03,,,,,,,,,,,,,0.0,0.0,100.0,0.0
2024-09-04,0.0,0.7,64.7,,,,,,,0.0,0.1,100.0,0.0,0.0,100.0,0.0
2024-09-05,,,,,,,,,,,,,0.0,0.0,100.0,0.0
2024-09-06,,,,,,,,,,0.0,0.1,100.0,0.0,0.0,100.0,0.0
2024-09-07,,,,,,,0.0,0.0,100.0,,,,0.0,0.0,100.0,0.0
2024-09-08,,,,,,,,,,,,,0.0,0.0,100.0,0.0
2024-09-09,,,,,,,,,,,,,0.0,0.0,100.0,0.0
2024-09-10,,,,0.0,0.0,34.8,,,,,,,0.0,0.0,100.0,0.0
2024-09-11,0.0,0.7,68.5,,,,,,,,,,0.0,0.1,100.0,0.0
2024-09-12,0.0,0.7,69.5,,,,,,,,,,0.0,0.0,100.0,0.0
2024-09-13,,,,,,,,,,,,,0.0,0.1,100.0,0.0
2024-09-14,,,,,,,,,,,,,0.0,0.1,100.0,0.0
2024-09-15,,,,0.0,0.0,100.0,0.0,0.0,50.7,,,,0.0,0.1,100.0,0.0
2024-09-16,0.0,0.8,69.0,,,,,,,,,,0.0,0.0,100.0,0.0
2024-09-17,,,,,,,,,,,,,0.0,0.1,100.0,0.0
2024-09-18,,,,,,,,,,,,,0.0,0.1,100.0,0.0
2024-09-19,,,,,,,,,,,,,0.0,0.1,100.0,0.0
2024-09-20,,,,0.0,0.0,100.0,,,,,,,0.0,0.1,100.0,0.0
2024-09-21,,,,,,,,,,,,,0.0,0.1,100.0,0.0
2024-09-22,,,,,,,,,,,,,0.0,0.1,100.0,0.0
2024-09-23,0.0,1.1,68.0,,,,,,,,,,0.0,0.2,100.0,0.0
2024-09-24,0.0,1.4,66.5,,,,,,,,,,0.0,0.2,100.0,0.0
2024-09-25,,,,,,,,,,,,,0.0,0.2,100.0,0.0
2024-09-26,,,,,,,,,,,,,0.0,0.4,100.0,0.0
2024-09-27,,,,,,,,,,,,,0.0,0.5,100.0,0.0
2024-09-28,0.0,1.8,66.4,,,,,,,,,,0.0,0.7,100.0,0.0
2024-09-29,,,,,,,,,,,,,0.0,0.6,100.0,0.0
2024-09-30,,,,,,,,,,,,,0.0,0.7,100.0,0.0
2024-10-01,,,,,,,,,,,,,0.0,0.9,100.0,0.0
2024-10-02,,,,,,,,,,0.0,0.1,91.6,0.0,0.8,100.0,0.0
2024-10-03,,,,,,,,,,,,,0.0,1.1,100.0,0.0
2024-10-04,,,,,,,,,,,,,0.0,0.9,100.0,0.0
2024-10-05,0.0,2.0,67.9,0.0,0.0,100.0,,,,,,,0.0,1.0,100.0,0.0
2024-10-06,0.0,2.5,67.7,,,,,,,,,,0.0,0.7,100.0,0.0
2024-10-07,,,,,,,,,,0.0,0.3,100.0,0.0,0.8,100.0,0.0
2024-10-08,,,,,,,,,,,,,0.0,0.6,100.0,0.0
2024-10-09,,,,,,,,,,,,,0.0,0.7,100.0,0.0
2024-10-10,0.0,2.1,68.3,,,,,,,0.0,0.5,100.0,0.0,0.5,100.0,0.0
2024-10-11,,,,,,,,,,,,,0.0,0.4,100.0,0.0
2024-10-12,,,,,,,,,,,,,0.0,0.3,100.0,0.0
2024-10-13,,,,,,,,,,,,,0.0,0.4,100.0,0.0
2024-10-14,,,,,,,,,,0.0,0.7,100.0,0.0,0.3,100.0,0.0
2024-10-15,,,,,,,,,,0.0,0.4,99.4,0.0,0.3,100.0,0.0
2024-10-16,,,,,,,,,,,,,0.0,0.4,100.0,0.0
2024-10-17,0.0,2.4,68.2,,,,,,,,,,0.0,0.4,100.0,0.0
2024-10-18,0.0,2.3,69.5,,,,,,,,,,0.0,0.4,100.0,0.0
2024-10-19,,,,,,,,,,,,,0.0,0.4,100.0,0.0
2024-10-20,,,,,,,,,,,,,0.0,0.4,100.0,0.0
2024-10-21,,,,,,,,,,,,,0.0,0.4,100.0,0.0
2024-10-22,0.0,2.0,69.7,,,,,,,0.0,0.4,100.0,0.0,0.3,100.0,0.0
2024-10-23,,,,,,,,,,0.0,0.2,100.0,0.0,0.4,100.0,0.0
2024-10-24,,,,,,,,,,,,,0.0,0.6,100.0,0.0
2024-10-25,,,,0.0,0.0,99.9,0.0,0.0,99.4,,,,0.0,0.4,100.0,0.0
2024-10-26,,,,,,,,,,0.0,0.1,100.0,0.0,0.3,100.0,0.0
2024-10-27,,,,,,,,,,,,,0.0,0.4,100.0,0.0
2024-10-28,,,,,,,,,,,,,0.0,0.6,100.0,0.0
2024-10-29,0.0,2.2,69.8,,,,,,,,,,0.0,0.7,100.0,0.0
2024-10-30,0.0,2.5,70.5,0.0,0.0,100.0,,,,,,,0.0,0.6,100.0,0.0
2024-10-31,,,,,,,,,,,,,0.0,0.7,100.0,0.0
2024-11-01,,,,,,,,,,,,,0.0,0.8,100.0,0.0
2024-11-02,,,,,,,0.0,0.0,100.0,,,,0.0,0.7,100.0,0.0
2024-11-03,0.0,2.2,69.6,,,,,,,,,,0.0,0.7,100.0,0.0
2024-11-04,,,,0.0,0.0,100.0,,,,,,,0.0,0.7,100.0,0.0
2024-11-05,,,,,,,,,,0.0,0.1,100.0,0.0,0.7,100.0,0.0
2024-11-06,,,,,,,,,,,,,0.0,1.2,100.0,0.0
2024-11-07,,,,,,,,,,,,,0.0,1.2,100.0,0.0
2024-11-08,,,,,,,,,,,,,0.0,1.3,100.0,0.0
2024-11-09,,,,0.0,0.0,100.0,,,,,,,0.0,1.6,100.0,0.0
2024-11-10,0.0,2.3,69.3,,,,0.0,0.1,100.0,,,,0.0,1.9,100.0,0.0
2024-11-11,0.0,2.2,70.3,,,,,,,,,,0.0,2.2,100.0,0.0
2024-11-12,,,,,,,,,,,,,0.0,2.4,100.0,0.0
2024-11-13,,,,,,,,,,,,,0.0,2.1,100.0,0.0
2024-11-14,,,,0.0,0.0,100.0,,,,,,,0.0,2.5,100.0,0.0
2024-11-15,0.2,3.5,69.8,,,,,,,,,,0.0,2.7,100.0,0.0
2024-11-16,,,,,,,,,,0.0,0.1,100.0,0.0,2.4,100.0,0.0
2024-11-17,,,,,,,,,,,,,0.0,3.1,100.0,0.0
2024-11-18,,,,,,,,,,,,,0.0,3.8,100.0,0.0
2024-11-19,,,,,,,,,,,,,0.0,3.6,100.0,0.0
2024-11-20,,,,,,,,,,,,,0.0,3.1,100.0,0.0
2024-11-21,,,,,,,,,,0.0,0.5,94.1,0.0,3.2,100.0,0.0
2024-11-22,0.3,3.3,70.3,,,,,,,,,,0.0,4.1,100.0,0.0
2024-11-23,0.2,3.7,70.4,,,,,,,,,,0.0,4.1,100.0,0.0
2024-11-24,,,,0.0,4.8,59.9,,,,0.0,0.5,100.0,0.0,3.0,100.0,0.0
2024-11-25,,,,,,,,,,0.0,0.7,100.0,0.0,3.3,100.0,0.0
2024-11-26,,,,,,,,,,,,,0.0,3.8,100.0,0.0
2024-11-27,0.0,4.6,69.8,,,,,,,,,,0.0,4.5,100.0,0.0
2024-11-28,,,,,,,,,,,,,0.0,3.2,100.0,0.0
2024-11-29,,,,1.4,7.1,100.0,,,,0.0,1.6,100.0,0.0,3.4,100.0,0.0
2024-11-30,,,,,,,,,,0.0,2.5,100.0,0.0,3.4,100.0,0.0
2024-12-01,,,,,,,,,,,,,0.0,4.0,100.0,0.0
2024-12-02,,,,,,,,,,0.0,2.4,100.0,0.0,3.0,100.0,0.0
2024-12-03,,,,,,,,,,0.0,3.1,100.0,0.0,3.8,100.0,0.0
2024-12-04,0.2,4.8,69.6,,,,0.0,0.6,98.7,0.0,5.6,100.0,0.0,3.5,100.0,0.0
2024-12-05,0.7,6.1,70.7,,,,,,,,,,0.0,4.4,100.0,0.0
2024-12-06,,,,,,,,,,0.0,7.8,100.0,0.0,3.6,100.0,0.0
2024-12-07,,,,,,,,,,,,,0.0,5.4,100.0,0.0
2024-12-08,,,,,,,,,,,,,0.0,5.6,100.0,0.0
2024-12-09,0.0,5.3,69.2,,,,,,,6.3,26.2,100.0,0.0,5.6,100.0,0.0
2024-12-10,,,,,,,,,,6.0,27.0,100.0,0.0,5.2,100.0,0.0
2024-12-11,,,,,,,,,,,,,0.0,6.9,100.0,0.0
2024-12-12,,,,,,,0.2,3.7,100.0,,,,0.0,6.9,100.0,0.0
2024-12-13,,,,,,,,,,,,,0.0,7.5,100.0,0.0
2024-12-14,,,,,,,,,,53.1,50.9,100.0,0.0,7.3,100.0,0.0
2024-12-15,,,,,,,,,,,,,0.0,9.9,100.0,0.0
2024-12-16,0.5,6.2,70.3,,,,,,,,,,0.0,9.8,100.0,0.0
2024-12-17,1.0,9.8,70.5,,,,,,,,,,0.0,11.2,100.0,0.0
2024-12-18,,,,,,,,,,91.8,64.5,100.0,0.0,9.9,100.0,0.0
2024-12-19,,,,,,,,,,,,,0.1,12.9,100.0,0.1
2024-12-20,,,,,,,,,,,,,0.0,15.1,100.0,0.0
2024-12-21,1.7,13.0,70.5,,,,,,,,,,0.8,22.8,100.0,0.8
2024-12-22,,,,,,,,,,,,,0.1,21.6,100.0,0.1
2024-12-23,,,,,,,,,,,,,2.1,31.1,100.0,2.1
2024-12-24,,,,36.2,42.8,100.0,,,,,,,3.8,37.1,100.0,3.8
2024-12-25,,,,,,,,,,,,,13.8,51.4,100.0,13.8
2024-12-26,,,,,,,,,,,,,18.2,54.1,100.0,18.2
2024-12-27,,,,,,,,,,,,,75.0,63.0,100.0,75.0
2024-12-28,42.0,39.4,70.2,,,,61.5,54.9,100.0,,,,85.9,71.1,100.0,85.9
2024-12-29,88.9,58.1,69.2,95.7,80.4,100.0,,,,,,,92.2,78.5,100.0,92.2
2024-12-30,,,,,,,,,,,,,90.3,79.1,100.0,90.3
2024-12-31,,,,,,,,,,,,,93.5,82.1,100.0,93.5
2025-01-01,,,,,,,,,,100.0,89.0,100.0,93.1,83.6,100.0,93.1
2025-01-02,98.5,72.0,69.5,,,,,,,,,,94.0,85.7,100.0,94.0
2025-01-03,,,,100.0,98.2,100.0,,,,,,,91.6,85.4,100.0,91.6
2025-01-04,,,,,,,,,,,,,92.9,85.4,100.0,92.9
2025-01-05,,,,,,,,,,,,,91.0,83.6,100.0,91.0
2025-01-06,,,,,,,,,,,,,90.2,82.6,100.0,90.2
2025-01-07,,,,,,,,,,,,,89.3,82.3,100.0,89.3
2025-01-08,,,,,,,,,,,,,89.6,81.2,100.0,89.6
2025-01-09,99.8,81.9,69.1,,,,,,,,,,90.7,84.7,100.0,90.7
2025-01-10,99.7,89.2,70.5,,,,,,,,,,92.8,86.2,100.0,92.8
2025-01-11,,,,,,,,,,,,,93.0,87.4,100.0,93.0
2025-01-12,,,,,,,,,,,,,94.7,88.4,100.0,94.7
2025-01-13,,,,100.0,98.2,100.0,100.0,99.9,100.0,,,,97.4,93.2,100.0,97.4
2025-01-14,99.8,92.6,69.2,,,,,,,,,,97.2,93.0,100.0,97.2
2025-01-15,,,,,,,,,,,,,98.8,93.7,100.0,98.8
2025-01-16,,,,,,,,,,,,,99.1,93.9,100.0,99.1
2025-01-17,,,,,,,,,,,,,99.9,94.2,100.0,99.9
2025-01-18,,,,100.0,98.7,100.0,,,,,,,99.9,95.1,100.0,99.9
2025-01-19,,,,,,,,,,,,,100.0,95.0,100.0,100.0
2025-01-20,,,,,,,,,,,,,100.0,95.1,100.0,100.0
2025-01-21,99.8,94.4,67.3,,,,100.0,99.9,100.0,,,,100.0,96.7,100.0,100.0
2025-01-22,99.8,94.5,67.0,,,,,,,,,,100.0,95.7,100.0,100.0
2025-01-23,,,,,,,,,,100.0,95.8,100.0,100.0,96.3,100.0,100.0
2025-01-24,,,,,,,,,,100.0,98.4,100.0,100.0,95.2,100.0,100.0
2025-01-25,,,,,,,,,,,,,100.0,95.6,100.0,100.0
2025-01-26,100.0,96.9,65.1,,,,,,,,,,100.0,94.7,100.0,100.0
2025-01-27,,,,,,,,,,,,,100.0,95.3,100.0,100.0
2025-01-28,,,,,,,,,,,,,100.0,94.9,100.0,100.0
2025-01-29,,,,,,,100.0,100.0,100.0,100.0,99.3,100.0,100.0,97.1,100.0,100.0
2025-01-30,,,,,,,,,,,,,100.0,95.9,100.0,100.0
2025-01-31,,,,,,,,,,100.0,99.5,100.0,100.0,97.1,100.0,100.0
2025-02-01,,,,,,,,,,,,,100.0,96.8,100.0,100.0
2025-02-02,100.0,97.5,67.6,100.0,99.4,100.0,,,,,,,100.0,97.9,100.0,100.0
2025-02-03,100.0,97.0,64.1,,,,,,,,,,100.0,97.6,100.0,100.0
2025-02-04,,,,,,,,,,100.0,99.5,100.0,100.0,97.9,100.0,100.0
2025-02-05,,,,,,,,,,100.0,99.6,86.5,100.0,97.9,100.0,100.0
2025-02-06,,,,,,,100.0,100.0,99.9,,,,100.0,98.8,100.0,100.0
2025-02-07,100.0,97.8,61.2,,,,,,,,,,100.0,98.6,100.0,100.0
2025-02-08,,,,,,,,,,100.0,99.6,100.0,100.0,98.7,100.0,100.0
2025-02-09,,,,,,,,,,,,,100.0,98.8,100.0,100.0
2025-02-10,,,,,,,,,,,,,100.0,98.6,100.0,100.0
2025-02-11,,,,,,,,,,,,,100.0,98.7,100.0,100.0
2025-02-12,,,,,,,,,,,,,100.0,98.5,100.0,100.0
2025-02-13,,,,,,,,,,,,,100.0,98.7,100.0,100.0
2025-02-14,100.0,97.7,66.3,,,,,,,,,,100.0,98.8,100.0,100.0
2025-02-15,100.0,96.4,64.1,,,,,,,,,,100.0,98.7,100.0,100.0
2025-02-16,,,,,,,,,,,,,100.0,98.4,100.0,100.0
2025-02-17,,,,100.0,99.3,100.0,,,,100.0,99.7,100.0,100.0,98.7,100.0,100.0
2025-02-18,,,,,,,,,,,,,100.0,98.3,100.0,100.0
2025-02-19,100.0,97.9,59.6,,,,,,,,,,100.0,98.3,100.0,100.0
2025-02-20,,,,,,,,,,100.0,99.6,100.0,100.0,97.8,100.0,100.0
2025-02-21,,,,,,,,,,,,,100.0,97.7,100.0,100.0
2025-02-22,,,,,,,,,,,,,100.0,97.3,100.0,100.0
2025-02-23,,,,,,,,,,,,,100.0,96.5,100.0,100.0
2025-02-24,,,,,,,,,,,,,100.0,96.7,100.0,100.0
2025-02-25,,,,,,,,,,,,,100.0,96.0,100.0,100.0
2025-02-26,100.0,97.5,61.3,,,,,,,,,,100.0,96.7,100.0,100.0
2025-02-27,100.0,96.6,63.2,100.0,99.9,85.2,,,,100.0,99.6,100.0,100.0,97.1,100.0,100.0
2025-02-28,,,,,,,,,,,,,100.0,97.7,100.0,100.0
2025-03-01,,,,,,,,,,,,,100.0,97.4,100.0,100.0
2025-03-02,,,,,,,100.0,100.0,99.9,,,,100.0,98.4,100.0,100.0
2025-03-03,99.8,95.8,56.3,,,,,,,,,,100.0,97.6,100.0,100.0
2025-03-04,,,,100.0,99.0,100.0,,,,,,,100.0,98.3,100.0,100.0
2025-03-05,,,,,,,,,,,,,100.0,97.5,100.0,100.0
2025-03-06,,,,,,,,,,,,,100.0,98.2,100.0,100.0
2025-03-07,,,,,,,,,,,,,100.0,97.7,100.0,100.0
2025-03-08,,,,,,,,,,,,,100.0,97.9,100.0,100.0
2025-03-09,,,,100.0,98.7,100.0,,,,100.0,99.5,100.0,100.0,97.9,100.0,100.0
2025-03-10,99.5,94.9,67.6,,,,,,,,,,100.0,97.5,100.0,100.0
2025-03-11,99.8,95.5,69.7,,,,,,,,,,100.0,96.7,100.0,100.0
2025-03-12,,,,,,,,,,,,,100.0,96.4,100.0,100.0
2025-03-13,,,,,,,,,,,,,100.0,94.5,100.0,100.0
2025-03-14,,,,,,,,,,,,,100.0,94.1,100.0,100.0
2025-03-15,100.0,96.7,66.5,,,,,,,,,,100.0,93.9,100.0,100.0
2025-03-16,,,,,,,,,,,,,100.0,93.6,100.0,100.0
2025-03-17,,,,,,,,,,,,,100.0,93.3,100.0,100.0
2025-03-18,,,,,,,100.0,99.5,99.9,,,,99.9,93.3,100.0,99.9
2025-03-19,,,,100.0,99.0,100.0,,,,,,,100.0,94.7,100.0,100.0
2025-03-20,,,,,,,,,,,,,100.0,94.4,100.0,100.0
2025-03-21,,,,100.0,98.5,100.0,,,,,,,100.0,94.8,100.0,100.0
2025-03-22,100.0,94.9,66.9,,,,,,,100.0,98.8,100.0,100.0,93.9,100.0,100.0
2025-03-23,100.0,92.6,69.7,,,,,,,,,,100.0,94.7,100.0,100.0
2025-03-24,,,,100.0,97.6,84.9,,,,,,,100.0,94.7,100.0,100.0
2025-03-25,,,,,,,,,,,,,100.0,94.3,100.0,100.0
2025-03-26,,,,,,,,,,,,,100.0,92.2,100.0,100.0
2025-03-27,99.8,92.4,68.2,,,,,,,,,,100.0,93.3,100.0,100.0
2025-03-28,,,,,,,,,,,,,100.0,91.5,100.0,100.0
2025-03-29,,,,,,,,,,,,,100.0,91.6,100.0,100.0
2025-03-30,,,,,,,,,,100.0,96.4,100.0,100.0,91.7,100.0,100.0
2025-03-31,,,,100.0,97.1,100.0,,,,,,,100.0,92.2,100.0,100.0
2025-04-01,,,,,,,,,,,,,100.0,91.6,100.0,100.0
2025-04-02,99.5,90.7,46.9,,,,,,,100.0,94.9,100.0,100.0,91.5,100.0,100.0
2025-04-03,99.8,89.9,62.4,99.6,91.9,100.0,,,,,,,100.0,90.8,100.0,100.0
2025-04-04,98.2,82.8,58.8,,,,,,,98.0,86.9,100.0,98.3,89.0,100.0,98.3
2025-04-05,,,,,,,,,,,,,98.7,87.0,100.0,98.7
2025-04-06,,,,,,,,,,,,,95.4,85.0,100.0,95.4
2025-04-07,,,,,,,,,,97.5,84.6,100.0,96.8,84.5,100.0,96.8
2025-04-08,97.3,79.5,61.5,97.2,92.0,100.0,,,,77.3,67.0,100.0,91.4,81.7,100.0,91.4
2025-04-09,,,,,,,,,,,,,88.8,76.0,100.0,88.8
2025-04-10,,,,91.1,78.9,100.0,,,,91.0,75.6,100.0,76.1,69.6,100.0,76.1
2025-04-11,,,,,,,0.0,2.0,34.2,68.5,58.8,100.0,64.9,64.3,100.0,64.9
2025-04-12,,,,,,,,,,,,,29.9,51.2,100.0,29.9
2025-04-13,,,,,,,,,,,,,15.4,42.7,100.0,15.4
2025-04-14,,,,,,,,,,,,,3.7,32.4,100.0,3.7
2025-04-15,88.9,69.8,59.9,,,,,,,,,,2.7,31.4,100.0,2.7
2025-04-16,75.9,57.4,65.7,,,,,,,,,,0.6,22.8,100.0,0.6
2025-04-17,,,,,,,,,,,,,0.5,19.0,100.0,0.5
2025-04-18,,,,99.8,86.3,78.6,,,,75.6,61.5,100.0,0.1,17.9,100.0,0.1
2025-04-19,,,,,,,47.7,47.6,98.9,,,,0.0,18.7,100.0,0.0
2025-04-20,58.9,50.6,58.1,,,,,,,,,,0.0,17.2,100.0,0.0
2025-04-21,,,,,,,,,,19.9,29.7,100.0,0.0,17.0,100.0,0.0
2025-04-22,,,,,,,,,,7.1,24.9,100.0,0.0,17.8,100.0,0.0
2025-04-23,,,,,,,,,,0.0,6.2,100.0,0.0,17.4,100.0,0.0
2025-04-24,,,,,,,,,,,,,0.0,18.8,100.0,0.0
2025-04-25,,,,,,,,,,,,,0.0,15.1,100.0,0.0
2025-04-26,,,,,,,,,,0.0,4.5,100.0,0.0,14.9,100.0,0.0
2025-04-27,36.6,37.9,58.2,,,,,,,,,,0.0,14.7,100.0,0.0
2025-04-28,29.3,32.9,54.1,0.7,3.9,85.0,,,,,,,0.0,15.5,100.0,0.0
2025-04-29,,,,,,,,,,0.0,1.5,100.0,0.0,9.9,100.0,0.0
2025-04-30,,,,0.0,0.8,79.4,,,,0.0,0.8,100.0,0.0,9.1,100.0,0.0
2025-05-01,,,,,,,,,,,,,0.0,8.3,100.0,0.0
2025-05-02,30.1,32.1,65.7,,,,,,,,,,0.0,11.2,100.0,0.0
2025-05-03,22.5,29.3,68.5,,,,,,,,,,0.0,6.6,100.0,0.0
2025-05-04,18.7,26.5,57.0,,,,,,,,,,0.0,6.4,100.0,0.0
2025-05-05,,,,,,,,,,,,,0.0,5.2,100.0,0.0
2025-05-06,,,,,,,,,,,,,0.0,8.0,100.0,0.0
2025-05-07,,,,,,,,,,,,,0.0,6.2,100.0,0.0
2025-05-08,18.5,26.0,67.2,,,,,,,,,,0.0,6.2,100.0,0.0
2025-05-09,14.1,23.8,68.2,,,,,,,,,,0.0,6.5,100.0,0.0
2025-05-10,16.8,24.3,64.6,,,,,,,,,,0.0,9.4,100.0,0.0
2025-05-11,,,,,,,,,,,,,0.0,9.2,100.0,0.0
2025-05-12,,,,,,,,,,,,,0.0,6.8,100.0,0.0
2025-05-13,,,,,,,0.0,0.0,47.1,,,,0.0,5.1,100.0,0.0
2025-05-14,17.2,23.6,65.3,,,,,,,,,,0.0,4.8,100.0,0.0
2025-05-15,10.0,19.1,67.3,,,,,,,,,,0.0,5.3,100.0,0.0
2025-05-16,7.5,15.9,66.3,,,,,,,0.0,0.2,100.0,0.0,3.9,100.0,0.0
2025-05-17,,,,,,,,,,,,,0.0,4.0,100.0,0.0
2025-05-18,,,,0.0,0.0,100.0,,,,,,,0.0,3.4,100.0,0.0
2025-05-19,,,,,,,,,,,,,0.0,3.6,100.0,0.0
2025-05-20,9.9,17.8,65.4,,,,,,,,,,0.0,4.1,100.0,0.0
2025-05-21,8.1,16.1,65.7,,,,,,,,,,0.0,4.6,100.0,0.0
2025-05-22,3.6,13.1,62.4,,,,,,,,,,0.0,3.8,100.0,0.0
2025-05-23,,,,,,,,,,,,,0.0,4.0,100.0,0.0
2025-05-24,,,,,,,,,,,,,0.0,4.0,100.0,0.0
2025-05-25,,,,,,,,,,,,,0.0,4.2,100.0,0.0
2025-05-26,5.4,14.2,65.4,,,,,,,,,,0.0,3.6,100.0,0.0
2025-05-27,3.3,12.1,68.0,,,,,,,0.0,0.1,100.0,0.0,3.5,100.0,0.0
2025-05-28,1.8,12.5,66.2,,,,,,,,,,0.0,4.0,100.0,0.0
2025-05-29,,,,,,,,,,,,,0.0,4.8,100.0,0.0
2025-05-30,,,,0.0,0.0,100.0,,,,0.0,0.0,100.0,0.0,3.4,100.0,0.0
2025-05-31,,,,,,,,,,0.0,0.0,99.9,0.0,3.1,100.0,0.0
2025-06-01,2.3,8.5,66.9,,,,,,,,,,0.0,2.9,100.0,0.0
2025-06-02,1.4,5.3,68.2,,,,,,,,,,0.0,3.1,100.0,0.0
2025-06-03,0.0,4.5,67.7,,,,,,,,,,0.0,2.9,100.0,0.0
2025-06-04,,,,,,,,,,,,,0.0,3.4,100.0,0.0
2025-06-05,,,,,,,,,,,,,0.0,3.0,100.0,0.0
2025-06-06,,,,,,,,,,,,,0.0,3.7,100.0,0.0
2025-06-07,0.0,3.6,66.9,,,,,,,,,,0.0,3.5,100.0,0.0
2025-06-08,0.0,2.3,69.7,,,,,,,0.0,0.0,100.0,0.0,2.1,100.0,0.0
2025-06-09,0.0,1.7,68.0,0.0,0.0,100.0,,,,,,,0.0,1.9,100.0,0.0
2025-06-10,,,,,,,,,,0.0,0.0,100.0,0.0,1.9,100.0,0.0
2025-06-11,,,,,,,,,,0.0,0.0,100.0,0.0,1.6,100.0,0.0
2025-06-12,,,,0.0,0.0,100.0,,,,,,,0.0,1.6,100.0,0.0
2025-06-13,0.0,1.1,68.2,,,,,,,,,,0.0,1.5,100.0,0.0
2025-06-14,0.0,1.1,69.5,,,,,,,0.0,0.0,100.0,0.0,1.0,100.0,0.0
2025-06-15,0.0,1.1,69.3,,,,,,,0.0,0.0,100.0,0.0,0.8,100.0,0.0
2025-06-16,,,,,,,,,,,,,0.0,0.7,100.0,0.0
2025-06-17,,,,0.0,0.1,100.0,,,,,,,0.0,0.6,100.0,0.0
2025-06-18,,,,,,,,,,0.0,0.0,100.0,0.0,0.4,100.0,0.0
2025-06-19,0.0,0.9,68.5,0.0,0.1,100.0,,,,0.0,0.0,100.0,0.0,0.2,100.0,0.0
2025-06-20,0.0,0.7,69.8,,,,,,,,,,0.0,0.3,100.0,0.0
2025-06-21,0.0,0.8,69.7,,,,,,,,,,0.0,0.2,100.0,0.0
2025-06-22,,,,0.0,0.0,100.0,0.0,0.0,97.0,,,,0.0,0.2,100.0,0.0
2025-06-23,,,,,,,,,,,,,0.0,0.2,100.0,0.0
2025-06-24,,,,,,,,,,,,,0.0,0.1,100.0,0.0
2025-06-25,0.0,0.9,68.4,,,,,,,,,,0.0,0.1,100.0,0.0
2025-06-26,0.0,1.3,69.6,,,,,,,,,,0.0,0.2,100.0,0.0
2025-06-27,0.0,1.5,69.7,0.0,0.1,100.0,,,,0.0,0.0,100.0,0.0,0.1,100.0,0.0
2025-06-28,,,,,,,,,,,,,0.0,0.1,100.0,0.0
2025-06-29,,,,0.0,0.0,100.0,,,,,,,0.0,0.1,100.0,0.0
2025-06-30,,,,,,,0.0,0.0,94.1,,,,0.0,0.1,100.0,0.0
2025-07-01,0.0,1.4,68.3,,,,,,,0.0,0.0,100.0,0.0,0.1,100.0,0.0
2025-07-02,0.0,1.5,70.2,0.0,0.1,30.2,,,,0.0,0.0,100.0,0.0,0.1,100.0,0.0
2025-07-03,0.0,2.0,69.7,,,,,,,0.0,0.0,100.0,0.0,0.1,100.0,0.0
2025-07-04,,,,,,,,,,,,,0.0,0.2,100.0,0.0
2025-07-05,,,,,,,,,,,,,0.0,0.2,100.0,0.0
2025-07-06,,,,,,,,,,,,,0.0,0.3,100.0,0.0
2025-07-07,0.0,1.9,69.1,,,,,,,,,,0.0,0.6,100.0,0.0
2025-07-08,0.0,1.9,68.8,,,,,,,,,,0.0,0.8,100.0,0.0
2025-07-09,0.0,1.9,69.9,0.0,0.1,100.0,,,,,,,0.0,0.7,100.0,0.0
2025-07-10,,,,,,,,,,,,,0.0,0.8,100.0,0.0
2025-07-11,,,,,,,,,,0.0,0.0,69.5,0.0,0.6,100.0,0.0
2025-07-12,,,,0.0,0.0,100.0,,,,,,,0.0,0.8,100.0,0.0
2025-07-13,0.0,2.3,69.5,,,,,,,,,,0.0,0.6,100.0,0.0
2025-07-14,0.0,2.5,68.5,,,,,,,,,,0.0,0.6,100.0,0.0
2025-07-15,0.0,3.2,69.6,,,,,,,,,,0.0,0.5,100.0,0.0
2025-07-16,,,,,,,,,,,,,0.0,0.9,100.0,0.0
2025-07-17,,,,0.0,0.0,100.0,,,,,,,0.0,0.7,100.0,0.0
2025-07-18,,,,,,,,,,0.0,0.0,37.0,0.0,0.4,100.0,0.0
2025-07-19,0.0,1.6,69.2,,,,,,,,,,0.0,0.3,100.0,0.0
2025-07-20,0.0,1.2,69.6,,,,,,,,,,0.0,0.3,100.0,0.0
2025-07-21,0.0,0.9,69.2,,,,,,,,,,0.0,0.5,100.0,0.0
2025-07-22,,,,0.0,0.0,100.0,,,,,,,0.0,0.3,100.0,0.0
2025-07-23,,,,,,,,,,,,,0.0,0.4,100.0,0.0
2025-07-24,,,,,,,,,,,,,0.0,0.3,100.0,0.0
2025-07-25,0.0,0.7,68.5,,,,,,,,,,0.0,0.5,100.0,0.0
2025-07-26,0.4,2.0,90.3,,,,,,,,,,0.0,0.1,100.0,0.0
2025-07-27,0.1,0.9,87.2,0.0,0.1,46.0,,,,,,,0.0,0.1,100.0,0.0
2025-07-28,,,,,,,,,,,,,0.0,0.1,100.0,0.0
2025-07-29,,,,0.0,0.0,59.5,,,,,,,0.0,0.2,100.0,0.0
2025-07-30,,,,,,,,,,,,,0.0,0.2,100.0,0.0
2025-07-31,0.0,0.5,82.0,,,,,,,,,,0.0,0.2,100.0,0.0
2025-08-01,0.0,0.5,84.1,,,,,,,,,,0.0,0.1,100.0,0.0
2025-08-02,0.0,0.7,85.9,,,,,,,,,,0.0,0.1,100.0,0.0
2025-08-03,,,,,,,,,,,,,0.0,0.1,100.0,0.0
2025-08-04,,,,,,,,,,0.0,0.0,100.0,0.0,0.0,100.0,0.0
2025-08-05,,,,,,,,,,,,,0.0,0.0,100.0,0.0
2025-08-06,0.0,0.4,79.5,0.0,0.1,100.0,,,,,,,0.0,0.0,100.0,0.0
2025-08-07,,,,,,,,,,0.0,0.0,100.0,0.0,0.0,100.0,0.0
2025-08-08,0.1,0.7,90.1,0.0,0.1,100.0,,,,,,,0.0,0.0,100.0,0.0
2025-08-09,,,,,,,0.0,0.0,99.6,,,,0.0,0.0,100.0,0.0
2025-08-10,,,,,,,,,,0.0,0.0,100.0,0.0,0.0,100.0,0.0
2025-08-11,,,,0.0,0.1,100.0,,,,0.0,0.0,100.0,0.0,0.0,100.0,0.0
2025-08-12,0.0,0.4,90.2,,,,,,,0.0,0.0,100.0,0.0,0.0,100.0,0.0
2025-08-13,0.0,0.5,90.5,,,,,,,,,,0.0,0.0,100.0,0.0
2025-08-14,0.0,0.4,87.3,,,,,,,0.0,0.0,100.0,0.0,0.0,100.0,0.0
2025-08-15,,,,,,,,,,0.0,0.0,61.3,0.0,0.0,100.0,0.0
2025-08-16,,,,0.0,0.1,100.0,,,,,,,0.0,0.0,100.0,0.0
2025-08-17,,,,,,,0.0,0.0,99.4,,,,0.0,0.0,100.0,0.0
2025-08-18,0.0,0.3,84.4,0.0,0.0,100.0,,,,0.0,0.0,100.0,0.0,0.0,100.0,0.0
2025-08-19,0.0,0.5,82.0,,,,,,,,,,0.0,0.0,100.0,0.0
2025-08-20,0.0,0.6,86.6,,,,,,,,,,0.0,0.0,100.0,0.0
2025-08-21,,,,,,,,,,,,,0.0,0.0,100.0,0.0
2025-08-22,,,,,,,,,,,,,0.0,0.0,100.0,0.0
2025-08-23,,,,,,,,,,,,,0.0,0.0,100.0,0.0
2025-08-24,0.0,1.0,88.5,,,,,,,,,,0.0,0.0,100.0,0.0
2025-08-25,0.0,1.3,89.2,,,,0.0,0.0,100.0,,,,0.0,0.0,100.0,0.0
2025-08-26,0.0,1.9,88.4,0.0,0.0,100.0,,,,0.0,0.0,100.0,0.0,0.0,100.0,0.0
2025-08-27,,,,,,,,,,,,,0.0,0.0,100.0,0.0
2025-08-28,,,,,,,,,,,,,0.0,0.0,100.0,0.0
2025-08-29,,,,,,,,,,,,,0.0,0.1,100.0,0.0
2025-08-30,0.0,2.3,88.9,,,,,,,,,,0.0,0.1,100.0,0.0
2025-08-31,0.0,1.7,89.8,0.0,0.0,100.0,,,,,,,0.0,0.1,100.0,0.0
2025-09-01,0.0,1.8,89.9,,,,,,,,,,0.0,0.2,100.0,0.0
2025-09-02,,,,,,,,,,,,,0.0,0.2,100.0,0.0
2025-09-03,,,,,,,,,,,,,0.0,0.2,100.0,0.0
2025-09-04,,,,,,,,,,,,,0.0,0.2,100.0,0.0
2025-09-05,0.0,1.7,88.9,,,,,,,0.0,0.0,100.0,0.0,0.2,100.0,0.0
2025-09-06,0.0,1.8,90.3,,,,,,,,,,0.0,0.2,100.0,0.0
2025-09-07,0.0,1.7,89.7,0.0,0.0,100.0,,,,,,,0.0,0.2,100.0,0.0
2025-09-08,,,,,,,,,,,,,0.0,0.1,100.0,0.0
2025-09-09,,,,,,,,,,,,,0.0,0.2,100.0,0.0
2025-09-10,,,,,,,,,,,,,0.0,0.2,100.0,0.0
2025-09-11,0.0,1.6,88.6,,,,,,,,,,0.0,0.2,100.0,0.0
2025-09-12,0.0,1.9,90.8,,,,,,,,,,0.0,0.1,100.0,0.0
2025-09-13,0.0,2.0,89.3,,,,,,,,,,0.0,0.2,100.0,0.0
2025-09-14,,,,,,,,,,,,,0.0,0.1,100.0,0.0
2025-09-15,,,,,,,,,,,,,0.0,0.1,100.0,0.0
2025-09-16,,,,,,,,,,,,,0.0,0.1,100.0,0.0
2025-09-17,0.0,2.7,91.5,0.0,0.0,100.0,,,,0.0,0.0,100.0,0.0,0.1,100.0,0.0
2025-09-18,0.0,2.6,89.6,,,,0.0,0.0,99.9,0.0,0.0,100.0,0.0,0.1,100.0,0.0
2025-09-19,,,,,,,,,,,,,0.0,0.1,100.0,0.0
2025-09-20,,,,0.0,0.0,100.0,,,,,,,0.0,0.1,100.0,0.0
2025-09-21,,,,,,,,,,,,,0.0,0.1,100.0,0.0
2025-09-22,,,,,,,,,,,,,0.0,0.2,100.0,0.0
2025-09-23,0.0,2.1,89.2,,,,,,,,,,0.0,0.2,100.0,0.0
2025-09-24,0.0,2.6,91.4,,,,,,,,,,0.0,0.2,100.0,0.0
2025-09-25,0.0,1.7,89.8,,,,,,,,,,0.0,0.3,100.0,0.0
2025-09-26,,,,,,,,,,,,,0.0,0.4,100.0,0.0
2025-09-27,,,,,,,,,,,,,0.0,0.4,100.0,0.0
2025-09-28,,,,,,,,,,,,,0.0,0.4,100.0,0.0
2025-09-29,0.0,1.9,95.4,,,,,,,0.0,0.0,89.2,0.0,0.4,100.0,0.0
2025-09-30,0.0,1.7,94.6,0.0,0.0,93.6,,,,,,,0.0,0.5,100.0,0.0
2025-10-01,0.0,1.7,91.4,,,,,,,,,,0.0,0.5,100.0,0.0
2025-10-02,,,,,,,,,,0.0,0.0,100.0,0.0,0.4,100.0,0.0
2025-10-03,,,,,,,,,,,,,0.0,0.5,100.0,0.0
2025-10-04,,,,,,,,,,,,,0.0,0.6,100.0,0.0
2025-10-05,0.0,1.9,91.8,0.0,0.0,99.8,,,,0.0,0.0,99.1,0.0,0.4,100.0,0.0
2025-10-06,0.0,1.7,90.8,,,,,,,0.0,0.0,100.0,0.0,0.3,100.0,0.0
2025-10-07,0.0,1.7,83.6,0.0,0.0,100.0,,,,,,,0.0,0.4,100.0,0.0
2025-10-08,,,,,,,,,,,,,0.0,0.5,100.0,0.0
2025-10-09,,,,,,,,,,0.0,0.0,100.0,0.0,0.3,100.0,0.0
2025-10-10,,,,,,,,,,0.0,0.0,100.0,0.0,0.2,100.0,0.0
2025-10-11,0.0,2.0,96.1,,,,,,,,,,0.0,0.3,100.0,0.0
2025-10-12,0.0,2.0,96.4,,,,0.0,0.0,100.0,,,,0.0,0.3,100.0,0.0
2025-10-13,0.0,2.4,93.6,,,,,,,0.0,0.0,100.0,0.0,0.2,100.0,0.0
2025-10-14,,,,,,,,,,0.0,0.1,100.0,0.0,0.2,100.0,0.0
2025-10-15,,,,0.0,0.0,100.0,,,,,,,0.0,0.3,100.0,0.0
2025-10-16,,,,,,,,,,,,,0.0,0.5,100.0,0.0
2025-10-17,0.0,2.2,95.1,0.0,0.0,100.0,,,,,,,0.0,0.3,100.0,0.0
2025-10-18,0.0,1.3,91.5,,,,,,,0.0,0.1,100.0,0.0,0.4,100.0,0.0
2025-10-19,0.0,1.4,86.4,,,,,,,,,,0.0,0.5,100.0,0.0
2025-10-20,,,,,,,,,,,,,0.0,0.8,100.0,0.0
2025-10-21,,,,,,,,,,0.0,0.2,100.0,0.0,0.4,100.0,0.0
2025-10-22,,,,,,,,,,,,,0.0,0.5,100.0,0.0
2025-10-23,0.0,1.4,87.3,,,,,,,,,,0.0,0.5,100.0,0.0
2025-10-24,0.0,1.8,90.8,,,,,,,,,,0.0,0.6,100.0,0.0
2025-10-25,0.0,1.9,92.8,,,,,,,,,,0.0,0.6,100.0,0.0
2025-10-26,,,,,,,,,,,,,0.0,0.9,100.0,0.0
2025-10-27,,,,,,,,,,,,,0.0,0.9,100.0,0.0
2025-10-28,,,,,,,0.0,0.5,76.3,,,,0.0,1.4,100.0,0.0
2025-10-29,0.0,2.1,93.7,,,,,,,,,,0.0,0.8,100.0,0.0
2025-10-30,0.0,2.4,94.6,,,,,,,,,,0.0,1.2,100.0,0.0
2025-10-31,0.0,3.0,94.7,,,,,,,,,,0.0,1.5,100.0,0.0
2025-11-01,,,,,,,,,,,,,0.0,2.0,100.0,0.0
2025-11-02,,,,,,,,,,,,,0.0,1.6,100.0,0.0
2025-11-03,,,,,,,,,,,,,0.0,2.2,100.0,0.0
2025-11-04,0.0,3.0,94.2,0.0,0.0,100.0,,,,,,,0.0,2.3,100.0,0.0
2025-11-05,0.0,3.2,96.1,,,,,,,0.0,0.2,100.0,0.0,2.3,100.0,0.0
2025-11-06,0.0,3.4,93.7,0.0,0.1,100.0,,,,,,,0.0,2.1,100.0,0.0
2025-11-07,,,,,,,,,,,,,0.0,2.2,100.0,0.0
2025-11-08,,,,,,,,,,,,,0.0,2.6,100.0,0.0
2025-11-09,,,,0.0,0.1,60.7,,,,0.0,0.4,100.0,0.0,2.0,100.0,0.0
2025-11-10,0.0,3.3,95.0,,,,,,,,,,0.0,1.7,100.0,0.0
2025-11-11,0.0,2.5,94.7,,,,,,,,,,0.0,1.7,100.0,0.0
2025-11-12,0.0,3.0,93.6,,,,,,,,,,0.0,2.0,100.0,0.0
2025-11-13,,,,,,,0.0,0.2,100.0,,,,0.0,2.4,100.0,0.0
2025-11-14,,,,0.0,0.2,34.2,,,,,,,0.0,1.9,100.0,0.0
2025-11-15,,,,,,,,,,,,,0.0,2.1,100.0,0.0
2025-11-16,0.0,3.3,94.2,,,,,,,,,,0.0,2.7,100.0,0.0
2025-11-17,,,,,,,,,,0.0,1.2,100.0,0.0,3.4,100.0,0.0
2025-11-18,0.0,4.3,93.0,,,,,,,,,,0.0,3.6,100.0,0.0
2025-11-19,,,,0.0,0.9,100.0,,,,,,,0.0,3.9,100.0,0.0
2025-11-20,,,,,,,,,,,,,0.0,5.4,100.0,0.0
2025-11-21,,,,,,,,,,,,,0.0,7.7,100.0,0.0
2025-11-22,0.0,4.0,96.1,,,,,,,,,,0.0,8.5,100.0,0.0
2025-11-23,0.0,6.5,96.0,,,,,,,,,,0.0,8.1,100.0,0.0
2025-11-24,0.0,7.4,95.6,,,,,,,,,,0.0,8.2,100.0,0.0
2025-11-25,,,,,,,,,,,,,0.0,6.9,100.0,0.0
2025-11-26,,,,,,,,,,,,,0.0,5.9,100.0,0.0
2025-11-27,,,,,,,,,,,,,0.0,5.4,100.0,0.0
2025-11-28,0.2,5.6,94.9,,,,,,,,,,0.0,6.2,100.0,0.0
2025-11-29,0.2,6.6,94.7,2.6,6.5,100.0,0.1,3.3,100.0,0.0,2.1,100.0,0.0,5.0,100.0,0.0
2025-11-30,0.0,7.3,93.1,,,,,,,,,,0.0,5.2,100.0,0.0
2025-12-01,,,,,,,,,,0.0,3.5,100.0,0.0,4.2,100.0,0.0
2025-12-02,,,,,,,,,,,,,0.0,4.9,100.0,0.0
2025-12-03,,,,,,,,,,0.0,3.2,100.0,0.0,4.1,100.0,0.0
2025-12-04,0.8,10.3,94.3,3.4,11.0,66.4,,,,0.0,4.2,100.0,0.0,3.9,100.0,0.0
2025-12-05,0.5,6.7,90.9,,,,,,,,,,0.0,4.1,100.0,0.0
2025-12-06,0.0,6.5,85.1,,,,,,,,,,0.0,5.0,100.0,0.0
2025-12-07,,,,,,,,,,,,,0.0,4.9,100.0,0.0
2025-12-08,,,,,,,,,,0.0,6.2,100.0,0.0,4.2,100.0,0.0
2025-12-09,,,,4.7,11.0,100.0,,,,,,,0.0,4.3,100.0,0.0
2025-12-10,2.9,8.8,89.5,,,,,,,,,,0.0,4.5,100.0,0.0
2025-12-11,1.6,10.0,87.5,,,,,,,,,,0.0,4.8,100.0,0.0
2025-12-12,0.1,9.2,88.2,,,,,,,0.0,5.2,100.0,0.0,3.5,100.0,0.0
2025-12-13,,,,,,,,,,,,,0.0,4.0,100.0,0.0
2025-12-14,,,,4.9,9.1,100.0,,,,,,,0.0,4.2,100.0,0.0
2025-12-15,,,,,,,2.1,5.3,100.0,,,,0.0,5.2,100.0,0.0
2025-12-16,1.8,9.5,93.4,,,,,,,,,,0.0,4.3,100.0,0.0
2025-12-17,2.2,6.6,91.6,,,,,,,,,,0.0,4.8,100.0,0.0
2025-12-18,0.1,5.2,92.5,,,,,,,0.0,8.3,100.0,0.0,4.7,100.0,0.0
2025-12-19,,,,9.8,19.6,51.7,,,,,,,0.0,6.2,100.0,0.0
2025-12-20,,,,,,,,,,,,,0.0,5.7,100.0,0.0
2025-12-21,,,,,,,,,,,,,0.0,6.2,100.0,0.0
2025-12-22,2.3,6.2,86.2,,,,,,,,,,0.0,7.5,100.0,0.0
2025-12-23,1.8,5.8,87.7,,,,,,,,,,0.0,9.2,100.0,0.0
2025-12-24,0.0,3.5,82.5,1.1,4.8,100.0,,,,,,,0.0,9.1,100.0,0.0
2025-12-25,,,,,,,,,,,,,0.0,8.6,100.0,0.0
2025-12-26,,,,1.3,5.2,100.0,,,,,,,0.0,9.8,100.0,0.0
2025-12-27,,,,,,,,,,0.0,10.2,100.0,0.0,10.4,100.0,0.0
2025-12-28,0.5,5.2,88.8,,,,,,,,,,0.0,12.9,100.0,0.0
2025-12-29,0.8,8.1,92.9,0.2,4.1,100.0,,,,,,,0.0,13.2,100.0,0.0
2025-12-30,0.0,5.9,85.4,,,,,,,,,,0.0,14.7,100.0,0.0
2025-12-31,,,,,,,0.7,6.4,100.0,,,,0.0,17.4,100.0,0.0
2026-01-01,,,,,,,,,,,,,0.0,7.5,100.0,0.0
2026-01-02,,,,,,,,,,,,,0.0,9.1,100.0,0.0
2026-01-03,0.0,2.8,98.0,0.6,7.9,100.0,,,,0.0,11.0,100.0,0.0,8.5,100.0,0.0
2026-01-04,0.0,2.7,98.2,,,,,,,,,,0.0,13.7,100.0,0.0
2026-01-05,0.0,4.6,98.6,1.6,18.0,100.0,,,,,,,0.0,13.5,100.0,0.0
2026-01-06,,,,,,,,,,,,,0.0,18.2,100.0,0.0
2026-01-07,,,,,,,,,,,,,0.0,23.4,100.0,0.0
2026-01-08,,,,,,,,,,,,,0.0,38.3,100.0,0.0
2026-01-09,0.0,7.4,99.2,,,,,,,,,,0.0,38.4,100.0,0.0
2026-01-10,0.6,10.9,99.2,,,,,,,,,,13.6,52.8,100.0,13.6
2026-01-11,1.2,12.7,99.2,,,,,,,,,,25.3,54.3,100.0,25.3
2026-01-12,,,,,,,,,,10.8,38.5,100.0,90.6,66.6,100.0,90.6
2026-01-13,,,,,,,,,,,,,89.8,68.2,100.0,89.8
2026-01-14,,,,,,,,,,,,,100.0,74.5,100.0,100.0
2026-01-15,3.1,15.8,97.6,,,,,,,99.6,68.8,100.0,97.6,74.5,100.0,97.6
2026-01-16,6.4,19.9,97.8,,,,100.0,92.6,100.0,,,,100.0,82.8,100.0,100.0
2026-01-17,12.8,27.9,98.8,,,,,,,,,,99.8,79.6,100.0,99.8
2026-01-18,,,,100.0,96.4,100.0,,,,100.0,87.6,100.0,100.0,85.9,100.0,100.0
2026-01-19,,,,,,,,,,100.0,91.9,100.0,100.0,84.3,100.0,100.0
2026-01-20,,,,,,,,,,,,,100.0,86.9,100.0,100.0
2026-01-21,18.2,31.1,97.0,,,,,,,,,,100.0,87.6,100.0,100.0
2026-01-22,16.7,28.2,98.6,,,,,,,,,,100.0,90.7,100.0,100.0
2026-01-23,27.8,34.7,98.6,100.0,98.6,100.0,,,,,,,100.0,90.3,100.0,100.0
2026-01-24,,,,,,,100.0,100.0,88.4,,,,100.0,93.9,100.0,100.0
2026-01-25,,,,,,,,,,,,,100.0,91.6,100.0,100.0
2026-01-26,,,,,,,,,,100.0,96.5,100.0,100.0,94.8,100.0,100.0
2026-01-27,45.1,41.0,96.0,,,,,,,,,,100.0,93.8,100.0,100.0
2026-01-28,55.0,47.7,98.8,,,,,,,,,,100.0,95.8,100.0,100.0
2026-01-29,72.2,54.5,97.2,,,,,,,,,,100.0,96.5,100.0,100.0
2026-01-30,,,,,,,,,,,,,100.0,97.2,100.0,100.0
2026-01-31,,,,,,,,,,,,,100.0,97.2,100.0,100.0
2026-02-01,,,,,,,100.0,100.0,100.0,,,,100.0,98.7,100.0,100.0
2026-02-02,85.6,62.2,95.8,100.0,99.9,100.0,,,,,,,100.0,98.8,100.0,100.0
2026-02-03,89.0,65.3,94.6,,,,,,,100.0,97.0,66.9,100.0,98.9,100.0,100.0
2026-02-04,90.2,68.3,89.8,,,,,,,100.0,97.6,100.0,100.0,98.4,100.0,100.0
2026-02-05,,,,,,,,,,,,,100.0,98.4,100.0,100.0
2026-02-06,,,,,,,,,,,,,100.0,98.6,100.0,100.0
2026-02-07,,,,100.0,99.8,100.0,,,,,,,100.0,98.7,100.0,100.0
2026-02-08,94.6,69.2,88.6,,,,,,,100.0,97.7,100.0,100.0,98.0,100.0,100.0
2026-02-09,97.1,74.8,84.2,,,,100.0,100.0,100.0,100.0,98.3,100.0,100.0,98.5,100.0,100.0
2026-02-10,91.5,69.9,91.8,,,,,,,,,,100.0,97.9,100.0,100.0
2026-02-11,,,,,,,,,,,,,100.0,97.5,100.0,100.0
2026-02-12,,,,,,,,,,,,,100.0,96.7,100.0,100.0
2026-02-13,,,,,,,,,,,,,100.0,95.2,100.0,100.0
2026-02-14,93.1,73.5,95.8,,,,,,,,,,100.0,95.8,100.0,100.0
2026-02-15,96.7,75.3,67.5,,,,,,,,,,100.0,94.5,100.0,100.0
2026-02-16,94.8,70.1,92.0,,,,,,,,,,100.0,95.3,100.0,100.0
2026-02-17,,,,,,,,,,,,,100.0,94.3,100.0,100.0
2026-02-18,,,,,,,,,,,,,100.0,96.1,100.0,100.0
2026-02-19,,,,,,,,,,,,,100.0,96.3,100.0,100.0
2026-02-20,94.3,72.4,95.2,,,,,,,,,,100.0,96.8,100.0,100.0
2026-02-21,96.4,76.1,95.8,,,,,,,100.0,98.8,100.0,100.0,97.3,100.0,100.0
2026-02-22,96.4,78.3,95.6,99.6,99.2,100.0,,,,,,,100.0,98.6,100.0,100.0
2026-02-23,,,,,,,,,,,,,100.0,98.6,100.0,100.0
2026-02-24,,,,,,,,,,,,,100.0,98.7,100.0,100.0
2026-02-25,,,,,,,100.0,100.0,100.0,,,,100.0,99.0,100.0,100.0
2026-02-26,97.4,80.3,92.0,,,,,,,100.0,98.9,99.6,100.0,99.1,100.0,100.0
2026-02-27,95.6,80.7,91.2,100.0,99.5,100.0,,,,,,,100.0,99.3,100.0,100.0
2026-02-28,94.7,75.7,94.8,,,,,,,,,,100.0,99.1,100.0,100.0
2026-03-01,,,,,,,,,,100.0,99.3,51.5,100.0,99.0,100.0,100.0
2026-03-02,,,,,,,,,,,,,100.0,99.1,100.0,100.0
2026-03-03,,,,,,,,,,,,,100.0,99.1,100.0,100.0
2026-03-04,96.4,81.7,89.8,100.0,99.2,100.0,,,,,,,100.0,99.3,100.0,100.0
2026-03-05,96.7,80.8,91.6,,,,100.0,100.0,87.4,,,,100.0,99.4,100.0,100.0
2026-03-06,98.8,83.9,96.2,100.0,99.1,100.0,,,,,,,100.0,99.3,100.0,100.0
2026-03-07,,,,,,,,,,,,,100.0,99.1,100.0,100.0
2026-03-08,,,,,,,,,,100.0,99.5,100.0,100.0,99.1,100.0,100.0
2026-03-09,,,,,,,,,,,,,100.0,98.9,100.0,100.0
2026-03-10,99.1,86.1,85.4,,,,,,,100.0,99.6,100.0,100.0,99.0,100.0,100.0
2026-03-11,99.6,88.4,95.8,,,,,,,,,,100.0,99.0,100.0,100.0
2026-03-12,100.0,92.0,97.8,,,,,,,,,,100.0,99.0,100.0,100.0
2026-03-13,,,,,,,100.0,99.9,73.1,,,,100.0,99.1,100.0,100.0
2026-03-14,,,,,,,,,,,,,100.0,99.1,100.0,100.0
2026-03-15,,,,,,,,,,,,,100.0,99.2,100.0,100.0
2026-03-16,100.0,94.9,89.0,,,,,,,,,,100.0,99.3,100.0,100.0
2026-03-17,100.0,95.8,92.6,,,,,,,100.0,99.7,100.0,100.0,99.4,100.0,100.0
2026-03-18,100.0,96.2,94.0,,,,,,,,,,100.0,99.4,100.0,100.0
2026-03-19,,,,100.0,99.7,100.0,,,,,,,100.0,99.5,100.0,100.0
2026-03-20,,,,,,,,,,100.0,99.6,100.0,100.0,99.5,100.0,100.0
2026-03-21,,,,,,,,,,,,,100.0,99.4,100.0,100.0
2026-03-22,100.0,98.3,90.6,,,,,,,,,,100.0,99.5,100.0,100.0
2026-03-23,100.0,98.0,91.6,,,,,,,,,,100.0,99.4,100.0,100.0
2026-03-24,100.0,97.3,95.4,,,,,,,100.0,99.7,100.0,100.0,99.5,100.0,100.0
2026-03-25,,,,,,,,,,,,,100.0,99.4,100.0,100.0
2026-03-26,,,,,,,,,,,,,100.0,99.4,100.0,100.0
2026-03-27,,,,,,,,,,,,,100.0,99.4,100.0,100.0
2026-03-28,100.0,98.8,87.0,,,,,,,,,,100.0,99.5,100.0,100.0
2026-03-29,100.0,98.8,89.0,100.0,99.9,94.8,,,,100.0,99.6,99.4,100.0,99.5,100.0,100.0
2026-03-30,100.0,97.8,86.4,,,,,,,,,,100.0,99.4,100.0,100.0
2026-03-31,,,,,,,,,,,,,100.0,99.3,100.0,100.0
2026-04-01,,,,,,,,,,100.0,99.6,95.2,100.0,99.4,100.0,100.0
2026-04-02,,,,,,,,,,100.0,99.3,100.0,100.0,99.2,100.0,100.0
2026-04-03,100.0,98.6,80.0,100.0,99.7,100.0,,,,,,,100.0,99.5,100.0,100.0
2026-04-04,100.0,98.2,88.2,,,,,,,,,,100.0,99.4,100.0,100.0
2026-04-05,100.0,97.4,98.4,100.0,99.0,100.0,,,,100.0,99.2,100.0,100.0,99.5,100.0,100.0
2026-04-06,,,,,,,100.0,99.8,78.4,100.0,98.9,100.0,100.0,99.3,100.0,100.0
2026-04-07,,,,,,,,,,100.0,98.8,100.0,100.0,99.3,100.0,100.0
2026-04-08,,,,100.0,96.9,100.0,,,,,,,100.0,99.1,100.0,100.0
2026-04-09,100.0,97.4,97.4,,,,,,,,,,100.0,99.1,100.0,100.0
2026-04-10,100.0,97.0,97.8,,,,,,,,,,100.0,98.7,100.0,100.0
2026-04-11,99.8,95.8,99.0,,,,,,,,,,100.0,98.7,100.0,100.0
2026-04-12,,,,,,,,,,,,,100.0,97.9,100.0,100.0
2026-04-13,,,,,,,,,,,,,100.0,97.8,100.0,100.0
2026-04-14,,,,,,,,,,100.0,97.9,100.0,100.0,97.0,100.0,100.0
2026-04-15,99.8,95.5,98.6,99.6,92.2,96.0,,,,,,,100.0,97.3,100.0,100.0
2026-04-16,100.0,91.9,98.0,,,,,,,,,,100.0,96.3,100.0,100.0
2026-04-17,99.8,91.1,99.0,,,,,,,100.0,98.2,100.0,100.0,96.0,100.0,100.0
2026-04-18,99.8,85.4,96.8,95.0,88.0,100.0,,,,100.0,97.2,100.0,100.0,95.5,100.0,100.0
2026-04-19,,,,,,,,,,,,,99.6,93.7,100.0,99.6
2026-04-20,,,,,,,,,,,,,98.4,91.9,100.0,98.4
2026-04-21,99.0,83.9,97.0,,,,,,,,,,97.2,90.7,100.0,97.2
2026-04-22,96.5,73.0,98.2,,,,87.0,69.8,66.5,,,,96.4,88.6,100.0,96.4
2026-04-23,78.3,56.0,97.0,85.2,75.4,100.0,,,,,,,93.4,85.0,100.0,93.4
2026-04-24,,,,,,,,,,,,,87.6,78.8,100.0,87.6
2026-04-25,,,,58.3,52.3,100.0,,,,100.0,94.4,100.0,80.2,74.6,100.0,80.2
2026-04-26,,,,,,,,,,100.0,90.3,100.0,66.1,65.9,100.0,66.1
2026-04-27,43.9,39.5,97.8,,,,,,,99.8,79.5,100.0,55.1,59.5,100.0,55.1
2026-04-28,32.4,34.0,98.4,,,,,,,,,,31.1,45.2,100.0,31.1
2026-04-29,26.7,27.3,99.4,,,,,,,,,,25.1,41.0,100.0,25.1
2026-04-30,10.5,17.9,97.0,,,,,,,50.3,47.7,100.0,12.6,29.4,100.0,12.6
2026-05-01,,,,,,,,,,,,,8.0,25.3,100.0,8.0
2026-05-02,,,,,,,,,,,,,1.2,14.4,100.0,1.2
2026-05-03,11.1,19.2,95.8,0.8,3.9,100.0,,,,,,,0.6,13.3,100.0,0.6
2026-05-04,4.6,15.1,98.2,,,,,,,,,,0.0,8.0,100.0,0.0
2026-05-05,0.6,9.2,97.0,,,,,,,,,,0.0,7.7,100.0,0.0
2026-05-06,,,,,,,,,,,,,0.0,4.5,100.0,0.0
2026-05-07,,,,,,,,,,,,,0.0,5.0,100.0,0.0
2026-05-08,,,,,,,,,,,,,0.0,4.0,100.0,0.0
2026-05-09,1.7,9.3,95.8,,,,,,,,,,0.0,4.4,100.0,0.0
2026-05-10,,,,,,,,,,,,,0.0,2.9,100.0,0.0
2026-05-11,1.0,6.8,99.0,,,,,,,,,,0.0,2.8,100.0,0.0
2026-05-12,0.2,3.9,94.4,,,,,,,,,,0.0,2.7,100.0,0.0
2026-05-13,,,,0.0,0.2,89.4,,,,,,,0.0,2.7,100.0,0.0
2026-05-14,,,,,,,,,,,,,0.0,2.5,100.0,0.0
2026-05-15,0.8,5.0,94.4,,,,,,,,,,0.0,2.6,100.0,0.0
2026-05-16,0.1,4.2,98.2,,,,,,,,,,0.0,3.6,100.0,0.0
2026-05-17,0.2,2.5,90.8,,,,,,,,,,0.0,3.2,100.0,0.0
2026-05-18,,,,,,,,,,,,,0.0,2.9,100.0,0.0
2026-05-19,,,,,,,,,,,,,0.0,2.2,100.0,0.0
2026-05-20,,,,,,,,,,,,,0.0,2.6,100.0,0.0
2026-05-21,0.0,1.8,89.6,,,,,,,,,,0.0,2.0,100.0,0.0
2026-05-22,0.0,1.1,85.6,,,,,,,0.0,6.9,100.0,0.0,1.7,100.0,0.0
2026-05-23,0.0,1.3,93.0,0.0,0.1,100.0,,,,0.0,2.2,100.0,0.0,1.4,100.0,0.0
2026-05-24,0.0,0.7,85.2,,,,0.0,0.4,81.2,,,,0.0,2.2,100.0,0.0
2026-05-25,,,,0.0,0.0,100.0,,,,,,,0.0,2.0,100.0,0.0
2026-05-26,,,,,,,,,,0.0,0.6,100.0,0.0,1.8,100.0,0.0
2026-05-27,0.0,0.4,79.0,,,,,,,0.0,0.3,100.0,0.0,1.6,100.0,0.0
2026-05-28,0.0,0.9,99.2,0.0,0.0,100.0,,,,,,,0.0,4.6,100.0,0.0
2026-05-29,0.0,0.5,95.8,,,,,,,,,,0.0,4.7,100.0,0.0
2026-05-30,,,,,,,,,,,,,0.0,4.9,100.0,0.0
2026-05-31,,,,,,,,,,,,,0.0,6.8,100.0,0.0
2026-06-01,,,,,,,,,,,,,,,,
2026-06-02,0.0,0.5,96.6,,,,,,,,,,,,,
2026-06-03,0.0,0.4,97.4,,,,,,,,,,,,,
2026-06-04,0.0,0.6,97.6,,,,,,,,,,,,,
2026-06-05,,,,,,,,,,,,,,,,
2026-06-06,,,,,,,,,,,,,,,,
2026-06-07,,,,,,,,,,0.0,0.1,74.9,,,,
2026-06-08,0.0,0.7,95.6,,,,,,,0.0,0.1,100.0,,,,
2026-06-09,0.0,0.9,98.0,,,,,,,,,,,,,
2026-06-10,0.0,1.1,95.8,,,,,,,,,,,,,
2026-06-11,,,,,,,,,,,,,,,,
2026-06-12,,,,,,,,,,,,,,,,
2026-06-13,,,,,,,,,,,,,,,,
2026-06-14,0.0,0.9,94.6,0.0,0.0,100.0,,,,,,,,,,
2026-06-15,,,,,,,,,,0.0,0.0,100.0,,,,
2026-06-16,0.0,0.8,97.0,,,,,,,0.0,0.0,100.0,,,,
2026-06-17,0.0,0.8,97.6,0.0,0.0,82.6,,,,0.0,0.0,81.4,,,,
2026-06-18,,,,,,,,,,,,,,,,
2026-06-19,,,,,,,,,,0.0,0.0,100.0,,,,
2026-06-20,,,,,,,,,,0.0,0.0,100.0,,,,
2026-06-21,0.0,0.8,98.2,,,,,,,,,,,,,
2026-06-22,0.0,1.5,98.6,0.0,0.0,100.0,,,,,,,,,,
2026-06-23,,,,,,,,,,,,,,,,
2026-06-24,,,,0.0,0.1,100.0,,,,,,,,,,
2026-06-25,,,,,,,,,,,,,,,,
2026-06-26,0.0,1.5,97.2,,,,,,,,,,,,,
2026-06-27,0.0,5.0,96.6,0.0,0.5,90.6,,,,0.0,0.0,100.0,,,,
2026-06-28,0.0,6.1,97.6,,,,,,,0.0,0.0,100.0,,,,
2026-06-29,,,,,,,,,,0.0,0.2,100.0,,,,
2026-06-30,,,,,,,,,,,,,,,,
2026-07-01,,,,,,,,,,,,,,,,
2026-07-02,,,,,,,,,,,,,,,,
2026-07-03,,,,,,,,,,0.0,0.3,100.0,,,,
2026-07-04,,,,,,,,,,,,,,,,
2026-07-05,,,,,,,,,,0.0,1.4,100.0,,,,
2026-07-06,,,,,,,,,,,,,,,,
2026-07-07,,,,,,,,,,,,,,,,
2026-07-08,,,,,,,,,,,,,,,,
2026-07-09,,,,,,,,,,0.0,4.4,100.0,,,,
