date,s1_ice_cover,s1_ice_probability,s1_data_coverage,s2_ice_cover,s2_ice_probability,s2_data_coverage,landsat_ice_cover,landsat_ice_probability,landsat_data_coverage,ecostress_ice_cover,ecostress_ice_probability,ecostress_data_coverage,stage2_ice_cover,stage2_ice_probability,stage2_data_coverage,stage2_phenology_cover
2015-07-02,90.0,56.3,89.2,,,,,,,,,,0.0,8.0,100.0,0.0
2015-07-03,,,,,,,,,,,,,0.0,5.8,100.0,0.0
2015-07-04,,,,,,,0.0,0.0,38.2,,,,0.0,3.8,100.0,0.0
2015-07-05,,,,,,,,,,,,,0.0,4.1,100.0,0.0
2015-07-06,62.8,47.4,88.0,,,,,,,,,,0.0,2.6,100.0,0.0
2015-07-07,,,,,,,,,,,,,0.0,2.1,100.0,0.0
2015-07-08,,,,,,,,,,,,,0.0,1.8,100.0,0.0
2015-07-09,,,,,,,,,,,,,0.0,1.9,100.0,0.0
2015-07-10,,,,,,,,,,,,,0.0,1.7,100.0,0.0
2015-07-11,,,,,,,,,,,,,0.0,1.5,100.0,0.0
2015-07-12,,,,,,,,,,,,,0.0,1.6,100.0,0.0
2015-07-13,,,,,,,0.0,0.0,58.3,,,,0.0,1.8,100.0,0.0
2015-07-14,73.1,52.7,91.6,,,,,,,,,,0.0,1.8,100.0,0.0
2015-07-15,,,,,,,,,,,,,0.0,1.5,100.0,0.0
2015-07-16,,,,,,,,,,,,,0.0,1.4,100.0,0.0
2015-07-17,,,,,,,,,,,,,0.0,1.6,100.0,0.0
2015-07-18,33.6,40.4,89.1,,,,,,,,,,0.0,1.8,100.0,0.0
2015-07-19,,,,,,,,,,,,,0.0,1.6,100.0,0.0
2015-07-20,,,,,,,,,,,,,0.0,2.3,100.0,0.0
2015-07-21,,,,,,,,,,,,,0.0,2.8,100.0,0.0
2015-07-22,,,,,,,,,,,,,0.0,2.2,100.0,0.0
2015-07-23,,,,,,,,,,,,,0.0,2.3,100.0,0.0
2015-07-24,,,,,,,,,,,,,0.0,2.2,100.0,0.0
2015-07-25,,,,,,,,,,,,,0.0,2.8,100.0,0.0
2015-07-26,40.4,42.0,90.7,,,,,,,,,,0.0,2.7,100.0,0.0
2015-07-27,,,,,,,,,,,,,0.0,2.6,100.0,0.0
2015-07-28,,,,,,,,,,,,,0.0,2.0,100.0,0.0
2015-07-29,,,,,,,,,,,,,0.0,1.6,100.0,0.0
2015-07-30,23.8,33.8,86.7,0.0,0.7,96.6,,,,,,,0.0,0.8,100.0,0.0
2015-07-31,,,,,,,,,,,,,0.0,0.5,100.0,0.0
2015-08-01,,,,,,,,,,,,,0.0,0.3,100.0,0.0
2015-08-02,,,,,,,,,,,,,0.0,0.2,100.0,0.0
2015-08-03,,,,,,,,,,,,,0.0,0.1,100.0,0.0
2015-08-04,,,,,,,,,,,,,0.0,0.1,100.0,0.0
2015-08-05,,,,,,,0.0,0.0,98.7,,,,0.0,0.1,100.0,0.0
2015-08-06,10.6,31.2,98.1,,,,,,,,,,0.0,0.1,100.0,0.0
2015-08-07,3.8,25.6,45.7,,,,,,,,,,0.0,0.0,100.0,0.0
2015-08-08,,,,,,,,,,,,,0.0,0.0,100.0,0.0
2015-08-09,,,,,,,,,,,,,0.0,0.1,100.0,0.0
2015-08-10,,,,,,,,,,,,,0.0,0.1,100.0,0.0
2015-08-11,3.5,25.4,46.3,,,,,,,,,,0.0,0.1,100.0,0.0
2015-08-12,,,,,,,,,,,,,0.0,0.1,100.0,0.0
2015-08-13,,,,,,,,,,,,,0.0,0.1,100.0,0.0
2015-08-14,,,,,,,,,,,,,0.0,0.2,100.0,0.0
2015-08-15,,,,,,,,,,,,,0.0,0.1,100.0,0.0
2015-08-16,,,,,,,,,,,,,0.0,0.2,100.0,0.0
2015-08-17,,,,,,,,,,,,,0.0,0.2,100.0,0.0
2015-08-18,4.6,27.2,97.7,,,,,,,,,,0.0,0.2,100.0,0.0
2015-08-19,,,,,,,,,,,,,0.0,0.3,100.0,0.0
2015-08-20,,,,,,,,,,,,,0.0,0.3,100.0,0.0
2015-08-21,,,,,,,0.0,0.0,78.9,,,,0.0,0.2,100.0,0.0
2015-08-22,,,,,,,,,,,,,0.0,0.2,100.0,0.0
2015-08-23,5.9,18.6,71.6,,,,,,,,,,0.0,0.2,100.0,0.0
2015-08-24,,,,,,,,,,,,,0.0,0.1,100.0,0.0
2015-08-25,,,,,,,,,,,,,0.0,0.2,100.0,0.0
2015-08-26,,,,,,,,,,,,,0.0,0.2,100.0,0.0
2015-08-27,,,,,,,,,,,,,0.0,0.1,100.0,0.0
2015-08-28,,,,,,,,,,,,,0.0,0.1,100.0,0.0
2015-08-29,,,,0.0,0.0,100.0,,,,,,,0.0,0.1,100.0,0.0
2015-08-30,13.1,26.2,97.7,,,,0.0,0.0,99.6,,,,0.0,0.1,100.0,0.0
2015-08-31,10.7,19.5,74.5,,,,,,,,,,0.0,0.1,100.0,0.0
2015-09-01,,,,,,,,,,,,,0.0,0.1,100.0,0.0
2015-09-02,,,,,,,,,,,,,0.0,0.1,100.0,0.0
2015-09-03,,,,,,,,,,,,,0.0,0.1,100.0,0.0
2015-09-04,10.7,21.7,82.7,,,,,,,,,,0.0,0.1,100.0,0.0
2015-09-05,,,,,,,,,,,,,0.0,0.1,100.0,0.0
2015-09-06,,,,,,,0.0,0.0,93.0,,,,0.0,0.1,100.0,0.0
2015-09-07,,,,,,,,,,,,,0.0,0.1,100.0,0.0
2015-09-08,,,,,,,,,,,,,0.0,0.1,100.0,0.0
2015-09-09,,,,,,,,,,,,,0.0,0.2,100.0,0.0
2015-09-10,,,,,,,,,,,,,0.0,0.2,100.0,0.0
2015-09-11,9.3,17.5,67.6,,,,,,,,,,0.0,0.4,100.0,0.0
2015-09-12,9.7,20.6,88.0,,,,,,,,,,0.0,0.3,100.0,0.0
2015-09-13,,,,,,,,,,,,,0.0,0.4,100.0,0.0
2015-09-14,,,,,,,,,,,,,0.0,0.6,100.0,0.0
2015-09-15,,,,,,,,,,,,,0.0,0.9,100.0,0.0
2015-09-16,9.2,17.6,60.2,,,,,,,,,,0.0,1.0,100.0,0.0
2015-09-17,,,,,,,,,,,,,0.0,1.1,100.0,0.0
2015-09-18,,,,0.0,0.0,35.6,,,,,,,0.0,1.3,100.0,0.0
2015-09-19,,,,,,,,,,,,,0.0,1.5,100.0,0.0
2015-09-20,,,,,,,,,,,,,0.0,1.6,100.0,0.0
2015-09-21,,,,,,,,,,,,,0.0,1.9,100.0,0.0
2015-09-22,,,,,,,,,,,,,0.0,2.8,100.0,0.0
2015-09-23,8.2,19.4,89.1,,,,,,,,,,0.0,3.0,100.0,0.0
2015-09-24,7.8,15.9,63.5,,,,,,,,,,0.0,2.8,100.0,0.0
2015-09-25,,,,,,,,,,,,,0.0,2.7,100.0,0.0
2015-09-26,,,,,,,,,,,,,0.0,2.6,100.0,0.0
2015-09-27,,,,,,,,,,,,,0.0,2.5,100.0,0.0
2015-09-28,4.4,14.8,73.6,0.0,0.0,72.1,,,,,,,0.0,2.5,100.0,0.0
2015-09-29,,,,,,,,,,,,,0.0,2.2,100.0,0.0
2015-09-30,,,,,,,,,,,,,0.0,2.1,100.0,0.0
2015-10-01,,,,,,,,,,,,,0.0,1.9,100.0,0.0
2015-10-02,,,,,,,,,,,,,0.0,1.9,100.0,0.0
2015-10-03,,,,,,,,,,,,,0.0,1.1,100.0,0.0
2015-10-04,,,,,,,,,,,,,0.0,1.1,100.0,0.0
2015-10-05,3.7,13.1,72.2,,,,,,,,,,0.0,0.9,100.0,0.0
2015-10-06,4.2,15.3,87.3,,,,,,,,,,0.0,1.1,100.0,0.0
2015-10-07,,,,,,,,,,,,,0.0,0.9,100.0,0.0
2015-10-08,,,,,,,,,,,,,0.0,0.9,100.0,0.0
2015-10-09,,,,,,,,,,,,,0.0,0.8,100.0,0.0
2015-10-10,3.4,13.5,70.9,,,,,,,,,,0.0,0.8,100.0,0.0
2015-10-11,,,,,,,,,,,,,0.0,0.6,100.0,0.0
2015-10-12,,,,,,,,,,,,,0.0,0.6,100.0,0.0
2015-10-13,,,,,,,,,,,,,0.0,0.6,100.0,0.0
2015-10-14,,,,,,,,,,,,,0.0,0.6,100.0,0.0
2015-10-15,,,,,,,,,,,,,0.0,0.7,100.0,0.0
2015-10-16,,,,,,,,,,,,,0.0,0.6,100.0,0.0
2015-10-17,3.1,17.3,90.5,,,,0.0,0.0,84.9,,,,0.0,0.7,100.0,0.0
2015-10-18,4.5,16.7,64.0,,,,,,,,,,0.0,0.6,100.0,0.0
2015-10-19,,,,,,,,,,,,,0.0,0.5,100.0,0.0
2015-10-20,,,,,,,,,,,,,0.0,0.4,100.0,0.0
2015-10-21,,,,,,,,,,,,,0.0,0.5,100.0,0.0
2015-10-22,,,,,,,,,,,,,0.0,0.5,100.0,0.0
2015-10-23,,,,,,,,,,,,,0.0,0.4,100.0,0.0
2015-10-24,,,,,,,,,,,,,0.0,0.5,100.0,0.0
2015-10-25,,,,,,,,,,,,,0.0,0.5,100.0,0.0
2015-10-26,,,,,,,,,,,,,0.0,0.6,100.0,0.0
2015-10-27,,,,,,,,,,,,,0.0,0.4,100.0,0.0
2015-10-28,,,,,,,,,,,,,0.0,0.5,100.0,0.0
2015-10-29,,,,,,,,,,,,,0.0,0.5,100.0,0.0
2015-10-30,12.9,27.1,86.1,,,,,,,,,,0.0,0.5,100.0,0.0
2015-10-31,,,,,,,,,,,,,0.0,0.5,100.0,0.0
2015-11-01,,,,,,,,,,,,,0.0,0.6,100.0,0.0
2015-11-02,,,,,,,0.0,0.0,98.7,,,,0.0,0.6,100.0,0.0
2015-11-03,8.8,22.7,82.7,,,,,,,,,,0.0,0.5,100.0,0.0
2015-11-04,,,,,,,,,,,,,0.0,0.6,100.0,0.0
2015-11-05,,,,,,,,,,,,,0.0,0.7,100.0,0.0
2015-11-06,,,,,,,,,,,,,0.0,0.9,100.0,0.0
2015-11-07,,,,,,,,,,,,,0.0,1.1,100.0,0.0
2015-11-08,,,,,,,,,,,,,0.0,1.2,100.0,0.0
2015-11-09,,,,,,,0.0,0.1,88.4,,,,0.0,1.4,100.0,0.0
2015-11-10,27.8,33.0,87.2,,,,,,,,,,0.0,1.8,100.0,0.0
2015-11-11,14.5,26.9,88.1,,,,,,,,,,0.0,1.9,100.0,0.0
2015-11-12,,,,,,,,,,,,,0.0,2.2,100.0,0.0
2015-11-13,,,,,,,,,,,,,0.0,3.2,100.0,0.0
2015-11-14,,,,,,,,,,,,,0.0,4.2,100.0,0.0
2015-11-15,32.9,35.7,82.7,,,,,,,,,,0.0,5.3,100.0,0.0
2015-11-16,,,,,,,,,,,,,0.0,6.1,100.0,0.0
2015-11-17,,,,0.0,0.1,100.0,,,,,,,0.0,7.3,100.0,0.0
2015-11-18,,,,,,,,,,,,,0.0,7.0,100.0,0.0
2015-11-19,,,,,,,,,,,,,0.0,7.8,100.0,0.0
2015-11-20,,,,,,,,,,,,,0.0,7.5,100.0,0.0
2015-11-21,,,,,,,,,,,,,0.0,9.0,100.0,0.0
2015-11-22,41.0,39.5,90.1,,,,,,,,,,0.0,8.8,100.0,0.0
2015-11-23,45.8,41.9,89.3,,,,,,,,,,0.0,11.7,100.0,0.0
2015-11-24,,,,,,,,,,,,,0.0,12.0,100.0,0.0
2015-11-25,,,,,,,,,,,,,0.0,20.1,100.0,0.0
2015-11-26,,,,,,,,,,,,,0.0,17.5,100.0,0.0
2015-11-27,68.6,49.3,81.2,0.0,1.5,99.4,,,,,,,0.0,26.1,100.0,0.0
2015-11-28,,,,,,,,,,,,,0.0,22.4,100.0,0.0
2015-11-29,,,,,,,,,,,,,0.2,32.2,100.0,0.2
2015-11-30,,,,,,,,,,,,,0.0,25.1,100.0,0.0
2015-12-01,,,,,,,,,,,,,0.4,36.4,100.0,0.4
2015-12-02,,,,,,,,,,,,,0.1,30.9,100.0,0.1
2015-12-03,,,,,,,,,,,,,4.3,41.8,100.0,4.3
2015-12-04,88.5,57.2,65.0,,,,,,,,,,0.5,35.2,100.0,0.5
2015-12-05,78.2,55.5,88.7,,,,,,,,,,12.8,41.2,100.0,12.8
2015-12-06,,,,,,,,,,,,,4.6,36.4,100.0,4.6
2015-12-07,,,,8.5,15.9,99.9,,,,,,,36.2,42.1,100.0,36.2
2015-12-08,,,,,,,,,,,,,18.1,36.2,100.0,18.1
2015-12-09,81.6,56.4,80.1,,,,,,,,,,21.0,35.8,100.0,21.0
2015-12-10,,,,,,,,,,,,,21.0,34.6,100.0,21.0
2015-12-11,,,,,,,,,,,,,25.8,34.8,100.0,25.8
2015-12-12,,,,,,,,,,,,,35.1,36.2,100.0,35.1
2015-12-13,,,,,,,,,,,,,26.9,33.7,100.0,26.9
2015-12-14,,,,,,,,,,,,,36.9,35.5,100.0,36.9
2015-12-15,,,,,,,,,,,,,36.4,36.2,100.0,36.4
2015-12-16,71.0,51.5,89.9,,,,,,,,,,38.8,38.2,100.0,38.8
2015-12-17,71.4,53.0,86.2,95.6,76.2,98.7,,,,,,,35.3,36.0,100.0,35.3
2015-12-18,,,,,,,,,,,,,34.2,34.8,100.0,34.2
2015-12-19,,,,,,,,,,,,,24.4,33.1,100.0,24.4
2015-12-20,,,,,,,2.1,8.1,58.1,,,,29.8,35.0,100.0,29.8
2015-12-21,77.4,59.4,80.4,,,,,,,,,,23.5,34.4,100.0,23.5
2015-12-22,,,,,,,,,,,,,22.4,34.7,100.0,22.4
2015-12-23,,,,,,,,,,,,,27.3,36.9,100.0,27.3
2015-12-24,,,,,,,,,,,,,31.7,41.3,100.0,31.7
2015-12-25,,,,,,,,,,,,,28.8,41.8,100.0,28.8
2015-12-26,,,,,,,,,,,,,35.8,45.2,100.0,35.8
2015-12-27,,,,,,,,,,,,,34.3,46.6,100.0,34.3
2015-12-28,87.4,63.4,64.2,,,,,,,,,,46.7,56.1,100.0,46.7
2015-12-29,87.6,63.5,75.7,,,,,,,,,,55.4,58.4,100.0,55.4
2015-12-30,,,,,,,,,,,,,67.0,64.3,100.0,67.0
2015-12-31,,,,,,,,,,,,,73.2,66.7,100.0,73.2
2016-01-01,,,,,,,,,,,,,98.2,74.6,100.0,98.2
2016-01-02,,,,,,,,,,,,,99.5,80.3,100.0,99.5
2016-01-03,,,,,,,,,,,,,99.9,82.6,100.0,99.9
2016-01-04,,,,,,,,,,,,,99.6,82.4,100.0,99.6
2016-01-05,,,,,,,,,,,,,99.9,84.2,100.0,99.9
2016-01-06,,,,,,,,,,,,,99.8,84.5,100.0,99.8
2016-01-07,,,,,,,,,,,,,100.0,88.3,100.0,100.0
2016-01-08,,,,,,,,,,,,,100.0,87.9,100.0,100.0
2016-01-09,96.5,70.1,69.0,,,,,,,,,,100.0,88.6,100.0,100.0
2016-01-10,99.5,76.8,67.5,,,,,,,,,,100.0,91.3,100.0,100.0
2016-01-11,,,,,,,,,,,,,100.0,92.3,100.0,100.0
2016-01-12,,,,,,,,,,,,,100.0,92.7,100.0,100.0
2016-01-13,,,,,,,,,,,,,100.0,92.3,100.0,100.0
2016-01-14,99.4,80.6,63.4,,,,,,,,,,100.0,92.8,100.0,100.0
2016-01-15,,,,,,,,,,,,,100.0,94.6,100.0,100.0
2016-01-16,,,,100.0,99.9,100.0,,,,,,,100.0,95.5,100.0,100.0
2016-01-17,,,,,,,,,,,,,100.0,95.6,100.0,100.0
2016-01-18,,,,,,,,,,,,,100.0,96.7,100.0,100.0
2016-01-19,,,,,,,,,,,,,100.0,97.9,100.0,100.0
2016-01-20,,,,,,,,,,,,,100.0,98.0,100.0,100.0
2016-01-21,99.6,86.0,51.3,,,,100.0,100.0,100.0,,,,100.0,98.8,100.0,100.0
2016-01-22,99.6,90.2,38.0,,,,,,,,,,100.0,98.8,100.0,100.0
2016-01-23,,,,,,,,,,,,,100.0,98.9,100.0,100.0
2016-01-24,,,,,,,,,,,,,100.0,98.9,100.0,100.0
2016-01-25,,,,,,,,,,,,,100.0,98.9,100.0,100.0
2016-01-26,99.7,83.4,68.2,100.0,99.9,100.0,,,,,,,100.0,99.0,100.0,100.0
2016-01-27,,,,,,,,,,,,,100.0,98.8,100.0,100.0
2016-01-28,,,,,,,,,,,,,100.0,98.6,100.0,100.0
2016-01-29,,,,,,,,,,,,,100.0,98.3,100.0,100.0
2016-01-30,,,,,,,,,,,,,100.0,97.6,100.0,100.0
2016-01-31,,,,,,,,,,,,,100.0,97.5,100.0,100.0
2016-02-01,,,,,,,,,,,,,100.0,96.9,100.0,100.0
2016-02-02,99.4,86.9,80.6,,,,,,,,,,100.0,97.0,100.0,100.0
2016-02-03,99.9,92.5,37.3,,,,,,,,,,100.0,96.7,100.0,100.0
2016-02-04,,,,,,,,,,,,,100.0,96.8,100.0,100.0
2016-02-05,,,,100.0,99.9,100.0,,,,,,,100.0,96.6,100.0,100.0
2016-02-06,,,,,,,100.0,100.0,100.0,,,,100.0,96.4,100.0,100.0
2016-02-07,99.9,88.8,70.9,,,,,,,,,,100.0,93.9,100.0,100.0
2016-02-08,,,,,,,,,,,,,100.0,92.9,100.0,100.0
2016-02-09,,,,,,,,,,,,,100.0,91.4,100.0,100.0
2016-02-10,,,,,,,,,,,,,100.0,89.5,100.0,100.0
2016-02-11,,,,,,,,,,,,,100.0,88.8,100.0,100.0
2016-02-12,,,,,,,,,,,,,100.0,89.9,100.0,100.0
2016-02-13,,,,,,,,,,,,,100.0,89.1,100.0,100.0
2016-02-14,99.9,94.8,37.4,,,,,,,,,,100.0,88.2,100.0,100.0
2016-02-15,99.4,91.6,73.8,,,,,,,,,,100.0,87.1,100.0,100.0
2016-02-16,,,,,,,,,,,,,100.0,88.3,100.0,100.0
2016-02-17,,,,,,,,,,,,,100.0,86.7,100.0,100.0
2016-02-18,,,,,,,,,,,,,100.0,87.7,100.0,100.0
2016-02-19,100.0,96.5,36.5,,,,,,,,,,100.0,86.6,100.0,100.0
2016-02-20,,,,,,,,,,,,,100.0,87.6,100.0,100.0
2016-02-21,,,,,,,,,,,,,100.0,82.4,100.0,100.0
2016-02-22,,,,,,,100.0,99.9,100.0,,,,100.0,86.5,100.0,100.0
2016-02-23,,,,,,,,,,,,,100.0,83.2,100.0,100.0
2016-02-24,,,,,,,,,,,,,100.0,86.2,100.0,100.0
2016-02-25,,,,,,,,,,,,,99.9,84.0,100.0,99.9
2016-02-26,99.9,93.5,79.4,,,,,,,,,,100.0,85.7,100.0,100.0
2016-02-27,99.7,96.1,77.6,,,,,,,,,,99.8,81.9,100.0,99.8
2016-02-28,,,,,,,,,,,,,100.0,81.9,100.0,100.0
2016-02-29,,,,,,,,,,,,,99.9,79.1,100.0,99.9
2016-03-01,,,,,,,,,,,,,100.0,77.3,100.0,100.0
2016-03-02,100.0,97.9,68.1,,,,,,,,,,96.0,73.0,100.0,96.0
2016-03-03,,,,,,,,,,,,,100.0,75.5,100.0,100.0
2016-03-04,,,,,,,,,,,,,99.7,75.1,100.0,99.7
2016-03-05,,,,,,,,,,,,,100.0,78.9,100.0,100.0
2016-03-06,,,,,,,,,,,,,100.0,81.7,100.0,100.0
2016-03-07,,,,,,,,,,,,,100.0,87.7,100.0,100.0
2016-03-08,,,,,,,,,,,,,100.0,90.4,100.0,100.0
2016-03-09,100.0,99.2,58.8,,,,100.0,99.9,100.0,,,,100.0,94.6,100.0,100.0
2016-03-10,99.9,96.8,72.9,,,,,,,,,,100.0,94.4,100.0,100.0
2016-03-11,,,,,,,,,,,,,100.0,95.3,100.0,100.0
2016-03-12,,,,,,,,,,,,,100.0,96.7,100.0,100.0
2016-03-13,,,,,,,,,,,,,100.0,97.1,100.0,100.0
2016-03-14,100.0,99.0,60.6,,,,,,,,,,100.0,97.2,100.0,100.0
2016-03-15,,,,,,,,,,,,,100.0,97.3,100.0,100.0
2016-03-16,,,,,,,,,,,,,100.0,97.6,100.0,100.0
2016-03-17,,,,,,,,,,,,,100.0,97.6,100.0,100.0
2016-03-18,,,,,,,,,,,,,100.0,97.7,100.0,100.0
2016-03-19,,,,,,,,,,,,,100.0,97.3,100.0,100.0
2016-03-20,,,,,,,,,,,,,100.0,98.1,100.0,100.0
2016-03-21,99.4,96.2,71.0,,,,,,,,,,100.0,98.4,100.0,100.0
2016-03-22,99.6,95.6,75.2,,,,,,,,,,100.0,98.7,100.0,100.0
2016-03-23,,,,,,,,,,,,,100.0,98.1,100.0,100.0
2016-03-24,,,,,,,,,,,,,100.0,98.3,100.0,100.0
2016-03-25,,,,,,,,,,,,,100.0,97.6,100.0,100.0
2016-03-26,99.9,95.2,62.2,100.0,99.9,100.0,,,,,,,100.0,98.2,100.0,100.0
2016-03-27,,,,,,,,,,,,,100.0,97.3,100.0,100.0
2016-03-28,,,,,,,,,,,,,100.0,97.2,100.0,100.0
2016-03-29,,,,,,,,,,,,,100.0,96.6,100.0,100.0
2016-03-30,,,,,,,,,,,,,100.0,96.6,100.0,100.0
2016-03-31,,,,,,,,,,,,,100.0,95.6,100.0,100.0
2016-04-01,,,,,,,,,,,,,100.0,95.2,100.0,100.0
2016-04-02,100.0,96.5,63.6,,,,,,,,,,99.9,94.6,100.0,99.9
2016-04-03,99.4,88.7,78.4,,,,,,,,,,99.7,92.7,100.0,99.7
2016-04-04,,,,,,,,,,,,,99.4,89.8,100.0,99.4
2016-04-05,,,,,,,,,,,,,98.3,87.4,100.0,98.3
2016-04-06,,,,,,,,,,,,,99.0,87.2,100.0,99.0
2016-04-07,99.4,86.3,76.6,,,,,,,,,,98.8,87.0,100.0,98.8
2016-04-08,,,,,,,,,,,,,98.6,85.6,100.0,98.6
2016-04-09,,,,,,,,,,,,,97.7,83.4,100.0,97.7
2016-04-10,,,,,,,100.0,99.6,82.1,,,,99.0,87.2,100.0,99.0
2016-04-11,,,,,,,,,,,,,97.3,85.0,100.0,97.3
2016-04-12,,,,,,,,,,,,,94.9,85.6,100.0,94.9
2016-04-13,,,,,,,,,,,,,93.3,84.3,100.0,93.3
2016-04-14,98.8,80.1,80.0,,,,,,,,,,92.6,85.7,100.0,92.6
2016-04-15,99.0,76.8,78.2,,,,,,,,,,92.6,86.3,100.0,92.6
2016-04-16,,,,,,,,,,,,,91.5,86.2,100.0,91.5
2016-04-17,,,,,,,,,,,,,93.5,87.8,100.0,93.5
2016-04-18,,,,,,,,,,,,,93.1,87.9,100.0,93.1
2016-04-19,96.6,71.2,78.2,,,,,,,,,,97.6,90.9,100.0,97.6
2016-04-20,,,,,,,,,,,,,96.9,91.5,100.0,96.9
2016-04-21,,,,,,,,,,,,,99.4,93.4,100.0,99.4
2016-04-22,,,,,,,,,,,,,99.0,92.5,100.0,99.0
2016-04-23,,,,,,,,,,,,,99.4,93.2,100.0,99.4
2016-04-24,,,,,,,,,,,,,99.6,93.7,100.0,99.6
2016-04-25,,,,100.0,99.9,82.7,,,,,,,99.9,95.2,100.0,99.9
2016-04-26,98.0,73.0,63.2,,,,,,,,,,100.0,94.6,100.0,100.0
2016-04-27,96.6,73.2,79.2,,,,,,,,,,100.0,95.6,100.0,100.0
2016-04-28,,,,,,,,,,,,,100.0,95.9,100.0,100.0
2016-04-29,,,,,,,,,,,,,100.0,96.0,100.0,100.0
2016-04-30,,,,,,,,,,,,,100.0,95.7,100.0,100.0
2016-05-01,98.0,77.6,77.6,,,,,,,,,,100.0,96.0,100.0,100.0
2016-05-02,,,,,,,,,,,,,100.0,95.7,100.0,100.0
2016-05-03,,,,,,,,,,,,,100.0,95.7,100.0,100.0
2016-05-04,,,,,,,,,,,,,100.0,95.5,100.0,100.0
2016-05-05,,,,100.0,96.7,100.0,,,,,,,100.0,96.3,100.0,100.0
2016-05-06,,,,,,,,,,,,,100.0,95.3,100.0,100.0
2016-05-07,,,,,,,,,,,,,100.0,94.9,100.0,100.0
2016-05-08,95.5,77.8,81.1,,,,,,,,,,100.0,94.4,100.0,100.0
2016-05-09,96.3,80.1,79.0,,,,,,,,,,100.0,93.8,100.0,100.0
2016-05-10,,,,,,,,,,,,,100.0,92.5,100.0,100.0
2016-05-11,,,,,,,,,,,,,100.0,91.3,100.0,100.0
2016-05-12,,,,,,,,,,,,,100.0,90.8,100.0,100.0
2016-05-13,96.8,80.6,76.0,,,,,,,,,,100.0,90.7,100.0,100.0
2016-05-14,,,,,,,,,,,,,100.0,90.1,100.0,100.0
2016-05-15,,,,97.8,89.8,95.5,,,,,,,100.0,90.3,100.0,100.0
2016-05-16,,,,,,,,,,,,,100.0,90.7,100.0,100.0
2016-05-17,,,,,,,,,,,,,100.0,90.1,100.0,100.0
2016-05-18,,,,,,,,,,,,,100.0,90.5,100.0,100.0
2016-05-19,,,,,,,,,,,,,99.9,88.2,100.0,99.9
2016-05-20,96.7,82.2,57.6,,,,,,,,,,100.0,89.8,100.0,100.0
2016-05-21,93.8,76.6,78.1,,,,,,,,,,99.6,87.4,100.0,99.6
2016-05-22,,,,,,,,,,,,,99.1,85.7,100.0,99.1
2016-05-23,,,,,,,,,,,,,96.4,82.9,100.0,96.4
2016-05-24,,,,,,,,,,,,,97.0,83.5,100.0,97.0
2016-05-25,95.7,77.1,75.6,90.6,81.2,75.2,,,,,,,90.9,80.8,100.0,90.9
2016-05-26,,,,,,,,,,,,,81.7,73.7,100.0,81.7
2016-05-27,,,,,,,,,,,,,73.2,67.9,100.0,73.2
2016-05-28,,,,,,,,,,,,,72.2,67.2,100.0,72.2
2016-05-29,,,,,,,,,,,,,61.9,61.6,100.0,61.9
2016-05-30,,,,,,,,,,,,,56.1,57.8,100.0,56.1
2016-05-31,,,,,,,,,,,,,52.9,55.6,100.0,52.9
2016-06-01,89.2,63.2,79.8,,,,,,,,,,53.6,55.3,100.0,53.6
2016-06-02,87.8,62.4,77.6,,,,,,,,,,52.8,54.6,100.0,52.8
2016-06-03,,,,,,,,,,,,,43.0,48.8,100.0,43.0
2016-06-04,,,,,,,,,,,,,49.6,52.6,100.0,49.6
2016-06-05,,,,,,,,,,,,,40.1,48.7,100.0,40.1
2016-06-06,72.1,49.1,73.8,,,,,,,,,,49.3,52.5,100.0,49.3
2016-06-07,,,,,,,,,,,,,22.3,45.4,100.0,22.3
2016-06-08,,,,,,,,,,,,,37.3,49.7,100.0,37.3
2016-06-09,,,,,,,,,,,,,18.8,44.4,100.0,18.8
2016-06-10,,,,,,,,,,,,,22.6,42.9,100.0,22.6
2016-06-11,,,,,,,,,,,,,6.1,34.3,100.0,6.1
2016-06-12,,,,,,,,,,,,,16.4,36.3,100.0,16.4
2016-06-13,,,,,,,,,,,,,1.8,31.4,100.0,1.8
2016-06-14,30.4,38.6,78.3,,,,,,,,,,15.8,33.1,100.0,15.8
2016-06-15,,,,,,,,,,,,,1.2,28.0,100.0,1.2
2016-06-16,,,,,,,,,,,,,9.5,29.1,100.0,9.5
2016-06-17,,,,,,,,,,,,,0.0,24.6,100.0,0.0
2016-06-18,,,,,,,,,,,,,7.7,25.3,100.0,7.7
2016-06-19,,,,,,,,,,,,,0.2,20.6,100.0,0.2
2016-06-20,,,,,,,,,,,,,0.6,20.2,100.0,0.6
2016-06-21,,,,,,,,,,,,,0.0,15.8,100.0,0.0
2016-06-22,,,,,,,,,,,,,0.0,14.8,100.0,0.0
2016-06-23,,,,,,,,,,,,,0.0,12.8,100.0,0.0
2016-06-24,,,,13.7,14.7,98.6,,,,,,,0.0,12.4,100.0,0.0
2016-06-25,,,,,,,,,,,,,0.0,11.8,100.0,0.0
2016-06-26,,,,,,,,,,,,,0.0,12.5,100.0,0.0
2016-06-27,,,,,,,,,,,,,0.0,12.2,100.0,0.0
2016-06-28,,,,,,,,,,,,,0.0,10.4,100.0,0.0
2016-06-29,,,,,,,,,,,,,0.0,11.3,100.0,0.0
2016-06-30,6.9,27.1,72.7,,,,,,,,,,0.0,10.6,100.0,0.0
2016-07-01,,,,,,,,,,,,,0.0,9.6,100.0,0.0
2016-07-02,,,,,,,,,,,,,0.0,8.4,100.0,0.0
2016-07-03,,,,,,,,,,,,,0.0,8.6,100.0,0.0
2016-07-04,,,,,,,,,,,,,0.0,8.4,100.0,0.0
2016-07-05,,,,,,,,,,,,,0.0,8.4,100.0,0.0
2016-07-06,,,,,,,,,,,,,0.0,9.1,100.0,0.0
2016-07-07,0.5,21.3,80.4,,,,,,,,,,0.0,9.5,100.0,0.0
2016-07-08,0.8,17.5,77.8,,,,,,,,,,0.0,9.3,100.0,0.0
2016-07-09,,,,,,,,,,,,,0.0,8.0,100.0,0.0
2016-07-10,,,,,,,,,,,,,0.0,6.5,100.0,0.0
2016-07-11,,,,,,,,,,,,,0.0,5.8,100.0,0.0
2016-07-12,,,,,,,,,,,,,0.0,5.6,100.0,0.0
2016-07-13,,,,,,,,,,,,,0.0,5.8,100.0,0.0
2016-07-14,,,,,,,,,,,,,0.0,6.4,100.0,0.0
2016-07-15,,,,,,,,,,,,,0.0,6.7,100.0,0.0
2016-07-16,,,,,,,,,,,,,0.0,6.2,100.0,0.0
2016-07-17,,,,,,,,,,,,,0.0,6.4,100.0,0.0
2016-07-18,,,,,,,,,,,,,0.0,4.8,100.0,0.0
2016-07-19,0.0,14.4,80.7,,,,,,,,,,0.0,4.0,100.0,0.0
2016-07-20,0.2,13.7,77.7,,,,,,,,,,0.0,3.1,100.0,0.0
2016-07-21,,,,,,,,,,,,,0.0,3.3,100.0,0.0
2016-07-22,,,,,,,,,,,,,0.0,3.2,100.0,0.0
2016-07-23,,,,,,,,,,,,,0.0,3.1,100.0,0.0
2016-07-24,0.1,11.6,73.2,0.0,0.1,100.0,,,,,,,0.0,1.9,100.0,0.0
2016-07-25,,,,,,,,,,,,,0.0,2.1,100.0,0.0
2016-07-26,,,,,,,,,,,,,0.0,2.0,100.0,0.0
2016-07-27,,,,,,,,,,,,,0.0,2.3,100.0,0.0
2016-07-28,,,,,,,,,,,,,0.0,2.1,100.0,0.0
2016-07-29,,,,,,,,,,,,,0.0,2.4,100.0,0.0
2016-07-30,,,,,,,,,,,,,0.0,2.0,100.0,0.0
2016-07-31,,,,,,,,,,,,,0.0,1.9,100.0,0.0
2016-08-01,1.0,11.2,31.6,,,,,,,,,,0.0,1.3,100.0,0.0
2016-08-02,,,,,,,,,,,,,0.0,1.3,100.0,0.0
2016-08-03,,,,0.0,0.0,100.0,,,,,,,0.0,1.0,100.0,0.0
2016-08-04,,,,,,,,,,,,,0.0,0.8,100.0,0.0
2016-08-05,0.0,11.2,72.8,,,,,,,,,,0.0,0.7,100.0,0.0
2016-08-06,,,,,,,,,,,,,0.0,0.7,100.0,0.0
2016-08-07,,,,,,,0.0,0.1,98.5,,,,0.0,0.6,100.0,0.0
2016-08-08,,,,,,,,,,,,,0.0,0.5,100.0,0.0
2016-08-09,,,,,,,,,,,,,0.0,0.4,100.0,0.0
2016-08-10,,,,,,,,,,,,,0.0,0.5,100.0,0.0
2016-08-11,,,,,,,,,,,,,0.0,0.7,100.0,0.0
2016-08-12,2.0,17.1,32.9,,,,,,,,,,0.0,0.5,100.0,0.0
2016-08-13,1.5,15.8,78.1,0.0,0.0,100.0,,,,,,,0.0,0.4,100.0,0.0
2016-08-14,,,,,,,,,,,,,0.0,0.4,100.0,0.0
2016-08-15,,,,,,,,,,,,,0.0,0.4,100.0,0.0
2016-08-16,,,,,,,0.0,0.0,51.4,,,,0.0,0.3,100.0,0.0
2016-08-17,3.0,17.2,36.2,,,,,,,,,,0.0,0.2,100.0,0.0
2016-08-18,,,,,,,,,,,,,0.0,0.2,100.0,0.0
2016-08-19,,,,,,,,,,,,,0.0,0.2,100.0,0.0
2016-08-20,,,,,,,,,,,,,0.0,0.1,100.0,0.0
2016-08-21,,,,,,,,,,,,,0.0,0.1,100.0,0.0
2016-08-22,,,,,,,,,,,,,0.0,0.1,100.0,0.0
2016-08-23,,,,0.0,0.0,100.0,0.0,0.0,99.7,,,,0.0,0.1,100.0,0.0
2016-08-24,5.0,18.1,79.2,,,,,,,,,,0.0,0.1,100.0,0.0
2016-08-25,11.5,23.9,41.2,,,,,,,,,,0.0,0.1,100.0,0.0
2016-08-26,,,,,,,,,,,,,0.0,0.1,100.0,0.0
2016-08-27,,,,,,,,,,,,,0.0,0.1,100.0,0.0
2016-08-28,,,,,,,,,,,,,0.0,0.1,100.0,0.0
2016-08-29,7.5,20.5,88.8,,,,,,,,,,0.0,0.1,100.0,0.0
2016-08-30,,,,,,,,,,,,,0.0,0.1,100.0,0.0
2016-08-31,,,,,,,,,,,,,0.0,0.1,100.0,0.0
2016-09-01,,,,,,,0.0,0.0,58.3,,,,0.0,0.1,100.0,0.0
2016-09-02,,,,0.0,0.0,99.9,,,,,,,0.0,0.1,100.0,0.0
2016-09-03,,,,,,,,,,,,,0.0,0.1,100.0,0.0
2016-09-04,,,,,,,,,,,,,0.0,0.1,100.0,0.0
2016-09-05,9.9,20.9,44.4,,,,,,,,,,0.0,0.1,100.0,0.0
2016-09-06,5.4,19.5,91.5,,,,,,,,,,0.0,0.1,100.0,0.0
2016-09-07,,,,,,,,,,,,,0.0,0.1,100.0,0.0
2016-09-08,,,,,,,0.0,0.0,95.5,,,,0.0,0.1,100.0,0.0
2016-09-09,,,,,,,,,,,,,0.0,0.1,100.0,0.0
2016-09-10,18.6,28.0,37.2,,,,,,,,,,0.0,0.1,100.0,0.0
2016-09-11,,,,,,,,,,,,,0.0,0.1,100.0,0.0
2016-09-12,,,,,,,,,,,,,0.0,0.1,100.0,0.0
2016-09-13,,,,,,,,,,,,,0.0,0.1,100.0,0.0
2016-09-14,,,,,,,,,,,,,0.0,0.1,100.0,0.0
2016-09-15,,,,,,,,,,,,,0.0,0.2,100.0,0.0
2016-09-16,,,,,,,,,,,,,0.0,0.3,100.0,0.0
2016-09-17,5.1,18.3,88.1,,,,,,,,,,0.0,0.3,100.0,0.0
2016-09-18,7.1,18.5,35.1,,,,,,,,,,0.0,0.2,100.0,0.0
2016-09-19,,,,,,,,,,,,,0.0,0.3,100.0,0.0
2016-09-20,,,,,,,,,,,,,0.0,0.3,100.0,0.0
2016-09-21,,,,,,,,,,,,,0.0,0.2,100.0,0.0
2016-09-22,1.5,14.3,78.4,0.0,0.0,100.0,,,,,,,0.0,0.2,100.0,0.0
2016-09-23,,,,,,,,,,,,,0.0,0.2,100.0,0.0
2016-09-24,,,,,,,0.0,0.0,99.7,,,,0.0,0.1,100.0,0.0
2016-09-25,,,,,,,,,,,,,0.0,0.1,100.0,0.0
2016-09-26,,,,,,,,,,,,,0.0,0.1,100.0,0.0
2016-09-27,,,,,,,,,,,,,0.0,0.1,100.0,0.0
2016-09-28,2.8,16.3,36.0,,,,,,,,,,0.0,0.2,100.0,0.0
2016-09-29,0.1,8.6,78.8,,,,,,,,,,0.0,0.2,100.0,0.0
2016-09-30,0.1,5.4,34.3,,,,,,,,,,0.0,0.2,100.0,0.0
2016-10-01,,,,,,,,,,,,,0.0,0.3,100.0,0.0
2016-10-02,,,,,,,,,,,,,0.0,0.4,100.0,0.0
2016-10-03,,,,,,,0.0,0.0,99.9,,,,0.0,0.4,100.0,0.0
2016-10-04,0.0,4.6,70.3,,,,,,,,,,0.0,0.4,100.0,0.0
2016-10-05,,,,,,,,,,,,,0.0,0.6,100.0,0.0
2016-10-06,0.0,4.6,37.1,,,,,,,,,,0.0,0.6,100.0,0.0
2016-10-07,,,,,,,,,,,,,0.0,0.7,100.0,0.0
2016-10-08,,,,,,,,,,,,,0.0,0.6,100.0,0.0
2016-10-09,,,,,,,,,,,,,0.0,0.9,100.0,0.0
2016-10-10,0.0,3.2,46.1,,,,0.0,0.0,72.4,,,,0.0,1.1,100.0,0.0
2016-10-11,0.0,3.2,47.9,,,,,,,,,,0.0,1.3,100.0,0.0
2016-10-12,0.0,4.8,89.9,0.0,0.0,100.0,,,,,,,0.0,1.1,100.0,0.0
2016-10-13,,,,,,,,,,,,,0.0,1.2,100.0,0.0
2016-10-14,,,,,,,,,,,,,0.0,1.6,100.0,0.0
2016-10-15,,,,,,,,,,,,,0.0,1.4,100.0,0.0
2016-10-16,0.0,2.7,48.5,,,,,,,,,,0.0,1.3,100.0,0.0
2016-10-17,,,,,,,,,,,,,0.0,1.4,100.0,0.0
2016-10-18,0.1,4.7,95.1,,,,,,,,,,0.0,1.9,100.0,0.0
2016-10-19,,,,,,,,,,,,,0.0,2.5,100.0,0.0
2016-10-20,,,,,,,,,,,,,0.0,2.7,100.0,0.0
2016-10-21,,,,,,,,,,,,,0.0,2.1,100.0,0.0
2016-10-22,0.0,2.2,37.7,0.0,0.0,100.0,,,,,,,0.0,2.2,100.0,0.0
2016-10-23,0.0,4.1,96.5,,,,,,,,,,0.0,2.2,100.0,0.0
2016-10-24,0.0,3.4,46.2,,,,,,,,,,0.0,2.0,100.0,0.0
2016-10-25,,,,,,,,,,,,,0.0,1.8,100.0,0.0
2016-10-26,,,,,,,,,,,,,0.0,1.8,100.0,0.0
2016-10-27,,,,,,,,,,,,,0.0,1.7,100.0,0.0
2016-10-28,0.0,3.2,87.6,,,,,,,,,,0.0,1.5,100.0,0.0
2016-10-29,,,,,,,,,,,,,0.0,1.3,100.0,0.0
2016-10-30,0.1,4.4,94.3,,,,,,,,,,0.0,1.2,100.0,0.0
2016-10-31,,,,,,,,,,,,,0.0,1.2,100.0,0.0
2016-11-01,,,,0.0,0.0,100.0,,,,,,,0.0,0.7,100.0,0.0
2016-11-02,,,,,,,,,,,,,0.0,0.7,100.0,0.0
2016-11-03,,,,,,,,,,,,,0.0,0.8,100.0,0.0
2016-11-04,0.0,3.9,96.3,,,,0.0,0.0,100.0,,,,0.0,0.9,100.0,0.0
2016-11-05,0.0,5.2,91.9,,,,,,,,,,0.0,0.7,100.0,0.0
2016-11-06,,,,,,,,,,,,,0.0,0.7,100.0,0.0
2016-11-07,,,,,,,,,,,,,0.0,0.7,100.0,0.0
2016-11-08,,,,,,,,,,,,,0.0,1.0,100.0,0.0
2016-11-09,0.0,3.4,87.2,,,,,,,,,,0.0,1.1,100.0,0.0
2016-11-10,,,,,,,,,,,,,0.0,1.5,100.0,0.0
2016-11-11,0.1,4.6,93.4,,,,,,,,,,0.0,1.7,100.0,0.0
2016-11-12,,,,,,,,,,,,,0.0,2.9,100.0,0.0
2016-11-13,,,,,,,,,,,,,0.0,2.7,100.0,0.0
2016-11-14,,,,,,,,,,,,,0.0,3.4,100.0,0.0
2016-11-15,,,,,,,,,,,,,0.0,3.3,100.0,0.0
2016-11-16,0.0,3.6,95.9,,,,,,,,,,0.0,4.5,100.0,0.0
2016-11-17,0.1,4.3,93.9,,,,,,,,,,0.0,3.8,100.0,0.0
2016-11-18,,,,,,,,,,,,,0.0,4.4,100.0,0.0
2016-11-19,,,,,,,,,,,,,0.0,4.2,100.0,0.0
2016-11-20,,,,,,,,,,,,,0.0,5.8,100.0,0.0
2016-11-21,0.0,3.0,89.1,,,,,,,,,,0.0,4.9,100.0,0.0
2016-11-22,,,,,,,,,,,,,0.0,5.9,100.0,0.0
2016-11-23,0.1,4.6,93.5,,,,,,,,,,0.0,5.3,100.0,0.0
2016-11-24,,,,,,,,,,,,,0.0,6.2,100.0,0.0
2016-11-25,,,,,,,,,,,,,0.0,5.0,100.0,0.0
2016-11-26,,,,,,,,,,,,,0.0,5.5,100.0,0.0
2016-11-27,,,,,,,0.1,0.9,94.2,,,,0.0,5.6,100.0,0.0
2016-11-28,0.4,4.7,96.3,,,,,,,,,,0.0,7.1,100.0,0.0
2016-11-29,0.5,6.4,93.6,,,,,,,,,,0.0,7.6,100.0,0.0
2016-11-30,,,,,,,,,,,,,0.1,9.7,100.0,0.1
2016-12-01,,,,0.0,0.5,100.0,,,,,,,0.2,11.7,100.0,0.2
2016-12-02,,,,,,,,,,,,,0.3,14.0,100.0,0.3
2016-12-03,1.1,5.2,86.0,,,,,,,,,,0.6,12.4,100.0,0.6
2016-12-04,,,,,,,,,,,,,0.9,14.3,100.0,0.9
2016-12-05,1.1,11.2,94.2,,,,,,,,,,2.3,17.3,100.0,2.3
2016-12-06,,,,,,,3.2,9.6,95.4,,,,2.8,21.9,100.0,2.8
2016-12-07,,,,,,,,,,,,,2.6,20.1,100.0,2.6
2016-12-08,,,,,,,,,,,,,3.5,24.3,100.0,3.5
2016-12-09,1.7,12.3,67.8,,,,,,,,,,5.1,26.9,100.0,5.1
2016-12-10,4.6,19.2,93.9,,,,,,,,,,9.1,32.5,100.0,9.1
2016-12-11,5.1,19.3,92.7,3.3,6.6,100.0,,,,,,,9.1,31.8,100.0,9.1
2016-12-12,,,,,,,,,,,,,10.2,35.8,100.0,10.2
2016-12-13,,,,,,,27.8,36.3,47.7,,,,15.2,39.8,100.0,15.2
2016-12-14,,,,,,,,,,,,,19.2,43.3,100.0,19.2
2016-12-15,8.7,20.9,84.6,,,,,,,,,,22.8,45.2,100.0,22.8
2016-12-16,,,,,,,,,,,,,25.1,48.6,100.0,25.1
2016-12-17,11.6,24.6,90.0,,,,,,,,,,39.7,53.1,100.0,39.7
2016-12-18,,,,,,,,,,,,,44.3,53.9,100.0,44.3
2016-12-19,,,,,,,,,,,,,55.9,57.0,100.0,55.9
2016-12-20,,,,,,,,,,,,,59.4,58.3,100.0,59.4
2016-12-21,,,,7.6,16.2,45.0,,,,,,,65.1,60.8,100.0,65.1
2016-12-22,10.4,22.5,92.8,,,,56.3,53.1,78.4,,,,70.1,63.2,100.0,70.1
2016-12-23,9.9,19.9,91.2,,,,,,,,,,71.5,64.0,100.0,71.5
2016-12-24,,,,,,,,,,,,,73.1,65.1,100.0,73.1
2016-12-25,,,,,,,,,,,,,75.2,65.7,100.0,75.2
2016-12-26,,,,,,,,,,,,,71.4,64.7,100.0,71.4
2016-12-27,11.3,15.7,84.2,,,,,,,,,,72.1,65.1,100.0,72.1
2016-12-28,,,,,,,,,,,,,69.6,64.5,100.0,69.6
2016-12-29,11.3,19.2,89.4,,,,89.9,80.7,49.5,,,,77.3,67.7,100.0,77.3
2016-12-30,,,,,,,,,,,,,82.1,69.4,100.0,82.1
2016-12-31,,,,23.4,37.0,99.9,,,,,,,85.5,70.7,100.0,85.5
2017-01-01,,,,,,,,,,,,,95.9,74.2,100.0,95.9
2017-01-02,10.7,22.2,70.4,,,,,,,,,,95.3,74.7,100.0,95.3
2017-01-03,28.6,34.1,86.4,,,,,,,,,,98.2,75.9,100.0,98.2
2017-01-04,43.7,40.9,92.6,,,,,,,,,,98.7,78.1,100.0,98.7
2017-01-05,,,,,,,,,,,,,99.3,79.2,100.0,99.3
2017-01-06,,,,,,,,,,,,,99.3,80.1,100.0,99.3
2017-01-07,,,,,,,100.0,99.9,99.9,,,,99.7,86.0,100.0,99.7
2017-01-08,62.0,49.1,87.0,,,,,,,,,,99.8,86.5,100.0,99.8
2017-01-09,,,,,,,,,,,,,99.9,87.6,100.0,99.9
2017-01-10,85.5,58.8,91.9,,,,,,,,,,99.9,89.2,100.0,99.9
2017-01-11,,,,,,,,,,,,,99.9,87.5,100.0,99.9
2017-01-12,,,,,,,,,,,,,99.9,87.6,100.0,99.9
2017-01-13,,,,,,,,,,,,,99.9,87.1,100.0,99.9
2017-01-14,99.1,77.0,85.6,,,,,,,,,,99.9,89.4,100.0,99.9
2017-01-15,99.8,84.1,92.5,,,,,,,,,,100.0,89.0,100.0,100.0
2017-01-16,99.4,82.4,90.6,,,,,,,,,,100.0,90.2,100.0,100.0
2017-01-17,,,,,,,,,,,,,100.0,91.7,100.0,100.0
2017-01-18,,,,,,,,,,,,,100.0,93.3,100.0,100.0
2017-01-19,,,,,,,,,,,,,100.0,93.6,100.0,100.0
2017-01-20,99.9,85.2,80.6,,,,,,,,,,100.0,95.1,100.0,100.0
2017-01-21,,,,,,,,,,,,,100.0,95.1,100.0,100.0
2017-01-22,99.7,89.8,85.6,,,,,,,,,,100.0,96.1,100.0,100.0
2017-01-23,,,,,,,100.0,100.0,100.0,,,,100.0,96.9,100.0,100.0
2017-01-24,,,,,,,,,,,,,100.0,97.0,100.0,100.0
2017-01-25,,,,,,,,,,,,,100.0,97.4,100.0,100.0
2017-01-26,100.0,94.7,76.4,,,,,,,,,,100.0,98.3,100.0,100.0
2017-01-27,100.0,95.0,83.3,,,,,,,,,,100.0,98.2,100.0,100.0
2017-01-28,99.7,91.5,77.2,,,,,,,,,,100.0,98.2,100.0,100.0
2017-01-29,,,,,,,,,,,,,100.0,98.0,100.0,100.0
2017-01-30,,,,,,,,,,,,,100.0,98.2,100.0,100.0
2017-01-31,,,,,,,,,,,,,100.0,97.6,100.0,100.0
2017-02-01,100.0,93.2,92.8,,,,,,,,,,100.0,97.8,100.0,100.0
2017-02-02,,,,,,,,,,,,,100.0,96.9,100.0,100.0
2017-02-03,99.7,91.8,86.1,,,,,,,,,,100.0,97.8,100.0,100.0
2017-02-04,,,,,,,,,,,,,100.0,97.4,100.0,100.0
2017-02-05,,,,,,,,,,,,,100.0,97.7,100.0,100.0
2017-02-06,,,,,,,,,,,,,100.0,97.1,100.0,100.0
2017-02-07,100.0,95.7,74.8,,,,,,,,,,100.0,97.8,100.0,100.0
2017-02-08,100.0,93.1,82.7,,,,,,,,,,100.0,97.6,100.0,100.0
2017-02-09,99.6,90.8,80.3,100.0,99.7,99.5,,,,,,,100.0,98.4,100.0,100.0
2017-02-10,,,,,,,,,,,,,100.0,97.7,100.0,100.0
2017-02-11,,,,,,,,,,,,,100.0,98.1,100.0,100.0
2017-02-12,,,,,,,,,,,,,100.0,98.4,100.0,100.0
2017-02-13,100.0,92.2,72.1,,,,,,,,,,100.0,98.7,100.0,100.0
2017-02-14,,,,,,,,,,,,,100.0,98.5,100.0,100.0
2017-02-15,99.4,89.8,80.9,,,,100.0,100.0,92.6,,,,100.0,99.1,100.0,100.0
2017-02-16,,,,,,,,,,,,,100.0,98.9,100.0,100.0
2017-02-17,,,,,,,,,,,,,100.0,99.1,100.0,100.0
2017-02-18,,,,,,,,,,,,,100.0,99.0,100.0,100.0
2017-02-19,100.0,94.4,72.6,100.0,99.7,100.0,,,,,,,100.0,99.3,100.0,100.0
2017-02-20,100.0,93.0,80.3,,,,,,,,,,100.0,99.0,100.0,100.0
2017-02-21,99.7,93.5,96.4,,,,,,,,,,100.0,99.1,100.0,100.0
2017-02-22,,,,,,,,,,,,,100.0,99.0,100.0,100.0
2017-02-23,,,,,,,,,,,,,100.0,98.9,100.0,100.0
2017-02-24,,,,,,,,,,,,,100.0,98.7,100.0,100.0
2017-02-25,100.0,93.7,76.4,,,,,,,,,,100.0,98.8,100.0,100.0
2017-02-26,,,,,,,,,,,,,100.0,98.6,100.0,100.0
2017-02-27,99.5,93.6,88.2,,,,,,,,,,100.0,98.4,100.0,100.0
2017-02-28,,,,,,,,,,,,,100.0,97.6,100.0,100.0
2017-03-01,,,,,,,,,,,,,100.0,97.7,100.0,100.0
2017-03-02,,,,,,,,,,,,,100.0,97.7,100.0,100.0
2017-03-03,100.0,95.1,74.1,,,,,,,,,,100.0,97.2,100.0,100.0
2017-03-04,100.0,94.9,80.8,,,,,,,,,,100.0,96.7,100.0,100.0
2017-03-05,99.5,91.9,80.7,,,,,,,,,,100.0,97.8,100.0,100.0
2017-03-06,,,,,,,,,,,,,100.0,97.6,100.0,100.0
2017-03-07,,,,,,,,,,,,,100.0,97.9,100.0,100.0
2017-03-08,,,,,,,,,,,,,100.0,97.7,100.0,100.0
2017-03-09,100.0,91.5,90.4,,,,,,,,,,100.0,98.2,100.0,100.0
2017-03-10,100.0,95.9,48.0,,,,,,,,,,100.0,98.2,100.0,100.0
2017-03-11,98.8,89.7,98.1,100.0,99.7,100.0,,,,,,,100.0,98.9,100.0,100.0
2017-03-12,,,,,,,,,,,,,100.0,98.2,100.0,100.0
2017-03-13,,,,,,,,,,,,,100.0,98.5,100.0,100.0
2017-03-14,,,,,,,,,,,,,100.0,97.9,100.0,100.0
2017-03-15,99.4,88.0,86.7,,,,,,,,,,100.0,98.4,100.0,100.0
2017-03-16,100.0,93.3,45.8,,,,,,,,,,100.0,98.2,100.0,100.0
2017-03-17,99.0,84.1,96.7,,,,,,,,,,100.0,98.5,100.0,100.0
2017-03-18,,,,,,,,,,,,,100.0,97.8,100.0,100.0
2017-03-19,,,,,,,100.0,100.0,56.9,,,,100.0,98.4,100.0,100.0
2017-03-20,,,,,,,,,,,,,100.0,97.9,100.0,100.0
2017-03-21,98.6,81.1,93.8,100.0,99.8,100.0,,,,,,,100.0,98.5,100.0,100.0
2017-03-22,,,,,,,,,,,,,100.0,97.3,100.0,100.0
2017-03-23,99.2,85.3,36.7,,,,,,,,,,100.0,97.3,100.0,100.0
2017-03-24,,,,,,,,,,,,,100.0,96.8,100.0,100.0
2017-03-25,,,,,,,,,,,,,100.0,97.2,100.0,100.0
2017-03-26,,,,,,,,,,,,,100.0,96.9,100.0,100.0
2017-03-27,98.2,80.7,95.5,,,,,,,,,,100.0,97.4,100.0,100.0
2017-03-28,95.9,77.8,97.5,,,,100.0,99.9,41.3,,,,100.0,97.3,100.0,100.0
2017-03-29,99.9,88.1,37.4,,,,,,,,,,100.0,97.2,100.0,100.0
2017-03-30,,,,,,,,,,,,,100.0,97.2,100.0,100.0
2017-03-31,,,,100.0,98.9,100.0,,,,,,,100.0,97.6,100.0,100.0
2017-04-01,,,,,,,,,,,,,100.0,97.0,100.0,100.0
2017-04-02,96.6,80.9,93.0,,,,,,,,,,100.0,97.1,100.0,100.0
2017-04-03,99.9,93.5,42.7,,,,,,,,,,100.0,97.0,100.0,100.0
2017-04-04,97.4,84.4,92.9,,,,,,,,,,100.0,97.3,100.0,100.0
2017-04-05,,,,,,,,,,,,,100.0,97.0,100.0,100.0
2017-04-06,,,,,,,,,,,,,100.0,97.0,100.0,100.0
2017-04-07,,,,,,,,,,,,,100.0,96.9,100.0,100.0
2017-04-08,100.0,96.1,44.1,,,,,,,,,,100.0,97.0,100.0,100.0
2017-04-09,96.1,84.3,94.2,,,,,,,,,,100.0,97.2,100.0,100.0
2017-04-10,99.2,93.7,46.9,100.0,99.4,99.8,,,,,,,100.0,97.7,100.0,100.0
2017-04-11,,,,,,,,,,,,,100.0,97.3,100.0,100.0
2017-04-12,,,,,,,,,,,,,100.0,97.3,100.0,100.0
2017-04-13,,,,,,,100.0,98.5,73.1,,,,100.0,97.5,100.0,100.0
2017-04-14,98.9,86.6,87.4,,,,,,,,,,100.0,97.3,100.0,100.0
2017-04-15,100.0,97.6,42.8,,,,,,,,,,100.0,97.0,100.0,100.0
2017-04-16,98.4,87.2,88.1,,,,,,,,,,100.0,97.0,100.0,100.0
2017-04-17,,,,,,,,,,,,,100.0,96.6,100.0,100.0
2017-04-18,,,,,,,,,,,,,100.0,96.5,100.0,100.0
2017-04-19,,,,,,,,,,,,,100.0,96.4,100.0,100.0
2017-04-20,98.9,86.6,85.9,99.7,97.8,100.0,,,,,,,100.0,97.2,100.0,100.0
2017-04-21,99.9,97.2,42.7,,,,,,,,,,100.0,96.2,100.0,100.0
2017-04-22,99.1,88.6,94.3,,,,,,,,,,100.0,96.1,100.0,100.0
2017-04-23,,,,,,,,,,,,,100.0,94.8,100.0,100.0
2017-04-24,,,,,,,,,,,,,100.0,94.6,100.0,100.0
2017-04-25,,,,,,,,,,,,,100.0,94.1,100.0,100.0
2017-04-26,99.6,95.7,44.4,,,,,,,,,,100.0,93.6,100.0,100.0
2017-04-27,99.7,93.1,48.8,,,,,,,,,,99.9,93.1,100.0,99.9
2017-04-28,99.8,92.3,50.4,,,,,,,,,,99.8,93.0,100.0,99.8
2017-04-29,,,,,,,99.6,87.0,72.2,,,,99.8,93.3,100.0,99.8
2017-04-30,,,,99.2,97.2,100.0,,,,,,,99.7,93.7,100.0,99.7
2017-05-01,,,,,,,,,,,,,99.7,93.6,100.0,99.7
2017-05-02,99.1,89.7,90.7,,,,,,,,,,99.4,92.9,100.0,99.4
2017-05-03,99.6,91.4,51.6,,,,,,,,,,99.3,93.4,100.0,99.3
2017-05-04,99.1,88.5,94.4,,,,,,,,,,98.9,92.7,100.0,98.9
2017-05-05,,,,95.8,93.1,100.0,,,,,,,98.8,93.3,100.0,98.8
2017-05-06,,,,,,,,,,,,,97.9,91.5,100.0,97.9
2017-05-07,,,,,,,,,,,,,98.2,91.7,100.0,98.2
2017-05-08,99.9,91.9,46.6,,,,,,,,,,97.7,91.7,100.0,97.7
2017-05-09,99.2,88.1,97.0,,,,,,,,,,97.2,91.7,100.0,97.2
2017-05-10,100.0,94.5,35.4,85.5,75.7,100.0,,,,,,,95.9,90.4,100.0,95.9
2017-05-11,,,,,,,,,,,,,96.3,89.5,100.0,96.3
2017-05-12,,,,,,,,,,,,,96.0,89.4,100.0,96.0
2017-05-13,,,,,,,,,,,,,95.5,88.5,100.0,95.5
2017-05-14,99.6,91.2,88.1,,,,,,,,,,94.7,87.9,100.0,94.7
2017-05-15,99.8,92.9,48.5,,,,,,,,,,94.4,85.5,100.0,94.4
2017-05-16,100.0,92.8,93.1,,,,,,,,,,93.9,85.8,100.0,93.9
2017-05-17,,,,,,,,,,,,,92.6,82.9,100.0,92.6
2017-05-18,,,,,,,,,,,,,92.1,81.7,100.0,92.1
2017-05-19,,,,,,,,,,,,,92.9,80.6,100.0,92.9
2017-05-20,100.0,96.1,48.6,,,,,,,,,,93.9,82.1,100.0,93.9
2017-05-21,99.8,92.8,95.6,,,,,,,,,,94.0,81.6,100.0,94.0
2017-05-22,100.0,96.1,48.1,,,,,,,,,,85.4,76.9,100.0,85.4
2017-05-23,,,,,,,,,,,,,81.6,74.4,100.0,81.6
2017-05-24,,,,,,,,,,,,,68.9,69.9,100.0,68.9
2017-05-25,,,,,,,,,,,,,44.8,60.2,100.0,44.8
2017-05-26,100.0,92.9,89.0,,,,,,,,,,34.5,48.1,100.0,34.5
2017-05-27,100.0,96.6,47.3,,,,,,,,,,28.7,41.8,100.0,28.7
2017-05-28,99.7,90.3,92.6,,,,,,,,,,23.6,36.4,100.0,23.6
2017-05-29,,,,,,,,,,,,,20.8,33.2,100.0,20.8
2017-05-30,,,,,,,,,,,,,16.9,27.9,100.0,16.9
2017-05-31,,,,,,,,,,,,,14.7,26.3,100.0,14.7
2017-06-01,99.6,90.4,88.9,,,,,,,,,,15.0,25.3,100.0,15.0
2017-06-02,99.2,86.6,96.6,,,,,,,,,,14.7,23.6,100.0,14.7
2017-06-03,98.5,81.1,93.5,,,,,,,,,,13.0,22.1,100.0,13.0
2017-06-04,,,,,,,,,,,,,8.6,19.4,100.0,8.6
2017-06-05,,,,,,,,,,,,,8.5,18.3,100.0,8.5
2017-06-06,,,,,,,,,,,,,8.8,19.0,100.0,8.8
2017-06-07,98.0,77.5,88.2,,,,,,,,,,10.2,20.8,100.0,10.2
2017-06-08,90.4,68.2,96.3,,,,0.0,0.0,34.5,,,,5.1,18.4,100.0,5.1
2017-06-09,89.4,64.6,94.0,,,,,,,,,,2.6,16.3,100.0,2.6
2017-06-10,,,,,,,,,,,,,0.0,12.3,100.0,0.0
2017-06-11,,,,,,,,,,,,,0.0,9.8,100.0,0.0
2017-06-12,,,,,,,,,,,,,0.0,6.7,100.0,0.0
2017-06-13,79.2,58.9,89.5,,,,,,,,,,0.0,5.0,100.0,0.0
2017-06-14,52.9,45.4,96.8,,,,,,,,,,0.0,4.0,100.0,0.0
2017-06-15,47.5,42.2,93.8,,,,,,,,,,0.0,3.8,100.0,0.0
2017-06-16,,,,,,,0.0,0.0,31.8,,,,0.0,4.0,100.0,0.0
2017-06-17,,,,,,,,,,,,,0.0,3.8,100.0,0.0
2017-06-18,,,,,,,,,,,,,0.0,3.6,100.0,0.0
2017-06-19,29.7,34.4,90.0,0.6,1.2,58.2,,,,,,,0.0,3.6,100.0,0.0
2017-06-20,17.5,27.4,97.0,,,,,,,,,,0.0,3.5,100.0,0.0
2017-06-21,,,,,,,,,,,,,0.0,3.0,100.0,0.0
2017-06-22,,,,,,,,,,,,,0.0,2.9,100.0,0.0
2017-06-23,,,,,,,,,,,,,0.0,2.9,100.0,0.0
2017-06-24,,,,,,,,,,,,,0.0,4.0,100.0,0.0
2017-06-25,,,,,,,,,,,,,0.0,4.1,100.0,0.0
2017-06-26,7.3,18.8,97.7,,,,,,,,,,0.0,4.5,100.0,0.0
2017-06-27,6.8,16.7,92.8,,,,,,,,,,0.0,5.6,100.0,0.0
2017-06-28,,,,,,,,,,,,,0.0,5.5,100.0,0.0
2017-06-29,,,,,,,,,,,,,0.0,5.1,100.0,0.0
2017-06-30,,,,,,,,,,,,,0.0,4.3,100.0,0.0
2017-07-01,9.3,15.7,88.7,,,,,,,,,,0.0,4.4,100.0,0.0
2017-07-02,5.7,13.7,96.7,,,,,,,,,,0.0,5.0,100.0,0.0
2017-07-03,4.1,11.3,94.6,,,,,,,,,,0.0,4.3,100.0,0.0
2017-07-04,,,,0.1,0.3,100.0,,,,,,,0.0,3.6,100.0,0.0
2017-07-05,,,,,,,,,,,,,0.0,3.3,100.0,0.0
2017-07-06,,,,,,,,,,,,,0.0,3.2,100.0,0.0
2017-07-07,,,,,,,,,,,,,0.0,3.0,100.0,0.0
2017-07-08,,,,,,,,,,,,,0.0,2.6,100.0,0.0
2017-07-09,1.9,9.4,93.6,,,,,,,,,,0.0,2.2,100.0,0.0
2017-07-10,,,,,,,,,,,,,0.0,2.1,100.0,0.0
2017-07-11,,,,,,,,,,,,,0.0,2.5,100.0,0.0
2017-07-12,,,,,,,,,,,,,0.0,2.9,100.0,0.0
2017-07-13,3.0,9.7,90.7,,,,,,,,,,0.0,2.9,100.0,0.0
2017-07-14,6.4,14.5,97.2,0.0,0.0,71.2,,,,,,,0.0,3.2,100.0,0.0
2017-07-15,9.8,17.8,94.5,,,,,,,,,,0.0,3.7,100.0,0.0
2017-07-16,,,,,,,,,,,,,0.0,3.7,100.0,0.0
2017-07-17,,,,,,,,,,,,,0.0,3.2,100.0,0.0
2017-07-18,,,,,,,,,,,,,0.0,3.0,100.0,0.0
2017-07-19,11.1,18.9,90.7,,,,,,,,,,0.0,2.9,100.0,0.0
2017-07-20,9.4,16.1,97.2,,,,,,,,,,0.0,2.7,100.0,0.0
2017-07-21,11.4,19.2,94.3,,,,,,,,,,0.0,2.4,100.0,0.0
2017-07-22,,,,,,,,,,,,,0.0,3.3,100.0,0.0
2017-07-23,,,,,,,,,,,,,0.0,3.0,100.0,0.0
2017-07-24,,,,,,,,,,,,,0.0,2.5,100.0,0.0
2017-07-25,13.4,21.2,87.9,,,,,,,,,,0.0,2.2,100.0,0.0
2017-07-26,9.1,19.0,96.7,,,,,,,,,,0.0,2.8,100.0,0.0
2017-07-27,8.8,18.6,93.8,,,,,,,,,,0.0,2.5,100.0,0.0
2017-07-28,,,,,,,,,,,,,0.0,1.9,100.0,0.0
2017-07-29,,,,0.0,0.0,100.0,,,,,,,0.0,1.3,100.0,0.0
2017-07-30,,,,,,,,,,,,,0.0,1.7,100.0,0.0
2017-07-31,14.3,23.5,88.5,,,,,,,,,,0.0,1.2,100.0,0.0
2017-08-01,16.7,26.0,97.2,,,,,,,,,,0.0,1.0,100.0,0.0
2017-08-02,,,,,,,,,,,,,0.0,0.7,100.0,0.0
2017-08-03,,,,,,,,,,,,,0.0,0.9,100.0,0.0
2017-08-04,,,,,,,,,,,,,0.0,0.7,100.0,0.0
2017-08-05,,,,,,,,,,,,,0.0,0.7,100.0,0.0
2017-08-06,17.1,24.8,90.6,,,,,,,,,,0.0,0.8,100.0,0.0
2017-08-07,15.3,21.3,96.5,,,,,,,,,,0.0,0.9,100.0,0.0
2017-08-08,13.8,19.7,92.5,,,,,,,,,,0.0,0.8,100.0,0.0
2017-08-09,,,,,,,,,,,,,0.0,0.9,100.0,0.0
2017-08-10,,,,,,,,,,,,,0.0,0.9,100.0,0.0
2017-08-11,,,,,,,,,,,,,0.0,1.1,100.0,0.0
2017-08-12,12.8,16.5,88.4,,,,,,,,,,0.0,1.1,100.0,0.0
2017-08-13,7.2,10.9,95.3,0.0,0.0,100.0,,,,,,,0.0,1.1,100.0,0.0
2017-08-14,3.3,7.4,92.1,,,,,,,,,,0.0,1.0,100.0,0.0
2017-08-15,,,,,,,,,,,,,0.0,1.0,100.0,0.0
2017-08-16,,,,,,,,,,,,,0.0,1.0,100.0,0.0
2017-08-17,,,,,,,,,,,,,0.0,1.1,100.0,0.0
2017-08-18,5.2,7.9,91.3,0.0,0.0,100.0,,,,,,,0.0,0.6,100.0,0.0
2017-08-19,6.4,8.8,95.7,,,,,,,,,,0.0,0.7,100.0,0.0
2017-08-20,6.3,8.5,90.0,,,,,,,,,,0.0,0.6,100.0,0.0
2017-08-21,,,,,,,,,,,,,0.0,0.8,100.0,0.0
2017-08-22,,,,,,,,,,,,,0.0,0.5,100.0,0.0
2017-08-23,,,,0.0,0.0,100.0,,,,,,,0.0,0.4,100.0,0.0
2017-08-24,7.5,9.7,91.4,,,,,,,,,,0.0,0.4,100.0,0.0
2017-08-25,6.6,9.4,98.8,,,,,,,,,,0.0,0.5,100.0,0.0
2017-08-26,7.4,10.1,96.0,,,,,,,,,,0.0,0.4,100.0,0.0
2017-08-27,,,,,,,,,,,,,0.0,0.4,100.0,0.0
2017-08-28,,,,,,,,,,,,,0.0,0.4,100.0,0.0
2017-08-29,,,,,,,,,,,,,0.0,0.5,100.0,0.0
2017-08-30,9.4,11.9,92.3,,,,,,,,,,0.0,0.5,100.0,0.0
2017-08-31,10.9,13.2,97.4,,,,,,,,,,0.0,0.7,100.0,0.0
2017-09-01,7.8,11.5,94.8,,,,,,,,,,0.0,0.9,100.0,0.0
2017-09-02,,,,,,,,,,,,,0.0,1.1,100.0,0.0
2017-09-03,,,,,,,,,,,,,0.0,1.4,100.0,0.0
2017-09-04,,,,,,,,,,,,,0.0,1.6,100.0,0.0
2017-09-05,9.5,10.2,91.2,,,,,,,,,,0.0,1.7,100.0,0.0
2017-09-06,8.0,9.6,98.3,,,,,,,,,,0.0,1.9,100.0,0.0
2017-09-07,7.8,8.9,97.0,0.0,0.0,36.5,,,,,,,0.0,2.2,100.0,0.0
2017-09-08,,,,,,,,,,,,,0.0,2.5,100.0,0.0
2017-09-09,,,,,,,,,,,,,0.0,2.2,100.0,0.0
2017-09-10,,,,,,,,,,,,,0.0,2.6,100.0,0.0
2017-09-11,6.6,8.3,90.5,,,,,,,,,,0.0,2.7,100.0,0.0
2017-09-12,5.0,7.4,95.6,,,,,,,,,,0.0,3.1,100.0,0.0
2017-09-13,4.1,6.3,92.4,,,,,,,,,,0.0,2.8,100.0,0.0
2017-09-14,,,,,,,,,,,,,0.0,2.7,100.0,0.0
2017-09-15,,,,,,,,,,,,,0.0,3.0,100.0,0.0
2017-09-16,,,,,,,,,,,,,0.0,2.5,100.0,0.0
2017-09-17,3.1,5.9,90.4,,,,,,,,,,0.0,1.6,100.0,0.0
2017-09-18,1.6,4.9,96.6,,,,,,,,,,0.0,1.3,100.0,0.0
2017-09-19,1.8,4.4,95.6,,,,,,,,,,0.0,1.4,100.0,0.0
2017-09-20,,,,,,,0.0,0.6,41.3,,,,0.0,1.5,100.0,0.0
2017-09-21,,,,,,,,,,,,,0.0,1.2,100.0,0.0
2017-09-22,,,,0.0,0.0,100.0,,,,,,,0.0,1.0,100.0,0.0
2017-09-23,1.1,3.9,90.4,,,,,,,,,,0.0,1.0,100.0,0.0
2017-09-24,1.7,5.9,94.8,,,,,,,,,,0.0,1.1,100.0,0.0
2017-09-25,2.6,8.6,95.2,,,,,,,,,,0.0,1.0,100.0,0.0
2017-09-26,,,,,,,,,,,,,0.0,0.9,100.0,0.0
2017-09-27,,,,,,,,,,,,,0.0,1.1,100.0,0.0
2017-09-28,,,,,,,,,,,,,0.0,1.1,100.0,0.0
2017-09-29,3.8,11.1,91.0,,,,,,,,,,0.0,0.9,100.0,0.0
2017-09-30,2.9,10.0,97.9,,,,,,,,,,0.0,1.2,100.0,0.0
2017-10-01,4.3,12.1,95.7,,,,,,,,,,0.0,1.3,100.0,0.0
2017-10-02,,,,,,,,,,,,,0.0,1.0,100.0,0.0
2017-10-03,,,,,,,,,,,,,0.0,0.9,100.0,0.0
2017-10-04,,,,,,,,,,,,,0.0,1.1,100.0,0.0
2017-10-05,4.9,13.6,90.6,,,,,,,,,,0.0,1.2,100.0,0.0
2017-10-06,4.0,11.3,91.2,,,,,,,,,,0.0,1.1,100.0,0.0
2017-10-07,3.0,10.0,94.2,0.0,0.0,100.0,,,,,,,0.0,0.8,100.0,0.0
2017-10-08,,,,,,,,,,,,,0.0,1.0,100.0,0.0
2017-10-09,,,,,,,,,,,,,0.0,0.8,100.0,0.0
2017-10-10,,,,,,,,,,,,,0.0,0.6,100.0,0.0
2017-10-11,4.0,11.0,87.7,,,,,,,,,,0.0,0.5,100.0,0.0
2017-10-12,4.8,14.9,94.3,,,,,,,,,,0.0,0.6,100.0,0.0
2017-10-13,7.3,18.2,95.9,,,,0.0,0.2,99.9,,,,0.0,0.6,100.0,0.0
2017-10-14,,,,,,,,,,,,,0.0,0.6,100.0,0.0
2017-10-15,,,,,,,,,,,,,0.0,0.6,100.0,0.0
2017-10-16,,,,,,,,,,,,,0.0,0.7,100.0,0.0
2017-10-17,5.9,17.6,89.7,0.0,0.0,100.0,,,,,,,0.0,0.8,100.0,0.0
2017-10-18,7.4,18.1,95.6,,,,,,,,,,0.0,0.9,100.0,0.0
2017-10-19,7.4,18.4,95.2,,,,,,,,,,0.0,1.1,100.0,0.0
2017-10-20,,,,,,,,,,,,,0.0,1.3,100.0,0.0
2017-10-21,,,,,,,,,,,,,0.0,1.8,100.0,0.0
2017-10-22,,,,,,,,,,,,,0.0,2.1,100.0,0.0
2017-10-23,7.8,18.3,88.6,,,,,,,,,,0.0,2.3,100.0,0.0
2017-10-24,6.0,16.2,94.9,,,,,,,,,,0.0,2.4,100.0,0.0
2017-10-25,6.3,14.2,95.8,,,,,,,,,,0.0,2.9,100.0,0.0
2017-10-26,,,,,,,,,,,,,0.0,3.1,100.0,0.0
2017-10-27,,,,0.0,0.0,51.7,,,,,,,0.0,2.9,100.0,0.0
2017-10-28,,,,,,,,,,,,,0.0,2.8,100.0,0.0
2017-10-29,7.7,12.7,88.1,,,,,,,,,,0.0,3.2,100.0,0.0
2017-10-30,8.3,12.4,94.7,,,,,,,,,,0.0,3.5,100.0,0.0
2017-10-31,9.5,13.0,95.9,,,,,,,,,,0.0,3.2,100.0,0.0
2017-11-01,,,,0.0,0.0,100.0,,,,,,,0.0,2.6,100.0,0.0
2017-11-02,,,,,,,,,,,,,0.0,2.9,100.0,0.0
2017-11-03,,,,,,,,,,,,,0.0,2.8,100.0,0.0
2017-11-04,7.8,9.2,88.0,,,,,,,,,,0.0,2.3,100.0,0.0
2017-11-05,3.8,6.3,92.3,,,,,,,,,,0.0,2.1,100.0,0.0
2017-11-06,2.6,5.4,91.3,,,,,,,,,,0.0,2.5,100.0,0.0
2017-11-07,,,,,,,0.0,0.2,88.5,,,,0.0,2.8,100.0,0.0
2017-11-08,,,,,,,,,,,,,0.0,2.5,100.0,0.0
2017-11-09,,,,,,,,,,,,,0.0,3.6,100.0,0.0
2017-11-10,3.9,7.2,85.3,,,,,,,,,,0.0,4.0,100.0,0.0
2017-11-11,2.7,7.0,88.5,,,,,,,,,,0.0,4.1,100.0,0.0
2017-11-12,3.9,8.4,91.9,,,,,,,,,,0.0,3.6,100.0,0.0
2017-11-13,,,,,,,,,,,,,0.0,4.5,100.0,0.0
2017-11-14,,,,,,,0.0,0.9,77.8,,,,0.0,5.8,100.0,0.0
2017-11-15,,,,,,,,,,,,,0.0,6.3,100.0,0.0
2017-11-16,4.4,12.4,79.6,0.2,0.4,100.0,,,,,,,0.0,6.0,100.0,0.0
2017-11-17,5.3,15.2,87.5,,,,,,,,,,0.0,7.1,100.0,0.0
2017-11-18,5.2,15.2,93.1,,,,,,,,,,0.0,9.0,100.0,0.0
2017-11-19,,,,,,,,,,,,,0.0,9.1,100.0,0.0
2017-11-20,,,,,,,,,,,,,0.0,9.1,100.0,0.0
2017-11-21,,,,0.6,3.1,100.0,,,,,,,0.0,9.1,100.0,0.0
2017-11-22,5.9,15.1,84.3,,,,,,,,,,0.0,11.1,100.0,0.0
2017-11-23,5.4,15.7,91.1,,,,,,,,,,0.0,12.2,100.0,0.0
2017-11-24,5.9,16.5,92.5,,,,,,,,,,0.0,12.3,100.0,0.0
2017-11-25,,,,,,,,,,,,,0.0,12.9,100.0,0.0
2017-11-26,,,,,,,,,,,,,0.0,13.0,100.0,0.0
2017-11-27,,,,,,,,,,,,,0.0,14.5,100.0,0.0
2017-11-28,9.8,19.8,82.8,,,,,,,,,,0.0,14.4,100.0,0.0
2017-11-29,27.9,32.7,35.6,,,,,,,,,,0.0,17.8,100.0,0.0
2017-11-30,18.2,26.7,90.9,,,,,,,,,,0.0,19.0,100.0,0.0
2017-12-01,,,,,,,,,,,,,0.0,19.1,100.0,0.0
2017-12-02,,,,,,,,,,,,,0.0,20.0,100.0,0.0
2017-12-03,,,,,,,,,,,,,0.0,24.1,100.0,0.0
2017-12-04,37.7,37.6,83.0,,,,,,,,,,0.1,22.5,100.0,0.1
2017-12-05,67.3,51.2,89.5,,,,,,,,,,0.1,23.7,100.0,0.1
2017-12-06,67.1,53.5,92.0,7.6,20.8,100.0,,,,,,,0.3,24.6,100.0,0.3
2017-12-07,,,,,,,,,,,,,0.3,26.6,100.0,0.3
2017-12-08,,,,,,,,,,,,,0.3,25.5,100.0,0.3
2017-12-09,,,,,,,,,,,,,0.3,23.8,100.0,0.3
2017-12-10,76.2,58.5,83.9,,,,,,,,,,0.6,26.9,100.0,0.6
2017-12-11,99.4,76.4,36.4,,,,,,,,,,0.9,31.5,100.0,0.9
2017-12-12,72.1,57.8,92.6,,,,,,,,,,3.3,38.2,100.0,3.3
2017-12-13,,,,,,,,,,,,,4.3,41.2,100.0,4.3
2017-12-14,,,,,,,,,,,,,17.8,49.5,100.0,17.8
2017-12-15,,,,,,,,,,,,,43.6,56.2,100.0,43.6
2017-12-16,94.1,71.0,82.8,,,,,,,,,,79.0,67.0,100.0,79.0
2017-12-17,97.2,73.1,90.4,,,,,,,,,,83.9,69.7,100.0,83.9
2017-12-18,94.2,73.3,92.4,,,,,,,,,,88.7,73.4,100.0,88.7
2017-12-19,,,,,,,,,,,,,94.1,77.0,100.0,94.1
2017-12-20,,,,,,,,,,,,,97.2,81.0,100.0,97.2
2017-12-21,,,,100.0,96.5,100.0,,,,,,,99.2,84.3,100.0,99.2
2017-12-22,98.9,77.9,82.5,,,,,,,,,,99.5,86.1,100.0,99.5
2017-12-23,99.9,86.4,41.0,,,,,,,,,,99.7,87.6,100.0,99.7
2017-12-24,97.6,77.5,92.5,,,,,,,,,,99.7,88.0,100.0,99.7
2017-12-25,,,,,,,100.0,99.3,76.8,,,,99.8,90.0,100.0,99.8
2017-12-26,,,,,,,,,,,,,99.7,90.2,100.0,99.7
2017-12-27,,,,,,,,,,,,,99.7,91.6,100.0,99.7
2017-12-28,99.8,88.7,81.9,,,,,,,,,,99.6,92.1,100.0,99.6
2017-12-29,99.8,87.4,88.6,,,,,,,,,,99.6,92.7,100.0,99.6
2017-12-30,98.7,88.2,92.8,,,,,,,,,,99.3,93.1,100.0,99.3
2017-12-31,,,,100.0,99.1,94.9,,,,,,,99.3,93.9,100.0,99.3
2018-01-01,,,,,,,,,,,,,86.2,85.6,100.0,86.2
2018-01-02,,,,,,,,,,,,,88.7,86.6,100.0,88.7
2018-01-03,98.3,85.7,78.3,,,,,,,,,,86.1,85.6,100.0,86.1
2018-01-04,98.9,93.2,39.1,,,,,,,,,,87.6,86.0,100.0,87.6
2018-01-05,95.7,86.1,89.0,,,,,,,,,,89.0,86.6,100.0,89.0
2018-01-06,,,,,,,,,,,,,90.3,87.0,100.0,90.3
2018-01-07,,,,,,,,,,,,,88.4,86.2,100.0,88.4
2018-01-08,,,,,,,,,,,,,89.6,86.2,100.0,89.6
2018-01-09,99.6,91.6,78.2,,,,,,,,,,90.5,87.1,100.0,90.5
2018-01-10,99.3,89.7,83.5,,,,,,,,,,92.7,88.5,100.0,92.7
2018-01-11,97.7,87.8,86.1,,,,,,,,,,92.7,88.7,100.0,92.7
2018-01-12,,,,,,,,,,,,,93.8,89.1,100.0,93.8
2018-01-13,,,,,,,,,,,,,93.8,89.4,100.0,93.8
2018-01-14,,,,,,,,,,,,,96.4,91.3,100.0,96.4
2018-01-15,100.0,91.0,74.5,100.0,98.9,100.0,,,,,,,96.7,92.2,100.0,96.7
2018-01-16,100.0,95.9,38.7,,,,,,,,,,97.0,91.5,100.0,97.0
2018-01-17,100.0,90.8,75.1,,,,,,,,,,97.1,91.6,100.0,97.1
2018-01-18,,,,,,,,,,,,,98.1,92.6,100.0,98.1
2018-01-19,,,,,,,,,,,,,98.5,93.3,100.0,98.5
2018-01-20,,,,,,,,,,,,,98.6,94.2,100.0,98.6
2018-01-21,100.0,94.5,65.4,,,,,,,,,,98.8,95.2,100.0,98.8
2018-01-22,100.0,92.8,70.8,,,,,,,,,,99.0,95.7,100.0,99.0
2018-01-23,100.0,93.9,69.7,,,,,,,,,,99.2,96.0,100.0,99.2
2018-01-24,,,,,,,,,,,,,98.8,95.9,100.0,98.8
2018-01-25,,,,100.0,99.0,100.0,,,,,,,99.1,96.7,100.0,99.1
2018-01-26,,,,,,,,,,,,,98.8,96.3,100.0,98.8
2018-01-27,99.9,95.5,56.2,,,,,,,,,,99.1,96.3,100.0,99.1
2018-01-28,100.0,98.9,28.0,,,,,,,,,,98.4,95.8,100.0,98.4
2018-01-29,99.9,94.9,64.5,,,,,,,,,,98.8,96.3,100.0,98.8
2018-01-30,,,,100.0,99.4,100.0,,,,,,,98.5,96.4,100.0,98.5
2018-01-31,,,,,,,,,,,,,98.8,96.4,100.0,98.8
2018-02-01,,,,,,,,,,,,,98.5,95.9,100.0,98.5
2018-02-02,99.9,97.2,54.8,,,,,,,,,,99.0,96.8,100.0,99.0
2018-02-03,99.8,96.4,72.8,,,,,,,,,,99.0,96.8,100.0,99.0
2018-02-04,100.0,97.0,68.9,,,,,,,,,,99.5,97.4,100.0,99.5
2018-02-05,,,,,,,,,,,,,99.5,97.3,100.0,99.5
2018-02-06,,,,,,,,,,,,,99.7,97.6,100.0,99.7
2018-02-07,,,,,,,,,,,,,99.8,97.6,100.0,99.8
2018-02-08,100.0,97.6,53.5,,,,,,,,,,99.9,97.9,100.0,99.9
2018-02-09,98.9,97.6,31.8,100.0,99.6,100.0,,,,,,,100.0,98.3,100.0,100.0
2018-02-10,100.0,97.5,73.2,,,,,,,,,,100.0,98.3,100.0,100.0
2018-02-11,,,,,,,,,,,,,100.0,98.2,100.0,100.0
2018-02-12,,,,,,,,,,,,,100.0,98.3,100.0,100.0
2018-02-13,,,,,,,,,,,,,100.0,98.8,100.0,100.0
2018-02-14,99.8,98.9,61.6,100.0,99.7,100.0,,,,,,,100.0,99.0,100.0,100.0
2018-02-15,99.8,98.7,68.7,,,,,,,,,,100.0,98.8,100.0,100.0
2018-02-16,99.7,98.8,77.6,,,,,,,,,,100.0,98.8,100.0,100.0
2018-02-17,,,,,,,,,,,,,100.0,98.6,100.0,100.0
2018-02-18,,,,,,,,,,,,,100.0,98.6,100.0,100.0
2018-02-19,,,,100.0,99.4,100.0,,,,,,,100.0,98.8,100.0,100.0
2018-02-20,100.0,99.5,64.3,,,,,,,,,,100.0,98.5,100.0,100.0
2018-02-21,100.0,99.8,29.3,,,,,,,,,,100.0,98.7,100.0,100.0
2018-02-22,100.0,99.4,71.3,,,,,,,,,,100.0,98.6,100.0,100.0
2018-02-23,,,,,,,,,,,,,100.0,98.7,100.0,100.0
2018-02-24,,,,100.0,99.5,100.0,,,,,,,100.0,98.9,100.0,100.0
2018-02-25,,,,,,,,,,,,,100.0,98.7,100.0,100.0
2018-02-26,100.0,99.9,59.7,,,,,,,,,,100.0,98.6,100.0,100.0
2018-02-27,100.0,99.8,65.0,,,,100.0,100.0,66.2,,,,100.0,99.1,100.0,100.0
2018-02-28,100.0,99.6,65.6,,,,,,,,,,100.0,99.0,100.0,100.0
2018-03-01,,,,,,,,,,,,,100.0,98.9,100.0,100.0
2018-03-02,,,,,,,,,,,,,100.0,98.8,100.0,100.0
2018-03-03,,,,,,,,,,,,,100.0,98.7,100.0,100.0
2018-03-04,100.0,100.0,53.3,,,,,,,,,,100.0,98.4,100.0,100.0
2018-03-05,100.0,100.0,29.0,,,,,,,,,,100.0,98.2,100.0,100.0
2018-03-06,100.0,99.6,65.5,,,,,,,,,,100.0,98.0,100.0,100.0
2018-03-07,,,,,,,,,,,,,100.0,97.5,100.0,100.0
2018-03-08,,,,,,,,,,,,,100.0,97.3,100.0,100.0
2018-03-09,,,,,,,,,,,,,100.0,96.4,100.0,100.0
2018-03-10,100.0,100.0,53.5,,,,,,,,,,100.0,97.0,100.0,100.0
2018-03-11,100.0,99.9,59.3,,,,,,,,,,100.0,96.6,100.0,100.0
2018-03-12,100.0,99.6,61.7,,,,,,,,,,100.0,96.8,100.0,100.0
2018-03-13,,,,,,,,,,,,,99.9,95.2,100.0,99.9
2018-03-14,,,,,,,,,,,,,100.0,95.6,100.0,100.0
2018-03-15,,,,,,,,,,,,,99.8,93.6,100.0,99.8
2018-03-16,,,,100.0,99.8,82.1,,,,,,,100.0,95.7,100.0,100.0
2018-03-17,100.0,99.8,31.1,,,,,,,,,,99.9,93.0,100.0,99.9
2018-03-18,100.0,99.2,62.9,,,,,,,,,,100.0,94.9,100.0,100.0
2018-03-19,,,,,,,,,,,,,100.0,94.6,100.0,100.0
2018-03-20,,,,,,,,,,,,,100.0,96.6,100.0,100.0
2018-03-21,,,,100.0,99.8,60.4,,,,,,,100.0,96.4,100.0,100.0
2018-03-22,100.0,99.8,50.4,,,,100.0,100.0,97.0,,,,100.0,97.9,100.0,100.0
2018-03-23,99.9,99.6,56.1,,,,,,,,,,100.0,96.9,100.0,100.0
2018-03-24,99.9,97.6,65.4,,,,,,,,,,100.0,97.4,100.0,100.0
2018-03-25,,,,,,,,,,,,,100.0,96.5,100.0,100.0
2018-03-26,,,,100.0,100.0,48.0,,,,,,,100.0,96.6,100.0,100.0
2018-03-27,,,,,,,,,,,,,100.0,95.1,100.0,100.0
2018-03-28,99.9,98.7,54.3,,,,,,,,,,100.0,94.5,100.0,100.0
2018-03-29,100.0,98.3,38.0,,,,,,,,,,100.0,94.0,100.0,100.0
2018-03-30,99.8,96.2,77.6,,,,,,,,,,100.0,92.6,100.0,100.0
2018-03-31,,,,,,,,,,,,,100.0,91.0,100.0,100.0
2018-04-01,,,,,,,,,,,,,100.0,89.9,100.0,100.0
2018-04-02,,,,,,,,,,,,,100.0,90.8,100.0,100.0
2018-04-03,100.0,97.3,66.4,,,,,,,,,,100.0,90.6,100.0,100.0
2018-04-04,99.4,93.8,73.8,,,,,,,,,,100.0,91.8,100.0,100.0
2018-04-05,99.4,90.1,76.5,,,,,,,,,,100.0,91.5,100.0,100.0
2018-04-06,,,,,,,,,,,,,100.0,91.7,100.0,100.0
2018-04-07,,,,,,,100.0,99.4,100.0,,,,100.0,93.5,100.0,100.0
2018-04-08,,,,,,,,,,,,,100.0,92.9,100.0,100.0
2018-04-09,98.1,87.2,75.8,,,,,,,,,,100.0,94.5,100.0,100.0
2018-04-10,97.1,87.8,38.8,,,,,,,,,,100.0,94.7,100.0,100.0
2018-04-11,96.5,85.4,78.7,,,,,,,,,,100.0,95.9,100.0,100.0
2018-04-12,,,,,,,,,,,,,100.0,96.0,100.0,100.0
2018-04-13,,,,,,,,,,,,,100.0,96.8,100.0,100.0
2018-04-14,,,,,,,,,,,,,100.0,97.2,100.0,100.0
2018-04-15,96.1,85.8,74.6,100.0,99.7,64.5,,,,,,,100.0,98.1,100.0,100.0
2018-04-16,94.7,82.6,77.7,,,,,,,,,,100.0,98.1,100.0,100.0
2018-04-17,94.3,80.9,78.1,,,,,,,,,,100.0,98.1,100.0,100.0
2018-04-18,,,,,,,,,,,,,100.0,98.0,100.0,100.0
2018-04-19,,,,,,,,,,,,,100.0,98.2,100.0,100.0
2018-04-20,,,,100.0,99.8,100.0,,,,,,,100.0,98.5,100.0,100.0
2018-04-21,95.3,78.2,74.5,,,,,,,,,,100.0,98.3,100.0,100.0
2018-04-22,95.7,79.6,31.8,,,,,,,,,,100.0,97.9,100.0,100.0
2018-04-23,93.5,74.9,77.8,,,,,,,,,,100.0,97.6,100.0,100.0
2018-04-24,,,,,,,,,,,,,100.0,97.4,100.0,100.0
2018-04-25,,,,100.0,99.1,79.6,,,,,,,100.0,97.8,100.0,100.0
2018-04-26,,,,,,,,,,,,,100.0,97.1,100.0,100.0
2018-04-27,95.3,77.0,74.8,,,,,,,,,,100.0,97.1,100.0,100.0
2018-04-28,93.2,75.8,76.7,,,,,,,,,,100.0,96.4,100.0,100.0
2018-04-29,93.3,73.5,77.6,,,,,,,,,,100.0,96.2,100.0,100.0
2018-04-30,,,,,,,,,,,,,100.0,95.3,100.0,100.0
2018-05-01,,,,,,,,,,,,,100.0,94.9,100.0,100.0
2018-05-02,,,,,,,,,,,,,99.9,94.4,100.0,99.9
2018-05-03,95.3,76.7,72.8,,,,,,,,,,99.9,95.0,100.0,99.9
2018-05-04,97.1,80.2,38.6,,,,,,,,,,99.9,94.6,100.0,99.9
2018-05-05,94.1,77.5,77.4,100.0,98.5,100.0,,,,,,,99.9,95.2,100.0,99.9
2018-05-06,,,,,,,,,,,,,99.8,93.2,100.0,99.8
2018-05-07,,,,,,,,,,,,,99.7,93.2,100.0,99.7
2018-05-08,,,,,,,,,,,,,99.7,92.1,100.0,99.7
2018-05-09,96.0,80.4,74.4,,,,,,,,,,99.7,92.5,100.0,99.7
2018-05-10,94.2,79.3,77.2,,,,,,,,,,99.7,91.9,100.0,99.7
2018-05-11,95.9,79.5,76.9,,,,,,,,,,99.7,92.4,100.0,99.7
2018-05-12,,,,,,,,,,,,,99.7,91.7,100.0,99.7
2018-05-13,,,,,,,,,,,,,99.7,92.1,100.0,99.7
2018-05-14,,,,,,,,,,,,,99.5,91.7,100.0,99.5
2018-05-15,98.3,81.7,71.4,100.0,97.7,83.1,,,,,,,99.3,92.8,100.0,99.3
2018-05-16,95.3,79.9,77.7,,,,,,,,,,99.2,92.1,100.0,99.2
2018-05-17,93.9,76.7,95.5,,,,,,,,,,98.9,92.0,100.0,98.9
2018-05-18,,,,,,,97.7,90.4,54.3,,,,98.8,92.3,100.0,98.8
2018-05-19,,,,,,,,,,,,,98.3,90.9,100.0,98.3
2018-05-20,,,,97.3,90.7,42.3,,,,,,,98.3,91.3,100.0,98.3
2018-05-21,96.4,79.3,89.2,,,,,,,,,,97.6,90.2,100.0,97.6
2018-05-22,92.9,74.3,92.7,,,,,,,,,,97.3,89.4,100.0,97.3
2018-05-23,92.6,76.3,93.6,,,,,,,,,,95.7,87.4,100.0,95.7
2018-05-24,,,,,,,,,,,,,95.0,86.2,100.0,95.0
2018-05-25,,,,89.0,78.4,99.7,,,,,,,92.5,85.5,100.0,92.5
2018-05-26,,,,,,,,,,,,,89.8,81.5,100.0,89.8
2018-05-27,95.9,77.3,84.7,,,,,,,,,,83.9,78.0,100.0,83.9
2018-05-28,89.7,73.5,85.3,,,,,,,,,,76.0,72.2,100.0,76.0
2018-05-29,88.4,71.6,86.2,,,,,,,,,,68.0,67.0,100.0,68.0
2018-05-30,,,,,,,,,,,,,52.6,56.9,100.0,52.6
2018-05-31,,,,,,,,,,,,,47.4,52.3,100.0,47.4
2018-06-01,,,,,,,,,,,,,32.4,43.8,100.0,32.4
2018-06-02,86.6,71.4,90.2,,,,,,,,,,32.1,43.2,100.0,32.1
2018-06-03,82.1,67.5,83.6,,,,,,,,,,10.3,31.1,100.0,10.3
2018-06-04,82.9,66.4,77.7,,,,,,,,,,9.6,31.5,100.0,9.6
2018-06-05,,,,,,,,,,,,,2.5,22.3,100.0,2.5
2018-06-06,,,,,,,,,,,,,4.8,24.3,100.0,4.8
2018-06-07,,,,,,,,,,,,,0.8,17.6,100.0,0.8
2018-06-08,81.5,62.5,69.0,,,,,,,,,,4.7,20.6,100.0,4.7
2018-06-09,60.3,49.5,69.2,,,,,,,,,,3.0,18.1,100.0,3.0
2018-06-10,,,,,,,,,,,,,6.2,20.0,100.0,6.2
2018-06-11,,,,,,,,,,,,,2.5,15.2,100.0,2.5
2018-06-12,,,,,,,,,,,,,4.5,16.7,100.0,4.5
2018-06-13,,,,,,,,,,,,,4.8,16.7,100.0,4.8
2018-06-14,52.5,45.3,66.3,20.8,24.1,100.0,,,,,,,8.9,19.9,100.0,8.9
2018-06-15,22.6,30.9,76.6,,,,,,,,,,5.3,17.1,100.0,5.3
2018-06-16,23.1,30.9,92.6,,,,,,,,,,4.0,16.1,100.0,4.0
2018-06-17,,,,,,,,,,,,,4.5,17.1,100.0,4.5
2018-06-18,,,,,,,,,,,,,4.7,16.7,100.0,4.7
2018-06-19,,,,1.8,6.4,100.0,,,,,,,3.0,12.9,100.0,3.0
2018-06-20,12.6,21.6,87.5,,,,,,,,,,1.5,9.1,100.0,1.5
2018-06-21,6.3,16.4,95.9,,,,,,,,,,1.5,9.6,100.0,1.5
2018-06-22,2.8,13.5,92.5,,,,,,,,,,1.8,10.2,100.0,1.8
2018-06-23,,,,,,,,,,,,,1.4,9.0,100.0,1.4
2018-06-24,,,,0.7,2.0,76.0,,,,,,,0.9,6.8,100.0,0.9
2018-06-25,,,,,,,,,,,,,0.2,6.0,100.0,0.2
2018-06-26,2.6,11.2,88.1,,,,,,,,,,0.5,5.8,100.0,0.5
2018-06-27,0.6,8.5,92.6,,,,,,,,,,0.1,5.3,100.0,0.1
2018-06-28,0.7,8.5,92.3,,,,,,,,,,0.0,3.5,100.0,0.0
2018-06-29,,,,0.1,0.6,64.8,,,,,,,0.0,3.2,100.0,0.0
2018-06-30,,,,,,,,,,,,,0.0,2.7,100.0,0.0
2018-07-01,,,,,,,,,,,,,0.0,2.4,100.0,0.0
2018-07-02,0.4,6.9,85.5,,,,,,,,,,0.0,2.1,100.0,0.0
2018-07-03,0.3,7.2,92.2,,,,,,,,,,0.0,2.0,100.0,0.0
2018-07-04,0.6,8.2,92.1,0.1,0.2,74.9,,,,,,,0.0,1.9,100.0,0.0
2018-07-05,,,,,,,,,,,,,0.0,1.9,100.0,0.0
2018-07-06,,,,,,,,,,,,,0.0,1.9,100.0,0.0
2018-07-07,,,,,,,,,,,,,0.0,2.1,100.0,0.0
2018-07-08,1.2,8.6,85.6,,,,,,,,,,0.0,1.9,100.0,0.0
2018-07-09,0.6,7.8,91.8,0.0,0.1,98.8,,,,,,,0.0,1.7,100.0,0.0
2018-07-10,0.9,8.1,92.1,,,,,,,,,,0.0,1.7,100.0,0.0
2018-07-11,,,,,,,,,,,,,0.0,1.6,100.0,0.0
2018-07-12,,,,,,,0.0,0.0,39.8,,,,0.0,1.4,100.0,0.0
2018-07-13,,,,,,,,,,,,,0.0,1.1,100.0,0.0
2018-07-14,0.8,6.6,82.2,0.0,0.1,35.1,,,,,,,0.0,0.9,100.0,0.0
2018-07-15,0.7,6.5,90.3,,,,,,,,,,0.0,0.8,100.0,0.0
2018-07-16,0.2,5.7,93.2,,,,,,,,,,0.0,0.8,100.0,0.0
2018-07-17,,,,,,,,,,,,,0.0,0.8,100.0,0.0
2018-07-18,,,,,,,,,,,,,0.0,0.6,100.0,0.0
2018-07-19,,,,0.0,0.1,94.1,,,,,,,0.0,0.5,100.0,0.0
2018-07-20,0.4,5.0,85.7,,,,,,,,,,0.0,0.5,100.0,0.0
2018-07-21,0.1,3.9,91.9,,,,,,,,,,0.0,0.5,100.0,0.0
2018-07-22,0.1,4.7,95.3,,,,,,,,,,0.0,0.4,100.0,0.0
2018-07-23,,,,,,,,,,,,,0.0,0.5,100.0,0.0
2018-07-24,,,,0.0,0.1,36.3,,,,,,,0.0,0.3,100.0,0.0
2018-07-25,,,,,,,,,,,,,0.0,0.4,100.0,0.0
2018-07-26,0.0,3.5,86.1,,,,,,,,,,0.0,0.3,100.0,0.0
2018-07-27,0.0,4.5,93.6,,,,,,,,,,0.0,0.4,100.0,0.0
2018-07-28,0.1,3.8,94.5,,,,,,,,,,0.0,0.3,100.0,0.0
2018-07-29,,,,0.0,0.0,100.0,,,,,,,0.0,0.4,100.0,0.0
2018-07-30,,,,,,,,,,,,,0.0,0.3,100.0,0.0
2018-07-31,,,,,,,,,,,,,0.0,0.4,100.0,0.0
2018-08-01,0.0,2.6,87.9,,,,,,,,,,0.0,0.3,100.0,0.0
2018-08-02,0.0,2.9,94.5,,,,,,,,,,0.0,0.4,100.0,0.0
2018-08-03,0.0,3.1,94.6,0.0,0.0,99.9,,,,,,,0.0,0.3,100.0,0.0
2018-08-04,,,,,,,,,,0.0,0.9,99.6,0.0,0.4,100.0,0.0
2018-08-05,,,,,,,,,,,,,0.0,0.4,100.0,0.0
2018-08-06,,,,,,,,,,,,,0.0,0.5,100.0,0.0
2018-08-07,0.0,1.2,87.9,,,,,,,,,,0.0,0.4,100.0,0.0
2018-08-08,0.0,2.4,96.1,0.0,0.0,50.2,,,,,,,0.0,0.5,100.0,0.0
2018-08-09,0.1,2.7,95.1,,,,,,,,,,0.0,0.5,100.0,0.0
2018-08-10,,,,,,,,,,0.0,0.2,89.6,0.0,0.7,100.0,0.0
2018-08-11,,,,,,,,,,0.0,0.1,100.0,0.0,0.7,100.0,0.0
2018-08-12,,,,,,,,,,,,,0.0,1.0,100.0,0.0
2018-08-13,0.0,1.4,90.3,,,,,,,,,,0.0,0.6,100.0,0.0
2018-08-14,0.0,2.1,93.6,,,,,,,,,,0.0,0.8,100.0,0.0
2018-08-15,0.0,2.6,95.0,,,,,,,0.0,0.0,87.2,0.0,0.6,100.0,0.0
2018-08-16,,,,,,,,,,,,,0.0,1.0,100.0,0.0
2018-08-17,,,,,,,,,,,,,0.0,0.6,100.0,0.0
2018-08-18,,,,0.0,0.0,100.0,,,,,,,0.0,0.8,100.0,0.0
2018-08-19,0.0,1.4,86.0,,,,,,,,,,0.0,0.7,100.0,0.0
2018-08-20,0.0,2.5,96.7,,,,,,,,,,0.0,0.7,100.0,0.0
2018-08-21,0.0,2.9,95.2,,,,,,,0.0,0.0,100.0,0.0,0.5,100.0,0.0
2018-08-22,,,,,,,,,,,,,0.0,0.7,100.0,0.0
2018-08-23,,,,,,,,,,,,,0.0,0.6,100.0,0.0
2018-08-24,,,,,,,,,,0.0,0.0,100.0,0.0,0.5,100.0,0.0
2018-08-25,0.0,2.1,88.6,,,,,,,,,,0.0,0.7,100.0,0.0
2018-08-26,0.1,3.4,95.2,,,,,,,,,,0.0,0.8,100.0,0.0
2018-08-27,0.0,2.2,85.7,,,,,,,,,,0.0,0.7,100.0,0.0
2018-08-28,,,,0.0,0.0,100.0,,,,0.0,0.0,100.0,0.0,0.5,100.0,0.0
2018-08-29,,,,,,,,,,,,,0.0,0.5,100.0,0.0
2018-08-30,,,,,,,,,,,,,0.0,0.5,100.0,0.0
2018-08-31,0.0,1.5,79.0,,,,,,,,,,0.0,0.5,100.0,0.0
2018-09-01,0.0,2.2,81.8,,,,,,,,,,0.0,0.5,100.0,0.0
2018-09-02,0.0,2.5,80.9,0.0,0.0,56.1,,,,,,,0.0,0.5,100.0,0.0
2018-09-03,,,,,,,,,,,,,0.0,0.5,100.0,0.0
2018-09-04,,,,,,,,,,,,,0.0,0.5,100.0,0.0
2018-09-05,,,,,,,,,,,,,0.0,0.4,100.0,0.0
2018-09-06,0.0,1.9,77.4,,,,,,,,,,0.0,0.4,100.0,0.0
2018-09-07,0.0,2.3,82.5,0.0,0.0,93.9,,,,0.0,0.0,55.5,0.0,0.3,100.0,0.0
2018-09-08,0.0,1.8,77.7,,,,,,,,,,0.0,0.4,100.0,0.0
2018-09-09,,,,,,,,,,0.0,0.1,100.0,0.0,0.2,100.0,0.0
2018-09-10,,,,,,,,,,,,,0.0,0.2,100.0,0.0
2018-09-11,,,,,,,,,,,,,0.0,0.3,100.0,0.0
2018-09-12,0.0,1.4,82.0,0.0,0.0,72.5,,,,,,,0.0,0.2,100.0,0.0
2018-09-13,0.0,1.6,87.7,,,,,,,,,,0.0,0.2,100.0,0.0
2018-09-14,0.0,1.6,86.4,,,,,,,,,,0.0,0.2,100.0,0.0
2018-09-15,,,,,,,,,,,,,0.0,0.3,100.0,0.0
2018-09-16,,,,,,,,,,,,,0.0,0.2,100.0,0.0
2018-09-17,,,,0.0,0.0,90.6,,,,,,,0.0,0.1,100.0,0.0
2018-09-18,0.0,1.4,83.1,,,,,,,,,,0.0,0.1,100.0,0.0
2018-09-19,0.0,1.7,87.5,,,,,,,,,,0.0,0.2,100.0,0.0
2018-09-20,0.0,2.0,87.0,,,,,,,,,,0.0,0.1,100.0,0.0
2018-09-21,,,,,,,,,,,,,0.0,0.1,100.0,0.0
2018-09-22,,,,0.0,0.0,49.0,,,,,,,0.0,0.1,100.0,0.0
2018-09-23,,,,,,,0.0,0.0,96.5,,,,0.0,0.2,100.0,0.0
2018-09-24,0.0,1.7,79.6,,,,,,,,,,0.0,0.2,100.0,0.0
2018-09-25,0.0,4.3,85.7,,,,,,,0.0,0.2,66.7,0.0,0.2,100.0,0.0
2018-09-26,0.1,6.3,84.7,,,,,,,0.0,2.2,91.9,0.0,0.2,100.0,0.0
2018-09-27,,,,0.0,0.0,99.9,,,,,,,0.0,0.2,100.0,0.0
2018-09-28,,,,,,,,,,,,,0.0,0.2,100.0,0.0
2018-09-29,,,,,,,,,,,,,0.0,0.2,100.0,0.0
2018-09-30,0.0,3.6,80.4,,,,,,,,,,0.0,0.3,100.0,0.0
2018-10-01,0.0,3.0,84.0,,,,,,,,,,0.0,0.3,100.0,0.0
2018-10-02,0.1,3.0,85.4,0.0,0.0,35.4,,,,,,,0.0,0.3,100.0,0.0
2018-10-03,,,,,,,,,,,,,0.0,0.2,100.0,0.0
2018-10-04,,,,,,,,,,,,,0.0,0.1,100.0,0.0
2018-10-05,,,,,,,,,,,,,0.0,0.1,100.0,0.0
2018-10-06,0.0,2.2,81.0,,,,,,,,,,0.0,0.1,100.0,0.0
2018-10-07,0.0,2.4,86.5,,,,,,,,,,0.0,0.1,100.0,0.0
2018-10-08,0.1,2.4,87.1,,,,,,,,,,0.0,0.1,100.0,0.0
2018-10-09,,,,,,,0.0,0.0,99.9,,,,0.0,0.1,100.0,0.0
2018-10-10,,,,,,,,,,,,,0.0,0.1,100.0,0.0
2018-10-11,,,,,,,,,,,,,0.0,0.1,100.0,0.0
2018-10-12,0.0,1.2,82.5,0.0,0.0,71.7,,,,,,,0.0,0.1,100.0,0.0
2018-10-13,0.0,1.5,87.5,,,,,,,,,,0.0,0.1,100.0,0.0
2018-10-14,0.1,1.6,86.8,,,,,,,,,,0.0,0.2,100.0,0.0
2018-10-15,,,,,,,,,,,,,0.0,0.3,100.0,0.0
2018-10-16,,,,,,,0.0,0.0,99.9,,,,0.0,0.3,100.0,0.0
2018-10-17,,,,0.0,0.0,100.0,,,,,,,0.0,0.3,100.0,0.0
2018-10-18,0.0,1.3,82.6,,,,,,,,,,0.0,0.3,100.0,0.0
2018-10-19,0.0,1.9,87.4,,,,,,,,,,0.0,0.4,100.0,0.0
2018-10-20,0.1,2.7,87.3,,,,,,,,,,0.0,0.7,100.0,0.0
2018-10-21,,,,,,,,,,,,,0.0,0.8,100.0,0.0
2018-10-22,,,,0.0,0.0,100.0,,,,,,,0.0,0.7,100.0,0.0
2018-10-23,,,,,,,,,,,,,0.0,1.1,100.0,0.0
2018-10-24,0.0,2.1,81.9,,,,,,,,,,0.0,1.6,100.0,0.0
2018-10-25,0.1,2.6,87.5,,,,0.0,0.0,33.9,,,,0.0,1.6,100.0,0.0
2018-10-26,0.1,3.3,86.2,,,,,,,,,,0.0,1.6,100.0,0.0
2018-10-27,,,,,,,,,,,,,0.0,2.0,100.0,0.0
2018-10-28,,,,,,,,,,,,,0.0,2.5,100.0,0.0
2018-10-29,,,,,,,,,,,,,0.0,2.5,100.0,0.0
2018-10-30,0.0,2.6,81.6,,,,,,,,,,0.0,3.7,100.0,0.0
2018-10-31,0.1,4.6,86.8,,,,,,,,,,0.0,4.1,100.0,0.0
2018-11-01,0.2,7.5,87.2,,,,,,,,,,0.0,5.8,100.0,0.0
2018-11-02,,,,,,,,,,,,,0.0,5.8,100.0,0.0
2018-11-03,,,,,,,,,,,,,0.0,5.8,100.0,0.0
2018-11-04,,,,,,,,,,,,,0.3,6.4,100.0,0.3
2018-11-05,0.2,5.6,80.7,,,,,,,,,,0.1,6.3,100.0,0.1
2018-11-06,0.3,7.4,85.9,0.0,0.0,68.4,,,,,,,0.3,6.6,100.0,0.3
2018-11-07,0.1,7.2,93.2,,,,,,,,,,0.0,6.6,100.0,0.0
2018-11-08,,,,,,,,,,,,,0.0,6.6,100.0,0.0
2018-11-09,,,,,,,,,,,,,0.0,6.2,100.0,0.0
2018-11-10,,,,,,,,,,,,,0.0,6.7,100.0,0.0
2018-11-11,0.0,7.1,84.7,,,,,,,,,,0.0,6.0,100.0,0.0
2018-11-12,0.0,6.8,88.6,,,,,,,,,,0.0,6.5,100.0,0.0
2018-11-13,0.1,4.5,93.4,,,,,,,,,,0.0,6.6,100.0,0.0
2018-11-14,,,,,,,,,,,,,0.0,7.6,100.0,0.0
2018-11-15,,,,,,,,,,,,,0.0,7.7,100.0,0.0
2018-11-16,,,,0.0,0.0,100.0,,,,,,,0.0,9.1,100.0,0.0
2018-11-17,0.0,2.4,88.9,,,,,,,,,,0.0,8.9,100.0,0.0
2018-11-18,0.0,2.3,96.2,,,,,,,,,,0.0,9.2,100.0,0.0
2018-11-19,0.1,2.2,90.8,,,,,,,,,,0.0,9.3,100.0,0.0
2018-11-20,,,,,,,,,,,,,0.0,10.4,100.0,0.0
2018-11-21,,,,,,,,,,,,,0.0,10.8,100.0,0.0
2018-11-22,,,,,,,,,,,,,0.0,10.8,100.0,0.0
2018-11-23,0.1,2.5,89.9,,,,,,,,,,0.0,11.3,100.0,0.0
2018-11-24,0.2,4.5,44.8,,,,,,,,,,0.0,14.6,100.0,0.0
2018-11-25,,,,,,,,,,,,,0.0,14.4,100.0,0.0
2018-11-26,,,,,,,,,,,,,0.0,12.0,100.0,0.0
2018-11-27,,,,,,,,,,,,,0.0,13.5,100.0,0.0
2018-11-28,,,,,,,,,,,,,0.0,12.2,100.0,0.0
2018-11-29,0.3,6.8,89.1,,,,,,,,,,0.0,14.0,100.0,0.0
2018-11-30,0.4,6.5,94.7,,,,,,,,,,0.0,11.1,100.0,0.0
2018-12-01,0.1,4.8,93.8,0.0,0.6,99.8,,,,,,,0.0,12.9,100.0,0.0
2018-12-02,,,,,,,,,,,,,0.0,10.9,100.0,0.0
2018-12-03,,,,,,,,,,,,,0.0,11.6,100.0,0.0
2018-12-04,,,,,,,,,,,,,0.0,8.7,100.0,0.0
2018-12-05,0.3,3.6,90.4,,,,,,,,,,0.0,11.6,100.0,0.0
2018-12-06,0.2,1.9,41.7,,,,,,,,,,0.0,10.0,100.0,0.0
2018-12-07,0.2,4.5,93.3,,,,,,,,,,0.0,12.5,100.0,0.0
2018-12-08,,,,,,,,,,,,,0.0,12.5,100.0,0.0
2018-12-09,,,,,,,,,,,,,0.0,15.8,100.0,0.0
2018-12-10,,,,,,,,,,,,,0.0,16.5,100.0,0.0
2018-12-11,0.5,6.4,87.6,26.8,29.3,100.0,,,,,,,0.0,26.4,100.0,0.0
2018-12-12,5.5,18.9,92.1,,,,26.8,33.7,100.0,,,,0.1,34.4,100.0,0.1
2018-12-13,13.6,26.6,91.7,,,,,,,,,,2.0,45.2,100.0,2.0
2018-12-14,,,,,,,,,,,,,3.9,48.0,100.0,3.9
2018-12-15,,,,,,,,,,,,,54.5,58.3,100.0,54.5
2018-12-16,,,,,,,,,,,,,58.1,59.0,100.0,58.1
2018-12-17,57.1,46.9,85.1,,,,,,,,,,82.6,66.3,100.0,82.6
2018-12-18,96.6,72.2,33.8,,,,,,,,,,76.4,64.0,100.0,76.4
2018-12-19,78.8,59.5,93.6,,,,,,,,,,91.4,72.1,100.0,91.4
2018-12-20,,,,,,,,,,,,,90.3,72.9,100.0,90.3
2018-12-21,,,,,,,,,,,,,95.5,79.8,100.0,95.5
2018-12-22,,,,,,,,,,,,,94.2,78.8,100.0,94.2
2018-12-23,83.5,68.0,88.8,,,,,,,,,,96.3,82.6,100.0,96.3
2018-12-24,87.8,75.3,94.4,,,,,,,,,,94.8,82.0,100.0,94.8
2018-12-25,90.2,78.6,94.5,,,,,,,,,,96.3,84.2,100.0,96.3
2018-12-26,,,,99.7,97.1,100.0,,,,,,,95.8,83.6,100.0,95.8
2018-12-27,,,,,,,,,,,,,96.4,85.2,100.0,96.4
2018-12-28,,,,,,,,,,,,,95.2,85.1,100.0,95.2
2018-12-29,95.6,83.7,84.4,,,,,,,,,,96.3,87.9,100.0,96.3
2018-12-30,98.9,91.3,35.0,,,,,,,,,,95.9,86.2,100.0,95.9
2018-12-31,93.0,80.2,93.7,,,,,,,,,,96.5,88.1,100.0,96.5
2019-01-01,,,,,,,,,,,,,99.7,91.7,100.0,99.7
2019-01-02,,,,,,,,,,,,,99.8,93.2,100.0,99.8
2019-01-03,,,,,,,,,,,,,99.8,92.1,100.0,99.8
2019-01-04,99.5,88.9,85.0,,,,100.0,100.0,97.1,,,,99.9,95.4,100.0,99.9
2019-01-05,99.6,87.7,91.4,,,,,,,,,,99.9,95.2,100.0,99.9
2019-01-06,98.5,88.4,94.1,,,,,,,,,,100.0,96.4,100.0,100.0
2019-01-07,,,,,,,,,,,,,100.0,95.9,100.0,100.0
2019-01-08,,,,,,,,,,,,,100.0,96.6,100.0,100.0
2019-01-09,,,,,,,,,,,,,100.0,96.5,100.0,100.0
2019-01-10,99.9,90.2,83.6,100.0,99.7,52.7,,,,,,,100.0,97.7,100.0,100.0
2019-01-11,99.8,94.9,39.8,,,,,,,,,,100.0,97.6,100.0,100.0
2019-01-12,99.0,88.6,93.3,,,,,,,,,,100.0,97.7,100.0,100.0
2019-01-13,,,,,,,,,,,,,100.0,97.3,100.0,100.0
2019-01-14,,,,,,,,,,,,,100.0,97.5,100.0,100.0
2019-01-15,,,,100.0,99.7,100.0,,,,,,,100.0,98.0,100.0,100.0
2019-01-16,99.9,92.7,82.2,,,,,,,,,,100.0,97.6,100.0,100.0
2019-01-17,100.0,91.0,90.8,,,,,,,,,,100.0,97.4,100.0,100.0
2019-01-18,98.9,89.1,92.2,,,,,,,,,,100.0,97.5,100.0,100.0
2019-01-19,,,,,,,,,,,,,100.0,97.1,100.0,100.0
2019-01-20,,,,,,,,,,,,,100.0,97.0,100.0,100.0
2019-01-21,,,,,,,,,,,,,100.0,96.7,100.0,100.0
2019-01-22,99.9,90.3,81.1,,,,,,,,,,100.0,97.0,100.0,100.0
2019-01-23,99.8,95.6,41.9,,,,,,,,,,100.0,97.5,100.0,100.0
2019-01-24,99.0,86.8,91.0,,,,,,,97.3,65.9,79.2,100.0,97.5,100.0,100.0
2019-01-25,,,,100.0,99.1,100.0,,,,,,,100.0,97.8,100.0,100.0
2019-01-26,,,,,,,,,,,,,100.0,98.0,100.0,100.0
2019-01-27,,,,,,,,,,,,,100.0,97.9,100.0,100.0
2019-01-28,99.9,91.6,80.4,,,,,,,,,,100.0,97.9,100.0,100.0
2019-01-29,99.5,88.7,89.2,,,,100.0,100.0,99.9,,,,100.0,98.2,100.0,100.0
2019-01-30,98.9,86.6,88.3,,,,,,,,,,100.0,98.0,100.0,100.0
2019-01-31,,,,,,,,,,,,,100.0,97.6,100.0,100.0
2019-02-01,,,,,,,,,,,,,100.0,97.5,100.0,100.0
2019-02-02,,,,,,,,,,,,,100.0,97.3,100.0,100.0
2019-02-03,99.0,87.6,78.7,,,,,,,,,,100.0,97.4,100.0,100.0
2019-02-04,99.9,93.1,45.8,100.0,99.1,100.0,,,,,,,100.0,97.1,100.0,100.0
2019-02-05,98.7,85.0,87.4,,,,100.0,100.0,100.0,,,,100.0,97.7,100.0,100.0
2019-02-06,,,,,,,,,,,,,100.0,97.0,100.0,100.0
2019-02-07,,,,,,,,,,,,,100.0,96.8,100.0,100.0
2019-02-08,,,,,,,,,,,,,100.0,96.0,100.0,100.0
2019-02-09,99.9,89.7,74.9,,,,,,,,,,100.0,94.9,100.0,100.0
2019-02-10,99.6,86.5,80.1,,,,,,,,,,100.0,95.6,100.0,100.0
2019-02-11,97.6,80.1,84.5,,,,,,,,,,100.0,96.4,100.0,100.0
2019-02-12,,,,,,,,,,,,,100.0,96.6,100.0,100.0
2019-02-13,,,,,,,,,,100.0,85.5,100.0,100.0,96.8,100.0,100.0
2019-02-14,,,,100.0,98.9,100.0,100.0,100.0,100.0,100.0,86.9,100.0,100.0,98.3,100.0,100.0
2019-02-15,,,,,,,,,,,,,100.0,97.9,100.0,100.0
2019-02-16,100.0,87.7,39.0,,,,,,,,,,100.0,98.1,100.0,100.0
2019-02-17,97.9,79.4,87.6,,,,,,,99.9,89.6,100.0,100.0,98.1,100.0,100.0
2019-02-18,,,,,,,,,,100.0,94.1,100.0,100.0,98.3,100.0,100.0
2019-02-19,,,,100.0,98.3,100.0,,,,,,,100.0,98.7,100.0,100.0
2019-02-20,,,,,,,,,,100.0,96.0,96.0,100.0,98.3,100.0,100.0
2019-02-21,99.8,88.7,74.3,,,,100.0,100.0,90.9,100.0,95.3,100.0,100.0,98.6,100.0,100.0
2019-02-22,99.4,87.6,82.3,,,,,,,,,,100.0,98.6,100.0,100.0
2019-02-23,97.4,83.0,88.1,,,,,,,100.0,93.7,100.0,100.0,98.6,100.0,100.0
2019-02-24,,,,100.0,98.0,100.0,,,,100.0,92.6,100.0,100.0,98.5,100.0,100.0
2019-02-25,,,,,,,,,,100.0,92.9,100.0,100.0,97.9,100.0,100.0
2019-02-26,,,,,,,,,,,,,100.0,97.6,100.0,100.0
2019-02-27,98.8,80.6,73.7,,,,,,,100.0,93.3,100.0,100.0,97.3,100.0,100.0
2019-02-28,,,,,,,,,,100.0,95.5,100.0,100.0,96.7,100.0,100.0
2019-03-01,96.9,80.3,85.9,,,,,,,,,,100.0,95.8,100.0,100.0
2019-03-02,,,,,,,,,,,,,100.0,94.6,100.0,100.0
2019-03-03,,,,,,,,,,100.0,94.8,100.0,99.9,92.7,100.0,99.9
2019-03-04,,,,,,,,,,,,,99.8,91.2,100.0,99.8
2019-03-05,99.1,84.0,72.6,,,,,,,,,,96.4,88.6,100.0,96.4
2019-03-06,99.2,82.6,75.9,,,,,,,,,,95.5,87.7,100.0,95.5
2019-03-07,96.0,74.1,83.3,,,,,,,,,,89.3,80.9,100.0,89.3
2019-03-08,,,,,,,,,,,,,91.4,82.9,100.0,91.4
2019-03-09,,,,,,,,,,,,,87.6,76.9,100.0,87.6
2019-03-10,,,,,,,,,,,,,89.0,79.1,100.0,89.0
2019-03-11,98.2,80.9,86.8,,,,,,,100.0,93.9,100.0,87.2,77.6,100.0,87.2
2019-03-12,99.4,85.5,40.4,,,,,,,,,,91.9,83.3,100.0,91.9
2019-03-13,97.4,82.8,89.6,,,,,,,,,,91.8,83.7,100.0,91.8
2019-03-14,,,,,,,,,,,,,93.0,84.2,100.0,93.0
2019-03-15,,,,,,,,,,,,,95.4,87.1,100.0,95.4
2019-03-16,,,,100.0,98.2,100.0,,,,,,,98.1,91.3,100.0,98.1
2019-03-17,99.8,90.1,80.3,,,,,,,,,,98.4,92.1,100.0,98.4
2019-03-18,98.9,88.9,91.8,,,,100.0,99.8,76.3,,,,99.2,93.7,100.0,99.2
2019-03-19,98.0,89.1,89.5,,,,,,,,,,99.8,95.2,100.0,99.8
2019-03-20,,,,,,,,,,,,,99.8,95.8,100.0,99.8
2019-03-21,,,,100.0,97.7,100.0,,,,,,,99.9,96.7,100.0,99.9
2019-03-22,,,,,,,,,,,,,99.9,96.1,100.0,99.9
2019-03-23,99.4,91.3,78.8,,,,,,,,,,99.9,96.8,100.0,99.9
2019-03-24,100.0,94.5,41.2,,,,,,,,,,100.0,96.6,100.0,100.0
2019-03-25,98.2,89.1,91.3,,,,100.0,99.8,55.7,,,,99.9,97.4,100.0,99.9
2019-03-26,,,,100.0,98.3,68.2,,,,,,,100.0,97.1,100.0,100.0
2019-03-27,,,,,,,,,,,,,99.9,97.1,100.0,99.9
2019-03-28,,,,,,,,,,,,,100.0,96.7,100.0,100.0
2019-03-29,99.7,93.8,79.3,,,,,,,,,,100.0,96.9,100.0,100.0
2019-03-30,99.3,92.0,87.3,,,,,,,,,,99.9,96.5,100.0,99.9
2019-03-31,97.9,89.8,90.6,100.0,98.4,100.0,,,,,,,99.9,96.9,100.0,99.9
2019-04-01,,,,,,,,,,,,,99.9,95.8,100.0,99.9
2019-04-02,,,,,,,,,,,,,99.8,94.9,100.0,99.8
2019-04-03,,,,,,,,,,,,,99.4,93.6,100.0,99.4
2019-04-04,98.2,90.0,85.4,,,,,,,,,,99.3,93.8,100.0,99.3
2019-04-05,99.5,89.0,48.8,100.0,98.9,100.0,,,,,,,99.1,93.9,100.0,99.1
2019-04-06,97.4,86.4,90.0,,,,,,,,,,98.9,93.2,100.0,98.9
2019-04-07,,,,,,,,,,,,,98.3,91.7,100.0,98.3
2019-04-08,,,,,,,,,,,,,98.4,92.4,100.0,98.4
2019-04-09,,,,,,,,,,,,,98.9,91.9,100.0,98.9
2019-04-10,98.4,88.3,84.0,,,,,,,,,,98.6,91.9,100.0,98.6
2019-04-11,96.5,81.8,90.8,,,,,,,,,,98.9,91.7,100.0,98.9
2019-04-12,96.3,79.8,92.5,,,,,,,,,,98.1,90.6,100.0,98.1
2019-04-13,,,,,,,,,,,,,99.3,91.1,100.0,99.3
2019-04-14,,,,,,,,,,,,,98.9,89.6,100.0,98.9
2019-04-15,,,,100.0,98.7,100.0,,,,,,,99.7,92.6,100.0,99.7
2019-04-16,97.1,74.4,82.5,,,,,,,,,,99.5,91.6,100.0,99.5
2019-04-17,97.7,80.1,49.6,,,,,,,,,,100.0,93.2,100.0,100.0
2019-04-18,94.7,76.6,93.0,,,,,,,,,,99.9,93.2,100.0,99.9
2019-04-19,,,,,,,100.0,97.1,86.2,,,,100.0,94.7,100.0,100.0
2019-04-20,,,,100.0,98.7,100.0,,,,,,,99.9,94.6,100.0,99.9
2019-04-21,,,,,,,,,,,,,100.0,94.7,100.0,100.0
2019-04-22,94.5,74.8,89.6,,,,,,,,,,99.9,94.3,100.0,99.9
2019-04-23,90.9,71.5,92.7,,,,,,,,,,99.9,94.5,100.0,99.9
2019-04-24,88.1,67.0,93.1,,,,,,,,,,99.8,93.4,100.0,99.8
2019-04-25,,,,,,,,,,,,,99.9,93.9,100.0,99.9
2019-04-26,,,,,,,,,,,,,99.7,93.7,100.0,99.7
2019-04-27,,,,,,,,,,,,,99.7,93.3,100.0,99.7
2019-04-28,89.7,70.3,91.3,,,,,,,,,,99.7,93.6,100.0,99.7
2019-04-29,95.0,74.6,45.4,,,,,,,,,,99.7,93.8,100.0,99.7
2019-04-30,88.4,70.0,92.8,100.0,99.1,100.0,,,,,,,99.7,95.2,100.0,99.7
2019-05-01,,,,,,,,,,,,,99.3,93.1,100.0,99.3
2019-05-02,,,,,,,,,,,,,99.6,94.2,100.0,99.6
2019-05-03,,,,,,,,,,,,,99.6,93.8,100.0,99.6
2019-05-04,92.8,75.7,90.2,,,,,,,,,,99.7,95.0,100.0,99.7
2019-05-05,91.1,75.8,92.9,100.0,99.5,58.2,,,,,,,99.2,93.7,100.0,99.2
2019-05-06,90.7,76.6,93.2,,,,,,,,,,99.8,95.2,100.0,99.8
2019-05-07,,,,,,,,,,,,,99.6,93.8,100.0,99.6
2019-05-08,,,,,,,,,,,,,99.8,95.0,100.0,99.8
2019-05-09,,,,,,,,,,,,,99.6,93.8,100.0,99.6
2019-05-10,93.3,79.6,91.8,100.0,98.1,100.0,,,,,,,100.0,96.3,100.0,100.0
2019-05-11,99.8,87.6,35.5,,,,,,,,,,99.8,94.6,100.0,99.8
2019-05-12,91.5,79.7,93.5,,,,,,,,,,99.9,95.6,100.0,99.9
2019-05-13,,,,,,,,,,,,,99.9,94.8,100.0,99.9
2019-05-14,,,,,,,,,,,,,100.0,96.0,100.0,100.0
2019-05-15,,,,100.0,95.0,100.0,,,,,,,100.0,95.4,100.0,100.0
2019-05-16,96.4,83.9,89.1,,,,,,,,,,99.9,94.6,100.0,99.9
2019-05-17,93.0,79.5,93.1,,,,,,,,,,99.9,93.8,100.0,99.9
2019-05-18,92.1,78.9,92.7,,,,,,,,,,99.9,94.1,100.0,99.9
2019-05-19,,,,,,,,,,,,,100.0,93.2,100.0,100.0
2019-05-20,,,,,,,,,,,,,99.9,92.6,100.0,99.9
2019-05-21,,,,,,,,,,,,,100.0,92.1,100.0,100.0
2019-05-22,96.5,79.7,86.4,,,,,,,98.9,79.3,100.0,100.0,93.7,100.0,100.0
2019-05-23,99.8,86.2,46.7,,,,,,,,,,100.0,92.9,100.0,100.0
2019-05-24,91.7,76.1,92.5,,,,,,,,,,100.0,93.5,100.0,100.0
2019-05-25,,,,,,,,,,,,,99.9,92.8,100.0,99.9
2019-05-26,,,,,,,,,,,,,99.9,93.0,100.0,99.9
2019-05-27,,,,,,,,,,,,,99.9,91.6,100.0,99.9
2019-05-28,96.6,79.3,85.5,,,,,,,,,,99.7,91.6,100.0,99.7
2019-05-29,90.6,75.7,91.9,,,,,,,,,,99.3,91.3,100.0,99.3
2019-05-30,90.0,74.3,91.9,98.8,88.3,92.1,,,,,,,99.6,93.2,100.0,99.6
2019-05-31,,,,,,,,,,39.6,43.6,51.6,98.4,90.2,100.0,98.4
2019-06-01,,,,,,,,,,,,,97.5,89.3,100.0,97.5
2019-06-02,,,,,,,,,,,,,95.7,86.7,100.0,95.7
2019-06-03,92.7,76.5,85.5,,,,,,,,,,95.8,87.0,100.0,95.8
2019-06-04,89.4,75.1,49.8,82.0,65.7,100.0,,,,,,,90.8,81.4,100.0,90.8
2019-06-05,83.9,66.3,90.7,,,,,,,,,,84.5,74.9,100.0,84.5
2019-06-06,,,,,,,,,,,,,72.0,65.8,100.0,72.0
2019-06-07,,,,,,,,,,,,,61.8,60.7,100.0,61.8
2019-06-08,,,,,,,,,,,,,35.2,49.6,100.0,35.2
2019-06-09,84.7,66.3,83.4,,,,,,,,,,12.2,37.7,100.0,12.2
2019-06-10,71.2,55.4,82.7,,,,,,,,,,2.7,26.3,100.0,2.7
2019-06-11,55.6,45.5,90.4,,,,,,,,,,0.9,22.2,100.0,0.9
2019-06-12,,,,,,,,,,,,,0.0,18.1,100.0,0.0
2019-06-13,,,,,,,,,,,,,0.0,12.9,100.0,0.0
2019-06-14,,,,,,,,,,,,,0.0,9.7,100.0,0.0
2019-06-15,37.8,37.7,81.5,,,,,,,,,,0.0,5.5,100.0,0.0
2019-06-16,33.8,34.2,47.5,,,,,,,,,,0.0,4.7,100.0,0.0
2019-06-17,21.9,28.5,91.7,,,,,,,1.7,11.6,47.7,0.0,4.6,100.0,0.0
2019-06-18,,,,,,,,,,,,,0.0,4.1,100.0,0.0
2019-06-19,,,,0.0,1.4,62.6,,,,1.8,12.1,93.2,0.0,3.5,100.0,0.0
2019-06-20,,,,,,,,,,,,,0.0,3.2,100.0,0.0
2019-06-21,7.0,19.2,84.6,,,,,,,,,,0.0,3.3,100.0,0.0
2019-06-22,0.9,11.9,89.2,,,,,,,,,,0.0,3.1,100.0,0.0
2019-06-23,0.9,11.1,90.7,,,,,,,0.0,3.1,100.0,0.0,2.4,100.0,0.0
2019-06-24,,,,0.0,0.4,100.0,,,,,,,0.0,2.0,100.0,0.0
2019-06-25,,,,,,,,,,,,,0.0,1.8,100.0,0.0
2019-06-26,,,,,,,,,,0.0,0.5,100.0,0.0,1.5,100.0,0.0
2019-06-27,0.2,8.3,83.0,,,,,,,0.0,0.1,100.0,0.0,1.5,100.0,0.0
2019-06-28,0.4,7.7,43.2,,,,,,,0.0,0.0,100.0,0.0,1.2,100.0,0.0
2019-06-29,0.1,8.1,91.5,0.0,0.1,100.0,0.0,0.0,75.5,,,,0.0,1.1,100.0,0.0
2019-06-30,,,,,,,,,,0.0,0.0,100.0,0.0,0.8,100.0,0.0
2019-07-01,,,,,,,,,,,,,0.0,1.0,100.0,0.0
2019-07-02,,,,,,,,,,0.0,0.0,73.5,0.0,0.9,100.0,0.0
2019-07-03,0.1,5.7,83.1,,,,,,,,,,0.0,1.1,100.0,0.0
2019-07-04,0.2,5.6,92.1,0.0,0.1,51.2,,,,,,,0.0,1.2,100.0,0.0
2019-07-05,0.1,4.7,92.1,,,,,,,,,,0.0,1.3,100.0,0.0
2019-07-06,,,,,,,,,,,,,0.0,1.6,100.0,0.0
2019-07-07,,,,,,,,,,,,,0.0,2.1,100.0,0.0
2019-07-08,,,,,,,,,,0.0,0.0,100.0,0.0,2.2,100.0,0.0
2019-07-09,0.1,4.1,87.1,0.0,0.1,69.8,,,,,,,0.0,2.3,100.0,0.0
2019-07-10,0.0,3.5,92.9,,,,,,,,,,0.0,1.7,100.0,0.0
2019-07-11,0.0,3.9,93.2,,,,,,,0.0,0.0,93.9,0.0,1.5,100.0,0.0
2019-07-12,,,,,,,,,,,,,0.0,1.8,100.0,0.0
2019-07-13,,,,,,,,,,,,,0.0,1.5,100.0,0.0
2019-07-14,,,,0.0,0.1,44.9,,,,,,,0.0,1.3,100.0,0.0
2019-07-15,0.0,2.9,85.1,,,,,,,,,,0.0,1.1,100.0,0.0
2019-07-16,0.0,3.3,93.5,,,,,,,,,,0.0,0.9,100.0,0.0
2019-07-17,0.0,3.5,93.8,,,,,,,,,,0.0,0.7,100.0,0.0
2019-07-18,,,,,,,,,,0.0,0.0,100.0,0.0,0.4,100.0,0.0
2019-07-19,,,,0.0,0.0,99.5,,,,,,,0.0,0.3,100.0,0.0
2019-07-20,,,,,,,,,,,,,0.0,0.2,100.0,0.0
2019-07-21,0.0,3.5,85.4,,,,,,,,,,0.0,0.1,100.0,0.0
2019-07-22,0.0,4.0,93.7,,,,,,,,,,0.0,0.2,100.0,0.0
2019-07-23,0.1,4.6,93.6,,,,,,,,,,0.0,0.2,100.0,0.0
2019-07-24,,,,0.0,0.0,100.0,0.0,0.0,99.0,,,,0.0,0.1,100.0,0.0
2019-07-25,,,,,,,,,,,,,0.0,0.1,100.0,0.0
2019-07-26,,,,,,,,,,,,,0.0,0.1,100.0,0.0
2019-07-27,0.0,3.0,85.0,,,,,,,,,,0.0,0.1,100.0,0.0
2019-07-28,0.0,3.3,92.4,,,,,,,,,,0.0,0.1,100.0,0.0
2019-07-29,0.1,3.4,93.3,0.0,0.0,100.0,,,,0.0,0.0,100.0,0.0,0.1,100.0,0.0
2019-07-30,,,,,,,,,,,,,0.0,0.1,100.0,0.0
2019-07-31,,,,,,,,,,,,,0.0,0.2,100.0,0.0
2019-08-01,,,,,,,,,,,,,0.0,0.3,100.0,0.0
2019-08-02,0.0,2.8,86.6,,,,,,,0.0,0.0,35.1,0.0,0.2,100.0,0.0
2019-08-03,0.0,2.7,93.9,0.0,0.0,95.5,,,,,,,0.0,0.2,100.0,0.0
2019-08-04,0.3,3.2,94.4,,,,,,,,,,0.0,0.2,100.0,0.0
2019-08-05,,,,,,,,,,0.0,0.0,56.4,0.0,0.2,100.0,0.0
2019-08-06,,,,,,,,,,,,,0.0,0.2,100.0,0.0
2019-08-07,,,,,,,,,,,,,0.0,0.2,100.0,0.0
2019-08-08,0.0,2.6,85.4,0.0,0.1,44.2,,,,,,,0.0,0.2,100.0,0.0
2019-08-09,0.0,2.8,91.2,,,,0.0,0.0,46.5,0.0,0.0,94.3,0.0,0.1,100.0,0.0
2019-08-10,0.3,3.3,92.6,,,,,,,,,,0.0,0.1,100.0,0.0
2019-08-11,,,,,,,,,,,,,0.0,0.1,100.0,0.0
2019-08-12,,,,,,,,,,,,,0.0,0.1,100.0,0.0
2019-08-13,,,,0.0,0.1,89.3,,,,0.0,0.0,51.8,0.0,0.1,100.0,0.0
2019-08-14,0.0,2.3,82.0,,,,,,,0.0,0.0,100.0,0.0,0.1,100.0,0.0
2019-08-15,0.1,2.6,92.4,,,,,,,,,,0.0,0.1,100.0,0.0
2019-08-16,0.4,3.2,94.7,,,,0.0,0.0,60.9,,,,0.0,0.1,100.0,0.0
2019-08-17,,,,,,,,,,0.0,0.0,89.3,0.0,0.1,100.0,0.0
2019-08-18,,,,0.1,0.2,73.2,,,,,,,0.0,0.1,100.0,0.0
2019-08-19,,,,,,,,,,,,,0.0,0.0,100.0,0.0
2019-08-20,0.0,2.2,84.8,,,,,,,,,,0.0,0.1,100.0,0.0
2019-08-21,0.0,2.5,93.9,,,,,,,0.0,0.0,100.0,0.0,0.0,100.0,0.0
2019-08-22,0.5,3.2,94.0,,,,,,,,,,0.0,0.0,100.0,0.0
2019-08-23,,,,0.0,0.0,100.0,,,,,,,0.0,0.0,100.0,0.0
2019-08-24,,,,,,,,,,,,,0.0,0.0,100.0,0.0
2019-08-25,,,,,,,0.0,0.0,99.8,0.0,0.0,100.0,0.0,0.0,100.0,0.0
2019-08-26,0.0,2.6,85.1,,,,,,,0.0,0.0,100.0,0.0,0.0,100.0,0.0
2019-08-27,0.1,4.1,92.0,,,,,,,,,,0.0,0.0,100.0,0.0
2019-08-28,0.6,5.7,92.8,,,,,,,0.0,0.0,100.0,0.0,0.0,100.0,0.0
2019-08-29,,,,,,,,,,,,,0.0,0.0,100.0,0.0
2019-08-30,,,,,,,,,,,,,0.0,0.0,100.0,0.0
2019-08-31,,,,,,,,,,,,,0.0,0.0,100.0,0.0
2019-09-01,0.0,4.5,85.4,,,,,,,,,,0.0,0.0,100.0,0.0
2019-09-02,0.0,4.5,90.8,,,,,,,,,,0.0,0.1,100.0,0.0
2019-09-03,0.9,6.1,94.1,,,,,,,,,,0.0,0.0,100.0,0.0
2019-09-04,,,,,,,,,,,,,0.0,0.1,100.0,0.0
2019-09-05,,,,,,,,,,0.0,0.0,100.0,0.0,0.0,100.0,0.0
2019-09-06,,,,,,,,,,,,,0.0,0.1,100.0,0.0
2019-09-07,0.0,5.0,86.5,,,,,,,,,,0.0,0.1,100.0,0.0
2019-09-08,0.0,4.2,92.9,,,,,,,,,,0.0,0.1,100.0,0.0
2019-09-09,1.0,4.9,93.7,,,,,,,,,,0.0,0.1,100.0,0.0
2019-09-10,,,,,,,,,,,,,0.0,0.2,100.0,0.0
2019-09-11,,,,,,,,,,,,,0.0,0.2,100.0,0.0
2019-09-12,,,,0.0,0.0,100.0,,,,,,,0.0,0.1,100.0,0.0
2019-09-13,0.0,4.5,86.5,,,,,,,,,,0.0,0.1,100.0,0.0
2019-09-14,,,,,,,,,,,,,0.0,0.1,100.0,0.0
2019-09-15,1.2,6.4,94.2,,,,,,,,,,0.0,0.1,100.0,0.0
2019-09-16,,,,,,,,,,,,,0.0,0.1,100.0,0.0
2019-09-17,,,,0.0,0.0,100.0,0.0,0.0,43.3,,,,0.0,0.1,100.0,0.0
2019-09-18,,,,,,,,,,,,,0.0,0.2,100.0,0.0
2019-09-19,0.1,2.7,86.6,,,,,,,,,,0.0,0.2,100.0,0.0
2019-09-20,0.8,3.9,94.4,,,,,,,,,,0.0,0.1,100.0,0.0
2019-09-21,1.1,3.7,94.2,,,,,,,,,,0.0,0.2,100.0,0.0
2019-09-22,,,,,,,,,,,,,0.0,0.2,100.0,0.0
2019-09-23,,,,,,,,,,0.0,0.0,98.4,0.0,0.1,100.0,0.0
2019-09-24,,,,,,,,,,,,,0.0,0.2,100.0,0.0
2019-09-25,0.0,2.7,84.8,,,,,,,,,,0.0,0.2,100.0,0.0
2019-09-26,0.0,3.0,92.4,,,,,,,,,,0.0,0.2,100.0,0.0
2019-09-27,0.9,3.9,94.5,0.0,0.0,100.0,,,,,,,0.0,0.2,100.0,0.0
2019-09-28,,,,,,,,,,,,,0.0,0.2,100.0,0.0
2019-09-29,,,,,,,,,,,,,0.0,0.3,100.0,0.0
2019-09-30,,,,,,,,,,,,,0.0,0.2,100.0,0.0
2019-10-01,0.0,2.6,87.7,,,,,,,0.0,0.1,43.3,0.0,0.2,100.0,0.0
2019-10-02,0.0,2.2,92.3,,,,,,,,,,0.0,0.2,100.0,0.0
2019-10-03,0.7,3.3,95.4,,,,0.0,0.0,88.2,,,,0.0,0.2,100.0,0.0
2019-10-04,,,,,,,,,,,,,0.0,0.2,100.0,0.0
2019-10-05,,,,,,,,,,0.0,0.1,52.2,0.0,0.2,100.0,0.0
2019-10-06,,,,,,,,,,,,,0.0,0.3,100.0,0.0
2019-10-07,0.0,1.8,87.6,0.0,0.1,51.3,,,,,,,0.0,0.3,100.0,0.0
2019-10-08,0.0,1.7,92.3,,,,,,,0.0,0.0,100.0,0.0,0.3,100.0,0.0
2019-10-09,0.4,2.2,94.8,,,,,,,,,,0.0,0.3,100.0,0.0
2019-10-10,,,,,,,,,,,,,0.0,0.5,100.0,0.0
2019-10-11,,,,,,,,,,,,,0.0,0.6,100.0,0.0
2019-10-12,,,,,,,,,,,,,0.0,0.6,100.0,0.0
2019-10-13,0.1,1.7,88.4,,,,,,,,,,0.0,0.4,100.0,0.0
2019-10-14,0.2,2.1,93.6,,,,,,,,,,0.0,0.6,100.0,0.0
2019-10-15,0.2,2.3,94.4,,,,,,,,,,0.0,0.7,100.0,0.0
2019-10-16,,,,,,,,,,0.0,0.1,100.0,0.0,0.5,100.0,0.0
2019-10-17,,,,0.0,0.0,62.2,,,,0.0,0.1,100.0,0.0,0.5,100.0,0.0
2019-10-18,,,,,,,,,,,,,0.0,0.6,100.0,0.0
2019-10-19,0.0,2.0,85.4,,,,,,,,,,0.0,0.9,100.0,0.0
2019-10-20,0.0,2.4,93.0,,,,,,,,,,0.0,0.8,100.0,0.0
2019-10-21,0.0,2.8,94.0,,,,,,,,,,0.0,0.9,100.0,0.0
2019-10-22,,,,,,,,,,,,,0.0,0.8,100.0,0.0
2019-10-23,,,,,,,,,,,,,0.0,0.9,100.0,0.0
2019-10-24,,,,,,,,,,0.0,0.2,100.0,0.0,0.8,100.0,0.0
2019-10-25,0.0,2.1,85.7,,,,,,,,,,0.0,1.0,100.0,0.0
2019-10-26,0.0,2.2,93.2,,,,,,,,,,0.0,0.7,100.0,0.0
2019-10-27,0.2,2.5,92.6,0.0,0.0,86.1,,,,,,,0.0,0.8,100.0,0.0
2019-10-28,,,,,,,,,,,,,0.0,0.8,100.0,0.0
2019-10-29,,,,,,,,,,,,,0.0,0.8,100.0,0.0
2019-10-30,,,,,,,,,,,,,0.0,0.5,100.0,0.0
2019-10-31,0.0,1.6,79.9,,,,,,,,,,0.0,0.5,100.0,0.0
2019-11-01,0.0,2.1,90.3,,,,,,,0.0,0.5,100.0,0.0,0.4,100.0,0.0
2019-11-02,0.1,2.4,93.1,,,,,,,,,,0.0,0.5,100.0,0.0
2019-11-03,,,,,,,,,,,,,0.0,0.4,100.0,0.0
2019-11-04,,,,,,,,,,,,,0.0,0.5,100.0,0.0
2019-11-05,,,,,,,,,,,,,0.0,0.6,100.0,0.0
2019-11-06,0.0,1.8,87.5,,,,,,,,,,0.0,0.6,100.0,0.0
2019-11-07,0.0,1.6,93.8,,,,,,,,,,0.0,0.6,100.0,0.0
2019-11-08,0.3,2.1,95.5,,,,,,,0.0,2.1,80.5,0.0,0.6,100.0,0.0
2019-11-09,,,,,,,,,,,,,0.0,0.8,100.0,0.0
2019-11-10,,,,,,,,,,,,,0.0,0.7,100.0,0.0
2019-11-11,,,,,,,,,,,,,0.0,0.8,100.0,0.0
2019-11-12,0.0,1.6,86.6,,,,,,,,,,0.0,0.9,100.0,0.0
2019-11-13,0.0,1.8,94.3,,,,0.0,0.2,98.1,,,,0.0,1.3,100.0,0.0
2019-11-14,0.4,2.2,95.2,,,,,,,,,,0.0,1.5,100.0,0.0
2019-11-15,,,,,,,,,,0.0,0.7,41.6,0.0,1.6,100.0,0.0
2019-11-16,,,,0.0,0.4,54.8,,,,,,,0.0,1.7,100.0,0.0
2019-11-17,,,,,,,,,,,,,0.0,2.1,100.0,0.0
2019-11-18,0.0,1.8,86.5,,,,,,,,,,0.0,2.4,100.0,0.0
2019-11-19,0.2,2.7,93.8,,,,,,,,,,0.0,2.8,100.0,0.0
2019-11-20,0.8,4.0,95.7,,,,0.0,1.0,96.1,,,,0.0,3.4,100.0,0.0
2019-11-21,,,,0.7,5.1,100.0,,,,,,,0.0,3.7,100.0,0.0
2019-11-22,,,,,,,,,,,,,0.0,4.4,100.0,0.0
2019-11-23,,,,,,,,,,,,,0.0,4.1,100.0,0.0
2019-11-24,0.0,3.5,86.9,,,,,,,,,,0.0,5.3,100.0,0.0
2019-11-25,0.0,5.0,93.5,,,,,,,,,,0.0,5.3,100.0,0.0
2019-11-26,0.8,6.3,96.0,,,,,,,,,,0.0,6.4,100.0,0.0
2019-11-27,,,,,,,,,,,,,0.0,6.3,100.0,0.0
2019-11-28,,,,,,,,,,,,,0.0,10.3,100.0,0.0
2019-11-29,,,,,,,,,,,,,0.0,10.6,100.0,0.0
2019-11-30,0.1,8.7,87.3,,,,,,,,,,0.1,12.9,100.0,0.1
2019-12-01,0.1,10.4,93.8,,,,,,,,,,0.0,10.6,100.0,0.0
2019-12-02,1.2,13.1,95.6,,,,,,,,,,0.2,14.8,100.0,0.2
2019-12-03,,,,,,,,,,,,,0.1,13.7,100.0,0.1
2019-12-04,,,,,,,,,,0.1,13.4,100.0,0.2,14.2,100.0,0.2
2019-12-05,,,,,,,,,,,,,0.1,13.0,100.0,0.1
2019-12-06,0.2,10.8,85.5,54.6,43.7,100.0,53.6,45.1,98.9,,,,0.5,19.7,100.0,0.5
2019-12-07,0.2,8.5,94.7,,,,,,,,,,0.1,15.4,100.0,0.1
2019-12-08,1.2,9.0,93.5,,,,,,,2.0,16.3,100.0,0.2,15.8,100.0,0.2
2019-12-09,,,,,,,,,,,,,0.1,12.7,100.0,0.1
2019-12-10,,,,,,,,,,,,,0.1,15.7,100.0,0.1
2019-12-11,,,,,,,,,,,,,0.0,12.4,100.0,0.0
2019-12-12,0.4,7.4,83.2,,,,,,,16.4,23.2,100.0,0.1,14.3,100.0,0.1
2019-12-13,1.0,9.4,90.4,,,,,,,,,,0.0,11.8,100.0,0.0
2019-12-14,1.4,9.4,91.2,,,,,,,,,,0.2,15.4,100.0,0.2
2019-12-15,,,,,,,,,,24.9,27.4,90.4,0.1,11.8,100.0,0.1
2019-12-16,,,,,,,,,,,,,0.1,14.4,100.0,0.1
2019-12-17,,,,,,,,,,,,,0.1,11.1,100.0,0.1
2019-12-18,2.3,9.6,87.3,,,,,,,,,,0.1,13.4,100.0,0.1
2019-12-19,2.0,8.2,93.3,,,,,,,26.7,29.1,100.0,0.0,10.0,100.0,0.0
2019-12-20,3.3,9.2,95.0,,,,,,,,,,0.1,11.5,100.0,0.1
2019-12-21,,,,,,,,,,34.4,35.4,100.0,0.1,9.6,100.0,0.1
2019-12-22,,,,,,,,,,,,,0.3,13.2,100.0,0.3
2019-12-23,,,,,,,,,,,,,0.4,13.5,100.0,0.4
2019-12-24,2.3,7.7,83.1,,,,,,,,,,1.1,18.4,100.0,1.1
2019-12-25,2.1,8.8,90.9,,,,,,,41.1,43.1,100.0,2.2,24.1,100.0,2.2
2019-12-26,3.3,10.7,93.6,46.1,46.0,100.0,,,,,,,5.3,33.9,100.0,5.3
2019-12-27,,,,,,,,,,,,,7.2,37.0,100.0,7.2
2019-12-28,,,,,,,,,,,,,21.9,50.0,100.0,21.9
2019-12-29,,,,,,,,,,45.2,44.6,100.0,37.0,53.4,100.0,37.0
2019-12-30,1.7,9.3,81.4,,,,,,,,,,62.1,62.8,100.0,62.1
2019-12-31,2.1,10.6,90.7,73.2,65.7,100.0,98.6,94.2,81.2,,,,80.2,69.2,100.0,80.2
2020-01-01,4.1,14.3,88.9,,,,,,,,,,95.2,75.5,100.0,95.2
2020-01-02,,,,,,,,,,,,,95.3,77.9,100.0,95.3
2020-01-03,,,,,,,,,,,,,97.4,80.7,100.0,97.4
2020-01-04,,,,,,,,,,49.9,49.6,100.0,98.2,83.0,100.0,98.2
2020-01-05,2.7,13.5,75.4,99.2,93.1,100.0,,,,57.1,57.3,100.0,99.3,87.0,100.0,99.3
2020-01-06,9.7,22.3,85.2,,,,,,,,,,99.0,86.0,100.0,99.0
2020-01-07,18.9,27.8,89.5,,,,100.0,98.8,94.2,,,,99.9,88.7,100.0,99.9
2020-01-08,,,,,,,,,,,,,100.0,88.5,100.0,100.0
2020-01-09,,,,,,,,,,,,,100.0,90.6,100.0,100.0
2020-01-10,,,,99.8,97.3,84.8,,,,,,,100.0,91.2,100.0,100.0
2020-01-11,35.1,36.7,79.4,,,,,,,77.3,71.2,99.9,100.0,90.6,100.0,100.0
2020-01-12,46.7,42.2,87.7,,,,,,,83.4,75.5,100.0,100.0,91.4,100.0,100.0
2020-01-13,67.2,51.0,91.0,,,,,,,,,,100.0,92.8,100.0,100.0
2020-01-14,,,,,,,,,,,,,100.0,93.3,100.0,100.0
2020-01-15,,,,100.0,98.3,99.6,,,,,,,100.0,94.0,100.0,100.0
2020-01-16,,,,,,,100.0,99.9,97.7,86.2,79.2,100.0,100.0,95.4,100.0,100.0
2020-01-17,80.5,58.7,79.5,,,,,,,,,,100.0,95.0,100.0,100.0
2020-01-18,84.8,62.3,86.2,,,,,,,,,,100.0,96.1,100.0,100.0
2020-01-19,89.1,67.0,89.5,,,,,,,,,,100.0,96.3,100.0,100.0
2020-01-20,,,,100.0,99.2,100.0,,,,97.1,88.7,45.7,100.0,96.9,100.0,100.0
2020-01-21,,,,,,,,,,,,,100.0,96.5,100.0,100.0
2020-01-22,,,,,,,,,,,,,100.0,96.7,100.0,100.0
2020-01-23,97.3,77.2,77.2,,,,,,,,,,100.0,97.0,100.0,100.0
2020-01-24,97.1,79.2,85.4,,,,,,,,,,100.0,96.6,100.0,100.0
2020-01-25,94.3,80.4,87.4,99.8,97.6,100.0,,,,,,,100.0,96.7,100.0,100.0
2020-01-26,,,,,,,,,,,,,99.6,95.3,100.0,99.6
2020-01-27,,,,,,,,,,,,,99.4,94.8,100.0,99.4
2020-01-28,,,,,,,,,,,,,98.3,93.7,100.0,98.3
2020-01-29,99.7,88.7,76.4,,,,,,,,,,98.0,94.0,100.0,98.0
2020-01-30,98.2,87.8,84.4,99.7,97.3,100.0,,,,,,,96.6,92.9,100.0,96.6
2020-01-31,94.4,83.7,94.0,,,,,,,93.5,86.6,100.0,96.2,92.3,100.0,96.2
2020-02-01,,,,,,,,,,,,,94.2,88.3,100.0,94.2
2020-02-02,,,,,,,,,,,,,95.3,90.0,100.0,95.3
2020-02-03,,,,,,,,,,,,,93.4,87.2,100.0,93.4
2020-02-04,98.0,86.4,93.2,,,,,,,,,,94.6,89.6,100.0,94.6
2020-02-05,,,,,,,,,,96.8,90.4,100.0,94.5,89.2,100.0,94.5
2020-02-06,95.3,82.4,92.1,,,,,,,,,,96.0,92.1,100.0,96.0
2020-02-07,,,,,,,,,,,,,95.3,91.4,100.0,95.3
2020-02-08,,,,,,,100.0,99.9,38.3,96.9,90.0,99.9,96.8,93.5,100.0,96.8
2020-02-09,,,,100.0,98.7,100.0,,,,,,,96.7,93.9,100.0,96.7
2020-02-10,98.0,88.4,89.3,,,,,,,,,,97.3,94.7,100.0,97.3
2020-02-11,98.3,86.3,91.7,,,,,,,,,,96.9,93.9,100.0,96.9
2020-02-12,96.7,86.7,92.8,,,,,,,,,,97.9,95.0,100.0,97.9
2020-02-13,,,,,,,,,,,,,98.0,94.8,100.0,98.0
2020-02-14,,,,100.0,99.4,100.0,,,,,,,99.0,95.8,100.0,99.0
2020-02-15,,,,,,,,,,98.5,89.9,79.4,98.3,94.7,100.0,98.3
2020-02-16,98.9,87.9,81.9,,,,,,,,,,99.4,95.4,100.0,99.4
2020-02-17,,,,,,,,,,,,,98.2,93.9,100.0,98.2
2020-02-18,97.5,85.5,95.0,,,,,,,,,,99.6,95.2,100.0,99.6
2020-02-19,,,,,,,,,,,,,98.2,93.6,100.0,98.2
2020-02-20,,,,,,,,,,99.8,92.8,100.0,100.0,95.7,100.0,100.0
2020-02-21,,,,,,,,,,,,,99.5,94.6,100.0,99.5
2020-02-22,98.9,86.9,79.6,,,,,,,,,,100.0,96.0,100.0,100.0
2020-02-23,97.2,81.8,88.8,,,,,,,,,,98.6,94.1,100.0,98.6
2020-02-24,95.2,76.3,96.2,100.0,98.9,100.0,100.0,99.9,84.5,,,,100.0,96.0,100.0,100.0
2020-02-25,,,,,,,,,,,,,97.3,91.8,100.0,97.3
2020-02-26,,,,,,,,,,,,,98.2,92.1,100.0,98.2
2020-02-27,,,,,,,,,,,,,94.7,88.0,100.0,94.7
2020-02-28,96.0,75.3,81.8,,,,,,,,,,96.5,89.7,100.0,96.5
2020-02-29,,,,,,,,,,,,,93.1,85.7,100.0,93.1
2020-03-01,94.4,71.8,91.4,,,,,,,,,,95.1,88.5,100.0,95.1
2020-03-02,,,,,,,,,,,,,90.5,84.3,100.0,90.5
2020-03-03,,,,,,,,,,,,,91.8,84.9,100.0,91.8
2020-03-04,,,,,,,100.0,100.0,99.4,,,,88.1,82.9,100.0,88.1
2020-03-05,93.9,71.0,77.8,,,,,,,,,,87.1,81.2,100.0,87.1
2020-03-06,91.9,71.8,83.8,,,,,,,,,,83.0,78.5,100.0,83.0
2020-03-07,89.6,67.6,87.8,,,,,,,100.0,97.0,55.7,89.1,82.0,100.0,89.1
2020-03-08,,,,,,,,,,,,,85.1,78.3,100.0,85.1
2020-03-09,,,,,,,,,,,,,88.4,81.3,100.0,88.4
2020-03-10,,,,,,,,,,,,,88.3,80.8,100.0,88.3
2020-03-11,92.4,72.9,91.4,,,,100.0,99.9,91.0,,,,96.4,88.8,100.0,96.4
2020-03-12,,,,,,,,,,,,,94.3,85.8,100.0,94.3
2020-03-13,86.0,68.2,94.5,,,,,,,100.0,96.1,100.0,95.7,88.1,100.0,95.7
2020-03-14,,,,,,,,,,100.0,97.4,100.0,94.3,86.7,100.0,94.3
2020-03-15,,,,100.0,98.7,100.0,,,,,,,98.3,91.3,100.0,98.3
2020-03-16,,,,,,,,,,,,,96.8,89.2,100.0,96.8
2020-03-17,84.9,67.7,85.9,,,,,,,,,,98.0,90.8,100.0,98.0
2020-03-18,81.5,64.7,91.6,,,,,,,100.0,97.6,100.0,96.1,89.5,100.0,96.1
2020-03-19,80.0,62.3,94.4,,,,,,,,,,99.2,92.2,100.0,99.2
2020-03-20,,,,100.0,97.9,97.9,100.0,99.4,99.8,,,,99.1,92.2,100.0,99.1
2020-03-21,,,,,,,,,,,,,99.0,91.0,100.0,99.0
2020-03-22,,,,,,,,,,100.0,97.7,100.0,96.7,87.8,100.0,96.7
2020-03-23,79.5,62.3,87.6,,,,,,,,,,99.1,91.0,100.0,99.1
2020-03-24,,,,,,,,,,,,,99.2,89.6,100.0,99.2
2020-03-25,79.1,55.9,82.0,100.0,96.8,71.9,,,,,,,99.6,92.1,100.0,99.6
2020-03-26,,,,,,,,,,,,,98.9,88.1,100.0,98.9
2020-03-27,,,,,,,100.0,99.0,91.5,,,,99.9,92.6,100.0,99.9
2020-03-28,,,,,,,,,,,,,99.9,91.6,100.0,99.9
2020-03-29,90.9,68.9,78.2,,,,,,,,,,100.0,92.7,100.0,100.0
2020-03-30,93.1,69.0,81.4,,,,,,,100.0,97.7,52.5,100.0,92.1,100.0,100.0
2020-03-31,92.9,70.4,82.3,,,,,,,,,,100.0,93.1,100.0,100.0
2020-04-01,,,,,,,,,,,,,100.0,93.1,100.0,100.0
2020-04-02,,,,,,,,,,,,,100.0,93.5,100.0,100.0
2020-04-03,,,,,,,,,,100.0,97.0,100.0,100.0,93.7,100.0,100.0
2020-04-04,93.9,71.0,76.4,100.0,95.5,100.0,,,,100.0,95.9,50.0,100.0,95.4,100.0,100.0
2020-04-05,,,,,,,99.9,96.4,89.6,,,,100.0,95.4,100.0,100.0
2020-04-06,94.5,75.8,80.9,,,,,,,,,,100.0,95.3,100.0,100.0
2020-04-07,,,,,,,,,,99.9,95.6,100.0,100.0,95.3,100.0,100.0
2020-04-08,,,,,,,,,,99.9,94.7,100.0,100.0,95.7,100.0,100.0
2020-04-09,,,,99.9,93.7,100.0,,,,,,,100.0,96.2,100.0,100.0
2020-04-10,98.6,84.3,75.4,,,,,,,,,,100.0,95.6,100.0,100.0
2020-04-11,96.7,84.1,79.3,,,,,,,99.4,92.8,100.0,100.0,95.3,100.0,100.0
2020-04-12,95.6,81.2,81.0,,,,,,,98.7,91.6,100.0,100.0,95.7,100.0,100.0
2020-04-13,,,,,,,,,,,,,100.0,95.0,100.0,100.0
2020-04-14,,,,99.7,91.4,100.0,,,,,,,100.0,95.5,100.0,100.0
2020-04-15,,,,,,,,,,97.6,88.5,100.0,100.0,93.8,100.0,100.0
2020-04-16,95.5,82.5,80.1,,,,,,,,,,100.0,94.8,100.0,100.0
2020-04-17,,,,,,,,,,,,,100.0,93.6,100.0,100.0
2020-04-18,93.6,80.4,82.6,,,,,,,,,,99.9,94.0,100.0,99.9
2020-04-19,,,,,,,,,,,,,99.9,92.2,100.0,99.9
2020-04-20,,,,,,,,,,95.8,84.3,100.0,99.7,92.5,100.0,99.7
2020-04-21,,,,,,,,,,,,,99.6,90.6,100.0,99.6
2020-04-22,95.5,83.9,79.7,,,,,,,,,,99.2,90.4,100.0,99.2
2020-04-23,93.5,79.2,82.5,,,,,,,93.8,80.9,100.0,99.1,89.6,100.0,99.1
2020-04-24,91.7,75.7,82.3,99.9,89.3,75.8,,,,90.9,74.2,100.0,98.8,90.1,100.0,98.8
2020-04-25,,,,,,,,,,,,,98.9,88.0,100.0,98.9
2020-04-26,,,,,,,,,,,,,98.4,86.2,100.0,98.4
2020-04-27,,,,,,,,,,88.9,71.2,100.0,98.3,84.6,100.0,98.3
2020-04-28,95.1,78.0,73.8,,,,,,,,,,98.2,84.6,100.0,98.2
2020-04-29,,,,,,,,,,,,,98.8,84.8,100.0,98.8
2020-04-30,90.1,73.0,82.3,,,,,,,,,,99.4,85.7,100.0,99.4
2020-05-01,,,,,,,,,,,,,99.4,84.1,100.0,99.4
2020-05-02,,,,,,,,,,,,,99.8,85.7,100.0,99.8
2020-05-03,,,,,,,,,,,,,99.9,86.4,100.0,99.9
2020-05-04,91.7,74.5,79.5,95.4,86.3,100.0,,,,,,,99.9,89.8,100.0,99.9
2020-05-05,85.9,63.6,80.7,,,,,,,,,,99.7,87.3,100.0,99.7
2020-05-06,84.0,62.9,82.1,,,,,,,,,,99.8,87.9,100.0,99.8
2020-05-07,,,,,,,98.2,89.8,50.2,,,,99.4,86.6,100.0,99.4
2020-05-08,,,,,,,,,,,,,99.2,86.3,100.0,99.2
2020-05-09,,,,63.1,61.9,100.0,,,,,,,96.8,82.4,100.0,96.8
2020-05-10,73.4,56.0,75.2,,,,,,,,,,95.0,78.9,100.0,95.0
2020-05-11,,,,,,,,,,,,,90.4,72.7,100.0,90.4
2020-05-12,69.0,55.0,81.4,,,,,,,,,,90.6,74.6,100.0,90.6
2020-05-13,,,,,,,,,,,,,81.3,68.1,100.0,81.3
2020-05-14,,,,43.3,49.2,62.0,77.5,67.4,53.9,,,,75.5,69.0,100.0,75.5
2020-05-15,,,,,,,,,,,,,65.5,63.1,100.0,65.5
2020-05-16,46.1,40.6,73.7,,,,,,,56.1,47.5,86.9,73.8,68.5,100.0,73.8
2020-05-17,,,,,,,,,,5.1,21.4,37.6,66.7,64.2,100.0,66.7
2020-05-18,44.3,39.1,80.8,,,,,,,,,,65.9,63.4,100.0,65.9
2020-05-19,,,,6.5,17.6,100.0,,,,,,,58.7,57.1,100.0,58.7
2020-05-20,,,,,,,,,,3.0,16.9,100.0,54.8,53.9,100.0,54.8
2020-05-21,,,,,,,,,,,,,37.4,47.4,100.0,37.4
2020-05-22,10.1,20.8,75.4,,,,,,,,,,26.6,42.8,100.0,26.6
2020-05-23,,,,,,,,,,,,,9.6,33.5,100.0,9.6
2020-05-24,6.3,17.4,81.3,5.1,13.4,99.2,,,,,,,14.1,34.8,100.0,14.1
2020-05-25,,,,,,,,,,,,,1.9,27.3,100.0,1.9
2020-05-26,,,,,,,,,,,,,0.4,22.8,100.0,0.4
2020-05-27,,,,,,,,,,,,,0.1,18.0,100.0,0.1
2020-05-28,0.4,8.9,75.5,,,,,,,0.0,4.5,74.5,0.0,13.8,100.0,0.0
2020-05-29,,,,0.6,9.1,100.0,,,,,,,0.0,12.0,100.0,0.0
2020-05-30,1.3,10.5,80.5,,,,,,,,,,0.0,8.5,100.0,0.0
2020-05-31,,,,,,,,,,0.0,1.2,60.6,0.0,7.0,100.0,0.0
2020-06-01,,,,,,,,,,,,,0.0,4.9,100.0,0.0
2020-06-02,,,,,,,,,,,,,0.0,5.1,100.0,0.0
2020-06-03,0.0,6.3,75.4,,,,,,,,,,0.0,3.9,100.0,0.0
2020-06-04,,,,,,,,,,,,,0.0,4.3,100.0,0.0
2020-06-05,0.4,7.8,79.4,,,,,,,,,,0.0,3.1,100.0,0.0
2020-06-06,,,,,,,,,,,,,0.0,4.0,100.0,0.0
2020-06-07,,,,,,,,,,,,,0.0,3.3,100.0,0.0
2020-06-08,,,,,,,,,,,,,0.0,3.8,100.0,0.0
2020-06-09,0.0,4.8,70.9,,,,,,,,,,0.0,2.8,100.0,0.0
2020-06-10,,,,,,,,,,,,,0.0,3.7,100.0,0.0
2020-06-11,,,,,,,,,,,,,0.0,3.8,100.0,0.0
2020-06-12,,,,,,,,,,0.0,0.5,40.1,0.0,3.8,100.0,0.0
2020-06-13,,,,,,,,,,,,,0.0,3.2,100.0,0.0
2020-06-14,,,,,,,,,,,,,0.0,3.7,100.0,0.0
2020-06-15,0.0,5.7,73.6,,,,,,,,,,0.0,3.8,100.0,0.0
2020-06-16,,,,,,,,,,0.0,0.8,41.6,0.0,4.0,100.0,0.0
2020-06-17,0.1,5.3,80.0,,,,,,,,,,0.0,3.2,100.0,0.0
2020-06-18,,,,0.0,0.4,39.0,,,,,,,0.0,3.6,100.0,0.0
2020-06-19,,,,,,,,,,,,,0.0,4.5,100.0,0.0
2020-06-20,,,,,,,,,,0.0,0.3,100.0,0.0,4.7,100.0,0.0
2020-06-21,0.0,3.9,73.5,,,,,,,0.0,0.1,100.0,0.0,4.9,100.0,0.0
2020-06-22,,,,,,,,,,0.0,0.0,78.6,0.0,4.7,100.0,0.0
2020-06-23,,,,0.0,0.1,72.8,,,,,,,0.0,4.8,100.0,0.0
2020-06-24,,,,,,,,,,,,,0.0,3.6,100.0,0.0
2020-06-25,,,,,,,,,,0.0,0.0,100.0,0.0,3.4,100.0,0.0
2020-06-26,,,,,,,,,,0.0,0.0,92.9,0.0,3.1,100.0,0.0
2020-06-27,0.0,5.3,82.4,,,,,,,,,,0.0,3.7,100.0,0.0
2020-06-28,,,,,,,,,,0.0,0.0,100.0,0.0,3.8,100.0,0.0
2020-06-29,0.0,5.4,80.1,,,,,,,,,,0.0,4.3,100.0,0.0
2020-06-30,,,,,,,,,,0.0,0.0,100.0,0.0,3.2,100.0,0.0
2020-07-01,,,,,,,,,,,,,0.0,4.3,100.0,0.0
2020-07-02,,,,,,,,,,,,,0.0,3.6,100.0,0.0
2020-07-03,0.0,3.8,80.9,,,,,,,,,,0.0,3.9,100.0,0.0
2020-07-04,,,,,,,,,,0.0,0.0,100.0,0.0,2.8,100.0,0.0
2020-07-05,0.0,4.8,80.8,,,,,,,,,,0.0,3.4,100.0,0.0
2020-07-06,,,,,,,,,,,,,0.0,3.7,100.0,0.0
2020-07-07,,,,,,,,,,,,,0.0,3.3,100.0,0.0
2020-07-08,,,,0.0,0.0,100.0,,,,0.0,0.0,100.0,0.0,2.7,100.0,0.0
2020-07-09,0.0,3.9,84.5,,,,,,,0.0,0.0,100.0,0.0,2.6,100.0,0.0
2020-07-10,,,,,,,,,,,,,0.0,2.4,100.0,0.0
2020-07-11,0.0,5.0,82.6,,,,,,,,,,0.0,2.3,100.0,0.0
2020-07-12,,,,,,,,,,,,,0.0,2.6,100.0,0.0
2020-07-13,,,,0.0,0.0,74.9,,,,,,,0.0,3.6,100.0,0.0
2020-07-14,,,,,,,,,,,,,0.0,3.4,100.0,0.0
2020-07-15,0.0,3.3,83.8,,,,,,,,,,0.0,2.3,100.0,0.0
2020-07-16,,,,,,,,,,,,,0.0,2.6,100.0,0.0
2020-07-17,0.1,4.5,82.2,,,,,,,,,,0.0,2.6,100.0,0.0
2020-07-18,,,,0.0,0.0,100.0,,,,0.0,0.0,100.0,0.0,1.7,100.0,0.0
2020-07-19,,,,,,,,,,,,,0.0,1.6,100.0,0.0
2020-07-20,,,,,,,,,,,,,0.0,1.7,100.0,0.0
2020-07-21,0.1,3.6,84.6,,,,,,,,,,0.0,1.7,100.0,0.0
2020-07-22,,,,,,,,,,,,,0.0,1.8,100.0,0.0
2020-07-23,0.2,4.9,82.6,0.0,0.0,80.6,,,,,,,0.0,1.6,100.0,0.0
2020-07-24,,,,,,,,,,,,,0.0,1.3,100.0,0.0
2020-07-25,,,,,,,,,,,,,0.0,1.1,100.0,0.0
2020-07-26,,,,,,,,,,,,,0.0,0.7,100.0,0.0
2020-07-27,0.2,3.8,84.3,,,,,,,,,,0.0,0.7,100.0,0.0
2020-07-28,,,,0.0,0.0,31.4,,,,,,,0.0,0.7,100.0,0.0
2020-07-29,0.7,4.7,80.6,,,,,,,0.0,0.0,42.7,0.0,0.5,100.0,0.0
2020-07-30,,,,,,,,,,,,,0.0,0.4,100.0,0.0
2020-07-31,,,,,,,,,,,,,0.0,0.7,100.0,0.0
2020-08-01,,,,,,,,,,,,,0.0,0.7,100.0,0.0
2020-08-02,1.7,4.5,81.8,,,,,,,,,,0.0,0.6,100.0,0.0
2020-08-03,,,,,,,,,,,,,0.0,0.4,100.0,0.0
2020-08-04,1.5,5.6,80.9,,,,,,,,,,0.0,0.7,100.0,0.0
2020-08-05,,,,,,,,,,,,,0.0,0.8,100.0,0.0
2020-08-06,,,,,,,,,,0.0,0.0,100.0,0.0,0.6,100.0,0.0
2020-08-07,,,,0.0,0.0,100.0,,,,0.0,0.0,100.0,0.0,0.4,100.0,0.0
2020-08-08,0.0,4.4,79.3,,,,,,,,,,0.0,0.6,100.0,0.0
2020-08-09,,,,,,,,,,,,,0.0,0.5,100.0,0.0
2020-08-10,0.0,5.9,72.4,,,,,,,0.0,0.0,44.8,0.0,0.5,100.0,0.0
2020-08-11,,,,,,,,,,0.0,0.0,79.1,0.0,0.3,100.0,0.0
2020-08-12,,,,0.0,0.0,90.3,,,,,,,0.0,0.5,100.0,0.0
2020-08-13,,,,,,,,,,,,,0.0,0.2,100.0,0.0
2020-08-14,0.0,2.7,75.9,,,,,,,,,,0.0,0.3,100.0,0.0
2020-08-15,,,,,,,,,,0.0,0.0,100.0,0.0,0.2,100.0,0.0
2020-08-16,0.0,2.8,67.6,,,,,,,,,,0.0,0.4,100.0,0.0
2020-08-17,,,,0.0,0.0,40.4,,,,,,,0.0,0.2,100.0,0.0
2020-08-18,,,,,,,,,,,,,0.0,0.3,100.0,0.0
2020-08-19,,,,,,,,,,0.0,0.0,100.0,0.0,0.2,100.0,0.0
2020-08-20,0.0,2.2,72.7,,,,,,,,,,0.0,0.3,100.0,0.0
2020-08-21,,,,,,,,,,,,,0.0,0.2,100.0,0.0
2020-08-22,0.0,3.1,61.2,0.0,0.0,38.3,,,,,,,0.0,0.2,100.0,0.0
2020-08-23,,,,,,,,,,0.0,0.0,100.0,0.0,0.1,100.0,0.0
2020-08-24,,,,,,,,,,,,,0.0,0.2,100.0,0.0
2020-08-25,,,,,,,,,,,,,0.0,0.1,100.0,0.0
2020-08-26,0.0,1.8,66.1,,,,,,,0.0,0.0,100.0,0.0,0.1,100.0,0.0
2020-08-27,,,,0.0,0.0,100.0,0.0,0.0,99.8,0.0,0.0,100.0,0.0,0.1,100.0,0.0
2020-08-28,0.0,2.4,79.9,,,,,,,,,,0.0,0.1,100.0,0.0
2020-08-29,,,,,,,,,,,,,0.0,0.1,100.0,0.0
2020-08-30,,,,,,,,,,,,,0.0,0.1,100.0,0.0
2020-08-31,,,,,,,,,,0.0,0.0,98.4,0.0,0.1,100.0,0.0
2020-09-01,0.0,1.7,80.5,0.0,0.0,83.2,,,,,,,0.0,0.1,100.0,0.0
2020-09-02,,,,,,,,,,,,,0.0,0.1,100.0,0.0
2020-09-03,0.1,3.4,82.9,,,,0.0,0.0,99.9,0.0,0.0,100.0,0.0,0.1,100.0,0.0
2020-09-04,,,,,,,,,,0.0,0.0,100.0,0.0,0.1,100.0,0.0
2020-09-05,,,,,,,,,,,,,0.0,0.1,100.0,0.0
2020-09-06,,,,,,,,,,,,,0.0,0.1,100.0,0.0
2020-09-07,0.0,2.4,78.4,,,,,,,0.0,0.1,100.0,0.0,0.1,100.0,0.0
2020-09-08,,,,,,,,,,,,,0.0,0.1,100.0,0.0
2020-09-09,0.0,3.1,79.3,,,,,,,,,,0.0,0.1,100.0,0.0
2020-09-10,,,,,,,,,,,,,0.0,0.1,100.0,0.0
2020-09-11,,,,0.0,0.0,88.2,,,,,,,0.0,0.2,100.0,0.0
2020-09-12,,,,,,,,,,,,,0.0,0.1,100.0,0.0
2020-09-13,0.0,2.2,78.6,,,,,,,,,,0.0,0.2,100.0,0.0
2020-09-14,,,,,,,,,,,,,0.0,0.1,100.0,0.0
2020-09-15,0.0,4.0,75.1,,,,,,,,,,0.0,0.1,100.0,0.0
2020-09-16,,,,0.0,0.0,96.6,,,,,,,0.0,0.1,100.0,0.0
2020-09-17,,,,,,,,,,,,,0.0,0.1,100.0,0.0
2020-09-18,,,,,,,,,,0.0,0.1,100.0,0.0,0.1,100.0,0.0
2020-09-19,0.0,3.9,79.0,,,,,,,,,,0.0,0.1,100.0,0.0
2020-09-20,,,,,,,,,,,,,0.0,0.1,100.0,0.0
2020-09-21,0.0,4.1,75.8,,,,,,,,,,0.0,0.1,100.0,0.0
2020-09-22,,,,,,,,,,,,,0.0,0.1,100.0,0.0
2020-09-23,,,,,,,,,,,,,0.0,0.1,100.0,0.0
2020-09-24,,,,,,,,,,,,,0.0,0.2,100.0,0.0
2020-09-25,0.0,2.4,80.2,,,,,,,,,,0.0,0.2,100.0,0.0
2020-09-26,,,,,,,,,,,,,0.0,0.3,100.0,0.0
2020-09-27,0.0,2.8,80.5,,,,,,,,,,0.0,0.3,100.0,0.0
2020-09-28,,,,,,,0.0,0.0,67.1,,,,0.0,0.4,100.0,0.0
2020-09-29,,,,,,,,,,,,,0.0,0.4,100.0,0.0
2020-09-30,,,,,,,,,,0.0,0.1,88.7,0.0,0.4,100.0,0.0
2020-10-01,0.0,2.2,81.1,,,,,,,,,,0.0,0.4,100.0,0.0
2020-10-02,,,,,,,,,,,,,0.0,0.6,100.0,0.0
2020-10-03,0.0,2.3,78.9,,,,,,,,,,0.0,0.6,100.0,0.0
2020-10-04,,,,,,,,,,,,,0.0,1.0,100.0,0.0
2020-10-05,,,,,,,,,,,,,0.0,0.8,100.0,0.0
2020-10-06,,,,,,,,,,,,,0.0,1.1,100.0,0.0
2020-10-07,0.0,1.9,81.5,,,,,,,,,,0.0,1.1,100.0,0.0
2020-10-08,,,,,,,,,,0.0,0.5,100.0,0.0,1.1,100.0,0.0
2020-10-09,0.0,2.1,79.7,,,,,,,0.0,1.3,83.3,0.0,1.2,100.0,0.0
2020-10-10,,,,,,,,,,,,,0.0,1.7,100.0,0.0
2020-10-11,,,,0.0,0.1,84.4,,,,,,,0.0,1.7,100.0,0.0
2020-10-12,,,,,,,,,,,,,0.0,1.8,100.0,0.0
2020-10-13,0.0,2.0,62.5,,,,,,,0.0,3.5,48.7,0.0,1.9,100.0,0.0
2020-10-14,,,,,,,,,,,,,0.0,3.1,100.0,0.0
2020-10-15,0.0,2.2,79.7,,,,,,,,,,0.0,3.2,100.0,0.0
2020-10-16,,,,0.0,0.2,53.6,,,,0.0,1.7,100.0,0.0,2.1,100.0,0.0
2020-10-17,,,,,,,,,,0.0,1.2,100.0,0.0,1.9,100.0,0.0
2020-10-18,,,,,,,,,,,,,0.0,2.2,100.0,0.0
2020-10-19,0.0,1.8,64.7,,,,,,,,,,0.0,2.2,100.0,0.0
2020-10-20,,,,,,,,,,,,,0.0,1.9,100.0,0.0
2020-10-21,0.0,2.4,78.3,,,,,,,,,,0.0,2.0,100.0,0.0
2020-10-22,,,,,,,,,,,,,0.0,2.0,100.0,0.0
2020-10-23,,,,,,,,,,,,,0.0,1.7,100.0,0.0
2020-10-24,,,,,,,,,,0.0,1.6,100.0,0.0,1.4,100.0,0.0
2020-10-25,0.2,2.8,80.2,,,,,,,0.0,2.1,86.8,0.0,1.3,100.0,0.0
2020-10-26,,,,,,,,,,,,,0.0,1.5,100.0,0.0
2020-10-27,0.2,3.6,80.0,,,,,,,,,,0.0,1.1,100.0,0.0
2020-10-28,,,,,,,,,,0.1,2.6,100.0,0.0,1.1,100.0,0.0
2020-10-29,,,,,,,,,,,,,0.0,1.5,100.0,0.0
2020-10-30,,,,,,,0.0,0.0,94.4,,,,0.0,1.6,100.0,0.0
2020-10-31,0.9,4.0,79.2,0.0,0.1,100.0,,,,,,,0.0,1.2,100.0,0.0
2020-11-01,,,,,,,,,,,,,0.0,1.2,100.0,0.0
2020-11-02,3.9,6.4,61.1,,,,,,,0.0,1.8,100.0,0.0,1.1,100.0,0.0
2020-11-03,,,,,,,,,,,,,0.0,2.0,100.0,0.0
2020-11-04,,,,,,,,,,,,,0.0,1.8,100.0,0.0
2020-11-05,,,,0.0,0.1,100.0,,,,,,,0.0,1.7,100.0,0.0
2020-11-06,7.8,8.3,77.7,,,,,,,,,,0.0,1.7,100.0,0.0
2020-11-07,,,,,,,,,,,,,0.0,2.4,100.0,0.0
2020-11-08,8.1,9.9,75.3,,,,,,,,,,0.0,2.2,100.0,0.0
2020-11-09,,,,,,,,,,,,,0.0,2.0,100.0,0.0
2020-11-10,,,,0.0,0.1,56.2,,,,,,,0.0,1.4,100.0,0.0
2020-11-11,,,,,,,,,,,,,0.0,1.5,100.0,0.0
2020-11-12,0.0,3.7,55.6,,,,,,,,,,0.0,1.4,100.0,0.0
2020-11-13,,,,,,,,,,,,,0.0,1.8,100.0,0.0
2020-11-14,,,,,,,,,,,,,0.0,1.5,100.0,0.0
2020-11-15,,,,,,,,,,,,,0.0,1.6,100.0,0.0
2020-11-16,,,,,,,,,,,,,0.0,1.4,100.0,0.0
2020-11-17,,,,,,,,,,,,,0.0,1.7,100.0,0.0
2020-11-18,0.0,6.0,69.3,,,,,,,,,,0.0,1.9,100.0,0.0
2020-11-19,,,,,,,,,,,,,0.0,2.0,100.0,0.0
2020-11-20,0.0,6.5,67.2,0.0,0.2,83.6,,,,,,,0.0,2.3,100.0,0.0
2020-11-21,,,,,,,,,,,,,0.0,3.4,100.0,0.0
2020-11-22,,,,,,,0.0,0.4,90.3,,,,0.0,4.2,100.0,0.0
2020-11-23,,,,,,,,,,,,,0.0,4.2,100.0,0.0
2020-11-24,0.0,7.0,64.4,,,,,,,,,,0.0,4.2,100.0,0.0
2020-11-25,0.1,7.4,61.2,0.0,0.2,100.0,,,,,,,0.0,5.1,100.0,0.0
2020-11-26,,,,,,,,,,,,,0.0,6.5,100.0,0.0
2020-11-27,,,,,,,,,,0.0,0.5,64.8,0.0,6.1,100.0,0.0
2020-11-28,,,,,,,,,,0.0,1.6,100.0,0.0,6.1,100.0,0.0
2020-11-29,,,,,,,,,,,,,0.0,8.4,100.0,0.0
2020-11-30,0.0,6.6,73.3,0.0,0.2,100.0,,,,,,,0.0,9.6,100.0,0.0
2020-12-01,,,,,,,,,,0.0,0.5,47.8,0.0,8.7,100.0,0.0
2020-12-02,0.1,7.9,59.0,,,,,,,0.0,3.0,100.0,0.0,7.1,100.0,0.0
2020-12-03,,,,,,,,,,,,,0.0,10.0,100.0,0.0
2020-12-04,,,,,,,,,,,,,0.0,10.6,100.0,0.0
2020-12-05,,,,,,,,,,,,,0.0,10.2,100.0,0.0
2020-12-06,0.2,6.5,57.7,,,,,,,0.0,3.7,100.0,0.0,8.0,100.0,0.0
2020-12-07,0.0,7.8,58.2,,,,,,,,,,0.0,11.3,100.0,0.0
2020-12-08,0.0,9.4,60.2,,,,,,,,,,0.0,13.8,100.0,0.0
2020-12-09,,,,,,,,,,,,,0.0,15.0,100.0,0.0
2020-12-10,,,,0.1,2.3,100.0,,,,0.2,6.1,100.0,0.0,14.9,100.0,0.0
2020-12-11,,,,,,,,,,,,,0.1,19.4,100.0,0.1
2020-12-12,0.2,9.8,59.4,,,,,,,,,,0.1,21.1,100.0,0.1
2020-12-13,,,,,,,,,,0.4,8.8,100.0,0.1,22.7,100.0,0.1
2020-12-14,0.7,12.4,70.9,,,,,,,6.6,18.9,100.0,0.3,25.3,100.0,0.3
2020-12-15,,,,,,,,,,23.2,32.3,100.0,0.8,31.0,100.0,0.8
2020-12-16,,,,,,,,,,,,,0.9,30.5,100.0,0.9
2020-12-17,,,,,,,9.0,16.9,36.5,57.0,51.1,100.0,1.1,31.2,100.0,1.1
2020-12-18,0.9,11.5,68.8,,,,,,,89.7,72.1,100.0,1.4,31.3,100.0,1.4
2020-12-19,4.1,15.8,74.3,,,,,,,,,,5.9,36.9,100.0,5.9
2020-12-20,1.7,13.0,74.3,,,,,,,,,,0.5,29.4,100.0,0.5
2020-12-21,,,,,,,,,,,,,0.3,28.5,100.0,0.3
2020-12-22,,,,,,,,,,,,,0.0,25.1,100.0,0.0
2020-12-23,,,,,,,,,,94.7,79.3,35.9,0.1,28.6,100.0,0.1
2020-12-24,3.8,16.3,74.6,,,,,,,,,,0.0,23.8,100.0,0.0
2020-12-25,,,,,,,,,,,,,0.0,24.6,100.0,0.0
2020-12-26,4.7,18.6,73.1,,,,,,,97.8,81.6,100.0,0.0,28.4,100.0,0.0
2020-12-27,,,,,,,,,,,,,0.1,33.9,100.0,0.1
2020-12-28,,,,,,,,,,,,,0.0,34.0,100.0,0.0
2020-12-29,,,,,,,,,,,,,0.1,36.5,100.0,0.1
2020-12-30,32.5,37.1,71.9,,,,,,,98.7,86.4,100.0,1.9,44.4,100.0,1.9
2020-12-31,63.9,47.8,73.7,,,,,,,,,,4.3,47.8,100.0,4.3
2021-01-01,71.9,51.2,75.3,,,,,,,,,,37.1,56.2,100.0,37.1
2021-01-02,,,,,,,,,,,,,52.1,59.2,100.0,52.1
2021-01-03,,,,,,,,,,,,,89.2,68.4,100.0,89.2
2021-01-04,,,,,,,,,,,,,99.6,76.6,100.0,99.6
2021-01-05,88.7,61.8,74.6,,,,,,,,,,99.9,81.7,100.0,99.9
2021-01-06,,,,,,,,,,99.9,91.7,92.4,100.0,81.8,100.0,100.0
2021-01-07,94.3,71.0,75.7,,,,,,,100.0,93.4,99.0,100.0,85.8,100.0,100.0
2021-01-08,,,,,,,,,,,,,100.0,86.4,100.0,100.0
2021-01-09,,,,99.8,90.4,99.9,,,,100.0,95.3,100.0,100.0,90.4,100.0,100.0
2021-01-10,,,,,,,,,,100.0,96.9,76.6,100.0,89.3,100.0,100.0
2021-01-11,95.8,72.2,72.1,,,,,,,,,,100.0,91.9,100.0,100.0
2021-01-12,95.1,72.5,75.2,,,,,,,,,,100.0,93.3,100.0,100.0
2021-01-13,93.8,71.3,73.2,,,,,,,,,,100.0,94.2,100.0,100.0
2021-01-14,,,,,,,,,,,,,100.0,93.7,100.0,100.0
2021-01-15,,,,,,,,,,,,,100.0,95.8,100.0,100.0
2021-01-16,,,,,,,,,,,,,100.0,96.3,100.0,100.0
2021-01-17,97.1,77.1,72.2,,,,,,,,,,100.0,96.8,100.0,100.0
2021-01-18,95.6,74.5,74.0,,,,100.0,100.0,99.6,,,,100.0,97.8,100.0,100.0
2021-01-19,98.2,78.2,72.1,100.0,99.5,100.0,,,,,,,100.0,98.2,100.0,100.0
2021-01-20,,,,,,,,,,,,,100.0,97.9,100.0,100.0
2021-01-21,,,,,,,,,,,,,100.0,97.6,100.0,100.0
2021-01-22,,,,,,,,,,,,,100.0,97.2,100.0,100.0
2021-01-23,98.9,79.6,72.8,,,,,,,,,,100.0,97.3,100.0,100.0
2021-01-24,99.1,83.1,74.2,100.0,99.1,100.0,,,,,,,100.0,97.5,100.0,100.0
2021-01-25,99.7,80.8,72.1,,,,,,,,,,100.0,97.0,100.0,100.0
2021-01-26,,,,,,,,,,,,,100.0,96.5,100.0,100.0
2021-01-27,,,,,,,,,,,,,100.0,96.4,100.0,100.0
2021-01-28,,,,,,,,,,,,,100.0,95.6,100.0,100.0
2021-01-29,99.8,90.2,74.9,,,,,,,,,,100.0,95.6,100.0,100.0
2021-01-30,99.9,92.1,73.9,,,,,,,,,,100.0,95.0,100.0,100.0
2021-01-31,100.0,95.3,73.4,,,,,,,,,,100.0,95.9,100.0,100.0
2021-02-01,,,,,,,,,,,,,100.0,94.4,100.0,100.0
2021-02-02,,,,,,,,,,,,,100.0,95.2,100.0,100.0
2021-02-03,,,,,,,,,,100.0,97.4,45.6,99.9,92.7,100.0,99.9
2021-02-04,100.0,94.6,76.3,,,,,,,,,,100.0,94.2,100.0,100.0
2021-02-05,,,,,,,,,,,,,100.0,94.3,100.0,100.0
2021-02-06,100.0,96.8,74.7,,,,,,,,,,100.0,94.8,100.0,100.0
2021-02-07,,,,,,,,,,,,,100.0,92.9,100.0,100.0
2021-02-08,,,,100.0,99.2,100.0,,,,,,,100.0,95.9,100.0,100.0
2021-02-09,,,,,,,,,,,,,100.0,94.4,100.0,100.0
2021-02-10,100.0,96.7,75.9,,,,,,,,,,100.0,95.1,100.0,100.0
2021-02-11,99.7,97.1,76.7,,,,,,,100.0,98.2,100.0,100.0,94.7,100.0,100.0
2021-02-12,99.8,96.1,76.4,,,,,,,,,,100.0,95.9,100.0,100.0
2021-02-13,,,,99.5,97.3,100.0,,,,,,,100.0,96.9,100.0,100.0
2021-02-14,,,,,,,,,,100.0,97.5,43.6,100.0,96.8,100.0,100.0
2021-02-15,,,,,,,,,,,,,100.0,96.9,100.0,100.0
2021-02-16,100.0,98.0,74.4,,,,,,,,,,100.0,98.1,100.0,100.0
2021-02-17,99.8,96.3,76.5,,,,,,,,,,100.0,98.2,100.0,100.0
2021-02-18,100.0,97.1,75.1,,,,,,,,,,100.0,98.4,100.0,100.0
2021-02-19,,,,,,,100.0,100.0,100.0,100.0,98.2,100.0,100.0,98.7,100.0,100.0
2021-02-20,,,,,,,,,,100.0,98.2,100.0,100.0,98.7,100.0,100.0
2021-02-21,,,,,,,,,,,,,100.0,98.8,100.0,100.0
2021-02-22,100.0,94.9,71.7,,,,,,,,,,100.0,98.9,100.0,100.0
2021-02-23,,,,100.0,98.6,100.0,,,,100.0,98.3,100.0,100.0,99.0,100.0,100.0
2021-02-24,99.9,95.3,75.7,,,,,,,100.0,97.9,100.0,100.0,99.0,100.0,100.0
2021-02-25,,,,,,,,,,,,,100.0,98.7,100.0,100.0
2021-02-26,,,,,,,100.0,100.0,96.0,,,,100.0,99.0,100.0,100.0
2021-02-27,,,,,,,,,,100.0,97.8,100.0,100.0,98.6,100.0,100.0
2021-02-28,99.8,90.8,73.2,100.0,98.9,100.0,,,,,,,100.0,98.9,100.0,100.0
2021-03-01,,,,,,,,,,,,,100.0,98.4,100.0,100.0
2021-03-02,99.7,90.7,75.2,,,,,,,,,,100.0,98.4,100.0,100.0
2021-03-03,,,,,,,,,,,,,100.0,97.7,100.0,100.0
2021-03-04,,,,,,,,,,100.0,97.6,100.0,100.0,97.8,100.0,100.0
2021-03-05,,,,,,,,,,,,,100.0,97.2,100.0,100.0
2021-03-06,98.5,77.5,72.3,,,,,,,,,,100.0,97.0,100.0,100.0
2021-03-07,,,,,,,,,,100.0,97.4,100.0,100.0,95.5,100.0,100.0
2021-03-08,98.6,82.7,74.5,,,,,,,,,,100.0,95.8,100.0,100.0
2021-03-09,,,,,,,,,,,,,100.0,94.6,100.0,100.0
2021-03-10,,,,100.0,99.4,100.0,,,,,,,99.9,95.0,100.0,99.9
2021-03-11,,,,,,,,,,,,,99.3,91.7,100.0,99.3
2021-03-12,97.9,72.5,75.7,,,,,,,,,,98.1,91.4,100.0,98.1
2021-03-13,,,,,,,,,,,,,97.2,88.4,100.0,97.2
2021-03-14,97.0,72.7,73.8,,,,,,,,,,95.7,87.0,100.0,95.7
2021-03-15,,,,,,,,,,,,,96.0,84.6,100.0,96.0
2021-03-16,,,,,,,,,,,,,95.6,84.1,100.0,95.6
2021-03-17,,,,,,,,,,,,,96.2,83.4,100.0,96.2
2021-03-18,87.2,56.1,71.4,,,,,,,,,,95.5,82.1,100.0,95.5
2021-03-19,,,,,,,,,,,,,98.0,83.9,100.0,98.0
2021-03-20,95.0,68.5,71.2,,,,,,,,,,99.8,88.8,100.0,99.8
2021-03-21,,,,,,,,,,,,,100.0,88.9,100.0,100.0
2021-03-22,,,,,,,,,,,,,100.0,90.2,100.0,100.0
2021-03-23,,,,,,,100.0,99.6,99.4,,,,100.0,91.8,100.0,100.0
2021-03-24,92.6,62.5,69.9,,,,,,,,,,100.0,93.6,100.0,100.0
2021-03-25,,,,100.0,98.5,100.0,,,,,,,100.0,94.7,100.0,100.0
2021-03-26,95.3,72.1,73.5,,,,,,,,,,100.0,94.7,100.0,100.0
2021-03-27,,,,,,,,,,100.0,97.1,100.0,100.0,94.2,100.0,100.0
2021-03-28,,,,,,,,,,,,,100.0,95.2,100.0,100.0
2021-03-29,,,,,,,,,,,,,100.0,95.1,100.0,100.0
2021-03-30,87.7,59.6,71.3,100.0,97.6,100.0,100.0,99.0,42.2,100.0,95.6,100.0,100.0,96.2,100.0,100.0
2021-03-31,,,,,,,,,,100.0,95.1,100.0,100.0,95.0,100.0,100.0
2021-04-01,94.5,73.5,74.1,,,,,,,,,,100.0,95.7,100.0,100.0
2021-04-02,,,,,,,,,,,,,100.0,95.0,100.0,100.0
2021-04-03,,,,,,,,,,99.9,93.7,100.0,100.0,95.0,100.0,100.0
2021-04-04,,,,100.0,97.8,100.0,,,,99.8,93.1,100.0,100.0,95.1,100.0,100.0
2021-04-05,96.5,80.4,73.6,,,,,,,,,,100.0,95.8,100.0,100.0
2021-04-06,98.3,85.9,73.9,,,,,,,,,,100.0,95.5,100.0,100.0
2021-04-07,97.8,84.6,71.5,,,,,,,99.3,91.7,98.2,100.0,95.9,100.0,100.0
2021-04-08,,,,,,,100.0,97.2,88.8,96.6,86.6,100.0,100.0,95.5,100.0,100.0
2021-04-09,,,,100.0,98.4,100.0,,,,,,,100.0,96.7,100.0,100.0
2021-04-10,,,,,,,,,,,,,100.0,95.3,100.0,100.0
2021-04-11,93.8,79.9,85.9,,,,,,,,,,100.0,95.7,100.0,100.0
2021-04-12,,,,,,,,,,,,,100.0,94.6,100.0,100.0
2021-04-13,94.6,82.1,86.5,,,,,,,,,,100.0,95.6,100.0,100.0
2021-04-14,,,,100.0,97.5,100.0,,,,,,,100.0,95.0,100.0,100.0
2021-04-15,,,,,,,,,,95.9,85.8,93.8,100.0,95.0,100.0,100.0
2021-04-16,,,,,,,,,,90.4,79.1,76.1,100.0,93.9,100.0,100.0
2021-04-17,96.9,86.1,80.9,,,,,,,,,,100.0,95.0,100.0,100.0
2021-04-18,98.5,85.9,80.9,,,,,,,,,,100.0,94.0,100.0,100.0
2021-04-19,95.1,79.6,82.9,,,,,,,92.7,81.2,100.0,100.0,94.1,100.0,100.0
2021-04-20,,,,,,,,,,93.6,81.6,100.0,100.0,93.4,100.0,100.0
2021-04-21,,,,,,,,,,,,,100.0,94.1,100.0,100.0
2021-04-22,,,,,,,,,,,,,100.0,93.2,100.0,100.0
2021-04-23,96.0,78.5,79.2,,,,,,,95.6,83.6,100.0,100.0,93.3,100.0,100.0
2021-04-24,,,,99.9,93.7,95.5,100.0,94.9,47.4,96.4,82.2,100.0,100.0,93.3,100.0,100.0
2021-04-25,97.5,80.3,74.3,,,,,,,96.7,80.4,73.5,100.0,92.9,100.0,100.0
2021-04-26,,,,,,,,,,,,,100.0,92.0,100.0,100.0
2021-04-27,,,,,,,,,,94.9,78.6,100.0,100.0,91.4,100.0,100.0
2021-04-28,,,,,,,,,,91.3,73.9,100.0,100.0,90.1,100.0,100.0
2021-04-29,96.3,79.4,72.2,,,,,,,,,,100.0,90.8,100.0,100.0
2021-04-30,93.8,75.0,78.3,,,,,,,,,,100.0,90.1,100.0,100.0
2021-05-01,88.8,67.7,68.6,,,,,,,,,,100.0,90.1,100.0,100.0
2021-05-02,,,,,,,,,,99.5,77.4,48.4,99.9,88.1,100.0,99.9
2021-05-03,,,,,,,,,,93.5,72.2,38.1,99.9,88.6,100.0,99.9
2021-05-04,,,,,,,,,,,,,99.9,89.6,100.0,99.9
2021-05-05,92.1,73.2,64.6,,,,,,,,,,99.9,90.2,100.0,99.9
2021-05-06,,,,,,,,,,,,,99.9,89.0,100.0,99.9
2021-05-07,93.2,75.6,64.9,,,,,,,,,,99.6,89.7,100.0,99.6
2021-05-08,,,,,,,,,,,,,99.9,90.3,100.0,99.9
2021-05-09,,,,95.7,90.9,85.4,,,,,,,99.5,90.5,100.0,99.5
2021-05-10,,,,,,,,,,,,,99.7,89.0,100.0,99.7
2021-05-11,93.0,75.4,60.4,,,,,,,,,,99.1,88.7,100.0,99.1
2021-05-12,95.2,77.6,66.4,,,,,,,,,,99.9,89.8,100.0,99.9
2021-05-13,86.3,68.3,80.0,,,,,,,,,,98.6,88.1,100.0,98.6
2021-05-14,,,,,,,,,,,,,99.5,88.2,100.0,99.5
2021-05-15,,,,,,,,,,,,,98.0,87.4,100.0,98.0
2021-05-16,,,,,,,,,,,,,99.9,89.2,100.0,99.9
2021-05-17,85.8,72.4,92.6,,,,,,,,,,99.6,88.8,100.0,99.6
2021-05-18,,,,,,,,,,,,,100.0,89.3,100.0,100.0
2021-05-19,84.0,68.2,90.3,100.0,97.1,70.1,,,,,,,99.9,90.3,100.0,99.9
2021-05-20,,,,,,,,,,,,,100.0,89.8,100.0,100.0
2021-05-21,,,,,,,,,,,,,99.8,89.3,100.0,99.8
2021-05-22,,,,,,,,,,,,,100.0,89.0,100.0,100.0
2021-05-23,81.9,69.0,92.2,,,,,,,,,,98.8,88.5,100.0,98.8
2021-05-24,,,,,,,,,,,,,98.6,86.9,100.0,98.6
2021-05-25,80.4,65.7,89.1,,,,,,,,,,94.8,85.3,100.0,94.8
2021-05-26,,,,,,,,,,,,,90.1,81.7,100.0,90.1
2021-05-27,,,,,,,,,,,,,81.3,75.9,100.0,81.3
2021-05-28,,,,,,,,,,,,,73.5,68.1,100.0,73.5
2021-05-29,77.2,60.5,89.7,96.4,86.6,33.5,,,,,,,58.0,60.1,100.0,58.0
2021-05-30,,,,,,,,,,,,,28.5,47.2,100.0,28.5
2021-05-31,69.7,55.6,89.3,,,,,,,,,,17.0,35.3,100.0,17.0
2021-06-01,,,,,,,,,,,,,10.7,25.9,100.0,10.7
2021-06-02,,,,,,,,,,,,,8.9,21.8,100.0,8.9
2021-06-03,,,,,,,,,,,,,3.3,16.8,100.0,3.3
2021-06-04,61.9,48.3,88.7,,,,,,,,,,1.7,13.3,100.0,1.7
2021-06-05,,,,,,,,,,,,,0.1,10.7,100.0,0.1
2021-06-06,50.6,42.7,87.0,,,,,,,,,,0.2,11.4,100.0,0.2
2021-06-07,,,,,,,,,,,,,0.0,11.1,100.0,0.0
2021-06-08,,,,,,,,,,,,,0.0,11.3,100.0,0.0
2021-06-09,,,,,,,,,,,,,0.0,11.0,100.0,0.0
2021-06-10,15.4,27.7,87.5,,,,,,,,,,0.0,11.3,100.0,0.0
2021-06-11,,,,,,,,,,,,,0.0,12.7,100.0,0.0
2021-06-12,6.6,23.3,86.2,,,,,,,,,,0.0,12.6,100.0,0.0
2021-06-13,,,,28.7,29.9,100.0,,,,7.8,26.9,70.9,0.0,11.9,100.0,0.0
2021-06-14,,,,,,,,,,2.8,16.0,92.1,0.0,9.0,100.0,0.0
2021-06-15,,,,,,,,,,,,,0.0,8.7,100.0,0.0
2021-06-16,0.0,12.5,87.6,,,,,,,,,,0.0,8.2,100.0,0.0
2021-06-17,,,,,,,,,,1.4,10.1,100.0,0.0,7.0,100.0,0.0
2021-06-18,0.4,13.6,83.7,2.2,10.2,99.9,,,,,,,0.0,7.4,100.0,0.0
2021-06-19,,,,,,,,,,0.0,1.5,41.6,0.0,6.8,100.0,0.0
2021-06-20,,,,,,,,,,,,,0.0,7.1,100.0,0.0
2021-06-21,,,,,,,,,,0.0,5.4,100.0,0.0,5.8,100.0,0.0
2021-06-22,0.0,6.9,85.0,,,,,,,,,,0.0,6.5,100.0,0.0
2021-06-23,,,,0.1,3.0,71.8,,,,,,,0.0,5.8,100.0,0.0
2021-06-24,,,,,,,,,,,,,0.0,6.0,100.0,0.0
2021-06-25,,,,,,,,,,0.0,3.0,100.0,0.0,5.7,100.0,0.0
2021-06-26,,,,,,,,,,0.0,1.0,100.0,0.0,6.6,100.0,0.0
2021-06-27,,,,,,,,,,,,,0.0,6.2,100.0,0.0
2021-06-28,0.0,5.8,88.0,,,,,,,,,,0.0,5.8,100.0,0.0
2021-06-29,,,,,,,,,,,,,0.0,4.5,100.0,0.0
2021-06-30,,,,,,,,,,,,,0.0,5.7,100.0,0.0
2021-07-01,,,,,,,,,,,,,0.0,5.7,100.0,0.0
2021-07-02,,,,,,,,,,,,,0.0,5.6,100.0,0.0
2021-07-03,,,,,,,,,,,,,0.0,4.3,100.0,0.0
2021-07-04,,,,,,,,,,,,,0.0,4.4,100.0,0.0
2021-07-05,,,,,,,,,,0.0,0.2,89.6,0.0,3.7,100.0,0.0
2021-07-06,0.0,4.4,84.0,,,,,,,,,,0.0,3.0,100.0,0.0
2021-07-07,,,,,,,,,,,,,0.0,2.1,100.0,0.0
2021-07-08,,,,,,,,,,,,,0.0,2.2,100.0,0.0
2021-07-09,,,,,,,,,,,,,0.0,1.7,100.0,0.0
2021-07-10,0.0,4.3,87.6,,,,,,,,,,0.0,1.8,100.0,0.0
2021-07-11,,,,,,,,,,0.0,0.0,100.0,0.0,1.7,100.0,0.0
2021-07-12,0.0,5.2,85.0,,,,,,,,,,0.0,1.5,100.0,0.0
2021-07-13,,,,,,,,,,,,,0.0,1.2,100.0,0.0
2021-07-14,,,,,,,,,,,,,0.0,1.0,100.0,0.0
2021-07-15,,,,,,,,,,,,,0.0,1.0,100.0,0.0
2021-07-16,0.0,2.7,85.7,,,,,,,,,,0.0,1.0,100.0,0.0
2021-07-17,,,,,,,,,,,,,0.0,0.8,100.0,0.0
2021-07-18,0.0,3.9,86.6,0.0,0.1,100.0,,,,,,,0.0,0.6,100.0,0.0
2021-07-19,,,,,,,,,,,,,0.0,0.6,100.0,0.0
2021-07-20,,,,,,,0.0,0.0,73.9,0.0,0.0,98.3,0.0,0.5,100.0,0.0
2021-07-21,,,,,,,,,,,,,0.0,0.5,100.0,0.0
2021-07-22,0.0,2.2,89.4,,,,,,,0.0,0.0,95.2,0.0,0.3,100.0,0.0
2021-07-23,,,,0.0,0.1,92.1,,,,0.0,0.0,99.6,0.0,0.2,100.0,0.0
2021-07-24,0.0,3.1,85.1,,,,,,,,,,0.0,0.1,100.0,0.0
2021-07-25,,,,,,,,,,,,,0.0,0.1,100.0,0.0
2021-07-26,,,,,,,,,,,,,0.0,0.1,100.0,0.0
2021-07-27,,,,,,,,,,,,,0.0,0.1,100.0,0.0
2021-07-28,0.0,1.7,85.9,,,,,,,,,,0.0,0.1,100.0,0.0
2021-07-29,,,,,,,0.0,0.0,96.4,,,,0.0,0.1,100.0,0.0
2021-07-30,0.0,3.0,88.5,,,,,,,,,,0.0,0.0,100.0,0.0
2021-07-31,,,,,,,,,,,,,0.0,0.0,100.0,0.0
2021-08-01,,,,,,,,,,,,,0.0,0.0,100.0,0.0
2021-08-02,,,,,,,,,,,,,0.0,0.1,100.0,0.0
2021-08-03,0.0,1.8,89.1,,,,,,,,,,0.0,0.0,100.0,0.0
2021-08-04,,,,,,,,,,,,,0.0,0.1,100.0,0.0
2021-08-05,0.0,1.9,85.0,,,,,,,0.0,0.0,62.9,0.0,0.1,100.0,0.0
2021-08-06,,,,,,,,,,,,,0.0,0.1,100.0,0.0
2021-08-07,,,,,,,,,,,,,0.0,0.1,100.0,0.0
2021-08-08,,,,,,,,,,0.0,0.0,77.2,0.0,0.1,100.0,0.0
2021-08-09,0.0,1.3,87.9,,,,,,,0.0,0.0,100.0,0.0,0.1,100.0,0.0
2021-08-10,,,,,,,,,,,,,0.0,0.1,100.0,0.0
2021-08-11,0.1,1.7,87.6,,,,,,,,,,0.0,0.1,100.0,0.0
2021-08-12,,,,0.0,0.0,100.0,,,,0.0,0.0,100.0,0.0,0.1,100.0,0.0
2021-08-13,,,,,,,,,,0.0,0.0,100.0,0.0,0.0,100.0,0.0
2021-08-14,,,,,,,0.0,0.0,87.7,,,,0.0,0.1,100.0,0.0
2021-08-15,0.0,1.2,89.0,,,,,,,,,,0.0,0.0,100.0,0.0
2021-08-16,,,,,,,,,,0.0,0.0,94.3,0.0,0.0,100.0,0.0
2021-08-17,0.0,1.3,87.2,0.0,0.0,100.0,,,,0.0,0.0,96.6,0.0,0.0,100.0,0.0
2021-08-18,,,,,,,,,,,,,0.0,0.0,100.0,0.0
2021-08-19,,,,,,,,,,,,,0.0,0.0,100.0,0.0
2021-08-20,,,,,,,,,,0.0,0.0,100.0,0.0,0.0,100.0,0.0
2021-08-21,0.0,0.8,89.2,,,,0.0,0.0,98.2,0.0,0.0,100.0,0.0,0.0,100.0,0.0
2021-08-22,,,,,,,,,,,,,0.0,0.0,100.0,0.0
2021-08-23,0.0,1.2,89.2,,,,,,,,,,0.0,0.0,100.0,0.0
2021-08-24,,,,,,,,,,,,,0.0,0.0,100.0,0.0
2021-08-25,,,,,,,,,,0.0,0.0,94.2,0.0,0.1,100.0,0.0
2021-08-26,,,,,,,,,,,,,0.0,0.1,100.0,0.0
2021-08-27,0.0,1.1,90.6,0.0,0.0,96.6,,,,,,,0.0,0.1,100.0,0.0
2021-08-28,,,,,,,,,,,,,0.0,0.1,100.0,0.0
2021-08-29,0.0,1.4,89.2,,,,,,,0.0,0.0,100.0,0.0,0.1,100.0,0.0
2021-08-30,,,,,,,0.0,0.0,73.8,0.0,0.0,100.0,0.0,0.1,100.0,0.0
2021-08-31,,,,,,,,,,,,,0.0,0.1,100.0,0.0
2021-09-01,,,,0.0,0.0,100.0,,,,,,,0.0,0.1,100.0,0.0
2021-09-02,0.0,1.0,90.7,,,,,,,0.0,0.0,100.0,0.0,0.0,100.0,0.0
2021-09-03,,,,,,,,,,,,,0.0,0.1,100.0,0.0
2021-09-04,0.0,1.2,89.8,,,,,,,,,,0.0,0.1,100.0,0.0
2021-09-05,,,,,,,,,,0.0,0.0,100.0,0.0,0.0,100.0,0.0
2021-09-06,,,,0.0,0.0,97.4,0.0,0.0,77.9,0.0,0.0,100.0,0.0,0.0,100.0,0.0
2021-09-07,,,,,,,,,,,,,0.0,0.1,100.0,0.0
2021-09-08,0.0,1.1,90.9,,,,,,,,,,0.0,0.0,100.0,0.0
2021-09-09,,,,,,,,,,,,,0.0,0.0,100.0,0.0
2021-09-10,0.0,1.3,85.6,,,,,,,,,,0.0,0.0,100.0,0.0
2021-09-11,,,,,,,,,,,,,0.0,0.0,100.0,0.0
2021-09-12,,,,,,,,,,,,,0.0,0.0,100.0,0.0
2021-09-13,,,,,,,,,,0.0,0.0,100.0,0.0,0.0,100.0,0.0
2021-09-14,0.0,0.9,88.6,,,,,,,,,,0.0,0.1,100.0,0.0
2021-09-15,,,,,,,,,,,,,0.0,0.0,100.0,0.0
2021-09-16,0.0,1.2,88.6,,,,,,,,,,0.0,0.0,100.0,0.0
2021-09-17,,,,,,,,,,0.0,0.0,100.0,0.0,0.0,100.0,0.0
2021-09-18,,,,,,,,,,,,,0.0,0.0,100.0,0.0
2021-09-19,,,,,,,,,,,,,0.0,0.0,100.0,0.0
2021-09-20,0.0,0.8,88.4,,,,,,,,,,0.0,0.0,100.0,0.0
2021-09-21,,,,0.0,0.0,91.7,,,,,,,0.0,0.0,100.0,0.0
2021-09-22,0.0,1.4,88.2,,,,0.0,0.0,99.9,,,,0.0,0.0,100.0,0.0
2021-09-23,,,,,,,,,,,,,0.0,0.0,100.0,0.0
2021-09-24,,,,,,,,,,,,,0.0,0.0,100.0,0.0
2021-09-25,,,,,,,,,,,,,0.0,0.0,100.0,0.0
2021-09-26,0.0,0.7,86.7,,,,,,,,,,0.0,0.0,100.0,0.0
2021-09-27,,,,,,,,,,,,,0.0,0.0,100.0,0.0
2021-09-28,0.0,1.4,89.3,,,,,,,,,,0.0,0.0,100.0,0.0
2021-09-29,,,,,,,,,,,,,0.0,0.0,100.0,0.0
2021-09-30,,,,,,,,,,,,,0.0,0.0,100.0,0.0
2021-10-01,,,,0.0,0.0,100.0,0.0,0.0,100.0,,,,0.0,0.0,100.0,0.0
2021-10-02,0.0,0.9,88.6,,,,,,,,,,0.0,0.0,100.0,0.0
2021-10-03,,,,,,,,,,,,,0.0,0.1,100.0,0.0
2021-10-04,0.0,2.0,89.3,,,,,,,,,,0.0,0.1,100.0,0.0
2021-10-05,,,,,,,,,,,,,0.0,0.1,100.0,0.0
2021-10-06,,,,0.0,0.1,57.2,,,,,,,0.0,0.1,100.0,0.0
2021-10-07,,,,,,,,,,,,,0.0,0.1,100.0,0.0
2021-10-08,0.0,1.4,89.0,,,,0.0,0.0,98.8,0.0,0.0,100.0,0.0,0.1,100.0,0.0
2021-10-09,,,,,,,,,,,,,0.0,0.1,100.0,0.0
2021-10-10,0.1,2.1,89.9,,,,,,,,,,0.0,0.2,100.0,0.0
2021-10-11,,,,0.0,0.1,100.0,,,,0.0,0.0,100.0,0.0,0.2,100.0,0.0
2021-10-12,,,,,,,,,,,,,0.0,0.2,100.0,0.0
2021-10-13,,,,,,,,,,,,,0.0,0.3,100.0,0.0
2021-10-14,0.0,1.6,90.5,,,,,,,,,,0.0,0.3,100.0,0.0
2021-10-15,,,,,,,,,,0.0,0.1,100.0,0.0,0.2,100.0,0.0
2021-10-16,0.0,2.3,88.2,0.0,0.0,100.0,,,,0.0,0.1,100.0,0.0,0.1,100.0,0.0
2021-10-17,,,,,,,0.0,0.0,99.9,,,,0.0,0.2,100.0,0.0
2021-10-18,,,,,,,,,,,,,0.0,0.2,100.0,0.0
2021-10-19,,,,,,,,,,,,,0.0,0.3,100.0,0.0
2021-10-20,0.0,1.6,89.8,,,,,,,0.0,0.1,100.0,0.0,0.2,100.0,0.0
2021-10-21,,,,,,,,,,,,,0.0,0.3,100.0,0.0
2021-10-22,0.1,2.5,87.9,,,,,,,,,,0.0,0.2,100.0,0.0
2021-10-23,,,,,,,,,,,,,0.0,0.4,100.0,0.0
2021-10-24,,,,,,,0.0,0.0,99.8,0.0,0.1,100.0,0.0,0.3,100.0,0.0
2021-10-25,,,,,,,,,,,,,0.0,0.5,100.0,0.0
2021-10-26,0.0,1.4,89.3,0.0,0.0,78.5,,,,,,,0.0,0.4,100.0,0.0
2021-10-27,,,,,,,,,,,,,0.0,0.6,100.0,0.0
2021-10-28,0.0,2.3,86.4,,,,,,,0.0,0.3,100.0,0.0,0.6,100.0,0.0
2021-10-29,,,,,,,,,,0.0,0.2,100.0,0.0,1.0,100.0,0.0
2021-10-30,,,,,,,,,,,,,0.0,1.0,100.0,0.0
2021-10-31,,,,0.0,0.1,100.0,,,,,,,0.0,1.2,100.0,0.0
2021-11-01,0.0,1.2,86.8,,,,,,,,,,0.0,1.1,100.0,0.0
2021-11-02,,,,,,,,,,,,,0.0,2.0,100.0,0.0
2021-11-03,0.1,2.1,89.6,,,,,,,,,,0.0,1.6,100.0,0.0
2021-11-04,,,,,,,,,,,,,0.0,1.7,100.0,0.0
2021-11-05,,,,0.0,0.4,98.5,,,,,,,0.0,1.3,100.0,0.0
2021-11-06,,,,,,,0.0,0.1,98.9,,,,0.0,1.6,100.0,0.0
2021-11-07,0.0,1.3,89.7,,,,,,,,,,0.0,1.3,100.0,0.0
2021-11-08,,,,,,,,,,0.0,0.3,100.0,0.0,1.3,100.0,0.0
2021-11-09,0.2,2.3,88.6,,,,0.0,0.2,84.4,,,,0.0,1.3,100.0,0.0
2021-11-10,,,,,,,,,,,,,0.0,1.6,100.0,0.0
2021-11-11,,,,,,,,,,,,,0.0,1.3,100.0,0.0
2021-11-12,,,,,,,,,,0.0,0.8,100.0,0.0,1.3,100.0,0.0
2021-11-13,0.0,1.7,89.3,,,,,,,,,,0.0,2.0,100.0,0.0
2021-11-14,,,,,,,,,,,,,0.0,2.3,100.0,0.0
2021-11-15,0.1,3.2,87.4,,,,,,,,,,0.0,1.9,100.0,0.0
2021-11-16,,,,,,,,,,,,,0.0,2.4,100.0,0.0
2021-11-17,,,,,,,,,,,,,0.0,2.7,100.0,0.0
2021-11-18,,,,,,,0.0,0.4,94.9,,,,0.0,3.5,100.0,0.0
2021-11-19,0.0,2.8,89.8,,,,,,,,,,0.0,3.1,100.0,0.0
2021-11-20,0.5,5.9,92.9,0.0,1.2,100.0,,,,0.0,5.4,100.0,0.0,3.2,100.0,0.0
2021-11-21,1.0,6.6,90.3,,,,,,,,,,0.0,3.6,100.0,0.0
2021-11-22,,,,,,,,,,,,,0.0,5.8,100.0,0.0
2021-11-23,,,,,,,,,,,,,0.0,5.0,100.0,0.0
2021-11-24,,,,,,,,,,,,,0.0,6.3,100.0,0.0
2021-11-25,1.6,11.1,90.3,,,,,,,,,,0.0,6.2,100.0,0.0
2021-11-26,,,,,,,,,,,,,0.0,9.6,100.0,0.0
2021-11-27,2.1,11.5,89.1,,,,,,,,,,0.0,7.7,100.0,0.0
2021-11-28,,,,,,,,,,,,,0.0,11.3,100.0,0.0
2021-11-29,,,,,,,,,,,,,0.0,10.1,100.0,0.0
2021-11-30,,,,,,,,,,,,,0.0,13.9,100.0,0.0
2021-12-01,1.6,13.2,88.1,,,,,,,,,,0.0,12.1,100.0,0.0
2021-12-02,3.3,15.3,89.1,,,,,,,,,,0.0,15.8,100.0,0.0
2021-12-03,4.7,17.3,89.9,,,,,,,,,,0.0,13.8,100.0,0.0
2021-12-04,,,,,,,,,,,,,0.2,19.1,100.0,0.2
2021-12-05,,,,,,,,,,,,,0.1,16.4,100.0,0.1
2021-12-06,,,,,,,,,,,,,0.6,23.6,100.0,0.6
2021-12-07,6.3,20.9,88.8,,,,,,,,,,0.3,20.3,100.0,0.3
2021-12-08,,,,,,,,,,,,,0.7,25.0,100.0,0.7
2021-12-09,11.9,25.5,85.6,,,,,,,,,,0.7,25.3,100.0,0.7
2021-12-10,,,,,,,,,,,,,2.3,29.4,100.0,2.3
2021-12-11,,,,,,,,,,,,,2.2,29.6,100.0,2.2
2021-12-12,,,,,,,82.2,78.9,100.0,,,,12.8,42.0,100.0,12.8
2021-12-13,16.9,29.0,86.4,,,,,,,,,,13.6,43.4,100.0,13.6
2021-12-14,43.0,40.9,81.5,,,,,,,,,,32.2,49.8,100.0,32.2
2021-12-15,41.5,41.3,78.4,70.6,63.9,100.0,,,,27.6,36.9,100.0,42.8,53.0,100.0,42.8
2021-12-16,,,,,,,,,,,,,61.5,58.4,100.0,61.5
2021-12-17,,,,,,,,,,,,,61.4,58.3,100.0,61.4
2021-12-18,,,,,,,,,,46.6,45.8,100.0,60.2,58.0,100.0,60.2
2021-12-19,85.4,54.8,79.1,,,,99.9,97.4,92.9,,,,72.4,65.7,100.0,72.4
2021-12-20,,,,84.7,79.8,100.0,100.0,99.4,100.0,,,,77.3,69.9,100.0,77.3
2021-12-21,89.7,56.7,75.9,,,,,,,,,,77.5,69.2,100.0,77.5
2021-12-22,,,,,,,,,,,,,78.2,68.9,100.0,78.2
2021-12-23,,,,,,,,,,,,,84.1,72.9,100.0,84.1
2021-12-24,,,,,,,,,,,,,80.7,69.5,100.0,80.7
2021-12-25,,,,,,,,,,,,,81.2,69.6,100.0,81.2
2021-12-26,,,,,,,,,,67.7,55.7,100.0,72.5,65.7,100.0,72.5
2021-12-27,,,,,,,,,,,,,80.8,69.8,100.0,80.8
2021-12-28,,,,,,,,,,,,,52.0,60.3,100.0,52.0
2021-12-29,,,,,,,,,,,,,66.7,64.5,100.0,66.7
2021-12-30,,,,97.5,92.9,100.0,,,,,,,48.1,60.0,100.0,48.1
2021-12-31,,,,,,,,,,,,,68.3,65.2,100.0,68.3
2022-01-01,,,,,,,,,,,,,32.6,54.9,100.0,32.6
2022-01-02,95.6,62.3,77.4,,,,,,,,,,59.7,62.7,100.0,59.7
2022-01-03,,,,,,,,,,92.6,69.0,48.5,51.5,60.9,100.0,51.5
2022-01-04,,,,,,,,,,,,,76.1,65.1,100.0,76.1
2022-01-05,,,,,,,,,,,,,71.6,64.1,100.0,71.6
2022-01-06,95.1,62.0,76.8,,,,,,,91.5,76.9,97.4,98.6,73.9,100.0,98.6
2022-01-07,,,,,,,,,,,,,99.4,76.9,100.0,99.4
2022-01-08,,,,,,,,,,,,,100.0,81.1,100.0,100.0
2022-01-09,,,,,,,,,,,,,100.0,87.2,100.0,100.0
2022-01-10,,,,,,,,,,99.1,89.4,50.3,100.0,89.8,100.0,100.0
2022-01-11,,,,,,,,,,,,,100.0,93.6,100.0,100.0
2022-01-12,,,,,,,100.0,100.0,100.0,,,,100.0,95.4,100.0,100.0
2022-01-13,,,,,,,100.0,100.0,100.0,,,,100.0,96.7,100.0,100.0
2022-01-14,97.5,67.1,72.8,100.0,98.5,100.0,,,,99.7,94.7,100.0,100.0,97.5,100.0,100.0
2022-01-15,,,,,,,,,,,,,100.0,97.6,100.0,100.0
2022-01-16,,,,,,,,,,,,,100.0,97.6,100.0,100.0
2022-01-17,,,,,,,,,,,,,100.0,97.3,100.0,100.0
2022-01-18,94.6,63.4,74.1,,,,,,,,,,100.0,97.5,100.0,100.0
2022-01-19,,,,100.0,97.9,100.0,,,,,,,100.0,98.0,100.0,100.0
2022-01-20,,,,,,,,,,,,,100.0,97.4,100.0,100.0
2022-01-21,,,,,,,100.0,100.0,73.8,,,,100.0,97.8,100.0,100.0
2022-01-22,,,,,,,,,,,,,100.0,97.4,100.0,100.0
2022-01-23,,,,,,,,,,,,,100.0,97.5,100.0,100.0
2022-01-24,,,,100.0,98.0,100.0,,,,,,,100.0,97.3,100.0,100.0
2022-01-25,,,,,,,,,,,,,100.0,97.0,100.0,100.0
2022-01-26,97.5,71.2,68.2,,,,,,,,,,100.0,96.6,100.0,100.0
2022-01-27,,,,,,,,,,,,,100.0,97.1,100.0,100.0
2022-01-28,,,,,,,100.0,100.0,91.5,,,,100.0,97.1,100.0,100.0
2022-01-29,,,,100.0,97.7,100.0,100.0,100.0,93.0,,,,100.0,97.3,100.0,100.0
2022-01-30,93.3,63.2,72.4,,,,,,,99.8,96.9,100.0,100.0,96.0,100.0,100.0
2022-01-31,,,,,,,,,,,,,100.0,95.4,100.0,100.0
2022-02-01,,,,,,,,,,,,,100.0,95.1,100.0,100.0
2022-02-02,,,,,,,,,,100.0,96.4,100.0,99.9,92.9,100.0,99.9
2022-02-03,,,,,,,,,,99.6,96.3,100.0,99.9,92.2,100.0,99.9
2022-02-04,,,,,,,,,,,,,99.9,91.5,100.0,99.9
2022-02-05,,,,,,,100.0,99.6,37.5,,,,99.9,92.4,100.0,99.9
2022-02-06,,,,,,,,,,,,,99.2,87.6,100.0,99.2
2022-02-07,94.2,71.1,76.4,,,,,,,98.8,94.2,100.0,98.6,86.6,100.0,98.6
2022-02-08,,,,100.0,98.4,100.0,,,,,,,97.3,84.9,100.0,97.3
2022-02-09,,,,,,,,,,,,,94.4,82.7,100.0,94.4
2022-02-10,,,,,,,,,,98.2,91.3,100.0,82.3,77.2,100.0,82.3
2022-02-11,92.2,62.4,74.1,,,,,,,99.7,94.2,100.0,75.9,74.7,100.0,75.9
2022-02-12,,,,,,,,,,,,,74.7,74.4,100.0,74.7
2022-02-13,,,,100.0,97.8,100.0,100.0,99.9,67.0,99.6,93.2,100.0,73.6,74.4,100.0,73.6
2022-02-14,,,,,,,,,,,,,59.8,66.6,100.0,59.8
2022-02-15,,,,,,,,,,,,,42.5,57.7,100.0,42.5
2022-02-16,,,,,,,,,,,,,43.8,58.5,100.0,43.8
2022-02-17,,,,,,,,,,,,,30.8,47.8,100.0,30.8
2022-02-18,,,,,,,,,,99.2,91.5,100.0,31.0,49.2,100.0,31.0
2022-02-19,95.0,70.0,76.0,,,,,,,99.6,93.4,100.0,25.0,44.2,100.0,25.0
2022-02-20,,,,,,,,,,,,,28.4,47.5,100.0,28.4
2022-02-21,,,,,,,,,,,,,24.8,43.0,100.0,24.8
2022-02-22,,,,,,,100.0,99.5,52.8,,,,24.5,45.2,100.0,24.5
2022-02-23,87.3,58.6,77.1,100.0,95.6,100.0,,,,,,,24.4,46.1,100.0,24.4
2022-02-24,,,,,,,,,,,,,22.0,43.1,100.0,22.0
2022-02-25,,,,,,,,,,,,,29.0,47.7,100.0,29.0
2022-02-26,,,,,,,,,,,,,31.5,49.3,100.0,31.5
2022-02-27,,,,,,,,,,99.0,92.2,70.4,51.1,59.5,100.0,51.1
2022-02-28,,,,99.6,92.3,100.0,,,,,,,46.8,58.0,100.0,46.8
2022-03-01,,,,,,,100.0,99.7,91.6,,,,71.4,69.8,100.0,71.4
2022-03-02,,,,,,,,,,,,,64.5,66.3,100.0,64.5
2022-03-03,92.3,66.9,80.5,,,,,,,,,,80.7,74.4,100.0,80.7
2022-03-04,,,,,,,,,,,,,66.8,67.6,100.0,66.8
2022-03-05,,,,97.2,89.6,100.0,,,,,,,78.5,73.6,100.0,78.5
2022-03-06,,,,,,,,,,99.7,93.7,63.9,76.0,72.5,100.0,76.0
2022-03-07,85.7,59.8,71.7,,,,,,,,,,83.5,76.0,100.0,83.5
2022-03-08,,,,,,,,,,,,,73.9,72.7,100.0,73.9
2022-03-09,,,,,,,100.0,99.8,80.9,100.0,95.1,71.4,86.4,77.9,100.0,86.4
2022-03-10,,,,97.7,90.1,100.0,100.0,99.6,87.8,,,,85.6,78.9,100.0,85.6
2022-03-11,,,,,,,,,,,,,79.9,75.7,100.0,79.9
2022-03-12,,,,,,,,,,,,,74.5,73.6,100.0,74.5
2022-03-13,,,,,,,,,,,,,79.7,74.3,100.0,79.7
2022-03-14,,,,,,,,,,,,,72.6,71.8,100.0,72.6
2022-03-15,90.0,65.2,75.6,,,,,,,,,,64.7,67.2,100.0,64.7
2022-03-16,,,,,,,,,,,,,63.5,65.5,100.0,63.5
2022-03-17,,,,,,,,,,,,,69.2,67.8,100.0,69.2
2022-03-18,,,,,,,,,,,,,64.9,65.0,100.0,64.9
2022-03-19,74.9,54.1,86.1,,,,,,,,,,51.7,59.1,100.0,51.7
2022-03-20,,,,98.3,91.3,100.0,,,,100.0,96.7,83.5,53.5,59.5,100.0,53.5
2022-03-21,,,,,,,,,,,,,42.1,54.2,100.0,42.1
2022-03-22,,,,,,,,,,,,,49.0,57.8,100.0,49.0
2022-03-23,,,,,,,,,,,,,26.5,47.2,100.0,26.5
2022-03-24,,,,,,,,,,100.0,96.4,100.0,36.9,52.4,100.0,36.9
2022-03-25,,,,98.6,92.9,100.0,99.9,98.6,56.3,100.0,96.1,100.0,30.1,49.7,100.0,30.1
2022-03-26,,,,,,,99.9,95.5,84.8,,,,37.3,53.2,100.0,37.3
2022-03-27,79.4,58.1,86.7,,,,,,,,,,17.6,41.1,100.0,17.6
2022-03-28,,,,,,,,,,,,,18.1,41.7,100.0,18.1
2022-03-29,,,,,,,,,,,,,5.3,28.0,100.0,5.3
2022-03-30,,,,,,,,,,,,,3.2,25.9,100.0,3.2
2022-03-31,67.2,51.4,88.1,,,,,,,,,,0.5,17.1,100.0,0.5
2022-04-01,,,,,,,,,,,,,0.4,16.6,100.0,0.4
2022-04-02,,,,,,,,,,,,,0.3,14.5,100.0,0.3
2022-04-03,,,,,,,,,,,,,0.3,15.6,100.0,0.3
2022-04-04,,,,99.9,95.5,93.9,,,,,,,0.2,14.2,100.0,0.2
2022-04-05,,,,,,,,,,100.0,94.9,100.0,0.2,12.5,100.0,0.2
2022-04-06,,,,,,,,,,,,,0.2,11.2,100.0,0.2
2022-04-07,,,,,,,,,,,,,0.2,13.4,100.0,0.2
2022-04-08,75.6,55.7,87.6,,,,,,,,,,0.2,13.2,100.0,0.2
2022-04-09,,,,,,,,,,,,,0.2,12.9,100.0,0.2
2022-04-10,,,,,,,99.9,98.4,94.5,100.0,93.8,100.0,0.2,16.0,100.0,0.2
2022-04-11,,,,,,,100.0,100.0,40.6,,,,0.4,18.0,100.0,0.4
2022-04-12,57.0,47.1,86.8,,,,,,,,,,0.7,19.7,100.0,0.7
2022-04-13,,,,,,,,,,,,,0.4,17.6,100.0,0.4
2022-04-14,,,,98.4,86.7,100.0,,,,99.3,89.1,100.0,0.8,20.4,100.0,0.8
2022-04-15,,,,,,,,,,,,,0.3,15.8,100.0,0.3
2022-04-16,,,,,,,,,,,,,0.4,16.5,100.0,0.4
2022-04-17,,,,,,,,,,,,,0.1,13.4,100.0,0.1
2022-04-18,,,,,,,98.9,96.5,69.3,97.3,83.1,100.0,0.3,17.1,100.0,0.3
2022-04-19,,,,62.2,62.0,100.0,93.2,89.5,77.7,,,,0.2,15.1,100.0,0.2
2022-04-20,61.9,48.4,82.4,,,,,,,88.8,74.7,100.0,0.1,14.5,100.0,0.1
2022-04-21,,,,,,,,,,83.9,68.4,83.8,0.0,10.9,100.0,0.0
2022-04-22,,,,,,,,,,,,,0.0,12.3,100.0,0.0
2022-04-23,,,,,,,,,,,,,0.0,9.5,100.0,0.0
2022-04-24,33.8,38.6,85.4,,,,,,,65.0,56.8,71.4,0.0,9.6,100.0,0.0
2022-04-25,,,,,,,,,,77.7,64.7,92.2,0.0,7.9,100.0,0.0
2022-04-26,,,,,,,,,,,,,0.0,8.8,100.0,0.0
2022-04-27,,,,,,,78.9,66.8,70.2,,,,0.0,7.9,100.0,0.0
2022-04-28,,,,,,,,,,57.0,49.7,100.0,0.0,7.8,100.0,0.0
2022-04-29,,,,35.7,39.7,100.0,,,,,,,0.0,8.0,100.0,0.0
2022-04-30,,,,,,,,,,,,,0.0,7.3,100.0,0.0
2022-05-01,,,,,,,,,,,,,0.0,6.8,100.0,0.0
2022-05-02,31.7,37.8,82.1,,,,,,,,,,0.0,6.6,100.0,0.0
2022-05-03,,,,,,,,,,,,,0.0,6.8,100.0,0.0
2022-05-04,,,,32.9,36.2,91.7,,,,,,,0.0,7.1,100.0,0.0
2022-05-05,,,,,,,,,,,,,0.0,6.6,100.0,0.0
2022-05-06,2.6,23.6,84.9,,,,,,,,,,0.0,6.9,100.0,0.0
2022-05-07,,,,,,,,,,48.4,44.8,100.0,0.0,7.4,100.0,0.0
2022-05-08,,,,,,,,,,,,,0.0,8.2,100.0,0.0
2022-05-09,,,,,,,,,,,,,0.0,8.4,100.0,0.0
2022-05-10,,,,,,,,,,,,,0.0,9.4,100.0,0.0
2022-05-11,,,,,,,,,,,,,0.0,9.5,100.0,0.0
2022-05-12,,,,,,,,,,,,,0.0,10.3,100.0,0.0
2022-05-13,,,,,,,,,,,,,0.0,9.8,100.0,0.0
2022-05-14,1.0,19.4,79.5,9.5,19.7,82.0,,,,,,,0.0,10.9,100.0,0.0
2022-05-15,,,,,,,,,,,,,0.0,8.6,100.0,0.0
2022-05-16,,,,,,,,,,,,,0.0,9.4,100.0,0.0
2022-05-17,,,,,,,,,,,,,0.0,8.5,100.0,0.0
2022-05-18,0.0,11.5,82.8,,,,,,,,,,0.0,9.6,100.0,0.0
2022-05-19,,,,0.1,8.2,83.6,,,,,,,0.0,9.1,100.0,0.0
2022-05-20,,,,,,,,,,2.6,18.7,87.1,0.0,9.2,100.0,0.0
2022-05-21,,,,,,,,,,,,,0.0,8.8,100.0,0.0
2022-05-22,,,,,,,,,,,,,0.0,9.4,100.0,0.0
2022-05-23,,,,,,,,,,,,,0.0,6.2,100.0,0.0
2022-05-24,,,,,,,,,,,,,0.0,5.4,100.0,0.0
2022-05-25,,,,,,,,,,,,,0.0,5.0,100.0,0.0
2022-05-26,0.3,11.6,79.4,,,,,,,,,,0.0,5.1,100.0,0.0
2022-05-27,,,,,,,,,,,,,0.0,4.6,100.0,0.0
2022-05-28,,,,,,,,,,0.0,7.7,100.0,0.0,3.9,100.0,0.0
2022-05-29,,,,0.0,0.2,85.4,,,,0.0,4.3,67.6,0.0,4.3,100.0,0.0
2022-05-30,0.0,7.1,82.7,,,,,,,,,,0.0,3.5,100.0,0.0
2022-05-31,,,,,,,,,,,,,0.0,3.2,100.0,0.0
2022-06-01,,,,,,,,,,,,,0.0,2.4,100.0,0.0
2022-06-02,,,,,,,,,,,,,0.0,2.8,100.0,0.0
2022-06-03,,,,,,,,,,,,,0.0,2.4,100.0,0.0
2022-06-04,,,,,,,,,,,,,0.0,2.1,100.0,0.0
2022-06-05,,,,,,,,,,,,,0.0,1.9,100.0,0.0
2022-06-06,,,,,,,0.0,0.1,64.4,,,,0.0,2.9,100.0,0.0
2022-06-07,0.3,8.5,82.4,,,,,,,,,,0.0,2.8,100.0,0.0
2022-06-08,,,,,,,,,,,,,0.0,2.7,100.0,0.0
2022-06-09,,,,,,,,,,,,,0.0,2.7,100.0,0.0
2022-06-10,,,,,,,,,,0.0,0.7,72.1,0.0,2.9,100.0,0.0
2022-06-11,0.0,4.3,83.4,,,,,,,,,,0.0,3.8,100.0,0.0
2022-06-12,,,,,,,,,,0.0,0.4,100.0,0.0,2.5,100.0,0.0
2022-06-13,,,,,,,,,,0.0,0.3,45.8,0.0,3.1,100.0,0.0
2022-06-14,,,,,,,,,,,,,0.0,2.7,100.0,0.0
2022-06-15,,,,,,,,,,,,,0.0,3.5,100.0,0.0
2022-06-16,,,,,,,,,,0.0,0.1,90.3,0.0,2.5,100.0,0.0
2022-06-17,,,,,,,,,,,,,0.0,3.1,100.0,0.0
2022-06-18,,,,0.0,0.0,100.0,,,,0.0,0.0,100.0,0.0,2.2,100.0,0.0
2022-06-19,0.0,4.9,80.3,,,,,,,,,,0.0,2.8,100.0,0.0
2022-06-20,,,,,,,,,,0.0,0.0,100.0,0.0,2.4,100.0,0.0
2022-06-21,,,,,,,,,,,,,0.0,2.9,100.0,0.0
2022-06-22,,,,,,,,,,0.0,0.0,70.0,0.0,2.9,100.0,0.0
2022-06-23,0.0,3.0,83.4,0.0,0.0,100.0,,,,,,,0.0,2.9,100.0,0.0
2022-06-24,,,,,,,,,,,,,0.0,1.8,100.0,0.0
2022-06-25,,,,,,,,,,0.0,0.0,100.0,0.0,1.3,100.0,0.0
2022-06-26,,,,,,,,,,,,,0.0,1.5,100.0,0.0
2022-06-27,,,,,,,,,,,,,0.0,1.3,100.0,0.0
2022-06-28,,,,,,,,,,,,,0.0,1.1,100.0,0.0
2022-06-29,,,,,,,,,,0.0,0.0,100.0,0.0,0.7,100.0,0.0
2022-06-30,,,,,,,,,,,,,0.0,0.9,100.0,0.0
2022-07-01,0.0,3.9,82.4,,,,,,,,,,0.0,0.8,100.0,0.0
2022-07-02,,,,,,,,,,,,,0.0,0.5,100.0,0.0
2022-07-03,,,,0.0,0.0,98.5,,,,,,,0.0,0.4,100.0,0.0
2022-07-04,,,,,,,,,,,,,0.0,0.4,100.0,0.0
2022-07-05,0.0,2.4,83.9,,,,,,,,,,0.0,0.2,100.0,0.0
2022-07-06,,,,,,,,,,0.0,0.0,100.0,0.0,0.2,100.0,0.0
2022-07-07,,,,,,,,,,0.0,0.0,100.0,0.0,0.1,100.0,0.0
2022-07-08,,,,0.0,0.0,100.0,0.0,0.0,97.8,,,,0.0,0.1,100.0,0.0
2022-07-09,,,,,,,,,,,,,0.0,0.1,100.0,0.0
2022-07-10,,,,,,,,,,,,,0.0,0.1,100.0,0.0
2022-07-11,,,,,,,,,,,,,0.0,0.1,100.0,0.0
2022-07-12,,,,,,,,,,,,,0.0,0.1,100.0,0.0
2022-07-13,0.0,2.6,80.4,0.0,0.0,100.0,,,,,,,0.0,0.0,100.0,0.0
2022-07-14,,,,,,,,,,,,,0.0,0.0,100.0,0.0
2022-07-15,,,,,,,,,,,,,0.0,0.0,100.0,0.0
2022-07-16,,,,,,,0.0,0.0,99.3,,,,0.0,0.0,100.0,0.0
2022-07-17,0.0,1.8,82.9,,,,,,,,,,0.0,0.0,100.0,0.0
2022-07-18,,,,0.0,0.0,100.0,,,,,,,0.0,0.0,100.0,0.0
2022-07-19,,,,,,,,,,,,,0.0,0.0,100.0,0.0
2022-07-20,,,,,,,,,,,,,0.0,0.0,100.0,0.0
2022-07-21,,,,,,,,,,,,,0.0,0.0,100.0,0.0
2022-07-22,,,,,,,,,,,,,0.0,0.0,100.0,0.0
2022-07-23,,,,,,,,,,,,,0.0,0.0,100.0,0.0
2022-07-24,,,,,,,0.0,0.0,99.1,0.0,0.0,100.0,0.0,0.0,100.0,0.0
2022-07-25,0.1,2.6,83.1,,,,,,,,,,0.0,0.0,100.0,0.0
2022-07-26,,,,,,,,,,,,,0.0,0.0,100.0,0.0
2022-07-27,,,,,,,,,,,,,0.0,0.0,100.0,0.0
2022-07-28,,,,0.0,0.0,83.6,,,,,,,0.0,0.0,100.0,0.0
2022-07-29,0.1,2.0,85.1,,,,,,,,,,0.0,0.0,100.0,0.0
2022-07-30,,,,,,,,,,,,,0.0,0.0,100.0,0.0
2022-07-31,,,,,,,0.0,0.0,95.0,,,,0.0,0.0,100.0,0.0
2022-08-01,,,,,,,0.0,0.0,99.2,0.0,0.0,100.0,0.0,0.0,100.0,0.0
2022-08-02,,,,0.0,0.0,100.0,,,,0.0,0.0,100.0,0.0,0.0,100.0,0.0
2022-08-03,,,,,,,,,,,,,0.0,0.0,100.0,0.0
2022-08-04,,,,,,,,,,,,,0.0,0.0,100.0,0.0
2022-08-05,,,,,,,,,,0.0,0.0,100.0,0.0,0.0,100.0,0.0
2022-08-06,0.0,2.2,82.9,,,,,,,0.0,0.0,100.0,0.0,0.0,100.0,0.0
2022-08-07,,,,0.0,0.0,48.4,,,,,,,0.0,0.0,100.0,0.0
2022-08-08,,,,,,,0.0,0.0,94.2,0.0,0.0,100.0,0.0,0.0,100.0,0.0
2022-08-09,,,,,,,0.0,0.0,70.8,0.0,0.0,100.0,0.0,0.0,100.0,0.0
2022-08-10,0.0,2.1,85.5,,,,,,,,,,0.0,0.0,100.0,0.0
2022-08-11,,,,,,,,,,,,,0.0,0.0,100.0,0.0
2022-08-12,,,,0.0,0.0,100.0,,,,0.0,0.0,100.0,0.0,0.0,100.0,0.0
2022-08-13,,,,,,,,,,0.0,0.0,100.0,0.0,0.0,100.0,0.0
2022-08-14,,,,,,,,,,,,,0.0,0.0,100.0,0.0
2022-08-15,,,,,,,,,,,,,0.0,0.0,100.0,0.0
2022-08-16,,,,,,,0.0,0.0,99.8,0.0,0.0,100.0,0.0,0.0,100.0,0.0
2022-08-17,,,,0.0,0.0,77.0,,,,0.0,0.0,100.0,0.0,0.0,100.0,0.0
2022-08-18,0.1,2.7,83.7,,,,,,,,,,0.0,0.0,100.0,0.0
2022-08-19,,,,,,,,,,,,,0.0,0.0,100.0,0.0
2022-08-20,,,,,,,,,,0.0,0.0,100.0,0.0,0.0,100.0,0.0
2022-08-21,,,,,,,,,,0.0,0.0,100.0,0.0,0.0,100.0,0.0
2022-08-22,0.0,2.2,83.7,0.0,0.0,98.4,,,,0.0,0.0,68.6,0.0,0.0,100.0,0.0
2022-08-23,,,,,,,,,,,,,0.0,0.0,100.0,0.0
2022-08-24,,,,,,,0.0,0.0,99.5,0.0,0.0,100.0,0.0,0.0,100.0,0.0
2022-08-25,,,,,,,0.0,0.0,84.8,0.0,0.0,100.0,0.0,0.0,100.0,0.0
2022-08-26,,,,,,,,,,,,,0.0,0.0,100.0,0.0
2022-08-27,,,,0.0,0.0,93.8,,,,,,,0.0,0.0,100.0,0.0
2022-08-28,,,,,,,,,,0.0,0.0,100.0,0.0,0.0,100.0,0.0
2022-08-29,,,,,,,,,,0.0,0.0,100.0,0.0,0.0,100.0,0.0
2022-08-30,0.0,2.8,83.4,,,,,,,,,,0.0,0.0,100.0,0.0
2022-08-31,,,,,,,,,,,,,0.0,0.1,100.0,0.0
2022-09-01,,,,0.0,0.0,99.9,0.0,0.0,95.2,0.0,0.0,100.0,0.0,0.0,100.0,0.0
2022-09-02,,,,,,,,,,,,,0.0,0.0,100.0,0.0
2022-09-03,0.0,1.7,83.7,,,,,,,,,,0.0,0.0,100.0,0.0
2022-09-04,,,,,,,,,,,,,0.0,0.1,100.0,0.0
2022-09-05,,,,,,,,,,0.0,0.0,100.0,0.0,0.1,100.0,0.0
2022-09-06,,,,0.0,0.0,48.9,,,,,,,0.0,0.1,100.0,0.0
2022-09-07,,,,,,,,,,,,,0.0,0.1,100.0,0.0
2022-09-08,,,,,,,,,,,,,0.0,0.1,100.0,0.0
2022-09-09,,,,,,,0.0,0.0,64.0,,,,0.0,0.1,100.0,0.0
2022-09-10,,,,,,,,,,,,,0.0,0.1,100.0,0.0
2022-09-11,0.1,2.4,82.8,0.0,0.0,100.0,,,,0.0,0.0,89.0,0.0,0.1,100.0,0.0
2022-09-12,,,,,,,,,,0.0,0.0,100.0,0.0,0.0,100.0,0.0
2022-09-13,,,,,,,,,,,,,0.0,0.1,100.0,0.0
2022-09-14,,,,,,,,,,,,,0.0,0.0,100.0,0.0
2022-09-15,0.0,1.6,82.7,,,,,,,,,,0.0,0.0,100.0,0.0
2022-09-16,,,,,,,,,,,,,0.0,0.0,100.0,0.0
2022-09-17,,,,,,,,,,,,,0.0,0.0,100.0,0.0
2022-09-18,,,,,,,0.0,0.0,98.2,,,,0.0,0.0,100.0,0.0
2022-09-19,,,,,,,,,,,,,0.0,0.0,100.0,0.0
2022-09-20,,,,,,,,,,,,,0.0,0.0,100.0,0.0
2022-09-21,,,,0.0,0.0,100.0,,,,,,,0.0,0.0,100.0,0.0
2022-09-22,,,,,,,,,,,,,0.0,0.0,100.0,0.0
2022-09-23,0.0,2.3,82.4,,,,,,,,,,0.0,0.0,100.0,0.0
2022-09-24,,,,,,,,,,,,,0.0,0.0,100.0,0.0
2022-09-25,,,,,,,,,,,,,0.0,0.0,100.0,0.0
2022-09-26,,,,,,,,,,,,,0.0,0.1,100.0,0.0
2022-09-27,0.0,1.5,83.8,,,,,,,,,,0.0,0.1,100.0,0.0
2022-09-28,,,,,,,,,,,,,0.0,0.1,100.0,0.0
2022-09-29,,,,,,,,,,,,,0.0,0.1,100.0,0.0
2022-09-30,,,,,,,,,,,,,0.0,0.1,100.0,0.0
2022-10-01,,,,,,,,,,,,,0.0,0.1,100.0,0.0
2022-10-02,,,,,,,,,,,,,0.0,0.1,100.0,0.0
2022-10-03,,,,,,,0.0,0.0,95.6,,,,0.0,0.1,100.0,0.0
2022-10-04,,,,,,,0.0,0.1,49.1,,,,0.0,0.1,100.0,0.0
2022-10-05,0.1,2.7,84.8,,,,,,,0.0,0.0,100.0,0.0,0.1,100.0,0.0
2022-10-06,,,,0.0,0.1,100.0,,,,,,,0.0,0.1,100.0,0.0
2022-10-07,,,,,,,,,,,,,0.0,0.2,100.0,0.0
2022-10-08,,,,,,,,,,,,,0.0,0.1,100.0,0.0
2022-10-09,0.0,1.7,84.0,,,,,,,,,,0.0,0.2,100.0,0.0
2022-10-10,,,,,,,,,,,,,0.0,0.2,100.0,0.0
2022-10-11,,,,0.0,0.2,100.0,0.0,0.1,95.8,,,,0.0,0.2,100.0,0.0
2022-10-12,,,,,,,0.0,0.0,32.6,0.0,0.0,100.0,0.0,0.1,100.0,0.0
2022-10-13,,,,,,,,,,,,,0.0,0.2,100.0,0.0
2022-10-14,,,,,,,,,,,,,0.0,0.2,100.0,0.0
2022-10-15,,,,,,,,,,,,,0.0,0.3,100.0,0.0
2022-10-16,,,,0.0,0.3,100.0,,,,0.0,0.0,100.0,0.0,0.1,100.0,0.0
2022-10-17,0.0,2.8,81.9,,,,,,,0.0,0.0,100.0,0.0,0.1,100.0,0.0
2022-10-18,,,,,,,,,,,,,0.0,0.2,100.0,0.0
2022-10-19,,,,,,,0.0,0.0,99.8,,,,0.0,0.2,100.0,0.0
2022-10-20,,,,,,,,,,0.0,0.0,100.0,0.0,0.1,100.0,0.0
2022-10-21,0.0,1.8,82.4,,,,,,,,,,0.0,0.1,100.0,0.0
2022-10-22,,,,,,,,,,,,,0.0,0.1,100.0,0.0
2022-10-23,,,,,,,,,,,,,0.0,0.2,100.0,0.0
2022-10-24,,,,,,,,,,,,,0.0,0.1,100.0,0.0
2022-10-25,,,,,,,,,,0.0,0.1,100.0,0.0,0.2,100.0,0.0
2022-10-26,,,,0.0,0.2,100.0,,,,,,,0.0,0.2,100.0,0.0
2022-10-27,,,,,,,0.0,0.0,84.7,,,,0.0,0.2,100.0,0.0
2022-10-28,,,,,,,0.0,0.0,100.0,,,,0.0,0.1,100.0,0.0
2022-10-29,0.0,3.0,82.0,,,,,,,,,,0.0,0.2,100.0,0.0
2022-10-30,,,,,,,,,,,,,0.0,0.2,100.0,0.0
2022-10-31,,,,0.0,0.1,100.0,,,,,,,0.0,0.2,100.0,0.0
2022-11-01,,,,,,,,,,0.0,0.1,89.6,0.0,0.2,100.0,0.0
2022-11-02,0.0,2.3,83.5,,,,,,,,,,0.0,0.4,100.0,0.0
2022-11-03,,,,,,,,,,,,,0.0,0.4,100.0,0.0
2022-11-04,,,,,,,,,,,,,0.0,0.7,100.0,0.0
2022-11-05,,,,0.0,1.0,59.5,,,,0.0,0.3,100.0,0.0,0.6,100.0,0.0
2022-11-06,,,,,,,,,,,,,0.0,0.8,100.0,0.0
2022-11-07,,,,,,,,,,,,,0.0,0.8,100.0,0.0
2022-11-08,,,,,,,,,,,,,0.0,1.0,100.0,0.0
2022-11-09,,,,,,,,,,,,,0.0,1.3,100.0,0.0
2022-11-10,0.0,4.2,81.4,0.0,0.4,99.8,,,,,,,0.0,1.2,100.0,0.0
2022-11-11,,,,,,,,,,,,,0.0,1.5,100.0,0.0
2022-11-12,,,,,,,,,,,,,0.0,1.4,100.0,0.0
2022-11-13,,,,,,,,,,,,,0.0,1.8,100.0,0.0
2022-11-14,0.0,3.6,84.1,,,,,,,,,,0.0,1.6,100.0,0.0
2022-11-15,,,,,,,,,,,,,0.0,2.0,100.0,0.0
2022-11-16,,,,,,,,,,0.0,0.3,100.0,0.0,1.2,100.0,0.0
2022-11-17,,,,,,,,,,,,,0.0,1.9,100.0,0.0
2022-11-18,,,,,,,,,,,,,0.0,1.9,100.0,0.0
2022-11-19,,,,,,,,,,,,,0.0,2.7,100.0,0.0
2022-11-20,,,,0.0,0.5,100.0,0.0,0.1,82.7,,,,0.0,2.3,100.0,0.0
2022-11-21,,,,,,,,,,,,,0.0,3.0,100.0,0.0
2022-11-22,0.0,5.6,81.1,,,,,,,,,,0.0,2.8,100.0,0.0
2022-11-23,,,,,,,,,,,,,0.0,3.7,100.0,0.0
2022-11-24,,,,,,,,,,,,,0.0,3.0,100.0,0.0
2022-11-25,,,,0.2,1.4,100.0,,,,,,,0.0,3.7,100.0,0.0
2022-11-26,0.0,5.1,83.0,,,,,,,,,,0.0,3.6,100.0,0.0
2022-11-27,,,,,,,,,,,,,0.0,4.3,100.0,0.0
2022-11-28,,,,,,,,,,,,,0.0,4.4,100.0,0.0
2022-11-29,,,,,,,,,,,,,0.0,3.8,100.0,0.0
2022-11-30,,,,0.1,1.9,100.0,,,,,,,0.0,3.4,100.0,0.0
2022-12-01,,,,,,,,,,0.0,1.4,100.0,0.0,3.2,100.0,0.0
2022-12-02,,,,,,,,,,,,,0.0,4.1,100.0,0.0
2022-12-03,,,,,,,,,,,,,0.0,3.4,100.0,0.0
2022-12-04,0.1,10.9,83.0,,,,,,,0.0,3.1,100.0,0.0,3.3,100.0,0.0
2022-12-05,,,,0.3,4.3,33.8,,,,0.1,4.4,100.0,0.0,3.5,100.0,0.0
2022-12-06,,,,,,,0.0,0.4,95.6,,,,0.0,3.9,100.0,0.0
2022-12-07,,,,,,,0.0,0.7,100.0,,,,0.0,4.5,100.0,0.0
2022-12-08,0.1,9.7,85.2,,,,,,,0.1,6.1,100.0,0.0,4.0,100.0,0.0
2022-12-09,,,,,,,,,,,,,0.0,4.3,100.0,0.0
2022-12-10,,,,,,,,,,0.5,8.9,100.0,0.0,3.9,100.0,0.0
2022-12-11,,,,,,,,,,,,,0.0,6.0,100.0,0.0
2022-12-12,,,,,,,,,,,,,0.0,5.2,100.0,0.0
2022-12-13,,,,,,,,,,,,,0.0,6.3,100.0,0.0
2022-12-14,,,,,,,,,,0.9,8.2,93.4,0.0,5.6,100.0,0.0
2022-12-15,,,,,,,,,,,,,0.0,8.5,100.0,0.0
2022-12-16,0.3,11.3,81.6,,,,,,,5.3,16.9,100.0,0.0,5.5,100.0,0.0
2022-12-17,,,,,,,,,,20.7,29.9,100.0,0.0,6.3,100.0,0.0
2022-12-18,,,,,,,,,,35.7,38.1,100.0,0.0,6.0,100.0,0.0
2022-12-19,,,,,,,,,,,,,0.0,8.7,100.0,0.0
2022-12-20,0.0,9.5,82.4,1.9,5.4,91.3,,,,,,,0.0,6.2,100.0,0.0
2022-12-21,,,,,,,,,,49.4,43.9,100.0,0.0,7.0,100.0,0.0
2022-12-22,,,,,,,,,,,,,0.0,7.0,100.0,0.0
2022-12-23,,,,,,,,,,,,,0.0,10.2,100.0,0.0
2022-12-24,,,,,,,,,,55.7,47.3,99.7,0.0,6.8,100.0,0.0
2022-12-25,,,,1.3,8.5,35.7,,,,65.9,54.5,100.0,0.0,7.7,100.0,0.0
2022-12-26,,,,,,,,,,,,,0.0,7.1,100.0,0.0
2022-12-27,,,,,,,,,,,,,0.1,8.8,100.0,0.1
2022-12-28,0.3,13.8,79.5,,,,,,,,,,0.0,8.2,100.0,0.0
2022-12-29,,,,,,,,,,66.4,57.9,100.0,0.0,8.9,100.0,0.0
2022-12-30,,,,,,,,,,,,,0.0,7.6,100.0,0.0
2022-12-31,,,,,,,,,,,,,0.0,8.4,100.0,0.0
2023-01-01,2.1,16.6,93.8,,,,,,,,,,0.0,7.2,100.0,0.0
2023-01-02,,,,,,,,,,,,,0.0,7.6,100.0,0.0
2023-01-03,,,,,,,,,,,,,0.0,7.1,100.0,0.0
2023-01-04,,,,0.2,3.4,95.9,,,,,,,0.0,7.1,100.0,0.0
2023-01-05,,,,,,,,,,1.3,7.7,34.0,0.0,6.4,100.0,0.0
2023-01-06,,,,,,,,,,,,,0.0,7.1,100.0,0.0
2023-01-07,,,,,,,2.0,3.6,93.6,,,,0.0,6.6,100.0,0.0
2023-01-08,,,,,,,,,,,,,0.0,6.3,100.0,0.0
2023-01-09,2.0,18.7,89.2,,,,,,,,,,0.0,5.8,100.0,0.0
2023-01-10,,,,,,,,,,,,,0.0,7.0,100.0,0.0
2023-01-11,,,,,,,,,,,,,0.0,6.7,100.0,0.0
2023-01-12,,,,,,,,,,72.5,70.6,100.0,0.0,7.1,100.0,0.0
2023-01-13,0.9,17.5,83.1,,,,,,,,,,0.0,7.6,100.0,0.0
2023-01-14,,,,,,,,,,,,,0.0,7.9,100.0,0.0
2023-01-15,,,,,,,,,,,,,0.0,9.3,100.0,0.0
2023-01-16,,,,,,,,,,,,,0.0,9.2,100.0,0.0
2023-01-17,,,,,,,,,,,,,0.0,12.5,100.0,0.0
2023-01-18,,,,,,,,,,,,,0.0,15.6,100.0,0.0
2023-01-19,,,,12.0,21.5,100.0,,,,,,,0.0,23.5,100.0,0.0
2023-01-20,,,,,,,,,,,,,0.1,29.4,100.0,0.1
2023-01-21,7.9,28.8,79.4,,,,,,,,,,3.6,45.9,100.0,3.6
2023-01-22,,,,,,,,,,,,,11.9,49.7,100.0,11.9
2023-01-23,,,,,,,,,,,,,57.3,60.2,100.0,57.3
2023-01-24,,,,87.2,78.6,100.0,93.9,86.6,100.0,88.8,81.4,100.0,74.4,67.9,100.0,74.4
2023-01-25,11.9,28.9,82.1,,,,,,,,,,86.1,71.0,100.0,86.1
2023-01-26,,,,,,,,,,,,,90.7,72.6,100.0,90.7
2023-01-27,,,,,,,,,,94.7,87.5,100.0,95.1,74.4,100.0,95.1
2023-01-28,,,,,,,,,,96.9,89.3,100.0,99.3,78.2,100.0,99.3
2023-01-29,,,,83.5,75.8,100.0,,,,,,,99.8,81.1,100.0,99.8
2023-01-30,,,,,,,,,,,,,99.8,80.0,100.0,99.8
2023-01-31,,,,,,,99.9,95.9,99.9,98.4,91.4,100.0,99.9,82.2,100.0,99.9
2023-02-01,,,,,,,100.0,97.7,99.8,,,,100.0,84.2,100.0,100.0
2023-02-02,37.7,39.2,75.8,,,,,,,,,,100.0,83.0,100.0,100.0
2023-02-03,,,,87.7,81.4,100.0,,,,99.4,94.1,100.0,100.0,83.0,100.0,100.0
2023-02-04,,,,,,,,,,99.9,95.4,100.0,99.9,79.8,100.0,99.9
2023-02-05,,,,,,,,,,,,,100.0,82.0,100.0,100.0
2023-02-06,25.5,35.1,82.6,,,,,,,,,,100.0,80.2,100.0,100.0
2023-02-07,,,,,,,,,,100.0,94.9,100.0,100.0,80.9,100.0,100.0
2023-02-08,,,,92.0,87.6,100.0,99.9,99.3,100.0,98.9,93.5,100.0,100.0,83.9,100.0,100.0
2023-02-09,,,,,,,99.7,99.2,100.0,98.1,91.3,100.0,100.0,87.2,100.0,100.0
2023-02-10,,,,,,,,,,,,,100.0,86.9,100.0,100.0
2023-02-11,,,,,,,,,,,,,100.0,87.5,100.0,100.0
2023-02-12,,,,,,,,,,95.1,87.7,100.0,100.0,87.6,100.0,100.0
2023-02-13,,,,86.9,81.3,100.0,,,,,,,100.0,89.3,100.0,100.0
2023-02-14,53.6,44.7,84.3,,,,,,,,,,100.0,88.4,100.0,100.0
2023-02-15,,,,,,,,,,94.7,87.8,100.0,100.0,86.7,100.0,100.0
2023-02-16,,,,,,,100.0,98.2,87.6,94.3,86.2,100.0,100.0,88.2,100.0,100.0
2023-02-17,,,,,,,100.0,97.0,80.6,93.4,86.0,100.0,100.0,87.7,100.0,100.0
2023-02-18,34.3,38.4,83.5,81.9,75.4,100.0,,,,,,,100.0,86.7,100.0,100.0
2023-02-19,,,,,,,,,,,,,99.9,81.9,100.0,99.9
2023-02-20,,,,,,,,,,92.0,85.2,100.0,99.5,79.5,100.0,99.5
2023-02-21,,,,,,,,,,87.7,83.4,100.0,98.2,76.6,100.0,98.2
2023-02-22,,,,,,,,,,,,,73.1,68.1,100.0,73.1
2023-02-23,,,,100.0,95.1,77.4,,,,,,,54.1,63.2,100.0,54.1
2023-02-24,,,,,,,94.6,90.4,61.2,,,,26.4,51.2,100.0,26.4
2023-02-25,,,,,,,,,,83.8,77.4,100.0,26.1,51.4,100.0,26.1
2023-02-26,50.1,43.8,83.7,,,,,,,,,,8.1,39.0,100.0,8.1
2023-02-27,,,,,,,,,,78.7,69.6,100.0,7.6,37.1,100.0,7.6
2023-02-28,,,,91.0,85.8,89.1,,,,55.8,51.2,100.0,4.7,30.4,100.0,4.7
2023-03-01,,,,,,,,,,,,,6.9,35.9,100.0,6.9
2023-03-02,39.1,39.5,81.4,,,,,,,,,,1.9,24.8,100.0,1.9
2023-03-03,,,,,,,,,,33.3,34.7,100.0,2.2,24.8,100.0,2.2
2023-03-04,,,,,,,91.6,84.0,80.9,24.5,26.9,100.0,1.4,22.6,100.0,1.4
2023-03-05,,,,80.6,74.0,100.0,83.4,77.8,75.5,,,,3.2,29.4,100.0,3.2
2023-03-06,,,,,,,,,,27.6,29.7,100.0,0.4,19.8,100.0,0.4
2023-03-07,,,,,,,,,,27.9,28.4,87.1,0.6,21.2,100.0,0.6
2023-03-08,,,,,,,,,,,,,0.4,19.2,100.0,0.4
2023-03-09,,,,,,,,,,,,,0.5,21.2,100.0,0.5
2023-03-10,50.4,43.5,87.0,,,,,,,,,,0.2,15.2,100.0,0.2
2023-03-11,,,,,,,,,,,,,0.3,14.5,100.0,0.3
2023-03-12,,,,,,,,,,,,,0.2,13.8,100.0,0.2
2023-03-13,,,,,,,,,,,,,0.2,14.0,100.0,0.2
2023-03-14,30.5,35.7,91.9,,,,,,,,,,0.1,13.0,100.0,0.1
2023-03-15,,,,84.9,79.6,100.0,,,,,,,0.2,12.1,100.0,0.2
2023-03-16,,,,,,,,,,,,,0.2,11.8,100.0,0.2
2023-03-17,,,,,,,,,,,,,0.1,11.1,100.0,0.1
2023-03-18,,,,,,,,,,,,,0.1,11.0,100.0,0.1
2023-03-19,,,,,,,,,,,,,0.1,9.5,100.0,0.1
2023-03-20,,,,94.0,82.1,84.0,100.0,96.9,40.5,,,,0.1,11.5,100.0,0.1
2023-03-21,,,,,,,,,,,,,0.0,8.2,100.0,0.0
2023-03-22,42.8,40.2,90.6,,,,,,,,,,0.0,8.3,100.0,0.0
2023-03-23,,,,,,,,,,,,,0.0,6.3,100.0,0.0
2023-03-24,,,,,,,,,,,,,0.0,6.4,100.0,0.0
2023-03-25,,,,,,,,,,,,,0.0,5.0,100.0,0.0
2023-03-26,19.7,31.2,90.4,,,,,,,,,,0.0,5.0,100.0,0.0
2023-03-27,,,,,,,,,,,,,0.0,4.1,100.0,0.0
2023-03-28,,,,,,,,,,,,,0.0,4.9,100.0,0.0
2023-03-29,,,,,,,,,,,,,0.0,4.3,100.0,0.0
2023-03-30,,,,,,,,,,,,,0.0,4.3,100.0,0.0
2023-03-31,,,,,,,,,,,,,0.0,3.4,100.0,0.0
2023-04-01,,,,,,,,,,,,,0.0,3.8,100.0,0.0
2023-04-02,,,,,,,,,,,,,0.0,3.6,100.0,0.0
2023-04-03,38.2,38.6,90.6,,,,,,,18.1,23.3,100.0,0.0,3.4,100.0,0.0
2023-04-04,,,,34.4,46.6,99.3,,,,,,,0.0,3.9,100.0,0.0
2023-04-05,,,,,,,84.3,71.9,66.4,,,,0.0,4.2,100.0,0.0
2023-04-06,,,,,,,79.5,66.5,75.9,,,,0.0,4.3,100.0,0.0
2023-04-07,9.0,25.6,88.3,,,,,,,,,,0.0,4.0,100.0,0.0
2023-04-08,,,,,,,,,,14.6,19.7,95.2,0.0,3.5,100.0,0.0
2023-04-09,,,,24.0,39.8,100.0,,,,,,,0.0,4.3,100.0,0.0
2023-04-10,,,,,,,,,,,,,0.0,3.5,100.0,0.0
2023-04-11,,,,,,,,,,,,,0.0,3.6,100.0,0.0
2023-04-12,,,,,,,,,,,,,0.0,3.1,100.0,0.0
2023-04-13,,,,,,,,,,,,,0.0,4.1,100.0,0.0
2023-04-14,,,,34.5,47.8,97.4,56.3,38.2,92.4,18.7,25.4,100.0,0.0,3.4,100.0,0.0
2023-04-15,12.0,27.1,85.7,,,,,,,,,,0.0,3.7,100.0,0.0
2023-04-16,,,,,,,,,,14.7,21.8,96.3,0.0,3.1,100.0,0.0
2023-04-17,,,,,,,,,,,,,0.0,4.4,100.0,0.0
2023-04-18,,,,,,,,,,14.4,22.7,100.0,0.0,3.6,100.0,0.0
2023-04-19,1.6,18.4,89.3,23.6,37.2,100.0,,,,12.6,21.6,100.0,0.0,4.2,100.0,0.0
2023-04-20,,,,,,,,,,,,,0.0,3.7,100.0,0.0
2023-04-21,,,,,,,,,,,,,0.0,4.4,100.0,0.0
2023-04-22,,,,,,,,,,19.2,26.9,83.7,0.0,3.7,100.0,0.0
2023-04-23,,,,,,,,,,10.8,20.3,100.0,0.0,3.6,100.0,0.0
2023-04-24,,,,,,,,,,6.3,17.6,100.0,0.0,3.6,100.0,0.0
2023-04-25,,,,,,,,,,,,,0.0,4.2,100.0,0.0
2023-04-26,,,,,,,,,,,,,0.0,3.7,100.0,0.0
2023-04-27,3.3,18.9,86.6,,,,,,,4.9,17.0,100.0,0.0,4.0,100.0,0.0
2023-04-28,,,,,,,,,,,,,0.0,3.8,100.0,0.0
2023-04-29,,,,,,,,,,,,,0.0,3.8,100.0,0.0
2023-04-30,,,,,,,,,,,,,0.0,3.0,100.0,0.0
2023-05-01,0.2,11.1,89.7,,,,,,,,,,0.0,3.5,100.0,0.0
2023-05-02,,,,,,,,,,,,,0.0,3.1,100.0,0.0
2023-05-03,,,,,,,,,,,,,0.0,3.7,100.0,0.0
2023-05-04,,,,16.6,24.9,100.0,,,,7.2,19.8,100.0,0.0,3.1,100.0,0.0
2023-05-05,,,,,,,,,,,,,0.0,4.0,100.0,0.0
2023-05-06,,,,,,,,,,,,,0.0,3.3,100.0,0.0
2023-05-07,,,,,,,,,,,,,0.0,3.4,100.0,0.0
2023-05-08,,,,,,,,,,0.6,16.0,100.0,0.0,2.6,100.0,0.0
2023-05-09,0.3,11.0,81.4,46.1,46.0,52.8,,,,,,,0.0,3.3,100.0,0.0
2023-05-10,,,,,,,,,,,,,0.0,2.8,100.0,0.0
2023-05-11,,,,,,,,,,,,,0.0,3.3,100.0,0.0
2023-05-12,,,,,,,,,,,,,0.0,3.1,100.0,0.0
2023-05-13,0.0,8.3,88.1,,,,,,,,,,0.0,4.1,100.0,0.0
2023-05-14,,,,,,,,,,,,,0.0,3.7,100.0,0.0
2023-05-15,,,,,,,,,,0.0,7.4,63.6,0.0,4.3,100.0,0.0
2023-05-16,,,,,,,,,,,,,0.0,3.6,100.0,0.0
2023-05-17,,,,,,,,,,,,,0.0,4.9,100.0,0.0
2023-05-18,,,,,,,,,,,,,0.0,4.5,100.0,0.0
2023-05-19,,,,,,,,,,,,,0.0,5.4,100.0,0.0
2023-05-20,,,,,,,,,,,,,0.0,4.4,100.0,0.0
2023-05-21,0.1,8.6,84.1,,,,,,,,,,0.0,5.5,100.0,0.0
2023-05-22,,,,,,,,,,,,,0.0,5.2,100.0,0.0
2023-05-23,,,,,,,,,,,,,0.0,5.0,100.0,0.0
2023-05-24,,,,,,,,,,,,,0.0,4.0,100.0,0.0
2023-05-25,0.0,6.0,87.6,,,,,,,,,,0.0,4.0,100.0,0.0
2023-05-26,,,,,,,,,,,,,0.0,3.5,100.0,0.0
2023-05-27,,,,,,,,,,,,,0.0,3.9,100.0,0.0
2023-05-28,,,,,,,,,,,,,0.0,3.5,100.0,0.0
2023-05-29,,,,0.1,1.6,59.2,,,,,,,0.0,3.7,100.0,0.0
2023-05-30,,,,,,,,,,,,,0.0,3.2,100.0,0.0
2023-05-31,,,,,,,,,,,,,0.0,3.8,100.0,0.0
2023-06-01,,,,,,,,,,,,,0.0,3.6,100.0,0.0
2023-06-02,0.0,5.2,82.2,,,,,,,,,,0.0,3.6,100.0,0.0
2023-06-03,,,,0.0,0.5,84.9,,,,,,,0.0,3.0,100.0,0.0
2023-06-04,,,,,,,,,,,,,0.0,3.2,100.0,0.0
2023-06-05,,,,,,,,,,,,,0.0,3.6,100.0,0.0
2023-06-06,0.0,4.4,89.3,,,,,,,0.0,1.2,31.0,0.0,3.7,100.0,0.0
2023-06-07,,,,,,,,,,,,,0.0,3.8,100.0,0.0
2023-06-08,,,,,,,,,,,,,0.0,4.7,100.0,0.0
2023-06-09,,,,,,,,,,,,,0.0,4.6,100.0,0.0
2023-06-10,,,,,,,,,,,,,0.0,3.8,100.0,0.0
2023-06-11,,,,,,,,,,0.0,1.4,73.3,0.0,3.4,100.0,0.0
2023-06-12,,,,,,,,,,,,,0.0,4.0,100.0,0.0
2023-06-13,,,,,,,,,,,,,0.0,3.8,100.0,0.0
2023-06-14,0.0,4.6,85.0,,,,,,,0.0,0.4,100.0,0.0,3.3,100.0,0.0
2023-06-15,,,,,,,,,,0.0,0.1,100.0,0.0,3.6,100.0,0.0
2023-06-16,,,,,,,,,,,,,0.0,4.5,100.0,0.0
2023-06-17,,,,,,,,,,,,,0.0,3.7,100.0,0.0
2023-06-18,0.0,4.3,89.1,0.0,0.1,89.2,,,,0.0,0.0,100.0,0.0,2.8,100.0,0.0
2023-06-19,,,,,,,,,,,,,0.0,1.9,100.0,0.0
2023-06-20,,,,,,,,,,,,,0.0,1.9,100.0,0.0
2023-06-21,,,,,,,,,,0.0,0.0,100.0,0.0,1.7,100.0,0.0
2023-06-22,,,,,,,,,,,,,0.0,1.5,100.0,0.0
2023-06-23,,,,0.0,0.1,82.4,,,,,,,0.0,1.2,100.0,0.0
2023-06-24,,,,,,,,,,,,,0.0,1.3,100.0,0.0
2023-06-25,,,,,,,0.0,0.0,55.3,,,,0.0,1.1,100.0,0.0
2023-06-26,0.1,4.9,84.7,,,,,,,0.0,0.0,100.0,0.0,1.1,100.0,0.0
2023-06-27,,,,,,,,,,0.0,0.0,100.0,0.0,0.8,100.0,0.0
2023-06-28,,,,0.0,0.1,100.0,,,,,,,0.0,0.8,100.0,0.0
2023-06-29,,,,,,,,,,,,,0.0,0.6,100.0,0.0
2023-06-30,0.0,3.6,87.1,,,,,,,,,,0.0,0.4,100.0,0.0
2023-07-01,,,,,,,,,,,,,0.0,0.5,100.0,0.0
2023-07-02,,,,,,,,,,,,,0.0,0.5,100.0,0.0
2023-07-03,,,,0.0,0.0,100.0,0.0,0.0,93.3,0.0,0.0,100.0,0.0,0.3,100.0,0.0
2023-07-04,,,,,,,,,,0.0,0.0,100.0,0.0,0.3,100.0,0.0
2023-07-05,,,,,,,,,,,,,0.0,0.3,100.0,0.0
2023-07-06,,,,,,,,,,,,,0.0,0.3,100.0,0.0
2023-07-07,,,,,,,,,,,,,0.0,0.2,100.0,0.0
2023-07-08,0.1,4.2,85.6,,,,,,,0.0,0.0,100.0,0.0,0.1,100.0,0.0
2023-07-09,,,,,,,,,,,,,0.0,0.1,100.0,0.0
2023-07-10,,,,,,,,,,0.0,0.0,100.0,0.0,0.1,100.0,0.0
2023-07-11,,,,,,,0.0,0.0,87.4,,,,0.0,0.2,100.0,0.0
2023-07-12,0.0,2.9,87.5,,,,,,,,,,0.0,0.1,100.0,0.0
2023-07-13,,,,0.0,0.0,33.1,,,,,,,0.0,0.1,100.0,0.0
2023-07-14,,,,,,,,,,0.0,0.0,50.5,0.0,0.1,100.0,0.0
2023-07-15,,,,,,,,,,,,,0.0,0.1,100.0,0.0
2023-07-16,,,,,,,,,,,,,0.0,0.1,100.0,0.0
2023-07-17,,,,,,,,,,,,,0.0,0.1,100.0,0.0
2023-07-18,,,,,,,,,,,,,0.0,0.1,100.0,0.0
2023-07-19,,,,,,,0.0,0.0,34.4,,,,0.0,0.1,100.0,0.0
2023-07-20,0.0,4.1,86.4,,,,,,,,,,0.0,0.1,100.0,0.0
2023-07-21,,,,,,,,,,,,,0.0,0.0,100.0,0.0
2023-07-22,,,,,,,,,,,,,0.0,0.0,100.0,0.0
2023-07-23,,,,,,,,,,0.0,0.0,98.6,0.0,0.0,100.0,0.0
2023-07-24,0.0,2.9,87.6,,,,,,,,,,0.0,0.0,100.0,0.0
2023-07-25,,,,,,,,,,,,,0.0,0.0,100.0,0.0
2023-07-26,,,,,,,,,,,,,0.0,0.0,100.0,0.0
2023-07-27,,,,,,,0.0,0.0,98.9,,,,0.0,0.0,100.0,0.0
2023-07-28,,,,,,,,,,,,,0.0,0.0,100.0,0.0
2023-07-29,,,,,,,,,,,,,0.0,0.0,100.0,0.0
2023-07-30,,,,,,,,,,,,,0.0,0.0,100.0,0.0
2023-07-31,,,,,,,,,,,,,0.0,0.0,100.0,0.0
2023-08-01,0.0,3.8,85.5,,,,,,,,,,0.0,0.0,100.0,0.0
2023-08-02,,,,,,,,,,0.0,0.0,100.0,0.0,0.0,100.0,0.0
2023-08-03,,,,,,,0.0,0.0,64.8,0.0,0.0,73.5,0.0,0.0,100.0,0.0
2023-08-04,,,,,,,,,,,,,0.0,0.0,100.0,0.0
2023-08-05,0.0,2.1,87.8,,,,,,,,,,0.0,0.0,100.0,0.0
2023-08-06,,,,,,,,,,,,,0.0,0.0,100.0,0.0
2023-08-07,,,,0.0,0.0,61.1,,,,0.0,0.0,87.7,0.0,0.0,100.0,0.0
2023-08-08,,,,,,,,,,,,,0.0,0.0,100.0,0.0
2023-08-09,,,,,,,,,,,,,0.0,0.0,100.0,0.0
2023-08-10,,,,,,,,,,0.0,0.0,100.0,0.0,0.0,100.0,0.0
2023-08-11,,,,,,,0.0,0.0,99.7,,,,0.0,0.0,100.0,0.0
2023-08-12,,,,0.0,0.0,44.1,,,,,,,0.0,0.0,100.0,0.0
2023-08-13,0.0,3.8,86.8,,,,,,,,,,0.0,0.0,100.0,0.0
2023-08-14,,,,,,,,,,0.0,0.0,71.0,0.0,0.0,100.0,0.0
2023-08-15,,,,,,,,,,,,,0.0,0.0,100.0,0.0
2023-08-16,,,,,,,,,,,,,0.0,0.0,100.0,0.0
2023-08-17,0.0,2.6,89.5,,,,,,,,,,0.0,0.0,100.0,0.0
2023-08-18,,,,,,,,,,0.0,0.0,100.0,0.0,0.0,100.0,0.0
2023-08-19,,,,,,,0.0,0.0,99.8,,,,0.0,0.0,100.0,0.0
2023-08-20,,,,,,,0.0,0.0,99.7,,,,0.0,0.0,100.0,0.0
2023-08-21,,,,,,,,,,,,,0.0,0.0,100.0,0.0
2023-08-22,,,,0.0,0.0,100.0,,,,,,,0.0,0.0,100.0,0.0
2023-08-23,,,,,,,,,,,,,0.0,0.0,100.0,0.0
2023-08-24,,,,,,,,,,,,,0.0,0.0,100.0,0.0
2023-08-25,0.0,3.3,85.4,,,,,,,0.0,0.0,100.0,0.0,0.0,100.0,0.0
2023-08-26,,,,,,,,,,0.0,0.0,100.0,0.0,0.0,100.0,0.0
2023-08-27,,,,,,,,,,,,,0.0,0.0,100.0,0.0
2023-08-28,,,,,,,,,,,,,0.0,0.0,100.0,0.0
2023-08-29,0.0,1.8,87.3,,,,,,,,,,0.0,0.0,100.0,0.0
2023-08-30,,,,,,,,,,,,,0.0,0.0,100.0,0.0
2023-08-31,,,,,,,,,,,,,0.0,0.0,100.0,0.0
2023-09-01,,,,0.0,0.0,89.1,,,,,,,0.0,0.0,100.0,0.0
2023-09-02,,,,,,,,,,0.0,0.0,100.0,0.0,0.0,100.0,0.0
2023-09-03,,,,,,,,,,,,,0.0,0.0,100.0,0.0
2023-09-04,,,,,,,0.0,0.0,100.0,,,,0.0,0.0,100.0,0.0
2023-09-05,,,,,,,0.0,0.0,99.8,,,,0.0,0.0,100.0,0.0
2023-09-06,0.5,3.2,87.9,0.0,0.0,100.0,,,,,,,0.0,0.0,100.0,0.0
2023-09-07,,,,,,,,,,,,,0.0,0.0,100.0,0.0
2023-09-08,,,,,,,,,,,,,0.0,0.0,100.0,0.0
2023-09-09,,,,,,,,,,0.0,0.0,100.0,0.0,0.0,100.0,0.0
2023-09-10,0.0,2.2,90.6,,,,,,,,,,0.0,0.0,100.0,0.0
2023-09-11,,,,0.0,0.0,97.7,,,,,,,0.0,0.0,100.0,0.0
2023-09-12,,,,,,,,,,,,,0.0,0.0,100.0,0.0
2023-09-13,,,,,,,,,,,,,0.0,0.1,100.0,0.0
2023-09-14,,,,,,,,,,,,,0.0,0.1,100.0,0.0
2023-09-15,,,,,,,,,,,,,0.0,0.1,100.0,0.0
2023-09-16,,,,,,,,,,,,,0.0,0.1,100.0,0.0
2023-09-17,,,,,,,,,,0.0,0.0,100.0,0.0,0.1,100.0,0.0
2023-09-18,0.0,2.9,86.7,,,,,,,,,,0.0,0.1,100.0,0.0
2023-09-19,,,,,,,,,,,,,0.0,0.1,100.0,0.0
2023-09-20,,,,,,,,,,,,,0.0,0.1,100.0,0.0
2023-09-21,,,,,,,,,,,,,0.0,0.1,100.0,0.0
2023-09-22,0.0,2.1,87.1,,,,,,,,,,0.0,0.1,100.0,0.0
2023-09-23,,,,,,,,,,,,,0.0,0.1,100.0,0.0
2023-09-24,,,,,,,,,,,,,0.0,0.1,100.0,0.0
2023-09-25,,,,,,,,,,0.0,0.0,99.9,0.0,0.1,100.0,0.0
2023-09-26,,,,0.0,0.0,100.0,,,,0.0,0.0,100.0,0.0,0.1,100.0,0.0
2023-09-27,,,,,,,,,,,,,0.0,0.1,100.0,0.0
2023-09-28,,,,,,,,,,,,,0.0,0.1,100.0,0.0
2023-09-29,,,,,,,0.0,0.0,99.9,,,,0.0,0.1,100.0,0.0
2023-09-30,0.2,3.9,87.8,,,,,,,,,,0.0,0.1,100.0,0.0
2023-10-01,,,,0.0,0.0,100.0,,,,,,,0.0,0.1,100.0,0.0
2023-10-02,,,,,,,,,,0.0,0.0,100.0,0.0,0.1,100.0,0.0
2023-10-03,,,,,,,,,,0.0,0.0,100.0,0.0,0.1,100.0,0.0
2023-10-04,0.0,2.6,88.8,,,,,,,,,,0.0,0.1,100.0,0.0
2023-10-05,,,,,,,,,,,,,0.0,0.1,100.0,0.0
2023-10-06,,,,0.0,0.0,100.0,,,,0.0,0.0,100.0,0.0,0.1,100.0,0.0
2023-10-07,,,,,,,0.0,0.0,99.9,,,,0.0,0.1,100.0,0.0
2023-10-08,,,,,,,,,,,,,0.0,0.1,100.0,0.0
2023-10-09,,,,,,,,,,,,,0.0,0.1,100.0,0.0
2023-10-10,,,,,,,,,,0.0,0.0,100.0,0.0,0.1,100.0,0.0
2023-10-11,,,,0.0,0.0,100.0,,,,0.0,0.0,100.0,0.0,0.2,100.0,0.0
2023-10-12,0.0,4.3,87.2,,,,,,,0.0,0.2,82.8,0.0,0.2,100.0,0.0
2023-10-13,,,,,,,,,,,,,0.0,0.3,100.0,0.0
2023-10-14,,,,,,,,,,0.0,0.2,100.0,0.0,0.2,100.0,0.0
2023-10-15,,,,,,,,,,0.0,0.2,100.0,0.0,0.3,100.0,0.0
2023-10-16,0.0,2.7,88.8,0.0,0.0,82.4,,,,,,,0.0,0.2,100.0,0.0
2023-10-17,,,,,,,,,,,,,0.0,0.2,100.0,0.0
2023-10-18,,,,,,,,,,0.0,0.3,100.0,0.0,0.2,100.0,0.0
2023-10-19,,,,,,,,,,,,,0.0,0.2,100.0,0.0
2023-10-20,,,,,,,,,,,,,0.0,0.2,100.0,0.0
2023-10-21,,,,,,,,,,,,,0.0,0.1,100.0,0.0
2023-10-22,,,,,,,0.0,0.0,56.7,,,,0.0,0.1,100.0,0.0
2023-10-23,,,,,,,,,,0.0,0.7,100.0,0.0,0.1,100.0,0.0
2023-10-24,0.0,4.7,87.3,,,,,,,,,,0.0,0.2,100.0,0.0
2023-10-25,,,,,,,,,,,,,0.0,0.1,100.0,0.0
2023-10-26,,,,,,,,,,,,,0.0,0.1,100.0,0.0
2023-10-27,,,,,,,,,,,,,0.0,0.1,100.0,0.0
2023-10-28,0.0,3.6,89.7,,,,,,,,,,0.0,0.1,100.0,0.0
2023-10-29,,,,,,,,,,,,,0.0,0.1,100.0,0.0
2023-10-30,,,,,,,,,,,,,0.0,0.2,100.0,0.0
2023-10-31,,,,,,,,,,,,,0.0,0.2,100.0,0.0
2023-11-01,,,,,,,,,,,,,0.0,0.3,100.0,0.0
2023-11-02,,,,,,,,,,,,,0.0,0.2,100.0,0.0
2023-11-03,,,,,,,,,,,,,0.0,0.3,100.0,0.0
2023-11-04,,,,,,,,,,,,,0.0,0.3,100.0,0.0
2023-11-05,0.0,6.3,87.3,,,,,,,,,,0.0,0.3,100.0,0.0
2023-11-06,,,,,,,,,,0.0,2.3,100.0,0.0,0.3,100.0,0.0
2023-11-07,,,,,,,,,,,,,0.0,0.4,100.0,0.0
2023-11-08,,,,,,,0.0,0.1,100.0,,,,0.0,0.4,100.0,0.0
2023-11-09,0.0,4.6,88.9,,,,,,,,,,0.0,0.3,100.0,0.0
2023-11-10,,,,,,,,,,,,,0.0,0.5,100.0,0.0
2023-11-11,,,,,,,,,,,,,0.0,0.5,100.0,0.0
2023-11-12,,,,,,,,,,,,,0.0,0.6,100.0,0.0
2023-11-13,,,,,,,,,,,,,0.0,0.6,100.0,0.0
2023-11-14,,,,,,,,,,,,,0.0,0.6,100.0,0.0
2023-11-15,,,,,,,,,,,,,0.0,0.6,100.0,0.0
2023-11-16,,,,,,,,,,,,,0.0,0.6,100.0,0.0
2023-11-17,0.1,10.4,88.8,,,,,,,0.0,3.6,98.0,0.0,0.4,100.0,0.0
2023-11-18,,,,,,,,,,,,,0.0,0.5,100.0,0.0
2023-11-19,,,,,,,,,,,,,0.0,0.5,100.0,0.0
2023-11-20,,,,,,,,,,,,,0.0,0.4,100.0,0.0
2023-11-21,0.1,8.9,91.7,,,,,,,,,,0.0,0.4,100.0,0.0
2023-11-22,,,,,,,,,,,,,0.0,0.5,100.0,0.0
2023-11-23,,,,,,,0.0,0.3,99.7,,,,0.0,0.7,100.0,0.0
2023-11-24,,,,,,,0.0,0.5,96.1,,,,0.0,0.7,100.0,0.0
2023-11-25,,,,,,,,,,,,,0.0,0.7,100.0,0.0
2023-11-26,,,,,,,,,,,,,0.0,1.0,100.0,0.0
2023-11-27,,,,,,,,,,,,,0.0,1.3,100.0,0.0
2023-11-28,,,,,,,,,,,,,0.0,1.6,100.0,0.0
2023-11-29,1.6,16.5,86.9,,,,,,,,,,0.0,1.7,100.0,0.0
2023-11-30,,,,,,,,,,,,,0.0,1.8,100.0,0.0
2023-12-01,,,,,,,,,,,,,0.0,1.9,100.0,0.0
2023-12-02,,,,,,,,,,,,,0.0,2.3,100.0,0.0
2023-12-03,0.1,9.6,86.0,,,,,,,0.4,5.1,100.0,0.0,2.6,100.0,0.0
2023-12-04,,,,,,,,,,,,,0.0,3.2,100.0,0.0
2023-12-05,,,,,,,,,,,,,0.0,3.3,100.0,0.0
2023-12-06,,,,,,,,,,,,,0.0,3.8,100.0,0.0
2023-12-07,,,,,,,,,,3.3,8.0,100.0,0.0,4.0,100.0,0.0
2023-12-08,,,,,,,,,,,,,0.0,4.4,100.0,0.0
2023-12-09,,,,,,,,,,,,,0.0,4.5,100.0,0.0
2023-12-10,,,,,,,,,,4.6,9.1,100.0,0.0,4.5,100.0,0.0
2023-12-11,2.3,18.5,82.6,,,,,,,,,,0.0,4.3,100.0,0.0
2023-12-12,,,,,,,,,,,,,0.0,4.7,100.0,0.0
2023-12-13,,,,,,,,,,,,,0.0,4.7,100.0,0.0
2023-12-14,,,,,,,,,,,,,0.0,5.3,100.0,0.0
2023-12-15,0.1,11.6,82.5,1.6,6.5,100.0,,,,,,,0.0,4.7,100.0,0.0
2023-12-16,,,,,,,,,,,,,0.0,5.1,100.0,0.0
2023-12-17,,,,,,,3.0,9.1,100.0,,,,0.0,5.1,100.0,0.0
2023-12-18,,,,,,,5.1,10.5,99.9,,,,0.0,5.3,100.0,0.0
2023-12-19,,,,,,,,,,0.8,6.0,100.0,0.0,4.1,100.0,0.0
2023-12-20,,,,34.4,34.4,51.7,,,,,,,0.0,4.8,100.0,0.0
2023-12-21,,,,,,,,,,,,,0.0,3.8,100.0,0.0
2023-12-22,,,,,,,,,,,,,0.0,3.5,100.0,0.0
2023-12-23,0.5,16.3,79.0,,,,,,,0.3,7.4,100.0,0.0,3.2,100.0,0.0
2023-12-24,,,,,,,,,,,,,0.0,3.6,100.0,0.0
2023-12-25,,,,11.8,20.1,100.0,5.6,15.5,99.2,,,,0.0,3.7,100.0,0.0
2023-12-26,,,,,,,,,,4.3,12.7,100.0,0.0,2.7,100.0,0.0
2023-12-27,0.1,11.4,85.3,,,,,,,12.8,16.3,100.0,0.0,3.1,100.0,0.0
2023-12-28,,,,,,,,,,,,,0.0,3.0,100.0,0.0
2023-12-29,,,,,,,,,,,,,0.0,3.5,100.0,0.0
2023-12-30,,,,3.2,18.2,100.0,,,,13.8,16.7,100.0,0.0,2.7,100.0,0.0
2023-12-31,,,,,,,,,,,,,0.0,3.5,100.0,0.0
2024-01-01,,,,,,,,,,,,,0.0,4.5,100.0,0.0
2024-01-02,,,,,,,,,,,,,0.0,5.1,100.0,0.0
2024-01-03,,,,,,,,,,18.3,19.4,100.0,0.0,4.5,100.0,0.0
2024-01-04,1.2,17.7,81.7,14.8,23.4,40.7,,,,,,,0.0,5.7,100.0,0.0
2024-01-05,,,,,,,,,,,,,0.0,5.1,100.0,0.0
2024-01-06,,,,,,,,,,,,,0.0,5.6,100.0,0.0
2024-01-07,,,,,,,,,,,,,0.0,7.1,100.0,0.0
2024-01-08,0.3,11.4,79.7,,,,,,,,,,0.0,8.7,100.0,0.0
2024-01-09,,,,,,,,,,,,,0.0,8.8,100.0,0.0
2024-01-10,,,,,,,,,,,,,0.0,9.5,100.0,0.0
2024-01-11,,,,,,,36.5,34.5,100.0,,,,0.1,11.8,100.0,0.1
2024-01-12,,,,,,,,,,,,,0.5,15.8,100.0,0.5
2024-01-13,,,,,,,,,,14.8,16.6,89.7,0.8,16.7,100.0,0.8
2024-01-14,,,,28.0,31.8,100.0,,,,19.9,21.4,100.0,1.2,20.8,100.0,1.2
2024-01-15,,,,,,,,,,,,,1.3,22.6,100.0,1.3
2024-01-16,1.0,18.1,75.8,,,,,,,,,,2.0,31.2,100.0,2.0
2024-01-17,,,,,,,,,,,,,1.4,26.0,100.0,1.4
2024-01-18,,,,,,,,,,,,,2.7,29.9,100.0,2.7
2024-01-19,,,,64.4,63.4,32.8,,,,,,,1.7,26.2,100.0,1.7
2024-01-20,0.1,10.3,75.2,,,,,,,,,,8.2,35.2,100.0,8.2
2024-01-21,,,,,,,,,,,,,3.8,28.7,100.0,3.8
2024-01-22,,,,,,,,,,,,,3.2,29.5,100.0,3.2
2024-01-23,,,,,,,,,,,,,2.4,25.3,100.0,2.4
2024-01-24,,,,,,,,,,,,,2.9,27.2,100.0,2.9
2024-01-25,,,,,,,,,,,,,1.7,19.5,100.0,1.7
2024-01-26,,,,,,,,,,,,,1.5,17.7,100.0,1.5
2024-01-27,,,,,,,71.9,65.4,95.4,,,,1.5,16.1,100.0,1.5
2024-01-28,2.1,20.8,76.3,,,,,,,,,,1.2,15.1,100.0,1.2
2024-01-29,,,,50.8,49.7,100.0,,,,,,,1.1,13.1,100.0,1.1
2024-01-30,,,,,,,,,,,,,0.7,11.4,100.0,0.7
2024-01-31,,,,,,,,,,,,,1.1,12.1,100.0,1.1
2024-02-01,0.3,14.9,74.9,,,,,,,,,,0.9,11.1,100.0,0.9
2024-02-02,,,,,,,,,,,,,1.1,11.3,100.0,1.1
2024-02-03,,,,72.6,66.2,100.0,79.8,74.7,89.0,,,,1.1,12.2,100.0,1.1
2024-02-04,,,,,,,76.3,63.6,91.8,,,,1.5,13.4,100.0,1.5
2024-02-05,,,,,,,,,,,,,1.3,12.6,100.0,1.3
2024-02-06,,,,,,,,,,,,,1.5,13.3,100.0,1.5
2024-02-07,,,,,,,,,,,,,1.3,12.7,100.0,1.3
2024-02-08,,,,,,,,,,,,,1.4,12.6,100.0,1.4
2024-02-09,7.6,25.7,82.6,,,,,,,,,,1.4,11.7,100.0,1.4
2024-02-10,,,,,,,,,,,,,1.1,10.2,100.0,1.1
2024-02-11,,,,,,,,,,,,,1.0,9.7,100.0,1.0
2024-02-12,,,,,,,,,,,,,0.8,9.2,100.0,0.8
2024-02-13,0.4,14.2,72.7,77.0,76.1,100.0,,,,,,,0.9,9.6,100.0,0.9
2024-02-14,,,,,,,,,,,,,0.6,7.5,100.0,0.6
2024-02-15,,,,,,,,,,,,,0.5,7.4,100.0,0.5
2024-02-16,,,,,,,,,,,,,0.1,6.4,100.0,0.1
2024-02-17,,,,,,,,,,,,,0.1,6.8,100.0,0.1
2024-02-18,,,,74.2,67.3,100.0,,,,,,,0.0,6.0,100.0,0.0
2024-02-19,,,,,,,,,,,,,0.0,5.6,100.0,0.0
2024-02-20,,,,,,,100.0,88.4,42.5,,,,0.0,5.4,100.0,0.0
2024-02-21,10.7,28.2,69.6,,,,,,,,,,0.0,5.8,100.0,0.0
2024-02-22,,,,,,,,,,,,,0.0,4.8,100.0,0.0
2024-02-23,,,,74.7,67.5,100.0,,,,,,,0.0,5.9,100.0,0.0
2024-02-24,,,,,,,,,,,,,0.0,5.3,100.0,0.0
2024-02-25,0.7,18.7,74.2,,,,,,,,,,0.0,6.4,100.0,0.0
2024-02-26,,,,,,,,,,,,,0.0,5.5,100.0,0.0
2024-02-27,,,,,,,,,,,,,0.0,6.8,100.0,0.0
2024-02-28,,,,,,,,,,,,,0.0,6.4,100.0,0.0
2024-02-29,,,,,,,,,,,,,0.0,6.9,100.0,0.0
2024-03-01,,,,,,,,,,,,,0.0,5.4,100.0,0.0
2024-03-02,,,,,,,,,,,,,0.0,5.8,100.0,0.0
2024-03-03,,,,,,,,,,,,,0.0,5.5,100.0,0.0
2024-03-04,12.7,27.9,80.5,,,,,,,,,,0.0,5.6,100.0,0.0
2024-03-05,,,,,,,,,,,,,0.0,4.6,100.0,0.0
2024-03-06,,,,,,,,,,,,,0.0,4.4,100.0,0.0
2024-03-07,,,,,,,66.6,55.0,93.0,,,,0.0,5.0,100.0,0.0
2024-03-08,1.2,14.7,73.2,,,,,,,,,,0.0,4.6,100.0,0.0
2024-03-09,,,,,,,,,,,,,0.0,4.5,100.0,0.0
2024-03-10,,,,,,,,,,,,,0.0,3.9,100.0,0.0
2024-03-11,,,,,,,,,,,,,0.0,4.0,100.0,0.0
2024-03-12,,,,,,,,,,,,,0.0,4.1,100.0,0.0
2024-03-13,,,,,,,,,,,,,0.0,3.7,100.0,0.0
2024-03-14,,,,40.0,47.5,100.0,83.1,66.0,57.9,,,,0.0,4.1,100.0,0.0
2024-03-15,,,,,,,,,,,,,0.0,3.5,100.0,0.0
2024-03-16,7.5,24.7,76.4,,,,,,,,,,0.0,3.8,100.0,0.0
2024-03-17,,,,,,,,,,,,,0.0,3.6,100.0,0.0
2024-03-18,,,,,,,,,,,,,0.0,3.7,100.0,0.0
2024-03-19,,,,27.2,36.7,98.6,,,,,,,0.0,3.5,100.0,0.0
2024-03-20,2.3,17.4,79.8,,,,,,,,,,0.0,3.9,100.0,0.0
2024-03-21,,,,,,,,,,,,,0.0,4.0,100.0,0.0
2024-03-22,,,,,,,,,,,,,0.0,4.0,100.0,0.0
2024-03-23,,,,,,,,,,,,,0.0,3.9,100.0,0.0
2024-03-24,,,,,,,,,,,,,0.0,3.9,100.0,0.0
2024-03-25,,,,,,,,,,,,,0.0,4.6,100.0,0.0
2024-03-26,,,,,,,,,,,,,0.0,4.2,100.0,0.0
2024-03-27,,,,,,,,,,,,,0.0,4.6,100.0,0.0
2024-03-28,13.5,27.4,81.7,,,,,,,,,,0.0,4.3,100.0,0.0
2024-03-29,,,,,,,,,,,,,0.0,5.7,100.0,0.0
2024-03-30,,,,,,,,,,,,,0.0,4.5,100.0,0.0
2024-03-31,,,,,,,,,,,,,0.0,4.8,100.0,0.0
2024-04-01,2.8,17.6,83.0,,,,,,,,,,0.0,4.0,100.0,0.0
2024-04-02,,,,,,,,,,,,,0.0,4.9,100.0,0.0
2024-04-03,,,,,,,,,,,,,0.0,4.5,100.0,0.0
2024-04-04,,,,,,,,,,13.2,16.6,100.0,0.0,4.6,100.0,0.0
2024-04-05,,,,,,,,,,,,,0.0,4.4,100.0,0.0
2024-04-06,,,,,,,,,,,,,0.0,4.8,100.0,0.0
2024-04-07,,,,,,,,,,,,,0.0,4.4,100.0,0.0
2024-04-08,,,,,,,,,,,,,0.0,4.2,100.0,0.0
2024-04-09,12.8,26.5,80.6,,,,,,,,,,0.0,3.6,100.0,0.0
2024-04-10,,,,,,,,,,,,,0.0,3.3,100.0,0.0
2024-04-11,,,,,,,,,,,,,0.0,3.2,100.0,0.0
2024-04-12,,,,,,,,,,11.5,14.6,100.0,0.0,2.6,100.0,0.0
2024-04-13,2.8,18.8,84.8,33.6,38.6,100.0,,,,,,,0.0,3.1,100.0,0.0
2024-04-14,,,,,,,,,,,,,0.0,2.3,100.0,0.0
2024-04-15,,,,,,,,,,,,,0.0,2.5,100.0,0.0
2024-04-16,,,,,,,44.5,40.3,33.2,1.9,5.1,41.1,0.0,2.0,100.0,0.0
2024-04-17,,,,,,,,,,,,,0.0,2.5,100.0,0.0
2024-04-18,,,,60.5,54.2,97.3,,,,,,,0.0,2.2,100.0,0.0
2024-04-19,,,,,,,,,,,,,0.0,2.6,100.0,0.0
2024-04-20,,,,,,,,,,8.4,14.3,70.4,0.0,2.2,100.0,0.0
2024-04-21,12.1,26.2,84.4,,,,,,,,,,0.0,3.2,100.0,0.0
2024-04-22,,,,,,,,,,,,,0.0,2.7,100.0,0.0
2024-04-23,,,,,,,,,,,,,0.0,3.4,100.0,0.0
2024-04-24,,,,,,,,,,2.4,10.0,83.0,0.0,2.8,100.0,0.0
2024-04-25,0.6,14.1,82.8,,,,,,,,,,0.0,3.7,100.0,0.0
2024-04-26,,,,,,,,,,,,,0.0,2.9,100.0,0.0
2024-04-27,,,,,,,,,,,,,0.0,3.7,100.0,0.0
2024-04-28,,,,,,,,,,,,,0.0,2.8,100.0,0.0
2024-04-29,,,,,,,,,,,,,0.0,3.4,100.0,0.0
2024-04-30,,,,,,,,,,0.3,7.5,100.0,0.0,2.6,100.0,0.0
2024-05-01,,,,,,,,,,,,,0.0,3.3,100.0,0.0
2024-05-02,,,,,,,,,,,,,0.0,2.5,100.0,0.0
2024-05-03,2.1,15.8,79.8,,,,,,,,,,0.0,3.0,100.0,0.0
2024-05-04,,,,,,,,,,0.0,5.1,56.8,0.0,2.4,100.0,0.0
2024-05-05,,,,,,,,,,,,,0.0,3.0,100.0,0.0
2024-05-06,,,,,,,,,,,,,0.0,2.4,100.0,0.0
2024-05-07,0.1,10.2,80.3,,,,,,,,,,0.0,2.9,100.0,0.0
2024-05-08,,,,,,,,,,,,,0.0,2.4,100.0,0.0
2024-05-09,,,,,,,,,,,,,0.0,3.2,100.0,0.0
2024-05-10,,,,,,,,,,0.0,3.3,100.0,0.0,2.4,100.0,0.0
2024-05-11,,,,,,,,,,,,,0.0,3.4,100.0,0.0
2024-05-12,,,,,,,,,,,,,0.0,2.7,100.0,0.0
2024-05-13,,,,24.7,29.9,64.7,,,,,,,0.0,3.4,100.0,0.0
2024-05-14,,,,,,,,,,,,,0.0,2.7,100.0,0.0
2024-05-15,0.6,12.2,77.2,,,,,,,,,,0.0,3.1,100.0,0.0
2024-05-16,,,,,,,,,,,,,0.0,3.0,100.0,0.0
2024-05-17,,,,,,,,,,,,,0.0,3.5,100.0,0.0
2024-05-18,,,,,,,,,,,,,0.0,3.2,100.0,0.0
2024-05-19,0.0,7.2,77.9,,,,,,,,,,0.0,3.3,100.0,0.0
2024-05-20,,,,,,,,,,,,,0.0,3.3,100.0,0.0
2024-05-21,,,,,,,,,,,,,0.0,3.4,100.0,0.0
2024-05-22,,,,,,,,,,0.0,1.1,62.2,0.0,2.8,100.0,0.0
2024-05-23,,,,,,,,,,,,,0.0,2.5,100.0,0.0
2024-05-24,,,,,,,,,,,,,0.0,2.6,100.0,0.0
2024-05-25,,,,,,,,,,0.0,0.8,77.1,0.0,2.4,100.0,0.0
2024-05-26,,,,,,,,,,,,,0.0,2.6,100.0,0.0
2024-05-27,0.1,7.7,74.0,,,,,,,,,,0.0,2.3,100.0,0.0
2024-05-28,,,,0.3,2.6,84.2,,,,,,,0.0,2.2,100.0,0.0
2024-05-29,,,,,,,,,,,,,0.0,2.0,100.0,0.0
2024-05-30,,,,,,,,,,,,,0.0,2.0,100.0,0.0
2024-05-31,0.0,4.9,79.1,,,,,,,,,,0.0,1.9,100.0,0.0
2024-06-01,,,,,,,,,,,,,0.0,2.2,100.0,0.0
2024-06-02,,,,,,,,,,,,,0.0,1.8,100.0,0.0
2024-06-03,,,,,,,,,,,,,0.0,1.9,100.0,0.0
2024-06-04,,,,,,,,,,,,,0.0,2.2,100.0,0.0
2024-06-05,,,,,,,,,,,,,0.0,2.2,100.0,0.0
2024-06-06,,,,,,,,,,,,,0.0,2.0,100.0,0.0
2024-06-07,,,,,,,,,,,,,0.0,2.4,100.0,0.0
2024-06-08,0.0,5.0,73.5,,,,,,,,,,0.0,2.7,100.0,0.0
2024-06-09,,,,,,,,,,,,,0.0,2.0,100.0,0.0
2024-06-10,,,,,,,,,,,,,0.0,1.8,100.0,0.0
2024-06-11,,,,,,,,,,,,,0.0,1.6,100.0,0.0
2024-06-12,0.0,3.4,79.7,,,,,,,,,,0.0,1.6,100.0,0.0
2024-06-13,,,,,,,,,,0.0,0.4,100.0,0.0,1.1,100.0,0.0
2024-06-14,,,,,,,,,,,,,0.0,1.4,100.0,0.0
2024-06-15,,,,,,,,,,,,,0.0,1.4,100.0,0.0
2024-06-16,,,,,,,,,,,,,0.0,1.7,100.0,0.0
2024-06-17,,,,0.0,0.1,98.3,,,,0.0,0.2,100.0,0.0,1.2,100.0,0.0
2024-06-18,,,,,,,,,,,,,0.0,1.4,100.0,0.0
2024-06-19,,,,,,,0.0,0.0,37.4,,,,0.0,1.5,100.0,0.0
2024-06-20,0.0,3.3,74.2,,,,,,,,,,0.0,1.6,100.0,0.0
2024-06-21,,,,,,,,,,,,,0.0,1.3,100.0,0.0
2024-06-22,,,,,,,,,,,,,0.0,0.9,100.0,0.0
2024-06-23,,,,,,,,,,,,,0.0,1.1,100.0,0.0
2024-06-24,0.0,2.2,79.6,,,,,,,,,,0.0,1.1,100.0,0.0
2024-06-25,,,,,,,,,,0.0,0.0,100.0,0.0,1.0,100.0,0.0
2024-06-26,,,,,,,,,,0.0,0.0,100.0,0.0,1.0,100.0,0.0
2024-06-27,,,,0.0,0.0,71.3,,,,,,,0.0,1.1,100.0,0.0
2024-06-28,,,,,,,,,,,,,0.0,0.8,100.0,0.0
2024-06-29,,,,,,,,,,,,,0.0,0.6,100.0,0.0
2024-06-30,,,,,,,,,,,,,0.0,0.6,100.0,0.0
2024-07-01,,,,,,,,,,,,,0.0,0.5,100.0,0.0
2024-07-02,0.0,2.8,78.1,0.0,0.0,80.6,,,,,,,0.0,0.3,100.0,0.0
2024-07-03,,,,,,,,,,0.0,0.0,81.9,0.0,0.2,100.0,0.0
2024-07-04,,,,,,,,,,,,,0.0,0.3,100.0,0.0
2024-07-05,,,,,,,0.0,0.0,98.4,,,,0.0,0.3,100.0,0.0
2024-07-06,0.0,1.8,81.6,,,,,,,,,,0.0,0.2,100.0,0.0
2024-07-07,,,,,,,,,,,,,0.0,0.3,100.0,0.0
2024-07-08,,,,,,,,,,,,,0.0,0.4,100.0,0.0
2024-07-09,,,,,,,,,,,,,0.0,0.4,100.0,0.0
2024-07-10,,,,,,,,,,,,,0.0,0.4,100.0,0.0
2024-07-11,,,,,,,,,,,,,0.0,0.3,100.0,0.0
2024-07-12,,,,,,,,,,,,,0.0,0.6,100.0,0.0
2024-07-13,,,,,,,,,,,,,0.0,0.6,100.0,0.0
2024-07-14,0.1,2.4,80.1,,,,,,,,,,0.0,0.6,100.0,0.0
2024-07-15,,,,,,,,,,,,,0.0,0.3,100.0,0.0
2024-07-16,,,,,,,,,,,,,0.0,0.3,100.0,0.0
2024-07-17,,,,0.0,0.0,100.0,,,,,,,0.0,0.2,100.0,0.0
2024-07-18,0.0,1.6,82.3,,,,,,,0.0,0.0,100.0,0.0,0.2,100.0,0.0
2024-07-19,,,,,,,,,,0.0,0.0,100.0,0.0,0.1,100.0,0.0
2024-07-20,,,,,,,0.0,0.0,57.2,,,,0.0,0.1,100.0,0.0
2024-07-21,,,,,,,,,,,,,0.0,0.1,100.0,0.0
2024-07-22,,,,,,,,,,,,,0.0,0.0,100.0,0.0
2024-07-23,,,,,,,,,,,,,0.0,0.0,100.0,0.0
2024-07-24,,,,,,,,,,,,,0.0,0.0,100.0,0.0
2024-07-25,,,,,,,,,,,,,0.0,0.0,100.0,0.0
2024-07-26,0.1,2.7,81.6,,,,,,,0.0,0.0,100.0,0.0,0.0,100.0,0.0
2024-07-27,,,,,,,,,,,,,0.0,0.0,100.0,0.0
2024-07-28,,,,,,,0.0,0.0,69.3,,,,0.0,0.0,100.0,0.0
2024-07-29,,,,,,,0.0,0.0,99.6,0.0,0.0,100.0,0.0,0.0,100.0,0.0
2024-07-30,0.0,1.9,83.2,,,,,,,0.0,0.0,96.9,0.0,0.0,100.0,0.0
2024-07-31,,,,,,,,,,,,,0.0,0.0,100.0,0.0
2024-08-01,,,,0.0,0.0,34.6,,,,,,,0.0,0.0,100.0,0.0
2024-08-02,,,,,,,,,,0.0,0.0,73.2,0.0,0.0,100.0,0.0
2024-08-03,,,,,,,,,,0.0,0.0,100.0,0.0,0.0,100.0,0.0
2024-08-04,,,,,,,,,,,,,0.0,0.0,100.0,0.0
2024-08-05,,,,,,,0.0,0.0,99.8,,,,0.0,0.0,100.0,0.0
2024-08-06,,,,0.0,0.0,100.0,0.0,0.0,89.8,0.0,0.0,100.0,0.0,0.0,100.0,0.0
2024-08-07,0.1,2.7,81.1,,,,,,,,,,0.0,0.0,100.0,0.0
2024-08-08,,,,,,,,,,,,,0.0,0.0,100.0,0.0
2024-08-09,,,,,,,,,,,,,0.0,0.0,100.0,0.0
2024-08-10,,,,,,,,,,,,,0.0,0.0,100.0,0.0
2024-08-11,0.0,1.8,81.2,0.0,0.0,100.0,,,,,,,0.0,0.0,100.0,0.0
2024-08-12,,,,,,,,,,,,,0.0,0.0,100.0,0.0
2024-08-13,,,,,,,0.0,0.0,40.7,,,,0.0,0.0,100.0,0.0
2024-08-14,,,,,,,,,,,,,0.0,0.0,100.0,0.0
2024-08-15,,,,,,,,,,,,,0.0,0.0,100.0,0.0
2024-08-16,,,,0.0,0.0,100.0,,,,,,,0.0,0.0,100.0,0.0
2024-08-17,,,,,,,,,,,,,0.0,0.0,100.0,0.0
2024-08-18,,,,,,,,,,,,,0.0,0.0,100.0,0.0
2024-08-19,0.0,2.5,77.3,,,,,,,,,,0.0,0.0,100.0,0.0
2024-08-20,,,,,,,,,,,,,0.0,0.0,100.0,0.0
2024-08-21,,,,0.0,0.0,99.7,0.0,0.0,73.5,,,,0.0,0.0,100.0,0.0
2024-08-22,,,,,,,,,,,,,0.0,0.0,100.0,0.0
2024-08-23,0.0,1.9,81.4,,,,,,,,,,0.0,0.0,100.0,0.0
2024-08-24,,,,,,,,,,,,,0.0,0.0,100.0,0.0
2024-08-25,,,,,,,,,,,,,0.0,0.0,100.0,0.0
2024-08-26,,,,0.0,0.1,98.3,,,,0.0,0.0,100.0,0.0,0.0,100.0,0.0
2024-08-27,,,,,,,,,,,,,0.0,0.0,100.0,0.0
2024-08-28,,,,,,,,,,,,,0.0,0.0,100.0,0.0
2024-08-29,,,,,,,0.0,0.0,99.8,0.0,0.0,100.0,0.0,0.0,100.0,0.0
2024-08-30,,,,,,,0.0,0.0,88.3,0.0,0.0,100.0,0.0,0.0,100.0,0.0
2024-08-31,0.0,2.8,79.8,0.0,0.0,100.0,,,,,,,0.0,0.0,100.0,0.0
2024-09-01,,,,,,,,,,,,,0.0,0.0,100.0,0.0
2024-09-02,,,,,,,,,,,,,0.0,0.0,100.0,0.0
2024-09-03,,,,,,,,,,,,,0.0,0.0,100.0,0.0
2024-09-04,0.0,2.1,81.2,,,,,,,,,,0.0,0.0,100.0,0.0
2024-09-05,,,,,,,,,,0.0,0.0,100.0,0.0,0.0,100.0,0.0
2024-09-06,,,,,,,0.0,0.0,96.5,0.0,0.0,100.0,0.0,0.0,100.0,0.0
2024-09-07,,,,,,,,,,,,,0.0,0.0,100.0,0.0
2024-09-08,,,,,,,,,,,,,0.0,0.0,100.0,0.0
2024-09-09,,,,,,,,,,,,,0.0,0.0,100.0,0.0
2024-09-10,,,,0.0,0.0,98.3,,,,,,,0.0,0.1,100.0,0.0
2024-09-11,,,,,,,,,,,,,0.0,0.1,100.0,0.0
2024-09-12,0.1,3.1,80.7,,,,,,,,,,0.0,0.1,100.0,0.0
2024-09-13,,,,,,,,,,,,,0.0,0.1,100.0,0.0
2024-09-14,,,,,,,,,,,,,0.0,0.2,100.0,0.0
2024-09-15,,,,0.0,0.1,100.0,0.0,0.0,99.7,,,,0.0,0.1,100.0,0.0
2024-09-16,0.0,1.9,82.1,,,,,,,,,,0.0,0.1,100.0,0.0
2024-09-17,,,,,,,,,,0.0,0.0,100.0,0.0,0.1,100.0,0.0
2024-09-18,,,,,,,,,,,,,0.0,0.2,100.0,0.0
2024-09-19,,,,,,,,,,,,,0.0,0.2,100.0,0.0
2024-09-20,,,,0.0,0.1,99.9,,,,,,,0.0,0.2,100.0,0.0
2024-09-21,,,,,,,,,,0.0,0.0,92.6,0.0,0.1,100.0,0.0
2024-09-22,,,,,,,,,,,,,0.0,0.3,100.0,0.0
2024-09-23,,,,,,,,,,,,,0.0,0.3,100.0,0.0
2024-09-24,0.0,2.6,77.8,,,,,,,,,,0.0,0.3,100.0,0.0
2024-09-25,,,,0.0,0.0,99.9,,,,,,,0.0,0.3,100.0,0.0
2024-09-26,,,,,,,,,,,,,0.0,0.3,100.0,0.0
2024-09-27,,,,,,,,,,,,,0.0,0.4,100.0,0.0
2024-09-28,0.0,1.8,79.9,,,,,,,,,,0.0,0.4,100.0,0.0
2024-09-29,,,,,,,,,,,,,0.0,0.4,100.0,0.0
2024-09-30,,,,,,,,,,,,,0.0,0.4,100.0,0.0
2024-10-01,,,,,,,,,,,,,0.0,0.7,100.0,0.0
2024-10-02,,,,,,,,,,0.0,0.1,99.3,0.0,0.5,100.0,0.0
2024-10-03,,,,,,,,,,,,,0.0,0.8,100.0,0.0
2024-10-04,,,,,,,,,,,,,0.0,0.6,100.0,0.0
2024-10-05,,,,0.0,0.0,99.8,,,,,,,0.0,0.9,100.0,0.0
2024-10-06,0.0,3.0,80.0,,,,,,,0.0,0.1,100.0,0.0,0.5,100.0,0.0
2024-10-07,,,,,,,,,,0.0,0.1,100.0,0.0,0.8,100.0,0.0
2024-10-08,,,,,,,,,,,,,0.0,0.5,100.0,0.0
2024-10-09,,,,,,,,,,,,,0.0,0.6,100.0,0.0
2024-10-10,0.0,1.8,79.1,,,,,,,0.0,0.1,99.7,0.0,0.4,100.0,0.0
2024-10-11,,,,,,,,,,,,,0.0,0.4,100.0,0.0
2024-10-12,,,,,,,,,,,,,0.0,0.3,100.0,0.0
2024-10-13,,,,,,,,,,,,,0.0,0.4,100.0,0.0
2024-10-14,,,,,,,,,,0.0,0.0,82.8,0.0,0.3,100.0,0.0
2024-10-15,,,,,,,,,,,,,0.0,0.3,100.0,0.0
2024-10-16,,,,,,,,,,,,,0.0,0.3,100.0,0.0
2024-10-17,,,,,,,,,,,,,0.0,0.3,100.0,0.0
2024-10-18,0.0,3.8,81.5,,,,,,,,,,0.0,0.4,100.0,0.0
2024-10-19,,,,,,,,,,,,,0.0,0.3,100.0,0.0
2024-10-20,,,,0.0,0.0,100.0,,,,,,,0.0,0.4,100.0,0.0
2024-10-21,,,,,,,,,,,,,0.0,0.3,100.0,0.0
2024-10-22,0.0,2.5,80.8,,,,,,,0.0,0.0,100.0,0.0,0.2,100.0,0.0
2024-10-23,,,,,,,,,,0.0,0.0,100.0,0.0,0.3,100.0,0.0
2024-10-24,,,,,,,,,,,,,0.0,0.4,100.0,0.0
2024-10-25,,,,0.0,0.1,100.0,0.0,0.0,99.9,,,,0.0,0.2,100.0,0.0
2024-10-26,,,,,,,,,,0.0,0.0,100.0,0.0,0.2,100.0,0.0
2024-10-27,,,,,,,,,,,,,0.0,0.3,100.0,0.0
2024-10-28,,,,,,,,,,,,,0.0,0.4,100.0,0.0
2024-10-29,,,,,,,,,,,,,0.0,0.3,100.0,0.0
2024-10-30,0.0,4.8,79.0,0.0,0.1,100.0,,,,,,,0.0,0.4,100.0,0.0
2024-10-31,,,,,,,,,,,,,0.0,0.5,100.0,0.0
2024-11-01,,,,,,,0.0,0.0,83.1,,,,0.0,0.5,100.0,0.0
2024-11-02,,,,,,,0.0,0.0,99.8,,,,0.0,0.4,100.0,0.0
2024-11-03,0.0,3.5,80.0,,,,,,,,,,0.0,0.5,100.0,0.0
2024-11-04,,,,0.0,0.1,100.0,,,,,,,0.0,0.5,100.0,0.0
2024-11-05,,,,,,,,,,0.0,0.0,100.0,0.0,0.5,100.0,0.0
2024-11-06,,,,,,,,,,0.0,0.1,100.0,0.0,0.5,100.0,0.0
2024-11-07,,,,,,,,,,,,,0.0,0.9,100.0,0.0
2024-11-08,,,,,,,,,,,,,0.0,0.9,100.0,0.0
2024-11-09,,,,0.0,0.0,57.9,0.0,0.1,99.7,,,,0.0,0.9,100.0,0.0
2024-11-10,,,,,,,0.0,0.1,99.9,,,,0.0,1.0,100.0,0.0
2024-11-11,0.0,4.8,77.6,,,,,,,,,,0.0,1.7,100.0,0.0
2024-11-12,,,,,,,,,,,,,0.0,2.1,100.0,0.0
2024-11-13,,,,,,,,,,,,,0.0,1.7,100.0,0.0
2024-11-14,,,,0.0,0.1,100.0,,,,,,,0.0,1.5,100.0,0.0
2024-11-15,0.0,4.2,83.5,,,,,,,,,,0.0,2.0,100.0,0.0
2024-11-16,,,,,,,,,,0.0,0.3,100.0,0.0,1.8,100.0,0.0
2024-11-17,,,,,,,0.0,0.1,94.8,,,,0.0,2.3,100.0,0.0
2024-11-18,,,,,,,,,,,,,0.0,2.2,100.0,0.0
2024-11-19,,,,,,,,,,,,,0.0,2.7,100.0,0.0
2024-11-20,,,,,,,,,,,,,0.0,3.0,100.0,0.0
2024-11-21,,,,,,,,,,,,,0.0,3.6,100.0,0.0
2024-11-22,,,,,,,,,,,,,0.0,3.9,100.0,0.0
2024-11-23,0.0,5.0,76.6,,,,,,,,,,0.0,4.5,100.0,0.0
2024-11-24,,,,0.0,0.7,100.0,,,,0.0,1.9,97.2,0.0,3.8,100.0,0.0
2024-11-25,,,,,,,0.0,0.6,75.7,0.0,2.0,99.9,0.0,4.0,100.0,0.0
2024-11-26,,,,,,,0.0,4.9,69.8,,,,0.0,5.6,100.0,0.0
2024-11-27,0.0,4.2,73.8,,,,,,,,,,0.0,5.5,100.0,0.0
2024-11-28,,,,,,,,,,,,,0.0,4.5,100.0,0.0
2024-11-29,,,,0.3,2.4,100.0,,,,0.0,2.2,100.0,0.0,4.2,100.0,0.0
2024-11-30,,,,,,,,,,,,,0.0,6.1,100.0,0.0
2024-12-01,,,,,,,,,,,,,0.0,6.2,100.0,0.0
2024-12-02,,,,,,,,,,0.2,4.1,100.0,0.0,5.0,100.0,0.0
2024-12-03,,,,,,,,,,0.7,4.8,100.0,0.0,5.1,100.0,0.0
2024-12-04,,,,,,,,,,,,,0.0,6.1,100.0,0.0
2024-12-05,0.0,5.7,69.2,,,,,,,,,,0.0,5.3,100.0,0.0
2024-12-06,,,,,,,,,,1.3,7.6,100.0,0.0,4.3,100.0,0.0
2024-12-07,,,,,,,,,,1.9,8.8,56.0,0.0,4.8,100.0,0.0
2024-12-08,,,,,,,,,,,,,0.0,5.0,100.0,0.0
2024-12-09,0.0,4.6,77.5,,,,,,,1.3,7.1,100.0,0.0,4.4,100.0,0.0
2024-12-10,,,,,,,,,,2.6,10.6,100.0,0.0,4.2,100.0,0.0
2024-12-11,,,,,,,0.3,3.8,64.6,,,,0.0,5.6,100.0,0.0
2024-12-12,,,,,,,0.3,2.6,100.0,,,,0.0,6.1,100.0,0.0
2024-12-13,,,,,,,,,,,,,0.0,6.7,100.0,0.0
2024-12-14,,,,,,,,,,1.6,13.0,51.0,0.0,6.2,100.0,0.0
2024-12-15,,,,,,,,,,,,,0.0,8.0,100.0,0.0
2024-12-16,,,,,,,,,,,,,0.0,8.7,100.0,0.0
2024-12-17,0.0,6.6,66.2,,,,,,,,,,0.0,10.7,100.0,0.0
2024-12-18,,,,,,,,,,19.6,29.4,100.0,0.0,9.3,100.0,0.0
2024-12-19,,,,,,,,,,,,,0.0,11.1,100.0,0.0
2024-12-20,,,,,,,4.9,10.3,31.8,,,,0.0,11.0,100.0,0.0
2024-12-21,0.0,5.9,82.7,,,,,,,,,,0.0,13.0,100.0,0.0
2024-12-22,,,,,,,,,,,,,0.0,12.1,100.0,0.0
2024-12-23,,,,,,,,,,,,,0.0,15.1,100.0,0.0
2024-12-24,,,,1.5,4.8,100.0,,,,,,,0.0,14.5,100.0,0.0
2024-12-25,,,,,,,,,,,,,0.0,17.9,100.0,0.0
2024-12-26,,,,,,,,,,,,,0.0,17.9,100.0,0.0
2024-12-27,,,,,,,3.1,9.9,86.1,,,,0.0,23.8,100.0,0.0
2024-12-28,,,,,,,4.0,9.5,100.0,,,,0.1,23.9,100.0,0.1
2024-12-29,0.4,9.1,83.0,1.0,6.2,100.0,,,,,,,0.3,23.9,100.0,0.3
2024-12-30,,,,,,,,,,,,,0.1,18.8,100.0,0.1
2024-12-31,,,,,,,,,,,,,0.2,21.8,100.0,0.2
2025-01-01,,,,,,,,,,31.2,37.3,100.0,0.1,19.2,100.0,0.1
2025-01-02,0.0,6.6,80.7,,,,,,,,,,0.1,19.1,100.0,0.1
2025-01-03,,,,15.6,22.3,98.7,,,,,,,0.0,15.4,100.0,0.0
2025-01-04,,,,,,,,,,,,,0.0,18.8,100.0,0.0
2025-01-05,,,,,,,,,,,,,0.0,15.9,100.0,0.0
2025-01-06,,,,,,,,,,,,,0.0,17.7,100.0,0.0
2025-01-07,,,,,,,,,,,,,0.0,13.8,100.0,0.0
2025-01-08,,,,,,,,,,,,,0.0,15.6,100.0,0.0
2025-01-09,,,,,,,,,,,,,0.0,12.6,100.0,0.0
2025-01-10,0.4,11.7,84.3,,,,,,,,,,0.0,15.1,100.0,0.0
2025-01-11,,,,,,,,,,,,,0.0,13.6,100.0,0.0
2025-01-12,,,,,,,,,,,,,0.0,18.8,100.0,0.0
2025-01-13,,,,19.0,25.7,100.0,47.8,41.2,100.0,,,,0.0,24.4,100.0,0.0
2025-01-14,0.0,8.9,80.6,,,,,,,,,,0.1,28.0,100.0,0.1
2025-01-15,,,,,,,,,,,,,0.5,30.9,100.0,0.5
2025-01-16,,,,,,,,,,,,,0.6,32.8,100.0,0.6
2025-01-17,,,,,,,,,,,,,2.9,41.0,100.0,2.9
2025-01-18,,,,29.6,37.3,100.0,,,,,,,1.5,36.1,100.0,1.5
2025-01-19,,,,,,,,,,,,,2.5,36.5,100.0,2.5
2025-01-20,,,,,,,,,,,,,1.1,31.8,100.0,1.1
2025-01-21,,,,,,,60.5,55.0,100.0,,,,4.4,39.6,100.0,4.4
2025-01-22,1.0,15.3,77.8,,,,,,,,,,1.3,29.3,100.0,1.3
2025-01-23,,,,,,,,,,68.3,59.6,100.0,1.8,28.5,100.0,1.8
2025-01-24,,,,,,,,,,75.7,64.6,82.4,0.9,20.3,100.0,0.9
2025-01-25,,,,,,,,,,,,,1.3,23.6,100.0,1.3
2025-01-26,0.1,11.4,78.9,,,,,,,,,,0.6,16.2,100.0,0.6
2025-01-27,,,,,,,,,,,,,0.6,14.6,100.0,0.6
2025-01-28,,,,,,,,,,,,,0.5,12.6,100.0,0.5
2025-01-29,,,,,,,,,,,,,0.7,14.7,100.0,0.7
2025-01-30,,,,,,,,,,,,,0.6,14.5,100.0,0.6
2025-01-31,,,,,,,,,,73.5,62.3,100.0,0.6,14.9,100.0,0.6
2025-02-01,,,,,,,,,,,,,0.7,17.8,100.0,0.7
2025-02-02,,,,47.9,47.2,100.0,,,,,,,1.5,22.9,100.0,1.5
2025-02-03,2.7,17.6,76.1,,,,,,,,,,1.4,23.2,100.0,1.4
2025-02-04,,,,,,,,,,83.2,69.6,100.0,1.5,23.9,100.0,1.5
2025-02-05,,,,,,,83.1,75.8,100.0,84.5,72.2,100.0,2.2,28.3,100.0,2.2
2025-02-06,,,,,,,79.4,75.4,100.0,,,,3.9,34.1,100.0,3.9
2025-02-07,0.2,12.3,77.9,56.8,53.0,87.0,,,,,,,4.1,35.0,100.0,4.1
2025-02-08,,,,,,,,,,,,,4.0,33.1,100.0,4.0
2025-02-09,,,,,,,,,,,,,3.5,31.6,100.0,3.5
2025-02-10,,,,,,,,,,,,,3.9,33.4,100.0,3.9
2025-02-11,,,,,,,,,,,,,3.2,31.2,100.0,3.2
2025-02-12,,,,,,,,,,,,,2.7,26.6,100.0,2.7
2025-02-13,,,,,,,,,,,,,2.2,23.0,100.0,2.2
2025-02-14,,,,,,,,,,,,,1.9,24.2,100.0,1.9
2025-02-15,3.1,17.6,76.5,,,,,,,,,,1.4,21.4,100.0,1.4
2025-02-16,,,,,,,,,,,,,1.3,18.9,100.0,1.3
2025-02-17,,,,52.5,48.3,100.0,,,,90.9,77.2,100.0,1.2,16.5,100.0,1.2
2025-02-18,,,,,,,,,,,,,1.0,16.9,100.0,1.0
2025-02-19,0.3,11.8,76.3,,,,,,,,,,0.9,15.5,100.0,0.9
2025-02-20,,,,,,,,,,96.0,82.9,100.0,0.7,14.6,100.0,0.7
2025-02-21,,,,,,,73.2,68.7,94.2,,,,0.9,13.8,100.0,0.9
2025-02-22,,,,,,,,,,,,,0.7,13.8,100.0,0.7
2025-02-23,,,,,,,,,,,,,0.6,12.4,100.0,0.6
2025-02-24,,,,,,,,,,,,,0.5,11.8,100.0,0.5
2025-02-25,,,,,,,,,,,,,0.5,11.6,100.0,0.5
2025-02-26,,,,,,,,,,,,,0.6,13.8,100.0,0.6
2025-02-27,4.1,17.5,77.2,,,,,,,96.1,85.7,100.0,0.7,14.6,100.0,0.7
2025-02-28,,,,,,,,,,,,,0.9,14.9,100.0,0.9
2025-03-01,,,,,,,85.5,81.3,84.7,,,,1.5,18.2,100.0,1.5
2025-03-02,,,,,,,71.8,69.5,99.6,,,,2.0,20.9,100.0,2.0
2025-03-03,0.2,11.1,76.0,,,,,,,,,,1.9,20.3,100.0,1.9
2025-03-04,,,,52.9,46.0,100.0,,,,,,,2.0,18.9,100.0,2.0
2025-03-05,,,,,,,,,,,,,2.1,18.3,100.0,2.1
2025-03-06,,,,,,,,,,,,,1.7,17.7,100.0,1.7
2025-03-07,,,,,,,,,,,,,1.5,18.2,100.0,1.5
2025-03-08,,,,,,,,,,,,,0.9,13.5,100.0,0.9
2025-03-09,,,,66.7,60.4,66.4,,,,,,,0.8,13.0,100.0,0.8
2025-03-10,,,,,,,94.3,84.9,43.0,,,,0.3,10.8,100.0,0.3
2025-03-11,4.9,18.2,81.5,,,,,,,,,,0.1,9.6,100.0,0.1
2025-03-12,,,,,,,,,,,,,0.0,7.4,100.0,0.0
2025-03-13,,,,,,,,,,,,,0.0,7.3,100.0,0.0
2025-03-14,,,,,,,,,,,,,0.0,6.5,100.0,0.0
2025-03-15,0.2,11.4,77.7,,,,,,,,,,0.0,6.8,100.0,0.0
2025-03-16,,,,,,,,,,,,,0.0,5.5,100.0,0.0
2025-03-17,,,,,,,99.2,86.8,47.7,,,,0.0,6.4,100.0,0.0
2025-03-18,,,,,,,60.5,46.3,89.4,,,,0.0,6.2,100.0,0.0
2025-03-19,,,,40.1,40.4,100.0,,,,,,,0.0,7.9,100.0,0.0
2025-03-20,,,,,,,,,,,,,0.0,6.3,100.0,0.0
2025-03-21,,,,,,,,,,,,,0.0,6.7,100.0,0.0
2025-03-22,,,,,,,,,,94.7,84.8,99.2,0.0,6.2,100.0,0.0
2025-03-23,6.7,20.2,78.9,,,,,,,,,,0.0,6.7,100.0,0.0
2025-03-24,,,,36.6,35.6,55.2,,,,,,,0.0,6.1,100.0,0.0
2025-03-25,,,,,,,,,,91.2,79.6,86.1,0.0,5.7,100.0,0.0
2025-03-26,,,,,,,,,,,,,0.0,5.6,100.0,0.0
2025-03-27,0.4,11.8,81.7,,,,,,,,,,0.0,5.8,100.0,0.0
2025-03-28,,,,,,,,,,,,,0.0,6.1,100.0,0.0
2025-03-29,,,,,,,,,,89.4,79.4,54.4,0.0,5.1,100.0,0.0
2025-03-30,,,,,,,,,,84.8,72.0,100.0,0.0,5.7,100.0,0.0
2025-03-31,,,,15.4,24.9,100.0,,,,,,,0.0,5.6,100.0,0.0
2025-04-01,,,,,,,,,,,,,0.0,6.8,100.0,0.0
2025-04-02,5.6,18.7,78.9,,,,33.1,39.4,44.4,76.4,63.5,100.0,0.0,6.2,100.0,0.0
2025-04-03,,,,5.8,17.6,100.0,84.9,61.4,36.1,,,,0.0,7.9,100.0,0.0
2025-04-04,0.8,12.4,77.0,,,,,,,,,,0.0,6.7,100.0,0.0
2025-04-05,,,,,,,,,,,,,0.0,8.2,100.0,0.0
2025-04-06,,,,,,,,,,,,,0.0,6.3,100.0,0.0
2025-04-07,,,,,,,,,,44.7,44.7,100.0,0.0,7.2,100.0,0.0
2025-04-08,1.9,14.6,82.0,6.8,17.0,100.0,,,,,,,0.0,6.2,100.0,0.0
2025-04-09,,,,,,,,,,,,,0.0,6.7,100.0,0.0
2025-04-10,,,,18.0,26.8,100.0,,,,25.4,30.5,100.0,0.0,5.4,100.0,0.0
2025-04-11,,,,,,,41.1,36.2,39.9,6.5,15.8,100.0,0.0,5.9,100.0,0.0
2025-04-12,,,,,,,,,,,,,0.0,5.2,100.0,0.0
2025-04-13,,,,,,,,,,,,,0.0,5.0,100.0,0.0
2025-04-14,,,,,,,,,,,,,0.0,3.8,100.0,0.0
2025-04-15,,,,,,,,,,,,,0.0,3.8,100.0,0.0
2025-04-16,1.1,12.4,78.3,,,,,,,,,,0.0,3.6,100.0,0.0
2025-04-17,,,,,,,,,,,,,0.0,3.5,100.0,0.0
2025-04-18,,,,22.4,37.0,96.1,41.3,36.7,87.3,4.9,14.5,100.0,0.0,3.4,100.0,0.0
2025-04-19,,,,,,,100.0,87.7,34.9,,,,0.0,3.5,100.0,0.0
2025-04-20,0.2,10.9,82.8,,,,,,,,,,0.0,3.8,100.0,0.0
2025-04-21,,,,,,,,,,,,,0.0,3.7,100.0,0.0
2025-04-22,,,,,,,,,,3.6,14.1,100.0,0.0,3.9,100.0,0.0
2025-04-23,,,,3.3,15.1,100.0,,,,0.6,9.9,100.0,0.0,4.1,100.0,0.0
2025-04-24,,,,,,,,,,,,,0.0,4.6,100.0,0.0
2025-04-25,,,,,,,,,,,,,0.0,3.9,100.0,0.0
2025-04-26,,,,,,,,,,0.1,7.3,100.0,0.0,3.9,100.0,0.0
2025-04-27,,,,,,,,,,,,,0.0,4.3,100.0,0.0
2025-04-28,0.6,12.1,76.5,14.7,24.0,50.9,,,,,,,0.0,4.5,100.0,0.0
2025-04-29,,,,,,,,,,0.0,4.7,100.0,0.0,3.5,100.0,0.0
2025-04-30,,,,3.1,10.3,99.6,,,,0.0,5.2,100.0,0.0,3.1,100.0,0.0
2025-05-01,,,,,,,,,,,,,0.0,3.3,100.0,0.0
2025-05-02,0.0,9.7,81.6,,,,,,,,,,0.0,3.0,100.0,0.0
2025-05-03,,,,,,,,,,,,,0.0,2.3,100.0,0.0
2025-05-04,0.6,11.6,82.5,,,,,,,,,,0.0,2.2,100.0,0.0
2025-05-05,,,,,,,,,,,,,0.0,2.2,100.0,0.0
2025-05-06,,,,,,,,,,,,,0.0,2.4,100.0,0.0
2025-05-07,,,,,,,,,,,,,0.0,2.1,100.0,0.0
2025-05-08,0.0,10.6,80.5,,,,,,,,,,0.0,1.9,100.0,0.0
2025-05-09,,,,,,,,,,,,,0.0,2.1,100.0,0.0
2025-05-10,0.2,11.4,73.7,,,,,,,,,,0.0,2.0,100.0,0.0
2025-05-11,,,,,,,,,,,,,0.0,2.0,100.0,0.0
2025-05-12,,,,,,,,,,,,,0.0,1.8,100.0,0.0
2025-05-13,,,,0.0,0.9,75.3,,,,,,,0.0,2.0,100.0,0.0
2025-05-14,0.0,8.4,76.3,,,,,,,,,,0.0,2.0,100.0,0.0
2025-05-15,,,,,,,,,,,,,0.0,1.9,100.0,0.0
2025-05-16,0.1,9.1,72.9,,,,,,,,,,0.0,1.9,100.0,0.0
2025-05-17,,,,,,,,,,,,,0.0,2.1,100.0,0.0
2025-05-18,,,,0.0,0.2,99.9,,,,,,,0.0,2.2,100.0,0.0
2025-05-19,,,,,,,,,,,,,0.0,1.8,100.0,0.0
2025-05-20,0.0,7.3,75.3,,,,,,,,,,0.0,2.0,100.0,0.0
2025-05-21,,,,,,,,,,,,,0.0,2.0,100.0,0.0
2025-05-22,0.6,8.5,79.2,,,,,,,,,,0.0,2.2,100.0,0.0
2025-05-23,,,,,,,,,,0.0,1.3,48.7,0.0,1.9,100.0,0.0
2025-05-24,,,,,,,,,,,,,0.0,2.9,100.0,0.0
2025-05-25,,,,,,,,,,,,,0.0,2.6,100.0,0.0
2025-05-26,0.0,4.6,79.6,,,,,,,,,,0.0,2.7,100.0,0.0
2025-05-27,,,,,,,,,,0.0,1.1,100.0,0.0,2.3,100.0,0.0
2025-05-28,0.4,5.8,75.9,,,,,,,,,,0.0,3.2,100.0,0.0
2025-05-29,,,,,,,0.0,0.0,36.1,,,,0.0,2.9,100.0,0.0
2025-05-30,,,,0.0,0.1,100.0,,,,0.0,0.3,100.0,0.0,2.4,100.0,0.0
2025-05-31,,,,,,,,,,0.0,0.1,100.0,0.0,2.4,100.0,0.0
2025-06-01,0.0,3.3,80.1,,,,,,,,,,0.0,2.8,100.0,0.0
2025-06-02,,,,,,,,,,,,,0.0,2.8,100.0,0.0
2025-06-03,0.2,4.3,77.8,,,,,,,,,,0.0,2.4,100.0,0.0
2025-06-04,,,,,,,,,,,,,0.0,3.7,100.0,0.0
2025-06-05,,,,,,,,,,,,,0.0,3.9,100.0,0.0
2025-06-06,,,,,,,,,,,,,0.0,5.1,100.0,0.0
2025-06-07,0.0,2.2,78.5,,,,,,,,,,0.0,3.2,100.0,0.0
2025-06-08,,,,,,,,,,,,,0.0,3.9,100.0,0.0
2025-06-09,0.0,2.5,74.7,0.0,0.0,100.0,,,,,,,0.0,3.3,100.0,0.0
2025-06-10,,,,,,,,,,0.0,0.0,90.0,0.0,3.9,100.0,0.0
2025-06-11,,,,,,,,,,0.0,0.0,100.0,0.0,2.6,100.0,0.0
2025-06-12,,,,0.0,0.0,70.3,,,,,,,0.0,3.6,100.0,0.0
2025-06-13,0.0,2.3,82.9,,,,,,,,,,0.0,2.8,100.0,0.0
2025-06-14,,,,,,,,,,,,,0.0,2.8,100.0,0.0
2025-06-15,0.0,2.2,79.0,,,,,,,0.0,0.0,74.4,0.0,1.6,100.0,0.0
2025-06-16,,,,,,,,,,,,,0.0,2.0,100.0,0.0
2025-06-17,,,,0.0,0.1,100.0,,,,,,,0.0,1.7,100.0,0.0
2025-06-18,,,,,,,,,,0.0,0.0,100.0,0.0,1.5,100.0,0.0
2025-06-19,0.0,1.8,81.2,0.0,0.1,100.0,,,,0.0,0.0,100.0,0.0,1.0,100.0,0.0
2025-06-20,,,,,,,,,,,,,0.0,1.3,100.0,0.0
2025-06-21,0.0,2.4,77.5,,,,,,,,,,0.0,1.0,100.0,0.0
2025-06-22,,,,0.0,0.1,86.2,0.0,0.0,37.1,,,,0.0,1.0,100.0,0.0
2025-06-23,,,,,,,,,,,,,0.0,0.9,100.0,0.0
2025-06-24,,,,,,,,,,,,,0.0,0.9,100.0,0.0
2025-06-25,0.0,1.6,81.4,,,,,,,,,,0.0,0.7,100.0,0.0
2025-06-26,,,,,,,,,,,,,0.0,0.9,100.0,0.0
2025-06-27,0.1,2.2,77.5,0.0,0.1,100.0,,,,0.0,0.0,100.0,0.0,0.6,100.0,0.0
2025-06-28,,,,,,,,,,,,,0.0,0.7,100.0,0.0
2025-06-29,,,,0.0,0.1,100.0,0.0,0.0,50.1,,,,0.0,0.6,100.0,0.0
2025-06-30,,,,,,,,,,,,,0.0,0.8,100.0,0.0
2025-07-01,0.0,1.7,83.1,,,,,,,0.0,0.0,100.0,0.0,0.6,100.0,0.0
2025-07-02,,,,,,,,,,,,,0.0,0.8,100.0,0.0
2025-07-03,0.0,2.4,77.5,,,,,,,0.0,0.0,100.0,0.0,0.6,100.0,0.0
2025-07-04,,,,,,,,,,,,,0.0,0.8,100.0,0.0
2025-07-05,,,,,,,,,,,,,0.0,0.7,100.0,0.0
2025-07-06,,,,,,,,,,,,,0.0,1.1,100.0,0.0
2025-07-07,0.0,1.9,81.7,,,,,,,,,,0.0,1.6,100.0,0.0
2025-07-08,,,,,,,,,,,,,0.0,1.6,100.0,0.0
2025-07-09,0.0,2.6,76.4,0.0,0.0,100.0,,,,,,,0.0,1.2,100.0,0.0
2025-07-10,,,,,,,,,,,,,0.0,1.5,100.0,0.0
2025-07-11,,,,,,,,,,0.0,0.0,100.0,0.0,1.3,100.0,0.0
2025-07-12,,,,0.0,0.0,77.0,,,,,,,0.0,1.7,100.0,0.0
2025-07-13,0.0,2.7,83.1,,,,,,,,,,0.0,1.3,100.0,0.0
2025-07-14,,,,,,,,,,,,,0.0,1.1,100.0,0.0
2025-07-15,0.0,4.0,80.0,,,,,,,,,,0.0,1.3,100.0,0.0
2025-07-16,,,,,,,,,,,,,0.0,1.6,100.0,0.0
2025-07-17,,,,0.0,0.0,100.0,,,,,,,0.0,1.1,100.0,0.0
2025-07-18,,,,,,,,,,0.0,0.0,99.9,0.0,0.9,100.0,0.0
2025-07-19,0.0,2.8,83.0,,,,,,,,,,0.0,1.0,100.0,0.0
2025-07-20,,,,,,,,,,,,,0.0,1.1,100.0,0.0
2025-07-21,0.0,4.1,79.1,,,,,,,,,,0.0,1.0,100.0,0.0
2025-07-22,,,,0.0,0.0,85.2,,,,0.0,0.0,99.9,0.0,0.7,100.0,0.0
2025-07-23,,,,,,,0.0,0.0,38.1,,,,0.0,0.8,100.0,0.0
2025-07-24,,,,,,,,,,,,,0.0,0.6,100.0,0.0
2025-07-25,0.0,2.7,81.5,,,,,,,,,,0.0,0.5,100.0,0.0
2025-07-26,,,,,,,,,,,,,0.0,0.5,100.0,0.0
2025-07-27,0.0,4.7,80.3,,,,,,,,,,0.0,0.4,100.0,0.0
2025-07-28,,,,,,,,,,,,,0.0,0.3,100.0,0.0
2025-07-29,,,,0.0,0.0,33.0,,,,,,,0.0,0.3,100.0,0.0
2025-07-30,,,,,,,,,,0.0,0.0,56.3,0.0,0.3,100.0,0.0
2025-07-31,0.0,3.1,83.0,,,,,,,,,,0.0,0.2,100.0,0.0
2025-08-01,,,,0.0,0.0,71.0,,,,,,,0.0,0.2,100.0,0.0
2025-08-02,0.1,4.9,79.6,,,,,,,,,,0.0,0.1,100.0,0.0
2025-08-03,,,,,,,,,,0.0,0.0,90.4,0.0,0.1,100.0,0.0
2025-08-04,,,,,,,,,,0.0,0.0,100.0,0.0,0.1,100.0,0.0
2025-08-05,,,,,,,,,,,,,0.0,0.1,100.0,0.0
2025-08-06,0.0,4.0,87.3,,,,,,,,,,0.0,0.0,100.0,0.0
2025-08-07,,,,,,,,,,0.0,0.0,100.0,0.0,0.0,100.0,0.0
2025-08-08,0.1,4.4,83.9,0.0,0.0,100.0,0.0,0.0,97.2,,,,0.0,0.0,100.0,0.0
2025-08-09,,,,,,,0.0,0.0,98.3,,,,0.0,0.0,100.0,0.0
2025-08-10,,,,,,,,,,0.0,0.0,100.0,0.0,0.0,100.0,0.0
2025-08-11,,,,0.0,0.0,98.9,,,,0.0,0.0,100.0,0.0,0.0,100.0,0.0
2025-08-12,0.0,3.4,87.1,,,,,,,,,,0.0,0.0,100.0,0.0
2025-08-13,,,,,,,,,,,,,0.0,0.0,100.0,0.0
2025-08-14,0.0,4.3,80.2,,,,,,,0.0,0.0,100.0,0.0,0.0,100.0,0.0
2025-08-15,,,,,,,,,,0.0,0.0,100.0,0.0,0.0,100.0,0.0
2025-08-16,,,,0.0,0.0,91.0,0.0,0.0,65.9,,,,0.0,0.0,100.0,0.0
2025-08-17,,,,,,,0.0,0.0,85.2,,,,0.0,0.0,100.0,0.0
2025-08-18,0.0,3.9,87.1,0.0,0.0,95.4,,,,0.0,0.0,100.0,0.0,0.0,100.0,0.0
2025-08-19,,,,,,,,,,,,,0.0,0.0,100.0,0.0
2025-08-20,0.0,4.3,75.7,,,,,,,,,,0.0,0.0,100.0,0.0
2025-08-21,,,,,,,,,,,,,0.0,0.0,100.0,0.0
2025-08-22,,,,,,,,,,0.0,0.0,100.0,0.0,0.0,100.0,0.0
2025-08-23,,,,,,,,,,,,,0.0,0.0,100.0,0.0
2025-08-24,0.0,3.1,87.8,,,,0.0,0.0,99.4,,,,0.0,0.0,100.0,0.0
2025-08-25,,,,,,,0.0,0.0,99.9,,,,0.0,0.0,100.0,0.0
2025-08-26,0.1,5.1,86.3,0.0,0.0,79.6,,,,0.0,0.0,100.0,0.0,0.0,100.0,0.0
2025-08-27,,,,,,,,,,,,,0.0,0.0,100.0,0.0
2025-08-28,,,,,,,,,,,,,0.0,0.0,100.0,0.0
2025-08-29,,,,,,,,,,,,,0.0,0.1,100.0,0.0
2025-08-30,0.0,3.2,87.9,,,,,,,,,,0.0,0.1,100.0,0.0
2025-08-31,,,,0.0,0.0,100.0,,,,,,,0.0,0.1,100.0,0.0
2025-09-01,0.2,6.2,85.6,,,,,,,,,,0.0,0.1,100.0,0.0
2025-09-02,,,,,,,,,,,,,0.0,0.1,100.0,0.0
2025-09-03,,,,,,,,,,,,,0.0,0.1,100.0,0.0
2025-09-04,,,,,,,,,,,,,0.0,0.1,100.0,0.0
2025-09-05,0.0,3.0,85.5,,,,,,,0.0,0.0,100.0,0.0,0.1,100.0,0.0
2025-09-06,,,,,,,,,,,,,0.0,0.1,100.0,0.0
2025-09-07,0.0,5.2,83.5,0.0,0.0,100.0,,,,,,,0.0,0.1,100.0,0.0
2025-09-08,,,,,,,,,,,,,0.0,0.1,100.0,0.0
2025-09-09,,,,,,,,,,,,,0.0,0.1,100.0,0.0
2025-09-10,,,,,,,,,,,,,0.0,0.1,100.0,0.0
2025-09-11,0.0,3.0,85.6,,,,,,,,,,0.0,0.1,100.0,0.0
2025-09-12,,,,,,,,,,,,,0.0,0.1,100.0,0.0
2025-09-13,0.0,6.2,82.6,,,,,,,,,,0.0,0.1,100.0,0.0
2025-09-14,,,,,,,,,,,,,0.0,0.1,100.0,0.0
2025-09-15,,,,,,,,,,,,,0.0,0.1,100.0,0.0
2025-09-16,,,,,,,,,,,,,0.0,0.1,100.0,0.0
2025-09-17,0.0,2.8,86.5,0.0,0.0,100.0,0.0,0.0,99.0,0.0,0.0,70.4,0.0,0.1,100.0,0.0
2025-09-18,,,,,,,0.0,0.0,99.7,0.0,0.0,100.0,0.0,0.0,100.0,0.0
2025-09-19,,,,,,,,,,,,,0.0,0.0,100.0,0.0
2025-09-20,,,,0.0,0.0,100.0,,,,,,,0.0,0.0,100.0,0.0
2025-09-21,,,,,,,,,,,,,0.0,0.1,100.0,0.0
2025-09-22,,,,,,,,,,,,,0.0,0.1,100.0,0.0
2025-09-23,0.0,2.9,88.4,,,,,,,,,,0.0,0.2,100.0,0.0
2025-09-24,,,,,,,,,,,,,0.0,0.2,100.0,0.0
2025-09-25,0.0,2.7,86.4,0.0,0.1,31.6,,,,,,,0.0,0.2,100.0,0.0
2025-09-26,,,,,,,,,,,,,0.0,0.2,100.0,0.0
2025-09-27,,,,,,,,,,,,,0.0,0.3,100.0,0.0
2025-09-28,,,,,,,,,,,,,0.0,0.3,100.0,0.0
2025-09-29,0.0,2.6,90.1,,,,,,,0.0,0.0,100.0,0.0,0.3,100.0,0.0
2025-09-30,,,,,,,,,,,,,0.0,0.3,100.0,0.0
2025-10-01,0.0,3.5,88.5,,,,,,,,,,0.0,0.3,100.0,0.0
2025-10-02,,,,,,,,,,0.0,0.0,100.0,0.0,0.2,100.0,0.0
2025-10-03,,,,,,,,,,,,,0.0,0.3,100.0,0.0
2025-10-04,,,,,,,,,,,,,0.0,0.3,100.0,0.0
2025-10-05,0.0,2.7,90.2,0.0,0.2,95.7,,,,,,,0.0,0.2,100.0,0.0
2025-10-06,,,,,,,,,,0.0,0.0,100.0,0.0,0.2,100.0,0.0
2025-10-07,0.0,3.6,85.0,0.1,0.5,100.0,,,,,,,0.0,0.2,100.0,0.0
2025-10-08,,,,,,,,,,,,,0.0,0.2,100.0,0.0
2025-10-09,,,,,,,,,,0.0,0.0,100.0,0.0,0.1,100.0,0.0
2025-10-10,,,,0.0,0.1,100.0,,,,0.0,0.0,100.0,0.0,0.1,100.0,0.0
2025-10-11,0.0,2.1,89.3,,,,0.0,0.0,99.9,,,,0.0,0.2,100.0,0.0
2025-10-12,,,,,,,0.0,0.0,100.0,,,,0.0,0.2,100.0,0.0
2025-10-13,0.0,3.1,84.1,,,,,,,0.0,0.0,100.0,0.0,0.1,100.0,0.0
2025-10-14,,,,,,,,,,0.0,0.0,100.0,0.0,0.1,100.0,0.0
2025-10-15,,,,0.0,0.1,100.0,,,,,,,0.0,0.2,100.0,0.0
2025-10-16,,,,,,,,,,,,,0.0,0.3,100.0,0.0
2025-10-17,0.0,2.0,86.6,0.0,0.1,100.0,,,,,,,0.0,0.3,100.0,0.0
2025-10-18,,,,,,,,,,0.0,0.0,100.0,0.0,0.2,100.0,0.0
2025-10-19,0.0,3.8,84.9,,,,,,,,,,0.0,0.5,100.0,0.0
2025-10-20,,,,,,,,,,,,,0.0,0.6,100.0,0.0
2025-10-21,,,,,,,,,,,,,0.0,0.5,100.0,0.0
2025-10-22,,,,,,,,,,0.0,0.1,49.0,0.0,0.4,100.0,0.0
2025-10-23,0.0,2.0,86.2,,,,,,,,,,0.0,0.5,100.0,0.0
2025-10-24,,,,,,,,,,,,,0.0,0.5,100.0,0.0
2025-10-25,0.1,4.2,90.1,,,,,,,,,,0.0,0.4,100.0,0.0
2025-10-26,,,,,,,,,,,,,0.0,0.5,100.0,0.0
2025-10-27,,,,,,,,,,,,,0.0,0.6,100.0,0.0
2025-10-28,,,,,,,0.0,0.4,88.2,,,,0.0,0.6,100.0,0.0
2025-10-29,0.0,2.4,90.1,,,,,,,,,,0.0,0.5,100.0,0.0
2025-10-30,,,,0.0,0.6,79.6,,,,,,,0.0,0.7,100.0,0.0
2025-10-31,0.1,5.1,87.4,,,,,,,,,,0.0,0.9,100.0,0.0
2025-11-01,,,,,,,,,,,,,0.0,0.9,100.0,0.0
2025-11-02,,,,,,,,,,,,,0.0,0.7,100.0,0.0
2025-11-03,,,,,,,,,,,,,0.0,1.0,100.0,0.0
2025-11-04,0.0,3.9,90.8,0.0,1.1,100.0,0.0,0.5,82.4,,,,0.0,1.1,100.0,0.0
2025-11-05,,,,,,,0.0,0.6,99.5,0.0,0.1,97.8,0.0,0.9,100.0,0.0
2025-11-06,0.0,6.2,84.1,0.0,1.3,100.0,,,,0.0,0.1,100.0,0.0,0.8,100.0,0.0
2025-11-07,,,,,,,,,,,,,0.0,1.1,100.0,0.0
2025-11-08,,,,,,,,,,,,,0.0,1.4,100.0,0.0
2025-11-09,,,,0.0,1.5,97.2,,,,0.0,0.1,100.0,0.0,1.2,100.0,0.0
2025-11-10,0.0,3.6,88.1,,,,,,,,,,0.0,1.3,100.0,0.0
2025-11-11,,,,,,,,,,,,,0.0,1.3,100.0,0.0
2025-11-12,0.0,6.9,82.5,,,,,,,,,,0.0,1.8,100.0,0.0
2025-11-13,,,,,,,0.0,0.8,88.7,,,,0.0,1.9,100.0,0.0
2025-11-14,,,,,,,,,,,,,0.0,1.6,100.0,0.0
2025-11-15,,,,,,,,,,,,,0.0,1.5,100.0,0.0
2025-11-16,0.0,3.8,83.6,,,,,,,,,,0.0,2.1,100.0,0.0
2025-11-17,,,,,,,,,,0.0,0.3,79.6,0.0,1.9,100.0,0.0
2025-11-18,0.0,8.4,78.1,,,,,,,,,,0.0,2.5,100.0,0.0
2025-11-19,,,,0.0,1.7,100.0,,,,,,,0.0,2.5,100.0,0.0
2025-11-20,,,,,,,,,,,,,0.0,3.3,100.0,0.0
2025-11-21,,,,,,,,,,,,,0.0,3.3,100.0,0.0
2025-11-22,0.0,2.6,81.0,,,,,,,0.0,0.3,56.0,0.0,3.7,100.0,0.0
2025-11-23,,,,,,,,,,,,,0.0,4.4,100.0,0.0
2025-11-24,0.0,5.0,81.0,,,,,,,,,,0.0,4.3,100.0,0.0
2025-11-25,,,,,,,,,,,,,0.0,2.8,100.0,0.0
2025-11-26,,,,,,,,,,,,,0.0,3.1,100.0,0.0
2025-11-27,,,,,,,,,,,,,0.0,3.7,100.0,0.0
2025-11-28,0.0,2.4,86.5,,,,0.3,1.7,100.0,,,,0.0,3.9,100.0,0.0
2025-11-29,,,,0.4,2.9,98.4,,,,0.0,0.7,100.0,0.0,2.5,100.0,0.0
2025-11-30,0.4,5.1,84.4,,,,,,,,,,0.0,2.5,100.0,0.0
2025-12-01,,,,,,,,,,,,,0.0,3.0,100.0,0.0
2025-12-02,,,,,,,,,,,,,0.0,3.5,100.0,0.0
2025-12-03,,,,,,,,,,0.0,0.6,100.0,0.0,2.5,100.0,0.0
2025-12-04,0.0,2.3,87.1,0.3,2.6,98.7,,,,0.0,0.5,100.0,0.0,2.0,100.0,0.0
2025-12-05,,,,,,,,,,,,,0.0,2.9,100.0,0.0
2025-12-06,0.3,4.8,87.6,,,,,,,,,,0.0,3.0,100.0,0.0
2025-12-07,,,,,,,,,,,,,0.0,2.9,100.0,0.0
2025-12-08,,,,,,,,,,0.0,0.5,100.0,0.0,1.9,100.0,0.0
2025-12-09,,,,0.2,2.3,100.0,,,,,,,0.0,3.1,100.0,0.0
2025-12-10,0.0,2.5,87.5,,,,,,,,,,0.0,2.4,100.0,0.0
2025-12-11,,,,,,,,,,,,,0.0,2.6,100.0,0.0
2025-12-12,0.1,4.4,85.1,,,,,,,0.0,1.0,100.0,0.0,1.8,100.0,0.0
2025-12-13,,,,,,,,,,,,,0.0,2.9,100.0,0.0
2025-12-14,,,,0.3,2.3,100.0,0.6,2.2,85.9,,,,0.0,2.5,100.0,0.0
2025-12-15,,,,,,,,,,,,,0.0,3.0,100.0,0.0
2025-12-16,0.0,2.8,85.3,,,,,,,,,,0.0,2.2,100.0,0.0
2025-12-17,,,,,,,,,,,,,0.0,3.2,100.0,0.0
2025-12-18,0.0,5.6,81.0,,,,,,,0.0,1.9,100.0,0.0,3.0,100.0,0.0
2025-12-19,,,,0.2,3.5,63.5,,,,,,,0.0,3.5,100.0,0.0
2025-12-20,,,,,,,,,,,,,0.0,3.0,100.0,0.0
2025-12-21,,,,,,,,,,,,,0.0,4.1,100.0,0.0
2025-12-22,0.0,3.8,82.8,,,,,,,,,,0.1,5.1,100.0,0.1
2025-12-23,,,,,,,,,,,,,0.1,5.5,100.0,0.1
2025-12-24,0.1,5.0,81.0,0.2,2.0,100.0,,,,,,,0.1,4.5,100.0,0.1
2025-12-25,,,,,,,,,,,,,0.1,5.3,100.0,0.1
2025-12-26,,,,0.2,1.6,100.0,,,,,,,0.1,5.4,100.0,0.1
2025-12-27,,,,,,,,,,0.1,4.0,100.0,0.1,5.1,100.0,0.1
2025-12-28,0.0,2.9,81.7,,,,,,,,,,0.1,6.4,100.0,0.1
2025-12-29,,,,0.2,1.8,100.0,,,,,,,0.1,7.6,100.0,0.1
2025-12-30,0.1,5.2,82.3,,,,1.2,2.7,99.8,,,,0.1,8.0,100.0,0.1
2025-12-31,,,,,,,1.5,3.2,100.0,,,,0.1,9.8,100.0,0.1
2026-01-01,,,,,,,,,,,,,0.0,5.7,100.0,0.0
2026-01-02,,,,,,,,,,,,,0.0,7.0,100.0,0.0
2026-01-03,0.0,1.6,86.2,0.0,0.7,100.0,,,,0.1,4.2,100.0,0.0,5.7,100.0,0.0
2026-01-04,,,,,,,,,,,,,0.0,7.8,100.0,0.0
2026-01-05,0.2,3.6,88.0,0.0,1.2,100.0,,,,,,,0.0,7.5,100.0,0.0
2026-01-06,,,,,,,,,,,,,0.0,8.7,100.0,0.0
2026-01-07,,,,,,,0.5,2.8,94.8,0.4,8.9,100.0,0.0,8.3,100.0,0.0
2026-01-08,,,,,,,,,,,,,0.0,9.6,100.0,0.0
2026-01-09,0.0,1.4,87.9,,,,,,,,,,0.0,8.9,100.0,0.0
2026-01-10,,,,,,,,,,,,,0.0,9.4,100.0,0.0
2026-01-11,0.1,3.2,85.8,,,,,,,,,,0.0,9.1,100.0,0.0
2026-01-12,,,,,,,,,,2.7,14.4,100.0,0.1,8.9,100.0,0.1
2026-01-13,,,,,,,,,,,,,0.1,9.4,100.0,0.1
2026-01-14,,,,,,,,,,,,,0.0,9.6,100.0,0.0
2026-01-15,0.0,1.9,87.5,,,,6.1,11.2,75.6,,,,0.0,8.3,100.0,0.0
2026-01-16,,,,,,,4.5,8.1,100.0,,,,0.1,9.0,100.0,0.1
2026-01-17,0.2,4.4,87.0,,,,,,,,,,0.0,7.5,100.0,0.0
2026-01-18,,,,,,,,,,,,,0.0,7.9,100.0,0.0
2026-01-19,,,,,,,,,,18.5,23.4,100.0,0.0,6.6,100.0,0.0
2026-01-20,,,,,,,,,,,,,0.0,8.2,100.0,0.0
2026-01-21,0.0,2.5,86.4,,,,,,,,,,0.0,7.5,100.0,0.0
2026-01-22,,,,,,,,,,,,,0.0,8.5,100.0,0.0
2026-01-23,0.3,7.9,87.1,18.2,21.2,100.0,19.0,21.8,99.9,,,,0.2,8.4,100.0,0.2
2026-01-24,,,,,,,,,,,,,0.2,10.3,100.0,0.2
2026-01-25,,,,,,,,,,,,,0.3,9.1,100.0,0.3
2026-01-26,,,,,,,,,,27.1,30.3,100.0,0.3,10.5,100.0,0.3
2026-01-27,0.0,3.2,87.3,,,,,,,,,,0.3,10.3,100.0,0.3
2026-01-28,,,,,,,,,,,,,0.3,11.9,100.0,0.3
2026-01-29,0.7,10.6,88.1,,,,,,,,,,0.3,10.8,100.0,0.3
2026-01-30,,,,,,,,,,44.5,44.2,100.0,0.3,11.4,100.0,0.3
2026-01-31,,,,,,,,,,43.4,42.7,100.0,0.3,11.7,100.0,0.3
2026-02-01,,,,,,,100.0,95.8,57.4,,,,0.4,16.1,100.0,0.4
2026-02-02,0.1,4.5,87.0,44.4,43.2,100.0,,,,,,,0.3,14.4,100.0,0.3
2026-02-03,,,,,,,,,,,,,0.3,13.7,100.0,0.3
2026-02-04,1.8,16.7,87.6,,,,,,,,,,0.1,12.8,100.0,0.1
2026-02-05,,,,,,,,,,,,,0.2,13.4,100.0,0.2
2026-02-06,,,,,,,,,,,,,0.0,12.1,100.0,0.0
2026-02-07,,,,69.9,56.8,100.0,,,,,,,0.0,12.6,100.0,0.0
2026-02-08,0.0,6.8,85.7,,,,,,,48.0,45.1,61.9,0.0,11.4,100.0,0.0
2026-02-09,,,,,,,98.5,94.1,79.6,35.5,35.5,100.0,0.0,12.7,100.0,0.0
2026-02-10,7.4,22.2,83.8,,,,,,,,,,0.0,11.0,100.0,0.0
2026-02-11,,,,,,,,,,,,,0.0,10.5,100.0,0.0
2026-02-12,,,,,,,,,,,,,0.0,8.8,100.0,0.0
2026-02-13,,,,,,,,,,,,,0.0,9.0,100.0,0.0
2026-02-14,0.2,12.0,84.8,,,,,,,,,,0.0,8.2,100.0,0.0
2026-02-15,,,,,,,,,,,,,0.0,8.9,100.0,0.0
2026-02-16,34.3,34.0,85.6,,,,,,,,,,0.0,8.4,100.0,0.0
2026-02-17,,,,,,,,,,,,,0.0,8.7,100.0,0.0
2026-02-18,,,,,,,,,,,,,0.0,8.4,100.0,0.0
2026-02-19,,,,,,,,,,,,,0.0,8.4,100.0,0.0
2026-02-20,4.6,19.1,83.8,,,,,,,,,,0.0,7.8,100.0,0.0
2026-02-21,,,,,,,,,,46.1,44.8,75.0,0.0,10.6,100.0,0.0
2026-02-22,37.7,35.8,87.4,99.2,88.5,100.0,,,,,,,0.3,12.3,100.0,0.3
2026-02-23,,,,,,,,,,,,,0.3,12.6,100.0,0.3
2026-02-24,,,,,,,81.0,81.0,99.0,,,,0.3,11.8,100.0,0.3
2026-02-25,,,,,,,81.8,81.3,99.8,,,,0.4,15.2,100.0,0.4
2026-02-26,14.8,23.0,87.1,,,,,,,,,,0.4,12.7,100.0,0.4
2026-02-27,,,,89.8,76.3,100.0,,,,,,,0.4,14.6,100.0,0.4
2026-02-28,51.1,47.3,89.9,,,,,,,,,,0.4,11.6,100.0,0.4
2026-03-01,,,,,,,,,,47.4,45.5,98.9,0.4,12.2,100.0,0.4
2026-03-02,,,,,,,,,,,,,0.4,10.5,100.0,0.4
2026-03-03,,,,,,,,,,,,,0.4,12.2,100.0,0.4
2026-03-04,34.9,35.0,87.1,52.8,59.9,100.0,72.4,70.0,82.2,,,,0.4,12.2,100.0,0.4
2026-03-05,,,,,,,100.0,96.7,73.6,,,,0.4,13.2,100.0,0.4
2026-03-06,63.6,54.4,86.0,48.2,56.5,100.0,,,,,,,0.4,11.2,100.0,0.4
2026-03-07,,,,,,,,,,,,,0.4,10.8,100.0,0.4
2026-03-08,,,,,,,,,,56.8,51.1,100.0,0.2,9.9,100.0,0.2
2026-03-09,,,,,,,,,,,,,0.2,10.2,100.0,0.2
2026-03-10,33.9,34.1,87.0,,,,,,,,,,0.0,9.3,100.0,0.0
2026-03-11,,,,,,,,,,,,,0.0,8.5,100.0,0.0
2026-03-12,57.3,51.5,92.8,,,,81.6,76.7,95.2,,,,0.0,9.2,100.0,0.0
2026-03-13,,,,,,,79.0,76.5,87.7,,,,0.0,8.6,100.0,0.0
2026-03-14,,,,,,,,,,,,,0.0,7.9,100.0,0.0
2026-03-15,,,,,,,,,,,,,0.0,7.6,100.0,0.0
2026-03-16,31.2,31.9,87.4,,,,,,,,,,0.0,7.9,100.0,0.0
2026-03-17,,,,,,,,,,69.1,60.4,100.0,0.0,7.3,100.0,0.0
2026-03-18,52.3,47.5,89.3,,,,,,,,,,0.0,7.9,100.0,0.0
2026-03-19,,,,43.7,53.0,100.0,,,,,,,0.0,8.2,100.0,0.0
2026-03-20,,,,,,,81.5,68.8,61.1,77.6,68.0,81.6,0.0,8.2,100.0,0.0
2026-03-21,,,,,,,87.1,75.8,65.9,62.0,59.1,36.6,0.0,7.6,100.0,0.0
2026-03-22,22.6,26.4,86.5,,,,,,,,,,0.0,7.9,100.0,0.0
2026-03-23,,,,,,,,,,,,,0.0,7.9,100.0,0.0
2026-03-24,50.6,45.6,86.6,,,,,,,84.0,73.1,100.0,0.0,8.1,100.0,0.0
2026-03-25,,,,,,,,,,,,,0.0,8.3,100.0,0.0
2026-03-26,,,,,,,,,,,,,0.0,8.1,100.0,0.0
2026-03-27,,,,,,,,,,,,,0.0,9.2,100.0,0.0
2026-03-28,21.6,25.5,85.8,,,,100.0,92.2,96.1,,,,0.0,9.9,100.0,0.0
2026-03-29,,,,,,,,,,95.8,81.5,58.6,0.0,10.3,100.0,0.0
2026-03-30,45.2,40.8,84.4,,,,,,,,,,0.0,10.6,100.0,0.0
2026-03-31,,,,,,,,,,,,,0.0,12.3,100.0,0.0
2026-04-01,,,,,,,,,,,,,0.0,10.8,100.0,0.0
2026-04-02,,,,,,,,,,94.2,80.1,100.0,0.0,12.6,100.0,0.0
2026-04-03,13.9,22.2,84.3,49.3,55.9,100.0,,,,,,,0.0,12.8,100.0,0.0
2026-04-04,,,,,,,,,,,,,0.0,12.4,100.0,0.0
2026-04-05,43.0,40.7,85.5,30.6,44.7,100.0,99.8,98.5,42.5,93.3,79.1,100.0,0.0,13.2,100.0,0.0
2026-04-06,,,,,,,77.0,76.8,68.9,87.8,72.1,100.0,0.1,12.9,100.0,0.1
2026-04-07,,,,,,,,,,74.5,62.3,100.0,0.1,12.6,100.0,0.1
2026-04-08,,,,15.0,30.2,100.0,,,,,,,0.1,13.0,100.0,0.1
2026-04-09,11.9,23.3,86.9,,,,,,,,,,0.0,12.4,100.0,0.0
2026-04-10,,,,,,,,,,,,,0.0,10.1,100.0,0.0
2026-04-11,42.5,39.5,84.6,,,,,,,,,,0.0,10.8,100.0,0.0
2026-04-12,,,,,,,,,,,,,0.0,9.6,100.0,0.0
2026-04-13,,,,,,,,,,,,,0.0,8.9,100.0,0.0
2026-04-14,,,,,,,,,,55.7,51.4,100.0,0.0,8.1,100.0,0.0
2026-04-15,22.8,31.1,87.8,5.8,18.7,100.0,,,,,,,0.0,9.8,100.0,0.0
2026-04-16,,,,,,,,,,,,,0.0,9.8,100.0,0.0
2026-04-17,43.1,39.6,85.2,,,,,,,48.8,47.1,100.0,0.0,10.4,100.0,0.0
2026-04-18,28.6,32.6,84.5,3.7,15.5,100.0,,,,32.6,34.8,100.0,0.0,11.3,100.0,0.0
2026-04-19,,,,,,,,,,,,,0.0,12.0,100.0,0.0
2026-04-20,,,,,,,,,,,,,0.0,12.7,100.0,0.0
2026-04-21,31.2,33.8,87.3,,,,,,,,,,0.1,12.1,100.0,0.1
2026-04-22,17.5,27.4,86.9,,,,73.3,57.1,44.0,,,,0.3,12.6,100.0,0.3
2026-04-23,14.1,25.2,83.4,7.5,16.1,100.0,,,,,,,0.2,12.9,100.0,0.2
2026-04-24,,,,,,,,,,,,,0.3,13.3,100.0,0.3
2026-04-25,,,,11.9,17.8,100.0,,,,20.5,25.4,100.0,0.3,12.2,100.0,0.3
2026-04-26,,,,,,,,,,13.5,21.5,100.0,0.3,11.9,100.0,0.3
2026-04-27,6.4,21.2,85.0,,,,,,,10.0,20.7,100.0,0.3,12.1,100.0,0.3
2026-04-28,,,,,,,,,,,,,0.2,11.6,100.0,0.2
2026-04-29,15.8,26.1,80.5,,,,,,,,,,0.2,10.9,100.0,0.2
2026-04-30,7.8,21.7,84.4,,,,,,,2.5,15.7,100.0,0.1,9.3,100.0,0.1
2026-05-01,,,,,,,,,,,,,0.1,8.7,100.0,0.1
2026-05-02,,,,,,,,,,,,,0.0,7.4,100.0,0.0
2026-05-03,3.2,14.8,86.5,3.5,9.4,33.4,,,,,,,0.0,6.9,100.0,0.0
2026-05-04,0.6,8.9,87.2,,,,,,,,,,0.0,5.9,100.0,0.0
2026-05-05,0.9,9.8,83.2,,,,,,,,,,0.0,5.6,100.0,0.0
2026-05-06,,,,,,,,,,,,,0.0,4.8,100.0,0.0
2026-05-07,,,,,,,,,,0.0,8.3,87.2,0.0,4.3,100.0,0.0
2026-05-08,,,,,,,,,,,,,0.0,4.3,100.0,0.0
2026-05-09,0.8,9.1,86.4,,,,,,,,,,0.0,4.4,100.0,0.0
2026-05-10,,,,,,,,,,,,,0.0,3.9,100.0,0.0
2026-05-11,0.2,7.1,82.1,,,,,,,,,,0.0,3.9,100.0,0.0
2026-05-12,0.3,6.6,81.4,,,,,,,,,,0.0,4.6,100.0,0.0
2026-05-13,,,,0.7,9.2,62.8,,,,,,,0.0,5.5,100.0,0.0
2026-05-14,,,,,,,,,,,,,0.0,5.3,100.0,0.0
2026-05-15,0.4,7.3,92.2,,,,,,,,,,0.0,4.9,100.0,0.0
2026-05-16,0.3,6.8,93.3,,,,,,,,,,0.0,7.6,100.0,0.0
2026-05-17,0.1,6.0,89.8,,,,,,,,,,0.0,8.5,100.0,0.0
2026-05-18,,,,,,,,,,,,,0.0,8.8,100.0,0.0
2026-05-19,,,,,,,,,,,,,0.0,7.7,100.0,0.0
2026-05-20,,,,,,,,,,,,,0.0,10.9,100.0,0.0
2026-05-21,0.0,6.2,90.1,,,,,,,,,,0.0,10.8,100.0,0.0
2026-05-22,,,,,,,,,,0.0,2.1,100.0,0.0,9.9,100.0,0.0
2026-05-23,0.0,6.9,87.5,0.0,0.8,100.0,,,,0.0,0.9,100.0,0.0,8.3,100.0,0.0
2026-05-24,0.0,6.9,86.6,,,,,,,,,,0.0,11.4,100.0,0.0
2026-05-25,,,,0.0,0.6,79.3,,,,,,,0.0,10.7,100.0,0.0
2026-05-26,,,,,,,,,,0.0,0.3,100.0,0.0,9.5,100.0,0.0
2026-05-27,0.0,6.3,89.1,,,,,,,0.0,0.2,100.0,0.0,8.8,100.0,0.0
2026-05-28,0.0,6.9,89.0,0.0,0.2,100.0,,,,,,,0.0,15.5,100.0,0.0
2026-05-29,0.0,6.0,87.4,,,,,,,,,,0.0,14.8,100.0,0.0
2026-05-30,,,,,,,,,,,,,0.0,14.1,100.0,0.0
2026-05-31,,,,,,,,,,,,,0.0,17.5,100.0,0.0
2026-06-01,,,,,,,,,,,,,,,,
2026-06-02,0.0,4.6,90.6,,,,,,,,,,,,,
2026-06-03,,,,,,,,,,,,,,,,
2026-06-04,0.0,3.3,85.0,,,,,,,,,,,,,
2026-06-05,,,,,,,,,,,,,,,,
2026-06-06,,,,,,,,,,,,,,,,
2026-06-07,,,,0.0,0.1,100.0,,,,0.0,0.1,100.0,,,,
2026-06-08,0.0,3.1,88.3,,,,,,,0.0,0.1,100.0,,,,
2026-06-09,0.0,2.9,87.4,,,,,,,,,,,,,
2026-06-10,0.0,2.9,86.5,,,,,,,,,,,,,
2026-06-11,,,,,,,,,,0.0,0.1,100.0,,,,
2026-06-12,,,,0.0,0.1,100.0,,,,0.0,0.1,100.0,,,,
2026-06-13,,,,,,,,,,,,,,,,
2026-06-14,0.0,2.3,88.6,0.0,0.1,100.0,,,,,,,,,,
2026-06-15,,,,,,,,,,0.0,0.0,100.0,,,,
2026-06-16,,,,,,,,,,0.0,0.0,100.0,,,,
2026-06-17,0.0,3.3,82.7,0.0,0.1,97.7,,,,,,,,,,
2026-06-18,,,,,,,,,,,,,,,,
2026-06-19,,,,,,,,,,0.0,0.0,100.0,,,,
2026-06-20,,,,,,,,,,0.0,0.0,100.0,,,,
2026-06-21,0.0,4.9,88.8,,,,,,,,,,,,,
2026-06-22,0.0,7.3,85.6,0.0,0.1,100.0,,,,,,,,,,
2026-06-23,,,,,,,,,,,,,,,,
2026-06-24,,,,0.0,0.1,100.0,0.0,0.0,76.4,,,,,,,
2026-06-25,,,,,,,0.0,0.0,65.0,,,,,,,
2026-06-26,0.0,11.1,90.9,,,,,,,,,,,,,
2026-06-27,0.0,14.9,90.8,0.0,0.5,84.3,,,,0.0,0.0,100.0,,,,
2026-06-28,,,,,,,,,,0.0,0.0,72.4,,,,
2026-06-29,,,,,,,,,,,,,,,,
2026-06-30,,,,,,,,,,,,,,,,
2026-07-01,,,,,,,,,,,,,,,,
2026-07-02,,,,,,,,,,,,,,,,
2026-07-03,,,,,,,,,,,,,,,,
2026-07-04,,,,,,,,,,,,,,,,
2026-07-05,,,,,,,,,,0.0,0.2,100.0,,,,
2026-07-06,,,,,,,,,,,,,,,,
2026-07-07,,,,,,,,,,,,,,,,
2026-07-08,,,,,,,,,,,,,,,,
2026-07-09,,,,,,,,,,0.0,3.5,100.0,,,,
