date,s1_ice_cover,s1_ice_probability,s1_data_coverage,s2_ice_cover,s2_ice_probability,s2_data_coverage,landsat_ice_cover,landsat_ice_probability,landsat_data_coverage,ecostress_ice_cover,ecostress_ice_probability,ecostress_data_coverage,stage2_ice_cover,stage2_ice_probability,stage2_data_coverage,stage2_phenology_cover
2015-07-02,100.0,76.9,99.7,,,,,,,,,,0.0,3.0,100.0,0.0
2015-07-03,,,,,,,,,,,,,0.0,1.6,100.0,0.0
2015-07-04,,,,,,,0.0,0.0,100.0,,,,0.0,0.9,100.0,0.0
2015-07-05,,,,,,,,,,,,,0.0,0.7,100.0,0.0
2015-07-06,99.7,69.6,100.0,,,,,,,,,,0.0,0.4,100.0,0.0
2015-07-07,100.0,85.5,44.9,,,,,,,,,,0.0,0.3,100.0,0.0
2015-07-08,,,,,,,,,,,,,0.0,0.2,100.0,0.0
2015-07-09,,,,,,,,,,,,,0.0,0.2,100.0,0.0
2015-07-10,,,,,,,,,,,,,0.0,0.1,100.0,0.0
2015-07-11,,,,,,,,,,,,,0.0,0.1,100.0,0.0
2015-07-12,,,,,,,,,,,,,0.0,0.1,100.0,0.0
2015-07-13,,,,,,,0.0,0.0,100.0,,,,0.0,0.1,100.0,0.0
2015-07-14,100.0,76.8,99.7,,,,,,,,,,0.0,0.1,100.0,0.0
2015-07-15,,,,,,,,,,,,,0.0,0.1,100.0,0.0
2015-07-16,,,,,,,,,,,,,0.0,0.1,100.0,0.0
2015-07-17,,,,,,,,,,,,,0.0,0.1,100.0,0.0
2015-07-18,95.9,70.2,99.7,,,,,,,,,,0.0,0.1,100.0,0.0
2015-07-19,,,,,,,,,,,,,0.0,0.2,100.0,0.0
2015-07-20,,,,,,,,,,,,,0.0,0.3,100.0,0.0
2015-07-21,,,,,,,,,,,,,0.0,0.7,100.0,0.0
2015-07-22,,,,,,,,,,,,,0.0,0.8,100.0,0.0
2015-07-23,,,,,,,,,,,,,0.0,1.2,100.0,0.0
2015-07-24,,,,,,,,,,,,,0.0,1.2,100.0,0.0
2015-07-25,,,,,,,,,,,,,0.0,1.8,100.0,0.0
2015-07-26,89.4,64.9,100.0,,,,,,,,,,0.0,1.5,100.0,0.0
2015-07-27,,,,,,,,,,,,,0.0,1.4,100.0,0.0
2015-07-28,,,,,,,,,,,,,0.0,1.0,100.0,0.0
2015-07-29,,,,,,,,,,,,,0.0,0.9,100.0,0.0
2015-07-30,83.6,61.2,100.0,0.0,3.1,84.9,,,,,,,0.0,0.4,100.0,0.0
2015-07-31,,,,,,,,,,,,,0.0,0.2,100.0,0.0
2015-08-01,,,,,,,,,,,,,0.0,0.1,100.0,0.0
2015-08-02,,,,,,,,,,,,,0.0,0.1,100.0,0.0
2015-08-03,,,,,,,,,,,,,0.0,0.1,100.0,0.0
2015-08-04,,,,,,,,,,,,,0.0,0.0,100.0,0.0
2015-08-05,,,,,,,0.0,0.0,100.0,,,,0.0,0.0,100.0,0.0
2015-08-06,,,,,,,,,,,,,0.0,0.0,100.0,0.0
2015-08-07,78.0,57.0,99.7,,,,,,,,,,0.0,0.0,100.0,0.0
2015-08-08,,,,,,,,,,,,,0.0,0.0,100.0,0.0
2015-08-09,,,,,,,,,,,,,0.0,0.0,100.0,0.0
2015-08-10,,,,,,,,,,,,,0.0,0.0,100.0,0.0
2015-08-11,64.7,48.7,100.0,,,,,,,,,,0.0,0.0,100.0,0.0
2015-08-12,,,,,,,,,,,,,0.0,0.0,100.0,0.0
2015-08-13,,,,,,,,,,,,,0.0,0.1,100.0,0.0
2015-08-14,,,,,,,,,,,,,0.0,0.1,100.0,0.0
2015-08-15,,,,,,,,,,,,,0.0,0.1,100.0,0.0
2015-08-16,,,,,,,,,,,,,0.0,0.1,100.0,0.0
2015-08-17,,,,,,,,,,,,,0.0,0.1,100.0,0.0
2015-08-18,,,,,,,,,,,,,0.0,0.1,100.0,0.0
2015-08-19,,,,,,,,,,,,,0.0,0.1,100.0,0.0
2015-08-20,,,,,,,,,,,,,0.0,0.1,100.0,0.0
2015-08-21,,,,,,,0.0,0.0,100.0,,,,0.0,0.1,100.0,0.0
2015-08-22,,,,,,,,,,,,,0.0,0.1,100.0,0.0
2015-08-23,53.4,43.4,100.0,,,,,,,,,,0.0,0.1,100.0,0.0
2015-08-24,,,,,,,,,,,,,0.0,0.1,100.0,0.0
2015-08-25,,,,,,,,,,,,,0.0,0.1,100.0,0.0
2015-08-26,,,,,,,,,,,,,0.0,0.1,100.0,0.0
2015-08-27,,,,,,,,,,,,,0.0,0.1,100.0,0.0
2015-08-28,,,,,,,,,,,,,0.0,0.0,100.0,0.0
2015-08-29,,,,0.0,0.5,100.0,,,,,,,0.0,0.1,100.0,0.0
2015-08-30,,,,,,,0.0,0.0,100.0,,,,0.0,0.0,100.0,0.0
2015-08-31,42.8,40.5,100.0,,,,,,,,,,0.0,0.0,100.0,0.0
2015-09-01,,,,,,,,,,,,,0.0,0.0,100.0,0.0
2015-09-02,,,,,,,,,,,,,0.0,0.0,100.0,0.0
2015-09-03,,,,,,,,,,,,,0.0,0.1,100.0,0.0
2015-09-04,45.2,40.4,100.0,,,,,,,,,,0.0,0.1,100.0,0.0
2015-09-05,,,,,,,,,,,,,0.0,0.1,100.0,0.0
2015-09-06,,,,,,,,,,,,,0.0,0.1,100.0,0.0
2015-09-07,,,,,,,,,,,,,0.0,0.3,100.0,0.0
2015-09-08,,,,,,,,,,,,,0.0,0.3,100.0,0.0
2015-09-09,,,,,,,,,,,,,0.0,0.3,100.0,0.0
2015-09-10,,,,,,,,,,,,,0.0,0.3,100.0,0.0
2015-09-11,,,,,,,,,,,,,0.0,0.5,100.0,0.0
2015-09-12,65.8,49.1,100.0,,,,,,,,,,0.0,0.5,100.0,0.0
2015-09-13,,,,,,,,,,,,,0.0,0.5,100.0,0.0
2015-09-14,,,,,,,,,,,,,0.0,0.6,100.0,0.0
2015-09-15,,,,,,,,,,,,,0.0,1.1,100.0,0.0
2015-09-16,57.5,47.0,100.0,,,,,,,,,,0.0,1.3,100.0,0.0
2015-09-17,,,,,,,,,,,,,0.0,0.9,100.0,0.0
2015-09-18,,,,,,,,,,,,,0.0,1.0,100.0,0.0
2015-09-19,,,,,,,,,,,,,0.0,1.2,100.0,0.0
2015-09-20,,,,,,,,,,,,,0.0,1.3,100.0,0.0
2015-09-21,,,,,,,,,,,,,0.0,1.3,100.0,0.0
2015-09-22,,,,,,,,,,,,,0.0,1.3,100.0,0.0
2015-09-23,,,,,,,,,,,,,0.0,1.4,100.0,0.0
2015-09-24,66.4,52.0,100.0,,,,,,,,,,0.0,1.3,100.0,0.0
2015-09-25,,,,,,,,,,,,,0.0,1.0,100.0,0.0
2015-09-26,,,,,,,,,,,,,0.0,1.0,100.0,0.0
2015-09-27,,,,,,,,,,,,,0.0,0.8,100.0,0.0
2015-09-28,55.7,46.5,86.6,0.0,0.2,100.0,,,,,,,0.0,0.6,100.0,0.0
2015-09-29,,,,,,,,,,,,,0.0,0.5,100.0,0.0
2015-09-30,,,,,,,,,,,,,0.0,0.4,100.0,0.0
2015-10-01,,,,,,,0.0,0.0,100.0,,,,0.0,0.3,100.0,0.0
2015-10-02,,,,,,,,,,,,,0.0,0.3,100.0,0.0
2015-10-03,,,,,,,,,,,,,0.0,0.2,100.0,0.0
2015-10-04,,,,,,,,,,,,,0.0,0.2,100.0,0.0
2015-10-05,,,,,,,,,,,,,0.0,0.2,100.0,0.0
2015-10-06,62.8,48.5,86.6,,,,,,,,,,0.0,0.2,100.0,0.0
2015-10-07,,,,,,,,,,,,,0.0,0.3,100.0,0.0
2015-10-08,,,,,,,0.0,0.1,88.4,,,,0.0,0.2,100.0,0.0
2015-10-09,,,,,,,,,,,,,0.0,0.2,100.0,0.0
2015-10-10,63.6,49.7,86.6,,,,,,,,,,0.0,0.3,100.0,0.0
2015-10-11,,,,,,,,,,,,,0.0,0.3,100.0,0.0
2015-10-12,,,,,,,,,,,,,0.0,0.3,100.0,0.0
2015-10-13,,,,,,,,,,,,,0.0,0.3,100.0,0.0
2015-10-14,,,,,,,,,,,,,0.0,0.4,100.0,0.0
2015-10-15,,,,,,,,,,,,,0.0,0.4,100.0,0.0
2015-10-16,,,,,,,,,,,,,0.0,0.4,100.0,0.0
2015-10-17,,,,,,,0.0,0.1,100.0,,,,0.0,0.5,100.0,0.0
2015-10-18,56.1,46.1,86.6,,,,,,,,,,0.0,0.5,100.0,0.0
2015-10-19,,,,,,,,,,,,,0.0,0.4,100.0,0.0
2015-10-20,,,,,,,,,,,,,0.0,0.4,100.0,0.0
2015-10-21,,,,,,,,,,,,,0.0,0.6,100.0,0.0
2015-10-22,,,,,,,,,,,,,0.0,0.5,100.0,0.0
2015-10-23,,,,,,,,,,,,,0.0,0.5,100.0,0.0
2015-10-24,,,,,,,,,,,,,0.0,0.5,100.0,0.0
2015-10-25,,,,,,,,,,,,,0.0,0.6,100.0,0.0
2015-10-26,,,,,,,,,,,,,0.0,0.6,100.0,0.0
2015-10-27,,,,,,,,,,,,,0.0,0.5,100.0,0.0
2015-10-28,,,,,,,,,,,,,0.0,0.6,100.0,0.0
2015-10-29,,,,,,,,,,,,,0.0,0.7,100.0,0.0
2015-10-30,37.9,39.9,86.6,,,,,,,,,,0.0,0.6,100.0,0.0
2015-10-31,,,,,,,,,,,,,0.0,0.6,100.0,0.0
2015-11-01,,,,,,,,,,,,,0.0,0.7,100.0,0.0
2015-11-02,,,,,,,0.0,0.1,100.0,,,,0.0,0.7,100.0,0.0
2015-11-03,4.3,23.3,86.6,,,,,,,,,,0.0,0.7,100.0,0.0
2015-11-04,,,,,,,,,,,,,0.0,0.8,100.0,0.0
2015-11-05,,,,,,,,,,,,,0.0,1.1,100.0,0.0
2015-11-06,,,,,,,,,,,,,0.0,1.3,100.0,0.0
2015-11-07,,,,,,,,,,,,,0.0,1.8,100.0,0.0
2015-11-08,,,,,,,,,,,,,0.0,2.4,100.0,0.0
2015-11-09,,,,,,,0.0,0.3,100.0,,,,0.0,3.0,100.0,0.0
2015-11-10,,,,,,,,,,,,,0.0,3.4,100.0,0.0
2015-11-11,28.1,34.4,86.6,,,,,,,,,,0.0,4.5,100.0,0.0
2015-11-12,,,,,,,,,,,,,0.0,5.9,100.0,0.0
2015-11-13,,,,,,,,,,,,,0.0,9.4,100.0,0.0
2015-11-14,,,,,,,,,,,,,0.0,11.2,100.0,0.0
2015-11-15,14.6,24.8,86.6,,,,,,,,,,0.0,15.8,100.0,0.0
2015-11-16,20.6,30.6,86.6,,,,,,,,,,0.0,20.6,100.0,0.0
2015-11-17,,,,0.0,1.3,100.0,,,,,,,0.0,26.8,100.0,0.0
2015-11-18,,,,,,,,,,,,,0.0,22.2,100.0,0.0
2015-11-19,,,,,,,,,,,,,0.0,24.4,100.0,0.0
2015-11-20,,,,,,,,,,,,,0.0,23.3,100.0,0.0
2015-11-21,,,,,,,,,,,,,0.0,27.1,100.0,0.0
2015-11-22,,,,,,,,,,,,,0.0,24.3,100.0,0.0
2015-11-23,37.9,39.5,86.6,,,,,,,,,,0.0,30.5,100.0,0.0
2015-11-24,,,,,,,,,,,,,0.0,32.4,100.0,0.0
2015-11-25,,,,,,,,,,,,,13.4,49.8,100.0,13.4
2015-11-26,,,,,,,,,,,,,13.0,49.7,100.0,13.0
2015-11-27,82.6,57.2,86.6,39.3,47.0,99.7,,,,,,,55.8,60.2,100.0,55.8
2015-11-28,97.2,68.1,86.6,,,,,,,,,,52.1,60.1,100.0,52.1
2015-11-29,,,,,,,,,,,,,93.2,66.1,100.0,93.2
2015-11-30,,,,,,,,,,,,,95.2,66.6,100.0,95.2
2015-12-01,,,,,,,,,,,,,97.6,70.9,100.0,97.6
2015-12-02,,,,,,,,,,,,,98.6,71.2,100.0,98.6
2015-12-03,,,,,,,,,,,,,100.0,75.9,100.0,100.0
2015-12-04,,,,,,,,,,,,,99.7,76.9,100.0,99.7
2015-12-05,100.0,77.1,86.6,,,,,,,,,,98.3,80.2,100.0,98.3
2015-12-06,,,,,,,,,,,,,100.0,82.0,100.0,100.0
2015-12-07,,,,100.0,90.4,100.0,,,,,,,99.7,84.3,100.0,99.7
2015-12-08,,,,,,,,,,,,,99.3,83.5,100.0,99.3
2015-12-09,100.0,88.7,86.6,,,,,,,,,,96.9,82.5,100.0,96.9
2015-12-10,100.0,92.5,86.6,,,,,,,,,,98.3,83.7,100.0,98.3
2015-12-11,,,,,,,,,,,,,96.9,79.7,100.0,96.9
2015-12-12,,,,,,,,,,,,,98.3,81.5,100.0,98.3
2015-12-13,,,,,,,,,,,,,96.6,80.0,100.0,96.6
2015-12-14,,,,,,,,,,,,,99.0,82.3,100.0,99.0
2015-12-15,,,,,,,,,,,,,97.6,81.5,100.0,97.6
2015-12-16,,,,,,,,,,,,,99.3,84.1,100.0,99.3
2015-12-17,100.0,93.9,86.6,100.0,86.5,93.8,,,,,,,98.3,84.8,100.0,98.3
2015-12-18,,,,,,,,,,,,,99.7,84.8,100.0,99.7
2015-12-19,,,,,,,,,,,,,97.9,82.8,100.0,97.9
2015-12-20,,,,,,,17.1,35.4,100.0,,,,100.0,85.7,100.0,100.0
2015-12-21,100.0,95.2,86.6,,,,,,,,,,99.7,85.7,100.0,99.7
2015-12-22,100.0,94.7,86.6,,,,,,,,,,100.0,86.5,100.0,100.0
2015-12-23,,,,,,,,,,,,,99.7,84.1,100.0,99.7
2015-12-24,,,,,,,,,,,,,100.0,84.8,100.0,100.0
2015-12-25,,,,,,,,,,,,,99.7,82.5,100.0,99.7
2015-12-26,,,,,,,,,,,,,100.0,84.1,100.0,100.0
2015-12-27,,,,99.6,88.8,96.2,,,,,,,99.7,82.4,100.0,99.7
2015-12-28,,,,,,,,,,,,,100.0,83.4,100.0,100.0
2015-12-29,100.0,95.3,86.6,,,,,,,,,,97.9,81.2,100.0,97.9
2015-12-30,,,,,,,,,,,,,99.7,82.9,100.0,99.7
2015-12-31,,,,,,,,,,,,,97.6,80.0,100.0,97.6
2016-01-01,,,,,,,,,,,,,100.0,85.5,100.0,100.0
2016-01-02,,,,,,,,,,,,,100.0,83.0,100.0,100.0
2016-01-03,100.0,94.6,100.0,,,,,,,,,,100.0,85.7,100.0,100.0
2016-01-04,,,,,,,,,,,,,100.0,81.6,100.0,100.0
2016-01-05,,,,,,,,,,,,,100.0,83.8,100.0,100.0
2016-01-06,,,,,,,,,,,,,100.0,82.5,100.0,100.0
2016-01-07,,,,,,,,,,,,,100.0,87.4,100.0,100.0
2016-01-08,,,,,,,,,,,,,100.0,87.2,100.0,100.0
2016-01-09,,,,,,,,,,,,,100.0,89.8,100.0,100.0
2016-01-10,100.0,95.8,100.0,,,,,,,,,,100.0,91.6,100.0,100.0
2016-01-11,,,,,,,,,,,,,100.0,91.9,100.0,100.0
2016-01-12,,,,,,,,,,,,,100.0,93.6,100.0,100.0
2016-01-13,,,,,,,,,,,,,100.0,94.9,100.0,100.0
2016-01-14,100.0,96.4,100.0,,,,,,,,,,100.0,95.8,100.0,100.0
2016-01-15,100.0,98.2,100.0,,,,,,,,,,100.0,96.7,100.0,100.0
2016-01-16,,,,,,,,,,,,,100.0,96.6,100.0,100.0
2016-01-17,,,,,,,,,,,,,100.0,97.5,100.0,100.0
2016-01-18,,,,,,,,,,,,,100.0,98.1,100.0,100.0
2016-01-19,,,,,,,,,,,,,100.0,98.4,100.0,100.0
2016-01-20,,,,,,,,,,,,,100.0,98.7,100.0,100.0
2016-01-21,,,,,,,100.0,99.7,100.0,,,,100.0,99.2,100.0,100.0
2016-01-22,100.0,98.9,100.0,,,,,,,,,,100.0,99.3,100.0,100.0
2016-01-23,,,,,,,,,,,,,100.0,99.3,100.0,100.0
2016-01-24,,,,,,,,,,,,,100.0,99.3,100.0,100.0
2016-01-25,,,,,,,,,,,,,100.0,99.3,100.0,100.0
2016-01-26,100.0,98.8,100.0,100.0,99.9,100.0,,,,,,,100.0,99.5,100.0,100.0
2016-01-27,100.0,98.9,100.0,,,,,,,,,,100.0,99.3,100.0,100.0
2016-01-28,,,,,,,,,,,,,100.0,99.1,100.0,100.0
2016-01-29,,,,,,,,,,,,,100.0,98.9,100.0,100.0
2016-01-30,,,,,,,,,,,,,100.0,98.7,100.0,100.0
2016-01-31,,,,,,,,,,,,,100.0,98.7,100.0,100.0
2016-02-01,,,,,,,,,,,,,100.0,98.5,100.0,100.0
2016-02-02,,,,,,,,,,,,,100.0,98.7,100.0,100.0
2016-02-03,100.0,99.2,100.0,,,,,,,,,,100.0,99.0,100.0,100.0
2016-02-04,,,,,,,,,,,,,100.0,99.0,100.0,100.0
2016-02-05,,,,100.0,99.6,94.5,,,,,,,100.0,99.0,100.0,100.0
2016-02-06,,,,,,,100.0,100.0,100.0,,,,100.0,99.1,100.0,100.0
2016-02-07,100.0,99.6,100.0,,,,,,,,,,100.0,99.1,100.0,100.0
2016-02-08,100.0,99.6,100.0,,,,,,,,,,100.0,99.1,100.0,100.0
2016-02-09,,,,,,,,,,,,,100.0,98.7,100.0,100.0
2016-02-10,,,,,,,,,,,,,100.0,98.3,100.0,100.0
2016-02-11,,,,,,,,,,,,,100.0,98.1,100.0,100.0
2016-02-12,,,,,,,,,,,,,100.0,98.0,100.0,100.0
2016-02-13,,,,,,,,,,,,,100.0,97.5,100.0,100.0
2016-02-14,,,,,,,,,,,,,100.0,97.0,100.0,100.0
2016-02-15,100.0,99.8,100.0,,,,,,,,,,100.0,97.5,100.0,100.0
2016-02-16,,,,,,,,,,,,,100.0,96.9,100.0,100.0
2016-02-17,,,,,,,,,,,,,100.0,96.7,100.0,100.0
2016-02-18,,,,,,,,,,,,,100.0,96.4,100.0,100.0
2016-02-19,100.0,99.9,100.0,,,,,,,,,,100.0,97.0,100.0,100.0
2016-02-20,100.0,99.9,100.0,,,,,,,,,,100.0,96.6,100.0,100.0
2016-02-21,,,,,,,,,,,,,100.0,94.2,100.0,100.0
2016-02-22,,,,,,,,,,,,,100.0,91.1,100.0,100.0
2016-02-23,,,,,,,,,,,,,100.0,90.5,100.0,100.0
2016-02-24,,,,,,,,,,,,,100.0,91.9,100.0,100.0
2016-02-25,,,,,,,,,,,,,100.0,89.9,100.0,100.0
2016-02-26,,,,,,,,,,,,,100.0,90.9,100.0,100.0
2016-02-27,100.0,99.9,100.0,,,,,,,,,,100.0,91.4,100.0,100.0
2016-02-28,,,,,,,,,,,,,100.0,90.6,100.0,100.0
2016-02-29,,,,,,,,,,,,,100.0,89.3,100.0,100.0
2016-03-01,,,,,,,,,,,,,100.0,90.3,100.0,100.0
2016-03-02,100.0,99.9,100.0,,,,,,,,,,100.0,90.8,100.0,100.0
2016-03-03,100.0,99.8,100.0,,,,,,,,,,100.0,92.9,100.0,100.0
2016-03-04,,,,,,,,,,,,,100.0,90.4,100.0,100.0
2016-03-05,,,,,,,,,,,,,100.0,93.5,100.0,100.0
2016-03-06,,,,,,,,,,,,,100.0,94.6,100.0,100.0
2016-03-07,,,,,,,,,,,,,100.0,96.5,100.0,100.0
2016-03-08,,,,,,,,,,,,,100.0,96.8,100.0,100.0
2016-03-09,,,,,,,100.0,100.0,100.0,,,,100.0,98.2,100.0,100.0
2016-03-10,100.0,99.8,100.0,,,,,,,,,,100.0,98.4,100.0,100.0
2016-03-11,,,,,,,,,,,,,100.0,98.5,100.0,100.0
2016-03-12,,,,,,,,,,,,,100.0,98.8,100.0,100.0
2016-03-13,,,,,,,,,,,,,100.0,98.8,100.0,100.0
2016-03-14,100.0,99.5,100.0,,,,,,,,,,100.0,98.9,100.0,100.0
2016-03-15,100.0,99.7,98.0,,,,,,,,,,100.0,98.8,100.0,100.0
2016-03-16,,,,,,,,,,,,,100.0,98.7,100.0,100.0
2016-03-17,,,,,,,,,,,,,100.0,98.2,100.0,100.0
2016-03-18,,,,,,,,,,,,,100.0,98.0,100.0,100.0
2016-03-19,,,,,,,,,,,,,100.0,97.1,100.0,100.0
2016-03-20,,,,,,,,,,,,,100.0,97.8,100.0,100.0
2016-03-21,,,,,,,,,,,,,100.0,97.7,100.0,100.0
2016-03-22,100.0,99.4,98.0,,,,,,,,,,100.0,98.4,100.0,100.0
2016-03-23,,,,,,,,,,,,,100.0,97.5,100.0,100.0
2016-03-24,,,,,,,,,,,,,100.0,97.9,100.0,100.0
2016-03-25,,,,,,,,,,,,,100.0,96.9,100.0,100.0
2016-03-26,100.0,99.0,98.0,100.0,99.9,100.0,,,,,,,100.0,98.2,100.0,100.0
2016-03-27,100.0,96.7,98.0,,,,,,,,,,100.0,97.2,100.0,100.0
2016-03-28,,,,,,,,,,,,,100.0,97.2,100.0,100.0
2016-03-29,,,,,,,,,,,,,100.0,97.2,100.0,100.0
2016-03-30,,,,,,,,,,,,,100.0,97.6,100.0,100.0
2016-03-31,,,,,,,,,,,,,100.0,97.3,100.0,100.0
2016-04-01,,,,,,,,,,,,,100.0,97.3,100.0,100.0
2016-04-02,,,,,,,,,,,,,100.0,97.4,100.0,100.0
2016-04-03,100.0,93.8,98.0,,,,,,,,,,100.0,97.0,100.0,100.0
2016-04-04,,,,,,,,,,,,,100.0,95.9,100.0,100.0
2016-04-05,,,,,,,,,,,,,100.0,94.8,100.0,100.0
2016-04-06,,,,,,,,,,,,,100.0,94.4,100.0,100.0
2016-04-07,100.0,78.5,98.0,,,,,,,,,,100.0,93.4,100.0,100.0
2016-04-08,83.4,55.3,97.6,,,,,,,,,,100.0,92.3,100.0,100.0
2016-04-09,,,,,,,,,,,,,99.6,89.0,100.0,99.6
2016-04-10,,,,,,,,,,,,,100.0,87.1,100.0,100.0
2016-04-11,,,,,,,,,,,,,98.8,76.0,100.0,98.8
2016-04-12,,,,,,,,,,,,,98.0,70.9,100.0,98.0
2016-04-13,,,,,,,,,,,,,64.8,61.2,100.0,64.8
2016-04-14,,,,,,,,,,,,,24.9,54.9,100.0,24.9
2016-04-15,14.1,29.6,98.0,,,,,,,,,,3.2,44.7,100.0,3.2
2016-04-16,,,,,,,,,,,,,2.0,38.3,100.0,2.0
2016-04-17,,,,,,,,,,,,,2.4,35.3,100.0,2.4
2016-04-18,,,,,,,,,,,,,2.0,30.4,100.0,2.0
2016-04-19,5.2,19.4,98.0,,,,,,,,,,2.4,27.7,100.0,2.4
2016-04-20,1.6,9.8,98.0,,,,,,,,,,2.0,24.6,100.0,2.0
2016-04-21,,,,,,,,,,,,,1.2,23.9,100.0,1.2
2016-04-22,,,,,,,,,,,,,0.4,20.0,100.0,0.4
2016-04-23,,,,,,,,,,,,,0.4,21.3,100.0,0.4
2016-04-24,,,,,,,,,,,,,0.4,21.4,100.0,0.4
2016-04-25,,,,,,,,,,,,,0.8,23.2,100.0,0.8
2016-04-26,,,,,,,,,,,,,0.4,20.4,100.0,0.4
2016-04-27,4.0,10.1,98.0,,,,,,,,,,0.8,22.0,100.0,0.8
2016-04-28,,,,,,,,,,,,,1.6,22.1,100.0,1.6
2016-04-29,,,,,,,,,,,,,0.8,20.0,100.0,0.8
2016-04-30,,,,,,,,,,,,,0.0,15.1,100.0,0.0
2016-05-01,1.6,7.0,98.0,,,,,,,,,,0.0,13.0,100.0,0.0
2016-05-02,0.8,4.7,98.0,,,,,,,,,,0.0,11.6,100.0,0.0
2016-05-03,,,,,,,,,,,,,0.0,10.5,100.0,0.0
2016-05-04,,,,,,,,,,,,,0.0,8.6,100.0,0.0
2016-05-05,,,,0.0,11.2,100.0,,,,,,,0.0,8.1,100.0,0.0
2016-05-06,,,,,,,,,,,,,0.0,7.0,100.0,0.0
2016-05-07,,,,,,,,,,,,,0.0,6.8,100.0,0.0
2016-05-08,,,,,,,,,,,,,0.0,5.5,100.0,0.0
2016-05-09,0.8,4.6,98.0,,,,,,,,,,0.0,4.7,100.0,0.0
2016-05-10,,,,,,,,,,,,,0.0,4.5,100.0,0.0
2016-05-11,,,,,,,,,,,,,0.0,4.1,100.0,0.0
2016-05-12,,,,,,,,,,,,,0.0,4.3,100.0,0.0
2016-05-13,0.8,4.2,98.0,,,,,,,,,,0.0,4.8,100.0,0.0
2016-05-14,0.8,4.1,98.0,,,,,,,,,,0.0,6.0,100.0,0.0
2016-05-15,,,,,,,,,,,,,0.0,6.9,100.0,0.0
2016-05-16,,,,,,,,,,,,,0.0,8.6,100.0,0.0
2016-05-17,,,,,,,,,,,,,0.0,8.3,100.0,0.0
2016-05-18,,,,,,,,,,,,,0.0,8.6,100.0,0.0
2016-05-19,,,,,,,,,,,,,0.0,6.1,100.0,0.0
2016-05-20,,,,,,,,,,,,,0.0,5.1,100.0,0.0
2016-05-21,0.8,4.4,98.0,,,,,,,,,,0.0,3.2,100.0,0.0
2016-05-22,,,,,,,,,,,,,0.0,3.2,100.0,0.0
2016-05-23,,,,,,,,,,,,,0.0,2.9,100.0,0.0
2016-05-24,,,,,,,,,,,,,0.0,2.9,100.0,0.0
2016-05-25,0.8,4.2,98.0,0.0,0.3,100.0,,,,,,,0.0,2.2,100.0,0.0
2016-05-26,0.8,3.9,98.0,,,,,,,,,,0.0,2.1,100.0,0.0
2016-05-27,,,,,,,,,,,,,0.0,1.9,100.0,0.0
2016-05-28,,,,,,,48.2,55.2,33.6,,,,0.0,1.7,100.0,0.0
2016-05-29,,,,,,,,,,,,,0.0,1.4,100.0,0.0
2016-05-30,,,,,,,,,,,,,0.0,1.7,100.0,0.0
2016-05-31,,,,,,,,,,,,,0.0,1.7,100.0,0.0
2016-06-01,,,,,,,,,,,,,0.0,1.7,100.0,0.0
2016-06-02,0.8,6.6,98.0,,,,,,,,,,0.0,2.1,100.0,0.0
2016-06-03,,,,,,,,,,,,,0.0,2.9,100.0,0.0
2016-06-04,,,,,,,,,,,,,0.0,3.2,100.0,0.0
2016-06-05,,,,,,,,,,,,,0.0,3.3,100.0,0.0
2016-06-06,2.4,7.9,98.0,,,,,,,,,,0.0,2.8,100.0,0.0
2016-06-07,0.8,6.5,98.0,,,,,,,,,,0.0,3.1,100.0,0.0
2016-06-08,,,,,,,,,,,,,0.0,3.1,100.0,0.0
2016-06-09,,,,,,,,,,,,,0.0,3.4,100.0,0.0
2016-06-10,,,,,,,,,,,,,0.0,4.1,100.0,0.0
2016-06-11,,,,,,,,,,,,,0.0,4.4,100.0,0.0
2016-06-12,,,,,,,,,,,,,0.0,4.1,100.0,0.0
2016-06-13,,,,,,,,,,,,,0.0,4.2,100.0,0.0
2016-06-14,0.8,5.1,98.0,,,,,,,,,,0.0,4.4,100.0,0.0
2016-06-15,,,,,,,,,,,,,0.0,3.9,100.0,0.0
2016-06-16,,,,,,,,,,,,,0.0,4.2,100.0,0.0
2016-06-17,,,,,,,,,,,,,0.0,4.2,100.0,0.0
2016-06-18,,,,,,,,,,,,,0.0,5.5,100.0,0.0
2016-06-19,,,,,,,,,,,,,0.0,4.6,100.0,0.0
2016-06-20,,,,,,,18.2,22.4,47.8,,,,0.0,4.6,100.0,0.0
2016-06-21,,,,,,,,,,,,,0.0,3.4,100.0,0.0
2016-06-22,,,,,,,,,,,,,0.0,3.0,100.0,0.0
2016-06-23,,,,,,,,,,,,,0.0,1.9,100.0,0.0
2016-06-24,,,,,,,,,,,,,0.0,1.5,100.0,0.0
2016-06-25,,,,,,,,,,,,,0.0,1.3,100.0,0.0
2016-06-26,,,,,,,,,,,,,0.0,1.3,100.0,0.0
2016-06-27,,,,,,,,,,,,,0.0,1.0,100.0,0.0
2016-06-28,,,,,,,,,,,,,0.0,0.9,100.0,0.0
2016-06-29,,,,,,,2.0,5.1,100.0,,,,0.0,0.8,100.0,0.0
2016-06-30,1.2,8.2,98.0,,,,,,,,,,0.0,0.7,100.0,0.0
2016-07-01,1.6,6.8,98.0,,,,,,,,,,0.0,0.6,100.0,0.0
2016-07-02,,,,,,,,,,,,,0.0,0.5,100.0,0.0
2016-07-03,,,,,,,,,,,,,0.0,0.5,100.0,0.0
2016-07-04,,,,,,,,,,,,,0.0,0.5,100.0,0.0
2016-07-05,,,,,,,,,,,,,0.0,0.5,100.0,0.0
2016-07-06,,,,,,,0.0,0.0,47.8,,,,0.0,0.6,100.0,0.0
2016-07-07,,,,,,,0.0,0.1,53.8,,,,0.0,0.8,100.0,0.0
2016-07-08,1.6,7.1,98.0,,,,,,,,,,0.0,1.0,100.0,0.0
2016-07-09,,,,,,,,,,,,,0.0,1.0,100.0,0.0
2016-07-10,,,,,,,,,,,,,0.0,0.8,100.0,0.0
2016-07-11,,,,,,,,,,,,,0.0,0.9,100.0,0.0
2016-07-12,,,,,,,,,,,,,0.0,1.1,100.0,0.0
2016-07-13,0.6,4.6,64.4,,,,,,,,,,0.0,1.3,100.0,0.0
2016-07-14,,,,,,,,,,,,,0.0,1.5,100.0,0.0
2016-07-15,,,,,,,,,,,,,0.0,2.1,100.0,0.0
2016-07-16,,,,,,,,,,,,,0.0,2.3,100.0,0.0
2016-07-17,,,,,,,,,,,,,0.0,2.7,100.0,0.0
2016-07-18,,,,,,,,,,,,,0.0,2.2,100.0,0.0
2016-07-19,,,,,,,,,,,,,0.0,2.2,100.0,0.0
2016-07-20,4.0,8.2,98.0,,,,,,,,,,0.0,2.0,100.0,0.0
2016-07-21,,,,,,,,,,,,,0.0,2.3,100.0,0.0
2016-07-22,,,,,,,,,,,,,0.0,2.6,100.0,0.0
2016-07-23,,,,,,,,,,,,,0.0,3.3,100.0,0.0
2016-07-24,4.4,8.5,98.0,0.0,0.2,100.0,,,,,,,0.0,1.8,100.0,0.0
2016-07-25,3.6,7.4,97.6,,,,,,,,,,0.0,2.1,100.0,0.0
2016-07-26,,,,,,,,,,,,,0.0,1.9,100.0,0.0
2016-07-27,,,,,,,,,,,,,0.0,2.2,100.0,0.0
2016-07-28,,,,,,,,,,,,,0.0,1.5,100.0,0.0
2016-07-29,,,,,,,,,,,,,0.0,1.5,100.0,0.0
2016-07-30,,,,,,,,,,,,,0.0,1.0,100.0,0.0
2016-07-31,,,,,,,,,,,,,0.0,1.0,100.0,0.0
2016-08-01,6.9,8.6,98.0,,,,,,,,,,0.0,0.6,100.0,0.0
2016-08-02,,,,,,,,,,,,,0.0,0.6,100.0,0.0
2016-08-03,,,,0.0,0.1,100.0,,,,,,,0.0,0.4,100.0,0.0
2016-08-04,,,,,,,,,,,,,0.0,0.3,100.0,0.0
2016-08-05,4.4,7.0,98.0,,,,,,,,,,0.0,0.2,100.0,0.0
2016-08-06,5.2,7.9,98.0,,,,,,,,,,0.0,0.2,100.0,0.0
2016-08-07,,,,,,,0.0,0.0,100.0,,,,0.0,0.1,100.0,0.0
2016-08-08,,,,,,,,,,,,,0.0,0.1,100.0,0.0
2016-08-09,,,,,,,,,,,,,0.0,0.1,100.0,0.0
2016-08-10,,,,,,,,,,,,,0.0,0.2,100.0,0.0
2016-08-11,,,,,,,,,,,,,0.0,0.2,100.0,0.0
2016-08-12,,,,,,,,,,,,,0.0,0.1,100.0,0.0
2016-08-13,6.0,9.6,98.0,0.0,0.3,100.0,,,,,,,0.0,0.1,100.0,0.0
2016-08-14,,,,,,,,,,,,,0.0,0.1,100.0,0.0
2016-08-15,,,,,,,0.0,0.0,100.0,,,,0.0,0.1,100.0,0.0
2016-08-16,,,,,,,0.0,0.0,73.1,,,,0.0,0.1,100.0,0.0
2016-08-17,8.1,10.9,98.0,,,,,,,,,,0.0,0.1,100.0,0.0
2016-08-18,8.1,11.6,98.0,,,,,,,,,,0.0,0.1,100.0,0.0
2016-08-19,,,,,,,,,,,,,0.0,0.1,100.0,0.0
2016-08-20,,,,,,,,,,,,,0.0,0.1,100.0,0.0
2016-08-21,,,,,,,,,,,,,0.0,0.1,100.0,0.0
2016-08-22,,,,,,,,,,,,,0.0,0.1,100.0,0.0
2016-08-23,,,,0.0,0.5,100.0,0.0,0.0,100.0,,,,0.0,0.0,100.0,0.0
2016-08-24,,,,,,,,,,,,,0.0,0.0,100.0,0.0
2016-08-25,11.3,13.8,98.0,,,,,,,,,,0.0,0.0,100.0,0.0
2016-08-26,,,,,,,,,,,,,0.0,0.0,100.0,0.0
2016-08-27,,,,,,,,,,,,,0.0,0.1,100.0,0.0
2016-08-28,,,,,,,,,,,,,0.0,0.1,100.0,0.0
2016-08-29,11.3,14.1,98.0,,,,,,,,,,0.0,0.0,100.0,0.0
2016-08-30,10.1,12.9,98.0,,,,,,,,,,0.0,0.1,100.0,0.0
2016-08-31,,,,,,,,,,,,,0.0,0.1,100.0,0.0
2016-09-01,,,,,,,0.0,0.0,46.6,,,,0.0,0.1,100.0,0.0
2016-09-02,,,,0.0,0.2,100.0,,,,,,,0.0,0.1,100.0,0.0
2016-09-03,,,,,,,,,,,,,0.0,0.1,100.0,0.0
2016-09-04,,,,,,,,,,,,,0.0,0.1,100.0,0.0
2016-09-05,,,,,,,,,,,,,0.0,0.0,100.0,0.0
2016-09-06,9.3,12.4,98.0,,,,,,,,,,0.0,0.0,100.0,0.0
2016-09-07,,,,,,,,,,,,,0.0,0.0,100.0,0.0
2016-09-08,,,,,,,0.0,0.0,100.0,,,,0.0,0.0,100.0,0.0
2016-09-09,,,,,,,,,,,,,0.0,0.0,100.0,0.0
2016-09-10,8.9,11.8,98.0,,,,,,,,,,0.0,0.0,100.0,0.0
2016-09-11,7.7,10.7,98.0,,,,,,,,,,0.0,0.0,100.0,0.0
2016-09-12,,,,,,,,,,,,,0.0,0.1,100.0,0.0
2016-09-13,,,,,,,,,,,,,0.0,0.1,100.0,0.0
2016-09-14,,,,,,,,,,,,,0.0,0.1,100.0,0.0
2016-09-15,,,,,,,,,,,,,0.0,0.2,100.0,0.0
2016-09-16,,,,,,,,,,,,,0.0,0.2,100.0,0.0
2016-09-17,,,,,,,,,,,,,0.0,0.2,100.0,0.0
2016-09-18,7.7,10.2,98.0,,,,,,,,,,0.0,0.2,100.0,0.0
2016-09-19,,,,,,,,,,,,,0.0,0.3,100.0,0.0
2016-09-20,,,,,,,,,,,,,0.0,0.3,100.0,0.0
2016-09-21,,,,,,,,,,,,,0.0,0.2,100.0,0.0
2016-09-22,7.7,10.0,98.0,0.0,0.1,100.0,,,,,,,0.0,0.2,100.0,0.0
2016-09-23,5.6,7.6,98.0,,,,,,,,,,0.0,0.2,100.0,0.0
2016-09-24,,,,,,,0.0,0.0,100.0,,,,0.0,0.2,100.0,0.0
2016-09-25,,,,,,,,,,,,,0.0,0.1,100.0,0.0
2016-09-26,,,,,,,,,,,,,0.0,0.1,100.0,0.0
2016-09-27,,,,,,,,,,,,,0.0,0.2,100.0,0.0
2016-09-28,6.9,8.3,98.0,,,,,,,,,,0.0,0.2,100.0,0.0
2016-09-29,5.2,6.5,98.0,,,,,,,,,,0.0,0.2,100.0,0.0
2016-09-30,4.8,6.8,98.0,,,,,,,,,,0.0,0.3,100.0,0.0
2016-10-01,,,,,,,,,,,,,0.0,0.4,100.0,0.0
2016-10-02,,,,,,,,,,,,,0.0,0.6,100.0,0.0
2016-10-03,,,,,,,0.0,0.0,100.0,,,,0.0,0.6,100.0,0.0
2016-10-04,6.9,8.3,98.0,,,,,,,,,,0.0,0.7,100.0,0.0
2016-10-05,4.8,8.4,98.0,,,,,,,,,,0.0,1.1,100.0,0.0
2016-10-06,7.3,8.7,98.0,,,,,,,,,,0.0,1.2,100.0,0.0
2016-10-07,,,,,,,,,,,,,0.0,1.2,100.0,0.0
2016-10-08,,,,,,,,,,,,,0.0,1.2,100.0,0.0
2016-10-09,,,,,,,,,,,,,0.0,1.5,100.0,0.0
2016-10-10,,,,,,,0.0,0.1,100.0,,,,0.0,1.9,100.0,0.0
2016-10-11,7.7,9.2,98.0,,,,,,,,,,0.0,1.7,100.0,0.0
2016-10-12,15.3,13.5,98.0,0.0,0.2,100.0,,,,,,,0.0,1.8,100.0,0.0
2016-10-13,,,,,,,,,,,,,0.0,1.8,100.0,0.0
2016-10-14,,,,,,,,,,,,,0.0,2.6,100.0,0.0
2016-10-15,,,,,,,,,,,,,0.0,1.9,100.0,0.0
2016-10-16,25.4,21.0,98.0,,,,,,,,,,0.0,2.1,100.0,0.0
2016-10-17,21.8,16.1,98.0,,,,,,,,,,0.0,2.0,100.0,0.0
2016-10-18,26.2,19.5,98.0,,,,,,,,,,0.0,3.2,100.0,0.0
2016-10-19,,,,,,,,,,,,,0.0,3.1,100.0,0.0
2016-10-20,,,,,,,,,,,,,0.0,3.7,100.0,0.0
2016-10-21,,,,,,,,,,,,,0.0,3.2,100.0,0.0
2016-10-22,,,,0.0,0.5,100.0,,,,,,,0.0,3.9,100.0,0.0
2016-10-23,25.8,19.7,98.0,,,,,,,,,,0.0,3.5,100.0,0.0
2016-10-24,27.0,22.6,98.0,,,,,,,,,,0.0,3.5,100.0,0.0
2016-10-25,,,,,,,,,,,,,0.0,2.8,100.0,0.0
2016-10-26,,,,,,,,,,,,,0.0,3.1,100.0,0.0
2016-10-27,,,,,,,,,,,,,0.0,2.8,100.0,0.0
2016-10-28,26.2,21.8,98.0,,,,,,,,,,0.0,2.6,100.0,0.0
2016-10-29,2.2,2.5,72.7,,,,,,,,,,0.0,2.0,100.0,0.0
2016-10-30,0.5,3.5,72.7,,,,,,,,,,0.0,2.4,100.0,0.0
2016-10-31,,,,,,,,,,,,,0.0,2.1,100.0,0.0
2016-11-01,,,,0.0,0.6,100.0,,,,,,,0.0,1.6,100.0,0.0
2016-11-02,,,,,,,,,,,,,0.0,1.4,100.0,0.0
2016-11-03,,,,,,,,,,,,,0.0,1.8,100.0,0.0
2016-11-04,0.5,3.1,72.7,,,,0.0,0.2,100.0,,,,0.0,1.9,100.0,0.0
2016-11-05,0.5,2.2,72.7,,,,,,,,,,0.0,1.6,100.0,0.0
2016-11-06,,,,,,,,,,,,,0.0,1.6,100.0,0.0
2016-11-07,,,,,,,,,,,,,0.0,1.8,100.0,0.0
2016-11-08,,,,,,,,,,,,,0.0,2.5,100.0,0.0
2016-11-09,0.5,2.4,72.7,,,,,,,,,,0.0,2.5,100.0,0.0
2016-11-10,0.5,2.0,72.7,,,,,,,,,,0.0,3.2,100.0,0.0
2016-11-11,0.5,2.7,72.7,,,,,,,,,,0.0,3.7,100.0,0.0
2016-11-12,,,,,,,,,,,,,0.0,6.0,100.0,0.0
2016-11-13,,,,,,,,,,,,,0.0,5.7,100.0,0.0
2016-11-14,,,,,,,,,,,,,0.0,6.4,100.0,0.0
2016-11-15,,,,,,,,,,,,,0.0,6.2,100.0,0.0
2016-11-16,0.5,1.4,72.7,,,,,,,,,,0.0,7.5,100.0,0.0
2016-11-17,0.5,1.4,72.7,,,,,,,,,,0.0,6.2,100.0,0.0
2016-11-18,,,,,,,,,,,,,0.0,7.7,100.0,0.0
2016-11-19,,,,,,,,,,,,,0.0,8.6,100.0,0.0
2016-11-20,,,,,,,0.0,4.4,100.0,,,,0.0,11.0,100.0,0.0
2016-11-21,0.0,1.1,72.7,,,,,,,,,,0.0,9.9,100.0,0.0
2016-11-22,0.0,0.8,72.7,,,,,,,,,,0.0,12.4,100.0,0.0
2016-11-23,0.0,0.9,72.7,,,,,,,,,,0.0,13.4,100.0,0.0
2016-11-24,,,,,,,,,,,,,0.4,18.2,100.0,0.4
2016-11-25,,,,,,,,,,,,,0.4,19.5,100.0,0.4
2016-11-26,,,,,,,,,,,,,0.4,25.6,100.0,0.4
2016-11-27,,,,,,,2.8,9.7,100.0,,,,2.4,32.3,100.0,2.4
2016-11-28,0.0,0.8,72.7,,,,,,,,,,4.3,38.2,100.0,4.3
2016-11-29,0.0,1.1,72.7,,,,,,,,,,5.9,42.1,100.0,5.9
2016-11-30,,,,,,,,,,,,,11.9,49.7,100.0,11.9
2016-12-01,,,,0.0,2.8,100.0,,,,,,,44.7,56.1,100.0,44.7
2016-12-02,,,,,,,,,,,,,46.2,57.1,100.0,46.2
2016-12-03,0.0,1.9,72.7,,,,,,,,,,39.1,56.7,100.0,39.1
2016-12-04,0.0,1.4,72.7,,,,,,,,,,56.1,60.2,100.0,56.1
2016-12-05,0.5,2.8,72.7,,,,,,,,,,64.4,63.5,100.0,64.4
2016-12-06,,,,,,,4.7,19.5,100.0,,,,83.8,67.5,100.0,83.8
2016-12-07,,,,,,,,,,,,,83.8,66.4,100.0,83.8
2016-12-08,,,,,,,,,,,,,95.7,69.3,100.0,95.7
2016-12-09,,,,,,,,,,,,,97.2,70.8,100.0,97.2
2016-12-10,0.5,3.0,72.7,,,,,,,,,,99.6,74.1,100.0,99.6
2016-12-11,1.6,6.2,72.7,7.5,25.7,100.0,,,,,,,98.8,75.2,100.0,98.8
2016-12-12,,,,,,,,,,,,,99.6,75.9,100.0,99.6
2016-12-13,,,,,,,,,,,,,100.0,77.9,100.0,100.0
2016-12-14,,,,,,,,,,,,,100.0,80.6,100.0,100.0
2016-12-15,7.6,14.6,72.7,,,,,,,,,,100.0,83.3,100.0,100.0
2016-12-16,10.3,23.2,72.7,,,,,,,,,,100.0,85.5,100.0,100.0
2016-12-17,71.2,52.2,72.7,,,,,,,,,,100.0,87.2,100.0,100.0
2016-12-18,,,,,,,,,,,,,100.0,88.2,100.0,100.0
2016-12-19,,,,,,,,,,,,,100.0,90.0,100.0,100.0
2016-12-20,,,,,,,,,,,,,100.0,91.1,100.0,100.0
2016-12-21,,,,95.2,75.7,98.8,,,,,,,100.0,92.4,100.0,100.0
2016-12-22,100.0,73.7,72.7,,,,99.6,78.8,100.0,,,,100.0,93.6,100.0,100.0
2016-12-23,100.0,79.5,72.7,,,,,,,,,,100.0,94.2,100.0,100.0
2016-12-24,,,,,,,,,,,,,100.0,94.6,100.0,100.0
2016-12-25,,,,,,,,,,,,,100.0,95.1,100.0,100.0
2016-12-26,,,,,,,,,,,,,100.0,95.7,100.0,100.0
2016-12-27,100.0,88.4,72.7,,,,,,,,,,100.0,96.2,100.0,100.0
2016-12-28,100.0,86.4,72.7,,,,,,,,,,100.0,95.9,100.0,100.0
2016-12-29,100.0,92.0,72.7,,,,100.0,99.7,100.0,,,,100.0,96.8,100.0,100.0
2016-12-30,,,,,,,,,,,,,100.0,96.7,100.0,100.0
2016-12-31,,,,99.2,89.6,99.6,,,,,,,100.0,97.2,100.0,100.0
2017-01-01,,,,,,,,,,,,,100.0,96.6,100.0,100.0
2017-01-02,,,,,,,,,,,,,100.0,96.3,100.0,100.0
2017-01-03,100.0,94.4,70.3,,,,,,,,,,100.0,96.7,100.0,100.0
2017-01-04,100.0,97.3,70.3,,,,,,,,,,100.0,97.4,100.0,100.0
2017-01-05,,,,,,,,,,,,,100.0,97.6,100.0,100.0
2017-01-06,,,,,,,,,,,,,100.0,97.5,100.0,100.0
2017-01-07,,,,,,,100.0,100.0,100.0,,,,100.0,98.5,100.0,100.0
2017-01-08,100.0,98.5,70.3,,,,,,,,,,100.0,98.4,100.0,100.0
2017-01-09,100.0,99.0,70.3,,,,,,,,,,100.0,98.5,100.0,100.0
2017-01-10,100.0,99.3,70.3,,,,,,,,,,100.0,98.5,100.0,100.0
2017-01-11,,,,,,,,,,,,,100.0,98.1,100.0,100.0
2017-01-12,,,,,,,,,,,,,100.0,98.0,100.0,100.0
2017-01-13,,,,,,,,,,,,,100.0,97.9,100.0,100.0
2017-01-14,100.0,99.5,70.3,,,,,,,,,,100.0,98.2,100.0,100.0
2017-01-15,100.0,99.7,70.3,,,,,,,,,,100.0,98.0,100.0,100.0
2017-01-16,100.0,99.8,70.3,,,,,,,,,,100.0,98.0,100.0,100.0
2017-01-17,,,,,,,,,,,,,100.0,98.6,100.0,100.0
2017-01-18,,,,,,,,,,,,,100.0,98.7,100.0,100.0
2017-01-19,,,,,,,,,,,,,100.0,98.9,100.0,100.0
2017-01-20,100.0,99.8,70.3,,,,,,,,,,100.0,99.3,100.0,100.0
2017-01-21,100.0,99.9,70.3,,,,,,,,,,100.0,99.4,100.0,100.0
2017-01-22,100.0,99.9,70.3,,,,,,,,,,100.0,99.4,100.0,100.0
2017-01-23,,,,,,,100.0,100.0,100.0,,,,100.0,99.6,100.0,100.0
2017-01-24,,,,,,,,,,,,,100.0,99.5,100.0,100.0
2017-01-25,,,,,,,,,,,,,100.0,99.6,100.0,100.0
2017-01-26,100.0,99.9,70.3,,,,,,,,,,100.0,99.6,100.0,100.0
2017-01-27,100.0,99.9,70.3,,,,,,,,,,100.0,99.5,100.0,100.0
2017-01-28,100.0,99.8,70.3,,,,,,,,,,100.0,99.5,100.0,100.0
2017-01-29,,,,,,,,,,,,,100.0,99.3,100.0,100.0
2017-01-30,,,,,,,,,,,,,100.0,99.2,100.0,100.0
2017-01-31,,,,,,,,,,,,,100.0,98.6,100.0,100.0
2017-02-01,100.0,99.8,70.3,,,,,,,,,,100.0,98.1,100.0,100.0
2017-02-02,100.0,99.9,70.3,,,,,,,,,,100.0,97.4,100.0,100.0
2017-02-03,100.0,99.9,70.3,,,,,,,,,,100.0,97.3,100.0,100.0
2017-02-04,,,,,,,,,,,,,100.0,96.5,100.0,100.0
2017-02-05,,,,,,,,,,,,,100.0,96.7,100.0,100.0
2017-02-06,,,,,,,,,,,,,100.0,96.3,100.0,100.0
2017-02-07,100.0,100.0,70.3,,,,,,,,,,100.0,97.1,100.0,100.0
2017-02-08,100.0,100.0,70.3,,,,,,,,,,100.0,97.1,100.0,100.0
2017-02-09,100.0,100.0,70.3,100.0,100.0,54.1,,,,,,,100.0,97.9,100.0,100.0
2017-02-10,,,,,,,,,,,,,100.0,97.8,100.0,100.0
2017-02-11,,,,,,,,,,,,,100.0,98.3,100.0,100.0
2017-02-12,,,,,,,,,,,,,100.0,98.7,100.0,100.0
2017-02-13,100.0,100.0,70.3,,,,,,,,,,100.0,98.9,100.0,100.0
2017-02-14,100.0,100.0,70.3,,,,,,,,,,100.0,98.9,100.0,100.0
2017-02-15,100.0,100.0,70.3,,,,100.0,100.0,100.0,,,,100.0,99.2,100.0,100.0
2017-02-16,,,,,,,,,,,,,100.0,99.1,100.0,100.0
2017-02-17,,,,,,,,,,,,,100.0,99.2,100.0,100.0
2017-02-18,,,,,,,,,,,,,100.0,99.1,100.0,100.0
2017-02-19,100.0,100.0,70.3,96.9,91.6,100.0,,,,,,,100.0,99.0,100.0,100.0
2017-02-20,100.0,100.0,70.3,,,,,,,,,,100.0,98.7,100.0,100.0
2017-02-21,100.0,100.0,70.3,,,,,,,,,,100.0,98.6,100.0,100.0
2017-02-22,,,,,,,,,,,,,100.0,98.1,100.0,100.0
2017-02-23,,,,,,,,,,,,,100.0,97.5,100.0,100.0
2017-02-24,,,,,,,,,,,,,100.0,96.3,100.0,100.0
2017-02-25,100.0,99.9,70.3,,,,,,,,,,100.0,96.0,100.0,100.0
2017-02-26,100.0,99.8,70.3,,,,,,,,,,100.0,95.1,100.0,100.0
2017-02-27,100.0,99.6,70.3,,,,,,,,,,99.6,94.1,100.0,99.6
2017-02-28,,,,,,,,,,,,,98.8,92.2,100.0,98.8
2017-03-01,,,,,,,,,,,,,99.2,93.0,100.0,99.2
2017-03-02,,,,,,,,,,,,,99.6,92.7,100.0,99.6
2017-03-03,100.0,99.3,70.3,,,,,,,,,,98.5,91.6,100.0,98.5
2017-03-04,100.0,98.4,70.3,,,,,,,,,,98.8,91.2,100.0,98.8
2017-03-05,100.0,97.6,70.3,,,,,,,,,,100.0,92.7,100.0,100.0
2017-03-06,,,,,,,,,,,,,100.0,93.1,100.0,100.0
2017-03-07,,,,,,,,,,,,,100.0,94.2,100.0,100.0
2017-03-08,,,,,,,,,,,,,100.0,94.2,100.0,100.0
2017-03-09,100.0,91.1,92.7,,,,,,,,,,100.0,95.6,100.0,100.0
2017-03-10,100.0,89.0,92.7,,,,,,,,,,100.0,95.6,100.0,100.0
2017-03-11,100.0,90.5,92.7,98.8,94.4,100.0,,,,,,,100.0,96.7,100.0,100.0
2017-03-12,,,,,,,,,,,,,100.0,95.6,100.0,100.0
2017-03-13,,,,,,,,,,,,,100.0,95.8,100.0,100.0
2017-03-14,,,,,,,,,,,,,100.0,95.3,100.0,100.0
2017-03-15,100.0,91.6,92.7,,,,,,,,,,100.0,96.4,100.0,100.0
2017-03-16,100.0,94.2,92.7,,,,,,,,,,100.0,95.7,100.0,100.0
2017-03-17,100.0,94.5,92.7,,,,,,,,,,100.0,96.3,100.0,100.0
2017-03-18,,,,,,,,,,,,,100.0,95.6,100.0,100.0
2017-03-19,,,,,,,,,,,,,100.0,96.0,100.0,100.0
2017-03-20,,,,,,,,,,,,,100.0,95.1,100.0,100.0
2017-03-21,100.0,95.7,92.7,,,,,,,,,,100.0,95.8,100.0,100.0
2017-03-22,100.0,97.0,92.3,,,,,,,,,,100.0,95.1,100.0,100.0
2017-03-23,100.0,98.0,92.7,,,,,,,,,,100.0,95.5,100.0,100.0
2017-03-24,,,,,,,,,,,,,100.0,94.0,100.0,100.0
2017-03-25,,,,,,,,,,,,,100.0,93.5,100.0,100.0
2017-03-26,,,,,,,,,,,,,100.0,92.3,100.0,100.0
2017-03-27,100.0,97.2,92.7,,,,,,,,,,100.0,91.6,100.0,100.0
2017-03-28,100.0,95.5,92.7,,,,,,,,,,97.7,89.5,100.0,97.7
2017-03-29,100.0,95.0,92.7,,,,,,,,,,97.3,88.2,100.0,97.3
2017-03-30,,,,,,,,,,,,,96.5,83.5,100.0,96.5
2017-03-31,,,,,,,,,,,,,96.1,81.5,100.0,96.1
2017-04-01,,,,,,,,,,,,,95.4,77.6,100.0,95.4
2017-04-02,100.0,92.2,92.7,,,,,,,,,,93.8,75.1,100.0,93.8
2017-04-03,99.6,83.5,92.7,,,,,,,,,,89.2,68.5,100.0,89.2
2017-04-04,95.8,69.4,92.7,,,,,,,,,,62.9,60.8,100.0,62.9
2017-04-05,,,,,,,,,,,,,10.8,49.5,100.0,10.8
2017-04-06,,,,,,,,,,,,,0.4,34.0,100.0,0.4
2017-04-07,,,,,,,,,,,,,0.0,20.8,100.0,0.0
2017-04-08,70.0,51.5,92.7,,,,,,,,,,0.0,14.8,100.0,0.0
2017-04-09,5.0,16.0,92.7,,,,,,,,,,0.0,10.7,100.0,0.0
2017-04-10,1.7,7.9,92.7,,,,,,,,,,0.0,7.8,100.0,0.0
2017-04-11,,,,,,,,,,,,,0.0,6.1,100.0,0.0
2017-04-12,,,,,,,,,,,,,0.0,4.9,100.0,0.0
2017-04-13,,,,,,,0.0,4.5,100.0,,,,0.0,4.5,100.0,0.0
2017-04-14,0.8,3.0,92.7,,,,,,,,,,0.0,3.1,100.0,0.0
2017-04-15,0.8,2.1,92.7,,,,,,,,,,0.0,2.8,100.0,0.0
2017-04-16,0.8,2.0,92.7,,,,,,,,,,0.0,2.6,100.0,0.0
2017-04-17,,,,,,,,,,,,,0.0,2.7,100.0,0.0
2017-04-18,,,,,,,,,,,,,0.0,2.5,100.0,0.0
2017-04-19,,,,,,,,,,,,,0.0,2.6,100.0,0.0
2017-04-20,0.8,1.9,92.7,0.0,3.0,100.0,0.0,0.2,100.0,,,,0.0,2.3,100.0,0.0
2017-04-21,0.4,1.4,92.7,,,,,,,,,,0.0,2.0,100.0,0.0
2017-04-22,0.4,2.3,92.7,,,,,,,,,,0.0,1.6,100.0,0.0
2017-04-23,,,,,,,,,,,,,0.0,1.7,100.0,0.0
2017-04-24,,,,,,,,,,,,,0.0,1.9,100.0,0.0
2017-04-25,,,,,,,,,,,,,0.0,2.2,100.0,0.0
2017-04-26,0.8,2.4,92.7,,,,,,,,,,0.0,1.6,100.0,0.0
2017-04-27,0.4,2.9,92.7,,,,,,,,,,0.0,1.8,100.0,0.0
2017-04-28,0.8,2.8,92.7,,,,,,,,,,0.0,2.0,100.0,0.0
2017-04-29,,,,,,,0.0,0.2,100.0,,,,0.0,2.3,100.0,0.0
2017-04-30,,,,0.0,0.6,81.9,,,,,,,0.0,2.2,100.0,0.0
2017-05-01,,,,,,,,,,,,,0.0,2.3,100.0,0.0
2017-05-02,1.3,3.6,92.7,,,,,,,,,,0.0,2.1,100.0,0.0
2017-05-03,1.3,3.0,92.7,,,,,,,,,,0.0,3.0,100.0,0.0
2017-05-04,1.3,3.5,92.7,,,,,,,,,,0.0,2.8,100.0,0.0
2017-05-05,,,,0.0,0.1,100.0,,,,,,,0.0,2.3,100.0,0.0
2017-05-06,,,,,,,,,,,,,0.0,1.9,100.0,0.0
2017-05-07,,,,,,,,,,,,,0.0,2.5,100.0,0.0
2017-05-08,1.3,3.1,92.7,,,,,,,,,,0.0,2.1,100.0,0.0
2017-05-09,1.3,2.4,92.7,,,,,,,,,,0.0,1.4,100.0,0.0
2017-05-10,1.3,2.7,92.7,0.0,0.1,100.0,,,,,,,0.0,0.8,100.0,0.0
2017-05-11,,,,,,,,,,,,,0.0,0.9,100.0,0.0
2017-05-12,,,,,,,,,,,,,0.0,0.6,100.0,0.0
2017-05-13,,,,,,,,,,,,,0.0,0.5,100.0,0.0
2017-05-14,1.3,2.6,92.7,,,,,,,,,,0.0,0.3,100.0,0.0
2017-05-15,0.4,1.7,92.7,,,,0.0,0.0,100.0,,,,0.0,0.3,100.0,0.0
2017-05-16,0.4,1.6,92.7,,,,,,,,,,0.0,0.2,100.0,0.0
2017-05-17,,,,,,,,,,,,,0.0,0.2,100.0,0.0
2017-05-18,,,,,,,,,,,,,0.0,0.2,100.0,0.0
2017-05-19,,,,,,,,,,,,,0.0,0.2,100.0,0.0
2017-05-20,0.4,1.6,92.7,,,,,,,,,,0.0,0.2,100.0,0.0
2017-05-21,0.4,1.8,92.7,,,,,,,,,,0.0,0.3,100.0,0.0
2017-05-22,1.7,3.4,92.7,,,,0.0,0.0,100.0,,,,0.0,0.2,100.0,0.0
2017-05-23,,,,,,,,,,,,,0.0,0.3,100.0,0.0
2017-05-24,,,,,,,,,,,,,0.0,0.3,100.0,0.0
2017-05-25,,,,,,,,,,,,,0.0,0.3,100.0,0.0
2017-05-26,1.3,3.0,92.7,,,,,,,,,,0.0,0.4,100.0,0.0
2017-05-27,0.4,2.0,92.7,,,,,,,,,,0.0,0.4,100.0,0.0
2017-05-28,0.4,2.3,92.7,,,,,,,,,,0.0,0.5,100.0,0.0
2017-05-29,,,,,,,,,,,,,0.0,0.7,100.0,0.0
2017-05-30,,,,0.0,0.1,72.6,,,,,,,0.0,1.1,100.0,0.0
2017-05-31,,,,,,,,,,,,,0.0,1.6,100.0,0.0
2017-06-01,0.4,3.1,92.7,,,,,,,,,,0.0,1.7,100.0,0.0
2017-06-02,0.4,2.9,92.7,,,,,,,,,,0.0,1.7,100.0,0.0
2017-06-03,0.4,2.2,92.7,,,,,,,,,,0.0,1.7,100.0,0.0
2017-06-04,,,,,,,,,,,,,0.0,2.1,100.0,0.0
2017-06-05,,,,,,,,,,,,,0.0,1.7,100.0,0.0
2017-06-06,,,,,,,,,,,,,0.0,1.5,100.0,0.0
2017-06-07,0.0,2.3,92.7,,,,,,,,,,0.0,1.4,100.0,0.0
2017-06-08,0.4,2.1,92.7,,,,,,,,,,0.0,1.4,100.0,0.0
2017-06-09,0.4,2.7,92.7,,,,,,,,,,0.0,1.0,100.0,0.0
2017-06-10,,,,,,,,,,,,,0.0,0.5,100.0,0.0
2017-06-11,,,,,,,,,,,,,0.0,0.3,100.0,0.0
2017-06-12,,,,,,,,,,,,,0.0,0.3,100.0,0.0
2017-06-13,0.4,2.6,92.7,,,,,,,,,,0.0,0.2,100.0,0.0
2017-06-14,0.4,2.7,92.7,,,,,,,,,,0.0,0.1,100.0,0.0
2017-06-15,0.4,2.9,92.7,,,,,,,,,,0.0,0.1,100.0,0.0
2017-06-16,,,,,,,0.0,0.0,100.0,,,,0.0,0.1,100.0,0.0
2017-06-17,,,,,,,,,,,,,0.0,0.1,100.0,0.0
2017-06-18,,,,,,,,,,,,,0.0,0.1,100.0,0.0
2017-06-19,0.4,3.3,92.7,0.0,0.0,100.0,,,,,,,0.0,0.1,100.0,0.0
2017-06-20,1.7,4.6,92.7,,,,,,,,,,0.0,0.2,100.0,0.0
2017-06-21,,,,,,,,,,,,,0.0,0.2,100.0,0.0
2017-06-22,,,,,,,,,,,,,0.0,0.3,100.0,0.0
2017-06-23,,,,,,,,,,,,,0.0,0.3,100.0,0.0
2017-06-24,,,,,,,,,,,,,0.0,0.7,100.0,0.0
2017-06-25,,,,,,,,,,,,,0.0,0.9,100.0,0.0
2017-06-26,3.3,8.0,92.7,,,,,,,,,,0.0,1.1,100.0,0.0
2017-06-27,3.3,6.7,92.7,,,,,,,,,,0.0,1.6,100.0,0.0
2017-06-28,,,,,,,,,,,,,0.0,1.9,100.0,0.0
2017-06-29,,,,,,,,,,,,,0.0,2.1,100.0,0.0
2017-06-30,,,,,,,,,,,,,0.0,1.8,100.0,0.0
2017-07-01,2.1,7.0,92.7,,,,,,,,,,0.0,2.0,100.0,0.0
2017-07-02,2.1,6.4,92.7,,,,,,,,,,0.0,3.2,100.0,0.0
2017-07-03,3.3,8.7,92.7,,,,,,,,,,0.0,3.0,100.0,0.0
2017-07-04,,,,0.0,0.0,100.0,,,,,,,0.0,1.7,100.0,0.0
2017-07-05,,,,,,,,,,,,,0.0,1.6,100.0,0.0
2017-07-06,,,,,,,,,,,,,0.0,1.7,100.0,0.0
2017-07-07,,,,,,,,,,,,,0.0,1.5,100.0,0.0
2017-07-08,2.5,7.4,92.7,,,,,,,,,,0.0,1.2,100.0,0.0
2017-07-09,0.8,5.6,92.7,,,,,,,,,,0.0,1.0,100.0,0.0
2017-07-10,,,,,,,,,,,,,0.0,1.0,100.0,0.0
2017-07-11,,,,,,,,,,,,,0.0,0.9,100.0,0.0
2017-07-12,,,,,,,,,,,,,0.0,1.2,100.0,0.0
2017-07-13,1.3,5.1,90.3,,,,,,,,,,0.0,1.1,100.0,0.0
2017-07-14,0.9,4.2,90.3,,,,,,,,,,0.0,1.2,100.0,0.0
2017-07-15,1.7,4.8,90.3,,,,,,,,,,0.0,1.1,100.0,0.0
2017-07-16,,,,,,,,,,,,,0.0,1.5,100.0,0.0
2017-07-17,,,,,,,,,,,,,0.0,1.4,100.0,0.0
2017-07-18,,,,,,,0.0,0.0,45.2,,,,0.0,1.2,100.0,0.0
2017-07-19,4.3,7.3,90.3,0.0,0.0,100.0,,,,,,,0.0,0.9,100.0,0.0
2017-07-20,6.4,11.1,90.3,,,,,,,,,,0.0,1.1,100.0,0.0
2017-07-21,7.3,10.3,90.3,,,,,,,,,,0.0,1.0,100.0,0.0
2017-07-22,,,,,,,,,,,,,0.0,1.1,100.0,0.0
2017-07-23,,,,,,,,,,,,,0.0,1.0,100.0,0.0
2017-07-24,,,,,,,,,,,,,0.0,1.0,100.0,0.0
2017-07-25,6.4,10.4,90.3,,,,,,,,,,0.0,1.1,100.0,0.0
2017-07-26,5.6,8.9,90.3,,,,,,,,,,0.0,1.3,100.0,0.0
2017-07-27,8.1,11.5,90.3,,,,,,,,,,0.0,1.2,100.0,0.0
2017-07-28,,,,,,,,,,,,,0.0,1.0,100.0,0.0
2017-07-29,,,,0.0,0.0,100.0,,,,,,,0.0,0.7,100.0,0.0
2017-07-30,,,,,,,,,,,,,0.0,0.7,100.0,0.0
2017-07-31,5.6,8.4,90.3,,,,,,,,,,0.0,0.6,100.0,0.0
2017-08-01,6.4,8.9,90.3,,,,,,,,,,0.0,0.6,100.0,0.0
2017-08-02,,,,,,,,,,,,,0.0,0.4,100.0,0.0
2017-08-03,,,,0.0,0.0,100.0,,,,,,,0.0,0.5,100.0,0.0
2017-08-04,,,,,,,,,,,,,0.0,0.4,100.0,0.0
2017-08-05,,,,,,,,,,,,,0.0,0.4,100.0,0.0
2017-08-06,5.1,7.1,90.3,,,,,,,,,,0.0,0.3,100.0,0.0
2017-08-07,3.9,5.6,90.0,,,,,,,,,,0.0,0.4,100.0,0.0
2017-08-08,2.6,4.5,90.3,,,,,,,,,,0.0,0.4,100.0,0.0
2017-08-09,,,,,,,,,,,,,0.0,0.5,100.0,0.0
2017-08-10,,,,,,,,,,,,,0.0,0.6,100.0,0.0
2017-08-11,,,,,,,,,,,,,0.0,0.9,100.0,0.0
2017-08-12,2.6,3.8,90.3,,,,,,,,,,0.0,0.6,100.0,0.0
2017-08-13,2.1,2.9,90.3,0.0,0.0,100.0,,,,,,,0.0,0.5,100.0,0.0
2017-08-14,2.6,3.1,90.3,,,,,,,,,,0.0,0.5,100.0,0.0
2017-08-15,,,,,,,,,,,,,0.0,0.6,100.0,0.0
2017-08-16,,,,,,,,,,,,,0.0,0.5,100.0,0.0
2017-08-17,,,,,,,,,,,,,0.0,0.5,100.0,0.0
2017-08-18,2.6,3.2,90.3,0.0,0.0,100.0,,,,,,,0.0,0.3,100.0,0.0
2017-08-19,2.1,3.1,90.3,,,,,,,,,,0.0,0.2,100.0,0.0
2017-08-20,3.0,4.4,90.3,,,,,,,,,,0.0,0.2,100.0,0.0
2017-08-21,,,,,,,,,,,,,0.0,0.2,100.0,0.0
2017-08-22,,,,,,,,,,,,,0.0,0.1,100.0,0.0
2017-08-23,,,,0.0,0.0,100.0,,,,,,,0.0,0.0,100.0,0.0
2017-08-24,2.6,4.0,90.3,,,,,,,,,,0.0,0.0,100.0,0.0
2017-08-25,3.4,4.4,90.3,,,,,,,,,,0.0,0.0,100.0,0.0
2017-08-26,3.4,4.6,90.3,,,,0.0,0.0,100.0,,,,0.0,0.0,100.0,0.0
2017-08-27,,,,,,,0.0,0.1,42.5,,,,0.0,0.0,100.0,0.0
2017-08-28,,,,,,,,,,,,,0.0,0.0,100.0,0.0
2017-08-29,,,,,,,,,,,,,0.0,0.0,100.0,0.0
2017-08-30,3.4,4.4,90.3,,,,,,,,,,0.0,0.0,100.0,0.0
2017-08-31,2.1,2.9,90.3,,,,,,,,,,0.0,0.0,100.0,0.0
2017-09-01,1.7,2.9,90.3,,,,,,,,,,0.0,0.0,100.0,0.0
2017-09-02,,,,,,,,,,,,,0.0,0.1,100.0,0.0
2017-09-03,,,,,,,,,,,,,0.0,0.1,100.0,0.0
2017-09-04,,,,,,,,,,,,,0.0,0.2,100.0,0.0
2017-09-05,0.4,2.2,90.3,,,,,,,,,,0.0,0.2,100.0,0.0
2017-09-06,0.4,1.9,90.3,,,,,,,,,,0.0,0.3,100.0,0.0
2017-09-07,0.0,1.6,90.3,,,,,,,,,,0.0,0.3,100.0,0.0
2017-09-08,,,,,,,,,,,,,0.0,0.5,100.0,0.0
2017-09-09,,,,,,,,,,,,,0.0,0.5,100.0,0.0
2017-09-10,,,,,,,,,,,,,0.0,0.5,100.0,0.0
2017-09-11,0.4,1.7,90.3,,,,,,,,,,0.0,0.7,100.0,0.0
2017-09-12,0.0,1.2,90.3,,,,,,,,,,0.0,0.7,100.0,0.0
2017-09-13,0.0,1.1,90.3,,,,,,,,,,0.0,0.6,100.0,0.0
2017-09-14,,,,,,,,,,,,,0.0,0.5,100.0,0.0
2017-09-15,,,,,,,,,,,,,0.0,0.5,100.0,0.0
2017-09-16,,,,,,,,,,,,,0.0,0.6,100.0,0.0
2017-09-17,0.0,1.1,90.3,,,,,,,,,,0.0,0.4,100.0,0.0
2017-09-18,0.0,1.2,90.3,,,,,,,,,,0.0,0.4,100.0,0.0
2017-09-19,0.4,1.3,90.3,,,,,,,,,,0.0,0.4,100.0,0.0
2017-09-20,,,,,,,0.0,0.0,100.0,,,,0.0,0.4,100.0,0.0
2017-09-21,,,,,,,,,,,,,0.0,0.3,100.0,0.0
2017-09-22,,,,,,,,,,,,,0.0,0.3,100.0,0.0
2017-09-23,0.4,1.5,90.3,,,,,,,,,,0.0,0.2,100.0,0.0
2017-09-24,0.0,1.2,90.3,,,,,,,,,,0.0,0.3,100.0,0.0
2017-09-25,0.0,1.6,90.3,,,,,,,,,,0.0,0.3,100.0,0.0
2017-09-26,,,,,,,,,,,,,0.0,0.3,100.0,0.0
2017-09-27,,,,0.0,0.0,76.1,0.0,0.0,91.5,,,,0.0,0.3,100.0,0.0
2017-09-28,,,,,,,,,,,,,0.0,0.3,100.0,0.0
2017-09-29,0.0,1.5,90.3,,,,,,,,,,0.0,0.3,100.0,0.0
2017-09-30,0.0,1.3,90.3,,,,,,,,,,0.0,0.4,100.0,0.0
2017-10-01,0.0,1.7,90.3,,,,,,,,,,0.0,0.5,100.0,0.0
2017-10-02,,,,,,,,,,,,,0.0,0.5,100.0,0.0
2017-10-03,,,,,,,,,,,,,0.0,0.5,100.0,0.0
2017-10-04,,,,,,,,,,,,,0.0,0.8,100.0,0.0
2017-10-05,0.4,1.8,90.3,,,,,,,,,,0.0,1.0,100.0,0.0
2017-10-06,0.9,2.0,90.3,,,,,,,,,,0.0,0.9,100.0,0.0
2017-10-07,0.4,1.8,90.3,0.0,0.0,100.0,,,,,,,0.0,0.7,100.0,0.0
2017-10-08,,,,,,,,,,,,,0.0,0.9,100.0,0.0
2017-10-09,,,,,,,,,,,,,0.0,0.7,100.0,0.0
2017-10-10,,,,,,,,,,,,,0.0,0.5,100.0,0.0
2017-10-11,2.1,2.8,90.3,,,,,,,,,,0.0,0.5,100.0,0.0
2017-10-12,2.1,3.1,90.3,,,,,,,,,,0.0,0.6,100.0,0.0
2017-10-13,2.1,3.2,90.3,,,,0.0,0.0,100.0,,,,0.0,0.5,100.0,0.0
2017-10-14,,,,,,,,,,,,,0.0,0.6,100.0,0.0
2017-10-15,,,,,,,,,,,,,0.0,0.6,100.0,0.0
2017-10-16,,,,,,,,,,,,,0.0,0.7,100.0,0.0
2017-10-17,1.3,2.6,90.3,0.0,0.0,100.0,,,,,,,0.0,0.8,100.0,0.0
2017-10-18,,,,,,,,,,,,,0.0,1.0,100.0,0.0
2017-10-19,1.3,2.4,90.3,,,,,,,,,,0.0,1.1,100.0,0.0
2017-10-20,,,,,,,,,,,,,0.0,1.6,100.0,0.0
2017-10-21,,,,,,,,,,,,,0.0,2.0,100.0,0.0
2017-10-22,,,,,,,,,,,,,0.0,2.6,100.0,0.0
2017-10-23,1.3,3.0,90.3,,,,,,,,,,0.0,2.6,100.0,0.0
2017-10-24,1.3,2.6,90.3,,,,,,,,,,0.0,2.8,100.0,0.0
2017-10-25,1.3,3.3,90.3,,,,,,,,,,0.0,3.3,100.0,0.0
2017-10-26,,,,,,,,,,,,,0.0,3.6,100.0,0.0
2017-10-27,,,,,,,,,,,,,0.0,3.5,100.0,0.0
2017-10-28,,,,,,,,,,,,,0.0,3.8,100.0,0.0
2017-10-29,2.6,4.6,90.3,,,,,,,,,,0.0,5.4,100.0,0.0
2017-10-30,5.1,8.3,90.3,,,,,,,,,,0.0,6.8,100.0,0.0
2017-10-31,5.1,9.0,90.3,,,,,,,,,,0.0,5.3,100.0,0.0
2017-11-01,,,,0.0,0.1,100.0,,,,,,,0.0,5.1,100.0,0.0
2017-11-02,,,,,,,,,,,,,0.0,6.1,100.0,0.0
2017-11-03,,,,,,,,,,,,,0.0,6.7,100.0,0.0
2017-11-04,6.8,10.8,90.3,,,,,,,,,,0.0,6.1,100.0,0.0
2017-11-05,4.3,6.9,90.0,,,,,,,,,,0.0,6.1,100.0,0.0
2017-11-06,5.4,8.8,99.6,,,,,,,,,,0.0,6.6,100.0,0.0
2017-11-07,,,,,,,,,,,,,0.0,7.9,100.0,0.0
2017-11-08,,,,,,,,,,,,,0.0,6.1,100.0,0.0
2017-11-09,,,,,,,,,,,,,0.0,7.2,100.0,0.0
2017-11-10,3.1,6.2,99.6,,,,,,,,,,0.0,7.4,100.0,0.0
2017-11-11,3.9,6.3,99.6,,,,,,,,,,0.0,7.4,100.0,0.0
2017-11-12,8.1,10.6,99.6,,,,,,,,,,0.0,7.4,100.0,0.0
2017-11-13,,,,,,,,,,,,,0.0,10.0,100.0,0.0
2017-11-14,,,,,,,0.0,3.3,100.0,,,,0.0,13.8,100.0,0.0
2017-11-15,,,,,,,,,,,,,0.0,15.8,100.0,0.0
2017-11-16,10.1,14.5,99.6,0.0,7.7,100.0,,,,,,,0.0,18.3,100.0,0.0
2017-11-17,10.1,15.3,99.6,,,,,,,,,,0.0,20.4,100.0,0.0
2017-11-18,7.8,12.7,99.6,,,,,,,,,,0.0,29.6,100.0,0.0
2017-11-19,,,,,,,,,,,,,0.0,28.4,100.0,0.0
2017-11-20,,,,,,,,,,,,,0.0,38.4,100.0,0.0
2017-11-21,,,,100.0,75.3,100.0,,,,,,,0.8,39.1,100.0,0.8
2017-11-22,21.7,26.7,99.6,,,,,,,,,,40.5,57.2,100.0,40.5
2017-11-23,33.7,40.7,99.6,,,,,,,,,,35.9,56.0,100.0,35.9
2017-11-24,96.1,68.7,99.6,,,,,,,,,,83.8,64.3,100.0,83.8
2017-11-25,,,,,,,,,,,,,65.6,61.2,100.0,65.6
2017-11-26,,,,,,,,,,,,,98.1,68.3,100.0,98.1
2017-11-27,,,,,,,,,,,,,98.8,69.7,100.0,98.8
2017-11-28,100.0,83.7,99.6,,,,,,,,,,99.6,77.8,100.0,99.6
2017-11-29,100.0,94.5,99.6,,,,,,,,,,99.6,79.8,100.0,99.6
2017-11-30,100.0,97.0,99.6,,,,,,,,,,100.0,88.5,100.0,100.0
2017-12-01,,,,,,,,,,,,,100.0,90.3,100.0,100.0
2017-12-02,,,,,,,,,,,,,100.0,93.8,100.0,100.0
2017-12-03,,,,,,,,,,,,,100.0,94.1,100.0,100.0
2017-12-04,100.0,98.4,99.6,,,,,,,,,,100.0,96.4,100.0,100.0
2017-12-05,100.0,97.8,99.6,,,,,,,,,,100.0,96.6,100.0,100.0
2017-12-06,100.0,98.3,99.6,100.0,99.3,100.0,,,,,,,100.0,97.7,100.0,100.0
2017-12-07,,,,,,,,,,,,,100.0,97.0,100.0,100.0
2017-12-08,,,,,,,,,,,,,100.0,97.5,100.0,100.0
2017-12-09,,,,,,,,,,,,,100.0,97.5,100.0,100.0
2017-12-10,100.0,98.1,99.6,,,,,,,,,,100.0,98.1,100.0,100.0
2017-12-11,100.0,98.2,99.6,,,,,,,,,,100.0,98.2,100.0,100.0
2017-12-12,100.0,97.4,99.6,,,,,,,,,,100.0,98.5,100.0,100.0
2017-12-13,,,,,,,,,,,,,100.0,98.3,100.0,100.0
2017-12-14,,,,,,,,,,,,,100.0,98.1,100.0,100.0
2017-12-15,,,,,,,,,,,,,100.0,98.1,100.0,100.0
2017-12-16,100.0,97.6,99.6,,,,,,,,,,100.0,98.7,100.0,100.0
2017-12-17,100.0,97.7,99.6,,,,,,,,,,100.0,98.7,100.0,100.0
2017-12-18,100.0,98.9,99.6,,,,,,,,,,100.0,98.8,100.0,100.0
2017-12-19,,,,,,,,,,,,,100.0,98.8,100.0,100.0
2017-12-20,,,,,,,,,,,,,100.0,98.9,100.0,100.0
2017-12-21,,,,100.0,99.5,100.0,,,,,,,100.0,99.1,100.0,100.0
2017-12-22,100.0,99.0,99.6,,,,,,,,,,100.0,99.1,100.0,100.0
2017-12-23,100.0,97.4,99.6,,,,,,,,,,100.0,99.1,100.0,100.0
2017-12-24,100.0,95.6,99.6,,,,,,,,,,100.0,98.9,100.0,100.0
2017-12-25,,,,,,,100.0,99.7,100.0,,,,100.0,98.9,100.0,100.0
2017-12-26,,,,,,,,,,,,,100.0,98.8,100.0,100.0
2017-12-27,,,,,,,,,,,,,100.0,98.8,100.0,100.0
2017-12-28,100.0,93.9,99.6,,,,,,,,,,100.0,98.2,100.0,100.0
2017-12-29,100.0,92.1,99.6,,,,,,,,,,100.0,98.2,100.0,100.0
2017-12-30,100.0,85.6,99.6,,,,,,,,,,100.0,97.7,100.0,100.0
2017-12-31,,,,100.0,99.7,100.0,,,,,,,100.0,97.7,100.0,100.0
2018-01-01,,,,,,,100.0,100.0,100.0,,,,100.0,98.8,100.0,100.0
2018-01-02,,,,,,,,,,,,,100.0,98.6,100.0,100.0
2018-01-03,100.0,72.4,100.0,,,,,,,,,,100.0,98.6,100.0,100.0
2018-01-04,88.2,60.8,100.0,,,,,,,,,,100.0,98.3,100.0,100.0
2018-01-05,88.8,62.3,100.0,,,,,,,,,,100.0,97.9,100.0,100.0
2018-01-06,,,,,,,,,,,,,100.0,97.8,100.0,100.0
2018-01-07,,,,,,,,,,,,,100.0,97.8,100.0,100.0
2018-01-08,,,,,,,,,,,,,100.0,97.4,100.0,100.0
2018-01-09,93.0,70.5,100.0,,,,,,,,,,100.0,97.3,100.0,100.0
2018-01-10,98.9,83.6,100.0,,,,,,,,,,100.0,97.7,100.0,100.0
2018-01-11,93.0,73.9,100.0,,,,,,,,,,100.0,97.7,100.0,100.0
2018-01-12,,,,,,,,,,,,,100.0,97.5,100.0,100.0
2018-01-13,,,,,,,,,,,,,100.0,97.4,100.0,100.0
2018-01-14,,,,,,,,,,,,,100.0,97.8,100.0,100.0
2018-01-15,93.0,69.6,100.0,100.0,99.5,100.0,,,,,,,100.0,98.4,100.0,100.0
2018-01-16,85.0,60.1,100.0,,,,,,,,,,100.0,97.9,100.0,100.0
2018-01-17,99.5,70.0,100.0,,,,,,,,,,100.0,97.5,100.0,100.0
2018-01-18,,,,,,,,,,,,,100.0,97.5,100.0,100.0
2018-01-19,,,,,,,,,,,,,100.0,98.5,100.0,100.0
2018-01-20,,,,,,,,,,,,,100.0,98.5,100.0,100.0
2018-01-21,98.9,72.3,100.0,,,,,,,,,,100.0,98.9,100.0,100.0
2018-01-22,100.0,79.3,100.0,,,,,,,,,,100.0,98.9,100.0,100.0
2018-01-23,100.0,84.0,100.0,,,,,,,,,,100.0,99.0,100.0,100.0
2018-01-24,,,,,,,,,,,,,100.0,98.9,100.0,100.0
2018-01-25,,,,100.0,99.4,100.0,,,,,,,100.0,99.3,100.0,100.0
2018-01-26,,,,,,,,,,,,,100.0,99.1,100.0,100.0
2018-01-27,100.0,89.8,100.0,,,,,,,,,,100.0,99.4,100.0,100.0
2018-01-28,100.0,94.8,100.0,,,,,,,,,,100.0,99.4,100.0,100.0
2018-01-29,100.0,96.9,100.0,,,,,,,,,,100.0,99.5,100.0,100.0
2018-01-30,,,,100.0,99.7,100.0,,,,,,,100.0,99.6,100.0,100.0
2018-01-31,,,,,,,,,,,,,100.0,99.6,100.0,100.0
2018-02-01,,,,,,,,,,,,,100.0,99.5,100.0,100.0
2018-02-02,100.0,98.3,100.0,,,,100.0,100.0,100.0,,,,100.0,99.8,100.0,100.0
2018-02-03,100.0,98.0,100.0,,,,,,,,,,100.0,99.7,100.0,100.0
2018-02-04,100.0,98.0,100.0,,,,,,,,,,100.0,99.7,100.0,100.0
2018-02-05,,,,,,,,,,,,,100.0,99.6,100.0,100.0
2018-02-06,,,,,,,,,,,,,100.0,99.6,100.0,100.0
2018-02-07,,,,,,,,,,,,,100.0,99.6,100.0,100.0
2018-02-08,100.0,98.0,100.0,,,,,,,,,,100.0,99.6,100.0,100.0
2018-02-09,100.0,98.1,100.0,100.0,99.5,100.0,,,,,,,100.0,99.6,100.0,100.0
2018-02-10,100.0,97.8,100.0,,,,,,,,,,100.0,99.6,100.0,100.0
2018-02-11,,,,,,,,,,,,,100.0,99.4,100.0,100.0
2018-02-12,,,,,,,,,,,,,100.0,99.5,100.0,100.0
2018-02-13,,,,,,,,,,,,,100.0,99.5,100.0,100.0
2018-02-14,100.0,98.1,100.0,100.0,99.9,99.5,,,,,,,100.0,99.7,100.0,100.0
2018-02-15,100.0,98.5,100.0,,,,,,,,,,100.0,99.7,100.0,100.0
2018-02-16,100.0,99.0,100.0,,,,,,,,,,100.0,99.7,100.0,100.0
2018-02-17,,,,,,,,,,,,,100.0,99.6,100.0,100.0
2018-02-18,,,,,,,100.0,100.0,71.1,,,,100.0,99.6,100.0,100.0
2018-02-19,,,,100.0,99.9,100.0,,,,,,,100.0,99.7,100.0,100.0
2018-02-20,100.0,99.5,100.0,,,,,,,,,,100.0,99.8,100.0,100.0
2018-02-21,100.0,99.6,100.0,,,,,,,,,,100.0,99.7,100.0,100.0
2018-02-22,100.0,99.7,100.0,,,,,,,,,,100.0,99.7,100.0,100.0
2018-02-23,,,,,,,,,,,,,100.0,99.6,100.0,100.0
2018-02-24,,,,100.0,99.9,100.0,,,,,,,100.0,99.7,100.0,100.0
2018-02-25,,,,,,,,,,,,,100.0,99.6,100.0,100.0
2018-02-26,100.0,99.7,100.0,,,,,,,,,,100.0,99.7,100.0,100.0
2018-02-27,100.0,99.5,100.0,,,,,,,,,,100.0,99.7,100.0,100.0
2018-02-28,100.0,99.2,100.0,,,,,,,,,,100.0,99.7,100.0,100.0
2018-03-01,,,,,,,,,,,,,100.0,99.6,100.0,100.0
2018-03-02,,,,,,,,,,,,,100.0,99.6,100.0,100.0
2018-03-03,,,,,,,,,,,,,100.0,99.6,100.0,100.0
2018-03-04,100.0,99.8,95.7,,,,,,,,,,100.0,99.6,100.0,100.0
2018-03-05,100.0,99.8,95.7,,,,,,,,,,100.0,99.5,100.0,100.0
2018-03-06,100.0,99.6,95.7,,,,,,,,,,100.0,99.3,100.0,100.0
2018-03-07,,,,,,,,,,,,,100.0,99.1,100.0,100.0
2018-03-08,,,,,,,,,,,,,100.0,99.4,100.0,100.0
2018-03-09,,,,,,,,,,,,,100.0,99.0,100.0,100.0
2018-03-10,100.0,99.5,95.7,,,,,,,,,,100.0,99.0,100.0,100.0
2018-03-11,100.0,98.5,95.7,,,,,,,,,,100.0,98.8,100.0,100.0
2018-03-12,100.0,97.5,95.7,,,,,,,,,,100.0,98.8,100.0,100.0
2018-03-13,,,,,,,,,,,,,100.0,98.2,100.0,100.0
2018-03-14,,,,,,,,,,,,,100.0,98.4,100.0,100.0
2018-03-15,,,,,,,,,,,,,100.0,98.6,100.0,100.0
2018-03-16,,,,,,,,,,,,,100.0,99.2,100.0,100.0
2018-03-17,100.0,92.9,95.7,,,,,,,,,,100.0,99.2,100.0,100.0
2018-03-18,100.0,90.6,95.7,,,,,,,,,,100.0,99.4,100.0,100.0
2018-03-19,,,,,,,,,,,,,100.0,99.4,100.0,100.0
2018-03-20,,,,,,,,,,,,,100.0,99.6,100.0,100.0
2018-03-21,,,,100.0,99.9,100.0,,,,,,,100.0,99.6,100.0,100.0
2018-03-22,100.0,86.6,95.7,,,,100.0,100.0,83.4,,,,100.0,99.7,100.0,100.0
2018-03-23,100.0,90.6,95.7,,,,,,,,,,100.0,99.6,100.0,100.0
2018-03-24,100.0,89.7,95.7,,,,,,,,,,100.0,99.7,100.0,100.0
2018-03-25,,,,,,,,,,,,,100.0,99.6,100.0,100.0
2018-03-26,,,,,,,,,,,,,100.0,99.6,100.0,100.0
2018-03-27,,,,,,,,,,,,,100.0,99.5,100.0,100.0
2018-03-28,100.0,93.8,95.7,,,,,,,,,,100.0,99.5,100.0,100.0
2018-03-29,100.0,95.9,95.7,,,,,,,,,,100.0,99.3,100.0,100.0
2018-03-30,100.0,97.6,95.7,,,,,,,,,,100.0,99.2,100.0,100.0
2018-03-31,,,,,,,,,,,,,100.0,99.0,100.0,100.0
2018-04-01,,,,,,,,,,,,,100.0,99.3,100.0,100.0
2018-04-02,,,,,,,,,,,,,100.0,99.3,100.0,100.0
2018-04-03,100.0,98.2,95.7,,,,,,,,,,100.0,99.5,100.0,100.0
2018-04-04,100.0,98.3,95.7,,,,,,,,,,100.0,99.6,100.0,100.0
2018-04-05,100.0,98.9,95.7,,,,,,,,,,100.0,99.7,100.0,100.0
2018-04-06,,,,,,,,,,,,,100.0,99.6,100.0,100.0
2018-04-07,,,,,,,100.0,100.0,100.0,,,,100.0,99.7,100.0,100.0
2018-04-08,,,,,,,,,,,,,100.0,99.6,100.0,100.0
2018-04-09,100.0,99.1,95.7,,,,,,,,,,100.0,99.8,100.0,100.0
2018-04-10,100.0,99.0,95.7,,,,,,,,,,100.0,99.8,100.0,100.0
2018-04-11,100.0,98.7,95.7,,,,,,,,,,100.0,99.7,100.0,100.0
2018-04-12,,,,,,,,,,,,,100.0,99.5,100.0,100.0
2018-04-13,,,,,,,,,,,,,100.0,99.5,100.0,100.0
2018-04-14,,,,,,,,,,,,,100.0,99.3,100.0,100.0
2018-04-15,100.0,97.4,95.7,100.0,99.9,100.0,,,,,,,100.0,99.2,100.0,100.0
2018-04-16,100.0,95.0,95.7,,,,,,,,,,100.0,98.3,100.0,100.0
2018-04-17,100.0,88.2,95.7,,,,,,,,,,100.0,97.2,100.0,100.0
2018-04-18,,,,,,,,,,,,,100.0,95.2,100.0,100.0
2018-04-19,,,,,,,,,,,,,100.0,92.6,100.0,100.0
2018-04-20,,,,100.0,97.0,100.0,,,,,,,100.0,88.4,100.0,100.0
2018-04-21,98.3,79.0,95.7,,,,,,,,,,95.7,78.4,100.0,95.7
2018-04-22,74.9,50.7,95.7,,,,,,,,,,79.1,67.5,100.0,79.1
2018-04-23,31.3,33.8,95.7,,,,,,,,,,12.8,46.7,100.0,12.8
2018-04-24,,,,,,,,,,,,,5.3,33.6,100.0,5.3
2018-04-25,,,,40.0,42.8,88.2,,,,,,,2.1,22.3,100.0,2.1
2018-04-26,,,,,,,,,,,,,1.6,15.6,100.0,1.6
2018-04-27,0.6,13.6,95.7,,,,,,,,,,0.5,12.1,100.0,0.5
2018-04-28,0.0,6.3,95.7,,,,,,,,,,0.5,9.6,100.0,0.5
2018-04-29,0.0,3.8,95.7,,,,,,,,,,0.0,7.7,100.0,0.0
2018-04-30,,,,,,,,,,,,,0.0,7.4,100.0,0.0
2018-05-01,,,,,,,,,,,,,0.0,6.1,100.0,0.0
2018-05-02,,,,,,,,,,,,,0.0,5.8,100.0,0.0
2018-05-03,0.0,4.6,95.7,,,,,,,,,,0.0,5.6,100.0,0.0
2018-05-04,0.0,2.9,95.7,,,,,,,,,,0.0,5.6,100.0,0.0
2018-05-05,1.7,3.4,95.7,,,,,,,,,,0.0,5.2,100.0,0.0
2018-05-06,,,,,,,,,,,,,0.0,4.3,100.0,0.0
2018-05-07,,,,,,,,,,,,,0.0,4.3,100.0,0.0
2018-05-08,,,,,,,,,,,,,0.0,4.1,100.0,0.0
2018-05-09,0.0,2.5,95.7,,,,,,,,,,0.0,4.5,100.0,0.0
2018-05-10,0.0,2.1,95.7,,,,,,,,,,0.0,4.9,100.0,0.0
2018-05-11,0.0,1.4,95.7,,,,,,,,,,0.0,3.8,100.0,0.0
2018-05-12,,,,,,,,,,,,,0.0,4.0,100.0,0.0
2018-05-13,,,,,,,,,,,,,0.0,4.5,100.0,0.0
2018-05-14,,,,,,,,,,,,,0.0,4.8,100.0,0.0
2018-05-15,0.0,1.2,95.7,,,,,,,,,,0.0,3.7,100.0,0.0
2018-05-16,0.0,1.0,95.7,,,,,,,,,,0.0,3.7,100.0,0.0
2018-05-17,0.0,0.9,95.7,,,,,,,,,,0.0,3.2,100.0,0.0
2018-05-18,,,,,,,,,,,,,0.0,3.7,100.0,0.0
2018-05-19,,,,,,,,,,,,,0.0,2.5,100.0,0.0
2018-05-20,,,,0.0,2.5,99.5,,,,,,,0.0,2.0,100.0,0.0
2018-05-21,0.0,0.8,95.7,,,,,,,,,,0.0,1.3,100.0,0.0
2018-05-22,0.0,0.5,95.7,,,,,,,,,,0.0,1.1,100.0,0.0
2018-05-23,0.0,0.5,95.7,,,,,,,,,,0.0,0.9,100.0,0.0
2018-05-24,,,,,,,,,,,,,0.0,0.8,100.0,0.0
2018-05-25,,,,0.0,0.1,100.0,1.6,4.2,100.0,,,,0.0,0.6,100.0,0.0
2018-05-26,,,,,,,,,,,,,0.0,0.7,100.0,0.0
2018-05-27,0.0,0.6,95.7,,,,,,,,,,0.0,0.5,100.0,0.0
2018-05-28,0.0,0.5,95.7,,,,,,,,,,0.0,0.5,100.0,0.0
2018-05-29,0.0,0.5,95.7,,,,,,,,,,0.0,0.4,100.0,0.0
2018-05-30,,,,,,,,,,,,,0.0,0.5,100.0,0.0
2018-05-31,,,,,,,,,,,,,0.0,0.5,100.0,0.0
2018-06-01,,,,,,,,,,,,,0.0,0.6,100.0,0.0
2018-06-02,0.0,0.5,95.7,,,,,,,,,,0.0,0.9,100.0,0.0
2018-06-03,0.0,0.6,95.7,,,,,,,,,,0.0,1.5,100.0,0.0
2018-06-04,0.0,0.8,95.7,,,,,,,,,,0.0,1.7,100.0,0.0
2018-06-05,,,,,,,,,,,,,0.0,1.6,100.0,0.0
2018-06-06,,,,,,,,,,,,,0.0,1.6,100.0,0.0
2018-06-07,,,,,,,,,,,,,0.0,2.1,100.0,0.0
2018-06-08,0.0,1.0,95.7,,,,,,,,,,0.0,2.0,100.0,0.0
2018-06-09,0.0,1.1,95.7,,,,,,,,,,0.0,2.0,100.0,0.0
2018-06-10,,,,,,,,,,,,,0.0,1.7,100.0,0.0
2018-06-11,,,,,,,,,,,,,0.0,1.7,100.0,0.0
2018-06-12,,,,,,,,,,,,,0.0,1.5,100.0,0.0
2018-06-13,,,,,,,,,,,,,0.0,1.1,100.0,0.0
2018-06-14,0.0,1.4,95.7,0.0,0.1,100.0,,,,,,,0.0,0.9,100.0,0.0
2018-06-15,0.0,0.9,95.7,,,,,,,,,,0.0,0.8,100.0,0.0
2018-06-16,0.0,1.2,95.7,,,,,,,,,,0.0,0.5,100.0,0.0
2018-06-17,,,,,,,,,,,,,0.0,0.6,100.0,0.0
2018-06-18,,,,,,,,,,,,,0.0,0.5,100.0,0.0
2018-06-19,,,,0.0,0.1,100.0,0.0,0.0,100.0,,,,0.0,0.3,100.0,0.0
2018-06-20,0.0,0.8,95.7,,,,,,,,,,0.0,0.2,100.0,0.0
2018-06-21,0.0,0.7,95.7,,,,,,,,,,0.0,0.2,100.0,0.0
2018-06-22,0.0,0.7,95.7,,,,,,,,,,0.0,0.2,100.0,0.0
2018-06-23,,,,,,,,,,,,,0.0,0.2,100.0,0.0
2018-06-24,,,,0.0,0.1,100.0,,,,,,,0.0,0.1,100.0,0.0
2018-06-25,,,,,,,,,,,,,0.0,0.2,100.0,0.0
2018-06-26,0.0,0.7,95.7,,,,0.0,0.0,100.0,,,,0.0,0.1,100.0,0.0
2018-06-27,0.0,1.0,95.7,,,,,,,,,,0.0,0.1,100.0,0.0
2018-06-28,0.0,1.1,95.7,,,,,,,,,,0.0,0.1,100.0,0.0
2018-06-29,,,,,,,,,,,,,0.0,0.1,100.0,0.0
2018-06-30,,,,,,,,,,,,,0.0,0.1,100.0,0.0
2018-07-01,,,,,,,,,,,,,0.0,0.2,100.0,0.0
2018-07-02,0.0,1.3,95.7,,,,,,,,,,0.0,0.2,100.0,0.0
2018-07-03,0.0,1.3,95.7,,,,,,,,,,0.0,0.2,100.0,0.0
2018-07-04,0.6,1.8,95.7,0.0,0.1,100.0,,,,,,,0.0,0.3,100.0,0.0
2018-07-05,,,,,,,,,,,,,0.0,0.3,100.0,0.0
2018-07-06,,,,,,,,,,,,,0.0,0.2,100.0,0.0
2018-07-07,,,,,,,,,,,,,0.0,0.3,100.0,0.0
2018-07-08,0.6,1.7,89.8,,,,,,,,,,0.0,0.2,100.0,0.0
2018-07-09,0.6,1.5,89.8,0.0,0.1,100.0,,,,,,,0.0,0.2,100.0,0.0
2018-07-10,0.6,1.5,89.8,,,,,,,,,,0.0,0.1,100.0,0.0
2018-07-11,,,,,,,,,,,,,0.0,0.2,100.0,0.0
2018-07-12,,,,,,,0.0,0.0,100.0,,,,0.0,0.2,100.0,0.0
2018-07-13,,,,,,,0.0,0.0,50.3,,,,0.0,0.1,100.0,0.0
2018-07-14,0.6,1.6,89.8,0.0,0.1,88.2,,,,,,,0.0,0.1,100.0,0.0
2018-07-15,0.0,1.0,89.8,,,,,,,,,,0.0,0.1,100.0,0.0
2018-07-16,0.0,1.3,89.8,,,,,,,,,,0.0,0.1,100.0,0.0
2018-07-17,,,,,,,,,,,,,0.0,0.2,100.0,0.0
2018-07-18,,,,,,,,,,,,,0.0,0.2,100.0,0.0
2018-07-19,,,,0.0,0.1,55.6,,,,,,,0.0,0.2,100.0,0.0
2018-07-20,0.0,1.4,89.8,,,,,,,,,,0.0,0.3,100.0,0.0
2018-07-21,0.0,1.4,89.8,,,,,,,,,,0.0,0.4,100.0,0.0
2018-07-22,0.0,1.6,89.8,,,,,,,,,,0.0,0.3,100.0,0.0
2018-07-23,,,,,,,,,,,,,0.0,0.3,100.0,0.0
2018-07-24,,,,0.0,0.1,100.0,,,,,,,0.0,0.2,100.0,0.0
2018-07-25,,,,,,,,,,,,,0.0,0.3,100.0,0.0
2018-07-26,0.0,1.5,89.8,,,,,,,,,,0.0,0.2,100.0,0.0
2018-07-27,0.0,2.5,89.8,,,,,,,,,,0.0,0.2,100.0,0.0
2018-07-28,0.0,2.9,89.8,,,,,,,,,,0.0,0.1,100.0,0.0
2018-07-29,,,,0.0,0.1,100.0,,,,,,,0.0,0.1,100.0,0.0
2018-07-30,,,,,,,,,,,,,0.0,0.1,100.0,0.0
2018-07-31,,,,,,,,,,,,,0.0,0.1,100.0,0.0
2018-08-01,0.0,3.6,89.8,,,,,,,,,,0.0,0.0,100.0,0.0
2018-08-02,0.0,3.3,89.8,,,,,,,,,,0.0,0.0,100.0,0.0
2018-08-03,0.0,3.8,89.8,0.0,0.1,100.0,,,,,,,0.0,0.0,100.0,0.0
2018-08-04,,,,,,,,,,0.0,0.2,100.0,0.0,0.0,100.0,0.0
2018-08-05,,,,,,,0.0,0.0,47.6,,,,0.0,0.0,100.0,0.0
2018-08-06,,,,,,,0.0,0.0,100.0,,,,0.0,0.0,100.0,0.0
2018-08-07,0.0,3.4,89.8,,,,,,,,,,0.0,0.0,100.0,0.0
2018-08-08,0.0,3.2,89.8,0.0,0.2,100.0,,,,,,,0.0,0.0,100.0,0.0
2018-08-09,0.0,3.4,89.8,,,,,,,,,,0.0,0.0,100.0,0.0
2018-08-10,,,,,,,,,,0.0,0.0,99.5,0.0,0.1,100.0,0.0
2018-08-11,,,,,,,,,,0.0,0.0,100.0,0.0,0.0,100.0,0.0
2018-08-12,,,,,,,,,,,,,0.0,0.1,100.0,0.0
2018-08-13,0.0,3.7,89.8,,,,,,,,,,0.0,0.1,100.0,0.0
2018-08-14,0.3,4.3,89.8,,,,,,,,,,0.0,0.1,100.0,0.0
2018-08-15,0.0,4.3,89.8,,,,,,,0.0,0.0,62.6,0.0,0.1,100.0,0.0
2018-08-16,,,,,,,,,,,,,0.0,0.1,100.0,0.0
2018-08-17,,,,,,,,,,,,,0.0,0.1,100.0,0.0
2018-08-18,,,,0.0,0.2,100.0,,,,,,,0.0,0.1,100.0,0.0
2018-08-19,0.6,7.8,89.8,,,,,,,,,,0.0,0.1,100.0,0.0
2018-08-20,0.3,9.4,89.8,,,,,,,,,,0.0,0.1,100.0,0.0
2018-08-21,0.6,13.6,89.8,,,,,,,0.0,0.0,100.0,0.0,0.1,100.0,0.0
2018-08-22,,,,,,,0.0,0.0,63.6,,,,0.0,0.2,100.0,0.0
2018-08-23,,,,0.0,0.2,100.0,,,,,,,0.0,0.2,100.0,0.0
2018-08-24,,,,,,,,,,0.0,0.1,100.0,0.0,0.1,100.0,0.0
2018-08-25,2.4,20.4,89.8,,,,,,,,,,0.0,0.2,100.0,0.0
2018-08-26,1.5,16.3,89.8,,,,,,,,,,0.0,0.3,100.0,0.0
2018-08-27,0.0,7.0,89.8,,,,,,,,,,0.0,0.3,100.0,0.0
2018-08-28,,,,0.0,0.3,100.0,,,,,,,0.0,0.2,100.0,0.0
2018-08-29,,,,,,,,,,,,,0.0,0.2,100.0,0.0
2018-08-30,,,,,,,,,,,,,0.0,0.4,100.0,0.0
2018-08-31,0.0,3.3,89.8,,,,,,,,,,0.0,0.4,100.0,0.0
2018-09-01,0.0,2.2,89.8,,,,,,,,,,0.0,0.2,100.0,0.0
2018-09-02,0.0,1.7,89.8,0.0,0.1,100.0,,,,,,,0.0,0.2,100.0,0.0
2018-09-03,,,,,,,,,,,,,0.0,0.3,100.0,0.0
2018-09-04,,,,,,,,,,,,,0.0,0.4,100.0,0.0
2018-09-05,,,,,,,,,,,,,0.0,0.3,100.0,0.0
2018-09-06,0.0,2.6,89.8,,,,,,,,,,0.0,0.3,100.0,0.0
2018-09-07,0.0,3.5,89.8,,,,,,,,,,0.0,0.5,100.0,0.0
2018-09-08,0.0,4.1,89.8,,,,,,,,,,0.0,0.5,100.0,0.0
2018-09-09,,,,,,,,,,0.0,1.3,100.0,0.0,0.2,100.0,0.0
2018-09-10,,,,,,,,,,,,,0.0,0.3,100.0,0.0
2018-09-11,,,,,,,,,,,,,0.0,0.3,100.0,0.0
2018-09-12,0.6,5.9,89.8,0.0,0.1,100.0,,,,,,,0.0,0.2,100.0,0.0
2018-09-13,1.8,7.6,89.8,,,,,,,,,,0.0,0.2,100.0,0.0
2018-09-14,3.6,12.6,89.8,,,,,,,,,,0.0,0.2,100.0,0.0
2018-09-15,,,,,,,,,,,,,0.0,0.2,100.0,0.0
2018-09-16,,,,,,,,,,,,,0.0,0.1,100.0,0.0
2018-09-17,,,,0.0,0.1,100.0,,,,,,,0.0,0.1,100.0,0.0
2018-09-18,6.5,14.5,89.8,,,,,,,,,,0.0,0.1,100.0,0.0
2018-09-19,3.6,6.2,89.8,,,,,,,,,,0.0,0.1,100.0,0.0
2018-09-20,4.2,7.4,89.8,,,,,,,,,,0.0,0.0,100.0,0.0
2018-09-21,,,,,,,,,,,,,0.0,0.0,100.0,0.0
2018-09-22,,,,,,,,,,,,,0.0,0.0,100.0,0.0
2018-09-23,,,,,,,0.0,0.0,100.0,,,,0.0,0.0,100.0,0.0
2018-09-24,2.4,4.3,89.8,,,,,,,,,,0.0,0.1,100.0,0.0
2018-09-25,1.2,3.3,89.8,,,,,,,,,,0.0,0.1,100.0,0.0
2018-09-26,0.0,4.7,89.8,,,,,,,0.0,7.8,77.0,0.0,0.1,100.0,0.0
2018-09-27,,,,0.0,0.0,100.0,,,,,,,0.0,0.1,100.0,0.0
2018-09-28,,,,,,,,,,,,,0.0,0.1,100.0,0.0
2018-09-29,,,,,,,,,,,,,0.0,0.1,100.0,0.0
2018-09-30,0.0,4.5,89.8,,,,0.0,0.0,100.0,,,,0.0,0.1,100.0,0.0
2018-10-01,0.0,2.4,89.8,,,,,,,,,,0.0,0.1,100.0,0.0
2018-10-02,0.0,2.5,89.8,,,,,,,,,,0.0,0.1,100.0,0.0
2018-10-03,,,,,,,,,,,,,0.0,0.2,100.0,0.0
2018-10-04,,,,,,,,,,,,,0.0,0.2,100.0,0.0
2018-10-05,,,,,,,,,,,,,0.0,0.2,100.0,0.0
2018-10-06,0.0,2.7,89.8,,,,,,,,,,0.0,0.2,100.0,0.0
2018-10-07,0.3,2.8,89.8,,,,,,,,,,0.0,0.2,100.0,0.0
2018-10-08,0.0,4.3,89.8,,,,,,,,,,0.0,0.2,100.0,0.0
2018-10-09,,,,,,,0.0,0.0,100.0,,,,0.0,0.2,100.0,0.0
2018-10-10,,,,,,,,,,,,,0.0,0.3,100.0,0.0
2018-10-11,,,,,,,,,,,,,0.0,0.4,100.0,0.0
2018-10-12,0.6,5.9,89.8,0.0,0.0,100.0,,,,,,,0.0,0.4,100.0,0.0
2018-10-13,0.0,5.9,89.8,,,,,,,,,,0.0,0.5,100.0,0.0
2018-10-14,0.6,7.2,89.8,,,,,,,,,,0.0,0.5,100.0,0.0
2018-10-15,,,,,,,,,,,,,0.0,0.7,100.0,0.0
2018-10-16,,,,,,,0.0,0.0,100.0,,,,0.0,0.8,100.0,0.0
2018-10-17,,,,0.0,0.0,100.0,,,,,,,0.0,0.8,100.0,0.0
2018-10-18,0.6,6.2,89.8,,,,,,,,,,0.0,0.8,100.0,0.0
2018-10-19,0.3,5.1,89.8,,,,,,,,,,0.0,1.1,100.0,0.0
2018-10-20,4.2,9.0,89.8,,,,,,,,,,0.0,1.7,100.0,0.0
2018-10-21,,,,,,,,,,,,,0.0,1.9,100.0,0.0
2018-10-22,,,,0.0,0.1,100.0,,,,,,,0.0,1.5,100.0,0.0
2018-10-23,,,,,,,,,,,,,0.0,2.1,100.0,0.0
2018-10-24,7.2,12.3,100.0,,,,,,,,,,0.0,2.6,100.0,0.0
2018-10-25,2.9,3.8,100.0,,,,0.0,0.3,74.9,,,,0.0,2.9,100.0,0.0
2018-10-26,2.7,3.4,100.0,,,,,,,,,,0.0,2.7,100.0,0.0
2018-10-27,,,,,,,,,,,,,0.0,3.8,100.0,0.0
2018-10-28,,,,,,,,,,,,,0.0,4.6,100.0,0.0
2018-10-29,,,,,,,,,,,,,0.0,5.5,100.0,0.0
2018-10-30,1.1,2.4,100.0,,,,,,,,,,0.0,6.9,100.0,0.0
2018-10-31,0.0,2.0,100.0,,,,,,,,,,0.0,7.9,100.0,0.0
2018-11-01,2.1,5.5,100.0,,,,,,,,,,0.0,10.1,100.0,0.0
2018-11-02,,,,,,,,,,,,,0.0,13.0,100.0,0.0
2018-11-03,,,,,,,,,,,,,0.0,12.6,100.0,0.0
2018-11-04,,,,,,,,,,,,,0.0,14.3,100.0,0.0
2018-11-05,2.1,7.7,100.0,,,,,,,,,,0.0,14.7,100.0,0.0
2018-11-06,3.7,10.6,100.0,0.0,0.1,55.1,,,,,,,1.6,19.1,100.0,1.6
2018-11-07,4.8,12.8,100.0,,,,,,,,,,1.6,19.2,100.0,1.6
2018-11-08,,,,,,,,,,,,,2.7,21.9,100.0,2.7
2018-11-09,,,,,,,,,,,,,1.6,19.9,100.0,1.6
2018-11-10,,,,,,,,,,,,,3.2,30.4,100.0,3.2
2018-11-11,4.3,13.0,100.0,0.0,0.3,44.9,,,,,,,2.1,27.1,100.0,2.1
2018-11-12,2.7,7.9,100.0,,,,,,,,,,7.0,34.8,100.0,7.0
2018-11-13,1.6,7.6,100.0,,,,,,,,,,3.7,32.4,100.0,3.7
2018-11-14,,,,,,,,,,,,,17.1,44.7,100.0,17.1
2018-11-15,,,,,,,,,,,,,16.0,45.2,100.0,16.0
2018-11-16,,,,0.3,6.0,100.0,,,,,,,50.3,57.9,100.0,50.3
2018-11-17,2.7,11.3,100.0,,,,,,,,,,43.3,55.3,100.0,43.3
2018-11-18,8.8,23.0,100.0,,,,,,,,,,70.1,63.7,100.0,70.1
2018-11-19,24.1,29.8,100.0,,,,,,,,,,73.8,64.5,100.0,73.8
2018-11-20,,,,,,,,,,,,,90.9,69.3,100.0,90.9
2018-11-21,,,,,,,,,,,,,92.0,69.4,100.0,92.0
2018-11-22,,,,,,,,,,,,,98.4,71.3,100.0,98.4
2018-11-23,29.7,33.3,100.0,,,,,,,,,,100.0,74.8,100.0,100.0
2018-11-24,26.7,30.6,100.0,,,,,,,,,,100.0,77.6,100.0,100.0
2018-11-25,,,,,,,,,,,,,100.0,77.8,100.0,100.0
2018-11-26,,,,,,,,,,,,,100.0,76.8,100.0,100.0
2018-11-27,,,,,,,,,,,,,100.0,80.6,100.0,100.0
2018-11-28,,,,,,,,,,,,,100.0,79.5,100.0,100.0
2018-11-29,33.2,34.0,100.0,,,,,,,,,,100.0,80.6,100.0,100.0
2018-11-30,29.4,32.2,100.0,,,,,,,,,,98.9,75.0,100.0,98.9
2018-12-01,29.4,32.2,100.0,,,,,,,,,,100.0,77.5,100.0,100.0
2018-12-02,,,,,,,,,,,,,95.7,70.7,100.0,95.7
2018-12-03,,,,,,,,,,,,,100.0,73.2,100.0,100.0
2018-12-04,,,,,,,,,,,,,62.6,62.4,100.0,62.6
2018-12-05,17.9,28.6,100.0,,,,,,,,,,100.0,72.1,100.0,100.0
2018-12-06,1.6,14.0,100.0,,,,,,,,,,78.1,65.0,100.0,78.1
2018-12-07,0.5,9.5,100.0,,,,,,,,,,100.0,70.2,100.0,100.0
2018-12-08,,,,,,,,,,,,,87.2,66.2,100.0,87.2
2018-12-09,,,,,,,,,,,,,100.0,72.9,100.0,100.0
2018-12-10,,,,,,,,,,,,,100.0,72.4,100.0,100.0
2018-12-11,1.1,17.3,100.0,99.7,78.9,100.0,,,,,,,100.0,79.4,100.0,100.0
2018-12-12,39.3,37.9,100.0,,,,100.0,96.5,100.0,,,,100.0,82.3,100.0,100.0
2018-12-13,86.6,61.7,100.0,,,,,,,,,,100.0,85.9,100.0,100.0
2018-12-14,,,,,,,,,,,,,100.0,87.8,100.0,100.0
2018-12-15,,,,,,,,,,,,,100.0,89.8,100.0,100.0
2018-12-16,,,,,,,,,,,,,100.0,90.5,100.0,100.0
2018-12-17,91.2,65.4,100.0,,,,,,,,,,100.0,92.6,100.0,100.0
2018-12-18,98.7,83.3,100.0,,,,,,,,,,100.0,93.4,100.0,100.0
2018-12-19,98.9,89.1,100.0,,,,,,,,,,100.0,94.0,100.0,100.0
2018-12-20,,,,,,,,,,,,,100.0,93.9,100.0,100.0
2018-12-21,,,,,,,,,,,,,100.0,95.2,100.0,100.0
2018-12-22,,,,,,,,,,,,,100.0,95.3,100.0,100.0
2018-12-23,99.7,91.6,98.4,,,,,,,,,,100.0,96.0,100.0,100.0
2018-12-24,92.4,72.6,98.4,,,,,,,,,,100.0,95.4,100.0,100.0
2018-12-25,69.6,54.0,98.4,,,,,,,,,,100.0,95.7,100.0,100.0
2018-12-26,,,,99.7,92.4,100.0,,,,,,,100.0,95.5,100.0,100.0
2018-12-27,,,,,,,,,,,,,100.0,95.4,100.0,100.0
2018-12-28,,,,,,,,,,,,,100.0,94.9,100.0,100.0
2018-12-29,35.9,33.8,98.4,,,,,,,,,,100.0,95.9,100.0,100.0
2018-12-30,7.9,20.4,98.4,,,,,,,,,,100.0,95.5,100.0,100.0
2018-12-31,21.2,27.4,98.4,100.0,98.5,49.7,,,,,,,100.0,96.0,100.0,100.0
2019-01-01,,,,,,,,,,,,,100.0,95.4,100.0,100.0
2019-01-02,,,,,,,,,,,,,100.0,96.4,100.0,100.0
2019-01-03,,,,,,,,,,,,,100.0,96.5,100.0,100.0
2019-01-04,48.3,46.2,94.8,,,,100.0,100.0,100.0,,,,100.0,98.1,100.0,100.0
2019-01-05,79.8,59.5,94.8,,,,,,,,,,100.0,98.4,100.0,100.0
2019-01-06,97.5,79.5,94.8,,,,,,,,,,100.0,98.9,100.0,100.0
2019-01-07,,,,,,,,,,,,,100.0,98.8,100.0,100.0
2019-01-08,,,,,,,,,,,,,100.0,98.9,100.0,100.0
2019-01-09,,,,,,,,,,,,,100.0,98.8,100.0,100.0
2019-01-10,99.6,90.2,94.8,100.0,99.8,100.0,,,,,,,100.0,99.3,100.0,100.0
2019-01-11,100.0,94.5,94.8,,,,,,,,,,100.0,99.2,100.0,100.0
2019-01-12,100.0,96.0,94.8,,,,,,,,,,100.0,99.2,100.0,100.0
2019-01-13,,,,,,,,,,,,,100.0,99.0,100.0,100.0
2019-01-14,,,,,,,,,,,,,100.0,99.2,100.0,100.0
2019-01-15,,,,100.0,99.8,100.0,,,,,,,100.0,99.4,100.0,100.0
2019-01-16,100.0,97.6,94.8,,,,,,,,,,100.0,99.3,100.0,100.0
2019-01-17,100.0,98.3,94.8,,,,,,,,,,100.0,99.3,100.0,100.0
2019-01-18,100.0,98.6,94.8,,,,,,,,,,100.0,99.3,100.0,100.0
2019-01-19,,,,,,,,,,,,,100.0,99.2,100.0,100.0
2019-01-20,,,,,,,,,,,,,100.0,99.3,100.0,100.0
2019-01-21,,,,,,,,,,,,,100.0,99.4,100.0,100.0
2019-01-22,100.0,99.3,94.8,,,,,,,,,,100.0,99.5,100.0,100.0
2019-01-23,100.0,99.7,94.8,,,,,,,,,,100.0,99.7,100.0,100.0
2019-01-24,100.0,99.8,94.8,,,,,,,,,,100.0,99.7,100.0,100.0
2019-01-25,,,,100.0,99.7,100.0,,,,,,,100.0,99.8,100.0,100.0
2019-01-26,,,,,,,,,,,,,100.0,99.8,100.0,100.0
2019-01-27,,,,,,,,,,,,,100.0,99.9,100.0,100.0
2019-01-28,100.0,99.9,94.8,,,,,,,,,,100.0,99.9,100.0,100.0
2019-01-29,100.0,99.9,94.8,,,,100.0,100.0,100.0,,,,100.0,99.9,100.0,100.0
2019-01-30,100.0,99.9,94.8,,,,,,,,,,100.0,99.9,100.0,100.0
2019-01-31,,,,,,,,,,,,,100.0,99.9,100.0,100.0
2019-02-01,,,,,,,,,,,,,100.0,99.9,100.0,100.0
2019-02-02,,,,,,,,,,,,,100.0,99.9,100.0,100.0
2019-02-03,100.0,99.9,94.8,,,,,,,,,,100.0,99.9,100.0,100.0
2019-02-04,100.0,99.9,94.8,100.0,99.7,100.0,,,,,,,100.0,99.9,100.0,100.0
2019-02-05,100.0,99.9,94.8,,,,100.0,100.0,100.0,,,,100.0,99.9,100.0,100.0
2019-02-06,,,,,,,,,,,,,100.0,99.9,100.0,100.0
2019-02-07,,,,,,,,,,,,,100.0,99.9,100.0,100.0
2019-02-08,,,,,,,,,,,,,100.0,99.9,100.0,100.0
2019-02-09,100.0,99.8,94.8,,,,,,,,,,100.0,99.9,100.0,100.0
2019-02-10,100.0,99.9,95.6,,,,,,,,,,100.0,99.9,100.0,100.0
2019-02-11,100.0,99.9,95.6,,,,,,,,,,100.0,99.9,100.0,100.0
2019-02-12,,,,,,,,,,,,,100.0,99.9,100.0,100.0
2019-02-13,,,,,,,,,,100.0,82.9,99.2,100.0,99.9,100.0,100.0
2019-02-14,,,,100.0,99.0,100.0,100.0,100.0,100.0,100.0,89.0,100.0,100.0,99.9,100.0,100.0
2019-02-15,,,,,,,,,,,,,100.0,99.9,100.0,100.0
2019-02-16,100.0,99.9,95.6,,,,,,,100.0,93.9,100.0,100.0,99.9,100.0,100.0
2019-02-17,100.0,99.7,95.6,,,,,,,100.0,96.8,100.0,100.0,99.9,100.0,100.0
2019-02-18,,,,,,,,,,100.0,98.6,100.0,100.0,99.9,100.0,100.0
2019-02-19,,,,100.0,98.3,100.0,,,,,,,100.0,99.9,100.0,100.0
2019-02-20,,,,,,,,,,100.0,99.2,100.0,100.0,99.9,100.0,100.0
2019-02-21,100.0,99.8,95.6,,,,100.0,100.0,100.0,100.0,98.8,100.0,100.0,99.9,100.0,100.0
2019-02-22,,,,,,,,,,,,,100.0,99.9,100.0,100.0
2019-02-23,100.0,99.7,95.6,,,,,,,100.0,97.9,100.0,100.0,99.9,100.0,100.0
2019-02-24,,,,100.0,99.7,100.0,,,,100.0,97.6,100.0,100.0,99.9,100.0,100.0
2019-02-25,,,,,,,,,,100.0,97.8,100.0,100.0,99.8,100.0,100.0
2019-02-26,,,,,,,,,,,,,100.0,99.8,100.0,100.0
2019-02-27,100.0,99.7,95.6,,,,,,,100.0,97.2,100.0,100.0,99.8,100.0,100.0
2019-02-28,100.0,99.4,95.6,,,,,,,100.0,96.4,100.0,100.0,99.7,100.0,100.0
2019-03-01,100.0,99.1,95.6,,,,,,,,,,100.0,99.6,100.0,100.0
2019-03-02,,,,,,,,,,,,,100.0,99.4,100.0,100.0
2019-03-03,,,,,,,,,,100.0,89.9,100.0,100.0,99.4,100.0,100.0
2019-03-04,,,,,,,,,,,,,100.0,99.2,100.0,100.0
2019-03-05,100.0,98.7,95.6,,,,,,,,,,100.0,99.2,100.0,100.0
2019-03-06,100.0,98.3,95.6,,,,,,,,,,100.0,99.1,100.0,100.0
2019-03-07,100.0,97.1,95.6,,,,,,,,,,100.0,99.0,100.0,100.0
2019-03-08,,,,,,,,,,,,,100.0,99.1,100.0,100.0
2019-03-09,,,,,,,,,,,,,100.0,98.7,100.0,100.0
2019-03-10,,,,,,,,,,,,,100.0,98.8,100.0,100.0
2019-03-11,100.0,97.5,95.6,,,,,,,100.0,84.8,60.2,100.0,99.0,100.0,100.0
2019-03-12,100.0,96.7,95.6,,,,,,,,,,100.0,99.1,100.0,100.0
2019-03-13,100.0,96.2,95.6,,,,,,,,,,100.0,99.1,100.0,100.0
2019-03-14,,,,,,,,,,,,,100.0,98.9,100.0,100.0
2019-03-15,,,,,,,,,,,,,100.0,99.0,100.0,100.0
2019-03-16,,,,100.0,99.1,100.0,,,,,,,100.0,99.2,100.0,100.0
2019-03-17,100.0,95.7,95.6,,,,,,,,,,100.0,99.2,100.0,100.0
2019-03-18,100.0,97.4,95.6,,,,,,,,,,100.0,99.1,100.0,100.0
2019-03-19,100.0,97.5,95.6,,,,,,,,,,100.0,99.2,100.0,100.0
2019-03-20,,,,,,,,,,,,,100.0,99.0,100.0,100.0
2019-03-21,,,,100.0,96.7,100.0,,,,,,,100.0,99.2,100.0,100.0
2019-03-22,,,,,,,,,,,,,100.0,98.9,100.0,100.0
2019-03-23,100.0,96.5,95.6,,,,,,,,,,100.0,99.1,100.0,100.0
2019-03-24,100.0,94.9,95.6,,,,,,,,,,100.0,98.9,100.0,100.0
2019-03-25,100.0,96.1,95.6,,,,,,,,,,100.0,99.1,100.0,100.0
2019-03-26,,,,100.0,95.7,100.0,,,,,,,100.0,99.0,100.0,100.0
2019-03-27,,,,,,,,,,,,,100.0,99.1,100.0,100.0
2019-03-28,,,,,,,,,,,,,100.0,98.9,100.0,100.0
2019-03-29,100.0,97.6,95.6,,,,,,,,,,100.0,99.1,100.0,100.0
2019-03-30,100.0,98.6,95.6,,,,,,,,,,100.0,99.1,100.0,100.0
2019-03-31,100.0,98.7,95.6,100.0,99.9,100.0,,,,,,,100.0,99.5,100.0,100.0
2019-04-01,,,,,,,,,,,,,100.0,99.2,100.0,100.0
2019-04-02,,,,,,,,,,,,,100.0,99.1,100.0,100.0
2019-04-03,,,,,,,,,,,,,100.0,99.1,100.0,100.0
2019-04-04,100.0,99.3,95.6,,,,,,,,,,100.0,99.4,100.0,100.0
2019-04-05,100.0,99.3,95.6,100.0,100.0,100.0,,,,,,,100.0,99.5,100.0,100.0
2019-04-06,100.0,99.7,95.6,,,,,,,,,,100.0,99.2,100.0,100.0
2019-04-07,,,,,,,,,,,,,100.0,98.8,100.0,100.0
2019-04-08,,,,,,,,,,,,,100.0,98.9,100.0,100.0
2019-04-09,,,,,,,,,,,,,100.0,98.7,100.0,100.0
2019-04-10,100.0,99.4,95.6,,,,,,,,,,100.0,98.5,100.0,100.0
2019-04-11,100.0,98.9,95.6,,,,,,,,,,100.0,98.0,100.0,100.0
2019-04-12,100.0,97.6,95.6,,,,,,,,,,100.0,97.6,100.0,100.0
2019-04-13,,,,,,,,,,,,,100.0,96.6,100.0,100.0
2019-04-14,,,,,,,,,,,,,100.0,95.1,100.0,100.0
2019-04-15,,,,100.0,89.5,100.0,,,,,,,100.0,94.1,100.0,100.0
2019-04-16,100.0,96.5,95.6,,,,,,,,,,100.0,91.3,100.0,100.0
2019-04-17,100.0,92.7,95.6,,,,,,,,,,100.0,88.7,100.0,100.0
2019-04-18,100.0,84.3,95.6,,,,,,,,,,100.0,86.1,100.0,100.0
2019-04-19,,,,,,,,,,,,,100.0,79.1,100.0,100.0
2019-04-20,,,,0.0,16.8,100.0,,,,,,,97.2,72.8,100.0,97.2
2019-04-21,,,,,,,,,,,,,49.4,60.6,100.0,49.4
2019-04-22,100.0,67.2,95.6,,,,,,,,,,24.3,51.5,100.0,24.3
2019-04-23,72.9,51.1,95.6,,,,,,,,,,8.8,41.1,100.0,8.8
2019-04-24,37.9,38.3,95.6,,,,,,,,,,2.4,32.8,100.0,2.4
2019-04-25,,,,0.0,1.4,62.9,,,,,,,1.6,26.7,100.0,1.6
2019-04-26,,,,,,,,,,,,,0.0,20.7,100.0,0.0
2019-04-27,,,,,,,,,,,,,0.0,17.3,100.0,0.0
2019-04-28,6.2,18.5,95.6,,,,,,,,,,0.0,15.6,100.0,0.0
2019-04-29,0.8,5.6,95.6,,,,,,,,,,0.0,14.3,100.0,0.0
2019-04-30,0.4,5.0,95.6,0.0,1.0,100.0,,,,,,,0.0,11.3,100.0,0.0
2019-05-01,,,,,,,,,,,,,0.0,8.4,100.0,0.0
2019-05-02,,,,,,,,,,,,,0.0,7.9,100.0,0.0
2019-05-03,,,,,,,,,,,,,0.0,6.9,100.0,0.0
2019-05-04,0.4,4.9,95.6,,,,,,,,,,0.0,6.3,100.0,0.0
2019-05-05,0.4,3.9,95.6,,,,,,,,,,0.0,5.9,100.0,0.0
2019-05-06,0.0,2.6,95.6,,,,,,,,,,0.0,5.9,100.0,0.0
2019-05-07,,,,,,,,,,,,,0.0,5.2,100.0,0.0
2019-05-08,,,,,,,,,,,,,0.0,5.9,100.0,0.0
2019-05-09,,,,,,,,,,,,,0.0,4.6,100.0,0.0
2019-05-10,0.4,2.7,95.6,,,,,,,,,,0.0,3.9,100.0,0.0
2019-05-11,0.0,2.2,95.6,,,,,,,,,,0.0,3.3,100.0,0.0
2019-05-12,0.0,2.3,95.6,,,,,,,,,,0.0,4.0,100.0,0.0
2019-05-13,,,,,,,,,,,,,0.0,4.6,100.0,0.0
2019-05-14,,,,,,,,,,,,,0.0,4.9,100.0,0.0
2019-05-15,,,,0.0,0.2,100.0,,,,,,,0.0,4.7,100.0,0.0
2019-05-16,0.0,2.8,95.6,,,,,,,,,,0.0,4.7,100.0,0.0
2019-05-17,0.0,2.1,95.6,,,,,,,,,,0.0,4.3,100.0,0.0
2019-05-18,0.0,2.7,95.6,,,,,,,,,,0.0,3.4,100.0,0.0
2019-05-19,,,,,,,,,,,,,0.0,3.1,100.0,0.0
2019-05-20,,,,,,,,,,,,,0.0,2.9,100.0,0.0
2019-05-21,,,,,,,,,,,,,0.0,3.4,100.0,0.0
2019-05-22,0.0,3.4,95.6,,,,,,,0.0,12.9,100.0,0.0,3.6,100.0,0.0
2019-05-23,0.0,2.1,95.6,,,,,,,,,,0.0,5.6,100.0,0.0
2019-05-24,0.0,3.5,95.6,,,,,,,,,,0.0,4.9,100.0,0.0
2019-05-25,,,,,,,,,,,,,0.0,5.5,100.0,0.0
2019-05-26,,,,,,,,,,,,,0.0,5.4,100.0,0.0
2019-05-27,,,,,,,,,,,,,0.0,5.3,100.0,0.0
2019-05-28,0.0,2.9,95.6,,,,,,,,,,0.0,4.7,100.0,0.0
2019-05-29,,,,,,,,,,,,,0.0,5.6,100.0,0.0
2019-05-30,0.4,5.1,95.6,0.0,0.2,100.0,,,,,,,0.0,5.2,100.0,0.0
2019-05-31,,,,,,,,,,,,,0.0,4.7,100.0,0.0
2019-06-01,,,,,,,,,,0.0,1.2,72.9,0.0,3.7,100.0,0.0
2019-06-02,,,,,,,,,,,,,0.0,4.2,100.0,0.0
2019-06-03,0.0,4.1,95.6,,,,,,,,,,0.0,3.6,100.0,0.0
2019-06-04,0.8,4.5,95.6,0.0,0.3,100.0,,,,,,,0.0,2.9,100.0,0.0
2019-06-05,0.8,5.6,95.6,,,,,,,0.0,0.2,100.0,0.0,2.1,100.0,0.0
2019-06-06,,,,,,,,,,,,,0.0,2.1,100.0,0.0
2019-06-07,,,,,,,,,,,,,0.0,1.6,100.0,0.0
2019-06-08,,,,,,,,,,0.0,0.0,100.0,0.0,1.6,100.0,0.0
2019-06-09,2.1,6.8,95.6,,,,,,,,,,0.0,1.4,100.0,0.0
2019-06-10,1.3,5.9,95.6,,,,,,,,,,0.0,1.1,100.0,0.0
2019-06-11,1.7,3.1,72.1,,,,,,,,,,0.0,1.0,100.0,0.0
2019-06-12,,,,,,,,,,,,,0.0,2.3,100.0,0.0
2019-06-13,,,,,,,2.5,4.5,94.4,,,,0.0,2.1,100.0,0.0
2019-06-14,,,,,,,,,,,,,0.0,1.4,100.0,0.0
2019-06-15,2.2,3.2,72.1,,,,,,,,,,0.0,0.8,100.0,0.0
2019-06-16,0.6,2.1,72.1,,,,,,,,,,0.0,1.2,100.0,0.0
2019-06-17,0.0,2.1,72.1,,,,,,,0.0,0.0,100.0,0.0,1.1,100.0,0.0
2019-06-18,,,,,,,,,,,,,0.0,1.2,100.0,0.0
2019-06-19,,,,0.0,0.2,100.0,,,,0.0,0.0,100.0,0.0,0.6,100.0,0.0
2019-06-20,,,,,,,,,,,,,0.0,0.8,100.0,0.0
2019-06-21,0.0,1.7,72.1,,,,,,,,,,0.0,0.7,100.0,0.0
2019-06-22,0.0,1.6,72.1,,,,,,,,,,0.0,0.6,100.0,0.0
2019-06-23,0.0,1.4,72.1,,,,,,,0.0,0.0,100.0,0.0,0.3,100.0,0.0
2019-06-24,,,,0.0,0.2,100.0,,,,,,,0.0,0.2,100.0,0.0
2019-06-25,,,,,,,,,,,,,0.0,0.2,100.0,0.0
2019-06-26,,,,,,,,,,0.0,0.0,100.0,0.0,0.1,100.0,0.0
2019-06-27,0.0,1.7,72.1,,,,,,,0.0,0.0,100.0,0.0,0.1,100.0,0.0
2019-06-28,0.0,1.9,72.1,,,,,,,0.0,0.0,100.0,0.0,0.1,100.0,0.0
2019-06-29,0.0,1.9,72.1,0.0,0.2,100.0,0.0,0.0,100.0,,,,0.0,0.1,100.0,0.0
2019-06-30,,,,,,,,,,0.0,0.0,100.0,0.0,0.0,100.0,0.0
2019-07-01,,,,,,,,,,,,,0.0,0.1,100.0,0.0
2019-07-02,,,,,,,,,,0.0,0.0,100.0,0.0,0.1,100.0,0.0
2019-07-03,0.0,2.9,72.1,,,,,,,,,,0.0,0.1,100.0,0.0
2019-07-04,0.0,3.0,72.1,0.0,0.3,99.6,,,,,,,0.0,0.1,100.0,0.0
2019-07-05,0.0,3.7,72.1,,,,,,,,,,0.0,0.1,100.0,0.0
2019-07-06,,,,,,,,,,,,,0.0,0.1,100.0,0.0
2019-07-07,,,,,,,0.0,0.0,34.7,,,,0.0,0.3,100.0,0.0
2019-07-08,,,,,,,,,,0.0,0.0,100.0,0.0,0.3,100.0,0.0
2019-07-09,0.0,2.4,72.1,,,,,,,,,,0.0,0.5,100.0,0.0
2019-07-10,0.0,1.6,72.1,,,,,,,,,,0.0,0.4,100.0,0.0
2019-07-11,0.0,1.9,72.1,,,,,,,0.0,0.0,98.8,0.0,0.3,100.0,0.0
2019-07-12,,,,,,,,,,,,,0.0,0.4,100.0,0.0
2019-07-13,,,,,,,,,,,,,0.0,0.4,100.0,0.0
2019-07-14,,,,0.0,0.4,100.0,,,,,,,0.0,0.3,100.0,0.0
2019-07-15,0.0,2.1,72.1,,,,,,,,,,0.0,0.3,100.0,0.0
2019-07-16,0.0,2.6,72.1,,,,,,,,,,0.0,0.2,100.0,0.0
2019-07-17,0.0,2.6,72.1,,,,,,,,,,0.0,0.2,100.0,0.0
2019-07-18,,,,,,,,,,0.0,0.0,71.3,0.0,0.1,100.0,0.0
2019-07-19,,,,0.0,0.3,100.0,,,,,,,0.0,0.1,100.0,0.0
2019-07-20,,,,,,,,,,,,,0.0,0.0,100.0,0.0
2019-07-21,0.0,2.8,72.1,,,,,,,,,,0.0,0.0,100.0,0.0
2019-07-22,0.0,2.6,72.1,,,,,,,,,,0.0,0.0,100.0,0.0
2019-07-23,0.6,3.4,72.1,,,,,,,,,,0.0,0.0,100.0,0.0
2019-07-24,,,,0.0,0.3,100.0,0.0,0.0,100.0,,,,0.0,0.0,100.0,0.0
2019-07-25,,,,,,,,,,,,,0.0,0.0,100.0,0.0
2019-07-26,,,,,,,,,,,,,0.0,0.0,100.0,0.0
2019-07-27,0.6,3.7,72.1,,,,,,,,,,0.0,0.0,100.0,0.0
2019-07-28,1.1,4.5,72.1,,,,,,,,,,0.0,0.0,100.0,0.0
2019-07-29,1.1,3.9,72.1,,,,,,,,,,0.0,0.0,100.0,0.0
2019-07-30,,,,,,,,,,,,,0.0,0.0,100.0,0.0
2019-07-31,,,,,,,,,,,,,0.0,0.0,100.0,0.0
2019-08-01,,,,,,,0.0,0.0,62.9,,,,0.0,0.0,100.0,0.0
2019-08-02,1.1,5.9,72.1,,,,,,,0.0,0.0,100.0,0.0,0.0,100.0,0.0
2019-08-03,1.7,7.1,72.1,0.0,0.4,100.0,,,,,,,0.0,0.0,100.0,0.0
2019-08-04,1.7,9.2,72.1,,,,,,,,,,0.0,0.0,100.0,0.0
2019-08-05,,,,,,,,,,,,,0.0,0.1,100.0,0.0
2019-08-06,,,,,,,,,,,,,0.0,0.0,100.0,0.0
2019-08-07,,,,,,,,,,,,,0.0,0.1,100.0,0.0
2019-08-08,2.8,12.9,72.1,0.0,0.4,100.0,,,,,,,0.0,0.1,100.0,0.0
2019-08-09,1.7,8.5,72.1,,,,0.0,0.0,65.7,0.0,0.0,100.0,0.0,0.0,100.0,0.0
2019-08-10,1.7,6.4,72.1,,,,,,,,,,0.0,0.0,100.0,0.0
2019-08-11,,,,,,,,,,,,,0.0,0.0,100.0,0.0
2019-08-12,,,,,,,,,,,,,0.0,0.1,100.0,0.0
2019-08-13,,,,,,,,,,,,,0.0,0.0,100.0,0.0
2019-08-14,1.7,7.4,72.1,,,,,,,0.0,0.0,100.0,0.0,0.0,100.0,0.0
2019-08-15,1.7,6.8,72.1,,,,,,,,,,0.0,0.0,100.0,0.0
2019-08-16,1.7,5.4,72.1,,,,0.0,0.1,99.6,,,,0.0,0.1,100.0,0.0
2019-08-17,,,,,,,0.0,0.0,93.6,0.0,0.0,100.0,0.0,0.0,100.0,0.0
2019-08-18,,,,0.0,0.2,100.0,,,,,,,0.0,0.0,100.0,0.0
2019-08-19,,,,,,,,,,,,,0.0,0.0,100.0,0.0
2019-08-20,0.6,2.7,72.1,,,,,,,,,,0.0,0.0,100.0,0.0
2019-08-21,0.0,1.2,72.1,,,,,,,0.0,0.0,100.0,0.0,0.0,100.0,0.0
2019-08-22,0.0,0.9,72.1,,,,,,,,,,0.0,0.0,100.0,0.0
2019-08-23,,,,0.0,0.5,100.0,,,,,,,0.0,0.0,100.0,0.0
2019-08-24,,,,,,,,,,,,,0.0,0.0,100.0,0.0
2019-08-25,,,,,,,0.0,0.0,100.0,0.0,0.0,100.0,0.0,0.0,100.0,0.0
2019-08-26,0.0,0.7,72.1,,,,,,,0.0,0.0,100.0,0.0,0.0,100.0,0.0
2019-08-27,0.0,0.5,72.1,,,,,,,,,,0.0,0.0,100.0,0.0
2019-08-28,0.0,0.4,72.1,,,,,,,0.0,0.0,100.0,0.0,0.0,100.0,0.0
2019-08-29,,,,,,,,,,,,,0.0,0.0,100.0,0.0
2019-08-30,,,,,,,,,,,,,0.0,0.0,100.0,0.0
2019-08-31,,,,,,,,,,,,,0.0,0.0,100.0,0.0
2019-09-01,0.0,0.5,72.1,,,,0.0,0.0,100.0,,,,0.0,0.0,100.0,0.0
2019-09-02,0.0,0.6,72.1,,,,,,,,,,0.0,0.0,100.0,0.0
2019-09-03,0.0,1.2,72.1,,,,,,,,,,0.0,0.0,100.0,0.0
2019-09-04,,,,,,,,,,,,,0.0,0.0,100.0,0.0
2019-09-05,,,,,,,,,,0.0,0.0,100.0,0.0,0.0,100.0,0.0
2019-09-06,,,,,,,,,,,,,0.0,0.0,100.0,0.0
2019-09-07,0.0,1.8,72.1,,,,,,,,,,0.0,0.0,100.0,0.0
2019-09-08,0.0,2.5,72.1,,,,,,,,,,0.0,0.0,100.0,0.0
2019-09-09,0.0,2.7,72.1,,,,,,,,,,0.0,0.0,100.0,0.0
2019-09-10,,,,,,,,,,,,,0.0,0.0,100.0,0.0
2019-09-11,,,,,,,,,,,,,0.0,0.0,100.0,0.0
2019-09-12,,,,0.0,0.6,100.0,,,,,,,0.0,0.0,100.0,0.0
2019-09-13,0.0,4.4,72.1,,,,,,,,,,0.0,0.0,100.0,0.0
2019-09-14,0.0,6.2,72.1,,,,,,,,,,0.0,0.0,100.0,0.0
2019-09-15,0.0,6.0,72.1,,,,,,,,,,0.0,0.0,100.0,0.0
2019-09-16,,,,,,,,,,,,,0.0,0.0,100.0,0.0
2019-09-17,,,,0.0,0.2,37.1,,,,,,,0.0,0.0,100.0,0.0
2019-09-18,,,,,,,,,,,,,0.0,0.0,100.0,0.0
2019-09-19,0.0,7.1,72.1,,,,,,,,,,0.0,0.0,100.0,0.0
2019-09-20,0.0,7.1,72.1,,,,,,,,,,0.0,0.0,100.0,0.0
2019-09-21,0.0,6.9,72.1,,,,,,,,,,0.0,0.0,100.0,0.0
2019-09-22,,,,,,,,,,,,,0.0,0.0,100.0,0.0
2019-09-23,,,,,,,,,,,,,0.0,0.0,100.0,0.0
2019-09-24,,,,,,,,,,,,,0.0,0.1,100.0,0.0
2019-09-25,0.0,5.8,72.1,,,,,,,,,,0.0,0.1,100.0,0.0
2019-09-26,0.0,5.9,72.1,,,,,,,,,,0.0,0.1,100.0,0.0
2019-09-27,0.0,5.2,72.1,0.0,0.2,100.0,,,,,,,0.0,0.1,100.0,0.0
2019-09-28,,,,,,,,,,,,,0.0,0.1,100.0,0.0
2019-09-29,,,,,,,,,,,,,0.0,0.2,100.0,0.0
2019-09-30,,,,,,,,,,0.0,0.0,100.0,0.0,0.1,100.0,0.0
2019-10-01,0.0,6.2,72.1,,,,,,,,,,0.0,0.1,100.0,0.0
2019-10-02,0.0,5.1,72.1,,,,,,,,,,0.0,0.1,100.0,0.0
2019-10-03,0.0,5.7,72.1,,,,0.0,0.0,100.0,,,,0.0,0.1,100.0,0.0
2019-10-04,,,,,,,,,,,,,0.0,0.1,100.0,0.0
2019-10-05,,,,,,,,,,0.0,0.1,66.1,0.0,0.1,100.0,0.0
2019-10-06,,,,,,,,,,,,,0.0,0.2,100.0,0.0
2019-10-07,0.0,7.8,72.1,,,,,,,,,,0.0,0.3,100.0,0.0
2019-10-08,0.0,11.4,72.1,,,,,,,0.0,0.1,53.0,0.0,0.2,100.0,0.0
2019-10-09,0.0,7.6,72.1,,,,,,,,,,0.0,0.3,100.0,0.0
2019-10-10,,,,,,,,,,,,,0.0,0.5,100.0,0.0
2019-10-11,,,,,,,,,,,,,0.0,0.7,100.0,0.0
2019-10-12,,,,0.0,0.1,100.0,,,,,,,0.0,0.6,100.0,0.0
2019-10-13,0.0,10.1,72.1,,,,,,,,,,0.0,0.4,100.0,0.0
2019-10-14,0.0,8.7,72.1,,,,,,,,,,0.0,0.6,100.0,0.0
2019-10-15,0.0,8.5,72.1,,,,,,,,,,0.0,0.6,100.0,0.0
2019-10-16,,,,,,,,,,0.0,0.1,100.0,0.0,0.6,100.0,0.0
2019-10-17,,,,0.0,0.2,100.0,,,,0.0,0.3,100.0,0.0,0.5,100.0,0.0
2019-10-18,,,,,,,,,,,,,0.0,0.7,100.0,0.0
2019-10-19,0.0,5.9,72.1,,,,,,,,,,0.0,0.9,100.0,0.0
2019-10-20,0.0,4.4,72.1,,,,,,,,,,0.0,1.2,100.0,0.0
2019-10-21,0.0,3.7,72.1,,,,,,,,,,0.0,1.2,100.0,0.0
2019-10-22,,,,0.0,0.2,100.0,,,,,,,0.0,1.3,100.0,0.0
2019-10-23,,,,,,,,,,0.0,0.9,100.0,0.0,1.1,100.0,0.0
2019-10-24,,,,,,,,,,,,,0.0,1.5,100.0,0.0
2019-10-25,0.0,4.7,72.1,,,,,,,,,,0.0,1.5,100.0,0.0
2019-10-26,0.0,5.6,72.1,,,,,,,,,,0.0,1.5,100.0,0.0
2019-10-27,0.0,3.4,72.1,0.0,0.2,99.6,,,,,,,0.0,1.5,100.0,0.0
2019-10-28,,,,,,,,,,,,,0.0,1.6,100.0,0.0
2019-10-29,,,,,,,,,,,,,0.0,1.4,100.0,0.0
2019-10-30,,,,,,,,,,,,,0.0,1.2,100.0,0.0
2019-10-31,0.0,4.5,72.1,,,,,,,,,,0.0,1.0,100.0,0.0
2019-11-01,0.0,2.5,72.1,,,,,,,0.0,2.4,100.0,0.0,1.1,100.0,0.0
2019-11-02,0.0,2.8,72.1,,,,,,,,,,0.0,1.1,100.0,0.0
2019-11-03,,,,,,,,,,,,,0.0,1.1,100.0,0.0
2019-11-04,,,,,,,,,,,,,0.0,1.3,100.0,0.0
2019-11-05,,,,,,,,,,,,,0.0,1.4,100.0,0.0
2019-11-06,0.0,2.2,72.1,,,,,,,,,,0.0,1.6,100.0,0.0
2019-11-07,0.0,1.8,72.1,,,,,,,,,,0.0,1.6,100.0,0.0
2019-11-08,0.0,2.6,72.1,,,,,,,0.2,15.8,95.2,0.0,2.0,100.0,0.0
2019-11-09,,,,,,,,,,,,,0.0,2.3,100.0,0.0
2019-11-10,,,,,,,,,,,,,0.0,2.5,100.0,0.0
2019-11-11,,,,,,,,,,,,,0.0,2.9,100.0,0.0
2019-11-12,0.0,2.2,72.1,,,,,,,,,,0.0,4.4,100.0,0.0
2019-11-13,0.0,2.9,72.1,,,,0.0,1.1,100.0,,,,0.0,6.0,100.0,0.0
2019-11-14,0.0,3.4,72.1,,,,,,,,,,0.0,8.1,100.0,0.0
2019-11-15,,,,,,,,,,,,,0.0,10.0,100.0,0.0
2019-11-16,,,,1.1,6.5,94.8,,,,,,,0.4,13.7,100.0,0.4
2019-11-17,,,,,,,,,,,,,0.4,20.4,100.0,0.4
2019-11-18,0.0,3.9,72.1,,,,,,,,,,0.4,24.3,100.0,0.4
2019-11-19,0.0,5.3,72.1,,,,,,,,,,0.8,31.0,100.0,0.8
2019-11-20,0.0,6.7,72.1,,,,1.2,8.9,100.0,,,,2.4,38.0,100.0,2.4
2019-11-21,,,,7.8,30.2,100.0,,,,,,,19.5,49.5,100.0,19.5
2019-11-22,,,,,,,,,,,,,23.1,51.1,100.0,23.1
2019-11-23,,,,,,,,,,,,,48.6,55.2,100.0,48.6
2019-11-24,0.0,10.1,72.1,,,,,,,,,,59.0,57.9,100.0,59.0
2019-11-25,0.0,10.7,72.1,,,,,,,,,,78.1,64.9,100.0,78.1
2019-11-26,0.0,8.7,72.1,,,,,,,,,,89.2,67.1,100.0,89.2
2019-11-27,,,,,,,,,,,,,97.2,69.4,100.0,97.2
2019-11-28,,,,,,,,,,,,,100.0,71.1,100.0,100.0
2019-11-29,,,,,,,,,,,,,100.0,75.1,100.0,100.0
2019-11-30,4.0,20.1,100.0,,,,,,,,,,100.0,78.4,100.0,100.0
2019-12-01,8.4,26.2,100.0,,,,,,,,,,100.0,80.4,100.0,100.0
2019-12-02,73.7,51.6,100.0,,,,,,,,,,100.0,83.1,100.0,100.0
2019-12-03,,,,,,,,,,,,,100.0,84.1,100.0,100.0
2019-12-04,,,,,,,,,,92.2,74.0,100.0,100.0,86.3,100.0,100.0
2019-12-05,,,,,,,,,,,,,100.0,86.2,100.0,100.0
2019-12-06,99.6,76.3,100.0,100.0,75.5,100.0,99.6,77.6,100.0,,,,100.0,91.0,100.0,100.0
2019-12-07,87.6,63.4,100.0,,,,,,,,,,100.0,89.2,100.0,100.0
2019-12-08,75.7,51.7,100.0,,,,,,,98.8,84.4,100.0,100.0,90.3,100.0,100.0
2019-12-09,,,,,,,,,,100.0,94.7,100.0,100.0,88.5,100.0,100.0
2019-12-10,,,,,,,,,,,,,100.0,89.7,100.0,100.0
2019-12-11,,,,,,,,,,,,,100.0,88.5,100.0,100.0
2019-12-12,59.4,47.3,100.0,,,,,,,100.0,97.0,100.0,100.0,90.7,100.0,100.0
2019-12-13,86.9,61.8,100.0,,,,,,,,,,100.0,89.5,100.0,100.0
2019-12-14,56.6,46.1,100.0,,,,,,,,,,100.0,89.9,100.0,100.0
2019-12-15,,,,,,,,,,100.0,97.5,100.0,100.0,88.7,100.0,100.0
2019-12-16,,,,,,,,,,,,,100.0,89.7,100.0,100.0
2019-12-17,,,,,,,,,,,,,100.0,89.8,100.0,100.0
2019-12-18,48.6,42.8,100.0,,,,,,,,,,100.0,90.9,100.0,100.0
2019-12-19,70.5,50.1,100.0,,,,,,,100.0,95.9,100.0,100.0,91.5,100.0,100.0
2019-12-20,100.0,68.8,100.0,,,,,,,,,,100.0,93.6,100.0,100.0
2019-12-21,,,,,,,,,,,,,100.0,93.5,100.0,100.0
2019-12-22,,,,,,,,,,,,,100.0,95.3,100.0,100.0
2019-12-23,,,,,,,,,,,,,100.0,95.6,100.0,100.0
2019-12-24,100.0,78.2,100.0,,,,,,,,,,100.0,96.7,100.0,100.0
2019-12-25,100.0,88.2,100.0,,,,,,,100.0,98.0,100.0,100.0,97.2,100.0,100.0
2019-12-26,100.0,90.3,100.0,100.0,97.8,100.0,,,,,,,100.0,98.2,100.0,100.0
2019-12-27,,,,,,,,,,,,,100.0,97.9,100.0,100.0
2019-12-28,,,,,,,,,,,,,100.0,98.3,100.0,100.0
2019-12-29,,,,,,,,,,100.0,89.4,100.0,100.0,98.3,100.0,100.0
2019-12-30,100.0,96.3,100.0,,,,,,,,,,100.0,98.7,100.0,100.0
2019-12-31,,,,100.0,98.9,100.0,100.0,99.8,100.0,,,,100.0,98.9,100.0,100.0
2020-01-01,100.0,97.9,96.0,,,,,,,,,,100.0,98.5,100.0,100.0
2020-01-02,,,,,,,,,,,,,100.0,98.4,100.0,100.0
2020-01-03,,,,,,,,,,,,,100.0,98.7,100.0,100.0
2020-01-04,,,,,,,,,,95.6,71.5,100.0,100.0,98.7,100.0,100.0
2020-01-05,100.0,98.9,96.0,100.0,96.6,100.0,,,,96.8,85.9,100.0,100.0,99.3,100.0,100.0
2020-01-06,,,,,,,,,,,,,100.0,98.9,100.0,100.0
2020-01-07,100.0,99.0,96.0,,,,100.0,99.9,100.0,,,,100.0,99.3,100.0,100.0
2020-01-08,,,,,,,,,,,,,100.0,99.1,100.0,100.0
2020-01-09,,,,,,,,,,,,,100.0,99.3,100.0,100.0
2020-01-10,,,,,,,,,,,,,100.0,99.1,100.0,100.0
2020-01-11,100.0,99.3,96.0,,,,,,,97.2,92.5,100.0,100.0,99.3,100.0,100.0
2020-01-12,100.0,99.6,96.0,,,,,,,98.2,93.7,100.0,100.0,99.3,100.0,100.0
2020-01-13,100.0,99.6,96.0,,,,,,,,,,100.0,99.5,100.0,100.0
2020-01-14,,,,,,,,,,,,,100.0,99.3,100.0,100.0
2020-01-15,,,,100.0,96.3,100.0,,,,,,,100.0,99.5,100.0,100.0
2020-01-16,,,,,,,100.0,99.8,100.0,99.2,95.3,100.0,100.0,99.5,100.0,100.0
2020-01-17,100.0,99.7,96.0,,,,,,,,,,100.0,99.5,100.0,100.0
2020-01-18,100.0,99.6,96.0,,,,,,,,,,100.0,99.5,100.0,100.0
2020-01-19,100.0,99.6,96.0,,,,,,,,,,100.0,99.5,100.0,100.0
2020-01-20,,,,100.0,98.4,100.0,,,,,,,100.0,99.4,100.0,100.0
2020-01-21,,,,,,,,,,,,,100.0,99.3,100.0,100.0
2020-01-22,,,,,,,,,,,,,100.0,99.2,100.0,100.0
2020-01-23,100.0,99.4,96.0,,,,,,,,,,100.0,99.3,100.0,100.0
2020-01-24,100.0,98.9,96.0,,,,,,,,,,100.0,99.2,100.0,100.0
2020-01-25,100.0,98.0,96.0,100.0,98.3,100.0,,,,,,,100.0,99.2,100.0,100.0
2020-01-26,,,,,,,,,,,,,100.0,98.7,100.0,100.0
2020-01-27,,,,,,,,,,,,,100.0,98.5,100.0,100.0
2020-01-28,,,,,,,,,,,,,100.0,98.4,100.0,100.0
2020-01-29,100.0,97.2,96.0,,,,,,,,,,100.0,98.4,100.0,100.0
2020-01-30,100.0,91.7,96.0,100.0,98.0,100.0,,,,,,,100.0,98.3,100.0,100.0
2020-01-31,100.0,88.9,96.0,,,,,,,100.0,95.7,100.0,100.0,97.8,100.0,100.0
2020-02-01,,,,,,,,,,,,,100.0,96.7,100.0,100.0
2020-02-02,,,,,,,,,,,,,100.0,96.3,100.0,100.0
2020-02-03,,,,,,,,,,,,,100.0,95.1,100.0,100.0
2020-02-04,100.0,77.0,96.0,,,,,,,,,,100.0,95.0,100.0,100.0
2020-02-05,,,,,,,,,,,,,100.0,94.0,100.0,100.0
2020-02-06,84.2,61.4,96.0,,,,,,,,,,100.0,94.3,100.0,100.0
2020-02-07,,,,,,,,,,100.0,96.1,100.0,100.0,93.2,100.0,100.0
2020-02-08,,,,,,,,,,100.0,96.4,100.0,100.0,93.3,100.0,100.0
2020-02-09,,,,100.0,95.5,100.0,,,,,,,100.0,93.2,100.0,100.0
2020-02-10,56.7,47.7,96.0,,,,,,,,,,100.0,92.6,100.0,100.0
2020-02-11,36.3,35.8,96.0,,,,,,,,,,100.0,90.9,100.0,100.0
2020-02-12,21.7,27.6,96.0,,,,,,,,,,100.0,91.6,100.0,100.0
2020-02-13,,,,,,,,,,,,,100.0,90.5,100.0,100.0
2020-02-14,,,,99.8,90.0,100.0,,,,,,,100.0,91.5,100.0,100.0
2020-02-15,,,,,,,,,,100.0,96.1,100.0,100.0,89.2,100.0,100.0
2020-02-16,17.1,22.6,96.0,,,,,,,,,,100.0,90.7,100.0,100.0
2020-02-17,30.8,35.8,96.0,,,,,,,,,,100.0,89.4,100.0,100.0
2020-02-18,63.7,51.9,96.0,,,,,,,,,,100.0,91.4,100.0,100.0
2020-02-19,,,,,,,,,,,,,100.0,90.8,100.0,100.0
2020-02-20,,,,,,,,,,100.0,94.4,100.0,100.0,93.0,100.0,100.0
2020-02-21,,,,,,,,,,,,,100.0,92.8,100.0,100.0
2020-02-22,95.8,72.6,96.0,,,,,,,,,,100.0,94.4,100.0,100.0
2020-02-23,100.0,77.6,95.6,,,,,,,,,,100.0,93.6,100.0,100.0
2020-02-24,98.8,79.6,96.0,100.0,82.8,100.0,100.0,87.6,100.0,,,,100.0,95.4,100.0,100.0
2020-02-25,,,,,,,,,,,,,100.0,93.1,100.0,100.0
2020-02-26,,,,,,,,,,,,,100.0,94.1,100.0,100.0
2020-02-27,,,,,,,,,,,,,100.0,92.9,100.0,100.0
2020-02-28,100.0,87.5,96.0,,,,,,,,,,100.0,94.9,100.0,100.0
2020-02-29,,,,,,,,,,,,,100.0,93.5,100.0,100.0
2020-03-01,100.0,90.9,96.0,,,,,,,,,,100.0,94.4,100.0,100.0
2020-03-02,,,,,,,,,,,,,100.0,92.9,100.0,100.0
2020-03-03,,,,,,,,,,,,,100.0,93.6,100.0,100.0
2020-03-04,,,,,,,,,,,,,100.0,92.7,100.0,100.0
2020-03-05,100.0,93.3,96.0,,,,,,,,,,100.0,93.0,100.0,100.0
2020-03-06,100.0,91.7,96.0,,,,,,,,,,100.0,92.6,100.0,100.0
2020-03-07,100.0,90.8,96.0,,,,,,,,,,100.0,93.4,100.0,100.0
2020-03-08,,,,,,,,,,,,,100.0,92.0,100.0,100.0
2020-03-09,,,,,,,,,,,,,100.0,92.6,100.0,100.0
2020-03-10,,,,,,,,,,,,,100.0,92.6,100.0,100.0
2020-03-11,100.0,91.7,96.0,,,,,,,,,,100.0,93.5,100.0,100.0
2020-03-12,,,,,,,,,,,,,100.0,91.8,100.0,100.0
2020-03-13,100.0,91.3,96.0,,,,,,,99.8,85.1,100.0,100.0,92.9,100.0,100.0
2020-03-14,,,,,,,,,,97.4,79.5,100.0,100.0,91.7,100.0,100.0
2020-03-15,,,,96.4,85.4,100.0,,,,,,,100.0,93.7,100.0,100.0
2020-03-16,,,,,,,,,,,,,100.0,91.0,100.0,100.0
2020-03-17,100.0,88.5,96.0,,,,,,,,,,100.0,91.8,100.0,100.0
2020-03-18,100.0,86.0,96.0,,,,,,,55.6,47.8,100.0,100.0,89.5,100.0,100.0
2020-03-19,99.2,79.5,96.0,,,,,,,,,,100.0,90.3,100.0,100.0
2020-03-20,,,,89.7,79.1,76.0,,,,,,,99.6,87.9,100.0,99.6
2020-03-21,,,,,,,,,,,,,100.0,87.2,100.0,100.0
2020-03-22,,,,,,,,,,,,,99.6,82.8,100.0,99.6
2020-03-23,100.0,83.5,96.0,,,,,,,,,,99.6,83.4,100.0,99.6
2020-03-24,,,,,,,,,,,,,99.2,78.8,100.0,99.2
2020-03-25,87.1,64.9,96.0,53.2,53.2,100.0,,,,,,,99.2,80.6,100.0,99.2
2020-03-26,,,,,,,,,,,,,92.8,72.0,100.0,92.8
2020-03-27,,,,,,,,,,,,,85.6,68.6,100.0,85.6
2020-03-28,,,,,,,,,,,,,72.0,64.6,100.0,72.0
2020-03-29,79.2,55.0,96.0,,,,,,,,,,53.2,60.1,100.0,53.2
2020-03-30,12.1,25.4,96.0,,,,,,,,,,18.0,48.3,100.0,18.0
2020-03-31,8.3,19.4,96.0,,,,,,,,,,4.0,38.6,100.0,4.0
2020-04-01,,,,,,,,,,,,,1.6,33.3,100.0,1.6
2020-04-02,,,,,,,,,,,,,0.4,25.4,100.0,0.4
2020-04-03,,,,,,,,,,0.0,12.7,100.0,0.0,17.5,100.0,0.0
2020-04-04,0.8,9.2,96.0,21.6,25.1,100.0,,,,,,,0.0,15.8,100.0,0.0
2020-04-05,,,,,,,0.0,3.7,100.0,,,,0.0,14.3,100.0,0.0
2020-04-06,0.0,4.3,96.0,,,,,,,0.0,1.2,100.0,0.0,10.3,100.0,0.0
2020-04-07,,,,,,,,,,0.0,0.4,100.0,0.0,8.8,100.0,0.0
2020-04-08,,,,,,,,,,,,,0.0,8.7,100.0,0.0
2020-04-09,,,,0.0,2.3,100.0,,,,,,,0.0,10.4,100.0,0.0
2020-04-10,0.0,2.6,96.0,,,,,,,,,,0.0,7.6,100.0,0.0
2020-04-11,0.0,2.0,100.0,,,,,,,0.0,0.1,100.0,0.0,7.0,100.0,0.0
2020-04-12,0.0,2.5,100.0,,,,,,,0.0,0.1,100.0,0.0,7.5,100.0,0.0
2020-04-13,,,,,,,,,,,,,0.0,11.4,100.0,0.0
2020-04-14,,,,0.0,0.4,100.0,,,,,,,0.0,10.4,100.0,0.0
2020-04-15,,,,,,,,,,0.0,0.0,100.0,0.0,8.5,100.0,0.0
2020-04-16,0.0,2.1,100.0,,,,,,,,,,0.0,7.4,100.0,0.0
2020-04-17,,,,,,,,,,,,,0.0,9.4,100.0,0.0
2020-04-18,0.0,1.6,100.0,,,,,,,,,,0.0,7.8,100.0,0.0
2020-04-19,,,,,,,,,,,,,0.0,7.0,100.0,0.0
2020-04-20,,,,,,,,,,0.0,0.0,100.0,0.0,4.5,100.0,0.0
2020-04-21,,,,,,,,,,,,,0.0,7.3,100.0,0.0
2020-04-22,0.0,1.6,100.0,,,,,,,,,,0.0,6.8,100.0,0.0
2020-04-23,0.0,1.3,100.0,,,,,,,,,,0.0,5.0,100.0,0.0
2020-04-24,0.0,2.2,100.0,0.0,0.4,31.2,,,,0.0,0.0,100.0,0.0,3.5,100.0,0.0
2020-04-25,,,,,,,,,,,,,0.0,4.5,100.0,0.0
2020-04-26,,,,,,,,,,,,,0.0,3.4,100.0,0.0
2020-04-27,,,,,,,,,,0.0,0.0,100.0,0.0,2.4,100.0,0.0
2020-04-28,0.0,1.4,100.0,,,,,,,,,,0.0,1.9,100.0,0.0
2020-04-29,,,,,,,,,,,,,0.0,2.0,100.0,0.0
2020-04-30,0.0,1.5,100.0,,,,,,,,,,0.0,1.4,100.0,0.0
2020-05-01,,,,,,,,,,,,,0.0,1.1,100.0,0.0
2020-05-02,,,,,,,,,,,,,0.0,1.3,100.0,0.0
2020-05-03,,,,,,,,,,,,,0.0,1.2,100.0,0.0
2020-05-04,0.0,1.5,100.0,0.0,0.2,100.0,,,,,,,0.0,0.6,100.0,0.0
2020-05-05,0.0,1.8,100.0,,,,,,,,,,0.0,0.2,100.0,0.0
2020-05-06,0.0,1.8,100.0,,,,,,,,,,0.0,0.4,100.0,0.0
2020-05-07,,,,,,,0.0,0.0,100.0,,,,0.0,0.4,100.0,0.0
2020-05-08,,,,,,,,,,,,,0.0,0.3,100.0,0.0
2020-05-09,,,,0.0,0.2,100.0,,,,,,,0.0,0.3,100.0,0.0
2020-05-10,0.0,2.1,100.0,,,,,,,,,,0.0,0.6,100.0,0.0
2020-05-11,,,,,,,,,,,,,0.0,0.9,100.0,0.0
2020-05-12,0.0,1.9,100.0,,,,,,,,,,0.0,0.8,100.0,0.0
2020-05-13,,,,,,,,,,,,,0.0,0.7,100.0,0.0
2020-05-14,,,,,,,,,,,,,0.0,1.2,100.0,0.0
2020-05-15,,,,,,,,,,,,,0.0,2.1,100.0,0.0
2020-05-16,0.0,2.4,100.0,,,,,,,0.0,0.0,100.0,0.0,2.2,100.0,0.0
2020-05-17,0.0,2.2,100.0,,,,,,,,,,0.0,3.1,100.0,0.0
2020-05-18,0.4,2.7,100.0,,,,,,,,,,0.0,3.3,100.0,0.0
2020-05-19,,,,0.0,0.2,100.0,,,,,,,0.0,4.0,100.0,0.0
2020-05-20,,,,,,,,,,0.0,0.0,100.0,0.0,2.9,100.0,0.0
2020-05-21,,,,,,,,,,,,,0.0,3.4,100.0,0.0
2020-05-22,0.0,2.0,100.0,,,,,,,,,,0.0,3.4,100.0,0.0
2020-05-23,,,,,,,,,,,,,0.0,5.4,100.0,0.0
2020-05-24,0.0,1.8,100.0,0.0,0.2,100.0,,,,,,,0.0,6.1,100.0,0.0
2020-05-25,,,,,,,,,,,,,0.0,4.7,100.0,0.0
2020-05-26,,,,,,,,,,,,,0.0,4.3,100.0,0.0
2020-05-27,,,,,,,,,,,,,0.0,4.9,100.0,0.0
2020-05-28,0.0,2.2,100.0,,,,,,,0.0,0.0,100.0,0.0,3.2,100.0,0.0
2020-05-29,0.4,1.8,100.0,0.0,0.2,100.0,,,,,,,0.0,3.7,100.0,0.0
2020-05-30,0.0,2.6,100.0,,,,,,,,,,0.0,2.7,100.0,0.0
2020-05-31,,,,,,,,,,0.0,0.0,40.8,0.0,2.9,100.0,0.0
2020-06-01,,,,,,,,,,,,,0.0,2.0,100.0,0.0
2020-06-02,,,,,,,,,,,,,0.0,2.7,100.0,0.0
2020-06-03,0.0,1.9,100.0,,,,,,,,,,0.0,2.1,100.0,0.0
2020-06-04,,,,,,,,,,,,,0.0,2.6,100.0,0.0
2020-06-05,0.0,2.5,100.0,,,,,,,,,,0.0,1.4,100.0,0.0
2020-06-06,,,,,,,,,,,,,0.0,2.8,100.0,0.0
2020-06-07,,,,,,,,,,,,,0.0,2.7,100.0,0.0
2020-06-08,,,,,,,,,,,,,0.0,3.4,100.0,0.0
2020-06-09,0.8,2.8,100.0,,,,,,,,,,0.0,1.5,100.0,0.0
2020-06-10,0.0,3.4,99.6,,,,,,,,,,0.0,2.0,100.0,0.0
2020-06-11,,,,,,,,,,,,,0.0,2.3,100.0,0.0
2020-06-12,,,,,,,,,,0.0,0.0,100.0,0.0,2.5,100.0,0.0
2020-06-13,,,,,,,,,,,,,0.0,2.1,100.0,0.0
2020-06-14,,,,,,,,,,,,,0.0,2.6,100.0,0.0
2020-06-15,0.8,4.6,100.0,,,,,,,,,,0.0,3.0,100.0,0.0
2020-06-16,,,,,,,,,,,,,0.0,5.2,100.0,0.0
2020-06-17,1.6,5.6,100.0,,,,,,,,,,0.0,2.4,100.0,0.0
2020-06-18,,,,,,,,,,,,,0.0,2.5,100.0,0.0
2020-06-19,,,,,,,,,,,,,0.0,2.8,100.0,0.0
2020-06-20,,,,,,,,,,0.0,0.0,100.0,0.0,3.1,100.0,0.0
2020-06-21,3.2,6.6,100.0,,,,,,,0.0,0.0,100.0,0.0,2.8,100.0,0.0
2020-06-22,5.2,6.8,100.0,,,,,,,0.0,0.0,56.4,0.0,2.5,100.0,0.0
2020-06-23,,,,0.0,0.2,100.0,,,,,,,0.0,2.4,100.0,0.0
2020-06-24,,,,,,,,,,,,,0.0,2.2,100.0,0.0
2020-06-25,,,,,,,,,,0.0,0.0,100.0,0.0,1.8,100.0,0.0
2020-06-26,,,,,,,,,,0.0,0.0,100.0,0.0,1.6,100.0,0.0
2020-06-27,5.2,10.1,100.0,,,,,,,,,,0.0,1.9,100.0,0.0
2020-06-28,,,,0.0,0.2,100.0,,,,,,,0.0,1.7,100.0,0.0
2020-06-29,5.6,8.1,100.0,,,,,,,,,,0.0,1.7,100.0,0.0
2020-06-30,,,,,,,,,,0.0,0.0,100.0,0.0,1.3,100.0,0.0
2020-07-01,,,,,,,0.0,0.0,30.0,,,,0.0,1.6,100.0,0.0
2020-07-02,,,,,,,,,,,,,0.0,1.6,100.0,0.0
2020-07-03,6.0,10.2,100.0,,,,,,,,,,0.0,1.9,100.0,0.0
2020-07-04,7.2,7.9,100.0,,,,,,,0.0,0.0,100.0,0.0,1.5,100.0,0.0
2020-07-05,7.2,8.8,100.0,,,,,,,,,,0.0,2.0,100.0,0.0
2020-07-06,,,,,,,,,,,,,0.0,2.2,100.0,0.0
2020-07-07,,,,,,,,,,,,,0.0,2.2,100.0,0.0
2020-07-08,,,,0.0,0.1,100.0,,,,0.0,0.0,100.0,0.0,1.8,100.0,0.0
2020-07-09,8.0,8.4,100.0,,,,,,,0.0,0.0,100.0,0.0,1.7,100.0,0.0
2020-07-10,,,,,,,,,,,,,0.0,1.7,100.0,0.0
2020-07-11,6.8,7.4,100.0,,,,,,,,,,0.0,1.8,100.0,0.0
2020-07-12,,,,,,,,,,,,,0.0,2.0,100.0,0.0
2020-07-13,,,,0.0,0.2,100.0,,,,,,,0.0,2.8,100.0,0.0
2020-07-14,,,,,,,,,,,,,0.0,2.6,100.0,0.0
2020-07-15,8.0,9.0,100.0,,,,,,,,,,0.0,1.8,100.0,0.0
2020-07-16,6.0,6.6,100.0,,,,,,,,,,0.0,2.1,100.0,0.0
2020-07-17,6.0,8.5,100.0,,,,,,,,,,0.0,2.0,100.0,0.0
2020-07-18,,,,0.0,0.3,100.0,,,,0.0,0.0,82.4,0.0,1.6,100.0,0.0
2020-07-19,,,,,,,,,,,,,0.0,1.7,100.0,0.0
2020-07-20,,,,,,,,,,,,,0.0,1.8,100.0,0.0
2020-07-21,6.0,8.9,100.0,,,,,,,,,,0.0,1.5,100.0,0.0
2020-07-22,,,,,,,,,,,,,0.0,1.5,100.0,0.0
2020-07-23,6.4,8.8,100.0,0.0,0.4,86.4,,,,,,,0.0,1.2,100.0,0.0
2020-07-24,,,,,,,,,,,,,0.0,0.9,100.0,0.0
2020-07-25,,,,,,,,,,0.0,0.0,52.8,0.0,0.7,100.0,0.0
2020-07-26,,,,,,,,,,0.0,0.0,63.2,0.0,0.7,100.0,0.0
2020-07-27,6.0,8.4,100.0,,,,,,,,,,0.0,0.9,100.0,0.0
2020-07-28,6.0,7.3,100.0,0.0,0.3,95.6,,,,,,,0.0,0.3,100.0,0.0
2020-07-29,4.8,6.1,100.0,,,,,,,0.0,0.0,100.0,0.0,0.2,100.0,0.0
2020-07-30,,,,,,,,,,,,,0.0,0.1,100.0,0.0
2020-07-31,,,,,,,,,,,,,0.0,0.2,100.0,0.0
2020-08-01,,,,,,,,,,,,,0.0,0.1,100.0,0.0
2020-08-02,4.8,5.4,100.0,0.0,0.3,100.0,,,,,,,0.0,0.2,100.0,0.0
2020-08-03,,,,,,,,,,,,,0.0,0.1,100.0,0.0
2020-08-04,2.4,4.4,100.0,,,,,,,,,,0.0,0.1,100.0,0.0
2020-08-05,,,,,,,,,,,,,0.0,0.1,100.0,0.0
2020-08-06,,,,,,,,,,0.0,0.0,100.0,0.0,0.0,100.0,0.0
2020-08-07,,,,0.0,0.2,100.0,,,,0.0,0.0,100.0,0.0,0.0,100.0,0.0
2020-08-08,5.2,5.5,100.0,,,,,,,,,,0.0,0.0,100.0,0.0
2020-08-09,5.2,4.7,100.0,,,,,,,,,,0.0,0.0,100.0,0.0
2020-08-10,5.2,5.8,100.0,,,,,,,0.0,0.0,100.0,0.0,0.0,100.0,0.0
2020-08-11,,,,,,,0.0,0.0,100.0,0.0,0.0,100.0,0.0,0.0,100.0,0.0
2020-08-12,,,,0.0,0.2,100.0,,,,,,,0.0,0.0,100.0,0.0
2020-08-13,,,,,,,,,,,,,0.0,0.0,100.0,0.0
2020-08-14,4.8,5.2,100.0,,,,,,,,,,0.0,0.0,100.0,0.0
2020-08-15,,,,,,,,,,,,,0.0,0.0,100.0,0.0
2020-08-16,4.0,4.7,100.0,,,,,,,,,,0.0,0.0,100.0,0.0
2020-08-17,,,,0.0,0.2,52.4,,,,0.0,0.0,100.0,0.0,0.0,100.0,0.0
2020-08-18,,,,,,,0.0,0.0,100.0,,,,0.0,0.0,100.0,0.0
2020-08-19,,,,,,,,,,,,,0.0,0.0,100.0,0.0
2020-08-20,2.8,5.1,100.0,,,,,,,,,,0.0,0.0,100.0,0.0
2020-08-21,0.8,4.0,100.0,,,,,,,0.0,0.0,100.0,0.0,0.0,100.0,0.0
2020-08-22,0.4,4.1,100.0,,,,,,,,,,0.0,0.0,100.0,0.0
2020-08-23,,,,,,,,,,0.0,0.0,100.0,0.0,0.0,100.0,0.0
2020-08-24,,,,,,,,,,,,,0.0,0.0,100.0,0.0
2020-08-25,,,,,,,,,,0.0,0.0,100.0,0.0,0.0,100.0,0.0
2020-08-26,0.8,4.3,100.0,,,,,,,0.0,0.0,42.4,0.0,0.0,100.0,0.0
2020-08-27,0.4,5.0,100.0,,,,0.0,0.0,100.0,0.0,0.0,100.0,0.0,0.0,100.0,0.0
2020-08-28,0.0,4.9,100.0,,,,,,,,,,0.0,0.0,100.0,0.0
2020-08-29,,,,,,,,,,,,,0.0,0.0,100.0,0.0
2020-08-30,,,,,,,,,,,,,0.0,0.0,100.0,0.0
2020-08-31,,,,,,,,,,0.0,0.0,100.0,0.0,0.0,100.0,0.0
2020-09-01,0.0,6.1,100.0,,,,,,,,,,0.0,0.0,100.0,0.0
2020-09-02,0.0,3.9,100.0,,,,,,,0.0,0.0,100.0,0.0,0.0,100.0,0.0
2020-09-03,0.0,6.5,100.0,,,,0.0,0.0,100.0,0.0,0.0,100.0,0.0,0.0,100.0,0.0
2020-09-04,,,,,,,,,,0.0,0.0,100.0,0.0,0.0,100.0,0.0
2020-09-05,,,,,,,,,,,,,0.0,0.0,100.0,0.0
2020-09-06,,,,,,,,,,,,,0.0,0.0,100.0,0.0
2020-09-07,0.0,8.8,99.6,,,,,,,,,,0.0,0.0,100.0,0.0
2020-09-08,,,,,,,,,,,,,0.0,0.0,100.0,0.0
2020-09-09,0.0,13.5,99.6,,,,,,,0.0,0.0,100.0,0.0,0.0,100.0,0.0
2020-09-10,,,,,,,,,,,,,0.0,0.1,100.0,0.0
2020-09-11,,,,0.0,0.1,100.0,0.0,0.0,100.0,,,,0.0,0.0,100.0,0.0
2020-09-12,,,,,,,0.0,0.0,100.0,,,,0.0,0.0,100.0,0.0
2020-09-13,4.8,25.9,99.6,,,,,,,,,,0.0,0.1,100.0,0.0
2020-09-14,1.2,12.5,99.6,,,,,,,,,,0.0,0.1,100.0,0.0
2020-09-15,3.2,16.2,99.6,,,,,,,,,,0.0,0.1,100.0,0.0
2020-09-16,,,,0.0,0.2,100.0,,,,,,,0.0,0.1,100.0,0.0
2020-09-17,,,,,,,,,,,,,0.0,0.1,100.0,0.0
2020-09-18,,,,,,,,,,0.0,0.0,100.0,0.0,0.1,100.0,0.0
2020-09-19,2.8,16.3,99.6,,,,,,,,,,0.0,0.1,100.0,0.0
2020-09-20,,,,,,,,,,,,,0.0,0.1,100.0,0.0
2020-09-21,4.0,17.2,99.6,,,,,,,,,,0.0,0.1,100.0,0.0
2020-09-22,,,,,,,,,,,,,0.0,0.1,100.0,0.0
2020-09-23,,,,,,,,,,,,,0.0,0.1,100.0,0.0
2020-09-24,,,,,,,,,,,,,0.0,0.2,100.0,0.0
2020-09-25,4.0,13.9,99.6,,,,,,,,,,0.0,0.2,100.0,0.0
2020-09-26,1.2,6.6,99.6,,,,,,,,,,0.0,0.1,100.0,0.0
2020-09-27,2.0,10.7,99.6,,,,,,,,,,0.0,0.1,100.0,0.0
2020-09-28,,,,,,,,,,,,,0.0,0.4,100.0,0.0
2020-09-29,,,,,,,,,,,,,0.0,0.3,100.0,0.0
2020-09-30,,,,,,,,,,,,,0.0,0.3,100.0,0.0
2020-10-01,0.8,9.6,99.6,,,,,,,,,,0.0,0.2,100.0,0.0
2020-10-02,,,,,,,,,,,,,0.0,0.5,100.0,0.0
2020-10-03,0.4,6.1,99.6,,,,,,,,,,0.0,0.5,100.0,0.0
2020-10-04,,,,,,,,,,,,,0.0,0.5,100.0,0.0
2020-10-05,,,,,,,,,,,,,0.0,0.4,100.0,0.0
2020-10-06,,,,,,,,,,,,,0.0,0.5,100.0,0.0
2020-10-07,0.0,3.8,99.6,,,,,,,,,,0.0,0.6,100.0,0.0
2020-10-08,0.0,2.1,99.6,,,,,,,0.0,0.1,100.0,0.0,0.5,100.0,0.0
2020-10-09,0.0,3.8,99.2,,,,,,,0.0,0.1,100.0,0.0,0.5,100.0,0.0
2020-10-10,,,,,,,,,,,,,0.0,0.7,100.0,0.0
2020-10-11,,,,0.0,0.4,45.2,,,,,,,0.0,0.7,100.0,0.0
2020-10-12,,,,,,,,,,,,,0.0,0.7,100.0,0.0
2020-10-13,0.0,5.0,99.6,,,,,,,,,,0.0,0.6,100.0,0.0
2020-10-14,,,,,,,0.0,0.1,51.2,,,,0.0,0.7,100.0,0.0
2020-10-15,0.0,2.9,99.6,,,,,,,,,,0.0,0.8,100.0,0.0
2020-10-16,,,,,,,,,,0.0,0.1,100.0,0.0,0.5,100.0,0.0
2020-10-17,,,,,,,,,,0.0,0.2,100.0,0.0,0.4,100.0,0.0
2020-10-18,,,,,,,,,,,,,0.0,0.5,100.0,0.0
2020-10-19,0.0,2.9,99.6,,,,,,,,,,0.0,0.5,100.0,0.0
2020-10-20,0.0,1.9,99.6,,,,,,,,,,0.0,0.5,100.0,0.0
2020-10-21,0.0,2.4,99.6,,,,,,,0.0,0.1,100.0,0.0,0.5,100.0,0.0
2020-10-22,,,,,,,,,,,,,0.0,0.6,100.0,0.0
2020-10-23,,,,,,,,,,,,,0.0,0.6,100.0,0.0
2020-10-24,,,,,,,,,,0.0,0.4,100.0,0.0,0.5,100.0,0.0
2020-10-25,0.0,1.7,99.6,,,,,,,,,,0.0,0.6,100.0,0.0
2020-10-26,,,,,,,,,,,,,0.0,0.7,100.0,0.0
2020-10-27,0.0,1.3,99.6,,,,,,,,,,0.0,0.7,100.0,0.0
2020-10-28,,,,,,,,,,,,,0.0,1.1,100.0,0.0
2020-10-29,,,,,,,,,,,,,0.0,1.4,100.0,0.0
2020-10-30,,,,,,,0.0,0.2,100.0,,,,0.0,1.3,100.0,0.0
2020-10-31,0.0,1.6,99.6,0.0,0.3,100.0,,,,,,,0.0,1.1,100.0,0.0
2020-11-01,0.0,1.4,99.6,,,,,,,,,,0.0,1.3,100.0,0.0
2020-11-02,0.0,2.3,99.6,,,,,,,0.0,1.0,100.0,0.0,1.2,100.0,0.0
2020-11-03,,,,,,,,,,,,,0.0,2.3,100.0,0.0
2020-11-04,,,,,,,,,,,,,0.0,2.2,100.0,0.0
2020-11-05,,,,,,,,,,,,,0.0,2.8,100.0,0.0
2020-11-06,0.0,2.0,99.6,,,,,,,,,,0.0,3.5,100.0,0.0
2020-11-07,0.0,1.7,99.6,,,,,,,,,,0.0,6.1,100.0,0.0
2020-11-08,0.0,2.4,99.6,,,,,,,,,,0.0,6.6,100.0,0.0
2020-11-09,,,,,,,,,,,,,0.0,7.5,100.0,0.0
2020-11-10,,,,0.0,0.1,100.0,,,,,,,0.0,7.5,100.0,0.0
2020-11-11,,,,,,,,,,,,,0.0,9.9,100.0,0.0
2020-11-12,0.0,2.4,99.6,,,,,,,,,,0.0,11.9,100.0,0.0
2020-11-13,0.0,2.7,99.6,,,,,,,,,,0.0,16.1,100.0,0.0
2020-11-14,,,,,,,,,,,,,0.0,22.9,100.0,0.0
2020-11-15,,,,,,,,,,,,,0.0,33.6,100.0,0.0
2020-11-16,,,,,,,,,,,,,0.0,43.9,100.0,0.0
2020-11-17,,,,,,,,,,,,,2.8,49.7,100.0,2.8
2020-11-18,0.0,3.3,99.6,,,,,,,,,,35.2,58.7,100.0,35.2
2020-11-19,0.0,4.8,99.6,,,,,,,,,,91.6,64.7,100.0,91.6
2020-11-20,6.0,22.8,99.6,0.0,1.9,100.0,,,,,,,100.0,70.5,100.0,100.0
2020-11-21,,,,,,,,,,,,,99.6,69.1,100.0,99.6
2020-11-22,,,,,,,,,,,,,100.0,71.8,100.0,100.0
2020-11-23,,,,,,,,,,,,,99.6,72.2,100.0,99.6
2020-11-24,59.8,45.5,99.6,,,,,,,,,,100.0,81.4,100.0,100.0
2020-11-25,100.0,77.6,99.6,0.4,7.7,100.0,,,,,,,100.0,83.1,100.0,100.0
2020-11-26,,,,,,,,,,,,,100.0,83.9,100.0,100.0
2020-11-27,,,,,,,,,,8.8,35.2,100.0,100.0,83.8,100.0,100.0
2020-11-28,,,,,,,,,,100.0,68.8,100.0,100.0,88.5,100.0,100.0
2020-11-29,,,,,,,,,,,,,100.0,90.2,100.0,100.0
2020-11-30,97.2,76.4,99.6,90.4,72.4,100.0,,,,,,,100.0,93.3,100.0,100.0
2020-12-01,,,,,,,,,,100.0,82.7,100.0,100.0,91.9,100.0,100.0
2020-12-02,99.2,81.9,99.6,,,,,,,100.0,82.2,100.0,100.0,95.6,100.0,100.0
2020-12-03,,,,,,,,,,,,,100.0,95.6,100.0,100.0
2020-12-04,,,,,,,,,,,,,100.0,96.7,100.0,100.0
2020-12-05,,,,,,,,,,,,,100.0,96.9,100.0,100.0
2020-12-06,99.6,83.8,99.6,,,,,,,100.0,88.6,100.0,100.0,98.2,100.0,100.0
2020-12-07,100.0,89.1,99.2,,,,,,,,,,100.0,98.0,100.0,100.0
2020-12-08,99.2,78.5,99.6,,,,100.0,100.0,100.0,,,,100.0,98.8,100.0,100.0
2020-12-09,,,,,,,,,,,,,100.0,98.3,100.0,100.0
2020-12-10,,,,100.0,98.6,100.0,,,,100.0,93.1,100.0,100.0,99.0,100.0,100.0
2020-12-11,,,,,,,,,,,,,100.0,98.6,100.0,100.0
2020-12-12,99.6,79.5,99.6,,,,,,,,,,100.0,98.6,100.0,100.0
2020-12-13,,,,,,,,,,100.0,96.8,100.0,100.0,98.0,100.0,100.0
2020-12-14,96.4,70.5,99.6,,,,,,,100.0,97.8,100.0,100.0,98.5,100.0,100.0
2020-12-15,,,,,,,,,,100.0,97.3,57.2,100.0,98.1,100.0,100.0
2020-12-16,,,,,,,,,,,,,100.0,98.0,100.0,100.0
2020-12-17,,,,,,,,,,100.0,96.3,100.0,100.0,97.5,100.0,100.0
2020-12-18,100.0,87.0,99.6,,,,,,,100.0,96.5,100.0,100.0,97.5,100.0,100.0
2020-12-19,100.0,86.2,99.6,,,,,,,100.0,95.4,100.0,100.0,97.1,100.0,100.0
2020-12-20,100.0,86.3,99.6,,,,,,,,,,100.0,96.9,100.0,100.0
2020-12-21,,,,,,,,,,,,,100.0,96.0,100.0,100.0
2020-12-22,,,,,,,,,,,,,100.0,96.3,100.0,100.0
2020-12-23,,,,,,,,,,,,,100.0,96.2,100.0,100.0
2020-12-24,100.0,87.3,99.6,,,,,,,,,,100.0,95.2,100.0,100.0
2020-12-25,,,,,,,,,,,,,100.0,94.5,100.0,100.0
2020-12-26,100.0,91.5,99.2,,,,,,,100.0,96.9,84.0,100.0,95.7,100.0,100.0
2020-12-27,,,,,,,,,,,,,100.0,95.5,100.0,100.0
2020-12-28,,,,,,,,,,,,,100.0,95.9,100.0,100.0
2020-12-29,,,,,,,,,,,,,99.6,95.8,100.0,99.6
2020-12-30,100.0,95.7,99.6,,,,,,,,,,99.6,96.9,100.0,99.6
2020-12-31,100.0,96.4,99.6,,,,,,,,,,99.6,96.7,100.0,99.6
2021-01-01,100.0,96.4,100.0,,,,,,,,,,100.0,96.2,100.0,100.0
2021-01-02,,,,,,,,,,,,,100.0,95.4,100.0,100.0
2021-01-03,,,,,,,,,,,,,100.0,97.0,100.0,100.0
2021-01-04,,,,100.0,99.5,100.0,,,,,,,100.0,98.2,100.0,100.0
2021-01-05,100.0,97.9,100.0,,,,,,,,,,100.0,98.6,100.0,100.0
2021-01-06,,,,,,,,,,99.0,91.9,100.0,100.0,98.1,100.0,100.0
2021-01-07,100.0,98.9,100.0,,,,,,,,,,100.0,98.8,100.0,100.0
2021-01-08,,,,,,,,,,,,,100.0,98.5,100.0,100.0
2021-01-09,,,,100.0,99.5,100.0,,,,100.0,94.3,79.7,100.0,99.1,100.0,100.0
2021-01-10,,,,,,,,,,100.0,96.2,81.4,100.0,98.7,100.0,100.0
2021-01-11,100.0,99.3,100.0,,,,,,,,,,100.0,99.2,100.0,100.0
2021-01-12,100.0,99.2,100.0,,,,,,,,,,100.0,99.3,100.0,100.0
2021-01-13,100.0,99.1,99.7,,,,,,,,,,100.0,99.4,100.0,100.0
2021-01-14,,,,,,,,,,,,,100.0,99.3,100.0,100.0
2021-01-15,,,,,,,,,,,,,100.0,99.6,100.0,100.0
2021-01-16,,,,,,,,,,,,,100.0,99.6,100.0,100.0
2021-01-17,100.0,98.6,100.0,,,,,,,,,,100.0,99.7,100.0,100.0
2021-01-18,100.0,98.0,100.0,,,,100.0,100.0,100.0,,,,100.0,99.8,100.0,100.0
2021-01-19,100.0,96.4,100.0,100.0,99.5,100.0,,,,,,,100.0,99.8,100.0,100.0
2021-01-20,,,,,,,,,,,,,100.0,99.8,100.0,100.0
2021-01-21,,,,,,,,,,,,,100.0,99.7,100.0,100.0
2021-01-22,,,,,,,,,,,,,100.0,99.6,100.0,100.0
2021-01-23,100.0,98.1,83.8,,,,,,,,,,100.0,99.5,100.0,100.0
2021-01-24,100.0,95.3,83.8,100.0,99.4,100.0,,,,,,,100.0,99.5,100.0,100.0
2021-01-25,100.0,91.2,83.8,,,,,,,,,,100.0,99.4,100.0,100.0
2021-01-26,,,,,,,,,,,,,100.0,99.1,100.0,100.0
2021-01-27,,,,,,,,,,,,,100.0,98.9,100.0,100.0
2021-01-28,,,,,,,,,,,,,100.0,98.7,100.0,100.0
2021-01-29,100.0,90.3,83.8,,,,,,,,,,100.0,98.7,100.0,100.0
2021-01-30,,,,,,,,,,,,,100.0,98.4,100.0,100.0
2021-01-31,100.0,89.0,83.8,,,,,,,,,,100.0,98.6,100.0,100.0
2021-02-01,,,,,,,,,,,,,100.0,97.9,100.0,100.0
2021-02-02,,,,,,,,,,,,,100.0,98.3,100.0,100.0
2021-02-03,,,,,,,,,,,,,100.0,96.8,100.0,100.0
2021-02-04,100.0,91.2,83.8,,,,,,,,,,100.0,97.6,100.0,100.0
2021-02-05,100.0,91.8,83.8,,,,,,,,,,100.0,96.4,100.0,100.0
2021-02-06,100.0,93.8,83.8,,,,,,,,,,100.0,96.7,100.0,100.0
2021-02-07,,,,,,,,,,,,,100.0,95.7,100.0,100.0
2021-02-08,,,,100.0,99.0,100.0,,,,,,,100.0,97.7,100.0,100.0
2021-02-09,,,,,,,,,,,,,100.0,96.6,100.0,100.0
2021-02-10,100.0,96.1,83.8,,,,,,,,,,100.0,96.9,100.0,100.0
2021-02-11,,,,,,,,,,100.0,98.3,100.0,100.0,96.2,100.0,100.0
2021-02-12,100.0,96.9,83.8,,,,,,,,,,100.0,98.2,100.0,100.0
2021-02-13,,,,100.0,96.7,100.0,,,,,,,100.0,98.1,100.0,100.0
2021-02-14,,,,,,,,,,,,,100.0,97.8,100.0,100.0
2021-02-15,,,,,,,,,,,,,100.0,97.4,100.0,100.0
2021-02-16,100.0,97.8,83.8,,,,,,,,,,100.0,98.6,100.0,100.0
2021-02-17,100.0,97.8,83.8,,,,,,,,,,100.0,98.5,100.0,100.0
2021-02-18,100.0,98.3,83.8,,,,,,,,,,100.0,98.7,100.0,100.0
2021-02-19,,,,,,,,,,100.0,98.8,100.0,100.0,98.6,100.0,100.0
2021-02-20,,,,,,,,,,100.0,98.8,100.0,100.0,99.1,100.0,100.0
2021-02-21,,,,,,,,,,,,,100.0,99.1,100.0,100.0
2021-02-22,100.0,98.3,83.8,,,,,,,,,,100.0,99.3,100.0,100.0
2021-02-23,,,,99.8,94.6,100.0,,,,100.0,98.5,100.0,100.0,99.3,100.0,100.0
2021-02-24,100.0,98.3,83.8,,,,,,,100.0,97.8,100.0,100.0,99.5,100.0,100.0
2021-02-25,,,,,,,,,,,,,100.0,99.4,100.0,100.0
2021-02-26,,,,,,,100.0,100.0,86.9,,,,100.0,99.5,100.0,100.0
2021-02-27,,,,,,,,,,100.0,96.4,100.0,100.0,99.3,100.0,100.0
2021-02-28,100.0,98.2,83.8,99.8,91.3,100.0,,,,,,,100.0,99.6,100.0,100.0
2021-03-01,100.0,97.9,83.8,,,,,,,,,,100.0,99.3,100.0,100.0
2021-03-02,100.0,96.6,83.8,,,,,,,,,,100.0,99.3,100.0,100.0
2021-03-03,,,,,,,,,,,,,100.0,98.7,100.0,100.0
2021-03-04,,,,,,,,,,,,,100.0,99.0,100.0,100.0
2021-03-05,,,,,,,,,,,,,100.0,98.5,100.0,100.0
2021-03-06,100.0,96.2,83.8,,,,,,,,,,100.0,98.6,100.0,100.0
2021-03-07,,,,,,,,,,100.0,93.8,100.0,100.0,97.3,100.0,100.0
2021-03-08,100.0,94.0,83.8,,,,,,,,,,100.0,98.0,100.0,100.0
2021-03-09,,,,,,,,,,,,,100.0,97.3,100.0,100.0
2021-03-10,,,,100.0,99.2,100.0,,,,,,,100.0,97.8,100.0,100.0
2021-03-11,,,,,,,,,,,,,100.0,95.8,100.0,100.0
2021-03-12,100.0,93.7,83.8,,,,,,,,,,100.0,96.6,100.0,100.0
2021-03-13,100.0,90.7,83.8,,,,,,,,,,100.0,95.9,100.0,100.0
2021-03-14,100.0,90.5,83.8,,,,,,,,,,100.0,96.5,100.0,100.0
2021-03-15,,,,,,,,,,,,,100.0,95.9,100.0,100.0
2021-03-16,,,,,,,,,,,,,100.0,96.7,100.0,100.0
2021-03-17,,,,,,,,,,,,,100.0,97.0,100.0,100.0
2021-03-18,100.0,88.4,83.8,,,,,,,,,,100.0,97.7,100.0,100.0
2021-03-19,100.0,88.3,83.8,,,,,,,,,,100.0,97.8,100.0,100.0
2021-03-20,100.0,86.4,83.8,100.0,99.1,100.0,,,,,,,100.0,98.6,100.0,100.0
2021-03-21,,,,,,,,,,100.0,96.1,38.6,100.0,98.1,100.0,100.0
2021-03-22,,,,,,,,,,,,,100.0,98.2,100.0,100.0
2021-03-23,,,,,,,100.0,100.0,82.8,,,,100.0,98.3,100.0,100.0
2021-03-24,100.0,91.8,83.8,,,,,,,,,,100.0,98.4,100.0,100.0
2021-03-25,100.0,93.1,83.8,100.0,93.6,100.0,,,,,,,100.0,98.7,100.0,100.0
2021-03-26,100.0,95.0,83.8,,,,,,,,,,100.0,98.4,100.0,100.0
2021-03-27,,,,,,,,,,,,,100.0,98.1,100.0,100.0
2021-03-28,,,,,,,,,,,,,100.0,98.1,100.0,100.0
2021-03-29,,,,,,,,,,,,,100.0,97.8,100.0,100.0
2021-03-30,100.0,94.9,83.4,99.5,88.2,100.0,100.0,98.8,49.0,94.0,79.6,100.0,100.0,98.1,100.0,100.0
2021-03-31,100.0,94.8,83.8,,,,,,,90.0,75.6,100.0,100.0,97.1,100.0,100.0
2021-04-01,100.0,95.0,83.8,,,,,,,,,,100.0,97.0,100.0,100.0
2021-04-02,,,,,,,,,,,,,100.0,96.1,100.0,100.0
2021-04-03,,,,,,,,,,69.7,57.9,100.0,100.0,95.3,100.0,100.0
2021-04-04,,,,95.0,75.2,100.0,,,,48.6,43.8,100.0,100.0,94.4,100.0,100.0
2021-04-05,100.0,93.2,83.8,,,,,,,,,,100.0,94.0,100.0,100.0
2021-04-06,99.6,89.7,83.8,,,,,,,,,,100.0,92.4,100.0,100.0
2021-04-07,95.5,78.7,83.8,,,,,,,,,,100.0,91.5,100.0,100.0
2021-04-08,,,,,,,99.7,93.7,100.0,4.3,22.1,100.0,100.0,88.5,100.0,100.0
2021-04-09,,,,27.9,39.5,100.0,,,,,,,100.0,88.1,100.0,100.0
2021-04-10,,,,,,,,,,,,,98.3,82.7,100.0,98.3
2021-04-11,93.8,71.8,83.8,,,,,,,,,,97.9,81.2,100.0,97.9
2021-04-12,69.1,51.6,83.8,,,,,,,,,,89.7,76.6,100.0,89.7
2021-04-13,40.3,39.0,83.8,,,,,,,,,,86.6,73.4,100.0,86.6
2021-04-14,,,,0.0,9.6,100.0,,,,,,,74.8,68.1,100.0,74.8
2021-04-15,,,,,,,,,,,,,64.1,61.9,100.0,64.1
2021-04-16,,,,,,,,,,0.9,14.0,100.0,18.6,47.9,100.0,18.6
2021-04-17,14.4,18.7,83.8,,,,,,,,,,5.5,41.7,100.0,5.5
2021-04-18,0.4,6.7,83.8,,,,,,,,,,0.0,35.0,100.0,0.0
2021-04-19,0.4,6.4,83.8,,,,,,,0.0,8.0,100.0,0.0,27.9,100.0,0.0
2021-04-20,,,,,,,,,,0.0,5.6,100.0,0.0,21.4,100.0,0.0
2021-04-21,,,,,,,,,,,,,0.0,20.5,100.0,0.0
2021-04-22,,,,,,,,,,,,,0.0,19.4,100.0,0.0
2021-04-23,4.1,9.4,83.8,,,,,,,0.0,4.3,100.0,0.0,16.6,100.0,0.0
2021-04-24,9.9,13.2,83.8,0.0,1.3,100.0,,,,0.0,2.9,100.0,0.0,13.1,100.0,0.0
2021-04-25,7.0,11.3,83.8,,,,,,,0.0,2.5,100.0,0.0,13.2,100.0,0.0
2021-04-26,,,,,,,,,,,,,0.0,14.0,100.0,0.0
2021-04-27,,,,,,,,,,,,,0.0,11.9,100.0,0.0
2021-04-28,,,,,,,,,,,,,0.0,10.4,100.0,0.0
2021-04-29,9.1,13.5,83.8,,,,,,,,,,0.0,11.4,100.0,0.0
2021-04-30,5.3,11.9,83.8,,,,,,,,,,0.0,12.4,100.0,0.0
2021-05-01,5.8,11.8,83.8,,,,,,,,,,0.0,11.2,100.0,0.0
2021-05-02,,,,,,,,,,0.0,1.4,100.0,0.0,12.4,100.0,0.0
2021-05-03,,,,,,,,,,0.0,0.6,100.0,0.0,11.6,100.0,0.0
2021-05-04,,,,,,,,,,,,,0.0,13.1,100.0,0.0
2021-05-05,3.3,11.7,83.8,,,,,,,,,,0.0,10.1,100.0,0.0
2021-05-06,2.9,11.5,83.8,,,,,,,,,,0.0,9.6,100.0,0.0
2021-05-07,2.5,11.2,83.8,,,,,,,,,,0.0,8.8,100.0,0.0
2021-05-08,,,,,,,,,,,,,0.0,8.1,100.0,0.0
2021-05-09,,,,0.0,0.6,79.3,,,,,,,0.0,5.4,100.0,0.0
2021-05-10,,,,,,,,,,,,,0.0,5.3,100.0,0.0
2021-05-11,3.3,10.3,83.8,,,,,,,,,,0.0,3.6,100.0,0.0
2021-05-12,5.8,14.6,83.8,,,,,,,,,,0.0,3.1,100.0,0.0
2021-05-13,3.3,9.9,83.8,,,,,,,,,,0.0,2.4,100.0,0.0
2021-05-14,,,,,,,,,,,,,0.0,3.2,100.0,0.0
2021-05-15,,,,,,,,,,,,,0.0,2.3,100.0,0.0
2021-05-16,,,,,,,,,,,,,0.0,2.3,100.0,0.0
2021-05-17,2.9,7.6,83.8,,,,,,,,,,0.0,2.0,100.0,0.0
2021-05-18,1.2,4.9,83.8,,,,,,,,,,0.0,3.3,100.0,0.0
2021-05-19,2.5,6.3,83.8,,,,,,,,,,0.0,3.1,100.0,0.0
2021-05-20,,,,,,,,,,,,,0.0,3.3,100.0,0.0
2021-05-21,,,,,,,,,,,,,0.0,3.0,100.0,0.0
2021-05-22,,,,,,,,,,,,,0.0,6.2,100.0,0.0
2021-05-23,2.1,6.0,83.8,,,,,,,,,,0.0,4.1,100.0,0.0
2021-05-24,,,,,,,,,,,,,0.0,3.5,100.0,0.0
2021-05-25,1.6,5.4,83.8,,,,,,,,,,0.0,2.2,100.0,0.0
2021-05-26,,,,,,,0.0,3.0,97.6,,,,0.0,3.5,100.0,0.0
2021-05-27,,,,,,,,,,,,,0.0,2.8,100.0,0.0
2021-05-28,,,,,,,,,,0.0,0.1,100.0,0.0,2.3,100.0,0.0
2021-05-29,2.1,5.4,83.8,0.0,0.2,100.0,,,,0.0,0.0,100.0,0.0,1.9,100.0,0.0
2021-05-30,2.1,5.4,83.8,,,,,,,,,,0.0,2.7,100.0,0.0
2021-05-31,4.9,7.6,83.8,,,,,,,,,,0.0,2.1,100.0,0.0
2021-06-01,,,,,,,,,,0.0,0.0,76.2,0.0,1.9,100.0,0.0
2021-06-02,,,,,,,,,,,,,0.0,1.7,100.0,0.0
2021-06-03,,,,,,,,,,,,,0.0,2.3,100.0,0.0
2021-06-04,6.0,5.9,81.0,,,,,,,,,,0.0,1.7,100.0,0.0
2021-06-05,1.7,5.0,81.0,,,,,,,,,,0.0,2.2,100.0,0.0
2021-06-06,0.0,4.4,81.0,,,,,,,,,,0.0,2.5,100.0,0.0
2021-06-07,,,,,,,,,,,,,0.0,3.3,100.0,0.0
2021-06-08,,,,,,,,,,,,,0.0,2.7,100.0,0.0
2021-06-09,,,,,,,,,,,,,0.0,2.3,100.0,0.0
2021-06-10,0.0,5.2,81.0,,,,,,,,,,0.0,1.5,100.0,0.0
2021-06-11,0.0,3.9,81.0,,,,,,,,,,0.0,1.4,100.0,0.0
2021-06-12,0.0,4.3,81.0,,,,,,,,,,0.0,1.0,100.0,0.0
2021-06-13,,,,0.0,0.2,89.3,,,,0.0,0.0,100.0,0.0,0.6,100.0,0.0
2021-06-14,,,,,,,,,,0.0,0.0,100.0,0.0,0.5,100.0,0.0
2021-06-15,,,,,,,,,,,,,0.0,0.3,100.0,0.0
2021-06-16,0.0,5.4,81.0,,,,,,,,,,0.0,0.4,100.0,0.0
2021-06-17,2.6,10.8,81.0,,,,,,,0.0,0.0,100.0,0.0,0.3,100.0,0.0
2021-06-18,7.2,18.1,81.0,0.0,0.2,100.0,0.0,0.0,100.0,,,,0.0,0.3,100.0,0.0
2021-06-19,,,,,,,0.0,0.0,60.7,0.0,0.0,100.0,0.0,0.2,100.0,0.0
2021-06-20,,,,,,,,,,,,,0.0,0.3,100.0,0.0
2021-06-21,,,,,,,,,,0.0,0.0,100.0,0.0,0.3,100.0,0.0
2021-06-22,6.8,13.2,81.0,,,,,,,0.0,0.0,100.0,0.0,0.4,100.0,0.0
2021-06-23,5.1,10.4,81.0,0.0,0.3,100.0,,,,,,,0.0,0.5,100.0,0.0
2021-06-24,,,,,,,,,,,,,0.0,0.6,100.0,0.0
2021-06-25,,,,,,,,,,0.0,0.0,58.6,0.0,0.7,100.0,0.0
2021-06-26,,,,,,,,,,0.0,0.0,100.0,0.0,0.9,100.0,0.0
2021-06-27,,,,,,,,,,,,,0.0,1.7,100.0,0.0
2021-06-28,5.1,10.1,81.0,0.0,0.4,100.0,,,,,,,0.0,1.3,100.0,0.0
2021-06-29,5.5,10.0,81.0,,,,,,,,,,0.0,1.3,100.0,0.0
2021-06-30,,,,,,,,,,,,,0.0,1.3,100.0,0.0
2021-07-01,,,,,,,,,,,,,0.0,2.5,100.0,0.0
2021-07-02,,,,,,,,,,,,,0.0,2.0,100.0,0.0
2021-07-03,,,,,,,,,,,,,0.0,1.8,100.0,0.0
2021-07-04,,,,,,,,,,,,,0.0,1.1,100.0,0.0
2021-07-05,2.1,9.4,81.0,,,,,,,,,,0.0,2.9,100.0,0.0
2021-07-06,0.0,6.7,80.7,,,,,,,,,,0.0,1.5,100.0,0.0
2021-07-07,,,,,,,,,,,,,0.0,1.5,100.0,0.0
2021-07-08,,,,,,,,,,,,,0.0,0.7,100.0,0.0
2021-07-09,,,,,,,,,,,,,0.0,1.0,100.0,0.0
2021-07-10,0.0,6.5,81.0,,,,,,,,,,0.0,0.7,100.0,0.0
2021-07-11,0.4,5.3,81.0,,,,,,,0.0,0.0,100.0,0.0,0.6,100.0,0.0
2021-07-12,0.4,6.3,81.0,,,,,,,,,,0.0,0.5,100.0,0.0
2021-07-13,,,,,,,,,,,,,0.0,0.4,100.0,0.0
2021-07-14,,,,,,,,,,,,,0.0,0.2,100.0,0.0
2021-07-15,,,,,,,,,,,,,0.0,0.3,100.0,0.0
2021-07-16,0.9,7.2,81.0,,,,,,,,,,0.0,0.3,100.0,0.0
2021-07-17,5.5,9.5,81.0,,,,,,,,,,0.0,0.3,100.0,0.0
2021-07-18,6.4,11.6,81.0,0.0,0.3,100.0,,,,,,,0.0,0.2,100.0,0.0
2021-07-19,,,,,,,,,,,,,0.0,0.1,100.0,0.0
2021-07-20,,,,,,,0.0,0.0,100.0,,,,0.0,0.1,100.0,0.0
2021-07-21,,,,,,,0.0,0.0,60.7,,,,0.0,0.1,100.0,0.0
2021-07-22,9.8,17.5,81.0,,,,,,,0.0,0.0,100.0,0.0,0.0,100.0,0.0
2021-07-23,9.8,16.3,81.0,0.0,0.3,100.0,,,,0.0,0.0,100.0,0.0,0.0,100.0,0.0
2021-07-24,10.2,18.2,81.0,,,,,,,,,,0.0,0.0,100.0,0.0
2021-07-25,,,,,,,,,,,,,0.0,0.0,100.0,0.0
2021-07-26,,,,,,,,,,,,,0.0,0.0,100.0,0.0
2021-07-27,,,,,,,,,,,,,0.0,0.0,100.0,0.0
2021-07-28,8.1,14.1,81.0,,,,,,,,,,0.0,0.0,100.0,0.0
2021-07-29,6.4,11.7,80.7,,,,0.0,0.0,100.0,,,,0.0,0.0,100.0,0.0
2021-07-30,4.3,8.3,81.0,,,,,,,,,,0.0,0.0,100.0,0.0
2021-07-31,,,,,,,,,,,,,0.0,0.0,100.0,0.0
2021-08-01,,,,,,,,,,,,,0.0,0.0,100.0,0.0
2021-08-02,,,,,,,,,,,,,0.0,0.0,100.0,0.0
2021-08-03,4.3,8.8,81.0,,,,,,,,,,0.0,0.0,100.0,0.0
2021-08-04,2.1,6.3,80.7,,,,,,,,,,0.0,0.0,100.0,0.0
2021-08-05,0.9,6.3,80.7,,,,,,,,,,0.0,0.0,100.0,0.0
2021-08-06,,,,,,,,,,,,,0.0,0.0,100.0,0.0
2021-08-07,,,,,,,,,,,,,0.0,0.0,100.0,0.0
2021-08-08,,,,,,,,,,,,,0.0,0.0,100.0,0.0
2021-08-09,0.4,4.7,81.0,,,,,,,,,,0.0,0.0,100.0,0.0
2021-08-10,0.0,2.8,81.0,,,,,,,,,,0.0,0.0,100.0,0.0
2021-08-11,0.0,3.0,81.0,,,,,,,,,,0.0,0.0,100.0,0.0
2021-08-12,,,,0.0,0.2,100.0,,,,0.0,0.0,100.0,0.0,0.0,100.0,0.0
2021-08-13,,,,,,,0.0,0.0,100.0,0.0,0.0,100.0,0.0,0.0,100.0,0.0
2021-08-14,,,,,,,0.0,0.0,100.0,,,,0.0,0.0,100.0,0.0
2021-08-15,0.0,3.3,81.0,,,,,,,,,,0.0,0.0,100.0,0.0
2021-08-16,0.0,2.4,81.0,,,,,,,,,,0.0,0.0,100.0,0.0
2021-08-17,0.0,1.9,81.0,0.0,0.3,94.8,,,,,,,0.0,0.0,100.0,0.0
2021-08-18,,,,,,,,,,,,,0.0,0.0,100.0,0.0
2021-08-19,,,,,,,,,,,,,0.0,0.0,100.0,0.0
2021-08-20,,,,,,,,,,0.0,0.0,100.0,0.0,0.0,100.0,0.0
2021-08-21,0.0,2.3,81.0,,,,0.0,0.0,100.0,0.0,0.0,100.0,0.0,0.0,100.0,0.0
2021-08-22,0.0,2.1,81.0,,,,,,,,,,0.0,0.0,100.0,0.0
2021-08-23,0.0,2.4,81.0,,,,,,,,,,0.0,0.0,100.0,0.0
2021-08-24,,,,,,,,,,,,,0.0,0.0,100.0,0.0
2021-08-25,,,,,,,,,,0.0,0.0,100.0,0.0,0.0,100.0,0.0
2021-08-26,,,,,,,,,,,,,0.0,0.1,100.0,0.0
2021-08-27,0.4,2.4,80.7,0.0,0.5,100.0,,,,,,,0.0,0.0,100.0,0.0
2021-08-28,0.4,2.7,81.0,,,,,,,,,,0.0,0.1,100.0,0.0
2021-08-29,0.4,3.3,81.0,,,,,,,0.0,0.0,100.0,0.0,0.0,100.0,0.0
2021-08-30,,,,,,,0.0,0.0,35.2,0.0,0.0,100.0,0.0,0.1,100.0,0.0
2021-08-31,,,,,,,,,,,,,0.0,0.0,100.0,0.0
2021-09-01,,,,0.0,0.7,100.0,,,,,,,0.0,0.0,100.0,0.0
2021-09-02,2.1,4.3,81.0,,,,,,,0.0,0.0,100.0,0.0,0.0,100.0,0.0
2021-09-03,3.0,5.1,81.0,,,,,,,,,,0.0,0.0,100.0,0.0
2021-09-04,2.6,5.3,81.0,,,,,,,,,,0.0,0.0,100.0,0.0
2021-09-05,,,,,,,,,,0.0,0.0,100.0,0.0,0.0,100.0,0.0
2021-09-06,,,,0.0,0.6,100.0,0.0,0.0,100.0,0.0,0.0,100.0,0.0,0.0,100.0,0.0
2021-09-07,,,,,,,,,,,,,0.0,0.0,100.0,0.0
2021-09-08,5.1,8.5,81.0,,,,,,,,,,0.0,0.0,100.0,0.0
2021-09-09,5.5,7.3,81.0,,,,,,,,,,0.0,0.0,100.0,0.0
2021-09-10,9.0,11.7,80.7,,,,,,,,,,0.0,0.0,100.0,0.0
2021-09-11,,,,,,,,,,,,,0.0,0.0,100.0,0.0
2021-09-12,,,,,,,,,,,,,0.0,0.0,100.0,0.0
2021-09-13,,,,,,,,,,0.0,0.0,90.3,0.0,0.0,100.0,0.0
2021-09-14,8.9,10.5,81.0,,,,,,,,,,0.0,0.0,100.0,0.0
2021-09-15,,,,,,,,,,,,,0.0,0.0,100.0,0.0
2021-09-16,8.1,10.5,81.0,,,,,,,,,,0.0,0.0,100.0,0.0
2021-09-17,,,,,,,,,,0.0,0.0,100.0,0.0,0.0,100.0,0.0
2021-09-18,,,,,,,,,,,,,0.0,0.0,100.0,0.0
2021-09-19,,,,,,,,,,,,,0.0,0.0,100.0,0.0
2021-09-20,7.7,9.8,81.0,,,,,,,,,,0.0,0.0,100.0,0.0
2021-09-21,8.1,10.8,81.0,0.0,0.5,100.0,,,,,,,0.0,0.0,100.0,0.0
2021-09-22,9.8,12.7,81.0,,,,0.0,0.0,100.0,,,,0.0,0.0,100.0,0.0
2021-09-23,,,,,,,,,,,,,0.0,0.0,100.0,0.0
2021-09-24,,,,,,,,,,0.0,0.0,88.3,0.0,0.0,100.0,0.0
2021-09-25,,,,,,,,,,,,,0.0,0.0,100.0,0.0
2021-09-26,8.9,11.4,81.0,,,,,,,,,,0.0,0.1,100.0,0.0
2021-09-27,8.5,10.4,81.0,,,,,,,,,,0.0,0.1,100.0,0.0
2021-09-28,6.4,9.0,81.0,,,,,,,,,,0.0,0.1,100.0,0.0
2021-09-29,,,,,,,,,,,,,0.0,0.1,100.0,0.0
2021-09-30,,,,,,,,,,,,,0.0,0.1,100.0,0.0
2021-10-01,,,,0.0,0.3,100.0,0.0,0.0,100.0,,,,0.0,0.1,100.0,0.0
2021-10-02,9.4,10.2,81.0,,,,,,,,,,0.0,0.2,100.0,0.0
2021-10-03,7.7,9.8,81.0,,,,,,,,,,0.0,0.2,100.0,0.0
2021-10-04,7.7,9.3,81.0,,,,,,,,,,0.0,0.2,100.0,0.0
2021-10-05,,,,,,,,,,,,,0.0,0.2,100.0,0.0
2021-10-06,,,,,,,,,,,,,0.0,0.2,100.0,0.0
2021-10-07,,,,,,,,,,,,,0.0,0.3,100.0,0.0
2021-10-08,5.5,8.5,81.0,,,,0.0,0.0,100.0,0.0,0.0,100.0,0.0,0.3,100.0,0.0
2021-10-09,4.7,6.9,81.0,,,,,,,,,,0.0,0.4,100.0,0.0
2021-10-10,3.4,7.6,81.0,,,,,,,,,,0.0,0.5,100.0,0.0
2021-10-11,,,,0.0,0.1,100.0,,,,0.0,0.2,100.0,0.0,0.5,100.0,0.0
2021-10-12,,,,,,,,,,0.0,0.3,54.5,0.0,0.8,100.0,0.0
2021-10-13,,,,,,,,,,,,,0.0,1.1,100.0,0.0
2021-10-14,4.3,7.5,81.0,,,,,,,,,,0.0,0.9,100.0,0.0
2021-10-15,2.1,8.2,81.0,,,,,,,0.0,0.5,100.0,0.0,0.9,100.0,0.0
2021-10-16,0.4,7.2,81.0,0.0,0.3,100.0,,,,0.0,0.8,100.0,0.0,0.7,100.0,0.0
2021-10-17,,,,,,,0.0,0.1,100.0,,,,0.0,1.1,100.0,0.0
2021-10-18,,,,,,,,,,,,,0.0,0.8,100.0,0.0
2021-10-19,,,,,,,,,,,,,0.0,1.1,100.0,0.0
2021-10-20,4.7,11.1,81.0,,,,,,,0.0,1.8,100.0,0.0,0.7,100.0,0.0
2021-10-21,4.3,11.0,81.0,,,,,,,,,,0.0,1.3,100.0,0.0
2021-10-22,5.1,11.9,81.0,,,,,,,,,,0.0,0.9,100.0,0.0
2021-10-23,,,,,,,,,,,,,0.0,1.2,100.0,0.0
2021-10-24,,,,,,,0.0,0.2,100.0,0.0,1.3,100.0,0.0,0.8,100.0,0.0
2021-10-25,,,,,,,,,,,,,0.0,1.4,100.0,0.0
2021-10-26,3.8,10.7,81.0,,,,,,,,,,0.0,1.2,100.0,0.0
2021-10-27,3.0,10.2,81.0,,,,,,,,,,0.0,2.0,100.0,0.0
2021-10-28,2.6,10.2,81.0,,,,,,,0.0,5.1,100.0,0.0,2.0,100.0,0.0
2021-10-29,,,,,,,,,,0.0,3.6,100.0,0.0,2.8,100.0,0.0
2021-10-30,,,,,,,,,,,,,0.0,3.1,100.0,0.0
2021-10-31,,,,0.0,0.9,100.0,,,,,,,0.0,4.2,100.0,0.0
2021-11-01,2.6,9.9,81.0,,,,,,,,,,0.0,4.7,100.0,0.0
2021-11-02,2.6,8.7,81.0,,,,,,,0.0,8.7,100.0,0.0,5.5,100.0,0.0
2021-11-03,1.7,7.7,81.0,,,,,,,,,,0.0,5.3,100.0,0.0
2021-11-04,,,,,,,,,,,,,0.0,6.3,100.0,0.0
2021-11-05,,,,0.0,4.6,100.0,,,,,,,0.0,8.1,100.0,0.0
2021-11-06,,,,,,,1.7,2.5,100.0,,,,0.3,9.1,100.0,0.3
2021-11-07,2.6,8.5,81.0,,,,,,,,,,0.3,9.4,100.0,0.3
2021-11-08,2.6,8.4,81.0,,,,,,,0.0,16.1,100.0,1.0,11.0,100.0,1.0
2021-11-09,2.1,8.9,81.0,,,,1.7,2.9,100.0,,,,1.0,13.6,100.0,1.0
2021-11-10,,,,,,,,,,,,,1.0,15.8,100.0,1.0
2021-11-11,,,,,,,,,,,,,1.4,15.9,100.0,1.4
2021-11-12,,,,,,,,,,1.0,22.3,100.0,1.7,20.2,100.0,1.7
2021-11-13,4.3,10.7,81.0,,,,,,,,,,2.8,25.7,100.0,2.8
2021-11-14,5.5,12.6,81.0,,,,,,,,,,3.4,31.4,100.0,3.4
2021-11-15,7.2,14.8,81.0,,,,,,,,,,3.4,33.7,100.0,3.4
2021-11-16,,,,,,,5.2,19.6,100.0,,,,17.9,45.3,100.0,17.9
2021-11-17,,,,,,,,,,,,,27.9,47.9,100.0,27.9
2021-11-18,,,,,,,,,,,,,46.2,53.8,100.0,46.2
2021-11-19,19.6,23.5,81.0,,,,,,,,,,55.2,56.8,100.0,55.2
2021-11-20,53.6,44.9,81.0,62.1,56.4,100.0,,,,63.1,51.5,100.0,79.7,67.3,100.0,79.7
2021-11-21,59.9,49.2,99.0,,,,,,,,,,78.6,65.7,100.0,78.6
2021-11-22,,,,,,,,,,,,,82.1,67.9,100.0,82.1
2021-11-23,,,,,,,,,,,,,79.0,65.8,100.0,79.0
2021-11-24,,,,,,,,,,,,,91.7,71.9,100.0,91.7
2021-11-25,77.7,63.1,99.0,,,,,,,,,,92.1,71.5,100.0,92.1
2021-11-26,99.0,78.3,99.0,,,,,,,,,,98.3,75.7,100.0,98.3
2021-11-27,100.0,89.2,99.0,,,,,,,,,,97.9,73.8,100.0,97.9
2021-11-28,,,,,,,,,,,,,99.0,80.7,100.0,99.0
2021-11-29,,,,,,,,,,,,,99.0,79.6,100.0,99.0
2021-11-30,,,,,,,,,,,,,99.0,84.0,100.0,99.0
2021-12-01,100.0,91.0,99.0,,,,,,,,,,99.0,86.5,100.0,99.0
2021-12-02,100.0,92.6,99.0,,,,,,,,,,100.0,91.9,100.0,100.0
2021-12-03,100.0,93.7,99.0,,,,,,,,,,100.0,91.6,100.0,100.0
2021-12-04,,,,,,,,,,,,,100.0,92.8,100.0,100.0
2021-12-05,,,,,,,,,,,,,100.0,93.8,100.0,100.0
2021-12-06,,,,,,,,,,,,,100.0,96.9,100.0,100.0
2021-12-07,100.0,93.4,99.0,,,,,,,,,,100.0,97.5,100.0,100.0
2021-12-08,100.0,94.0,99.0,,,,,,,,,,100.0,98.1,100.0,100.0
2021-12-09,100.0,93.5,99.0,,,,,,,98.6,76.6,100.0,100.0,98.9,100.0,100.0
2021-12-10,,,,,,,,,,,,,100.0,99.3,100.0,100.0
2021-12-11,,,,,,,,,,,,,100.0,99.4,100.0,100.0
2021-12-12,,,,,,,100.0,100.0,100.0,,,,100.0,99.6,100.0,100.0
2021-12-13,100.0,95.7,99.0,,,,,,,99.0,84.6,100.0,100.0,99.7,100.0,100.0
2021-12-14,100.0,96.1,99.0,,,,,,,,,,100.0,99.8,100.0,100.0
2021-12-15,100.0,96.9,99.0,100.0,99.5,100.0,,,,100.0,89.9,100.0,100.0,99.8,100.0,100.0
2021-12-16,,,,,,,,,,,,,100.0,99.8,100.0,100.0
2021-12-17,,,,,,,,,,99.8,86.8,100.0,100.0,99.8,100.0,100.0
2021-12-18,,,,,,,,,,100.0,90.0,100.0,100.0,99.8,100.0,100.0
2021-12-19,100.0,97.3,99.0,,,,100.0,100.0,100.0,,,,100.0,99.9,100.0,100.0
2021-12-20,100.0,97.4,99.0,100.0,99.5,100.0,100.0,100.0,100.0,,,,100.0,99.9,100.0,100.0
2021-12-21,100.0,97.8,99.0,,,,,,,,,,100.0,99.8,100.0,100.0
2021-12-22,,,,,,,,,,,,,100.0,99.8,100.0,100.0
2021-12-23,,,,,,,,,,,,,100.0,99.8,100.0,100.0
2021-12-24,,,,,,,,,,,,,100.0,99.6,100.0,100.0
2021-12-25,,,,,,,,,,,,,100.0,99.5,100.0,100.0
2021-12-26,100.0,96.6,99.0,,,,,,,100.0,91.7,100.0,100.0,99.4,100.0,100.0
2021-12-27,,,,,,,,,,,,,100.0,99.3,100.0,100.0
2021-12-28,,,,,,,,,,,,,100.0,98.6,100.0,100.0
2021-12-29,,,,,,,,,,,,,100.0,98.1,100.0,100.0
2021-12-30,,,,100.0,99.4,62.8,,,,,,,100.0,97.8,100.0,100.0
2021-12-31,,,,,,,,,,,,,100.0,97.1,100.0,100.0
2022-01-01,,,,,,,,,,,,,100.0,97.7,100.0,100.0
2022-01-02,100.0,99.7,100.0,,,,,,,,,,100.0,97.9,100.0,100.0
2022-01-03,,,,,,,,,,,,,100.0,97.9,100.0,100.0
2022-01-04,,,,,,,,,,,,,100.0,97.5,100.0,100.0
2022-01-05,,,,,,,,,,,,,100.0,97.8,100.0,100.0
2022-01-06,100.0,99.8,100.0,,,,,,,,,,100.0,98.4,100.0,100.0
2022-01-07,100.0,99.9,100.0,,,,,,,,,,100.0,98.9,100.0,100.0
2022-01-08,,,,,,,,,,,,,100.0,98.9,100.0,100.0
2022-01-09,,,,,,,,,,,,,100.0,99.3,100.0,100.0
2022-01-10,,,,,,,,,,100.0,97.0,50.4,100.0,99.6,100.0,100.0
2022-01-11,,,,,,,,,,,,,100.0,99.7,100.0,100.0
2022-01-12,,,,,,,100.0,100.0,44.3,,,,100.0,99.7,100.0,100.0
2022-01-13,,,,,,,100.0,100.0,100.0,,,,100.0,99.8,100.0,100.0
2022-01-14,100.0,99.9,100.0,100.0,99.7,100.0,,,,100.0,97.0,100.0,100.0,99.9,100.0,100.0
2022-01-15,,,,,,,,,,,,,100.0,99.9,100.0,100.0
2022-01-16,,,,,,,,,,,,,100.0,99.9,100.0,100.0
2022-01-17,,,,,,,,,,,,,100.0,99.8,100.0,100.0
2022-01-18,100.0,99.9,100.0,,,,,,,,,,100.0,99.9,100.0,100.0
2022-01-19,100.0,99.9,100.0,100.0,99.5,100.0,,,,,,,100.0,99.9,100.0,100.0
2022-01-20,,,,,,,,,,,,,100.0,99.9,100.0,100.0
2022-01-21,,,,,,,100.0,100.0,100.0,,,,100.0,99.9,100.0,100.0
2022-01-22,,,,,,,,,,,,,100.0,99.9,100.0,100.0
2022-01-23,,,,,,,,,,,,,100.0,99.9,100.0,100.0
2022-01-24,,,,100.0,99.2,100.0,,,,,,,100.0,99.9,100.0,100.0
2022-01-25,,,,,,,,,,,,,100.0,99.8,100.0,100.0
2022-01-26,100.0,99.8,100.0,,,,,,,,,,100.0,99.8,100.0,100.0
2022-01-27,,,,,,,,,,,,,100.0,99.9,100.0,100.0
2022-01-28,,,,,,,100.0,100.0,100.0,,,,100.0,99.9,100.0,100.0
2022-01-29,,,,100.0,99.0,100.0,100.0,100.0,100.0,,,,100.0,99.9,100.0,100.0
2022-01-30,100.0,99.8,100.0,,,,,,,100.0,98.6,100.0,100.0,99.9,100.0,100.0
2022-01-31,100.0,99.8,100.0,,,,,,,,,,100.0,99.9,100.0,100.0
2022-02-01,,,,,,,,,,,,,100.0,99.8,100.0,100.0
2022-02-02,,,,,,,,,,100.0,98.7,100.0,100.0,99.8,100.0,100.0
2022-02-03,,,,,,,,,,100.0,99.1,33.6,100.0,99.8,100.0,100.0
2022-02-04,,,,,,,,,,,,,100.0,99.8,100.0,100.0
2022-02-05,,,,,,,100.0,100.0,98.8,,,,100.0,99.8,100.0,100.0
2022-02-06,,,,,,,,,,,,,100.0,99.8,100.0,100.0
2022-02-07,100.0,99.8,100.0,,,,,,,100.0,98.7,100.0,100.0,99.8,100.0,100.0
2022-02-08,,,,100.0,99.0,100.0,,,,,,,100.0,99.8,100.0,100.0
2022-02-09,,,,,,,,,,100.0,98.6,100.0,100.0,99.7,100.0,100.0
2022-02-10,,,,,,,,,,100.0,98.8,100.0,100.0,99.7,100.0,100.0
2022-02-11,100.0,99.7,100.0,,,,,,,100.0,98.9,100.0,100.0,99.7,100.0,100.0
2022-02-12,100.0,99.7,100.0,,,,,,,,,,100.0,99.7,100.0,100.0
2022-02-13,,,,100.0,99.0,100.0,100.0,100.0,100.0,100.0,99.0,100.0,100.0,99.7,100.0,100.0
2022-02-14,,,,,,,,,,,,,100.0,99.5,100.0,100.0
2022-02-15,,,,,,,,,,,,,100.0,99.6,100.0,100.0
2022-02-16,,,,,,,,,,,,,100.0,99.5,100.0,100.0
2022-02-17,,,,,,,,,,,,,100.0,99.3,100.0,100.0
2022-02-18,,,,,,,,,,100.0,98.8,100.0,100.0,99.2,100.0,100.0
2022-02-19,100.0,99.7,100.0,,,,,,,100.0,98.8,62.7,100.0,99.4,100.0,100.0
2022-02-20,,,,,,,,,,,,,100.0,99.4,100.0,100.0
2022-02-21,,,,,,,,,,,,,100.0,99.2,100.0,100.0
2022-02-22,,,,,,,100.0,100.0,67.2,,,,100.0,99.1,100.0,100.0
2022-02-23,100.0,99.6,100.0,100.0,98.7,100.0,,,,,,,100.0,99.2,100.0,100.0
2022-02-24,100.0,99.6,100.0,,,,,,,,,,100.0,99.2,100.0,100.0
2022-02-25,,,,,,,,,,,,,100.0,98.9,100.0,100.0
2022-02-26,,,,,,,,,,,,,100.0,98.7,100.0,100.0
2022-02-27,,,,,,,,,,100.0,98.3,100.0,100.0,98.7,100.0,100.0
2022-02-28,,,,99.8,96.2,100.0,,,,,,,100.0,99.0,100.0,100.0
2022-03-01,,,,,,,,,,,,,100.0,98.8,100.0,100.0
2022-03-02,,,,,,,,,,,,,100.0,98.6,100.0,100.0
2022-03-03,100.0,99.4,100.0,,,,,,,,,,100.0,98.9,100.0,100.0
2022-03-04,,,,,,,,,,,,,100.0,99.0,100.0,100.0
2022-03-05,,,,99.6,94.8,100.0,,,,,,,100.0,99.1,100.0,100.0
2022-03-06,,,,,,,,,,100.0,98.0,84.0,100.0,99.2,100.0,100.0
2022-03-07,100.0,99.2,100.0,,,,,,,,,,100.0,99.4,100.0,100.0
2022-03-08,100.0,98.7,100.0,,,,,,,,,,100.0,99.5,100.0,100.0
2022-03-09,,,,,,,100.0,100.0,71.7,100.0,97.2,100.0,100.0,99.5,100.0,100.0
2022-03-10,,,,100.0,94.9,100.0,100.0,100.0,100.0,,,,100.0,99.6,100.0,100.0
2022-03-11,,,,,,,,,,,,,100.0,99.5,100.0,100.0
2022-03-12,,,,,,,,,,,,,100.0,99.5,100.0,100.0
2022-03-13,,,,,,,,,,,,,100.0,99.4,100.0,100.0
2022-03-14,,,,,,,,,,,,,100.0,99.4,100.0,100.0
2022-03-15,100.0,98.5,48.0,,,,,,,,,,100.0,99.6,100.0,100.0
2022-03-16,,,,,,,,,,,,,100.0,99.6,100.0,100.0
2022-03-17,,,,,,,,,,,,,100.0,99.7,100.0,100.0
2022-03-18,,,,,,,100.0,100.0,91.0,,,,100.0,99.8,100.0,100.0
2022-03-19,100.0,98.6,100.0,,,,,,,,,,100.0,99.8,100.0,100.0
2022-03-20,100.0,98.4,100.0,100.0,92.9,100.0,,,,100.0,96.1,79.5,100.0,99.8,100.0,100.0
2022-03-21,,,,,,,,,,,,,100.0,99.7,100.0,100.0
2022-03-22,,,,,,,,,,,,,100.0,99.6,100.0,100.0
2022-03-23,,,,,,,,,,,,,100.0,99.6,100.0,100.0
2022-03-24,,,,,,,,,,100.0,92.1,100.0,100.0,99.5,100.0,100.0
2022-03-25,,,,100.0,97.0,100.0,100.0,100.0,79.9,,,,100.0,99.6,100.0,100.0
2022-03-26,,,,,,,100.0,99.5,100.0,,,,100.0,99.4,100.0,100.0
2022-03-27,100.0,96.8,100.0,,,,,,,,,,100.0,99.3,100.0,100.0
2022-03-28,,,,,,,,,,,,,100.0,98.9,100.0,100.0
2022-03-29,,,,,,,,,,,,,100.0,98.9,100.0,100.0
2022-03-30,,,,,,,,,,,,,100.0,98.1,100.0,100.0
2022-03-31,100.0,93.3,100.0,,,,,,,,,,100.0,97.9,100.0,100.0
2022-04-01,100.0,88.1,98.4,,,,,,,,,,100.0,97.2,100.0,100.0
2022-04-02,,,,,,,,,,,,,100.0,97.4,100.0,100.0
2022-04-03,,,,,,,,,,,,,100.0,95.7,100.0,100.0
2022-04-04,,,,100.0,99.7,84.4,,,,,,,100.0,96.0,100.0,100.0
2022-04-05,,,,,,,,,,99.4,83.6,100.0,99.6,92.8,100.0,99.6
2022-04-06,,,,,,,,,,,,,99.6,93.6,100.0,99.6
2022-04-07,,,,,,,,,,,,,98.8,92.2,100.0,98.8
2022-04-08,100.0,82.6,98.4,,,,,,,,,,98.4,92.7,100.0,98.4
2022-04-09,,,,,,,,,,,,,98.0,90.8,100.0,98.0
2022-04-10,,,,,,,100.0,99.9,90.2,90.2,68.2,100.0,97.1,91.7,100.0,97.1
2022-04-11,,,,,,,,,,,,,94.3,89.2,100.0,94.3
2022-04-12,99.6,72.6,98.4,,,,,,,42.0,45.6,100.0,95.5,88.8,100.0,95.5
2022-04-13,52.9,44.0,98.4,,,,,,,,,,92.6,83.9,100.0,92.6
2022-04-14,,,,30.5,37.5,100.0,,,,15.7,26.8,75.8,92.6,77.5,100.0,92.6
2022-04-15,,,,,,,,,,,,,79.5,65.4,100.0,79.5
2022-04-16,,,,,,,,,,,,,51.2,56.6,100.0,51.2
2022-04-17,,,,,,,,,,,,,12.3,43.6,100.0,12.3
2022-04-18,,,,,,,4.5,12.5,100.0,7.4,22.9,60.7,3.7,31.4,100.0,3.7
2022-04-19,,,,0.0,1.1,100.0,0.0,0.8,100.0,,,,0.0,19.4,100.0,0.0
2022-04-20,9.6,22.9,98.4,,,,,,,0.4,8.0,100.0,0.0,12.9,100.0,0.0
2022-04-21,,,,,,,,,,,,,0.0,8.6,100.0,0.0
2022-04-22,,,,,,,,,,,,,0.0,5.2,100.0,0.0
2022-04-23,,,,,,,,,,,,,0.0,3.5,100.0,0.0
2022-04-24,2.5,11.8,98.4,,,,,,,,,,0.0,2.4,100.0,0.0
2022-04-25,0.0,5.9,98.4,,,,,,,,,,0.0,2.0,100.0,0.0
2022-04-26,,,,,,,,,,,,,0.0,1.4,100.0,0.0
2022-04-27,,,,,,,0.0,0.1,100.0,0.0,2.3,100.0,0.0,1.3,100.0,0.0
2022-04-28,,,,,,,,,,0.0,0.5,100.0,0.0,1.2,100.0,0.0
2022-04-29,,,,,,,,,,0.0,0.2,100.0,0.0,1.2,100.0,0.0
2022-04-30,,,,,,,,,,,,,0.0,1.1,100.0,0.0
2022-05-01,,,,,,,,,,,,,0.0,1.2,100.0,0.0
2022-05-02,0.0,3.3,98.4,,,,,,,,,,0.0,1.1,100.0,0.0
2022-05-03,,,,,,,,,,,,,0.0,1.6,100.0,0.0
2022-05-04,,,,,,,,,,,,,0.0,1.3,100.0,0.0
2022-05-05,,,,,,,,,,,,,0.0,1.6,100.0,0.0
2022-05-06,0.0,2.5,98.0,,,,,,,,,,0.0,1.1,100.0,0.0
2022-05-07,0.0,1.8,98.4,,,,,,,0.0,0.1,100.0,0.0,1.4,100.0,0.0
2022-05-08,,,,,,,,,,,,,0.0,1.2,100.0,0.0
2022-05-09,,,,,,,,,,,,,0.0,0.8,100.0,0.0
2022-05-10,,,,,,,,,,,,,0.0,0.7,100.0,0.0
2022-05-11,,,,,,,,,,,,,0.0,1.0,100.0,0.0
2022-05-12,,,,,,,0.0,0.1,100.0,,,,0.0,0.8,100.0,0.0
2022-05-13,,,,,,,,,,,,,0.0,0.5,100.0,0.0
2022-05-14,0.0,3.7,98.4,0.0,0.2,100.0,,,,,,,0.0,0.4,100.0,0.0
2022-05-15,,,,,,,,,,,,,0.0,0.5,100.0,0.0
2022-05-16,,,,,,,,,,,,,0.0,0.5,100.0,0.0
2022-05-17,,,,,,,,,,,,,0.0,0.2,100.0,0.0
2022-05-18,0.0,2.4,98.4,,,,,,,,,,0.0,0.1,100.0,0.0
2022-05-19,0.0,2.0,98.4,,,,,,,,,,0.0,0.1,100.0,0.0
2022-05-20,,,,,,,0.0,0.0,98.4,0.0,0.0,100.0,0.0,0.1,100.0,0.0
2022-05-21,,,,,,,0.0,0.0,100.0,,,,0.0,0.1,100.0,0.0
2022-05-22,,,,,,,,,,,,,0.0,0.1,100.0,0.0
2022-05-23,,,,,,,,,,,,,0.0,0.1,100.0,0.0
2022-05-24,,,,,,,,,,,,,0.0,0.1,100.0,0.0
2022-05-25,,,,,,,,,,,,,0.0,0.1,100.0,0.0
2022-05-26,0.0,1.7,98.4,,,,,,,,,,0.0,0.1,100.0,0.0
2022-05-27,,,,,,,,,,,,,0.0,0.1,100.0,0.0
2022-05-28,,,,,,,0.0,0.0,86.5,0.0,0.0,100.0,0.0,0.1,100.0,0.0
2022-05-29,,,,0.0,0.2,63.1,0.0,0.0,76.6,,,,0.0,0.1,100.0,0.0
2022-05-30,0.0,2.6,98.4,,,,,,,,,,0.0,0.1,100.0,0.0
2022-05-31,0.0,2.9,65.6,,,,,,,,,,0.0,0.1,100.0,0.0
2022-06-01,,,,,,,,,,,,,0.0,0.1,100.0,0.0
2022-06-02,,,,,,,,,,,,,0.0,0.1,100.0,0.0
2022-06-03,,,,,,,,,,,,,0.0,0.2,100.0,0.0
2022-06-04,,,,,,,,,,0.0,0.0,98.4,0.0,0.2,100.0,0.0
2022-06-05,,,,,,,,,,0.0,0.0,100.0,0.0,0.2,100.0,0.0
2022-06-06,,,,,,,,,,,,,0.0,0.4,100.0,0.0
2022-06-07,0.0,2.9,98.0,,,,,,,,,,0.0,0.4,100.0,0.0
2022-06-08,,,,,,,,,,,,,0.0,0.4,100.0,0.0
2022-06-09,,,,,,,,,,,,,0.0,0.5,100.0,0.0
2022-06-10,,,,,,,,,,0.0,0.0,100.0,0.0,0.4,100.0,0.0
2022-06-11,0.0,3.4,98.4,,,,,,,,,,0.0,0.5,100.0,0.0
2022-06-12,0.0,3.3,98.4,,,,,,,0.0,0.0,100.0,0.0,0.3,100.0,0.0
2022-06-13,,,,0.0,0.3,98.8,0.0,0.0,57.4,0.0,0.0,100.0,0.0,0.3,100.0,0.0
2022-06-14,,,,,,,,,,,,,0.0,0.2,100.0,0.0
2022-06-15,,,,,,,,,,,,,0.0,0.2,100.0,0.0
2022-06-16,,,,,,,,,,0.0,0.0,100.0,0.0,0.1,100.0,0.0
2022-06-17,,,,,,,,,,,,,0.0,0.1,100.0,0.0
2022-06-18,,,,0.0,0.2,100.0,,,,0.0,0.0,100.0,0.0,0.1,100.0,0.0
2022-06-19,0.4,4.2,98.4,,,,,,,,,,0.0,0.1,100.0,0.0
2022-06-20,,,,,,,,,,0.0,0.0,100.0,0.0,0.1,100.0,0.0
2022-06-21,,,,,,,0.0,0.0,100.0,,,,0.0,0.1,100.0,0.0
2022-06-22,,,,,,,,,,0.0,0.0,100.0,0.0,0.0,100.0,0.0
2022-06-23,0.0,3.9,98.4,0.0,0.2,100.0,,,,,,,0.0,0.0,100.0,0.0
2022-06-24,,,,,,,,,,,,,0.0,0.0,100.0,0.0
2022-06-25,,,,,,,,,,0.0,0.0,100.0,0.0,0.1,100.0,0.0
2022-06-26,,,,,,,,,,,,,0.0,0.0,100.0,0.0
2022-06-27,,,,,,,,,,,,,0.0,0.1,100.0,0.0
2022-06-28,,,,,,,,,,,,,0.0,0.1,100.0,0.0
2022-06-29,,,,,,,0.0,0.0,64.8,0.0,0.0,100.0,0.0,0.1,100.0,0.0
2022-06-30,,,,,,,,,,,,,0.0,0.1,100.0,0.0
2022-07-01,0.8,4.8,98.4,,,,,,,,,,0.0,0.1,100.0,0.0
2022-07-02,,,,,,,,,,,,,0.0,0.1,100.0,0.0
2022-07-03,,,,0.0,0.3,100.0,,,,,,,0.0,0.1,100.0,0.0
2022-07-04,,,,,,,,,,,,,0.0,0.1,100.0,0.0
2022-07-05,0.0,3.9,98.4,,,,,,,,,,0.0,0.0,100.0,0.0
2022-07-06,0.4,3.8,98.4,,,,,,,0.0,0.0,100.0,0.0,0.0,100.0,0.0
2022-07-07,,,,,,,,,,0.0,0.0,100.0,0.0,0.0,100.0,0.0
2022-07-08,,,,0.0,0.2,100.0,0.0,0.0,100.0,,,,0.0,0.0,100.0,0.0
2022-07-09,,,,,,,,,,,,,0.0,0.0,100.0,0.0
2022-07-10,,,,,,,,,,,,,0.0,0.0,100.0,0.0
2022-07-11,,,,,,,,,,,,,0.0,0.0,100.0,0.0
2022-07-12,,,,,,,,,,,,,0.0,0.0,100.0,0.0
2022-07-13,0.8,5.3,98.4,0.0,0.2,100.0,,,,,,,0.0,0.0,100.0,0.0
2022-07-14,,,,,,,,,,,,,0.0,0.0,100.0,0.0
2022-07-15,,,,,,,0.0,0.0,97.5,,,,0.0,0.0,100.0,0.0
2022-07-16,,,,,,,0.0,0.0,100.0,,,,0.0,0.0,100.0,0.0
2022-07-17,0.8,5.8,98.4,,,,,,,,,,0.0,0.0,100.0,0.0
2022-07-18,1.3,5.5,98.4,0.0,0.1,100.0,,,,,,,0.0,0.0,100.0,0.0
2022-07-19,,,,,,,,,,,,,0.0,0.0,100.0,0.0
2022-07-20,,,,,,,,,,,,,0.0,0.0,100.0,0.0
2022-07-21,,,,,,,,,,,,,0.0,0.0,100.0,0.0
2022-07-22,,,,,,,,,,,,,0.0,0.0,100.0,0.0
2022-07-23,,,,,,,,,,,,,0.0,0.0,100.0,0.0
2022-07-24,,,,,,,0.0,0.0,100.0,0.0,0.0,100.0,0.0,0.0,100.0,0.0
2022-07-25,1.3,4.3,98.4,,,,,,,,,,0.0,0.0,100.0,0.0
2022-07-26,,,,,,,,,,,,,0.0,0.0,100.0,0.0
2022-07-27,,,,,,,,,,,,,0.0,0.0,100.0,0.0
2022-07-28,,,,0.0,0.1,100.0,,,,0.0,0.0,46.7,0.0,0.0,100.0,0.0
2022-07-29,2.1,5.5,98.4,,,,,,,,,,0.0,0.0,100.0,0.0
2022-07-30,2.1,5.9,98.4,,,,,,,0.0,0.0,68.0,0.0,0.0,100.0,0.0
2022-07-31,,,,,,,0.0,0.0,79.1,,,,0.0,0.0,100.0,0.0
2022-08-01,,,,,,,0.0,0.0,100.0,0.0,0.0,100.0,0.0,0.0,100.0,0.0
2022-08-02,,,,0.0,0.1,100.0,,,,0.0,0.0,100.0,0.0,0.0,100.0,0.0
2022-08-03,,,,,,,,,,,,,0.0,0.0,100.0,0.0
2022-08-04,,,,,,,,,,,,,0.0,0.0,100.0,0.0
2022-08-05,,,,,,,,,,0.0,0.0,99.2,0.0,0.0,100.0,0.0
2022-08-06,7.5,10.3,98.4,,,,,,,0.0,0.0,100.0,0.0,0.0,100.0,0.0
2022-08-07,,,,0.0,0.3,100.0,,,,,,,0.0,0.0,100.0,0.0
2022-08-08,,,,,,,0.0,0.0,57.4,,,,0.0,0.0,100.0,0.0
2022-08-09,,,,,,,0.0,0.0,100.0,0.0,0.0,100.0,0.0,0.0,100.0,0.0
2022-08-10,7.1,10.5,98.4,,,,,,,,,,0.0,0.0,100.0,0.0
2022-08-11,7.1,10.0,98.4,,,,,,,,,,0.0,0.0,100.0,0.0
2022-08-12,,,,0.0,0.3,100.0,,,,0.0,0.0,100.0,0.0,0.0,100.0,0.0
2022-08-13,,,,,,,,,,0.0,0.0,100.0,0.0,0.0,100.0,0.0
2022-08-14,,,,,,,,,,,,,0.0,0.0,100.0,0.0
2022-08-15,,,,,,,,,,,,,0.0,0.0,100.0,0.0
2022-08-16,,,,,,,0.0,0.0,100.0,0.0,0.0,100.0,0.0,0.0,100.0,0.0
2022-08-17,,,,,,,,,,0.0,0.0,99.6,0.0,0.0,100.0,0.0
2022-08-18,8.7,12.0,98.4,,,,,,,,,,0.0,0.0,100.0,0.0
2022-08-19,,,,,,,,,,,,,0.0,0.0,100.0,0.0
2022-08-20,,,,,,,,,,,,,0.0,0.0,100.0,0.0
2022-08-21,,,,,,,,,,0.0,0.0,100.0,0.0,0.0,100.0,0.0
2022-08-22,10.8,14.9,98.4,0.0,0.2,100.0,,,,0.0,0.0,43.9,0.0,0.0,100.0,0.0
2022-08-23,12.5,15.9,98.4,,,,,,,,,,0.0,0.0,100.0,0.0
2022-08-24,,,,,,,0.0,0.0,99.2,0.0,0.0,100.0,0.0,0.0,100.0,0.0
2022-08-25,,,,,,,0.0,0.0,100.0,0.0,0.0,100.0,0.0,0.0,100.0,0.0
2022-08-26,,,,,,,,,,,,,0.0,0.0,100.0,0.0
2022-08-27,,,,0.0,0.3,95.9,,,,,,,0.0,0.0,100.0,0.0
2022-08-28,,,,,,,,,,0.0,0.0,100.0,0.0,0.0,100.0,0.0
2022-08-29,,,,,,,,,,0.0,0.0,100.0,0.0,0.0,100.0,0.0
2022-08-30,12.5,16.5,98.4,,,,,,,,,,0.0,0.0,100.0,0.0
2022-08-31,,,,,,,,,,,,,0.0,0.0,100.0,0.0
2022-09-01,,,,0.0,0.4,100.0,0.0,0.0,100.0,0.0,0.0,100.0,0.0,0.0,100.0,0.0
2022-09-02,,,,,,,,,,,,,0.0,0.0,100.0,0.0
2022-09-03,14.6,17.2,98.4,,,,,,,,,,0.0,0.0,100.0,0.0
2022-09-04,14.6,17.8,98.0,,,,,,,0.0,0.0,100.0,0.0,0.0,100.0,0.0
2022-09-05,,,,,,,,,,0.0,0.0,100.0,0.0,0.0,100.0,0.0
2022-09-06,,,,,,,,,,,,,0.0,0.0,100.0,0.0
2022-09-07,,,,,,,,,,,,,0.0,0.0,100.0,0.0
2022-09-08,,,,,,,,,,,,,0.0,0.0,100.0,0.0
2022-09-09,,,,,,,0.0,0.0,48.4,,,,0.0,0.1,100.0,0.0
2022-09-10,,,,,,,,,,,,,0.0,0.0,100.0,0.0
2022-09-11,10.9,14.1,98.0,0.0,0.3,100.0,,,,,,,0.0,0.0,100.0,0.0
2022-09-12,,,,,,,,,,0.0,0.0,100.0,0.0,0.0,100.0,0.0
2022-09-13,,,,,,,,,,,,,0.0,0.0,100.0,0.0
2022-09-14,,,,,,,,,,,,,0.0,0.0,100.0,0.0
2022-09-15,11.3,13.4,98.0,,,,,,,,,,0.0,0.0,100.0,0.0
2022-09-16,10.5,12.3,98.0,,,,,,,,,,0.0,0.0,100.0,0.0
2022-09-17,,,,,,,,,,,,,0.0,0.0,100.0,0.0
2022-09-18,,,,,,,0.0,0.0,100.0,,,,0.0,0.0,100.0,0.0
2022-09-19,,,,,,,,,,,,,0.0,0.0,100.0,0.0
2022-09-20,,,,,,,,,,,,,0.0,0.0,100.0,0.0
2022-09-21,,,,0.0,0.3,100.0,,,,,,,0.0,0.0,100.0,0.0
2022-09-22,,,,,,,,,,,,,0.0,0.0,100.0,0.0
2022-09-23,8.8,11.4,98.0,,,,,,,,,,0.0,0.0,100.0,0.0
2022-09-24,,,,,,,,,,,,,0.0,0.0,100.0,0.0
2022-09-25,,,,,,,,,,,,,0.0,0.0,100.0,0.0
2022-09-26,,,,,,,,,,,,,0.0,0.0,100.0,0.0
2022-09-27,6.7,10.3,98.0,,,,,,,,,,0.0,0.0,100.0,0.0
2022-09-28,3.3,7.7,98.0,,,,,,,,,,0.0,0.0,100.0,0.0
2022-09-29,,,,,,,,,,,,,0.0,0.1,100.0,0.0
2022-09-30,,,,,,,,,,,,,0.0,0.1,100.0,0.0
2022-10-01,,,,,,,,,,,,,0.0,0.1,100.0,0.0
2022-10-02,,,,,,,,,,,,,0.0,0.1,100.0,0.0
2022-10-03,,,,,,,0.0,0.0,100.0,,,,0.0,0.1,100.0,0.0
2022-10-04,,,,,,,0.0,0.0,100.0,,,,0.0,0.1,100.0,0.0
2022-10-05,2.5,8.4,98.0,,,,,,,0.0,0.0,100.0,0.0,0.1,100.0,0.0
2022-10-06,,,,0.0,0.3,100.0,,,,,,,0.0,0.1,100.0,0.0
2022-10-07,,,,,,,,,,,,,0.0,0.1,100.0,0.0
2022-10-08,,,,,,,,,,,,,0.0,0.1,100.0,0.0
2022-10-09,0.4,7.0,98.0,,,,,,,,,,0.0,0.1,100.0,0.0
2022-10-10,0.8,6.8,98.0,,,,,,,,,,0.0,0.2,100.0,0.0
2022-10-11,,,,0.0,0.4,100.0,0.0,0.0,100.0,,,,0.0,0.2,100.0,0.0
2022-10-12,,,,,,,0.0,0.0,40.2,0.0,0.0,100.0,0.0,0.1,100.0,0.0
2022-10-13,,,,,,,,,,,,,0.0,0.1,100.0,0.0
2022-10-14,,,,,,,,,,,,,0.0,0.2,100.0,0.0
2022-10-15,,,,,,,,,,,,,0.0,0.2,100.0,0.0
2022-10-16,,,,0.0,0.3,100.0,,,,0.0,0.1,100.0,0.0,0.1,100.0,0.0
2022-10-17,0.8,7.0,98.0,,,,,,,0.0,0.3,100.0,0.0,0.2,100.0,0.0
2022-10-18,,,,,,,,,,,,,0.0,0.2,100.0,0.0
2022-10-19,,,,,,,0.0,0.0,100.0,,,,0.0,0.2,100.0,0.0
2022-10-20,,,,,,,,,,,,,0.0,0.1,100.0,0.0
2022-10-21,0.8,7.3,98.0,,,,,,,,,,0.0,0.2,100.0,0.0
2022-10-22,0.4,5.5,98.0,,,,,,,,,,0.0,0.2,100.0,0.0
2022-10-23,,,,,,,,,,,,,0.0,0.3,100.0,0.0
2022-10-24,,,,,,,,,,,,,0.0,0.2,100.0,0.0
2022-10-25,,,,,,,,,,0.0,1.5,100.0,0.0,0.2,100.0,0.0
2022-10-26,,,,0.0,0.3,100.0,,,,,,,0.0,0.3,100.0,0.0
2022-10-27,,,,,,,0.0,0.0,100.0,,,,0.0,0.3,100.0,0.0
2022-10-28,,,,,,,0.0,0.1,100.0,,,,0.0,0.3,100.0,0.0
2022-10-29,0.8,3.8,97.5,,,,,,,,,,0.0,0.4,100.0,0.0
2022-10-30,,,,,,,,,,,,,0.0,0.5,100.0,0.0
2022-10-31,,,,0.0,0.5,100.0,,,,,,,0.0,0.6,100.0,0.0
2022-11-01,,,,,,,,,,,,,0.0,0.9,100.0,0.0
2022-11-02,0.8,3.9,98.0,,,,,,,,,,0.0,0.9,100.0,0.0
2022-11-03,0.8,3.0,98.0,,,,,,,,,,0.0,1.2,100.0,0.0
2022-11-04,,,,,,,,,,,,,0.0,1.4,100.0,0.0
2022-11-05,,,,,,,,,,0.0,10.6,100.0,0.0,1.9,100.0,0.0
2022-11-06,,,,,,,,,,,,,0.0,1.5,100.0,0.0
2022-11-07,,,,,,,,,,,,,0.0,2.2,100.0,0.0
2022-11-08,,,,,,,,,,,,,0.0,2.0,100.0,0.0
2022-11-09,,,,,,,,,,,,,0.0,2.2,100.0,0.0
2022-11-10,0.4,2.9,98.0,0.0,1.8,100.0,,,,,,,0.0,1.7,100.0,0.0
2022-11-11,,,,,,,,,,,,,0.0,2.7,100.0,0.0
2022-11-12,,,,,,,0.0,0.4,100.0,,,,0.0,2.1,100.0,0.0
2022-11-13,,,,,,,,,,,,,0.0,2.5,100.0,0.0
2022-11-14,0.4,2.5,98.0,,,,,,,,,,0.0,2.1,100.0,0.0
2022-11-15,0.0,2.1,98.0,,,,,,,,,,0.0,3.9,100.0,0.0
2022-11-16,,,,,,,,,,,,,0.0,4.0,100.0,0.0
2022-11-17,,,,,,,,,,,,,0.0,5.5,100.0,0.0
2022-11-18,,,,,,,,,,,,,0.0,5.2,100.0,0.0
2022-11-19,,,,,,,,,,,,,0.0,9.7,100.0,0.0
2022-11-20,,,,16.2,35.1,100.0,,,,,,,0.0,10.2,100.0,0.0
2022-11-21,,,,,,,,,,,,,0.0,11.3,100.0,0.0
2022-11-22,0.4,11.0,98.0,,,,,,,,,,0.0,11.5,100.0,0.0
2022-11-23,,,,,,,,,,,,,0.0,16.1,100.0,0.0
2022-11-24,,,,,,,,,,,,,0.0,16.1,100.0,0.0
2022-11-25,,,,,,,,,,,,,0.0,16.7,100.0,0.0
2022-11-26,0.8,20.3,98.0,,,,,,,,,,0.0,19.8,100.0,0.0
2022-11-27,1.3,19.2,98.0,,,,,,,,,,0.0,25.1,100.0,0.0
2022-11-28,,,,,,,,,,,,,0.0,30.7,100.0,0.0
2022-11-29,,,,,,,,,,,,,0.0,32.0,100.0,0.0
2022-11-30,,,,,,,,,,,,,0.0,34.4,100.0,0.0
2022-12-01,,,,,,,,,,93.9,66.7,100.0,2.5,42.3,100.0,2.5
2022-12-02,,,,,,,,,,,,,17.6,49.9,100.0,17.6
2022-12-03,,,,,,,,,,,,,30.7,53.9,100.0,30.7
2022-12-04,2.1,21.1,98.0,,,,,,,95.5,71.0,100.0,57.0,61.0,100.0,57.0
2022-12-05,,,,,,,,,,100.0,87.0,68.9,90.2,66.8,100.0,90.2
2022-12-06,,,,,,,9.4,17.9,100.0,,,,99.2,75.8,100.0,99.2
2022-12-07,,,,,,,66.0,59.5,100.0,,,,100.0,78.8,100.0,100.0
2022-12-08,14.2,32.1,98.0,,,,,,,100.0,89.1,100.0,100.0,80.1,100.0,100.0
2022-12-09,33.5,38.6,98.0,,,,,,,,,,100.0,82.4,100.0,100.0
2022-12-10,,,,,,,,,,100.0,93.2,100.0,100.0,84.5,100.0,100.0
2022-12-11,,,,,,,,,,,,,100.0,85.4,100.0,100.0
2022-12-12,,,,,,,,,,,,,100.0,86.8,100.0,100.0
2022-12-13,,,,,,,,,,,,,100.0,87.2,100.0,100.0
2022-12-14,,,,,,,,,,,,,100.0,90.0,100.0,100.0
2022-12-15,,,,,,,,,,,,,100.0,91.1,100.0,100.0
2022-12-16,25.1,36.0,98.0,,,,,,,,,,100.0,91.7,100.0,100.0
2022-12-17,,,,,,,,,,100.0,96.7,100.0,100.0,91.5,100.0,100.0
2022-12-18,,,,,,,,,,100.0,95.6,100.0,100.0,92.7,100.0,100.0
2022-12-19,,,,,,,,,,,,,100.0,93.6,100.0,100.0
2022-12-20,6.3,27.8,98.0,100.0,98.2,90.6,,,,,,,100.0,94.4,100.0,100.0
2022-12-21,35.6,37.5,98.0,,,,,,,100.0,91.4,100.0,100.0,93.8,100.0,100.0
2022-12-22,,,,,,,,,,,,,100.0,93.8,100.0,100.0
2022-12-23,,,,,,,,,,,,,100.0,94.1,100.0,100.0
2022-12-24,,,,,,,,,,,,,100.0,93.5,100.0,100.0
2022-12-25,,,,100.0,98.7,42.6,,,,100.0,86.9,100.0,100.0,94.2,100.0,100.0
2022-12-26,,,,,,,,,,,,,100.0,93.2,100.0,100.0
2022-12-27,,,,,,,,,,,,,100.0,94.0,100.0,100.0
2022-12-28,87.0,53.9,98.0,,,,,,,,,,100.0,92.7,100.0,100.0
2022-12-29,,,,,,,,,,100.0,87.6,100.0,100.0,92.8,100.0,100.0
2022-12-30,,,,,,,,,,,,,100.0,91.0,100.0,100.0
2022-12-31,,,,,,,,,,,,,100.0,91.7,100.0,100.0
2023-01-01,97.1,62.5,99.6,,,,,,,,,,100.0,90.5,100.0,100.0
2023-01-02,92.2,59.4,99.6,,,,,,,,,,100.0,90.7,100.0,100.0
2023-01-03,,,,,,,,,,,,,100.0,88.6,100.0,100.0
2023-01-04,,,,,,,,,,100.0,83.9,100.0,100.0,89.5,100.0,100.0
2023-01-05,,,,,,,,,,,,,100.0,88.6,100.0,100.0
2023-01-06,,,,,,,,,,,,,100.0,89.4,100.0,100.0
2023-01-07,,,,,,,67.6,58.6,100.0,,,,100.0,87.7,100.0,100.0
2023-01-08,,,,,,,,,,,,,100.0,87.0,100.0,100.0
2023-01-09,97.1,65.6,99.6,,,,,,,,,,100.0,87.3,100.0,100.0
2023-01-10,,,,,,,,,,,,,100.0,88.5,100.0,100.0
2023-01-11,,,,,,,,,,,,,100.0,87.8,100.0,100.0
2023-01-12,,,,,,,,,,,,,100.0,88.7,100.0,100.0
2023-01-13,99.2,73.4,99.6,,,,,,,,,,100.0,90.5,100.0,100.0
2023-01-14,100.0,81.8,99.6,,,,,,,,,,100.0,92.0,100.0,100.0
2023-01-15,,,,,,,,,,,,,100.0,91.3,100.0,100.0
2023-01-16,,,,,,,,,,,,,100.0,90.6,100.0,100.0
2023-01-17,,,,,,,,,,,,,100.0,93.1,100.0,100.0
2023-01-18,,,,,,,,,,,,,100.0,92.5,100.0,100.0
2023-01-19,,,,100.0,99.7,100.0,,,,,,,100.0,95.6,100.0,100.0
2023-01-20,,,,,,,,,,,,,100.0,96.7,100.0,100.0
2023-01-21,100.0,84.4,99.6,,,,,,,,,,100.0,98.2,100.0,100.0
2023-01-22,,,,,,,,,,,,,100.0,98.2,100.0,100.0
2023-01-23,,,,,,,100.0,100.0,100.0,,,,100.0,98.9,100.0,100.0
2023-01-24,,,,100.0,99.1,100.0,100.0,100.0,100.0,100.0,94.7,100.0,100.0,99.3,100.0,100.0
2023-01-25,100.0,87.2,99.6,,,,,,,,,,100.0,99.3,100.0,100.0
2023-01-26,100.0,88.8,99.2,,,,,,,,,,100.0,99.3,100.0,100.0
2023-01-27,,,,,,,,,,,,,100.0,99.4,100.0,100.0
2023-01-28,,,,,,,,,,100.0,97.6,100.0,100.0,99.5,100.0,100.0
2023-01-29,,,,100.0,97.0,100.0,,,,,,,100.0,99.6,100.0,100.0
2023-01-30,,,,,,,,,,100.0,98.6,100.0,100.0,99.5,100.0,100.0
2023-01-31,,,,,,,100.0,100.0,100.0,100.0,98.8,100.0,100.0,99.6,100.0,100.0
2023-02-01,,,,,,,100.0,100.0,100.0,,,,100.0,99.7,100.0,100.0
2023-02-02,100.0,92.8,99.6,,,,,,,,,,100.0,99.7,100.0,100.0
2023-02-03,,,,100.0,95.9,100.0,,,,100.0,99.1,100.0,100.0,99.7,100.0,100.0
2023-02-04,,,,,,,,,,100.0,99.3,100.0,100.0,99.7,100.0,100.0
2023-02-05,,,,,,,,,,,,,100.0,99.7,100.0,100.0
2023-02-06,100.0,93.7,99.6,,,,,,,,,,100.0,99.8,100.0,100.0
2023-02-07,100.0,92.2,99.6,,,,,,,100.0,99.6,100.0,100.0,99.7,100.0,100.0
2023-02-08,,,,100.0,97.2,100.0,100.0,100.0,100.0,100.0,99.6,100.0,100.0,99.8,100.0,100.0
2023-02-09,,,,,,,100.0,100.0,46.7,100.0,99.2,100.0,100.0,99.8,100.0,100.0
2023-02-10,,,,,,,,,,,,,100.0,99.7,100.0,100.0
2023-02-11,,,,,,,,,,,,,100.0,99.7,100.0,100.0
2023-02-12,,,,,,,,,,100.0,98.9,100.0,100.0,99.6,100.0,100.0
2023-02-13,,,,100.0,93.0,100.0,,,,,,,100.0,99.7,100.0,100.0
2023-02-14,100.0,88.1,99.6,,,,,,,,,,100.0,99.7,100.0,100.0
2023-02-15,,,,,,,,,,100.0,98.7,100.0,100.0,99.5,100.0,100.0
2023-02-16,,,,,,,100.0,100.0,100.0,100.0,98.5,100.0,100.0,99.6,100.0,100.0
2023-02-17,,,,,,,,,,100.0,98.3,100.0,100.0,99.5,100.0,100.0
2023-02-18,100.0,88.3,99.6,93.9,75.5,100.0,,,,,,,100.0,99.5,100.0,100.0
2023-02-19,100.0,85.1,99.6,,,,,,,,,,100.0,99.2,100.0,100.0
2023-02-20,,,,,,,,,,100.0,97.1,100.0,100.0,98.8,100.0,100.0
2023-02-21,,,,,,,,,,100.0,96.9,100.0,100.0,98.6,100.0,100.0
2023-02-22,,,,,,,,,,,,,100.0,98.4,100.0,100.0
2023-02-23,,,,70.1,56.7,100.0,,,,,,,100.0,98.1,100.0,100.0
2023-02-24,,,,,,,100.0,98.8,97.1,,,,100.0,97.5,100.0,100.0
2023-02-25,,,,,,,,,,100.0,96.1,100.0,100.0,96.9,100.0,100.0
2023-02-26,100.0,85.4,99.6,,,,,,,,,,100.0,96.9,100.0,100.0
2023-02-27,,,,,,,,,,100.0,96.6,88.5,100.0,96.1,100.0,100.0
2023-02-28,,,,,,,,,,100.0,96.6,100.0,100.0,95.4,100.0,100.0
2023-03-01,,,,,,,,,,100.0,95.7,100.0,100.0,95.6,100.0,100.0
2023-03-02,100.0,74.0,99.6,,,,,,,,,,100.0,95.3,100.0,100.0
2023-03-03,100.0,68.9,99.6,,,,,,,100.0,96.1,100.0,100.0,95.0,100.0,100.0
2023-03-04,,,,,,,100.0,83.9,97.1,100.0,96.1,100.0,100.0,94.4,100.0,100.0
2023-03-05,,,,98.0,82.9,100.0,98.0,85.6,81.6,,,,100.0,95.5,100.0,100.0
2023-03-06,,,,,,,,,,100.0,95.0,100.0,100.0,93.7,100.0,100.0
2023-03-07,,,,,,,,,,100.0,91.9,100.0,100.0,94.0,100.0,100.0
2023-03-08,,,,,,,,,,,,,100.0,93.5,100.0,100.0
2023-03-09,,,,,,,,,,,,,100.0,94.1,100.0,100.0
2023-03-10,94.2,63.0,99.6,,,,,,,,,,100.0,93.2,100.0,100.0
2023-03-11,,,,,,,,,,,,,100.0,93.1,100.0,100.0
2023-03-12,,,,,,,,,,,,,100.0,92.5,100.0,100.0
2023-03-13,,,,,,,,,,,,,100.0,93.1,100.0,100.0
2023-03-14,99.2,63.7,99.6,,,,,,,,,,100.0,92.7,100.0,100.0
2023-03-15,50.2,42.7,99.6,96.3,88.6,100.0,,,,,,,100.0,93.9,100.0,100.0
2023-03-16,,,,,,,,,,,,,100.0,92.3,100.0,100.0
2023-03-17,,,,,,,,,,,,,100.0,91.2,100.0,100.0
2023-03-18,,,,,,,,,,,,,100.0,90.1,100.0,100.0
2023-03-19,,,,,,,,,,,,,100.0,88.6,100.0,100.0
2023-03-20,,,,,,,,,,,,,100.0,87.2,100.0,100.0
2023-03-21,,,,,,,,,,,,,99.6,81.7,100.0,99.6
2023-03-22,11.9,22.2,99.6,,,,,,,,,,98.8,78.3,100.0,98.8
2023-03-23,,,,,,,,,,,,,95.5,72.6,100.0,95.5
2023-03-24,,,,,,,,,,,,,87.3,68.5,100.0,87.3
2023-03-25,,,,,,,,,,,,,67.2,61.9,100.0,67.2
2023-03-26,4.9,12.1,99.6,,,,,,,,,,28.3,53.7,100.0,28.3
2023-03-27,2.9,11.0,99.6,,,,,,,,,,12.7,46.8,100.0,12.7
2023-03-28,,,,,,,,,,,,,5.7,39.8,100.0,5.7
2023-03-29,,,,,,,,,,,,,2.9,32.1,100.0,2.9
2023-03-30,,,,,,,,,,,,,1.2,22.7,100.0,1.2
2023-03-31,,,,,,,,,,,,,0.4,17.6,100.0,0.4
2023-04-01,,,,,,,,,,,,,0.0,13.8,100.0,0.0
2023-04-02,,,,,,,,,,,,,0.0,11.2,100.0,0.0
2023-04-03,2.1,8.3,99.6,,,,,,,100.0,81.1,66.8,0.0,8.9,100.0,0.0
2023-04-04,,,,2.7,6.6,100.0,,,,,,,0.0,9.8,100.0,0.0
2023-04-05,,,,,,,1.2,3.9,100.0,,,,0.0,8.8,100.0,0.0
2023-04-06,,,,,,,2.0,5.3,100.0,94.7,69.4,81.1,0.0,8.6,100.0,0.0
2023-04-07,1.2,7.2,99.6,,,,,,,,,,0.0,7.0,100.0,0.0
2023-04-08,1.2,5.4,99.6,,,,,,,52.0,48.8,82.8,0.0,7.0,100.0,0.0
2023-04-09,,,,0.0,0.5,100.0,,,,,,,0.0,7.1,100.0,0.0
2023-04-10,,,,,,,,,,,,,0.0,7.7,100.0,0.0
2023-04-11,,,,,,,,,,,,,0.0,7.7,100.0,0.0
2023-04-12,,,,,,,,,,,,,0.0,8.6,100.0,0.0
2023-04-13,,,,,,,,,,,,,0.0,10.2,100.0,0.0
2023-04-14,,,,,,,,,,17.4,31.9,100.0,0.0,11.4,100.0,0.0
2023-04-15,0.8,6.7,99.6,,,,,,,,,,0.0,11.5,100.0,0.0
2023-04-16,,,,,,,,,,,,,0.0,12.6,100.0,0.0
2023-04-17,,,,,,,,,,,,,0.0,16.9,100.0,0.0
2023-04-18,,,,,,,,,,0.0,8.5,100.0,0.0,17.7,100.0,0.0
2023-04-19,0.8,6.4,99.6,,,,,,,0.0,2.6,100.0,0.0,16.4,100.0,0.0
2023-04-20,0.4,5.3,99.6,,,,,,,,,,0.0,17.9,100.0,0.0
2023-04-21,,,,,,,,,,,,,0.0,18.2,100.0,0.0
2023-04-22,,,,,,,,,,,,,0.0,22.3,100.0,0.0
2023-04-23,,,,,,,,,,0.0,1.7,100.0,0.0,17.2,100.0,0.0
2023-04-24,,,,,,,,,,0.0,1.6,55.3,0.0,20.3,100.0,0.0
2023-04-25,,,,,,,,,,,,,0.0,18.0,100.0,0.0
2023-04-26,,,,,,,,,,,,,0.0,17.7,100.0,0.0
2023-04-27,0.8,5.4,99.6,,,,,,,0.0,1.8,66.8,0.0,17.5,100.0,0.0
2023-04-28,,,,,,,,,,,,,0.0,19.3,100.0,0.0
2023-04-29,,,,,,,,,,,,,0.0,13.9,100.0,0.0
2023-04-30,,,,,,,,,,,,,0.0,11.0,100.0,0.0
2023-05-01,0.4,5.4,99.6,,,,,,,,,,0.0,11.8,100.0,0.0
2023-05-02,0.0,2.2,73.4,,,,,,,,,,0.0,13.6,100.0,0.0
2023-05-03,,,,,,,,,,,,,0.0,11.7,100.0,0.0
2023-05-04,,,,0.0,0.2,100.0,,,,0.0,0.2,100.0,0.0,8.6,100.0,0.0
2023-05-05,,,,,,,,,,,,,0.0,10.6,100.0,0.0
2023-05-06,,,,,,,,,,,,,0.0,9.6,100.0,0.0
2023-05-07,,,,,,,,,,,,,0.0,8.0,100.0,0.0
2023-05-08,,,,,,,,,,0.0,0.1,100.0,0.0,4.5,100.0,0.0
2023-05-09,0.0,3.2,73.4,,,,,,,,,,0.0,3.9,100.0,0.0
2023-05-10,,,,,,,,,,,,,0.0,3.8,100.0,0.0
2023-05-11,,,,,,,,,,,,,0.0,3.6,100.0,0.0
2023-05-12,,,,,,,,,,,,,0.0,3.9,100.0,0.0
2023-05-13,0.0,3.1,73.4,,,,,,,,,,0.0,3.2,100.0,0.0
2023-05-14,0.0,3.7,73.4,,,,,,,,,,0.0,2.6,100.0,0.0
2023-05-15,,,,,,,,,,,,,0.0,2.0,100.0,0.0
2023-05-16,,,,,,,,,,,,,0.0,1.3,100.0,0.0
2023-05-17,,,,,,,,,,,,,0.0,1.1,100.0,0.0
2023-05-18,,,,,,,,,,,,,0.0,1.0,100.0,0.0
2023-05-19,,,,0.0,0.3,100.0,,,,,,,0.0,0.7,100.0,0.0
2023-05-20,,,,,,,,,,,,,0.0,0.5,100.0,0.0
2023-05-21,0.0,4.2,73.4,,,,,,,,,,0.0,0.4,100.0,0.0
2023-05-22,,,,,,,,,,,,,0.0,0.4,100.0,0.0
2023-05-23,,,,,,,0.0,0.1,91.0,,,,0.0,0.3,100.0,0.0
2023-05-24,,,,,,,,,,,,,0.0,0.4,100.0,0.0
2023-05-25,0.0,4.8,73.4,,,,,,,,,,0.0,0.3,100.0,0.0
2023-05-26,0.0,3.5,73.4,,,,,,,,,,0.0,0.4,100.0,0.0
2023-05-27,,,,,,,,,,,,,0.0,0.4,100.0,0.0
2023-05-28,,,,,,,,,,,,,0.0,0.4,100.0,0.0
2023-05-29,,,,0.0,0.9,83.2,,,,,,,0.0,0.3,100.0,0.0
2023-05-30,,,,,,,,,,,,,0.0,0.4,100.0,0.0
2023-05-31,,,,,,,,,,,,,0.0,0.4,100.0,0.0
2023-06-01,,,,,,,,,,,,,0.0,0.5,100.0,0.0
2023-06-02,0.0,3.3,73.4,,,,,,,,,,0.0,0.4,100.0,0.0
2023-06-03,,,,0.0,0.5,75.4,,,,,,,0.0,0.3,100.0,0.0
2023-06-04,,,,,,,,,,,,,0.0,0.4,100.0,0.0
2023-06-05,,,,,,,,,,,,,0.0,0.7,100.0,0.0
2023-06-06,0.0,3.6,73.4,,,,,,,,,,0.0,0.6,100.0,0.0
2023-06-07,0.0,3.0,73.4,,,,,,,,,,0.0,0.5,100.0,0.0
2023-06-08,,,,,,,,,,,,,0.0,0.4,100.0,0.0
2023-06-09,,,,,,,,,,,,,0.0,0.4,100.0,0.0
2023-06-10,,,,,,,,,,,,,0.0,0.3,100.0,0.0
2023-06-11,,,,,,,,,,0.0,0.0,69.7,0.0,0.2,100.0,0.0
2023-06-12,,,,,,,,,,,,,0.0,0.2,100.0,0.0
2023-06-13,,,,,,,,,,,,,0.0,0.2,100.0,0.0
2023-06-14,0.0,2.4,73.4,,,,,,,0.0,0.0,100.0,0.0,0.1,100.0,0.0
2023-06-15,,,,,,,,,,,,,0.0,0.1,100.0,0.0
2023-06-16,,,,,,,,,,,,,0.0,0.1,100.0,0.0
2023-06-17,,,,,,,0.0,0.0,100.0,,,,0.0,0.1,100.0,0.0
2023-06-18,0.0,2.0,73.4,,,,,,,0.0,0.0,100.0,0.0,0.1,100.0,0.0
2023-06-19,0.0,1.8,73.4,,,,,,,,,,0.0,0.1,100.0,0.0
2023-06-20,,,,,,,,,,,,,0.0,0.1,100.0,0.0
2023-06-21,,,,,,,,,,0.0,0.0,100.0,0.0,0.1,100.0,0.0
2023-06-22,,,,,,,,,,,,,0.0,0.0,100.0,0.0
2023-06-23,,,,0.0,0.6,43.9,,,,,,,0.0,0.0,100.0,0.0
2023-06-24,,,,,,,,,,,,,0.0,0.0,100.0,0.0
2023-06-25,,,,,,,0.0,0.0,100.0,,,,0.0,0.0,100.0,0.0
2023-06-26,0.0,2.7,73.4,,,,,,,0.0,0.0,100.0,0.0,0.0,100.0,0.0
2023-06-27,,,,,,,,,,0.0,0.0,100.0,0.0,0.0,100.0,0.0
2023-06-28,,,,0.0,0.4,100.0,,,,,,,0.0,0.0,100.0,0.0
2023-06-29,,,,,,,,,,,,,0.0,0.0,100.0,0.0
2023-06-30,0.0,3.3,73.4,,,,,,,,,,0.0,0.0,100.0,0.0
2023-07-01,0.0,3.2,73.4,,,,,,,,,,0.0,0.0,100.0,0.0
2023-07-02,,,,,,,,,,,,,0.0,0.0,100.0,0.0
2023-07-03,,,,0.0,0.2,49.6,,,,,,,0.0,0.0,100.0,0.0
2023-07-04,,,,,,,,,,0.0,0.0,100.0,0.0,0.0,100.0,0.0
2023-07-05,,,,,,,,,,,,,0.0,0.0,100.0,0.0
2023-07-06,,,,,,,0.0,0.0,100.0,,,,0.0,0.0,100.0,0.0
2023-07-07,,,,,,,,,,,,,0.0,0.0,100.0,0.0
2023-07-08,0.0,4.3,73.4,,,,,,,,,,0.0,0.0,100.0,0.0
2023-07-09,,,,,,,,,,,,,0.0,0.0,100.0,0.0
2023-07-10,,,,,,,,,,0.0,0.0,100.0,0.0,0.0,100.0,0.0
2023-07-11,,,,,,,0.0,0.0,100.0,,,,0.0,0.0,100.0,0.0
2023-07-12,1.1,5.6,73.4,,,,,,,,,,0.0,0.0,100.0,0.0
2023-07-13,0.0,4.6,73.4,,,,,,,,,,0.0,0.0,100.0,0.0
2023-07-14,,,,,,,,,,0.0,0.0,100.0,0.0,0.0,100.0,0.0
2023-07-15,,,,,,,,,,,,,0.0,0.0,100.0,0.0
2023-07-16,,,,,,,,,,,,,0.0,0.0,100.0,0.0
2023-07-17,,,,,,,,,,,,,0.0,0.0,100.0,0.0
2023-07-18,,,,,,,,,,,,,0.0,0.0,100.0,0.0
2023-07-19,,,,,,,,,,,,,0.0,0.0,100.0,0.0
2023-07-20,0.6,5.3,73.4,,,,,,,,,,0.0,0.0,100.0,0.0
2023-07-21,,,,,,,,,,,,,0.0,0.0,100.0,0.0
2023-07-22,,,,,,,,,,,,,0.0,0.0,100.0,0.0
2023-07-23,,,,,,,,,,,,,0.0,0.0,100.0,0.0
2023-07-24,0.0,4.9,73.4,,,,,,,,,,0.0,0.0,100.0,0.0
2023-07-25,0.0,3.7,73.4,,,,,,,,,,0.0,0.0,100.0,0.0
2023-07-26,,,,,,,,,,,,,0.0,0.0,100.0,0.0
2023-07-27,,,,,,,0.0,0.0,100.0,,,,0.0,0.0,100.0,0.0
2023-07-28,,,,0.0,0.1,95.1,,,,,,,0.0,0.0,100.0,0.0
2023-07-29,,,,,,,,,,,,,0.0,0.0,100.0,0.0
2023-07-30,,,,,,,,,,,,,0.0,0.0,100.0,0.0
2023-07-31,,,,,,,,,,,,,0.0,0.0,100.0,0.0
2023-08-01,0.0,3.3,73.4,,,,,,,,,,0.0,0.0,100.0,0.0
2023-08-02,,,,0.0,0.2,100.0,0.0,0.0,82.8,0.0,0.0,100.0,0.0,0.0,100.0,0.0
2023-08-03,,,,,,,0.0,0.0,99.6,,,,0.0,0.0,100.0,0.0
2023-08-04,,,,,,,,,,,,,0.0,0.0,100.0,0.0
2023-08-05,0.0,2.7,73.4,,,,,,,,,,0.0,0.0,100.0,0.0
2023-08-06,0.0,2.9,73.4,,,,,,,,,,0.0,0.0,100.0,0.0
2023-08-07,,,,,,,,,,0.0,0.0,82.0,0.0,0.0,100.0,0.0
2023-08-08,,,,,,,,,,,,,0.0,0.0,100.0,0.0
2023-08-09,,,,,,,,,,,,,0.0,0.0,100.0,0.0
2023-08-10,,,,,,,,,,0.0,0.0,100.0,0.0,0.0,100.0,0.0
2023-08-11,,,,,,,0.0,0.0,100.0,,,,0.0,0.0,100.0,0.0
2023-08-12,,,,0.0,0.2,100.0,,,,,,,0.0,0.0,100.0,0.0
2023-08-13,0.0,2.8,73.4,,,,,,,,,,0.0,0.0,100.0,0.0
2023-08-14,,,,,,,,,,0.0,0.0,100.0,0.0,0.0,100.0,0.0
2023-08-15,,,,,,,,,,,,,0.0,0.0,100.0,0.0
2023-08-16,,,,,,,,,,,,,0.0,0.0,100.0,0.0
2023-08-17,0.0,3.5,73.4,,,,,,,,,,0.0,0.0,100.0,0.0
2023-08-18,0.0,3.1,73.4,,,,,,,0.0,0.0,100.0,0.0,0.0,100.0,0.0
2023-08-19,,,,,,,0.0,0.0,100.0,,,,0.0,0.0,100.0,0.0
2023-08-20,,,,,,,0.0,0.0,100.0,,,,0.0,0.0,100.0,0.0
2023-08-21,,,,,,,,,,,,,0.0,0.0,100.0,0.0
2023-08-22,,,,0.0,0.2,100.0,,,,,,,0.0,0.0,100.0,0.0
2023-08-23,,,,,,,,,,,,,0.0,0.0,100.0,0.0
2023-08-24,,,,,,,,,,,,,0.0,0.0,100.0,0.0
2023-08-25,0.0,3.5,73.4,,,,,,,0.0,0.0,100.0,0.0,0.0,100.0,0.0
2023-08-26,,,,,,,,,,0.0,0.0,100.0,0.0,0.0,100.0,0.0
2023-08-27,,,,,,,,,,,,,0.0,0.0,100.0,0.0
2023-08-28,,,,,,,,,,,,,0.0,0.0,100.0,0.0
2023-08-29,0.0,3.2,73.4,,,,,,,,,,0.0,0.0,100.0,0.0
2023-08-30,0.0,3.5,73.4,,,,,,,,,,0.0,0.0,100.0,0.0
2023-08-31,,,,,,,,,,,,,0.0,0.0,100.0,0.0
2023-09-01,,,,0.0,0.2,100.0,,,,,,,0.0,0.0,100.0,0.0
2023-09-02,,,,,,,,,,0.0,0.0,100.0,0.0,0.0,100.0,0.0
2023-09-03,,,,,,,,,,,,,0.0,0.0,100.0,0.0
2023-09-04,,,,,,,0.0,0.0,100.0,,,,0.0,0.0,100.0,0.0
2023-09-05,,,,,,,0.0,0.0,100.0,,,,0.0,0.0,100.0,0.0
2023-09-06,0.0,3.4,73.4,0.0,0.3,100.0,,,,,,,0.0,0.0,100.0,0.0
2023-09-07,,,,,,,,,,,,,0.0,0.0,100.0,0.0
2023-09-08,,,,,,,,,,,,,0.0,0.0,100.0,0.0
2023-09-09,,,,,,,,,,0.0,0.0,100.0,0.0,0.0,100.0,0.0
2023-09-10,0.0,3.5,73.4,,,,,,,,,,0.0,0.0,100.0,0.0
2023-09-11,0.0,3.4,73.4,0.0,0.1,100.0,,,,,,,0.0,0.0,100.0,0.0
2023-09-12,,,,,,,0.0,0.0,100.0,,,,0.0,0.0,100.0,0.0
2023-09-13,,,,,,,,,,,,,0.0,0.0,100.0,0.0
2023-09-14,,,,,,,,,,,,,0.0,0.0,100.0,0.0
2023-09-15,,,,,,,,,,,,,0.0,0.0,100.0,0.0
2023-09-16,,,,,,,,,,,,,0.0,0.0,100.0,0.0
2023-09-17,,,,,,,,,,0.0,0.0,100.0,0.0,0.0,100.0,0.0
2023-09-18,0.0,4.1,73.4,,,,,,,,,,0.0,0.0,100.0,0.0
2023-09-19,,,,,,,,,,,,,0.0,0.0,100.0,0.0
2023-09-20,,,,,,,0.0,0.0,79.9,,,,0.0,0.0,100.0,0.0
2023-09-21,,,,,,,,,,,,,0.0,0.0,100.0,0.0
2023-09-22,0.0,4.1,73.4,,,,,,,,,,0.0,0.0,100.0,0.0
2023-09-23,0.0,4.2,73.4,,,,,,,,,,0.0,0.0,100.0,0.0
2023-09-24,,,,,,,,,,0.0,0.0,52.0,0.0,0.1,100.0,0.0
2023-09-25,,,,,,,,,,0.0,0.0,100.0,0.0,0.0,100.0,0.0
2023-09-26,,,,0.0,0.3,100.0,,,,,,,0.0,0.0,100.0,0.0
2023-09-27,,,,,,,,,,,,,0.0,0.0,100.0,0.0
2023-09-28,,,,,,,,,,,,,0.0,0.1,100.0,0.0
2023-09-29,,,,,,,0.0,0.0,100.0,0.0,0.0,100.0,0.0,0.0,100.0,0.0
2023-09-30,0.0,6.0,56.6,,,,,,,,,,0.0,0.1,100.0,0.0
2023-10-01,,,,0.0,0.6,100.0,,,,,,,0.0,0.1,100.0,0.0
2023-10-02,,,,,,,,,,0.0,0.0,100.0,0.0,0.0,100.0,0.0
2023-10-03,,,,,,,,,,0.0,0.0,100.0,0.0,0.0,100.0,0.0
2023-10-04,0.0,5.8,73.4,,,,,,,,,,0.0,0.1,100.0,0.0
2023-10-05,0.0,6.6,73.4,,,,,,,,,,0.0,0.1,100.0,0.0
2023-10-06,,,,0.0,0.2,100.0,0.0,0.0,100.0,0.0,0.0,100.0,0.0,0.1,100.0,0.0
2023-10-07,,,,,,,0.0,0.0,100.0,,,,0.0,0.1,100.0,0.0
2023-10-08,,,,,,,,,,,,,0.0,0.1,100.0,0.0
2023-10-09,,,,,,,,,,,,,0.0,0.1,100.0,0.0
2023-10-10,,,,,,,,,,0.0,0.0,100.0,0.0,0.1,100.0,0.0
2023-10-11,,,,0.0,3.2,100.0,,,,0.0,0.1,100.0,0.0,0.2,100.0,0.0
2023-10-12,0.0,7.1,61.5,,,,,,,,,,0.0,0.1,100.0,0.0
2023-10-13,,,,,,,,,,,,,0.0,0.2,100.0,0.0
2023-10-14,,,,,,,,,,0.0,2.6,100.0,0.0,0.1,100.0,0.0
2023-10-15,,,,,,,,,,,,,0.0,0.4,100.0,0.0
2023-10-16,0.0,8.2,73.4,,,,,,,,,,0.0,0.2,100.0,0.0
2023-10-17,0.0,7.1,73.4,,,,,,,,,,0.0,0.3,100.0,0.0
2023-10-18,,,,,,,,,,0.0,9.5,100.0,0.0,0.2,100.0,0.0
2023-10-19,,,,,,,,,,,,,0.0,0.3,100.0,0.0
2023-10-20,,,,,,,,,,,,,0.0,0.3,100.0,0.0
2023-10-21,,,,,,,,,,,,,0.0,0.3,100.0,0.0
2023-10-22,,,,,,,,,,,,,0.0,0.4,100.0,0.0
2023-10-23,,,,,,,,,,,,,0.0,0.6,100.0,0.0
2023-10-24,0.0,7.3,73.4,,,,,,,,,,0.0,0.6,100.0,0.0
2023-10-25,,,,,,,,,,,,,0.0,0.5,100.0,0.0
2023-10-26,,,,,,,,,,,,,0.0,0.5,100.0,0.0
2023-10-27,,,,,,,,,,,,,0.0,0.6,100.0,0.0
2023-10-28,0.0,7.2,73.4,,,,,,,,,,0.0,0.6,100.0,0.0
2023-10-29,0.0,5.3,73.4,,,,,,,,,,0.0,0.6,100.0,0.0
2023-10-30,,,,,,,,,,,,,0.0,0.7,100.0,0.0
2023-10-31,,,,,,,,,,,,,0.0,0.7,100.0,0.0
2023-11-01,,,,,,,,,,,,,0.0,0.8,100.0,0.0
2023-11-02,,,,,,,,,,,,,0.0,0.7,100.0,0.0
2023-11-03,,,,,,,,,,,,,0.0,1.0,100.0,0.0
2023-11-04,,,,,,,,,,,,,0.0,1.3,100.0,0.0
2023-11-05,0.0,5.6,73.4,,,,,,,,,,0.0,1.2,100.0,0.0
2023-11-06,,,,,,,,,,,,,0.0,1.5,100.0,0.0
2023-11-07,,,,,,,,,,,,,0.0,1.7,100.0,0.0
2023-11-08,,,,,,,0.0,0.3,100.0,,,,0.0,2.2,100.0,0.0
2023-11-09,0.0,4.9,73.4,,,,,,,,,,0.0,2.2,100.0,0.0
2023-11-10,1.3,7.4,30.7,,,,,,,,,,0.0,2.9,100.0,0.0
2023-11-11,,,,,,,,,,,,,0.0,3.1,100.0,0.0
2023-11-12,,,,,,,,,,,,,0.0,5.1,100.0,0.0
2023-11-13,,,,,,,,,,,,,0.0,4.5,100.0,0.0
2023-11-14,,,,,,,,,,,,,0.0,4.6,100.0,0.0
2023-11-15,,,,,,,,,,,,,0.0,3.7,100.0,0.0
2023-11-16,,,,,,,,,,,,,0.0,3.9,100.0,0.0
2023-11-17,0.0,6.1,73.4,,,,,,,,,,0.0,2.7,100.0,0.0
2023-11-18,,,,,,,,,,,,,0.0,3.4,100.0,0.0
2023-11-19,,,,,,,,,,,,,0.0,3.0,100.0,0.0
2023-11-20,,,,,,,,,,,,,0.0,3.2,100.0,0.0
2023-11-21,0.0,5.4,73.4,,,,,,,,,,0.0,3.2,100.0,0.0
2023-11-22,0.0,5.4,73.4,,,,,,,,,,0.0,5.0,100.0,0.0
2023-11-23,,,,,,,0.0,2.0,100.0,,,,0.0,5.6,100.0,0.0
2023-11-24,,,,,,,0.0,1.8,100.0,,,,0.0,7.5,100.0,0.0
2023-11-25,,,,,,,,,,,,,0.0,8.8,100.0,0.0
2023-11-26,,,,,,,,,,,,,0.0,14.7,100.0,0.0
2023-11-27,,,,,,,,,,,,,0.0,17.6,100.0,0.0
2023-11-28,,,,,,,,,,,,,0.0,27.1,100.0,0.0
2023-11-29,0.0,6.3,36.9,,,,,,,,,,0.8,31.2,100.0,0.8
2023-11-30,,,,,,,,,,,,,4.5,37.7,100.0,4.5
2023-12-01,,,,,,,,,,,,,2.9,37.7,100.0,2.9
2023-12-02,,,,,,,,,,,,,9.4,44.0,100.0,9.4
2023-12-03,0.0,7.7,73.4,,,,,,,60.7,50.5,100.0,14.8,43.5,100.0,14.8
2023-12-04,0.0,7.4,73.4,,,,,,,,,,32.0,50.7,100.0,32.0
2023-12-05,,,,96.7,79.8,98.4,,,,,,,35.2,51.6,100.0,35.2
2023-12-06,,,,,,,,,,,,,43.0,55.6,100.0,43.0
2023-12-07,,,,,,,,,,50.0,46.1,100.0,36.1,52.2,100.0,36.1
2023-12-08,,,,,,,,,,,,,49.2,58.7,100.0,49.2
2023-12-09,,,,,,,,,,,,,43.4,56.8,100.0,43.4
2023-12-10,,,,,,,,,,,,,50.0,59.9,100.0,50.0
2023-12-11,6.1,17.5,73.4,,,,,,,,,,36.1,54.8,100.0,36.1
2023-12-12,,,,,,,,,,,,,45.1,57.3,100.0,45.1
2023-12-13,,,,,,,,,,,,,38.1,55.2,100.0,38.1
2023-12-14,,,,,,,,,,,,,51.2,59.2,100.0,51.2
2023-12-15,14.0,27.3,73.4,73.9,62.3,96.7,,,,,,,47.5,59.5,100.0,47.5
2023-12-16,24.0,33.5,73.4,,,,,,,,,,65.6,62.8,100.0,65.6
2023-12-17,,,,,,,61.9,50.7,100.0,,,,77.9,65.3,100.0,77.9
2023-12-18,,,,,,,87.3,69.2,100.0,,,,83.2,66.3,100.0,83.2
2023-12-19,,,,,,,,,,98.6,74.3,100.0,90.2,66.5,100.0,90.2
2023-12-20,,,,,,,,,,,,,100.0,69.2,100.0,100.0
2023-12-21,,,,,,,,,,,,,100.0,71.3,100.0,100.0
2023-12-22,,,,,,,,,,,,,100.0,71.9,100.0,100.0
2023-12-23,46.9,43.3,73.4,,,,,,,100.0,93.3,100.0,100.0,75.9,100.0,100.0
2023-12-24,,,,,,,,,,,,,100.0,76.2,100.0,100.0
2023-12-25,,,,4.5,19.6,100.0,98.4,79.3,100.0,,,,100.0,81.4,100.0,100.0
2023-12-26,,,,,,,,,,100.0,95.5,100.0,100.0,79.5,100.0,100.0
2023-12-27,60.9,49.0,73.4,,,,,,,100.0,93.7,100.0,100.0,82.1,100.0,100.0
2023-12-28,79.9,61.9,73.4,,,,,,,,,,100.0,81.6,100.0,100.0
2023-12-29,,,,,,,,,,,,,100.0,81.3,100.0,100.0
2023-12-30,,,,56.6,50.4,100.0,,,,100.0,89.1,100.0,100.0,81.2,100.0,100.0
2023-12-31,,,,,,,,,,,,,100.0,81.0,100.0,100.0
2024-01-01,,,,,,,,,,,,,100.0,81.8,100.0,100.0
2024-01-02,,,,,,,,,,,,,100.0,80.5,100.0,100.0
2024-01-03,,,,,,,,,,100.0,85.8,100.0,100.0,81.2,100.0,100.0
2024-01-04,91.1,67.6,71.2,,,,,,,,,,100.0,81.8,100.0,100.0
2024-01-05,,,,,,,,,,,,,100.0,84.7,100.0,100.0
2024-01-06,,,,,,,,,,,,,100.0,85.1,100.0,100.0
2024-01-07,,,,,,,,,,,,,100.0,87.8,100.0,100.0
2024-01-08,92.9,69.7,71.2,,,,,,,,,,100.0,91.7,100.0,100.0
2024-01-09,86.9,64.2,71.2,,,,,,,,,,100.0,94.0,100.0,100.0
2024-01-10,,,,,,,,,,,,,100.0,95.3,100.0,100.0
2024-01-11,,,,,,,100.0,99.9,100.0,,,,100.0,96.4,100.0,100.0
2024-01-12,,,,,,,,,,,,,100.0,96.4,100.0,100.0
2024-01-13,,,,,,,,,,90.7,61.4,100.0,100.0,96.7,100.0,100.0
2024-01-14,,,,100.0,99.5,100.0,,,,,,,100.0,97.8,100.0,100.0
2024-01-15,,,,,,,,,,,,,100.0,97.0,100.0,100.0
2024-01-16,86.3,66.4,71.2,,,,,,,,,,100.0,97.2,100.0,100.0
2024-01-17,,,,,,,,,,,,,100.0,96.9,100.0,100.0
2024-01-18,,,,,,,,,,,,,100.0,97.2,100.0,100.0
2024-01-19,,,,100.0,99.1,100.0,,,,,,,100.0,97.0,100.0,100.0
2024-01-20,89.3,66.1,71.2,,,,,,,,,,100.0,96.4,100.0,100.0
2024-01-21,91.1,64.4,71.2,,,,,,,,,,100.0,96.4,100.0,100.0
2024-01-22,,,,,,,,,,,,,100.0,96.1,100.0,100.0
2024-01-23,,,,,,,,,,,,,100.0,96.0,100.0,100.0
2024-01-24,,,,,,,,,,,,,100.0,96.3,100.0,100.0
2024-01-25,,,,,,,,,,,,,100.0,96.0,100.0,100.0
2024-01-26,,,,,,,,,,,,,100.0,95.6,100.0,100.0
2024-01-27,,,,,,,100.0,99.5,100.0,,,,100.0,95.9,100.0,100.0
2024-01-28,82.1,57.0,71.2,,,,,,,,,,100.0,95.2,100.0,100.0
2024-01-29,,,,93.9,71.8,100.0,,,,,,,100.0,95.2,100.0,100.0
2024-01-30,,,,,,,,,,,,,100.0,93.4,100.0,100.0
2024-01-31,,,,,,,,,,,,,100.0,93.2,100.0,100.0
2024-02-01,76.2,53.0,71.2,,,,,,,,,,100.0,92.8,100.0,100.0
2024-02-02,57.1,44.5,71.2,,,,,,,,,,100.0,92.3,100.0,100.0
2024-02-03,,,,27.8,45.8,100.0,100.0,94.0,100.0,,,,100.0,92.5,100.0,100.0
2024-02-04,,,,,,,79.2,70.4,100.0,,,,100.0,91.4,100.0,100.0
2024-02-05,,,,,,,,,,,,,100.0,90.4,100.0,100.0
2024-02-06,,,,,,,,,,,,,100.0,89.2,100.0,100.0
2024-02-07,,,,,,,,,,,,,100.0,88.1,100.0,100.0
2024-02-08,,,,,,,,,,,,,100.0,87.3,100.0,100.0
2024-02-09,51.8,44.9,71.2,,,,,,,,,,100.0,86.5,100.0,100.0
2024-02-10,,,,,,,,,,,,,100.0,85.3,100.0,100.0
2024-02-11,,,,,,,,,,,,,100.0,85.2,100.0,100.0
2024-02-12,,,,,,,,,,,,,100.0,84.1,100.0,100.0
2024-02-13,31.5,36.9,71.2,55.1,50.6,100.0,,,,,,,100.0,85.6,100.0,100.0
2024-02-14,17.3,28.8,71.2,,,,,,,,,,100.0,83.1,100.0,100.0
2024-02-15,,,,,,,,,,,,,100.0,83.3,100.0,100.0
2024-02-16,,,,,,,,,,,,,100.0,81.6,100.0,100.0
2024-02-17,,,,,,,,,,,,,100.0,81.8,100.0,100.0
2024-02-18,,,,,,,,,,,,,100.0,79.1,100.0,100.0
2024-02-19,,,,,,,,,,,,,100.0,79.7,100.0,100.0
2024-02-20,,,,,,,43.6,43.0,100.0,,,,100.0,78.7,100.0,100.0
2024-02-21,7.1,21.0,71.2,,,,,,,,,,100.0,80.3,100.0,100.0
2024-02-22,,,,,,,,,,,,,100.0,76.6,100.0,100.0
2024-02-23,,,,0.2,22.6,100.0,,,,,,,100.0,79.7,100.0,100.0
2024-02-24,,,,,,,,,,,,,100.0,77.1,100.0,100.0
2024-02-25,10.1,22.5,71.2,,,,,,,,,,100.0,78.4,100.0,100.0
2024-02-26,3.7,15.3,34.3,,,,,,,,,,100.0,75.8,100.0,100.0
2024-02-27,,,,,,,,,,,,,100.0,77.6,100.0,100.0
2024-02-28,,,,,,,,,,,,,96.6,75.3,100.0,96.6
2024-02-29,,,,,,,,,,,,,86.9,69.4,100.0,86.9
2024-03-01,,,,,,,,,,,,,72.9,63.7,100.0,72.9
2024-03-02,,,,,,,,,,,,,72.0,63.9,100.0,72.0
2024-03-03,,,,,,,,,,,,,61.4,59.9,100.0,61.4
2024-03-04,3.6,14.2,71.2,,,,,,,,,,53.8,54.9,100.0,53.8
2024-03-05,,,,,,,,,,,,,50.4,51.5,100.0,50.4
2024-03-06,,,,,,,,,,,,,42.4,48.9,100.0,42.4
2024-03-07,,,,,,,1.3,14.1,100.0,,,,39.0,46.7,100.0,39.0
2024-03-08,7.1,20.8,71.2,,,,,,,,,,11.4,38.1,100.0,11.4
2024-03-09,0.6,8.5,71.2,,,,,,,,,,10.6,36.3,100.0,10.6
2024-03-10,,,,,,,,,,,,,2.1,29.0,100.0,2.1
2024-03-11,,,,,,,,,,,,,0.4,24.7,100.0,0.4
2024-03-12,,,,,,,,,,,,,1.7,21.3,100.0,1.7
2024-03-13,,,,,,,,,,,,,1.7,21.4,100.0,1.7
2024-03-14,,,,0.0,1.5,100.0,0.0,0.9,100.0,,,,1.7,18.8,100.0,1.7
2024-03-15,,,,,,,,,,,,,0.0,15.2,100.0,0.0
2024-03-16,0.6,5.4,71.2,,,,,,,,,,0.0,13.6,100.0,0.0
2024-03-17,,,,,,,,,,,,,0.4,13.9,100.0,0.4
2024-03-18,,,,,,,,,,,,,1.3,15.3,100.0,1.3
2024-03-19,,,,0.0,0.3,100.0,,,,,,,0.0,12.4,100.0,0.0
2024-03-20,0.6,3.4,71.2,,,,,,,,,,0.0,12.4,100.0,0.0
2024-03-21,0.0,4.1,71.2,,,,,,,,,,0.0,12.6,100.0,0.0
2024-03-22,,,,,,,,,,,,,0.4,14.9,100.0,0.4
2024-03-23,,,,,,,,,,,,,0.0,12.9,100.0,0.0
2024-03-24,,,,,,,,,,,,,0.0,13.3,100.0,0.0
2024-03-25,,,,,,,,,,,,,0.0,13.4,100.0,0.0
2024-03-26,,,,,,,,,,,,,0.0,13.4,100.0,0.0
2024-03-27,,,,,,,,,,,,,0.0,14.9,100.0,0.0
2024-03-28,0.6,4.9,71.2,,,,,,,,,,0.0,15.1,100.0,0.0
2024-03-29,,,,,,,,,,,,,0.0,15.0,100.0,0.0
2024-03-30,,,,,,,,,,,,,0.0,14.3,100.0,0.0
2024-03-31,,,,,,,,,,,,,0.4,14.0,100.0,0.4
2024-04-01,0.6,4.9,71.2,,,,,,,,,,0.0,13.2,100.0,0.0
2024-04-02,0.0,4.8,71.2,,,,,,,,,,0.8,14.9,100.0,0.8
2024-04-03,,,,,,,,,,,,,3.0,14.8,100.0,3.0
2024-04-04,,,,,,,,,,,,,2.5,14.4,100.0,2.5
2024-04-05,,,,,,,,,,,,,0.4,13.4,100.0,0.4
2024-04-06,,,,,,,,,,,,,0.8,14.9,100.0,0.8
2024-04-07,,,,,,,,,,,,,0.0,11.5,100.0,0.0
2024-04-08,,,,,,,,,,,,,0.0,9.5,100.0,0.0
2024-04-09,0.0,6.4,88.1,,,,,,,,,,0.0,8.7,100.0,0.0
2024-04-10,,,,,,,,,,,,,0.0,10.1,100.0,0.0
2024-04-11,,,,,,,,,,,,,0.0,9.4,100.0,0.0
2024-04-12,,,,,,,,,,0.0,6.6,100.0,0.0,7.4,100.0,0.0
2024-04-13,0.0,9.0,88.1,0.0,0.2,100.0,,,,,,,0.0,7.2,100.0,0.0
2024-04-14,0.0,7.0,88.1,,,,,,,,,,0.0,8.0,100.0,0.0
2024-04-15,,,,,,,,,,,,,0.0,8.2,100.0,0.0
2024-04-16,,,,,,,,,,,,,0.0,8.6,100.0,0.0
2024-04-17,,,,,,,,,,,,,0.0,8.3,100.0,0.0
2024-04-18,,,,,,,,,,,,,0.0,9.3,100.0,0.0
2024-04-19,,,,,,,,,,,,,0.0,9.4,100.0,0.0
2024-04-20,,,,,,,,,,,,,0.0,9.4,100.0,0.0
2024-04-21,0.0,7.0,88.1,,,,,,,,,,0.0,10.6,100.0,0.0
2024-04-22,,,,,,,,,,,,,0.0,11.6,100.0,0.0
2024-04-23,,,,0.0,1.6,39.4,,,,,,,0.0,12.6,100.0,0.0
2024-04-24,,,,,,,,,,,,,0.0,13.4,100.0,0.0
2024-04-25,0.0,5.4,88.1,,,,,,,,,,0.0,9.2,100.0,0.0
2024-04-26,0.0,4.9,88.1,,,,,,,,,,0.0,8.1,100.0,0.0
2024-04-27,,,,,,,,,,,,,0.0,6.8,100.0,0.0
2024-04-28,,,,,,,,,,,,,0.0,5.6,100.0,0.0
2024-04-29,,,,,,,,,,,,,0.0,4.4,100.0,0.0
2024-04-30,,,,,,,,,,0.0,0.9,100.0,0.0,3.2,100.0,0.0
2024-05-01,,,,,,,,,,,,,0.0,3.5,100.0,0.0
2024-05-02,,,,,,,,,,,,,0.0,2.5,100.0,0.0
2024-05-03,0.0,4.5,88.1,,,,,,,,,,0.0,1.9,100.0,0.0
2024-05-04,,,,,,,,,,,,,0.0,1.5,100.0,0.0
2024-05-05,,,,,,,,,,,,,0.0,1.7,100.0,0.0
2024-05-06,,,,,,,,,,,,,0.0,0.9,100.0,0.0
2024-05-07,0.0,3.0,88.1,,,,,,,,,,0.0,0.8,100.0,0.0
2024-05-08,0.0,1.6,88.1,0.0,0.3,77.1,,,,,,,0.0,0.5,100.0,0.0
2024-05-09,,,,,,,0.0,0.2,100.0,,,,0.0,0.6,100.0,0.0
2024-05-10,,,,,,,0.0,0.1,100.0,,,,0.0,0.4,100.0,0.0
2024-05-11,,,,,,,,,,,,,0.0,0.4,100.0,0.0
2024-05-12,,,,,,,,,,,,,0.0,0.4,100.0,0.0
2024-05-13,,,,,,,,,,,,,0.0,0.7,100.0,0.0
2024-05-14,,,,,,,,,,,,,0.0,0.7,100.0,0.0
2024-05-15,0.0,1.5,88.1,,,,,,,,,,0.0,0.6,100.0,0.0
2024-05-16,,,,,,,,,,,,,0.0,0.6,100.0,0.0
2024-05-17,,,,,,,,,,,,,0.0,0.9,100.0,0.0
2024-05-18,,,,,,,,,,,,,0.0,1.6,100.0,0.0
2024-05-19,0.0,1.4,88.1,,,,,,,0.0,0.1,100.0,0.0,1.3,100.0,0.0
2024-05-20,0.0,1.4,88.1,,,,,,,,,,0.0,2.1,100.0,0.0
2024-05-21,,,,,,,,,,,,,0.0,2.1,100.0,0.0
2024-05-22,,,,,,,,,,,,,0.0,3.1,100.0,0.0
2024-05-23,,,,,,,,,,,,,0.0,2.2,100.0,0.0
2024-05-24,,,,,,,,,,,,,0.0,2.8,100.0,0.0
2024-05-25,,,,,,,,,,0.0,0.0,100.0,0.0,1.8,100.0,0.0
2024-05-26,,,,,,,,,,,,,0.0,3.4,100.0,0.0
2024-05-27,0.0,1.4,88.1,,,,,,,,,,0.0,2.3,100.0,0.0
2024-05-28,,,,,,,,,,,,,0.0,2.9,100.0,0.0
2024-05-29,,,,,,,,,,,,,0.0,2.5,100.0,0.0
2024-05-30,,,,,,,,,,,,,0.0,3.5,100.0,0.0
2024-05-31,0.0,1.8,88.1,,,,,,,,,,0.0,2.8,100.0,0.0
2024-06-01,0.0,3.0,88.1,,,,,,,,,,0.0,2.5,100.0,0.0
2024-06-02,,,,,,,,,,,,,0.0,1.2,100.0,0.0
2024-06-03,,,,,,,,,,,,,0.0,1.7,100.0,0.0
2024-06-04,,,,,,,,,,,,,0.0,1.1,100.0,0.0
2024-06-05,,,,,,,,,,,,,0.0,1.2,100.0,0.0
2024-06-06,,,,,,,,,,,,,0.0,0.9,100.0,0.0
2024-06-07,,,,0.0,0.5,99.2,,,,,,,0.0,1.6,100.0,0.0
2024-06-08,0.0,6.3,88.1,,,,,,,,,,0.0,1.5,100.0,0.0
2024-06-09,,,,,,,,,,,,,0.0,1.3,100.0,0.0
2024-06-10,,,,,,,,,,,,,0.0,0.8,100.0,0.0
2024-06-11,,,,,,,,,,,,,0.0,0.9,100.0,0.0
2024-06-12,0.0,5.0,88.1,0.0,0.8,32.6,,,,,,,0.0,0.6,100.0,0.0
2024-06-13,0.0,5.3,88.1,,,,,,,0.0,0.0,100.0,0.0,0.4,100.0,0.0
2024-06-14,,,,,,,,,,,,,0.0,0.4,100.0,0.0
2024-06-15,,,,,,,,,,,,,0.0,0.3,100.0,0.0
2024-06-16,,,,,,,,,,,,,0.0,0.2,100.0,0.0
2024-06-17,,,,0.0,0.2,100.0,,,,,,,0.0,0.2,100.0,0.0
2024-06-18,,,,,,,0.0,0.2,100.0,0.0,0.0,100.0,0.0,0.1,100.0,0.0
2024-06-19,,,,,,,0.0,0.0,100.0,,,,0.0,0.1,100.0,0.0
2024-06-20,0.0,4.8,88.1,,,,,,,,,,0.0,0.1,100.0,0.0
2024-06-21,,,,,,,,,,,,,0.0,0.1,100.0,0.0
2024-06-22,,,,,,,,,,,,,0.0,0.0,100.0,0.0
2024-06-23,,,,,,,,,,,,,0.0,0.1,100.0,0.0
2024-06-24,0.5,10.7,88.1,,,,,,,,,,0.0,0.0,100.0,0.0
2024-06-25,0.5,7.2,88.1,,,,,,,0.0,0.0,100.0,0.0,0.0,100.0,0.0
2024-06-26,,,,,,,,,,0.0,0.0,100.0,0.0,0.0,100.0,0.0
2024-06-27,,,,,,,,,,,,,0.0,0.1,100.0,0.0
2024-06-28,,,,,,,,,,,,,0.0,0.0,100.0,0.0
2024-06-29,,,,,,,,,,,,,0.0,0.0,100.0,0.0
2024-06-30,,,,,,,,,,,,,0.0,0.0,100.0,0.0
2024-07-01,,,,,,,,,,,,,0.0,0.0,100.0,0.0
2024-07-02,0.0,6.2,88.1,,,,,,,,,,0.0,0.0,100.0,0.0
2024-07-03,,,,,,,,,,,,,0.0,0.0,100.0,0.0
2024-07-04,,,,,,,0.0,0.0,100.0,,,,0.0,0.0,100.0,0.0
2024-07-05,,,,,,,0.0,0.0,100.0,,,,0.0,0.0,100.0,0.0
2024-07-06,0.0,4.1,88.1,,,,,,,,,,0.0,0.0,100.0,0.0
2024-07-07,,,,0.0,0.4,39.0,,,,,,,0.0,0.0,100.0,0.0
2024-07-08,,,,,,,,,,,,,0.0,0.0,100.0,0.0
2024-07-09,,,,,,,,,,,,,0.0,0.0,100.0,0.0
2024-07-10,,,,,,,,,,,,,0.0,0.0,100.0,0.0
2024-07-11,,,,,,,,,,,,,0.0,0.0,100.0,0.0
2024-07-12,,,,,,,,,,,,,0.0,0.1,100.0,0.0
2024-07-13,,,,,,,0.0,0.0,100.0,,,,0.0,0.1,100.0,0.0
2024-07-14,0.0,4.6,88.1,,,,,,,,,,0.0,0.0,100.0,0.0
2024-07-15,,,,,,,,,,,,,0.0,0.0,100.0,0.0
2024-07-16,,,,,,,,,,,,,0.0,0.0,100.0,0.0
2024-07-17,,,,0.0,0.3,100.0,,,,,,,0.0,0.0,100.0,0.0
2024-07-18,0.0,4.6,88.1,,,,,,,0.0,0.0,100.0,0.0,0.0,100.0,0.0
2024-07-19,,,,,,,,,,0.0,0.0,100.0,0.0,0.0,100.0,0.0
2024-07-20,,,,,,,0.0,0.0,100.0,,,,0.0,0.0,100.0,0.0
2024-07-21,,,,,,,,,,,,,0.0,0.0,100.0,0.0
2024-07-22,,,,,,,,,,,,,0.0,0.0,100.0,0.0
2024-07-23,,,,,,,,,,,,,0.0,0.0,100.0,0.0
2024-07-24,,,,,,,,,,,,,0.0,0.0,100.0,0.0
2024-07-25,,,,,,,,,,,,,0.0,0.0,100.0,0.0
2024-07-26,0.0,2.7,88.1,,,,,,,,,,0.0,0.0,100.0,0.0
2024-07-27,,,,0.0,0.2,100.0,,,,,,,0.0,0.0,100.0,0.0
2024-07-28,,,,,,,0.0,0.0,100.0,,,,0.0,0.0,100.0,0.0
2024-07-29,,,,,,,0.0,0.0,100.0,0.0,0.0,94.5,0.0,0.0,100.0,0.0
2024-07-30,0.0,2.5,88.1,,,,,,,0.0,0.0,67.4,0.0,0.0,100.0,0.0
2024-07-31,0.0,2.1,88.1,,,,,,,,,,0.0,0.0,100.0,0.0
2024-08-01,,,,0.0,0.2,90.7,,,,,,,0.0,0.0,100.0,0.0
2024-08-02,,,,,,,,,,0.0,0.0,100.0,0.0,0.0,100.0,0.0
2024-08-03,,,,,,,,,,,,,0.0,0.0,100.0,0.0
2024-08-04,,,,,,,,,,,,,0.0,0.0,100.0,0.0
2024-08-05,,,,,,,0.0,0.0,100.0,,,,0.0,0.0,100.0,0.0
2024-08-06,,,,0.0,0.3,100.0,0.0,0.0,100.0,0.0,0.0,100.0,0.0,0.0,100.0,0.0
2024-08-07,0.0,3.7,88.1,,,,,,,,,,0.0,0.0,100.0,0.0
2024-08-08,,,,,,,,,,,,,0.0,0.0,100.0,0.0
2024-08-09,,,,,,,,,,,,,0.0,0.0,100.0,0.0
2024-08-10,,,,,,,,,,,,,0.0,0.0,100.0,0.0
2024-08-11,0.0,3.6,88.1,0.0,0.2,100.0,,,,,,,0.0,0.0,100.0,0.0
2024-08-12,0.0,3.1,88.1,,,,,,,,,,0.0,0.0,100.0,0.0
2024-08-13,,,,,,,0.0,0.0,100.0,,,,0.0,0.0,100.0,0.0
2024-08-14,,,,,,,,,,,,,0.0,0.0,100.0,0.0
2024-08-15,,,,,,,,,,,,,0.0,0.0,100.0,0.0
2024-08-16,,,,0.0,0.4,100.0,,,,,,,0.0,0.0,100.0,0.0
2024-08-17,,,,,,,,,,,,,0.0,0.0,100.0,0.0
2024-08-18,,,,,,,,,,,,,0.0,0.0,100.0,0.0
2024-08-19,0.0,3.6,88.1,,,,,,,,,,0.0,0.0,100.0,0.0
2024-08-20,,,,,,,,,,,,,0.0,0.0,100.0,0.0
2024-08-21,,,,0.0,0.3,100.0,,,,,,,0.0,0.0,100.0,0.0
2024-08-22,,,,,,,0.0,0.0,100.0,,,,0.0,0.0,100.0,0.0
2024-08-23,0.0,3.0,88.1,,,,,,,,,,0.0,0.0,100.0,0.0
2024-08-24,0.0,3.2,88.1,,,,,,,,,,0.0,0.0,100.0,0.0
2024-08-25,,,,,,,,,,,,,0.0,0.0,100.0,0.0
2024-08-26,,,,,,,,,,0.0,0.0,100.0,0.0,0.0,100.0,0.0
2024-08-27,,,,,,,,,,,,,0.0,0.0,100.0,0.0
2024-08-28,,,,,,,,,,,,,0.0,0.0,100.0,0.0
2024-08-29,,,,,,,0.0,0.0,100.0,0.0,0.0,100.0,0.0,0.0,100.0,0.0
2024-08-30,,,,,,,0.0,0.0,53.4,0.0,0.0,100.0,0.0,0.0,100.0,0.0
2024-08-31,0.0,2.3,88.1,0.0,0.2,100.0,,,,,,,0.0,0.0,100.0,0.0
2024-09-01,,,,,,,,,,,,,0.0,0.0,100.0,0.0
2024-09-02,,,,,,,,,,,,,0.0,0.0,100.0,0.0
2024-09-03,,,,,,,,,,,,,0.0,0.0,100.0,0.0
2024-09-04,0.0,2.7,88.1,,,,,,,,,,0.0,0.0,100.0,0.0
2024-09-05,0.0,2.0,88.1,,,,,,,,,,0.0,0.0,100.0,0.0
2024-09-06,,,,,,,0.0,0.0,100.0,0.0,0.0,100.0,0.0,0.0,100.0,0.0
2024-09-07,,,,,,,,,,,,,0.0,0.0,100.0,0.0
2024-09-08,,,,,,,,,,,,,0.0,0.0,100.0,0.0
2024-09-09,,,,,,,,,,,,,0.0,0.0,100.0,0.0
2024-09-10,,,,,,,,,,,,,0.0,0.0,100.0,0.0
2024-09-11,,,,,,,,,,,,,0.0,0.0,100.0,0.0
2024-09-12,0.0,3.0,88.1,,,,,,,,,,0.0,0.0,100.0,0.0
2024-09-13,,,,,,,,,,,,,0.0,0.0,100.0,0.0
2024-09-14,,,,,,,0.0,0.0,75.0,,,,0.0,0.0,100.0,0.0
2024-09-15,,,,0.0,0.4,100.0,0.0,0.0,100.0,,,,0.0,0.0,100.0,0.0
2024-09-16,0.0,3.0,88.1,,,,,,,,,,0.0,0.0,100.0,0.0
2024-09-17,0.0,3.1,88.1,,,,,,,,,,0.0,0.0,100.0,0.0
2024-09-18,,,,,,,,,,,,,0.0,0.0,100.0,0.0
2024-09-19,,,,,,,,,,,,,0.0,0.0,100.0,0.0
2024-09-20,,,,0.0,0.8,100.0,,,,,,,0.0,0.0,100.0,0.0
2024-09-21,,,,,,,,,,,,,0.0,0.0,100.0,0.0
2024-09-22,,,,,,,,,,,,,0.0,0.0,100.0,0.0
2024-09-23,,,,,,,,,,,,,0.0,0.0,100.0,0.0
2024-09-24,0.0,3.2,88.1,,,,,,,,,,0.0,0.0,100.0,0.0
2024-09-25,,,,0.0,0.4,100.0,,,,,,,0.0,0.0,100.0,0.0
2024-09-26,,,,,,,,,,,,,0.0,0.1,100.0,0.0
2024-09-27,,,,,,,,,,,,,0.0,0.1,100.0,0.0
2024-09-28,0.0,3.9,88.1,,,,,,,,,,0.0,0.2,100.0,0.0
2024-09-29,0.0,3.9,88.1,,,,,,,,,,0.0,0.2,100.0,0.0
2024-09-30,,,,0.0,0.6,50.0,,,,,,,0.0,0.2,100.0,0.0
2024-10-01,,,,,,,,,,,,,0.0,0.3,100.0,0.0
2024-10-02,,,,,,,,,,0.0,0.0,100.0,0.0,0.3,100.0,0.0
2024-10-03,,,,,,,,,,,,,0.0,0.4,100.0,0.0
2024-10-04,,,,,,,,,,,,,0.0,0.4,100.0,0.0
2024-10-05,,,,0.0,0.4,100.0,,,,,,,0.0,0.5,100.0,0.0
2024-10-06,0.0,4.1,88.1,,,,,,,,,,0.0,0.4,100.0,0.0
2024-10-07,,,,,,,,,,,,,0.0,0.4,100.0,0.0
2024-10-08,,,,,,,,,,,,,0.0,0.4,100.0,0.0
2024-10-09,,,,,,,,,,,,,0.0,0.4,100.0,0.0
2024-10-10,0.0,3.7,88.1,,,,,,,0.0,0.1,37.7,0.0,0.2,100.0,0.0
2024-10-11,0.0,3.4,88.1,,,,,,,,,,0.0,0.2,100.0,0.0
2024-10-12,,,,,,,,,,,,,0.0,0.2,100.0,0.0
2024-10-13,,,,,,,,,,,,,0.0,0.2,100.0,0.0
2024-10-14,,,,,,,,,,,,,0.0,0.2,100.0,0.0
2024-10-15,,,,,,,,,,,,,0.0,0.2,100.0,0.0
2024-10-16,,,,,,,,,,,,,0.0,0.3,100.0,0.0
2024-10-17,,,,,,,,,,,,,0.0,0.3,100.0,0.0
2024-10-18,0.0,3.1,88.1,,,,,,,,,,0.0,0.3,100.0,0.0
2024-10-19,,,,,,,,,,,,,0.0,0.2,100.0,0.0
2024-10-20,,,,0.0,0.1,100.0,,,,,,,0.0,0.4,100.0,0.0
2024-10-21,,,,,,,,,,,,,0.0,0.4,100.0,0.0
2024-10-22,0.0,3.3,88.1,,,,,,,0.0,0.0,100.0,0.0,0.3,100.0,0.0
2024-10-23,0.0,2.6,88.1,,,,,,,0.0,0.1,100.0,0.0,0.3,100.0,0.0
2024-10-24,,,,,,,,,,,,,0.0,0.5,100.0,0.0
2024-10-25,,,,0.0,0.3,100.0,0.0,0.0,96.2,,,,0.0,0.4,100.0,0.0
2024-10-26,,,,,,,,,,0.0,0.1,100.0,0.0,0.4,100.0,0.0
2024-10-27,,,,,,,,,,,,,0.0,0.5,100.0,0.0
2024-10-28,,,,,,,,,,,,,0.0,0.7,100.0,0.0
2024-10-29,,,,,,,,,,,,,0.0,0.6,100.0,0.0
2024-10-30,0.0,3.3,88.1,0.0,0.5,100.0,,,,,,,0.0,0.8,100.0,0.0
2024-10-31,,,,,,,,,,,,,0.0,0.9,100.0,0.0
2024-11-01,,,,,,,0.0,0.1,100.0,,,,0.0,1.0,100.0,0.0
2024-11-02,,,,,,,0.0,0.2,100.0,,,,0.0,0.8,100.0,0.0
2024-11-03,0.0,3.1,88.1,,,,,,,,,,0.0,1.1,100.0,0.0
2024-11-04,0.0,3.0,88.1,0.0,0.8,100.0,,,,,,,0.0,1.3,100.0,0.0
2024-11-05,,,,,,,,,,0.0,0.2,100.0,0.0,1.2,100.0,0.0
2024-11-06,,,,,,,,,,0.0,0.6,100.0,0.0,1.4,100.0,0.0
2024-11-07,,,,,,,,,,,,,0.0,2.1,100.0,0.0
2024-11-08,,,,,,,,,,,,,0.0,2.6,100.0,0.0
2024-11-09,,,,0.0,0.4,100.0,0.0,1.1,100.0,,,,0.0,2.8,100.0,0.0
2024-11-10,,,,,,,0.0,0.4,100.0,,,,0.0,3.4,100.0,0.0
2024-11-11,0.0,3.7,88.1,,,,,,,,,,0.0,4.4,100.0,0.0
2024-11-12,,,,,,,,,,,,,0.0,5.2,100.0,0.0
2024-11-13,,,,,,,,,,,,,0.0,4.7,100.0,0.0
2024-11-14,,,,0.0,0.8,100.0,,,,,,,0.0,4.7,100.0,0.0
2024-11-15,0.0,5.3,88.1,,,,,,,,,,0.0,5.3,100.0,0.0
2024-11-16,0.0,6.3,88.1,,,,,,,0.0,4.0,100.0,0.0,4.8,100.0,0.0
2024-11-17,,,,,,,0.0,0.6,100.0,,,,0.0,6.1,100.0,0.0
2024-11-18,,,,,,,,,,,,,0.0,5.9,100.0,0.0
2024-11-19,,,,,,,,,,,,,0.0,6.7,100.0,0.0
2024-11-20,,,,,,,,,,,,,0.0,6.6,100.0,0.0
2024-11-21,,,,,,,,,,,,,0.0,10.0,100.0,0.0
2024-11-22,,,,,,,,,,,,,0.0,8.9,100.0,0.0
2024-11-23,0.0,7.4,88.1,,,,,,,,,,0.0,12.0,100.0,0.0
2024-11-24,,,,0.0,2.4,100.0,,,,5.1,33.7,100.0,0.0,11.1,100.0,0.0
2024-11-25,,,,,,,0.8,5.2,100.0,38.3,45.3,100.0,0.8,21.3,100.0,0.8
2024-11-26,,,,,,,,,,,,,0.8,20.2,100.0,0.8
2024-11-27,0.0,12.5,88.1,,,,,,,,,,2.1,30.8,100.0,2.1
2024-11-28,0.0,21.5,88.1,,,,,,,,,,2.5,31.5,100.0,2.5
2024-11-29,,,,29.4,38.7,100.0,,,,95.8,65.0,100.0,12.3,46.5,100.0,12.3
2024-11-30,,,,,,,,,,100.0,81.3,90.7,8.5,44.9,100.0,8.5
2024-12-01,,,,,,,,,,,,,16.1,53.3,100.0,16.1
2024-12-02,,,,,,,,,,100.0,86.8,100.0,33.1,59.6,100.0,33.1
2024-12-03,,,,,,,,,,,,,100.0,72.8,100.0,100.0
2024-12-04,,,,,,,,,,,,,100.0,75.9,100.0,100.0
2024-12-05,96.5,63.5,85.2,,,,,,,,,,100.0,81.4,100.0,100.0
2024-12-06,,,,,,,,,,100.0,95.1,100.0,100.0,83.0,100.0,100.0
2024-12-07,,,,,,,,,,,,,100.0,86.9,100.0,100.0
2024-12-08,,,,,,,,,,,,,100.0,89.3,100.0,100.0
2024-12-09,100.0,75.5,85.2,,,,,,,,,,100.0,91.0,100.0,100.0
2024-12-10,100.0,86.6,85.2,,,,,,,100.0,96.9,100.0,100.0,93.0,100.0,100.0
2024-12-11,,,,,,,100.0,99.0,100.0,,,,100.0,94.9,100.0,100.0
2024-12-12,,,,,,,100.0,99.9,100.0,,,,100.0,95.6,100.0,100.0
2024-12-13,,,,,,,,,,,,,100.0,96.0,100.0,100.0
2024-12-14,,,,,,,,,,100.0,97.4,100.0,100.0,96.5,100.0,100.0
2024-12-15,,,,,,,,,,,,,100.0,97.3,100.0,100.0
2024-12-16,,,,,,,,,,,,,100.0,97.1,100.0,100.0
2024-12-17,100.0,94.3,85.2,,,,,,,,,,100.0,97.5,100.0,100.0
2024-12-18,,,,,,,,,,,,,100.0,97.4,100.0,100.0
2024-12-19,,,,,,,,,,,,,100.0,97.7,100.0,100.0
2024-12-20,,,,,,,,,,,,,100.0,97.6,100.0,100.0
2024-12-21,100.0,97.3,85.2,,,,,,,,,,100.0,98.2,100.0,100.0
2024-12-22,100.0,98.1,85.2,,,,,,,,,,100.0,98.2,100.0,100.0
2024-12-23,,,,,,,,,,,,,100.0,98.3,100.0,100.0
2024-12-24,,,,100.0,99.4,100.0,,,,,,,100.0,99.0,100.0,100.0
2024-12-25,,,,,,,,,,,,,100.0,99.1,100.0,100.0
2024-12-26,,,,,,,,,,,,,100.0,98.9,100.0,100.0
2024-12-27,,,,,,,100.0,100.0,100.0,,,,100.0,99.3,100.0,100.0
2024-12-28,,,,,,,100.0,100.0,100.0,,,,100.0,99.4,100.0,100.0
2024-12-29,100.0,98.7,84.7,100.0,99.8,100.0,,,,,,,100.0,99.6,100.0,100.0
2024-12-30,,,,,,,,,,,,,100.0,99.3,100.0,100.0
2024-12-31,,,,,,,,,,,,,100.0,99.4,100.0,100.0
2025-01-01,,,,,,,,,,100.0,96.8,100.0,100.0,99.1,100.0,100.0
2025-01-02,100.0,98.4,85.2,,,,,,,,,,100.0,99.1,100.0,100.0
2025-01-03,100.0,98.6,85.2,,,,,,,,,,100.0,98.8,100.0,100.0
2025-01-04,,,,,,,,,,,,,100.0,98.9,100.0,100.0
2025-01-05,,,,,,,,,,,,,100.0,98.1,100.0,100.0
2025-01-06,,,,,,,,,,,,,100.0,98.1,100.0,100.0
2025-01-07,,,,,,,,,,,,,100.0,97.3,100.0,100.0
2025-01-08,,,,,,,,,,,,,100.0,98.1,100.0,100.0
2025-01-09,,,,,,,,,,,,,100.0,98.1,100.0,100.0
2025-01-10,100.0,97.6,85.2,,,,,,,,,,100.0,98.7,100.0,100.0
2025-01-11,,,,,,,,,,100.0,98.8,92.4,100.0,98.3,100.0,100.0
2025-01-12,,,,,,,100.0,100.0,96.2,,,,100.0,99.1,100.0,100.0
2025-01-13,,,,,,,,,,,,,100.0,99.0,100.0,100.0
2025-01-14,100.0,97.6,85.2,,,,,,,,,,100.0,99.3,100.0,100.0
2025-01-15,100.0,96.1,85.2,,,,,,,,,,100.0,98.9,100.0,100.0
2025-01-16,,,,,,,,,,,,,100.0,98.9,100.0,100.0
2025-01-17,,,,,,,,,,,,,100.0,99.1,100.0,100.0
2025-01-18,,,,100.0,98.9,100.0,,,,,,,100.0,99.4,100.0,100.0
2025-01-19,,,,,,,,,,,,,100.0,99.0,100.0,100.0
2025-01-20,,,,,,,100.0,100.0,100.0,,,,100.0,99.4,100.0,100.0
2025-01-21,,,,,,,100.0,100.0,100.0,,,,100.0,99.4,100.0,100.0
2025-01-22,100.0,96.0,85.2,,,,,,,,,,100.0,99.4,100.0,100.0
2025-01-23,,,,,,,,,,100.0,98.9,100.0,100.0,99.2,100.0,100.0
2025-01-24,,,,,,,,,,100.0,99.0,100.0,100.0,99.2,100.0,100.0
2025-01-25,,,,,,,,,,,,,100.0,99.1,100.0,100.0
2025-01-26,100.0,95.3,85.2,,,,,,,,,,100.0,99.0,100.0,100.0
2025-01-27,100.0,91.5,85.2,,,,,,,,,,100.0,99.0,100.0,100.0
2025-01-28,,,,,,,,,,,,,100.0,98.8,100.0,100.0
2025-01-29,,,,,,,100.0,100.0,62.3,,,,100.0,98.9,100.0,100.0
2025-01-30,,,,,,,,,,,,,100.0,98.9,100.0,100.0
2025-01-31,,,,,,,,,,100.0,99.2,47.9,100.0,99.0,100.0,100.0
2025-02-01,,,,,,,,,,,,,100.0,99.0,100.0,100.0
2025-02-02,,,,100.0,97.6,100.0,,,,,,,100.0,99.3,100.0,100.0
2025-02-03,100.0,93.2,84.7,,,,,,,100.0,99.2,92.4,100.0,99.2,100.0,100.0
2025-02-04,,,,,,,,,,100.0,99.2,100.0,100.0,99.2,100.0,100.0
2025-02-05,,,,,,,100.0,100.0,100.0,100.0,99.3,100.0,100.0,99.2,100.0,100.0
2025-02-06,,,,,,,100.0,100.0,100.0,,,,100.0,99.3,100.0,100.0
2025-02-07,100.0,92.6,85.2,100.0,98.9,100.0,,,,,,,100.0,99.3,100.0,100.0
2025-02-08,100.0,94.5,85.2,,,,,,,,,,100.0,99.1,100.0,100.0
2025-02-09,,,,,,,,,,,,,100.0,98.6,100.0,100.0
2025-02-10,,,,,,,,,,,,,100.0,98.3,100.0,100.0
2025-02-11,,,,,,,,,,,,,100.0,97.8,100.0,100.0
2025-02-12,,,,,,,,,,,,,100.0,97.7,100.0,100.0
2025-02-13,,,,,,,,,,,,,100.0,97.3,100.0,100.0
2025-02-14,,,,,,,,,,,,,100.0,97.3,100.0,100.0
2025-02-15,100.0,91.4,85.2,,,,,,,,,,100.0,97.3,100.0,100.0
2025-02-16,,,,,,,,,,,,,100.0,97.2,100.0,100.0
2025-02-17,,,,100.0,90.3,100.0,,,,100.0,99.2,100.0,100.0,97.4,100.0,100.0
2025-02-18,,,,,,,,,,,,,100.0,97.5,100.0,100.0
2025-02-19,100.0,91.4,85.2,,,,,,,,,,100.0,97.6,100.0,100.0
2025-02-20,100.0,87.4,85.2,,,,,,,,,,100.0,97.5,100.0,100.0
2025-02-21,,,,,,,100.0,99.8,100.0,,,,100.0,97.1,100.0,100.0
2025-02-22,,,,,,,,,,,,,100.0,96.9,100.0,100.0
2025-02-23,,,,,,,,,,,,,100.0,96.4,100.0,100.0
2025-02-24,,,,,,,,,,,,,100.0,96.7,100.0,100.0
2025-02-25,,,,,,,,,,,,,100.0,95.9,100.0,100.0
2025-02-26,,,,,,,,,,,,,100.0,96.6,100.0,100.0
2025-02-27,100.0,90.8,85.2,,,,,,,100.0,99.0,40.7,100.0,96.8,100.0,100.0
2025-02-28,,,,,,,,,,,,,100.0,96.9,100.0,100.0
2025-03-01,,,,,,,100.0,99.8,82.2,,,,100.0,97.2,100.0,100.0
2025-03-02,,,,,,,100.0,99.3,100.0,,,,100.0,97.5,100.0,100.0
2025-03-03,100.0,88.7,85.2,,,,,,,,,,100.0,97.5,100.0,100.0
2025-03-04,100.0,85.8,85.2,86.2,74.8,100.0,,,,,,,100.0,97.8,100.0,100.0
2025-03-05,,,,,,,,,,,,,100.0,97.2,100.0,100.0
2025-03-06,,,,,,,,,,,,,100.0,97.0,100.0,100.0
2025-03-07,,,,,,,,,,,,,100.0,97.2,100.0,100.0
2025-03-08,,,,,,,,,,,,,100.0,96.8,100.0,100.0
2025-03-09,,,,90.3,85.8,100.0,100.0,98.8,100.0,,,,100.0,97.6,100.0,100.0
2025-03-10,,,,,,,,,,,,,100.0,96.5,100.0,100.0
2025-03-11,100.0,90.1,85.2,,,,,,,,,,100.0,97.0,100.0,100.0
2025-03-12,,,,,,,,,,,,,100.0,96.2,100.0,100.0
2025-03-13,,,,,,,,,,,,,100.0,96.2,100.0,100.0
2025-03-14,,,,,,,,,,,,,100.0,95.5,100.0,100.0
2025-03-15,100.0,89.0,85.2,,,,,,,,,,100.0,96.7,100.0,100.0
2025-03-16,100.0,84.0,85.2,,,,,,,,,,100.0,95.9,100.0,100.0
2025-03-17,,,,,,,,,,,,,100.0,96.1,100.0,100.0
2025-03-18,,,,,,,100.0,98.1,100.0,,,,100.0,95.8,100.0,100.0
2025-03-19,,,,98.1,88.7,100.0,,,,,,,100.0,96.5,100.0,100.0
2025-03-20,,,,,,,,,,,,,100.0,93.6,100.0,100.0
2025-03-21,,,,,,,,,,,,,100.0,93.9,100.0,100.0
2025-03-22,,,,,,,,,,,,,100.0,92.1,100.0,100.0
2025-03-23,100.0,79.1,85.2,,,,,,,,,,100.0,94.0,100.0,100.0
2025-03-24,,,,,,,,,,,,,100.0,91.7,100.0,100.0
2025-03-25,,,,,,,100.0,97.2,39.8,,,,100.0,90.7,100.0,100.0
2025-03-26,,,,,,,,,,100.0,97.9,100.0,100.0,88.4,100.0,100.0
2025-03-27,100.0,80.3,85.2,,,,,,,,,,99.6,86.5,100.0,99.6
2025-03-28,96.5,62.8,85.2,,,,,,,,,,99.2,82.2,100.0,99.2
2025-03-29,,,,,,,,,,100.0,94.2,85.2,97.9,79.5,100.0,97.9
2025-03-30,,,,,,,,,,94.3,74.6,100.0,94.5,76.2,100.0,94.5
2025-03-31,,,,44.9,48.4,100.0,,,,,,,91.9,75.3,100.0,91.9
2025-04-01,,,,,,,,,,,,,86.9,69.9,100.0,86.9
2025-04-02,74.6,50.8,85.2,,,,,,,,,,80.5,64.4,100.0,80.5
2025-04-03,,,,2.1,11.7,100.0,53.2,49.5,97.9,,,,48.7,58.0,100.0,48.7
2025-04-04,18.9,34.4,85.2,,,,,,,,,,0.0,41.3,100.0,0.0
2025-04-05,,,,,,,,,,,,,0.0,33.8,100.0,0.0
2025-04-06,,,,,,,,,,,,,0.0,24.3,100.0,0.0
2025-04-07,,,,,,,,,,2.1,24.5,100.0,0.0,18.9,100.0,0.0
2025-04-08,10.4,28.1,85.2,0.0,1.1,100.0,,,,,,,0.0,13.5,100.0,0.0
2025-04-09,0.0,8.4,84.7,,,,,,,,,,0.0,11.2,100.0,0.0
2025-04-10,,,,0.0,0.7,100.0,0.0,0.7,100.0,0.0,7.3,100.0,0.0,6.6,100.0,0.0
2025-04-11,,,,,,,0.0,0.1,100.0,0.0,1.5,100.0,0.0,4.6,100.0,0.0
2025-04-12,,,,,,,,,,,,,0.0,3.8,100.0,0.0
2025-04-13,,,,,,,,,,,,,0.0,3.7,100.0,0.0
2025-04-14,,,,,,,,,,,,,0.0,2.8,100.0,0.0
2025-04-15,,,,,,,,,,,,,0.0,2.8,100.0,0.0
2025-04-16,0.0,5.4,85.2,,,,,,,,,,0.0,2.9,100.0,0.0
2025-04-17,,,,,,,,,,,,,0.0,3.4,100.0,0.0
2025-04-18,,,,0.0,0.6,100.0,0.0,0.1,100.0,0.0,0.7,100.0,0.0,2.6,100.0,0.0
2025-04-19,,,,,,,0.0,0.1,100.0,,,,0.0,2.5,100.0,0.0
2025-04-20,0.0,3.4,85.2,,,,,,,,,,0.0,2.4,100.0,0.0
2025-04-21,6.8,7.3,99.6,,,,,,,,,,0.0,3.1,100.0,0.0
2025-04-22,,,,,,,,,,0.0,0.5,100.0,0.0,2.6,100.0,0.0
2025-04-23,,,,,,,,,,0.0,0.4,100.0,0.0,3.5,100.0,0.0
2025-04-24,,,,,,,,,,,,,0.0,3.1,100.0,0.0
2025-04-25,,,,,,,,,,,,,0.0,3.5,100.0,0.0
2025-04-26,,,,,,,,,,0.0,0.2,100.0,0.0,3.6,100.0,0.0
2025-04-27,,,,,,,,,,,,,0.0,5.8,100.0,0.0
2025-04-28,2.1,5.5,99.6,0.0,0.3,50.0,,,,,,,0.0,5.1,100.0,0.0
2025-04-29,,,,,,,,,,0.0,0.0,100.0,0.0,4.5,100.0,0.0
2025-04-30,,,,,,,,,,0.0,0.0,100.0,0.0,3.6,100.0,0.0
2025-05-01,,,,,,,,,,,,,0.0,5.8,100.0,0.0
2025-05-02,1.3,5.1,99.6,,,,,,,,,,0.0,5.4,100.0,0.0
2025-05-03,0.0,4.3,99.6,,,,,,,,,,0.0,5.5,100.0,0.0
2025-05-04,1.3,11.7,99.6,,,,,,,,,,0.0,5.6,100.0,0.0
2025-05-05,,,,,,,,,,,,,0.0,12.2,100.0,0.0
2025-05-06,,,,,,,,,,,,,0.0,13.4,100.0,0.0
2025-05-07,,,,,,,,,,,,,0.0,12.6,100.0,0.0
2025-05-08,0.0,10.6,99.6,,,,,,,,,,0.0,8.0,100.0,0.0
2025-05-09,0.0,6.8,99.6,,,,,,,,,,0.0,16.3,100.0,0.0
2025-05-10,0.0,4.4,99.6,,,,,,,,,,0.0,14.2,100.0,0.0
2025-05-11,,,,,,,,,,,,,0.0,15.2,100.0,0.0
2025-05-12,,,,,,,,,,,,,0.0,8.3,100.0,0.0
2025-05-13,,,,0.0,0.3,39.8,,,,,,,0.0,10.7,100.0,0.0
2025-05-14,0.9,7.0,99.6,,,,,,,,,,0.0,7.9,100.0,0.0
2025-05-15,0.9,5.8,99.6,,,,,,,0.0,0.0,100.0,0.0,4.5,100.0,0.0
2025-05-16,0.0,5.2,99.6,,,,,,,,,,0.0,4.8,100.0,0.0
2025-05-17,,,,,,,,,,,,,0.0,4.7,100.0,0.0
2025-05-18,,,,0.0,0.2,100.0,,,,,,,0.0,3.3,100.0,0.0
2025-05-19,,,,,,,,,,,,,0.0,2.7,100.0,0.0
2025-05-20,0.0,3.5,99.6,,,,,,,,,,0.0,3.4,100.0,0.0
2025-05-21,0.0,3.7,99.6,,,,,,,,,,0.0,2.8,100.0,0.0
2025-05-22,0.0,3.2,99.6,,,,,,,,,,0.0,1.8,100.0,0.0
2025-05-23,,,,,,,,,,,,,0.0,0.8,100.0,0.0
2025-05-24,,,,,,,,,,,,,0.0,1.5,100.0,0.0
2025-05-25,,,,,,,,,,,,,0.0,1.3,100.0,0.0
2025-05-26,0.0,2.8,99.6,,,,,,,,,,0.0,0.7,100.0,0.0
2025-05-27,0.0,2.5,99.6,,,,,,,,,,0.0,0.5,100.0,0.0
2025-05-28,0.0,2.1,99.6,,,,,,,,,,0.0,0.6,100.0,0.0
2025-05-29,,,,,,,0.0,0.0,100.0,,,,0.0,0.6,100.0,0.0
2025-05-30,,,,0.0,0.1,100.0,,,,0.0,0.0,100.0,0.0,0.2,100.0,0.0
2025-05-31,,,,,,,,,,0.0,0.0,100.0,0.0,0.2,100.0,0.0
2025-06-01,0.0,2.2,99.6,,,,,,,,,,0.0,0.3,100.0,0.0
2025-06-02,0.0,1.5,99.6,,,,,,,,,,0.0,0.3,100.0,0.0
2025-06-03,0.0,2.2,99.6,,,,,,,,,,0.0,0.2,100.0,0.0
2025-06-04,,,,,,,,,,,,,0.0,0.4,100.0,0.0
2025-06-05,,,,,,,,,,,,,0.0,0.5,100.0,0.0
2025-06-06,,,,,,,,,,,,,0.0,0.6,100.0,0.0
2025-06-07,0.0,1.9,99.6,,,,,,,,,,0.0,0.2,100.0,0.0
2025-06-08,0.0,2.2,99.6,,,,,,,,,,0.0,0.3,100.0,0.0
2025-06-09,0.0,2.3,99.6,0.0,0.4,100.0,,,,,,,0.0,0.3,100.0,0.0
2025-06-10,,,,,,,,,,0.0,0.0,100.0,0.0,0.2,100.0,0.0
2025-06-11,,,,,,,,,,0.0,0.0,100.0,0.0,0.1,100.0,0.0
2025-06-12,,,,0.0,0.2,79.2,,,,,,,0.0,0.1,100.0,0.0
2025-06-13,0.0,1.7,99.6,,,,0.0,0.0,100.0,,,,0.0,0.1,100.0,0.0
2025-06-14,0.0,1.3,99.6,,,,0.0,0.0,100.0,0.0,0.0,100.0,0.0,0.0,100.0,0.0
2025-06-15,0.0,1.2,99.6,,,,,,,0.0,0.0,100.0,0.0,0.0,100.0,0.0
2025-06-16,,,,,,,,,,,,,0.0,0.1,100.0,0.0
2025-06-17,,,,0.0,0.2,100.0,,,,,,,0.0,0.1,100.0,0.0
2025-06-18,,,,,,,,,,0.0,0.0,100.0,0.0,0.0,100.0,0.0
2025-06-19,0.0,1.4,99.6,0.0,0.4,100.0,,,,0.0,0.0,100.0,0.0,0.0,100.0,0.0
2025-06-20,0.0,1.5,99.6,,,,,,,,,,0.0,0.0,100.0,0.0
2025-06-21,0.0,1.7,99.2,,,,0.0,0.0,100.0,,,,0.0,0.0,100.0,0.0
2025-06-22,,,,0.0,0.3,100.0,0.0,0.0,100.0,,,,0.0,0.0,100.0,0.0
2025-06-23,,,,,,,,,,,,,0.0,0.0,100.0,0.0
2025-06-24,,,,,,,,,,,,,0.0,0.0,100.0,0.0
2025-06-25,0.0,2.0,99.2,,,,,,,,,,0.0,0.0,100.0,0.0
2025-06-26,0.4,1.9,99.6,,,,,,,,,,0.0,0.0,100.0,0.0
2025-06-27,0.4,2.2,99.6,0.0,0.3,77.1,,,,0.0,0.0,100.0,0.0,0.0,100.0,0.0
2025-06-28,,,,,,,,,,,,,0.0,0.0,100.0,0.0
2025-06-29,,,,0.0,0.2,100.0,0.0,0.0,100.0,,,,0.0,0.0,100.0,0.0
2025-06-30,,,,,,,,,,,,,0.0,0.0,100.0,0.0
2025-07-01,0.0,2.6,99.6,,,,,,,0.0,0.0,100.0,0.0,0.0,100.0,0.0
2025-07-02,0.0,2.5,99.2,,,,,,,,,,0.0,0.0,100.0,0.0
2025-07-03,0.0,3.2,99.2,,,,,,,0.0,0.0,100.0,0.0,0.0,100.0,0.0
2025-07-04,,,,,,,,,,,,,0.0,0.0,100.0,0.0
2025-07-05,,,,,,,,,,,,,0.0,0.1,100.0,0.0
2025-07-06,,,,,,,,,,,,,0.0,0.1,100.0,0.0
2025-07-07,0.9,3.6,99.6,,,,,,,,,,0.0,0.5,100.0,0.0
2025-07-08,5.1,6.0,99.6,,,,,,,,,,0.0,0.4,100.0,0.0
2025-07-09,4.3,5.0,99.6,0.0,0.2,100.0,,,,,,,0.0,0.4,100.0,0.0
2025-07-10,,,,,,,,,,,,,0.0,0.4,100.0,0.0
2025-07-11,,,,,,,,,,0.0,0.0,100.0,0.0,0.5,100.0,0.0
2025-07-12,,,,0.0,0.2,100.0,,,,,,,0.0,0.6,100.0,0.0
2025-07-13,3.8,4.8,99.6,,,,,,,,,,0.0,0.4,100.0,0.0
2025-07-14,0.9,3.6,99.6,,,,,,,,,,0.0,0.4,100.0,0.0
2025-07-15,3.8,4.6,99.6,,,,,,,,,,0.0,0.4,100.0,0.0
2025-07-16,,,,,,,,,,,,,0.0,0.3,100.0,0.0
2025-07-17,,,,0.0,0.2,100.0,,,,,,,0.0,0.2,100.0,0.0
2025-07-18,,,,,,,,,,0.0,0.0,100.0,0.0,0.1,100.0,0.0
2025-07-19,1.7,4.2,99.6,,,,,,,,,,0.0,0.1,100.0,0.0
2025-07-20,0.4,3.0,99.2,,,,,,,,,,0.0,0.1,100.0,0.0
2025-07-21,0.0,2.4,99.6,,,,,,,,,,0.0,0.1,100.0,0.0
2025-07-22,,,,0.0,0.3,37.3,,,,,,,0.0,0.1,100.0,0.0
2025-07-23,,,,,,,,,,,,,0.0,0.1,100.0,0.0
2025-07-24,,,,,,,0.0,0.0,100.0,,,,0.0,0.1,100.0,0.0
2025-07-25,0.0,2.2,99.6,,,,,,,,,,0.0,0.1,100.0,0.0
2025-07-26,0.0,1.8,99.6,,,,,,,,,,0.0,0.1,100.0,0.0
2025-07-27,0.0,2.0,99.6,,,,,,,,,,0.0,0.0,100.0,0.0
2025-07-28,,,,,,,,,,,,,0.0,0.1,100.0,0.0
2025-07-29,,,,0.0,0.6,97.0,,,,,,,0.0,0.0,100.0,0.0
2025-07-30,,,,,,,,,,0.0,0.0,98.7,0.0,0.0,100.0,0.0
2025-07-31,0.0,2.0,99.6,,,,,,,,,,0.0,0.0,100.0,0.0
2025-08-01,0.0,3.1,99.6,0.0,1.0,64.4,,,,,,,0.0,0.1,100.0,0.0
2025-08-02,0.0,2.5,99.6,,,,,,,0.0,0.0,89.0,0.0,0.0,100.0,0.0
2025-08-03,,,,,,,,,,0.0,0.0,66.1,0.0,0.0,100.0,0.0
2025-08-04,,,,,,,,,,0.0,0.0,100.0,0.0,0.0,100.0,0.0
2025-08-05,,,,,,,,,,,,,0.0,0.0,100.0,0.0
2025-08-06,0.0,4.3,99.6,0.0,0.6,100.0,,,,,,,0.0,0.0,100.0,0.0
2025-08-07,0.0,3.7,99.6,,,,,,,0.0,0.0,100.0,0.0,0.0,100.0,0.0
2025-08-08,0.0,6.4,99.6,0.0,0.2,100.0,0.0,0.0,100.0,,,,0.0,0.0,100.0,0.0
2025-08-09,,,,,,,0.0,0.0,100.0,,,,0.0,0.0,100.0,0.0
2025-08-10,,,,,,,,,,0.0,0.0,100.0,0.0,0.0,100.0,0.0
2025-08-11,,,,0.0,0.2,100.0,,,,0.0,0.0,100.0,0.0,0.0,100.0,0.0
2025-08-12,0.0,4.6,99.6,,,,,,,,,,0.0,0.0,100.0,0.0
2025-08-13,0.0,2.8,89.4,,,,,,,,,,0.0,0.0,100.0,0.0
2025-08-14,0.0,1.8,89.4,,,,,,,0.0,0.0,100.0,0.0,0.0,100.0,0.0
2025-08-15,,,,,,,,,,,,,0.0,0.0,100.0,0.0
2025-08-16,,,,,,,,,,,,,0.0,0.0,100.0,0.0
2025-08-17,,,,,,,,,,,,,0.0,0.1,100.0,0.0
2025-08-18,0.0,2.4,89.4,0.0,0.2,100.0,,,,0.0,0.0,100.0,0.0,0.0,100.0,0.0
2025-08-19,0.0,1.3,89.4,,,,,,,,,,0.0,0.0,100.0,0.0
2025-08-20,0.0,1.8,89.4,,,,,,,,,,0.0,0.0,100.0,0.0
2025-08-21,,,,,,,,,,,,,0.0,0.0,100.0,0.0
2025-08-22,,,,,,,,,,0.0,0.0,100.0,0.0,0.0,100.0,0.0
2025-08-23,,,,,,,,,,,,,0.0,0.0,100.0,0.0
2025-08-24,0.0,0.8,89.4,,,,0.0,0.0,100.0,,,,0.0,0.0,100.0,0.0
2025-08-25,0.0,0.6,89.4,,,,0.0,0.0,100.0,,,,0.0,0.0,100.0,0.0
2025-08-26,0.0,0.7,89.4,0.0,0.2,100.0,,,,0.0,0.0,100.0,0.0,0.0,100.0,0.0
2025-08-27,,,,,,,,,,,,,0.0,0.0,100.0,0.0
2025-08-28,,,,,,,,,,,,,0.0,0.0,100.0,0.0
2025-08-29,,,,,,,,,,,,,0.0,0.0,100.0,0.0
2025-08-30,0.0,0.9,89.4,,,,,,,,,,0.0,0.0,100.0,0.0
2025-08-31,0.0,0.9,89.4,0.2,0.9,100.0,,,,,,,0.0,0.1,100.0,0.0
2025-09-01,0.0,1.2,89.4,,,,,,,,,,0.0,0.1,100.0,0.0
2025-09-02,,,,,,,,,,,,,0.0,0.1,100.0,0.0
2025-09-03,,,,,,,,,,,,,0.0,0.1,100.0,0.0
2025-09-04,,,,,,,,,,,,,0.0,0.1,100.0,0.0
2025-09-05,0.0,1.3,89.4,,,,,,,0.0,0.0,96.2,0.0,0.1,100.0,0.0
2025-09-06,0.0,1.8,89.4,,,,,,,,,,0.0,0.1,100.0,0.0
2025-09-07,0.0,1.8,89.4,0.0,0.6,100.0,,,,,,,0.0,0.1,100.0,0.0
2025-09-08,,,,,,,,,,,,,0.0,0.1,100.0,0.0
2025-09-09,,,,,,,,,,,,,0.0,0.1,100.0,0.0
2025-09-10,,,,,,,,,,,,,0.0,0.1,100.0,0.0
2025-09-11,0.0,2.2,89.4,,,,,,,,,,0.0,0.1,100.0,0.0
2025-09-12,0.0,1.8,89.4,,,,,,,,,,0.0,0.1,100.0,0.0
2025-09-13,0.0,2.2,89.4,,,,,,,,,,0.0,0.1,100.0,0.0
2025-09-14,,,,,,,,,,,,,0.0,0.0,100.0,0.0
2025-09-15,,,,,,,,,,,,,0.0,0.0,100.0,0.0
2025-09-16,,,,,,,,,,,,,0.0,0.0,100.0,0.0
2025-09-17,0.0,2.0,89.4,0.0,0.1,100.0,0.0,0.0,100.0,0.0,0.0,89.8,0.0,0.0,100.0,0.0
2025-09-18,0.0,2.3,89.4,,,,0.0,0.0,100.0,0.0,0.0,100.0,0.0,0.0,100.0,0.0
2025-09-19,,,,,,,,,,,,,0.0,0.0,100.0,0.0
2025-09-20,,,,0.0,0.5,100.0,,,,,,,0.0,0.0,100.0,0.0
2025-09-21,,,,,,,,,,,,,0.0,0.0,100.0,0.0
2025-09-22,,,,,,,,,,,,,0.0,0.1,100.0,0.0
2025-09-23,0.0,3.3,89.4,,,,,,,,,,0.0,0.1,100.0,0.0
2025-09-24,0.0,4.2,89.4,,,,,,,,,,0.0,0.1,100.0,0.0
2025-09-25,0.0,4.3,89.4,0.0,0.6,61.9,,,,,,,0.0,0.2,100.0,0.0
2025-09-26,,,,,,,,,,,,,0.0,0.3,100.0,0.0
2025-09-27,,,,0.0,1.2,62.3,,,,,,,0.0,0.3,100.0,0.0
2025-09-28,,,,,,,,,,,,,0.0,0.3,100.0,0.0
2025-09-29,0.0,5.6,89.4,,,,,,,,,,0.0,0.4,100.0,0.0
2025-09-30,0.0,4.6,89.4,0.0,0.8,100.0,,,,,,,0.0,0.4,100.0,0.0
2025-10-01,0.0,4.3,89.4,,,,,,,0.0,0.0,100.0,0.0,0.4,100.0,0.0
2025-10-02,,,,,,,,,,0.0,0.1,100.0,0.0,0.4,100.0,0.0
2025-10-03,,,,,,,,,,,,,0.0,0.5,100.0,0.0
2025-10-04,,,,,,,,,,,,,0.0,0.4,100.0,0.0
2025-10-05,0.0,5.3,89.4,,,,,,,,,,0.0,0.4,100.0,0.0
2025-10-06,0.0,3.0,89.4,,,,,,,0.0,0.1,100.0,0.0,0.3,100.0,0.0
2025-10-07,0.0,2.9,89.4,0.0,0.6,100.0,,,,,,,0.0,0.3,100.0,0.0
2025-10-08,,,,,,,,,,,,,0.0,0.2,100.0,0.0
2025-10-09,,,,,,,,,,0.0,0.1,100.0,0.0,0.2,100.0,0.0
2025-10-10,,,,,,,,,,0.0,0.1,100.0,0.0,0.1,100.0,0.0
2025-10-11,0.0,3.0,89.4,,,,0.0,0.0,100.0,,,,0.0,0.2,100.0,0.0
2025-10-12,0.0,3.5,91.5,,,,0.0,0.1,100.0,,,,0.0,0.1,100.0,0.0
2025-10-13,0.0,4.2,91.5,,,,,,,0.0,0.2,100.0,0.0,0.1,100.0,0.0
2025-10-14,,,,,,,,,,0.0,0.5,100.0,0.0,0.1,100.0,0.0
2025-10-15,,,,,,,,,,,,,0.0,0.1,100.0,0.0
2025-10-16,,,,,,,,,,,,,0.0,0.2,100.0,0.0
2025-10-17,0.0,3.5,91.5,,,,,,,,,,0.0,0.2,100.0,0.0
2025-10-18,0.0,2.4,91.5,,,,,,,0.0,1.0,100.0,0.0,0.2,100.0,0.0
2025-10-19,0.0,2.3,91.5,,,,,,,,,,0.0,0.3,100.0,0.0
2025-10-20,,,,,,,,,,,,,0.0,0.4,100.0,0.0
2025-10-21,,,,,,,,,,,,,0.0,0.3,100.0,0.0
2025-10-22,,,,,,,,,,,,,0.0,0.3,100.0,0.0
2025-10-23,0.0,1.7,91.5,,,,,,,,,,0.0,0.5,100.0,0.0
2025-10-24,0.0,1.5,91.5,,,,,,,,,,0.0,0.6,100.0,0.0
2025-10-25,0.0,1.1,91.5,,,,,,,,,,0.0,0.5,100.0,0.0
2025-10-26,,,,,,,,,,,,,0.0,0.5,100.0,0.0
2025-10-27,,,,,,,,,,,,,0.0,0.6,100.0,0.0
2025-10-28,,,,,,,0.0,0.2,100.0,,,,0.0,0.8,100.0,0.0
2025-10-29,0.0,1.4,91.5,,,,,,,,,,0.0,0.7,100.0,0.0
2025-10-30,0.0,1.5,91.5,0.0,1.2,100.0,,,,,,,0.0,0.9,100.0,0.0
2025-10-31,0.0,1.9,91.1,,,,,,,,,,0.0,1.3,100.0,0.0
2025-11-01,,,,,,,,,,,,,0.0,1.7,100.0,0.0
2025-11-02,,,,,,,,,,,,,0.0,1.8,100.0,0.0
2025-11-03,,,,,,,,,,,,,0.0,2.4,100.0,0.0
2025-11-04,0.0,1.5,91.5,0.0,1.1,100.0,0.0,0.4,100.0,,,,0.0,2.7,100.0,0.0
2025-11-05,0.0,1.3,91.5,,,,0.0,0.6,100.0,,,,0.0,2.9,100.0,0.0
2025-11-06,0.0,1.3,91.5,0.0,0.7,100.0,,,,0.0,4.5,100.0,0.0,2.7,100.0,0.0
2025-11-07,,,,,,,,,,,,,0.0,3.8,100.0,0.0
2025-11-08,,,,,,,,,,,,,0.0,4.2,100.0,0.0
2025-11-09,,,,0.0,2.6,100.0,,,,0.0,6.6,100.0,0.0,4.3,100.0,0.0
2025-11-10,0.0,1.2,91.5,,,,,,,,,,0.0,4.5,100.0,0.0
2025-11-11,0.0,1.0,91.5,,,,,,,,,,0.0,4.7,100.0,0.0
2025-11-12,0.0,1.2,91.5,,,,0.0,4.7,52.1,,,,0.0,5.6,100.0,0.0
2025-11-13,,,,,,,0.0,6.7,100.0,,,,0.0,5.9,100.0,0.0
2025-11-14,,,,,,,,,,,,,0.0,7.5,100.0,0.0
2025-11-15,,,,,,,,,,,,,0.0,8.6,100.0,0.0
2025-11-16,0.0,1.4,91.5,,,,,,,,,,0.0,12.8,100.0,0.0
2025-11-17,0.0,2.1,91.5,,,,,,,0.8,25.4,100.0,0.0,12.1,100.0,0.0
2025-11-18,0.0,2.5,91.5,,,,,,,,,,0.0,21.8,100.0,0.0
2025-11-19,,,,0.0,4.5,83.9,,,,,,,0.0,26.8,100.0,0.0
2025-11-20,,,,,,,,,,,,,0.0,41.4,100.0,0.0
2025-11-21,,,,,,,,,,,,,1.3,49.9,100.0,1.3
2025-11-22,0.0,12.2,91.5,,,,,,,,,,91.1,65.5,100.0,91.1
2025-11-23,13.4,32.1,91.5,,,,,,,,,,91.5,70.2,100.0,91.5
2025-11-24,91.7,61.4,91.5,,,,,,,,,,97.5,76.5,100.0,97.5
2025-11-25,,,,,,,,,,,,,100.0,80.1,100.0,100.0
2025-11-26,,,,,,,,,,,,,100.0,85.4,100.0,100.0
2025-11-27,,,,,,,,,,,,,100.0,87.0,100.0,100.0
2025-11-28,91.2,59.4,91.5,,,,100.0,93.9,100.0,,,,100.0,91.5,100.0,100.0
2025-11-29,82.9,55.4,91.5,100.0,88.1,100.0,100.0,97.9,100.0,58.2,49.3,49.2,100.0,93.6,100.0,100.0
2025-11-30,82.9,55.5,91.5,,,,,,,,,,100.0,94.3,100.0,100.0
2025-12-01,,,,,,,,,,,,,100.0,93.3,100.0,100.0
2025-12-02,,,,,,,,,,,,,100.0,94.3,100.0,100.0
2025-12-03,,,,,,,,,,,,,100.0,93.4,100.0,100.0
2025-12-04,89.4,59.5,91.5,100.0,97.1,100.0,,,,51.9,47.8,100.0,100.0,95.1,100.0,100.0
2025-12-05,69.0,50.3,91.5,,,,,,,,,,100.0,94.0,100.0,100.0
2025-12-06,35.6,39.2,91.5,,,,,,,,,,100.0,94.5,100.0,100.0
2025-12-07,,,,,,,,,,,,,100.0,92.9,100.0,100.0
2025-12-08,,,,,,,,,,51.1,47.5,100.0,100.0,93.9,100.0,100.0
2025-12-09,,,,100.0,87.6,100.0,,,,,,,100.0,93.7,100.0,100.0
2025-12-10,20.4,33.1,91.5,,,,,,,,,,100.0,93.7,100.0,100.0
2025-12-11,9.7,30.4,91.5,,,,,,,,,,100.0,93.3,100.0,100.0
2025-12-12,3.4,24.6,100.0,,,,,,,,,,100.0,93.7,100.0,100.0
2025-12-13,,,,,,,,,,,,,100.0,93.3,100.0,100.0
2025-12-14,,,,100.0,91.0,100.0,100.0,94.2,100.0,,,,100.0,94.9,100.0,100.0
2025-12-15,,,,,,,,,,,,,100.0,94.1,100.0,100.0
2025-12-16,3.8,26.3,100.0,,,,,,,,,,100.0,94.7,100.0,100.0
2025-12-17,0.0,15.7,100.0,,,,,,,,,,100.0,94.9,100.0,100.0
2025-12-18,0.0,20.9,100.0,,,,,,,63.6,53.1,100.0,100.0,95.0,100.0,100.0
2025-12-19,,,,100.0,97.4,100.0,,,,,,,100.0,95.7,100.0,100.0
2025-12-20,,,,,,,,,,,,,100.0,95.0,100.0,100.0
2025-12-21,,,,,,,,,,,,,100.0,95.2,100.0,100.0
2025-12-22,27.5,34.6,100.0,,,,,,,,,,100.0,95.4,100.0,100.0
2025-12-23,,,,,,,,,,,,,100.0,95.3,100.0,100.0
2025-12-24,53.0,43.3,100.0,,,,,,,,,,100.0,96.4,100.0,100.0
2025-12-25,,,,,,,,,,,,,100.0,96.6,100.0,100.0
2025-12-26,,,,100.0,97.7,100.0,,,,,,,100.0,97.3,100.0,100.0
2025-12-27,,,,,,,,,,88.3,70.5,100.0,100.0,97.2,100.0,100.0
2025-12-28,90.3,60.9,100.0,,,,,,,,,,100.0,97.8,100.0,100.0
2025-12-29,99.6,80.9,100.0,100.0,95.8,100.0,,,,,,,100.0,98.1,100.0,100.0
2025-12-30,100.0,89.2,100.0,,,,100.0,99.2,64.8,,,,100.0,98.3,100.0,100.0
2025-12-31,,,,,,,,,,,,,100.0,98.1,100.0,100.0
2026-01-01,,,,,,,,,,,,,100.0,97.1,100.0,100.0
2026-01-02,,,,,,,,,,,,,100.0,96.9,100.0,100.0
2026-01-03,100.0,93.1,80.2,100.0,97.1,100.0,,,,99.0,91.2,100.0,100.0,98.1,100.0,100.0
2026-01-04,100.0,93.9,80.2,,,,,,,,,,100.0,98.1,100.0,100.0
2026-01-05,100.0,96.4,80.2,100.0,98.6,100.0,,,,,,,100.0,99.0,100.0,100.0
2026-01-06,,,,,,,,,,,,,100.0,98.6,100.0,100.0
2026-01-07,,,,,,,100.0,100.0,100.0,,,,100.0,99.1,100.0,100.0
2026-01-08,,,,,,,,,,,,,100.0,98.9,100.0,100.0
2026-01-09,100.0,97.4,80.2,,,,,,,,,,100.0,99.2,100.0,100.0
2026-01-10,100.0,98.3,80.2,,,,,,,,,,100.0,99.0,100.0,100.0
2026-01-11,100.0,98.7,79.9,,,,,,,,,,100.0,99.1,100.0,100.0
2026-01-12,,,,,,,,,,,,,100.0,99.3,100.0,100.0
2026-01-13,,,,,,,,,,,,,100.0,99.2,100.0,100.0
2026-01-14,,,,,,,,,,,,,100.0,99.2,100.0,100.0
2026-01-15,100.0,99.0,80.2,,,,100.0,100.0,100.0,,,,100.0,99.4,100.0,100.0
2026-01-16,100.0,99.4,80.2,,,,100.0,100.0,100.0,,,,100.0,99.5,100.0,100.0
2026-01-17,100.0,99.5,80.2,,,,,,,,,,100.0,99.4,100.0,100.0
2026-01-18,,,,100.0,99.8,33.1,,,,,,,100.0,99.3,100.0,100.0
2026-01-19,,,,,,,,,,99.8,96.1,100.0,100.0,99.4,100.0,100.0
2026-01-20,,,,,,,,,,,,,100.0,99.2,100.0,100.0
2026-01-21,100.0,99.7,80.2,,,,,,,,,,100.0,99.2,100.0,100.0
2026-01-22,100.0,99.8,80.2,,,,,,,,,,100.0,99.1,100.0,100.0
2026-01-23,100.0,99.9,80.2,,,,,,,,,,100.0,99.2,100.0,100.0
2026-01-24,,,,,,,,,,,,,100.0,98.8,100.0,100.0
2026-01-25,,,,,,,,,,,,,100.0,98.9,100.0,100.0
2026-01-26,,,,,,,,,,100.0,95.7,100.0,100.0,98.9,100.0,100.0
2026-01-27,100.0,99.9,80.2,,,,,,,,,,100.0,99.2,100.0,100.0
2026-01-28,100.0,99.9,80.2,,,,,,,,,,100.0,99.2,100.0,100.0
2026-01-29,100.0,99.9,80.2,,,,,,,,,,100.0,99.5,100.0,100.0
2026-01-30,,,,,,,,,,,,,100.0,99.4,100.0,100.0
2026-01-31,,,,,,,,,,100.0,95.8,77.5,100.0,99.5,100.0,100.0
2026-02-01,,,,,,,100.0,100.0,100.0,,,,100.0,99.6,100.0,100.0
2026-02-02,100.0,99.9,80.2,100.0,98.7,100.0,,,,,,,100.0,99.6,100.0,100.0
2026-02-03,100.0,99.9,80.2,,,,,,,,,,100.0,99.6,100.0,100.0
2026-02-04,100.0,99.9,80.2,,,,,,,,,,100.0,99.5,100.0,100.0
2026-02-05,,,,,,,,,,,,,100.0,99.4,100.0,100.0
2026-02-06,,,,,,,,,,,,,100.0,99.3,100.0,100.0
2026-02-07,,,,100.0,97.9,100.0,,,,100.0,95.8,100.0,100.0,99.4,100.0,100.0
2026-02-08,100.0,99.7,80.2,,,,,,,100.0,96.3,100.0,100.0,99.1,100.0,100.0
2026-02-09,100.0,99.4,79.9,,,,,,,,,,100.0,98.9,100.0,100.0
2026-02-10,100.0,98.5,80.2,,,,,,,,,,100.0,98.5,100.0,100.0
2026-02-11,,,,,,,,,,,,,100.0,98.0,100.0,100.0
2026-02-12,,,,,,,,,,,,,100.0,97.0,100.0,100.0
2026-02-13,,,,,,,,,,,,,100.0,96.5,100.0,100.0
2026-02-14,100.0,97.6,80.2,,,,,,,,,,100.0,96.3,100.0,100.0
2026-02-15,100.0,93.9,80.2,,,,,,,,,,100.0,95.2,100.0,100.0
2026-02-16,100.0,87.2,80.2,,,,,,,,,,100.0,94.3,100.0,100.0
2026-02-17,,,,,,,,,,,,,100.0,92.5,100.0,100.0
2026-02-18,,,,,,,,,,,,,100.0,94.2,100.0,100.0
2026-02-19,,,,,,,,,,,,,100.0,92.4,100.0,100.0
2026-02-20,100.0,81.0,80.2,,,,,,,,,,100.0,94.3,100.0,100.0
2026-02-21,97.4,72.3,80.2,,,,,,,100.0,96.4,99.3,100.0,95.4,100.0,100.0
2026-02-22,97.4,74.3,80.2,98.6,90.4,100.0,,,,,,,100.0,97.1,100.0,100.0
2026-02-23,,,,,,,,,,,,,100.0,95.9,100.0,100.0
2026-02-24,,,,,,,100.0,99.8,100.0,,,,100.0,96.9,100.0,100.0
2026-02-25,,,,,,,100.0,98.8,100.0,,,,100.0,96.6,100.0,100.0
2026-02-26,95.7,70.2,79.9,,,,,,,,,,100.0,96.8,100.0,100.0
2026-02-27,92.8,70.7,80.2,94.9,83.8,100.0,,,,,,,100.0,96.5,100.0,100.0
2026-02-28,83.4,65.2,80.2,,,,,,,,,,100.0,96.4,100.0,100.0
2026-03-01,,,,,,,,,,,,,100.0,96.4,100.0,100.0
2026-03-02,,,,,,,,,,,,,100.0,95.9,100.0,100.0
2026-03-03,,,,,,,,,,,,,100.0,95.4,100.0,100.0
2026-03-04,71.1,55.9,80.2,93.2,89.2,100.0,100.0,90.6,75.4,,,,100.0,96.2,100.0,100.0
2026-03-05,47.7,42.7,80.2,,,,,,,,,,100.0,95.8,100.0,100.0
2026-03-06,41.3,37.7,80.2,94.0,91.6,100.0,,,,,,,100.0,95.7,100.0,100.0
2026-03-07,,,,,,,,,,,,,100.0,94.5,100.0,100.0
2026-03-08,,,,,,,,,,100.0,95.3,100.0,100.0,93.6,100.0,100.0
2026-03-09,,,,,,,,,,,,,100.0,93.8,100.0,100.0
2026-03-10,40.4,37.1,80.2,,,,,,,,,,100.0,93.0,100.0,100.0
2026-03-11,23.4,28.9,80.2,,,,,,,,,,100.0,92.6,100.0,100.0
2026-03-12,28.1,30.0,80.2,,,,,,,,,,99.3,90.0,100.0,99.3
2026-03-13,,,,,,,95.2,78.6,100.0,,,,99.7,91.7,100.0,99.7
2026-03-14,,,,,,,,,,,,,100.0,90.3,100.0,100.0
2026-03-15,,,,,,,,,,,,,100.0,91.8,100.0,100.0
2026-03-16,38.7,38.4,80.2,,,,,,,,,,100.0,91.3,100.0,100.0
2026-03-17,33.2,33.1,80.2,,,,,,,,,,100.0,93.8,100.0,100.0
2026-03-18,20.0,28.2,80.2,,,,,,,,,,100.0,93.4,100.0,100.0
2026-03-19,,,,99.8,89.4,100.0,,,,,,,100.0,95.1,100.0,100.0
2026-03-20,,,,,,,100.0,97.9,66.6,100.0,95.4,100.0,100.0,95.1,100.0,100.0
2026-03-21,,,,,,,,,,100.0,94.0,35.5,100.0,95.4,100.0,100.0
2026-03-22,29.5,35.8,79.9,,,,,,,,,,100.0,95.4,100.0,100.0
2026-03-23,83.4,58.2,80.2,,,,,,,,,,100.0,95.8,100.0,100.0
2026-03-24,96.2,72.8,80.2,,,,,,,97.4,87.0,100.0,100.0,96.2,100.0,100.0
2026-03-25,,,,,,,,,,,,,100.0,97.0,100.0,100.0
2026-03-26,,,,,,,,,,,,,100.0,97.2,100.0,100.0
2026-03-27,,,,,,,,,,,,,100.0,97.5,100.0,100.0
2026-03-28,97.9,77.5,79.9,,,,100.0,100.0,78.5,,,,100.0,98.2,100.0,100.0
2026-03-29,96.2,75.7,80.2,99.8,97.8,100.0,,,,,,,100.0,98.5,100.0,100.0
2026-03-30,98.3,82.3,80.2,,,,,,,,,,100.0,98.5,100.0,100.0
2026-03-31,,,,,,,,,,,,,100.0,98.2,100.0,100.0
2026-04-01,,,,,,,,,,,,,100.0,98.2,100.0,100.0
2026-04-02,,,,,,,,,,75.4,64.8,100.0,100.0,98.1,100.0,100.0
2026-04-03,94.9,77.5,80.2,100.0,98.9,100.0,,,,,,,100.0,98.7,100.0,100.0
2026-04-04,90.6,70.3,80.2,,,,,,,,,,100.0,97.7,100.0,100.0
2026-04-05,73.2,55.5,80.2,100.0,91.4,100.0,100.0,99.9,72.4,59.4,50.1,100.0,100.0,98.1,100.0,100.0
2026-04-06,,,,,,,100.0,87.8,100.0,22.2,29.8,100.0,100.0,96.8,100.0,100.0
2026-04-07,,,,,,,,,,1.4,17.4,100.0,100.0,96.0,100.0,100.0
2026-04-08,,,,88.1,74.2,100.0,,,,,,,100.0,93.5,100.0,100.0
2026-04-09,69.8,52.8,80.2,,,,,,,,,,100.0,89.9,100.0,100.0
2026-04-10,23.4,27.1,80.2,,,,,,,,,,100.0,85.0,100.0,100.0
2026-04-11,13.6,16.0,80.2,,,,,,,,,,100.0,80.6,100.0,100.0
2026-04-12,,,,,,,,,,,,,87.7,72.0,100.0,87.7
2026-04-13,,,,,,,,,,,,,56.3,62.6,100.0,56.3
2026-04-14,,,,,,,,,,0.2,10.5,100.0,30.7,48.0,100.0,30.7
2026-04-15,0.9,6.7,80.2,0.7,6.7,100.0,,,,,,,13.0,39.6,100.0,13.0
2026-04-16,0.0,3.2,79.5,,,,,,,,,,2.0,25.7,100.0,2.0
2026-04-17,0.0,3.3,80.2,,,,,,,0.0,5.2,100.0,0.7,18.4,100.0,0.7
2026-04-18,0.9,3.6,80.2,0.0,1.5,100.0,,,,0.0,1.2,100.0,0.3,12.7,100.0,0.3
2026-04-19,,,,,,,,,,,,,0.0,9.6,100.0,0.0
2026-04-20,,,,,,,,,,,,,0.0,7.9,100.0,0.0
2026-04-21,0.4,5.6,80.2,,,,1.7,3.0,60.1,,,,0.0,5.6,100.0,0.0
2026-04-22,0.6,6.0,80.2,,,,0.3,0.6,100.0,,,,0.0,4.3,100.0,0.0
2026-04-23,0.0,5.7,80.2,0.0,0.6,100.0,,,,,,,0.0,3.5,100.0,0.0
2026-04-24,,,,,,,,,,,,,0.0,3.1,100.0,0.0
2026-04-25,,,,0.0,0.5,100.0,,,,0.0,0.3,100.0,0.0,2.3,100.0,0.0
2026-04-26,,,,,,,,,,0.0,0.2,100.0,0.0,2.6,100.0,0.0
2026-04-27,0.0,5.0,80.2,,,,,,,0.0,0.1,100.0,0.0,2.3,100.0,0.0
2026-04-28,0.0,4.7,80.2,,,,,,,,,,0.0,2.4,100.0,0.0
2026-04-29,0.0,4.7,79.9,,,,,,,,,,0.0,2.0,100.0,0.0
2026-04-30,0.4,7.3,80.2,,,,0.0,0.1,56.3,0.0,0.1,100.0,0.0,2.4,100.0,0.0
2026-05-01,,,,,,,,,,,,,0.0,2.5,100.0,0.0
2026-05-02,,,,,,,,,,,,,0.0,2.4,100.0,0.0
2026-05-03,0.4,7.6,80.2,,,,,,,,,,0.0,2.9,100.0,0.0
2026-05-04,1.1,8.7,80.2,,,,,,,,,,0.0,3.5,100.0,0.0
2026-05-05,3.8,8.3,80.2,,,,,,,,,,0.0,3.5,100.0,0.0
2026-05-06,,,,,,,,,,,,,0.0,3.5,100.0,0.0
2026-05-07,,,,,,,,,,0.0,0.0,74.1,0.0,2.8,100.0,0.0
2026-05-08,,,,,,,,,,,,,0.0,4.8,100.0,0.0
2026-05-09,8.3,11.4,98.6,,,,,,,,,,0.0,3.3,100.0,0.0
2026-05-10,5.5,8.9,98.6,,,,,,,,,,0.0,3.3,100.0,0.0
2026-05-11,5.2,7.7,98.6,,,,,,,,,,0.0,3.2,100.0,0.0
2026-05-12,3.5,7.7,98.6,,,,,,,,,,0.0,4.8,100.0,0.0
2026-05-13,,,,0.0,0.2,76.5,,,,,,,0.0,4.2,100.0,0.0
2026-05-14,,,,,,,,,,,,,0.0,4.1,100.0,0.0
2026-05-15,1.7,8.3,98.6,,,,,,,,,,0.0,2.5,100.0,0.0
2026-05-16,1.9,10.3,98.6,,,,,,,,,,0.0,4.4,100.0,0.0
2026-05-17,1.4,8.7,98.6,,,,,,,,,,0.0,2.5,100.0,0.0
2026-05-18,,,,,,,,,,,,,0.0,2.1,100.0,0.0
2026-05-19,,,,,,,,,,,,,0.0,1.1,100.0,0.0
2026-05-20,,,,,,,,,,,,,0.0,0.9,100.0,0.0
2026-05-21,0.7,8.8,98.6,,,,,,,,,,0.0,0.8,100.0,0.0
2026-05-22,0.3,9.5,98.6,,,,,,,0.0,0.0,92.8,0.0,0.7,100.0,0.0
2026-05-23,48.8,44.4,98.6,0.0,0.2,100.0,0.0,0.0,100.0,0.0,0.0,100.0,0.0,0.5,100.0,0.0
2026-05-24,88.9,63.2,98.6,,,,0.0,0.0,100.0,,,,0.0,0.8,100.0,0.0
2026-05-25,,,,0.0,0.3,100.0,,,,,,,0.0,0.6,100.0,0.0
2026-05-26,,,,,,,,,,,,,0.0,0.6,100.0,0.0
2026-05-27,95.5,69.3,98.6,,,,,,,0.0,0.0,68.3,0.0,0.7,100.0,0.0
2026-05-28,77.2,58.8,98.6,0.0,0.3,83.6,,,,,,,0.0,2.8,100.0,0.0
2026-05-29,71.5,58.9,98.6,,,,,,,,,,0.0,2.3,100.0,0.0
2026-05-30,,,,,,,,,,,,,0.0,2.2,100.0,0.0
2026-05-31,,,,,,,0.0,0.0,100.0,,,,0.0,3.0,100.0,0.0
2026-06-01,,,,,,,0.0,0.0,90.8,,,,,,,
2026-06-02,47.4,41.2,98.6,0.0,0.3,32.8,,,,,,,,,,
2026-06-03,21.5,26.1,98.6,,,,,,,,,,,,,
2026-06-04,15.6,24.3,98.6,,,,,,,,,,,,,
2026-06-05,,,,,,,,,,,,,,,,
2026-06-06,,,,,,,,,,,,,,,,
2026-06-07,,,,0.0,0.2,100.0,,,,,,,,,,
2026-06-08,20.8,25.8,98.6,,,,,,,0.0,0.0,100.0,,,,
2026-06-09,4.8,13.8,98.6,,,,,,,,,,,,,
2026-06-10,0.2,4.2,98.6,,,,,,,,,,,,,
2026-06-11,,,,,,,,,,0.0,0.0,100.0,,,,
2026-06-12,,,,,,,,,,,,,,,,
2026-06-13,,,,,,,,,,,,,,,,
2026-06-14,0.3,4.0,98.6,0.0,0.1,100.0,,,,,,,,,,
2026-06-15,0.7,4.4,98.6,,,,,,,0.0,0.0,100.0,,,,
2026-06-16,,,,,,,0.0,0.0,100.0,0.0,0.0,66.6,,,,
2026-06-17,0.3,4.6,98.6,0.0,0.2,100.0,0.0,0.0,100.0,0.0,0.0,100.0,,,,
2026-06-18,,,,,,,,,,,,,,,,
2026-06-19,,,,,,,,,,0.0,0.0,100.0,,,,
2026-06-20,,,,,,,,,,0.0,0.0,100.0,,,,
2026-06-21,1.4,6.4,95.2,,,,,,,,,,,,,
2026-06-22,6.4,10.5,98.6,0.0,0.3,100.0,,,,,,,,,,
2026-06-23,,,,,,,,,,,,,,,,
2026-06-24,,,,0.0,0.4,100.0,0.0,0.0,100.0,,,,,,,
2026-06-25,,,,,,,0.0,0.0,100.0,,,,,,,
2026-06-26,5.2,14.2,98.6,,,,,,,,,,,,,
2026-06-27,10.4,20.7,98.6,0.0,1.0,96.2,,,,0.0,0.0,100.0,,,,
2026-06-28,18.7,29.1,98.6,,,,,,,,,,,,,
2026-06-29,,,,,,,,,,,,,,,,
2026-06-30,,,,,,,,,,,,,,,,
2026-07-01,,,,,,,,,,,,,,,,
2026-07-02,,,,,,,,,,,,,,,,
2026-07-03,,,,,,,,,,,,,,,,
2026-07-04,,,,,,,,,,,,,,,,
2026-07-05,,,,,,,,,,0.0,0.1,100.0,,,,
2026-07-06,,,,,,,,,,,,,,,,
2026-07-07,,,,,,,,,,,,,,,,
2026-07-08,,,,,,,,,,,,,,,,
2026-07-09,,,,,,,,,,0.0,2.7,100.0,,,,
