date,s1_ice_cover,s1_ice_probability,s1_data_coverage,s2_ice_cover,s2_ice_probability,s2_data_coverage,landsat_ice_cover,landsat_ice_probability,landsat_data_coverage,ecostress_ice_cover,ecostress_ice_probability,ecostress_data_coverage,stage2_ice_cover,stage2_ice_probability,stage2_data_coverage,stage2_phenology_cover
2015-07-02,81.1,54.5,93.2,,,,,,,,,,0.0,2.5,100.0,0.0
2015-07-03,,,,,,,,,,,,,0.0,1.5,100.0,0.0
2015-07-04,,,,,,,0.0,0.0,82.7,,,,0.0,0.8,100.0,0.0
2015-07-05,,,,,,,0.0,0.0,32.6,,,,0.0,0.7,100.0,0.0
2015-07-06,63.2,46.9,93.5,,,,,,,,,,0.0,0.3,100.0,0.0
2015-07-07,,,,,,,,,,,,,0.0,0.2,100.0,0.0
2015-07-08,,,,,,,,,,,,,0.0,0.2,100.0,0.0
2015-07-09,,,,,,,,,,,,,0.0,0.1,100.0,0.0
2015-07-10,,,,,,,,,,,,,0.0,0.1,100.0,0.0
2015-07-11,,,,,,,,,,,,,0.0,0.1,100.0,0.0
2015-07-12,,,,,,,,,,,,,0.0,0.1,100.0,0.0
2015-07-13,,,,,,,0.0,0.0,98.5,,,,0.0,0.1,100.0,0.0
2015-07-14,66.5,50.0,95.1,,,,,,,,,,0.0,0.1,100.0,0.0
2015-07-15,,,,,,,,,,,,,0.0,0.1,100.0,0.0
2015-07-16,,,,,,,,,,,,,0.0,0.1,100.0,0.0
2015-07-17,,,,,,,,,,,,,0.0,0.1,100.0,0.0
2015-07-18,51.0,44.0,94.4,,,,,,,,,,0.0,0.2,100.0,0.0
2015-07-19,,,,,,,,,,,,,0.0,0.2,100.0,0.0
2015-07-20,,,,,,,,,,,,,0.0,0.3,100.0,0.0
2015-07-21,,,,,,,,,,,,,0.0,0.7,100.0,0.0
2015-07-22,,,,,,,,,,,,,0.0,0.8,100.0,0.0
2015-07-23,,,,,,,,,,,,,0.0,1.1,100.0,0.0
2015-07-24,,,,,,,,,,,,,0.0,1.0,100.0,0.0
2015-07-25,,,,,,,,,,,,,0.0,1.5,100.0,0.0
2015-07-26,52.6,43.8,95.7,,,,,,,,,,0.0,1.4,100.0,0.0
2015-07-27,,,,,,,,,,,,,0.0,1.2,100.0,0.0
2015-07-28,,,,,,,,,,,,,0.0,0.9,100.0,0.0
2015-07-29,,,,,,,,,,,,,0.0,0.7,100.0,0.0
2015-07-30,31.6,35.5,95.5,0.0,0.8,100.0,,,,,,,0.0,0.4,100.0,0.0
2015-07-31,,,,,,,,,,,,,0.0,0.2,100.0,0.0
2015-08-01,,,,,,,,,,,,,0.0,0.1,100.0,0.0
2015-08-02,,,,,,,,,,,,,0.0,0.1,100.0,0.0
2015-08-03,,,,,,,,,,,,,0.0,0.0,100.0,0.0
2015-08-04,,,,,,,,,,,,,0.0,0.0,100.0,0.0
2015-08-05,,,,,,,0.0,0.0,99.5,,,,0.0,0.0,100.0,0.0
2015-08-06,24.8,30.7,98.2,,,,,,,,,,0.0,0.0,100.0,0.0
2015-08-07,20.1,26.3,91.8,,,,,,,,,,0.0,0.0,100.0,0.0
2015-08-08,,,,,,,,,,,,,0.0,0.0,100.0,0.0
2015-08-09,,,,,,,,,,,,,0.0,0.0,100.0,0.0
2015-08-10,,,,,,,,,,,,,0.0,0.0,100.0,0.0
2015-08-11,22.8,28.9,95.0,,,,,,,,,,0.0,0.0,100.0,0.0
2015-08-12,,,,,,,,,,,,,0.0,0.1,100.0,0.0
2015-08-13,,,,,,,,,,,,,0.0,0.1,100.0,0.0
2015-08-14,,,,,,,,,,,,,0.0,0.1,100.0,0.0
2015-08-15,,,,,,,,,,,,,0.0,0.1,100.0,0.0
2015-08-16,,,,,,,,,,,,,0.0,0.1,100.0,0.0
2015-08-17,,,,,,,,,,,,,0.0,0.1,100.0,0.0
2015-08-18,14.5,25.2,98.9,,,,,,,,,,0.0,0.1,100.0,0.0
2015-08-19,,,,,,,,,,,,,0.0,0.1,100.0,0.0
2015-08-20,,,,,,,,,,,,,0.0,0.1,100.0,0.0
2015-08-21,,,,,,,0.0,0.0,99.5,,,,0.0,0.1,100.0,0.0
2015-08-22,,,,,,,,,,,,,0.0,0.1,100.0,0.0
2015-08-23,15.0,24.4,96.5,,,,,,,,,,0.0,0.1,100.0,0.0
2015-08-24,,,,,,,,,,,,,0.0,0.1,100.0,0.0
2015-08-25,,,,,,,,,,,,,0.0,0.1,100.0,0.0
2015-08-26,,,,,,,,,,,,,0.0,0.1,100.0,0.0
2015-08-27,,,,,,,,,,,,,0.0,0.1,100.0,0.0
2015-08-28,,,,,,,,,,,,,0.0,0.1,100.0,0.0
2015-08-29,,,,0.0,0.0,100.0,,,,,,,0.0,0.0,100.0,0.0
2015-08-30,20.8,27.4,98.6,,,,0.0,0.0,99.6,,,,0.0,0.0,100.0,0.0
2015-08-31,12.1,23.5,95.6,,,,,,,,,,0.0,0.0,100.0,0.0
2015-09-01,,,,,,,,,,,,,0.0,0.0,100.0,0.0
2015-09-02,,,,,,,,,,,,,0.0,0.0,100.0,0.0
2015-09-03,,,,,,,,,,,,,0.0,0.1,100.0,0.0
2015-09-04,17.8,25.9,85.6,,,,,,,,,,0.0,0.1,100.0,0.0
2015-09-05,,,,,,,,,,,,,0.0,0.1,100.0,0.0
2015-09-06,,,,,,,0.0,0.0,70.7,,,,0.0,0.1,100.0,0.0
2015-09-07,,,,,,,,,,,,,0.0,0.2,100.0,0.0
2015-09-08,,,,0.0,0.1,46.4,,,,,,,0.0,0.2,100.0,0.0
2015-09-09,,,,,,,,,,,,,0.0,0.2,100.0,0.0
2015-09-10,,,,,,,,,,,,,0.0,0.3,100.0,0.0
2015-09-11,21.3,29.0,86.6,,,,,,,,,,0.0,0.4,100.0,0.0
2015-09-12,24.5,30.7,86.4,,,,,,,,,,0.0,0.3,100.0,0.0
2015-09-13,,,,,,,,,,,,,0.0,0.3,100.0,0.0
2015-09-14,,,,,,,,,,,,,0.0,0.5,100.0,0.0
2015-09-15,,,,,,,,,,,,,0.0,0.8,100.0,0.0
2015-09-16,22.0,31.4,85.2,,,,,,,,,,0.0,1.0,100.0,0.0
2015-09-17,,,,,,,,,,,,,0.0,1.1,100.0,0.0
2015-09-18,,,,0.0,0.0,48.7,,,,,,,0.0,1.3,100.0,0.0
2015-09-19,,,,,,,,,,,,,0.0,1.5,100.0,0.0
2015-09-20,,,,,,,,,,,,,0.0,1.7,100.0,0.0
2015-09-21,,,,,,,,,,,,,0.0,1.8,100.0,0.0
2015-09-22,,,,,,,,,,,,,0.0,2.3,100.0,0.0
2015-09-23,31.4,35.3,87.0,,,,,,,,,,0.0,2.5,100.0,0.0
2015-09-24,32.7,36.5,86.8,,,,,,,,,,0.0,2.5,100.0,0.0
2015-09-25,,,,,,,,,,,,,0.0,2.3,100.0,0.0
2015-09-26,,,,,,,,,,,,,0.0,2.2,100.0,0.0
2015-09-27,,,,,,,,,,,,,0.0,2.1,100.0,0.0
2015-09-28,20.7,31.4,85.7,0.0,0.0,100.0,,,,,,,0.0,1.9,100.0,0.0
2015-09-29,,,,,,,,,,,,,0.0,1.6,100.0,0.0
2015-09-30,,,,,,,,,,,,,0.0,1.5,100.0,0.0
2015-10-01,,,,,,,,,,,,,0.0,1.4,100.0,0.0
2015-10-02,,,,,,,,,,,,,0.0,1.4,100.0,0.0
2015-10-03,,,,,,,,,,,,,0.0,0.7,100.0,0.0
2015-10-04,,,,,,,,,,,,,0.0,0.7,100.0,0.0
2015-10-05,16.3,28.5,87.7,,,,,,,,,,0.0,0.6,100.0,0.0
2015-10-06,12.8,26.2,84.6,,,,,,,,,,0.0,0.8,100.0,0.0
2015-10-07,,,,,,,,,,,,,0.0,0.7,100.0,0.0
2015-10-08,,,,,,,,,,,,,0.0,0.7,100.0,0.0
2015-10-09,,,,,,,,,,,,,0.0,0.6,100.0,0.0
2015-10-10,22.9,33.5,86.4,,,,,,,,,,0.0,0.7,100.0,0.0
2015-10-11,,,,,,,,,,,,,0.0,0.4,100.0,0.0
2015-10-12,,,,,,,,,,,,,0.0,0.5,100.0,0.0
2015-10-13,,,,,,,,,,,,,0.0,0.3,100.0,0.0
2015-10-14,,,,,,,,,,,,,0.0,0.4,100.0,0.0
2015-10-15,,,,,,,,,,,,,0.0,0.4,100.0,0.0
2015-10-16,,,,,,,,,,,,,0.0,0.4,100.0,0.0
2015-10-17,21.8,32.4,87.3,,,,0.0,0.0,99.5,,,,0.0,0.3,100.0,0.0
2015-10-18,25.6,35.4,84.2,,,,,,,,,,0.0,0.3,100.0,0.0
2015-10-19,,,,,,,,,,,,,0.0,0.3,100.0,0.0
2015-10-20,,,,,,,,,,,,,0.0,0.3,100.0,0.0
2015-10-21,,,,,,,,,,,,,0.0,0.3,100.0,0.0
2015-10-22,,,,,,,,,,,,,0.0,0.3,100.0,0.0
2015-10-23,,,,,,,,,,,,,0.0,0.3,100.0,0.0
2015-10-24,,,,,,,,,,,,,0.0,0.4,100.0,0.0
2015-10-25,,,,,,,,,,,,,0.0,0.5,100.0,0.0
2015-10-26,,,,,,,,,,,,,0.0,0.5,100.0,0.0
2015-10-27,,,,,,,,,,,,,0.0,0.5,100.0,0.0
2015-10-28,,,,,,,,,,,,,0.0,0.6,100.0,0.0
2015-10-29,52.6,44.1,86.6,,,,,,,,,,0.0,0.7,100.0,0.0
2015-10-30,53.0,45.2,85.0,,,,,,,,,,0.0,0.7,100.0,0.0
2015-10-31,,,,,,,,,,,,,0.0,0.7,100.0,0.0
2015-11-01,,,,,,,,,,,,,0.0,0.7,100.0,0.0
2015-11-02,,,,,,,0.0,0.0,46.0,,,,0.0,0.9,100.0,0.0
2015-11-03,64.7,50.1,83.8,,,,,,,,,,0.0,0.7,100.0,0.0
2015-11-04,,,,,,,,,,,,,0.0,0.6,100.0,0.0
2015-11-05,,,,,,,,,,,,,0.0,0.7,100.0,0.0
2015-11-06,,,,,,,,,,,,,0.0,0.8,100.0,0.0
2015-11-07,,,,,,,,,,,,,0.0,0.9,100.0,0.0
2015-11-08,,,,,,,,,,,,,0.0,1.0,100.0,0.0
2015-11-09,,,,,,,0.0,0.0,85.2,,,,0.0,1.1,100.0,0.0
2015-11-10,82.1,57.2,86.2,,,,,,,,,,0.0,1.3,100.0,0.0
2015-11-11,87.9,64.1,85.4,,,,,,,,,,0.0,1.3,100.0,0.0
2015-11-12,,,,,,,,,,,,,0.0,1.4,100.0,0.0
2015-11-13,,,,,,,,,,,,,0.0,2.3,100.0,0.0
2015-11-14,,,,,,,,,,,,,0.0,2.9,100.0,0.0
2015-11-15,89.4,67.5,83.3,,,,,,,,,,0.0,3.0,100.0,0.0
2015-11-16,,,,,,,,,,,,,0.0,3.0,100.0,0.0
2015-11-17,,,,0.0,0.1,100.0,,,,,,,0.0,3.4,100.0,0.0
2015-11-18,,,,,,,0.0,0.1,85.9,,,,0.0,3.3,100.0,0.0
2015-11-19,,,,,,,,,,,,,0.0,3.0,100.0,0.0
2015-11-20,,,,,,,,,,,,,0.0,2.7,100.0,0.0
2015-11-21,,,,,,,,,,,,,0.0,3.0,100.0,0.0
2015-11-22,93.9,73.3,87.1,,,,,,,,,,0.0,3.7,100.0,0.0
2015-11-23,94.4,77.0,85.9,,,,,,,,,,0.0,3.9,100.0,0.0
2015-11-24,,,,,,,,,,,,,0.0,4.0,100.0,0.0
2015-11-25,,,,,,,,,,,,,0.0,5.9,100.0,0.0
2015-11-26,,,,,,,,,,,,,0.0,8.9,100.0,0.0
2015-11-27,96.9,83.3,86.1,42.5,42.2,100.0,,,,,,,0.0,12.1,100.0,0.0
2015-11-28,,,,,,,,,,,,,0.0,13.7,100.0,0.0
2015-11-29,,,,,,,,,,,,,0.1,18.0,100.0,0.1
2015-11-30,,,,,,,,,,,,,0.7,24.6,100.0,0.7
2015-12-01,,,,,,,,,,,,,7.5,32.6,100.0,7.5
2015-12-02,,,,,,,,,,,,,10.7,41.6,100.0,10.7
2015-12-03,,,,,,,,,,,,,39.7,54.3,100.0,39.7
2015-12-04,98.4,86.0,86.6,,,,,,,,,,84.8,70.9,100.0,84.8
2015-12-05,99.2,88.6,85.0,,,,,,,,,,93.5,76.6,100.0,93.5
2015-12-06,,,,,,,,,,,,,95.9,82.4,100.0,95.9
2015-12-07,,,,96.6,94.0,100.0,,,,,,,98.0,85.8,100.0,98.0
2015-12-08,,,,,,,,,,,,,98.5,85.7,100.0,98.5
2015-12-09,99.4,86.5,86.4,,,,,,,,,,98.5,86.2,100.0,98.5
2015-12-10,,,,,,,,,,,,,99.4,87.6,100.0,99.4
2015-12-11,,,,,,,,,,,,,99.3,87.4,100.0,99.3
2015-12-12,,,,,,,,,,,,,99.6,89.5,100.0,99.6
2015-12-13,,,,,,,,,,,,,99.6,90.2,100.0,99.6
2015-12-14,,,,,,,,,,,,,99.7,92.2,100.0,99.7
2015-12-15,,,,,,,,,,,,,99.6,92.5,100.0,99.6
2015-12-16,98.2,82.8,87.8,,,,,,,,,,99.8,93.6,100.0,99.8
2015-12-17,95.6,80.4,85.1,98.7,96.6,98.6,,,,,,,99.7,94.3,100.0,99.7
2015-12-18,,,,,,,,,,,,,99.7,93.9,100.0,99.7
2015-12-19,,,,,,,,,,,,,99.7,93.1,100.0,99.7
2015-12-20,,,,,,,99.8,95.2,99.4,,,,99.8,94.1,100.0,99.8
2015-12-21,85.8,77.6,83.8,,,,,,,,,,99.8,93.6,100.0,99.8
2015-12-22,,,,,,,,,,,,,99.8,93.1,100.0,99.8
2015-12-23,,,,,,,,,,,,,99.9,92.7,100.0,99.9
2015-12-24,,,,,,,,,,,,,99.9,92.3,100.0,99.9
2015-12-25,,,,,,,,,,,,,99.9,90.8,100.0,99.9
2015-12-26,,,,,,,,,,,,,99.9,90.0,100.0,99.9
2015-12-27,,,,,,,,,,,,,99.9,89.3,100.0,99.9
2015-12-28,99.3,82.2,69.1,,,,,,,,,,99.7,88.5,100.0,99.7
2015-12-29,97.8,77.6,69.3,,,,,,,,,,99.6,88.0,100.0,99.6
2015-12-30,,,,,,,,,,,,,99.0,87.4,100.0,99.0
2015-12-31,,,,,,,,,,,,,98.7,88.5,100.0,98.7
2016-01-01,,,,,,,,,,,,,100.0,93.1,100.0,100.0
2016-01-02,,,,,,,,,,,,,100.0,93.8,100.0,100.0
2016-01-03,,,,,,,,,,,,,100.0,93.8,100.0,100.0
2016-01-04,,,,,,,,,,,,,100.0,94.0,100.0,100.0
2016-01-05,,,,,,,,,,,,,100.0,94.0,100.0,100.0
2016-01-06,,,,100.0,99.5,96.4,,,,,,,100.0,95.6,100.0,100.0
2016-01-07,,,,,,,,,,,,,100.0,96.6,100.0,100.0
2016-01-08,,,,,,,,,,,,,100.0,96.7,100.0,100.0
2016-01-09,99.0,79.3,58.6,,,,,,,,,,100.0,96.7,100.0,100.0
2016-01-10,98.9,80.9,77.1,,,,,,,,,,100.0,97.2,100.0,100.0
2016-01-11,,,,,,,,,,,,,100.0,97.1,100.0,100.0
2016-01-12,,,,,,,,,,,,,100.0,97.2,100.0,100.0
2016-01-13,,,,,,,,,,,,,100.0,97.2,100.0,100.0
2016-01-14,100.0,84.2,61.0,,,,,,,,,,100.0,97.6,100.0,100.0
2016-01-15,,,,,,,,,,,,,100.0,98.3,100.0,100.0
2016-01-16,,,,100.0,99.9,95.8,,,,,,,100.0,98.6,100.0,100.0
2016-01-17,,,,,,,,,,,,,100.0,98.6,100.0,100.0
2016-01-18,,,,,,,,,,,,,100.0,99.0,100.0,100.0
2016-01-19,,,,,,,,,,,,,100.0,99.2,100.0,100.0
2016-01-20,,,,,,,,,,,,,100.0,99.3,100.0,100.0
2016-01-21,98.8,81.1,78.0,,,,100.0,100.0,100.0,,,,100.0,99.6,100.0,100.0
2016-01-22,98.5,80.3,66.0,,,,,,,,,,100.0,99.6,100.0,100.0
2016-01-23,,,,,,,,,,,,,100.0,99.6,100.0,100.0
2016-01-24,,,,,,,,,,,,,100.0,99.6,100.0,100.0
2016-01-25,,,,,,,,,,,,,100.0,99.5,100.0,100.0
2016-01-26,98.7,79.4,78.8,99.9,99.7,100.0,,,,,,,100.0,99.6,100.0,100.0
2016-01-27,,,,,,,,,,,,,100.0,99.4,100.0,100.0
2016-01-28,,,,,,,,,,,,,100.0,99.4,100.0,100.0
2016-01-29,,,,,,,,,,,,,100.0,99.2,100.0,100.0
2016-01-30,,,,,,,,,,,,,100.0,98.9,100.0,100.0
2016-01-31,,,,,,,,,,,,,100.0,99.0,100.0,100.0
2016-02-01,,,,,,,,,,,,,100.0,98.9,100.0,100.0
2016-02-02,99.5,77.6,59.6,,,,,,,,,,100.0,98.9,100.0,100.0
2016-02-03,97.4,76.1,80.2,,,,,,,,,,100.0,99.0,100.0,100.0
2016-02-04,,,,,,,,,,,,,100.0,99.1,100.0,100.0
2016-02-05,,,,100.0,99.6,100.0,,,,,,,100.0,99.2,100.0,100.0
2016-02-06,,,,,,,100.0,100.0,100.0,,,,100.0,99.2,100.0,100.0
2016-02-07,98.9,78.2,80.1,,,,,,,,,,100.0,98.9,100.0,100.0
2016-02-08,,,,,,,,,,,,,100.0,98.7,100.0,100.0
2016-02-09,,,,,,,,,,,,,100.0,98.5,100.0,100.0
2016-02-10,,,,,,,,,,,,,100.0,97.9,100.0,100.0
2016-02-11,,,,,,,,,,,,,100.0,97.7,100.0,100.0
2016-02-12,,,,,,,,,,,,,100.0,97.7,100.0,100.0
2016-02-13,,,,,,,,,,,,,100.0,97.0,100.0,100.0
2016-02-14,98.2,75.6,80.2,,,,,,,,,,100.0,96.5,100.0,100.0
2016-02-15,100.0,81.1,57.5,,,,,,,,,,100.0,96.1,100.0,100.0
2016-02-16,,,,,,,,,,,,,100.0,96.4,100.0,100.0
2016-02-17,,,,,,,,,,,,,100.0,96.1,100.0,100.0
2016-02-18,,,,,,,,,,,,,100.0,96.0,100.0,100.0
2016-02-19,98.7,76.1,79.6,,,,,,,,,,100.0,96.5,100.0,100.0
2016-02-20,,,,,,,,,,,,,100.0,96.4,100.0,100.0
2016-02-21,,,,,,,,,,,,,100.0,94.9,100.0,100.0
2016-02-22,,,,,,,100.0,100.0,100.0,,,,100.0,95.5,100.0,100.0
2016-02-23,,,,,,,,,,,,,100.0,94.9,100.0,100.0
2016-02-24,,,,,,,,,,,,,100.0,95.0,100.0,100.0
2016-02-25,,,,,,,,,,,,,100.0,94.7,100.0,100.0
2016-02-26,99.8,80.2,80.5,,,,,,,,,,100.0,93.7,100.0,100.0
2016-02-27,100.0,83.9,74.5,,,,,,,,,,100.0,93.3,100.0,100.0
2016-02-28,,,,,,,,,,,,,100.0,92.1,100.0,100.0
2016-02-29,,,,,,,,,,,,,100.0,91.9,100.0,100.0
2016-03-01,,,,,,,,,,,,,100.0,89.1,100.0,100.0
2016-03-02,100.0,88.5,80.3,,,,,,,,,,100.0,88.7,100.0,100.0
2016-03-03,,,,,,,,,,,,,100.0,88.2,100.0,100.0
2016-03-04,,,,,,,,,,,,,100.0,88.3,100.0,100.0
2016-03-05,,,,,,,,,,,,,100.0,89.1,100.0,100.0
2016-03-06,,,,,,,,,,,,,100.0,91.1,100.0,100.0
2016-03-07,,,,,,,,,,,,,100.0,92.9,100.0,100.0
2016-03-08,,,,,,,,,,,,,100.0,94.0,100.0,100.0
2016-03-09,100.0,90.2,80.5,,,,100.0,100.0,100.0,,,,100.0,96.2,100.0,100.0
2016-03-10,100.0,90.3,72.6,,,,,,,,,,100.0,95.9,100.0,100.0
2016-03-11,,,,,,,,,,,,,100.0,96.3,100.0,100.0
2016-03-12,,,,,,,,,,,,,100.0,97.2,100.0,100.0
2016-03-13,,,,,,,,,,,,,100.0,97.4,100.0,100.0
2016-03-14,100.0,91.2,80.2,,,,,,,,,,100.0,97.3,100.0,100.0
2016-03-15,,,,,,,,,,,,,100.0,97.1,100.0,100.0
2016-03-16,,,,,,,,,,,,,100.0,97.3,100.0,100.0
2016-03-17,,,,,,,,,,,,,100.0,96.9,100.0,100.0
2016-03-18,,,,,,,,,,,,,100.0,96.6,100.0,100.0
2016-03-19,,,,,,,,,,,,,100.0,95.5,100.0,100.0
2016-03-20,,,,,,,,,,,,,100.0,96.9,100.0,100.0
2016-03-21,100.0,90.1,79.6,,,,,,,,,,100.0,97.3,100.0,100.0
2016-03-22,99.9,89.7,73.7,,,,,,,,,,100.0,97.8,100.0,100.0
2016-03-23,,,,,,,,,,,,,100.0,96.8,100.0,100.0
2016-03-24,,,,,,,,,,,,,100.0,97.2,100.0,100.0
2016-03-25,,,,,,,,,,,,,100.0,96.3,100.0,100.0
2016-03-26,99.9,86.3,78.3,100.0,99.7,100.0,,,,,,,100.0,97.5,100.0,100.0
2016-03-27,,,,,,,,,,,,,100.0,96.8,100.0,100.0
2016-03-28,,,,,,,,,,,,,100.0,97.0,100.0,100.0
2016-03-29,,,,,,,,,,,,,100.0,96.8,100.0,100.0
2016-03-30,,,,,,,,,,,,,100.0,97.1,100.0,100.0
2016-03-31,,,,,,,,,,,,,100.0,96.6,100.0,100.0
2016-04-01,,,,,,,,,,,,,100.0,96.5,100.0,100.0
2016-04-02,99.4,77.1,79.4,,,,,,,,,,100.0,96.7,100.0,100.0
2016-04-03,96.2,66.2,79.6,,,,,,,,,,100.0,95.8,100.0,100.0
2016-04-04,,,,,,,,,,,,,100.0,94.9,100.0,100.0
2016-04-05,,,,,,,,,,,,,100.0,93.9,100.0,100.0
2016-04-06,,,,,,,,,,,,,100.0,94.0,100.0,100.0
2016-04-07,81.7,54.1,78.9,,,,,,,,,,100.0,94.6,100.0,100.0
2016-04-08,,,,,,,,,,,,,100.0,94.0,100.0,100.0
2016-04-09,,,,,,,,,,,,,100.0,93.4,100.0,100.0
2016-04-10,,,,,,,100.0,99.9,94.5,,,,100.0,94.9,100.0,100.0
2016-04-11,,,,,,,,,,,,,100.0,94.6,100.0,100.0
2016-04-12,,,,,,,,,,,,,100.0,94.4,100.0,100.0
2016-04-13,,,,,,,,,,,,,100.0,93.7,100.0,100.0
2016-04-14,43.9,40.7,78.4,,,,,,,,,,100.0,92.5,100.0,100.0
2016-04-15,11.7,27.1,79.4,,,,,,,,,,100.0,92.2,100.0,100.0
2016-04-16,,,,,,,,,,,,,100.0,90.7,100.0,100.0
2016-04-17,,,,,,,,,,,,,100.0,90.1,100.0,100.0
2016-04-18,,,,,,,,,,,,,99.4,85.9,100.0,99.4
2016-04-19,1.6,11.7,79.3,,,,,,,,,,99.8,88.0,100.0,99.8
2016-04-20,,,,,,,,,,,,,99.7,88.4,100.0,99.7
2016-04-21,,,,,,,,,,,,,99.8,89.4,100.0,99.8
2016-04-22,,,,,,,,,,,,,99.4,87.2,100.0,99.4
2016-04-23,,,,,,,,,,,,,99.8,88.8,100.0,99.8
2016-04-24,,,,,,,,,,,,,99.9,91.4,100.0,99.9
2016-04-25,,,,100.0,99.9,100.0,,,,,,,100.0,94.0,100.0,100.0
2016-04-26,1.4,14.1,79.0,,,,,,,,,,99.9,90.9,100.0,99.9
2016-04-27,1.3,14.7,79.0,,,,,,,,,,100.0,92.4,100.0,100.0
2016-04-28,,,,,,,,,,,,,100.0,93.5,100.0,100.0
2016-04-29,,,,,,,,,,,,,100.0,93.4,100.0,100.0
2016-04-30,,,,,,,,,,,,,100.0,92.3,100.0,100.0
2016-05-01,1.6,12.8,80.2,,,,,,,,,,100.0,92.4,100.0,100.0
2016-05-02,,,,,,,,,,,,,100.0,92.4,100.0,100.0
2016-05-03,,,,,,,,,,,,,100.0,92.2,100.0,100.0
2016-05-04,,,,,,,,,,,,,100.0,91.8,100.0,100.0
2016-05-05,,,,100.0,99.3,100.0,,,,,,,100.0,93.2,100.0,100.0
2016-05-06,,,,,,,,,,,,,100.0,90.7,100.0,100.0
2016-05-07,,,,,,,,,,,,,100.0,88.4,100.0,100.0
2016-05-08,0.6,13.6,79.2,,,,,,,,,,99.8,85.4,100.0,99.8
2016-05-09,1.5,14.4,79.8,,,,,,,,,,99.3,82.3,100.0,99.3
2016-05-10,,,,,,,,,,,,,98.8,78.6,100.0,98.8
2016-05-11,,,,,,,,,,,,,96.6,75.7,100.0,96.6
2016-05-12,,,,,,,,,,,,,97.7,76.1,100.0,97.7
2016-05-13,4.2,20.7,79.6,,,,,,,,,,99.2,79.5,100.0,99.2
2016-05-14,,,,,,,,,,,,,100.0,83.2,100.0,100.0
2016-05-15,,,,100.0,97.5,100.0,,,,,,,100.0,84.9,100.0,100.0
2016-05-16,,,,,,,,,,,,,100.0,84.3,100.0,100.0
2016-05-17,,,,,,,,,,,,,100.0,84.2,100.0,100.0
2016-05-18,,,,,,,,,,,,,100.0,84.6,100.0,100.0
2016-05-19,,,,,,,,,,,,,99.0,80.8,100.0,99.0
2016-05-20,24.3,32.0,79.8,,,,,,,,,,99.9,82.3,100.0,99.9
2016-05-21,12.5,25.0,79.6,,,,,,,,,,95.2,77.0,100.0,95.2
2016-05-22,,,,,,,,,,,,,97.8,77.8,100.0,97.8
2016-05-23,,,,,,,,,,,,,95.4,76.0,100.0,95.4
2016-05-24,,,,,,,,,,,,,98.5,78.4,100.0,98.5
2016-05-25,6.5,17.7,79.1,100.0,95.2,100.0,,,,,,,93.2,76.1,100.0,93.2
2016-05-26,,,,,,,,,,,,,82.5,68.5,100.0,82.5
2016-05-27,,,,,,,,,,,,,60.6,60.9,100.0,60.6
2016-05-28,,,,,,,100.0,98.4,91.8,,,,72.8,64.5,100.0,72.8
2016-05-29,,,,,,,,,,,,,26.1,50.2,100.0,26.1
2016-05-30,,,,,,,,,,,,,21.4,47.6,100.0,21.4
2016-05-31,,,,,,,,,,,,,10.5,42.7,100.0,10.5
2016-06-01,0.6,11.1,79.7,,,,,,,,,,8.5,42.4,100.0,8.5
2016-06-02,1.8,10.6,79.0,,,,,,,,,,2.5,35.2,100.0,2.5
2016-06-03,,,,,,,,,,,,,0.3,27.8,100.0,0.3
2016-06-04,,,,97.1,78.5,100.0,,,,,,,0.2,26.7,100.0,0.2
2016-06-05,,,,,,,,,,,,,0.0,18.1,100.0,0.0
2016-06-06,0.3,9.9,79.8,,,,,,,,,,0.0,15.2,100.0,0.0
2016-06-07,,,,,,,,,,,,,0.0,11.8,100.0,0.0
2016-06-08,,,,,,,,,,,,,0.0,12.5,100.0,0.0
2016-06-09,,,,,,,,,,,,,0.0,12.2,100.0,0.0
2016-06-10,,,,,,,,,,,,,0.0,12.4,100.0,0.0
2016-06-11,,,,,,,,,,,,,0.0,10.0,100.0,0.0
2016-06-12,,,,,,,,,,,,,0.0,10.4,100.0,0.0
2016-06-13,,,,,,,,,,,,,0.0,9.5,100.0,0.0
2016-06-14,0.0,4.9,77.6,,,,,,,,,,0.0,10.8,100.0,0.0
2016-06-15,,,,,,,,,,,,,0.0,8.0,100.0,0.0
2016-06-16,,,,,,,,,,,,,0.0,7.4,100.0,0.0
2016-06-17,,,,,,,,,,,,,0.0,7.9,100.0,0.0
2016-06-18,,,,,,,,,,,,,0.0,7.9,100.0,0.0
2016-06-19,,,,,,,,,,,,,0.0,6.6,100.0,0.0
2016-06-20,,,,,,,,,,,,,0.0,4.7,100.0,0.0
2016-06-21,,,,,,,,,,,,,0.0,3.6,100.0,0.0
2016-06-22,,,,,,,,,,,,,0.0,2.8,100.0,0.0
2016-06-23,,,,,,,,,,,,,0.0,1.8,100.0,0.0
2016-06-24,,,,1.0,2.4,93.6,,,,,,,0.0,1.4,100.0,0.0
2016-06-25,,,,,,,,,,,,,0.0,1.2,100.0,0.0
2016-06-26,,,,,,,,,,,,,0.0,1.0,100.0,0.0
2016-06-27,,,,,,,,,,,,,0.0,0.9,100.0,0.0
2016-06-28,,,,,,,,,,,,,0.0,0.7,100.0,0.0
2016-06-29,,,,,,,0.1,0.1,87.8,,,,0.0,0.7,100.0,0.0
2016-06-30,0.0,4.3,77.8,,,,,,,,,,0.0,0.6,100.0,0.0
2016-07-01,,,,,,,,,,,,,0.0,0.6,100.0,0.0
2016-07-02,,,,,,,,,,,,,0.0,0.6,100.0,0.0
2016-07-03,,,,,,,,,,,,,0.0,0.7,100.0,0.0
2016-07-04,,,,,,,,,,,,,0.0,0.8,100.0,0.0
2016-07-05,,,,,,,,,,,,,0.0,0.9,100.0,0.0
2016-07-06,,,,,,,,,,,,,0.0,1.1,100.0,0.0
2016-07-07,0.0,3.4,79.7,,,,,,,,,,0.0,1.7,100.0,0.0
2016-07-08,0.0,3.2,76.4,,,,,,,,,,0.0,2.1,100.0,0.0
2016-07-09,,,,,,,,,,,,,0.0,2.2,100.0,0.0
2016-07-10,,,,,,,,,,,,,0.0,1.9,100.0,0.0
2016-07-11,,,,,,,,,,,,,0.0,2.1,100.0,0.0
2016-07-12,,,,,,,,,,,,,0.0,2.3,100.0,0.0
2016-07-13,,,,,,,,,,,,,0.0,2.6,100.0,0.0
2016-07-14,,,,,,,,,,,,,0.0,2.8,100.0,0.0
2016-07-15,,,,,,,,,,,,,0.0,4.0,100.0,0.0
2016-07-16,,,,,,,,,,,,,0.0,3.8,100.0,0.0
2016-07-17,,,,,,,,,,,,,0.0,3.9,100.0,0.0
2016-07-18,,,,,,,,,,,,,0.0,2.7,100.0,0.0
2016-07-19,0.0,2.5,78.9,,,,,,,,,,0.0,2.1,100.0,0.0
2016-07-20,0.0,2.3,77.8,,,,,,,,,,0.0,1.6,100.0,0.0
2016-07-21,,,,,,,,,,,,,0.0,1.7,100.0,0.0
2016-07-22,,,,,,,,,,,,,0.0,1.8,100.0,0.0
2016-07-23,,,,,,,,,,,,,0.0,1.8,100.0,0.0
2016-07-24,0.0,2.2,78.2,0.0,0.1,100.0,,,,,,,0.0,1.1,100.0,0.0
2016-07-25,,,,,,,,,,,,,0.0,1.2,100.0,0.0
2016-07-26,,,,,,,,,,,,,0.0,1.1,100.0,0.0
2016-07-27,,,,,,,,,,,,,0.0,1.2,100.0,0.0
2016-07-28,,,,,,,,,,,,,0.0,1.0,100.0,0.0
2016-07-29,,,,,,,,,,,,,0.0,1.0,100.0,0.0
2016-07-30,,,,,,,,,,,,,0.0,0.8,100.0,0.0
2016-07-31,,,,,,,,,,,,,0.0,0.8,100.0,0.0
2016-08-01,0.0,2.0,77.6,,,,,,,,,,0.0,0.6,100.0,0.0
2016-08-02,,,,,,,,,,,,,0.0,0.5,100.0,0.0
2016-08-03,,,,0.0,0.0,100.0,,,,,,,0.0,0.3,100.0,0.0
2016-08-04,,,,,,,,,,,,,0.0,0.3,100.0,0.0
2016-08-05,0.0,1.6,77.2,,,,,,,,,,0.0,0.3,100.0,0.0
2016-08-06,,,,,,,,,,,,,0.0,0.3,100.0,0.0
2016-08-07,,,,,,,0.0,0.0,75.8,,,,0.0,0.2,100.0,0.0
2016-08-08,,,,,,,,,,,,,0.0,0.2,100.0,0.0
2016-08-09,,,,,,,,,,,,,0.0,0.2,100.0,0.0
2016-08-10,,,,,,,,,,,,,0.0,0.2,100.0,0.0
2016-08-11,,,,,,,,,,,,,0.0,0.2,100.0,0.0
2016-08-12,0.0,2.5,79.4,,,,,,,,,,0.0,0.1,100.0,0.0
2016-08-13,0.0,2.7,79.0,0.0,0.0,100.0,,,,,,,0.0,0.1,100.0,0.0
2016-08-14,,,,,,,,,,,,,0.0,0.1,100.0,0.0
2016-08-15,,,,,,,,,,,,,0.0,0.1,100.0,0.0
2016-08-16,,,,,,,0.0,0.0,98.9,,,,0.0,0.1,100.0,0.0
2016-08-17,0.0,3.4,79.3,,,,,,,,,,0.0,0.0,100.0,0.0
2016-08-18,,,,,,,,,,,,,0.0,0.0,100.0,0.0
2016-08-19,,,,,,,,,,,,,0.0,0.0,100.0,0.0
2016-08-20,,,,,,,,,,,,,0.0,0.1,100.0,0.0
2016-08-21,,,,,,,,,,,,,0.0,0.1,100.0,0.0
2016-08-22,,,,,,,,,,,,,0.0,0.1,100.0,0.0
2016-08-23,,,,0.0,0.1,100.0,0.0,0.0,88.2,,,,0.0,0.1,100.0,0.0
2016-08-24,0.0,3.2,78.8,,,,,,,,,,0.0,0.1,100.0,0.0
2016-08-25,0.0,3.9,79.3,,,,,,,,,,0.0,0.1,100.0,0.0
2016-08-26,,,,,,,,,,,,,0.0,0.1,100.0,0.0
2016-08-27,,,,,,,,,,,,,0.0,0.1,100.0,0.0
2016-08-28,,,,,,,,,,,,,0.0,0.1,100.0,0.0
2016-08-29,0.0,3.9,77.8,,,,,,,,,,0.0,0.1,100.0,0.0
2016-08-30,,,,,,,,,,,,,0.0,0.1,100.0,0.0
2016-08-31,,,,,,,,,,,,,0.0,0.1,100.0,0.0
2016-09-01,,,,,,,0.0,0.0,47.7,,,,0.0,0.1,100.0,0.0
2016-09-02,,,,0.0,0.0,100.0,,,,,,,0.0,0.1,100.0,0.0
2016-09-03,,,,,,,,,,,,,0.0,0.1,100.0,0.0
2016-09-04,,,,,,,,,,,,,0.0,0.1,100.0,0.0
2016-09-05,0.0,3.6,78.7,,,,,,,,,,0.0,0.1,100.0,0.0
2016-09-06,0.0,3.5,79.0,,,,,,,,,,0.0,0.1,100.0,0.0
2016-09-07,,,,,,,,,,,,,0.0,0.1,100.0,0.0
2016-09-08,,,,,,,0.0,0.0,64.5,,,,0.0,0.2,100.0,0.0
2016-09-09,,,,,,,,,,,,,0.0,0.2,100.0,0.0
2016-09-10,0.2,6.9,96.7,,,,,,,,,,0.0,0.1,100.0,0.0
2016-09-11,,,,,,,,,,,,,0.0,0.2,100.0,0.0
2016-09-12,,,,,,,,,,,,,0.0,0.2,100.0,0.0
2016-09-13,,,,,,,,,,,,,0.0,0.2,100.0,0.0
2016-09-14,,,,,,,,,,,,,0.0,0.2,100.0,0.0
2016-09-15,,,,,,,,,,,,,0.0,0.2,100.0,0.0
2016-09-16,,,,,,,,,,,,,0.0,0.3,100.0,0.0
2016-09-17,0.0,5.4,99.0,,,,,,,,,,0.0,0.2,100.0,0.0
2016-09-18,0.0,5.8,98.7,,,,,,,,,,0.0,0.2,100.0,0.0
2016-09-19,,,,,,,,,,,,,0.0,0.2,100.0,0.0
2016-09-20,,,,,,,,,,,,,0.0,0.2,100.0,0.0
2016-09-21,,,,,,,,,,,,,0.0,0.1,100.0,0.0
2016-09-22,0.0,7.2,98.3,0.0,0.0,100.0,,,,,,,0.0,0.1,100.0,0.0
2016-09-23,,,,,,,,,,,,,0.0,0.1,100.0,0.0
2016-09-24,,,,,,,0.0,0.0,99.8,,,,0.0,0.1,100.0,0.0
2016-09-25,,,,,,,,,,,,,0.0,0.1,100.0,0.0
2016-09-26,,,,,,,,,,,,,0.0,0.1,100.0,0.0
2016-09-27,,,,,,,,,,,,,0.0,0.1,100.0,0.0
2016-09-28,0.0,10.2,98.5,,,,,,,,,,0.0,0.1,100.0,0.0
2016-09-29,0.0,7.6,98.4,,,,,,,,,,0.0,0.1,100.0,0.0
2016-09-30,0.0,9.5,96.6,,,,,,,,,,0.0,0.1,100.0,0.0
2016-10-01,,,,,,,,,,,,,0.0,0.2,100.0,0.0
2016-10-02,,,,,,,,,,,,,0.0,0.3,100.0,0.0
2016-10-03,,,,,,,0.0,0.0,99.5,,,,0.0,0.3,100.0,0.0
2016-10-04,0.0,10.0,96.0,,,,,,,,,,0.0,0.3,100.0,0.0
2016-10-05,,,,,,,,,,,,,0.0,0.5,100.0,0.0
2016-10-06,0.0,11.8,99.1,,,,,,,,,,0.0,0.5,100.0,0.0
2016-10-07,,,,,,,,,,,,,0.0,0.7,100.0,0.0
2016-10-08,,,,,,,,,,,,,0.0,0.7,100.0,0.0
2016-10-09,,,,,,,,,,,,,0.0,1.1,100.0,0.0
2016-10-10,,,,,,,,,,,,,0.0,1.5,100.0,0.0
2016-10-11,0.0,6.6,97.4,,,,,,,,,,0.0,2.2,100.0,0.0
2016-10-12,0.0,5.9,95.3,0.0,0.0,100.0,,,,,,,0.0,1.9,100.0,0.0
2016-10-13,,,,,,,,,,,,,0.0,2.0,100.0,0.0
2016-10-14,,,,,,,,,,,,,0.0,2.0,100.0,0.0
2016-10-15,,,,,,,,,,,,,0.0,1.9,100.0,0.0
2016-10-16,0.0,5.1,93.8,,,,,,,,,,0.0,1.8,100.0,0.0
2016-10-17,,,,,,,,,,,,,0.0,1.7,100.0,0.0
2016-10-18,0.0,6.0,97.4,,,,,,,,,,0.0,1.9,100.0,0.0
2016-10-19,,,,,,,,,,,,,0.0,3.1,100.0,0.0
2016-10-20,,,,,,,,,,,,,0.0,3.3,100.0,0.0
2016-10-21,,,,,,,,,,,,,0.0,2.1,100.0,0.0
2016-10-22,,,,0.0,0.0,100.0,,,,,,,0.0,1.9,100.0,0.0
2016-10-23,0.0,3.0,95.4,,,,,,,,,,0.0,1.9,100.0,0.0
2016-10-24,0.0,3.1,98.6,,,,,,,,,,0.0,1.6,100.0,0.0
2016-10-25,,,,,,,,,,,,,0.0,1.3,100.0,0.0
2016-10-26,,,,,,,,,,,,,0.0,1.3,100.0,0.0
2016-10-27,,,,,,,,,,,,,0.0,1.3,100.0,0.0
2016-10-28,0.0,2.0,97.3,,,,,,,,,,0.0,1.1,100.0,0.0
2016-10-29,,,,,,,,,,,,,0.0,0.9,100.0,0.0
2016-10-30,0.0,2.7,99.4,,,,,,,,,,0.0,0.9,100.0,0.0
2016-10-31,,,,,,,,,,,,,0.0,0.9,100.0,0.0
2016-11-01,,,,0.0,0.0,100.0,,,,,,,0.0,0.5,100.0,0.0
2016-11-02,,,,,,,,,,,,,0.0,0.5,100.0,0.0
2016-11-03,,,,,,,,,,,,,0.0,0.6,100.0,0.0
2016-11-04,0.0,2.2,98.5,,,,0.0,0.0,100.0,,,,0.0,0.6,100.0,0.0
2016-11-05,0.0,3.0,97.5,,,,,,,,,,0.0,0.5,100.0,0.0
2016-11-06,,,,,,,,,,,,,0.0,0.6,100.0,0.0
2016-11-07,,,,,,,,,,,,,0.0,0.7,100.0,0.0
2016-11-08,,,,,,,,,,,,,0.0,1.1,100.0,0.0
2016-11-09,0.0,3.3,98.4,,,,,,,,,,0.0,1.3,100.0,0.0
2016-11-10,,,,,,,,,,,,,0.0,1.9,100.0,0.0
2016-11-11,0.0,3.7,97.7,,,,,,,,,,0.0,2.4,100.0,0.0
2016-11-12,,,,,,,,,,,,,0.0,4.5,100.0,0.0
2016-11-13,,,,,,,,,,,,,0.0,5.9,100.0,0.0
2016-11-14,,,,,,,,,,,,,0.0,8.2,100.0,0.0
2016-11-15,,,,,,,,,,,,,0.0,8.6,100.0,0.0
2016-11-16,0.0,4.8,99.4,,,,,,,,,,0.0,11.1,100.0,0.0
2016-11-17,0.0,5.7,99.7,,,,,,,,,,0.1,12.8,100.0,0.1
2016-11-18,,,,,,,,,,,,,1.1,15.3,100.0,1.1
2016-11-19,,,,,,,,,,,,,2.4,16.1,100.0,2.4
2016-11-20,,,,,,,,,,,,,8.7,20.8,100.0,8.7
2016-11-21,0.2,8.4,99.8,,,,,,,,,,10.6,22.1,100.0,10.6
2016-11-22,,,,,,,,,,,,,12.5,25.9,100.0,12.5
2016-11-23,0.3,8.3,99.8,,,,,,,,,,13.8,27.4,100.0,13.8
2016-11-24,,,,,,,,,,,,,15.0,30.4,100.0,15.0
2016-11-25,,,,,,,,,,,,,16.2,32.4,100.0,16.2
2016-11-26,,,,,,,,,,,,,18.6,37.7,100.0,18.6
2016-11-27,,,,,,,59.4,52.4,99.7,,,,33.0,44.4,100.0,33.0
2016-11-28,1.5,12.6,99.0,,,,,,,,,,42.7,49.6,100.0,42.7
2016-11-29,3.7,15.9,98.5,,,,,,,,,,51.8,54.3,100.0,51.8
2016-11-30,,,,,,,,,,,,,63.6,63.2,100.0,63.6
2016-12-01,,,,15.2,25.0,100.0,,,,,,,73.0,69.6,100.0,73.0
2016-12-02,,,,,,,,,,,,,82.6,71.7,100.0,82.6
2016-12-03,10.7,26.6,96.8,,,,,,,,,,92.0,76.8,100.0,92.0
2016-12-04,,,,,,,,,,,,,96.3,79.5,100.0,96.3
2016-12-05,28.1,35.2,98.6,,,,,,,,,,99.9,84.0,100.0,99.9
2016-12-06,,,,,,,100.0,97.4,100.0,,,,100.0,86.9,100.0,100.0
2016-12-07,,,,,,,,,,,,,100.0,88.0,100.0,100.0
2016-12-08,,,,,,,,,,,,,100.0,90.3,100.0,100.0
2016-12-09,,,,,,,,,,,,,100.0,91.6,100.0,100.0
2016-12-10,59.9,45.9,97.4,,,,,,,,,,100.0,92.0,100.0,100.0
2016-12-11,86.9,60.5,98.6,81.4,75.6,100.0,,,,,,,100.0,93.1,100.0,100.0
2016-12-12,,,,,,,,,,,,,100.0,92.7,100.0,100.0
2016-12-13,,,,,,,,,,,,,100.0,93.7,100.0,100.0
2016-12-14,,,,,,,,,,,,,100.0,93.3,100.0,100.0
2016-12-15,89.3,63.1,96.2,,,,,,,,,,100.0,94.2,100.0,100.0
2016-12-16,,,,,,,,,,,,,100.0,94.9,100.0,100.0
2016-12-17,93.3,67.6,98.9,,,,,,,,,,100.0,95.7,100.0,100.0
2016-12-18,,,,,,,,,,,,,100.0,95.6,100.0,100.0
2016-12-19,,,,,,,,,,,,,100.0,96.5,100.0,100.0
2016-12-20,,,,,,,,,,,,,100.0,96.7,100.0,100.0
2016-12-21,,,,99.8,91.6,85.0,,,,,,,100.0,97.1,100.0,100.0
2016-12-22,87.8,62.3,97.1,,,,100.0,99.9,99.4,,,,100.0,97.6,100.0,100.0
2016-12-23,94.6,70.5,97.3,,,,,,,,,,100.0,97.5,100.0,100.0
2016-12-24,,,,,,,,,,,,,100.0,97.4,100.0,100.0
2016-12-25,,,,,,,,,,,,,100.0,97.5,100.0,100.0
2016-12-26,,,,,,,,,,,,,100.0,97.5,100.0,100.0
2016-12-27,92.0,67.6,95.4,,,,,,,,,,100.0,97.6,100.0,100.0
2016-12-28,,,,,,,,,,,,,100.0,96.5,100.0,100.0
2016-12-29,95.5,71.5,97.6,,,,100.0,100.0,99.2,,,,100.0,97.2,100.0,100.0
2016-12-30,,,,,,,,,,,,,100.0,96.5,100.0,100.0
2016-12-31,,,,98.3,88.2,99.3,,,,,,,100.0,96.8,100.0,100.0
2017-01-01,,,,,,,,,,,,,100.0,97.7,100.0,100.0
2017-01-02,,,,,,,,,,,,,100.0,97.4,100.0,100.0
2017-01-03,94.9,73.4,96.7,,,,,,,,,,100.0,97.3,100.0,100.0
2017-01-04,98.0,79.2,97.2,,,,,,,,,,100.0,97.8,100.0,100.0
2017-01-05,,,,,,,,,,,,,100.0,97.4,100.0,100.0
2017-01-06,,,,,,,,,,,,,100.0,97.4,100.0,100.0
2017-01-07,,,,,,,100.0,100.0,100.0,,,,100.0,98.0,100.0,100.0
2017-01-08,98.1,85.2,94.3,,,,,,,,,,100.0,98.0,100.0,100.0
2017-01-09,,,,,,,,,,,,,100.0,97.7,100.0,100.0
2017-01-10,99.5,90.1,96.8,,,,,,,,,,100.0,98.1,100.0,100.0
2017-01-11,,,,,,,,,,,,,100.0,97.3,100.0,100.0
2017-01-12,,,,,,,,,,,,,100.0,97.5,100.0,100.0
2017-01-13,,,,,,,,,,,,,100.0,97.1,100.0,100.0
2017-01-14,99.8,93.8,95.3,,,,,,,,,,100.0,97.7,100.0,100.0
2017-01-15,100.0,96.0,97.8,,,,,,,,,,100.0,97.4,100.0,100.0
2017-01-16,100.0,97.6,96.7,,,,,,,,,,100.0,97.5,100.0,100.0
2017-01-17,,,,,,,,,,,,,100.0,97.8,100.0,100.0
2017-01-18,,,,,,,,,,,,,100.0,98.2,100.0,100.0
2017-01-19,,,,,,,,,,,,,100.0,98.3,100.0,100.0
2017-01-20,100.0,98.2,94.9,,,,,,,,,,100.0,99.0,100.0,100.0
2017-01-21,100.0,98.0,72.9,,,,,,,,,,100.0,99.1,100.0,100.0
2017-01-22,100.0,98.6,95.8,,,,,,,,,,100.0,99.2,100.0,100.0
2017-01-23,,,,,,,100.0,100.0,100.0,,,,100.0,99.3,100.0,100.0
2017-01-24,,,,,,,,,,,,,100.0,99.3,100.0,100.0
2017-01-25,,,,,,,,,,,,,100.0,99.3,100.0,100.0
2017-01-26,100.0,98.9,95.2,,,,,,,,,,100.0,99.4,100.0,100.0
2017-01-27,100.0,98.8,95.4,,,,,,,,,,100.0,99.1,100.0,100.0
2017-01-28,100.0,98.5,94.1,,,,,,,,,,100.0,99.1,100.0,100.0
2017-01-29,,,,,,,,,,,,,100.0,98.8,100.0,100.0
2017-01-30,,,,,,,,,,,,,100.0,98.8,100.0,100.0
2017-01-31,,,,,,,,,,,,,100.0,97.9,100.0,100.0
2017-02-01,100.0,98.7,98.8,,,,,,,,,,100.0,98.0,100.0,100.0
2017-02-02,100.0,98.5,75.5,,,,,,,,,,100.0,97.3,100.0,100.0
2017-02-03,99.9,98.5,96.2,,,,,,,,,,100.0,97.6,100.0,100.0
2017-02-04,,,,,,,,,,,,,100.0,96.2,100.0,100.0
2017-02-05,,,,,,,,,,,,,100.0,97.3,100.0,100.0
2017-02-06,,,,,,,,,,,,,100.0,97.1,100.0,100.0
2017-02-07,100.0,98.7,96.1,,,,,,,,,,100.0,98.2,100.0,100.0
2017-02-08,100.0,98.2,96.7,,,,,,,,,,100.0,98.0,100.0,100.0
2017-02-09,100.0,98.5,95.3,,,,,,,,,,100.0,98.7,100.0,100.0
2017-02-10,,,,,,,,,,,,,100.0,98.5,100.0,100.0
2017-02-11,,,,,,,,,,,,,100.0,98.9,100.0,100.0
2017-02-12,,,,,,,,,,,,,100.0,99.1,100.0,100.0
2017-02-13,100.0,99.2,66.0,,,,,,,,,,100.0,99.4,100.0,100.0
2017-02-14,100.0,98.5,83.2,,,,,,,,,,100.0,99.4,100.0,100.0
2017-02-15,100.0,98.4,95.8,,,,100.0,100.0,99.9,,,,100.0,99.7,100.0,100.0
2017-02-16,,,,,,,,,,,,,100.0,99.5,100.0,100.0
2017-02-17,,,,,,,,,,,,,100.0,99.6,100.0,100.0
2017-02-18,,,,,,,,,,,,,100.0,99.6,100.0,100.0
2017-02-19,100.0,98.6,96.2,100.0,99.3,100.0,,,,,,,100.0,99.6,100.0,100.0
2017-02-20,100.0,99.6,20.0,,,,,,,,,,100.0,99.4,100.0,100.0
2017-02-21,100.0,98.6,97.7,,,,,,,,,,100.0,99.5,100.0,100.0
2017-02-22,,,,,,,,,,,,,100.0,99.4,100.0,100.0
2017-02-23,,,,,,,,,,,,,100.0,99.3,100.0,100.0
2017-02-24,,,,,,,,,,,,,100.0,99.0,100.0,100.0
2017-02-25,100.0,98.6,98.0,,,,,,,,,,100.0,99.2,100.0,100.0
2017-02-26,100.0,98.1,73.9,,,,,,,,,,100.0,99.0,100.0,100.0
2017-02-27,100.0,97.9,97.2,,,,,,,,,,100.0,98.8,100.0,100.0
2017-02-28,,,,,,,,,,,,,100.0,98.1,100.0,100.0
2017-03-01,,,,,,,,,,,,,100.0,98.2,100.0,100.0
2017-03-02,,,,,,,,,,,,,100.0,98.0,100.0,100.0
2017-03-03,100.0,97.6,97.9,,,,,,,,,,100.0,98.3,100.0,100.0
2017-03-04,100.0,97.9,97.9,,,,,,,,,,100.0,98.1,100.0,100.0
2017-03-05,100.0,96.6,92.7,,,,,,,,,,100.0,98.5,100.0,100.0
2017-03-06,,,,,,,,,,,,,100.0,98.7,100.0,100.0
2017-03-07,,,,,,,,,,,,,100.0,98.9,100.0,100.0
2017-03-08,,,,,,,,,,,,,100.0,98.9,100.0,100.0
2017-03-09,100.0,96.7,98.4,,,,,,,,,,100.0,99.4,100.0,100.0
2017-03-10,100.0,94.8,98.4,,,,,,,,,,100.0,99.5,100.0,100.0
2017-03-11,100.0,94.3,99.3,100.0,99.3,100.0,,,,,,,100.0,99.6,100.0,100.0
2017-03-12,,,,,,,100.0,100.0,97.9,,,,100.0,99.6,100.0,100.0
2017-03-13,,,,,,,,,,,,,100.0,99.6,100.0,100.0
2017-03-14,,,,,,,,,,,,,100.0,99.5,100.0,100.0
2017-03-15,100.0,91.9,99.0,,,,,,,,,,100.0,99.6,100.0,100.0
2017-03-16,100.0,85.5,98.9,,,,,,,,,,100.0,99.4,100.0,100.0
2017-03-17,99.0,79.9,99.7,,,,,,,,,,100.0,99.4,100.0,100.0
2017-03-18,,,,,,,,,,,,,100.0,99.2,100.0,100.0
2017-03-19,,,,,,,100.0,100.0,30.6,,,,100.0,99.2,100.0,100.0
2017-03-20,,,,,,,,,,,,,100.0,98.7,100.0,100.0
2017-03-21,93.6,70.1,99.4,100.0,99.9,100.0,,,,,,,100.0,98.9,100.0,100.0
2017-03-22,,,,,,,,,,,,,100.0,97.8,100.0,100.0
2017-03-23,86.2,61.1,99.5,,,,,,,,,,100.0,97.8,100.0,100.0
2017-03-24,,,,,,,,,,,,,100.0,96.4,100.0,100.0
2017-03-25,,,,,,,,,,,,,100.0,96.0,100.0,100.0
2017-03-26,,,,,,,,,,,,,100.0,94.5,100.0,100.0
2017-03-27,62.5,48.1,99.2,,,,,,,,,,100.0,94.5,100.0,100.0
2017-03-28,66.0,48.2,99.8,,,,,,,,,,99.4,90.9,100.0,99.4
2017-03-29,51.3,42.0,99.8,,,,,,,,,,99.5,91.5,100.0,99.5
2017-03-30,,,,,,,,,,,,,99.8,92.0,100.0,99.8
2017-03-31,,,,100.0,99.1,100.0,,,,,,,99.9,93.3,100.0,99.9
2017-04-01,,,,,,,,,,,,,100.0,91.9,100.0,100.0
2017-04-02,53.1,44.3,99.7,,,,,,,,,,100.0,93.0,100.0,100.0
2017-04-03,93.4,70.4,98.9,,,,,,,,,,100.0,93.5,100.0,100.0
2017-04-04,95.9,79.5,98.7,,,,,,,,,,100.0,94.7,100.0,100.0
2017-04-05,,,,,,,,,,,,,100.0,95.1,100.0,100.0
2017-04-06,,,,,,,,,,,,,100.0,96.1,100.0,100.0
2017-04-07,,,,,,,,,,,,,100.0,96.7,100.0,100.0
2017-04-08,99.1,86.5,99.0,,,,,,,,,,100.0,97.5,100.0,100.0
2017-04-09,99.5,88.7,98.8,,,,,,,,,,100.0,97.7,100.0,100.0
2017-04-10,99.8,93.0,98.8,100.0,99.7,100.0,,,,,,,100.0,98.6,100.0,100.0
2017-04-11,,,,,,,,,,,,,100.0,98.4,100.0,100.0
2017-04-12,,,,,,,,,,,,,100.0,98.6,100.0,100.0
2017-04-13,,,,,,,100.0,99.8,99.0,,,,100.0,98.8,100.0,100.0
2017-04-14,99.1,92.8,96.5,,,,,,,,,,100.0,98.8,100.0,100.0
2017-04-15,98.2,91.1,97.9,,,,,,,,,,100.0,98.7,100.0,100.0
2017-04-16,97.8,89.4,99.2,,,,,,,,,,100.0,98.8,100.0,100.0
2017-04-17,,,,,,,,,,,,,100.0,98.4,100.0,100.0
2017-04-18,,,,,,,,,,,,,100.0,98.4,100.0,100.0
2017-04-19,,,,,,,,,,,,,100.0,98.2,100.0,100.0
2017-04-20,97.6,89.6,99.0,100.0,99.4,100.0,,,,,,,100.0,98.8,100.0,100.0
2017-04-21,96.8,86.9,98.9,,,,,,,,,,100.0,98.1,100.0,100.0
2017-04-22,96.8,86.1,99.1,,,,,,,,,,100.0,98.1,100.0,100.0
2017-04-23,,,,,,,,,,,,,100.0,97.4,100.0,100.0
2017-04-24,,,,,,,,,,,,,100.0,97.7,100.0,100.0
2017-04-25,,,,,,,,,,,,,100.0,97.2,100.0,100.0
2017-04-26,92.7,79.4,99.1,,,,,,,,,,100.0,97.7,100.0,100.0
2017-04-27,91.5,77.6,99.4,,,,,,,,,,100.0,97.4,100.0,100.0
2017-04-28,90.0,75.6,99.3,,,,,,,,,,100.0,97.8,100.0,100.0
2017-04-29,,,,,,,99.9,98.1,94.4,,,,100.0,97.6,100.0,100.0
2017-04-30,,,,100.0,99.7,100.0,,,,,,,100.0,98.0,100.0,100.0
2017-05-01,,,,,,,,,,,,,100.0,97.5,100.0,100.0
2017-05-02,90.6,77.8,99.3,,,,,,,,,,100.0,97.6,100.0,100.0
2017-05-03,85.7,71.6,99.1,,,,,,,,,,100.0,97.3,100.0,100.0
2017-05-04,86.0,71.4,99.4,,,,,,,,,,100.0,97.1,100.0,100.0
2017-05-05,,,,100.0,99.3,100.0,,,,,,,100.0,97.2,100.0,100.0
2017-05-06,,,,,,,,,,,,,100.0,96.5,100.0,100.0
2017-05-07,,,,,,,,,,,,,100.0,95.6,100.0,100.0
2017-05-08,84.2,70.1,99.2,,,,,,,,,,100.0,95.5,100.0,100.0
2017-05-09,88.7,71.9,99.3,,,,,,,,,,100.0,94.7,100.0,100.0
2017-05-10,89.9,75.3,99.2,100.0,91.1,100.0,,,,,,,100.0,94.0,100.0,100.0
2017-05-11,,,,,,,,,,,,,99.6,90.4,100.0,99.6
2017-05-12,,,,,,,,,,,,,99.1,88.5,100.0,99.1
2017-05-13,,,,,,,,,,,,,96.4,84.2,100.0,96.4
2017-05-14,81.8,67.2,98.0,,,,,,,,,,90.1,80.0,100.0,90.1
2017-05-15,71.2,58.5,98.4,,,,90.7,73.1,59.4,,,,79.3,72.3,100.0,79.3
2017-05-16,63.7,52.9,98.9,,,,,,,,,,75.1,69.3,100.0,75.1
2017-05-17,,,,,,,,,,,,,57.8,59.9,100.0,57.8
2017-05-18,,,,,,,,,,,,,46.4,54.5,100.0,46.4
2017-05-19,,,,,,,,,,,,,26.5,44.3,100.0,26.5
2017-05-20,61.0,50.3,98.5,,,,,,,,,,23.8,41.7,100.0,23.8
2017-05-21,42.4,37.9,98.6,,,,,,,,,,12.7,31.5,100.0,12.7
2017-05-22,35.8,31.0,97.9,,,,,,,,,,5.2,24.2,100.0,5.2
2017-05-23,,,,,,,,,,,,,1.1,19.3,100.0,1.1
2017-05-24,,,,,,,,,,,,,0.0,14.9,100.0,0.0
2017-05-25,,,,,,,,,,,,,0.0,10.9,100.0,0.0
2017-05-26,31.4,27.1,96.9,,,,,,,,,,0.0,6.3,100.0,0.0
2017-05-27,21.0,20.3,96.8,,,,,,,,,,0.0,5.3,100.0,0.0
2017-05-28,21.1,19.8,94.2,,,,,,,,,,0.0,4.0,100.0,0.0
2017-05-29,,,,,,,,,,,,,0.0,4.3,100.0,0.0
2017-05-30,,,,,,,,,,,,,0.0,3.8,100.0,0.0
2017-05-31,,,,,,,,,,,,,0.0,4.6,100.0,0.0
2017-06-01,5.2,10.6,51.1,,,,,,,,,,0.0,4.6,100.0,0.0
2017-06-02,13.0,16.2,97.3,,,,,,,,,,0.0,4.3,100.0,0.0
2017-06-03,4.0,12.2,94.1,,,,,,,,,,0.0,4.1,100.0,0.0
2017-06-04,,,,,,,,,,,,,0.0,4.9,100.0,0.0
2017-06-05,,,,,,,,,,,,,0.0,3.5,100.0,0.0
2017-06-06,,,,,,,,,,,,,0.0,3.1,100.0,0.0
2017-06-07,4.7,12.3,97.8,,,,,,,,,,0.0,3.1,100.0,0.0
2017-06-08,1.3,9.7,98.2,,,,,,,,,,0.0,3.1,100.0,0.0
2017-06-09,2.1,10.6,94.6,,,,,,,,,,0.0,2.6,100.0,0.0
2017-06-10,,,,,,,,,,,,,0.0,1.6,100.0,0.0
2017-06-11,,,,,,,,,,,,,0.0,1.2,100.0,0.0
2017-06-12,,,,,,,,,,,,,0.0,1.1,100.0,0.0
2017-06-13,2.2,10.5,53.4,,,,,,,,,,0.0,0.7,100.0,0.0
2017-06-14,1.0,11.2,97.2,,,,,,,,,,0.0,0.6,100.0,0.0
2017-06-15,2.6,11.2,97.0,,,,,,,,,,0.0,0.5,100.0,0.0
2017-06-16,,,,,,,0.0,0.0,87.2,,,,0.0,0.6,100.0,0.0
2017-06-17,,,,,,,,,,,,,0.0,0.6,100.0,0.0
2017-06-18,,,,,,,,,,,,,0.0,0.6,100.0,0.0
2017-06-19,8.8,15.4,95.6,0.0,0.5,100.0,,,,,,,0.0,0.6,100.0,0.0
2017-06-20,9.5,17.0,96.4,,,,,,,,,,0.0,0.7,100.0,0.0
2017-06-21,,,,,,,,,,,,,0.0,0.6,100.0,0.0
2017-06-22,,,,,,,,,,,,,0.0,0.7,100.0,0.0
2017-06-23,,,,,,,,,,,,,0.0,0.7,100.0,0.0
2017-06-24,,,,,,,,,,,,,0.0,1.3,100.0,0.0
2017-06-25,,,,,,,,,,,,,0.0,1.5,100.0,0.0
2017-06-26,14.6,17.3,97.6,,,,,,,,,,0.0,1.7,100.0,0.0
2017-06-27,7.2,13.7,97.2,,,,,,,,,,0.0,2.5,100.0,0.0
2017-06-28,,,,,,,,,,,,,0.0,2.6,100.0,0.0
2017-06-29,,,,,,,,,,,,,0.0,2.6,100.0,0.0
2017-06-30,,,,,,,,,,,,,0.0,2.2,100.0,0.0
2017-07-01,9.2,14.8,96.4,,,,,,,,,,0.0,2.4,100.0,0.0
2017-07-02,7.1,13.2,97.8,,,,,,,,,,0.0,3.5,100.0,0.0
2017-07-03,9.8,15.5,95.9,,,,,,,,,,0.0,2.8,100.0,0.0
2017-07-04,,,,0.0,0.0,100.0,,,,,,,0.0,2.0,100.0,0.0
2017-07-05,,,,,,,,,,,,,0.0,1.7,100.0,0.0
2017-07-06,,,,,,,,,,,,,0.0,1.7,100.0,0.0
2017-07-07,,,,,,,,,,,,,0.0,1.6,100.0,0.0
2017-07-08,,,,,,,,,,,,,0.0,1.4,100.0,0.0
2017-07-09,9.3,15.0,98.2,,,,,,,,,,0.0,1.2,100.0,0.0
2017-07-10,,,,,,,,,,,,,0.0,1.2,100.0,0.0
2017-07-11,,,,,,,,,,,,,0.0,1.5,100.0,0.0
2017-07-12,,,,,,,,,,,,,0.0,1.6,100.0,0.0
2017-07-13,11.2,19.0,96.8,,,,,,,,,,0.0,1.6,100.0,0.0
2017-07-14,17.6,23.3,97.6,0.0,0.0,100.0,,,,,,,0.0,1.4,100.0,0.0
2017-07-15,16.6,22.4,96.6,,,,,,,,,,0.0,1.7,100.0,0.0
2017-07-16,,,,,,,,,,,,,0.0,1.8,100.0,0.0
2017-07-17,,,,,,,,,,,,,0.0,1.6,100.0,0.0
2017-07-18,,,,,,,,,,,,,0.0,1.2,100.0,0.0
2017-07-19,18.1,21.2,54.4,0.0,0.0,32.6,,,,,,,0.0,1.2,100.0,0.0
2017-07-20,15.1,20.9,97.6,,,,,,,,,,0.0,1.1,100.0,0.0
2017-07-21,11.7,18.7,97.2,,,,,,,,,,0.0,1.0,100.0,0.0
2017-07-22,,,,,,,,,,,,,0.0,1.3,100.0,0.0
2017-07-23,,,,,,,,,,,,,0.0,1.2,100.0,0.0
2017-07-24,,,,,,,,,,,,,0.0,1.2,100.0,0.0
2017-07-25,13.5,21.3,97.3,,,,,,,,,,0.0,1.2,100.0,0.0
2017-07-26,5.9,16.9,99.1,,,,,,,,,,0.0,1.4,100.0,0.0
2017-07-27,5.6,16.5,97.0,,,,,,,,,,0.0,1.2,100.0,0.0
2017-07-28,,,,,,,,,,,,,0.0,0.9,100.0,0.0
2017-07-29,,,,0.0,0.0,100.0,,,,,,,0.0,0.6,100.0,0.0
2017-07-30,,,,,,,,,,,,,0.0,0.7,100.0,0.0
2017-07-31,3.2,13.9,55.9,,,,,,,,,,0.0,0.5,100.0,0.0
2017-08-01,2.0,11.4,97.1,,,,,,,,,,0.0,0.4,100.0,0.0
2017-08-02,,,,,,,,,,,,,0.0,0.3,100.0,0.0
2017-08-03,,,,,,,,,,,,,0.0,0.4,100.0,0.0
2017-08-04,,,,,,,,,,,,,0.0,0.3,100.0,0.0
2017-08-05,,,,,,,,,,,,,0.0,0.3,100.0,0.0
2017-08-06,2.0,10.4,95.9,,,,,,,,,,0.0,0.4,100.0,0.0
2017-08-07,1.8,8.7,95.5,,,,,,,,,,0.0,0.5,100.0,0.0
2017-08-08,1.5,8.1,93.1,,,,,,,,,,0.0,0.4,100.0,0.0
2017-08-09,,,,,,,,,,,,,0.0,0.5,100.0,0.0
2017-08-10,,,,,,,,,,,,,0.0,0.6,100.0,0.0
2017-08-11,,,,,,,,,,,,,0.0,1.0,100.0,0.0
2017-08-12,2.5,9.8,55.7,,,,,,,,,,0.0,0.6,100.0,0.0
2017-08-13,1.7,7.5,97.8,0.0,0.0,96.5,,,,,,,0.0,0.5,100.0,0.0
2017-08-14,0.9,6.3,97.3,,,,,,,,,,0.0,0.5,100.0,0.0
2017-08-15,,,,,,,,,,,,,0.0,0.5,100.0,0.0
2017-08-16,,,,,,,,,,,,,0.0,0.5,100.0,0.0
2017-08-17,,,,,,,,,,,,,0.0,0.5,100.0,0.0
2017-08-18,1.3,7.9,97.6,0.0,0.0,94.1,,,,,,,0.0,0.3,100.0,0.0
2017-08-19,1.7,8.0,98.4,,,,,,,,,,0.0,0.2,100.0,0.0
2017-08-20,2.6,8.9,97.6,,,,,,,,,,0.0,0.2,100.0,0.0
2017-08-21,,,,,,,,,,,,,0.0,0.2,100.0,0.0
2017-08-22,,,,,,,,,,,,,0.0,0.1,100.0,0.0
2017-08-23,,,,0.0,0.0,100.0,,,,,,,0.0,0.0,100.0,0.0
2017-08-24,6.1,11.4,56.7,,,,,,,,,,0.0,0.0,100.0,0.0
2017-08-25,0.1,6.0,97.9,,,,,,,,,,0.0,0.0,100.0,0.0
2017-08-26,0.2,5.5,96.6,,,,0.0,0.0,98.3,,,,0.0,0.0,100.0,0.0
2017-08-27,,,,,,,,,,,,,0.0,0.0,100.0,0.0
2017-08-28,,,,,,,,,,,,,0.0,0.0,100.0,0.0
2017-08-29,,,,,,,,,,,,,0.0,0.0,100.0,0.0
2017-08-30,0.2,5.3,96.8,,,,,,,,,,0.0,0.0,100.0,0.0
2017-08-31,0.0,4.2,95.1,,,,,,,,,,0.0,0.1,100.0,0.0
2017-09-01,0.0,3.6,94.2,,,,,,,,,,0.0,0.1,100.0,0.0
2017-09-02,,,,,,,,,,,,,0.0,0.2,100.0,0.0
2017-09-03,,,,,,,,,,,,,0.0,0.3,100.0,0.0
2017-09-04,,,,,,,,,,,,,0.0,0.5,100.0,0.0
2017-09-05,0.0,4.6,53.9,,,,,,,,,,0.0,0.5,100.0,0.0
2017-09-06,0.0,3.1,95.7,,,,,,,,,,0.0,0.5,100.0,0.0
2017-09-07,0.0,3.0,96.1,0.0,0.0,100.0,,,,,,,0.0,0.6,100.0,0.0
2017-09-08,,,,,,,,,,,,,0.0,0.8,100.0,0.0
2017-09-09,,,,,,,,,,,,,0.0,0.8,100.0,0.0
2017-09-10,,,,,,,,,,,,,0.0,0.7,100.0,0.0
2017-09-11,0.1,3.1,95.8,,,,,,,,,,0.0,1.0,100.0,0.0
2017-09-12,0.0,3.4,95.4,,,,,,,,,,0.0,1.2,100.0,0.0
2017-09-13,0.0,3.5,93.8,,,,,,,,,,0.0,1.0,100.0,0.0
2017-09-14,,,,,,,,,,,,,0.0,0.8,100.0,0.0
2017-09-15,,,,,,,,,,,,,0.0,1.1,100.0,0.0
2017-09-16,,,,,,,,,,,,,0.0,1.1,100.0,0.0
2017-09-17,0.0,5.0,54.5,,,,,,,,,,0.0,0.8,100.0,0.0
2017-09-18,0.0,4.1,96.0,,,,,,,,,,0.0,0.6,100.0,0.0
2017-09-19,0.0,4.0,95.8,,,,,,,,,,0.0,0.7,100.0,0.0
2017-09-20,,,,,,,0.0,0.0,53.1,,,,0.0,0.8,100.0,0.0
2017-09-21,,,,,,,,,,,,,0.0,0.7,100.0,0.0
2017-09-22,,,,0.0,0.0,100.0,,,,,,,0.0,0.5,100.0,0.0
2017-09-23,0.0,4.8,94.4,,,,,,,,,,0.0,0.5,100.0,0.0
2017-09-24,0.0,4.9,95.7,,,,,,,,,,0.0,0.6,100.0,0.0
2017-09-25,0.0,5.2,95.0,,,,,,,,,,0.0,0.5,100.0,0.0
2017-09-26,,,,,,,,,,,,,0.0,0.5,100.0,0.0
2017-09-27,,,,,,,,,,,,,0.0,0.6,100.0,0.0
2017-09-28,,,,,,,,,,,,,0.0,0.6,100.0,0.0
2017-09-29,0.7,6.9,53.5,,,,,,,,,,0.0,0.5,100.0,0.0
2017-09-30,0.4,5.1,95.0,,,,,,,,,,0.0,0.6,100.0,0.0
2017-10-01,0.1,4.8,95.5,,,,,,,,,,0.0,0.6,100.0,0.0
2017-10-02,,,,,,,,,,,,,0.0,0.6,100.0,0.0
2017-10-03,,,,,,,,,,,,,0.0,0.4,100.0,0.0
2017-10-04,,,,,,,,,,,,,0.0,0.5,100.0,0.0
2017-10-05,0.5,5.1,95.7,,,,,,,,,,0.0,0.5,100.0,0.0
2017-10-06,0.1,5.1,97.3,,,,0.0,0.0,39.8,,,,0.0,0.5,100.0,0.0
2017-10-07,0.0,5.7,98.0,0.0,0.0,100.0,,,,,,,0.0,0.3,100.0,0.0
2017-10-08,,,,,,,,,,,,,0.0,0.4,100.0,0.0
2017-10-09,,,,,,,,,,,,,0.0,0.3,100.0,0.0
2017-10-10,,,,,,,,,,,,,0.0,0.2,100.0,0.0
2017-10-11,2.3,9.8,52.4,,,,,,,,,,0.0,0.2,100.0,0.0
2017-10-12,3.9,9.8,95.5,,,,,,,,,,0.0,0.2,100.0,0.0
2017-10-13,3.6,11.6,98.2,,,,0.0,0.0,100.0,,,,0.0,0.2,100.0,0.0
2017-10-14,,,,,,,,,,,,,0.0,0.2,100.0,0.0
2017-10-15,,,,,,,,,,,,,0.0,0.2,100.0,0.0
2017-10-16,,,,,,,,,,,,,0.0,0.3,100.0,0.0
2017-10-17,4.6,13.0,96.3,0.0,0.0,100.0,,,,,,,0.0,0.3,100.0,0.0
2017-10-18,7.1,13.4,96.7,,,,,,,,,,0.0,0.4,100.0,0.0
2017-10-19,6.9,13.6,97.0,,,,,,,,,,0.0,0.5,100.0,0.0
2017-10-20,,,,,,,,,,,,,0.0,0.6,100.0,0.0
2017-10-21,,,,,,,,,,,,,0.0,0.8,100.0,0.0
2017-10-22,,,,,,,,,,,,,0.0,1.0,100.0,0.0
2017-10-23,9.9,18.8,52.9,,,,,,,,,,0.0,1.2,100.0,0.0
2017-10-24,3.2,8.3,96.6,,,,,,,,,,0.0,1.2,100.0,0.0
2017-10-25,0.8,6.0,98.5,,,,,,,,,,0.0,1.6,100.0,0.0
2017-10-26,,,,,,,,,,,,,0.0,1.5,100.0,0.0
2017-10-27,,,,0.0,0.0,35.7,,,,,,,0.0,1.5,100.0,0.0
2017-10-28,,,,,,,,,,,,,0.0,1.4,100.0,0.0
2017-10-29,1.7,7.0,69.9,,,,,,,,,,0.0,2.1,100.0,0.0
2017-10-30,0.2,3.7,91.3,,,,,,,,,,0.0,2.4,100.0,0.0
2017-10-31,0.3,3.3,89.8,,,,,,,,,,0.0,1.9,100.0,0.0
2017-11-01,,,,0.0,0.0,100.0,,,,,,,0.0,1.7,100.0,0.0
2017-11-02,,,,,,,,,,,,,0.0,2.1,100.0,0.0
2017-11-03,,,,,,,,,,,,,0.0,2.2,100.0,0.0
2017-11-04,0.0,2.9,51.7,,,,,,,,,,0.0,1.9,100.0,0.0
2017-11-05,0.0,1.7,98.2,,,,,,,,,,0.0,1.8,100.0,0.0
2017-11-06,0.0,1.4,98.8,,,,,,,,,,0.0,2.3,100.0,0.0
2017-11-07,,,,,,,0.0,0.1,46.9,,,,0.0,2.8,100.0,0.0
2017-11-08,,,,,,,,,,,,,0.0,2.4,100.0,0.0
2017-11-09,,,,,,,,,,,,,0.0,3.5,100.0,0.0
2017-11-10,0.0,1.6,96.4,,,,,,,,,,0.0,4.0,100.0,0.0
2017-11-11,0.0,1.8,96.8,,,,,,,,,,0.0,4.3,100.0,0.0
2017-11-12,0.1,2.1,97.0,,,,,,,,,,0.0,4.1,100.0,0.0
2017-11-13,,,,,,,,,,,,,0.0,5.6,100.0,0.0
2017-11-14,,,,,,,0.3,2.3,99.9,,,,0.0,7.7,100.0,0.0
2017-11-15,,,,,,,,,,,,,0.0,9.0,100.0,0.0
2017-11-16,0.2,3.7,48.9,0.0,0.4,99.5,,,,,,,0.0,9.7,100.0,0.0
2017-11-17,0.0,4.0,95.4,,,,,,,,,,0.1,12.1,100.0,0.1
2017-11-18,0.4,5.8,96.3,,,,,,,,,,0.1,17.4,100.0,0.1
2017-11-19,,,,,,,,,,,,,0.2,17.7,100.0,0.2
2017-11-20,,,,,,,,,,,,,0.8,22.3,100.0,0.8
2017-11-21,,,,15.6,21.1,100.0,,,,,,,0.8,23.3,100.0,0.8
2017-11-22,2.8,9.7,96.6,,,,,,,,,,2.6,33.0,100.0,2.6
2017-11-23,12.9,16.3,97.3,,,,,,,,,,2.6,34.6,100.0,2.6
2017-11-24,22.6,22.7,98.0,,,,,,,,,,8.0,41.9,100.0,8.0
2017-11-25,,,,,,,,,,,,,4.4,42.5,100.0,4.4
2017-11-26,,,,,,,,,,,,,18.9,50.2,100.0,18.9
2017-11-27,,,,,,,,,,,,,23.5,52.7,100.0,23.5
2017-11-28,36.2,32.4,77.8,,,,,,,,,,61.3,60.9,100.0,61.3
2017-11-29,52.1,46.1,98.9,,,,,,,,,,71.2,65.8,100.0,71.2
2017-11-30,57.6,50.9,98.5,,,,,,,,,,99.3,76.0,100.0,99.3
2017-12-01,,,,100.0,96.1,49.3,,,,,,,99.9,79.3,100.0,99.9
2017-12-02,,,,,,,,,,,,,99.9,84.0,100.0,99.9
2017-12-03,,,,,,,,,,,,,99.9,85.4,100.0,99.9
2017-12-04,65.7,58.6,98.6,,,,,,,,,,99.9,88.4,100.0,99.9
2017-12-05,68.5,59.4,97.8,,,,,,,,,,99.9,88.9,100.0,99.9
2017-12-06,71.1,62.0,97.9,100.0,97.7,100.0,,,,,,,99.9,91.1,100.0,99.9
2017-12-07,,,,,,,,,,,,,99.9,90.0,100.0,99.9
2017-12-08,,,,,,,,,,,,,99.9,90.5,100.0,99.9
2017-12-09,,,,,,,,,,,,,100.0,90.4,100.0,100.0
2017-12-10,85.4,71.3,77.0,,,,,,,,,,100.0,91.6,100.0,100.0
2017-12-11,78.1,66.1,98.8,,,,,,,,,,100.0,92.0,100.0,100.0
2017-12-12,80.5,67.9,98.7,,,,,,,,,,100.0,92.0,100.0,100.0
2017-12-13,,,,,,,,,,,,,100.0,91.3,100.0,100.0
2017-12-14,,,,,,,,,,,,,100.0,91.5,100.0,100.0
2017-12-15,,,,,,,,,,,,,100.0,91.3,100.0,100.0
2017-12-16,77.4,65.0,97.9,,,,,,,,,,100.0,93.0,100.0,100.0
2017-12-17,76.3,64.9,97.8,,,,,,,,,,100.0,93.4,100.0,100.0
2017-12-18,76.5,65.8,96.5,,,,,,,,,,100.0,94.5,100.0,100.0
2017-12-19,,,,,,,,,,,,,100.0,95.3,100.0,100.0
2017-12-20,,,,,,,,,,,,,100.0,96.0,100.0,100.0
2017-12-21,,,,100.0,99.1,100.0,,,,,,,100.0,96.7,100.0,100.0
2017-12-22,79.3,68.3,76.4,,,,,,,,,,100.0,97.0,100.0,100.0
2017-12-23,74.4,64.5,97.5,,,,,,,,,,100.0,97.2,100.0,100.0
2017-12-24,74.3,64.5,95.3,,,,,,,,,,100.0,97.1,100.0,100.0
2017-12-25,,,,,,,100.0,100.0,63.4,,,,100.0,97.4,100.0,100.0
2017-12-26,,,,,,,,,,,,,100.0,97.4,100.0,100.0
2017-12-27,,,,,,,,,,,,,100.0,97.7,100.0,100.0
2017-12-28,85.0,71.7,98.3,,,,,,,,,,100.0,97.7,100.0,100.0
2017-12-29,89.3,72.5,96.9,,,,,,,,,,100.0,97.7,100.0,100.0
2017-12-30,93.4,76.9,96.2,,,,,,,,,,100.0,97.8,100.0,100.0
2017-12-31,,,,99.8,98.5,100.0,,,,,,,100.0,98.0,100.0,100.0
2018-01-01,,,,,,,,,,,,,100.0,90.6,100.0,100.0
2018-01-02,,,,,,,,,,,,,100.0,91.2,100.0,100.0
2018-01-03,99.6,83.2,52.3,,,,,,,,,,100.0,91.9,100.0,100.0
2018-01-04,99.6,85.0,66.6,,,,,,,,,,100.0,92.5,100.0,100.0
2018-01-05,99.4,88.5,67.1,,,,,,,,,,100.0,94.3,100.0,100.0
2018-01-06,,,,,,,,,,,,,100.0,94.7,100.0,100.0
2018-01-07,,,,,,,,,,,,,100.0,95.3,100.0,100.0
2018-01-08,,,,,,,,,,,,,100.0,95.3,100.0,100.0
2018-01-09,99.8,91.4,68.6,,,,,,,,,,100.0,95.9,100.0,100.0
2018-01-10,99.6,91.7,67.7,99.8,99.0,71.9,100.0,99.9,38.1,,,,100.0,96.6,100.0,100.0
2018-01-11,99.9,91.5,64.7,,,,,,,,,,100.0,96.4,100.0,100.0
2018-01-12,,,,,,,,,,,,,99.9,96.2,100.0,99.9
2018-01-13,,,,,,,,,,,,,99.8,96.2,100.0,99.8
2018-01-14,,,,,,,,,,,,,99.9,96.7,100.0,99.9
2018-01-15,100.0,92.8,54.5,99.8,98.8,100.0,,,,,,,99.9,97.1,100.0,99.9
2018-01-16,99.6,90.9,68.9,,,,,,,,,,100.0,96.6,100.0,100.0
2018-01-17,99.6,90.3,68.7,,,,,,,,,,100.0,96.6,100.0,100.0
2018-01-18,,,,,,,,,,,,,100.0,96.8,100.0,100.0
2018-01-19,,,,,,,,,,,,,100.0,97.0,100.0,100.0
2018-01-20,,,,,,,,,,,,,100.0,97.2,100.0,100.0
2018-01-21,99.0,89.7,68.8,,,,,,,,,,100.0,97.6,100.0,100.0
2018-01-22,98.9,89.0,68.8,,,,,,,,,,100.0,97.6,100.0,100.0
2018-01-23,98.6,90.1,69.0,,,,,,,,,,100.0,97.7,100.0,100.0
2018-01-24,,,,,,,,,,,,,100.0,97.5,100.0,100.0
2018-01-25,,,,99.3,98.9,100.0,,,,,,,100.0,98.0,100.0,100.0
2018-01-26,,,,,,,,,,,,,99.9,97.3,100.0,99.9
2018-01-27,99.9,92.1,54.1,,,,,,,,,,100.0,97.3,100.0,100.0
2018-01-28,96.8,88.0,68.9,,,,,,,,,,99.9,96.8,100.0,99.9
2018-01-29,97.1,88.0,66.5,,,,,,,,,,99.9,97.1,100.0,99.9
2018-01-30,,,,98.6,98.3,100.0,,,,,,,99.3,96.9,100.0,99.3
2018-01-31,,,,,,,,,,,,,99.4,96.7,100.0,99.4
2018-02-01,,,,,,,,,,,,,99.0,96.1,100.0,99.0
2018-02-02,97.0,89.0,66.7,,,,,,,,,,99.2,96.7,100.0,99.2
2018-02-03,96.2,87.6,67.6,,,,,,,,,,99.0,96.6,100.0,99.0
2018-02-04,96.2,87.8,64.4,,,,,,,,,,99.2,97.3,100.0,99.2
2018-02-05,,,,,,,,,,,,,99.2,97.2,100.0,99.2
2018-02-06,,,,,,,,,,,,,99.2,97.3,100.0,99.2
2018-02-07,,,,,,,,,,,,,99.2,97.5,100.0,99.2
2018-02-08,99.5,92.1,50.5,,,,,,,,,,99.2,97.7,100.0,99.2
2018-02-09,97.1,90.9,65.7,99.2,98.8,100.0,,,,,,,99.9,98.2,100.0,99.9
2018-02-10,98.6,93.1,64.3,,,,,,,,,,99.6,98.1,100.0,99.6
2018-02-11,,,,,,,,,,,,,100.0,98.0,100.0,100.0
2018-02-12,,,,,,,,,,,,,100.0,98.3,100.0,100.0
2018-02-13,,,,,,,,,,,,,100.0,98.7,100.0,100.0
2018-02-14,99.7,96.0,63.8,99.7,99.0,100.0,,,,,,,100.0,99.0,100.0,100.0
2018-02-15,99.9,96.2,67.1,,,,,,,,,,100.0,99.0,100.0,100.0
2018-02-16,100.0,97.5,67.2,,,,,,,,,,100.0,99.0,100.0,100.0
2018-02-17,,,,,,,,,,,,,100.0,98.9,100.0,100.0
2018-02-18,,,,,,,100.0,100.0,51.2,,,,100.0,99.0,100.0,100.0
2018-02-19,,,,98.8,98.6,100.0,,,,,,,100.0,99.2,100.0,100.0
2018-02-20,100.0,98.7,53.2,,,,,,,,,,100.0,99.1,100.0,100.0
2018-02-21,100.0,97.9,66.6,,,,,,,,,,100.0,99.1,100.0,100.0
2018-02-22,100.0,98.4,66.4,,,,,,,,,,100.0,99.0,100.0,100.0
2018-02-23,,,,,,,,,,,,,100.0,99.1,100.0,100.0
2018-02-24,,,,99.3,98.9,100.0,,,,,,,100.0,99.4,100.0,100.0
2018-02-25,,,,,,,,,,,,,100.0,99.2,100.0,100.0
2018-02-26,100.0,99.0,66.4,,,,,,,,,,100.0,99.2,100.0,100.0
2018-02-27,100.0,98.9,66.5,,,,100.0,100.0,99.0,,,,100.0,99.5,100.0,100.0
2018-02-28,100.0,99.1,64.0,,,,,,,,,,100.0,99.4,100.0,100.0
2018-03-01,,,,,,,,,,,,,100.0,99.4,100.0,100.0
2018-03-02,,,,,,,,,,,,,100.0,99.3,100.0,100.0
2018-03-03,,,,,,,,,,,,,100.0,99.1,100.0,100.0
2018-03-04,100.0,99.3,50.8,,,,,,,,,,100.0,99.0,100.0,100.0
2018-03-05,100.0,99.2,65.2,,,,,,,,,,100.0,98.8,100.0,100.0
2018-03-06,100.0,99.2,65.4,,,,,,,,,,100.0,98.7,100.0,100.0
2018-03-07,,,,,,,,,,,,,100.0,98.3,100.0,100.0
2018-03-08,,,,,,,,,,,,,100.0,98.0,100.0,100.0
2018-03-09,,,,,,,,,,,,,100.0,97.2,100.0,100.0
2018-03-10,100.0,99.3,66.1,,,,,,,,,,100.0,97.8,100.0,100.0
2018-03-11,100.0,99.0,65.6,,,,,,,,,,100.0,97.6,100.0,100.0
2018-03-12,100.0,98.4,63.8,,,,,,,,,,100.0,97.8,100.0,100.0
2018-03-13,,,,,,,,,,,,,100.0,96.7,100.0,100.0
2018-03-14,,,,,,,,,,,,,100.0,97.2,100.0,100.0
2018-03-15,,,,,,,,,,,,,100.0,96.5,100.0,100.0
2018-03-16,,,,99.8,99.4,72.0,,,,,,,100.0,97.9,100.0,100.0
2018-03-17,100.0,96.1,65.8,,,,,,,,,,100.0,96.9,100.0,100.0
2018-03-18,100.0,93.3,62.8,,,,,,,,,,100.0,97.8,100.0,100.0
2018-03-19,,,,,,,,,,,,,100.0,98.0,100.0,100.0
2018-03-20,,,,,,,,,,,,,100.0,98.6,100.0,100.0
2018-03-21,,,,100.0,99.9,100.0,,,,,,,100.0,98.7,100.0,100.0
2018-03-22,99.6,92.5,63.0,,,,100.0,100.0,100.0,,,,100.0,99.0,100.0,100.0
2018-03-23,99.3,89.4,66.0,,,,,,,,,,100.0,98.7,100.0,100.0
2018-03-24,98.1,79.4,62.0,,,,,,,,,,100.0,98.9,100.0,100.0
2018-03-25,,,,,,,,,,,,,100.0,98.6,100.0,100.0
2018-03-26,,,,100.0,99.6,69.8,,,,,,,100.0,98.6,100.0,100.0
2018-03-27,,,,,,,,,,,,,100.0,98.0,100.0,100.0
2018-03-28,98.1,77.3,53.8,,,,,,,,,,100.0,98.1,100.0,100.0
2018-03-29,96.3,74.7,68.7,,,,,,,,,,100.0,97.8,100.0,100.0
2018-03-30,97.3,76.8,67.5,,,,,,,,,,100.0,97.5,100.0,100.0
2018-03-31,,,,,,,,,,,,,100.0,97.0,100.0,100.0
2018-04-01,,,,,,,,,,,,,100.0,97.4,100.0,100.0
2018-04-02,,,,,,,,,,,,,100.0,97.2,100.0,100.0
2018-04-03,96.7,79.2,68.5,,,,,,,,,,100.0,97.4,100.0,100.0
2018-04-04,92.8,71.9,67.1,,,,,,,,,,100.0,97.6,100.0,100.0
2018-04-05,89.4,68.2,65.0,100.0,100.0,40.5,,,,,,,100.0,97.9,100.0,100.0
2018-04-06,,,,,,,,,,,,,100.0,97.4,100.0,100.0
2018-04-07,,,,,,,100.0,100.0,100.0,,,,100.0,98.1,100.0,100.0
2018-04-08,,,,,,,,,,,,,100.0,97.7,100.0,100.0
2018-04-09,78.8,62.0,78.9,,,,,,,,,,100.0,98.2,100.0,100.0
2018-04-10,79.1,61.1,99.7,,,,,,,,,,100.0,98.0,100.0,100.0
2018-04-11,75.2,57.2,99.7,,,,,,,,,,100.0,98.2,100.0,100.0
2018-04-12,,,,,,,,,,,,,100.0,97.8,100.0,100.0
2018-04-13,,,,,,,,,,,,,100.0,98.0,100.0,100.0
2018-04-14,,,,,,,,,,,,,100.0,97.7,100.0,100.0
2018-04-15,70.5,52.6,100.0,100.0,99.6,98.6,,,,,,,100.0,98.2,100.0,100.0
2018-04-16,54.4,43.8,96.4,,,,,,,,,,100.0,97.6,100.0,100.0
2018-04-17,41.3,37.6,94.5,,,,,,,,,,100.0,97.7,100.0,100.0
2018-04-18,,,,,,,,,,,,,100.0,97.2,100.0,100.0
2018-04-19,,,,,,,,,,,,,100.0,97.2,100.0,100.0
2018-04-20,,,,100.0,99.8,100.0,,,,,,,100.0,97.6,100.0,100.0
2018-04-21,17.0,23.7,83.2,,,,,,,,,,100.0,97.3,100.0,100.0
2018-04-22,7.5,14.9,97.9,,,,,,,,,,100.0,96.8,100.0,100.0
2018-04-23,4.6,11.2,93.4,,,,100.0,99.5,100.0,,,,100.0,97.0,100.0,100.0
2018-04-24,,,,,,,,,,,,,100.0,96.5,100.0,100.0
2018-04-25,,,,100.0,99.3,100.0,,,,,,,100.0,97.2,100.0,100.0
2018-04-26,,,,,,,,,,,,,100.0,96.3,100.0,100.0
2018-04-27,10.0,16.3,95.2,,,,,,,,,,100.0,95.7,100.0,100.0
2018-04-28,10.5,16.1,91.8,,,,,,,,,,100.0,95.0,100.0,100.0
2018-04-29,9.5,15.4,90.4,,,,,,,,,,100.0,94.7,100.0,100.0
2018-04-30,,,,100.0,99.4,94.1,,,,,,,100.0,95.2,100.0,100.0
2018-05-01,,,,,,,,,,,,,99.9,93.2,100.0,99.9
2018-05-02,,,,,,,,,,,,,99.9,92.2,100.0,99.9
2018-05-03,19.9,23.2,81.4,,,,,,,,,,99.6,91.5,100.0,99.6
2018-05-04,30.4,31.9,95.1,,,,,,,,,,99.9,92.0,100.0,99.9
2018-05-05,45.8,45.1,99.9,100.0,99.4,100.0,,,,,,,99.5,91.7,100.0,99.5
2018-05-06,,,,,,,,,,,,,99.5,89.8,100.0,99.5
2018-05-07,,,,,,,,,,,,,99.0,89.7,100.0,99.0
2018-05-08,,,,,,,,,,,,,99.7,90.3,100.0,99.7
2018-05-09,53.8,49.5,100.0,,,,,,,,,,99.2,90.0,100.0,99.2
2018-05-10,76.3,62.1,100.0,,,,,,,,,,99.6,90.1,100.0,99.6
2018-05-11,83.7,68.0,99.3,,,,,,,,,,99.7,90.3,100.0,99.7
2018-05-12,,,,,,,,,,,,,100.0,91.0,100.0,100.0
2018-05-13,,,,,,,,,,,,,100.0,91.1,100.0,100.0
2018-05-14,,,,,,,,,,,,,100.0,91.6,100.0,100.0
2018-05-15,90.2,76.6,82.9,100.0,97.2,53.5,,,,,,,100.0,93.1,100.0,100.0
2018-05-16,90.5,77.3,99.7,,,,,,,,,,100.0,93.2,100.0,100.0
2018-05-17,87.8,73.8,99.6,,,,,,,,,,100.0,92.8,100.0,100.0
2018-05-18,,,,,,,99.3,92.0,90.0,,,,100.0,93.1,100.0,100.0
2018-05-19,,,,,,,,,,,,,100.0,91.9,100.0,100.0
2018-05-20,,,,,,,,,,,,,100.0,91.9,100.0,100.0
2018-05-21,89.5,76.2,99.7,,,,,,,,,,100.0,91.0,100.0,100.0
2018-05-22,82.9,69.9,96.4,,,,,,,,,,99.9,89.5,100.0,99.9
2018-05-23,81.7,67.9,94.1,,,,,,,,,,98.3,87.4,100.0,98.3
2018-05-24,,,,,,,,,,,,,97.3,85.2,100.0,97.3
2018-05-25,,,,99.8,90.8,100.0,,,,,,,93.7,83.8,100.0,93.7
2018-05-26,,,,,,,,,,,,,83.3,75.7,100.0,83.3
2018-05-27,80.5,64.1,81.0,,,,,,,,,,72.8,69.6,100.0,72.8
2018-05-28,68.9,54.0,97.5,,,,,,,,,,59.7,63.4,100.0,59.7
2018-05-29,56.2,44.5,98.0,,,,,,,,,,52.7,59.0,100.0,52.7
2018-05-30,,,,97.9,76.3,48.0,,,,,,,40.4,50.1,100.0,40.4
2018-05-31,,,,,,,,,,,,,33.2,43.6,100.0,33.2
2018-06-01,,,,,,,,,,,,,21.6,36.3,100.0,21.6
2018-06-02,33.2,33.0,98.3,,,,,,,,,,19.2,33.6,100.0,19.2
2018-06-03,4.1,19.4,97.7,,,,,,,,,,7.0,24.6,100.0,7.0
2018-06-04,1.2,12.6,96.2,,,,,,,,,,1.6,21.7,100.0,1.6
2018-06-05,,,,,,,,,,,,,0.0,15.5,100.0,0.0
2018-06-06,,,,,,,,,,,,,0.0,13.6,100.0,0.0
2018-06-07,,,,,,,,,,,,,0.0,9.8,100.0,0.0
2018-06-08,0.0,5.9,81.3,,,,,,,,,,0.0,7.4,100.0,0.0
2018-06-09,0.0,3.4,97.0,,,,,,,,,,0.0,5.5,100.0,0.0
2018-06-10,,,,,,,,,,,,,0.0,4.4,100.0,0.0
2018-06-11,,,,,,,,,,,,,0.0,3.4,100.0,0.0
2018-06-12,,,,,,,,,,,,,0.0,3.2,100.0,0.0
2018-06-13,,,,,,,,,,,,,0.0,2.9,100.0,0.0
2018-06-14,0.0,2.2,96.9,0.2,1.1,89.4,,,,,,,0.0,2.7,100.0,0.0
2018-06-15,0.0,1.3,97.5,,,,,,,,,,0.0,2.4,100.0,0.0
2018-06-16,0.0,1.0,93.9,,,,,,,,,,0.0,2.1,100.0,0.0
2018-06-17,,,,,,,,,,,,,0.0,2.6,100.0,0.0
2018-06-18,,,,,,,,,,,,,0.0,2.2,100.0,0.0
2018-06-19,,,,0.0,0.1,99.9,,,,,,,0.0,1.6,100.0,0.0
2018-06-20,0.0,0.8,81.9,,,,,,,,,,0.0,1.1,100.0,0.0
2018-06-21,0.0,0.7,96.7,,,,,,,,,,0.0,1.3,100.0,0.0
2018-06-22,0.0,0.6,97.3,,,,,,,,,,0.0,1.4,100.0,0.0
2018-06-23,,,,,,,,,,,,,0.0,1.4,100.0,0.0
2018-06-24,,,,0.0,0.0,97.9,,,,,,,0.0,1.0,100.0,0.0
2018-06-25,,,,,,,,,,,,,0.0,1.1,100.0,0.0
2018-06-26,0.0,0.5,96.1,,,,,,,,,,0.0,1.0,100.0,0.0
2018-06-27,0.0,0.5,98.0,,,,,,,,,,0.0,1.0,100.0,0.0
2018-06-28,0.0,0.6,97.1,,,,,,,,,,0.0,0.5,100.0,0.0
2018-06-29,,,,,,,,,,,,,0.0,0.6,100.0,0.0
2018-06-30,,,,,,,,,,,,,0.0,0.5,100.0,0.0
2018-07-01,,,,,,,,,,,,,0.0,0.5,100.0,0.0
2018-07-02,0.0,0.6,80.8,,,,,,,,,,0.0,0.5,100.0,0.0
2018-07-03,0.0,0.6,98.7,,,,,,,,,,0.0,0.4,100.0,0.0
2018-07-04,0.0,0.6,97.1,,,,,,,,,,0.0,0.4,100.0,0.0
2018-07-05,,,,,,,,,,,,,0.0,0.3,100.0,0.0
2018-07-06,,,,,,,,,,,,,0.0,0.3,100.0,0.0
2018-07-07,,,,,,,,,,,,,0.0,0.4,100.0,0.0
2018-07-08,0.0,0.7,96.5,,,,,,,,,,0.0,0.3,100.0,0.0
2018-07-09,0.0,0.7,98.6,0.0,0.0,100.0,,,,,,,0.0,0.3,100.0,0.0
2018-07-10,0.0,0.7,98.2,,,,,,,,,,0.0,0.3,100.0,0.0
2018-07-11,,,,,,,,,,,,,0.0,0.3,100.0,0.0
2018-07-12,,,,,,,0.0,0.0,61.9,,,,0.0,0.2,100.0,0.0
2018-07-13,,,,,,,,,,,,,0.0,0.2,100.0,0.0
2018-07-14,0.0,0.8,81.5,,,,,,,,,,0.0,0.2,100.0,0.0
2018-07-15,0.0,0.8,97.7,,,,,,,,,,0.0,0.2,100.0,0.0
2018-07-16,0.0,0.9,99.1,,,,,,,,,,0.0,0.2,100.0,0.0
2018-07-17,,,,,,,,,,,,,0.0,0.2,100.0,0.0
2018-07-18,,,,,,,,,,,,,0.0,0.2,100.0,0.0
2018-07-19,,,,0.0,0.0,99.6,,,,,,,0.0,0.1,100.0,0.0
2018-07-20,0.0,0.9,97.1,,,,,,,,,,0.0,0.2,100.0,0.0
2018-07-21,0.0,0.6,94.6,,,,,,,,,,0.0,0.2,100.0,0.0
2018-07-22,0.0,0.6,95.3,,,,,,,,,,0.0,0.1,100.0,0.0
2018-07-23,,,,,,,,,,,,,0.0,0.1,100.0,0.0
2018-07-24,,,,,,,,,,,,,0.0,0.1,100.0,0.0
2018-07-25,,,,,,,,,,,,,0.0,0.1,100.0,0.0
2018-07-26,0.0,0.7,78.9,,,,,,,,,,0.0,0.1,100.0,0.0
2018-07-27,0.0,0.7,93.7,,,,,,,,,,0.0,0.1,100.0,0.0
2018-07-28,0.0,0.5,94.3,,,,,,,,,,0.0,0.1,100.0,0.0
2018-07-29,,,,0.0,0.0,100.0,,,,,,,0.0,0.1,100.0,0.0
2018-07-30,,,,,,,,,,,,,0.0,0.1,100.0,0.0
2018-07-31,,,,,,,,,,,,,0.0,0.1,100.0,0.0
2018-08-01,0.0,0.5,91.6,,,,,,,,,,0.0,0.1,100.0,0.0
2018-08-02,0.0,0.5,93.2,,,,,,,,,,0.0,0.2,100.0,0.0
2018-08-03,0.0,0.5,92.4,0.0,0.0,97.6,,,,,,,0.0,0.1,100.0,0.0
2018-08-04,,,,,,,,,,0.0,0.4,100.0,0.0,0.2,100.0,0.0
2018-08-05,,,,,,,,,,,,,0.0,0.2,100.0,0.0
2018-08-06,,,,,,,,,,,,,0.0,0.2,100.0,0.0
2018-08-07,0.0,0.3,95.1,,,,,,,,,,0.0,0.2,100.0,0.0
2018-08-08,0.0,0.6,95.9,0.0,0.0,55.6,,,,0.0,0.1,100.0,0.0,0.2,100.0,0.0
2018-08-09,0.0,0.7,96.1,,,,,,,,,,0.0,0.3,100.0,0.0
2018-08-10,,,,,,,,,,0.0,0.0,100.0,0.0,0.4,100.0,0.0
2018-08-11,,,,,,,,,,0.0,0.0,100.0,0.0,0.4,100.0,0.0
2018-08-12,,,,,,,,,,,,,0.0,0.6,100.0,0.0
2018-08-13,0.0,0.5,95.4,,,,,,,,,,0.0,0.3,100.0,0.0
2018-08-14,0.0,0.9,95.1,,,,,,,,,,0.0,0.5,100.0,0.0
2018-08-15,0.0,1.0,95.1,,,,,,,0.0,0.0,100.0,0.0,0.3,100.0,0.0
2018-08-16,,,,,,,,,,,,,0.0,0.6,100.0,0.0
2018-08-17,,,,,,,,,,,,,0.0,0.4,100.0,0.0
2018-08-18,,,,0.0,0.0,100.0,,,,,,,0.0,0.5,100.0,0.0
2018-08-19,0.0,1.3,95.1,,,,,,,,,,0.0,0.4,100.0,0.0
2018-08-20,0.0,1.4,96.4,,,,,,,,,,0.0,0.5,100.0,0.0
2018-08-21,0.0,1.6,92.8,,,,,,,0.0,0.0,100.0,0.0,0.3,100.0,0.0
2018-08-22,,,,,,,,,,,,,0.0,0.4,100.0,0.0
2018-08-23,,,,,,,,,,,,,0.0,0.3,100.0,0.0
2018-08-24,,,,,,,,,,,,,0.0,0.3,100.0,0.0
2018-08-25,0.0,1.7,93.5,,,,,,,,,,0.0,0.3,100.0,0.0
2018-08-26,0.0,1.7,95.8,,,,,,,,,,0.0,0.5,100.0,0.0
2018-08-27,0.0,1.6,95.7,,,,,,,,,,0.0,0.4,100.0,0.0
2018-08-28,,,,0.0,0.0,100.0,,,,0.0,0.0,100.0,0.0,0.3,100.0,0.0
2018-08-29,,,,,,,,,,,,,0.0,0.3,100.0,0.0
2018-08-30,,,,,,,,,,,,,0.0,0.3,100.0,0.0
2018-08-31,0.0,0.8,94.3,,,,,,,,,,0.0,0.4,100.0,0.0
2018-09-01,0.0,0.8,96.0,,,,,,,,,,0.0,0.4,100.0,0.0
2018-09-02,0.0,1.0,95.6,0.0,0.0,100.0,,,,,,,0.0,0.4,100.0,0.0
2018-09-03,,,,,,,,,,,,,0.0,0.4,100.0,0.0
2018-09-04,,,,,,,,,,,,,0.0,0.4,100.0,0.0
2018-09-05,,,,,,,,,,,,,0.0,0.4,100.0,0.0
2018-09-06,0.0,0.7,95.5,,,,,,,,,,0.0,0.4,100.0,0.0
2018-09-07,0.0,0.9,96.5,0.0,0.0,99.2,,,,0.0,0.2,72.9,0.0,0.3,100.0,0.0
2018-09-08,0.0,0.8,95.4,,,,,,,,,,0.0,0.3,100.0,0.0
2018-09-09,,,,,,,,,,0.0,0.3,100.0,0.0,0.1,100.0,0.0
2018-09-10,,,,,,,,,,,,,0.0,0.2,100.0,0.0
2018-09-11,,,,,,,,,,,,,0.0,0.2,100.0,0.0
2018-09-12,0.0,0.7,94.7,0.0,0.0,100.0,,,,,,,0.0,0.1,100.0,0.0
2018-09-13,0.0,0.9,93.9,,,,,,,,,,0.0,0.1,100.0,0.0
2018-09-14,0.1,1.2,95.4,,,,,,,,,,0.0,0.1,100.0,0.0
2018-09-15,,,,,,,,,,,,,0.0,0.1,100.0,0.0
2018-09-16,,,,,,,,,,,,,0.0,0.1,100.0,0.0
2018-09-17,,,,0.0,0.0,98.2,,,,,,,0.0,0.0,100.0,0.0
2018-09-18,0.0,1.3,95.3,,,,,,,,,,0.0,0.0,100.0,0.0
2018-09-19,0.0,1.6,95.8,,,,,,,,,,0.0,0.1,100.0,0.0
2018-09-20,0.0,2.1,93.5,,,,,,,,,,0.0,0.0,100.0,0.0
2018-09-21,,,,,,,,,,,,,0.0,0.0,100.0,0.0
2018-09-22,,,,,,,,,,,,,0.0,0.1,100.0,0.0
2018-09-23,,,,,,,0.0,0.0,99.7,,,,0.0,0.1,100.0,0.0
2018-09-24,0.0,3.3,95.6,,,,,,,,,,0.0,0.1,100.0,0.0
2018-09-25,0.0,5.7,91.7,,,,,,,0.0,0.4,42.8,0.0,0.1,100.0,0.0
2018-09-26,0.0,5.8,92.3,,,,,,,0.0,2.1,90.1,0.0,0.1,100.0,0.0
2018-09-27,,,,0.0,0.0,99.9,,,,,,,0.0,0.1,100.0,0.0
2018-09-28,,,,,,,,,,,,,0.0,0.2,100.0,0.0
2018-09-29,,,,,,,,,,,,,0.0,0.1,100.0,0.0
2018-09-30,0.1,5.1,93.9,,,,,,,,,,0.0,0.2,100.0,0.0
2018-10-01,0.0,3.0,80.4,,,,,,,,,,0.0,0.2,100.0,0.0
2018-10-02,0.0,2.6,79.1,,,,,,,,,,0.0,0.2,100.0,0.0
2018-10-03,,,,,,,,,,,,,0.0,0.1,100.0,0.0
2018-10-04,,,,,,,,,,,,,0.0,0.1,100.0,0.0
2018-10-05,,,,,,,,,,,,,0.0,0.1,100.0,0.0
2018-10-06,0.0,2.6,82.1,,,,,,,,,,0.0,0.1,100.0,0.0
2018-10-07,0.0,2.5,84.4,,,,,,,,,,0.0,0.1,100.0,0.0
2018-10-08,0.0,3.0,84.8,,,,,,,,,,0.0,0.0,100.0,0.0
2018-10-09,,,,,,,0.0,0.0,99.4,,,,0.0,0.0,100.0,0.0
2018-10-10,,,,,,,,,,,,,0.0,0.1,100.0,0.0
2018-10-11,,,,,,,,,,,,,0.0,0.1,100.0,0.0
2018-10-12,0.0,2.7,84.8,0.0,0.0,98.3,,,,,,,0.0,0.1,100.0,0.0
2018-10-13,0.0,2.3,84.4,,,,,,,,,,0.0,0.1,100.0,0.0
2018-10-14,0.0,2.8,84.5,,,,,,,,,,0.0,0.1,100.0,0.0
2018-10-15,,,,,,,,,,,,,0.0,0.2,100.0,0.0
2018-10-16,,,,,,,0.0,0.0,85.3,,,,0.0,0.2,100.0,0.0
2018-10-17,,,,0.0,0.0,69.4,0.0,0.0,33.8,,,,0.0,0.2,100.0,0.0
2018-10-18,0.0,2.3,84.5,,,,,,,,,,0.0,0.2,100.0,0.0
2018-10-19,0.0,2.0,84.6,,,,,,,,,,0.0,0.4,100.0,0.0
2018-10-20,0.0,2.9,84.7,,,,,,,,,,0.0,0.6,100.0,0.0
2018-10-21,,,,,,,,,,,,,0.0,0.7,100.0,0.0
2018-10-22,,,,0.0,0.0,100.0,,,,,,,0.0,0.7,100.0,0.0
2018-10-23,,,,,,,,,,,,,0.0,1.0,100.0,0.0
2018-10-24,0.0,2.6,83.8,,,,,,,,,,0.0,1.4,100.0,0.0
2018-10-25,0.0,2.4,84.4,,,,,,,,,,0.0,1.7,100.0,0.0
2018-10-26,0.0,2.6,81.9,,,,,,,,,,0.0,1.6,100.0,0.0
2018-10-27,,,,,,,,,,,,,0.0,2.0,100.0,0.0
2018-10-28,,,,,,,,,,,,,0.0,2.5,100.0,0.0
2018-10-29,,,,,,,,,,,,,0.0,2.6,100.0,0.0
2018-10-30,0.1,3.4,83.7,,,,,,,,,,0.0,3.6,100.0,0.0
2018-10-31,0.0,7.0,84.2,,,,,,,,,,0.0,3.2,100.0,0.0
2018-11-01,0.2,9.0,84.1,,,,,,,,,,0.0,4.0,100.0,0.0
2018-11-02,,,,,,,,,,,,,0.0,4.3,100.0,0.0
2018-11-03,,,,,,,,,,,,,0.0,4.8,100.0,0.0
2018-11-04,,,,,,,,,,,,,0.0,5.2,100.0,0.0
2018-11-05,0.0,7.5,83.6,,,,,,,,,,0.0,5.0,100.0,0.0
2018-11-06,0.0,6.5,84.2,0.0,0.0,100.0,,,,,,,0.0,5.0,100.0,0.0
2018-11-07,0.0,4.8,83.3,,,,,,,,,,0.0,5.6,100.0,0.0
2018-11-08,,,,,,,,,,,,,0.0,5.7,100.0,0.0
2018-11-09,,,,,,,,,,,,,0.0,5.3,100.0,0.0
2018-11-10,,,,,,,,,,,,,0.0,5.9,100.0,0.0
2018-11-11,0.0,3.9,83.6,,,,,,,,,,0.0,5.8,100.0,0.0
2018-11-12,0.0,4.1,83.4,,,,,,,,,,0.0,7.1,100.0,0.0
2018-11-13,0.0,4.0,83.5,,,,,,,,,,0.0,7.3,100.0,0.0
2018-11-14,,,,,,,,,,,,,0.0,9.3,100.0,0.0
2018-11-15,,,,,,,,,,,,,0.0,10.0,100.0,0.0
2018-11-16,,,,0.0,0.1,100.0,,,,,,,0.1,13.8,100.0,0.1
2018-11-17,0.0,3.9,84.6,,,,,,,,,,0.0,14.2,100.0,0.0
2018-11-18,0.0,4.6,84.5,,,,,,,,,,0.1,16.1,100.0,0.1
2018-11-19,0.0,5.1,83.3,,,,,,,,,,0.1,17.0,100.0,0.1
2018-11-20,,,,,,,,,,,,,0.8,21.9,100.0,0.8
2018-11-21,,,,,,,,,,,,,0.5,24.2,100.0,0.5
2018-11-22,,,,,,,,,,,,,1.1,25.0,100.0,1.1
2018-11-23,0.0,7.3,84.3,,,,,,,,,,2.9,29.0,100.0,2.9
2018-11-24,0.0,8.6,81.4,,,,,,,,,,13.8,34.7,100.0,13.8
2018-11-25,,,,,,,,,,,,,15.7,40.4,100.0,15.7
2018-11-26,,,,,,,,,,,,,10.9,34.1,100.0,10.9
2018-11-27,,,,,,,,,,,,,18.4,42.0,100.0,18.4
2018-11-28,,,,,,,,,,,,,12.7,37.5,100.0,12.7
2018-11-29,1.1,12.2,84.8,,,,,,,,,,26.1,46.4,100.0,26.1
2018-11-30,3.0,12.3,84.9,,,,,,,,,,3.8,34.6,100.0,3.8
2018-12-01,0.6,6.5,84.9,0.0,11.8,100.0,,,,,,,23.6,44.5,100.0,23.6
2018-12-02,,,,,,,,,,,,,0.8,33.0,100.0,0.8
2018-12-03,,,,,,,,,,,,,8.9,40.4,100.0,8.9
2018-12-04,,,,,,,,,,,,,0.2,26.6,100.0,0.2
2018-12-05,0.7,5.0,86.6,,,,,,,,,,5.2,37.7,100.0,5.2
2018-12-06,0.2,3.5,83.4,,,,,,,,,,1.2,27.4,100.0,1.2
2018-12-07,0.0,3.9,82.1,,,,,,,,,,3.4,34.9,100.0,3.4
2018-12-08,,,,,,,,,,,,,1.3,30.5,100.0,1.3
2018-12-09,,,,,,,,,,,,,4.2,37.3,100.0,4.2
2018-12-10,,,,,,,,,,,,,3.9,36.2,100.0,3.9
2018-12-11,3.3,15.0,83.1,11.3,31.9,99.7,,,,,,,10.0,48.1,100.0,10.0
2018-12-12,42.1,39.8,83.9,,,,81.3,62.5,100.0,,,,28.4,54.6,100.0,28.4
2018-12-13,41.8,38.4,83.4,,,,,,,,,,48.5,59.4,100.0,48.5
2018-12-14,,,,,,,,,,,,,61.9,62.1,100.0,61.9
2018-12-15,,,,,,,,,,,,,89.5,67.5,100.0,89.5
2018-12-16,,,,,,,,,,,,,92.8,68.0,100.0,92.8
2018-12-17,20.5,28.9,82.7,,,,,,,,,,96.5,70.2,100.0,96.5
2018-12-18,15.4,19.7,80.8,,,,,,,,,,96.7,70.8,100.0,96.7
2018-12-19,15.0,21.0,83.1,,,,,,,,,,99.2,74.6,100.0,99.2
2018-12-20,,,,,,,,,,,,,99.3,75.8,100.0,99.3
2018-12-21,,,,,,,,,,,,,99.8,80.2,100.0,99.8
2018-12-22,,,,,,,,,,,,,99.7,81.0,100.0,99.7
2018-12-23,26.6,30.0,82.9,,,,,,,,,,99.9,84.1,100.0,99.9
2018-12-24,64.5,53.8,84.1,,,,,,,,,,99.8,85.0,100.0,99.8
2018-12-25,85.7,68.5,83.6,,,,,,,,,,99.9,87.5,100.0,99.9
2018-12-26,,,,91.8,83.2,100.0,,,,,,,99.9,89.1,100.0,99.9
2018-12-27,,,,,,,,,,,,,99.6,91.2,100.0,99.6
2018-12-28,,,,,,,,,,,,,98.7,92.3,100.0,98.7
2018-12-29,98.6,84.3,83.6,,,,,,,,,,98.6,94.3,100.0,98.6
2018-12-30,99.4,90.2,84.0,,,,,,,,,,98.6,94.3,100.0,98.6
2018-12-31,99.3,90.7,83.4,93.5,92.0,44.3,,,,,,,98.6,95.3,100.0,98.6
2019-01-01,,,,,,,,,,,,,100.0,96.2,100.0,100.0
2019-01-02,,,,,,,,,,,,,100.0,96.9,100.0,100.0
2019-01-03,,,,,,,,,,,,,100.0,96.8,100.0,100.0
2019-01-04,99.6,93.6,84.2,,,,100.0,100.0,100.0,,,,100.0,98.2,100.0,100.0
2019-01-05,99.5,92.8,84.9,,,,,,,,,,100.0,98.1,100.0,100.0
2019-01-06,99.7,93.9,84.6,,,,,,,,,,100.0,98.5,100.0,100.0
2019-01-07,,,,,,,,,,,,,100.0,98.3,100.0,100.0
2019-01-08,,,,,,,,,,,,,100.0,98.3,100.0,100.0
2019-01-09,,,,,,,,,,,,,100.0,98.1,100.0,100.0
2019-01-10,100.0,94.3,67.8,100.0,99.1,100.0,,,,,,,100.0,98.6,100.0,100.0
2019-01-11,99.4,93.0,82.4,,,,,,,,,,100.0,98.4,100.0,100.0
2019-01-12,99.4,92.7,83.3,,,,,,,,,,100.0,98.3,100.0,100.0
2019-01-13,,,,,,,,,,,,,100.0,97.9,100.0,100.0
2019-01-14,,,,,,,,,,,,,100.0,98.3,100.0,100.0
2019-01-15,,,,99.9,98.7,100.0,,,,,,,100.0,98.5,100.0,100.0
2019-01-16,99.6,93.5,82.6,,,,,,,,,,100.0,98.3,100.0,100.0
2019-01-17,99.5,92.3,83.5,,,,,,,,,,100.0,98.4,100.0,100.0
2019-01-18,99.5,93.1,83.9,,,,,,,,,,100.0,98.6,100.0,100.0
2019-01-19,,,,,,,,,,,,,100.0,98.4,100.0,100.0
2019-01-20,,,,,,,100.0,100.0,68.9,,,,100.0,98.3,100.0,100.0
2019-01-21,,,,,,,,,,,,,100.0,98.3,100.0,100.0
2019-01-22,99.9,93.9,69.2,,,,,,,,,,100.0,98.6,100.0,100.0
2019-01-23,99.1,92.7,84.1,,,,,,,,,,100.0,98.7,100.0,100.0
2019-01-24,99.3,92.8,83.5,,,,,,,,,,100.0,98.5,100.0,100.0
2019-01-25,,,,98.3,97.1,100.0,,,,,,,100.0,98.7,100.0,100.0
2019-01-26,,,,,,,,,,,,,100.0,98.6,100.0,100.0
2019-01-27,,,,,,,,,,,,,100.0,98.5,100.0,100.0
2019-01-28,99.3,93.9,84.0,,,,,,,,,,100.0,98.4,100.0,100.0
2019-01-29,98.4,92.8,84.4,,,,100.0,100.0,30.8,,,,100.0,98.5,100.0,100.0
2019-01-30,98.7,93.4,83.7,,,,,,,,,,100.0,98.7,100.0,100.0
2019-01-31,,,,,,,,,,,,,100.0,98.6,100.0,100.0
2019-02-01,,,,,,,,,,,,,100.0,98.5,100.0,100.0
2019-02-02,,,,,,,,,,,,,100.0,98.9,100.0,100.0
2019-02-03,99.0,94.2,69.2,,,,,,,,,,100.0,99.0,100.0,100.0
2019-02-04,98.1,92.4,83.8,98.4,98.0,100.0,,,,,,,100.0,99.1,100.0,100.0
2019-02-05,98.0,91.5,83.5,,,,100.0,100.0,92.7,,,,100.0,99.1,100.0,100.0
2019-02-06,,,,,,,,,,,,,100.0,99.1,100.0,100.0
2019-02-07,,,,,,,,,,,,,100.0,99.0,100.0,100.0
2019-02-08,,,,,,,,,,,,,100.0,98.9,100.0,100.0
2019-02-09,98.5,93.7,83.4,,,,,,,,,,100.0,98.6,100.0,100.0
2019-02-10,97.3,91.8,83.1,,,,,,,,,,100.0,98.8,100.0,100.0
2019-02-11,98.6,93.4,82.6,,,,,,,,,,100.0,99.1,100.0,100.0
2019-02-12,,,,,,,,,,,,,100.0,99.2,100.0,100.0
2019-02-13,,,,,,,,,,99.0,73.4,100.0,100.0,99.2,100.0,100.0
2019-02-14,,,,98.5,97.9,100.0,100.0,100.0,100.0,99.4,78.7,94.0,100.0,99.6,100.0,100.0
2019-02-15,,,,,,,,,,,,,100.0,99.5,100.0,100.0
2019-02-16,99.0,93.4,85.0,,,,,,,100.0,84.4,100.0,100.0,99.5,100.0,100.0
2019-02-17,99.7,94.5,80.8,,,,,,,100.0,85.5,100.0,100.0,99.5,100.0,100.0
2019-02-18,,,,,,,,,,100.0,92.2,100.0,100.0,99.5,100.0,100.0
2019-02-19,,,,96.9,96.8,100.0,,,,,,,100.0,99.6,100.0,100.0
2019-02-20,,,,,,,,,,100.0,96.4,52.5,100.0,99.5,100.0,100.0
2019-02-21,99.8,96.0,84.4,,,,100.0,100.0,99.9,100.0,95.6,100.0,100.0,99.6,100.0,100.0
2019-02-22,100.0,96.1,85.1,,,,,,,,,,100.0,99.6,100.0,100.0
2019-02-23,99.8,95.2,81.6,,,,,,,100.0,94.7,100.0,100.0,99.6,100.0,100.0
2019-02-24,,,,97.0,96.5,100.0,,,,100.0,94.6,100.0,100.0,99.5,100.0,100.0
2019-02-25,,,,,,,,,,100.0,94.3,100.0,100.0,99.2,100.0,100.0
2019-02-26,,,,,,,,,,,,,100.0,99.0,100.0,100.0
2019-02-27,100.0,95.1,69.2,,,,,,,100.0,95.0,100.0,100.0,98.8,100.0,100.0
2019-02-28,,,,,,,,,,100.0,95.7,100.0,100.0,98.3,100.0,100.0
2019-03-01,99.7,92.8,82.3,,,,,,,,,,100.0,97.9,100.0,100.0
2019-03-02,,,,,,,,,,,,,100.0,97.0,100.0,100.0
2019-03-03,,,,,,,,,,100.0,94.9,100.0,100.0,96.3,100.0,100.0
2019-03-04,,,,,,,,,,,,,100.0,95.3,100.0,100.0
2019-03-05,100.0,93.5,84.4,,,,,,,,,,100.0,94.5,100.0,100.0
2019-03-06,99.0,88.5,83.0,,,,,,,,,,100.0,94.0,100.0,100.0
2019-03-07,98.8,83.8,80.9,,,,,,,,,,99.8,91.8,100.0,99.8
2019-03-08,,,,,,,,,,,,,100.0,92.5,100.0,100.0
2019-03-09,,,,,,,,,,,,,99.7,89.9,100.0,99.7
2019-03-10,,,,,,,,,,,,,99.8,91.3,100.0,99.8
2019-03-11,96.4,83.3,33.1,,,,,,,100.0,92.9,100.0,99.2,91.1,100.0,99.2
2019-03-12,95.4,81.7,45.3,,,,,,,,,,99.9,93.7,100.0,99.9
2019-03-13,94.4,79.8,45.0,,,,,,,,,,99.9,93.1,100.0,99.9
2019-03-14,,,,,,,,,,,,,99.9,93.5,100.0,99.9
2019-03-15,,,,,,,,,,,,,99.9,93.8,100.0,99.9
2019-03-16,,,,97.4,96.8,100.0,,,,,,,99.9,95.6,100.0,99.9
2019-03-17,92.1,78.4,45.2,,,,,,,,,,99.9,95.0,100.0,99.9
2019-03-18,92.2,77.1,45.0,,,,100.0,99.9,51.2,,,,99.9,95.5,100.0,99.9
2019-03-19,91.2,75.9,45.0,,,,,,,,,,99.9,96.4,100.0,99.9
2019-03-20,,,,,,,,,,,,,100.0,96.8,100.0,100.0
2019-03-21,,,,97.8,96.9,100.0,,,,,,,100.0,97.4,100.0,100.0
2019-03-22,,,,,,,,,,,,,100.0,97.1,100.0,100.0
2019-03-23,83.6,72.9,33.6,,,,,,,,,,100.0,97.3,100.0,100.0
2019-03-24,81.8,65.6,44.9,,,,,,,,,,100.0,97.3,100.0,100.0
2019-03-25,73.5,61.0,45.0,,,,100.0,99.8,84.8,,,,100.0,97.7,100.0,100.0
2019-03-26,,,,99.0,98.2,100.0,,,,,,,100.0,97.8,100.0,100.0
2019-03-27,,,,,,,,,,,,,100.0,97.4,100.0,100.0
2019-03-28,,,,,,,,,,,,,100.0,97.2,100.0,100.0
2019-03-29,77.0,60.8,44.9,,,,,,,,,,100.0,96.9,100.0,100.0
2019-03-30,71.3,56.6,43.8,,,,,,,,,,100.0,96.6,100.0,100.0
2019-03-31,63.5,52.9,43.6,98.4,97.5,100.0,,,,,,,100.0,96.8,100.0,100.0
2019-04-01,,,,,,,,,,,,,100.0,96.1,100.0,100.0
2019-04-02,,,,,,,,,,,,,100.0,94.8,100.0,100.0
2019-04-03,,,,,,,,,,,,,99.7,93.9,100.0,99.7
2019-04-04,66.4,53.9,34.9,,,,,,,,,,99.6,93.7,100.0,99.6
2019-04-05,43.8,38.9,44.1,99.5,98.2,100.0,,,,,,,99.6,94.9,100.0,99.6
2019-04-06,46.9,41.5,44.4,,,,,,,,,,99.6,93.0,100.0,99.6
2019-04-07,,,,,,,,,,,,,99.6,93.1,100.0,99.6
2019-04-08,,,,,,,,,,,,,99.6,93.2,100.0,99.6
2019-04-09,,,,,,,,,,,,,99.7,93.7,100.0,99.7
2019-04-10,43.2,37.6,44.5,,,,,,,,,,99.7,92.5,100.0,99.7
2019-04-11,37.1,35.6,44.7,,,,,,,,,,99.8,92.8,100.0,99.8
2019-04-12,35.0,33.5,44.3,,,,,,,,,,99.9,92.4,100.0,99.9
2019-04-13,,,,,,,,,,,,,100.0,93.5,100.0,100.0
2019-04-14,,,,,,,,,,,,,100.0,92.5,100.0,100.0
2019-04-15,,,,99.8,98.5,100.0,,,,,,,100.0,94.8,100.0,100.0
2019-04-16,25.6,31.0,34.1,,,,,,,,,,100.0,94.2,100.0,100.0
2019-04-17,44.8,39.1,45.2,,,,,,,,,,100.0,94.8,100.0,100.0
2019-04-18,38.2,36.4,44.6,,,,,,,,,,100.0,94.3,100.0,100.0
2019-04-19,,,,,,,100.0,96.7,90.0,,,,100.0,95.5,100.0,100.0
2019-04-20,,,,100.0,98.8,100.0,,,,,,,100.0,95.6,100.0,100.0
2019-04-21,,,,,,,,,,,,,100.0,95.2,100.0,100.0
2019-04-22,41.5,38.3,44.9,,,,,,,,,,100.0,94.5,100.0,100.0
2019-04-23,36.9,36.4,45.2,,,,,,,,,,100.0,94.3,100.0,100.0
2019-04-24,38.4,37.4,45.2,,,,,,,,,,100.0,93.3,100.0,100.0
2019-04-25,,,,100.0,98.6,37.8,,,,,,,100.0,93.8,100.0,100.0
2019-04-26,,,,,,,,,,,,,100.0,92.6,100.0,100.0
2019-04-27,,,,,,,,,,,,,100.0,91.6,100.0,100.0
2019-04-28,25.8,28.5,33.5,,,,,,,,,,99.9,91.3,100.0,99.9
2019-04-29,25.6,28.4,45.3,,,,,,,,,,99.9,91.6,100.0,99.9
2019-04-30,56.6,47.8,82.4,100.0,99.6,100.0,,,,,,,99.9,92.6,100.0,99.9
2019-05-01,,,,,,,,,,,,,99.6,89.3,100.0,99.6
2019-05-02,,,,,,,,,,,,,99.8,90.0,100.0,99.8
2019-05-03,,,,,,,,,,,,,99.8,89.8,100.0,99.8
2019-05-04,53.7,44.0,79.0,,,,,,,,,,99.9,90.5,100.0,99.9
2019-05-05,53.4,43.6,77.0,,,,,,,,,,99.8,89.2,100.0,99.8
2019-05-06,44.3,39.9,77.7,,,,,,,,,,99.9,91.9,100.0,99.9
2019-05-07,,,,,,,,,,,,,100.0,92.3,100.0,100.0
2019-05-08,,,,,,,,,,,,,100.0,93.1,100.0,100.0
2019-05-09,,,,,,,,,,,,,100.0,93.1,100.0,100.0
2019-05-10,41.6,39.1,66.6,100.0,99.2,100.0,,,,,,,100.0,95.4,100.0,100.0
2019-05-11,57.5,47.7,83.9,,,,,,,,,,100.0,94.3,100.0,100.0
2019-05-12,66.2,55.9,83.9,,,,,,,,,,100.0,94.3,100.0,100.0
2019-05-13,,,,,,,,,,,,,100.0,94.4,100.0,100.0
2019-05-14,,,,,,,,,,,,,100.0,95.2,100.0,100.0
2019-05-15,,,,100.0,97.7,100.0,,,,,,,100.0,95.3,100.0,100.0
2019-05-16,72.0,60.8,83.6,,,,,,,,,,100.0,93.4,100.0,100.0
2019-05-17,66.5,56.7,83.9,,,,,,,,,,100.0,93.1,100.0,100.0
2019-05-18,69.7,60.8,83.2,,,,,,,,,,100.0,93.0,100.0,100.0
2019-05-19,,,,,,,,,,,,,100.0,92.7,100.0,100.0
2019-05-20,,,,,,,,,,,,,100.0,91.3,100.0,100.0
2019-05-21,,,,,,,,,,,,,100.0,91.4,100.0,100.0
2019-05-22,70.6,64.2,66.1,,,,,,,97.8,73.7,100.0,100.0,92.4,100.0,100.0
2019-05-23,76.0,66.3,80.3,,,,,,,,,,100.0,92.1,100.0,100.0
2019-05-24,70.7,63.8,82.6,,,,,,,,,,100.0,91.4,100.0,100.0
2019-05-25,,,,,,,,,,,,,100.0,90.8,100.0,100.0
2019-05-26,,,,,,,,,,,,,100.0,90.2,100.0,100.0
2019-05-27,,,,,,,,,,,,,100.0,88.7,100.0,100.0
2019-05-28,70.7,64.7,81.2,,,,,,,,,,99.9,87.2,100.0,99.9
2019-05-29,70.1,63.4,82.4,,,,,,,,,,97.8,86.0,100.0,97.8
2019-05-30,72.6,64.1,82.8,99.6,88.2,100.0,,,,,,,98.5,88.1,100.0,98.5
2019-05-31,,,,,,,,,,4.0,28.6,50.2,90.9,82.0,100.0,90.9
2019-06-01,,,,,,,,,,,,,87.2,78.5,100.0,87.2
2019-06-02,,,,,,,,,,,,,73.7,69.5,100.0,73.7
2019-06-03,78.9,63.8,67.0,,,,,,,,,,67.6,65.8,100.0,67.6
2019-06-04,61.3,51.2,83.0,71.4,60.7,100.0,,,,,,,37.4,50.4,100.0,37.4
2019-06-05,49.7,41.9,81.4,,,,,,,,,,19.1,38.2,100.0,19.1
2019-06-06,,,,,,,,,,,,,1.2,23.6,100.0,1.2
2019-06-07,,,,,,,,,,,,,0.1,20.6,100.0,0.1
2019-06-08,,,,,,,,,,0.0,2.8,36.1,0.0,14.6,100.0,0.0
2019-06-09,37.1,34.0,81.2,,,,,,,,,,0.0,10.7,100.0,0.0
2019-06-10,17.0,21.8,83.0,,,,,,,,,,0.0,6.5,100.0,0.0
2019-06-11,13.5,17.4,79.8,,,,,,,,,,0.0,6.5,100.0,0.0
2019-06-12,,,,,,,,,,,,,0.0,6.4,100.0,0.0
2019-06-13,,,,,,,,,,,,,0.0,5.4,100.0,0.0
2019-06-14,,,,,,,,,,,,,0.0,4.4,100.0,0.0
2019-06-15,6.0,11.6,67.0,,,,,,,,,,0.0,3.6,100.0,0.0
2019-06-16,2.6,6.6,82.0,,,,,,,,,,0.0,3.7,100.0,0.0
2019-06-17,1.8,5.8,80.3,,,,,,,0.0,2.8,100.0,0.0,3.4,100.0,0.0
2019-06-18,,,,,,,,,,,,,0.0,3.0,100.0,0.0
2019-06-19,,,,0.0,2.1,32.7,,,,0.0,0.4,44.0,0.0,2.4,100.0,0.0
2019-06-20,,,,,,,,,,,,,0.0,2.3,100.0,0.0
2019-06-21,0.3,3.2,82.3,,,,,,,,,,0.0,2.2,100.0,0.0
2019-06-22,1.6,3.7,93.6,,,,,,,,,,0.0,2.5,100.0,0.0
2019-06-23,0.3,2.7,89.8,,,,,,,0.0,0.2,100.0,0.0,2.2,100.0,0.0
2019-06-24,,,,0.0,0.2,100.0,,,,,,,0.0,1.6,100.0,0.0
2019-06-25,,,,,,,,,,,,,0.0,1.4,100.0,0.0
2019-06-26,,,,,,,,,,0.0,0.0,100.0,0.0,1.2,100.0,0.0
2019-06-27,0.0,2.0,77.6,,,,,,,0.0,0.0,100.0,0.0,1.1,100.0,0.0
2019-06-28,0.1,1.7,88.4,,,,,,,0.0,0.0,100.0,0.0,0.8,100.0,0.0
2019-06-29,0.0,1.7,91.3,0.0,0.0,100.0,,,,,,,0.0,0.7,100.0,0.0
2019-06-30,,,,,,,,,,0.0,0.0,100.0,0.0,0.5,100.0,0.0
2019-07-01,,,,,,,,,,,,,0.0,0.6,100.0,0.0
2019-07-02,,,,,,,,,,0.0,0.0,100.0,0.0,0.4,100.0,0.0
2019-07-03,0.0,1.5,92.8,,,,,,,,,,0.0,0.5,100.0,0.0
2019-07-04,0.0,1.4,94.8,0.0,0.1,54.8,,,,,,,0.0,0.4,100.0,0.0
2019-07-05,0.0,1.5,93.9,,,,,,,,,,0.0,0.5,100.0,0.0
2019-07-06,,,,,,,,,,,,,0.0,0.6,100.0,0.0
2019-07-07,,,,,,,,,,,,,0.0,0.6,100.0,0.0
2019-07-08,,,,,,,0.0,0.0,61.7,0.0,0.0,77.4,0.0,0.6,100.0,0.0
2019-07-09,0.0,1.6,78.3,0.0,0.2,46.4,,,,,,,0.0,0.6,100.0,0.0
2019-07-10,0.0,1.6,94.2,,,,,,,,,,0.0,0.5,100.0,0.0
2019-07-11,0.0,1.5,93.4,,,,,,,0.0,0.0,50.4,0.0,0.5,100.0,0.0
2019-07-12,,,,,,,,,,,,,0.0,0.8,100.0,0.0
2019-07-13,,,,,,,,,,,,,0.0,0.8,100.0,0.0
2019-07-14,,,,0.0,0.1,98.9,,,,,,,0.0,0.7,100.0,0.0
2019-07-15,0.0,1.4,89.0,,,,,,,,,,0.0,0.5,100.0,0.0
2019-07-16,0.0,1.4,89.7,,,,,,,,,,0.0,0.6,100.0,0.0
2019-07-17,0.0,1.6,93.6,,,,,,,,,,0.0,0.5,100.0,0.0
2019-07-18,,,,,,,,,,0.0,0.0,93.7,0.0,0.4,100.0,0.0
2019-07-19,,,,0.0,0.1,98.9,,,,,,,0.0,0.3,100.0,0.0
2019-07-20,,,,,,,,,,,,,0.0,0.3,100.0,0.0
2019-07-21,0.0,1.8,76.6,,,,,,,,,,0.0,0.2,100.0,0.0
2019-07-22,0.0,1.6,92.8,,,,,,,,,,0.0,0.3,100.0,0.0
2019-07-23,0.0,1.5,93.6,,,,,,,,,,0.0,0.3,100.0,0.0
2019-07-24,,,,0.0,0.1,100.0,0.0,0.0,56.2,,,,0.0,0.2,100.0,0.0
2019-07-25,,,,,,,,,,,,,0.0,0.1,100.0,0.0
2019-07-26,,,,,,,,,,,,,0.0,0.1,100.0,0.0
2019-07-27,0.0,1.5,93.5,,,,,,,,,,0.0,0.1,100.0,0.0
2019-07-28,0.0,1.5,94.8,,,,,,,,,,0.0,0.1,100.0,0.0
2019-07-29,0.0,1.5,94.3,0.0,0.1,100.0,,,,0.0,0.0,100.0,0.0,0.1,100.0,0.0
2019-07-30,,,,,,,,,,,,,0.0,0.1,100.0,0.0
2019-07-31,,,,,,,0.0,0.0,77.7,,,,0.0,0.1,100.0,0.0
2019-08-01,,,,,,,,,,,,,0.0,0.1,100.0,0.0
2019-08-02,0.0,1.4,76.8,,,,,,,,,,0.0,0.2,100.0,0.0
2019-08-03,0.0,1.3,93.0,0.0,0.1,100.0,,,,,,,0.0,0.2,100.0,0.0
2019-08-04,0.0,1.3,95.3,,,,,,,,,,0.0,0.2,100.0,0.0
2019-08-05,,,,,,,,,,,,,0.0,0.1,100.0,0.0
2019-08-06,,,,,,,,,,,,,0.0,0.1,100.0,0.0
2019-08-07,,,,,,,,,,,,,0.0,0.2,100.0,0.0
2019-08-08,0.0,1.2,93.0,0.0,0.2,83.0,,,,,,,0.0,0.2,100.0,0.0
2019-08-09,0.0,1.2,93.4,,,,,,,0.0,0.0,99.5,0.0,0.1,100.0,0.0
2019-08-10,0.0,1.2,91.5,,,,,,,,,,0.0,0.1,100.0,0.0
2019-08-11,,,,,,,,,,,,,0.0,0.1,100.0,0.0
2019-08-12,,,,,,,,,,,,,0.0,0.2,100.0,0.0
2019-08-13,,,,0.0,0.2,99.0,,,,,,,0.0,0.1,100.0,0.0
2019-08-14,0.0,1.4,77.3,,,,,,,0.0,0.0,100.0,0.0,0.1,100.0,0.0
2019-08-15,0.0,1.1,89.5,,,,,,,,,,0.0,0.1,100.0,0.0
2019-08-16,0.0,1.1,87.6,,,,,,,,,,0.0,0.1,100.0,0.0
2019-08-17,,,,,,,,,,0.0,0.0,100.0,0.0,0.1,100.0,0.0
2019-08-18,,,,0.2,0.6,87.3,,,,,,,0.0,0.1,100.0,0.0
2019-08-19,,,,,,,,,,,,,0.0,0.0,100.0,0.0
2019-08-20,0.0,1.3,84.4,,,,,,,,,,0.0,0.0,100.0,0.0
2019-08-21,0.0,1.4,85.6,,,,,,,0.0,0.0,100.0,0.0,0.0,100.0,0.0
2019-08-22,0.0,1.6,87.9,,,,,,,,,,0.0,0.0,100.0,0.0
2019-08-23,,,,0.0,0.1,100.0,,,,,,,0.0,0.0,100.0,0.0
2019-08-24,,,,,,,,,,,,,0.0,0.0,100.0,0.0
2019-08-25,,,,,,,0.0,0.0,99.8,0.0,0.0,100.0,0.0,0.0,100.0,0.0
2019-08-26,0.0,1.4,77.7,,,,,,,0.0,0.0,100.0,0.0,0.0,100.0,0.0
2019-08-27,0.1,2.2,95.2,,,,,,,,,,0.0,0.0,100.0,0.0
2019-08-28,0.0,2.2,95.2,,,,,,,0.0,0.0,100.0,0.0,0.0,100.0,0.0
2019-08-29,,,,,,,,,,,,,0.0,0.0,100.0,0.0
2019-08-30,,,,,,,,,,,,,0.0,0.0,100.0,0.0
2019-08-31,,,,,,,,,,,,,0.0,0.0,100.0,0.0
2019-09-01,0.7,2.6,94.1,,,,,,,,,,0.0,0.0,100.0,0.0
2019-09-02,0.1,1.8,94.6,,,,,,,,,,0.0,0.0,100.0,0.0
2019-09-03,1.1,2.5,95.0,,,,,,,,,,0.0,0.0,100.0,0.0
2019-09-04,,,,,,,,,,,,,0.0,0.0,100.0,0.0
2019-09-05,,,,,,,,,,0.0,0.0,100.0,0.0,0.0,100.0,0.0
2019-09-06,,,,,,,,,,,,,0.0,0.0,100.0,0.0
2019-09-07,0.0,1.6,76.9,,,,,,,,,,0.0,0.0,100.0,0.0
2019-09-08,0.1,1.9,88.7,,,,,,,,,,0.0,0.0,100.0,0.0
2019-09-09,1.0,2.6,91.2,,,,,,,,,,0.0,0.0,100.0,0.0
2019-09-10,,,,,,,,,,,,,0.0,0.1,100.0,0.0
2019-09-11,,,,,,,,,,,,,0.0,0.0,100.0,0.0
2019-09-12,,,,0.0,0.1,100.0,,,,,,,0.0,0.0,100.0,0.0
2019-09-13,0.1,2.8,91.8,,,,,,,,,,0.0,0.0,100.0,0.0
2019-09-14,,,,,,,,,,,,,0.0,0.0,100.0,0.0
2019-09-15,0.4,3.5,93.6,,,,,,,,,,0.0,0.0,100.0,0.0
2019-09-16,,,,,,,,,,,,,0.0,0.0,100.0,0.0
2019-09-17,,,,0.0,0.0,100.0,0.0,0.0,98.9,,,,0.0,0.0,100.0,0.0
2019-09-18,,,,,,,,,,,,,0.0,0.0,100.0,0.0
2019-09-19,0.0,2.6,77.0,,,,,,,,,,0.0,0.0,100.0,0.0
2019-09-20,1.3,3.6,93.7,,,,,,,,,,0.0,0.0,100.0,0.0
2019-09-21,0.7,3.4,93.8,,,,,,,,,,0.0,0.0,100.0,0.0
2019-09-22,,,,,,,,,,,,,0.0,0.0,100.0,0.0
2019-09-23,,,,,,,,,,0.0,0.0,81.1,0.0,0.0,100.0,0.0
2019-09-24,,,,,,,,,,,,,0.0,0.1,100.0,0.0
2019-09-25,0.8,4.1,93.6,,,,,,,,,,0.0,0.2,100.0,0.0
2019-09-26,0.6,3.6,93.6,,,,,,,,,,0.0,0.1,100.0,0.0
2019-09-27,0.7,3.4,93.5,0.0,0.0,100.0,,,,,,,0.0,0.1,100.0,0.0
2019-09-28,,,,,,,,,,,,,0.0,0.1,100.0,0.0
2019-09-29,,,,,,,,,,,,,0.0,0.1,100.0,0.0
2019-09-30,,,,,,,,,,0.0,0.0,75.7,0.0,0.1,100.0,0.0
2019-10-01,0.8,3.5,77.1,,,,,,,,,,0.0,0.1,100.0,0.0
2019-10-02,0.5,2.7,92.7,,,,,,,,,,0.0,0.1,100.0,0.0
2019-10-03,0.3,2.8,94.1,,,,0.0,0.0,98.1,,,,0.0,0.1,100.0,0.0
2019-10-04,,,,,,,,,,,,,0.0,0.1,100.0,0.0
2019-10-05,,,,,,,,,,0.0,0.1,55.5,0.0,0.1,100.0,0.0
2019-10-06,,,,,,,,,,,,,0.0,0.2,100.0,0.0
2019-10-07,0.4,2.4,93.2,0.0,0.1,100.0,,,,,,,0.0,0.3,100.0,0.0
2019-10-08,0.3,1.9,94.1,,,,,,,0.0,0.0,100.0,0.0,0.2,100.0,0.0
2019-10-09,0.1,1.9,93.6,,,,,,,,,,0.0,0.3,100.0,0.0
2019-10-10,,,,,,,,,,,,,0.0,0.5,100.0,0.0
2019-10-11,,,,,,,,,,,,,0.0,0.6,100.0,0.0
2019-10-12,,,,0.0,0.1,51.3,,,,,,,0.0,0.6,100.0,0.0
2019-10-13,0.0,1.4,78.1,,,,,,,,,,0.0,0.3,100.0,0.0
2019-10-14,0.0,1.5,94.3,,,,,,,,,,0.0,0.5,100.0,0.0
2019-10-15,0.1,1.6,94.0,,,,,,,,,,0.0,0.5,100.0,0.0
2019-10-16,,,,,,,,,,0.0,0.0,100.0,0.0,0.5,100.0,0.0
2019-10-17,,,,0.0,0.0,100.0,,,,0.0,0.0,100.0,0.0,0.3,100.0,0.0
2019-10-18,,,,,,,,,,,,,0.0,0.5,100.0,0.0
2019-10-19,0.0,1.7,92.3,,,,,,,,,,0.0,0.7,100.0,0.0
2019-10-20,0.0,1.8,94.7,,,,,,,,,,0.0,0.7,100.0,0.0
2019-10-21,0.1,2.0,93.6,,,,,,,,,,0.0,0.5,100.0,0.0
2019-10-22,,,,,,,,,,,,,0.0,0.6,100.0,0.0
2019-10-23,,,,,,,,,,0.0,0.1,100.0,0.0,0.6,100.0,0.0
2019-10-24,,,,,,,,,,,,,0.0,0.6,100.0,0.0
2019-10-25,0.2,2.2,77.5,,,,,,,,,,0.0,0.6,100.0,0.0
2019-10-26,0.7,3.0,94.7,,,,,,,,,,0.0,0.7,100.0,0.0
2019-10-27,1.0,3.4,92.3,,,,,,,,,,0.0,0.8,100.0,0.0
2019-10-28,,,,,,,,,,,,,0.0,0.9,100.0,0.0
2019-10-29,,,,,,,,,,,,,0.0,0.8,100.0,0.0
2019-10-30,,,,,,,,,,,,,0.0,0.8,100.0,0.0
2019-10-31,0.8,3.8,91.3,,,,,,,,,,0.0,0.8,100.0,0.0
2019-11-01,0.9,4.4,92.3,,,,,,,0.0,0.5,100.0,0.0,0.9,100.0,0.0
2019-11-02,1.2,4.5,90.6,,,,,,,,,,0.0,1.1,100.0,0.0
2019-11-03,,,,,,,,,,,,,0.0,1.3,100.0,0.0
2019-11-04,,,,,,,,,,,,,0.0,1.4,100.0,0.0
2019-11-05,,,,,,,,,,,,,0.0,1.8,100.0,0.0
2019-11-06,4.8,8.6,78.0,,,,,,,,,,0.0,1.4,100.0,0.0
2019-11-07,3.1,7.7,92.9,,,,,,,,,,0.0,1.9,100.0,0.0
2019-11-08,0.0,1.4,60.0,,,,,,,0.0,4.1,100.0,0.0,1.8,100.0,0.0
2019-11-09,,,,,,,,,,,,,0.0,2.3,100.0,0.0
2019-11-10,,,,,,,,,,,,,0.0,2.4,100.0,0.0
2019-11-11,,,,0.0,0.7,73.7,,,,,,,0.0,2.8,100.0,0.0
2019-11-12,0.0,1.5,60.2,,,,,,,,,,0.0,2.6,100.0,0.0
2019-11-13,0.0,1.2,59.2,,,,,,,,,,0.0,2.8,100.0,0.0
2019-11-14,0.0,1.2,58.9,,,,,,,,,,0.0,2.5,100.0,0.0
2019-11-15,,,,,,,,,,0.0,10.4,38.1,0.0,2.6,100.0,0.0
2019-11-16,,,,0.0,4.5,92.1,,,,,,,0.0,2.4,100.0,0.0
2019-11-17,,,,,,,,,,,,,0.0,2.0,100.0,0.0
2019-11-18,0.0,1.3,45.2,,,,,,,,,,0.0,2.0,100.0,0.0
2019-11-19,0.0,1.9,58.5,,,,,,,,,,0.0,2.3,100.0,0.0
2019-11-20,0.0,2.3,58.0,,,,0.0,1.4,99.9,,,,0.0,2.7,100.0,0.0
2019-11-21,,,,5.5,23.4,100.0,,,,,,,0.0,2.8,100.0,0.0
2019-11-22,,,,,,,,,,,,,0.0,3.6,100.0,0.0
2019-11-23,,,,,,,,,,,,,0.0,3.4,100.0,0.0
2019-11-24,0.0,3.2,58.1,,,,,,,,,,0.0,5.1,100.0,0.0
2019-11-25,0.0,5.0,57.6,,,,,,,,,,0.0,5.9,100.0,0.0
2019-11-26,0.5,8.3,58.5,,,,,,,,,,0.0,9.4,100.0,0.0
2019-11-27,,,,,,,,,,,,,0.0,11.3,100.0,0.0
2019-11-28,,,,,,,,,,,,,0.2,23.3,100.0,0.2
2019-11-29,,,,,,,,,,,,,0.2,27.3,100.0,0.2
2019-11-30,6.2,14.3,44.2,,,,,,,,,,15.6,43.6,100.0,15.6
2019-12-01,8.2,15.9,57.7,,,,,,,,,,19.9,45.1,100.0,19.9
2019-12-02,11.8,18.0,56.4,,,,,,,,,,55.9,61.1,100.0,55.9
2019-12-03,,,,,,,,,,,,,73.2,65.4,100.0,73.2
2019-12-04,,,,,,,,,,31.1,40.8,100.0,93.8,74.1,100.0,93.8
2019-12-05,,,,,,,,,,,,,93.7,74.6,100.0,93.7
2019-12-06,18.4,21.8,60.9,98.4,89.8,100.0,100.0,99.7,100.0,,,,100.0,86.3,100.0,100.0
2019-12-07,20.7,25.2,60.8,,,,,,,,,,99.9,83.8,100.0,99.9
2019-12-08,24.0,27.8,59.0,,,,,,,67.1,53.1,100.0,100.0,87.0,100.0,100.0
2019-12-09,,,,,,,,,,,,,100.0,85.1,100.0,100.0
2019-12-10,,,,,,,,,,,,,100.0,86.7,100.0,100.0
2019-12-11,,,,,,,,,,,,,100.0,85.6,100.0,100.0
2019-12-12,39.9,38.9,47.0,,,,,,,87.6,68.2,100.0,100.0,88.6,100.0,100.0
2019-12-13,50.4,45.2,60.6,,,,,,,,,,100.0,87.5,100.0,100.0
2019-12-14,64.7,51.8,59.0,,,,,,,,,,100.0,87.3,100.0,100.0
2019-12-15,,,,,,,,,,93.3,74.7,100.0,100.0,85.9,100.0,100.0
2019-12-16,,,,,,,,,,,,,100.0,88.2,100.0,100.0
2019-12-17,,,,,,,,,,,,,100.0,87.4,100.0,100.0
2019-12-18,91.6,67.4,60.6,,,,,,,,,,100.0,89.4,100.0,100.0
2019-12-19,95.9,74.8,60.8,,,,,,,96.5,83.6,100.0,100.0,89.2,100.0,100.0
2019-12-20,96.5,81.6,59.1,,,,,,,,,,100.0,91.9,100.0,100.0
2019-12-21,,,,100.0,98.8,36.2,,,,98.8,93.1,100.0,100.0,91.7,100.0,100.0
2019-12-22,,,,,,,,,,,,,100.0,93.9,100.0,100.0
2019-12-23,,,,,,,,,,,,,100.0,93.9,100.0,100.0
2019-12-24,99.7,88.2,45.0,,,,,,,,,,100.0,94.7,100.0,100.0
2019-12-25,97.0,84.2,60.4,,,,,,,99.9,95.8,100.0,100.0,95.8,100.0,100.0
2019-12-26,96.9,84.1,57.7,98.5,96.4,100.0,,,,,,,100.0,97.2,100.0,100.0
2019-12-27,,,,,,,,,,,,,100.0,96.8,100.0,100.0
2019-12-28,,,,,,,,,,,,,100.0,97.1,100.0,100.0
2019-12-29,,,,,,,,,,99.9,96.0,100.0,100.0,97.3,100.0,100.0
2019-12-30,97.3,85.9,57.6,,,,,,,,,,100.0,97.5,100.0,100.0
2019-12-31,96.0,81.8,59.6,97.6,94.6,100.0,100.0,100.0,100.0,,,,100.0,98.0,100.0,100.0
2020-01-01,95.1,80.6,65.2,,,,,,,,,,100.0,99.0,100.0,100.0
2020-01-02,,,,,,,,,,,,,100.0,99.1,100.0,100.0
2020-01-03,,,,,,,,,,,,,100.0,99.1,100.0,100.0
2020-01-04,,,,,,,,,,99.5,96.2,100.0,100.0,99.2,100.0,100.0
2020-01-05,75.1,67.6,72.7,98.5,95.4,100.0,,,,99.6,97.5,100.0,100.0,99.4,100.0,100.0
2020-01-06,83.3,68.9,94.2,,,,,,,,,,100.0,99.3,100.0,100.0
2020-01-07,87.8,70.4,89.6,,,,100.0,100.0,100.0,,,,100.0,99.5,100.0,100.0
2020-01-08,,,,,,,,,,,,,100.0,99.4,100.0,100.0
2020-01-09,,,,,,,,,,,,,100.0,99.5,100.0,100.0
2020-01-10,,,,99.7,98.4,100.0,,,,,,,100.0,99.5,100.0,100.0
2020-01-11,90.1,73.7,96.3,,,,,,,100.0,98.6,79.3,100.0,99.3,100.0,100.0
2020-01-12,89.9,73.0,96.8,,,,,,,100.0,98.6,100.0,100.0,99.3,100.0,100.0
2020-01-13,89.0,73.9,90.3,,,,,,,,,,100.0,99.5,100.0,100.0
2020-01-14,,,,,,,,,,,,,100.0,99.4,100.0,100.0
2020-01-15,,,,99.3,97.8,100.0,,,,,,,100.0,99.5,100.0,100.0
2020-01-16,,,,,,,100.0,100.0,100.0,100.0,98.9,100.0,100.0,99.5,100.0,100.0
2020-01-17,94.9,79.1,79.2,,,,,,,,,,100.0,99.4,100.0,100.0
2020-01-18,91.5,75.6,96.3,,,,,,,,,,100.0,99.4,100.0,100.0
2020-01-19,92.3,76.4,90.9,,,,,,,,,,100.0,99.4,100.0,100.0
2020-01-20,,,,99.3,97.9,100.0,,,,,,,100.0,99.3,100.0,100.0
2020-01-21,,,,,,,,,,,,,100.0,99.1,100.0,100.0
2020-01-22,,,,,,,,,,,,,100.0,98.9,100.0,100.0
2020-01-23,94.5,78.3,93.5,,,,100.0,100.0,66.3,,,,100.0,99.1,100.0,100.0
2020-01-24,92.2,76.4,95.5,,,,,,,,,,100.0,99.0,100.0,100.0
2020-01-25,92.4,75.9,90.6,98.6,95.3,100.0,,,,,,,100.0,98.8,100.0,100.0
2020-01-26,,,,,,,,,,,,,100.0,98.3,100.0,100.0
2020-01-27,,,,,,,,,,,,,100.0,97.9,100.0,100.0
2020-01-28,,,,,,,,,,,,,100.0,98.0,100.0,100.0
2020-01-29,96.6,80.3,77.5,,,,,,,,,,100.0,97.9,100.0,100.0
2020-01-30,94.5,76.5,95.0,99.2,96.2,100.0,,,,,,,100.0,98.1,100.0,100.0
2020-01-31,96.8,79.5,96.1,,,,,,,100.0,98.9,100.0,100.0,97.5,100.0,100.0
2020-02-01,,,,,,,,,,,,,100.0,96.7,100.0,100.0
2020-02-02,,,,,,,,,,,,,100.0,96.6,100.0,100.0
2020-02-03,,,,,,,,,,,,,100.0,96.3,100.0,100.0
2020-02-04,99.7,86.7,97.5,,,,,,,,,,100.0,96.6,100.0,100.0
2020-02-05,,,,,,,,,,100.0,99.0,100.0,100.0,96.3,100.0,100.0
2020-02-06,99.9,87.1,98.8,,,,,,,,,,100.0,97.2,100.0,100.0
2020-02-07,,,,,,,,,,,,,100.0,96.7,100.0,100.0
2020-02-08,,,,,,,,,,,,,100.0,96.8,100.0,100.0
2020-02-09,,,,98.8,98.1,100.0,,,,,,,100.0,96.7,100.0,100.0
2020-02-10,100.0,91.0,79.2,,,,,,,,,,100.0,97.8,100.0,100.0
2020-02-11,100.0,91.2,99.0,,,,,,,,,,100.0,97.0,100.0,100.0
2020-02-12,100.0,92.1,98.7,,,,,,,,,,100.0,97.9,100.0,100.0
2020-02-13,,,,,,,,,,,,,100.0,97.5,100.0,100.0
2020-02-14,,,,99.8,98.8,100.0,,,,,,,100.0,98.3,100.0,100.0
2020-02-15,,,,,,,,,,100.0,98.5,100.0,100.0,97.5,100.0,100.0
2020-02-16,100.0,94.2,98.7,,,,,,,,,,100.0,98.2,100.0,100.0
2020-02-17,,,,,,,,,,,,,100.0,97.7,100.0,100.0
2020-02-18,100.0,93.6,98.9,,,,,,,,,,100.0,98.4,100.0,100.0
2020-02-19,,,,,,,,,,,,,100.0,98.1,100.0,100.0
2020-02-20,,,,,,,,,,100.0,98.7,100.0,100.0,98.6,100.0,100.0
2020-02-21,,,,,,,,,,,,,100.0,98.7,100.0,100.0
2020-02-22,100.0,95.3,78.9,,,,,,,,,,100.0,99.0,100.0,100.0
2020-02-23,100.0,93.1,96.2,,,,,,,,,,100.0,98.9,100.0,100.0
2020-02-24,100.0,92.5,96.2,98.4,98.1,100.0,100.0,100.0,100.0,,,,100.0,99.2,100.0,100.0
2020-02-25,,,,,,,,,,,,,100.0,98.7,100.0,100.0
2020-02-26,,,,,,,,,,,,,100.0,98.8,100.0,100.0
2020-02-27,,,,,,,,,,,,,100.0,98.5,100.0,100.0
2020-02-28,100.0,91.4,96.0,,,,,,,,,,100.0,98.5,100.0,100.0
2020-02-29,,,,,,,,,,,,,100.0,98.2,100.0,100.0
2020-03-01,100.0,89.0,95.9,,,,,,,,,,100.0,98.6,100.0,100.0
2020-03-02,,,,,,,,,,,,,100.0,98.5,100.0,100.0
2020-03-03,,,,,,,,,,,,,100.0,98.2,100.0,100.0
2020-03-04,,,,,,,100.0,100.0,100.0,,,,100.0,98.3,100.0,100.0
2020-03-05,100.0,88.2,78.0,,,,,,,,,,100.0,97.9,100.0,100.0
2020-03-06,99.8,84.7,97.4,,,,,,,,,,100.0,98.0,100.0,100.0
2020-03-07,97.7,81.2,95.5,,,,,,,,,,100.0,97.7,100.0,100.0
2020-03-08,,,,,,,,,,,,,100.0,97.5,100.0,100.0
2020-03-09,,,,,,,,,,,,,100.0,97.6,100.0,100.0
2020-03-10,,,,,,,,,,,,,100.0,97.9,100.0,100.0
2020-03-11,97.9,82.1,96.9,,,,100.0,99.9,95.0,,,,100.0,98.5,100.0,100.0
2020-03-12,,,,,,,,,,,,,100.0,98.0,100.0,100.0
2020-03-13,93.7,71.7,96.3,,,,,,,100.0,98.7,100.0,100.0,98.1,100.0,100.0
2020-03-14,,,,,,,,,,100.0,98.8,100.0,100.0,97.8,100.0,100.0
2020-03-15,,,,97.8,97.5,100.0,,,,,,,100.0,98.1,100.0,100.0
2020-03-16,,,,,,,,,,,,,100.0,97.3,100.0,100.0
2020-03-17,83.5,62.8,77.4,,,,,,,,,,100.0,97.4,100.0,100.0
2020-03-18,55.4,44.4,99.0,,,,,,,100.0,98.8,100.0,100.0,96.9,100.0,100.0
2020-03-19,27.2,33.2,96.9,,,,,,,,,,100.0,97.1,100.0,100.0
2020-03-20,,,,96.8,93.9,100.0,100.0,99.8,99.7,,,,100.0,97.2,100.0,100.0
2020-03-21,,,,,,,,,,,,,100.0,96.1,100.0,100.0
2020-03-22,,,,,,,,,,,,,100.0,93.6,100.0,100.0
2020-03-23,15.0,25.0,95.9,,,,,,,,,,100.0,94.2,100.0,100.0
2020-03-24,,,,,,,,,,,,,100.0,92.9,100.0,100.0
2020-03-25,3.5,15.2,95.2,98.2,96.8,100.0,,,,,,,100.0,94.2,100.0,100.0
2020-03-26,,,,,,,,,,,,,100.0,91.8,100.0,100.0
2020-03-27,,,,,,,100.0,99.9,54.2,,,,100.0,94.6,100.0,100.0
2020-03-28,,,,,,,,,,,,,100.0,93.7,100.0,100.0
2020-03-29,2.5,13.4,60.9,,,,,,,,,,100.0,93.5,100.0,100.0
2020-03-30,5.2,16.2,76.7,,,,,,,100.0,99.1,81.7,100.0,93.5,100.0,100.0
2020-03-31,6.3,18.2,77.1,,,,,,,,,,100.0,94.4,100.0,100.0
2020-04-01,,,,,,,,,,,,,100.0,94.3,100.0,100.0
2020-04-02,,,,,,,,,,100.0,98.7,99.8,100.0,95.1,100.0,100.0
2020-04-03,,,,,,,,,,100.0,98.5,100.0,100.0,95.3,100.0,100.0
2020-04-04,13.1,25.0,80.1,98.3,97.2,100.0,,,,,,,100.0,96.9,100.0,100.0
2020-04-05,,,,,,,100.0,99.1,99.5,,,,100.0,96.8,100.0,100.0
2020-04-06,11.5,25.5,77.4,,,,,,,,,,100.0,96.4,100.0,100.0
2020-04-07,,,,,,,,,,100.0,98.2,100.0,100.0,96.6,100.0,100.0
2020-04-08,,,,,,,,,,100.0,98.3,100.0,100.0,96.9,100.0,100.0
2020-04-09,,,,99.5,96.2,100.0,,,,,,,100.0,97.4,100.0,100.0
2020-04-10,49.3,41.0,59.8,,,,,,,,,,100.0,96.7,100.0,100.0
2020-04-11,61.2,48.9,79.9,,,,,,,100.0,98.0,100.0,100.0,96.4,100.0,100.0
2020-04-12,67.2,54.6,79.7,,,,100.0,98.4,71.5,100.0,98.1,100.0,100.0,96.9,100.0,100.0
2020-04-13,,,,,,,,,,,,,100.0,96.3,100.0,100.0
2020-04-14,,,,99.7,90.4,100.0,,,,,,,100.0,96.4,100.0,100.0
2020-04-15,,,,,,,,,,100.0,97.8,100.0,100.0,94.9,100.0,100.0
2020-04-16,72.6,60.9,80.1,,,,,,,,,,100.0,95.2,100.0,100.0
2020-04-17,,,,,,,,,,,,,100.0,94.0,100.0,100.0
2020-04-18,64.4,55.0,79.9,,,,,,,,,,100.0,93.5,100.0,100.0
2020-04-19,,,,,,,,,,,,,100.0,91.6,100.0,100.0
2020-04-20,,,,,,,,,,100.0,97.2,100.0,100.0,90.9,100.0,100.0
2020-04-21,,,,,,,,,,,,,99.8,88.7,100.0,99.8
2020-04-22,75.5,62.8,63.1,,,,,,,,,,96.2,87.4,100.0,96.2
2020-04-23,61.2,52.5,80.1,,,,,,,100.0,96.8,100.0,94.8,86.3,100.0,94.8
2020-04-24,64.5,52.1,80.1,86.0,85.0,100.0,,,,100.0,94.1,100.0,94.5,87.4,100.0,94.5
2020-04-25,,,,,,,,,,,,,94.1,85.6,100.0,94.1
2020-04-26,,,,,,,,,,,,,88.7,84.5,100.0,88.7
2020-04-27,,,,,,,,,,100.0,88.0,100.0,88.3,83.6,100.0,88.3
2020-04-28,65.3,53.3,78.5,,,,,,,,,,88.1,84.2,100.0,88.1
2020-04-29,,,,,,,,,,,,,91.7,85.4,100.0,91.7
2020-04-30,65.3,54.0,79.3,,,,,,,,,,96.6,87.4,100.0,96.6
2020-05-01,,,,,,,,,,,,,99.0,87.4,100.0,99.0
2020-05-02,,,,,,,,,,,,,99.9,89.3,100.0,99.9
2020-05-03,,,,,,,,,,,,,100.0,89.9,100.0,100.0
2020-05-04,72.9,60.9,61.7,93.7,89.2,100.0,,,,,,,100.0,92.1,100.0,100.0
2020-05-05,66.8,52.7,79.9,,,,,,,,,,100.0,90.6,100.0,100.0
2020-05-06,34.7,35.2,78.9,,,,,,,,,,100.0,90.4,100.0,100.0
2020-05-07,,,,,,,99.7,90.0,74.0,,,,100.0,90.3,100.0,100.0
2020-05-08,,,,,,,,,,,,,100.0,89.4,100.0,100.0
2020-05-09,,,,92.9,84.7,100.0,,,,,,,99.8,88.3,100.0,99.8
2020-05-10,36.1,35.3,79.2,,,,,,,,,,99.2,84.0,100.0,99.2
2020-05-11,,,,,,,,,,,,,94.9,79.4,100.0,94.9
2020-05-12,21.6,28.1,78.2,,,,,,,,,,92.3,78.2,100.0,92.3
2020-05-13,,,,,,,,,,,,,84.1,71.3,100.0,84.1
2020-05-14,,,,77.4,62.8,42.5,,,,,,,71.7,66.0,100.0,71.7
2020-05-15,,,,,,,,,,,,,45.1,55.3,100.0,45.1
2020-05-16,17.9,25.5,59.6,,,,,,,,,,45.1,54.7,100.0,45.1
2020-05-17,,,,,,,,,,,,,28.7,48.8,100.0,28.7
2020-05-18,8.0,16.5,78.4,,,,,,,,,,19.1,44.3,100.0,19.1
2020-05-19,,,,24.0,38.0,100.0,,,,,,,5.5,36.3,100.0,5.5
2020-05-20,,,,,,,,,,36.7,41.7,86.0,1.0,31.4,100.0,1.0
2020-05-21,,,,,,,,,,,,,0.3,27.0,100.0,0.3
2020-05-22,0.0,6.4,42.8,,,,,,,,,,0.1,25.4,100.0,0.1
2020-05-23,,,,,,,,,,,,,0.0,18.2,100.0,0.0
2020-05-24,3.1,17.5,18.3,0.0,6.2,100.0,,,,,,,0.0,18.3,100.0,0.0
2020-05-25,,,,,,,,,,,,,0.0,15.0,100.0,0.0
2020-05-26,,,,,,,,,,,,,0.0,14.7,100.0,0.0
2020-05-27,,,,,,,,,,,,,0.0,12.2,100.0,0.0
2020-05-28,0.0,6.0,60.9,,,,,,,0.0,9.9,100.0,0.0,10.6,100.0,0.0
2020-05-29,,,,0.0,0.9,100.0,,,,,,,0.0,9.4,100.0,0.0
2020-05-30,0.0,6.6,77.0,,,,,,,,,,0.0,7.7,100.0,0.0
2020-05-31,,,,,,,,,,0.0,1.5,100.0,0.0,6.4,100.0,0.0
2020-06-01,,,,,,,,,,,,,0.0,5.1,100.0,0.0
2020-06-02,,,,,,,,,,,,,0.0,4.8,100.0,0.0
2020-06-03,0.0,5.0,43.9,,,,,,,,,,0.0,4.1,100.0,0.0
2020-06-04,,,,,,,,,,,,,0.0,4.4,100.0,0.0
2020-06-05,0.0,6.2,16.7,,,,,,,,,,0.0,3.9,100.0,0.0
2020-06-06,,,,,,,,,,,,,0.0,4.9,100.0,0.0
2020-06-07,,,,,,,,,,,,,0.0,4.9,100.0,0.0
2020-06-08,,,,,,,,,,,,,0.0,5.0,100.0,0.0
2020-06-09,0.0,6.0,44.1,,,,,,,,,,0.0,4.5,100.0,0.0
2020-06-10,,,,,,,,,,,,,0.0,5.5,100.0,0.0
2020-06-11,,,,,,,,,,,,,0.0,5.7,100.0,0.0
2020-06-12,,,,,,,,,,0.0,0.3,39.3,0.0,5.4,100.0,0.0
2020-06-13,,,,,,,,,,,,,0.0,5.3,100.0,0.0
2020-06-14,,,,,,,,,,,,,0.0,4.8,100.0,0.0
2020-06-15,0.0,6.2,17.4,,,,,,,,,,0.0,5.2,100.0,0.0
2020-06-16,,,,,,,,,,0.0,0.1,100.0,0.0,4.5,100.0,0.0
2020-06-17,0.0,5.1,76.9,,,,,,,,,,0.0,3.5,100.0,0.0
2020-06-18,,,,,,,,,,,,,0.0,2.9,100.0,0.0
2020-06-19,,,,,,,,,,,,,0.0,3.4,100.0,0.0
2020-06-20,,,,,,,,,,0.0,0.0,100.0,0.0,3.5,100.0,0.0
2020-06-21,0.0,5.4,44.2,,,,,,,0.0,0.0,100.0,0.0,3.7,100.0,0.0
2020-06-22,,,,,,,,,,0.0,0.0,100.0,0.0,2.8,100.0,0.0
2020-06-23,,,,0.0,0.0,100.0,,,,,,,0.0,3.0,100.0,0.0
2020-06-24,,,,,,,,,,,,,0.0,2.5,100.0,0.0
2020-06-25,,,,,,,,,,0.0,0.0,100.0,0.0,2.2,100.0,0.0
2020-06-26,,,,,,,,,,0.0,0.0,100.0,0.0,1.6,100.0,0.0
2020-06-27,0.0,6.0,78.2,,,,,,,,,,0.0,1.9,100.0,0.0
2020-06-28,,,,,,,,,,0.0,0.0,100.0,0.0,1.9,100.0,0.0
2020-06-29,0.0,4.8,45.2,,,,,,,,,,0.0,2.1,100.0,0.0
2020-06-30,,,,,,,,,,0.0,0.0,100.0,0.0,1.4,100.0,0.0
2020-07-01,,,,,,,,,,,,,0.0,2.4,100.0,0.0
2020-07-02,,,,,,,,,,,,,0.0,2.1,100.0,0.0
2020-07-03,,,0.0,,,,,,,,,,0.0,1.9,100.0,0.0
2020-07-04,,,,,,,,,,0.0,0.0,100.0,0.0,1.3,100.0,0.0
2020-07-05,0.0,3.7,45.1,,,,,,,,,,0.0,1.6,100.0,0.0
2020-07-06,,,,,,,,,,,,,0.0,1.7,100.0,0.0
2020-07-07,,,,,,,,,,,,,0.0,1.6,100.0,0.0
2020-07-08,,,,0.0,0.0,100.0,,,,0.0,0.0,100.0,0.0,1.1,100.0,0.0
2020-07-09,0.0,4.1,18.1,,,,,,,0.0,0.0,100.0,0.0,1.0,100.0,0.0
2020-07-10,,,,,,,,,,,,,0.0,0.9,100.0,0.0
2020-07-11,0.0,4.5,78.5,,,,,,,,,,0.0,0.8,100.0,0.0
2020-07-12,,,,,,,,,,,,,0.0,0.7,100.0,0.0
2020-07-13,,,,0.0,0.0,100.0,,,,,,,0.0,0.8,100.0,0.0
2020-07-14,,,,,,,,,,,,,0.0,0.7,100.0,0.0
2020-07-15,0.0,4.0,44.7,,,,,,,,,,0.0,0.5,100.0,0.0
2020-07-16,,,,,,,,,,,,,0.0,0.5,100.0,0.0
2020-07-17,0.0,4.8,77.8,,,,0.0,0.0,69.3,,,,0.0,0.5,100.0,0.0
2020-07-18,,,,0.0,0.0,100.0,,,,0.0,0.0,99.4,0.0,0.2,100.0,0.0
2020-07-19,,,,,,,,,,,,,0.0,0.2,100.0,0.0
2020-07-20,,,,,,,,,,,,,0.0,0.2,100.0,0.0
2020-07-21,0.0,3.2,42.8,,,,,,,,,,0.0,0.2,100.0,0.0
2020-07-22,,,,,,,,,,,,,0.0,0.2,100.0,0.0
2020-07-23,0.0,4.5,18.5,0.0,0.0,100.0,,,,,,,0.0,0.2,100.0,0.0
2020-07-24,,,,,,,,,,,,,0.0,0.2,100.0,0.0
2020-07-25,,,,,,,,,,,,,0.0,0.2,100.0,0.0
2020-07-26,,,,,,,0.0,0.0,42.8,,,,0.0,0.1,100.0,0.0
2020-07-27,0.0,3.7,46.7,,,,,,,,,,0.0,0.1,100.0,0.0
2020-07-28,,,,,,,,,,,,,0.0,0.1,100.0,0.0
2020-07-29,0.0,3.8,18.7,,,,,,,0.0,0.0,46.0,0.0,0.1,100.0,0.0
2020-07-30,,,,,,,,,,,,,0.0,0.1,100.0,0.0
2020-07-31,,,,,,,,,,,,,0.0,0.3,100.0,0.0
2020-08-01,,,,,,,,,,,,,0.0,0.2,100.0,0.0
2020-08-02,0.0,5.1,77.4,,,,,,,,,,0.0,0.3,100.0,0.0
2020-08-03,,,,,,,,,,,,,0.0,0.2,100.0,0.0
2020-08-04,0.0,4.5,42.2,,,,,,,,,,0.0,0.4,100.0,0.0
2020-08-05,,,,,,,,,,,,,0.0,0.4,100.0,0.0
2020-08-06,,,,,,,,,,0.0,0.0,100.0,0.0,0.4,100.0,0.0
2020-08-07,,,,0.0,0.0,100.0,,,,0.0,0.0,100.0,0.0,0.3,100.0,0.0
2020-08-08,,,0.0,,,,,,,,,,0.0,0.4,100.0,0.0
2020-08-09,,,,,,,,,,,,,0.0,0.3,100.0,0.0
2020-08-10,0.0,5.1,41.5,,,,,,,,,,0.0,0.3,100.0,0.0
2020-08-11,,,,,,,,,,,,,0.0,0.4,100.0,0.0
2020-08-12,,,,0.0,0.0,97.0,,,,,,,0.0,0.3,100.0,0.0
2020-08-13,,,,,,,,,,,,,0.0,0.2,100.0,0.0
2020-08-14,0.0,4.8,21.1,,,,,,,,,,0.0,0.2,100.0,0.0
2020-08-15,,,,,,,,,,0.0,0.0,100.0,0.0,0.1,100.0,0.0
2020-08-16,0.0,4.7,75.9,,,,,,,,,,0.0,0.2,100.0,0.0
2020-08-17,,,,,,,,,,,,,0.0,0.1,100.0,0.0
2020-08-18,,,,,,,,,,,,,0.0,0.1,100.0,0.0
2020-08-19,,,,,,,,,,0.0,0.0,100.0,0.0,0.1,100.0,0.0
2020-08-20,0.0,6.8,39.4,,,,,,,,,,0.0,0.1,100.0,0.0
2020-08-21,,,,,,,,,,,,,0.0,0.1,100.0,0.0
2020-08-22,0.0,5.9,77.7,0.0,0.0,66.2,,,,,,,0.0,0.1,100.0,0.0
2020-08-23,,,,,,,,,,0.0,0.0,100.0,0.0,0.0,100.0,0.0
2020-08-24,,,,,,,,,,,,,0.0,0.1,100.0,0.0
2020-08-25,,,,,,,,,,,,,0.0,0.1,100.0,0.0
2020-08-26,0.0,8.1,36.9,,,,,,,0.0,0.0,100.0,0.0,0.1,100.0,0.0
2020-08-27,,,,0.0,0.0,100.0,0.0,0.0,99.8,0.0,0.0,100.0,0.0,0.0,100.0,0.0
2020-08-28,0.0,2.5,23.3,,,,,,,,,,0.0,0.0,100.0,0.0
2020-08-29,,,,,,,,,,,,,0.0,0.0,100.0,0.0
2020-08-30,,,,,,,,,,,,,0.0,0.1,100.0,0.0
2020-08-31,,,,,,,,,,0.0,0.1,85.7,0.0,0.0,100.0,0.0
2020-09-01,0.3,9.8,47.2,0.0,0.0,100.0,,,,,,,0.0,0.1,100.0,0.0
2020-09-02,,,,,,,,,,,,,0.0,0.1,100.0,0.0
2020-09-03,0.0,3.5,25.3,,,,0.0,0.0,100.0,0.0,0.0,100.0,0.0,0.1,100.0,0.0
2020-09-04,,,,,,,,,,0.0,0.0,100.0,0.0,0.1,100.0,0.0
2020-09-05,,,,,,,,,,,,,0.0,0.1,100.0,0.0
2020-09-06,,,,0.0,0.1,65.9,,,,,,,0.0,0.1,100.0,0.0
2020-09-07,0.2,8.9,78.7,,,,,,,0.0,0.1,100.0,0.0,0.1,100.0,0.0
2020-09-08,,,,,,,,,,,,,0.0,0.1,100.0,0.0
2020-09-09,0.4,13.6,36.4,,,,,,,0.0,0.1,69.1,0.0,0.1,100.0,0.0
2020-09-10,,,,,,,,,,,,,0.0,0.2,100.0,0.0
2020-09-11,,,,0.0,0.0,100.0,,,,,,,0.0,0.2,100.0,0.0
2020-09-12,,,,,,,,,,,,,0.0,0.1,100.0,0.0
2020-09-13,0.0,2.9,16.7,,,,,,,,,,0.0,0.2,100.0,0.0
2020-09-14,,,,,,,,,,,,,0.0,0.2,100.0,0.0
2020-09-15,0.0,12.8,40.4,,,,,,,,,,0.0,0.2,100.0,0.0
2020-09-16,,,,0.0,0.0,100.0,,,,,,,0.0,0.1,100.0,0.0
2020-09-17,,,,,,,,,,,,,0.0,0.1,100.0,0.0
2020-09-18,,,,,,,,,,0.0,0.1,100.0,0.0,0.1,100.0,0.0
2020-09-19,0.0,6.8,41.0,,,,,,,,,,0.0,0.2,100.0,0.0
2020-09-20,,,,,,,,,,,,,0.0,0.1,100.0,0.0
2020-09-21,1.1,8.7,99.0,,,,,,,,,,0.0,0.2,100.0,0.0
2020-09-22,,,,,,,,,,,,,0.0,0.2,100.0,0.0
2020-09-23,,,,,,,,,,,,,0.0,0.2,100.0,0.0
2020-09-24,,,,,,,,,,,,,0.0,0.3,100.0,0.0
2020-09-25,0.2,10.7,73.4,,,,,,,,,,0.0,0.3,100.0,0.0
2020-09-26,,,,,,,,,,,,,0.0,0.3,100.0,0.0
2020-09-27,1.1,11.0,99.4,,,,,,,,,,0.0,0.3,100.0,0.0
2020-09-28,,,,,,,0.0,0.0,54.0,,,,0.0,0.3,100.0,0.0
2020-09-29,,,,,,,,,,,,,0.0,0.3,100.0,0.0
2020-09-30,,,,,,,,,,0.0,0.1,52.6,0.0,0.3,100.0,0.0
2020-10-01,0.0,11.2,38.5,,,,,,,,,,0.0,0.3,100.0,0.0
2020-10-02,,,,,,,,,,,,,0.0,0.4,100.0,0.0
2020-10-03,1.1,12.9,42.3,,,,,,,,,,0.0,0.4,100.0,0.0
2020-10-04,,,,,,,,,,,,,0.0,0.5,100.0,0.0
2020-10-05,,,,,,,,,,,,,0.0,0.5,100.0,0.0
2020-10-06,,,,,,,,,,,,,0.0,0.7,100.0,0.0
2020-10-07,0.0,9.1,44.3,,,,,,,,,,0.0,0.8,100.0,0.0
2020-10-08,,,,,,,,,,0.0,0.3,100.0,0.0,0.7,100.0,0.0
2020-10-09,0.0,13.9,39.8,,,,,,,0.0,0.8,100.0,0.0,0.8,100.0,0.0
2020-10-10,,,,,,,,,,,,,0.0,1.0,100.0,0.0
2020-10-11,,,,,,,,,,,,,0.0,1.1,100.0,0.0
2020-10-12,,,,,,,,,,0.0,1.0,86.6,0.0,0.9,100.0,0.0
2020-10-13,1.4,13.6,95.2,,,,,,,,,,0.0,1.2,100.0,0.0
2020-10-14,,,,,,,,,,,,,0.0,1.8,100.0,0.0
2020-10-15,0.0,7.1,40.8,,,,,,,,,,0.0,2.2,100.0,0.0
2020-10-16,,,,0.0,0.0,71.8,,,,0.0,0.8,100.0,0.0,1.3,100.0,0.0
2020-10-17,,,,,,,,,,0.0,1.0,100.0,0.0,1.4,100.0,0.0
2020-10-18,,,,,,,,,,,,,0.0,1.6,100.0,0.0
2020-10-19,0.0,15.5,35.3,,,,,,,,,,0.0,1.7,100.0,0.0
2020-10-20,,,,,,,,,,,,,0.0,1.2,100.0,0.0
2020-10-21,0.0,5.9,40.6,,,,,,,0.0,0.9,77.8,0.0,1.3,100.0,0.0
2020-10-22,,,,,,,,,,,,,0.0,1.3,100.0,0.0
2020-10-23,,,,,,,,,,,,,0.0,1.2,100.0,0.0
2020-10-24,,,,,,,,,,0.0,1.8,100.0,0.0,1.0,100.0,0.0
2020-10-25,0.4,11.7,37.6,,,,,,,0.0,2.3,94.0,0.0,1.1,100.0,0.0
2020-10-26,,,,,,,,,,,,,0.0,1.0,100.0,0.0
2020-10-27,0.6,8.8,95.5,,,,,,,,,,0.0,0.9,100.0,0.0
2020-10-28,,,,,,,,,,0.0,5.7,100.0,0.0,0.8,100.0,0.0
2020-10-29,,,,,,,,,,,,,0.0,1.0,100.0,0.0
2020-10-30,,,,,,,0.0,0.0,68.3,,,,0.0,1.0,100.0,0.0
2020-10-31,0.0,4.7,39.4,0.0,0.0,100.0,,,,,,,0.0,0.8,100.0,0.0
2020-11-01,,,,,,,,,,,,,0.0,0.7,100.0,0.0
2020-11-02,0.0,8.7,32.2,,,,,,,0.0,4.9,100.0,0.0,0.6,100.0,0.0
2020-11-03,,,,,,,,,,,,,0.0,1.0,100.0,0.0
2020-11-04,,,,,,,,,,,,,0.0,1.0,100.0,0.0
2020-11-05,,,,0.0,0.1,100.0,,,,,,,0.0,1.0,100.0,0.0
2020-11-06,2.8,13.0,98.4,,,,,,,,,,0.0,1.0,100.0,0.0
2020-11-07,,,,,,,,,,,,,0.0,1.3,100.0,0.0
2020-11-08,0.2,8.5,47.1,,,,,,,,,,0.0,1.3,100.0,0.0
2020-11-09,,,,,,,,,,,,,0.0,1.2,100.0,0.0
2020-11-10,,,,0.0,0.1,100.0,,,,,,,0.0,1.0,100.0,0.0
2020-11-11,,,,,,,,,,,,,0.0,1.1,100.0,0.0
2020-11-12,3.6,18.5,37.7,,,,,,,,,,0.0,1.2,100.0,0.0
2020-11-13,,,,,,,,,,,,,0.0,1.3,100.0,0.0
2020-11-14,,,,,,,,,,,,,0.0,1.6,100.0,0.0
2020-11-15,,,,0.0,0.1,34.1,0.0,0.1,77.4,,,,0.0,1.7,100.0,0.0
2020-11-16,,,,,,,,,,,,,0.0,2.5,100.0,0.0
2020-11-17,,,,,,,,,,,,,0.0,2.9,100.0,0.0
2020-11-18,0.0,11.6,44.1,,,,,,,,,,0.0,4.2,100.0,0.0
2020-11-19,,,,,,,,,,,,,0.0,4.9,100.0,0.0
2020-11-20,10.3,25.9,36.5,0.0,1.4,69.1,,,,,,,0.0,7.4,100.0,0.0
2020-11-21,,,,,,,,,,,,,0.0,7.9,100.0,0.0
2020-11-22,,,,,,,0.0,2.0,66.8,,,,0.0,12.1,100.0,0.0
2020-11-23,,,,,,,,,,,,,0.0,11.2,100.0,0.0
2020-11-24,3.7,18.0,38.4,,,,,,,,,,0.0,16.2,100.0,0.0
2020-11-25,13.3,33.6,32.9,0.0,1.4,100.0,,,,,,,0.0,19.4,100.0,0.0
2020-11-26,,,,,,,,,,,,,2.6,29.4,100.0,2.6
2020-11-27,,,,,,,,,,1.4,27.4,100.0,0.2,25.6,100.0,0.2
2020-11-28,,,,,,,,,,74.3,54.2,100.0,3.3,34.9,100.0,3.3
2020-11-29,,,,,,,,,,,,,4.6,40.6,100.0,4.6
2020-11-30,35.9,36.5,97.6,5.9,16.7,100.0,,,,,,,28.5,54.6,100.0,28.5
2020-12-01,,,,,,,,,,99.8,75.8,100.0,19.9,51.1,100.0,19.9
2020-12-02,28.2,35.1,48.4,,,,,,,100.0,83.0,100.0,46.4,59.4,100.0,46.4
2020-12-03,,,,,,,,,,,,,89.4,66.4,100.0,89.4
2020-12-04,,,,,,,,,,,,,97.9,73.5,100.0,97.9
2020-12-05,,,,,,,,,,,,,97.8,72.7,100.0,97.8
2020-12-06,91.5,60.4,38.5,,,,,,,100.0,84.0,100.0,99.5,78.8,100.0,99.5
2020-12-07,77.9,53.9,48.0,,,,,,,,,,99.8,79.9,100.0,99.8
2020-12-08,99.5,71.6,33.0,,,,,,,,,,100.0,86.6,100.0,100.0
2020-12-09,,,,,,,,,,,,,100.0,86.1,100.0,100.0
2020-12-10,,,,99.0,95.1,100.0,,,,100.0,85.9,100.0,100.0,90.1,100.0,100.0
2020-12-11,,,,,,,,,,,,,100.0,91.0,100.0,100.0
2020-12-12,86.2,62.5,97.8,,,,,,,,,,100.0,92.7,100.0,100.0
2020-12-13,,,,,,,,,,100.0,94.6,100.0,100.0,92.3,100.0,100.0
2020-12-14,99.0,70.8,46.8,,,,,,,100.0,94.9,100.0,100.0,94.5,100.0,100.0
2020-12-15,,,,,,,,,,100.0,95.7,100.0,100.0,94.7,100.0,100.0
2020-12-16,,,,,,,,,,,,,100.0,95.6,100.0,100.0
2020-12-17,,,,,,,100.0,99.9,100.0,100.0,94.8,100.0,100.0,96.2,100.0,100.0
2020-12-18,99.0,77.8,38.3,,,,,,,100.0,95.9,100.0,100.0,95.5,100.0,100.0
2020-12-19,99.1,76.8,46.9,,,,,,,,,,100.0,96.0,100.0,100.0
2020-12-20,100.0,82.6,33.2,,,,,,,,,,100.0,95.4,100.0,100.0
2020-12-21,,,,,,,,,,,,,100.0,94.5,100.0,100.0
2020-12-22,,,,,,,,,,,,,100.0,93.0,100.0,100.0
2020-12-23,,,,,,,,,,,,,100.0,93.6,100.0,100.0
2020-12-24,94.1,76.8,97.8,,,,,,,,,,100.0,93.3,100.0,100.0
2020-12-25,,,,,,,,,,,,,100.0,92.2,100.0,100.0
2020-12-26,100.0,80.4,46.8,,,,,,,100.0,97.4,50.2,100.0,91.3,100.0,100.0
2020-12-27,,,,,,,,,,,,,100.0,91.9,100.0,100.0
2020-12-28,,,,,,,,,,,,,100.0,90.6,100.0,100.0
2020-12-29,,,,,,,,,,,,,99.9,90.0,100.0,99.9
2020-12-30,99.6,80.7,38.8,99.1,95.2,100.0,,,,100.0,96.7,100.0,100.0,91.6,100.0,100.0
2020-12-31,97.4,79.1,48.4,,,,,,,,,,100.0,90.8,100.0,100.0
2021-01-01,98.3,83.5,33.7,,,,,,,,,,99.8,90.4,100.0,99.8
2021-01-02,,,,,,,,,,,,,99.8,87.7,100.0,99.8
2021-01-03,,,,,,,,,,,,,100.0,90.2,100.0,100.0
2021-01-04,,,,99.1,88.8,100.0,,,,,,,100.0,92.3,100.0,100.0
2021-01-05,95.3,76.4,98.4,,,,,,,,,,100.0,92.9,100.0,100.0
2021-01-06,,,,,,,,,,99.8,97.9,100.0,100.0,92.1,100.0,100.0
2021-01-07,99.7,83.1,47.5,,,,,,,99.9,98.2,71.5,100.0,93.8,100.0,100.0
2021-01-08,,,,,,,,,,,,,100.0,93.8,100.0,100.0
2021-01-09,,,,99.2,96.2,100.0,,,,100.0,99.1,99.7,100.0,95.4,100.0,100.0
2021-01-10,,,,,,,,,,,,,100.0,94.4,100.0,100.0
2021-01-11,100.0,83.0,42.8,,,,,,,,,,100.0,95.6,100.0,100.0
2021-01-12,92.9,75.6,47.0,,,,,,,,,,100.0,96.0,100.0,100.0
2021-01-13,98.8,79.3,96.3,,,,,,,,,,100.0,96.2,100.0,100.0
2021-01-14,,,,,,,,,,,,,100.0,95.7,100.0,100.0
2021-01-15,,,,,,,,,,,,,100.0,96.7,100.0,100.0
2021-01-16,,,,,,,,,,,,,100.0,96.3,100.0,100.0
2021-01-17,100.0,89.0,34.1,,,,,,,,,,100.0,97.3,100.0,100.0
2021-01-18,97.7,79.9,97.6,,,,100.0,100.0,41.6,,,,100.0,97.3,100.0,100.0
2021-01-19,98.9,82.0,96.8,99.6,98.4,100.0,,,,,,,100.0,97.9,100.0,100.0
2021-01-20,,,,,,,,,,,,,100.0,96.9,100.0,100.0
2021-01-21,,,,,,,,,,,,,100.0,97.0,100.0,100.0
2021-01-22,,,,,,,,,,,,,100.0,96.7,100.0,100.0
2021-01-23,99.9,85.3,79.5,,,,,,,,,,100.0,97.4,100.0,100.0
2021-01-24,100.0,93.0,33.7,99.4,97.1,100.0,,,,,,,100.0,97.1,100.0,100.0
2021-01-25,100.0,86.7,96.3,,,,,,,100.0,99.6,40.9,100.0,97.1,100.0,100.0
2021-01-26,,,,,,,,,,100.0,99.6,71.9,100.0,96.9,100.0,100.0
2021-01-27,,,,,,,,,,,,,100.0,97.0,100.0,100.0
2021-01-28,,,,,,,,,,,,,100.0,96.5,100.0,100.0
2021-01-29,100.0,91.3,99.2,,,,,,,100.0,99.6,100.0,100.0,96.5,100.0,100.0
2021-01-30,100.0,89.2,50.0,,,,,,,,,,100.0,96.2,100.0,100.0
2021-01-31,100.0,93.4,98.1,,,,,,,,,,100.0,96.7,100.0,100.0
2021-02-01,,,,,,,,,,,,,100.0,95.6,100.0,100.0
2021-02-02,,,,,,,,,,,,,100.0,95.1,100.0,100.0
2021-02-03,,,,,,,,,,,,,99.9,93.8,100.0,99.9
2021-02-04,100.0,95.7,43.6,,,,,,,,,,100.0,95.1,100.0,100.0
2021-02-05,,,,,,,,,,,,,100.0,95.6,100.0,100.0
2021-02-06,100.0,94.7,98.1,,,,,,,,,,100.0,95.7,100.0,100.0
2021-02-07,,,,,,,,,,,,,99.9,94.3,100.0,99.9
2021-02-08,,,,99.7,97.6,100.0,,,,,,,100.0,97.1,100.0,100.0
2021-02-09,,,,,,,,,,,,,100.0,96.2,100.0,100.0
2021-02-10,100.0,95.7,48.3,,,,,,,,,,100.0,96.9,100.0,100.0
2021-02-11,99.9,96.1,98.5,,,,,,,100.0,99.6,100.0,100.0,96.5,100.0,100.0
2021-02-12,100.0,97.1,32.4,,,,,,,,,,100.0,97.6,100.0,100.0
2021-02-13,,,,98.1,96.5,100.0,,,,,,,100.0,98.3,100.0,100.0
2021-02-14,,,,,,,,,,,,,100.0,98.4,100.0,100.0
2021-02-15,,,,,,,,,,,,,100.0,98.1,100.0,100.0
2021-02-16,100.0,97.8,79.8,,,,,,,,,,100.0,99.1,100.0,100.0
2021-02-17,100.0,97.4,47.4,,,,,,,,,,100.0,99.2,100.0,100.0
2021-02-18,100.0,96.3,98.1,98.1,97.3,96.4,,,,,,,100.0,99.5,100.0,100.0
2021-02-19,,,,,,,100.0,100.0,92.2,100.0,99.4,100.0,100.0,99.4,100.0,100.0
2021-02-20,,,,,,,,,,100.0,99.2,100.0,100.0,99.5,100.0,100.0
2021-02-21,,,,,,,,,,,,,100.0,99.5,100.0,100.0
2021-02-22,100.0,95.6,33.7,,,,,,,,,,100.0,99.5,100.0,100.0
2021-02-23,,,,99.8,98.5,100.0,,,,100.0,99.1,100.0,100.0,99.6,100.0,100.0
2021-02-24,100.0,94.9,97.6,,,,,,,100.0,99.0,100.0,100.0,99.6,100.0,100.0
2021-02-25,,,,,,,,,,,,,100.0,99.5,100.0,100.0
2021-02-26,,,,,,,100.0,100.0,100.0,,,,100.0,99.6,100.0,100.0
2021-02-27,,,,,,,,,,100.0,98.6,100.0,100.0,99.4,100.0,100.0
2021-02-28,99.8,94.4,41.0,100.0,98.8,100.0,,,,,,,100.0,99.5,100.0,100.0
2021-03-01,100.0,92.4,95.3,,,,,,,,,,100.0,99.3,100.0,100.0
2021-03-02,100.0,88.0,36.5,,,,,,,100.0,98.5,100.0,100.0,99.1,100.0,100.0
2021-03-03,,,,,,,,,,,,,100.0,98.7,100.0,100.0
2021-03-04,,,,,,,,,,100.0,98.5,95.7,100.0,98.7,100.0,100.0
2021-03-05,,,,,,,,,,,,,100.0,98.2,100.0,100.0
2021-03-06,100.0,88.4,98.7,,,,,,,,,,100.0,98.1,100.0,100.0
2021-03-07,,,,,,,,,,100.0,98.5,100.0,100.0,96.9,100.0,100.0
2021-03-08,100.0,84.7,95.1,,,,,,,,,,100.0,97.1,100.0,100.0
2021-03-09,,,,,,,,,,,,,100.0,96.2,100.0,100.0
2021-03-10,,,,99.7,98.9,100.0,,,,,,,100.0,96.7,100.0,100.0
2021-03-11,,,,,,,,,,,,,99.8,94.5,100.0,99.8
2021-03-12,100.0,88.1,78.3,,,,,,,,,,99.7,94.7,100.0,99.7
2021-03-13,100.0,77.5,37.7,,,,,,,,,,99.7,93.9,100.0,99.7
2021-03-14,100.0,90.0,97.7,,,,,,,,,,99.4,94.0,100.0,99.4
2021-03-15,,,,,,,,,,,,,99.7,93.7,100.0,99.7
2021-03-16,,,,,,,,,,,,,99.4,93.4,100.0,99.4
2021-03-17,,,,,,,,,,,,,99.7,94.1,100.0,99.7
2021-03-18,100.0,90.9,97.4,,,,,,,,,,99.6,93.9,100.0,99.6
2021-03-19,,,,,,,,,,,,,100.0,95.0,100.0,100.0
2021-03-20,100.0,87.6,39.7,98.8,98.4,100.0,,,,,,,100.0,96.2,100.0,100.0
2021-03-21,,,,,,,,,,,,,100.0,96.6,100.0,100.0
2021-03-22,,,,,,,,,,,,,100.0,96.7,100.0,100.0
2021-03-23,,,,,,,100.0,99.8,99.9,,,,100.0,97.8,100.0,100.0
2021-03-24,100.0,91.0,79.6,,,,,,,,,,100.0,98.1,100.0,100.0
2021-03-25,100.0,90.2,95.9,97.5,97.5,100.0,,,,,,,100.0,98.6,100.0,100.0
2021-03-26,100.0,89.8,94.1,,,,,,,100.0,99.1,64.0,100.0,98.4,100.0,100.0
2021-03-27,,,,,,,,,,100.0,98.7,100.0,100.0,98.3,100.0,100.0
2021-03-28,,,,,,,,,,,,,100.0,98.5,100.0,100.0
2021-03-29,,,,,,,,,,,,,100.0,98.4,100.0,100.0
2021-03-30,100.0,88.1,39.7,98.7,97.9,100.0,100.0,99.6,74.2,100.0,98.4,100.0,100.0,98.8,100.0,100.0
2021-03-31,,,,,,,,,,100.0,98.2,100.0,100.0,98.3,100.0,100.0
2021-04-01,100.0,90.0,98.3,,,,,,,,,,100.0,98.5,100.0,100.0
2021-04-02,,,,,,,,,,,,,100.0,98.1,100.0,100.0
2021-04-03,,,,,,,,,,100.0,98.2,100.0,100.0,98.0,100.0,100.0
2021-04-04,,,,99.6,98.4,100.0,,,,100.0,98.1,100.0,100.0,98.1,100.0,100.0
2021-04-05,100.0,94.8,33.8,,,,,,,,,,100.0,98.2,100.0,100.0
2021-04-06,100.0,84.9,98.9,,,,,,,,,,100.0,98.1,100.0,100.0
2021-04-07,100.0,85.1,39.6,,,,,,,,,,100.0,98.1,100.0,100.0
2021-04-08,,,,,,,100.0,99.1,98.4,100.0,98.0,100.0,100.0,97.9,100.0,100.0
2021-04-09,,,,100.0,98.8,100.0,,,,,,,100.0,98.3,100.0,100.0
2021-04-10,,,,,,,,,,,,,100.0,97.7,100.0,100.0
2021-04-11,100.0,82.5,98.9,,,,,,,,,,100.0,97.6,100.0,100.0
2021-04-12,,,,,,,,,,,,,100.0,97.0,100.0,100.0
2021-04-13,96.7,70.3,41.8,,,,,,,,,,100.0,97.2,100.0,100.0
2021-04-14,,,,100.0,99.1,100.0,,,,,,,100.0,97.2,100.0,100.0
2021-04-15,,,,,,,,,,100.0,97.7,100.0,100.0,96.5,100.0,100.0
2021-04-16,,,,,,,,,,100.0,96.7,56.2,100.0,96.1,100.0,100.0
2021-04-17,98.7,76.3,78.6,,,,,,,100.0,96.9,100.0,100.0,96.3,100.0,100.0
2021-04-18,99.0,79.7,39.7,,,,,,,,,,100.0,96.0,100.0,100.0
2021-04-19,86.4,66.9,95.5,,,,,,,100.0,96.3,100.0,100.0,95.9,100.0,100.0
2021-04-20,,,,,,,,,,100.0,96.2,100.0,100.0,95.4,100.0,100.0
2021-04-21,,,,,,,,,,,,,100.0,95.8,100.0,100.0
2021-04-22,,,,,,,,,,,,,100.0,95.5,100.0,100.0
2021-04-23,67.4,50.7,41.8,,,,,,,100.0,95.2,100.0,100.0,95.6,100.0,100.0
2021-04-24,,,,100.0,98.5,100.0,100.0,95.4,98.5,100.0,94.8,100.0,100.0,96.2,100.0,100.0
2021-04-25,76.7,62.3,99.8,,,,,,,100.0,92.6,100.0,100.0,95.6,100.0,100.0
2021-04-26,,,,,,,,,,,,,100.0,95.1,100.0,100.0
2021-04-27,,,,,,,,,,100.0,90.7,100.0,100.0,95.0,100.0,100.0
2021-04-28,,,,,,,,,,99.8,84.7,100.0,100.0,94.1,100.0,100.0
2021-04-29,97.8,79.4,44.4,,,,,,,98.0,74.2,100.0,100.0,94.3,100.0,100.0
2021-04-30,84.9,65.4,99.2,,,,,,,,,,100.0,94.4,100.0,100.0
2021-05-01,60.7,50.9,46.2,,,,,,,,,,100.0,94.5,100.0,100.0
2021-05-02,,,,,,,,,,,,,100.0,93.0,100.0,100.0
2021-05-03,,,,,,,,,,,,,100.0,93.5,100.0,100.0
2021-05-04,,,,,,,,,,,,,100.0,94.1,100.0,100.0
2021-05-05,91.1,69.6,100.0,,,,,,,,,,100.0,95.1,100.0,100.0
2021-05-06,,,,,,,,,,,,,100.0,94.3,100.0,100.0
2021-05-07,85.8,66.8,99.9,,,,,,,,,,100.0,95.1,100.0,100.0
2021-05-08,,,,,,,,,,,,,100.0,94.7,100.0,100.0
2021-05-09,,,,100.0,97.6,100.0,,,,,,,100.0,95.1,100.0,100.0
2021-05-10,,,,,,,,,,,,,100.0,93.0,100.0,100.0
2021-05-11,89.1,70.3,71.1,,,,,,,,,,100.0,92.9,100.0,100.0
2021-05-12,96.4,73.9,44.8,,,,,,,,,,100.0,93.3,100.0,100.0
2021-05-13,95.1,72.6,97.7,,,,,,,,,,100.0,92.7,100.0,100.0
2021-05-14,,,,,,,,,,,,,100.0,91.8,100.0,100.0
2021-05-15,,,,,,,,,,,,,100.0,90.9,100.0,100.0
2021-05-16,,,,,,,,,,,,,100.0,91.4,100.0,100.0
2021-05-17,87.5,61.1,38.2,,,,,,,,,,100.0,90.1,100.0,100.0
2021-05-18,,,,,,,,,,,,,100.0,89.3,100.0,100.0
2021-05-19,94.6,70.8,43.4,100.0,99.3,59.7,,,,,,,99.9,89.6,100.0,99.9
2021-05-20,,,,,,,,,,,,,100.0,89.1,100.0,100.0
2021-05-21,,,,,,,,,,,,,99.8,87.9,100.0,99.8
2021-05-22,,,,,,,,,,,,,99.7,86.7,100.0,99.7
2021-05-23,76.4,50.4,45.1,,,,,,,,,,97.8,85.2,100.0,97.8
2021-05-24,,,,,,,,,,,,,98.3,83.9,100.0,98.3
2021-05-25,76.4,57.1,41.6,,,,,,,,,,90.3,80.8,100.0,90.3
2021-05-26,,,,,,,96.2,87.4,38.4,,,,84.8,76.9,100.0,84.8
2021-05-27,,,,,,,,,,,,,75.3,70.0,100.0,75.3
2021-05-28,,,,,,,,,,,,,62.2,63.5,100.0,62.2
2021-05-29,50.0,43.3,98.0,99.0,89.2,97.0,,,,,,,47.6,58.9,100.0,47.6
2021-05-30,,,,,,,,,,,,,28.7,45.0,100.0,28.7
2021-05-31,49.5,42.4,39.8,,,,,,,,,,15.3,33.1,100.0,15.3
2021-06-01,,,,,,,,,,,,,8.7,25.2,100.0,8.7
2021-06-02,,,,,,,,,,,,,4.5,20.5,100.0,4.5
2021-06-03,,,,,,,,,,,,,0.0,14.6,100.0,0.0
2021-06-04,54.1,44.3,35.8,,,,,,,,,,0.0,9.9,100.0,0.0
2021-06-05,,,,,,,,,,,,,0.0,7.3,100.0,0.0
2021-06-06,16.6,27.4,97.0,,,,,,,,,,0.0,7.9,100.0,0.0
2021-06-07,,,,,,,,,,,,,0.0,8.4,100.0,0.0
2021-06-08,,,,,,,,,,,,,0.0,8.8,100.0,0.0
2021-06-09,,,,,,,,,,,,,0.0,8.2,100.0,0.0
2021-06-10,0.4,16.4,38.8,,,,,,,,,,0.0,7.8,100.0,0.0
2021-06-11,,,,,,,43.2,37.8,35.3,,,,0.0,8.4,100.0,0.0
2021-06-12,9.2,16.1,39.7,,,,,,,,,,0.0,7.7,100.0,0.0
2021-06-13,,,,11.1,19.4,100.0,,,,0.0,14.4,73.2,0.0,6.4,100.0,0.0
2021-06-14,,,,,,,,,,0.0,4.1,88.2,0.0,4.7,100.0,0.0
2021-06-15,,,,,,,,,,,,,0.0,5.1,100.0,0.0
2021-06-16,0.2,10.5,45.9,,,,,,,,,,0.0,5.0,100.0,0.0
2021-06-17,,,,,,,,,,0.0,3.3,100.0,0.0,3.8,100.0,0.0
2021-06-18,4.6,11.7,36.7,0.0,0.7,100.0,,,,,,,0.0,3.7,100.0,0.0
2021-06-19,,,,,,,,,,0.0,0.5,70.1,0.0,3.7,100.0,0.0
2021-06-20,,,,,,,,,,,,,0.0,3.9,100.0,0.0
2021-06-21,,,,,,,,,,0.0,1.3,100.0,0.0,2.9,100.0,0.0
2021-06-22,6.9,13.3,97.3,,,,,,,0.0,0.7,100.0,0.0,3.1,100.0,0.0
2021-06-23,,,,,,,,,,,,,0.0,3.5,100.0,0.0
2021-06-24,,,,,,,,,,,,,0.0,3.5,100.0,0.0
2021-06-25,,,,,,,,,,0.0,0.2,100.0,0.0,3.2,100.0,0.0
2021-06-26,,,,,,,,,,0.0,0.0,100.0,0.0,3.7,100.0,0.0
2021-06-27,,,,,,,,,,,,,0.0,4.7,100.0,0.0
2021-06-28,0.0,7.3,78.4,,,,,,,,,,0.0,4.0,100.0,0.0
2021-06-29,,,,,,,,,,,,,0.0,2.9,100.0,0.0
2021-06-30,,,,,,,,,,,,,0.0,3.9,100.0,0.0
2021-07-01,,,,,,,,,,,,,0.0,4.6,100.0,0.0
2021-07-02,,,,,,,,,,,,,0.0,4.0,100.0,0.0
2021-07-03,,,,,,,,,,,,,0.0,3.3,100.0,0.0
2021-07-04,,,,,,,,,,,,,0.0,2.7,100.0,0.0
2021-07-05,,,,,,,,,,0.0,0.0,62.0,0.0,3.2,100.0,0.0
2021-07-06,2.2,8.9,97.2,,,,,,,,,,0.0,1.9,100.0,0.0
2021-07-07,,,,,,,,,,,,,0.0,1.5,100.0,0.0
2021-07-08,,,,,,,,,,,,,0.0,1.3,100.0,0.0
2021-07-09,,,,,,,,,,,,,0.0,1.3,100.0,0.0
2021-07-10,0.2,4.8,78.8,,,,,,,,,,0.0,1.1,100.0,0.0
2021-07-11,,,,,,,,,,0.0,0.0,100.0,0.0,1.0,100.0,0.0
2021-07-12,1.7,8.5,97.7,,,,,,,,,,0.0,0.9,100.0,0.0
2021-07-13,,,,,,,,,,,,,0.0,0.7,100.0,0.0
2021-07-14,,,,,,,,,,,,,0.0,0.4,100.0,0.0
2021-07-15,,,,,,,,,,,,,0.0,0.5,100.0,0.0
2021-07-16,0.0,4.8,44.7,,,,,,,,,,0.0,0.5,100.0,0.0
2021-07-17,,,,,,,,,,,,,0.0,0.4,100.0,0.0
2021-07-18,0.2,3.4,34.0,0.0,0.0,100.0,,,,,,,0.0,0.3,100.0,0.0
2021-07-19,,,,,,,,,,,,,0.0,0.2,100.0,0.0
2021-07-20,,,,,,,0.0,0.0,99.4,,,,0.0,0.2,100.0,0.0
2021-07-21,,,,,,,,,,,,,0.0,0.1,100.0,0.0
2021-07-22,0.0,5.8,47.1,,,,,,,0.0,0.0,100.0,0.0,0.1,100.0,0.0
2021-07-23,,,,0.0,0.0,94.0,,,,0.0,0.0,100.0,0.0,0.1,100.0,0.0
2021-07-24,0.2,3.1,34.7,,,,,,,,,,0.0,0.1,100.0,0.0
2021-07-25,,,,,,,,,,,,,0.0,0.1,100.0,0.0
2021-07-26,,,,,,,,,,,,,0.0,0.0,100.0,0.0
2021-07-27,,,,,,,,,,,,,0.0,0.0,100.0,0.0
2021-07-28,0.3,5.4,96.9,,,,,,,,,,0.0,0.1,100.0,0.0
2021-07-29,,,,,,,0.0,0.0,81.6,,,,0.0,0.1,100.0,0.0
2021-07-30,0.0,3.6,40.9,,,,,,,,,,0.0,0.0,100.0,0.0
2021-07-31,,,,,,,,,,,,,0.0,0.0,100.0,0.0
2021-08-01,,,,,,,,,,,,,0.0,0.0,100.0,0.0
2021-08-02,,,,,,,,,,,,,0.0,0.0,100.0,0.0
2021-08-03,0.0,2.8,32.7,,,,,,,,,,0.0,0.0,100.0,0.0
2021-08-04,,,,,,,,,,,,,0.0,0.0,100.0,0.0
2021-08-05,0.4,2.4,44.9,,,,,,,0.0,0.0,100.0,0.0,0.0,100.0,0.0
2021-08-06,,,,,,,,,,,,,0.0,0.1,100.0,0.0
2021-08-07,,,,,,,,,,,,,0.0,0.0,100.0,0.0
2021-08-08,,,,,,,,,,0.0,0.0,75.8,0.0,0.0,100.0,0.0
2021-08-09,0.2,2.5,36.0,,,,,,,0.0,0.0,100.0,0.0,0.0,100.0,0.0
2021-08-10,,,,,,,,,,,,,0.0,0.1,100.0,0.0
2021-08-11,0.8,3.7,97.4,,,,,,,,,,0.0,0.0,100.0,0.0
2021-08-12,,,,0.0,0.0,99.8,,,,0.0,0.0,100.0,0.0,0.0,100.0,0.0
2021-08-13,,,,,,,0.0,0.0,38.0,0.0,0.0,100.0,0.0,0.0,100.0,0.0
2021-08-14,,,,,,,0.0,0.0,99.4,,,,0.0,0.0,100.0,0.0
2021-08-15,0.0,1.5,76.9,,,,,,,,,,0.0,0.0,100.0,0.0
2021-08-16,,,,,,,,,,,,,0.0,0.0,100.0,0.0
2021-08-17,0.4,3.2,95.5,0.0,0.0,100.0,,,,0.0,0.0,45.8,0.0,0.0,100.0,0.0
2021-08-18,,,,,,,,,,0.0,0.0,100.0,0.0,0.0,100.0,0.0
2021-08-19,,,,,,,,,,,,,0.0,0.0,100.0,0.0
2021-08-20,,,,,,,,,,0.0,0.0,100.0,0.0,0.0,100.0,0.0
2021-08-21,0.0,1.5,45.6,,,,0.0,0.0,100.0,0.0,0.0,100.0,0.0,0.0,100.0,0.0
2021-08-22,,,,,,,,,,,,,0.0,0.0,100.0,0.0
2021-08-23,0.0,1.4,34.2,,,,,,,,,,0.0,0.0,100.0,0.0
2021-08-24,,,,,,,,,,,,,0.0,0.0,100.0,0.0
2021-08-25,,,,,,,,,,0.0,0.0,100.0,0.0,0.0,100.0,0.0
2021-08-26,,,,,,,,,,,,,0.0,0.0,100.0,0.0
2021-08-27,0.0,1.1,46.4,0.0,0.0,100.0,,,,,,,0.0,0.0,100.0,0.0
2021-08-28,,,,,,,,,,,,,0.0,0.0,100.0,0.0
2021-08-29,0.0,1.4,35.3,,,,,,,0.0,0.0,100.0,0.0,0.0,100.0,0.0
2021-08-30,,,,,,,0.0,0.0,99.8,0.0,0.0,100.0,0.0,0.0,100.0,0.0
2021-08-31,,,,,,,,,,,,,0.0,0.0,100.0,0.0
2021-09-01,,,,0.0,0.1,100.0,,,,,,,0.0,0.0,100.0,0.0
2021-09-02,0.0,2.0,96.3,,,,,,,0.0,0.0,100.0,0.0,0.0,100.0,0.0
2021-09-03,,,,,,,,,,0.0,0.0,97.3,0.0,0.1,100.0,0.0
2021-09-04,0.0,1.9,46.1,,,,,,,,,,0.0,0.1,100.0,0.0
2021-09-05,,,,,,,,,,0.0,0.0,100.0,0.0,0.1,100.0,0.0
2021-09-06,,,,0.0,0.1,99.8,,,,0.0,0.0,100.0,0.0,0.1,100.0,0.0
2021-09-07,,,,,,,,,,,,,0.0,0.1,100.0,0.0
2021-09-08,0.0,1.8,32.0,,,,,,,,,,0.0,0.1,100.0,0.0
2021-09-09,,,,,,,,,,,,,0.0,0.0,100.0,0.0
2021-09-10,0.0,1.9,45.6,,,,,,,,,,0.0,0.0,100.0,0.0
2021-09-11,,,,,,,,,,,,,0.0,0.0,100.0,0.0
2021-09-12,,,,,,,,,,,,,0.0,0.0,100.0,0.0
2021-09-13,,,,,,,,,,,,,0.0,0.0,100.0,0.0
2021-09-14,0.0,2.1,34.4,,,,,,,,,,0.0,0.0,100.0,0.0
2021-09-15,,,,,,,,,,,,,0.0,0.0,100.0,0.0
2021-09-16,0.1,2.5,96.5,,,,,,,,,,0.0,0.0,100.0,0.0
2021-09-17,,,,,,,,,,0.0,0.0,100.0,0.0,0.0,100.0,0.0
2021-09-18,,,,,,,,,,,,,0.0,0.0,100.0,0.0
2021-09-19,,,,,,,,,,,,,0.0,0.0,100.0,0.0
2021-09-20,0.0,1.6,77.5,,,,,,,,,,0.0,0.0,100.0,0.0
2021-09-21,,,,,,,,,,,,,0.0,0.0,100.0,0.0
2021-09-22,0.3,3.1,97.1,,,,0.0,0.0,99.8,,,,0.0,0.0,100.0,0.0
2021-09-23,,,,,,,,,,,,,0.0,0.0,100.0,0.0
2021-09-24,,,,,,,,,,,,,0.0,0.0,100.0,0.0
2021-09-25,,,,,,,,,,,,,0.0,0.0,100.0,0.0
2021-09-26,0.0,2.6,44.3,,,,,,,,,,0.0,0.0,100.0,0.0
2021-09-27,,,,,,,,,,,,,0.0,0.0,100.0,0.0
2021-09-28,0.0,1.6,32.3,,,,,,,,,,0.0,0.0,100.0,0.0
2021-09-29,,,,,,,,,,,,,0.0,0.0,100.0,0.0
2021-09-30,,,,,,,,,,,,,0.0,0.0,100.0,0.0
2021-10-01,,,,0.0,0.0,100.0,0.0,0.0,99.6,,,,0.0,0.0,100.0,0.0
2021-10-02,0.0,2.3,42.0,,,,,,,,,,0.0,0.0,100.0,0.0
2021-10-03,,,,,,,,,,,,,0.0,0.1,100.0,0.0
2021-10-04,0.0,2.2,32.5,,,,,,,,,,0.0,0.1,100.0,0.0
2021-10-05,,,,,,,,,,,,,0.0,0.1,100.0,0.0
2021-10-06,,,,0.0,0.1,56.5,,,,,,,0.0,0.1,100.0,0.0
2021-10-07,,,,,,,,,,,,,0.0,0.1,100.0,0.0
2021-10-08,0.0,2.8,95.5,,,,0.0,0.0,98.7,0.0,0.0,100.0,0.0,0.1,100.0,0.0
2021-10-09,,,,,,,,,,,,,0.0,0.1,100.0,0.0
2021-10-10,0.0,2.7,47.0,,,,,,,,,,0.0,0.2,100.0,0.0
2021-10-11,,,,0.0,0.0,100.0,,,,0.0,0.1,100.0,0.0,0.2,100.0,0.0
2021-10-12,,,,,,,,,,0.0,0.3,100.0,0.0,0.2,100.0,0.0
2021-10-13,,,,,,,,,,,,,0.0,0.3,100.0,0.0
2021-10-14,0.0,3.0,37.8,,,,,,,,,,0.0,0.3,100.0,0.0
2021-10-15,,,,,,,,,,0.0,0.5,100.0,0.0,0.2,100.0,0.0
2021-10-16,0.0,3.1,44.3,0.0,0.0,100.0,,,,0.0,0.4,100.0,0.0,0.1,100.0,0.0
2021-10-17,,,,,,,0.0,0.0,99.5,,,,0.0,0.2,100.0,0.0
2021-10-18,,,,,,,,,,,,,0.0,0.2,100.0,0.0
2021-10-19,,,,,,,,,,,,,0.0,0.3,100.0,0.0
2021-10-20,0.0,3.0,36.3,,,,,,,0.0,0.2,100.0,0.0,0.2,100.0,0.0
2021-10-21,,,,,,,,,,,,,0.0,0.3,100.0,0.0
2021-10-22,0.5,5.2,98.1,,,,,,,,,,0.0,0.2,100.0,0.0
2021-10-23,,,,,,,,,,,,,0.0,0.4,100.0,0.0
2021-10-24,,,,,,,0.0,0.0,99.7,0.0,0.2,100.0,0.0,0.3,100.0,0.0
2021-10-25,,,,,,,,,,,,,0.0,0.5,100.0,0.0
2021-10-26,0.0,3.9,76.8,0.0,0.0,93.5,,,,,,,0.0,0.4,100.0,0.0
2021-10-27,,,,,,,,,,,,,0.0,0.7,100.0,0.0
2021-10-28,0.2,7.3,97.7,,,,,,,0.0,0.5,100.0,0.0,0.7,100.0,0.0
2021-10-29,,,,,,,,,,0.0,0.2,100.0,0.0,1.0,100.0,0.0
2021-10-30,,,,,,,,,,,,,0.0,1.2,100.0,0.0
2021-10-31,,,,0.0,0.1,100.0,,,,,,,0.0,1.4,100.0,0.0
2021-11-01,0.0,6.0,41.0,,,,,,,,,,0.0,1.4,100.0,0.0
2021-11-02,,,,,,,,,,,,,0.0,2.2,100.0,0.0
2021-11-03,0.0,8.8,38.4,,,,,,,,,,0.0,2.1,100.0,0.0
2021-11-04,,,,,,,,,,,,,0.0,2.2,100.0,0.0
2021-11-05,,,,0.0,1.1,100.0,,,,,,,0.0,2.0,100.0,0.0
2021-11-06,,,,,,,0.0,0.4,93.1,,,,0.0,2.2,100.0,0.0
2021-11-07,0.6,11.1,40.9,,,,,,,,,,0.0,2.1,100.0,0.0
2021-11-08,,,,,,,,,,0.0,0.5,100.0,0.0,2.1,100.0,0.0
2021-11-09,10.4,21.2,40.7,,,,0.1,1.4,64.6,,,,0.0,2.5,100.0,0.0
2021-11-10,,,,,,,,,,,,,0.0,2.7,100.0,0.0
2021-11-11,,,,,,,,,,,,,0.0,2.6,100.0,0.0
2021-11-12,,,,,,,,,,0.0,2.1,100.0,0.0,2.5,100.0,0.0
2021-11-13,11.0,21.8,96.9,,,,,,,,,,0.0,3.9,100.0,0.0
2021-11-14,,,,,,,,,,,,,0.0,4.2,100.0,0.0
2021-11-15,6.5,23.6,41.2,,,,,,,,,,0.0,4.1,100.0,0.0
2021-11-16,,,,,,,,,,,,,0.1,4.7,100.0,0.1
2021-11-17,,,,,,,,,,,,,0.0,5.9,100.0,0.0
2021-11-18,,,,,,,1.8,5.5,77.8,,,,0.1,6.9,100.0,0.1
2021-11-19,38.9,38.5,38.1,,,,,,,,,,0.1,7.9,100.0,0.1
2021-11-20,15.7,29.7,39.3,0.4,4.8,100.0,,,,0.0,19.7,100.0,0.2,8.1,100.0,0.2
2021-11-21,37.7,38.4,40.9,,,,,,,,,,0.1,9.8,100.0,0.1
2021-11-22,,,,,,,,,,,,,0.2,13.5,100.0,0.2
2021-11-23,,,,,,,,,,,,,0.2,14.7,100.0,0.2
2021-11-24,,,,,,,,,,,,,0.2,18.6,100.0,0.2
2021-11-25,33.2,36.5,96.0,,,,,,,,,,0.3,22.0,100.0,0.3
2021-11-26,,,,,,,,,,,,,1.1,31.6,100.0,1.1
2021-11-27,43.5,41.7,38.6,,,,,,,,,,2.5,32.8,100.0,2.5
2021-11-28,,,,,,,,,,,,,14.5,46.5,100.0,14.5
2021-11-29,,,,,,,,,,,,,18.1,48.7,100.0,18.1
2021-11-30,,,,,,,,,,,,,43.8,58.5,100.0,43.8
2021-12-01,82.2,57.8,40.1,,,,,,,,,,49.7,59.4,100.0,49.7
2021-12-02,57.4,48.5,38.3,,,,,,,,,,88.7,66.7,100.0,88.7
2021-12-03,81.3,57.9,42.6,,,,,,,,,,88.3,67.6,100.0,88.3
2021-12-04,,,,,,,,,,,,,99.6,75.6,100.0,99.6
2021-12-05,,,,,,,,,,,,,99.6,76.2,100.0,99.6
2021-12-06,,,,,,,,,,,,,100.0,84.5,100.0,100.0
2021-12-07,64.7,50.9,97.0,,,,,,,,,,100.0,85.3,100.0,100.0
2021-12-08,,,,,,,,,,,,,100.0,87.9,100.0,100.0
2021-12-09,78.9,58.0,36.1,,,,,,,,,,100.0,89.9,100.0,100.0
2021-12-10,,,,,,,,,,,,,100.0,92.4,100.0,100.0
2021-12-11,,,,,,,,,,,,,100.0,93.4,100.0,100.0
2021-12-12,,,,,,,100.0,99.9,100.0,,,,100.0,96.0,100.0,100.0
2021-12-13,95.1,65.9,41.6,,,,,,,,,,100.0,96.3,100.0,100.0
2021-12-14,97.6,65.1,34.2,,,,,,,,,,100.0,97.2,100.0,100.0
2021-12-15,90.5,66.3,40.2,94.3,87.3,100.0,,,,95.8,64.9,100.0,100.0,97.8,100.0,100.0
2021-12-16,,,,,,,,,,,,,100.0,98.3,100.0,100.0
2021-12-17,,,,,,,,,,,,,100.0,98.2,100.0,100.0
2021-12-18,,,,,,,,,,99.4,75.8,100.0,100.0,98.2,100.0,100.0
2021-12-19,84.9,63.9,94.2,,,,100.0,100.0,100.0,,,,100.0,98.8,100.0,100.0
2021-12-20,,,,94.8,92.8,99.8,100.0,100.0,100.0,,,,100.0,99.1,100.0,100.0
2021-12-21,100.0,76.6,34.4,,,,,,,,,,100.0,98.9,100.0,100.0
2021-12-22,,,,,,,,,,,,,100.0,98.8,100.0,100.0
2021-12-23,,,,,,,,,,,,,100.0,98.9,100.0,100.0
2021-12-24,,,,,,,,,,,,,100.0,98.3,100.0,100.0
2021-12-25,,,,,,,,,,,,,100.0,98.1,100.0,100.0
2021-12-26,,,,,,,,,,98.9,80.8,100.0,100.0,97.8,100.0,100.0
2021-12-27,,,,,,,,,,,,,100.0,97.6,100.0,100.0
2021-12-28,,,,,,,,,,,,,100.0,95.4,100.0,100.0
2021-12-29,,,,,,,,,,,,,100.0,94.4,100.0,100.0
2021-12-30,,,,96.0,91.7,99.4,,,,,,,100.0,93.9,100.0,100.0
2021-12-31,,,,,,,,,,,,,100.0,92.2,100.0,100.0
2022-01-01,,,,,,,,,,,,,99.8,94.6,100.0,99.8
2022-01-02,85.3,59.1,20.9,,,,,,,,,,100.0,94.4,100.0,100.0
2022-01-03,,,,,,,,,,,,,100.0,95.5,100.0,100.0
2022-01-04,,,,,,,,,,,,,100.0,95.6,100.0,100.0
2022-01-05,,,,,,,,,,,,,100.0,96.1,100.0,100.0
2022-01-06,99.7,77.1,51.6,,,,,,,100.0,92.8,100.0,100.0,97.5,100.0,100.0
2022-01-07,,,,,,,,,,,,,100.0,97.8,100.0,100.0
2022-01-08,,,,,,,,,,,,,100.0,98.2,100.0,100.0
2022-01-09,,,,,,,,,,,,,100.0,99.1,100.0,100.0
2022-01-10,,,,,,,,,,,,,100.0,99.1,100.0,100.0
2022-01-11,,,,,,,,,,,,,100.0,99.4,100.0,100.0
2022-01-12,,,,,,,100.0,100.0,100.0,,,,100.0,99.6,100.0,100.0
2022-01-13,,,,,,,100.0,100.0,100.0,,,,100.0,99.7,100.0,100.0
2022-01-14,85.1,56.5,18.6,98.9,98.4,100.0,,,,100.0,98.1,76.2,100.0,99.7,100.0,100.0
2022-01-15,,,,,,,,,,,,,100.0,99.7,100.0,100.0
2022-01-16,,,,,,,,,,,,,100.0,99.7,100.0,100.0
2022-01-17,,,,,,,,,,,,,100.0,99.7,100.0,100.0
2022-01-18,100.0,76.3,55.0,,,,,,,,,,100.0,99.6,100.0,100.0
2022-01-19,,,,98.7,98.2,100.0,,,,,,,100.0,99.7,100.0,100.0
2022-01-20,,,,,,,100.0,100.0,68.2,,,,100.0,99.6,100.0,100.0
2022-01-21,,,,,,,100.0,100.0,79.3,,,,100.0,99.6,100.0,100.0
2022-01-22,,,,,,,,,,,,,100.0,99.6,100.0,100.0
2022-01-23,,,,,,,,,,,,,100.0,99.6,100.0,100.0
2022-01-24,,,,98.6,98.3,100.0,,,,,,,100.0,99.5,100.0,100.0
2022-01-25,,,,,,,,,,,,,100.0,99.5,100.0,100.0
2022-01-26,91.8,60.5,11.2,,,,,,,,,,100.0,99.4,100.0,100.0
2022-01-27,,,,,,,,,,,,,100.0,99.5,100.0,100.0
2022-01-28,,,,,,,100.0,100.0,100.0,,,,100.0,99.5,100.0,100.0
2022-01-29,,,,98.0,97.8,100.0,100.0,100.0,99.5,,,,100.0,99.6,100.0,100.0
2022-01-30,100.0,77.6,51.2,,,,,,,100.0,98.9,100.0,100.0,99.4,100.0,100.0
2022-01-31,,,,,,,,,,,,,100.0,99.4,100.0,100.0
2022-02-01,,,,,,,,,,,,,100.0,99.4,100.0,100.0
2022-02-02,,,,,,,,,,100.0,99.2,45.8,100.0,99.1,100.0,100.0
2022-02-03,,,,,,,,,,100.0,98.9,100.0,100.0,99.0,100.0,100.0
2022-02-04,,,,,,,,,,,,,100.0,99.1,100.0,100.0
2022-02-05,,,,,,,,,,,,,100.0,99.0,100.0,100.0
2022-02-06,,,,,,,,,,,,,100.0,98.5,100.0,100.0
2022-02-07,85.9,58.7,10.9,,,,,,,,,,100.0,98.1,100.0,100.0
2022-02-08,,,,98.0,98.0,100.0,,,,,,,100.0,98.2,100.0,100.0
2022-02-09,,,,,,,,,,100.0,98.9,100.0,100.0,97.7,100.0,100.0
2022-02-10,,,,,,,,,,100.0,98.6,100.0,100.0,97.0,100.0,100.0
2022-02-11,100.0,74.4,53.5,,,,,,,100.0,98.4,100.0,100.0,96.9,100.0,100.0
2022-02-12,,,,,,,,,,,,,100.0,96.9,100.0,100.0
2022-02-13,,,,98.3,98.4,100.0,,,,100.0,97.7,73.0,100.0,97.2,100.0,100.0
2022-02-14,,,,,,,,,,,,,100.0,96.1,100.0,100.0
2022-02-15,,,,,,,,,,,,,100.0,95.5,100.0,100.0
2022-02-16,,,,,,,,,,,,,100.0,96.4,100.0,100.0
2022-02-17,,,,,,,,,,,,,100.0,95.6,100.0,100.0
2022-02-18,,,,98.8,98.6,50.1,,,,100.0,97.6,100.0,100.0,96.7,100.0,100.0
2022-02-19,68.6,55.1,13.2,,,,,,,100.0,97.4,100.0,100.0,96.9,100.0,100.0
2022-02-20,,,,,,,,,,,,,100.0,97.7,100.0,100.0
2022-02-21,,,,,,,,,,,,,100.0,97.4,100.0,100.0
2022-02-22,,,,,,,100.0,100.0,88.8,,,,100.0,98.1,100.0,100.0
2022-02-23,99.2,73.2,57.6,98.3,98.4,100.0,,,,,,,100.0,98.0,100.0,100.0
2022-02-24,,,,,,,,,,,,,100.0,97.7,100.0,100.0
2022-02-25,,,,,,,,,,,,,100.0,97.3,100.0,100.0
2022-02-26,,,,,,,,,,,,,100.0,97.7,100.0,100.0
2022-02-27,,,,,,,,,,,,,100.0,97.9,100.0,100.0
2022-02-28,,,,98.0,98.0,100.0,,,,,,,100.0,98.0,100.0,100.0
2022-03-01,,,,,,,100.0,100.0,99.5,,,,100.0,98.1,100.0,100.0
2022-03-02,,,,,,,,,,,,,100.0,97.9,100.0,100.0
2022-03-03,73.8,53.5,10.0,,,,,,,,,,100.0,97.9,100.0,100.0
2022-03-04,,,,,,,,,,,,,100.0,97.5,100.0,100.0
2022-03-05,,,,98.2,97.2,100.0,,,,,,,100.0,97.5,100.0,100.0
2022-03-06,,,,,,,,,,,,,100.0,97.6,100.0,100.0
2022-03-07,83.9,59.3,57.1,,,,,,,,,,100.0,97.6,100.0,100.0
2022-03-08,,,,,,,,,,,,,100.0,97.4,100.0,100.0
2022-03-09,,,,,,,100.0,100.0,99.4,,,,100.0,97.8,100.0,100.0
2022-03-10,,,,98.2,96.9,100.0,100.0,100.0,88.8,,,,100.0,98.2,100.0,100.0
2022-03-11,,,,,,,,,,,,,100.0,97.4,100.0,100.0
2022-03-12,,,,,,,,,,,,,100.0,97.1,100.0,100.0
2022-03-13,,,,,,,,,,,,,100.0,97.1,100.0,100.0
2022-03-14,,,,,,,,,,,,,100.0,95.9,100.0,100.0
2022-03-15,87.2,57.0,7.2,,,,,,,,,,100.0,95.7,100.0,100.0
2022-03-16,,,,,,,,,,,,,100.0,95.8,100.0,100.0
2022-03-17,,,,,,,,,,,,,100.0,96.5,100.0,100.0
2022-03-18,,,,,,,,,,,,,100.0,95.5,100.0,100.0
2022-03-19,77.7,53.1,64.1,,,,,,,,,,100.0,95.5,100.0,100.0
2022-03-20,,,,98.7,97.4,100.0,,,,100.0,98.2,98.6,100.0,96.1,100.0,100.0
2022-03-21,,,,,,,,,,,,,100.0,95.8,100.0,100.0
2022-03-22,,,,,,,,,,,,,100.0,95.5,100.0,100.0
2022-03-23,,,,,,,,,,,,,100.0,95.3,100.0,100.0
2022-03-24,,,,,,,,,,100.0,98.8,100.0,100.0,95.7,100.0,100.0
2022-03-25,,,,99.5,98.4,100.0,100.0,99.9,55.9,100.0,98.7,100.0,100.0,96.5,100.0,100.0
2022-03-26,,,,,,,100.0,99.6,98.8,,,,100.0,95.6,100.0,100.0
2022-03-27,87.5,52.8,7.4,,,,,,,,,,100.0,94.8,100.0,100.0
2022-03-28,,,,,,,,,,,,,100.0,94.4,100.0,100.0
2022-03-29,,,,,,,,,,,,,100.0,93.6,100.0,100.0
2022-03-30,,,,,,,,,,,,,100.0,91.6,100.0,100.0
2022-03-31,57.4,41.7,66.1,,,,,,,,,,100.0,90.6,100.0,100.0
2022-04-01,,,,,,,,,,,,,100.0,89.6,100.0,100.0
2022-04-02,,,,,,,,,,,,,100.0,92.7,100.0,100.0
2022-04-03,,,,,,,,,,,,,100.0,91.8,100.0,100.0
2022-04-04,,,,100.0,99.4,100.0,,,,,,,100.0,94.2,100.0,100.0
2022-04-05,,,,,,,,,,100.0,98.6,100.0,100.0,92.1,100.0,100.0
2022-04-06,,,,,,,,,,,,,100.0,93.9,100.0,100.0
2022-04-07,,,,,,,,,,,,,100.0,94.5,100.0,100.0
2022-04-08,38.9,41.8,5.5,,,,,,,,,,100.0,95.2,100.0,100.0
2022-04-09,,,,,,,,,,,,,100.0,95.2,100.0,100.0
2022-04-10,,,,,,,100.0,99.9,100.0,100.0,98.6,100.0,100.0,96.9,100.0,100.0
2022-04-11,,,,,,,100.0,100.0,99.2,,,,100.0,97.5,100.0,100.0
2022-04-12,36.0,34.1,66.5,,,,,,,,,,100.0,97.6,100.0,100.0
2022-04-13,,,,,,,,,,,,,100.0,97.2,100.0,100.0
2022-04-14,,,,99.8,98.8,100.0,,,,100.0,98.0,100.0,100.0,98.0,100.0,100.0
2022-04-15,,,,,,,,,,,,,100.0,97.4,100.0,100.0
2022-04-16,,,,,,,,,,,,,100.0,96.9,100.0,100.0
2022-04-17,,,,,,,,,,,,,100.0,96.4,100.0,100.0
2022-04-18,,,,,,,100.0,99.9,96.9,100.0,97.5,100.0,100.0,97.0,100.0,100.0
2022-04-19,,,,100.0,94.7,100.0,100.0,99.7,99.2,,,,100.0,97.4,100.0,100.0
2022-04-20,44.4,43.9,8.3,,,,,,,100.0,95.7,100.0,100.0,95.9,100.0,100.0
2022-04-21,,,,,,,,,,100.0,92.7,100.0,100.0,95.0,100.0,100.0
2022-04-22,,,,,,,,,,,,,100.0,94.3,100.0,100.0
2022-04-23,,,,,,,,,,,,,100.0,92.4,100.0,100.0
2022-04-24,10.7,21.7,66.2,,,,,,,,,,100.0,91.5,100.0,100.0
2022-04-25,,,,,,,,,,100.0,88.7,99.8,100.0,90.0,100.0,100.0
2022-04-26,,,,,,,,,,,,,100.0,89.2,100.0,100.0
2022-04-27,,,,,,,99.5,91.6,98.9,,,,100.0,89.2,100.0,100.0
2022-04-28,,,,,,,,,,97.9,79.9,100.0,100.0,87.3,100.0,100.0
2022-04-29,,,,84.4,63.1,100.0,,,,,,,99.7,87.8,100.0,99.7
2022-04-30,,,,,,,,,,,,,99.4,82.8,100.0,99.4
2022-05-01,,,,,,,,,,,,,98.3,79.7,100.0,98.3
2022-05-02,28.8,35.1,8.0,,,,,,,,,,98.0,77.7,100.0,98.0
2022-05-03,,,,,,,,,,,,,96.0,73.2,100.0,96.0
2022-05-04,,,,,,,,,,,,,94.3,72.2,100.0,94.3
2022-05-05,,,,,,,,,,,,,71.4,65.0,100.0,71.4
2022-05-06,2.1,13.8,57.6,,,,,,,,,,88.0,68.2,100.0,88.0
2022-05-07,,,,,,,,,,75.7,58.7,100.0,77.4,65.0,100.0,77.4
2022-05-08,,,,,,,,,,,,,79.6,65.1,100.0,79.6
2022-05-09,,,,,,,,,,,,,66.1,61.5,100.0,66.1
2022-05-10,,,,,,,,,,,,,67.4,62.0,100.0,67.4
2022-05-11,,,,,,,,,,,,,38.6,54.7,100.0,38.6
2022-05-12,,,,,,,66.4,53.3,42.1,,,,27.3,51.1,100.0,27.3
2022-05-13,,,,,,,,,,,,,9.8,42.9,100.0,9.8
2022-05-14,14.0,28.2,7.7,17.1,33.1,100.0,,,,,,,1.5,35.6,100.0,1.5
2022-05-15,,,,,,,,,,,,,0.0,24.4,100.0,0.0
2022-05-16,,,,,,,,,,,,,0.0,19.9,100.0,0.0
2022-05-17,,,,,,,,,,,,,0.0,16.6,100.0,0.0
2022-05-18,0.5,8.1,61.9,,,,,,,,,,0.0,13.9,100.0,0.0
2022-05-19,,,,0.0,1.8,100.0,,,,,,,0.0,10.8,100.0,0.0
2022-05-20,,,,,,,,,,0.0,10.4,100.0,0.0,8.0,100.0,0.0
2022-05-21,,,,,,,,,,,,,0.0,8.0,100.0,0.0
2022-05-22,,,,,,,,,,,,,0.0,5.7,100.0,0.0
2022-05-23,,,,,,,,,,,,,0.0,4.0,100.0,0.0
2022-05-24,,,,,,,,,,,,,0.0,3.2,100.0,0.0
2022-05-25,,,,,,,,,,0.0,2.6,100.0,0.0,2.9,100.0,0.0
2022-05-26,5.0,18.7,6.1,,,,,,,,,,0.0,2.4,100.0,0.0
2022-05-27,,,,,,,,,,,,,0.0,2.3,100.0,0.0
2022-05-28,,,,,,,0.0,0.0,82.2,0.0,0.3,100.0,0.0,2.1,100.0,0.0
2022-05-29,,,,,,,,,,,,,0.0,2.4,100.0,0.0
2022-05-30,0.5,5.2,63.4,,,,,,,,,,0.0,1.6,100.0,0.0
2022-05-31,,,,,,,,,,,,,0.0,1.6,100.0,0.0
2022-06-01,,,,,,,,,,,,,0.0,1.8,100.0,0.0
2022-06-02,,,,,,,,,,,,,0.0,2.1,100.0,0.0
2022-06-03,,,,,,,,,,,,,0.0,1.8,100.0,0.0
2022-06-04,,,,,,,,,,,,,0.0,1.7,100.0,0.0
2022-06-05,,,,,,,,,,,,,0.0,2.0,100.0,0.0
2022-06-06,,,,,,,0.0,0.0,36.9,,,,0.0,2.5,100.0,0.0
2022-06-07,0.0,16.4,4.9,,,,,,,,,,0.0,2.1,100.0,0.0
2022-06-08,,,,,,,,,,,,,0.0,1.9,100.0,0.0
2022-06-09,,,,,,,,,,,,,0.0,2.4,100.0,0.0
2022-06-10,,,,,,,,,,0.0,0.0,100.0,0.0,2.2,100.0,0.0
2022-06-11,0.0,4.9,66.8,,,,,,,,,,0.0,3.2,100.0,0.0
2022-06-12,,,,,,,,,,0.0,0.0,100.0,0.0,1.8,100.0,0.0
2022-06-13,,,,,,,,,,,,,0.0,3.0,100.0,0.0
2022-06-14,,,,,,,,,,,,,0.0,2.1,100.0,0.0
2022-06-15,,,,,,,,,,,,,0.0,2.2,100.0,0.0
2022-06-16,,,,,,,,,,0.0,0.0,100.0,0.0,1.4,100.0,0.0
2022-06-17,,,,,,,,,,,,,0.0,2.0,100.0,0.0
2022-06-18,,,,0.0,0.0,100.0,,,,0.0,0.0,100.0,0.0,1.2,100.0,0.0
2022-06-19,0.0,18.2,4.6,,,,,,,,,,0.0,1.5,100.0,0.0
2022-06-20,,,,,,,,,,0.0,0.0,100.0,0.0,1.1,100.0,0.0
2022-06-21,,,,,,,,,,,,,0.0,1.2,100.0,0.0
2022-06-22,,,,,,,,,,0.0,0.0,99.5,0.0,1.0,100.0,0.0
2022-06-23,0.0,3.6,64.5,0.0,0.0,100.0,,,,,,,0.0,0.7,100.0,0.0
2022-06-24,,,,,,,,,,,,,0.0,0.5,100.0,0.0
2022-06-25,,,,,,,,,,0.0,0.0,100.0,0.0,0.4,100.0,0.0
2022-06-26,,,,,,,,,,,,,0.0,0.4,100.0,0.0
2022-06-27,,,,,,,,,,,,,0.0,0.3,100.0,0.0
2022-06-28,,,,,,,,,,,,,0.0,0.3,100.0,0.0
2022-06-29,,,,,,,0.0,0.0,51.8,0.0,0.0,100.0,0.0,0.2,100.0,0.0
2022-06-30,,,,,,,,,,,,,0.0,0.1,100.0,0.0
2022-07-01,0.0,16.5,4.3,,,,,,,,,,0.0,0.1,100.0,0.0
2022-07-02,,,,,,,,,,,,,0.0,0.1,100.0,0.0
2022-07-03,,,,,,,,,,,,,0.0,0.1,100.0,0.0
2022-07-04,,,,,,,,,,,,,0.0,0.1,100.0,0.0
2022-07-05,0.0,4.3,66.8,,,,,,,,,,0.0,0.0,100.0,0.0
2022-07-06,,,,,,,,,,0.0,0.0,100.0,0.0,0.0,100.0,0.0
2022-07-07,,,,,,,0.0,0.0,78.3,0.0,0.0,100.0,0.0,0.0,100.0,0.0
2022-07-08,,,,0.0,0.0,100.0,0.0,0.0,99.5,,,,0.0,0.0,100.0,0.0
2022-07-09,,,,,,,,,,,,,0.0,0.0,100.0,0.0
2022-07-10,,,,,,,,,,,,,0.0,0.0,100.0,0.0
2022-07-11,,,,,,,,,,,,,0.0,0.0,100.0,0.0
2022-07-12,,,,,,,,,,,,,0.0,0.0,100.0,0.0
2022-07-13,0.0,15.1,3.7,0.0,0.0,100.0,,,,,,,0.0,0.0,100.0,0.0
2022-07-14,,,,,,,,,,,,,0.0,0.0,100.0,0.0
2022-07-15,,,,,,,0.0,0.0,85.1,,,,0.0,0.0,100.0,0.0
2022-07-16,,,,,,,0.0,0.0,95.7,,,,0.0,0.0,100.0,0.0
2022-07-17,0.0,3.5,61.3,,,,,,,,,,0.0,0.0,100.0,0.0
2022-07-18,,,,0.0,0.0,100.0,,,,,,,0.0,0.0,100.0,0.0
2022-07-19,,,,,,,,,,,,,0.0,0.0,100.0,0.0
2022-07-20,,,,,,,,,,,,,0.0,0.0,100.0,0.0
2022-07-21,,,,,,,,,,,,,0.0,0.0,100.0,0.0
2022-07-22,,,,,,,,,,,,,0.0,0.0,100.0,0.0
2022-07-23,,,,,,,,,,,,,0.0,0.0,100.0,0.0
2022-07-24,,,,,,,0.0,0.0,99.7,0.0,0.0,100.0,0.0,0.0,100.0,0.0
2022-07-25,0.0,13.1,5.1,,,,,,,,,,0.0,0.0,100.0,0.0
2022-07-26,,,,,,,,,,,,,0.0,0.0,100.0,0.0
2022-07-27,,,,,,,,,,,,,0.0,0.0,100.0,0.0
2022-07-28,,,,0.0,0.0,100.0,,,,,,,0.0,0.0,100.0,0.0
2022-07-29,0.0,4.2,67.7,,,,,,,,,,0.0,0.0,100.0,0.0
2022-07-30,,,,,,,,,,,,,0.0,0.0,100.0,0.0
2022-07-31,,,,,,,0.0,0.0,99.5,,,,0.0,0.0,100.0,0.0
2022-08-01,,,,,,,0.0,0.0,89.9,0.0,0.0,100.0,0.0,0.0,100.0,0.0
2022-08-02,,,,0.0,0.0,100.0,,,,0.0,0.0,100.0,0.0,0.0,100.0,0.0
2022-08-03,,,,,,,,,,,,,0.0,0.0,100.0,0.0
2022-08-04,,,,,,,,,,,,,0.0,0.0,100.0,0.0
2022-08-05,,,,,,,,,,0.0,0.0,57.1,0.0,0.0,100.0,0.0
2022-08-06,0.0,10.4,5.1,,,,,,,0.0,0.0,100.0,0.0,0.0,100.0,0.0
2022-08-07,,,,,,,,,,,,,0.0,0.1,100.0,0.0
2022-08-08,,,,,,,,,,0.0,0.0,75.0,0.0,0.0,100.0,0.0
2022-08-09,,,,,,,0.0,0.0,49.0,0.0,0.0,100.0,0.0,0.1,100.0,0.0
2022-08-10,0.0,4.9,69.4,,,,,,,,,,0.0,0.0,100.0,0.0
2022-08-11,,,,,,,,,,,,,0.0,0.1,100.0,0.0
2022-08-12,,,,0.0,0.0,100.0,,,,0.0,0.0,100.0,0.0,0.0,100.0,0.0
2022-08-13,,,,,,,,,,0.0,0.0,100.0,0.0,0.0,100.0,0.0
2022-08-14,,,,,,,,,,,,,0.0,0.0,100.0,0.0
2022-08-15,,,,,,,,,,,,,0.0,0.0,100.0,0.0
2022-08-16,,,,,,,0.0,0.0,96.5,0.0,0.0,100.0,0.0,0.0,100.0,0.0
2022-08-17,,,,0.0,0.1,93.7,,,,0.0,0.0,81.7,0.0,0.0,100.0,0.0
2022-08-18,0.0,8.7,3.5,,,,,,,,,,0.0,0.0,100.0,0.0
2022-08-19,,,,,,,,,,,,,0.0,0.0,100.0,0.0
2022-08-20,,,,,,,,,,0.0,0.0,100.0,0.0,0.0,100.0,0.0
2022-08-21,,,,,,,,,,0.0,0.0,100.0,0.0,0.0,100.0,0.0
2022-08-22,0.0,5.0,68.0,0.0,0.1,100.0,,,,0.0,0.0,100.0,0.0,0.0,100.0,0.0
2022-08-23,,,,,,,,,,,,,0.0,0.0,100.0,0.0
2022-08-24,,,,,,,0.0,0.0,81.7,0.0,0.0,100.0,0.0,0.0,100.0,0.0
2022-08-25,,,,,,,0.0,0.0,99.7,0.0,0.0,100.0,0.0,0.0,100.0,0.0
2022-08-26,,,,,,,,,,,,,0.0,0.0,100.0,0.0
2022-08-27,,,,0.0,0.1,100.0,,,,,,,0.0,0.0,100.0,0.0
2022-08-28,,,,,,,,,,0.0,0.0,100.0,0.0,0.0,100.0,0.0
2022-08-29,,,,,,,,,,0.0,0.0,100.0,0.0,0.0,100.0,0.0
2022-08-30,0.0,8.6,5.7,,,,,,,,,,0.0,0.0,100.0,0.0
2022-08-31,,,,,,,,,,,,,0.0,0.1,100.0,0.0
2022-09-01,,,,0.0,0.0,100.0,0.0,0.0,94.3,0.0,0.0,100.0,0.0,0.0,100.0,0.0
2022-09-02,,,,,,,,,,,,,0.0,0.0,100.0,0.0
2022-09-03,0.0,6.3,71.6,,,,,,,,,,0.0,0.0,100.0,0.0
2022-09-04,,,,,,,,,,,,,0.0,0.1,100.0,0.0
2022-09-05,,,,,,,,,,0.0,0.0,100.0,0.0,0.1,100.0,0.0
2022-09-06,,,,0.0,0.0,84.6,,,,,,,0.0,0.1,100.0,0.0
2022-09-07,,,,,,,,,,,,,0.0,0.0,100.0,0.0
2022-09-08,,,,,,,,,,,,,0.0,0.1,100.0,0.0
2022-09-09,,,,,,,,,,,,,0.0,0.1,100.0,0.0
2022-09-10,,,,,,,0.0,0.0,75.9,,,,0.0,0.1,100.0,0.0
2022-09-11,4.0,11.8,7.7,0.0,0.0,100.0,,,,,,,0.0,0.0,100.0,0.0
2022-09-12,,,,,,,,,,0.0,0.0,100.0,0.0,0.0,100.0,0.0
2022-09-13,,,,,,,,,,,,,0.0,0.0,100.0,0.0
2022-09-14,,,,,,,,,,,,,0.0,0.0,100.0,0.0
2022-09-15,0.2,6.1,66.7,,,,,,,,,,0.0,0.0,100.0,0.0
2022-09-16,,,,,,,,,,,,,0.0,0.0,100.0,0.0
2022-09-17,,,,,,,,,,,,,0.0,0.0,100.0,0.0
2022-09-18,,,,,,,0.0,0.0,97.2,,,,0.0,0.0,100.0,0.0
2022-09-19,,,,,,,,,,,,,0.0,0.0,100.0,0.0
2022-09-20,,,,,,,,,,,,,0.0,0.0,100.0,0.0
2022-09-21,,,,0.0,0.0,100.0,,,,,,,0.0,0.0,100.0,0.0
2022-09-22,,,,,,,,,,,,,0.0,0.0,100.0,0.0
2022-09-23,2.1,9.3,7.2,,,,,,,,,,0.0,0.0,100.0,0.0
2022-09-24,,,,,,,,,,,,,0.0,0.0,100.0,0.0
2022-09-25,,,,,,,,,,,,,0.0,0.0,100.0,0.0
2022-09-26,,,,,,,,,,,,,0.0,0.0,100.0,0.0
2022-09-27,0.0,5.7,61.3,,,,,,,,,,0.0,0.0,100.0,0.0
2022-09-28,,,,,,,,,,,,,0.0,0.0,100.0,0.0
2022-09-29,,,,,,,,,,,,,0.0,0.1,100.0,0.0
2022-09-30,,,,,,,,,,,,,0.0,0.1,100.0,0.0
2022-10-01,,,,,,,,,,,,,0.0,0.1,100.0,0.0
2022-10-02,,,,,,,,,,,,,0.0,0.1,100.0,0.0
2022-10-03,,,,,,,0.0,0.0,85.6,,,,0.0,0.1,100.0,0.0
2022-10-04,,,,,,,0.0,0.0,93.4,,,,0.0,0.1,100.0,0.0
2022-10-05,4.3,12.8,10.6,,,,,,,0.0,0.0,100.0,0.0,0.1,100.0,0.0
2022-10-06,,,,0.0,0.0,100.0,,,,,,,0.0,0.1,100.0,0.0
2022-10-07,,,,,,,,,,,,,0.0,0.1,100.0,0.0
2022-10-08,,,,,,,,,,,,,0.0,0.1,100.0,0.0
2022-10-09,0.7,7.8,61.6,,,,,,,,,,0.0,0.1,100.0,0.0
2022-10-10,,,,,,,,,,,,,0.0,0.1,100.0,0.0
2022-10-11,,,,0.0,0.0,100.0,0.0,0.0,99.5,,,,0.0,0.1,100.0,0.0
2022-10-12,,,,,,,0.0,0.0,99.8,0.0,0.0,100.0,0.0,0.0,100.0,0.0
2022-10-13,,,,,,,,,,,,,0.0,0.1,100.0,0.0
2022-10-14,,,,,,,,,,,,,0.0,0.1,100.0,0.0
2022-10-15,,,,,,,,,,,,,0.0,0.1,100.0,0.0
2022-10-16,,,,0.0,0.0,100.0,,,,0.0,0.0,100.0,0.0,0.1,100.0,0.0
2022-10-17,1.6,11.1,9.8,,,,,,,0.0,0.0,100.0,0.0,0.1,100.0,0.0
2022-10-18,,,,,,,,,,,,,0.0,0.1,100.0,0.0
2022-10-19,,,,,,,0.0,0.0,100.0,,,,0.0,0.1,100.0,0.0
2022-10-20,,,,,,,,,,0.0,0.0,100.0,0.0,0.1,100.0,0.0
2022-10-21,0.0,7.9,54.5,,,,,,,,,,0.0,0.1,100.0,0.0
2022-10-22,,,,,,,,,,,,,0.0,0.1,100.0,0.0
2022-10-23,,,,,,,,,,,,,0.0,0.2,100.0,0.0
2022-10-24,,,,,,,,,,,,,0.0,0.1,100.0,0.0
2022-10-25,,,,,,,,,,0.0,0.1,100.0,0.0,0.1,100.0,0.0
2022-10-26,,,,0.0,0.0,99.8,,,,,,,0.0,0.1,100.0,0.0
2022-10-27,,,,,,,0.0,0.0,99.8,,,,0.0,0.1,100.0,0.0
2022-10-28,,,,,,,0.0,0.0,98.5,,,,0.0,0.1,100.0,0.0
2022-10-29,7.1,18.4,13.1,,,,,,,,,,0.0,0.1,100.0,0.0
2022-10-30,,,,,,,,,,,,,0.0,0.2,100.0,0.0
2022-10-31,,,,0.0,0.0,100.0,,,,,,,0.0,0.2,100.0,0.0
2022-11-01,,,,,,,,,,0.0,0.3,100.0,0.0,0.2,100.0,0.0
2022-11-02,2.5,14.8,55.3,,,,,,,,,,0.0,0.4,100.0,0.0
2022-11-03,,,,,,,,,,,,,0.0,0.5,100.0,0.0
2022-11-04,,,,,,,,,,,,,0.0,0.7,100.0,0.0
2022-11-05,,,,0.0,1.0,100.0,,,,0.0,1.1,100.0,0.0,0.7,100.0,0.0
2022-11-06,,,,,,,,,,,,,0.0,0.7,100.0,0.0
2022-11-07,,,,,,,,,,,,,0.0,0.9,100.0,0.0
2022-11-08,,,,,,,,,,,,,0.0,1.0,100.0,0.0
2022-11-09,,,,,,,,,,,,,0.0,1.0,100.0,0.0
2022-11-10,29.5,27.9,17.2,0.0,0.3,100.0,,,,,,,0.0,0.9,100.0,0.0
2022-11-11,,,,,,,,,,,,,0.0,1.2,100.0,0.0
2022-11-12,,,,,,,0.0,0.0,69.9,,,,0.0,1.1,100.0,0.0
2022-11-13,,,,,,,,,,,,,0.0,1.3,100.0,0.0
2022-11-14,9.0,20.6,54.8,,,,,,,,,,0.0,1.3,100.0,0.0
2022-11-15,,,,,,,,,,,,,0.0,1.9,100.0,0.0
2022-11-16,,,,,,,,,,0.0,3.5,100.0,0.0,1.8,100.0,0.0
2022-11-17,,,,,,,,,,,,,0.0,2.4,100.0,0.0
2022-11-18,,,,,,,,,,,,,0.0,2.6,100.0,0.0
2022-11-19,,,,,,,,,,,,,0.0,4.1,100.0,0.0
2022-11-20,,,,0.0,0.6,100.0,0.0,0.8,100.0,,,,0.0,4.9,100.0,0.0
2022-11-21,,,,,,,,,,,,,0.0,5.9,100.0,0.0
2022-11-22,29.0,29.9,14.3,,,,,,,,,,0.0,7.0,100.0,0.0
2022-11-23,,,,,,,,,,,,,0.0,9.5,100.0,0.0
2022-11-24,,,,,,,,,,,,,0.0,11.9,100.0,0.0
2022-11-25,,,,0.0,4.6,100.0,,,,,,,0.0,14.3,100.0,0.0
2022-11-26,41.0,39.9,62.5,,,,,,,,,,0.0,18.8,100.0,0.0
2022-11-27,,,,,,,,,,,,,0.0,23.9,100.0,0.0
2022-11-28,,,,,,,,,,,,,0.3,39.4,100.0,0.3
2022-11-29,,,,,,,,,,,,,8.3,45.6,100.0,8.3
2022-11-30,,,,57.6,53.8,100.0,,,,16.3,34.2,82.6,50.7,57.8,100.0,50.7
2022-12-01,,,,,,,,,,55.6,49.4,100.0,49.9,58.8,100.0,49.9
2022-12-02,,,,,,,,,,,,,86.3,67.1,100.0,86.3
2022-12-03,,,,,,,,,,,,,90.3,72.3,100.0,90.3
2022-12-04,71.1,49.4,13.8,,,,,,,,,,93.1,76.2,100.0,93.1
2022-12-05,,,,,,,,,,85.1,64.7,100.0,93.9,76.4,100.0,93.9
2022-12-06,,,,,,,100.0,98.0,100.0,,,,98.8,83.7,100.0,98.8
2022-12-07,,,,,,,100.0,99.9,100.0,,,,100.0,86.0,100.0,100.0
2022-12-08,87.3,58.7,58.1,,,,,,,97.9,74.6,100.0,100.0,86.4,100.0,100.0
2022-12-09,,,,,,,,,,,,,100.0,87.2,100.0,100.0
2022-12-10,,,,,,,,,,100.0,85.7,100.0,100.0,88.7,100.0,100.0
2022-12-11,,,,,,,,,,,,,100.0,88.8,100.0,100.0
2022-12-12,,,,,,,,,,,,,100.0,89.6,100.0,100.0
2022-12-13,,,,,,,,,,,,,100.0,90.1,100.0,100.0
2022-12-14,,,,,,,,,,100.0,90.5,100.0,100.0,91.3,100.0,100.0
2022-12-15,,,,,,,,,,,,,100.0,91.4,100.0,100.0
2022-12-16,95.7,58.2,14.1,,,,,,,100.0,91.2,100.0,100.0,91.7,100.0,100.0
2022-12-17,,,,,,,,,,100.0,88.6,100.0,100.0,91.7,100.0,100.0
2022-12-18,,,,,,,,,,99.9,76.1,100.0,100.0,92.4,100.0,100.0
2022-12-19,,,,,,,,,,,,,100.0,92.6,100.0,100.0
2022-12-20,96.0,72.4,49.8,98.4,88.2,100.0,,,,,,,100.0,93.4,100.0,100.0
2022-12-21,,,,,,,,,,90.9,70.0,100.0,100.0,91.9,100.0,100.0
2022-12-22,,,,,,,,,,,,,100.0,92.5,100.0,100.0
2022-12-23,,,,,,,,,,,,,100.0,89.7,100.0,100.0
2022-12-24,,,,,,,,,,100.0,71.2,100.0,100.0,92.2,100.0,100.0
2022-12-25,,,,,,,,,,100.0,77.5,100.0,100.0,91.8,100.0,100.0
2022-12-26,,,,,,,,,,,,,100.0,91.3,100.0,100.0
2022-12-27,,,,,,,,,,,,,100.0,91.4,100.0,100.0
2022-12-28,90.5,58.3,16.1,,,,,,,,,,100.0,91.3,100.0,100.0
2022-12-29,,,,,,,,,,100.0,83.2,100.0,100.0,92.2,100.0,100.0
2022-12-30,,,,,,,,,,,,,100.0,93.0,100.0,100.0
2022-12-31,,,,,,,,,,,,,100.0,93.4,100.0,100.0
2023-01-01,97.9,69.3,36.1,,,,,,,,,,100.0,91.8,100.0,100.0
2023-01-02,,,,,,,,,,,,,100.0,91.4,100.0,100.0
2023-01-03,,,,,,,,,,,,,100.0,93.0,100.0,100.0
2023-01-04,,,,99.4,94.8,100.0,,,,,,,100.0,94.9,100.0,100.0
2023-01-05,,,,,,,,,,,,,100.0,96.2,100.0,100.0
2023-01-06,,,,,,,,,,,,,100.0,95.4,100.0,100.0
2023-01-07,,,,,,,100.0,100.0,100.0,,,,100.0,96.8,100.0,100.0
2023-01-08,,,,,,,,,,,,,100.0,96.0,100.0,100.0
2023-01-09,97.2,65.9,38.1,,,,,,,,,,100.0,97.2,100.0,100.0
2023-01-10,,,,,,,,,,,,,100.0,96.9,100.0,100.0
2023-01-11,,,,,,,,,,,,,100.0,96.9,100.0,100.0
2023-01-12,,,,,,,,,,100.0,96.7,100.0,100.0,96.3,100.0,100.0
2023-01-13,99.1,70.5,36.0,,,,,,,,,,100.0,97.0,100.0,100.0
2023-01-14,,,,,,,,,,,,,100.0,96.8,100.0,100.0
2023-01-15,,,,,,,,,,,,,100.0,96.4,100.0,100.0
2023-01-16,,,,,,,,,,,,,100.0,95.5,100.0,100.0
2023-01-17,,,,,,,,,,,,,100.0,95.4,100.0,100.0
2023-01-18,,,,,,,,,,,,,100.0,96.4,100.0,100.0
2023-01-19,,,,100.0,99.0,100.0,,,,,,,100.0,97.2,100.0,100.0
2023-01-20,,,,,,,,,,,,,100.0,97.5,100.0,100.0
2023-01-21,96.4,63.3,34.2,,,,,,,,,,100.0,98.4,100.0,100.0
2023-01-22,,,,,,,,,,,,,100.0,98.7,100.0,100.0
2023-01-23,,,,,,,,,,,,,100.0,98.9,100.0,100.0
2023-01-24,,,,98.3,97.8,100.0,100.0,100.0,100.0,100.0,98.5,53.2,100.0,99.5,100.0,100.0
2023-01-25,98.5,71.1,38.2,,,,,,,,,,100.0,99.3,100.0,100.0
2023-01-26,,,,,,,,,,,,,100.0,99.4,100.0,100.0
2023-01-27,,,,,,,,,,100.0,98.7,100.0,100.0,99.4,100.0,100.0
2023-01-28,,,,,,,,,,100.0,98.7,100.0,100.0,99.6,100.0,100.0
2023-01-29,,,,97.7,97.3,100.0,,,,,,,100.0,99.7,100.0,100.0
2023-01-30,,,,,,,,,,,,,100.0,99.6,100.0,100.0
2023-01-31,,,,,,,100.0,100.0,100.0,100.0,98.9,100.0,100.0,99.6,100.0,100.0
2023-02-01,,,,,,,100.0,100.0,99.8,,,,100.0,99.7,100.0,100.0
2023-02-02,98.4,71.3,30.4,,,,,,,,,,100.0,99.7,100.0,100.0
2023-02-03,,,,97.4,96.6,100.0,,,,100.0,98.9,100.0,100.0,99.7,100.0,100.0
2023-02-04,,,,,,,,,,100.0,98.7,100.0,100.0,99.6,100.0,100.0
2023-02-05,,,,,,,,,,,,,100.0,99.7,100.0,100.0
2023-02-06,95.0,71.1,39.6,,,,,,,,,,100.0,99.6,100.0,100.0
2023-02-07,,,,,,,,,,100.0,98.2,100.0,100.0,99.6,100.0,100.0
2023-02-08,,,,96.8,96.4,100.0,100.0,100.0,99.8,100.0,97.1,69.1,100.0,99.7,100.0,100.0
2023-02-09,,,,,,,100.0,100.0,99.7,100.0,97.2,48.8,100.0,99.7,100.0,100.0
2023-02-10,,,,,,,,,,,,,100.0,99.7,100.0,100.0
2023-02-11,,,,,,,,,,,,,100.0,99.6,100.0,100.0
2023-02-12,,,,,,,,,,100.0,96.4,100.0,100.0,99.6,100.0,100.0
2023-02-13,,,,96.3,96.3,100.0,,,,,,,100.0,99.7,100.0,100.0
2023-02-14,100.0,63.9,28.8,,,,,,,,,,100.0,99.6,100.0,100.0
2023-02-15,,,,,,,,,,100.0,95.6,100.0,100.0,99.5,100.0,100.0
2023-02-16,,,,,,,100.0,100.0,99.8,100.0,94.2,100.0,100.0,99.6,100.0,100.0
2023-02-17,,,,,,,100.0,100.0,99.0,100.0,94.2,100.0,100.0,99.6,100.0,100.0
2023-02-18,97.6,66.2,38.3,95.8,95.4,100.0,,,,,,,100.0,99.5,100.0,100.0
2023-02-19,,,,,,,,,,,,,100.0,99.3,100.0,100.0
2023-02-20,,,,,,,,,,100.0,93.8,100.0,100.0,99.2,100.0,100.0
2023-02-21,,,,,,,,,,100.0,94.7,100.0,100.0,99.0,100.0,100.0
2023-02-22,,,,,,,,,,,,,100.0,98.8,100.0,100.0
2023-02-23,,,,97.3,96.2,100.0,,,,,,,100.0,98.7,100.0,100.0
2023-02-24,,,,,,,100.0,100.0,65.4,,,,100.0,98.3,100.0,100.0
2023-02-25,,,,,,,,,,100.0,95.5,100.0,100.0,97.9,100.0,100.0
2023-02-26,97.9,65.1,28.2,,,,,,,,,,100.0,97.7,100.0,100.0
2023-02-27,,,,,,,,,,100.0,96.6,100.0,100.0,97.5,100.0,100.0
2023-02-28,,,,99.1,97.8,86.2,,,,100.0,97.3,100.0,100.0,97.5,100.0,100.0
2023-03-01,,,,,,,,,,,,,100.0,97.7,100.0,100.0
2023-03-02,85.8,54.2,39.7,,,,,,,,,,100.0,97.2,100.0,100.0
2023-03-03,,,,,,,,,,100.0,97.3,65.8,100.0,97.1,100.0,100.0
2023-03-04,,,,,,,100.0,100.0,99.7,100.0,97.6,57.5,100.0,97.4,100.0,100.0
2023-03-05,,,,97.7,97.3,100.0,100.0,100.0,94.3,,,,100.0,98.0,100.0,100.0
2023-03-06,,,,,,,,,,100.0,97.9,98.9,100.0,96.9,100.0,100.0
2023-03-07,,,,,,,,,,100.0,97.9,70.2,100.0,97.0,100.0,100.0
2023-03-08,,,,,,,,,,,,,100.0,96.9,100.0,100.0
2023-03-09,,,,,,,,,,,,,100.0,96.7,100.0,100.0
2023-03-10,98.2,63.1,31.8,,,,,,,,,,100.0,95.9,100.0,100.0
2023-03-11,,,,,,,,,,,,,100.0,95.8,100.0,100.0
2023-03-12,,,,,,,,,,,,,100.0,96.0,100.0,100.0
2023-03-13,,,,,,,,,,,,,100.0,95.8,100.0,100.0
2023-03-14,93.2,57.4,41.2,,,,,,,,,,100.0,96.1,100.0,100.0
2023-03-15,,,,98.8,98.3,100.0,,,,,,,100.0,96.9,100.0,100.0
2023-03-16,,,,,,,,,,,,,100.0,96.9,100.0,100.0
2023-03-17,,,,,,,,,,,,,100.0,96.8,100.0,100.0
2023-03-18,,,,,,,,,,,,,100.0,97.0,100.0,100.0
2023-03-19,,,,,,,,,,,,,100.0,96.7,100.0,100.0
2023-03-20,,,,99.1,98.6,100.0,100.0,99.7,74.0,,,,100.0,97.7,100.0,100.0
2023-03-21,,,,,,,,,,,,,100.0,96.0,100.0,100.0
2023-03-22,100.0,68.9,29.5,,,,,,,,,,100.0,96.3,100.0,100.0
2023-03-23,,,,,,,,,,,,,99.9,95.2,100.0,99.9
2023-03-24,,,,,,,,,,,,,100.0,94.9,100.0,100.0
2023-03-25,,,,,,,,,,,,,99.6,92.9,100.0,99.6
2023-03-26,87.4,55.2,46.1,,,,,,,,,,99.6,93.1,100.0,99.6
2023-03-27,,,,,,,,,,,,,99.5,92.2,100.0,99.5
2023-03-28,,,,,,,,,,,,,99.3,89.9,100.0,99.3
2023-03-29,,,,,,,,,,,,,99.3,89.8,100.0,99.3
2023-03-30,,,,,,,,,,,,,99.1,89.6,100.0,99.1
2023-03-31,,,,,,,,,,,,,99.4,91.5,100.0,99.4
2023-04-01,,,,,,,,,,,,,99.2,90.4,100.0,99.2
2023-04-02,,,,,,,,,,,,,99.3,90.8,100.0,99.3
2023-04-03,99.7,67.2,29.9,,,,,,,100.0,98.2,100.0,99.2,90.4,100.0,99.2
2023-04-04,,,,98.9,97.9,100.0,,,,,,,99.5,93.5,100.0,99.5
2023-04-05,,,,,,,,,,,,,99.2,91.8,100.0,99.2
2023-04-06,,,,,,,100.0,98.8,94.8,,,,99.8,93.8,100.0,99.8
2023-04-07,76.6,48.6,46.8,,,,,,,,,,99.2,91.4,100.0,99.2
2023-04-08,,,,,,,,,,100.0,98.5,100.0,100.0,93.7,100.0,100.0
2023-04-09,,,,99.3,98.3,100.0,,,,,,,99.4,93.1,100.0,99.4
2023-04-10,,,,,,,,,,,,,100.0,93.7,100.0,100.0
2023-04-11,,,,,,,,,,,,,99.5,91.3,100.0,99.5
2023-04-12,,,,,,,,,,,,,100.0,93.3,100.0,100.0
2023-04-13,,,,,,,,,,,,,100.0,92.0,100.0,100.0
2023-04-14,,,,100.0,99.2,100.0,100.0,94.7,99.5,100.0,98.5,100.0,100.0,94.8,100.0,100.0
2023-04-15,98.9,66.1,30.8,,,,,,,,,,100.0,92.8,100.0,100.0
2023-04-16,,,,,,,,,,,,,100.0,93.8,100.0,100.0
2023-04-17,,,,,,,,,,,,,100.0,93.9,100.0,100.0
2023-04-18,,,,,,,,,,100.0,98.0,100.0,100.0,94.0,100.0,100.0
2023-04-19,50.6,41.0,47.3,100.0,98.5,100.0,,,,100.0,98.0,100.0,100.0,94.8,100.0,100.0
2023-04-20,,,,,,,,,,,,,100.0,93.7,100.0,100.0
2023-04-21,,,,,,,,,,,,,100.0,93.5,100.0,100.0
2023-04-22,,,,,,,,,,,,,100.0,92.8,100.0,100.0
2023-04-23,,,,,,,,,,100.0,97.6,100.0,100.0,92.1,100.0,100.0
2023-04-24,,,,99.5,95.0,100.0,,,,100.0,96.8,100.0,100.0,93.2,100.0,100.0
2023-04-25,,,,,,,,,,,,,100.0,91.8,100.0,100.0
2023-04-26,,,,,,,,,,,,,100.0,92.4,100.0,100.0
2023-04-27,97.2,59.1,29.1,,,,,,,100.0,95.9,100.0,100.0,91.7,100.0,100.0
2023-04-28,,,,,,,,,,,,,100.0,91.9,100.0,100.0
2023-04-29,,,,,,,,,,,,,100.0,90.6,100.0,100.0
2023-04-30,,,,,,,,,,,,,100.0,89.9,100.0,100.0
2023-05-01,23.1,34.4,48.1,,,,,,,,,,100.0,89.0,100.0,100.0
2023-05-02,,,,,,,,,,,,,100.0,89.5,100.0,100.0
2023-05-03,,,,,,,,,,,,,100.0,89.1,100.0,100.0
2023-05-04,,,,97.4,89.8,100.0,,,,99.8,91.3,100.0,100.0,90.8,100.0,100.0
2023-05-05,,,,,,,,,,,,,100.0,88.9,100.0,100.0
2023-05-06,,,,,,,,,,,,,100.0,87.7,100.0,100.0
2023-05-07,,,,,,,,,,,,,100.0,86.3,100.0,100.0
2023-05-08,,,,,,,,,,92.6,71.4,100.0,99.3,84.3,100.0,99.3
2023-05-09,97.2,61.7,29.7,,,,,,,,,,99.1,83.9,100.0,99.1
2023-05-10,,,,,,,,,,,,,98.3,82.1,100.0,98.3
2023-05-11,,,,,,,,,,,,,98.5,83.0,100.0,98.5
2023-05-12,,,,,,,,,,,,,97.8,80.2,100.0,97.8
2023-05-13,34.5,36.1,45.7,,,,,,,,,,97.3,80.8,100.0,97.3
2023-05-14,,,,,,,,,,,,,94.1,77.7,100.0,94.1
2023-05-15,,,,,,,,,,,,,95.0,78.6,100.0,95.0
2023-05-16,,,,,,,,,,,,,93.2,75.0,100.0,93.2
2023-05-17,,,,,,,,,,,,,93.4,76.0,100.0,93.4
2023-05-18,,,,,,,,,,,,,92.2,73.2,100.0,92.2
2023-05-19,,,,91.4,80.9,83.6,,,,,,,93.0,75.4,100.0,93.0
2023-05-20,,,,,,,,,,,,,76.7,67.1,100.0,76.7
2023-05-21,84.1,53.6,30.3,,,,,,,,,,74.4,66.9,100.0,74.4
2023-05-22,,,,,,,,,,,,,57.0,58.5,100.0,57.0
2023-05-23,,,,,,,,,,,,,47.8,56.3,100.0,47.8
2023-05-24,,,,64.8,56.5,46.4,,,,,,,4.6,43.0,100.0,4.6
2023-05-25,1.8,24.7,41.5,,,,,,,,,,0.7,37.1,100.0,0.7
2023-05-26,,,,,,,,,,,,,0.0,26.3,100.0,0.0
2023-05-27,,,,,,,,,,,,,0.0,24.4,100.0,0.0
2023-05-28,,,,,,,,,,,,,0.0,20.7,100.0,0.0
2023-05-29,,,,22.4,29.9,69.4,,,,0.1,12.6,92.3,0.0,20.9,100.0,0.0
2023-05-30,,,,,,,,,,,,,0.0,18.0,100.0,0.0
2023-05-31,,,,,,,,,,,,,0.0,16.7,100.0,0.0
2023-06-01,,,,,,,,,,,,,0.0,16.6,100.0,0.0
2023-06-02,77.0,49.5,27.0,,,,,,,,,,0.0,16.2,100.0,0.0
2023-06-03,,,,,,,,,,,,,0.0,12.1,100.0,0.0
2023-06-04,,,,,,,,,,,,,0.0,11.5,100.0,0.0
2023-06-05,,,,,,,,,,,,,0.0,14.3,100.0,0.0
2023-06-06,0.7,19.0,45.8,,,,,,,0.0,1.8,81.3,0.0,15.1,100.0,0.0
2023-06-07,,,,,,,,,,0.0,0.4,100.0,0.0,12.9,100.0,0.0
2023-06-08,,,,0.0,0.9,93.3,,,,,,,0.0,14.7,100.0,0.0
2023-06-09,,,,,,,,,,,,,0.0,13.5,100.0,0.0
2023-06-10,,,,,,,,,,,,,0.0,11.5,100.0,0.0
2023-06-11,,,,,,,,,,0.0,0.1,100.0,0.0,8.4,100.0,0.0
2023-06-12,,,,,,,,,,,,,0.0,10.1,100.0,0.0
2023-06-13,,,,,,,,,,,,,0.0,9.8,100.0,0.0
2023-06-14,25.5,35.6,26.6,,,,,,,0.0,0.0,100.0,0.0,8.7,100.0,0.0
2023-06-15,,,,,,,,,,0.0,0.0,100.0,0.0,7.0,100.0,0.0
2023-06-16,,,,,,,,,,,,,0.0,9.3,100.0,0.0
2023-06-17,,,,,,,,,,,,,0.0,6.9,100.0,0.0
2023-06-18,0.0,16.5,46.6,,,,,,,0.0,0.0,100.0,0.0,6.1,100.0,0.0
2023-06-19,,,,,,,,,,,,,0.0,3.3,100.0,0.0
2023-06-20,,,,,,,,,,,,,0.0,3.3,100.0,0.0
2023-06-21,,,,,,,,,,0.0,0.0,100.0,0.0,2.7,100.0,0.0
2023-06-22,,,,,,,,,,,,,0.0,2.5,100.0,0.0
2023-06-23,,,,0.0,0.1,88.6,,,,,,,0.0,1.9,100.0,0.0
2023-06-24,,,,,,,,,,,,,0.0,2.0,100.0,0.0
2023-06-25,,,,,,,,,,,,,0.0,1.6,100.0,0.0
2023-06-26,7.1,23.7,91.8,,,,,,,0.0,0.0,100.0,0.0,1.5,100.0,0.0
2023-06-27,,,,,,,,,,0.0,0.0,100.0,0.0,0.9,100.0,0.0
2023-06-28,,,,0.0,0.1,100.0,,,,,,,0.0,0.9,100.0,0.0
2023-06-29,,,,,,,,,,,,,0.0,0.5,100.0,0.0
2023-06-30,0.0,12.1,45.1,,,,,,,,,,0.0,0.3,100.0,0.0
2023-07-01,,,,,,,,,,,,,0.0,0.4,100.0,0.0
2023-07-02,,,,,,,,,,,,,0.0,0.3,100.0,0.0
2023-07-03,,,,0.0,0.1,100.0,0.0,0.0,99.7,0.0,0.0,100.0,0.0,0.2,100.0,0.0
2023-07-04,,,,,,,,,,0.0,0.0,100.0,0.0,0.2,100.0,0.0
2023-07-05,,,,,,,,,,,,,0.0,0.2,100.0,0.0
2023-07-06,,,,,,,,,,,,,0.0,0.2,100.0,0.0
2023-07-07,,,,,,,,,,,,,0.0,0.2,100.0,0.0
2023-07-08,1.9,16.2,91.9,0.0,0.0,34.4,,,,,,,0.0,0.1,100.0,0.0
2023-07-09,,,,,,,,,,,,,0.0,0.1,100.0,0.0
2023-07-10,,,,,,,,,,0.0,0.0,100.0,0.0,0.1,100.0,0.0
2023-07-11,,,,,,,0.0,0.0,55.9,,,,0.0,0.3,100.0,0.0
2023-07-12,0.0,6.9,45.9,,,,,,,,,,0.0,0.2,100.0,0.0
2023-07-13,,,,,,,,,,,,,0.0,0.2,100.0,0.0
2023-07-14,,,,,,,,,,0.0,0.0,100.0,0.0,0.1,100.0,0.0
2023-07-15,,,,,,,,,,,,,0.0,0.2,100.0,0.0
2023-07-16,,,,,,,,,,,,,0.0,0.1,100.0,0.0
2023-07-17,,,,,,,,,,,,,0.0,0.1,100.0,0.0
2023-07-18,,,,,,,,,,,,,0.0,0.1,100.0,0.0
2023-07-19,,,,,,,,,,,,,0.0,0.2,100.0,0.0
2023-07-20,1.5,14.6,93.6,,,,,,,,,,0.0,0.1,100.0,0.0
2023-07-21,,,,,,,,,,,,,0.0,0.0,100.0,0.0
2023-07-22,,,,,,,,,,,,,0.0,0.0,100.0,0.0
2023-07-23,,,,,,,,,,,,,0.0,0.0,100.0,0.0
2023-07-24,0.0,6.1,46.2,,,,,,,,,,0.0,0.0,100.0,0.0
2023-07-25,,,,,,,,,,,,,0.0,0.0,100.0,0.0
2023-07-26,,,,,,,,,,,,,0.0,0.0,100.0,0.0
2023-07-27,,,,,,,0.0,0.0,89.7,,,,0.0,0.0,100.0,0.0
2023-07-28,,,,,,,,,,,,,0.0,0.0,100.0,0.0
2023-07-29,,,,,,,,,,,,,0.0,0.0,100.0,0.0
2023-07-30,,,,,,,,,,,,,0.0,0.0,100.0,0.0
2023-07-31,,,,,,,,,,,,,0.0,0.0,100.0,0.0
2023-08-01,0.9,10.1,93.3,,,,,,,,,,0.0,0.0,100.0,0.0
2023-08-02,,,,,,,,,,0.0,0.0,66.6,0.0,0.0,100.0,0.0
2023-08-03,,,,,,,0.0,0.0,89.1,0.0,0.0,51.0,0.0,0.0,100.0,0.0
2023-08-04,,,,,,,,,,,,,0.0,0.0,100.0,0.0
2023-08-05,0.0,3.8,46.8,,,,,,,,,,0.0,0.0,100.0,0.0
2023-08-06,,,,,,,,,,,,,0.0,0.0,100.0,0.0
2023-08-07,,,,0.0,0.0,65.7,,,,0.0,0.0,87.2,0.0,0.0,100.0,0.0
2023-08-08,,,,,,,,,,,,,0.0,0.0,100.0,0.0
2023-08-09,,,,,,,,,,,,,0.0,0.0,100.0,0.0
2023-08-10,,,,,,,,,,0.0,0.0,100.0,0.0,0.0,100.0,0.0
2023-08-11,,,,,,,0.0,0.0,100.0,,,,0.0,0.0,100.0,0.0
2023-08-12,,,,,,,,,,,,,0.0,0.0,100.0,0.0
2023-08-13,0.9,7.8,93.3,,,,,,,,,,0.0,0.0,100.0,0.0
2023-08-14,,,,,,,,,,0.0,0.0,100.0,0.0,0.0,100.0,0.0
2023-08-15,,,,,,,,,,,,,0.0,0.0,100.0,0.0
2023-08-16,,,,,,,,,,,,,0.0,0.0,100.0,0.0
2023-08-17,0.0,3.6,46.3,,,,,,,,,,0.0,0.0,100.0,0.0
2023-08-18,,,,,,,,,,0.0,0.0,100.0,0.0,0.0,100.0,0.0
2023-08-19,,,,,,,0.0,0.0,98.4,,,,0.0,0.0,100.0,0.0
2023-08-20,,,,,,,0.0,0.0,98.3,,,,0.0,0.0,100.0,0.0
2023-08-21,,,,,,,,,,,,,0.0,0.0,100.0,0.0
2023-08-22,,,,0.0,0.0,100.0,,,,,,,0.0,0.0,100.0,0.0
2023-08-23,,,,,,,,,,,,,0.0,0.0,100.0,0.0
2023-08-24,,,,,,,,,,,,,0.0,0.0,100.0,0.0
2023-08-25,1.3,6.7,92.0,,,,,,,0.0,0.0,55.4,0.0,0.0,100.0,0.0
2023-08-26,,,,,,,,,,0.0,0.0,100.0,0.0,0.0,100.0,0.0
2023-08-27,,,,,,,,,,,,,0.0,0.0,100.0,0.0
2023-08-28,,,,,,,,,,,,,0.0,0.0,100.0,0.0
2023-08-29,0.4,3.2,45.9,,,,,,,,,,0.0,0.0,100.0,0.0
2023-08-30,,,,,,,,,,,,,0.0,0.0,100.0,0.0
2023-08-31,,,,,,,,,,,,,0.0,0.0,100.0,0.0
2023-09-01,,,,0.0,0.0,97.4,,,,,,,0.0,0.0,100.0,0.0
2023-09-02,,,,,,,,,,0.0,0.0,100.0,0.0,0.0,100.0,0.0
2023-09-03,,,,,,,,,,,,,0.0,0.0,100.0,0.0
2023-09-04,,,,,,,0.0,0.0,100.0,,,,0.0,0.0,100.0,0.0
2023-09-05,,,,,,,0.0,0.0,99.7,,,,0.0,0.0,100.0,0.0
2023-09-06,0.8,6.4,90.6,0.0,0.0,100.0,,,,,,,0.0,0.0,100.0,0.0
2023-09-07,,,,,,,,,,,,,0.0,0.0,100.0,0.0
2023-09-08,,,,,,,,,,,,,0.0,0.0,100.0,0.0
2023-09-09,,,,,,,,,,0.0,0.0,100.0,0.0,0.0,100.0,0.0
2023-09-10,0.0,3.0,43.4,,,,,,,,,,0.0,0.0,100.0,0.0
2023-09-11,,,,0.0,0.0,100.0,,,,,,,0.0,0.0,100.0,0.0
2023-09-12,,,,,,,,,,,,,0.0,0.0,100.0,0.0
2023-09-13,,,,,,,,,,,,,0.0,0.1,100.0,0.0
2023-09-14,,,,,,,,,,,,,0.0,0.1,100.0,0.0
2023-09-15,,,,,,,,,,,,,0.0,0.0,100.0,0.0
2023-09-16,,,,,,,,,,,,,0.0,0.1,100.0,0.0
2023-09-17,,,,,,,,,,0.0,0.0,100.0,0.0,0.0,100.0,0.0
2023-09-18,1.2,6.8,90.9,,,,,,,,,,0.0,0.1,100.0,0.0
2023-09-19,,,,,,,,,,,,,0.0,0.1,100.0,0.0
2023-09-20,,,,,,,,,,,,,0.0,0.1,100.0,0.0
2023-09-21,,,,,,,,,,,,,0.0,0.1,100.0,0.0
2023-09-22,0.0,4.3,41.5,,,,,,,,,,0.0,0.1,100.0,0.0
2023-09-23,,,,,,,,,,,,,0.0,0.1,100.0,0.0
2023-09-24,,,,,,,,,,,,,0.0,0.1,100.0,0.0
2023-09-25,,,,,,,,,,0.0,0.0,100.0,0.0,0.1,100.0,0.0
2023-09-26,,,,0.0,0.0,100.0,,,,,,,0.0,0.0,100.0,0.0
2023-09-27,,,,,,,,,,,,,0.0,0.0,100.0,0.0
2023-09-28,,,,,,,,,,0.0,0.0,96.4,0.0,0.0,100.0,0.0
2023-09-29,,,,,,,0.0,0.0,99.8,,,,0.0,0.0,100.0,0.0
2023-09-30,0.3,7.0,92.1,,,,,,,,,,0.0,0.0,100.0,0.0
2023-10-01,,,,0.0,0.0,100.0,,,,,,,0.0,0.0,100.0,0.0
2023-10-02,,,,,,,,,,0.0,0.0,100.0,0.0,0.0,100.0,0.0
2023-10-03,,,,,,,,,,0.0,0.0,100.0,0.0,0.0,100.0,0.0
2023-10-04,0.0,4.9,41.5,,,,,,,,,,0.0,0.1,100.0,0.0
2023-10-05,,,,,,,,,,,,,0.0,0.1,100.0,0.0
2023-10-06,,,,0.0,0.0,96.0,0.0,0.0,99.9,0.0,0.0,100.0,0.0,0.0,100.0,0.0
2023-10-07,,,,,,,0.0,0.0,99.6,,,,0.0,0.0,100.0,0.0
2023-10-08,,,,,,,,,,,,,0.0,0.1,100.0,0.0
2023-10-09,,,,,,,,,,,,,0.0,0.1,100.0,0.0
2023-10-10,,,,,,,,,,0.0,0.0,100.0,0.0,0.1,100.0,0.0
2023-10-11,,,,0.0,0.0,100.0,,,,0.0,0.0,100.0,0.0,0.1,100.0,0.0
2023-10-12,0.3,7.0,91.6,,,,,,,0.0,0.2,100.0,0.0,0.1,100.0,0.0
2023-10-13,,,,,,,,,,,,,0.0,0.2,100.0,0.0
2023-10-14,,,,,,,,,,0.0,0.2,100.0,0.0,0.1,100.0,0.0
2023-10-15,,,,,,,,,,0.0,0.4,100.0,0.0,0.3,100.0,0.0
2023-10-16,0.0,5.2,73.1,,,,,,,,,,0.0,0.2,100.0,0.0
2023-10-17,,,,,,,,,,,,,0.0,0.2,100.0,0.0
2023-10-18,,,,,,,,,,0.0,1.8,100.0,0.0,0.1,100.0,0.0
2023-10-19,,,,,,,,,,,,,0.0,0.2,100.0,0.0
2023-10-20,,,,,,,,,,,,,0.0,0.2,100.0,0.0
2023-10-21,,,,,,,,,,,,,0.0,0.2,100.0,0.0
2023-10-22,,,,,,,,,,,,,0.0,0.2,100.0,0.0
2023-10-23,,,,,,,,,,0.0,5.2,100.0,0.0,0.3,100.0,0.0
2023-10-24,0.8,8.1,93.3,,,,,,,,,,0.0,0.4,100.0,0.0
2023-10-25,,,,,,,,,,,,,0.0,0.3,100.0,0.0
2023-10-26,,,,,,,,,,,,,0.0,0.3,100.0,0.0
2023-10-27,,,,,,,,,,,,,0.0,0.4,100.0,0.0
2023-10-28,1.5,6.2,73.2,,,,,,,,,,0.0,0.5,100.0,0.0
2023-10-29,,,,,,,,,,,,,0.0,0.4,100.0,0.0
2023-10-30,,,,,,,,,,,,,0.0,0.5,100.0,0.0
2023-10-31,,,,,,,,,,,,,0.0,0.5,100.0,0.0
2023-11-01,,,,,,,,,,,,,0.0,0.5,100.0,0.0
2023-11-02,,,,,,,,,,,,,0.0,0.4,100.0,0.0
2023-11-03,,,,,,,,,,,,,0.0,0.7,100.0,0.0
2023-11-04,,,,,,,,,,,,,0.0,0.7,100.0,0.0
2023-11-05,1.8,8.7,88.9,,,,,,,,,,0.0,0.7,100.0,0.0
2023-11-06,,,,,,,,,,12.4,27.7,100.0,0.0,0.7,100.0,0.0
2023-11-07,,,,,,,,,,,,,0.0,1.1,100.0,0.0
2023-11-08,,,,,,,0.0,0.2,100.0,,,,0.0,1.4,100.0,0.0
2023-11-09,1.2,9.0,73.4,,,,,,,,,,0.0,1.5,100.0,0.0
2023-11-10,,,,,,,,,,,,,0.0,1.8,100.0,0.0
2023-11-11,,,,,,,,,,,,,0.0,2.3,100.0,0.0
2023-11-12,,,,,,,,,,,,,0.0,3.6,100.0,0.0
2023-11-13,,,,,,,,,,,,,0.0,4.2,100.0,0.0
2023-11-14,,,,,,,,,,,,,0.0,4.3,100.0,0.0
2023-11-15,,,,0.0,4.2,99.5,,,,,,,0.0,5.1,100.0,0.0
2023-11-16,,,,,,,,,,,,,0.0,6.0,100.0,0.0
2023-11-17,4.5,15.4,94.1,,,,,,,,,,0.0,6.3,100.0,0.0
2023-11-18,,,,,,,,,,,,,0.0,7.4,100.0,0.0
2023-11-19,,,,,,,,,,,,,0.0,8.5,100.0,0.0
2023-11-20,,,,,,,,,,,,,0.0,8.7,100.0,0.0
2023-11-21,6.2,17.1,72.0,,,,,,,,,,0.0,10.5,100.0,0.0
2023-11-22,,,,,,,,,,,,,0.1,14.0,100.0,0.1
2023-11-23,,,,,,,3.9,5.5,99.8,,,,1.1,20.1,100.0,1.1
2023-11-24,,,,,,,9.4,17.7,99.5,,,,1.4,22.6,100.0,1.4
2023-11-25,,,,,,,,,,,,,2.0,28.7,100.0,2.0
2023-11-26,,,,,,,,,,,,,3.2,35.6,100.0,3.2
2023-11-27,,,,,,,,,,,,,6.1,43.2,100.0,6.1
2023-11-28,,,,,,,,,,,,,11.9,46.4,100.0,11.9
2023-11-29,14.6,22.2,93.9,,,,,,,,,,34.1,54.7,100.0,34.1
2023-11-30,,,,,,,,,,,,,52.3,58.6,100.0,52.3
2023-12-01,,,,,,,,,,,,,78.9,67.4,100.0,78.9
2023-12-02,,,,,,,,,,,,,78.0,67.7,100.0,78.0
2023-12-03,71.8,52.8,35.2,,,,,,,90.1,69.4,100.0,92.8,74.2,100.0,92.8
2023-12-04,,,,,,,,,,,,,97.2,77.2,100.0,97.2
2023-12-05,,,,,,,,,,,,,99.3,79.0,100.0,99.3
2023-12-06,,,,,,,,,,,,,99.6,79.8,100.0,99.6
2023-12-07,,,,,,,,,,98.1,80.6,100.0,99.8,83.5,100.0,99.8
2023-12-08,,,,,,,,,,,,,100.0,84.6,100.0,100.0
2023-12-09,,,,,,,,,,,,,100.0,88.1,100.0,100.0
2023-12-10,,,,,,,,,,100.0,90.3,100.0,100.0,90.2,100.0,100.0
2023-12-11,96.4,64.9,29.8,,,,,,,,,,100.0,92.4,100.0,100.0
2023-12-12,,,,,,,,,,,,,100.0,92.5,100.0,100.0
2023-12-13,,,,,,,,,,,,,100.0,92.9,100.0,100.0
2023-12-14,,,,,,,,,,,,,100.0,94.5,100.0,100.0
2023-12-15,,,0.0,99.0,95.2,100.0,,,,,,,100.0,95.5,100.0,100.0
2023-12-16,,,,,,,,,,,,,100.0,95.8,100.0,100.0
2023-12-17,,,,,,,100.0,100.0,100.0,,,,100.0,96.6,100.0,100.0
2023-12-18,,,,,,,100.0,100.0,100.0,,,,100.0,97.1,100.0,100.0
2023-12-19,,,,,,,,,,100.0,89.2,100.0,100.0,96.8,100.0,100.0
2023-12-20,,,,97.3,95.9,59.4,,,,,,,100.0,97.3,100.0,100.0
2023-12-21,,,,,,,,,,,,,100.0,97.5,100.0,100.0
2023-12-22,,,,,,,,,,,,,100.0,97.5,100.0,100.0
2023-12-23,67.9,48.8,9.0,,,,,,,100.0,89.9,100.0,100.0,97.6,100.0,100.0
2023-12-24,,,,,,,,,,,,,100.0,97.6,100.0,100.0
2023-12-25,,,,93.4,89.4,100.0,100.0,100.0,100.0,,,,100.0,98.6,100.0,100.0
2023-12-26,,,,,,,,,,100.0,90.6,100.0,100.0,98.0,100.0,100.0
2023-12-27,96.8,75.9,35.9,,,,,,,100.0,90.6,100.0,100.0,98.4,100.0,100.0
2023-12-28,,,,,,,,,,,,,100.0,98.1,100.0,100.0
2023-12-29,,,,,,,,,,,,,100.0,97.8,100.0,100.0
2023-12-30,,,,96.2,93.3,100.0,,,,100.0,89.5,100.0,100.0,97.8,100.0,100.0
2023-12-31,,,,,,,,,,,,,100.0,97.5,100.0,100.0
2024-01-01,,,,,,,,,,,,,100.0,95.7,100.0,100.0
2024-01-02,,,,,,,,,,,,,100.0,95.6,100.0,100.0
2024-01-03,,,,,,,,,,99.9,94.2,100.0,100.0,95.7,100.0,100.0
2024-01-04,99.7,71.2,27.3,99.9,98.6,100.0,,,,,,,100.0,96.3,100.0,100.0
2024-01-05,,,,,,,,,,,,,100.0,96.8,100.0,100.0
2024-01-06,,,,,,,,,,,,,100.0,96.2,100.0,100.0
2024-01-07,,,,,,,,,,,,,100.0,96.5,100.0,100.0
2024-01-08,,,0.0,,,,,,,,,,100.0,96.9,100.0,100.0
2024-01-09,,,,,,,,,,,,,100.0,97.6,100.0,100.0
2024-01-10,,,,,,,,,,,,,100.0,97.4,100.0,100.0
2024-01-11,,,,,,,100.0,100.0,100.0,,,,100.0,98.5,100.0,100.0
2024-01-12,,,,,,,,,,,,,100.0,98.2,100.0,100.0
2024-01-13,,,,,,,,,,,,,100.0,98.7,100.0,100.0
2024-01-14,,,,98.9,97.6,100.0,,,,100.0,95.7,100.0,100.0,98.8,100.0,100.0
2024-01-15,,,,,,,,,,,,,100.0,98.7,100.0,100.0
2024-01-16,85.7,56.7,4.6,,,,,,,,,,100.0,99.0,100.0,100.0
2024-01-17,,,,,,,,,,,,,100.0,99.1,100.0,100.0
2024-01-18,,,,,,,,,,,,,100.0,98.9,100.0,100.0
2024-01-19,,,,99.9,98.4,100.0,100.0,100.0,77.9,,,,100.0,99.3,100.0,100.0
2024-01-20,99.5,76.3,29.1,,,,,,,,,,100.0,99.1,100.0,100.0
2024-01-21,,,,,,,,,,,,,100.0,99.2,100.0,100.0
2024-01-22,,,,,,,,,,,,,100.0,99.2,100.0,100.0
2024-01-23,,,,,,,,,,,,,100.0,99.1,100.0,100.0
2024-01-24,,,,,,,,,,,,,100.0,99.4,100.0,100.0
2024-01-25,,,,,,,,,,,,,100.0,99.4,100.0,100.0
2024-01-26,,,,,,,,,,,,,100.0,99.4,100.0,100.0
2024-01-27,,,,,,,100.0,100.0,99.7,,,,100.0,99.5,100.0,100.0
2024-01-28,95.8,70.3,31.3,,,,,,,,,,100.0,99.5,100.0,100.0
2024-01-29,,,,97.3,96.7,100.0,,,,,,,100.0,99.6,100.0,100.0
2024-01-30,,,,,,,,,,,,,100.0,99.4,100.0,100.0
2024-01-31,,,,,,,,,,,,,100.0,99.3,100.0,100.0
2024-02-01,,,0.0,,,,,,,,,,100.0,99.3,100.0,100.0
2024-02-02,,,,,,,,,,,,,100.0,99.2,100.0,100.0
2024-02-03,,,,97.6,97.0,100.0,100.0,100.0,99.9,,,,100.0,99.3,100.0,100.0
2024-02-04,,,,,,,100.0,100.0,99.7,,,,100.0,99.2,100.0,100.0
2024-02-05,,,,,,,,,,,,,100.0,99.0,100.0,100.0
2024-02-06,,,,,,,,,,,,,100.0,98.9,100.0,100.0
2024-02-07,,,,,,,,,,,,,100.0,98.7,100.0,100.0
2024-02-08,,,,,,,,,,,,,100.0,98.3,100.0,100.0
2024-02-09,100.0,68.3,3.3,,,,,,,,,,100.0,98.2,100.0,100.0
2024-02-10,,,,,,,,,,,,,100.0,98.0,100.0,100.0
2024-02-11,,,,,,,,,,,,,100.0,97.8,100.0,100.0
2024-02-12,,,,,,,,,,,,,100.0,97.2,100.0,100.0
2024-02-13,99.6,79.3,32.3,98.5,97.5,100.0,,,,,,,100.0,97.7,100.0,100.0
2024-02-14,,,,,,,,,,,,,100.0,97.3,100.0,100.0
2024-02-15,,,,,,,,,,,,,100.0,97.0,100.0,100.0
2024-02-16,,,,,,,,,,,,,100.0,96.6,100.0,100.0
2024-02-17,,,,,,,,,,,,,100.0,97.0,100.0,100.0
2024-02-18,,,,98.7,97.3,100.0,,,,,,,100.0,97.4,100.0,100.0
2024-02-19,,,,,,,,,,,,,100.0,96.5,100.0,100.0
2024-02-20,,,,,,,100.0,99.9,72.0,,,,100.0,95.9,100.0,100.0
2024-02-21,100.0,74.4,27.3,,,,,,,,,,100.0,96.1,100.0,100.0
2024-02-22,,,,,,,,,,,,,100.0,95.7,100.0,100.0
2024-02-23,,,,99.9,98.8,100.0,,,,,,,100.0,96.0,100.0,100.0
2024-02-24,,,,,,,,,,,,,100.0,94.1,100.0,100.0
2024-02-25,,,0.0,,,,,,,,,,100.0,94.2,100.0,100.0
2024-02-26,,,,,,,,,,,,,100.0,93.4,100.0,100.0
2024-02-27,,,,,,,,,,,,,100.0,93.7,100.0,100.0
2024-02-28,,,,,,,,,,,,,100.0,92.9,100.0,100.0
2024-02-29,,,,,,,,,,,,,100.0,92.5,100.0,100.0
2024-03-01,,,,,,,,,,,,,100.0,91.9,100.0,100.0
2024-03-02,,,,,,,,,,,,,100.0,91.7,100.0,100.0
2024-03-03,,,,,,,,,,,,,100.0,92.5,100.0,100.0
2024-03-04,89.6,66.1,3.5,97.1,95.7,91.3,,,,,,,100.0,93.7,100.0,100.0
2024-03-05,,,,,,,,,,,,,100.0,93.7,100.0,100.0
2024-03-06,,,,,,,,,,,,,100.0,92.7,100.0,100.0
2024-03-07,,,,,,,100.0,99.9,99.4,,,,100.0,95.2,100.0,100.0
2024-03-08,97.6,72.5,33.0,,,,,,,,,,100.0,94.2,100.0,100.0
2024-03-09,,,,,,,,,,,,,100.0,95.4,100.0,100.0
2024-03-10,,,,,,,,,,,,,100.0,95.1,100.0,100.0
2024-03-11,,,,,,,,,,,,,100.0,95.7,100.0,100.0
2024-03-12,,,,,,,,,,,,,100.0,95.6,100.0,100.0
2024-03-13,,,,,,,,,,,,,100.0,95.7,100.0,100.0
2024-03-14,,,,98.3,97.8,100.0,100.0,99.6,99.9,,,,100.0,97.1,100.0,100.0
2024-03-15,,,,,,,,,,,,,100.0,96.2,100.0,100.0
2024-03-16,93.9,65.4,32.0,,,,,,,,,,100.0,96.0,100.0,100.0
2024-03-17,,,,,,,,,,,,,100.0,95.6,100.0,100.0
2024-03-18,,,,,,,,,,,,,100.0,95.4,100.0,100.0
2024-03-19,,,,98.1,96.7,100.0,,,,,,,99.6,95.0,100.0,99.6
2024-03-20,,,0.0,,,,,,,,,,99.3,93.8,100.0,99.3
2024-03-21,,,,,,,,,,,,,99.2,93.4,100.0,99.2
2024-03-22,,,,,,,,,,,,,99.1,93.0,100.0,99.1
2024-03-23,,,,,,,,,,,,,99.0,91.5,100.0,99.0
2024-03-24,,,,,,,,,,,,,99.0,91.1,100.0,99.0
2024-03-25,,,,,,,,,,,,,99.0,90.8,100.0,99.0
2024-03-26,,,,,,,,,,,,,99.0,90.8,100.0,99.0
2024-03-27,,,,,,,,,,,,,99.0,88.9,100.0,99.0
2024-03-28,100.0,67.4,2.3,,,,,,,,,,99.1,88.3,100.0,99.1
2024-03-29,,,,,,,,,,,,,99.6,87.9,100.0,99.6
2024-03-30,,,,,,,,,,,,,99.2,85.8,100.0,99.2
2024-03-31,,,,,,,,,,,,,99.8,85.4,100.0,99.8
2024-04-01,94.9,67.9,33.1,,,,,,,,,,100.0,87.0,100.0,100.0
2024-04-02,,,,,,,,,,,,,100.0,89.3,100.0,100.0
2024-04-03,,,,,,,,,,,,,100.0,90.2,100.0,100.0
2024-04-04,,,,,,,,,,100.0,93.4,100.0,100.0,91.1,100.0,100.0
2024-04-05,,,,,,,,,,,,,100.0,91.5,100.0,100.0
2024-04-06,,,,,,,,,,,,,100.0,91.7,100.0,100.0
2024-04-07,,,,,,,,,,,,,100.0,91.1,100.0,100.0
2024-04-08,,,,99.5,96.9,100.0,100.0,99.8,31.7,,,,100.0,91.7,100.0,100.0
2024-04-09,93.5,61.8,29.3,,,,,,,,,,100.0,91.5,100.0,100.0
2024-04-10,,,,,,,,,,,,,100.0,91.0,100.0,100.0
2024-04-11,,,,,,,,,,,,,99.9,90.7,100.0,99.9
2024-04-12,,,,,,,,,,100.0,93.0,97.2,99.7,89.5,100.0,99.7
2024-04-13,,,0.0,100.0,98.3,100.0,,,,,,,99.7,92.2,100.0,99.7
2024-04-14,,,,,,,,,,,,,99.6,89.0,100.0,99.6
2024-04-15,,,,,,,,,,,,,99.3,87.8,100.0,99.3
2024-04-16,,,,,,,100.0,99.2,54.0,,,,97.7,83.3,100.0,97.7
2024-04-17,,,,,,,,,,,,,99.1,85.3,100.0,99.1
2024-04-18,,,,100.0,99.6,84.8,,,,,,,98.0,81.6,100.0,98.0
2024-04-19,,,,,,,,,,,,,97.8,79.1,100.0,97.8
2024-04-20,,,,,,,,,,100.0,92.9,100.0,95.6,74.0,100.0,95.6
2024-04-21,100.0,68.5,1.9,,,,,,,,,,98.5,78.6,100.0,98.5
2024-04-22,,,,,,,,,,,,,98.6,78.4,100.0,98.6
2024-04-23,,,,,,,,,,,,,99.3,79.8,100.0,99.3
2024-04-24,,,,,,,,,,100.0,88.5,99.4,99.5,79.9,100.0,99.5
2024-04-25,84.7,55.5,31.8,,,,,,,,,,100.0,83.7,100.0,100.0
2024-04-26,,,,,,,,,,,,,100.0,80.9,100.0,100.0
2024-04-27,,,,,,,,,,,,,100.0,80.9,100.0,100.0
2024-04-28,,,,,,,,,,,,,100.0,79.2,100.0,100.0
2024-04-29,,,,,,,,,,,,,100.0,79.3,100.0,100.0
2024-04-30,,,,,,,,,,98.7,79.5,100.0,100.0,79.1,100.0,100.0
2024-05-01,,,,,,,,,,96.3,73.3,100.0,100.0,78.4,100.0,100.0
2024-05-02,,,,,,,,,,,,,100.0,78.3,100.0,100.0
2024-05-03,49.2,41.1,32.5,,,,,,,,,,100.0,79.6,100.0,100.0
2024-05-04,,,,,,,,,,,,,100.0,79.0,100.0,100.0
2024-05-05,,,,,,,,,,,,,100.0,78.9,100.0,100.0
2024-05-06,,,,,,,,,,,,,100.0,80.2,100.0,100.0
2024-05-07,,,0.0,,,,,,,,,,100.0,83.2,100.0,100.0
2024-05-08,,,,100.0,99.9,32.3,,,,,,,100.0,85.0,100.0,100.0
2024-05-09,,,,,,,100.0,97.7,82.4,,,,100.0,87.5,100.0,100.0
2024-05-10,,,,,,,100.0,90.0,80.0,41.7,43.1,92.4,100.0,86.8,100.0,100.0
2024-05-11,,,,,,,,,,,,,100.0,88.1,100.0,100.0
2024-05-12,,,,,,,,,,,,,100.0,87.1,100.0,100.0
2024-05-13,,,,100.0,93.4,98.5,,,,,,,100.0,88.3,100.0,100.0
2024-05-14,,,,,,,,,,,,,100.0,82.1,100.0,100.0
2024-05-15,38.9,40.4,1.3,,,,,,,,,,100.0,82.5,100.0,100.0
2024-05-16,,,,,,,,,,,,,100.0,80.4,100.0,100.0
2024-05-17,,,,,,,,,,,,,100.0,81.0,100.0,100.0
2024-05-18,,,,,,,,,,,,,99.6,77.5,100.0,99.6
2024-05-19,24.4,30.5,32.1,,,,,,,,,,99.9,77.6,100.0,99.9
2024-05-20,,,,,,,,,,,,,99.1,75.0,100.0,99.1
2024-05-21,,,,,,,,,,,,,96.2,70.0,100.0,96.2
2024-05-22,,,,,,,,,,,,,58.9,61.8,100.0,58.9
2024-05-23,,,,,,,,,,,,,22.5,53.0,100.0,22.5
2024-05-24,,,,,,,,,,,,,20.8,51.5,100.0,20.8
2024-05-25,,,,,,,,,,0.0,12.3,65.9,2.8,41.1,100.0,2.8
2024-05-26,,,,,,,,,,,,,0.7,37.6,100.0,0.7
2024-05-27,3.3,22.4,28.7,,,,,,,,,,0.0,27.8,100.0,0.0
2024-05-28,,,,2.1,14.5,100.0,,,,,,,0.0,28.0,100.0,0.0
2024-05-29,,,,,,,,,,,,,0.0,16.9,100.0,0.0
2024-05-30,,,,,,,,,,,,,0.0,15.1,100.0,0.0
2024-05-31,,,0.0,,,,,,,,,,0.0,10.6,100.0,0.0
2024-06-01,,,,,,,,,,,,,0.0,10.9,100.0,0.0
2024-06-02,,,,,,,,,,,,,0.0,8.0,100.0,0.0
2024-06-03,,,,,,,,,,,,,0.0,8.0,100.0,0.0
2024-06-04,,,,,,,,,,,,,0.0,7.2,100.0,0.0
2024-06-05,,,,,,,,,,,,,0.0,7.8,100.0,0.0
2024-06-06,,,,,,,,,,,,,0.0,6.1,100.0,0.0
2024-06-07,,,,,,,,,,,,,0.0,7.6,100.0,0.0
2024-06-08,18.2,32.0,4.0,,,,,,,,,,0.0,7.7,100.0,0.0
2024-06-09,,,,,,,,,,,,,0.0,6.5,100.0,0.0
2024-06-10,,,,,,,,,,,,,0.0,5.4,100.0,0.0
2024-06-11,,,,,,,,,,,,,0.0,6.1,100.0,0.0
2024-06-12,0.0,14.2,27.8,,,,,,,,,,0.0,6.3,100.0,0.0
2024-06-13,,,,,,,,,,0.0,3.2,100.0,0.0,4.2,100.0,0.0
2024-06-14,,,,,,,,,,,,,0.0,3.8,100.0,0.0
2024-06-15,,,,,,,,,,,,,0.0,4.6,100.0,0.0
2024-06-16,,,,,,,,,,,,,0.0,4.4,100.0,0.0
2024-06-17,,,,0.0,0.1,87.6,,,,0.0,1.7,100.0,0.0,3.6,100.0,0.0
2024-06-18,,,,,,,,,,0.0,0.5,100.0,0.0,3.0,100.0,0.0
2024-06-19,,,,,,,,,,,,,0.0,3.4,100.0,0.0
2024-06-20,0.0,10.8,26.5,,,,,,,,,,0.0,2.7,100.0,0.0
2024-06-21,,,,,,,,,,,,,0.0,2.2,100.0,0.0
2024-06-22,,,,0.0,0.1,42.7,,,,,,,0.0,1.7,100.0,0.0
2024-06-23,,,,,,,,,,,,,0.0,1.9,100.0,0.0
2024-06-24,,,0.0,,,,,,,,,,0.0,1.7,100.0,0.0
2024-06-25,,,,,,,,,,0.0,0.1,100.0,0.0,1.7,100.0,0.0
2024-06-26,,,,,,,,,,0.0,0.0,100.0,0.0,1.8,100.0,0.0
2024-06-27,,,,0.0,0.1,93.4,0.0,0.0,61.6,,,,0.0,1.6,100.0,0.0
2024-06-28,,,,,,,,,,,,,0.0,1.2,100.0,0.0
2024-06-29,,,,,,,,,,,,,0.0,1.2,100.0,0.0
2024-06-30,,,,,,,,,,,,,0.0,1.2,100.0,0.0
2024-07-01,,,,,,,,,,,,,0.0,1.0,100.0,0.0
2024-07-02,23.5,31.4,5.9,0.0,0.0,100.0,,,,,,,0.0,0.7,100.0,0.0
2024-07-03,,,,,,,,,,0.0,0.0,100.0,0.0,0.6,100.0,0.0
2024-07-04,,,,,,,0.0,0.0,86.4,,,,0.0,0.8,100.0,0.0
2024-07-05,,,,,,,0.0,0.0,37.5,,,,0.0,0.7,100.0,0.0
2024-07-06,0.0,9.3,29.3,,,,,,,,,,0.0,0.4,100.0,0.0
2024-07-07,,,,,,,,,,,,,0.0,0.5,100.0,0.0
2024-07-08,,,,,,,,,,,,,0.0,0.6,100.0,0.0
2024-07-09,,,,,,,,,,,,,0.0,0.5,100.0,0.0
2024-07-10,,,,,,,,,,,,,0.0,0.5,100.0,0.0
2024-07-11,,,,,,,,,,,,,0.0,0.3,100.0,0.0
2024-07-12,,,,,,,,,,,,,0.0,0.5,100.0,0.0
2024-07-13,,,,,,,,,,,,,0.0,0.4,100.0,0.0
2024-07-14,0.0,7.4,27.5,,,,,,,,,,0.0,0.3,100.0,0.0
2024-07-15,,,,,,,,,,,,,0.0,0.1,100.0,0.0
2024-07-16,,,,,,,,,,,,,0.0,0.2,100.0,0.0
2024-07-17,,,,0.0,0.0,100.0,,,,,,,0.0,0.1,100.0,0.0
2024-07-18,,,0.0,,,,,,,0.0,0.0,100.0,0.0,0.1,100.0,0.0
2024-07-19,,,,,,,,,,0.0,0.0,100.0,0.0,0.1,100.0,0.0
2024-07-20,,,,,,,0.0,0.0,96.1,,,,0.0,0.1,100.0,0.0
2024-07-21,,,,,,,,,,,,,0.0,0.0,100.0,0.0
2024-07-22,,,,,,,,,,,,,0.0,0.0,100.0,0.0
2024-07-23,,,,,,,,,,0.0,0.0,68.4,0.0,0.0,100.0,0.0
2024-07-24,,,,,,,,,,,,,0.0,0.0,100.0,0.0
2024-07-25,,,,,,,,,,,,,0.0,0.0,100.0,0.0
2024-07-26,25.2,32.3,7.8,,,,,,,0.0,0.0,100.0,0.0,0.0,100.0,0.0
2024-07-27,,,,0.0,0.0,100.0,,,,,,,0.0,0.0,100.0,0.0
2024-07-28,,,,,,,0.0,0.0,95.3,,,,0.0,0.0,100.0,0.0
2024-07-29,,,,,,,0.0,0.0,94.0,0.0,0.0,100.0,0.0,0.0,100.0,0.0
2024-07-30,0.2,8.3,34.2,,,,,,,,,,0.0,0.0,100.0,0.0
2024-07-31,,,,,,,,,,,,,0.0,0.0,100.0,0.0
2024-08-01,,,,0.0,0.2,81.5,,,,,,,0.0,0.0,100.0,0.0
2024-08-02,,,,,,,,,,0.0,0.0,100.0,0.0,0.0,100.0,0.0
2024-08-03,,,,,,,,,,0.0,0.0,99.2,0.0,0.0,100.0,0.0
2024-08-04,,,,,,,,,,,,,0.0,0.0,100.0,0.0
2024-08-05,,,,,,,0.0,0.0,100.0,,,,0.0,0.0,100.0,0.0
2024-08-06,,,,0.0,0.1,100.0,0.0,0.0,99.9,0.0,0.0,100.0,0.0,0.0,100.0,0.0
2024-08-07,0.0,6.7,33.2,,,,,,,,,,0.0,0.0,100.0,0.0
2024-08-08,,,,,,,,,,,,,0.0,0.0,100.0,0.0
2024-08-09,,,,,,,,,,,,,0.0,0.0,100.0,0.0
2024-08-10,,,,,,,,,,,,,0.0,0.0,100.0,0.0
2024-08-11,,,0.0,0.0,0.0,100.0,,,,,,,0.0,0.0,100.0,0.0
2024-08-12,,,,,,,,,,,,,0.0,0.0,100.0,0.0
2024-08-13,,,,,,,0.0,0.0,49.3,,,,0.0,0.0,100.0,0.0
2024-08-14,,,,,,,,,,,,,0.0,0.0,100.0,0.0
2024-08-15,,,,,,,,,,,,,0.0,0.0,100.0,0.0
2024-08-16,,,,0.0,0.0,100.0,,,,,,,0.0,0.0,100.0,0.0
2024-08-17,,,,,,,,,,,,,0.0,0.0,100.0,0.0
2024-08-18,,,,,,,,,,,,,0.0,0.0,100.0,0.0
2024-08-19,14.4,15.6,31.4,,,,,,,,,,0.0,0.0,100.0,0.0
2024-08-20,,,,,,,,,,,,,0.0,0.0,100.0,0.0
2024-08-21,,,,0.0,0.1,100.0,0.0,0.0,99.1,,,,0.0,0.0,100.0,0.0
2024-08-22,,,,,,,,,,,,,0.0,0.0,100.0,0.0
2024-08-23,0.0,5.2,58.5,,,,,,,,,,0.0,0.0,100.0,0.0
2024-08-24,,,,,,,,,,,,,0.0,0.0,100.0,0.0
2024-08-25,,,,,,,,,,,,,0.0,0.0,100.0,0.0
2024-08-26,,,,0.0,0.1,100.0,,,,0.0,0.0,100.0,0.0,0.0,100.0,0.0
2024-08-27,,,,,,,,,,,,,0.0,0.0,100.0,0.0
2024-08-28,,,,,,,,,,,,,0.0,0.0,100.0,0.0
2024-08-29,,,,,,,,,,0.0,0.0,100.0,0.0,0.0,100.0,0.0
2024-08-30,,,,,,,0.0,0.0,91.1,0.0,0.0,100.0,0.0,0.0,100.0,0.0
2024-08-31,0.0,6.2,35.7,0.0,0.0,100.0,,,,,,,0.0,0.0,100.0,0.0
2024-09-01,,,,,,,,,,,,,0.0,0.0,100.0,0.0
2024-09-02,,,,,,,,,,,,,0.0,0.0,100.0,0.0
2024-09-03,,,,,,,,,,,,,0.0,0.0,100.0,0.0
2024-09-04,,,0.0,,,,,,,,,,0.0,0.0,100.0,0.0
2024-09-05,,,,,,,,,,0.0,0.0,100.0,0.0,0.0,100.0,0.0
2024-09-06,,,,,,,0.0,0.0,100.0,0.0,0.0,100.0,0.0,0.0,100.0,0.0
2024-09-07,,,,,,,0.0,0.0,100.0,,,,0.0,0.0,100.0,0.0
2024-09-08,,,,,,,,,,,,,0.0,0.0,100.0,0.0
2024-09-09,,,,,,,,,,,,,0.0,0.0,100.0,0.0
2024-09-10,,,,0.0,0.0,99.5,,,,,,,0.0,0.0,100.0,0.0
2024-09-11,,,,,,,,,,,,,0.0,0.0,100.0,0.0
2024-09-12,10.1,13.8,29.5,,,,,,,,,,0.0,0.0,100.0,0.0
2024-09-13,,,,,,,,,,,,,0.0,0.1,100.0,0.0
2024-09-14,,,,,,,,,,,,,0.0,0.1,100.0,0.0
2024-09-15,,,,0.0,0.1,100.0,0.0,0.0,98.6,,,,0.0,0.1,100.0,0.0
2024-09-16,0.0,6.6,60.5,,,,,,,,,,0.0,0.1,100.0,0.0
2024-09-17,,,,,,,,,,0.0,0.0,97.8,0.0,0.0,100.0,0.0
2024-09-18,,,,,,,,,,,,,0.0,0.1,100.0,0.0
2024-09-19,,,,,,,,,,,,,0.0,0.1,100.0,0.0
2024-09-20,,,,0.0,0.1,45.4,,,,,,,0.0,0.1,100.0,0.0
2024-09-21,,,,,,,,,,,,,0.0,0.1,100.0,0.0
2024-09-22,,,,,,,,,,,,,0.0,0.2,100.0,0.0
2024-09-23,,,,,,,,,,,,,0.0,0.3,100.0,0.0
2024-09-24,0.3,9.3,42.4,,,,,,,,,,0.0,0.2,100.0,0.0
2024-09-25,,,,0.0,0.0,97.9,,,,,,,0.0,0.1,100.0,0.0
2024-09-26,,,,,,,,,,,,,0.0,0.2,100.0,0.0
2024-09-27,,,,,,,,,,,,,0.0,0.3,100.0,0.0
2024-09-28,,,0.0,,,,,,,,,,0.0,0.4,100.0,0.0
2024-09-29,,,,,,,,,,,,,0.0,0.3,100.0,0.0
2024-09-30,,,,,,,,,,,,,0.0,0.4,100.0,0.0
2024-10-01,,,,,,,,,,,,,0.0,0.6,100.0,0.0
2024-10-02,,,,,,,,,,0.0,0.1,100.0,0.0,0.5,100.0,0.0
2024-10-03,,,,,,,,,,,,,0.0,0.7,100.0,0.0
2024-10-04,,,,,,,,,,,,,0.0,0.7,100.0,0.0
2024-10-05,,,,0.0,0.0,100.0,,,,,,,0.0,0.9,100.0,0.0
2024-10-06,5.3,10.0,24.9,,,,,,,0.0,0.3,50.4,0.0,0.5,100.0,0.0
2024-10-07,,,,,,,,,,0.0,0.2,100.0,0.0,0.7,100.0,0.0
2024-10-08,,,,,,,,,,,,,0.0,0.7,100.0,0.0
2024-10-09,,,,,,,,,,,,,0.0,0.8,100.0,0.0
2024-10-10,1.9,14.8,65.0,0.0,0.1,81.5,,,,0.0,0.2,100.0,0.0,0.5,100.0,0.0
2024-10-11,,,,,,,,,,,,,0.0,0.5,100.0,0.0
2024-10-12,,,,,,,,,,,,,0.0,0.4,100.0,0.0
2024-10-13,,,,,,,,,,,,,0.0,0.5,100.0,0.0
2024-10-14,,,,,,,,,,0.0,0.1,100.0,0.0,0.3,100.0,0.0
2024-10-15,,,,,,,,,,,,,0.0,0.4,100.0,0.0
2024-10-16,,,,,,,,,,,,,0.0,0.4,100.0,0.0
2024-10-17,,,,,,,,,,,,,0.0,0.4,100.0,0.0
2024-10-18,3.4,17.3,44.3,,,,,,,,,,0.0,0.4,100.0,0.0
2024-10-19,,,,,,,,,,,,,0.0,0.3,100.0,0.0
2024-10-20,,,,0.0,0.0,86.8,,,,,,,0.0,0.4,100.0,0.0
2024-10-21,,,,,,,,,,,,,0.0,0.3,100.0,0.0
2024-10-22,,,0.0,,,,,,,0.0,0.1,100.0,0.0,0.3,100.0,0.0
2024-10-23,,,,,,,,,,0.0,0.1,100.0,0.0,0.4,100.0,0.0
2024-10-24,,,,,,,,,,,,,0.0,0.5,100.0,0.0
2024-10-25,,,,0.0,0.0,100.0,0.0,0.0,49.8,,,,0.0,0.3,100.0,0.0
2024-10-26,,,,,,,,,,0.0,0.1,100.0,0.0,0.3,100.0,0.0
2024-10-27,,,,,,,,,,,,,0.0,0.4,100.0,0.0
2024-10-28,,,,,,,,,,,,,0.0,0.5,100.0,0.0
2024-10-29,,,,,,,,,,,,,0.0,0.3,100.0,0.0
2024-10-30,14.7,33.5,24.8,0.0,0.0,100.0,,,,,,,0.0,0.4,100.0,0.0
2024-10-31,,,,,,,,,,,,,0.0,0.5,100.0,0.0
2024-11-01,,,,,,,0.0,0.0,99.9,,,,0.0,0.5,100.0,0.0
2024-11-02,,,,,,,0.0,0.0,99.5,,,,0.0,0.3,100.0,0.0
2024-11-03,42.8,37.8,64.0,,,,,,,,,,0.0,0.5,100.0,0.0
2024-11-04,,,,0.0,0.0,100.0,,,,,,,0.0,0.6,100.0,0.0
2024-11-05,,,,,,,,,,0.0,0.1,100.0,0.0,0.6,100.0,0.0
2024-11-06,,,,,,,,,,0.0,0.4,100.0,0.0,0.7,100.0,0.0
2024-11-07,,,,,,,,,,,,,0.0,1.0,100.0,0.0
2024-11-08,,,,,,,,,,,,,0.0,1.2,100.0,0.0
2024-11-09,,,,0.0,0.0,100.0,0.0,0.0,37.0,,,,0.0,1.2,100.0,0.0
2024-11-10,,,,,,,0.0,0.0,99.1,,,,0.0,1.4,100.0,0.0
2024-11-11,23.5,31.2,42.7,,,,,,,,,,0.0,2.3,100.0,0.0
2024-11-12,,,,,,,,,,,,,0.0,2.7,100.0,0.0
2024-11-13,,,,,,,,,,,,,0.0,2.8,100.0,0.0
2024-11-14,,,,0.0,0.2,100.0,,,,,,,0.0,3.0,100.0,0.0
2024-11-15,,,0.0,,,,,,,,,,0.0,4.1,100.0,0.0
2024-11-16,,,,,,,,,,0.0,4.5,100.0,0.0,4.1,100.0,0.0
2024-11-17,,,,,,,0.0,0.1,52.2,,,,0.0,6.4,100.0,0.0
2024-11-18,,,,,,,,,,,,,0.0,9.5,100.0,0.0
2024-11-19,,,,,,,,,,,,,0.0,12.9,100.0,0.0
2024-11-20,,,,,,,,,,,,,0.0,15.2,100.0,0.0
2024-11-21,,,,,,,,,,,,,0.0,22.7,100.0,0.0
2024-11-22,,,,,,,,,,,,,2.3,28.4,100.0,2.3
2024-11-23,98.7,63.8,22.9,,,,,,,,,,11.8,37.9,100.0,11.8
2024-11-24,,,,0.0,5.2,100.0,,,,11.5,34.5,80.7,16.4,40.3,100.0,16.4
2024-11-25,,,,,,,39.1,41.9,99.9,43.2,44.8,100.0,34.2,53.0,100.0,34.2
2024-11-26,,,,,,,100.0,99.6,37.0,,,,56.3,61.7,100.0,56.3
2024-11-27,78.8,62.3,62.3,,,,,,,,,,82.2,70.8,100.0,82.2
2024-11-28,,,,,,,,,,,,,85.5,72.0,100.0,85.5
2024-11-29,,,,86.3,74.5,99.6,,,,89.7,63.9,82.9,93.5,77.8,100.0,93.5
2024-11-30,,,,,,,,,,99.9,82.2,100.0,95.5,78.0,100.0,95.5
2024-12-01,,,,,,,,,,,,,99.0,80.4,100.0,99.0
2024-12-02,,,,,,,,,,100.0,92.0,100.0,99.9,81.7,100.0,99.9
2024-12-03,,,,,,,,,,100.0,96.2,78.2,100.0,86.4,100.0,100.0
2024-12-04,,,,,,,,,,,,,100.0,87.7,100.0,100.0
2024-12-05,73.5,50.7,42.6,,,,,,,,,,100.0,91.1,100.0,100.0
2024-12-06,,,,,,,,,,100.0,96.2,100.0,100.0,92.0,100.0,100.0
2024-12-07,,,,,,,,,,,,,100.0,93.2,100.0,100.0
2024-12-08,,,,,,,,,,,,,100.0,95.4,100.0,100.0
2024-12-09,,,0.0,,,,,,,100.0,97.6,100.0,100.0,96.0,100.0,100.0
2024-12-10,,,,,,,,,,100.0,97.7,100.0,100.0,96.8,100.0,100.0
2024-12-11,,,,,,,100.0,100.0,96.4,,,,100.0,97.8,100.0,100.0
2024-12-12,,,,,,,100.0,100.0,100.0,,,,100.0,98.4,100.0,100.0
2024-12-13,,,,,,,,,,,,,100.0,98.4,100.0,100.0
2024-12-14,,,,,,,,,,100.0,97.5,100.0,100.0,98.5,100.0,100.0
2024-12-15,,,,,,,,,,,,,100.0,98.7,100.0,100.0
2024-12-16,,,,,,,,,,,,,100.0,98.4,100.0,100.0
2024-12-17,100.0,84.6,20.6,,,,,,,,,,100.0,98.7,100.0,100.0
2024-12-18,,,,,,,,,,100.0,97.6,100.0,100.0,98.8,100.0,100.0
2024-12-19,,,,,,,,,,,,,100.0,98.8,100.0,100.0
2024-12-20,,,,,,,100.0,100.0,66.4,,,,100.0,98.9,100.0,100.0
2024-12-21,100.0,76.9,59.0,,,,,,,,,,100.0,99.0,100.0,100.0
2024-12-22,,,,,,,,,,,,,100.0,98.6,100.0,100.0
2024-12-23,,,,,,,,,,,,,100.0,98.7,100.0,100.0
2024-12-24,,,,99.8,96.7,100.0,,,,,,,100.0,99.2,100.0,100.0
2024-12-25,,,,,,,,,,,,,100.0,99.1,100.0,100.0
2024-12-26,,,,,,,,,,,,,100.0,99.0,100.0,100.0
2024-12-27,,,,,,,100.0,100.0,100.0,,,,100.0,99.2,100.0,100.0
2024-12-28,,,,,,,100.0,100.0,100.0,,,,100.0,99.4,100.0,100.0
2024-12-29,88.5,60.8,43.5,95.6,93.0,100.0,,,,,,,100.0,99.5,100.0,100.0
2024-12-30,,,,,,,,,,,,,100.0,99.3,100.0,100.0
2024-12-31,,,,,,,,,,,,,100.0,99.4,100.0,100.0
2025-01-01,,,,,,,,,,100.0,98.6,67.7,100.0,99.2,100.0,100.0
2025-01-02,,,0.0,,,,,,,,,,100.0,99.1,100.0,100.0
2025-01-03,,,,96.8,92.5,100.0,,,,,,,100.0,99.1,100.0,100.0
2025-01-04,,,,,,,,,,,,,100.0,99.0,100.0,100.0
2025-01-05,,,,,,,,,,,,,100.0,98.4,100.0,100.0
2025-01-06,,,,,,,,,,,,,100.0,98.4,100.0,100.0
2025-01-07,,,,,,,,,,,,,100.0,98.3,100.0,100.0
2025-01-08,,,,,,,,,,,,,100.0,98.8,100.0,100.0
2025-01-09,,,,,,,,,,,,,100.0,98.9,100.0,100.0
2025-01-10,100.0,88.4,23.0,,,,,,,,,,100.0,99.1,100.0,100.0
2025-01-11,,,,,,,,,,100.0,99.1,94.8,100.0,99.1,100.0,100.0
2025-01-12,,,,,,,100.0,100.0,51.0,,,,100.0,99.3,100.0,100.0
2025-01-13,,,,96.8,94.0,100.0,100.0,100.0,100.0,,,,100.0,99.6,100.0,100.0
2025-01-14,99.9,83.9,62.6,,,,,,,,,,100.0,99.5,100.0,100.0
2025-01-15,,,,,,,,,,,,,100.0,99.3,100.0,100.0
2025-01-16,,,,,,,,,,,,,100.0,99.4,100.0,100.0
2025-01-17,,,,,,,,,,,,,100.0,99.2,100.0,100.0
2025-01-18,,,,97.0,96.1,100.0,,,,,,,100.0,99.4,100.0,100.0
2025-01-19,,,,,,,,,,,,,100.0,99.3,100.0,100.0
2025-01-20,,,,,,,,,,,,,100.0,99.4,100.0,100.0
2025-01-21,,,,,,,100.0,100.0,100.0,,,,100.0,99.6,100.0,100.0
2025-01-22,94.7,72.4,42.3,,,,,,,,,,100.0,99.4,100.0,100.0
2025-01-23,,,,,,,,,,100.0,99.2,100.0,100.0,99.4,100.0,100.0
2025-01-24,,,,,,,,,,100.0,99.3,100.0,100.0,99.2,100.0,100.0
2025-01-25,,,,,,,,,,,,,100.0,99.1,100.0,100.0
2025-01-26,,,0.0,,,,,,,,,,100.0,99.0,100.0,100.0
2025-01-27,,,,,,,,,,,,,100.0,99.0,100.0,100.0
2025-01-28,,,,,,,,,,,,,100.0,98.9,100.0,100.0
2025-01-29,,,,,,,100.0,100.0,84.1,,,,100.0,99.2,100.0,100.0
2025-01-30,,,,,,,,,,,,,100.0,99.0,100.0,100.0
2025-01-31,,,,,,,,,,100.0,99.3,100.0,100.0,99.1,100.0,100.0
2025-02-01,,,,,,,,,,,,,100.0,99.1,100.0,100.0
2025-02-02,,,,96.9,96.2,100.0,,,,,,,100.0,99.4,100.0,100.0
2025-02-03,100.0,89.1,21.3,,,,,,,,,,100.0,99.2,100.0,100.0
2025-02-04,,,,,,,,,,100.0,99.2,100.0,100.0,99.1,100.0,100.0
2025-02-05,,,,,,,100.0,100.0,99.9,100.0,99.3,74.3,100.0,99.3,100.0,100.0
2025-02-06,,,,,,,100.0,100.0,100.0,,,,100.0,99.4,100.0,100.0
2025-02-07,100.0,87.3,66.4,97.9,96.7,100.0,,,,,,,100.0,99.3,100.0,100.0
2025-02-08,,,,,,,,,,,,,100.0,99.1,100.0,100.0
2025-02-09,,,,,,,,,,,,,100.0,98.8,100.0,100.0
2025-02-10,,,,,,,,,,,,,100.0,98.5,100.0,100.0
2025-02-11,,,,,,,,,,,,,100.0,98.1,100.0,100.0
2025-02-12,,,,,,,,,,,,,100.0,97.9,100.0,100.0
2025-02-13,,,,,,,,,,,,,100.0,97.7,100.0,100.0
2025-02-14,,,,,,,,,,,,,100.0,97.4,100.0,100.0
2025-02-15,98.8,79.2,40.8,,,,,,,,,,100.0,97.5,100.0,100.0
2025-02-16,,,,,,,,,,,,,100.0,97.0,100.0,100.0
2025-02-17,,,,98.2,97.8,100.0,,,,100.0,99.0,100.0,100.0,97.6,100.0,100.0
2025-02-18,,,,,,,,,,,,,100.0,97.5,100.0,100.0
2025-02-19,,,0.0,,,,,,,,,,100.0,97.6,100.0,100.0
2025-02-20,,,,,,,,,,100.0,98.9,100.0,100.0,97.2,100.0,100.0
2025-02-21,,,,,,,100.0,100.0,100.0,,,,100.0,97.9,100.0,100.0
2025-02-22,,,,,,,,,,,,,100.0,97.4,100.0,100.0
2025-02-23,,,,,,,,,,,,,100.0,97.2,100.0,100.0
2025-02-24,,,,,,,,,,,,,100.0,96.6,100.0,100.0
2025-02-25,,,,,,,,,,,,,100.0,95.9,100.0,100.0
2025-02-26,,,,,,,,,,,,,100.0,97.0,100.0,100.0
2025-02-27,83.4,77.2,26.7,,,,,,,100.0,99.0,91.4,100.0,97.2,100.0,100.0
2025-02-28,,,,,,,,,,,,,100.0,97.6,100.0,100.0
2025-03-01,,,,,,,100.0,100.0,100.0,,,,100.0,98.0,100.0,100.0
2025-03-02,,,,,,,100.0,100.0,100.0,,,,100.0,98.3,100.0,100.0
2025-03-03,100.0,88.2,65.8,,,,,,,,,,100.0,97.9,100.0,100.0
2025-03-04,,,,97.6,96.6,100.0,,,,,,,100.0,98.0,100.0,100.0
2025-03-05,,,,,,,,,,,,,100.0,97.4,100.0,100.0
2025-03-06,,,,,,,,,,,,,100.0,96.7,100.0,100.0
2025-03-07,,,,,,,,,,,,,100.0,96.7,100.0,100.0
2025-03-08,,,,,,,,,,,,,100.0,96.3,100.0,100.0
2025-03-09,,,,98.1,95.9,100.0,,,,,,,100.0,96.6,100.0,100.0
2025-03-10,,,,,,,100.0,99.9,30.7,,,,100.0,95.0,100.0,100.0
2025-03-11,100.0,84.1,38.8,,,,,,,,,,100.0,94.8,100.0,100.0
2025-03-12,,,,,,,,,,,,,100.0,93.0,100.0,100.0
2025-03-13,,,,,,,,,,,,,100.0,93.3,100.0,100.0
2025-03-14,,,,,,,,,,,,,100.0,93.0,100.0,100.0
2025-03-15,,,0.0,,,,,,,,,,100.0,94.1,100.0,100.0
2025-03-16,,,,,,,,,,,,,100.0,92.4,100.0,100.0
2025-03-17,,,,,,,100.0,99.9,88.1,,,,100.0,94.7,100.0,100.0
2025-03-18,,,,,,,100.0,99.9,99.6,,,,100.0,94.6,100.0,100.0
2025-03-19,,,,98.8,96.6,100.0,,,,,,,100.0,96.4,100.0,100.0
2025-03-20,,,,,,,,,,,,,100.0,95.3,100.0,100.0
2025-03-21,,,,,,,,,,,,,100.0,96.0,100.0,100.0
2025-03-22,,,,,,,,,,100.0,99.2,100.0,100.0,95.8,100.0,100.0
2025-03-23,98.2,85.9,28.2,,,,,,,,,,100.0,96.5,100.0,100.0
2025-03-24,,,,99.3,95.0,78.6,,,,,,,100.0,96.6,100.0,100.0
2025-03-25,,,,,,,100.0,99.6,58.8,100.0,99.0,99.6,100.0,96.5,100.0,100.0
2025-03-26,,,,,,,,,,100.0,98.8,36.8,100.0,96.5,100.0,100.0
2025-03-27,100.0,88.2,65.6,,,,,,,,,,100.0,96.8,100.0,100.0
2025-03-28,,,,,,,,,,,,,100.0,96.5,100.0,100.0
2025-03-29,,,,,,,,,,,,,100.0,96.3,100.0,100.0
2025-03-30,,,,,,,,,,100.0,98.6,100.0,100.0,96.5,100.0,100.0
2025-03-31,,,,98.8,96.9,100.0,,,,,,,100.0,97.5,100.0,100.0
2025-04-01,,,,,,,,,,,,,100.0,97.1,100.0,100.0
2025-04-02,100.0,83.1,42.9,,,,,,,100.0,98.2,100.0,100.0,97.3,100.0,100.0
2025-04-03,,,,97.6,96.2,100.0,100.0,99.7,99.5,,,,100.0,98.0,100.0,100.0
2025-04-04,88.1,75.4,38.5,,,,,,,,,,100.0,97.6,100.0,100.0
2025-04-05,,,,,,,,,,,,,100.0,97.2,100.0,100.0
2025-04-06,,,,,,,,,,,,,100.0,97.3,100.0,100.0
2025-04-07,,,,,,,,,,100.0,97.6,100.0,100.0,97.1,100.0,100.0
2025-04-08,99.1,83.1,72.4,98.1,96.3,100.0,,,,,,,100.0,97.8,100.0,100.0
2025-04-09,,,,,,,,,,,,,100.0,96.9,100.0,100.0
2025-04-10,,,,99.1,97.5,100.0,100.0,99.7,61.6,100.0,96.9,100.0,100.0,97.6,100.0,100.0
2025-04-11,,,,,,,100.0,99.3,95.7,99.8,95.1,100.0,100.0,97.0,100.0,100.0
2025-04-12,,,,,,,,,,,,,100.0,96.2,100.0,100.0
2025-04-13,,,,,,,,,,,,,100.0,95.4,100.0,100.0
2025-04-14,,,,,,,,,,,,,100.0,95.2,100.0,100.0
2025-04-15,,,,,,,,,,,,,100.0,94.8,100.0,100.0
2025-04-16,100.0,83.0,42.3,,,,,,,,,,99.9,93.6,100.0,99.9
2025-04-17,,,,,,,,,,,,,99.9,93.3,100.0,99.9
2025-04-18,,,,100.0,99.6,75.9,100.0,98.2,57.6,99.2,94.4,100.0,100.0,94.7,100.0,100.0
2025-04-19,,,,,,,,,,,,,99.9,93.9,100.0,99.9
2025-04-20,,,0.0,,,,,,,,,,99.9,92.8,100.0,99.9
2025-04-21,,,,,,,,,,99.6,94.4,100.0,99.9,92.5,100.0,99.9
2025-04-22,,,,,,,,,,98.8,93.0,100.0,100.0,93.3,100.0,100.0
2025-04-23,,,,99.6,97.5,100.0,,,,98.8,89.3,100.0,100.0,94.2,100.0,100.0
2025-04-24,,,,,,,,,,,,,100.0,93.2,100.0,100.0
2025-04-25,,,,,,,,,,,,,99.9,92.6,100.0,99.9
2025-04-26,,,,,,,100.0,95.7,91.6,98.7,86.9,100.0,99.9,94.4,100.0,99.9
2025-04-27,,,,,,,,,,,,,99.9,93.0,100.0,99.9
2025-04-28,99.2,79.3,37.0,97.7,91.6,97.7,,,,,,,99.9,94.8,100.0,99.9
2025-04-29,,,,,,,,,,98.0,77.1,100.0,99.9,92.2,100.0,99.9
2025-04-30,,,,99.3,92.0,100.0,,,,71.7,56.0,100.0,99.9,93.5,100.0,99.9
2025-05-01,,,,,,,,,,,,,99.8,90.2,100.0,99.8
2025-05-02,96.8,79.2,76.5,,,,,,,,,,99.9,91.7,100.0,99.9
2025-05-03,,,,,,,,,,,,,99.6,87.6,100.0,99.6
2025-05-04,90.3,67.9,44.8,,,,,,,,,,99.8,87.5,100.0,99.8
2025-05-05,,,,,,,,,,,,,99.5,83.9,100.0,99.5
2025-05-06,,,,,,,,,,,,,99.9,86.8,100.0,99.9
2025-05-07,,,,,,,,,,,,,99.5,83.9,100.0,99.5
2025-05-08,99.8,72.2,35.5,,,,,,,,,,99.9,84.8,100.0,99.9
2025-05-09,,,,,,,,,,,,,99.1,81.8,100.0,99.1
2025-05-10,74.8,55.6,45.5,,,,,,,,,,98.9,81.6,100.0,98.9
2025-05-11,,,,,,,,,,,,,95.1,77.7,100.0,95.1
2025-05-12,,,,,,,,,,,,,85.4,71.5,100.0,85.4
2025-05-13,,,,88.9,76.3,100.0,67.0,56.0,33.0,,,,80.0,70.1,100.0,80.0
2025-05-14,,,0.0,,,,,,,,,,63.5,62.8,100.0,63.5
2025-05-15,,,,,,,,,,,,,51.0,58.2,100.0,51.0
2025-05-16,99.2,68.8,34.2,,,,,,,,,,24.2,46.9,100.0,24.2
2025-05-17,,,,,,,,,,,,,15.7,40.6,100.0,15.7
2025-05-18,,,,21.2,34.7,100.0,,,,,,,5.7,32.2,100.0,5.7
2025-05-19,,,,,,,,,,,,,0.2,25.0,100.0,0.2
2025-05-20,70.0,50.3,35.3,,,,,,,,,,0.0,19.9,100.0,0.0
2025-05-21,,,,,,,,,,,,,0.0,18.0,100.0,0.0
2025-05-22,80.8,53.9,46.7,,,,,,,,,,0.0,14.6,100.0,0.0
2025-05-23,,,,,,,,,,,,,0.0,14.5,100.0,0.0
2025-05-24,,,,,,,,,,,,,0.0,17.6,100.0,0.0
2025-05-25,,,,,,,,,,,,,0.0,16.0,100.0,0.0
2025-05-26,55.7,43.4,44.8,,,,,,,,,,0.0,13.9,100.0,0.0
2025-05-27,,,,,,,,,,0.0,12.4,33.6,0.0,12.1,100.0,0.0
2025-05-28,50.2,40.9,48.5,,,,,,,,,,0.0,13.7,100.0,0.0
2025-05-29,,,,,,,,,,,,,0.0,11.0,100.0,0.0
2025-05-30,,,,0.0,1.1,100.0,,,,0.0,2.6,100.0,0.0,8.1,100.0,0.0
2025-05-31,,,,,,,,,,0.0,0.6,100.0,0.0,6.9,100.0,0.0
2025-06-01,93.1,55.0,30.5,,,,,,,,,,0.0,7.0,100.0,0.0
2025-06-02,,,,,,,,,,,,,0.0,6.0,100.0,0.0
2025-06-03,29.6,31.3,50.1,,,,,,,,,,0.0,4.9,100.0,0.0
2025-06-04,,,,,,,,,,,,,0.0,5.3,100.0,0.0
2025-06-05,,,,,,,,,,,,,0.0,4.9,100.0,0.0
2025-06-06,,,,,,,,,,,,,0.0,5.6,100.0,0.0
2025-06-07,,,0.0,,,,,,,,,,0.0,4.4,100.0,0.0
2025-06-08,,,,,,,,,,0.0,0.1,61.8,0.0,3.1,100.0,0.0
2025-06-09,68.7,47.6,27.6,0.0,0.1,100.0,,,,,,,0.0,2.8,100.0,0.0
2025-06-10,,,,,,,,,,0.0,0.0,100.0,0.0,2.5,100.0,0.0
2025-06-11,,,,,,,,,,0.0,0.0,100.0,0.0,1.9,100.0,0.0
2025-06-12,,,,0.0,0.2,100.0,,,,,,,0.0,2.1,100.0,0.0
2025-06-13,28.2,31.0,47.4,,,,0.0,0.0,44.8,,,,0.0,1.7,100.0,0.0
2025-06-14,,,,,,,,,,,,,0.0,1.3,100.0,0.0
2025-06-15,64.0,45.9,29.9,,,,,,,0.0,0.0,98.6,0.0,0.9,100.0,0.0
2025-06-16,,,,,,,,,,,,,0.0,0.8,100.0,0.0
2025-06-17,,,,0.0,0.1,100.0,,,,,,,0.0,0.7,100.0,0.0
2025-06-18,,,,,,,,,,0.0,0.0,100.0,0.0,0.5,100.0,0.0
2025-06-19,38.3,34.8,47.1,0.0,0.1,86.7,,,,0.0,0.0,100.0,0.0,0.3,100.0,0.0
2025-06-20,,,,,,,,,,,,,0.0,0.3,100.0,0.0
2025-06-21,40.9,35.7,49.4,,,,,,,,,,0.0,0.3,100.0,0.0
2025-06-22,,,,0.0,0.1,100.0,0.0,0.0,99.3,,,,0.0,0.2,100.0,0.0
2025-06-23,,,,,,,,,,,,,0.0,0.2,100.0,0.0
2025-06-24,,,,,,,,,,,,,0.0,0.1,100.0,0.0
2025-06-25,63.6,47.2,28.6,,,,,,,,,,0.0,0.1,100.0,0.0
2025-06-26,,,,,,,,,,,,,0.0,0.2,100.0,0.0
2025-06-27,30.0,32.2,48.6,,,,,,,0.0,0.0,100.0,0.0,0.1,100.0,0.0
2025-06-28,,,,,,,,,,,,,0.0,0.2,100.0,0.0
2025-06-29,,,,0.0,0.0,100.0,0.0,0.0,85.9,,,,0.0,0.2,100.0,0.0
2025-06-30,,,,,,,,,,,,,0.0,0.2,100.0,0.0
2025-07-01,,,0.0,,,,,,,0.0,0.0,100.0,0.0,0.2,100.0,0.0
2025-07-02,,,,,,,,,,,,,0.0,0.2,100.0,0.0
2025-07-03,66.4,48.8,28.6,,,,,,,0.0,0.0,80.8,0.0,0.2,100.0,0.0
2025-07-04,,,,,,,,,,,,,0.0,0.2,100.0,0.0
2025-07-05,,,,,,,,,,,,,0.0,0.3,100.0,0.0
2025-07-06,,,,,,,,,,,,,0.0,0.5,100.0,0.0
2025-07-07,16.5,26.2,47.2,,,,,,,,,,0.0,0.9,100.0,0.0
2025-07-08,,,,,,,,,,,,,0.0,0.7,100.0,0.0
2025-07-09,58.1,45.8,29.5,0.0,0.0,100.0,,,,,,,0.0,0.5,100.0,0.0
2025-07-10,,,,,,,,,,,,,0.0,0.6,100.0,0.0
2025-07-11,,,,,,,,,,0.0,0.0,92.2,0.0,0.5,100.0,0.0
2025-07-12,,,,0.0,0.0,100.0,,,,,,,0.0,0.6,100.0,0.0
2025-07-13,24.2,28.9,47.5,,,,,,,,,,0.0,0.3,100.0,0.0
2025-07-14,,,,,,,,,,,,,0.0,0.3,100.0,0.0
2025-07-15,24.6,29.2,44.5,,,,,,,,,,0.0,0.3,100.0,0.0
2025-07-16,,,,,,,,,,,,,0.0,0.3,100.0,0.0
2025-07-17,,,,0.0,0.0,100.0,,,,,,,0.0,0.1,100.0,0.0
2025-07-18,,,,,,,,,,,,,0.0,0.1,100.0,0.0
2025-07-19,60.7,46.2,33.5,,,,,,,,,,0.0,0.1,100.0,0.0
2025-07-20,,,,,,,,,,,,,0.0,0.0,100.0,0.0
2025-07-21,18.1,27.1,47.4,,,,,,,,,,0.0,0.0,100.0,0.0
2025-07-22,,,,0.0,0.0,100.0,,,,0.0,0.0,54.8,0.0,0.0,100.0,0.0
2025-07-23,,,,,,,0.0,0.0,99.9,,,,0.0,0.0,100.0,0.0
2025-07-24,,,,,,,,,,,,,0.0,0.0,100.0,0.0
2025-07-25,,,0.0,,,,,,,,,,0.0,0.0,100.0,0.0
2025-07-26,,,,,,,,,,,,,0.0,0.0,100.0,0.0
2025-07-27,53.6,43.4,34.7,,,,,,,,,,0.0,0.0,100.0,0.0
2025-07-28,,,,,,,,,,,,,0.0,0.0,100.0,0.0
2025-07-29,,,,,,,,,,,,,0.0,0.0,100.0,0.0
2025-07-30,,,,,,,,,,,,,0.0,0.0,100.0,0.0
2025-07-31,4.4,21.8,46.5,,,,0.0,0.0,55.3,,,,0.0,0.0,100.0,0.0
2025-08-01,,,,,,,,,,,,,0.0,0.0,100.0,0.0
2025-08-02,55.1,43.4,30.7,,,,,,,,,,0.0,0.0,100.0,0.0
2025-08-03,,,,,,,,,,0.0,0.0,100.0,0.0,0.0,100.0,0.0
2025-08-04,,,,,,,,,,0.0,0.0,100.0,0.0,0.0,100.0,0.0
2025-08-05,,,,,,,,,,,,,0.0,0.0,100.0,0.0
2025-08-06,9.8,22.3,43.8,,,,,,,,,,0.0,0.0,100.0,0.0
2025-08-07,,,,,,,,,,0.0,0.0,100.0,0.0,0.0,100.0,0.0
2025-08-08,4.8,19.9,44.1,0.0,0.0,100.0,0.0,0.0,74.6,,,,0.0,0.0,100.0,0.0
2025-08-09,,,,,,,0.0,0.0,83.9,,,,0.0,0.0,100.0,0.0
2025-08-10,,,,,,,,,,0.0,0.0,100.0,0.0,0.0,100.0,0.0
2025-08-11,,,,0.0,0.1,100.0,,,,0.0,0.0,100.0,0.0,0.0,100.0,0.0
2025-08-12,38.8,38.1,34.1,,,,,,,,,,0.0,0.0,100.0,0.0
2025-08-13,,,,,,,,,,,,,0.0,0.0,100.0,0.0
2025-08-14,5.0,19.0,43.8,,,,,,,0.0,0.0,100.0,0.0,0.0,100.0,0.0
2025-08-15,,,,,,,,,,0.0,0.0,96.9,0.0,0.0,100.0,0.0
2025-08-16,,,,0.0,0.1,100.0,0.0,0.0,67.6,,,,0.0,0.0,100.0,0.0
2025-08-17,,,,,,,0.0,0.0,94.5,,,,0.0,0.0,100.0,0.0
2025-08-18,,,0.0,0.0,0.1,100.0,,,,0.0,0.0,100.0,0.0,0.0,100.0,0.0
2025-08-19,,,,,,,,,,,,,0.0,0.0,100.0,0.0
2025-08-20,39.8,39.0,40.3,,,,,,,,,,0.0,0.0,100.0,0.0
2025-08-21,,,,,,,,,,,,,0.0,0.0,100.0,0.0
2025-08-22,,,,,,,,,,0.0,0.0,100.0,0.0,0.0,100.0,0.0
2025-08-23,,,,,,,,,,,,,0.0,0.0,100.0,0.0
2025-08-24,2.8,16.1,38.9,,,,0.0,0.0,98.8,,,,0.0,0.0,100.0,0.0
2025-08-25,,,,,,,0.0,0.0,99.9,,,,0.0,0.0,100.0,0.0
2025-08-26,33.3,36.0,40.6,0.0,0.0,100.0,,,,0.0,0.0,100.0,0.0,0.0,100.0,0.0
2025-08-27,,,,,,,,,,,,,0.0,0.0,100.0,0.0
2025-08-28,,,,,,,,,,,,,0.0,0.0,100.0,0.0
2025-08-29,,,,,,,,,,,,,0.0,0.1,100.0,0.0
2025-08-30,13.5,23.9,72.6,,,,,,,,,,0.0,0.1,100.0,0.0
2025-08-31,,,,0.0,0.0,100.0,,,,,,,0.0,0.1,100.0,0.0
2025-09-01,2.9,15.9,42.7,,,,,,,,,,0.0,0.1,100.0,0.0
2025-09-02,,,,,,,,,,,,,0.0,0.1,100.0,0.0
2025-09-03,,,,,,,,,,,,,0.0,0.1,100.0,0.0
2025-09-04,,,,,,,,,,,,,0.0,0.1,100.0,0.0
2025-09-05,3.7,22.2,37.7,,,,,,,0.0,0.0,97.7,0.0,0.1,100.0,0.0
2025-09-06,,,,,,,,,,,,,0.0,0.1,100.0,0.0
2025-09-07,2.0,14.4,42.6,0.0,0.0,100.0,,,,,,,0.0,0.1,100.0,0.0
2025-09-08,,,,,,,,,,,,,0.0,0.1,100.0,0.0
2025-09-09,,,,,,,,,,,,,0.0,0.1,100.0,0.0
2025-09-10,,,,,,,,,,,,,0.0,0.1,100.0,0.0
2025-09-11,,,0.0,,,,,,,,,,0.0,0.1,100.0,0.0
2025-09-12,,,,,,,,,,,,,0.0,0.1,100.0,0.0
2025-09-13,1.9,19.0,38.3,,,,,,,,,,0.0,0.1,100.0,0.0
2025-09-14,,,,,,,,,,,,,0.0,0.0,100.0,0.0
2025-09-15,,,,,,,,,,,,,0.0,0.1,100.0,0.0
2025-09-16,,,,,,,,,,,,,0.0,0.0,100.0,0.0
2025-09-17,0.9,14.5,41.8,0.0,0.0,100.0,0.0,0.0,99.6,0.0,0.0,89.2,0.0,0.0,100.0,0.0
2025-09-18,,,,,,,0.0,0.0,99.8,0.0,0.0,100.0,0.0,0.0,100.0,0.0
2025-09-19,,,,,,,,,,,,,0.0,0.0,100.0,0.0
2025-09-20,,,,0.0,0.0,100.0,,,,,,,0.0,0.0,100.0,0.0
2025-09-21,,,,,,,,,,,,,0.0,0.1,100.0,0.0
2025-09-22,,,,,,,,,,,,,0.0,0.1,100.0,0.0
2025-09-23,,,0.0,,,,,,,,,,0.0,0.2,100.0,0.0
2025-09-24,,,,,,,,,,,,,0.0,0.2,100.0,0.0
2025-09-25,5.2,20.9,40.8,0.0,0.1,65.0,,,,,,,0.0,0.2,100.0,0.0
2025-09-26,,,,,,,,,,,,,0.0,0.2,100.0,0.0
2025-09-27,,,,,,,,,,,,,0.0,0.3,100.0,0.0
2025-09-28,,,,,,,,,,,,,0.0,0.3,100.0,0.0
2025-09-29,1.8,16.4,41.1,,,,,,,0.0,0.0,88.0,0.0,0.2,100.0,0.0
2025-09-30,,,,0.0,0.0,88.4,,,,,,,0.0,0.3,100.0,0.0
2025-10-01,10.5,24.2,36.8,,,,,,,,,,0.0,0.2,100.0,0.0
2025-10-02,,,,,,,,,,0.0,0.0,100.0,0.0,0.2,100.0,0.0
2025-10-03,,,,,,,,,,,,,0.0,0.3,100.0,0.0
2025-10-04,,,,,,,,,,,,,0.0,0.3,100.0,0.0
2025-10-05,3.4,17.2,79.4,0.0,0.2,100.0,,,,0.0,0.1,100.0,0.0,0.2,100.0,0.0
2025-10-06,,,,,,,,,,0.0,0.0,100.0,0.0,0.2,100.0,0.0
2025-10-07,5.7,17.5,43.2,0.0,0.1,100.0,,,,,,,0.0,0.2,100.0,0.0
2025-10-08,,,,,,,,,,,,,0.0,0.1,100.0,0.0
2025-10-09,,,,,,,,,,0.0,0.0,100.0,0.0,0.1,100.0,0.0
2025-10-10,,,,0.0,0.0,100.0,,,,0.0,0.0,100.0,0.0,0.1,100.0,0.0
2025-10-11,9.5,22.7,36.8,,,,0.0,0.0,99.9,,,,0.0,0.1,100.0,0.0
2025-10-12,,,,,,,0.0,0.0,99.7,,,,0.0,0.1,100.0,0.0
2025-10-13,10.0,22.0,98.9,,,,,,,0.0,0.0,100.0,0.0,0.1,100.0,0.0
2025-10-14,,,,,,,,,,0.0,0.1,100.0,0.0,0.1,100.0,0.0
2025-10-15,,,,0.0,0.0,100.0,,,,,,,0.0,0.2,100.0,0.0
2025-10-16,,,,,,,,,,,,,0.0,0.3,100.0,0.0
2025-10-17,8.8,20.8,78.1,0.0,0.1,100.0,,,,,,,0.0,0.3,100.0,0.0
2025-10-18,,,,,,,,,,0.0,0.1,100.0,0.0,0.3,100.0,0.0
2025-10-19,3.4,14.4,44.5,,,,,,,,,,0.0,0.7,100.0,0.0
2025-10-20,,,,,,,,,,,,,0.0,0.8,100.0,0.0
2025-10-21,,,,,,,,,,,,,0.0,0.7,100.0,0.0
2025-10-22,,,,,,,,,,0.0,0.8,100.0,0.0,0.5,100.0,0.0
2025-10-23,23.7,31.0,34.9,,,,,,,,,,0.0,0.8,100.0,0.0
2025-10-24,,,,,,,,,,,,,0.0,0.9,100.0,0.0
2025-10-25,5.5,19.3,49.8,,,,,,,,,,0.0,0.7,100.0,0.0
2025-10-26,,,,,,,,,,,,,0.0,0.8,100.0,0.0
2025-10-27,,,,,,,,,,,,,0.0,1.0,100.0,0.0
2025-10-28,,,,,,,0.0,1.0,100.0,,,,0.0,1.3,100.0,0.0
2025-10-29,33.5,34.9,37.8,,,,,,,,,,0.0,1.2,100.0,0.0
2025-10-30,,,,0.0,1.9,100.0,,,,,,,0.0,1.3,100.0,0.0
2025-10-31,8.7,24.7,50.1,,,,,,,,,,0.0,1.5,100.0,0.0
2025-11-01,,,,,,,,,,,,,0.0,2.1,100.0,0.0
2025-11-02,,,,,,,,,,,,,0.0,2.0,100.0,0.0
2025-11-03,,,,,,,,,,,,,0.0,2.6,100.0,0.0
2025-11-04,44.6,41.8,29.4,0.3,8.6,100.0,8.5,13.2,86.6,,,,0.0,3.0,100.0,0.0
2025-11-05,,,,,,,18.8,22.4,86.2,0.0,2.3,53.5,0.0,3.7,100.0,0.0
2025-11-06,36.5,37.4,94.7,0.0,10.0,100.0,,,,0.0,4.4,100.0,0.0,4.0,100.0,0.0
2025-11-07,,,,,,,,,,,,,0.0,4.8,100.0,0.0
2025-11-08,,,,,,,,,,,,,0.0,5.3,100.0,0.0
2025-11-09,,,,,,,,,,0.0,12.2,100.0,0.0,5.9,100.0,0.0
2025-11-10,44.6,42.3,70.9,,,,,,,,,,0.0,7.5,100.0,0.0
2025-11-11,,,,,,,,,,,,,0.0,7.6,100.0,0.0
2025-11-12,51.4,44.4,94.1,,,,,,,,,,0.0,9.1,100.0,0.0
2025-11-13,,,,,,,,,,,,,0.1,10.4,100.0,0.1
2025-11-14,,,,0.0,11.9,32.4,,,,,,,0.1,17.8,100.0,0.1
2025-11-15,,,,,,,,,,,,,0.2,20.0,100.0,0.2
2025-11-16,49.5,42.5,46.8,,,,,,,,,,1.2,28.7,100.0,1.2
2025-11-17,,,,,,,,,,54.0,49.0,100.0,1.7,27.8,100.0,1.7
2025-11-18,80.5,58.5,29.4,,,,,,,,,,14.5,46.0,100.0,14.5
2025-11-19,,,,76.8,63.3,100.0,,,,,,,17.4,48.5,100.0,17.4
2025-11-20,,,,,,,,,,,,,49.3,60.4,100.0,49.3
2025-11-21,,,,,,,,,,,,,67.4,64.3,100.0,67.4
2025-11-22,52.1,44.0,42.7,,,,,,,,,,98.5,79.2,100.0,98.5
2025-11-23,,,,,,,,,,,,,98.0,79.0,100.0,98.0
2025-11-24,80.6,58.1,27.3,,,,,,,,,,99.9,84.6,100.0,99.9
2025-11-25,,,,,,,,,,,,,100.0,87.7,100.0,100.0
2025-11-26,,,,,,,,,,,,,100.0,92.2,100.0,100.0
2025-11-27,,,,,,,,,,,,,100.0,92.4,100.0,100.0
2025-11-28,80.1,61.9,94.9,,,,100.0,99.9,100.0,,,,100.0,95.0,100.0,100.0
2025-11-29,,,,96.0,94.0,100.0,100.0,100.0,99.7,99.9,80.2,85.2,100.0,96.1,100.0,100.0
2025-11-30,87.8,62.4,49.3,,,,,,,,,,100.0,96.7,100.0,100.0
2025-12-01,,,,,,,,,,,,,100.0,96.5,100.0,100.0
2025-12-02,,,,,,,,,,,,,100.0,97.0,100.0,100.0
2025-12-03,,,,,,,,,,98.0,84.5,100.0,100.0,96.5,100.0,100.0
2025-12-04,84.5,67.5,38.4,92.7,91.5,100.0,,,,98.8,87.8,100.0,100.0,97.3,100.0,100.0
2025-12-05,,,,,,,,,,,,,100.0,97.0,100.0,100.0
2025-12-06,90.5,71.1,48.3,,,,,,,,,,100.0,97.4,100.0,100.0
2025-12-07,,,,,,,,,,,,,100.0,96.6,100.0,100.0
2025-12-08,,,,,,,,,,99.7,90.0,100.0,100.0,97.5,100.0,100.0
2025-12-09,,,,93.6,92.3,100.0,,,,,,,100.0,97.8,100.0,100.0
2025-12-10,84.8,65.3,29.1,,,,,,,,,,100.0,97.9,100.0,100.0
2025-12-11,,,,,,,,,,,,,100.0,98.1,100.0,100.0
2025-12-12,85.9,68.1,91.6,,,,,,,100.0,94.1,100.0,100.0,98.5,100.0,100.0
2025-12-13,,,,,,,,,,,,,100.0,98.4,100.0,100.0
2025-12-14,,,,93.9,92.4,100.0,100.0,100.0,93.8,,,,100.0,99.0,100.0,100.0
2025-12-15,,,,,,,,,,,,,100.0,98.7,100.0,100.0
2025-12-16,88.8,72.6,69.6,,,,,,,,,,100.0,99.0,100.0,100.0
2025-12-17,,,,,,,,,,,,,100.0,99.0,100.0,100.0
2025-12-18,89.0,72.5,91.4,,,,,,,100.0,94.3,100.0,100.0,98.9,100.0,100.0
2025-12-19,,,,94.2,91.1,100.0,,,,,,,100.0,98.9,100.0,100.0
2025-12-20,,,,,,,,,,,,,100.0,98.8,100.0,100.0
2025-12-21,,,,,,,,,,,,,100.0,98.7,100.0,100.0
2025-12-22,89.9,78.6,48.7,,,,,,,,,,100.0,98.3,100.0,100.0
2025-12-23,,,,,,,,,,,,,100.0,97.9,100.0,100.0
2025-12-24,83.2,59.1,27.6,93.1,90.5,100.0,,,,,,,100.0,98.7,100.0,100.0
2025-12-25,,,,,,,,,,,,,100.0,98.3,100.0,100.0
2025-12-26,,,,92.6,89.2,100.0,,,,,,,100.0,98.5,100.0,100.0
2025-12-27,,,,,,,,,,100.0,93.5,100.0,100.0,98.6,100.0,100.0
2025-12-28,88.7,77.7,37.9,,,,,,,,,,100.0,98.0,100.0,100.0
2025-12-29,,,,88.1,82.7,100.0,,,,,,,100.0,97.8,100.0,100.0
2025-12-30,64.3,55.7,28.3,,,,100.0,100.0,100.0,,,,100.0,97.7,100.0,100.0
2025-12-31,,,,,,,100.0,100.0,100.0,,,,100.0,97.3,100.0,100.0
2026-01-01,,,,,,,,,,,,,100.0,99.5,100.0,100.0
2026-01-02,,,,,,,,,,,,,100.0,99.3,100.0,100.0
2026-01-03,99.5,86.7,97.2,98.6,94.5,100.0,,,,,,,100.0,99.6,100.0,100.0
2026-01-04,,,,,,,,,,,,,100.0,99.6,100.0,100.0
2026-01-05,100.0,88.8,58.0,98.8,94.1,100.0,,,,,,,100.0,99.7,100.0,100.0
2026-01-06,,,,,,,,,,,,,100.0,99.5,100.0,100.0
2026-01-07,,,,,,,100.0,100.0,99.5,100.0,97.6,98.5,100.0,99.7,100.0,100.0
2026-01-08,,,,,,,,,,,,,100.0,99.6,100.0,100.0
2026-01-09,,,0.0,,,,,,,,,,100.0,99.7,100.0,100.0
2026-01-10,,,,,,,,,,,,,100.0,99.6,100.0,100.0
2026-01-11,99.8,89.6,60.0,,,,,,,,,,100.0,99.5,100.0,100.0
2026-01-12,,,,,,,,,,100.0,97.5,100.0,100.0,99.6,100.0,100.0
2026-01-13,,,,,,,,,,,,,100.0,99.6,100.0,100.0
2026-01-14,,,,,,,,,,,,,100.0,99.5,100.0,100.0
2026-01-15,97.0,85.1,15.1,,,,100.0,100.0,99.5,,,,100.0,99.6,100.0,100.0
2026-01-16,,,,,,,100.0,100.0,99.1,,,,100.0,99.6,100.0,100.0
2026-01-17,99.5,86.6,95.3,,,,,,,,,,100.0,99.7,100.0,100.0
2026-01-18,,,,,,,,,,,,,100.0,99.5,100.0,100.0
2026-01-19,,,,,,,,,,100.0,97.5,100.0,100.0,99.6,100.0,100.0
2026-01-20,,,,,,,,,,,,,100.0,99.5,100.0,100.0
2026-01-21,99.5,88.4,50.5,,,,,,,,,,100.0,99.6,100.0,100.0
2026-01-22,,,,,,,,,,,,,100.0,99.4,100.0,100.0
2026-01-23,99.6,87.0,95.8,98.9,96.6,100.0,100.0,100.0,80.3,,,,100.0,99.7,100.0,100.0
2026-01-24,,,,,,,,,,,,,100.0,99.4,100.0,100.0
2026-01-25,,,,,,,,,,,,,100.0,99.4,100.0,100.0
2026-01-26,,,,,,,,,,100.0,98.7,100.0,100.0,99.3,100.0,100.0
2026-01-27,99.4,85.8,55.7,,,,,,,,,,100.0,99.2,100.0,100.0
2026-01-28,,,,,,,,,,,,,100.0,99.1,100.0,100.0
2026-01-29,98.7,83.2,17.8,,,,,,,,,,100.0,99.3,100.0,100.0
2026-01-30,,,,,,,,,,100.0,98.5,100.0,100.0,99.2,100.0,100.0
2026-01-31,,,,,,,,,,100.0,98.3,100.0,100.0,99.1,100.0,100.0
2026-02-01,,,,,,,100.0,100.0,56.9,,,,100.0,99.2,100.0,100.0
2026-02-02,99.2,83.8,57.2,98.7,98.2,100.0,,,,,,,100.0,99.2,100.0,100.0
2026-02-03,,,,,,,,,,,,,100.0,99.3,100.0,100.0
2026-02-04,99.3,82.8,17.2,,,,,,,,,,100.0,98.9,100.0,100.0
2026-02-05,,,,,,,,,,,,,100.0,98.8,100.0,100.0
2026-02-06,,,,,,,,,,,,,100.0,99.0,100.0,100.0
2026-02-07,,,,98.3,98.0,100.0,,,,,,,100.0,99.1,100.0,100.0
2026-02-08,99.9,83.1,95.4,,,,,,,,,,100.0,98.7,100.0,100.0
2026-02-09,,,,,,,100.0,100.0,99.9,,,,100.0,98.9,100.0,100.0
2026-02-10,100.0,81.2,53.2,,,,,,,,,,100.0,98.2,100.0,100.0
2026-02-11,,,,,,,,,,,,,100.0,97.8,100.0,100.0
2026-02-12,,,,,,,,,,,,,100.0,96.1,100.0,100.0
2026-02-13,,,,,,,,,,,,,100.0,94.3,100.0,100.0
2026-02-14,,,0.0,,,,,,,,,,100.0,92.8,100.0,100.0
2026-02-15,,,,,,,,,,,,,100.0,91.1,100.0,100.0
2026-02-16,100.0,85.6,54.0,,,,,,,,,,100.0,91.8,100.0,100.0
2026-02-17,,,,,,,,,,,,,100.0,89.7,100.0,100.0
2026-02-18,,,,,,,,,,,,,100.0,93.5,100.0,100.0
2026-02-19,,,,,,,,,,,,,100.0,92.5,100.0,100.0
2026-02-20,100.0,83.1,20.0,,,,,,,,,,100.0,94.8,100.0,100.0
2026-02-21,,,,,,,,,,100.0,97.8,100.0,100.0,96.4,100.0,100.0
2026-02-22,100.0,84.0,93.2,98.2,98.1,100.0,,,,,,,100.0,98.5,100.0,100.0
2026-02-23,,,,,,,,,,,,,100.0,98.1,100.0,100.0
2026-02-24,,,,,,,100.0,100.0,100.0,,,,100.0,98.9,100.0,100.0
2026-02-25,,,,,,,100.0,100.0,100.0,,,,100.0,98.7,100.0,100.0
2026-02-26,100.0,89.0,52.5,,,,,,,,,,100.0,99.2,100.0,100.0
2026-02-27,,,,97.3,97.6,100.0,,,,,,,100.0,99.0,100.0,100.0
2026-02-28,100.0,84.9,93.2,,,,,,,,,,100.0,99.2,100.0,100.0
2026-03-01,,,,,,,,,,100.0,98.4,100.0,100.0,98.9,100.0,100.0
2026-03-02,,,,,,,,,,,,,100.0,99.2,100.0,100.0
2026-03-03,,,,,,,,,,,,,100.0,98.9,100.0,100.0
2026-03-04,100.0,89.5,52.2,97.0,97.4,100.0,100.0,100.0,100.0,,,,100.0,99.3,100.0,100.0
2026-03-05,,,,,,,100.0,100.0,99.9,,,,100.0,99.1,100.0,100.0
2026-03-06,100.0,77.4,19.6,97.2,97.5,100.0,,,,,,,100.0,99.1,100.0,100.0
2026-03-07,,,,,,,,,,,,,100.0,98.6,100.0,100.0
2026-03-08,,,,,,,,,,100.0,99.1,98.3,100.0,98.6,100.0,100.0
2026-03-09,,,,,,,,,,,,,100.0,98.4,100.0,100.0
2026-03-10,100.0,85.9,52.6,,,,,,,,,,100.0,98.4,100.0,100.0
2026-03-11,,,,,,,,,,,,,100.0,98.1,100.0,100.0
2026-03-12,100.0,78.4,19.9,,,,100.0,100.0,99.8,,,,100.0,97.9,100.0,100.0
2026-03-13,,,,,,,100.0,99.9,99.4,,,,100.0,97.9,100.0,100.0
2026-03-14,,,,,,,,,,,,,100.0,97.8,100.0,100.0
2026-03-15,,,,,,,,,,,,,100.0,97.7,100.0,100.0
2026-03-16,100.0,84.7,98.1,,,,,,,,,,100.0,97.6,100.0,100.0
2026-03-17,,,,,,,,,,100.0,99.3,100.0,100.0,97.6,100.0,100.0
2026-03-18,100.0,82.5,48.2,,,,,,,,,,100.0,97.3,100.0,100.0
2026-03-19,,,,98.2,98.0,100.0,,,,,,,100.0,97.6,100.0,100.0
2026-03-20,,,,,,,100.0,99.7,99.7,100.0,99.4,95.2,100.0,97.1,100.0,100.0
2026-03-21,,,,,,,100.0,99.8,99.4,,,,100.0,97.2,100.0,100.0
2026-03-22,,,0.0,,,,,,,,,,100.0,96.5,100.0,100.0
2026-03-23,,,,,,,,,,,,,100.0,96.5,100.0,100.0
2026-03-24,100.0,84.0,49.4,,,,,,,100.0,99.4,99.3,100.0,96.4,100.0,100.0
2026-03-25,,,,,,,,,,,,,100.0,96.5,100.0,100.0
2026-03-26,,,,,,,,,,,,,100.0,96.4,100.0,100.0
2026-03-27,,,,,,,,,,,,,100.0,96.0,100.0,100.0
2026-03-28,100.0,80.3,24.7,,,,100.0,100.0,100.0,,,,100.0,96.7,100.0,100.0
2026-03-29,,,,,,,,,,,,,100.0,96.8,100.0,100.0
2026-03-30,100.0,80.0,90.5,,,,,,,,,,100.0,97.6,100.0,100.0
2026-03-31,,,,,,,,,,,,,100.0,97.4,100.0,100.0
2026-04-01,,,,,,,,,,100.0,99.4,61.0,100.0,97.5,100.0,100.0
2026-04-02,,,,,,,,,,100.0,99.0,100.0,100.0,97.8,100.0,100.0
2026-04-03,100.0,83.7,50.9,98.6,98.3,100.0,,,,,,,100.0,98.8,100.0,100.0
2026-04-04,,,,,,,,,,,,,100.0,98.4,100.0,100.0
2026-04-05,99.9,82.7,98.6,98.8,98.0,100.0,100.0,99.9,95.4,100.0,98.7,100.0,100.0,99.1,100.0,100.0
2026-04-06,,,,,,,100.0,99.8,99.3,100.0,98.1,100.0,100.0,98.7,100.0,100.0
2026-04-07,,,,,,,,,,100.0,97.4,100.0,100.0,98.9,100.0,100.0
2026-04-08,,,,98.9,97.8,100.0,,,,,,,100.0,98.7,100.0,100.0
2026-04-09,100.0,80.3,57.9,,,,,,,,,,100.0,98.6,100.0,100.0
2026-04-10,,,,,,,,,,,,,100.0,98.0,100.0,100.0
2026-04-11,100.0,76.5,17.1,,,,,,,,,,100.0,97.9,100.0,100.0
2026-04-12,,,,,,,,,,,,,100.0,97.2,100.0,100.0
2026-04-13,,,,,,,,,,,,,100.0,97.3,100.0,100.0
2026-04-14,,,,,,,,,,100.0,96.3,100.0,100.0,96.7,100.0,100.0
2026-04-15,99.8,80.6,62.5,99.0,97.6,100.0,,,,,,,100.0,97.4,100.0,100.0
2026-04-16,,,,,,,,,,,,,100.0,96.4,100.0,100.0
2026-04-17,100.0,79.5,22.4,,,,,,,100.0,96.3,100.0,100.0,96.5,100.0,100.0
2026-04-18,99.3,77.5,97.5,98.8,96.3,100.0,,,,99.9,94.3,100.0,100.0,97.0,100.0,100.0
2026-04-19,,,,,,,,,,,,,100.0,96.6,100.0,100.0
2026-04-20,,,,,,,,,,,,,100.0,96.0,100.0,100.0
2026-04-21,98.1,76.0,52.8,,,,,,,,,,100.0,96.1,100.0,100.0
2026-04-22,99.5,75.0,22.0,,,,100.0,96.6,99.1,,,,100.0,96.1,100.0,100.0
2026-04-23,93.3,68.8,99.9,98.6,94.1,100.0,,,,,,,100.0,96.6,100.0,100.0
2026-04-24,,,,,,,,,,,,,100.0,95.1,100.0,100.0
2026-04-25,,,,99.1,91.1,100.0,,,,99.6,91.9,100.0,100.0,95.8,100.0,100.0
2026-04-26,,,,,,,,,,98.9,89.1,100.0,100.0,94.1,100.0,100.0
2026-04-27,90.3,62.1,52.8,,,,,,,98.6,84.8,100.0,100.0,94.5,100.0,100.0
2026-04-28,,,,,,,,,,,,,100.0,93.0,100.0,100.0
2026-04-29,91.2,65.2,99.7,,,,,,,,,,100.0,93.5,100.0,100.0
2026-04-30,90.4,61.0,59.1,,,,100.0,93.9,80.2,90.0,66.3,100.0,99.5,92.2,100.0,99.5
2026-05-01,,,,,,,,,,,,,99.1,91.2,100.0,99.1
2026-05-02,,,,,,,,,,,,,98.1,89.6,100.0,98.1
2026-05-03,77.5,54.9,19.7,95.0,86.9,100.0,,,,,,,97.9,90.1,100.0,97.9
2026-05-04,84.9,61.6,99.5,,,,,,,,,,97.0,87.2,100.0,97.0
2026-05-05,89.5,59.9,62.0,,,,,,,,,,95.9,86.0,100.0,95.9
2026-05-06,,,,,,,,,,,,,94.9,83.2,100.0,94.9
2026-05-07,,,,,,,,,,,,,95.1,83.1,100.0,95.1
2026-05-08,,,,88.0,78.2,54.4,,,,,,,94.6,81.5,100.0,94.6
2026-05-09,,,0.0,,,,,,,,,,94.6,79.9,100.0,94.6
2026-05-10,,,,,,,,,,,,,93.8,76.5,100.0,93.8
2026-05-11,70.1,50.7,63.9,,,,,,,,,,94.2,75.9,100.0,94.2
2026-05-12,90.0,62.1,14.8,,,,,,,,,,94.3,74.5,100.0,94.3
2026-05-13,,,,87.5,79.0,100.0,,,,,,,95.4,76.5,100.0,95.4
2026-05-14,,,,,,,,,,,,,94.2,71.7,100.0,94.2
2026-05-15,46.8,41.8,99.8,,,,,,,,,,95.7,72.4,100.0,95.7
2026-05-16,31.0,32.3,99.9,,,,,,,,,,96.4,71.7,100.0,96.4
2026-05-17,13.9,25.2,64.0,,,,,,,,,,97.9,72.8,100.0,97.9
2026-05-18,,,,,,,,,,,,,92.7,68.7,100.0,92.7
2026-05-19,,,,,,,,,,,,,88.5,67.5,100.0,88.5
2026-05-20,,,,,,,,,,,,,83.4,65.7,100.0,83.4
2026-05-21,,,0.0,,,,,,,,,,68.7,63.2,100.0,68.7
2026-05-22,,,,,,,,,,1.9,21.9,73.0,36.3,54.0,100.0,36.3
2026-05-23,16.3,21.4,98.3,32.6,42.8,100.0,48.6,50.7,37.0,0.2,10.3,72.0,31.9,51.9,100.0,31.9
2026-05-24,0.9,12.0,63.7,,,,,,,,,,10.0,44.7,100.0,10.0
2026-05-25,,,,3.1,26.4,100.0,,,,,,,8.7,39.7,100.0,8.7
2026-05-26,,,,,,,,,,0.0,3.2,93.6,0.5,28.2,100.0,0.5
2026-05-27,62.0,44.0,15.6,,,,,,,0.0,1.4,50.5,1.8,27.7,100.0,1.8
2026-05-28,3.4,11.6,97.5,0.1,7.8,100.0,,,,,,,0.0,32.1,100.0,0.0
2026-05-29,0.5,8.5,95.6,,,,,,,,,,0.0,28.7,100.0,0.0
2026-05-30,,,,,,,,,,,,,0.0,26.0,100.0,0.0
2026-05-31,,,,,,,,,,,,,0.0,28.1,100.0,0.0
2026-06-01,,,,,,,,,,,,,,,,
2026-06-02,0.0,4.1,61.5,,,,,,,,,,,,,
2026-06-03,,,,,,,,,,,,,,,,
2026-06-04,0.1,6.2,93.3,,,,,,,,,,,,,
2026-06-05,,,,,,,,,,,,,,,,
2026-06-06,,,,,,,,,,,,,,,,
2026-06-07,,,,0.0,0.2,100.0,,,,0.0,0.4,100.0,,,,
2026-06-08,0.0,5.8,95.4,,,,,,,0.0,0.1,100.0,,,,
2026-06-09,0.0,2.6,64.9,,,,,,,,,,,,,
2026-06-10,0.0,11.6,12.0,,,,,,,,,,,,,
2026-06-11,,,,,,,,,,0.0,0.0,100.0,,,,
2026-06-12,,,,0.0,0.0,100.0,,,,0.0,0.0,100.0,,,,
2026-06-13,,,,,,,,,,,,,,,,
2026-06-14,0.0,4.2,68.5,0.0,0.1,100.0,,,,,,,,,,
2026-06-15,,,,,,,,,,0.0,0.0,100.0,,,,
2026-06-16,,,,,,,,,,0.0,0.0,100.0,,,,
2026-06-17,0.2,6.0,69.9,0.0,0.0,100.0,0.0,0.0,70.8,0.0,0.0,100.0,,,,
2026-06-18,,,,,,,,,,,,,,,,
2026-06-19,,,,,,,,,,0.0,0.0,100.0,,,,
2026-06-20,,,,,,,,,,0.0,0.0,100.0,,,,
2026-06-21,0.0,13.1,10.8,,,,,,,,,,,,,
2026-06-22,0.0,8.5,92.1,0.0,0.0,100.0,,,,,,,,,,
2026-06-23,,,,,,,,,,,,,,,,
2026-06-24,,,,0.0,0.3,100.0,0.0,0.0,68.3,,,,,,,
2026-06-25,,,,,,,0.0,0.0,99.1,,,,,,,
2026-06-26,0.0,11.2,64.0,,,,,,,,,,,,,
2026-06-27,0.0,14.1,95.8,,,,,,,0.0,0.0,100.0,,,,
2026-06-28,,,,,,,,,,0.0,0.0,75.3,,,,
2026-06-29,,,,,,,,,,,,,,,,
2026-06-30,,,,,,,,,,,,,,,,
2026-07-01,,,,,,,,,,,,,,,,
2026-07-02,,,,,,,,,,,,,,,,
2026-07-03,,,,,,,,,,,,,,,,
2026-07-04,,,,,,,,,,,,,,,,
2026-07-05,,,,,,,,,,0.0,0.3,100.0,,,,
2026-07-06,,,,,,,,,,,,,,,,
2026-07-07,,,,,,,,,,,,,,,,
2026-07-08,,,,,,,,,,,,,,,,
2026-07-09,,,,,,,,,,0.0,3.4,100.0,,,,
