date,s1_ice_cover,s1_ice_probability,s1_data_coverage,s2_ice_cover,s2_ice_probability,s2_data_coverage,landsat_ice_cover,landsat_ice_probability,landsat_data_coverage,ecostress_ice_cover,ecostress_ice_probability,ecostress_data_coverage,stage2_ice_cover,stage2_ice_probability,stage2_data_coverage,stage2_phenology_cover
2015-07-01,5.3,28.0,98.0,,,,,,,,,,0.0,12.0,100.0,0.0
2015-07-02,1.5,22.1,97.5,,,,,,,,,,0.0,9.0,100.0,0.0
2015-07-03,,,,,,,,,,,,,0.0,7.6,100.0,0.0
2015-07-04,,,,,,,,,,,,,0.0,7.2,100.0,0.0
2015-07-05,,,,,,,,,,,,,0.0,4.7,100.0,0.0
2015-07-06,5.6,25.8,93.0,,,,,,,,,,0.0,4.4,100.0,0.0
2015-07-07,,,,,,,,,,,,,0.0,3.9,100.0,0.0
2015-07-08,,,,,,,,,,,,,0.0,4.1,100.0,0.0
2015-07-09,,,,,,,,,,,,,0.0,4.0,100.0,0.0
2015-07-10,,,,,,,,,,,,,0.0,4.0,100.0,0.0
2015-07-11,,,,,,,,,,,,,0.0,3.5,100.0,0.0
2015-07-12,,,,,,,,,,,,,0.0,3.6,100.0,0.0
2015-07-13,0.7,14.0,97.3,,,,,,,,,,0.0,3.2,100.0,0.0
2015-07-14,0.2,8.1,98.0,,,,,,,,,,0.0,3.1,100.0,0.0
2015-07-15,,,,,,,,,,,,,0.0,2.3,100.0,0.0
2015-07-16,,,,,,,,,,,,,0.0,2.0,100.0,0.0
2015-07-17,,,,,,,,,,,,,0.0,1.8,100.0,0.0
2015-07-18,0.2,6.8,93.2,,,,,,,,,,0.0,2.3,100.0,0.0
2015-07-19,,,,,,,,,,,,,0.0,2.1,100.0,0.0
2015-07-20,,,,,,,,,,,,,0.0,2.5,100.0,0.0
2015-07-21,,,,,,,,,,,,,0.0,2.3,100.0,0.0
2015-07-22,,,,,,,,,,,,,0.0,2.7,100.0,0.0
2015-07-23,,,,,,,,,,,,,0.0,2.9,100.0,0.0
2015-07-24,,,,,,,,,,,,,0.0,2.8,100.0,0.0
2015-07-25,0.6,6.4,97.7,,,,,,,,,,0.0,2.9,100.0,0.0
2015-07-26,1.5,7.4,99.3,,,,,,,,,,0.0,3.7,100.0,0.0
2015-07-27,,,,,,,,,,,,,0.0,4.1,100.0,0.0
2015-07-28,,,,,,,,,,,,,0.0,4.0,100.0,0.0
2015-07-29,,,,,,,,,,,,,0.0,3.4,100.0,0.0
2015-07-30,0.0,4.4,93.0,0.0,2.4,90.5,,,,,,,0.0,3.3,100.0,0.0
2015-07-31,,,,,,,,,,,,,0.0,2.4,100.0,0.0
2015-08-01,,,,,,,,,,,,,0.0,1.9,100.0,0.0
2015-08-02,,,,,,,,,,,,,0.0,1.4,100.0,0.0
2015-08-03,,,,,,,,,,,,,0.0,1.4,100.0,0.0
2015-08-04,,,,,,,,,,,,,0.0,1.1,100.0,0.0
2015-08-05,,,,,,,,,,,,,0.0,1.1,100.0,0.0
2015-08-06,2.6,6.9,97.3,,,,,,,,,,0.0,0.9,100.0,0.0
2015-08-07,5.0,13.4,98.2,,,,,,,,,,0.0,1.0,100.0,0.0
2015-08-08,,,,,,,,,,,,,0.0,0.8,100.0,0.0
2015-08-09,,,,,,,,,,,,,0.0,1.0,100.0,0.0
2015-08-10,,,,,,,,,,,,,0.0,1.0,100.0,0.0
2015-08-11,4.3,15.2,91.5,,,,,,,,,,0.0,1.1,100.0,0.0
2015-08-12,,,,,,,,,,,,,0.0,1.1,100.0,0.0
2015-08-13,,,,,,,,,,,,,0.0,1.4,100.0,0.0
2015-08-14,,,,,,,,,,,,,0.0,1.5,100.0,0.0
2015-08-15,,,,,,,,,,,,,0.0,1.3,100.0,0.0
2015-08-16,,,,,,,,,,,,,0.0,1.1,100.0,0.0
2015-08-17,,,,,,,,,,,,,0.0,1.3,100.0,0.0
2015-08-18,9.7,21.0,98.0,,,,,,,,,,0.0,1.6,100.0,0.0
2015-08-19,,,,,,,,,,,,,0.0,1.7,100.0,0.0
2015-08-20,,,,,,,,,,,,,0.0,1.9,100.0,0.0
2015-08-21,,,,,,,,,,,,,0.0,1.9,100.0,0.0
2015-08-22,,,,,,,,,,,,,0.0,1.9,100.0,0.0
2015-08-23,17.4,23.1,93.0,,,,,,,,,,0.0,1.5,100.0,0.0
2015-08-24,,,,,,,,,,,,,0.0,0.9,100.0,0.0
2015-08-25,,,,,,,,,,,,,0.0,0.9,100.0,0.0
2015-08-26,,,,,,,,,,,,,0.0,0.8,100.0,0.0
2015-08-27,,,,,,,,,,,,,0.0,0.7,100.0,0.0
2015-08-28,,,,,,,,,,,,,0.0,0.5,100.0,0.0
2015-08-29,,,,0.0,0.3,100.0,,,,,,,0.0,0.5,100.0,0.0
2015-08-30,42.4,34.0,97.8,,,,0.0,0.1,100.0,,,,0.0,0.4,100.0,0.0
2015-08-31,34.1,34.4,97.3,,,,,,,,,,0.0,0.4,100.0,0.0
2015-09-01,,,,,,,,,,,,,0.0,0.4,100.0,0.0
2015-09-02,,,,,,,,,,,,,0.0,0.5,100.0,0.0
2015-09-03,,,,,,,,,,,,,0.0,0.5,100.0,0.0
2015-09-04,0.0,3.7,17.8,,,,,,,,,,0.0,0.6,100.0,0.0
2015-09-05,,,,,,,,,,,,,0.0,0.8,100.0,0.0
2015-09-06,,,,,,,,,,,,,0.0,1.2,100.0,0.0
2015-09-07,,,,,,,,,,,,,0.0,1.5,100.0,0.0
2015-09-08,,,,0.0,0.1,94.1,,,,,,,0.0,1.4,100.0,0.0
2015-09-09,,,,,,,,,,,,,0.0,1.5,100.0,0.0
2015-09-10,,,,,,,,,,,,,0.0,1.7,100.0,0.0
2015-09-11,1.0,3.4,17.8,,,,,,,,,,0.0,1.8,100.0,0.0
2015-09-12,2.0,4.9,18.0,,,,,,,,,,0.0,1.6,100.0,0.0
2015-09-13,,,,,,,,,,,,,0.0,1.8,100.0,0.0
2015-09-14,,,,,,,,,,,,,0.0,1.9,100.0,0.0
2015-09-15,,,,,,,,,,,,,0.0,2.6,100.0,0.0
2015-09-16,0.0,3.6,17.7,,,,,,,,,,0.0,3.1,100.0,0.0
2015-09-17,,,,,,,,,,,,,0.0,3.8,100.0,0.0
2015-09-18,,,,,,,,,,,,,0.0,4.1,100.0,0.0
2015-09-19,,,,,,,,,,,,,0.0,4.3,100.0,0.0
2015-09-20,,,,,,,,,,,,,0.0,4.0,100.0,0.0
2015-09-21,,,,,,,,,,,,,0.0,4.3,100.0,0.0
2015-09-22,,,,,,,,,,,,,0.0,5.2,100.0,0.0
2015-09-23,0.0,8.2,17.7,,,,,,,,,,0.0,6.0,100.0,0.0
2015-09-24,0.0,14.7,17.7,,,,,,,,,,0.0,6.4,100.0,0.0
2015-09-25,,,,0.0,0.2,100.0,,,,,,,0.0,6.7,100.0,0.0
2015-09-26,,,,,,,,,,,,,0.0,6.8,100.0,0.0
2015-09-27,,,,,,,,,,,,,0.0,6.9,100.0,0.0
2015-09-28,1.0,23.7,17.5,0.0,0.1,100.0,,,,,,,0.0,7.1,100.0,0.0
2015-09-29,,,,,,,,,,,,,0.0,6.3,100.0,0.0
2015-09-30,,,,,,,,,,,,,0.0,5.4,100.0,0.0
2015-10-01,,,,,,,,,,,,,0.0,5.0,100.0,0.0
2015-10-02,,,,,,,,,,,,,0.0,5.0,100.0,0.0
2015-10-03,,,,,,,,,,,,,0.0,4.6,100.0,0.0
2015-10-04,,,,,,,,,,,,,0.0,3.9,100.0,0.0
2015-10-05,65.7,47.9,17.8,,,,,,,,,,0.0,3.1,100.0,0.0
2015-10-06,82.0,53.1,18.0,,,,,,,,,,0.0,3.7,100.0,0.0
2015-10-07,,,,,,,,,,,,,0.0,3.8,100.0,0.0
2015-10-08,,,,,,,,,,,,,0.0,3.6,100.0,0.0
2015-10-09,,,,,,,,,,,,,0.0,3.5,100.0,0.0
2015-10-10,99.0,70.7,17.7,,,,,,,,,,0.0,3.5,100.0,0.0
2015-10-11,,,,,,,,,,,,,0.0,3.5,100.0,0.0
2015-10-12,,,,,,,,,,,,,0.0,3.2,100.0,0.0
2015-10-13,,,,,,,,,,,,,0.0,3.5,100.0,0.0
2015-10-14,,,,,,,,,,,,,0.0,4.2,100.0,0.0
2015-10-15,,,,,,,,,,,,,0.0,4.8,100.0,0.0
2015-10-16,,,,,,,,,,,,,0.0,3.8,100.0,0.0
2015-10-17,100.0,76.4,18.0,,,,,,,,,,0.0,4.4,100.0,0.0
2015-10-18,100.0,82.1,18.0,,,,,,,,,,0.0,3.8,100.0,0.0
2015-10-19,,,,,,,,,,,,,0.0,3.5,100.0,0.0
2015-10-20,,,,,,,,,,,,,0.0,2.7,100.0,0.0
2015-10-21,,,,,,,,,,,,,0.0,3.1,100.0,0.0
2015-10-22,,,,,,,,,,,,,0.0,2.8,100.0,0.0
2015-10-23,,,,,,,,,,,,,0.0,2.8,100.0,0.0
2015-10-24,,,,,,,,,,,,,0.0,2.4,100.0,0.0
2015-10-25,,,,,,,,,,,,,0.0,2.5,100.0,0.0
2015-10-26,,,,,,,,,,,,,0.0,2.5,100.0,0.0
2015-10-27,,,,,,,,,,,,,0.0,1.9,100.0,0.0
2015-10-28,,,,,,,,,,,,,0.0,2.0,100.0,0.0
2015-10-29,100.0,86.4,18.0,,,,,,,,,,0.0,2.2,100.0,0.0
2015-10-30,100.0,85.4,18.0,,,,,,,,,,0.0,2.1,100.0,0.0
2015-10-31,,,,,,,,,,,,,0.0,1.6,100.0,0.0
2015-11-01,,,,,,,,,,,,,0.0,1.6,100.0,0.0
2015-11-02,,,,,,,0.0,0.0,58.4,,,,0.0,1.9,100.0,0.0
2015-11-03,100.0,87.0,17.5,,,,,,,,,,0.0,2.1,100.0,0.0
2015-11-04,,,,,,,,,,,,,0.0,1.8,100.0,0.0
2015-11-05,,,,,,,,,,,,,0.0,1.9,100.0,0.0
2015-11-06,,,,,,,,,,,,,0.0,2.2,100.0,0.0
2015-11-07,,,,,,,,,,,,,0.0,2.2,100.0,0.0
2015-11-08,,,,,,,,,,,,,0.0,2.1,100.0,0.0
2015-11-09,,,,,,,,,,,,,0.0,2.3,100.0,0.0
2015-11-10,100.0,87.3,17.8,,,,0.0,0.0,80.2,,,,0.0,2.6,100.0,0.0
2015-11-11,100.0,86.8,18.0,,,,,,,,,,0.2,3.3,100.0,0.2
2015-11-12,,,,,,,,,,,,,0.2,3.4,100.0,0.2
2015-11-13,,,,,,,,,,,,,0.2,4.2,100.0,0.2
2015-11-14,,,,0.0,0.0,100.0,,,,,,,0.2,3.8,100.0,0.2
2015-11-15,100.0,85.1,17.7,,,,,,,,,,0.4,3.4,100.0,0.4
2015-11-16,,,,,,,,,,,,,0.2,3.1,100.0,0.2
2015-11-17,,,,0.5,2.1,100.0,,,,,,,0.5,3.5,100.0,0.5
2015-11-18,,,,,,,0.0,0.0,85.9,,,,0.2,3.1,100.0,0.2
2015-11-19,,,,,,,,,,,,,0.2,3.6,100.0,0.2
2015-11-20,,,,,,,,,,,,,0.2,2.7,100.0,0.2
2015-11-21,,,,,,,,,,,,,0.2,2.8,100.0,0.2
2015-11-22,100.0,83.8,18.0,,,,,,,,,,0.2,3.0,100.0,0.2
2015-11-23,100.0,82.9,18.0,,,,,,,,,,0.2,4.0,100.0,0.2
2015-11-24,,,,97.6,95.2,100.0,,,,,,,0.4,4.0,100.0,0.4
2015-11-25,,,,,,,,,,,,,0.5,5.1,100.0,0.5
2015-11-26,,,,,,,,,,,,,0.7,8.5,100.0,0.7
2015-11-27,100.0,83.4,17.7,98.6,98.5,100.0,,,,,,,2.3,12.8,100.0,2.3
2015-11-28,,,,,,,,,,,,,1.1,12.7,100.0,1.1
2015-11-29,,,,,,,,,,,,,2.2,15.8,100.0,2.2
2015-11-30,,,,,,,,,,,,,4.5,22.3,100.0,4.5
2015-12-01,,,,,,,,,,,,,9.5,28.8,100.0,9.5
2015-12-02,,,,,,,,,,,,,11.9,37.9,100.0,11.9
2015-12-03,,,,,,,,,,,,,33.7,50.9,100.0,33.7
2015-12-04,100.0,81.3,18.0,,,,,,,,,,89.5,69.6,100.0,89.5
2015-12-05,100.0,78.9,18.0,,,,,,,,,,94.4,74.4,100.0,94.4
2015-12-06,,,,,,,,,,,,,97.3,80.8,100.0,97.3
2015-12-07,,,,99.3,98.7,100.0,,,,,,,96.8,84.5,100.0,96.8
2015-12-08,,,,,,,,,,,,,97.3,84.9,100.0,97.3
2015-12-09,100.0,79.1,17.8,,,,,,,,,,96.4,84.6,100.0,96.4
2015-12-10,,,,,,,,,,,,,98.0,87.0,100.0,98.0
2015-12-11,,,,,,,,,,,,,97.5,86.8,100.0,97.5
2015-12-12,,,,,,,,,,,,,98.9,89.5,100.0,98.9
2015-12-13,,,,,,,,,,,,,98.7,89.9,100.0,98.7
2015-12-14,,,,,,,,,,,,,99.6,91.5,100.0,99.6
2015-12-15,,,,,,,,,,,,,99.6,91.9,100.0,99.6
2015-12-16,100.0,76.2,18.0,,,,,,,,,,99.8,93.1,100.0,99.8
2015-12-17,100.0,74.9,18.0,99.6,99.2,99.8,,,,,,,99.8,93.9,100.0,99.8
2015-12-18,,,,,,,,,,,,,100.0,93.5,100.0,100.0
2015-12-19,,,,,,,,,,,,,100.0,93.0,100.0,100.0
2015-12-20,,,,,,,99.3,85.8,100.0,,,,100.0,93.9,100.0,100.0
2015-12-21,100.0,80.1,17.8,,,,,,,,,,100.0,93.4,100.0,100.0
2015-12-22,,,,,,,,,,,,,100.0,93.7,100.0,100.0
2015-12-23,,,,,,,,,,,,,100.0,94.0,100.0,100.0
2015-12-24,,,,99.6,99.1,100.0,,,,,,,100.0,94.3,100.0,100.0
2015-12-25,,,,,,,,,,,,,100.0,93.1,100.0,100.0
2015-12-26,,,,,,,,,,,,,100.0,92.9,100.0,100.0
2015-12-27,,,,99.6,98.8,99.6,,,,,,,100.0,93.5,100.0,100.0
2015-12-28,100.0,87.4,17.8,,,,,,,,,,99.8,88.1,100.0,99.8
2015-12-29,100.0,88.1,51.2,,,,,,,,,,99.6,87.1,100.0,99.6
2015-12-30,,,,,,,,,,,,,99.8,85.3,100.0,99.8
2015-12-31,,,,,,,,,,,,,99.5,84.9,100.0,99.5
2016-01-01,,,,,,,,,,,,,95.0,88.5,100.0,95.0
2016-01-02,,,,,,,,,,,,,95.0,89.4,100.0,95.0
2016-01-03,,,,100.0,97.6,100.0,,,,,,,95.0,90.4,100.0,95.0
2016-01-04,,,,,,,,,,,,,95.0,89.7,100.0,95.0
2016-01-05,,,,,,,100.0,98.6,97.2,,,,95.0,91.4,100.0,95.0
2016-01-06,,,,99.3,98.2,100.0,,,,,,,96.5,92.2,100.0,96.5
2016-01-07,,,,,,,,,,,,,96.5,92.2,100.0,96.5
2016-01-08,,,,,,,,,,,,,96.5,91.2,100.0,96.5
2016-01-09,100.0,95.0,100.0,,,,,,,,,,96.5,92.6,100.0,96.5
2016-01-10,100.0,96.5,100.0,,,,,,,,,,96.5,92.0,100.0,96.5
2016-01-11,,,,,,,,,,,,,98.6,92.0,100.0,98.6
2016-01-12,,,,,,,,,,,,,98.6,91.5,100.0,98.6
2016-01-13,,,,,,,,,,,,,99.3,92.3,100.0,99.3
2016-01-14,100.0,98.1,99.3,,,,,,,,,,100.0,92.5,100.0,100.0
2016-01-15,,,,,,,,,,,,,100.0,91.5,100.0,100.0
2016-01-16,,,,,,,,,,,,,100.0,92.1,100.0,100.0
2016-01-17,,,,,,,,,,,,,100.0,92.7,100.0,100.0
2016-01-18,,,,,,,,,,,,,100.0,94.1,100.0,100.0
2016-01-19,,,,,,,,,,,,,100.0,94.1,100.0,100.0
2016-01-20,,,,,,,,,,,,,100.0,95.6,100.0,100.0
2016-01-21,100.0,99.3,99.3,,,,,,,,,,100.0,96.1,100.0,100.0
2016-01-22,100.0,99.3,99.3,,,,,,,,,,100.0,97.0,100.0,100.0
2016-01-23,,,,,,,,,,,,,100.0,96.0,100.0,100.0
2016-01-24,,,,,,,,,,,,,100.0,96.1,100.0,100.0
2016-01-25,,,,,,,,,,,,,100.0,96.2,100.0,100.0
2016-01-26,100.0,99.5,97.2,99.3,98.8,100.0,,,,,,,100.0,97.0,100.0,100.0
2016-01-27,,,,,,,,,,,,,100.0,95.3,100.0,100.0
2016-01-28,,,,,,,,,,,,,100.0,94.9,100.0,100.0
2016-01-29,,,,,,,,,,,,,100.0,94.7,100.0,100.0
2016-01-30,,,,,,,,,,,,,100.0,94.8,100.0,100.0
2016-01-31,,,,,,,,,,,,,100.0,94.4,100.0,100.0
2016-02-01,,,,,,,,,,,,,100.0,94.9,100.0,100.0
2016-02-02,100.0,99.6,99.3,,,,,,,,,,100.0,95.3,100.0,100.0
2016-02-03,100.0,99.8,100.0,,,,,,,,,,100.0,95.6,100.0,100.0
2016-02-04,,,,,,,,,,,,,100.0,94.7,100.0,100.0
2016-02-05,,,,100.0,99.6,100.0,,,,,,,100.0,95.4,100.0,100.0
2016-02-06,,,,,,,,,,,,,100.0,94.5,100.0,100.0
2016-02-07,100.0,99.9,97.2,,,,,,,,,,100.0,95.0,100.0,100.0
2016-02-08,,,,,,,,,,,,,100.0,95.4,100.0,100.0
2016-02-09,,,,,,,,,,,,,100.0,95.7,100.0,100.0
2016-02-10,,,,,,,,,,,,,100.0,96.0,100.0,100.0
2016-02-11,,,,,,,,,,,,,100.0,96.8,100.0,100.0
2016-02-12,,,,,,,,,,,,,100.0,96.8,100.0,100.0
2016-02-13,,,,,,,,,,,,,100.0,97.0,100.0,100.0
2016-02-14,100.0,99.9,98.6,,,,,,,,,,100.0,97.6,100.0,100.0
2016-02-15,100.0,99.9,99.3,100.0,99.8,55.3,,,,,,,100.0,97.7,100.0,100.0
2016-02-16,,,,,,,,,,,,,100.0,97.2,100.0,100.0
2016-02-17,,,,,,,,,,,,,100.0,96.6,100.0,100.0
2016-02-18,,,,,,,,,,,,,100.0,97.3,100.0,100.0
2016-02-19,100.0,99.9,96.5,,,,,,,,,,100.0,97.8,100.0,100.0
2016-02-20,,,,,,,,,,,,,100.0,97.5,100.0,100.0
2016-02-21,,,,,,,,,,,,,100.0,97.2,100.0,100.0
2016-02-22,,,,,,,100.0,99.9,100.0,,,,100.0,98.0,100.0,100.0
2016-02-23,,,,,,,,,,,,,100.0,97.5,100.0,100.0
2016-02-24,,,,,,,,,,,,,100.0,97.4,100.0,100.0
2016-02-25,,,,,,,,,,,,,100.0,97.0,100.0,100.0
2016-02-26,100.0,100.0,97.9,,,,,,,,,,100.0,97.5,100.0,100.0
2016-02-27,100.0,99.9,100.0,,,,,,,,,,100.0,97.3,100.0,100.0
2016-02-28,,,,,,,,,,,,,100.0,96.6,100.0,100.0
2016-02-29,,,,,,,,,,,,,100.0,96.4,100.0,100.0
2016-03-01,,,,,,,,,,,,,100.0,96.4,100.0,100.0
2016-03-02,100.0,100.0,96.5,,,,,,,,,,100.0,96.4,100.0,100.0
2016-03-03,,,,,,,,,,,,,100.0,95.9,100.0,100.0
2016-03-04,,,,,,,,,,,,,100.0,95.3,100.0,100.0
2016-03-05,,,,,,,,,,,,,100.0,96.6,100.0,100.0
2016-03-06,,,,100.0,98.9,100.0,,,,,,,100.0,97.7,100.0,100.0
2016-03-07,,,,,,,,,,,,,100.0,98.0,100.0,100.0
2016-03-08,,,,,,,,,,,,,100.0,98.2,100.0,100.0
2016-03-09,100.0,100.0,98.6,,,,100.0,100.0,100.0,,,,100.0,99.2,100.0,100.0
2016-03-10,100.0,100.0,100.0,,,,,,,,,,100.0,99.1,100.0,100.0
2016-03-11,,,,,,,,,,,,,100.0,99.0,100.0,100.0
2016-03-12,,,,,,,,,,,,,100.0,98.9,100.0,100.0
2016-03-13,,,,100.0,99.7,100.0,,,,,,,100.0,99.1,100.0,100.0
2016-03-14,100.0,100.0,95.7,,,,,,,,,,100.0,98.9,100.0,100.0
2016-03-15,,,,,,,,,,,,,100.0,98.6,100.0,100.0
2016-03-16,,,,,,,,,,,,,100.0,98.6,100.0,100.0
2016-03-17,,,,,,,,,,,,,100.0,98.5,100.0,100.0
2016-03-18,,,,,,,,,,,,,100.0,98.5,100.0,100.0
2016-03-19,,,,,,,,,,,,,100.0,98.1,100.0,100.0
2016-03-20,,,,,,,,,,,,,100.0,98.4,100.0,100.0
2016-03-21,100.0,99.9,97.2,,,,,,,,,,100.0,98.6,100.0,100.0
2016-03-22,100.0,99.8,100.0,,,,,,,,,,100.0,98.8,100.0,100.0
2016-03-23,,,,,,,,,,,,,100.0,98.0,100.0,100.0
2016-03-24,,,,,,,,,,,,,100.0,98.2,100.0,100.0
2016-03-25,,,,,,,,,,,,,100.0,97.0,100.0,100.0
2016-03-26,100.0,99.6,95.0,100.0,99.4,100.0,,,,,,,100.0,97.9,100.0,100.0
2016-03-27,,,,,,,,,,,,,100.0,96.9,100.0,100.0
2016-03-28,,,,,,,,,,,,,100.0,97.0,100.0,100.0
2016-03-29,,,,,,,,,,,,,100.0,96.2,100.0,100.0
2016-03-30,,,,,,,,,,,,,100.0,96.7,100.0,100.0
2016-03-31,,,,,,,,,,,,,100.0,95.3,100.0,100.0
2016-04-01,,,,,,,,,,,,,100.0,95.9,100.0,100.0
2016-04-02,100.0,98.5,100.0,,,,,,,,,,100.0,95.4,100.0,100.0
2016-04-03,100.0,95.8,100.0,,,,,,,,,,100.0,95.3,100.0,100.0
2016-04-04,,,,,,,,,,,,,100.0,93.3,100.0,100.0
2016-04-05,,,,,,,,,,,,,100.0,94.0,100.0,100.0
2016-04-06,,,,,,,,,,,,,100.0,94.1,100.0,100.0
2016-04-07,100.0,90.6,100.0,,,,,,,,,,100.0,96.4,100.0,100.0
2016-04-08,,,,,,,,,,,,,100.0,96.1,100.0,100.0
2016-04-09,,,,,,,,,,,,,100.0,96.5,100.0,100.0
2016-04-10,,,,,,,100.0,100.0,100.0,,,,100.0,97.3,100.0,100.0
2016-04-11,,,,,,,,,,,,,100.0,97.4,100.0,100.0
2016-04-12,,,,100.0,99.6,100.0,,,,,,,100.0,97.8,100.0,100.0
2016-04-13,,,,,,,,,,,,,100.0,97.0,100.0,100.0
2016-04-14,100.0,82.7,100.0,,,,,,,,,,100.0,96.8,100.0,100.0
2016-04-15,100.0,74.2,100.0,,,,,,,,,,100.0,97.0,100.0,100.0
2016-04-16,,,,,,,,,,,,,100.0,96.6,100.0,100.0
2016-04-17,,,,,,,,,,,,,100.0,96.8,100.0,100.0
2016-04-18,,,,,,,,,,,,,100.0,96.3,100.0,100.0
2016-04-19,25.0,35.3,99.3,,,,,,,,,,100.0,96.5,100.0,100.0
2016-04-20,,,,,,,,,,,,,99.3,96.1,100.0,99.3
2016-04-21,,,,,,,,,,,,,99.3,96.1,100.0,99.3
2016-04-22,,,,,,,,,,,,,98.6,95.3,100.0,98.6
2016-04-23,,,,,,,,,,,,,98.6,94.9,100.0,98.6
2016-04-24,,,,,,,,,,,,,98.6,95.2,100.0,98.6
2016-04-25,,,,100.0,99.8,100.0,,,,,,,98.6,96.2,100.0,98.6
2016-04-26,2.1,16.3,100.0,,,,,,,,,,98.6,94.2,100.0,98.6
2016-04-27,1.4,8.7,100.0,,,,,,,,,,98.6,94.5,100.0,98.6
2016-04-28,,,,,,,,,,,,,99.3,95.1,100.0,99.3
2016-04-29,,,,,,,,,,,,,99.3,95.0,100.0,99.3
2016-04-30,,,,,,,,,,,,,99.3,94.3,100.0,99.3
2016-05-01,2.1,10.8,99.3,,,,,,,,,,98.6,94.5,100.0,98.6
2016-05-02,,,,,,,,,,,,,100.0,94.9,100.0,100.0
2016-05-03,,,,,,,,,,,,,100.0,95.2,100.0,100.0
2016-05-04,,,,,,,,,,,,,98.6,94.7,100.0,98.6
2016-05-05,,,,100.0,99.4,100.0,,,,,,,98.6,95.4,100.0,98.6
2016-05-06,,,,,,,,,,,,,99.3,94.5,100.0,99.3
2016-05-07,,,,,,,,,,,,,98.6,94.1,100.0,98.6
2016-05-08,1.4,6.7,100.0,,,,,,,,,,98.6,92.8,100.0,98.6
2016-05-09,1.4,7.1,100.0,,,,,,,,,,98.6,91.8,100.0,98.6
2016-05-10,,,,,,,,,,,,,98.6,90.7,100.0,98.6
2016-05-11,,,,,,,,,,,,,98.6,89.6,100.0,98.6
2016-05-12,,,,,,,,,,,,,98.6,88.4,100.0,98.6
2016-05-13,0.7,7.2,99.3,,,,,,,,,,98.6,86.1,100.0,98.6
2016-05-14,,,,,,,,,,,,,99.3,85.7,100.0,99.3
2016-05-15,,,,,,,,,,,,,100.0,85.6,100.0,100.0
2016-05-16,,,,,,,,,,,,,100.0,88.5,100.0,100.0
2016-05-17,,,,,,,,,,,,,100.0,90.5,100.0,100.0
2016-05-18,,,,,,,,,,,,,100.0,91.3,100.0,100.0
2016-05-19,,,,,,,,,,,,,100.0,90.2,100.0,100.0
2016-05-20,2.8,14.6,100.0,,,,,,,,,,100.0,91.3,100.0,100.0
2016-05-21,0.7,13.8,97.9,,,,,,,,,,100.0,91.4,100.0,100.0
2016-05-22,,,,100.0,98.9,100.0,,,,,,,100.0,92.2,100.0,100.0
2016-05-23,,,,,,,,,,,,,100.0,90.4,100.0,100.0
2016-05-24,,,,,,,,,,,,,100.0,90.4,100.0,100.0
2016-05-25,2.8,11.6,100.0,100.0,98.2,100.0,,,,,,,100.0,91.7,100.0,100.0
2016-05-26,,,,,,,,,,,,,100.0,87.3,100.0,100.0
2016-05-27,,,,,,,,,,,,,100.0,86.4,100.0,100.0
2016-05-28,,,,,,,,,,,,,100.0,84.1,100.0,100.0
2016-05-29,,,,,,,,,,,,,100.0,84.2,100.0,100.0
2016-05-30,,,,,,,,,,,,,100.0,78.9,100.0,100.0
2016-05-31,,,,,,,,,,,,,100.0,78.9,100.0,100.0
2016-06-01,0.7,9.9,100.0,,,,,,,,,,100.0,75.5,100.0,100.0
2016-06-02,0.7,9.0,100.0,,,,,,,,,,100.0,75.2,100.0,100.0
2016-06-03,,,,,,,,,,,,,97.9,68.1,100.0,97.9
2016-06-04,,,,,,,,,,,,,100.0,71.5,100.0,100.0
2016-06-05,,,,,,,,,,,,,92.2,66.0,100.0,92.2
2016-06-06,0.7,11.3,100.0,,,,,,,,,,100.0,69.7,100.0,100.0
2016-06-07,,,,,,,,,,,,,33.3,58.8,100.0,33.3
2016-06-08,,,,,,,,,,,,,97.2,67.1,100.0,97.2
2016-06-09,,,,,,,,,,,,,29.1,57.7,100.0,29.1
2016-06-10,,,,,,,,,,,,,40.4,57.0,100.0,40.4
2016-06-11,,,,,,,,,,,,,0.7,36.2,100.0,0.7
2016-06-12,,,,,,,,,,,,,5.0,42.0,100.0,5.0
2016-06-13,,,,,,,,,,,,,0.0,29.5,100.0,0.0
2016-06-14,0.0,6.7,100.0,,,,,,,,,,2.8,32.0,100.0,2.8
2016-06-15,,,,,,,,,,,,,0.0,22.6,100.0,0.0
2016-06-16,,,,,,,,,,,,,3.5,27.2,100.0,3.5
2016-06-17,,,,,,,,,,,,,0.7,21.6,100.0,0.7
2016-06-18,,,,,,,,,,,,,5.0,23.6,100.0,5.0
2016-06-19,,,,,,,,,,,,,2.8,18.5,100.0,2.8
2016-06-20,,,,,,,,,,,,,5.0,19.1,100.0,5.0
2016-06-21,,,,,,,,,,,,,0.0,14.5,100.0,0.0
2016-06-22,,,,,,,,,,,,,0.7,14.2,100.0,0.7
2016-06-23,,,,,,,,,,,,,0.0,11.3,100.0,0.0
2016-06-24,,,,6.0,11.9,100.0,,,,,,,0.7,12.6,100.0,0.7
2016-06-25,,,,,,,,,,,,,0.0,10.8,100.0,0.0
2016-06-26,,,,,,,,,,,,,0.0,10.6,100.0,0.0
2016-06-27,,,,,,,,,,,,,0.0,9.0,100.0,0.0
2016-06-28,,,,,,,,,,,,,0.0,8.9,100.0,0.0
2016-06-29,,,,,,,,,,,,,0.0,7.8,100.0,0.0
2016-06-30,0.0,7.1,99.3,,,,,,,,,,0.0,6.4,100.0,0.0
2016-07-01,,,,0.0,0.1,68.8,,,,,,,0.0,5.6,100.0,0.0
2016-07-02,,,,,,,,,,,,,0.0,5.6,100.0,0.0
2016-07-03,,,,,,,,,,,,,0.0,5.4,100.0,0.0
2016-07-04,,,,,,,,,,,,,0.0,5.0,100.0,0.0
2016-07-05,,,,,,,,,,,,,0.0,5.5,100.0,0.0
2016-07-06,,,,,,,,,,,,,0.0,7.0,100.0,0.0
2016-07-07,0.0,5.7,100.0,,,,,,,,,,0.0,7.0,100.0,0.0
2016-07-08,0.0,6.4,100.0,,,,,,,,,,0.0,6.2,100.0,0.0
2016-07-09,,,,,,,,,,,,,0.0,6.3,100.0,0.0
2016-07-10,,,,,,,,,,,,,0.0,6.9,100.0,0.0
2016-07-11,,,,,,,,,,,,,0.0,6.7,100.0,0.0
2016-07-12,,,,,,,,,,,,,0.0,6.4,100.0,0.0
2016-07-13,,,,,,,,,,,,,0.0,7.1,100.0,0.0
2016-07-14,,,,,,,,,,,,,0.0,9.1,100.0,0.0
2016-07-15,,,,,,,,,,,,,0.0,9.2,100.0,0.0
2016-07-16,,,,,,,,,,,,,0.0,8.8,100.0,0.0
2016-07-17,,,,,,,,,,,,,0.0,8.0,100.0,0.0
2016-07-18,,,,,,,,,,,,,0.0,7.0,100.0,0.0
2016-07-19,0.0,5.2,100.0,,,,,,,,,,0.0,5.2,100.0,0.0
2016-07-20,0.0,3.4,99.3,,,,,,,,,,0.0,4.0,100.0,0.0
2016-07-21,,,,0.0,0.0,30.5,,,,,,,0.0,3.2,100.0,0.0
2016-07-22,,,,,,,,,,,,,0.0,2.7,100.0,0.0
2016-07-23,,,,,,,,,,,,,0.0,2.5,100.0,0.0
2016-07-24,0.0,3.3,99.3,,,,,,,,,,0.0,2.1,100.0,0.0
2016-07-25,,,,,,,,,,,,,0.0,2.4,100.0,0.0
2016-07-26,,,,,,,,,,,,,0.0,2.2,100.0,0.0
2016-07-27,,,,,,,,,,,,,0.0,2.5,100.0,0.0
2016-07-28,,,,,,,,,,,,,0.0,2.3,100.0,0.0
2016-07-29,,,,,,,,,,,,,0.0,3.1,100.0,0.0
2016-07-30,,,,,,,,,,,,,0.0,1.8,100.0,0.0
2016-07-31,0.0,2.9,98.6,0.0,0.0,42.6,,,,,,,0.0,1.7,100.0,0.0
2016-08-01,0.0,3.8,100.0,,,,,,,,,,0.0,1.6,100.0,0.0
2016-08-02,,,,,,,,,,,,,0.0,2.4,100.0,0.0
2016-08-03,,,,,,,,,,,,,0.0,2.0,100.0,0.0
2016-08-04,,,,,,,,,,,,,0.0,2.0,100.0,0.0
2016-08-05,0.0,4.0,98.6,,,,,,,,,,0.0,1.7,100.0,0.0
2016-08-06,,,,,,,,,,,,,0.0,2.6,100.0,0.0
2016-08-07,,,,,,,,,,,,,0.0,1.7,100.0,0.0
2016-08-08,,,,,,,,,,,,,0.0,1.2,100.0,0.0
2016-08-09,,,,,,,,,,,,,0.0,1.0,100.0,0.0
2016-08-10,,,,,,,,,,,,,0.0,1.4,100.0,0.0
2016-08-11,,,,,,,,,,,,,0.0,1.5,100.0,0.0
2016-08-12,0.0,8.5,97.9,,,,,,,,,,0.0,1.1,100.0,0.0
2016-08-13,0.0,13.0,100.0,0.0,0.0,100.0,,,,,,,0.0,0.9,100.0,0.0
2016-08-14,,,,,,,,,,,,,0.0,0.9,100.0,0.0
2016-08-15,,,,,,,,,,,,,0.0,0.8,100.0,0.0
2016-08-16,,,,,,,0.0,0.1,36.9,,,,0.0,0.6,100.0,0.0
2016-08-17,0.0,15.3,97.9,,,,,,,,,,0.0,0.6,100.0,0.0
2016-08-18,,,,,,,,,,,,,0.0,0.6,100.0,0.0
2016-08-19,,,,,,,,,,,,,0.0,0.7,100.0,0.0
2016-08-20,,,,,,,,,,,,,0.0,0.7,100.0,0.0
2016-08-21,,,,,,,,,,,,,0.0,0.8,100.0,0.0
2016-08-22,,,,,,,,,,,,,0.0,0.8,100.0,0.0
2016-08-23,,,,0.0,0.0,100.0,,,,,,,0.0,0.6,100.0,0.0
2016-08-24,0.7,21.9,100.0,,,,,,,,,,0.0,0.6,100.0,0.0
2016-08-25,8.5,26.0,100.0,,,,,,,,,,0.0,0.5,100.0,0.0
2016-08-26,,,,,,,,,,,,,0.0,0.4,100.0,0.0
2016-08-27,,,,,,,,,,,,,0.0,0.4,100.0,0.0
2016-08-28,,,,,,,,,,,,,0.0,0.4,100.0,0.0
2016-08-29,15.9,29.7,97.9,,,,,,,,,,0.0,0.5,100.0,0.0
2016-08-30,,,,0.0,0.0,100.0,,,,,,,0.0,0.5,100.0,0.0
2016-08-31,,,,,,,,,,,,,0.0,0.6,100.0,0.0
2016-09-01,,,,,,,,,,,,,0.0,0.8,100.0,0.0
2016-09-02,,,,0.0,0.0,100.0,,,,,,,0.0,0.8,100.0,0.0
2016-09-03,,,,,,,,,,,,,0.0,0.9,100.0,0.0
2016-09-04,,,,,,,,,,,,,0.0,0.8,100.0,0.0
2016-09-05,0.0,11.0,100.0,,,,,,,,,,0.0,0.9,100.0,0.0
2016-09-06,0.0,11.5,99.3,,,,,,,,,,0.0,1.0,100.0,0.0
2016-09-07,,,,,,,,,,,,,0.0,1.1,100.0,0.0
2016-09-08,,,,,,,,,,,,,0.0,0.9,100.0,0.0
2016-09-09,,,,0.0,0.0,100.0,,,,,,,0.0,0.9,100.0,0.0
2016-09-10,0.0,15.4,98.6,,,,,,,,,,0.0,1.1,100.0,0.0
2016-09-11,,,,,,,,,,,,,0.0,1.0,100.0,0.0
2016-09-12,,,,0.0,0.0,100.0,,,,,,,0.0,0.9,100.0,0.0
2016-09-13,,,,,,,,,,,,,0.0,0.9,100.0,0.0
2016-09-14,,,,,,,,,,,,,0.0,1.0,100.0,0.0
2016-09-15,,,,,,,,,,,,,0.0,1.1,100.0,0.0
2016-09-16,,,,,,,,,,,,,0.0,1.4,100.0,0.0
2016-09-17,0.0,13.5,99.3,,,,,,,,,,0.0,1.4,100.0,0.0
2016-09-18,0.0,17.2,98.6,,,,,,,,,,0.0,1.7,100.0,0.0
2016-09-19,,,,0.0,0.0,95.0,,,,,,,0.0,1.4,100.0,0.0
2016-09-20,,,,,,,,,,,,,0.0,2.0,100.0,0.0
2016-09-21,,,,,,,,,,,,,0.0,1.7,100.0,0.0
2016-09-22,5.8,24.8,97.9,0.0,0.0,100.0,,,,,,,0.0,2.0,100.0,0.0
2016-09-23,,,,,,,,,,,,,0.0,1.7,100.0,0.0
2016-09-24,,,,,,,,,,,,,0.0,2.0,100.0,0.0
2016-09-25,,,,,,,,,,,,,0.0,1.8,100.0,0.0
2016-09-26,,,,,,,,,,,,,0.0,2.3,100.0,0.0
2016-09-27,,,,,,,,,,,,,0.0,2.1,100.0,0.0
2016-09-28,70.8,47.8,97.2,,,,,,,,,,0.0,2.7,100.0,0.0
2016-09-29,66.9,46.5,98.6,0.0,0.0,100.0,,,,,,,0.0,2.5,100.0,0.0
2016-09-30,38.6,37.2,99.3,,,,,,,,,,0.0,3.0,100.0,0.0
2016-10-01,,,,,,,,,,,,,0.0,3.0,100.0,0.0
2016-10-02,,,,,,,,,,,,,0.0,3.7,100.0,0.0
2016-10-03,,,,,,,,,,,,,0.0,4.0,100.0,0.0
2016-10-04,18.4,30.6,96.5,,,,,,,,,,0.0,4.8,100.0,0.0
2016-10-05,,,,,,,,,,,,,0.0,5.1,100.0,0.0
2016-10-06,20.9,30.4,98.6,,,,,,,,,,0.0,6.2,100.0,0.0
2016-10-07,,,,,,,,,,,,,0.0,6.2,100.0,0.0
2016-10-08,,,,,,,,,,,,,0.0,6.9,100.0,0.0
2016-10-09,,,,,,,,,,,,,0.0,7.0,100.0,0.0
2016-10-10,,,,,,,,,,,,,0.0,8.1,100.0,0.0
2016-10-11,2.2,15.1,98.6,,,,,,,,,,0.0,7.7,100.0,0.0
2016-10-12,0.0,8.6,99.3,0.0,0.5,100.0,,,,,,,0.0,8.4,100.0,0.0
2016-10-13,,,,,,,,,,,,,0.0,8.0,100.0,0.0
2016-10-14,,,,,,,,,,,,,0.0,8.7,100.0,0.0
2016-10-15,,,,,,,,,,,,,0.0,6.9,100.0,0.0
2016-10-16,0.0,5.3,97.9,,,,,,,,,,0.0,6.8,100.0,0.0
2016-10-17,,,,,,,,,,,,,0.0,6.3,100.0,0.0
2016-10-18,0.0,7.4,100.0,,,,,,,,,,0.0,7.6,100.0,0.0
2016-10-19,,,,,,,,,,,,,0.0,7.8,100.0,0.0
2016-10-20,,,,,,,,,,,,,0.0,8.4,100.0,0.0
2016-10-21,,,,,,,,,,,,,0.0,7.6,100.0,0.0
2016-10-22,,,,0.0,0.3,100.0,,,,,,,0.0,8.5,100.0,0.0
2016-10-23,0.7,7.9,100.0,,,,,,,,,,0.0,8.3,100.0,0.0
2016-10-24,5.0,13.5,100.0,,,,,,,,,,0.0,7.7,100.0,0.0
2016-10-25,,,,,,,,,,,,,0.0,5.9,100.0,0.0
2016-10-26,,,,,,,,,,,,,0.0,7.2,100.0,0.0
2016-10-27,,,,,,,,,,,,,0.0,7.4,100.0,0.0
2016-10-28,9.4,24.4,97.9,,,,,,,,,,0.0,7.9,100.0,0.0
2016-10-29,,,,0.0,0.1,100.0,,,,,,,0.0,6.4,100.0,0.0
2016-10-30,44.7,42.0,100.0,,,,,,,,,,0.0,7.5,100.0,0.0
2016-10-31,,,,,,,,,,,,,0.0,7.2,100.0,0.0
2016-11-01,,,,0.0,0.7,100.0,,,,,,,0.0,7.8,100.0,0.0
2016-11-02,,,,,,,,,,,,,0.0,7.0,100.0,0.0
2016-11-03,,,,,,,,,,,,,0.0,8.3,100.0,0.0
2016-11-04,92.9,58.2,100.0,,,,,,,,,,0.0,8.3,100.0,0.0
2016-11-05,91.5,58.7,100.0,,,,,,,,,,0.0,9.8,100.0,0.0
2016-11-06,,,,,,,,,,,,,0.0,10.2,100.0,0.0
2016-11-07,,,,,,,,,,,,,0.0,12.4,100.0,0.0
2016-11-08,,,,,,,,,,,,,0.0,13.4,100.0,0.0
2016-11-09,95.0,69.6,99.3,,,,,,,,,,0.0,20.8,100.0,0.0
2016-11-10,,,,,,,,,,,,,0.0,24.0,100.0,0.0
2016-11-11,93.6,72.3,100.0,,,,,,,,,,0.7,30.5,100.0,0.7
2016-11-12,,,,,,,,,,,,,0.7,31.6,100.0,0.7
2016-11-13,,,,,,,,,,,,,5.0,40.8,100.0,5.0
2016-11-14,,,,,,,,,,,,,9.2,49.1,100.0,9.2
2016-11-15,,,,,,,,,,,,,49.6,55.8,100.0,49.6
2016-11-16,100.0,81.8,100.0,,,,,,,,,,57.4,59.1,100.0,57.4
2016-11-17,100.0,85.0,100.0,,,,,,,,,,80.1,67.4,100.0,80.1
2016-11-18,,,,,,,,,,,,,85.8,69.7,100.0,85.8
2016-11-19,,,,,,,,,,,,,87.9,72.1,100.0,87.9
2016-11-20,,,,,,,,,,,,,92.9,75.4,100.0,92.9
2016-11-21,100.0,93.6,99.3,,,,,,,,,,96.5,79.8,100.0,96.5
2016-11-22,,,,,,,,,,,,,99.3,86.7,100.0,99.3
2016-11-23,100.0,95.7,100.0,,,,,,,,,,100.0,90.1,100.0,100.0
2016-11-24,,,,,,,,,,,,,100.0,90.8,100.0,100.0
2016-11-25,,,,,,,,,,,,,100.0,92.4,100.0,100.0
2016-11-26,,,,,,,,,,,,,100.0,93.6,100.0,100.0
2016-11-27,,,,,,,,,,,,,100.0,95.4,100.0,100.0
2016-11-28,100.0,97.6,100.0,95.0,92.0,100.0,,,,,,,100.0,96.8,100.0,100.0
2016-11-29,100.0,98.4,100.0,,,,,,,,,,100.0,97.0,100.0,100.0
2016-11-30,,,,,,,,,,,,,100.0,97.8,100.0,100.0
2016-12-01,,,,99.3,98.2,100.0,,,,,,,100.0,98.6,100.0,100.0
2016-12-02,,,,,,,,,,,,,100.0,98.5,100.0,100.0
2016-12-03,100.0,99.2,98.6,,,,,,,,,,100.0,99.1,100.0,100.0
2016-12-04,,,,,,,,,,,,,100.0,99.1,100.0,100.0
2016-12-05,100.0,99.5,100.0,,,,,,,,,,100.0,99.3,100.0,100.0
2016-12-06,,,,,,,100.0,100.0,97.9,,,,100.0,99.5,100.0,100.0
2016-12-07,,,,,,,,,,,,,100.0,99.5,100.0,100.0
2016-12-08,,,,99.3,98.9,100.0,,,,,,,100.0,99.6,100.0,100.0
2016-12-09,,,,,,,,,,,,,100.0,99.6,100.0,100.0
2016-12-10,100.0,99.5,99.3,,,,,,,,,,100.0,99.5,100.0,100.0
2016-12-11,100.0,99.6,100.0,100.0,98.2,100.0,,,,,,,100.0,99.6,100.0,100.0
2016-12-12,,,,,,,,,,,,,100.0,99.4,100.0,100.0
2016-12-13,,,,,,,,,,,,,100.0,99.4,100.0,100.0
2016-12-14,,,,,,,,,,,,,100.0,99.3,100.0,100.0
2016-12-15,100.0,99.7,97.9,,,,,,,,,,100.0,99.3,100.0,100.0
2016-12-16,,,,,,,,,,,,,100.0,99.2,100.0,100.0
2016-12-17,100.0,99.8,100.0,,,,,,,,,,100.0,99.4,100.0,100.0
2016-12-18,,,,100.0,99.2,100.0,,,,,,,100.0,99.4,100.0,100.0
2016-12-19,,,,,,,,,,,,,100.0,99.5,100.0,100.0
2016-12-20,,,,,,,,,,,,,100.0,99.5,100.0,100.0
2016-12-21,,,,100.0,99.3,100.0,,,,,,,100.0,99.6,100.0,100.0
2016-12-22,100.0,99.8,100.0,,,,100.0,100.0,98.6,,,,100.0,99.7,100.0,100.0
2016-12-23,100.0,99.8,100.0,,,,,,,,,,100.0,99.6,100.0,100.0
2016-12-24,,,,,,,,,,,,,100.0,99.6,100.0,100.0
2016-12-25,,,,,,,,,,,,,100.0,99.6,100.0,100.0
2016-12-26,,,,,,,,,,,,,100.0,99.5,100.0,100.0
2016-12-27,100.0,99.8,99.3,,,,,,,,,,100.0,99.5,100.0,100.0
2016-12-28,,,,100.0,99.3,100.0,,,,,,,100.0,99.4,100.0,100.0
2016-12-29,100.0,99.9,99.3,,,,,,,,,,100.0,99.5,100.0,100.0
2016-12-30,,,,,,,,,,,,,100.0,99.1,100.0,100.0
2016-12-31,,,,100.0,99.3,100.0,,,,,,,100.0,99.2,100.0,100.0
2017-01-01,,,,,,,,,,,,,96.8,80.4,100.0,96.8
2017-01-02,,,,,,,,,,,,,96.8,82.4,100.0,96.8
2017-01-03,100.0,96.1,96.8,,,,,,,,,,96.8,83.7,100.0,96.8
2017-01-04,100.0,98.3,97.1,,,,,,,,,,96.8,85.6,100.0,96.8
2017-01-05,,,,,,,,,,,,,96.8,86.6,100.0,96.8
2017-01-06,,,,,,,,,,,,,96.5,87.5,100.0,96.5
2017-01-07,,,,,,,,,,,,,96.8,87.7,100.0,96.8
2017-01-08,100.0,99.3,90.0,,,,,,,,,,97.1,89.9,100.0,97.1
2017-01-09,,,,,,,,,,,,,99.1,91.5,100.0,99.1
2017-01-10,100.0,99.7,92.6,,,,,,,,,,98.2,92.8,100.0,98.2
2017-01-11,,,,,,,,,,,,,98.2,91.5,100.0,98.2
2017-01-12,,,,,,,,,,,,,97.9,92.4,100.0,97.9
2017-01-13,,,,,,,,,,,,,98.2,92.6,100.0,98.2
2017-01-14,,,,,,,,,,,,,98.2,93.8,100.0,98.2
2017-01-15,100.0,99.7,95.6,,,,,,,,,,99.7,94.7,100.0,99.7
2017-01-16,100.0,99.7,96.2,,,,,,,,,,99.7,95.6,100.0,99.7
2017-01-17,,,,,,,,,,,,,100.0,96.4,100.0,100.0
2017-01-18,,,,,,,,,,,,,100.0,97.0,100.0,100.0
2017-01-19,,,,,,,,,,,,,100.0,97.4,100.0,100.0
2017-01-20,100.0,99.8,88.8,,,,,,,,,,100.0,98.3,100.0,100.0
2017-01-21,,,,,,,,,,,,,100.0,98.4,100.0,100.0
2017-01-22,100.0,99.8,96.8,,,,,,,,,,100.0,98.9,100.0,100.0
2017-01-23,,,,,,,100.0,100.0,100.0,,,,100.0,99.1,100.0,100.0
2017-01-24,,,,,,,,,,,,,100.0,99.1,100.0,100.0
2017-01-25,,,,,,,,,,,,,100.0,99.2,100.0,100.0
2017-01-26,,,,,,,,,,,,,100.0,99.3,100.0,100.0
2017-01-27,100.0,99.8,95.0,100.0,98.8,79.7,,,,,,,100.0,99.3,100.0,100.0
2017-01-28,100.0,99.7,96.2,,,,,,,,,,100.0,99.3,100.0,100.0
2017-01-29,,,,,,,,,,,,,100.0,99.1,100.0,100.0
2017-01-30,,,,,,,,,,,,,100.0,99.2,100.0,100.0
2017-01-31,,,,,,,,,,,,,100.0,98.8,100.0,100.0
2017-02-01,100.0,99.8,90.6,,,,,,,,,,100.0,98.9,100.0,100.0
2017-02-02,,,,,,,,,,,,,100.0,98.4,100.0,100.0
2017-02-03,100.0,99.9,96.5,,,,,,,,,,100.0,98.7,100.0,100.0
2017-02-04,,,,,,,,,,,,,100.0,98.0,100.0,100.0
2017-02-05,,,,,,,,,,,,,100.0,98.3,100.0,100.0
2017-02-06,,,,,,,,,,,,,100.0,97.6,100.0,100.0
2017-02-07,,,,,,,,,,,,,100.0,98.0,100.0,100.0
2017-02-08,100.0,99.9,95.0,,,,,,,,,,100.0,97.2,100.0,100.0
2017-02-09,100.0,99.9,95.9,99.7,97.8,100.0,,,,,,,100.0,97.9,100.0,100.0
2017-02-10,,,,,,,,,,,,,100.0,96.9,100.0,100.0
2017-02-11,,,,,,,,,,,,,100.0,97.4,100.0,100.0
2017-02-12,,,,,,,,,,,,,100.0,97.3,100.0,100.0
2017-02-13,100.0,99.9,89.7,,,,,,,,,,100.0,97.8,100.0,100.0
2017-02-14,,,,,,,,,,,,,100.0,97.4,100.0,100.0
2017-02-15,100.0,99.9,96.5,,,,,,,,,,100.0,98.1,100.0,100.0
2017-02-16,,,,99.1,98.8,100.0,,,,,,,100.0,98.2,100.0,100.0
2017-02-17,,,,,,,,,,,,,100.0,98.2,100.0,100.0
2017-02-18,,,,,,,,,,,,,100.0,98.1,100.0,100.0
2017-02-19,,,,97.9,98.1,100.0,,,,,,,100.0,98.6,100.0,100.0
2017-02-20,100.0,99.9,94.4,,,,,,,,,,100.0,98.7,100.0,100.0
2017-02-21,100.0,99.8,96.8,,,,,,,,,,100.0,98.8,100.0,100.0
2017-02-22,,,,,,,,,,,,,100.0,98.5,100.0,100.0
2017-02-23,,,,,,,,,,,,,100.0,98.6,100.0,100.0
2017-02-24,,,,,,,,,,,,,100.0,98.4,100.0,100.0
2017-02-25,100.0,99.7,90.3,,,,,,,,,,100.0,98.8,100.0,100.0
2017-02-26,,,,98.5,98.7,100.0,,,,,,,100.0,98.9,100.0,100.0
2017-02-27,100.0,99.7,94.7,,,,,,,,,,100.0,98.9,100.0,100.0
2017-02-28,,,,,,,,,,,,,100.0,98.3,100.0,100.0
2017-03-01,,,,,,,,,,,,,100.0,98.6,100.0,100.0
2017-03-02,,,,,,,,,,,,,100.0,98.2,100.0,100.0
2017-03-03,,,,,,,,,,,,,100.0,98.3,100.0,100.0
2017-03-04,100.0,99.5,95.6,,,,,,,,,,100.0,98.3,100.0,100.0
2017-03-05,100.0,98.6,97.4,,,,,,,,,,100.0,98.4,100.0,100.0
2017-03-06,,,,,,,,,,,,,100.0,98.4,100.0,100.0
2017-03-07,,,,,,,,,,,,,100.0,98.5,100.0,100.0
2017-03-08,,,,,,,,,,,,,100.0,98.6,100.0,100.0
2017-03-09,100.0,98.3,90.3,,,,,,,,,,100.0,99.2,100.0,100.0
2017-03-10,100.0,97.8,95.9,,,,,,,,,,100.0,99.3,100.0,100.0
2017-03-11,100.0,97.2,95.9,98.8,98.8,100.0,,,,,,,100.0,99.5,100.0,100.0
2017-03-12,,,,,,,100.0,100.0,100.0,,,,100.0,99.5,100.0,100.0
2017-03-13,,,,,,,,,,,,,100.0,99.4,100.0,100.0
2017-03-14,,,,,,,,,,,,,100.0,99.4,100.0,100.0
2017-03-15,100.0,97.7,89.7,,,,,,,,,,100.0,99.4,100.0,100.0
2017-03-16,100.0,96.0,95.6,,,,,,,,,,100.0,99.2,100.0,100.0
2017-03-17,100.0,93.2,96.5,,,,,,,,,,100.0,99.2,100.0,100.0
2017-03-18,,,,,,,,,,,,,100.0,99.0,100.0,100.0
2017-03-19,,,,,,,,,,,,,100.0,99.1,100.0,100.0
2017-03-20,,,,,,,,,,,,,100.0,98.7,100.0,100.0
2017-03-21,99.7,89.6,93.8,99.7,99.2,100.0,,,,,,,100.0,98.9,100.0,100.0
2017-03-22,,,,,,,,,,,,,100.0,98.3,100.0,100.0
2017-03-23,99.7,89.4,97.4,,,,,,,,,,100.0,98.6,100.0,100.0
2017-03-24,,,,,,,,,,,,,100.0,98.3,100.0,100.0
2017-03-25,,,,,,,,,,,,,100.0,98.5,100.0,100.0
2017-03-26,,,,,,,,,,,,,100.0,98.4,100.0,100.0
2017-03-27,99.4,86.5,95.3,,,,,,,,,,100.0,98.7,100.0,100.0
2017-03-28,99.1,80.6,96.5,100.0,99.6,100.0,100.0,100.0,58.2,,,,100.0,98.7,100.0,100.0
2017-03-29,90.5,62.6,95.9,,,,,,,,,,100.0,98.5,100.0,100.0
2017-03-30,,,,,,,,,,,,,100.0,98.6,100.0,100.0
2017-03-31,,,,100.0,99.2,100.0,,,,,,,100.0,98.7,100.0,100.0
2017-04-01,,,,,,,,,,,,,100.0,98.2,100.0,100.0
2017-04-02,67.5,52.8,96.8,,,,,,,,,,100.0,98.2,100.0,100.0
2017-04-03,53.3,47.8,97.6,,,,,,,,,,100.0,98.2,100.0,100.0
2017-04-04,33.9,33.8,96.2,,,,,,,,,,100.0,98.1,100.0,100.0
2017-04-05,,,,,,,,,,,,,100.0,97.8,100.0,100.0
2017-04-06,,,,,,,,,,,,,100.0,97.7,100.0,100.0
2017-04-07,,,,100.0,99.8,100.0,,,,,,,100.0,98.1,100.0,100.0
2017-04-08,3.9,18.0,67.9,,,,,,,,,,100.0,97.6,100.0,100.0
2017-04-09,2.6,15.5,68.8,,,,,,,,,,100.0,97.4,100.0,100.0
2017-04-10,1.3,15.4,68.5,100.0,99.6,100.0,,,,,,,100.0,97.9,100.0,100.0
2017-04-11,,,,,,,,,,,,,100.0,97.6,100.0,100.0
2017-04-12,,,,,,,,,,,,,100.0,97.6,100.0,100.0
2017-04-13,,,,,,,100.0,99.8,100.0,,,,100.0,97.9,100.0,100.0
2017-04-14,0.0,4.4,67.9,,,,,,,,,,100.0,97.4,100.0,100.0
2017-04-15,0.0,4.1,68.2,,,,,,,,,,100.0,97.7,100.0,100.0
2017-04-16,0.0,2.9,68.8,,,,,,,,,,100.0,97.9,100.0,100.0
2017-04-17,,,,100.0,100.0,71.5,,,,,,,100.0,98.0,100.0,100.0
2017-04-18,,,,,,,,,,,,,100.0,97.8,100.0,100.0
2017-04-19,,,,,,,,,,,,,100.0,97.9,100.0,100.0
2017-04-20,0.0,3.2,67.4,100.0,99.8,100.0,,,,,,,100.0,98.4,100.0,100.0
2017-04-21,0.0,2.4,68.2,,,,,,,,,,100.0,97.8,100.0,100.0
2017-04-22,0.0,3.5,68.2,,,,,,,,,,100.0,97.2,100.0,100.0
2017-04-23,,,,,,,,,,,,,100.0,96.9,100.0,100.0
2017-04-24,,,,,,,,,,,,,100.0,96.7,100.0,100.0
2017-04-25,,,,,,,,,,,,,100.0,96.7,100.0,100.0
2017-04-26,0.0,4.3,68.5,,,,,,,,,,100.0,96.5,100.0,100.0
2017-04-27,0.4,5.1,68.8,,,,,,,,,,100.0,96.7,100.0,100.0
2017-04-28,0.0,3.3,68.8,,,,,,,,,,100.0,96.9,100.0,100.0
2017-04-29,,,,,,,100.0,99.4,100.0,,,,100.0,97.4,100.0,100.0
2017-04-30,,,,100.0,99.9,100.0,,,,,,,100.0,97.8,100.0,100.0
2017-05-01,,,,,,,,,,,,,100.0,97.7,100.0,100.0
2017-05-02,0.0,4.1,67.6,,,,,,,,,,100.0,97.5,100.0,100.0
2017-05-03,0.4,5.7,69.1,,,,,,,,,,100.0,97.5,100.0,100.0
2017-05-04,0.4,12.1,68.8,,,,,,,,,,100.0,97.6,100.0,100.0
2017-05-05,,,,100.0,99.8,100.0,,,,,,,100.0,98.2,100.0,100.0
2017-05-06,,,,,,,,,,,,,100.0,98.1,100.0,100.0
2017-05-07,,,,,,,,,,,,,100.0,98.0,100.0,100.0
2017-05-08,1.3,15.1,68.8,,,,,,,,,,100.0,98.3,100.0,100.0
2017-05-09,22.1,30.5,69.1,,,,,,,,,,100.0,98.3,100.0,100.0
2017-05-10,48.1,43.4,69.1,100.0,99.8,100.0,,,,,,,100.0,98.7,100.0,100.0
2017-05-11,,,,,,,,,,,,,100.0,98.1,100.0,100.0
2017-05-12,,,,,,,,,,,,,100.0,98.3,100.0,100.0
2017-05-13,,,,,,,,,,,,,100.0,98.1,100.0,100.0
2017-05-14,87.7,64.3,69.1,,,,,,,,,,100.0,98.1,100.0,100.0
2017-05-15,86.8,62.6,69.1,,,,,,,,,,100.0,97.4,100.0,100.0
2017-05-16,93.6,71.5,68.8,,,,,,,,,,100.0,97.7,100.0,100.0
2017-05-17,,,,100.0,98.8,100.0,,,,,,,100.0,97.6,100.0,100.0
2017-05-18,,,,,,,,,,,,,100.0,96.9,100.0,100.0
2017-05-19,,,,,,,,,,,,,100.0,95.9,100.0,100.0
2017-05-20,94.5,70.8,69.1,,,,,,,,,,100.0,96.2,100.0,100.0
2017-05-21,96.2,74.0,69.1,,,,,,,,,,100.0,95.3,100.0,100.0
2017-05-22,95.7,70.9,69.1,,,,,,,,,,100.0,94.1,100.0,100.0
2017-05-23,,,,,,,,,,,,,100.0,92.3,100.0,100.0
2017-05-24,,,,,,,,,,,,,100.0,90.9,100.0,100.0
2017-05-25,,,,,,,,,,,,,100.0,87.8,100.0,100.0
2017-05-26,91.7,65.8,67.6,,,,,,,,,,99.7,81.6,100.0,99.7
2017-05-27,71.1,53.4,69.1,98.2,77.9,100.0,,,,,,,90.3,74.3,100.0,90.3
2017-05-28,18.3,26.0,69.1,,,,,,,,,,49.7,60.6,100.0,49.7
2017-05-29,,,,,,,,,,,,,28.2,51.3,100.0,28.2
2017-05-30,,,,,,,,,,,,,13.8,42.0,100.0,13.8
2017-05-31,,,,,,,,,,,,,8.2,34.4,100.0,8.2
2017-06-01,10.0,20.5,67.9,,,,,,,,,,3.2,28.3,100.0,3.2
2017-06-02,2.6,13.9,68.2,,,,,,,,,,2.1,23.0,100.0,2.1
2017-06-03,0.9,9.2,69.1,,,,,,,,,,1.5,18.8,100.0,1.5
2017-06-04,,,,,,,,,,,,,0.3,15.5,100.0,0.3
2017-06-05,,,,,,,,,,,,,0.0,11.0,100.0,0.0
2017-06-06,,,,,,,,,,,,,0.0,10.3,100.0,0.0
2017-06-07,0.9,8.3,68.5,,,,,,,,,,0.0,9.2,100.0,0.0
2017-06-08,0.0,4.3,68.8,,,,,,,,,,0.0,8.8,100.0,0.0
2017-06-09,0.0,6.3,68.8,,,,,,,,,,0.0,8.7,100.0,0.0
2017-06-10,,,,,,,,,,,,,0.0,8.1,100.0,0.0
2017-06-11,,,,0.0,1.9,100.0,,,,,,,0.0,5.8,100.0,0.0
2017-06-12,,,,,,,,,,,,,0.0,4.7,100.0,0.0
2017-06-13,0.0,4.1,65.9,,,,,,,,,,0.0,4.2,100.0,0.0
2017-06-14,0.0,6.9,68.8,,,,,,,,,,0.0,4.0,100.0,0.0
2017-06-15,0.0,7.4,69.1,,,,,,,,,,0.0,3.3,100.0,0.0
2017-06-16,,,,0.0,0.1,100.0,,,,,,,0.0,3.2,100.0,0.0
2017-06-17,,,,,,,,,,,,,0.0,3.3,100.0,0.0
2017-06-18,,,,,,,,,,,,,0.0,2.9,100.0,0.0
2017-06-19,0.0,9.6,66.8,0.0,0.0,100.0,,,,,,,0.0,2.4,100.0,0.0
2017-06-20,0.0,9.9,68.8,,,,,,,,,,0.0,2.5,100.0,0.0
2017-06-21,,,,,,,,,,,,,0.0,2.1,100.0,0.0
2017-06-22,,,,,,,,,,,,,0.0,1.9,100.0,0.0
2017-06-23,,,,,,,,,,,,,0.0,1.8,100.0,0.0
2017-06-24,,,,,,,,,,,,,0.0,1.9,100.0,0.0
2017-06-25,,,,,,,,,,,,,0.0,1.8,100.0,0.0
2017-06-26,0.0,7.9,68.5,0.0,0.0,99.7,,,,,,,0.0,1.5,100.0,0.0
2017-06-27,0.0,11.8,69.1,,,,,,,,,,0.0,1.7,100.0,0.0
2017-06-28,,,,,,,,,,,,,0.0,1.8,100.0,0.0
2017-06-29,,,,,,,,,,,,,0.0,2.1,100.0,0.0
2017-06-30,,,,,,,,,,,,,0.0,2.0,100.0,0.0
2017-07-01,0.0,11.1,68.5,,,,,,,,,,0.0,2.4,100.0,0.0
2017-07-02,0.0,12.5,68.5,,,,,,,,,,0.0,2.3,100.0,0.0
2017-07-03,0.0,15.6,69.1,,,,,,,,,,0.0,2.2,100.0,0.0
2017-07-04,,,,0.0,0.0,100.0,,,,,,,0.0,2.0,100.0,0.0
2017-07-05,,,,,,,,,,,,,0.0,2.2,100.0,0.0
2017-07-06,,,,0.0,0.0,100.0,,,,,,,0.0,2.0,100.0,0.0
2017-07-07,,,,,,,,,,,,,0.0,2.0,100.0,0.0
2017-07-08,,,,,,,,,,,,,0.0,2.1,100.0,0.0
2017-07-09,0.9,17.9,69.1,,,,,,,,,,0.0,2.4,100.0,0.0
2017-07-10,,,,,,,,,,,,,0.0,2.3,100.0,0.0
2017-07-11,,,,0.0,0.0,100.0,,,,,,,0.0,1.8,100.0,0.0
2017-07-12,,,,,,,,,,,,,0.0,1.9,100.0,0.0
2017-07-13,13.0,27.5,67.6,,,,,,,,,,0.0,2.3,100.0,0.0
2017-07-14,12.0,27.4,68.5,,,,,,,,,,0.0,2.5,100.0,0.0
2017-07-15,0.0,11.9,68.8,,,,,,,,,,0.0,2.1,100.0,0.0
2017-07-16,,,,0.0,0.0,100.0,,,,,,,0.0,2.0,100.0,0.0
2017-07-17,,,,,,,,,,,,,0.0,1.9,100.0,0.0
2017-07-18,,,,,,,,,,,,,0.0,1.5,100.0,0.0
2017-07-19,0.0,8.6,65.6,0.0,0.0,100.0,,,,,,,0.0,0.9,100.0,0.0
2017-07-20,0.0,5.5,69.1,,,,,,,,,,0.0,1.0,100.0,0.0
2017-07-21,0.0,2.3,68.8,,,,,,,,,,0.0,0.9,100.0,0.0
2017-07-22,,,,,,,,,,,,,0.0,0.8,100.0,0.0
2017-07-23,,,,,,,,,,,,,0.0,0.8,100.0,0.0
2017-07-24,,,,,,,,,,,,,0.0,1.0,100.0,0.0
2017-07-25,0.0,1.7,67.1,,,,,,,,,,0.0,1.1,100.0,0.0
2017-07-26,0.0,1.3,68.2,,,,,,,,,,0.0,1.0,100.0,0.0
2017-07-27,0.9,2.3,69.1,,,,,,,,,,0.0,1.1,100.0,0.0
2017-07-28,,,,,,,,,,,,,0.0,1.4,100.0,0.0
2017-07-29,,,,,,,,,,,,,0.0,1.3,100.0,0.0
2017-07-30,,,,,,,,,,,,,0.0,1.4,100.0,0.0
2017-07-31,0.4,1.8,67.4,,,,,,,,,,0.0,1.1,100.0,0.0
2017-08-01,0.9,2.7,69.1,,,,,,,,,,0.0,1.4,100.0,0.0
2017-08-02,,,,,,,,,,,,,0.0,1.2,100.0,0.0
2017-08-03,,,,,,,,,,,,,0.0,1.6,100.0,0.0
2017-08-04,,,,,,,,,,,,,0.0,1.2,100.0,0.0
2017-08-05,,,,,,,,,,,,,0.0,1.4,100.0,0.0
2017-08-06,0.4,5.2,67.1,,,,,,,,,,0.0,1.2,100.0,0.0
2017-08-07,3.0,10.9,68.8,,,,,,,,,,0.0,1.3,100.0,0.0
2017-08-08,14.2,18.4,68.5,,,,,,,,,,0.0,1.1,100.0,0.0
2017-08-09,,,,,,,,,,,,,0.0,1.3,100.0,0.0
2017-08-10,,,,,,,,,,,,,0.0,1.5,100.0,0.0
2017-08-11,,,,,,,,,,,,,0.0,1.9,100.0,0.0
2017-08-12,7.5,17.3,67.1,,,,,,,,,,0.0,2.2,100.0,0.0
2017-08-13,0.0,6.9,40.3,0.0,0.0,85.9,,,,,,,0.0,2.4,100.0,0.0
2017-08-14,0.0,8.1,40.6,,,,,,,,,,0.0,2.7,100.0,0.0
2017-08-15,,,,0.0,0.0,100.0,,,,,,,0.0,2.3,100.0,0.0
2017-08-16,,,,,,,,,,,,,0.0,2.6,100.0,0.0
2017-08-17,,,,,,,,,,,,,0.0,2.8,100.0,0.0
2017-08-18,0.0,11.8,39.7,0.0,0.0,75.9,,,,,,,0.0,2.7,100.0,0.0
2017-08-19,4.3,21.4,40.6,,,,,,,,,,0.0,2.6,100.0,0.0
2017-08-20,16.1,26.7,40.3,0.0,0.1,100.0,,,,,,,0.0,2.7,100.0,0.0
2017-08-21,,,,,,,,,,,,,0.0,2.9,100.0,0.0
2017-08-22,,,,,,,,,,,,,0.0,2.9,100.0,0.0
2017-08-23,,,,0.0,0.0,100.0,,,,,,,0.0,2.2,100.0,0.0
2017-08-24,16.8,28.2,40.3,,,,,,,,,,0.0,2.1,100.0,0.0
2017-08-25,2.2,18.2,40.6,0.0,0.0,100.0,,,,,,,0.0,1.7,100.0,0.0
2017-08-26,32.6,34.5,40.6,,,,,,,,,,0.0,2.0,100.0,0.0
2017-08-27,,,,,,,,,,,,,0.0,1.7,100.0,0.0
2017-08-28,,,,,,,,,,,,,0.0,1.6,100.0,0.0
2017-08-29,,,,,,,,,,,,,0.0,1.4,100.0,0.0
2017-08-30,31.9,34.6,39.7,,,,,,,,,,0.0,2.1,100.0,0.0
2017-08-31,13.3,27.2,39.7,,,,,,,,,,0.0,1.9,100.0,0.0
2017-09-01,10.2,23.0,40.3,,,,,,,,,,0.0,2.3,100.0,0.0
2017-09-02,,,,,,,,,,,,,0.0,2.8,100.0,0.0
2017-09-03,,,,,,,,,,,,,0.0,4.1,100.0,0.0
2017-09-04,,,,,,,,,,,,,0.0,4.1,100.0,0.0
2017-09-05,3.7,16.3,40.0,,,,,,,,,,0.0,4.0,100.0,0.0
2017-09-06,4.3,15.4,40.6,,,,,,,,,,0.0,4.3,100.0,0.0
2017-09-07,0.7,11.5,40.6,,,,,,,,,,0.0,5.2,100.0,0.0
2017-09-08,,,,,,,,,,,,,0.0,5.5,100.0,0.0
2017-09-09,,,,,,,,,,,,,0.0,5.1,100.0,0.0
2017-09-10,,,,,,,,,,,,,0.0,5.5,100.0,0.0
2017-09-11,0.0,8.7,40.0,,,,,,,,,,0.0,6.0,100.0,0.0
2017-09-12,0.0,6.5,39.4,,,,,,,,,,0.0,6.2,100.0,0.0
2017-09-13,0.0,6.2,40.6,,,,,,,,,,0.0,6.0,100.0,0.0
2017-09-14,,,,,,,,,,,,,0.0,5.9,100.0,0.0
2017-09-15,,,,,,,,,,,,,0.0,6.9,100.0,0.0
2017-09-16,,,,,,,,,,,,,0.0,5.4,100.0,0.0
2017-09-17,0.0,4.6,40.0,,,,,,,,,,0.0,5.0,100.0,0.0
2017-09-18,0.0,5.5,40.6,,,,,,,,,,0.0,4.4,100.0,0.0
2017-09-19,0.0,5.1,40.6,,,,,,,,,,0.0,5.0,100.0,0.0
2017-09-20,,,,,,,,,,,,,0.0,4.7,100.0,0.0
2017-09-21,,,,,,,,,,,,,0.0,4.8,100.0,0.0
2017-09-22,,,,0.0,0.0,100.0,,,,,,,0.0,4.2,100.0,0.0
2017-09-23,0.0,12.1,40.3,,,,,,,,,,0.0,4.6,100.0,0.0
2017-09-24,0.0,9.7,40.6,0.0,0.0,100.0,,,,,,,0.0,4.1,100.0,0.0
2017-09-25,0.0,8.7,40.3,,,,,,,,,,0.0,4.3,100.0,0.0
2017-09-26,,,,,,,,,,,,,0.0,4.0,100.0,0.0
2017-09-27,,,,0.0,0.0,55.6,,,,,,,0.0,4.3,100.0,0.0
2017-09-28,,,,,,,,,,,,,0.0,4.4,100.0,0.0
2017-09-29,0.0,8.9,39.4,0.0,0.0,41.8,,,,,,,0.0,4.2,100.0,0.0
2017-09-30,0.0,9.7,40.6,,,,,,,,,,0.0,4.0,100.0,0.0
2017-10-01,0.0,6.0,40.3,,,,,,,,,,0.0,4.7,100.0,0.0
2017-10-02,,,,,,,,,,,,,0.0,5.2,100.0,0.0
2017-10-03,,,,,,,,,,,,,0.0,5.2,100.0,0.0
2017-10-04,,,,0.0,0.0,100.0,,,,,,,0.0,4.8,100.0,0.0
2017-10-05,0.0,5.8,40.0,,,,,,,,,,0.0,5.6,100.0,0.0
2017-10-06,0.0,6.0,40.6,,,,,,,,,,0.0,6.4,100.0,0.0
2017-10-07,0.0,15.7,40.6,0.0,0.1,100.0,,,,,,,0.0,6.5,100.0,0.0
2017-10-08,,,,,,,,,,,,,0.0,6.7,100.0,0.0
2017-10-09,,,,0.0,0.1,71.5,,,,,,,0.0,6.2,100.0,0.0
2017-10-10,,,,,,,,,,,,,0.0,6.5,100.0,0.0
2017-10-11,1.5,22.0,40.0,,,,,,,,,,0.0,6.5,100.0,0.0
2017-10-12,4.3,24.7,40.6,0.0,0.1,100.0,,,,,,,0.0,6.3,100.0,0.0
2017-10-13,4.3,21.6,40.6,,,,,,,,,,0.0,6.0,100.0,0.0
2017-10-14,,,,0.0,0.0,100.0,0.0,0.0,35.3,,,,0.0,6.0,100.0,0.0
2017-10-15,,,,,,,,,,,,,0.0,6.4,100.0,0.0
2017-10-16,,,,,,,,,,,,,0.0,7.3,100.0,0.0
2017-10-17,24.8,32.1,40.3,0.0,0.1,100.0,,,,,,,0.0,6.9,100.0,0.0
2017-10-18,26.3,30.9,40.3,,,,,,,,,,0.0,8.9,100.0,0.0
2017-10-19,28.5,31.0,40.3,0.0,0.2,90.3,,,,,,,0.0,9.6,100.0,0.0
2017-10-20,,,,,,,,,,,,,0.0,13.5,100.0,0.0
2017-10-21,,,,,,,,,,,,,0.0,14.5,100.0,0.0
2017-10-22,,,,,,,,,,,,,0.0,20.1,100.0,0.0
2017-10-23,27.0,31.7,40.3,,,,,,,,,,1.5,23.5,100.0,1.5
2017-10-24,81.9,59.3,40.6,32.4,30.8,100.0,,,,,,,23.8,31.9,100.0,23.8
2017-10-25,97.1,77.5,40.6,,,,,,,,,,17.4,29.4,100.0,17.4
2017-10-26,,,,,,,,,,,,,28.2,34.0,100.0,28.2
2017-10-27,,,,,,,,,,,,,34.1,37.1,100.0,34.1
2017-10-28,,,,,,,,,,,,,40.6,44.8,100.0,40.6
2017-10-29,100.0,88.8,40.6,,,,,,,,,,40.6,45.0,100.0,40.6
2017-10-30,100.0,89.7,40.3,,,,,,,,,,41.8,53.5,100.0,41.8
2017-10-31,100.0,94.2,40.6,,,,,,,,,,42.1,52.4,100.0,42.1
2017-11-01,,,,81.5,74.0,100.0,,,,,,,50.0,61.1,100.0,50.0
2017-11-02,,,,,,,,,,,,,44.4,57.9,100.0,44.4
2017-11-03,,,,100.0,93.3,100.0,,,,,,,54.7,63.5,100.0,54.7
2017-11-04,100.0,96.7,39.7,,,,,,,,,,45.9,60.1,100.0,45.9
2017-11-05,100.0,97.5,40.6,,,,,,,,,,55.3,63.9,100.0,55.3
2017-11-06,100.0,96.2,40.6,,,,,,,,,,48.5,62.7,100.0,48.5
2017-11-07,,,,,,,100.0,93.7,100.0,,,,66.5,68.7,100.0,66.5
2017-11-08,,,,,,,,,,,,,61.8,67.9,100.0,61.8
2017-11-09,,,,,,,,,,,,,68.5,71.4,100.0,68.5
2017-11-10,100.0,96.7,39.7,,,,,,,,,,70.9,75.2,100.0,70.9
2017-11-11,100.0,96.1,40.3,,,,,,,,,,72.6,76.7,100.0,72.6
2017-11-12,100.0,96.3,40.6,,,,,,,,,,87.6,79.3,100.0,87.6
2017-11-13,,,,,,,,,,,,,92.6,80.6,100.0,92.6
2017-11-14,,,,,,,,,,,,,94.4,83.8,100.0,94.4
2017-11-15,,,,,,,,,,,,,94.1,82.8,100.0,94.1
2017-11-16,100.0,95.0,40.3,99.1,98.1,100.0,,,,,,,95.0,86.1,100.0,95.0
2017-11-17,100.0,93.5,40.6,,,,,,,,,,94.7,84.7,100.0,94.7
2017-11-18,100.0,92.4,40.6,97.1,96.3,100.0,,,,,,,95.6,86.2,100.0,95.6
2017-11-19,,,,,,,,,,,,,94.4,83.2,100.0,94.4
2017-11-20,,,,,,,,,,,,,94.1,83.2,100.0,94.1
2017-11-21,,,,,,,,,,,,,94.1,81.9,100.0,94.1
2017-11-22,100.0,92.5,39.7,,,,,,,,,,95.0,82.6,100.0,95.0
2017-11-23,100.0,89.6,40.0,,,,,,,,,,95.3,82.2,100.0,95.3
2017-11-24,100.0,89.5,40.6,,,,,,,,,,95.3,84.1,100.0,95.3
2017-11-25,,,,,,,,,,,,,95.9,84.6,100.0,95.9
2017-11-26,,,,,,,,,,,,,95.9,86.6,100.0,95.9
2017-11-27,,,,,,,,,,,,,96.2,89.0,100.0,96.2
2017-11-28,100.0,89.0,40.3,97.1,97.7,100.0,,,,,,,96.5,91.8,100.0,96.5
2017-11-29,100.0,86.5,40.0,,,,,,,,,,96.5,91.2,100.0,96.5
2017-11-30,100.0,86.8,40.6,,,,,,,,,,96.8,91.8,100.0,96.8
2017-12-01,,,,97.2,97.0,74.4,,,,,,,96.8,93.1,100.0,96.8
2017-12-02,,,,,,,,,,,,,97.4,93.8,100.0,97.4
2017-12-03,,,,97.1,97.1,100.0,,,,,,,97.4,94.2,100.0,97.4
2017-12-04,100.0,86.4,40.0,,,,,,,,,,97.6,94.2,100.0,97.6
2017-12-05,100.0,84.7,40.3,,,,,,,,,,97.1,94.0,100.0,97.1
2017-12-06,100.0,83.4,40.6,97.1,97.2,100.0,,,,,,,97.4,95.2,100.0,97.4
2017-12-07,,,,,,,,,,,,,96.8,93.3,100.0,96.8
2017-12-08,,,,,,,,,,,,,97.1,93.7,100.0,97.1
2017-12-09,,,,,,,,,,,,,96.8,93.0,100.0,96.8
2017-12-10,100.0,86.2,39.7,,,,,,,,,,96.8,93.8,100.0,96.8
2017-12-11,99.3,83.1,39.7,,,,,,,,,,96.8,94.0,100.0,96.8
2017-12-12,99.4,71.8,96.5,,,,,,,,,,96.8,94.6,100.0,96.8
2017-12-13,,,,97.1,97.4,100.0,,,,,,,96.5,94.4,100.0,96.5
2017-12-14,,,,,,,,,,,,,96.8,94.4,100.0,96.8
2017-12-15,,,,,,,,,,,,,96.8,94.0,100.0,96.8
2017-12-16,99.7,80.8,90.6,,,,,,,,,,97.1,94.8,100.0,97.1
2017-12-17,100.0,83.5,96.2,,,,,,,,,,97.4,94.8,100.0,97.4
2017-12-18,99.7,82.0,95.9,,,,,,,,,,97.4,94.9,100.0,97.4
2017-12-19,,,,,,,,,,,,,97.6,95.9,100.0,97.6
2017-12-20,,,,,,,,,,,,,97.6,96.1,100.0,97.6
2017-12-21,,,,97.1,97.4,100.0,,,,,,,98.5,96.7,100.0,98.5
2017-12-22,100.0,84.6,90.3,,,,,,,,,,98.5,96.6,100.0,98.5
2017-12-23,100.0,85.3,95.3,96.8,96.9,100.0,,,,,,,98.8,97.0,100.0,98.8
2017-12-24,99.1,79.3,95.6,,,,,,,,,,98.8,96.4,100.0,98.8
2017-12-25,,,,,,,100.0,99.8,100.0,,,,98.8,96.5,100.0,98.8
2017-12-26,,,,,,,,,,,,,98.5,96.2,100.0,98.5
2017-12-27,,,,,,,,,,,,,98.5,96.2,100.0,98.5
2017-12-28,99.0,76.6,90.0,,,,,,,,,,98.8,96.5,100.0,98.8
2017-12-29,97.6,71.3,96.2,,,,,,,,,,98.5,96.1,100.0,98.5
2017-12-30,99.4,73.6,94.7,,,,,,,,,,98.5,96.0,100.0,98.5
2017-12-31,,,,97.1,97.0,100.0,,,,,,,97.6,95.8,100.0,97.6
2018-01-01,,,,,,,,,,,,,97.3,95.3,100.0,97.3
2018-01-02,,,,,,,,,,,,,97.0,94.3,100.0,97.0
2018-01-03,97.5,71.0,93.5,,,,,,,,,,97.0,94.2,100.0,97.0
2018-01-04,98.8,73.3,95.8,,,,,,,,,,97.0,93.2,100.0,97.0
2018-01-05,100.0,85.3,94.7,,,,,,,,,,96.7,93.5,100.0,96.7
2018-01-06,,,,,,,,,,,,,96.1,92.5,100.0,96.1
2018-01-07,,,,,,,,,,,,,96.1,92.8,100.0,96.1
2018-01-08,,,,,,,,,,,,,96.1,93.0,100.0,96.1
2018-01-09,100.0,89.2,91.7,,,,,,,,,,96.1,93.2,100.0,96.1
2018-01-10,100.0,92.4,97.3,,,,,,,,,,96.1,92.9,100.0,96.1
2018-01-11,100.0,94.2,97.6,,,,,,,,,,96.1,93.1,100.0,96.1
2018-01-12,,,,97.0,97.3,100.0,,,,,,,96.1,94.0,100.0,96.1
2018-01-13,,,,,,,,,,,,,96.1,93.3,100.0,96.1
2018-01-14,,,,,,,,,,,,,96.4,94.4,100.0,96.4
2018-01-15,100.0,96.6,92.9,96.7,96.8,100.0,,,,,,,96.7,94.9,100.0,96.7
2018-01-16,100.0,97.6,94.4,,,,,,,,,,97.6,94.9,100.0,97.6
2018-01-17,100.0,97.0,98.5,,,,,,,,,,97.3,94.1,100.0,97.3
2018-01-18,,,,,,,,,,,,,97.6,94.3,100.0,97.6
2018-01-19,,,,,,,,,,,,,97.6,94.2,100.0,97.6
2018-01-20,,,,,,,,,,,,,97.6,94.5,100.0,97.6
2018-01-21,100.0,98.1,91.1,,,,,,,,,,97.6,94.4,100.0,97.6
2018-01-22,100.0,97.5,95.3,,,,,,,,,,96.7,94.8,100.0,96.7
2018-01-23,100.0,97.8,97.9,,,,,,,,,,97.3,95.3,100.0,97.3
2018-01-24,,,,,,,,,,,,,96.4,94.7,100.0,96.4
2018-01-25,,,,,,,,,,,,,96.7,95.1,100.0,96.7
2018-01-26,,,,,,,,,,,,,96.4,95.1,100.0,96.4
2018-01-27,100.0,97.9,89.6,97.0,97.3,100.0,,,,,,,97.0,96.4,100.0,97.0
2018-01-28,100.0,97.8,96.7,,,,,,,,,,97.0,95.6,100.0,97.0
2018-01-29,100.0,97.8,98.5,,,,,,,,,,97.0,96.0,100.0,97.0
2018-01-30,,,,97.0,96.9,100.0,,,,,,,97.0,96.0,100.0,97.0
2018-01-31,,,,,,,,,,,,,97.0,96.5,100.0,97.0
2018-02-01,,,,,,,,,,,,,97.3,96.3,100.0,97.3
2018-02-02,100.0,98.6,89.6,,,,,,,,,,97.6,97.0,100.0,97.6
2018-02-03,100.0,98.3,95.8,,,,,,,,,,99.1,97.2,100.0,99.1
2018-02-04,100.0,98.6,97.3,97.0,97.9,100.0,,,,,,,99.1,97.8,100.0,99.1
2018-02-05,,,,,,,,,,,,,99.4,97.5,100.0,99.4
2018-02-06,,,,97.0,97.2,100.0,,,,,,,99.1,97.8,100.0,99.1
2018-02-07,,,,,,,,,,,,,100.0,97.6,100.0,100.0
2018-02-08,100.0,98.6,89.3,,,,,,,,,,99.4,97.8,100.0,99.4
2018-02-09,100.0,98.7,96.4,97.3,97.4,100.0,,,,,,,100.0,98.0,100.0,100.0
2018-02-10,100.0,98.8,97.0,,,,,,,,,,99.7,97.9,100.0,99.7
2018-02-11,,,,,,,,,,,,,100.0,97.7,100.0,100.0
2018-02-12,,,,,,,,,,,,,100.0,97.7,100.0,100.0
2018-02-13,,,,,,,,,,,,,100.0,98.2,100.0,100.0
2018-02-14,100.0,99.0,89.9,97.0,97.5,100.0,,,,,,,100.0,98.5,100.0,100.0
2018-02-15,100.0,98.8,95.5,,,,,,,,,,100.0,98.3,100.0,100.0
2018-02-16,100.0,99.0,96.4,,,,,,,,,,100.0,98.2,100.0,100.0
2018-02-17,,,,,,,,,,,,,100.0,98.0,100.0,100.0
2018-02-18,,,,,,,,,,,,,100.0,97.9,100.0,100.0
2018-02-19,,,,98.5,97.3,100.0,,,,,,,100.0,98.2,100.0,100.0
2018-02-20,100.0,99.2,90.5,,,,,,,,,,100.0,98.2,100.0,100.0
2018-02-21,100.0,99.2,95.3,99.7,98.9,100.0,,,,,,,100.0,98.7,100.0,100.0
2018-02-22,100.0,99.3,97.0,,,,,,,,,,100.0,98.6,100.0,100.0
2018-02-23,,,,,,,,,,,,,100.0,98.5,100.0,100.0
2018-02-24,,,,98.5,97.0,100.0,,,,,,,100.0,98.8,100.0,100.0
2018-02-25,,,,,,,,,,,,,100.0,98.8,100.0,100.0
2018-02-26,100.0,99.5,90.5,99.7,99.1,100.0,,,,,,,100.0,99.1,100.0,100.0
2018-02-27,100.0,99.4,95.8,,,,100.0,100.0,62.6,,,,100.0,99.0,100.0,100.0
2018-02-28,100.0,99.5,97.3,,,,,,,,,,100.0,99.1,100.0,100.0
2018-03-01,,,,,,,,,,,,,100.0,98.9,100.0,100.0
2018-03-02,,,,,,,,,,,,,100.0,98.8,100.0,100.0
2018-03-03,,,,,,,,,,,,,100.0,98.6,100.0,100.0
2018-03-04,100.0,99.7,90.8,,,,,,,,,,100.0,98.8,100.0,100.0
2018-03-05,100.0,99.7,96.4,,,,,,,,,,100.0,98.5,100.0,100.0
2018-03-06,100.0,99.4,97.9,,,,,,,,,,100.0,98.5,100.0,100.0
2018-03-07,,,,,,,,,,,,,100.0,97.7,100.0,100.0
2018-03-08,,,,99.7,98.9,100.0,,,,,,,100.0,98.0,100.0,100.0
2018-03-09,,,,,,,,,,,,,100.0,96.6,100.0,100.0
2018-03-10,100.0,99.7,89.9,,,,,,,,,,100.0,97.1,100.0,100.0
2018-03-11,100.0,99.6,95.3,,,,,,,,,,99.7,95.6,100.0,99.7
2018-03-12,100.0,99.6,97.3,,,,,,,,,,100.0,96.5,100.0,100.0
2018-03-13,,,,,,,,,,,,,99.7,94.0,100.0,99.7
2018-03-14,,,,,,,,,,,,,100.0,96.1,100.0,100.0
2018-03-15,,,,,,,,,,,,,99.7,92.6,100.0,99.7
2018-03-16,,,,,,,,,,,,,100.0,94.1,100.0,100.0
2018-03-17,100.0,99.6,95.8,,,,,,,,,,99.1,92.1,100.0,99.1
2018-03-18,100.0,99.5,97.6,,,,,,,,,,100.0,95.6,100.0,100.0
2018-03-19,,,,,,,,,,,,,99.4,93.8,100.0,99.4
2018-03-20,,,,,,,,,,,,,100.0,95.7,100.0,100.0
2018-03-21,,,,,,,,,,,,,99.7,95.0,100.0,99.7
2018-03-22,100.0,99.7,90.2,,,,,,,,,,100.0,96.9,100.0,100.0
2018-03-23,100.0,99.7,95.5,97.9,98.1,100.0,,,,,,,100.0,96.6,100.0,100.0
2018-03-24,100.0,99.3,97.9,,,,,,,,,,100.0,96.9,100.0,100.0
2018-03-25,,,,,,,,,,,,,99.7,95.7,100.0,99.7
2018-03-26,,,,,,,,,,,,,100.0,96.3,100.0,100.0
2018-03-27,,,,,,,,,,,,,98.5,95.3,100.0,98.5
2018-03-28,100.0,99.5,89.0,,,,,,,,,,99.7,96.4,100.0,99.7
2018-03-29,100.0,99.1,96.1,,,,,,,,,,98.2,95.8,100.0,98.2
2018-03-30,100.0,98.2,96.7,,,,,,,,,,98.2,96.1,100.0,98.2
2018-03-31,,,,,,,,,,,,,97.3,94.9,100.0,97.3
2018-04-01,,,,,,,,,,,,,97.3,95.3,100.0,97.3
2018-04-02,,,,99.7,98.9,100.0,,,,,,,97.0,95.4,100.0,97.0
2018-04-03,100.0,97.4,89.6,,,,,,,,,,97.0,95.6,100.0,97.0
2018-04-04,100.0,93.1,95.3,,,,,,,,,,97.0,94.7,100.0,97.0
2018-04-05,100.0,86.7,97.0,95.3,95.5,81.3,,,,,,,97.0,95.3,100.0,97.0
2018-04-06,,,,,,,,,,,,,97.0,94.1,100.0,97.0
2018-04-07,,,,99.1,98.6,100.0,,,,,,,97.0,94.9,100.0,97.0
2018-04-08,,,,,,,,,,,,,96.1,93.4,100.0,96.1
2018-04-09,93.0,71.8,93.8,,,,,,,,,,96.1,94.0,100.0,96.1
2018-04-10,76.4,58.2,98.2,,,,,,,,,,96.1,93.0,100.0,96.1
2018-04-11,37.2,36.9,98.8,,,,,,,,,,96.1,93.6,100.0,96.1
2018-04-12,,,,98.8,98.3,100.0,,,,,,,95.8,92.9,100.0,95.8
2018-04-13,,,,,,,,,,,,,96.1,92.7,100.0,96.1
2018-04-14,,,,,,,,,,,,,95.8,91.4,100.0,95.8
2018-04-15,7.7,16.5,92.9,99.6,98.9,67.7,,,,,,,96.1,92.5,100.0,96.1
2018-04-16,10.1,15.6,97.3,,,,,,,,,,95.8,91.2,100.0,95.8
2018-04-17,11.9,18.4,97.6,99.1,98.5,100.0,,,,,,,96.1,92.5,100.0,96.1
2018-04-18,,,,,,,,,,,,,95.8,91.0,100.0,95.8
2018-04-19,,,,,,,,,,,,,96.7,91.5,100.0,96.7
2018-04-20,,,,98.5,98.0,100.0,,,,,,,97.0,92.2,100.0,97.0
2018-04-21,13.3,18.2,95.8,,,,,,,,,,97.0,92.0,100.0,97.0
2018-04-22,14.4,20.3,97.0,98.8,98.2,100.0,,,,,,,97.6,92.5,100.0,97.6
2018-04-23,35.6,35.9,99.1,,,,,,,,,,97.9,91.9,100.0,97.9
2018-04-24,,,,,,,,,,,,,99.1,92.3,100.0,99.1
2018-04-25,,,,99.4,99.0,100.0,,,,,,,99.1,93.8,100.0,99.1
2018-04-26,,,,,,,,,,,,,99.4,93.0,100.0,99.4
2018-04-27,45.6,40.3,97.6,100.0,98.5,93.8,,,,,,,99.4,93.4,100.0,99.4
2018-04-28,62.3,52.6,97.6,,,,,,,,,,99.7,93.0,100.0,99.7
2018-04-29,65.3,53.2,97.6,,,,,,,,,,99.4,92.3,100.0,99.4
2018-04-30,,,,,,,,,,,,,100.0,92.1,100.0,100.0
2018-05-01,,,,,,,,,,,,,99.4,91.9,100.0,99.4
2018-05-02,,,,,,,,,,,,,99.7,92.0,100.0,99.7
2018-05-03,83.8,70.0,97.0,,,,,,,,,,99.7,93.4,100.0,99.7
2018-05-04,81.8,67.0,97.6,,,,,,,,,,99.7,94.3,100.0,99.7
2018-05-05,86.9,74.1,97.6,100.0,99.8,100.0,,,,,,,99.7,95.2,100.0,99.7
2018-05-06,,,,,,,,,,,,,99.7,92.7,100.0,99.7
2018-05-07,,,,100.0,95.9,94.4,,,,,,,99.7,93.5,100.0,99.7
2018-05-08,,,,,,,,,,,,,99.7,91.0,100.0,99.7
2018-05-09,79.9,67.5,96.1,,,,,,,,,,99.4,92.0,100.0,99.4
2018-05-10,83.8,70.5,97.3,,,,,,,,,,98.5,89.7,100.0,98.5
2018-05-11,79.1,64.8,96.4,,,,,,,,,,99.1,90.5,100.0,99.1
2018-05-12,,,,,,,,,,,,,97.9,90.6,100.0,97.9
2018-05-13,,,,,,,,,,,,,97.9,91.7,100.0,97.9
2018-05-14,,,,,,,,,,,,,97.3,90.9,100.0,97.3
2018-05-15,75.9,58.2,94.7,,,,,,,,,,97.9,92.6,100.0,97.9
2018-05-16,69.0,54.2,97.6,,,,,,,,,,97.9,93.1,100.0,97.9
2018-05-17,56.7,47.3,97.9,100.0,99.8,83.7,,,,,,,99.4,94.2,100.0,99.4
2018-05-18,,,,,,,100.0,99.2,100.0,,,,100.0,94.4,100.0,100.0
2018-05-19,,,,,,,,,,,,,100.0,93.8,100.0,100.0
2018-05-20,,,,,,,,,,,,,100.0,94.5,100.0,100.0
2018-05-21,44.2,40.8,94.1,,,,,,,,,,100.0,94.7,100.0,100.0
2018-05-22,24.3,29.8,97.6,,,,,,,,,,100.0,93.1,100.0,100.0
2018-05-23,16.9,23.1,98.2,,,,,,,,,,100.0,91.1,100.0,100.0
2018-05-24,,,,,,,,,,,,,100.0,88.9,100.0,100.0
2018-05-25,,,,100.0,95.9,100.0,,,,,,,100.0,86.3,100.0,100.0
2018-05-26,,,,,,,,,,,,,83.7,73.3,100.0,83.7
2018-05-27,6.6,15.9,93.8,,,,,,,,,,38.9,55.1,100.0,38.9
2018-05-28,8.3,15.8,97.0,,,,,,,,,,25.5,47.4,100.0,25.5
2018-05-29,4.9,11.6,96.7,,,,,,,,,,21.1,41.4,100.0,21.1
2018-05-30,,,,,,,,,,,,,15.4,35.0,100.0,15.4
2018-05-31,,,,,,,,,,,,,12.8,28.0,100.0,12.8
2018-06-01,,,,,,,,,,,,,8.9,24.9,100.0,8.9
2018-06-02,1.0,7.2,92.3,,,,,,,,,,4.7,20.7,100.0,4.7
2018-06-03,3.0,8.9,97.3,,,,,,,,,,3.6,17.5,100.0,3.6
2018-06-04,3.1,7.9,97.0,,,,,,,,,,4.2,19.6,100.0,4.2
2018-06-05,,,,,,,,,,,,,3.6,18.7,100.0,3.6
2018-06-06,,,,87.0,76.5,93.5,,,,,,,3.6,19.0,100.0,3.6
2018-06-07,,,,,,,,,,,,,1.8,17.1,100.0,1.8
2018-06-08,0.6,4.6,92.0,,,,,,,,,,1.2,15.9,100.0,1.2
2018-06-09,2.1,4.7,97.0,,,,,,,,,,0.3,13.9,100.0,0.3
2018-06-10,,,,,,,,,,,,,0.3,11.1,100.0,0.3
2018-06-11,,,,,,,,,,,,,0.3,9.4,100.0,0.3
2018-06-12,,,,,,,,,,,,,0.3,8.7,100.0,0.3
2018-06-13,,,,,,,,,,,,,0.3,7.8,100.0,0.3
2018-06-14,0.3,3.2,93.8,0.0,5.2,100.0,,,,,,,0.3,7.3,100.0,0.3
2018-06-15,1.8,4.1,97.3,,,,,,,,,,0.3,6.5,100.0,0.3
2018-06-16,2.7,5.0,98.2,0.0,0.4,100.0,,,,,,,0.3,5.4,100.0,0.3
2018-06-17,,,,,,,,,,,,,0.0,5.9,100.0,0.0
2018-06-18,,,,,,,,,,,,,0.0,5.5,100.0,0.0
2018-06-19,,,,0.0,0.1,100.0,0.0,0.9,51.0,,,,0.0,4.9,100.0,0.0
2018-06-20,0.6,3.2,91.7,,,,,,,,,,0.0,3.9,100.0,0.0
2018-06-21,2.4,7.6,97.0,0.0,0.1,60.2,,,,,,,0.0,3.6,100.0,0.0
2018-06-22,4.3,8.4,97.6,,,,,,,,,,0.0,3.7,100.0,0.0
2018-06-23,,,,,,,,,,,,,0.0,3.8,100.0,0.0
2018-06-24,,,,0.0,0.0,99.1,,,,,,,0.0,3.0,100.0,0.0
2018-06-25,,,,,,,,,,,,,0.0,2.7,100.0,0.0
2018-06-26,2.6,6.0,90.2,0.0,0.0,100.0,,,,,,,0.0,2.2,100.0,0.0
2018-06-27,4.0,7.3,97.6,,,,,,,,,,0.0,2.5,100.0,0.0
2018-06-28,9.8,11.9,99.7,,,,,,,,,,0.0,2.4,100.0,0.0
2018-06-29,,,,0.0,0.0,100.0,,,,,,,0.0,2.1,100.0,0.0
2018-06-30,,,,,,,,,,,,,0.0,1.7,100.0,0.0
2018-07-01,,,,0.0,0.0,100.0,,,,,,,0.0,1.4,100.0,0.0
2018-07-02,7.6,10.3,90.2,,,,,,,,,,0.0,1.5,100.0,0.0
2018-07-03,9.4,11.0,97.9,,,,,,,,,,0.0,1.3,100.0,0.0
2018-07-04,8.7,11.1,98.5,,,,,,,,,,0.0,1.3,100.0,0.0
2018-07-05,,,,,,,,,,,,,0.0,1.5,100.0,0.0
2018-07-06,,,,,,,,,,,,,0.0,2.0,100.0,0.0
2018-07-07,,,,,,,,,,,,,0.0,2.2,100.0,0.0
2018-07-08,6.2,9.4,91.1,,,,,,,,,,0.0,2.2,100.0,0.0
2018-07-09,7.9,10.1,97.6,0.0,0.0,99.1,,,,,,,0.0,2.3,100.0,0.0
2018-07-10,8.1,10.8,99.1,,,,,,,,,,0.0,2.6,100.0,0.0
2018-07-11,,,,0.0,0.0,100.0,,,,,,,0.0,2.1,100.0,0.0
2018-07-12,,,,,,,,,,,,,0.0,1.8,100.0,0.0
2018-07-13,,,,,,,,,,,,,0.0,1.7,100.0,0.0
2018-07-14,0.3,4.1,90.2,0.0,0.0,49.9,,,,,,,0.0,1.6,100.0,0.0
2018-07-15,3.4,6.3,97.3,,,,,,,,,,0.0,1.3,100.0,0.0
2018-07-16,3.0,5.8,97.9,0.0,0.0,100.0,,,,,,,0.0,1.1,100.0,0.0
2018-07-17,,,,,,,,,,,,,0.0,1.2,100.0,0.0
2018-07-18,,,,,,,,,,,,,0.0,1.1,100.0,0.0
2018-07-19,,,,0.0,0.0,33.2,,,,,,,0.0,1.0,100.0,0.0
2018-07-20,0.7,4.5,89.9,,,,,,,,,,0.0,0.8,100.0,0.0
2018-07-21,1.2,5.2,97.6,,,,,,,,,,0.0,0.8,100.0,0.0
2018-07-22,2.4,5.9,98.5,,,,,,,,,,0.0,0.8,100.0,0.0
2018-07-23,,,,,,,,,,,,,0.0,0.9,100.0,0.0
2018-07-24,,,,,,,,,,,,,0.0,0.7,100.0,0.0
2018-07-25,,,,,,,,,,,,,0.0,0.7,100.0,0.0
2018-07-26,0.0,4.7,89.6,0.0,0.0,100.0,,,,,,,0.0,0.5,100.0,0.0
2018-07-27,2.1,7.2,98.5,,,,,,,,,,0.0,0.6,100.0,0.0
2018-07-28,4.2,9.0,97.9,,,,,,,,,,0.0,0.4,100.0,0.0
2018-07-29,,,,0.0,0.0,100.0,,,,,,,0.0,0.5,100.0,0.0
2018-07-30,,,,,,,,,,,,,0.0,0.4,100.0,0.0
2018-07-31,,,,,,,,,,,,,0.0,0.4,100.0,0.0
2018-08-01,2.0,7.0,89.9,,,,,,,,,,0.0,0.3,100.0,0.0
2018-08-02,20.5,18.9,98.5,,,,,,,,,,0.0,0.5,100.0,0.0
2018-08-03,26.6,20.9,98.2,0.0,0.0,100.0,,,,,,,0.0,0.4,100.0,0.0
2018-08-04,,,,,,,,,,0.0,7.5,100.0,0.0,0.4,100.0,0.0
2018-08-05,,,,0.0,0.0,100.0,,,,,,,0.0,0.4,100.0,0.0
2018-08-06,,,,,,,,,,,,,0.0,0.5,100.0,0.0
2018-08-07,21.5,15.5,92.3,,,,,,,,,,0.0,0.4,100.0,0.0
2018-08-08,0.0,0.7,70.6,,,,,,,,,,0.0,0.4,100.0,0.0
2018-08-09,0.0,0.4,69.7,,,,,,,,,,0.0,0.4,100.0,0.0
2018-08-10,,,,,,,,,,,,,0.0,0.5,100.0,0.0
2018-08-11,,,,,,,,,,0.0,0.6,100.0,0.0,0.4,100.0,0.0
2018-08-12,,,,,,,,,,,,,0.0,0.6,100.0,0.0
2018-08-13,0.0,0.3,68.5,,,,,,,,,,0.0,0.4,100.0,0.0
2018-08-14,0.0,0.7,70.3,,,,,,,,,,0.0,0.6,100.0,0.0
2018-08-15,0.0,1.4,70.6,0.0,0.0,100.0,,,,0.0,0.4,100.0,0.0,0.3,100.0,0.0
2018-08-16,,,,,,,,,,,,,0.0,0.4,100.0,0.0
2018-08-17,,,,,,,,,,,,,0.0,0.4,100.0,0.0
2018-08-18,,,,0.0,0.0,67.1,,,,,,,0.0,0.5,100.0,0.0
2018-08-19,0.0,1.2,69.4,,,,,,,,,,0.0,0.4,100.0,0.0
2018-08-20,0.0,3.3,70.6,0.0,0.0,100.0,,,,,,,0.0,0.3,100.0,0.0
2018-08-21,0.4,5.2,70.6,,,,,,,0.0,0.2,100.0,0.0,0.3,100.0,0.0
2018-08-22,,,,,,,0.0,0.1,56.4,,,,0.0,0.4,100.0,0.0
2018-08-23,,,,,,,,,,,,,0.0,0.3,100.0,0.0
2018-08-24,,,,,,,,,,0.0,0.1,100.0,0.0,0.2,100.0,0.0
2018-08-25,0.0,5.0,68.8,,,,,,,,,,0.0,0.4,100.0,0.0
2018-08-26,0.2,5.0,70.6,,,,,,,,,,0.0,0.5,100.0,0.0
2018-08-27,0.0,4.2,70.0,,,,,,,,,,0.0,0.5,100.0,0.0
2018-08-28,,,,0.0,0.0,100.0,,,,0.0,0.0,100.0,0.0,0.3,100.0,0.0
2018-08-29,,,,,,,,,,,,,0.0,0.5,100.0,0.0
2018-08-30,,,,0.0,0.0,66.2,,,,,,,0.0,0.5,100.0,0.0
2018-08-31,0.0,2.3,68.8,,,,,,,0.0,0.0,100.0,0.0,0.5,100.0,0.0
2018-09-01,0.0,1.9,70.0,,,,,,,,,,0.0,0.4,100.0,0.0
2018-09-02,0.4,1.7,70.6,,,,,,,,,,0.0,0.7,100.0,0.0
2018-09-03,,,,,,,,,,,,,0.0,0.6,100.0,0.0
2018-09-04,,,,0.0,0.0,100.0,,,,,,,0.0,0.5,100.0,0.0
2018-09-05,,,,,,,,,,,,,0.0,0.5,100.0,0.0
2018-09-06,0.0,1.3,69.1,,,,,,,,,,0.0,0.8,100.0,0.0
2018-09-07,0.0,3.7,70.3,0.0,0.0,93.5,,,,0.0,0.1,100.0,0.0,0.9,100.0,0.0
2018-09-08,0.0,3.2,70.3,,,,,,,0.0,0.0,100.0,0.0,0.8,100.0,0.0
2018-09-09,,,,0.0,0.0,100.0,,,,0.0,0.0,100.0,0.0,0.7,100.0,0.0
2018-09-10,,,,,,,,,,,,,0.0,0.9,100.0,0.0
2018-09-11,,,,,,,,,,,,,0.0,1.0,100.0,0.0
2018-09-12,0.0,1.8,68.0,0.0,0.0,100.0,,,,0.0,0.0,100.0,0.0,0.6,100.0,0.0
2018-09-13,0.0,1.0,70.0,,,,,,,,,,0.0,0.7,100.0,0.0
2018-09-14,0.0,0.6,69.7,,,,,,,,,,0.0,0.7,100.0,0.0
2018-09-15,,,,,,,,,,,,,0.0,0.9,100.0,0.0
2018-09-16,,,,,,,,,,,,,0.0,0.9,100.0,0.0
2018-09-17,,,,0.0,0.0,60.2,,,,,,,0.0,0.8,100.0,0.0
2018-09-18,0.0,0.3,67.7,,,,,,,,,,0.0,0.7,100.0,0.0
2018-09-19,0.0,0.4,70.3,0.0,0.0,100.0,,,,,,,0.0,0.7,100.0,0.0
2018-09-20,0.0,0.6,70.3,,,,,,,,,,0.0,0.5,100.0,0.0
2018-09-21,,,,,,,,,,,,,0.0,0.6,100.0,0.0
2018-09-22,,,,0.0,0.0,100.0,,,,,,,0.0,0.6,100.0,0.0
2018-09-23,,,,,,,,,,0.0,0.4,100.0,0.0,0.7,100.0,0.0
2018-09-24,0.0,0.4,69.1,,,,,,,0.0,0.2,100.0,0.0,0.8,100.0,0.0
2018-09-25,0.4,0.8,70.3,,,,,,,0.0,1.8,100.0,0.0,0.5,100.0,0.0
2018-09-26,0.0,1.3,70.6,,,,,,,0.0,2.5,100.0,0.0,0.5,100.0,0.0
2018-09-27,,,,0.0,0.0,100.0,,,,,,,0.0,0.5,100.0,0.0
2018-09-28,,,,,,,,,,,,,0.0,0.5,100.0,0.0
2018-09-29,,,,0.0,0.0,100.0,,,,,,,0.0,0.5,100.0,0.0
2018-09-30,0.0,0.7,67.1,,,,,,,,,,0.0,0.5,100.0,0.0
2018-10-01,0.0,1.3,70.3,,,,,,,,,,0.0,0.5,100.0,0.0
2018-10-02,0.0,1.8,70.3,,,,,,,,,,0.0,0.5,100.0,0.0
2018-10-03,,,,,,,,,,,,,0.0,0.4,100.0,0.0
2018-10-04,,,,0.0,0.0,100.0,,,,,,,0.0,0.3,100.0,0.0
2018-10-05,,,,,,,,,,,,,0.0,0.3,100.0,0.0
2018-10-06,0.0,1.1,67.1,,,,,,,,,,0.0,0.2,100.0,0.0
2018-10-07,0.0,1.8,70.0,0.0,0.0,84.3,,,,,,,0.0,0.3,100.0,0.0
2018-10-08,0.4,2.7,70.6,,,,,,,,,,0.0,0.2,100.0,0.0
2018-10-09,,,,0.0,0.0,100.0,0.0,0.0,98.5,,,,0.0,0.2,100.0,0.0
2018-10-10,,,,,,,,,,,,,0.0,0.3,100.0,0.0
2018-10-11,,,,,,,,,,,,,0.0,0.4,100.0,0.0
2018-10-12,0.0,2.0,68.8,0.0,0.0,100.0,,,,,,,0.0,0.5,100.0,0.0
2018-10-13,0.0,6.4,69.7,,,,,,,,,,0.0,0.8,100.0,0.0
2018-10-14,0.0,7.9,70.0,0.0,0.0,100.0,,,,,,,0.0,0.8,100.0,0.0
2018-10-15,,,,,,,,,,,,,0.0,1.1,100.0,0.0
2018-10-16,,,,,,,,,,,,,0.0,1.5,100.0,0.0
2018-10-17,,,,0.0,0.0,100.0,,,,,,,0.0,2.2,100.0,0.0
2018-10-18,0.0,4.2,68.2,,,,,,,,,,0.0,2.0,100.0,0.0
2018-10-19,0.0,5.9,69.7,0.0,0.0,100.0,,,,,,,0.0,1.7,100.0,0.0
2018-10-20,1.3,7.0,69.7,,,,,,,,,,0.0,2.0,100.0,0.0
2018-10-21,,,,,,,,,,,,,0.0,2.6,100.0,0.0
2018-10-22,,,,0.0,0.1,100.0,,,,,,,0.0,2.1,100.0,0.0
2018-10-23,,,,,,,,,,,,,0.0,2.3,100.0,0.0
2018-10-24,0.7,5.9,68.2,0.0,0.2,84.6,,,,,,,0.0,2.4,100.0,0.0
2018-10-25,1.3,14.7,69.1,,,,0.0,0.0,79.5,,,,0.0,3.7,100.0,0.0
2018-10-26,3.4,18.6,70.0,,,,,,,,,,0.0,3.9,100.0,0.0
2018-10-27,,,,,,,,,,,,,0.0,4.0,100.0,0.0
2018-10-28,,,,,,,,,,,,,0.0,5.4,100.0,0.0
2018-10-29,,,,,,,,,,,,,0.0,6.1,100.0,0.0
2018-10-30,3.2,14.9,70.6,,,,,,,,,,0.0,8.4,100.0,0.0
2018-10-31,5.5,22.4,70.0,,,,,,,,,,0.0,7.7,100.0,0.0
2018-11-01,10.3,25.8,69.4,1.8,5.9,100.0,,,,,,,4.5,10.8,100.0,4.5
2018-11-02,,,,,,,,,,,,,3.3,11.1,100.0,3.3
2018-11-03,,,,28.9,43.7,78.9,,,,,,,11.3,14.2,100.0,11.3
2018-11-04,,,,,,,,,,,,,5.6,12.6,100.0,5.6
2018-11-05,0.8,14.3,70.0,,,,,,,,,,11.0,15.6,100.0,11.0
2018-11-06,2.5,15.1,70.3,,,,,,,,,,6.8,15.3,100.0,6.8
2018-11-07,2.1,11.7,70.3,,,,,,,,,,10.7,19.3,100.0,10.7
2018-11-08,,,,26.4,33.8,100.0,,,,,,,7.1,18.0,100.0,7.1
2018-11-09,,,,,,,,,,,,,8.9,20.9,100.0,8.9
2018-11-10,,,,,,,,,,,,,5.9,29.0,100.0,5.9
2018-11-11,5.8,16.0,69.4,8.9,20.2,100.0,,,,,,,6.5,32.0,100.0,6.5
2018-11-12,41.8,38.9,70.3,,,,,,,,,,5.9,35.7,100.0,5.9
2018-11-13,59.1,48.4,70.3,,,,,,,,,,5.6,33.0,100.0,5.6
2018-11-14,,,,,,,,,,,,,7.4,42.5,100.0,7.4
2018-11-15,,,,,,,,,,,,,5.6,37.8,100.0,5.6
2018-11-16,,,,14.8,21.2,100.0,,,,,,,17.2,48.9,100.0,17.2
2018-11-17,54.5,47.4,68.5,,,,,,,,,,15.7,44.6,100.0,15.7
2018-11-18,74.4,62.7,97.3,5.6,13.8,100.0,,,,,,,40.1,58.0,100.0,40.1
2018-11-19,56.4,49.5,97.9,,,,,,,,,,22.3,49.1,100.0,22.3
2018-11-20,,,,,,,,,,,,,42.1,58.2,100.0,42.1
2018-11-21,,,,,,,,,,,,,30.3,52.2,100.0,30.3
2018-11-22,,,,,,,,,,,,,46.0,57.7,100.0,46.0
2018-11-23,49.2,43.6,91.4,,,,,,,,,,46.6,56.2,100.0,46.6
2018-11-24,53.8,43.6,97.6,,,,,,,,,,52.5,58.2,100.0,52.5
2018-11-25,,,,,,,,,,,,,53.1,58.5,100.0,53.1
2018-11-26,,,,,,,,,,,,,43.9,54.8,100.0,43.9
2018-11-27,,,,,,,,,,,,,54.9,61.2,100.0,54.9
2018-11-28,,,,97.0,90.4,100.0,,,,,,,41.8,54.1,100.0,41.8
2018-11-29,18.6,21.3,92.3,,,,,,,,,,54.0,60.8,100.0,54.0
2018-11-30,16.9,19.4,97.6,,,,,,,,,,34.1,49.1,100.0,34.1
2018-12-01,13.1,14.0,97.6,97.6,93.2,100.0,,,,,,,57.3,62.6,100.0,57.3
2018-12-02,,,,,,,,,,,,,31.2,49.3,100.0,31.2
2018-12-03,,,,,,,,,,,,,56.7,61.0,100.0,56.7
2018-12-04,,,,,,,,,,,,,30.0,52.0,100.0,30.0
2018-12-05,7.2,9.3,99.4,,,,,,,,,,83.1,68.0,100.0,83.1
2018-12-06,5.8,9.7,97.9,,,,,,,,,,59.3,60.9,100.0,59.3
2018-12-07,6.7,11.6,97.6,,,,,,,,,,86.9,74.5,100.0,86.9
2018-12-08,,,,,,,,,,,,,85.2,74.0,100.0,85.2
2018-12-09,,,,,,,,,,,,,91.4,84.3,100.0,91.4
2018-12-10,,,,,,,,,,,,,92.3,83.7,100.0,92.3
2018-12-11,1.9,9.5,95.0,99.4,99.0,100.0,,,,,,,95.5,89.7,100.0,95.5
2018-12-12,7.5,23.0,98.8,,,,,,,,,,95.8,89.7,100.0,95.8
2018-12-13,23.2,33.4,98.5,98.2,97.9,100.0,,,,,,,96.4,92.6,100.0,96.4
2018-12-14,,,,,,,,,,,,,96.4,92.1,100.0,96.4
2018-12-15,,,,,,,,,,,,,96.7,93.1,100.0,96.7
2018-12-16,,,,,,,,,,,,,96.7,93.1,100.0,96.7
2018-12-17,8.5,22.7,94.1,,,,,,,,,,96.7,93.8,100.0,96.7
2018-12-18,17.7,29.2,97.3,97.0,97.3,100.0,,,,,,,96.7,94.0,100.0,96.7
2018-12-19,49.3,43.7,99.4,,,,,,,,,,96.7,93.9,100.0,96.7
2018-12-20,,,,,,,,,,,,,96.4,93.4,100.0,96.4
2018-12-21,,,,,,,,,,,,,96.7,93.6,100.0,96.7
2018-12-22,,,,,,,,,,,,,96.7,93.6,100.0,96.7
2018-12-23,14.0,26.1,96.4,,,,,,,,,,96.7,93.7,100.0,96.7
2018-12-24,61.3,51.8,98.2,,,,,,,,,,96.4,93.7,100.0,96.4
2018-12-25,87.7,65.0,98.8,,,,,,,,,,96.7,93.8,100.0,96.7
2018-12-26,,,,97.9,98.0,100.0,,,,,,,96.4,94.3,100.0,96.4
2018-12-27,,,,,,,,,,,,,96.7,94.1,100.0,96.7
2018-12-28,,,,97.9,97.6,100.0,,,,,,,96.4,93.4,100.0,96.4
2018-12-29,98.4,73.7,94.1,,,,,,,,,,96.1,92.8,100.0,96.1
2018-12-30,99.7,85.0,97.3,,,,,,,,,,95.8,92.2,100.0,95.8
2018-12-31,99.7,90.8,98.2,,,,,,,,,,95.8,91.8,100.0,95.8
2019-01-01,,,,,,,,,,,,,93.6,91.2,100.0,93.6
2019-01-02,,,,,,,,,,,,,93.2,91.2,100.0,93.2
2019-01-03,,,,,,,,,,,,,93.6,91.6,100.0,93.6
2019-01-04,100.0,91.1,76.7,,,,,,,,,,93.6,91.7,100.0,93.6
2019-01-05,100.0,93.6,79.2,,,,,,,,,,93.6,92.0,100.0,93.6
2019-01-06,100.0,95.4,80.5,,,,,,,,,,93.6,91.9,100.0,93.6
2019-01-07,,,,97.5,97.6,100.0,,,,,,,93.6,92.4,100.0,93.6
2019-01-08,,,,,,,,,,,,,93.6,91.6,100.0,93.6
2019-01-09,,,,,,,,,,,,,93.2,91.3,100.0,93.2
2019-01-10,100.0,97.1,78.0,,,,,,,,,,93.2,91.4,100.0,93.2
2019-01-11,100.0,97.2,80.1,,,,,,,,,,94.5,92.1,100.0,94.5
2019-01-12,100.0,96.9,80.5,,,,,,,,,,94.5,91.8,100.0,94.5
2019-01-13,,,,,,,,,,,,,94.9,91.8,100.0,94.9
2019-01-14,,,,,,,,,,,,,94.9,91.8,100.0,94.9
2019-01-15,,,,98.3,98.0,100.0,,,,,,,95.3,93.8,100.0,95.3
2019-01-16,100.0,97.4,76.3,,,,,,,,,,95.3,92.7,100.0,95.3
2019-01-17,100.0,96.4,79.7,,,,,,,,,,95.3,92.5,100.0,95.3
2019-01-18,100.0,96.8,80.5,,,,,,,,,,95.3,92.4,100.0,95.3
2019-01-19,,,,,,,,,,,,,95.3,92.6,100.0,95.3
2019-01-20,,,,,,,,,,,,,95.3,92.3,100.0,95.3
2019-01-21,,,,,,,,,,,,,95.3,92.2,100.0,95.3
2019-01-22,100.0,97.0,76.7,97.0,96.2,100.0,,,,,,,95.3,93.0,100.0,95.3
2019-01-23,100.0,95.4,79.2,,,,,,,,,,97.5,94.1,100.0,97.5
2019-01-24,100.0,93.0,80.5,,,,,,,,,,98.3,94.0,100.0,98.3
2019-01-25,,,,97.0,96.4,100.0,,,,,,,99.6,94.7,100.0,99.6
2019-01-26,,,,,,,,,,,,,99.6,94.7,100.0,99.6
2019-01-27,,,,,,,,,,,,,100.0,95.3,100.0,100.0
2019-01-28,100.0,93.8,77.1,,,,,,,,,,100.0,95.6,100.0,100.0
2019-01-29,100.0,92.6,79.2,,,,100.0,100.0,100.0,,,,100.0,97.1,100.0,100.0
2019-01-30,99.5,89.2,80.5,,,,,,,,,,100.0,96.3,100.0,100.0
2019-01-31,,,,,,,,,,100.0,70.6,100.0,100.0,97.5,100.0,100.0
2019-02-01,,,,,,,,,,,,,100.0,97.6,100.0,100.0
2019-02-02,,,,,,,,,,,,,100.0,97.9,100.0,100.0
2019-02-03,100.0,97.3,58.5,,,,,,,,,,100.0,97.5,100.0,100.0
2019-02-04,100.0,98.1,59.7,97.5,97.1,100.0,,,,,,,100.0,98.3,100.0,100.0
2019-02-05,100.0,97.6,59.7,,,,,,,,,,100.0,98.2,100.0,100.0
2019-02-06,,,,96.2,96.6,100.0,,,,,,,100.0,98.4,100.0,100.0
2019-02-07,,,,,,,,,,,,,100.0,97.3,100.0,100.0
2019-02-08,,,,,,,,,,100.0,73.7,100.0,100.0,98.1,100.0,100.0
2019-02-09,100.0,98.1,58.1,96.2,97.1,100.0,,,,,,,100.0,98.3,100.0,100.0
2019-02-10,100.0,98.7,58.5,,,,,,,,,,100.0,98.4,100.0,100.0
2019-02-11,100.0,98.9,59.7,,,,,,,100.0,79.3,100.0,100.0,98.3,100.0,100.0
2019-02-12,,,,,,,,,,,,,100.0,98.8,100.0,100.0
2019-02-13,,,,,,,,,,100.0,81.2,100.0,100.0,98.9,100.0,100.0
2019-02-14,,,,96.2,96.7,100.0,100.0,100.0,100.0,100.0,86.5,100.0,100.0,99.4,100.0,100.0
2019-02-15,,,,,,,,,,100.0,86.5,100.0,100.0,99.2,100.0,100.0
2019-02-16,100.0,98.8,58.9,95.8,95.8,100.0,,,,100.0,87.9,100.0,100.0,99.5,100.0,100.0
2019-02-17,100.0,98.7,58.9,,,,,,,100.0,91.3,100.0,100.0,99.5,100.0,100.0
2019-02-18,,,,,,,,,,100.0,95.3,100.0,100.0,99.5,100.0,100.0
2019-02-19,,,,95.8,95.5,100.0,,,,,,,100.0,99.5,100.0,100.0
2019-02-20,,,,,,,,,,100.0,97.7,100.0,100.0,99.5,100.0,100.0
2019-02-21,100.0,99.0,58.5,95.3,95.4,100.0,,,,100.0,97.8,100.0,100.0,99.6,100.0,100.0
2019-02-22,100.0,99.3,59.3,,,,,,,,,,100.0,99.5,100.0,100.0
2019-02-23,100.0,99.1,59.7,,,,,,,100.0,98.7,100.0,100.0,99.4,100.0,100.0
2019-02-24,,,,95.3,95.2,100.0,,,,100.0,98.5,100.0,100.0,99.2,100.0,100.0
2019-02-25,,,,,,,,,,100.0,97.8,100.0,100.0,99.1,100.0,100.0
2019-02-26,,,,95.8,95.7,100.0,,,,,,,100.0,98.9,100.0,100.0
2019-02-27,100.0,99.2,58.9,,,,,,,,,,100.0,98.8,100.0,100.0
2019-02-28,,,,,,,,,,100.0,98.4,100.0,100.0,98.4,100.0,100.0
2019-03-01,100.0,99.5,59.7,,,,,,,,,,100.0,98.6,100.0,100.0
2019-03-02,,,,,,,,,,,,,99.6,97.7,100.0,99.6
2019-03-03,,,,97.9,97.5,100.0,,,,100.0,98.1,100.0,99.6,98.1,100.0,99.6
2019-03-04,,,,,,,,,,100.0,97.9,100.0,99.6,97.6,100.0,99.6
2019-03-05,100.0,99.7,58.9,,,,,,,,,,99.6,97.8,100.0,99.6
2019-03-06,100.0,99.8,59.3,,,,,,,,,,99.6,97.6,100.0,99.6
2019-03-07,100.0,99.8,59.7,,,,,,,100.0,97.9,100.0,99.6,97.6,100.0,99.6
2019-03-08,,,,98.3,96.9,99.6,,,,,,,99.6,97.6,100.0,99.6
2019-03-09,,,,,,,,,,,,,99.6,97.2,100.0,99.6
2019-03-10,,,,,,,,,,100.0,97.8,100.0,99.6,97.0,100.0,99.6
2019-03-11,100.0,99.8,59.3,,,,,,,,,,99.6,97.4,100.0,99.6
2019-03-12,100.0,99.9,59.7,,,,,,,,,,99.6,97.6,100.0,99.6
2019-03-13,100.0,99.8,59.7,,,,,,,,,,99.6,97.7,100.0,99.6
2019-03-14,,,,,,,,,,,,,99.6,97.2,100.0,99.6
2019-03-15,,,,,,,,,,,,,99.6,97.6,100.0,99.6
2019-03-16,,,,98.7,97.9,100.0,,,,,,,99.6,98.0,100.0,99.6
2019-03-17,100.0,99.9,58.5,,,,,,,,,,99.6,98.0,100.0,99.6
2019-03-18,100.0,99.9,59.3,,,,,,,,,,99.6,98.1,100.0,99.6
2019-03-19,100.0,99.9,59.7,,,,,,,,,,100.0,98.4,100.0,100.0
2019-03-20,,,,,,,,,,,,,100.0,98.5,100.0,100.0
2019-03-21,,,,96.6,96.8,100.0,,,,,,,100.0,98.7,100.0,100.0
2019-03-22,,,,,,,,,,,,,100.0,98.4,100.0,100.0
2019-03-23,100.0,99.9,58.5,96.2,96.5,100.0,,,,,,,100.0,98.8,100.0,100.0
2019-03-24,100.0,99.9,58.9,,,,,,,,,,100.0,98.6,100.0,100.0
2019-03-25,100.0,100.0,59.7,,,,,,,,,,100.0,98.6,100.0,100.0
2019-03-26,,,,,,,,,,,,,100.0,98.4,100.0,100.0
2019-03-27,,,,,,,,,,,,,99.6,98.5,100.0,99.6
2019-03-28,,,,96.6,96.9,100.0,,,,,,,100.0,98.7,100.0,100.0
2019-03-29,100.0,100.0,59.3,,,,,,,,,,99.6,98.6,100.0,99.6
2019-03-30,100.0,100.0,59.7,,,,,,,,,,99.6,98.5,100.0,99.6
2019-03-31,100.0,100.0,59.7,98.3,97.8,100.0,,,,,,,99.6,98.7,100.0,99.6
2019-04-01,,,,,,,,,,,,,99.6,98.6,100.0,99.6
2019-04-02,,,,100.0,99.0,100.0,,,,,,,99.6,98.7,100.0,99.6
2019-04-03,,,,,,,,,,,,,99.6,98.2,100.0,99.6
2019-04-04,100.0,100.0,58.5,,,,,,,,,,99.6,98.4,100.0,99.6
2019-04-05,100.0,100.0,59.3,100.0,99.2,100.0,,,,,,,99.6,98.7,100.0,99.6
2019-04-06,100.0,100.0,59.7,,,,,,,,,,99.6,98.5,100.0,99.6
2019-04-07,,,,,,,,,,,,,99.6,98.2,100.0,99.6
2019-04-08,,,,,,,,,,,,,99.6,98.3,100.0,99.6
2019-04-09,,,,,,,,,,,,,100.0,98.3,100.0,100.0
2019-04-10,100.0,100.0,57.2,100.0,99.8,64.0,,,,,,,100.0,98.5,100.0,100.0
2019-04-11,100.0,99.9,59.7,,,,,,,,,,100.0,98.3,100.0,100.0
2019-04-12,100.0,99.8,59.7,100.0,98.6,91.1,,,,,,,100.0,98.4,100.0,100.0
2019-04-13,,,,,,,,,,,,,100.0,98.2,100.0,100.0
2019-04-14,,,,,,,,,,,,,100.0,98.1,100.0,100.0
2019-04-15,,,,100.0,99.8,100.0,,,,,,,100.0,98.3,100.0,100.0
2019-04-16,100.0,99.3,59.7,,,,,,,,,,100.0,98.1,100.0,100.0
2019-04-17,100.0,97.4,59.7,100.0,96.8,72.0,,,,,,,100.0,98.1,100.0,100.0
2019-04-18,100.0,93.4,59.3,,,,,,,,,,100.0,97.9,100.0,100.0
2019-04-19,,,,,,,,,,,,,100.0,97.6,100.0,100.0
2019-04-20,,,,100.0,99.7,100.0,,,,,,,100.0,97.9,100.0,100.0
2019-04-21,,,,,,,,,,,,,100.0,97.3,100.0,100.0
2019-04-22,100.0,76.4,99.6,100.0,99.5,100.0,,,,,,,100.0,97.5,100.0,100.0
2019-04-23,78.6,54.1,99.2,,,,,,,,,,99.6,96.5,100.0,99.6
2019-04-24,52.3,44.8,99.6,,,,,,,,,,99.6,95.8,100.0,99.6
2019-04-25,,,,,,,,,,,,,99.6,94.9,100.0,99.6
2019-04-26,,,,,,,,,,,,,99.6,94.0,100.0,99.6
2019-04-27,,,,,,,,,,,,,99.6,93.3,100.0,99.6
2019-04-28,20.0,27.7,99.6,,,,,,,,,,99.6,94.0,100.0,99.6
2019-04-29,17.5,23.2,99.2,,,,,,,,,,99.6,93.8,100.0,99.6
2019-04-30,6.8,13.1,99.2,100.0,100.0,45.3,,,,,,,99.6,93.8,100.0,99.6
2019-05-01,,,,,,,,,,,,,99.6,92.7,100.0,99.6
2019-05-02,,,,100.0,99.8,99.6,,,,,,,100.0,94.2,100.0,100.0
2019-05-03,,,,,,,,,,,,,98.7,92.4,100.0,98.7
2019-05-04,12.8,16.5,99.2,,,,,,,,,,97.9,90.6,100.0,97.9
2019-05-05,11.9,15.3,99.6,,,,,,,,,,98.3,90.5,100.0,98.3
2019-05-06,6.0,9.7,99.6,,,,,,,,,,98.7,90.7,100.0,98.7
2019-05-07,,,,100.0,99.8,100.0,,,,,,,98.7,89.6,100.0,98.7
2019-05-08,,,,,,,,,,,,,97.0,84.0,100.0,97.0
2019-05-09,,,,,,,,,,,,,96.6,80.2,100.0,96.6
2019-05-10,3.4,5.4,98.7,,,,,,,,,,92.8,77.7,100.0,92.8
2019-05-11,3.8,5.8,99.2,,,,,,,,,,92.8,75.8,100.0,92.8
2019-05-12,6.8,11.7,99.6,,,,,,,,,,84.3,73.4,100.0,84.3
2019-05-13,,,,,,,,,,,,,97.5,78.3,100.0,97.5
2019-05-14,,,,,,,,,,,,,99.2,80.6,100.0,99.2
2019-05-15,,,,,,,,,,,,,100.0,82.3,100.0,100.0
2019-05-16,5.6,10.5,98.7,,,,,,,,,,100.0,82.0,100.0,100.0
2019-05-17,21.3,23.9,99.6,,,,,,,,,,100.0,84.3,100.0,100.0
2019-05-18,34.9,33.5,99.6,,,,,,,100.0,98.0,100.0,100.0,85.8,100.0,100.0
2019-05-19,,,,,,,,,,,,,100.0,87.3,100.0,100.0
2019-05-20,,,,,,,,,,,,,100.0,89.2,100.0,100.0
2019-05-21,,,,,,,,,,100.0,96.0,100.0,100.0,91.0,100.0,100.0
2019-05-22,80.4,66.0,99.6,,,,,,,100.0,97.8,100.0,100.0,94.2,100.0,100.0
2019-05-23,81.7,67.2,99.6,,,,,,,,,,100.0,95.3,100.0,100.0
2019-05-24,91.5,82.1,99.6,,,,,,,100.0,97.1,100.0,100.0,97.2,100.0,100.0
2019-05-25,,,,,,,,,,,,,100.0,97.4,100.0,100.0
2019-05-26,,,,,,,,,,,,,100.0,98.4,100.0,100.0
2019-05-27,,,,,,,,,,,,,100.0,98.4,100.0,100.0
2019-05-28,91.5,81.0,99.2,,,,,,,,,,100.0,98.9,100.0,100.0
2019-05-29,94.9,87.1,99.6,,,,,,,100.0,97.6,100.0,100.0,98.9,100.0,100.0
2019-05-30,92.3,81.4,99.6,100.0,99.8,100.0,,,,,,,100.0,99.4,100.0,100.0
2019-05-31,,,,,,,,,,100.0,92.3,100.0,100.0,99.2,100.0,100.0
2019-06-01,,,,100.0,99.4,100.0,,,,100.0,93.0,100.0,100.0,99.3,100.0,100.0
2019-06-02,,,,,,,,,,,,,100.0,98.9,100.0,100.0
2019-06-03,91.8,79.7,98.7,,,,,,,,,,100.0,99.1,100.0,100.0
2019-06-04,88.5,73.7,99.6,100.0,98.8,100.0,,,,100.0,91.3,100.0,100.0,98.8,100.0,100.0
2019-06-05,68.1,57.5,99.6,,,,,,,,,,100.0,98.5,100.0,100.0
2019-06-06,,,,,,,,,,98.3,72.6,100.0,100.0,97.8,100.0,100.0
2019-06-07,,,,,,,,,,,,,100.0,97.6,100.0,100.0
2019-06-08,,,,,,,,,,98.7,78.5,100.0,100.0,96.8,100.0,100.0
2019-06-09,58.2,48.6,98.3,,,,,,,,,,100.0,96.2,100.0,100.0
2019-06-10,40.9,38.2,99.6,,,,,,,,,,100.0,94.4,100.0,100.0
2019-06-11,30.6,31.1,99.6,,,,,,,,,,100.0,93.7,100.0,100.0
2019-06-12,,,,,,,,,,32.2,43.2,100.0,100.0,90.5,100.0,100.0
2019-06-13,,,,,,,,,,,,,100.0,88.2,100.0,100.0
2019-06-14,,,,,,,,,,,,,100.0,86.6,100.0,100.0
2019-06-15,5.2,11.9,97.0,,,,,,,0.0,28.5,100.0,100.0,84.5,100.0,100.0
2019-06-16,3.4,9.8,99.6,100.0,88.8,100.0,,,,,,,100.0,81.7,100.0,100.0
2019-06-17,2.1,8.3,99.6,,,,,,,0.0,9.4,100.0,98.7,74.5,100.0,98.7
2019-06-18,,,,,,,,,,,,,90.3,68.3,100.0,90.3
2019-06-19,,,,78.8,59.0,100.0,,,,0.0,7.6,100.0,60.2,63.8,100.0,60.2
2019-06-20,,,,,,,,,,,,,17.8,48.7,100.0,17.8
2019-06-21,1.3,6.9,97.9,,,,,,,,,,4.2,38.7,100.0,4.2
2019-06-22,0.9,4.7,99.2,,,,,,,,,,1.3,30.4,100.0,1.3
2019-06-23,0.9,3.8,99.6,,,,,,,0.0,1.3,100.0,0.8,26.6,100.0,0.8
2019-06-24,,,,0.4,5.4,100.0,,,,,,,0.0,19.9,100.0,0.0
2019-06-25,,,,,,,,,,,,,0.0,15.2,100.0,0.0
2019-06-26,,,,0.0,0.7,100.0,,,,0.0,0.6,100.0,0.0,11.3,100.0,0.0
2019-06-27,0.0,2.8,94.9,,,,,,,0.0,0.2,100.0,0.0,9.6,100.0,0.0
2019-06-28,0.0,2.9,98.3,,,,,,,0.0,0.2,100.0,0.0,6.0,100.0,0.0
2019-06-29,0.9,3.4,99.6,0.0,0.1,100.0,,,,,,,0.0,5.2,100.0,0.0
2019-06-30,,,,,,,,,,0.0,0.1,100.0,0.0,4.5,100.0,0.0
2019-07-01,,,,0.0,0.1,100.0,,,,,,,0.0,4.0,100.0,0.0
2019-07-02,,,,,,,,,,0.0,0.0,100.0,0.0,2.9,100.0,0.0
2019-07-03,0.4,2.7,97.5,,,,,,,,,,0.0,3.4,100.0,0.0
2019-07-04,0.4,3.5,99.6,0.0,0.1,100.0,,,,,,,0.0,3.8,100.0,0.0
2019-07-05,0.4,3.6,99.6,,,,,,,,,,0.0,3.8,100.0,0.0
2019-07-06,,,,0.0,0.0,100.0,,,,0.0,0.1,100.0,0.0,2.6,100.0,0.0
2019-07-07,,,,,,,,,,,,,0.0,3.1,100.0,0.0
2019-07-08,,,,,,,,,,,,,0.0,3.6,100.0,0.0
2019-07-09,0.4,4.1,96.2,,,,,,,,,,0.0,3.4,100.0,0.0
2019-07-10,0.0,3.1,99.2,,,,,,,,,,0.0,2.3,100.0,0.0
2019-07-11,0.0,3.0,99.6,,,,,,,0.0,0.1,100.0,0.0,2.1,100.0,0.0
2019-07-12,,,,,,,,,,,,,0.0,2.7,100.0,0.0
2019-07-13,,,,,,,,,,,,,0.0,2.4,100.0,0.0
2019-07-14,,,,0.0,0.0,100.0,,,,,,,0.0,2.1,100.0,0.0
2019-07-15,0.0,2.5,97.0,,,,,,,,,,0.0,1.7,100.0,0.0
2019-07-16,0.0,2.5,99.2,0.0,0.0,100.0,,,,,,,0.0,1.5,100.0,0.0
2019-07-17,0.0,1.5,99.6,,,,,,,,,,0.0,1.4,100.0,0.0
2019-07-18,,,,,,,,,,0.0,0.1,100.0,0.0,1.1,100.0,0.0
2019-07-19,,,,0.0,0.0,100.0,,,,,,,0.0,1.0,100.0,0.0
2019-07-20,,,,,,,,,,,,,0.0,1.0,100.0,0.0
2019-07-21,0.0,1.4,95.8,0.0,0.0,52.1,,,,,,,0.0,0.7,100.0,0.0
2019-07-22,0.0,1.3,97.9,,,,,,,,,,0.0,0.9,100.0,0.0
2019-07-23,0.0,1.2,99.6,,,,,,,,,,0.0,0.9,100.0,0.0
2019-07-24,,,,0.0,0.1,100.0,0.0,0.0,41.9,,,,0.0,0.9,100.0,0.0
2019-07-25,,,,,,,,,,,,,0.0,0.6,100.0,0.0
2019-07-26,,,,0.0,0.1,100.0,,,,,,,0.0,0.4,100.0,0.0
2019-07-27,0.0,1.1,96.2,,,,,,,,,,0.0,0.5,100.0,0.0
2019-07-28,0.0,1.3,99.6,,,,,,,,,,0.0,0.4,100.0,0.0
2019-07-29,0.0,1.1,99.6,0.0,0.0,99.2,,,,0.0,0.0,100.0,0.0,0.4,100.0,0.0
2019-07-30,,,,,,,,,,,,,0.0,0.4,100.0,0.0
2019-07-31,,,,,,,,,,,,,0.0,0.5,100.0,0.0
2019-08-01,,,,,,,,,,,,,0.0,0.4,100.0,0.0
2019-08-02,0.0,1.0,95.8,,,,,,,,,,0.0,0.4,100.0,0.0
2019-08-03,0.0,1.3,99.2,,,,,,,,,,0.0,0.4,100.0,0.0
2019-08-04,0.0,1.2,99.6,,,,,,,,,,0.0,0.5,100.0,0.0
2019-08-05,,,,,,,,,,0.0,0.0,100.0,0.0,0.3,100.0,0.0
2019-08-06,,,,,,,,,,,,,0.0,0.5,100.0,0.0
2019-08-07,,,,,,,,,,0.0,0.1,47.9,0.0,0.4,100.0,0.0
2019-08-08,0.0,1.4,97.5,,,,,,,,,,0.0,0.6,100.0,0.0
2019-08-09,0.0,1.7,99.6,,,,0.0,0.0,47.9,0.0,0.1,100.0,0.0,0.4,100.0,0.0
2019-08-10,0.0,1.9,99.6,,,,,,,0.0,0.0,100.0,0.0,0.5,100.0,0.0
2019-08-11,,,,,,,,,,0.0,0.1,97.5,0.0,0.4,100.0,0.0
2019-08-12,,,,,,,,,,,,,0.0,0.4,100.0,0.0
2019-08-13,,,,,,,,,,,,,0.0,0.4,100.0,0.0
2019-08-14,0.0,2.9,96.6,,,,,,,0.0,0.1,100.0,0.0,0.3,100.0,0.0
2019-08-15,0.0,2.4,99.6,,,,,,,,,,0.0,0.4,100.0,0.0
2019-08-16,0.0,3.9,99.6,,,,,,,0.0,0.1,100.0,0.0,0.5,100.0,0.0
2019-08-17,,,,,,,,,,,,,0.0,0.5,100.0,0.0
2019-08-18,,,,0.0,0.0,100.0,,,,,,,0.0,0.3,100.0,0.0
2019-08-19,,,,,,,,,,,,,0.0,0.3,100.0,0.0
2019-08-20,0.0,3.2,94.5,,,,,,,,,,0.0,0.3,100.0,0.0
2019-08-21,0.0,4.1,99.2,,,,,,,0.0,0.0,100.0,0.0,0.3,100.0,0.0
2019-08-22,0.0,2.2,99.6,,,,,,,,,,0.0,0.2,100.0,0.0
2019-08-23,,,,0.0,0.0,80.1,,,,,,,0.0,0.3,100.0,0.0
2019-08-24,,,,,,,,,,,,,0.0,0.3,100.0,0.0
2019-08-25,,,,0.0,0.0,100.0,0.0,1.0,100.0,0.0,0.0,100.0,0.0,0.3,100.0,0.0
2019-08-26,0.0,3.0,96.2,,,,,,,0.0,0.1,100.0,0.0,0.2,100.0,0.0
2019-08-27,0.0,2.3,98.3,,,,,,,,,,0.0,0.2,100.0,0.0
2019-08-28,0.0,2.7,99.2,,,,,,,0.0,0.1,100.0,0.0,0.2,100.0,0.0
2019-08-29,,,,,,,,,,,,,0.0,0.3,100.0,0.0
2019-08-30,,,,0.0,0.0,100.0,,,,,,,0.0,0.2,100.0,0.0
2019-08-31,,,,,,,,,,,,,0.0,0.3,100.0,0.0
2019-09-01,0.0,1.8,94.9,,,,,,,,,,0.0,0.2,100.0,0.0
2019-09-02,0.0,1.9,99.2,,,,,,,,,,0.0,0.5,100.0,0.0
2019-09-03,0.0,2.4,99.6,,,,,,,0.0,0.1,100.0,0.0,0.3,100.0,0.0
2019-09-04,,,,0.0,0.0,100.0,,,,,,,0.0,0.3,100.0,0.0
2019-09-05,,,,,,,,,,0.0,0.1,100.0,0.0,0.2,100.0,0.0
2019-09-06,,,,,,,,,,,,,0.0,0.3,100.0,0.0
2019-09-07,0.0,2.5,97.0,,,,,,,,,,0.0,0.3,100.0,0.0
2019-09-08,0.0,2.7,98.3,,,,,,,,,,0.0,0.3,100.0,0.0
2019-09-09,0.0,2.8,99.6,0.0,0.1,100.0,,,,,,,0.0,0.3,100.0,0.0
2019-09-10,,,,,,,,,,,,,0.0,0.5,100.0,0.0
2019-09-11,,,,,,,,,,,,,0.0,0.5,100.0,0.0
2019-09-12,,,,0.0,0.1,100.0,,,,,,,0.0,0.4,100.0,0.0
2019-09-13,0.0,3.3,94.1,,,,,,,,,,0.0,0.3,100.0,0.0
2019-09-14,,,,0.0,0.0,100.0,,,,,,,0.0,0.3,100.0,0.0
2019-09-15,0.0,2.8,99.6,,,,,,,,,,0.0,0.3,100.0,0.0
2019-09-16,,,,,,,,,,,,,0.0,0.3,100.0,0.0
2019-09-17,,,,,,,,,,,,,0.0,0.6,100.0,0.0
2019-09-18,,,,,,,,,,,,,0.0,0.7,100.0,0.0
2019-09-19,0.0,2.7,94.9,0.0,0.0,100.0,,,,,,,0.0,0.7,100.0,0.0
2019-09-20,0.0,2.9,98.3,,,,,,,,,,0.0,0.6,100.0,0.0
2019-09-21,0.4,3.3,99.6,,,,,,,,,,0.0,0.9,100.0,0.0
2019-09-22,,,,,,,,,,,,,0.0,0.8,100.0,0.0
2019-09-23,,,,,,,,,,0.0,0.2,100.0,0.0,0.9,100.0,0.0
2019-09-24,,,,,,,,,,0.0,0.1,100.0,0.0,0.8,100.0,0.0
2019-09-25,0.0,3.4,95.8,,,,,,,,,,0.0,1.2,100.0,0.0
2019-09-26,0.9,3.9,99.2,,,,,,,,,,0.0,1.2,100.0,0.0
2019-09-27,0.9,4.1,99.2,0.0,0.0,65.7,,,,,,,0.0,1.3,100.0,0.0
2019-09-28,,,,,,,,,,,,,0.0,1.3,100.0,0.0
2019-09-29,,,,0.0,0.0,100.0,,,,,,,0.0,1.5,100.0,0.0
2019-09-30,,,,,,,,,,0.0,0.2,100.0,0.0,1.2,100.0,0.0
2019-10-01,0.9,4.3,95.8,,,,,,,0.0,0.1,100.0,0.0,1.3,100.0,0.0
2019-10-02,1.3,5.8,99.2,,,,,,,,,,0.0,1.6,100.0,0.0
2019-10-03,0.9,6.1,99.6,,,,,,,,,,0.0,1.7,100.0,0.0
2019-10-04,,,,,,,,,,,,,0.0,2.0,100.0,0.0
2019-10-05,,,,,,,,,,0.0,0.3,100.0,0.0,1.9,100.0,0.0
2019-10-06,,,,,,,,,,,,,0.0,2.4,100.0,0.0
2019-10-07,0.9,6.5,94.9,0.0,0.5,100.0,,,,,,,0.0,2.3,100.0,0.0
2019-10-08,2.2,10.0,97.9,,,,,,,0.0,0.2,100.0,0.0,2.4,100.0,0.0
2019-10-09,3.0,11.4,99.6,,,,,,,,,,0.0,2.0,100.0,0.0
2019-10-10,,,,,,,,,,,,,0.0,2.5,100.0,0.0
2019-10-11,,,,,,,,,,,,,0.0,2.5,100.0,0.0
2019-10-12,,,,,,,,,,,,,0.0,3.3,100.0,0.0
2019-10-13,3.1,12.3,97.0,,,,,,,,,,0.0,2.0,100.0,0.0
2019-10-14,2.2,13.5,98.3,0.0,0.2,100.0,,,,,,,0.0,2.3,100.0,0.0
2019-10-15,2.6,13.6,99.6,,,,,,,,,,0.0,2.4,100.0,0.0
2019-10-16,,,,,,,,,,0.0,0.5,100.0,0.0,2.6,100.0,0.0
2019-10-17,,,,0.0,0.2,100.0,,,,0.0,0.4,100.0,0.0,2.1,100.0,0.0
2019-10-18,,,,,,,,,,,,,0.0,2.6,100.0,0.0
2019-10-19,2.2,14.7,96.6,,,,,,,,,,0.0,2.7,100.0,0.0
2019-10-20,4.3,18.5,98.7,,,,,,,,,,0.0,3.3,100.0,0.0
2019-10-21,5.1,21.3,99.6,,,,,,,,,,0.0,3.2,100.0,0.0
2019-10-22,,,,0.0,0.3,100.0,,,,,,,0.0,3.1,100.0,0.0
2019-10-23,,,,,,,,,,0.0,0.9,100.0,0.0,3.2,100.0,0.0
2019-10-24,,,,,,,,,,0.0,1.1,100.0,0.0,3.4,100.0,0.0
2019-10-25,18.9,30.1,96.6,,,,,,,,,,0.0,3.6,100.0,0.0
2019-10-26,15.5,29.6,98.3,,,,,,,,,,0.0,3.7,100.0,0.0
2019-10-27,67.2,48.9,99.6,,,,,,,,,,0.0,3.7,100.0,0.0
2019-10-28,,,,,,,,,,,,,0.0,4.6,100.0,0.0
2019-10-29,,,,,,,,,,,,,0.0,4.8,100.0,0.0
2019-10-30,,,,,,,,,,,,,0.0,6.5,100.0,0.0
2019-10-31,73.4,50.2,97.0,,,,,,,,,,0.0,7.8,100.0,0.0
2019-11-01,91.9,63.7,99.2,0.0,3.0,100.0,,,,0.0,4.7,100.0,0.0,9.3,100.0,0.0
2019-11-02,97.4,71.2,99.2,,,,,,,,,,0.0,14.1,100.0,0.0
2019-11-03,,,,,,,,,,,,,0.0,19.6,100.0,0.0
2019-11-04,,,,,,,,,,,,,0.0,26.3,100.0,0.0
2019-11-05,,,,,,,,,,,,,0.0,36.4,100.0,0.0
2019-11-06,97.8,80.9,97.5,,,,,,,,,,6.8,47.9,100.0,6.8
2019-11-07,98.7,83.3,99.2,,,,,,,,,,69.9,61.4,100.0,69.9
2019-11-08,100.0,87.4,99.6,,,,,,,1.1,20.2,100.0,89.4,72.9,100.0,89.4
2019-11-09,,,,,,,,,,,,,93.6,77.3,100.0,93.6
2019-11-10,,,,,,,,,,,,,97.0,83.8,100.0,97.0
2019-11-11,,,,100.0,91.0,100.0,,,,,,,98.3,87.3,100.0,98.3
2019-11-12,100.0,89.8,97.9,,,,,,,,,,98.7,91.7,100.0,98.7
2019-11-13,100.0,90.0,99.2,100.0,98.9,100.0,100.0,96.8,36.0,,,,98.3,93.3,100.0,98.3
2019-11-14,100.0,88.6,99.6,,,,,,,,,,99.2,94.4,100.0,99.2
2019-11-15,,,,,,,,,,8.5,36.0,100.0,98.7,94.1,100.0,98.7
2019-11-16,,,,100.0,98.6,100.0,,,,,,,99.6,96.4,100.0,99.6
2019-11-17,,,,,,,,,,,,,99.2,96.0,100.0,99.2
2019-11-18,100.0,90.5,95.3,100.0,98.4,100.0,,,,,,,99.6,97.1,100.0,99.6
2019-11-19,100.0,88.3,99.2,,,,,,,,,,99.2,96.6,100.0,99.2
2019-11-20,100.0,88.5,98.7,,,,,,,,,,99.6,97.3,100.0,99.6
2019-11-21,,,,100.0,99.0,100.0,,,,,,,99.2,96.9,100.0,99.2
2019-11-22,,,,,,,,,,,,,99.6,96.9,100.0,99.6
2019-11-23,,,,,,,,,,,,,99.2,96.1,100.0,99.2
2019-11-24,100.0,86.4,95.3,,,,,,,,,,99.6,97.0,100.0,99.6
2019-11-25,100.0,86.2,99.2,,,,,,,,,,99.2,96.5,100.0,99.2
2019-11-26,100.0,85.8,99.6,,,,,,,,,,99.6,96.9,100.0,99.6
2019-11-27,,,,,,,,,,100.0,81.2,100.0,99.2,96.0,100.0,99.2
2019-11-28,,,,,,,,,,,,,99.6,96.9,100.0,99.6
2019-11-29,,,,,,,,,,,,,99.2,96.5,100.0,99.2
2019-11-30,100.0,87.5,96.2,,,,,,,,,,99.6,97.2,100.0,99.6
2019-12-01,100.0,83.0,99.2,,,,,,,,,,99.2,97.2,100.0,99.2
2019-12-02,100.0,84.7,98.7,,,,,,,,,,99.6,97.9,100.0,99.6
2019-12-03,,,,99.6,98.7,100.0,,,,,,,99.6,97.9,100.0,99.6
2019-12-04,,,,,,,,,,100.0,71.7,100.0,99.6,98.1,100.0,99.6
2019-12-05,,,,,,,,,,,,,99.6,98.0,100.0,99.6
2019-12-06,100.0,85.4,95.8,100.0,99.2,100.0,,,,,,,100.0,98.7,100.0,100.0
2019-12-07,100.0,82.3,99.2,,,,,,,,,,100.0,98.4,100.0,100.0
2019-12-08,100.0,78.7,99.6,98.7,98.4,100.0,,,,100.0,93.4,100.0,100.0,98.7,100.0,100.0
2019-12-09,,,,,,,,,,100.0,96.7,100.0,100.0,98.2,100.0,100.0
2019-12-10,,,,,,,,,,,,,100.0,98.4,100.0,100.0
2019-12-11,,,,,,,,,,,,,100.0,98.2,100.0,100.0
2019-12-12,99.6,78.5,96.6,,,,,,,100.0,98.7,100.0,100.0,98.4,100.0,100.0
2019-12-13,98.7,72.6,99.6,,,,,,,,,,100.0,98.1,100.0,100.0
2019-12-14,96.6,67.5,99.6,,,,,,,,,,99.6,98.3,100.0,99.6
2019-12-15,,,,,,,,,,100.0,98.1,100.0,99.6,98.0,100.0,99.6
2019-12-16,,,,,,,,,,100.0,99.1,100.0,99.6,98.2,100.0,99.6
2019-12-17,,,,,,,,,,,,,99.6,98.4,100.0,99.6
2019-12-18,93.5,64.9,98.3,99.6,98.7,100.0,,,,,,,99.6,98.7,100.0,99.6
2019-12-19,95.3,61.5,99.2,,,,,,,100.0,99.3,100.0,99.6,98.2,100.0,99.6
2019-12-20,97.0,67.2,100.0,,,,,,,,,,99.6,98.1,100.0,99.6
2019-12-21,,,,,,,,,,100.0,99.8,100.0,100.0,97.8,100.0,100.0
2019-12-22,,,,,,,,,,,,,99.6,97.9,100.0,99.6
2019-12-23,,,,,,,,,,,,,100.0,97.7,100.0,100.0
2019-12-24,97.4,68.1,97.0,,,,,,,,,,99.6,97.6,100.0,99.6
2019-12-25,99.1,73.5,98.7,,,,,,,100.0,99.8,100.0,100.0,98.1,100.0,100.0
2019-12-26,99.2,80.8,100.0,,,,,,,,,,100.0,98.4,100.0,100.0
2019-12-27,,,,,,,,,,,,,100.0,98.5,100.0,100.0
2019-12-28,,,,97.9,97.3,100.0,,,,,,,100.0,98.3,100.0,100.0
2019-12-29,,,,,,,,,,100.0,99.9,100.0,100.0,98.4,100.0,100.0
2019-12-30,100.0,86.8,97.0,,,,,,,,,,100.0,98.4,100.0,100.0
2019-12-31,99.6,87.3,98.3,96.6,97.1,100.0,100.0,99.9,100.0,,,,100.0,98.8,100.0,100.0
2020-01-01,100.0,85.2,100.0,,,,,,,,,,100.0,99.5,100.0,100.0
2020-01-02,,,,95.7,95.5,100.0,,,,,,,100.0,99.6,100.0,100.0
2020-01-03,,,,,,,,,,,,,100.0,99.7,100.0,100.0
2020-01-04,,,,,,,,,,100.0,99.8,100.0,100.0,99.7,100.0,100.0
2020-01-05,100.0,88.5,100.0,95.7,95.3,100.0,,,,100.0,99.9,100.0,100.0,99.7,100.0,100.0
2020-01-06,100.0,88.7,99.3,,,,,,,,,,100.0,99.7,100.0,100.0
2020-01-07,100.0,88.2,100.0,,,,,,,,,,100.0,99.7,100.0,100.0
2020-01-08,,,,,,,,,,,,,100.0,99.7,100.0,100.0
2020-01-09,,,,,,,,,,,,,100.0,99.6,100.0,100.0
2020-01-10,,,,95.7,95.0,100.0,,,,,,,100.0,99.7,100.0,100.0
2020-01-11,100.0,91.3,100.0,,,,,,,100.0,99.9,100.0,100.0,99.7,100.0,100.0
2020-01-12,100.0,93.1,100.0,95.7,95.5,100.0,,,,100.0,99.9,100.0,100.0,99.7,100.0,100.0
2020-01-13,100.0,93.7,100.0,,,,,,,,,,100.0,99.8,100.0,100.0
2020-01-14,,,,,,,,,,,,,100.0,99.7,100.0,100.0
2020-01-15,,,,95.7,95.4,100.0,,,,,,,100.0,99.8,100.0,100.0
2020-01-16,,,,,,,100.0,100.0,100.0,100.0,99.9,100.0,100.0,99.8,100.0,100.0
2020-01-17,100.0,94.8,99.3,95.7,94.7,100.0,,,,,,,100.0,99.8,100.0,100.0
2020-01-18,100.0,95.7,99.3,,,,,,,,,,100.0,99.9,100.0,100.0
2020-01-19,100.0,96.6,100.0,,,,,,,,,,100.0,99.9,100.0,100.0
2020-01-20,,,,97.8,97.2,100.0,,,,100.0,99.9,100.0,100.0,99.9,100.0,100.0
2020-01-21,,,,,,,,,,,,,100.0,99.9,100.0,100.0
2020-01-22,,,,97.8,97.2,100.0,,,,,,,100.0,99.9,100.0,100.0
2020-01-23,100.0,97.0,99.3,,,,,,,,,,100.0,99.9,100.0,100.0
2020-01-24,100.0,95.6,100.0,,,,,,,,,,100.0,99.9,100.0,100.0
2020-01-25,100.0,95.3,100.0,96.4,96.4,100.0,,,,,,,100.0,99.9,100.0,100.0
2020-01-26,,,,,,,,,,,,,100.0,99.8,100.0,100.0
2020-01-27,,,,98.6,97.7,100.0,,,,100.0,99.9,100.0,100.0,99.8,100.0,100.0
2020-01-28,,,,,,,,,,,,,100.0,99.7,100.0,100.0
2020-01-29,100.0,94.0,97.8,,,,,,,,,,100.0,99.7,100.0,100.0
2020-01-30,100.0,93.8,99.3,99.3,98.6,100.0,,,,100.0,99.9,100.0,100.0,99.7,100.0,100.0
2020-01-31,100.0,92.4,100.0,,,,,,,100.0,99.9,100.0,100.0,99.7,100.0,100.0
2020-02-01,,,,99.3,98.6,100.0,,,,,,,100.0,99.5,100.0,100.0
2020-02-02,,,,,,,,,,,,,100.0,99.4,100.0,100.0
2020-02-03,,,,,,,,,,,,,100.0,99.4,100.0,100.0
2020-02-04,100.0,93.5,100.0,,,,,,,,,,100.0,99.4,100.0,100.0
2020-02-05,100.0,91.9,100.0,,,,,,,100.0,99.9,100.0,100.0,99.4,100.0,100.0
2020-02-06,100.0,93.6,100.0,,,,,,,,,,100.0,99.4,100.0,100.0
2020-02-07,,,,,,,,,,100.0,99.9,100.0,100.0,99.4,100.0,100.0
2020-02-08,,,,,,,,,,100.0,99.9,100.0,100.0,99.5,100.0,100.0
2020-02-09,,,,99.3,98.4,100.0,,,,,,,100.0,99.5,100.0,100.0
2020-02-10,100.0,93.6,100.0,,,,,,,,,,100.0,99.5,100.0,100.0
2020-02-11,100.0,94.1,100.0,,,,,,,100.0,99.8,100.0,100.0,99.5,100.0,100.0
2020-02-12,100.0,94.6,100.0,,,,,,,,,,100.0,99.5,100.0,100.0
2020-02-13,,,,,,,,,,,,,100.0,99.5,100.0,100.0
2020-02-14,,,,99.3,98.3,100.0,,,,100.0,99.8,100.0,100.0,99.6,100.0,100.0
2020-02-15,,,,,,,,,,100.0,99.7,100.0,100.0,99.5,100.0,100.0
2020-02-16,100.0,95.8,99.3,,,,,,,100.0,99.7,100.0,100.0,99.6,100.0,100.0
2020-02-17,100.0,96.6,100.0,,,,,,,,,,100.0,99.5,100.0,100.0
2020-02-18,100.0,98.0,100.0,,,,,,,,,,100.0,99.5,100.0,100.0
2020-02-19,,,,,,,,,,,,,100.0,99.6,100.0,100.0
2020-02-20,,,,,,,,,,100.0,99.7,100.0,100.0,99.6,100.0,100.0
2020-02-21,,,,97.8,97.9,100.0,,,,,,,100.0,99.6,100.0,100.0
2020-02-22,100.0,98.7,100.0,,,,,,,100.0,99.7,100.0,100.0,99.5,100.0,100.0
2020-02-23,100.0,99.1,100.0,,,,,,,,,,100.0,99.5,100.0,100.0
2020-02-24,100.0,99.2,100.0,96.4,97.2,100.0,,,,,,,100.0,99.5,100.0,100.0
2020-02-25,,,,,,,,,,,,,100.0,99.2,100.0,100.0
2020-02-26,,,,,,,,,,,,,100.0,98.9,100.0,100.0
2020-02-27,,,,,,,,,,,,,100.0,98.9,100.0,100.0
2020-02-28,100.0,99.5,97.8,,,,,,,,,,100.0,99.0,100.0,100.0
2020-02-29,100.0,99.4,98.6,99.3,98.5,100.0,,,,,,,100.0,99.3,100.0,100.0
2020-03-01,100.0,99.2,100.0,,,,,,,,,,100.0,99.3,100.0,100.0
2020-03-02,,,,,,,,,,,,,100.0,99.2,100.0,100.0
2020-03-03,,,,,,,,,,100.0,99.7,100.0,100.0,99.3,100.0,100.0
2020-03-04,,,,,,,100.0,100.0,81.9,,,,100.0,99.5,100.0,100.0
2020-03-05,100.0,99.0,100.0,,,,,,,,,,100.0,99.5,100.0,100.0
2020-03-06,100.0,99.1,99.3,,,,,,,100.0,99.7,100.0,100.0,99.5,100.0,100.0
2020-03-07,100.0,98.9,100.0,,,,,,,100.0,99.8,100.0,100.0,99.6,100.0,100.0
2020-03-08,,,,,,,,,,,,,100.0,99.4,100.0,100.0
2020-03-09,,,,,,,,,,,,,100.0,99.5,100.0,100.0
2020-03-10,,,,,,,,,,,,,100.0,99.5,100.0,100.0
2020-03-11,100.0,98.8,100.0,,,,,,,,,,100.0,99.7,100.0,100.0
2020-03-12,100.0,97.1,99.3,98.6,97.8,52.9,,,,,,,100.0,99.6,100.0,100.0
2020-03-13,100.0,98.5,100.0,,,,,,,100.0,99.7,100.0,100.0,99.7,100.0,100.0
2020-03-14,,,,,,,,,,100.0,99.7,100.0,100.0,99.5,100.0,100.0
2020-03-15,,,,99.3,98.3,100.0,,,,,,,100.0,99.7,100.0,100.0
2020-03-16,,,,,,,,,,,,,100.0,99.6,100.0,100.0
2020-03-17,100.0,98.4,89.1,98.6,97.9,100.0,,,,,,,100.0,99.7,100.0,100.0
2020-03-18,100.0,98.9,100.0,,,,,,,100.0,99.6,100.0,100.0,99.6,100.0,100.0
2020-03-19,100.0,98.3,100.0,,,,,,,,,,100.0,99.7,100.0,100.0
2020-03-20,,,,99.3,98.9,100.0,,,,,,,100.0,99.5,100.0,100.0
2020-03-21,,,,,,,,,,,,,100.0,99.6,100.0,100.0
2020-03-22,,,,98.6,97.3,100.0,,,,100.0,99.8,100.0,100.0,99.6,100.0,100.0
2020-03-23,100.0,99.2,100.0,,,,,,,,,,100.0,99.7,100.0,100.0
2020-03-24,100.0,99.5,99.3,,,,,,,,,,100.0,99.6,100.0,100.0
2020-03-25,100.0,99.7,100.0,100.0,99.3,100.0,,,,,,,100.0,99.8,100.0,100.0
2020-03-26,,,,,,,,,,,,,100.0,99.6,100.0,100.0
2020-03-27,,,,99.3,98.5,100.0,,,,,,,100.0,99.7,100.0,100.0
2020-03-28,,,,,,,,,,,,,100.0,99.5,100.0,100.0
2020-03-29,100.0,99.6,99.3,,,,,,,100.0,99.7,100.0,100.0,99.6,100.0,100.0
2020-03-30,100.0,99.5,99.3,,,,,,,100.0,99.8,100.0,100.0,99.5,100.0,100.0
2020-03-31,100.0,99.2,100.0,,,,,,,,,,100.0,99.6,100.0,100.0
2020-04-01,,,,99.3,98.5,100.0,,,,,,,100.0,99.5,100.0,100.0
2020-04-02,,,,,,,,,,100.0,99.6,100.0,100.0,99.6,100.0,100.0
2020-04-03,,,,,,,,,,100.0,99.7,100.0,100.0,99.5,100.0,100.0
2020-04-04,100.0,99.4,99.3,100.0,98.7,100.0,,,,,,,100.0,99.7,100.0,100.0
2020-04-05,100.0,98.6,99.3,,,,100.0,99.7,100.0,,,,100.0,99.7,100.0,100.0
2020-04-06,100.0,97.0,99.3,100.0,98.7,100.0,,,,100.0,99.3,100.0,100.0,99.7,100.0,100.0
2020-04-07,,,,,,,,,,100.0,99.4,100.0,100.0,99.6,100.0,100.0
2020-04-08,,,,,,,,,,100.0,98.7,100.0,100.0,99.6,100.0,100.0
2020-04-09,,,,100.0,98.8,100.0,,,,,,,100.0,99.6,100.0,100.0
2020-04-10,100.0,89.5,100.0,,,,,,,,,,100.0,99.6,100.0,100.0
2020-04-11,100.0,82.9,100.0,100.0,99.1,100.0,,,,100.0,98.9,100.0,100.0,99.5,100.0,100.0
2020-04-12,99.3,72.1,100.0,,,,,,,100.0,97.7,100.0,100.0,99.4,100.0,100.0
2020-04-13,,,,,,,,,,,,,100.0,99.1,100.0,100.0
2020-04-14,,,,100.0,99.8,100.0,,,,,,,100.0,99.2,100.0,100.0
2020-04-15,,,,,,,,,,100.0,98.0,100.0,100.0,98.4,100.0,100.0
2020-04-16,42.8,41.3,100.0,100.0,99.4,100.0,,,,,,,100.0,98.3,100.0,100.0
2020-04-17,2.9,12.5,100.0,,,,,,,100.0,96.9,100.0,100.0,97.0,100.0,100.0
2020-04-18,0.0,3.5,100.0,,,,,,,,,,100.0,96.3,100.0,100.0
2020-04-19,,,,,,,,,,,,,100.0,95.0,100.0,100.0
2020-04-20,,,,,,,,,,100.0,97.0,100.0,100.0,94.1,100.0,100.0
2020-04-21,,,,,,,,,,,,,100.0,91.0,100.0,100.0
2020-04-22,0.7,3.9,100.0,,,,,,,,,,100.0,88.9,100.0,100.0
2020-04-23,0.0,2.9,100.0,,,,,,,100.0,97.1,100.0,100.0,88.4,100.0,100.0
2020-04-24,0.7,3.9,100.0,,,,,,,100.0,97.2,100.0,100.0,84.5,100.0,100.0
2020-04-25,,,,,,,,,,100.0,97.1,100.0,100.0,81.6,100.0,100.0
2020-04-26,,,,,,,,,,,,,87.0,74.8,100.0,87.0
2020-04-27,,,,,,,,,,100.0,96.4,100.0,94.9,76.8,100.0,94.9
2020-04-28,0.0,2.9,100.0,,,,,,,,,,87.7,76.0,100.0,87.7
2020-04-29,1.4,6.0,100.0,,,,,,,100.0,95.9,100.0,100.0,81.3,100.0,100.0
2020-04-30,0.0,6.3,100.0,,,,,,,,,,100.0,81.8,100.0,100.0
2020-05-01,,,,,,,,,,,,,100.0,86.8,100.0,100.0
2020-05-02,,,,,,,,,,,,,100.0,88.6,100.0,100.0
2020-05-03,,,,,,,,,,100.0,95.8,100.0,100.0,90.4,100.0,100.0
2020-05-04,7.2,9.9,100.0,100.0,99.3,100.0,,,,,,,100.0,92.4,100.0,100.0
2020-05-05,7.2,9.4,100.0,,,,,,,,,,100.0,92.6,100.0,100.0
2020-05-06,10.9,15.2,100.0,,,,,,,,,,100.0,93.1,100.0,100.0
2020-05-07,,,,,,,100.0,99.1,42.8,,,,100.0,92.3,100.0,100.0
2020-05-08,,,,,,,,,,,,,100.0,91.3,100.0,100.0
2020-05-09,,,,100.0,94.8,100.0,,,,,,,100.0,91.6,100.0,100.0
2020-05-10,12.3,14.9,100.0,,,,,,,,,,100.0,89.5,100.0,100.0
2020-05-11,10.9,13.5,100.0,,,,,,,,,,100.0,87.2,100.0,100.0
2020-05-12,5.8,11.8,100.0,,,,,,,,,,98.6,84.0,100.0,98.6
2020-05-13,,,,,,,,,,,,,98.6,83.8,100.0,98.6
2020-05-14,,,,,,,,,,,,,96.4,80.9,100.0,96.4
2020-05-15,,,,,,,,,,,,,94.2,74.2,100.0,94.2
2020-05-16,10.1,15.7,100.0,,,,,,,100.0,92.1,100.0,64.5,66.0,100.0,64.5
2020-05-17,8.0,16.5,100.0,,,,,,,,,,49.3,58.4,100.0,49.3
2020-05-18,5.8,16.7,100.0,,,,,,,,,,33.3,50.0,100.0,33.3
2020-05-19,,,,,,,,,,,,,28.3,44.2,100.0,28.3
2020-05-20,,,,,,,,,,100.0,90.8,100.0,15.9,36.7,100.0,15.9
2020-05-21,,,,15.2,40.4,100.0,,,,,,,11.6,31.9,100.0,11.6
2020-05-22,9.4,18.5,100.0,,,,,,,,,,5.8,27.4,100.0,5.8
2020-05-23,15.9,22.9,100.0,,,,,,,,,,4.3,24.0,100.0,4.3
2020-05-24,22.5,30.7,100.0,0.0,7.2,100.0,,,,98.6,76.0,100.0,3.6,22.5,100.0,3.6
2020-05-25,,,,,,,,,,,,,1.4,19.0,100.0,1.4
2020-05-26,,,,0.0,1.1,100.0,,,,,,,1.4,15.5,100.0,1.4
2020-05-27,,,,,,,,,,,,,0.0,13.5,100.0,0.0
2020-05-28,25.5,31.8,99.3,,,,,,,97.8,65.2,100.0,0.0,11.9,100.0,0.0
2020-05-29,14.5,26.7,100.0,0.0,0.4,100.0,,,,,,,0.0,9.7,100.0,0.0
2020-05-30,28.3,31.9,100.0,,,,,,,,,,0.0,8.0,100.0,0.0
2020-05-31,,,,0.0,0.1,63.8,,,,8.0,30.8,100.0,0.0,6.5,100.0,0.0
2020-06-01,,,,,,,,,,10.9,33.6,100.0,0.0,5.5,100.0,0.0
2020-06-02,,,,,,,,,,,,,0.0,5.2,100.0,0.0
2020-06-03,21.0,29.2,100.0,,,,,,,,,,0.0,4.2,100.0,0.0
2020-06-04,25.4,30.7,100.0,,,,,,,,,,0.0,4.5,100.0,0.0
2020-06-05,8.0,22.1,100.0,,,,,,,,,,0.0,4.5,100.0,0.0
2020-06-06,,,,,,,,,,,,,0.0,4.8,100.0,0.0
2020-06-07,,,,,,,,,,,,,0.0,4.7,100.0,0.0
2020-06-08,,,,,,,,,,,,,0.0,6.0,100.0,0.0
2020-06-09,13.8,23.8,100.0,,,,,,,,,,0.0,6.0,100.0,0.0
2020-06-10,27.5,30.4,100.0,,,,,,,,,,0.0,6.9,100.0,0.0
2020-06-11,,,,,,,,,,,,,0.0,6.9,100.0,0.0
2020-06-12,,,,,,,,,,0.0,6.9,100.0,0.0,7.0,100.0,0.0
2020-06-13,,,,,,,,,,0.0,7.9,100.0,0.0,7.0,100.0,0.0
2020-06-14,,,,,,,,,,,,,0.0,5.7,100.0,0.0
2020-06-15,8.7,22.1,100.0,,,,,,,,,,0.0,4.6,100.0,0.0
2020-06-16,17.4,28.1,100.0,,,,,,,0.0,1.7,100.0,0.0,4.0,100.0,0.0
2020-06-17,0.7,15.6,100.0,,,,,,,,,,0.0,3.8,100.0,0.0
2020-06-18,,,,,,,,,,,,,0.0,3.6,100.0,0.0
2020-06-19,,,,,,,,,,,,,0.0,3.8,100.0,0.0
2020-06-20,,,,0.0,0.0,100.0,,,,0.0,2.1,100.0,0.0,3.4,100.0,0.0
2020-06-21,17.5,29.8,99.3,,,,,,,0.0,0.2,100.0,0.0,4.0,100.0,0.0
2020-06-22,0.7,14.2,100.0,,,,,,,0.0,0.3,100.0,0.0,3.1,100.0,0.0
2020-06-23,,,,0.0,0.0,100.0,,,,,,,0.0,3.1,100.0,0.0
2020-06-24,,,,,,,,,,,,,0.0,2.9,100.0,0.0
2020-06-25,,,,,,,,,,0.0,0.1,100.0,0.0,2.7,100.0,0.0
2020-06-26,,,,,,,,,,0.0,0.1,100.0,0.0,1.9,100.0,0.0
2020-06-27,0.0,7.9,98.6,,,,,,,,,,0.0,2.3,100.0,0.0
2020-06-28,0.0,6.2,100.0,,,,,,,0.0,0.0,100.0,0.0,2.3,100.0,0.0
2020-06-29,0.0,6.5,100.0,,,,,,,,,,0.0,2.8,100.0,0.0
2020-06-30,,,,0.0,0.0,100.0,,,,0.0,0.0,100.0,0.0,1.7,100.0,0.0
2020-07-01,,,,,,,,,,,,,0.0,2.3,100.0,0.0
2020-07-02,,,,,,,,,,,,,0.0,2.6,100.0,0.0
2020-07-03,0.0,7.2,99.3,,,,,,,,,,0.0,3.2,100.0,0.0
2020-07-04,0.0,6.6,100.0,,,,,,,0.0,0.0,100.0,0.0,2.2,100.0,0.0
2020-07-05,0.0,7.9,100.0,0.0,0.0,100.0,,,,,,,0.0,2.1,100.0,0.0
2020-07-06,,,,,,,,,,,,,0.0,2.7,100.0,0.0
2020-07-07,,,,,,,,,,,,,0.0,2.7,100.0,0.0
2020-07-08,,,,0.0,0.0,100.0,,,,0.0,0.0,100.0,0.0,2.0,100.0,0.0
2020-07-09,0.0,10.8,97.8,,,,,,,0.0,0.0,100.0,0.0,1.9,100.0,0.0
2020-07-10,0.0,9.3,100.0,,,,,,,,,,0.0,1.8,100.0,0.0
2020-07-11,0.0,6.7,100.0,,,,,,,,,,0.0,1.8,100.0,0.0
2020-07-12,,,,,,,,,,,,,0.0,1.7,100.0,0.0
2020-07-13,,,,0.0,0.0,100.0,,,,,,,0.0,2.1,100.0,0.0
2020-07-14,,,,,,,,,,,,,0.0,1.9,100.0,0.0
2020-07-15,0.0,5.0,99.3,,,,,,,,,,0.0,1.5,100.0,0.0
2020-07-16,0.0,2.9,100.0,,,,,,,,,,0.0,1.6,100.0,0.0
2020-07-17,0.0,2.1,100.0,,,,,,,,,,0.0,1.5,100.0,0.0
2020-07-18,,,,0.0,0.0,76.8,,,,0.0,0.0,100.0,0.0,1.3,100.0,0.0
2020-07-19,,,,,,,,,,,,,0.0,1.5,100.0,0.0
2020-07-20,,,,0.0,0.0,100.0,,,,,,,0.0,1.1,100.0,0.0
2020-07-21,0.0,1.7,98.6,,,,,,,,,,0.0,0.9,100.0,0.0
2020-07-22,0.0,1.6,100.0,,,,,,,,,,0.0,0.9,100.0,0.0
2020-07-23,0.0,1.4,100.0,,,,,,,,,,0.0,0.9,100.0,0.0
2020-07-24,,,,,,,,,,,,,0.0,0.8,100.0,0.0
2020-07-25,,,,0.0,0.0,98.6,,,,0.0,0.0,100.0,0.0,0.5,100.0,0.0
2020-07-26,,,,,,,,,,,,,0.0,0.9,100.0,0.0
2020-07-27,0.0,1.1,98.6,,,,,,,,,,0.0,0.7,100.0,0.0
2020-07-28,0.0,0.9,99.3,0.0,0.0,36.2,,,,,,,0.0,0.6,100.0,0.0
2020-07-29,0.0,1.5,100.0,,,,,,,0.0,0.0,100.0,0.0,0.4,100.0,0.0
2020-07-30,,,,,,,,,,,,,0.0,0.5,100.0,0.0
2020-07-31,,,,,,,,,,0.0,0.0,100.0,0.0,0.3,100.0,0.0
2020-08-01,,,,,,,,,,,,,0.0,0.4,100.0,0.0
2020-08-02,0.0,1.3,98.6,,,,,,,,,,0.0,0.3,100.0,0.0
2020-08-03,0.0,1.6,98.6,,,,,,,,,,0.0,0.4,100.0,0.0
2020-08-04,0.0,1.5,100.0,,,,,,,,,,0.0,0.4,100.0,0.0
2020-08-05,,,,,,,,,,,,,0.0,0.6,100.0,0.0
2020-08-06,,,,,,,,,,0.0,0.0,100.0,0.0,0.4,100.0,0.0
2020-08-07,,,,0.0,0.0,100.0,,,,0.0,0.0,100.0,0.0,0.3,100.0,0.0
2020-08-08,0.0,3.0,98.6,,,,,,,0.0,0.0,100.0,0.0,0.2,100.0,0.0
2020-08-09,0.0,4.1,99.3,0.0,0.0,100.0,,,,,,,0.0,0.2,100.0,0.0
2020-08-10,0.0,3.3,100.0,,,,,,,,,,0.0,0.2,100.0,0.0
2020-08-11,,,,,,,0.0,0.0,53.6,0.0,0.0,100.0,0.0,0.2,100.0,0.0
2020-08-12,,,,,,,,,,0.0,0.0,100.0,0.0,0.2,100.0,0.0
2020-08-13,,,,,,,,,,,,,0.0,0.2,100.0,0.0
2020-08-14,0.0,5.3,99.3,,,,,,,,,,0.0,0.2,100.0,0.0
2020-08-15,0.0,5.4,100.0,,,,,,,0.0,0.0,100.0,0.0,0.2,100.0,0.0
2020-08-16,0.0,5.9,100.0,,,,,,,,,,0.0,0.2,100.0,0.0
2020-08-17,,,,0.0,0.0,100.0,,,,,,,0.0,0.2,100.0,0.0
2020-08-18,,,,,,,,,,,,,0.0,0.3,100.0,0.0
2020-08-19,,,,0.0,0.0,100.0,,,,0.0,0.0,100.0,0.0,0.2,100.0,0.0
2020-08-20,0.0,2.6,99.3,,,,,,,0.0,0.0,100.0,0.0,0.2,100.0,0.0
2020-08-21,0.0,3.0,100.0,,,,,,,,,,0.0,0.2,100.0,0.0
2020-08-22,0.0,3.4,100.0,,,,,,,,,,0.0,0.2,100.0,0.0
2020-08-23,,,,,,,,,,0.0,0.0,100.0,0.0,0.1,100.0,0.0
2020-08-24,,,,,,,,,,,,,0.0,0.2,100.0,0.0
2020-08-25,,,,,,,,,,0.0,0.0,100.0,0.0,0.1,100.0,0.0
2020-08-26,0.0,4.2,99.3,,,,,,,0.0,0.0,100.0,0.0,0.2,100.0,0.0
2020-08-27,0.0,4.6,99.3,,,,0.0,0.0,100.0,0.0,0.0,100.0,0.0,0.2,100.0,0.0
2020-08-28,0.0,6.3,100.0,,,,,,,0.0,0.0,100.0,0.0,0.2,100.0,0.0
2020-08-29,,,,,,,,,,,,,0.0,0.2,100.0,0.0
2020-08-30,,,,,,,,,,,,,0.0,0.3,100.0,0.0
2020-08-31,,,,,,,,,,0.0,0.1,100.0,0.0,0.5,100.0,0.0
2020-09-01,0.0,10.6,97.8,,,,,,,0.0,0.0,100.0,0.0,0.7,100.0,0.0
2020-09-02,0.0,9.1,100.0,,,,,,,0.0,0.1,100.0,0.0,0.8,100.0,0.0
2020-09-03,0.0,7.1,99.3,0.0,0.0,100.0,,,,,,,0.0,0.9,100.0,0.0
2020-09-04,,,,,,,,,,0.0,0.1,100.0,0.0,1.1,100.0,0.0
2020-09-05,,,,,,,,,,,,,0.0,1.2,100.0,0.0
2020-09-06,,,,,,,,,,,,,0.0,1.5,100.0,0.0
2020-09-07,0.0,9.4,98.6,,,,,,,,,,0.0,1.4,100.0,0.0
2020-09-08,0.0,7.8,100.0,0.0,0.0,100.0,,,,,,,0.0,1.3,100.0,0.0
2020-09-09,0.0,5.6,100.0,,,,,,,0.0,0.2,100.0,0.0,1.3,100.0,0.0
2020-09-10,,,,,,,,,,,,,0.0,1.4,100.0,0.0
2020-09-11,,,,0.0,0.0,100.0,,,,,,,0.0,1.3,100.0,0.0
2020-09-12,,,,,,,,,,,,,0.0,2.0,100.0,0.0
2020-09-13,0.0,4.9,99.3,0.0,0.0,100.0,,,,,,,0.0,2.3,100.0,0.0
2020-09-14,0.0,7.3,100.0,,,,,,,,,,0.0,2.5,100.0,0.0
2020-09-15,0.7,12.5,98.6,,,,,,,,,,0.0,2.1,100.0,0.0
2020-09-16,,,,0.0,0.1,100.0,,,,,,,0.0,2.6,100.0,0.0
2020-09-17,,,,,,,,,,,,,0.0,2.9,100.0,0.0
2020-09-18,,,,0.0,0.1,100.0,,,,0.0,0.1,100.0,0.0,2.6,100.0,0.0
2020-09-19,2.9,14.8,99.3,,,,,,,,,,0.0,2.9,100.0,0.0
2020-09-20,9.4,20.1,100.0,,,,,,,,,,0.0,3.5,100.0,0.0
2020-09-21,14.5,21.5,100.0,,,,,,,,,,0.0,4.1,100.0,0.0
2020-09-22,,,,,,,,,,,,,0.0,5.3,100.0,0.0
2020-09-23,,,,,,,,,,,,,0.0,5.5,100.0,0.0
2020-09-24,,,,,,,,,,,,,0.0,5.9,100.0,0.0
2020-09-25,15.9,22.2,100.0,,,,,,,,,,0.0,7.7,100.0,0.0
2020-09-26,6.5,16.7,100.0,,,,,,,,,,0.0,7.8,100.0,0.0
2020-09-27,10.1,17.9,100.0,,,,,,,,,,0.0,7.4,100.0,0.0
2020-09-28,,,,0.0,0.4,97.1,,,,,,,0.0,6.6,100.0,0.0
2020-09-29,,,,,,,,,,,,,0.0,8.2,100.0,0.0
2020-09-30,,,,,,,,,,0.0,0.6,100.0,0.0,6.3,100.0,0.0
2020-10-01,7.3,17.0,99.3,,,,,,,,,,0.0,8.0,100.0,0.0
2020-10-02,12.3,21.3,100.0,,,,,,,,,,0.0,6.4,100.0,0.0
2020-10-03,10.1,21.9,100.0,,,,,,,,,,0.0,8.4,100.0,0.0
2020-10-04,,,,,,,,,,0.0,1.9,100.0,0.0,6.9,100.0,0.0
2020-10-05,,,,,,,,,,,,,0.0,9.5,100.0,0.0
2020-10-06,,,,,,,,,,,,,0.0,8.7,100.0,0.0
2020-10-07,14.5,26.3,100.0,,,,,,,,,,0.0,12.3,100.0,0.0
2020-10-08,14.5,25.8,100.0,,,,,,,0.0,3.5,100.0,0.0,9.2,100.0,0.0
2020-10-09,36.2,37.2,100.0,,,,,,,0.0,5.1,100.0,0.0,13.2,100.0,0.0
2020-10-10,,,,,,,,,,0.0,4.6,100.0,0.0,12.0,100.0,0.0
2020-10-11,,,,,,,,,,,,,0.0,16.9,100.0,0.0
2020-10-12,,,,,,,,,,0.0,9.0,100.0,0.0,15.6,100.0,0.0
2020-10-13,36.5,36.7,99.3,0.0,8.2,100.0,,,,0.0,7.7,100.0,3.6,22.3,100.0,3.6
2020-10-14,16.7,27.4,100.0,,,,,,,0.0,8.6,100.0,2.9,22.5,100.0,2.9
2020-10-15,6.5,20.0,100.0,,,,,,,,,,10.9,28.5,100.0,10.9
2020-10-16,,,,67.9,58.3,81.2,,,,0.0,7.0,100.0,8.0,25.7,100.0,8.0
2020-10-17,,,,,,,,,,0.0,10.9,100.0,12.3,29.2,100.0,12.3
2020-10-18,,,,0.0,22.3,100.0,,,,,,,10.1,29.2,100.0,10.1
2020-10-19,2.2,13.7,98.6,,,,,,,,,,10.9,28.6,100.0,10.9
2020-10-20,0.0,8.3,100.0,,,,,,,,,,8.0,27.3,100.0,8.0
2020-10-21,0.7,9.8,100.0,,,,,,,0.0,17.3,100.0,7.2,26.5,100.0,7.2
2020-10-22,,,,,,,,,,,,,4.3,26.5,100.0,4.3
2020-10-23,,,,,,,,,,,,,1.4,21.8,100.0,1.4
2020-10-24,,,,,,,,,,,,,0.0,21.6,100.0,0.0
2020-10-25,0.0,9.8,97.8,,,,,,,10.1,29.7,100.0,0.0,18.4,100.0,0.0
2020-10-26,0.0,13.0,100.0,,,,,,,,,,0.0,21.8,100.0,0.0
2020-10-27,0.0,14.8,100.0,,,,,,,,,,0.0,17.5,100.0,0.0
2020-10-28,,,,,,,,,,,,,0.0,19.2,100.0,0.0
2020-10-29,,,,,,,,,,,,,0.0,16.8,100.0,0.0
2020-10-30,,,,,,,,,,,,,0.0,18.7,100.0,0.0
2020-10-31,14.7,28.1,98.6,0.0,1.9,100.0,,,,,,,0.0,17.5,100.0,0.0
2020-11-01,42.0,40.7,100.0,,,,,,,,,,0.0,20.5,100.0,0.0
2020-11-02,86.2,58.9,100.0,0.0,0.3,100.0,,,,11.6,36.9,100.0,0.0,18.0,100.0,0.0
2020-11-03,,,,,,,,,,,,,0.0,23.3,100.0,0.0
2020-11-04,,,,,,,,,,,,,0.0,26.6,100.0,0.0
2020-11-05,,,,0.0,0.1,100.0,,,,,,,0.0,32.1,100.0,0.0
2020-11-06,92.6,69.0,98.6,,,,,,,,,,3.6,38.1,100.0,3.6
2020-11-07,99.3,83.0,100.0,0.0,0.1,100.0,,,,,,,5.1,42.5,100.0,5.1
2020-11-08,100.0,93.1,99.3,,,,,,,,,,13.8,48.1,100.0,13.8
2020-11-09,,,,,,,,,,,,,25.4,54.0,100.0,25.4
2020-11-10,,,,0.0,0.1,100.0,,,,,,,40.6,58.9,100.0,40.6
2020-11-11,,,,,,,,,,,,,71.7,63.9,100.0,71.7
2020-11-12,100.0,97.3,99.3,0.0,0.2,100.0,,,,,,,94.9,71.0,100.0,94.9
2020-11-13,100.0,98.8,99.3,,,,,,,,,,99.3,76.1,100.0,99.3
2020-11-14,100.0,99.5,99.3,,,,,,,,,,100.0,83.0,100.0,100.0
2020-11-15,,,,0.0,1.5,100.0,,,,,,,100.0,82.4,100.0,100.0
2020-11-16,,,,,,,,,,,,,100.0,87.9,100.0,100.0
2020-11-17,,,,5.1,19.0,100.0,,,,,,,100.0,89.6,100.0,100.0
2020-11-18,100.0,99.8,97.1,,,,,,,,,,100.0,93.7,100.0,100.0
2020-11-19,100.0,99.9,100.0,,,,,,,,,,100.0,94.1,100.0,100.0
2020-11-20,100.0,99.9,100.0,,,,,,,,,,100.0,95.9,100.0,100.0
2020-11-21,,,,,,,,,,,,,100.0,95.3,100.0,100.0
2020-11-22,,,,95.7,79.6,100.0,,,,,,,100.0,97.1,100.0,100.0
2020-11-23,,,,,,,,,,,,,100.0,96.7,100.0,100.0
2020-11-24,100.0,100.0,97.8,,,,,,,,,,100.0,98.1,100.0,100.0
2020-11-25,100.0,100.0,98.6,98.6,84.8,100.0,,,,,,,100.0,98.2,100.0,100.0
2020-11-26,,,,,,,,,,,,,100.0,98.4,100.0,100.0
2020-11-27,,,,100.0,94.7,100.0,,,,100.0,92.0,100.0,100.0,98.3,100.0,100.0
2020-11-28,,,,,,,,,,100.0,94.5,100.0,100.0,98.7,100.0,100.0
2020-11-29,,,,,,,,,,,,,100.0,98.7,100.0,100.0
2020-11-30,100.0,100.0,97.8,100.0,97.7,100.0,,,,,,,100.0,99.3,100.0,100.0
2020-12-01,100.0,100.0,100.0,,,,,,,100.0,98.0,100.0,100.0,99.1,100.0,100.0
2020-12-02,100.0,100.0,100.0,100.0,99.0,100.0,,,,100.0,98.2,100.0,100.0,99.5,100.0,100.0
2020-12-03,,,,,,,,,,,,,100.0,99.3,100.0,100.0
2020-12-04,,,,,,,,,,,,,100.0,99.5,100.0,100.0
2020-12-05,,,,,,,,,,,,,100.0,99.3,100.0,100.0
2020-12-06,100.0,100.0,97.8,,,,,,,100.0,99.2,100.0,100.0,99.6,100.0,100.0
2020-12-07,100.0,100.0,100.0,,,,,,,,,,100.0,99.5,100.0,100.0
2020-12-08,100.0,100.0,98.6,,,,,,,,,,100.0,99.7,100.0,100.0
2020-12-09,,,,,,,,,,,,,100.0,99.5,100.0,100.0
2020-12-10,,,,100.0,98.7,100.0,,,,100.0,99.0,100.0,100.0,99.7,100.0,100.0
2020-12-11,,,,,,,,,,,,,100.0,99.5,100.0,100.0
2020-12-12,100.0,100.0,97.8,,,,,,,,,,100.0,99.7,100.0,100.0
2020-12-13,100.0,100.0,99.3,,,,,,,100.0,99.2,100.0,100.0,99.6,100.0,100.0
2020-12-14,100.0,100.0,100.0,,,,,,,100.0,98.6,100.0,100.0,99.7,100.0,100.0
2020-12-15,,,,,,,,,,100.0,99.3,100.0,100.0,99.6,100.0,100.0
2020-12-16,,,,,,,,,,,,,100.0,99.7,100.0,100.0
2020-12-17,,,,100.0,98.3,100.0,100.0,99.9,100.0,100.0,98.7,100.0,100.0,99.7,100.0,100.0
2020-12-18,100.0,100.0,98.6,,,,,,,100.0,99.2,100.0,100.0,99.7,100.0,100.0
2020-12-19,100.0,100.0,100.0,,,,,,,100.0,99.5,100.0,100.0,99.6,100.0,100.0
2020-12-20,100.0,99.9,99.3,,,,,,,,,,100.0,99.7,100.0,100.0
2020-12-21,,,,,,,,,,,,,100.0,99.5,100.0,100.0
2020-12-22,,,,,,,,,,,,,100.0,99.5,100.0,100.0
2020-12-23,,,,,,,,,,100.0,99.8,100.0,100.0,99.4,100.0,100.0
2020-12-24,100.0,99.9,100.0,,,,,,,,,,100.0,99.6,100.0,100.0
2020-12-25,100.0,99.9,100.0,,,,,,,,,,100.0,99.4,100.0,100.0
2020-12-26,100.0,99.9,99.3,,,,,,,100.0,99.7,100.0,100.0,99.6,100.0,100.0
2020-12-27,,,,,,,,,,100.0,99.7,100.0,100.0,99.4,100.0,100.0
2020-12-28,,,,,,,,,,,,,100.0,99.6,100.0,100.0
2020-12-29,,,,,,,,,,100.0,99.7,100.0,100.0,99.4,100.0,100.0
2020-12-30,100.0,100.0,99.3,98.6,97.5,100.0,,,,100.0,99.7,100.0,100.0,99.7,100.0,100.0
2020-12-31,100.0,100.0,100.0,,,,,,,,,,100.0,99.7,100.0,100.0
2021-01-01,100.0,99.2,96.8,98.9,98.1,100.0,,,,,,,100.0,96.4,100.0,100.0
2021-01-02,,,,,,,,,,,,,100.0,96.1,100.0,100.0
2021-01-03,,,,,,,,,,,,,100.0,97.6,100.0,100.0
2021-01-04,,,,99.1,98.6,100.0,,,,,,,100.0,98.0,100.0,100.0
2021-01-05,100.0,99.7,89.4,,,,,,,,,,100.0,99.0,100.0,100.0
2021-01-06,100.0,99.8,95.4,,,,,,,100.0,86.2,100.0,100.0,99.0,100.0,100.0
2021-01-07,100.0,99.9,96.8,,,,,,,100.0,87.5,100.0,100.0,99.3,100.0,100.0
2021-01-08,,,,,,,,,,,,,100.0,99.2,100.0,100.0
2021-01-09,,,,98.3,97.1,100.0,,,,100.0,94.7,100.0,100.0,99.6,100.0,100.0
2021-01-10,,,,,,,,,,100.0,95.9,100.0,100.0,99.4,100.0,100.0
2021-01-11,100.0,99.9,90.2,98.0,97.8,100.0,,,,,,,100.0,99.7,100.0,100.0
2021-01-12,100.0,99.9,94.5,,,,,,,,,,100.0,99.6,100.0,100.0
2021-01-13,100.0,99.9,96.8,,,,,,,,,,100.0,99.7,100.0,100.0
2021-01-14,,,,,,,,,,100.0,98.2,100.0,100.0,99.6,100.0,100.0
2021-01-15,,,,,,,,,,,,,100.0,99.7,100.0,100.0
2021-01-16,,,,97.4,97.3,100.0,,,,,,,100.0,99.7,100.0,100.0
2021-01-17,100.0,100.0,89.1,,,,,,,,,,100.0,99.8,100.0,100.0
2021-01-18,100.0,100.0,95.7,,,,100.0,99.9,39.1,,,,100.0,99.7,100.0,100.0
2021-01-19,100.0,99.9,96.8,98.3,98.1,100.0,,,,,,,100.0,99.8,100.0,100.0
2021-01-20,,,,,,,,,,,,,100.0,99.7,100.0,100.0
2021-01-21,,,,,,,,,,,,,100.0,99.7,100.0,100.0
2021-01-22,,,,,,,,,,,,,100.0,99.8,100.0,100.0
2021-01-23,100.0,100.0,90.2,,,,,,,,,,100.0,99.8,100.0,100.0
2021-01-24,100.0,99.9,94.3,98.0,97.9,100.0,,,,,,,100.0,99.8,100.0,100.0
2021-01-25,100.0,99.9,96.6,,,,,,,100.0,99.0,100.0,100.0,99.8,100.0,100.0
2021-01-26,,,,99.1,98.9,100.0,,,,100.0,99.3,100.0,100.0,99.8,100.0,100.0
2021-01-27,,,,,,,,,,,,,100.0,99.7,100.0,100.0
2021-01-28,,,,,,,,,,,,,100.0,99.7,100.0,100.0
2021-01-29,100.0,99.9,88.8,,,,,,,100.0,99.2,100.0,100.0,99.7,100.0,100.0
2021-01-30,100.0,99.8,95.1,,,,,,,,,,100.0,99.6,100.0,100.0
2021-01-31,100.0,99.6,96.8,98.6,98.5,100.0,,,,,,,100.0,99.7,100.0,100.0
2021-02-01,,,,,,,,,,,,,100.0,99.5,100.0,100.0
2021-02-02,,,,,,,,,,,,,100.0,99.5,100.0,100.0
2021-02-03,,,,,,,,,,100.0,99.8,100.0,100.0,99.2,100.0,100.0
2021-02-04,100.0,99.4,91.4,,,,,,,,,,100.0,99.4,100.0,100.0
2021-02-05,100.0,99.4,95.7,99.1,98.4,100.0,,,,,,,100.0,99.5,100.0,100.0
2021-02-06,100.0,99.5,98.0,,,,,,,,,,100.0,99.4,100.0,100.0
2021-02-07,,,,,,,,,,,,,100.0,99.1,100.0,100.0
2021-02-08,,,,98.6,98.3,100.0,,,,100.0,99.7,100.0,100.0,99.2,100.0,100.0
2021-02-09,,,,,,,,,,,,,100.0,99.0,100.0,100.0
2021-02-10,100.0,99.6,89.4,,,,,,,100.0,99.8,100.0,100.0,99.1,100.0,100.0
2021-02-11,100.0,99.5,95.7,,,,,,,100.0,99.8,100.0,100.0,99.1,100.0,100.0
2021-02-12,100.0,99.7,98.0,,,,,,,,,,100.0,99.2,100.0,100.0
2021-02-13,,,,97.1,95.5,100.0,,,,,,,100.0,99.3,100.0,100.0
2021-02-14,,,,,,,,,,100.0,99.8,100.0,100.0,99.4,100.0,100.0
2021-02-15,,,,97.4,96.9,100.0,,,,,,,100.0,99.5,100.0,100.0
2021-02-16,100.0,99.8,89.7,,,,,,,100.0,99.8,100.0,100.0,99.6,100.0,100.0
2021-02-17,100.0,99.9,95.1,,,,,,,,,,100.0,99.6,100.0,100.0
2021-02-18,100.0,99.9,98.0,97.7,97.3,100.0,,,,,,,100.0,99.7,100.0,100.0
2021-02-19,,,,,,,100.0,99.9,99.4,100.0,99.6,100.0,100.0,99.7,100.0,100.0
2021-02-20,,,,97.4,97.0,100.0,,,,100.0,99.1,100.0,100.0,99.8,100.0,100.0
2021-02-21,,,,,,,,,,,,,100.0,99.7,100.0,100.0
2021-02-22,100.0,100.0,90.8,,,,,,,,,,100.0,99.8,100.0,100.0
2021-02-23,100.0,100.0,96.6,98.0,97.3,100.0,,,,100.0,99.2,100.0,100.0,99.8,100.0,100.0
2021-02-24,100.0,100.0,98.0,,,,,,,100.0,96.3,100.0,100.0,99.8,100.0,100.0
2021-02-25,,,,97.4,96.7,100.0,,,,,,,100.0,99.7,100.0,100.0
2021-02-26,,,,,,,,,,,,,100.0,99.8,100.0,100.0
2021-02-27,,,,,,,,,,100.0,97.4,100.0,100.0,99.7,100.0,100.0
2021-02-28,100.0,100.0,90.2,98.3,96.7,100.0,,,,,,,100.0,99.8,100.0,100.0
2021-03-01,100.0,100.0,94.8,,,,,,,,,,100.0,99.6,100.0,100.0
2021-03-02,100.0,100.0,97.4,98.6,97.4,100.0,,,,100.0,96.7,100.0,100.0,99.8,100.0,100.0
2021-03-03,,,,,,,,,,100.0,97.9,100.0,100.0,99.5,100.0,100.0
2021-03-04,,,,,,,,,,100.0,96.1,100.0,100.0,99.6,100.0,100.0
2021-03-05,,,,,,,,,,,,,100.0,99.4,100.0,100.0
2021-03-06,100.0,100.0,90.5,,,,,,,,,,100.0,99.6,100.0,100.0
2021-03-07,100.0,100.0,96.8,,,,,,,100.0,97.2,100.0,100.0,99.3,100.0,100.0
2021-03-08,100.0,100.0,98.0,,,,,,,,,,100.0,99.4,100.0,100.0
2021-03-09,,,,,,,,,,,,,100.0,99.3,100.0,100.0
2021-03-10,,,,99.7,98.3,100.0,,,,100.0,95.4,100.0,100.0,99.4,100.0,100.0
2021-03-11,,,,,,,,,,,,,100.0,99.2,100.0,100.0
2021-03-12,100.0,100.0,93.4,99.0,97.3,90.2,,,,,,,100.0,99.3,100.0,100.0
2021-03-13,100.0,100.0,95.1,,,,,,,100.0,93.6,100.0,100.0,99.1,100.0,100.0
2021-03-14,100.0,100.0,97.7,,,,,,,100.0,84.8,100.0,100.0,99.1,100.0,100.0
2021-03-15,,,,,,,,,,,,,100.0,98.8,100.0,100.0
2021-03-16,,,,,,,,,,,,,100.0,98.8,100.0,100.0
2021-03-17,,,,,,,,,,,,,100.0,99.0,100.0,100.0
2021-03-18,100.0,100.0,86.2,,,,,,,100.0,94.9,100.0,100.0,99.1,100.0,100.0
2021-03-19,100.0,100.0,94.0,,,,,,,,,,100.0,99.3,100.0,100.0
2021-03-20,100.0,100.0,97.7,,,,,,,,,,100.0,99.5,100.0,100.0
2021-03-21,,,,,,,,,,,,,100.0,99.6,100.0,100.0
2021-03-22,,,,,,,,,,,,,100.0,99.6,100.0,100.0
2021-03-23,,,,,,,100.0,100.0,100.0,,,,100.0,99.7,100.0,100.0
2021-03-24,100.0,100.0,89.9,,,,,,,,,,100.0,99.7,100.0,100.0
2021-03-25,100.0,100.0,95.7,100.0,99.4,100.0,,,,,,,100.0,99.8,100.0,100.0
2021-03-26,100.0,100.0,96.6,,,,,,,,,,100.0,99.8,100.0,100.0
2021-03-27,,,,99.4,98.8,99.4,,,,97.1,70.9,100.0,100.0,99.7,100.0,100.0
2021-03-28,,,,,,,,,,,,,100.0,99.7,100.0,100.0
2021-03-29,,,,,,,,,,,,,100.0,99.6,100.0,100.0
2021-03-30,100.0,100.0,89.7,98.6,98.5,100.0,,,,51.1,50.7,100.0,100.0,99.7,100.0,100.0
2021-03-31,100.0,99.9,96.8,,,,,,,87.6,61.3,100.0,100.0,99.6,100.0,100.0
2021-04-01,100.0,99.5,98.0,98.3,97.8,100.0,,,,,,,100.0,99.6,100.0,100.0
2021-04-02,,,,,,,,,,,,,100.0,99.4,100.0,100.0
2021-04-03,,,,,,,,,,100.0,77.8,100.0,100.0,99.4,100.0,100.0
2021-04-04,,,,98.6,98.4,100.0,,,,100.0,93.1,100.0,100.0,99.4,100.0,100.0
2021-04-05,100.0,99.3,95.1,,,,,,,100.0,97.6,100.0,100.0,99.5,100.0,100.0
2021-04-06,100.0,96.1,96.8,99.4,98.8,100.0,,,,,,,100.0,99.6,100.0,100.0
2021-04-07,100.0,100.0,68.1,,,,,,,100.0,98.5,92.2,100.0,99.5,100.0,100.0
2021-04-08,,,,,,,100.0,99.8,100.0,100.0,97.6,100.0,100.0,99.6,100.0,100.0
2021-04-09,,,,100.0,99.3,100.0,,,,100.0,97.7,100.0,100.0,99.6,100.0,100.0
2021-04-10,,,,,,,,,,,,,100.0,99.6,100.0,100.0
2021-04-11,100.0,100.0,66.7,98.8,98.1,70.1,,,,,,,100.0,99.6,100.0,100.0
2021-04-12,100.0,100.0,67.8,,,,,,,,,,100.0,99.6,100.0,100.0
2021-04-13,100.0,100.0,67.8,,,,,,,100.0,97.5,100.0,100.0,99.5,100.0,100.0
2021-04-14,,,,100.0,99.2,100.0,,,,,,,100.0,99.7,100.0,100.0
2021-04-15,,,,,,,,,,100.0,97.2,100.0,100.0,99.6,100.0,100.0
2021-04-16,,,,100.0,99.6,84.2,,,,100.0,96.4,100.0,100.0,99.6,100.0,100.0
2021-04-17,100.0,100.0,64.4,,,,,,,100.0,96.3,100.0,100.0,99.5,100.0,100.0
2021-04-18,100.0,99.9,66.7,,,,,,,,,,100.0,99.4,100.0,100.0
2021-04-19,100.0,99.9,68.1,100.0,99.9,100.0,,,,100.0,94.5,100.0,100.0,99.5,100.0,100.0
2021-04-20,,,,,,,,,,100.0,96.3,100.0,100.0,99.2,100.0,100.0
2021-04-21,,,,,,,,,,,,,100.0,98.9,100.0,100.0
2021-04-22,,,,,,,,,,,,,100.0,98.7,100.0,100.0
2021-04-23,100.0,99.6,66.7,,,,,,,100.0,96.8,100.0,100.0,98.5,100.0,100.0
2021-04-24,100.0,98.9,68.1,100.0,99.6,100.0,,,,100.0,97.5,100.0,100.0,98.0,100.0,100.0
2021-04-25,100.0,97.8,68.1,,,,,,,100.0,98.0,100.0,100.0,97.2,100.0,100.0
2021-04-26,,,,,,,,,,,,,100.0,96.5,100.0,100.0
2021-04-27,,,,,,,,,,100.0,98.5,100.0,100.0,95.8,100.0,100.0
2021-04-28,,,,,,,,,,100.0,98.4,100.0,100.0,94.2,100.0,100.0
2021-04-29,100.0,97.6,68.1,,,,,,,100.0,98.3,100.0,100.0,93.6,100.0,100.0
2021-04-30,100.0,95.0,68.1,,,,,,,,,,100.0,92.0,100.0,100.0
2021-05-01,100.0,91.5,68.1,,,,,,,,,,99.4,91.5,100.0,99.4
2021-05-02,,,,,,,,,,100.0,97.9,100.0,98.6,89.0,100.0,98.6
2021-05-03,,,,,,,,,,100.0,98.0,100.0,98.6,89.8,100.0,98.6
2021-05-04,,,,,,,,,,,,,98.6,91.1,100.0,98.6
2021-05-05,100.0,88.4,68.1,,,,,,,,,,98.6,91.8,100.0,98.6
2021-05-06,100.0,86.7,67.8,,,,,,,,,,98.6,91.5,100.0,98.6
2021-05-07,97.0,81.9,68.1,,,,,,,100.0,97.5,100.0,98.6,91.8,100.0,98.6
2021-05-08,,,,,,,,,,,,,98.6,91.4,100.0,98.6
2021-05-09,,,,100.0,99.8,100.0,,,,99.2,96.1,73.3,98.6,92.6,100.0,98.6
2021-05-10,,,,,,,,,,99.4,95.9,100.0,98.0,90.9,100.0,98.0
2021-05-11,86.9,66.9,68.1,,,,,,,,,,95.4,88.7,100.0,95.4
2021-05-12,90.3,70.2,68.1,,,,,,,99.4,96.8,100.0,95.4,88.0,100.0,95.4
2021-05-13,84.4,63.7,68.1,,,,,,,,,,91.4,86.5,100.0,91.4
2021-05-14,,,,100.0,98.7,100.0,,,,,,,90.2,85.1,100.0,90.2
2021-05-15,,,,,,,,,,,,,83.3,80.2,100.0,83.3
2021-05-16,,,,,,,,,,,,,76.7,74.8,100.0,76.7
2021-05-17,76.4,60.2,68.1,,,,,,,,,,77.3,74.6,100.0,77.3
2021-05-18,79.3,60.5,68.1,,,,,,,,,,75.3,73.3,100.0,75.3
2021-05-19,84.4,64.6,68.1,,,,,,,,,,77.0,73.2,100.0,77.0
2021-05-20,,,,,,,,,,,,,75.0,72.3,100.0,75.0
2021-05-21,,,,,,,,,,,,,80.2,76.2,100.0,80.2
2021-05-22,,,,,,,,,,,,,92.2,78.3,100.0,92.2
2021-05-23,88.6,68.6,68.1,,,,,,,,,,98.0,80.8,100.0,98.0
2021-05-24,87.8,67.3,68.1,,,,,,,100.0,96.9,99.4,99.4,82.9,100.0,99.4
2021-05-25,82.7,64.0,68.1,,,,,,,99.4,96.0,100.0,99.4,86.0,100.0,99.4
2021-05-26,,,,,,,,,,,,,99.4,89.2,100.0,99.4
2021-05-27,,,,,,,,,,,,,99.4,90.5,100.0,99.4
2021-05-28,,,,,,,,,,99.4,94.1,100.0,99.4,90.6,100.0,99.4
2021-05-29,75.3,58.5,67.5,,,,,,,99.4,95.4,100.0,99.4,92.2,100.0,99.4
2021-05-30,60.8,50.2,68.1,,,,,,,,,,99.4,92.8,100.0,99.4
2021-05-31,46.0,43.0,68.1,100.0,99.3,100.0,,,,,,,99.4,94.0,100.0,99.4
2021-06-01,,,,,,,,,,99.4,94.4,100.0,99.4,91.9,100.0,99.4
2021-06-02,,,,,,,,,,,,,99.4,92.4,100.0,99.4
2021-06-03,,,,,,,,,,,,,99.4,91.4,100.0,99.4
2021-06-04,17.3,22.9,68.1,,,,,,,,,,99.4,91.0,100.0,99.4
2021-06-05,5.5,15.6,67.8,,,,,,,,,,99.4,87.8,100.0,99.4
2021-06-06,0.0,7.9,67.8,,,,,,,,,,99.4,89.9,100.0,99.4
2021-06-07,,,,,,,,,,,,,99.4,88.7,100.0,99.4
2021-06-08,,,,,,,,,,,,,99.4,88.7,100.0,99.4
2021-06-09,,,,,,,,,,99.2,92.2,73.6,99.4,87.5,100.0,99.4
2021-06-10,0.0,4.0,67.8,100.0,96.1,77.6,,,,,,,99.4,89.4,100.0,99.4
2021-06-11,0.0,2.6,68.1,,,,,,,,,,99.4,88.3,100.0,99.4
2021-06-12,0.0,2.2,68.1,,,,,,,,,,99.4,87.7,100.0,99.4
2021-06-13,,,,100.0,88.3,48.9,,,,99.4,86.5,100.0,99.4,87.3,100.0,99.4
2021-06-14,,,,,,,,,,97.6,79.4,100.0,99.4,85.1,100.0,99.4
2021-06-15,,,,98.6,76.0,100.0,,,,,,,99.4,85.2,100.0,99.4
2021-06-16,0.0,2.0,67.5,,,,,,,,,,99.4,80.7,100.0,99.4
2021-06-17,0.0,2.6,68.1,,,,,,,83.6,59.2,100.0,99.1,78.8,100.0,99.1
2021-06-18,0.0,3.6,68.1,6.6,25.0,100.0,,,,,,,96.8,75.3,100.0,96.8
2021-06-19,,,,,,,,,,62.9,51.8,100.0,95.1,72.7,100.0,95.1
2021-06-20,,,,,,,,,,,,,73.3,67.5,100.0,73.3
2021-06-21,,,,,,,,,,4.6,28.7,100.0,61.5,61.4,100.0,61.5
2021-06-22,0.4,6.2,67.8,,,,,,,64.9,51.6,100.0,59.2,58.0,100.0,59.2
2021-06-23,3.4,10.5,67.8,,,,,,,,,,27.9,49.7,100.0,27.9
2021-06-24,,,,,,,,,,,,,10.6,42.4,100.0,10.6
2021-06-25,,,,0.0,0.9,100.0,,,,0.0,13.5,100.0,4.3,33.6,100.0,4.3
2021-06-26,,,,,,,,,,0.0,6.1,100.0,2.3,30.8,100.0,2.3
2021-06-27,,,,,,,,,,,,,1.7,24.9,100.0,1.7
2021-06-28,4.2,10.7,67.8,,,,,,,,,,1.4,20.8,100.0,1.4
2021-06-29,12.2,15.4,68.1,,,,,,,,,,0.3,15.1,100.0,0.3
2021-06-30,,,,,,,,,,,,,0.0,15.3,100.0,0.0
2021-07-01,,,,,,,,,,0.0,2.6,100.0,0.0,12.3,100.0,0.0
2021-07-02,,,,,,,,,,,,,0.0,10.8,100.0,0.0
2021-07-03,,,,,,,,,,,,,0.0,10.0,100.0,0.0
2021-07-04,,,,,,,,,,,,,0.0,8.1,100.0,0.0
2021-07-05,6.3,9.9,68.1,,,,,,,,,,0.0,8.6,100.0,0.0
2021-07-06,16.9,18.9,68.1,,,,,,,,,,0.0,7.1,100.0,0.0
2021-07-07,,,,,,,,,,,,,0.0,6.0,100.0,0.0
2021-07-08,,,,,,,,,,,,,0.0,4.5,100.0,0.0
2021-07-09,,,,,,,,,,,,,0.0,4.5,100.0,0.0
2021-07-10,6.9,10.8,66.7,0.0,0.0,100.0,,,,,,,0.0,3.9,100.0,0.0
2021-07-11,8.5,12.5,67.8,,,,,,,0.0,0.2,100.0,0.0,3.2,100.0,0.0
2021-07-12,4.2,9.5,68.1,,,,,,,,,,0.0,3.0,100.0,0.0
2021-07-13,,,,,,,,,,,,,0.0,3.0,100.0,0.0
2021-07-14,,,,,,,,,,,,,0.0,2.9,100.0,0.0
2021-07-15,,,,,,,,,,,,,0.0,2.4,100.0,0.0
2021-07-16,5.2,11.2,67.0,,,,,,,,,,0.0,2.4,100.0,0.0
2021-07-17,3.4,13.3,68.1,,,,,,,,,,0.0,2.9,100.0,0.0
2021-07-18,3.4,12.8,68.1,,,,,,,,,,0.0,2.5,100.0,0.0
2021-07-19,,,,,,,,,,,,,0.0,1.7,100.0,0.0
2021-07-20,,,,0.0,0.0,100.0,,,,,,,0.0,1.4,100.0,0.0
2021-07-21,,,,,,,,,,,,,0.0,1.7,100.0,0.0
2021-07-22,3.0,16.9,67.0,,,,,,,0.0,0.4,100.0,0.0,1.3,100.0,0.0
2021-07-23,5.5,20.6,68.1,0.0,0.0,100.0,,,,,,,0.0,0.9,100.0,0.0
2021-07-24,2.1,11.6,68.1,,,,,,,,,,0.0,0.8,100.0,0.0
2021-07-25,,,,,,,,,,,,,0.0,0.8,100.0,0.0
2021-07-26,,,,,,,,,,,,,0.0,0.7,100.0,0.0
2021-07-27,,,,,,,,,,0.0,0.1,92.8,0.0,0.5,100.0,0.0
2021-07-28,0.9,14.4,67.2,,,,,,,,,,0.0,0.5,100.0,0.0
2021-07-29,0.8,11.0,67.8,,,,0.0,0.0,42.2,,,,0.0,0.5,100.0,0.0
2021-07-30,0.4,5.9,68.1,,,,,,,,,,0.0,0.5,100.0,0.0
2021-07-31,,,,,,,,,,0.0,0.5,77.3,0.0,0.4,100.0,0.0
2021-08-01,,,,,,,,,,,,,0.0,0.4,100.0,0.0
2021-08-02,,,,,,,,,,,,,0.0,0.5,100.0,0.0
2021-08-03,0.0,4.1,66.7,,,,,,,,,,0.0,0.4,100.0,0.0
2021-08-04,0.0,4.1,68.1,,,,,,,,,,0.0,0.3,100.0,0.0
2021-08-05,0.0,5.2,68.1,,,,,,,0.0,0.1,100.0,0.0,0.3,100.0,0.0
2021-08-06,,,,,,,,,,,,,0.0,0.5,100.0,0.0
2021-08-07,,,,,,,,,,,,,0.0,0.5,100.0,0.0
2021-08-08,,,,,,,,,,0.0,0.1,100.0,0.0,0.3,100.0,0.0
2021-08-09,0.0,4.1,67.0,0.0,0.0,100.0,,,,0.0,0.1,100.0,0.0,0.3,100.0,0.0
2021-08-10,0.0,4.1,68.1,,,,,,,,,,0.0,0.3,100.0,0.0
2021-08-11,0.0,5.1,68.1,,,,,,,,,,0.0,0.3,100.0,0.0
2021-08-12,,,,0.0,0.0,63.5,,,,0.0,0.0,100.0,0.0,0.2,100.0,0.0
2021-08-13,,,,,,,,,,0.0,0.1,100.0,0.0,0.2,100.0,0.0
2021-08-14,,,,0.0,0.0,100.0,0.0,0.0,100.0,0.0,0.0,100.0,0.0,0.2,100.0,0.0
2021-08-15,0.0,4.0,66.4,,,,,,,,,,0.0,0.2,100.0,0.0
2021-08-16,,,,,,,,,,0.0,0.1,100.0,0.0,0.2,100.0,0.0
2021-08-17,0.0,5.8,68.1,0.0,0.0,100.0,,,,0.0,0.0,100.0,0.0,0.2,100.0,0.0
2021-08-18,,,,,,,,,,0.0,0.0,100.0,0.0,0.3,100.0,0.0
2021-08-19,,,,0.0,0.0,94.5,,,,,,,0.0,0.3,100.0,0.0
2021-08-20,,,,,,,,,,0.0,0.0,100.0,0.0,0.3,100.0,0.0
2021-08-21,0.0,4.6,67.8,,,,,,,0.0,0.0,100.0,0.0,0.3,100.0,0.0
2021-08-22,0.0,6.0,68.1,,,,,,,,,,0.0,0.7,100.0,0.0
2021-08-23,0.0,5.6,68.1,,,,,,,,,,0.0,0.5,100.0,0.0
2021-08-24,,,,0.0,0.0,84.2,,,,,,,0.0,0.5,100.0,0.0
2021-08-25,,,,,,,,,,0.0,0.0,100.0,0.0,0.4,100.0,0.0
2021-08-26,,,,,,,,,,,,,0.0,0.6,100.0,0.0
2021-08-27,0.0,5.3,67.0,0.0,0.0,100.0,,,,,,,0.0,0.5,100.0,0.0
2021-08-28,0.0,6.3,68.1,,,,,,,,,,0.0,0.6,100.0,0.0
2021-08-29,0.0,4.2,68.1,,,,,,,0.0,0.0,100.0,0.0,0.4,100.0,0.0
2021-08-30,,,,,,,0.0,0.0,52.9,0.0,0.0,100.0,0.0,0.7,100.0,0.0
2021-08-31,,,,,,,,,,,,,0.0,0.8,100.0,0.0
2021-09-01,,,,0.0,0.0,100.0,,,,,,,0.0,0.6,100.0,0.0
2021-09-02,0.0,4.0,66.7,,,,,,,0.0,0.0,100.0,0.0,0.5,100.0,0.0
2021-09-03,0.0,3.8,68.1,0.0,0.0,100.0,,,,0.0,0.0,100.0,0.0,0.4,100.0,0.0
2021-09-04,0.0,3.2,68.1,,,,,,,,,,0.0,0.5,100.0,0.0
2021-09-05,,,,,,,,,,0.0,0.0,100.0,0.0,0.4,100.0,0.0
2021-09-06,,,,0.0,0.0,88.5,,,,0.0,0.0,100.0,0.0,0.4,100.0,0.0
2021-09-07,,,,,,,,,,,,,0.0,0.4,100.0,0.0
2021-09-08,0.0,3.2,67.0,0.0,0.0,100.0,,,,0.0,0.0,100.0,0.0,0.4,100.0,0.0
2021-09-09,0.0,2.7,68.1,,,,,,,0.0,0.0,100.0,0.0,0.2,100.0,0.0
2021-09-10,0.0,3.0,67.8,,,,,,,,,,0.0,0.3,100.0,0.0
2021-09-11,,,,0.0,0.0,88.8,,,,,,,0.0,0.2,100.0,0.0
2021-09-12,,,,,,,,,,0.0,0.0,100.0,0.0,0.2,100.0,0.0
2021-09-13,,,,0.0,0.0,100.0,,,,0.0,0.0,100.0,0.0,0.2,100.0,0.0
2021-09-14,0.0,2.9,66.4,,,,,,,,,,0.0,0.2,100.0,0.0
2021-09-15,0.0,3.4,67.8,,,,,,,,,,0.0,0.2,100.0,0.0
2021-09-16,0.0,2.3,68.1,,,,,,,,,,0.0,0.3,100.0,0.0
2021-09-17,,,,,,,,,,0.0,0.0,100.0,0.0,0.1,100.0,0.0
2021-09-18,,,,0.0,0.0,100.0,,,,,,,0.0,0.1,100.0,0.0
2021-09-19,,,,,,,,,,,,,0.0,0.1,100.0,0.0
2021-09-20,0.0,2.9,67.8,,,,,,,,,,0.0,0.2,100.0,0.0
2021-09-21,0.0,3.0,67.8,0.0,0.0,83.3,,,,,,,0.0,0.2,100.0,0.0
2021-09-22,0.0,4.6,68.1,,,,,,,,,,0.0,0.2,100.0,0.0
2021-09-23,,,,0.0,0.0,100.0,,,,,,,0.0,0.1,100.0,0.0
2021-09-24,,,,,,,,,,,,,0.0,0.2,100.0,0.0
2021-09-25,,,,,,,,,,,,,0.0,0.1,100.0,0.0
2021-09-26,0.0,3.0,67.0,,,,,,,,,,0.0,0.1,100.0,0.0
2021-09-27,26.2,20.1,98.6,,,,,,,,,,0.0,0.1,100.0,0.0
2021-09-28,10.4,13.9,99.7,0.0,0.0,44.0,,,,,,,0.0,0.1,100.0,0.0
2021-09-29,,,,,,,,,,,,,0.0,0.1,100.0,0.0
2021-09-30,,,,,,,,,,,,,0.0,0.2,100.0,0.0
2021-10-01,,,,0.0,0.0,100.0,0.0,0.0,99.7,,,,0.0,0.2,100.0,0.0
2021-10-02,8.7,13.3,92.5,,,,,,,,,,0.0,0.4,100.0,0.0
2021-10-03,3.8,15.2,98.6,,,,,,,,,,0.0,0.4,100.0,0.0
2021-10-04,5.5,20.1,99.7,,,,,,,,,,0.0,0.5,100.0,0.0
2021-10-05,,,,,,,,,,,,,0.0,0.5,100.0,0.0
2021-10-06,,,,,,,,,,,,,0.0,1.0,100.0,0.0
2021-10-07,,,,,,,,,,,,,0.0,0.8,100.0,0.0
2021-10-08,27.6,32.0,92.8,0.0,0.0,100.0,,,,0.0,0.0,100.0,0.0,0.8,100.0,0.0
2021-10-09,23.3,30.5,98.9,,,,0.0,0.0,34.2,0.0,0.1,100.0,0.0,1.4,100.0,0.0
2021-10-10,32.8,36.4,100.0,,,,,,,,,,0.0,1.9,100.0,0.0
2021-10-11,,,,0.0,0.0,100.0,,,,0.0,0.2,100.0,0.0,1.3,100.0,0.0
2021-10-12,,,,,,,,,,0.0,0.2,100.0,0.0,1.5,100.0,0.0
2021-10-13,,,,,,,,,,0.0,0.2,100.0,0.0,2.1,100.0,0.0
2021-10-14,41.0,40.2,93.1,,,,,,,,,,0.0,2.8,100.0,0.0
2021-10-15,31.8,36.1,98.6,,,,,,,0.0,0.2,100.0,0.0,2.1,100.0,0.0
2021-10-16,28.7,34.8,100.0,0.0,0.0,100.0,,,,0.0,0.2,100.0,0.0,2.2,100.0,0.0
2021-10-17,,,,,,,,,,,,,0.0,3.8,100.0,0.0
2021-10-18,,,,0.0,0.0,100.0,0.0,0.0,39.1,,,,0.0,3.8,100.0,0.0
2021-10-19,,,,,,,,,,0.0,0.2,100.0,0.0,3.7,100.0,0.0
2021-10-20,47.4,43.8,92.8,,,,,,,0.0,0.3,100.0,0.0,4.3,100.0,0.0
2021-10-21,64.2,49.6,98.0,0.0,0.1,90.8,,,,,,,0.0,5.0,100.0,0.0
2021-10-22,85.9,62.6,99.7,,,,,,,,,,0.0,5.5,100.0,0.0
2021-10-23,,,,0.0,0.1,100.0,,,,,,,0.0,5.6,100.0,0.0
2021-10-24,,,,,,,,,,,,,0.0,7.6,100.0,0.0
2021-10-25,,,,,,,0.0,0.0,46.3,,,,0.0,9.8,100.0,0.0
2021-10-26,95.9,67.5,92.0,0.0,0.1,61.5,,,,,,,0.0,10.7,100.0,0.0
2021-10-27,99.4,79.2,96.6,,,,,,,,,,0.0,13.8,100.0,0.0
2021-10-28,100.0,86.0,100.0,0.0,0.2,100.0,,,,,,,0.0,15.7,100.0,0.0
2021-10-29,,,,,,,,,,0.0,1.4,100.0,0.0,19.0,100.0,0.0
2021-10-30,,,,,,,,,,,,,8.0,24.6,100.0,8.0
2021-10-31,,,,0.0,1.6,100.0,,,,0.0,1.4,100.0,13.5,32.2,100.0,13.5
2021-11-01,100.0,91.9,92.2,,,,,,,,,,25.6,39.7,100.0,25.6
2021-11-02,100.0,93.2,98.9,20.1,31.3,62.9,,,,,,,43.7,51.6,100.0,43.7
2021-11-03,100.0,96.6,100.0,,,,,,,,,,58.0,60.7,100.0,58.0
2021-11-04,,,,,,,,,,,,,70.7,73.3,100.0,70.7
2021-11-05,,,,98.6,94.2,100.0,,,,,,,74.4,77.1,100.0,74.4
2021-11-06,,,,,,,100.0,99.5,100.0,,,,99.7,86.7,100.0,99.7
2021-11-07,100.0,98.0,93.7,100.0,96.8,100.0,,,,,,,100.0,90.6,100.0,100.0
2021-11-08,100.0,98.6,99.7,,,,,,,0.0,7.7,100.0,100.0,93.2,100.0,100.0
2021-11-09,100.0,98.9,100.0,,,,,,,,,,100.0,94.5,100.0,100.0
2021-11-10,,,,100.0,98.9,100.0,,,,,,,100.0,95.9,100.0,100.0
2021-11-11,,,,,,,,,,,,,100.0,96.0,100.0,100.0
2021-11-12,,,,100.0,96.4,100.0,,,,0.0,9.8,100.0,100.0,96.7,100.0,100.0
2021-11-13,100.0,99.5,93.4,,,,,,,,,,100.0,97.1,100.0,100.0
2021-11-14,100.0,99.4,99.1,,,,,,,,,,100.0,96.8,100.0,100.0
2021-11-15,100.0,99.4,100.0,,,,,,,,,,100.0,97.2,100.0,100.0
2021-11-16,,,,,,,,,,,,,100.0,97.0,100.0,100.0
2021-11-17,,,,100.0,98.2,100.0,,,,,,,100.0,97.6,100.0,100.0
2021-11-18,,,,,,,,,,,,,100.0,97.1,100.0,100.0
2021-11-19,100.0,99.8,92.2,,,,,,,52.9,47.0,100.0,100.0,97.7,100.0,100.0
2021-11-20,100.0,99.7,97.4,100.0,97.9,100.0,,,,96.3,61.7,100.0,100.0,97.6,100.0,100.0
2021-11-21,100.0,99.4,100.0,,,,,,,,,,100.0,97.5,100.0,100.0
2021-11-22,,,,,,,,,,,,,100.0,95.8,100.0,100.0
2021-11-23,,,,,,,,,,,,,100.0,96.3,100.0,100.0
2021-11-24,,,,,,,,,,,,,100.0,95.9,100.0,100.0
2021-11-25,100.0,99.9,92.0,,,,,,,,,,100.0,96.5,100.0,100.0
2021-11-26,100.0,99.7,97.7,,,,,,,,,,100.0,96.5,100.0,100.0
2021-11-27,100.0,98.6,100.0,100.0,97.1,97.4,,,,,,,100.0,97.0,100.0,100.0
2021-11-28,,,,,,,,,,,,,100.0,97.1,100.0,100.0
2021-11-29,,,,,,,,,,,,,100.0,97.1,100.0,100.0
2021-11-30,,,,,,,,,,,,,100.0,97.0,100.0,100.0
2021-12-01,100.0,99.6,91.7,,,,,,,100.0,83.1,100.0,100.0,97.1,100.0,100.0
2021-12-02,100.0,100.0,76.1,,,,,,,,,,100.0,97.1,100.0,100.0
2021-12-03,100.0,100.0,76.4,,,,,,,,,,100.0,97.1,100.0,100.0
2021-12-04,,,,,,,,,,,,,100.0,96.9,100.0,100.0
2021-12-05,,,,100.0,97.7,100.0,,,,,,,100.0,96.5,100.0,100.0
2021-12-06,,,,,,,,,,,,,100.0,97.2,100.0,100.0
2021-12-07,100.0,100.0,75.0,99.4,98.1,100.0,,,,,,,100.0,97.5,100.0,100.0
2021-12-08,100.0,100.0,75.0,,,,,,,100.0,83.3,100.0,100.0,97.8,100.0,100.0
2021-12-09,100.0,100.0,76.1,,,,,,,100.0,82.8,100.0,100.0,97.7,100.0,100.0
2021-12-10,,,,,,,,,,100.0,88.6,100.0,100.0,98.3,100.0,100.0
2021-12-11,,,,,,,,,,100.0,91.1,100.0,100.0,98.5,100.0,100.0
2021-12-12,,,,100.0,99.1,62.9,100.0,100.0,100.0,100.0,95.5,100.0,100.0,99.0,100.0,100.0
2021-12-13,100.0,100.0,75.9,,,,,,,,,,100.0,98.8,100.0,100.0
2021-12-14,100.0,100.0,76.7,,,,,,,,,,100.0,99.1,100.0,100.0
2021-12-15,100.0,99.9,76.7,97.1,96.3,100.0,,,,100.0,96.6,100.0,100.0,99.2,100.0,100.0
2021-12-16,,,,,,,,,,100.0,97.2,100.0,100.0,99.1,100.0,100.0
2021-12-17,,,,97.1,97.0,100.0,,,,100.0,98.1,100.0,100.0,99.2,100.0,100.0
2021-12-18,,,,,,,,,,,,,100.0,99.1,100.0,100.0
2021-12-19,100.0,99.9,74.4,,,,,,,,,,100.0,99.2,100.0,100.0
2021-12-20,100.0,99.8,75.3,97.1,96.6,100.0,100.0,100.0,100.0,100.0,99.2,100.0,100.0,99.4,100.0,100.0
2021-12-21,100.0,99.3,75.3,,,,,,,,,,100.0,99.2,100.0,100.0
2021-12-22,,,,96.6,96.0,100.0,,,,,,,100.0,99.3,100.0,100.0
2021-12-23,,,,,,,,,,,,,100.0,99.2,100.0,100.0
2021-12-24,,,,,,,,,,,,,100.0,98.7,100.0,100.0
2021-12-25,,,,,,,,,,,,,100.0,98.7,100.0,100.0
2021-12-26,,,,,,,,,,,,,100.0,98.4,100.0,100.0
2021-12-27,,,,,,,,,,,,,100.0,98.4,100.0,100.0
2021-12-28,,,,,,,,,,100.0,99.4,100.0,100.0,97.6,100.0,100.0
2021-12-29,,,,,,,,,,,,,100.0,97.2,100.0,100.0
2021-12-30,,,,,,,,,,,,,100.0,96.8,100.0,100.0
2021-12-31,,,,,,,,,,,,,100.0,97.0,100.0,100.0
2022-01-01,89.9,88.6,75.7,97.5,97.0,100.0,,,,,,,98.3,94.1,100.0,98.3
2022-01-02,89.8,84.9,78.0,,,,,,,83.4,88.3,100.0,99.5,94.2,100.0,99.5
2022-01-03,,,,,,,,,,95.0,91.4,100.0,99.5,94.0,100.0,99.5
2022-01-04,,,,,,,,,,,,,99.8,94.4,100.0,99.8
2022-01-05,,,,,,,,,,,,,99.8,94.7,100.0,99.8
2022-01-06,83.4,77.0,77.5,98.3,97.7,100.0,,,,100.0,94.8,100.0,99.8,95.9,100.0,99.8
2022-01-07,,,,,,,,,,,,,99.8,96.8,100.0,99.8
2022-01-08,,,,,,,,,,,,,99.8,97.1,100.0,99.8
2022-01-09,,,,,,,,,,,,,100.0,97.7,100.0,100.0
2022-01-10,,,,,,,,,,100.0,97.2,100.0,100.0,98.4,100.0,100.0
2022-01-11,,,,98.8,98.4,100.0,,,,,,,100.0,99.0,100.0,100.0
2022-01-12,,,,,,,,,,,,,100.0,99.1,100.0,100.0
2022-01-13,100.0,100.0,34.7,,,,100.0,100.0,100.0,,,,100.0,99.3,100.0,100.0
2022-01-14,100.0,100.0,33.9,98.5,97.9,100.0,,,,100.0,98.3,100.0,100.0,99.5,100.0,100.0
2022-01-15,,,,,,,,,,,,,100.0,99.5,100.0,100.0
2022-01-16,,,,98.0,97.2,100.0,,,,,,,100.0,99.6,100.0,100.0
2022-01-17,,,,,,,,,,100.0,99.2,100.0,100.0,99.5,100.0,100.0
2022-01-18,100.0,100.0,33.9,,,,,,,,,,100.0,99.5,100.0,100.0
2022-01-19,,,,97.8,97.0,100.0,,,,,,,100.0,99.5,100.0,100.0
2022-01-20,,,,,,,,,,,,,100.0,99.5,100.0,100.0
2022-01-21,,,,,,,,,,,,,100.0,99.2,100.0,100.0
2022-01-22,,,,,,,,,,,,,100.0,99.0,100.0,100.0
2022-01-23,,,,,,,,,,,,,100.0,98.9,100.0,100.0
2022-01-24,,,,97.5,97.0,100.0,,,,,,,100.0,99.1,100.0,100.0
2022-01-25,100.0,100.0,33.7,,,,,,,,,,100.0,98.8,100.0,100.0
2022-01-26,100.0,100.0,33.7,97.3,96.6,100.0,,,,,,,100.0,99.0,100.0,100.0
2022-01-27,,,,,,,,,,,,,100.0,99.1,100.0,100.0
2022-01-28,,,,,,,,,,,,,100.0,99.1,100.0,100.0
2022-01-29,,,,97.5,97.1,100.0,100.0,100.0,97.5,,,,100.0,99.3,100.0,100.0
2022-01-30,100.0,100.0,33.4,,,,,,,100.0,99.7,100.0,100.0,99.1,100.0,100.0
2022-01-31,,,,,,,,,,,,,100.0,99.2,100.0,100.0
2022-02-01,,,,,,,,,,,,,100.0,99.3,100.0,100.0
2022-02-02,,,,,,,,,,100.0,99.7,100.0,100.0,99.2,100.0,100.0
2022-02-03,,,,98.8,97.8,100.0,,,,100.0,99.9,100.0,100.0,99.3,100.0,100.0
2022-02-04,,,,,,,,,,100.0,99.9,100.0,100.0,99.3,100.0,100.0
2022-02-05,,,,98.5,97.8,96.8,,,,,,,100.0,99.4,100.0,100.0
2022-02-06,100.0,100.0,33.2,,,,,,,,,,100.0,99.3,100.0,100.0
2022-02-07,100.0,100.0,34.9,,,,,,,100.0,99.9,100.0,100.0,99.1,100.0,100.0
2022-02-08,,,,98.8,98.3,100.0,,,,,,,100.0,99.3,100.0,100.0
2022-02-09,,,,,,,,,,100.0,99.8,100.0,100.0,99.1,100.0,100.0
2022-02-10,,,,97.5,97.4,100.0,,,,100.0,99.8,100.0,100.0,99.2,100.0,100.0
2022-02-11,100.0,100.0,34.4,,,,,,,100.0,99.9,100.0,100.0,99.0,100.0,100.0
2022-02-12,,,,,,,,,,,,,100.0,99.1,100.0,100.0
2022-02-13,,,,97.5,97.1,100.0,,,,100.0,99.8,100.0,100.0,99.1,100.0,100.0
2022-02-14,,,,,,,100.0,100.0,100.0,,,,100.0,99.2,100.0,100.0
2022-02-15,,,,,,,,,,,,,100.0,98.7,100.0,100.0
2022-02-16,,,,,,,,,,,,,100.0,99.0,100.0,100.0
2022-02-17,,,,,,,,,,,,,100.0,98.7,100.0,100.0
2022-02-18,100.0,100.0,34.7,,,,,,,100.0,99.8,100.0,100.0,98.7,100.0,100.0
2022-02-19,100.0,100.0,34.9,,,,,,,100.0,99.8,100.0,100.0,98.6,100.0,100.0
2022-02-20,,,,98.3,98.1,100.0,,,,,,,100.0,99.2,100.0,100.0
2022-02-21,,,,,,,,,,,,,100.0,98.9,100.0,100.0
2022-02-22,,,,,,,100.0,100.0,99.5,,,,100.0,99.3,100.0,100.0
2022-02-23,100.0,99.9,34.7,97.8,97.7,100.0,,,,,,,100.0,99.0,100.0,100.0
2022-02-24,,,,,,,,,,,,,100.0,99.4,100.0,100.0
2022-02-25,,,,98.8,98.5,100.0,,,,,,,100.0,99.4,100.0,100.0
2022-02-26,,,,,,,,,,,,,100.0,99.4,100.0,100.0
2022-02-27,,,,,,,,,,100.0,99.9,100.0,100.0,99.3,100.0,100.0
2022-02-28,,,,97.8,97.7,100.0,,,,,,,100.0,99.5,100.0,100.0
2022-03-01,,,,,,,,,,,,,100.0,99.4,100.0,100.0
2022-03-02,,,,97.8,97.6,100.0,,,,,,,100.0,99.4,100.0,100.0
2022-03-03,100.0,99.8,34.9,,,,,,,,,,100.0,99.1,100.0,100.0
2022-03-04,,,,,,,,,,,,,100.0,99.1,100.0,100.0
2022-03-05,,,,97.3,96.3,100.0,,,,,,,100.0,99.1,100.0,100.0
2022-03-06,,,,,,,,,,100.0,99.8,100.0,100.0,99.0,100.0,100.0
2022-03-07,100.0,99.8,33.9,97.0,95.8,100.0,,,,,,,100.0,98.9,100.0,100.0
2022-03-08,,,,,,,,,,,,,100.0,98.9,100.0,100.0
2022-03-09,,,,,,,,,,100.0,99.8,100.0,100.0,98.7,100.0,100.0
2022-03-10,,,,97.0,94.4,100.0,100.0,100.0,100.0,,,,100.0,99.1,100.0,100.0
2022-03-11,,,,,,,,,,,,,100.0,98.4,100.0,100.0
2022-03-12,,,,98.3,96.3,100.0,,,,,,,100.0,98.7,100.0,100.0
2022-03-13,,,,,,,,,,,,,100.0,98.0,100.0,100.0
2022-03-14,100.0,99.7,34.2,,,,,,,,,,100.0,97.9,100.0,100.0
2022-03-15,100.0,99.0,34.4,,,,,,,,,,100.0,97.2,100.0,100.0
2022-03-16,,,,,,,,,,,,,100.0,97.2,100.0,100.0
2022-03-17,,,,98.3,92.4,100.0,,,,,,,100.0,97.9,100.0,100.0
2022-03-18,,,,,,,,,,,,,100.0,97.3,100.0,100.0
2022-03-19,100.0,98.7,34.4,,,,,,,,,,100.0,96.5,100.0,100.0
2022-03-20,,,,98.8,97.0,100.0,,,,100.0,99.8,100.0,100.0,97.1,100.0,100.0
2022-03-21,,,,,,,,,,,,,100.0,97.0,100.0,100.0
2022-03-22,,,,98.8,95.3,100.0,,,,,,,100.0,97.2,100.0,100.0
2022-03-23,,,,,,,,,,,,,100.0,97.0,100.0,100.0
2022-03-24,,,,,,,,,,,,,100.0,97.1,100.0,100.0
2022-03-25,,,,98.8,97.0,100.0,,,,100.0,99.8,100.0,100.0,97.7,100.0,100.0
2022-03-26,100.0,97.2,34.2,,,,100.0,99.9,100.0,,,,100.0,97.9,100.0,100.0
2022-03-27,100.0,94.3,34.7,99.3,98.2,100.0,,,,,,,100.0,97.8,100.0,100.0
2022-03-28,,,,,,,,,,,,,100.0,97.3,100.0,100.0
2022-03-29,,,,,,,,,,100.0,99.8,88.9,100.0,97.6,100.0,100.0
2022-03-30,,,,,,,,,,,,,99.8,97.0,100.0,99.8
2022-03-31,100.0,87.5,34.7,,,,,,,,,,99.8,97.0,100.0,99.8
2022-04-01,,,,,,,,,,,,,99.8,96.8,100.0,99.8
2022-04-02,,,,,,,,,,,,,100.0,97.9,100.0,100.0
2022-04-03,,,,,,,,,,,,,100.0,97.3,100.0,100.0
2022-04-04,,,,99.2,98.7,91.6,,,,,,,100.0,97.6,100.0,100.0
2022-04-05,,,,,,,,,,100.0,99.8,100.0,100.0,96.9,100.0,100.0
2022-04-06,,,,99.3,98.9,100.0,,,,,,,100.0,97.7,100.0,100.0
2022-04-07,100.0,80.1,34.7,,,,,,,,,,100.0,96.9,100.0,100.0
2022-04-08,100.0,77.4,34.2,,,,,,,,,,100.0,97.0,100.0,100.0
2022-04-09,,,,,,,,,,,,,100.0,97.0,100.0,100.0
2022-04-10,,,,,,,,,,100.0,99.8,100.0,100.0,97.6,100.0,100.0
2022-04-11,,,,99.3,98.7,100.0,100.0,99.9,100.0,,,,100.0,98.4,100.0,100.0
2022-04-12,94.9,58.2,34.2,,,,,,,100.0,99.7,100.0,100.0,97.8,100.0,100.0
2022-04-13,,,,,,,,,,,,,100.0,97.8,100.0,100.0
2022-04-14,,,,99.8,98.6,100.0,,,,100.0,99.4,100.0,100.0,98.0,100.0,100.0
2022-04-15,,,,,,,,,,,,,100.0,97.3,100.0,100.0
2022-04-16,,,,100.0,99.0,100.0,,,,,,,100.0,97.3,100.0,100.0
2022-04-17,,,,,,,,,,,,,100.0,96.6,100.0,100.0
2022-04-18,,,,,,,,,,100.0,99.2,100.0,100.0,96.3,100.0,100.0
2022-04-19,39.9,39.6,34.2,100.0,99.3,100.0,100.0,99.9,99.8,,,,100.0,97.4,100.0,100.0
2022-04-20,2.1,20.6,34.7,,,,,,,100.0,98.9,100.0,100.0,95.7,100.0,100.0
2022-04-21,,,,100.0,98.0,89.6,,,,100.0,99.2,100.0,100.0,95.4,100.0,100.0
2022-04-22,,,,,,,,,,100.0,96.9,100.0,100.0,93.4,100.0,100.0
2022-04-23,,,,,,,,,,,,,100.0,92.0,100.0,100.0
2022-04-24,0.0,14.5,34.7,,,,,,,100.0,96.2,100.0,100.0,90.5,100.0,100.0
2022-04-25,,,,,,,,,,100.0,91.4,100.0,100.0,89.0,100.0,100.0
2022-04-26,,,,,,,,,,100.0,92.6,100.0,100.0,88.2,100.0,100.0
2022-04-27,,,,,,,100.0,99.2,100.0,,,,100.0,90.4,100.0,100.0
2022-04-28,,,,,,,,,,,,,99.5,87.8,100.0,99.5
2022-04-29,,,,100.0,99.2,100.0,,,,97.0,83.0,100.0,99.3,88.8,100.0,99.3
2022-04-30,,,,,,,,,,98.0,77.1,100.0,99.3,87.2,100.0,99.3
2022-05-01,0.0,7.2,34.4,100.0,99.5,100.0,,,,,,,97.8,85.7,100.0,97.8
2022-05-02,0.0,4.9,34.2,,,,,,,90.6,72.4,100.0,95.8,82.9,100.0,95.8
2022-05-03,,,,,,,,,,,,,91.3,77.1,100.0,91.3
2022-05-04,,,,100.0,96.7,83.4,,,,,,,95.8,79.8,100.0,95.8
2022-05-05,,,,,,,,,,,,,80.2,70.5,100.0,80.2
2022-05-06,0.0,4.1,34.7,,,,,,,,,,89.6,73.6,100.0,89.6
2022-05-07,,,,,,,,,,97.5,78.9,100.0,80.0,69.4,100.0,80.0
2022-05-08,,,,,,,,,,,,,89.4,72.8,100.0,89.4
2022-05-09,,,,,,,,,,,,,73.0,69.2,100.0,73.0
2022-05-10,,,,,,,,,,,,,84.9,74.8,100.0,84.9
2022-05-11,,,,100.0,98.5,100.0,,,,,,,75.7,72.7,100.0,75.7
2022-05-12,,,,,,,,,,79.5,62.8,100.0,72.5,70.0,100.0,72.5
2022-05-13,49.2,32.1,76.5,,,,,,,,,,61.1,61.1,100.0,61.1
2022-05-14,3.0,16.1,75.5,100.0,93.9,100.0,,,,,,,66.8,64.4,100.0,66.8
2022-05-15,,,,,,,,,,,,,56.9,57.5,100.0,56.9
2022-05-16,,,,,,,,,,,,,52.2,53.0,100.0,52.2
2022-05-17,,,,,,,,,,,,,40.6,47.8,100.0,40.6
2022-05-18,2.3,6.9,76.5,,,,,,,,,,39.1,47.7,100.0,39.1
2022-05-19,,,,,,,,,,,,,34.2,44.6,100.0,34.2
2022-05-20,,,,,,,,,,11.9,32.9,100.0,18.8,39.3,100.0,18.8
2022-05-21,,,,0.7,20.6,100.0,,,,,,,6.2,31.7,100.0,6.2
2022-05-22,,,,,,,,,,,,,0.5,23.9,100.0,0.5
2022-05-23,,,,,,,,,,,,,0.0,19.8,100.0,0.0
2022-05-24,,,,,,,,,,16.6,31.1,100.0,0.0,14.5,100.0,0.0
2022-05-25,0.7,4.3,76.0,,,,,,,0.2,16.5,100.0,0.0,13.2,100.0,0.0
2022-05-26,1.0,3.7,77.0,0.0,0.6,100.0,,,,,,,0.0,9.6,100.0,0.0
2022-05-27,,,,,,,,,,,,,0.0,9.8,100.0,0.0
2022-05-28,,,,,,,,,,1.0,15.6,100.0,0.0,7.4,100.0,0.0
2022-05-29,,,,,,,,,,0.0,2.8,100.0,0.0,6.9,100.0,0.0
2022-05-30,0.6,3.8,76.5,,,,,,,0.0,4.6,100.0,0.0,4.5,100.0,0.0
2022-05-31,,,,,,,,,,,,,0.0,4.7,100.0,0.0
2022-06-01,,,,,,,,,,,,,0.0,2.9,100.0,0.0
2022-06-02,,,,,,,,,,,,,0.0,2.7,100.0,0.0
2022-06-03,,,,,,,,,,,,,0.0,2.5,100.0,0.0
2022-06-04,,,,,,,,,,,,,0.0,2.6,100.0,0.0
2022-06-05,,,,,,,,,,0.0,0.9,100.0,0.0,1.9,100.0,0.0
2022-06-06,0.3,4.0,76.5,,,,0.0,0.2,46.5,,,,0.0,2.1,100.0,0.0
2022-06-07,3.9,6.8,81.7,,,,,,,0.0,0.6,33.2,0.0,2.1,100.0,0.0
2022-06-08,,,,,,,,,,,,,0.0,2.4,100.0,0.0
2022-06-09,,,,,,,,,,,,,0.0,2.3,100.0,0.0
2022-06-10,,,,0.0,0.0,100.0,,,,0.0,0.2,100.0,0.0,1.9,100.0,0.0
2022-06-11,0.0,3.8,77.7,,,,,,,,,,0.0,2.4,100.0,0.0
2022-06-12,,,,,,,,,,0.0,0.1,100.0,0.0,2.1,100.0,0.0
2022-06-13,,,,,,,,,,0.0,0.1,100.0,0.0,2.4,100.0,0.0
2022-06-14,,,,,,,,,,,,,0.0,2.1,100.0,0.0
2022-06-15,,,,,,,,,,,,,0.0,2.4,100.0,0.0
2022-06-16,,,,,,,,,,0.0,0.1,100.0,0.0,1.6,100.0,0.0
2022-06-17,,,,,,,,,,,,,0.0,1.8,100.0,0.0
2022-06-18,2.5,6.8,80.7,0.0,0.0,100.0,,,,0.0,0.0,100.0,0.0,1.4,100.0,0.0
2022-06-19,3.0,5.5,81.7,,,,,,,,,,0.0,1.6,100.0,0.0
2022-06-20,,,,,,,,,,0.0,0.0,100.0,0.0,1.3,100.0,0.0
2022-06-21,,,,,,,,,,,,,0.0,1.3,100.0,0.0
2022-06-22,,,,,,,,,,,,,0.0,1.5,100.0,0.0
2022-06-23,0.0,5.4,79.0,0.0,0.0,100.0,,,,,,,0.0,1.3,100.0,0.0
2022-06-24,,,,,,,,,,,,,0.0,0.9,100.0,0.0
2022-06-25,,,,0.0,0.0,100.0,,,,0.0,0.0,100.0,0.0,0.6,100.0,0.0
2022-06-26,,,,,,,,,,,,,0.0,0.7,100.0,0.0
2022-06-27,,,,,,,,,,,,,0.0,0.6,100.0,0.0
2022-06-28,,,,,,,,,,,,,0.0,0.6,100.0,0.0
2022-06-29,,,,,,,,,,0.0,0.0,100.0,0.0,0.4,100.0,0.0
2022-06-30,0.6,4.2,79.7,0.0,0.0,100.0,0.0,0.0,56.7,,,,0.0,0.3,100.0,0.0
2022-07-01,2.7,6.6,82.2,,,,,,,,,,0.0,0.3,100.0,0.0
2022-07-02,,,,,,,,,,,,,0.0,0.3,100.0,0.0
2022-07-03,,,,0.0,0.0,82.7,,,,,,,0.0,0.3,100.0,0.0
2022-07-04,,,,,,,,,,,,,0.0,0.2,100.0,0.0
2022-07-05,0.0,3.6,77.2,,,,,,,,,,0.0,0.1,100.0,0.0
2022-07-06,,,,,,,,,,,,,0.0,0.1,100.0,0.0
2022-07-07,,,,,,,,,,0.0,0.0,100.0,0.0,0.1,100.0,0.0
2022-07-08,,,,0.0,0.0,100.0,0.0,0.0,99.0,0.0,0.0,100.0,0.0,0.1,100.0,0.0
2022-07-09,,,,,,,,,,,,,0.0,0.1,100.0,0.0
2022-07-10,,,,0.0,0.0,100.0,,,,,,,0.0,0.1,100.0,0.0
2022-07-11,,,,,,,,,,,,,0.0,0.1,100.0,0.0
2022-07-12,2.1,6.3,81.4,,,,,,,,,,0.0,0.1,100.0,0.0
2022-07-13,2.7,5.4,82.2,0.0,0.0,100.0,,,,,,,0.0,0.0,100.0,0.0
2022-07-14,,,,,,,,,,,,,0.0,0.0,100.0,0.0
2022-07-15,,,,,,,,,,,,,0.0,0.0,100.0,0.0
2022-07-16,,,,,,,0.0,0.0,98.3,,,,0.0,0.0,100.0,0.0
2022-07-17,0.0,4.0,76.5,,,,,,,,,,0.0,0.0,100.0,0.0
2022-07-18,,,,0.0,0.0,100.0,,,,,,,0.0,0.0,100.0,0.0
2022-07-19,,,,,,,,,,,,,0.0,0.0,100.0,0.0
2022-07-20,,,,,,,,,,,,,0.0,0.0,100.0,0.0
2022-07-21,,,,,,,,,,,,,0.0,0.0,100.0,0.0
2022-07-22,,,,,,,,,,,,,0.0,0.0,100.0,0.0
2022-07-23,,,,,,,,,,,,,0.0,0.0,100.0,0.0
2022-07-24,0.3,4.6,78.0,,,,0.0,0.0,100.0,0.0,0.0,100.0,0.0,0.0,100.0,0.0
2022-07-25,1.0,4.8,77.7,0.0,0.0,39.1,,,,,,,0.0,0.0,100.0,0.0
2022-07-26,,,,,,,,,,,,,0.0,0.0,100.0,0.0
2022-07-27,,,,,,,,,,,,,0.0,0.0,100.0,0.0
2022-07-28,,,,0.0,0.0,100.0,,,,,,,0.0,0.0,100.0,0.0
2022-07-29,0.0,3.0,77.5,,,,,,,,,,0.0,0.0,100.0,0.0
2022-07-30,,,,,,,,,,0.0,0.0,100.0,0.0,0.0,100.0,0.0
2022-07-31,,,,,,,,,,,,,0.0,0.0,100.0,0.0
2022-08-01,,,,,,,0.0,0.0,93.1,0.0,0.0,100.0,0.0,0.0,100.0,0.0
2022-08-02,,,,,,,,,,0.0,0.0,100.0,0.0,0.0,100.0,0.0
2022-08-03,,,,,,,,,,0.0,0.0,100.0,0.0,0.0,100.0,0.0
2022-08-04,,,,0.0,0.0,100.0,,,,,,,0.0,0.0,100.0,0.0
2022-08-05,0.0,3.1,75.5,,,,,,,,,,0.0,0.0,100.0,0.0
2022-08-06,0.0,3.6,77.0,,,,,,,0.0,0.0,100.0,0.0,0.0,100.0,0.0
2022-08-07,,,,,,,,,,,,,0.0,0.0,100.0,0.0
2022-08-08,,,,,,,,,,0.0,0.0,100.0,0.0,0.0,100.0,0.0
2022-08-09,,,,0.0,0.0,100.0,0.0,0.0,98.3,0.0,0.0,100.0,0.0,0.0,100.0,0.0
2022-08-10,0.3,4.3,77.2,,,,,,,,,,0.0,0.0,100.0,0.0
2022-08-11,,,,,,,,,,,,,0.0,0.0,100.0,0.0
2022-08-12,,,,0.0,0.0,71.8,,,,0.0,0.0,100.0,0.0,0.0,100.0,0.0
2022-08-13,,,,,,,,,,0.0,0.0,100.0,0.0,0.1,100.0,0.0
2022-08-14,,,,,,,,,,,,,0.0,0.1,100.0,0.0
2022-08-15,,,,,,,,,,,,,0.0,0.1,100.0,0.0
2022-08-16,,,,,,,,,,0.0,0.0,100.0,0.0,0.1,100.0,0.0
2022-08-17,0.0,4.2,77.7,,,,,,,0.0,0.0,100.0,0.0,0.1,100.0,0.0
2022-08-18,0.0,3.4,75.7,,,,,,,,,,0.0,0.1,100.0,0.0
2022-08-19,,,,,,,,,,,,,0.0,0.1,100.0,0.0
2022-08-20,,,,,,,,,,0.0,0.0,100.0,0.0,0.1,100.0,0.0
2022-08-21,,,,,,,,,,0.0,0.0,100.0,0.0,0.1,100.0,0.0
2022-08-22,0.0,4.9,76.5,0.0,0.0,85.9,,,,0.0,0.0,100.0,0.0,0.0,100.0,0.0
2022-08-23,,,,,,,,,,,,,0.0,0.0,100.0,0.0
2022-08-24,,,,0.0,0.0,100.0,,,,0.0,0.0,100.0,0.0,0.0,100.0,0.0
2022-08-25,,,,,,,0.0,0.0,99.8,0.0,0.0,100.0,0.0,0.0,100.0,0.0
2022-08-26,,,,,,,,,,,,,0.0,0.0,100.0,0.0
2022-08-27,,,,0.0,0.0,100.0,,,,,,,0.0,0.0,100.0,0.0
2022-08-28,,,,,,,,,,,,,0.0,0.0,100.0,0.0
2022-08-29,0.3,4.2,78.0,0.0,0.0,100.0,,,,0.0,0.0,100.0,0.0,0.0,100.0,0.0
2022-08-30,0.6,4.2,77.2,,,,,,,,,,0.0,0.0,100.0,0.0
2022-08-31,,,,,,,,,,,,,0.0,0.1,100.0,0.0
2022-09-01,,,,0.0,0.0,95.3,,,,0.0,0.0,100.0,0.0,0.1,100.0,0.0
2022-09-02,,,,,,,0.0,0.0,87.6,,,,0.0,0.1,100.0,0.0
2022-09-03,0.3,3.8,77.0,,,,,,,,,,0.0,0.1,100.0,0.0
2022-09-04,,,,,,,,,,0.0,0.0,100.0,0.0,0.1,100.0,0.0
2022-09-05,,,,,,,,,,0.0,0.0,100.0,0.0,0.1,100.0,0.0
2022-09-06,,,,,,,,,,,,,0.0,0.2,100.0,0.0
2022-09-07,,,,,,,,,,,,,0.0,0.1,100.0,0.0
2022-09-08,,,,0.0,0.0,99.8,,,,0.0,0.1,100.0,0.0,0.1,100.0,0.0
2022-09-09,,,,,,,,,,,,,0.0,0.2,100.0,0.0
2022-09-10,0.0,3.6,76.0,,,,,,,,,,0.0,0.4,100.0,0.0
2022-09-11,0.0,2.6,76.5,0.0,0.0,100.0,,,,0.0,0.0,100.0,0.0,0.2,100.0,0.0
2022-09-12,,,,,,,,,,0.0,0.1,100.0,0.0,0.2,100.0,0.0
2022-09-13,,,,,,,,,,,,,0.0,0.2,100.0,0.0
2022-09-14,,,,,,,,,,,,,0.0,0.2,100.0,0.0
2022-09-15,0.0,2.7,75.5,,,,,,,,,,0.0,0.2,100.0,0.0
2022-09-16,,,,,,,,,,,,,0.0,0.3,100.0,0.0
2022-09-17,,,,,,,,,,,,,0.0,0.3,100.0,0.0
2022-09-18,,,,0.0,0.1,100.0,,,,,,,0.0,0.5,100.0,0.0
2022-09-19,,,,,,,,,,,,,0.0,0.5,100.0,0.0
2022-09-20,,,,,,,,,,,,,0.0,0.5,100.0,0.0
2022-09-21,,,,0.0,0.0,100.0,,,,,,,0.0,0.5,100.0,0.0
2022-09-22,0.0,2.5,75.7,,,,,,,,,,0.0,0.5,100.0,0.0
2022-09-23,0.0,2.8,77.0,0.0,0.0,100.0,,,,,,,0.0,0.5,100.0,0.0
2022-09-24,,,,,,,,,,,,,0.0,0.9,100.0,0.0
2022-09-25,,,,,,,,,,,,,0.0,1.0,100.0,0.0
2022-09-26,,,,,,,,,,,,,0.0,1.1,100.0,0.0
2022-09-27,0.0,2.9,75.5,,,,,,,,,,0.0,1.0,100.0,0.0
2022-09-28,,,,,,,,,,,,,0.0,1.2,100.0,0.0
2022-09-29,,,,,,,,,,,,,0.0,1.2,100.0,0.0
2022-09-30,,,,,,,,,,0.0,0.1,100.0,0.0,1.4,100.0,0.0
2022-10-01,,,,,,,,,,,,,0.0,1.4,100.0,0.0
2022-10-02,,,,,,,,,,,,,0.0,1.7,100.0,0.0
2022-10-03,,,,0.0,0.0,100.0,,,,,,,0.0,1.3,100.0,0.0
2022-10-04,0.3,3.5,78.0,,,,,,,,,,0.0,1.4,100.0,0.0
2022-10-05,0.0,4.3,76.2,,,,,,,0.0,0.2,100.0,0.0,1.2,100.0,0.0
2022-10-06,,,,0.0,0.0,100.0,,,,,,,0.0,1.3,100.0,0.0
2022-10-07,,,,,,,,,,,,,0.0,1.1,100.0,0.0
2022-10-08,,,,,,,,,,,,,0.0,1.0,100.0,0.0
2022-10-09,0.0,4.9,76.2,,,,,,,0.0,0.2,100.0,0.0,1.1,100.0,0.0
2022-10-10,,,,,,,,,,,,,0.0,1.2,100.0,0.0
2022-10-11,,,,0.0,0.0,100.0,,,,,,,0.0,1.3,100.0,0.0
2022-10-12,,,,,,,,,,0.0,0.5,100.0,0.0,0.9,100.0,0.0
2022-10-13,,,,,,,,,,,,,0.0,1.3,100.0,0.0
2022-10-14,,,,,,,,,,0.0,0.1,93.3,0.0,1.1,100.0,0.0
2022-10-15,,,,,,,,,,,,,0.0,1.8,100.0,0.0
2022-10-16,0.3,7.9,76.5,0.0,0.0,100.0,,,,0.0,0.3,100.0,0.0,1.0,100.0,0.0
2022-10-17,0.0,12.2,76.2,,,,,,,0.0,0.1,100.0,0.0,1.5,100.0,0.0
2022-10-18,,,,0.0,0.0,90.8,,,,0.0,0.4,100.0,0.0,1.0,100.0,0.0
2022-10-19,,,,,,,,,,,,,0.0,1.5,100.0,0.0
2022-10-20,,,,,,,,,,0.0,0.2,100.0,0.0,1.2,100.0,0.0
2022-10-21,0.3,14.8,76.5,,,,,,,,,,0.0,1.4,100.0,0.0
2022-10-22,,,,,,,,,,0.0,0.3,100.0,0.0,0.9,100.0,0.0
2022-10-23,,,,,,,,,,,,,0.0,1.3,100.0,0.0
2022-10-24,,,,,,,,,,,,,0.0,1.3,100.0,0.0
2022-10-25,,,,,,,,,,0.0,0.7,100.0,0.0,1.4,100.0,0.0
2022-10-26,,,,0.0,0.0,100.0,,,,,,,0.0,1.1,100.0,0.0
2022-10-27,,,,,,,,,,,,,0.0,1.4,100.0,0.0
2022-10-28,9.7,28.1,79.5,,,,,,,,,,0.0,1.5,100.0,0.0
2022-10-29,4.6,27.9,75.7,,,,,,,,,,0.0,2.0,100.0,0.0
2022-10-30,,,,,,,,,,0.0,2.3,100.0,0.0,1.8,100.0,0.0
2022-10-31,,,,0.0,0.0,100.0,,,,0.0,4.4,100.0,0.0,2.1,100.0,0.0
2022-11-01,,,,,,,,,,,,,0.0,2.3,100.0,0.0
2022-11-02,28.5,35.0,75.5,0.0,0.1,93.6,,,,,,,0.0,3.5,100.0,0.0
2022-11-03,,,,,,,,,,,,,0.0,3.8,100.0,0.0
2022-11-04,,,,,,,,,,,,,0.0,5.5,100.0,0.0
2022-11-05,,,,,,,,,,0.0,22.2,100.0,0.0,5.8,100.0,0.0
2022-11-06,,,,,,,,,,,,,0.0,8.2,100.0,0.0
2022-11-07,,,,,,,,,,,,,0.0,10.5,100.0,0.0
2022-11-08,,,,,,,,,,,,,0.0,10.6,100.0,0.0
2022-11-09,42.9,39.4,76.2,,,,,,,,,,0.0,13.6,100.0,0.0
2022-11-10,41.4,39.6,76.5,0.0,2.1,100.0,,,,,,,0.0,12.8,100.0,0.0
2022-11-11,,,,,,,,,,,,,0.0,19.2,100.0,0.0
2022-11-12,,,,0.0,8.6,100.0,,,,,,,0.0,17.8,100.0,0.0
2022-11-13,,,,,,,,,,,,,0.0,29.4,100.0,0.0
2022-11-14,55.3,42.8,77.0,,,,,,,,,,0.0,28.0,100.0,0.0
2022-11-15,,,,,,,,,,,,,9.7,46.3,100.0,9.7
2022-11-16,,,,,,,,,,100.0,70.1,100.0,9.2,43.9,100.0,9.2
2022-11-17,,,,98.2,84.7,82.4,,,,,,,57.7,60.2,100.0,57.7
2022-11-18,,,,,,,,,,,,,52.7,58.1,100.0,52.7
2022-11-19,,,,,,,,,,,,,85.9,71.6,100.0,85.9
2022-11-20,,,,96.3,89.7,100.0,,,,,,,82.4,71.9,100.0,82.4
2022-11-21,76.1,50.6,76.5,,,,100.0,95.6,100.0,,,,98.8,83.2,100.0,98.8
2022-11-22,83.5,55.3,76.7,,,,,,,,,,98.3,82.2,100.0,98.3
2022-11-23,,,,,,,,,,,,,99.8,90.1,100.0,99.8
2022-11-24,,,,,,,,,,,,,99.5,90.3,100.0,99.5
2022-11-25,,,,,,,,,,,,,100.0,93.3,100.0,100.0
2022-11-26,86.8,57.2,77.0,,,,,,,,,,100.0,93.9,100.0,100.0
2022-11-27,,,,99.3,98.3,100.0,,,,,,,100.0,95.8,100.0,100.0
2022-11-28,,,,,,,,,,100.0,89.8,100.0,100.0,95.9,100.0,100.0
2022-11-29,,,,,,,,,,,,,100.0,96.0,100.0,100.0
2022-11-30,,,,97.0,95.6,100.0,,,,100.0,91.5,100.0,100.0,96.4,100.0,100.0
2022-12-01,,,,,,,,,,100.0,93.6,100.0,100.0,97.3,100.0,100.0
2022-12-02,,,,98.3,98.0,100.0,,,,,,,100.0,97.9,100.0,100.0
2022-12-03,89.6,57.3,76.5,,,,,,,,,,100.0,97.9,100.0,100.0
2022-12-04,79.0,51.8,76.5,,,,,,,100.0,95.2,100.0,100.0,98.3,100.0,100.0
2022-12-05,,,,100.0,99.7,54.5,,,,100.0,95.6,100.0,100.0,98.7,100.0,100.0
2022-12-06,,,,,,,,,,,,,100.0,98.8,100.0,100.0
2022-12-07,,,,98.3,97.7,100.0,100.0,100.0,100.0,,,,100.0,99.3,100.0,100.0
2022-12-08,89.0,57.0,76.7,,,,,,,100.0,97.7,100.0,100.0,99.1,100.0,100.0
2022-12-09,,,,,,,,,,100.0,98.2,100.0,100.0,99.3,100.0,100.0
2022-12-10,,,,,,,,,,100.0,99.2,100.0,100.0,99.4,100.0,100.0
2022-12-11,,,,,,,,,,,,,100.0,99.4,100.0,100.0
2022-12-12,,,,,,,,,,,,,100.0,99.3,100.0,100.0
2022-12-13,,,,,,,,,,,,,100.0,99.5,100.0,100.0
2022-12-14,,,,,,,,,,100.0,99.2,100.0,100.0,99.5,100.0,100.0
2022-12-15,91.3,59.5,76.7,,,,,,,,,,100.0,99.5,100.0,100.0
2022-12-16,96.8,68.0,78.0,,,,,,,100.0,99.6,100.0,100.0,99.3,100.0,100.0
2022-12-17,,,,98.0,97.8,100.0,,,,100.0,99.5,100.0,100.0,99.3,100.0,100.0
2022-12-18,,,,,,,,,,100.0,99.3,100.0,100.0,99.2,100.0,100.0
2022-12-19,,,,,,,,,,,,,100.0,99.1,100.0,100.0
2022-12-20,98.4,69.8,76.0,,,,,,,,,,100.0,98.9,100.0,100.0
2022-12-21,,,,,,,,,,100.0,98.5,100.0,100.0,98.8,100.0,100.0
2022-12-22,,,,,,,,,,,,,100.0,98.7,100.0,100.0
2022-12-23,,,,,,,,,,,,,100.0,98.1,100.0,100.0
2022-12-24,,,,,,,,,,100.0,98.8,49.3,100.0,97.9,100.0,100.0
2022-12-25,,,,99.3,98.4,100.0,,,,100.0,98.6,100.0,99.8,98.2,100.0,99.8
2022-12-26,,,,,,,,,,,,,99.8,97.9,100.0,99.8
2022-12-27,99.7,78.3,75.0,99.8,98.9,100.0,,,,,,,99.8,98.4,100.0,99.8
2022-12-28,99.7,78.8,75.0,,,,,,,,,,99.8,98.0,100.0,99.8
2022-12-29,,,,,,,,,,100.0,98.1,100.0,99.8,98.0,100.0,99.8
2022-12-30,,,,,,,,,,,,,99.8,97.9,100.0,99.8
2022-12-31,,,,,,,,,,,,,99.8,98.1,100.0,99.8
2023-01-01,100.0,86.1,72.5,99.5,98.7,100.0,,,,,,,99.5,97.8,100.0,99.5
2023-01-02,,,,,,,,,,97.4,97.2,100.0,99.5,97.7,100.0,99.5
2023-01-03,,,,,,,,,,,,,99.5,97.5,100.0,99.5
2023-01-04,,,,99.8,99.2,100.0,,,,97.4,97.3,100.0,99.5,98.0,100.0,99.5
2023-01-05,,,,,,,,,,100.0,98.3,100.0,99.5,97.7,100.0,99.5
2023-01-06,,,,99.8,99.2,100.0,,,,,,,99.5,97.9,100.0,99.5
2023-01-07,,,,,,,,,,100.0,98.4,100.0,99.8,97.2,100.0,99.8
2023-01-08,100.0,87.8,73.0,,,,,,,,,,99.5,97.2,100.0,99.5
2023-01-09,100.0,91.0,73.4,,,,,,,,,,99.8,97.2,100.0,99.8
2023-01-10,,,,,,,,,,,,,100.0,97.7,100.0,100.0
2023-01-11,,,,,,,,,,,,,100.0,97.5,100.0,100.0
2023-01-12,,,,,,,,,,100.0,98.9,100.0,100.0,96.9,100.0,100.0
2023-01-13,100.0,91.2,73.2,,,,,,,,,,100.0,97.1,100.0,100.0
2023-01-14,,,,,,,,,,,,,100.0,96.6,100.0,100.0
2023-01-15,,,,,,,,,,,,,100.0,96.7,100.0,100.0
2023-01-16,,,,,,,,,,,,,100.0,95.4,100.0,100.0
2023-01-17,,,,,,,,,,,,,100.0,95.8,100.0,100.0
2023-01-18,,,,,,,,,,,,,100.0,97.0,100.0,100.0
2023-01-19,,,,99.0,98.5,100.0,,,,,,,100.0,97.6,100.0,100.0
2023-01-20,100.0,93.7,73.7,,,,,,,,,,100.0,97.8,100.0,100.0
2023-01-21,100.0,94.7,73.0,,,,,,,,,,100.0,98.9,100.0,100.0
2023-01-22,,,,,,,,,,,,,100.0,99.2,100.0,100.0
2023-01-23,,,,,,,,,,,,,100.0,99.2,100.0,100.0
2023-01-24,,,,99.4,98.6,37.8,100.0,100.0,100.0,100.0,99.2,100.0,100.0,99.6,100.0,100.0
2023-01-25,100.0,95.2,73.0,,,,,,,,,,100.0,99.5,100.0,100.0
2023-01-26,,,,98.6,98.1,100.0,,,,,,,100.0,99.7,100.0,100.0
2023-01-27,,,,,,,,,,100.0,99.2,91.6,100.0,99.6,100.0,100.0
2023-01-28,,,,,,,,,,100.0,99.4,100.0,100.0,99.6,100.0,100.0
2023-01-29,,,,98.3,97.8,100.0,,,,,,,100.0,99.7,100.0,100.0
2023-01-30,,,,,,,,,,,,,100.0,99.7,100.0,100.0
2023-01-31,,,,97.4,97.0,100.0,,,,100.0,99.6,100.0,100.0,99.7,100.0,100.0
2023-02-01,100.0,97.1,72.0,,,,100.0,100.0,100.0,,,,100.0,99.8,100.0,100.0
2023-02-02,100.0,97.3,72.7,,,,,,,,,,100.0,99.8,100.0,100.0
2023-02-03,,,,97.4,96.8,100.0,,,,100.0,99.6,100.0,100.0,99.8,100.0,100.0
2023-02-04,,,,,,,,,,100.0,99.6,100.0,100.0,99.8,100.0,100.0
2023-02-05,,,,97.1,97.0,100.0,,,,100.0,99.5,100.0,100.0,99.8,100.0,100.0
2023-02-06,100.0,98.6,73.9,,,,,,,,,,100.0,99.8,100.0,100.0
2023-02-07,,,,,,,,,,100.0,99.4,100.0,100.0,99.8,100.0,100.0
2023-02-08,,,,97.4,96.5,100.0,,,,100.0,99.1,100.0,100.0,99.8,100.0,100.0
2023-02-09,,,,,,,100.0,100.0,100.0,100.0,99.2,100.0,100.0,99.9,100.0,100.0
2023-02-10,,,,95.7,95.9,100.0,,,,,,,100.0,99.9,100.0,100.0
2023-02-11,,,,,,,,,,,,,100.0,99.9,100.0,100.0
2023-02-12,,,,,,,,,,100.0,99.1,100.0,100.0,99.9,100.0,100.0
2023-02-13,100.0,98.8,75.4,96.4,96.2,100.0,,,,,,,100.0,99.9,100.0,100.0
2023-02-14,99.7,97.9,79.7,,,,,,,,,,100.0,99.9,100.0,100.0
2023-02-15,,,,95.7,96.1,100.0,,,,,,,100.0,99.9,100.0,100.0
2023-02-16,,,,,,,,,,100.0,99.1,100.0,100.0,99.9,100.0,100.0
2023-02-17,,,,,,,,,,100.0,99.2,100.0,100.0,99.8,100.0,100.0
2023-02-18,100.0,99.6,74.6,97.1,96.9,100.0,,,,,,,100.0,99.7,100.0,100.0
2023-02-19,,,,,,,,,,,,,100.0,99.4,100.0,100.0
2023-02-20,,,,99.3,98.4,100.0,,,,100.0,99.3,100.0,100.0,99.5,100.0,100.0
2023-02-21,,,,,,,,,,,,,100.0,99.1,100.0,100.0
2023-02-22,,,,,,,,,,,,,100.0,98.9,100.0,100.0
2023-02-23,,,,99.8,96.2,100.0,,,,,,,100.0,98.6,100.0,100.0
2023-02-24,,,,,,,,,,,,,100.0,98.5,100.0,100.0
2023-02-25,99.7,98.5,79.2,,,,,,,100.0,99.1,100.0,100.0,98.5,100.0,100.0
2023-02-26,99.4,98.6,78.7,,,,,,,,,,100.0,98.5,100.0,100.0
2023-02-27,,,,,,,,,,100.0,99.2,100.0,100.0,98.7,100.0,100.0
2023-02-28,,,,100.0,98.7,100.0,,,,100.0,99.2,100.0,100.0,98.9,100.0,100.0
2023-03-01,,,,,,,,,,100.0,99.3,100.0,100.0,99.0,100.0,100.0
2023-03-02,100.0,99.5,73.4,99.8,98.2,100.0,,,,,,,100.0,99.3,100.0,100.0
2023-03-03,,,,,,,,,,100.0,99.6,100.0,100.0,99.4,100.0,100.0
2023-03-04,,,,,,,,,,100.0,99.7,100.0,100.0,99.4,100.0,100.0
2023-03-05,,,,99.3,98.3,100.0,100.0,100.0,100.0,,,,100.0,99.7,100.0,100.0
2023-03-06,,,,,,,,,,100.0,99.8,100.0,100.0,99.5,100.0,100.0
2023-03-07,,,,99.3,98.4,100.0,,,,100.0,99.8,100.0,100.0,99.7,100.0,100.0
2023-03-08,,,,,,,,,,,,,100.0,99.6,100.0,100.0
2023-03-09,100.0,99.2,75.8,,,,,,,,,,100.0,99.6,100.0,100.0
2023-03-10,100.0,98.2,75.8,,,,,,,,,,100.0,99.4,100.0,100.0
2023-03-11,,,,,,,,,,,,,100.0,99.4,100.0,100.0
2023-03-12,,,,,,,,,,,,,100.0,99.4,100.0,100.0
2023-03-13,,,,,,,,,,100.0,99.8,100.0,100.0,99.4,100.0,100.0
2023-03-14,100.0,97.8,75.1,,,,,,,100.0,99.9,100.0,100.0,99.0,100.0,100.0
2023-03-15,,,,100.0,99.1,100.0,,,,,,,100.0,99.3,100.0,100.0
2023-03-16,,,,,,,,,,,,,100.0,99.1,100.0,100.0
2023-03-17,,,,99.8,98.9,100.0,,,,,,,100.0,99.2,100.0,100.0
2023-03-18,,,,,,,,,,,,,100.0,98.5,100.0,100.0
2023-03-19,,,,,,,,,,,,,100.0,98.7,100.0,100.0
2023-03-20,,,,100.0,99.3,100.0,,,,,,,100.0,98.8,100.0,100.0
2023-03-21,100.0,96.1,74.4,,,,100.0,100.0,100.0,,,,100.0,99.0,100.0,100.0
2023-03-22,100.0,94.8,75.8,99.8,98.4,100.0,,,,,,,100.0,98.3,100.0,100.0
2023-03-23,,,,,,,,,,,,,100.0,98.3,100.0,100.0
2023-03-24,,,,,,,,,,,,,100.0,98.1,100.0,100.0
2023-03-25,,,,,,,,,,,,,100.0,97.6,100.0,100.0
2023-03-26,100.0,91.4,73.7,,,,,,,100.0,99.9,100.0,100.0,96.7,100.0,100.0
2023-03-27,,,,,,,,,,100.0,99.9,92.8,100.0,96.3,100.0,100.0
2023-03-28,,,,,,,,,,,,,100.0,97.1,100.0,100.0
2023-03-29,,,,,,,,,,,,,100.0,96.5,100.0,100.0
2023-03-30,,,,,,,,,,,,,100.0,95.5,100.0,100.0
2023-03-31,,,,,,,,,,,,,100.0,95.8,100.0,100.0
2023-04-01,,,,,,,,,,,,,100.0,96.3,100.0,100.0
2023-04-02,100.0,89.4,72.7,,,,,,,100.0,99.9,100.0,100.0,97.3,100.0,100.0
2023-04-03,99.3,83.7,72.7,,,,,,,100.0,99.9,100.0,100.0,97.1,100.0,100.0
2023-04-04,,,,100.0,98.9,100.0,,,,,,,100.0,98.3,100.0,100.0
2023-04-05,,,,,,,,,,,,,100.0,98.5,100.0,100.0
2023-04-06,,,,100.0,99.2,100.0,100.0,100.0,100.0,100.0,99.9,100.0,100.0,99.2,100.0,100.0
2023-04-07,99.0,81.0,73.4,,,,,,,,,,100.0,98.7,100.0,100.0
2023-04-08,,,,,,,,,,100.0,99.9,100.0,100.0,99.0,100.0,100.0
2023-04-09,,,,100.0,99.7,100.0,,,,,,,100.0,99.3,100.0,100.0
2023-04-10,,,,,,,,,,,,,100.0,99.3,100.0,100.0
2023-04-11,,,,,,,,,,,,,100.0,99.0,100.0,100.0
2023-04-12,,,,,,,,,,100.0,99.8,100.0,100.0,99.1,100.0,100.0
2023-04-13,,,,,,,,,,,,,100.0,99.2,100.0,100.0
2023-04-14,98.0,77.4,72.7,100.0,99.7,100.0,,,,100.0,99.8,100.0,100.0,99.4,100.0,100.0
2023-04-15,97.4,76.6,72.5,,,,,,,100.0,99.6,100.0,100.0,99.1,100.0,100.0
2023-04-16,,,,,,,,,,100.0,99.7,100.0,100.0,99.0,100.0,100.0
2023-04-17,,,,,,,,,,,,,100.0,99.1,100.0,100.0
2023-04-18,,,,,,,,,,100.0,99.3,100.0,100.0,99.2,100.0,100.0
2023-04-19,95.3,74.0,72.0,100.0,99.7,100.0,,,,100.0,99.4,92.3,100.0,99.3,100.0,100.0
2023-04-20,,,,,,,,,,,,,100.0,99.0,100.0,100.0
2023-04-21,,,,,,,,,,,,,100.0,99.1,100.0,100.0
2023-04-22,,,,,,,,,,100.0,99.2,100.0,100.0,99.0,100.0,100.0
2023-04-23,,,,,,,,,,100.0,99.3,100.0,100.0,98.8,100.0,100.0
2023-04-24,,,,100.0,99.9,100.0,,,,100.0,99.3,100.0,100.0,99.2,100.0,100.0
2023-04-25,,,,,,,,,,,,,100.0,99.0,100.0,100.0
2023-04-26,96.7,77.0,72.5,100.0,99.9,100.0,,,,,,,100.0,99.3,100.0,100.0
2023-04-27,95.5,75.9,74.4,,,,,,,100.0,99.1,100.0,100.0,98.9,100.0,100.0
2023-04-28,,,,,,,,,,100.0,99.1,100.0,100.0,98.8,100.0,100.0
2023-04-29,,,,,,,,,,,,,100.0,98.5,100.0,100.0
2023-04-30,,,,,,,,,,,,,100.0,98.4,100.0,100.0
2023-05-01,95.8,77.7,74.4,,,,,,,,,,100.0,98.0,100.0,100.0
2023-05-02,,,,,,,,,,100.0,98.9,100.0,100.0,98.0,100.0,100.0
2023-05-03,,,,,,,,,,,,,100.0,97.5,100.0,100.0
2023-05-04,,,,100.0,99.8,100.0,,,,100.0,98.9,100.0,100.0,98.0,100.0,100.0
2023-05-05,,,,,,,,,,,,,100.0,96.9,100.0,100.0
2023-05-06,,,,100.0,98.6,98.1,,,,,,,100.0,96.4,100.0,100.0
2023-05-07,,,,,,,,,,100.0,98.5,100.0,100.0,94.6,100.0,100.0
2023-05-08,93.2,70.7,73.4,,,,,,,100.0,98.2,100.0,100.0,93.8,100.0,100.0
2023-05-09,84.5,63.4,73.9,,,,,,,,,,100.0,92.9,100.0,100.0
2023-05-10,,,,,,,,,,,,,99.8,89.6,100.0,99.8
2023-05-11,,,,,,,,,,,,,99.8,88.3,100.0,99.8
2023-05-12,,,,,,,,,,,,,99.8,84.3,100.0,99.8
2023-05-13,66.3,49.6,75.4,,,,,,,,,,100.0,83.2,100.0,100.0
2023-05-14,,,,,,,,,,100.0,97.5,100.0,100.0,78.8,100.0,100.0
2023-05-15,,,,,,,,,,100.0,96.9,100.0,100.0,80.4,100.0,100.0
2023-05-16,,,,,,,,,,,,,99.5,80.8,100.0,99.5
2023-05-17,,,,,,,,,,,,,100.0,82.8,100.0,100.0
2023-05-18,,,,,,,,,,,,,100.0,83.7,100.0,100.0
2023-05-19,,,,,,,,,,,,,99.8,83.2,100.0,99.8
2023-05-20,29.8,32.9,72.2,,,,,,,,,,99.5,82.4,100.0,99.5
2023-05-21,6.4,20.5,74.4,100.0,97.5,57.4,,,,,,,99.5,83.6,100.0,99.5
2023-05-22,,,,,,,,,,,,,99.5,83.0,100.0,99.5
2023-05-23,,,,,,,,,,,,,98.6,83.0,100.0,98.6
2023-05-24,,,,,,,,,,,,,98.1,81.6,100.0,98.1
2023-05-25,1.9,14.9,74.2,,,,,,,,,,93.3,80.9,100.0,93.3
2023-05-26,,,,98.7,79.5,56.2,,,,,,,96.9,82.2,100.0,96.9
2023-05-27,,,,,,,,,,,,,91.6,79.6,100.0,91.6
2023-05-28,,,,,,,,,,,,,90.4,76.3,100.0,90.4
2023-05-29,,,,99.6,80.4,55.0,,,,98.8,83.1,100.0,87.6,72.0,100.0,87.6
2023-05-30,,,,,,,,,,,,,82.3,67.7,100.0,82.3
2023-05-31,,,,,,,,,,,,,51.7,58.0,100.0,51.7
2023-06-01,1.0,8.9,75.4,,,,,,,,,,25.6,46.8,100.0,25.6
2023-06-02,0.6,4.9,74.6,,,,,,,,,,11.5,37.1,100.0,11.5
2023-06-03,,,,8.6,26.9,97.6,,,,,,,12.0,35.7,100.0,12.0
2023-06-04,,,,,,,,,,,,,4.5,28.7,100.0,4.5
2023-06-05,,,,0.3,9.8,80.6,,,,,,,3.3,26.3,100.0,3.3
2023-06-06,0.3,5.2,73.7,,,,,,,86.6,63.8,100.0,1.2,23.4,100.0,1.2
2023-06-07,,,,,,,,,,53.8,47.4,100.0,1.2,23.3,100.0,1.2
2023-06-08,,,,,,,,,,,,,0.7,20.6,100.0,0.7
2023-06-09,,,,,,,,,,,,,0.0,16.9,100.0,0.0
2023-06-10,,,,,,,,,,,,,0.0,12.6,100.0,0.0
2023-06-11,,,,,,,,,,3.8,27.8,100.0,0.0,11.2,100.0,0.0
2023-06-12,,,,,,,,,,0.0,14.5,100.0,0.0,11.0,100.0,0.0
2023-06-13,0.3,5.9,74.2,,,,,,,,,,0.0,9.9,100.0,0.0
2023-06-14,0.6,6.3,74.4,,,,,,,0.0,6.4,100.0,0.0,8.0,100.0,0.0
2023-06-15,,,,0.0,0.2,43.3,,,,0.0,3.7,100.0,0.0,9.3,100.0,0.0
2023-06-16,,,,,,,,,,,,,0.0,10.3,100.0,0.0
2023-06-17,,,,,,,,,,,,,0.0,8.6,100.0,0.0
2023-06-18,0.0,5.7,72.5,0.0,0.1,100.0,,,,0.0,0.5,100.0,0.0,6.5,100.0,0.0
2023-06-19,,,,,,,,,,,,,0.0,6.1,100.0,0.0
2023-06-20,,,,,,,,,,,,,0.0,6.2,100.0,0.0
2023-06-21,,,,,,,,,,0.0,0.5,100.0,0.0,4.8,100.0,0.0
2023-06-22,,,,,,,,,,0.0,0.3,100.0,0.0,4.0,100.0,0.0
2023-06-23,,,,,,,,,,0.0,0.1,100.0,0.0,4.2,100.0,0.0
2023-06-24,,,,,,,,,,,,,0.0,4.8,100.0,0.0
2023-06-25,0.3,9.8,73.0,0.0,0.0,100.0,,,,,,,0.0,3.5,100.0,0.0
2023-06-26,0.3,7.0,72.7,,,,,,,0.0,0.1,100.0,0.0,3.1,100.0,0.0
2023-06-27,,,,,,,,,,0.0,0.1,100.0,0.0,3.1,100.0,0.0
2023-06-28,,,,,,,,,,,,,0.0,3.2,100.0,0.0
2023-06-29,,,,,,,,,,,,,0.0,2.2,100.0,0.0
2023-06-30,0.3,11.1,74.2,,,,,,,0.0,0.1,100.0,0.0,2.0,100.0,0.0
2023-07-01,,,,,,,,,,,,,0.0,2.4,100.0,0.0
2023-07-02,,,,,,,,,,,,,0.0,2.2,100.0,0.0
2023-07-03,,,,0.0,0.0,99.5,,,,0.0,0.0,100.0,0.0,1.9,100.0,0.0
2023-07-04,,,,,,,,,,0.0,0.0,100.0,0.0,1.6,100.0,0.0
2023-07-05,,,,,,,,,,,,,0.0,1.9,100.0,0.0
2023-07-06,,,,,,,,,,,,,0.0,1.4,100.0,0.0
2023-07-07,0.6,8.0,74.9,,,,,,,,,,0.0,1.4,100.0,0.0
2023-07-08,0.0,7.7,72.7,,,,,,,0.0,0.0,89.7,0.0,1.2,100.0,0.0
2023-07-09,,,,,,,,,,0.0,0.0,100.0,0.0,1.3,100.0,0.0
2023-07-10,,,,0.0,0.0,76.1,,,,0.0,0.0,100.0,0.0,1.0,100.0,0.0
2023-07-11,,,,,,,0.0,0.0,30.6,,,,0.0,0.9,100.0,0.0
2023-07-12,0.0,7.3,72.2,,,,,,,,,,0.0,0.8,100.0,0.0
2023-07-13,,,,,,,,,,,,,0.0,0.9,100.0,0.0
2023-07-14,,,,,,,,,,0.0,0.0,100.0,0.0,0.9,100.0,0.0
2023-07-15,,,,0.0,0.0,100.0,,,,,,,0.0,0.8,100.0,0.0
2023-07-16,,,,,,,,,,,,,0.0,0.8,100.0,0.0
2023-07-17,,,,,,,,,,,,,0.0,1.1,100.0,0.0
2023-07-18,,,,,,,,,,,,,0.0,1.4,100.0,0.0
2023-07-19,0.0,7.0,72.2,,,,0.0,0.2,30.6,,,,0.0,1.0,100.0,0.0
2023-07-20,0.7,7.1,72.0,0.0,0.0,100.0,,,,,,,0.0,0.8,100.0,0.0
2023-07-21,,,,,,,,,,,,,0.0,1.0,100.0,0.0
2023-07-22,,,,,,,,,,0.0,0.0,100.0,0.0,0.8,100.0,0.0
2023-07-23,,,,0.0,0.0,64.1,,,,0.0,0.0,100.0,0.0,1.0,100.0,0.0
2023-07-24,0.0,5.9,73.2,,,,,,,,,,0.0,0.9,100.0,0.0
2023-07-25,,,,,,,,,,,,,0.0,1.1,100.0,0.0
2023-07-26,,,,,,,,,,0.0,0.0,100.0,0.0,0.8,100.0,0.0
2023-07-27,,,,,,,,,,,,,0.0,1.3,100.0,0.0
2023-07-28,,,,,,,,,,,,,0.0,1.0,100.0,0.0
2023-07-29,,,,,,,,,,,,,0.0,1.0,100.0,0.0
2023-07-30,,,,0.0,0.0,95.2,,,,0.0,0.0,100.0,0.0,0.6,100.0,0.0
2023-07-31,0.3,6.0,74.6,,,,,,,,,,0.0,0.9,100.0,0.0
2023-08-01,0.0,5.4,71.8,,,,,,,,,,0.0,0.8,100.0,0.0
2023-08-02,,,,0.0,0.0,55.7,,,,0.0,0.0,100.0,0.0,0.6,100.0,0.0
2023-08-03,,,,,,,,,,0.0,0.0,100.0,0.0,0.5,100.0,0.0
2023-08-04,,,,,,,,,,,,,0.0,0.5,100.0,0.0
2023-08-05,0.0,5.5,73.0,,,,,,,,,,0.0,0.6,100.0,0.0
2023-08-06,,,,,,,,,,,,,0.0,0.3,100.0,0.0
2023-08-07,,,,,,,,,,0.0,0.0,79.7,0.0,0.3,100.0,0.0
2023-08-08,,,,,,,,,,0.0,0.0,100.0,0.0,0.2,100.0,0.0
2023-08-09,,,,,,,,,,,,,0.0,0.3,100.0,0.0
2023-08-10,,,,,,,,,,0.0,0.0,100.0,0.0,0.2,100.0,0.0
2023-08-11,,,,,,,,,,,,,0.0,0.3,100.0,0.0
2023-08-12,0.0,4.2,74.2,,,,,,,,,,0.0,0.2,100.0,0.0
2023-08-13,0.3,2.7,73.0,,,,,,,,,,0.0,0.2,100.0,0.0
2023-08-14,,,,,,,,,,0.0,0.0,100.0,0.0,0.1,100.0,0.0
2023-08-15,,,,,,,,,,,,,0.0,0.2,100.0,0.0
2023-08-16,,,,,,,,,,,,,0.0,0.1,100.0,0.0
2023-08-17,0.6,2.9,75.6,,,,,,,0.0,0.0,100.0,0.0,0.1,100.0,0.0
2023-08-18,,,,,,,,,,0.0,0.0,100.0,0.0,0.1,100.0,0.0
2023-08-19,,,,,,,,,,,,,0.0,0.1,100.0,0.0
2023-08-20,,,,,,,0.0,0.0,100.0,,,,0.0,0.1,100.0,0.0
2023-08-21,,,,,,,,,,,,,0.0,0.1,100.0,0.0
2023-08-22,,,,0.0,0.0,100.0,,,,,,,0.0,0.1,100.0,0.0
2023-08-23,,,,,,,,,,,,,0.0,0.1,100.0,0.0
2023-08-24,0.9,3.4,77.0,0.0,0.0,100.0,,,,,,,0.0,0.1,100.0,0.0
2023-08-25,0.6,3.6,76.3,,,,,,,,,,0.0,0.1,100.0,0.0
2023-08-26,,,,,,,,,,0.0,0.0,100.0,0.0,0.1,100.0,0.0
2023-08-27,,,,,,,,,,,,,0.0,0.2,100.0,0.0
2023-08-28,,,,,,,,,,,,,0.0,0.2,100.0,0.0
2023-08-29,0.6,3.4,76.6,,,,,,,,,,0.0,0.1,100.0,0.0
2023-08-30,,,,,,,,,,,,,0.0,0.1,100.0,0.0
2023-08-31,,,,,,,,,,,,,0.0,0.1,100.0,0.0
2023-09-01,,,,0.0,0.0,70.8,,,,,,,0.0,0.1,100.0,0.0
2023-09-02,,,,,,,,,,0.0,0.0,100.0,0.0,0.0,100.0,0.0
2023-09-03,,,,0.0,0.0,100.0,,,,,,,0.0,0.0,100.0,0.0
2023-09-04,,,,,,,,,,,,,0.0,0.1,100.0,0.0
2023-09-05,0.0,2.6,75.8,,,,0.0,0.0,100.0,,,,0.0,0.1,100.0,0.0
2023-09-06,0.0,2.6,75.6,0.0,0.0,100.0,,,,,,,0.0,0.0,100.0,0.0
2023-09-07,,,,,,,,,,,,,0.0,0.0,100.0,0.0
2023-09-08,,,,0.0,0.0,100.0,,,,,,,0.0,0.1,100.0,0.0
2023-09-09,,,,,,,,,,0.0,0.0,100.0,0.0,0.1,100.0,0.0
2023-09-10,0.0,2.9,72.2,,,,,,,,,,0.0,0.1,100.0,0.0
2023-09-11,,,,0.0,0.0,100.0,,,,,,,0.0,0.1,100.0,0.0
2023-09-12,,,,,,,,,,,,,0.0,0.3,100.0,0.0
2023-09-13,,,,,,,,,,0.0,0.1,74.4,0.0,0.5,100.0,0.0
2023-09-14,,,,,,,,,,,,,0.0,0.6,100.0,0.0
2023-09-15,,,,,,,,,,0.0,0.0,100.0,0.0,0.4,100.0,0.0
2023-09-16,,,,0.0,0.0,100.0,,,,,,,0.0,0.5,100.0,0.0
2023-09-17,0.0,3.2,72.7,,,,,,,,,,0.0,0.6,100.0,0.0
2023-09-18,0.0,3.2,73.0,,,,,,,,,,0.0,0.5,100.0,0.0
2023-09-19,,,,,,,,,,,,,0.0,0.7,100.0,0.0
2023-09-20,,,,,,,,,,,,,0.0,0.7,100.0,0.0
2023-09-21,,,,,,,,,,,,,0.0,0.7,100.0,0.0
2023-09-22,0.0,4.4,71.8,,,,,,,,,,0.0,0.4,100.0,0.0
2023-09-23,,,,,,,,,,,,,0.0,0.3,100.0,0.0
2023-09-24,,,,,,,,,,,,,0.0,0.3,100.0,0.0
2023-09-25,,,,,,,,,,0.0,0.0,100.0,0.0,0.2,100.0,0.0
2023-09-26,,,,0.0,0.0,100.0,,,,0.0,0.0,100.0,0.0,0.1,100.0,0.0
2023-09-27,,,,,,,,,,,,,0.0,0.1,100.0,0.0
2023-09-28,,,,0.0,0.0,100.0,,,,0.0,0.0,100.0,0.0,0.1,100.0,0.0
2023-09-29,0.0,7.5,73.0,,,,0.0,0.0,99.8,0.0,0.0,100.0,0.0,0.1,100.0,0.0
2023-09-30,0.0,9.1,73.7,,,,,,,,,,0.0,0.1,100.0,0.0
2023-10-01,,,,0.0,0.0,100.0,,,,,,,0.0,0.1,100.0,0.0
2023-10-02,,,,,,,,,,0.0,0.0,100.0,0.0,0.1,100.0,0.0
2023-10-03,,,,0.0,0.1,81.8,,,,0.0,0.0,100.0,0.0,0.1,100.0,0.0
2023-10-04,0.0,9.8,74.6,,,,,,,,,,0.0,0.1,100.0,0.0
2023-10-05,,,,,,,,,,,,,0.0,0.2,100.0,0.0
2023-10-06,,,,0.0,0.0,97.4,,,,0.0,0.0,100.0,0.0,0.1,100.0,0.0
2023-10-07,,,,,,,0.0,0.0,99.3,,,,0.0,0.2,100.0,0.0
2023-10-08,,,,0.0,0.0,100.0,,,,,,,0.0,0.2,100.0,0.0
2023-10-09,,,,,,,,,,,,,0.0,0.3,100.0,0.0
2023-10-10,,,,,,,,,,0.0,0.0,100.0,0.0,0.3,100.0,0.0
2023-10-11,1.8,14.8,78.7,0.0,0.0,100.0,,,,0.0,0.0,100.0,0.0,0.5,100.0,0.0
2023-10-12,1.3,16.7,75.6,,,,,,,0.0,0.1,100.0,0.0,0.4,100.0,0.0
2023-10-13,,,,0.0,0.0,100.0,,,,,,,0.0,0.6,100.0,0.0
2023-10-14,,,,,,,,,,0.0,0.2,100.0,0.0,0.7,100.0,0.0
2023-10-15,,,,,,,,,,0.0,0.4,100.0,0.0,1.5,100.0,0.0
2023-10-16,7.1,21.3,74.2,0.0,0.1,100.0,,,,,,,0.0,1.3,100.0,0.0
2023-10-17,,,,,,,,,,,,,0.0,1.5,100.0,0.0
2023-10-18,,,,,,,,,,0.0,0.9,100.0,0.0,1.4,100.0,0.0
2023-10-19,,,,,,,,,,,,,0.0,1.9,100.0,0.0
2023-10-20,,,,,,,,,,,,,0.0,1.7,100.0,0.0
2023-10-21,,,,,,,,,,,,,0.0,2.1,100.0,0.0
2023-10-22,,,,,,,,,,,,,0.0,2.1,100.0,0.0
2023-10-23,2.6,17.1,74.6,,,,,,,0.0,2.3,100.0,0.0,3.3,100.0,0.0
2023-10-24,2.6,15.6,74.9,,,,,,,,,,0.0,4.1,100.0,0.0
2023-10-25,,,,,,,,,,,,,0.0,6.1,100.0,0.0
2023-10-26,,,,,,,,,,,,,0.0,5.6,100.0,0.0
2023-10-27,,,,,,,,,,,,,0.0,6.3,100.0,0.0
2023-10-28,4.2,16.2,73.9,0.0,6.3,100.0,,,,0.0,6.0,100.0,0.0,7.7,100.0,0.0
2023-10-29,,,,,,,,,,,,,0.0,10.7,100.0,0.0
2023-10-30,,,,,,,,,,,,,0.0,11.6,100.0,0.0
2023-10-31,,,,97.9,79.7,57.2,,,,,,,0.0,13.7,100.0,0.0
2023-11-01,,,,,,,,,,,,,0.0,19.0,100.0,0.0
2023-11-02,,,,,,,,,,,,,0.0,27.5,100.0,0.0
2023-11-03,,,,,,,,,,,,,0.0,28.1,100.0,0.0
2023-11-04,6.2,18.8,77.0,,,,,,,,,,0.5,33.1,100.0,0.5
2023-11-05,7.3,21.0,75.4,,,,,,,,,,4.8,38.0,100.0,4.8
2023-11-06,,,,,,,,,,0.0,18.3,100.0,12.4,46.1,100.0,12.4
2023-11-07,,,,,,,,,,,,,11.5,45.0,100.0,11.5
2023-11-08,,,,,,,100.0,98.8,100.0,,,,42.6,53.4,100.0,42.6
2023-11-09,6.6,20.3,72.5,,,,,,,,,,30.1,50.3,100.0,30.1
2023-11-10,,,,,,,,,,,,,62.2,61.9,100.0,62.2
2023-11-11,,,,,,,,,,,,,61.0,58.5,100.0,61.0
2023-11-12,,,,,,,,,,,,,65.8,60.8,100.0,65.8
2023-11-13,,,,,,,,,,72.7,50.8,100.0,46.4,53.8,100.0,46.4
2023-11-14,,,,,,,,,,,,,64.6,60.4,100.0,64.6
2023-11-15,,,,,,,,,,100.0,63.6,100.0,46.9,54.6,100.0,46.9
2023-11-16,7.5,23.9,54.1,,,,,,,,,,50.5,56.7,100.0,50.5
2023-11-17,2.2,17.6,54.5,,,,,,,100.0,80.4,100.0,20.8,46.3,100.0,20.8
2023-11-18,,,,,,,,,,,,,57.4,61.4,100.0,57.4
2023-11-19,,,,,,,,,,,,,40.9,56.0,100.0,40.9
2023-11-20,,,,,,,,,,,,,41.6,57.8,100.0,41.6
2023-11-21,2.2,20.6,53.8,,,,,,,,,,19.1,47.5,100.0,19.1
2023-11-22,,,,,,,,,,,,,40.7,58.9,100.0,40.7
2023-11-23,,,,,,,,,,,,,40.9,58.6,100.0,40.9
2023-11-24,,,,,,,100.0,99.9,100.0,,,,71.8,65.2,100.0,71.8
2023-11-25,,,,,,,,,,100.0,91.3,100.0,39.7,57.9,100.0,39.7
2023-11-26,,,,,,,,,,,,,91.4,70.0,100.0,91.4
2023-11-27,,,,,,,,,,,,,95.7,71.9,100.0,95.7
2023-11-28,2.7,17.0,54.1,,,,,,,,,,99.5,74.6,100.0,99.5
2023-11-29,4.4,18.8,54.3,,,,,,,,,,96.9,73.1,100.0,96.9
2023-11-30,,,,,,,,,,,,,100.0,81.3,100.0,100.0
2023-12-01,,,,,,,,,,,,,100.0,83.3,100.0,100.0
2023-12-02,,,,,,,,,,,,,100.0,84.7,100.0,100.0
2023-12-03,2.2,14.7,53.6,,,,,,,100.0,97.8,100.0,100.0,85.0,100.0,100.0
2023-12-04,,,,,,,,,,,,,100.0,88.2,100.0,100.0
2023-12-05,,,,,,,,,,100.0,98.5,100.0,100.0,88.9,100.0,100.0
2023-12-06,,,,,,,,,,,,,100.0,90.1,100.0,100.0
2023-12-07,,,,98.3,96.8,100.0,,,,100.0,99.2,100.0,99.8,91.7,100.0,99.8
2023-12-08,,,,,,,,,,,,,100.0,91.9,100.0,100.0
2023-12-09,,,,,,,,,,,,,99.8,92.5,100.0,99.8
2023-12-10,6.6,22.7,54.3,,,,,,,100.0,99.3,100.0,100.0,93.0,100.0,100.0
2023-12-11,25.1,35.6,54.3,,,,,,,100.0,99.6,100.0,99.3,92.9,100.0,99.3
2023-12-12,,,,,,,,,,,,,100.0,94.2,100.0,100.0
2023-12-13,,,,,,,,,,,,,99.3,94.4,100.0,99.3
2023-12-14,,,,,,,,,,,,,100.0,95.0,100.0,100.0
2023-12-15,79.7,52.1,54.3,98.1,97.9,100.0,,,,,,,99.5,95.3,100.0,99.5
2023-12-16,,,,,,,,,,,,,100.0,96.4,100.0,100.0
2023-12-17,,,,97.4,97.2,100.0,,,,,,,100.0,97.1,100.0,100.0
2023-12-18,,,,,,,100.0,99.7,100.0,,,,100.0,97.3,100.0,100.0
2023-12-19,,,,,,,,,,100.0,99.5,100.0,100.0,96.9,100.0,100.0
2023-12-20,,,,,,,,,,,,,100.0,97.4,100.0,100.0
2023-12-21,,,,,,,,,,,,,100.0,97.8,100.0,100.0
2023-12-22,94.8,59.7,54.8,,,,,,,,,,100.0,97.5,100.0,100.0
2023-12-23,97.0,69.3,55.3,,,,,,,100.0,99.7,100.0,100.0,97.6,100.0,100.0
2023-12-24,,,,,,,,,,100.0,99.7,100.0,100.0,97.5,100.0,100.0
2023-12-25,,,,96.7,95.9,100.0,,,,,,,100.0,98.2,100.0,100.0
2023-12-26,,,,,,,,,,,,,100.0,97.6,100.0,100.0
2023-12-27,97.3,73.2,54.1,96.7,95.5,100.0,,,,100.0,99.8,100.0,100.0,97.9,100.0,100.0
2023-12-28,,,,,,,,,,,,,100.0,96.1,100.0,100.0
2023-12-29,,,,,,,,,,,,,100.0,96.3,100.0,100.0
2023-12-30,,,,97.4,96.7,100.0,,,,100.0,99.7,100.0,100.0,95.8,100.0,100.0
2023-12-31,,,,,,,,,,,,,100.0,95.2,100.0,100.0
2024-01-01,,,,97.1,97.1,100.0,,,,,,,100.0,98.1,100.0,100.0
2024-01-02,,,,,,,,,,,,,100.0,97.9,100.0,100.0
2024-01-03,100.0,81.5,91.6,,,,100.0,99.8,72.8,100.0,99.6,100.0,100.0,98.2,100.0,100.0
2024-01-04,100.0,83.2,93.3,,,,,,,,,,100.0,97.9,100.0,100.0
2024-01-05,,,,,,,,,,,,,100.0,98.2,100.0,100.0
2024-01-06,,,,,,,,,,,,,100.0,98.3,100.0,100.0
2024-01-07,,,,,,,,,,,,,100.0,98.4,100.0,100.0
2024-01-08,100.0,88.6,91.6,,,,,,,,,,100.0,98.6,100.0,100.0
2024-01-09,,,,98.7,98.3,100.0,,,,100.0,99.7,100.0,100.0,98.9,100.0,100.0
2024-01-10,,,,,,,,,,,,,100.0,98.9,100.0,100.0
2024-01-11,,,,98.3,98.1,100.0,100.0,100.0,100.0,,,,100.0,99.3,100.0,100.0
2024-01-12,,,,,,,,,,,,,100.0,99.1,100.0,100.0
2024-01-13,,,,,,,,,,100.0,99.8,100.0,100.0,99.3,100.0,100.0
2024-01-14,,,,98.7,97.9,100.0,,,,100.0,99.7,100.0,100.0,99.5,100.0,100.0
2024-01-15,100.0,93.9,91.6,,,,,,,,,,100.0,99.5,100.0,100.0
2024-01-16,100.0,96.5,94.6,99.6,98.5,100.0,,,,,,,100.0,99.5,100.0,100.0
2024-01-17,,,,,,,,,,,,,100.0,99.2,100.0,100.0
2024-01-18,,,,,,,,,,,,,100.0,99.1,100.0,100.0
2024-01-19,,,,,,,,,,,,,100.0,98.6,100.0,100.0
2024-01-20,100.0,98.0,91.6,,,,,,,,,,100.0,98.5,100.0,100.0
2024-01-21,,,,,,,,,,,,,100.0,98.3,100.0,100.0
2024-01-22,,,,,,,,,,,,,100.0,98.7,100.0,100.0
2024-01-23,,,,,,,,,,,,,100.0,98.5,100.0,100.0
2024-01-24,,,,,,,,,,,,,100.0,98.8,100.0,100.0
2024-01-25,,,,,,,,,,,,,100.0,98.6,100.0,100.0
2024-01-26,,,,,,,,,,,,,100.0,98.7,100.0,100.0
2024-01-27,100.0,99.1,95.4,,,,100.0,100.0,100.0,,,,100.0,99.0,100.0,100.0
2024-01-28,100.0,99.3,95.4,,,,,,,,,,100.0,98.8,100.0,100.0
2024-01-29,,,,99.6,97.8,100.0,,,,,,,100.0,98.9,100.0,100.0
2024-01-30,,,,,,,,,,,,,100.0,98.5,100.0,100.0
2024-01-31,,,,97.9,97.8,100.0,,,,,,,100.0,98.4,100.0,100.0
2024-02-01,100.0,99.9,93.3,,,,,,,,,,100.0,98.4,100.0,100.0
2024-02-02,,,,,,,,,,,,,100.0,98.2,100.0,100.0
2024-02-03,,,,97.9,97.7,100.0,,,,,,,100.0,98.0,100.0,100.0
2024-02-04,,,,,,,100.0,100.0,100.0,,,,100.0,98.3,100.0,100.0
2024-02-05,,,,97.5,96.7,100.0,,,,,,,100.0,97.8,100.0,100.0
2024-02-06,,,,,,,,,,,,,100.0,97.8,100.0,100.0
2024-02-07,,,,,,,,,,,,,100.0,97.5,100.0,100.0
2024-02-08,100.0,99.9,94.1,,,,,,,,,,100.0,97.7,100.0,100.0
2024-02-09,100.0,99.7,95.0,,,,,,,,,,100.0,97.2,100.0,100.0
2024-02-10,,,,,,,,,,,,,100.0,96.8,100.0,100.0
2024-02-11,,,,,,,,,,,,,100.0,96.5,100.0,100.0
2024-02-12,,,,,,,,,,,,,100.0,96.0,100.0,100.0
2024-02-13,100.0,100.0,89.1,,,,,,,,,,100.0,95.7,100.0,100.0
2024-02-14,,,,,,,,,,,,,100.0,95.6,100.0,100.0
2024-02-15,,,,97.5,97.4,100.0,,,,,,,100.0,95.9,100.0,100.0
2024-02-16,,,,,,,,,,,,,100.0,96.0,100.0,100.0
2024-02-17,,,,,,,,,,,,,100.0,96.7,100.0,100.0
2024-02-18,,,,97.9,97.5,100.0,,,,,,,100.0,97.1,100.0,100.0
2024-02-19,,,,,,,,,,,,,100.0,97.3,100.0,100.0
2024-02-20,100.0,100.0,93.7,99.6,98.9,100.0,100.0,100.0,100.0,,,,100.0,98.3,100.0,100.0
2024-02-21,100.0,99.9,93.3,,,,,,,,,,100.0,98.1,100.0,100.0
2024-02-22,,,,,,,,,,,,,100.0,97.2,100.0,100.0
2024-02-23,,,,98.3,98.4,100.0,,,,,,,100.0,97.6,100.0,100.0
2024-02-24,,,,,,,,,,,,,100.0,97.1,100.0,100.0
2024-02-25,100.0,100.0,88.3,97.9,98.1,100.0,,,,,,,100.0,97.8,100.0,100.0
2024-02-26,,,,,,,,,,,,,100.0,96.2,100.0,100.0
2024-02-27,,,,,,,,,,,,,100.0,96.9,100.0,100.0
2024-02-28,,,,,,,,,,,,,100.0,95.9,100.0,100.0
2024-02-29,,,,,,,,,,,,,100.0,96.9,100.0,100.0
2024-03-01,,,,,,,,,,,,,100.0,96.3,100.0,100.0
2024-03-02,,,,,,,,,,,,,100.0,97.4,100.0,100.0
2024-03-03,100.0,99.9,92.9,,,,,,,,,,100.0,97.7,100.0,100.0
2024-03-04,100.0,99.9,90.0,,,,,,,,,,100.0,98.2,100.0,100.0
2024-03-05,,,,,,,,,,,,,100.0,98.1,100.0,100.0
2024-03-06,,,,,,,,,,,,,100.0,98.5,100.0,100.0
2024-03-07,,,,,,,100.0,99.9,100.0,,,,100.0,98.6,100.0,100.0
2024-03-08,100.0,99.9,90.8,,,,,,,,,,100.0,99.0,100.0,100.0
2024-03-09,,,,,,,,,,,,,100.0,98.6,100.0,100.0
2024-03-10,,,,,,,,,,,,,100.0,99.0,100.0,100.0
2024-03-11,,,,98.6,98.7,92.1,,,,,,,100.0,98.9,100.0,100.0
2024-03-12,,,,,,,,,,,,,100.0,99.3,100.0,100.0
2024-03-13,,,,,,,,,,,,,100.0,99.0,100.0,100.0
2024-03-14,,,,97.9,98.1,100.0,,,,,,,100.0,99.3,100.0,100.0
2024-03-15,100.0,99.5,90.4,,,,,,,100.0,99.9,100.0,100.0,99.2,100.0,100.0
2024-03-16,100.0,99.0,93.7,97.9,98.2,100.0,,,,,,,100.0,99.3,100.0,100.0
2024-03-17,,,,,,,,,,,,,100.0,98.7,100.0,100.0
2024-03-18,,,,,,,,,,,,,100.0,98.7,100.0,100.0
2024-03-19,,,,99.2,98.5,100.0,,,,,,,99.6,98.1,100.0,99.6
2024-03-20,100.0,98.1,90.0,,,,,,,,,,99.6,98.0,100.0,99.6
2024-03-21,,,,,,,,,,,,,99.2,97.0,100.0,99.2
2024-03-22,,,,,,,,,,,,,99.6,97.2,100.0,99.6
2024-03-23,,,,,,,,,,,,,99.6,96.6,100.0,99.6
2024-03-24,,,,,,,,,,,,,99.6,96.7,100.0,99.6
2024-03-25,,,,,,,,,,,,,99.6,96.2,100.0,99.6
2024-03-26,,,,98.7,97.1,100.0,,,,,,,99.6,96.8,100.0,99.6
2024-03-27,100.0,97.3,92.5,,,,,,,,,,99.6,96.5,100.0,99.6
2024-03-28,100.0,95.7,92.1,,,,,,,,,,100.0,97.0,100.0,100.0
2024-03-29,,,,99.6,98.9,100.0,,,,,,,100.0,96.6,100.0,100.0
2024-03-30,,,,,,,,,,,,,100.0,96.6,100.0,100.0
2024-03-31,,,,,,,,,,,,,100.0,96.2,100.0,100.0
2024-04-01,100.0,91.2,91.2,,,,,,,,,,100.0,97.7,100.0,100.0
2024-04-02,,,,,,,,,,,,,100.0,97.1,100.0,100.0
2024-04-03,,,,,,,,,,,,,100.0,97.8,100.0,100.0
2024-04-04,,,,,,,,,,100.0,99.8,100.0,100.0,97.7,100.0,100.0
2024-04-05,,,,100.0,99.3,100.0,,,,,,,100.0,98.5,100.0,100.0
2024-04-06,,,,,,,,,,,,,100.0,98.0,100.0,100.0
2024-04-07,,,,,,,,,,,,,100.0,98.4,100.0,100.0
2024-04-08,100.0,91.8,92.5,100.0,99.1,100.0,,,,,,,100.0,97.9,100.0,100.0
2024-04-09,100.0,91.2,91.2,,,,,,,,,,100.0,98.5,100.0,100.0
2024-04-10,,,,,,,,,,,,,100.0,97.7,100.0,100.0
2024-04-11,,,,,,,,,,,,,100.0,98.2,100.0,100.0
2024-04-12,,,,,,,,,,100.0,99.9,100.0,100.0,97.6,100.0,100.0
2024-04-13,100.0,92.0,93.3,100.0,99.7,100.0,,,,,,,100.0,98.5,100.0,100.0
2024-04-14,,,,,,,,,,,,,100.0,97.5,100.0,100.0
2024-04-15,,,,,,,,,,,,,100.0,97.8,100.0,100.0
2024-04-16,,,,,,,,,,100.0,99.7,100.0,100.0,97.0,100.0,100.0
2024-04-17,,,,,,,,,,,,,100.0,97.7,100.0,100.0
2024-04-18,,,,,,,,,,,,,100.0,97.2,100.0,100.0
2024-04-19,,,,,,,,,,,,,100.0,97.7,100.0,100.0
2024-04-20,100.0,92.0,91.6,,,,,,,100.0,99.8,100.0,100.0,97.9,100.0,100.0
2024-04-21,100.0,89.8,93.7,,,,,,,100.0,99.6,100.0,100.0,98.6,100.0,100.0
2024-04-22,,,,,,,,,,,,,100.0,98.3,100.0,100.0
2024-04-23,,,,,,,,,,,,,100.0,98.8,100.0,100.0
2024-04-24,,,,,,,,,,100.0,99.6,100.0,100.0,98.8,100.0,100.0
2024-04-25,100.0,91.8,91.6,100.0,99.9,100.0,,,,,,,100.0,99.3,100.0,100.0
2024-04-26,,,,,,,,,,,,,100.0,99.0,100.0,100.0
2024-04-27,,,,,,,,,,,,,100.0,99.1,100.0,100.0
2024-04-28,,,,,,,,,,,,,100.0,98.8,100.0,100.0
2024-04-29,,,,,,,,,,,,,100.0,98.9,100.0,100.0
2024-04-30,,,,,,,,,,100.0,98.5,100.0,100.0,98.6,100.0,100.0
2024-05-01,,,,,,,,,,100.0,99.5,100.0,100.0,98.8,100.0,100.0
2024-05-02,100.0,89.9,92.1,,,,,,,,,,100.0,98.6,100.0,100.0
2024-05-03,100.0,91.9,92.1,100.0,100.0,100.0,,,,,,,100.0,98.8,100.0,100.0
2024-05-04,,,,,,,,,,100.0,98.4,100.0,100.0,98.1,100.0,100.0
2024-05-05,,,,,,,,,,,,,100.0,98.0,100.0,100.0
2024-05-06,,,,,,,,,,,,,100.0,97.6,100.0,100.0
2024-05-07,100.0,88.2,92.5,,,,,,,,,,100.0,97.7,100.0,100.0
2024-05-08,,,,,,,,,,,,,100.0,97.4,100.0,100.0
2024-05-09,,,,,,,,,,,,,100.0,97.5,100.0,100.0
2024-05-10,,,,100.0,99.8,100.0,100.0,99.5,100.0,100.0,98.1,100.0,100.0,97.8,100.0,100.0
2024-05-11,,,,,,,,,,,,,100.0,97.0,100.0,100.0
2024-05-12,,,,,,,,,,,,,100.0,96.5,100.0,100.0
2024-05-13,,,,,,,,,,,,,100.0,96.4,100.0,100.0
2024-05-14,100.0,88.5,91.2,,,,,,,,,,100.0,95.0,100.0,100.0
2024-05-15,100.0,82.9,93.7,,,,,,,,,,100.0,94.5,100.0,100.0
2024-05-16,,,,,,,,,,,,,100.0,93.6,100.0,100.0
2024-05-17,,,,,,,,,,,,,100.0,92.9,100.0,100.0
2024-05-18,,,,,,,,,,100.0,86.3,95.0,100.0,90.7,100.0,100.0
2024-05-19,93.2,72.8,92.9,,,,,,,100.0,93.4,100.0,99.6,87.8,100.0,99.6
2024-05-20,,,,,,,,,,,,,100.0,87.1,100.0,100.0
2024-05-21,,,,,,,,,,,,,99.6,84.8,100.0,99.6
2024-05-22,,,,,,,,,,97.5,77.3,100.0,100.0,88.1,100.0,100.0
2024-05-23,,,,,,,,,,,,,99.6,86.9,100.0,99.6
2024-05-24,,,,,,,,,,,,,100.0,89.7,100.0,100.0
2024-05-25,,,,,,,,,,98.3,77.0,100.0,100.0,89.6,100.0,100.0
2024-05-26,75.7,55.0,92.9,,,,,,,43.1,45.1,100.0,100.0,91.3,100.0,100.0
2024-05-27,60.1,42.9,93.3,,,,,,,,,,100.0,90.5,100.0,100.0
2024-05-28,,,,100.0,99.1,100.0,,,,,,,100.0,93.1,100.0,100.0
2024-05-29,,,,,,,,,,,,,100.0,90.7,100.0,100.0
2024-05-30,,,,100.0,97.6,100.0,,,,88.0,60.7,45.2,100.0,92.7,100.0,100.0
2024-05-31,22.3,30.4,93.7,,,,,,,,,,100.0,90.6,100.0,100.0
2024-06-01,,,,,,,,,,,,,100.0,91.8,100.0,100.0
2024-06-02,,,,,,,,,,,,,100.0,90.8,100.0,100.0
2024-06-03,,,,,,,,,,,,,100.0,91.1,100.0,100.0
2024-06-04,,,,100.0,94.8,84.9,,,,,,,100.0,90.1,100.0,100.0
2024-06-05,,,,,,,,,,,,,100.0,89.5,100.0,100.0
2024-06-06,,,,,,,,,,,,,100.0,86.4,100.0,100.0
2024-06-07,11.1,17.5,94.6,100.0,87.3,100.0,,,,,,,100.0,86.2,100.0,100.0
2024-06-08,6.4,11.9,91.6,,,,,,,,,,99.6,80.9,100.0,99.6
2024-06-09,,,,,,,,,,,,,99.6,79.7,100.0,99.6
2024-06-10,,,,,,,,,,34.7,40.8,100.0,97.9,75.2,100.0,97.9
2024-06-11,,,,,,,,,,,,,97.9,74.4,100.0,97.9
2024-06-12,8.1,11.9,92.5,51.9,51.1,65.3,,,,,,,94.6,71.9,100.0,94.6
2024-06-13,,,,,,,,,,14.2,26.2,100.0,90.8,69.0,100.0,90.8
2024-06-14,,,,,,,,,,,,,59.8,61.0,100.0,59.8
2024-06-15,,,,,,,,,,,,,29.3,53.0,100.0,29.3
2024-06-16,,,,,,,,,,,,,12.1,44.1,100.0,12.1
2024-06-17,,,,,,,,,,0.0,7.7,100.0,3.3,37.8,100.0,3.3
2024-06-18,,,,,,,,,,0.0,5.4,100.0,0.0,27.6,100.0,0.0
2024-06-19,9.9,13.8,92.9,0.0,1.7,100.0,,,,,,,0.0,23.6,100.0,0.0
2024-06-20,10.0,14.0,92.5,,,,,,,,,,0.0,15.6,100.0,0.0
2024-06-21,,,,,,,,,,,,,0.0,11.8,100.0,0.0
2024-06-22,,,,,,,,,,,,,0.0,8.0,100.0,0.0
2024-06-23,,,,,,,,,,,,,0.0,7.3,100.0,0.0
2024-06-24,18.9,20.8,92.9,0.0,0.1,43.1,,,,,,,0.0,6.1,100.0,0.0
2024-06-25,,,,,,,,,,0.0,1.5,100.0,0.0,6.1,100.0,0.0
2024-06-26,,,,,,,,,,0.0,0.4,100.0,0.0,5.1,100.0,0.0
2024-06-27,,,,,,,,,,,,,0.0,5.9,100.0,0.0
2024-06-28,,,,,,,,,,,,,0.0,4.4,100.0,0.0
2024-06-29,,,,,,,,,,,,,0.0,4.5,100.0,0.0
2024-06-30,,,,,,,,,,0.0,0.6,100.0,0.0,3.5,100.0,0.0
2024-07-01,41.8,32.0,94.1,,,,,,,,,,0.0,4.0,100.0,0.0
2024-07-02,41.9,34.4,92.9,0.0,0.0,54.4,,,,,,,0.0,3.3,100.0,0.0
2024-07-03,,,,,,,,,,,,,0.0,3.3,100.0,0.0
2024-07-04,,,,0.0,0.0,100.0,,,,,,,0.0,2.8,100.0,0.0
2024-07-05,,,,,,,,,,0.0,0.1,100.0,0.0,2.7,100.0,0.0
2024-07-06,39.2,35.0,90.8,,,,,,,,,,0.0,2.4,100.0,0.0
2024-07-07,,,,0.0,0.0,59.8,,,,,,,0.0,2.1,100.0,0.0
2024-07-08,,,,,,,,,,,,,0.0,2.1,100.0,0.0
2024-07-09,,,,0.0,0.0,43.9,,,,,,,0.0,2.6,100.0,0.0
2024-07-10,,,,,,,,,,,,,0.0,2.0,100.0,0.0
2024-07-11,,,,,,,,,,,,,0.0,1.7,100.0,0.0
2024-07-12,,,,,,,,,,,,,0.0,1.9,100.0,0.0
2024-07-13,2.9,6.6,57.3,,,,,,,,,,0.0,2.4,100.0,0.0
2024-07-14,3.6,7.7,57.3,0.0,0.0,100.0,,,,,,,0.0,1.7,100.0,0.0
2024-07-15,,,,,,,,,,,,,0.0,1.1,100.0,0.0
2024-07-16,,,,,,,,,,,,,0.0,1.1,100.0,0.0
2024-07-17,,,,,,,,,,,,,0.0,1.6,100.0,0.0
2024-07-18,0.0,6.2,56.5,,,,,,,0.0,0.0,100.0,0.0,1.2,100.0,0.0
2024-07-19,,,,0.0,0.0,100.0,,,,,,,0.0,1.1,100.0,0.0
2024-07-20,,,,,,,,,,,,,0.0,1.2,100.0,0.0
2024-07-21,,,,,,,,,,,,,0.0,1.6,100.0,0.0
2024-07-22,,,,,,,,,,0.0,0.0,100.0,0.0,1.1,100.0,0.0
2024-07-23,,,,,,,,,,,,,0.0,0.8,100.0,0.0
2024-07-24,,,,0.0,0.0,100.0,,,,,,,0.0,0.7,100.0,0.0
2024-07-25,2.9,8.5,56.9,,,,,,,,,,0.0,0.8,100.0,0.0
2024-07-26,0.0,5.6,56.1,,,,,,,0.0,0.0,100.0,0.0,0.5,100.0,0.0
2024-07-27,,,,0.0,0.0,100.0,,,,0.0,0.0,100.0,0.0,0.5,100.0,0.0
2024-07-28,,,,,,,,,,,,,0.0,0.5,100.0,0.0
2024-07-29,,,,0.0,0.0,100.0,0.0,0.0,39.7,0.0,0.0,100.0,0.0,0.3,100.0,0.0
2024-07-30,3.0,9.1,56.5,,,,,,,0.0,0.0,100.0,0.0,0.2,100.0,0.0
2024-07-31,,,,,,,,,,,,,0.0,0.2,100.0,0.0
2024-08-01,,,,0.0,0.0,76.6,,,,,,,0.0,0.2,100.0,0.0
2024-08-02,,,,,,,,,,,,,0.0,0.2,100.0,0.0
2024-08-03,,,,0.0,0.0,100.0,,,,0.0,0.0,100.0,0.0,0.1,100.0,0.0
2024-08-04,,,,,,,,,,,,,0.0,0.1,100.0,0.0
2024-08-05,,,,,,,,,,,,,0.0,0.1,100.0,0.0
2024-08-06,1.5,5.6,57.3,0.0,0.0,100.0,0.0,0.0,100.0,0.0,0.0,100.0,0.0,0.1,100.0,0.0
2024-08-07,0.0,6.4,56.9,,,,,,,,,,0.0,0.1,100.0,0.0
2024-08-08,,,,0.0,0.1,100.0,,,,,,,0.0,0.0,100.0,0.0
2024-08-09,,,,,,,,,,,,,0.0,0.1,100.0,0.0
2024-08-10,,,,,,,,,,,,,0.0,0.1,100.0,0.0
2024-08-11,0.0,3.5,56.9,0.0,0.0,100.0,,,,,,,0.0,0.1,100.0,0.0
2024-08-12,,,,,,,,,,,,,0.0,0.1,100.0,0.0
2024-08-13,,,,0.0,0.0,100.0,,,,,,,0.0,0.1,100.0,0.0
2024-08-14,,,,,,,,,,0.0,0.0,100.0,0.0,0.1,100.0,0.0
2024-08-15,,,,,,,,,,,,,0.0,0.1,100.0,0.0
2024-08-16,,,,0.0,0.0,100.0,,,,,,,0.0,0.1,100.0,0.0
2024-08-17,,,,,,,,,,,,,0.0,0.1,100.0,0.0
2024-08-18,0.0,5.0,56.1,,,,,,,,,,0.0,0.1,100.0,0.0
2024-08-19,0.7,3.7,57.3,,,,,,,,,,0.0,0.1,100.0,0.0
2024-08-20,,,,,,,,,,,,,0.0,0.1,100.0,0.0
2024-08-21,,,,0.0,0.0,100.0,,,,,,,0.0,0.1,100.0,0.0
2024-08-22,,,,,,,0.0,0.0,51.5,,,,0.0,0.1,100.0,0.0
2024-08-23,0.0,3.5,56.1,0.0,0.0,100.0,,,,,,,0.0,0.1,100.0,0.0
2024-08-24,,,,,,,,,,,,,0.0,0.1,100.0,0.0
2024-08-25,,,,,,,,,,,,,0.0,0.1,100.0,0.0
2024-08-26,,,,0.0,0.0,100.0,,,,0.0,0.0,100.0,0.0,0.1,100.0,0.0
2024-08-27,,,,,,,,,,,,,0.0,0.1,100.0,0.0
2024-08-28,,,,0.0,0.0,99.6,,,,,,,0.0,0.1,100.0,0.0
2024-08-29,,,,,,,,,,,,,0.0,0.1,100.0,0.0
2024-08-30,0.0,1.9,51.0,,,,,,,,,,0.0,0.1,100.0,0.0
2024-08-31,0.7,4.6,57.3,0.0,0.0,100.0,,,,0.0,0.0,100.0,0.0,0.1,100.0,0.0
2024-09-01,,,,,,,,,,,,,0.0,0.1,100.0,0.0
2024-09-02,,,,,,,,,,,,,0.0,0.1,100.0,0.0
2024-09-03,,,,,,,,,,,,,0.0,0.1,100.0,0.0
2024-09-04,0.0,4.2,56.5,,,,,,,,,,0.0,0.1,100.0,0.0
2024-09-05,,,,,,,,,,0.0,0.0,90.0,0.0,0.0,100.0,0.0
2024-09-06,,,,,,,,,,0.0,0.0,100.0,0.0,0.1,100.0,0.0
2024-09-07,,,,0.0,0.0,100.0,0.0,0.0,100.0,,,,0.0,0.0,100.0,0.0
2024-09-08,,,,,,,,,,,,,0.0,0.0,100.0,0.0
2024-09-09,,,,,,,,,,0.0,0.0,100.0,0.0,0.1,100.0,0.0
2024-09-10,,,,0.0,0.1,87.4,,,,,,,0.0,0.1,100.0,0.0
2024-09-11,1.5,6.2,56.9,,,,,,,,,,0.0,0.1,100.0,0.0
2024-09-12,1.5,7.4,57.3,,,,,,,0.0,0.1,85.4,0.0,0.1,100.0,0.0
2024-09-13,,,,,,,,,,,,,0.0,0.2,100.0,0.0
2024-09-14,,,,,,,,,,,,,0.0,0.3,100.0,0.0
2024-09-15,,,,0.0,0.3,100.0,,,,0.0,0.1,100.0,0.0,0.4,100.0,0.0
2024-09-16,5.9,9.8,56.9,,,,,,,,,,0.0,0.4,100.0,0.0
2024-09-17,,,,,,,,,,0.0,0.1,100.0,0.0,0.4,100.0,0.0
2024-09-18,,,,,,,,,,,,,0.0,0.6,100.0,0.0
2024-09-19,,,,,,,,,,,,,0.0,0.5,100.0,0.0
2024-09-20,,,,0.0,0.1,100.0,,,,,,,0.0,0.6,100.0,0.0
2024-09-21,,,,,,,,,,0.0,0.0,100.0,0.0,0.5,100.0,0.0
2024-09-22,,,,0.0,0.1,100.0,,,,,,,0.0,0.7,100.0,0.0
2024-09-23,9.6,13.6,56.9,,,,,,,,,,0.0,1.1,100.0,0.0
2024-09-24,10.2,15.3,57.3,,,,,,,,,,0.0,1.3,100.0,0.0
2024-09-25,,,,,,,,,,,,,0.0,1.9,100.0,0.0
2024-09-26,,,,,,,,,,,,,0.0,1.8,100.0,0.0
2024-09-27,,,,,,,,,,,,,0.0,1.9,100.0,0.0
2024-09-28,8.9,14.4,56.5,,,,,,,,,,0.0,1.6,100.0,0.0
2024-09-29,,,,,,,,,,,,,0.0,1.7,100.0,0.0
2024-09-30,,,,,,,,,,,,,0.0,1.7,100.0,0.0
2024-10-01,,,,,,,,,,,,,0.0,1.9,100.0,0.0
2024-10-02,,,,0.0,0.1,100.0,,,,0.0,0.1,100.0,0.0,1.1,100.0,0.0
2024-10-03,,,,,,,,,,,,,0.0,1.7,100.0,0.0
2024-10-04,,,,,,,,,,,,,0.0,1.4,100.0,0.0
2024-10-05,11.7,15.9,57.3,0.0,0.3,100.0,,,,,,,0.0,1.8,100.0,0.0
2024-10-06,5.8,11.6,57.3,,,,,,,0.0,0.0,100.0,0.0,0.9,100.0,0.0
2024-10-07,,,,,,,,,,0.0,0.1,100.0,0.0,1.4,100.0,0.0
2024-10-08,,,,,,,,,,,,,0.0,1.1,100.0,0.0
2024-10-09,,,,,,,,,,,,,0.0,1.3,100.0,0.0
2024-10-10,4.4,11.9,56.5,,,,,,,0.0,0.1,100.0,0.0,0.8,100.0,0.0
2024-10-11,,,,,,,,,,,,,0.0,0.8,100.0,0.0
2024-10-12,,,,,,,,,,,,,0.0,0.6,100.0,0.0
2024-10-13,,,,,,,,,,,,,0.0,0.7,100.0,0.0
2024-10-14,,,,,,,,,,0.0,0.2,100.0,0.0,0.5,100.0,0.0
2024-10-15,,,,,,,,,,0.0,0.1,100.0,0.0,0.6,100.0,0.0
2024-10-16,,,,,,,,,,,,,0.0,0.6,100.0,0.0
2024-10-17,0.0,9.6,56.9,0.0,0.1,69.5,,,,,,,0.0,0.5,100.0,0.0
2024-10-18,0.0,11.9,57.3,,,,,,,,,,0.0,0.5,100.0,0.0
2024-10-19,,,,,,,,,,,,,0.0,0.5,100.0,0.0
2024-10-20,,,,0.0,0.1,82.4,,,,,,,0.0,0.6,100.0,0.0
2024-10-21,,,,,,,,,,,,,0.0,0.5,100.0,0.0
2024-10-22,0.0,14.1,56.9,,,,,,,0.0,0.3,100.0,0.0,0.4,100.0,0.0
2024-10-23,,,,,,,,,,0.0,0.3,100.0,0.0,0.4,100.0,0.0
2024-10-24,,,,,,,,,,,,,0.0,0.6,100.0,0.0
2024-10-25,,,,0.0,0.0,100.0,0.0,0.0,95.8,,,,0.0,0.5,100.0,0.0
2024-10-26,,,,,,,,,,0.0,0.3,100.0,0.0,0.4,100.0,0.0
2024-10-27,,,,0.0,0.0,100.0,,,,,,,0.0,0.5,100.0,0.0
2024-10-28,,,,,,,,,,,,,0.0,0.6,100.0,0.0
2024-10-29,7.3,25.9,57.3,,,,,,,,,,0.0,1.0,100.0,0.0
2024-10-30,66.7,44.0,56.5,0.0,0.0,100.0,,,,,,,0.0,0.8,100.0,0.0
2024-10-31,,,,,,,,,,,,,0.0,1.0,100.0,0.0
2024-11-01,,,,0.0,0.0,100.0,,,,,,,0.0,1.0,100.0,0.0
2024-11-02,,,,,,,0.0,0.0,97.5,,,,0.0,1.3,100.0,0.0
2024-11-03,88.1,57.2,56.1,,,,,,,,,,0.0,1.4,100.0,0.0
2024-11-04,,,,0.0,0.0,100.0,,,,,,,0.0,1.3,100.0,0.0
2024-11-05,,,,,,,,,,0.0,1.4,100.0,0.0,1.6,100.0,0.0
2024-11-06,,,,,,,,,,,,,0.0,2.5,100.0,0.0
2024-11-07,,,,,,,,,,,,,0.0,2.6,100.0,0.0
2024-11-08,,,,,,,,,,,,,0.0,2.4,100.0,0.0
2024-11-09,,,,0.0,0.1,100.0,,,,,,,0.0,3.4,100.0,0.0
2024-11-10,94.9,63.9,56.9,,,,0.0,0.2,75.3,,,,0.0,4.4,100.0,0.0
2024-11-11,99.3,71.3,56.9,0.0,0.5,100.0,,,,,,,0.0,5.8,100.0,0.0
2024-11-12,,,,,,,,,,,,,0.0,5.2,100.0,0.0
2024-11-13,,,,,,,,,,0.0,8.6,100.0,0.0,7.7,100.0,0.0
2024-11-14,,,,6.7,24.0,100.0,,,,,,,0.0,9.7,100.0,0.0
2024-11-15,100.0,77.1,56.5,,,,,,,,,,0.8,14.6,100.0,0.8
2024-11-16,,,,39.7,46.4,100.0,,,,0.0,14.0,100.0,0.4,14.3,100.0,0.4
2024-11-17,,,,,,,,,,,,,1.7,22.3,100.0,1.7
2024-11-18,,,,,,,,,,,,,3.3,32.5,100.0,3.3
2024-11-19,,,,,,,,,,,,,13.0,42.9,100.0,13.0
2024-11-20,,,,,,,,,,,,,27.6,49.1,100.0,27.6
2024-11-21,,,,,,,,,,10.0,35.4,100.0,60.3,61.8,100.0,60.3
2024-11-22,100.0,84.4,56.5,,,,,,,,,,75.3,70.8,100.0,75.3
2024-11-23,100.0,84.2,56.9,,,,,,,,,,97.5,77.9,100.0,97.5
2024-11-24,,,,100.0,92.8,100.0,,,,84.5,58.5,100.0,100.0,81.4,100.0,100.0
2024-11-25,,,,,,,,,,96.9,72.6,100.0,100.0,85.7,100.0,100.0
2024-11-26,,,,100.0,99.0,100.0,,,,,,,100.0,90.0,100.0,100.0
2024-11-27,100.0,86.0,56.1,,,,,,,,,,100.0,91.8,100.0,100.0
2024-11-28,,,,,,,,,,,,,100.0,92.7,100.0,100.0
2024-11-29,,,,100.0,98.9,100.0,,,,100.0,88.8,100.0,100.0,94.6,100.0,100.0
2024-11-30,,,,,,,,,,100.0,89.0,100.0,100.0,93.5,100.0,100.0
2024-12-01,,,,100.0,99.4,100.0,,,,,,,100.0,95.4,100.0,100.0
2024-12-02,,,,,,,,,,100.0,91.1,100.0,100.0,94.1,100.0,100.0
2024-12-03,,,,,,,,,,100.0,91.7,100.0,100.0,95.1,100.0,100.0
2024-12-04,100.0,88.7,56.9,,,,,,,100.0,97.3,100.0,100.0,94.8,100.0,100.0
2024-12-05,100.0,90.8,56.9,,,,,,,,,,100.0,95.5,100.0,100.0
2024-12-06,,,,98.7,95.6,97.9,,,,100.0,98.8,100.0,100.0,96.3,100.0,100.0
2024-12-07,,,,,,,,,,,,,100.0,96.7,100.0,100.0
2024-12-08,,,,,,,,,,,,,100.0,96.8,100.0,100.0
2024-12-09,100.0,92.0,56.5,,,,,,,100.0,99.1,100.0,100.0,97.6,100.0,100.0
2024-12-10,,,,,,,,,,100.0,99.1,100.0,100.0,97.7,100.0,100.0
2024-12-11,,,,97.5,97.6,100.0,,,,,,,100.0,98.5,100.0,100.0
2024-12-12,,,,,,,100.0,100.0,100.0,,,,100.0,98.6,100.0,100.0
2024-12-13,,,,,,,,,,,,,100.0,98.6,100.0,100.0
2024-12-14,,,,,,,,,,100.0,99.5,100.0,100.0,98.8,100.0,100.0
2024-12-15,,,,,,,,,,,,,100.0,99.0,100.0,100.0
2024-12-16,100.0,92.3,56.9,97.3,97.2,100.0,,,,,,,100.0,99.2,100.0,100.0
2024-12-17,100.0,93.1,56.9,,,,,,,,,,100.0,99.0,100.0,100.0
2024-12-18,,,,,,,,,,100.0,99.5,100.0,100.0,98.9,100.0,100.0
2024-12-19,,,,,,,,,,,,,100.0,98.9,100.0,100.0
2024-12-20,,,,,,,,,,,,,100.0,98.8,100.0,100.0
2024-12-21,100.0,95.2,56.9,,,,,,,,,,100.0,98.7,100.0,100.0
2024-12-22,,,,,,,,,,,,,100.0,98.8,100.0,100.0
2024-12-23,,,,,,,,,,100.0,99.7,100.0,100.0,98.7,100.0,100.0
2024-12-24,,,,98.7,98.4,100.0,,,,,,,100.0,99.1,100.0,100.0
2024-12-25,,,,,,,,,,,,,100.0,99.2,100.0,100.0
2024-12-26,,,,96.2,96.8,100.0,,,,,,,100.0,99.4,100.0,100.0
2024-12-27,,,,,,,,,,,,,100.0,99.2,100.0,100.0
2024-12-28,100.0,96.7,56.9,,,,100.0,100.0,100.0,,,,100.0,99.4,100.0,100.0
2024-12-29,100.0,97.6,56.5,96.2,96.4,100.0,,,,,,,100.0,99.6,100.0,100.0
2024-12-30,,,,,,,,,,,,,100.0,99.5,100.0,100.0
2024-12-31,,,,95.8,95.4,100.0,,,,,,,100.0,99.6,100.0,100.0
2025-01-01,,,,,,,,,,100.0,99.7,100.0,100.0,99.4,100.0,100.0
2025-01-02,100.0,98.5,56.5,,,,,,,,,,100.0,99.5,100.0,100.0
2025-01-03,,,,95.8,95.3,100.0,,,,,,,100.0,99.4,100.0,100.0
2025-01-04,,,,,,,,,,,,,100.0,99.4,100.0,100.0
2025-01-05,,,,,,,,,,,,,100.0,98.9,100.0,100.0
2025-01-06,,,,,,,,,,,,,100.0,98.7,100.0,100.0
2025-01-07,,,,,,,,,,,,,100.0,98.5,100.0,100.0
2025-01-08,,,,,,,,,,,,,100.0,99.0,100.0,100.0
2025-01-09,100.0,98.9,56.9,,,,,,,,,,100.0,98.9,100.0,100.0
2025-01-10,99.3,98.9,57.3,,,,,,,,,,100.0,99.1,100.0,100.0
2025-01-11,,,,,,,,,,100.0,99.9,100.0,100.0,99.0,100.0,100.0
2025-01-12,,,,,,,,,,,,,100.0,99.2,100.0,100.0
2025-01-13,,,,96.7,95.9,100.0,100.0,100.0,100.0,,,,100.0,99.5,100.0,100.0
2025-01-14,100.0,99.6,56.9,,,,,,,,,,100.0,99.4,100.0,100.0
2025-01-15,,,,96.7,96.6,100.0,,,,,,,100.0,99.2,100.0,100.0
2025-01-16,,,,,,,,,,,,,100.0,99.2,100.0,100.0
2025-01-17,,,,,,,,,,,,,100.0,99.0,100.0,100.0
2025-01-18,,,,96.2,96.4,100.0,,,,,,,100.0,99.3,100.0,100.0
2025-01-19,,,,,,,,,,,,,100.0,99.1,100.0,100.0
2025-01-20,,,,96.2,96.4,100.0,,,,,,,100.0,99.4,100.0,100.0
2025-01-21,100.0,99.8,56.5,,,,100.0,100.0,100.0,,,,100.0,99.5,100.0,100.0
2025-01-22,100.0,99.8,56.1,,,,,,,,,,100.0,99.4,100.0,100.0
2025-01-23,,,,,,,,,,100.0,99.9,100.0,100.0,99.4,100.0,100.0
2025-01-24,,,,,,,,,,100.0,99.9,100.0,100.0,99.4,100.0,100.0
2025-01-25,,,,96.7,96.6,100.0,,,,,,,100.0,99.3,100.0,100.0
2025-01-26,100.0,99.9,56.5,,,,,,,,,,100.0,99.3,100.0,100.0
2025-01-27,,,,,,,,,,,,,100.0,99.2,100.0,100.0
2025-01-28,,,,,,,,,,,,,100.0,99.2,100.0,100.0
2025-01-29,,,,,,,100.0,100.0,100.0,100.0,99.9,100.0,100.0,99.4,100.0,100.0
2025-01-30,,,,,,,,,,,,,100.0,99.2,100.0,100.0
2025-01-31,,,,,,,,,,100.0,99.9,100.0,100.0,99.4,100.0,100.0
2025-02-01,,,,,,,,,,,,,100.0,99.4,100.0,100.0
2025-02-02,100.0,99.9,56.9,96.7,96.2,100.0,,,,,,,100.0,99.5,100.0,100.0
2025-02-03,100.0,99.9,56.9,,,,,,,,,,100.0,99.5,100.0,100.0
2025-02-04,,,,97.5,97.2,100.0,,,,100.0,99.9,100.0,100.0,99.5,100.0,100.0
2025-02-05,,,,,,,,,,100.0,99.9,100.0,100.0,99.5,100.0,100.0
2025-02-06,,,,,,,100.0,100.0,100.0,,,,100.0,99.6,100.0,100.0
2025-02-07,100.0,99.9,55.6,97.0,96.6,97.9,,,,,,,100.0,99.6,100.0,100.0
2025-02-08,,,,,,,,,,100.0,99.9,100.0,100.0,99.6,100.0,100.0
2025-02-09,,,,97.5,97.3,100.0,,,,,,,100.0,99.7,100.0,100.0
2025-02-10,,,,,,,,,,,,,100.0,99.5,100.0,100.0
2025-02-11,,,,,,,,,,100.0,99.9,100.0,100.0,99.5,100.0,100.0
2025-02-12,,,,,,,,,,,,,100.0,99.4,100.0,100.0
2025-02-13,,,,,,,,,,,,,100.0,99.5,100.0,100.0
2025-02-14,100.0,99.9,56.1,,,,,,,,,,100.0,99.4,100.0,100.0
2025-02-15,100.0,99.9,56.1,,,,,,,,,,100.0,99.3,100.0,100.0
2025-02-16,,,,,,,,,,,,,100.0,98.9,100.0,100.0
2025-02-17,,,,97.1,96.9,100.0,,,,100.0,99.9,100.0,100.0,99.2,100.0,100.0
2025-02-18,,,,,,,,,,,,,100.0,98.8,100.0,100.0
2025-02-19,100.0,99.8,56.1,97.1,97.3,100.0,,,,,,,100.0,99.0,100.0,100.0
2025-02-20,,,,,,,,,,100.0,99.8,100.0,100.0,98.3,100.0,100.0
2025-02-21,,,,,,,,,,,,,100.0,98.4,100.0,100.0
2025-02-22,,,,97.1,97.2,73.2,,,,,,,100.0,98.1,100.0,100.0
2025-02-23,,,,,,,,,,,,,100.0,97.7,100.0,100.0
2025-02-24,,,,,,,,,,,,,100.0,97.9,100.0,100.0
2025-02-25,,,,,,,,,,100.0,99.8,100.0,100.0,98.1,100.0,100.0
2025-02-26,100.0,99.8,56.1,,,,,,,,,,100.0,98.3,100.0,100.0
2025-02-27,100.0,99.7,56.5,,,,,,,100.0,99.8,100.0,100.0,98.5,100.0,100.0
2025-02-28,,,,,,,,,,,,,100.0,98.8,100.0,100.0
2025-03-01,,,,97.9,98.0,100.0,,,,,,,100.0,99.0,100.0,100.0
2025-03-02,,,,,,,100.0,100.0,100.0,,,,100.0,99.3,100.0,100.0
2025-03-03,100.0,99.8,56.5,,,,,,,,,,100.0,98.8,100.0,100.0
2025-03-04,,,,97.5,97.2,100.0,,,,,,,100.0,99.2,100.0,100.0
2025-03-05,,,,,,,,,,,,,100.0,99.0,100.0,100.0
2025-03-06,,,,97.5,97.0,100.0,,,,,,,100.0,99.3,100.0,100.0
2025-03-07,,,,,,,,,,,,,100.0,99.0,100.0,100.0
2025-03-08,,,,,,,,,,,,,100.0,99.1,100.0,100.0
2025-03-09,,,,97.9,97.8,100.0,,,,100.0,99.5,100.0,100.0,99.2,100.0,100.0
2025-03-10,100.0,99.6,56.5,,,,,,,,,,100.0,99.0,100.0,100.0
2025-03-11,100.0,96.3,96.7,99.1,96.6,88.3,,,,100.0,99.4,100.0,100.0,98.9,100.0,100.0
2025-03-12,,,,,,,,,,,,,100.0,98.5,100.0,100.0
2025-03-13,,,,,,,,,,,,,100.0,98.5,100.0,100.0
2025-03-14,,,,,,,,,,100.0,99.1,100.0,100.0,98.2,100.0,100.0
2025-03-15,100.0,97.4,97.1,,,,,,,,,,100.0,98.8,100.0,100.0
2025-03-16,,,,,,,,,,,,,100.0,98.5,100.0,100.0
2025-03-17,,,,,,,,,,,,,100.0,98.7,100.0,100.0
2025-03-18,,,,,,,100.0,100.0,100.0,,,,100.0,98.4,100.0,100.0
2025-03-19,,,,99.2,98.6,100.0,,,,,,,100.0,98.9,100.0,100.0
2025-03-20,,,,,,,,,,,,,100.0,98.7,100.0,100.0
2025-03-21,,,,99.6,98.3,100.0,,,,,,,100.0,99.0,100.0,100.0
2025-03-22,100.0,97.8,96.7,,,,,,,100.0,99.1,100.0,100.0,98.6,100.0,100.0
2025-03-23,100.0,96.5,97.1,,,,,,,,,,100.0,98.7,100.0,100.0
2025-03-24,,,,98.7,97.3,100.0,,,,,,,100.0,98.7,100.0,100.0
2025-03-25,,,,,,,,,,100.0,98.2,100.0,100.0,98.4,100.0,100.0
2025-03-26,,,,,,,,,,100.0,97.9,100.0,100.0,98.2,100.0,100.0
2025-03-27,100.0,96.5,95.8,,,,,,,,,,100.0,97.9,100.0,100.0
2025-03-28,,,,100.0,99.3,100.0,,,,,,,100.0,98.2,100.0,100.0
2025-03-29,,,,,,,,,,100.0,95.9,100.0,100.0,97.4,100.0,100.0
2025-03-30,,,,,,,,,,100.0,96.6,100.0,100.0,98.0,100.0,100.0
2025-03-31,,,,100.0,99.2,48.1,,,,,,,100.0,97.7,100.0,100.0
2025-04-01,,,,,,,,,,,,,100.0,98.1,100.0,100.0
2025-04-02,99.5,95.5,87.4,,,,,,,100.0,92.4,100.0,100.0,97.9,100.0,100.0
2025-04-03,100.0,93.7,95.0,100.0,99.2,100.0,100.0,100.0,85.4,,,,100.0,98.7,100.0,100.0
2025-04-04,100.0,89.5,95.8,,,,,,,100.0,87.1,100.0,100.0,97.7,100.0,100.0
2025-04-05,,,,100.0,99.2,100.0,,,,,,,100.0,98.1,100.0,100.0
2025-04-06,,,,,,,,,,,,,100.0,97.1,100.0,100.0
2025-04-07,,,,99.6,98.2,100.0,,,,95.0,78.6,100.0,100.0,97.6,100.0,100.0
2025-04-08,97.4,73.1,96.2,100.0,98.5,100.0,,,,93.7,73.8,100.0,100.0,97.0,100.0,100.0
2025-04-09,,,,,,,,,,,,,100.0,96.7,100.0,100.0
2025-04-10,,,,100.0,99.4,100.0,,,,92.5,73.6,100.0,100.0,95.9,100.0,100.0
2025-04-11,,,,,,,100.0,99.8,100.0,98.3,72.7,100.0,100.0,96.4,100.0,100.0
2025-04-12,,,,,,,,,,,,,100.0,93.2,100.0,100.0
2025-04-13,,,,,,,,,,,,,100.0,93.9,100.0,100.0
2025-04-14,,,,,,,,,,,,,100.0,90.1,100.0,100.0
2025-04-15,95.2,67.6,95.0,,,,,,,99.2,76.4,100.0,100.0,89.8,100.0,100.0
2025-04-16,58.4,46.6,97.5,,,,,,,100.0,80.4,100.0,96.7,84.0,100.0,96.7
2025-04-17,,,,,,,,,,,,,98.7,82.7,100.0,98.7
2025-04-18,,,,100.0,99.9,100.0,,,,99.6,81.5,100.0,92.9,79.1,100.0,92.9
2025-04-19,,,,,,,100.0,99.6,100.0,,,,96.7,79.9,100.0,96.7
2025-04-20,21.4,27.3,97.9,,,,,,,,,,72.4,66.1,100.0,72.4
2025-04-21,,,,,,,,,,99.2,69.8,100.0,81.6,70.9,100.0,81.6
2025-04-22,0.9,3.6,92.5,,,,,,,99.2,75.1,100.0,74.5,66.8,100.0,74.5
2025-04-23,,,,,,,,,,58.6,53.4,100.0,72.0,66.6,100.0,72.0
2025-04-24,,,,,,,,,,,,,24.3,51.7,100.0,24.3
2025-04-25,,,,,,,,,,,,,30.5,53.3,100.0,30.5
2025-04-26,,,,,,,,,,95.0,70.6,100.0,23.0,49.8,100.0,23.0
2025-04-27,1.3,2.6,95.4,,,,,,,,,,10.5,37.6,100.0,10.5
2025-04-28,1.8,2.8,95.4,,,,,,,,,,10.0,29.5,100.0,10.0
2025-04-29,,,,,,,,,,51.5,48.9,100.0,7.9,25.5,100.0,7.9
2025-04-30,,,,100.0,95.0,92.1,,,,81.2,59.7,100.0,11.7,30.8,100.0,11.7
2025-05-01,,,,,,,,,,,,,7.1,24.4,100.0,7.1
2025-05-02,4.6,5.3,99.2,,,,,,,,,,9.2,26.5,100.0,9.2
2025-05-03,4.3,5.7,97.1,,,,,,,,,,6.7,24.9,100.0,6.7
2025-05-04,2.6,5.5,95.0,,,,,,,,,,10.5,33.6,100.0,10.5
2025-05-05,,,,,,,,,,,,,11.3,37.1,100.0,11.3
2025-05-06,,,,,,,,,,,,,32.6,51.2,100.0,32.6
2025-05-07,,,,,,,,,,,,,46.9,59.1,100.0,46.9
2025-05-08,9.1,11.3,97.1,,,,,,,,,,76.2,71.0,100.0,76.2
2025-05-09,16.9,20.0,99.2,,,,,,,,,,98.7,80.4,100.0,98.7
2025-05-10,25.3,26.2,99.2,,,,,,,,,,100.0,84.3,100.0,100.0
2025-05-11,,,,,,,,,,,,,100.0,87.0,100.0,100.0
2025-05-12,,,,,,,,,,,,,100.0,88.4,100.0,100.0
2025-05-13,,,,100.0,98.1,100.0,,,,,,,100.0,92.6,100.0,100.0
2025-05-14,35.6,33.8,97.5,,,,,,,,,,100.0,92.4,100.0,100.0
2025-05-15,43.5,40.2,99.2,,,,,,,67.2,54.4,97.1,100.0,93.8,100.0,100.0
2025-05-16,54.4,49.0,99.2,,,,,,,100.0,79.8,100.0,100.0,93.6,100.0,100.0
2025-05-17,,,,100.0,98.4,100.0,,,,,,,100.0,95.2,100.0,100.0
2025-05-18,,,,100.0,95.1,100.0,,,,,,,100.0,94.5,100.0,100.0
2025-05-19,,,,,,,,,,,,,100.0,93.6,100.0,100.0
2025-05-20,57.3,50.5,97.9,,,,,,,,,,100.0,92.0,100.0,100.0
2025-05-21,50.4,44.6,98.7,,,,,,,,,,100.0,92.6,100.0,100.0
2025-05-22,45.3,41.5,98.7,,,,,,,,,,100.0,91.7,100.0,100.0
2025-05-23,,,,,,,,,,,,,100.0,91.9,100.0,100.0
2025-05-24,,,,,,,,,,93.3,67.6,100.0,100.0,91.3,100.0,100.0
2025-05-25,,,,,,,,,,,,,100.0,91.2,100.0,100.0
2025-05-26,37.7,35.8,96.7,,,,,,,,,,100.0,90.6,100.0,100.0
2025-05-27,31.5,30.8,98.3,100.0,93.1,95.8,,,,67.4,54.9,100.0,100.0,90.1,100.0,100.0
2025-05-28,18.2,20.3,98.7,,,,,,,,,,99.6,87.2,100.0,99.6
2025-05-29,,,,,,,78.5,64.8,38.9,,,,99.6,84.4,100.0,99.6
2025-05-30,,,,90.4,67.2,100.0,,,,2.9,25.9,100.0,99.6,83.0,100.0,99.6
2025-05-31,,,,,,,,,,0.0,18.5,100.0,97.9,78.6,100.0,97.9
2025-06-01,9.9,18.2,97.1,,,,,,,,,,95.4,74.3,100.0,95.4
2025-06-02,11.2,16.3,97.5,,,,,,,,,,80.8,67.4,100.0,80.8
2025-06-03,7.3,14.4,97.5,,,,,,,,,,55.2,60.2,100.0,55.2
2025-06-04,,,,,,,,,,,,,42.7,56.9,100.0,42.7
2025-06-05,,,,,,,,,,,,,12.1,45.6,100.0,12.1
2025-06-06,,,,,,,,,,,,,4.6,39.4,100.0,4.6
2025-06-07,4.7,11.3,97.9,,,,,,,,,,0.0,28.8,100.0,0.0
2025-06-08,0.0,6.2,97.1,,,,,,,0.0,5.7,100.0,0.0,26.1,100.0,0.0
2025-06-09,0.9,7.3,97.5,0.0,5.1,100.0,,,,0.0,1.4,100.0,0.0,21.6,100.0,0.0
2025-06-10,,,,,,,,,,0.0,0.5,100.0,0.0,17.8,100.0,0.0
2025-06-11,,,,,,,,,,0.0,0.3,100.0,0.0,12.9,100.0,0.0
2025-06-12,,,,0.0,0.1,100.0,,,,,,,0.0,11.5,100.0,0.0
2025-06-13,0.9,7.0,95.4,,,,,,,,,,0.0,9.2,100.0,0.0
2025-06-14,1.3,9.1,98.7,,,,,,,0.0,0.2,100.0,0.0,6.7,100.0,0.0
2025-06-15,0.9,9.5,97.5,,,,,,,,,,0.0,5.8,100.0,0.0
2025-06-16,,,,,,,,,,,,,0.0,6.5,100.0,0.0
2025-06-17,,,,0.0,0.1,100.0,,,,,,,0.0,5.7,100.0,0.0
2025-06-18,,,,,,,,,,0.0,0.1,100.0,0.0,4.9,100.0,0.0
2025-06-19,1.3,12.4,95.4,0.0,0.1,100.0,,,,0.0,0.0,100.0,0.0,4.1,100.0,0.0
2025-06-20,1.3,11.8,97.5,,,,,,,,,,0.0,4.7,100.0,0.0
2025-06-21,0.4,8.9,96.7,,,,,,,,,,0.0,3.7,100.0,0.0
2025-06-22,,,,0.0,0.0,100.0,,,,,,,0.0,3.3,100.0,0.0
2025-06-23,,,,,,,,,,,,,0.0,3.5,100.0,0.0
2025-06-24,,,,,,,,,,,,,0.0,2.9,100.0,0.0
2025-06-25,0.9,8.1,97.1,,,,,,,,,,0.0,2.7,100.0,0.0
2025-06-26,0.9,7.7,97.5,,,,,,,,,,0.0,2.8,100.0,0.0
2025-06-27,0.4,6.9,97.5,0.0,0.1,100.0,,,,0.0,0.0,100.0,0.0,2.1,100.0,0.0
2025-06-28,,,,,,,,,,,,,0.0,2.3,100.0,0.0
2025-06-29,,,,0.0,0.0,100.0,,,,,,,0.0,1.8,100.0,0.0
2025-06-30,,,,,,,,,,,,,0.0,1.7,100.0,0.0
2025-07-01,0.0,6.7,95.0,,,,,,,0.0,0.0,100.0,0.0,1.5,100.0,0.0
2025-07-02,0.9,7.0,96.2,0.0,0.0,95.0,,,,0.0,0.0,100.0,0.0,1.7,100.0,0.0
2025-07-03,0.0,3.0,96.2,,,,,,,,,,0.0,1.7,100.0,0.0
2025-07-04,,,,0.0,0.0,100.0,,,,,,,0.0,1.5,100.0,0.0
2025-07-05,,,,,,,,,,,,,0.0,1.5,100.0,0.0
2025-07-06,,,,,,,,,,,,,0.0,2.7,100.0,0.0
2025-07-07,0.4,3.0,97.1,,,,,,,,,,0.0,2.2,100.0,0.0
2025-07-08,0.4,2.4,97.1,,,,,,,,,,0.0,1.8,100.0,0.0
2025-07-09,0.0,2.6,97.5,0.0,0.0,100.0,,,,,,,0.0,1.7,100.0,0.0
2025-07-10,,,,,,,,,,,,,0.0,2.2,100.0,0.0
2025-07-11,,,,,,,,,,0.0,0.0,100.0,0.0,1.5,100.0,0.0
2025-07-12,,,,,,,,,,,,,0.0,1.6,100.0,0.0
2025-07-13,0.0,2.0,96.2,,,,,,,,,,0.0,1.2,100.0,0.0
2025-07-14,0.0,1.9,97.1,,,,,,,,,,0.0,1.1,100.0,0.0
2025-07-15,0.0,2.4,95.0,,,,,,,,,,0.0,1.0,100.0,0.0
2025-07-16,,,,,,,,,,,,,0.0,1.3,100.0,0.0
2025-07-17,,,,,,,,,,,,,0.0,1.2,100.0,0.0
2025-07-18,,,,,,,,,,0.0,0.0,100.0,0.0,1.1,100.0,0.0
2025-07-19,0.0,1.5,95.4,,,,,,,0.0,0.0,100.0,0.0,0.9,100.0,0.0
2025-07-20,0.0,2.1,98.3,,,,,,,,,,0.0,1.4,100.0,0.0
2025-07-21,0.0,1.6,97.9,,,,,,,,,,0.0,1.2,100.0,0.0
2025-07-22,,,,0.0,0.0,100.0,,,,,,,0.0,1.0,100.0,0.0
2025-07-23,,,,,,,,,,,,,0.0,1.0,100.0,0.0
2025-07-24,,,,,,,,,,,,,0.0,1.7,100.0,0.0
2025-07-25,0.0,1.5,95.4,,,,,,,,,,0.0,1.5,100.0,0.0
2025-07-26,0.0,1.0,97.9,,,,,,,,,,0.0,0.9,100.0,0.0
2025-07-27,0.0,0.7,97.5,,,,,,,,,,0.0,0.4,100.0,0.0
2025-07-28,,,,,,,,,,,,,0.0,0.8,100.0,0.0
2025-07-29,,,,,,,,,,,,,0.0,0.7,100.0,0.0
2025-07-30,,,,,,,,,,,,,0.0,0.6,100.0,0.0
2025-07-31,0.0,0.7,95.0,,,,,,,,,,0.0,0.3,100.0,0.0
2025-08-01,0.0,0.9,96.2,,,,,,,,,,0.0,0.3,100.0,0.0
2025-08-02,0.0,1.1,96.7,,,,,,,,,,0.0,0.3,100.0,0.0
2025-08-03,,,,,,,,,,0.0,0.0,100.0,0.0,0.2,100.0,0.0
2025-08-04,,,,,,,,,,0.0,0.0,100.0,0.0,0.1,100.0,0.0
2025-08-05,,,,0.0,0.0,100.0,,,,,,,0.0,0.1,100.0,0.0
2025-08-06,0.0,0.8,95.4,0.0,0.0,100.0,,,,,,,0.0,0.1,100.0,0.0
2025-08-07,,,,,,,,,,0.0,0.0,100.0,0.0,0.1,100.0,0.0
2025-08-08,0.0,1.3,98.7,0.0,0.1,100.0,,,,,,,0.0,0.1,100.0,0.0
2025-08-09,,,,,,,0.0,0.0,99.6,,,,0.0,0.1,100.0,0.0
2025-08-10,,,,,,,,,,0.0,0.0,100.0,0.0,0.0,100.0,0.0
2025-08-11,,,,0.0,0.1,84.1,,,,0.0,0.0,100.0,0.0,0.0,100.0,0.0
2025-08-12,0.0,1.5,97.5,,,,,,,0.0,0.0,100.0,0.0,0.0,100.0,0.0
2025-08-13,0.0,1.7,96.7,0.0,0.0,100.0,,,,,,,0.0,0.1,100.0,0.0
2025-08-14,0.4,2.0,99.2,,,,,,,0.0,0.0,100.0,0.0,0.0,100.0,0.0
2025-08-15,,,,0.0,0.0,100.0,,,,0.0,0.0,100.0,0.0,0.1,100.0,0.0
2025-08-16,,,,,,,,,,,,,0.0,0.1,100.0,0.0
2025-08-17,,,,,,,,,,,,,0.0,0.2,100.0,0.0
2025-08-18,0.0,1.9,96.7,0.0,0.1,100.0,,,,0.0,0.0,100.0,0.0,0.1,100.0,0.0
2025-08-19,0.0,2.3,97.1,,,,,,,,,,0.0,0.1,100.0,0.0
2025-08-20,0.0,2.6,97.5,,,,,,,,,,0.0,0.1,100.0,0.0
2025-08-21,,,,,,,,,,,,,0.0,0.1,100.0,0.0
2025-08-22,,,,,,,,,,0.0,0.1,100.0,0.0,0.0,100.0,0.0
2025-08-23,,,,0.0,0.1,100.0,,,,,,,0.0,0.0,100.0,0.0
2025-08-24,0.0,2.6,95.4,,,,,,,,,,0.0,0.0,100.0,0.0
2025-08-25,0.0,2.0,97.5,0.0,0.0,100.0,0.0,0.0,100.0,,,,0.0,0.0,100.0,0.0
2025-08-26,0.0,1.7,97.5,0.0,0.0,100.0,,,,0.0,0.0,100.0,0.0,0.0,100.0,0.0
2025-08-27,,,,,,,,,,,,,0.0,0.0,100.0,0.0
2025-08-28,,,,,,,,,,,,,0.0,0.0,100.0,0.0
2025-08-29,,,,,,,,,,0.0,0.1,100.0,0.0,0.1,100.0,0.0
2025-08-30,0.0,1.6,96.2,,,,,,,,,,0.0,0.1,100.0,0.0
2025-08-31,0.0,1.7,97.9,0.0,0.0,100.0,,,,,,,0.0,0.1,100.0,0.0
2025-09-01,0.0,1.3,97.5,,,,,,,,,,0.0,0.1,100.0,0.0
2025-09-02,,,,,,,,,,,,,0.0,0.3,100.0,0.0
2025-09-03,,,,,,,,,,,,,0.0,0.2,100.0,0.0
2025-09-04,,,,,,,,,,,,,0.0,0.2,100.0,0.0
2025-09-05,0.0,1.8,97.1,,,,,,,0.0,0.0,100.0,0.0,0.2,100.0,0.0
2025-09-06,0.0,1.9,97.5,,,,,,,,,,0.0,0.2,100.0,0.0
2025-09-07,0.0,3.3,97.9,0.0,0.0,100.0,,,,,,,0.0,0.2,100.0,0.0
2025-09-08,,,,,,,,,,,,,0.0,0.1,100.0,0.0
2025-09-09,,,,,,,,,,,,,0.0,0.2,100.0,0.0
2025-09-10,,,,,,,,,,,,,0.0,0.1,100.0,0.0
2025-09-11,0.0,2.9,95.4,,,,,,,,,,0.0,0.2,100.0,0.0
2025-09-12,0.0,4.7,97.9,0.0,0.0,100.0,,,,,,,0.0,0.1,100.0,0.0
2025-09-13,0.0,2.8,96.2,,,,,,,,,,0.0,0.1,100.0,0.0
2025-09-14,,,,0.0,0.0,100.0,,,,,,,0.0,0.1,100.0,0.0
2025-09-15,,,,,,,,,,,,,0.0,0.1,100.0,0.0
2025-09-16,,,,,,,,,,,,,0.0,0.1,100.0,0.0
2025-09-17,0.0,3.7,96.2,0.0,0.0,97.5,,,,0.0,0.1,100.0,0.0,0.0,100.0,0.0
2025-09-18,0.0,4.7,96.7,,,,0.0,0.0,100.0,0.0,0.0,100.0,0.0,0.0,100.0,0.0
2025-09-19,,,,,,,,,,,,,0.0,0.0,100.0,0.0
2025-09-20,,,,0.0,0.0,100.0,,,,,,,0.0,0.0,100.0,0.0
2025-09-21,,,,,,,,,,,,,0.0,0.0,100.0,0.0
2025-09-22,,,,,,,,,,,,,0.0,0.1,100.0,0.0
2025-09-23,0.0,4.8,95.8,,,,,,,,,,0.0,0.1,100.0,0.0
2025-09-24,0.0,5.5,97.5,,,,,,,,,,0.0,0.1,100.0,0.0
2025-09-25,0.0,5.3,97.1,0.0,0.5,96.2,,,,0.0,0.1,67.8,0.0,0.1,100.0,0.0
2025-09-26,,,,,,,,,,,,,0.0,0.3,100.0,0.0
2025-09-27,,,,0.0,4.0,100.0,,,,,,,0.0,0.3,100.0,0.0
2025-09-28,,,,,,,,,,,,,0.0,0.3,100.0,0.0
2025-09-29,0.0,6.3,95.4,,,,,,,0.0,0.1,100.0,0.0,0.3,100.0,0.0
2025-09-30,0.0,7.4,97.1,0.0,0.5,100.0,,,,,,,0.0,0.5,100.0,0.0
2025-10-01,0.0,9.7,97.1,,,,,,,,,,0.0,0.5,100.0,0.0
2025-10-02,,,,0.0,0.1,100.0,,,,0.0,0.1,100.0,0.0,0.4,100.0,0.0
2025-10-03,,,,,,,,,,,,,0.0,0.5,100.0,0.0
2025-10-04,,,,,,,,,,,,,0.0,0.7,100.0,0.0
2025-10-05,0.0,10.4,96.7,,,,,,,0.0,0.3,100.0,0.0,0.7,100.0,0.0
2025-10-06,0.0,11.1,97.5,,,,,,,0.0,0.2,100.0,0.0,0.4,100.0,0.0
2025-10-07,0.0,12.7,97.1,0.0,0.1,100.0,,,,,,,0.0,0.6,100.0,0.0
2025-10-08,,,,,,,,,,,,,0.0,0.6,100.0,0.0
2025-10-09,,,,,,,,,,0.0,0.2,100.0,0.0,0.4,100.0,0.0
2025-10-10,,,,0.0,0.2,100.0,,,,0.0,0.2,100.0,0.0,0.3,100.0,0.0
2025-10-11,1.3,14.9,97.5,,,,,,,,,,0.0,0.5,100.0,0.0
2025-10-12,1.7,13.5,98.7,0.0,0.1,100.0,0.0,0.0,99.2,,,,0.0,0.5,100.0,0.0
2025-10-13,1.3,15.5,99.6,,,,,,,0.0,0.4,100.0,0.0,0.4,100.0,0.0
2025-10-14,,,,0.0,0.0,100.0,,,,0.0,0.4,100.0,0.0,0.4,100.0,0.0
2025-10-15,,,,0.0,0.0,100.0,,,,,,,0.0,0.6,100.0,0.0
2025-10-16,,,,,,,,,,,,,0.0,1.1,100.0,0.0
2025-10-17,3.4,19.3,97.9,0.0,0.6,100.0,,,,,,,0.0,1.1,100.0,0.0
2025-10-18,0.4,13.4,97.9,,,,,,,0.0,1.6,100.0,0.0,1.3,100.0,0.0
2025-10-19,2.5,13.2,99.6,,,,,,,,,,0.0,2.4,100.0,0.0
2025-10-20,,,,,,,,,,,,,0.0,5.3,100.0,0.0
2025-10-21,,,,,,,,,,0.0,3.3,100.0,0.0,5.1,100.0,0.0
2025-10-22,,,,,,,,,,0.0,13.5,100.0,0.0,8.1,100.0,0.0
2025-10-23,0.4,10.8,96.7,,,,,,,,,,0.0,10.6,100.0,0.0
2025-10-24,4.2,16.5,98.7,31.4,37.7,100.0,,,,,,,0.0,19.7,100.0,0.0
2025-10-25,2.6,15.6,98.3,,,,,,,0.0,10.1,100.0,0.0,20.8,100.0,0.0
2025-10-26,,,,,,,,,,,,,1.3,36.4,100.0,1.3
2025-10-27,,,,,,,,,,0.0,27.3,100.0,4.6,41.2,100.0,4.6
2025-10-28,,,,,,,93.7,70.2,100.0,,,,66.1,63.1,100.0,66.1
2025-10-29,12.9,28.3,97.1,,,,,,,,,,69.0,64.8,100.0,69.0
2025-10-30,85.8,58.0,97.5,92.1,81.9,100.0,,,,,,,94.1,75.4,100.0,94.1
2025-10-31,99.6,81.4,98.3,,,,,,,,,,96.7,77.7,100.0,96.7
2025-11-01,,,,,,,,,,,,,98.7,80.4,100.0,98.7
2025-11-02,,,,,,,,,,,,,99.2,82.4,100.0,99.2
2025-11-03,,,,97.1,89.3,100.0,,,,,,,100.0,86.9,100.0,100.0
2025-11-04,100.0,90.0,97.9,97.1,88.8,100.0,,,,,,,100.0,88.3,100.0,100.0
2025-11-05,100.0,92.3,97.5,,,,100.0,97.6,62.8,0.0,22.5,100.0,100.0,90.1,100.0,100.0
2025-11-06,100.0,95.1,99.6,,,,,,,60.3,49.9,100.0,100.0,90.4,100.0,100.0
2025-11-07,,,,,,,,,,,,,100.0,91.3,100.0,100.0
2025-11-08,,,,,,,,,,,,,100.0,91.7,100.0,100.0
2025-11-09,,,,,,,,,,45.2,47.8,100.0,100.0,92.0,100.0,100.0
2025-11-10,100.0,96.6,95.8,,,,,,,,,,100.0,94.1,100.0,100.0
2025-11-11,100.0,97.9,95.0,93.3,78.9,100.0,,,,,,,100.0,94.7,100.0,100.0
2025-11-12,100.0,97.6,97.1,,,,,,,,,,100.0,94.5,100.0,100.0
2025-11-13,,,,97.9,83.0,100.0,100.0,95.2,64.4,,,,100.0,94.3,100.0,100.0
2025-11-14,,,,100.0,90.8,100.0,,,,,,,100.0,95.1,100.0,100.0
2025-11-15,,,,,,,,,,,,,100.0,94.8,100.0,100.0
2025-11-16,100.0,97.6,96.2,,,,,,,,,,100.0,95.2,100.0,100.0
2025-11-17,,,,,,,,,,100.0,83.7,100.0,100.0,93.8,100.0,100.0
2025-11-18,100.0,98.4,96.7,,,,,,,,,,100.0,95.4,100.0,100.0
2025-11-19,,,,100.0,96.8,100.0,,,,,,,100.0,95.2,100.0,100.0
2025-11-20,,,,,,,,,,,,,100.0,95.3,100.0,100.0
2025-11-21,,,,,,,,,,100.0,84.9,100.0,100.0,94.7,100.0,100.0
2025-11-22,100.0,98.4,95.0,,,,,,,,,,100.0,96.2,100.0,100.0
2025-11-23,100.0,98.4,98.7,,,,,,,,,,100.0,96.9,100.0,100.0
2025-11-24,100.0,97.3,97.1,,,,,,,,,,100.0,97.2,100.0,100.0
2025-11-25,,,,,,,,,,,,,100.0,97.5,100.0,100.0
2025-11-26,,,,,,,,,,100.0,95.3,100.0,100.0,98.2,100.0,100.0
2025-11-27,,,,,,,,,,,,,100.0,98.6,100.0,100.0
2025-11-28,100.0,97.7,95.4,,,,,,,,,,100.0,99.0,100.0,100.0
2025-11-29,100.0,96.6,97.1,99.2,98.2,100.0,100.0,99.7,100.0,100.0,95.4,100.0,100.0,99.4,100.0,100.0
2025-11-30,100.0,95.0,97.9,,,,,,,,,,100.0,99.3,100.0,100.0
2025-12-01,,,,97.9,97.7,100.0,,,,100.0,98.8,100.0,100.0,99.5,100.0,100.0
2025-12-02,,,,,,,,,,,,,100.0,99.4,100.0,100.0
2025-12-03,,,,98.3,98.1,100.0,,,,100.0,98.4,100.0,100.0,99.4,100.0,100.0
2025-12-04,100.0,91.8,95.8,97.1,94.5,100.0,,,,100.0,98.8,100.0,100.0,99.4,100.0,100.0
2025-12-05,100.0,88.7,97.9,,,,,,,,,,100.0,99.4,100.0,100.0
2025-12-06,100.0,81.9,93.3,98.1,96.4,100.0,,,,,,,100.0,99.5,100.0,100.0
2025-12-07,,,,,,,,,,100.0,98.6,100.0,100.0,99.2,100.0,100.0
2025-12-08,,,,,,,,,,100.0,99.2,100.0,100.0,99.0,100.0,100.0
2025-12-09,,,,97.5,96.9,100.0,,,,,,,100.0,99.3,100.0,100.0
2025-12-10,100.0,81.3,92.9,,,,,,,,,,100.0,99.2,100.0,100.0
2025-12-11,100.0,76.9,95.4,97.1,95.9,100.0,,,,,,,100.0,99.3,100.0,100.0
2025-12-12,100.0,82.0,95.0,,,,,,,100.0,98.7,100.0,100.0,99.2,100.0,100.0
2025-12-13,,,,96.7,96.1,100.0,,,,,,,100.0,99.4,100.0,100.0
2025-12-14,,,,96.7,95.5,100.0,,,,,,,100.0,99.4,100.0,100.0
2025-12-15,,,,,,,100.0,100.0,100.0,,,,100.0,99.5,100.0,100.0
2025-12-16,100.0,82.7,95.0,,,,,,,,,,100.0,99.4,100.0,100.0
2025-12-17,100.0,85.4,99.6,,,,,,,100.0,99.2,100.0,100.0,99.6,100.0,100.0
2025-12-18,100.0,89.5,100.0,,,,,,,100.0,99.0,100.0,100.0,99.6,100.0,100.0
2025-12-19,,,,96.7,96.0,100.0,,,,,,,100.0,99.6,100.0,100.0
2025-12-20,,,,,,,,,,,,,100.0,99.6,100.0,100.0
2025-12-21,,,,96.2,95.3,88.7,,,,,,,100.0,99.6,100.0,100.0
2025-12-22,100.0,92.1,96.7,,,,,,,,,,100.0,99.7,100.0,100.0
2025-12-23,100.0,94.0,99.6,,,,,,,100.0,99.4,100.0,100.0,99.6,100.0,100.0
2025-12-24,100.0,94.3,99.6,,,,,,,,,,100.0,99.5,100.0,100.0
2025-12-25,,,,,,,,,,,,,100.0,99.6,100.0,100.0
2025-12-26,,,,97.1,96.9,100.0,,,,100.0,99.3,100.0,100.0,99.7,100.0,100.0
2025-12-27,,,,,,,,,,100.0,99.0,100.0,100.0,99.6,100.0,100.0
2025-12-28,100.0,96.1,97.1,,,,,,,,,,100.0,99.7,100.0,100.0
2025-12-29,100.0,95.1,98.3,97.5,96.8,100.0,,,,,,,100.0,99.7,100.0,100.0
2025-12-30,100.0,96.0,95.4,,,,,,,,,,100.0,99.8,100.0,100.0
2025-12-31,,,,98.3,97.0,100.0,100.0,100.0,100.0,,,,100.0,99.8,100.0,100.0
2026-01-01,,,,,,,,,,,,,98.6,91.2,100.0,98.6
2026-01-02,,,,,,,,,,100.0,85.4,100.0,98.9,93.1,100.0,98.9
2026-01-03,100.0,95.8,35.3,99.4,97.8,100.0,,,,100.0,88.3,100.0,98.9,95.1,100.0,98.9
2026-01-04,100.0,96.6,35.4,,,,,,,,,,98.9,94.8,100.0,98.9
2026-01-05,100.0,96.8,36.2,98.9,97.8,100.0,,,,,,,98.9,97.0,100.0,98.9
2026-01-06,,,,,,,,,,,,,99.4,96.5,100.0,99.4
2026-01-07,,,,,,,,,,100.0,94.4,100.0,99.1,97.0,100.0,99.1
2026-01-08,,,,,,,,,,,,,99.4,96.9,100.0,99.4
2026-01-09,100.0,97.7,36.0,,,,,,,,,,99.1,96.9,100.0,99.1
2026-01-10,100.0,97.5,36.7,,,,,,,,,,99.5,97.4,100.0,99.5
2026-01-11,100.0,98.0,36.0,,,,,,,,,,99.4,97.5,100.0,99.4
2026-01-12,,,,,,,,,,100.0,95.9,100.0,99.7,97.9,100.0,99.7
2026-01-13,,,,,,,,,,,,,99.5,98.0,100.0,99.5
2026-01-14,,,,,,,,,,,,,99.8,98.4,100.0,99.8
2026-01-15,100.0,98.0,35.9,98.3,97.4,100.0,,,,100.0,98.5,100.0,99.8,98.5,100.0,99.8
2026-01-16,100.0,97.8,36.2,,,,100.0,99.9,100.0,,,,99.8,98.8,100.0,99.8
2026-01-17,100.0,97.5,36.3,,,,,,,,,,99.8,98.4,100.0,99.8
2026-01-18,,,,98.3,97.8,100.0,,,,100.0,99.2,100.0,100.0,98.9,100.0,100.0
2026-01-19,,,,,,,,,,100.0,99.3,100.0,100.0,98.7,100.0,100.0
2026-01-20,,,,98.4,98.0,100.0,,,,,,,100.0,98.8,100.0,100.0
2026-01-21,100.0,97.6,35.7,,,,,,,,,,100.0,98.7,100.0,100.0
2026-01-22,100.0,96.5,35.6,,,,,,,,,,100.0,98.8,100.0,100.0
2026-01-23,100.0,96.1,35.7,98.6,98.3,100.0,,,,,,,100.0,98.9,100.0,100.0
2026-01-24,,,,,,,100.0,100.0,100.0,,,,100.0,99.1,100.0,100.0
2026-01-25,,,,99.8,97.3,67.1,,,,,,,100.0,98.9,100.0,100.0
2026-01-26,,,,,,,,,,100.0,99.8,100.0,100.0,99.1,100.0,100.0
2026-01-27,100.0,96.1,36.2,,,,,,,,,,100.0,98.9,100.0,100.0
2026-01-28,100.0,95.4,36.7,,,,,,,,,,100.0,98.9,100.0,100.0
2026-01-29,100.0,95.1,36.5,,,,,,,,,,100.0,99.1,100.0,100.0
2026-01-30,,,,,,,,,,100.0,99.8,100.0,100.0,99.2,100.0,100.0
2026-01-31,,,,,,,,,,100.0,99.9,100.0,100.0,99.2,100.0,100.0
2026-02-01,,,,,,,100.0,100.0,100.0,,,,100.0,99.5,100.0,100.0
2026-02-02,100.0,95.0,36.0,98.4,98.5,100.0,,,,,,,100.0,99.5,100.0,100.0
2026-02-03,100.0,95.3,36.5,,,,,,,100.0,99.8,100.0,100.0,99.6,100.0,100.0
2026-02-04,100.0,95.6,36.0,99.4,98.5,100.0,,,,100.0,99.9,100.0,100.0,99.5,100.0,100.0
2026-02-05,,,,,,,,,,,,,100.0,99.4,100.0,100.0
2026-02-06,,,,,,,,,,,,,100.0,99.3,100.0,100.0
2026-02-07,,,,98.4,98.2,100.0,,,,,,,100.0,99.5,100.0,100.0
2026-02-08,100.0,95.9,35.4,,,,,,,100.0,99.9,100.0,100.0,99.3,100.0,100.0
2026-02-09,100.0,95.8,36.2,98.3,98.1,100.0,100.0,100.0,100.0,100.0,99.8,100.0,100.0,99.6,100.0,100.0
2026-02-10,100.0,96.2,36.8,,,,,,,,,,100.0,99.2,100.0,100.0
2026-02-11,,,,,,,,,,,,,100.0,99.2,100.0,100.0
2026-02-12,,,,,,,,,,,,,100.0,98.9,100.0,100.0
2026-02-13,,,,,,,,,,,,,100.0,98.6,100.0,100.0
2026-02-14,100.0,97.4,36.5,,,,,,,100.0,99.8,100.0,100.0,98.3,100.0,100.0
2026-02-15,100.0,97.9,32.8,,,,,,,,,,100.0,98.4,100.0,100.0
2026-02-16,100.0,98.3,37.3,,,,,,,100.0,99.8,86.1,100.0,98.4,100.0,100.0
2026-02-17,,,,,,,,,,100.0,99.8,100.0,100.0,98.0,100.0,100.0
2026-02-18,,,,,,,,,,100.0,99.7,100.0,100.0,97.7,100.0,100.0
2026-02-19,,,,,,,,,,,,,100.0,98.1,100.0,100.0
2026-02-20,100.0,99.1,35.9,,,,,,,,,,100.0,98.2,100.0,100.0
2026-02-21,100.0,99.3,37.0,,,,,,,100.0,99.6,86.7,100.0,98.4,100.0,100.0
2026-02-22,100.0,99.5,37.3,97.7,96.8,100.0,,,,,,,100.0,98.9,100.0,100.0
2026-02-23,,,,,,,,,,,,,100.0,99.0,100.0,100.0
2026-02-24,,,,,,,,,,,,,100.0,99.1,100.0,100.0
2026-02-25,,,,,,,100.0,100.0,100.0,,,,100.0,99.4,100.0,100.0
2026-02-26,100.0,99.8,35.7,,,,,,,100.0,99.6,100.0,100.0,99.3,100.0,100.0
2026-02-27,100.0,99.8,36.3,98.0,97.8,100.0,,,,,,,100.0,99.5,100.0,100.0
2026-02-28,100.0,99.9,36.3,,,,,,,,,,100.0,99.4,100.0,100.0
2026-03-01,,,,95.9,95.7,100.0,,,,100.0,99.5,77.1,100.0,99.4,100.0,100.0
2026-03-02,,,,,,,,,,,,,100.0,99.3,100.0,100.0
2026-03-03,,,,,,,,,,,,,100.0,99.3,100.0,100.0
2026-03-04,100.0,100.0,36.3,96.4,96.3,100.0,,,,,,,100.0,99.4,100.0,100.0
2026-03-05,100.0,99.9,37.0,,,,,,,,,,100.0,99.2,100.0,100.0
2026-03-06,100.0,100.0,35.9,97.3,97.3,100.0,,,,,,,100.0,99.0,100.0,100.0
2026-03-07,,,,,,,,,,,,,100.0,98.8,100.0,100.0
2026-03-08,,,,,,,,,,100.0,99.6,100.0,100.0,98.7,100.0,100.0
2026-03-09,,,,,,,,,,,,,100.0,98.7,100.0,100.0
2026-03-10,100.0,100.0,35.7,,,,,,,100.0,99.7,68.6,100.0,98.6,100.0,100.0
2026-03-11,100.0,100.0,36.2,,,,,,,,,,100.0,98.7,100.0,100.0
2026-03-12,100.0,99.8,35.9,,,,,,,,,,100.0,98.3,100.0,100.0
2026-03-13,,,,98.1,97.7,100.0,100.0,100.0,100.0,,,,100.0,98.9,100.0,100.0
2026-03-14,,,,,,,,,,,,,100.0,98.3,100.0,100.0
2026-03-15,,,,,,,,,,,,,100.0,98.7,100.0,100.0
2026-03-16,100.0,100.0,35.6,,,,,,,,,,100.0,98.6,100.0,100.0
2026-03-17,100.0,100.0,36.2,,,,,,,100.0,99.8,100.0,100.0,98.8,100.0,100.0
2026-03-18,100.0,100.0,35.4,,,,,,,,,,100.0,98.6,100.0,100.0
2026-03-19,,,,98.0,97.8,100.0,,,,,,,100.0,99.0,100.0,100.0
2026-03-20,,,,,,,,,,100.0,99.7,100.0,100.0,98.9,100.0,100.0
2026-03-21,,,,,,,,,,100.0,99.7,100.0,100.0,98.8,100.0,100.0
2026-03-22,100.0,100.0,36.2,,,,,,,,,,100.0,98.4,100.0,100.0
2026-03-23,100.0,99.9,36.7,,,,,,,,,,100.0,98.3,100.0,100.0
2026-03-24,100.0,99.8,36.8,,,,,,,100.0,99.7,100.0,100.0,98.1,100.0,100.0
2026-03-25,,,,,,,,,,,,,100.0,98.0,100.0,100.0
2026-03-26,,,,,,,,,,,,,100.0,97.8,100.0,100.0
2026-03-27,,,,,,,,,,,,,100.0,97.6,100.0,100.0
2026-03-28,100.0,100.0,35.9,,,,,,,100.0,99.7,100.0,100.0,97.9,100.0,100.0
2026-03-29,100.0,100.0,35.7,,,,,,,100.0,99.7,100.0,100.0,97.6,100.0,100.0
2026-03-30,100.0,100.0,35.7,,,,,,,,,,100.0,97.6,100.0,100.0
2026-03-31,,,,,,,,,,,,,100.0,97.8,100.0,100.0
2026-04-01,,,,,,,,,,100.0,99.5,100.0,100.0,98.1,100.0,100.0
2026-04-02,,,,97.7,98.0,100.0,,,,100.0,99.5,100.0,100.0,98.3,100.0,100.0
2026-04-03,100.0,99.9,35.7,97.3,97.5,100.0,,,,,,,100.0,98.7,100.0,100.0
2026-04-04,100.0,99.7,36.5,,,,,,,,,,100.0,98.6,100.0,100.0
2026-04-05,100.0,99.2,36.3,96.6,96.9,100.0,,,,100.0,99.3,100.0,100.0,98.9,100.0,100.0
2026-04-06,,,,,,,100.0,100.0,100.0,100.0,99.0,100.0,100.0,99.0,100.0,100.0
2026-04-07,,,,,,,,,,100.0,99.3,100.0,100.0,99.0,100.0,100.0
2026-04-08,,,,97.7,97.3,100.0,,,,,,,100.0,99.1,100.0,100.0
2026-04-09,100.0,97.9,36.3,,,,,,,,,,100.0,99.0,100.0,100.0
2026-04-10,100.0,93.1,36.0,98.4,97.6,100.0,,,,,,,100.0,99.1,100.0,100.0
2026-04-11,100.0,89.9,35.7,,,,,,,,,,100.0,98.9,100.0,100.0
2026-04-12,,,,,,,,,,,,,100.0,98.7,100.0,100.0
2026-04-13,,,,,,,,,,,,,100.0,98.7,100.0,100.0
2026-04-14,,,,,,,,,,100.0,99.1,100.0,100.0,98.5,100.0,100.0
2026-04-15,96.2,69.1,36.5,98.8,98.0,100.0,,,,,,,100.0,98.5,100.0,100.0
2026-04-16,28.2,33.2,36.5,,,,,,,,,,100.0,98.1,100.0,100.0
2026-04-17,8.1,17.4,36.7,,,,,,,100.0,99.3,100.0,100.0,98.1,100.0,100.0
2026-04-18,3.0,14.0,36.3,98.9,97.6,100.0,,,,100.0,99.1,100.0,100.0,98.4,100.0,100.0
2026-04-19,,,,,,,,,,,,,100.0,98.2,100.0,100.0
2026-04-20,,,,98.8,97.0,100.0,,,,,,,100.0,98.3,100.0,100.0
2026-04-21,2.6,9.6,36.2,,,,,,,,,,100.0,98.0,100.0,100.0
2026-04-22,2.9,6.3,37.1,98.9,97.3,100.0,100.0,99.8,84.2,,,,100.0,98.6,100.0,100.0
2026-04-23,1.7,6.3,36.5,99.5,97.6,100.0,,,,,,,100.0,98.2,100.0,100.0
2026-04-24,,,,,,,,,,,,,100.0,98.2,100.0,100.0
2026-04-25,,,,99.8,98.4,100.0,,,,100.0,99.2,100.0,100.0,98.2,100.0,100.0
2026-04-26,,,,,,,,,,100.0,98.9,100.0,100.0,98.0,100.0,100.0
2026-04-27,0.4,3.5,35.9,,,,,,,100.0,98.7,100.0,100.0,97.9,100.0,100.0
2026-04-28,2.2,4.9,35.6,,,,,,,,,,100.0,98.0,100.0,100.0
2026-04-29,4.4,6.7,36.8,,,,,,,,,,100.0,97.9,100.0,100.0
2026-04-30,3.9,7.4,35.9,100.0,99.4,100.0,100.0,99.4,93.3,100.0,97.8,100.0,100.0,98.6,100.0,100.0
2026-05-01,,,,,,,,,,,,,100.0,98.0,100.0,100.0
2026-05-02,,,,100.0,98.5,69.3,,,,,,,100.0,98.3,100.0,100.0
2026-05-03,1.7,5.9,36.0,,,,,,,,,,100.0,97.8,100.0,100.0
2026-05-04,3.1,8.9,90.6,,,,,,,,,,100.0,97.8,100.0,100.0
2026-05-05,3.4,7.1,90.8,,,,,,,,,,100.0,97.0,100.0,100.0
2026-05-06,,,,,,,,,,,,,100.0,96.8,100.0,100.0
2026-05-07,,,,,,,,,,100.0,98.2,100.0,100.0,96.4,100.0,100.0
2026-05-08,,,,,,,,,,,,,100.0,96.1,100.0,100.0
2026-05-09,2.9,5.6,90.3,,,,,,,,,,100.0,94.9,100.0,100.0
2026-05-10,,,,,,,,,,,,,100.0,93.5,100.0,100.0
2026-05-11,1.6,4.5,91.3,,,,,,,,,,100.0,93.3,100.0,100.0
2026-05-12,1.4,3.7,89.4,100.0,99.7,38.1,,,,,,,100.0,93.3,100.0,100.0
2026-05-13,,,,100.0,99.2,100.0,,,,,,,100.0,92.9,100.0,100.0
2026-05-14,,,,,,,,,,100.0,97.8,100.0,100.0,90.3,100.0,100.0
2026-05-15,1.2,3.9,90.0,,,,,,,,,,100.0,90.8,100.0,100.0
2026-05-16,1.1,3.2,90.6,,,,,,,,,,100.0,90.3,100.0,100.0
2026-05-17,1.0,3.3,90.2,,,,,,,,,,100.0,89.5,100.0,100.0
2026-05-18,,,,,,,,,,100.0,97.2,37.8,100.0,89.6,100.0,100.0
2026-05-19,,,,,,,,,,100.0,94.7,100.0,100.0,90.3,100.0,100.0
2026-05-20,,,,,,,,,,,,,100.0,91.3,100.0,100.0
2026-05-21,0.5,2.1,89.9,,,,,,,,,,100.0,90.9,100.0,100.0
2026-05-22,0.2,1.9,90.2,100.0,94.6,100.0,,,,100.0,88.9,100.0,100.0,91.2,100.0,100.0
2026-05-23,0.8,2.3,90.8,100.0,92.5,100.0,,,,99.1,81.1,100.0,100.0,90.9,100.0,100.0
2026-05-24,0.5,2.8,88.8,,,,100.0,94.4,54.8,,,,100.0,89.0,100.0,100.0
2026-05-25,,,,95.4,82.3,100.0,,,,,,,100.0,88.5,100.0,100.0
2026-05-26,,,,,,,,,,78.0,61.1,100.0,100.0,85.4,100.0,100.0
2026-05-27,0.2,3.1,89.1,,,,,,,35.6,42.2,100.0,100.0,84.5,100.0,100.0
2026-05-28,2.7,6.2,94.1,83.1,66.2,99.8,,,,,,,99.5,79.2,100.0,99.5
2026-05-29,7.3,11.4,93.4,,,,,,,,,,98.4,75.9,100.0,98.4
2026-05-30,,,,1.7,28.7,100.0,,,,,,,93.0,72.4,100.0,93.0
2026-05-31,,,,,,,,,,,,,90.0,69.5,100.0,90.0
2026-06-01,,,,,,,,,,,,,,,,
2026-06-02,3.5,7.4,90.2,,,,,,,,,,,,,
2026-06-03,8.9,11.4,93.1,,,,,,,,,,,,,
2026-06-04,3.1,5.4,93.1,,,,,,,,,,,,,
2026-06-05,,,,,,,,,,,,,,,,
2026-06-06,,,,,,,,,,,,,,,,
2026-06-07,,,,0.0,1.9,85.2,,,,0.0,14.8,100.0,,,,
2026-06-08,0.5,2.6,89.7,,,,,,,0.0,11.2,100.0,,,,
2026-06-09,1.8,3.5,92.7,,,,,,,,,,,,,
2026-06-10,0.8,2.5,92.0,,,,,,,,,,,,,
2026-06-11,,,,0.0,0.2,35.9,,,,0.0,5.9,100.0,,,,
2026-06-12,,,,,,,,,,0.0,1.9,100.0,,,,
2026-06-13,,,,,,,,,,,,,,,,
2026-06-14,0.0,1.5,89.7,,,,,,,,,,,,,
2026-06-15,,,,,,,,,,0.0,0.6,100.0,,,,
2026-06-16,0.2,2.4,90.5,,,,,,,0.0,0.5,100.0,,,,
2026-06-17,0.0,1.3,90.5,,,,,,,0.0,0.4,100.0,,,,
2026-06-18,,,,,,,,,,,,,,,,
2026-06-19,,,,,,,,,,0.0,0.1,100.0,,,,
2026-06-20,,,,,,,,,,0.0,0.1,100.0,,,,
2026-06-21,0.0,1.1,90.3,0.0,0.1,73.6,,,,,,,,,,
2026-06-22,0.0,2.4,89.9,0.0,0.1,100.0,,,,,,,,,,
2026-06-23,,,,,,,,,,,,,,,,
2026-06-24,,,,0.0,0.1,100.0,,,,,,,,,,
2026-06-25,,,,,,,0.0,0.1,97.8,,,,,,,
2026-06-26,0.0,2.1,89.1,,,,,,,,,,,,,
2026-06-27,0.0,5.7,88.9,0.0,0.3,37.4,,,,0.0,0.1,100.0,,,,
2026-06-28,0.0,6.6,90.8,,,,,,,0.0,0.2,100.0,,,,
2026-06-29,,,,0.0,0.5,95.0,,,,0.0,1.3,100.0,,,,
2026-06-30,,,,,,,,,,,,,,,,
2026-07-01,,,,,,,,,,,,,,,,
2026-07-02,,,,,,,,,,,,,,,,
2026-07-03,,,,,,,,,,0.0,1.3,100.0,,,,
2026-07-04,,,,,,,,,,,,,,,,
2026-07-05,,,,,,,,,,0.0,3.6,100.0,,,,
2026-07-06,,,,,,,,,,,,,,,,
2026-07-07,,,,,,,,,,,,,,,,
2026-07-08,,,,,,,,,,,,,,,,
2026-07-09,,,,,,,,,,0.0,7.2,100.0,,,,
