date,s1_ice_cover,s1_ice_probability,s1_data_coverage,s2_ice_cover,s2_ice_probability,s2_data_coverage,landsat_ice_cover,landsat_ice_probability,landsat_data_coverage,ecostress_ice_cover,ecostress_ice_probability,ecostress_data_coverage,stage2_ice_cover,stage2_ice_probability,stage2_data_coverage,stage2_phenology_cover
2015-07-01,3.0,25.0,100.0,,,,,,,,,,0.0,14.3,100.0,0.0
2015-07-02,0.0,18.7,100.0,,,,,,,,,,0.0,10.8,100.0,0.0
2015-07-03,,,,,,,,,,,,,0.0,8.8,100.0,0.0
2015-07-04,,,,,,,,,,,,,0.0,8.6,100.0,0.0
2015-07-05,,,,,,,,,,,,,0.0,5.9,100.0,0.0
2015-07-06,19.7,33.9,100.0,,,,,,,,,,0.0,6.2,100.0,0.0
2015-07-07,,,,,,,,,,,,,0.0,5.7,100.0,0.0
2015-07-08,,,,,,,,,,,,,0.0,5.7,100.0,0.0
2015-07-09,,,,,,,,,,,,,0.0,4.7,100.0,0.0
2015-07-10,,,,,,,,,,,,,0.0,4.3,100.0,0.0
2015-07-11,,,,,,,,,,,,,0.0,3.5,100.0,0.0
2015-07-12,,,,,,,,,,,,,0.0,3.3,100.0,0.0
2015-07-13,0.0,17.4,100.0,,,,,,,,,,0.0,3.0,100.0,0.0
2015-07-14,0.0,9.2,100.0,,,,,,,,,,0.0,3.0,100.0,0.0
2015-07-15,,,,,,,,,,,,,0.0,2.6,100.0,0.0
2015-07-16,,,,,,,,,,,,,0.0,2.1,100.0,0.0
2015-07-17,,,,,,,,,,,,,0.0,2.0,100.0,0.0
2015-07-18,0.0,7.1,100.0,,,,,,,,,,0.0,2.3,100.0,0.0
2015-07-19,,,,,,,,,,,,,0.0,2.5,100.0,0.0
2015-07-20,,,,,,,,,,,,,0.0,2.6,100.0,0.0
2015-07-21,,,,,,,,,,,,,0.0,2.5,100.0,0.0
2015-07-22,,,,,,,,,,,,,0.0,2.8,100.0,0.0
2015-07-23,,,,,,,,,,,,,0.0,3.4,100.0,0.0
2015-07-24,,,,,,,,,,,,,0.0,2.7,100.0,0.0
2015-07-25,0.0,6.8,100.0,,,,,,,,,,0.0,2.8,100.0,0.0
2015-07-26,0.0,4.8,100.0,,,,,,,,,,0.0,3.0,100.0,0.0
2015-07-27,,,,,,,,,,,,,0.0,3.6,100.0,0.0
2015-07-28,,,,,,,,,,,,,0.0,3.0,100.0,0.0
2015-07-29,,,,,,,,,,,,,0.0,2.4,100.0,0.0
2015-07-30,0.0,3.4,100.0,0.0,0.3,100.0,,,,,,,0.0,2.2,100.0,0.0
2015-07-31,,,,,,,,,,,,,0.0,1.9,100.0,0.0
2015-08-01,,,,,,,,,,,,,0.0,1.6,100.0,0.0
2015-08-02,,,,,,,,,,,,,0.0,1.2,100.0,0.0
2015-08-03,,,,,,,,,,,,,0.0,1.2,100.0,0.0
2015-08-04,,,,,,,,,,,,,0.0,1.3,100.0,0.0
2015-08-05,,,,,,,,,,,,,0.0,1.1,100.0,0.0
2015-08-06,0.0,1.5,100.0,,,,,,,,,,0.0,0.9,100.0,0.0
2015-08-07,0.0,1.8,100.0,,,,,,,,,,0.0,1.0,100.0,0.0
2015-08-08,,,,,,,,,,,,,0.0,1.2,100.0,0.0
2015-08-09,,,,,,,,,,,,,0.0,1.4,100.0,0.0
2015-08-10,,,,,,,,,,,,,0.0,1.6,100.0,0.0
2015-08-11,0.0,1.3,100.0,,,,,,,,,,0.0,1.5,100.0,0.0
2015-08-12,,,,,,,,,,,,,0.0,2.0,100.0,0.0
2015-08-13,,,,,,,,,,,,,0.0,2.2,100.0,0.0
2015-08-14,,,,,,,,,,,,,0.0,2.4,100.0,0.0
2015-08-15,,,,,,,,,,,,,0.0,2.0,100.0,0.0
2015-08-16,,,,,,,,,,,,,0.0,1.5,100.0,0.0
2015-08-17,,,,,,,,,,,,,0.0,1.6,100.0,0.0
2015-08-18,0.0,2.1,100.0,,,,,,,,,,0.0,1.9,100.0,0.0
2015-08-19,0.0,1.8,100.0,,,,,,,,,,0.0,1.9,100.0,0.0
2015-08-20,,,,,,,,,,,,,0.0,2.0,100.0,0.0
2015-08-21,,,,,,,,,,,,,0.0,1.6,100.0,0.0
2015-08-22,,,,,,,,,,,,,0.0,1.6,100.0,0.0
2015-08-23,4.5,5.8,100.0,,,,,,,,,,0.0,1.0,100.0,0.0
2015-08-24,,,,,,,,,,,,,0.0,0.7,100.0,0.0
2015-08-25,,,,,,,,,,,,,0.0,0.5,100.0,0.0
2015-08-26,,,,,,,,,,,,,0.0,0.6,100.0,0.0
2015-08-27,,,,,,,,,,,,,0.0,0.4,100.0,0.0
2015-08-28,,,,,,,,,,,,,0.0,0.4,100.0,0.0
2015-08-29,,,,0.0,0.0,100.0,,,,,,,0.0,0.4,100.0,0.0
2015-08-30,12.1,8.4,100.0,,,,0.0,0.0,100.0,,,,0.0,0.4,100.0,0.0
2015-08-31,0.0,2.1,83.3,,,,,,,,,,0.0,0.3,100.0,0.0
2015-09-01,,,,,,,,,,,,,0.0,0.3,100.0,0.0
2015-09-02,,,,,,,,,,,,,0.0,0.4,100.0,0.0
2015-09-03,,,,,,,,,,,,,0.0,0.6,100.0,0.0
2015-09-04,0.0,1.8,83.3,,,,,,,,,,0.0,0.6,100.0,0.0
2015-09-05,,,,,,,,,,,,,0.0,0.9,100.0,0.0
2015-09-06,,,,,,,,,,,,,0.0,1.1,100.0,0.0
2015-09-07,,,,,,,,,,,,,0.0,1.6,100.0,0.0
2015-09-08,,,,0.0,0.0,100.0,,,,,,,0.0,1.4,100.0,0.0
2015-09-09,,,,,,,,,,,,,0.0,1.5,100.0,0.0
2015-09-10,,,,,,,,,,,,,0.0,1.6,100.0,0.0
2015-09-11,0.0,4.0,83.3,,,,,,,,,,0.0,1.8,100.0,0.0
2015-09-12,0.0,7.3,83.3,,,,,,,,,,0.0,1.7,100.0,0.0
2015-09-13,,,,,,,,,,,,,0.0,1.7,100.0,0.0
2015-09-14,,,,,,,,,,,,,0.0,1.8,100.0,0.0
2015-09-15,,,,,,,,,,,,,0.0,2.9,100.0,0.0
2015-09-16,0.0,7.0,83.3,,,,,,,,,,0.0,3.0,100.0,0.0
2015-09-17,,,,,,,,,,,,,0.0,2.7,100.0,0.0
2015-09-18,,,,0.0,0.0,100.0,,,,,,,0.0,2.6,100.0,0.0
2015-09-19,,,,,,,,,,,,,0.0,2.8,100.0,0.0
2015-09-20,,,,,,,,,,,,,0.0,3.1,100.0,0.0
2015-09-21,,,,,,,,,,,,,0.0,2.8,100.0,0.0
2015-09-22,,,,,,,,,,,,,0.0,3.2,100.0,0.0
2015-09-23,0.0,8.5,83.3,,,,,,,,,,0.0,4.0,100.0,0.0
2015-09-24,0.0,7.7,83.3,,,,,,,,,,0.0,3.9,100.0,0.0
2015-09-25,,,,,,,,,,,,,0.0,3.2,100.0,0.0
2015-09-26,,,,,,,,,,,,,0.0,4.5,100.0,0.0
2015-09-27,,,,,,,,,,,,,0.0,5.0,100.0,0.0
2015-09-28,0.0,10.0,83.3,,,,,,,,,,0.0,5.8,100.0,0.0
2015-09-29,,,,,,,,,,,,,0.0,5.7,100.0,0.0
2015-09-30,,,,,,,,,,,,,0.0,6.5,100.0,0.0
2015-10-01,,,,,,,,,,,,,0.0,6.2,100.0,0.0
2015-10-02,,,,,,,,,,,,,0.0,6.0,100.0,0.0
2015-10-03,,,,,,,,,,,,,0.0,5.1,100.0,0.0
2015-10-04,,,,,,,,,,,,,0.0,6.3,100.0,0.0
2015-10-05,0.0,7.9,83.3,,,,,,,,,,0.0,4.6,100.0,0.0
2015-10-06,0.0,6.4,83.3,,,,,,,,,,0.0,4.5,100.0,0.0
2015-10-07,,,,,,,,,,,,,0.0,4.1,100.0,0.0
2015-10-08,,,,,,,,,,,,,0.0,4.3,100.0,0.0
2015-10-09,,,,,,,,,,,,,0.0,3.6,100.0,0.0
2015-10-10,0.0,7.2,83.3,,,,,,,,,,0.0,3.6,100.0,0.0
2015-10-11,,,,,,,,,,,,,0.0,3.8,100.0,0.0
2015-10-12,,,,,,,,,,,,,0.0,4.1,100.0,0.0
2015-10-13,,,,,,,,,,,,,0.0,4.4,100.0,0.0
2015-10-14,,,,,,,,,,,,,0.0,4.7,100.0,0.0
2015-10-15,,,,,,,,,,,,,0.0,6.2,100.0,0.0
2015-10-16,,,,,,,,,,,,,0.0,5.9,100.0,0.0
2015-10-17,0.0,4.8,83.3,,,,,,,,,,0.0,7.2,100.0,0.0
2015-10-18,0.0,8.9,83.3,,,,,,,,,,0.0,6.3,100.0,0.0
2015-10-19,,,,,,,,,,,,,0.0,7.3,100.0,0.0
2015-10-20,,,,,,,,,,,,,0.0,5.8,100.0,0.0
2015-10-21,,,,,,,,,,,,,0.0,7.2,100.0,0.0
2015-10-22,,,,,,,,,,,,,0.0,6.2,100.0,0.0
2015-10-23,,,,,,,,,,,,,0.0,7.3,100.0,0.0
2015-10-24,,,,,,,,,,,,,0.0,6.2,100.0,0.0
2015-10-25,,,,,,,,,,,,,0.0,8.1,100.0,0.0
2015-10-26,,,,,,,,,,,,,0.0,6.9,100.0,0.0
2015-10-27,,,,,,,,,,,,,0.0,8.5,100.0,0.0
2015-10-28,,,,,,,,,,,,,0.0,8.2,100.0,0.0
2015-10-29,3.6,14.5,83.3,,,,,,,,,,0.0,10.4,100.0,0.0
2015-10-30,0.0,10.0,83.3,,,,,,,,,,0.0,9.3,100.0,0.0
2015-10-31,,,,,,,,,,,,,0.0,10.7,100.0,0.0
2015-11-01,,,,,,,,,,,,,0.0,11.3,100.0,0.0
2015-11-02,,,,,,,,,,,,,0.0,14.2,100.0,0.0
2015-11-03,0.0,9.1,83.3,,,,,,,,,,0.0,10.2,100.0,0.0
2015-11-04,,,,,,,,,,,,,0.0,9.6,100.0,0.0
2015-11-05,,,,,,,,,,,,,0.0,9.4,100.0,0.0
2015-11-06,,,,,,,,,,,,,0.0,9.5,100.0,0.0
2015-11-07,,,,,,,,,,,,,0.0,8.8,100.0,0.0
2015-11-08,,,,,,,,,,,,,0.0,9.6,100.0,0.0
2015-11-09,,,,,,,,,,,,,0.0,9.6,100.0,0.0
2015-11-10,0.0,11.8,83.3,,,,,,,,,,0.0,9.6,100.0,0.0
2015-11-11,5.5,18.4,83.3,,,,,,,,,,0.0,7.6,100.0,0.0
2015-11-12,,,,,,,,,,,,,0.0,7.5,100.0,0.0
2015-11-13,,,,,,,,,,,,,0.0,8.0,100.0,0.0
2015-11-14,,,,,,,,,,,,,0.0,9.6,100.0,0.0
2015-11-15,3.6,15.8,83.3,,,,,,,,,,0.0,9.8,100.0,0.0
2015-11-16,,,,,,,,,,,,,0.0,10.7,100.0,0.0
2015-11-17,,,,0.0,0.0,100.0,,,,,,,0.0,10.8,100.0,0.0
2015-11-18,,,,,,,,,,,,,0.0,10.5,100.0,0.0
2015-11-19,,,,,,,,,,,,,0.0,9.7,100.0,0.0
2015-11-20,,,,,,,,,,,,,0.0,9.4,100.0,0.0
2015-11-21,,,,,,,,,,,,,0.0,10.6,100.0,0.0
2015-11-22,1.8,16.3,83.3,,,,,,,,,,0.0,11.8,100.0,0.0
2015-11-23,0.0,13.8,83.3,,,,,,,,,,0.0,13.9,100.0,0.0
2015-11-24,,,,,,,,,,,,,0.0,14.0,100.0,0.0
2015-11-25,,,,,,,,,,,,,0.0,17.2,100.0,0.0
2015-11-26,,,,,,,,,,,,,0.0,18.3,100.0,0.0
2015-11-27,1.8,21.8,83.3,0.0,0.6,100.0,,,,,,,0.0,24.1,100.0,0.0
2015-11-28,,,,,,,,,,,,,0.0,23.4,100.0,0.0
2015-11-29,,,,,,,,,,,,,0.0,29.1,100.0,0.0
2015-11-30,,,,,,,,,,,,,0.0,32.5,100.0,0.0
2015-12-01,,,,,,,,,,,,,0.0,42.4,100.0,0.0
2015-12-02,,,,,,,,,,,,,0.0,44.1,100.0,0.0
2015-12-03,,,,,,,,,,,,,0.0,51.5,100.0,0.0
2015-12-04,16.4,32.0,83.3,,,,,,,,,,50.0,55.8,100.0,50.0
2015-12-05,40.0,36.3,83.3,,,,,,,,,,72.7,61.2,100.0,72.7
2015-12-06,,,,,,,,,,,,,72.7,61.6,100.0,72.7
2015-12-07,,,,,,,,,,,,,81.8,63.1,100.0,81.8
2015-12-08,,,,,,,,,,,,,81.8,64.9,100.0,81.8
2015-12-09,43.6,37.7,83.3,,,,,,,,,,81.8,65.5,100.0,81.8
2015-12-10,,,,,,,,,,,,,81.8,64.1,100.0,81.8
2015-12-11,,,,,,,,,,,,,81.8,63.8,100.0,81.8
2015-12-12,,,,,,,,,,,,,81.8,64.6,100.0,81.8
2015-12-13,,,,,,,,,,,,,83.3,65.4,100.0,83.3
2015-12-14,,,,,,,,,,,,,83.3,64.8,100.0,83.3
2015-12-15,,,,,,,,,,,,,89.4,66.3,100.0,89.4
2015-12-16,67.3,48.0,83.3,,,,,,,,,,90.9,67.4,100.0,90.9
2015-12-17,70.9,52.9,83.3,19.7,22.1,100.0,,,,,,,93.9,68.5,100.0,93.9
2015-12-18,,,,,,,,,,,,,81.8,65.0,100.0,81.8
2015-12-19,,,,,,,,,,,,,78.8,63.0,100.0,78.8
2015-12-20,,,,,,,,,,,,,74.2,62.1,100.0,74.2
2015-12-21,100.0,70.0,83.3,,,,,,,,,,75.8,63.2,100.0,75.8
2015-12-22,,,,,,,,,,,,,62.1,60.8,100.0,62.1
2015-12-23,,,,,,,,,,,,,59.1,60.8,100.0,59.1
2015-12-24,,,,,,,,,,,,,71.2,63.6,100.0,71.2
2015-12-25,,,,,,,,,,,,,66.7,62.5,100.0,66.7
2015-12-26,,,,,,,,,,,,,80.3,66.4,100.0,80.3
2015-12-27,,,,48.5,40.3,100.0,,,,,,,72.7,65.8,100.0,72.7
2015-12-28,100.0,75.9,83.3,,,,,,,,,,83.3,69.2,100.0,83.3
2015-12-29,100.0,82.9,83.3,,,,,,,,,,78.8,68.7,100.0,78.8
2015-12-30,,,,,,,,,,,,,83.3,71.9,100.0,83.3
2015-12-31,,,,,,,,,,,,,83.3,71.6,100.0,83.3
2016-01-01,,,,,,,,,,,,,99.8,74.1,100.0,99.8
2016-01-02,,,,,,,,,,,,,99.8,75.9,100.0,99.8
2016-01-03,,,,,,,,,,,,,100.0,79.0,100.0,100.0
2016-01-04,,,,,,,,,,,,,99.8,79.4,100.0,99.8
2016-01-05,,,,,,,,,,,,,100.0,84.7,100.0,100.0
2016-01-06,,,,100.0,94.8,100.0,,,,,,,100.0,87.6,100.0,100.0
2016-01-07,,,,,,,,,,,,,100.0,90.1,100.0,100.0
2016-01-08,,,,,,,,,,,,,100.0,90.6,100.0,100.0
2016-01-09,99.8,88.5,99.6,,,,,,,,,,100.0,91.9,100.0,100.0
2016-01-10,99.5,89.4,99.8,,,,,,,,,,100.0,92.7,100.0,100.0
2016-01-11,,,,,,,,,,,,,100.0,91.9,100.0,100.0
2016-01-12,,,,,,,,,,,,,100.0,93.1,100.0,100.0
2016-01-13,,,,,,,,,,,,,100.0,92.6,100.0,100.0
2016-01-14,100.0,96.2,97.3,,,,,,,,,,100.0,94.3,100.0,100.0
2016-01-15,,,,,,,,,,,,,100.0,94.8,100.0,100.0
2016-01-16,,,,100.0,99.2,100.0,,,,,,,100.0,96.4,100.0,100.0
2016-01-17,,,,,,,,,,,,,100.0,96.6,100.0,100.0
2016-01-18,,,,,,,,,,,,,100.0,97.7,100.0,100.0
2016-01-19,,,,,,,,,,,,,100.0,98.0,100.0,100.0
2016-01-20,,,,,,,,,,,,,100.0,98.3,100.0,100.0
2016-01-21,100.0,97.4,98.0,,,,100.0,99.9,100.0,,,,100.0,99.1,100.0,100.0
2016-01-22,99.6,97.7,98.8,,,,,,,,,,100.0,99.2,100.0,100.0
2016-01-23,,,,,,,,,,,,,100.0,99.2,100.0,100.0
2016-01-24,,,,,,,,,,,,,100.0,99.2,100.0,100.0
2016-01-25,,,,,,,,,,,,,100.0,99.3,100.0,100.0
2016-01-26,99.4,98.3,97.3,100.0,99.2,100.0,,,,,,,100.0,99.4,100.0,100.0
2016-01-27,,,,,,,,,,,,,100.0,99.1,100.0,100.0
2016-01-28,,,,,,,,,,,,,100.0,99.2,100.0,100.0
2016-01-29,,,,,,,,,,,,,100.0,99.1,100.0,100.0
2016-01-30,,,,,,,,,,,,,100.0,99.1,100.0,100.0
2016-01-31,,,,,,,,,,,,,100.0,98.9,100.0,100.0
2016-02-01,,,,,,,,,,,,,100.0,99.1,100.0,100.0
2016-02-02,100.0,99.3,96.8,,,,,,,,,,100.0,99.0,100.0,100.0
2016-02-03,100.0,99.4,96.4,,,,,,,,,,100.0,99.1,100.0,100.0
2016-02-04,,,,,,,,,,,,,100.0,98.7,100.0,100.0
2016-02-05,,,,100.0,99.7,100.0,,,,,,,100.0,99.1,100.0,100.0
2016-02-06,,,,,,,,,,,,,100.0,98.2,100.0,100.0
2016-02-07,100.0,99.6,93.6,,,,,,,,,,100.0,98.5,100.0,100.0
2016-02-08,,,,,,,,,,,,,100.0,98.3,100.0,100.0
2016-02-09,,,,,,,,,,,,,100.0,98.4,100.0,100.0
2016-02-10,,,,,,,,,,,,,100.0,98.2,100.0,100.0
2016-02-11,,,,,,,,,,,,,100.0,98.5,100.0,100.0
2016-02-12,,,,,,,,,,,,,100.0,98.3,100.0,100.0
2016-02-13,,,,,,,,,,,,,100.0,98.5,100.0,100.0
2016-02-14,100.0,99.7,93.6,,,,,,,,,,100.0,98.7,100.0,100.0
2016-02-15,100.0,99.8,89.8,100.0,99.9,100.0,,,,,,,100.0,98.8,100.0,100.0
2016-02-16,,,,,,,,,,,,,100.0,98.4,100.0,100.0
2016-02-17,,,,,,,,,,,,,100.0,98.1,100.0,100.0
2016-02-18,,,,,,,,,,,,,100.0,98.4,100.0,100.0
2016-02-19,100.0,99.9,92.3,,,,,,,,,,100.0,98.6,100.0,100.0
2016-02-20,,,,,,,,,,,,,100.0,98.5,100.0,100.0
2016-02-21,,,,,,,,,,,,,100.0,98.3,100.0,100.0
2016-02-22,,,,,,,100.0,99.9,100.0,,,,100.0,98.9,100.0,100.0
2016-02-23,,,,,,,,,,,,,100.0,98.3,100.0,100.0
2016-02-24,,,,,,,,,,,,,100.0,98.2,100.0,100.0
2016-02-25,,,,,,,,,,,,,100.0,97.9,100.0,100.0
2016-02-26,100.0,99.8,91.8,,,,,,,,,,100.0,98.1,100.0,100.0
2016-02-27,100.0,99.9,90.7,,,,,,,,,,100.0,98.0,100.0,100.0
2016-02-28,,,,,,,,,,,,,100.0,97.5,100.0,100.0
2016-02-29,,,,,,,,,,,,,100.0,97.8,100.0,100.0
2016-03-01,,,,,,,,,,,,,100.0,97.9,100.0,100.0
2016-03-02,100.0,99.9,90.9,,,,,,,,,,100.0,98.1,100.0,100.0
2016-03-03,,,,,,,,,,,,,100.0,97.7,100.0,100.0
2016-03-04,,,,,,,,,,,,,100.0,97.7,100.0,100.0
2016-03-05,,,,,,,,,,,,,100.0,98.0,100.0,100.0
2016-03-06,,,,100.0,99.9,100.0,,,,,,,100.0,98.6,100.0,100.0
2016-03-07,,,,,,,,,,,,,100.0,98.5,100.0,100.0
2016-03-08,,,,,,,,,,,,,100.0,98.6,100.0,100.0
2016-03-09,100.0,99.9,92.9,,,,100.0,99.9,100.0,,,,100.0,99.2,100.0,100.0
2016-03-10,100.0,99.8,91.4,,,,,,,,,,100.0,99.2,100.0,100.0
2016-03-11,,,,,,,,,,,,,100.0,99.0,100.0,100.0
2016-03-12,,,,,,,,,,,,,100.0,98.8,100.0,100.0
2016-03-13,,,,,,,,,,,,,100.0,98.9,100.0,100.0
2016-03-14,100.0,99.6,93.9,,,,,,,,,,100.0,98.6,100.0,100.0
2016-03-15,,,,,,,,,,,,,100.0,98.2,100.0,100.0
2016-03-16,,,,,,,,,,,,,100.0,98.1,100.0,100.0
2016-03-17,,,,,,,,,,,,,100.0,98.0,100.0,100.0
2016-03-18,,,,,,,,,,,,,100.0,97.8,100.0,100.0
2016-03-19,,,,,,,,,,,,,100.0,97.7,100.0,100.0
2016-03-20,,,,,,,,,,,,,100.0,98.1,100.0,100.0
2016-03-21,100.0,99.0,92.0,,,,,,,,,,100.0,98.5,100.0,100.0
2016-03-22,100.0,97.5,95.7,,,,,,,,,,100.0,98.9,100.0,100.0
2016-03-23,,,,,,,,,,,,,100.0,98.5,100.0,100.0
2016-03-24,,,,,,,,,,,,,100.0,98.6,100.0,100.0
2016-03-25,,,,,,,100.0,99.9,90.9,,,,100.0,98.9,100.0,100.0
2016-03-26,100.0,91.5,93.6,100.0,99.8,100.0,,,,,,,100.0,99.0,100.0,100.0
2016-03-27,,,,,,,,,,,,,100.0,98.3,100.0,100.0
2016-03-28,,,,,,,,,,,,,100.0,98.3,100.0,100.0
2016-03-29,,,,,,,,,,,,,100.0,97.9,100.0,100.0
2016-03-30,,,,,,,,,,,,,100.0,97.7,100.0,100.0
2016-03-31,,,,,,,,,,,,,100.0,97.0,100.0,100.0
2016-04-01,,,,,,,,,,,,,100.0,97.1,100.0,100.0
2016-04-02,99.4,82.8,97.1,,,,,,,,,,100.0,96.8,100.0,100.0
2016-04-03,98.7,76.9,97.5,,,,,,,,,,100.0,95.7,100.0,100.0
2016-04-04,,,,,,,,,,,,,100.0,93.7,100.0,100.0
2016-04-05,,,,,,,,,,,,,100.0,93.0,100.0,100.0
2016-04-06,,,,,,,,,,,,,100.0,91.8,100.0,100.0
2016-04-07,95.6,68.7,96.8,,,,,,,,,,100.0,92.3,100.0,100.0
2016-04-08,,,,,,,,,,,,,100.0,91.1,100.0,100.0
2016-04-09,,,,,,,,,,,,,100.0,91.1,100.0,100.0
2016-04-10,,,,,,,100.0,99.7,100.0,,,,100.0,93.2,100.0,100.0
2016-04-11,,,,,,,,,,,,,100.0,93.6,100.0,100.0
2016-04-12,,,,,,,,,,,,,100.0,94.3,100.0,100.0
2016-04-13,,,,,,,,,,,,,100.0,94.6,100.0,100.0
2016-04-14,83.5,62.5,97.5,,,,,,,,,,100.0,95.2,100.0,100.0
2016-04-15,51.6,45.4,97.3,,,,,,,,,,100.0,95.7,100.0,100.0
2016-04-16,,,,,,,,,,,,,100.0,95.9,100.0,100.0
2016-04-17,,,,,,,,,,,,,100.0,96.6,100.0,100.0
2016-04-18,,,,,,,,,,,,,100.0,96.3,100.0,100.0
2016-04-19,31.7,33.3,97.5,,,,,,,,,,100.0,97.6,100.0,100.0
2016-04-20,,,,,,,,,,,,,100.0,98.0,100.0,100.0
2016-04-21,,,,,,,,,,,,,100.0,98.5,100.0,100.0
2016-04-22,,,,,,,,,,,,,100.0,98.5,100.0,100.0
2016-04-23,,,,,,,,,,,,,100.0,98.7,100.0,100.0
2016-04-24,,,,,,,,,,,,,100.0,98.8,100.0,100.0
2016-04-25,,,,100.0,99.9,100.0,,,,,,,100.0,99.1,100.0,100.0
2016-04-26,30.6,34.2,97.5,,,,,,,,,,100.0,98.7,100.0,100.0
2016-04-27,40.0,37.5,97.3,,,,,,,,,,100.0,98.7,100.0,100.0
2016-04-28,,,,,,,,,,,,,100.0,98.6,100.0,100.0
2016-04-29,,,,,,,,,,,,,100.0,98.5,100.0,100.0
2016-04-30,,,,,,,,,,,,,100.0,98.3,100.0,100.0
2016-05-01,38.2,37.6,97.3,,,,,,,,,,100.0,98.0,100.0,100.0
2016-05-02,,,,,,,,,,,,,100.0,98.0,100.0,100.0
2016-05-03,,,,,,,,,,,,,100.0,97.0,100.0,100.0
2016-05-04,,,,,,,,,,,,,100.0,96.3,100.0,100.0
2016-05-05,,,,,,,,,,,,,100.0,95.8,100.0,100.0
2016-05-06,,,,,,,,,,,,,100.0,95.9,100.0,100.0
2016-05-07,,,,,,,,,,,,,100.0,95.6,100.0,100.0
2016-05-08,36.1,36.4,97.3,,,,,,,,,,100.0,95.6,100.0,100.0
2016-05-09,43.4,39.8,96.6,,,,,,,,,,100.0,96.2,100.0,100.0
2016-05-10,,,,,,,,,,,,,100.0,96.7,100.0,100.0
2016-05-11,,,,,,,,,,,,,100.0,96.9,100.0,100.0
2016-05-12,,,,,,,,,,,,,100.0,96.9,100.0,100.0
2016-05-13,43.0,39.5,97.1,,,,,,,,,,100.0,97.4,100.0,100.0
2016-05-14,,,,,,,,,,,,,100.0,97.3,100.0,100.0
2016-05-15,,,,100.0,98.2,100.0,,,,,,,100.0,97.8,100.0,100.0
2016-05-16,,,,,,,,,,,,,100.0,97.3,100.0,100.0
2016-05-17,,,,,,,,,,,,,100.0,97.3,100.0,100.0
2016-05-18,,,,,,,,,,,,,100.0,97.1,100.0,100.0
2016-05-19,,,,,,,,,,,,,100.0,97.0,100.0,100.0
2016-05-20,84.2,56.4,97.3,,,,,,,,,,100.0,96.7,100.0,100.0
2016-05-21,87.7,58.5,97.1,,,,,,,,,,100.0,95.6,100.0,100.0
2016-05-22,,,,,,,,,,,,,100.0,94.8,100.0,100.0
2016-05-23,,,,,,,,,,,,,100.0,92.9,100.0,100.0
2016-05-24,,,,,,,,,,,,,100.0,90.6,100.0,100.0
2016-05-25,35.9,38.4,97.5,,,,,,,,,,100.0,86.8,100.0,100.0
2016-05-26,,,,,,,,,,,,,100.0,84.8,100.0,100.0
2016-05-27,,,,,,,,,,,,,99.5,80.6,100.0,99.5
2016-05-28,,,,,,,,,,,,,98.6,77.6,100.0,98.6
2016-05-29,,,,,,,,,,,,,85.2,68.7,100.0,85.2
2016-05-30,,,,,,,,,,,,,83.6,68.6,100.0,83.6
2016-05-31,,,,,,,,,,,,,47.7,59.0,100.0,47.7
2016-06-01,8.2,22.7,97.5,,,,,,,,,,27.7,53.1,100.0,27.7
2016-06-02,8.1,23.3,97.3,,,,,,,,,,12.5,46.0,100.0,12.5
2016-06-03,,,,,,,,,,,,,8.4,44.5,100.0,8.4
2016-06-04,,,,,,,,,,,,,5.5,40.6,100.0,5.5
2016-06-05,,,,,,,,,,,,,2.5,35.4,100.0,2.5
2016-06-06,3.7,19.5,97.3,,,,,,,,,,3.2,33.1,100.0,3.2
2016-06-07,,,,,,,,,,,,,3.8,34.5,100.0,3.8
2016-06-08,,,,,,,,,,,,,8.9,35.2,100.0,8.9
2016-06-09,,,,,,,,,,,,,10.5,36.1,100.0,10.5
2016-06-10,,,,,,,,,,,,,11.2,33.6,100.0,11.2
2016-06-11,,,,,,,,,,,,,12.1,33.9,100.0,12.1
2016-06-12,,,,,,,,,,,,,12.5,31.9,100.0,12.5
2016-06-13,0.0,16.4,97.1,,,,,,,,,,10.5,29.6,100.0,10.5
2016-06-14,0.0,11.0,96.8,11.6,20.9,68.8,,,,,,,11.1,28.0,100.0,11.1
2016-06-15,,,,,,,,,,,,,7.3,24.8,100.0,7.3
2016-06-16,,,,,,,,,,,,,5.0,21.9,100.0,5.0
2016-06-17,,,,,,,,,,,,,3.9,19.7,100.0,3.9
2016-06-18,,,,,,,,,,,,,2.9,18.2,100.0,2.9
2016-06-19,,,,,,,,,,,,,0.7,15.0,100.0,0.7
2016-06-20,,,,,,,,,,,,,0.4,12.9,100.0,0.4
2016-06-21,,,,,,,,,,,,,0.0,11.7,100.0,0.0
2016-06-22,,,,,,,,,,,,,0.0,9.9,100.0,0.0
2016-06-23,,,,,,,,,,,,,0.0,7.5,100.0,0.0
2016-06-24,,,,0.1,0.9,100.0,,,,,,,0.0,6.3,100.0,0.0
2016-06-25,,,,,,,,,,,,,0.0,6.5,100.0,0.0
2016-06-26,,,,,,,,,,,,,0.0,6.3,100.0,0.0
2016-06-27,,,,,,,,,,,,,0.0,5.4,100.0,0.0
2016-06-28,,,,,,,,,,,,,0.0,4.7,100.0,0.0
2016-06-29,,,,,,,,,,,,,0.0,5.1,100.0,0.0
2016-06-30,0.0,7.9,71.2,,,,,,,,,,0.0,4.2,100.0,0.0
2016-07-01,,,,,,,,,,,,,0.0,3.0,100.0,0.0
2016-07-02,,,,,,,,,,,,,0.0,3.4,100.0,0.0
2016-07-03,,,,,,,,,,,,,0.0,3.9,100.0,0.0
2016-07-04,,,,,,,,,,,,,0.0,3.7,100.0,0.0
2016-07-05,,,,,,,,,,,,,0.0,3.4,100.0,0.0
2016-07-06,,,,,,,,,,,,,0.0,3.0,100.0,0.0
2016-07-07,0.0,9.0,97.1,,,,,,,,,,0.0,3.4,100.0,0.0
2016-07-08,0.0,6.8,96.8,,,,,,,,,,0.0,2.5,100.0,0.0
2016-07-09,,,,,,,,,,,,,0.0,1.9,100.0,0.0
2016-07-10,,,,,,,,,,,,,0.0,1.5,100.0,0.0
2016-07-11,,,,,,,,,,,,,0.0,1.7,100.0,0.0
2016-07-12,,,,,,,,,,,,,0.0,1.8,100.0,0.0
2016-07-13,,,,,,,,,,,,,0.0,1.8,100.0,0.0
2016-07-14,,,,0.0,0.0,85.2,,,,,,,0.0,1.6,100.0,0.0
2016-07-15,,,,,,,0.0,0.0,44.5,,,,0.0,1.7,100.0,0.0
2016-07-16,,,,,,,,,,,,,0.0,1.4,100.0,0.0
2016-07-17,,,,,,,,,,,,,0.0,1.2,100.0,0.0
2016-07-18,,,,,,,,,,,,,0.0,0.8,100.0,0.0
2016-07-19,0.0,4.3,97.3,,,,,,,,,,0.0,0.8,100.0,0.0
2016-07-20,0.0,3.0,97.1,,,,,,,,,,0.0,0.8,100.0,0.0
2016-07-21,,,,,,,,,,,,,0.0,1.0,100.0,0.0
2016-07-22,,,,,,,,,,,,,0.0,1.0,100.0,0.0
2016-07-23,,,,,,,,,,,,,0.0,1.2,100.0,0.0
2016-07-24,0.0,2.2,42.7,0.0,0.0,100.0,,,,,,,0.0,1.0,100.0,0.0
2016-07-25,,,,,,,,,,,,,0.0,1.2,100.0,0.0
2016-07-26,,,,,,,,,,,,,0.0,1.1,100.0,0.0
2016-07-27,,,,,,,,,,,,,0.0,1.4,100.0,0.0
2016-07-28,,,,,,,,,,,,,0.0,1.4,100.0,0.0
2016-07-29,,,,,,,,,,,,,0.0,1.5,100.0,0.0
2016-07-30,,,,,,,,,,,,,0.0,1.2,100.0,0.0
2016-07-31,0.0,2.4,97.1,,,,,,,,,,0.0,1.6,100.0,0.0
2016-08-01,0.0,1.5,96.2,,,,,,,,,,0.0,1.7,100.0,0.0
2016-08-02,,,,,,,,,,,,,0.0,1.1,100.0,0.0
2016-08-03,,,,0.0,0.0,100.0,,,,,,,0.0,0.7,100.0,0.0
2016-08-04,,,,,,,,,,,,,0.0,0.7,100.0,0.0
2016-08-05,0.0,1.5,97.0,,,,,,,,,,0.0,0.7,100.0,0.0
2016-08-06,,,,,,,,,,,,,0.0,0.8,100.0,0.0
2016-08-07,,,,,,,,,,,,,0.0,0.6,100.0,0.0
2016-08-08,,,,,,,,,,,,,0.0,0.5,100.0,0.0
2016-08-09,,,,,,,,,,,,,0.0,0.4,100.0,0.0
2016-08-10,,,,,,,,,,,,,0.0,0.4,100.0,0.0
2016-08-11,,,,,,,,,,,,,0.0,0.4,100.0,0.0
2016-08-12,0.0,1.9,97.0,,,,,,,,,,0.0,0.2,100.0,0.0
2016-08-13,0.0,1.4,97.1,0.0,0.0,100.0,,,,,,,0.0,0.1,100.0,0.0
2016-08-14,,,,,,,,,,,,,0.0,0.2,100.0,0.0
2016-08-15,,,,,,,,,,,,,0.0,0.1,100.0,0.0
2016-08-16,,,,,,,0.0,0.0,97.1,,,,0.0,0.2,100.0,0.0
2016-08-17,0.0,1.1,96.6,,,,,,,,,,0.0,0.1,100.0,0.0
2016-08-18,,,,,,,,,,,,,0.0,0.1,100.0,0.0
2016-08-19,,,,,,,,,,,,,0.0,0.1,100.0,0.0
2016-08-20,,,,,,,,,,,,,0.0,0.2,100.0,0.0
2016-08-21,,,,,,,,,,,,,0.0,0.2,100.0,0.0
2016-08-22,,,,,,,,,,,,,0.0,0.2,100.0,0.0
2016-08-23,,,,0.0,0.0,100.0,,,,,,,0.0,0.2,100.0,0.0
2016-08-24,0.0,1.1,97.1,,,,,,,,,,0.0,0.2,100.0,0.0
2016-08-25,0.0,1.5,97.3,,,,,,,,,,0.0,0.2,100.0,0.0
2016-08-26,,,,,,,,,,,,,0.0,0.1,100.0,0.0
2016-08-27,,,,,,,,,,,,,0.0,0.1,100.0,0.0
2016-08-28,,,,,,,,,,,,,0.0,0.1,100.0,0.0
2016-08-29,0.0,0.7,97.1,,,,,,,,,,0.0,0.1,100.0,0.0
2016-08-30,,,,,,,,,,,,,0.0,0.1,100.0,0.0
2016-08-31,,,,,,,,,,,,,0.0,0.1,100.0,0.0
2016-09-01,,,,,,,0.0,0.0,99.8,,,,0.0,0.1,100.0,0.0
2016-09-02,,,,0.0,0.0,100.0,,,,,,,0.0,0.0,100.0,0.0
2016-09-03,,,,,,,,,,,,,0.0,0.1,100.0,0.0
2016-09-04,,,,,,,,,,,,,0.0,0.1,100.0,0.0
2016-09-05,0.0,0.6,97.0,,,,,,,,,,0.0,0.1,100.0,0.0
2016-09-06,0.0,0.7,97.5,,,,,,,,,,0.0,0.1,100.0,0.0
2016-09-07,,,,,,,,,,,,,0.0,0.1,100.0,0.0
2016-09-08,,,,,,,,,,,,,0.0,0.1,100.0,0.0
2016-09-09,,,,,,,,,,,,,0.0,0.3,100.0,0.0
2016-09-10,0.0,0.8,96.8,,,,,,,,,,0.0,0.4,100.0,0.0
2016-09-11,,,,,,,,,,,,,0.0,0.6,100.0,0.0
2016-09-12,,,,,,,,,,,,,0.0,0.7,100.0,0.0
2016-09-13,,,,,,,,,,,,,0.0,1.0,100.0,0.0
2016-09-14,,,,,,,,,,,,,0.0,0.9,100.0,0.0
2016-09-15,,,,,,,,,,,,,0.0,1.2,100.0,0.0
2016-09-16,,,,,,,,,,,,,0.0,1.1,100.0,0.0
2016-09-17,0.0,0.7,97.0,,,,,,,,,,0.0,2.0,100.0,0.0
2016-09-18,0.0,0.8,96.6,,,,,,,,,,0.0,1.8,100.0,0.0
2016-09-19,,,,,,,,,,,,,0.0,1.4,100.0,0.0
2016-09-20,,,,,,,,,,,,,0.0,1.4,100.0,0.0
2016-09-21,,,,,,,,,,,,,0.0,1.4,100.0,0.0
2016-09-22,0.0,1.3,96.2,0.0,0.0,100.0,,,,,,,0.0,1.0,100.0,0.0
2016-09-23,,,,,,,,,,,,,0.0,1.0,100.0,0.0
2016-09-24,,,,,,,,,,,,,0.0,0.9,100.0,0.0
2016-09-25,,,,,,,,,,,,,0.0,0.9,100.0,0.0
2016-09-26,,,,,,,,,,,,,0.0,0.6,100.0,0.0
2016-09-27,,,,,,,,,,,,,0.0,0.5,100.0,0.0
2016-09-28,0.0,0.7,96.6,,,,,,,,,,0.0,0.4,100.0,0.0
2016-09-29,0.0,0.8,96.4,,,,,,,,,,0.0,0.4,100.0,0.0
2016-09-30,0.0,0.7,97.5,,,,,,,,,,0.0,0.3,100.0,0.0
2016-10-01,,,,,,,,,,,,,0.0,0.3,100.0,0.0
2016-10-02,,,,0.0,0.0,100.0,,,,,,,0.0,0.3,100.0,0.0
2016-10-03,,,,,,,0.0,0.0,99.3,,,,0.0,0.3,100.0,0.0
2016-10-04,0.0,0.7,95.7,,,,,,,,,,0.0,0.3,100.0,0.0
2016-10-05,0.0,0.5,95.0,,,,,,,,,,0.0,0.3,100.0,0.0
2016-10-06,0.0,0.5,94.1,,,,,,,,,,0.0,0.3,100.0,0.0
2016-10-07,,,,,,,,,,,,,0.0,0.6,100.0,0.0
2016-10-08,,,,,,,,,,,,,0.0,0.6,100.0,0.0
2016-10-09,,,,,,,,,,,,,0.0,0.9,100.0,0.0
2016-10-10,0.0,0.4,95.4,,,,,,,,,,0.0,1.1,100.0,0.0
2016-10-11,0.0,0.2,93.8,,,,,,,,,,0.0,2.1,100.0,0.0
2016-10-12,0.0,0.2,93.9,0.0,0.0,98.4,,,,,,,0.0,2.1,100.0,0.0
2016-10-13,,,,,,,,,,,,,0.0,2.6,100.0,0.0
2016-10-14,,,,,,,,,,,,,0.0,2.5,100.0,0.0
2016-10-15,,,,,,,,,,,,,0.0,3.1,100.0,0.0
2016-10-16,0.0,0.2,95.7,,,,,,,,,,0.0,2.8,100.0,0.0
2016-10-17,0.0,0.2,95.4,,,,,,,,,,0.0,3.1,100.0,0.0
2016-10-18,0.0,0.2,94.5,,,,,,,,,,0.0,3.1,100.0,0.0
2016-10-19,,,,,,,,,,,,,0.0,6.4,100.0,0.0
2016-10-20,,,,,,,,,,,,,0.0,6.2,100.0,0.0
2016-10-21,,,,,,,,,,,,,0.0,5.2,100.0,0.0
2016-10-22,0.0,0.3,95.5,0.0,0.1,100.0,,,,,,,0.0,4.2,100.0,0.0
2016-10-23,0.0,0.2,95.2,,,,,,,,,,0.0,4.8,100.0,0.0
2016-10-24,0.0,0.3,94.8,,,,,,,,,,0.0,4.1,100.0,0.0
2016-10-25,,,,,,,,,,,,,0.0,3.9,100.0,0.0
2016-10-26,,,,,,,,,,,,,0.0,3.6,100.0,0.0
2016-10-27,,,,,,,,,,,,,0.0,4.2,100.0,0.0
2016-10-28,0.0,0.3,96.1,,,,,,,,,,0.0,3.9,100.0,0.0
2016-10-29,0.0,0.3,96.6,,,,,,,,,,0.0,4.2,100.0,0.0
2016-10-30,0.0,0.4,98.2,,,,,,,,,,0.0,4.4,100.0,0.0
2016-10-31,,,,,,,,,,,,,0.0,5.4,100.0,0.0
2016-11-01,,,,0.4,1.7,100.0,,,,,,,0.0,4.9,100.0,0.0
2016-11-02,,,,,,,,,,,,,0.0,5.7,100.0,0.0
2016-11-03,0.0,0.5,97.1,,,,,,,,,,0.0,5.9,100.0,0.0
2016-11-04,0.0,0.5,98.6,,,,0.0,0.0,48.4,,,,0.0,8.5,100.0,0.0
2016-11-05,0.0,0.5,98.8,,,,,,,,,,0.0,9.1,100.0,0.0
2016-11-06,,,,,,,,,,,,,0.0,13.5,100.0,0.0
2016-11-07,,,,,,,,,,,,,0.0,14.5,100.0,0.0
2016-11-08,,,,,,,,,,,,,0.0,19.5,100.0,0.0
2016-11-09,0.0,0.8,98.4,,,,,,,,,,0.0,18.9,100.0,0.0
2016-11-10,,,,,,,,,,,,,0.0,24.2,100.0,0.0
2016-11-11,0.0,0.7,98.2,,,,,,,,,,0.0,21.0,100.0,0.0
2016-11-12,,,,,,,,,,,,,0.2,27.5,100.0,0.2
2016-11-13,,,,,,,,,,,,,0.0,23.0,100.0,0.0
2016-11-14,,,,,,,,,,,,,1.1,28.7,100.0,1.1
2016-11-15,,,,,,,,,,,,,0.0,20.7,100.0,0.0
2016-11-16,0.0,0.7,98.4,,,,,,,,,,0.4,24.3,100.0,0.4
2016-11-17,0.0,0.8,98.4,,,,,,,,,,0.2,20.0,100.0,0.2
2016-11-18,,,,,,,,,,,,,1.3,24.8,100.0,1.2
2016-11-19,,,,,,,,,,,,,0.4,16.7,100.0,0.4
2016-11-20,,,,,,,,,,,,,3.8,26.2,100.0,3.8
2016-11-21,0.0,0.9,98.6,,,,,,,,,,1.3,23.3,100.0,1.2
2016-11-22,0.0,1.5,98.4,,,,,,,,,,5.5,37.4,100.0,5.5
2016-11-23,0.0,2.6,98.8,,,,,,,,,,5.2,33.2,100.0,5.2
2016-11-24,,,,,,,,,,,,,6.1,38.8,100.0,6.1
2016-11-25,,,,,,,,,,,,,16.2,49.0,100.0,16.2
2016-11-26,,,,,,,,,,,,,54.6,63.6,100.0,54.6
2016-11-27,0.0,5.0,98.2,,,,,,,,,,98.0,73.0,100.0,98.0
2016-11-28,0.0,7.0,98.4,,,,,,,,,,100.0,81.5,100.0,100.0
2016-11-29,3.1,14.8,98.8,,,,,,,,,,100.0,88.9,100.0,100.0
2016-11-30,,,,,,,,,,,,,100.0,93.4,100.0,100.0
2016-12-01,,,,98.9,95.7,100.0,,,,,,,100.0,95.0,100.0,100.0
2016-12-02,,,,,,,,,,,,,100.0,95.0,100.0,100.0
2016-12-03,10.2,19.6,97.9,,,,,,,,,,100.0,96.8,100.0,100.0
2016-12-04,20.8,29.8,98.8,,,,,,,,,,100.0,97.5,100.0,100.0
2016-12-05,32.6,36.7,98.6,,,,,,,,,,100.0,97.8,100.0,100.0
2016-12-06,,,,,,,100.0,100.0,100.0,,,,100.0,98.6,100.0,100.0
2016-12-07,,,,,,,,,,,,,100.0,98.6,100.0,100.0
2016-12-08,,,,,,,,,,,,,100.0,98.9,100.0,100.0
2016-12-09,53.8,46.7,98.2,,,,,,,,,,100.0,99.1,100.0,100.0
2016-12-10,50.5,45.3,98.6,,,,,,,,,,100.0,98.9,100.0,100.0
2016-12-11,71.6,54.3,98.8,100.0,98.6,95.4,,,,,,,100.0,98.9,100.0,100.0
2016-12-12,,,,,,,,,,,,,100.0,98.6,100.0,100.0
2016-12-13,,,,,,,,,,,,,100.0,98.6,100.0,100.0
2016-12-14,,,,,,,,,,,,,100.0,98.1,100.0,100.0
2016-12-15,81.2,59.8,97.9,,,,,,,,,,100.0,97.6,100.0,100.0
2016-12-16,94.0,69.7,98.2,,,,,,,,,,100.0,97.9,100.0,100.0
2016-12-17,95.6,73.4,98.4,,,,,,,,,,100.0,97.9,100.0,100.0
2016-12-18,,,,,,,,,,,,,100.0,97.7,100.0,100.0
2016-12-19,,,,,,,,,,,,,100.0,97.6,100.0,100.0
2016-12-20,,,,,,,,,,,,,100.0,97.6,100.0,100.0
2016-12-21,98.5,81.7,97.9,,,,,,,,,,100.0,97.9,100.0,100.0
2016-12-22,99.1,84.2,98.6,,,,100.0,100.0,100.0,,,,100.0,98.6,100.0,100.0
2016-12-23,99.6,89.1,98.2,,,,,,,,,,100.0,98.4,100.0,100.0
2016-12-24,,,,,,,,,,,,,100.0,98.6,100.0,100.0
2016-12-25,,,,,,,,,,,,,100.0,99.0,100.0,100.0
2016-12-26,,,,,,,,,,,,,100.0,99.0,100.0,100.0
2016-12-27,100.0,92.2,97.3,,,,,,,,,,100.0,99.1,100.0,100.0
2016-12-28,99.8,94.3,98.6,,,,,,,,,,100.0,99.1,100.0,100.0
2016-12-29,99.8,96.1,98.2,,,,,,,,,,100.0,99.3,100.0,100.0
2016-12-30,,,,,,,,,,,,,100.0,99.0,100.0,100.0
2016-12-31,,,,100.0,99.5,100.0,,,,,,,100.0,99.1,100.0,100.0
2017-01-01,,,,,,,,,,,,,100.0,98.0,100.0,100.0
2017-01-02,100.0,97.3,98.6,,,,,,,,,,100.0,98.3,100.0,100.0
2017-01-03,100.0,97.8,98.6,,,,,,,,,,100.0,98.3,100.0,100.0
2017-01-04,100.0,98.8,97.8,,,,,,,,,,100.0,98.6,100.0,100.0
2017-01-05,,,,,,,,,,,,,100.0,98.6,100.0,100.0
2017-01-06,,,,,,,,,,,,,100.0,98.8,100.0,100.0
2017-01-07,,,,,,,100.0,99.9,100.0,,,,100.0,99.1,100.0,100.0
2017-01-08,100.0,99.3,97.6,,,,,,,,,,100.0,99.1,100.0,100.0
2017-01-09,100.0,99.5,98.3,,,,,,,,,,100.0,99.1,100.0,100.0
2017-01-10,100.0,99.6,97.2,99.3,97.1,100.0,,,,,,,100.0,99.3,100.0,100.0
2017-01-11,,,,,,,,,,,,,100.0,98.9,100.0,100.0
2017-01-12,,,,,,,,,,,,,100.0,98.9,100.0,100.0
2017-01-13,,,,,,,,,,,,,100.0,98.6,100.0,100.0
2017-01-14,100.0,99.8,95.8,,,,,,,,,,100.0,99.0,100.0,100.0
2017-01-15,100.0,99.8,95.8,,,,,,,,,,100.0,98.7,100.0,100.0
2017-01-16,100.0,99.9,96.4,,,,,,,,,,100.0,98.7,100.0,100.0
2017-01-17,,,,,,,,,,,,,100.0,98.7,100.0,100.0
2017-01-18,,,,,,,,,,,,,100.0,98.7,100.0,100.0
2017-01-19,,,,,,,,,,,,,100.0,98.7,100.0,100.0
2017-01-20,100.0,99.9,93.6,,,,,,,,,,100.0,99.1,100.0,100.0
2017-01-21,100.0,99.9,94.5,,,,,,,,,,100.0,99.2,100.0,100.0
2017-01-22,100.0,99.8,92.6,,,,,,,,,,100.0,99.2,100.0,100.0
2017-01-23,,,,,,,100.0,100.0,100.0,,,,100.0,99.4,100.0,100.0
2017-01-24,,,,,,,,,,,,,100.0,99.2,100.0,100.0
2017-01-25,,,,,,,,,,,,,100.0,99.3,100.0,100.0
2017-01-26,100.0,99.9,90.7,,,,,,,,,,100.0,99.4,100.0,100.0
2017-01-27,100.0,99.8,91.2,,,,,,,,,,100.0,99.2,100.0,100.0
2017-01-28,100.0,99.7,90.5,,,,,,,,,,100.0,99.1,100.0,100.0
2017-01-29,,,,,,,,,,,,,100.0,98.8,100.0,100.0
2017-01-30,,,,,,,,,,,,,100.0,98.9,100.0,100.0
2017-01-31,,,,,,,,,,,,,100.0,98.3,100.0,100.0
2017-02-01,100.0,99.8,90.8,,,,,,,,,,100.0,98.3,100.0,100.0
2017-02-02,100.0,99.7,93.9,,,,,,,,,,100.0,97.7,100.0,100.0
2017-02-03,100.0,99.6,92.0,,,,,,,,,,100.0,98.0,100.0,100.0
2017-02-04,,,,,,,,,,,,,100.0,97.1,100.0,100.0
2017-02-05,,,,,,,,,,,,,100.0,97.9,100.0,100.0
2017-02-06,,,,,,,,,,,,,100.0,97.7,100.0,100.0
2017-02-07,100.0,99.8,90.8,,,,,,,,,,100.0,98.4,100.0,100.0
2017-02-08,100.0,99.7,93.3,,,,,,,,,,100.0,97.4,100.0,100.0
2017-02-09,100.0,99.7,89.4,,,,,,,,,,100.0,97.9,100.0,100.0
2017-02-10,,,,,,,,,,,,,100.0,97.7,100.0,100.0
2017-02-11,,,,,,,,,,,,,100.0,98.2,100.0,100.0
2017-02-12,,,,,,,,,,,,,100.0,98.0,100.0,100.0
2017-02-13,100.0,99.8,86.7,,,,,,,,,,100.0,98.7,100.0,100.0
2017-02-14,100.0,99.8,91.9,,,,,,,,,,100.0,98.7,100.0,100.0
2017-02-15,100.0,99.5,91.5,,,,,,,,,,100.0,99.0,100.0,100.0
2017-02-16,,,,,,,,,,,,,100.0,98.8,100.0,100.0
2017-02-17,,,,,,,,,,,,,100.0,99.0,100.0,100.0
2017-02-18,,,,,,,,,,,,,100.0,99.0,100.0,100.0
2017-02-19,100.0,99.6,89.6,100.0,99.5,100.0,,,,,,,100.0,99.4,100.0,100.0
2017-02-20,100.0,99.5,91.9,,,,,,,,,,100.0,99.2,100.0,100.0
2017-02-21,100.0,99.3,92.4,,,,,,,,,,100.0,99.3,100.0,100.0
2017-02-22,,,,,,,,,,,,,100.0,99.1,100.0,100.0
2017-02-23,,,,,,,,,,,,,100.0,99.2,100.0,100.0
2017-02-24,,,,,,,,,,,,,100.0,99.0,100.0,100.0
2017-02-25,100.0,99.7,89.3,,,,,,,,,,100.0,99.2,100.0,100.0
2017-02-26,100.0,99.7,94.3,,,,,,,,,,100.0,99.1,100.0,100.0
2017-02-27,100.0,99.5,94.6,,,,,,,,,,100.0,99.0,100.0,100.0
2017-02-28,,,,,,,,,,,,,100.0,98.6,100.0,100.0
2017-03-01,,,,,,,,,,,,,100.0,98.8,100.0,100.0
2017-03-02,,,,,,,,,,,,,100.0,98.5,100.0,100.0
2017-03-03,100.0,99.9,90.8,,,,,,,,,,100.0,98.6,100.0,100.0
2017-03-04,100.0,99.9,92.2,,,,,,,,,,100.0,98.4,100.0,100.0
2017-03-05,100.0,99.7,89.8,,,,,,,,,,100.0,98.8,100.0,100.0
2017-03-06,,,,,,,,,,,,,100.0,98.7,100.0,100.0
2017-03-07,,,,,,,,,,,,,100.0,98.9,100.0,100.0
2017-03-08,,,,,,,,,,,,,100.0,98.9,100.0,100.0
2017-03-09,100.0,99.9,90.3,,,,,,,,,,100.0,99.3,100.0,100.0
2017-03-10,100.0,99.5,96.2,,,,,,,,,,100.0,99.3,100.0,100.0
2017-03-11,100.0,99.1,94.1,100.0,99.6,100.0,,,,,,,100.0,99.4,100.0,100.0
2017-03-12,,,,,,,,,,,,,100.0,99.1,100.0,100.0
2017-03-13,,,,,,,,,,,,,100.0,99.2,100.0,100.0
2017-03-14,,,,,,,,,,,,,100.0,99.2,100.0,100.0
2017-03-15,100.0,99.3,90.8,,,,,,,,,,100.0,99.3,100.0,100.0
2017-03-16,100.0,98.1,93.6,,,,,,,,,,100.0,99.0,100.0,100.0
2017-03-17,99.5,93.2,96.2,,,,,,,,,,100.0,99.0,100.0,100.0
2017-03-18,,,,,,,,,,,,,100.0,98.5,100.0,100.0
2017-03-19,,,,,,,,,,,,,100.0,98.3,100.0,100.0
2017-03-20,,,,,,,,,,,,,100.0,97.6,100.0,100.0
2017-03-21,99.5,80.3,97.6,100.0,99.6,100.0,,,,,,,100.0,97.4,100.0,100.0
2017-03-22,,,,,,,,,,,,,100.0,96.4,100.0,100.0
2017-03-23,97.9,68.2,98.1,,,,,,,,,,100.0,95.1,100.0,100.0
2017-03-24,,,,,,,,,,,,,100.0,95.2,100.0,100.0
2017-03-25,,,,,,,,,,,,,100.0,95.0,100.0,100.0
2017-03-26,,,,,,,,,,,,,100.0,95.6,100.0,100.0
2017-03-27,79.4,57.6,95.7,,,,,,,,,,100.0,95.4,100.0,100.0
2017-03-28,35.8,36.0,94.6,,,,100.0,100.0,100.0,,,,100.0,97.0,100.0,100.0
2017-03-29,12.3,21.0,93.1,,,,,,,,,,100.0,95.7,100.0,100.0
2017-03-30,,,,,,,,,,,,,100.0,96.1,100.0,100.0
2017-03-31,,,,100.0,99.8,43.3,,,,,,,100.0,95.8,100.0,100.0
2017-04-01,,,,,,,,,,,,,100.0,95.7,100.0,100.0
2017-04-02,9.4,17.7,92.4,,,,,,,,,,100.0,95.4,100.0,100.0
2017-04-03,7.0,17.6,93.4,,,,,,,,,,100.0,96.0,100.0,100.0
2017-04-04,10.2,18.9,92.9,,,,,,,,,,100.0,96.6,100.0,100.0
2017-04-05,,,,,,,,,,,,,100.0,96.8,100.0,100.0
2017-04-06,,,,,,,,,,,,,100.0,96.6,100.0,100.0
2017-04-07,,,,,,,,,,,,,100.0,97.0,100.0,100.0
2017-04-08,8.4,20.3,88.2,,,,,,,,,,100.0,96.9,100.0,100.0
2017-04-09,18.1,28.4,93.6,,,,,,,,,,100.0,97.0,100.0,100.0
2017-04-10,23.5,33.2,90.5,100.0,99.9,100.0,,,,,,,100.0,97.5,100.0,100.0
2017-04-11,,,,,,,,,,,,,100.0,97.5,100.0,100.0
2017-04-12,,,,,,,,,,,,,100.0,97.3,100.0,100.0
2017-04-13,,,,,,,100.0,99.5,100.0,,,,100.0,98.0,100.0,100.0
2017-04-14,40.9,38.0,87.9,,,,,,,,,,100.0,97.5,100.0,100.0
2017-04-15,80.1,55.6,83.6,,,,,,,,,,100.0,98.0,100.0,100.0
2017-04-16,80.6,57.7,93.4,,,,,,,,,,100.0,98.0,100.0,100.0
2017-04-17,,,,,,,,,,,,,100.0,98.0,100.0,100.0
2017-04-18,,,,,,,,,,,,,100.0,97.9,100.0,100.0
2017-04-19,,,,,,,,,,,,,100.0,97.9,100.0,100.0
2017-04-20,84.2,63.3,95.2,100.0,99.6,100.0,,,,,,,100.0,98.3,100.0,100.0
2017-04-21,86.7,62.2,92.6,,,,,,,,,,100.0,97.7,100.0,100.0
2017-04-22,89.9,68.8,99.3,,,,,,,,,,100.0,97.1,100.0,100.0
2017-04-23,,,,,,,,,,,,,100.0,96.3,100.0,100.0
2017-04-24,,,,,,,,,,,,,100.0,95.5,100.0,100.0
2017-04-25,,,,,,,,,,,,,100.0,94.7,100.0,100.0
2017-04-26,91.6,68.8,99.3,,,,,,,,,,100.0,93.1,100.0,100.0
2017-04-27,93.5,72.3,99.1,,,,,,,,,,100.0,91.4,100.0,100.0
2017-04-28,92.5,70.3,99.3,,,,,,,,,,100.0,87.1,100.0,100.0
2017-04-29,,,,,,,100.0,98.6,100.0,,,,100.0,86.0,100.0,100.0
2017-04-30,,,,,,,,,,,,,100.0,82.3,100.0,100.0
2017-05-01,,,,,,,,,,,,,100.0,84.1,100.0,100.0
2017-05-02,92.3,68.8,99.1,,,,,,,,,,100.0,84.1,100.0,100.0
2017-05-03,96.0,72.6,99.1,,,,,,,,,,100.0,88.6,100.0,100.0
2017-05-04,92.2,66.4,99.3,,,,,,,,,,100.0,89.4,100.0,100.0
2017-05-05,,,,,,,,,,,,,100.0,92.8,100.0,100.0
2017-05-06,,,,,,,,,,,,,100.0,93.2,100.0,100.0
2017-05-07,,,,,,,,,,,,,100.0,94.6,100.0,100.0
2017-05-08,95.3,69.9,99.1,,,,,,,,,,100.0,94.4,100.0,100.0
2017-05-09,93.9,66.5,99.1,,,,,,,,,,100.0,95.7,100.0,100.0
2017-05-10,97.0,75.0,99.0,100.0,99.6,100.0,,,,,,,100.0,95.8,100.0,100.0
2017-05-11,,,,,,,,,,,,,100.0,95.9,100.0,100.0
2017-05-12,,,,,,,,,,,,,100.0,95.8,100.0,100.0
2017-05-13,,,,,,,,,,,,,100.0,96.6,100.0,100.0
2017-05-14,95.4,71.7,98.4,,,,,,,,,,100.0,96.4,100.0,100.0
2017-05-15,96.0,77.0,99.0,,,,100.0,99.1,93.3,,,,100.0,97.1,100.0,100.0
2017-05-16,96.2,73.4,99.0,,,,,,,,,,100.0,96.4,100.0,100.0
2017-05-17,,,,,,,,,,,,,100.0,96.3,100.0,100.0
2017-05-18,,,,,,,,,,,,,100.0,94.1,100.0,100.0
2017-05-19,,,,,,,,,,,,,100.0,92.8,100.0,100.0
2017-05-20,94.8,73.4,99.0,,,,,,,,,,100.0,92.6,100.0,100.0
2017-05-21,95.6,72.0,99.0,,,,,,,,,,100.0,92.8,100.0,100.0
2017-05-22,94.8,73.0,99.0,,,,,,,,,,100.0,92.2,100.0,100.0
2017-05-23,,,,,,,,,,,,,100.0,90.4,100.0,100.0
2017-05-24,,,,,,,,,,,,,99.7,89.8,100.0,99.7
2017-05-25,,,,,,,,,,,,,98.8,88.7,100.0,98.8
2017-05-26,94.1,73.0,99.0,,,,,,,,,,97.9,87.0,100.0,97.9
2017-05-27,94.2,73.1,99.0,,,,,,,,,,97.4,85.4,100.0,97.4
2017-05-28,89.9,68.8,99.1,,,,,,,,,,96.5,84.8,100.0,96.5
2017-05-29,,,,,,,,,,,,,95.8,84.2,100.0,95.8
2017-05-30,,,,99.8,89.4,99.5,,,,,,,95.3,84.4,100.0,95.3
2017-05-31,,,,,,,,,,,,,94.1,82.1,100.0,94.1
2017-06-01,87.6,68.5,98.8,,,,,,,,,,92.7,81.9,100.0,92.7
2017-06-02,60.8,51.4,98.4,,,,,,,,,,93.3,81.7,100.0,93.3
2017-06-03,52.0,46.6,99.1,,,,,,,,,,88.4,78.6,100.0,88.4
2017-06-04,,,,,,,,,,,,,83.7,74.2,100.0,83.7
2017-06-05,,,,,,,,,,,,,66.8,64.3,100.0,66.8
2017-06-06,,,,,,,,,,,,,54.0,58.5,100.0,54.0
2017-06-07,9.8,19.8,98.8,,,,,,,,,,28.9,46.1,100.0,28.9
2017-06-08,3.1,14.8,99.1,,,,,,,,,,3.6,32.9,100.0,3.6
2017-06-09,1.4,7.5,99.0,,,,,,,,,,0.7,21.9,100.0,0.7
2017-06-10,,,,,,,,,,,,,0.0,15.0,100.0,0.0
2017-06-11,,,,,,,,,,,,,0.0,10.1,100.0,0.0
2017-06-12,,,,,,,,,,,,,0.0,7.1,100.0,0.0
2017-06-13,0.7,5.0,98.3,,,,,,,,,,0.0,4.6,100.0,0.0
2017-06-14,0.7,3.3,98.8,,,,,,,,,,0.0,3.5,100.0,0.0
2017-06-15,0.4,3.8,97.9,,,,,,,,,,0.0,2.7,100.0,0.0
2017-06-16,,,,,,,,,,,,,0.0,2.9,100.0,0.0
2017-06-17,,,,,,,,,,,,,0.0,2.4,100.0,0.0
2017-06-18,,,,,,,,,,,,,0.0,2.0,100.0,0.0
2017-06-19,1.1,9.4,98.8,0.0,0.7,100.0,,,,,,,0.0,1.8,100.0,0.0
2017-06-20,0.0,1.9,98.4,,,,,,,,,,0.0,1.8,100.0,0.0
2017-06-21,,,,,,,,,,,,,0.0,1.6,100.0,0.0
2017-06-22,,,,,,,,,,,,,0.0,1.5,100.0,0.0
2017-06-23,,,,,,,,,,,,,0.0,1.4,100.0,0.0
2017-06-24,,,,,,,,,,,,,0.0,1.7,100.0,0.0
2017-06-25,,,,,,,,,,,,,0.0,1.7,100.0,0.0
2017-06-26,0.0,1.3,98.6,,,,,,,,,,0.0,1.4,100.0,0.0
2017-06-27,0.0,1.1,98.6,,,,,,,,,,0.0,1.7,100.0,0.0
2017-06-28,,,,,,,,,,,,,0.0,1.6,100.0,0.0
2017-06-29,,,,,,,,,,,,,0.0,1.4,100.0,0.0
2017-06-30,,,,,,,,,,,,,0.0,1.0,100.0,0.0
2017-07-01,0.0,1.8,98.8,,,,,,,,,,0.0,1.0,100.0,0.0
2017-07-02,0.0,0.4,98.8,,,,,,,,,,0.0,1.1,100.0,0.0
2017-07-03,0.0,0.2,98.6,,,,,,,,,,0.0,0.9,100.0,0.0
2017-07-04,,,,0.0,0.0,100.0,,,,,,,0.0,0.7,100.0,0.0
2017-07-05,,,,,,,,,,,,,0.0,0.6,100.0,0.0
2017-07-06,,,,,,,,,,,,,0.0,0.6,100.0,0.0
2017-07-07,,,,,,,,,,,,,0.0,0.6,100.0,0.0
2017-07-08,,,,,,,,,,,,,0.0,0.5,100.0,0.0
2017-07-09,0.0,0.1,99.0,,,,,,,,,,0.0,0.4,100.0,0.0
2017-07-10,,,,,,,,,,,,,0.0,0.5,100.0,0.0
2017-07-11,,,,,,,,,,,,,0.0,0.5,100.0,0.0
2017-07-12,,,,,,,,,,,,,0.0,0.6,100.0,0.0
2017-07-13,0.0,0.2,98.6,,,,,,,,,,0.0,0.4,100.0,0.0
2017-07-14,0.0,0.2,98.8,0.0,0.0,100.0,,,,,,,0.0,0.4,100.0,0.0
2017-07-15,0.0,0.3,98.8,,,,,,,,,,0.0,0.6,100.0,0.0
2017-07-16,,,,,,,,,,,,,0.0,0.6,100.0,0.0
2017-07-17,,,,,,,,,,,,,0.0,0.4,100.0,0.0
2017-07-18,,,,,,,,,,,,,0.0,0.4,100.0,0.0
2017-07-19,0.0,0.2,98.4,,,,,,,,,,0.0,0.5,100.0,0.0
2017-07-20,0.0,0.2,99.0,,,,,,,,,,0.0,0.6,100.0,0.0
2017-07-21,0.0,0.4,99.0,,,,,,,,,,0.0,0.4,100.0,0.0
2017-07-22,,,,,,,,,,,,,0.0,0.9,100.0,0.0
2017-07-23,,,,,,,,,,,,,0.0,1.4,100.0,0.0
2017-07-24,,,,,,,,,,,,,0.0,1.9,100.0,0.0
2017-07-25,0.3,1.0,99.0,,,,,,,,,,0.0,1.7,100.0,0.0
2017-07-26,0.3,1.1,99.5,,,,,,,,,,0.0,1.9,100.0,0.0
2017-07-27,0.0,1.0,98.8,,,,,,,,,,0.0,1.9,100.0,0.0
2017-07-28,,,,,,,,,,,,,0.0,1.8,100.0,0.0
2017-07-29,,,,,,,,,,,,,0.0,1.4,100.0,0.0
2017-07-30,,,,,,,,,,,,,0.0,2.5,100.0,0.0
2017-07-31,0.0,0.9,98.1,,,,,,,,,,0.0,2.6,100.0,0.0
2017-08-01,0.0,0.7,97.1,,,,,,,,,,0.0,3.0,100.0,0.0
2017-08-02,,,,,,,,,,,,,0.0,3.4,100.0,0.0
2017-08-03,,,,,,,,,,,,,0.0,4.5,100.0,0.0
2017-08-04,,,,,,,,,,,,,0.0,2.7,100.0,0.0
2017-08-05,,,,,,,,,,,,,0.0,2.2,100.0,0.0
2017-08-06,0.0,0.9,99.0,,,,,,,,,,0.0,1.8,100.0,0.0
2017-08-07,0.0,0.7,98.1,,,,,,,,,,0.0,2.1,100.0,0.0
2017-08-08,0.0,0.5,96.0,,,,,,,,,,0.0,1.9,100.0,0.0
2017-08-09,,,,,,,,,,,,,0.0,2.1,100.0,0.0
2017-08-10,,,,,,,,,,,,,0.0,2.1,100.0,0.0
2017-08-11,,,,,,,,,,,,,0.0,2.7,100.0,0.0
2017-08-12,0.0,0.4,94.5,,,,,,,,,,0.0,1.7,100.0,0.0
2017-08-13,0.0,0.3,93.8,,,,,,,,,,0.0,1.4,100.0,0.0
2017-08-14,0.0,0.4,92.2,,,,,,,,,,0.0,1.1,100.0,0.0
2017-08-15,,,,,,,,,,,,,0.0,1.4,100.0,0.0
2017-08-16,,,,,,,,,,,,,0.0,1.3,100.0,0.0
2017-08-17,,,,,,,,,,,,,0.0,1.3,100.0,0.0
2017-08-18,0.0,0.5,97.9,0.0,0.0,64.9,,,,,,,0.0,1.1,100.0,0.0
2017-08-19,0.0,0.5,97.9,,,,,,,,,,0.0,1.6,100.0,0.0
2017-08-20,0.0,0.5,98.4,,,,,,,,,,0.0,1.5,100.0,0.0
2017-08-21,,,,,,,,,,,,,0.0,1.1,100.0,0.0
2017-08-22,,,,,,,,,,,,,0.0,0.9,100.0,0.0
2017-08-23,,,,,,,,,,,,,0.0,1.1,100.0,0.0
2017-08-24,0.0,1.0,96.7,,,,,,,,,,0.0,0.9,100.0,0.0
2017-08-25,0.0,3.7,95.0,,,,,,,,,,0.0,0.7,100.0,0.0
2017-08-26,0.9,11.0,98.8,,,,,,,,,,0.0,0.9,100.0,0.0
2017-08-27,,,,,,,,,,,,,0.0,1.0,100.0,0.0
2017-08-28,,,,,,,,,,,,,0.0,1.0,100.0,0.0
2017-08-29,,,,,,,,,,,,,0.0,0.7,100.0,0.0
2017-08-30,28.8,34.3,99.0,,,,,,,,,,0.0,0.7,100.0,0.0
2017-08-31,43.0,41.2,99.5,,,,,,,,,,0.0,0.8,100.0,0.0
2017-09-01,53.9,47.2,98.3,,,,,,,,,,0.0,0.5,100.0,0.0
2017-09-02,,,,0.0,0.0,40.3,,,,,,,0.0,0.4,100.0,0.0
2017-09-03,,,,,,,,,,,,,0.0,0.4,100.0,0.0
2017-09-04,,,,,,,0.0,0.0,100.0,,,,0.0,0.6,100.0,0.0
2017-09-05,76.8,57.4,99.1,,,,,,,,,,0.0,0.5,100.0,0.0
2017-09-06,77.9,55.8,99.5,,,,,,,,,,0.0,0.5,100.0,0.0
2017-09-07,71.5,55.1,97.8,0.0,0.0,100.0,,,,,,,0.0,0.4,100.0,0.0
2017-09-08,,,,,,,,,,,,,0.0,0.7,100.0,0.0
2017-09-09,,,,,,,,,,,,,0.0,0.7,100.0,0.0
2017-09-10,,,,,,,,,,,,,0.0,0.7,100.0,0.0
2017-09-11,45.5,42.0,99.3,,,,,,,,,,0.0,0.8,100.0,0.0
2017-09-12,35.7,35.4,99.3,,,,,,,,,,0.0,1.4,100.0,0.0
2017-09-13,15.6,26.1,97.8,,,,,,,,,,0.0,1.4,100.0,0.0
2017-09-14,,,,,,,,,,,,,0.0,1.0,100.0,0.0
2017-09-15,,,,,,,,,,,,,0.0,1.2,100.0,0.0
2017-09-16,,,,,,,,,,,,,0.0,1.2,100.0,0.0
2017-09-17,2.6,13.4,98.8,0.0,0.0,55.7,,,,,,,0.0,1.0,100.0,0.0
2017-09-18,1.0,8.8,99.3,,,,,,,,,,0.0,0.7,100.0,0.0
2017-09-19,0.5,6.0,98.6,,,,,,,,,,0.0,0.9,100.0,0.0
2017-09-20,,,,,,,0.0,0.0,66.6,,,,0.0,1.3,100.0,0.0
2017-09-21,,,,,,,,,,,,,0.0,1.2,100.0,0.0
2017-09-22,,,,0.0,0.0,100.0,,,,,,,0.0,0.6,100.0,0.0
2017-09-23,0.7,7.7,98.8,,,,,,,,,,0.0,0.6,100.0,0.0
2017-09-24,1.6,17.8,99.1,,,,,,,,,,0.0,0.7,100.0,0.0
2017-09-25,31.9,36.9,98.6,,,,,,,,,,0.0,0.7,100.0,0.0
2017-09-26,,,,,,,,,,,,,0.0,0.5,100.0,0.0
2017-09-27,,,,,,,,,,,,,0.0,0.6,100.0,0.0
2017-09-28,,,,,,,,,,,,,0.0,0.8,100.0,0.0
2017-09-29,77.3,50.6,99.1,,,,,,,,,,0.0,0.6,100.0,0.0
2017-09-30,5.6,25.9,99.3,,,,,,,,,,0.0,0.7,100.0,0.0
2017-10-01,16.2,31.3,99.3,,,,,,,,,,0.0,0.6,100.0,0.0
2017-10-02,,,,,,,,,,,,,0.0,0.6,100.0,0.0
2017-10-03,,,,,,,,,,,,,0.0,0.3,100.0,0.0
2017-10-04,,,,,,,,,,,,,0.0,0.4,100.0,0.0
2017-10-05,13.9,28.5,99.3,,,,,,,,,,0.0,0.4,100.0,0.0
2017-10-06,2.3,17.7,99.7,,,,0.0,0.0,100.0,,,,0.0,0.5,100.0,0.0
2017-10-07,0.2,6.9,98.8,0.0,0.0,100.0,,,,,,,0.0,0.4,100.0,0.0
2017-10-08,,,,,,,,,,,,,0.0,0.4,100.0,0.0
2017-10-09,,,,,,,,,,,,,0.0,0.4,100.0,0.0
2017-10-10,,,,,,,,,,,,,0.0,0.8,100.0,0.0
2017-10-11,0.0,3.6,98.8,,,,,,,,,,0.0,0.7,100.0,0.0
2017-10-12,0.0,2.5,99.7,0.0,0.0,100.0,,,,,,,0.0,0.6,100.0,0.0
2017-10-13,0.0,2.3,99.1,,,,,,,,,,0.0,0.6,100.0,0.0
2017-10-14,,,,,,,,,,,,,0.0,1.4,100.0,0.0
2017-10-15,,,,,,,,,,,,,0.0,1.5,100.0,0.0
2017-10-16,,,,,,,,,,,,,0.0,1.4,100.0,0.0
2017-10-17,0.0,1.8,98.8,0.0,0.0,100.0,,,,,,,0.0,1.2,100.0,0.0
2017-10-18,0.0,1.0,99.3,,,,,,,,,,0.0,1.8,100.0,0.0
2017-10-19,0.0,0.7,99.3,,,,,,,,,,0.0,1.9,100.0,0.0
2017-10-20,,,,,,,,,,,,,0.0,1.9,100.0,0.0
2017-10-21,,,,,,,,,,,,,0.0,1.7,100.0,0.0
2017-10-22,,,,,,,,,,,,,0.0,3.8,100.0,0.0
2017-10-23,0.0,0.7,99.0,,,,,,,,,,0.0,3.8,100.0,0.0
2017-10-24,0.0,0.6,99.1,,,,,,,,,,0.0,2.6,100.0,0.0
2017-10-25,0.0,0.7,99.0,,,,,,,,,,0.0,3.3,100.0,0.0
2017-10-26,,,,,,,,,,,,,0.0,3.6,100.0,0.0
2017-10-27,,,,,,,,,,,,,0.0,3.5,100.0,0.0
2017-10-28,,,,,,,,,,,,,0.0,2.7,100.0,0.0
2017-10-29,0.0,0.7,99.0,,,,,,,,,,0.0,2.8,100.0,0.0
2017-10-30,0.0,1.3,99.0,,,,,,,,,,0.0,3.1,100.0,0.0
2017-10-31,0.0,4.5,99.1,,,,,,,,,,0.0,2.8,100.0,0.0
2017-11-01,,,,0.0,0.0,100.0,,,,,,,0.0,2.2,100.0,0.0
2017-11-02,,,,,,,,,,,,,0.0,2.7,100.0,0.0
2017-11-03,,,,,,,,,,,,,0.0,2.8,100.0,0.0
2017-11-04,0.0,3.1,98.8,,,,,,,,,,0.0,2.4,100.0,0.0
2017-11-05,0.0,2.4,99.5,,,,,,,,,,0.0,2.4,100.0,0.0
2017-11-06,0.2,2.4,99.3,,,,,,,,,,0.0,3.0,100.0,0.0
2017-11-07,,,,,,,0.0,1.1,100.0,,,,0.0,3.6,100.0,0.0
2017-11-08,,,,,,,,,,,,,0.0,3.3,100.0,0.0
2017-11-09,,,,,,,,,,,,,0.0,5.2,100.0,0.0
2017-11-10,0.0,4.7,99.1,,,,,,,,,,0.0,6.2,100.0,0.0
2017-11-11,0.2,3.5,99.5,,,,,,,,,,0.0,7.6,100.0,0.0
2017-11-12,0.9,3.8,98.6,,,,,,,,,,0.0,7.3,100.0,0.0
2017-11-13,,,,,,,,,,,,,0.0,9.1,100.0,0.0
2017-11-14,,,,,,,,,,,,,0.0,12.3,100.0,0.0
2017-11-15,,,,,,,,,,,,,0.0,16.8,100.0,0.0
2017-11-16,0.2,3.8,99.3,0.0,0.1,100.0,,,,,,,0.0,15.6,100.0,0.0
2017-11-17,0.3,5.9,99.3,,,,,,,,,,0.0,18.2,100.0,0.0
2017-11-18,0.9,7.9,99.1,,,,,,,,,,0.0,22.4,100.0,0.0
2017-11-19,,,,,,,,,,,,,0.0,26.3,100.0,0.0
2017-11-20,,,,,,,,,,,,,0.0,29.8,100.0,0.0
2017-11-21,,,,0.3,3.7,100.0,,,,,,,0.0,33.4,100.0,0.0
2017-11-22,3.1,11.9,99.1,,,,,,,,,,1.2,40.2,100.0,1.2
2017-11-23,15.9,29.8,99.1,,,,,,,,,,13.3,51.5,100.0,13.3
2017-11-24,85.2,61.2,93.8,,,,,,,,,,27.7,54.9,100.0,27.7
2017-11-25,,,,,,,,,,,,,54.5,59.2,100.0,54.5
2017-11-26,,,,74.6,61.6,78.2,,,,,,,84.1,64.4,100.0,84.1
2017-11-27,,,,,,,,,,,,,93.4,69.6,100.0,93.4
2017-11-28,99.1,80.8,94.3,,,,,,,,,,94.1,75.1,100.0,94.1
2017-11-29,100.0,88.9,93.9,,,,,,,,,,96.4,80.7,100.0,96.4
2017-11-30,100.0,94.3,92.7,,,,,,,,,,97.6,86.0,100.0,97.6
2017-12-01,,,,,,,,,,,,,98.8,88.6,100.0,98.8
2017-12-02,,,,,,,,,,,,,99.5,92.4,100.0,99.5
2017-12-03,,,,,,,,,,,,,99.5,93.1,100.0,99.5
2017-12-04,100.0,97.3,93.3,,,,,,,,,,99.5,95.5,100.0,99.5
2017-12-05,100.0,98.5,93.4,,,,,,,,,,99.7,95.8,100.0,99.7
2017-12-06,100.0,99.3,92.4,100.0,98.1,100.0,,,,,,,99.7,97.1,100.0,99.7
2017-12-07,,,,,,,,,,,,,99.7,96.2,100.0,99.7
2017-12-08,,,,,,,,,,,,,99.7,96.9,100.0,99.7
2017-12-09,,,,,,,,,,,,,99.7,96.7,100.0,99.7
2017-12-10,100.0,99.7,91.3,,,,,,,,,,99.7,97.5,100.0,99.7
2017-12-11,100.0,99.8,92.0,,,,,,,,,,99.7,97.7,100.0,99.7
2017-12-12,100.0,99.9,89.4,,,,,,,,,,99.5,97.9,100.0,99.5
2017-12-13,,,,,,,,,,,,,99.1,97.6,100.0,99.1
2017-12-14,,,,,,,,,,,,,99.0,97.7,100.0,99.0
2017-12-15,,,,,,,,,,,,,99.0,97.6,100.0,99.0
2017-12-16,100.0,100.0,90.0,100.0,99.4,51.7,,,,,,,99.0,98.1,100.0,99.0
2017-12-17,100.0,100.0,87.7,,,,,,,,,,99.3,98.2,100.0,99.3
2017-12-18,100.0,100.0,80.8,,,,,,,,,,99.3,98.2,100.0,99.3
2017-12-19,,,,,,,,,,,,,100.0,98.5,100.0,100.0
2017-12-20,,,,,,,,,,,,,100.0,98.7,100.0,100.0
2017-12-21,,,,99.8,97.5,100.0,,,,,,,100.0,98.9,100.0,100.0
2017-12-22,100.0,100.0,82.9,,,,,,,,,,100.0,99.0,100.0,100.0
2017-12-23,100.0,100.0,91.0,,,,,,,,,,100.0,99.1,100.0,100.0
2017-12-24,100.0,100.0,91.0,,,,,,,,,,100.0,99.0,100.0,100.0
2017-12-25,,,,,,,100.0,99.9,100.0,,,,100.0,99.3,100.0,100.0
2017-12-26,,,,,,,,,,,,,100.0,99.1,100.0,100.0
2017-12-27,,,,,,,,,,,,,100.0,99.2,100.0,100.0
2017-12-28,100.0,100.0,90.5,,,,,,,,,,100.0,99.2,100.0,100.0
2017-12-29,100.0,100.0,86.7,,,,,,,,,,100.0,99.2,100.0,100.0
2017-12-30,100.0,100.0,92.4,,,,,,,,,,100.0,99.1,100.0,100.0
2017-12-31,,,,99.3,97.7,100.0,,,,,,,100.0,99.1,100.0,100.0
2018-01-01,,,,,,,,,,,,,99.3,98.6,100.0,99.3
2018-01-02,,,,,,,,,,,,,99.3,98.6,100.0,99.3
2018-01-03,100.0,100.0,89.0,,,,,,,,,,99.1,98.5,100.0,99.1
2018-01-04,100.0,100.0,92.1,,,,,,,,,,99.1,98.5,100.0,99.1
2018-01-05,100.0,100.0,93.8,,,,,,,,,,99.0,98.5,100.0,99.0
2018-01-06,,,,,,,,,,,,,99.5,98.5,100.0,99.5
2018-01-07,,,,,,,,,,,,,99.0,98.3,100.0,99.0
2018-01-08,,,,,,,,,,,,,99.0,98.2,100.0,99.0
2018-01-09,100.0,100.0,93.0,,,,,,,,,,99.1,98.4,100.0,99.1
2018-01-10,100.0,100.0,93.0,99.3,96.3,100.0,,,,,,,99.7,98.6,100.0,99.7
2018-01-11,100.0,100.0,92.6,,,,,,,,,,99.7,98.6,100.0,99.7
2018-01-12,,,,,,,,,,,,,100.0,98.7,100.0,100.0
2018-01-13,,,,,,,,,,,,,100.0,98.9,100.0,100.0
2018-01-14,,,,,,,,,,,,,100.0,99.1,100.0,100.0
2018-01-15,100.0,100.0,90.9,100.0,99.0,100.0,,,,,,,100.0,99.1,100.0,100.0
2018-01-16,100.0,100.0,91.6,,,,,,,,,,100.0,98.9,100.0,100.0
2018-01-17,100.0,100.0,91.4,,,,,,,,,,100.0,98.8,100.0,100.0
2018-01-18,,,,,,,,,,,,,100.0,98.7,100.0,100.0
2018-01-19,,,,,,,,,,,,,100.0,98.7,100.0,100.0
2018-01-20,,,,,,,,,,,,,100.0,98.6,100.0,100.0
2018-01-21,100.0,100.0,89.5,,,,,,,,,,100.0,98.8,100.0,100.0
2018-01-22,100.0,100.0,91.4,,,,,,,,,,100.0,98.8,100.0,100.0
2018-01-23,100.0,100.0,88.2,,,,,,,,,,100.0,98.8,100.0,100.0
2018-01-24,,,,,,,,,,,,,100.0,98.5,100.0,100.0
2018-01-25,,,,,,,,,,,,,100.0,98.9,100.0,100.0
2018-01-26,,,,,,,,,,,,,100.0,98.8,100.0,100.0
2018-01-27,100.0,100.0,89.4,,,,,,,,,,100.0,99.1,100.0,100.0
2018-01-28,100.0,100.0,90.6,,,,,,,,,,100.0,99.0,100.0,100.0
2018-01-29,100.0,100.0,91.1,,,,,,,,,,100.0,99.2,100.0,100.0
2018-01-30,,,,100.0,98.8,100.0,,,,,,,100.0,99.2,100.0,100.0
2018-01-31,,,,,,,,,,,,,100.0,99.3,100.0,100.0
2018-02-01,,,,,,,,,,,,,100.0,99.2,100.0,100.0
2018-02-02,100.0,100.0,88.5,,,,,,,,,,100.0,99.4,100.0,100.0
2018-02-03,100.0,100.0,91.6,,,,,,,,,,100.0,99.4,100.0,100.0
2018-02-04,100.0,100.0,89.9,100.0,99.2,82.8,,,,,,,100.0,99.6,100.0,100.0
2018-02-05,,,,,,,,,,,,,100.0,99.5,100.0,100.0
2018-02-06,,,,,,,,,,,,,100.0,99.6,100.0,100.0
2018-02-07,,,,,,,,,,,,,100.0,99.6,100.0,100.0
2018-02-08,100.0,100.0,89.2,,,,,,,,,,100.0,99.7,100.0,100.0
2018-02-09,100.0,100.0,90.6,100.0,99.0,100.0,,,,,,,100.0,99.7,100.0,100.0
2018-02-10,100.0,100.0,90.7,,,,,,,,,,100.0,99.7,100.0,100.0
2018-02-11,,,,,,,,,,,,,100.0,99.7,100.0,100.0
2018-02-12,,,,,,,,,,,,,100.0,99.7,100.0,100.0
2018-02-13,,,,,,,,,,,,,100.0,99.8,100.0,100.0
2018-02-14,100.0,100.0,89.2,100.0,99.5,100.0,,,,,,,100.0,99.8,100.0,100.0
2018-02-15,100.0,100.0,90.4,,,,,,,,,,100.0,99.8,100.0,100.0
2018-02-16,100.0,100.0,92.5,,,,,,,,,,100.0,99.8,100.0,100.0
2018-02-17,,,,,,,,,,,,,100.0,99.7,100.0,100.0
2018-02-18,,,,,,,,,,,,,100.0,99.6,100.0,100.0
2018-02-19,,,,100.0,99.6,100.0,,,,,,,100.0,99.6,100.0,100.0
2018-02-20,100.0,100.0,88.5,,,,,,,,,,100.0,99.5,100.0,100.0
2018-02-21,100.0,100.0,91.1,,,,,,,,,,100.0,99.6,100.0,100.0
2018-02-22,100.0,100.0,91.6,,,,,,,,,,100.0,99.6,100.0,100.0
2018-02-23,,,,,,,,,,,,,100.0,99.6,100.0,100.0
2018-02-24,,,,,,,,,,,,,100.0,99.6,100.0,100.0
2018-02-25,,,,,,,,,,,,,100.0,99.7,100.0,100.0
2018-02-26,100.0,100.0,90.7,,,,,,,,,,100.0,99.8,100.0,100.0
2018-02-27,100.0,100.0,91.6,,,,100.0,100.0,100.0,,,,100.0,99.9,100.0,100.0
2018-02-28,100.0,100.0,89.0,,,,,,,,,,100.0,99.9,100.0,100.0
2018-03-01,,,,,,,,,,,,,100.0,99.9,100.0,100.0
2018-03-02,,,,,,,,,,,,,100.0,99.9,100.0,100.0
2018-03-03,,,,,,,,,,,,,100.0,99.9,100.0,100.0
2018-03-04,100.0,100.0,89.7,,,,,,,,,,100.0,99.9,100.0,100.0
2018-03-05,100.0,100.0,91.1,,,,,,,,,,100.0,99.9,100.0,100.0
2018-03-06,100.0,100.0,91.1,100.0,99.9,100.0,,,,,,,100.0,100.0,100.0,100.0
2018-03-07,,,,,,,,,,,,,100.0,99.9,100.0,100.0
2018-03-08,,,,,,,,,,,,,100.0,99.9,100.0,100.0
2018-03-09,,,,,,,,,,,,,100.0,99.9,100.0,100.0
2018-03-10,100.0,100.0,88.9,,,,,,,,,,100.0,99.9,100.0,100.0
2018-03-11,100.0,100.0,91.6,,,,,,,,,,100.0,99.9,100.0,100.0
2018-03-12,100.0,100.0,91.1,,,,,,,,,,100.0,99.9,100.0,100.0
2018-03-13,,,,,,,,,,,,,100.0,99.8,100.0,100.0
2018-03-14,,,,,,,,,,,,,100.0,99.9,100.0,100.0
2018-03-15,,,,,,,,,,,,,100.0,99.7,100.0,100.0
2018-03-16,,,,100.0,100.0,100.0,,,,,,,100.0,99.8,100.0,100.0
2018-03-17,100.0,100.0,91.4,,,,,,,,,,100.0,99.7,100.0,100.0
2018-03-18,100.0,99.9,90.9,,,,,,,,,,100.0,99.8,100.0,100.0
2018-03-19,,,,,,,,,,,,,100.0,99.7,100.0,100.0
2018-03-20,,,,,,,,,,,,,100.0,99.7,100.0,100.0
2018-03-21,,,,100.0,100.0,100.0,,,,,,,100.0,99.8,100.0,100.0
2018-03-22,100.0,99.8,90.9,,,,,,,,,,100.0,99.7,100.0,100.0
2018-03-23,100.0,100.0,73.6,,,,,,,,,,100.0,99.6,100.0,100.0
2018-03-24,100.0,100.0,70.5,,,,,,,,,,100.0,99.6,100.0,100.0
2018-03-25,,,,,,,,,,,,,100.0,99.5,100.0,100.0
2018-03-26,,,,,,,,,,,,,100.0,99.4,100.0,100.0
2018-03-27,,,,,,,,,,,,,100.0,99.3,100.0,100.0
2018-03-28,100.0,100.0,71.7,,,,,,,,,,100.0,99.2,100.0,100.0
2018-03-29,100.0,100.0,71.9,,,,,,,,,,100.0,98.8,100.0,100.0
2018-03-30,100.0,100.0,72.2,,,,,,,,,,100.0,98.1,100.0,100.0
2018-03-31,,,,,,,,,,,,,100.0,97.6,100.0,100.0
2018-04-01,,,,,,,,,,,,,100.0,96.8,100.0,100.0
2018-04-02,,,,,,,,,,,,,100.0,96.9,100.0,100.0
2018-04-03,100.0,100.0,72.6,,,,,,,,,,99.8,95.8,100.0,99.8
2018-04-04,100.0,99.9,73.8,,,,,,,,,,99.3,95.1,100.0,99.3
2018-04-05,100.0,99.6,73.8,,,,,,,,,,96.9,94.3,100.0,96.9
2018-04-06,,,,,,,,,,,,,97.9,93.7,100.0,97.9
2018-04-07,,,,,,,,,,,,,94.7,92.5,100.0,94.7
2018-04-08,,,,,,,,,,,,,95.0,91.6,100.0,95.0
2018-04-09,100.0,98.4,74.1,,,,,,,,,,93.7,90.9,100.0,93.7
2018-04-10,100.0,95.8,74.3,,,,,,,,,,100.0,92.0,100.0,100.0
2018-04-11,100.0,96.4,74.3,,,,,,,,,,100.0,91.6,100.0,100.0
2018-04-12,,,,,,,,,,,,,100.0,92.8,100.0,100.0
2018-04-13,,,,,,,,,,,,,100.0,94.6,100.0,100.0
2018-04-14,,,,,,,,,,,,,100.0,96.7,100.0,100.0
2018-04-15,100.0,94.4,73.9,,,,,,,,,,100.0,97.7,100.0,100.0
2018-04-16,100.0,91.6,74.1,,,,100.0,100.0,100.0,,,,100.0,98.9,100.0,100.0
2018-04-17,98.6,82.4,74.3,,,,,,,,,,100.0,98.8,100.0,100.0
2018-04-18,,,,,,,,,,,,,100.0,99.0,100.0,100.0
2018-04-19,,,,,,,,,,,,,100.0,99.1,100.0,100.0
2018-04-20,,,,100.0,100.0,100.0,,,,,,,100.0,99.4,100.0,100.0
2018-04-21,99.5,86.2,74.3,,,,,,,,,,100.0,99.3,100.0,100.0
2018-04-22,99.5,84.9,74.3,,,,,,,,,,100.0,99.2,100.0,100.0
2018-04-23,100.0,83.0,74.3,,,,,,,,,,100.0,99.4,100.0,100.0
2018-04-24,,,,,,,,,,,,,100.0,99.2,100.0,100.0
2018-04-25,,,,100.0,99.8,100.0,,,,,,,100.0,99.2,100.0,100.0
2018-04-26,,,,,,,,,,,,,100.0,98.6,100.0,100.0
2018-04-27,92.1,65.7,74.3,,,,,,,,,,100.0,98.6,100.0,100.0
2018-04-28,56.8,47.4,74.3,,,,,,,,,,100.0,98.1,100.0,100.0
2018-04-29,58.9,49.0,74.3,,,,,,,,,,100.0,97.5,100.0,100.0
2018-04-30,,,,,,,,,,,,,100.0,96.6,100.0,100.0
2018-05-01,,,,,,,,,,,,,100.0,96.5,100.0,100.0
2018-05-02,,,,,,,,,,,,,100.0,94.2,100.0,100.0
2018-05-03,32.6,37.5,74.3,,,,,,,,,,100.0,93.0,100.0,100.0
2018-05-04,32.6,36.8,74.3,,,,,,,,,,100.0,91.7,100.0,100.0
2018-05-05,47.8,44.4,74.3,,,,,,,,,,100.0,92.6,100.0,100.0
2018-05-06,,,,,,,,,,,,,100.0,91.3,100.0,100.0
2018-05-07,,,,,,,,,,,,,100.0,92.6,100.0,100.0
2018-05-08,,,,,,,,,,,,,100.0,92.5,100.0,100.0
2018-05-09,71.8,54.2,74.1,,,,,,,,,,100.0,94.5,100.0,100.0
2018-05-10,90.3,63.8,74.3,,,,,,,,,,100.0,95.3,100.0,100.0
2018-05-11,81.8,59.8,74.3,,,,,,,,,,100.0,96.0,100.0,100.0
2018-05-12,,,,,,,,,,,,,100.0,95.8,100.0,100.0
2018-05-13,,,,,,,,,,,,,100.0,96.5,100.0,100.0
2018-05-14,,,,,,,,,,,,,100.0,96.8,100.0,100.0
2018-05-15,78.1,57.1,74.3,100.0,99.9,100.0,,,,,,,100.0,97.7,100.0,100.0
2018-05-16,75.1,58.4,74.3,,,,,,,,,,100.0,97.0,100.0,100.0
2018-05-17,63.7,56.8,74.3,,,,,,,,,,100.0,97.1,100.0,100.0
2018-05-18,,,,,,,,,,,,,100.0,96.7,100.0,100.0
2018-05-19,,,,,,,,,,,,,100.0,96.8,100.0,100.0
2018-05-20,,,,,,,,,,,,,100.0,96.1,100.0,100.0
2018-05-21,53.3,49.1,74.3,,,,,,,,,,100.0,96.5,100.0,100.0
2018-05-22,98.3,67.3,39.5,,,,,,,,,,100.0,96.0,100.0,100.0
2018-05-23,99.6,64.7,39.5,,,,,,,,,,100.0,96.2,100.0,100.0
2018-05-24,,,,,,,,,,,,,100.0,95.4,100.0,100.0
2018-05-25,,,,100.0,98.9,100.0,,,,,,,100.0,96.0,100.0,100.0
2018-05-26,,,,,,,,,,,,,100.0,94.4,100.0,100.0
2018-05-27,96.1,63.9,39.5,,,,,,,,,,100.0,94.5,100.0,100.0
2018-05-28,96.5,65.2,39.5,,,,,,,,,,100.0,93.3,100.0,100.0
2018-05-29,93.0,62.0,39.5,,,,,,,,,,100.0,93.8,100.0,100.0
2018-05-30,,,,,,,,,,,,,100.0,93.2,100.0,100.0
2018-05-31,,,,,,,,,,,,,100.0,93.5,100.0,100.0
2018-06-01,,,,,,,,,,,,,100.0,93.7,100.0,100.0
2018-06-02,87.4,57.8,39.5,,,,,,,,,,100.0,92.8,100.0,100.0
2018-06-03,95.2,70.9,39.5,,,,,,,,,,100.0,93.2,100.0,100.0
2018-06-04,94.8,69.9,39.5,,,,,,,,,,100.0,93.3,100.0,100.0
2018-06-05,,,,,,,,,,,,,100.0,93.9,100.0,100.0
2018-06-06,,,,,,,,,,,,,100.0,93.9,100.0,100.0
2018-06-07,,,,,,,,,,,,,100.0,94.2,100.0,100.0
2018-06-08,95.2,76.1,39.5,,,,,,,,,,100.0,94.7,100.0,100.0
2018-06-09,73.9,51.2,39.5,100.0,97.6,94.2,,,,,,,100.0,95.5,100.0,100.0
2018-06-10,,,,,,,,,,,,,99.8,94.9,100.0,99.8
2018-06-11,,,,,,,,,,,,,99.7,94.1,100.0,99.7
2018-06-12,,,,,,,,,,,,,99.7,94.4,100.0,99.7
2018-06-13,,,,,,,,,,,,,99.7,94.4,100.0,99.7
2018-06-14,72.6,50.8,39.5,97.1,92.5,100.0,,,,,,,99.7,94.5,100.0,99.7
2018-06-15,20.0,31.5,39.5,,,,,,,,,,99.7,93.2,100.0,99.7
2018-06-16,7.0,25.2,39.5,,,,,,,,,,99.3,92.7,100.0,99.3
2018-06-17,,,,,,,,,,,,,99.0,92.2,100.0,99.0
2018-06-18,,,,,,,,,,,,,97.3,90.1,100.0,97.3
2018-06-19,,,,80.4,66.1,100.0,,,,,,,95.7,87.8,100.0,95.7
2018-06-20,0.0,12.7,39.5,,,,,,,,,,93.7,84.4,100.0,93.7
2018-06-21,0.0,6.8,39.5,,,,,,,,,,92.1,81.2,100.0,92.1
2018-06-22,,,,,,,,,,,,,88.5,76.0,100.0,88.5
2018-06-23,,,,,,,,,,,,,80.3,65.8,100.0,80.3
2018-06-24,,,,,,,,,,,,,45.6,53.9,100.0,45.6
2018-06-25,,,,,,,,,,,,,5.5,40.6,100.0,5.5
2018-06-26,0.0,3.3,39.5,,,,,,,,,,0.9,29.9,100.0,0.9
2018-06-27,0.0,1.8,39.5,,,,,,,,,,0.0,18.5,100.0,0.0
2018-06-28,0.0,1.2,39.5,,,,,,,,,,0.0,11.8,100.0,0.0
2018-06-29,,,,0.2,2.1,75.6,,,,,,,0.0,9.6,100.0,0.0
2018-06-30,,,,,,,,,,,,,0.0,6.9,100.0,0.0
2018-07-01,,,,,,,,,,,,,0.0,4.7,100.0,0.0
2018-07-02,0.0,0.8,39.5,,,,,,,,,,0.0,3.9,100.0,0.0
2018-07-03,0.0,0.8,39.5,,,,,,,,,,0.0,3.7,100.0,0.0
2018-07-04,,,,,,,,,,,,,0.0,3.5,100.0,0.0
2018-07-05,,,,,,,,,,,,,0.0,3.0,100.0,0.0
2018-07-06,,,,,,,,,,,,,0.0,3.0,100.0,0.0
2018-07-07,,,,,,,,,,,,,0.0,2.8,100.0,0.0
2018-07-08,0.0,0.6,39.5,,,,,,,,,,0.0,2.4,100.0,0.0
2018-07-09,0.0,0.8,39.5,0.0,0.1,100.0,,,,,,,0.0,2.0,100.0,0.0
2018-07-10,0.0,1.1,39.5,,,,,,,,,,0.0,2.1,100.0,0.0
2018-07-11,,,,,,,,,,,,,0.0,1.9,100.0,0.0
2018-07-12,,,,,,,,,,,,,0.0,1.8,100.0,0.0
2018-07-13,,,,,,,,,,,,,0.0,1.5,100.0,0.0
2018-07-14,0.0,1.0,39.5,,,,,,,,,,0.0,1.4,100.0,0.0
2018-07-15,0.0,0.9,39.5,,,,,,,,,,0.0,1.2,100.0,0.0
2018-07-16,0.0,1.3,39.5,,,,,,,,,,0.0,1.1,100.0,0.0
2018-07-17,,,,,,,,,,,,,0.0,1.0,100.0,0.0
2018-07-18,,,,,,,,,,,,,0.0,0.8,100.0,0.0
2018-07-19,,,,0.0,0.0,100.0,,,,,,,0.0,0.6,100.0,0.0
2018-07-20,0.0,0.9,39.5,,,,,,,,,,0.0,0.6,100.0,0.0
2018-07-21,0.0,0.9,39.5,,,,,,,,,,0.0,0.7,100.0,0.0
2018-07-22,0.0,0.9,39.5,,,,,,,,,,0.0,0.5,100.0,0.0
2018-07-23,,,,,,,,,,,,,0.0,0.5,100.0,0.0
2018-07-24,,,,,,,,,,,,,0.0,0.4,100.0,0.0
2018-07-25,,,,,,,,,,,,,0.0,0.4,100.0,0.0
2018-07-26,0.0,0.5,39.5,,,,,,,,,,0.0,0.3,100.0,0.0
2018-07-27,20.4,20.8,99.8,,,,,,,,,,0.0,0.5,100.0,0.0
2018-07-28,19.7,15.9,100.0,,,,,,,,,,0.0,0.3,100.0,0.0
2018-07-29,,,,,,,,,,,,,0.0,0.4,100.0,0.0
2018-07-30,,,,,,,,,,,,,0.0,0.3,100.0,0.0
2018-07-31,,,,,,,,,,,,,0.0,0.4,100.0,0.0
2018-08-01,11.9,10.3,99.7,,,,,,,,,,0.0,0.3,100.0,0.0
2018-08-02,0.1,1.7,99.8,,,,,,,,,,0.0,0.4,100.0,0.0
2018-08-03,0.0,0.7,99.1,0.0,0.0,100.0,,,,,,,0.0,0.3,100.0,0.0
2018-08-04,,,,,,,,,,0.0,9.2,84.9,0.0,0.4,100.0,0.0
2018-08-05,,,,,,,,,,,,,0.0,0.5,100.0,0.0
2018-08-06,,,,,,,,,,,,,0.0,0.5,100.0,0.0
2018-08-07,0.0,0.5,99.3,,,,,,,,,,0.0,0.6,100.0,0.0
2018-08-08,0.0,0.8,99.8,,,,,,,0.0,4.7,100.0,0.0,0.7,100.0,0.0
2018-08-09,0.0,0.5,99.8,,,,,,,,,,0.0,0.8,100.0,0.0
2018-08-10,,,,,,,,,,0.0,1.3,100.0,0.0,0.7,100.0,0.0
2018-08-11,,,,,,,,,,0.0,0.4,100.0,0.0,1.2,100.0,0.0
2018-08-12,,,,,,,,,,,,,0.0,1.0,100.0,0.0
2018-08-13,0.0,0.4,100.0,,,,,,,,,,0.0,0.9,100.0,0.0
2018-08-14,0.0,0.5,99.8,,,,,,,0.0,0.6,56.9,0.0,0.7,100.0,0.0
2018-08-15,0.0,0.4,99.8,,,,,,,,,,0.0,0.9,100.0,0.0
2018-08-16,,,,,,,,,,,,,0.0,1.0,100.0,0.0
2018-08-17,,,,,,,,,,,,,0.0,1.0,100.0,0.0
2018-08-18,,,,0.0,0.0,100.0,,,,,,,0.0,0.9,100.0,0.0
2018-08-19,0.0,0.5,99.8,,,,,,,,,,0.0,0.9,100.0,0.0
2018-08-20,0.0,0.3,99.5,,,,,,,,,,0.0,0.8,100.0,0.0
2018-08-21,0.0,0.3,99.8,,,,,,,0.0,0.1,100.0,0.0,0.8,100.0,0.0
2018-08-22,,,,,,,,,,,,,0.0,1.1,100.0,0.0
2018-08-23,,,,0.0,0.0,72.0,,,,,,,0.0,0.8,100.0,0.0
2018-08-24,,,,,,,,,,0.0,0.1,100.0,0.0,0.7,100.0,0.0
2018-08-25,0.0,0.1,99.8,,,,,,,,,,0.0,0.9,100.0,0.0
2018-08-26,0.0,0.2,99.8,,,,,,,,,,0.0,1.1,100.0,0.0
2018-08-27,0.0,0.2,99.8,,,,,,,,,,0.0,0.8,100.0,0.0
2018-08-28,,,,0.0,0.0,100.0,,,,0.0,0.0,100.0,0.0,0.6,100.0,0.0
2018-08-29,,,,,,,,,,,,,0.0,0.7,100.0,0.0
2018-08-30,,,,,,,,,,,,,0.0,0.8,100.0,0.0
2018-08-31,0.0,0.3,99.7,,,,,,,0.0,0.0,100.0,0.0,0.8,100.0,0.0
2018-09-01,0.0,0.6,100.0,,,,,,,,,,0.0,0.7,100.0,0.0
2018-09-02,0.0,0.6,100.0,,,,,,,,,,0.0,0.8,100.0,0.0
2018-09-03,,,,,,,,,,0.0,0.1,100.0,0.0,0.8,100.0,0.0
2018-09-04,,,,,,,,,,,,,0.0,0.7,100.0,0.0
2018-09-05,,,,,,,,,,,,,0.0,1.0,100.0,0.0
2018-09-06,0.0,0.8,99.7,,,,,,,0.0,0.1,100.0,0.0,0.8,100.0,0.0
2018-09-07,0.1,0.8,95.4,,,,,,,0.0,0.1,100.0,0.0,0.7,100.0,0.0
2018-09-08,0.0,0.6,87.0,,,,,,,,,,0.0,0.6,100.0,0.0
2018-09-09,,,,,,,,,,,,,0.0,0.5,100.0,0.0
2018-09-10,,,,,,,,,,,,,0.0,0.5,100.0,0.0
2018-09-11,,,,,,,,,,,,,0.0,0.4,100.0,0.0
2018-09-12,0.0,0.4,94.2,0.0,0.0,100.0,,,,0.0,0.5,88.2,0.0,0.3,100.0,0.0
2018-09-13,0.0,0.5,100.0,,,,,,,,,,0.0,0.3,100.0,0.0
2018-09-14,0.0,0.6,99.0,,,,,,,,,,0.0,0.3,100.0,0.0
2018-09-15,,,,,,,,,,,,,0.0,0.3,100.0,0.0
2018-09-16,,,,,,,,,,,,,0.0,0.3,100.0,0.0
2018-09-17,,,,0.0,0.0,71.0,,,,,,,0.0,0.3,100.0,0.0
2018-09-18,0.0,0.9,99.8,,,,,,,,,,0.0,0.2,100.0,0.0
2018-09-19,0.2,0.8,100.0,,,,,,,,,,0.0,0.2,100.0,0.0
2018-09-20,0.2,1.1,100.0,,,,,,,,,,0.0,0.1,100.0,0.0
2018-09-21,,,,,,,,,,,,,0.0,0.2,100.0,0.0
2018-09-22,,,,0.0,0.0,100.0,,,,0.0,0.5,100.0,0.0,0.2,100.0,0.0
2018-09-23,,,,,,,0.0,0.0,100.0,,,,0.0,0.3,100.0,0.0
2018-09-24,0.1,0.9,99.3,,,,,,,0.0,1.8,100.0,0.0,0.2,100.0,0.0
2018-09-25,0.2,1.6,99.8,,,,,,,,,,0.0,0.3,100.0,0.0
2018-09-26,0.2,1.9,100.0,,,,,,,0.0,3.1,100.0,0.0,0.2,100.0,0.0
2018-09-27,,,,0.0,0.0,100.0,,,,,,,0.0,0.3,100.0,0.0
2018-09-28,,,,,,,,,,,,,0.0,0.3,100.0,0.0
2018-09-29,,,,,,,,,,,,,0.0,0.5,100.0,0.0
2018-09-30,0.0,1.4,100.0,,,,,,,,,,0.0,0.5,100.0,0.0
2018-10-01,0.0,1.7,99.7,,,,,,,,,,0.0,0.9,100.0,0.0
2018-10-02,0.0,1.7,100.0,0.0,0.0,100.0,,,,,,,0.0,0.6,100.0,0.0
2018-10-03,,,,,,,,,,,,,0.0,0.7,100.0,0.0
2018-10-04,,,,,,,,,,,,,0.0,0.5,100.0,0.0
2018-10-05,,,,,,,,,,,,,0.0,0.6,100.0,0.0
2018-10-06,0.0,1.7,99.7,,,,,,,,,,0.0,0.5,100.0,0.0
2018-10-07,0.0,2.3,100.0,,,,,,,,,,0.0,0.6,100.0,0.0
2018-10-08,0.0,2.2,100.0,,,,,,,,,,0.0,0.5,100.0,0.0
2018-10-09,,,,,,,,,,,,,0.0,0.8,100.0,0.0
2018-10-10,,,,,,,,,,,,,0.0,1.0,100.0,0.0
2018-10-11,,,,,,,,,,,,,0.0,1.0,100.0,0.0
2018-10-12,0.0,1.7,99.7,,,,,,,,,,0.0,0.9,100.0,0.0
2018-10-13,0.0,1.8,100.0,,,,,,,,,,0.0,0.9,100.0,0.0
2018-10-14,0.0,1.6,99.8,,,,,,,,,,0.0,1.0,100.0,0.0
2018-10-15,,,,,,,,,,,,,0.0,1.3,100.0,0.0
2018-10-16,,,,,,,,,,,,,0.0,1.5,100.0,0.0
2018-10-17,,,,0.0,0.0,100.0,,,,,,,0.0,1.3,100.0,0.0
2018-10-18,0.0,1.5,99.7,,,,,,,,,,0.0,1.2,100.0,0.0
2018-10-19,0.2,0.4,100.0,,,,,,,,,,0.0,1.3,100.0,0.0
2018-10-20,0.2,0.5,100.0,,,,,,,,,,0.0,1.4,100.0,0.0
2018-10-21,,,,,,,,,,,,,0.0,1.6,100.0,0.0
2018-10-22,,,,0.0,0.0,100.0,,,,,,,0.0,1.2,100.0,0.0
2018-10-23,,,,,,,,,,,,,0.0,1.5,100.0,0.0
2018-10-24,0.0,0.3,99.8,,,,,,,,,,0.0,1.5,100.0,0.0
2018-10-25,0.3,0.6,100.0,,,,,,,,,,0.0,1.5,100.0,0.0
2018-10-26,0.9,2.3,99.8,,,,,,,,,,0.0,1.3,100.0,0.0
2018-10-27,,,,,,,,,,,,,0.0,1.5,100.0,0.0
2018-10-28,,,,,,,,,,,,,0.0,1.5,100.0,0.0
2018-10-29,,,,,,,,,,,,,0.0,1.5,100.0,0.0
2018-10-30,5.4,5.2,99.8,,,,,,,,,,0.0,2.1,100.0,0.0
2018-10-31,9.2,11.7,100.0,,,,,,,,,,0.0,2.8,100.0,0.0
2018-11-01,1.9,11.9,89.5,,,,,,,,,,0.0,3.0,100.0,0.0
2018-11-02,,,,,,,,,,,,,0.0,3.3,100.0,0.0
2018-11-03,,,,,,,,,,,,,0.0,3.1,100.0,0.0
2018-11-04,,,,,,,,,,,,,0.0,3.5,100.0,0.0
2018-11-05,1.9,8.8,89.7,,,,,,,,,,0.0,3.4,100.0,0.0
2018-11-06,0.6,4.1,89.2,,,,,,,,,,0.0,3.7,100.0,0.0
2018-11-07,0.2,1.4,89.0,,,,,,,,,,0.0,3.9,100.0,0.0
2018-11-08,,,,,,,,,,,,,0.0,4.6,100.0,0.0
2018-11-09,,,,,,,,,,,,,0.0,4.9,100.0,0.0
2018-11-10,,,,,,,,,,,,,0.0,4.8,100.0,0.0
2018-11-11,0.0,0.6,89.4,,,,,,,,,,0.0,3.8,100.0,0.0
2018-11-12,0.0,0.2,89.7,,,,,,,,,,0.0,4.4,100.0,0.0
2018-11-13,0.0,0.2,89.0,,,,,,,,,,0.0,4.1,100.0,0.0
2018-11-14,,,,,,,,,,,,,0.0,5.5,100.0,0.0
2018-11-15,,,,,,,,,,,,,0.0,5.5,100.0,0.0
2018-11-16,,,,0.0,0.1,99.8,,,,,,,0.0,6.7,100.0,0.0
2018-11-17,0.0,0.2,88.9,,,,,,,,,,0.0,6.9,100.0,0.0
2018-11-18,0.0,0.3,89.7,,,,,,,,,,0.0,8.4,100.0,0.0
2018-11-19,0.0,0.4,89.7,,,,,,,,,,0.0,8.2,100.0,0.0
2018-11-20,,,,,,,,,,,,,0.0,10.7,100.0,0.0
2018-11-21,,,,,,,,,,,,,0.0,10.8,100.0,0.0
2018-11-22,,,,,,,,,,,,,0.0,11.7,100.0,0.0
2018-11-23,0.0,0.7,89.7,,,,,,,,,,0.0,10.3,100.0,0.0
2018-11-24,0.0,0.8,89.4,,,,,,,,,,0.0,14.2,100.0,0.0
2018-11-25,,,,,,,,,,,,,0.0,13.7,100.0,0.0
2018-11-26,,,,,,,,,,,,,0.0,12.5,100.0,0.0
2018-11-27,,,,,,,,,,,,,0.0,11.8,100.0,0.0
2018-11-28,,,,,,,,,,,,,0.0,11.3,100.0,0.0
2018-11-29,0.0,0.9,89.5,,,,,,,,,,0.0,12.1,100.0,0.0
2018-11-30,0.0,0.4,89.4,,,,,,,,,,0.0,9.5,100.0,0.0
2018-12-01,0.0,0.7,89.7,0.5,0.9,100.0,,,,,,,0.0,9.9,100.0,0.0
2018-12-02,,,,,,,,,,,,,0.0,9.2,100.0,0.0
2018-12-03,,,,,,,,,,,,,0.0,10.6,100.0,0.0
2018-12-04,,,,,,,,,,,,,0.0,8.8,100.0,0.0
2018-12-05,0.1,0.9,89.7,,,,,,,,,,0.0,11.8,100.0,0.0
2018-12-06,0.0,3.2,89.5,,,,,,,,,,0.0,9.7,100.0,0.0
2018-12-07,0.2,5.6,89.7,,,,,,,,,,0.0,13.1,100.0,0.0
2018-12-08,,,,,,,,,,,,,0.0,12.2,100.0,0.0
2018-12-09,,,,,,,,,,,,,0.0,17.0,100.0,0.0
2018-12-10,,,,,,,,,,,,,0.0,17.0,100.0,0.0
2018-12-11,1.6,17.6,89.5,3.8,8.1,100.0,,,,,,,0.3,27.5,100.0,0.3
2018-12-12,83.0,56.1,89.7,,,,,,,,,,0.9,33.3,100.0,0.9
2018-12-13,0.0,13.3,11.0,,,,,,,,,,1.9,39.2,100.0,1.9
2018-12-14,,,,,,,,,,,,,5.8,42.7,100.0,5.8
2018-12-15,,,,,,,,,,,,,34.1,49.0,100.0,34.1
2018-12-16,,,,,,,,,,,,,31.9,47.8,100.0,31.9
2018-12-17,54.7,45.8,11.0,,,,,,,,,,52.7,51.1,100.0,52.7
2018-12-18,84.4,55.4,11.0,,,,,,,,,,55.9,52.4,100.0,55.9
2018-12-19,93.8,59.7,11.0,,,,,,,,,,59.7,56.1,100.0,59.7
2018-12-20,,,,,,,,,,,,,60.2,58.6,100.0,60.2
2018-12-21,,,,,,,,,,,,,59.5,56.9,100.0,59.5
2018-12-22,,,,,,,,,,,,,60.9,60.2,100.0,60.9
2018-12-23,92.2,62.9,11.0,,,,,,,,,,59.7,60.5,100.0,59.7
2018-12-24,100.0,75.9,11.0,,,,,,,,,,61.9,62.7,100.0,61.9
2018-12-25,100.0,77.3,11.0,,,,,,,,,,64.3,64.3,100.0,64.3
2018-12-26,,,,98.5,78.0,100.0,,,,,,,77.4,70.3,100.0,77.4
2018-12-27,,,,,,,,,,,,,89.4,74.1,100.0,89.4
2018-12-28,,,,,,,,,,,,,99.3,78.5,100.0,99.3
2018-12-29,100.0,89.0,11.0,,,,,,,,,,99.5,80.1,100.0,99.5
2018-12-30,100.0,93.2,11.0,,,,,,,,,,99.5,84.4,100.0,99.5
2018-12-31,100.0,92.3,11.0,99.7,96.4,100.0,,,,,,,99.7,87.9,100.0,99.7
2019-01-01,,,,,,,,,,,,,99.3,89.9,100.0,99.3
2019-01-02,,,,,,,,,,,,,99.7,91.3,100.0,99.7
2019-01-03,,,,,,,,,,,,,99.8,93.4,100.0,99.8
2019-01-04,100.0,93.6,10.8,,,,,,,,,,99.8,95.0,100.0,99.8
2019-01-05,100.0,94.8,10.8,99.5,95.7,100.0,,,,,,,100.0,96.4,100.0,100.0
2019-01-06,100.0,87.4,94.7,,,,,,,,,,100.0,97.0,100.0,100.0
2019-01-07,,,,,,,,,,,,,100.0,97.2,100.0,100.0
2019-01-08,,,,,,,,,,,,,100.0,97.9,100.0,100.0
2019-01-09,,,,,,,,,,,,,100.0,98.1,100.0,100.0
2019-01-10,100.0,93.3,93.3,100.0,99.4,100.0,,,,,,,100.0,98.8,100.0,100.0
2019-01-11,100.0,95.0,94.2,,,,,,,,,,100.0,98.7,100.0,100.0
2019-01-12,100.0,97.2,94.0,,,,,,,,,,100.0,98.8,100.0,100.0
2019-01-13,,,,,,,,,,,,,100.0,98.7,100.0,100.0
2019-01-14,,,,,,,,,,,,,100.0,98.9,100.0,100.0
2019-01-15,,,,100.0,99.4,100.0,,,,,,,100.0,99.3,100.0,100.0
2019-01-16,100.0,97.6,93.2,,,,,,,,,,100.0,99.2,100.0,100.0
2019-01-17,100.0,97.4,93.0,,,,,,,,,,100.0,99.1,100.0,100.0
2019-01-18,100.0,96.4,92.5,,,,,,,,,,100.0,99.0,100.0,100.0
2019-01-19,,,,,,,,,,,,,100.0,98.9,100.0,100.0
2019-01-20,,,,100.0,99.4,100.0,,,,,,,100.0,99.0,100.0,100.0
2019-01-21,,,,,,,,,,,,,100.0,98.6,100.0,100.0
2019-01-22,100.0,96.7,90.6,,,,,,,,,,100.0,98.5,100.0,100.0
2019-01-23,100.0,96.9,89.7,,,,,,,,,,100.0,98.8,100.0,100.0
2019-01-24,100.0,96.7,91.3,,,,,,,,,,100.0,98.8,100.0,100.0
2019-01-25,,,,99.7,98.7,100.0,,,,,,,100.0,98.9,100.0,100.0
2019-01-26,,,,,,,,,,,,,100.0,98.8,100.0,100.0
2019-01-27,,,,,,,,,,,,,100.0,99.0,100.0,100.0
2019-01-28,100.0,97.7,88.4,,,,,,,99.1,71.2,100.0,100.0,99.1,100.0,100.0
2019-01-29,100.0,98.0,90.4,,,,100.0,100.0,100.0,,,,100.0,99.5,100.0,100.0
2019-01-30,100.0,98.9,89.2,,,,,,,,,,100.0,99.3,100.0,100.0
2019-01-31,,,,,,,,,,98.6,72.3,100.0,100.0,99.4,100.0,100.0
2019-02-01,,,,,,,,,,,,,100.0,99.4,100.0,100.0
2019-02-02,,,,,,,,,,,,,100.0,99.5,100.0,100.0
2019-02-03,100.0,99.5,87.2,,,,,,,,,,100.0,99.4,100.0,100.0
2019-02-04,100.0,99.4,88.2,100.0,99.5,100.0,,,,,,,100.0,99.6,100.0,100.0
2019-02-05,100.0,99.1,89.4,,,,,,,,,,100.0,99.5,100.0,100.0
2019-02-06,,,,,,,,,,,,,100.0,99.4,100.0,100.0
2019-02-07,,,,,,,,,,,,,100.0,99.1,100.0,100.0
2019-02-08,,,,,,,,,,,,,100.0,99.3,100.0,100.0
2019-02-09,100.0,99.4,85.1,99.5,98.7,100.0,,,,,,,100.0,99.3,100.0,100.0
2019-02-10,100.0,99.5,87.2,,,,,,,,,,100.0,99.3,100.0,100.0
2019-02-11,100.0,99.1,86.3,,,,,,,100.0,81.7,100.0,100.0,99.1,100.0,100.0
2019-02-12,,,,,,,,,,,,,100.0,99.3,100.0,100.0
2019-02-13,,,,,,,,,,99.8,82.5,100.0,100.0,99.3,100.0,100.0
2019-02-14,,,,99.5,98.3,100.0,100.0,100.0,100.0,100.0,84.3,100.0,100.0,99.6,100.0,100.0
2019-02-15,,,,,,,,,,,,,100.0,99.4,100.0,100.0
2019-02-16,100.0,99.3,88.5,,,,,,,,,,100.0,99.6,100.0,100.0
2019-02-17,100.0,98.9,89.7,,,,,,,100.0,91.8,100.0,100.0,99.6,100.0,100.0
2019-02-18,,,,,,,,,,,,,100.0,99.6,100.0,100.0
2019-02-19,,,,99.5,97.7,100.0,,,,,,,100.0,99.6,100.0,100.0
2019-02-20,,,,,,,,,,100.0,96.3,100.0,100.0,99.6,100.0,100.0
2019-02-21,100.0,99.6,84.3,,,,,,,100.0,97.4,100.0,100.0,99.7,100.0,100.0
2019-02-22,100.0,99.6,87.9,,,,,,,,,,100.0,99.6,100.0,100.0
2019-02-23,100.0,99.4,87.7,,,,,,,,,,100.0,99.5,100.0,100.0
2019-02-24,,,,98.4,97.1,100.0,,,,100.0,98.5,100.0,100.0,99.4,100.0,100.0
2019-02-25,,,,,,,,,,,,,100.0,99.3,100.0,100.0
2019-02-26,,,,,,,,,,,,,100.0,99.2,100.0,100.0
2019-02-27,100.0,99.8,81.2,,,,,,,100.0,97.9,100.0,100.0,99.3,100.0,100.0
2019-02-28,,,,,,,,,,100.0,98.7,100.0,100.0,99.0,100.0,100.0
2019-03-01,100.0,99.7,86.8,,,,,,,,,,100.0,99.1,100.0,100.0
2019-03-02,,,,,,,,,,,,,100.0,98.5,100.0,100.0
2019-03-03,,,,,,,,,,100.0,98.4,100.0,100.0,98.7,100.0,100.0
2019-03-04,,,,,,,,,,,,,100.0,98.4,100.0,100.0
2019-03-05,100.0,99.8,80.5,,,,,,,,,,100.0,98.6,100.0,100.0
2019-03-06,100.0,99.9,82.7,,,,,,,100.0,98.8,100.0,100.0,98.4,100.0,100.0
2019-03-07,100.0,99.7,81.2,,,,,,,100.0,98.0,100.0,100.0,98.6,100.0,100.0
2019-03-08,,,,,,,,,,,,,100.0,98.3,100.0,100.0
2019-03-09,,,,,,,,,,,,,100.0,98.4,100.0,100.0
2019-03-10,,,,,,,,,,100.0,99.0,100.0,100.0,98.5,100.0,100.0
2019-03-11,100.0,99.5,89.9,,,,,,,,,,100.0,98.8,100.0,100.0
2019-03-12,100.0,99.7,87.9,,,,,,,,,,100.0,99.0,100.0,100.0
2019-03-13,100.0,99.4,82.6,,,,,,,,,,100.0,99.0,100.0,100.0
2019-03-14,,,,,,,,,,,,,100.0,98.8,100.0,100.0
2019-03-15,,,,,,,,,,,,,100.0,98.9,100.0,100.0
2019-03-16,,,,100.0,97.8,100.0,,,,,,,100.0,99.2,100.0,100.0
2019-03-17,100.0,99.6,78.8,,,,,,,,,,100.0,99.2,100.0,100.0
2019-03-18,100.0,99.8,84.8,,,,100.0,99.3,100.0,,,,100.0,99.5,100.0,100.0
2019-03-19,100.0,99.0,76.6,,,,,,,,,,100.0,99.4,100.0,100.0
2019-03-20,,,,,,,,,,,,,100.0,99.5,100.0,100.0
2019-03-21,,,,100.0,98.7,100.0,,,,,,,100.0,99.6,100.0,100.0
2019-03-22,,,,,,,,,,,,,100.0,99.5,100.0,100.0
2019-03-23,100.0,99.5,75.6,,,,,,,,,,100.0,99.6,100.0,100.0
2019-03-24,100.0,99.5,82.6,,,,,,,,,,100.0,99.6,100.0,100.0
2019-03-25,100.0,98.0,81.5,,,,,,,,,,100.0,99.6,100.0,100.0
2019-03-26,,,,100.0,99.2,100.0,,,,,,,100.0,99.6,100.0,100.0
2019-03-27,,,,,,,,,,,,,100.0,99.5,100.0,100.0
2019-03-28,,,,,,,,,,,,,100.0,99.5,100.0,100.0
2019-03-29,100.0,99.3,80.0,,,,,,,,,,100.0,99.6,100.0,100.0
2019-03-30,100.0,99.0,81.2,,,,,,,,,,100.0,99.5,100.0,100.0
2019-03-31,99.8,97.7,88.0,100.0,99.2,100.0,,,,,,,100.0,99.6,100.0,100.0
2019-04-01,,,,,,,,,,,,,100.0,99.5,100.0,100.0
2019-04-02,,,,,,,,,,,,,100.0,99.5,100.0,100.0
2019-04-03,,,,,,,,,,,,,100.0,99.3,100.0,100.0
2019-04-04,100.0,99.0,79.7,,,,,,,,,,100.0,99.4,100.0,100.0
2019-04-05,100.0,97.9,87.0,100.0,99.9,100.0,,,,,,,100.0,99.5,100.0,100.0
2019-04-06,99.8,96.8,78.6,,,,,,,,,,100.0,99.4,100.0,100.0
2019-04-07,,,,,,,,,,,,,100.0,99.2,100.0,100.0
2019-04-08,,,,,,,,,,,,,100.0,99.3,100.0,100.0
2019-04-09,,,,,,,,,,,,,100.0,99.2,100.0,100.0
2019-04-10,100.0,97.0,81.4,100.0,99.7,90.3,,,,,,,100.0,99.3,100.0,100.0
2019-04-11,100.0,93.2,89.2,,,,,,,,,,100.0,99.0,100.0,100.0
2019-04-12,100.0,91.7,94.4,,,,,,,,,,100.0,99.0,100.0,100.0
2019-04-13,,,,,,,,,,,,,100.0,98.6,100.0,100.0
2019-04-14,,,,,,,,,,,,,100.0,98.5,100.0,100.0
2019-04-15,,,,,,,,,,,,,100.0,98.2,100.0,100.0
2019-04-16,100.0,88.9,84.1,,,,,,,,,,100.0,98.4,100.0,100.0
2019-04-17,100.0,86.7,89.1,,,,,,,,,,100.0,98.2,100.0,100.0
2019-04-18,99.8,85.9,95.7,,,,,,,,,,100.0,97.9,100.0,100.0
2019-04-19,,,,,,,,,,,,,100.0,97.3,100.0,100.0
2019-04-20,,,,,,,,,,,,,100.0,97.2,100.0,100.0
2019-04-21,,,,,,,,,,,,,100.0,97.0,100.0,100.0
2019-04-22,99.3,84.7,98.1,,,,,,,,,,100.0,97.4,100.0,100.0
2019-04-23,97.6,81.9,97.9,,,,,,,,,,100.0,97.5,100.0,100.0
2019-04-24,96.9,83.1,97.8,,,,,,,,,,100.0,98.2,100.0,100.0
2019-04-25,,,,,,,,,,,,,100.0,98.6,100.0,100.0
2019-04-26,,,,,,,,,,,,,100.0,99.1,100.0,100.0
2019-04-27,,,,,,,,,,,,,100.0,99.2,100.0,100.0
2019-04-28,91.4,76.5,97.9,,,,,,,,,,100.0,99.4,100.0,100.0
2019-04-29,87.6,70.8,98.1,,,,,,,,,,100.0,99.5,100.0,100.0
2019-04-30,86.0,68.5,97.9,100.0,100.0,100.0,,,,,,,100.0,99.7,100.0,100.0
2019-05-01,,,,,,,,,,,,,100.0,99.6,100.0,100.0
2019-05-02,,,,,,,,,,,,,100.0,99.7,100.0,100.0
2019-05-03,,,,,,,,,,,,,100.0,99.7,100.0,100.0
2019-05-04,80.6,64.3,97.9,,,,,,,,,,100.0,99.8,100.0,100.0
2019-05-05,54.0,47.0,98.1,100.0,100.0,100.0,,,,,,,100.0,99.8,100.0,100.0
2019-05-06,50.8,44.8,97.9,,,,,,,,,,100.0,99.8,100.0,100.0
2019-05-07,,,,,,,,,,,,,100.0,99.8,100.0,100.0
2019-05-08,,,,,,,,,,,,,100.0,99.8,100.0,100.0
2019-05-09,,,,,,,,,,,,,100.0,99.8,100.0,100.0
2019-05-10,49.9,44.2,97.9,100.0,100.0,100.0,,,,,,,100.0,99.9,100.0,100.0
2019-05-11,57.8,50.2,98.1,,,,,,,,,,100.0,99.9,100.0,100.0
2019-05-12,58.5,50.8,97.9,,,,,,,,,,100.0,99.8,100.0,100.0
2019-05-13,,,,,,,,,,,,,100.0,99.9,100.0,100.0
2019-05-14,,,,,,,,,,,,,100.0,99.9,100.0,100.0
2019-05-15,,,,100.0,99.9,100.0,,,,,,,100.0,99.9,100.0,100.0
2019-05-16,76.6,59.3,97.9,,,,,,,,,,100.0,99.8,100.0,100.0
2019-05-17,87.8,67.8,97.9,,,,,,,,,,100.0,99.8,100.0,100.0
2019-05-18,96.5,78.8,96.9,,,,,,,100.0,97.6,100.0,100.0,99.8,100.0,100.0
2019-05-19,,,,,,,,,,,,,100.0,99.8,100.0,100.0
2019-05-20,,,,,,,,,,,,,100.0,99.8,100.0,100.0
2019-05-21,,,,,,,,,,100.0,97.9,100.0,100.0,99.7,100.0,100.0
2019-05-22,96.2,80.2,97.9,,,,,,,100.0,95.6,100.0,100.0,99.7,100.0,100.0
2019-05-23,97.4,83.1,97.6,,,,,,,,,,100.0,99.6,100.0,100.0
2019-05-24,98.4,84.5,98.1,,,,,,,100.0,97.3,100.0,100.0,99.6,100.0,100.0
2019-05-25,,,,,,,,,,100.0,94.6,95.6,100.0,99.5,100.0,100.0
2019-05-26,,,,,,,,,,,,,100.0,99.5,100.0,100.0
2019-05-27,,,,,,,,,,,,,100.0,99.5,100.0,100.0
2019-05-28,96.8,83.0,97.6,,,,,,,100.0,92.9,100.0,100.0,99.5,100.0,100.0
2019-05-29,94.8,73.4,98.1,,,,,,,100.0,85.6,35.2,100.0,99.4,100.0,100.0
2019-05-30,96.0,75.7,97.4,100.0,99.2,100.0,,,,,,,100.0,99.5,100.0,100.0
2019-05-31,,,,,,,,,,,,,100.0,99.2,100.0,100.0
2019-06-01,,,,,,,,,,97.4,79.6,100.0,100.0,99.0,100.0,100.0
2019-06-02,,,,,,,,,,,,,100.0,98.7,100.0,100.0
2019-06-03,89.7,66.3,97.6,,,,,,,,,,100.0,98.5,100.0,100.0
2019-06-04,95.5,71.7,97.9,100.0,94.5,100.0,,,,,,,100.0,98.2,100.0,100.0
2019-06-05,87.9,64.7,97.3,,,,,,,,,,100.0,97.0,100.0,100.0
2019-06-06,,,,,,,,,,,,,100.0,95.9,100.0,100.0
2019-06-07,,,,,,,,,,,,,100.0,94.3,100.0,100.0
2019-06-08,,,,,,,,,,81.4,56.7,100.0,100.0,91.8,100.0,100.0
2019-06-09,64.2,51.6,97.8,,,,,,,,,,99.5,88.7,100.0,99.5
2019-06-10,34.6,35.9,96.8,,,,,,,,,,96.1,83.1,100.0,96.1
2019-06-11,27.7,31.0,96.4,,,,,,,,,,89.6,77.2,100.0,89.6
2019-06-12,,,,,,,,,,,,,76.4,67.9,100.0,76.4
2019-06-13,,,,,,,,,,30.3,37.5,100.0,45.1,55.6,100.0,45.1
2019-06-14,,,,,,,,,,,,,31.1,48.9,100.0,31.1
2019-06-15,19.8,25.4,95.9,,,,,,,,,,14.2,36.1,100.0,14.2
2019-06-16,14.1,19.5,97.3,,,,,,,,,,3.9,25.7,100.0,3.9
2019-06-17,1.6,11.2,97.1,,,,,,,,,,0.2,17.2,100.0,0.2
2019-06-18,,,,,,,,,,,,,0.2,13.8,100.0,0.2
2019-06-19,,,,3.7,11.1,79.1,,,,0.0,13.0,100.0,0.0,9.3,100.0,0.0
2019-06-20,,,,,,,,,,,,,0.0,6.3,100.0,0.0
2019-06-21,1.1,9.7,97.6,,,,,,,,,,0.0,4.8,100.0,0.0
2019-06-22,0.5,5.5,96.6,,,,,,,,,,0.0,5.1,100.0,0.0
2019-06-23,1.1,7.5,97.6,,,,,,,0.0,4.9,100.0,0.0,4.4,100.0,0.0
2019-06-24,,,,0.2,1.2,100.0,,,,0.0,2.3,100.0,0.0,3.8,100.0,0.0
2019-06-25,,,,,,,,,,,,,0.0,3.0,100.0,0.0
2019-06-26,,,,,,,,,,,,,0.0,2.8,100.0,0.0
2019-06-27,0.7,5.5,97.8,,,,,,,0.0,1.0,100.0,0.0,2.3,100.0,0.0
2019-06-28,0.5,7.6,97.4,,,,,,,0.0,0.4,100.0,0.0,2.1,100.0,0.0
2019-06-29,1.4,9.8,97.8,0.0,0.1,100.0,,,,,,,0.0,1.7,100.0,0.0
2019-06-30,,,,,,,,,,0.0,0.2,100.0,0.0,1.5,100.0,0.0
2019-07-01,,,,,,,,,,,,,0.0,1.5,100.0,0.0
2019-07-02,,,,,,,,,,,,,0.0,1.8,100.0,0.0
2019-07-03,1.8,9.5,97.6,,,,,,,,,,0.0,1.8,100.0,0.0
2019-07-04,0.5,6.3,97.1,0.0,0.0,100.0,,,,,,,0.0,2.2,100.0,0.0
2019-07-05,0.7,6.5,97.8,,,,,,,,,,0.0,1.7,100.0,0.0
2019-07-06,,,,,,,,,,,,,0.0,1.7,100.0,0.0
2019-07-07,,,,,,,,,,,,,0.0,1.9,100.0,0.0
2019-07-08,,,,,,,,,,0.0,0.1,100.0,0.0,2.2,100.0,0.0
2019-07-09,0.2,6.1,97.3,0.0,0.0,91.3,,,,,,,0.0,2.0,100.0,0.0
2019-07-10,0.4,5.8,97.3,,,,,,,,,,0.0,1.0,100.0,0.0
2019-07-11,0.0,2.4,97.1,,,,,,,,,,0.0,1.0,100.0,0.0
2019-07-12,,,,,,,,,,,,,0.0,1.3,100.0,0.0
2019-07-13,,,,,,,,,,,,,0.0,1.2,100.0,0.0
2019-07-14,,,,0.0,0.0,100.0,,,,0.0,0.1,99.8,0.0,0.6,100.0,0.0
2019-07-15,0.0,2.4,97.6,,,,,,,,,,0.0,0.5,100.0,0.0
2019-07-16,0.0,1.6,95.0,,,,,,,,,,0.0,0.5,100.0,0.0
2019-07-17,0.0,1.9,95.6,,,,,,,,,,0.0,0.5,100.0,0.0
2019-07-18,,,,,,,,,,0.0,0.0,100.0,0.0,0.2,100.0,0.0
2019-07-19,,,,0.0,0.0,100.0,,,,0.0,0.0,100.0,0.0,0.2,100.0,0.0
2019-07-20,,,,,,,,,,,,,0.0,0.2,100.0,0.0
2019-07-21,0.0,1.0,95.9,,,,,,,,,,0.0,0.1,100.0,0.0
2019-07-22,1.4,2.3,98.6,,,,,,,0.0,0.0,100.0,0.0,0.1,100.0,0.0
2019-07-23,1.4,2.3,97.1,,,,,,,0.0,0.0,100.0,0.0,0.1,100.0,0.0
2019-07-24,,,,0.0,0.0,100.0,0.0,0.0,99.3,,,,0.0,0.1,100.0,0.0
2019-07-25,,,,,,,,,,,,,0.0,0.1,100.0,0.0
2019-07-26,,,,,,,,,,,,,0.0,0.1,100.0,0.0
2019-07-27,1.1,2.6,95.6,,,,,,,,,,0.0,0.1,100.0,0.0
2019-07-28,0.0,1.5,92.0,,,,,,,,,,0.0,0.2,100.0,0.0
2019-07-29,0.2,2.0,95.2,0.0,0.0,100.0,,,,0.0,0.0,100.0,0.0,0.1,100.0,0.0
2019-07-30,,,,,,,,,,,,,0.0,0.1,100.0,0.0
2019-07-31,,,,,,,,,,,,,0.0,0.2,100.0,0.0
2019-08-01,,,,,,,,,,,,,0.0,0.5,100.0,0.0
2019-08-02,0.0,2.0,94.4,,,,,,,0.0,0.1,61.7,0.0,0.4,100.0,0.0
2019-08-03,0.0,1.0,94.7,0.0,0.0,100.0,,,,0.0,0.0,100.0,0.0,0.3,100.0,0.0
2019-08-04,0.0,1.0,97.4,,,,,,,,,,0.0,0.3,100.0,0.0
2019-08-05,,,,,,,,,,,,,0.0,0.4,100.0,0.0
2019-08-06,,,,,,,,,,0.0,0.0,91.5,0.0,0.4,100.0,0.0
2019-08-07,,,,,,,,,,,,,0.0,0.4,100.0,0.0
2019-08-08,0.0,0.7,95.7,0.0,0.0,100.0,,,,,,,0.0,0.3,100.0,0.0
2019-08-09,0.0,0.5,92.8,,,,0.0,0.0,45.1,0.0,0.0,100.0,0.0,0.5,100.0,0.0
2019-08-10,0.0,0.4,95.0,,,,,,,0.0,0.0,100.0,0.0,0.4,100.0,0.0
2019-08-11,,,,,,,,,,,,,0.0,0.3,100.0,0.0
2019-08-12,,,,,,,,,,,,,0.0,0.3,100.0,0.0
2019-08-13,,,,,,,,,,,,,0.0,0.3,100.0,0.0
2019-08-14,0.0,0.3,95.0,,,,,,,0.0,0.0,100.0,0.0,0.1,100.0,0.0
2019-08-15,0.0,0.4,95.2,,,,,,,,,,0.0,0.2,100.0,0.0
2019-08-16,0.0,0.4,93.0,,,,,,,,,,0.0,0.2,100.0,0.0
2019-08-17,,,,,,,,,,,,,0.0,0.1,100.0,0.0
2019-08-18,,,,0.0,0.0,100.0,,,,0.0,0.0,100.0,0.0,0.0,100.0,0.0
2019-08-19,,,,,,,,,,,,,0.0,0.0,100.0,0.0
2019-08-20,0.0,0.8,97.1,,,,,,,,,,0.0,0.0,100.0,0.0
2019-08-21,0.0,1.4,97.4,,,,,,,0.0,0.0,100.0,0.0,0.0,100.0,0.0
2019-08-22,0.0,2.7,98.6,,,,,,,,,,0.0,0.0,100.0,0.0
2019-08-23,,,,,,,,,,,,,0.0,0.0,100.0,0.0
2019-08-24,,,,,,,,,,,,,0.0,0.0,100.0,0.0
2019-08-25,,,,,,,0.0,0.0,99.5,0.0,0.0,100.0,0.0,0.0,100.0,0.0
2019-08-26,0.0,3.7,98.1,,,,,,,,,,0.0,0.0,100.0,0.0
2019-08-27,0.3,5.6,98.8,,,,,,,,,,0.0,0.0,100.0,0.0
2019-08-28,0.5,5.6,98.3,,,,,,,0.0,0.0,100.0,0.0,0.0,100.0,0.0
2019-08-29,,,,,,,,,,,,,0.0,0.0,100.0,0.0
2019-08-30,,,,,,,,,,,,,0.0,0.0,100.0,0.0
2019-08-31,,,,,,,,,,,,,0.0,0.0,100.0,0.0
2019-09-01,1.9,7.3,98.1,,,,,,,,,,0.0,0.0,100.0,0.0
2019-09-02,1.7,6.2,98.5,,,,,,,,,,0.0,0.1,100.0,0.0
2019-09-03,1.2,6.6,98.3,,,,,,,,,,0.0,0.1,100.0,0.0
2019-09-04,,,,,,,,,,,,,0.0,0.1,100.0,0.0
2019-09-05,,,,,,,,,,0.0,0.0,100.0,0.0,0.2,100.0,0.0
2019-09-06,,,,,,,,,,,,,0.0,0.3,100.0,0.0
2019-09-07,0.2,3.6,98.3,,,,,,,,,,0.0,0.4,100.0,0.0
2019-09-08,0.2,4.0,98.8,,,,,,,,,,0.0,0.4,100.0,0.0
2019-09-09,0.0,2.5,98.8,,,,,,,,,,0.0,0.5,100.0,0.0
2019-09-10,,,,,,,,,,,,,0.0,1.2,100.0,0.0
2019-09-11,,,,,,,,,,,,,0.0,1.1,100.0,0.0
2019-09-12,,,,0.0,0.0,100.0,,,,,,,0.0,0.9,100.0,0.0
2019-09-13,0.0,3.9,97.9,,,,,,,,,,0.0,0.8,100.0,0.0
2019-09-14,,,,,,,,,,,,,0.0,1.1,100.0,0.0
2019-09-15,0.0,3.0,97.9,,,,,,,,,,0.0,1.0,100.0,0.0
2019-09-16,,,,,,,,,,,,,0.0,0.9,100.0,0.0
2019-09-17,,,,0.0,0.0,100.0,,,,,,,0.0,0.6,100.0,0.0
2019-09-18,,,,,,,,,,,,,0.0,0.9,100.0,0.0
2019-09-19,0.0,2.4,98.5,,,,,,,0.0,0.0,100.0,0.0,0.6,100.0,0.0
2019-09-20,0.0,2.2,98.6,,,,,,,,,,0.0,0.7,100.0,0.0
2019-09-21,0.0,2.8,98.6,,,,,,,,,,0.0,0.7,100.0,0.0
2019-09-22,,,,,,,,,,,,,0.0,0.9,100.0,0.0
2019-09-23,,,,,,,,,,0.0,0.0,100.0,0.0,0.7,100.0,0.0
2019-09-24,,,,,,,,,,,,,0.0,0.7,100.0,0.0
2019-09-25,0.0,3.3,98.1,,,,,,,,,,0.0,1.2,100.0,0.0
2019-09-26,0.2,4.4,98.3,,,,,,,,,,0.0,1.2,100.0,0.0
2019-09-27,0.7,7.4,98.5,,,,,,,,,,0.0,1.3,100.0,0.0
2019-09-28,,,,,,,,,,0.0,0.0,100.0,0.0,1.1,100.0,0.0
2019-09-29,,,,,,,,,,,,,0.0,1.8,100.0,0.0
2019-09-30,,,,,,,,,,,,,0.0,1.5,100.0,0.0
2019-10-01,0.2,4.0,98.5,,,,,,,0.0,0.1,100.0,0.0,1.4,100.0,0.0
2019-10-02,0.2,2.1,98.5,0.0,0.0,45.3,,,,0.0,0.1,100.0,0.0,1.2,100.0,0.0
2019-10-03,0.0,1.7,97.4,,,,,,,,,,0.0,1.6,100.0,0.0
2019-10-04,,,,,,,,,,,,,0.0,1.8,100.0,0.0
2019-10-05,,,,,,,,,,0.0,0.1,100.0,0.0,1.6,100.0,0.0
2019-10-06,,,,,,,,,,,,,0.0,1.8,100.0,0.0
2019-10-07,0.2,1.4,98.6,0.0,0.0,100.0,,,,,,,0.0,1.4,100.0,0.0
2019-10-08,0.0,0.6,98.6,,,,,,,,,,0.0,1.5,100.0,0.0
2019-10-09,0.0,0.5,97.8,,,,,,,,,,0.0,1.6,100.0,0.0
2019-10-10,,,,,,,,,,,,,0.0,1.8,100.0,0.0
2019-10-11,,,,,,,,,,,,,0.0,1.4,100.0,0.0
2019-10-12,,,,,,,,,,,,,0.0,1.3,100.0,0.0
2019-10-13,0.0,0.4,98.5,,,,,,,,,,0.0,0.9,100.0,0.0
2019-10-14,0.0,0.6,98.6,,,,,,,,,,0.0,1.0,100.0,0.0
2019-10-15,0.0,0.4,97.3,,,,,,,,,,0.0,1.4,100.0,0.0
2019-10-16,,,,,,,,,,0.0,0.2,100.0,0.0,1.3,100.0,0.0
2019-10-17,,,,,,,,,,0.0,0.2,100.0,0.0,1.6,100.0,0.0
2019-10-18,,,,,,,,,,,,,0.0,1.6,100.0,0.0
2019-10-19,0.0,0.7,98.3,,,,,,,,,,0.0,1.8,100.0,0.0
2019-10-20,0.0,0.6,98.3,,,,,,,0.0,0.3,46.2,0.0,1.5,100.0,0.0
2019-10-21,0.0,1.3,98.8,,,,,,,,,,0.0,1.9,100.0,0.0
2019-10-22,,,,,,,,,,,,,0.0,1.5,100.0,0.0
2019-10-23,,,,,,,,,,,,,0.0,2.3,100.0,0.0
2019-10-24,,,,,,,,,,0.0,0.8,100.0,0.0,2.2,100.0,0.0
2019-10-25,0.0,1.3,98.6,,,,,,,,,,0.0,3.0,100.0,0.0
2019-10-26,0.0,2.3,98.3,,,,,,,,,,0.0,2.5,100.0,0.0
2019-10-27,0.0,3.0,98.6,0.0,0.0,100.0,,,,,,,0.0,2.4,100.0,0.0
2019-10-28,,,,,,,,,,,,,0.0,2.8,100.0,0.0
2019-10-29,,,,,,,,,,,,,0.0,2.9,100.0,0.0
2019-10-30,,,,,,,,,,,,,0.0,2.2,100.0,0.0
2019-10-31,0.5,5.8,97.9,,,,,,,,,,0.0,2.1,100.0,0.0
2019-11-01,3.3,11.6,98.3,,,,,,,0.0,1.5,100.0,0.0,2.2,100.0,0.0
2019-11-02,9.2,17.3,98.8,,,,,,,,,,0.0,2.3,100.0,0.0
2019-11-03,,,,,,,,,,,,,0.0,2.6,100.0,0.0
2019-11-04,,,,,,,,,,,,,0.0,2.7,100.0,0.0
2019-11-05,,,,,,,,,,0.0,5.5,100.0,0.0,3.3,100.0,0.0
2019-11-06,11.8,18.3,98.6,0.0,1.7,98.3,,,,,,,0.0,3.4,100.0,0.0
2019-11-07,3.1,9.9,98.5,,,,,,,,,,0.0,3.5,100.0,0.0
2019-11-08,3.6,8.8,98.8,,,,,,,0.0,15.5,100.0,0.0,3.6,100.0,0.0
2019-11-09,,,,,,,,,,,,,0.0,4.0,100.0,0.0
2019-11-10,,,,,,,,,,,,,0.0,3.3,100.0,0.0
2019-11-11,,,,,,,,,,,,,0.0,3.7,100.0,0.0
2019-11-12,3.1,10.2,98.8,,,,,,,,,,0.0,5.0,100.0,0.0
2019-11-13,3.0,12.5,98.5,,,,0.8,1.9,100.0,,,,0.0,7.3,100.0,0.0
2019-11-14,1.2,9.8,99.8,,,,,,,,,,0.0,6.4,100.0,0.0
2019-11-15,,,,,,,,,,3.2,35.4,100.0,0.0,7.4,100.0,0.0
2019-11-16,,,,,,,,,,,,,0.0,6.3,100.0,0.0
2019-11-17,,,,,,,,,,,,,0.0,10.5,100.0,0.0
2019-11-18,1.2,14.0,99.1,,,,,,,,,,0.0,8.7,100.0,0.0
2019-11-19,2.4,17.8,98.5,,,,,,,,,,0.2,12.3,100.0,0.2
2019-11-20,47.5,40.8,95.7,,,,,,,34.5,45.3,100.0,0.0,11.0,100.0,0.0
2019-11-21,,,,,,,,,,,,,0.7,24.8,100.0,0.7
2019-11-22,,,,,,,,,,,,,0.5,24.6,100.0,0.5
2019-11-23,,,,,,,,,,,,,4.6,37.0,100.0,4.6
2019-11-24,44.0,40.1,92.5,,,,,,,,,,3.1,35.5,100.0,3.1
2019-11-25,69.6,53.7,93.3,,,,,,,,,,29.9,52.6,100.0,29.9
2019-11-26,80.5,59.7,89.6,99.3,82.8,100.0,,,,,,,30.9,53.0,100.0,30.9
2019-11-27,,,,,,,,,,100.0,78.4,100.0,59.3,61.8,100.0,59.3
2019-11-28,,,,,,,,,,,,,77.3,65.7,100.0,77.3
2019-11-29,,,,,,,,,,,,,97.9,76.1,100.0,97.9
2019-11-30,87.3,67.6,92.8,,,,,,,,,,98.6,78.5,100.0,98.6
2019-12-01,72.6,56.9,90.9,,,,,,,100.0,78.8,100.0,100.0,85.4,100.0,100.0
2019-12-02,77.8,59.6,90.3,,,,,,,,,,100.0,89.1,100.0,100.0
2019-12-03,,,,,,,,,,,,,100.0,89.9,100.0,100.0
2019-12-04,,,,,,,,,,100.0,90.6,100.0,100.0,91.6,100.0,100.0
2019-12-05,,,,,,,,,,,,,100.0,92.3,100.0,100.0
2019-12-06,75.8,59.1,84.6,100.0,98.7,100.0,,,,,,,100.0,94.4,100.0,100.0
2019-12-07,65.7,52.5,85.6,,,,,,,,,,100.0,93.1,100.0,100.0
2019-12-08,48.3,42.2,79.7,,,,,,,100.0,90.2,100.0,100.0,92.4,100.0,100.0
2019-12-09,,,,,,,,,,100.0,97.5,100.0,100.0,92.2,100.0,100.0
2019-12-10,,,,,,,,,,,,,100.0,92.2,100.0,100.0
2019-12-11,,,,,,,,,,,,,100.0,91.1,100.0,100.0
2019-12-12,54.3,46.0,82.7,,,,,,,100.0,97.5,100.0,100.0,91.9,100.0,100.0
2019-12-13,50.4,44.2,93.7,,,,,,,100.0,98.7,100.0,100.0,91.4,100.0,100.0
2019-12-14,50.9,44.1,86.3,,,,,,,,,,100.0,90.3,100.0,100.0
2019-12-15,,,,,,,100.0,99.3,100.0,,,,100.0,91.8,100.0,100.0
2019-12-16,,,,,,,,,,,,,100.0,90.3,100.0,100.0
2019-12-17,,,,,,,,,,100.0,98.9,100.0,100.0,91.5,100.0,100.0
2019-12-18,45.6,41.5,98.1,,,,,,,,,,100.0,92.0,100.0,100.0
2019-12-19,55.2,46.4,99.5,,,,,,,,,,100.0,92.4,100.0,100.0
2019-12-20,69.7,53.4,100.0,,,,,,,,,,100.0,92.1,100.0,100.0
2019-12-21,,,,,,,,,,100.0,99.5,100.0,100.0,92.3,100.0,100.0
2019-12-22,,,,,,,,,,,,,100.0,93.5,100.0,100.0
2019-12-23,,,,,,,,,,,,,100.0,93.5,100.0,100.0
2019-12-24,81.6,60.2,99.1,,,,,,,,,,100.0,93.4,100.0,100.0
2019-12-25,79.0,58.6,99.3,,,,,,,,,,100.0,94.1,100.0,100.0
2019-12-26,81.1,61.3,99.3,100.0,98.6,100.0,,,,,,,100.0,95.8,100.0,100.0
2019-12-27,,,,,,,,,,,,,100.0,96.0,100.0,100.0
2019-12-28,,,,,,,,,,,,,100.0,97.0,100.0,100.0
2019-12-29,,,,,,,,,,,,,100.0,97.7,100.0,100.0
2019-12-30,81.9,61.8,99.1,,,,,,,,,,100.0,98.3,100.0,100.0
2019-12-31,68.7,51.6,99.3,100.0,99.4,100.0,100.0,100.0,100.0,,,,100.0,99.1,100.0,100.0
2020-01-01,56.8,47.1,98.5,,,,,,,,,,99.8,98.8,100.0,99.8
2020-01-02,,,,,,,,,,,,,99.8,99.1,100.0,99.8
2020-01-03,,,,,,,,,,,,,99.8,99.3,100.0,99.8
2020-01-04,,,,,,,,,,98.8,98.1,100.0,99.8,99.3,100.0,99.8
2020-01-05,55.9,44.8,97.0,99.8,99.3,100.0,,,,99.0,98.6,100.0,100.0,99.5,100.0,100.0
2020-01-06,49.4,40.7,98.1,,,,,,,,,,100.0,99.5,100.0,100.0
2020-01-07,38.1,36.0,98.5,,,,,,,,,,100.0,99.5,100.0,100.0
2020-01-08,,,,,,,,,,,,,100.0,99.5,100.0,100.0
2020-01-09,,,,,,,,,,,,,100.0,99.4,100.0,100.0
2020-01-10,,,,99.7,98.9,100.0,,,,,,,100.0,99.6,100.0,100.0
2020-01-11,33.3,33.5,97.3,,,,,,,99.7,99.0,100.0,100.0,99.5,100.0,100.0
2020-01-12,28.4,29.6,98.1,,,,,,,100.0,99.2,100.0,100.0,99.5,100.0,100.0
2020-01-13,48.5,42.6,98.3,,,,,,,,,,100.0,99.6,100.0,100.0
2020-01-14,,,,,,,,,,,,,100.0,99.6,100.0,100.0
2020-01-15,,,,99.8,99.1,100.0,,,,,,,100.0,99.6,100.0,100.0
2020-01-16,,,,,,,100.0,100.0,100.0,100.0,99.6,100.0,100.0,99.7,100.0,100.0
2020-01-17,68.1,51.8,96.3,,,,,,,,,,100.0,99.6,100.0,100.0
2020-01-18,77.6,57.3,98.0,,,,,,,,,,100.0,99.7,100.0,100.0
2020-01-19,78.0,59.4,98.3,,,,,,,,,,100.0,99.8,100.0,100.0
2020-01-20,,,,100.0,98.1,43.4,,,,100.0,99.6,100.0,100.0,99.8,100.0,100.0
2020-01-21,,,,,,,,,,,,,100.0,99.8,100.0,100.0
2020-01-22,,,,,,,,,,,,,100.0,99.8,100.0,100.0
2020-01-23,85.8,70.1,94.9,,,,,,,,,,100.0,99.8,100.0,100.0
2020-01-24,88.8,73.8,96.6,,,,,,,,,,100.0,99.8,100.0,100.0
2020-01-25,98.3,82.6,97.8,100.0,99.7,100.0,,,,,,,100.0,99.8,100.0,100.0
2020-01-26,,,,,,,,,,,,,100.0,99.7,100.0,100.0
2020-01-27,,,,,,,,,,100.0,99.7,67.7,100.0,99.7,100.0,100.0
2020-01-28,,,,,,,,,,,,,100.0,99.7,100.0,100.0
2020-01-29,99.6,87.6,93.9,,,,,,,,,,100.0,99.7,100.0,100.0
2020-01-30,99.8,87.7,94.9,100.0,99.7,100.0,,,,,,,100.0,99.7,100.0,100.0
2020-01-31,100.0,90.9,97.1,,,,,,,100.0,99.8,100.0,100.0,99.7,100.0,100.0
2020-02-01,,,,,,,100.0,100.0,72.5,,,,100.0,99.6,100.0,100.0
2020-02-02,,,,,,,,,,,,,100.0,99.6,100.0,100.0
2020-02-03,,,,,,,,,,,,,100.0,99.6,100.0,100.0
2020-02-04,100.0,93.2,97.6,,,,,,,,,,100.0,99.7,100.0,100.0
2020-02-05,100.0,96.0,98.0,,,,,,,100.0,99.8,100.0,100.0,99.7,100.0,100.0
2020-02-06,100.0,96.6,96.3,,,,,,,,,,100.0,99.7,100.0,100.0
2020-02-07,,,,,,,,,,,,,100.0,99.7,100.0,100.0
2020-02-08,,,,,,,,,,100.0,99.8,100.0,100.0,99.7,100.0,100.0
2020-02-09,,,,100.0,99.7,100.0,,,,,,,100.0,99.7,100.0,100.0
2020-02-10,100.0,97.9,98.1,,,,,,,,,,100.0,99.7,100.0,100.0
2020-02-11,100.0,98.7,96.1,,,,,,,,,,100.0,99.7,100.0,100.0
2020-02-12,100.0,99.2,94.8,,,,,,,,,,100.0,99.7,100.0,100.0
2020-02-13,,,,,,,,,,100.0,99.8,100.0,100.0,99.7,100.0,100.0
2020-02-14,,,,100.0,99.7,100.0,,,,,,,100.0,99.8,100.0,100.0
2020-02-15,,,,,,,,,,,,,100.0,99.8,100.0,100.0
2020-02-16,100.0,99.6,93.9,,,,,,,100.0,99.9,100.0,100.0,99.8,100.0,100.0
2020-02-17,100.0,99.8,92.2,,,,100.0,100.0,100.0,,,,100.0,99.9,100.0,100.0
2020-02-18,100.0,99.7,95.6,,,,,,,,,,100.0,99.8,100.0,100.0
2020-02-19,,,,,,,,,,,,,100.0,99.8,100.0,100.0
2020-02-20,,,,,,,,,,100.0,99.9,100.0,100.0,99.9,100.0,100.0
2020-02-21,,,,,,,,,,100.0,99.8,100.0,100.0,99.8,100.0,100.0
2020-02-22,100.0,99.9,90.5,,,,,,,,,,100.0,99.9,100.0,100.0
2020-02-23,100.0,99.9,92.6,,,,,,,,,,100.0,99.8,100.0,100.0
2020-02-24,100.0,99.8,95.6,100.0,99.5,100.0,,,,,,,100.0,99.9,100.0,100.0
2020-02-25,,,,,,,,,,,,,100.0,99.7,100.0,100.0
2020-02-26,,,,,,,,,,,,,100.0,99.6,100.0,100.0
2020-02-27,,,,,,,,,,,,,100.0,99.5,100.0,100.0
2020-02-28,100.0,100.0,90.5,,,,,,,,,,100.0,99.5,100.0,100.0
2020-02-29,100.0,100.0,91.4,,,,,,,,,,100.0,99.6,100.0,100.0
2020-03-01,100.0,99.9,92.1,,,,,,,,,,100.0,99.6,100.0,100.0
2020-03-02,,,,,,,,,,,,,100.0,99.5,100.0,100.0
2020-03-03,,,,,,,,,,100.0,99.8,100.0,100.0,99.4,100.0,100.0
2020-03-04,,,,,,,100.0,100.0,100.0,100.0,99.8,100.0,100.0,99.5,100.0,100.0
2020-03-05,100.0,100.0,85.0,,,,,,,,,,100.0,99.4,100.0,100.0
2020-03-06,100.0,99.9,89.2,,,,,,,,,,100.0,99.4,100.0,100.0
2020-03-07,100.0,99.8,86.7,,,,,,,100.0,99.9,100.0,100.0,99.5,100.0,100.0
2020-03-08,,,,,,,,,,,,,100.0,99.4,100.0,100.0
2020-03-09,,,,,,,,,,,,,100.0,99.4,100.0,100.0
2020-03-10,,,,,,,,,,,,,100.0,99.3,100.0,100.0
2020-03-11,100.0,99.5,98.3,,,,,,,,,,100.0,99.5,100.0,100.0
2020-03-12,100.0,99.5,96.3,,,,,,,,,,100.0,99.3,100.0,100.0
2020-03-13,99.8,98.9,100.0,,,,,,,,,,100.0,99.2,100.0,100.0
2020-03-14,,,,,,,,,,100.0,99.9,100.0,100.0,99.2,100.0,100.0
2020-03-15,,,,,,,,,,100.0,99.9,100.0,100.0,99.4,100.0,100.0
2020-03-16,,,,,,,,,,,,,100.0,99.4,100.0,100.0
2020-03-17,100.0,99.4,96.6,,,,,,,,,,100.0,99.5,100.0,100.0
2020-03-18,100.0,99.2,98.3,,,,,,,100.0,99.9,100.0,100.0,99.6,100.0,100.0
2020-03-19,99.8,98.7,99.5,,,,,,,100.0,99.9,100.0,100.0,99.7,100.0,100.0
2020-03-20,,,,100.0,99.4,91.6,100.0,100.0,85.6,,,,100.0,99.7,100.0,100.0
2020-03-21,,,,,,,,,,,,,100.0,99.7,100.0,100.0
2020-03-22,,,,,,,,,,100.0,99.9,100.0,100.0,99.7,100.0,100.0
2020-03-23,100.0,98.8,96.8,,,,,,,100.0,99.9,100.0,100.0,99.7,100.0,100.0
2020-03-24,100.0,98.9,97.1,,,,,,,,,,100.0,99.7,100.0,100.0
2020-03-25,100.0,98.6,92.4,,,,,,,,,,100.0,99.7,100.0,100.0
2020-03-26,,,,,,,,,,100.0,99.9,100.0,100.0,99.6,100.0,100.0
2020-03-27,,,,,,,,,,100.0,99.9,100.0,100.0,99.7,100.0,100.0
2020-03-28,,,,,,,,,,,,,100.0,99.5,100.0,100.0
2020-03-29,100.0,99.0,90.7,,,,,,,,,,100.0,99.5,100.0,100.0
2020-03-30,100.0,98.3,94.3,,,,,,,100.0,99.7,100.0,100.0,99.6,100.0,100.0
2020-03-31,100.0,97.2,95.1,,,,,,,100.0,99.6,100.0,100.0,99.6,100.0,100.0
2020-04-01,,,,,,,,,,,,,100.0,99.6,100.0,100.0
2020-04-02,,,,,,,,,,,,,100.0,99.6,100.0,100.0
2020-04-03,,,,,,,,,,100.0,99.4,100.0,100.0,99.6,100.0,100.0
2020-04-04,99.8,97.5,89.9,100.0,99.7,100.0,,,,100.0,99.2,100.0,100.0,99.7,100.0,100.0
2020-04-05,100.0,97.5,87.0,,,,100.0,99.8,100.0,,,,100.0,99.8,100.0,100.0
2020-04-06,98.5,93.0,99.2,,,,,,,,,,100.0,99.7,100.0,100.0
2020-04-07,,,,,,,,,,100.0,98.6,100.0,100.0,99.7,100.0,100.0
2020-04-08,,,,,,,,,,100.0,97.7,100.0,100.0,99.7,100.0,100.0
2020-04-09,,,,100.0,99.6,100.0,,,,,,,100.0,99.7,100.0,100.0
2020-04-10,98.4,90.0,97.6,,,,,,,,,,100.0,99.7,100.0,100.0
2020-04-11,99.8,85.9,91.6,,,,,,,100.0,94.7,100.0,100.0,99.6,100.0,100.0
2020-04-12,97.7,80.5,96.8,,,,,,,100.0,92.5,100.0,100.0,99.6,100.0,100.0
2020-04-13,,,,,,,,,,,,,100.0,99.5,100.0,100.0
2020-04-14,,,,100.0,99.3,100.0,,,,,,,100.0,99.5,100.0,100.0
2020-04-15,,,,,,,,,,99.2,87.9,100.0,100.0,99.2,100.0,100.0
2020-04-16,94.5,70.6,99.2,,,,,,,,,,100.0,99.3,100.0,100.0
2020-04-17,89.7,64.6,99.7,,,,,,,,,,100.0,99.1,100.0,100.0
2020-04-18,73.3,55.4,99.8,,,,,,,,,,100.0,99.1,100.0,100.0
2020-04-19,,,,,,,,,,,,,100.0,98.9,100.0,100.0
2020-04-20,,,,,,,,,,100.0,87.4,100.0,100.0,99.0,100.0,100.0
2020-04-21,,,,,,,,,,,,,100.0,98.6,100.0,100.0
2020-04-22,77.5,56.2,100.0,,,,,,,,,,100.0,98.9,100.0,100.0
2020-04-23,79.2,56.0,99.8,,,,,,,,,,100.0,98.9,100.0,100.0
2020-04-24,86.7,63.2,100.0,100.0,99.8,100.0,,,,99.0,85.6,100.0,100.0,99.2,100.0,100.0
2020-04-25,,,,,,,,,,,,,100.0,98.9,100.0,100.0
2020-04-26,,,,,,,,,,,,,100.0,99.0,100.0,100.0
2020-04-27,,,,,,,,,,99.0,81.6,100.0,100.0,98.7,100.0,100.0
2020-04-28,91.2,65.4,99.3,,,,,,,,,,100.0,98.9,100.0,100.0
2020-04-29,90.3,68.2,99.5,100.0,99.8,100.0,,,,,,,100.0,98.9,100.0,100.0
2020-04-30,91.0,64.0,99.5,,,,,,,,,,100.0,98.7,100.0,100.0
2020-05-01,,,,,,,,,,,,,100.0,98.2,100.0,100.0
2020-05-02,,,,,,,,,,,,,100.0,98.1,100.0,100.0
2020-05-03,,,,,,,,,,,,,100.0,97.9,100.0,100.0
2020-05-04,90.3,63.5,99.7,100.0,99.7,100.0,,,,,,,100.0,98.3,100.0,100.0
2020-05-05,91.6,62.2,98.3,,,,,,,,,,100.0,98.0,100.0,100.0
2020-05-06,91.2,62.7,99.5,,,,,,,,,,100.0,97.7,100.0,100.0
2020-05-07,,,,,,,99.8,97.8,90.5,,,,100.0,98.0,100.0,100.0
2020-05-08,,,,,,,,,,,,,100.0,97.7,100.0,100.0
2020-05-09,,,,100.0,98.6,100.0,,,,,,,100.0,97.5,100.0,100.0
2020-05-10,84.5,56.3,99.0,,,,,,,,,,100.0,97.1,100.0,100.0
2020-05-11,97.4,71.6,98.5,,,,,,,,,,100.0,96.5,100.0,100.0
2020-05-12,94.5,66.1,98.6,,,,,,,94.4,78.1,100.0,100.0,96.7,100.0,100.0
2020-05-13,,,,,,,,,,,,,100.0,95.8,100.0,100.0
2020-05-14,,,,,,,,,,,,,100.0,96.1,100.0,100.0
2020-05-15,,,,,,,,,,,,,100.0,95.3,100.0,100.0
2020-05-16,96.9,74.7,98.5,,,,,,,,,,100.0,95.4,100.0,100.0
2020-05-17,88.4,63.5,99.3,,,,,,,70.3,60.0,100.0,100.0,93.4,100.0,100.0
2020-05-18,91.5,65.9,99.7,,,,,,,,,,100.0,91.8,100.0,100.0
2020-05-19,,,,99.5,93.3,37.0,,,,,,,98.5,88.5,100.0,98.5
2020-05-20,,,,,,,,,,43.1,43.3,100.0,94.9,85.6,100.0,94.9
2020-05-21,,,,,,,,,,15.4,25.0,100.0,90.2,80.9,100.0,90.2
2020-05-22,70.9,55.8,99.3,,,,,,,,,,89.2,79.8,100.0,89.2
2020-05-23,10.6,24.8,100.0,,,,47.4,44.1,77.7,,,,79.7,74.0,100.0,79.7
2020-05-24,7.5,17.1,99.7,89.0,75.3,100.0,,,,2.2,16.3,100.0,77.2,71.2,100.0,77.2
2020-05-25,,,,,,,,,,0.0,9.8,100.0,63.9,60.8,100.0,63.9
2020-05-26,,,,,,,,,,,,,45.3,53.1,100.0,45.3
2020-05-27,,,,,,,,,,,,,21.1,41.8,100.0,21.1
2020-05-28,3.0,8.7,99.8,,,,,,,0.0,9.3,100.0,2.5,29.8,100.0,2.5
2020-05-29,3.6,7.2,99.5,,,,,,,0.0,7.1,100.0,0.2,22.2,100.0,0.2
2020-05-30,1.5,4.5,99.8,,,,,,,,,,0.0,16.7,100.0,0.0
2020-05-31,,,,,,,,,,,,,0.0,14.0,100.0,0.0
2020-06-01,,,,,,,,,,0.0,2.2,100.0,0.0,9.5,100.0,0.0
2020-06-02,,,,,,,,,,0.0,1.8,55.9,0.0,8.2,100.0,0.0
2020-06-03,2.2,3.9,99.8,0.3,3.3,100.0,,,,,,,0.0,7.8,100.0,0.0
2020-06-04,0.0,3.2,99.7,,,,,,,,,,0.0,7.0,100.0,0.0
2020-06-05,0.2,2.9,98.5,,,,,,,,,,0.0,6.9,100.0,0.0
2020-06-06,,,,,,,,,,,,,0.0,7.0,100.0,0.0
2020-06-07,,,,,,,,,,,,,0.0,8.0,100.0,0.0
2020-06-08,,,,,,,,,,,,,0.0,6.6,100.0,0.0
2020-06-09,3.1,7.3,99.5,,,,,,,,,,0.0,5.2,100.0,0.0
2020-06-10,0.5,3.4,99.8,,,,,,,,,,0.0,4.3,100.0,0.0
2020-06-11,,,,,,,,,,,,,0.0,7.4,100.0,0.0
2020-06-12,,,,,,,,,,,,,0.0,6.8,100.0,0.0
2020-06-13,,,,,,,,,,,,,0.0,6.3,100.0,0.0
2020-06-14,,,,,,,,,,,,,0.0,4.8,100.0,0.0
2020-06-15,2.0,4.5,99.5,,,,,,,,,,0.0,4.9,100.0,0.0
2020-06-16,1.4,4.2,99.7,,,,,,,,,,0.0,4.5,100.0,0.0
2020-06-17,3.1,7.1,99.5,,,,,,,0.0,0.9,100.0,0.0,3.1,100.0,0.0
2020-06-18,,,,,,,,,,,,,0.0,3.1,100.0,0.0
2020-06-19,,,,,,,,,,,,,0.0,2.4,100.0,0.0
2020-06-20,,,,,,,,,,0.0,0.2,100.0,0.0,2.3,100.0,0.0
2020-06-21,2.2,5.0,99.3,,,,,,,0.0,0.3,100.0,0.0,1.9,100.0,0.0
2020-06-22,1.7,5.6,99.8,,,,,,,,,,0.0,1.9,100.0,0.0
2020-06-23,,,,0.0,0.1,100.0,,,,,,,0.0,1.4,100.0,0.0
2020-06-24,,,,,,,,,,,,,0.0,1.5,100.0,0.0
2020-06-25,,,,,,,,,,0.0,0.1,100.0,0.0,1.2,100.0,0.0
2020-06-26,,,,,,,,,,,,,0.0,1.4,100.0,0.0
2020-06-27,1.7,5.0,99.8,,,,,,,,,,0.0,1.3,100.0,0.0
2020-06-28,3.2,5.9,99.5,,,,,,,0.0,0.1,100.0,0.0,1.5,100.0,0.0
2020-06-29,3.6,6.6,99.0,,,,,,,,,,0.0,1.6,100.0,0.0
2020-06-30,,,,,,,,,,,,,0.0,1.5,100.0,0.0
2020-07-01,,,,,,,,,,,,,0.0,2.0,100.0,0.0
2020-07-02,,,,,,,,,,,,,0.0,2.2,100.0,0.0
2020-07-03,5.9,8.2,99.8,,,,,,,,,,0.0,2.1,100.0,0.0
2020-07-04,6.6,11.2,99.7,,,,,,,,,,0.0,1.8,100.0,0.0
2020-07-05,6.3,14.1,98.5,,,,,,,,,,0.0,2.0,100.0,0.0
2020-07-06,,,,,,,,,,,,,0.0,1.7,100.0,0.0
2020-07-07,,,,,,,,,,,,,0.0,1.7,100.0,0.0
2020-07-08,,,,0.0,0.0,100.0,,,,,,,0.0,1.5,100.0,0.0
2020-07-09,7.2,16.2,98.8,,,,,,,0.0,0.0,100.0,0.0,1.4,100.0,0.0
2020-07-10,3.1,17.4,93.1,,,,,,,0.0,0.1,100.0,0.0,1.3,100.0,0.0
2020-07-11,3.3,17.1,92.4,,,,,,,,,,0.0,1.5,100.0,0.0
2020-07-12,,,,,,,,,,,,,0.0,0.9,100.0,0.0
2020-07-13,,,,,,,,,,,,,0.0,0.8,100.0,0.0
2020-07-14,,,,,,,,,,,,,0.0,0.9,100.0,0.0
2020-07-15,4.4,12.3,93.1,,,,,,,,,,0.0,0.9,100.0,0.0
2020-07-16,3.7,11.2,92.4,,,,,,,,,,0.0,1.1,100.0,0.0
2020-07-17,3.2,10.7,90.2,,,,,,,0.0,0.0,100.0,0.0,0.7,100.0,0.0
2020-07-18,,,,0.0,0.0,33.6,,,,0.0,0.0,100.0,0.0,0.6,100.0,0.0
2020-07-19,,,,,,,,,,,,,0.0,0.4,100.0,0.0
2020-07-20,,,,,,,,,,,,,0.0,0.3,100.0,0.0
2020-07-21,3.3,10.9,91.4,,,,,,,0.0,0.0,100.0,0.0,0.2,100.0,0.0
2020-07-22,1.7,9.0,91.7,,,,,,,,,,0.0,0.2,100.0,0.0
2020-07-23,0.6,7.9,91.2,0.0,0.0,100.0,,,,,,,0.0,0.1,100.0,0.0
2020-07-24,,,,,,,,,,,,,0.0,0.1,100.0,0.0
2020-07-25,,,,,,,,,,0.0,0.0,100.0,0.0,0.1,100.0,0.0
2020-07-26,,,,,,,0.0,0.0,92.7,0.0,0.0,100.0,0.0,0.1,100.0,0.0
2020-07-27,0.2,4.7,90.2,,,,,,,,,,0.0,0.1,100.0,0.0
2020-07-28,0.4,3.6,90.4,0.0,0.0,69.6,,,,,,,0.0,0.1,100.0,0.0
2020-07-29,0.4,2.9,87.0,,,,,,,,,,0.0,0.1,100.0,0.0
2020-07-30,,,,,,,,,,,,,0.0,0.2,100.0,0.0
2020-07-31,,,,,,,,,,,,,0.0,0.2,100.0,0.0
2020-08-01,,,,,,,,,,,,,0.0,0.2,100.0,0.0
2020-08-02,0.2,2.8,85.3,,,,,,,,,,0.0,0.2,100.0,0.0
2020-08-03,0.0,2.7,83.6,,,,,,,0.0,0.0,85.5,0.0,0.3,100.0,0.0
2020-08-04,0.0,2.7,80.6,,,,,,,,,,0.0,0.5,100.0,0.0
2020-08-05,,,,,,,,,,,,,0.0,0.5,100.0,0.0
2020-08-06,,,,,,,,,,0.0,0.0,100.0,0.0,0.4,100.0,0.0
2020-08-07,,,,0.0,0.0,100.0,,,,0.0,0.0,100.0,0.0,0.3,100.0,0.0
2020-08-08,0.0,1.8,86.8,,,,,,,,,,0.0,0.4,100.0,0.0
2020-08-09,0.0,1.4,93.1,,,,,,,,,,0.0,0.4,100.0,0.0
2020-08-10,0.0,1.2,86.1,,,,,,,,,,0.0,0.5,100.0,0.0
2020-08-11,,,,,,,,,,0.0,0.0,100.0,0.0,0.6,100.0,0.0
2020-08-12,,,,0.0,0.0,100.0,,,,,,,0.0,0.8,100.0,0.0
2020-08-13,,,,,,,,,,,,,0.0,0.4,100.0,0.0
2020-08-14,0.0,1.2,81.4,,,,,,,0.0,0.0,100.0,0.0,0.3,100.0,0.0
2020-08-15,0.0,1.4,87.7,,,,,,,0.0,0.0,100.0,0.0,0.3,100.0,0.0
2020-08-16,0.0,1.7,93.1,,,,,,,,,,0.0,0.4,100.0,0.0
2020-08-17,,,,0.0,0.0,95.4,,,,,,,0.0,0.3,100.0,0.0
2020-08-18,,,,,,,,,,,,,0.0,0.2,100.0,0.0
2020-08-19,,,,,,,,,,0.0,0.0,100.0,0.0,0.2,100.0,0.0
2020-08-20,0.0,2.1,92.9,,,,,,,,,,0.0,0.2,100.0,0.0
2020-08-21,0.0,2.0,92.9,,,,,,,,,,0.0,0.1,100.0,0.0
2020-08-22,0.0,1.9,93.1,0.0,0.0,100.0,,,,0.0,0.0,100.0,0.0,0.1,100.0,0.0
2020-08-23,,,,,,,,,,0.0,0.0,100.0,0.0,0.1,100.0,0.0
2020-08-24,,,,,,,,,,,,,0.0,0.1,100.0,0.0
2020-08-25,,,,,,,,,,,,,0.0,0.1,100.0,0.0
2020-08-26,0.0,1.0,92.7,,,,,,,0.0,0.0,100.0,0.0,0.1,100.0,0.0
2020-08-27,0.0,0.5,93.1,0.0,0.0,100.0,0.0,0.0,99.8,0.0,0.0,100.0,0.0,0.0,100.0,0.0
2020-08-28,0.0,0.4,92.4,,,,,,,,,,0.0,0.0,100.0,0.0
2020-08-29,,,,,,,,,,,,,0.0,0.0,100.0,0.0
2020-08-30,,,,,,,,,,,,,0.0,0.1,100.0,0.0
2020-08-31,,,,,,,,,,0.0,0.0,100.0,0.0,0.1,100.0,0.0
2020-09-01,0.0,0.4,92.7,0.0,0.0,100.0,,,,,,,0.0,0.1,100.0,0.0
2020-09-02,0.0,0.5,92.9,,,,,,,,,,0.0,0.1,100.0,0.0
2020-09-03,0.0,0.5,92.9,,,,,,,0.0,0.0,100.0,0.0,0.1,100.0,0.0
2020-09-04,,,,,,,,,,0.0,0.0,100.0,0.0,0.2,100.0,0.0
2020-09-05,,,,,,,,,,,,,0.0,0.1,100.0,0.0
2020-09-06,,,,0.0,0.0,99.7,,,,,,,0.0,0.1,100.0,0.0
2020-09-07,0.0,0.8,92.9,,,,,,,0.0,0.0,100.0,0.0,0.1,100.0,0.0
2020-09-08,0.0,1.5,93.1,,,,,,,,,,0.0,0.1,100.0,0.0
2020-09-09,0.0,3.2,92.7,,,,,,,,,,0.0,0.0,100.0,0.0
2020-09-10,,,,,,,,,,,,,0.0,0.0,100.0,0.0
2020-09-11,,,,,,,,,,,,,0.0,0.0,100.0,0.0
2020-09-12,,,,,,,0.0,0.0,99.8,,,,0.0,0.1,100.0,0.0
2020-09-13,0.0,6.5,92.7,,,,,,,,,,0.0,0.0,100.0,0.0
2020-09-14,0.9,13.5,91.6,,,,,,,,,,0.0,0.1,100.0,0.0
2020-09-15,2.9,21.8,92.4,,,,,,,,,,0.0,0.1,100.0,0.0
2020-09-16,,,,0.0,0.0,100.0,,,,,,,0.0,0.1,100.0,0.0
2020-09-17,,,,,,,,,,,,,0.0,0.1,100.0,0.0
2020-09-18,,,,,,,,,,0.0,0.0,100.0,0.0,0.1,100.0,0.0
2020-09-19,21.8,32.3,92.1,,,,,,,,,,0.0,0.1,100.0,0.0
2020-09-20,1.1,17.4,91.7,,,,,,,,,,0.0,0.2,100.0,0.0
2020-09-21,0.7,7.9,92.9,,,,,,,,,,0.0,0.2,100.0,0.0
2020-09-22,,,,,,,,,,,,,0.0,0.3,100.0,0.0
2020-09-23,,,,,,,,,,,,,0.0,0.3,100.0,0.0
2020-09-24,,,,,,,,,,,,,0.0,0.5,100.0,0.0
2020-09-25,0.4,6.3,91.7,,,,,,,,,,0.0,0.5,100.0,0.0
2020-09-26,0.5,7.4,93.1,,,,,,,,,,0.0,0.7,100.0,0.0
2020-09-27,0.4,9.1,92.9,,,,,,,,,,0.0,0.5,100.0,0.0
2020-09-28,,,,,,,0.0,0.0,38.3,,,,0.0,1.3,100.0,0.0
2020-09-29,,,,,,,,,,,,,0.0,1.2,100.0,0.0
2020-09-30,,,,,,,,,,0.0,0.1,100.0,0.0,1.1,100.0,0.0
2020-10-01,0.9,10.1,92.1,,,,,,,0.0,0.1,97.8,0.0,0.9,100.0,0.0
2020-10-02,0.0,3.9,92.7,,,,,,,,,,0.0,1.5,100.0,0.0
2020-10-03,0.2,4.5,93.1,,,,,,,,,,0.0,1.3,100.0,0.0
2020-10-04,,,,,,,,,,,,,0.0,1.2,100.0,0.0
2020-10-05,,,,,,,,,,,,,0.0,1.1,100.0,0.0
2020-10-06,,,,,,,,,,,,,0.0,1.5,100.0,0.0
2020-10-07,0.0,2.4,93.1,,,,,,,,,,0.0,1.6,100.0,0.0
2020-10-08,0.0,1.4,92.2,,,,,,,0.0,0.1,100.0,0.0,1.3,100.0,0.0
2020-10-09,0.0,0.8,92.1,,,,,,,0.0,0.1,100.0,0.0,1.2,100.0,0.0
2020-10-10,,,,,,,,,,,,,0.0,1.7,100.0,0.0
2020-10-11,,,,,,,,,,,,,0.0,2.2,100.0,0.0
2020-10-12,,,,,,,,,,0.0,0.1,100.0,0.0,2.0,100.0,0.0
2020-10-13,0.0,0.7,91.7,,,,,,,0.0,0.1,100.0,0.0,2.1,100.0,0.0
2020-10-14,0.0,1.1,92.9,,,,,,,,,,0.0,3.7,100.0,0.0
2020-10-15,0.0,1.1,92.2,,,,,,,,,,0.0,4.7,100.0,0.0
2020-10-16,,,,,,,,,,0.0,0.1,100.0,0.0,4.4,100.0,0.0
2020-10-17,,,,,,,,,,0.0,0.0,100.0,0.0,3.0,100.0,0.0
2020-10-18,,,,,,,,,,,,,0.0,3.9,100.0,0.0
2020-10-19,0.0,1.1,92.9,,,,,,,,,,0.0,4.1,100.0,0.0
2020-10-20,0.0,1.3,92.4,,,,,,,0.0,0.1,100.0,0.0,3.5,100.0,0.0
2020-10-21,0.4,4.5,93.1,,,,,,,0.0,0.1,100.0,0.0,3.3,100.0,0.0
2020-10-22,,,,,,,,,,,,,0.0,4.3,100.0,0.0
2020-10-23,,,,,,,,,,,,,0.0,3.8,100.0,0.0
2020-10-24,,,,,,,,,,0.0,0.1,100.0,0.0,2.9,100.0,0.0
2020-10-25,0.5,3.3,92.4,,,,,,,0.0,0.1,100.0,0.0,2.0,100.0,0.0
2020-10-26,7.2,8.3,91.7,,,,,,,,,,0.0,2.5,100.0,0.0
2020-10-27,13.5,11.1,92.9,,,,,,,,,,0.0,2.1,100.0,0.0
2020-10-28,,,,,,,,,,0.0,0.3,100.0,0.0,1.8,100.0,0.0
2020-10-29,,,,,,,,,,0.0,0.4,100.0,0.0,1.9,100.0,0.0
2020-10-30,,,,,,,,,,,,,0.0,2.6,100.0,0.0
2020-10-31,21.3,17.9,92.7,0.0,0.0,100.0,,,,,,,0.0,2.0,100.0,0.0
2020-11-01,20.3,16.5,92.4,,,,,,,0.0,0.7,100.0,0.0,1.6,100.0,0.0
2020-11-02,0.0,0.5,73.1,,,,,,,0.0,0.5,100.0,0.0,1.2,100.0,0.0
2020-11-03,,,,,,,,,,,,,0.0,2.1,100.0,0.0
2020-11-04,,,,,,,,,,,,,0.0,2.2,100.0,0.0
2020-11-05,,,,0.0,0.0,100.0,,,,,,,0.0,1.9,100.0,0.0
2020-11-06,0.0,0.6,72.5,,,,,,,,,,0.0,1.7,100.0,0.0
2020-11-07,0.0,0.6,70.6,,,,,,,,,,0.0,2.3,100.0,0.0
2020-11-08,0.0,0.4,68.4,,,,,,,,,,0.0,2.6,100.0,0.0
2020-11-09,,,,,,,,,,,,,0.0,2.7,100.0,0.0
2020-11-10,,,,0.0,0.0,100.0,,,,,,,0.0,1.7,100.0,0.0
2020-11-11,,,,,,,,,,,,,0.0,2.4,100.0,0.0
2020-11-12,0.0,0.5,69.8,,,,,,,,,,0.0,2.6,100.0,0.0
2020-11-13,0.0,0.5,69.4,,,,,,,,,,0.0,3.4,100.0,0.0
2020-11-14,,,,,,,,,,,,,0.0,3.2,100.0,0.0
2020-11-15,,,,0.0,0.0,100.0,0.0,0.0,40.4,,,,0.0,3.5,100.0,0.0
2020-11-16,,,,,,,,,,,,,0.0,4.1,100.0,0.0
2020-11-17,,,,,,,,,,0.0,2.8,100.0,0.0,4.1,100.0,0.0
2020-11-18,0.0,0.7,72.8,,,,,,,,,,0.0,4.9,100.0,0.0
2020-11-19,0.0,0.4,73.1,,,,,,,,,,0.0,5.7,100.0,0.0
2020-11-20,0.0,0.4,73.1,0.0,0.0,100.0,,,,,,,0.0,5.5,100.0,0.0
2020-11-21,,,,,,,,,,,,,0.0,7.1,100.0,0.0
2020-11-22,,,,,,,,,,,,,0.0,7.9,100.0,0.0
2020-11-23,,,,,,,,,,,,,0.0,8.9,100.0,0.0
2020-11-24,0.0,0.5,73.1,,,,,,,,,,0.0,8.7,100.0,0.0
2020-11-25,0.0,0.6,73.1,0.0,0.2,100.0,,,,,,,0.0,8.8,100.0,0.0
2020-11-26,,,,,,,,,,,,,0.0,11.0,100.0,0.0
2020-11-27,,,,,,,,,,,,,0.0,11.6,100.0,0.0
2020-11-28,,,,,,,,,,0.0,10.9,100.0,0.0,11.7,100.0,0.0
2020-11-29,,,,,,,,,,0.0,12.5,100.0,0.0,13.9,100.0,0.0
2020-11-30,0.0,0.8,73.1,0.0,1.6,100.0,,,,,,,0.0,19.0,100.0,0.0
2020-12-01,0.0,1.1,73.1,,,,,,,,,,0.0,24.8,100.0,0.0
2020-12-02,0.0,3.4,72.5,,,,,,,2.4,29.6,100.0,0.0,28.1,100.0,0.0
2020-12-03,,,,,,,,,,4.6,30.5,100.0,0.0,36.1,100.0,0.0
2020-12-04,,,,,,,,,,,,,2.2,49.4,100.0,2.2
2020-12-05,,,,,,,,,,,,,11.3,53.1,100.0,11.3
2020-12-06,0.0,7.9,73.0,,,,,,,83.6,58.9,100.0,60.3,59.7,100.0,60.3
2020-12-07,1.2,18.0,73.1,,,,,,,96.3,65.5,100.0,75.8,63.1,100.0,75.8
2020-12-08,2.3,23.6,73.0,,,,,,,,,,92.6,73.3,100.0,92.6
2020-12-09,,,,,,,,,,,,,94.9,75.4,100.0,94.9
2020-12-10,,,,97.6,89.0,100.0,,,,100.0,82.1,100.0,98.6,79.7,100.0,98.6
2020-12-11,,,,,,,,,,100.0,84.1,100.0,99.8,81.7,100.0,99.8
2020-12-12,48.5,42.3,72.8,,,,,,,,,,100.0,84.8,100.0,100.0
2020-12-13,91.2,55.9,73.1,,,,,,,,,,100.0,85.2,100.0,100.0
2020-12-14,97.2,68.1,73.1,,,,,,,100.0,89.0,100.0,100.0,87.1,100.0,100.0
2020-12-15,,,,,,,,,,100.0,93.2,100.0,100.0,87.4,100.0,100.0
2020-12-16,,,,,,,,,,,,,100.0,90.4,100.0,100.0
2020-12-17,,,,,,,98.0,91.2,100.0,,,,100.0,91.9,100.0,100.0
2020-12-18,99.3,74.5,72.6,,,,,,,100.0,97.5,100.0,100.0,91.4,100.0,100.0
2020-12-19,99.5,80.7,72.8,,,,,,,100.0,98.5,100.0,100.0,92.3,100.0,100.0
2020-12-20,98.6,79.3,73.0,,,,,,,,,,100.0,92.9,100.0,100.0
2020-12-21,,,,,,,,,,,,,100.0,92.5,100.0,100.0
2020-12-22,,,,,,,,,,,,,100.0,92.7,100.0,100.0
2020-12-23,,,,,,,,,,100.0,99.2,100.0,100.0,93.2,100.0,100.0
2020-12-24,99.3,79.5,73.1,,,,,,,,,,100.0,94.4,100.0,100.0
2020-12-25,99.8,79.8,73.1,,,,,,,,,,100.0,94.8,100.0,100.0
2020-12-26,99.8,80.9,73.1,,,,,,,100.0,98.9,100.0,100.0,95.0,100.0,100.0
2020-12-27,,,,,,,,,,100.0,99.4,100.0,100.0,95.4,100.0,100.0
2020-12-28,,,,,,,,,,,,,100.0,95.3,100.0,100.0
2020-12-29,,,,,,,,,,,,,100.0,95.5,100.0,100.0
2020-12-30,100.0,79.7,73.1,100.0,98.1,100.0,,,,100.0,99.3,100.0,100.0,96.0,100.0,100.0
2020-12-31,100.0,79.5,72.3,,,,,,,,,,100.0,95.8,100.0,100.0
2021-01-01,100.0,84.3,78.6,,,,,,,,,,100.0,96.8,100.0,100.0
2021-01-02,,,,,,,,,,,,,100.0,96.1,100.0,100.0
2021-01-03,,,,,,,,,,,,,100.0,94.9,100.0,100.0
2021-01-04,,,,,,,,,,,,,100.0,96.6,100.0,100.0
2021-01-05,100.0,87.5,78.4,,,,,,,,,,100.0,96.5,100.0,100.0
2021-01-06,100.0,88.3,78.6,,,,,,,,,,100.0,96.1,100.0,100.0
2021-01-07,100.0,88.5,41.7,,,,,,,100.0,99.5,100.0,100.0,95.0,100.0,100.0
2021-01-08,,,,,,,,,,,,,100.0,94.9,100.0,100.0
2021-01-09,,,,,,,,,,,,,100.0,95.2,100.0,100.0
2021-01-10,,,,,,,,,,100.0,99.7,100.0,100.0,94.8,100.0,100.0
2021-01-11,100.0,89.8,41.7,,,,,,,,,,100.0,95.1,100.0,100.0
2021-01-12,100.0,91.2,41.7,,,,,,,,,,100.0,95.9,100.0,100.0
2021-01-13,100.0,92.3,41.7,,,,,,,,,,100.0,96.8,100.0,100.0
2021-01-14,,,,,,,,,,,,,100.0,96.1,100.0,100.0
2021-01-15,,,,,,,,,,,,,100.0,97.3,100.0,100.0
2021-01-16,,,,,,,,,,,,,100.0,97.4,100.0,100.0
2021-01-17,100.0,92.6,41.7,,,,,,,,,,100.0,97.8,100.0,100.0
2021-01-18,100.0,94.1,41.7,,,,100.0,100.0,100.0,,,,100.0,98.6,100.0,100.0
2021-01-19,100.0,95.0,41.7,100.0,99.6,100.0,,,,,,,100.0,98.9,100.0,100.0
2021-01-20,,,,,,,,,,,,,100.0,98.8,100.0,100.0
2021-01-21,,,,,,,,,,,,,100.0,99.0,100.0,100.0
2021-01-22,,,,,,,,,,,,,100.0,99.0,100.0,100.0
2021-01-23,100.0,95.9,41.7,,,,,,,,,,100.0,99.3,100.0,100.0
2021-01-24,100.0,95.6,41.7,100.0,99.6,100.0,,,,,,,100.0,99.4,100.0,100.0
2021-01-25,100.0,95.9,41.7,,,,,,,,,,100.0,99.3,100.0,100.0
2021-01-26,,,,,,,,,,100.0,99.8,100.0,100.0,99.3,100.0,100.0
2021-01-27,,,,,,,,,,100.0,99.8,100.0,100.0,99.2,100.0,100.0
2021-01-28,,,,,,,,,,,,,100.0,99.1,100.0,100.0
2021-01-29,100.0,97.0,41.7,,,,,,,,,,100.0,98.9,100.0,100.0
2021-01-30,100.0,97.5,41.7,,,,,,,,,,100.0,98.8,100.0,100.0
2021-01-31,100.0,98.5,41.7,,,,,,,100.0,99.6,100.0,100.0,98.8,100.0,100.0
2021-02-01,,,,,,,,,,,,,100.0,98.6,100.0,100.0
2021-02-02,,,,,,,,,,,,,100.0,98.7,100.0,100.0
2021-02-03,,,,,,,,,,100.0,99.7,100.0,100.0,98.4,100.0,100.0
2021-02-04,100.0,98.7,41.7,,,,,,,100.0,99.7,99.3,100.0,98.6,100.0,100.0
2021-02-05,100.0,99.0,41.7,,,,,,,,,,100.0,98.8,100.0,100.0
2021-02-06,100.0,99.3,41.7,,,,,,,,,,100.0,98.7,100.0,100.0
2021-02-07,,,,,,,,,,100.0,99.7,100.0,100.0,98.7,100.0,100.0
2021-02-08,,,,100.0,99.7,100.0,,,,100.0,99.5,100.0,100.0,98.9,100.0,100.0
2021-02-09,,,,,,,,,,,,,100.0,98.8,100.0,100.0
2021-02-10,100.0,99.5,41.7,,,,,,,,,,100.0,98.8,100.0,100.0
2021-02-11,100.0,99.5,41.7,,,,,,,100.0,99.4,100.0,100.0,98.8,100.0,100.0
2021-02-12,100.0,99.5,41.7,,,,,,,100.0,99.4,100.0,100.0,98.7,100.0,100.0
2021-02-13,,,,99.8,99.0,100.0,,,,,,,100.0,99.1,100.0,100.0
2021-02-14,,,,,,,,,,,,,100.0,99.0,100.0,100.0
2021-02-15,,,,,,,,,,,,,100.0,99.1,100.0,100.0
2021-02-16,100.0,99.6,41.7,,,,,,,100.0,99.2,100.0,100.0,99.1,100.0,100.0
2021-02-17,100.0,99.7,41.7,,,,,,,,,,100.0,99.2,100.0,100.0
2021-02-18,100.0,99.7,41.7,99.8,99.4,73.9,,,,,,,100.0,99.2,100.0,100.0
2021-02-19,,,,,,,100.0,100.0,74.8,100.0,98.8,100.0,100.0,99.4,100.0,100.0
2021-02-20,,,,,,,,,,100.0,98.5,100.0,100.0,99.2,100.0,100.0
2021-02-21,,,,,,,,,,,,,100.0,99.3,100.0,100.0
2021-02-22,100.0,99.7,41.7,,,,,,,,,,100.0,99.4,100.0,100.0
2021-02-23,100.0,99.7,41.7,99.8,99.1,100.0,,,,100.0,97.4,100.0,100.0,99.4,100.0,100.0
2021-02-24,100.0,99.8,41.7,,,,,,,100.0,98.8,100.0,100.0,99.3,100.0,100.0
2021-02-25,,,,,,,,,,,,,100.0,99.2,100.0,100.0
2021-02-26,,,,,,,,,,,,,100.0,99.2,100.0,100.0
2021-02-27,,,,,,,,,,100.0,99.0,100.0,100.0,99.1,100.0,100.0
2021-02-28,100.0,99.7,41.7,100.0,99.6,100.0,,,,,,,100.0,99.2,100.0,100.0
2021-03-01,100.0,99.5,41.7,,,,,,,,,,100.0,98.8,100.0,100.0
2021-03-02,100.0,99.6,41.2,,,,,,,,,,100.0,99.0,100.0,100.0
2021-03-03,,,,,,,,,,100.0,99.1,100.0,100.0,98.9,100.0,100.0
2021-03-04,,,,,,,,,,100.0,97.8,100.0,100.0,98.9,100.0,100.0
2021-03-05,,,,100.0,99.5,100.0,,,,,,,100.0,99.1,100.0,100.0
2021-03-06,100.0,99.7,41.4,,,,,,,,,,100.0,99.0,100.0,100.0
2021-03-07,100.0,99.8,41.7,,,,,,,100.0,97.4,100.0,100.0,98.7,100.0,100.0
2021-03-08,100.0,96.2,92.0,,,,,,,,,,100.0,99.0,100.0,100.0
2021-03-09,,,,,,,,,,,,,100.0,99.2,100.0,100.0
2021-03-10,,,,100.0,99.4,100.0,,,,100.0,97.2,100.0,100.0,99.2,100.0,100.0
2021-03-11,,,,,,,,,,100.0,93.6,100.0,100.0,99.0,100.0,100.0
2021-03-12,100.0,97.8,94.2,,,,,,,,,,100.0,99.2,100.0,100.0
2021-03-13,100.0,98.3,92.0,,,,,,,,,,100.0,99.2,100.0,100.0
2021-03-14,100.0,98.2,89.8,,,,,,,100.0,95.9,100.0,100.0,99.1,100.0,100.0
2021-03-15,,,,,,,,,,,,,100.0,98.9,100.0,100.0
2021-03-16,,,,,,,,,,,,,100.0,98.9,100.0,100.0
2021-03-17,,,,,,,,,,,,,100.0,99.1,100.0,100.0
2021-03-18,100.0,98.8,83.3,,,,,,,100.0,95.4,100.0,100.0,99.1,100.0,100.0
2021-03-19,100.0,98.7,86.9,,,,,,,,,,100.0,99.1,100.0,100.0
2021-03-20,99.8,98.3,86.9,100.0,99.8,100.0,,,,,,,100.0,99.5,100.0,100.0
2021-03-21,,,,,,,,,,,,,100.0,99.4,100.0,100.0
2021-03-22,,,,,,,,,,,,,100.0,99.3,100.0,100.0
2021-03-23,,,,,,,100.0,99.9,95.5,,,,100.0,99.5,100.0,100.0
2021-03-24,100.0,98.4,78.6,,,,,,,,,,100.0,99.6,100.0,100.0
2021-03-25,100.0,98.2,87.8,100.0,99.4,100.0,,,,,,,100.0,99.7,100.0,100.0
2021-03-26,99.8,98.2,93.6,,,,,,,,,,100.0,99.7,100.0,100.0
2021-03-27,,,,,,,,,,100.0,95.5,100.0,100.0,99.5,100.0,100.0
2021-03-28,,,,,,,,,,,,,100.0,99.6,100.0,100.0
2021-03-29,,,,,,,,,,,,,100.0,99.5,100.0,100.0
2021-03-30,100.0,99.3,88.4,100.0,99.7,100.0,,,,100.0,92.4,100.0,100.0,99.7,100.0,100.0
2021-03-31,100.0,99.0,96.7,,,,,,,100.0,97.0,100.0,100.0,99.5,100.0,100.0
2021-04-01,100.0,99.1,100.0,,,,,,,,,,100.0,99.5,100.0,100.0
2021-04-02,,,,,,,,,,,,,100.0,99.3,100.0,100.0
2021-04-03,,,,,,,,,,100.0,96.8,100.0,100.0,99.4,100.0,100.0
2021-04-04,,,,100.0,99.2,100.0,,,,99.9,96.3,100.0,100.0,99.5,100.0,100.0
2021-04-05,100.0,99.6,99.1,,,,,,,,,,100.0,99.6,100.0,100.0
2021-04-06,100.0,99.7,98.5,,,,,,,,,,100.0,99.6,100.0,100.0
2021-04-07,100.0,99.6,92.6,,,,,,,100.0,96.2,100.0,100.0,99.7,100.0,100.0
2021-04-08,,,,,,,100.0,99.7,64.1,99.6,94.3,100.0,100.0,99.6,100.0,100.0
2021-04-09,,,,100.0,99.3,100.0,,,,,,,100.0,99.7,100.0,100.0
2021-04-10,,,,,,,,,,,,,100.0,99.6,100.0,100.0
2021-04-11,100.0,99.9,84.2,,,,,,,,,,100.0,99.7,100.0,100.0
2021-04-12,100.0,99.7,96.7,,,,,,,,,,100.0,99.7,100.0,100.0
2021-04-13,100.0,99.6,87.5,,,,,,,,,,100.0,99.7,100.0,100.0
2021-04-14,,,,100.0,99.5,100.0,,,,,,,100.0,99.7,100.0,100.0
2021-04-15,,,,,,,,,,100.0,96.1,100.0,100.0,99.6,100.0,100.0
2021-04-16,,,,,,,,,,99.6,91.4,100.0,100.0,99.5,100.0,100.0
2021-04-17,100.0,99.8,81.7,,,,,,,,,,100.0,99.5,100.0,100.0
2021-04-18,100.0,99.7,91.7,,,,,,,,,,100.0,99.4,100.0,100.0
2021-04-19,100.0,98.6,93.8,100.0,99.5,84.9,,,,99.5,90.5,100.0,100.0,99.5,100.0,100.0
2021-04-20,,,,,,,,,,99.3,88.8,100.0,100.0,99.2,100.0,100.0
2021-04-21,,,,,,,,,,,,,100.0,99.2,100.0,100.0
2021-04-22,,,,,,,,,,,,,100.0,99.1,100.0,100.0
2021-04-23,100.0,98.2,99.3,,,,,,,94.9,74.4,100.0,100.0,99.2,100.0,100.0
2021-04-24,100.0,95.8,99.6,100.0,99.8,100.0,100.0,98.0,95.3,98.1,80.8,100.0,100.0,99.3,100.0,100.0
2021-04-25,100.0,92.7,100.0,,,,,,,,,,100.0,99.1,100.0,100.0
2021-04-26,,,,,,,,,,,,,100.0,98.9,100.0,100.0
2021-04-27,,,,,,,,,,99.8,90.8,100.0,100.0,98.9,100.0,100.0
2021-04-28,,,,,,,,,,100.0,94.4,100.0,100.0,98.8,100.0,100.0
2021-04-29,99.6,86.9,100.0,,,,,,,,,,100.0,98.8,100.0,100.0
2021-04-30,98.0,73.4,100.0,,,,,,,,,,100.0,98.9,100.0,100.0
2021-05-01,81.3,61.3,100.0,,,,,,,,,,100.0,98.9,100.0,100.0
2021-05-02,,,,,,,,,,100.0,96.2,100.0,100.0,98.9,100.0,100.0
2021-05-03,,,,,,,,,,,,,100.0,98.8,100.0,100.0
2021-05-04,,,,100.0,99.6,100.0,,,,,,,100.0,99.1,100.0,100.0
2021-05-05,35.4,36.8,100.0,,,,,,,100.0,93.8,100.0,100.0,98.8,100.0,100.0
2021-05-06,35.8,35.3,100.0,,,,,,,100.0,95.2,100.0,100.0,98.8,100.0,100.0
2021-05-07,35.8,35.9,99.8,,,,,,,,,,100.0,98.7,100.0,100.0
2021-05-08,,,,,,,,,,,,,100.0,98.7,100.0,100.0
2021-05-09,,,,,,,,,,99.7,92.1,100.0,100.0,98.5,100.0,100.0
2021-05-10,,,,,,,,,,,,,100.0,98.5,100.0,100.0
2021-05-11,23.0,30.8,98.7,,,,,,,,,,100.0,98.5,100.0,100.0
2021-05-12,38.5,38.1,96.7,,,,,,,,,,100.0,99.0,100.0,100.0
2021-05-13,17.7,30.4,94.6,,,,,,,,,,100.0,98.9,100.0,100.0
2021-05-14,,,,100.0,99.9,100.0,,,,,,,100.0,99.2,100.0,100.0
2021-05-15,,,,,,,,,,,,,100.0,99.1,100.0,100.0
2021-05-16,,,,,,,,,,,,,100.0,99.1,100.0,100.0
2021-05-17,43.5,40.3,86.0,,,,,,,,,,100.0,99.2,100.0,100.0
2021-05-18,86.7,59.0,84.4,,,,,,,,,,100.0,99.2,100.0,100.0
2021-05-19,86.1,60.2,84.8,100.0,99.7,100.0,,,,,,,100.0,99.3,100.0,100.0
2021-05-20,,,,,,,,,,,,,100.0,99.1,100.0,100.0
2021-05-21,,,,,,,,,,,,,100.0,99.2,100.0,100.0
2021-05-22,,,,,,,,,,,,,100.0,99.2,100.0,100.0
2021-05-23,89.9,67.7,89.5,,,,,,,,,,100.0,99.1,100.0,100.0
2021-05-24,89.3,64.8,98.0,,,,,,,99.6,90.6,100.0,100.0,99.1,100.0,100.0
2021-05-25,91.5,72.4,100.0,,,,,,,99.5,89.1,100.0,100.0,99.1,100.0,100.0
2021-05-26,,,,,,,100.0,98.0,88.6,,,,100.0,99.1,100.0,100.0
2021-05-27,,,,,,,,,,,,,100.0,98.7,100.0,100.0
2021-05-28,,,,,,,,,,99.3,84.9,100.0,100.0,98.4,100.0,100.0
2021-05-29,93.5,74.1,100.0,100.0,99.0,80.9,,,,99.1,89.5,100.0,100.0,98.4,100.0,100.0
2021-05-30,94.7,77.4,100.0,,,,,,,,,,100.0,97.2,100.0,100.0
2021-05-31,94.9,77.3,99.8,,,,,,,,,,100.0,95.9,100.0,100.0
2021-06-01,,,,,,,,,,99.1,86.3,39.9,99.5,93.5,100.0,99.5
2021-06-02,,,,,,,,,,,,,96.6,91.5,100.0,96.6
2021-06-03,,,,,,,,,,,,,85.8,86.1,100.0,85.8
2021-06-04,80.6,59.7,100.0,,,,,,,,,,81.3,79.7,100.0,81.3
2021-06-05,42.1,39.0,100.0,,,,,,,95.8,79.5,100.0,79.9,72.7,100.0,79.9
2021-06-06,17.5,26.6,99.6,,,,,,,,,,67.5,62.8,100.0,67.5
2021-06-07,,,,,,,,,,,,,28.5,45.6,100.0,28.5
2021-06-08,,,,,,,,,,,,,17.1,35.5,100.0,17.1
2021-06-09,,,,,,,,,,,,,10.5,26.6,100.0,10.5
2021-06-10,4.4,15.9,99.8,,,,,,,,,,5.4,20.3,100.0,5.4
2021-06-11,1.1,11.2,100.0,,,,,,,,,,1.1,14.4,100.0,1.1
2021-06-12,0.0,7.4,100.0,,,,,,,,,,0.4,13.5,100.0,0.4
2021-06-13,,,,18.0,24.2,100.0,,,,,,,0.2,12.9,100.0,0.2
2021-06-14,,,,,,,,,,36.5,41.3,100.0,0.0,8.8,100.0,0.0
2021-06-15,,,,,,,,,,,,,0.0,7.5,100.0,0.0
2021-06-16,0.0,5.9,99.5,,,,,,,,,,0.0,6.9,100.0,0.0
2021-06-17,0.0,9.6,100.0,,,,,,,,,,0.0,7.6,100.0,0.0
2021-06-18,0.0,9.8,99.8,,,,,,,,,,0.0,6.6,100.0,0.0
2021-06-19,,,,,,,,,,0.4,19.9,100.0,0.0,6.9,100.0,0.0
2021-06-20,,,,,,,,,,,,,0.0,7.3,100.0,0.0
2021-06-21,,,,,,,,,,,,,0.0,9.0,100.0,0.0
2021-06-22,0.0,10.1,99.6,,,,,,,0.0,10.2,100.0,0.0,8.9,100.0,0.0
2021-06-23,0.0,11.1,99.8,,,,,,,,,,0.0,9.6,100.0,0.0
2021-06-24,,,,,,,,,,,,,0.0,9.8,100.0,0.0
2021-06-25,,,,,,,,,,,,,0.0,10.9,100.0,0.0
2021-06-26,,,,,,,,,,0.0,2.6,100.0,0.0,9.6,100.0,0.0
2021-06-27,,,,,,,,,,,,,0.0,9.3,100.0,0.0
2021-06-28,1.1,13.5,99.3,,,,,,,,,,0.0,9.2,100.0,0.0
2021-06-29,2.0,15.2,100.0,,,,,,,,,,0.0,10.7,100.0,0.0
2021-06-30,,,,,,,,,,,,,0.0,10.5,100.0,0.0
2021-07-01,,,,,,,,,,0.0,1.9,100.0,0.0,10.0,100.0,0.0
2021-07-02,,,,,,,,,,,,,0.0,10.3,100.0,0.0
2021-07-03,,,,,,,,,,,,,0.0,9.6,100.0,0.0
2021-07-04,,,,,,,,,,,,,0.0,6.7,100.0,0.0
2021-07-05,0.0,9.9,99.5,,,,,,,0.0,0.8,100.0,0.0,5.9,100.0,0.0
2021-07-06,0.0,8.1,99.8,,,,,,,,,,0.0,5.6,100.0,0.0
2021-07-07,,,,,,,,,,,,,0.0,4.8,100.0,0.0
2021-07-08,,,,,,,,,,0.0,0.3,100.0,0.0,4.5,100.0,0.0
2021-07-09,,,,,,,,,,,,,0.0,4.2,100.0,0.0
2021-07-10,0.0,5.9,99.5,,,,,,,,,,0.0,3.4,100.0,0.0
2021-07-11,0.0,4.1,99.8,,,,,,,0.0,0.1,100.0,0.0,3.0,100.0,0.0
2021-07-12,0.0,4.5,99.1,,,,,,,,,,0.0,2.4,100.0,0.0
2021-07-13,,,,,,,,,,,,,0.0,2.3,100.0,0.0
2021-07-14,,,,,,,,,,,,,0.0,2.1,100.0,0.0
2021-07-15,,,,,,,,,,0.0,0.1,100.0,0.0,1.4,100.0,0.0
2021-07-16,0.0,2.6,99.1,,,,,,,,,,0.0,1.5,100.0,0.0
2021-07-17,0.0,3.5,100.0,,,,,,,,,,0.0,1.6,100.0,0.0
2021-07-18,0.0,3.5,99.6,0.0,0.0,99.8,,,,,,,0.0,1.2,100.0,0.0
2021-07-19,,,,,,,,,,,,,0.0,1.0,100.0,0.0
2021-07-20,,,,,,,,,,0.0,0.0,100.0,0.0,0.8,100.0,0.0
2021-07-21,,,,,,,,,,,,,0.0,0.9,100.0,0.0
2021-07-22,0.0,2.9,98.9,,,,,,,,,,0.0,0.6,100.0,0.0
2021-07-23,0.0,2.1,100.0,0.0,0.0,100.0,,,,0.0,0.0,100.0,0.0,0.4,100.0,0.0
2021-07-24,0.0,2.7,100.0,,,,,,,,,,0.0,0.3,100.0,0.0
2021-07-25,,,,,,,,,,,,,0.0,0.4,100.0,0.0
2021-07-26,,,,,,,,,,,,,0.0,0.3,100.0,0.0
2021-07-27,,,,,,,,,,,,,0.0,0.3,100.0,0.0
2021-07-28,0.0,1.8,98.7,,,,,,,,,,0.0,0.2,100.0,0.0
2021-07-29,0.0,1.3,100.0,,,,0.0,0.0,71.7,,,,0.0,0.2,100.0,0.0
2021-07-30,0.0,1.0,98.4,,,,,,,,,,0.0,0.2,100.0,0.0
2021-07-31,,,,,,,,,,0.0,0.0,100.0,0.0,0.2,100.0,0.0
2021-08-01,,,,,,,,,,0.0,0.1,100.0,0.0,0.1,100.0,0.0
2021-08-02,,,,,,,,,,,,,0.0,0.3,100.0,0.0
2021-08-03,0.0,1.1,99.6,,,,,,,,,,0.0,0.2,100.0,0.0
2021-08-04,0.0,1.5,99.5,,,,,,,0.0,0.0,31.4,0.0,0.2,100.0,0.0
2021-08-05,0.0,0.7,99.3,,,,,,,0.0,0.0,100.0,0.0,0.2,100.0,0.0
2021-08-06,,,,,,,,,,,,,0.0,0.3,100.0,0.0
2021-08-07,,,,,,,,,,,,,0.0,0.2,100.0,0.0
2021-08-08,,,,,,,,,,0.0,0.0,100.0,0.0,0.1,100.0,0.0
2021-08-09,0.0,0.5,99.3,,,,,,,0.0,0.0,100.0,0.0,0.1,100.0,0.0
2021-08-10,0.0,0.4,99.6,,,,,,,,,,0.0,0.1,100.0,0.0
2021-08-11,0.0,0.5,98.4,,,,,,,,,,0.0,0.1,100.0,0.0
2021-08-12,,,,0.0,0.0,100.0,,,,0.0,0.0,100.0,0.0,0.0,100.0,0.0
2021-08-13,,,,,,,,,,0.0,0.0,100.0,0.0,0.0,100.0,0.0
2021-08-14,,,,,,,0.0,0.0,99.8,,,,0.0,0.1,100.0,0.0
2021-08-15,0.0,0.4,99.3,,,,,,,,,,0.0,0.1,100.0,0.0
2021-08-16,,,,,,,,,,0.0,0.0,100.0,0.0,0.0,100.0,0.0
2021-08-17,0.0,0.4,98.9,0.0,0.0,100.0,,,,0.0,0.0,100.0,0.0,0.0,100.0,0.0
2021-08-18,,,,,,,,,,,,,0.0,0.1,100.0,0.0
2021-08-19,,,,,,,,,,,,,0.0,0.1,100.0,0.0
2021-08-20,,,,,,,,,,0.0,0.0,100.0,0.0,0.1,100.0,0.0
2021-08-21,0.0,0.3,99.1,,,,,,,0.0,0.0,100.0,0.0,0.1,100.0,0.0
2021-08-22,0.0,0.5,98.4,,,,,,,,,,0.0,0.2,100.0,0.0
2021-08-23,0.2,1.1,99.3,,,,,,,,,,0.0,0.1,100.0,0.0
2021-08-24,,,,,,,,,,0.0,0.0,100.0,0.0,0.1,100.0,0.0
2021-08-25,,,,,,,,,,0.0,0.0,100.0,0.0,0.1,100.0,0.0
2021-08-26,,,,,,,,,,,,,0.0,0.2,100.0,0.0
2021-08-27,1.8,1.9,99.3,0.0,0.0,100.0,,,,,,,0.0,0.1,100.0,0.0
2021-08-28,2.6,2.4,98.9,,,,,,,,,,0.0,0.1,100.0,0.0
2021-08-29,0.0,0.5,91.1,,,,,,,0.0,0.0,100.0,0.0,0.1,100.0,0.0
2021-08-30,,,,,,,0.0,0.0,99.8,,,,0.0,0.1,100.0,0.0
2021-08-31,,,,,,,,,,,,,0.0,0.1,100.0,0.0
2021-09-01,,,,0.0,0.0,100.0,,,,,,,0.0,0.1,100.0,0.0
2021-09-02,0.0,1.1,92.0,,,,,,,0.0,0.0,100.0,0.0,0.1,100.0,0.0
2021-09-03,0.0,1.8,91.5,,,,,,,,,,0.0,0.2,100.0,0.0
2021-09-04,0.0,3.3,91.3,,,,,,,,,,0.0,0.1,100.0,0.0
2021-09-05,,,,,,,,,,0.0,0.0,100.0,0.0,0.1,100.0,0.0
2021-09-06,,,,,,,,,,0.0,0.0,100.0,0.0,0.2,100.0,0.0
2021-09-07,,,,,,,,,,,,,0.0,0.3,100.0,0.0
2021-09-08,0.0,3.5,90.4,,,,,,,,,,0.0,0.3,100.0,0.0
2021-09-09,0.0,1.2,92.6,,,,,,,,,,0.0,0.3,100.0,0.0
2021-09-10,0.0,1.0,91.5,,,,,,,,,,0.0,0.3,100.0,0.0
2021-09-11,,,,0.0,0.0,100.0,,,,,,,0.0,0.3,100.0,0.0
2021-09-12,,,,,,,,,,,,,0.0,0.2,100.0,0.0
2021-09-13,,,,,,,,,,0.0,0.0,100.0,0.0,0.2,100.0,0.0
2021-09-14,0.0,0.7,91.3,,,,,,,,,,0.0,0.3,100.0,0.0
2021-09-15,0.0,0.8,91.8,,,,0.0,0.2,100.0,,,,0.0,0.3,100.0,0.0
2021-09-16,0.0,0.5,92.4,,,,,,,,,,0.0,0.2,100.0,0.0
2021-09-17,,,,,,,,,,0.0,0.0,100.0,0.0,0.1,100.0,0.0
2021-09-18,,,,,,,,,,,,,0.0,0.2,100.0,0.0
2021-09-19,,,,,,,,,,,,,0.0,0.3,100.0,0.0
2021-09-20,0.0,0.6,93.8,,,,,,,,,,0.0,0.3,100.0,0.0
2021-09-21,0.0,0.7,92.4,0.0,0.0,100.0,,,,,,,0.0,0.2,100.0,0.0
2021-09-22,0.0,1.0,93.5,,,,,,,,,,0.0,0.2,100.0,0.0
2021-09-23,,,,,,,,,,,,,0.0,0.3,100.0,0.0
2021-09-24,,,,,,,,,,,,,0.0,0.3,100.0,0.0
2021-09-25,,,,,,,,,,,,,0.0,0.1,100.0,0.0
2021-09-26,0.0,1.1,90.9,,,,,,,,,,0.0,0.2,100.0,0.0
2021-09-27,0.0,1.1,92.9,,,,,,,,,,0.0,0.2,100.0,0.0
2021-09-28,0.0,1.3,93.6,,,,,,,,,,0.0,0.2,100.0,0.0
2021-09-29,,,,,,,,,,,,,0.0,0.2,100.0,0.0
2021-09-30,,,,,,,,,,,,,0.0,0.3,100.0,0.0
2021-10-01,,,,0.0,0.0,57.9,,,,,,,0.0,0.4,100.0,0.0
2021-10-02,0.0,1.1,93.6,,,,,,,,,,0.0,0.7,100.0,0.0
2021-10-03,0.0,1.2,94.0,,,,,,,,,,0.0,0.5,100.0,0.0
2021-10-04,0.0,1.4,94.0,,,,,,,,,,0.0,0.6,100.0,0.0
2021-10-05,,,,,,,,,,,,,0.0,0.6,100.0,0.0
2021-10-06,,,,0.0,0.0,53.4,,,,,,,0.0,0.7,100.0,0.0
2021-10-07,,,,,,,,,,,,,0.0,0.6,100.0,0.0
2021-10-08,0.0,0.9,93.8,,,,,,,0.0,0.0,100.0,0.0,0.5,100.0,0.0
2021-10-09,0.2,1.0,94.0,,,,,,,,,,0.0,0.8,100.0,0.0
2021-10-10,0.0,1.0,93.1,,,,,,,,,,0.0,0.8,100.0,0.0
2021-10-11,,,,0.0,0.0,100.0,,,,0.0,0.1,100.0,0.0,0.5,100.0,0.0
2021-10-12,,,,,,,,,,0.0,0.1,100.0,0.0,0.4,100.0,0.0
2021-10-13,,,,,,,,,,,,,0.0,0.7,100.0,0.0
2021-10-14,0.0,2.3,93.3,,,,,,,,,,0.0,0.6,100.0,0.0
2021-10-15,0.4,1.1,94.0,,,,,,,0.0,0.1,100.0,0.0,0.5,100.0,0.0
2021-10-16,0.0,0.8,92.7,0.0,0.0,100.0,,,,0.0,0.1,100.0,0.0,0.3,100.0,0.0
2021-10-17,,,,,,,0.0,0.0,90.4,,,,0.0,0.5,100.0,0.0
2021-10-18,,,,,,,,,,,,,0.0,0.5,100.0,0.0
2021-10-19,,,,,,,,,,0.0,0.1,100.0,0.0,0.5,100.0,0.0
2021-10-20,0.4,1.1,93.8,,,,,,,0.0,0.2,100.0,0.0,0.5,100.0,0.0
2021-10-21,0.2,1.3,93.6,0.0,0.0,100.0,,,,,,,0.0,0.9,100.0,0.0
2021-10-22,0.4,1.8,93.1,,,,,,,,,,0.0,0.8,100.0,0.0
2021-10-23,,,,,,,,,,0.0,0.2,100.0,0.0,0.9,100.0,0.0
2021-10-24,,,,,,,,,,0.0,0.2,100.0,0.0,1.0,100.0,0.0
2021-10-25,,,,,,,,,,,,,0.0,1.6,100.0,0.0
2021-10-26,0.4,2.0,93.3,0.0,0.0,100.0,,,,,,,0.0,1.2,100.0,0.0
2021-10-27,0.2,3.4,93.1,,,,,,,,,,0.0,1.4,100.0,0.0
2021-10-28,0.8,4.0,92.6,,,,,,,0.0,0.5,100.0,0.0,1.2,100.0,0.0
2021-10-29,,,,,,,,,,,,,0.0,1.6,100.0,0.0
2021-10-30,,,,,,,,,,,,,0.0,1.5,100.0,0.0
2021-10-31,,,,,,,,,,0.0,1.0,100.0,0.0,1.1,100.0,0.0
2021-11-01,1.4,11.4,92.7,,,,,,,,,,0.0,1.1,100.0,0.0
2021-11-02,1.7,10.3,93.8,,,,,,,,,,0.0,1.3,100.0,0.0
2021-11-03,0.0,0.7,10.7,,,,,,,,,,0.0,1.1,100.0,0.0
2021-11-04,,,,,,,,,,,,,0.0,1.3,100.0,0.0
2021-11-05,,,,0.0,0.1,100.0,,,,,,,0.0,1.1,100.0,0.0
2021-11-06,,,,,,,0.0,0.1,100.0,,,,0.0,1.4,100.0,0.0
2021-11-07,0.0,1.0,10.7,,,,,,,,,,0.0,1.4,100.0,0.0
2021-11-08,0.0,0.7,10.7,,,,,,,0.0,1.5,100.0,0.0,1.3,100.0,0.0
2021-11-09,0.0,1.1,10.7,,,,,,,,,,0.0,1.5,100.0,0.0
2021-11-10,,,,,,,,,,,,,0.0,2.0,100.0,0.0
2021-11-11,,,,,,,,,,,,,0.0,2.1,100.0,0.0
2021-11-12,,,,,,,,,,0.0,3.3,100.0,0.0,2.1,100.0,0.0
2021-11-13,0.0,0.8,10.7,,,,,,,,,,0.0,3.3,100.0,0.0
2021-11-14,0.0,1.3,10.7,,,,,,,,,,0.0,3.9,100.0,0.0
2021-11-15,0.0,2.3,10.7,,,,,,,,,,0.0,3.4,100.0,0.0
2021-11-16,,,,,,,,,,,,,0.0,3.9,100.0,0.0
2021-11-17,,,,,,,,,,,,,0.0,4.4,100.0,0.0
2021-11-18,,,,,,,4.7,6.0,100.0,,,,0.0,5.7,100.0,0.0
2021-11-19,0.0,5.2,10.7,,,,,,,,,,0.0,5.1,100.0,0.0
2021-11-20,6.8,16.6,10.7,0.0,1.3,100.0,,,,0.0,14.1,100.0,0.0,5.1,100.0,0.0
2021-11-21,18.6,32.5,10.7,,,,,,,,,,0.0,5.9,100.0,0.0
2021-11-22,,,,,,,,,,,,,0.0,8.2,100.0,0.0
2021-11-23,,,,,,,,,,,,,0.0,7.3,100.0,0.0
2021-11-24,,,,,,,,,,,,,0.0,8.9,100.0,0.0
2021-11-25,57.6,45.7,10.7,,,,,,,,,,0.0,8.6,100.0,0.0
2021-11-26,16.9,33.9,10.7,,,,,,,,,,0.0,11.7,100.0,0.0
2021-11-27,18.6,34.6,10.7,,,,,,,,,,0.0,11.5,100.0,0.0
2021-11-28,,,,,,,,,,,,,0.0,18.4,100.0,0.0
2021-11-29,,,,,,,,,,69.0,51.5,100.0,0.4,19.1,100.0,0.4
2021-11-30,,,,6.4,19.3,100.0,,,,,,,0.5,27.5,100.0,0.5
2021-12-01,27.1,38.2,10.7,,,,,,,,,,0.7,28.6,100.0,0.7
2021-12-02,17.5,29.8,95.3,,,,,,,,,,2.7,42.0,100.0,2.7
2021-12-03,46.2,40.2,94.4,,,,,,,97.8,66.0,100.0,4.5,42.5,100.0,4.5
2021-12-04,,,,,,,,,,,,,40.1,56.5,100.0,40.1
2021-12-05,,,,,,,,,,,,,37.7,55.9,100.0,37.7
2021-12-06,,,,,,,,,,,,,89.8,71.3,100.0,89.8
2021-12-07,83.3,57.8,95.6,,,,,,,,,,92.6,73.1,100.0,92.6
2021-12-08,94.3,68.9,95.1,,,,,,,,,,98.2,82.0,100.0,98.2
2021-12-09,100.0,82.1,94.6,,,,,,,,,,98.4,84.4,100.0,98.4
2021-12-10,,,,,,,,,,100.0,80.8,100.0,100.0,89.5,100.0,100.0
2021-12-11,,,,,,,,,,100.0,83.5,100.0,100.0,90.3,100.0,100.0
2021-12-12,,,,,,,100.0,98.5,100.0,,,,100.0,94.7,100.0,100.0
2021-12-13,100.0,89.9,93.8,,,,,,,,,,100.0,94.3,100.0,100.0
2021-12-14,100.0,92.8,92.0,,,,,,,,,,100.0,96.0,100.0,100.0
2021-12-15,100.0,91.2,96.4,100.0,97.0,100.0,,,,100.0,89.2,100.0,100.0,96.7,100.0,100.0
2021-12-16,,,,,,,,,,,,,100.0,97.0,100.0,100.0
2021-12-17,,,,,,,,,,,,,100.0,97.2,100.0,100.0
2021-12-18,,,,,,,,,,100.0,92.2,100.0,100.0,97.5,100.0,100.0
2021-12-19,100.0,94.9,96.4,,,,,,,,,,100.0,98.0,100.0,100.0
2021-12-20,100.0,93.4,96.7,99.8,97.6,100.0,100.0,99.9,99.8,,,,100.0,98.8,100.0,100.0
2021-12-21,100.0,95.4,96.7,,,,,,,,,,100.0,98.4,100.0,100.0
2021-12-22,,,,,,,,,,,,,100.0,98.3,100.0,100.0
2021-12-23,,,,,,,,,,,,,100.0,98.5,100.0,100.0
2021-12-24,,,,,,,,,,,,,100.0,98.4,100.0,100.0
2021-12-25,,,,,,,,,,,,,100.0,98.0,100.0,100.0
2021-12-26,,,,,,,,,,100.0,94.7,100.0,100.0,98.1,100.0,100.0
2021-12-27,,,,,,,,,,100.0,97.4,100.0,100.0,98.2,100.0,100.0
2021-12-28,,,,,,,,,,,,,100.0,97.6,100.0,100.0
2021-12-29,,,,,,,,,,,,,100.0,97.1,100.0,100.0
2021-12-30,,,,100.0,99.1,100.0,,,,,,,100.0,97.3,100.0,100.0
2021-12-31,,,,,,,,,,100.0,97.7,100.0,100.0,96.9,100.0,100.0
2022-01-01,100.0,95.0,100.0,,,,,,,,,,100.0,98.5,100.0,100.0
2022-01-02,100.0,97.8,100.0,,,,,,,,,,100.0,98.3,100.0,100.0
2022-01-03,,,,,,,,,,100.0,99.2,100.0,100.0,98.0,100.0,100.0
2022-01-04,,,,100.0,99.0,40.6,,,,,,,100.0,97.8,100.0,100.0
2022-01-05,,,,,,,,,,,,,100.0,97.7,100.0,100.0
2022-01-06,100.0,98.1,32.6,,,,,,,,,,100.0,97.1,100.0,100.0
2022-01-07,,,,,,,,,,,,,100.0,97.8,100.0,100.0
2022-01-08,,,,,,,,,,,,,100.0,97.7,100.0,100.0
2022-01-09,,,,,,,,,,,,,100.0,98.4,100.0,100.0
2022-01-10,,,,,,,,,,100.0,99.6,100.0,100.0,98.5,100.0,100.0
2022-01-11,,,,,,,,,,,,,100.0,99.1,100.0,100.0
2022-01-12,,,,,,,,,,,,,100.0,99.1,100.0,100.0
2022-01-13,100.0,98.6,40.4,,,,100.0,100.0,100.0,,,,100.0,99.6,100.0,100.0
2022-01-14,100.0,99.0,31.4,100.0,99.4,100.0,,,,100.0,99.8,100.0,100.0,99.5,100.0,100.0
2022-01-15,,,,,,,,,,,,,100.0,99.7,100.0,100.0
2022-01-16,,,,,,,,,,,,,100.0,99.6,100.0,100.0
2022-01-17,,,,,,,,,,,,,100.0,99.6,100.0,100.0
2022-01-18,100.0,99.4,42.0,,,,,,,,,,100.0,99.5,100.0,100.0
2022-01-19,,,,100.0,99.6,100.0,,,,,,,100.0,99.7,100.0,100.0
2022-01-20,,,,,,,,,,,,,100.0,99.7,100.0,100.0
2022-01-21,,,,,,,100.0,100.0,100.0,,,,100.0,99.8,100.0,100.0
2022-01-22,,,,,,,,,,,,,100.0,99.8,100.0,100.0
2022-01-23,,,,,,,,,,,,,100.0,99.9,100.0,100.0
2022-01-24,,,,100.0,99.6,100.0,,,,,,,100.0,99.9,100.0,100.0
2022-01-25,100.0,99.7,98.4,,,,,,,,,,100.0,99.9,100.0,100.0
2022-01-26,100.0,99.8,96.1,,,,,,,,,,100.0,99.9,100.0,100.0
2022-01-27,,,,,,,,,,,,,100.0,99.9,100.0,100.0
2022-01-28,,,,,,,,,,,,,100.0,99.9,100.0,100.0
2022-01-29,,,,100.0,99.8,97.5,,,,,,,100.0,99.9,100.0,100.0
2022-01-30,100.0,99.9,94.7,,,,,,,100.0,99.8,100.0,100.0,99.8,100.0,100.0
2022-01-31,,,,,,,,,,,,,100.0,99.8,100.0,100.0
2022-02-01,,,,,,,,,,,,,100.0,99.8,100.0,100.0
2022-02-02,,,,,,,,,,100.0,99.8,100.0,100.0,99.8,100.0,100.0
2022-02-03,,,,100.0,99.0,100.0,,,,100.0,99.7,100.0,100.0,99.8,100.0,100.0
2022-02-04,,,,,,,,,,,,,100.0,99.8,100.0,100.0
2022-02-05,,,,,,,,,,,,,100.0,99.8,100.0,100.0
2022-02-06,100.0,99.9,96.3,,,,100.0,100.0,94.0,,,,100.0,99.9,100.0,100.0
2022-02-07,100.0,99.9,93.5,,,,,,,100.0,99.7,100.0,100.0,99.8,100.0,100.0
2022-02-08,,,,100.0,99.6,100.0,,,,,,,100.0,99.8,100.0,100.0
2022-02-09,,,,,,,,,,,,,100.0,99.8,100.0,100.0
2022-02-10,,,,,,,,,,100.0,99.4,100.0,100.0,99.8,100.0,100.0
2022-02-11,100.0,100.0,96.5,,,,,,,100.0,99.3,100.0,100.0,99.8,100.0,100.0
2022-02-12,,,,,,,,,,,,,100.0,99.8,100.0,100.0
2022-02-13,,,,100.0,99.0,100.0,,,,,,,100.0,99.8,100.0,100.0
2022-02-14,,,,,,,,,,,,,100.0,99.7,100.0,100.0
2022-02-15,,,,,,,,,,100.0,99.3,100.0,100.0,99.6,100.0,100.0
2022-02-16,,,,,,,,,,,,,100.0,99.6,100.0,100.0
2022-02-17,,,,,,,,,,,,,100.0,99.6,100.0,100.0
2022-02-18,100.0,100.0,98.2,100.0,99.1,100.0,,,,100.0,99.1,100.0,100.0,99.7,100.0,100.0
2022-02-19,100.0,99.9,95.4,,,,,,,100.0,99.5,100.0,100.0,99.7,100.0,100.0
2022-02-20,,,,,,,,,,,,,100.0,99.6,100.0,100.0
2022-02-21,,,,,,,,,,,,,100.0,99.6,100.0,100.0
2022-02-22,,,,,,,100.0,99.9,93.5,,,,100.0,99.7,100.0,100.0
2022-02-23,100.0,99.9,97.7,100.0,99.1,100.0,,,,,,,100.0,99.6,100.0,100.0
2022-02-24,,,,,,,,,,,,,100.0,99.4,100.0,100.0
2022-02-25,,,,,,,,,,,,,100.0,99.4,100.0,100.0
2022-02-26,,,,,,,,,,,,,100.0,99.3,100.0,100.0
2022-02-27,,,,,,,,,,,,,100.0,99.3,100.0,100.0
2022-02-28,,,,100.0,99.1,100.0,,,,,,,100.0,99.2,100.0,100.0
2022-03-01,,,,,,,,,,,,,100.0,99.3,100.0,100.0
2022-03-02,,,,,,,,,,,,,100.0,99.1,100.0,100.0
2022-03-03,100.0,99.9,94.9,,,,,,,,,,100.0,99.4,100.0,100.0
2022-03-04,,,,,,,,,,,,,100.0,99.1,100.0,100.0
2022-03-05,,,,100.0,99.2,100.0,,,,,,,100.0,99.4,100.0,100.0
2022-03-06,,,,,,,,,,100.0,99.5,100.0,100.0,99.2,100.0,100.0
2022-03-07,100.0,99.9,96.5,,,,,,,,,,100.0,99.4,100.0,100.0
2022-03-08,,,,,,,,,,,,,100.0,99.3,100.0,100.0
2022-03-09,,,,,,,,,,100.0,99.6,100.0,100.0,99.4,100.0,100.0
2022-03-10,,,,100.0,99.3,100.0,100.0,99.8,93.1,,,,100.0,99.6,100.0,100.0
2022-03-11,,,,,,,,,,,,,100.0,99.5,100.0,100.0
2022-03-12,,,,,,,,,,,,,100.0,99.5,100.0,100.0
2022-03-13,,,,,,,,,,,,,100.0,99.4,100.0,100.0
2022-03-14,100.0,99.8,97.9,,,,,,,,,,100.0,99.5,100.0,100.0
2022-03-15,100.0,99.4,99.5,,,,,,,,,,100.0,99.5,100.0,100.0
2022-03-16,,,,,,,,,,,,,100.0,99.3,100.0,100.0
2022-03-17,,,,,,,,,,,,,100.0,99.5,100.0,100.0
2022-03-18,,,,,,,,,,,,,100.0,99.4,100.0,100.0
2022-03-19,100.0,99.3,100.0,,,,,,,,,,100.0,99.4,100.0,100.0
2022-03-20,,,,100.0,99.7,100.0,,,,100.0,99.5,100.0,100.0,99.4,100.0,100.0
2022-03-21,,,,,,,,,,,,,100.0,99.3,100.0,100.0
2022-03-22,,,,,,,,,,,,,100.0,99.2,100.0,100.0
2022-03-23,,,,,,,,,,,,,100.0,99.3,100.0,100.0
2022-03-24,,,,,,,,,,100.0,99.6,100.0,100.0,99.3,100.0,100.0
2022-03-25,,,,100.0,99.6,100.0,,,,100.0,99.7,100.0,100.0,99.4,100.0,100.0
2022-03-26,100.0,99.0,99.5,,,,100.0,98.4,80.1,,,,100.0,99.4,100.0,100.0
2022-03-27,100.0,98.6,100.0,,,,,,,,,,100.0,99.4,100.0,100.0
2022-03-28,,,,,,,,,,,,,100.0,99.3,100.0,100.0
2022-03-29,,,,,,,,,,100.0,99.7,100.0,100.0,99.2,100.0,100.0
2022-03-30,,,,,,,,,,,,,100.0,99.1,100.0,100.0
2022-03-31,100.0,95.8,100.0,,,,,,,,,,100.0,99.3,100.0,100.0
2022-04-01,,,,,,,,,,,,,100.0,99.2,100.0,100.0
2022-04-02,,,,,,,,,,100.0,99.6,100.0,100.0,99.2,100.0,100.0
2022-04-03,,,,,,,100.0,99.6,98.6,,,,100.0,99.4,100.0,100.0
2022-04-04,,,,100.0,99.8,100.0,,,,,,,100.0,99.4,100.0,100.0
2022-04-05,,,,,,,,,,100.0,99.6,100.0,100.0,99.3,100.0,100.0
2022-04-06,,,,,,,,,,100.0,99.5,100.0,100.0,99.3,100.0,100.0
2022-04-07,99.8,90.1,100.0,,,,,,,,,,100.0,99.4,100.0,100.0
2022-04-08,99.8,88.1,100.0,,,,,,,,,,100.0,99.3,100.0,100.0
2022-04-09,,,,,,,,,,,,,100.0,99.3,100.0,100.0
2022-04-10,,,,,,,,,,100.0,99.2,100.0,100.0,99.4,100.0,100.0
2022-04-11,,,,,,,,,,,,,100.0,99.3,100.0,100.0
2022-04-12,98.6,82.5,99.3,,,,,,,100.0,99.3,95.6,100.0,99.3,100.0,100.0
2022-04-13,,,,,,,,,,100.0,99.3,100.0,100.0,99.1,100.0,100.0
2022-04-14,,,,100.0,99.7,100.0,,,,,,,100.0,99.2,100.0,100.0
2022-04-15,,,,,,,,,,,,,100.0,98.9,100.0,100.0
2022-04-16,,,,,,,,,,,,,100.0,98.6,100.0,100.0
2022-04-17,,,,,,,,,,,,,100.0,98.4,100.0,100.0
2022-04-18,,,,,,,,,,,,,100.0,98.4,100.0,100.0
2022-04-19,88.5,69.1,100.0,100.0,99.4,100.0,100.0,99.5,69.3,,,,100.0,98.7,100.0,100.0
2022-04-20,81.3,54.5,100.0,,,,,,,100.0,98.8,100.0,100.0,97.8,100.0,100.0
2022-04-21,,,,,,,,,,100.0,97.6,100.0,100.0,97.6,100.0,100.0
2022-04-22,,,,,,,,,,,,,100.0,97.2,100.0,100.0
2022-04-23,,,,,,,,,,,,,100.0,96.7,100.0,100.0
2022-04-24,73.9,48.7,100.0,,,,,,,100.0,94.5,100.0,100.0,96.6,100.0,100.0
2022-04-25,,,,,,,,,,100.0,94.6,100.0,100.0,97.1,100.0,100.0
2022-04-26,,,,,,,,,,,,,100.0,97.0,100.0,100.0
2022-04-27,,,,,,,100.0,99.6,100.0,,,,100.0,98.0,100.0,100.0
2022-04-28,,,,,,,,,,100.0,93.8,100.0,100.0,97.4,100.0,100.0
2022-04-29,,,,100.0,99.1,100.0,,,,100.0,94.5,100.0,100.0,98.1,100.0,100.0
2022-04-30,,,,,,,,,,,,,100.0,97.6,100.0,100.0
2022-05-01,70.8,47.9,99.8,,,,,,,,,,100.0,97.4,100.0,100.0
2022-05-02,54.3,41.8,99.1,,,,,,,,,,100.0,97.2,100.0,100.0
2022-05-03,,,,,,,,,,100.0,94.9,100.0,100.0,96.7,100.0,100.0
2022-05-04,,,,100.0,98.9,91.5,,,,,,,100.0,96.9,100.0,100.0
2022-05-05,,,,,,,,,,,,,99.8,95.2,100.0,99.8
2022-05-06,0.5,13.9,99.1,,,,,,,,,,99.3,94.0,100.0,99.3
2022-05-07,,,,,,,,,,100.0,96.2,99.3,97.7,91.9,100.0,97.7
2022-05-08,,,,,,,,,,,,,97.0,90.5,100.0,97.0
2022-05-09,,,,,,,,,,,,,96.8,88.2,100.0,96.8
2022-05-10,,,,,,,,,,,,,96.3,86.3,100.0,96.3
2022-05-11,,,,,,,,,,,,,94.9,84.6,100.0,94.9
2022-05-12,,,,,,,,,,100.0,92.4,100.0,93.8,82.7,100.0,93.8
2022-05-13,0.0,9.6,99.8,,,,,,,,,,89.8,78.7,100.0,89.8
2022-05-14,0.0,7.7,96.8,70.4,64.7,100.0,,,,,,,87.5,77.4,100.0,87.5
2022-05-15,,,,,,,,,,,,,84.1,73.6,100.0,84.1
2022-05-16,,,,,,,,,,,,,79.0,69.1,100.0,79.0
2022-05-17,,,,,,,,,,,,,75.3,67.5,100.0,75.3
2022-05-18,0.0,9.1,99.3,,,,,,,,,,67.2,63.6,100.0,67.2
2022-05-19,,,,3.0,9.2,100.0,,,,,,,62.6,60.9,100.0,62.6
2022-05-20,,,,,,,,,,99.5,79.7,100.0,51.0,54.0,100.0,51.0
2022-05-21,,,,,,,,,,,,,40.4,48.6,100.0,40.4
2022-05-22,,,,,,,,,,,,,30.7,42.6,100.0,30.7
2022-05-23,,,,,,,,,,,,,8.8,31.0,100.0,8.8
2022-05-24,,,,,,,,,,61.2,52.3,100.0,1.8,21.9,100.0,1.8
2022-05-25,0.0,3.4,98.4,,,,,,,59.1,50.8,100.0,0.0,15.4,100.0,0.0
2022-05-26,0.0,3.6,97.7,,,,,,,,,,0.0,12.6,100.0,0.0
2022-05-27,,,,,,,,,,,,,0.0,8.7,100.0,0.0
2022-05-28,,,,,,,,,,16.9,30.6,100.0,0.0,6.0,100.0,0.0
2022-05-29,,,,0.0,0.0,100.0,,,,0.0,13.7,100.0,0.0,3.9,100.0,0.0
2022-05-30,0.0,1.5,99.3,,,,,,,,,,0.0,3.4,100.0,0.0
2022-05-31,,,,,,,,,,,,,0.0,2.8,100.0,0.0
2022-06-01,,,,,,,,,,0.0,7.3,100.0,0.0,2.0,100.0,0.0
2022-06-02,,,,,,,,,,,,,0.0,1.6,100.0,0.0
2022-06-03,,,,,,,,,,,,,0.0,1.4,100.0,0.0
2022-06-04,,,,,,,,,,,,,0.0,1.3,100.0,0.0
2022-06-05,,,,,,,,,,0.0,3.4,100.0,0.0,1.0,100.0,0.0
2022-06-06,0.0,0.8,96.8,,,,0.0,0.0,61.4,0.0,0.8,100.0,0.0,1.1,100.0,0.0
2022-06-07,0.0,0.5,99.1,,,,,,,,,,0.0,1.5,100.0,0.0
2022-06-08,,,,,,,,,,,,,0.0,1.9,100.0,0.0
2022-06-09,,,,,,,,,,,,,0.0,1.8,100.0,0.0
2022-06-10,,,,,,,,,,0.0,0.2,100.0,0.0,1.1,100.0,0.0
2022-06-11,0.2,0.7,100.0,,,,,,,,,,0.0,1.3,100.0,0.0
2022-06-12,,,,,,,,,,,,,0.0,1.0,100.0,0.0
2022-06-13,,,,,,,,,,0.0,0.0,100.0,0.0,1.0,100.0,0.0
2022-06-14,,,,,,,,,,0.0,0.0,100.0,0.0,0.7,100.0,0.0
2022-06-15,,,,,,,,,,,,,0.0,1.2,100.0,0.0
2022-06-16,,,,,,,,,,,,,0.0,1.1,100.0,0.0
2022-06-17,,,,,,,,,,,,,0.0,1.0,100.0,0.0
2022-06-18,0.0,0.8,100.0,0.0,0.0,100.0,,,,0.0,0.0,100.0,0.0,0.7,100.0,0.0
2022-06-19,0.0,0.8,99.8,,,,,,,,,,0.0,1.0,100.0,0.0
2022-06-20,,,,,,,,,,0.0,0.0,100.0,0.0,0.8,100.0,0.0
2022-06-21,,,,,,,,,,,,,0.0,0.8,100.0,0.0
2022-06-22,,,,,,,,,,,,,0.0,0.9,100.0,0.0
2022-06-23,0.0,0.6,99.8,,,,,,,,,,0.0,1.1,100.0,0.0
2022-06-24,,,,,,,,,,,,,0.0,0.6,100.0,0.0
2022-06-25,,,,,,,,,,0.0,0.0,100.0,0.0,0.5,100.0,0.0
2022-06-26,,,,,,,,,,,,,0.0,0.8,100.0,0.0
2022-06-27,,,,,,,,,,,,,0.0,0.7,100.0,0.0
2022-06-28,,,,,,,,,,0.0,0.0,100.0,0.0,0.4,100.0,0.0
2022-06-29,,,,,,,,,,0.0,0.0,100.0,0.0,0.3,100.0,0.0
2022-06-30,0.2,1.1,100.0,,,,,,,,,,0.0,0.3,100.0,0.0
2022-07-01,0.0,1.8,100.0,,,,,,,,,,0.0,0.3,100.0,0.0
2022-07-02,,,,,,,,,,0.0,0.0,100.0,0.0,0.1,100.0,0.0
2022-07-03,,,,0.0,0.0,100.0,,,,,,,0.0,0.1,100.0,0.0
2022-07-04,,,,,,,,,,,,,0.0,0.1,100.0,0.0
2022-07-05,0.0,1.7,100.0,,,,,,,,,,0.0,0.1,100.0,0.0
2022-07-06,,,,,,,,,,0.0,0.0,100.0,0.0,0.1,100.0,0.0
2022-07-07,,,,,,,,,,0.0,0.0,100.0,0.0,0.0,100.0,0.0
2022-07-08,,,,0.0,0.0,100.0,0.0,0.0,98.6,,,,0.0,0.0,100.0,0.0
2022-07-09,,,,,,,,,,,,,0.0,0.0,100.0,0.0
2022-07-10,,,,,,,,,,0.0,0.0,100.0,0.0,0.0,100.0,0.0
2022-07-11,,,,,,,,,,,,,0.0,0.0,100.0,0.0
2022-07-12,0.0,1.6,100.0,,,,,,,,,,0.0,0.0,100.0,0.0
2022-07-13,0.0,1.7,99.8,0.0,0.0,100.0,,,,,,,0.0,0.0,100.0,0.0
2022-07-14,,,,,,,,,,,,,0.0,0.0,100.0,0.0
2022-07-15,,,,,,,,,,,,,0.0,0.0,100.0,0.0
2022-07-16,,,,,,,0.0,0.0,99.1,,,,0.0,0.0,100.0,0.0
2022-07-17,0.0,1.7,99.8,,,,,,,,,,0.0,0.0,100.0,0.0
2022-07-18,,,,0.0,0.0,100.0,,,,,,,0.0,0.0,100.0,0.0
2022-07-19,,,,,,,,,,,,,0.0,0.0,100.0,0.0
2022-07-20,,,,,,,,,,,,,0.0,0.0,100.0,0.0
2022-07-21,,,,,,,,,,,,,0.0,0.0,100.0,0.0
2022-07-22,,,,,,,,,,,,,0.0,0.0,100.0,0.0
2022-07-23,,,,,,,,,,,,,0.0,0.0,100.0,0.0
2022-07-24,0.0,1.3,100.0,,,,0.0,0.0,99.3,0.0,0.0,100.0,0.0,0.0,100.0,0.0
2022-07-25,0.0,1.1,99.5,,,,,,,,,,0.0,0.0,100.0,0.0
2022-07-26,,,,,,,,,,,,,0.0,0.0,100.0,0.0
2022-07-27,,,,,,,,,,,,,0.0,0.0,100.0,0.0
2022-07-28,,,,,,,,,,,,,0.0,0.0,100.0,0.0
2022-07-29,0.0,1.0,99.8,,,,,,,,,,0.0,0.0,100.0,0.0
2022-07-30,,,,,,,,,,,,,0.0,0.0,100.0,0.0
2022-07-31,,,,,,,,,,,,,0.0,0.0,100.0,0.0
2022-08-01,,,,,,,0.0,0.0,70.9,0.0,0.0,100.0,0.0,0.0,100.0,0.0
2022-08-02,,,,0.0,0.0,100.0,,,,0.0,0.0,100.0,0.0,0.0,100.0,0.0
2022-08-03,,,,,,,,,,,,,0.0,0.0,100.0,0.0
2022-08-04,,,,,,,,,,,,,0.0,0.1,100.0,0.0
2022-08-05,0.0,1.0,99.8,,,,,,,0.0,0.0,100.0,0.0,0.1,100.0,0.0
2022-08-06,0.0,1.1,100.0,,,,,,,0.0,0.0,100.0,0.0,0.1,100.0,0.0
2022-08-07,,,,0.0,0.0,96.3,,,,,,,0.0,0.1,100.0,0.0
2022-08-08,,,,,,,,,,,,,0.0,0.1,100.0,0.0
2022-08-09,,,,,,,,,,0.0,0.0,100.0,0.0,0.2,100.0,0.0
2022-08-10,0.0,1.3,99.5,,,,,,,,,,0.0,0.3,100.0,0.0
2022-08-11,,,,,,,,,,,,,0.0,0.2,100.0,0.0
2022-08-12,,,,0.0,0.0,100.0,,,,,,,0.0,0.2,100.0,0.0
2022-08-13,,,,,,,,,,0.0,0.0,100.0,0.0,0.1,100.0,0.0
2022-08-14,,,,,,,,,,,,,0.0,0.2,100.0,0.0
2022-08-15,,,,,,,,,,,,,0.0,0.2,100.0,0.0
2022-08-16,,,,,,,,,,,,,0.0,0.2,100.0,0.0
2022-08-17,0.0,2.3,99.8,,,,,,,,,,0.0,0.1,100.0,0.0
2022-08-18,0.0,3.1,99.8,,,,,,,,,,0.0,0.1,100.0,0.0
2022-08-19,,,,,,,,,,,,,0.0,0.1,100.0,0.0
2022-08-20,,,,,,,,,,0.0,0.0,100.0,0.0,0.1,100.0,0.0
2022-08-21,,,,,,,,,,0.0,0.0,100.0,0.0,0.0,100.0,0.0
2022-08-22,0.0,4.0,99.8,0.0,0.0,100.0,,,,,,,0.0,0.0,100.0,0.0
2022-08-23,,,,,,,,,,,,,0.0,0.0,100.0,0.0
2022-08-24,,,,,,,,,,0.0,0.0,100.0,0.0,0.0,100.0,0.0
2022-08-25,,,,,,,0.0,0.0,98.8,0.0,0.0,100.0,0.0,0.0,100.0,0.0
2022-08-26,,,,,,,,,,,,,0.0,0.0,100.0,0.0
2022-08-27,,,,0.0,0.0,40.4,,,,,,,0.0,0.0,100.0,0.0
2022-08-28,,,,,,,,,,0.0,0.0,100.0,0.0,0.0,100.0,0.0
2022-08-29,0.0,2.5,99.5,,,,,,,0.0,0.0,100.0,0.0,0.0,100.0,0.0
2022-08-30,0.0,2.1,99.3,,,,,,,,,,0.0,0.1,100.0,0.0
2022-08-31,,,,,,,,,,,,,0.0,0.1,100.0,0.0
2022-09-01,,,,0.0,0.0,100.0,,,,0.0,0.0,100.0,0.0,0.1,100.0,0.0
2022-09-02,,,,,,,,,,0.0,0.0,100.0,0.0,0.1,100.0,0.0
2022-09-03,0.0,3.3,99.5,,,,,,,,,,0.0,0.1,100.0,0.0
2022-09-04,,,,,,,,,,,,,0.0,0.1,100.0,0.0
2022-09-05,,,,,,,,,,0.0,0.0,100.0,0.0,0.1,100.0,0.0
2022-09-06,,,,,,,,,,,,,0.0,0.1,100.0,0.0
2022-09-07,,,,,,,,,,,,,0.0,0.0,100.0,0.0
2022-09-08,,,,,,,,,,0.0,0.0,100.0,0.0,0.0,100.0,0.0
2022-09-09,,,,,,,,,,,,,0.0,0.0,100.0,0.0
2022-09-10,0.0,1.7,99.5,,,,0.0,0.0,100.0,,,,0.0,0.0,100.0,0.0
2022-09-11,0.0,1.4,99.5,0.0,0.0,100.0,,,,0.0,0.0,100.0,0.0,0.0,100.0,0.0
2022-09-12,,,,,,,,,,0.0,0.0,100.0,0.0,0.0,100.0,0.0
2022-09-13,,,,,,,,,,,,,0.0,0.0,100.0,0.0
2022-09-14,,,,,,,,,,,,,0.0,0.0,100.0,0.0
2022-09-15,0.0,1.4,99.5,,,,,,,,,,0.0,0.0,100.0,0.0
2022-09-16,,,,,,,,,,,,,0.0,0.0,100.0,0.0
2022-09-17,,,,,,,,,,,,,0.0,0.0,100.0,0.0
2022-09-18,,,,,,,0.0,0.0,97.2,,,,0.0,0.0,100.0,0.0
2022-09-19,,,,,,,,,,,,,0.0,0.0,100.0,0.0
2022-09-20,,,,,,,,,,,,,0.0,0.0,100.0,0.0
2022-09-21,,,,,,,,,,,,,0.0,0.0,100.0,0.0
2022-09-22,0.0,1.7,99.8,,,,,,,,,,0.0,0.0,100.0,0.0
2022-09-23,0.0,1.8,99.5,,,,,,,,,,0.0,0.0,100.0,0.0
2022-09-24,,,,,,,,,,,,,0.0,0.0,100.0,0.0
2022-09-25,,,,,,,,,,,,,0.0,0.1,100.0,0.0
2022-09-26,,,,,,,,,,,,,0.0,0.2,100.0,0.0
2022-09-27,0.0,1.9,99.5,,,,,,,,,,0.0,0.2,100.0,0.0
2022-09-28,,,,,,,,,,,,,0.0,0.2,100.0,0.0
2022-09-29,,,,,,,,,,,,,0.0,0.3,100.0,0.0
2022-09-30,,,,,,,,,,,,,0.0,0.4,100.0,0.0
2022-10-01,,,,,,,,,,0.0,0.1,100.0,0.0,0.2,100.0,0.0
2022-10-02,,,,,,,,,,,,,0.0,0.4,100.0,0.0
2022-10-03,,,,,,,,,,,,,0.0,0.4,100.0,0.0
2022-10-04,0.0,2.7,99.8,,,,0.0,0.0,40.0,,,,0.0,0.6,100.0,0.0
2022-10-05,0.0,3.5,100.0,,,,,,,0.0,0.0,100.0,0.0,0.4,100.0,0.0
2022-10-06,,,,0.0,0.0,100.0,,,,,,,0.0,0.6,100.0,0.0
2022-10-07,,,,,,,,,,,,,0.0,0.5,100.0,0.0
2022-10-08,,,,,,,,,,,,,0.0,0.6,100.0,0.0
2022-10-09,0.0,5.4,99.8,,,,,,,0.0,0.1,100.0,0.0,0.6,100.0,0.0
2022-10-10,,,,,,,,,,,,,0.0,1.0,100.0,0.0
2022-10-11,,,,0.0,0.0,100.0,,,,,,,0.0,0.8,100.0,0.0
2022-10-12,,,,,,,,,,0.0,0.0,100.0,0.0,0.7,100.0,0.0
2022-10-13,,,,,,,,,,,,,0.0,1.0,100.0,0.0
2022-10-14,,,,,,,,,,,,,0.0,1.4,100.0,0.0
2022-10-15,,,,,,,,,,,,,0.0,1.4,100.0,0.0
2022-10-16,0.0,4.5,99.3,0.0,0.0,100.0,,,,0.0,0.0,100.0,0.0,0.8,100.0,0.0
2022-10-17,0.0,4.2,99.5,,,,,,,0.0,0.1,100.0,0.0,1.0,100.0,0.0
2022-10-18,,,,,,,,,,,,,0.0,1.2,100.0,0.0
2022-10-19,,,,,,,,,,,,,0.0,1.2,100.0,0.0
2022-10-20,,,,,,,,,,,,,0.0,1.1,100.0,0.0
2022-10-21,0.0,3.4,99.8,,,,,,,,,,0.0,1.2,100.0,0.0
2022-10-22,,,,,,,,,,,,,0.0,1.3,100.0,0.0
2022-10-23,,,,,,,,,,,,,0.0,1.5,100.0,0.0
2022-10-24,,,,,,,,,,0.0,0.1,100.0,0.0,1.3,100.0,0.0
2022-10-25,,,,,,,,,,0.0,0.1,100.0,0.0,1.5,100.0,0.0
2022-10-26,,,,0.0,0.0,100.0,,,,,,,0.0,1.4,100.0,0.0
2022-10-27,,,,,,,,,,,,,0.0,1.4,100.0,0.0
2022-10-28,0.0,4.2,100.0,,,,,,,,,,0.0,1.2,100.0,0.0
2022-10-29,0.0,3.5,99.5,,,,,,,,,,0.0,2.1,100.0,0.0
2022-10-30,,,,,,,,,,,,,0.0,1.9,100.0,0.0
2022-10-31,,,,0.0,0.0,100.0,,,,,,,0.0,2.0,100.0,0.0
2022-11-01,,,,,,,,,,,,,0.0,1.7,100.0,0.0
2022-11-02,0.0,1.6,99.5,,,,,,,0.0,0.1,100.0,0.0,2.1,100.0,0.0
2022-11-03,,,,,,,,,,,,,0.0,2.8,100.0,0.0
2022-11-04,,,,,,,,,,,,,0.0,3.5,100.0,0.0
2022-11-05,,,,0.0,0.0,100.0,,,,0.0,0.7,100.0,0.0,2.8,100.0,0.0
2022-11-06,,,,,,,,,,,,,0.0,3.4,100.0,0.0
2022-11-07,,,,,,,,,,,,,0.0,4.3,100.0,0.0
2022-11-08,,,,,,,,,,,,,0.0,4.6,100.0,0.0
2022-11-09,0.0,1.7,100.0,,,,,,,,,,0.0,5.0,100.0,0.0
2022-11-10,0.0,1.8,100.0,0.0,0.0,100.0,,,,,,,0.0,3.6,100.0,0.0
2022-11-11,,,,,,,,,,,,,0.0,5.2,100.0,0.0
2022-11-12,,,,,,,,,,,,,0.0,4.6,100.0,0.0
2022-11-13,,,,,,,,,,,,,0.0,4.8,100.0,0.0
2022-11-14,0.2,2.3,99.5,,,,,,,,,,0.0,3.9,100.0,0.0
2022-11-15,,,,,,,,,,,,,0.0,6.0,100.0,0.0
2022-11-16,,,,,,,,,,0.0,5.4,100.0,0.0,4.7,100.0,0.0
2022-11-17,,,,,,,,,,,,,0.0,6.4,100.0,0.0
2022-11-18,,,,,,,,,,,,,0.0,5.3,100.0,0.0
2022-11-19,,,,,,,,,,,,,0.0,9.8,100.0,0.0
2022-11-20,,,,0.0,0.5,100.0,,,,,,,0.0,9.5,100.0,0.0
2022-11-21,0.7,3.7,100.0,,,,,,,,,,0.0,15.9,100.0,0.0
2022-11-22,0.2,6.4,98.8,,,,,,,,,,0.0,16.8,100.0,0.0
2022-11-23,,,,,,,,,,,,,0.0,28.9,100.0,0.0
2022-11-24,,,,,,,,,,,,,0.0,30.5,100.0,0.0
2022-11-25,,,,0.5,4.7,100.0,,,,,,,0.7,40.5,100.0,0.7
2022-11-26,7.4,22.7,99.8,,,,,,,,,,7.6,49.9,100.0,7.6
2022-11-27,,,,,,,,,,0.0,22.3,100.0,48.5,60.0,100.0,48.5
2022-11-28,,,,,,,,,,,,,94.0,66.9,100.0,94.0
2022-11-29,,,,,,,,,,,,,97.7,73.4,100.0,97.7
2022-11-30,,,,100.0,96.4,100.0,,,,,,,99.5,79.7,100.0,99.5
2022-12-01,,,,,,,,,,97.7,60.8,100.0,99.8,84.0,100.0,99.8
2022-12-02,,,,,,,,,,,,,100.0,86.7,100.0,100.0
2022-12-03,37.6,39.9,98.8,,,,,,,,,,100.0,89.1,100.0,100.0
2022-12-04,91.6,61.2,99.3,,,,,,,,,,100.0,91.3,100.0,100.0
2022-12-05,,,,100.0,99.4,100.0,,,,98.4,62.7,100.0,100.0,92.9,100.0,100.0
2022-12-06,,,,,,,,,,98.4,66.2,100.0,100.0,93.2,100.0,100.0
2022-12-07,,,,,,,100.0,97.9,100.0,,,,100.0,94.9,100.0,100.0
2022-12-08,97.1,69.8,96.8,,,,,,,,,,100.0,95.2,100.0,100.0
2022-12-09,,,,,,,,,,85.3,62.9,100.0,100.0,95.7,100.0,100.0
2022-12-10,,,,100.0,99.8,76.9,,,,99.4,75.2,100.0,100.0,96.1,100.0,100.0
2022-12-11,,,,,,,,,,,,,100.0,96.3,100.0,100.0
2022-12-12,,,,,,,,,,,,,100.0,96.6,100.0,100.0
2022-12-13,,,,,,,,,,,,,100.0,96.5,100.0,100.0
2022-12-14,,,,,,,,,,,,,100.0,96.7,100.0,100.0
2022-12-15,99.8,80.6,99.5,,,,,,,,,,100.0,96.7,100.0,100.0
2022-12-16,100.0,81.7,99.1,,,,,,,99.8,72.6,100.0,100.0,96.7,100.0,100.0
2022-12-17,,,,,,,,,,100.0,92.6,100.0,100.0,96.5,100.0,100.0
2022-12-18,,,,,,,,,,,,,100.0,96.3,100.0,100.0
2022-12-19,,,,,,,,,,,,,100.0,96.7,100.0,100.0
2022-12-20,100.0,86.6,98.2,,,,,,,,,,100.0,97.1,100.0,100.0
2022-12-21,,,,,,,,,,100.0,94.7,100.0,100.0,96.9,100.0,100.0
2022-12-22,,,,,,,,,,,,,100.0,96.9,100.0,100.0
2022-12-23,,,,,,,,,,,,,100.0,96.4,100.0,100.0
2022-12-24,,,,,,,,,,100.0,97.2,100.0,100.0,96.0,100.0,100.0
2022-12-25,,,,100.0,98.7,100.0,,,,100.0,96.9,100.0,100.0,96.7,100.0,100.0
2022-12-26,,,,,,,,,,,,,100.0,96.1,100.0,100.0
2022-12-27,100.0,87.8,98.8,,,,,,,,,,100.0,96.5,100.0,100.0
2022-12-28,100.0,87.9,97.2,,,,,,,,,,100.0,94.6,100.0,100.0
2022-12-29,,,,,,,,,,100.0,97.3,100.0,100.0,94.3,100.0,100.0
2022-12-30,,,,,,,,,,,,,100.0,93.4,100.0,100.0
2022-12-31,,,,,,,,,,,,,100.0,93.3,100.0,100.0
2023-01-01,100.0,83.8,98.7,,,,,,,,,,100.0,97.5,100.0,100.0
2023-01-02,,,,,,,,,,100.0,98.1,100.0,100.0,97.4,100.0,100.0
2023-01-03,,,,,,,,,,,,,100.0,97.5,100.0,100.0
2023-01-04,,,,100.0,98.5,100.0,,,,,,,100.0,98.0,100.0,100.0
2023-01-05,,,,,,,,,,100.0,98.8,100.0,100.0,97.5,100.0,100.0
2023-01-06,,,,,,,,,,,,,100.0,97.8,100.0,100.0
2023-01-07,,,,,,,,,,,,,100.0,97.9,100.0,100.0
2023-01-08,100.0,82.7,100.0,,,,,,,,,,100.0,98.2,100.0,100.0
2023-01-09,100.0,83.3,99.6,,,,,,,100.0,99.0,100.0,100.0,98.3,100.0,100.0
2023-01-10,,,,,,,,,,,,,100.0,98.5,100.0,100.0
2023-01-11,,,,,,,,,,,,,100.0,98.7,100.0,100.0
2023-01-12,,,,,,,,,,100.0,99.0,100.0,100.0,98.7,100.0,100.0
2023-01-13,100.0,82.9,99.1,,,,,,,,,,100.0,99.0,100.0,100.0
2023-01-14,,,,100.0,99.6,100.0,,,,,,,100.0,99.1,100.0,100.0
2023-01-15,,,,,,,,,,,,,100.0,99.1,100.0,100.0
2023-01-16,,,,,,,,,,,,,100.0,98.6,100.0,100.0
2023-01-17,,,,,,,,,,,,,100.0,98.9,100.0,100.0
2023-01-18,,,,,,,,,,,,,100.0,99.1,100.0,100.0
2023-01-19,,,,100.0,99.6,100.0,,,,,,,100.0,99.3,100.0,100.0
2023-01-20,100.0,84.1,99.6,,,,,,,,,,100.0,99.0,100.0,100.0
2023-01-21,100.0,85.7,98.3,,,,,,,,,,100.0,99.3,100.0,100.0
2023-01-22,,,,,,,,,,,,,100.0,99.2,100.0,100.0
2023-01-23,,,,,,,,,,,,,100.0,99.3,100.0,100.0
2023-01-24,,,,,,,,,,100.0,99.3,100.0,100.0,99.1,100.0,100.0
2023-01-25,100.0,86.4,98.7,,,,,,,,,,100.0,99.2,100.0,100.0
2023-01-26,,,,,,,,,,,,,100.0,99.3,100.0,100.0
2023-01-27,,,,,,,,,,100.0,99.2,100.0,100.0,99.3,100.0,100.0
2023-01-28,,,,,,,,,,100.0,99.1,100.0,100.0,99.4,100.0,100.0
2023-01-29,,,,100.0,99.9,100.0,,,,,,,100.0,99.6,100.0,100.0
2023-01-30,,,,,,,,,,,,,100.0,99.6,100.0,100.0
2023-01-31,,,,,,,,,,100.0,98.9,100.0,100.0,99.5,100.0,100.0
2023-02-01,100.0,89.7,99.1,,,,100.0,100.0,100.0,,,,100.0,99.7,100.0,100.0
2023-02-02,100.0,89.7,99.6,,,,,,,,,,100.0,99.6,100.0,100.0
2023-02-03,,,,100.0,99.8,100.0,,,,,,,100.0,99.7,100.0,100.0
2023-02-04,,,,,,,,,,100.0,99.3,100.0,100.0,99.6,100.0,100.0
2023-02-05,,,,,,,,,,100.0,99.2,100.0,100.0,99.7,100.0,100.0
2023-02-06,100.0,91.0,100.0,,,,,,,,,,100.0,99.7,100.0,100.0
2023-02-07,,,,,,,,,,,,,100.0,99.7,100.0,100.0
2023-02-08,,,,100.0,99.9,100.0,,,,100.0,99.4,100.0,100.0,99.8,100.0,100.0
2023-02-09,,,,,,,100.0,100.0,100.0,100.0,99.2,100.0,100.0,99.9,100.0,100.0
2023-02-10,,,,,,,,,,,,,100.0,99.8,100.0,100.0
2023-02-11,,,,,,,,,,,,,100.0,99.9,100.0,100.0
2023-02-12,,,,,,,,,,100.0,98.9,100.0,100.0,99.9,100.0,100.0
2023-02-13,100.0,92.1,100.0,100.0,99.8,100.0,,,,,,,100.0,99.9,100.0,100.0
2023-02-14,100.0,93.1,100.0,,,,,,,,,,100.0,99.9,100.0,100.0
2023-02-15,,,,,,,,,,100.0,98.9,100.0,100.0,99.9,100.0,100.0
2023-02-16,,,,,,,,,,100.0,99.1,100.0,100.0,99.9,100.0,100.0
2023-02-17,,,,,,,,,,,,,100.0,99.9,100.0,100.0
2023-02-18,100.0,92.1,100.0,100.0,99.8,100.0,,,,,,,100.0,99.8,100.0,100.0
2023-02-19,,,,,,,,,,100.0,99.0,100.0,100.0,99.6,100.0,100.0
2023-02-20,,,,,,,,,,100.0,98.4,100.0,100.0,99.5,100.0,100.0
2023-02-21,,,,,,,,,,,,,100.0,99.3,100.0,100.0
2023-02-22,,,,,,,,,,,,,100.0,99.0,100.0,100.0
2023-02-23,,,,100.0,99.0,100.0,,,,,,,100.0,98.8,100.0,100.0
2023-02-24,,,,,,,,,,,,,100.0,98.4,100.0,100.0
2023-02-25,100.0,88.2,100.0,,,,,,,,,,100.0,98.5,100.0,100.0
2023-02-26,100.0,86.5,100.0,,,,,,,,,,100.0,97.9,100.0,100.0
2023-02-27,,,,,,,,,,100.0,98.9,100.0,100.0,98.1,100.0,100.0
2023-02-28,,,,,,,,,,100.0,98.7,100.0,100.0,97.9,100.0,100.0
2023-03-01,,,,,,,,,,,,,100.0,98.4,100.0,100.0
2023-03-02,100.0,84.1,100.0,,,,,,,,,,100.0,98.5,100.0,100.0
2023-03-03,,,,,,,,,,100.0,98.8,100.0,100.0,98.9,100.0,100.0
2023-03-04,,,,,,,,,,100.0,99.2,100.0,100.0,98.9,100.0,100.0
2023-03-05,,,,100.0,99.8,100.0,100.0,100.0,100.0,,,,100.0,99.5,100.0,100.0
2023-03-06,,,,,,,,,,100.0,99.4,100.0,100.0,99.2,100.0,100.0
2023-03-07,,,,,,,,,,100.0,98.9,100.0,100.0,99.4,100.0,100.0
2023-03-08,,,,,,,,,,,,,100.0,99.4,100.0,100.0
2023-03-09,100.0,77.4,100.0,,,,,,,,,,100.0,99.5,100.0,100.0
2023-03-10,98.3,70.6,100.0,,,,,,,,,,100.0,99.3,100.0,100.0
2023-03-11,,,,,,,,,,,,,100.0,99.5,100.0,100.0
2023-03-12,,,,,,,,,,,,,100.0,99.5,100.0,100.0
2023-03-13,,,,,,,,,,,,,100.0,99.5,100.0,100.0
2023-03-14,97.0,68.1,100.0,,,,,,,100.0,99.3,100.0,100.0,99.4,100.0,100.0
2023-03-15,,,,100.0,99.8,100.0,,,,,,,100.0,99.4,100.0,100.0
2023-03-16,,,,,,,,,,,,,100.0,99.4,100.0,100.0
2023-03-17,,,,,,,,,,,,,100.0,99.3,100.0,100.0
2023-03-18,,,,,,,,,,,,,100.0,99.0,100.0,100.0
2023-03-19,,,,,,,,,,,,,100.0,98.9,100.0,100.0
2023-03-20,,,,100.0,99.9,100.0,,,,,,,100.0,99.3,100.0,100.0
2023-03-21,83.0,59.8,100.0,,,,,,,,,,100.0,98.7,100.0,100.0
2023-03-22,87.0,63.8,100.0,,,,,,,,,,100.0,98.6,100.0,100.0
2023-03-23,,,,,,,,,,100.0,99.3,100.0,100.0,98.5,100.0,100.0
2023-03-24,,,,,,,,,,,,,100.0,98.6,100.0,100.0
2023-03-25,,,,,,,,,,,,,100.0,98.1,100.0,100.0
2023-03-26,73.5,54.7,100.0,,,,,,,,,,100.0,98.0,100.0,100.0
2023-03-27,,,,,,,,,,100.0,99.6,100.0,100.0,97.6,100.0,100.0
2023-03-28,,,,,,,,,,,,,100.0,97.3,100.0,100.0
2023-03-29,,,,,,,,,,,,,100.0,97.2,100.0,100.0
2023-03-30,,,,,,,,,,,,,100.0,96.9,100.0,100.0
2023-03-31,,,,,,,,,,,,,100.0,97.4,100.0,100.0
2023-04-01,,,,,,,,,,,,,100.0,97.3,100.0,100.0
2023-04-02,83.9,63.0,100.0,,,,,,,,,,100.0,97.6,100.0,100.0
2023-04-03,69.1,50.4,100.0,,,,,,,100.0,98.7,100.0,100.0,97.6,100.0,100.0
2023-04-04,,,,100.0,99.8,100.0,,,,100.0,98.5,100.0,100.0,98.5,100.0,100.0
2023-04-05,,,,,,,,,,,,,100.0,98.3,100.0,100.0
2023-04-06,,,,,,,100.0,99.9,100.0,,,,100.0,99.0,100.0,100.0
2023-04-07,80.9,62.8,100.0,,,,,,,100.0,98.8,100.0,100.0,98.6,100.0,100.0
2023-04-08,,,,,,,,,,100.0,97.6,100.0,100.0,98.9,100.0,100.0
2023-04-09,,,,100.0,99.8,100.0,,,,,,,100.0,99.1,100.0,100.0
2023-04-10,,,,,,,,,,,,,100.0,99.1,100.0,100.0
2023-04-11,,,,,,,,,,100.0,96.4,72.6,100.0,99.0,100.0,100.0
2023-04-12,,,,,,,,,,100.0,96.9,100.0,100.0,99.2,100.0,100.0
2023-04-13,,,,,,,,,,,,,100.0,99.2,100.0,100.0
2023-04-14,89.6,68.5,100.0,100.0,99.9,100.0,100.0,99.7,93.9,,,,100.0,99.6,100.0,100.0
2023-04-15,92.6,76.2,100.0,,,,,,,100.0,94.9,100.0,100.0,99.4,100.0,100.0
2023-04-16,,,,,,,,,,100.0,92.8,100.0,100.0,99.4,100.0,100.0
2023-04-17,,,,,,,,,,,,,100.0,99.4,100.0,100.0
2023-04-18,,,,,,,,,,100.0,90.5,100.0,100.0,99.4,100.0,100.0
2023-04-19,93.0,74.4,100.0,100.0,100.0,100.0,,,,100.0,89.4,100.0,100.0,99.5,100.0,100.0
2023-04-20,,,,,,,,,,,,,100.0,99.3,100.0,100.0
2023-04-21,,,,,,,,,,,,,100.0,99.2,100.0,100.0
2023-04-22,,,,,,,100.0,99.8,42.2,100.0,83.8,100.0,100.0,99.4,100.0,100.0
2023-04-23,,,,,,,,,,100.0,87.8,100.0,100.0,99.3,100.0,100.0
2023-04-24,,,,100.0,99.9,100.0,,,,,,,100.0,99.4,100.0,100.0
2023-04-25,,,,,,,,,,,,,100.0,99.2,100.0,100.0
2023-04-26,93.9,73.9,100.0,,,,,,,100.0,93.9,100.0,100.0,99.3,100.0,100.0
2023-04-27,96.5,75.0,100.0,,,,,,,100.0,95.8,100.0,100.0,99.2,100.0,100.0
2023-04-28,,,,,,,,,,,,,100.0,99.0,100.0,100.0
2023-04-29,,,,,,,,,,,,,100.0,98.9,100.0,100.0
2023-04-30,,,,,,,,,,,,,100.0,98.7,100.0,100.0
2023-05-01,97.0,75.7,100.0,,,,,,,,,,100.0,98.5,100.0,100.0
2023-05-02,,,,,,,,,,,,,100.0,98.3,100.0,100.0
2023-05-03,,,,,,,,,,,,,100.0,98.2,100.0,100.0
2023-05-04,,,,100.0,99.6,100.0,,,,100.0,96.7,100.0,100.0,98.5,100.0,100.0
2023-05-05,,,,,,,,,,,,,100.0,98.1,100.0,100.0
2023-05-06,,,,,,,,,,,,,100.0,97.9,100.0,100.0
2023-05-07,,,,,,,,,,100.0,97.3,100.0,100.0,97.7,100.0,100.0
2023-05-08,97.4,75.5,100.0,,,,86.7,82.2,52.2,100.0,95.9,100.0,100.0,97.7,100.0,100.0
2023-05-09,96.5,70.8,100.0,,,,,,,,,,100.0,97.3,100.0,100.0
2023-05-10,,,,,,,,,,,,,100.0,96.8,100.0,100.0
2023-05-11,,,,,,,,,,,,,100.0,96.5,100.0,100.0
2023-05-12,,,,,,,,,,,,,100.0,95.3,100.0,100.0
2023-05-13,93.9,67.1,100.0,,,,,,,,,,100.0,94.7,100.0,100.0
2023-05-14,,,,,,,,,,100.0,96.4,100.0,100.0,93.5,100.0,100.0
2023-05-15,,,,,,,,,,100.0,95.3,100.0,100.0,92.8,100.0,100.0
2023-05-16,,,,,,,,,,,,,100.0,91.9,100.0,100.0
2023-05-17,,,,,,,,,,,,,100.0,90.2,100.0,100.0
2023-05-18,,,,,,,,,,,,,100.0,89.1,100.0,100.0
2023-05-19,,,,,,,,,,100.0,95.3,100.0,100.0,87.3,100.0,100.0
2023-05-20,93.0,62.2,100.0,,,,,,,,,,100.0,85.8,100.0,100.0
2023-05-21,83.5,57.8,100.0,,,,,,,,,,100.0,83.2,100.0,100.0
2023-05-22,,,,,,,,,,,,,100.0,83.4,100.0,100.0
2023-05-23,,,,,,,,,,,,,94.3,77.5,100.0,94.3
2023-05-24,,,,,,,,,,,,,98.3,81.4,100.0,98.3
2023-05-25,0.4,17.9,100.0,,,,,,,,,,86.1,77.4,100.0,86.1
2023-05-26,,,,,,,,,,,,,97.0,81.0,100.0,97.0
2023-05-27,,,,,,,,,,100.0,88.5,100.0,80.9,74.6,100.0,80.9
2023-05-28,,,,,,,,,,,,,85.7,78.4,100.0,85.7
2023-05-29,,,,,,,,,,,,,73.9,73.0,100.0,73.9
2023-05-30,,,,,,,,,,,,,80.4,77.8,100.0,80.4
2023-05-31,,,,,,,,,,,,,73.5,71.5,100.0,73.5
2023-06-01,0.0,9.0,100.0,,,,,,,,,,73.5,72.5,100.0,73.5
2023-06-02,0.0,4.4,100.0,,,,,,,,,,73.5,67.7,100.0,73.5
2023-06-03,,,,100.0,92.7,73.5,,,,,,,73.5,72.4,100.0,73.5
2023-06-04,,,,,,,,,,,,,73.5,69.7,100.0,73.5
2023-06-05,,,,,,,,,,,,,73.5,69.1,100.0,73.5
2023-06-06,0.0,3.5,100.0,,,,,,,100.0,75.8,100.0,73.5,64.7,100.0,73.5
2023-06-07,,,,,,,,,,96.1,76.6,89.1,73.5,65.7,100.0,73.5
2023-06-08,,,,,,,,,,,,,73.5,64.3,100.0,73.5
2023-06-09,,,,,,,,,,,,,71.7,58.8,100.0,71.7
2023-06-10,,,,,,,,,,50.4,48.5,100.0,66.1,52.2,100.0,66.1
2023-06-11,,,,,,,,,,0.0,10.4,100.0,16.1,44.5,100.0,16.1
2023-06-12,,,,,,,,,,,,,0.0,37.6,100.0,0.0
2023-06-13,0.0,1.0,100.0,,,,,,,,,,0.0,30.8,100.0,0.0
2023-06-14,0.0,0.9,100.0,,,,,,,0.0,5.3,100.0,0.0,22.5,100.0,0.0
2023-06-15,,,,,,,,,,0.0,3.7,100.0,0.0,20.2,100.0,0.0
2023-06-16,,,,,,,,,,,,,0.0,19.7,100.0,0.0
2023-06-17,,,,,,,,,,,,,0.0,14.8,100.0,0.0
2023-06-18,0.0,0.9,100.0,,,,,,,0.0,0.8,100.0,0.0,10.6,100.0,0.0
2023-06-19,,,,,,,,,,0.0,0.5,100.0,0.0,5.1,100.0,0.0
2023-06-20,,,,,,,,,,,,,0.0,4.7,100.0,0.0
2023-06-21,,,,,,,,,,,,,0.0,4.0,100.0,0.0
2023-06-22,,,,,,,,,,,,,0.0,3.2,100.0,0.0
2023-06-23,,,,0.0,0.8,100.0,,,,0.0,0.2,100.0,0.0,2.7,100.0,0.0
2023-06-24,,,,,,,,,,,,,0.0,2.7,100.0,0.0
2023-06-25,0.0,1.4,100.0,,,,,,,,,,0.0,1.9,100.0,0.0
2023-06-26,0.0,1.9,100.0,,,,,,,0.0,0.1,100.0,0.0,1.6,100.0,0.0
2023-06-27,,,,,,,,,,,,,0.0,1.1,100.0,0.0
2023-06-28,,,,0.0,0.0,100.0,,,,,,,0.0,0.8,100.0,0.0
2023-06-29,,,,,,,,,,0.0,0.0,100.0,0.0,0.5,100.0,0.0
2023-06-30,0.0,2.0,100.0,,,,,,,,,,0.0,0.4,100.0,0.0
2023-07-01,,,,,,,,,,,,,0.0,0.5,100.0,0.0
2023-07-02,,,,,,,,,,,,,0.0,0.4,100.0,0.0
2023-07-03,,,,0.0,0.0,100.0,0.0,0.0,100.0,0.0,0.0,100.0,0.0,0.2,100.0,0.0
2023-07-04,,,,,,,,,,0.0,0.0,100.0,0.0,0.1,100.0,0.0
2023-07-05,,,,,,,,,,,,,0.0,0.2,100.0,0.0
2023-07-06,,,,,,,,,,,,,0.0,0.1,100.0,0.0
2023-07-07,0.0,1.7,100.0,,,,,,,,,,0.0,0.1,100.0,0.0
2023-07-08,0.0,2.2,100.0,,,,,,,,,,0.0,0.1,100.0,0.0
2023-07-09,,,,,,,,,,,,,0.0,0.1,100.0,0.0
2023-07-10,,,,,,,,,,0.0,0.1,100.0,0.0,0.1,100.0,0.0
2023-07-11,,,,,,,0.0,0.0,100.0,0.0,0.1,100.0,0.0,0.0,100.0,0.0
2023-07-12,0.0,3.0,100.0,,,,,,,,,,0.0,0.0,100.0,0.0
2023-07-13,,,,0.0,0.0,91.3,,,,,,,0.0,0.0,100.0,0.0
2023-07-14,,,,,,,,,,0.0,0.0,100.0,0.0,0.0,100.0,0.0
2023-07-15,,,,,,,,,,0.0,0.0,100.0,0.0,0.1,100.0,0.0
2023-07-16,,,,,,,,,,,,,0.0,0.1,100.0,0.0
2023-07-17,,,,,,,,,,,,,0.0,0.1,100.0,0.0
2023-07-18,,,,,,,,,,,,,0.0,0.1,100.0,0.0
2023-07-19,0.0,2.1,100.0,,,,0.0,0.0,49.6,,,,0.0,0.2,100.0,0.0
2023-07-20,0.0,1.4,100.0,,,,,,,,,,0.0,0.1,100.0,0.0
2023-07-21,,,,,,,,,,,,,0.0,0.1,100.0,0.0
2023-07-22,,,,,,,,,,,,,0.0,0.1,100.0,0.0
2023-07-23,,,,0.0,0.0,100.0,,,,,,,0.0,0.1,100.0,0.0
2023-07-24,0.0,1.4,100.0,,,,,,,,,,0.0,0.0,100.0,0.0
2023-07-25,,,,,,,,,,,,,0.0,0.1,100.0,0.0
2023-07-26,,,,,,,,,,0.0,0.0,92.6,0.0,0.1,100.0,0.0
2023-07-27,,,,,,,0.0,0.0,100.0,,,,0.0,0.1,100.0,0.0
2023-07-28,,,,0.0,0.0,100.0,,,,,,,0.0,0.0,100.0,0.0
2023-07-29,,,,,,,,,,0.0,0.0,100.0,0.0,0.1,100.0,0.0
2023-07-30,,,,,,,,,,0.0,0.0,100.0,0.0,0.1,100.0,0.0
2023-07-31,0.0,1.4,100.0,,,,,,,,,,0.0,0.1,100.0,0.0
2023-08-01,0.0,1.3,100.0,,,,,,,,,,0.0,0.1,100.0,0.0
2023-08-02,,,,,,,,,,0.0,0.0,100.0,0.0,0.1,100.0,0.0
2023-08-03,,,,,,,,,,0.0,0.0,100.0,0.0,0.2,100.0,0.0
2023-08-04,,,,,,,,,,,,,0.0,0.4,100.0,0.0
2023-08-05,0.0,1.5,100.0,,,,,,,,,,0.0,0.4,100.0,0.0
2023-08-06,,,,,,,,,,,,,0.0,0.4,100.0,0.0
2023-08-07,,,,0.0,0.0,100.0,,,,0.0,0.0,100.0,0.0,0.2,100.0,0.0
2023-08-08,,,,,,,,,,,,,0.0,0.3,100.0,0.0
2023-08-09,,,,,,,,,,,,,0.0,0.3,100.0,0.0
2023-08-10,,,,,,,,,,0.0,0.0,100.0,0.0,0.3,100.0,0.0
2023-08-11,,,,,,,,,,0.0,0.0,100.0,0.0,0.2,100.0,0.0
2023-08-12,0.0,3.0,100.0,0.0,0.0,96.5,,,,,,,0.0,0.1,100.0,0.0
2023-08-13,0.0,3.7,100.0,,,,,,,,,,0.0,0.1,100.0,0.0
2023-08-14,,,,,,,,,,0.0,0.0,100.0,0.0,0.1,100.0,0.0
2023-08-15,,,,,,,,,,0.0,0.0,100.0,0.0,0.0,100.0,0.0
2023-08-16,,,,,,,,,,,,,0.0,0.0,100.0,0.0
2023-08-17,0.0,4.8,100.0,,,,,,,,,,0.0,0.0,100.0,0.0
2023-08-18,,,,,,,,,,0.0,0.0,100.0,0.0,0.0,100.0,0.0
2023-08-19,,,,,,,,,,0.0,0.0,100.0,0.0,0.0,100.0,0.0
2023-08-20,,,,,,,0.0,0.0,100.0,,,,0.0,0.0,100.0,0.0
2023-08-21,,,,,,,,,,,,,0.0,0.0,100.0,0.0
2023-08-22,,,,0.0,0.0,100.0,,,,,,,0.0,0.0,100.0,0.0
2023-08-23,,,,,,,,,,0.0,0.0,100.0,0.0,0.0,100.0,0.0
2023-08-24,0.0,4.6,100.0,,,,,,,,,,0.0,0.0,100.0,0.0
2023-08-25,0.4,7.0,100.0,,,,,,,,,,0.0,0.0,100.0,0.0
2023-08-26,,,,,,,,,,0.0,0.0,100.0,0.0,0.0,100.0,0.0
2023-08-27,,,,,,,,,,,,,0.0,0.1,100.0,0.0
2023-08-28,,,,,,,,,,,,,0.0,0.1,100.0,0.0
2023-08-29,0.9,8.3,100.0,,,,,,,,,,0.0,0.1,100.0,0.0
2023-08-30,,,,,,,,,,,,,0.0,0.1,100.0,0.0
2023-08-31,,,,,,,,,,,,,0.0,0.1,100.0,0.0
2023-09-01,,,,0.0,0.0,100.0,,,,,,,0.0,0.1,100.0,0.0
2023-09-02,,,,,,,,,,0.0,0.0,100.0,0.0,0.0,100.0,0.0
2023-09-03,,,,,,,,,,,,,0.0,0.0,100.0,0.0
2023-09-04,,,,,,,,,,,,,0.0,0.0,100.0,0.0
2023-09-05,5.2,14.4,100.0,,,,0.0,0.0,98.7,,,,0.0,0.0,100.0,0.0
2023-09-06,4.8,16.4,100.0,0.0,0.0,100.0,,,,,,,0.0,0.0,100.0,0.0
2023-09-07,,,,,,,,,,,,,0.0,0.0,100.0,0.0
2023-09-08,,,,,,,,,,,,,0.0,0.0,100.0,0.0
2023-09-09,,,,,,,,,,0.0,0.0,100.0,0.0,0.1,100.0,0.0
2023-09-10,4.3,16.1,100.0,,,,,,,0.0,0.0,100.0,0.0,0.1,100.0,0.0
2023-09-11,,,,0.0,0.0,100.0,,,,,,,0.0,0.1,100.0,0.0
2023-09-12,,,,,,,,,,,,,0.0,0.1,100.0,0.0
2023-09-13,,,,,,,,,,0.0,0.1,90.4,0.0,0.3,100.0,0.0
2023-09-14,,,,,,,,,,0.0,0.0,100.0,0.0,0.2,100.0,0.0
2023-09-15,,,,,,,,,,,,,0.0,0.3,100.0,0.0
2023-09-16,,,,,,,,,,,,,0.0,0.3,100.0,0.0
2023-09-17,6.5,17.1,100.0,,,,,,,,,,0.0,0.3,100.0,0.0
2023-09-18,4.8,18.0,100.0,,,,,,,,,,0.0,0.4,100.0,0.0
2023-09-19,,,,,,,,,,,,,0.0,0.3,100.0,0.0
2023-09-20,,,,,,,,,,,,,0.0,0.4,100.0,0.0
2023-09-21,,,,,,,,,,,,,0.0,0.3,100.0,0.0
2023-09-22,2.2,12.7,100.0,,,,,,,0.0,0.0,100.0,0.0,0.2,100.0,0.0
2023-09-23,,,,,,,,,,,,,0.0,0.2,100.0,0.0
2023-09-24,,,,,,,,,,,,,0.0,0.3,100.0,0.0
2023-09-25,,,,,,,,,,0.0,0.0,100.0,0.0,0.2,100.0,0.0
2023-09-26,,,,0.0,0.0,100.0,,,,0.0,0.0,100.0,0.0,0.1,100.0,0.0
2023-09-27,,,,,,,,,,,,,0.0,0.1,100.0,0.0
2023-09-28,,,,,,,,,,,,,0.0,0.1,100.0,0.0
2023-09-29,0.4,8.3,100.0,,,,0.0,0.0,100.0,0.0,0.0,100.0,0.0,0.1,100.0,0.0
2023-09-30,0.4,6.1,100.0,,,,,,,,,,0.0,0.1,100.0,0.0
2023-10-01,,,,0.0,0.0,100.0,,,,,,,0.0,0.1,100.0,0.0
2023-10-02,,,,,,,,,,,,,0.0,0.1,100.0,0.0
2023-10-03,,,,,,,,,,0.0,0.0,100.0,0.0,0.1,100.0,0.0
2023-10-04,0.0,5.7,100.0,,,,,,,0.0,0.1,100.0,0.0,0.1,100.0,0.0
2023-10-05,,,,,,,,,,,,,0.0,0.1,100.0,0.0
2023-10-06,,,,0.0,0.0,100.0,,,,,,,0.0,0.1,100.0,0.0
2023-10-07,,,,,,,0.0,0.0,100.0,,,,0.0,0.1,100.0,0.0
2023-10-08,,,,,,,,,,,,,0.0,0.1,100.0,0.0
2023-10-09,,,,,,,,,,,,,0.0,0.1,100.0,0.0
2023-10-10,,,,,,,,,,,,,0.0,0.1,100.0,0.0
2023-10-11,0.0,4.2,100.0,0.0,0.0,100.0,,,,0.0,0.1,100.0,0.0,0.1,100.0,0.0
2023-10-12,0.0,3.7,100.0,,,,,,,,,,0.0,0.0,100.0,0.0
2023-10-13,,,,,,,,,,,,,0.0,0.1,100.0,0.0
2023-10-14,,,,,,,,,,0.0,0.3,100.0,0.0,0.0,100.0,0.0
2023-10-15,,,,,,,0.0,0.0,100.0,0.0,0.3,100.0,0.0,0.0,100.0,0.0
2023-10-16,0.0,2.0,100.0,,,,,,,,,,0.0,0.0,100.0,0.0
2023-10-17,,,,,,,,,,,,,0.0,0.0,100.0,0.0
2023-10-18,,,,,,,,,,0.0,2.2,100.0,0.0,0.0,100.0,0.0
2023-10-19,,,,,,,,,,,,,0.0,0.1,100.0,0.0
2023-10-20,,,,,,,,,,,,,0.0,0.1,100.0,0.0
2023-10-21,,,,,,,,,,,,,0.0,0.1,100.0,0.0
2023-10-22,,,,,,,,,,,,,0.0,0.1,100.0,0.0
2023-10-23,0.0,1.2,100.0,,,,,,,0.0,1.3,100.0,0.0,0.2,100.0,0.0
2023-10-24,0.0,0.9,100.0,,,,,,,,,,0.0,0.3,100.0,0.0
2023-10-25,,,,,,,,,,,,,0.0,0.3,100.0,0.0
2023-10-26,,,,,,,,,,,,,0.0,0.5,100.0,0.0
2023-10-27,,,,,,,,,,,,,0.0,0.8,100.0,0.0
2023-10-28,0.0,0.8,100.0,,,,,,,,,,0.0,1.0,100.0,0.0
2023-10-29,,,,,,,,,,,,,0.0,1.0,100.0,0.0
2023-10-30,,,,,,,,,,,,,0.0,1.4,100.0,0.0
2023-10-31,,,,,,,,,,,,,0.0,1.8,100.0,0.0
2023-11-01,,,,,,,,,,,,,0.0,1.4,100.0,0.0
2023-11-02,,,,,,,,,,,,,0.0,1.5,100.0,0.0
2023-11-03,,,,,,,,,,0.0,6.0,100.0,0.0,2.0,100.0,0.0
2023-11-04,0.0,0.9,100.0,,,,,,,,,,0.0,2.8,100.0,0.0
2023-11-05,0.0,0.9,100.0,,,,,,,,,,0.0,2.3,100.0,0.0
2023-11-06,,,,,,,,,,0.0,12.4,100.0,0.0,3.0,100.0,0.0
2023-11-07,,,,,,,,,,,,,0.0,3.4,100.0,0.0
2023-11-08,,,,,,,2.2,4.3,100.0,,,,0.0,5.7,100.0,0.0
2023-11-09,0.0,1.4,100.0,,,,,,,,,,0.0,3.7,100.0,0.0
2023-11-10,,,,,,,,,,33.0,38.2,100.0,0.0,4.4,100.0,0.0
2023-11-11,,,,,,,,,,,,,0.0,3.4,100.0,0.0
2023-11-12,,,,,,,,,,,,,0.0,4.9,100.0,0.0
2023-11-13,,,,,,,,,,,,,0.0,4.4,100.0,0.0
2023-11-14,,,,,,,,,,,,,0.0,6.3,100.0,0.0
2023-11-15,,,,0.0,0.0,100.0,,,,,,,0.0,6.1,100.0,0.0
2023-11-16,0.0,2.6,100.0,,,,,,,,,,0.0,9.9,100.0,0.0
2023-11-17,0.0,5.2,100.0,,,,,,,66.5,52.6,100.0,0.0,10.3,100.0,0.0
2023-11-18,,,,,,,,,,,,,0.0,17.2,100.0,0.0
2023-11-19,,,,,,,,,,,,,0.0,19.0,100.0,0.0
2023-11-20,,,,0.0,0.4,100.0,,,,,,,0.0,25.7,100.0,0.0
2023-11-21,0.0,8.0,100.0,,,,,,,,,,0.0,28.3,100.0,0.0
2023-11-22,,,,,,,,,,,,,0.4,45.8,100.0,0.4
2023-11-23,,,,,,,,,,,,,3.9,52.2,100.0,3.9
2023-11-24,,,,,,,39.0,39.7,63.5,,,,76.5,62.4,100.0,76.5
2023-11-25,,,,,,,,,,99.6,86.8,100.0,87.0,63.7,100.0,87.0
2023-11-26,,,,,,,,,,,,,100.0,70.6,100.0,100.0
2023-11-27,,,,,,,,,,,,,100.0,72.7,100.0,100.0
2023-11-28,0.9,18.7,100.0,,,,,,,,,,100.0,77.8,100.0,100.0
2023-11-29,5.2,23.5,100.0,,,,,,,,,,100.0,77.0,100.0,100.0
2023-11-30,,,,,,,,,,,,,100.0,79.1,100.0,100.0
2023-12-01,,,,,,,,,,,,,100.0,82.5,100.0,100.0
2023-12-02,,,,,,,,,,,,,100.0,82.9,100.0,100.0
2023-12-03,62.2,46.9,100.0,,,,,,,97.0,87.3,100.0,100.0,84.2,100.0,100.0
2023-12-04,,,,,,,,,,,,,100.0,86.9,100.0,100.0
2023-12-05,,,,,,,,,,,,,100.0,87.9,100.0,100.0
2023-12-06,,,,,,,,,,,,,100.0,89.0,100.0,100.0
2023-12-07,,,,,,,,,,100.0,94.4,100.0,100.0,90.7,100.0,100.0
2023-12-08,,,,,,,,,,100.0,98.7,100.0,100.0,90.5,100.0,100.0
2023-12-09,,,,,,,,,,,,,100.0,92.1,100.0,100.0
2023-12-10,100.0,75.6,100.0,,,,,,,,,,100.0,93.2,100.0,100.0
2023-12-11,100.0,81.5,100.0,,,,,,,100.0,95.0,100.0,100.0,93.6,100.0,100.0
2023-12-12,,,,,,,,,,100.0,99.0,100.0,100.0,94.6,100.0,100.0
2023-12-13,,,,,,,,,,,,,100.0,95.1,100.0,100.0
2023-12-14,,,,,,,,,,,,,100.0,95.7,100.0,100.0
2023-12-15,100.0,89.5,96.5,100.0,90.3,100.0,,,,,,,100.0,97.2,100.0,100.0
2023-12-16,,,,,,,,,,,,,100.0,97.4,100.0,100.0
2023-12-17,,,,,,,,,,,,,100.0,97.6,100.0,100.0
2023-12-18,,,,,,,100.0,99.9,100.0,,,,100.0,98.1,100.0,100.0
2023-12-19,,,,,,,,,,100.0,98.0,100.0,100.0,98.0,100.0,100.0
2023-12-20,,,,100.0,97.0,100.0,,,,,,,100.0,98.7,100.0,100.0
2023-12-21,,,,,,,,,,,,,100.0,98.7,100.0,100.0
2023-12-22,100.0,92.8,98.3,,,,,,,,,,100.0,98.6,100.0,100.0
2023-12-23,100.0,96.5,99.1,,,,,,,100.0,98.6,100.0,100.0,98.9,100.0,100.0
2023-12-24,,,,,,,,,,,,,100.0,99.0,100.0,100.0
2023-12-25,,,,100.0,98.8,100.0,,,,,,,100.0,99.2,100.0,100.0
2023-12-26,,,,,,,100.0,100.0,100.0,100.0,99.0,100.0,100.0,99.3,100.0,100.0
2023-12-27,100.0,97.7,94.3,,,,,,,100.0,99.3,100.0,100.0,99.4,100.0,100.0
2023-12-28,,,,,,,,,,,,,100.0,99.4,100.0,100.0
2023-12-29,,,,,,,,,,,,,100.0,99.5,100.0,100.0
2023-12-30,,,,100.0,98.8,100.0,,,,100.0,99.0,100.0,100.0,99.5,100.0,100.0
2023-12-31,,,,,,,,,,,,,100.0,99.5,100.0,100.0
2024-01-01,,,,,,,,,,,,,99.7,92.3,100.0,99.7
2024-01-02,,,,,,,,,,,,,99.7,94.1,100.0,99.7
2024-01-03,100.0,97.3,75.7,,,,,,,99.7,98.7,100.0,99.7,94.9,100.0,99.7
2024-01-04,100.0,98.3,78.1,99.7,98.9,100.0,,,,,,,99.7,95.5,100.0,99.7
2024-01-05,,,,,,,,,,,,,100.0,97.0,100.0,100.0
2024-01-06,,,,,,,,,,,,,100.0,97.6,100.0,100.0
2024-01-07,,,,,,,,,,,,,100.0,97.3,100.0,100.0
2024-01-08,100.0,98.8,82.2,,,,,,,,,,100.0,97.8,100.0,100.0
2024-01-09,,,,,,,,,,,,,100.0,98.1,100.0,100.0
2024-01-10,,,,,,,,,,,,,100.0,98.7,100.0,100.0
2024-01-11,,,,,,,100.0,100.0,100.0,,,,100.0,99.2,100.0,100.0
2024-01-12,,,,,,,,,,,,,100.0,98.9,100.0,100.0
2024-01-13,,,,,,,,,,100.0,99.3,100.0,100.0,99.3,100.0,100.0
2024-01-14,,,,99.0,97.2,100.0,,,,100.0,99.6,100.0,100.0,99.4,100.0,100.0
2024-01-15,100.0,99.3,82.5,,,,,,,,,,100.0,99.5,100.0,100.0
2024-01-16,100.0,99.2,86.6,,,,,,,,,,100.0,99.4,100.0,100.0
2024-01-17,,,,,,,,,,,,,100.0,99.5,100.0,100.0
2024-01-18,,,,,,,,,,100.0,99.7,100.0,100.0,99.5,100.0,100.0
2024-01-19,,,,100.0,99.1,100.0,100.0,100.0,100.0,,,,100.0,99.8,100.0,100.0
2024-01-20,100.0,99.4,94.7,,,,,,,,,,100.0,99.6,100.0,100.0
2024-01-21,,,,,,,,,,,,,100.0,99.7,100.0,100.0
2024-01-22,,,,,,,,,,100.0,99.9,100.0,100.0,99.7,100.0,100.0
2024-01-23,,,,,,,,,,,,,100.0,99.7,100.0,100.0
2024-01-24,,,,99.7,97.6,100.0,,,,,,,100.0,99.7,100.0,100.0
2024-01-25,,,,,,,,,,,,,100.0,99.7,100.0,100.0
2024-01-26,,,,,,,,,,,,,100.0,99.5,100.0,100.0
2024-01-27,100.0,99.6,95.9,,,,100.0,100.0,100.0,,,,100.0,99.7,100.0,100.0
2024-01-28,100.0,99.6,96.4,,,,,,,,,,100.0,99.6,100.0,100.0
2024-01-29,,,,99.8,97.4,100.0,,,,,,,100.0,99.6,100.0,100.0
2024-01-30,,,,,,,,,,,,,100.0,99.4,100.0,100.0
2024-01-31,,,,,,,,,,,,,100.0,99.3,100.0,100.0
2024-02-01,100.0,99.7,95.4,,,,,,,,,,100.0,99.2,100.0,100.0
2024-02-02,,,,,,,,,,,,,100.0,99.1,100.0,100.0
2024-02-03,,,,100.0,98.9,100.0,,,,,,,100.0,99.0,100.0,100.0
2024-02-04,,,,,,,100.0,99.9,100.0,,,,100.0,99.0,100.0,100.0
2024-02-05,,,,,,,,,,,,,100.0,98.5,100.0,100.0
2024-02-06,,,,,,,,,,,,,100.0,98.7,100.0,100.0
2024-02-07,,,,,,,,,,,,,100.0,98.1,100.0,100.0
2024-02-08,100.0,99.5,95.9,100.0,98.9,100.0,,,,,,,100.0,98.3,100.0,100.0
2024-02-09,100.0,99.4,96.4,,,,,,,,,,100.0,97.7,100.0,100.0
2024-02-10,,,,,,,,,,,,,100.0,97.6,100.0,100.0
2024-02-11,,,,,,,,,,,,,100.0,96.7,100.0,100.0
2024-02-12,,,,,,,100.0,100.0,100.0,,,,100.0,97.9,100.0,100.0
2024-02-13,100.0,99.3,95.5,,,,,,,,,,100.0,97.3,100.0,100.0
2024-02-14,,,,,,,,,,,,,100.0,97.7,100.0,100.0
2024-02-15,,,,,,,,,,,,,100.0,96.8,100.0,100.0
2024-02-16,,,,,,,,,,,,,100.0,97.0,100.0,100.0
2024-02-17,,,,,,,,,,,,,100.0,97.2,100.0,100.0
2024-02-18,,,,,,,,,,,,,100.0,97.7,100.0,100.0
2024-02-19,,,,,,,,,,,,,100.0,97.4,100.0,100.0
2024-02-20,100.0,98.9,95.9,,,,100.0,100.0,93.7,,,,100.0,98.5,100.0,100.0
2024-02-21,100.0,98.4,96.4,,,,,,,,,,100.0,97.9,100.0,100.0
2024-02-22,,,,,,,,,,,,,100.0,97.8,100.0,100.0
2024-02-23,,,,100.0,99.8,100.0,,,,,,,100.0,97.5,100.0,100.0
2024-02-24,,,,,,,,,,,,,100.0,97.3,100.0,100.0
2024-02-25,100.0,97.7,95.0,,,,,,,,,,100.0,96.7,100.0,100.0
2024-02-26,,,,,,,,,,,,,100.0,95.5,100.0,100.0
2024-02-27,,,,,,,,,,,,,99.7,94.3,100.0,99.7
2024-02-28,,,,,,,,,,,,,99.3,93.4,100.0,99.3
2024-02-29,,,,,,,,,,,,,96.5,91.4,100.0,96.5
2024-03-01,,,,,,,,,,,,,95.7,90.2,100.0,95.7
2024-03-02,,,,,,,,,,,,,94.4,88.7,100.0,94.4
2024-03-03,100.0,96.4,95.2,,,,,,,,,,96.4,90.7,100.0,96.4
2024-03-04,100.0,95.9,96.0,100.0,99.8,100.0,,,,,,,96.9,91.7,100.0,96.9
2024-03-05,,,,,,,,,,,,,97.2,91.2,100.0,97.2
2024-03-06,,,,,,,,,,,,,97.0,90.0,100.0,97.0
2024-03-07,,,,,,,100.0,99.9,100.0,,,,100.0,94.9,100.0,100.0
2024-03-08,99.8,95.0,92.4,,,,,,,,,,100.0,94.9,100.0,100.0
2024-03-09,,,,,,,,,,,,,100.0,96.0,100.0,100.0
2024-03-10,,,,,,,,,,,,,100.0,96.4,100.0,100.0
2024-03-11,,,,,,,,,,,,,100.0,97.3,100.0,100.0
2024-03-12,,,,,,,,,,,,,100.0,98.4,100.0,100.0
2024-03-13,,,,,,,,,,,,,100.0,98.7,100.0,100.0
2024-03-14,,,,100.0,99.3,100.0,,,,,,,100.0,99.1,100.0,100.0
2024-03-15,99.8,92.5,93.1,,,,100.0,100.0,100.0,100.0,99.9,100.0,100.0,99.5,100.0,100.0
2024-03-16,99.8,90.0,96.2,,,,,,,,,,100.0,99.4,100.0,100.0
2024-03-17,,,,,,,,,,,,,100.0,99.4,100.0,100.0
2024-03-18,,,,,,,,,,,,,100.0,99.4,100.0,100.0
2024-03-19,,,,100.0,99.1,100.0,,,,,,,100.0,99.3,100.0,100.0
2024-03-20,99.7,87.8,94.4,,,,,,,,,,100.0,99.1,100.0,100.0
2024-03-21,,,,,,,,,,,,,100.0,98.8,100.0,100.0
2024-03-22,,,,,,,,,,,,,100.0,98.7,100.0,100.0
2024-03-23,,,,,,,100.0,99.2,50.8,,,,100.0,98.8,100.0,100.0
2024-03-24,,,,,,,,,,,,,100.0,98.2,100.0,100.0
2024-03-25,,,,,,,,,,,,,100.0,97.8,100.0,100.0
2024-03-26,,,,,,,,,,,,,100.0,97.6,100.0,100.0
2024-03-27,99.5,86.1,95.0,,,,,,,,,,99.7,96.8,100.0,99.7
2024-03-28,99.3,85.5,95.7,,,,,,,,,,99.7,96.1,100.0,99.7
2024-03-29,,,,,,,,,,,,,98.7,93.5,100.0,98.7
2024-03-30,,,,,,,,,,,,,98.5,93.3,100.0,98.5
2024-03-31,,,,,,,,,,,,,98.7,92.0,100.0,98.7
2024-04-01,99.1,84.6,93.9,,,,,,,,,,99.7,94.3,100.0,99.7
2024-04-02,,,,,,,,,,,,,100.0,94.7,100.0,100.0
2024-04-03,,,,,,,,,,,,,100.0,96.1,100.0,100.0
2024-04-04,,,,,,,,,,100.0,99.9,100.0,100.0,97.0,100.0,100.0
2024-04-05,,,,,,,,,,100.0,99.9,100.0,100.0,97.8,100.0,100.0
2024-04-06,,,,,,,,,,,,,100.0,97.9,100.0,100.0
2024-04-07,,,,,,,,,,,,,100.0,98.3,100.0,100.0
2024-04-08,97.4,81.5,95.7,100.0,99.5,100.0,100.0,99.9,100.0,,,,100.0,99.1,100.0,100.0
2024-04-09,97.4,83.5,95.7,,,,,,,,,,100.0,99.0,100.0,100.0
2024-04-10,,,,,,,,,,,,,100.0,99.1,100.0,100.0
2024-04-11,,,,,,,,,,,,,100.0,99.3,100.0,100.0
2024-04-12,,,,,,,,,,100.0,100.0,100.0,100.0,99.3,100.0,100.0
2024-04-13,95.0,79.2,95.7,100.0,99.9,100.0,,,,,,,100.0,99.5,100.0,100.0
2024-04-14,,,,,,,,,,,,,100.0,99.3,100.0,100.0
2024-04-15,,,,,,,,,,,,,100.0,99.5,100.0,100.0
2024-04-16,,,,,,,,,,100.0,100.0,73.9,100.0,99.3,100.0,100.0
2024-04-17,,,,,,,,,,,,,100.0,99.2,100.0,100.0
2024-04-18,,,,,,,,,,,,,100.0,99.2,100.0,100.0
2024-04-19,,,,,,,,,,100.0,99.9,100.0,100.0,99.4,100.0,100.0
2024-04-20,94.3,77.1,95.5,,,,,,,100.0,99.9,100.0,100.0,99.4,100.0,100.0
2024-04-21,94.7,79.0,95.7,,,,,,,,,,100.0,99.5,100.0,100.0
2024-04-22,,,,,,,,,,,,,100.0,99.4,100.0,100.0
2024-04-23,,,,100.0,100.0,100.0,,,,,,,100.0,99.6,100.0,100.0
2024-04-24,,,,,,,100.0,100.0,96.2,100.0,99.9,100.0,100.0,99.6,100.0,100.0
2024-04-25,94.0,74.6,95.5,,,,,,,,,,100.0,99.5,100.0,100.0
2024-04-26,,,,,,,,,,,,,100.0,99.5,100.0,100.0
2024-04-27,,,,,,,,,,,,,100.0,99.5,100.0,100.0
2024-04-28,,,,,,,,,,,,,100.0,99.4,100.0,100.0
2024-04-29,,,,,,,,,,,,,100.0,99.3,100.0,100.0
2024-04-30,,,,,,,,,,,,,100.0,99.0,100.0,100.0
2024-05-01,,,,,,,,,,100.0,100.0,100.0,100.0,99.1,100.0,100.0
2024-05-02,97.3,80.0,96.2,,,,,,,,,,100.0,99.0,100.0,100.0
2024-05-03,96.2,76.0,95.4,100.0,100.0,100.0,,,,,,,100.0,98.9,100.0,100.0
2024-05-04,,,,,,,,,,100.0,99.9,100.0,100.0,98.0,100.0,100.0
2024-05-05,,,,,,,,,,,,,100.0,97.9,100.0,100.0
2024-05-06,,,,,,,,,,,,,100.0,97.8,100.0,100.0
2024-05-07,97.6,83.2,95.9,,,,,,,,,,100.0,98.0,100.0,100.0
2024-05-08,,,,,,,,,,,,,100.0,96.8,100.0,100.0
2024-05-09,,,,,,,,,,,,,100.0,97.4,100.0,100.0
2024-05-10,,,,,,,100.0,100.0,100.0,,,,100.0,97.7,100.0,100.0
2024-05-11,,,,,,,,,,,,,100.0,97.3,100.0,100.0
2024-05-12,,,,,,,,,,,,,100.0,96.8,100.0,100.0
2024-05-13,,,,100.0,99.6,64.4,,,,,,,100.0,97.4,100.0,100.0
2024-05-14,98.5,86.1,96.0,,,,,,,,,,100.0,96.7,100.0,100.0
2024-05-15,98.8,88.9,95.9,,,,,,,,,,100.0,97.5,100.0,100.0
2024-05-16,,,,,,,,,,,,,100.0,96.7,100.0,100.0
2024-05-17,,,,,,,,,,,,,100.0,97.3,100.0,100.0
2024-05-18,,,,,,,,,,100.0,99.9,100.0,100.0,96.6,100.0,100.0
2024-05-19,98.4,88.1,95.5,,,,,,,100.0,99.8,100.0,100.0,96.5,100.0,100.0
2024-05-20,,,,,,,,,,,,,100.0,96.1,100.0,100.0
2024-05-21,,,,,,,,,,,,,100.0,95.9,100.0,100.0
2024-05-22,,,,,,,,,,100.0,99.7,100.0,100.0,96.2,100.0,100.0
2024-05-23,,,,,,,,,,,,,100.0,96.8,100.0,100.0
2024-05-24,,,,,,,,,,,,,100.0,97.4,100.0,100.0
2024-05-25,,,,,,,,,,100.0,99.5,89.3,100.0,97.4,100.0,100.0
2024-05-26,99.1,88.9,96.2,,,,100.0,99.7,100.0,,,,100.0,98.2,100.0,100.0
2024-05-27,99.5,88.4,95.7,,,,,,,,,,100.0,97.8,100.0,100.0
2024-05-28,,,,100.0,99.7,100.0,,,,,,,100.0,98.3,100.0,100.0
2024-05-29,,,,,,,,,,,,,100.0,97.7,100.0,100.0
2024-05-30,,,,,,,,,,100.0,99.3,100.0,100.0,97.6,100.0,100.0
2024-05-31,97.9,83.6,96.0,,,,,,,,,,100.0,97.5,100.0,100.0
2024-06-01,,,,,,,,,,,,,100.0,97.6,100.0,100.0
2024-06-02,,,,100.0,95.7,100.0,,,,,,,100.0,97.7,100.0,100.0
2024-06-03,,,,,,,99.8,96.3,80.5,100.0,98.4,100.0,100.0,97.6,100.0,100.0
2024-06-04,,,,,,,,,,,,,100.0,97.2,100.0,100.0
2024-06-05,,,,,,,,,,,,,100.0,97.3,100.0,100.0
2024-06-06,,,,,,,,,,,,,100.0,97.1,100.0,100.0
2024-06-07,96.2,73.7,96.2,,,,,,,,,,100.0,97.0,100.0,100.0
2024-06-08,93.1,63.5,95.9,,,,,,,,,,100.0,96.4,100.0,100.0
2024-06-09,,,,,,,,,,,,,100.0,95.6,100.0,100.0
2024-06-10,,,,,,,,,,100.0,97.3,100.0,100.0,95.3,100.0,100.0
2024-06-11,,,,,,,,,,,,,99.8,93.7,100.0,99.8
2024-06-12,26.2,32.8,95.0,99.2,92.0,100.0,,,,,,,99.7,93.2,100.0,99.7
2024-06-13,,,,,,,,,,100.0,95.6,100.0,99.2,89.3,100.0,99.2
2024-06-14,,,,,,,,,,99.8,93.9,100.0,98.0,87.6,100.0,98.0
2024-06-15,,,,,,,,,,,,,97.2,85.0,100.0,97.2
2024-06-16,,,,,,,,,,,,,95.2,80.3,100.0,95.2
2024-06-17,,,,15.2,25.4,95.5,,,,98.4,82.4,100.0,89.8,76.3,100.0,89.8
2024-06-18,,,,,,,,,,97.4,76.2,100.0,81.4,71.0,100.0,81.4
2024-06-19,0.2,10.3,95.4,,,,,,,,,,71.5,63.6,100.0,71.5
2024-06-20,0.0,5.3,95.4,,,,,,,,,,51.3,55.6,100.0,51.3
2024-06-21,,,,,,,,,,,,,31.7,47.2,100.0,31.7
2024-06-22,,,,11.0,16.9,51.0,,,,,,,21.0,40.5,100.0,21.0
2024-06-23,,,,,,,,,,,,,9.9,32.7,100.0,9.9
2024-06-24,0.0,2.6,94.9,,,,,,,,,,7.1,27.7,100.0,7.1
2024-06-25,,,,,,,,,,68.8,53.6,100.0,5.6,24.9,100.0,5.6
2024-06-26,,,,,,,,,,0.0,23.7,100.0,4.5,21.9,100.0,4.5
2024-06-27,,,,0.2,1.9,98.5,,,,,,,1.7,15.6,100.0,1.7
2024-06-28,,,,,,,,,,,,,0.0,10.4,100.0,0.0
2024-06-29,,,,,,,,,,,,,0.0,9.6,100.0,0.0
2024-06-30,,,,,,,,,,0.0,13.4,100.0,0.0,8.1,100.0,0.0
2024-07-01,0.0,1.4,95.5,,,,,,,,,,0.0,6.4,100.0,0.0
2024-07-02,0.0,1.3,95.9,0.0,0.1,100.0,,,,,,,0.0,4.7,100.0,0.0
2024-07-03,,,,,,,,,,0.0,4.5,100.0,0.0,5.0,100.0,0.0
2024-07-04,,,,,,,,,,,,,0.0,4.1,100.0,0.0
2024-07-05,,,,,,,,,,,,,0.0,3.4,100.0,0.0
2024-07-06,0.0,1.1,95.5,,,,,,,,,,0.0,2.5,100.0,0.0
2024-07-07,,,,,,,,,,,,,0.0,2.9,100.0,0.0
2024-07-08,,,,,,,,,,,,,0.0,2.5,100.0,0.0
2024-07-09,,,,,,,,,,,,,0.0,2.1,100.0,0.0
2024-07-10,,,,,,,,,,,,,0.0,1.8,100.0,0.0
2024-07-11,,,,,,,,,,,,,0.0,1.4,100.0,0.0
2024-07-12,,,,0.0,0.0,100.0,,,,,,,0.0,1.2,100.0,0.0
2024-07-13,0.0,1.3,96.2,,,,,,,,,,0.0,1.0,100.0,0.0
2024-07-14,0.0,1.7,96.4,,,,,,,,,,0.0,1.1,100.0,0.0
2024-07-15,,,,,,,,,,,,,0.0,1.2,100.0,0.0
2024-07-16,,,,,,,,,,,,,0.0,1.7,100.0,0.0
2024-07-17,,,,0.0,0.0,97.5,,,,,,,0.0,1.3,100.0,0.0
2024-07-18,0.0,1.6,95.4,,,,,,,,,,0.0,1.2,100.0,0.0
2024-07-19,,,,,,,,,,,,,0.0,1.0,100.0,0.0
2024-07-20,,,,,,,,,,,,,0.0,1.4,100.0,0.0
2024-07-21,,,,,,,,,,,,,0.0,1.4,100.0,0.0
2024-07-22,,,,0.0,0.0,82.8,,,,0.0,0.5,100.0,0.0,1.0,100.0,0.0
2024-07-23,,,,,,,,,,,,,0.0,0.8,100.0,0.0
2024-07-24,,,,,,,,,,,,,0.0,0.8,100.0,0.0
2024-07-25,0.0,1.6,93.6,,,,,,,0.0,0.1,100.0,0.0,0.9,100.0,0.0
2024-07-26,0.0,1.5,92.4,,,,,,,0.0,0.2,79.5,0.0,0.7,100.0,0.0
2024-07-27,,,,0.0,0.0,100.0,,,,,,,0.0,0.7,100.0,0.0
2024-07-28,,,,,,,,,,,,,0.0,0.6,100.0,0.0
2024-07-29,,,,,,,,,,0.0,0.1,100.0,0.0,0.5,100.0,0.0
2024-07-30,0.0,1.5,96.7,,,,,,,0.0,0.1,100.0,0.0,0.3,100.0,0.0
2024-07-31,,,,,,,,,,,,,0.0,0.3,100.0,0.0
2024-08-01,,,,0.0,0.0,100.0,,,,,,,0.0,0.2,100.0,0.0
2024-08-02,,,,,,,,,,,,,0.0,0.2,100.0,0.0
2024-08-03,,,,,,,,,,0.0,0.0,100.0,0.0,0.1,100.0,0.0
2024-08-04,,,,,,,,,,,,,0.0,0.2,100.0,0.0
2024-08-05,,,,,,,,,,,,,0.0,0.1,100.0,0.0
2024-08-06,0.2,1.6,97.4,0.0,0.0,100.0,0.0,0.0,99.7,0.0,0.0,100.0,0.0,0.1,100.0,0.0
2024-08-07,0.0,1.0,92.7,,,,,,,,,,0.0,0.0,100.0,0.0
2024-08-08,,,,,,,,,,,,,0.0,0.1,100.0,0.0
2024-08-09,,,,,,,,,,,,,0.0,0.1,100.0,0.0
2024-08-10,,,,,,,,,,,,,0.0,0.1,100.0,0.0
2024-08-11,0.0,1.2,89.8,0.0,0.0,99.3,,,,,,,0.0,0.1,100.0,0.0
2024-08-12,,,,,,,,,,,,,0.0,0.1,100.0,0.0
2024-08-13,,,,,,,,,,,,,0.0,0.1,100.0,0.0
2024-08-14,,,,,,,,,,,,,0.0,0.1,100.0,0.0
2024-08-15,,,,,,,,,,,,,0.0,0.0,100.0,0.0
2024-08-16,,,,0.0,0.0,39.4,,,,,,,0.0,0.0,100.0,0.0
2024-08-17,,,,,,,,,,,,,0.0,0.0,100.0,0.0
2024-08-18,0.0,1.1,89.9,,,,,,,,,,0.0,0.0,100.0,0.0
2024-08-19,0.0,1.4,84.3,,,,,,,,,,0.0,0.0,100.0,0.0
2024-08-20,,,,,,,,,,,,,0.0,0.1,100.0,0.0
2024-08-21,,,,0.0,0.0,100.0,,,,,,,0.0,0.1,100.0,0.0
2024-08-22,,,,,,,0.0,0.0,40.9,,,,0.0,0.1,100.0,0.0
2024-08-23,0.2,2.0,96.9,,,,,,,,,,0.0,0.0,100.0,0.0
2024-08-24,,,,,,,,,,,,,0.0,0.0,100.0,0.0
2024-08-25,,,,,,,,,,,,,0.0,0.0,100.0,0.0
2024-08-26,,,,,,,,,,0.0,0.0,100.0,0.0,0.0,100.0,0.0
2024-08-27,,,,,,,,,,,,,0.0,0.0,100.0,0.0
2024-08-28,,,,,,,,,,,,,0.0,0.0,100.0,0.0
2024-08-29,,,,,,,,,,0.0,0.0,100.0,0.0,0.0,100.0,0.0
2024-08-30,0.0,1.4,94.4,,,,0.0,0.0,100.0,0.0,0.0,100.0,0.0,0.0,100.0,0.0
2024-08-31,0.0,1.7,95.2,0.0,0.0,100.0,,,,,,,0.0,0.0,100.0,0.0
2024-09-01,,,,,,,,,,,,,0.0,0.0,100.0,0.0
2024-09-02,,,,,,,,,,,,,0.0,0.0,100.0,0.0
2024-09-03,,,,,,,,,,,,,0.0,0.1,100.0,0.0
2024-09-04,0.0,1.6,88.6,,,,,,,,,,0.0,0.1,100.0,0.0
2024-09-05,,,,,,,,,,0.0,0.1,100.0,0.0,0.1,100.0,0.0
2024-09-06,,,,,,,,,,,,,0.0,0.1,100.0,0.0
2024-09-07,,,,,,,,,,,,,0.0,0.2,100.0,0.0
2024-09-08,,,,,,,,,,,,,0.0,0.2,100.0,0.0
2024-09-09,,,,,,,,,,0.0,0.1,100.0,0.0,0.1,100.0,0.0
2024-09-10,,,,0.0,0.0,100.0,,,,,,,0.0,0.1,100.0,0.0
2024-09-11,0.0,1.8,90.4,,,,,,,,,,0.0,0.1,100.0,0.0
2024-09-12,0.2,2.2,95.2,,,,,,,,,,0.0,0.1,100.0,0.0
2024-09-13,,,,,,,,,,,,,0.0,0.1,100.0,0.0
2024-09-14,,,,,,,,,,,,,0.0,0.1,100.0,0.0
2024-09-15,,,,0.0,0.0,100.0,0.0,0.0,100.0,,,,0.0,0.1,100.0,0.0
2024-09-16,0.0,2.7,97.0,,,,,,,,,,0.0,0.1,100.0,0.0
2024-09-17,,,,,,,,,,0.0,0.1,100.0,0.0,0.1,100.0,0.0
2024-09-18,,,,,,,,,,,,,0.0,0.1,100.0,0.0
2024-09-19,,,,,,,,,,,,,0.0,0.1,100.0,0.0
2024-09-20,,,,,,,,,,,,,0.0,0.1,100.0,0.0
2024-09-21,,,,,,,,,,,,,0.0,0.1,100.0,0.0
2024-09-22,,,,,,,,,,,,,0.0,0.1,100.0,0.0
2024-09-23,0.0,1.9,97.4,,,,,,,,,,0.0,0.3,100.0,0.0
2024-09-24,0.2,2.0,97.0,,,,,,,,,,0.0,0.4,100.0,0.0
2024-09-25,,,,,,,,,,,,,0.0,0.4,100.0,0.0
2024-09-26,,,,,,,,,,,,,0.0,0.3,100.0,0.0
2024-09-27,,,,,,,,,,,,,0.0,0.4,100.0,0.0
2024-09-28,0.0,1.5,97.0,,,,,,,,,,0.0,0.5,100.0,0.0
2024-09-29,,,,,,,,,,0.0,0.1,100.0,0.0,0.4,100.0,0.0
2024-09-30,,,,0.0,0.0,87.3,,,,0.0,0.1,87.1,0.0,0.4,100.0,0.0
2024-10-01,,,,,,,,,,,,,0.0,0.9,100.0,0.0
2024-10-02,,,,,,,,,,,,,0.0,1.0,100.0,0.0
2024-10-03,,,,,,,,,,,,,0.0,1.3,100.0,0.0
2024-10-04,,,,,,,,,,0.0,0.2,88.6,0.0,1.2,100.0,0.0
2024-10-05,0.3,2.5,97.7,0.0,0.0,100.0,,,,,,,0.0,1.3,100.0,0.0
2024-10-06,0.3,2.1,97.2,,,,,,,,,,0.0,1.1,100.0,0.0
2024-10-07,,,,,,,,,,0.0,0.0,100.0,0.0,1.1,100.0,0.0
2024-10-08,,,,,,,,,,,,,0.0,1.3,100.0,0.0
2024-10-09,,,,,,,,,,,,,0.0,1.5,100.0,0.0
2024-10-10,0.2,3.0,96.4,0.0,0.0,80.2,,,,,,,0.0,1.2,100.0,0.0
2024-10-11,,,,,,,,,,,,,0.0,1.2,100.0,0.0
2024-10-12,,,,,,,,,,,,,0.0,1.2,100.0,0.0
2024-10-13,,,,,,,,,,,,,0.0,1.4,100.0,0.0
2024-10-14,,,,,,,,,,,,,0.0,1.1,100.0,0.0
2024-10-15,,,,0.0,0.0,100.0,,,,0.0,0.1,100.0,0.0,0.6,100.0,0.0
2024-10-16,,,,,,,,,,,,,0.0,0.9,100.0,0.0
2024-10-17,0.5,5.3,97.2,,,,,,,,,,0.0,0.9,100.0,0.0
2024-10-18,0.8,5.9,97.5,,,,,,,,,,0.0,0.9,100.0,0.0
2024-10-19,,,,,,,,,,,,,0.0,0.4,100.0,0.0
2024-10-20,,,,,,,,,,,,,0.0,0.6,100.0,0.0
2024-10-21,,,,,,,,,,,,,0.0,0.5,100.0,0.0
2024-10-22,0.9,5.8,97.0,,,,,,,0.0,0.0,100.0,0.0,0.4,100.0,0.0
2024-10-23,,,,,,,,,,0.0,0.0,100.0,0.0,0.5,100.0,0.0
2024-10-24,,,,,,,,,,,,,0.0,0.6,100.0,0.0
2024-10-25,,,,,,,,,,,,,0.0,0.5,100.0,0.0
2024-10-26,,,,,,,,,,0.0,0.0,100.0,0.0,0.4,100.0,0.0
2024-10-27,,,,,,,,,,,,,0.0,0.4,100.0,0.0
2024-10-28,,,,,,,,,,,,,0.0,0.5,100.0,0.0
2024-10-29,0.7,4.7,97.2,,,,,,,,,,0.0,0.5,100.0,0.0
2024-10-30,0.7,5.8,97.0,0.0,0.0,100.0,,,,,,,0.0,0.3,100.0,0.0
2024-10-31,,,,,,,,,,,,,0.0,0.4,100.0,0.0
2024-11-01,,,,,,,,,,,,,0.0,0.5,100.0,0.0
2024-11-02,,,,,,,0.0,0.0,100.0,,,,0.0,0.4,100.0,0.0
2024-11-03,0.7,4.9,97.0,,,,,,,,,,0.0,0.3,100.0,0.0
2024-11-04,,,,0.0,0.0,100.0,,,,,,,0.0,0.3,100.0,0.0
2024-11-05,,,,,,,,,,0.0,0.0,100.0,0.0,0.4,100.0,0.0
2024-11-06,,,,,,,,,,0.0,0.1,100.0,0.0,0.6,100.0,0.0
2024-11-07,,,,,,,,,,,,,0.0,0.7,100.0,0.0
2024-11-08,,,,,,,,,,,,,0.0,0.8,100.0,0.0
2024-11-09,,,,0.0,0.0,100.0,,,,,,,0.0,0.8,100.0,0.0
2024-11-10,0.7,4.1,97.4,,,,0.0,0.0,74.6,,,,0.0,1.1,100.0,0.0
2024-11-11,0.0,3.3,96.5,,,,,,,,,,0.0,1.3,100.0,0.0
2024-11-12,,,,,,,,,,,,,0.0,1.5,100.0,0.0
2024-11-13,,,,,,,,,,0.0,0.2,100.0,0.0,1.3,100.0,0.0
2024-11-14,,,,0.0,0.0,100.0,,,,0.0,0.2,100.0,0.0,1.5,100.0,0.0
2024-11-15,0.0,1.6,97.0,,,,,,,,,,0.0,1.9,100.0,0.0
2024-11-16,,,,,,,,,,,,,0.0,2.0,100.0,0.0
2024-11-17,,,,,,,,,,,,,0.0,2.7,100.0,0.0
2024-11-18,,,,,,,,,,,,,0.0,3.9,100.0,0.0
2024-11-19,,,,,,,,,,,,,0.0,3.8,100.0,0.0
2024-11-20,,,,,,,,,,,,,0.0,3.4,100.0,0.0
2024-11-21,,,,,,,,,,0.0,0.7,100.0,0.0,3.7,100.0,0.0
2024-11-22,0.3,0.9,96.4,,,,,,,,,,0.0,4.6,100.0,0.0
2024-11-23,0.3,0.9,97.2,,,,,,,,,,0.0,5.0,100.0,0.0
2024-11-24,,,,0.0,1.8,100.0,,,,0.0,2.1,100.0,0.0,4.2,100.0,0.0
2024-11-25,,,,,,,,,,0.0,3.2,100.0,0.0,5.3,100.0,0.0
2024-11-26,,,,,,,,,,,,,0.0,7.0,100.0,0.0
2024-11-27,0.2,0.9,96.9,,,,,,,,,,0.0,7.0,100.0,0.0
2024-11-28,,,,,,,,,,,,,0.0,6.7,100.0,0.0
2024-11-29,,,,5.9,17.1,100.0,,,,0.0,5.2,100.0,0.0,7.3,100.0,0.0
2024-11-30,,,,,,,,,,,,,0.0,8.5,100.0,0.0
2024-12-01,,,,,,,,,,,,,0.0,9.0,100.0,0.0
2024-12-02,,,,,,,,,,0.0,11.3,100.0,0.0,9.2,100.0,0.0
2024-12-03,,,,,,,,,,0.3,15.2,100.0,0.0,11.7,100.0,0.0
2024-12-04,0.2,0.9,96.9,,,,0.7,5.8,99.8,,,,0.0,16.5,100.0,0.0
2024-12-05,0.0,0.8,96.9,,,,,,,,,,0.0,19.7,100.0,0.0
2024-12-06,,,,,,,,,,13.5,34.6,100.0,0.2,25.6,100.0,0.2
2024-12-07,,,,,,,,,,20.5,38.5,100.0,0.3,31.6,100.0,0.3
2024-12-08,,,,,,,,,,,,,0.5,40.4,100.0,0.5
2024-12-09,0.2,1.6,97.2,,,,,,,,,,2.5,45.9,100.0,2.5
2024-12-10,,,,,,,,,,95.7,69.1,100.0,21.8,54.8,100.0,21.8
2024-12-11,,,,,,,,,,98.0,73.9,100.0,58.1,60.6,100.0,58.1
2024-12-12,,,,,,,100.0,99.5,100.0,,,,97.5,72.8,100.0,97.5
2024-12-13,,,,,,,,,,,,,97.5,73.7,100.0,97.5
2024-12-14,,,,,,,,,,99.7,85.3,100.0,99.5,79.7,100.0,99.5
2024-12-15,,,,,,,,,,,,,100.0,83.2,100.0,100.0
2024-12-16,0.2,3.6,96.7,,,,,,,,,,100.0,84.3,100.0,100.0
2024-12-17,0.5,13.6,97.2,,,,,,,100.0,93.4,100.0,100.0,86.3,100.0,100.0
2024-12-18,,,,,,,,,,100.0,95.9,100.0,100.0,87.4,100.0,100.0
2024-12-19,,,,,,,,,,,,,100.0,89.0,100.0,100.0
2024-12-20,,,,,,,100.0,99.9,48.0,,,,100.0,91.7,100.0,100.0
2024-12-21,1.4,22.1,97.0,,,,,,,,,,100.0,91.9,100.0,100.0
2024-12-22,,,,,,,,,,,,,100.0,91.2,100.0,100.0
2024-12-23,,,,,,,,,,,,,100.0,93.9,100.0,100.0
2024-12-24,,,,100.0,97.2,100.0,,,,,,,100.0,95.1,100.0,100.0
2024-12-25,,,,,,,,,,,,,100.0,96.3,100.0,100.0
2024-12-26,,,,,,,,,,100.0,97.4,100.0,100.0,96.6,100.0,100.0
2024-12-27,,,,,,,,,,,,,100.0,97.2,100.0,100.0
2024-12-28,84.9,61.1,97.2,,,,100.0,100.0,100.0,,,,100.0,98.4,100.0,100.0
2024-12-29,94.5,71.3,96.2,100.0,98.5,100.0,,,,,,,100.0,98.4,100.0,100.0
2024-12-30,,,,,,,,,,,,,100.0,98.4,100.0,100.0
2024-12-31,,,,,,,,,,,,,100.0,98.3,100.0,100.0
2025-01-01,,,,,,,,,,100.0,99.2,100.0,100.0,98.4,100.0,100.0
2025-01-02,100.0,85.7,96.5,,,,,,,,,,100.0,98.6,100.0,100.0
2025-01-03,,,,100.0,99.1,100.0,,,,,,,100.0,98.7,100.0,100.0
2025-01-04,,,,,,,,,,100.0,99.4,100.0,100.0,98.4,100.0,100.0
2025-01-05,,,,,,,100.0,98.9,95.9,,,,100.0,98.7,100.0,100.0
2025-01-06,,,,,,,,,,,,,100.0,98.4,100.0,100.0
2025-01-07,,,,,,,,,,,,,100.0,98.6,100.0,100.0
2025-01-08,,,,,,,,,,,,,100.0,98.0,100.0,100.0
2025-01-09,100.0,90.2,96.0,,,,,,,,,,100.0,97.9,100.0,100.0
2025-01-10,100.0,93.4,97.7,,,,,,,,,,100.0,98.5,100.0,100.0
2025-01-11,,,,,,,,,,,,,100.0,98.6,100.0,100.0
2025-01-12,,,,,,,,,,,,,100.0,98.5,100.0,100.0
2025-01-13,,,,100.0,99.5,100.0,100.0,100.0,100.0,100.0,99.8,100.0,100.0,99.1,100.0,100.0
2025-01-14,100.0,96.0,95.5,,,,,,,,,,100.0,98.9,100.0,100.0
2025-01-15,,,,,,,,,,,,,100.0,98.9,100.0,100.0
2025-01-16,,,,,,,,,,,,,100.0,98.8,100.0,100.0
2025-01-17,,,,,,,,,,,,,100.0,98.2,100.0,100.0
2025-01-18,,,,,,,,,,,,,100.0,98.4,100.0,100.0
2025-01-19,,,,,,,,,,,,,100.0,98.5,100.0,100.0
2025-01-20,,,,,,,,,,,,,100.0,98.8,100.0,100.0
2025-01-21,100.0,96.9,93.6,,,,100.0,100.0,100.0,,,,100.0,99.1,100.0,100.0
2025-01-22,100.0,98.1,92.1,,,,,,,,,,100.0,98.8,100.0,100.0
2025-01-23,,,,,,,,,,100.0,99.8,100.0,100.0,98.9,100.0,100.0
2025-01-24,,,,,,,,,,100.0,99.9,100.0,100.0,98.8,100.0,100.0
2025-01-25,,,,,,,,,,,,,100.0,98.8,100.0,100.0
2025-01-26,100.0,99.0,91.1,,,,,,,,,,100.0,99.0,100.0,100.0
2025-01-27,,,,,,,,,,,,,100.0,99.1,100.0,100.0
2025-01-28,,,,,,,,,,,,,100.0,99.1,100.0,100.0
2025-01-29,,,,,,,100.0,100.0,100.0,,,,100.0,99.5,100.0,100.0
2025-01-30,,,,,,,,,,,,,100.0,99.3,100.0,100.0
2025-01-31,,,,,,,,,,100.0,99.9,100.0,100.0,99.5,100.0,100.0
2025-02-01,,,,,,,,,,100.0,99.9,100.0,100.0,99.5,100.0,100.0
2025-02-02,100.0,99.4,90.8,100.0,99.8,100.0,,,,,,,100.0,99.6,100.0,100.0
2025-02-03,100.0,99.0,89.3,,,,,,,,,,100.0,99.6,100.0,100.0
2025-02-04,,,,,,,,,,100.0,99.9,100.0,100.0,99.6,100.0,100.0
2025-02-05,,,,,,,,,,100.0,99.8,100.0,100.0,99.5,100.0,100.0
2025-02-06,,,,,,,100.0,100.0,100.0,,,,100.0,99.7,100.0,100.0
2025-02-07,100.0,99.6,85.1,,,,,,,,,,100.0,99.7,100.0,100.0
2025-02-08,,,,,,,,,,100.0,99.6,100.0,100.0,99.7,100.0,100.0
2025-02-09,,,,,,,,,,100.0,99.7,100.0,100.0,99.6,100.0,100.0
2025-02-10,,,,,,,,,,,,,100.0,99.6,100.0,100.0
2025-02-11,,,,,,,,,,,,,100.0,99.6,100.0,100.0
2025-02-12,,,,100.0,99.9,36.1,,,,,,,100.0,99.7,100.0,100.0
2025-02-13,,,,,,,,,,,,,100.0,99.6,100.0,100.0
2025-02-14,100.0,99.5,87.0,,,,100.0,100.0,52.6,,,,100.0,99.7,100.0,100.0
2025-02-15,100.0,99.1,82.5,,,,,,,,,,100.0,99.6,100.0,100.0
2025-02-16,,,,,,,,,,,,,100.0,99.6,100.0,100.0
2025-02-17,,,,100.0,99.5,100.0,,,,,,,100.0,99.7,100.0,100.0
2025-02-18,,,,,,,,,,,,,100.0,99.6,100.0,100.0
2025-02-19,99.8,99.4,76.9,,,,,,,,,,100.0,99.6,100.0,100.0
2025-02-20,,,,,,,,,,100.0,99.6,100.0,100.0,99.4,100.0,100.0
2025-02-21,,,,,,,,,,,,,100.0,99.4,100.0,100.0
2025-02-22,,,,,,,,,,,,,100.0,99.3,100.0,100.0
2025-02-23,,,,,,,,,,,,,100.0,99.2,100.0,100.0
2025-02-24,,,,,,,,,,,,,100.0,99.2,100.0,100.0
2025-02-25,,,,,,,,,,,,,100.0,99.2,100.0,100.0
2025-02-26,100.0,99.4,84.3,,,,,,,,,,100.0,99.3,100.0,100.0
2025-02-27,100.0,98.7,81.4,100.0,99.7,100.0,,,,100.0,99.7,100.0,100.0,99.4,100.0,100.0
2025-02-28,,,,,,,,,,,,,100.0,99.4,100.0,100.0
2025-03-01,,,,,,,,,,,,,100.0,99.2,100.0,100.0
2025-03-02,,,,,,,100.0,100.0,100.0,,,,100.0,99.5,100.0,100.0
2025-03-03,100.0,98.8,74.3,,,,,,,,,,100.0,99.1,100.0,100.0
2025-03-04,,,,100.0,98.7,100.0,,,,,,,100.0,99.3,100.0,100.0
2025-03-05,,,,,,,,,,,,,100.0,98.9,100.0,100.0
2025-03-06,,,,,,,,,,,,,100.0,99.0,100.0,100.0
2025-03-07,,,,,,,,,,,,,100.0,99.1,100.0,100.0
2025-03-08,,,,,,,,,,,,,100.0,99.1,100.0,100.0
2025-03-09,,,,,,,,,,,,,100.0,98.9,100.0,100.0
2025-03-10,100.0,98.1,87.1,,,,100.0,99.7,68.8,100.0,99.6,100.0,100.0,99.3,100.0,100.0
2025-03-11,100.0,97.8,77.1,,,,,,,100.0,99.4,100.0,100.0,99.1,100.0,100.0
2025-03-12,,,,,,,,,,,,,100.0,98.8,100.0,100.0
2025-03-13,,,,,,,,,,,,,100.0,98.7,100.0,100.0
2025-03-14,,,,,,,,,,100.0,99.1,100.0,100.0,98.5,100.0,100.0
2025-03-15,100.0,98.0,78.4,,,,,,,,,,100.0,98.6,100.0,100.0
2025-03-16,,,,,,,,,,,,,100.0,98.0,100.0,100.0
2025-03-17,,,,,,,,,,,,,100.0,98.1,100.0,100.0
2025-03-18,,,,,,,,,,,,,100.0,97.3,100.0,100.0
2025-03-19,,,,100.0,98.2,100.0,,,,,,,100.0,97.9,100.0,100.0
2025-03-20,,,,,,,,,,,,,100.0,97.4,100.0,100.0
2025-03-21,,,,,,,,,,,,,100.0,97.4,100.0,100.0
2025-03-22,100.0,97.4,83.5,,,,,,,100.0,98.9,100.0,100.0,97.5,100.0,100.0
2025-03-23,100.0,95.5,79.9,,,,,,,,,,100.0,97.7,100.0,100.0
2025-03-24,,,,,,,,,,,,,100.0,97.7,100.0,100.0
2025-03-25,,,,,,,,,,100.0,98.2,100.0,100.0,97.5,100.0,100.0
2025-03-26,,,,,,,100.0,99.1,100.0,100.0,97.9,100.0,100.0,98.2,100.0,100.0
2025-03-27,100.0,96.1,80.4,,,,,,,,,,100.0,97.9,100.0,100.0
2025-03-28,,,,,,,,,,,,,100.0,98.0,100.0,100.0
2025-03-29,,,,,,,,,,100.0,98.0,100.0,100.0,97.7,100.0,100.0
2025-03-30,,,,,,,,,,100.0,98.0,100.0,100.0,98.1,100.0,100.0
2025-03-31,,,,100.0,98.0,100.0,,,,,,,100.0,98.1,100.0,100.0
2025-04-01,,,,,,,,,,,,,100.0,98.2,100.0,100.0
2025-04-02,,,,,,,,,,100.0,96.6,100.0,100.0,98.1,100.0,100.0
2025-04-03,100.0,93.7,85.5,100.0,98.9,100.0,100.0,99.0,100.0,,,,100.0,98.9,100.0,100.0
2025-04-04,100.0,91.0,86.8,,,,,,,,,,100.0,98.4,100.0,100.0
2025-04-05,,,,,,,,,,,,,100.0,98.4,100.0,100.0
2025-04-06,,,,,,,,,,,,,100.0,98.0,100.0,100.0
2025-04-07,,,,,,,,,,100.0,95.5,100.0,100.0,98.1,100.0,100.0
2025-04-08,99.8,84.2,86.3,100.0,99.1,100.0,,,,,,,100.0,98.1,100.0,100.0
2025-04-09,,,,,,,,,,,,,100.0,97.8,100.0,100.0
2025-04-10,99.8,82.0,86.5,100.0,99.2,100.0,,,,100.0,95.2,100.0,100.0,97.5,100.0,100.0
2025-04-11,,,,,,,100.0,99.4,99.5,100.0,95.6,100.0,100.0,97.8,100.0,100.0
2025-04-12,,,,,,,,,,,,,98.3,95.8,100.0,98.3
2025-04-13,,,,,,,,,,,,,100.0,96.1,100.0,100.0
2025-04-14,,,,,,,,,,,,,96.7,93.9,100.0,96.7
2025-04-15,97.7,78.7,86.1,,,,,,,100.0,96.8,100.0,98.3,94.0,100.0,98.3
2025-04-16,96.2,74.3,83.3,,,,,,,,,,93.7,90.2,100.0,93.7
2025-04-17,,,,,,,,,,,,,95.2,90.3,100.0,95.2
2025-04-18,,,,100.0,99.7,100.0,,,,100.0,97.2,100.0,94.9,91.8,100.0,94.9
2025-04-19,,,,,,,,,,,,,96.4,92.4,100.0,96.4
2025-04-20,85.9,64.6,85.6,,,,,,,,,,96.0,92.1,100.0,96.0
2025-04-21,,,,,,,,,,,,,98.2,93.5,100.0,98.2
2025-04-22,,,,,,,,,,100.0,96.6,100.0,100.0,95.2,100.0,100.0
2025-04-23,,,,100.0,99.6,92.1,,,,100.0,92.9,100.0,100.0,96.4,100.0,100.0
2025-04-24,,,,,,,,,,,,,100.0,96.4,100.0,100.0
2025-04-25,,,,,,,,,,,,,100.0,96.9,100.0,100.0
2025-04-26,84.1,62.9,75.7,,,,,,,100.0,90.6,100.0,100.0,97.6,100.0,100.0
2025-04-27,86.2,65.4,71.6,,,,,,,,,,100.0,97.2,100.0,100.0
2025-04-28,89.5,69.2,80.4,,,,,,,,,,100.0,97.8,100.0,100.0
2025-04-29,,,,,,,,,,,,,100.0,97.6,100.0,100.0
2025-04-30,,,,100.0,99.6,100.0,,,,100.0,92.0,100.0,100.0,98.2,100.0,100.0
2025-05-01,,,,,,,,,,100.0,92.3,100.0,100.0,97.4,100.0,100.0
2025-05-02,90.1,69.6,90.1,,,,,,,,,,100.0,97.9,100.0,100.0
2025-05-03,90.9,69.2,76.6,,,,,,,100.0,91.3,100.0,100.0,97.2,100.0,100.0
2025-05-04,95.6,74.6,74.3,,,,,,,,,,100.0,97.4,100.0,100.0
2025-05-05,,,,,,,,,,,,,100.0,96.3,100.0,100.0
2025-05-06,,,,,,,,,,,,,100.0,96.7,100.0,100.0
2025-05-07,,,,,,,,,,,,,100.0,95.3,100.0,100.0
2025-05-08,97.3,79.7,90.8,,,,,,,,,,100.0,96.1,100.0,100.0
2025-05-09,97.6,83.9,90.9,,,,,,,,,,100.0,95.6,100.0,100.0
2025-05-10,98.7,85.2,90.9,,,,,,,,,,100.0,96.4,100.0,100.0
2025-05-11,,,,,,,,,,,,,100.0,95.8,100.0,100.0
2025-05-12,,,,,,,,,,,,,100.0,96.5,100.0,100.0
2025-05-13,,,,100.0,99.6,100.0,96.5,94.1,65.7,,,,100.0,97.6,100.0,100.0
2025-05-14,99.1,86.4,89.8,,,,,,,,,,100.0,97.4,100.0,100.0
2025-05-15,99.8,87.3,90.9,,,,,,,99.3,89.5,100.0,100.0,97.4,100.0,100.0
2025-05-16,99.8,88.7,90.9,,,,,,,99.5,85.1,100.0,100.0,97.5,100.0,100.0
2025-05-17,,,,,,,,,,,,,100.0,97.5,100.0,100.0
2025-05-18,,,,100.0,98.6,100.0,,,,,,,100.0,97.7,100.0,100.0
2025-05-19,,,,,,,,,,,,,100.0,97.3,100.0,100.0
2025-05-20,97.8,82.5,90.6,,,,,,,,,,100.0,97.2,100.0,100.0
2025-05-21,95.8,78.9,90.9,,,,,,,,,,100.0,97.2,100.0,100.0
2025-05-22,94.4,74.9,90.6,,,,,,,,,,99.8,96.7,100.0,99.8
2025-05-23,,,,100.0,99.1,100.0,,,,95.2,76.8,100.0,99.8,96.3,100.0,99.8
2025-05-24,,,,,,,,,,,,,99.5,95.3,100.0,99.5
2025-05-25,,,,,,,,,,,,,99.5,94.4,100.0,99.5
2025-05-26,88.5,63.1,90.4,,,,,,,,,,99.3,93.9,100.0,99.3
2025-05-27,81.1,60.5,90.6,,,,,,,76.1,60.1,100.0,98.0,92.3,100.0,98.0
2025-05-28,8.9,23.0,90.6,100.0,95.5,100.0,,,,,,,98.0,92.2,100.0,98.0
2025-05-29,,,,,,,98.9,95.8,60.7,,,,96.0,89.5,100.0,96.0
2025-05-30,,,,100.0,93.2,100.0,,,,41.6,41.3,100.0,95.4,88.1,100.0,95.4
2025-05-31,,,,,,,,,,19.8,32.9,100.0,93.1,84.1,100.0,93.1
2025-06-01,3.6,16.3,90.4,,,,,,,,,,93.1,82.9,100.0,93.1
2025-06-02,0.7,7.4,89.9,90.2,63.1,52.0,,,,,,,90.3,78.0,100.0,90.3
2025-06-03,1.1,8.8,90.3,,,,,,,0.8,19.3,39.4,87.3,72.0,100.0,87.3
2025-06-04,,,,,,,,,,,,,66.5,60.9,100.0,66.5
2025-06-05,,,,,,,,,,,,,48.3,55.9,100.0,48.3
2025-06-06,,,,,,,,,,,,,12.9,43.1,100.0,12.9
2025-06-07,0.2,3.5,90.3,,,,,,,,,,3.0,29.3,100.0,3.0
2025-06-08,0.0,2.1,90.4,,,,,,,0.0,4.9,100.0,0.2,17.8,100.0,0.2
2025-06-09,0.0,1.8,90.3,0.3,5.4,100.0,,,,,,,0.0,16.8,100.0,0.0
2025-06-10,,,,,,,,,,,,,0.0,13.0,100.0,0.0
2025-06-11,,,,,,,,,,0.0,2.9,100.0,0.0,7.8,100.0,0.0
2025-06-12,,,,0.0,0.6,100.0,,,,0.0,1.0,100.0,0.0,6.4,100.0,0.0
2025-06-13,0.0,1.7,90.3,,,,,,,,,,0.0,6.1,100.0,0.0
2025-06-14,0.0,1.5,90.4,,,,,,,,,,0.0,5.1,100.0,0.0
2025-06-15,0.0,1.9,90.3,,,,,,,0.0,0.5,100.0,0.0,3.6,100.0,0.0
2025-06-16,,,,,,,,,,,,,0.0,4.1,100.0,0.0
2025-06-17,,,,0.0,0.1,100.0,,,,,,,0.0,3.6,100.0,0.0
2025-06-18,,,,,,,,,,,,,0.0,3.4,100.0,0.0
2025-06-19,0.0,2.1,90.1,0.0,0.0,100.0,,,,0.0,0.1,100.0,0.0,2.2,100.0,0.0
2025-06-20,0.0,1.0,90.6,,,,,,,,,,0.0,2.9,100.0,0.0
2025-06-21,0.0,1.0,90.9,,,,,,,,,,0.0,2.5,100.0,0.0
2025-06-22,,,,0.0,0.0,100.0,,,,,,,0.0,2.5,100.0,0.0
2025-06-23,,,,,,,,,,,,,0.0,2.5,100.0,0.0
2025-06-24,,,,,,,,,,,,,0.0,2.2,100.0,0.0
2025-06-25,0.0,0.7,90.6,,,,,,,,,,0.0,1.7,100.0,0.0
2025-06-26,0.0,0.8,90.3,,,,,,,,,,0.0,2.1,100.0,0.0
2025-06-27,0.0,0.9,90.6,0.0,0.0,82.8,,,,0.0,0.0,100.0,0.0,1.4,100.0,0.0
2025-06-28,,,,,,,,,,,,,0.0,1.6,100.0,0.0
2025-06-29,,,,0.0,0.0,99.7,,,,,,,0.0,1.0,100.0,0.0
2025-06-30,,,,,,,,,,,,,0.0,1.4,100.0,0.0
2025-07-01,0.0,0.6,90.6,,,,,,,0.0,0.0,100.0,0.0,1.1,100.0,0.0
2025-07-02,0.0,0.4,90.3,,,,,,,,,,0.0,1.5,100.0,0.0
2025-07-03,0.0,0.7,90.8,,,,,,,0.0,0.0,100.0,0.0,1.0,100.0,0.0
2025-07-04,,,,,,,,,,0.0,0.0,100.0,0.0,1.4,100.0,0.0
2025-07-05,,,,,,,,,,,,,0.0,1.3,100.0,0.0
2025-07-06,,,,,,,,,,,,,0.0,1.8,100.0,0.0
2025-07-07,0.0,0.4,90.1,0.0,0.0,86.8,,,,,,,0.0,1.4,100.0,0.0
2025-07-08,0.0,0.5,90.6,,,,,,,,,,0.0,1.7,100.0,0.0
2025-07-09,0.0,0.3,90.4,0.0,0.0,100.0,,,,,,,0.0,1.2,100.0,0.0
2025-07-10,,,,,,,,,,,,,0.0,1.5,100.0,0.0
2025-07-11,,,,,,,,,,0.0,0.0,100.0,0.0,0.9,100.0,0.0
2025-07-12,,,,0.0,0.0,100.0,,,,,,,0.0,0.9,100.0,0.0
2025-07-13,0.0,0.4,90.3,,,,,,,,,,0.0,0.7,100.0,0.0
2025-07-14,0.2,0.6,90.6,,,,,,,,,,0.0,0.7,100.0,0.0
2025-07-15,0.0,0.8,90.3,,,,,,,,,,0.0,0.6,100.0,0.0
2025-07-16,,,,,,,,,,,,,0.0,0.7,100.0,0.0
2025-07-17,,,,0.0,0.0,100.0,,,,,,,0.0,0.4,100.0,0.0
2025-07-18,,,,,,,,,,,,,0.0,0.3,100.0,0.0
2025-07-19,0.0,1.2,90.8,,,,,,,,,,0.0,0.1,100.0,0.0
2025-07-20,0.0,1.6,90.8,,,,,,,,,,0.0,0.2,100.0,0.0
2025-07-21,0.0,2.6,90.6,,,,,,,,,,0.0,0.1,100.0,0.0
2025-07-22,,,,0.0,0.0,100.0,,,,,,,0.0,0.1,100.0,0.0
2025-07-23,,,,,,,,,,,,,0.0,0.1,100.0,0.0
2025-07-24,,,,,,,,,,,,,0.0,0.1,100.0,0.0
2025-07-25,0.5,4.6,90.4,,,,,,,,,,0.0,0.1,100.0,0.0
2025-07-26,0.0,0.6,71.5,,,,,,,,,,0.0,0.1,100.0,0.0
2025-07-27,0.0,0.6,71.1,0.0,0.0,70.0,,,,,,,0.0,0.1,100.0,0.0
2025-07-28,,,,,,,,,,,,,0.0,0.2,100.0,0.0
2025-07-29,,,,0.0,0.0,100.0,,,,,,,0.0,0.2,100.0,0.0
2025-07-30,,,,,,,,,,,,,0.0,0.2,100.0,0.0
2025-07-31,0.0,0.7,67.5,,,,,,,,,,0.0,0.1,100.0,0.0
2025-08-01,0.0,0.7,69.0,0.0,0.0,58.7,0.0,0.0,83.8,,,,0.0,0.1,100.0,0.0
2025-08-02,0.0,0.3,69.8,,,,,,,,,,0.0,0.1,100.0,0.0
2025-08-03,,,,,,,,,,0.0,0.0,100.0,0.0,0.1,100.0,0.0
2025-08-04,,,,,,,,,,,,,0.0,0.1,100.0,0.0
2025-08-05,,,,,,,,,,,,,0.0,0.1,100.0,0.0
2025-08-06,0.0,0.2,69.1,,,,,,,,,,0.0,0.1,100.0,0.0
2025-08-07,,,,,,,,,,0.0,0.0,100.0,0.0,0.1,100.0,0.0
2025-08-08,0.0,0.2,71.5,0.0,0.0,100.0,,,,,,,0.0,0.1,100.0,0.0
2025-08-09,,,,,,,0.0,0.0,75.7,,,,0.0,0.1,100.0,0.0
2025-08-10,,,,,,,,,,0.0,0.0,100.0,0.0,0.0,100.0,0.0
2025-08-11,,,,0.0,0.0,95.7,,,,0.0,0.0,100.0,0.0,0.0,100.0,0.0
2025-08-12,0.0,0.1,71.5,,,,,,,,,,0.0,0.0,100.0,0.0
2025-08-13,0.0,0.1,71.0,,,,,,,,,,0.0,0.0,100.0,0.0
2025-08-14,0.0,0.1,71.5,,,,,,,0.0,0.0,100.0,0.0,0.0,100.0,0.0
2025-08-15,,,,,,,,,,0.0,0.0,100.0,0.0,0.0,100.0,0.0
2025-08-16,,,,0.0,0.0,100.0,,,,,,,0.0,0.0,100.0,0.0
2025-08-17,,,,,,,0.0,0.0,100.0,,,,0.0,0.0,100.0,0.0
2025-08-18,0.0,0.1,71.5,0.0,0.0,55.0,,,,0.0,0.0,100.0,0.0,0.0,100.0,0.0
2025-08-19,0.0,0.1,71.5,,,,,,,,,,0.0,0.0,100.0,0.0
2025-08-20,0.0,0.1,70.6,,,,,,,,,,0.0,0.0,100.0,0.0
2025-08-21,,,,,,,,,,,,,0.0,0.0,100.0,0.0
2025-08-22,,,,,,,,,,0.0,0.0,100.0,0.0,0.0,100.0,0.0
2025-08-23,,,,,,,,,,,,,0.0,0.0,100.0,0.0
2025-08-24,0.0,0.1,71.5,,,,,,,,,,0.0,0.0,100.0,0.0
2025-08-25,0.0,0.1,71.3,,,,0.0,0.0,100.0,,,,0.0,0.0,100.0,0.0
2025-08-26,0.0,0.2,71.5,0.0,0.0,100.0,,,,0.0,0.0,100.0,0.0,0.0,100.0,0.0
2025-08-27,,,,,,,,,,,,,0.0,0.0,100.0,0.0
2025-08-28,,,,,,,,,,,,,0.0,0.0,100.0,0.0
2025-08-29,,,,,,,,,,0.0,0.0,100.0,0.0,0.1,100.0,0.0
2025-08-30,0.0,0.3,71.3,,,,,,,,,,0.0,0.0,100.0,0.0
2025-08-31,0.0,0.4,71.3,0.0,0.0,100.0,,,,,,,0.0,0.0,100.0,0.0
2025-09-01,0.0,0.7,71.1,,,,,,,,,,0.0,0.0,100.0,0.0
2025-09-02,,,,,,,0.0,0.0,100.0,,,,0.0,0.1,100.0,0.0
2025-09-03,,,,,,,,,,,,,0.0,0.1,100.0,0.0
2025-09-04,,,,,,,,,,,,,0.0,0.1,100.0,0.0
2025-09-05,0.0,1.1,71.3,0.0,0.0,76.9,,,,0.0,0.0,100.0,0.0,0.1,100.0,0.0
2025-09-06,0.0,1.7,71.3,,,,,,,,,,0.0,0.1,100.0,0.0
2025-09-07,0.0,1.0,71.3,0.0,0.0,100.0,,,,,,,0.0,0.1,100.0,0.0
2025-09-08,,,,,,,,,,,,,0.0,0.1,100.0,0.0
2025-09-09,,,,,,,,,,,,,0.0,0.2,100.0,0.0
2025-09-10,,,,,,,,,,,,,0.0,0.3,100.0,0.0
2025-09-11,0.0,1.2,71.0,,,,,,,,,,0.0,0.2,100.0,0.0
2025-09-12,0.0,1.3,71.3,,,,,,,,,,0.0,0.1,100.0,0.0
2025-09-13,0.0,2.0,71.0,,,,,,,0.0,0.0,40.8,0.0,0.1,100.0,0.0
2025-09-14,,,,,,,,,,,,,0.0,0.1,100.0,0.0
2025-09-15,,,,,,,,,,,,,0.0,0.1,100.0,0.0
2025-09-16,,,,,,,,,,,,,0.0,0.1,100.0,0.0
2025-09-17,0.0,1.8,71.1,0.0,0.0,100.0,,,,0.0,0.0,100.0,0.0,0.1,100.0,0.0
2025-09-18,0.0,2.7,71.1,,,,0.0,0.0,100.0,,,,0.0,0.1,100.0,0.0
2025-09-19,0.0,4.8,71.5,,,,,,,,,,0.0,0.0,100.0,0.0
2025-09-20,,,,0.0,0.0,100.0,,,,,,,0.0,0.1,100.0,0.0
2025-09-21,,,,,,,,,,,,,0.0,0.1,100.0,0.0
2025-09-22,,,,,,,,,,,,,0.0,0.2,100.0,0.0
2025-09-23,1.2,13.5,71.5,,,,,,,,,,0.0,0.2,100.0,0.0
2025-09-24,21.3,22.3,71.3,,,,,,,,,,0.0,0.2,100.0,0.0
2025-09-25,0.0,3.6,38.0,,,,,,,0.0,0.0,100.0,0.0,0.2,100.0,0.0
2025-09-26,,,,,,,,,,,,,0.0,0.5,100.0,0.0
2025-09-27,,,,0.0,0.1,100.0,,,,,,,0.0,0.3,100.0,0.0
2025-09-28,,,,,,,,,,,,,0.0,0.3,100.0,0.0
2025-09-29,0.0,2.4,38.0,,,,,,,0.0,0.0,100.0,0.0,0.3,100.0,0.0
2025-09-30,0.0,2.6,38.0,,,,,,,,,,0.0,0.4,100.0,0.0
2025-10-01,0.0,3.3,38.0,,,,,,,,,,0.0,0.4,100.0,0.0
2025-10-02,,,,,,,,,,0.0,0.0,100.0,0.0,0.3,100.0,0.0
2025-10-03,,,,,,,,,,,,,0.0,0.3,100.0,0.0
2025-10-04,,,,,,,,,,,,,0.0,0.4,100.0,0.0
2025-10-05,0.0,5.3,38.0,0.0,0.0,100.0,,,,,,,0.0,0.4,100.0,0.0
2025-10-06,0.0,2.9,38.0,,,,,,,0.0,0.0,100.0,0.0,0.2,100.0,0.0
2025-10-07,0.0,2.7,38.0,0.0,0.0,100.0,,,,0.0,0.0,100.0,0.0,0.2,100.0,0.0
2025-10-08,,,,,,,,,,,,,0.0,0.3,100.0,0.0
2025-10-09,,,,,,,,,,,,,0.0,0.2,100.0,0.0
2025-10-10,,,,0.0,0.0,100.0,,,,0.0,0.0,100.0,0.0,0.1,100.0,0.0
2025-10-11,0.0,2.6,38.0,,,,,,,0.0,0.0,100.0,0.0,0.2,100.0,0.0
2025-10-12,0.0,4.2,38.0,,,,0.0,0.0,100.0,,,,0.0,0.2,100.0,0.0
2025-10-13,0.0,5.0,38.0,,,,,,,,,,0.0,0.2,100.0,0.0
2025-10-14,,,,,,,,,,0.0,0.0,100.0,0.0,0.1,100.0,0.0
2025-10-15,,,,0.0,0.0,100.0,,,,,,,0.0,0.2,100.0,0.0
2025-10-16,,,,,,,,,,,,,0.0,0.4,100.0,0.0
2025-10-17,0.0,2.8,38.0,0.0,0.0,100.0,,,,,,,0.0,0.4,100.0,0.0
2025-10-18,0.0,2.5,38.0,,,,,,,0.0,0.0,100.0,0.0,0.3,100.0,0.0
2025-10-19,0.0,1.7,38.0,,,,,,,,,,0.0,0.6,100.0,0.0
2025-10-20,,,,,,,,,,,,,0.0,1.0,100.0,0.0
2025-10-21,,,,,,,,,,,,,0.0,0.9,100.0,0.0
2025-10-22,,,,,,,,,,0.0,0.1,100.0,0.0,0.5,100.0,0.0
2025-10-23,0.0,1.5,38.0,,,,,,,,,,0.0,0.8,100.0,0.0
2025-10-24,0.0,1.7,38.0,,,,,,,,,,0.0,1.0,100.0,0.0
2025-10-25,0.0,1.2,38.0,,,,,,,,,,0.0,0.7,100.0,0.0
2025-10-26,,,,,,,,,,,,,0.0,0.7,100.0,0.0
2025-10-27,,,,,,,,,,0.0,0.2,100.0,0.0,0.8,100.0,0.0
2025-10-28,,,,,,,0.0,0.1,90.1,,,,0.0,1.4,100.0,0.0
2025-10-29,0.0,2.2,38.0,,,,,,,,,,0.0,1.1,100.0,0.0
2025-10-30,0.0,1.7,38.0,0.0,0.1,100.0,,,,,,,0.0,1.1,100.0,0.0
2025-10-31,0.0,1.5,38.0,,,,,,,,,,0.0,1.6,100.0,0.0
2025-11-01,,,,,,,,,,,,,0.0,2.3,100.0,0.0
2025-11-02,,,,,,,,,,,,,0.0,1.8,100.0,0.0
2025-11-03,,,,,,,,,,,,,0.0,2.3,100.0,0.0
2025-11-04,0.0,0.9,38.0,0.0,0.2,100.0,,,,,,,0.0,2.2,100.0,0.0
2025-11-05,0.0,0.9,38.0,,,,0.0,0.4,70.6,0.0,0.3,100.0,0.0,2.7,100.0,0.0
2025-11-06,0.0,0.8,38.0,,,,,,,0.0,0.3,100.0,0.0,2.5,100.0,0.0
2025-11-07,,,,,,,,,,,,,0.0,3.0,100.0,0.0
2025-11-08,,,,,,,,,,,,,0.0,3.3,100.0,0.0
2025-11-09,,,,0.0,0.7,100.0,,,,0.0,0.8,100.0,0.0,3.3,100.0,0.0
2025-11-10,0.0,0.7,38.0,,,,,,,,,,0.0,3.7,100.0,0.0
2025-11-11,0.0,0.9,38.0,,,,,,,,,,0.0,3.9,100.0,0.0
2025-11-12,0.0,0.5,38.0,,,,,,,,,,0.0,4.9,100.0,0.0
2025-11-13,,,,,,,,,,,,,0.0,6.4,100.0,0.0
2025-11-14,,,,,,,,,,,,,0.0,6.3,100.0,0.0
2025-11-15,,,,,,,,,,,,,0.0,6.1,100.0,0.0
2025-11-16,0.0,1.1,38.0,,,,,,,,,,0.0,7.3,100.0,0.0
2025-11-17,,,,,,,,,,0.0,6.3,100.0,0.0,6.4,100.0,0.0
2025-11-18,0.0,1.7,38.0,,,,,,,,,,0.0,8.7,100.0,0.0
2025-11-19,,,,0.0,1.4,100.0,,,,,,,0.0,10.1,100.0,0.0
2025-11-20,,,,,,,,,,,,,0.0,15.1,100.0,0.0
2025-11-21,,,,,,,,,,0.0,10.4,100.0,0.0,16.9,100.0,0.0
2025-11-22,0.0,4.1,38.0,,,,,,,0.0,9.5,100.0,0.0,23.2,100.0,0.0
2025-11-23,0.0,7.8,38.0,,,,,,,,,,0.3,30.2,100.0,0.3
2025-11-24,2.2,17.0,38.0,,,,,,,,,,0.8,34.3,100.0,0.8
2025-11-25,,,,,,,,,,,,,5.8,42.1,100.0,5.8
2025-11-26,,,,0.7,5.4,100.0,,,,11.4,28.8,100.0,21.6,48.3,100.0,21.6
2025-11-27,,,,,,,,,,,,,44.6,57.2,100.0,44.6
2025-11-28,89.1,61.3,38.0,,,,,,,,,,67.7,62.2,100.0,67.7
2025-11-29,98.0,73.9,98.5,9.4,24.7,100.0,33.7,34.6,98.8,29.2,38.2,100.0,92.9,71.1,100.0,92.9
2025-11-30,99.3,80.4,97.9,,,,,,,,,,91.7,72.6,100.0,91.7
2025-12-01,,,,,,,,,,,,,96.0,76.3,100.0,96.0
2025-12-02,,,,,,,,,,,,,94.4,77.4,100.0,94.4
2025-12-03,,,,,,,,,,58.8,52.4,100.0,97.5,82.1,100.0,97.5
2025-12-04,99.3,84.8,98.3,,,,,,,82.8,66.8,100.0,97.0,84.4,100.0,97.0
2025-12-05,,,,,,,,,,,,,98.3,87.5,100.0,98.3
2025-12-06,99.7,88.7,98.2,92.1,77.1,100.0,,,,,,,98.5,90.2,100.0,98.5
2025-12-07,,,,,,,,,,81.5,64.4,100.0,98.5,90.8,100.0,98.5
2025-12-08,,,,,,,,,,98.2,77.7,100.0,98.5,91.8,100.0,98.5
2025-12-09,,,,98.0,95.6,100.0,,,,,,,99.7,93.8,100.0,99.7
2025-12-10,99.8,91.3,98.0,,,,,,,,,,99.2,94.3,100.0,99.2
2025-12-11,100.0,93.4,94.9,,,,,,,,,,99.3,94.7,100.0,99.3
2025-12-12,99.8,91.9,96.9,,,,,,,95.7,83.6,100.0,99.8,95.4,100.0,99.8
2025-12-13,,,,,,,,,,,,,100.0,95.7,100.0,100.0
2025-12-14,,,,96.9,95.0,100.0,,,,,,,100.0,96.5,100.0,100.0
2025-12-15,,,,,,,,,,,,,100.0,96.6,100.0,100.0
2025-12-16,100.0,93.2,97.5,,,,,,,,,,100.0,96.9,100.0,100.0
2025-12-17,100.0,93.7,99.8,,,,,,,,,,100.0,98.1,100.0,100.0
2025-12-18,100.0,95.1,99.2,,,,,,,,,,100.0,98.1,100.0,100.0
2025-12-19,,,,96.5,94.4,100.0,,,,,,,100.0,97.9,100.0,100.0
2025-12-20,,,,,,,,,,100.0,95.4,100.0,100.0,97.8,100.0,100.0
2025-12-21,,,,,,,,,,,,,100.0,97.8,100.0,100.0
2025-12-22,100.0,95.0,99.5,,,,,,,,,,100.0,98.1,100.0,100.0
2025-12-23,99.8,94.8,99.7,,,,,,,100.0,97.4,100.0,100.0,97.9,100.0,100.0
2025-12-24,100.0,96.0,99.3,,,,,,,,,,100.0,98.0,100.0,100.0
2025-12-25,,,,,,,,,,,,,100.0,98.3,100.0,100.0
2025-12-26,,,,,,,,,,,,,100.0,98.5,100.0,100.0
2025-12-27,,,,,,,,,,100.0,97.7,100.0,100.0,98.5,100.0,100.0
2025-12-28,100.0,97.2,97.9,,,,,,,,,,100.0,98.7,100.0,100.0
2025-12-29,100.0,95.3,99.0,94.4,91.9,100.0,,,,,,,100.0,98.8,100.0,100.0
2025-12-30,100.0,96.1,98.3,,,,,,,,,,100.0,98.8,100.0,100.0
2025-12-31,,,,,,,100.0,100.0,100.0,,,,100.0,98.8,100.0,100.0
2026-01-01,,,,,,,,,,,,,100.0,99.8,100.0,100.0
2026-01-02,,,,,,,,,,,,,100.0,99.9,100.0,100.0
2026-01-03,100.0,99.1,99.2,97.7,94.2,100.0,,,,100.0,99.4,100.0,100.0,99.9,100.0,100.0
2026-01-04,100.0,99.4,99.6,,,,,,,,,,100.0,99.9,100.0,100.0
2026-01-05,100.0,99.5,98.1,99.4,97.3,100.0,,,,,,,100.0,99.9,100.0,100.0
2026-01-06,,,,,,,,,,,,,100.0,99.9,100.0,100.0
2026-01-07,,,,,,,,,,100.0,99.8,100.0,100.0,99.9,100.0,100.0
2026-01-08,,,,,,,,,,,,,100.0,99.9,100.0,100.0
2026-01-09,100.0,99.6,98.5,,,,,,,,,,100.0,99.9,100.0,100.0
2026-01-10,100.0,99.6,99.4,,,,,,,,,,100.0,99.9,100.0,100.0
2026-01-11,100.0,99.7,97.9,,,,,,,,,,100.0,99.9,100.0,100.0
2026-01-12,,,,,,,,,,100.0,99.8,100.0,100.0,99.9,100.0,100.0
2026-01-13,,,,99.8,98.0,100.0,,,,,,,100.0,99.9,100.0,100.0
2026-01-14,,,,,,,,,,,,,100.0,99.8,100.0,100.0
2026-01-15,100.0,99.8,98.1,,,,,,,100.0,99.9,100.0,100.0,99.8,100.0,100.0
2026-01-16,100.0,99.8,98.9,,,,,,,,,,100.0,99.7,100.0,100.0
2026-01-17,100.0,99.9,96.8,,,,,,,,,,100.0,99.7,100.0,100.0
2026-01-18,,,,,,,,,,,,,100.0,99.7,100.0,100.0
2026-01-19,,,,,,,,,,100.0,99.9,100.0,100.0,99.6,100.0,100.0
2026-01-20,,,,,,,,,,,,,100.0,99.5,100.0,100.0
2026-01-21,100.0,99.9,98.5,,,,,,,,,,100.0,99.6,100.0,100.0
2026-01-22,100.0,99.9,99.1,,,,,,,,,,100.0,99.5,100.0,100.0
2026-01-23,100.0,100.0,97.0,,,,,,,,,,100.0,99.4,100.0,100.0
2026-01-24,,,,,,,,,,,,,100.0,99.2,100.0,100.0
2026-01-25,,,,,,,,,,,,,100.0,99.3,100.0,100.0
2026-01-26,,,,,,,,,,,,,100.0,99.5,100.0,100.0
2026-01-27,100.0,100.0,98.7,,,,,,,,,,100.0,99.6,100.0,100.0
2026-01-28,100.0,100.0,98.9,,,,,,,,,,100.0,99.8,100.0,100.0
2026-01-29,100.0,100.0,96.0,,,,,,,,,,100.0,99.9,100.0,100.0
2026-01-30,,,,,,,,,,,,,100.0,99.9,100.0,100.0
2026-01-31,,,,,,,,,,100.0,100.0,100.0,100.0,99.9,100.0,100.0
2026-02-01,,,,,,,100.0,100.0,100.0,100.0,99.9,100.0,100.0,99.9,100.0,100.0
2026-02-02,100.0,100.0,97.7,100.0,99.4,100.0,,,,,,,100.0,100.0,100.0,100.0
2026-02-03,100.0,100.0,97.2,,,,,,,,,,100.0,100.0,100.0,100.0
2026-02-04,100.0,100.0,90.2,,,,,,,100.0,99.9,100.0,100.0,99.9,100.0,100.0
2026-02-05,,,,,,,,,,,,,100.0,99.9,100.0,100.0
2026-02-06,,,,,,,,,,,,,100.0,99.9,100.0,100.0
2026-02-07,,,,100.0,99.5,100.0,,,,,,,100.0,99.9,100.0,100.0
2026-02-08,100.0,100.0,82.4,,,,,,,100.0,99.9,100.0,100.0,99.9,100.0,100.0
2026-02-09,100.0,100.0,82.0,,,,100.0,100.0,100.0,100.0,99.8,100.0,100.0,99.9,100.0,100.0
2026-02-10,100.0,100.0,86.4,,,,,,,,,,100.0,99.9,100.0,100.0
2026-02-11,,,,,,,,,,,,,100.0,99.9,100.0,100.0
2026-02-12,,,,,,,,,,,,,100.0,99.9,100.0,100.0
2026-02-13,,,,,,,,,,,,,100.0,99.9,100.0,100.0
2026-02-14,100.0,100.0,89.8,,,,,,,,,,100.0,99.9,100.0,100.0
2026-02-15,100.0,100.0,98.5,,,,,,,,,,100.0,99.8,100.0,100.0
2026-02-16,100.0,100.0,97.0,,,,,,,100.0,99.8,100.0,100.0,99.9,100.0,100.0
2026-02-17,,,,,,,,,,100.0,99.9,100.0,100.0,99.8,100.0,100.0
2026-02-18,,,,,,,,,,,,,100.0,99.8,100.0,100.0
2026-02-19,,,,,,,,,,,,,100.0,99.8,100.0,100.0
2026-02-20,100.0,99.9,97.9,,,,,,,,,,100.0,99.8,100.0,100.0
2026-02-21,100.0,99.9,98.5,,,,,,,100.0,99.8,77.1,100.0,99.8,100.0,100.0
2026-02-22,100.0,99.7,97.5,100.0,98.9,100.0,,,,,,,100.0,99.9,100.0,100.0
2026-02-23,,,,,,,,,,,,,100.0,99.8,100.0,100.0
2026-02-24,,,,,,,,,,,,,100.0,99.8,100.0,100.0
2026-02-25,,,,,,,100.0,100.0,96.6,,,,100.0,99.8,100.0,100.0
2026-02-26,100.0,99.6,97.5,,,,,,,,,,100.0,99.9,100.0,100.0
2026-02-27,100.0,99.2,98.9,99.6,98.3,100.0,,,,,,,100.0,99.8,100.0,100.0
2026-02-28,100.0,98.9,98.5,,,,,,,,,,100.0,99.9,100.0,100.0
2026-03-01,,,,,,,,,,100.0,99.8,98.3,100.0,99.8,100.0,100.0
2026-03-02,,,,,,,,,,,,,100.0,99.8,100.0,100.0
2026-03-03,,,,,,,,,,,,,100.0,99.7,100.0,100.0
2026-03-04,100.0,98.3,97.2,99.8,98.8,100.0,,,,,,,100.0,99.8,100.0,100.0
2026-03-05,100.0,97.0,99.4,,,,,,,,,,100.0,99.7,100.0,100.0
2026-03-06,100.0,95.8,99.8,,,,,,,,,,100.0,99.6,100.0,100.0
2026-03-07,,,,,,,,,,,,,100.0,99.5,100.0,100.0
2026-03-08,,,,,,,,,,100.0,99.8,72.3,100.0,99.5,100.0,100.0
2026-03-09,,,,,,,,,,,,,100.0,99.4,100.0,100.0
2026-03-10,100.0,95.8,97.9,,,,,,,100.0,99.8,100.0,100.0,99.5,100.0,100.0
2026-03-11,100.0,94.6,99.1,,,,,,,,,,100.0,99.5,100.0,100.0
2026-03-12,100.0,95.4,98.3,,,,,,,,,,100.0,99.6,100.0,100.0
2026-03-13,,,,,,,100.0,99.4,100.0,,,,100.0,99.6,100.0,100.0
2026-03-14,,,,,,,,,,,,,100.0,99.5,100.0,100.0
2026-03-15,,,,,,,,,,,,,100.0,99.6,100.0,100.0
2026-03-16,100.0,96.6,97.5,100.0,99.7,100.0,,,,,,,100.0,99.7,100.0,100.0
2026-03-17,100.0,97.4,97.5,,,,,,,100.0,99.9,100.0,100.0,99.7,100.0,100.0
2026-03-18,100.0,97.8,99.2,,,,,,,,,,100.0,99.7,100.0,100.0
2026-03-19,,,,100.0,99.6,100.0,,,,,,,100.0,99.8,100.0,100.0
2026-03-20,,,,,,,,,,100.0,99.9,100.0,100.0,99.7,100.0,100.0
2026-03-21,,,,,,,100.0,99.5,100.0,100.0,99.8,100.0,100.0,99.8,100.0,100.0
2026-03-22,100.0,98.7,98.5,,,,,,,,,,100.0,99.8,100.0,100.0
2026-03-23,100.0,99.0,98.9,,,,,,,,,,100.0,99.8,100.0,100.0
2026-03-24,100.0,99.1,97.0,,,,,,,100.0,99.8,100.0,100.0,99.8,100.0,100.0
2026-03-25,,,,,,,,,,100.0,99.8,100.0,100.0,99.8,100.0,100.0
2026-03-26,,,,,,,,,,,,,100.0,99.8,100.0,100.0
2026-03-27,,,,,,,,,,,,,100.0,99.8,100.0,100.0
2026-03-28,100.0,99.2,97.7,,,,,,,100.0,99.8,100.0,100.0,99.9,100.0,100.0
2026-03-29,100.0,98.7,99.6,100.0,99.8,100.0,100.0,99.7,100.0,100.0,99.8,100.0,100.0,99.9,100.0,100.0
2026-03-30,100.0,98.3,98.9,,,,,,,,,,100.0,99.9,100.0,100.0
2026-03-31,,,,,,,,,,,,,100.0,99.9,100.0,100.0
2026-04-01,,,,,,,,,,100.0,99.7,100.0,100.0,99.9,100.0,100.0
2026-04-02,,,,,,,,,,100.0,99.6,100.0,100.0,99.8,100.0,100.0
2026-04-03,100.0,98.1,97.5,100.0,99.3,100.0,,,,,,,100.0,99.9,100.0,100.0
2026-04-04,100.0,96.4,98.9,,,,,,,,,,100.0,99.8,100.0,100.0
2026-04-05,100.0,94.7,99.2,100.0,99.3,100.0,,,,100.0,99.1,100.0,100.0,99.8,100.0,100.0
2026-04-06,,,,,,,100.0,99.7,93.4,100.0,98.4,100.0,100.0,99.8,100.0,100.0
2026-04-07,,,,,,,,,,,,,100.0,99.7,100.0,100.0
2026-04-08,,,,100.0,98.8,100.0,,,,,,,100.0,99.7,100.0,100.0
2026-04-09,100.0,92.6,99.2,,,,,,,100.0,98.0,100.0,100.0,99.6,100.0,100.0
2026-04-10,99.8,91.2,99.8,,,,,,,,,,100.0,99.5,100.0,100.0
2026-04-11,99.4,90.1,99.4,,,,,,,,,,100.0,99.5,100.0,100.0
2026-04-12,,,,,,,,,,,,,100.0,99.3,100.0,100.0
2026-04-13,,,,,,,,,,,,,100.0,99.3,100.0,100.0
2026-04-14,,,,,,,100.0,99.0,91.5,100.0,97.2,100.0,100.0,99.4,100.0,100.0
2026-04-15,98.1,86.2,99.6,100.0,99.1,100.0,,,,,,,100.0,99.4,100.0,100.0
2026-04-16,93.7,77.6,99.8,,,,,,,,,,100.0,99.3,100.0,100.0
2026-04-17,97.5,84.2,99.6,,,,,,,100.0,97.2,100.0,100.0,99.3,100.0,100.0
2026-04-18,92.9,77.2,98.9,100.0,99.1,100.0,,,,100.0,97.7,100.0,100.0,99.4,100.0,100.0
2026-04-19,,,,,,,,,,,,,100.0,99.2,100.0,100.0
2026-04-20,,,,,,,,,,,,,100.0,99.1,100.0,100.0
2026-04-21,92.8,73.7,99.8,,,,,,,,,,100.0,99.1,100.0,100.0
2026-04-22,48.5,41.9,99.8,,,,100.0,99.6,63.8,,,,100.0,99.1,100.0,100.0
2026-04-23,9.3,25.0,99.6,100.0,99.3,100.0,,,,,,,100.0,99.1,100.0,100.0
2026-04-24,,,,,,,,,,,,,100.0,98.7,100.0,100.0
2026-04-25,,,,100.0,98.9,100.0,,,,100.0,96.1,100.0,100.0,98.7,100.0,100.0
2026-04-26,,,,,,,,,,100.0,95.1,100.0,100.0,98.0,100.0,100.0
2026-04-27,4.0,14.2,99.8,,,,,,,100.0,92.4,100.0,100.0,97.7,100.0,100.0
2026-04-28,2.7,10.6,99.6,,,,,,,,,,100.0,97.1,100.0,100.0
2026-04-29,2.6,9.4,99.8,,,,,,,,,,100.0,97.0,100.0,100.0
2026-04-30,1.5,8.0,99.8,,,,,,,100.0,94.8,100.0,100.0,95.4,100.0,100.0
2026-05-01,,,,,,,,,,,,,100.0,94.7,100.0,100.0
2026-05-02,,,,,,,,,,,,,100.0,93.4,100.0,100.0
2026-05-03,2.1,10.0,99.8,,,,,,,,,,100.0,92.1,100.0,100.0
2026-05-04,1.6,8.8,99.8,,,,,,,,,,99.1,89.1,100.0,99.1
2026-05-05,2.5,11.8,99.1,,,,,,,,,,98.9,89.0,100.0,98.9
2026-05-06,,,,,,,,,,,,,98.3,88.9,100.0,98.3
2026-05-07,,,,,,,,,,100.0,93.8,100.0,98.7,92.4,100.0,98.7
2026-05-08,,,,,,,,,,,,,98.3,92.7,100.0,98.3
2026-05-09,2.1,11.9,98.5,,,,,,,,,,99.1,94.5,100.0,99.1
2026-05-10,,,,,,,,,,,,,99.1,95.0,100.0,99.1
2026-05-11,1.7,7.9,99.8,,,,,,,100.0,93.3,99.1,99.2,96.0,100.0,99.2
2026-05-12,2.1,9.6,97.7,,,,,,,,,,99.2,96.1,100.0,99.2
2026-05-13,,,,100.0,99.5,96.4,,,,,,,99.6,97.1,100.0,99.6
2026-05-14,,,,,,,,,,,,,99.6,96.8,100.0,99.6
2026-05-15,5.6,18.3,97.5,100.0,99.0,51.7,,,,,,,99.6,97.2,100.0,99.6
2026-05-16,2.9,11.6,99.2,,,,,,,,,,99.8,97.2,100.0,99.8
2026-05-17,4.7,16.4,97.7,,,,,,,,,,100.0,97.3,100.0,100.0
2026-05-18,,,,,,,,,,,,,100.0,97.1,100.0,100.0
2026-05-19,,,,,,,,,,99.8,87.9,100.0,100.0,97.3,100.0,100.0
2026-05-20,,,,,,,,,,,,,100.0,97.0,100.0,100.0
2026-05-21,4.7,19.0,97.2,,,,,,,,,,100.0,97.3,100.0,100.0
2026-05-22,13.9,26.7,98.1,,,,,,,97.7,80.8,66.7,100.0,96.6,100.0,100.0
2026-05-23,9.4,22.6,99.2,100.0,96.9,100.0,,,,96.4,75.7,100.0,100.0,96.8,100.0,100.0
2026-05-24,4.7,17.0,97.7,,,,99.7,95.2,33.7,,,,100.0,94.7,100.0,100.0
2026-05-25,,,,99.4,92.3,100.0,,,,,,,100.0,94.3,100.0,100.0
2026-05-26,,,,,,,,,,69.5,55.7,100.0,100.0,91.1,100.0,100.0
2026-05-27,2.7,12.7,97.5,,,,,,,53.6,47.5,100.0,99.6,89.5,100.0,99.6
2026-05-28,0.9,7.0,100.0,78.2,65.9,100.0,,,,,,,97.3,82.8,100.0,97.3
2026-05-29,0.0,3.5,99.4,,,,,,,,,,94.5,79.0,100.0,94.5
2026-05-30,,,,,,,,,,,,,89.8,75.3,100.0,89.8
2026-05-31,,,,,,,,,,,,,86.6,72.7,100.0,86.6
2026-06-01,,,,,,,,,,,,,,,,
2026-06-02,0.4,4.4,99.6,,,,,,,,,,,,,
2026-06-03,0.2,3.3,99.6,,,,,,,3.0,24.5,100.0,,,,
2026-06-04,2.7,5.9,100.0,0.0,3.6,40.9,,,,,,,,,,
2026-06-05,,,,,,,,,,,,,,,,
2026-06-06,,,,,,,,,,,,,,,,
2026-06-07,,,,0.0,1.3,100.0,,,,0.0,8.6,100.0,,,,
2026-06-08,0.2,2.5,99.8,,,,,,,0.0,1.6,100.0,,,,
2026-06-09,0.1,1.6,99.8,,,,,,,,,,,,,
2026-06-10,0.0,1.6,98.3,,,,,,,,,,,,,
2026-06-11,,,,,,,,,,0.0,0.2,100.0,,,,
2026-06-12,,,,0.0,0.1,100.0,,,,0.0,0.1,100.0,,,,
2026-06-13,,,,,,,,,,,,,,,,
2026-06-14,0.0,2.3,99.4,0.0,0.0,100.0,,,,,,,,,,
2026-06-15,,,,,,,,,,0.0,0.0,100.0,,,,
2026-06-16,0.0,1.9,99.8,,,,,,,0.0,0.0,100.0,,,,
2026-06-17,0.0,1.6,98.3,0.0,0.1,100.0,,,,,,,,,,
2026-06-18,,,,,,,,,,,,,,,,
2026-06-19,,,,,,,,,,0.0,0.0,100.0,,,,
2026-06-20,,,,,,,,,,0.0,0.0,100.0,,,,
2026-06-21,0.0,2.3,99.6,,,,,,,,,,,,,
2026-06-22,0.0,3.8,99.4,,,,,,,,,,,,,
2026-06-23,,,,,,,,,,,,,,,,
2026-06-24,,,,0.0,0.0,55.3,,,,,,,,,,
2026-06-25,,,,,,,0.0,0.1,38.6,,,,,,,
2026-06-26,0.0,4.5,99.8,,,,,,,,,,,,,
2026-06-27,0.0,9.2,99.2,0.0,0.1,71.2,,,,0.0,0.0,100.0,,,,
2026-06-28,0.0,11.4,99.4,,,,,,,0.0,0.0,100.0,,,,
2026-06-29,,,,,,,,,,,,,,,,
2026-06-30,,,,,,,,,,,,,,,,
2026-07-01,,,,,,,,,,,,,,,,
2026-07-02,,,,,,,,,,,,,,,,
2026-07-03,,,,,,,,,,,,,,,,
2026-07-04,,,,,,,,,,,,,,,,
2026-07-05,,,,,,,,,,0.0,0.2,100.0,,,,
2026-07-06,,,,,,,,,,,,,,,,
2026-07-07,,,,,,,,,,,,,,,,
2026-07-08,,,,,,,,,,,,,,,,
2026-07-09,,,,,,,,,,0.0,0.4,100.0,,,,
2026-07-10,,,,,,,,,,,,,,,,
2026-07-11,,,,,,,,,,,,,,,,
2026-07-12,,,,,,,,,,,,,,,,
2026-07-13,,,,,,,,,,0.0,4.0,100.0,,,,
2026-07-14,,,,,,,,,,,,,,,,
2026-07-15,,,,,,,,,,,,,,,,
2026-07-16,,,,,,,,,,0.0,8.5,100.0,,,,
