date,s1_ice_cover,s1_ice_probability,s1_data_coverage,s2_ice_cover,s2_ice_probability,s2_data_coverage,landsat_ice_cover,landsat_ice_probability,landsat_data_coverage,ecostress_ice_cover,ecostress_ice_probability,ecostress_data_coverage,stage2_ice_cover,stage2_ice_probability,stage2_data_coverage,stage2_phenology_cover
2015-07-01,99.6,68.7,99.8,,,,,,,,,,0.0,17.5,100.0,0.0
2015-07-02,94.4,57.5,92.2,,,,,,,,,,0.0,14.7,100.0,0.0
2015-07-03,,,,,,,,,,,,,0.0,10.5,100.0,0.0
2015-07-04,,,,,,,,,,,,,0.0,9.4,100.0,0.0
2015-07-05,,,,,,,,,,,,,0.0,6.2,100.0,0.0
2015-07-06,99.6,70.1,99.6,,,,,,,,,,0.0,6.5,100.0,0.0
2015-07-07,,,,,,,,,,,,,0.0,3.7,100.0,0.0
2015-07-08,,,,,,,,,,,,,0.0,3.4,100.0,0.0
2015-07-09,,,,,,,,,,,,,0.0,2.7,100.0,0.0
2015-07-10,,,,,,,,,,,,,0.0,2.7,100.0,0.0
2015-07-11,,,,,,,,,,,,,0.0,2.0,100.0,0.0
2015-07-12,,,,,,,,,,,,,0.0,1.9,100.0,0.0
2015-07-13,85.8,53.6,99.3,,,,0.0,0.0,81.8,,,,0.0,1.6,100.0,0.0
2015-07-14,91.1,56.5,90.0,,,,,,,,,,0.0,1.8,100.0,0.0
2015-07-15,,,,,,,,,,,,,0.0,1.3,100.0,0.0
2015-07-16,,,,,,,,,,,,,0.0,1.1,100.0,0.0
2015-07-17,,,,,,,,,,,,,0.0,1.1,100.0,0.0
2015-07-18,88.3,54.7,100.0,,,,,,,,,,0.0,1.4,100.0,0.0
2015-07-19,,,,,,,,,,,,,0.0,1.3,100.0,0.0
2015-07-20,,,,,,,,,,,,,0.0,1.6,100.0,0.0
2015-07-21,,,,,,,,,,,,,0.0,2.3,100.0,0.0
2015-07-22,,,,,,,,,,,,,0.0,3.1,100.0,0.0
2015-07-23,,,,,,,,,,,,,0.0,4.0,100.0,0.0
2015-07-24,,,,,,,,,,,,,0.0,3.4,100.0,0.0
2015-07-25,20.2,32.0,100.0,,,,,,,,,,0.0,3.9,100.0,0.0
2015-07-26,13.4,25.1,92.6,,,,,,,,,,0.0,4.1,100.0,0.0
2015-07-27,,,,,,,,,,,,,0.0,4.2,100.0,0.0
2015-07-28,,,,,,,,,,,,,0.0,3.8,100.0,0.0
2015-07-29,,,,,,,,,,,,,0.0,4.2,100.0,0.0
2015-07-30,13.0,18.7,99.6,0.0,0.3,100.0,,,,,,,0.0,4.1,100.0,0.0
2015-07-31,,,,,,,,,,,,,0.0,3.4,100.0,0.0
2015-08-01,,,,,,,,,,,,,0.0,2.8,100.0,0.0
2015-08-02,,,,,,,,,,,,,0.0,2.1,100.0,0.0
2015-08-03,,,,,,,,,,,,,0.0,2.2,100.0,0.0
2015-08-04,,,,,,,,,,,,,0.0,2.0,100.0,0.0
2015-08-05,,,,,,,,,,,,,0.0,1.8,100.0,0.0
2015-08-06,6.7,14.8,99.6,,,,,,,,,,0.0,1.6,100.0,0.0
2015-08-07,8.0,14.8,92.8,,,,,,,,,,0.0,2.1,100.0,0.0
2015-08-08,,,,,,,,,,,,,0.0,2.3,100.0,0.0
2015-08-09,,,,,,,,,,,,,0.0,2.5,100.0,0.0
2015-08-10,,,,,,,,,,,,,0.0,2.6,100.0,0.0
2015-08-11,7.6,15.8,99.4,,,,,,,,,,0.0,2.8,100.0,0.0
2015-08-12,,,,,,,,,,,,,0.0,3.2,100.0,0.0
2015-08-13,,,,,,,,,,,,,0.0,2.7,100.0,0.0
2015-08-14,,,,,,,,,,,,,0.0,2.3,100.0,0.0
2015-08-15,,,,,,,,,,,,,0.0,2.0,100.0,0.0
2015-08-16,,,,,,,,,,,,,0.0,2.1,100.0,0.0
2015-08-17,,,,,,,,,,,,,0.0,2.1,100.0,0.0
2015-08-18,9.5,15.2,99.8,,,,,,,,,,0.0,1.9,100.0,0.0
2015-08-19,7.6,14.0,95.4,0.0,0.0,97.4,,,,,,,0.0,1.8,100.0,0.0
2015-08-20,,,,,,,,,,,,,0.0,2.1,100.0,0.0
2015-08-21,,,,,,,,,,,,,0.0,1.9,100.0,0.0
2015-08-22,,,,,,,,,,,,,0.0,1.5,100.0,0.0
2015-08-23,12.3,20.4,99.6,,,,,,,,,,0.0,1.6,100.0,0.0
2015-08-24,,,,,,,,,,,,,0.0,1.5,100.0,0.0
2015-08-25,,,,,,,,,,,,,0.0,1.6,100.0,0.0
2015-08-26,,,,0.0,0.0,100.0,,,,,,,0.0,1.2,100.0,0.0
2015-08-27,,,,,,,,,,,,,0.0,1.4,100.0,0.0
2015-08-28,,,,,,,,,,,,,0.0,1.3,100.0,0.0
2015-08-29,,,,0.0,0.0,100.0,,,,,,,0.0,1.4,100.0,0.0
2015-08-30,14.3,24.3,100.0,,,,0.0,0.0,39.1,,,,0.0,1.2,100.0,0.0
2015-08-31,15.4,29.1,88.9,,,,,,,,,,0.0,1.3,100.0,0.0
2015-09-01,,,,,,,,,,,,,0.0,1.3,100.0,0.0
2015-09-02,,,,,,,,,,,,,0.0,1.6,100.0,0.0
2015-09-03,,,,,,,,,,,,,0.0,1.8,100.0,0.0
2015-09-04,10.3,24.1,94.1,,,,,,,,,,0.0,2.0,100.0,0.0
2015-09-05,,,,,,,,,,,,,0.0,2.2,100.0,0.0
2015-09-06,,,,,,,,,,,,,0.0,2.8,100.0,0.0
2015-09-07,,,,,,,,,,,,,0.0,3.4,100.0,0.0
2015-09-08,,,,0.0,0.0,56.6,,,,,,,0.0,3.4,100.0,0.0
2015-09-09,,,,,,,,,,,,,0.0,3.7,100.0,0.0
2015-09-10,,,,,,,,,,,,,0.0,4.3,100.0,0.0
2015-09-11,16.1,32.3,94.2,,,,,,,,,,0.0,4.6,100.0,0.0
2015-09-12,23.0,35.4,90.2,,,,,,,,,,0.0,4.3,100.0,0.0
2015-09-13,,,,,,,,,,,,,0.0,4.2,100.0,0.0
2015-09-14,,,,,,,,,,,,,0.0,4.4,100.0,0.0
2015-09-15,,,,,,,,,,,,,0.0,5.2,100.0,0.0
2015-09-16,22.9,36.3,93.9,,,,,,,,,,0.0,6.0,100.0,0.0
2015-09-17,,,,,,,,,,,,,0.0,5.7,100.0,0.0
2015-09-18,,,,,,,,,,,,,0.0,6.4,100.0,0.0
2015-09-19,,,,,,,,,,,,,0.0,4.7,100.0,0.0
2015-09-20,,,,,,,,,,,,,0.0,3.9,100.0,0.0
2015-09-21,,,,,,,,,,,,,0.0,3.3,100.0,0.0
2015-09-22,,,,,,,,,,,,,0.0,4.1,100.0,0.0
2015-09-23,13.9,30.3,93.5,,,,,,,,,,0.0,3.9,100.0,0.0
2015-09-24,14.3,30.5,89.6,,,,,,,,,,0.0,3.7,100.0,0.0
2015-09-25,,,,0.0,0.0,100.0,,,,,,,0.0,3.0,100.0,0.0
2015-09-26,,,,,,,,,,,,,0.0,3.4,100.0,0.0
2015-09-27,,,,,,,,,,,,,0.0,3.1,100.0,0.0
2015-09-28,11.2,28.5,94.1,0.0,0.0,35.3,,,,,,,0.0,3.0,100.0,0.0
2015-09-29,,,,,,,,,,,,,0.0,2.9,100.0,0.0
2015-09-30,,,,,,,,,,,,,0.0,3.5,100.0,0.0
2015-10-01,,,,,,,,,,,,,0.0,3.5,100.0,0.0
2015-10-02,,,,,,,,,,,,,0.0,3.5,100.0,0.0
2015-10-03,,,,,,,,,,,,,0.0,4.4,100.0,0.0
2015-10-04,,,,,,,,,,,,,0.0,5.3,100.0,0.0
2015-10-05,16.7,30.7,94.2,,,,,,,,,,0.0,4.8,100.0,0.0
2015-10-06,11.5,23.0,87.2,,,,,,,,,,0.0,5.5,100.0,0.0
2015-10-07,,,,,,,,,,,,,0.0,5.9,100.0,0.0
2015-10-08,,,,,,,,,,,,,0.0,6.9,100.0,0.0
2015-10-09,,,,,,,,,,,,,0.0,6.5,100.0,0.0
2015-10-10,13.6,28.1,94.4,,,,,,,,,,0.0,7.2,100.0,0.0
2015-10-11,,,,,,,,,,,,,0.0,8.7,100.0,0.0
2015-10-12,,,,,,,,,,,,,0.0,8.9,100.0,0.0
2015-10-13,,,,,,,,,,,,,0.0,9.0,100.0,0.0
2015-10-14,,,,,,,,,,,,,0.0,10.0,100.0,0.0
2015-10-15,,,,,,,,,,,,,0.0,11.8,100.0,0.0
2015-10-16,,,,,,,,,,,,,0.0,10.2,100.0,0.0
2015-10-17,12.8,25.7,94.1,,,,,,,,,,0.0,11.8,100.0,0.0
2015-10-18,23.5,34.5,93.1,,,,,,,,,,0.0,10.4,100.0,0.0
2015-10-19,,,,,,,,,,,,,0.0,12.2,100.0,0.0
2015-10-20,,,,,,,,,,,,,0.0,9.5,100.0,0.0
2015-10-21,,,,,,,,,,,,,0.0,11.6,100.0,0.0
2015-10-22,,,,,,,,,,,,,0.0,10.1,100.0,0.0
2015-10-23,,,,,,,,,,,,,0.0,11.6,100.0,0.0
2015-10-24,,,,,,,,,,,,,0.0,9.5,100.0,0.0
2015-10-25,,,,,,,,,,,,,0.0,11.9,100.0,0.0
2015-10-26,,,,,,,,,,,,,0.0,11.3,100.0,0.0
2015-10-27,,,,,,,,,,,,,0.0,14.2,100.0,0.0
2015-10-28,,,,,,,,,,,,,0.0,13.8,100.0,0.0
2015-10-29,62.7,46.2,94.1,,,,,,,,,,0.0,17.9,100.0,0.0
2015-10-30,82.7,53.0,93.5,,,,,,,,,,0.0,17.7,100.0,0.0
2015-10-31,,,,,,,,,,,,,0.0,14.4,100.0,0.0
2015-11-01,,,,,,,,,,,,,0.0,13.0,100.0,0.0
2015-11-02,,,,,,,,,,,,,0.0,15.6,100.0,0.0
2015-11-03,75.6,51.6,94.4,,,,,,,,,,0.0,16.6,100.0,0.0
2015-11-04,,,,,,,,,,,,,0.0,15.8,100.0,0.0
2015-11-05,,,,,,,,,,,,,0.0,15.7,100.0,0.0
2015-11-06,,,,,,,,,,,,,0.0,15.9,100.0,0.0
2015-11-07,,,,,,,,,,,,,0.0,17.1,100.0,0.0
2015-11-08,,,,,,,,,,,,,0.0,15.9,100.0,0.0
2015-11-09,,,,,,,,,,,,,0.0,14.4,100.0,0.0
2015-11-10,45.6,42.2,94.4,,,,,,,,,,0.0,14.8,100.0,0.0
2015-11-11,52.2,44.9,90.9,,,,,,,,,,0.0,15.9,100.0,0.0
2015-11-12,,,,,,,,,,,,,0.0,17.8,100.0,0.0
2015-11-13,,,,,,,,,,,,,0.0,18.1,100.0,0.0
2015-11-14,,,,0.0,0.0,100.0,,,,,,,0.0,19.8,100.0,0.0
2015-11-15,26.9,38.1,93.7,,,,,,,,,,0.0,19.8,100.0,0.0
2015-11-16,,,,,,,,,,,,,0.0,20.1,100.0,0.0
2015-11-17,,,,0.0,0.1,100.0,,,,,,,0.0,18.7,100.0,0.0
2015-11-18,,,,,,,,,,,,,0.0,18.7,100.0,0.0
2015-11-19,,,,,,,,,,,,,0.0,16.1,100.0,0.0
2015-11-20,,,,,,,,,,,,,0.0,16.0,100.0,0.0
2015-11-21,,,,,,,,,,,,,0.0,17.6,100.0,0.0
2015-11-22,10.8,28.6,94.4,,,,,,,,,,0.0,21.1,100.0,0.0
2015-11-23,8.7,26.2,89.6,,,,,,,,,,0.0,25.4,100.0,0.0
2015-11-24,,,,0.0,1.2,100.0,,,,,,,0.0,29.2,100.0,0.0
2015-11-25,,,,,,,,,,,,,0.0,34.4,100.0,0.0
2015-11-26,,,,,,,,,,,,,0.0,36.7,100.0,0.0
2015-11-27,22.6,35.0,94.2,0.0,5.3,100.0,,,,,,,0.9,43.9,100.0,0.9
2015-11-28,,,,,,,,,,,,,0.4,47.2,100.0,0.4
2015-11-29,,,,,,,,,,,,,5.2,53.3,100.0,5.2
2015-11-30,,,,,,,,,,,,,9.1,54.6,100.0,9.1
2015-12-01,,,,,,,,,,,,,40.3,59.6,100.0,40.3
2015-12-02,,,,,,,,,,,,,75.9,62.0,100.0,75.9
2015-12-03,,,,,,,,,,,,,98.3,66.5,100.0,98.3
2015-12-04,70.7,49.0,94.4,0.0,9.9,55.8,,,,,,,99.8,69.8,100.0,99.8
2015-12-05,97.8,66.2,91.5,,,,,,,,,,99.3,69.0,100.0,99.3
2015-12-06,,,,,,,,,,,,,100.0,70.8,100.0,100.0
2015-12-07,,,,12.0,27.4,100.0,,,,,,,99.4,72.9,100.0,99.4
2015-12-08,,,,,,,,,,,,,100.0,71.7,100.0,100.0
2015-12-09,99.6,81.5,94.2,,,,,,,,,,98.1,69.7,100.0,98.1
2015-12-10,,,,,,,,,,,,,99.4,71.1,100.0,99.4
2015-12-11,,,,,,,,,,,,,98.0,70.5,100.0,98.0
2015-12-12,,,,,,,,,,,,,99.6,72.5,100.0,99.6
2015-12-13,,,,,,,,,,,,,98.0,72.9,100.0,98.0
2015-12-14,,,,,,,,,,,,,99.3,76.0,100.0,99.3
2015-12-15,,,,,,,,,,,,,99.6,79.2,100.0,99.6
2015-12-16,99.6,91.2,94.1,,,,,,,,,,99.8,82.9,100.0,99.8
2015-12-17,100.0,95.3,90.7,92.1,73.2,100.0,,,,,,,99.8,84.1,100.0,99.8
2015-12-18,,,,,,,,,,,,,100.0,83.8,100.0,100.0
2015-12-19,,,,,,,,,,,,,99.6,83.4,100.0,99.6
2015-12-20,,,,,,,,,,,,,99.8,85.2,100.0,99.8
2015-12-21,99.8,97.9,94.2,,,,,,,,,,99.8,86.7,100.0,99.8
2015-12-22,,,,,,,,,,,,,100.0,86.6,100.0,100.0
2015-12-23,,,,,,,,,,,,,100.0,87.4,100.0,100.0
2015-12-24,,,,94.4,83.5,100.0,,,,,,,100.0,89.2,100.0,100.0
2015-12-25,,,,,,,,,,,,,100.0,88.4,100.0,100.0
2015-12-26,,,,,,,,,,,,,100.0,89.2,100.0,100.0
2015-12-27,,,,94.6,86.0,100.0,,,,,,,99.8,89.6,100.0,99.8
2015-12-28,99.8,98.6,94.2,,,,,,,,,,99.8,90.6,100.0,99.8
2015-12-29,99.8,98.4,92.6,,,,,,,,,,99.6,89.4,100.0,99.6
2015-12-30,,,,,,,,,,,,,99.6,89.6,100.0,99.6
2015-12-31,,,,,,,,,,,,,99.6,86.8,100.0,99.6
2016-01-01,,,,,,,,,,,,,100.0,89.7,100.0,100.0
2016-01-02,,,,,,,,,,,,,100.0,86.0,100.0,100.0
2016-01-03,,,,99.2,93.7,100.0,,,,,,,100.0,88.2,100.0,100.0
2016-01-04,,,,,,,,,,,,,100.0,86.4,100.0,100.0
2016-01-05,,,,,,,100.0,99.8,34.2,,,,100.0,89.3,100.0,100.0
2016-01-06,,,,99.8,96.4,100.0,,,,,,,100.0,91.9,100.0,100.0
2016-01-07,,,,,,,,,,,,,100.0,93.1,100.0,100.0
2016-01-08,,,,,,,,,,,,,100.0,93.9,100.0,100.0
2016-01-09,100.0,99.9,95.4,,,,,,,,,,100.0,95.1,100.0,100.0
2016-01-10,100.0,99.9,91.3,,,,,,,,,,100.0,95.4,100.0,100.0
2016-01-11,,,,,,,,,,,,,100.0,94.3,100.0,100.0
2016-01-12,,,,,,,,,,,,,100.0,94.8,100.0,100.0
2016-01-13,,,,,,,,,,,,,100.0,94.1,100.0,100.0
2016-01-14,100.0,100.0,94.6,,,,,,,,,,100.0,95.3,100.0,100.0
2016-01-15,,,,,,,,,,,,,100.0,95.0,100.0,100.0
2016-01-16,,,,100.0,98.1,100.0,,,,,,,100.0,96.4,100.0,100.0
2016-01-17,,,,,,,,,,,,,100.0,96.6,100.0,100.0
2016-01-18,,,,,,,,,,,,,100.0,97.9,100.0,100.0
2016-01-19,,,,,,,,,,,,,100.0,98.2,100.0,100.0
2016-01-20,,,,,,,,,,,,,100.0,98.4,100.0,100.0
2016-01-21,100.0,100.0,93.1,,,,100.0,99.8,100.0,,,,100.0,99.1,100.0,100.0
2016-01-22,100.0,100.0,85.7,,,,,,,,,,100.0,99.2,100.0,100.0
2016-01-23,,,,100.0,99.5,100.0,,,,,,,100.0,99.2,100.0,100.0
2016-01-24,,,,,,,,,,,,,100.0,99.1,100.0,100.0
2016-01-25,,,,,,,,,,,,,100.0,99.1,100.0,100.0
2016-01-26,100.0,100.0,93.2,100.0,99.3,100.0,,,,,,,100.0,99.3,100.0,100.0
2016-01-27,,,,,,,,,,,,,100.0,98.8,100.0,100.0
2016-01-28,,,,,,,,,,,,,100.0,98.7,100.0,100.0
2016-01-29,,,,,,,,,,,,,100.0,98.5,100.0,100.0
2016-01-30,,,,,,,,,,,,,100.0,98.5,100.0,100.0
2016-01-31,,,,,,,,,,,,,100.0,98.2,100.0,100.0
2016-02-01,,,,,,,,,,,,,100.0,98.3,100.0,100.0
2016-02-02,100.0,99.9,93.6,,,,,,,,,,100.0,98.3,100.0,100.0
2016-02-03,100.0,99.9,86.9,,,,,,,,,,100.0,98.4,100.0,100.0
2016-02-04,,,,,,,,,,,,,100.0,97.8,100.0,100.0
2016-02-05,,,,100.0,99.9,100.0,,,,,,,100.0,98.1,100.0,100.0
2016-02-06,,,,,,,,,,,,,100.0,96.7,100.0,100.0
2016-02-07,100.0,99.8,94.6,,,,,,,,,,100.0,97.0,100.0,100.0
2016-02-08,,,,,,,,,,,,,100.0,96.5,100.0,100.0
2016-02-09,,,,,,,,,,,,,100.0,96.7,100.0,100.0
2016-02-10,,,,,,,,,,,,,100.0,96.5,100.0,100.0
2016-02-11,,,,,,,,,,,,,100.0,97.0,100.0,100.0
2016-02-12,,,,,,,,,,,,,100.0,96.8,100.0,100.0
2016-02-13,,,,,,,,,,,,,100.0,97.3,100.0,100.0
2016-02-14,100.0,99.7,93.6,,,,,,,,,,100.0,97.6,100.0,100.0
2016-02-15,100.0,99.7,85.7,100.0,99.7,100.0,,,,,,,100.0,97.9,100.0,100.0
2016-02-16,,,,,,,,,,,,,100.0,97.3,100.0,100.0
2016-02-17,,,,,,,,,,,,,100.0,97.1,100.0,100.0
2016-02-18,,,,,,,,,,,,,100.0,97.5,100.0,100.0
2016-02-19,100.0,99.8,93.4,,,,,,,,,,100.0,98.1,100.0,100.0
2016-02-20,,,,,,,,,,,,,100.0,97.7,100.0,100.0
2016-02-21,,,,,,,,,,,,,100.0,97.7,100.0,100.0
2016-02-22,,,,,,,100.0,99.5,100.0,,,,100.0,98.2,100.0,100.0
2016-02-23,,,,,,,,,,,,,100.0,97.8,100.0,100.0
2016-02-24,,,,,,,,,,,,,100.0,97.6,100.0,100.0
2016-02-25,,,,,,,,,,,,,100.0,97.6,100.0,100.0
2016-02-26,100.0,99.8,95.0,,,,,,,,,,100.0,97.7,100.0,100.0
2016-02-27,100.0,99.9,85.9,,,,,,,,,,100.0,97.9,100.0,100.0
2016-02-28,,,,,,,,,,,,,100.0,97.1,100.0,100.0
2016-02-29,,,,,,,,,,,,,100.0,97.7,100.0,100.0
2016-03-01,,,,,,,,,,,,,100.0,97.5,100.0,100.0
2016-03-02,100.0,99.9,93.8,,,,,,,,,,100.0,97.9,100.0,100.0
2016-03-03,,,,,,,,,,,,,100.0,97.4,100.0,100.0
2016-03-04,,,,,,,,,,,,,100.0,97.4,100.0,100.0
2016-03-05,,,,,,,,,,,,,100.0,98.0,100.0,100.0
2016-03-06,,,,100.0,99.9,100.0,,,,,,,100.0,98.8,100.0,100.0
2016-03-07,,,,,,,,,,,,,100.0,98.8,100.0,100.0
2016-03-08,,,,,,,,,,,,,100.0,98.9,100.0,100.0
2016-03-09,100.0,99.9,94.6,,,,100.0,100.0,100.0,,,,100.0,99.5,100.0,100.0
2016-03-10,100.0,99.9,85.5,,,,,,,,,,100.0,99.5,100.0,100.0
2016-03-11,,,,,,,,,,,,,100.0,99.4,100.0,100.0
2016-03-12,,,,,,,,,,,,,100.0,99.3,100.0,100.0
2016-03-13,,,,,,,,,,,,,100.0,99.2,100.0,100.0
2016-03-14,100.0,99.9,93.8,,,,,,,,,,100.0,99.2,100.0,100.0
2016-03-15,,,,,,,,,,,,,100.0,99.0,100.0,100.0
2016-03-16,,,,,,,,,,,,,100.0,98.9,100.0,100.0
2016-03-17,,,,,,,,,,,,,100.0,99.0,100.0,100.0
2016-03-18,,,,,,,,,,,,,100.0,99.0,100.0,100.0
2016-03-19,,,,,,,,,,,,,100.0,98.8,100.0,100.0
2016-03-20,,,,,,,,,,,,,100.0,98.8,100.0,100.0
2016-03-21,100.0,99.8,95.0,,,,,,,,,,100.0,99.0,100.0,100.0
2016-03-22,100.0,99.5,89.0,,,,,,,,,,100.0,99.2,100.0,100.0
2016-03-23,,,,100.0,99.8,100.0,,,,,,,100.0,99.0,100.0,100.0
2016-03-24,,,,,,,,,,,,,100.0,98.9,100.0,100.0
2016-03-25,,,,,,,,,,,,,100.0,98.3,100.0,100.0
2016-03-26,100.0,99.0,93.1,100.0,99.8,100.0,,,,,,,100.0,98.9,100.0,100.0
2016-03-27,,,,,,,,,,,,,100.0,98.5,100.0,100.0
2016-03-28,,,,,,,,,,,,,100.0,98.4,100.0,100.0
2016-03-29,,,,,,,,,,,,,100.0,98.1,100.0,100.0
2016-03-30,,,,,,,,,,,,,100.0,98.4,100.0,100.0
2016-03-31,,,,,,,,,,,,,100.0,97.9,100.0,100.0
2016-04-01,,,,,,,,,,,,,100.0,97.9,100.0,100.0
2016-04-02,100.0,97.8,95.0,,,,,,,,,,100.0,98.1,100.0,100.0
2016-04-03,100.0,96.4,95.0,,,,,,,,,,100.0,97.6,100.0,100.0
2016-04-04,,,,,,,,,,,,,100.0,97.1,100.0,100.0
2016-04-05,,,,,,,,,,,,,100.0,96.8,100.0,100.0
2016-04-06,,,,,,,,,,,,,100.0,97.3,100.0,100.0
2016-04-07,100.0,92.7,95.0,,,,,,,,,,100.0,98.0,100.0,100.0
2016-04-08,,,,,,,,,,,,,100.0,98.0,100.0,100.0
2016-04-09,,,,,,,,,,,,,100.0,97.8,100.0,100.0
2016-04-10,,,,,,,100.0,100.0,100.0,,,,100.0,98.5,100.0,100.0
2016-04-11,,,,,,,,,,,,,100.0,98.3,100.0,100.0
2016-04-12,,,,100.0,99.6,100.0,,,,,,,100.0,98.6,100.0,100.0
2016-04-13,,,,,,,,,,,,,100.0,98.0,100.0,100.0
2016-04-14,99.8,89.1,95.2,,,,,,,,,,100.0,97.9,100.0,100.0
2016-04-15,99.4,82.6,95.2,,,,,,,,,,100.0,97.9,100.0,100.0
2016-04-16,,,,,,,,,,,,,100.0,97.9,100.0,100.0
2016-04-17,,,,,,,,,,,,,100.0,98.0,100.0,100.0
2016-04-18,,,,,,,,,,,,,100.0,98.0,100.0,100.0
2016-04-19,96.8,73.1,95.4,,,,100.0,99.7,53.3,,,,100.0,98.3,100.0,100.0
2016-04-20,,,,,,,,,,,,,100.0,98.0,100.0,100.0
2016-04-21,,,,,,,,,,,,,100.0,98.2,100.0,100.0
2016-04-22,,,,100.0,97.6,34.7,,,,,,,100.0,98.2,100.0,100.0
2016-04-23,,,,,,,,,,,,,100.0,98.0,100.0,100.0
2016-04-24,,,,,,,,,,,,,100.0,98.1,100.0,100.0
2016-04-25,,,,100.0,99.6,100.0,,,,,,,100.0,98.5,100.0,100.0
2016-04-26,86.8,55.9,95.2,,,,,,,,,,100.0,98.2,100.0,100.0
2016-04-27,69.8,49.1,95.4,,,,,,,,,,100.0,98.2,100.0,100.0
2016-04-28,,,,,,,,,,,,,100.0,98.2,100.0,100.0
2016-04-29,,,,,,,,,,,,,100.0,98.0,100.0,100.0
2016-04-30,,,,,,,,,,,,,100.0,98.2,100.0,100.0
2016-05-01,78.8,50.3,95.6,,,,,,,,,,100.0,98.2,100.0,100.0
2016-05-02,,,,100.0,99.7,100.0,,,,,,,100.0,98.6,100.0,100.0
2016-05-03,,,,,,,,,,,,,100.0,98.0,100.0,100.0
2016-05-04,,,,,,,,,,,,,100.0,98.1,100.0,100.0
2016-05-05,,,,,,,,,,,,,100.0,97.9,100.0,100.0
2016-05-06,,,,,,,,,,,,,100.0,98.0,100.0,100.0
2016-05-07,,,,,,,,,,,,,100.0,97.7,100.0,100.0
2016-05-08,49.7,41.9,95.6,,,,,,,,,,100.0,97.8,100.0,100.0
2016-05-09,45.7,41.4,94.6,,,,,,,,,,100.0,97.7,100.0,100.0
2016-05-10,,,,,,,,,,,,,100.0,97.3,100.0,100.0
2016-05-11,,,,,,,,,,,,,100.0,97.0,100.0,100.0
2016-05-12,,,,,,,,,,,,,100.0,97.0,100.0,100.0
2016-05-13,50.9,43.0,95.6,,,,,,,,,,100.0,97.3,100.0,100.0
2016-05-14,,,,,,,,,,,,,100.0,97.1,100.0,100.0
2016-05-15,,,,100.0,98.1,100.0,,,,,,,100.0,97.3,100.0,100.0
2016-05-16,,,,,,,,,,,,,100.0,96.9,100.0,100.0
2016-05-17,,,,,,,,,,,,,100.0,97.0,100.0,100.0
2016-05-18,,,,,,,,,,,,,100.0,96.9,100.0,100.0
2016-05-19,,,,,,,,,,,,,100.0,96.4,100.0,100.0
2016-05-20,88.9,56.7,95.4,,,,,,,,,,100.0,96.5,100.0,100.0
2016-05-21,24.1,35.0,94.6,,,,,,,,,,100.0,96.0,100.0,100.0
2016-05-22,,,,99.8,96.5,63.1,,,,,,,100.0,95.9,100.0,100.0
2016-05-23,,,,,,,,,,,,,100.0,94.9,100.0,100.0
2016-05-24,,,,,,,,,,,,,100.0,94.6,100.0,100.0
2016-05-25,6.1,27.6,95.6,100.0,95.8,100.0,,,,,,,100.0,94.4,100.0,100.0
2016-05-26,,,,,,,,,,,,,100.0,92.0,100.0,100.0
2016-05-27,,,,,,,,,,,,,100.0,90.7,100.0,100.0
2016-05-28,,,,,,,,,,,,,100.0,89.9,100.0,100.0
2016-05-29,,,,,,,,,,,,,100.0,88.2,100.0,100.0
2016-05-30,,,,,,,,,,,,,100.0,87.0,100.0,100.0
2016-05-31,,,,,,,,,,,,,100.0,85.8,100.0,100.0
2016-06-01,6.7,24.7,95.6,,,,,,,,,,100.0,85.6,100.0,100.0
2016-06-02,6.2,29.0,93.8,,,,,,,,,,100.0,83.3,100.0,100.0
2016-06-03,,,,,,,,,,,,,100.0,81.7,100.0,100.0
2016-06-04,,,,,,,,,,,,,100.0,81.2,100.0,100.0
2016-06-05,,,,,,,,,,,,,100.0,80.5,100.0,100.0
2016-06-06,8.9,28.9,95.4,,,,,,,,,,100.0,79.7,100.0,100.0
2016-06-07,,,,,,,,,,,,,100.0,78.1,100.0,100.0
2016-06-08,,,,,,,,,,,,,100.0,77.5,100.0,100.0
2016-06-09,,,,,,,,,,,,,100.0,78.5,100.0,100.0
2016-06-10,,,,,,,,,,,,,95.8,67.9,100.0,95.8
2016-06-11,,,,,,,,,,,,,91.5,63.8,100.0,91.5
2016-06-12,,,,,,,,,,,,,22.6,56.7,100.0,22.6
2016-06-13,,,,,,,,,,,,,10.4,52.2,100.0,10.4
2016-06-14,0.2,7.8,91.7,,,,,,,,,,4.8,40.8,100.0,4.8
2016-06-15,,,,,,,,,,,,,2.3,33.9,100.0,2.3
2016-06-16,,,,,,,,,,,,,1.4,25.3,100.0,1.4
2016-06-17,,,,,,,,,,,,,1.0,21.9,100.0,1.0
2016-06-18,,,,,,,,,,,,,1.0,16.4,100.0,1.0
2016-06-19,,,,,,,,,,,,,0.8,13.4,100.0,0.8
2016-06-20,,,,,,,,,,,,,1.0,10.5,100.0,1.0
2016-06-21,,,,,,,,,,,,,0.2,8.8,100.0,0.2
2016-06-22,,,,,,,,,,,,,0.2,8.2,100.0,0.2
2016-06-23,,,,,,,,,,,,,0.2,6.1,100.0,0.2
2016-06-24,,,,0.6,1.8,100.0,,,,,,,0.2,5.8,100.0,0.2
2016-06-25,,,,,,,,,,,,,0.2,5.3,100.0,0.2
2016-06-26,,,,,,,,,,,,,0.2,5.3,100.0,0.2
2016-06-27,,,,,,,,,,,,,0.2,4.6,100.0,0.2
2016-06-28,,,,,,,,,,,,,0.0,4.6,100.0,0.0
2016-06-29,,,,,,,,,,,,,0.0,4.3,100.0,0.0
2016-06-30,0.0,6.9,95.6,,,,,,,,,,0.0,3.8,100.0,0.0
2016-07-01,,,,0.0,0.0,77.0,,,,,,,0.0,3.2,100.0,0.0
2016-07-02,,,,,,,,,,,,,0.0,3.6,100.0,0.0
2016-07-03,,,,,,,,,,,,,0.0,3.5,100.0,0.0
2016-07-04,,,,,,,,,,,,,0.0,3.4,100.0,0.0
2016-07-05,,,,,,,,,,,,,0.0,3.4,100.0,0.0
2016-07-06,,,,,,,,,,,,,0.0,4.1,100.0,0.0
2016-07-07,0.0,4.3,95.2,,,,,,,,,,0.0,4.4,100.0,0.0
2016-07-08,0.0,4.5,89.8,,,,,,,,,,0.0,4.4,100.0,0.0
2016-07-09,,,,,,,,,,,,,0.0,5.1,100.0,0.0
2016-07-10,,,,,,,,,,,,,0.0,6.2,100.0,0.0
2016-07-11,,,,,,,,,,,,,0.0,7.2,100.0,0.0
2016-07-12,,,,,,,,,,,,,0.0,7.9,100.0,0.0
2016-07-13,,,,,,,,,,,,,0.0,8.7,100.0,0.0
2016-07-14,,,,,,,,,,,,,0.0,10.0,100.0,0.0
2016-07-15,,,,,,,,,,,,,0.0,10.6,100.0,0.0
2016-07-16,,,,,,,,,,,,,0.0,9.1,100.0,0.0
2016-07-17,,,,,,,,,,,,,0.0,9.5,100.0,0.0
2016-07-18,,,,,,,,,,,,,0.0,7.6,100.0,0.0
2016-07-19,0.0,4.1,95.6,,,,,,,,,,0.0,6.8,100.0,0.0
2016-07-20,0.0,2.1,89.6,,,,,,,,,,0.0,3.7,100.0,0.0
2016-07-21,,,,,,,,,,,,,0.0,3.4,100.0,0.0
2016-07-22,,,,,,,,,,,,,0.0,3.1,100.0,0.0
2016-07-23,,,,,,,,,,,,,0.0,3.5,100.0,0.0
2016-07-24,0.0,4.3,95.6,,,,,,,,,,0.0,2.7,100.0,0.0
2016-07-25,,,,,,,,,,,,,0.0,2.8,100.0,0.0
2016-07-26,,,,,,,,,,,,,0.0,2.4,100.0,0.0
2016-07-27,,,,,,,,,,,,,0.0,3.2,100.0,0.0
2016-07-28,,,,,,,,,,,,,0.0,2.1,100.0,0.0
2016-07-29,,,,,,,,,,,,,0.0,1.9,100.0,0.0
2016-07-30,,,,,,,,,,,,,0.0,1.3,100.0,0.0
2016-07-31,0.0,2.9,95.6,,,,,,,,,,0.0,1.5,100.0,0.0
2016-08-01,0.4,3.5,91.3,,,,,,,,,,0.0,1.3,100.0,0.0
2016-08-02,,,,,,,,,,,,,0.0,1.4,100.0,0.0
2016-08-03,,,,0.0,0.0,100.0,,,,,,,0.0,1.1,100.0,0.0
2016-08-04,,,,,,,,,,,,,0.0,1.2,100.0,0.0
2016-08-05,0.0,3.3,95.6,,,,,,,,,,0.0,1.1,100.0,0.0
2016-08-06,,,,,,,,,,,,,0.0,1.2,100.0,0.0
2016-08-07,,,,,,,,,,,,,0.0,1.2,100.0,0.0
2016-08-08,,,,,,,,,,,,,0.0,1.1,100.0,0.0
2016-08-09,,,,,,,,,,,,,0.0,1.0,100.0,0.0
2016-08-10,,,,0.0,0.0,100.0,,,,,,,0.0,1.0,100.0,0.0
2016-08-11,,,,,,,,,,,,,0.0,1.3,100.0,0.0
2016-08-12,0.6,5.0,95.6,,,,,,,,,,0.0,1.0,100.0,0.0
2016-08-13,0.6,5.0,92.3,0.0,0.0,100.0,,,,,,,0.0,0.9,100.0,0.0
2016-08-14,,,,,,,,,,,,,0.0,1.0,100.0,0.0
2016-08-15,,,,,,,,,,,,,0.0,1.0,100.0,0.0
2016-08-16,,,,,,,,,,,,,0.0,0.8,100.0,0.0
2016-08-17,0.8,5.9,95.6,,,,,,,,,,0.0,0.9,100.0,0.0
2016-08-18,,,,,,,,,,,,,0.0,1.0,100.0,0.0
2016-08-19,,,,,,,,,,,,,0.0,1.0,100.0,0.0
2016-08-20,,,,,,,,,,,,,0.0,1.0,100.0,0.0
2016-08-21,,,,,,,,,,,,,0.0,1.0,100.0,0.0
2016-08-22,,,,,,,,,,,,,0.0,0.9,100.0,0.0
2016-08-23,,,,0.0,0.0,100.0,,,,,,,0.0,0.7,100.0,0.0
2016-08-24,1.8,7.6,95.6,,,,,,,,,,0.0,0.7,100.0,0.0
2016-08-25,2.7,10.0,93.8,,,,,,,,,,0.0,0.8,100.0,0.0
2016-08-26,,,,,,,,,,,,,0.0,0.7,100.0,0.0
2016-08-27,,,,,,,,,,,,,0.0,0.7,100.0,0.0
2016-08-28,,,,,,,,,,,,,0.0,0.8,100.0,0.0
2016-08-29,2.4,9.0,95.6,,,,,,,,,,0.0,1.0,100.0,0.0
2016-08-30,,,,,,,,,,,,,0.0,1.0,100.0,0.0
2016-08-31,,,,,,,,,,,,,0.0,1.5,100.0,0.0
2016-09-01,,,,,,,,,,,,,0.0,2.0,100.0,0.0
2016-09-02,,,,,,,,,,,,,0.0,2.8,100.0,0.0
2016-09-03,,,,,,,,,,,,,0.0,2.8,100.0,0.0
2016-09-04,,,,,,,,,,,,,0.0,3.1,100.0,0.0
2016-09-05,2.4,11.3,95.6,,,,,,,,,,0.0,3.5,100.0,0.0
2016-09-06,1.5,8.4,92.7,,,,,,,,,,0.0,3.2,100.0,0.0
2016-09-07,,,,,,,,,,,,,0.0,3.1,100.0,0.0
2016-09-08,,,,,,,,,,,,,0.0,2.7,100.0,0.0
2016-09-09,,,,,,,,,,,,,0.0,2.9,100.0,0.0
2016-09-10,2.8,12.3,95.6,,,,,,,,,,0.0,2.6,100.0,0.0
2016-09-11,,,,,,,,,,,,,0.0,2.7,100.0,0.0
2016-09-12,,,,,,,,,,,,,0.0,2.6,100.0,0.0
2016-09-13,,,,,,,,,,,,,0.0,2.3,100.0,0.0
2016-09-14,,,,,,,,,,,,,0.0,1.7,100.0,0.0
2016-09-15,,,,,,,,,,,,,0.0,1.8,100.0,0.0
2016-09-16,,,,,,,,,,,,,0.0,2.0,100.0,0.0
2016-09-17,2.4,8.4,96.5,,,,,,,,,,0.0,2.2,100.0,0.0
2016-09-18,1.0,12.0,94.8,,,,,,,,,,0.0,2.1,100.0,0.0
2016-09-19,,,,0.0,0.0,100.0,,,,,,,0.0,2.0,100.0,0.0
2016-09-20,,,,,,,,,,,,,0.0,2.6,100.0,0.0
2016-09-21,,,,,,,,,,,,,0.0,2.4,100.0,0.0
2016-09-22,1.0,7.9,96.3,0.0,0.0,100.0,,,,,,,0.0,2.3,100.0,0.0
2016-09-23,,,,,,,,,,,,,0.0,2.3,100.0,0.0
2016-09-24,,,,,,,,,,,,,0.0,2.4,100.0,0.0
2016-09-25,,,,,,,,,,,,,0.0,2.2,100.0,0.0
2016-09-26,,,,,,,,,,,,,0.0,2.6,100.0,0.0
2016-09-27,,,,,,,,,,,,,0.0,2.9,100.0,0.0
2016-09-28,0.6,10.4,96.3,,,,,,,,,,0.0,3.1,100.0,0.0
2016-09-29,1.8,15.2,96.3,0.0,0.0,100.0,,,,,,,0.0,3.0,100.0,0.0
2016-09-30,2.5,18.5,94.0,,,,,,,,,,0.0,3.4,100.0,0.0
2016-10-01,,,,,,,,,,,,,0.0,3.7,100.0,0.0
2016-10-02,,,,0.0,0.0,99.2,,,,,,,0.0,3.9,100.0,0.0
2016-10-03,,,,,,,,,,,,,0.0,4.0,100.0,0.0
2016-10-04,15.6,28.1,96.5,,,,,,,,,,0.0,4.1,100.0,0.0
2016-10-05,,,,,,,,,,,,,0.0,4.2,100.0,0.0
2016-10-06,15.2,26.3,93.8,,,,,,,,,,0.0,4.8,100.0,0.0
2016-10-07,,,,,,,,,,,,,0.0,5.1,100.0,0.0
2016-10-08,,,,,,,,,,,,,0.0,5.3,100.0,0.0
2016-10-09,,,,,,,,,,,,,0.0,5.7,100.0,0.0
2016-10-10,11.9,22.9,95.6,,,,,,,,,,0.0,6.8,100.0,0.0
2016-10-11,6.5,14.9,95.6,,,,,,,,,,0.0,7.3,100.0,0.0
2016-10-12,4.4,11.3,92.9,0.0,0.0,100.0,,,,,,,0.0,7.5,100.0,0.0
2016-10-13,,,,,,,,,,,,,0.0,7.8,100.0,0.0
2016-10-14,,,,,,,,,,,,,0.0,7.9,100.0,0.0
2016-10-15,,,,,,,,,,,,,0.0,7.8,100.0,0.0
2016-10-16,3.9,9.3,95.0,,,,,,,,,,0.0,8.6,100.0,0.0
2016-10-17,,,,,,,,,,,,,0.0,9.3,100.0,0.0
2016-10-18,2.0,5.5,94.8,,,,,,,,,,0.0,10.0,100.0,0.0
2016-10-19,,,,0.0,0.5,99.6,,,,,,,0.0,11.4,100.0,0.0
2016-10-20,,,,,,,,,,,,,0.0,11.8,100.0,0.0
2016-10-21,,,,,,,,,,,,,0.0,11.5,100.0,0.0
2016-10-22,2.3,5.6,93.8,0.0,2.3,99.2,,,,,,,0.0,11.5,100.0,0.0
2016-10-23,0.4,3.0,95.8,,,,,,,,,,0.0,11.7,100.0,0.0
2016-10-24,0.2,4.0,93.6,,,,,,,,,,0.0,10.7,100.0,0.0
2016-10-25,,,,,,,,,,,,,0.0,10.8,100.0,0.0
2016-10-26,,,,,,,,,,,,,0.0,11.6,100.0,0.0
2016-10-27,,,,,,,,,,,,,0.0,12.1,100.0,0.0
2016-10-28,0.4,3.5,95.9,,,,,,,,,,0.0,11.9,100.0,0.0
2016-10-29,,,,0.0,0.7,100.0,,,,,,,0.0,11.8,100.0,0.0
2016-10-30,0.0,4.3,94.6,,,,,,,,,,0.0,12.4,100.0,0.0
2016-10-31,,,,,,,,,,,,,0.0,11.7,100.0,0.0
2016-11-01,,,,0.0,0.4,100.0,,,,,,,0.0,10.9,100.0,0.0
2016-11-02,,,,,,,,,,,,,0.0,11.3,100.0,0.0
2016-11-03,,,,,,,,,,,,,0.0,12.5,100.0,0.0
2016-11-04,0.6,4.6,96.3,,,,,,,,,,0.0,13.0,100.0,0.0
2016-11-05,0.0,5.5,95.0,,,,,,,,,,0.0,13.8,100.0,0.0
2016-11-06,,,,,,,,,,,,,0.0,14.9,100.0,0.0
2016-11-07,,,,,,,,,,,,,0.0,16.5,100.0,0.0
2016-11-08,,,,0.3,5.4,100.0,,,,,,,0.0,20.6,100.0,0.0
2016-11-09,0.2,5.4,95.9,,,,,,,,,,0.0,19.5,100.0,0.0
2016-11-10,,,,,,,,,,,,,0.0,20.9,100.0,0.0
2016-11-11,0.2,5.2,95.8,,,,,,,,,,0.0,20.4,100.0,0.0
2016-11-12,,,,,,,,,,,,,0.0,25.5,100.0,0.0
2016-11-13,,,,,,,,,,,,,0.0,23.8,100.0,0.0
2016-11-14,,,,,,,,,,,,,0.0,28.7,100.0,0.0
2016-11-15,,,,,,,,,,,,,0.0,24.1,100.0,0.0
2016-11-16,0.8,6.9,96.3,,,,,,,,,,0.0,28.3,100.0,0.0
2016-11-17,1.2,11.3,94.2,,,,,,,,,,0.0,27.3,100.0,0.0
2016-11-18,,,,,,,,,,,,,0.0,30.1,100.0,0.0
2016-11-19,,,,,,,,,,,,,0.0,27.6,100.0,0.0
2016-11-20,,,,,,,,,,,,,0.4,32.8,100.0,0.4
2016-11-21,6.9,17.5,95.6,,,,,,,,,,0.8,34.0,100.0,0.8
2016-11-22,,,,,,,,,,,,,12.7,46.8,100.0,12.7
2016-11-23,7.0,22.7,96.1,,,,,,,,,,24.5,51.0,100.0,24.5
2016-11-24,,,,,,,,,,,,,41.7,55.4,100.0,41.7
2016-11-25,,,,,,,,,,,,,58.5,61.4,100.0,58.5
2016-11-26,,,,,,,,,,,,,84.0,67.7,100.0,84.0
2016-11-27,,,,,,,,,,,,,94.6,75.7,100.0,94.6
2016-11-28,84.6,54.0,96.3,94.1,80.0,100.0,,,,,,,97.7,81.8,100.0,97.7
2016-11-29,94.5,62.7,94.8,,,,,,,,,,98.3,84.1,100.0,98.3
2016-11-30,,,,,,,,,,,,,99.8,88.9,100.0,99.8
2016-12-01,,,,97.1,91.7,100.0,,,,,,,99.8,92.1,100.0,99.8
2016-12-02,,,,,,,,,,,,,99.8,92.3,100.0,99.8
2016-12-03,97.4,80.4,96.5,,,,,,,,,,99.8,94.5,100.0,99.8
2016-12-04,,,,,,,,,,,,,99.8,95.3,100.0,99.8
2016-12-05,98.5,81.2,91.9,,,,,,,,,,99.8,96.3,100.0,99.8
2016-12-06,,,,,,,100.0,99.9,100.0,,,,100.0,97.1,100.0,100.0
2016-12-07,,,,,,,,,,,,,100.0,97.3,100.0,100.0
2016-12-08,,,,98.8,95.2,100.0,,,,,,,100.0,98.0,100.0,100.0
2016-12-09,98.8,83.7,96.3,,,,,,,,,,100.0,98.2,100.0,100.0
2016-12-10,99.0,83.9,96.3,,,,,,,,,,100.0,97.9,100.0,100.0
2016-12-11,99.8,84.9,93.1,99.0,91.6,100.0,,,,,,,100.0,98.1,100.0,100.0
2016-12-12,,,,,,,,,,,,,100.0,97.6,100.0,100.0
2016-12-13,,,,,,,,,,,,,100.0,97.7,100.0,100.0
2016-12-14,,,,,,,,,,,,,100.0,97.3,100.0,100.0
2016-12-15,100.0,90.9,96.5,,,,,,,,,,100.0,97.2,100.0,100.0
2016-12-16,,,,,,,,,,,,,100.0,97.4,100.0,100.0
2016-12-17,100.0,90.0,92.1,,,,,,,,,,100.0,97.7,100.0,100.0
2016-12-18,,,,99.6,93.1,100.0,,,,,,,100.0,97.8,100.0,100.0
2016-12-19,,,,,,,,,,,,,100.0,98.0,100.0,100.0
2016-12-20,,,,,,,,,,,,,100.0,98.1,100.0,100.0
2016-12-21,,,,,,,,,,,,,100.0,98.2,100.0,100.0
2016-12-22,99.8,93.6,96.3,,,,100.0,100.0,100.0,,,,100.0,98.8,100.0,100.0
2016-12-23,100.0,94.5,90.3,,,,,,,,,,100.0,98.7,100.0,100.0
2016-12-24,,,,,,,,,,,,,100.0,98.8,100.0,100.0
2016-12-25,,,,,,,,,,,,,100.0,98.9,100.0,100.0
2016-12-26,,,,,,,,,,,,,100.0,98.9,100.0,100.0
2016-12-27,100.0,97.2,96.3,,,,,,,,,,100.0,99.0,100.0,100.0
2016-12-28,100.0,97.5,96.3,100.0,96.3,100.0,,,,,,,100.0,99.0,100.0,100.0
2016-12-29,100.0,98.0,93.1,,,,,,,,,,100.0,99.0,100.0,100.0
2016-12-30,,,,,,,,,,,,,100.0,98.6,100.0,100.0
2016-12-31,,,,100.0,97.7,100.0,,,,,,,100.0,98.7,100.0,100.0
2017-01-01,,,,,,,,,,,,,99.8,98.2,100.0,99.8
2017-01-02,100.0,97.9,98.1,,,,,,,,,,99.8,98.6,100.0,99.8
2017-01-03,100.0,98.1,98.1,,,,,,,,,,99.8,98.6,100.0,99.8
2017-01-04,100.0,99.0,93.1,,,,,,,,,,99.8,98.7,100.0,99.8
2017-01-05,,,,,,,,,,,,,99.8,98.5,100.0,99.8
2017-01-06,,,,,,,,,,,,,100.0,98.7,100.0,100.0
2017-01-07,,,,100.0,99.5,70.9,,,,,,,100.0,98.4,100.0,100.0
2017-01-08,100.0,99.5,98.1,,,,,,,,,,100.0,98.6,100.0,100.0
2017-01-09,100.0,99.6,97.9,,,,,,,,,,100.0,98.8,100.0,100.0
2017-01-10,100.0,99.8,89.8,,,,,,,,,,100.0,98.9,100.0,100.0
2017-01-11,,,,,,,,,,,,,100.0,98.4,100.0,100.0
2017-01-12,,,,,,,,,,,,,100.0,98.5,100.0,100.0
2017-01-13,,,,,,,,,,,,,100.0,98.3,100.0,100.0
2017-01-14,100.0,99.9,97.9,,,,,,,,,,100.0,98.8,100.0,100.0
2017-01-15,100.0,99.9,98.1,,,,,,,,,,100.0,98.5,100.0,100.0
2017-01-16,100.0,99.9,90.0,,,,,,,,,,100.0,98.5,100.0,100.0
2017-01-17,,,,,,,,,,,,,100.0,98.6,100.0,100.0
2017-01-18,,,,,,,,,,,,,100.0,98.8,100.0,100.0
2017-01-19,,,,,,,,,,,,,100.0,98.8,100.0,100.0
2017-01-20,100.0,100.0,96.6,,,,,,,,,,100.0,99.2,100.0,100.0
2017-01-21,100.0,100.0,97.1,,,,,,,,,,100.0,99.3,100.0,100.0
2017-01-22,100.0,100.0,88.1,,,,,,,,,,100.0,99.3,100.0,100.0
2017-01-23,,,,,,,100.0,100.0,100.0,,,,100.0,99.3,100.0,100.0
2017-01-24,,,,,,,,,,,,,100.0,99.3,100.0,100.0
2017-01-25,,,,,,,,,,,,,100.0,99.4,100.0,100.0
2017-01-26,100.0,100.0,96.0,,,,,,,,,,100.0,99.5,100.0,100.0
2017-01-27,100.0,100.0,95.4,,,,,,,,,,100.0,99.4,100.0,100.0
2017-01-28,100.0,100.0,84.7,,,,,,,,,,100.0,99.4,100.0,100.0
2017-01-29,,,,,,,,,,,,,100.0,99.2,100.0,100.0
2017-01-30,,,,100.0,99.6,37.4,,,,,,,100.0,99.4,100.0,100.0
2017-01-31,,,,,,,,,,,,,100.0,99.1,100.0,100.0
2017-02-01,100.0,100.0,96.6,,,,,,,,,,100.0,99.3,100.0,100.0
2017-02-02,100.0,100.0,96.7,,,,,,,,,,100.0,99.2,100.0,100.0
2017-02-03,100.0,100.0,84.9,,,,,,,,,,100.0,99.3,100.0,100.0
2017-02-04,,,,,,,,,,,,,100.0,99.0,100.0,100.0
2017-02-05,,,,,,,,,,,,,100.0,99.2,100.0,100.0
2017-02-06,,,,,,,,,,,,,100.0,99.0,100.0,100.0
2017-02-07,100.0,100.0,96.0,,,,,,,,,,100.0,99.3,100.0,100.0
2017-02-08,100.0,100.0,96.2,,,,,,,,,,100.0,98.8,100.0,100.0
2017-02-09,100.0,100.0,84.9,,,,,,,,,,100.0,99.1,100.0,100.0
2017-02-10,,,,,,,,,,,,,100.0,99.0,100.0,100.0
2017-02-11,,,,,,,,,,,,,100.0,99.3,100.0,100.0
2017-02-12,,,,,,,,,,,,,100.0,99.2,100.0,100.0
2017-02-13,100.0,100.0,96.2,,,,,,,,,,100.0,99.5,100.0,100.0
2017-02-14,100.0,100.0,96.2,,,,,,,,,,100.0,99.4,100.0,100.0
2017-02-15,100.0,100.0,89.8,,,,,,,,,,100.0,99.6,100.0,100.0
2017-02-16,,,,99.8,99.3,100.0,,,,,,,100.0,99.5,100.0,100.0
2017-02-17,,,,,,,,,,,,,100.0,99.5,100.0,100.0
2017-02-18,,,,,,,,,,,,,100.0,99.5,100.0,100.0
2017-02-19,100.0,100.0,97.5,100.0,99.5,100.0,,,,,,,100.0,99.7,100.0,100.0
2017-02-20,100.0,100.0,97.1,,,,,,,,,,100.0,99.6,100.0,100.0
2017-02-21,100.0,100.0,89.5,,,,,,,,,,100.0,99.7,100.0,100.0
2017-02-22,,,,,,,,,,,,,100.0,99.6,100.0,100.0
2017-02-23,,,,,,,,,,,,,100.0,99.6,100.0,100.0
2017-02-24,,,,,,,100.0,100.0,40.4,,,,100.0,99.6,100.0,100.0
2017-02-25,100.0,100.0,96.4,,,,,,,,,,100.0,99.7,100.0,100.0
2017-02-26,100.0,100.0,96.6,,,,,,,,,,100.0,99.6,100.0,100.0
2017-02-27,100.0,100.0,92.1,,,,,,,,,,100.0,99.6,100.0,100.0
2017-02-28,,,,,,,,,,,,,100.0,99.5,100.0,100.0
2017-03-01,,,,,,,,,,,,,100.0,99.5,100.0,100.0
2017-03-02,,,,,,,,,,,,,100.0,99.5,100.0,100.0
2017-03-03,100.0,100.0,96.7,,,,,,,,,,100.0,99.7,100.0,100.0
2017-03-04,100.0,100.0,95.8,,,,,,,,,,100.0,99.6,100.0,100.0
2017-03-05,100.0,100.0,84.1,,,,,,,,,,100.0,99.7,100.0,100.0
2017-03-06,,,,,,,,,,,,,100.0,99.6,100.0,100.0
2017-03-07,,,,,,,,,,,,,100.0,99.7,100.0,100.0
2017-03-08,,,,100.0,99.8,100.0,,,,,,,100.0,99.7,100.0,100.0
2017-03-09,100.0,100.0,94.8,,,,,,,,,,100.0,99.8,100.0,100.0
2017-03-10,100.0,100.0,97.3,,,,,,,,,,100.0,99.7,100.0,100.0
2017-03-11,100.0,100.0,92.5,100.0,99.6,100.0,,,,,,,100.0,99.8,100.0,100.0
2017-03-12,,,,,,,,,,,,,100.0,99.6,100.0,100.0
2017-03-13,,,,,,,,,,,,,100.0,99.6,100.0,100.0
2017-03-14,,,,,,,,,,,,,100.0,99.6,100.0,100.0
2017-03-15,100.0,100.0,97.1,,,,,,,,,,100.0,99.7,100.0,100.0
2017-03-16,100.0,99.9,96.9,,,,,,,,,,100.0,99.6,100.0,100.0
2017-03-17,100.0,99.8,95.6,,,,,,,,,,100.0,99.5,100.0,100.0
2017-03-18,,,,,,,,,,,,,100.0,99.2,100.0,100.0
2017-03-19,,,,,,,,,,,,,100.0,99.0,100.0,100.0
2017-03-20,,,,,,,,,,,,,100.0,98.7,100.0,100.0
2017-03-21,100.0,99.6,96.6,100.0,99.5,100.0,,,,,,,100.0,98.5,100.0,100.0
2017-03-22,,,,,,,,,,,,,100.0,97.9,100.0,100.0
2017-03-23,100.0,99.1,96.4,,,,,,,,,,100.0,97.5,100.0,100.0
2017-03-24,,,,,,,,,,,,,100.0,97.8,100.0,100.0
2017-03-25,,,,,,,,,,,,,100.0,97.9,100.0,100.0
2017-03-26,,,,,,,,,,,,,100.0,98.3,100.0,100.0
2017-03-27,100.0,98.9,97.9,,,,,,,,,,100.0,98.5,100.0,100.0
2017-03-28,100.0,98.3,97.9,100.0,99.8,100.0,100.0,100.0,100.0,,,,100.0,99.1,100.0,100.0
2017-03-29,99.8,97.4,97.3,,,,,,,,,,100.0,98.8,100.0,100.0
2017-03-30,,,,,,,,,,,,,100.0,98.8,100.0,100.0
2017-03-31,,,,100.0,99.4,100.0,,,,,,,100.0,98.8,100.0,100.0
2017-04-01,,,,,,,,,,,,,100.0,98.5,100.0,100.0
2017-04-02,99.8,97.5,98.1,,,,,,,,,,100.0,98.6,100.0,100.0
2017-04-03,99.6,97.0,98.1,,,,,,,,,,100.0,98.7,100.0,100.0
2017-04-04,100.0,97.6,97.9,,,,,,,,,,100.0,98.9,100.0,100.0
2017-04-05,,,,,,,,,,,,,100.0,98.8,100.0,100.0
2017-04-06,,,,,,,100.0,99.7,60.9,,,,100.0,99.0,100.0,100.0
2017-04-07,,,,100.0,99.6,100.0,,,,,,,100.0,99.0,100.0,100.0
2017-04-08,100.0,97.4,97.9,,,,,,,,,,100.0,99.1,100.0,100.0
2017-04-09,100.0,98.1,97.7,,,,,,,,,,100.0,98.9,100.0,100.0
2017-04-10,100.0,98.8,97.5,100.0,99.0,100.0,,,,,,,100.0,99.1,100.0,100.0
2017-04-11,,,,,,,,,,,,,100.0,98.6,100.0,100.0
2017-04-12,,,,,,,,,,,,,100.0,98.8,100.0,100.0
2017-04-13,,,,,,,,,,,,,100.0,98.6,100.0,100.0
2017-04-14,100.0,99.0,97.9,,,,,,,,,,100.0,98.6,100.0,100.0
2017-04-15,100.0,98.9,97.3,,,,,,,,,,100.0,98.4,100.0,100.0
2017-04-16,100.0,98.9,97.3,,,,,,,,,,100.0,98.4,100.0,100.0
2017-04-17,,,,100.0,99.2,100.0,,,,,,,100.0,98.3,100.0,100.0
2017-04-18,,,,,,,,,,,,,100.0,98.1,100.0,100.0
2017-04-19,,,,,,,,,,,,,100.0,98.1,100.0,100.0
2017-04-20,100.0,99.1,97.3,100.0,99.5,100.0,,,,,,,100.0,98.5,100.0,100.0
2017-04-21,100.0,98.9,96.9,,,,,,,,,,100.0,98.2,100.0,100.0
2017-04-22,100.0,98.0,96.4,,,,100.0,97.4,94.8,,,,100.0,98.2,100.0,100.0
2017-04-23,,,,,,,,,,,,,100.0,97.6,100.0,100.0
2017-04-24,,,,,,,,,,,,,100.0,97.2,100.0,100.0
2017-04-25,,,,,,,,,,,,,100.0,96.9,100.0,100.0
2017-04-26,100.0,97.2,97.1,,,,,,,,,,100.0,96.4,100.0,100.0
2017-04-27,100.0,96.6,96.7,,,,,,,,,,100.0,96.6,100.0,100.0
2017-04-28,100.0,95.4,96.9,,,,,,,,,,100.0,95.5,100.0,100.0
2017-04-29,,,,,,,100.0,98.3,100.0,,,,100.0,95.6,100.0,100.0
2017-04-30,,,,,,,,,,,,,100.0,95.1,100.0,100.0
2017-05-01,,,,,,,,,,,,,100.0,96.7,100.0,100.0
2017-05-02,99.2,89.2,96.2,,,,,,,,,,100.0,97.2,100.0,100.0
2017-05-03,97.1,79.6,97.9,,,,,,,,,,100.0,97.5,100.0,100.0
2017-05-04,93.3,69.5,97.5,,,,,,,,,,100.0,97.3,100.0,100.0
2017-05-05,,,,,,,,,,,,,100.0,97.6,100.0,100.0
2017-05-06,,,,,,,,,,,,,100.0,97.9,100.0,100.0
2017-05-07,,,,100.0,99.7,100.0,,,,,,,100.0,98.2,100.0,100.0
2017-05-08,90.2,65.7,97.9,,,,,,,,,,100.0,97.8,100.0,100.0
2017-05-09,87.5,60.7,98.1,,,,,,,,,,100.0,97.9,100.0,100.0
2017-05-10,95.3,68.4,97.9,100.0,99.7,100.0,,,,,,,100.0,98.0,100.0,100.0
2017-05-11,,,,,,,,,,,,,100.0,97.5,100.0,100.0
2017-05-12,,,,,,,,,,,,,100.0,97.5,100.0,100.0
2017-05-13,,,,,,,,,,,,,100.0,97.8,100.0,100.0
2017-05-14,96.9,74.4,97.5,,,,,,,,,,100.0,97.8,100.0,100.0
2017-05-15,97.0,76.8,97.3,,,,100.0,99.2,84.1,,,,100.0,98.2,100.0,100.0
2017-05-16,97.8,80.3,97.5,,,,,,,,,,100.0,98.2,100.0,100.0
2017-05-17,,,,100.0,98.9,100.0,,,,,,,100.0,98.5,100.0,100.0
2017-05-18,,,,,,,,,,,,,100.0,98.0,100.0,100.0
2017-05-19,,,,,,,,,,,,,100.0,97.9,100.0,100.0
2017-05-20,98.2,84.8,97.7,,,,,,,,,,100.0,98.1,100.0,100.0
2017-05-21,98.6,85.3,97.5,,,,,,,,,,100.0,98.2,100.0,100.0
2017-05-22,99.2,89.5,97.5,,,,,,,,,,100.0,98.1,100.0,100.0
2017-05-23,,,,,,,,,,,,,100.0,97.8,100.0,100.0
2017-05-24,,,,,,,,,,,,,100.0,97.8,100.0,100.0
2017-05-25,,,,,,,,,,,,,100.0,97.3,100.0,100.0
2017-05-26,99.4,89.8,97.3,,,,,,,,,,100.0,96.8,100.0,100.0
2017-05-27,99.6,91.8,97.5,99.8,86.8,100.0,,,,,,,100.0,96.4,100.0,100.0
2017-05-28,99.6,90.9,96.0,,,,,,,,,,100.0,95.7,100.0,100.0
2017-05-29,,,,,,,,,,,,,100.0,94.5,100.0,100.0
2017-05-30,,,,,,,,,,,,,100.0,93.6,100.0,100.0
2017-05-31,,,,,,,,,,,,,100.0,91.7,100.0,100.0
2017-06-01,99.4,85.8,97.7,,,,,,,,,,100.0,91.6,100.0,100.0
2017-06-02,96.5,77.8,97.5,,,,,,,,,,100.0,88.1,100.0,100.0
2017-06-03,94.9,69.2,96.9,,,,,,,,,,99.0,85.0,100.0,99.0
2017-06-04,,,,,,,,,,,,,96.9,76.8,100.0,96.9
2017-06-05,,,,,,,,,,,,,86.8,68.9,100.0,86.8
2017-06-06,,,,,,,,,,,,,65.7,62.3,100.0,65.7
2017-06-07,85.5,63.1,97.9,,,,,,,,,,43.1,56.4,100.0,43.1
2017-06-08,48.2,40.6,97.7,,,,,,,,,,7.1,41.4,100.0,7.1
2017-06-09,20.4,27.2,94.8,,,,,,,,,,1.7,33.4,100.0,1.7
2017-06-10,,,,,,,,,,,,,0.2,21.3,100.0,0.2
2017-06-11,,,,,,,,,,,,,0.0,14.2,100.0,0.0
2017-06-12,,,,,,,,,,,,,0.0,7.6,100.0,0.0
2017-06-13,9.8,17.6,97.5,,,,,,,,,,0.0,5.5,100.0,0.0
2017-06-14,7.6,15.4,97.7,,,,,,,,,,0.0,4.1,100.0,0.0
2017-06-15,4.4,10.8,95.6,,,,,,,,,,0.0,3.6,100.0,0.0
2017-06-16,,,,0.0,1.0,100.0,,,,,,,0.0,3.7,100.0,0.0
2017-06-17,,,,,,,,,,,,,0.0,3.4,100.0,0.0
2017-06-18,,,,,,,,,,,,,0.0,2.8,100.0,0.0
2017-06-19,5.9,14.7,98.1,0.0,0.0,100.0,,,,,,,0.0,2.4,100.0,0.0
2017-06-20,2.9,9.7,98.1,,,,,,,,,,0.0,2.4,100.0,0.0
2017-06-21,,,,,,,,,,,,,0.0,2.2,100.0,0.0
2017-06-22,,,,,,,,,,,,,0.0,1.8,100.0,0.0
2017-06-23,,,,,,,,,,,,,0.0,1.7,100.0,0.0
2017-06-24,,,,,,,,,,,,,0.0,2.0,100.0,0.0
2017-06-25,,,,,,,,,,,,,0.0,2.1,100.0,0.0
2017-06-26,2.9,11.3,97.9,,,,,,,,,,0.0,1.9,100.0,0.0
2017-06-27,0.6,7.1,94.8,,,,,,,,,,0.0,2.4,100.0,0.0
2017-06-28,,,,,,,,,,,,,0.0,2.1,100.0,0.0
2017-06-29,,,,,,,,,,,,,0.0,2.2,100.0,0.0
2017-06-30,,,,,,,,,,,,,0.0,1.9,100.0,0.0
2017-07-01,3.3,14.5,98.1,0.0,0.0,33.1,,,,,,,0.0,2.1,100.0,0.0
2017-07-02,0.2,9.3,98.1,,,,,,,,,,0.0,2.1,100.0,0.0
2017-07-03,0.4,8.3,94.8,,,,,,,,,,0.0,2.2,100.0,0.0
2017-07-04,,,,0.0,0.0,92.0,,,,,,,0.0,1.8,100.0,0.0
2017-07-05,,,,,,,,,,,,,0.0,1.8,100.0,0.0
2017-07-06,,,,0.0,0.0,89.3,,,,,,,0.0,1.5,100.0,0.0
2017-07-07,,,,,,,,,,,,,0.0,1.7,100.0,0.0
2017-07-08,,,,,,,,,,,,,0.0,1.7,100.0,0.0
2017-07-09,0.4,6.4,93.1,,,,,,,,,,0.0,1.8,100.0,0.0
2017-07-10,,,,,,,,,,,,,0.0,1.7,100.0,0.0
2017-07-11,,,,,,,,,,,,,0.0,1.8,100.0,0.0
2017-07-12,,,,,,,,,,,,,0.0,1.8,100.0,0.0
2017-07-13,0.4,6.6,98.1,,,,,,,,,,0.0,1.8,100.0,0.0
2017-07-14,0.4,4.4,98.1,0.0,0.0,100.0,,,,,,,0.0,1.8,100.0,0.0
2017-07-15,0.2,3.2,93.9,,,,,,,,,,0.0,1.9,100.0,0.0
2017-07-16,,,,0.0,0.0,100.0,,,,,,,0.0,1.7,100.0,0.0
2017-07-17,,,,,,,,,,,,,0.0,1.7,100.0,0.0
2017-07-18,,,,,,,,,,,,,0.0,1.6,100.0,0.0
2017-07-19,0.4,3.6,98.1,0.0,0.0,98.3,,,,,,,0.0,1.4,100.0,0.0
2017-07-20,0.2,3.1,98.1,,,,,,,,,,0.0,1.4,100.0,0.0
2017-07-21,0.0,2.9,95.8,,,,,,,,,,0.0,1.4,100.0,0.0
2017-07-22,,,,,,,,,,,,,0.0,1.4,100.0,0.0
2017-07-23,,,,,,,,,,,,,0.0,1.6,100.0,0.0
2017-07-24,,,,0.0,0.0,44.3,,,,,,,0.0,1.6,100.0,0.0
2017-07-25,0.0,3.4,98.1,,,,,,,,,,0.0,1.6,100.0,0.0
2017-07-26,0.0,6.2,98.1,0.0,0.0,100.0,,,,,,,0.0,1.4,100.0,0.0
2017-07-27,0.2,5.2,94.1,,,,,,,,,,0.0,1.5,100.0,0.0
2017-07-28,,,,,,,,,,,,,0.0,1.2,100.0,0.0
2017-07-29,,,,,,,,,,,,,0.0,0.9,100.0,0.0
2017-07-30,,,,,,,,,,,,,0.0,0.9,100.0,0.0
2017-07-31,0.8,4.6,98.1,,,,,,,,,,0.0,0.8,100.0,0.0
2017-08-01,1.0,4.0,98.1,,,,,,,,,,0.0,0.9,100.0,0.0
2017-08-02,,,,,,,,,,,,,0.0,0.9,100.0,0.0
2017-08-03,,,,,,,,,,,,,0.0,1.1,100.0,0.0
2017-08-04,,,,,,,,,,,,,0.0,0.9,100.0,0.0
2017-08-05,,,,0.0,0.0,100.0,,,,,,,0.0,0.9,100.0,0.0
2017-08-06,0.2,2.0,97.9,,,,,,,,,,0.0,0.8,100.0,0.0
2017-08-07,0.0,1.0,97.9,,,,,,,,,,0.0,0.9,100.0,0.0
2017-08-08,0.0,0.6,95.4,,,,,,,,,,0.0,0.7,100.0,0.0
2017-08-09,,,,,,,,,,,,,0.0,0.9,100.0,0.0
2017-08-10,,,,,,,,,,,,,0.0,0.9,100.0,0.0
2017-08-11,,,,,,,,,,,,,0.0,1.3,100.0,0.0
2017-08-12,0.0,0.9,97.5,,,,,,,,,,0.0,1.2,100.0,0.0
2017-08-13,0.0,0.8,97.9,,,,,,,,,,0.0,1.4,100.0,0.0
2017-08-14,0.0,0.8,95.0,,,,,,,,,,0.0,1.4,100.0,0.0
2017-08-15,,,,0.0,0.0,100.0,,,,,,,0.0,1.2,100.0,0.0
2017-08-16,,,,,,,,,,,,,0.0,1.1,100.0,0.0
2017-08-17,,,,,,,,,,,,,0.0,1.2,100.0,0.0
2017-08-18,0.0,0.9,97.9,0.0,0.0,68.2,,,,,,,0.0,1.1,100.0,0.0
2017-08-19,0.0,1.2,97.9,,,,,,,,,,0.0,1.1,100.0,0.0
2017-08-20,0.0,2.1,96.2,0.0,0.0,100.0,,,,,,,0.0,1.0,100.0,0.0
2017-08-21,,,,,,,,,,,,,0.0,1.1,100.0,0.0
2017-08-22,,,,,,,,,,,,,0.0,1.0,100.0,0.0
2017-08-23,,,,0.0,0.0,98.5,,,,,,,0.0,0.8,100.0,0.0
2017-08-24,0.0,1.5,97.7,,,,,,,,,,0.0,0.9,100.0,0.0
2017-08-25,0.0,1.7,97.9,0.0,0.0,100.0,,,,,,,0.0,0.8,100.0,0.0
2017-08-26,0.0,2.1,97.9,,,,,,,,,,0.0,0.8,100.0,0.0
2017-08-27,,,,,,,,,,,,,0.0,0.8,100.0,0.0
2017-08-28,,,,,,,,,,,,,0.0,0.9,100.0,0.0
2017-08-29,,,,,,,,,,,,,0.0,1.0,100.0,0.0
2017-08-30,0.0,3.9,97.5,0.0,0.0,66.3,,,,,,,0.0,1.0,100.0,0.0
2017-08-31,0.0,3.9,97.3,,,,,,,,,,0.0,1.1,100.0,0.0
2017-09-01,0.0,4.2,96.0,,,,,,,,,,0.0,1.4,100.0,0.0
2017-09-02,,,,,,,,,,,,,0.0,1.7,100.0,0.0
2017-09-03,,,,,,,,,,,,,0.0,1.8,100.0,0.0
2017-09-04,,,,,,,,,,,,,0.0,1.8,100.0,0.0
2017-09-05,0.0,2.9,97.1,,,,,,,,,,0.0,1.8,100.0,0.0
2017-09-06,0.0,2.7,97.7,,,,,,,,,,0.0,2.0,100.0,0.0
2017-09-07,0.0,2.2,96.2,0.0,0.0,100.0,,,,,,,0.0,1.7,100.0,0.0
2017-09-08,,,,,,,,,,,,,0.0,1.7,100.0,0.0
2017-09-09,,,,,,,,,,,,,0.0,1.9,100.0,0.0
2017-09-10,,,,,,,,,,,,,0.0,2.2,100.0,0.0
2017-09-11,0.0,2.9,97.9,,,,,,,,,,0.0,2.0,100.0,0.0
2017-09-12,0.0,2.0,97.9,0.0,0.0,98.7,,,,,,,0.0,2.1,100.0,0.0
2017-09-13,0.0,2.2,96.4,,,,,,,,,,0.0,2.4,100.0,0.0
2017-09-14,,,,,,,,,,,,,0.0,2.4,100.0,0.0
2017-09-15,,,,,,,,,,,,,0.0,2.4,100.0,0.0
2017-09-16,,,,,,,,,,,,,0.0,2.5,100.0,0.0
2017-09-17,0.0,1.5,97.9,,,,,,,,,,0.0,2.7,100.0,0.0
2017-09-18,0.0,1.5,97.9,,,,,,,,,,0.0,2.7,100.0,0.0
2017-09-19,0.0,1.7,97.7,0.0,0.0,78.0,,,,,,,0.0,2.9,100.0,0.0
2017-09-20,,,,,,,,,,,,,0.0,3.1,100.0,0.0
2017-09-21,,,,,,,,,,,,,0.0,2.8,100.0,0.0
2017-09-22,,,,0.0,0.0,100.0,,,,,,,0.0,2.0,100.0,0.0
2017-09-23,0.0,2.5,97.9,,,,,,,,,,0.0,2.2,100.0,0.0
2017-09-24,0.0,3.4,97.9,0.0,0.0,99.2,,,,,,,0.0,2.0,100.0,0.0
2017-09-25,0.0,5.3,96.2,,,,,,,,,,0.0,1.8,100.0,0.0
2017-09-26,,,,,,,,,,,,,0.0,1.9,100.0,0.0
2017-09-27,,,,,,,,,,,,,0.0,2.2,100.0,0.0
2017-09-28,,,,,,,,,,,,,0.0,2.0,100.0,0.0
2017-09-29,1.6,14.3,97.9,0.0,0.0,100.0,,,,,,,0.0,1.6,100.0,0.0
2017-09-30,0.6,7.7,97.1,,,,,,,,,,0.0,1.6,100.0,0.0
2017-10-01,0.8,6.1,96.9,,,,,,,,,,0.0,1.5,100.0,0.0
2017-10-02,,,,,,,,,,,,,0.0,1.6,100.0,0.0
2017-10-03,,,,,,,,,,,,,0.0,1.3,100.0,0.0
2017-10-04,,,,,,,,,,,,,0.0,1.5,100.0,0.0
2017-10-05,0.8,4.8,97.9,,,,,,,,,,0.0,1.5,100.0,0.0
2017-10-06,1.4,5.7,97.9,,,,0.0,0.0,71.1,,,,0.0,1.7,100.0,0.0
2017-10-07,0.8,5.0,95.6,0.0,0.0,100.0,,,,,,,0.0,1.6,100.0,0.0
2017-10-08,,,,,,,,,,,,,0.0,1.9,100.0,0.0
2017-10-09,,,,0.0,0.0,100.0,,,,,,,0.0,1.5,100.0,0.0
2017-10-10,,,,,,,,,,,,,0.0,1.9,100.0,0.0
2017-10-11,1.6,6.0,97.9,,,,,,,,,,0.0,1.9,100.0,0.0
2017-10-12,3.5,9.4,97.7,0.0,0.0,100.0,,,,,,,0.0,2.0,100.0,0.0
2017-10-13,5.4,12.0,96.2,,,,,,,,,,0.0,2.0,100.0,0.0
2017-10-14,,,,0.0,0.0,100.0,,,,,,,0.0,2.4,100.0,0.0
2017-10-15,,,,,,,,,,,,,0.0,2.4,100.0,0.0
2017-10-16,,,,,,,,,,,,,0.0,2.5,100.0,0.0
2017-10-17,10.6,19.1,97.9,0.0,0.0,100.0,,,,,,,0.0,2.7,100.0,0.0
2017-10-18,7.8,13.6,97.9,,,,,,,,,,0.0,3.4,100.0,0.0
2017-10-19,5.4,10.5,96.2,0.0,0.0,100.0,,,,,,,0.0,2.7,100.0,0.0
2017-10-20,,,,,,,,,,,,,0.0,2.9,100.0,0.0
2017-10-21,,,,,,,,,,,,,0.0,3.3,100.0,0.0
2017-10-22,,,,,,,,,,,,,0.0,5.5,100.0,0.0
2017-10-23,5.3,10.7,97.9,,,,,,,,,,0.0,5.0,100.0,0.0
2017-10-24,2.3,7.4,97.9,0.0,0.0,100.0,,,,,,,0.0,3.6,100.0,0.0
2017-10-25,1.6,6.2,95.8,,,,,,,,,,0.0,4.1,100.0,0.0
2017-10-26,,,,,,,,,,,,,0.0,4.5,100.0,0.0
2017-10-27,,,,0.0,0.0,100.0,,,,,,,0.0,4.1,100.0,0.0
2017-10-28,,,,,,,,,,,,,0.0,4.1,100.0,0.0
2017-10-29,0.8,4.6,97.9,,,,,,,,,,0.0,4.5,100.0,0.0
2017-10-30,2.0,6.1,97.9,,,,,,,,,,0.0,4.8,100.0,0.0
2017-10-31,1.8,8.3,96.0,,,,,,,,,,0.0,4.5,100.0,0.0
2017-11-01,,,,0.0,0.0,100.0,,,,,,,0.0,3.6,100.0,0.0
2017-11-02,,,,,,,,,,,,,0.0,4.0,100.0,0.0
2017-11-03,,,,0.0,0.0,100.0,,,,,,,0.0,3.8,100.0,0.0
2017-11-04,2.0,7.2,97.9,,,,,,,,,,0.0,3.7,100.0,0.0
2017-11-05,0.8,5.4,97.9,,,,,,,,,,0.0,3.3,100.0,0.0
2017-11-06,2.2,7.8,97.7,,,,,,,,,,0.0,4.2,100.0,0.0
2017-11-07,,,,,,,0.0,1.6,100.0,,,,0.0,5.0,100.0,0.0
2017-11-08,,,,,,,,,,,,,0.0,4.9,100.0,0.0
2017-11-09,,,,,,,,,,,,,0.0,4.9,100.0,0.0
2017-11-10,3.9,12.7,97.9,,,,,,,,,,0.0,6.0,100.0,0.0
2017-11-11,2.7,10.6,97.9,,,,,,,,,,0.0,7.9,100.0,0.0
2017-11-12,5.5,13.3,96.9,,,,,,,,,,0.0,8.2,100.0,0.0
2017-11-13,,,,0.0,0.1,44.6,,,,,,,0.0,8.7,100.0,0.0
2017-11-14,,,,,,,,,,,,,0.0,10.3,100.0,0.0
2017-11-15,,,,,,,,,,,,,0.0,13.1,100.0,0.0
2017-11-16,9.8,19.1,97.9,0.0,0.1,100.0,,,,,,,0.0,12.9,100.0,0.0
2017-11-17,11.5,19.7,97.9,,,,,,,,,,0.0,13.6,100.0,0.0
2017-11-18,18.9,25.7,96.4,0.0,0.5,100.0,,,,,,,0.0,13.9,100.0,0.0
2017-11-19,,,,,,,,,,,,,0.0,18.5,100.0,0.0
2017-11-20,,,,,,,,,,,,,0.0,19.0,100.0,0.0
2017-11-21,,,,0.0,0.3,100.0,,,,,,,0.0,20.7,100.0,0.0
2017-11-22,21.7,27.2,97.9,,,,,,,,,,0.0,24.7,100.0,0.0
2017-11-23,40.1,35.9,97.9,,,,,,,,,,0.2,37.0,100.0,0.2
2017-11-24,67.3,51.8,96.7,,,,,,,,,,0.2,38.5,100.0,0.2
2017-11-25,,,,,,,,,,,,,1.0,45.5,100.0,1.0
2017-11-26,,,,0.0,1.5,100.0,,,,,,,1.0,49.8,100.0,1.0
2017-11-27,,,,,,,,,,,,,37.0,58.3,100.0,37.0
2017-11-28,82.2,63.4,97.7,0.0,2.5,100.0,,,,,,,88.3,65.4,100.0,88.3
2017-11-29,88.3,69.9,97.9,,,,,,,,,,97.9,71.7,100.0,97.9
2017-11-30,93.2,79.8,95.6,,,,,,,,,,99.8,78.5,100.0,99.8
2017-12-01,,,,,,,,,,,,,100.0,80.8,100.0,100.0
2017-12-02,,,,,,,,,,,,,100.0,86.3,100.0,100.0
2017-12-03,,,,98.5,83.5,100.0,,,,,,,100.0,88.4,100.0,100.0
2017-12-04,94.9,86.2,97.9,,,,,,,,,,100.0,91.4,100.0,100.0
2017-12-05,95.6,88.5,100.0,,,,,,,,,,100.0,91.6,100.0,100.0
2017-12-06,97.1,91.6,98.3,98.5,78.7,100.0,,,,,,,100.0,94.4,100.0,100.0
2017-12-07,,,,,,,,,,,,,100.0,93.8,100.0,100.0
2017-12-08,,,,,,,,,,,,,100.0,95.5,100.0,100.0
2017-12-09,,,,,,,,,,,,,100.0,95.7,100.0,100.0
2017-12-10,97.3,94.0,99.4,,,,,,,,,,100.0,97.0,100.0,100.0
2017-12-11,98.3,95.0,99.8,,,,,,,,,,100.0,97.4,100.0,100.0
2017-12-12,99.4,96.4,97.9,,,,,,,,,,100.0,98.1,100.0,100.0
2017-12-13,,,,100.0,99.0,100.0,,,,,,,100.0,98.1,100.0,100.0
2017-12-14,,,,,,,,,,,,,100.0,98.4,100.0,100.0
2017-12-15,,,,,,,,,,,,,100.0,98.3,100.0,100.0
2017-12-16,99.8,97.5,99.8,100.0,99.6,67.4,,,,,,,100.0,98.9,100.0,100.0
2017-12-17,99.8,98.2,99.8,,,,,,,,,,100.0,98.7,100.0,100.0
2017-12-18,99.8,98.9,95.8,,,,,,,,,,100.0,98.7,100.0,100.0
2017-12-19,,,,,,,,,,,,,100.0,98.8,100.0,100.0
2017-12-20,,,,,,,,,,,,,100.0,98.9,100.0,100.0
2017-12-21,,,,99.8,97.5,100.0,,,,,,,100.0,99.0,100.0,100.0
2017-12-22,100.0,98.9,99.6,,,,,,,,,,100.0,99.1,100.0,100.0
2017-12-23,100.0,98.9,99.2,100.0,99.0,100.0,,,,,,,100.0,99.3,100.0,100.0
2017-12-24,100.0,99.1,98.9,,,,,,,,,,100.0,99.1,100.0,100.0
2017-12-25,,,,,,,100.0,99.6,100.0,,,,100.0,99.1,100.0,100.0
2017-12-26,,,,,,,,,,,,,100.0,98.9,100.0,100.0
2017-12-27,,,,,,,,,,,,,100.0,99.0,100.0,100.0
2017-12-28,100.0,99.1,99.8,100.0,98.4,100.0,,,,,,,100.0,99.2,100.0,100.0
2017-12-29,100.0,98.8,99.8,,,,,,,,,,100.0,99.0,100.0,100.0
2017-12-30,99.8,98.6,96.7,,,,,,,,,,100.0,98.9,100.0,100.0
2017-12-31,,,,100.0,99.1,100.0,,,,,,,100.0,98.9,100.0,100.0
2018-01-01,,,,,,,,,,,,,100.0,98.5,100.0,100.0
2018-01-02,,,,,,,,,,,,,100.0,98.3,100.0,100.0
2018-01-03,99.8,97.8,98.5,,,,,,,,,,100.0,98.3,100.0,100.0
2018-01-04,99.8,96.7,99.4,,,,,,,,,,100.0,98.2,100.0,100.0
2018-01-05,100.0,95.6,97.1,100.0,98.5,94.1,,,,,,,100.0,98.4,100.0,100.0
2018-01-06,,,,,,,,,,,,,100.0,98.0,100.0,100.0
2018-01-07,,,,,,,,,,,,,100.0,97.8,100.0,100.0
2018-01-08,,,,,,,,,,,,,100.0,97.9,100.0,100.0
2018-01-09,100.0,94.9,98.1,,,,,,,,,,100.0,97.7,100.0,100.0
2018-01-10,99.4,90.2,98.7,100.0,98.9,100.0,,,,,,,100.0,98.0,100.0,100.0
2018-01-11,99.8,92.5,96.4,,,,,,,,,,100.0,97.6,100.0,100.0
2018-01-12,,,,100.0,99.3,100.0,,,,,,,100.0,98.1,100.0,100.0
2018-01-13,,,,,,,,,,,,,100.0,97.8,100.0,100.0
2018-01-14,,,,,,,,,,,,,100.0,98.3,100.0,100.0
2018-01-15,99.8,92.8,98.7,100.0,99.1,100.0,,,,,,,100.0,98.5,100.0,100.0
2018-01-16,99.8,94.6,99.4,,,,,,,,,,100.0,98.3,100.0,100.0
2018-01-17,100.0,96.2,94.5,,,,,,,,,,100.0,98.2,100.0,100.0
2018-01-18,,,,,,,,,,,,,100.0,98.2,100.0,100.0
2018-01-19,,,,,,,,,,,,,100.0,98.3,100.0,100.0
2018-01-20,,,,,,,,,,,,,100.0,98.2,100.0,100.0
2018-01-21,99.8,96.4,98.9,,,,,,,,,,100.0,98.4,100.0,100.0
2018-01-22,99.8,96.3,99.4,,,,,,,,,,100.0,98.6,100.0,100.0
2018-01-23,100.0,97.8,94.1,,,,,,,,,,100.0,98.8,100.0,100.0
2018-01-24,,,,,,,,,,,,,100.0,98.5,100.0,100.0
2018-01-25,,,,99.4,98.2,62.0,,,,,,,100.0,98.9,100.0,100.0
2018-01-26,,,,,,,,,,,,,100.0,98.8,100.0,100.0
2018-01-27,100.0,97.8,99.2,100.0,99.6,100.0,,,,,,,100.0,99.2,100.0,100.0
2018-01-28,100.0,97.0,99.2,,,,,,,,,,100.0,99.1,100.0,100.0
2018-01-29,100.0,96.9,95.2,,,,,,,,,,100.0,99.2,100.0,100.0
2018-01-30,,,,100.0,99.2,100.0,,,,,,,100.0,99.1,100.0,100.0
2018-01-31,,,,,,,,,,,,,100.0,99.0,100.0,100.0
2018-02-01,,,,,,,,,,,,,100.0,98.8,100.0,100.0
2018-02-02,100.0,97.6,99.4,,,,,,,,,,100.0,99.0,100.0,100.0
2018-02-03,100.0,97.5,99.2,,,,,,,,,,100.0,98.9,100.0,100.0
2018-02-04,100.0,98.2,92.0,,,,,,,,,,100.0,98.9,100.0,100.0
2018-02-05,,,,,,,,,,,,,100.0,98.9,100.0,100.0
2018-02-06,,,,,,,,,,,,,100.0,99.0,100.0,100.0
2018-02-07,,,,,,,,,,,,,100.0,99.0,100.0,100.0
2018-02-08,100.0,98.2,99.2,,,,,,,,,,100.0,99.2,100.0,100.0
2018-02-09,100.0,98.4,99.6,99.6,99.0,100.0,,,,,,,100.0,99.4,100.0,100.0
2018-02-10,100.0,98.8,91.0,,,,,,,,,,100.0,99.4,100.0,100.0
2018-02-11,,,,,,,100.0,100.0,68.1,,,,100.0,99.5,100.0,100.0
2018-02-12,,,,,,,,,,,,,100.0,99.5,100.0,100.0
2018-02-13,,,,,,,,,,,,,100.0,99.6,100.0,100.0
2018-02-14,100.0,99.0,98.7,99.8,99.1,100.0,,,,,,,100.0,99.8,100.0,100.0
2018-02-15,100.0,99.0,98.9,,,,,,,,,,100.0,99.7,100.0,100.0
2018-02-16,100.0,99.2,92.7,,,,,,,,,,100.0,99.6,100.0,100.0
2018-02-17,,,,,,,,,,,,,100.0,99.6,100.0,100.0
2018-02-18,,,,,,,,,,,,,100.0,99.6,100.0,100.0
2018-02-19,,,,99.4,99.1,100.0,,,,,,,100.0,99.6,100.0,100.0
2018-02-20,100.0,99.4,97.1,,,,,,,,,,100.0,99.4,100.0,100.0
2018-02-21,100.0,99.4,98.7,99.6,99.2,100.0,,,,,,,100.0,99.6,100.0,100.0
2018-02-22,100.0,99.5,86.6,,,,,,,,,,100.0,99.5,100.0,100.0
2018-02-23,,,,,,,,,,,,,100.0,99.5,100.0,100.0
2018-02-24,,,,,,,,,,,,,100.0,99.6,100.0,100.0
2018-02-25,,,,,,,,,,,,,100.0,99.6,100.0,100.0
2018-02-26,100.0,99.7,97.7,100.0,99.1,100.0,,,,,,,100.0,99.7,100.0,100.0
2018-02-27,100.0,99.7,98.7,,,,100.0,100.0,100.0,,,,100.0,99.8,100.0,100.0
2018-02-28,100.0,99.7,88.9,,,,,,,,,,100.0,99.8,100.0,100.0
2018-03-01,,,,,,,,,,,,,100.0,99.8,100.0,100.0
2018-03-02,,,,,,,,,,,,,100.0,99.9,100.0,100.0
2018-03-03,,,,,,,,,,,,,100.0,99.8,100.0,100.0
2018-03-04,100.0,99.8,96.6,,,,,,,,,,100.0,99.9,100.0,100.0
2018-03-05,100.0,99.8,98.5,,,,,,,,,,100.0,99.9,100.0,100.0
2018-03-06,100.0,99.8,86.4,100.0,99.1,80.3,,,,,,,100.0,99.9,100.0,100.0
2018-03-07,,,,,,,,,,,,,100.0,99.8,100.0,100.0
2018-03-08,,,,100.0,99.7,100.0,,,,,,,100.0,99.8,100.0,100.0
2018-03-09,,,,,,,,,,,,,100.0,99.7,100.0,100.0
2018-03-10,100.0,99.8,96.6,,,,,,,,,,100.0,99.8,100.0,100.0
2018-03-11,100.0,99.9,98.1,,,,,,,,,,100.0,99.7,100.0,100.0
2018-03-12,100.0,99.9,86.8,,,,,,,,,,100.0,99.7,100.0,100.0
2018-03-13,,,,,,,,,,,,,100.0,99.6,100.0,100.0
2018-03-14,,,,,,,,,,,,,100.0,99.7,100.0,100.0
2018-03-15,,,,,,,,,,,,,100.0,99.3,100.0,100.0
2018-03-16,,,,100.0,99.6,100.0,,,,,,,100.0,99.5,100.0,100.0
2018-03-17,100.0,99.9,97.9,,,,,,,,,,100.0,99.5,100.0,100.0
2018-03-18,100.0,99.9,84.9,,,,,,,,,,100.0,99.6,100.0,100.0
2018-03-19,,,,,,,,,,,,,100.0,99.6,100.0,100.0
2018-03-20,,,,,,,,,,,,,100.0,99.7,100.0,100.0
2018-03-21,,,,99.4,98.9,100.0,,,,,,,100.0,99.7,100.0,100.0
2018-03-22,100.0,100.0,97.3,,,,,,,,,,100.0,99.8,100.0,100.0
2018-03-23,100.0,100.0,96.7,99.6,99.0,100.0,,,,,,,100.0,99.8,100.0,100.0
2018-03-24,100.0,100.0,84.9,,,,,,,,,,100.0,99.8,100.0,100.0
2018-03-25,,,,,,,,,,,,,100.0,99.8,100.0,100.0
2018-03-26,,,,99.6,98.7,100.0,,,,,,,100.0,99.8,100.0,100.0
2018-03-27,,,,,,,,,,,,,100.0,99.7,100.0,100.0
2018-03-28,100.0,100.0,96.9,100.0,99.5,100.0,,,,,,,100.0,99.8,100.0,100.0
2018-03-29,100.0,99.9,98.7,,,,,,,,,,100.0,99.8,100.0,100.0
2018-03-30,100.0,99.8,85.5,,,,,,,,,,100.0,99.7,100.0,100.0
2018-03-31,,,,,,,,,,,,,100.0,99.6,100.0,100.0
2018-04-01,,,,,,,,,,,,,100.0,99.5,100.0,100.0
2018-04-02,,,,100.0,99.4,100.0,,,,,,,100.0,99.6,100.0,100.0
2018-04-03,100.0,99.9,92.7,,,,,,,,,,99.8,99.5,100.0,99.8
2018-04-04,100.0,99.9,92.5,,,,,,,,,,99.8,99.3,100.0,99.8
2018-04-05,100.0,99.7,87.4,100.0,99.6,100.0,,,,,,,99.8,99.3,100.0,99.8
2018-04-06,,,,,,,,,,,,,99.8,98.9,100.0,99.8
2018-04-07,,,,100.0,99.2,100.0,,,,,,,99.8,98.7,100.0,99.8
2018-04-08,,,,,,,,,,,,,99.8,97.8,100.0,99.8
2018-04-09,100.0,99.2,95.2,,,,,,,,,,99.8,97.7,100.0,99.8
2018-04-10,100.0,97.9,95.0,,,,,,,,,,100.0,97.6,100.0,100.0
2018-04-11,100.0,96.2,91.0,,,,,,,,,,100.0,97.0,100.0,100.0
2018-04-12,,,,,,,,,,,,,100.0,97.1,100.0,100.0
2018-04-13,,,,,,,,,,,,,100.0,97.9,100.0,100.0
2018-04-14,,,,,,,,,,,,,100.0,98.6,100.0,100.0
2018-04-15,100.0,93.3,94.8,,,,,,,,,,100.0,98.8,100.0,100.0
2018-04-16,99.8,87.3,95.2,,,,100.0,100.0,100.0,,,,100.0,99.3,100.0,100.0
2018-04-17,99.6,80.6,94.8,99.8,98.8,100.0,,,,,,,100.0,99.3,100.0,100.0
2018-04-18,,,,,,,,,,,,,100.0,99.3,100.0,100.0
2018-04-19,,,,,,,,,,,,,100.0,99.1,100.0,100.0
2018-04-20,,,,99.8,98.7,100.0,,,,,,,100.0,99.1,100.0,100.0
2018-04-21,95.4,72.1,95.6,,,,,,,,,,100.0,98.9,100.0,100.0
2018-04-22,94.0,69.4,95.4,100.0,99.0,100.0,,,,,,,100.0,99.0,100.0,100.0
2018-04-23,88.8,65.2,95.4,,,,,,,,,,100.0,98.8,100.0,100.0
2018-04-24,,,,,,,,,,,,,100.0,98.5,100.0,100.0
2018-04-25,,,,100.0,98.8,100.0,100.0,100.0,85.9,,,,100.0,98.6,100.0,100.0
2018-04-26,,,,,,,,,,,,,100.0,97.6,100.0,100.0
2018-04-27,85.2,61.9,95.4,,,,,,,,,,99.8,97.3,100.0,99.8
2018-04-28,77.2,56.1,95.6,,,,,,,,,,99.6,96.7,100.0,99.6
2018-04-29,74.2,54.0,95.6,,,,,,,,,,98.9,95.6,100.0,98.9
2018-04-30,,,,,,,,,,,,,98.7,94.8,100.0,98.7
2018-05-01,,,,,,,,,,,,,98.7,94.6,100.0,98.7
2018-05-02,,,,,,,,,,,,,98.5,94.6,100.0,98.5
2018-05-03,80.3,61.9,95.2,,,,,,,,,,98.7,94.2,100.0,98.7
2018-05-04,79.0,62.4,95.4,,,,,,,,,,98.3,93.0,100.0,98.3
2018-05-05,81.2,66.5,95.8,,,,,,,,,,99.8,93.5,100.0,99.8
2018-05-06,,,,,,,,,,,,,99.6,92.3,100.0,99.6
2018-05-07,,,,100.0,99.5,100.0,,,,,,,100.0,93.7,100.0,100.0
2018-05-08,,,,,,,,,,,,,100.0,92.7,100.0,100.0
2018-05-09,78.2,62.6,95.4,,,,,,,,,,100.0,93.7,100.0,100.0
2018-05-10,77.6,62.8,95.8,,,,,,,,,,100.0,93.3,100.0,100.0
2018-05-11,77.0,59.1,95.8,,,,100.0,99.8,99.4,,,,100.0,95.1,100.0,100.0
2018-05-12,,,,100.0,99.7,76.7,,,,,,,100.0,94.1,100.0,100.0
2018-05-13,,,,,,,,,,,,,100.0,94.6,100.0,100.0
2018-05-14,,,,,,,,,,,,,100.0,94.2,100.0,100.0
2018-05-15,73.6,57.9,95.6,100.0,99.6,100.0,,,,,,,100.0,95.9,100.0,100.0
2018-05-16,71.6,56.1,95.6,,,,,,,,,,100.0,95.6,100.0,100.0
2018-05-17,76.4,59.6,95.8,100.0,99.5,100.0,,,,,,,100.0,96.0,100.0,100.0
2018-05-18,,,,,,,99.4,97.3,100.0,,,,100.0,96.4,100.0,100.0
2018-05-19,,,,,,,,,,,,,100.0,96.2,100.0,100.0
2018-05-20,,,,,,,,,,,,,100.0,96.9,100.0,100.0
2018-05-21,78.6,61.0,95.6,,,,,,,,,,100.0,97.3,100.0,100.0
2018-05-22,80.0,59.9,95.6,,,,,,,,,,100.0,97.3,100.0,100.0
2018-05-23,83.4,63.4,95.8,,,,,,,,,,100.0,97.5,100.0,100.0
2018-05-24,,,,,,,,,,,,,100.0,97.4,100.0,100.0
2018-05-25,,,,100.0,97.6,100.0,,,,,,,100.0,97.8,100.0,100.0
2018-05-26,,,,,,,,,,,,,100.0,97.2,100.0,100.0
2018-05-27,79.8,59.7,95.6,,,,,,,,,,100.0,97.1,100.0,100.0
2018-05-28,83.7,62.0,95.0,,,,,,,,,,100.0,97.0,100.0,100.0
2018-05-29,84.9,61.5,95.2,,,,,,,,,,100.0,97.0,100.0,100.0
2018-05-30,,,,,,,,,,,,,100.0,96.8,100.0,100.0
2018-05-31,,,,,,,,,,,,,100.0,96.7,100.0,100.0
2018-06-01,,,,100.0,97.5,100.0,,,,,,,100.0,96.9,100.0,100.0
2018-06-02,88.7,62.6,94.6,,,,,,,,,,100.0,96.3,100.0,100.0
2018-06-03,92.7,66.8,94.3,,,,,,,,,,100.0,95.5,100.0,100.0
2018-06-04,75.9,51.2,93.7,,,,,,,,,,100.0,95.0,100.0,100.0
2018-06-05,,,,,,,,,,,,,100.0,94.2,100.0,100.0
2018-06-06,,,,,,,,,,,,,100.0,93.6,100.0,100.0
2018-06-07,,,,,,,,,,,,,100.0,92.3,100.0,100.0
2018-06-08,52.4,44.3,94.5,,,,,,,,,,99.8,91.9,100.0,99.8
2018-06-09,21.1,32.9,94.1,,,,,,,,,,99.4,90.1,100.0,99.4
2018-06-10,,,,,,,,,,,,,98.9,88.0,100.0,98.9
2018-06-11,,,,,,,,,,,,,96.7,84.1,100.0,96.7
2018-06-12,,,,,,,,,,,,,96.6,82.1,100.0,96.6
2018-06-13,,,,,,,,,,,,,94.1,78.6,100.0,94.1
2018-06-14,12.9,26.5,93.7,92.9,71.9,100.0,,,,,,,92.9,78.1,100.0,92.9
2018-06-15,2.2,15.5,94.1,,,,,,,,,,76.7,69.5,100.0,76.7
2018-06-16,1.5,12.6,92.2,39.0,45.2,100.0,,,,,,,68.1,65.6,100.0,68.1
2018-06-17,,,,,,,,,,,,,38.2,52.7,100.0,38.2
2018-06-18,,,,,,,,,,,,,24.5,43.5,100.0,24.5
2018-06-19,,,,1.1,8.2,100.0,,,,,,,10.5,30.5,100.0,10.5
2018-06-20,0.6,6.2,93.9,,,,,,,,,,3.8,21.3,100.0,3.8
2018-06-21,0.2,3.5,94.5,0.0,1.4,96.6,,,,,,,1.5,15.1,100.0,1.5
2018-06-22,0.0,2.7,91.4,,,,,,,,,,0.8,12.4,100.0,0.8
2018-06-23,,,,,,,,,,,,,0.0,9.2,100.0,0.0
2018-06-24,,,,,,,,,,,,,0.0,6.7,100.0,0.0
2018-06-25,,,,,,,,,,,,,0.0,4.8,100.0,0.0
2018-06-26,0.2,3.2,94.5,0.0,0.0,88.9,,,,,,,0.0,3.1,100.0,0.0
2018-06-27,0.0,3.1,94.5,,,,,,,,,,0.0,2.6,100.0,0.0
2018-06-28,0.2,3.1,90.2,,,,,,,,,,0.0,2.3,100.0,0.0
2018-06-29,,,,,,,,,,,,,0.0,2.4,100.0,0.0
2018-06-30,,,,,,,,,,,,,0.0,1.9,100.0,0.0
2018-07-01,,,,0.0,0.0,100.0,,,,,,,0.0,1.5,100.0,0.0
2018-07-02,0.0,3.9,94.6,,,,,,,,,,0.0,1.6,100.0,0.0
2018-07-03,0.0,5.6,94.6,,,,,,,,,,0.0,1.5,100.0,0.0
2018-07-04,0.0,8.3,92.9,0.0,0.0,66.7,,,,,,,0.0,1.4,100.0,0.0
2018-07-05,,,,,,,,,,,,,0.0,1.3,100.0,0.0
2018-07-06,,,,,,,,,,,,,0.0,1.5,100.0,0.0
2018-07-07,,,,,,,,,,,,,0.0,1.5,100.0,0.0
2018-07-08,0.0,5.9,94.6,,,,,,,,,,0.0,1.4,100.0,0.0
2018-07-09,0.0,5.2,94.6,0.0,0.0,100.0,,,,,,,0.0,1.2,100.0,0.0
2018-07-10,0.0,5.1,92.2,,,,,,,,,,0.0,1.2,100.0,0.0
2018-07-11,,,,0.0,0.0,100.0,,,,,,,0.0,0.9,100.0,0.0
2018-07-12,,,,,,,,,,,,,0.0,1.0,100.0,0.0
2018-07-13,,,,,,,,,,,,,0.0,1.0,100.0,0.0
2018-07-14,0.0,4.1,92.2,,,,,,,,,,0.0,0.8,100.0,0.0
2018-07-15,0.0,4.3,94.6,,,,,,,,,,0.0,0.7,100.0,0.0
2018-07-16,0.0,2.4,92.9,,,,,,,,,,0.0,0.7,100.0,0.0
2018-07-17,,,,,,,,,,,,,0.0,0.8,100.0,0.0
2018-07-18,,,,,,,,,,,,,0.0,0.6,100.0,0.0
2018-07-19,,,,0.0,0.0,94.8,,,,,,,0.0,0.5,100.0,0.0
2018-07-20,0.0,3.0,94.6,,,,,,,,,,0.0,0.4,100.0,0.0
2018-07-21,0.0,1.3,94.6,,,,,,,,,,0.0,0.6,100.0,0.0
2018-07-22,0.0,1.2,93.1,,,,,,,,,,0.0,0.5,100.0,0.0
2018-07-23,,,,,,,,,,,,,0.0,0.6,100.0,0.0
2018-07-24,,,,,,,,,,,,,0.0,0.5,100.0,0.0
2018-07-25,,,,,,,,,,,,,0.0,0.7,100.0,0.0
2018-07-26,0.0,1.3,94.6,,,,,,,,,,0.0,0.6,100.0,0.0
2018-07-27,0.0,0.9,94.6,,,,,,,,,,0.0,0.8,100.0,0.0
2018-07-28,0.0,0.8,93.9,,,,,,,,,,0.0,0.6,100.0,0.0
2018-07-29,,,,,,,,,,,,,0.0,0.7,100.0,0.0
2018-07-30,,,,,,,,,,,,,0.0,0.6,100.0,0.0
2018-07-31,,,,,,,,,,0.0,3.3,100.0,0.0,0.7,100.0,0.0
2018-08-01,0.0,0.6,94.6,,,,,,,,,,0.0,0.7,100.0,0.0
2018-08-02,3.2,3.5,100.0,,,,,,,,,,0.0,0.8,100.0,0.0
2018-08-03,2.7,2.9,98.1,0.0,0.0,77.2,,,,,,,0.0,0.6,100.0,0.0
2018-08-04,,,,,,,,,,0.0,4.4,100.0,0.0,0.6,100.0,0.0
2018-08-05,,,,,,,,,,,,,0.0,0.8,100.0,0.0
2018-08-06,,,,,,,,,,,,,0.0,0.9,100.0,0.0
2018-08-07,0.2,1.2,99.8,,,,,,,,,,0.0,0.8,100.0,0.0
2018-08-08,0.0,0.5,99.8,0.0,0.0,52.4,,,,0.0,1.3,100.0,0.0,0.8,100.0,0.0
2018-08-09,0.2,0.5,97.1,,,,,,,,,,0.0,0.9,100.0,0.0
2018-08-10,,,,0.0,0.0,100.0,,,,,,,0.0,0.9,100.0,0.0
2018-08-11,,,,,,,,,,0.0,0.8,100.0,0.0,0.8,100.0,0.0
2018-08-12,,,,,,,,,,,,,0.0,0.9,100.0,0.0
2018-08-13,0.0,0.4,100.0,,,,,,,,,,0.0,0.9,100.0,0.0
2018-08-14,0.0,0.5,100.0,,,,,,,,,,0.0,1.1,100.0,0.0
2018-08-15,0.0,0.7,98.3,0.0,0.0,100.0,,,,,,,0.0,1.0,100.0,0.0
2018-08-16,,,,,,,,,,,,,0.0,1.1,100.0,0.0
2018-08-17,,,,,,,,,,,,,0.0,1.1,100.0,0.0
2018-08-18,,,,,,,,,,,,,0.0,1.3,100.0,0.0
2018-08-19,0.0,1.0,100.0,,,,,,,,,,0.0,1.2,100.0,0.0
2018-08-20,0.0,1.5,100.0,0.0,0.0,96.2,,,,,,,0.0,0.8,100.0,0.0
2018-08-21,0.0,0.9,98.7,,,,,,,0.0,0.2,100.0,0.0,0.9,100.0,0.0
2018-08-22,,,,,,,,,,,,,0.0,1.3,100.0,0.0
2018-08-23,,,,,,,,,,,,,0.0,1.2,100.0,0.0
2018-08-24,,,,,,,,,,0.0,0.2,100.0,0.0,0.9,100.0,0.0
2018-08-25,0.0,0.8,100.0,,,,,,,,,,0.0,1.2,100.0,0.0
2018-08-26,0.0,0.7,100.0,,,,,,,,,,0.0,1.5,100.0,0.0
2018-08-27,0.0,0.3,97.3,,,,,,,,,,0.0,1.3,100.0,0.0
2018-08-28,,,,0.0,0.0,100.0,,,,0.0,0.1,100.0,0.0,1.0,100.0,0.0
2018-08-29,,,,,,,,,,,,,0.0,1.2,100.0,0.0
2018-08-30,,,,0.0,0.0,100.0,,,,,,,0.0,1.1,100.0,0.0
2018-08-31,0.0,0.4,100.0,,,,,,,0.0,0.0,100.0,0.0,1.3,100.0,0.0
2018-09-01,0.0,0.6,100.0,,,,,,,0.0,0.2,60.8,0.0,1.2,100.0,0.0
2018-09-02,0.0,1.1,98.7,0.0,0.0,68.3,,,,,,,0.0,1.2,100.0,0.0
2018-09-03,,,,,,,,,,0.0,0.0,100.0,0.0,1.2,100.0,0.0
2018-09-04,,,,0.0,0.0,57.7,,,,,,,0.0,1.1,100.0,0.0
2018-09-05,,,,,,,,,,,,,0.0,1.1,100.0,0.0
2018-09-06,0.0,2.5,100.0,,,,,,,0.0,0.0,100.0,0.0,1.1,100.0,0.0
2018-09-07,0.0,3.7,100.0,0.0,0.0,40.5,,,,0.0,0.0,100.0,0.0,1.0,100.0,0.0
2018-09-08,0.0,4.2,98.5,,,,,,,,,,0.0,1.0,100.0,0.0
2018-09-09,,,,0.0,0.0,100.0,,,,,,,0.0,0.8,100.0,0.0
2018-09-10,,,,,,,,,,,,,0.0,0.8,100.0,0.0
2018-09-11,,,,,,,,,,,,,0.0,0.8,100.0,0.0
2018-09-12,0.0,3.5,100.0,0.0,0.0,100.0,,,,0.0,0.2,100.0,0.0,0.6,100.0,0.0
2018-09-13,0.0,1.7,99.8,,,,,,,,,,0.0,0.7,100.0,0.0
2018-09-14,0.0,1.7,98.7,,,,,,,,,,0.0,0.6,100.0,0.0
2018-09-15,,,,,,,,,,,,,0.0,0.6,100.0,0.0
2018-09-16,,,,,,,,,,,,,0.0,0.5,100.0,0.0
2018-09-17,,,,0.0,0.0,42.3,,,,,,,0.0,0.6,100.0,0.0
2018-09-18,0.0,1.1,99.8,,,,,,,,,,0.0,0.5,100.0,0.0
2018-09-19,0.0,0.3,100.0,0.0,0.0,100.0,,,,,,,0.0,0.4,100.0,0.0
2018-09-20,0.0,0.4,98.7,,,,,,,,,,0.0,0.3,100.0,0.0
2018-09-21,,,,,,,,,,,,,0.0,0.5,100.0,0.0
2018-09-22,,,,0.0,0.0,100.0,,,,0.0,0.3,100.0,0.0,0.4,100.0,0.0
2018-09-23,,,,,,,0.0,0.0,62.5,,,,0.0,0.5,100.0,0.0
2018-09-24,0.0,0.4,99.8,0.0,0.0,100.0,,,,0.0,0.9,100.0,0.0,0.4,100.0,0.0
2018-09-25,0.0,0.9,99.8,,,,,,,,,,0.0,0.6,100.0,0.0
2018-09-26,0.0,0.5,99.4,,,,,,,0.0,4.4,100.0,0.0,0.5,100.0,0.0
2018-09-27,,,,0.0,0.0,100.0,,,,,,,0.0,0.6,100.0,0.0
2018-09-28,,,,,,,,,,,,,0.0,0.5,100.0,0.0
2018-09-29,,,,,,,,,,,,,0.0,0.8,100.0,0.0
2018-09-30,0.0,0.2,100.0,,,,,,,,,,0.0,0.7,100.0,0.0
2018-10-01,0.0,0.3,100.0,,,,,,,,,,0.0,1.1,100.0,0.0
2018-10-02,0.0,0.2,98.7,0.0,0.0,100.0,,,,,,,0.0,0.8,100.0,0.0
2018-10-03,,,,,,,,,,,,,0.0,1.0,100.0,0.0
2018-10-04,,,,0.0,0.0,100.0,,,,,,,0.0,0.6,100.0,0.0
2018-10-05,,,,,,,,,,,,,0.0,0.7,100.0,0.0
2018-10-06,0.0,0.4,100.0,,,,,,,,,,0.0,0.7,100.0,0.0
2018-10-07,0.0,0.7,100.0,,,,,,,,,,0.0,0.8,100.0,0.0
2018-10-08,0.0,1.0,99.4,,,,,,,,,,0.0,0.7,100.0,0.0
2018-10-09,,,,0.0,0.0,48.9,,,,,,,0.0,1.0,100.0,0.0
2018-10-10,,,,,,,,,,,,,0.0,1.2,100.0,0.0
2018-10-11,,,,,,,,,,,,,0.0,1.4,100.0,0.0
2018-10-12,0.0,1.3,100.0,0.0,0.0,99.8,,,,,,,0.0,1.4,100.0,0.0
2018-10-13,0.0,1.6,100.0,,,,,,,,,,0.0,1.7,100.0,0.0
2018-10-14,0.0,1.5,99.0,,,,,,,,,,0.0,1.7,100.0,0.0
2018-10-15,,,,,,,,,,,,,0.0,2.2,100.0,0.0
2018-10-16,,,,,,,,,,,,,0.0,2.2,100.0,0.0
2018-10-17,,,,,,,,,,,,,0.0,2.6,100.0,0.0
2018-10-18,0.0,1.5,100.0,,,,,,,,,,0.0,2.3,100.0,0.0
2018-10-19,0.0,1.0,100.0,0.0,0.0,41.3,,,,,,,0.0,2.3,100.0,0.0
2018-10-20,0.0,1.4,98.9,,,,,,,,,,0.0,2.2,100.0,0.0
2018-10-21,,,,,,,,,,,,,0.0,2.7,100.0,0.0
2018-10-22,,,,0.0,0.0,100.0,,,,,,,0.0,2.2,100.0,0.0
2018-10-23,,,,,,,,,,,,,0.0,2.5,100.0,0.0
2018-10-24,0.0,0.9,100.0,0.0,0.0,100.0,,,,,,,0.0,2.1,100.0,0.0
2018-10-25,0.0,0.4,100.0,,,,,,,,,,0.0,2.4,100.0,0.0
2018-10-26,0.0,0.5,98.5,,,,,,,,,,0.0,2.0,100.0,0.0
2018-10-27,,,,,,,,,,,,,0.0,2.1,100.0,0.0
2018-10-28,,,,,,,,,,,,,0.0,1.9,100.0,0.0
2018-10-29,,,,,,,,,,,,,0.0,2.0,100.0,0.0
2018-10-30,0.0,0.4,100.0,,,,,,,,,,0.0,2.3,100.0,0.0
2018-10-31,0.0,0.8,99.8,,,,,,,,,,0.0,2.5,100.0,0.0
2018-11-01,0.4,1.9,99.8,,,,,,,,,,0.0,3.8,100.0,0.0
2018-11-02,,,,,,,,,,,,,0.0,5.0,100.0,0.0
2018-11-03,,,,,,,,,,,,,0.0,5.6,100.0,0.0
2018-11-04,,,,,,,,,,,,,0.0,5.8,100.0,0.0
2018-11-05,0.6,2.5,99.8,,,,,,,,,,0.0,5.6,100.0,0.0
2018-11-06,0.0,0.9,76.1,,,,,,,,,,0.0,5.8,100.0,0.0
2018-11-07,0.0,1.1,75.7,,,,,,,,,,0.0,6.5,100.0,0.0
2018-11-08,,,,,,,,,,,,,0.0,6.6,100.0,0.0
2018-11-09,,,,,,,,,,,,,0.0,7.3,100.0,0.0
2018-11-10,,,,,,,,,,,,,0.0,6.0,100.0,0.0
2018-11-11,0.0,0.8,76.1,,,,,,,,,,0.0,5.4,100.0,0.0
2018-11-12,0.0,0.5,76.1,,,,,,,,,,0.0,5.6,100.0,0.0
2018-11-13,0.0,0.5,75.5,,,,,,,,,,0.0,5.9,100.0,0.0
2018-11-14,,,,,,,,,,,,,0.0,7.3,100.0,0.0
2018-11-15,,,,,,,,,,,,,0.0,7.1,100.0,0.0
2018-11-16,,,,0.0,0.1,99.2,,,,,,,0.0,8.2,100.0,0.0
2018-11-17,0.0,0.4,76.1,,,,,,,,,,0.0,8.6,100.0,0.0
2018-11-18,0.0,0.7,76.1,0.0,0.3,100.0,,,,,,,0.0,9.6,100.0,0.0
2018-11-19,0.0,0.8,75.3,,,,,,,,,,0.0,8.6,100.0,0.0
2018-11-20,,,,,,,,,,,,,0.0,10.4,100.0,0.0
2018-11-21,,,,,,,,,,,,,0.0,11.0,100.0,0.0
2018-11-22,,,,,,,,,,,,,0.0,12.2,100.0,0.0
2018-11-23,0.0,1.4,75.9,,,,,,,,,,0.0,10.7,100.0,0.0
2018-11-24,0.0,2.3,76.1,,,,,,,,,,0.0,11.0,100.0,0.0
2018-11-25,,,,,,,,,,,,,0.0,12.4,100.0,0.0
2018-11-26,,,,,,,,,,,,,0.0,11.3,100.0,0.0
2018-11-27,,,,,,,,,,,,,0.0,12.8,100.0,0.0
2018-11-28,,,,0.6,4.2,100.0,,,,,,,0.0,12.1,100.0,0.0
2018-11-29,0.0,2.4,76.1,,,,,,,,,,0.0,15.5,100.0,0.0
2018-11-30,0.0,1.5,76.1,,,,,,,,,,0.0,11.6,100.0,0.0
2018-12-01,0.0,2.2,74.0,0.6,5.9,100.0,,,,,,,0.0,14.1,100.0,0.0
2018-12-02,,,,,,,,,,,,,0.0,11.7,100.0,0.0
2018-12-03,,,,,,,,,,,,,0.0,15.4,100.0,0.0
2018-12-04,,,,,,,,,,,,,0.0,13.4,100.0,0.0
2018-12-05,0.0,0.8,76.1,,,,,,,,,,0.0,21.1,100.0,0.0
2018-12-06,0.0,0.6,75.7,7.4,21.7,65.0,,,,,,,0.0,23.0,100.0,0.0
2018-12-07,0.0,1.3,74.6,,,,,,,,,,0.0,31.0,100.0,0.0
2018-12-08,,,,,,,,,,,,,0.0,33.0,100.0,0.0
2018-12-09,,,,,,,,,,,,,0.0,43.3,100.0,0.0
2018-12-10,,,,,,,,,,,,,2.9,50.7,100.0,2.9
2018-12-11,0.0,2.1,75.9,29.5,38.3,99.2,,,,,,,56.8,60.2,100.0,56.8
2018-12-12,6.7,18.8,75.7,,,,97.3,86.3,100.0,,,,97.9,72.8,100.0,97.9
2018-12-13,35.9,35.3,73.4,97.7,76.6,100.0,,,,,,,98.9,79.8,100.0,98.9
2018-12-14,,,,,,,,,,,,,100.0,85.9,100.0,100.0
2018-12-15,,,,,,,,,,,,,100.0,89.1,100.0,100.0
2018-12-16,,,,,,,,,,,,,100.0,90.6,100.0,100.0
2018-12-17,65.3,52.7,76.1,,,,,,,,,,100.0,92.4,100.0,100.0
2018-12-18,59.6,52.3,93.3,98.9,94.5,100.0,,,,,,,100.0,94.3,100.0,100.0
2018-12-19,61.6,54.4,89.7,,,,,,,,,,99.8,94.7,100.0,99.8
2018-12-20,,,,,,,,,,,,,99.8,94.7,100.0,99.8
2018-12-21,,,,,,,,,,,,,99.0,95.3,100.0,99.0
2018-12-22,,,,,,,,,,,,,99.0,95.7,100.0,99.0
2018-12-23,59.9,54.0,93.7,99.4,98.3,100.0,,,,,,,98.7,96.3,100.0,98.7
2018-12-24,68.4,56.7,96.0,,,,,,,,,,98.7,95.5,100.0,98.7
2018-12-25,69.5,51.0,92.2,,,,,,,,,,98.7,95.4,100.0,98.7
2018-12-26,,,,99.4,98.0,100.0,,,,,,,98.7,95.6,100.0,98.7
2018-12-27,,,,,,,,,,,,,98.5,95.3,100.0,98.5
2018-12-28,,,,,,,,,,,,,98.5,94.4,100.0,98.5
2018-12-29,94.5,65.8,96.6,,,,,,,,,,98.3,94.8,100.0,98.3
2018-12-30,98.4,73.2,98.3,,,,,,,,,,98.5,94.7,100.0,98.5
2018-12-31,99.6,71.1,95.6,99.4,98.0,100.0,,,,,,,98.1,94.9,100.0,98.1
2019-01-01,,,,,,,,,,,,,97.2,93.2,100.0,97.2
2019-01-02,,,,98.7,94.0,100.0,,,,,,,97.2,93.8,100.0,97.2
2019-01-03,,,,,,,,,,,,,97.3,93.6,100.0,97.3
2019-01-04,99.2,76.9,95.6,,,,,,,,,,97.9,94.2,100.0,97.9
2019-01-05,99.8,76.2,93.9,100.0,99.4,33.0,,,,,,,97.9,94.3,100.0,97.9
2019-01-06,100.0,79.1,93.8,,,,,,,,,,97.9,94.5,100.0,97.9
2019-01-07,,,,98.3,92.5,100.0,,,,,,,98.3,94.9,100.0,98.3
2019-01-08,,,,,,,,,,,,,98.3,95.0,100.0,98.3
2019-01-09,,,,,,,,,,,,,98.7,95.0,100.0,98.7
2019-01-10,99.8,81.7,95.1,98.1,95.0,100.0,,,,,,,98.7,96.1,100.0,98.7
2019-01-11,100.0,83.0,93.9,,,,,,,,,,99.2,96.3,100.0,99.2
2019-01-12,100.0,86.4,87.7,98.7,96.5,100.0,,,,,,,99.2,96.8,100.0,99.2
2019-01-13,,,,,,,,,,,,,99.6,96.0,100.0,99.6
2019-01-14,,,,,,,,,,,,,99.4,96.5,100.0,99.4
2019-01-15,,,,99.8,98.2,100.0,,,,,,,99.8,97.9,100.0,99.8
2019-01-16,100.0,90.9,85.6,,,,,,,,,,99.8,97.9,100.0,99.8
2019-01-17,100.0,91.4,87.3,,,,,,,,,,99.8,97.6,100.0,99.8
2019-01-18,100.0,93.5,84.5,,,,,,,,,,99.8,97.8,100.0,99.8
2019-01-19,,,,,,,,,,,,,100.0,97.7,100.0,100.0
2019-01-20,,,,99.8,97.9,100.0,,,,,,,99.8,98.0,100.0,99.8
2019-01-21,,,,,,,,,,,,,100.0,97.6,100.0,100.0
2019-01-22,100.0,95.1,85.6,100.0,97.8,100.0,,,,,,,100.0,97.9,100.0,100.0
2019-01-23,100.0,95.0,86.2,,,,,,,,,,100.0,98.2,100.0,100.0
2019-01-24,100.0,94.7,86.0,,,,,,,,,,100.0,98.3,100.0,100.0
2019-01-25,,,,100.0,98.3,100.0,,,,,,,100.0,98.7,100.0,100.0
2019-01-26,,,,,,,,,,,,,100.0,98.8,100.0,100.0
2019-01-27,,,,,,,,,,,,,100.0,98.9,100.0,100.0
2019-01-28,100.0,93.8,95.3,,,,,,,100.0,87.8,100.0,100.0,99.1,100.0,100.0
2019-01-29,100.0,93.3,95.5,,,,100.0,100.0,100.0,,,,100.0,99.4,100.0,100.0
2019-01-30,100.0,93.9,86.6,100.0,99.5,75.8,,,,,,,100.0,99.4,100.0,100.0
2019-01-31,,,,,,,,,,100.0,89.0,100.0,100.0,99.5,100.0,100.0
2019-02-01,,,,,,,,,,,,,100.0,99.5,100.0,100.0
2019-02-02,,,,,,,,,,,,,100.0,99.5,100.0,100.0
2019-02-03,100.0,95.2,94.3,,,,,,,,,,100.0,99.6,100.0,100.0
2019-02-04,100.0,95.4,94.1,100.0,99.1,100.0,,,,,,,100.0,99.6,100.0,100.0
2019-02-05,100.0,94.7,86.7,,,,,,,,,,100.0,99.6,100.0,100.0
2019-02-06,,,,99.8,99.1,100.0,,,,,,,100.0,99.6,100.0,100.0
2019-02-07,,,,,,,,,,,,,100.0,99.4,100.0,100.0
2019-02-08,,,,,,,,,,,,,100.0,99.4,100.0,100.0
2019-02-09,100.0,95.8,91.1,99.8,99.0,100.0,,,,,,,100.0,99.5,100.0,100.0
2019-02-10,100.0,97.0,89.2,,,,,,,100.0,93.4,100.0,100.0,99.5,100.0,100.0
2019-02-11,100.0,96.4,85.8,100.0,99.4,34.1,,,,100.0,91.2,100.0,100.0,99.5,100.0,100.0
2019-02-12,,,,,,,,,,,,,100.0,99.5,100.0,100.0
2019-02-13,,,,,,,,,,100.0,94.0,100.0,100.0,99.6,100.0,100.0
2019-02-14,,,,99.8,99.1,100.0,100.0,100.0,100.0,100.0,93.0,100.0,100.0,99.7,100.0,100.0
2019-02-15,,,,,,,,,,,,,100.0,99.6,100.0,100.0
2019-02-16,100.0,95.9,91.3,99.6,98.7,100.0,,,,,,,100.0,99.8,100.0,100.0
2019-02-17,100.0,95.0,88.6,,,,,,,100.0,94.9,100.0,100.0,99.8,100.0,100.0
2019-02-18,,,,,,,,,,100.0,97.9,100.0,100.0,99.8,100.0,100.0
2019-02-19,,,,99.4,98.5,100.0,,,,,,,100.0,99.8,100.0,100.0
2019-02-20,,,,,,,,,,100.0,98.0,100.0,100.0,99.8,100.0,100.0
2019-02-21,100.0,96.0,93.6,99.6,98.6,100.0,,,,100.0,98.8,100.0,100.0,99.9,100.0,100.0
2019-02-22,100.0,97.3,92.2,,,,,,,,,,100.0,99.8,100.0,100.0
2019-02-23,100.0,96.0,88.1,,,,,,,,,,100.0,99.8,100.0,100.0
2019-02-24,,,,99.4,98.2,100.0,,,,100.0,99.6,100.0,100.0,99.7,100.0,100.0
2019-02-25,,,,,,,,,,100.0,99.6,100.0,100.0,99.7,100.0,100.0
2019-02-26,,,,99.8,99.0,100.0,,,,,,,100.0,99.7,100.0,100.0
2019-02-27,100.0,96.9,93.0,,,,,,,,,,100.0,99.6,100.0,100.0
2019-02-28,,,,,,,,,,100.0,99.7,100.0,100.0,99.5,100.0,100.0
2019-03-01,100.0,97.3,86.2,,,,,,,,,,100.0,99.6,100.0,100.0
2019-03-02,,,,,,,,,,,,,100.0,99.3,100.0,100.0
2019-03-03,,,,99.8,99.1,100.0,,,,100.0,99.6,100.0,100.0,99.5,100.0,100.0
2019-03-04,,,,,,,,,,100.0,99.7,100.0,100.0,99.5,100.0,100.0
2019-03-05,100.0,98.4,92.0,,,,,,,,,,100.0,99.6,100.0,100.0
2019-03-06,100.0,98.5,94.1,,,,,,,,,,100.0,99.5,100.0,100.0
2019-03-07,100.0,98.8,80.9,,,,,,,100.0,99.5,100.0,100.0,99.6,100.0,100.0
2019-03-08,,,,100.0,99.7,100.0,,,,,,,100.0,99.6,100.0,100.0
2019-03-09,,,,,,,,,,,,,100.0,99.5,100.0,100.0
2019-03-10,,,,,,,,,,100.0,99.6,100.0,100.0,99.5,100.0,100.0
2019-03-11,100.0,99.3,91.9,,,,,,,,,,100.0,99.5,100.0,100.0
2019-03-12,100.0,99.4,93.6,,,,,,,,,,100.0,99.7,100.0,100.0
2019-03-13,100.0,99.6,81.2,100.0,99.8,100.0,,,,,,,100.0,99.7,100.0,100.0
2019-03-14,,,,,,,,,,,,,100.0,99.5,100.0,100.0
2019-03-15,,,,,,,,,,,,,100.0,99.5,100.0,100.0
2019-03-16,,,,100.0,99.3,100.0,,,,,,,100.0,99.7,100.0,100.0
2019-03-17,100.0,99.7,92.4,,,,,,,,,,100.0,99.6,100.0,100.0
2019-03-18,100.0,99.5,94.3,99.8,99.1,100.0,100.0,100.0,100.0,,,,100.0,99.8,100.0,100.0
2019-03-19,100.0,99.8,83.3,,,,,,,,,,100.0,99.7,100.0,100.0
2019-03-20,,,,,,,,,,,,,100.0,99.7,100.0,100.0
2019-03-21,,,,99.4,98.0,100.0,,,,,,,100.0,99.8,100.0,100.0
2019-03-22,,,,,,,,,,,,,100.0,99.7,100.0,100.0
2019-03-23,100.0,99.8,89.8,99.2,98.2,100.0,,,,,,,100.0,99.7,100.0,100.0
2019-03-24,100.0,99.7,90.2,,,,,,,,,,100.0,99.7,100.0,100.0
2019-03-25,100.0,99.7,85.4,,,,,,,,,,100.0,99.7,100.0,100.0
2019-03-26,,,,99.2,98.2,100.0,,,,,,,100.0,99.7,100.0,100.0
2019-03-27,,,,,,,,,,,,,100.0,99.5,100.0,100.0
2019-03-28,,,,99.8,98.9,100.0,,,,,,,100.0,99.5,100.0,100.0
2019-03-29,100.0,99.7,87.3,,,,,,,,,,100.0,99.5,100.0,100.0
2019-03-30,100.0,99.0,90.9,,,,,,,,,,100.0,99.4,100.0,100.0
2019-03-31,100.0,99.7,89.6,100.0,99.2,100.0,,,,,,,100.0,99.5,100.0,100.0
2019-04-01,,,,,,,,,,,,,100.0,99.4,100.0,100.0
2019-04-02,,,,,,,,,,,,,100.0,99.3,100.0,100.0
2019-04-03,,,,,,,,,,,,,100.0,98.9,100.0,100.0
2019-04-04,100.0,99.7,86.2,,,,,,,,,,100.0,99.1,100.0,100.0
2019-04-05,100.0,99.7,87.9,100.0,99.7,100.0,,,,,,,100.0,99.2,100.0,100.0
2019-04-06,100.0,99.4,83.0,,,,,,,,,,100.0,99.1,100.0,100.0
2019-04-07,,,,,,,,,,,,,99.8,98.8,100.0,99.8
2019-04-08,,,,,,,,,,,,,100.0,98.9,100.0,100.0
2019-04-09,,,,,,,,,,,,,100.0,99.0,100.0,100.0
2019-04-10,100.0,99.4,82.4,100.0,99.7,100.0,,,,,,,100.0,99.2,100.0,100.0
2019-04-11,100.0,99.1,82.6,,,,,,,,,,100.0,99.0,100.0,100.0
2019-04-12,100.0,98.2,83.5,,,,,,,,,,100.0,99.1,100.0,100.0
2019-04-13,,,,,,,,,,,,,100.0,99.0,100.0,100.0
2019-04-14,,,,,,,,,,,,,100.0,99.0,100.0,100.0
2019-04-15,,,,,,,,,,,,,100.0,99.0,100.0,100.0
2019-04-16,100.0,97.1,85.8,,,,,,,,,,100.0,99.1,100.0,100.0
2019-04-17,100.0,94.4,86.6,100.0,99.8,100.0,,,,,,,100.0,99.2,100.0,100.0
2019-04-18,100.0,91.6,90.5,,,,,,,,,,100.0,99.0,100.0,100.0
2019-04-19,,,,,,,,,,,,,100.0,98.7,100.0,100.0
2019-04-20,,,,100.0,99.7,100.0,,,,,,,100.0,98.7,100.0,100.0
2019-04-21,,,,,,,,,,,,,100.0,98.5,100.0,100.0
2019-04-22,100.0,85.1,82.8,,,,,,,,,,100.0,98.2,100.0,100.0
2019-04-23,99.2,81.9,91.3,,,,,,,,,,100.0,97.7,100.0,100.0
2019-04-24,94.2,72.5,94.3,,,,,,,,,,100.0,96.8,100.0,100.0
2019-04-25,,,,,,,,,,,,,100.0,96.0,100.0,100.0
2019-04-26,,,,,,,,,,,,,99.6,95.2,100.0,99.6
2019-04-27,,,,100.0,99.6,98.1,,,,,,,99.6,95.4,100.0,99.6
2019-04-28,91.2,70.4,95.1,,,,,,,,,,99.2,93.8,100.0,99.2
2019-04-29,79.5,58.4,96.0,,,,,,,,,,99.8,95.1,100.0,99.8
2019-04-30,77.5,57.0,96.8,100.0,99.8,100.0,,,,,,,99.8,94.6,100.0,99.8
2019-05-01,,,,,,,,,,,,,99.8,94.5,100.0,99.8
2019-05-02,,,,100.0,99.7,51.1,,,,,,,99.8,93.8,100.0,99.8
2019-05-03,,,,,,,,,,,,,99.8,95.0,100.0,99.8
2019-05-04,83.0,63.3,96.8,,,,,,,,,,99.8,94.8,100.0,99.8
2019-05-05,74.4,56.8,96.8,100.0,99.7,100.0,100.0,100.0,100.0,,,,100.0,97.2,100.0,100.0
2019-05-06,75.1,56.2,96.8,,,,,,,,,,100.0,96.2,100.0,100.0
2019-05-07,,,,100.0,99.4,100.0,,,,,,,100.0,97.5,100.0,100.0
2019-05-08,,,,,,,,,,,,,100.0,97.3,100.0,100.0
2019-05-09,,,,,,,,,,,,,100.0,97.7,100.0,100.0
2019-05-10,74.4,55.9,96.8,,,,,,,,,,100.0,97.5,100.0,100.0
2019-05-11,76.1,57.2,96.6,,,,,,,,,,100.0,98.2,100.0,100.0
2019-05-12,76.1,56.9,96.6,100.0,99.7,64.0,,,,,,,100.0,98.2,100.0,100.0
2019-05-13,,,,,,,,,,,,,100.0,98.0,100.0,100.0
2019-05-14,,,,,,,,,,,,,100.0,97.5,100.0,100.0
2019-05-15,,,,100.0,99.3,100.0,,,,,,,100.0,98.4,100.0,100.0
2019-05-16,72.4,52.4,96.6,,,,,,,,,,100.0,97.9,100.0,100.0
2019-05-17,77.7,56.5,96.8,,,,,,,,,,100.0,97.9,100.0,100.0
2019-05-18,83.8,60.4,94.9,,,,,,,100.0,99.2,100.0,100.0,97.8,100.0,100.0
2019-05-19,,,,,,,,,,,,,100.0,98.1,100.0,100.0
2019-05-20,,,,,,,,,,,,,100.0,98.1,100.0,100.0
2019-05-21,,,,,,,100.0,99.9,99.6,100.0,99.4,100.0,100.0,98.5,100.0,100.0
2019-05-22,92.9,75.0,95.8,,,,,,,100.0,99.0,100.0,100.0,98.5,100.0,100.0
2019-05-23,95.1,76.0,93.6,,,,,,,,,,100.0,98.4,100.0,100.0
2019-05-24,96.6,77.6,94.5,,,,,,,100.0,99.4,100.0,100.0,98.7,100.0,100.0
2019-05-25,,,,,,,,,,100.0,98.8,100.0,100.0,98.4,100.0,100.0
2019-05-26,,,,,,,,,,,,,100.0,98.6,100.0,100.0
2019-05-27,,,,,,,,,,,,,100.0,98.6,100.0,100.0
2019-05-28,97.8,77.0,93.6,,,,,,,,,,100.0,98.9,100.0,100.0
2019-05-29,96.0,73.1,93.8,,,,,,,100.0,98.1,100.0,100.0,98.6,100.0,100.0
2019-05-30,98.4,74.0,92.0,100.0,98.7,100.0,,,,,,,100.0,98.7,100.0,100.0
2019-05-31,,,,,,,,,,,,,100.0,97.8,100.0,100.0
2019-06-01,,,,100.0,97.0,100.0,,,,100.0,95.3,100.0,100.0,98.0,100.0,100.0
2019-06-02,,,,,,,,,,,,,100.0,96.7,100.0,100.0
2019-06-03,93.9,63.5,92.8,,,,,,,,,,100.0,96.5,100.0,100.0
2019-06-04,92.8,69.4,94.5,100.0,88.7,34.3,,,,100.0,95.5,91.7,100.0,95.5,100.0,100.0
2019-06-05,97.1,76.7,92.8,,,,,,,,,,100.0,94.7,100.0,100.0
2019-06-06,,,,,,,,,,,,,100.0,91.4,100.0,100.0
2019-06-07,,,,,,,,,,,,,99.1,88.7,100.0,99.1
2019-06-08,,,,,,,,,,98.9,85.5,100.0,98.5,85.8,100.0,98.5
2019-06-09,98.4,84.0,94.3,,,,,,,,,,93.0,79.3,100.0,93.0
2019-06-10,99.6,87.0,93.4,,,,,,,,,,88.4,73.7,100.0,88.4
2019-06-11,98.2,86.4,93.9,,,,,,,,,,70.3,64.5,100.0,70.3
2019-06-12,,,,,,,,,,75.0,59.7,96.0,53.6,58.0,100.0,53.6
2019-06-13,,,,,,,,,,64.8,50.8,100.0,32.6,48.4,100.0,32.6
2019-06-14,,,,,,,,,,,,,23.1,43.2,100.0,23.1
2019-06-15,99.0,90.2,96.8,,,,,,,57.4,47.1,100.0,17.4,38.4,100.0,17.4
2019-06-16,99.0,88.2,94.7,34.3,40.8,100.0,,,,,,,11.0,31.5,100.0,11.0
2019-06-17,99.4,87.0,93.9,,,,,,,,,,6.2,24.4,100.0,6.2
2019-06-18,,,,,,,,,,,,,1.3,16.5,100.0,1.3
2019-06-19,,,,,,,,,,3.2,23.9,100.0,1.3,13.6,100.0,1.3
2019-06-20,,,,,,,,,,,,,0.6,9.4,100.0,0.6
2019-06-21,99.6,80.5,95.1,,,,,,,,,,0.6,9.7,100.0,0.6
2019-06-22,99.2,77.6,96.4,,,,,,,,,,0.4,8.6,100.0,0.4
2019-06-23,98.6,70.7,92.6,,,,,,,0.0,8.5,100.0,0.6,9.1,100.0,0.6
2019-06-24,,,,0.2,3.6,100.0,,,,0.0,5.1,100.0,0.0,7.0,100.0,0.0
2019-06-25,,,,,,,,,,,,,0.0,6.5,100.0,0.0
2019-06-26,,,,0.0,0.3,100.0,,,,,,,0.0,5.2,100.0,0.0
2019-06-27,71.1,51.1,94.9,,,,,,,0.0,2.2,100.0,0.0,5.3,100.0,0.0
2019-06-28,24.5,30.1,94.3,,,,,,,0.0,1.9,100.0,0.0,4.2,100.0,0.0
2019-06-29,15.6,21.8,92.0,0.0,0.1,76.1,,,,,,,0.0,4.0,100.0,0.0
2019-06-30,,,,,,,,,,0.0,0.8,100.0,0.0,3.5,100.0,0.0
2019-07-01,,,,0.0,0.0,61.0,,,,0.0,0.9,100.0,0.0,2.9,100.0,0.0
2019-07-02,,,,,,,,,,0.0,0.3,100.0,0.0,2.6,100.0,0.0
2019-07-03,10.9,13.5,95.3,,,,,,,,,,0.0,2.7,100.0,0.0
2019-07-04,4.0,8.2,94.9,0.0,0.0,50.0,,,,,,,0.0,2.5,100.0,0.0
2019-07-05,0.4,4.5,91.5,,,,,,,,,,0.0,2.2,100.0,0.0
2019-07-06,,,,0.0,0.0,90.7,,,,,,,0.0,2.1,100.0,0.0
2019-07-07,,,,,,,,,,,,,0.0,2.3,100.0,0.0
2019-07-08,,,,,,,,,,,,,0.0,2.3,100.0,0.0
2019-07-09,2.4,7.2,96.6,0.0,0.0,66.1,,,,0.0,0.3,100.0,0.0,1.9,100.0,0.0
2019-07-10,1.2,6.1,96.0,,,,,,,,,,0.0,2.0,100.0,0.0
2019-07-11,1.0,6.9,93.4,,,,,,,0.0,0.2,100.0,0.0,1.9,100.0,0.0
2019-07-12,,,,,,,,,,,,,0.0,2.1,100.0,0.0
2019-07-13,,,,,,,,,,,,,0.0,1.8,100.0,0.0
2019-07-14,,,,0.0,0.0,100.0,,,,,,,0.0,1.8,100.0,0.0
2019-07-15,1.2,9.4,95.6,,,,,,,,,,0.0,1.9,100.0,0.0
2019-07-16,1.2,10.5,95.1,0.0,0.0,100.0,,,,,,,0.0,1.6,100.0,0.0
2019-07-17,1.0,10.7,93.6,,,,,,,,,,0.0,1.6,100.0,0.0
2019-07-18,,,,,,,,,,0.0,0.2,100.0,0.0,1.6,100.0,0.0
2019-07-19,,,,,,,,,,0.0,0.1,100.0,0.0,1.5,100.0,0.0
2019-07-20,,,,,,,,,,,,,0.0,1.7,100.0,0.0
2019-07-21,0.6,7.6,95.1,0.0,0.0,100.0,,,,,,,0.0,1.4,100.0,0.0
2019-07-22,0.4,7.2,93.8,,,,,,,,,,0.0,1.5,100.0,0.0
2019-07-23,0.6,7.7,94.3,,,,,,,,,,0.0,1.5,100.0,0.0
2019-07-24,,,,0.0,0.0,65.5,,,,,,,0.0,1.8,100.0,0.0
2019-07-25,,,,,,,,,,,,,0.0,1.7,100.0,0.0
2019-07-26,,,,,,,,,,,,,0.0,1.0,100.0,0.0
2019-07-27,0.4,7.6,94.1,,,,,,,,,,0.0,0.9,100.0,0.0
2019-07-28,1.4,7.4,94.5,,,,,,,,,,0.0,1.4,100.0,0.0
2019-07-29,1.2,8.1,93.0,,,,,,,0.0,0.1,45.6,0.0,1.3,100.0,0.0
2019-07-30,,,,,,,,,,,,,0.0,1.0,100.0,0.0
2019-07-31,,,,0.0,0.0,100.0,,,,,,,0.0,0.8,100.0,0.0
2019-08-01,,,,,,,,,,,,,0.0,1.0,100.0,0.0
2019-08-02,1.2,8.4,91.3,,,,,,,,,,0.0,0.8,100.0,0.0
2019-08-03,0.6,4.2,90.9,0.0,0.0,100.0,,,,0.0,0.1,100.0,0.0,0.5,100.0,0.0
2019-08-04,0.0,3.0,91.1,,,,,,,,,,0.0,0.6,100.0,0.0
2019-08-05,,,,,,,,,,,,,0.0,0.7,100.0,0.0
2019-08-06,,,,,,,,,,0.0,0.1,100.0,0.0,0.4,100.0,0.0
2019-08-07,,,,,,,,,,0.0,0.1,100.0,0.0,0.4,100.0,0.0
2019-08-08,0.0,2.0,88.6,0.0,0.0,100.0,,,,,,,0.0,0.4,100.0,0.0
2019-08-09,0.0,1.8,87.7,,,,0.0,0.0,100.0,0.0,0.0,100.0,0.0,0.4,100.0,0.0
2019-08-10,0.0,1.5,88.8,0.0,0.0,100.0,,,,0.0,0.0,100.0,0.0,0.3,100.0,0.0
2019-08-11,,,,,,,,,,0.0,0.0,100.0,0.0,0.3,100.0,0.0
2019-08-12,,,,,,,,,,,,,0.0,0.5,100.0,0.0
2019-08-13,,,,,,,,,,,,,0.0,0.8,100.0,0.0
2019-08-14,0.0,1.6,83.5,,,,,,,0.0,0.0,100.0,0.0,0.5,100.0,0.0
2019-08-15,0.0,1.6,85.8,0.0,0.0,86.6,,,,,,,0.0,0.6,100.0,0.0
2019-08-16,0.0,1.6,82.8,,,,,,,,,,0.0,0.9,100.0,0.0
2019-08-17,,,,,,,,,,,,,0.0,1.2,100.0,0.0
2019-08-18,,,,0.0,0.0,100.0,,,,0.0,0.0,100.0,0.0,0.6,100.0,0.0
2019-08-19,,,,,,,,,,,,,0.0,0.9,100.0,0.0
2019-08-20,0.0,2.1,83.5,,,,,,,,,,0.0,0.8,100.0,0.0
2019-08-21,0.0,1.9,81.6,,,,,,,0.0,0.0,100.0,0.0,0.9,100.0,0.0
2019-08-22,0.0,1.6,81.6,,,,,,,,,,0.0,0.7,100.0,0.0
2019-08-23,,,,,,,,,,,,,0.0,0.9,100.0,0.0
2019-08-24,,,,,,,,,,,,,0.0,0.8,100.0,0.0
2019-08-25,,,,0.0,0.0,94.3,,,,0.0,0.0,100.0,0.0,0.9,100.0,0.0
2019-08-26,0.2,2.1,82.2,,,,,,,0.0,0.0,100.0,0.0,0.8,100.0,0.0
2019-08-27,0.4,2.7,88.3,,,,,,,,,,0.0,1.0,100.0,0.0
2019-08-28,0.0,2.4,91.7,,,,,,,0.0,0.0,100.0,0.0,0.8,100.0,0.0
2019-08-29,,,,,,,,,,,,,0.0,0.8,100.0,0.0
2019-08-30,,,,,,,,,,,,,0.0,0.9,100.0,0.0
2019-08-31,,,,,,,,,,,,,0.0,1.0,100.0,0.0
2019-09-01,1.8,4.3,96.2,,,,,,,,,,0.0,1.2,100.0,0.0
2019-09-02,1.0,3.9,96.2,0.0,0.0,93.0,,,,,,,0.0,0.9,100.0,0.0
2019-09-03,0.6,4.3,95.8,,,,,,,,,,0.0,1.0,100.0,0.0
2019-09-04,,,,0.0,0.0,100.0,,,,,,,0.0,0.8,100.0,0.0
2019-09-05,,,,,,,,,,0.0,0.0,100.0,0.0,0.6,100.0,0.0
2019-09-06,,,,,,,,,,,,,0.0,0.6,100.0,0.0
2019-09-07,1.2,5.8,96.4,,,,,,,,,,0.0,0.7,100.0,0.0
2019-09-08,1.6,6.5,96.4,,,,,,,,,,0.0,0.6,100.0,0.0
2019-09-09,0.8,6.2,96.0,0.0,0.0,100.0,,,,,,,0.0,0.6,100.0,0.0
2019-09-10,,,,,,,,,,,,,0.0,0.5,100.0,0.0
2019-09-11,,,,,,,,,,,,,0.0,0.6,100.0,0.0
2019-09-12,,,,0.0,0.0,100.0,,,,,,,0.0,0.4,100.0,0.0
2019-09-13,2.0,8.1,96.4,,,,,,,,,,0.0,0.2,100.0,0.0
2019-09-14,,,,0.0,0.0,100.0,,,,,,,0.0,0.2,100.0,0.0
2019-09-15,1.8,8.9,95.3,,,,,,,,,,0.0,0.2,100.0,0.0
2019-09-16,,,,,,,,,,,,,0.0,0.2,100.0,0.0
2019-09-17,,,,0.0,0.0,100.0,,,,,,,0.0,0.4,100.0,0.0
2019-09-18,,,,,,,,,,,,,0.0,0.5,100.0,0.0
2019-09-19,2.0,8.9,95.8,,,,,,,,,,0.0,0.6,100.0,0.0
2019-09-20,0.6,5.0,94.1,,,,,,,,,,0.0,0.5,100.0,0.0
2019-09-21,0.0,4.5,93.4,,,,,,,,,,0.0,0.7,100.0,0.0
2019-09-22,,,,,,,,,,,,,0.0,0.9,100.0,0.0
2019-09-23,,,,,,,,,,0.0,0.0,100.0,0.0,0.8,100.0,0.0
2019-09-24,,,,,,,,,,0.0,0.0,100.0,0.0,0.9,100.0,0.0
2019-09-25,0.0,3.7,91.9,,,,,,,,,,0.0,1.2,100.0,0.0
2019-09-26,0.2,2.0,94.3,,,,,,,,,,0.0,1.7,100.0,0.0
2019-09-27,0.0,1.0,93.2,0.0,0.0,100.0,,,,0.0,0.0,100.0,0.0,1.2,100.0,0.0
2019-09-28,,,,,,,,,,,,,0.0,1.4,100.0,0.0
2019-09-29,,,,0.0,0.0,100.0,,,,,,,0.0,1.5,100.0,0.0
2019-09-30,,,,,,,,,,,,,0.0,2.0,100.0,0.0
2019-10-01,0.2,1.3,94.7,,,,,,,0.0,0.0,100.0,0.0,1.4,100.0,0.0
2019-10-02,0.4,0.8,94.7,0.0,0.0,91.7,,,,0.0,0.0,100.0,0.0,1.7,100.0,0.0
2019-10-03,0.0,0.6,95.3,,,,,,,,,,0.0,2.0,100.0,0.0
2019-10-04,,,,,,,,,,,,,0.0,2.5,100.0,0.0
2019-10-05,,,,,,,,,,0.0,0.0,100.0,0.0,1.9,100.0,0.0
2019-10-06,,,,,,,,,,,,,0.0,2.6,100.0,0.0
2019-10-07,0.0,0.4,94.9,0.0,0.0,100.0,,,,,,,0.0,2.0,100.0,0.0
2019-10-08,0.4,0.8,94.3,,,,,,,0.0,0.0,100.0,0.0,1.9,100.0,0.0
2019-10-09,0.0,0.6,93.9,,,,,,,0.0,0.0,100.0,0.0,1.4,100.0,0.0
2019-10-10,,,,,,,,,,,,,0.0,2.0,100.0,0.0
2019-10-11,,,,,,,,,,,,,0.0,1.7,100.0,0.0
2019-10-12,,,,,,,,,,,,,0.0,1.3,100.0,0.0
2019-10-13,0.2,1.1,95.1,,,,,,,,,,0.0,1.1,100.0,0.0
2019-10-14,0.0,1.1,93.8,,,,,,,,,,0.0,1.3,100.0,0.0
2019-10-15,0.2,1.3,95.1,,,,,,,,,,0.0,1.5,100.0,0.0
2019-10-16,,,,,,,,,,0.0,0.1,100.0,0.0,1.0,100.0,0.0
2019-10-17,,,,0.0,0.1,79.2,,,,0.0,0.1,100.0,0.0,1.1,100.0,0.0
2019-10-18,,,,,,,,,,,,,0.0,1.1,100.0,0.0
2019-10-19,0.0,1.1,94.9,,,,,,,,,,0.0,1.3,100.0,0.0
2019-10-20,0.2,1.1,95.6,,,,,,,0.0,0.3,100.0,0.0,0.9,100.0,0.0
2019-10-21,0.0,1.2,92.6,,,,,,,,,,0.0,1.4,100.0,0.0
2019-10-22,,,,,,,,,,,,,0.0,1.1,100.0,0.0
2019-10-23,,,,,,,,,,,,,0.0,1.5,100.0,0.0
2019-10-24,,,,,,,,,,0.0,0.4,100.0,0.0,1.2,100.0,0.0
2019-10-25,0.0,1.3,96.0,,,,,,,,,,0.0,1.9,100.0,0.0
2019-10-26,0.0,1.2,95.1,,,,,,,,,,0.0,1.6,100.0,0.0
2019-10-27,0.0,1.5,95.3,0.0,0.1,100.0,,,,,,,0.0,1.8,100.0,0.0
2019-10-28,,,,,,,,,,,,,0.0,1.7,100.0,0.0
2019-10-29,,,,,,,,,,,,,0.0,2.1,100.0,0.0
2019-10-30,,,,,,,,,,,,,0.0,1.8,100.0,0.0
2019-10-31,0.2,2.3,95.5,,,,,,,,,,0.0,2.0,100.0,0.0
2019-11-01,0.0,3.3,95.3,0.0,0.1,100.0,,,,0.0,0.4,100.0,0.0,1.6,100.0,0.0
2019-11-02,0.0,1.6,93.8,,,,,,,,,,0.0,2.1,100.0,0.0
2019-11-03,,,,,,,,,,,,,0.0,2.3,100.0,0.0
2019-11-04,,,,,,,,,,,,,0.0,2.7,100.0,0.0
2019-11-05,,,,,,,,,,0.0,2.5,100.0,0.0,2.7,100.0,0.0
2019-11-06,0.0,2.3,96.2,0.0,0.4,100.0,,,,,,,0.0,3.0,100.0,0.0
2019-11-07,0.0,1.5,96.2,,,,,,,,,,0.0,3.2,100.0,0.0
2019-11-08,0.0,1.6,96.0,,,,,,,0.0,7.8,100.0,0.0,3.3,100.0,0.0
2019-11-09,,,,,,,,,,,,,0.0,3.5,100.0,0.0
2019-11-10,,,,,,,,,,,,,0.0,3.2,100.0,0.0
2019-11-11,,,,,,,,,,,,,0.0,3.4,100.0,0.0
2019-11-12,0.0,1.1,95.1,,,,,,,,,,0.0,3.7,100.0,0.0
2019-11-13,0.2,1.0,92.4,0.0,1.9,100.0,0.0,0.8,100.0,,,,0.0,4.3,100.0,0.0
2019-11-14,0.0,1.3,93.6,,,,,,,,,,0.0,4.1,100.0,0.0
2019-11-15,,,,,,,,,,0.0,18.9,100.0,0.0,4.3,100.0,0.0
2019-11-16,,,,,,,,,,0.0,20.3,100.0,0.0,4.1,100.0,0.0
2019-11-17,,,,,,,,,,,,,0.0,5.8,100.0,0.0
2019-11-18,0.0,1.4,90.7,3.1,13.5,66.3,,,,,,,0.0,5.6,100.0,0.0
2019-11-19,0.2,1.6,90.7,,,,,,,,,,0.0,6.3,100.0,0.0
2019-11-20,0.0,1.7,90.0,,,,,,,31.4,42.7,100.0,0.0,6.9,100.0,0.0
2019-11-21,,,,3.5,15.2,59.8,,,,,,,0.0,10.7,100.0,0.0
2019-11-22,,,,,,,,,,,,,0.0,13.3,100.0,0.0
2019-11-23,,,,,,,,,,,,,0.0,16.5,100.0,0.0
2019-11-24,0.0,3.2,92.6,,,,,,,,,,0.0,19.8,100.0,0.0
2019-11-25,1.2,4.3,95.1,,,,,,,,,,0.2,27.4,100.0,0.2
2019-11-26,0.4,6.6,93.2,42.5,47.3,41.5,,,,,,,0.4,35.6,100.0,0.4
2019-11-27,,,,,,,,,,99.1,73.2,100.0,3.0,44.4,100.0,3.0
2019-11-28,,,,,,,,,,,,,22.7,53.5,100.0,22.7
2019-11-29,,,,,,,,,,,,,80.7,65.5,100.0,80.7
2019-11-30,1.4,9.8,95.1,,,,,,,,,,95.5,72.7,100.0,95.5
2019-12-01,2.4,14.8,93.6,,,,,,,98.7,70.3,100.0,99.1,81.6,100.0,99.1
2019-12-02,19.0,28.2,90.5,,,,,,,,,,99.2,85.6,100.0,99.2
2019-12-03,,,,97.7,84.3,100.0,,,,,,,99.4,88.4,100.0,99.4
2019-12-04,,,,,,,,,,100.0,91.5,100.0,99.6,90.5,100.0,99.6
2019-12-05,,,,,,,,,,,,,100.0,92.4,100.0,100.0
2019-12-06,44.8,39.5,91.3,99.1,94.6,100.0,,,,,,,100.0,95.0,100.0,100.0
2019-12-07,63.1,47.4,90.9,,,,,,,,,,100.0,94.8,100.0,100.0
2019-12-08,66.8,51.5,93.6,99.2,96.6,100.0,,,,100.0,95.7,100.0,100.0,95.5,100.0,100.0
2019-12-09,,,,,,,,,,100.0,98.9,100.0,100.0,95.6,100.0,100.0
2019-12-10,,,,,,,,,,,,,100.0,96.4,100.0,100.0
2019-12-11,,,,,,,,,,,,,100.0,96.3,100.0,100.0
2019-12-12,80.1,62.1,93.4,,,,,,,100.0,97.9,100.0,100.0,96.9,100.0,100.0
2019-12-13,79.9,60.3,90.5,,,,,,,100.0,99.3,100.0,100.0,97.0,100.0,100.0
2019-12-14,88.2,65.4,84.8,,,,,,,,,,100.0,97.4,100.0,100.0
2019-12-15,,,,,,,100.0,100.0,100.0,,,,100.0,97.9,100.0,100.0
2019-12-16,,,,,,,,,,100.0,99.2,100.0,100.0,97.8,100.0,100.0
2019-12-17,,,,,,,,,,100.0,99.1,100.0,100.0,97.9,100.0,100.0
2019-12-18,86.2,65.1,85.2,,,,,,,,,,100.0,98.3,100.0,100.0
2019-12-19,90.9,67.2,87.5,,,,,,,,,,100.0,98.0,100.0,100.0
2019-12-20,87.3,65.0,89.8,,,,,,,,,,100.0,97.8,100.0,100.0
2019-12-21,,,,100.0,98.9,100.0,,,,100.0,98.4,100.0,100.0,97.8,100.0,100.0
2019-12-22,,,,,,,,,,,,,100.0,98.1,100.0,100.0
2019-12-23,,,,,,,,,,,,,100.0,97.6,100.0,100.0
2019-12-24,83.7,62.6,96.2,,,,,,,,,,100.0,97.6,100.0,100.0
2019-12-25,89.7,64.2,86.4,,,,,,,100.0,99.3,100.0,100.0,98.0,100.0,100.0
2019-12-26,87.0,63.4,93.6,99.8,97.7,100.0,,,,,,,100.0,98.7,100.0,100.0
2019-12-27,,,,,,,,,,,,,100.0,98.5,100.0,100.0
2019-12-28,,,,99.8,98.6,100.0,,,,,,,100.0,99.0,100.0,100.0
2019-12-29,,,,,,,,,,100.0,99.1,100.0,100.0,99.0,100.0,100.0
2019-12-30,90.3,69.5,100.0,,,,,,,,,,100.0,99.3,100.0,100.0
2019-12-31,94.9,75.4,100.0,99.6,97.5,100.0,100.0,100.0,100.0,,,,100.0,99.5,100.0,100.0
2020-01-01,99.6,83.2,95.0,,,,,,,,,,99.8,99.1,100.0,99.8
2020-01-02,,,,99.4,97.7,100.0,,,,,,,99.8,99.4,100.0,99.8
2020-01-03,,,,,,,,,,,,,99.8,99.5,100.0,99.8
2020-01-04,,,,,,,,,,97.5,97.3,100.0,99.8,99.5,100.0,99.8
2020-01-05,99.8,85.9,97.5,99.2,96.8,100.0,,,,97.5,97.6,100.0,99.8,99.6,100.0,99.8
2020-01-06,99.8,86.4,97.3,,,,,,,,,,99.8,99.6,100.0,99.8
2020-01-07,100.0,89.4,95.6,99.2,97.3,100.0,,,,,,,100.0,99.7,100.0,100.0
2020-01-08,,,,,,,,,,,,,100.0,99.6,100.0,100.0
2020-01-09,,,,,,,,,,,,,100.0,99.6,100.0,100.0
2020-01-10,,,,99.6,98.6,91.0,,,,,,,100.0,99.7,100.0,100.0
2020-01-11,100.0,89.4,97.5,,,,,,,99.6,98.7,100.0,100.0,99.7,100.0,100.0
2020-01-12,99.8,88.2,97.5,99.4,97.4,100.0,,,,100.0,99.1,100.0,100.0,99.7,100.0,100.0
2020-01-13,100.0,88.7,95.2,,,,,,,,,,100.0,99.7,100.0,100.0
2020-01-14,,,,,,,,,,,,,100.0,99.7,100.0,100.0
2020-01-15,,,,99.6,98.3,100.0,,,,,,,100.0,99.8,100.0,100.0
2020-01-16,,,,,,,100.0,100.0,100.0,100.0,99.6,100.0,100.0,99.8,100.0,100.0
2020-01-17,100.0,89.5,95.6,,,,,,,,,,100.0,99.8,100.0,100.0
2020-01-18,100.0,89.3,95.0,,,,,,,,,,100.0,99.8,100.0,100.0
2020-01-19,100.0,89.7,92.3,,,,,,,,,,100.0,99.9,100.0,100.0
2020-01-20,,,,99.6,98.2,100.0,,,,100.0,99.7,100.0,100.0,99.9,100.0,100.0
2020-01-21,,,,,,,,,,,,,100.0,99.9,100.0,100.0
2020-01-22,,,,99.6,98.6,100.0,,,,,,,100.0,99.9,100.0,100.0
2020-01-23,100.0,90.8,93.3,,,,,,,,,,100.0,99.9,100.0,100.0
2020-01-24,100.0,91.3,92.1,,,,,,,,,,100.0,99.9,100.0,100.0
2020-01-25,100.0,91.6,92.5,99.6,99.0,100.0,,,,,,,100.0,99.8,100.0,100.0
2020-01-26,,,,,,,,,,,,,100.0,99.8,100.0,100.0
2020-01-27,,,,99.6,99.4,100.0,,,,100.0,99.8,100.0,100.0,99.8,100.0,100.0
2020-01-28,,,,,,,,,,100.0,99.8,100.0,100.0,99.8,100.0,100.0
2020-01-29,100.0,93.3,94.4,,,,,,,,,,100.0,99.8,100.0,100.0
2020-01-30,100.0,92.4,95.0,99.6,98.7,100.0,,,,,,,100.0,99.8,100.0,100.0
2020-01-31,100.0,93.3,95.6,,,,,,,100.0,99.9,100.0,100.0,99.8,100.0,100.0
2020-02-01,,,,100.0,99.6,100.0,100.0,100.0,100.0,,,,100.0,99.8,100.0,100.0
2020-02-02,,,,,,,,,,,,,100.0,99.8,100.0,100.0
2020-02-03,,,,,,,,,,,,,100.0,99.8,100.0,100.0
2020-02-04,100.0,94.4,96.2,,,,,,,,,,100.0,99.8,100.0,100.0
2020-02-05,100.0,94.2,96.7,,,,,,,100.0,99.9,100.0,100.0,99.8,100.0,100.0
2020-02-06,100.0,95.4,93.9,99.6,98.8,100.0,,,,,,,100.0,99.9,100.0,100.0
2020-02-07,,,,,,,,,,,,,100.0,99.8,100.0,100.0
2020-02-08,,,,,,,,,,100.0,99.9,100.0,100.0,99.9,100.0,100.0
2020-02-09,,,,100.0,99.6,100.0,,,,,,,100.0,99.9,100.0,100.0
2020-02-10,100.0,96.4,96.4,,,,,,,,,,100.0,99.8,100.0,100.0
2020-02-11,100.0,97.0,96.7,,,,,,,,,,100.0,99.8,100.0,100.0
2020-02-12,100.0,97.1,93.3,,,,,,,,,,100.0,99.8,100.0,100.0
2020-02-13,,,,,,,,,,100.0,99.9,100.0,100.0,99.8,100.0,100.0
2020-02-14,,,,100.0,99.6,100.0,,,,,,,100.0,99.8,100.0,100.0
2020-02-15,,,,,,,,,,,,,100.0,99.8,100.0,100.0
2020-02-16,100.0,97.9,97.1,,,,,,,,,,100.0,99.9,100.0,100.0
2020-02-17,100.0,97.8,96.5,,,,100.0,99.9,100.0,,,,100.0,99.9,100.0,100.0
2020-02-18,100.0,98.6,93.9,,,,,,,,,,100.0,99.9,100.0,100.0
2020-02-19,,,,,,,,,,,,,100.0,99.9,100.0,100.0
2020-02-20,,,,,,,,,,100.0,99.9,100.0,100.0,99.9,100.0,100.0
2020-02-21,,,,100.0,99.7,100.0,,,,100.0,99.9,100.0,100.0,99.9,100.0,100.0
2020-02-22,100.0,98.8,96.5,,,,,,,,,,100.0,99.9,100.0,100.0
2020-02-23,100.0,98.9,96.5,,,,,,,,,,100.0,99.9,100.0,100.0
2020-02-24,100.0,99.1,94.8,100.0,99.7,100.0,,,,,,,100.0,99.9,100.0,100.0
2020-02-25,,,,,,,,,,,,,100.0,99.8,100.0,100.0
2020-02-26,,,,,,,,,,,,,100.0,99.7,100.0,100.0
2020-02-27,,,,,,,,,,,,,100.0,99.7,100.0,100.0
2020-02-28,100.0,99.3,97.5,,,,,,,,,,100.0,99.8,100.0,100.0
2020-02-29,100.0,99.3,93.7,100.0,100.0,91.6,,,,,,,100.0,99.8,100.0,100.0
2020-03-01,100.0,99.3,89.3,,,,,,,,,,100.0,99.8,100.0,100.0
2020-03-02,,,,,,,,,,,,,100.0,99.8,100.0,100.0
2020-03-03,,,,,,,,,,100.0,100.0,100.0,100.0,99.8,100.0,100.0
2020-03-04,,,,,,,100.0,100.0,100.0,,,,100.0,99.9,100.0,100.0
2020-03-05,100.0,99.2,94.6,,,,,,,,,,100.0,99.9,100.0,100.0
2020-03-06,100.0,99.1,96.9,,,,,,,,,,100.0,99.9,100.0,100.0
2020-03-07,100.0,98.6,87.7,100.0,99.7,100.0,,,,100.0,100.0,100.0,100.0,100.0,100.0,100.0
2020-03-08,,,,,,,,,,,,,100.0,99.9,100.0,100.0
2020-03-09,,,,,,,,,,,,,100.0,99.9,100.0,100.0
2020-03-10,,,,,,,,,,,,,100.0,99.9,100.0,100.0
2020-03-11,100.0,98.8,96.7,,,,,,,,,,100.0,100.0,100.0,100.0
2020-03-12,100.0,98.1,97.1,100.0,99.6,100.0,,,,,,,100.0,100.0,100.0,100.0
2020-03-13,100.0,98.2,94.8,,,,,,,,,,100.0,100.0,100.0,100.0
2020-03-14,,,,,,,,,,100.0,100.0,100.0,100.0,99.9,100.0,100.0
2020-03-15,,,,99.8,99.4,100.0,,,,100.0,100.0,100.0,100.0,99.9,100.0,100.0
2020-03-16,,,,,,,,,,,,,100.0,99.9,100.0,100.0
2020-03-17,100.0,98.0,94.4,100.0,99.3,100.0,,,,,,,100.0,99.9,100.0,100.0
2020-03-18,100.0,97.2,93.7,,,,,,,100.0,100.0,100.0,100.0,99.9,100.0,100.0
2020-03-19,100.0,96.7,93.1,,,,,,,100.0,100.0,100.0,100.0,99.9,100.0,100.0
2020-03-20,,,,100.0,99.5,100.0,,,,,,,100.0,99.8,100.0,100.0
2020-03-21,,,,,,,,,,,,,100.0,99.8,100.0,100.0
2020-03-22,,,,,,,,,,100.0,100.0,100.0,100.0,99.8,100.0,100.0
2020-03-23,100.0,96.0,93.5,,,,,,,100.0,100.0,100.0,100.0,99.8,100.0,100.0
2020-03-24,100.0,95.2,96.7,,,,,,,,,,100.0,99.7,100.0,100.0
2020-03-25,100.0,93.4,89.8,,,,,,,,,,100.0,99.7,100.0,100.0
2020-03-26,,,,,,,,,,100.0,100.0,100.0,100.0,99.7,100.0,100.0
2020-03-27,,,,,,,,,,100.0,100.0,100.0,100.0,99.7,100.0,100.0
2020-03-28,,,,,,,,,,,,,100.0,99.6,100.0,100.0
2020-03-29,100.0,93.9,97.1,,,,,,,,,,100.0,99.6,100.0,100.0
2020-03-30,100.0,92.4,97.3,,,,,,,100.0,99.9,100.0,100.0,99.6,100.0,100.0
2020-03-31,99.8,89.6,95.2,,,,,,,100.0,99.8,100.0,100.0,99.6,100.0,100.0
2020-04-01,,,,100.0,99.4,100.0,,,,,,,100.0,99.6,100.0,100.0
2020-04-02,,,,,,,,,,,,,100.0,99.6,100.0,100.0
2020-04-03,,,,,,,,,,100.0,99.8,100.0,100.0,99.6,100.0,100.0
2020-04-04,99.8,90.7,97.7,100.0,99.4,100.0,,,,100.0,99.6,100.0,100.0,99.7,100.0,100.0
2020-04-05,99.8,87.6,95.6,,,,100.0,99.8,100.0,,,,100.0,99.7,100.0,100.0
2020-04-06,99.4,85.6,96.2,100.0,98.6,100.0,,,,,,,100.0,99.7,100.0,100.0
2020-04-07,,,,,,,,,,100.0,99.6,100.0,100.0,99.6,100.0,100.0
2020-04-08,,,,,,,,,,100.0,99.2,100.0,100.0,99.6,100.0,100.0
2020-04-09,,,,100.0,97.8,100.0,,,,,,,100.0,99.5,100.0,100.0
2020-04-10,99.4,80.7,96.2,,,,,,,,,,100.0,99.4,100.0,100.0
2020-04-11,99.2,78.7,98.5,99.8,96.9,100.0,,,,100.0,99.1,100.0,100.0,99.4,100.0,100.0
2020-04-12,98.3,75.7,91.7,,,,,,,100.0,98.6,100.0,100.0,99.4,100.0,100.0
2020-04-13,,,,,,,,,,,,,100.0,99.2,100.0,100.0
2020-04-14,,,,100.0,98.0,100.0,100.0,99.3,92.5,,,,100.0,99.4,100.0,100.0
2020-04-15,,,,,,,,,,100.0,98.4,100.0,100.0,99.0,100.0,100.0
2020-04-16,95.7,66.4,90.0,100.0,98.1,100.0,,,,,,,100.0,99.3,100.0,100.0
2020-04-17,74.0,54.2,98.3,,,,,,,,,,100.0,99.0,100.0,100.0
2020-04-18,42.9,41.4,98.5,,,,,,,,,,100.0,98.9,100.0,100.0
2020-04-19,,,,,,,,,,,,,100.0,98.6,100.0,100.0
2020-04-20,,,,,,,,,,100.0,97.9,100.0,100.0,98.6,100.0,100.0
2020-04-21,,,,,,,,,,,,,100.0,98.5,100.0,100.0
2020-04-22,39.2,39.3,90.0,,,,,,,,,,100.0,98.4,100.0,100.0
2020-04-23,31.8,34.4,97.7,,,,,,,,,,100.0,97.9,100.0,100.0
2020-04-24,46.9,41.7,99.8,100.0,99.3,100.0,,,,100.0,98.5,100.0,100.0,98.2,100.0,100.0
2020-04-25,,,,,,,,,,,,,100.0,97.8,100.0,100.0
2020-04-26,,,,,,,,,,,,,100.0,97.6,100.0,100.0
2020-04-27,,,,,,,,,,100.0,97.4,100.0,100.0,97.1,100.0,100.0
2020-04-28,44.1,41.2,100.0,,,,,,,,,,99.8,97.1,100.0,99.8
2020-04-29,59.8,47.9,99.8,100.0,99.8,100.0,,,,,,,99.8,97.4,100.0,99.8
2020-04-30,69.8,53.2,99.8,,,,,,,,,,98.8,96.5,100.0,98.8
2020-05-01,,,,,,,,,,,,,98.8,95.5,100.0,98.8
2020-05-02,,,,,,,,,,,,,98.7,95.3,100.0,98.7
2020-05-03,,,,,,,,,,,,,98.7,95.0,100.0,98.7
2020-05-04,69.3,53.4,100.0,100.0,99.5,100.0,,,,,,,98.7,95.7,100.0,98.7
2020-05-05,73.7,58.0,99.8,,,,,,,,,,98.8,95.6,100.0,98.8
2020-05-06,79.7,62.8,99.0,100.0,98.6,100.0,,,,,,,99.2,95.8,100.0,99.2
2020-05-07,,,,,,,99.6,94.7,91.6,,,,99.8,96.0,100.0,99.8
2020-05-08,,,,,,,,,,,,,99.4,95.7,100.0,99.4
2020-05-09,,,,100.0,97.6,100.0,,,,,,,100.0,96.5,100.0,100.0
2020-05-10,82.9,64.5,98.8,,,,,,,,,,100.0,96.7,100.0,100.0
2020-05-11,82.3,63.4,97.5,,,,,,,,,,100.0,96.3,100.0,100.0
2020-05-12,83.8,63.9,98.1,,,,,,,100.0,96.9,100.0,100.0,96.6,100.0,100.0
2020-05-13,,,,,,,,,,,,,100.0,96.0,100.0,100.0
2020-05-14,,,,100.0,98.2,93.1,,,,,,,100.0,97.0,100.0,100.0
2020-05-15,,,,,,,,,,,,,100.0,95.8,100.0,100.0
2020-05-16,85.0,64.6,97.3,100.0,95.4,99.2,,,,100.0,93.1,100.0,100.0,96.2,100.0,100.0
2020-05-17,81.4,62.7,96.9,,,,,,,99.4,90.5,100.0,100.0,95.0,100.0,100.0
2020-05-18,84.8,67.0,96.0,,,,,,,,,,100.0,95.2,100.0,100.0
2020-05-19,,,,100.0,92.8,100.0,,,,,,,99.8,94.7,100.0,99.8
2020-05-20,,,,,,,,,,99.4,82.1,100.0,99.8,93.2,100.0,99.8
2020-05-21,,,,96.2,76.8,100.0,,,,95.2,72.8,100.0,99.4,91.8,100.0,99.4
2020-05-22,81.4,64.7,97.1,,,,,,,,,,99.2,90.9,100.0,99.2
2020-05-23,25.9,33.4,97.9,,,,36.1,36.1,32.4,,,,98.8,88.4,100.0,98.8
2020-05-24,23.7,32.3,95.6,82.7,62.9,100.0,,,,89.3,67.0,100.0,97.9,86.3,100.0,97.9
2020-05-25,,,,,,,,,,82.3,63.9,100.0,94.6,81.4,100.0,94.6
2020-05-26,,,,32.2,37.4,100.0,,,,,,,91.2,77.0,100.0,91.2
2020-05-27,,,,,,,,,,,,,86.8,70.4,100.0,86.8
2020-05-28,6.4,20.2,98.3,,,,,,,75.4,57.5,100.0,63.3,62.5,100.0,63.3
2020-05-29,2.7,17.1,98.1,1.9,8.5,69.1,,,,49.1,44.6,100.0,23.4,49.1,100.0,23.4
2020-05-30,0.2,7.1,97.5,,,,,,,,,,6.9,35.0,100.0,6.9
2020-05-31,,,,,,,,,,,,,4.0,26.8,100.0,4.0
2020-06-01,,,,,,,,,,,,,2.3,20.2,100.0,2.3
2020-06-02,,,,,,,,,,0.0,19.1,62.6,1.3,14.7,100.0,1.3
2020-06-03,0.0,5.7,98.5,0.0,1.1,100.0,,,,,,,0.6,9.9,100.0,0.6
2020-06-04,0.0,4.9,98.3,,,,,,,,,,0.2,7.4,100.0,0.2
2020-06-05,0.0,4.3,94.2,,,,,,,,,,0.0,5.9,100.0,0.0
2020-06-06,,,,,,,,,,,,,0.0,4.7,100.0,0.0
2020-06-07,,,,,,,,,,,,,0.0,3.9,100.0,0.0
2020-06-08,,,,,,,,,,,,,0.0,3.6,100.0,0.0
2020-06-09,0.2,10.3,97.3,,,,,,,,,,0.0,3.3,100.0,0.0
2020-06-10,0.0,3.5,97.7,,,,,,,,,,0.0,3.2,100.0,0.0
2020-06-11,,,,,,,,,,,,,0.0,4.1,100.0,0.0
2020-06-12,,,,,,,,,,,,,0.0,3.2,100.0,0.0
2020-06-13,,,,,,,,,,22.1,29.1,100.0,0.0,3.0,100.0,0.0
2020-06-14,,,,,,,,,,,,,0.0,2.6,100.0,0.0
2020-06-15,0.0,3.5,95.6,,,,,,,,,,0.0,2.9,100.0,0.0
2020-06-16,0.0,3.4,97.5,,,,,,,0.0,8.0,100.0,0.0,2.6,100.0,0.0
2020-06-17,0.0,3.2,96.4,,,,,,,,,,0.0,2.5,100.0,0.0
2020-06-18,,,,0.0,0.1,98.5,,,,,,,0.0,2.5,100.0,0.0
2020-06-19,,,,,,,,,,,,,0.0,2.8,100.0,0.0
2020-06-20,,,,0.0,0.1,97.5,,,,0.0,2.3,100.0,0.0,2.5,100.0,0.0
2020-06-21,0.0,4.3,99.2,,,,,,,0.0,0.5,100.0,0.0,2.5,100.0,0.0
2020-06-22,0.0,3.2,99.0,,,,,,,0.0,0.5,100.0,0.0,2.1,100.0,0.0
2020-06-23,,,,0.0,0.0,100.0,,,,,,,0.0,2.3,100.0,0.0
2020-06-24,,,,,,,,,,,,,0.0,2.3,100.0,0.0
2020-06-25,,,,0.0,0.0,99.6,,,,0.0,0.1,100.0,0.0,2.0,100.0,0.0
2020-06-26,,,,,,,,,,0.0,0.1,100.0,0.0,1.7,100.0,0.0
2020-06-27,0.0,4.3,99.8,,,,,,,,,,0.0,2.1,100.0,0.0
2020-06-28,0.0,4.2,97.3,,,,,,,0.0,0.1,100.0,0.0,2.1,100.0,0.0
2020-06-29,0.0,5.3,96.4,,,,,,,,,,0.0,2.4,100.0,0.0
2020-06-30,,,,0.0,0.0,100.0,,,,0.0,0.1,100.0,0.0,1.4,100.0,0.0
2020-07-01,,,,,,,,,,,,,0.0,1.9,100.0,0.0
2020-07-02,,,,,,,,,,,,,0.0,1.9,100.0,0.0
2020-07-03,0.0,5.6,98.8,,,,,,,,,,0.0,2.3,100.0,0.0
2020-07-04,0.0,3.4,99.2,,,,,,,0.0,0.0,100.0,0.0,1.5,100.0,0.0
2020-07-05,0.0,3.0,97.1,0.0,0.0,100.0,,,,,,,0.0,1.7,100.0,0.0
2020-07-06,,,,,,,,,,,,,0.0,1.8,100.0,0.0
2020-07-07,,,,,,,,,,,,,0.0,2.0,100.0,0.0
2020-07-08,,,,0.0,0.0,100.0,,,,0.0,0.0,100.0,0.0,1.5,100.0,0.0
2020-07-09,0.0,2.5,97.5,,,,,,,0.0,0.0,100.0,0.0,1.5,100.0,0.0
2020-07-10,0.0,2.4,96.5,0.0,0.0,61.4,,,,,,,0.0,1.2,100.0,0.0
2020-07-11,0.0,2.2,96.2,,,,,,,,,,0.0,1.6,100.0,0.0
2020-07-12,,,,,,,,,,,,,0.0,1.5,100.0,0.0
2020-07-13,,,,,,,,,,,,,0.0,2.1,100.0,0.0
2020-07-14,,,,,,,,,,,,,0.0,1.3,100.0,0.0
2020-07-15,0.0,2.1,96.7,,,,,,,,,,0.0,1.5,100.0,0.0
2020-07-16,0.2,2.5,97.5,,,,,,,,,,0.0,1.5,100.0,0.0
2020-07-17,0.2,2.6,94.2,,,,,,,0.0,0.0,100.0,0.0,1.3,100.0,0.0
2020-07-18,,,,0.0,0.0,100.0,,,,0.0,0.0,100.0,0.0,1.2,100.0,0.0
2020-07-19,,,,,,,,,,,,,0.0,1.4,100.0,0.0
2020-07-20,,,,0.0,0.0,100.0,,,,,,,0.0,1.2,100.0,0.0
2020-07-21,0.0,3.9,96.5,,,,,,,,,,0.0,1.2,100.0,0.0
2020-07-22,0.0,3.5,95.8,,,,,,,,,,0.0,1.2,100.0,0.0
2020-07-23,0.0,3.0,94.0,0.0,0.0,100.0,,,,,,,0.0,1.4,100.0,0.0
2020-07-24,,,,,,,,,,,,,0.0,1.4,100.0,0.0
2020-07-25,,,,0.0,0.0,100.0,,,,0.0,0.0,100.0,0.0,0.9,100.0,0.0
2020-07-26,,,,,,,,,,0.0,0.0,100.0,0.0,1.3,100.0,0.0
2020-07-27,0.0,3.2,93.1,,,,,,,,,,0.0,1.3,100.0,0.0
2020-07-28,0.0,1.5,91.7,0.0,0.0,100.0,,,,,,,0.0,1.1,100.0,0.0
2020-07-29,0.0,1.5,91.0,,,,,,,,,,0.0,0.8,100.0,0.0
2020-07-30,,,,,,,,,,,,,0.0,0.9,100.0,0.0
2020-07-31,,,,,,,,,,,,,0.0,1.1,100.0,0.0
2020-08-01,,,,,,,,,,,,,0.0,1.3,100.0,0.0
2020-08-02,0.0,1.3,92.5,0.0,0.0,100.0,,,,0.0,0.0,100.0,0.0,0.9,100.0,0.0
2020-08-03,0.0,1.5,93.7,,,,,,,,,,0.0,1.1,100.0,0.0
2020-08-04,0.0,1.6,92.1,0.0,0.0,100.0,,,,,,,0.0,1.1,100.0,0.0
2020-08-05,,,,,,,,,,,,,0.0,1.3,100.0,0.0
2020-08-06,,,,,,,,,,0.0,0.0,100.0,0.0,0.9,100.0,0.0
2020-08-07,,,,0.0,0.0,100.0,,,,0.0,0.0,100.0,0.0,0.8,100.0,0.0
2020-08-08,0.0,2.2,94.8,,,,,,,,,,0.0,0.9,100.0,0.0
2020-08-09,0.0,2.5,94.2,0.0,0.0,100.0,,,,,,,0.0,0.8,100.0,0.0
2020-08-10,0.0,3.0,91.4,,,,,,,,,,0.0,0.8,100.0,0.0
2020-08-11,,,,,,,0.0,0.0,37.0,0.0,0.0,100.0,0.0,0.6,100.0,0.0
2020-08-12,,,,0.0,0.0,100.0,,,,,,,0.0,0.8,100.0,0.0
2020-08-13,,,,,,,,,,,,,0.0,0.6,100.0,0.0
2020-08-14,0.0,4.1,89.8,,,,,,,0.0,0.0,100.0,0.0,0.6,100.0,0.0
2020-08-15,0.0,4.7,88.3,,,,,,,0.0,0.0,100.0,0.0,0.4,100.0,0.0
2020-08-16,0.0,5.7,93.9,,,,,,,,,,0.0,0.7,100.0,0.0
2020-08-17,,,,,,,,,,,,,0.0,0.7,100.0,0.0
2020-08-18,,,,,,,,,,,,,0.0,0.7,100.0,0.0
2020-08-19,,,,0.0,0.0,100.0,,,,0.0,0.1,100.0,0.0,0.5,100.0,0.0
2020-08-20,0.2,5.2,99.4,,,,,,,,,,0.0,0.6,100.0,0.0
2020-08-21,0.0,5.0,90.6,,,,,,,,,,0.0,0.7,100.0,0.0
2020-08-22,0.0,4.5,89.3,0.0,0.0,64.9,,,,0.0,0.1,100.0,0.0,0.6,100.0,0.0
2020-08-23,,,,,,,,,,0.0,0.1,100.0,0.0,0.5,100.0,0.0
2020-08-24,,,,0.0,0.0,98.7,,,,,,,0.0,0.6,100.0,0.0
2020-08-25,,,,,,,,,,,,,0.0,0.7,100.0,0.0
2020-08-26,0.0,5.3,92.5,,,,,,,0.0,0.1,100.0,0.0,0.7,100.0,0.0
2020-08-27,0.0,4.7,99.6,0.0,0.0,100.0,0.0,0.0,54.5,0.0,0.0,100.0,0.0,0.6,100.0,0.0
2020-08-28,0.0,4.4,96.9,,,,,,,,,,0.0,0.8,100.0,0.0
2020-08-29,,,,,,,,,,,,,0.0,0.8,100.0,0.0
2020-08-30,,,,,,,,,,,,,0.0,1.0,100.0,0.0
2020-08-31,,,,,,,,,,0.0,0.0,100.0,0.0,0.9,100.0,0.0
2020-09-01,0.0,5.8,99.4,0.0,0.0,65.1,,,,,,,0.0,1.2,100.0,0.0
2020-09-02,0.0,6.2,99.6,,,,,,,,,,0.0,1.3,100.0,0.0
2020-09-03,0.0,7.7,97.3,0.0,0.0,100.0,,,,0.0,0.0,100.0,0.0,1.2,100.0,0.0
2020-09-04,,,,,,,,,,0.0,0.0,100.0,0.0,1.2,100.0,0.0
2020-09-05,,,,,,,,,,,,,0.0,1.4,100.0,0.0
2020-09-06,,,,0.0,0.0,91.4,,,,,,,0.0,1.2,100.0,0.0
2020-09-07,0.0,6.2,99.0,,,,,,,0.0,0.0,100.0,0.0,1.1,100.0,0.0
2020-09-08,0.0,6.1,99.6,0.0,0.0,100.0,,,,,,,0.0,1.0,100.0,0.0
2020-09-09,0.0,6.0,95.4,,,,,,,,,,0.0,1.1,100.0,0.0
2020-09-10,,,,,,,,,,,,,0.0,1.0,100.0,0.0
2020-09-11,,,,,,,,,,,,,0.0,1.2,100.0,0.0
2020-09-12,,,,,,,,,,,,,0.0,1.4,100.0,0.0
2020-09-13,0.0,6.4,96.5,,,,,,,,,,0.0,1.5,100.0,0.0
2020-09-14,0.0,7.3,96.5,,,,,,,,,,0.0,1.3,100.0,0.0
2020-09-15,0.0,10.0,96.0,,,,,,,,,,0.0,1.0,100.0,0.0
2020-09-16,,,,0.0,0.0,100.0,,,,,,,0.0,1.1,100.0,0.0
2020-09-17,,,,,,,,,,,,,0.0,1.0,100.0,0.0
2020-09-18,,,,0.0,0.0,100.0,,,,0.0,0.0,100.0,0.0,1.0,100.0,0.0
2020-09-19,1.8,14.2,96.4,,,,,,,,,,0.0,1.0,100.0,0.0
2020-09-20,6.0,21.5,95.6,,,,,,,,,,0.0,1.3,100.0,0.0
2020-09-21,8.3,21.8,96.5,,,,,,,,,,0.0,1.4,100.0,0.0
2020-09-22,,,,,,,,,,,,,0.0,2.2,100.0,0.0
2020-09-23,,,,,,,,,,,,,0.0,1.9,100.0,0.0
2020-09-24,,,,,,,,,,,,,0.0,2.6,100.0,0.0
2020-09-25,4.6,18.9,96.4,,,,,,,,,,0.0,3.1,100.0,0.0
2020-09-26,0.8,13.4,97.5,,,,,,,,,,0.0,4.4,100.0,0.0
2020-09-27,1.8,14.1,96.7,,,,,,,,,,0.0,2.9,100.0,0.0
2020-09-28,,,,0.0,0.0,100.0,,,,,,,0.0,2.7,100.0,0.0
2020-09-29,,,,,,,,,,,,,0.0,3.1,100.0,0.0
2020-09-30,,,,,,,,,,0.0,0.0,100.0,0.0,3.0,100.0,0.0
2020-10-01,0.2,8.0,97.5,,,,,,,,,,0.0,2.8,100.0,0.0
2020-10-02,0.2,6.9,98.1,,,,,,,,,,0.0,2.1,100.0,0.0
2020-10-03,0.0,7.4,97.3,,,,,,,,,,0.0,2.4,100.0,0.0
2020-10-04,,,,,,,,,,,,,0.0,3.0,100.0,0.0
2020-10-05,,,,,,,,,,,,,0.0,2.5,100.0,0.0
2020-10-06,,,,0.0,0.2,100.0,,,,,,,0.0,2.2,100.0,0.0
2020-10-07,0.0,5.7,97.7,,,,,,,,,,0.0,2.5,100.0,0.0
2020-10-08,0.0,5.5,96.2,0.0,0.9,100.0,,,,0.0,0.0,100.0,0.0,1.6,100.0,0.0
2020-10-09,0.0,4.4,96.4,,,,,,,,,,0.0,1.8,100.0,0.0
2020-10-10,,,,,,,,,,,,,0.0,1.7,100.0,0.0
2020-10-11,,,,0.6,3.8,100.0,,,,,,,0.0,2.0,100.0,0.0
2020-10-12,,,,,,,,,,0.0,0.0,100.0,0.0,1.4,100.0,0.0
2020-10-13,0.0,5.6,97.9,0.8,4.1,100.0,,,,0.0,0.0,100.0,0.0,1.5,100.0,0.0
2020-10-14,0.0,6.4,97.3,,,,,,,,,,0.0,2.2,100.0,0.0
2020-10-15,0.0,6.2,95.4,,,,,,,,,,0.0,2.3,100.0,0.0
2020-10-16,,,,1.2,4.1,100.0,,,,0.0,0.0,100.0,0.0,1.3,100.0,0.0
2020-10-17,,,,,,,,,,0.0,0.0,100.0,0.0,1.1,100.0,0.0
2020-10-18,,,,0.4,2.8,100.0,,,,,,,0.0,1.8,100.0,0.0
2020-10-19,0.4,10.5,96.5,,,,,,,,,,0.0,1.6,100.0,0.0
2020-10-20,0.2,6.7,97.7,,,,,,,,,,0.0,1.6,100.0,0.0
2020-10-21,0.0,6.9,98.1,,,,,,,0.0,0.1,100.0,0.0,1.2,100.0,0.0
2020-10-22,,,,,,,,,,,,,0.0,2.0,100.0,0.0
2020-10-23,,,,,,,,,,,,,0.0,1.3,100.0,0.0
2020-10-24,,,,,,,,,,0.0,0.1,100.0,0.0,1.1,100.0,0.0
2020-10-25,0.2,5.6,97.3,,,,,,,0.0,0.1,100.0,0.0,0.9,100.0,0.0
2020-10-26,0.6,6.8,99.2,,,,,,,,,,0.0,1.4,100.0,0.0
2020-10-27,1.0,6.7,97.9,,,,,,,,,,0.0,1.0,100.0,0.0
2020-10-28,,,,1.0,5.4,55.7,,,,0.0,0.1,100.0,0.0,1.0,100.0,0.0
2020-10-29,,,,,,,,,,0.0,0.3,100.0,0.0,1.0,100.0,0.0
2020-10-30,,,,,,,0.2,0.7,98.3,,,,0.0,1.5,100.0,0.0
2020-10-31,0.8,7.3,98.5,0.0,1.7,100.0,,,,,,,0.0,1.2,100.0,0.0
2020-11-01,1.0,8.5,99.6,,,,,,,0.0,0.6,100.0,0.0,1.1,100.0,0.0
2020-11-02,0.8,8.9,97.3,0.2,1.6,100.0,,,,,,,0.0,1.0,100.0,0.0
2020-11-03,,,,,,,,,,,,,0.0,1.9,100.0,0.0
2020-11-04,,,,,,,,,,,,,0.0,1.8,100.0,0.0
2020-11-05,,,,0.2,1.1,100.0,,,,,,,0.0,2.2,100.0,0.0
2020-11-06,3.7,8.9,97.5,,,,,,,,,,0.0,2.0,100.0,0.0
2020-11-07,4.0,12.9,96.4,0.0,0.8,100.0,,,,,,,0.0,3.6,100.0,0.0
2020-11-08,3.2,9.7,94.8,,,,,,,,,,0.0,3.4,100.0,0.0
2020-11-09,,,,,,,,,,,,,0.0,2.9,100.0,0.0
2020-11-10,,,,0.0,0.7,100.0,,,,,,,0.0,3.0,100.0,0.0
2020-11-11,,,,,,,,,,,,,0.0,4.9,100.0,0.0
2020-11-12,3.5,8.6,93.1,0.0,0.7,100.0,,,,,,,0.0,4.9,100.0,0.0
2020-11-13,0.8,5.8,92.1,,,,,,,,,,0.0,5.9,100.0,0.0
2020-11-14,,,,,,,,,,,,,0.0,6.1,100.0,0.0
2020-11-15,,,,0.0,0.6,100.0,,,,,,,0.0,10.1,100.0,0.0
2020-11-16,,,,,,,,,,,,,0.0,12.2,100.0,0.0
2020-11-17,,,,0.0,0.5,100.0,,,,0.0,1.2,100.0,0.0,10.8,100.0,0.0
2020-11-18,0.2,5.9,90.8,,,,,,,,,,0.0,14.2,100.0,0.0
2020-11-19,0.4,7.7,88.7,,,,,,,,,,0.0,15.3,100.0,0.0
2020-11-20,0.0,5.0,86.6,0.0,0.4,100.0,,,,,,,0.0,16.7,100.0,0.0
2020-11-21,,,,,,,,,,,,,0.0,18.4,100.0,0.0
2020-11-22,,,,0.0,0.3,100.0,,,,,,,0.0,19.9,100.0,0.0
2020-11-23,,,,,,,,,,,,,0.0,18.6,100.0,0.0
2020-11-24,0.4,9.0,86.8,,,,,,,,,,0.0,20.3,100.0,0.0
2020-11-25,2.7,15.6,91.2,0.0,0.3,100.0,,,,,,,0.0,17.2,100.0,0.0
2020-11-26,,,,,,,,,,,,,0.0,19.8,100.0,0.0
2020-11-27,,,,0.0,0.4,100.0,,,,,,,0.0,17.3,100.0,0.0
2020-11-28,,,,,,,,,,0.0,2.4,100.0,0.0,18.4,100.0,0.0
2020-11-29,,,,,,,,,,0.0,3.3,100.0,0.0,20.9,100.0,0.0
2020-11-30,11.5,24.2,93.1,0.0,1.2,100.0,,,,,,,0.0,27.4,100.0,0.0
2020-12-01,30.1,34.3,94.2,,,,,,,,,,0.0,30.1,100.0,0.0
2020-12-02,43.5,41.3,92.1,1.5,13.5,100.0,,,,0.2,17.2,100.0,0.0,36.1,100.0,0.0
2020-12-03,,,,,,,,,,0.0,18.8,100.0,1.0,44.4,100.0,1.0
2020-12-04,,,,,,,,,,,,,22.5,54.7,100.0,22.5
2020-12-05,,,,,,,,,,,,,30.5,56.8,100.0,30.5
2020-12-06,93.7,64.3,94.2,,,,,,,34.4,44.4,100.0,90.6,67.6,100.0,90.6
2020-12-07,92.2,61.2,95.6,,,,,,,93.1,61.2,100.0,94.6,71.0,100.0,94.6
2020-12-08,96.7,70.5,92.3,,,,,,,,,,100.0,79.8,100.0,100.0
2020-12-09,,,,,,,,,,,,,100.0,80.4,100.0,100.0
2020-12-10,,,,,,,,,,100.0,85.8,100.0,100.0,85.6,100.0,100.0
2020-12-11,,,,,,,,,,100.0,81.6,100.0,100.0,88.7,100.0,100.0
2020-12-12,97.2,74.1,90.6,99.4,84.9,100.0,,,,,,,100.0,92.9,100.0,100.0
2020-12-13,97.1,77.7,92.5,,,,,,,,,,100.0,92.7,100.0,100.0
2020-12-14,97.9,79.7,89.6,,,,,,,100.0,89.8,100.0,100.0,94.6,100.0,100.0
2020-12-15,,,,,,,,,,100.0,94.0,100.0,100.0,94.8,100.0,100.0
2020-12-16,,,,,,,,,,,,,100.0,96.3,100.0,100.0
2020-12-17,,,,100.0,97.3,100.0,100.0,99.5,100.0,,,,100.0,97.0,100.0,100.0
2020-12-18,98.1,81.9,92.7,,,,,,,100.0,96.1,100.0,100.0,97.2,100.0,100.0
2020-12-19,97.3,79.3,92.1,,,,,,,100.0,98.0,100.0,100.0,97.5,100.0,100.0
2020-12-20,98.8,82.2,92.5,,,,,,,,,,100.0,98.2,100.0,100.0
2020-12-21,,,,,,,,,,,,,100.0,97.8,100.0,100.0
2020-12-22,,,,100.0,97.0,78.3,,,,,,,100.0,98.2,100.0,100.0
2020-12-23,,,,,,,,,,100.0,99.4,100.0,100.0,98.1,100.0,100.0
2020-12-24,98.6,82.7,93.1,,,,,,,,,,100.0,98.6,100.0,100.0
2020-12-25,99.0,82.6,93.9,,,,,,,,,,100.0,98.6,100.0,100.0
2020-12-26,99.2,83.0,91.0,,,,,,,100.0,99.3,100.0,100.0,98.8,100.0,100.0
2020-12-27,,,,,,,,,,100.0,99.6,100.0,100.0,98.8,100.0,100.0
2020-12-28,,,,,,,,,,,,,100.0,99.1,100.0,100.0
2020-12-29,,,,,,,,,,,,,100.0,99.1,100.0,100.0
2020-12-30,100.0,87.3,92.9,100.0,99.1,100.0,,,,100.0,99.6,100.0,100.0,99.4,100.0,100.0
2020-12-31,100.0,87.1,91.9,,,,,,,,,,100.0,99.4,100.0,100.0
2021-01-01,100.0,90.2,87.6,,,,,,,,,,99.8,98.7,100.0,99.8
2021-01-02,,,,,,,,,,,,,99.8,98.7,100.0,99.8
2021-01-03,,,,,,,,,,,,,99.8,98.8,100.0,99.8
2021-01-04,,,,,,,,,,,,,99.8,99.3,100.0,99.8
2021-01-05,100.0,92.5,88.3,,,,,,,,,,99.8,99.5,100.0,99.8
2021-01-06,100.0,93.0,87.8,100.0,99.2,100.0,,,,,,,99.8,99.5,100.0,99.8
2021-01-07,100.0,94.5,87.8,,,,,,,100.0,99.2,100.0,99.8,99.5,100.0,99.8
2021-01-08,,,,,,,,,,,,,99.8,99.5,100.0,99.8
2021-01-09,,,,100.0,99.0,100.0,,,,,,,100.0,99.6,100.0,100.0
2021-01-10,,,,,,,,,,100.0,99.5,100.0,100.0,99.5,100.0,100.0
2021-01-11,100.0,95.9,90.3,100.0,98.6,100.0,,,,,,,100.0,99.6,100.0,100.0
2021-01-12,100.0,95.7,90.3,,,,,,,,,,100.0,99.6,100.0,100.0
2021-01-13,100.0,96.7,86.7,,,,,,,,,,100.0,99.6,100.0,100.0
2021-01-14,,,,,,,,,,,,,100.0,99.3,100.0,100.0
2021-01-15,,,,,,,,,,,,,100.0,99.5,100.0,100.0
2021-01-16,,,,99.8,97.9,100.0,,,,,,,100.0,99.5,100.0,100.0
2021-01-17,100.0,96.8,88.0,,,,,,,,,,100.0,99.5,100.0,100.0
2021-01-18,100.0,96.3,86.9,,,,100.0,100.0,100.0,,,,100.0,99.6,100.0,100.0
2021-01-19,100.0,96.4,83.9,99.8,97.8,100.0,,,,,,,100.0,99.7,100.0,100.0
2021-01-20,,,,,,,,,,,,,100.0,99.6,100.0,100.0
2021-01-21,,,,,,,,,,,,,100.0,99.7,100.0,100.0
2021-01-22,,,,,,,,,,,,,100.0,99.7,100.0,100.0
2021-01-23,100.0,97.1,82.8,,,,,,,,,,100.0,99.8,100.0,100.0
2021-01-24,100.0,96.5,85.9,99.8,98.0,100.0,,,,,,,100.0,99.8,100.0,100.0
2021-01-25,100.0,96.2,82.1,,,,,,,,,,100.0,99.8,100.0,100.0
2021-01-26,,,,99.8,98.9,100.0,,,,100.0,99.9,100.0,100.0,99.8,100.0,100.0
2021-01-27,,,,,,,,,,,,,100.0,99.8,100.0,100.0
2021-01-28,,,,,,,,,,,,,100.0,99.7,100.0,100.0
2021-01-29,100.0,96.8,83.9,,,,,,,,,,100.0,99.8,100.0,100.0
2021-01-30,100.0,97.1,88.7,,,,,,,,,,100.0,99.6,100.0,100.0
2021-01-31,100.0,97.9,83.4,100.0,99.1,100.0,,,,,,,100.0,99.8,100.0,100.0
2021-02-01,,,,,,,,,,,,,100.0,99.7,100.0,100.0
2021-02-02,,,,,,,,,,,,,100.0,99.8,100.0,100.0
2021-02-03,,,,,,,,,,100.0,99.9,100.0,100.0,99.6,100.0,100.0
2021-02-04,100.0,97.8,88.0,,,,,,,100.0,99.9,100.0,100.0,99.7,100.0,100.0
2021-02-05,100.0,97.0,90.7,100.0,99.4,100.0,,,,,,,100.0,99.8,100.0,100.0
2021-02-06,100.0,97.5,84.7,,,,,,,,,,100.0,99.8,100.0,100.0
2021-02-07,,,,,,,,,,100.0,99.9,100.0,100.0,99.7,100.0,100.0
2021-02-08,,,,99.8,99.1,100.0,,,,100.0,99.9,100.0,100.0,99.7,100.0,100.0
2021-02-09,,,,,,,,,,,,,100.0,99.7,100.0,100.0
2021-02-10,100.0,97.8,89.4,100.0,99.5,98.7,,,,,,,100.0,99.8,100.0,100.0
2021-02-11,100.0,97.7,87.8,,,,,,,100.0,99.9,100.0,100.0,99.7,100.0,100.0
2021-02-12,100.0,96.8,84.5,,,,,,,100.0,99.9,100.0,100.0,99.7,100.0,100.0
2021-02-13,,,,99.8,98.8,100.0,,,,,,,100.0,99.8,100.0,100.0
2021-02-14,,,,,,,,,,,,,100.0,99.8,100.0,100.0
2021-02-15,,,,100.0,99.1,100.0,,,,,,,100.0,99.8,100.0,100.0
2021-02-16,100.0,97.1,85.0,,,,,,,100.0,99.9,100.0,100.0,99.8,100.0,100.0
2021-02-17,100.0,96.2,87.4,,,,,,,,,,100.0,99.8,100.0,100.0
2021-02-18,100.0,95.5,84.1,100.0,98.7,100.0,,,,,,,100.0,99.9,100.0,100.0
2021-02-19,,,,,,,100.0,100.0,100.0,100.0,99.7,100.0,100.0,99.9,100.0,100.0
2021-02-20,,,,99.5,98.1,100.0,,,,100.0,99.7,100.0,100.0,99.9,100.0,100.0
2021-02-21,,,,,,,,,,,,,100.0,99.9,100.0,100.0
2021-02-22,99.8,94.4,86.9,,,,,,,,,,100.0,99.9,100.0,100.0
2021-02-23,99.0,92.7,89.1,99.8,98.3,100.0,,,,100.0,99.6,100.0,100.0,99.9,100.0,100.0
2021-02-24,99.4,91.8,86.5,,,,,,,100.0,99.6,100.0,100.0,99.8,100.0,100.0
2021-02-25,,,,100.0,98.1,100.0,,,,,,,100.0,99.8,100.0,100.0
2021-02-26,,,,,,,,,,,,,100.0,99.8,100.0,100.0
2021-02-27,,,,,,,,,,100.0,99.5,100.0,100.0,99.7,100.0,100.0
2021-02-28,98.7,92.2,87.4,100.0,98.5,100.0,,,,,,,100.0,99.7,100.0,100.0
2021-03-01,97.9,90.4,88.7,,,,,,,,,,100.0,99.6,100.0,100.0
2021-03-02,98.3,90.6,84.9,100.0,98.4,100.0,,,,,,,100.0,99.7,100.0,100.0
2021-03-03,,,,,,,,,,100.0,99.5,100.0,100.0,99.5,100.0,100.0
2021-03-04,,,,,,,,,,100.0,98.8,100.0,100.0,99.5,100.0,100.0
2021-03-05,,,,100.0,98.7,100.0,,,,,,,100.0,99.6,100.0,100.0
2021-03-06,99.0,92.2,88.1,,,,,,,,,,100.0,99.6,100.0,100.0
2021-03-07,99.2,92.0,89.2,100.0,99.1,100.0,100.0,100.0,100.0,100.0,99.1,100.0,100.0,99.7,100.0,100.0
2021-03-08,100.0,93.9,83.9,,,,,,,,,,100.0,99.5,100.0,100.0
2021-03-09,,,,,,,,,,,,,100.0,99.6,100.0,100.0
2021-03-10,,,,100.0,99.1,100.0,,,,100.0,99.0,100.0,100.0,99.6,100.0,100.0
2021-03-11,,,,,,,,,,100.0,98.7,100.0,100.0,99.6,100.0,100.0
2021-03-12,100.0,95.8,89.2,100.0,99.1,100.0,,,,,,,100.0,99.6,100.0,100.0
2021-03-13,100.0,96.3,89.4,,,,,,,,,,100.0,99.6,100.0,100.0
2021-03-14,100.0,97.8,82.1,,,,,,,100.0,98.3,100.0,100.0,99.6,100.0,100.0
2021-03-15,,,,,,,,,,,,,100.0,99.5,100.0,100.0
2021-03-16,,,,,,,,,,,,,100.0,99.5,100.0,100.0
2021-03-17,,,,,,,,,,,,,100.0,99.5,100.0,100.0
2021-03-18,100.0,98.6,88.7,,,,,,,100.0,97.9,100.0,100.0,99.6,100.0,100.0
2021-03-19,100.0,98.2,94.9,,,,,,,,,,100.0,99.7,100.0,100.0
2021-03-20,100.0,98.2,86.5,100.0,99.3,100.0,,,,,,,100.0,99.8,100.0,100.0
2021-03-21,,,,,,,,,,,,,100.0,99.8,100.0,100.0
2021-03-22,,,,100.0,99.3,100.0,,,,,,,100.0,99.8,100.0,100.0
2021-03-23,,,,,,,100.0,99.9,100.0,,,,100.0,99.8,100.0,100.0
2021-03-24,100.0,98.6,90.5,,,,,,,,,,100.0,99.8,100.0,100.0
2021-03-25,100.0,98.9,89.4,100.0,99.3,100.0,,,,,,,100.0,99.9,100.0,100.0
2021-03-26,100.0,99.0,89.8,,,,,,,,,,100.0,99.9,100.0,100.0
2021-03-27,,,,100.0,99.6,100.0,,,,100.0,96.8,100.0,100.0,99.8,100.0,100.0
2021-03-28,,,,,,,,,,,,,100.0,99.8,100.0,100.0
2021-03-29,,,,,,,,,,,,,100.0,99.8,100.0,100.0
2021-03-30,100.0,99.1,89.4,100.0,99.4,100.0,,,,100.0,96.5,100.0,100.0,99.8,100.0,100.0
2021-03-31,100.0,99.0,92.7,,,,,,,100.0,97.0,100.0,100.0,99.7,100.0,100.0
2021-04-01,100.0,99.2,91.6,100.0,98.7,100.0,,,,,,,100.0,99.7,100.0,100.0
2021-04-02,,,,,,,,,,,,,100.0,99.6,100.0,100.0
2021-04-03,,,,,,,,,,100.0,98.4,100.0,100.0,99.6,100.0,100.0
2021-04-04,,,,100.0,98.7,100.0,,,,100.0,97.9,100.0,100.0,99.6,100.0,100.0
2021-04-05,100.0,99.3,98.9,,,,,,,,,,100.0,99.6,100.0,100.0
2021-04-06,100.0,99.3,99.5,100.0,98.2,100.0,,,,,,,100.0,99.7,100.0,100.0
2021-04-07,100.0,99.2,90.3,,,,,,,100.0,98.6,100.0,100.0,99.7,100.0,100.0
2021-04-08,,,,,,,100.0,99.5,94.9,100.0,97.7,100.0,100.0,99.7,100.0,100.0
2021-04-09,,,,100.0,98.5,100.0,,,,,,,100.0,99.7,100.0,100.0
2021-04-10,,,,,,,,,,,,,100.0,99.7,100.0,100.0
2021-04-11,100.0,99.4,98.5,,,,,,,,,,100.0,99.8,100.0,100.0
2021-04-12,100.0,99.1,98.9,,,,,,,,,,100.0,99.8,100.0,100.0
2021-04-13,100.0,99.2,90.3,,,,,,,,,,100.0,99.8,100.0,100.0
2021-04-14,,,,100.0,99.6,100.0,,,,,,,100.0,99.8,100.0,100.0
2021-04-15,,,,,,,,,,100.0,98.7,100.0,100.0,99.8,100.0,100.0
2021-04-16,,,,100.0,99.9,100.0,,,,100.0,98.1,100.0,100.0,99.8,100.0,100.0
2021-04-17,100.0,99.0,93.1,,,,100.0,99.5,99.8,100.0,98.5,100.0,100.0,99.9,100.0,100.0
2021-04-18,100.0,98.5,95.4,,,,,,,,,,100.0,99.8,100.0,100.0
2021-04-19,100.0,97.0,92.3,100.0,99.9,100.0,,,,100.0,98.0,100.0,100.0,99.9,100.0,100.0
2021-04-20,,,,,,,,,,100.0,98.2,100.0,100.0,99.8,100.0,100.0
2021-04-21,,,,,,,,,,,,,100.0,99.8,100.0,100.0
2021-04-22,,,,,,,,,,,,,100.0,99.7,100.0,100.0
2021-04-23,100.0,96.7,97.8,,,,,,,100.0,97.4,100.0,100.0,99.7,100.0,100.0
2021-04-24,99.8,94.0,98.0,100.0,99.9,100.0,100.0,98.7,95.1,100.0,96.8,100.0,100.0,99.7,100.0,100.0
2021-04-25,99.6,91.6,98.2,,,,,,,100.0,98.0,100.0,100.0,99.6,100.0,100.0
2021-04-26,,,,,,,,,,,,,100.0,99.4,100.0,100.0
2021-04-27,,,,,,,,,,100.0,98.3,100.0,100.0,99.3,100.0,100.0
2021-04-28,,,,,,,,,,100.0,99.1,100.0,100.0,98.9,100.0,100.0
2021-04-29,97.0,78.9,98.2,,,,,,,100.0,99.2,100.0,100.0,98.6,100.0,100.0
2021-04-30,92.4,68.0,98.9,,,,,,,,,,100.0,98.4,100.0,100.0
2021-05-01,73.0,52.0,98.7,,,,,,,,,,100.0,98.1,100.0,100.0
2021-05-02,,,,,,,,,,100.0,99.3,100.0,100.0,97.1,100.0,100.0
2021-05-03,,,,,,,100.0,98.0,100.0,100.0,99.3,100.0,100.0,97.4,100.0,100.0
2021-05-04,,,,,,,,,,,,,100.0,97.2,100.0,100.0
2021-05-05,49.9,41.1,98.4,,,,,,,,,,100.0,97.4,100.0,100.0
2021-05-06,3.0,16.8,96.5,,,,,,,100.0,99.2,100.0,100.0,97.4,100.0,100.0
2021-05-07,3.6,17.8,96.5,,,,,,,100.0,98.5,100.0,100.0,97.7,100.0,100.0
2021-05-08,,,,,,,,,,,,,100.0,98.2,100.0,100.0
2021-05-09,,,,,,,,,,,,,100.0,98.5,100.0,100.0
2021-05-10,,,,,,,,,,100.0,99.0,100.0,100.0,98.8,100.0,100.0
2021-05-11,3.0,16.2,98.9,,,,,,,,,,100.0,99.0,100.0,100.0
2021-05-12,16.9,26.9,99.3,,,,,,,,,,100.0,99.2,100.0,100.0
2021-05-13,13.9,25.0,98.2,,,,,,,,,,100.0,99.3,100.0,100.0
2021-05-14,,,,100.0,99.9,100.0,,,,,,,100.0,99.5,100.0,100.0
2021-05-15,,,,,,,,,,,,,100.0,99.4,100.0,100.0
2021-05-16,,,,,,,,,,,,,100.0,99.4,100.0,100.0
2021-05-17,44.0,37.0,98.7,,,,,,,,,,100.0,99.4,100.0,100.0
2021-05-18,34.0,33.3,98.7,,,,,,,,,,100.0,99.4,100.0,100.0
2021-05-19,65.3,47.1,98.4,100.0,99.9,100.0,,,,,,,100.0,99.4,100.0,100.0
2021-05-20,,,,,,,,,,,,,100.0,99.2,100.0,100.0
2021-05-21,,,,,,,,,,,,,100.0,99.3,100.0,100.0
2021-05-22,,,,,,,,,,,,,100.0,99.4,100.0,100.0
2021-05-23,64.5,46.3,97.3,,,,,,,,,,100.0,99.4,100.0,100.0
2021-05-24,60.3,46.4,97.4,,,,,,,100.0,98.2,100.0,100.0,99.3,100.0,100.0
2021-05-25,63.2,46.9,93.6,,,,,,,100.0,98.2,100.0,100.0,99.3,100.0,100.0
2021-05-26,,,,100.0,99.7,100.0,99.8,97.4,100.0,,,,100.0,99.6,100.0,100.0
2021-05-27,,,,,,,,,,,,,100.0,99.4,100.0,100.0
2021-05-28,,,,,,,,,,100.0,96.6,100.0,100.0,99.4,100.0,100.0
2021-05-29,66.3,49.6,94.7,,,,,,,100.0,97.4,100.0,100.0,99.4,100.0,100.0
2021-05-30,76.0,58.3,92.0,,,,,,,,,,100.0,99.4,100.0,100.0
2021-05-31,79.2,62.6,92.9,100.0,98.5,100.0,,,,,,,100.0,99.5,100.0,100.0
2021-06-01,,,,,,,,,,100.0,95.3,100.0,100.0,99.3,100.0,100.0
2021-06-02,,,,,,,,,,,,,100.0,99.3,100.0,100.0
2021-06-03,,,,,,,,,,,,,100.0,99.2,100.0,100.0
2021-06-04,85.9,69.9,99.5,,,,,,,,,,100.0,99.2,100.0,100.0
2021-06-05,87.7,69.6,99.5,,,,,,,,,,100.0,98.7,100.0,100.0
2021-06-06,93.0,78.6,99.5,,,,,,,,,,100.0,98.8,100.0,100.0
2021-06-07,,,,,,,,,,,,,100.0,98.4,100.0,100.0
2021-06-08,,,,,,,,,,,,,100.0,98.5,100.0,100.0
2021-06-09,,,,,,,,,,,,,100.0,98.2,100.0,100.0
2021-06-10,92.1,75.3,99.3,100.0,96.1,100.0,,,,,,,100.0,98.5,100.0,100.0
2021-06-11,89.5,70.3,99.5,,,,100.0,91.6,34.3,98.0,90.5,100.0,100.0,97.7,100.0,100.0
2021-06-12,86.4,60.4,96.5,,,,,,,,,,100.0,97.4,100.0,100.0
2021-06-13,,,,98.9,88.3,100.0,,,,94.2,76.0,100.0,100.0,97.0,100.0,100.0
2021-06-14,,,,,,,,,,91.6,72.9,100.0,100.0,95.8,100.0,100.0
2021-06-15,,,,85.8,66.5,100.0,,,,,,,100.0,95.0,100.0,100.0
2021-06-16,78.9,54.4,99.3,,,,,,,,,,99.8,93.2,100.0,99.8
2021-06-17,66.2,47.3,98.7,,,,,,,69.5,53.4,100.0,99.8,91.8,100.0,99.8
2021-06-18,26.6,33.6,94.5,,,,,,,,,,98.7,88.1,100.0,98.7
2021-06-19,,,,,,,,,,1.1,23.5,100.0,97.8,82.1,100.0,97.8
2021-06-20,,,,,,,,,,,,,92.0,73.7,100.0,92.0
2021-06-21,,,,,,,,,,2.4,22.3,100.0,65.7,64.6,100.0,65.7
2021-06-22,18.4,28.3,97.1,,,,,,,0.0,11.8,100.0,44.3,54.5,100.0,44.3
2021-06-23,1.2,12.4,95.1,,,,,,,,,,17.9,43.4,100.0,17.9
2021-06-24,,,,,,,,,,,,,2.6,33.0,100.0,2.6
2021-06-25,,,,0.0,0.8,69.2,,,,0.0,4.2,100.0,0.9,28.0,100.0,0.9
2021-06-26,,,,,,,,,,0.0,1.1,100.0,0.0,22.2,100.0,0.0
2021-06-27,,,,,,,,,,,,,0.0,14.8,100.0,0.0
2021-06-28,1.5,12.3,95.8,,,,,,,,,,0.0,12.3,100.0,0.0
2021-06-29,0.2,5.2,96.7,,,,,,,,,,0.0,7.9,100.0,0.0
2021-06-30,,,,,,,,,,,,,0.0,7.0,100.0,0.0
2021-07-01,,,,,,,,,,0.0,0.5,100.0,0.0,4.4,100.0,0.0
2021-07-02,,,,,,,,,,,,,0.0,4.3,100.0,0.0
2021-07-03,,,,,,,,,,,,,0.0,3.8,100.0,0.0
2021-07-04,,,,,,,,,,,,,0.0,3.6,100.0,0.0
2021-07-05,0.2,4.8,95.8,0.0,0.2,80.3,,,,0.0,0.5,100.0,0.0,2.5,100.0,0.0
2021-07-06,0.0,4.1,95.4,,,,,,,,,,0.0,2.5,100.0,0.0
2021-07-07,,,,,,,,,,,,,0.0,2.3,100.0,0.0
2021-07-08,,,,,,,,,,,,,0.0,2.5,100.0,0.0
2021-07-09,,,,,,,,,,,,,0.0,2.0,100.0,0.0
2021-07-10,0.2,2.1,95.3,0.0,0.0,96.9,,,,,,,0.0,1.7,100.0,0.0
2021-07-11,0.0,1.0,95.4,,,,,,,0.0,0.2,100.0,0.0,1.9,100.0,0.0
2021-07-12,0.0,0.7,95.1,,,,,,,,,,0.0,1.8,100.0,0.0
2021-07-13,,,,0.0,0.0,55.1,,,,,,,0.0,1.7,100.0,0.0
2021-07-14,,,,,,,,,,,,,0.0,1.7,100.0,0.0
2021-07-15,,,,,,,,,,,,,0.0,2.4,100.0,0.0
2021-07-16,0.0,0.9,97.6,,,,,,,,,,0.0,2.0,100.0,0.0
2021-07-17,0.0,0.8,98.5,,,,,,,,,,0.0,1.8,100.0,0.0
2021-07-18,0.0,0.5,94.0,0.0,0.0,100.0,,,,,,,0.0,1.4,100.0,0.0
2021-07-19,,,,,,,,,,,,,0.0,1.6,100.0,0.0
2021-07-20,,,,0.0,0.0,100.0,,,,0.0,0.1,100.0,0.0,0.9,100.0,0.0
2021-07-21,,,,,,,,,,,,,0.0,1.1,100.0,0.0
2021-07-22,0.0,0.4,95.6,,,,,,,,,,0.0,1.0,100.0,0.0
2021-07-23,0.0,0.5,96.7,0.0,0.0,100.0,,,,,,,0.0,1.0,100.0,0.0
2021-07-24,0.0,0.4,96.4,,,,,,,,,,0.0,0.9,100.0,0.0
2021-07-25,,,,,,,,,,,,,0.0,1.0,100.0,0.0
2021-07-26,,,,,,,,,,,,,0.0,1.0,100.0,0.0
2021-07-27,,,,,,,,,,,,,0.0,1.0,100.0,0.0
2021-07-28,0.0,0.6,97.1,,,,,,,,,,0.0,0.6,100.0,0.0
2021-07-29,0.0,0.5,97.1,,,,,,,,,,0.0,0.7,100.0,0.0
2021-07-30,0.0,0.7,96.0,,,,,,,,,,0.0,1.0,100.0,0.0
2021-07-31,,,,,,,,,,,,,0.0,1.1,100.0,0.0
2021-08-01,,,,,,,,,,,,,0.0,1.0,100.0,0.0
2021-08-02,,,,0.0,0.0,71.4,,,,,,,0.0,1.0,100.0,0.0
2021-08-03,0.0,1.4,97.8,,,,,,,,,,0.0,1.1,100.0,0.0
2021-08-04,0.0,1.6,98.7,,,,,,,,,,0.0,1.0,100.0,0.0
2021-08-05,0.0,2.0,96.4,,,,,,,0.0,0.1,100.0,0.0,0.7,100.0,0.0
2021-08-06,,,,,,,,,,,,,0.0,1.1,100.0,0.0
2021-08-07,,,,,,,,,,,,,0.0,1.2,100.0,0.0
2021-08-08,,,,,,,,,,0.0,0.0,100.0,0.0,1.0,100.0,0.0
2021-08-09,0.0,2.0,97.3,0.0,0.0,100.0,,,,0.0,0.1,100.0,0.0,0.7,100.0,0.0
2021-08-10,0.0,1.9,96.7,,,,,,,,,,0.0,1.0,100.0,0.0
2021-08-11,0.0,1.9,95.4,,,,,,,,,,0.0,1.1,100.0,0.0
2021-08-12,,,,0.0,0.0,100.0,,,,0.0,0.0,100.0,0.0,0.8,100.0,0.0
2021-08-13,,,,,,,,,,0.0,0.0,100.0,0.0,0.7,100.0,0.0
2021-08-14,,,,0.0,0.0,100.0,0.0,0.0,47.6,,,,0.0,0.7,100.0,0.0
2021-08-15,0.2,2.6,99.5,,,,,,,,,,0.0,1.1,100.0,0.0
2021-08-16,,,,,,,,,,0.0,0.0,100.0,0.0,0.8,100.0,0.0
2021-08-17,0.0,2.5,96.9,0.0,0.0,100.0,,,,0.0,0.0,92.5,0.0,0.8,100.0,0.0
2021-08-18,,,,,,,,,,0.0,0.0,100.0,0.0,1.0,100.0,0.0
2021-08-19,,,,0.0,0.0,42.7,,,,,,,0.0,1.4,100.0,0.0
2021-08-20,,,,,,,,,,0.0,0.0,100.0,0.0,1.1,100.0,0.0
2021-08-21,0.0,2.8,97.6,,,,,,,0.0,0.0,100.0,0.0,1.1,100.0,0.0
2021-08-22,0.2,2.7,98.7,,,,,,,,,,0.0,1.7,100.0,0.0
2021-08-23,0.0,2.8,97.6,,,,,,,,,,0.0,2.0,100.0,0.0
2021-08-24,,,,0.0,0.0,46.4,,,,,,,0.0,1.9,100.0,0.0
2021-08-25,,,,,,,,,,0.0,0.0,100.0,0.0,1.6,100.0,0.0
2021-08-26,,,,,,,,,,,,,0.0,2.1,100.0,0.0
2021-08-27,0.0,3.2,96.5,0.0,0.0,100.0,,,,,,,0.0,2.3,100.0,0.0
2021-08-28,0.0,3.2,96.0,,,,,,,,,,0.0,2.3,100.0,0.0
2021-08-29,0.0,3.8,95.1,,,,,,,0.0,0.0,100.0,0.0,1.7,100.0,0.0
2021-08-30,,,,,,,,,,0.0,0.0,100.0,0.0,2.1,100.0,0.0
2021-08-31,,,,,,,,,,,,,0.0,2.5,100.0,0.0
2021-09-01,,,,0.0,0.0,93.8,,,,,,,0.0,2.0,100.0,0.0
2021-09-02,2.3,6.8,94.7,,,,,,,0.0,0.0,100.0,0.0,1.4,100.0,0.0
2021-09-03,2.5,8.8,95.3,0.0,0.0,100.0,,,,0.0,0.0,100.0,0.0,1.3,100.0,0.0
2021-09-04,2.7,10.7,94.3,,,,,,,,,,0.0,1.3,100.0,0.0
2021-09-05,,,,,,,,,,0.0,0.0,100.0,0.0,1.1,100.0,0.0
2021-09-06,,,,,,,,,,0.0,0.0,100.0,0.0,0.9,100.0,0.0
2021-09-07,,,,,,,,,,,,,0.0,0.9,100.0,0.0
2021-09-08,0.0,6.3,71.0,,,,,,,0.0,0.0,100.0,0.0,0.8,100.0,0.0
2021-09-09,0.0,8.3,70.1,,,,,,,0.0,0.0,100.0,0.0,0.7,100.0,0.0
2021-09-10,0.0,9.3,67.2,,,,,,,,,,0.0,0.7,100.0,0.0
2021-09-11,,,,0.0,0.0,85.2,,,,,,,0.0,0.7,100.0,0.0
2021-09-12,,,,,,,,,,0.0,0.0,92.5,0.0,0.7,100.0,0.0
2021-09-13,,,,0.0,0.0,74.1,,,,0.0,0.0,100.0,0.0,0.6,100.0,0.0
2021-09-14,0.0,4.9,69.2,,,,,,,,,,0.0,0.7,100.0,0.0
2021-09-15,0.0,5.2,67.3,,,,,,,,,,0.0,0.7,100.0,0.0
2021-09-16,0.0,4.3,67.0,,,,,,,,,,0.0,0.8,100.0,0.0
2021-09-17,,,,,,,,,,0.0,0.0,100.0,0.0,0.5,100.0,0.0
2021-09-18,,,,0.0,0.0,52.0,,,,,,,0.0,0.7,100.0,0.0
2021-09-19,,,,,,,,,,,,,0.0,1.0,100.0,0.0
2021-09-20,0.0,5.5,66.8,,,,,,,,,,0.0,1.3,100.0,0.0
2021-09-21,0.0,3.4,69.0,0.0,0.0,100.0,,,,,,,0.0,1.3,100.0,0.0
2021-09-22,0.0,3.3,70.1,,,,,,,,,,0.0,1.3,100.0,0.0
2021-09-23,,,,0.0,0.0,100.0,,,,,,,0.0,1.4,100.0,0.0
2021-09-24,,,,,,,,,,,,,0.0,1.5,100.0,0.0
2021-09-25,,,,,,,,,,,,,0.0,1.2,100.0,0.0
2021-09-26,0.0,3.8,69.9,,,,,,,,,,0.0,1.0,100.0,0.0
2021-09-27,0.0,3.8,70.6,,,,,,,,,,0.0,1.9,100.0,0.0
2021-09-28,0.0,4.4,69.9,,,,,,,,,,0.0,2.2,100.0,0.0
2021-09-29,,,,,,,,,,,,,0.0,2.3,100.0,0.0
2021-09-30,,,,,,,,,,,,,0.0,1.6,100.0,0.0
2021-10-01,,,,0.0,0.0,94.9,,,,,,,0.0,2.2,100.0,0.0
2021-10-02,0.0,1.9,69.2,,,,,,,,,,0.0,2.3,100.0,0.0
2021-10-03,0.0,1.4,70.3,,,,,,,0.0,0.1,100.0,0.0,1.9,100.0,0.0
2021-10-04,0.0,1.2,67.3,,,,,,,,,,0.0,1.7,100.0,0.0
2021-10-05,,,,,,,,,,,,,0.0,2.7,100.0,0.0
2021-10-06,,,,0.0,0.0,52.9,,,,,,,0.0,3.3,100.0,0.0
2021-10-07,,,,,,,,,,,,,0.0,2.9,100.0,0.0
2021-10-08,0.3,2.0,72.8,0.0,0.0,100.0,,,,0.0,0.0,100.0,0.0,1.9,100.0,0.0
2021-10-09,0.0,2.0,72.8,,,,,,,,,,0.0,3.3,100.0,0.0
2021-10-10,0.0,2.0,70.8,,,,,,,,,,0.0,3.5,100.0,0.0
2021-10-11,,,,0.0,0.0,100.0,,,,0.0,0.1,100.0,0.0,2.7,100.0,0.0
2021-10-12,,,,,,,,,,0.0,0.0,100.0,0.0,2.4,100.0,0.0
2021-10-13,,,,0.0,0.0,100.0,,,,,,,0.0,3.4,100.0,0.0
2021-10-14,0.3,5.0,72.3,,,,,,,,,,0.0,4.1,100.0,0.0
2021-10-15,0.0,3.8,72.4,,,,,,,0.0,0.0,100.0,0.0,3.3,100.0,0.0
2021-10-16,0.0,3.5,71.4,0.0,0.0,100.0,,,,0.0,0.0,100.0,0.0,2.6,100.0,0.0
2021-10-17,,,,,,,,,,,,,0.0,4.0,100.0,0.0
2021-10-18,,,,0.0,0.0,100.0,,,,,,,0.0,3.7,100.0,0.0
2021-10-19,,,,,,,,,,0.0,0.0,100.0,0.0,2.8,100.0,0.0
2021-10-20,0.0,2.6,72.6,,,,,,,0.0,0.0,100.0,0.0,2.3,100.0,0.0
2021-10-21,0.0,2.9,72.6,0.0,0.0,100.0,,,,,,,0.0,3.1,100.0,0.0
2021-10-22,0.0,3.3,72.3,,,,,,,,,,0.0,3.3,100.0,0.0
2021-10-23,,,,0.0,0.0,100.0,,,,,,,0.0,2.6,100.0,0.0
2021-10-24,,,,,,,,,,0.0,0.0,100.0,0.0,2.0,100.0,0.0
2021-10-25,,,,,,,,,,,,,0.0,2.7,100.0,0.0
2021-10-26,0.0,4.0,72.1,0.0,0.0,100.0,,,,,,,0.0,2.5,100.0,0.0
2021-10-27,0.0,3.6,71.9,,,,,,,,,,0.0,2.0,100.0,0.0
2021-10-28,0.0,2.5,70.8,0.0,0.0,100.0,,,,0.0,0.1,100.0,0.0,1.5,100.0,0.0
2021-10-29,,,,,,,,,,0.0,0.1,100.0,0.0,1.9,100.0,0.0
2021-10-30,,,,,,,,,,,,,0.0,1.8,100.0,0.0
2021-10-31,,,,,,,,,,0.0,0.2,100.0,0.0,1.4,100.0,0.0
2021-11-01,0.0,3.9,71.9,,,,,,,0.0,0.2,100.0,0.0,1.5,100.0,0.0
2021-11-02,0.0,4.3,70.6,,,,4.6,4.6,100.0,,,,0.0,1.8,100.0,0.0
2021-11-03,0.0,4.7,69.0,,,,,,,,,,0.0,2.0,100.0,0.0
2021-11-04,,,,,,,,,,0.0,0.3,100.0,0.0,1.6,100.0,0.0
2021-11-05,,,,0.0,0.2,99.3,,,,,,,0.0,2.4,100.0,0.0
2021-11-06,,,,,,,0.0,2.2,100.0,,,,0.0,2.6,100.0,0.0
2021-11-07,0.3,7.2,69.7,0.0,0.7,100.0,,,,,,,0.0,2.9,100.0,0.0
2021-11-08,0.5,7.4,68.2,,,,,,,0.0,0.6,100.0,0.0,2.3,100.0,0.0
2021-11-09,0.5,12.2,69.5,,,,,,,,,,0.0,3.4,100.0,0.0
2021-11-10,,,,,,,,,,,,,0.0,3.7,100.0,0.0
2021-11-11,,,,,,,,,,,,,0.0,3.9,100.0,0.0
2021-11-12,,,,,,,,,,0.0,1.3,100.0,0.0,3.1,100.0,0.0
2021-11-13,2.8,8.8,97.6,,,,,,,,,,0.0,4.4,100.0,0.0
2021-11-14,1.1,7.3,98.0,,,,,,,,,,0.0,4.4,100.0,0.0
2021-11-15,1.5,7.4,96.2,,,,,,,,,,0.0,4.0,100.0,0.0
2021-11-16,,,,,,,,,,,,,0.0,3.7,100.0,0.0
2021-11-17,,,,,,,,,,,,,0.0,4.6,100.0,0.0
2021-11-18,,,,,,,0.4,4.5,100.0,,,,0.0,5.5,100.0,0.0
2021-11-19,1.5,8.9,97.1,,,,,,,0.0,4.0,100.0,0.0,4.6,100.0,0.0
2021-11-20,2.8,10.1,98.0,1.3,6.1,100.0,,,,0.0,11.4,100.0,0.0,4.8,100.0,0.0
2021-11-21,8.8,14.6,97.6,,,,,,,,,,0.0,7.4,100.0,0.0
2021-11-22,,,,,,,,,,,,,0.0,11.3,100.0,0.0
2021-11-23,,,,,,,,,,,,,0.0,11.1,100.0,0.0
2021-11-24,,,,,,,,,,,,,0.0,15.9,100.0,0.0
2021-11-25,15.5,22.3,98.0,,,,,,,,,,0.0,21.6,100.0,0.0
2021-11-26,20.7,28.6,98.0,,,,,,,,,,0.0,36.4,100.0,0.0
2021-11-27,74.7,53.6,95.8,2.0,22.3,54.7,,,,,,,1.1,43.8,100.0,1.1
2021-11-28,,,,,,,,,,,,,29.2,55.8,100.0,29.2
2021-11-29,,,,,,,,,,91.8,60.1,100.0,97.6,72.4,100.0,97.6
2021-11-30,,,,,,,,,,,,,99.1,78.5,100.0,99.1
2021-12-01,85.4,61.9,97.8,,,,,,,,,,99.1,84.6,100.0,99.1
2021-12-02,98.3,75.9,97.1,77.0,65.9,100.0,,,,,,,99.6,89.1,100.0,99.6
2021-12-03,100.0,81.6,95.3,,,,,,,100.0,85.0,100.0,99.6,92.1,100.0,99.6
2021-12-04,,,,,,,,,,,,,99.6,93.8,100.0,99.6
2021-12-05,,,,100.0,96.5,100.0,100.0,99.9,99.3,,,,99.6,96.0,100.0,99.6
2021-12-06,,,,,,,,,,,,,99.8,95.7,100.0,99.8
2021-12-07,99.8,88.4,97.4,98.5,93.4,100.0,,,,,,,99.8,97.2,100.0,99.8
2021-12-08,99.8,90.6,97.8,,,,,,,,,,99.8,97.5,100.0,99.8
2021-12-09,100.0,94.1,89.6,,,,,,,,,,99.8,97.6,100.0,99.8
2021-12-10,,,,,,,,,,100.0,88.9,100.0,100.0,97.7,100.0,100.0
2021-12-11,,,,,,,,,,100.0,94.6,100.0,100.0,97.9,100.0,100.0
2021-12-12,,,,98.5,93.2,100.0,100.0,99.6,100.0,,,,100.0,98.7,100.0,100.0
2021-12-13,100.0,96.6,92.5,,,,,,,,,,100.0,98.5,100.0,100.0
2021-12-14,100.0,97.0,93.1,,,,,,,,,,100.0,98.6,100.0,100.0
2021-12-15,100.0,97.1,87.4,98.5,89.2,100.0,,,,100.0,97.4,100.0,100.0,98.8,100.0,100.0
2021-12-16,,,,,,,,,,,,,100.0,98.5,100.0,100.0
2021-12-17,,,,96.7,84.3,100.0,,,,,,,100.0,98.7,100.0,100.0
2021-12-18,,,,,,,,,,100.0,98.1,100.0,100.0,98.5,100.0,100.0
2021-12-19,100.0,97.7,91.6,,,,,,,,,,100.0,98.8,100.0,100.0
2021-12-20,100.0,98.3,91.8,98.9,88.7,100.0,100.0,99.7,94.0,,,,100.0,99.1,100.0,100.0
2021-12-21,100.0,98.1,84.9,,,,,,,,,,100.0,98.8,100.0,100.0
2021-12-22,,,,98.4,86.6,100.0,,,,,,,100.0,98.6,100.0,100.0
2021-12-23,,,,,,,,,,,,,100.0,98.8,100.0,100.0
2021-12-24,,,,,,,,,,,,,100.0,98.5,100.0,100.0
2021-12-25,,,,,,,,,,,,,100.0,98.2,100.0,100.0
2021-12-26,,,,,,,,,,100.0,99.2,100.0,100.0,98.0,100.0,100.0
2021-12-27,,,,,,,,,,100.0,99.3,100.0,100.0,98.1,100.0,100.0
2021-12-28,,,,,,,,,,,,,100.0,97.7,100.0,100.0
2021-12-29,,,,,,,,,,,,,100.0,97.2,100.0,100.0
2021-12-30,,,,99.5,94.7,100.0,,,,,,,100.0,97.4,100.0,100.0
2021-12-31,,,,,,,,,,100.0,99.6,100.0,100.0,97.3,100.0,100.0
2022-01-01,100.0,98.5,96.2,98.0,92.3,100.0,,,,,,,100.0,98.4,100.0,100.0
2022-01-02,100.0,98.4,92.7,,,,,,,,,,100.0,98.2,100.0,100.0
2022-01-03,,,,,,,,,,100.0,99.8,100.0,100.0,98.1,100.0,100.0
2022-01-04,,,,,,,,,,,,,100.0,98.1,100.0,100.0
2022-01-05,,,,,,,,,,,,,100.0,98.2,100.0,100.0
2022-01-06,100.0,99.2,96.4,98.8,94.8,100.0,,,,100.0,99.9,100.0,100.0,98.5,100.0,100.0
2022-01-07,,,,,,,,,,,,,100.0,98.8,100.0,100.0
2022-01-08,,,,,,,,,,,,,100.0,99.0,100.0,100.0
2022-01-09,,,,,,,,,,,,,100.0,99.1,100.0,100.0
2022-01-10,,,,,,,,,,100.0,100.0,100.0,100.0,99.3,100.0,100.0
2022-01-11,,,,99.4,95.7,100.0,,,,,,,100.0,99.6,100.0,100.0
2022-01-12,,,,,,,,,,,,,100.0,99.6,100.0,100.0
2022-01-13,100.0,99.3,96.6,,,,100.0,100.0,100.0,,,,100.0,99.8,100.0,100.0
2022-01-14,100.0,99.6,91.3,99.2,97.0,100.0,,,,100.0,100.0,100.0,100.0,99.8,100.0,100.0
2022-01-15,,,,,,,,,,,,,100.0,99.8,100.0,100.0
2022-01-16,,,,98.4,96.1,100.0,,,,,,,100.0,99.8,100.0,100.0
2022-01-17,,,,,,,,,,100.0,100.0,100.0,100.0,99.7,100.0,100.0
2022-01-18,100.0,99.7,96.6,,,,,,,,,,100.0,99.8,100.0,100.0
2022-01-19,,,,98.4,96.1,100.0,,,,,,,100.0,99.8,100.0,100.0
2022-01-20,,,,,,,,,,,,,100.0,99.8,100.0,100.0
2022-01-21,,,,98.6,95.8,100.0,100.0,100.0,100.0,,,,100.0,99.8,100.0,100.0
2022-01-22,,,,,,,,,,,,,100.0,99.7,100.0,100.0
2022-01-23,,,,,,,,,,,,,100.0,99.7,100.0,100.0
2022-01-24,,,,98.6,96.9,100.0,,,,,,,100.0,99.8,100.0,100.0
2022-01-25,100.0,99.8,96.0,,,,,,,,,,100.0,99.7,100.0,100.0
2022-01-26,100.0,99.9,89.1,99.0,96.5,100.0,,,,,,,100.0,99.7,100.0,100.0
2022-01-27,,,,,,,,,,,,,100.0,99.8,100.0,100.0
2022-01-28,,,,,,,,,,,,,100.0,99.8,100.0,100.0
2022-01-29,,,,99.8,98.1,100.0,100.0,100.0,100.0,,,,100.0,99.8,100.0,100.0
2022-01-30,100.0,99.9,95.4,,,,,,,100.0,100.0,100.0,100.0,99.8,100.0,100.0
2022-01-31,,,,,,,,,,,,,100.0,99.8,100.0,100.0
2022-02-01,,,,,,,,,,,,,100.0,99.7,100.0,100.0
2022-02-02,,,,,,,,,,100.0,100.0,100.0,100.0,99.7,100.0,100.0
2022-02-03,,,,100.0,97.5,100.0,,,,100.0,100.0,100.0,100.0,99.8,100.0,100.0
2022-02-04,,,,,,,,,,,,,100.0,99.8,100.0,100.0
2022-02-05,,,,100.0,98.3,100.0,,,,,,,100.0,99.8,100.0,100.0
2022-02-06,100.0,99.9,96.6,,,,100.0,100.0,96.8,,,,100.0,99.9,100.0,100.0
2022-02-07,100.0,100.0,87.3,,,,,,,100.0,99.9,100.0,100.0,99.8,100.0,100.0
2022-02-08,,,,100.0,98.0,100.0,,,,,,,100.0,99.8,100.0,100.0
2022-02-09,,,,,,,,,,,,,100.0,99.8,100.0,100.0
2022-02-10,,,,100.0,98.4,100.0,,,,100.0,99.8,100.0,100.0,99.8,100.0,100.0
2022-02-11,100.0,100.0,96.0,,,,,,,100.0,99.8,100.0,100.0,99.8,100.0,100.0
2022-02-12,,,,,,,,,,,,,100.0,99.8,100.0,100.0
2022-02-13,,,,100.0,97.9,100.0,,,,,,,100.0,99.8,100.0,100.0
2022-02-14,,,,,,,,,,,,,100.0,99.8,100.0,100.0
2022-02-15,,,,100.0,99.1,100.0,,,,,,,100.0,99.7,100.0,100.0
2022-02-16,,,,,,,,,,,,,100.0,99.7,100.0,100.0
2022-02-17,,,,,,,,,,,,,100.0,99.7,100.0,100.0
2022-02-18,100.0,100.0,96.4,,,,,,,100.0,99.7,100.0,100.0,99.7,100.0,100.0
2022-02-19,100.0,100.0,87.1,,,,,,,100.0,99.8,100.0,100.0,99.7,100.0,100.0
2022-02-20,,,,,,,,,,,,,100.0,99.7,100.0,100.0
2022-02-21,,,,,,,,,,,,,100.0,99.6,100.0,100.0
2022-02-22,,,,,,,100.0,99.9,99.8,,,,100.0,99.7,100.0,100.0
2022-02-23,100.0,100.0,96.6,100.0,97.7,100.0,,,,,,,100.0,99.6,100.0,100.0
2022-02-24,,,,,,,,,,,,,100.0,99.7,100.0,100.0
2022-02-25,,,,100.0,97.4,100.0,,,,,,,100.0,99.7,100.0,100.0
2022-02-26,,,,,,,,,,,,,100.0,99.7,100.0,100.0
2022-02-27,,,,,,,,,,100.0,99.7,100.0,100.0,99.5,100.0,100.0
2022-02-28,,,,100.0,96.9,100.0,,,,,,,100.0,99.7,100.0,100.0
2022-03-01,,,,,,,,,,,,,100.0,99.7,100.0,100.0
2022-03-02,,,,100.0,96.6,100.0,,,,,,,100.0,99.6,100.0,100.0
2022-03-03,100.0,100.0,91.9,,,,,,,,,,100.0,99.6,100.0,100.0
2022-03-04,,,,,,,,,,,,,100.0,99.4,100.0,100.0
2022-03-05,,,,100.0,98.0,100.0,,,,,,,100.0,99.6,100.0,100.0
2022-03-06,,,,,,,,,,100.0,99.8,100.0,100.0,99.4,100.0,100.0
2022-03-07,100.0,100.0,95.2,100.0,95.9,100.0,,,,,,,100.0,99.6,100.0,100.0
2022-03-08,,,,,,,,,,,,,100.0,99.4,100.0,100.0
2022-03-09,,,,,,,,,,100.0,99.7,100.0,100.0,99.5,100.0,100.0
2022-03-10,,,,100.0,96.5,100.0,100.0,99.9,53.2,,,,100.0,99.5,100.0,100.0
2022-03-11,,,,,,,,,,,,,100.0,99.4,100.0,100.0
2022-03-12,,,,,,,,,,,,,100.0,99.4,100.0,100.0
2022-03-13,,,,,,,,,,,,,100.0,99.3,100.0,100.0
2022-03-14,100.0,100.0,95.6,,,,,,,,,,100.0,99.4,100.0,100.0
2022-03-15,100.0,100.0,93.7,,,,,,,,,,100.0,99.4,100.0,100.0
2022-03-16,,,,,,,,,,,,,100.0,99.1,100.0,100.0
2022-03-17,,,,100.0,95.2,99.0,,,,,,,100.0,99.4,100.0,100.0
2022-03-18,,,,,,,,,,,,,100.0,99.1,100.0,100.0
2022-03-19,100.0,100.0,96.2,,,,,,,,,,100.0,99.3,100.0,100.0
2022-03-20,,,,100.0,98.9,82.9,,,,100.0,99.8,100.0,100.0,99.1,100.0,100.0
2022-03-21,,,,,,,,,,,,,100.0,99.1,100.0,100.0
2022-03-22,,,,100.0,97.6,100.0,,,,,,,100.0,99.0,100.0,100.0
2022-03-23,,,,,,,,,,,,,100.0,99.0,100.0,100.0
2022-03-24,,,,,,,,,,,,,100.0,98.7,100.0,100.0
2022-03-25,,,,100.0,98.8,100.0,,,,100.0,99.7,100.0,100.0,99.1,100.0,100.0
2022-03-26,100.0,100.0,96.2,,,,,,,,,,100.0,99.1,100.0,100.0
2022-03-27,100.0,100.0,94.8,100.0,97.4,100.0,,,,,,,100.0,99.3,100.0,100.0
2022-03-28,,,,,,,,,,,,,100.0,98.8,100.0,100.0
2022-03-29,,,,,,,,,,100.0,99.8,100.0,100.0,98.8,100.0,100.0
2022-03-30,,,,,,,,,,,,,100.0,98.7,100.0,100.0
2022-03-31,100.0,99.9,96.6,,,,,,,,,,100.0,99.0,100.0,100.0
2022-04-01,,,,,,,,,,,,,100.0,98.8,100.0,100.0
2022-04-02,,,,,,,,,,100.0,99.7,100.0,100.0,99.0,100.0,100.0
2022-04-03,,,,,,,100.0,99.8,100.0,,,,100.0,99.2,100.0,100.0
2022-04-04,,,,100.0,99.7,31.5,,,,,,,100.0,99.2,100.0,100.0
2022-04-05,,,,,,,,,,100.0,99.7,100.0,100.0,99.1,100.0,100.0
2022-04-06,,,,100.0,99.4,100.0,,,,,,,100.0,99.4,100.0,100.0
2022-04-07,100.0,99.7,96.4,,,,,,,,,,100.0,99.4,100.0,100.0
2022-04-08,100.0,99.4,95.2,,,,,,,,,,100.0,99.4,100.0,100.0
2022-04-09,,,,,,,,,,,,,100.0,99.3,100.0,100.0
2022-04-10,,,,,,,,,,100.0,99.7,100.0,100.0,99.5,100.0,100.0
2022-04-11,,,,100.0,98.5,100.0,,,,,,,100.0,99.5,100.0,100.0
2022-04-12,100.0,99.0,98.2,,,,100.0,99.8,94.6,100.0,99.7,100.0,100.0,99.6,100.0,100.0
2022-04-13,,,,,,,,,,100.0,99.6,100.0,100.0,99.4,100.0,100.0
2022-04-14,,,,100.0,98.3,100.0,,,,100.0,99.5,100.0,100.0,99.5,100.0,100.0
2022-04-15,,,,,,,,,,,,,100.0,99.4,100.0,100.0
2022-04-16,,,,100.0,99.0,100.0,,,,,,,100.0,99.4,100.0,100.0
2022-04-17,,,,,,,,,,,,,100.0,99.1,100.0,100.0
2022-04-18,,,,,,,,,,100.0,99.2,100.0,100.0,99.2,100.0,100.0
2022-04-19,100.0,96.7,98.4,100.0,98.3,100.0,,,,,,,100.0,99.2,100.0,100.0
2022-04-20,100.0,91.8,96.8,,,,,,,100.0,98.5,100.0,100.0,98.9,100.0,100.0
2022-04-21,,,,,,,,,,100.0,98.7,100.0,100.0,98.6,100.0,100.0
2022-04-22,,,,,,,,,,,,,100.0,98.5,100.0,100.0
2022-04-23,,,,,,,,,,,,,100.0,98.4,100.0,100.0
2022-04-24,100.0,90.0,97.6,,,,,,,100.0,98.1,100.0,100.0,98.6,100.0,100.0
2022-04-25,,,,,,,,,,100.0,98.4,100.0,100.0,98.4,100.0,100.0
2022-04-26,,,,100.0,99.8,100.0,,,,,,,100.0,98.7,100.0,100.0
2022-04-27,,,,,,,100.0,99.6,100.0,,,,100.0,98.8,100.0,100.0
2022-04-28,,,,,,,99.6,98.0,100.0,100.0,96.7,100.0,100.0,98.8,100.0,100.0
2022-04-29,,,,100.0,98.8,100.0,,,,100.0,96.8,100.0,100.0,98.9,100.0,100.0
2022-04-30,,,,,,,,,,,,,100.0,98.7,100.0,100.0
2022-05-01,99.6,86.5,96.6,100.0,99.1,100.0,,,,,,,100.0,99.1,100.0,100.0
2022-05-02,100.0,88.7,97.0,,,,,,,100.0,94.5,100.0,100.0,99.0,100.0,100.0
2022-05-03,,,,,,,,,,,,,100.0,98.7,100.0,100.0
2022-05-04,,,,,,,,,,,,,100.0,98.6,100.0,100.0
2022-05-05,,,,,,,,,,,,,100.0,98.6,100.0,100.0
2022-05-06,99.2,79.8,97.0,100.0,99.4,100.0,,,,,,,100.0,98.8,100.0,100.0
2022-05-07,,,,,,,,,,100.0,95.2,100.0,100.0,97.9,100.0,100.0
2022-05-08,,,,,,,,,,,,,100.0,97.6,100.0,100.0
2022-05-09,,,,,,,,,,,,,100.0,97.4,100.0,100.0
2022-05-10,,,,,,,,,,,,,100.0,97.1,100.0,100.0
2022-05-11,,,,100.0,96.1,100.0,,,,,,,100.0,96.4,100.0,100.0
2022-05-12,,,,,,,,,,98.4,87.9,100.0,100.0,95.0,100.0,100.0
2022-05-13,95.9,70.7,96.8,,,,,,,,,,100.0,94.6,100.0,100.0
2022-05-14,89.6,57.5,95.2,,,,,,,,,,100.0,92.8,100.0,100.0
2022-05-15,,,,,,,,,,,,,98.2,88.1,100.0,98.2
2022-05-16,,,,,,,,,,,,,97.4,84.0,100.0,97.4
2022-05-17,,,,,,,,,,,,,93.7,79.8,100.0,93.7
2022-05-18,66.9,49.7,97.2,,,,,,,,,,91.7,77.2,100.0,91.7
2022-05-19,,,,,,,,,,,,,61.1,63.0,100.0,61.1
2022-05-20,,,,,,,,,,94.4,78.3,100.0,47.6,57.7,100.0,47.6
2022-05-21,,,,11.5,18.6,100.0,,,,,,,29.6,47.7,100.0,29.6
2022-05-22,,,,,,,,,,,,,26.0,44.5,100.0,26.0
2022-05-23,,,,,,,,,,,,,7.3,25.0,100.0,7.3
2022-05-24,,,,,,,,,,84.9,67.6,100.0,4.4,20.1,100.0,4.4
2022-05-25,26.6,34.4,97.8,,,,,,,92.7,76.4,100.0,0.6,14.8,100.0,0.6
2022-05-26,14.3,27.2,90.3,,,,,,,,,,0.2,13.0,100.0,0.2
2022-05-27,,,,,,,,,,,,,0.0,7.8,100.0,0.0
2022-05-28,,,,,,,,,,85.7,67.4,100.0,0.0,5.9,100.0,0.0
2022-05-29,,,,0.0,0.1,100.0,,,,47.0,44.4,100.0,0.0,4.3,100.0,0.0
2022-05-30,7.9,18.7,98.2,,,,,,,,,,0.0,3.6,100.0,0.0
2022-05-31,,,,,,,,,,,,,0.0,2.8,100.0,0.0
2022-06-01,,,,,,,,,,33.8,36.8,40.5,0.0,1.9,100.0,0.0
2022-06-02,,,,,,,,,,,,,0.0,1.5,100.0,0.0
2022-06-03,,,,,,,,,,,,,0.0,1.4,100.0,0.0
2022-06-04,,,,,,,,,,,,,0.0,1.6,100.0,0.0
2022-06-05,,,,,,,,,,0.6,15.7,100.0,0.0,1.1,100.0,0.0
2022-06-06,1.6,11.7,97.2,,,,0.0,0.0,55.2,0.0,12.9,100.0,0.0,1.2,100.0,0.0
2022-06-07,0.6,9.5,95.2,,,,,,,,,,0.0,1.4,100.0,0.0
2022-06-08,,,,,,,,,,,,,0.0,1.6,100.0,0.0
2022-06-09,,,,,,,,,,0.0,3.4,100.0,0.0,1.3,100.0,0.0
2022-06-10,,,,0.0,0.0,100.0,,,,0.0,0.6,100.0,0.0,1.1,100.0,0.0
2022-06-11,1.2,10.0,98.8,,,,,,,,,,0.0,1.5,100.0,0.0
2022-06-12,,,,,,,,,,,,,0.0,1.3,100.0,0.0
2022-06-13,,,,0.0,0.0,99.8,,,,0.0,0.3,100.0,0.0,1.3,100.0,0.0
2022-06-14,,,,,,,,,,,,,0.0,1.4,100.0,0.0
2022-06-15,,,,,,,,,,,,,0.0,1.8,100.0,0.0
2022-06-16,,,,,,,,,,0.0,0.0,100.0,0.0,1.5,100.0,0.0
2022-06-17,,,,,,,,,,,,,0.0,1.7,100.0,0.0
2022-06-18,0.2,4.6,98.6,0.0,0.0,100.0,,,,0.0,0.1,100.0,0.0,1.2,100.0,0.0
2022-06-19,0.2,4.2,93.1,,,,,,,,,,0.0,1.8,100.0,0.0
2022-06-20,,,,0.0,0.0,93.8,,,,0.0,0.0,100.0,0.0,1.2,100.0,0.0
2022-06-21,,,,,,,,,,,,,0.0,1.4,100.0,0.0
2022-06-22,,,,,,,,,,0.0,0.1,100.0,0.0,1.4,100.0,0.0
2022-06-23,0.0,3.0,98.6,0.0,0.0,41.9,,,,,,,0.0,1.8,100.0,0.0
2022-06-24,,,,,,,,,,,,,0.0,1.2,100.0,0.0
2022-06-25,,,,0.0,0.0,98.8,,,,0.0,0.0,100.0,0.0,0.9,100.0,0.0
2022-06-26,,,,,,,,,,,,,0.0,1.1,100.0,0.0
2022-06-27,,,,,,,,,,,,,0.0,1.0,100.0,0.0
2022-06-28,,,,,,,,,,,,,0.0,1.0,100.0,0.0
2022-06-29,,,,,,,,,,0.0,0.0,100.0,0.0,0.7,100.0,0.0
2022-06-30,0.0,3.4,98.8,,,,,,,,,,0.0,0.8,100.0,0.0
2022-07-01,0.0,3.1,95.4,,,,,,,,,,0.0,0.7,100.0,0.0
2022-07-02,,,,,,,,,,,,,0.0,0.6,100.0,0.0
2022-07-03,,,,,,,,,,,,,0.0,0.6,100.0,0.0
2022-07-04,,,,,,,,,,,,,0.0,0.6,100.0,0.0
2022-07-05,0.0,3.3,97.4,0.0,0.0,100.0,,,,,,,0.0,0.5,100.0,0.0
2022-07-06,,,,,,,,,,0.0,0.0,100.0,0.0,0.5,100.0,0.0
2022-07-07,,,,,,,,,,0.0,0.0,100.0,0.0,0.6,100.0,0.0
2022-07-08,,,,0.0,0.0,100.0,0.0,0.0,60.3,,,,0.0,0.6,100.0,0.0
2022-07-09,,,,,,,,,,,,,0.0,0.6,100.0,0.0
2022-07-10,,,,0.0,0.0,100.0,,,,0.0,0.0,100.0,0.0,0.2,100.0,0.0
2022-07-11,,,,,,,,,,,,,0.0,0.3,100.0,0.0
2022-07-12,0.0,3.4,98.6,,,,,,,,,,0.0,0.3,100.0,0.0
2022-07-13,0.0,3.0,94.8,0.0,0.0,100.0,,,,,,,0.0,0.2,100.0,0.0
2022-07-14,,,,,,,,,,,,,0.0,0.2,100.0,0.0
2022-07-15,,,,0.0,0.0,100.0,,,,,,,0.0,0.2,100.0,0.0
2022-07-16,,,,,,,0.0,0.0,66.5,,,,0.0,0.2,100.0,0.0
2022-07-17,0.0,3.2,98.4,,,,,,,,,,0.0,0.1,100.0,0.0
2022-07-18,,,,0.0,0.0,100.0,,,,,,,0.0,0.1,100.0,0.0
2022-07-19,,,,,,,,,,,,,0.0,0.1,100.0,0.0
2022-07-20,,,,,,,,,,,,,0.0,0.1,100.0,0.0
2022-07-21,,,,,,,,,,,,,0.0,0.0,100.0,0.0
2022-07-22,,,,,,,,,,,,,0.0,0.0,100.0,0.0
2022-07-23,,,,,,,,,,,,,0.0,0.0,100.0,0.0
2022-07-24,0.0,2.8,98.6,,,,0.0,0.0,96.8,0.0,0.0,100.0,0.0,0.0,100.0,0.0
2022-07-25,0.0,2.5,95.8,0.0,0.0,94.6,,,,,,,0.0,0.0,100.0,0.0
2022-07-26,,,,,,,,,,,,,0.0,0.0,100.0,0.0
2022-07-27,,,,,,,,,,,,,0.0,0.0,100.0,0.0
2022-07-28,,,,,,,,,,,,,0.0,0.1,100.0,0.0
2022-07-29,0.0,2.1,98.4,,,,,,,,,,0.0,0.0,100.0,0.0
2022-07-30,,,,0.0,0.0,100.0,,,,,,,0.0,0.0,100.0,0.0
2022-07-31,,,,,,,,,,,,,0.0,0.1,100.0,0.0
2022-08-01,,,,,,,0.0,0.0,57.1,0.0,0.0,100.0,0.0,0.1,100.0,0.0
2022-08-02,,,,0.0,0.0,100.0,,,,0.0,0.0,100.0,0.0,0.1,100.0,0.0
2022-08-03,,,,,,,,,,,,,0.0,0.1,100.0,0.0
2022-08-04,,,,0.0,0.0,58.9,,,,,,,0.0,0.1,100.0,0.0
2022-08-05,0.0,1.9,99.0,,,,,,,0.0,0.0,100.0,0.0,0.1,100.0,0.0
2022-08-06,0.0,1.8,95.8,,,,,,,0.0,0.0,100.0,0.0,0.1,100.0,0.0
2022-08-07,,,,,,,,,,,,,0.0,0.2,100.0,0.0
2022-08-08,,,,,,,,,,,,,0.0,0.2,100.0,0.0
2022-08-09,,,,0.0,0.0,100.0,0.0,0.0,47.6,0.0,0.0,100.0,0.0,0.2,100.0,0.0
2022-08-10,0.0,1.8,99.0,,,,,,,,,,0.0,0.3,100.0,0.0
2022-08-11,,,,,,,,,,,,,0.0,0.3,100.0,0.0
2022-08-12,,,,0.0,0.0,100.0,,,,,,,0.0,0.3,100.0,0.0
2022-08-13,,,,,,,,,,0.0,0.0,100.0,0.0,0.2,100.0,0.0
2022-08-14,,,,,,,,,,,,,0.0,0.3,100.0,0.0
2022-08-15,,,,,,,,,,,,,0.0,0.3,100.0,0.0
2022-08-16,,,,,,,,,,0.0,0.0,100.0,0.0,0.2,100.0,0.0
2022-08-17,0.0,1.9,99.0,,,,,,,,,,0.0,0.2,100.0,0.0
2022-08-18,0.0,1.6,97.2,,,,,,,,,,0.0,0.2,100.0,0.0
2022-08-19,,,,,,,,,,,,,0.0,0.3,100.0,0.0
2022-08-20,,,,,,,,,,0.0,0.0,100.0,0.0,0.2,100.0,0.0
2022-08-21,,,,,,,,,,0.0,0.0,100.0,0.0,0.2,100.0,0.0
2022-08-22,0.0,2.4,98.8,0.0,0.0,96.8,,,,0.0,0.0,100.0,0.0,0.1,100.0,0.0
2022-08-23,,,,,,,,,,,,,0.0,0.2,100.0,0.0
2022-08-24,,,,0.0,0.0,100.0,,,,0.0,0.0,100.0,0.0,0.1,100.0,0.0
2022-08-25,,,,,,,0.0,0.0,75.4,0.0,0.0,100.0,0.0,0.1,100.0,0.0
2022-08-26,,,,,,,,,,,,,0.0,0.1,100.0,0.0
2022-08-27,,,,,,,,,,,,,0.0,0.2,100.0,0.0
2022-08-28,,,,,,,,,,0.0,0.0,100.0,0.0,0.1,100.0,0.0
2022-08-29,0.0,2.3,99.0,0.0,0.0,96.0,,,,0.0,0.0,100.0,0.0,0.1,100.0,0.0
2022-08-30,0.0,2.6,95.8,,,,,,,,,,0.0,0.1,100.0,0.0
2022-08-31,,,,,,,,,,,,,0.0,0.1,100.0,0.0
2022-09-01,,,,0.0,0.0,100.0,,,,0.0,0.0,100.0,0.0,0.1,100.0,0.0
2022-09-02,,,,,,,,,,0.0,0.0,100.0,0.0,0.2,100.0,0.0
2022-09-03,0.0,2.7,99.0,,,,,,,,,,0.0,0.1,100.0,0.0
2022-09-04,,,,,,,,,,,,,0.0,0.1,100.0,0.0
2022-09-05,,,,,,,,,,0.0,0.0,100.0,0.0,0.1,100.0,0.0
2022-09-06,,,,0.0,0.0,39.9,,,,,,,0.0,0.1,100.0,0.0
2022-09-07,,,,,,,,,,,,,0.0,0.1,100.0,0.0
2022-09-08,,,,0.0,0.0,36.3,,,,0.0,0.0,100.0,0.0,0.1,100.0,0.0
2022-09-09,,,,,,,,,,,,,0.0,0.1,100.0,0.0
2022-09-10,0.0,2.6,99.0,,,,0.0,0.0,96.0,,,,0.0,0.1,100.0,0.0
2022-09-11,0.0,2.9,95.6,0.0,0.0,100.0,,,,0.0,0.0,100.0,0.0,0.0,100.0,0.0
2022-09-12,,,,,,,,,,0.0,0.0,100.0,0.0,0.0,100.0,0.0
2022-09-13,,,,,,,,,,,,,0.0,0.0,100.0,0.0
2022-09-14,,,,,,,,,,,,,0.0,0.1,100.0,0.0
2022-09-15,0.0,2.5,98.8,,,,,,,,,,0.0,0.0,100.0,0.0
2022-09-16,,,,0.0,0.0,100.0,,,,,,,0.0,0.0,100.0,0.0
2022-09-17,,,,,,,,,,,,,0.0,0.1,100.0,0.0
2022-09-18,,,,0.0,0.0,100.0,0.0,0.0,58.1,,,,0.0,0.1,100.0,0.0
2022-09-19,,,,,,,,,,,,,0.0,0.1,100.0,0.0
2022-09-20,,,,,,,,,,,,,0.0,0.0,100.0,0.0
2022-09-21,,,,,,,,,,,,,0.0,0.1,100.0,0.0
2022-09-22,0.0,2.5,99.0,,,,,,,,,,0.0,0.1,100.0,0.0
2022-09-23,0.0,2.6,94.6,0.0,0.0,100.0,,,,,,,0.0,0.1,100.0,0.0
2022-09-24,,,,,,,,,,,,,0.0,0.1,100.0,0.0
2022-09-25,,,,,,,,,,,,,0.0,0.1,100.0,0.0
2022-09-26,,,,,,,,,,,,,0.0,0.3,100.0,0.0
2022-09-27,0.0,3.8,99.0,,,,0.0,0.0,42.3,,,,0.0,0.2,100.0,0.0
2022-09-28,,,,,,,,,,,,,0.0,0.1,100.0,0.0
2022-09-29,,,,,,,,,,,,,0.0,0.2,100.0,0.0
2022-09-30,,,,,,,,,,,,,0.0,0.2,100.0,0.0
2022-10-01,,,,,,,,,,0.0,0.0,100.0,0.0,0.2,100.0,0.0
2022-10-02,,,,,,,,,,,,,0.0,0.2,100.0,0.0
2022-10-03,,,,0.0,0.0,100.0,,,,,,,0.0,0.2,100.0,0.0
2022-10-04,0.0,4.1,99.0,,,,0.0,0.0,61.1,,,,0.0,0.3,100.0,0.0
2022-10-05,0.0,4.1,95.2,,,,,,,0.0,0.0,100.0,0.0,0.3,100.0,0.0
2022-10-06,,,,0.0,0.0,100.0,,,,,,,0.0,0.3,100.0,0.0
2022-10-07,,,,,,,,,,,,,0.0,0.3,100.0,0.0
2022-10-08,,,,,,,,,,0.0,0.0,100.0,0.0,0.2,100.0,0.0
2022-10-09,0.0,4.5,99.0,,,,,,,0.0,0.0,85.7,0.0,0.4,100.0,0.0
2022-10-10,,,,,,,,,,,,,0.0,0.4,100.0,0.0
2022-10-11,,,,0.0,0.0,100.0,,,,,,,0.0,0.5,100.0,0.0
2022-10-12,,,,,,,,,,0.0,0.0,100.0,0.0,0.3,100.0,0.0
2022-10-13,,,,,,,,,,,,,0.0,0.7,100.0,0.0
2022-10-14,,,,,,,,,,0.0,0.0,100.0,0.0,0.5,100.0,0.0
2022-10-15,,,,,,,,,,,,,0.0,0.9,100.0,0.0
2022-10-16,0.0,3.7,99.0,0.0,0.0,100.0,,,,0.0,0.0,100.0,0.0,0.3,100.0,0.0
2022-10-17,0.0,3.7,95.2,,,,,,,0.0,0.0,100.0,0.0,0.6,100.0,0.0
2022-10-18,,,,0.0,0.0,100.0,,,,,,,0.0,0.4,100.0,0.0
2022-10-19,,,,,,,,,,,,,0.0,0.7,100.0,0.0
2022-10-20,,,,,,,,,,0.0,0.0,100.0,0.0,0.5,100.0,0.0
2022-10-21,0.0,2.7,98.8,,,,,,,,,,0.0,0.7,100.0,0.0
2022-10-22,,,,,,,,,,,,,0.0,0.4,100.0,0.0
2022-10-23,,,,,,,,,,,,,0.0,0.5,100.0,0.0
2022-10-24,,,,,,,,,,0.0,0.0,100.0,0.0,0.3,100.0,0.0
2022-10-25,,,,,,,,,,0.0,0.0,100.0,0.0,0.3,100.0,0.0
2022-10-26,,,,0.0,0.0,100.0,,,,,,,0.0,0.3,100.0,0.0
2022-10-27,,,,,,,,,,,,,0.0,0.4,100.0,0.0
2022-10-28,0.0,2.5,99.0,0.0,0.0,81.3,,,,,,,0.0,0.2,100.0,0.0
2022-10-29,0.0,2.1,94.6,,,,,,,,,,0.0,0.3,100.0,0.0
2022-10-30,,,,,,,,,,,,,0.0,0.3,100.0,0.0
2022-10-31,,,,0.0,0.0,100.0,,,,,,,0.0,0.3,100.0,0.0
2022-11-01,,,,,,,,,,0.0,0.0,100.0,0.0,0.2,100.0,0.0
2022-11-02,0.2,3.0,98.8,0.0,0.0,91.3,,,,0.0,0.0,100.0,0.0,0.2,100.0,0.0
2022-11-03,,,,,,,,,,,,,0.0,0.2,100.0,0.0
2022-11-04,,,,,,,,,,,,,0.0,0.4,100.0,0.0
2022-11-05,,,,0.0,0.9,100.0,0.0,0.0,99.6,0.0,0.1,100.0,0.0,0.3,100.0,0.0
2022-11-06,,,,,,,,,,,,,0.0,0.3,100.0,0.0
2022-11-07,,,,,,,,,,,,,0.0,0.4,100.0,0.0
2022-11-08,,,,,,,,,,,,,0.0,0.5,100.0,0.0
2022-11-09,0.4,2.4,98.8,,,,,,,,,,0.0,0.9,100.0,0.0
2022-11-10,0.2,2.4,97.4,0.0,1.2,100.0,,,,,,,0.0,0.7,100.0,0.0
2022-11-11,,,,,,,,,,,,,0.0,1.0,100.0,0.0
2022-11-12,,,,0.0,0.8,100.0,,,,,,,0.0,1.2,100.0,0.0
2022-11-13,,,,,,,,,,,,,0.0,1.6,100.0,0.0
2022-11-14,0.6,3.0,98.8,,,,,,,,,,0.0,1.4,100.0,0.0
2022-11-15,,,,,,,,,,,,,0.0,1.7,100.0,0.0
2022-11-16,,,,,,,,,,0.0,0.9,100.0,0.0,1.4,100.0,0.0
2022-11-17,,,,0.2,1.2,100.0,,,,,,,0.0,1.8,100.0,0.0
2022-11-18,,,,,,,,,,,,,0.0,1.3,100.0,0.0
2022-11-19,,,,,,,,,,,,,0.0,1.8,100.0,0.0
2022-11-20,,,,0.0,1.6,100.0,,,,,,,0.0,1.9,100.0,0.0
2022-11-21,0.6,4.4,98.6,,,,0.0,0.3,92.5,,,,0.0,3.3,100.0,0.0
2022-11-22,2.2,7.2,97.6,0.0,10.4,33.5,,,,,,,0.0,2.9,100.0,0.0
2022-11-23,,,,,,,,,,,,,0.0,4.1,100.0,0.0
2022-11-24,,,,,,,,,,,,,0.0,3.7,100.0,0.0
2022-11-25,,,,1.6,7.6,100.0,,,,,,,0.0,5.5,100.0,0.0
2022-11-26,3.4,10.4,99.0,,,,,,,,,,0.0,6.2,100.0,0.0
2022-11-27,,,,2.0,12.6,100.0,,,,0.0,4.1,100.0,0.0,8.4,100.0,0.0
2022-11-28,,,,,,,,,,0.0,10.5,100.0,0.0,13.6,100.0,0.0
2022-11-29,,,,,,,,,,,,,0.0,24.5,100.0,0.0
2022-11-30,,,,,,,,,,,,,0.2,31.5,100.0,0.2
2022-12-01,,,,,,,,,,0.2,13.4,100.0,4.4,44.6,100.0,4.4
2022-12-02,,,,,,,,,,,,,51.8,59.3,100.0,51.8
2022-12-03,11.6,23.7,99.0,,,,,,,,,,88.3,68.2,100.0,88.3
2022-12-04,30.5,38.1,97.6,,,,,,,,,,97.6,74.5,100.0,97.6
2022-12-05,,,,99.8,94.6,100.0,,,,65.7,52.7,100.0,98.6,79.7,100.0,98.6
2022-12-06,,,,,,,,,,66.5,53.6,100.0,99.4,84.5,100.0,99.4
2022-12-07,,,,98.6,93.3,100.0,100.0,98.8,100.0,,,,99.6,90.8,100.0,99.6
2022-12-08,89.0,59.5,98.8,,,,,,,,,,100.0,91.8,100.0,100.0
2022-12-09,,,,,,,,,,93.9,70.8,100.0,100.0,93.6,100.0,100.0
2022-12-10,,,,99.8,97.8,100.0,,,,99.8,85.6,100.0,100.0,95.7,100.0,100.0
2022-12-11,,,,,,,,,,,,,100.0,96.1,100.0,100.0
2022-12-12,,,,,,,,,,,,,100.0,96.7,100.0,100.0
2022-12-13,,,,,,,,,,,,,100.0,97.4,100.0,100.0
2022-12-14,,,,,,,,,,97.8,81.0,100.0,100.0,97.8,100.0,100.0
2022-12-15,99.0,69.8,98.8,,,,,,,,,,100.0,98.1,100.0,100.0
2022-12-16,99.6,77.5,96.6,,,,,,,100.0,94.2,100.0,100.0,98.0,100.0,100.0
2022-12-17,,,,99.8,97.5,100.0,,,,100.0,96.4,100.0,100.0,98.3,100.0,100.0
2022-12-18,,,,,,,,,,100.0,98.6,100.0,100.0,98.3,100.0,100.0
2022-12-19,,,,,,,,,,,,,100.0,98.3,100.0,100.0
2022-12-20,99.8,81.9,99.4,,,,,,,,,,100.0,98.3,100.0,100.0
2022-12-21,,,,,,,,,,100.0,99.1,100.0,100.0,98.3,100.0,100.0
2022-12-22,,,,99.5,95.6,85.5,,,,,,,100.0,98.5,100.0,100.0
2022-12-23,,,,,,,,,,,,,100.0,98.3,100.0,100.0
2022-12-24,,,,,,,,,,100.0,99.5,100.0,100.0,98.3,100.0,100.0
2022-12-25,,,,100.0,97.6,100.0,,,,100.0,99.4,100.0,100.0,98.5,100.0,100.0
2022-12-26,,,,,,,,,,,,,100.0,98.6,100.0,100.0
2022-12-27,100.0,86.3,99.2,99.8,96.1,100.0,,,,,,,100.0,99.0,100.0,100.0
2022-12-28,99.4,89.6,95.8,,,,,,,,,,100.0,98.8,100.0,100.0
2022-12-29,,,,,,,,,,100.0,99.7,100.0,100.0,98.7,100.0,100.0
2022-12-30,,,,,,,,,,,,,100.0,98.8,100.0,100.0
2022-12-31,,,,,,,,,,,,,100.0,98.9,100.0,100.0
2023-01-01,100.0,91.8,99.0,99.4,98.0,100.0,,,,,,,100.0,99.3,100.0,100.0
2023-01-02,,,,,,,,,,100.0,99.7,100.0,100.0,99.2,100.0,100.0
2023-01-03,,,,,,,,,,,,,100.0,99.2,100.0,100.0
2023-01-04,,,,99.7,98.8,69.3,,,,,,,100.0,99.4,100.0,100.0
2023-01-05,,,,,,,,,,100.0,99.8,100.0,100.0,99.4,100.0,100.0
2023-01-06,,,,99.8,98.8,100.0,,,,,,,100.0,99.5,100.0,100.0
2023-01-07,,,,,,,,,,,,,100.0,99.4,100.0,100.0
2023-01-08,100.0,93.9,98.0,,,,,,,,,,100.0,99.5,100.0,100.0
2023-01-09,100.0,95.3,94.8,100.0,98.9,37.6,,,,100.0,99.9,100.0,100.0,99.6,100.0,100.0
2023-01-10,,,,,,,,,,,,,100.0,99.5,100.0,100.0
2023-01-11,,,,,,,,,,,,,100.0,99.6,100.0,100.0
2023-01-12,,,,,,,,,,100.0,99.9,100.0,100.0,99.5,100.0,100.0
2023-01-13,100.0,96.7,97.2,,,,,,,,,,100.0,99.7,100.0,100.0
2023-01-14,,,,100.0,99.6,100.0,,,,,,,100.0,99.7,100.0,100.0
2023-01-15,,,,,,,,,,,,,100.0,99.7,100.0,100.0
2023-01-16,,,,,,,,,,,,,100.0,99.5,100.0,100.0
2023-01-17,,,,,,,,,,,,,100.0,99.6,100.0,100.0
2023-01-18,,,,,,,,,,,,,100.0,99.7,100.0,100.0
2023-01-19,,,,100.0,98.3,100.0,,,,,,,100.0,99.8,100.0,100.0
2023-01-20,100.0,97.0,97.0,,,,,,,,,,100.0,99.7,100.0,100.0
2023-01-21,100.0,96.9,92.0,100.0,98.9,100.0,,,,,,,100.0,99.8,100.0,100.0
2023-01-22,,,,,,,,,,,,,100.0,99.8,100.0,100.0
2023-01-23,,,,,,,,,,,,,100.0,99.8,100.0,100.0
2023-01-24,,,,100.0,93.1,95.6,,,,100.0,99.9,100.0,100.0,99.7,100.0,100.0
2023-01-25,100.0,97.0,96.8,,,,,,,,,,100.0,99.8,100.0,100.0
2023-01-26,,,,100.0,98.5,100.0,,,,,,,100.0,99.8,100.0,100.0
2023-01-27,,,,,,,,,,100.0,99.9,100.0,100.0,99.8,100.0,100.0
2023-01-28,,,,,,,,,,100.0,99.9,100.0,100.0,99.7,100.0,100.0
2023-01-29,,,,100.0,98.1,100.0,,,,,,,100.0,99.8,100.0,100.0
2023-01-30,,,,,,,,,,,,,100.0,99.8,100.0,100.0
2023-01-31,,,,100.0,97.6,100.0,,,,100.0,100.0,100.0,100.0,99.8,100.0,100.0
2023-02-01,100.0,97.1,96.6,,,,100.0,100.0,100.0,,,,100.0,99.8,100.0,100.0
2023-02-02,100.0,97.4,91.0,,,,100.0,100.0,99.8,,,,100.0,99.8,100.0,100.0
2023-02-03,,,,100.0,97.4,100.0,,,,,,,100.0,99.8,100.0,100.0
2023-02-04,,,,,,,,,,100.0,100.0,100.0,100.0,99.8,100.0,100.0
2023-02-05,,,,100.0,97.4,100.0,,,,100.0,99.9,100.0,100.0,99.8,100.0,100.0
2023-02-06,100.0,97.4,98.8,,,,,,,,,,100.0,99.8,100.0,100.0
2023-02-07,,,,,,,,,,,,,100.0,99.8,100.0,100.0
2023-02-08,,,,100.0,98.2,100.0,,,,100.0,99.9,100.0,100.0,99.8,100.0,100.0
2023-02-09,,,,,,,100.0,100.0,100.0,100.0,99.9,100.0,100.0,99.8,100.0,100.0
2023-02-10,,,,100.0,97.9,100.0,100.0,100.0,100.0,,,,100.0,99.9,100.0,100.0
2023-02-11,,,,,,,,,,,,,100.0,99.8,100.0,100.0
2023-02-12,,,,,,,,,,100.0,99.8,100.0,100.0,99.8,100.0,100.0
2023-02-13,100.0,97.3,99.2,100.0,98.1,100.0,,,,,,,100.0,99.9,100.0,100.0
2023-02-14,100.0,98.1,94.4,,,,,,,,,,100.0,99.8,100.0,100.0
2023-02-15,,,,100.0,99.1,100.0,,,,100.0,99.7,100.0,100.0,99.8,100.0,100.0
2023-02-16,,,,,,,,,,100.0,99.8,100.0,100.0,99.8,100.0,100.0
2023-02-17,,,,,,,100.0,100.0,43.4,100.0,99.8,100.0,100.0,99.8,100.0,100.0
2023-02-18,100.0,98.4,97.6,100.0,98.3,100.0,100.0,99.9,93.2,,,,100.0,99.9,100.0,100.0
2023-02-19,,,,,,,,,,,,,100.0,99.7,100.0,100.0
2023-02-20,,,,100.0,99.3,100.0,,,,100.0,99.7,100.0,100.0,99.8,100.0,100.0
2023-02-21,,,,,,,,,,,,,100.0,99.7,100.0,100.0
2023-02-22,,,,,,,,,,,,,100.0,99.7,100.0,100.0
2023-02-23,,,,,,,,,,,,,100.0,99.7,100.0,100.0
2023-02-24,,,,,,,,,,,,,100.0,99.7,100.0,100.0
2023-02-25,100.0,98.8,98.8,100.0,99.3,100.0,100.0,100.0,62.2,100.0,99.6,100.0,100.0,99.8,100.0,100.0
2023-02-26,100.0,98.9,91.2,,,,,,,,,,100.0,99.7,100.0,100.0
2023-02-27,,,,,,,,,,100.0,99.6,100.0,100.0,99.7,100.0,100.0
2023-02-28,,,,100.0,99.9,98.6,,,,100.0,99.5,100.0,100.0,99.7,100.0,100.0
2023-03-01,,,,,,,,,,100.0,99.3,100.0,100.0,99.7,100.0,100.0
2023-03-02,100.0,99.3,99.0,100.0,99.7,100.0,,,,,,,100.0,99.7,100.0,100.0
2023-03-03,,,,,,,,,,100.0,99.3,100.0,100.0,99.7,100.0,100.0
2023-03-04,,,,,,,,,,100.0,99.5,100.0,100.0,99.6,100.0,100.0
2023-03-05,,,,100.0,99.6,100.0,100.0,99.9,99.8,,,,100.0,99.8,100.0,100.0
2023-03-06,,,,,,,,,,100.0,99.5,100.0,100.0,99.7,100.0,100.0
2023-03-07,,,,100.0,99.4,100.0,,,,100.0,99.6,100.0,100.0,99.8,100.0,100.0
2023-03-08,,,,,,,,,,,,,100.0,99.7,100.0,100.0
2023-03-09,100.0,99.3,98.4,,,,,,,,,,100.0,99.7,100.0,100.0
2023-03-10,100.0,99.3,92.4,,,,,,,,,,100.0,99.7,100.0,100.0
2023-03-11,,,,,,,,,,,,,100.0,99.7,100.0,100.0
2023-03-12,,,,100.0,99.8,100.0,,,,,,,100.0,99.7,100.0,100.0
2023-03-13,,,,,,,100.0,99.9,100.0,,,,100.0,99.8,100.0,100.0
2023-03-14,100.0,99.4,99.0,,,,,,,100.0,99.6,100.0,100.0,99.8,100.0,100.0
2023-03-15,,,,100.0,99.7,100.0,,,,,,,100.0,99.8,100.0,100.0
2023-03-16,,,,,,,,,,,,,100.0,99.8,100.0,100.0
2023-03-17,,,,100.0,99.5,100.0,,,,,,,100.0,99.8,100.0,100.0
2023-03-18,,,,,,,,,,100.0,99.8,99.8,100.0,99.8,100.0,100.0
2023-03-19,,,,,,,,,,,,,100.0,99.7,100.0,100.0
2023-03-20,,,,100.0,99.5,100.0,,,,,,,100.0,99.8,100.0,100.0
2023-03-21,100.0,99.5,98.8,,,,100.0,99.9,100.0,,,,100.0,99.8,100.0,100.0
2023-03-22,100.0,99.2,96.8,100.0,99.1,100.0,100.0,99.7,53.6,,,,100.0,99.8,100.0,100.0
2023-03-23,,,,,,,,,,100.0,99.7,100.0,100.0,99.7,100.0,100.0
2023-03-24,,,,,,,,,,,,,100.0,99.7,100.0,100.0
2023-03-25,,,,,,,,,,,,,100.0,99.6,100.0,100.0
2023-03-26,100.0,98.9,98.6,,,,,,,,,,100.0,99.5,100.0,100.0
2023-03-27,,,,,,,,,,,,,100.0,99.3,100.0,100.0
2023-03-28,,,,,,,,,,,,,100.0,99.4,100.0,100.0
2023-03-29,,,,,,,,,,,,,100.0,99.3,100.0,100.0
2023-03-30,,,,,,,,,,100.0,99.6,99.8,100.0,99.1,100.0,100.0
2023-03-31,,,,,,,,,,,,,100.0,99.0,100.0,100.0
2023-04-01,,,,,,,,,,,,,100.0,99.1,100.0,100.0
2023-04-02,100.0,98.1,99.0,,,,,,,,,,100.0,99.3,100.0,100.0
2023-04-03,100.0,96.7,97.0,,,,,,,100.0,99.4,100.0,100.0,99.2,100.0,100.0
2023-04-04,,,,100.0,99.0,100.0,,,,100.0,99.3,100.0,100.0,99.4,100.0,100.0
2023-04-05,,,,,,,,,,,,,100.0,99.4,100.0,100.0
2023-04-06,,,,100.0,99.3,100.0,100.0,99.5,100.0,,,,100.0,99.7,100.0,100.0
2023-04-07,99.8,94.2,95.6,,,,,,,100.0,98.2,51.6,100.0,99.5,100.0,100.0
2023-04-08,,,,,,,,,,100.0,98.6,100.0,100.0,99.6,100.0,100.0
2023-04-09,,,,100.0,99.6,100.0,,,,,,,100.0,99.6,100.0,100.0
2023-04-10,,,,,,,,,,,,,100.0,99.7,100.0,100.0
2023-04-11,,,,,,,,,,100.0,98.6,100.0,100.0,99.6,100.0,100.0
2023-04-12,,,,,,,,,,100.0,97.9,99.0,100.0,99.7,100.0,100.0
2023-04-13,,,,,,,,,,,,,100.0,99.7,100.0,100.0
2023-04-14,99.0,89.6,99.2,100.0,99.4,100.0,,,,100.0,96.6,100.0,100.0,99.8,100.0,100.0
2023-04-15,98.8,87.6,96.6,,,,,,,100.0,96.1,100.0,100.0,99.7,100.0,100.0
2023-04-16,,,,100.0,99.7,100.0,,,,100.0,94.8,100.0,100.0,99.7,100.0,100.0
2023-04-17,,,,,,,,,,,,,100.0,99.6,100.0,100.0
2023-04-18,,,,,,,,,,100.0,90.9,100.0,100.0,99.7,100.0,100.0
2023-04-19,97.8,83.8,99.4,100.0,99.6,100.0,,,,100.0,89.2,100.0,100.0,99.6,100.0,100.0
2023-04-20,,,,,,,,,,,,,100.0,99.6,100.0,100.0
2023-04-21,,,,,,,,,,,,,100.0,99.5,100.0,100.0
2023-04-22,,,,,,,,,,100.0,91.4,100.0,100.0,99.4,100.0,100.0
2023-04-23,,,,,,,,,,100.0,93.3,100.0,100.0,99.3,100.0,100.0
2023-04-24,,,,100.0,99.7,100.0,,,,100.0,97.1,100.0,100.0,99.6,100.0,100.0
2023-04-25,,,,,,,,,,,,,100.0,99.4,100.0,100.0
2023-04-26,95.3,71.2,99.2,100.0,99.6,100.0,,,,,,,100.0,99.6,100.0,100.0
2023-04-27,92.3,68.2,99.4,,,,,,,100.0,97.7,100.0,100.0,99.3,100.0,100.0
2023-04-28,,,,,,,,,,,,,100.0,99.3,100.0,100.0
2023-04-29,,,,,,,,,,,,,100.0,99.0,100.0,100.0
2023-04-30,,,,,,,,,,,,,100.0,99.0,100.0,100.0
2023-05-01,81.6,60.2,99.4,,,,,,,100.0,97.8,88.8,100.0,98.6,100.0,100.0
2023-05-02,,,,,,,,,,,,,100.0,99.0,100.0,100.0
2023-05-03,,,,,,,,,,,,,100.0,98.6,100.0,100.0
2023-05-04,,,,100.0,99.8,100.0,,,,100.0,98.3,100.0,100.0,99.0,100.0,100.0
2023-05-05,,,,,,,,,,,,,100.0,98.7,100.0,100.0
2023-05-06,,,,100.0,99.4,100.0,,,,,,,100.0,98.9,100.0,100.0
2023-05-07,,,,,,,,,,100.0,98.0,100.0,100.0,98.4,100.0,100.0
2023-05-08,79.1,60.1,99.0,,,,99.8,98.3,93.6,100.0,95.8,100.0,100.0,98.7,100.0,100.0
2023-05-09,68.9,50.0,98.2,,,,,,,,,,100.0,98.2,100.0,100.0
2023-05-10,,,,,,,,,,,,,100.0,98.1,100.0,100.0
2023-05-11,,,,,,,,,,,,,100.0,97.8,100.0,100.0
2023-05-12,,,,,,,,,,,,,100.0,97.5,100.0,100.0
2023-05-13,64.6,47.2,99.4,,,,,,,,,,100.0,97.0,100.0,100.0
2023-05-14,,,,,,,,,,100.0,95.0,100.0,100.0,95.8,100.0,100.0
2023-05-15,,,,,,,,,,100.0,93.2,100.0,100.0,95.1,100.0,100.0
2023-05-16,,,,,,,,,,,,,100.0,94.8,100.0,100.0
2023-05-17,,,,,,,,,,,,,100.0,94.1,100.0,100.0
2023-05-18,,,,,,,,,,,,,100.0,93.6,100.0,100.0
2023-05-19,,,,,,,,,,,,,100.0,92.5,100.0,100.0
2023-05-20,77.4,57.5,99.4,,,,,,,,,,100.0,94.5,100.0,100.0
2023-05-21,88.3,68.1,97.8,,,,,,,,,,100.0,95.1,100.0,100.0
2023-05-22,,,,,,,,,,,,,100.0,95.3,100.0,100.0
2023-05-23,,,,,,,,,,,,,100.0,94.8,100.0,100.0
2023-05-24,,,,,,,,,,,,,100.0,95.6,100.0,100.0
2023-05-25,87.7,64.3,99.2,,,,,,,,,,100.0,95.4,100.0,100.0
2023-05-26,,,,100.0,98.9,100.0,,,,,,,100.0,96.2,100.0,100.0
2023-05-27,,,,,,,,,,98.4,80.6,100.0,100.0,94.4,100.0,100.0
2023-05-28,,,,,,,,,,,,,100.0,95.2,100.0,100.0
2023-05-29,,,,,,,,,,,,,100.0,94.6,100.0,100.0
2023-05-30,,,,,,,,,,,,,100.0,94.8,100.0,100.0
2023-05-31,,,,,,,,,,,,,100.0,93.4,100.0,100.0
2023-06-01,78.2,53.7,99.4,,,,99.3,92.8,30.1,,,,100.0,93.4,100.0,100.0
2023-06-02,67.2,48.0,96.2,,,,,,,,,,99.8,91.3,100.0,99.8
2023-06-03,,,,,,,,,,,,,99.8,89.3,100.0,99.8
2023-06-04,,,,,,,,,,,,,99.8,85.6,100.0,99.8
2023-06-05,,,,,,,,,,,,,99.0,83.7,100.0,99.0
2023-06-06,50.9,40.9,99.0,,,,,,,91.6,70.2,97.6,98.6,81.2,100.0,98.6
2023-06-07,,,,,,,,,,85.5,61.9,100.0,91.8,77.2,100.0,91.8
2023-06-08,,,,73.5,59.2,76.5,,,,80.3,58.3,100.0,86.3,75.4,100.0,86.3
2023-06-09,,,,,,,,,,,,,72.1,67.9,100.0,72.1
2023-06-10,,,,,,,,,,,,,61.6,58.7,100.0,61.6
2023-06-11,,,,,,,,,,0.0,19.2,100.0,11.8,37.8,100.0,11.8
2023-06-12,,,,,,,,,,,,,10.4,33.1,100.0,10.4
2023-06-13,2.6,21.1,99.4,,,,,,,,,,9.2,29.7,100.0,9.2
2023-06-14,1.3,15.7,94.8,,,,,,,0.0,10.5,100.0,8.4,23.6,100.0,8.4
2023-06-15,,,,0.0,1.7,64.3,,,,0.0,4.7,100.0,7.0,17.2,100.0,7.0
2023-06-16,,,,,,,,,,,,,5.2,17.1,100.0,5.2
2023-06-17,,,,,,,,,,,,,0.2,11.6,100.0,0.2
2023-06-18,0.4,8.5,99.4,0.0,0.2,31.9,,,,0.0,4.9,100.0,0.0,8.7,100.0,0.0
2023-06-19,,,,,,,,,,0.0,1.6,100.0,0.0,4.4,100.0,0.0
2023-06-20,,,,,,,,,,,,,0.0,4.2,100.0,0.0
2023-06-21,,,,,,,,,,,,,0.0,2.9,100.0,0.0
2023-06-22,,,,,,,,,,0.0,1.6,100.0,0.0,2.0,100.0,0.0
2023-06-23,,,,0.0,0.1,100.0,,,,0.0,0.4,100.0,0.0,1.5,100.0,0.0
2023-06-24,,,,,,,,,,,,,0.0,1.5,100.0,0.0
2023-06-25,0.0,5.7,99.4,0.0,0.0,100.0,0.0,0.0,80.7,,,,0.0,0.8,100.0,0.0
2023-06-26,0.2,3.7,93.4,,,,,,,0.0,0.3,100.0,0.0,0.7,100.0,0.0
2023-06-27,,,,,,,,,,0.0,0.1,100.0,0.0,0.5,100.0,0.0
2023-06-28,,,,,,,,,,,,,0.0,0.6,100.0,0.0
2023-06-29,,,,,,,,,,,,,0.0,0.4,100.0,0.0
2023-06-30,0.0,3.9,98.8,,,,,,,0.0,0.1,100.0,0.0,0.3,100.0,0.0
2023-07-01,,,,,,,,,,,,,0.0,0.3,100.0,0.0
2023-07-02,,,,,,,,,,,,,0.0,0.3,100.0,0.0
2023-07-03,,,,0.0,0.0,100.0,0.0,0.0,93.6,0.0,0.1,100.0,0.0,0.2,100.0,0.0
2023-07-04,,,,,,,,,,0.0,0.1,100.0,0.0,0.1,100.0,0.0
2023-07-05,,,,,,,,,,,,,0.0,0.1,100.0,0.0
2023-07-06,,,,,,,,,,,,,0.0,0.1,100.0,0.0
2023-07-07,0.0,2.8,99.4,,,,,,,,,,0.0,0.1,100.0,0.0
2023-07-08,0.0,2.1,97.0,,,,,,,0.0,0.1,100.0,0.0,0.1,100.0,0.0
2023-07-09,,,,,,,,,,,,,0.0,0.1,100.0,0.0
2023-07-10,,,,0.0,0.0,100.0,,,,0.0,0.0,100.0,0.0,0.1,100.0,0.0
2023-07-11,,,,,,,0.0,0.0,97.8,,,,0.0,0.1,100.0,0.0
2023-07-12,0.0,2.8,99.4,,,,,,,,,,0.0,0.0,100.0,0.0
2023-07-13,,,,0.0,0.0,100.0,,,,,,,0.0,0.0,100.0,0.0
2023-07-14,,,,,,,,,,0.0,0.0,100.0,0.0,0.1,100.0,0.0
2023-07-15,,,,,,,,,,0.0,0.0,100.0,0.0,0.1,100.0,0.0
2023-07-16,,,,,,,,,,,,,0.0,0.1,100.0,0.0
2023-07-17,,,,,,,,,,,,,0.0,0.1,100.0,0.0
2023-07-18,,,,,,,,,,,,,0.0,0.1,100.0,0.0
2023-07-19,0.0,1.9,99.4,,,,0.0,0.0,82.3,,,,0.0,0.2,100.0,0.0
2023-07-20,0.0,2.0,96.8,0.0,0.0,100.0,,,,,,,0.0,0.1,100.0,0.0
2023-07-21,,,,,,,,,,,,,0.0,0.1,100.0,0.0
2023-07-22,,,,,,,,,,,,,0.0,0.1,100.0,0.0
2023-07-23,,,,0.0,0.0,100.0,,,,0.0,0.0,100.0,0.0,0.1,100.0,0.0
2023-07-24,0.0,1.8,99.4,,,,,,,,,,0.0,0.1,100.0,0.0
2023-07-25,,,,0.0,0.0,63.7,,,,,,,0.0,0.1,100.0,0.0
2023-07-26,,,,,,,,,,0.0,0.0,100.0,0.0,0.1,100.0,0.0
2023-07-27,,,,,,,0.0,0.0,86.7,,,,0.0,0.2,100.0,0.0
2023-07-28,,,,,,,,,,,,,0.0,0.2,100.0,0.0
2023-07-29,,,,,,,,,,,,,0.0,0.2,100.0,0.0
2023-07-30,,,,0.0,0.0,100.0,,,,0.0,0.0,100.0,0.0,0.1,100.0,0.0
2023-07-31,0.0,2.3,99.4,,,,,,,,,,0.0,0.2,100.0,0.0
2023-08-01,0.2,2.4,96.2,,,,,,,,,,0.0,0.3,100.0,0.0
2023-08-02,,,,,,,,,,0.0,0.0,99.8,0.0,0.3,100.0,0.0
2023-08-03,,,,,,,,,,0.0,0.0,100.0,0.0,0.2,100.0,0.0
2023-08-04,,,,,,,,,,,,,0.0,0.5,100.0,0.0
2023-08-05,0.4,4.1,98.8,,,,,,,,,,0.0,0.5,100.0,0.0
2023-08-06,,,,,,,,,,,,,0.0,0.4,100.0,0.0
2023-08-07,,,,0.0,0.0,100.0,,,,0.0,0.0,100.0,0.0,0.2,100.0,0.0
2023-08-08,,,,,,,,,,,,,0.0,0.4,100.0,0.0
2023-08-09,,,,,,,,,,,,,0.0,0.4,100.0,0.0
2023-08-10,,,,,,,,,,0.0,0.0,100.0,0.0,0.4,100.0,0.0
2023-08-11,,,,,,,,,,0.0,0.0,100.0,0.0,0.2,100.0,0.0
2023-08-12,0.8,5.7,99.4,0.0,0.0,68.9,0.0,0.0,41.8,,,,0.0,0.5,100.0,0.0
2023-08-13,0.2,3.8,97.6,,,,,,,,,,0.0,0.5,100.0,0.0
2023-08-14,,,,,,,,,,0.0,0.0,100.0,0.0,0.4,100.0,0.0
2023-08-15,,,,,,,,,,0.0,0.0,100.0,0.0,0.3,100.0,0.0
2023-08-16,,,,,,,,,,,,,0.0,0.4,100.0,0.0
2023-08-17,1.0,6.8,99.4,,,,,,,,,,0.0,0.5,100.0,0.0
2023-08-18,,,,,,,,,,0.0,0.0,100.0,0.0,0.3,100.0,0.0
2023-08-19,,,,0.0,0.0,100.0,,,,0.0,0.0,100.0,0.0,0.2,100.0,0.0
2023-08-20,,,,,,,0.0,0.0,50.8,,,,0.0,0.3,100.0,0.0
2023-08-21,,,,,,,,,,,,,0.0,0.3,100.0,0.0
2023-08-22,,,,0.0,0.0,100.0,,,,,,,0.0,0.2,100.0,0.0
2023-08-23,,,,,,,,,,,,,0.0,0.2,100.0,0.0
2023-08-24,0.8,5.8,99.4,0.0,0.0,99.8,,,,,,,0.0,0.2,100.0,0.0
2023-08-25,1.2,8.0,98.6,,,,,,,,,,0.0,0.2,100.0,0.0
2023-08-26,,,,,,,,,,0.0,0.0,100.0,0.0,0.2,100.0,0.0
2023-08-27,,,,,,,,,,,,,0.0,0.3,100.0,0.0
2023-08-28,,,,,,,,,,,,,0.0,0.3,100.0,0.0
2023-08-29,2.4,7.2,99.2,,,,,,,,,,0.0,0.4,100.0,0.0
2023-08-30,,,,,,,,,,,,,0.0,0.5,100.0,0.0
2023-08-31,,,,,,,,,,,,,0.0,0.5,100.0,0.0
2023-09-01,,,,0.0,0.0,100.0,,,,,,,0.0,0.6,100.0,0.0
2023-09-02,,,,,,,,,,0.0,0.0,100.0,0.0,0.5,100.0,0.0
2023-09-03,,,,0.0,0.0,100.0,,,,,,,0.0,0.5,100.0,0.0
2023-09-04,,,,,,,,,,,,,0.0,0.5,100.0,0.0
2023-09-05,2.8,8.3,99.4,,,,0.0,0.0,42.8,,,,0.0,0.7,100.0,0.0
2023-09-06,0.4,4.8,96.4,0.0,0.0,100.0,,,,,,,0.0,0.6,100.0,0.0
2023-09-07,,,,,,,,,,,,,0.0,0.7,100.0,0.0
2023-09-08,,,,0.0,0.0,100.0,,,,,,,0.0,0.6,100.0,0.0
2023-09-09,,,,,,,,,,0.0,0.0,100.0,0.0,0.7,100.0,0.0
2023-09-10,2.4,6.5,99.4,,,,,,,,,,0.0,0.6,100.0,0.0
2023-09-11,,,,0.0,0.0,100.0,,,,,,,0.0,0.7,100.0,0.0
2023-09-12,,,,,,,,,,,,,0.0,0.8,100.0,0.0
2023-09-13,,,,,,,,,,,,,0.0,0.9,100.0,0.0
2023-09-14,,,,,,,,,,0.0,0.0,100.0,0.0,0.8,100.0,0.0
2023-09-15,,,,,,,,,,,,,0.0,0.7,100.0,0.0
2023-09-16,,,,,,,,,,,,,0.0,0.8,100.0,0.0
2023-09-17,1.6,5.8,99.4,,,,,,,0.0,0.0,100.0,0.0,0.7,100.0,0.0
2023-09-18,0.4,3.9,97.4,,,,,,,,,,0.0,0.6,100.0,0.0
2023-09-19,,,,,,,,,,,,,0.0,0.6,100.0,0.0
2023-09-20,,,,,,,,,,,,,0.0,0.7,100.0,0.0
2023-09-21,,,,,,,,,,,,,0.0,0.7,100.0,0.0
2023-09-22,1.8,4.7,99.4,,,,,,,0.0,0.0,100.0,0.0,0.5,100.0,0.0
2023-09-23,,,,0.0,0.0,100.0,,,,,,,0.0,0.6,100.0,0.0
2023-09-24,,,,,,,,,,,,,0.0,0.7,100.0,0.0
2023-09-25,,,,,,,,,,0.0,0.0,100.0,0.0,0.5,100.0,0.0
2023-09-26,,,,0.0,0.0,100.0,,,,0.0,0.0,100.0,0.0,0.5,100.0,0.0
2023-09-27,,,,,,,,,,,,,0.0,0.6,100.0,0.0
2023-09-28,,,,0.0,0.0,100.0,,,,,,,0.0,0.6,100.0,0.0
2023-09-29,1.0,4.1,99.4,,,,0.0,0.0,64.7,0.0,0.0,100.0,0.0,0.5,100.0,0.0
2023-09-30,0.2,3.4,97.4,,,,,,,,,,0.0,0.5,100.0,0.0
2023-10-01,,,,0.0,0.0,100.0,,,,,,,0.0,0.6,100.0,0.0
2023-10-02,,,,,,,,,,,,,0.0,0.6,100.0,0.0
2023-10-03,,,,0.0,0.0,100.0,,,,0.0,0.0,100.0,0.0,0.5,100.0,0.0
2023-10-04,1.0,3.7,99.4,,,,,,,0.0,0.0,100.0,0.0,0.5,100.0,0.0
2023-10-05,,,,,,,,,,,,,0.0,0.7,100.0,0.0
2023-10-06,,,,0.0,0.0,100.0,,,,,,,0.0,0.6,100.0,0.0
2023-10-07,,,,,,,0.0,0.0,69.9,,,,0.0,0.6,100.0,0.0
2023-10-08,,,,0.0,0.0,83.9,,,,,,,0.0,0.5,100.0,0.0
2023-10-09,,,,,,,,,,,,,0.0,0.7,100.0,0.0
2023-10-10,,,,,,,,,,0.0,0.0,100.0,0.0,0.6,100.0,0.0
2023-10-11,0.4,3.4,99.4,0.0,0.0,100.0,,,,0.0,0.0,100.0,0.0,0.6,100.0,0.0
2023-10-12,0.0,3.0,96.6,,,,,,,0.0,0.0,100.0,0.0,0.6,100.0,0.0
2023-10-13,,,,0.0,0.0,100.0,,,,,,,0.0,0.7,100.0,0.0
2023-10-14,,,,,,,,,,0.0,0.2,100.0,0.0,0.8,100.0,0.0
2023-10-15,,,,,,,,,,0.0,0.1,100.0,0.0,1.0,100.0,0.0
2023-10-16,0.8,4.4,99.4,,,,,,,,,,0.0,1.1,100.0,0.0
2023-10-17,,,,,,,,,,,,,0.0,0.9,100.0,0.0
2023-10-18,,,,,,,,,,0.0,0.7,100.0,0.0,0.9,100.0,0.0
2023-10-19,,,,,,,,,,,,,0.0,0.9,100.0,0.0
2023-10-20,,,,,,,,,,,,,0.0,0.9,100.0,0.0
2023-10-21,,,,,,,,,,,,,0.0,1.0,100.0,0.0
2023-10-22,,,,,,,,,,,,,0.0,1.1,100.0,0.0
2023-10-23,1.0,4.8,99.4,,,,,,,0.0,0.2,100.0,0.0,1.2,100.0,0.0
2023-10-24,0.0,4.3,97.6,,,,,,,,,,0.0,1.5,100.0,0.0
2023-10-25,,,,,,,,,,,,,0.0,1.0,100.0,0.0
2023-10-26,,,,,,,,,,,,,0.0,1.1,100.0,0.0
2023-10-27,,,,,,,,,,,,,0.0,1.3,100.0,0.0
2023-10-28,1.0,5.6,99.4,0.0,0.0,100.0,,,,,,,0.0,1.4,100.0,0.0
2023-10-29,,,,,,,,,,,,,0.0,1.4,100.0,0.0
2023-10-30,,,,,,,,,,,,,0.0,1.5,100.0,0.0
2023-10-31,,,,,,,,,,,,,0.0,1.5,100.0,0.0
2023-11-01,,,,,,,,,,,,,0.0,1.6,100.0,0.0
2023-11-02,,,,,,,,,,,,,0.0,1.2,100.0,0.0
2023-11-03,,,,,,,,,,0.0,0.9,100.0,0.0,1.1,100.0,0.0
2023-11-04,0.4,3.8,99.4,,,,,,,,,,0.0,1.3,100.0,0.0
2023-11-05,0.2,2.8,97.6,,,,,,,,,,0.0,0.9,100.0,0.0
2023-11-06,,,,,,,,,,0.0,3.3,100.0,0.0,1.0,100.0,0.0
2023-11-07,,,,0.0,0.2,100.0,,,,,,,0.0,0.8,100.0,0.0
2023-11-08,,,,,,,0.0,0.0,100.0,,,,0.0,1.3,100.0,0.0
2023-11-09,1.0,3.4,98.4,,,,,,,,,,0.0,1.0,100.0,0.0
2023-11-10,,,,,,,,,,,,,0.0,1.3,100.0,0.0
2023-11-11,,,,,,,,,,,,,0.0,1.0,100.0,0.0
2023-11-12,,,,,,,,,,,,,0.0,1.8,100.0,0.0
2023-11-13,,,,,,,,,,0.0,12.9,100.0,0.0,1.4,100.0,0.0
2023-11-14,,,,,,,,,,,,,0.0,1.9,100.0,0.0
2023-11-15,,,,0.0,1.4,100.0,,,,0.0,9.2,100.0,0.0,1.9,100.0,0.0
2023-11-16,1.0,3.2,98.4,,,,,,,,,,0.0,3.3,100.0,0.0
2023-11-17,0.8,3.1,96.8,,,,,,,54.0,46.8,100.0,0.0,2.7,100.0,0.0
2023-11-18,,,,,,,,,,,,,0.0,3.0,100.0,0.0
2023-11-19,,,,,,,,,,,,,0.0,3.1,100.0,0.0
2023-11-20,,,,0.0,2.5,100.0,,,,,,,0.0,3.1,100.0,0.0
2023-11-21,0.8,4.1,98.4,,,,,,,,,,0.0,3.1,100.0,0.0
2023-11-22,,,,0.4,7.6,100.0,,,,,,,0.0,3.5,100.0,0.0
2023-11-23,,,,,,,,,,,,,0.0,4.4,100.0,0.0
2023-11-24,,,,,,,0.0,0.6,98.8,,,,0.0,5.7,100.0,0.0
2023-11-25,,,,,,,,,,2.0,22.4,100.0,0.0,7.2,100.0,0.0
2023-11-26,,,,,,,,,,,,,0.0,9.7,100.0,0.0
2023-11-27,,,,21.3,37.2,100.0,,,,,,,0.0,13.7,100.0,0.0
2023-11-28,0.6,5.6,98.2,,,,,,,,,,0.0,17.5,100.0,0.0
2023-11-29,0.6,9.4,96.8,,,,,,,,,,0.0,26.7,100.0,0.0
2023-11-30,,,,,,,,,,,,,2.6,34.8,100.0,2.6
2023-12-01,,,,,,,,,,,,,18.9,50.2,100.0,18.9
2023-12-02,,,,,,,,,,,,,48.0,60.0,100.0,48.0
2023-12-03,2.9,21.4,97.8,,,,,,,79.4,65.4,100.0,97.2,71.2,100.0,97.2
2023-12-04,,,,,,,,,,,,,99.8,79.0,100.0,99.8
2023-12-05,,,,100.0,95.7,100.0,,,,,,,100.0,86.0,100.0,100.0
2023-12-06,,,,,,,,,,,,,100.0,86.0,100.0,100.0
2023-12-07,,,,99.6,95.1,100.0,,,,100.0,93.1,100.0,100.0,89.7,100.0,100.0
2023-12-08,,,,,,,,,,99.6,85.2,100.0,100.0,89.5,100.0,100.0
2023-12-09,,,,,,,,,,,,,100.0,91.5,100.0,100.0
2023-12-10,23.9,34.5,98.4,,,,,,,,,,100.0,92.6,100.0,100.0
2023-12-11,71.7,51.0,97.8,,,,,,,100.0,95.9,100.0,100.0,93.3,100.0,100.0
2023-12-12,,,,,,,,,,,,,100.0,94.4,100.0,100.0
2023-12-13,,,,,,,,,,,,,100.0,95.6,100.0,100.0
2023-12-14,,,,,,,,,,,,,100.0,95.4,100.0,100.0
2023-12-15,87.3,58.6,98.0,99.4,97.1,100.0,,,,,,,100.0,96.4,100.0,100.0
2023-12-16,,,,,,,,,,,,,100.0,96.5,100.0,100.0
2023-12-17,,,,98.8,95.0,100.0,,,,,,,100.0,97.3,100.0,100.0
2023-12-18,,,,,,,100.0,99.8,100.0,,,,100.0,97.0,100.0,100.0
2023-12-19,,,,,,,100.0,100.0,84.9,100.0,95.5,100.0,100.0,97.4,100.0,100.0
2023-12-20,,,,98.8,95.5,100.0,,,,,,,100.0,97.7,100.0,100.0
2023-12-21,,,,,,,,,,,,,100.0,98.0,100.0,100.0
2023-12-22,99.4,72.2,97.2,,,,,,,,,,100.0,98.0,100.0,100.0
2023-12-23,99.2,73.4,96.4,,,,,,,100.0,96.2,100.0,100.0,98.1,100.0,100.0
2023-12-24,,,,,,,,,,,,,100.0,97.9,100.0,100.0
2023-12-25,,,,98.6,92.0,100.0,,,,,,,100.0,98.4,100.0,100.0
2023-12-26,,,,,,,,,,100.0,97.2,100.0,100.0,98.0,100.0,100.0
2023-12-27,100.0,78.5,97.4,98.8,95.9,99.8,,,,100.0,97.0,100.0,100.0,98.3,100.0,100.0
2023-12-28,,,,,,,,,,,,,100.0,98.0,100.0,100.0
2023-12-29,,,,,,,,,,,,,100.0,98.2,100.0,100.0
2023-12-30,,,,99.0,94.3,100.0,,,,100.0,96.9,100.0,100.0,98.2,100.0,100.0
2023-12-31,,,,,,,,,,,,,100.0,98.4,100.0,100.0
2024-01-01,,,,100.0,97.3,100.0,,,,,,,100.0,98.1,100.0,100.0
2024-01-02,,,,,,,,,,,,,100.0,98.3,100.0,100.0
2024-01-03,100.0,85.9,93.1,,,,100.0,100.0,67.4,99.8,98.1,100.0,100.0,98.6,100.0,100.0
2024-01-04,100.0,89.5,89.1,100.0,99.1,100.0,,,,,,,100.0,98.8,100.0,100.0
2024-01-05,,,,,,,,,,,,,100.0,99.0,100.0,100.0
2024-01-06,,,,100.0,99.2,100.0,,,,,,,100.0,99.3,100.0,100.0
2024-01-07,,,,,,,,,,,,,100.0,99.1,100.0,100.0
2024-01-08,100.0,93.2,94.0,,,,,,,,,,100.0,99.3,100.0,100.0
2024-01-09,,,,,,,,,,100.0,99.4,100.0,100.0,99.3,100.0,100.0
2024-01-10,,,,,,,,,,,,,100.0,99.5,100.0,100.0
2024-01-11,,,,100.0,99.2,100.0,100.0,100.0,100.0,,,,100.0,99.6,100.0,100.0
2024-01-12,,,,,,,,,,,,,100.0,99.5,100.0,100.0
2024-01-13,,,,,,,,,,100.0,99.7,100.0,100.0,99.6,100.0,100.0
2024-01-14,,,,100.0,97.4,97.1,,,,100.0,99.8,100.0,100.0,99.7,100.0,100.0
2024-01-15,100.0,94.8,92.7,,,,,,,,,,100.0,99.6,100.0,100.0
2024-01-16,100.0,95.7,88.5,100.0,99.0,100.0,,,,,,,100.0,99.7,100.0,100.0
2024-01-17,,,,,,,,,,,,,100.0,99.7,100.0,100.0
2024-01-18,,,,,,,,,,100.0,99.9,100.0,100.0,99.7,100.0,100.0
2024-01-19,,,,100.0,97.6,100.0,100.0,100.0,98.5,,,,100.0,99.8,100.0,100.0
2024-01-20,100.0,97.2,95.8,,,,,,,,,,100.0,99.8,100.0,100.0
2024-01-21,,,,,,,,,,,,,100.0,99.7,100.0,100.0
2024-01-22,,,,,,,,,,,,,100.0,99.7,100.0,100.0
2024-01-23,,,,,,,,,,,,,100.0,99.5,100.0,100.0
2024-01-24,,,,100.0,99.2,100.0,,,,,,,100.0,99.7,100.0,100.0
2024-01-25,,,,,,,,,,,,,100.0,99.5,100.0,100.0
2024-01-26,,,,100.0,97.6,93.1,,,,,,,100.0,99.6,100.0,100.0
2024-01-27,100.0,97.9,95.8,,,,100.0,100.0,100.0,,,,100.0,99.6,100.0,100.0
2024-01-28,100.0,98.1,90.2,,,,100.0,100.0,100.0,,,,100.0,99.7,100.0,100.0
2024-01-29,,,,100.0,98.8,100.0,,,,,,,100.0,99.6,100.0,100.0
2024-01-30,,,,,,,,,,,,,100.0,99.5,100.0,100.0
2024-01-31,,,,,,,,,,,,,100.0,99.3,100.0,100.0
2024-02-01,100.0,98.6,96.0,,,,,,,,,,100.0,99.4,100.0,100.0
2024-02-02,,,,,,,,,,,,,100.0,99.1,100.0,100.0
2024-02-03,,,,100.0,98.9,100.0,,,,,,,100.0,99.1,100.0,100.0
2024-02-04,,,,,,,100.0,99.8,100.0,,,,100.0,99.0,100.0,100.0
2024-02-05,,,,100.0,98.4,100.0,100.0,99.8,100.0,,,,100.0,99.1,100.0,100.0
2024-02-06,,,,,,,,,,,,,100.0,98.7,100.0,100.0
2024-02-07,,,,,,,,,,,,,100.0,98.7,100.0,100.0
2024-02-08,100.0,98.1,95.1,100.0,99.4,100.0,,,,,,,100.0,98.9,100.0,100.0
2024-02-09,100.0,97.9,86.0,,,,,,,,,,100.0,98.8,100.0,100.0
2024-02-10,,,,,,,,,,,,,100.0,98.5,100.0,100.0
2024-02-11,,,,,,,,,,,,,100.0,98.5,100.0,100.0
2024-02-12,,,,,,,100.0,100.0,100.0,,,,100.0,98.8,100.0,100.0
2024-02-13,100.0,98.0,94.9,,,,100.0,100.0,100.0,,,,100.0,99.0,100.0,100.0
2024-02-14,,,,,,,,,,,,,100.0,98.8,100.0,100.0
2024-02-15,,,,,,,,,,,,,100.0,98.8,100.0,100.0
2024-02-16,,,,,,,,,,,,,100.0,98.9,100.0,100.0
2024-02-17,,,,,,,,,,,,,100.0,98.9,100.0,100.0
2024-02-18,,,,100.0,98.4,84.7,,,,,,,100.0,98.9,100.0,100.0
2024-02-19,,,,,,,,,,,,,100.0,98.8,100.0,100.0
2024-02-20,100.0,98.0,95.8,100.0,99.6,100.0,100.0,100.0,100.0,,,,100.0,99.3,100.0,100.0
2024-02-21,100.0,97.7,86.7,,,,,,,,,,100.0,99.1,100.0,100.0
2024-02-22,,,,,,,,,,,,,100.0,98.8,100.0,100.0
2024-02-23,,,,100.0,99.5,100.0,,,,,,,100.0,99.0,100.0,100.0
2024-02-24,,,,,,,,,,,,,100.0,98.6,100.0,100.0
2024-02-25,100.0,98.0,94.7,100.0,99.6,100.0,,,,,,,100.0,98.8,100.0,100.0
2024-02-26,,,,,,,,,,,,,100.0,98.1,100.0,100.0
2024-02-27,,,,,,,,,,,,,100.0,98.3,100.0,100.0
2024-02-28,,,,,,,,,,,,,100.0,97.6,100.0,100.0
2024-02-29,,,,,,,,,,,,,100.0,97.5,100.0,100.0
2024-03-01,,,,,,,,,,,,,100.0,97.4,100.0,100.0
2024-03-02,,,,,,,,,,,,,100.0,97.8,100.0,100.0
2024-03-03,100.0,97.4,93.4,,,,,,,,,,100.0,97.9,100.0,100.0
2024-03-04,100.0,96.7,86.7,100.0,99.8,100.0,,,,,,,100.0,98.5,100.0,100.0
2024-03-05,,,,,,,,,,,,,100.0,98.4,100.0,100.0
2024-03-06,,,,100.0,99.8,95.3,,,,,,,100.0,98.8,100.0,100.0
2024-03-07,,,,,,,100.0,100.0,100.0,,,,100.0,98.9,100.0,100.0
2024-03-08,100.0,96.6,93.8,,,,,,,,,,100.0,99.0,100.0,100.0
2024-03-09,,,,,,,,,,,,,100.0,98.9,100.0,100.0
2024-03-10,,,,,,,,,,,,,100.0,99.2,100.0,100.0
2024-03-11,,,,100.0,99.6,100.0,,,,,,,100.0,99.2,100.0,100.0
2024-03-12,,,,,,,,,,,,,100.0,99.5,100.0,100.0
2024-03-13,,,,,,,,,,,,,100.0,99.5,100.0,100.0
2024-03-14,,,,100.0,99.4,100.0,,,,,,,100.0,99.7,100.0,100.0
2024-03-15,100.0,96.1,95.4,,,,100.0,99.9,100.0,100.0,99.9,100.0,100.0,99.7,100.0,100.0
2024-03-16,100.0,93.2,89.6,99.6,98.9,100.0,100.0,99.7,100.0,,,,100.0,99.8,100.0,100.0
2024-03-17,,,,,,,,,,,,,100.0,99.6,100.0,100.0
2024-03-18,,,,,,,,,,,,,100.0,99.7,100.0,100.0
2024-03-19,,,,100.0,99.3,100.0,,,,,,,100.0,99.6,100.0,100.0
2024-03-20,100.0,91.3,95.1,,,,,,,,,,100.0,99.5,100.0,100.0
2024-03-21,,,,,,,,,,,,,100.0,99.2,100.0,100.0
2024-03-22,,,,,,,,,,,,,100.0,99.1,100.0,100.0
2024-03-23,,,,,,,,,,,,,100.0,99.0,100.0,100.0
2024-03-24,,,,,,,,,,,,,100.0,98.8,100.0,100.0
2024-03-25,,,,,,,,,,,,,100.0,98.3,100.0,100.0
2024-03-26,,,,,,,,,,,,,100.0,98.4,100.0,100.0
2024-03-27,100.0,88.7,95.6,,,,,,,,,,100.0,97.8,100.0,100.0
2024-03-28,100.0,89.5,88.0,,,,,,,,,,100.0,98.2,100.0,100.0
2024-03-29,,,,,,,,,,,,,100.0,97.4,100.0,100.0
2024-03-30,,,,,,,,,,,,,100.0,98.2,100.0,100.0
2024-03-31,,,,,,,,,,,,,100.0,97.9,100.0,100.0
2024-04-01,100.0,88.0,94.2,,,,100.0,99.3,100.0,,,,100.0,99.1,100.0,100.0
2024-04-02,,,,,,,,,,,,,100.0,98.9,100.0,100.0
2024-04-03,,,,100.0,99.7,78.3,,,,,,,100.0,99.4,100.0,100.0
2024-04-04,,,,,,,,,,100.0,99.9,100.0,100.0,99.4,100.0,100.0
2024-04-05,,,,100.0,99.6,100.0,,,,100.0,99.9,100.0,100.0,99.6,100.0,100.0
2024-04-06,,,,,,,,,,,,,100.0,99.4,100.0,100.0
2024-04-07,,,,,,,,,,,,,100.0,99.5,100.0,100.0
2024-04-08,100.0,80.6,95.6,,,,,,,,,,100.0,99.5,100.0,100.0
2024-04-09,99.6,74.6,96.0,,,,,,,,,,100.0,99.5,100.0,100.0
2024-04-10,,,,,,,,,,,,,100.0,99.4,100.0,100.0
2024-04-11,,,,,,,,,,,,,100.0,99.5,100.0,100.0
2024-04-12,,,,,,,,,,100.0,99.9,100.0,100.0,99.3,100.0,100.0
2024-04-13,97.3,65.0,96.0,100.0,99.7,100.0,,,,,,,100.0,99.5,100.0,100.0
2024-04-14,,,,,,,,,,,,,100.0,99.3,100.0,100.0
2024-04-15,,,,,,,,,,,,,100.0,99.4,100.0,100.0
2024-04-16,,,,,,,100.0,99.7,100.0,100.0,99.9,100.0,100.0,99.4,100.0,100.0
2024-04-17,,,,,,,,,,,,,100.0,99.4,100.0,100.0
2024-04-18,,,,,,,,,,,,,100.0,99.4,100.0,100.0
2024-04-19,,,,,,,,,,,,,100.0,99.5,100.0,100.0
2024-04-20,88.6,57.1,96.0,100.0,99.8,95.3,,,,100.0,99.9,100.0,100.0,99.5,100.0,100.0
2024-04-21,58.6,45.3,96.0,,,,,,,,,,100.0,99.5,100.0,100.0
2024-04-22,,,,,,,,,,,,,100.0,99.4,100.0,100.0
2024-04-23,,,,100.0,99.9,41.9,,,,,,,100.0,99.5,100.0,100.0
2024-04-24,,,,,,,100.0,99.7,100.0,100.0,99.9,100.0,100.0,99.5,100.0,100.0
2024-04-25,38.4,38.8,95.8,100.0,99.9,100.0,100.0,99.8,100.0,,,,100.0,99.6,100.0,100.0
2024-04-26,,,,,,,,,,,,,100.0,99.3,100.0,100.0
2024-04-27,,,,,,,,,,,,,100.0,99.4,100.0,100.0
2024-04-28,,,,,,,,,,,,,100.0,99.3,100.0,100.0
2024-04-29,,,,,,,,,,,,,100.0,99.2,100.0,100.0
2024-04-30,,,,,,,,,,100.0,99.9,100.0,100.0,98.9,100.0,100.0
2024-05-01,,,,,,,,,,100.0,99.9,100.0,100.0,99.0,100.0,100.0
2024-05-02,66.2,48.2,96.0,,,,,,,,,,100.0,99.0,100.0,100.0
2024-05-03,58.4,44.5,96.0,,,,,,,,,,100.0,98.7,100.0,100.0
2024-05-04,,,,,,,,,,100.0,99.9,100.0,100.0,98.6,100.0,100.0
2024-05-05,,,,,,,,,,,,,100.0,98.7,100.0,100.0
2024-05-06,,,,,,,,,,,,,100.0,98.8,100.0,100.0
2024-05-07,80.3,62.9,96.0,,,,,,,,,,100.0,99.1,100.0,100.0
2024-05-08,,,,,,,,,,,,,100.0,98.7,100.0,100.0
2024-05-09,,,,,,,,,,,,,100.0,98.9,100.0,100.0
2024-05-10,,,,100.0,99.9,100.0,100.0,99.8,100.0,,,,100.0,99.1,100.0,100.0
2024-05-11,,,,,,,100.0,99.4,100.0,,,,100.0,99.1,100.0,100.0
2024-05-12,,,,,,,,,,,,,100.0,98.9,100.0,100.0
2024-05-13,,,,,,,,,,,,,100.0,99.1,100.0,100.0
2024-05-14,81.4,64.6,96.0,,,,,,,,,,100.0,99.1,100.0,100.0
2024-05-15,83.9,71.4,96.0,,,,,,,,,,100.0,99.4,100.0,100.0
2024-05-16,,,,,,,,,,,,,100.0,99.2,100.0,100.0
2024-05-17,,,,,,,,,,,,,100.0,99.4,100.0,100.0
2024-05-18,,,,,,,,,,100.0,99.9,100.0,100.0,99.3,100.0,100.0
2024-05-19,84.4,72.4,96.0,,,,,,,100.0,99.8,100.0,100.0,99.4,100.0,100.0
2024-05-20,,,,,,,,,,,,,100.0,99.3,100.0,100.0
2024-05-21,,,,,,,,,,,,,100.0,99.3,100.0,100.0
2024-05-22,,,,,,,,,,100.0,99.7,100.0,100.0,99.3,100.0,100.0
2024-05-23,,,,100.0,99.8,98.4,,,,,,,100.0,99.4,100.0,100.0
2024-05-24,,,,,,,,,,,,,100.0,99.3,100.0,100.0
2024-05-25,,,,,,,,,,100.0,99.6,100.0,100.0,99.3,100.0,100.0
2024-05-26,85.0,74.7,95.8,,,,,,,,,,100.0,99.3,100.0,100.0
2024-05-27,86.7,72.3,95.8,,,,,,,,,,100.0,99.3,100.0,100.0
2024-05-28,,,,100.0,99.3,100.0,,,,,,,100.0,99.3,100.0,100.0
2024-05-29,,,,,,,,,,,,,100.0,99.2,100.0,100.0
2024-05-30,,,,100.0,99.6,30.6,,,,100.0,99.4,100.0,100.0,99.2,100.0,100.0
2024-05-31,88.4,74.8,96.0,,,,,,,,,,100.0,99.2,100.0,100.0
2024-06-01,,,,,,,,,,,,,100.0,99.1,100.0,100.0
2024-06-02,,,,,,,,,,,,,100.0,99.1,100.0,100.0
2024-06-03,,,,,,,,,,,,,100.0,98.8,100.0,100.0
2024-06-04,,,,100.0,98.4,100.0,98.5,93.8,94.7,,,,100.0,99.0,100.0,100.0
2024-06-05,,,,,,,,,,,,,100.0,98.6,100.0,100.0
2024-06-06,,,,,,,,,,,,,100.0,98.5,100.0,100.0
2024-06-07,82.3,62.9,95.6,100.0,94.5,36.4,,,,,,,100.0,98.8,100.0,100.0
2024-06-08,81.3,57.5,95.6,,,,,,,,,,100.0,98.6,100.0,100.0
2024-06-09,,,,100.0,96.2,95.1,,,,,,,100.0,98.4,100.0,100.0
2024-06-10,,,,,,,,,,100.0,98.4,100.0,100.0,97.7,100.0,100.0
2024-06-11,,,,,,,,,,100.0,98.5,94.5,100.0,97.6,100.0,100.0
2024-06-12,22.4,32.5,95.8,100.0,92.9,80.5,,,,,,,100.0,97.3,100.0,100.0
2024-06-13,,,,,,,,,,100.0,96.8,100.0,100.0,95.9,100.0,100.0
2024-06-14,,,,,,,,,,100.0,96.9,100.0,100.0,94.8,100.0,100.0
2024-06-15,,,,,,,,,,,,,100.0,94.2,100.0,100.0
2024-06-16,,,,,,,,,,,,,100.0,93.0,100.0,100.0
2024-06-17,,,,99.7,91.0,61.2,,,,100.0,88.7,100.0,100.0,91.9,100.0,100.0
2024-06-18,,,,,,,,,,100.0,90.3,100.0,99.6,89.2,100.0,99.6
2024-06-19,16.7,29.4,96.0,82.1,66.4,100.0,,,,,,,99.3,88.6,100.0,99.3
2024-06-20,7.5,19.4,92.9,,,,,,,,,,97.1,83.7,100.0,97.1
2024-06-21,,,,,,,,,,,,,94.0,79.7,100.0,94.0
2024-06-22,,,,,,,,,,,,,92.3,77.5,100.0,92.3
2024-06-23,,,,,,,,,,,,,89.1,74.3,100.0,89.1
2024-06-24,6.1,16.1,96.0,24.2,33.2,74.5,,,,,,,87.4,73.6,100.0,87.4
2024-06-25,,,,,,,,,,84.0,63.2,100.0,84.3,70.6,100.0,84.3
2024-06-26,,,,,,,,,,86.3,62.9,100.0,78.0,67.1,100.0,78.0
2024-06-27,,,,0.2,4.5,100.0,,,,,,,54.1,57.7,100.0,54.1
2024-06-28,,,,,,,,,,,,,16.6,43.5,100.0,16.6
2024-06-29,,,,,,,,,,,,,8.9,37.0,100.0,8.9
2024-06-30,,,,,,,,,,2.4,26.4,100.0,3.5,28.6,100.0,3.5
2024-07-01,4.2,10.3,96.0,,,,,,,,,,1.6,23.7,100.0,1.6
2024-07-02,3.1,8.5,93.1,0.0,0.3,100.0,,,,,,,0.5,14.7,100.0,0.5
2024-07-03,,,,,,,,,,0.0,14.7,100.0,0.4,12.1,100.0,0.4
2024-07-04,,,,0.0,0.0,100.0,,,,,,,0.2,9.4,100.0,0.2
2024-07-05,,,,,,,,,,,,,0.0,8.7,100.0,0.0
2024-07-06,0.4,7.4,94.9,,,,,,,,,,0.0,5.7,100.0,0.0
2024-07-07,,,,0.0,0.0,52.3,,,,,,,0.0,5.1,100.0,0.0
2024-07-08,,,,,,,,,,,,,0.0,4.5,100.0,0.0
2024-07-09,,,,,,,,,,,,,0.0,4.4,100.0,0.0
2024-07-10,,,,,,,,,,,,,0.0,3.7,100.0,0.0
2024-07-11,,,,,,,,,,,,,0.0,3.2,100.0,0.0
2024-07-12,,,,,,,,,,,,,0.0,3.2,100.0,0.0
2024-07-13,0.6,6.0,94.9,,,,,,,,,,0.0,3.8,100.0,0.0
2024-07-14,0.0,4.8,94.0,0.0,0.0,100.0,,,,,,,0.0,3.4,100.0,0.0
2024-07-15,,,,,,,,,,,,,0.0,2.4,100.0,0.0
2024-07-16,,,,,,,,,,,,,0.0,1.9,100.0,0.0
2024-07-17,,,,0.0,0.0,98.4,,,,,,,0.0,1.8,100.0,0.0
2024-07-18,0.2,5.0,94.5,,,,,,,,,,0.0,1.7,100.0,0.0
2024-07-19,,,,0.0,0.0,100.0,,,,0.0,0.9,100.0,0.0,1.2,100.0,0.0
2024-07-20,,,,,,,,,,,,,0.0,1.4,100.0,0.0
2024-07-21,,,,,,,,,,,,,0.0,1.3,100.0,0.0
2024-07-22,,,,,,,,,,0.0,0.8,100.0,0.0,1.0,100.0,0.0
2024-07-23,,,,,,,,,,,,,0.0,1.0,100.0,0.0
2024-07-24,,,,0.0,0.0,100.0,,,,,,,0.0,0.8,100.0,0.0
2024-07-25,0.2,4.6,94.9,,,,,,,,,,0.0,0.8,100.0,0.0
2024-07-26,0.0,4.5,94.0,,,,,,,0.0,0.1,100.0,0.0,0.6,100.0,0.0
2024-07-27,,,,0.0,0.0,46.4,,,,,,,0.0,0.9,100.0,0.0
2024-07-28,,,,,,,,,,,,,0.0,0.9,100.0,0.0
2024-07-29,,,,0.0,0.0,100.0,0.0,0.0,56.1,0.0,0.1,100.0,0.0,0.6,100.0,0.0
2024-07-30,0.2,5.1,94.9,,,,,,,0.0,0.0,100.0,0.0,0.5,100.0,0.0
2024-07-31,,,,,,,,,,,,,0.0,0.7,100.0,0.0
2024-08-01,,,,,,,,,,,,,0.0,0.8,100.0,0.0
2024-08-02,,,,,,,,,,0.0,0.0,100.0,0.0,0.8,100.0,0.0
2024-08-03,,,,0.0,0.0,69.0,,,,0.0,0.0,100.0,0.0,0.6,100.0,0.0
2024-08-04,,,,,,,,,,,,,0.0,1.0,100.0,0.0
2024-08-05,,,,,,,,,,,,,0.0,1.1,100.0,0.0
2024-08-06,0.2,5.8,94.9,0.0,0.0,90.7,,,,0.0,0.0,100.0,0.0,0.9,100.0,0.0
2024-08-07,0.2,5.7,94.2,,,,,,,,,,0.0,0.8,100.0,0.0
2024-08-08,,,,0.0,0.0,100.0,,,,,,,0.0,0.8,100.0,0.0
2024-08-09,,,,,,,,,,,,,0.0,0.9,100.0,0.0
2024-08-10,,,,,,,,,,,,,0.0,1.2,100.0,0.0
2024-08-11,0.0,6.6,94.4,0.0,0.0,93.4,,,,,,,0.0,0.8,100.0,0.0
2024-08-12,,,,,,,,,,,,,0.0,0.8,100.0,0.0
2024-08-13,,,,0.0,0.0,42.3,,,,,,,0.0,0.7,100.0,0.0
2024-08-14,,,,,,,,,,0.0,0.0,100.0,0.0,0.9,100.0,0.0
2024-08-15,,,,,,,,,,,,,0.0,0.8,100.0,0.0
2024-08-16,,,,0.0,0.0,35.0,,,,,,,0.0,0.6,100.0,0.0
2024-08-17,,,,,,,,,,,,,0.0,0.6,100.0,0.0
2024-08-18,0.0,6.4,93.8,,,,,,,,,,0.0,1.0,100.0,0.0
2024-08-19,0.0,5.3,92.7,,,,,,,,,,0.0,0.8,100.0,0.0
2024-08-20,,,,,,,,,,,,,0.0,0.9,100.0,0.0
2024-08-21,,,,0.0,0.0,100.0,,,,,,,0.0,0.7,100.0,0.0
2024-08-22,,,,,,,,,,,,,0.0,0.7,100.0,0.0
2024-08-23,0.0,5.4,94.0,0.0,0.0,99.8,,,,,,,0.0,0.4,100.0,0.0
2024-08-24,,,,,,,,,,,,,0.0,0.5,100.0,0.0
2024-08-25,,,,,,,,,,,,,0.0,0.5,100.0,0.0
2024-08-26,,,,,,,,,,0.0,0.0,100.0,0.0,0.4,100.0,0.0
2024-08-27,,,,,,,,,,,,,0.0,0.4,100.0,0.0
2024-08-28,,,,,,,,,,,,,0.0,0.4,100.0,0.0
2024-08-29,,,,,,,,,,0.0,0.0,100.0,0.0,0.4,100.0,0.0
2024-08-30,0.0,3.1,94.4,,,,0.0,0.0,59.6,0.0,0.0,100.0,0.0,0.3,100.0,0.0
2024-08-31,0.0,2.7,92.7,0.0,0.0,77.8,,,,,,,0.0,0.3,100.0,0.0
2024-09-01,,,,,,,,,,,,,0.0,0.2,100.0,0.0
2024-09-02,,,,,,,,,,,,,0.0,0.3,100.0,0.0
2024-09-03,,,,,,,,,,,,,0.0,0.3,100.0,0.0
2024-09-04,0.2,3.0,94.0,,,,,,,,,,0.0,0.3,100.0,0.0
2024-09-05,,,,,,,,,,0.0,0.0,100.0,0.0,0.2,100.0,0.0
2024-09-06,,,,,,,,,,,,,0.0,0.3,100.0,0.0
2024-09-07,,,,,,,,,,,,,0.0,0.3,100.0,0.0
2024-09-08,,,,,,,,,,,,,0.0,0.4,100.0,0.0
2024-09-09,,,,,,,,,,0.0,0.0,100.0,0.0,0.3,100.0,0.0
2024-09-10,,,,0.0,0.0,100.0,,,,,,,0.0,0.4,100.0,0.0
2024-09-11,0.0,2.4,94.4,,,,,,,,,,0.0,0.4,100.0,0.0
2024-09-12,0.2,2.0,93.8,0.0,0.0,100.0,,,,,,,0.0,0.4,100.0,0.0
2024-09-13,,,,,,,,,,,,,0.0,0.7,100.0,0.0
2024-09-14,,,,,,,,,,,,,0.0,0.7,100.0,0.0
2024-09-15,,,,0.0,0.0,100.0,0.0,0.0,59.0,,,,0.0,0.6,100.0,0.0
2024-09-16,0.2,2.3,94.9,,,,,,,,,,0.0,0.6,100.0,0.0
2024-09-17,,,,0.0,0.0,34.8,,,,0.0,0.0,100.0,0.0,0.5,100.0,0.0
2024-09-18,,,,,,,,,,,,,0.0,0.5,100.0,0.0
2024-09-19,,,,,,,,,,,,,0.0,0.4,100.0,0.0
2024-09-20,,,,,,,,,,,,,0.0,0.5,100.0,0.0
2024-09-21,,,,,,,,,,,,,0.0,0.5,100.0,0.0
2024-09-22,,,,,,,,,,,,,0.0,0.4,100.0,0.0
2024-09-23,0.0,2.4,94.9,,,,,,,,,,0.0,0.5,100.0,0.0
2024-09-24,0.0,2.2,94.2,,,,,,,,,,0.0,0.5,100.0,0.0
2024-09-25,,,,,,,,,,,,,0.0,0.5,100.0,0.0
2024-09-26,,,,,,,,,,,,,0.0,0.5,100.0,0.0
2024-09-27,,,,0.0,0.0,100.0,,,,,,,0.0,0.4,100.0,0.0
2024-09-28,0.2,3.0,94.9,,,,,,,,,,0.0,0.5,100.0,0.0
2024-09-29,,,,,,,,,,,,,0.0,0.6,100.0,0.0
2024-09-30,,,,0.0,0.0,99.6,,,,0.0,0.0,51.4,0.0,0.5,100.0,0.0
2024-10-01,,,,,,,,,,,,,0.0,0.9,100.0,0.0
2024-10-02,,,,0.0,0.0,100.0,,,,,,,0.0,0.9,100.0,0.0
2024-10-03,,,,,,,,,,,,,0.0,1.2,100.0,0.0
2024-10-04,,,,,,,,,,,,,0.0,1.4,100.0,0.0
2024-10-05,0.0,2.9,94.5,0.0,0.0,100.0,,,,,,,0.0,1.4,100.0,0.0
2024-10-06,0.0,3.6,93.6,,,,,,,,,,0.0,1.2,100.0,0.0
2024-10-07,,,,,,,,,,0.0,0.0,100.0,0.0,1.4,100.0,0.0
2024-10-08,,,,,,,,,,,,,0.0,1.7,100.0,0.0
2024-10-09,,,,,,,,,,,,,0.0,1.8,100.0,0.0
2024-10-10,0.2,3.9,94.9,0.0,0.0,74.9,,,,0.0,0.0,100.0,0.0,1.2,100.0,0.0
2024-10-11,,,,,,,,,,,,,0.0,1.6,100.0,0.0
2024-10-12,,,,,,,,,,,,,0.0,2.2,100.0,0.0
2024-10-13,,,,,,,,,,,,,0.0,2.2,100.0,0.0
2024-10-14,,,,,,,,,,0.0,0.1,100.0,0.0,1.4,100.0,0.0
2024-10-15,,,,,,,,,,0.0,0.0,100.0,0.0,1.5,100.0,0.0
2024-10-16,,,,,,,,,,,,,0.0,1.9,100.0,0.0
2024-10-17,0.0,3.9,94.9,,,,,,,,,,0.0,1.6,100.0,0.0
2024-10-18,0.0,3.9,92.5,,,,,,,,,,0.0,1.3,100.0,0.0
2024-10-19,,,,,,,,,,,,,0.0,1.8,100.0,0.0
2024-10-20,,,,,,,,,,,,,0.0,2.8,100.0,0.0
2024-10-21,,,,,,,,,,,,,0.0,2.4,100.0,0.0
2024-10-22,0.2,5.5,94.7,0.0,0.0,98.4,,,,0.0,0.0,100.0,0.0,1.6,100.0,0.0
2024-10-23,,,,,,,,,,0.0,0.1,100.0,0.0,2.1,100.0,0.0
2024-10-24,,,,,,,,,,,,,0.0,2.8,100.0,0.0
2024-10-25,,,,,,,,,,,,,0.0,2.6,100.0,0.0
2024-10-26,,,,,,,,,,0.0,0.0,100.0,0.0,2.0,100.0,0.0
2024-10-27,,,,,,,,,,,,,0.0,2.7,100.0,0.0
2024-10-28,,,,,,,,,,,,,0.0,3.0,100.0,0.0
2024-10-29,0.2,8.7,94.5,,,,,,,,,,0.0,3.0,100.0,0.0
2024-10-30,0.0,7.5,91.8,0.0,0.0,100.0,,,,,,,0.0,3.3,100.0,0.0
2024-10-31,,,,,,,,,,,,,0.0,4.1,100.0,0.0
2024-11-01,,,,0.0,0.0,100.0,,,,,,,0.0,3.6,100.0,0.0
2024-11-02,,,,,,,,,,,,,0.0,3.4,100.0,0.0
2024-11-03,1.0,11.3,94.9,,,,,,,,,,0.0,3.7,100.0,0.0
2024-11-04,,,,0.0,0.0,100.0,,,,,,,0.0,3.9,100.0,0.0
2024-11-05,,,,,,,,,,0.0,0.2,100.0,0.0,3.7,100.0,0.0
2024-11-06,,,,0.0,0.0,100.0,,,,,,,0.0,3.6,100.0,0.0
2024-11-07,,,,,,,,,,,,,0.0,4.4,100.0,0.0
2024-11-08,,,,,,,,,,,,,0.0,4.8,100.0,0.0
2024-11-09,,,,0.0,0.0,100.0,,,,,,,0.0,6.0,100.0,0.0
2024-11-10,1.2,10.3,94.9,,,,,,,,,,0.0,5.1,100.0,0.0
2024-11-11,1.0,10.3,94.4,0.0,0.0,100.0,,,,,,,0.0,5.7,100.0,0.0
2024-11-12,,,,,,,,,,,,,0.0,5.4,100.0,0.0
2024-11-13,,,,,,,,,,0.0,1.0,100.0,0.0,4.9,100.0,0.0
2024-11-14,,,,0.0,0.1,100.0,,,,,,,0.0,4.3,100.0,0.0
2024-11-15,1.2,10.1,94.5,,,,,,,,,,0.0,5.2,100.0,0.0
2024-11-16,,,,0.0,0.2,100.0,,,,0.0,1.6,100.0,0.0,3.6,100.0,0.0
2024-11-17,,,,,,,,,,,,,0.0,4.7,100.0,0.0
2024-11-18,,,,,,,,,,,,,0.0,4.7,100.0,0.0
2024-11-19,,,,,,,,,,,,,0.0,5.7,100.0,0.0
2024-11-20,,,,,,,,,,,,,0.0,5.0,100.0,0.0
2024-11-21,,,,,,,,,,0.0,4.2,100.0,0.0,5.3,100.0,0.0
2024-11-22,1.3,10.3,94.9,,,,,,,,,,0.0,5.7,100.0,0.0
2024-11-23,1.4,13.9,94.4,,,,,,,,,,0.0,7.1,100.0,0.0
2024-11-24,,,,0.0,0.8,100.0,,,,0.0,12.0,100.0,0.0,5.6,100.0,0.0
2024-11-25,,,,,,,,,,0.2,14.8,100.0,0.0,7.7,100.0,0.0
2024-11-26,,,,0.0,2.2,100.0,,,,,,,0.0,9.0,100.0,0.0
2024-11-27,3.3,15.6,94.7,,,,11.5,11.0,100.0,,,,0.0,14.7,100.0,0.0
2024-11-28,,,,,,,,,,,,,0.0,16.4,100.0,0.0
2024-11-29,,,,0.5,6.9,100.0,,,,0.7,21.4,100.0,0.0,20.8,100.0,0.0
2024-11-30,,,,,,,,,,6.6,29.0,100.0,0.0,22.0,100.0,0.0
2024-12-01,,,,1.5,10.7,100.0,,,,,,,1.6,36.7,100.0,1.6
2024-12-02,,,,,,,,,,23.3,39.9,100.0,0.9,37.2,100.0,0.9
2024-12-03,,,,,,,,,,59.6,50.1,100.0,24.4,50.1,100.0,24.4
2024-12-04,4.8,19.1,94.5,,,,91.2,82.6,99.1,,,,44.3,55.1,100.0,44.3
2024-12-05,6.1,20.4,93.3,,,,97.0,96.0,48.5,,,,80.7,68.3,100.0,80.7
2024-12-06,,,,,,,,,,98.2,75.7,100.0,83.6,69.4,100.0,83.6
2024-12-07,,,,,,,,,,100.0,94.5,100.0,94.2,77.4,100.0,94.2
2024-12-08,,,,,,,,,,,,,94.9,77.4,100.0,94.9
2024-12-09,12.1,26.7,94.5,99.1,87.8,100.0,,,,,,,97.8,85.0,100.0,97.8
2024-12-10,,,,,,,,,,100.0,94.1,100.0,97.4,84.0,100.0,97.4
2024-12-11,,,,99.1,94.1,100.0,,,,,,,98.0,87.6,100.0,98.0
2024-12-12,,,,,,,100.0,99.9,100.0,,,,98.7,90.6,100.0,98.7
2024-12-13,,,,,,,,,,,,,98.7,91.4,100.0,98.7
2024-12-14,,,,100.0,97.7,31.7,,,,100.0,96.4,100.0,99.3,92.7,100.0,99.3
2024-12-15,,,,,,,,,,,,,99.3,93.3,100.0,99.3
2024-12-16,29.2,35.1,94.7,96.4,84.8,100.0,,,,,,,99.3,93.6,100.0,99.3
2024-12-17,42.2,40.7,94.0,,,,,,,,,,99.3,94.1,100.0,99.3
2024-12-18,,,,,,,,,,100.0,97.3,100.0,99.3,93.5,100.0,99.3
2024-12-19,,,,,,,,,,,,,99.3,94.0,100.0,99.3
2024-12-20,,,,,,,100.0,99.9,100.0,,,,99.6,95.4,100.0,99.6
2024-12-21,57.0,46.4,94.9,97.4,85.5,100.0,,,,,,,100.0,95.8,100.0,100.0
2024-12-22,,,,,,,,,,,,,100.0,94.6,100.0,100.0
2024-12-23,,,,,,,,,,,,,100.0,96.4,100.0,100.0
2024-12-24,,,,99.5,94.7,100.0,,,,,,,100.0,96.5,100.0,100.0
2024-12-25,,,,,,,,,,,,,100.0,97.3,100.0,100.0
2024-12-26,,,,99.5,93.7,100.0,,,,100.0,98.8,100.0,100.0,97.5,100.0,100.0
2024-12-27,,,,,,,,,,,,,100.0,98.0,100.0,100.0
2024-12-28,95.0,60.9,94.9,,,,100.0,100.0,92.0,,,,100.0,98.5,100.0,100.0
2024-12-29,98.3,66.8,94.2,99.5,93.4,100.0,,,,,,,100.0,98.7,100.0,100.0
2024-12-30,,,,,,,,,,,,,100.0,98.5,100.0,100.0
2024-12-31,,,,99.5,92.6,100.0,,,,,,,100.0,99.0,100.0,100.0
2025-01-01,,,,,,,,,,100.0,98.9,100.0,100.0,98.8,100.0,100.0
2025-01-02,99.4,72.4,94.9,,,,,,,,,,100.0,98.9,100.0,100.0
2025-01-03,,,,99.6,92.4,100.0,,,,,,,100.0,98.7,100.0,100.0
2025-01-04,,,,,,,,,,,,,100.0,98.8,100.0,100.0
2025-01-05,,,,,,,,,,,,,100.0,98.5,100.0,100.0
2025-01-06,,,,,,,,,,,,,100.0,98.0,100.0,100.0
2025-01-07,,,,,,,,,,,,,100.0,98.1,100.0,100.0
2025-01-08,,,,,,,,,,100.0,99.5,100.0,100.0,98.2,100.0,100.0
2025-01-09,99.6,73.8,94.9,,,,,,,,,,100.0,98.1,100.0,100.0
2025-01-10,100.0,77.8,93.6,,,,,,,,,,100.0,98.4,100.0,100.0
2025-01-11,,,,,,,,,,,,,100.0,98.4,100.0,100.0
2025-01-12,,,,,,,,,,,,,100.0,98.5,100.0,100.0
2025-01-13,,,,100.0,97.1,100.0,100.0,100.0,100.0,100.0,99.7,100.0,100.0,99.0,100.0,100.0
2025-01-14,100.0,78.8,94.9,,,,,,,,,,100.0,98.8,100.0,100.0
2025-01-15,,,,100.0,98.3,100.0,,,,,,,100.0,99.0,100.0,100.0
2025-01-16,,,,,,,,,,,,,100.0,98.9,100.0,100.0
2025-01-17,,,,,,,,,,,,,100.0,98.5,100.0,100.0
2025-01-18,,,,100.0,99.2,76.0,,,,,,,100.0,98.7,100.0,100.0
2025-01-19,,,,,,,,,,,,,100.0,98.7,100.0,100.0
2025-01-20,,,,,,,,,,,,,100.0,99.0,100.0,100.0
2025-01-21,100.0,80.0,94.9,,,,100.0,100.0,100.0,,,,100.0,99.3,100.0,100.0
2025-01-22,100.0,79.3,93.1,,,,,,,,,,100.0,99.1,100.0,100.0
2025-01-23,,,,,,,,,,100.0,99.9,100.0,100.0,99.2,100.0,100.0
2025-01-24,,,,,,,,,,100.0,99.9,100.0,100.0,99.2,100.0,100.0
2025-01-25,,,,99.8,98.4,100.0,,,,,,,100.0,99.2,100.0,100.0
2025-01-26,100.0,80.8,94.9,,,,,,,,,,100.0,99.1,100.0,100.0
2025-01-27,,,,,,,,,,,,,100.0,99.1,100.0,100.0
2025-01-28,,,,,,,,,,,,,100.0,99.1,100.0,100.0
2025-01-29,,,,,,,100.0,100.0,100.0,,,,100.0,99.5,100.0,100.0
2025-01-30,,,,,,,,,,,,,100.0,99.3,100.0,100.0
2025-01-31,,,,,,,,,,100.0,99.9,100.0,100.0,99.5,100.0,100.0
2025-02-01,,,,,,,,,,100.0,99.9,100.0,100.0,99.5,100.0,100.0
2025-02-02,100.0,79.7,94.9,99.8,99.1,100.0,,,,,,,100.0,99.6,100.0,100.0
2025-02-03,100.0,80.9,92.9,,,,,,,,,,100.0,99.6,100.0,100.0
2025-02-04,,,,100.0,99.4,100.0,,,,100.0,99.9,100.0,100.0,99.7,100.0,100.0
2025-02-05,,,,,,,,,,100.0,99.9,100.0,100.0,99.6,100.0,100.0
2025-02-06,,,,,,,100.0,100.0,100.0,,,,100.0,99.7,100.0,100.0
2025-02-07,100.0,80.2,94.7,100.0,99.2,100.0,100.0,100.0,100.0,,,,100.0,99.8,100.0,100.0
2025-02-08,,,,,,,,,,100.0,99.9,100.0,100.0,99.7,100.0,100.0
2025-02-09,,,,100.0,99.9,55.7,,,,,,,100.0,99.8,100.0,100.0
2025-02-10,,,,,,,,,,,,,100.0,99.7,100.0,100.0
2025-02-11,,,,,,,,,,100.0,99.9,100.0,100.0,99.8,100.0,100.0
2025-02-12,,,,,,,,,,,,,100.0,99.8,100.0,100.0
2025-02-13,,,,,,,,,,,,,100.0,99.8,100.0,100.0
2025-02-14,100.0,81.9,94.9,100.0,99.6,100.0,100.0,100.0,100.0,,,,100.0,99.9,100.0,100.0
2025-02-15,100.0,81.5,90.0,,,,100.0,100.0,100.0,,,,100.0,99.9,100.0,100.0
2025-02-16,,,,,,,,,,,,,100.0,99.8,100.0,100.0
2025-02-17,,,,100.0,99.5,100.0,,,,100.0,99.9,100.0,100.0,99.9,100.0,100.0
2025-02-18,,,,,,,,,,,,,100.0,99.9,100.0,100.0
2025-02-19,100.0,87.5,94.7,99.8,99.4,100.0,,,,,,,100.0,99.9,100.0,100.0
2025-02-20,,,,,,,,,,100.0,99.8,100.0,100.0,99.8,100.0,100.0
2025-02-21,,,,,,,,,,,,,100.0,99.8,100.0,100.0
2025-02-22,,,,,,,,,,,,,100.0,99.8,100.0,100.0
2025-02-23,,,,,,,,,,,,,100.0,99.7,100.0,100.0
2025-02-24,,,,,,,,,,,,,100.0,99.7,100.0,100.0
2025-02-25,,,,,,,,,,100.0,99.9,100.0,100.0,99.7,100.0,100.0
2025-02-26,100.0,88.1,94.5,,,,,,,,,,100.0,99.7,100.0,100.0
2025-02-27,100.0,90.6,90.7,99.8,99.3,100.0,,,,100.0,99.9,100.0,100.0,99.8,100.0,100.0
2025-02-28,,,,,,,,,,,,,100.0,99.8,100.0,100.0
2025-03-01,,,,,,,,,,,,,100.0,99.7,100.0,100.0
2025-03-02,,,,,,,100.0,100.0,99.8,,,,100.0,99.8,100.0,100.0
2025-03-03,99.8,92.5,94.0,,,,100.0,100.0,100.0,,,,100.0,99.8,100.0,100.0
2025-03-04,,,,99.8,99.3,100.0,,,,,,,100.0,99.8,100.0,100.0
2025-03-05,,,,,,,,,,,,,100.0,99.7,100.0,100.0
2025-03-06,,,,99.5,99.2,100.0,,,,,,,100.0,99.8,100.0,100.0
2025-03-07,,,,,,,,,,,,,100.0,99.7,100.0,100.0
2025-03-08,,,,,,,,,,,,,100.0,99.8,100.0,100.0
2025-03-09,,,,,,,,,,,,,100.0,99.8,100.0,100.0
2025-03-10,100.0,93.7,98.9,,,,,,,,,,100.0,99.8,100.0,100.0
2025-03-11,100.0,94.5,91.4,100.0,99.6,87.2,,,,100.0,99.9,100.0,100.0,99.8,100.0,100.0
2025-03-12,,,,,,,,,,,,,100.0,99.7,100.0,100.0
2025-03-13,,,,,,,,,,,,,100.0,99.7,100.0,100.0
2025-03-14,,,,,,,,,,100.0,99.9,100.0,100.0,99.6,100.0,100.0
2025-03-15,100.0,97.0,98.5,,,,,,,,,,100.0,99.7,100.0,100.0
2025-03-16,,,,,,,,,,,,,100.0,99.5,100.0,100.0
2025-03-17,,,,,,,,,,,,,100.0,99.6,100.0,100.0
2025-03-18,,,,,,,100.0,100.0,84.0,,,,100.0,99.4,100.0,100.0
2025-03-19,,,,100.0,99.0,100.0,,,,,,,100.0,99.6,100.0,100.0
2025-03-20,,,,,,,,,,,,,100.0,99.5,100.0,100.0
2025-03-21,,,,100.0,99.5,100.0,,,,,,,100.0,99.6,100.0,100.0
2025-03-22,100.0,97.1,98.4,,,,,,,100.0,99.8,100.0,100.0,99.4,100.0,100.0
2025-03-23,100.0,94.2,91.6,,,,,,,,,,100.0,99.6,100.0,100.0
2025-03-24,,,,,,,,,,,,,100.0,99.5,100.0,100.0
2025-03-25,,,,,,,,,,100.0,99.9,100.0,100.0,99.5,100.0,100.0
2025-03-26,,,,100.0,99.0,100.0,100.0,99.8,100.0,100.0,99.7,100.0,100.0,99.7,100.0,100.0
2025-03-27,100.0,93.5,98.9,,,,,,,,,,100.0,99.6,100.0,100.0
2025-03-28,,,,98.5,97.5,100.0,,,,,,,100.0,99.6,100.0,100.0
2025-03-29,,,,,,,,,,100.0,99.8,100.0,100.0,99.5,100.0,100.0
2025-03-30,,,,,,,,,,100.0,99.5,100.0,100.0,99.5,100.0,100.0
2025-03-31,,,,98.6,97.6,100.0,,,,,,,100.0,99.6,100.0,100.0
2025-04-01,,,,,,,,,,,,,100.0,99.6,100.0,100.0
2025-04-02,100.0,90.9,98.7,,,,,,,100.0,99.6,100.0,100.0,99.6,100.0,100.0
2025-04-03,100.0,89.9,98.2,100.0,98.4,100.0,100.0,99.7,98.5,,,,100.0,99.8,100.0,100.0
2025-04-04,100.0,79.5,98.0,,,,100.0,99.5,41.7,,,,100.0,99.6,100.0,100.0
2025-04-05,,,,99.5,98.3,100.0,,,,,,,100.0,99.7,100.0,100.0
2025-04-06,,,,,,,,,,,,,100.0,99.6,100.0,100.0
2025-04-07,,,,98.7,97.4,100.0,,,,100.0,99.0,100.0,100.0,99.6,100.0,100.0
2025-04-08,99.8,72.6,97.6,98.2,96.9,100.0,,,,,,,100.0,99.6,100.0,100.0
2025-04-09,,,,,,,,,,,,,100.0,99.5,100.0,100.0
2025-04-10,87.8,59.3,98.5,98.5,97.9,100.0,,,,100.0,99.1,100.0,100.0,99.5,100.0,100.0
2025-04-11,,,,,,,100.0,98.6,92.7,100.0,98.6,100.0,100.0,99.4,100.0,100.0
2025-04-12,,,,,,,,,,,,,100.0,99.3,100.0,100.0
2025-04-13,,,,,,,,,,,,,100.0,99.2,100.0,100.0
2025-04-14,,,,,,,,,,,,,100.0,99.2,100.0,100.0
2025-04-15,85.2,60.7,98.7,,,,,,,100.0,98.7,100.0,100.0,99.1,100.0,100.0
2025-04-16,57.3,48.5,98.2,,,,,,,,,,100.0,98.9,100.0,100.0
2025-04-17,,,,100.0,99.6,100.0,,,,,,,100.0,99.0,100.0,100.0
2025-04-18,,,,100.0,99.5,100.0,,,,100.0,98.9,100.0,100.0,99.1,100.0,100.0
2025-04-19,,,,,,,,,,,,,100.0,98.8,100.0,100.0
2025-04-20,52.1,44.1,95.8,,,,,,,,,,100.0,98.8,100.0,100.0
2025-04-21,,,,,,,,,,,,,100.0,98.9,100.0,100.0
2025-04-22,,,,,,,,,,100.0,98.0,100.0,100.0,99.0,100.0,100.0
2025-04-23,,,,,,,,,,100.0,96.2,100.0,100.0,98.9,100.0,100.0
2025-04-24,,,,,,,,,,,,,100.0,99.1,100.0,100.0
2025-04-25,,,,100.0,99.3,100.0,,,,,,,100.0,99.3,100.0,100.0
2025-04-26,,,,,,,,,,100.0,93.4,100.0,100.0,99.3,100.0,100.0
2025-04-27,59.0,49.0,98.5,,,,,,,,,,100.0,99.1,100.0,100.0
2025-04-28,73.6,56.0,98.7,100.0,99.2,93.1,,,,,,,100.0,99.4,100.0,100.0
2025-04-29,,,,,,,,,,,,,100.0,99.2,100.0,100.0
2025-04-30,,,,99.9,98.9,100.0,,,,100.0,95.2,100.0,100.0,99.3,100.0,100.0
2025-05-01,,,,,,,,,,100.0,91.9,100.0,100.0,98.8,100.0,100.0
2025-05-02,64.8,50.5,98.4,,,,,,,,,,100.0,99.0,100.0,100.0
2025-05-03,68.7,53.0,96.0,100.0,97.8,35.0,,,,100.0,96.4,100.0,100.0,98.7,100.0,100.0
2025-05-04,66.5,52.3,98.5,,,,,,,,,,100.0,98.5,100.0,100.0
2025-05-05,,,,,,,,,,,,,100.0,98.0,100.0,100.0
2025-05-06,,,,,,,,,,,,,100.0,98.2,100.0,100.0
2025-05-07,,,,,,,,,,,,,100.0,97.7,100.0,100.0
2025-05-08,76.7,61.8,99.3,,,,,,,,,,100.0,98.0,100.0,100.0
2025-05-09,71.4,56.4,99.3,,,,,,,,,,100.0,98.2,100.0,100.0
2025-05-10,68.3,51.8,99.3,,,,,,,,,,100.0,98.4,100.0,100.0
2025-05-11,,,,,,,,,,,,,100.0,98.5,100.0,100.0
2025-05-12,,,,,,,,,,,,,100.0,98.6,100.0,100.0
2025-05-13,,,,100.0,99.5,100.0,99.6,95.7,100.0,,,,100.0,99.3,100.0,100.0
2025-05-14,70.6,54.8,99.1,,,,,,,,,,100.0,99.0,100.0,100.0
2025-05-15,71.4,54.7,99.5,100.0,98.8,100.0,,,,100.0,96.0,100.0,100.0,99.3,100.0,100.0
2025-05-16,79.1,61.8,99.5,,,,,,,100.0,96.5,100.0,100.0,99.1,100.0,100.0
2025-05-17,,,,100.0,98.5,100.0,,,,,,,100.0,99.4,100.0,100.0
2025-05-18,,,,99.8,96.8,100.0,,,,,,,100.0,99.2,100.0,100.0
2025-05-19,,,,,,,,,,,,,100.0,99.2,100.0,100.0
2025-05-20,79.0,58.5,99.1,,,,,,,,,,100.0,99.1,100.0,100.0
2025-05-21,85.7,64.7,99.1,,,,100.0,99.8,51.5,,,,100.0,99.3,100.0,100.0
2025-05-22,90.0,70.3,98.4,,,,,,,100.0,94.4,100.0,100.0,99.2,100.0,100.0
2025-05-23,,,,99.8,95.8,100.0,,,,100.0,94.8,100.0,100.0,99.2,100.0,100.0
2025-05-24,,,,,,,,,,100.0,91.5,100.0,100.0,99.0,100.0,100.0
2025-05-25,,,,,,,,,,,,,100.0,98.9,100.0,100.0
2025-05-26,93.2,73.1,99.3,,,,,,,,,,100.0,98.9,100.0,100.0
2025-05-27,92.1,66.6,99.1,99.5,95.4,100.0,,,,99.3,86.0,100.0,100.0,98.7,100.0,100.0
2025-05-28,91.9,65.2,96.7,,,,,,,,,,100.0,98.3,100.0,100.0
2025-05-29,,,,,,,99.2,97.0,66.5,,,,100.0,97.8,100.0,100.0
2025-05-30,,,,93.4,85.3,100.0,,,,95.1,72.2,100.0,100.0,97.3,100.0,100.0
2025-05-31,,,,,,,,,,85.1,59.9,100.0,100.0,95.7,100.0,100.0
2025-06-01,91.5,63.1,98.4,,,,,,,,,,100.0,95.5,100.0,100.0
2025-06-02,39.3,40.0,98.7,,,,,,,,,,99.8,92.9,100.0,99.8
2025-06-03,22.9,33.6,97.1,,,,,,,,,,99.5,89.8,100.0,99.5
2025-06-04,,,,,,,,,,,,,96.9,82.4,100.0,96.9
2025-06-05,,,,,,,,,,,,,96.4,77.8,100.0,96.4
2025-06-06,,,,,,,,,,,,,90.3,68.9,100.0,90.3
2025-06-07,11.8,24.2,99.1,,,,,,,28.6,38.5,100.0,42.4,55.7,100.0,42.4
2025-06-08,5.7,18.0,99.1,,,,,,,0.0,15.1,100.0,10.7,37.8,100.0,10.7
2025-06-09,2.5,12.0,94.9,0.4,10.4,100.0,,,,,,,8.2,32.4,100.0,8.2
2025-06-10,,,,,,,,,,,,,2.9,23.8,100.0,2.9
2025-06-11,,,,,,,,,,0.0,14.8,100.0,0.5,13.7,100.0,0.5
2025-06-12,,,,0.0,1.8,100.0,,,,0.0,4.5,100.0,0.0,9.3,100.0,0.0
2025-06-13,2.6,9.6,98.5,,,,,,,,,,0.0,8.1,100.0,0.0
2025-06-14,0.2,3.9,98.9,,,,,,,,,,0.0,5.7,100.0,0.0
2025-06-15,0.0,3.2,95.6,,,,,,,0.0,10.1,100.0,0.0,4.2,100.0,0.0
2025-06-16,,,,0.0,0.2,100.0,,,,,,,0.0,3.9,100.0,0.0
2025-06-17,,,,0.0,0.1,100.0,,,,,,,0.0,3.3,100.0,0.0
2025-06-18,,,,,,,,,,0.0,0.6,100.0,0.0,2.8,100.0,0.0
2025-06-19,0.4,3.6,99.1,0.0,0.0,100.0,,,,0.0,0.6,100.0,0.0,2.4,100.0,0.0
2025-06-20,0.0,1.8,99.5,,,,,,,,,,0.0,2.7,100.0,0.0
2025-06-21,0.0,1.2,96.4,,,,,,,,,,0.0,2.3,100.0,0.0
2025-06-22,,,,0.0,0.0,100.0,,,,,,,0.0,2.0,100.0,0.0
2025-06-23,,,,,,,,,,,,,0.0,2.5,100.0,0.0
2025-06-24,,,,,,,,,,,,,0.0,2.1,100.0,0.0
2025-06-25,0.0,1.1,99.1,,,,,,,,,,0.0,1.5,100.0,0.0
2025-06-26,0.0,1.1,99.1,,,,,,,,,,0.0,1.5,100.0,0.0
2025-06-27,0.0,1.0,95.6,,,,,,,0.0,0.1,100.0,0.0,1.4,100.0,0.0
2025-06-28,,,,,,,,,,,,,0.0,1.7,100.0,0.0
2025-06-29,,,,0.0,0.0,100.0,,,,,,,0.0,1.1,100.0,0.0
2025-06-30,,,,,,,,,,,,,0.0,1.2,100.0,0.0
2025-07-01,0.0,1.0,99.3,,,,,,,0.0,0.1,100.0,0.0,1.1,100.0,0.0
2025-07-02,0.0,0.8,99.3,,,,,,,,,,0.0,1.6,100.0,0.0
2025-07-03,0.0,0.9,97.3,,,,,,,0.0,0.0,100.0,0.0,1.1,100.0,0.0
2025-07-04,,,,0.0,0.0,87.6,,,,0.0,0.0,100.0,0.0,1.1,100.0,0.0
2025-07-05,,,,,,,,,,,,,0.0,1.3,100.0,0.0
2025-07-06,,,,,,,,,,,,,0.0,1.7,100.0,0.0
2025-07-07,0.0,0.9,99.5,0.0,0.0,78.7,,,,,,,0.0,1.4,100.0,0.0
2025-07-08,0.0,0.9,99.3,,,,,,,,,,0.0,1.7,100.0,0.0
2025-07-09,0.0,0.8,94.9,0.0,0.0,100.0,,,,,,,0.0,1.6,100.0,0.0
2025-07-10,,,,,,,,,,,,,0.0,1.7,100.0,0.0
2025-07-11,,,,,,,,,,0.0,0.0,100.0,0.0,1.4,100.0,0.0
2025-07-12,,,,0.0,0.0,100.0,,,,,,,0.0,1.5,100.0,0.0
2025-07-13,0.0,1.3,98.9,,,,,,,,,,0.0,1.4,100.0,0.0
2025-07-14,0.0,1.3,99.5,0.0,0.0,100.0,,,,,,,0.0,1.2,100.0,0.0
2025-07-15,0.0,1.5,95.1,,,,,,,,,,0.0,1.2,100.0,0.0
2025-07-16,,,,,,,,,,,,,0.0,1.5,100.0,0.0
2025-07-17,,,,0.0,0.0,100.0,,,,,,,0.0,1.3,100.0,0.0
2025-07-18,,,,,,,,,,0.0,0.0,96.9,0.0,1.1,100.0,0.0
2025-07-19,0.0,2.3,99.1,,,,,,,,,,0.0,1.1,100.0,0.0
2025-07-20,0.0,2.8,99.3,,,,,,,,,,0.0,1.4,100.0,0.0
2025-07-21,0.2,3.3,98.0,,,,,,,,,,0.0,1.3,100.0,0.0
2025-07-22,,,,0.0,0.0,100.0,,,,,,,0.0,1.3,100.0,0.0
2025-07-23,,,,,,,,,,,,,0.0,1.2,100.0,0.0
2025-07-24,,,,,,,,,,,,,0.0,1.5,100.0,0.0
2025-07-25,0.0,2.4,91.4,,,,,,,,,,0.0,1.5,100.0,0.0
2025-07-26,0.0,1.9,91.3,,,,,,,0.0,0.0,99.6,0.0,1.0,100.0,0.0
2025-07-27,0.0,2.0,88.9,,,,,,,0.0,0.0,100.0,0.0,1.1,100.0,0.0
2025-07-28,,,,,,,,,,,,,0.0,1.5,100.0,0.0
2025-07-29,,,,0.0,0.0,100.0,,,,,,,0.0,1.2,100.0,0.0
2025-07-30,,,,,,,,,,0.0,0.0,92.5,0.0,0.9,100.0,0.0
2025-07-31,0.0,2.7,90.9,,,,,,,,,,0.0,1.0,100.0,0.0
2025-08-01,0.0,2.0,91.4,,,,,,,,,,0.0,1.4,100.0,0.0
2025-08-02,0.0,1.8,88.7,,,,,,,0.0,0.0,100.0,0.0,1.2,100.0,0.0
2025-08-03,,,,0.0,0.0,100.0,,,,0.0,0.0,100.0,0.0,0.7,100.0,0.0
2025-08-04,,,,,,,,,,0.0,0.0,100.0,0.0,0.8,100.0,0.0
2025-08-05,,,,,,,,,,,,,0.0,0.9,100.0,0.0
2025-08-06,0.0,1.3,91.3,,,,,,,,,,0.0,0.7,100.0,0.0
2025-08-07,,,,,,,,,,0.0,0.0,100.0,0.0,0.5,100.0,0.0
2025-08-08,0.0,1.3,88.7,0.0,0.0,100.0,,,,,,,0.0,0.5,100.0,0.0
2025-08-09,,,,,,,0.0,0.0,53.2,,,,0.0,0.5,100.0,0.0
2025-08-10,,,,,,,,,,0.0,0.0,100.0,0.0,0.3,100.0,0.0
2025-08-11,,,,0.0,0.0,99.8,,,,0.0,0.0,100.0,0.0,0.3,100.0,0.0
2025-08-12,0.0,1.3,90.9,,,,,,,,,,0.0,0.3,100.0,0.0
2025-08-13,0.0,1.3,91.8,0.0,0.0,100.0,,,,,,,0.0,0.4,100.0,0.0
2025-08-14,0.0,1.2,88.7,,,,,,,0.0,0.0,100.0,0.0,0.2,100.0,0.0
2025-08-15,,,,0.0,0.0,90.7,,,,0.0,0.0,100.0,0.0,0.2,100.0,0.0
2025-08-16,,,,0.0,0.0,100.0,,,,,,,0.0,0.2,100.0,0.0
2025-08-17,,,,,,,0.0,0.0,52.1,,,,0.0,0.4,100.0,0.0
2025-08-18,0.0,1.7,91.3,0.0,0.0,89.4,,,,0.0,0.0,100.0,0.0,0.2,100.0,0.0
2025-08-19,0.0,0.9,91.6,,,,,,,,,,0.0,0.3,100.0,0.0
2025-08-20,0.0,0.7,88.9,,,,,,,,,,0.0,0.3,100.0,0.0
2025-08-21,,,,,,,,,,,,,0.0,0.4,100.0,0.0
2025-08-22,,,,,,,,,,0.0,0.0,100.0,0.0,0.2,100.0,0.0
2025-08-23,,,,0.0,0.0,100.0,,,,,,,0.0,0.4,100.0,0.0
2025-08-24,0.0,0.9,91.6,,,,,,,,,,0.0,0.4,100.0,0.0
2025-08-25,0.0,0.8,90.2,0.0,0.0,100.0,0.0,0.0,44.1,,,,0.0,0.5,100.0,0.0
2025-08-26,0.0,0.6,89.8,0.0,0.0,100.0,,,,0.0,0.0,100.0,0.0,0.3,100.0,0.0
2025-08-27,,,,,,,,,,,,,0.0,0.4,100.0,0.0
2025-08-28,,,,,,,,,,,,,0.0,0.3,100.0,0.0
2025-08-29,,,,,,,,,,0.0,0.0,100.0,0.0,0.5,100.0,0.0
2025-08-30,0.0,0.8,91.4,,,,,,,0.0,0.0,100.0,0.0,0.3,100.0,0.0
2025-08-31,0.0,0.7,91.8,0.0,0.0,100.0,,,,,,,0.0,0.4,100.0,0.0
2025-09-01,0.0,0.8,89.4,,,,,,,,,,0.0,0.4,100.0,0.0
2025-09-02,,,,0.0,0.0,37.7,,,,,,,0.0,0.7,100.0,0.0
2025-09-03,,,,,,,,,,,,,0.0,0.5,100.0,0.0
2025-09-04,,,,,,,,,,,,,0.0,0.4,100.0,0.0
2025-09-05,0.0,1.1,91.8,0.0,0.0,99.6,,,,0.0,0.0,100.0,0.0,0.4,100.0,0.0
2025-09-06,0.0,1.5,91.6,,,,,,,,,,0.0,0.4,100.0,0.0
2025-09-07,0.0,1.9,89.6,0.0,0.0,100.0,,,,,,,0.0,0.3,100.0,0.0
2025-09-08,,,,,,,,,,,,,0.0,0.4,100.0,0.0
2025-09-09,,,,,,,,,,,,,0.0,0.5,100.0,0.0
2025-09-10,,,,,,,,,,,,,0.0,0.6,100.0,0.0
2025-09-11,0.0,2.7,91.8,,,,,,,,,,0.0,0.5,100.0,0.0
2025-09-12,0.0,3.6,91.6,0.0,0.0,100.0,,,,,,,0.0,0.5,100.0,0.0
2025-09-13,0.0,3.1,91.1,,,,,,,,,,0.0,0.5,100.0,0.0
2025-09-14,,,,0.0,0.0,100.0,,,,,,,0.0,0.5,100.0,0.0
2025-09-15,,,,0.0,0.0,100.0,,,,,,,0.0,0.4,100.0,0.0
2025-09-16,,,,,,,,,,,,,0.0,0.5,100.0,0.0
2025-09-17,0.0,4.0,91.8,0.0,0.0,100.0,,,,0.0,0.0,100.0,0.0,0.4,100.0,0.0
2025-09-18,0.0,4.1,91.8,,,,0.0,0.0,60.1,0.0,0.0,100.0,0.0,0.5,100.0,0.0
2025-09-19,,,,,,,,,,,,,0.0,0.5,100.0,0.0
2025-09-20,,,,0.0,0.0,100.0,,,,,,,0.0,0.5,100.0,0.0
2025-09-21,,,,,,,,,,,,,0.0,0.4,100.0,0.0
2025-09-22,,,,,,,,,,,,,0.0,0.8,100.0,0.0
2025-09-23,0.6,5.5,91.8,,,,,,,,,,0.0,0.9,100.0,0.0
2025-09-24,0.4,6.7,91.8,,,,,,,,,,0.0,0.9,100.0,0.0
2025-09-25,0.6,5.7,88.7,,,,,,,0.0,0.0,45.7,0.0,1.0,100.0,0.0
2025-09-26,,,,,,,,,,,,,0.0,1.4,100.0,0.0
2025-09-27,,,,,,,,,,,,,0.0,1.4,100.0,0.0
2025-09-28,,,,,,,,,,,,,0.0,1.1,100.0,0.0
2025-09-29,2.6,8.0,90.7,,,,,,,0.0,0.0,100.0,0.0,0.9,100.0,0.0
2025-09-30,1.0,7.0,90.3,,,,,,,,,,0.0,1.7,100.0,0.0
2025-10-01,1.8,8.4,89.8,,,,,,,,,,0.0,1.7,100.0,0.0
2025-10-02,,,,0.0,0.0,100.0,,,,0.0,0.0,100.0,0.0,1.2,100.0,0.0
2025-10-03,,,,,,,,,,,,,0.0,1.3,100.0,0.0
2025-10-04,,,,,,,,,,,,,0.0,2.2,100.0,0.0
2025-10-05,1.0,7.4,89.4,0.0,0.0,100.0,,,,,,,0.0,2.6,100.0,0.0
2025-10-06,1.2,5.0,90.3,,,,,,,0.0,0.0,100.0,0.0,1.5,100.0,0.0
2025-10-07,0.4,4.8,88.0,0.0,0.0,100.0,,,,0.0,0.0,100.0,0.0,1.5,100.0,0.0
2025-10-08,,,,,,,,,,,,,0.0,2.1,100.0,0.0
2025-10-09,,,,,,,,,,,,,0.0,2.4,100.0,0.0
2025-10-10,,,,0.0,0.0,100.0,,,,0.0,0.0,100.0,0.0,1.4,100.0,0.0
2025-10-11,0.2,3.8,90.2,,,,,,,0.0,0.0,100.0,0.0,1.5,100.0,0.0
2025-10-12,0.2,3.2,89.6,0.0,0.0,100.0,0.0,0.0,51.9,,,,0.0,1.8,100.0,0.0
2025-10-13,0.2,2.7,89.1,,,,,,,,,,0.0,2.1,100.0,0.0
2025-10-14,,,,0.0,0.0,100.0,,,,0.0,0.0,100.0,0.0,1.0,100.0,0.0
2025-10-15,,,,,,,,,,,,,0.0,1.2,100.0,0.0
2025-10-16,,,,,,,,,,,,,0.0,1.4,100.0,0.0
2025-10-17,0.0,3.1,90.7,0.0,0.0,100.0,,,,,,,0.0,1.3,100.0,0.0
2025-10-18,0.0,1.5,90.7,,,,,,,0.0,0.1,100.0,0.0,1.1,100.0,0.0
2025-10-19,0.0,1.0,88.0,,,,,,,,,,0.0,1.3,100.0,0.0
2025-10-20,,,,,,,,,,,,,0.0,1.7,100.0,0.0
2025-10-21,,,,,,,,,,0.0,0.5,100.0,0.0,1.3,100.0,0.0
2025-10-22,,,,,,,,,,0.0,1.0,100.0,0.0,1.0,100.0,0.0
2025-10-23,0.0,1.3,90.3,,,,,,,,,,0.0,1.2,100.0,0.0
2025-10-24,0.0,1.4,90.7,0.0,1.0,55.7,,,,,,,0.0,1.3,100.0,0.0
2025-10-25,0.0,1.6,88.9,,,,,,,0.0,1.4,100.0,0.0,0.8,100.0,0.0
2025-10-26,,,,,,,,,,,,,0.0,1.0,100.0,0.0
2025-10-27,,,,,,,,,,0.0,2.7,100.0,0.0,1.0,100.0,0.0
2025-10-28,,,,,,,0.0,0.2,100.0,,,,0.0,1.4,100.0,0.0
2025-10-29,0.0,2.1,90.5,,,,,,,,,,0.0,1.0,100.0,0.0
2025-10-30,0.0,2.2,90.7,0.0,0.7,100.0,,,,,,,0.0,1.0,100.0,0.0
2025-10-31,0.0,2.5,90.0,,,,,,,,,,0.0,1.3,100.0,0.0
2025-11-01,,,,,,,,,,,,,0.0,1.8,100.0,0.0
2025-11-02,,,,,,,,,,,,,0.0,1.2,100.0,0.0
2025-11-03,,,,0.0,2.0,100.0,,,,,,,0.0,1.3,100.0,0.0
2025-11-04,0.0,1.9,90.7,0.0,3.3,100.0,,,,,,,0.0,1.5,100.0,0.0
2025-11-05,0.0,1.8,90.5,,,,0.0,0.2,88.7,0.0,4.4,100.0,0.0,1.7,100.0,0.0
2025-11-06,0.0,1.7,89.4,0.0,4.7,100.0,,,,0.0,4.6,100.0,0.0,1.8,100.0,0.0
2025-11-07,,,,,,,,,,,,,0.0,1.8,100.0,0.0
2025-11-08,,,,,,,,,,,,,0.0,2.2,100.0,0.0
2025-11-09,,,,0.0,3.5,100.0,,,,0.0,9.1,100.0,0.0,2.2,100.0,0.0
2025-11-10,0.0,1.3,90.3,,,,,,,,,,0.0,2.5,100.0,0.0
2025-11-11,0.0,0.9,90.7,0.0,2.6,100.0,,,,,,,0.0,2.2,100.0,0.0
2025-11-12,0.0,0.7,89.6,,,,,,,,,,0.0,3.0,100.0,0.0
2025-11-13,,,,0.0,2.1,100.0,0.0,0.9,76.5,,,,0.0,3.7,100.0,0.0
2025-11-14,,,,0.0,4.2,56.3,,,,,,,0.0,4.9,100.0,0.0
2025-11-15,,,,,,,,,,,,,0.0,4.7,100.0,0.0
2025-11-16,0.0,1.1,90.7,,,,,,,,,,0.0,6.8,100.0,0.0
2025-11-17,,,,,,,,,,7.5,26.8,100.0,0.0,7.1,100.0,0.0
2025-11-18,0.0,1.3,90.0,,,,,,,,,,0.0,12.8,100.0,0.0
2025-11-19,,,,0.0,3.1,100.0,,,,,,,0.0,14.1,100.0,0.0
2025-11-20,,,,,,,,,,,,,0.2,23.7,100.0,0.2
2025-11-21,,,,,,,,,,94.5,64.6,100.0,1.1,33.3,100.0,1.1
2025-11-22,0.0,2.1,90.5,,,,,,,,,,20.8,50.6,100.0,20.8
2025-11-23,0.0,4.2,90.7,0.5,10.8,100.0,,,,,,,65.0,62.8,100.0,65.0
2025-11-24,0.0,9.2,90.5,,,,,,,,,,99.1,70.5,100.0,99.1
2025-11-25,,,,,,,,,,100.0,89.7,100.0,99.8,76.0,100.0,99.8
2025-11-26,,,,89.0,67.1,44.8,,,,100.0,93.7,100.0,100.0,82.9,100.0,100.0
2025-11-27,,,,,,,,,,,,,100.0,87.2,100.0,100.0
2025-11-28,17.3,27.8,90.7,,,,,,,,,,100.0,90.0,100.0,100.0
2025-11-29,65.3,50.3,99.1,98.7,82.2,100.0,97.8,90.8,99.8,100.0,97.8,100.0,100.0,93.5,100.0,100.0
2025-11-30,77.0,56.8,96.7,,,,,,,,,,100.0,94.4,100.0,100.0
2025-12-01,,,,100.0,98.4,95.4,,,,,,,100.0,96.0,100.0,100.0
2025-12-02,,,,,,,,,,,,,100.0,96.3,100.0,100.0
2025-12-03,,,,,,,,,,100.0,98.1,100.0,100.0,96.4,100.0,100.0
2025-12-04,77.4,59.5,99.3,,,,,,,100.0,97.9,100.0,100.0,96.9,100.0,100.0
2025-12-05,,,,,,,,,,,,,100.0,97.3,100.0,100.0
2025-12-06,75.0,56.8,94.9,99.5,97.1,100.0,,,,,,,100.0,97.9,100.0,100.0
2025-12-07,,,,,,,,,,100.0,97.7,100.0,100.0,97.4,100.0,100.0
2025-12-08,,,,,,,,,,100.0,97.3,100.0,100.0,97.3,100.0,100.0
2025-12-09,,,,98.9,94.8,100.0,,,,,,,100.0,97.9,100.0,100.0
2025-12-10,82.1,64.0,97.8,,,,,,,,,,100.0,97.8,100.0,100.0
2025-12-11,75.0,58.5,97.4,98.9,94.4,100.0,,,,,,,100.0,98.0,100.0,100.0
2025-12-12,87.4,67.1,95.6,,,,,,,100.0,98.4,100.0,100.0,97.5,100.0,100.0
2025-12-13,,,,98.9,93.8,100.0,,,,,,,100.0,97.8,100.0,100.0
2025-12-14,,,,98.7,90.9,100.0,,,,,,,100.0,97.6,100.0,100.0
2025-12-15,,,,,,,,,,,,,100.0,97.2,100.0,100.0
2025-12-16,87.8,66.4,97.3,,,,,,,,,,100.0,96.3,100.0,100.0
2025-12-17,82.8,64.3,99.8,,,,,,,,,,100.0,97.7,100.0,100.0
2025-12-18,79.4,60.8,94.5,,,,,,,,,,100.0,97.3,100.0,100.0
2025-12-19,,,,98.7,92.4,100.0,,,,,,,100.0,97.2,100.0,100.0
2025-12-20,,,,,,,,,,100.0,98.6,100.0,100.0,96.6,100.0,100.0
2025-12-21,,,,,,,,,,,,,100.0,96.8,100.0,100.0
2025-12-22,74.8,58.3,99.8,,,,,,,,,,100.0,96.9,100.0,100.0
2025-12-23,76.5,60.3,100.0,,,,,,,100.0,99.1,100.0,100.0,96.6,100.0,100.0
2025-12-24,93.1,66.9,95.6,,,,,,,100.0,98.8,100.0,100.0,96.6,100.0,100.0
2025-12-25,,,,,,,,,,,,,100.0,96.9,100.0,100.0
2025-12-26,,,,98.8,94.3,100.0,,,,100.0,98.4,100.0,100.0,97.4,100.0,100.0
2025-12-27,,,,,,,,,,100.0,98.0,100.0,100.0,96.7,100.0,100.0
2025-12-28,92.0,69.6,99.6,,,,,,,,,,100.0,96.6,100.0,100.0
2025-12-29,86.1,66.1,99.8,96.2,90.9,100.0,,,,,,,100.0,96.4,100.0,100.0
2025-12-30,93.0,70.5,95.6,,,,,,,,,,100.0,96.2,100.0,100.0
2025-12-31,,,,91.4,83.3,100.0,100.0,99.8,100.0,,,,100.0,95.9,100.0,100.0
2026-01-01,,,,,,,100.0,100.0,100.0,,,,100.0,99.6,100.0,100.0
2026-01-02,,,,,,,,,,100.0,99.7,100.0,100.0,99.5,100.0,100.0
2026-01-03,100.0,83.3,100.0,99.5,92.1,100.0,,,,100.0,99.7,100.0,100.0,99.7,100.0,100.0
2026-01-04,100.0,82.8,100.0,,,,,,,,,,100.0,99.8,100.0,100.0
2026-01-05,100.0,84.4,97.5,100.0,94.6,100.0,,,,,,,100.0,99.8,100.0,100.0
2026-01-06,,,,,,,,,,,,,100.0,99.8,100.0,100.0
2026-01-07,,,,,,,,,,100.0,99.8,100.0,100.0,99.8,100.0,100.0
2026-01-08,,,,,,,,,,,,,100.0,99.9,100.0,100.0
2026-01-09,100.0,87.3,99.7,,,,,,,,,,100.0,99.9,100.0,100.0
2026-01-10,100.0,88.9,100.0,,,,,,,,,,100.0,99.8,100.0,100.0
2026-01-11,100.0,91.7,96.2,,,,,,,,,,100.0,99.8,100.0,100.0
2026-01-12,,,,100.0,98.9,100.0,,,,100.0,99.8,100.0,100.0,99.8,100.0,100.0
2026-01-13,,,,,,,,,,,,,100.0,99.8,100.0,100.0
2026-01-14,,,,,,,,,,,,,100.0,99.7,100.0,100.0
2026-01-15,100.0,92.3,100.0,100.0,99.5,100.0,,,,100.0,99.9,100.0,100.0,99.8,100.0,100.0
2026-01-16,100.0,92.5,100.0,,,,,,,,,,100.0,99.7,100.0,100.0
2026-01-17,100.0,93.6,93.2,,,,,,,,,,100.0,99.6,100.0,100.0
2026-01-18,,,,,,,,,,100.0,99.9,100.0,100.0,99.6,100.0,100.0
2026-01-19,,,,,,,,,,100.0,99.9,100.0,100.0,99.7,100.0,100.0
2026-01-20,,,,,,,,,,,,,100.0,99.6,100.0,100.0
2026-01-21,100.0,95.3,99.7,,,,,,,,,,100.0,99.7,100.0,100.0
2026-01-22,100.0,95.2,99.7,,,,,,,,,,100.0,99.7,100.0,100.0
2026-01-23,100.0,95.5,95.0,,,,,,,,,,100.0,99.8,100.0,100.0
2026-01-24,,,,,,,,,,,,,100.0,99.7,100.0,100.0
2026-01-25,,,,100.0,99.9,100.0,,,,,,,100.0,99.8,100.0,100.0
2026-01-26,,,,,,,,,,100.0,99.9,100.0,100.0,99.8,100.0,100.0
2026-01-27,100.0,95.9,99.7,,,,,,,,,,100.0,99.8,100.0,100.0
2026-01-28,100.0,96.1,99.5,,,,,,,,,,100.0,99.8,100.0,100.0
2026-01-29,100.0,96.9,92.5,,,,,,,,,,100.0,99.9,100.0,100.0
2026-01-30,,,,100.0,99.9,100.0,,,,,,,100.0,99.9,100.0,100.0
2026-01-31,,,,,,,,,,100.0,100.0,100.0,100.0,99.9,100.0,100.0
2026-02-01,,,,,,,100.0,100.0,100.0,100.0,99.9,100.0,100.0,99.9,100.0,100.0
2026-02-02,100.0,97.5,99.5,100.0,99.7,100.0,,,,,,,100.0,99.9,100.0,100.0
2026-02-03,100.0,97.1,99.7,,,,,,,,,,100.0,99.9,100.0,100.0
2026-02-04,100.0,96.9,92.7,,,,,,,100.0,100.0,100.0,100.0,99.9,100.0,100.0
2026-02-05,,,,,,,,,,,,,100.0,99.9,100.0,100.0
2026-02-06,,,,,,,,,,,,,100.0,99.9,100.0,100.0
2026-02-07,,,,100.0,99.8,88.0,,,,,,,100.0,99.9,100.0,100.0
2026-02-08,100.0,97.5,100.0,,,,,,,100.0,99.9,100.0,100.0,99.9,100.0,100.0
2026-02-09,100.0,96.9,100.0,100.0,99.9,100.0,100.0,100.0,71.2,100.0,99.9,100.0,100.0,100.0,100.0,100.0
2026-02-10,100.0,97.0,91.7,,,,,,,,,,100.0,99.9,100.0,100.0
2026-02-11,,,,,,,,,,,,,100.0,99.9,100.0,100.0
2026-02-12,,,,,,,,,,,,,100.0,99.9,100.0,100.0
2026-02-13,,,,,,,,,,,,,100.0,99.8,100.0,100.0
2026-02-14,100.0,96.4,99.7,100.0,99.2,46.1,,,,,,,100.0,99.9,100.0,100.0
2026-02-15,100.0,95.0,99.5,,,,,,,,,,100.0,99.8,100.0,100.0
2026-02-16,100.0,93.4,94.7,,,,,,,100.0,99.9,100.0,100.0,99.8,100.0,100.0
2026-02-17,,,,,,,,,,100.0,99.9,100.0,100.0,99.7,100.0,100.0
2026-02-18,,,,,,,,,,,,,100.0,99.7,100.0,100.0
2026-02-19,,,,,,,,,,,,,100.0,99.7,100.0,100.0
2026-02-20,100.0,91.9,99.0,,,,,,,,,,100.0,99.8,100.0,100.0
2026-02-21,100.0,88.9,99.5,,,,,,,100.0,99.9,100.0,100.0,99.7,100.0,100.0
2026-02-22,100.0,86.4,97.0,100.0,99.9,100.0,,,,,,,100.0,99.8,100.0,100.0
2026-02-23,,,,,,,,,,,,,100.0,99.8,100.0,100.0
2026-02-24,,,,100.0,99.7,100.0,,,,,,,100.0,99.8,100.0,100.0
2026-02-25,,,,,,,100.0,100.0,100.0,,,,100.0,99.7,100.0,100.0
2026-02-26,100.0,84.2,100.0,,,,100.0,99.9,100.0,100.0,99.9,100.0,100.0,99.8,100.0,100.0
2026-02-27,99.5,80.9,100.0,100.0,99.4,100.0,,,,,,,100.0,99.8,100.0,100.0
2026-02-28,100.0,81.5,96.0,,,,,,,,,,100.0,99.8,100.0,100.0
2026-03-01,,,,,,,,,,100.0,99.9,100.0,100.0,99.7,100.0,100.0
2026-03-02,,,,,,,,,,,,,100.0,99.7,100.0,100.0
2026-03-03,,,,,,,,,,,,,100.0,99.7,100.0,100.0
2026-03-04,99.5,83.2,99.0,100.0,99.5,100.0,,,,,,,100.0,99.8,100.0,100.0
2026-03-05,97.2,79.7,99.7,,,,,,,,,,100.0,99.7,100.0,100.0
2026-03-06,99.0,82.7,97.0,100.0,99.6,100.0,100.0,99.4,100.0,,,,100.0,99.8,100.0,100.0
2026-03-07,,,,,,,,,,,,,100.0,99.6,100.0,100.0
2026-03-08,,,,,,,,,,100.0,99.9,100.0,100.0,99.7,100.0,100.0
2026-03-09,,,,,,,,,,,,,100.0,99.6,100.0,100.0
2026-03-10,99.2,84.0,99.7,,,,,,,100.0,99.9,100.0,100.0,99.7,100.0,100.0
2026-03-11,96.5,83.2,100.0,,,,,,,,,,100.0,99.7,100.0,100.0
2026-03-12,96.1,82.8,97.0,,,,,,,,,,100.0,99.7,100.0,100.0
2026-03-13,,,,100.0,99.7,100.0,100.0,99.8,100.0,,,,100.0,99.8,100.0,100.0
2026-03-14,,,,,,,,,,,,,100.0,99.7,100.0,100.0
2026-03-15,,,,,,,,,,,,,100.0,99.8,100.0,100.0
2026-03-16,97.0,84.7,100.0,100.0,99.8,100.0,,,,,,,100.0,99.9,100.0,100.0
2026-03-17,97.0,84.6,100.0,,,,,,,100.0,99.9,100.0,100.0,99.8,100.0,100.0
2026-03-18,99.5,87.1,95.0,,,,,,,,,,100.0,99.8,100.0,100.0
2026-03-19,,,,100.0,99.7,100.0,,,,,,,100.0,99.9,100.0,100.0
2026-03-20,,,,,,,,,,100.0,99.9,100.0,100.0,99.9,100.0,100.0
2026-03-21,,,,100.0,99.5,100.0,,,,100.0,99.9,100.0,100.0,99.9,100.0,100.0
2026-03-22,100.0,90.2,99.5,,,,,,,,,,100.0,99.8,100.0,100.0
2026-03-23,100.0,89.8,100.0,,,,,,,,,,100.0,99.8,100.0,100.0
2026-03-24,100.0,90.0,96.5,,,,,,,100.0,99.9,100.0,100.0,99.8,100.0,100.0
2026-03-25,,,,,,,,,,100.0,99.9,100.0,100.0,99.8,100.0,100.0
2026-03-26,,,,100.0,99.8,100.0,,,,,,,100.0,99.9,100.0,100.0
2026-03-27,,,,,,,,,,,,,100.0,99.9,100.0,100.0
2026-03-28,100.0,91.1,99.7,,,,,,,,,,100.0,99.9,100.0,100.0
2026-03-29,100.0,91.3,99.7,100.0,99.9,100.0,100.0,100.0,100.0,100.0,99.9,100.0,100.0,99.9,100.0,100.0
2026-03-30,100.0,91.9,93.7,,,,,,,,,,100.0,99.9,100.0,100.0
2026-03-31,,,,100.0,99.8,78.2,,,,,,,100.0,99.9,100.0,100.0
2026-04-01,,,,,,,,,,100.0,99.9,100.0,100.0,99.9,100.0,100.0
2026-04-02,,,,100.0,99.6,100.0,,,,100.0,99.8,100.0,100.0,99.9,100.0,100.0
2026-04-03,100.0,91.3,99.0,100.0,99.4,100.0,,,,,,,100.0,99.9,100.0,100.0
2026-04-04,100.0,89.8,99.5,,,,,,,,,,100.0,99.9,100.0,100.0
2026-04-05,100.0,90.4,100.0,100.0,98.8,100.0,,,,100.0,99.8,100.0,100.0,99.9,100.0,100.0
2026-04-06,,,,,,,100.0,99.9,100.0,100.0,99.6,100.0,100.0,99.9,100.0,100.0
2026-04-07,,,,,,,100.0,99.8,36.8,100.0,99.6,100.0,100.0,99.9,100.0,100.0
2026-04-08,,,,100.0,99.2,100.0,,,,,,,100.0,99.9,100.0,100.0
2026-04-09,100.0,88.8,99.7,,,,,,,,,,100.0,99.9,100.0,100.0
2026-04-10,100.0,87.8,100.0,100.0,99.1,100.0,,,,,,,100.0,99.9,100.0,100.0
2026-04-11,99.7,80.1,100.0,,,,,,,,,,100.0,99.8,100.0,100.0
2026-04-12,,,,,,,,,,,,,100.0,99.8,100.0,100.0
2026-04-13,,,,,,,,,,,,,100.0,99.8,100.0,100.0
2026-04-14,,,,,,,100.0,99.8,100.0,100.0,99.5,100.0,100.0,99.8,100.0,100.0
2026-04-15,99.5,79.3,100.0,100.0,99.3,100.0,100.0,99.8,100.0,,,,100.0,99.8,100.0,100.0
2026-04-16,92.2,59.0,100.0,,,,,,,,,,100.0,99.7,100.0,100.0
2026-04-17,92.7,59.4,99.2,,,,,,,100.0,99.4,100.0,100.0,99.7,100.0,100.0
2026-04-18,10.4,30.0,99.2,100.0,97.5,100.0,,,,100.0,99.5,100.0,100.0,99.7,100.0,100.0
2026-04-19,,,,,,,,,,,,,100.0,99.6,100.0,100.0
2026-04-20,,,,100.0,96.7,100.0,,,,,,,100.0,99.6,100.0,100.0
2026-04-21,12.1,28.6,99.5,,,,,,,,,,100.0,99.4,100.0,100.0
2026-04-22,0.5,9.3,100.0,100.0,95.6,100.0,100.0,97.4,64.9,,,,100.0,99.5,100.0,100.0
2026-04-23,0.5,7.3,99.5,100.0,95.3,100.0,100.0,97.7,60.9,,,,100.0,99.3,100.0,100.0
2026-04-24,,,,,,,,,,,,,100.0,98.9,100.0,100.0
2026-04-25,,,,100.0,96.4,100.0,,,,100.0,99.2,100.0,100.0,98.8,100.0,100.0
2026-04-26,,,,,,,,,,100.0,99.0,100.0,100.0,98.3,100.0,100.0
2026-04-27,0.3,7.7,99.2,,,,,,,100.0,98.6,100.0,100.0,97.9,100.0,100.0
2026-04-28,0.5,4.9,99.7,,,,,,,,,,100.0,97.4,100.0,100.0
2026-04-29,0.4,4.7,100.0,,,,,,,,,,100.0,97.1,100.0,100.0
2026-04-30,0.3,5.6,99.7,,,,,,,100.0,98.7,100.0,100.0,96.7,100.0,100.0
2026-05-01,,,,,,,,,,,,,100.0,96.1,100.0,100.0
2026-05-02,,,,100.0,96.7,100.0,,,,,,,100.0,96.0,100.0,100.0
2026-05-03,0.3,4.6,99.7,,,,,,,,,,100.0,95.6,100.0,100.0
2026-05-04,0.3,4.4,100.0,,,,,,,,,,100.0,95.5,100.0,100.0
2026-05-05,0.0,5.9,99.5,,,,,,,,,,100.0,95.1,100.0,100.0
2026-05-06,,,,,,,,,,,,,100.0,94.8,100.0,100.0
2026-05-07,,,,,,,,,,100.0,97.9,100.0,100.0,95.2,100.0,100.0
2026-05-08,,,,,,,,,,,,,100.0,96.0,100.0,100.0
2026-05-09,1.5,14.3,100.0,,,,100.0,97.3,82.5,,,,100.0,96.7,100.0,100.0
2026-05-10,,,,,,,,,,,,,100.0,96.1,100.0,100.0
2026-05-11,1.5,9.7,100.0,,,,,,,100.0,98.2,100.0,100.0,96.7,100.0,100.0
2026-05-12,2.0,10.8,98.5,100.0,99.0,100.0,,,,,,,100.0,97.3,100.0,100.0
2026-05-13,,,,99.5,94.6,95.5,,,,,,,100.0,97.3,100.0,100.0
2026-05-14,,,,,,,,,,100.0,97.5,100.0,100.0,96.6,100.0,100.0
2026-05-15,15.3,27.1,100.0,,,,,,,100.0,98.0,100.0,100.0,96.9,100.0,100.0
2026-05-16,5.8,21.4,99.7,,,,100.0,99.4,45.4,,,,100.0,97.0,100.0,100.0
2026-05-17,6.6,25.9,98.7,,,,100.0,95.2,52.9,,,,100.0,96.8,100.0,100.0
2026-05-18,,,,,,,,,,,,,100.0,95.9,100.0,100.0
2026-05-19,,,,,,,,,,100.0,94.9,100.0,100.0,95.4,100.0,100.0
2026-05-20,,,,,,,,,,,,,100.0,94.6,100.0,100.0
2026-05-21,18.5,33.1,99.0,,,,,,,,,,100.0,93.6,100.0,100.0
2026-05-22,16.2,30.6,99.2,97.7,88.8,100.0,,,,98.2,86.2,100.0,100.0,91.7,100.0,100.0
2026-05-23,10.3,26.0,100.0,90.0,70.3,100.0,,,,96.7,80.9,100.0,99.7,88.8,100.0,99.7
2026-05-24,2.5,17.8,98.5,,,,,,,,,,97.0,82.8,100.0,97.0
2026-05-25,,,,80.2,61.3,100.0,,,,,,,95.2,75.5,100.0,95.2
2026-05-26,,,,,,,,,,,,,59.9,61.4,100.0,59.9
2026-05-27,3.0,13.0,99.2,,,,,,,58.4,49.4,100.0,27.6,51.1,100.0,27.6
2026-05-28,1.4,6.4,99.5,,,,,,,,,,10.3,49.2,100.0,10.3
2026-05-29,1.0,3.4,96.7,,,,,,,,,,8.0,44.0,100.0,8.0
2026-05-30,,,,0.0,10.8,100.0,,,,,,,3.0,41.1,100.0,3.0
2026-05-31,,,,,,,,,,,,,1.8,37.5,100.0,1.8
2026-06-01,,,,0.0,1.5,100.0,,,,,,,,,,
2026-06-02,1.3,6.3,99.5,,,,,,,,,,,,,
2026-06-03,1.3,5.1,99.5,,,,,,,,,,,,,
2026-06-04,2.4,7.9,99.7,0.0,0.2,31.3,,,,66.2,54.0,100.0,,,,
2026-06-05,,,,,,,,,,20.0,33.3,81.5,,,,
2026-06-06,,,,,,,,,,,,,,,,
2026-06-07,,,,0.0,0.0,77.4,,,,5.8,22.1,100.0,,,,
2026-06-08,1.8,7.8,99.5,,,,,,,0.0,5.9,100.0,,,,
2026-06-09,1.1,5.1,99.5,,,,,,,0.0,3.6,100.0,,,,
2026-06-10,0.0,2.7,95.5,,,,,,,,,,,,,
2026-06-11,,,,0.0,0.0,100.0,,,,0.0,0.8,100.0,,,,
2026-06-12,,,,0.0,0.0,100.0,,,,0.0,0.4,100.0,,,,
2026-06-13,,,,,,,,,,,,,,,,
2026-06-14,1.3,5.7,99.5,0.0,0.0,100.0,,,,,,,,,,
2026-06-15,,,,,,,,,,0.0,0.1,100.0,,,,
2026-06-16,0.5,3.1,99.5,,,,,,,0.0,0.1,100.0,,,,
2026-06-17,0.0,1.8,93.2,,,,,,,0.0,0.0,100.0,,,,
2026-06-18,,,,,,,,,,,,,,,,
2026-06-19,,,,,,,,,,0.0,0.1,100.0,,,,
2026-06-20,,,,,,,,,,0.0,0.0,100.0,,,,
2026-06-21,0.1,2.2,99.5,0.0,0.0,100.0,,,,,,,,,,
2026-06-22,0.0,3.6,95.2,0.0,0.0,86.7,,,,,,,,,,
2026-06-23,,,,,,,,,,,,,,,,
2026-06-24,,,,0.0,0.1,100.0,,,,,,,,,,
2026-06-25,,,,,,,,,,,,,,,,
2026-06-26,0.3,3.5,99.7,,,,,,,,,,,,,
2026-06-27,0.0,8.3,99.7,,,,,,,0.0,0.1,100.0,,,,
2026-06-28,0.0,10.1,100.0,,,,,,,0.0,0.1,100.0,,,,
2026-06-29,,,,,,,,,,,,,,,,
2026-06-30,,,,,,,,,,,,,,,,
2026-07-01,,,,,,,,,,,,,,,,
2026-07-02,,,,,,,,,,,,,,,,
2026-07-03,,,,,,,,,,,,,,,,
2026-07-04,,,,,,,,,,,,,,,,
2026-07-05,,,,,,,,,,0.0,0.9,100.0,,,,
2026-07-06,,,,,,,,,,,,,,,,
2026-07-07,,,,,,,,,,,,,,,,
2026-07-08,,,,,,,,,,,,,,,,
2026-07-09,,,,,,,,,,0.0,4.1,100.0,,,,
2026-07-10,,,,,,,,,,,,,,,,
2026-07-11,,,,,,,,,,,,,,,,
2026-07-12,,,,,,,,,,,,,,,,
2026-07-13,,,,,,,,,,0.0,12.4,100.0,,,,
