date,s1_ice_cover,s1_ice_probability,s1_data_coverage,s2_ice_cover,s2_ice_probability,s2_data_coverage,landsat_ice_cover,landsat_ice_probability,landsat_data_coverage,ecostress_ice_cover,ecostress_ice_probability,ecostress_data_coverage,stage2_ice_cover,stage2_ice_probability,stage2_data_coverage,stage2_phenology_cover
2015-06-27,,,,0.0,0.8,53.5,,,,,,,0.0,16.6,100.0,0.0
2015-06-28,,,,,,,,,,,,,0.0,12.6,100.0,0.0
2015-06-29,,,,,,,,,,,,,0.0,7.4,100.0,0.0
2015-06-30,,,,,,,,,,,,,0.0,6.2,100.0,0.0
2015-07-01,47.7,40.2,99.7,,,,,,,,,,0.0,4.5,100.0,0.0
2015-07-02,40.3,38.2,99.1,,,,,,,,,,0.0,3.9,100.0,0.0
2015-07-03,,,,,,,,,,,,,0.0,2.7,100.0,0.0
2015-07-04,,,,,,,,,,,,,0.0,2.2,100.0,0.0
2015-07-05,,,,,,,,,,,,,0.0,2.0,100.0,0.0
2015-07-06,59.8,45.3,97.9,,,,,,,,,,0.0,1.9,100.0,0.0
2015-07-07,39.8,37.5,99.7,,,,,,,,,,0.0,1.2,100.0,0.0
2015-07-08,,,,,,,,,,,,,0.0,1.0,100.0,0.0
2015-07-09,,,,,,,,,,,,,0.0,0.8,100.0,0.0
2015-07-10,,,,,,,,,,,,,0.0,0.7,100.0,0.0
2015-07-11,,,,,,,,,,,,,0.0,0.6,100.0,0.0
2015-07-12,,,,,,,,,,,,,0.0,0.5,100.0,0.0
2015-07-13,11.4,24.1,99.7,,,,0.6,0.8,87.9,,,,0.0,0.6,100.0,0.0
2015-07-14,5.7,18.9,99.4,,,,,,,,,,0.0,0.6,100.0,0.0
2015-07-15,,,,,,,,,,,,,0.0,0.5,100.0,0.0
2015-07-16,,,,,,,,,,,,,0.0,0.5,100.0,0.0
2015-07-17,,,,,,,,,,,,,0.0,0.6,100.0,0.0
2015-07-18,1.0,8.6,98.0,,,,,,,,,,0.0,0.6,100.0,0.0
2015-07-19,,,,,,,,,,,,,0.0,0.7,100.0,0.0
2015-07-20,,,,,,,,,,,,,0.0,0.8,100.0,0.0
2015-07-21,,,,,,,,,,,,,0.0,1.4,100.0,0.0
2015-07-22,,,,,,,,,,,,,0.0,1.8,100.0,0.0
2015-07-23,,,,,,,,,,,,,0.0,2.3,100.0,0.0
2015-07-24,,,,,,,,,,,,,0.0,2.4,100.0,0.0
2015-07-25,0.6,6.2,99.7,,,,,,,,,,0.0,3.2,100.0,0.0
2015-07-26,0.2,4.7,99.7,,,,,,,,,,0.0,3.3,100.0,0.0
2015-07-27,,,,,,,,,,,,,0.0,3.0,100.0,0.0
2015-07-28,,,,,,,,,,,,,0.0,2.4,100.0,0.0
2015-07-29,,,,,,,,,,,,,0.0,3.2,100.0,0.0
2015-07-30,0.1,4.8,98.1,,,,,,,,,,0.0,2.8,100.0,0.0
2015-07-31,,,,,,,,,,,,,0.0,2.6,100.0,0.0
2015-08-01,,,,,,,,,,,,,0.0,2.1,100.0,0.0
2015-08-02,,,,,,,,,,,,,0.0,2.0,100.0,0.0
2015-08-03,,,,,,,,,,,,,0.0,1.9,100.0,0.0
2015-08-04,,,,,,,,,,,,,0.0,1.6,100.0,0.0
2015-08-05,,,,,,,,,,,,,0.0,1.4,100.0,0.0
2015-08-06,0.7,8.7,99.6,,,,,,,,,,0.0,1.2,100.0,0.0
2015-08-07,0.5,7.0,99.7,,,,,,,,,,0.0,1.2,100.0,0.0
2015-08-08,,,,,,,,,,,,,0.0,1.0,100.0,0.0
2015-08-09,,,,,,,,,,,,,0.0,1.1,100.0,0.0
2015-08-10,,,,,,,,,,,,,0.0,1.0,100.0,0.0
2015-08-11,19.8,16.0,97.8,,,,,,,,,,0.0,1.0,100.0,0.0
2015-08-12,,,,,,,,,,,,,0.0,0.9,100.0,0.0
2015-08-13,,,,,,,,,,,,,0.0,1.1,100.0,0.0
2015-08-14,,,,,,,,,,,,,0.0,1.1,100.0,0.0
2015-08-15,,,,,,,,,,,,,0.0,1.0,100.0,0.0
2015-08-16,,,,,,,,,,,,,0.0,0.6,100.0,0.0
2015-08-17,,,,,,,,,,,,,0.0,0.8,100.0,0.0
2015-08-18,23.1,18.9,99.7,,,,,,,,,,0.0,0.9,100.0,0.0
2015-08-19,24.2,25.4,99.8,,,,,,,,,,0.0,1.0,100.0,0.0
2015-08-20,,,,,,,,,,,,,0.0,1.0,100.0,0.0
2015-08-21,,,,,,,,,,,,,0.0,1.0,100.0,0.0
2015-08-22,,,,,,,,,,,,,0.0,0.9,100.0,0.0
2015-08-23,24.2,24.0,97.9,,,,,,,,,,0.0,0.7,100.0,0.0
2015-08-24,,,,,,,,,,,,,0.0,0.4,100.0,0.0
2015-08-25,,,,,,,,,,,,,0.0,0.4,100.0,0.0
2015-08-26,,,,,,,,,,,,,0.0,0.4,100.0,0.0
2015-08-27,,,,,,,,,,,,,0.0,0.3,100.0,0.0
2015-08-28,,,,,,,,,,,,,0.0,0.3,100.0,0.0
2015-08-29,,,,0.0,0.6,100.0,,,,,,,0.0,0.3,100.0,0.0
2015-08-30,1.2,16.1,52.7,,,,0.1,0.1,99.9,,,,0.0,0.2,100.0,0.0
2015-08-31,2.0,19.2,52.6,,,,,,,,,,0.0,0.2,100.0,0.0
2015-09-01,,,,,,,,,,,,,0.0,0.2,100.0,0.0
2015-09-02,,,,,,,,,,,,,0.0,0.2,100.0,0.0
2015-09-03,,,,,,,,,,,,,0.0,0.3,100.0,0.0
2015-09-04,0.8,14.9,52.3,,,,,,,,,,0.0,0.3,100.0,0.0
2015-09-05,,,,,,,,,,,,,0.0,0.4,100.0,0.0
2015-09-06,,,,,,,,,,,,,0.0,0.5,100.0,0.0
2015-09-07,,,,,,,,,,,,,0.0,0.8,100.0,0.0
2015-09-08,,,,0.0,0.3,83.4,,,,,,,0.0,0.7,100.0,0.0
2015-09-09,,,,,,,,,,,,,0.0,0.7,100.0,0.0
2015-09-10,,,,,,,,,,,,,0.0,0.8,100.0,0.0
2015-09-11,1.2,15.1,52.5,,,,,,,,,,0.0,0.9,100.0,0.0
2015-09-12,1.9,20.1,52.5,,,,,,,,,,0.0,0.9,100.0,0.0
2015-09-13,,,,,,,,,,,,,0.0,0.8,100.0,0.0
2015-09-14,,,,,,,,,,,,,0.0,0.9,100.0,0.0
2015-09-15,,,,,,,,,,,,,0.0,1.4,100.0,0.0
2015-09-16,1.0,16.4,51.2,,,,,,,,,,0.0,1.6,100.0,0.0
2015-09-17,,,,,,,,,,,,,0.0,1.6,100.0,0.0
2015-09-18,,,,0.0,0.2,31.6,,,,,,,0.0,1.7,100.0,0.0
2015-09-19,,,,,,,,,,,,,0.0,1.7,100.0,0.0
2015-09-20,,,,,,,,,,,,,0.0,1.8,100.0,0.0
2015-09-21,,,,,,,,,,,,,0.0,1.7,100.0,0.0
2015-09-22,,,,,,,,,,,,,0.0,1.9,100.0,0.0
2015-09-23,0.5,12.0,52.3,,,,,,,,,,0.0,2.0,100.0,0.0
2015-09-24,0.5,10.2,52.7,,,,,,,,,,0.0,2.1,100.0,0.0
2015-09-25,,,,,,,,,,,,,0.0,1.9,100.0,0.0
2015-09-26,,,,,,,,,,,,,0.0,2.1,100.0,0.0
2015-09-27,,,,,,,,,,,,,0.0,2.1,100.0,0.0
2015-09-28,0.3,11.0,51.8,,,,,,,,,,0.0,2.3,100.0,0.0
2015-09-29,,,,,,,,,,,,,0.0,2.3,100.0,0.0
2015-09-30,,,,,,,,,,,,,0.0,2.5,100.0,0.0
2015-10-01,,,,,,,,,,,,,0.0,2.4,100.0,0.0
2015-10-02,,,,,,,,,,,,,0.0,2.4,100.0,0.0
2015-10-03,,,,,,,,,,,,,0.0,2.1,100.0,0.0
2015-10-04,,,,,,,,,,,,,0.0,2.2,100.0,0.0
2015-10-05,0.2,4.9,52.5,,,,,,,,,,0.0,1.7,100.0,0.0
2015-10-06,0.2,3.4,52.6,,,,,,,,,,0.0,1.8,100.0,0.0
2015-10-07,,,,,,,,,,,,,0.0,1.7,100.0,0.0
2015-10-08,,,,,,,,,,,,,0.0,1.9,100.0,0.0
2015-10-09,,,,,,,,,,,,,0.0,1.8,100.0,0.0
2015-10-10,0.1,4.2,51.6,,,,,,,,,,0.0,1.9,100.0,0.0
2015-10-11,,,,,,,,,,,,,0.0,1.9,100.0,0.0
2015-10-12,,,,,,,,,,,,,0.0,2.1,100.0,0.0
2015-10-13,,,,,,,,,,,,,0.0,2.2,100.0,0.0
2015-10-14,,,,,,,,,,,,,0.0,2.4,100.0,0.0
2015-10-15,,,,,,,,,,,,,0.0,3.0,100.0,0.0
2015-10-16,,,,,,,,,,,,,0.0,2.9,100.0,0.0
2015-10-17,0.5,5.1,52.6,,,,,,,,,,0.0,3.4,100.0,0.0
2015-10-18,0.3,7.5,52.6,,,,,,,,,,0.0,3.0,100.0,0.0
2015-10-19,,,,,,,,,,,,,0.0,3.6,100.0,0.0
2015-10-20,,,,,,,,,,,,,0.0,3.0,100.0,0.0
2015-10-21,,,,,,,,,,,,,0.0,3.7,100.0,0.0
2015-10-22,,,,,,,,,,,,,0.0,3.1,100.0,0.0
2015-10-23,,,,,,,,,,,,,0.0,3.7,100.0,0.0
2015-10-24,,,,,,,,,,,,,0.0,3.0,100.0,0.0
2015-10-25,,,,,,,,,,,,,0.0,3.8,100.0,0.0
2015-10-26,,,,,,,,,,,,,0.0,3.0,100.0,0.0
2015-10-27,,,,,,,,,,,,,0.0,3.7,100.0,0.0
2015-10-28,,,,,,,,,,,,,0.0,3.4,100.0,0.0
2015-10-29,0.6,12.3,52.6,,,,,,,,,,0.0,4.1,100.0,0.0
2015-10-30,1.7,18.5,52.6,,,,,,,,,,0.0,3.4,100.0,0.0
2015-10-31,,,,,,,,,,,,,0.0,3.8,100.0,0.0
2015-11-01,,,,,,,,,,,,,0.0,3.8,100.0,0.0
2015-11-02,,,,,,,,,,,,,0.0,4.6,100.0,0.0
2015-11-03,4.5,24.6,52.3,,,,,,,,,,0.0,3.6,100.0,0.0
2015-11-04,,,,,,,,,,,,,0.0,2.8,100.0,0.0
2015-11-05,,,,,,,,,,,,,0.0,2.9,100.0,0.0
2015-11-06,,,,,,,,,,,,,0.0,3.0,100.0,0.0
2015-11-07,,,,,,,,,,,,,0.0,3.0,100.0,0.0
2015-11-08,,,,,,,,,,,,,0.0,3.3,100.0,0.0
2015-11-09,,,,,,,,,,,,,0.0,3.4,100.0,0.0
2015-11-10,4.0,24.0,52.7,,,,,,,,,,0.0,3.8,100.0,0.0
2015-11-11,44.9,41.1,52.7,,,,,,,,,,0.0,3.3,100.0,0.0
2015-11-12,,,,,,,,,,,,,0.0,3.0,100.0,0.0
2015-11-13,,,,,,,,,,,,,0.0,3.3,100.0,0.0
2015-11-14,,,,,,,,,,,,,0.0,4.2,100.0,0.0
2015-11-15,87.3,57.4,36.0,,,,,,,,,,0.0,4.0,100.0,0.0
2015-11-16,54.7,43.0,52.7,,,,,,,,,,0.0,4.5,100.0,0.0
2015-11-17,,,,0.0,0.1,100.0,,,,,,,0.0,4.1,100.0,0.0
2015-11-18,,,,,,,0.0,0.1,83.8,,,,0.0,4.7,100.0,0.0
2015-11-19,,,,,,,,,,,,,0.0,4.1,100.0,0.0
2015-11-20,,,,,,,,,,,,,0.0,4.7,100.0,0.0
2015-11-21,,,,,,,,,,,,,0.0,4.5,100.0,0.0
2015-11-22,67.6,46.7,52.7,,,,,,,,,,0.0,6.2,100.0,0.0
2015-11-23,56.1,44.4,52.7,,,,,,,,,,0.0,5.9,100.0,0.0
2015-11-24,,,,,,,,,,,,,0.0,6.6,100.0,0.0
2015-11-25,,,,,,,,,,,,,0.0,6.9,100.0,0.0
2015-11-26,,,,,,,,,,,,,0.0,10.0,100.0,0.0
2015-11-27,85.1,56.2,52.2,0.0,2.5,100.0,,,,,,,0.0,10.8,100.0,0.0
2015-11-28,48.3,41.8,52.7,,,,,,,,,,0.0,11.4,100.0,0.0
2015-11-29,,,,,,,,,,,,,0.0,11.9,100.0,0.0
2015-11-30,,,,,,,,,,,,,0.0,14.4,100.0,0.0
2015-12-01,,,,,,,,,,,,,0.1,15.8,100.0,0.1
2015-12-02,,,,,,,,,,,,,0.1,16.6,100.0,0.1
2015-12-03,,,,,,,,,,,,,0.1,18.0,100.0,0.1
2015-12-04,39.4,38.4,52.7,,,,,,,,,,0.2,26.1,100.0,0.2
2015-12-05,3.8,19.6,46.9,,,,,,,,,,1.4,30.6,100.0,1.4
2015-12-06,,,,,,,,,,,,,2.3,30.6,100.0,2.3
2015-12-07,,,,,,,,,,,,,3.0,32.1,100.0,3.0
2015-12-08,,,,,,,,,,,,,12.3,34.6,100.0,12.3
2015-12-09,3.0,20.0,52.2,,,,,,,,,,14.7,35.0,100.0,14.7
2015-12-10,1.3,10.0,52.7,,,,,,,,,,11.1,34.8,100.0,11.1
2015-12-11,,,,,,,,,,,,,14.5,34.1,100.0,14.5
2015-12-12,,,,,,,,,,,,,15.4,34.1,100.0,15.4
2015-12-13,,,,,,,,,,,,,16.9,33.7,100.0,16.9
2015-12-14,,,,,,,,,,,,,18.1,32.7,100.0,18.1
2015-12-15,,,,,,,,,,,,,22.1,34.5,100.0,22.1
2015-12-16,0.2,4.7,52.6,,,,,,,,,,22.3,33.5,100.0,22.3
2015-12-17,0.2,3.6,52.6,6.2,8.5,100.0,,,,,,,21.1,31.9,100.0,21.1
2015-12-18,,,,,,,,,,,,,19.7,30.6,100.0,19.7
2015-12-19,,,,,,,,,,,,,16.9,29.5,100.0,16.9
2015-12-20,,,,,,,0.0,0.4,50.8,,,,16.6,28.0,100.0,16.6
2015-12-21,0.0,2.5,52.2,,,,,,,,,,16.7,27.1,100.0,16.7
2015-12-22,0.1,2.9,52.5,,,,,,,,,,15.9,25.6,100.0,15.9
2015-12-23,,,,,,,,,,,,,15.8,26.2,100.0,15.8
2015-12-24,,,,,,,,,,,,,15.0,26.6,100.0,15.0
2015-12-25,,,,,,,,,,,,,15.4,26.8,100.0,15.4
2015-12-26,,,,,,,,,,,,,14.4,27.6,100.0,14.4
2015-12-27,,,,35.8,30.7,82.7,,,,,,,14.5,28.1,100.0,14.5
2015-12-28,0.6,6.4,52.5,,,,,,,,,,8.7,28.7,100.0,8.7
2015-12-29,2.5,8.8,46.9,,,,,,,,,,9.4,28.4,100.0,9.4
2015-12-30,,,,,,,,,,,,,7.2,28.8,100.0,7.2
2015-12-31,,,,,,,,,,,,,8.7,29.8,100.0,8.7
2016-01-01,,,,,,,,,,,,,0.1,17.8,100.0,0.1
2016-01-02,,,,,,,,,,,,,0.0,14.8,100.0,0.0
2016-01-03,10.3,23.6,99.2,,,,,,,,,,0.0,15.2,100.0,0.0
2016-01-04,,,,,,,,,,,,,0.0,13.2,100.0,0.0
2016-01-05,,,,,,,0.0,5.4,94.1,,,,0.0,13.2,100.0,0.0
2016-01-06,,,,0.1,3.2,85.7,,,,,,,0.0,10.8,100.0,0.0
2016-01-07,,,,,,,,,,,,,0.0,12.7,100.0,0.0
2016-01-08,,,,,,,,,,,,,0.0,11.1,100.0,0.0
2016-01-09,11.6,23.1,99.3,,,,,,,,,,0.0,12.0,100.0,0.0
2016-01-10,97.4,73.5,99.2,,,,,,,,,,0.0,11.1,100.0,0.0
2016-01-11,,,,,,,,,,,,,0.0,12.9,100.0,0.0
2016-01-12,,,,,,,,,,,,,0.0,14.6,100.0,0.0
2016-01-13,,,,,,,,,,,,,0.0,22.6,100.0,0.0
2016-01-14,99.5,85.1,98.4,,,,,,,,,,0.0,25.4,100.0,0.0
2016-01-15,99.6,91.1,98.8,,,,,,,,,,0.0,35.4,100.0,0.0
2016-01-16,,,,1.3,8.8,97.9,,,,,,,0.0,40.3,100.0,0.0
2016-01-17,,,,,,,,,,,,,3.4,53.0,100.0,3.4
2016-01-18,,,,,,,,,,,,,57.5,58.6,100.0,57.5
2016-01-19,,,,,,,,,,,,,84.8,65.3,100.0,84.8
2016-01-20,,,,,,,,,,,,,86.4,69.3,100.0,86.4
2016-01-21,99.7,91.0,99.0,,,,98.2,92.5,100.0,,,,98.4,80.4,100.0,98.4
2016-01-22,99.9,96.1,88.7,,,,,,,,,,95.1,80.8,100.0,95.1
2016-01-23,,,,,,,,,,,,,97.6,81.3,100.0,97.6
2016-01-24,,,,,,,,,,,,,99.5,81.7,100.0,99.5
2016-01-25,,,,,,,,,,,,,99.9,84.5,100.0,99.9
2016-01-26,100.0,97.5,96.8,38.7,37.8,86.8,,,,,,,99.7,85.2,100.0,99.7
2016-01-27,100.0,97.3,98.5,,,,,,,,,,99.7,85.4,100.0,99.7
2016-01-28,,,,,,,,,,,,,99.4,83.3,100.0,99.4
2016-01-29,,,,,,,,,,,,,99.6,84.4,100.0,99.6
2016-01-30,,,,,,,,,,,,,98.9,82.0,100.0,98.9
2016-01-31,,,,,,,,,,,,,99.2,84.0,100.0,99.2
2016-02-01,,,,,,,,,,,,,98.7,82.8,100.0,98.7
2016-02-02,100.0,96.3,99.0,,,,,,,,,,99.0,85.7,100.0,99.0
2016-02-03,100.0,97.5,98.4,,,,,,,,,,98.4,83.5,100.0,98.4
2016-02-04,,,,,,,,,,,,,98.7,84.8,100.0,98.7
2016-02-05,,,,96.5,81.3,86.8,,,,,,,98.4,83.3,100.0,98.4
2016-02-06,,,,,,,86.3,70.3,92.1,,,,98.9,85.7,100.0,98.9
2016-02-07,100.0,98.5,97.7,,,,,,,,,,98.6,84.6,100.0,98.6
2016-02-08,100.0,98.1,99.3,,,,,,,,,,98.9,85.4,100.0,98.9
2016-02-09,,,,,,,,,,,,,99.0,85.5,100.0,99.0
2016-02-10,,,,,,,,,,,,,99.1,87.9,100.0,99.1
2016-02-11,,,,,,,,,,,,,99.3,90.1,100.0,99.3
2016-02-12,,,,,,,,,,,,,99.3,90.9,100.0,99.3
2016-02-13,,,,,,,,,,,,,99.5,92.3,100.0,99.5
2016-02-14,100.0,98.0,99.2,,,,,,,,,,99.6,93.9,100.0,99.6
2016-02-15,100.0,99.1,98.7,100.0,99.4,86.8,,,,,,,99.5,94.8,100.0,99.5
2016-02-16,,,,,,,,,,,,,99.6,94.0,100.0,99.6
2016-02-17,,,,,,,,,,,,,99.6,94.0,100.0,99.6
2016-02-18,,,,,,,,,,,,,99.7,94.7,100.0,99.7
2016-02-19,100.0,99.6,95.7,,,,,,,,,,99.6,95.4,100.0,99.6
2016-02-20,100.0,99.6,99.6,,,,,,,,,,99.6,95.2,100.0,99.6
2016-02-21,,,,,,,,,,,,,99.3,94.5,100.0,99.3
2016-02-22,,,,,,,24.6,30.4,100.0,,,,99.3,94.9,100.0,99.3
2016-02-23,,,,,,,,,,,,,99.1,94.2,100.0,99.1
2016-02-24,,,,,,,,,,,,,99.3,94.6,100.0,99.3
2016-02-25,,,,,,,,,,,,,99.0,94.2,100.0,99.0
2016-02-26,100.0,99.5,98.9,,,,,,,,,,99.4,95.3,100.0,99.4
2016-02-27,100.0,99.7,98.4,,,,,,,,,,99.2,95.5,100.0,99.2
2016-02-28,,,,,,,,,,,,,99.3,94.5,100.0,99.3
2016-02-29,,,,,,,,,,,,,99.1,94.6,100.0,99.1
2016-03-01,,,,,,,,,,,,,99.3,94.9,100.0,99.3
2016-03-02,100.0,99.9,96.7,,,,,,,,,,99.3,95.6,100.0,99.3
2016-03-03,100.0,99.9,98.9,,,,,,,,,,99.7,95.9,100.0,99.7
2016-03-04,,,,,,,,,,,,,99.7,95.3,100.0,99.7
2016-03-05,,,,,,,,,,,,,99.9,96.3,100.0,99.9
2016-03-06,,,,100.0,99.8,86.8,,,,,,,100.0,97.3,100.0,100.0
2016-03-07,,,,,,,,,,,,,100.0,97.8,100.0,100.0
2016-03-08,,,,,,,,,,,,,100.0,98.1,100.0,100.0
2016-03-09,100.0,99.9,98.4,,,,100.0,100.0,100.0,,,,100.0,99.2,100.0,100.0
2016-03-10,100.0,99.9,88.8,,,,,,,,,,100.0,99.0,100.0,100.0
2016-03-11,,,,,,,,,,,,,100.0,99.1,100.0,100.0
2016-03-12,,,,,,,,,,,,,100.0,98.8,100.0,100.0
2016-03-13,,,,,,,,,,,,,100.0,98.9,100.0,100.0
2016-03-14,100.0,99.9,95.8,,,,,,,,,,100.0,98.8,100.0,100.0
2016-03-15,100.0,99.9,98.7,,,,,,,,,,100.0,98.8,100.0,100.0
2016-03-16,,,,,,,,,,,,,100.0,98.4,100.0,100.0
2016-03-17,,,,,,,,,,,,,100.0,98.2,100.0,100.0
2016-03-18,,,,,,,,,,,,,99.9,97.7,100.0,99.9
2016-03-19,,,,,,,,,,,,,99.9,97.5,100.0,99.9
2016-03-20,,,,,,,,,,,,,99.9,97.5,100.0,99.9
2016-03-21,100.0,99.8,98.7,,,,,,,,,,99.9,97.9,100.0,99.9
2016-03-22,100.0,99.8,99.3,,,,,,,,,,99.9,98.1,100.0,99.9
2016-03-23,,,,,,,,,,,,,99.9,97.4,100.0,99.9
2016-03-24,,,,,,,,,,,,,99.9,97.3,100.0,99.9
2016-03-25,,,,,,,100.0,100.0,60.6,,,,99.9,96.8,100.0,99.9
2016-03-26,100.0,99.7,96.6,100.0,98.6,86.8,,,,,,,99.9,97.3,100.0,99.9
2016-03-27,100.0,99.2,99.5,,,,,,,,,,99.9,96.5,100.0,99.9
2016-03-28,,,,,,,,,,,,,100.0,95.8,100.0,100.0
2016-03-29,,,,,,,,,,,,,99.6,95.2,100.0,99.6
2016-03-30,,,,,,,,,,,,,99.4,94.9,100.0,99.4
2016-03-31,,,,,,,,,,,,,94.6,93.4,100.0,94.6
2016-04-01,,,,,,,,,,,,,93.9,92.7,100.0,93.9
2016-04-02,100.0,98.4,99.6,,,,,,,,,,93.9,92.8,100.0,93.9
2016-04-03,100.0,98.3,88.5,,,,,,,,,,93.7,91.8,100.0,93.7
2016-04-04,,,,,,,,,,,,,93.2,88.9,100.0,93.2
2016-04-05,,,,,,,,,,,,,93.2,87.7,100.0,93.2
2016-04-06,,,,,,,,,,,,,93.1,86.6,100.0,93.1
2016-04-07,100.0,98.2,98.8,,,,,,,,,,93.0,86.3,100.0,93.0
2016-04-08,100.0,96.2,99.6,,,,,,,,,,91.8,83.2,100.0,91.8
2016-04-09,,,,,,,,,,,,,89.1,79.9,100.0,89.1
2016-04-10,,,,,,,100.0,92.0,59.7,,,,85.5,77.8,100.0,85.5
2016-04-11,,,,,,,,,,,,,70.6,68.9,100.0,70.6
2016-04-12,,,,,,,,,,,,,64.8,62.9,100.0,64.8
2016-04-13,,,,,,,,,,,,,61.2,59.9,100.0,61.2
2016-04-14,100.0,94.6,99.5,,,,,,,,,,62.7,60.7,100.0,62.7
2016-04-15,100.0,95.7,99.5,,,,,,,,,,53.2,54.4,100.0,53.2
2016-04-16,,,,,,,,,,,,,41.9,46.7,100.0,41.9
2016-04-17,,,,,,,,,,,,,36.4,42.2,100.0,36.4
2016-04-18,,,,,,,0.0,0.3,35.0,,,,35.9,40.2,100.0,35.9
2016-04-19,100.0,96.5,98.1,,,,,,,,,,28.3,35.1,100.0,28.3
2016-04-20,99.9,95.6,99.6,,,,,,,,,,23.2,30.8,100.0,23.2
2016-04-21,,,,,,,,,,,,,7.3,24.4,100.0,7.3
2016-04-22,,,,,,,,,,,,,9.6,25.6,100.0,9.6
2016-04-23,,,,,,,,,,,,,5.5,22.7,100.0,5.5
2016-04-24,,,,,,,,,,,,,9.3,24.9,100.0,9.3
2016-04-25,,,,1.1,9.2,86.8,,,,,,,4.9,22.0,100.0,4.9
2016-04-26,100.0,95.8,99.2,,,,,,,,,,10.7,27.0,100.0,10.7
2016-04-27,100.0,98.4,88.6,,,,,,,,,,5.1,23.8,100.0,5.1
2016-04-28,,,,,,,,,,,,,9.5,27.3,100.0,9.5
2016-04-29,,,,,,,,,,,,,4.6,21.5,100.0,4.6
2016-04-30,,,,,,,,,,,,,7.0,27.9,100.0,7.0
2016-05-01,100.0,98.8,98.7,,,,,,,,,,4.2,22.4,100.0,4.2
2016-05-02,100.0,98.1,99.6,,,,,,,,,,8.9,28.3,100.0,8.9
2016-05-03,,,,,,,,,,,,,4.5,21.0,100.0,4.5
2016-05-04,,,,,,,,,,,,,13.1,28.1,100.0,13.1
2016-05-05,,,,,,,,,,,,,11.2,23.4,100.0,11.2
2016-05-06,,,,,,,,,,,,,13.2,27.5,100.0,13.2
2016-05-07,,,,,,,,,,,,,13.0,22.1,100.0,13.0
2016-05-08,100.0,96.0,99.4,,,,,,,,,,13.2,27.8,100.0,13.2
2016-05-09,100.0,95.8,99.5,,,,,,,,,,13.2,20.8,100.0,13.2
2016-05-10,,,,,,,,,,,,,13.2,19.1,100.0,13.2
2016-05-11,,,,,,,,,,,,,13.1,15.4,100.0,13.1
2016-05-12,,,,,,,,,,,,,13.2,19.0,100.0,13.2
2016-05-13,100.0,94.8,97.7,,,,,,,,,,13.1,18.5,100.0,13.1
2016-05-14,99.6,90.4,99.6,,,,,,,,,,13.1,18.7,100.0,13.1
2016-05-15,,,,0.0,0.1,86.8,,,,,,,11.5,16.2,100.0,11.5
2016-05-16,,,,,,,,,,,,,12.3,19.0,100.0,12.3
2016-05-17,,,,,,,,,,,,,8.3,16.9,100.0,8.3
2016-05-18,,,,,,,,,,,,,7.0,15.5,100.0,7.0
2016-05-19,,,,,,,,,,,,,2.0,13.9,100.0,2.0
2016-05-20,91.9,66.8,99.4,,,,,,,,,,3.9,16.3,100.0,3.9
2016-05-21,88.1,61.5,99.1,,,,,,,,,,0.2,12.6,100.0,0.2
2016-05-22,,,,,,,,,,,,,0.0,11.7,100.0,0.0
2016-05-23,,,,,,,,,,,,,0.0,13.5,100.0,0.0
2016-05-24,,,,,,,,,,,,,0.0,15.0,100.0,0.0
2016-05-25,73.0,51.8,97.8,,,,,,,,,,0.0,13.7,100.0,0.0
2016-05-26,74.0,52.2,99.6,,,,,,,,,,0.0,12.3,100.0,0.0
2016-05-27,,,,,,,,,,,,,0.0,11.9,100.0,0.0
2016-05-28,,,,,,,,,,,,,0.0,11.5,100.0,0.0
2016-05-29,,,,,,,,,,,,,0.0,10.3,100.0,0.0
2016-05-30,,,,,,,,,,,,,0.0,9.9,100.0,0.0
2016-05-31,,,,,,,,,,,,,0.0,13.9,100.0,0.0
2016-06-01,2.1,12.9,99.3,,,,,,,,,,0.0,14.2,100.0,0.0
2016-06-02,0.3,7.6,99.5,,,,,,,,,,0.0,14.0,100.0,0.0
2016-06-03,,,,,,,,,,,,,0.0,12.7,100.0,0.0
2016-06-04,,,,,,,,,,,,,0.0,13.7,100.0,0.0
2016-06-05,,,,,,,,,,,,,0.0,12.8,100.0,0.0
2016-06-06,0.0,4.8,97.4,,,,,,,,,,0.0,12.9,100.0,0.0
2016-06-07,0.2,5.2,99.5,,,,,,,,,,0.0,12.2,100.0,0.0
2016-06-08,,,,,,,,,,,,,0.0,13.4,100.0,0.0
2016-06-09,,,,,,,,,,,,,0.0,14.2,100.0,0.0
2016-06-10,,,,,,,,,,,,,0.0,11.5,100.0,0.0
2016-06-11,,,,,,,,,,,,,0.0,10.6,100.0,0.0
2016-06-12,,,,,,,,,,,,,0.0,9.9,100.0,0.0
2016-06-13,0.1,3.6,99.3,,,,,,,,,,0.0,9.6,100.0,0.0
2016-06-14,0.1,3.3,99.1,,,,,,,,,,0.0,9.5,100.0,0.0
2016-06-15,,,,,,,,,,,,,0.0,6.9,100.0,0.0
2016-06-16,,,,,,,,,,,,,0.0,6.0,100.0,0.0
2016-06-17,,,,,,,,,,,,,0.0,6.0,100.0,0.0
2016-06-18,,,,,,,,,,,,,0.0,5.6,100.0,0.0
2016-06-19,,,,,,,,,,,,,0.0,4.6,100.0,0.0
2016-06-20,,,,,,,,,,,,,0.0,3.6,100.0,0.0
2016-06-21,,,,,,,,,,,,,0.0,3.3,100.0,0.0
2016-06-22,,,,,,,,,,,,,0.0,2.9,100.0,0.0
2016-06-23,,,,,,,,,,,,,0.0,2.0,100.0,0.0
2016-06-24,,,,0.0,0.1,86.8,,,,,,,0.0,1.5,100.0,0.0
2016-06-25,,,,,,,,,,,,,0.0,1.5,100.0,0.0
2016-06-26,,,,,,,,,,,,,0.0,1.4,100.0,0.0
2016-06-27,,,,,,,,,,,,,0.0,1.1,100.0,0.0
2016-06-28,,,,,,,,,,,,,0.0,0.9,100.0,0.0
2016-06-29,,,,,,,0.0,0.3,88.5,,,,0.0,0.9,100.0,0.0
2016-06-30,0.0,3.0,97.6,,,,,,,,,,0.0,0.8,100.0,0.0
2016-07-01,0.5,3.3,99.6,,,,,,,,,,0.0,0.6,100.0,0.0
2016-07-02,,,,,,,,,,,,,0.0,0.7,100.0,0.0
2016-07-03,,,,,,,,,,,,,0.0,0.9,100.0,0.0
2016-07-04,,,,,,,,,,,,,0.0,0.9,100.0,0.0
2016-07-05,,,,,,,,,,,,,0.0,1.0,100.0,0.0
2016-07-06,,,,,,,,,,,,,0.0,1.1,100.0,0.0
2016-07-07,1.1,7.3,99.3,,,,,,,,,,0.0,1.6,100.0,0.0
2016-07-08,1.8,9.6,99.2,,,,,,,,,,0.0,1.6,100.0,0.0
2016-07-09,,,,,,,,,,,,,0.0,1.2,100.0,0.0
2016-07-10,,,,,,,,,,,,,0.0,1.2,100.0,0.0
2016-07-11,,,,,,,,,,,,,0.0,1.5,100.0,0.0
2016-07-12,,,,,,,,,,,,,0.0,1.5,100.0,0.0
2016-07-13,4.9,15.5,72.9,,,,,,,,,,0.0,1.6,100.0,0.0
2016-07-14,,,,0.0,0.1,68.8,,,,,,,0.0,1.6,100.0,0.0
2016-07-15,,,,,,,0.0,0.2,78.5,,,,0.0,1.9,100.0,0.0
2016-07-16,,,,,,,,,,,,,0.0,1.8,100.0,0.0
2016-07-17,,,,,,,,,,,,,0.0,1.7,100.0,0.0
2016-07-18,,,,,,,,,,,,,0.0,1.3,100.0,0.0
2016-07-19,22.3,29.5,94.0,,,,,,,,,,0.0,1.4,100.0,0.0
2016-07-20,80.3,57.0,93.9,,,,,,,,,,0.0,1.3,100.0,0.0
2016-07-21,,,,,,,,,,,,,0.0,1.6,100.0,0.0
2016-07-22,,,,,,,,,,,,,0.0,1.8,100.0,0.0
2016-07-23,,,,,,,0.0,0.0,35.3,,,,0.0,2.5,100.0,0.0
2016-07-24,80.6,60.7,93.0,0.0,0.1,86.6,,,,,,,0.0,2.2,100.0,0.0
2016-07-25,75.6,56.5,93.9,,,,,,,,,,0.0,2.4,100.0,0.0
2016-07-26,,,,,,,,,,,,,0.0,2.2,100.0,0.0
2016-07-27,,,,,,,,,,,,,0.0,2.9,100.0,0.0
2016-07-28,,,,,,,,,,,,,0.0,2.1,100.0,0.0
2016-07-29,,,,,,,,,,,,,0.0,2.1,100.0,0.0
2016-07-30,,,,,,,,,,,,,0.0,1.6,100.0,0.0
2016-07-31,,,,,,,,,,,,,0.0,2.6,100.0,0.0
2016-08-01,84.2,64.7,93.4,,,,,,,,,,0.0,2.0,100.0,0.0
2016-08-02,,,,,,,,,,,,,0.0,2.2,100.0,0.0
2016-08-03,,,,0.0,0.1,86.8,,,,,,,0.0,1.4,100.0,0.0
2016-08-04,,,,,,,,,,,,,0.0,1.7,100.0,0.0
2016-08-05,82.0,63.3,91.7,,,,,,,,,,0.0,1.4,100.0,0.0
2016-08-06,60.7,48.4,92.3,,,,,,,,,,0.0,1.5,100.0,0.0
2016-08-07,,,,,,,,,,,,,0.0,1.1,100.0,0.0
2016-08-08,,,,,,,,,,,,,0.0,1.3,100.0,0.0
2016-08-09,,,,,,,,,,,,,0.0,1.4,100.0,0.0
2016-08-10,,,,,,,,,,,,,0.0,1.4,100.0,0.0
2016-08-11,,,,,,,,,,,,,0.0,1.4,100.0,0.0
2016-08-12,40.2,37.8,92.6,,,,,,,,,,0.0,1.2,100.0,0.0
2016-08-13,43.6,39.3,92.1,0.0,0.1,86.8,,,,,,,0.0,1.3,100.0,0.0
2016-08-14,,,,,,,,,,,,,0.0,1.0,100.0,0.0
2016-08-15,,,,,,,,,,,,,0.0,1.2,100.0,0.0
2016-08-16,,,,,,,,,,,,,0.0,1.1,100.0,0.0
2016-08-17,42.5,38.9,90.5,,,,,,,,,,0.0,1.5,100.0,0.0
2016-08-18,6.5,20.7,92.1,,,,,,,,,,0.0,0.8,100.0,0.0
2016-08-19,,,,,,,,,,,,,0.0,0.9,100.0,0.0
2016-08-20,,,,,,,,,,,,,0.0,0.9,100.0,0.0
2016-08-21,,,,,,,,,,,,,0.0,1.1,100.0,0.0
2016-08-22,,,,,,,,,,,,,0.0,0.7,100.0,0.0
2016-08-23,,,,0.0,0.3,100.0,,,,,,,0.0,0.6,100.0,0.0
2016-08-24,0.9,6.7,92.2,,,,,,,,,,0.0,0.5,100.0,0.0
2016-08-25,0.7,4.7,90.7,,,,,,,,,,0.0,0.5,100.0,0.0
2016-08-26,,,,,,,,,,,,,0.0,0.2,100.0,0.0
2016-08-27,,,,,,,,,,,,,0.0,0.2,100.0,0.0
2016-08-28,,,,,,,,,,,,,0.0,0.2,100.0,0.0
2016-08-29,0.7,4.6,93.1,,,,,,,,,,0.0,0.1,100.0,0.0
2016-08-30,0.5,2.9,93.9,,,,,,,,,,0.0,0.1,100.0,0.0
2016-08-31,,,,,,,,,,,,,0.0,0.1,100.0,0.0
2016-09-01,,,,,,,0.0,0.0,99.0,,,,0.0,0.1,100.0,0.0
2016-09-02,,,,0.0,0.1,86.8,,,,,,,0.0,0.1,100.0,0.0
2016-09-03,,,,,,,,,,,,,0.0,0.1,100.0,0.0
2016-09-04,,,,,,,,,,,,,0.0,0.1,100.0,0.0
2016-09-05,0.1,2.2,94.3,,,,,,,,,,0.0,0.1,100.0,0.0
2016-09-06,0.2,1.2,94.4,,,,,,,,,,0.0,0.1,100.0,0.0
2016-09-07,,,,,,,,,,,,,0.0,0.1,100.0,0.0
2016-09-08,,,,,,,,,,,,,0.0,0.1,100.0,0.0
2016-09-09,,,,,,,,,,,,,0.0,0.3,100.0,0.0
2016-09-10,0.1,1.4,93.5,,,,,,,,,,0.0,0.4,100.0,0.0
2016-09-11,0.2,1.0,94.4,,,,,,,,,,0.0,0.5,100.0,0.0
2016-09-12,,,,,,,,,,,,,0.0,0.5,100.0,0.0
2016-09-13,,,,,,,,,,,,,0.0,0.7,100.0,0.0
2016-09-14,,,,,,,,,,,,,0.0,0.8,100.0,0.0
2016-09-15,,,,,,,,,,,,,0.0,1.0,100.0,0.0
2016-09-16,,,,,,,,,,,,,0.0,0.9,100.0,0.0
2016-09-17,0.0,0.8,94.3,,,,,,,,,,0.0,1.6,100.0,0.0
2016-09-18,0.1,0.5,94.3,,,,,,,,,,0.0,1.7,100.0,0.0
2016-09-19,,,,,,,,,,,,,0.0,1.4,100.0,0.0
2016-09-20,,,,,,,,,,,,,0.0,1.3,100.0,0.0
2016-09-21,,,,,,,,,,,,,0.0,1.4,100.0,0.0
2016-09-22,0.0,0.6,93.1,0.0,0.1,86.4,,,,,,,0.0,1.2,100.0,0.0
2016-09-23,0.1,1.0,94.3,,,,,,,,,,0.0,1.0,100.0,0.0
2016-09-24,,,,,,,,,,,,,0.0,0.9,100.0,0.0
2016-09-25,,,,,,,,,,,,,0.0,0.8,100.0,0.0
2016-09-26,,,,,,,,,,,,,0.0,0.7,100.0,0.0
2016-09-27,,,,,,,,,,,,,0.0,0.5,100.0,0.0
2016-09-28,0.0,1.0,93.5,,,,,,,,,,0.0,0.4,100.0,0.0
2016-09-29,0.0,1.3,94.3,,,,,,,,,,0.0,0.3,100.0,0.0
2016-09-30,0.0,2.6,94.3,,,,,,,,,,0.0,0.3,100.0,0.0
2016-10-01,,,,,,,,,,,,,0.0,0.3,100.0,0.0
2016-10-02,,,,,,,,,,,,,0.0,0.3,100.0,0.0
2016-10-03,,,,,,,0.0,0.0,100.0,,,,0.0,0.4,100.0,0.0
2016-10-04,0.4,3.6,93.6,,,,,,,,,,0.0,0.3,100.0,0.0
2016-10-05,0.2,4.5,94.4,,,,,,,,,,0.0,0.4,100.0,0.0
2016-10-06,0.1,5.7,94.3,,,,,,,,,,0.0,0.4,100.0,0.0
2016-10-07,,,,,,,,,,,,,0.0,0.6,100.0,0.0
2016-10-08,,,,,,,,,,,,,0.0,0.6,100.0,0.0
2016-10-09,,,,,,,,,,,,,0.0,0.7,100.0,0.0
2016-10-10,0.1,5.0,93.9,,,,,,,,,,0.0,0.9,100.0,0.0
2016-10-11,0.0,3.8,94.4,,,,,,,,,,0.0,1.8,100.0,0.0
2016-10-12,0.2,3.3,94.4,,,,,,,,,,0.0,1.9,100.0,0.0
2016-10-13,,,,,,,,,,,,,0.0,2.2,100.0,0.0
2016-10-14,,,,,,,,,,,,,0.0,2.5,100.0,0.0
2016-10-15,,,,,,,,,,,,,0.0,3.4,100.0,0.0
2016-10-16,0.0,1.9,93.2,,,,,,,,,,0.0,3.6,100.0,0.0
2016-10-17,0.0,1.3,94.3,,,,,,,,,,0.0,4.3,100.0,0.0
2016-10-18,0.0,2.3,94.3,,,,,,,,,,0.0,3.7,100.0,0.0
2016-10-19,,,,,,,,,,,,,0.0,6.6,100.0,0.0
2016-10-20,,,,,,,,,,,,,0.0,6.3,100.0,0.0
2016-10-21,,,,,,,,,,,,,0.0,5.2,100.0,0.0
2016-10-22,0.0,1.9,94.1,,,,,,,,,,0.0,4.9,100.0,0.0
2016-10-23,0.1,3.4,94.4,,,,,,,,,,0.0,5.4,100.0,0.0
2016-10-24,0.0,1.8,94.4,,,,,,,,,,0.0,4.2,100.0,0.0
2016-10-25,,,,,,,,,,,,,0.0,3.9,100.0,0.0
2016-10-26,,,,,,,,,,,,,0.0,3.1,100.0,0.0
2016-10-27,,,,,,,,,,,,,0.0,3.0,100.0,0.0
2016-10-28,0.0,1.0,93.1,,,,,,,,,,0.0,2.4,100.0,0.0
2016-10-29,0.0,0.6,94.4,,,,,,,,,,0.0,2.4,100.0,0.0
2016-10-30,0.0,0.8,94.3,,,,,,,,,,0.0,2.4,100.0,0.0
2016-10-31,,,,,,,,,,,,,0.0,2.6,100.0,0.0
2016-11-01,,,,0.0,0.1,86.8,,,,,,,0.0,2.2,100.0,0.0
2016-11-02,,,,,,,,,,,,,0.0,2.6,100.0,0.0
2016-11-03,0.0,1.2,94.0,,,,,,,,,,0.0,2.9,100.0,0.0
2016-11-04,0.2,2.6,94.4,,,,0.0,0.1,59.7,,,,0.0,3.7,100.0,0.0
2016-11-05,0.4,3.7,94.2,,,,,,,,,,0.0,3.7,100.0,0.0
2016-11-06,,,,,,,,,,,,,0.0,5.1,100.0,0.0
2016-11-07,,,,,,,,,,,,,0.0,5.7,100.0,0.0
2016-11-08,,,,,,,,,,,,,0.0,7.7,100.0,0.0
2016-11-09,0.5,8.0,93.4,,,,,,,,,,0.0,8.7,100.0,0.0
2016-11-10,1.7,15.0,94.4,,,,,,,,,,0.1,12.2,100.0,0.1
2016-11-11,2.0,16.9,94.3,,,,,,,,,,0.1,14.0,100.0,0.1
2016-11-12,,,,,,,,,,,,,0.3,17.4,100.0,0.3
2016-11-13,,,,,,,,,,,,,0.3,15.6,100.0,0.3
2016-11-14,,,,,,,,,,,,,0.4,19.7,100.0,0.4
2016-11-15,,,,,,,,,,,,,0.4,17.9,100.0,0.4
2016-11-16,26.8,33.7,94.3,,,,,,,,,,0.5,23.6,100.0,0.5
2016-11-17,8.3,21.9,94.4,,,,,,,,,,0.4,17.1,100.0,0.4
2016-11-18,,,,,,,,,,,,,0.5,22.2,100.0,0.5
2016-11-19,,,,,,,,,,,,,0.4,18.7,100.0,0.4
2016-11-20,,,,,,,,,,,,,0.8,31.5,100.0,0.8
2016-11-21,0.4,9.0,93.1,,,,,,,,,,0.2,20.8,100.0,0.2
2016-11-22,0.0,3.0,94.4,,,,,,,,,,0.7,24.7,100.0,0.7
2016-11-23,0.0,2.2,94.4,,,,,,,,,,0.0,15.4,100.0,0.0
2016-11-24,,,,,,,,,,,,,0.5,22.1,100.0,0.5
2016-11-25,,,,,,,,,,,,,0.0,13.2,100.0,0.0
2016-11-26,,,,,,,,,,,,,0.7,17.9,100.0,0.7
2016-11-27,0.0,1.8,93.3,,,,,,,,,,0.0,13.0,100.0,0.0
2016-11-28,0.0,2.9,94.4,,,,,,,,,,1.2,21.3,100.0,1.2
2016-11-29,0.2,5.3,94.3,,,,,,,,,,0.3,16.5,100.0,0.3
2016-11-30,,,,,,,,,,,,,1.6,19.2,100.0,1.6
2016-12-01,,,,0.1,2.1,86.7,,,,,,,0.3,12.6,100.0,0.3
2016-12-02,,,,,,,,,,,,,0.7,14.2,100.0,0.7
2016-12-03,1.2,8.5,92.7,,,,,,,,,,0.1,10.2,100.0,0.1
2016-12-04,0.9,5.6,94.2,,,,,,,,,,0.8,11.9,100.0,0.8
2016-12-05,0.2,3.0,94.3,,,,,,,,,,0.2,9.7,100.0,0.2
2016-12-06,,,,,,,0.0,1.4,100.0,,,,1.2,13.6,100.0,1.2
2016-12-07,,,,,,,,,,,,,0.2,10.2,100.0,0.2
2016-12-08,,,,,,,,,,,,,1.0,12.3,100.0,1.0
2016-12-09,0.0,1.8,92.7,,,,,,,,,,0.1,9.7,100.0,0.1
2016-12-10,0.0,1.0,94.4,,,,,,,,,,1.1,14.2,100.0,1.1
2016-12-11,0.0,0.9,94.4,2.2,7.7,86.8,,,,,,,0.0,10.8,100.0,0.0
2016-12-12,,,,,,,,,,,,,0.5,15.2,100.0,0.5
2016-12-13,,,,,,,,,,,,,0.1,14.2,100.0,0.1
2016-12-14,,,,,,,,,,,,,1.1,25.8,100.0,1.1
2016-12-15,0.0,1.0,92.5,,,,,,,,,,0.2,22.4,100.0,0.2
2016-12-16,0.1,3.6,94.3,,,,,,,,,,2.0,31.8,100.0,2.0
2016-12-17,1.1,15.8,94.4,,,,,,,,,,0.7,30.2,100.0,0.7
2016-12-18,,,,,,,,,,,,,5.7,42.3,100.0,5.7
2016-12-19,,,,,,,,,,,,,3.0,42.4,100.0,3.0
2016-12-20,,,,,,,,,,,,,15.1,52.5,100.0,15.1
2016-12-21,11.1,27.8,92.7,,,,,,,,,,39.7,55.6,100.0,39.7
2016-12-22,57.2,45.8,94.4,,,,1.9,5.9,100.0,,,,82.9,65.1,100.0,82.9
2016-12-23,87.6,74.6,94.4,,,,,,,,,,82.3,66.9,100.0,82.3
2016-12-24,,,,,,,,,,,,,85.9,71.2,100.0,85.9
2016-12-25,,,,,,,,,,,,,88.6,75.1,100.0,88.6
2016-12-26,,,,,,,,,,,,,92.5,79.2,100.0,92.5
2016-12-27,88.1,78.6,92.1,,,,,,,,,,94.2,82.8,100.0,94.2
2016-12-28,99.5,92.8,81.0,,,,,,,,,,95.1,83.5,100.0,95.1
2016-12-29,99.6,95.6,81.0,,,,,,,,,,95.2,85.0,100.0,95.2
2016-12-30,,,,,,,,,,,,,96.0,85.5,100.0,96.0
2016-12-31,,,,85.5,81.5,100.0,,,,,,,96.7,87.8,100.0,96.7
2017-01-01,,,,,,,,,,,,,67.1,69.6,100.0,67.1
2017-01-02,99.8,94.3,61.4,,,,,,,,,,68.2,72.1,100.0,68.2
2017-01-03,99.1,93.5,61.7,,,,,,,,,,68.3,72.3,100.0,68.3
2017-01-04,98.8,92.5,61.6,,,,,,,,,,68.7,73.5,100.0,68.7
2017-01-05,,,,,,,,,,,,,67.8,71.0,100.0,67.8
2017-01-06,,,,,,,,,,,,,68.7,72.1,100.0,68.7
2017-01-07,,,,,,,10.6,23.7,100.0,,,,75.4,75.6,100.0,75.4
2017-01-08,99.2,92.6,61.2,,,,,,,,,,74.5,75.3,100.0,74.5
2017-01-09,94.3,83.9,61.6,,,,,,,,,,72.1,74.2,100.0,72.1
2017-01-10,91.9,77.7,61.5,,,,,,,,,,74.2,74.3,100.0,74.2
2017-01-11,,,,,,,,,,,,,73.9,74.2,100.0,73.9
2017-01-12,,,,,,,,,,,,,74.8,74.3,100.0,74.8
2017-01-13,,,,,,,,,,,,,74.2,74.0,100.0,74.2
2017-01-14,92.5,73.3,61.3,,,,,,,,,,75.5,75.7,100.0,75.5
2017-01-15,97.3,75.6,61.6,,,,,,,,,,80.1,79.7,100.0,80.1
2017-01-16,99.1,84.4,61.7,,,,,,,,,,81.2,81.9,100.0,81.2
2017-01-17,,,,,,,,,,,,,96.6,85.7,100.0,96.6
2017-01-18,,,,,,,,,,,,,98.0,86.6,100.0,98.0
2017-01-19,,,,,,,,,,,,,100.0,89.6,100.0,100.0
2017-01-20,99.7,92.1,61.3,,,,,,,,,,100.0,90.7,100.0,100.0
2017-01-21,99.8,97.3,61.7,,,,,,,,,,100.0,92.3,100.0,100.0
2017-01-22,100.0,99.2,61.7,,,,,,,,,,100.0,92.7,100.0,100.0
2017-01-23,,,,,,,100.0,99.1,100.0,,,,100.0,95.3,100.0,100.0
2017-01-24,,,,,,,,,,,,,100.0,94.9,100.0,100.0
2017-01-25,,,,,,,,,,,,,100.0,95.7,100.0,100.0
2017-01-26,100.0,99.6,61.4,,,,,,,,,,100.0,95.8,100.0,100.0
2017-01-27,100.0,99.8,61.7,,,,,,,,,,100.0,96.1,100.0,100.0
2017-01-28,100.0,99.9,61.6,,,,,,,,,,100.0,96.1,100.0,100.0
2017-01-29,,,,,,,,,,,,,100.0,96.0,100.0,100.0
2017-01-30,,,,100.0,99.9,54.8,,,,,,,100.0,96.4,100.0,100.0
2017-01-31,,,,,,,,,,,,,100.0,96.2,100.0,100.0
2017-02-01,100.0,100.0,61.5,,,,,,,,,,100.0,96.4,100.0,100.0
2017-02-02,100.0,100.0,61.7,,,,,,,,,,100.0,96.0,100.0,100.0
2017-02-03,100.0,100.0,61.7,,,,,,,,,,100.0,96.4,100.0,100.0
2017-02-04,,,,,,,,,,,,,100.0,96.0,100.0,100.0
2017-02-05,,,,,,,,,,,,,100.0,97.0,100.0,100.0
2017-02-06,,,,,,,,,,,,,100.0,97.0,100.0,100.0
2017-02-07,100.0,100.0,61.4,,,,,,,,,,100.0,97.5,100.0,100.0
2017-02-08,100.0,100.0,61.7,,,,,,,,,,100.0,97.0,100.0,100.0
2017-02-09,100.0,100.0,61.6,,,,,,,,,,100.0,97.5,100.0,100.0
2017-02-10,,,,,,,,,,,,,100.0,97.5,100.0,100.0
2017-02-11,,,,,,,,,,,,,100.0,97.8,100.0,100.0
2017-02-12,,,,,,,,,,,,,100.0,97.7,100.0,100.0
2017-02-13,100.0,100.0,61.0,,,,,,,,,,100.0,98.3,100.0,100.0
2017-02-14,100.0,100.0,61.7,,,,,,,,,,100.0,98.4,100.0,100.0
2017-02-15,100.0,100.0,61.6,,,,,,,,,,100.0,98.6,100.0,100.0
2017-02-16,,,,,,,,,,,,,100.0,98.4,100.0,100.0
2017-02-17,,,,,,,,,,,,,100.0,98.6,100.0,100.0
2017-02-18,,,,,,,,,,,,,100.0,98.7,100.0,100.0
2017-02-19,100.0,100.0,61.1,100.0,99.3,100.0,,,,,,,100.0,99.0,100.0,100.0
2017-02-20,100.0,100.0,61.7,,,,,,,,,,100.0,98.8,100.0,100.0
2017-02-21,100.0,100.0,61.7,,,,,,,,,,100.0,98.9,100.0,100.0
2017-02-22,,,,,,,,,,,,,100.0,98.9,100.0,100.0
2017-02-23,,,,,,,,,,,,,100.0,98.9,100.0,100.0
2017-02-24,,,,,,,,,,,,,100.0,98.8,100.0,100.0
2017-02-25,100.0,100.0,61.1,,,,,,,,,,100.0,98.9,100.0,100.0
2017-02-26,100.0,100.0,61.7,,,,,,,,,,100.0,98.8,100.0,100.0
2017-02-27,100.0,100.0,61.6,,,,,,,,,,100.0,98.6,100.0,100.0
2017-02-28,,,,,,,,,,,,,100.0,98.4,100.0,100.0
2017-03-01,,,,100.0,99.9,70.6,,,,,,,100.0,98.5,100.0,100.0
2017-03-02,,,,,,,,,,,,,100.0,98.2,100.0,100.0
2017-03-03,100.0,100.0,60.9,,,,,,,,,,100.0,98.0,100.0,100.0
2017-03-04,100.0,100.0,61.7,,,,,,,,,,100.0,97.8,100.0,100.0
2017-03-05,100.0,100.0,61.4,,,,,,,,,,100.0,97.8,100.0,100.0
2017-03-06,,,,,,,,,,,,,100.0,97.6,100.0,100.0
2017-03-07,,,,,,,,,,,,,100.0,97.3,100.0,100.0
2017-03-08,,,,,,,,,,,,,100.0,97.4,100.0,100.0
2017-03-09,100.0,100.0,61.0,,,,,,,,,,100.0,97.6,100.0,100.0
2017-03-10,100.0,99.9,61.7,,,,,,,,,,100.0,97.5,100.0,100.0
2017-03-11,100.0,99.8,61.7,100.0,99.8,83.8,,,,,,,100.0,97.4,100.0,100.0
2017-03-12,,,,,,,,,,,,,100.0,97.1,100.0,100.0
2017-03-13,,,,,,,,,,,,,100.0,96.7,100.0,100.0
2017-03-14,,,,,,,,,,,,,100.0,97.1,100.0,100.0
2017-03-15,100.0,99.8,61.5,,,,,,,,,,99.7,96.5,100.0,99.7
2017-03-16,100.0,99.0,61.7,,,,,,,,,,97.9,95.8,100.0,97.9
2017-03-17,100.0,97.4,61.7,,,,,,,,,,96.9,95.5,100.0,96.9
2017-03-18,,,,,,,,,,,,,98.0,95.1,100.0,98.0
2017-03-19,,,,,,,,,,,,,96.7,94.4,100.0,96.7
2017-03-20,,,,,,,,,,,,,98.5,94.2,100.0,98.5
2017-03-21,99.9,96.7,61.7,100.0,99.4,48.2,,,,,,,99.0,94.3,100.0,99.0
2017-03-22,99.8,94.3,61.7,,,,,,,,,,100.0,95.3,100.0,100.0
2017-03-23,99.6,92.7,61.7,,,,,,,,,,100.0,94.9,100.0,100.0
2017-03-24,,,,,,,,,,,,,100.0,95.6,100.0,100.0
2017-03-25,,,,,,,,,,,,,100.0,96.3,100.0,100.0
2017-03-26,,,,,,,,,,,,,100.0,97.1,100.0,100.0
2017-03-27,98.8,89.4,61.7,,,,,,,,,,100.0,97.3,100.0,100.0
2017-03-28,92.0,78.8,79.7,,,,100.0,100.0,98.9,,,,100.0,98.2,100.0,100.0
2017-03-29,99.0,86.9,79.7,,,,,,,,,,100.0,98.0,100.0,100.0
2017-03-30,,,,,,,,,,,,,100.0,98.1,100.0,100.0
2017-03-31,,,,99.9,98.1,83.8,,,,,,,100.0,98.1,100.0,100.0
2017-04-01,,,,,,,,,,,,,100.0,97.6,100.0,100.0
2017-04-02,99.8,90.8,79.0,,,,,,,,,,100.0,97.3,100.0,100.0
2017-04-03,100.0,95.4,79.7,,,,,,,,,,100.0,97.2,100.0,100.0
2017-04-04,100.0,98.3,79.8,,,,,,,,,,100.0,97.2,100.0,100.0
2017-04-05,,,,,,,,,,,,,100.0,96.4,100.0,100.0
2017-04-06,,,,,,,,,,,,,100.0,95.9,100.0,100.0
2017-04-07,,,,,,,,,,,,,100.0,95.3,100.0,100.0
2017-04-08,100.0,99.3,79.1,,,,,,,,,,99.3,95.3,100.0,99.3
2017-04-09,100.0,99.7,79.7,,,,,,,,,,96.0,94.7,100.0,96.0
2017-04-10,100.0,99.7,79.2,99.9,97.0,83.8,,,,,,,96.0,94.9,100.0,96.0
2017-04-11,,,,,,,,,,,,,96.0,93.9,100.0,96.0
2017-04-12,,,,,,,,,,,,,96.0,93.7,100.0,96.0
2017-04-13,,,,,,,100.0,97.8,46.2,,,,95.6,92.3,100.0,95.6
2017-04-14,100.0,99.7,78.8,,,,,,,,,,95.4,91.7,100.0,95.4
2017-04-15,100.0,99.2,79.9,,,,,,,,,,95.1,90.5,100.0,95.1
2017-04-16,100.0,96.6,79.8,,,,,,,,,,93.5,87.9,100.0,93.5
2017-04-17,,,,,,,,,,,,,94.0,86.8,100.0,94.0
2017-04-18,,,,,,,,,,,,,91.6,82.8,100.0,91.6
2017-04-19,,,,,,,,,,,,,92.9,81.7,100.0,92.9
2017-04-20,99.8,94.8,78.6,10.9,25.4,83.8,,,,,,,85.5,76.5,100.0,85.5
2017-04-21,99.7,94.9,80.0,,,,,,,,,,84.8,75.9,100.0,84.8
2017-04-22,97.5,90.8,79.7,,,,,,,,,,67.7,66.9,100.0,67.7
2017-04-23,,,,,,,,,,,,,59.5,62.4,100.0,59.5
2017-04-24,,,,,,,,,,,,,37.6,51.7,100.0,37.6
2017-04-25,,,,,,,,,,,,,41.9,53.0,100.0,41.9
2017-04-26,96.7,89.5,78.9,,,,,,,,,,28.0,42.7,100.0,28.0
2017-04-27,97.9,91.4,79.8,,,,,,,,,,32.9,46.7,100.0,32.9
2017-04-28,98.4,91.1,79.7,,,,,,,,,,26.5,40.7,100.0,26.5
2017-04-29,,,,,,,7.9,13.7,66.4,,,,35.0,45.8,100.0,35.0
2017-04-30,,,,3.9,11.5,39.1,,,,,,,34.3,43.8,100.0,34.3
2017-05-01,,,,,,,,,,,,,42.3,50.7,100.0,42.3
2017-05-02,98.5,91.6,78.7,,,,,,,,,,39.4,47.9,100.0,39.4
2017-05-03,99.6,94.2,79.8,,,,,,,,,,52.7,57.9,100.0,52.7
2017-05-04,99.9,95.9,79.8,,,,,,,,,,48.1,54.8,100.0,48.1
2017-05-05,,,,,,,,,,,,,59.5,61.4,100.0,59.5
2017-05-06,,,,,,,,,,,,,56.9,59.5,100.0,56.9
2017-05-07,,,,,,,,,,,,,73.0,67.5,100.0,73.0
2017-05-08,99.8,96.5,78.7,,,,,,,,,,78.2,68.7,100.0,78.2
2017-05-09,99.5,95.8,80.0,,,,,,,,,,83.2,72.6,100.0,83.2
2017-05-10,99.3,95.6,79.9,,,,,,,,,,80.4,70.7,100.0,80.4
2017-05-11,,,,,,,,,,,,,83.8,72.8,100.0,83.8
2017-05-12,,,,,,,,,,,,,81.0,70.9,100.0,81.0
2017-05-13,,,,,,,,,,,,,81.0,71.5,100.0,81.0
2017-05-14,98.5,94.5,78.8,,,,,,,,,,77.5,69.5,100.0,77.5
2017-05-15,97.1,91.0,79.9,,,,,,,,,,78.9,71.2,100.0,78.9
2017-05-16,96.5,87.8,79.2,,,,,,,,,,73.3,64.0,100.0,73.3
2017-05-17,,,,,,,,,,,,,66.5,58.9,100.0,66.5
2017-05-18,,,,,,,,,,,,,51.5,53.2,100.0,51.5
2017-05-19,,,,,,,,,,,,,39.9,50.8,100.0,39.9
2017-05-20,95.5,85.5,78.5,,,,,,,,,,45.2,50.1,100.0,45.2
2017-05-21,93.2,81.7,80.0,,,,,,,,,,29.4,45.9,100.0,29.4
2017-05-22,91.8,80.3,79.8,,,,,,,,,,11.0,38.1,100.0,11.0
2017-05-23,,,,,,,,,,,,,4.1,32.7,100.0,4.1
2017-05-24,,,,,,,,,,,,,2.3,24.1,100.0,2.3
2017-05-25,,,,,,,,,,,,,1.1,17.7,100.0,1.1
2017-05-26,90.0,81.1,78.7,,,,,,,,,,0.0,12.1,100.0,0.0
2017-05-27,85.7,79.4,80.0,,,,,,,,,,0.0,11.0,100.0,0.0
2017-05-28,82.5,75.4,79.6,,,,,,,,,,0.0,9.3,100.0,0.0
2017-05-29,,,,,,,,,,,,,0.0,8.4,100.0,0.0
2017-05-30,,,,0.0,0.4,83.8,,,,,,,0.0,7.0,100.0,0.0
2017-05-31,,,,,,,,,,,,,0.0,7.9,100.0,0.0
2017-06-01,76.7,67.0,78.3,,,,,,,,,,0.0,7.0,100.0,0.0
2017-06-02,59.5,48.5,80.4,,,,,,,,,,0.0,7.3,100.0,0.0
2017-06-03,54.5,42.9,59.3,,,,,,,,,,0.0,6.6,100.0,0.0
2017-06-04,,,,,,,,,,,,,0.0,7.2,100.0,0.0
2017-06-05,,,,,,,,,,,,,0.0,6.4,100.0,0.0
2017-06-06,,,,,,,,,,,,,0.0,6.7,100.0,0.0
2017-06-07,24.7,34.8,58.7,,,,,,,,,,0.0,8.2,100.0,0.0
2017-06-08,42.0,38.8,59.3,,,,,,,,,,0.0,9.2,100.0,0.0
2017-06-09,3.6,22.6,59.3,,,,,,,,,,0.0,8.7,100.0,0.0
2017-06-10,,,,,,,,,,,,,0.0,7.4,100.0,0.0
2017-06-11,,,,,,,,,,,,,0.0,6.7,100.0,0.0
2017-06-12,,,,,,,,,,,,,0.0,6.1,100.0,0.0
2017-06-13,6.9,25.4,58.5,,,,,,,,,,0.0,4.7,100.0,0.0
2017-06-14,10.7,28.6,59.1,,,,,,,,,,0.0,4.3,100.0,0.0
2017-06-15,4.8,26.3,59.1,,,,,,,,,,0.0,4.6,100.0,0.0
2017-06-16,,,,,,,,,,,,,0.0,5.0,100.0,0.0
2017-06-17,,,,,,,,,,,,,0.0,4.4,100.0,0.0
2017-06-18,,,,,,,,,,,,,0.0,4.3,100.0,0.0
2017-06-19,43.5,40.5,58.5,0.0,0.1,54.7,,,,,,,0.0,4.4,100.0,0.0
2017-06-20,95.4,66.1,59.0,,,,,,,,,,0.0,4.3,100.0,0.0
2017-06-21,,,,,,,,,,,,,0.0,3.7,100.0,0.0
2017-06-22,,,,,,,,,,,,,0.0,3.8,100.0,0.0
2017-06-23,,,,,,,,,,,,,0.0,4.2,100.0,0.0
2017-06-24,,,,,,,,,,,,,0.0,5.0,100.0,0.0
2017-06-25,,,,,,,,,,,,,0.0,5.2,100.0,0.0
2017-06-26,69.4,57.2,59.2,,,,,,,,,,0.0,5.4,100.0,0.0
2017-06-27,67.2,50.7,59.2,,,,,,,,,,0.0,7.1,100.0,0.0
2017-06-28,,,,,,,,,,,,,0.0,6.7,100.0,0.0
2017-06-29,,,,,,,,,,,,,0.0,6.9,100.0,0.0
2017-06-30,,,,,,,,,,,,,0.0,6.5,100.0,0.0
2017-07-01,31.8,37.6,59.0,,,,,,,,,,0.0,8.1,100.0,0.0
2017-07-02,39.4,40.1,59.3,,,,,,,,,,0.0,8.8,100.0,0.0
2017-07-03,68.2,51.6,59.3,,,,,,,,,,0.0,7.1,100.0,0.0
2017-07-04,,,,0.0,0.1,100.0,,,,,,,0.0,4.6,100.0,0.0
2017-07-05,,,,,,,,,,,,,0.0,4.3,100.0,0.0
2017-07-06,,,,,,,,,,,,,0.0,4.1,100.0,0.0
2017-07-07,,,,,,,,,,,,,0.0,3.9,100.0,0.0
2017-07-08,2.3,11.8,59.3,,,,,,,,,,0.0,3.2,100.0,0.0
2017-07-09,0.4,5.3,59.3,,,,,,,,,,0.0,3.2,100.0,0.0
2017-07-10,,,,,,,,,,,,,0.0,3.1,100.0,0.0
2017-07-11,,,,,,,,,,,,,0.0,3.1,100.0,0.0
2017-07-12,,,,,,,,,,,,,0.0,2.6,100.0,0.0
2017-07-13,0.2,3.4,58.8,,,,,,,,,,0.0,2.2,100.0,0.0
2017-07-14,0.1,2.5,59.3,0.0,0.1,81.9,,,,,,,0.0,2.2,100.0,0.0
2017-07-15,0.2,4.0,59.3,,,,,,,,,,0.0,2.3,100.0,0.0
2017-07-16,,,,,,,,,,,,,0.0,2.2,100.0,0.0
2017-07-17,,,,,,,,,,,,,0.0,1.8,100.0,0.0
2017-07-18,,,,,,,0.0,0.3,37.0,,,,0.0,1.8,100.0,0.0
2017-07-19,0.3,12.6,58.8,,,,,,,,,,0.0,1.8,100.0,0.0
2017-07-20,0.8,14.2,59.3,,,,,,,,,,0.0,1.9,100.0,0.0
2017-07-21,0.1,4.7,59.3,,,,,,,,,,0.0,1.7,100.0,0.0
2017-07-22,,,,,,,,,,,,,0.0,2.2,100.0,0.0
2017-07-23,,,,,,,,,,,,,0.0,2.6,100.0,0.0
2017-07-24,,,,,,,,,,,,,0.0,2.6,100.0,0.0
2017-07-25,0.1,5.3,58.8,,,,,,,,,,0.0,2.8,100.0,0.0
2017-07-26,0.1,9.7,59.3,,,,,,,,,,0.0,2.9,100.0,0.0
2017-07-27,0.1,7.8,59.3,,,,,,,,,,0.0,2.6,100.0,0.0
2017-07-28,,,,,,,,,,,,,0.0,1.9,100.0,0.0
2017-07-29,,,,,,,,,,,,,0.0,1.9,100.0,0.0
2017-07-30,,,,,,,,,,,,,0.0,2.4,100.0,0.0
2017-07-31,0.1,5.7,58.8,,,,,,,,,,0.0,2.2,100.0,0.0
2017-08-01,0.1,8.7,59.3,,,,,,,,,,0.0,1.8,100.0,0.0
2017-08-02,,,,,,,,,,,,,0.0,1.9,100.0,0.0
2017-08-03,,,,,,,,,,,,,0.0,2.4,100.0,0.0
2017-08-04,,,,,,,,,,,,,0.0,1.6,100.0,0.0
2017-08-05,,,,,,,,,,,,,0.0,0.9,100.0,0.0
2017-08-06,0.0,2.0,59.0,,,,,,,,,,0.0,0.8,100.0,0.0
2017-08-07,0.0,1.2,59.3,,,,,,,,,,0.0,1.2,100.0,0.0
2017-08-08,0.0,1.9,59.3,,,,,,,,,,0.0,1.1,100.0,0.0
2017-08-09,,,,,,,,,,,,,0.0,1.1,100.0,0.0
2017-08-10,,,,,,,,,,,,,0.0,1.0,100.0,0.0
2017-08-11,,,,,,,,,,,,,0.0,1.5,100.0,0.0
2017-08-12,0.0,1.9,58.9,,,,,,,,,,0.0,1.1,100.0,0.0
2017-08-13,0.0,4.0,59.3,,,,,,,,,,0.0,0.8,100.0,0.0
2017-08-14,0.2,6.2,76.5,,,,,,,,,,0.0,0.6,100.0,0.0
2017-08-15,,,,,,,,,,,,,0.0,0.6,100.0,0.0
2017-08-16,,,,,,,,,,,,,0.0,0.4,100.0,0.0
2017-08-17,,,,,,,,,,,,,0.0,0.4,100.0,0.0
2017-08-18,0.0,4.0,75.8,0.0,0.1,83.1,,,,,,,0.0,0.2,100.0,0.0
2017-08-19,0.0,3.8,76.5,,,,0.0,0.1,99.9,,,,0.0,0.3,100.0,0.0
2017-08-20,0.0,3.9,76.5,,,,,,,,,,0.0,0.2,100.0,0.0
2017-08-21,,,,,,,,,,,,,0.0,0.3,100.0,0.0
2017-08-22,,,,,,,,,,,,,0.0,0.2,100.0,0.0
2017-08-23,,,,0.0,0.0,81.9,,,,,,,0.0,0.3,100.0,0.0
2017-08-24,0.3,4.8,74.2,,,,,,,,,,0.0,0.3,100.0,0.0
2017-08-25,1.9,11.4,76.6,,,,,,,,,,0.0,0.3,100.0,0.0
2017-08-26,3.3,15.7,76.4,,,,,,,,,,0.0,0.3,100.0,0.0
2017-08-27,,,,,,,,,,,,,0.0,0.4,100.0,0.0
2017-08-28,,,,,,,,,,,,,0.0,0.5,100.0,0.0
2017-08-29,,,,,,,,,,,,,0.0,0.4,100.0,0.0
2017-08-30,5.8,17.9,75.8,,,,,,,,,,0.0,0.5,100.0,0.0
2017-08-31,24.1,30.7,76.6,,,,,,,,,,0.0,0.6,100.0,0.0
2017-09-01,41.0,39.7,76.5,,,,,,,,,,0.0,0.7,100.0,0.0
2017-09-02,,,,0.0,0.1,70.1,,,,,,,0.0,0.7,100.0,0.0
2017-09-03,,,,,,,,,,,,,0.0,0.8,100.0,0.0
2017-09-04,,,,,,,0.0,0.0,77.7,,,,0.0,0.9,100.0,0.0
2017-09-05,49.3,42.7,75.7,,,,,,,,,,0.0,1.1,100.0,0.0
2017-09-06,75.1,53.5,76.6,,,,,,,,,,0.0,0.9,100.0,0.0
2017-09-07,94.5,64.6,76.4,0.0,0.1,83.8,,,,,,,0.0,0.8,100.0,0.0
2017-09-08,,,,,,,,,,,,,0.0,0.9,100.0,0.0
2017-09-09,,,,,,,,,,,,,0.0,1.1,100.0,0.0
2017-09-10,,,,,,,,,,,,,0.0,1.2,100.0,0.0
2017-09-11,86.2,55.8,76.1,,,,,,,,,,0.0,1.4,100.0,0.0
2017-09-12,81.1,54.6,76.6,0.0,0.1,82.7,,,,,,,0.0,1.6,100.0,0.0
2017-09-13,91.9,64.7,76.6,,,,,,,,,,0.0,1.6,100.0,0.0
2017-09-14,,,,,,,,,,,,,0.0,1.2,100.0,0.0
2017-09-15,,,,,,,,,,,,,0.0,1.2,100.0,0.0
2017-09-16,,,,,,,,,,,,,0.0,1.1,100.0,0.0
2017-09-17,48.5,42.2,76.1,,,,,,,,,,0.0,0.8,100.0,0.0
2017-09-18,4.5,20.1,76.7,,,,,,,,,,0.0,0.7,100.0,0.0
2017-09-19,0.1,9.1,76.6,,,,,,,,,,0.0,0.7,100.0,0.0
2017-09-20,,,,,,,0.0,0.0,100.0,,,,0.0,0.7,100.0,0.0
2017-09-21,,,,,,,,,,,,,0.0,0.5,100.0,0.0
2017-09-22,,,,0.0,0.1,56.3,,,,,,,0.0,0.4,100.0,0.0
2017-09-23,0.1,5.0,75.9,,,,,,,,,,0.0,0.4,100.0,0.0
2017-09-24,0.1,2.5,76.6,,,,,,,,,,0.0,0.5,100.0,0.0
2017-09-25,0.8,12.2,76.6,,,,,,,,,,0.0,0.5,100.0,0.0
2017-09-26,,,,,,,,,,,,,0.0,0.5,100.0,0.0
2017-09-27,,,,,,,,,,,,,0.0,0.7,100.0,0.0
2017-09-28,,,,,,,,,,,,,0.0,1.0,100.0,0.0
2017-09-29,7.6,25.8,75.9,,,,,,,,,,0.0,1.1,100.0,0.0
2017-09-30,64.6,47.8,84.4,,,,,,,,,,0.0,1.2,100.0,0.0
2017-10-01,95.0,69.0,84.2,,,,,,,,,,0.0,1.2,100.0,0.0
2017-10-02,,,,,,,,,,,,,0.0,1.1,100.0,0.0
2017-10-03,,,,,,,,,,,,,0.0,0.9,100.0,0.0
2017-10-04,,,,,,,,,,,,,0.0,0.9,100.0,0.0
2017-10-05,93.9,70.9,83.4,,,,,,,,,,0.0,1.1,100.0,0.0
2017-10-06,91.6,69.1,84.4,,,,0.0,0.0,100.0,,,,0.0,1.4,100.0,0.0
2017-10-07,83.1,56.1,84.3,0.0,0.1,100.0,,,,,,,0.0,1.1,100.0,0.0
2017-10-08,,,,,,,,,,,,,0.0,1.0,100.0,0.0
2017-10-09,,,,,,,,,,,,,0.0,1.0,100.0,0.0
2017-10-10,,,,,,,,,,,,,0.0,1.5,100.0,0.0
2017-10-11,72.2,50.0,83.7,,,,,,,,,,0.0,1.3,100.0,0.0
2017-10-12,49.6,42.9,84.3,0.0,0.1,83.8,,,,,,,0.0,1.3,100.0,0.0
2017-10-13,41.2,39.2,84.2,,,,,,,,,,0.0,1.3,100.0,0.0
2017-10-14,,,,,,,,,,,,,0.0,2.1,100.0,0.0
2017-10-15,,,,,,,,,,,,,0.0,2.2,100.0,0.0
2017-10-16,,,,,,,,,,,,,0.0,2.4,100.0,0.0
2017-10-17,57.2,45.0,83.5,0.0,0.1,83.8,,,,,,,0.0,2.2,100.0,0.0
2017-10-18,84.1,54.8,84.2,,,,,,,,,,0.0,3.0,100.0,0.0
2017-10-19,91.2,61.8,84.3,,,,,,,,,,0.0,3.3,100.0,0.0
2017-10-20,,,,,,,,,,,,,0.0,3.7,100.0,0.0
2017-10-21,,,,,,,,,,,,,0.0,3.7,100.0,0.0
2017-10-22,,,,0.0,0.1,72.0,,,,,,,0.0,6.4,100.0,0.0
2017-10-23,84.3,54.9,83.6,,,,,,,,,,0.0,6.8,100.0,0.0
2017-10-24,65.2,46.6,84.5,,,,,,,,,,0.0,5.4,100.0,0.0
2017-10-25,37.6,38.0,84.4,,,,,,,,,,0.0,4.6,100.0,0.0
2017-10-26,,,,,,,,,,,,,0.0,5.4,100.0,0.0
2017-10-27,,,,0.0,0.1,83.7,,,,,,,0.0,4.8,100.0,0.0
2017-10-28,,,,,,,,,,,,,0.0,5.0,100.0,0.0
2017-10-29,19.6,32.9,83.7,,,,,,,,,,0.0,5.1,100.0,0.0
2017-10-30,47.6,40.5,84.5,,,,,,,,,,0.0,6.0,100.0,0.0
2017-10-31,66.7,47.1,84.3,,,,,,,,,,0.0,5.0,100.0,0.0
2017-11-01,,,,0.0,0.0,72.0,,,,,,,0.0,4.2,100.0,0.0
2017-11-02,,,,,,,,,,,,,0.0,4.3,100.0,0.0
2017-11-03,,,,,,,,,,,,,0.0,4.4,100.0,0.0
2017-11-04,85.3,59.6,83.7,,,,,,,,,,0.0,4.0,100.0,0.0
2017-11-05,54.3,48.8,84.5,,,,,,,,,,0.0,4.4,100.0,0.0
2017-11-06,8.2,27.4,84.4,,,,,,,,,,0.0,5.2,100.0,0.0
2017-11-07,,,,,,,0.0,0.7,100.0,,,,0.0,5.6,100.0,0.0
2017-11-08,,,,,,,,,,,,,0.0,5.1,100.0,0.0
2017-11-09,,,,,,,,,,,,,0.0,6.6,100.0,0.0
2017-11-10,1.2,18.8,83.4,,,,,,,,,,0.0,8.4,100.0,0.0
2017-11-11,8.4,29.0,84.5,,,,,,,,,,0.0,10.0,100.0,0.0
2017-11-12,0.9,18.5,84.4,,,,,,,,,,0.0,9.8,100.0,0.0
2017-11-13,,,,,,,,,,,,,0.0,11.0,100.0,0.0
2017-11-14,,,,,,,,,,,,,0.0,14.9,100.0,0.0
2017-11-15,,,,,,,,,,,,,0.0,19.8,100.0,0.0
2017-11-16,2.3,9.8,96.5,0.0,0.7,100.0,,,,,,,0.0,18.6,100.0,0.0
2017-11-17,1.8,9.0,97.3,,,,,,,,,,0.0,19.9,100.0,0.0
2017-11-18,0.9,8.3,96.9,,,,,,,,,,0.1,20.0,100.0,0.1
2017-11-19,,,,,,,,,,,,,0.1,23.7,100.0,0.1
2017-11-20,,,,,,,,,,,,,0.1,22.2,100.0,0.1
2017-11-21,,,,0.0,1.9,83.8,,,,,,,0.1,24.7,100.0,0.1
2017-11-22,1.8,9.3,96.5,,,,,,,,,,0.1,23.0,100.0,0.1
2017-11-23,10.1,19.8,97.2,,,,,,,,,,0.8,37.4,100.0,0.8
2017-11-24,77.3,55.7,96.8,,,,,,,,,,0.6,33.8,100.0,0.6
2017-11-25,,,,,,,,,,,,,2.0,44.7,100.0,2.0
2017-11-26,,,,0.1,3.0,83.8,,,,,,,0.8,36.7,100.0,0.8
2017-11-27,,,,,,,,,,,,,2.4,47.5,100.0,2.4
2017-11-28,50.1,41.8,96.3,,,,,,,,,,1.6,41.4,100.0,1.6
2017-11-29,39.7,37.0,97.2,,,,,,,,,,12.3,52.2,100.0,12.3
2017-11-30,20.9,30.3,96.4,,,,,,,,,,6.2,45.0,100.0,6.2
2017-12-01,,,,,,,,,,,,,50.7,55.3,100.0,50.7
2017-12-02,,,,,,,,,,,,,41.1,53.1,100.0,41.1
2017-12-03,,,,,,,,,,,,,74.2,60.8,100.0,74.2
2017-12-04,5.2,18.7,96.3,,,,,,,,,,62.1,58.6,100.0,62.1
2017-12-05,3.6,17.0,97.2,,,,,,,,,,77.8,63.7,100.0,77.8
2017-12-06,5.7,22.8,96.7,72.4,67.2,100.0,,,,,,,76.0,63.7,100.0,76.0
2017-12-07,,,,,,,,,,,,,80.3,65.7,100.0,80.3
2017-12-08,,,,,,,,,,,,,77.1,65.4,100.0,77.1
2017-12-09,,,,,,,,,,,,,80.8,69.6,100.0,80.8
2017-12-10,37.7,37.8,96.1,,,,,,,,,,81.0,72.0,100.0,81.0
2017-12-11,77.5,57.2,97.3,,,,,,,,,,83.2,76.6,100.0,83.2
2017-12-12,94.5,75.3,96.6,,,,,,,,,,82.8,78.8,100.0,82.8
2017-12-13,,,,,,,,,,,,,84.2,81.8,100.0,84.2
2017-12-14,,,,,,,,,,,,,84.3,83.7,100.0,84.3
2017-12-15,,,,,,,,,,,,,86.0,86.3,100.0,86.0
2017-12-16,95.0,79.8,96.3,100.0,99.5,60.8,,,,,,,88.7,88.5,100.0,88.7
2017-12-17,96.4,84.1,97.2,,,,,,,,,,99.5,90.3,100.0,99.5
2017-12-18,98.6,91.0,96.8,,,,,,,,,,99.4,90.1,100.0,99.4
2017-12-19,,,,,,,,,,,,,99.8,90.9,100.0,99.8
2017-12-20,,,,,,,,,,,,,99.6,91.2,100.0,99.6
2017-12-21,,,,100.0,96.6,83.6,,,,,,,99.9,92.5,100.0,99.9
2017-12-22,98.7,91.2,95.7,,,,,,,,,,99.7,93.2,100.0,99.7
2017-12-23,99.1,91.1,97.3,,,,,,,,,,99.8,93.4,100.0,99.8
2017-12-24,99.2,91.7,97.0,,,,,,,,,,99.6,91.9,100.0,99.6
2017-12-25,,,,,,,100.0,98.4,30.6,,,,99.7,91.6,100.0,99.7
2017-12-26,,,,97.6,90.6,39.1,,,,,,,99.2,89.6,100.0,99.2
2017-12-27,,,,,,,,,,,,,99.3,89.2,100.0,99.3
2017-12-28,99.0,90.6,95.9,,,,,,,,,,97.3,86.4,100.0,97.3
2017-12-29,96.9,84.2,97.3,,,,,,,,,,97.7,86.1,100.0,97.7
2017-12-30,93.6,74.4,97.2,,,,,,,,,,87.5,81.2,100.0,87.5
2017-12-31,,,,97.4,87.7,83.7,,,,,,,91.1,81.0,100.0,91.1
2018-01-01,,,,,,,,,,,,,70.6,72.6,100.0,70.6
2018-01-02,,,,,,,,,,,,,76.3,73.3,100.0,76.3
2018-01-03,87.8,62.1,98.1,,,,,,,,,,63.4,64.9,100.0,63.4
2018-01-04,25.9,31.9,99.4,,,,,,,,,,71.3,69.0,100.0,71.3
2018-01-05,6.2,16.8,99.1,,,,,,,,,,59.7,60.5,100.0,59.7
2018-01-06,,,,,,,,,,,,,71.1,68.6,100.0,71.1
2018-01-07,,,,,,,,,,,,,64.4,63.7,100.0,64.4
2018-01-08,,,,,,,,,,,,,76.9,71.2,100.0,76.9
2018-01-09,5.0,16.9,97.2,,,,,,,,,,71.8,69.5,100.0,71.8
2018-01-10,60.2,48.1,99.5,93.5,91.2,85.4,,,,,,,95.7,81.5,100.0,95.7
2018-01-11,100.0,90.6,99.0,,,,,,,,,,94.2,81.2,100.0,94.2
2018-01-12,,,,,,,,,,,,,99.8,88.0,100.0,99.8
2018-01-13,,,,,,,,,,,,,99.7,89.3,100.0,99.7
2018-01-14,,,,,,,,,,,,,99.9,93.4,100.0,99.9
2018-01-15,100.0,97.1,97.1,98.3,97.0,85.3,,,,,,,99.9,93.9,100.0,99.9
2018-01-16,100.0,98.6,99.3,,,,,,,,,,100.0,95.2,100.0,100.0
2018-01-17,100.0,99.5,98.9,,,,,,,,,,99.9,95.3,100.0,99.9
2018-01-18,,,,,,,,,,,,,100.0,95.8,100.0,100.0
2018-01-19,,,,,,,,,,,,,100.0,96.1,100.0,100.0
2018-01-20,,,,,,,,,,,,,100.0,96.5,100.0,100.0
2018-01-21,100.0,99.7,96.6,,,,,,,,,,100.0,97.2,100.0,100.0
2018-01-22,100.0,99.6,99.3,,,,,,,,,,100.0,97.5,100.0,100.0
2018-01-23,100.0,99.8,99.2,,,,,,,,,,100.0,97.7,100.0,100.0
2018-01-24,,,,,,,,,,,,,100.0,97.6,100.0,100.0
2018-01-25,,,,,,,,,,,,,100.0,98.2,100.0,100.0
2018-01-26,,,,,,,,,,,,,100.0,98.3,100.0,100.0
2018-01-27,100.0,99.9,96.9,,,,,,,,,,100.0,98.8,100.0,100.0
2018-01-28,100.0,99.9,99.3,,,,,,,,,,100.0,98.9,100.0,100.0
2018-01-29,100.0,100.0,99.2,,,,,,,,,,100.0,99.1,100.0,100.0
2018-01-30,,,,100.0,99.6,85.4,,,,,,,100.0,98.9,100.0,100.0
2018-01-31,,,,,,,,,,,,,100.0,99.1,100.0,100.0
2018-02-01,,,,,,,,,,,,,100.0,99.1,100.0,100.0
2018-02-02,100.0,100.0,96.3,,,,,,,,,,100.0,99.3,100.0,100.0
2018-02-03,100.0,100.0,99.2,,,,,,,,,,100.0,99.4,100.0,100.0
2018-02-04,100.0,100.0,98.6,,,,,,,,,,100.0,99.5,100.0,100.0
2018-02-05,,,,,,,,,,,,,100.0,99.4,100.0,100.0
2018-02-06,,,,,,,,,,,,,100.0,99.5,100.0,100.0
2018-02-07,,,,,,,,,,,,,100.0,99.5,100.0,100.0
2018-02-08,100.0,100.0,95.0,,,,,,,,,,100.0,99.7,100.0,100.0
2018-02-09,100.0,100.0,99.2,,,,,,,,,,100.0,99.7,100.0,100.0
2018-02-10,100.0,100.0,97.5,,,,,,,,,,100.0,99.7,100.0,100.0
2018-02-11,,,,,,,100.0,100.0,38.9,,,,100.0,99.7,100.0,100.0
2018-02-12,,,,,,,,,,,,,100.0,99.7,100.0,100.0
2018-02-13,,,,,,,,,,,,,100.0,99.8,100.0,100.0
2018-02-14,100.0,100.0,93.5,100.0,99.9,81.5,,,,,,,100.0,99.8,100.0,100.0
2018-02-15,100.0,100.0,99.4,,,,,,,,,,100.0,99.8,100.0,100.0
2018-02-16,100.0,100.0,99.5,,,,,,,,,,100.0,99.8,100.0,100.0
2018-02-17,,,,,,,,,,,,,100.0,99.7,100.0,100.0
2018-02-18,,,,,,,,,,,,,100.0,99.7,100.0,100.0
2018-02-19,,,,100.0,99.9,85.4,,,,,,,100.0,99.6,100.0,100.0
2018-02-20,100.0,100.0,94.4,,,,,,,,,,100.0,99.6,100.0,100.0
2018-02-21,100.0,100.0,99.1,,,,,,,,,,100.0,99.7,100.0,100.0
2018-02-22,100.0,100.0,96.3,,,,,,,,,,100.0,99.6,100.0,100.0
2018-02-23,,,,,,,,,,,,,100.0,99.7,100.0,100.0
2018-02-24,,,,,,,,,,,,,100.0,99.7,100.0,100.0
2018-02-25,,,,,,,,,,,,,100.0,99.8,100.0,100.0
2018-02-26,100.0,100.0,92.4,,,,,,,,,,100.0,99.8,100.0,100.0
2018-02-27,100.0,100.0,98.6,,,,100.0,100.0,100.0,,,,100.0,99.9,100.0,100.0
2018-02-28,100.0,100.0,94.4,,,,,,,,,,100.0,99.9,100.0,100.0
2018-03-01,,,,,,,,,,,,,100.0,99.9,100.0,100.0
2018-03-02,,,,,,,,,,,,,100.0,99.9,100.0,100.0
2018-03-03,,,,,,,,,,,,,100.0,99.8,100.0,100.0
2018-03-04,100.0,100.0,87.8,,,,,,,,,,100.0,99.8,100.0,100.0
2018-03-05,100.0,100.0,97.5,,,,,,,,,,100.0,99.8,100.0,100.0
2018-03-06,100.0,100.0,93.9,,,,,,,,,,100.0,99.8,100.0,100.0
2018-03-07,,,,,,,,,,,,,100.0,99.6,100.0,100.0
2018-03-08,,,,,,,,,,,,,99.9,99.4,100.0,99.9
2018-03-09,,,,,,,,,,,,,99.6,99.2,100.0,99.6
2018-03-10,100.0,100.0,89.9,,,,,,,,,,99.6,99.3,100.0,99.6
2018-03-11,100.0,100.0,98.1,,,,,,,,,,99.5,99.1,100.0,99.5
2018-03-12,100.0,99.9,96.6,,,,,,,,,,99.5,99.0,100.0,99.5
2018-03-13,,,,,,,,,,,,,99.1,98.5,100.0,99.1
2018-03-14,,,,,,,,,,,,,99.6,98.8,100.0,99.6
2018-03-15,,,,,,,,,,,,,98.7,97.5,100.0,98.7
2018-03-16,,,,100.0,100.0,85.4,,,,,,,98.9,97.5,100.0,98.9
2018-03-17,100.0,100.0,84.8,,,,,,,,,,97.2,96.8,100.0,97.2
2018-03-18,100.0,100.0,81.9,,,,,,,,,,97.8,97.2,100.0,97.8
2018-03-19,,,,,,,,,,,,,97.7,96.6,100.0,97.7
2018-03-20,,,,,,,,,,,,,97.7,96.6,100.0,97.7
2018-03-21,,,,100.0,99.8,40.2,,,,,,,97.8,96.7,100.0,97.8
2018-03-22,100.0,100.0,79.0,,,,,,,,,,97.9,96.9,100.0,97.9
2018-03-23,100.0,100.0,84.2,,,,,,,,,,97.9,96.9,100.0,97.9
2018-03-24,100.0,100.0,80.5,,,,,,,,,,98.0,96.9,100.0,98.0
2018-03-25,,,,,,,,,,,,,98.3,96.9,100.0,98.3
2018-03-26,,,,100.0,100.0,82.5,,,,,,,97.8,96.7,100.0,97.8
2018-03-27,,,,,,,,,,,,,97.9,96.6,100.0,97.9
2018-03-28,100.0,99.9,77.2,,,,,,,,,,97.7,96.5,100.0,97.7
2018-03-29,100.0,99.7,85.9,,,,,,,,,,98.1,96.6,100.0,98.1
2018-03-30,100.0,99.0,84.0,,,,,,,,,,97.2,95.7,100.0,97.2
2018-03-31,,,,,,,,,,,,,97.2,95.2,100.0,97.2
2018-04-01,,,,,,,,,,,,,95.9,94.4,100.0,95.9
2018-04-02,,,,,,,,,,,,,98.4,96.0,100.0,98.4
2018-04-03,100.0,98.0,82.0,,,,,,,,,,95.3,93.9,100.0,95.3
2018-04-04,98.3,91.1,84.9,,,,,,,,,,93.3,92.5,100.0,93.3
2018-04-05,93.5,77.5,83.7,100.0,100.0,68.5,,,,,,,90.8,91.5,100.0,90.8
2018-04-06,,,,,,,,,,,,,92.2,91.4,100.0,92.2
2018-04-07,,,,,,,,,,,,,88.5,89.7,100.0,88.5
2018-04-08,,,,,,,,,,,,,90.4,89.6,100.0,90.4
2018-04-09,84.1,63.9,84.7,,,,,,,,,,92.0,89.0,100.0,92.0
2018-04-10,45.6,41.0,86.0,,,,,,,,,,100.0,92.6,100.0,100.0
2018-04-11,9.4,23.7,86.0,,,,,,,,,,100.0,91.5,100.0,100.0
2018-04-12,,,,,,,,,,,,,100.0,93.5,100.0,100.0
2018-04-13,,,,,,,,,,,,,100.0,94.9,100.0,100.0
2018-04-14,,,,,,,,,,,,,100.0,96.8,100.0,100.0
2018-04-15,1.7,12.0,85.2,,,,,,,,,,100.0,97.4,100.0,100.0
2018-04-16,7.2,20.2,86.0,,,,100.0,100.0,100.0,,,,100.0,98.9,100.0,100.0
2018-04-17,35.4,35.4,85.9,,,,,,,,,,100.0,98.7,100.0,100.0
2018-04-18,,,,,,,,,,,,,100.0,99.1,100.0,100.0
2018-04-19,,,,,,,,,,,,,100.0,99.2,100.0,100.0
2018-04-20,,,,100.0,99.8,72.4,,,,,,,100.0,99.2,100.0,100.0
2018-04-21,32.2,34.0,85.9,,,,,,,,,,100.0,99.0,100.0,100.0
2018-04-22,38.8,37.2,86.0,,,,,,,,,,100.0,98.8,100.0,100.0
2018-04-23,61.2,47.9,85.9,,,,,,,,,,100.0,98.7,100.0,100.0
2018-04-24,,,,,,,,,,,,,100.0,97.7,100.0,100.0
2018-04-25,,,,100.0,98.9,85.4,,,,,,,99.5,96.3,100.0,99.5
2018-04-26,,,,,,,,,,,,,98.5,94.2,100.0,98.5
2018-04-27,89.6,67.6,85.9,,,,,,,,,,98.1,94.1,100.0,98.1
2018-04-28,97.3,80.5,86.0,,,,,,,,,,96.6,92.7,100.0,96.6
2018-04-29,97.0,79.3,85.9,,,,,,,,,,93.6,91.3,100.0,93.6
2018-04-30,,,,,,,,,,,,,87.3,89.6,100.0,87.3
2018-05-01,,,,,,,,,,,,,86.9,89.9,100.0,86.9
2018-05-02,,,,,,,,,,,,,83.7,84.7,100.0,83.7
2018-05-03,96.6,81.5,85.7,,,,,,,,,,84.0,84.4,100.0,84.0
2018-05-04,94.6,79.9,97.7,,,,,,,,,,84.4,84.5,100.0,84.4
2018-05-05,89.7,74.7,97.0,,,,,,,,,,85.2,83.8,100.0,85.2
2018-05-06,,,,,,,,,,,,,85.1,81.8,100.0,85.1
2018-05-07,,,,,,,,,,,,,86.8,80.6,100.0,86.8
2018-05-08,,,,,,,,,,,,,87.9,78.9,100.0,87.9
2018-05-09,87.3,73.4,96.1,,,,,,,,,,85.2,75.3,100.0,85.2
2018-05-10,69.5,58.7,97.2,,,,,,,,,,81.3,71.8,100.0,81.3
2018-05-11,40.6,35.2,97.1,,,,,,,,,,54.0,60.2,100.0,54.0
2018-05-12,,,,,,,,,,,,,35.0,52.2,100.0,35.0
2018-05-13,,,,,,,,,,,,,16.3,44.9,100.0,16.3
2018-05-14,,,,,,,,,,,,,7.0,41.4,100.0,7.0
2018-05-15,25.5,25.6,96.0,,,,,,,,,,3.8,35.3,100.0,3.8
2018-05-16,13.5,19.1,97.2,,,,,,,,,,2.1,31.6,100.0,2.1
2018-05-17,5.8,17.1,97.1,,,,,,,,,,1.4,24.4,100.0,1.4
2018-05-18,,,,,,,,,,,,,0.8,21.8,100.0,0.8
2018-05-19,,,,,,,,,,,,,1.1,18.3,100.0,1.1
2018-05-20,,,,,,,,,,,,,1.0,16.9,100.0,1.0
2018-05-21,5.9,21.4,95.7,,,,,,,,,,1.4,15.8,100.0,1.4
2018-05-22,4.8,18.7,97.2,,,,,,,,,,1.9,16.9,100.0,1.9
2018-05-23,2.9,15.4,85.8,,,,,,,,,,2.8,17.3,100.0,2.8
2018-05-24,,,,,,,,,,,,,2.7,17.9,100.0,2.7
2018-05-25,,,,3.2,20.3,85.3,,,,,,,2.5,17.2,100.0,2.5
2018-05-26,,,,,,,,,,,,,1.7,15.6,100.0,1.7
2018-05-27,0.4,10.4,95.1,,,,,,,,,,1.5,14.2,100.0,1.5
2018-05-28,0.7,7.8,92.9,,,,,,,,,,1.2,13.5,100.0,1.2
2018-05-29,1.2,12.1,51.6,,,,,,,,,,0.6,11.6,100.0,0.6
2018-05-30,,,,,,,,,,,,,0.6,12.3,100.0,0.6
2018-05-31,,,,,,,,,,,,,0.4,11.1,100.0,0.4
2018-06-01,,,,,,,,,,,,,0.4,12.4,100.0,0.4
2018-06-02,0.6,13.0,56.4,,,,,,,,,,0.1,10.4,100.0,0.1
2018-06-03,0.4,13.0,57.3,,,,,,,,,,0.1,11.1,100.0,0.1
2018-06-04,0.0,7.1,51.4,,,,,,,,,,0.0,8.4,100.0,0.0
2018-06-05,,,,,,,,,,,,,0.0,7.3,100.0,0.0
2018-06-06,,,,,,,,,,,,,0.0,5.7,100.0,0.0
2018-06-07,,,,,,,,,,,,,0.0,6.1,100.0,0.0
2018-06-08,0.0,5.7,56.2,,,,,,,,,,0.0,5.6,100.0,0.0
2018-06-09,0.0,2.2,57.6,0.0,1.2,40.0,,,,,,,0.0,5.1,100.0,0.0
2018-06-10,,,,,,,,,,,,,0.0,4.4,100.0,0.0
2018-06-11,,,,,,,,,,,,,0.0,3.9,100.0,0.0
2018-06-12,,,,,,,,,,,,,0.0,3.8,100.0,0.0
2018-06-13,,,,,,,,,,,,,0.0,3.5,100.0,0.0
2018-06-14,0.0,1.4,50.5,0.0,0.3,80.6,,,,,,,0.0,2.9,100.0,0.0
2018-06-15,0.0,1.2,57.6,,,,,,,,,,0.0,2.9,100.0,0.0
2018-06-16,0.0,1.0,57.5,,,,,,,,,,0.0,2.8,100.0,0.0
2018-06-17,,,,,,,,,,,,,0.0,3.3,100.0,0.0
2018-06-18,,,,,,,,,,,,,0.0,2.6,100.0,0.0
2018-06-19,,,,0.0,0.1,85.4,44.6,31.5,86.9,,,,0.0,2.3,100.0,0.0
2018-06-20,0.0,1.3,56.5,,,,,,,,,,0.0,1.8,100.0,0.0
2018-06-21,0.0,1.1,57.6,,,,,,,,,,0.0,1.8,100.0,0.0
2018-06-22,,,,,,,,,,,,,0.0,1.8,100.0,0.0
2018-06-23,,,,,,,,,,,,,0.0,1.8,100.0,0.0
2018-06-24,,,,,,,,,,,,,0.0,1.7,100.0,0.0
2018-06-25,,,,,,,,,,,,,0.0,1.8,100.0,0.0
2018-06-26,0.0,1.2,56.8,,,,,,,,,,0.0,2.0,100.0,0.0
2018-06-27,0.0,1.1,57.6,,,,,,,,,,0.0,2.3,100.0,0.0
2018-06-28,0.0,1.2,57.6,,,,,,,,,,0.0,2.2,100.0,0.0
2018-06-29,,,,0.0,0.1,66.4,,,,,,,0.0,2.2,100.0,0.0
2018-06-30,,,,,,,,,,,,,0.0,2.2,100.0,0.0
2018-07-01,,,,,,,,,,,,,0.0,2.1,100.0,0.0
2018-07-02,0.1,1.5,56.7,,,,,,,,,,0.0,2.1,100.0,0.0
2018-07-03,0.1,1.1,57.6,,,,,,,,,,0.0,2.1,100.0,0.0
2018-07-04,,,,,,,,,,,,,0.0,2.2,100.0,0.0
2018-07-05,,,,,,,,,,,,,0.0,2.8,100.0,0.0
2018-07-06,,,,,,,,,,,,,0.0,3.1,100.0,0.0
2018-07-07,,,,,,,,,,,,,0.0,2.6,100.0,0.0
2018-07-08,0.1,1.1,57.1,,,,,,,,,,0.0,2.3,100.0,0.0
2018-07-09,0.3,1.4,57.6,0.0,0.0,77.7,,,,,,,0.0,2.1,100.0,0.0
2018-07-10,0.5,1.9,57.6,,,,,,,,,,0.0,1.9,100.0,0.0
2018-07-11,,,,,,,,,,,,,0.0,1.8,100.0,0.0
2018-07-12,,,,,,,,,,,,,0.0,1.7,100.0,0.0
2018-07-13,,,,,,,,,,,,,0.0,1.5,100.0,0.0
2018-07-14,0.2,1.4,56.8,0.0,0.1,40.0,,,,,,,0.0,1.1,100.0,0.0
2018-07-15,0.3,1.8,57.6,,,,,,,,,,0.0,0.9,100.0,0.0
2018-07-16,0.6,2.6,57.6,,,,,,,,,,0.0,0.8,100.0,0.0
2018-07-17,,,,,,,,,,,,,0.0,0.8,100.0,0.0
2018-07-18,,,,,,,,,,,,,0.0,0.6,100.0,0.0
2018-07-19,,,,0.0,0.0,85.1,,,,,,,0.0,0.5,100.0,0.0
2018-07-20,0.2,2.3,57.1,,,,,,,,,,0.0,0.4,100.0,0.0
2018-07-21,0.3,3.0,57.6,,,,3.3,4.3,52.7,,,,0.0,0.4,100.0,0.0
2018-07-22,0.3,2.7,57.6,,,,,,,,,,0.0,0.4,100.0,0.0
2018-07-23,,,,,,,,,,,,,0.0,0.4,100.0,0.0
2018-07-24,,,,0.0,0.1,85.4,,,,,,,0.0,0.2,100.0,0.0
2018-07-25,,,,,,,,,,,,,0.0,0.3,100.0,0.0
2018-07-26,0.2,2.1,56.7,,,,,,,,,,0.0,0.2,100.0,0.0
2018-07-27,1.3,2.3,99.5,,,,,,,,,,0.0,0.3,100.0,0.0
2018-07-28,1.2,1.8,99.3,,,,,,,,,,0.0,0.2,100.0,0.0
2018-07-29,,,,0.0,0.1,85.4,,,,,,,0.0,0.4,100.0,0.0
2018-07-30,,,,,,,,,,,,,0.0,0.3,100.0,0.0
2018-07-31,,,,,,,,,,,,,0.0,0.3,100.0,0.0
2018-08-01,0.9,1.6,98.1,,,,,,,,,,0.0,0.2,100.0,0.0
2018-08-02,0.1,1.4,99.4,,,,,,,,,,0.0,0.4,100.0,0.0
2018-08-03,0.0,2.2,99.1,0.0,0.2,76.0,,,,,,,0.0,0.3,100.0,0.0
2018-08-04,,,,,,,,,,0.0,0.7,89.2,0.0,0.4,100.0,0.0
2018-08-05,,,,,,,,,,,,,0.0,0.4,100.0,0.0
2018-08-06,,,,,,,,,,,,,0.0,0.8,100.0,0.0
2018-08-07,0.0,2.1,98.1,,,,,,,,,,0.0,0.7,100.0,0.0
2018-08-08,0.0,2.7,99.4,0.0,0.1,85.4,,,,,,,0.0,0.7,100.0,0.0
2018-08-09,0.0,3.3,99.4,,,,,,,,,,0.0,0.7,100.0,0.0
2018-08-10,,,,,,,,,,0.0,0.2,100.0,0.0,0.8,100.0,0.0
2018-08-11,,,,,,,,,,0.0,0.0,100.0,0.0,0.8,100.0,0.0
2018-08-12,,,,,,,,,,,,,0.0,0.9,100.0,0.0
2018-08-13,0.0,2.9,98.6,,,,,,,,,,0.0,0.7,100.0,0.0
2018-08-14,0.0,1.4,99.4,,,,,,,0.0,0.0,49.8,0.0,0.7,100.0,0.0
2018-08-15,0.0,0.8,99.3,,,,,,,,,,0.0,0.7,100.0,0.0
2018-08-16,,,,,,,,,,,,,0.0,0.7,100.0,0.0
2018-08-17,,,,,,,,,,,,,0.0,0.7,100.0,0.0
2018-08-18,,,,0.0,0.1,44.8,,,,,,,0.0,0.7,100.0,0.0
2018-08-19,0.0,0.7,98.1,,,,,,,,,,0.0,0.6,100.0,0.0
2018-08-20,0.0,1.0,99.3,,,,,,,,,,0.0,0.6,100.0,0.0
2018-08-21,0.0,0.9,99.1,,,,,,,0.0,0.0,100.0,0.0,0.6,100.0,0.0
2018-08-22,,,,,,,0.2,0.8,56.2,,,,0.0,0.9,100.0,0.0
2018-08-23,,,,0.0,0.2,83.6,,,,,,,0.0,0.7,100.0,0.0
2018-08-24,,,,,,,,,,0.0,0.0,100.0,0.0,0.6,100.0,0.0
2018-08-25,0.0,1.4,98.5,,,,,,,,,,0.0,0.7,100.0,0.0
2018-08-26,0.0,1.4,99.4,,,,,,,,,,0.0,1.1,100.0,0.0
2018-08-27,0.0,1.2,99.4,,,,,,,,,,0.0,0.8,100.0,0.0
2018-08-28,,,,0.0,0.1,85.4,,,,0.0,0.0,100.0,0.0,0.6,100.0,0.0
2018-08-29,,,,,,,,,,,,,0.0,0.7,100.0,0.0
2018-08-30,,,,,,,,,,,,,0.0,1.1,100.0,0.0
2018-08-31,0.0,1.2,98.4,,,,,,,0.0,0.0,100.0,0.0,0.9,100.0,0.0
2018-09-01,0.0,2.1,99.4,,,,,,,,,,0.0,0.9,100.0,0.0
2018-09-02,0.0,3.2,99.4,0.0,0.1,48.5,,,,,,,0.0,0.7,100.0,0.0
2018-09-03,,,,,,,,,,,,,0.0,1.0,100.0,0.0
2018-09-04,,,,,,,,,,,,,0.0,0.8,100.0,0.0
2018-09-05,,,,,,,,,,,,,0.0,0.9,100.0,0.0
2018-09-06,0.0,3.3,98.5,,,,,,,0.0,0.1,95.6,0.0,0.7,100.0,0.0
2018-09-07,0.0,1.4,99.4,,,,,,,0.0,0.2,100.0,0.0,0.9,100.0,0.0
2018-09-08,0.0,0.9,99.4,,,,,,,,,,0.0,0.7,100.0,0.0
2018-09-09,,,,,,,,,,,,,0.0,0.5,100.0,0.0
2018-09-10,,,,,,,,,,,,,0.0,0.4,100.0,0.0
2018-09-11,,,,,,,,,,,,,0.0,0.4,100.0,0.0
2018-09-12,0.0,0.4,98.3,0.0,0.1,85.0,,,,0.0,0.3,100.0,0.0,0.3,100.0,0.0
2018-09-13,0.0,0.3,99.4,,,,,,,,,,0.0,0.3,100.0,0.0
2018-09-14,0.0,0.2,99.3,,,,,,,,,,0.0,0.2,100.0,0.0
2018-09-15,,,,,,,,,,,,,0.0,0.3,100.0,0.0
2018-09-16,,,,,,,,,,,,,0.0,0.2,100.0,0.0
2018-09-17,,,,0.0,0.1,47.7,,,,,,,0.0,0.1,100.0,0.0
2018-09-18,0.0,0.3,98.5,,,,,,,,,,0.0,0.1,100.0,0.0
2018-09-19,0.0,0.3,99.4,,,,,,,,,,0.0,0.1,100.0,0.0
2018-09-20,0.2,0.4,100.0,,,,,,,0.0,0.4,73.1,0.0,0.1,100.0,0.0
2018-09-21,,,,,,,,,,,,,0.0,0.1,100.0,0.0
2018-09-22,,,,0.0,0.1,85.4,,,,,,,0.0,0.1,100.0,0.0
2018-09-23,,,,,,,0.7,1.0,100.0,,,,0.0,0.1,100.0,0.0
2018-09-24,0.0,0.1,98.4,,,,,,,,,,0.0,0.1,100.0,0.0
2018-09-25,0.0,0.2,100.0,,,,,,,,,,0.0,0.1,100.0,0.0
2018-09-26,0.0,0.3,98.1,,,,,,,0.0,2.5,87.7,0.0,0.1,100.0,0.0
2018-09-27,,,,0.0,0.1,85.3,,,,,,,0.0,0.2,100.0,0.0
2018-09-28,,,,,,,,,,,,,0.0,0.1,100.0,0.0
2018-09-29,,,,,,,,,,,,,0.0,0.2,100.0,0.0
2018-09-30,0.0,0.5,99.3,,,,,,,,,,0.0,0.2,100.0,0.0
2018-10-01,0.0,0.1,98.3,,,,,,,,,,0.0,0.4,100.0,0.0
2018-10-02,0.0,0.1,93.1,0.0,0.1,85.4,,,,,,,0.0,0.3,100.0,0.0
2018-10-03,,,,,,,,,,,,,0.0,0.3,100.0,0.0
2018-10-04,,,,,,,,,,,,,0.0,0.2,100.0,0.0
2018-10-05,,,,,,,,,,,,,0.0,0.3,100.0,0.0
2018-10-06,0.0,0.4,96.8,,,,,,,,,,0.0,0.2,100.0,0.0
2018-10-07,0.1,2.6,100.0,,,,,,,,,,0.0,0.3,100.0,0.0
2018-10-08,0.5,7.5,100.0,,,,,,,,,,0.0,0.3,100.0,0.0
2018-10-09,,,,,,,0.0,0.0,72.2,,,,0.0,0.5,100.0,0.0
2018-10-10,,,,,,,,,,,,,0.0,0.5,100.0,0.0
2018-10-11,,,,,,,,,,,,,0.0,0.5,100.0,0.0
2018-10-12,0.3,3.8,98.4,,,,,,,,,,0.0,0.5,100.0,0.0
2018-10-13,0.2,1.2,100.0,,,,,,,,,,0.0,0.8,100.0,0.0
2018-10-14,0.4,1.4,99.8,,,,,,,,,,0.0,0.7,100.0,0.0
2018-10-15,,,,,,,,,,,,,0.0,1.1,100.0,0.0
2018-10-16,,,,,,,,,,,,,0.0,1.2,100.0,0.0
2018-10-17,,,,0.0,0.1,72.7,,,,,,,0.0,1.4,100.0,0.0
2018-10-18,0.6,2.2,98.6,,,,,,,,,,0.0,1.0,100.0,0.0
2018-10-19,0.6,2.8,100.0,,,,,,,,,,0.0,1.2,100.0,0.0
2018-10-20,0.3,2.2,100.0,,,,,,,,,,0.0,1.0,100.0,0.0
2018-10-21,,,,,,,,,,,,,0.0,1.1,100.0,0.0
2018-10-22,,,,0.0,0.1,85.3,,,,,,,0.0,0.6,100.0,0.0
2018-10-23,,,,,,,,,,,,,0.0,0.7,100.0,0.0
2018-10-24,0.0,0.9,99.3,,,,,,,,,,0.0,0.7,100.0,0.0
2018-10-25,0.2,2.8,100.0,,,,0.0,0.1,100.0,,,,0.0,0.8,100.0,0.0
2018-10-26,0.8,7.4,100.0,,,,,,,,,,0.0,0.5,100.0,0.0
2018-10-27,,,,,,,,,,,,,0.0,0.7,100.0,0.0
2018-10-28,,,,,,,,,,,,,0.0,0.8,100.0,0.0
2018-10-29,,,,,,,,,,,,,0.0,1.3,100.0,0.0
2018-10-30,0.7,8.4,98.8,,,,,,,,,,0.0,1.3,100.0,0.0
2018-10-31,0.8,9.0,100.0,,,,,,,,,,0.0,2.0,100.0,0.0
2018-11-01,0.4,4.7,100.0,,,,,,,,,,0.0,2.0,100.0,0.0
2018-11-02,,,,,,,,,,,,,0.0,3.7,100.0,0.0
2018-11-03,,,,,,,,,,,,,0.0,3.0,100.0,0.0
2018-11-04,,,,,,,,,,,,,0.0,4.2,100.0,0.0
2018-11-05,0.2,3.0,98.4,,,,,,,,,,0.0,3.7,100.0,0.0
2018-11-06,0.4,3.3,100.0,,,,,,,,,,0.0,6.5,100.0,0.0
2018-11-07,2.5,5.4,99.9,,,,,,,,,,0.0,6.3,100.0,0.0
2018-11-08,,,,,,,,,,,,,0.0,11.0,100.0,0.0
2018-11-09,,,,,,,,,,,,,0.0,8.7,100.0,0.0
2018-11-10,,,,,,,,,,,,,0.1,21.4,100.0,0.1
2018-11-11,4.1,5.4,98.1,,,,,,,,,,0.0,14.6,100.0,0.0
2018-11-12,0.0,0.7,74.4,,,,,,,,,,0.2,26.3,100.0,0.2
2018-11-13,0.0,0.6,74.3,,,,,,,,,,0.0,17.8,100.0,0.0
2018-11-14,,,,,,,,,,,,,0.3,32.3,100.0,0.3
2018-11-15,,,,,,,,,,,,,0.0,22.8,100.0,0.0
2018-11-16,,,,,,,,,,,,,0.3,41.0,100.0,0.3
2018-11-17,0.0,0.5,74.3,,,,,,,,,,0.0,30.0,100.0,0.0
2018-11-18,0.1,1.1,74.4,,,,,,,,,,0.8,47.4,100.0,0.8
2018-11-19,0.0,1.3,74.1,,,,,,,,,,0.0,34.9,100.0,0.0
2018-11-20,,,,,,,,,,,,,1.0,47.5,100.0,1.0
2018-11-21,,,,,,,,,,,,,0.1,38.2,100.0,0.1
2018-11-22,,,,,,,,,,,,,1.8,48.2,100.0,1.8
2018-11-23,0.1,2.0,74.3,,,,,,,,,,0.2,37.1,100.0,0.2
2018-11-24,0.1,2.2,74.4,,,,,,,,,,1.5,40.4,100.0,1.5
2018-11-25,,,,,,,,,,,,,0.1,31.5,100.0,0.1
2018-11-26,,,,,,,,,,,,,0.9,33.4,100.0,0.9
2018-11-27,,,,,,,,,,,,,0.5,29.9,100.0,0.5
2018-11-28,,,,,,,,,,,,,0.9,29.1,100.0,0.9
2018-11-29,0.5,5.1,74.2,,,,,,,,,,2.2,28.1,100.0,2.2
2018-11-30,1.1,6.8,74.4,,,,,,,,,,0.7,27.1,100.0,0.7
2018-12-01,1.9,6.7,74.3,0.0,1.3,100.0,,,,,,,1.4,26.0,100.0,1.4
2018-12-02,,,,,,,,,,,,,0.1,23.1,100.0,0.1
2018-12-03,,,,,,,,,,,,,0.1,22.9,100.0,0.1
2018-12-04,,,,,,,,,,,,,0.0,19.5,100.0,0.0
2018-12-05,1.4,4.1,74.2,,,,,,,,,,0.0,20.6,100.0,0.0
2018-12-06,0.2,1.4,74.4,,,,,,,,,,0.0,18.7,100.0,0.0
2018-12-07,0.0,1.0,74.2,,,,,,,,,,0.0,19.4,100.0,0.0
2018-12-08,,,,,,,,,,,,,0.0,19.5,100.0,0.0
2018-12-09,,,,,,,,,,,,,0.0,19.4,100.0,0.0
2018-12-10,,,,,,,,,,,,,0.0,23.0,100.0,0.0
2018-12-11,0.0,0.6,74.2,0.1,3.3,100.0,,,,,,,0.0,24.6,100.0,0.0
2018-12-12,0.0,0.4,74.4,,,,,,,,,,0.0,29.6,100.0,0.0
2018-12-13,0.0,0.3,74.4,,,,,,,,,,0.0,26.4,100.0,0.0
2018-12-14,,,,,,,,,,,,,0.0,35.1,100.0,0.0
2018-12-15,,,,,,,,,,,,,0.1,32.4,100.0,0.1
2018-12-16,,,,,,,,,,,,,0.1,38.1,100.0,0.1
2018-12-17,0.0,0.4,74.1,,,,,,,,,,0.2,32.9,100.0,0.2
2018-12-18,0.1,2.1,74.4,,,,,,,,,,0.5,37.5,100.0,0.5
2018-12-19,0.3,5.3,74.4,,,,,,,,,,1.3,36.4,100.0,1.3
2018-12-20,,,,,,,,,,,,,2.0,42.5,100.0,2.0
2018-12-21,,,,,,,,,,,,,1.9,38.4,100.0,1.9
2018-12-22,,,,,,,,,,,,,1.1,41.5,100.0,1.1
2018-12-23,0.4,9.9,74.2,,,,,,,,,,1.2,35.7,100.0,1.2
2018-12-24,7.3,24.8,74.4,,,,,,,,,,1.3,42.7,100.0,1.3
2018-12-25,82.5,52.2,74.4,,,,,,,,,,7.3,42.0,100.0,7.3
2018-12-26,,,,0.0,1.9,100.0,,,,,,,2.3,43.4,100.0,2.3
2018-12-27,,,,,,,,,,,,,0.9,39.0,100.0,0.9
2018-12-28,,,,,,,,,,,,,0.7,44.4,100.0,0.7
2018-12-29,81.8,53.5,74.2,,,,,,,,,,0.8,46.8,100.0,0.8
2018-12-30,89.7,60.0,74.4,,,,,,,,,,3.1,51.0,100.0,3.1
2018-12-31,99.3,67.6,74.4,0.0,1.7,100.0,,,,,,,0.6,45.4,100.0,0.6
2019-01-01,,,,,,,,,,,,,1.1,45.3,100.0,1.1
2019-01-02,,,,,,,,,,,,,0.3,43.1,100.0,0.3
2019-01-03,,,,,,,,,,,,,1.8,49.9,100.0,1.8
2019-01-04,99.5,67.8,99.8,,,,,,,,,,4.5,50.3,100.0,4.5
2019-01-05,99.4,70.6,100.0,0.0,1.5,100.0,,,,,,,8.6,51.2,100.0,8.6
2019-01-06,86.7,56.2,100.0,,,,,,,,,,3.5,44.9,100.0,3.5
2019-01-07,,,,,,,,,,,,,5.5,47.3,100.0,5.5
2019-01-08,,,,,,,,,,,,,3.3,39.9,100.0,3.3
2019-01-09,,,,,,,,,,,,,4.6,39.1,100.0,4.6
2019-01-10,13.5,31.9,99.7,0.1,2.6,100.0,,,,,,,1.9,31.6,100.0,1.9
2019-01-11,5.3,23.4,100.0,,,,,,,,,,5.7,37.9,100.0,5.7
2019-01-12,0.2,11.4,97.6,,,,,,,,,,3.8,33.0,100.0,3.8
2019-01-13,,,,,,,0.1,6.7,51.3,,,,5.0,34.2,100.0,5.0
2019-01-14,,,,,,,,,,,,,3.6,31.1,100.0,3.6
2019-01-15,,,,1.9,23.1,100.0,,,,,,,24.4,43.1,100.0,24.4
2019-01-16,0.0,8.2,97.5,,,,,,,,,,15.5,40.3,100.0,15.5
2019-01-17,0.0,6.7,97.6,,,,,,,,,,32.2,46.6,100.0,32.2
2019-01-18,0.0,9.2,97.5,,,,,,,,,,32.0,47.5,100.0,32.0
2019-01-19,,,,,,,,,,,,,58.0,59.0,100.0,58.0
2019-01-20,,,,99.6,89.4,100.0,,,,,,,62.6,65.5,100.0,62.6
2019-01-21,,,,,,,,,,,,,82.3,74.3,100.0,82.3
2019-01-22,0.1,16.9,97.2,,,,,,,,,,91.9,78.3,100.0,91.9
2019-01-23,1.4,17.6,97.6,,,,,,,,,,99.8,86.6,100.0,99.8
2019-01-24,5.7,25.0,97.6,,,,,,,,,,100.0,87.9,100.0,100.0
2019-01-25,,,,99.2,95.8,100.0,,,,,,,100.0,93.0,100.0,100.0
2019-01-26,,,,,,,,,,,,,100.0,94.0,100.0,100.0
2019-01-27,,,,,,,,,,,,,100.0,95.9,100.0,100.0
2019-01-28,3.9,21.7,97.3,,,,,,,99.9,76.9,100.0,100.0,96.1,100.0,100.0
2019-01-29,2.6,19.7,97.6,,,,100.0,100.0,86.3,,,,100.0,98.3,100.0,100.0
2019-01-30,3.0,21.6,97.5,100.0,100.0,84.2,,,,,,,100.0,98.4,100.0,100.0
2019-01-31,,,,,,,,,,,,,100.0,98.8,100.0,100.0
2019-02-01,,,,,,,,,,,,,100.0,98.6,100.0,100.0
2019-02-02,,,,,,,,,,,,,100.0,98.9,100.0,100.0
2019-02-03,25.3,32.4,97.3,,,,,,,,,,100.0,98.9,100.0,100.0
2019-02-04,17.1,29.3,97.6,100.0,100.0,100.0,,,,,,,100.0,99.4,100.0,100.0
2019-02-05,21.9,32.7,97.5,,,,,,,,,,100.0,99.2,100.0,100.0
2019-02-06,,,,,,,,,,,,,100.0,99.3,100.0,100.0
2019-02-07,,,,,,,,,,,,,100.0,99.0,100.0,100.0
2019-02-08,,,,,,,,,,,,,100.0,99.2,100.0,100.0
2019-02-09,35.1,37.2,97.2,100.0,100.0,100.0,,,,,,,100.0,99.2,100.0,100.0
2019-02-10,65.3,47.7,97.6,,,,,,,,,,100.0,99.3,100.0,100.0
2019-02-11,93.4,65.8,97.3,,,,,,,,,,100.0,99.2,100.0,100.0
2019-02-12,,,,,,,,,,,,,100.0,99.3,100.0,100.0
2019-02-13,,,,,,,,,,99.8,85.9,100.0,100.0,99.2,100.0,100.0
2019-02-14,,,,100.0,100.0,100.0,100.0,100.0,100.0,99.8,89.4,100.0,100.0,99.6,100.0,100.0
2019-02-15,,,,,,,,,,,,,100.0,99.3,100.0,100.0
2019-02-16,99.1,81.8,97.5,,,,,,,,,,100.0,99.4,100.0,100.0
2019-02-17,99.9,87.6,97.4,,,,,,,100.0,95.3,100.0,100.0,99.3,100.0,100.0
2019-02-18,,,,,,,,,,,,,100.0,99.4,100.0,100.0
2019-02-19,,,,100.0,99.9,100.0,,,,,,,100.0,99.4,100.0,100.0
2019-02-20,,,,,,,,,,100.0,95.8,100.0,100.0,99.2,100.0,100.0
2019-02-21,100.0,89.9,96.8,,,,,,,100.0,96.5,100.0,100.0,99.2,100.0,100.0
2019-02-22,100.0,92.7,97.2,,,,,,,,,,100.0,99.2,100.0,100.0
2019-02-23,100.0,94.3,97.4,,,,,,,,,,100.0,99.1,100.0,100.0
2019-02-24,,,,100.0,98.7,100.0,,,,100.0,94.6,100.0,100.0,99.1,100.0,100.0
2019-02-25,,,,,,,,,,,,,100.0,98.7,100.0,100.0
2019-02-26,,,,,,,,,,,,,100.0,98.7,100.0,100.0
2019-02-27,100.0,95.8,96.2,,,,,,,100.0,92.4,100.0,100.0,98.8,100.0,100.0
2019-02-28,100.0,95.8,97.6,,,,,,,98.6,85.6,100.0,100.0,98.7,100.0,100.0
2019-03-01,100.0,97.5,97.4,,,,,,,,,,100.0,98.6,100.0,100.0
2019-03-02,,,,,,,100.0,98.8,100.0,,,,100.0,98.5,100.0,100.0
2019-03-03,,,,,,,,,,89.7,75.6,100.0,100.0,98.3,100.0,100.0
2019-03-04,,,,,,,,,,,,,100.0,98.1,100.0,100.0
2019-03-05,100.0,98.7,96.9,,,,,,,,,,100.0,98.0,100.0,100.0
2019-03-06,100.0,99.2,97.6,,,,,,,73.6,63.9,100.0,100.0,98.1,100.0,100.0
2019-03-07,100.0,99.7,97.4,,,,,,,58.7,55.0,100.0,100.0,97.8,100.0,100.0
2019-03-08,,,,,,,,,,,,,100.0,97.9,100.0,100.0
2019-03-09,,,,,,,,,,,,,100.0,97.6,100.0,100.0
2019-03-10,,,,,,,,,,36.8,43.2,100.0,100.0,97.9,100.0,100.0
2019-03-11,100.0,99.9,97.1,,,,,,,,,,100.0,98.0,100.0,100.0
2019-03-12,100.0,99.9,97.6,,,,,,,,,,100.0,98.6,100.0,100.0
2019-03-13,100.0,99.9,97.2,,,,,,,,,,100.0,98.4,100.0,100.0
2019-03-14,,,,,,,,,,,,,100.0,98.3,100.0,100.0
2019-03-15,,,,,,,,,,,,,100.0,98.5,100.0,100.0
2019-03-16,,,,97.2,92.3,100.0,,,,,,,100.0,98.8,100.0,100.0
2019-03-17,100.0,100.0,96.8,,,,,,,,,,100.0,98.9,100.0,100.0
2019-03-18,100.0,99.9,97.6,,,,100.0,98.7,51.6,,,,100.0,98.9,100.0,100.0
2019-03-19,100.0,99.9,97.3,,,,,,,,,,100.0,98.9,100.0,100.0
2019-03-20,,,,,,,,,,,,,100.0,98.8,100.0,100.0
2019-03-21,,,,99.8,93.4,100.0,,,,,,,100.0,98.9,100.0,100.0
2019-03-22,,,,,,,,,,,,,100.0,98.7,100.0,100.0
2019-03-23,100.0,99.9,95.5,,,,,,,,,,100.0,98.9,100.0,100.0
2019-03-24,100.0,99.9,97.6,,,,,,,,,,100.0,98.9,100.0,100.0
2019-03-25,100.0,99.8,97.6,,,,,,,,,,100.0,98.9,100.0,100.0
2019-03-26,,,,97.9,93.1,100.0,,,,,,,100.0,98.9,100.0,100.0
2019-03-27,,,,,,,,,,,,,100.0,98.7,100.0,100.0
2019-03-28,,,,,,,,,,,,,100.0,98.6,100.0,100.0
2019-03-29,100.0,99.8,96.0,,,,,,,,,,100.0,98.8,100.0,100.0
2019-03-30,100.0,99.3,97.6,,,,,,,,,,100.0,98.7,100.0,100.0
2019-03-31,99.9,96.4,97.6,99.9,99.0,100.0,,,,,,,100.0,98.9,100.0,100.0
2019-04-01,,,,,,,,,,,,,100.0,98.3,100.0,100.0
2019-04-02,,,,,,,,,,,,,100.0,97.7,100.0,100.0
2019-04-03,,,,,,,,,,,,,100.0,97.2,100.0,100.0
2019-04-04,99.6,92.7,97.2,,,,,,,,,,99.9,96.9,100.0,99.9
2019-04-05,97.4,80.3,97.6,100.0,99.6,100.0,,,,,,,100.0,97.1,100.0,100.0
2019-04-06,43.1,39.7,97.6,,,,,,,,,,99.6,95.0,100.0,99.6
2019-04-07,,,,,,,,,,,,,99.4,93.9,100.0,99.4
2019-04-08,,,,,,,,,,,,,98.2,92.3,100.0,98.2
2019-04-09,,,,,,,,,,,,,98.1,91.7,100.0,98.1
2019-04-10,3.0,17.2,97.1,100.0,97.0,62.2,,,,,,,96.0,88.7,100.0,96.0
2019-04-11,13.2,26.0,97.6,,,,,,,,,,96.0,87.7,100.0,96.0
2019-04-12,38.4,37.7,89.1,,,,,,,,,,94.8,86.0,100.0,94.8
2019-04-13,,,,,,,,,,,,,95.7,85.7,100.0,95.7
2019-04-14,,,,,,,,,,,,,93.5,82.4,100.0,93.5
2019-04-15,,,,,,,,,,,,,95.7,83.0,100.0,95.7
2019-04-16,29.0,33.2,88.8,,,,,,,,,,94.0,80.5,100.0,94.0
2019-04-17,55.8,43.6,89.1,,,,,,,,,,94.8,79.9,100.0,94.8
2019-04-18,85.3,64.7,89.1,,,,,,,,,,94.3,77.9,100.0,94.3
2019-04-19,,,,,,,,,,,,,92.4,74.7,100.0,92.4
2019-04-20,,,,,,,,,,,,,91.7,74.0,100.0,91.7
2019-04-21,,,,,,,,,,,,,89.2,71.4,100.0,89.2
2019-04-22,79.9,60.3,89.1,,,,,,,,,,88.4,72.0,100.0,88.4
2019-04-23,85.8,66.4,89.1,,,,,,,,,,84.1,70.3,100.0,84.1
2019-04-24,92.5,72.2,89.1,,,,,,,,,,80.3,68.8,100.0,80.3
2019-04-25,,,,,,,,,,,,,78.0,68.2,100.0,78.0
2019-04-26,,,,,,,,,,,,,75.3,66.8,100.0,75.3
2019-04-27,,,,,,,,,,,,,72.4,65.7,100.0,72.4
2019-04-28,93.1,71.0,89.0,,,,,,,,,,72.1,66.3,100.0,72.1
2019-04-29,91.8,69.5,89.1,,,,,,,,,,68.6,64.9,100.0,68.6
2019-04-30,86.7,60.2,89.0,52.8,50.3,100.0,,,,,,,62.5,62.0,100.0,62.5
2019-05-01,,,,,,,,,,,,,51.0,52.7,100.0,51.0
2019-05-02,,,,,,,,,,,,,45.4,48.7,100.0,45.4
2019-05-03,,,,,,,,,,,,,36.0,43.6,100.0,36.0
2019-05-04,90.2,63.9,89.0,,,,,,,,,,21.6,38.0,100.0,21.6
2019-05-05,42.0,37.8,89.1,,,,,,,,,,9.1,31.8,100.0,9.1
2019-05-06,5.9,10.8,89.0,,,,,,,,,,3.3,25.3,100.0,3.3
2019-05-07,,,,,,,,,,,,,1.1,19.9,100.0,1.1
2019-05-08,,,,,,,,,,,,,0.7,14.8,100.0,0.7
2019-05-09,,,,,,,,,,,,,0.4,10.8,100.0,0.4
2019-05-10,3.1,6.2,89.0,0.5,3.6,100.0,,,,,,,0.3,8.4,100.0,0.3
2019-05-11,1.5,4.4,89.1,,,,,,,,,,0.1,7.3,100.0,0.1
2019-05-12,0.4,2.6,89.0,,,,,,,,,,0.1,7.3,100.0,0.1
2019-05-13,,,,,,,,,,,,,0.0,7.4,100.0,0.0
2019-05-14,,,,,,,,,,,,,0.0,7.0,100.0,0.0
2019-05-15,,,,0.0,0.5,100.0,,,,,,,0.0,7.2,100.0,0.0
2019-05-16,0.1,1.5,88.9,,,,,,,,,,0.0,5.9,100.0,0.0
2019-05-17,0.1,1.8,89.1,,,,,,,,,,0.0,6.3,100.0,0.0
2019-05-18,0.3,3.0,89.1,,,,,,,,,,0.0,4.9,100.0,0.0
2019-05-19,,,,,,,,,,,,,0.0,5.8,100.0,0.0
2019-05-20,,,,,,,,,,,,,0.0,5.6,100.0,0.0
2019-05-21,,,,,,,,,,14.0,19.9,82.6,0.0,6.4,100.0,0.0
2019-05-22,0.6,4.1,89.0,,,,,,,0.8,8.9,100.0,0.0,5.9,100.0,0.0
2019-05-23,0.3,2.6,89.0,,,,,,,,,,0.0,8.3,100.0,0.0
2019-05-24,0.2,2.8,89.0,,,,,,,0.0,5.9,65.6,0.0,6.8,100.0,0.0
2019-05-25,,,,0.0,0.5,49.4,,,,,,,0.0,7.5,100.0,0.0
2019-05-26,,,,,,,,,,,,,0.0,6.6,100.0,0.0
2019-05-27,,,,,,,,,,,,,0.0,7.2,100.0,0.0
2019-05-28,0.0,2.3,89.0,,,,,,,,,,0.0,7.2,100.0,0.0
2019-05-29,0.0,2.2,89.1,,,,,,,0.0,1.4,34.9,0.0,7.0,100.0,0.0
2019-05-30,0.0,1.7,89.0,0.0,0.3,100.0,,,,,,,0.0,6.6,100.0,0.0
2019-05-31,,,,,,,,,,,,,0.0,6.5,100.0,0.0
2019-06-01,,,,,,,,,,0.0,0.8,66.9,0.0,5.7,100.0,0.0
2019-06-02,,,,,,,,,,0.0,0.4,70.6,0.0,5.4,100.0,0.0
2019-06-03,0.0,2.4,88.9,,,,,,,,,,0.0,4.7,100.0,0.0
2019-06-04,0.0,1.4,89.1,0.0,0.3,100.0,,,,,,,0.0,4.2,100.0,0.0
2019-06-05,0.0,0.9,89.1,,,,,,,,,,0.0,3.8,100.0,0.0
2019-06-06,,,,,,,,,,,,,0.0,4.0,100.0,0.0
2019-06-07,,,,,,,,,,,,,0.0,3.7,100.0,0.0
2019-06-08,,,,,,,,,,0.0,0.1,55.3,0.0,3.5,100.0,0.0
2019-06-09,0.0,0.9,88.9,,,,,,,,,,0.0,3.5,100.0,0.0
2019-06-10,0.0,0.7,89.1,,,,,,,,,,0.0,3.4,100.0,0.0
2019-06-11,0.0,0.7,89.1,,,,,,,,,,0.0,2.9,100.0,0.0
2019-06-12,,,,,,,,,,,,,0.0,4.5,100.0,0.0
2019-06-13,,,,,,,,,,0.0,0.1,57.3,0.0,4.6,100.0,0.0
2019-06-14,,,,,,,,,,,,,0.0,5.9,100.0,0.0
2019-06-15,0.0,1.0,88.8,,,,,,,,,,0.0,4.3,100.0,0.0
2019-06-16,0.0,1.7,89.1,,,,,,,,,,0.0,4.5,100.0,0.0
2019-06-17,0.1,4.0,89.1,,,,,,,,,,0.0,4.5,100.0,0.0
2019-06-18,,,,,,,,,,,,,0.0,5.3,100.0,0.0
2019-06-19,,,,0.0,0.1,100.0,,,,0.0,0.1,100.0,0.0,3.6,100.0,0.0
2019-06-20,,,,,,,,,,,,,0.0,3.9,100.0,0.0
2019-06-21,0.4,6.6,88.9,,,,,,,,,,0.0,4.0,100.0,0.0
2019-06-22,0.4,7.0,89.1,,,,,,,,,,0.0,4.9,100.0,0.0
2019-06-23,0.4,6.5,89.0,,,,,,,0.0,0.0,100.0,0.0,3.8,100.0,0.0
2019-06-24,,,,0.0,0.1,100.0,,,,0.0,0.0,100.0,0.0,2.4,100.0,0.0
2019-06-25,,,,,,,,,,,,,0.0,2.0,100.0,0.0
2019-06-26,,,,,,,,,,,,,0.0,2.2,100.0,0.0
2019-06-27,0.4,5.8,88.8,,,,,,,0.0,0.0,100.0,0.0,1.6,100.0,0.0
2019-06-28,1.1,7.3,89.1,,,,,,,,,,0.0,1.5,100.0,0.0
2019-06-29,3.0,10.6,89.1,0.0,0.3,74.9,,,,,,,0.0,1.2,100.0,0.0
2019-06-30,,,,,,,,,,0.0,0.0,100.0,0.0,1.0,100.0,0.0
2019-07-01,,,,,,,,,,,,,0.0,0.7,100.0,0.0
2019-07-02,,,,,,,,,,,,,0.0,0.6,100.0,0.0
2019-07-03,1.3,7.4,89.0,,,,,,,,,,0.0,0.5,100.0,0.0
2019-07-04,1.0,7.5,89.1,0.0,0.2,45.2,,,,,,,0.0,0.8,100.0,0.0
2019-07-05,0.9,3.9,89.1,,,,,,,,,,0.0,0.4,100.0,0.0
2019-07-06,,,,,,,,,,,,,0.0,0.4,100.0,0.0
2019-07-07,,,,,,,,,,,,,0.0,0.4,100.0,0.0
2019-07-08,,,,,,,0.1,0.2,100.0,0.0,0.0,100.0,0.0,0.6,100.0,0.0
2019-07-09,0.8,3.6,89.0,0.0,0.2,94.6,,,,,,,0.0,0.4,100.0,0.0
2019-07-10,0.9,2.8,97.2,,,,,,,,,,0.0,0.3,100.0,0.0
2019-07-11,0.4,2.7,96.6,,,,,,,,,,0.0,0.3,100.0,0.0
2019-07-12,,,,,,,,,,,,,0.0,0.9,100.0,0.0
2019-07-13,,,,,,,,,,,,,0.0,0.8,100.0,0.0
2019-07-14,,,,0.0,0.1,100.0,,,,0.0,0.0,34.6,0.0,0.6,100.0,0.0
2019-07-15,0.2,1.4,96.4,,,,,,,,,,0.0,0.5,100.0,0.0
2019-07-16,0.2,1.2,96.6,,,,,,,,,,0.0,0.7,100.0,0.0
2019-07-17,0.2,2.1,96.5,,,,,,,,,,0.0,0.6,100.0,0.0
2019-07-18,,,,,,,,,,0.0,0.0,98.9,0.0,0.4,100.0,0.0
2019-07-19,,,,0.0,0.2,97.7,,,,0.0,0.0,97.4,0.0,0.3,100.0,0.0
2019-07-20,,,,,,,,,,,,,0.0,0.3,100.0,0.0
2019-07-21,0.3,2.7,96.1,,,,,,,,,,0.0,0.2,100.0,0.0
2019-07-22,0.3,5.2,96.6,,,,,,,0.0,0.0,35.8,0.0,0.2,100.0,0.0
2019-07-23,1.0,17.1,96.6,,,,,,,,,,0.0,0.2,100.0,0.0
2019-07-24,,,,0.0,0.2,100.0,0.0,0.0,95.8,,,,0.0,0.3,100.0,0.0
2019-07-25,,,,,,,,,,,,,0.0,0.2,100.0,0.0
2019-07-26,,,,,,,,,,,,,0.0,0.2,100.0,0.0
2019-07-27,1.3,17.9,96.2,,,,,,,,,,0.0,0.2,100.0,0.0
2019-07-28,4.0,22.4,96.6,,,,,,,,,,0.0,0.5,100.0,0.0
2019-07-29,1.4,18.7,96.5,0.0,0.2,100.0,,,,,,,0.0,0.4,100.0,0.0
2019-07-30,,,,,,,,,,,,,0.0,0.3,100.0,0.0
2019-07-31,,,,,,,,,,,,,0.0,0.4,100.0,0.0
2019-08-01,,,,,,,,,,,,,0.0,0.8,100.0,0.0
2019-08-02,0.6,14.2,96.3,,,,,,,,,,0.0,0.6,100.0,0.0
2019-08-03,0.1,5.0,96.6,0.0,0.1,100.0,,,,0.0,0.0,100.0,0.0,0.4,100.0,0.0
2019-08-04,0.0,1.3,96.6,,,,,,,,,,0.0,0.4,100.0,0.0
2019-08-05,,,,,,,,,,,,,0.0,0.6,100.0,0.0
2019-08-06,,,,,,,,,,0.0,0.0,94.9,0.0,0.4,100.0,0.0
2019-08-07,,,,,,,,,,,,,0.0,0.5,100.0,0.0
2019-08-08,0.0,0.8,96.3,0.0,0.1,90.3,,,,,,,0.0,0.4,100.0,0.0
2019-08-09,0.0,0.3,96.6,,,,,,,,,,0.0,0.8,100.0,0.0
2019-08-10,0.0,0.2,96.6,,,,,,,0.0,0.0,99.2,0.0,0.3,100.0,0.0
2019-08-11,,,,,,,,,,,,,0.0,0.4,100.0,0.0
2019-08-12,,,,,,,,,,,,,0.0,0.3,100.0,0.0
2019-08-13,,,,,,,,,,,,,0.0,0.3,100.0,0.0
2019-08-14,0.0,0.3,96.5,,,,,,,0.0,0.0,100.0,0.0,0.1,100.0,0.0
2019-08-15,0.0,0.3,96.6,,,,,,,,,,0.0,0.2,100.0,0.0
2019-08-16,0.0,0.9,96.6,,,,,,,,,,0.0,0.2,100.0,0.0
2019-08-17,,,,,,,,,,,,,0.0,0.1,100.0,0.0
2019-08-18,,,,0.0,0.2,68.4,,,,0.0,0.0,100.0,0.0,0.1,100.0,0.0
2019-08-19,,,,,,,,,,,,,0.0,0.1,100.0,0.0
2019-08-20,0.0,1.3,96.5,,,,,,,,,,0.0,0.1,100.0,0.0
2019-08-21,0.0,3.3,96.6,,,,,,,0.0,0.0,100.0,0.0,0.0,100.0,0.0
2019-08-22,0.4,9.0,96.6,,,,,,,,,,0.0,0.0,100.0,0.0
2019-08-23,,,,,,,,,,,,,0.0,0.0,100.0,0.0
2019-08-24,,,,,,,,,,,,,0.0,0.0,100.0,0.0
2019-08-25,,,,,,,0.0,0.0,100.0,0.0,0.0,100.0,0.0,0.0,100.0,0.0
2019-08-26,1.1,12.1,96.4,,,,,,,,,,0.0,0.0,100.0,0.0
2019-08-27,4.6,18.1,97.7,,,,,,,,,,0.0,0.0,100.0,0.0
2019-08-28,33.7,35.7,97.6,,,,,,,0.0,0.0,100.0,0.0,0.1,100.0,0.0
2019-08-29,,,,,,,,,,,,,0.0,0.1,100.0,0.0
2019-08-30,,,,,,,,,,,,,0.0,0.1,100.0,0.0
2019-08-31,,,,,,,,,,,,,0.0,0.2,100.0,0.0
2019-09-01,40.6,39.8,97.6,,,,,,,,,,0.0,0.2,100.0,0.0
2019-09-02,7.8,17.9,97.7,0.0,0.2,98.0,,,,0.0,0.0,100.0,0.0,0.3,100.0,0.0
2019-09-03,0.1,3.4,97.6,,,,,,,,,,0.0,0.3,100.0,0.0
2019-09-04,,,,,,,,,,,,,0.0,0.3,100.0,0.0
2019-09-05,,,,,,,,,,0.0,0.0,100.0,0.0,0.2,100.0,0.0
2019-09-06,,,,,,,,,,,,,0.0,0.2,100.0,0.0
2019-09-07,0.1,2.6,97.6,,,,,,,,,,0.0,0.3,100.0,0.0
2019-09-08,0.0,1.1,97.7,,,,,,,,,,0.0,0.3,100.0,0.0
2019-09-09,0.0,0.4,97.7,,,,,,,,,,0.0,0.3,100.0,0.0
2019-09-10,,,,,,,,,,,,,0.0,0.5,100.0,0.0
2019-09-11,,,,,,,,,,,,,0.0,0.5,100.0,0.0
2019-09-12,,,,0.0,0.2,100.0,,,,,,,0.0,0.4,100.0,0.0
2019-09-13,0.0,0.3,97.5,,,,,,,,,,0.0,0.2,100.0,0.0
2019-09-14,0.0,0.4,97.6,,,,,,,,,,0.0,0.2,100.0,0.0
2019-09-15,0.0,0.4,97.6,,,,,,,,,,0.0,0.3,100.0,0.0
2019-09-16,,,,,,,,,,,,,0.0,0.3,100.0,0.0
2019-09-17,,,,0.0,0.1,100.0,,,,,,,0.0,0.5,100.0,0.0
2019-09-18,,,,,,,,,,,,,0.0,0.7,100.0,0.0
2019-09-19,0.0,0.4,97.6,,,,,,,,,,0.0,0.8,100.0,0.0
2019-09-20,0.0,0.4,97.7,,,,,,,,,,0.0,0.6,100.0,0.0
2019-09-21,0.0,0.8,97.7,,,,,,,,,,0.0,0.8,100.0,0.0
2019-09-22,,,,,,,,,,,,,0.0,0.9,100.0,0.0
2019-09-23,,,,,,,,,,0.0,0.0,81.5,0.0,0.9,100.0,0.0
2019-09-24,,,,,,,,,,,,,0.0,0.9,100.0,0.0
2019-09-25,0.0,1.4,97.4,,,,,,,,,,0.0,1.3,100.0,0.0
2019-09-26,0.1,3.8,97.7,,,,,,,,,,0.0,1.4,100.0,0.0
2019-09-27,0.4,11.4,97.7,0.0,0.2,100.0,,,,,,,0.0,1.4,100.0,0.0
2019-09-28,,,,,,,,,,0.0,0.0,82.1,0.0,1.1,100.0,0.0
2019-09-29,,,,,,,,,,,,,0.0,1.6,100.0,0.0
2019-09-30,,,,,,,,,,,,,0.0,1.6,100.0,0.0
2019-10-01,0.2,7.6,97.4,,,,,,,0.0,0.1,100.0,0.0,1.5,100.0,0.0
2019-10-02,0.2,5.2,97.7,0.0,0.6,100.0,,,,0.0,0.1,73.1,0.0,1.7,100.0,0.0
2019-10-03,0.1,5.4,97.7,,,,,,,,,,0.0,1.9,100.0,0.0
2019-10-04,,,,,,,,,,,,,0.0,2.2,100.0,0.0
2019-10-05,,,,,,,,,,0.0,0.1,90.1,0.0,1.6,100.0,0.0
2019-10-06,,,,,,,,,,,,,0.0,2.2,100.0,0.0
2019-10-07,0.0,2.7,97.6,0.0,0.2,69.1,,,,,,,0.0,1.8,100.0,0.0
2019-10-08,0.0,2.2,97.7,,,,,,,,,,0.0,1.9,100.0,0.0
2019-10-09,0.0,1.7,97.7,,,,,,,,,,0.0,1.8,100.0,0.0
2019-10-10,,,,,,,,,,,,,0.0,2.3,100.0,0.0
2019-10-11,,,,,,,,,,,,,0.0,2.0,100.0,0.0
2019-10-12,,,,,,,,,,,,,0.0,1.7,100.0,0.0
2019-10-13,1.1,2.2,99.5,,,,,,,,,,0.0,1.1,100.0,0.0
2019-10-14,0.5,2.1,99.6,,,,,,,,,,0.0,1.2,100.0,0.0
2019-10-15,0.2,1.6,99.6,,,,,,,,,,0.0,1.4,100.0,0.0
2019-10-16,,,,,,,,,,0.0,0.0,100.0,0.0,1.1,100.0,0.0
2019-10-17,,,,,,,,,,0.0,0.1,85.0,0.0,1.5,100.0,0.0
2019-10-18,,,,,,,,,,,,,0.0,1.3,100.0,0.0
2019-10-19,0.1,1.0,99.1,,,,,,,,,,0.0,1.5,100.0,0.0
2019-10-20,0.1,0.8,99.6,,,,,,,0.0,0.1,100.0,0.0,1.2,100.0,0.0
2019-10-21,0.1,1.0,99.6,,,,,,,,,,0.0,1.7,100.0,0.0
2019-10-22,,,,,,,,,,,,,0.0,1.2,100.0,0.0
2019-10-23,,,,,,,,,,,,,0.0,1.7,100.0,0.0
2019-10-24,,,,,,,,,,0.0,0.1,100.0,0.0,1.5,100.0,0.0
2019-10-25,0.1,0.9,99.2,,,,,,,,,,0.0,2.4,100.0,0.0
2019-10-26,0.2,1.2,99.6,,,,,,,,,,0.0,1.9,100.0,0.0
2019-10-27,0.4,2.6,99.6,0.0,0.1,100.0,,,,,,,0.0,1.8,100.0,0.0
2019-10-28,,,,,,,,,,,,,0.0,2.1,100.0,0.0
2019-10-29,,,,,,,,,,,,,0.0,2.0,100.0,0.0
2019-10-30,,,,,,,,,,,,,0.0,1.6,100.0,0.0
2019-10-31,0.6,2.6,99.4,,,,,,,,,,0.0,1.5,100.0,0.0
2019-11-01,1.3,4.6,99.6,,,,,,,0.0,0.1,100.0,0.0,1.5,100.0,0.0
2019-11-02,4.9,14.6,99.6,,,,,,,,,,0.0,1.6,100.0,0.0
2019-11-03,,,,,,,,,,,,,0.0,1.8,100.0,0.0
2019-11-04,,,,,,,,,,,,,0.0,2.0,100.0,0.0
2019-11-05,,,,,,,,,,0.0,0.4,100.0,0.0,2.1,100.0,0.0
2019-11-06,3.1,11.9,99.1,0.0,1.2,98.5,,,,,,,0.0,2.2,100.0,0.0
2019-11-07,4.5,15.6,99.6,,,,,,,,,,0.0,2.6,100.0,0.0
2019-11-08,1.9,10.6,99.6,,,,,,,0.0,0.8,100.0,0.0,2.6,100.0,0.0
2019-11-09,,,,,,,,,,,,,0.0,2.8,100.0,0.0
2019-11-10,,,,,,,,,,,,,0.0,2.2,100.0,0.0
2019-11-11,,,,,,,,,,,,,0.0,2.7,100.0,0.0
2019-11-12,0.9,4.7,99.3,,,,,,,,,,0.0,3.0,100.0,0.0
2019-11-13,0.1,2.6,99.6,,,,0.0,0.3,87.7,,,,0.0,3.5,100.0,0.0
2019-11-14,0.0,2.3,99.6,,,,,,,,,,0.0,2.8,100.0,0.0
2019-11-15,,,,,,,,,,,,,0.0,3.4,100.0,0.0
2019-11-16,,,,,,,,,,,,,0.0,2.8,100.0,0.0
2019-11-17,,,,,,,,,,,,,0.0,3.2,100.0,0.0
2019-11-18,0.0,4.9,99.4,,,,,,,,,,0.0,2.6,100.0,0.0
2019-11-19,0.1,5.9,99.6,,,,,,,,,,0.0,3.1,100.0,0.0
2019-11-20,1.4,19.1,99.6,,,,,,,0.0,1.4,100.0,0.0,2.6,100.0,0.0
2019-11-21,,,,,,,,,,,,,0.0,3.7,100.0,0.0
2019-11-22,,,,,,,,,,,,,0.0,3.1,100.0,0.0
2019-11-23,,,,,,,,,,,,,0.0,3.2,100.0,0.0
2019-11-24,0.1,4.2,99.3,,,,,,,,,,0.0,3.1,100.0,0.0
2019-11-25,0.2,6.4,99.6,,,,,,,,,,0.0,4.0,100.0,0.0
2019-11-26,1.5,17.6,99.6,0.0,2.5,41.2,,,,,,,0.0,4.0,100.0,0.0
2019-11-27,,,,,,,,,,0.0,1.4,100.0,0.0,3.8,100.0,0.0
2019-11-28,,,,,,,,,,,,,0.0,4.9,100.0,0.0
2019-11-29,,,,,,,,,,,,,0.0,6.6,100.0,0.0
2019-11-30,0.4,10.7,99.3,,,,,,,,,,0.0,6.9,100.0,0.0
2019-12-01,0.5,11.3,99.6,,,,,,,,,,0.0,5.8,100.0,0.0
2019-12-02,0.8,7.5,99.5,,,,,,,,,,0.0,7.1,100.0,0.0
2019-12-03,,,,,,,,,,,,,0.0,7.2,100.0,0.0
2019-12-04,,,,,,,,,,0.0,1.1,65.6,0.0,6.8,100.0,0.0
2019-12-05,,,,,,,,,,,,,0.0,5.6,100.0,0.0
2019-12-06,1.1,7.7,99.1,0.0,3.7,100.0,,,,,,,0.0,7.8,100.0,0.0
2019-12-07,0.8,8.2,99.6,,,,,,,,,,0.0,6.9,100.0,0.0
2019-12-08,1.0,9.9,70.3,,,,,,,0.0,1.5,100.0,0.0,6.4,100.0,0.0
2019-12-09,,,,,,,,,,0.1,0.7,72.0,0.0,4.3,100.0,0.0
2019-12-10,,,,,,,,,,,,,0.1,6.8,100.0,0.1
2019-12-11,,,,,,,,,,,,,0.1,5.3,100.0,0.1
2019-12-12,0.4,8.2,99.0,,,,,,,0.2,1.2,100.0,0.1,4.8,100.0,0.1
2019-12-13,0.5,7.4,99.6,,,,,,,0.0,0.8,100.0,0.1,2.9,100.0,0.1
2019-12-14,0.7,11.1,99.6,,,,,,,,,,0.1,4.9,100.0,0.1
2019-12-15,,,,,,,1.6,5.3,100.0,,,,0.2,4.3,100.0,0.2
2019-12-16,,,,,,,,,,,,,0.1,4.4,100.0,0.1
2019-12-17,,,,,,,,,,0.4,1.0,100.0,0.1,3.1,100.0,0.1
2019-12-18,2.3,17.6,99.2,,,,,,,,,,0.1,4.8,100.0,0.1
2019-12-19,9.1,26.9,99.6,,,,,,,,,,0.1,4.8,100.0,0.1
2019-12-20,19.6,33.1,99.5,,,,,,,,,,0.0,4.9,100.0,0.0
2019-12-21,,,,,,,,,,0.4,0.8,100.0,0.0,3.5,100.0,0.0
2019-12-22,,,,,,,,,,,,,0.0,6.0,100.0,0.0
2019-12-23,,,,,,,,,,,,,0.0,7.2,100.0,0.0
2019-12-24,18.3,32.9,98.9,,,,,,,,,,0.0,9.6,100.0,0.0
2019-12-25,14.1,29.6,99.6,,,,,,,,,,0.0,10.9,100.0,0.0
2019-12-26,11.8,27.4,99.6,0.0,2.7,100.0,,,,,,,0.0,16.8,100.0,0.0
2019-12-27,,,,,,,,,,,,,0.0,17.1,100.0,0.0
2019-12-28,,,,,,,,,,,,,0.3,20.5,100.0,0.3
2019-12-29,,,,,,,,,,,,,0.1,17.6,100.0,0.1
2019-12-30,18.5,29.6,98.9,,,,,,,,,,0.7,31.2,100.0,0.7
2019-12-31,1.8,12.8,99.6,0.1,1.6,100.0,37.5,44.8,100.0,,,,1.0,35.5,100.0,1.0
2020-01-01,3.3,9.2,99.7,,,,,,,,,,0.9,35.6,100.0,0.9
2020-01-02,,,,,,,,,,,,,0.6,29.4,100.0,0.6
2020-01-03,,,,,,,,,,,,,0.7,32.2,100.0,0.7
2020-01-04,,,,,,,,,,,,,0.7,34.1,100.0,0.7
2020-01-05,0.7,3.7,97.7,0.5,3.6,100.0,,,,0.0,0.3,100.0,0.7,27.8,100.0,0.7
2020-01-06,0.4,2.3,99.3,,,,,,,,,,0.6,27.7,100.0,0.6
2020-01-07,0.1,1.4,99.8,,,,,,,,,,0.4,26.8,100.0,0.4
2020-01-08,,,,,,,,,,,,,0.4,32.0,100.0,0.4
2020-01-09,,,,,,,,,,,,,0.3,29.3,100.0,0.3
2020-01-10,,,,0.9,7.4,100.0,,,,,,,0.3,30.5,100.0,0.3
2020-01-11,0.1,1.5,97.6,,,,,,,0.0,0.4,100.0,0.0,24.5,100.0,0.0
2020-01-12,0.0,1.1,99.8,,,,,,,0.0,0.7,100.0,2.7,30.3,100.0,2.7
2020-01-13,0.0,0.8,99.8,,,,,,,,,,0.8,32.1,100.0,0.8
2020-01-14,,,,,,,,,,,,,13.9,38.4,100.0,13.9
2020-01-15,,,,56.3,52.4,100.0,,,,,,,15.4,39.7,100.0,15.4
2020-01-16,,,,,,,53.2,50.1,99.6,0.0,2.4,100.0,29.9,47.5,100.0,29.9
2020-01-17,0.0,0.7,97.5,,,,,,,,,,30.6,49.7,100.0,30.6
2020-01-18,0.0,1.0,99.8,,,,,,,,,,38.8,55.6,100.0,38.8
2020-01-19,0.1,4.5,99.6,,,,,,,,,,45.1,59.0,100.0,45.1
2020-01-20,,,,98.4,96.6,32.8,,,,0.1,3.8,100.0,69.9,67.3,100.0,69.9
2020-01-21,,,,,,,,,,,,,85.2,73.4,100.0,85.2
2020-01-22,,,,,,,,,,,,,88.3,75.9,100.0,88.3
2020-01-23,4.3,17.9,97.2,,,,,,,,,,86.8,76.3,100.0,86.8
2020-01-24,68.7,54.2,99.8,,,,,,,,,,91.0,81.5,100.0,91.0
2020-01-25,99.6,83.2,99.6,100.0,98.2,64.9,,,,,,,88.4,81.4,100.0,88.4
2020-01-26,,,,,,,,,,,,,87.0,79.6,100.0,87.0
2020-01-27,,,,,,,,,,,,,84.1,75.5,100.0,84.1
2020-01-28,,,,,,,,,,,,,84.4,75.6,100.0,84.4
2020-01-29,99.9,88.9,97.3,,,,,,,,,,85.3,77.6,100.0,85.3
2020-01-30,99.7,88.6,99.8,94.3,85.9,100.0,,,,,,,86.0,78.9,100.0,86.0
2020-01-31,99.6,89.6,99.8,,,,,,,0.0,4.4,100.0,79.6,69.1,100.0,79.6
2020-02-01,,,,,,,92.0,83.1,100.0,,,,83.3,73.7,100.0,83.3
2020-02-02,,,,,,,,,,,,,76.3,65.1,100.0,76.3
2020-02-03,,,,,,,,,,,,,76.9,66.3,100.0,76.9
2020-02-04,99.9,91.1,99.1,,,,,,,,,,60.5,56.9,100.0,60.5
2020-02-05,99.6,89.0,99.3,,,,,,,0.8,6.3,100.0,71.5,61.6,100.0,71.5
2020-02-06,99.3,85.4,99.6,,,,,,,,,,57.5,57.6,100.0,57.5
2020-02-07,,,,,,,,,,,,,62.4,59.2,100.0,62.4
2020-02-08,,,,,,,,,,4.8,11.0,100.0,18.9,49.7,100.0,18.9
2020-02-09,,,,14.7,19.3,100.0,,,,,,,42.7,55.1,100.0,42.7
2020-02-10,99.5,79.4,98.3,,,,,,,,,,7.0,48.0,100.0,7.0
2020-02-11,97.1,72.8,99.8,,,,,,,,,,30.1,51.9,100.0,30.1
2020-02-12,94.7,70.5,99.8,,,,,,,,,,22.7,51.4,100.0,22.7
2020-02-13,,,,,,,,,,2.8,10.5,99.1,33.5,52.1,100.0,33.5
2020-02-14,,,,3.8,7.8,100.0,,,,,,,38.7,54.6,100.0,38.7
2020-02-15,,,,,,,,,,,,,28.3,51.4,100.0,28.3
2020-02-16,76.8,53.9,97.6,,,,,,,,,,45.4,55.3,100.0,45.4
2020-02-17,76.3,54.0,99.0,,,,,,,,,,20.7,48.0,100.0,20.7
2020-02-18,9.6,24.5,89.9,,,,,,,,,,28.3,52.5,100.0,28.3
2020-02-19,,,,,,,,,,,,,15.5,46.6,100.0,15.5
2020-02-20,,,,,,,,,,4.1,11.3,100.0,24.3,51.1,100.0,24.3
2020-02-21,,,,,,,,,,2.3,10.3,100.0,10.1,42.4,100.0,10.1
2020-02-22,3.7,19.9,88.5,,,,,,,,,,13.4,46.7,100.0,13.4
2020-02-23,0.8,7.4,90.0,,,,,,,,,,6.8,38.8,100.0,6.8
2020-02-24,2.0,12.1,89.9,0.2,2.8,100.0,,,,,,,6.7,40.2,100.0,6.7
2020-02-25,,,,,,,,,,,,,4.9,34.4,100.0,4.9
2020-02-26,,,,,,,,,,,,,6.8,38.8,100.0,6.8
2020-02-27,,,,,,,,,,,,,2.5,31.9,100.0,2.5
2020-02-28,4.3,20.0,88.6,,,,,,,,,,5.3,36.8,100.0,5.3
2020-02-29,18.1,33.2,89.7,,,,,,,,,,0.9,31.2,100.0,0.9
2020-03-01,27.1,36.0,89.7,,,,,,,,,,2.2,35.5,100.0,2.2
2020-03-02,,,,,,,,,,,,,0.9,34.4,100.0,0.9
2020-03-03,,,,,,,,,,5.9,11.6,100.0,5.0,41.9,100.0,5.0
2020-03-04,,,,,,,73.6,55.6,97.0,1.4,8.6,100.0,12.8,47.3,100.0,12.8
2020-03-05,90.8,62.0,88.2,,,,,,,,,,14.7,47.9,100.0,14.7
2020-03-06,51.4,43.5,90.0,,,,,,,,,,39.8,54.9,100.0,39.8
2020-03-07,12.5,26.6,89.8,,,,,,,5.4,10.6,100.0,44.7,56.1,100.0,44.7
2020-03-08,,,,,,,,,,,,,68.4,61.6,100.0,68.4
2020-03-09,,,,,,,,,,,,,67.6,61.6,100.0,67.6
2020-03-10,,,,,,,,,,,,,77.2,63.9,100.0,77.2
2020-03-11,15.3,28.4,89.0,,,,,,,,,,82.2,65.9,100.0,82.2
2020-03-12,7.6,23.1,89.8,,,,,,,,,,77.1,64.2,100.0,77.1
2020-03-13,6.7,24.0,89.0,,,,,,,,,,65.8,61.9,100.0,65.8
2020-03-14,,,,,,,,,,11.1,12.2,100.0,45.7,57.0,100.0,45.7
2020-03-15,,,,,,,,,,15.9,16.9,100.0,67.3,62.1,100.0,67.3
2020-03-16,,,,,,,,,,,,,53.4,59.2,100.0,53.4
2020-03-17,3.6,21.9,88.5,,,,,,,,,,58.1,60.2,100.0,58.1
2020-03-18,52.2,44.0,90.0,,,,,,,16.0,17.9,100.0,33.5,53.0,100.0,33.5
2020-03-19,61.6,45.8,89.9,,,,,,,16.5,23.5,100.0,57.3,59.4,100.0,57.3
2020-03-20,,,,,,,,,,,,,30.8,52.2,100.0,30.8
2020-03-21,,,,,,,,,,,,,19.8,47.6,100.0,19.8
2020-03-22,,,,,,,,,,27.1,36.6,100.0,10.5,34.8,100.0,10.5
2020-03-23,48.5,42.0,89.1,,,,,,,44.9,47.3,99.9,12.3,41.6,100.0,12.3
2020-03-24,9.0,20.2,89.9,,,,,,,,,,9.9,37.4,100.0,9.9
2020-03-25,6.3,14.8,89.6,,,,,,,,,,8.8,32.6,100.0,8.8
2020-03-26,,,,,,,,,,,,,7.6,26.5,100.0,7.6
2020-03-27,,,,,,,,,,,,,7.1,24.1,100.0,7.1
2020-03-28,,,,,,,,,,,,,6.7,23.6,100.0,6.7
2020-03-29,1.8,7.9,88.5,,,,,,,,,,5.4,16.0,100.0,5.4
2020-03-30,0.7,4.9,89.9,,,,,,,86.3,70.7,99.6,4.8,14.2,100.0,4.8
2020-03-31,0.2,3.3,89.8,,,,,,,97.6,81.4,100.0,1.5,11.5,100.0,1.5
2020-04-01,,,,,,,,,,,,,1.0,12.4,100.0,1.0
2020-04-02,,,,,,,,,,,,,0.4,10.3,100.0,0.4
2020-04-03,,,,,,,,,,98.7,81.0,100.0,0.5,10.5,100.0,0.5
2020-04-04,0.1,2.3,88.3,0.9,3.7,100.0,,,,97.2,80.8,100.0,0.4,9.1,100.0,0.4
2020-04-05,0.0,2.2,89.6,,,,,,,,,,0.1,9.9,100.0,0.1
2020-04-06,0.0,1.7,89.6,,,,,,,,,,0.0,8.6,100.0,0.0
2020-04-07,,,,,,,,,,87.3,69.8,100.0,0.0,9.1,100.0,0.0
2020-04-08,,,,,,,,,,70.0,54.7,100.0,0.0,8.8,100.0,0.0
2020-04-09,,,,0.1,1.6,100.0,,,,,,,0.0,9.6,100.0,0.0
2020-04-10,0.0,1.6,89.0,,,,,,,,,,0.0,8.6,100.0,0.0
2020-04-11,0.0,2.4,90.0,,,,,,,24.0,33.9,100.0,0.0,9.0,100.0,0.0
2020-04-12,0.0,1.8,89.8,,,,,,,16.4,26.7,100.0,0.0,9.9,100.0,0.0
2020-04-13,,,,,,,,,,,,,0.0,11.1,100.0,0.0
2020-04-14,,,,0.0,0.9,100.0,,,,,,,0.0,11.4,100.0,0.0
2020-04-15,,,,,,,,,,0.2,7.4,100.0,0.0,11.0,100.0,0.0
2020-04-16,0.0,2.5,95.9,,,,,,,,,,0.0,10.7,100.0,0.0
2020-04-17,0.0,2.1,95.9,,,,,,,,,,0.0,12.0,100.0,0.0
2020-04-18,0.0,3.2,95.7,,,,,,,,,,0.0,13.4,100.0,0.0
2020-04-19,,,,,,,,,,,,,0.0,15.9,100.0,0.0
2020-04-20,,,,,,,,,,,,,0.0,15.2,100.0,0.0
2020-04-21,,,,,,,,,,,,,0.0,16.5,100.0,0.0
2020-04-22,0.1,3.4,95.6,,,,,,,,,,0.0,16.7,100.0,0.0
2020-04-23,1.4,6.8,96.7,,,,,,,,,,0.0,15.8,100.0,0.0
2020-04-24,1.9,9.8,95.6,0.0,0.5,93.2,,,,0.0,3.7,100.0,0.0,13.2,100.0,0.0
2020-04-25,,,,,,,,,,,,,0.0,13.9,100.0,0.0
2020-04-26,,,,,,,,,,,,,0.0,12.2,100.0,0.0
2020-04-27,,,,,,,,,,0.0,1.5,100.0,0.0,11.1,100.0,0.0
2020-04-28,5.0,13.3,95.6,,,,,,,,,,0.0,11.3,100.0,0.0
2020-04-29,1.4,10.9,95.7,0.0,0.4,84.7,,,,,,,0.0,10.5,100.0,0.0
2020-04-30,0.5,7.6,96.7,,,,,,,,,,0.0,8.6,100.0,0.0
2020-05-01,,,,,,,,,,,,,0.0,7.5,100.0,0.0
2020-05-02,,,,,,,,,,,,,0.0,9.0,100.0,0.0
2020-05-03,,,,,,,,,,,,,0.0,8.4,100.0,0.0
2020-05-04,0.1,5.8,66.0,0.0,0.4,100.0,,,,,,,0.0,5.7,100.0,0.0
2020-05-05,0.1,5.5,97.0,,,,,,,,,,0.0,3.9,100.0,0.0
2020-05-06,0.2,7.7,96.5,,,,,,,,,,0.0,5.0,100.0,0.0
2020-05-07,,,,,,,0.0,0.6,67.1,,,,0.0,4.9,100.0,0.0
2020-05-08,,,,,,,,,,,,,0.0,3.9,100.0,0.0
2020-05-09,,,,0.0,0.3,73.7,,,,,,,0.0,2.4,100.0,0.0
2020-05-10,4.4,18.6,57.8,,,,,,,,,,0.0,2.9,100.0,0.0
2020-05-11,12.0,22.9,57.3,,,,,,,,,,0.0,3.5,100.0,0.0
2020-05-12,15.7,26.3,57.6,,,,,,,0.0,2.2,60.2,0.0,3.3,100.0,0.0
2020-05-13,,,,,,,,,,,,,0.0,3.3,100.0,0.0
2020-05-14,,,,,,,,,,,,,0.0,4.2,100.0,0.0
2020-05-15,,,,,,,,,,,,,0.0,5.1,100.0,0.0
2020-05-16,47.2,41.6,56.0,,,,,,,,,,0.0,4.3,100.0,0.0
2020-05-17,13.1,24.6,57.2,,,,,,,0.0,0.5,100.0,0.0,4.7,100.0,0.0
2020-05-18,8.2,21.0,56.7,,,,,,,,,,0.0,4.8,100.0,0.0
2020-05-19,,,,,,,,,,,,,0.0,4.7,100.0,0.0
2020-05-20,,,,,,,,,,0.0,0.2,100.0,0.0,3.1,100.0,0.0
2020-05-21,,,,,,,,,,0.0,0.2,100.0,0.0,3.6,100.0,0.0
2020-05-22,3.5,15.2,56.9,,,,,,,,,,0.0,5.2,100.0,0.0
2020-05-23,0.2,5.1,58.3,,,,0.0,0.2,62.5,,,,0.0,5.7,100.0,0.0
2020-05-24,0.4,4.3,57.9,0.0,0.1,100.0,,,,0.0,0.1,100.0,0.0,4.1,100.0,0.0
2020-05-25,,,,,,,,,,0.0,0.1,100.0,0.0,4.2,100.0,0.0
2020-05-26,,,,,,,,,,,,,0.0,4.6,100.0,0.0
2020-05-27,,,,,,,,,,,,,0.0,4.3,100.0,0.0
2020-05-28,0.4,3.0,57.7,,,,,,,0.0,0.0,96.6,0.0,2.8,100.0,0.0
2020-05-29,1.4,5.0,57.9,,,,,,,0.0,0.0,84.1,0.0,2.4,100.0,0.0
2020-05-30,1.2,5.7,57.7,,,,,,,,,,0.0,2.4,100.0,0.0
2020-05-31,,,,,,,,,,,,,0.0,2.8,100.0,0.0
2020-06-01,,,,,,,,,,,,,0.0,2.5,100.0,0.0
2020-06-02,,,,,,,,,,,,,0.0,2.3,100.0,0.0
2020-06-03,2.0,7.1,57.4,0.0,0.1,68.3,,,,,,,0.0,2.0,100.0,0.0
2020-06-04,2.6,11.2,57.7,,,,,,,,,,0.0,1.8,100.0,0.0
2020-06-05,4.0,14.1,57.9,,,,,,,,,,0.0,1.5,100.0,0.0
2020-06-06,,,,,,,,,,,,,0.0,0.8,100.0,0.0
2020-06-07,,,,,,,,,,,,,0.0,1.0,100.0,0.0
2020-06-08,,,,,,,,,,,,,0.0,1.1,100.0,0.0
2020-06-09,2.1,10.4,57.5,,,,,,,,,,0.0,1.2,100.0,0.0
2020-06-10,0.2,3.7,58.2,,,,,,,,,,0.0,1.0,100.0,0.0
2020-06-11,,,,,,,,,,,,,0.0,1.8,100.0,0.0
2020-06-12,,,,,,,,,,,,,0.0,2.1,100.0,0.0
2020-06-13,,,,,,,,,,,,,0.0,2.5,100.0,0.0
2020-06-14,,,,,,,,,,,,,0.0,2.3,100.0,0.0
2020-06-15,0.1,2.6,57.8,,,,,,,,,,0.0,4.8,100.0,0.0
2020-06-16,0.0,3.4,58.3,,,,,,,,,,0.0,5.0,100.0,0.0
2020-06-17,0.1,3.1,58.1,,,,,,,,,,0.0,4.0,100.0,0.0
2020-06-18,,,,,,,,,,,,,0.0,3.0,100.0,0.0
2020-06-19,,,,,,,,,,,,,0.0,3.6,100.0,0.0
2020-06-20,,,,,,,,,,,,,0.0,4.1,100.0,0.0
2020-06-21,0.0,3.3,57.8,,,,,,,0.0,0.0,100.0,0.0,3.5,100.0,0.0
2020-06-22,0.0,1.8,58.4,,,,,,,,,,0.0,3.6,100.0,0.0
2020-06-23,,,,0.0,0.1,100.0,,,,,,,0.0,3.0,100.0,0.0
2020-06-24,,,,,,,,,,,,,0.0,3.3,100.0,0.0
2020-06-25,,,,,,,,,,0.0,0.0,100.0,0.0,2.5,100.0,0.0
2020-06-26,,,,,,,,,,,,,0.0,2.7,100.0,0.0
2020-06-27,0.0,2.9,58.3,,,,,,,,,,0.0,2.2,100.0,0.0
2020-06-28,0.0,1.8,58.2,,,,,,,0.0,0.0,100.0,0.0,2.3,100.0,0.0
2020-06-29,0.0,2.0,58.6,,,,,,,,,,0.0,2.3,100.0,0.0
2020-06-30,,,,,,,,,,,,,0.0,2.7,100.0,0.0
2020-07-01,,,,,,,,,,,,,0.0,2.6,100.0,0.0
2020-07-02,,,,,,,,,,,,,0.0,3.3,100.0,0.0
2020-07-03,0.0,1.8,57.7,0.0,0.1,98.5,,,,,,,0.0,2.9,100.0,0.0
2020-07-04,0.0,2.2,58.6,,,,,,,,,,0.0,2.6,100.0,0.0
2020-07-05,0.0,1.8,58.2,,,,,,,,,,0.0,2.4,100.0,0.0
2020-07-06,,,,,,,,,,,,,0.0,1.7,100.0,0.0
2020-07-07,,,,,,,,,,,,,0.0,2.0,100.0,0.0
2020-07-08,,,,0.0,0.1,98.1,,,,,,,0.0,1.8,100.0,0.0
2020-07-09,0.0,0.9,57.8,,,,,,,0.0,0.0,100.0,0.0,1.5,100.0,0.0
2020-07-10,0.0,1.0,58.2,,,,0.0,0.0,38.5,0.0,0.0,100.0,0.0,1.2,100.0,0.0
2020-07-11,0.0,0.8,57.9,,,,,,,,,,0.0,1.3,100.0,0.0
2020-07-12,,,,,,,,,,,,,0.0,0.9,100.0,0.0
2020-07-13,,,,,,,,,,,,,0.0,0.8,100.0,0.0
2020-07-14,,,,,,,,,,0.0,0.0,84.0,0.0,0.8,100.0,0.0
2020-07-15,0.0,0.6,57.8,,,,,,,,,,0.0,0.8,100.0,0.0
2020-07-16,0.0,0.4,57.8,,,,,,,,,,0.0,0.8,100.0,0.0
2020-07-17,0.0,0.5,57.8,,,,,,,,,,0.0,0.7,100.0,0.0
2020-07-18,,,,,,,,,,0.0,0.0,92.9,0.0,0.4,100.0,0.0
2020-07-19,,,,,,,,,,,,,0.0,0.3,100.0,0.0
2020-07-20,,,,,,,,,,,,,0.0,0.2,100.0,0.0
2020-07-21,0.0,0.7,57.5,,,,,,,,,,0.0,0.2,100.0,0.0
2020-07-22,0.0,1.8,97.5,,,,,,,,,,0.0,0.2,100.0,0.0
2020-07-23,0.0,2.3,97.4,0.0,0.1,100.0,,,,,,,0.0,0.2,100.0,0.0
2020-07-24,,,,,,,,,,,,,0.0,0.2,100.0,0.0
2020-07-25,,,,,,,,,,,,,0.0,0.1,100.0,0.0
2020-07-26,,,,,,,0.0,0.0,91.6,,,,0.0,0.1,100.0,0.0
2020-07-27,0.0,3.6,97.6,,,,,,,,,,0.0,0.1,100.0,0.0
2020-07-28,0.0,1.4,97.2,,,,,,,,,,0.0,0.1,100.0,0.0
2020-07-29,0.0,1.6,97.4,,,,,,,,,,0.0,0.1,100.0,0.0
2020-07-30,,,,,,,,,,,,,0.0,0.1,100.0,0.0
2020-07-31,,,,,,,,,,,,,0.0,0.1,100.0,0.0
2020-08-01,,,,,,,,,,,,,0.0,0.1,100.0,0.0
2020-08-02,0.0,1.9,97.7,0.0,0.1,57.4,,,,,,,0.0,0.2,100.0,0.0
2020-08-03,0.0,2.1,97.2,,,,,,,,,,0.0,0.1,100.0,0.0
2020-08-04,0.0,2.3,96.3,,,,,,,,,,0.0,0.2,100.0,0.0
2020-08-05,,,,,,,,,,,,,0.0,0.2,100.0,0.0
2020-08-06,,,,,,,,,,0.0,0.0,100.0,0.0,0.1,100.0,0.0
2020-08-07,,,,0.0,0.1,100.0,,,,0.0,0.0,100.0,0.0,0.1,100.0,0.0
2020-08-08,0.0,0.9,96.4,,,,,,,,,,0.0,0.1,100.0,0.0
2020-08-09,0.0,0.7,96.3,,,,,,,,,,0.0,0.1,100.0,0.0
2020-08-10,0.0,0.4,95.9,,,,,,,,,,0.0,0.1,100.0,0.0
2020-08-11,,,,,,,0.0,0.1,96.5,0.0,0.0,100.0,0.0,0.1,100.0,0.0
2020-08-12,,,,0.0,0.1,38.0,,,,,,,0.0,0.1,100.0,0.0
2020-08-13,,,,,,,,,,,,,0.0,0.1,100.0,0.0
2020-08-14,0.0,0.4,96.2,,,,,,,0.0,0.0,100.0,0.0,0.1,100.0,0.0
2020-08-15,0.0,0.4,98.1,,,,,,,0.0,0.0,100.0,0.0,0.1,100.0,0.0
2020-08-16,0.0,0.4,98.6,,,,,,,,,,0.0,0.1,100.0,0.0
2020-08-17,,,,0.0,0.1,45.9,,,,,,,0.0,0.2,100.0,0.0
2020-08-18,,,,,,,,,,,,,0.0,0.2,100.0,0.0
2020-08-19,,,,,,,,,,0.0,0.0,100.0,0.0,0.2,100.0,0.0
2020-08-20,0.0,0.5,98.5,,,,,,,,,,0.0,0.2,100.0,0.0
2020-08-21,0.0,0.3,98.7,,,,,,,,,,0.0,0.1,100.0,0.0
2020-08-22,0.0,0.4,98.8,0.0,0.2,80.5,,,,0.0,0.1,100.0,0.0,0.1,100.0,0.0
2020-08-23,,,,,,,,,,0.0,0.0,100.0,0.0,0.1,100.0,0.0
2020-08-24,,,,,,,,,,,,,0.0,0.1,100.0,0.0
2020-08-25,,,,,,,,,,,,,0.0,0.1,100.0,0.0
2020-08-26,0.0,0.3,97.8,,,,,,,0.0,0.0,100.0,0.0,0.1,100.0,0.0
2020-08-27,0.0,0.3,98.0,0.0,0.1,100.0,0.0,0.0,100.0,0.0,0.0,100.0,0.0,0.1,100.0,0.0
2020-08-28,0.0,0.3,98.3,,,,,,,,,,0.0,0.1,100.0,0.0
2020-08-29,,,,,,,,,,,,,0.0,0.1,100.0,0.0
2020-08-30,,,,,,,,,,0.0,0.1,34.4,0.0,0.1,100.0,0.0
2020-08-31,,,,,,,,,,0.0,0.0,100.0,0.0,0.2,100.0,0.0
2020-09-01,0.0,0.3,98.0,0.0,0.2,100.0,,,,,,,0.0,0.1,100.0,0.0
2020-09-02,0.0,0.4,98.1,,,,,,,,,,0.0,0.1,100.0,0.0
2020-09-03,0.0,0.4,98.2,,,,,,,0.0,0.0,100.0,0.0,0.2,100.0,0.0
2020-09-04,,,,,,,,,,0.0,0.0,100.0,0.0,0.2,100.0,0.0
2020-09-05,,,,,,,,,,,,,0.0,0.1,100.0,0.0
2020-09-06,,,,0.0,0.2,100.0,,,,,,,0.0,0.1,100.0,0.0
2020-09-07,0.0,0.7,97.7,,,,,,,0.0,0.1,100.0,0.0,0.1,100.0,0.0
2020-09-08,0.0,0.8,98.1,,,,,,,,,,0.0,0.1,100.0,0.0
2020-09-09,0.0,0.8,97.6,,,,,,,,,,0.0,0.0,100.0,0.0
2020-09-10,,,,,,,,,,,,,0.0,0.0,100.0,0.0
2020-09-11,,,,,,,,,,,,,0.0,0.0,100.0,0.0
2020-09-12,,,,,,,0.0,0.0,100.0,,,,0.0,0.0,100.0,0.0
2020-09-13,0.0,1.2,97.7,,,,,,,,,,0.0,0.0,100.0,0.0
2020-09-14,0.0,1.6,97.3,,,,,,,,,,0.0,0.0,100.0,0.0
2020-09-15,0.0,2.4,98.0,,,,,,,,,,0.0,0.0,100.0,0.0
2020-09-16,,,,,,,,,,,,,0.0,0.0,100.0,0.0
2020-09-17,,,,,,,,,,,,,0.0,0.0,100.0,0.0
2020-09-18,,,,,,,,,,0.0,0.0,37.3,0.0,0.0,100.0,0.0
2020-09-19,0.0,3.4,97.5,,,,,,,,,,0.0,0.0,100.0,0.0
2020-09-20,0.0,4.3,98.5,,,,,,,,,,0.0,0.0,100.0,0.0
2020-09-21,0.0,5.6,98.0,,,,,,,,,,0.0,0.0,100.0,0.0
2020-09-22,,,,,,,,,,,,,0.0,0.1,100.0,0.0
2020-09-23,,,,,,,,,,0.0,0.0,82.6,0.0,0.1,100.0,0.0
2020-09-24,,,,,,,,,,,,,0.0,0.1,100.0,0.0
2020-09-25,0.0,9.6,97.9,,,,,,,,,,0.0,0.1,100.0,0.0
2020-09-26,0.0,10.7,98.0,,,,,,,,,,0.0,0.2,100.0,0.0
2020-09-27,0.0,6.9,98.6,,,,,,,,,,0.0,0.2,100.0,0.0
2020-09-28,,,,,,,0.0,0.0,42.4,,,,0.0,0.3,100.0,0.0
2020-09-29,,,,,,,,,,,,,0.0,0.4,100.0,0.0
2020-09-30,,,,,,,,,,,,,0.0,0.3,100.0,0.0
2020-10-01,0.3,10.4,98.4,,,,,,,,,,0.0,0.2,100.0,0.0
2020-10-02,0.0,1.0,98.4,,,,,,,,,,0.0,0.3,100.0,0.0
2020-10-03,0.0,0.6,98.2,,,,,,,,,,0.0,0.3,100.0,0.0
2020-10-04,,,,,,,,,,0.0,0.1,66.5,0.0,0.3,100.0,0.0
2020-10-05,,,,,,,,,,,,,0.0,0.3,100.0,0.0
2020-10-06,,,,,,,,,,,,,0.0,0.3,100.0,0.0
2020-10-07,0.0,0.2,97.9,,,,,,,,,,0.0,0.4,100.0,0.0
2020-10-08,0.0,0.1,98.5,,,,,,,0.0,0.1,100.0,0.0,0.3,100.0,0.0
2020-10-09,0.0,0.1,99.0,,,,,,,,,,0.0,0.3,100.0,0.0
2020-10-10,,,,,,,,,,,,,0.0,0.3,100.0,0.0
2020-10-11,,,,0.0,0.1,49.9,,,,,,,0.0,0.3,100.0,0.0
2020-10-12,,,,,,,,,,0.0,0.3,52.5,0.0,0.3,100.0,0.0
2020-10-13,0.0,0.1,98.7,,,,,,,0.0,0.2,100.0,0.0,0.2,100.0,0.0
2020-10-14,0.0,0.0,98.7,,,,0.0,0.1,89.7,,,,0.0,0.3,100.0,0.0
2020-10-15,0.0,0.1,98.6,,,,,,,,,,0.0,0.3,100.0,0.0
2020-10-16,,,,,,,,,,0.0,0.2,97.8,0.0,0.3,100.0,0.0
2020-10-17,,,,,,,,,,0.0,0.1,100.0,0.0,0.3,100.0,0.0
2020-10-18,,,,,,,,,,,,,0.0,0.3,100.0,0.0
2020-10-19,0.0,0.1,98.6,,,,,,,,,,0.0,0.4,100.0,0.0
2020-10-20,0.0,0.1,98.7,,,,,,,,,,0.0,0.4,100.0,0.0
2020-10-21,0.0,0.2,98.6,,,,,,,,,,0.0,0.5,100.0,0.0
2020-10-22,,,,,,,,,,,,,0.0,0.8,100.0,0.0
2020-10-23,,,,,,,,,,,,,0.0,0.9,100.0,0.0
2020-10-24,,,,,,,,,,0.0,0.1,100.0,0.0,0.7,100.0,0.0
2020-10-25,0.0,0.3,98.4,,,,,,,0.0,0.1,100.0,0.0,0.8,100.0,0.0
2020-10-26,0.0,0.5,98.6,,,,,,,,,,0.0,1.3,100.0,0.0
2020-10-27,0.0,0.4,98.7,,,,,,,,,,0.0,1.3,100.0,0.0
2020-10-28,,,,,,,,,,0.0,0.2,100.0,0.0,1.3,100.0,0.0
2020-10-29,,,,,,,,,,0.0,0.2,100.0,0.0,1.5,100.0,0.0
2020-10-30,,,,,,,,,,,,,0.0,2.9,100.0,0.0
2020-10-31,0.0,0.5,97.9,0.0,0.1,100.0,,,,,,,0.0,2.4,100.0,0.0
2020-11-01,0.0,0.7,98.8,,,,,,,0.0,0.1,89.5,0.0,1.8,100.0,0.0
2020-11-02,0.0,0.9,98.9,,,,,,,0.0,0.1,100.0,0.0,1.3,100.0,0.0
2020-11-03,,,,,,,,,,,,,0.0,2.5,100.0,0.0
2020-11-04,,,,,,,,,,,,,0.0,2.4,100.0,0.0
2020-11-05,,,,0.0,0.2,100.0,,,,,,,0.0,2.4,100.0,0.0
2020-11-06,0.0,1.1,98.1,,,,,,,,,,0.0,2.0,100.0,0.0
2020-11-07,0.0,1.5,98.8,,,,,,,,,,0.0,3.1,100.0,0.0
2020-11-08,0.1,1.0,98.5,,,,,,,,,,0.0,3.0,100.0,0.0
2020-11-09,,,,,,,,,,,,,0.0,3.2,100.0,0.0
2020-11-10,,,,0.0,0.3,100.0,,,,,,,0.0,2.0,100.0,0.0
2020-11-11,,,,,,,,,,,,,0.0,3.0,100.0,0.0
2020-11-12,0.1,1.3,98.4,,,,,,,,,,0.0,2.9,100.0,0.0
2020-11-13,0.9,1.6,98.0,,,,,,,,,,0.0,3.6,100.0,0.0
2020-11-14,,,,,,,,,,,,,0.0,3.1,100.0,0.0
2020-11-15,,,,0.0,0.2,100.0,0.0,0.1,57.5,,,,0.0,3.5,100.0,0.0
2020-11-16,,,,,,,,,,,,,0.0,3.6,100.0,0.0
2020-11-17,,,,,,,,,,0.0,0.3,100.0,0.0,3.6,100.0,0.0
2020-11-18,0.5,1.7,98.1,,,,,,,,,,0.0,4.4,100.0,0.0
2020-11-19,0.0,0.4,90.7,,,,,,,,,,0.0,5.0,100.0,0.0
2020-11-20,0.0,0.5,90.1,0.0,0.3,93.8,,,,,,,0.0,4.9,100.0,0.0
2020-11-21,,,,,,,,,,,,,0.0,6.2,100.0,0.0
2020-11-22,,,,,,,,,,,,,0.0,7.0,100.0,0.0
2020-11-23,,,,,,,,,,,,,0.0,8.1,100.0,0.0
2020-11-24,0.0,1.0,89.8,,,,,,,,,,0.0,7.5,100.0,0.0
2020-11-25,0.0,2.6,90.2,0.0,0.2,100.0,,,,,,,0.0,6.3,100.0,0.0
2020-11-26,,,,,,,,,,,,,0.0,6.9,100.0,0.0
2020-11-27,,,,,,,,,,,,,0.0,7.1,100.0,0.0
2020-11-28,,,,,,,,,,0.0,0.6,100.0,0.0,5.9,100.0,0.0
2020-11-29,,,,,,,,,,0.0,0.9,100.0,0.0,5.9,100.0,0.0
2020-11-30,0.0,2.7,89.2,0.0,0.4,100.0,,,,,,,0.0,6.7,100.0,0.0
2020-12-01,0.0,0.8,88.4,,,,,,,,,,0.0,7.8,100.0,0.0
2020-12-02,0.0,1.0,87.0,,,,,,,0.0,1.5,100.0,0.0,6.0,100.0,0.0
2020-12-03,,,,,,,,,,0.0,2.2,100.0,0.0,5.9,100.0,0.0
2020-12-04,,,,,,,,,,,,,0.0,6.9,100.0,0.0
2020-12-05,,,,,,,,,,,,,0.0,7.0,100.0,0.0
2020-12-06,0.0,0.5,87.5,,,,,,,0.0,2.5,100.0,0.0,4.3,100.0,0.0
2020-12-07,0.0,0.3,86.8,,,,,,,0.8,7.5,100.0,0.0,5.3,100.0,0.0
2020-12-08,0.0,0.2,83.4,,,,,,,,,,0.0,6.0,100.0,0.0
2020-12-09,,,,,,,,,,,,,0.0,7.0,100.0,0.0
2020-12-10,,,,0.1,2.8,100.0,,,,1.1,6.3,100.0,0.0,4.8,100.0,0.0
2020-12-11,,,,,,,,,,,,,0.0,4.8,100.0,0.0
2020-12-12,0.0,0.2,83.6,,,,,,,,,,0.0,5.2,100.0,0.0
2020-12-13,0.0,0.2,82.1,,,,,,,,,,0.0,5.7,100.0,0.0
2020-12-14,0.0,0.7,87.2,,,,,,,2.9,8.7,100.0,0.0,3.8,100.0,0.0
2020-12-15,,,,,,,,,,3.0,7.7,100.0,0.0,3.5,100.0,0.0
2020-12-16,,,,,,,,,,,,,0.0,4.7,100.0,0.0
2020-12-17,,,,,,,0.2,2.0,100.0,,,,0.0,5.2,100.0,0.0
2020-12-18,0.0,2.9,90.6,,,,,,,0.3,2.6,100.0,0.0,4.1,100.0,0.0
2020-12-19,0.8,6.8,91.5,,,,,,,0.0,1.4,100.0,0.0,3.6,100.0,0.0
2020-12-20,0.5,3.6,91.5,,,,,,,,,,0.0,4.6,100.0,0.0
2020-12-21,,,,,,,,,,,,,0.0,5.4,100.0,0.0
2020-12-22,,,,,,,,,,,,,0.0,4.8,100.0,0.0
2020-12-23,,,,,,,,,,0.0,1.4,100.0,0.0,4.8,100.0,0.0
2020-12-24,0.7,4.1,90.7,,,,,,,,,,0.0,6.4,100.0,0.0
2020-12-25,0.7,4.6,90.9,,,,,,,,,,0.0,8.2,100.0,0.0
2020-12-26,0.8,5.4,90.9,,,,,,,0.1,1.8,100.0,0.0,7.5,100.0,0.0
2020-12-27,,,,,,,,,,0.0,1.0,73.2,0.0,9.9,100.0,0.0
2020-12-28,,,,,,,,,,,,,0.0,12.2,100.0,0.0
2020-12-29,,,,,,,,,,,,,0.0,16.4,100.0,0.0
2020-12-30,0.6,4.3,90.5,0.3,5.7,100.0,,,,0.0,1.8,100.0,0.0,15.3,100.0,0.0
2020-12-31,0.9,2.1,90.3,,,,,,,,,,0.0,22.2,100.0,0.0
2021-01-01,0.0,0.6,97.5,,,,,,,,,,0.0,21.0,100.0,0.0
2021-01-02,,,,,,,,,,,,,0.0,34.4,100.0,0.0
2021-01-03,,,,,,,,,,,,,0.1,39.4,100.0,0.1
2021-01-04,,,,,,,,,,,,,0.2,46.2,100.0,0.2
2021-01-05,0.0,0.8,97.9,,,,,,,,,,0.5,42.7,100.0,0.5
2021-01-06,0.0,1.0,97.9,,,,,,,,,,0.9,46.9,100.0,0.9
2021-01-07,0.1,1.5,98.2,,,,,,,,,,0.6,44.6,100.0,0.6
2021-01-08,,,,,,,,,,,,,1.4,50.7,100.0,1.4
2021-01-09,,,,,,,,,,,,,1.3,47.4,100.0,1.3
2021-01-10,,,,,,,,,,0.0,5.2,99.9,3.6,46.5,100.0,3.6
2021-01-11,0.1,2.4,98.0,,,,,,,,,,2.8,43.8,100.0,2.8
2021-01-12,0.7,8.3,98.5,,,,,,,,,,13.2,51.4,100.0,13.2
2021-01-13,0.4,6.4,98.6,,,,,,,,,,5.3,48.1,100.0,5.3
2021-01-14,,,,0.6,4.8,83.8,,,,,,,19.0,49.4,100.0,19.0
2021-01-15,,,,,,,,,,,,,7.7,41.4,100.0,7.7
2021-01-16,,,,,,,,,,,,,16.1,49.1,100.0,16.1
2021-01-17,0.6,6.8,98.1,,,,,,,,,,7.2,43.5,100.0,7.2
2021-01-18,0.4,7.9,98.4,,,,13.6,24.5,100.0,,,,10.5,44.8,100.0,10.5
2021-01-19,3.9,20.1,98.2,0.3,3.5,100.0,,,,,,,2.1,37.0,100.0,2.1
2021-01-20,,,,,,,,,,,,,7.1,45.1,100.0,7.1
2021-01-21,,,,,,,,,,,,,0.5,35.7,100.0,0.5
2021-01-22,,,,,,,,,,,,,1.7,37.1,100.0,1.7
2021-01-23,3.4,23.4,98.0,,,,,,,,,,0.1,28.6,100.0,0.1
2021-01-24,3.9,19.6,98.7,1.9,5.5,100.0,,,,,,,0.4,34.9,100.0,0.4
2021-01-25,0.3,9.8,98.4,,,,,,,,,,0.0,24.0,100.0,0.0
2021-01-26,,,,,,,,,,3.2,17.4,100.0,0.1,24.3,100.0,0.1
2021-01-27,,,,,,,,,,,,,0.1,19.0,100.0,0.1
2021-01-28,,,,,,,,,,,,,0.6,22.1,100.0,0.6
2021-01-29,0.1,6.9,98.3,,,,,,,,,,0.0,13.5,100.0,0.0
2021-01-30,0.1,4.7,98.5,,,,,,,,,,0.1,11.8,100.0,0.1
2021-01-31,0.3,5.2,98.5,,,,,,,6.2,20.5,100.0,0.0,8.6,100.0,0.0
2021-02-01,,,,,,,,,,,,,0.3,11.1,100.0,0.3
2021-02-02,,,,,,,,,,,,,0.0,7.5,100.0,0.0
2021-02-03,,,,4.7,12.2,92.7,29.6,43.4,38.1,16.2,27.9,90.8,0.0,8.1,100.0,0.0
2021-02-04,0.2,2.7,98.3,,,,,,,,,,0.0,6.2,100.0,0.0
2021-02-05,0.2,1.0,98.5,,,,,,,,,,0.1,11.2,100.0,0.1
2021-02-06,0.1,0.8,98.5,,,,,,,,,,0.0,8.1,100.0,0.0
2021-02-07,,,,,,,,,,14.5,27.5,94.9,0.0,10.6,100.0,0.0
2021-02-08,,,,2.2,14.4,100.0,,,,30.1,36.5,100.0,0.0,8.8,100.0,0.0
2021-02-09,,,,,,,,,,,,,0.3,18.6,100.0,0.3
2021-02-10,0.0,0.8,98.1,,,,,,,,,,0.1,14.3,100.0,0.1
2021-02-11,0.0,0.6,98.4,,,,,,,64.4,55.1,100.0,1.4,25.0,100.0,1.4
2021-02-12,0.0,0.5,98.2,,,,,,,65.3,54.9,100.0,1.6,22.7,100.0,1.6
2021-02-13,,,,,,,,,,,,,13.7,48.3,100.0,13.7
2021-02-14,,,,,,,,,,,,,5.5,40.4,100.0,5.5
2021-02-15,,,,,,,,,,,,,32.8,57.8,100.0,32.8
2021-02-16,0.0,0.6,97.4,,,,,,,89.1,68.8,100.0,20.3,51.8,100.0,20.3
2021-02-17,0.2,0.9,98.4,,,,,,,,,,88.2,66.0,100.0,88.2
2021-02-18,0.1,0.7,98.3,48.6,50.3,88.2,,,,,,,46.2,60.4,100.0,46.2
2021-02-19,,,,,,,100.0,97.6,100.0,88.5,66.2,100.0,99.5,72.8,100.0,99.5
2021-02-20,,,,,,,,,,95.4,78.3,100.0,93.9,67.7,100.0,93.9
2021-02-21,,,,,,,,,,,,,99.8,76.8,100.0,99.8
2021-02-22,0.0,0.6,97.8,,,,,,,,,,98.0,72.2,100.0,98.0
2021-02-23,0.0,1.0,97.9,95.9,82.6,100.0,,,,99.4,89.5,100.0,99.5,77.4,100.0,99.5
2021-02-24,0.3,1.0,98.2,,,,,,,99.8,92.7,100.0,97.8,74.1,100.0,97.8
2021-02-25,,,,,,,,,,,,,99.3,78.7,100.0,99.3
2021-02-26,,,,,,,,,,,,,97.4,75.8,100.0,97.4
2021-02-27,,,,,,,,,,99.9,96.2,100.0,98.0,77.2,100.0,98.0
2021-02-28,0.1,1.2,97.5,98.5,95.1,52.0,,,,,,,92.8,74.7,100.0,92.8
2021-03-01,0.3,2.3,98.3,,,,,,,,,,97.0,77.1,100.0,97.0
2021-03-02,0.6,5.6,97.9,,,,,,,,,,90.9,72.7,100.0,90.9
2021-03-03,,,,,,,,,,,,,94.4,74.9,100.0,94.4
2021-03-04,,,,,,,,,,100.0,97.6,100.0,90.6,73.8,100.0,90.6
2021-03-05,,,,95.5,86.2,100.0,,,,,,,96.5,79.6,100.0,96.5
2021-03-06,1.7,11.5,97.2,,,,,,,,,,94.0,78.4,100.0,94.0
2021-03-07,31.8,37.8,98.1,,,,100.0,98.4,31.2,100.0,97.3,100.0,96.6,81.1,100.0,96.6
2021-03-08,37.0,39.4,98.3,,,,,,,,,,95.8,82.2,100.0,95.8
2021-03-09,,,,,,,,,,,,,98.4,86.1,100.0,98.4
2021-03-10,,,,100.0,98.0,100.0,,,,100.0,96.4,100.0,97.4,86.5,100.0,97.4
2021-03-11,,,,,,,,,,100.0,94.8,98.7,99.0,87.6,100.0,99.0
2021-03-12,93.1,67.1,98.0,,,,,,,,,,98.8,88.6,100.0,98.8
2021-03-13,95.3,75.6,97.8,,,,,,,,,,99.9,90.8,100.0,99.9
2021-03-14,98.7,84.6,97.5,,,,,,,,,,99.4,89.8,100.0,99.4
2021-03-15,,,,,,,,,,,,,99.9,89.7,100.0,99.9
2021-03-16,,,,,,,,,,,,,99.6,89.1,100.0,99.6
2021-03-17,,,,,,,,,,,,,99.9,89.5,100.0,99.9
2021-03-18,97.5,82.5,97.1,,,,,,,100.0,91.6,95.8,99.8,88.8,100.0,99.8
2021-03-19,94.6,76.8,97.4,,,,,,,,,,99.9,88.6,100.0,99.9
2021-03-20,92.4,74.4,97.9,99.9,96.0,100.0,,,,,,,100.0,90.1,100.0,100.0
2021-03-21,,,,,,,,,,,,,99.9,87.5,100.0,99.9
2021-03-22,,,,,,,,,,,,,99.8,85.3,100.0,99.8
2021-03-23,,,,,,,95.1,84.7,79.5,,,,99.8,85.1,100.0,99.8
2021-03-24,90.5,73.6,97.1,,,,,,,,,,99.8,85.4,100.0,99.8
2021-03-25,92.3,75.0,98.1,27.9,41.2,100.0,,,,,,,98.9,83.6,100.0,98.9
2021-03-26,91.7,74.0,98.5,,,,,,,,,,94.8,78.7,100.0,94.8
2021-03-27,,,,,,,,,,98.3,84.6,100.0,88.6,74.3,100.0,88.6
2021-03-28,,,,,,,,,,,,,79.8,71.4,100.0,79.8
2021-03-29,,,,,,,,,,,,,66.8,65.3,100.0,66.8
2021-03-30,72.7,57.8,97.6,5.4,14.7,100.0,,,,88.8,75.2,100.0,55.6,58.8,100.0,55.6
2021-03-31,58.2,49.4,98.2,,,,,,,80.3,66.9,100.0,36.7,50.9,100.0,36.7
2021-04-01,47.1,41.5,98.3,,,,,,,,,,18.9,45.6,100.0,18.9
2021-04-02,,,,,,,,,,,,,5.6,36.3,100.0,5.6
2021-04-03,,,,,,,,,,55.8,51.8,99.9,3.3,31.4,100.0,3.3
2021-04-04,,,,,,,,,,32.8,37.8,100.0,1.9,26.7,100.0,1.9
2021-04-05,44.8,39.9,97.8,,,,,,,,,,1.3,24.7,100.0,1.3
2021-04-06,14.3,23.4,98.2,,,,,,,,,,0.9,22.2,100.0,0.9
2021-04-07,11.8,23.2,98.2,,,,,,,15.3,25.1,98.9,0.9,22.0,100.0,0.9
2021-04-08,,,,,,,,,,11.7,21.7,100.0,0.6,20.8,100.0,0.6
2021-04-09,,,,0.0,1.6,100.0,,,,,,,0.8,22.2,100.0,0.8
2021-04-10,,,,,,,,,,,,,0.2,15.0,100.0,0.2
2021-04-11,6.6,14.9,98.0,,,,,,,,,,0.3,13.9,100.0,0.3
2021-04-12,4.7,11.0,98.3,,,,,,,,,,0.2,14.2,100.0,0.2
2021-04-13,3.2,8.2,98.3,,,,,,,,,,0.3,15.1,100.0,0.3
2021-04-14,,,,0.0,2.2,100.0,,,,,,,0.2,13.1,100.0,0.2
2021-04-15,,,,,,,,,,13.5,26.5,100.0,0.1,11.3,100.0,0.1
2021-04-16,,,,,,,,,,23.6,32.5,96.3,0.1,12.0,100.0,0.1
2021-04-17,1.1,5.6,97.8,,,,,,,,,,0.1,13.0,100.0,0.1
2021-04-18,1.1,5.2,97.9,,,,,,,,,,0.0,9.7,100.0,0.0
2021-04-19,1.2,5.5,98.1,0.0,2.6,93.8,,,,18.2,29.7,100.0,0.0,6.9,100.0,0.0
2021-04-20,,,,,,,,,,25.8,33.4,100.0,0.0,6.8,100.0,0.0
2021-04-21,,,,,,,,,,,,,0.0,7.1,100.0,0.0
2021-04-22,,,,,,,,,,,,,0.0,6.7,100.0,0.0
2021-04-23,3.4,9.1,92.7,,,,,,,4.0,18.1,100.0,0.0,4.9,100.0,0.0
2021-04-24,9.8,18.8,92.8,0.0,0.6,99.5,0.0,0.5,95.7,7.3,17.8,100.0,0.0,5.4,100.0,0.0
2021-04-25,24.3,33.9,92.7,,,,,,,,,,0.0,5.9,100.0,0.0
2021-04-26,,,,,,,,,,,,,0.0,5.7,100.0,0.0
2021-04-27,,,,,,,,,,12.8,24.1,100.0,0.0,4.8,100.0,0.0
2021-04-28,,,,,,,,,,0.4,8.1,49.2,0.0,5.5,100.0,0.0
2021-04-29,68.1,50.3,92.6,,,,,,,,,,0.0,5.4,100.0,0.0
2021-04-30,94.8,67.3,92.7,,,,,,,,,,0.0,5.6,100.0,0.0
2021-05-01,95.7,72.1,92.7,,,,,,,,,,0.0,5.6,100.0,0.0
2021-05-02,,,,,,,,,,12.2,23.5,93.3,0.0,6.6,100.0,0.0
2021-05-03,,,,,,,,,,,,,0.0,6.3,100.0,0.0
2021-05-04,,,,0.0,0.3,99.3,,,,,,,0.0,6.6,100.0,0.0
2021-05-05,98.7,84.2,92.7,,,,,,,,,,0.0,6.3,100.0,0.0
2021-05-06,98.9,85.0,92.5,,,,,,,15.3,27.9,81.6,0.0,6.8,100.0,0.0
2021-05-07,98.9,86.0,92.1,,,,,,,,,,0.0,5.9,100.0,0.0
2021-05-08,,,,,,,,,,,,,0.0,5.7,100.0,0.0
2021-05-09,,,,,,,,,,17.6,27.9,100.0,0.0,4.8,100.0,0.0
2021-05-10,,,,,,,,,,,,,0.0,6.5,100.0,0.0
2021-05-11,99.2,86.3,92.0,,,,,,,,,,0.0,6.3,100.0,0.0
2021-05-12,99.3,86.8,92.6,,,,,,,,,,0.0,6.1,100.0,0.0
2021-05-13,99.5,86.7,92.3,,,,,,,,,,0.0,5.9,100.0,0.0
2021-05-14,,,,0.0,0.4,61.8,,,,,,,0.0,6.6,100.0,0.0
2021-05-15,,,,,,,,,,,,,0.0,6.7,100.0,0.0
2021-05-16,,,,,,,,,,,,,0.0,7.3,100.0,0.0
2021-05-17,96.9,77.5,91.5,,,,,,,,,,0.0,7.1,100.0,0.0
2021-05-18,88.0,65.5,91.8,,,,,,,,,,0.0,8.4,100.0,0.0
2021-05-19,47.9,40.5,92.6,0.0,0.4,54.3,,,,,,,0.0,8.6,100.0,0.0
2021-05-20,,,,,,,,,,,,,0.0,7.5,100.0,0.0
2021-05-21,,,,,,,,,,,,,0.0,6.2,100.0,0.0
2021-05-22,,,,,,,,,,,,,0.0,6.2,100.0,0.0
2021-05-23,8.5,27.7,92.6,,,,,,,,,,0.0,4.3,100.0,0.0
2021-05-24,,,,,,,,,,0.7,12.8,57.0,0.0,3.6,100.0,0.0
2021-05-25,0.4,11.3,92.5,,,,,,,0.6,8.0,98.1,0.0,2.7,100.0,0.0
2021-05-26,,,,,,,0.0,0.1,77.1,,,,0.0,3.2,100.0,0.0
2021-05-27,,,,,,,,,,,,,0.0,2.5,100.0,0.0
2021-05-28,,,,,,,,,,,,,0.0,1.9,100.0,0.0
2021-05-29,0.0,5.0,92.7,0.0,0.2,97.2,,,,,,,0.0,1.6,100.0,0.0
2021-05-30,0.0,3.2,92.8,,,,,,,,,,0.0,2.0,100.0,0.0
2021-05-31,0.0,1.1,92.8,,,,,,,,,,0.0,1.5,100.0,0.0
2021-06-01,,,,,,,,,,,,,0.0,1.4,100.0,0.0
2021-06-02,,,,,,,,,,,,,0.0,1.0,100.0,0.0
2021-06-03,,,,,,,,,,,,,0.0,1.4,100.0,0.0
2021-06-04,0.0,0.9,92.7,,,,,,,,,,0.0,1.2,100.0,0.0
2021-06-05,,,,,,,,,,,,,0.0,1.1,100.0,0.0
2021-06-06,0.0,0.4,92.7,,,,,,,,,,0.0,1.1,100.0,0.0
2021-06-07,,,,,,,,,,,,,0.0,1.4,100.0,0.0
2021-06-08,,,,,,,,,,,,,0.0,1.6,100.0,0.0
2021-06-09,,,,,,,,,,,,,0.0,1.4,100.0,0.0
2021-06-10,0.0,0.3,92.6,,,,,,,,,,0.0,1.1,100.0,0.0
2021-06-11,0.1,0.3,92.7,,,,0.0,0.0,55.9,,,,0.0,1.3,100.0,0.0
2021-06-12,0.0,0.4,92.6,,,,,,,,,,0.0,1.2,100.0,0.0
2021-06-13,,,,0.0,0.1,100.0,,,,,,,0.0,1.2,100.0,0.0
2021-06-14,,,,,,,,,,0.0,0.9,100.0,0.0,0.9,100.0,0.0
2021-06-15,,,,,,,,,,,,,0.0,1.1,100.0,0.0
2021-06-16,0.1,0.8,92.6,,,,,,,,,,0.0,1.0,100.0,0.0
2021-06-17,,,,,,,,,,,,,0.0,1.2,100.0,0.0
2021-06-18,0.1,0.5,92.5,0.0,0.2,59.7,,,,,,,0.0,1.2,100.0,0.0
2021-06-19,,,,,,,,,,,,,0.0,1.8,100.0,0.0
2021-06-20,,,,,,,,,,,,,0.0,1.7,100.0,0.0
2021-06-21,,,,,,,,,,,,,0.0,2.3,100.0,0.0
2021-06-22,0.2,0.7,92.6,,,,,,,,,,0.0,2.2,100.0,0.0
2021-06-23,0.2,0.9,92.5,,,,,,,,,,0.0,2.0,100.0,0.0
2021-06-24,,,,,,,,,,,,,0.0,2.2,100.0,0.0
2021-06-25,,,,,,,,,,,,,0.0,2.5,100.0,0.0
2021-06-26,,,,,,,,,,0.0,0.1,100.0,0.0,2.6,100.0,0.0
2021-06-27,,,,,,,,,,,,,0.0,3.1,100.0,0.0
2021-06-28,0.6,1.6,92.7,,,,,,,,,,0.0,3.1,100.0,0.0
2021-06-29,,,,,,,,,,,,,0.0,3.5,100.0,0.0
2021-06-30,,,,,,,,,,,,,0.0,3.5,100.0,0.0
2021-07-01,,,,,,,,,,0.0,0.0,100.0,0.0,3.1,100.0,0.0
2021-07-02,,,,,,,,,,,,,0.0,4.1,100.0,0.0
2021-07-03,,,,,,,,,,,,,0.0,3.7,100.0,0.0
2021-07-04,,,,,,,,,,,,,0.0,3.6,100.0,0.0
2021-07-05,0.5,1.8,92.7,,,,,,,0.0,0.0,100.0,0.0,2.9,100.0,0.0
2021-07-06,0.6,1.9,92.7,,,,,,,,,,0.0,3.5,100.0,0.0
2021-07-07,,,,,,,,,,,,,0.0,3.2,100.0,0.0
2021-07-08,,,,,,,,,,,,,0.0,3.4,100.0,0.0
2021-07-09,,,,,,,,,,,,,0.0,3.4,100.0,0.0
2021-07-10,0.6,5.0,92.6,,,,,,,,,,0.0,3.3,100.0,0.0
2021-07-11,,,,,,,,,,0.0,0.0,100.0,0.0,2.5,100.0,0.0
2021-07-12,0.8,2.3,92.7,,,,,,,,,,0.0,2.1,100.0,0.0
2021-07-13,,,,,,,,,,,,,0.0,1.9,100.0,0.0
2021-07-14,,,,,,,,,,,,,0.0,1.7,100.0,0.0
2021-07-15,,,,,,,,,,,,,0.0,1.1,100.0,0.0
2021-07-16,0.7,3.0,92.5,,,,,,,,,,0.0,0.9,100.0,0.0
2021-07-17,0.4,1.8,92.7,,,,,,,,,,0.0,0.8,100.0,0.0
2021-07-18,0.2,2.0,92.8,0.0,0.1,100.0,,,,,,,0.0,0.5,100.0,0.0
2021-07-19,,,,,,,,,,,,,0.0,0.2,100.0,0.0
2021-07-20,,,,,,,,,,,,,0.0,0.2,100.0,0.0
2021-07-21,,,,,,,,,,,,,0.0,0.2,100.0,0.0
2021-07-22,0.2,2.4,92.6,,,,,,,,,,0.0,0.2,100.0,0.0
2021-07-23,,,,0.0,0.1,100.0,,,,,,,0.0,0.1,100.0,0.0
2021-07-24,0.3,2.2,92.7,,,,,,,,,,0.0,0.1,100.0,0.0
2021-07-25,,,,,,,,,,,,,0.0,0.1,100.0,0.0
2021-07-26,,,,,,,,,,,,,0.0,0.1,100.0,0.0
2021-07-27,,,,,,,,,,,,,0.0,0.1,100.0,0.0
2021-07-28,0.1,2.2,92.6,,,,,,,,,,0.0,0.0,100.0,0.0
2021-07-29,0.0,1.5,92.8,,,,0.0,0.1,100.0,,,,0.0,0.1,100.0,0.0
2021-07-30,0.0,1.3,92.7,,,,,,,,,,0.0,0.1,100.0,0.0
2021-07-31,,,,,,,,,,,,,0.0,0.1,100.0,0.0
2021-08-01,,,,,,,,,,,,,0.0,0.1,100.0,0.0
2021-08-02,,,,0.0,0.2,90.4,,,,,,,0.0,0.2,100.0,0.0
2021-08-03,0.0,1.2,92.7,,,,,,,,,,0.0,0.2,100.0,0.0
2021-08-04,,,,,,,,,,,,,0.0,0.2,100.0,0.0
2021-08-05,0.0,1.1,92.8,,,,,,,0.0,0.0,100.0,0.0,0.2,100.0,0.0
2021-08-06,,,,,,,,,,,,,0.0,0.4,100.0,0.0
2021-08-07,,,,0.1,0.5,63.6,,,,,,,0.0,0.3,100.0,0.0
2021-08-08,,,,,,,,,,0.0,0.0,100.0,0.0,0.2,100.0,0.0
2021-08-09,0.0,0.8,92.7,,,,,,,0.0,0.0,100.0,0.0,0.1,100.0,0.0
2021-08-10,0.0,0.9,92.8,,,,,,,,,,0.0,0.2,100.0,0.0
2021-08-11,0.0,0.9,92.8,,,,,,,,,,0.0,0.1,100.0,0.0
2021-08-12,,,,0.0,0.2,52.2,,,,0.0,0.0,100.0,0.0,0.1,100.0,0.0
2021-08-13,,,,,,,,,,0.0,0.0,81.6,0.0,0.1,100.0,0.0
2021-08-14,,,,,,,0.0,0.0,100.0,,,,0.0,0.1,100.0,0.0
2021-08-15,0.0,1.8,92.6,,,,,,,,,,0.0,0.1,100.0,0.0
2021-08-16,,,,,,,,,,0.0,0.0,100.0,0.0,0.1,100.0,0.0
2021-08-17,0.0,1.1,92.6,0.0,0.1,100.0,,,,,,,0.0,0.1,100.0,0.0
2021-08-18,,,,,,,,,,,,,0.0,0.1,100.0,0.0
2021-08-19,,,,,,,,,,,,,0.0,0.1,100.0,0.0
2021-08-20,,,,,,,,,,0.0,0.0,100.0,0.0,0.1,100.0,0.0
2021-08-21,0.0,1.4,92.6,,,,,,,0.0,0.0,100.0,0.0,0.1,100.0,0.0
2021-08-22,0.0,1.3,92.6,0.0,0.4,32.7,,,,,,,0.0,0.3,100.0,0.0
2021-08-23,0.0,1.9,92.7,,,,,,,,,,0.0,0.2,100.0,0.0
2021-08-24,,,,,,,,,,,,,0.0,0.1,100.0,0.0
2021-08-25,,,,,,,,,,0.0,0.0,100.0,0.0,0.1,100.0,0.0
2021-08-26,,,,,,,,,,,,,0.0,0.2,100.0,0.0
2021-08-27,0.0,1.4,92.7,0.0,0.2,100.0,,,,,,,0.0,0.1,100.0,0.0
2021-08-28,,,,,,,,,,,,,0.0,0.1,100.0,0.0
2021-08-29,0.0,0.5,92.7,,,,,,,0.0,0.0,100.0,0.0,0.1,100.0,0.0
2021-08-30,,,,,,,0.0,0.1,100.0,,,,0.0,0.2,100.0,0.0
2021-08-31,,,,,,,,,,,,,0.0,0.1,100.0,0.0
2021-09-01,,,,0.0,0.3,99.8,,,,0.0,0.0,100.0,0.0,0.1,100.0,0.0
2021-09-02,0.0,0.6,92.7,,,,,,,0.0,0.0,100.0,0.0,0.1,100.0,0.0
2021-09-03,0.0,0.6,92.6,,,,,,,,,,0.0,0.2,100.0,0.0
2021-09-04,0.0,0.8,92.6,,,,,,,,,,0.0,0.1,100.0,0.0
2021-09-05,,,,,,,,,,,,,0.0,0.2,100.0,0.0
2021-09-06,,,,0.0,0.4,74.1,,,,0.0,0.0,100.0,0.0,0.1,100.0,0.0
2021-09-07,,,,,,,,,,,,,0.0,0.3,100.0,0.0
2021-09-08,0.0,0.4,92.7,,,,,,,,,,0.0,0.2,100.0,0.0
2021-09-09,,,,,,,,,,,,,0.0,0.3,100.0,0.0
2021-09-10,0.1,0.2,92.5,,,,,,,,,,0.0,0.3,100.0,0.0
2021-09-11,,,,0.0,0.3,100.0,,,,,,,0.0,0.3,100.0,0.0
2021-09-12,,,,,,,,,,,,,0.0,0.3,100.0,0.0
2021-09-13,,,,,,,,,,0.0,0.0,100.0,0.0,0.3,100.0,0.0
2021-09-14,0.1,0.4,92.6,,,,,,,,,,0.0,0.4,100.0,0.0
2021-09-15,0.0,0.9,98.2,,,,,,,,,,0.0,0.6,100.0,0.0
2021-09-16,0.0,0.4,98.0,,,,,,,,,,0.0,0.6,100.0,0.0
2021-09-17,,,,,,,,,,0.0,0.0,81.2,0.0,0.4,100.0,0.0
2021-09-18,,,,,,,,,,,,,0.0,0.5,100.0,0.0
2021-09-19,,,,,,,,,,,,,0.0,0.4,100.0,0.0
2021-09-20,0.0,0.5,98.1,,,,,,,,,,0.0,0.5,100.0,0.0
2021-09-21,,,,0.0,0.4,93.9,,,,,,,0.0,0.4,100.0,0.0
2021-09-22,0.0,0.5,97.8,,,,,,,,,,0.0,0.3,100.0,0.0
2021-09-23,,,,,,,,,,,,,0.0,0.2,100.0,0.0
2021-09-24,,,,,,,,,,,,,0.0,0.3,100.0,0.0
2021-09-25,,,,,,,,,,,,,0.0,0.1,100.0,0.0
2021-09-26,0.0,0.9,97.8,,,,,,,,,,0.0,0.1,100.0,0.0
2021-09-27,0.1,1.1,98.8,,,,,,,,,,0.0,0.1,100.0,0.0
2021-09-28,0.1,0.8,98.5,,,,,,,,,,0.0,0.2,100.0,0.0
2021-09-29,,,,,,,,,,,,,0.0,0.2,100.0,0.0
2021-09-30,,,,,,,,,,,,,0.0,0.2,100.0,0.0
2021-10-01,,,,0.0,0.3,72.2,,,,,,,0.0,0.2,100.0,0.0
2021-10-02,0.0,1.1,97.9,,,,,,,,,,0.0,0.4,100.0,0.0
2021-10-03,,,,,,,,,,,,,0.0,0.3,100.0,0.0
2021-10-04,0.0,0.3,97.6,,,,,,,,,,0.0,0.4,100.0,0.0
2021-10-05,,,,,,,,,,,,,0.0,0.4,100.0,0.0
2021-10-06,,,,0.0,0.3,75.4,,,,,,,0.0,0.5,100.0,0.0
2021-10-07,,,,,,,,,,,,,0.0,0.4,100.0,0.0
2021-10-08,0.0,0.4,98.0,,,,,,,0.0,0.0,100.0,0.0,0.4,100.0,0.0
2021-10-09,0.0,0.3,97.6,,,,,,,,,,0.0,0.7,100.0,0.0
2021-10-10,0.1,0.4,98.3,,,,,,,,,,0.0,0.6,100.0,0.0
2021-10-11,,,,0.0,0.2,100.0,,,,0.0,0.0,100.0,0.0,0.4,100.0,0.0
2021-10-12,,,,,,,,,,0.0,0.0,100.0,0.0,0.3,100.0,0.0
2021-10-13,,,,,,,,,,,,,0.0,0.5,100.0,0.0
2021-10-14,0.0,0.2,97.7,,,,,,,,,,0.0,0.4,100.0,0.0
2021-10-15,,,,,,,,,,0.0,0.1,100.0,0.0,0.3,100.0,0.0
2021-10-16,0.0,0.1,98.4,0.0,0.2,100.0,,,,0.0,0.2,100.0,0.0,0.3,100.0,0.0
2021-10-17,,,,,,,0.0,0.0,100.0,,,,0.0,0.4,100.0,0.0
2021-10-18,,,,,,,,,,,,,0.0,0.3,100.0,0.0
2021-10-19,,,,,,,,,,0.1,0.6,100.0,0.0,0.4,100.0,0.0
2021-10-20,0.1,0.2,97.9,,,,,,,0.2,1.4,100.0,0.0,0.4,100.0,0.0
2021-10-21,0.0,0.2,98.0,0.0,0.2,100.0,,,,,,,0.0,0.7,100.0,0.0
2021-10-22,0.0,0.1,98.2,,,,,,,,,,0.0,0.6,100.0,0.0
2021-10-23,,,,,,,,,,1.7,3.1,98.8,0.0,0.7,100.0,0.0
2021-10-24,,,,,,,,,,0.9,2.9,100.0,0.0,0.9,100.0,0.0
2021-10-25,,,,,,,,,,,,,0.0,1.5,100.0,0.0
2021-10-26,0.1,0.3,98.3,0.0,0.2,100.0,,,,,,,0.0,1.1,100.0,0.0
2021-10-27,,,,,,,,,,,,,0.0,0.9,100.0,0.0
2021-10-28,0.0,0.3,98.5,,,,,,,1.0,2.0,100.0,0.0,0.9,100.0,0.0
2021-10-29,,,,,,,,,,,,,0.0,1.2,100.0,0.0
2021-10-30,,,,,,,,,,,,,0.0,1.0,100.0,0.0
2021-10-31,,,,,,,,,,0.1,0.4,100.0,0.0,0.7,100.0,0.0
2021-11-01,0.1,0.8,97.9,,,,,,,,,,0.0,1.0,100.0,0.0
2021-11-02,0.0,1.7,97.9,,,,0.0,0.1,93.0,,,,0.0,1.1,100.0,0.0
2021-11-03,0.0,2.5,97.8,,,,,,,,,,0.0,1.2,100.0,0.0
2021-11-04,,,,,,,,,,0.5,1.0,100.0,0.0,0.8,100.0,0.0
2021-11-05,,,,0.0,0.7,100.0,,,,,,,0.0,1.3,100.0,0.0
2021-11-06,,,,,,,0.0,0.2,100.0,,,,0.0,1.3,100.0,0.0
2021-11-07,0.3,5.3,97.7,,,,,,,,,,0.0,1.5,100.0,0.0
2021-11-08,,,,,,,,,,0.0,0.3,100.0,0.0,1.0,100.0,0.0
2021-11-09,0.2,3.3,97.8,,,,,,,,,,0.0,1.5,100.0,0.0
2021-11-10,,,,,,,,,,,,,0.0,1.5,100.0,0.0
2021-11-11,,,,,,,,,,,,,0.0,1.9,100.0,0.0
2021-11-12,,,,,,,,,,0.0,0.2,100.0,0.0,1.4,100.0,0.0
2021-11-13,0.6,7.6,97.9,,,,,,,,,,0.0,2.4,100.0,0.0
2021-11-14,1.0,12.1,98.1,,,,,,,,,,0.0,2.5,100.0,0.0
2021-11-15,2.4,16.1,98.2,,,,,,,,,,0.0,2.5,100.0,0.0
2021-11-16,,,,,,,,,,,,,0.0,2.9,100.0,0.0
2021-11-17,,,,,,,,,,,,,0.0,3.2,100.0,0.0
2021-11-18,,,,,,,0.3,0.8,100.0,,,,0.0,3.8,100.0,0.0
2021-11-19,15.8,28.3,97.9,,,,,,,,,,0.0,3.5,100.0,0.0
2021-11-20,59.3,46.6,98.3,0.0,1.3,99.9,,,,0.0,1.1,100.0,0.0,3.0,100.0,0.0
2021-11-21,89.6,62.4,98.4,,,,,,,,,,0.0,3.3,100.0,0.0
2021-11-22,,,,,,,,,,,,,0.0,4.0,100.0,0.0
2021-11-23,,,,,,,,,,,,,0.0,3.7,100.0,0.0
2021-11-24,,,,,,,,,,,,,0.0,4.2,100.0,0.0
2021-11-25,98.6,82.4,98.2,,,,,,,,,,0.0,3.8,100.0,0.0
2021-11-26,67.4,48.2,98.3,,,,,,,,,,0.0,4.6,100.0,0.0
2021-11-27,89.7,57.1,98.5,,,,,,,,,,0.0,4.3,100.0,0.0
2021-11-28,,,,,,,,,,0.0,4.1,63.4,0.0,4.2,100.0,0.0
2021-11-29,,,,,,,,,,0.0,4.1,62.6,0.0,4.2,100.0,0.0
2021-11-30,,,,0.0,1.5,100.0,,,,,,,0.0,4.7,100.0,0.0
2021-12-01,30.2,37.9,98.1,,,,,,,,,,0.0,5.1,100.0,0.0
2021-12-02,95.2,60.0,98.4,,,,,,,,,,0.0,5.8,100.0,0.0
2021-12-03,0.8,22.6,98.4,,,,,,,0.1,4.5,100.0,0.0,6.1,100.0,0.0
2021-12-04,,,,,,,,,,,,,0.0,7.6,100.0,0.0
2021-12-05,,,,,,,,,,,,,0.0,7.5,100.0,0.0
2021-12-06,,,,,,,,,,,,,0.0,7.1,100.0,0.0
2021-12-07,0.3,17.7,98.3,,,,,,,,,,0.0,6.7,100.0,0.0
2021-12-08,0.1,12.1,98.2,,,,,,,,,,0.0,9.0,100.0,0.0
2021-12-09,0.5,14.5,98.5,,,,,,,,,,0.0,8.0,100.0,0.0
2021-12-10,,,,,,,,,,0.0,1.8,94.7,0.0,7.1,100.0,0.0
2021-12-11,,,,,,,,,,0.5,3.5,100.0,0.0,7.1,100.0,0.0
2021-12-12,,,,,,,1.8,2.9,100.0,,,,0.4,10.6,100.0,0.4
2021-12-13,1.9,19.6,98.2,,,,,,,,,,0.1,10.5,100.0,0.1
2021-12-14,5.7,24.8,98.4,,,,,,,,,,0.6,11.1,100.0,0.6
2021-12-15,55.4,45.0,98.7,0.0,1.5,100.0,,,,0.9,3.4,100.0,0.3,10.3,100.0,0.3
2021-12-16,,,,,,,,,,,,,0.7,13.2,100.0,0.7
2021-12-17,,,,,,,,,,,,,0.4,11.7,100.0,0.4
2021-12-18,,,,,,,,,,0.8,3.8,100.0,0.4,11.0,100.0,0.4
2021-12-19,4.7,20.7,98.2,,,,,,,,,,0.4,12.2,100.0,0.4
2021-12-20,1.7,13.6,98.0,0.0,1.8,100.0,2.1,4.5,100.0,,,,1.2,15.3,100.0,1.2
2021-12-21,1.0,5.0,98.5,,,,,,,,,,0.5,13.5,100.0,0.5
2021-12-22,,,,,,,,,,,,,0.6,13.3,100.0,0.6
2021-12-23,,,,,,,,,,,,,0.4,12.4,100.0,0.4
2021-12-24,,,,,,,,,,,,,0.6,15.0,100.0,0.6
2021-12-25,,,,,,,,,,,,,0.4,13.8,100.0,0.4
2021-12-26,,,,,,,,,,0.6,3.7,100.0,0.4,10.9,100.0,0.4
2021-12-27,,,,,,,,,,0.8,4.4,100.0,0.3,12.4,100.0,0.3
2021-12-28,,,,,,,,,,,,,0.1,14.5,100.0,0.1
2021-12-29,,,,,,,,,,,,,0.1,14.3,100.0,0.1
2021-12-30,,,,0.0,1.3,100.0,,,,,,,0.0,11.7,100.0,0.0
2021-12-31,,,,,,,,,,0.9,4.2,100.0,0.0,12.3,100.0,0.0
2022-01-01,0.1,8.4,95.8,,,,,,,,,,0.0,14.1,100.0,0.0
2022-01-02,0.0,4.5,95.0,,,,,,,,,,0.0,15.4,100.0,0.0
2022-01-03,,,,,,,,,,1.0,6.5,100.0,0.0,14.1,100.0,0.0
2022-01-04,,,,0.0,1.2,96.5,,,,,,,0.0,17.2,100.0,0.0
2022-01-05,,,,,,,2.3,7.0,39.4,,,,0.0,16.5,100.0,0.0
2022-01-06,0.0,6.6,95.1,,,,,,,,,,0.0,18.4,100.0,0.0
2022-01-07,,,,,,,,,,,,,0.0,23.0,100.0,0.0
2022-01-08,,,,,,,,,,,,,0.0,27.3,100.0,0.0
2022-01-09,,,,,,,,,,,,,0.0,28.7,100.0,0.0
2022-01-10,,,,,,,,,,3.3,11.0,100.0,0.0,25.9,100.0,0.0
2022-01-11,,,,,,,,,,,,,0.3,32.9,100.0,0.3
2022-01-12,,,,,,,,,,,,,1.2,38.2,100.0,1.2
2022-01-13,0.2,10.0,95.9,,,,38.6,40.7,96.4,,,,13.1,45.1,100.0,13.1
2022-01-14,0.9,20.5,95.7,0.1,2.7,100.0,,,,14.6,21.8,100.0,10.1,41.2,100.0,10.1
2022-01-15,,,,,,,,,,,,,16.3,43.0,100.0,16.3
2022-01-16,,,,,,,,,,,,,20.9,46.4,100.0,20.9
2022-01-17,,,,,,,,,,,,,25.1,49.9,100.0,25.1
2022-01-18,43.3,41.3,94.7,,,,,,,,,,28.4,50.3,100.0,28.4
2022-01-19,,,,0.6,5.1,100.0,,,,,,,23.2,47.4,100.0,23.2
2022-01-20,,,,,,,,,,,,,21.7,48.9,100.0,21.7
2022-01-21,,,,,,,21.5,30.9,51.6,,,,23.5,49.9,100.0,23.5
2022-01-22,,,,,,,,,,,,,19.9,49.1,100.0,19.9
2022-01-23,,,,,,,,,,,,,16.0,45.7,100.0,16.0
2022-01-24,,,,0.3,5.3,100.0,,,,,,,18.8,48.0,100.0,18.8
2022-01-25,89.4,54.6,95.5,,,,,,,,,,15.4,46.3,100.0,15.4
2022-01-26,90.5,56.5,95.7,,,,,,,,,,20.1,47.5,100.0,20.1
2022-01-27,,,,,,,,,,,,,9.6,42.3,100.0,9.6
2022-01-28,,,,,,,,,,,,,14.7,45.3,100.0,14.7
2022-01-29,,,,0.5,3.6,100.0,32.0,33.5,66.2,,,,8.3,40.6,100.0,8.3
2022-01-30,97.2,67.4,94.5,,,,,,,33.2,39.7,100.0,9.8,40.6,100.0,9.8
2022-01-31,,,,,,,,,,,,,6.4,37.5,100.0,6.4
2022-02-01,,,,,,,,,,,,,6.7,37.8,100.0,6.7
2022-02-02,,,,,,,,,,66.6,58.5,100.0,4.5,33.6,100.0,4.5
2022-02-03,,,,0.1,2.6,99.8,,,,76.1,63.1,100.0,6.2,31.4,100.0,6.2
2022-02-04,,,,,,,,,,,,,5.4,28.2,100.0,5.4
2022-02-05,,,,,,,,,,,,,7.5,28.7,100.0,7.5
2022-02-06,99.0,81.1,95.8,,,,37.4,40.4,84.1,,,,8.5,29.4,100.0,8.5
2022-02-07,98.2,73.7,95.8,,,,,,,97.7,81.9,100.0,8.8,28.3,100.0,8.8
2022-02-08,,,,6.1,6.2,100.0,,,,,,,8.3,27.2,100.0,8.3
2022-02-09,,,,,,,,,,,,,8.3,24.3,100.0,8.3
2022-02-10,,,,,,,,,,99.5,91.4,100.0,8.7,24.5,100.0,8.7
2022-02-11,98.5,72.6,94.7,,,,,,,97.9,92.0,100.0,8.3,23.5,100.0,8.3
2022-02-12,,,,,,,,,,,,,9.7,26.7,100.0,9.7
2022-02-13,,,,6.1,8.2,100.0,,,,,,,8.4,23.5,100.0,8.4
2022-02-14,,,,,,,,,,,,,11.0,27.7,100.0,11.0
2022-02-15,,,,,,,,,,99.7,94.3,100.0,9.2,23.9,100.0,9.2
2022-02-16,,,,,,,,,,,,,12.3,29.0,100.0,12.3
2022-02-17,,,,,,,,,,,,,8.0,22.2,100.0,8.0
2022-02-18,95.4,62.3,96.0,8.8,14.4,100.0,,,,99.7,91.3,100.0,14.6,31.4,100.0,14.6
2022-02-19,97.5,66.0,95.9,,,,,,,,,,8.9,23.5,100.0,8.9
2022-02-20,,,,,,,,,,,,,14.3,30.0,100.0,14.3
2022-02-21,,,,,,,,,,,,,8.1,23.2,100.0,8.1
2022-02-22,,,,,,,,,,,,,14.4,30.6,100.0,14.4
2022-02-23,97.0,65.2,94.7,14.4,17.1,100.0,,,,,,,9.7,24.8,100.0,9.7
2022-02-24,,,,,,,,,,,,,15.1,30.2,100.0,15.1
2022-02-25,,,,,,,,,,,,,10.8,26.2,100.0,10.8
2022-02-26,,,,,,,,,,,,,19.2,37.4,100.0,19.2
2022-02-27,,,,,,,,,,,,,15.1,34.2,100.0,15.1
2022-02-28,,,,14.2,18.4,100.0,,,,,,,20.2,39.6,100.0,20.2
2022-03-01,,,,,,,,,,99.9,90.1,100.0,17.5,38.6,100.0,17.5
2022-03-02,,,,,,,,,,,,,25.7,49.0,100.0,25.7
2022-03-03,81.0,64.4,95.4,,,,,,,,,,24.4,49.1,100.0,24.4
2022-03-04,,,,,,,,,,,,,29.1,53.1,100.0,29.1
2022-03-05,,,,10.6,18.4,94.2,,,,,,,40.3,57.9,100.0,40.3
2022-03-06,,,,,,,,,,100.0,93.1,100.0,76.4,66.1,100.0,76.4
2022-03-07,99.9,79.8,74.6,,,,,,,,,,82.6,68.8,100.0,82.6
2022-03-08,,,,,,,,,,,,,89.0,71.8,100.0,89.0
2022-03-09,,,,,,,,,,100.0,95.0,100.0,91.2,74.0,100.0,91.2
2022-03-10,,,,79.0,69.7,100.0,75.4,62.4,70.3,,,,97.3,82.1,100.0,97.3
2022-03-11,,,,,,,,,,,,,97.4,82.6,100.0,97.4
2022-03-12,,,,,,,,,,,,,98.1,85.6,100.0,98.1
2022-03-13,,,,,,,,,,,,,98.0,86.0,100.0,98.0
2022-03-14,99.8,90.1,75.4,,,,,,,,,,98.8,89.7,100.0,98.8
2022-03-15,99.9,95.7,75.8,,,,,,,,,,98.9,90.1,100.0,98.9
2022-03-16,,,,,,,,,,,,,99.1,90.2,100.0,99.1
2022-03-17,,,,,,,,,,,,,99.7,91.6,100.0,99.7
2022-03-18,,,,,,,,,,,,,99.8,92.2,100.0,99.8
2022-03-19,99.9,95.7,75.4,,,,,,,,,,99.9,93.3,100.0,99.9
2022-03-20,,,,99.8,96.4,88.7,,,,100.0,95.3,100.0,99.9,93.5,100.0,99.9
2022-03-21,,,,,,,,,,,,,99.9,93.8,100.0,99.9
2022-03-22,,,,,,,,,,,,,100.0,93.7,100.0,100.0
2022-03-23,,,,,,,,,,,,,100.0,94.6,100.0,100.0
2022-03-24,,,,,,,,,,100.0,95.8,100.0,100.0,94.4,100.0,100.0
2022-03-25,,,,99.7,96.6,100.0,,,,96.4,81.2,100.0,100.0,95.6,100.0,100.0
2022-03-26,99.9,95.9,75.6,,,,99.5,87.1,50.7,,,,100.0,95.4,100.0,100.0
2022-03-27,99.4,92.7,75.9,,,,,,,,,,100.0,96.0,100.0,100.0
2022-03-28,,,,,,,,,,,,,100.0,95.3,100.0,100.0
2022-03-29,,,,,,,,,,,,,100.0,95.4,100.0,100.0
2022-03-30,,,,,,,,,,,,,100.0,94.7,100.0,100.0
2022-03-31,99.0,91.1,75.4,,,,,,,,,,100.0,95.0,100.0,100.0
2022-04-01,,,,,,,,,,,,,100.0,93.7,100.0,100.0
2022-04-02,,,,,,,,,,,,,100.0,94.3,100.0,100.0
2022-04-03,,,,,,,,,,,,,100.0,93.0,100.0,100.0
2022-04-04,,,,99.9,97.9,100.0,,,,,,,100.0,93.7,100.0,100.0
2022-04-05,,,,,,,,,,95.8,77.2,100.0,99.9,89.1,100.0,99.9
2022-04-06,,,,,,,,,,99.2,84.0,99.9,99.9,89.1,100.0,99.9
2022-04-07,95.4,78.0,75.1,,,,,,,,,,99.7,86.2,100.0,99.7
2022-04-08,93.2,71.5,75.5,,,,,,,,,,99.7,85.9,100.0,99.7
2022-04-09,,,,94.1,81.3,57.8,,,,,,,96.7,78.3,100.0,96.7
2022-04-10,,,,,,,,,,,,,97.7,79.5,100.0,97.7
2022-04-11,,,,,,,,,,,,,87.5,71.7,100.0,87.5
2022-04-12,77.6,54.6,74.7,,,,,,,,,,86.0,71.3,100.0,86.0
2022-04-13,,,,,,,,,,99.8,88.9,100.0,35.1,54.6,100.0,35.1
2022-04-14,,,,8.3,13.9,100.0,,,,,,,38.7,54.3,100.0,38.7
2022-04-15,,,,,,,,,,,,,13.9,40.3,100.0,13.9
2022-04-16,,,,,,,,,,,,,11.4,39.0,100.0,11.4
2022-04-17,,,,,,,,,,,,,6.5,28.2,100.0,6.5
2022-04-18,,,,,,,,,,,,,5.9,29.7,100.0,5.9
2022-04-19,77.0,52.7,74.9,0.0,1.0,100.0,,,,,,,2.3,24.3,100.0,2.3
2022-04-20,63.5,46.2,75.7,,,,,,,99.8,81.3,49.4,2.9,24.0,100.0,2.9
2022-04-21,,,,,,,,,,87.9,67.8,100.0,0.2,16.6,100.0,0.2
2022-04-22,,,,,,,,,,,,,0.1,16.0,100.0,0.1
2022-04-23,,,,,,,,,,,,,0.0,12.8,100.0,0.0
2022-04-24,74.9,52.3,75.0,,,,,,,,,,0.0,11.8,100.0,0.0
2022-04-25,,,,,,,,,,30.8,38.5,100.0,0.0,9.3,100.0,0.0
2022-04-26,,,,,,,,,,,,,0.0,10.7,100.0,0.0
2022-04-27,,,,,,,0.4,1.5,80.2,,,,0.0,10.6,100.0,0.0
2022-04-28,,,,,,,,,,0.1,10.9,100.0,0.0,9.6,100.0,0.0
2022-04-29,,,,0.0,0.3,93.9,,,,0.0,8.1,100.0,0.0,7.2,100.0,0.0
2022-04-30,,,,,,,,,,,,,0.0,6.7,100.0,0.0
2022-05-01,89.1,64.1,74.8,,,,,,,,,,0.0,6.8,100.0,0.0
2022-05-02,70.7,53.6,75.3,,,,,,,,,,0.0,6.3,100.0,0.0
2022-05-03,,,,,,,,,,,,,0.0,5.9,100.0,0.0
2022-05-04,,,,,,,,,,,,,0.0,5.8,100.0,0.0
2022-05-05,,,,,,,,,,,,,0.0,6.0,100.0,0.0
2022-05-06,63.3,49.6,75.1,,,,,,,,,,0.0,5.7,100.0,0.0
2022-05-07,,,,,,,,,,0.0,9.8,35.5,0.0,5.1,100.0,0.0
2022-05-08,,,,,,,,,,,,,0.0,4.6,100.0,0.0
2022-05-09,,,,,,,,,,,,,0.0,4.2,100.0,0.0
2022-05-10,,,,,,,,,,,,,0.0,3.9,100.0,0.0
2022-05-11,,,,,,,,,,,,,0.0,4.0,100.0,0.0
2022-05-12,,,,,,,,,,,,,0.0,4.6,100.0,0.0
2022-05-13,62.8,49.2,75.6,,,,0.0,0.1,68.8,,,,0.0,5.2,100.0,0.0
2022-05-14,58.7,47.6,75.4,0.0,0.2,99.7,,,,,,,0.0,5.9,100.0,0.0
2022-05-15,,,,,,,,,,,,,0.0,4.2,100.0,0.0
2022-05-16,,,,,,,,,,,,,0.0,4.1,100.0,0.0
2022-05-17,,,,,,,,,,,,,0.0,4.1,100.0,0.0
2022-05-18,67.4,52.0,75.1,,,,,,,,,,0.0,4.6,100.0,0.0
2022-05-19,,,,0.0,0.2,84.3,,,,,,,0.0,3.9,100.0,0.0
2022-05-20,,,,,,,,,,0.0,1.2,100.0,0.0,3.4,100.0,0.0
2022-05-21,,,,,,,,,,0.0,0.9,100.0,0.0,3.8,100.0,0.0
2022-05-22,,,,,,,,,,,,,0.0,4.5,100.0,0.0
2022-05-23,,,,,,,,,,,,,0.0,3.0,100.0,0.0
2022-05-24,,,,0.0,0.1,32.2,,,,0.0,0.3,99.6,0.0,2.0,100.0,0.0
2022-05-25,1.1,13.0,75.5,,,,,,,0.0,0.5,71.0,0.0,2.0,100.0,0.0
2022-05-26,0.5,8.8,75.7,,,,,,,,,,0.0,1.7,100.0,0.0
2022-05-27,,,,,,,,,,,,,0.0,1.6,100.0,0.0
2022-05-28,,,,,,,,,,0.0,0.1,100.0,0.0,1.2,100.0,0.0
2022-05-29,,,,0.0,0.1,100.0,0.0,0.1,89.2,0.0,0.1,100.0,0.0,1.1,100.0,0.0
2022-05-30,0.0,1.9,74.6,,,,,,,,,,0.0,0.9,100.0,0.0
2022-05-31,,,,,,,,,,,,,0.0,0.8,100.0,0.0
2022-06-01,,,,,,,,,,0.0,0.0,74.2,0.0,0.7,100.0,0.0
2022-06-02,,,,,,,,,,,,,0.0,0.7,100.0,0.0
2022-06-03,,,,,,,,,,,,,0.0,0.4,100.0,0.0
2022-06-04,,,,,,,,,,,,,0.0,0.4,100.0,0.0
2022-06-05,,,,,,,,,,,,,0.0,0.5,100.0,0.0
2022-06-06,0.1,1.9,75.6,,,,0.0,0.0,99.8,,,,0.0,0.7,100.0,0.0
2022-06-07,0.0,0.8,75.4,,,,,,,,,,0.0,0.5,100.0,0.0
2022-06-08,,,,,,,,,,,,,0.0,0.5,100.0,0.0
2022-06-09,,,,,,,,,,,,,0.0,0.6,100.0,0.0
2022-06-10,,,,,,,,,,0.0,0.0,100.0,0.0,0.7,100.0,0.0
2022-06-11,0.1,0.9,75.3,,,,,,,,,,0.0,0.8,100.0,0.0
2022-06-12,,,,,,,,,,,,,0.0,0.9,100.0,0.0
2022-06-13,,,,0.0,0.1,80.4,,,,0.0,0.0,91.5,0.0,0.9,100.0,0.0
2022-06-14,,,,,,,,,,0.0,0.0,100.0,0.0,1.0,100.0,0.0
2022-06-15,,,,,,,,,,,,,0.0,1.2,100.0,0.0
2022-06-16,,,,,,,,,,,,,0.0,1.1,100.0,0.0
2022-06-17,,,,,,,,,,,,,0.0,0.9,100.0,0.0
2022-06-18,0.1,0.8,75.5,0.0,0.1,100.0,,,,,,,0.0,0.9,100.0,0.0
2022-06-19,0.2,0.9,75.5,,,,,,,,,,0.0,1.0,100.0,0.0
2022-06-20,,,,,,,,,,0.0,0.0,46.3,0.0,1.0,100.0,0.0
2022-06-21,,,,,,,,,,,,,0.0,0.8,100.0,0.0
2022-06-22,,,,,,,0.0,0.0,54.0,,,,0.0,0.8,100.0,0.0
2022-06-23,0.1,0.6,75.2,,,,,,,,,,0.0,0.9,100.0,0.0
2022-06-24,,,,,,,,,,,,,0.0,0.6,100.0,0.0
2022-06-25,,,,,,,,,,0.0,0.0,100.0,0.0,0.4,100.0,0.0
2022-06-26,,,,,,,,,,,,,0.0,0.6,100.0,0.0
2022-06-27,,,,,,,,,,,,,0.0,0.7,100.0,0.0
2022-06-28,,,,,,,,,,,,,0.0,0.6,100.0,0.0
2022-06-29,,,,,,,,,,0.0,0.0,100.0,0.0,0.4,100.0,0.0
2022-06-30,0.1,0.6,75.6,,,,,,,,,,0.0,0.6,100.0,0.0
2022-07-01,0.1,0.7,75.6,,,,,,,,,,0.0,0.6,100.0,0.0
2022-07-02,,,,,,,,,,0.0,0.0,100.0,0.0,0.4,100.0,0.0
2022-07-03,,,,,,,,,,,,,0.0,0.3,100.0,0.0
2022-07-04,,,,,,,,,,,,,0.0,0.3,100.0,0.0
2022-07-05,0.1,0.5,75.5,,,,,,,,,,0.0,0.3,100.0,0.0
2022-07-06,,,,,,,,,,0.0,0.0,100.0,0.0,0.2,100.0,0.0
2022-07-07,,,,,,,,,,0.0,0.0,100.0,0.0,0.2,100.0,0.0
2022-07-08,,,,0.0,0.1,100.0,0.0,0.1,98.2,,,,0.0,0.2,100.0,0.0
2022-07-09,,,,,,,,,,,,,0.0,0.2,100.0,0.0
2022-07-10,,,,,,,,,,0.0,0.0,100.0,0.0,0.1,100.0,0.0
2022-07-11,,,,,,,,,,,,,0.0,0.1,100.0,0.0
2022-07-12,0.0,0.3,75.2,,,,,,,,,,0.0,0.1,100.0,0.0
2022-07-13,0.0,0.3,75.7,0.0,0.2,65.2,,,,,,,0.0,0.1,100.0,0.0
2022-07-14,,,,,,,,,,,,,0.0,0.1,100.0,0.0
2022-07-15,,,,,,,,,,,,,0.0,0.1,100.0,0.0
2022-07-16,,,,,,,0.1,0.1,49.0,,,,0.0,0.1,100.0,0.0
2022-07-17,0.0,0.3,75.4,,,,,,,,,,0.0,0.1,100.0,0.0
2022-07-18,,,,0.0,0.1,100.0,,,,,,,0.0,0.0,100.0,0.0
2022-07-19,,,,,,,,,,,,,0.0,0.0,100.0,0.0
2022-07-20,,,,,,,,,,,,,0.0,0.0,100.0,0.0
2022-07-21,,,,,,,,,,,,,0.0,0.0,100.0,0.0
2022-07-22,,,,,,,,,,,,,0.0,0.0,100.0,0.0
2022-07-23,,,,,,,,,,,,,0.0,0.0,100.0,0.0
2022-07-24,0.0,0.3,75.6,,,,0.0,0.0,96.1,,,,0.0,0.0,100.0,0.0
2022-07-25,0.0,0.4,75.8,,,,,,,,,,0.0,0.0,100.0,0.0
2022-07-26,,,,,,,,,,,,,0.0,0.0,100.0,0.0
2022-07-27,,,,,,,,,,,,,0.0,0.0,100.0,0.0
2022-07-28,,,,0.0,0.2,66.7,,,,,,,0.0,0.0,100.0,0.0
2022-07-29,0.0,0.5,75.5,,,,,,,,,,0.0,0.0,100.0,0.0
2022-07-30,,,,,,,,,,,,,0.0,0.0,100.0,0.0
2022-07-31,,,,,,,,,,,,,0.0,0.0,100.0,0.0
2022-08-01,,,,,,,0.0,0.0,100.0,0.0,0.0,100.0,0.0,0.0,100.0,0.0
2022-08-02,,,,0.0,0.2,100.0,,,,0.0,0.0,100.0,0.0,0.0,100.0,0.0
2022-08-03,,,,,,,,,,,,,0.0,0.0,100.0,0.0
2022-08-04,,,,,,,,,,,,,0.0,0.0,100.0,0.0
2022-08-05,0.0,0.7,75.7,,,,,,,0.0,0.0,100.0,0.0,0.0,100.0,0.0
2022-08-06,0.0,1.0,75.8,,,,,,,0.0,0.0,100.0,0.0,0.0,100.0,0.0
2022-08-07,,,,0.0,0.2,98.8,,,,,,,0.0,0.0,100.0,0.0
2022-08-08,,,,,,,,,,,,,0.0,0.1,100.0,0.0
2022-08-09,,,,,,,0.0,0.0,95.3,0.0,0.0,100.0,0.0,0.0,100.0,0.0
2022-08-10,0.0,0.9,75.5,,,,,,,,,,0.0,0.1,100.0,0.0
2022-08-11,,,,,,,,,,,,,0.0,0.0,100.0,0.0
2022-08-12,,,,0.0,0.1,100.0,,,,,,,0.0,0.1,100.0,0.0
2022-08-13,,,,,,,,,,0.0,0.0,100.0,0.0,0.1,100.0,0.0
2022-08-14,,,,,,,,,,,,,0.0,0.1,100.0,0.0
2022-08-15,,,,,,,,,,,,,0.0,0.1,100.0,0.0
2022-08-16,,,,,,,,,,,,,0.0,0.1,100.0,0.0
2022-08-17,0.0,1.3,75.8,,,,,,,0.0,0.0,70.9,0.0,0.1,100.0,0.0
2022-08-18,0.2,1.4,75.8,,,,,,,,,,0.0,0.1,100.0,0.0
2022-08-19,,,,,,,,,,,,,0.0,0.1,100.0,0.0
2022-08-20,,,,,,,,,,0.0,0.0,100.0,0.0,0.1,100.0,0.0
2022-08-21,,,,,,,,,,0.0,0.0,100.0,0.0,0.1,100.0,0.0
2022-08-22,0.2,2.7,75.7,0.0,0.1,99.8,,,,,,,0.0,0.1,100.0,0.0
2022-08-23,,,,,,,,,,,,,0.0,0.1,100.0,0.0
2022-08-24,,,,,,,,,,0.0,0.0,100.0,0.0,0.1,100.0,0.0
2022-08-25,,,,,,,0.0,0.0,99.9,0.0,0.0,100.0,0.0,0.0,100.0,0.0
2022-08-26,,,,,,,,,,,,,0.0,0.1,100.0,0.0
2022-08-27,,,,0.0,0.2,72.3,,,,,,,0.0,0.0,100.0,0.0
2022-08-28,,,,,,,,,,0.0,0.0,100.0,0.0,0.0,100.0,0.0
2022-08-29,0.3,2.4,75.6,,,,,,,0.0,0.0,100.0,0.0,0.1,100.0,0.0
2022-08-30,0.2,2.2,75.8,,,,,,,,,,0.0,0.1,100.0,0.0
2022-08-31,,,,,,,,,,,,,0.0,0.1,100.0,0.0
2022-09-01,,,,0.0,0.1,100.0,,,,0.0,0.0,100.0,0.0,0.1,100.0,0.0
2022-09-02,,,,,,,,,,0.0,0.0,100.0,0.0,0.1,100.0,0.0
2022-09-03,0.3,2.3,75.6,,,,,,,,,,0.0,0.1,100.0,0.0
2022-09-04,,,,,,,,,,,,,0.0,0.1,100.0,0.0
2022-09-05,,,,,,,,,,0.0,0.0,100.0,0.0,0.1,100.0,0.0
2022-09-06,,,,,,,,,,,,,0.0,0.1,100.0,0.0
2022-09-07,,,,,,,,,,,,,0.0,0.1,100.0,0.0
2022-09-08,,,,,,,,,,0.0,0.0,97.9,0.0,0.0,100.0,0.0
2022-09-09,,,,,,,,,,,,,0.0,0.1,100.0,0.0
2022-09-10,0.2,1.9,75.9,,,,0.0,0.0,100.0,,,,0.0,0.0,100.0,0.0
2022-09-11,0.2,1.1,75.9,0.0,0.1,100.0,,,,,,,0.0,0.0,100.0,0.0
2022-09-12,,,,,,,,,,0.0,0.0,100.0,0.0,0.0,100.0,0.0
2022-09-13,,,,,,,,,,,,,0.0,0.0,100.0,0.0
2022-09-14,,,,,,,,,,,,,0.0,0.0,100.0,0.0
2022-09-15,0.0,0.8,75.6,,,,,,,,,,0.0,0.0,100.0,0.0
2022-09-16,,,,0.0,0.2,98.3,,,,,,,0.0,0.0,100.0,0.0
2022-09-17,,,,,,,,,,,,,0.0,0.0,100.0,0.0
2022-09-18,,,,,,,0.0,0.0,100.0,,,,0.0,0.0,100.0,0.0
2022-09-19,,,,,,,,,,,,,0.0,0.0,100.0,0.0
2022-09-20,,,,,,,,,,,,,0.0,0.0,100.0,0.0
2022-09-21,,,,,,,,,,,,,0.0,0.0,100.0,0.0
2022-09-22,0.0,0.9,75.7,,,,,,,,,,0.0,0.0,100.0,0.0
2022-09-23,0.0,0.8,75.8,,,,,,,,,,0.0,0.0,100.0,0.0
2022-09-24,,,,,,,,,,,,,0.0,0.0,100.0,0.0
2022-09-25,,,,,,,,,,,,,0.0,0.0,100.0,0.0
2022-09-26,,,,,,,0.0,0.0,65.1,,,,0.0,0.1,100.0,0.0
2022-09-27,0.0,1.1,75.7,,,,,,,,,,0.0,0.0,100.0,0.0
2022-09-28,,,,,,,,,,,,,0.0,0.1,100.0,0.0
2022-09-29,,,,,,,,,,,,,0.0,0.1,100.0,0.0
2022-09-30,,,,,,,,,,,,,0.0,0.1,100.0,0.0
2022-10-01,,,,,,,,,,,,,0.0,0.1,100.0,0.0
2022-10-02,,,,,,,,,,0.0,0.0,100.0,0.0,0.1,100.0,0.0
2022-10-03,,,,,,,,,,,,,0.0,0.1,100.0,0.0
2022-10-04,0.0,1.5,75.7,,,,0.0,0.0,100.0,,,,0.0,0.1,100.0,0.0
2022-10-05,0.1,1.8,75.9,,,,,,,0.0,0.1,100.0,0.0,0.1,100.0,0.0
2022-10-06,,,,0.0,0.1,100.0,,,,,,,0.0,0.1,100.0,0.0
2022-10-07,,,,,,,,,,,,,0.0,0.2,100.0,0.0
2022-10-08,,,,,,,,,,,,,0.0,0.2,100.0,0.0
2022-10-09,0.2,2.6,75.4,,,,,,,,,,0.0,0.3,100.0,0.0
2022-10-10,,,,,,,,,,,,,0.0,0.3,100.0,0.0
2022-10-11,,,,0.0,0.2,100.0,,,,,,,0.0,0.4,100.0,0.0
2022-10-12,,,,,,,,,,0.0,0.2,56.7,0.0,0.4,100.0,0.0
2022-10-13,,,,,,,,,,,,,0.0,0.4,100.0,0.0
2022-10-14,,,,,,,,,,,,,0.0,0.4,100.0,0.0
2022-10-15,,,,,,,,,,,,,0.0,0.5,100.0,0.0
2022-10-16,0.3,2.8,75.9,0.0,0.2,77.1,,,,0.0,0.1,100.0,0.0,0.4,100.0,0.0
2022-10-17,0.3,2.3,75.8,,,,,,,0.0,0.0,100.0,0.0,0.4,100.0,0.0
2022-10-18,,,,,,,,,,,,,0.0,0.4,100.0,0.0
2022-10-19,,,,,,,,,,,,,0.0,0.5,100.0,0.0
2022-10-20,,,,,,,,,,,,,0.0,0.4,100.0,0.0
2022-10-21,0.3,2.0,75.5,,,,,,,,,,0.0,0.5,100.0,0.0
2022-10-22,,,,,,,,,,,,,0.0,0.3,100.0,0.0
2022-10-23,,,,,,,,,,,,,0.0,0.4,100.0,0.0
2022-10-24,,,,,,,,,,,,,0.0,0.4,100.0,0.0
2022-10-25,,,,,,,,,,0.0,0.0,100.0,0.0,0.3,100.0,0.0
2022-10-26,,,,0.0,0.1,100.0,,,,,,,0.0,0.3,100.0,0.0
2022-10-27,,,,,,,,,,,,,0.0,0.3,100.0,0.0
2022-10-28,1.8,9.8,98.4,,,,0.0,0.0,87.4,,,,0.0,0.3,100.0,0.0
2022-10-29,2.0,9.0,98.3,,,,,,,,,,0.0,0.4,100.0,0.0
2022-10-30,,,,,,,,,,,,,0.0,0.3,100.0,0.0
2022-10-31,,,,0.0,0.2,100.0,,,,,,,0.0,0.4,100.0,0.0
2022-11-01,,,,,,,,,,,,,0.0,0.4,100.0,0.0
2022-11-02,7.2,16.1,97.5,,,,,,,0.0,0.0,100.0,0.0,0.5,100.0,0.0
2022-11-03,,,,,,,,,,,,,0.0,0.6,100.0,0.0
2022-11-04,,,,,,,,,,,,,0.0,0.8,100.0,0.0
2022-11-05,,,,0.0,0.4,90.2,0.0,0.0,62.7,0.0,0.1,100.0,0.0,0.7,100.0,0.0
2022-11-06,,,,,,,,,,,,,0.0,0.8,100.0,0.0
2022-11-07,,,,,,,,,,,,,0.0,0.9,100.0,0.0
2022-11-08,,,,,,,,,,,,,0.0,1.1,100.0,0.0
2022-11-09,6.2,17.8,97.9,,,,,,,,,,0.0,1.7,100.0,0.0
2022-11-10,1.2,13.8,98.0,0.0,0.5,100.0,,,,,,,0.0,1.5,100.0,0.0
2022-11-11,,,,,,,,,,,,,0.0,1.7,100.0,0.0
2022-11-12,,,,,,,,,,,,,0.0,1.9,100.0,0.0
2022-11-13,,,,,,,,,,,,,0.0,2.7,100.0,0.0
2022-11-14,0.7,10.8,95.7,,,,,,,,,,0.0,2.5,100.0,0.0
2022-11-15,,,,,,,,,,,,,0.0,2.9,100.0,0.0
2022-11-16,,,,,,,,,,0.0,0.2,100.0,0.0,2.0,100.0,0.0
2022-11-17,,,,,,,,,,,,,0.0,3.6,100.0,0.0
2022-11-18,,,,,,,,,,,,,0.0,3.2,100.0,0.0
2022-11-19,,,,,,,,,,,,,0.0,4.3,100.0,0.0
2022-11-20,,,,0.0,0.6,100.0,,,,,,,0.0,3.4,100.0,0.0
2022-11-21,0.5,9.3,98.4,,,,,,,,,,0.0,6.2,100.0,0.0
2022-11-22,0.5,8.0,98.4,,,,,,,,,,0.0,5.7,100.0,0.0
2022-11-23,,,,,,,,,,,,,0.0,5.3,100.0,0.0
2022-11-24,,,,,,,,,,,,,0.0,3.4,100.0,0.0
2022-11-25,,,,0.0,1.1,100.0,,,,,,,0.0,4.6,100.0,0.0
2022-11-26,0.3,3.7,96.9,,,,,,,,,,0.0,4.2,100.0,0.0
2022-11-27,,,,,,,,,,,,,0.0,4.0,100.0,0.0
2022-11-28,,,,,,,,,,,,,0.0,3.7,100.0,0.0
2022-11-29,,,,,,,,,,,,,0.0,4.0,100.0,0.0
2022-11-30,,,,0.0,2.3,100.0,,,,,,,0.0,3.9,100.0,0.0
2022-12-01,,,,,,,,,,0.0,0.7,100.0,0.0,2.3,100.0,0.0
2022-12-02,,,,,,,,,,,,,0.0,3.4,100.0,0.0
2022-12-03,0.6,3.5,99.3,,,,,,,,,,0.0,3.4,100.0,0.0
2022-12-04,0.7,2.2,97.8,,,,,,,,,,0.0,3.6,100.0,0.0
2022-12-05,,,,0.2,4.1,100.0,,,,0.0,1.3,100.0,0.0,2.5,100.0,0.0
2022-12-06,,,,,,,,,,0.0,2.3,100.0,0.0,3.4,100.0,0.0
2022-12-07,,,,,,,0.0,1.0,100.0,,,,0.0,4.4,100.0,0.0
2022-12-08,0.3,1.3,97.5,,,,,,,,,,0.0,4.3,100.0,0.0
2022-12-09,,,,,,,,,,0.0,2.8,100.0,0.0,3.5,100.0,0.0
2022-12-10,,,,0.8,5.9,80.9,,,,0.0,3.3,100.0,0.0,4.2,100.0,0.0
2022-12-11,,,,,,,,,,,,,0.0,5.8,100.0,0.0
2022-12-12,,,,,,,,,,,,,0.0,5.6,100.0,0.0
2022-12-13,,,,,,,,,,,,,0.0,6.7,100.0,0.0
2022-12-14,,,,,,,,,,,,,0.0,7.9,100.0,0.0
2022-12-15,0.6,1.2,98.3,,,,,,,,,,0.0,9.5,100.0,0.0
2022-12-16,0.5,1.1,98.3,,,,,,,0.2,5.3,100.0,0.0,6.6,100.0,0.0
2022-12-17,,,,,,,,,,0.7,6.8,100.0,0.0,7.4,100.0,0.0
2022-12-18,,,,,,,,,,,,,0.0,9.6,100.0,0.0
2022-12-19,,,,,,,,,,,,,0.0,10.3,100.0,0.0
2022-12-20,1.4,2.0,98.1,1.1,7.4,87.5,,,,,,,0.0,8.1,100.0,0.0
2022-12-21,,,,,,,,,,0.0,3.2,100.0,0.0,7.4,100.0,0.0
2022-12-22,,,,,,,,,,,,,0.0,10.9,100.0,0.0
2022-12-23,,,,,,,,,,,,,0.0,12.4,100.0,0.0
2022-12-24,,,,,,,,,,0.0,0.9,100.0,0.0,11.1,100.0,0.0
2022-12-25,,,,0.0,4.6,100.0,,,,0.0,1.0,100.0,0.0,9.8,100.0,0.0
2022-12-26,,,,,,,,,,,,,0.0,13.0,100.0,0.0
2022-12-27,1.3,2.6,98.2,,,,,,,,,,0.0,11.5,100.0,0.0
2022-12-28,2.7,5.8,98.2,,,,,,,,,,0.0,11.8,100.0,0.0
2022-12-29,,,,,,,,,,0.0,1.0,100.0,0.0,11.6,100.0,0.0
2022-12-30,,,,0.0,3.1,98.1,,,,,,,0.0,15.7,100.0,0.0
2022-12-31,,,,,,,,,,,,,0.0,13.3,100.0,0.0
2023-01-01,1.3,3.5,87.7,,,,,,,,,,0.0,14.6,100.0,0.0
2023-01-02,,,,,,,,,,0.4,2.8,89.2,0.0,16.2,100.0,0.0
2023-01-03,,,,,,,,,,,,,0.0,18.3,100.0,0.0
2023-01-04,,,,0.0,2.9,100.0,,,,,,,0.0,16.4,100.0,0.0
2023-01-05,,,,,,,,,,0.3,3.3,100.0,0.0,12.4,100.0,0.0
2023-01-06,,,,,,,,,,,,,0.0,15.5,100.0,0.0
2023-01-07,,,,,,,,,,,,,0.0,14.2,100.0,0.0
2023-01-08,1.6,3.5,88.1,,,,,,,,,,0.0,14.9,100.0,0.0
2023-01-09,0.7,4.1,88.2,0.8,6.9,71.3,,,,,,,0.0,13.0,100.0,0.0
2023-01-10,,,,,,,,,,,,,0.0,15.8,100.0,0.0
2023-01-11,,,,,,,,,,,,,0.0,14.8,100.0,0.0
2023-01-12,,,,,,,,,,2.7,17.8,100.0,0.0,15.1,100.0,0.0
2023-01-13,0.8,6.0,87.6,,,,,,,,,,0.0,14.3,100.0,0.0
2023-01-14,,,,1.4,4.3,100.0,,,,,,,0.0,16.8,100.0,0.0
2023-01-15,,,,,,,,,,,,,0.0,16.4,100.0,0.0
2023-01-16,,,,,,,,,,,,,0.0,18.9,100.0,0.0
2023-01-17,,,,,,,,,,,,,0.1,19.3,100.0,0.1
2023-01-18,,,,,,,,,,,,,0.3,27.5,100.0,0.3
2023-01-19,,,,3.5,14.1,98.2,,,,,,,0.4,30.1,100.0,0.4
2023-01-20,0.2,6.4,87.9,,,,,,,,,,1.0,36.0,100.0,1.0
2023-01-21,0.1,8.9,88.5,,,,,,,,,,2.0,40.4,100.0,2.0
2023-01-22,,,,,,,,,,,,,10.6,49.8,100.0,10.6
2023-01-23,,,,,,,,,,,,,18.7,54.6,100.0,18.7
2023-01-24,,,,,,,,,,33.5,40.2,100.0,42.3,60.6,100.0,42.3
2023-01-25,0.1,21.7,87.5,,,,,,,,,,84.3,65.8,100.0,84.3
2023-01-26,,,,,,,,,,,,,98.3,72.8,100.0,98.3
2023-01-27,,,,,,,,,,81.5,61.0,100.0,98.6,75.4,100.0,98.6
2023-01-28,,,,,,,,,,90.7,72.1,100.0,100.0,82.2,100.0,100.0
2023-01-29,,,,60.7,56.7,100.0,,,,,,,100.0,86.7,100.0,100.0
2023-01-30,,,,,,,,,,,,,100.0,89.8,100.0,100.0
2023-01-31,,,,,,,,,,98.7,84.8,100.0,100.0,91.1,100.0,100.0
2023-02-01,81.4,56.9,87.7,,,,99.6,93.6,100.0,,,,100.0,94.5,100.0,100.0
2023-02-02,94.6,74.0,88.3,,,,,,,,,,100.0,95.1,100.0,100.0
2023-02-03,,,,92.5,91.4,100.0,,,,,,,100.0,96.7,100.0,100.0
2023-02-04,,,,,,,,,,99.9,92.6,100.0,100.0,97.0,100.0,100.0
2023-02-05,,,,,,,,,,100.0,96.4,100.0,100.0,97.3,100.0,100.0
2023-02-06,96.3,80.8,87.8,,,,,,,,,,100.0,98.0,100.0,100.0
2023-02-07,,,,,,,,,,,,,100.0,98.1,100.0,100.0
2023-02-08,,,,100.0,99.7,95.9,,,,100.0,97.4,100.0,100.0,98.7,100.0,100.0
2023-02-09,,,,,,,,,,100.0,96.7,100.0,100.0,98.6,100.0,100.0
2023-02-10,,,,,,,,,,,,,100.0,98.6,100.0,100.0
2023-02-11,,,,,,,,,,,,,100.0,98.8,100.0,100.0
2023-02-12,,,,,,,,,,100.0,96.8,100.0,100.0,98.8,100.0,100.0
2023-02-13,98.0,87.7,88.1,100.0,99.5,100.0,,,,,,,100.0,99.2,100.0,100.0
2023-02-14,99.1,91.0,88.4,,,,,,,,,,100.0,99.1,100.0,100.0
2023-02-15,,,,,,,,,,100.0,96.4,100.0,100.0,99.0,100.0,100.0
2023-02-16,,,,,,,,,,100.0,96.1,100.0,100.0,99.0,100.0,100.0
2023-02-17,,,,,,,100.0,99.9,97.2,,,,100.0,99.3,100.0,100.0
2023-02-18,99.8,93.2,87.8,100.0,99.3,100.0,,,,,,,100.0,99.2,100.0,100.0
2023-02-19,,,,,,,,,,100.0,96.2,100.0,100.0,99.0,100.0,100.0
2023-02-20,,,,,,,,,,100.0,96.2,100.0,100.0,98.8,100.0,100.0
2023-02-21,,,,,,,,,,,,,100.0,98.8,100.0,100.0
2023-02-22,,,,,,,,,,,,,100.0,98.3,100.0,100.0
2023-02-23,,,,,,,,,,,,,100.0,98.3,100.0,100.0
2023-02-24,,,,,,,,,,,,,100.0,97.7,100.0,100.0
2023-02-25,99.4,91.4,98.6,,,,,,,,,,100.0,98.3,100.0,100.0
2023-02-26,99.5,92.6,98.2,,,,,,,,,,100.0,97.1,100.0,100.0
2023-02-27,,,,,,,,,,,,,100.0,97.7,100.0,100.0
2023-02-28,,,,,,,,,,100.0,96.6,100.0,100.0,97.5,100.0,100.0
2023-03-01,,,,,,,,,,,,,100.0,98.1,100.0,100.0
2023-03-02,99.9,92.8,97.6,,,,,,,,,,100.0,98.1,100.0,100.0
2023-03-03,,,,,,,,,,100.0,96.6,100.0,100.0,98.2,100.0,100.0
2023-03-04,,,,,,,,,,100.0,96.3,100.0,100.0,98.2,100.0,100.0
2023-03-05,,,,100.0,99.8,100.0,100.0,99.8,100.0,,,,100.0,99.1,100.0,100.0
2023-03-06,,,,,,,,,,100.0,95.9,100.0,100.0,98.5,100.0,100.0
2023-03-07,,,,,,,,,,100.0,96.0,100.0,100.0,98.9,100.0,100.0
2023-03-08,,,,,,,,,,,,,100.0,98.7,100.0,100.0
2023-03-09,99.7,94.7,98.1,,,,,,,,,,100.0,99.0,100.0,100.0
2023-03-10,99.7,94.1,98.1,,,,,,,,,,100.0,98.9,100.0,100.0
2023-03-11,,,,,,,,,,,,,100.0,99.0,100.0,100.0
2023-03-12,,,,,,,,,,,,,100.0,99.0,100.0,100.0
2023-03-13,,,,,,,100.0,100.0,68.9,,,,100.0,99.2,100.0,100.0
2023-03-14,100.0,96.1,98.0,,,,,,,99.9,96.0,100.0,100.0,99.0,100.0,100.0
2023-03-15,,,,100.0,99.5,100.0,,,,,,,100.0,99.3,100.0,100.0
2023-03-16,,,,,,,,,,,,,100.0,99.1,100.0,100.0
2023-03-17,,,,,,,,,,,,,100.0,99.1,100.0,100.0
2023-03-18,,,,,,,,,,,,,100.0,99.0,100.0,100.0
2023-03-19,,,,,,,,,,,,,100.0,99.1,100.0,100.0
2023-03-20,,,,100.0,99.6,100.0,,,,,,,100.0,99.2,100.0,100.0
2023-03-21,99.1,96.8,99.2,,,,100.0,100.0,66.5,,,,100.0,99.1,100.0,100.0
2023-03-22,99.3,97.9,98.8,,,,,,,,,,100.0,98.9,100.0,100.0
2023-03-23,,,,,,,,,,,,,100.0,98.6,100.0,100.0
2023-03-24,,,,,,,,,,,,,100.0,98.3,100.0,100.0
2023-03-25,,,,,,,,,,,,,100.0,97.6,100.0,100.0
2023-03-26,99.9,98.5,97.8,,,,,,,99.3,96.2,34.5,100.0,97.4,100.0,100.0
2023-03-27,,,,,,,,,,,,,100.0,96.3,100.0,100.0
2023-03-28,,,,,,,,,,,,,100.0,95.5,100.0,100.0
2023-03-29,,,,,,,,,,,,,100.0,94.0,100.0,100.0
2023-03-30,,,,,,,,,,,,,100.0,94.0,100.0,100.0
2023-03-31,,,,,,,,,,,,,99.9,93.0,100.0,99.9
2023-04-01,,,,,,,,,,,,,100.0,92.7,100.0,100.0
2023-04-02,99.8,98.3,97.9,,,,,,,,,,99.9,92.9,100.0,99.9
2023-04-03,99.2,97.7,98.6,,,,,,,99.2,92.3,100.0,99.8,92.6,100.0,99.8
2023-04-04,,,,100.0,97.0,78.1,,,,98.2,88.6,100.0,99.8,93.5,100.0,99.8
2023-04-05,,,,,,,,,,,,,99.2,90.7,100.0,99.2
2023-04-06,,,,,,,100.0,97.7,98.1,,,,99.7,92.4,100.0,99.7
2023-04-07,99.9,97.3,97.3,,,,,,,93.6,80.0,100.0,98.6,89.4,100.0,98.6
2023-04-08,,,,,,,,,,68.1,61.2,100.0,99.1,89.3,100.0,99.1
2023-04-09,,,,94.2,87.8,100.0,,,,,,,97.6,86.0,100.0,97.6
2023-04-10,,,,,,,,,,,,,98.3,85.7,100.0,98.3
2023-04-11,,,,,,,,,,,,,86.9,77.1,100.0,86.9
2023-04-12,,,,,,,,,,,,,93.3,79.3,100.0,93.3
2023-04-13,,,,,,,,,,,,,72.5,70.1,100.0,72.5
2023-04-14,99.8,93.7,97.4,74.0,69.8,100.0,72.5,58.4,85.1,,,,92.0,78.6,100.0,92.0
2023-04-15,99.0,86.8,97.8,,,,,,,38.8,43.9,100.0,63.7,66.3,100.0,63.7
2023-04-16,,,,,,,,,,,,,75.4,70.0,100.0,75.4
2023-04-17,,,,,,,,,,,,,56.1,61.9,100.0,56.1
2023-04-18,,,,,,,,,,,,,68.8,66.5,100.0,68.8
2023-04-19,98.3,77.1,97.4,33.9,32.7,100.0,,,,28.1,36.4,100.0,52.1,58.4,100.0,52.1
2023-04-20,,,,,,,,,,,,,54.1,58.8,100.0,54.1
2023-04-21,,,,,,,,,,,,,39.9,50.8,100.0,39.9
2023-04-22,,,,,,,,,,,,,49.9,54.8,100.0,49.9
2023-04-23,,,,,,,,,,18.6,26.0,100.0,31.9,45.6,100.0,31.9
2023-04-24,,,,,,,,,,,,,41.4,50.4,100.0,41.4
2023-04-25,,,,,,,,,,,,,19.9,42.5,100.0,19.9
2023-04-26,89.2,55.7,97.7,,,,,,,14.5,18.2,100.0,28.5,43.9,100.0,28.5
2023-04-27,70.2,46.0,97.7,,,,,,,6.3,18.9,100.0,10.5,39.7,100.0,10.5
2023-04-28,,,,,,,,,,,,,5.5,39.6,100.0,5.5
2023-04-29,,,,,,,,,,,,,0.2,28.6,100.0,0.2
2023-04-30,,,,,,,,,,,,,0.0,23.1,100.0,0.0
2023-05-01,11.1,28.5,97.8,,,,,,,,,,0.0,21.3,100.0,0.0
2023-05-02,,,,,,,,,,,,,0.0,21.3,100.0,0.0
2023-05-03,,,,,,,,,,,,,0.0,16.8,100.0,0.0
2023-05-04,,,,0.0,0.8,97.5,,,,0.0,9.9,100.0,0.0,12.4,100.0,0.0
2023-05-05,,,,,,,,,,,,,0.1,11.3,100.0,0.1
2023-05-06,,,,,,,,,,,,,0.0,10.9,100.0,0.0
2023-05-07,,,,,,,,,,,,,0.0,8.2,100.0,0.0
2023-05-08,1.4,16.8,98.3,,,,0.1,0.7,68.0,0.1,11.1,100.0,0.0,6.3,100.0,0.0
2023-05-09,0.0,11.9,98.3,,,,,,,,,,0.0,6.8,100.0,0.0
2023-05-10,,,,,,,,,,,,,0.0,7.4,100.0,0.0
2023-05-11,,,,,,,,,,,,,0.0,7.9,100.0,0.0
2023-05-12,,,,,,,,,,,,,0.0,9.8,100.0,0.0
2023-05-13,0.0,9.1,97.5,,,,,,,,,,0.0,12.0,100.0,0.0
2023-05-14,,,,,,,,,,,,,0.0,14.8,100.0,0.0
2023-05-15,,,,,,,,,,0.0,4.4,99.8,0.0,16.2,100.0,0.0
2023-05-16,,,,,,,,,,,,,0.1,19.7,100.0,0.1
2023-05-17,,,,,,,,,,,,,0.1,19.9,100.0,0.1
2023-05-18,,,,,,,,,,,,,0.3,24.1,100.0,0.3
2023-05-19,,,,,,,,,,,,,7.3,27.4,100.0,7.3
2023-05-20,0.0,9.0,98.8,,,,,,,,,,20.1,32.2,100.0,20.1
2023-05-21,0.0,6.0,98.0,,,,,,,,,,18.7,32.4,100.0,18.7
2023-05-22,,,,,,,,,,,,,26.5,37.0,100.0,26.5
2023-05-23,,,,,,,,,,,,,22.9,37.6,100.0,22.9
2023-05-24,,,,,,,,,,,,,4.7,36.7,100.0,4.7
2023-05-25,0.0,4.6,97.4,,,,,,,,,,0.7,29.6,100.0,0.7
2023-05-26,,,,,,,,,,,,,0.6,29.8,100.0,0.6
2023-05-27,,,,,,,,,,0.0,0.6,80.0,0.0,20.1,100.0,0.0
2023-05-28,,,,,,,,,,,,,0.0,22.4,100.0,0.0
2023-05-29,,,,,,,,,,,,,0.0,14.6,100.0,0.0
2023-05-30,,,,,,,,,,,,,0.0,14.7,100.0,0.0
2023-05-31,,,,,,,,,,,,,0.0,9.3,100.0,0.0
2023-06-01,0.0,3.1,99.2,,,,,,,,,,0.0,10.3,100.0,0.0
2023-06-02,0.0,2.7,98.6,,,,,,,,,,0.0,7.4,100.0,0.0
2023-06-03,,,,,,,,,,,,,0.0,5.7,100.0,0.0
2023-06-04,,,,,,,,,,,,,0.0,3.5,100.0,0.0
2023-06-05,,,,,,,,,,,,,0.0,4.6,100.0,0.0
2023-06-06,0.0,2.2,97.9,,,,,,,,,,0.0,3.7,100.0,0.0
2023-06-07,,,,,,,,,,,,,0.0,3.3,100.0,0.0
2023-06-08,,,,,,,,,,,,,0.0,2.6,100.0,0.0
2023-06-09,,,,,,,,,,,,,0.0,2.3,100.0,0.0
2023-06-10,,,,,,,,,,,,,0.0,1.9,100.0,0.0
2023-06-11,,,,,,,,,,0.0,0.2,100.0,0.0,1.3,100.0,0.0
2023-06-12,,,,,,,,,,,,,0.0,1.5,100.0,0.0
2023-06-13,0.0,1.7,98.6,,,,,,,,,,0.0,1.5,100.0,0.0
2023-06-14,0.0,1.6,99.0,,,,,,,,,,0.0,1.3,100.0,0.0
2023-06-15,,,,,,,,,,0.0,0.1,100.0,0.0,1.2,100.0,0.0
2023-06-16,,,,,,,,,,,,,0.0,1.7,100.0,0.0
2023-06-17,,,,,,,0.0,0.2,80.1,,,,0.0,1.4,100.0,0.0
2023-06-18,0.0,1.4,97.8,,,,,,,0.0,0.0,100.0,0.0,1.0,100.0,0.0
2023-06-19,,,,,,,,,,0.0,0.0,100.0,0.0,0.7,100.0,0.0
2023-06-20,,,,,,,,,,,,,0.0,0.9,100.0,0.0
2023-06-21,,,,,,,,,,,,,0.0,0.9,100.0,0.0
2023-06-22,,,,,,,,,,,,,0.0,0.6,100.0,0.0
2023-06-23,,,,0.0,0.1,99.8,,,,,,,0.0,0.7,100.0,0.0
2023-06-24,,,,,,,,,,,,,0.0,0.7,100.0,0.0
2023-06-25,0.0,2.3,98.4,,,,0.0,0.0,89.2,,,,0.0,0.6,100.0,0.0
2023-06-26,0.0,2.5,97.9,,,,,,,0.0,0.0,100.0,0.0,0.5,100.0,0.0
2023-06-27,,,,,,,,,,,,,0.0,0.5,100.0,0.0
2023-06-28,,,,0.0,0.1,100.0,,,,,,,0.0,0.5,100.0,0.0
2023-06-29,,,,,,,,,,0.0,0.0,100.0,0.0,0.4,100.0,0.0
2023-06-30,0.0,4.6,97.6,,,,,,,,,,0.0,0.3,100.0,0.0
2023-07-01,,,,,,,,,,,,,0.0,0.4,100.0,0.0
2023-07-02,,,,,,,,,,,,,0.0,0.4,100.0,0.0
2023-07-03,,,,0.0,0.1,100.0,0.1,0.2,99.3,0.0,0.0,100.0,0.0,0.2,100.0,0.0
2023-07-04,,,,,,,,,,0.0,0.0,100.0,0.0,0.2,100.0,0.0
2023-07-05,,,,,,,,,,,,,0.0,0.3,100.0,0.0
2023-07-06,,,,,,,,,,,,,0.0,0.2,100.0,0.0
2023-07-07,2.2,10.5,97.9,,,,,,,,,,0.0,0.2,100.0,0.0
2023-07-08,6.7,20.6,97.9,,,,,,,,,,0.0,0.2,100.0,0.0
2023-07-09,,,,,,,,,,,,,0.0,0.2,100.0,0.0
2023-07-10,,,,,,,,,,0.0,0.0,100.0,0.0,0.1,100.0,0.0
2023-07-11,,,,,,,0.0,0.1,97.6,,,,0.0,0.2,100.0,0.0
2023-07-12,26.1,36.6,97.4,,,,,,,,,,0.0,0.2,100.0,0.0
2023-07-13,,,,0.0,0.1,38.3,,,,,,,0.0,0.2,100.0,0.0
2023-07-14,,,,,,,,,,0.0,0.0,59.7,0.0,0.2,100.0,0.0
2023-07-15,,,,,,,,,,0.0,0.0,100.0,0.0,0.2,100.0,0.0
2023-07-16,,,,,,,,,,,,,0.0,0.3,100.0,0.0
2023-07-17,,,,,,,,,,,,,0.0,0.3,100.0,0.0
2023-07-18,,,,0.0,0.1,49.1,,,,,,,0.0,0.3,100.0,0.0
2023-07-19,2.5,11.9,97.7,,,,0.0,0.2,34.3,,,,0.0,0.5,100.0,0.0
2023-07-20,1.3,10.9,98.2,,,,,,,,,,0.0,0.7,100.0,0.0
2023-07-21,,,,,,,,,,,,,0.0,0.5,100.0,0.0
2023-07-22,,,,,,,,,,,,,0.0,0.4,100.0,0.0
2023-07-23,,,,0.0,0.2,95.8,,,,,,,0.0,0.3,100.0,0.0
2023-07-24,1.2,7.8,97.5,,,,,,,,,,0.0,0.3,100.0,0.0
2023-07-25,,,,,,,,,,,,,0.0,0.4,100.0,0.0
2023-07-26,,,,,,,,,,,,,0.0,0.3,100.0,0.0
2023-07-27,,,,,,,0.0,0.1,99.9,,,,0.0,0.3,100.0,0.0
2023-07-28,,,,0.0,0.2,63.2,,,,,,,0.0,0.2,100.0,0.0
2023-07-29,,,,,,,,,,,,,0.0,0.2,100.0,0.0
2023-07-30,,,,,,,,,,0.0,0.0,80.1,0.0,0.2,100.0,0.0
2023-07-31,1.6,10.9,99.0,,,,,,,,,,0.0,0.3,100.0,0.0
2023-08-01,1.5,7.9,98.0,,,,,,,,,,0.0,0.3,100.0,0.0
2023-08-02,,,,0.0,0.3,60.4,,,,0.0,0.0,99.8,0.0,0.3,100.0,0.0
2023-08-03,,,,,,,,,,0.0,0.0,100.0,0.0,0.3,100.0,0.0
2023-08-04,,,,,,,,,,,,,0.0,0.6,100.0,0.0
2023-08-05,1.0,8.1,97.6,,,,,,,,,,0.0,0.4,100.0,0.0
2023-08-06,,,,,,,,,,,,,0.0,0.3,100.0,0.0
2023-08-07,,,,0.0,0.2,100.0,,,,0.0,0.0,100.0,0.0,0.2,100.0,0.0
2023-08-08,,,,,,,,,,,,,0.0,0.3,100.0,0.0
2023-08-09,,,,,,,,,,,,,0.0,0.2,100.0,0.0
2023-08-10,,,,,,,,,,0.0,0.0,100.0,0.0,0.1,100.0,0.0
2023-08-11,,,,,,,,,,0.0,0.0,100.0,0.0,0.1,100.0,0.0
2023-08-12,0.5,4.0,98.3,0.0,0.2,96.3,0.1,0.2,43.0,,,,0.0,0.1,100.0,0.0
2023-08-13,0.1,1.7,98.1,,,,,,,,,,0.0,0.1,100.0,0.0
2023-08-14,,,,,,,,,,0.0,0.0,100.0,0.0,0.0,100.0,0.0
2023-08-15,,,,,,,,,,,,,0.0,0.0,100.0,0.0
2023-08-16,,,,,,,,,,,,,0.0,0.0,100.0,0.0
2023-08-17,0.1,1.5,97.9,,,,,,,,,,0.0,0.0,100.0,0.0
2023-08-18,,,,,,,,,,0.0,0.0,100.0,0.0,0.0,100.0,0.0
2023-08-19,,,,,,,,,,0.0,0.0,100.0,0.0,0.0,100.0,0.0
2023-08-20,,,,,,,0.0,0.0,100.0,,,,0.0,0.0,100.0,0.0
2023-08-21,,,,,,,,,,,,,0.0,0.0,100.0,0.0
2023-08-22,,,,0.0,0.1,100.0,,,,,,,0.0,0.0,100.0,0.0
2023-08-23,,,,,,,,,,0.0,0.0,100.0,0.0,0.0,100.0,0.0
2023-08-24,0.1,1.3,97.9,,,,,,,,,,0.0,0.0,100.0,0.0
2023-08-25,0.1,1.5,98.4,,,,,,,,,,0.0,0.0,100.0,0.0
2023-08-26,,,,,,,,,,0.0,0.0,100.0,0.0,0.0,100.0,0.0
2023-08-27,,,,,,,,,,,,,0.0,0.1,100.0,0.0
2023-08-28,,,,,,,,,,,,,0.0,0.1,100.0,0.0
2023-08-29,0.1,1.6,97.6,,,,,,,,,,0.0,0.1,100.0,0.0
2023-08-30,,,,,,,,,,,,,0.0,0.2,100.0,0.0
2023-08-31,,,,,,,,,,,,,0.0,0.2,100.0,0.0
2023-09-01,,,,0.0,0.1,86.9,,,,,,,0.0,0.3,100.0,0.0
2023-09-02,,,,,,,,,,0.0,0.0,100.0,0.0,0.2,100.0,0.0
2023-09-03,,,,,,,,,,,,,0.0,0.3,100.0,0.0
2023-09-04,,,,,,,,,,,,,0.0,0.3,100.0,0.0
2023-09-05,0.3,4.0,98.4,,,,,,,,,,0.0,0.6,100.0,0.0
2023-09-06,0.3,7.9,98.3,0.0,0.2,100.0,,,,,,,0.0,0.4,100.0,0.0
2023-09-07,,,,,,,,,,,,,0.0,0.5,100.0,0.0
2023-09-08,,,,,,,,,,,,,0.0,0.5,100.0,0.0
2023-09-09,,,,,,,,,,0.0,0.0,100.0,0.0,0.4,100.0,0.0
2023-09-10,0.5,18.6,98.3,,,,,,,0.0,0.0,100.0,0.0,0.4,100.0,0.0
2023-09-11,,,,0.0,0.1,100.0,,,,,,,0.0,0.4,100.0,0.0
2023-09-12,,,,,,,,,,,,,0.0,0.4,100.0,0.0
2023-09-13,,,,,,,,,,0.0,0.0,84.2,0.0,0.3,100.0,0.0
2023-09-14,,,,,,,,,,0.0,0.0,100.0,0.0,0.3,100.0,0.0
2023-09-15,,,,,,,,,,,,,0.0,0.2,100.0,0.0
2023-09-16,,,,,,,,,,,,,0.0,0.2,100.0,0.0
2023-09-17,1.8,20.2,98.3,,,,,,,,,,0.0,0.2,100.0,0.0
2023-09-18,19.8,30.8,98.8,,,,,,,,,,0.0,0.2,100.0,0.0
2023-09-19,,,,,,,,,,,,,0.0,0.3,100.0,0.0
2023-09-20,,,,,,,,,,,,,0.0,0.3,100.0,0.0
2023-09-21,,,,,,,,,,,,,0.0,0.2,100.0,0.0
2023-09-22,24.0,32.2,97.7,,,,,,,,,,0.0,0.2,100.0,0.0
2023-09-23,,,,,,,,,,,,,0.0,0.2,100.0,0.0
2023-09-24,,,,,,,,,,,,,0.0,0.3,100.0,0.0
2023-09-25,,,,,,,,,,0.0,0.0,97.0,0.0,0.2,100.0,0.0
2023-09-26,,,,0.0,0.1,100.0,,,,0.0,0.0,100.0,0.0,0.1,100.0,0.0
2023-09-27,,,,,,,,,,,,,0.0,0.1,100.0,0.0
2023-09-28,,,,,,,,,,,,,0.0,0.2,100.0,0.0
2023-09-29,86.6,64.4,97.7,,,,0.0,0.0,100.0,0.0,0.0,100.0,0.0,0.1,100.0,0.0
2023-09-30,79.1,54.6,97.9,,,,,,,,,,0.0,0.1,100.0,0.0
2023-10-01,,,,0.0,0.2,100.0,,,,,,,0.0,0.1,100.0,0.0
2023-10-02,,,,,,,,,,,,,0.0,0.2,100.0,0.0
2023-10-03,,,,,,,,,,0.0,0.1,100.0,0.0,0.2,100.0,0.0
2023-10-04,88.0,67.0,98.2,,,,,,,0.0,0.1,100.0,0.0,0.1,100.0,0.0
2023-10-05,,,,,,,,,,,,,0.0,0.2,100.0,0.0
2023-10-06,,,,0.0,0.2,100.0,,,,,,,0.0,0.2,100.0,0.0
2023-10-07,,,,,,,0.0,0.0,100.0,,,,0.0,0.1,100.0,0.0
2023-10-08,,,,,,,,,,0.0,0.1,100.0,0.0,0.1,100.0,0.0
2023-10-09,,,,,,,,,,,,,0.0,0.1,100.0,0.0
2023-10-10,,,,,,,,,,,,,0.0,0.1,100.0,0.0
2023-10-11,87.5,66.2,99.0,0.0,0.2,100.0,,,,0.0,0.2,100.0,0.0,0.1,100.0,0.0
2023-10-12,89.5,69.6,98.7,,,,,,,,,,0.0,0.1,100.0,0.0
2023-10-13,,,,,,,,,,,,,0.0,0.1,100.0,0.0
2023-10-14,,,,,,,,,,0.0,0.5,100.0,0.0,0.1,100.0,0.0
2023-10-15,,,,,,,0.0,0.0,97.8,0.0,0.3,100.0,0.0,0.1,100.0,0.0
2023-10-16,84.9,62.0,98.5,,,,,,,,,,0.0,0.1,100.0,0.0
2023-10-17,,,,,,,,,,,,,0.0,0.1,100.0,0.0
2023-10-18,,,,,,,,,,0.0,0.2,100.0,0.0,0.1,100.0,0.0
2023-10-19,,,,,,,,,,,,,0.0,0.1,100.0,0.0
2023-10-20,,,,,,,,,,,,,0.0,0.1,100.0,0.0
2023-10-21,,,,,,,,,,,,,0.0,0.1,100.0,0.0
2023-10-22,,,,,,,,,,,,,0.0,0.1,100.0,0.0
2023-10-23,46.5,39.7,98.9,,,,,,,0.0,0.3,100.0,0.0,0.2,100.0,0.0
2023-10-24,8.1,24.5,98.4,,,,,,,,,,0.0,0.2,100.0,0.0
2023-10-25,,,,,,,,,,,,,0.0,0.2,100.0,0.0
2023-10-26,,,,,,,,,,,,,0.0,0.2,100.0,0.0
2023-10-27,,,,,,,,,,,,,0.0,0.3,100.0,0.0
2023-10-28,2.1,17.5,98.2,,,,,,,,,,0.0,0.3,100.0,0.0
2023-10-29,,,,,,,,,,,,,0.0,0.3,100.0,0.0
2023-10-30,,,,,,,,,,,,,0.0,0.4,100.0,0.0
2023-10-31,,,,,,,,,,,,,0.0,0.4,100.0,0.0
2023-11-01,,,,,,,,,,,,,0.0,0.5,100.0,0.0
2023-11-02,,,,,,,,,,,,,0.0,0.4,100.0,0.0
2023-11-03,,,,,,,,,,0.0,0.2,100.0,0.0,0.7,100.0,0.0
2023-11-04,4.2,18.2,98.0,,,,,,,,,,0.0,0.9,100.0,0.0
2023-11-05,0.7,6.5,98.2,,,,,,,,,,0.0,0.7,100.0,0.0
2023-11-06,,,,,,,,,,0.0,0.5,100.0,0.0,0.7,100.0,0.0
2023-11-07,,,,,,,,,,,,,0.0,1.1,100.0,0.0
2023-11-08,,,,,,,0.0,0.2,96.8,,,,0.0,1.3,100.0,0.0
2023-11-09,0.6,6.2,97.3,,,,,,,,,,0.0,1.4,100.0,0.0
2023-11-10,,,,0.0,0.7,100.0,,,,0.0,2.9,90.8,0.0,1.1,100.0,0.0
2023-11-11,,,,,,,,,,,,,0.0,1.6,100.0,0.0
2023-11-12,,,,,,,,,,,,,0.0,2.0,100.0,0.0
2023-11-13,,,,,,,,,,,,,0.0,2.3,100.0,0.0
2023-11-14,,,,,,,,,,,,,0.0,2.1,100.0,0.0
2023-11-15,,,,0.0,0.9,97.7,,,,,,,0.0,3.0,100.0,0.0
2023-11-16,0.3,8.4,97.1,,,,,,,,,,0.0,3.2,100.0,0.0
2023-11-17,2.7,15.4,97.9,,,,,,,,,,0.0,3.2,100.0,0.0
2023-11-18,,,,,,,,,,,,,0.0,2.3,100.0,0.0
2023-11-19,,,,,,,,,,,,,0.0,3.7,100.0,0.0
2023-11-20,,,,0.0,0.6,100.0,,,,,,,0.0,3.0,100.0,0.0
2023-11-21,5.9,21.8,98.0,,,,,,,,,,0.0,3.2,100.0,0.0
2023-11-22,,,,,,,,,,,,,0.0,2.3,100.0,0.0
2023-11-23,,,,,,,,,,,,,0.0,3.1,100.0,0.0
2023-11-24,,,,,,,0.0,0.2,93.1,,,,0.0,2.6,100.0,0.0
2023-11-25,,,,,,,,,,0.0,1.8,95.0,0.0,2.7,100.0,0.0
2023-11-26,,,,,,,,,,,,,0.0,2.2,100.0,0.0
2023-11-27,,,,,,,,,,,,,0.0,2.8,100.0,0.0
2023-11-28,37.2,39.1,98.7,,,,,,,,,,0.0,3.0,100.0,0.0
2023-11-29,88.2,63.3,99.4,,,,,,,,,,0.0,3.9,100.0,0.0
2023-11-30,,,,,,,,,,,,,0.0,2.7,100.0,0.0
2023-12-01,,,,,,,,,,,,,0.0,3.2,100.0,0.0
2023-12-02,,,,,,,,,,,,,0.0,3.4,100.0,0.0
2023-12-03,90.3,64.1,98.2,,,,,,,0.0,2.2,100.0,0.0,3.2,100.0,0.0
2023-12-04,,,,,,,,,,,,,0.0,3.3,100.0,0.0
2023-12-05,,,,,,,,,,,,,0.0,3.7,100.0,0.0
2023-12-06,,,,,,,,,,,,,0.0,4.0,100.0,0.0
2023-12-07,,,,,,,,,,1.3,5.2,100.0,0.0,3.6,100.0,0.0
2023-12-08,,,,,,,,,,,,,0.0,4.0,100.0,0.0
2023-12-09,,,,,,,,,,,,,0.0,4.7,100.0,0.0
2023-12-10,97.6,76.3,97.9,,,,,,,,,,0.0,5.4,100.0,0.0
2023-12-11,97.7,77.7,98.5,,,,,,,,,,0.0,4.8,100.0,0.0
2023-12-12,,,,,,,,,,0.4,3.4,100.0,0.0,4.4,100.0,0.0
2023-12-13,,,,,,,,,,,,,0.0,6.3,100.0,0.0
2023-12-14,,,,,,,,,,,,,0.0,6.6,100.0,0.0
2023-12-15,99.3,82.5,97.5,0.2,1.8,67.5,,,,,,,0.0,6.3,100.0,0.0
2023-12-16,,,,,,,,,,,,,0.0,6.0,100.0,0.0
2023-12-17,,,,,,,,,,,,,0.0,7.9,100.0,0.0
2023-12-18,,,,,,,0.7,1.9,99.9,3.1,8.0,100.0,0.0,7.7,100.0,0.0
2023-12-19,,,,,,,,,,2.9,7.9,100.0,0.0,7.9,100.0,0.0
2023-12-20,,,,0.0,1.2,97.3,,,,,,,0.0,7.9,100.0,0.0
2023-12-21,,,,,,,,,,,,,0.0,9.7,100.0,0.0
2023-12-22,99.3,86.7,97.6,,,,,,,,,,0.0,10.7,100.0,0.0
2023-12-23,99.4,87.4,97.7,,,,,,,4.6,9.8,100.0,0.0,11.1,100.0,0.0
2023-12-24,,,,,,,,,,,,,0.0,10.8,100.0,0.0
2023-12-25,,,,0.0,1.3,100.0,,,,,,,0.0,12.2,100.0,0.0
2023-12-26,,,,,,,0.5,3.6,94.9,13.8,21.6,100.0,0.0,11.7,100.0,0.0
2023-12-27,99.4,87.9,97.6,,,,,,,21.6,30.9,100.0,0.0,13.0,100.0,0.0
2023-12-28,,,,,,,,,,,,,0.0,11.9,100.0,0.0
2023-12-29,,,,,,,,,,,,,0.0,13.8,100.0,0.0
2023-12-30,,,,0.0,1.2,100.0,,,,16.4,29.3,100.0,0.0,13.7,100.0,0.0
2023-12-31,,,,,,,,,,,,,0.0,14.8,100.0,0.0
2024-01-01,,,,,,,,,,,,,0.0,16.8,100.0,0.0
2024-01-02,,,,,,,,,,,,,0.0,18.3,100.0,0.0
2024-01-03,99.1,86.8,97.9,,,,,,,40.5,43.6,50.3,0.0,20.5,100.0,0.0
2024-01-04,94.3,74.1,98.5,0.5,3.7,100.0,,,,,,,0.0,20.5,100.0,0.0
2024-01-05,,,,,,,,,,,,,0.0,17.2,100.0,0.0
2024-01-06,,,,,,,,,,,,,0.0,17.4,100.0,0.0
2024-01-07,,,,,,,,,,,,,0.0,17.7,100.0,0.0
2024-01-08,96.7,78.2,97.9,,,,,,,,,,0.0,18.2,100.0,0.0
2024-01-09,,,,,,,,,,,,,0.0,15.9,100.0,0.0
2024-01-10,,,,,,,,,,,,,0.0,15.7,100.0,0.0
2024-01-11,,,,,,,13.8,26.5,100.0,,,,0.0,18.6,100.0,0.0
2024-01-12,,,,,,,,,,,,,0.0,17.7,100.0,0.0
2024-01-13,,,,,,,,,,,,,0.0,18.5,100.0,0.0
2024-01-14,,,,0.2,5.1,100.0,,,,69.7,60.8,100.0,0.0,18.4,100.0,0.0
2024-01-15,92.1,64.7,98.4,,,,,,,,,,0.1,22.8,100.0,0.1
2024-01-16,95.9,72.1,98.2,,,,,,,,,,0.0,21.0,100.0,0.0
2024-01-17,,,,,,,,,,,,,0.1,22.4,100.0,0.1
2024-01-18,,,,,,,,,,,,,0.0,20.5,100.0,0.0
2024-01-19,,,,0.0,2.3,60.1,,,,,,,0.2,26.1,100.0,0.2
2024-01-20,85.5,56.2,98.1,,,,,,,,,,0.0,24.6,100.0,0.0
2024-01-21,,,,,,,,,,,,,0.3,28.5,100.0,0.3
2024-01-22,,,,,,,,,,77.3,68.3,100.0,0.1,28.1,100.0,0.1
2024-01-23,,,,,,,,,,,,,1.0,36.8,100.0,1.0
2024-01-24,,,,0.0,3.1,100.0,,,,,,,0.6,31.3,100.0,0.6
2024-01-25,,,,,,,,,,,,,0.9,33.6,100.0,0.9
2024-01-26,,,,,,,,,,,,,0.7,32.2,100.0,0.7
2024-01-27,90.8,62.2,98.6,,,,1.6,13.2,61.3,,,,3.2,39.5,100.0,3.2
2024-01-28,39.3,38.7,98.4,,,,,,,,,,2.0,34.9,100.0,2.0
2024-01-29,,,,0.0,2.4,100.0,,,,,,,3.4,36.5,100.0,3.4
2024-01-30,,,,,,,,,,,,,3.0,35.8,100.0,3.0
2024-01-31,,,,,,,,,,,,,6.7,40.3,100.0,6.7
2024-02-01,30.7,34.9,98.0,,,,,,,,,,6.3,35.6,100.0,6.3
2024-02-02,,,,,,,,,,,,,7.5,35.7,100.0,7.5
2024-02-03,,,,6.5,9.7,100.0,,,,,,,6.8,33.8,100.0,6.8
2024-02-04,,,,,,,0.5,4.6,59.2,,,,7.9,36.3,100.0,7.9
2024-02-05,,,,,,,,,,,,,4.7,33.3,100.0,4.7
2024-02-06,,,,,,,,,,,,,4.2,35.2,100.0,4.2
2024-02-07,,,,,,,,,,,,,2.0,35.9,100.0,2.0
2024-02-08,13.7,27.6,98.7,,,,,,,,,,2.9,40.7,100.0,2.9
2024-02-09,21.4,32.4,98.5,,,,,,,,,,4.7,44.2,100.0,4.7
2024-02-10,,,,,,,,,,,,,6.9,46.3,100.0,6.9
2024-02-11,,,,,,,,,,,,,16.9,51.9,100.0,16.9
2024-02-12,,,,,,,62.4,59.2,91.3,,,,52.4,60.2,100.0,52.4
2024-02-13,36.2,37.9,98.0,,,,,,,,,,82.3,64.2,100.0,82.3
2024-02-14,,,,,,,,,,,,,89.5,67.3,100.0,89.5
2024-02-15,,,,,,,,,,,,,89.7,70.9,100.0,89.7
2024-02-16,,,,,,,,,,,,,90.7,72.8,100.0,90.7
2024-02-17,,,,,,,,,,,,,89.2,74.9,100.0,89.2
2024-02-18,,,,,,,,,,,,,89.2,76.2,100.0,89.2
2024-02-19,,,,,,,,,,,,,88.0,78.7,100.0,88.0
2024-02-20,80.4,54.9,98.8,,,,1.1,19.9,41.3,,,,88.1,79.6,100.0,88.1
2024-02-21,84.2,58.9,98.2,,,,,,,,,,84.8,77.9,100.0,84.8
2024-02-22,,,,,,,,,,,,,85.2,78.6,100.0,85.2
2024-02-23,,,,86.2,83.3,100.0,,,,,,,84.2,78.8,100.0,84.2
2024-02-24,,,,,,,,,,,,,83.4,77.3,100.0,83.4
2024-02-25,86.8,60.8,97.7,,,,,,,83.0,71.4,100.0,82.3,76.8,100.0,82.3
2024-02-26,,,,,,,,,,,,,81.7,75.8,100.0,81.7
2024-02-27,,,,,,,,,,,,,78.1,73.5,100.0,78.1
2024-02-28,,,,,,,,,,,,,82.4,76.6,100.0,82.4
2024-02-29,,,,,,,,,,,,,74.5,70.2,100.0,74.5
2024-03-01,,,,,,,,,,,,,73.8,69.6,100.0,73.8
2024-03-02,,,,,,,,,,,,,62.3,63.0,100.0,62.3
2024-03-03,86.8,62.0,98.5,,,,,,,,,,77.6,71.6,100.0,77.6
2024-03-04,77.6,57.8,98.9,100.0,99.0,100.0,,,,,,,74.9,70.8,100.0,74.9
2024-03-05,,,,,,,,,,,,,75.9,70.2,100.0,75.9
2024-03-06,,,,,,,,,,,,,62.2,62.7,100.0,62.2
2024-03-07,,,,,,,100.0,99.1,100.0,,,,89.2,78.8,100.0,89.2
2024-03-08,82.5,60.9,97.9,,,,,,,,,,84.0,73.8,100.0,84.0
2024-03-09,,,,,,,,,,,,,90.6,78.3,100.0,90.6
2024-03-10,,,,,,,,,,,,,87.6,74.6,100.0,87.6
2024-03-11,,,,,,,,,,,,,94.5,80.5,100.0,94.5
2024-03-12,,,,,,,,,,,,,97.3,83.1,100.0,97.3
2024-03-13,,,,,,,,,,,,,98.0,85.4,100.0,98.0
2024-03-14,,,,100.0,95.8,100.0,,,,,,,98.6,86.1,100.0,98.6
2024-03-15,59.1,47.4,98.3,,,,100.0,99.6,98.7,87.5,82.9,100.0,99.4,89.2,100.0,99.4
2024-03-16,64.4,50.5,98.8,,,,,,,,,,99.0,86.8,100.0,99.0
2024-03-17,,,,,,,,,,,,,98.2,86.3,100.0,98.2
2024-03-18,,,,,,,,,,,,,97.4,84.4,100.0,97.4
2024-03-19,,,,71.3,65.6,100.0,,,,,,,92.2,79.1,100.0,92.2
2024-03-20,35.7,32.4,98.3,,,,,,,,,,87.5,75.1,100.0,87.5
2024-03-21,,,,,,,,,,,,,67.5,66.6,100.0,67.5
2024-03-22,,,,,,,,,,,,,54.9,61.9,100.0,54.9
2024-03-23,,,,,,,93.6,84.1,75.6,,,,37.6,54.0,100.0,37.6
2024-03-24,,,,,,,,,,,,,25.3,46.1,100.0,25.3
2024-03-25,,,,,,,,,,,,,21.9,41.9,100.0,21.9
2024-03-26,,,,,,,,,,,,,17.3,37.9,100.0,17.3
2024-03-27,37.2,31.6,98.9,,,,,,,,,,15.7,34.3,100.0,15.7
2024-03-28,23.9,22.7,99.0,,,,,,,,,,11.8,31.5,100.0,11.8
2024-03-29,,,,,,,,,,,,,10.9,29.8,100.0,10.9
2024-03-30,,,,,,,,,,,,,7.7,25.8,100.0,7.7
2024-03-31,,,,,,,,,,,,,6.9,23.9,100.0,6.9
2024-04-01,23.2,22.9,97.8,,,,,,,,,,8.1,25.8,100.0,8.1
2024-04-02,,,,,,,,,,,,,10.3,30.0,100.0,10.3
2024-04-03,,,,,,,,,,,,,10.8,30.5,100.0,10.8
2024-04-04,,,,,,,,,,98.2,86.4,100.0,13.0,32.8,100.0,13.0
2024-04-05,,,,,,,,,,97.5,82.1,100.0,9.8,29.0,100.0,9.8
2024-04-06,,,,,,,,,,,,,10.5,31.7,100.0,10.5
2024-04-07,,,,,,,,,,,,,7.0,26.0,100.0,7.0
2024-04-08,13.8,15.6,98.6,,,,,,,,,,4.7,22.2,100.0,4.7
2024-04-09,7.6,12.5,98.8,,,,,,,,,,4.0,19.7,100.0,4.0
2024-04-10,,,,,,,,,,,,,3.8,21.5,100.0,3.8
2024-04-11,,,,,,,,,,,,,4.0,21.7,100.0,4.0
2024-04-12,,,,,,,,,,89.5,75.0,100.0,2.8,20.6,100.0,2.8
2024-04-13,13.2,15.9,98.7,17.5,24.8,100.0,,,,,,,3.8,22.3,100.0,3.8
2024-04-14,,,,,,,,,,,,,1.4,19.5,100.0,1.4
2024-04-15,,,,,,,,,,,,,2.5,21.2,100.0,2.5
2024-04-16,,,,,,,,,,39.6,41.4,98.0,0.7,15.8,100.0,0.7
2024-04-17,,,,,,,,,,,,,1.5,19.2,100.0,1.5
2024-04-18,,,,9.5,17.8,39.8,,,,,,,0.2,15.3,100.0,0.2
2024-04-19,,,,,,,,,,10.4,19.3,55.2,0.9,17.9,100.0,0.9
2024-04-20,9.7,15.7,98.7,,,,,,,20.4,28.1,100.0,0.1,14.5,100.0,0.1
2024-04-21,8.0,15.5,97.9,,,,,,,,,,0.6,19.2,100.0,0.6
2024-04-22,,,,,,,,,,,,,0.0,14.6,100.0,0.0
2024-04-23,,,,,,,,,,,,,0.0,17.1,100.0,0.0
2024-04-24,,,,,,,,,,39.4,41.5,100.0,0.0,13.6,100.0,0.0
2024-04-25,4.6,13.2,98.2,,,,,,,,,,0.0,16.4,100.0,0.0
2024-04-26,,,,,,,,,,,,,0.0,11.9,100.0,0.0
2024-04-27,,,,,,,,,,,,,0.0,12.9,100.0,0.0
2024-04-28,,,,,,,,,,,,,0.0,10.3,100.0,0.0
2024-04-29,,,,,,,,,,,,,0.0,10.3,100.0,0.0
2024-04-30,,,,,,,,,,,,,0.0,9.0,100.0,0.0
2024-05-01,,,,,,,,,,,,,0.0,10.4,100.0,0.0
2024-05-02,3.4,14.8,98.7,,,,,,,,,,0.0,8.9,100.0,0.0
2024-05-03,4.8,15.6,97.9,3.3,12.2,59.0,,,,,,,0.0,10.3,100.0,0.0
2024-05-04,,,,,,,,,,14.7,22.0,100.0,0.0,8.1,100.0,0.0
2024-05-05,,,,,,,,,,,,,0.0,11.1,100.0,0.0
2024-05-06,,,,,,,,,,,,,0.1,9.8,100.0,0.1
2024-05-07,3.2,17.0,98.1,,,,,,,,,,0.9,10.6,100.0,0.9
2024-05-08,,,,,,,,,,,,,1.3,10.2,100.0,1.3
2024-05-09,,,,,,,,,,,,,2.4,13.2,100.0,2.4
2024-05-10,,,,,,,1.1,3.1,61.3,,,,1.9,12.3,100.0,1.9
2024-05-11,,,,,,,,,,,,,2.7,13.7,100.0,2.7
2024-05-12,,,,,,,,,,,,,2.1,12.0,100.0,2.1
2024-05-13,,,,0.0,0.7,86.9,,,,,,,3.2,16.0,100.0,3.2
2024-05-14,11.9,26.5,98.6,,,,,,,,,,1.2,13.0,100.0,1.2
2024-05-15,4.4,20.9,97.9,,,,,,,,,,1.6,12.5,100.0,1.6
2024-05-16,,,,,,,,,,,,,0.8,11.0,100.0,0.8
2024-05-17,,,,,,,,,,,,,1.2,13.3,100.0,1.2
2024-05-18,,,,,,,0.4,0.8,46.6,,,,0.5,11.7,100.0,0.5
2024-05-19,14.4,26.9,73.5,,,,,,,0.0,3.8,80.3,0.1,10.6,100.0,0.1
2024-05-20,,,,,,,,,,,,,0.0,10.1,100.0,0.0
2024-05-21,,,,,,,,,,,,,0.0,10.9,100.0,0.0
2024-05-22,,,,,,,,,,0.0,2.5,80.4,0.0,8.9,100.0,0.0
2024-05-23,,,,0.0,0.4,69.5,,,,,,,0.0,7.6,100.0,0.0
2024-05-24,,,,,,,,,,,,,0.0,7.5,100.0,0.0
2024-05-25,,,,,,,,,,,,,0.0,7.3,100.0,0.0
2024-05-26,10.7,24.6,73.9,,,,,,,,,,0.0,8.0,100.0,0.0
2024-05-27,23.4,30.5,73.6,,,,,,,,,,0.0,6.9,100.0,0.0
2024-05-28,,,,0.0,0.2,100.0,,,,,,,0.0,5.5,100.0,0.0
2024-05-29,,,,,,,,,,,,,0.0,4.6,100.0,0.0
2024-05-30,,,,,,,,,,,,,0.0,4.3,100.0,0.0
2024-05-31,0.3,11.2,73.4,,,,,,,,,,0.0,3.9,100.0,0.0
2024-06-01,,,,,,,,,,,,,0.0,3.8,100.0,0.0
2024-06-02,,,,,,,,,,,,,0.0,3.5,100.0,0.0
2024-06-03,,,,,,,,,,,,,0.0,3.9,100.0,0.0
2024-06-04,,,,,,,,,,,,,0.0,3.4,100.0,0.0
2024-06-05,,,,,,,,,,,,,0.0,3.7,100.0,0.0
2024-06-06,,,,,,,,,,,,,0.0,3.3,100.0,0.0
2024-06-07,0.0,8.5,73.5,,,,,,,,,,0.0,3.7,100.0,0.0
2024-06-08,0.0,4.3,73.2,,,,,,,,,,0.0,2.6,100.0,0.0
2024-06-09,,,,,,,,,,,,,0.0,2.4,100.0,0.0
2024-06-10,,,,,,,,,,0.0,1.0,31.2,0.0,2.4,100.0,0.0
2024-06-11,,,,,,,0.0,0.1,87.7,,,,0.0,2.8,100.0,0.0
2024-06-12,0.0,4.7,73.0,0.0,0.2,51.2,,,,,,,0.0,2.2,100.0,0.0
2024-06-13,,,,,,,,,,0.0,1.2,100.0,0.0,1.7,100.0,0.0
2024-06-14,,,,,,,,,,,,,0.0,2.1,100.0,0.0
2024-06-15,,,,,,,,,,,,,0.0,2.8,100.0,0.0
2024-06-16,,,,,,,,,,,,,0.0,2.4,100.0,0.0
2024-06-17,,,,0.0,0.1,95.0,,,,0.0,0.7,100.0,0.0,2.0,100.0,0.0
2024-06-18,,,,,,,,,,0.0,1.9,40.0,0.0,2.3,100.0,0.0
2024-06-19,0.1,3.8,73.2,,,,,,,,,,0.0,2.9,100.0,0.0
2024-06-20,0.0,3.0,72.8,,,,,,,,,,0.0,2.8,100.0,0.0
2024-06-21,,,,,,,,,,,,,0.0,2.6,100.0,0.0
2024-06-22,,,,,,,,,,,,,0.0,2.6,100.0,0.0
2024-06-23,,,,,,,,,,,,,0.0,2.8,100.0,0.0
2024-06-24,0.0,1.2,73.0,,,,,,,,,,0.0,2.8,100.0,0.0
2024-06-25,,,,,,,,,,0.0,0.6,44.6,0.0,3.2,100.0,0.0
2024-06-26,,,,,,,,,,0.0,0.2,100.0,0.0,3.1,100.0,0.0
2024-06-27,,,,0.0,0.1,80.6,0.0,0.1,44.7,,,,0.0,4.1,100.0,0.0
2024-06-28,,,,,,,,,,,,,0.0,3.1,100.0,0.0
2024-06-29,,,,,,,,,,,,,0.0,3.5,100.0,0.0
2024-06-30,,,,,,,,,,0.0,0.1,100.0,0.0,3.3,100.0,0.0
2024-07-01,0.0,1.1,73.6,,,,,,,,,,0.0,3.6,100.0,0.0
2024-07-02,0.0,1.0,73.6,0.0,0.1,80.8,,,,,,,0.0,2.6,100.0,0.0
2024-07-03,,,,,,,,,,0.0,0.1,100.0,0.0,2.5,100.0,0.0
2024-07-04,,,,,,,,,,,,,0.0,2.2,100.0,0.0
2024-07-05,,,,,,,,,,,,,0.0,2.6,100.0,0.0
2024-07-06,0.0,1.3,73.2,,,,,,,,,,0.0,1.9,100.0,0.0
2024-07-07,,,,,,,,,,,,,0.0,2.1,100.0,0.0
2024-07-08,,,,,,,,,,,,,0.0,1.9,100.0,0.0
2024-07-09,,,,,,,,,,,,,0.0,1.9,100.0,0.0
2024-07-10,,,,,,,,,,,,,0.0,1.7,100.0,0.0
2024-07-11,,,,,,,,,,,,,0.0,1.2,100.0,0.0
2024-07-12,,,,0.0,0.1,79.8,,,,,,,0.0,1.1,100.0,0.0
2024-07-13,0.0,1.1,73.5,,,,,,,,,,0.0,1.3,100.0,0.0
2024-07-14,0.0,1.2,72.2,,,,,,,,,,0.0,1.5,100.0,0.0
2024-07-15,,,,,,,,,,,,,0.0,1.3,100.0,0.0
2024-07-16,,,,,,,,,,,,,0.0,1.5,100.0,0.0
2024-07-17,,,,0.0,0.1,100.0,,,,,,,0.0,1.2,100.0,0.0
2024-07-18,0.0,1.2,71.6,,,,,,,,,,0.0,1.0,100.0,0.0
2024-07-19,,,,,,,,,,,,,0.0,0.8,100.0,0.0
2024-07-20,,,,,,,,,,,,,0.0,0.9,100.0,0.0
2024-07-21,,,,,,,,,,0.0,0.0,45.0,0.0,0.7,100.0,0.0
2024-07-22,,,,,,,,,,0.0,0.0,94.8,0.0,0.5,100.0,0.0
2024-07-23,,,,,,,,,,,,,0.0,0.3,100.0,0.0
2024-07-24,,,,,,,,,,,,,0.0,0.3,100.0,0.0
2024-07-25,0.1,2.0,74.0,,,,,,,0.0,0.0,99.9,0.0,0.3,100.0,0.0
2024-07-26,0.1,2.1,74.1,,,,,,,,,,0.0,0.2,100.0,0.0
2024-07-27,,,,0.0,0.1,97.9,,,,,,,0.0,0.2,100.0,0.0
2024-07-28,,,,,,,,,,,,,0.0,0.1,100.0,0.0
2024-07-29,,,,,,,0.0,0.1,99.9,0.0,0.0,81.0,0.0,0.1,100.0,0.0
2024-07-30,0.1,1.9,73.6,,,,,,,0.0,0.0,35.1,0.0,0.1,100.0,0.0
2024-07-31,,,,,,,,,,,,,0.0,0.1,100.0,0.0
2024-08-01,,,,0.0,0.2,94.2,,,,,,,0.0,0.1,100.0,0.0
2024-08-02,,,,,,,,,,,,,0.0,0.1,100.0,0.0
2024-08-03,,,,,,,,,,0.0,0.0,100.0,0.0,0.1,100.0,0.0
2024-08-04,,,,,,,,,,,,,0.0,0.1,100.0,0.0
2024-08-05,,,,,,,,,,,,,0.0,0.1,100.0,0.0
2024-08-06,0.1,1.6,74.2,0.0,0.1,100.0,0.0,0.0,100.0,0.0,0.0,100.0,0.0,0.0,100.0,0.0
2024-08-07,0.1,1.8,73.8,,,,,,,,,,0.0,0.0,100.0,0.0
2024-08-08,,,,,,,,,,,,,0.0,0.0,100.0,0.0
2024-08-09,,,,,,,,,,,,,0.0,0.0,100.0,0.0
2024-08-10,,,,,,,,,,,,,0.0,0.0,100.0,0.0
2024-08-11,0.2,3.1,73.6,0.0,0.1,99.9,,,,,,,0.0,0.0,100.0,0.0
2024-08-12,,,,,,,,,,,,,0.0,0.0,100.0,0.0
2024-08-13,,,,,,,,,,,,,0.0,0.0,100.0,0.0
2024-08-14,,,,,,,,,,,,,0.0,0.0,100.0,0.0
2024-08-15,,,,,,,,,,,,,0.0,0.0,100.0,0.0
2024-08-16,,,,,,,,,,,,,0.0,0.0,100.0,0.0
2024-08-17,,,,,,,,,,,,,0.0,0.0,100.0,0.0
2024-08-18,0.3,6.8,73.8,,,,,,,,,,0.0,0.0,100.0,0.0
2024-08-19,0.4,8.2,73.6,,,,,,,,,,0.0,0.0,100.0,0.0
2024-08-20,,,,,,,,,,,,,0.0,0.1,100.0,0.0
2024-08-21,,,,0.0,0.1,100.0,,,,,,,0.0,0.1,100.0,0.0
2024-08-22,,,,,,,0.0,0.0,97.4,,,,0.0,0.0,100.0,0.0
2024-08-23,4.3,21.2,73.6,,,,,,,,,,0.0,0.0,100.0,0.0
2024-08-24,,,,,,,,,,,,,0.0,0.1,100.0,0.0
2024-08-25,,,,,,,,,,,,,0.0,0.1,100.0,0.0
2024-08-26,,,,0.0,0.1,93.4,,,,0.0,0.0,100.0,0.0,0.1,100.0,0.0
2024-08-27,,,,,,,,,,,,,0.0,0.0,100.0,0.0
2024-08-28,,,,,,,,,,,,,0.0,0.1,100.0,0.0
2024-08-29,,,,,,,,,,0.0,0.0,100.0,0.0,0.1,100.0,0.0
2024-08-30,0.3,6.6,73.9,,,,0.0,0.0,100.0,0.0,0.0,100.0,0.0,0.1,100.0,0.0
2024-08-31,0.3,9.3,73.5,0.0,0.1,100.0,,,,,,,0.0,0.0,100.0,0.0
2024-09-01,,,,,,,,,,,,,0.0,0.0,100.0,0.0
2024-09-02,,,,,,,,,,,,,0.0,0.1,100.0,0.0
2024-09-03,,,,,,,,,,,,,0.0,0.1,100.0,0.0
2024-09-04,0.2,5.5,73.2,,,,,,,,,,0.0,0.1,100.0,0.0
2024-09-05,,,,,,,,,,0.0,0.0,87.6,0.0,0.1,100.0,0.0
2024-09-06,,,,,,,,,,0.0,0.0,70.1,0.0,0.1,100.0,0.0
2024-09-07,,,,,,,,,,,,,0.0,0.1,100.0,0.0
2024-09-08,,,,,,,,,,,,,0.0,0.1,100.0,0.0
2024-09-09,,,,,,,,,,,,,0.0,0.1,100.0,0.0
2024-09-10,,,,0.0,0.1,95.7,,,,,,,0.0,0.1,100.0,0.0
2024-09-11,1.4,14.7,73.3,,,,,,,,,,0.0,0.1,100.0,0.0
2024-09-12,0.2,3.4,73.4,,,,,,,,,,0.0,0.0,100.0,0.0
2024-09-13,,,,,,,,,,,,,0.0,0.0,100.0,0.0
2024-09-14,,,,,,,,,,,,,0.0,0.0,100.0,0.0
2024-09-15,,,,0.0,0.2,100.0,0.0,0.0,100.0,,,,0.0,0.0,100.0,0.0
2024-09-16,0.1,5.0,73.4,,,,,,,,,,0.0,0.0,100.0,0.0
2024-09-17,,,,,,,,,,,,,0.0,0.0,100.0,0.0
2024-09-18,,,,,,,,,,,,,0.0,0.0,100.0,0.0
2024-09-19,,,,,,,,,,,,,0.0,0.0,100.0,0.0
2024-09-20,,,,,,,,,,,,,0.0,0.0,100.0,0.0
2024-09-21,,,,,,,,,,,,,0.0,0.0,100.0,0.0
2024-09-22,,,,,,,,,,,,,0.0,0.0,100.0,0.0
2024-09-23,0.0,2.6,73.5,,,,,,,,,,0.0,0.1,100.0,0.0
2024-09-24,0.1,4.7,73.4,,,,,,,,,,0.0,0.1,100.0,0.0
2024-09-25,,,,0.0,0.2,100.0,,,,,,,0.0,0.2,100.0,0.0
2024-09-26,,,,,,,,,,,,,0.0,0.2,100.0,0.0
2024-09-27,,,,,,,,,,,,,0.0,0.2,100.0,0.0
2024-09-28,0.1,2.9,73.2,,,,,,,,,,0.0,0.3,100.0,0.0
2024-09-29,,,,,,,,,,,,,0.0,0.4,100.0,0.0
2024-09-30,,,,0.0,0.2,60.4,,,,0.0,0.1,59.0,0.0,0.3,100.0,0.0
2024-10-01,,,,,,,,,,,,,0.0,0.7,100.0,0.0
2024-10-02,,,,,,,,,,,,,0.0,0.7,100.0,0.0
2024-10-03,,,,,,,,,,,,,0.0,1.1,100.0,0.0
2024-10-04,,,,,,,,,,0.0,0.1,64.5,0.0,0.9,100.0,0.0
2024-10-05,0.0,3.7,73.6,0.0,0.2,100.0,,,,,,,0.0,1.2,100.0,0.0
2024-10-06,0.1,4.7,73.6,,,,,,,,,,0.0,1.1,100.0,0.0
2024-10-07,,,,,,,,,,0.0,0.1,100.0,0.0,1.0,100.0,0.0
2024-10-08,,,,,,,,,,,,,0.0,1.1,100.0,0.0
2024-10-09,,,,,,,,,,,,,0.0,1.2,100.0,0.0
2024-10-10,2.4,8.6,90.2,0.0,0.2,94.7,,,,,,,0.0,1.0,100.0,0.0
2024-10-11,,,,,,,,,,,,,0.0,1.0,100.0,0.0
2024-10-12,,,,,,,,,,,,,0.0,0.9,100.0,0.0
2024-10-13,,,,,,,,,,,,,0.0,1.0,100.0,0.0
2024-10-14,,,,,,,,,,,,,0.0,0.9,100.0,0.0
2024-10-15,,,,0.0,0.1,71.8,,,,0.0,0.1,100.0,0.0,0.6,100.0,0.0
2024-10-16,,,,,,,,,,,,,0.0,0.7,100.0,0.0
2024-10-17,1.1,10.9,91.9,,,,,,,,,,0.0,0.7,100.0,0.0
2024-10-18,4.1,12.7,92.2,,,,,,,,,,0.0,0.7,100.0,0.0
2024-10-19,,,,,,,,,,,,,0.0,0.4,100.0,0.0
2024-10-20,,,,,,,,,,,,,0.0,0.5,100.0,0.0
2024-10-21,,,,,,,,,,,,,0.0,0.4,100.0,0.0
2024-10-22,5.9,15.8,90.5,,,,,,,0.0,0.0,100.0,0.0,0.3,100.0,0.0
2024-10-23,,,,,,,,,,0.0,0.0,100.0,0.0,0.4,100.0,0.0
2024-10-24,,,,,,,,,,,,,0.0,0.5,100.0,0.0
2024-10-25,,,,,,,,,,,,,0.0,0.4,100.0,0.0
2024-10-26,,,,,,,,,,0.0,0.0,52.5,0.0,0.4,100.0,0.0
2024-10-27,,,,,,,,,,,,,0.0,0.4,100.0,0.0
2024-10-28,,,,,,,,,,,,,0.0,0.6,100.0,0.0
2024-10-29,8.3,21.3,91.8,,,,,,,,,,0.0,0.5,100.0,0.0
2024-10-30,0.7,7.5,49.9,0.0,0.1,100.0,,,,,,,0.0,0.5,100.0,0.0
2024-10-31,,,,,,,,,,,,,0.0,0.5,100.0,0.0
2024-11-01,,,,,,,,,,,,,0.0,0.7,100.0,0.0
2024-11-02,,,,,,,0.0,0.1,100.0,,,,0.0,0.5,100.0,0.0
2024-11-03,0.5,10.9,49.4,,,,,,,,,,0.0,0.5,100.0,0.0
2024-11-04,,,,0.0,0.2,100.0,,,,,,,0.0,0.4,100.0,0.0
2024-11-05,,,,,,,,,,0.0,0.0,100.0,0.0,0.5,100.0,0.0
2024-11-06,,,,,,,,,,0.0,0.0,100.0,0.0,0.6,100.0,0.0
2024-11-07,,,,,,,,,,,,,0.0,0.6,100.0,0.0
2024-11-08,,,,,,,,,,,,,0.0,0.6,100.0,0.0
2024-11-09,,,,,,,,,,,,,0.0,0.8,100.0,0.0
2024-11-10,0.5,6.9,49.9,,,,0.0,0.1,100.0,,,,0.0,1.1,100.0,0.0
2024-11-11,0.8,13.3,49.8,,,,,,,,,,0.0,1.0,100.0,0.0
2024-11-12,,,,,,,,,,,,,0.0,1.2,100.0,0.0
2024-11-13,,,,,,,,,,,,,0.0,1.5,100.0,0.0
2024-11-14,,,,0.0,0.3,100.0,,,,0.0,0.0,100.0,0.0,1.5,100.0,0.0
2024-11-15,1.1,9.0,49.7,,,,,,,,,,0.0,1.8,100.0,0.0
2024-11-16,,,,,,,,,,,,,0.0,1.8,100.0,0.0
2024-11-17,,,,,,,,,,,,,0.0,2.4,100.0,0.0
2024-11-18,,,,,,,0.0,0.2,82.9,,,,0.0,3.2,100.0,0.0
2024-11-19,,,,,,,,,,,,,0.0,3.4,100.0,0.0
2024-11-20,,,,,,,,,,,,,0.0,2.9,100.0,0.0
2024-11-21,,,,,,,,,,,,,0.0,2.5,100.0,0.0
2024-11-22,0.8,14.8,49.6,,,,,,,,,,0.0,3.6,100.0,0.0
2024-11-23,1.2,14.7,49.6,,,,,,,,,,0.0,3.9,100.0,0.0
2024-11-24,,,,,,,,,,0.0,0.1,80.3,0.0,2.9,100.0,0.0
2024-11-25,,,,,,,,,,0.0,0.2,91.3,0.0,3.2,100.0,0.0
2024-11-26,,,,,,,,,,,,,0.0,4.7,100.0,0.0
2024-11-27,5.3,23.8,49.6,,,,,,,,,,0.0,4.7,100.0,0.0
2024-11-28,,,,,,,,,,,,,0.0,3.1,100.0,0.0
2024-11-29,,,,0.0,1.7,100.0,,,,0.0,0.3,100.0,0.0,3.0,100.0,0.0
2024-11-30,,,,,,,,,,,,,0.0,3.9,100.0,0.0
2024-12-01,,,,,,,,,,,,,0.0,3.3,100.0,0.0
2024-12-02,,,,,,,,,,0.0,0.6,100.0,0.0,2.2,100.0,0.0
2024-12-03,,,,,,,,,,0.0,0.9,100.0,0.0,2.3,100.0,0.0
2024-12-04,0.7,8.2,49.9,,,,0.0,0.6,100.0,,,,0.0,2.9,100.0,0.0
2024-12-05,0.3,8.1,49.9,,,,,,,,,,0.0,2.6,100.0,0.0
2024-12-06,,,,,,,,,,0.0,1.3,100.0,0.0,1.5,100.0,0.0
2024-12-07,,,,,,,,,,0.0,0.6,81.9,0.0,2.1,100.0,0.0
2024-12-08,,,,,,,,,,,,,0.0,2.9,100.0,0.0
2024-12-09,0.2,5.1,49.5,,,,,,,,,,0.0,2.5,100.0,0.0
2024-12-10,,,,,,,,,,0.0,0.3,100.0,0.0,1.6,100.0,0.0
2024-12-11,,,,,,,,,,0.0,0.2,100.0,0.0,2.4,100.0,0.0
2024-12-12,,,,,,,0.6,3.8,100.0,,,,0.0,3.3,100.0,0.0
2024-12-13,,,,,,,,,,,,,0.0,3.1,100.0,0.0
2024-12-14,,,,1.1,11.8,42.1,,,,0.0,0.5,100.0,0.0,2.7,100.0,0.0
2024-12-15,,,,,,,,,,,,,0.0,3.8,100.0,0.0
2024-12-16,0.4,7.8,49.9,,,,,,,,,,0.0,5.3,100.0,0.0
2024-12-17,0.5,4.3,49.9,,,,,,,0.0,0.5,95.8,0.0,4.8,100.0,0.0
2024-12-18,,,,,,,,,,0.0,0.5,100.0,0.0,4.8,100.0,0.0
2024-12-19,,,,,,,,,,,,,0.0,6.5,100.0,0.0
2024-12-20,,,,,,,0.9,8.2,45.7,,,,0.0,9.1,100.0,0.0
2024-12-21,0.2,3.6,49.6,,,,,,,,,,0.0,7.7,100.0,0.0
2024-12-22,,,,,,,,,,,,,0.0,11.0,100.0,0.0
2024-12-23,,,,,,,,,,,,,0.0,11.5,100.0,0.0
2024-12-24,,,,0.6,5.7,52.3,,,,,,,0.0,13.8,100.0,0.0
2024-12-25,,,,,,,,,,,,,0.0,10.5,100.0,0.0
2024-12-26,,,,,,,,,,0.0,0.5,100.0,0.0,11.5,100.0,0.0
2024-12-27,,,,,,,,,,,,,0.0,15.2,100.0,0.0
2024-12-28,0.3,2.4,49.9,,,,0.3,5.2,99.7,,,,0.0,17.3,100.0,0.0
2024-12-29,0.1,1.9,38.3,0.0,3.0,100.0,,,,,,,0.0,14.1,100.0,0.0
2024-12-30,,,,,,,,,,,,,0.0,15.8,100.0,0.0
2024-12-31,,,,,,,,,,,,,0.0,17.6,100.0,0.0
2025-01-01,,,,,,,,,,,,,0.0,17.0,100.0,0.0
2025-01-02,0.2,2.5,49.4,,,,,,,,,,0.0,15.1,100.0,0.0
2025-01-03,,,,0.3,5.4,100.0,,,,,,,0.0,14.0,100.0,0.0
2025-01-04,,,,,,,,,,0.0,1.8,58.1,0.0,15.4,100.0,0.0
2025-01-05,,,,,,,,,,0.0,3.2,100.0,0.0,14.8,100.0,0.0
2025-01-06,,,,,,,,,,,,,0.0,16.9,100.0,0.0
2025-01-07,,,,,,,,,,,,,0.0,17.0,100.0,0.0
2025-01-08,,,,4.6,16.2,72.2,,,,,,,0.0,18.2,100.0,0.0
2025-01-09,0.0,1.8,49.9,,,,,,,,,,0.0,19.7,100.0,0.0
2025-01-10,0.0,1.5,49.9,,,,,,,,,,0.0,18.8,100.0,0.0
2025-01-11,,,,,,,,,,,,,0.0,21.9,100.0,0.0
2025-01-12,,,,,,,,,,,,,0.0,23.8,100.0,0.0
2025-01-13,,,,6.1,14.0,100.0,13.9,27.5,100.0,2.4,5.6,100.0,0.6,30.6,100.0,0.6
2025-01-14,0.0,1.2,49.4,,,,,,,,,,0.7,28.0,100.0,0.7
2025-01-15,,,,,,,,,,,,,1.6,33.7,100.0,1.6
2025-01-16,,,,,,,,,,,,,1.9,33.1,100.0,1.9
2025-01-17,,,,,,,,,,,,,9.7,42.3,100.0,9.7
2025-01-18,,,,1.3,8.8,60.1,,,,,,,2.6,32.7,100.0,2.6
2025-01-19,,,,,,,,,,,,,5.4,35.6,100.0,5.4
2025-01-20,,,,,,,,,,,,,2.0,28.7,100.0,2.0
2025-01-21,0.0,2.1,49.9,,,,,,,,,,7.8,36.3,100.0,7.8
2025-01-22,0.0,2.9,49.9,,,,,,,,,,1.5,26.9,100.0,1.5
2025-01-23,,,,20.2,31.5,77.0,,,,7.7,15.8,100.0,2.9,28.4,100.0,2.9
2025-01-24,,,,,,,,,,25.5,37.3,100.0,0.6,22.0,100.0,0.6
2025-01-25,,,,,,,,,,,,,1.8,28.4,100.0,1.8
2025-01-26,0.0,3.3,49.3,,,,,,,,,,0.3,20.8,100.0,0.3
2025-01-27,,,,,,,,,,,,,0.6,23.8,100.0,0.6
2025-01-28,,,,11.3,29.4,85.6,,,,,,,0.2,20.4,100.0,0.2
2025-01-29,,,,,,,65.8,54.1,98.0,,,,2.7,32.9,100.0,2.7
2025-01-30,,,,,,,,,,,,,0.3,25.1,100.0,0.3
2025-01-31,,,,,,,,,,78.2,59.8,100.0,2.3,33.1,100.0,2.3
2025-02-01,,,,,,,,,,90.7,69.6,100.0,0.7,31.0,100.0,0.7
2025-02-02,0.0,6.0,49.9,5.8,21.2,100.0,,,,,,,7.7,45.0,100.0,7.7
2025-02-03,0.2,8.5,49.9,,,,,,,,,,1.8,36.8,100.0,1.8
2025-02-04,,,,,,,,,,96.2,81.3,100.0,7.5,42.4,100.0,7.5
2025-02-05,,,,,,,,,,97.6,87.6,100.0,5.1,40.2,100.0,5.1
2025-02-06,,,,,,,77.2,63.2,99.8,,,,20.6,52.6,100.0,20.6
2025-02-07,0.6,10.2,49.2,,,,,,,,,,13.2,46.5,100.0,13.2
2025-02-08,,,,,,,,,,,,,18.9,50.0,100.0,18.9
2025-02-09,,,,,,,,,,99.4,92.4,100.0,15.0,45.3,100.0,15.0
2025-02-10,,,,,,,,,,,,,19.0,48.1,100.0,19.0
2025-02-11,,,,,,,,,,,,,17.9,44.8,100.0,17.9
2025-02-12,,,,,,,,,,,,,15.6,41.1,100.0,15.6
2025-02-13,,,,,,,,,,,,,16.3,39.3,100.0,16.3
2025-02-14,0.4,8.4,49.8,,,,48.3,48.1,96.4,,,,19.7,39.8,100.0,19.7
2025-02-15,0.4,8.6,49.8,,,,,,,99.4,91.9,100.0,18.8,38.2,100.0,18.8
2025-02-16,,,,,,,,,,,,,20.6,37.9,100.0,20.6
2025-02-17,,,,9.9,12.8,100.0,,,,,,,20.4,36.5,100.0,20.4
2025-02-18,,,,,,,,,,,,,19.3,34.1,100.0,19.3
2025-02-19,1.0,9.8,48.9,,,,,,,,,,20.1,34.6,100.0,20.1
2025-02-20,,,,,,,,,,99.7,91.3,100.0,19.3,33.2,100.0,19.3
2025-02-21,,,,,,,,,,,,,19.3,32.4,100.0,19.3
2025-02-22,,,,,,,,,,,,,17.7,30.0,100.0,17.7
2025-02-23,,,,,,,,,,,,,17.2,28.8,100.0,17.2
2025-02-24,,,,,,,,,,,,,16.8,28.6,100.0,16.8
2025-02-25,,,,,,,,,,,,,16.4,28.1,100.0,16.4
2025-02-26,3.6,11.2,49.7,,,,,,,,,,16.5,28.7,100.0,16.5
2025-02-27,3.6,12.1,49.8,15.2,18.4,100.0,,,,98.7,89.5,100.0,16.5,29.1,100.0,16.5
2025-02-28,,,,,,,,,,,,,16.7,31.2,100.0,16.7
2025-03-01,,,,,,,,,,,,,16.7,32.2,100.0,16.7
2025-03-02,,,,,,,,,,,,,17.7,34.9,100.0,17.7
2025-03-03,5.0,12.8,48.8,,,,,,,,,,16.5,31.4,100.0,16.5
2025-03-04,,,,22.7,31.8,100.0,,,,,,,17.9,36.5,100.0,17.9
2025-03-05,,,,,,,,,,,,,16.7,35.1,100.0,16.7
2025-03-06,,,,,,,,,,,,,19.2,40.2,100.0,19.2
2025-03-07,,,,,,,,,,,,,16.8,35.1,100.0,16.8
2025-03-08,,,,,,,,,,,,,24.9,43.7,100.0,24.9
2025-03-09,,,,,,,,,,,,,20.5,40.9,100.0,20.5
2025-03-10,6.8,15.4,49.8,,,,87.2,71.9,97.7,,,,33.0,47.5,100.0,33.0
2025-03-11,5.5,13.5,49.9,,,,,,,99.4,90.8,100.0,20.8,39.4,100.0,20.8
2025-03-12,,,,,,,,,,,,,30.9,46.5,100.0,30.9
2025-03-13,,,,,,,,,,,,,29.6,46.5,100.0,29.6
2025-03-14,,,,,,,,,,,,,28.3,45.6,100.0,28.3
2025-03-15,7.1,16.1,49.2,,,,,,,,,,21.9,41.7,100.0,21.9
2025-03-16,,,,,,,,,,,,,29.7,46.7,100.0,29.7
2025-03-17,,,,,,,,,,,,,30.8,48.1,100.0,30.8
2025-03-18,,,,,,,,,,,,,34.2,48.6,100.0,34.2
2025-03-19,,,,31.2,45.5,100.0,,,,97.3,87.3,99.4,40.5,50.5,100.0,40.5
2025-03-20,,,,,,,,,,,,,46.3,52.8,100.0,46.3
2025-03-21,,,,,,,,,,,,,54.0,55.8,100.0,54.0
2025-03-22,10.1,16.2,49.9,,,,,,,94.8,85.7,30.9,54.7,55.4,100.0,54.7
2025-03-23,13.4,14.8,49.9,,,,,,,,,,60.0,57.3,100.0,60.0
2025-03-24,,,,,,,,,,,,,60.6,58.1,100.0,60.6
2025-03-25,,,,,,,,,,,,,62.5,59.0,100.0,62.5
2025-03-26,,,,,,,,,,94.4,82.9,87.4,63.1,59.4,100.0,63.1
2025-03-27,15.5,15.6,49.3,,,,,,,,,,63.7,59.5,100.0,63.7
2025-03-28,,,,,,,,,,,,,62.4,59.6,100.0,62.4
2025-03-29,,,,,,,,,,88.1,77.4,92.3,61.4,59.2,100.0,61.4
2025-03-30,,,,,,,,,,79.8,69.8,100.0,60.2,58.6,100.0,60.2
2025-03-31,,,,33.2,43.4,100.0,,,,,,,57.7,57.4,100.0,57.7
2025-04-01,,,,,,,,,,,,,53.5,56.5,100.0,53.5
2025-04-02,,,,,,,,,,,,,50.4,55.5,100.0,50.4
2025-04-03,13.9,19.5,98.4,62.7,57.1,75.8,100.0,91.2,36.9,,,,51.4,55.9,100.0,51.4
2025-04-04,17.6,20.9,98.4,,,,,,,,,,39.2,48.4,100.0,39.2
2025-04-05,,,,,,,,,,,,,38.6,48.6,100.0,38.6
2025-04-06,,,,,,,,,,,,,32.6,43.8,100.0,32.6
2025-04-07,,,,,,,,,,43.6,44.5,100.0,34.0,44.6,100.0,34.0
2025-04-08,20.5,20.7,97.3,3.1,11.2,100.0,,,,,,,21.7,35.8,100.0,21.7
2025-04-09,,,,,,,,,,,,,17.5,35.4,100.0,17.5
2025-04-10,18.0,20.2,69.3,7.0,22.2,100.0,,,,28.0,34.8,100.0,10.6,28.8,100.0,10.6
2025-04-11,,,,,,,,,,17.6,21.3,100.0,5.5,26.2,100.0,5.5
2025-04-12,,,,,,,,,,,,,2.4,19.8,100.0,2.4
2025-04-13,,,,,,,,,,,,,2.1,21.8,100.0,2.1
2025-04-14,,,,,,,,,,,,,1.1,17.4,100.0,1.1
2025-04-15,21.8,21.1,97.4,,,,,,,,,,1.1,17.9,100.0,1.1
2025-04-16,17.9,19.0,97.4,,,,,,,,,,0.2,16.9,100.0,0.2
2025-04-17,,,,,,,,,,,,,0.2,19.8,100.0,0.2
2025-04-18,,,,94.1,69.6,100.0,,,,19.0,23.4,100.0,1.4,23.8,100.0,1.4
2025-04-19,,,,,,,,,,,,,1.6,25.6,100.0,1.6
2025-04-20,21.1,21.0,97.9,46.3,49.3,100.0,,,,,,,5.5,34.4,100.0,5.5
2025-04-21,15.1,18.8,98.2,,,,,,,,,,8.1,38.6,100.0,8.1
2025-04-22,,,,,,,,,,11.5,12.8,100.0,13.8,40.6,100.0,13.8
2025-04-23,,,,3.6,18.0,100.0,,,,4.7,7.1,100.0,12.5,42.1,100.0,12.5
2025-04-24,,,,,,,,,,,,,23.1,49.1,100.0,23.1
2025-04-25,,,,,,,,,,,,,13.9,44.2,100.0,13.9
2025-04-26,18.4,21.3,97.0,,,,,,,0.0,2.9,100.0,16.0,43.1,100.0,16.0
2025-04-27,11.7,16.7,98.1,,,,,,,,,,11.5,42.2,100.0,11.5
2025-04-28,9.3,15.1,97.4,,,,,,,,,,19.7,47.6,100.0,19.7
2025-04-29,,,,,,,,,,,,,3.4,35.7,100.0,3.4
2025-04-30,,,,0.0,3.1,94.8,,,,0.0,3.9,100.0,2.3,30.2,100.0,2.3
2025-05-01,,,,,,,,,,0.0,1.1,100.0,0.9,26.4,100.0,0.9
2025-05-02,5.0,11.7,96.8,,,,,,,,,,1.4,30.5,100.0,1.4
2025-05-03,4.8,11.4,98.1,,,,,,,0.0,1.3,100.0,0.4,23.3,100.0,0.4
2025-05-04,2.2,9.6,98.3,,,,,,,,,,0.2,18.9,100.0,0.2
2025-05-05,,,,,,,,,,,,,0.0,16.7,100.0,0.0
2025-05-06,,,,,,,,,,,,,0.1,18.4,100.0,0.1
2025-05-07,,,,,,,,,,,,,0.8,18.1,100.0,0.8
2025-05-08,5.0,10.9,97.3,0.0,0.7,72.6,,,,,,,0.2,16.0,100.0,0.2
2025-05-09,3.5,10.4,98.2,,,,,,,,,,0.2,15.8,100.0,0.2
2025-05-10,6.8,13.0,97.5,,,,,,,,,,0.1,13.7,100.0,0.1
2025-05-11,,,,,,,,,,,,,0.6,15.2,100.0,0.6
2025-05-12,,,,,,,,,,,,,0.0,10.7,100.0,0.0
2025-05-13,,,,0.0,0.3,98.7,0.0,0.3,77.8,,,,0.0,10.7,100.0,0.0
2025-05-14,9.8,14.8,95.6,,,,,,,,,,0.0,8.3,100.0,0.0
2025-05-15,7.4,14.1,97.4,,,,,,,0.0,0.3,99.0,0.0,8.2,100.0,0.0
2025-05-16,9.1,16.5,97.6,,,,,,,,,,0.0,7.9,100.0,0.0
2025-05-17,,,,,,,,,,,,,0.0,9.2,100.0,0.0
2025-05-18,,,,0.0,0.2,100.0,,,,,,,0.0,7.6,100.0,0.0
2025-05-19,,,,,,,,,,,,,0.0,8.3,100.0,0.0
2025-05-20,4.3,9.0,96.5,,,,,,,,,,0.0,7.2,100.0,0.0
2025-05-21,2.7,7.5,97.4,,,,,,,,,,0.0,9.5,100.0,0.0
2025-05-22,3.1,7.3,97.2,,,,,,,,,,0.0,7.9,100.0,0.0
2025-05-23,,,,0.0,0.2,100.0,,,,0.0,0.2,100.0,0.0,6.6,100.0,0.0
2025-05-24,,,,,,,,,,,,,0.0,7.4,100.0,0.0
2025-05-25,,,,,,,,,,,,,0.0,8.3,100.0,0.0
2025-05-26,2.4,7.2,95.7,,,,,,,,,,0.0,6.8,100.0,0.0
2025-05-27,1.1,5.5,97.2,,,,,,,0.0,0.1,100.0,0.0,5.9,100.0,0.0
2025-05-28,0.8,5.2,97.6,0.0,0.2,87.0,,,,,,,0.0,5.8,100.0,0.0
2025-05-29,,,,,,,,,,,,,0.0,7.8,100.0,0.0
2025-05-30,,,,0.0,0.2,100.0,,,,0.0,0.1,100.0,0.0,5.9,100.0,0.0
2025-05-31,,,,,,,,,,0.0,0.0,36.8,0.0,5.1,100.0,0.0
2025-06-01,0.0,2.8,96.5,,,,,,,,,,0.0,4.3,100.0,0.0
2025-06-02,0.0,1.7,98.1,,,,,,,,,,0.0,5.4,100.0,0.0
2025-06-03,0.1,1.6,97.8,,,,,,,,,,0.0,5.1,100.0,0.0
2025-06-04,,,,,,,,,,,,,0.0,4.9,100.0,0.0
2025-06-05,,,,,,,,,,,,,0.0,4.2,100.0,0.0
2025-06-06,,,,,,,,,,,,,0.0,6.4,100.0,0.0
2025-06-07,0.0,1.1,96.6,,,,,,,,,,0.0,5.6,100.0,0.0
2025-06-08,0.0,1.0,98.3,,,,,,,0.0,0.0,100.0,0.0,2.9,100.0,0.0
2025-06-09,0.1,0.8,97.6,0.0,0.1,100.0,,,,,,,0.0,2.9,100.0,0.0
2025-06-10,,,,,,,,,,,,,0.0,3.7,100.0,0.0
2025-06-11,,,,,,,,,,0.0,0.0,100.0,0.0,2.3,100.0,0.0
2025-06-12,,,,0.0,0.2,99.5,,,,0.0,0.0,100.0,0.0,1.8,100.0,0.0
2025-06-13,0.0,0.9,97.2,,,,,,,,,,0.0,1.8,100.0,0.0
2025-06-14,0.0,0.9,98.3,,,,,,,,,,0.0,2.0,100.0,0.0
2025-06-15,0.1,1.2,98.0,,,,,,,0.0,0.0,100.0,0.0,1.3,100.0,0.0
2025-06-16,,,,,,,,,,0.0,0.0,100.0,0.0,1.0,100.0,0.0
2025-06-17,,,,0.0,0.2,92.4,,,,,,,0.0,1.0,100.0,0.0
2025-06-18,,,,,,,,,,,,,0.0,0.9,100.0,0.0
2025-06-19,0.0,1.1,96.9,0.0,0.2,100.0,,,,0.0,0.0,100.0,0.0,0.6,100.0,0.0
2025-06-20,0.0,1.2,98.3,,,,,,,,,,0.0,0.7,100.0,0.0
2025-06-21,0.0,1.4,98.3,,,,,,,,,,0.0,0.6,100.0,0.0
2025-06-22,,,,0.0,0.1,100.0,0.0,0.0,84.3,,,,0.0,0.7,100.0,0.0
2025-06-23,,,,,,,,,,,,,0.0,0.9,100.0,0.0
2025-06-24,,,,,,,,,,,,,0.0,0.7,100.0,0.0
2025-06-25,0.0,2.0,97.0,,,,,,,,,,0.0,0.7,100.0,0.0
2025-06-26,0.0,4.3,98.3,,,,,,,,,,0.0,1.0,100.0,0.0
2025-06-27,0.1,8.7,98.3,,,,,,,0.0,0.0,100.0,0.0,0.9,100.0,0.0
2025-06-28,,,,,,,,,,,,,0.0,1.1,100.0,0.0
2025-06-29,,,,0.0,0.1,100.0,,,,,,,0.0,1.0,100.0,0.0
2025-06-30,,,,,,,,,,,,,0.0,1.8,100.0,0.0
2025-07-01,0.0,6.3,97.0,,,,,,,0.0,0.0,100.0,0.0,1.7,100.0,0.0
2025-07-02,0.0,6.4,98.4,0.0,0.2,100.0,,,,,,,0.0,1.8,100.0,0.0
2025-07-03,0.0,6.2,98.2,,,,,,,0.0,0.0,100.0,0.0,1.2,100.0,0.0
2025-07-04,,,,,,,,,,0.0,0.0,100.0,0.0,1.1,100.0,0.0
2025-07-05,,,,,,,,,,,,,0.0,1.1,100.0,0.0
2025-07-06,,,,,,,,,,,,,0.0,1.0,100.0,0.0
2025-07-07,0.0,3.1,97.2,0.0,0.1,86.9,,,,,,,0.0,0.7,100.0,0.0
2025-07-08,0.0,1.5,98.5,,,,,,,,,,0.0,0.7,100.0,0.0
2025-07-09,0.0,1.3,98.4,0.0,0.1,100.0,,,,,,,0.0,0.4,100.0,0.0
2025-07-10,,,,,,,,,,,,,0.0,0.3,100.0,0.0
2025-07-11,,,,,,,,,,,,,0.0,0.2,100.0,0.0
2025-07-12,,,,0.0,0.2,81.0,,,,,,,0.0,0.1,100.0,0.0
2025-07-13,0.0,1.3,97.2,,,,,,,,,,0.0,0.0,100.0,0.0
2025-07-14,0.0,1.3,98.3,,,,,,,,,,0.0,0.0,100.0,0.0
2025-07-15,0.0,1.2,98.3,,,,,,,,,,0.0,0.0,100.0,0.0
2025-07-16,,,,,,,0.0,0.0,93.0,,,,0.0,0.0,100.0,0.0
2025-07-17,,,,0.0,0.1,100.0,,,,,,,0.0,0.0,100.0,0.0
2025-07-18,,,,,,,,,,,,,0.0,0.0,100.0,0.0
2025-07-19,0.0,1.4,97.4,,,,,,,,,,0.0,0.0,100.0,0.0
2025-07-20,0.0,1.7,98.5,,,,,,,,,,0.0,0.0,100.0,0.0
2025-07-21,0.1,2.5,98.5,,,,,,,,,,0.0,0.1,100.0,0.0
2025-07-22,,,,0.0,0.1,100.0,,,,,,,0.0,0.1,100.0,0.0
2025-07-23,,,,,,,,,,,,,0.0,0.1,100.0,0.0
2025-07-24,,,,,,,0.0,0.0,64.2,,,,0.0,0.1,100.0,0.0
2025-07-25,0.0,1.6,97.3,,,,,,,,,,0.0,0.2,100.0,0.0
2025-07-26,0.1,1.2,98.3,,,,,,,,,,0.0,0.2,100.0,0.0
2025-07-27,0.1,1.5,98.5,0.0,0.1,78.6,,,,,,,0.0,0.2,100.0,0.0
2025-07-28,,,,,,,,,,,,,0.0,0.2,100.0,0.0
2025-07-29,,,,0.0,0.1,99.5,,,,,,,0.0,0.2,100.0,0.0
2025-07-30,,,,,,,,,,,,,0.0,0.2,100.0,0.0
2025-07-31,0.4,2.6,97.2,,,,,,,0.0,0.0,40.1,0.0,0.2,100.0,0.0
2025-08-01,0.1,2.4,98.3,,,,,,,,,,0.0,0.3,100.0,0.0
2025-08-02,0.1,2.5,98.4,,,,,,,,,,0.0,0.2,100.0,0.0
2025-08-03,,,,,,,,,,0.0,0.0,38.1,0.0,0.1,100.0,0.0
2025-08-04,,,,,,,,,,,,,0.0,0.1,100.0,0.0
2025-08-05,,,,,,,,,,,,,0.0,0.1,100.0,0.0
2025-08-06,0.0,2.5,97.0,,,,,,,,,,0.0,0.1,100.0,0.0
2025-08-07,,,,,,,,,,0.0,0.0,100.0,0.0,0.0,100.0,0.0
2025-08-08,0.0,0.8,81.9,0.0,0.1,100.0,,,,,,,0.0,0.0,100.0,0.0
2025-08-09,,,,,,,0.0,0.0,99.7,,,,0.0,0.0,100.0,0.0
2025-08-10,,,,,,,,,,0.0,0.0,100.0,0.0,0.0,100.0,0.0
2025-08-11,,,,0.0,0.2,99.8,,,,0.0,0.0,100.0,0.0,0.0,100.0,0.0
2025-08-12,0.0,0.9,80.8,,,,,,,,,,0.0,0.0,100.0,0.0
2025-08-13,0.0,0.9,81.8,,,,,,,,,,0.0,0.0,100.0,0.0
2025-08-14,0.0,1.3,81.9,,,,,,,0.0,0.0,100.0,0.0,0.0,100.0,0.0
2025-08-15,,,,,,,,,,0.0,0.0,100.0,0.0,0.0,100.0,0.0
2025-08-16,,,,0.0,0.3,99.9,,,,,,,0.0,0.0,100.0,0.0
2025-08-17,,,,,,,0.0,0.0,99.9,,,,0.0,0.0,100.0,0.0
2025-08-18,0.0,1.9,80.7,0.0,0.3,99.4,,,,0.0,0.0,100.0,0.0,0.0,100.0,0.0
2025-08-19,0.0,1.0,81.3,,,,,,,0.0,0.0,100.0,0.0,0.0,100.0,0.0
2025-08-20,0.0,1.0,81.3,,,,,,,,,,0.0,0.0,100.0,0.0
2025-08-21,,,,0.0,0.3,96.0,,,,,,,0.0,0.0,100.0,0.0
2025-08-22,,,,,,,,,,0.0,0.0,100.0,0.0,0.0,100.0,0.0
2025-08-23,,,,,,,,,,,,,0.0,0.0,100.0,0.0
2025-08-24,0.0,1.0,81.0,,,,,,,,,,0.0,0.0,100.0,0.0
2025-08-25,0.0,0.7,80.7,,,,0.0,0.0,100.0,,,,0.0,0.1,100.0,0.0
2025-08-26,0.0,0.5,79.4,0.0,0.1,100.0,,,,0.0,0.0,100.0,0.0,0.0,100.0,0.0
2025-08-27,,,,,,,,,,,,,0.0,0.0,100.0,0.0
2025-08-28,,,,,,,,,,,,,0.0,0.1,100.0,0.0
2025-08-29,,,,,,,,,,0.0,0.0,100.0,0.0,0.1,100.0,0.0
2025-08-30,0.0,0.4,77.4,,,,,,,,,,0.0,0.1,100.0,0.0
2025-08-31,0.0,0.9,79.8,0.0,0.1,100.0,,,,,,,0.0,0.1,100.0,0.0
2025-09-01,0.0,0.8,79.4,,,,,,,,,,0.0,0.1,100.0,0.0
2025-09-02,,,,,,,0.0,0.0,75.2,,,,0.0,0.1,100.0,0.0
2025-09-03,,,,,,,,,,,,,0.0,0.1,100.0,0.0
2025-09-04,,,,,,,,,,,,,0.0,0.1,100.0,0.0
2025-09-05,0.0,1.1,77.9,0.0,0.1,100.0,,,,0.0,0.0,99.8,0.0,0.1,100.0,0.0
2025-09-06,0.1,1.6,81.8,,,,,,,,,,0.0,0.1,100.0,0.0
2025-09-07,0.0,0.9,80.5,0.0,0.2,100.0,,,,,,,0.0,0.1,100.0,0.0
2025-09-08,,,,,,,,,,,,,0.0,0.1,100.0,0.0
2025-09-09,,,,,,,,,,,,,0.0,0.1,100.0,0.0
2025-09-10,,,,0.0,0.3,48.1,,,,,,,0.0,0.1,100.0,0.0
2025-09-11,0.0,1.1,81.1,,,,,,,,,,0.0,0.0,100.0,0.0
2025-09-12,0.0,1.0,81.9,,,,,,,,,,0.0,0.0,100.0,0.0
2025-09-13,0.0,1.5,81.9,,,,,,,,,,0.0,0.0,100.0,0.0
2025-09-14,,,,,,,,,,,,,0.0,0.0,100.0,0.0
2025-09-15,,,,0.0,0.1,36.9,,,,,,,0.0,0.0,100.0,0.0
2025-09-16,,,,,,,,,,,,,0.0,0.0,100.0,0.0
2025-09-17,0.0,1.5,81.0,0.0,0.1,100.0,,,,,,,0.0,0.0,100.0,0.0
2025-09-18,0.2,2.5,81.8,,,,0.0,0.0,99.9,,,,0.0,0.0,100.0,0.0
2025-09-19,0.5,3.6,81.9,,,,,,,,,,0.0,0.0,100.0,0.0
2025-09-20,,,,0.0,0.2,98.1,,,,,,,0.0,0.0,100.0,0.0
2025-09-21,,,,,,,,,,,,,0.0,0.0,100.0,0.0
2025-09-22,,,,,,,,,,,,,0.0,0.0,100.0,0.0
2025-09-23,1.2,6.2,80.5,,,,,,,,,,0.0,0.1,100.0,0.0
2025-09-24,4.9,17.3,81.8,,,,,,,,,,0.0,0.1,100.0,0.0
2025-09-25,2.4,12.2,81.9,0.0,0.2,88.6,,,,,,,0.0,0.1,100.0,0.0
2025-09-26,,,,,,,,,,,,,0.0,0.2,100.0,0.0
2025-09-27,,,,0.0,0.3,97.7,,,,,,,0.0,0.2,100.0,0.0
2025-09-28,,,,,,,,,,,,,0.0,0.2,100.0,0.0
2025-09-29,1.1,7.9,80.9,,,,,,,0.0,0.0,78.2,0.0,0.2,100.0,0.0
2025-09-30,0.4,5.1,81.8,0.0,0.3,97.9,,,,,,,0.0,0.3,100.0,0.0
2025-10-01,0.5,6.7,81.9,,,,,,,,,,0.0,0.2,100.0,0.0
2025-10-02,,,,,,,,,,0.0,0.0,100.0,0.0,0.2,100.0,0.0
2025-10-03,,,,,,,,,,,,,0.0,0.2,100.0,0.0
2025-10-04,,,,,,,0.0,0.0,94.5,,,,0.0,0.3,100.0,0.0
2025-10-05,0.4,6.9,81.0,0.0,0.2,99.9,,,,,,,0.0,0.3,100.0,0.0
2025-10-06,0.2,4.8,81.8,,,,,,,0.0,0.0,100.0,0.0,0.2,100.0,0.0
2025-10-07,0.1,3.1,81.9,0.0,0.2,100.0,,,,0.0,0.0,100.0,0.0,0.2,100.0,0.0
2025-10-08,,,,,,,,,,,,,0.0,0.3,100.0,0.0
2025-10-09,,,,,,,,,,,,,0.0,0.3,100.0,0.0
2025-10-10,,,,0.0,0.2,100.0,,,,0.0,0.0,100.0,0.0,0.2,100.0,0.0
2025-10-11,0.1,3.2,81.1,,,,,,,0.0,0.0,100.0,0.0,0.2,100.0,0.0
2025-10-12,0.3,5.7,81.8,,,,0.0,0.0,100.0,,,,0.0,0.3,100.0,0.0
2025-10-13,0.3,5.9,81.9,,,,,,,,,,0.0,0.2,100.0,0.0
2025-10-14,,,,,,,,,,0.0,0.0,100.0,0.0,0.1,100.0,0.0
2025-10-15,,,,,,,,,,,,,0.0,0.3,100.0,0.0
2025-10-16,,,,,,,,,,,,,0.0,0.3,100.0,0.0
2025-10-17,0.2,4.8,81.3,0.0,0.1,74.3,,,,,,,0.0,0.3,100.0,0.0
2025-10-18,0.4,7.9,81.8,,,,,,,0.0,0.0,100.0,0.0,0.2,100.0,0.0
2025-10-19,0.2,3.7,81.9,,,,,,,0.0,0.0,53.9,0.0,0.4,100.0,0.0
2025-10-20,,,,,,,,,,,,,0.0,0.5,100.0,0.0
2025-10-21,,,,,,,,,,,,,0.0,0.4,100.0,0.0
2025-10-22,,,,,,,,,,0.0,0.0,100.0,0.0,0.2,100.0,0.0
2025-10-23,0.2,5.4,80.0,,,,,,,,,,0.0,0.3,100.0,0.0
2025-10-24,0.0,4.1,81.9,,,,,,,,,,0.0,0.4,100.0,0.0
2025-10-25,0.1,6.8,81.9,,,,,,,,,,0.0,0.3,100.0,0.0
2025-10-26,,,,,,,,,,,,,0.0,0.6,100.0,0.0
2025-10-27,,,,,,,,,,,,,0.0,0.6,100.0,0.0
2025-10-28,,,,,,,0.0,0.1,82.3,,,,0.0,1.0,100.0,0.0
2025-10-29,0.1,7.4,80.7,,,,,,,,,,0.0,0.6,100.0,0.0
2025-10-30,3.2,17.1,81.8,,,,,,,,,,0.0,1.1,100.0,0.0
2025-10-31,0.5,9.4,81.9,,,,,,,,,,0.0,1.1,100.0,0.0
2025-11-01,,,,,,,,,,,,,0.0,1.7,100.0,0.0
2025-11-02,,,,,,,,,,,,,0.0,1.0,100.0,0.0
2025-11-03,,,,,,,,,,,,,0.0,1.9,100.0,0.0
2025-11-04,1.3,12.1,80.9,0.0,0.2,100.0,,,,,,,0.0,1.8,100.0,0.0
2025-11-05,2.2,11.5,81.9,,,,0.0,0.1,83.8,0.0,0.1,100.0,0.0,2.1,100.0,0.0
2025-11-06,19.6,24.3,81.9,0.0,0.3,100.0,,,,0.0,0.1,100.0,0.0,1.6,100.0,0.0
2025-11-07,,,,,,,,,,,,,0.0,2.4,100.0,0.0
2025-11-08,,,,,,,,,,,,,0.0,2.4,100.0,0.0
2025-11-09,,,,0.0,0.4,100.0,,,,0.0,0.1,100.0,0.0,2.4,100.0,0.0
2025-11-10,7.4,16.7,81.0,,,,,,,,,,0.0,2.5,100.0,0.0
2025-11-11,4.5,14.9,81.9,,,,,,,,,,0.0,2.7,100.0,0.0
2025-11-12,1.4,9.5,81.9,,,,,,,,,,0.0,3.2,100.0,0.0
2025-11-13,,,,,,,,,,,,,0.0,3.7,100.0,0.0
2025-11-14,,,,,,,,,,,,,0.0,3.2,100.0,0.0
2025-11-15,,,,,,,,,,,,,0.0,2.6,100.0,0.0
2025-11-16,3.0,13.6,80.8,,,,,,,,,,0.0,3.2,100.0,0.0
2025-11-17,,,,,,,,,,0.0,0.9,100.0,0.0,2.3,100.0,0.0
2025-11-18,2.1,12.3,81.9,,,,,,,,,,0.0,3.1,100.0,0.0
2025-11-19,,,,0.0,0.3,100.0,,,,,,,0.0,3.0,100.0,0.0
2025-11-20,,,,,,,,,,,,,0.0,4.3,100.0,0.0
2025-11-21,,,,,,,,,,0.0,2.8,99.0,0.0,3.6,100.0,0.0
2025-11-22,1.7,14.5,81.0,,,,,,,0.0,3.0,100.0,0.0,4.2,100.0,0.0
2025-11-23,4.2,19.5,81.9,,,,,,,,,,0.0,4.6,100.0,0.0
2025-11-24,1.7,9.7,81.9,,,,,,,,,,0.0,5.2,100.0,0.0
2025-11-25,,,,,,,,,,,,,0.0,4.6,100.0,0.0
2025-11-26,,,,0.0,2.4,94.2,,,,0.0,4.6,100.0,0.0,3.8,100.0,0.0
2025-11-27,,,,,,,,,,,,,0.0,5.0,100.0,0.0
2025-11-28,5.4,14.7,81.2,,,,,,,,,,0.0,5.6,100.0,0.0
2025-11-29,1.5,9.8,81.9,0.0,3.0,100.0,0.0,0.7,98.0,0.2,5.2,100.0,0.0,5.2,100.0,0.0
2025-11-30,1.8,10.5,81.9,,,,,,,2.8,11.4,100.0,0.0,4.5,100.0,0.0
2025-12-01,,,,,,,,,,,,,0.0,5.5,100.0,0.0
2025-12-02,,,,,,,,,,,,,0.0,6.0,100.0,0.0
2025-12-03,,,,,,,,,,0.5,7.1,100.0,0.0,6.1,100.0,0.0
2025-12-04,0.4,4.8,80.9,,,,,,,0.4,4.3,100.0,0.0,5.2,100.0,0.0
2025-12-05,,,,,,,,,,,,,0.0,6.8,100.0,0.0
2025-12-06,0.4,3.8,81.9,,,,,,,,,,0.0,7.8,100.0,0.0
2025-12-07,,,,,,,,,,0.5,3.2,100.0,0.0,8.7,100.0,0.0
2025-12-08,,,,,,,,,,0.9,4.5,100.0,0.0,8.7,100.0,0.0
2025-12-09,,,,0.1,3.2,100.0,,,,,,,0.0,11.1,100.0,0.0
2025-12-10,0.1,2.9,80.7,,,,,,,,,,0.0,10.5,100.0,0.0
2025-12-11,0.1,2.9,81.8,,,,,,,,,,0.0,11.1,100.0,0.0
2025-12-12,0.3,3.5,81.9,,,,,,,0.5,3.5,100.0,0.0,9.8,100.0,0.0
2025-12-13,,,,,,,,,,,,,0.0,13.1,100.0,0.0
2025-12-14,,,,0.0,2.6,100.0,,,,,,,0.0,11.6,100.0,0.0
2025-12-15,,,,,,,,,,,,,0.0,14.9,100.0,0.0
2025-12-16,0.2,3.1,80.8,,,,,,,,,,0.0,15.2,100.0,0.0
2025-12-17,0.2,2.2,81.8,,,,,,,,,,0.0,14.8,100.0,0.0
2025-12-18,0.1,2.2,81.9,,,,,,,,,,0.0,13.9,100.0,0.0
2025-12-19,,,,0.2,5.9,100.0,,,,,,,0.0,14.1,100.0,0.0
2025-12-20,,,,,,,,,,3.4,9.7,100.0,0.0,12.4,100.0,0.0
2025-12-21,,,,,,,,,,,,,0.0,14.1,100.0,0.0
2025-12-22,0.2,2.2,80.8,,,,,,,,,,0.0,14.4,100.0,0.0
2025-12-23,0.7,3.2,81.8,,,,,,,,,,0.0,14.8,100.0,0.0
2025-12-24,0.3,3.3,81.9,,,,,,,,,,0.0,15.8,100.0,0.0
2025-12-25,,,,,,,,,,,,,0.0,15.8,100.0,0.0
2025-12-26,,,,,,,,,,,,,0.0,18.2,100.0,0.0
2025-12-27,,,,,,,,,,3.1,10.2,100.0,0.0,18.4,100.0,0.0
2025-12-28,0.8,4.3,80.6,,,,,,,,,,0.0,21.7,100.0,0.0
2025-12-29,0.7,9.1,81.8,0.3,8.6,100.0,,,,,,,0.1,23.5,100.0,0.1
2025-12-30,1.0,10.7,81.9,,,,,,,,,,0.3,26.1,100.0,0.3
2025-12-31,,,,,,,12.0,22.1,100.0,,,,0.5,33.7,100.0,0.5
2026-01-01,,,,,,,,,,,,,2.0,30.5,100.0,2.0
2026-01-02,,,,,,,,,,,,,2.2,33.0,100.0,2.2
2026-01-03,0.5,4.0,94.3,14.2,14.0,100.0,,,,0.1,8.3,100.0,3.2,32.4,100.0,3.2
2026-01-04,0.4,2.4,95.2,,,,,,,,,,5.7,43.3,100.0,5.7
2026-01-05,0.4,2.6,95.2,31.3,31.1,100.0,,,,,,,7.4,44.9,100.0,7.4
2026-01-06,,,,,,,,,,,,,8.0,47.0,100.0,8.0
2026-01-07,,,,,,,,,,7.9,29.4,100.0,12.5,50.6,100.0,12.5
2026-01-08,,,,,,,,,,,,,40.4,59.9,100.0,40.4
2026-01-09,0.7,4.0,94.6,,,,,,,,,,67.0,63.0,100.0,67.0
2026-01-10,0.3,4.0,95.2,,,,,,,,,,81.2,64.7,100.0,81.2
2026-01-11,0.4,4.7,95.2,,,,,,,,,,84.6,65.5,100.0,84.6
2026-01-12,,,,,,,,,,60.7,52.1,100.0,99.6,70.9,100.0,99.6
2026-01-13,,,,91.5,83.6,66.1,,,,,,,98.9,75.0,100.0,98.9
2026-01-14,,,,,,,,,,,,,99.9,75.4,100.0,99.9
2026-01-15,0.3,4.8,94.3,,,,,,,100.0,80.1,100.0,98.0,75.8,100.0,98.0
2026-01-16,0.6,10.9,81.2,,,,,,,,,,100.0,80.3,100.0,100.0
2026-01-17,0.9,17.6,81.1,,,,,,,,,,99.3,82.3,100.0,99.3
2026-01-18,,,,,,,,,,,,,100.0,87.5,100.0,100.0
2026-01-19,,,,,,,,,,100.0,88.7,100.0,99.7,87.9,100.0,99.7
2026-01-20,,,,,,,,,,,,,100.0,88.1,100.0,100.0
2026-01-21,1.8,22.0,80.9,,,,,,,,,,99.7,89.6,100.0,99.7
2026-01-22,37.7,38.9,81.1,,,,,,,100.0,93.5,100.0,99.9,90.3,100.0,99.9
2026-01-23,92.6,62.7,81.1,100.0,99.6,36.7,,,,,,,100.0,91.5,100.0,100.0
2026-01-24,,,,,,,,,,,,,100.0,92.9,100.0,100.0
2026-01-25,,,,,,,,,,,,,100.0,93.9,100.0,100.0
2026-01-26,,,,,,,,,,,,,100.0,96.1,100.0,100.0
2026-01-27,97.9,80.4,80.8,,,,,,,,,,100.0,96.7,100.0,100.0
2026-01-28,97.3,80.9,81.1,,,,,,,100.0,96.8,100.0,100.0,97.3,100.0,100.0
2026-01-29,97.3,81.4,81.0,,,,,,,,,,100.0,98.0,100.0,100.0
2026-01-30,,,,,,,,,,,,,100.0,98.5,100.0,100.0
2026-01-31,,,,,,,,,,100.0,96.5,100.0,100.0,98.4,100.0,100.0
2026-02-01,,,,,,,100.0,100.0,100.0,100.0,94.4,90.0,100.0,99.1,100.0,100.0
2026-02-02,98.4,83.9,80.7,,,,,,,,,,100.0,99.1,100.0,100.0
2026-02-03,97.6,82.6,81.0,,,,,,,,,,100.0,99.2,100.0,100.0
2026-02-04,97.0,82.0,80.9,,,,,,,,,,100.0,99.2,100.0,100.0
2026-02-05,,,,,,,,,,,,,100.0,98.9,100.0,100.0
2026-02-06,,,,,,,,,,,,,100.0,99.0,100.0,100.0
2026-02-07,,,,100.0,100.0,47.5,,,,,,,100.0,99.0,100.0,100.0
2026-02-08,98.1,84.2,80.7,,,,,,,,,,100.0,99.2,100.0,100.0
2026-02-09,98.8,86.2,81.1,,,,,,,99.8,89.6,100.0,100.0,99.0,100.0,100.0
2026-02-10,99.2,88.7,81.1,,,,,,,,,,100.0,98.9,100.0,100.0
2026-02-11,,,,,,,,,,,,,100.0,98.7,100.0,100.0
2026-02-12,,,,,,,,,,,,,100.0,98.6,100.0,100.0
2026-02-13,,,,,,,,,,,,,100.0,98.3,100.0,100.0
2026-02-14,99.7,89.7,80.7,,,,,,,,,,100.0,98.7,100.0,100.0
2026-02-15,99.6,89.2,81.1,,,,,,,,,,100.0,98.3,100.0,100.0
2026-02-16,99.6,89.3,81.0,,,,,,,98.5,77.8,35.8,100.0,98.8,100.0,100.0
2026-02-17,,,,,,,100.0,100.0,45.0,91.3,76.0,63.5,100.0,98.8,100.0,100.0
2026-02-18,,,,,,,,,,,,,100.0,99.1,100.0,100.0
2026-02-19,,,,,,,,,,,,,100.0,99.0,100.0,100.0
2026-02-20,99.8,90.7,80.4,,,,,,,,,,100.0,99.1,100.0,100.0
2026-02-21,99.7,90.5,81.2,,,,,,,72.3,66.0,100.0,100.0,99.1,100.0,100.0
2026-02-22,99.7,89.9,81.1,100.0,99.9,100.0,,,,,,,100.0,99.6,100.0,100.0
2026-02-23,,,,,,,,,,,,,100.0,99.4,100.0,100.0
2026-02-24,,,,,,,,,,43.7,45.0,82.7,100.0,99.4,100.0,100.0
2026-02-25,,,,,,,100.0,100.0,100.0,,,,100.0,99.6,100.0,100.0
2026-02-26,99.6,87.6,80.7,,,,,,,,,,100.0,99.5,100.0,100.0
2026-02-27,99.3,86.9,81.1,100.0,99.8,100.0,,,,,,,100.0,99.5,100.0,100.0
2026-02-28,99.2,86.6,81.0,,,,,,,,,,100.0,99.3,100.0,100.0
2026-03-01,,,,,,,,,,55.1,55.4,93.2,100.0,99.0,100.0,100.0
2026-03-02,,,,,,,,,,,,,100.0,99.1,100.0,100.0
2026-03-03,,,,,,,,,,,,,100.0,98.9,100.0,100.0
2026-03-04,99.5,87.2,80.8,,,,,,,,,,100.0,98.9,100.0,100.0
2026-03-05,99.6,88.8,81.1,,,,,,,,,,100.0,98.7,100.0,100.0
2026-03-06,99.9,91.0,81.1,,,,,,,,,,100.0,98.5,100.0,100.0
2026-03-07,,,,,,,,,,,,,100.0,98.1,100.0,100.0
2026-03-08,,,,,,,,,,67.4,63.0,94.8,100.0,97.7,100.0,100.0
2026-03-09,,,,,,,,,,,,,100.0,97.9,100.0,100.0
2026-03-10,99.9,93.2,80.8,,,,,,,67.7,63.5,100.0,100.0,98.3,100.0,100.0
2026-03-11,99.9,91.8,81.1,,,,,,,,,,100.0,98.8,100.0,100.0
2026-03-12,100.0,92.1,81.2,,,,,,,,,,100.0,98.5,100.0,100.0
2026-03-13,,,,,,,100.0,99.8,99.5,,,,100.0,98.8,100.0,100.0
2026-03-14,,,,,,,,,,,,,100.0,98.3,100.0,100.0
2026-03-15,,,,,,,,,,,,,100.0,98.8,100.0,100.0
2026-03-16,100.0,92.8,80.6,100.0,99.9,100.0,,,,,,,100.0,98.8,100.0,100.0
2026-03-17,100.0,95.6,81.1,,,,,,,88.1,73.5,100.0,100.0,98.8,100.0,100.0
2026-03-18,100.0,96.9,81.1,,,,,,,,,,100.0,98.6,100.0,100.0
2026-03-19,,,,100.0,99.9,100.0,,,,,,,100.0,99.2,100.0,100.0
2026-03-20,,,,,,,,,,89.0,72.3,100.0,100.0,98.7,100.0,100.0
2026-03-21,,,,,,,100.0,99.8,40.6,,,,100.0,99.0,100.0,100.0
2026-03-22,100.0,98.4,80.8,,,,,,,,,,100.0,98.7,100.0,100.0
2026-03-23,100.0,98.5,81.1,,,,,,,,,,100.0,99.0,100.0,100.0
2026-03-24,100.0,98.9,81.1,,,,,,,91.9,77.1,100.0,100.0,98.9,100.0,100.0
2026-03-25,,,,,,,,,,98.5,85.3,64.8,100.0,98.9,100.0,100.0
2026-03-26,,,,100.0,99.9,71.7,,,,,,,100.0,98.9,100.0,100.0
2026-03-27,,,,,,,,,,,,,100.0,98.8,100.0,100.0
2026-03-28,100.0,99.1,80.0,,,,,,,,,,100.0,98.9,100.0,100.0
2026-03-29,100.0,99.2,80.8,,,,,,,,,,100.0,98.9,100.0,100.0
2026-03-30,100.0,99.0,80.6,,,,,,,,,,100.0,98.9,100.0,100.0
2026-03-31,,,,,,,,,,,,,100.0,98.7,100.0,100.0
2026-04-01,,,,,,,,,,99.5,93.4,85.6,100.0,98.7,100.0,100.0
2026-04-02,,,,,,,,,,100.0,95.1,100.0,100.0,98.4,100.0,100.0
2026-04-03,100.0,99.0,79.3,100.0,99.8,100.0,,,,,,,100.0,99.0,100.0,100.0
2026-04-04,100.0,98.3,80.8,,,,,,,,,,100.0,98.5,100.0,100.0
2026-04-05,100.0,98.0,81.2,100.0,98.2,100.0,,,,99.9,93.5,100.0,100.0,98.7,100.0,100.0
2026-04-06,,,,,,,100.0,98.4,73.1,98.2,83.3,100.0,100.0,98.1,100.0,100.0
2026-04-07,,,,,,,,,,,,,100.0,98.1,100.0,100.0
2026-04-08,,,,100.0,96.1,100.0,,,,,,,100.0,97.8,100.0,100.0
2026-04-09,100.0,97.1,81.0,,,,,,,83.4,66.3,100.0,100.0,97.1,100.0,100.0
2026-04-10,100.0,94.9,81.2,,,,,,,,,,100.0,96.3,100.0,100.0
2026-04-11,99.2,88.9,81.2,,,,,,,,,,100.0,95.9,100.0,100.0
2026-04-12,,,,,,,,,,,,,100.0,94.2,100.0,100.0
2026-04-13,,,,,,,,,,,,,100.0,92.8,100.0,100.0
2026-04-14,,,,,,,100.0,96.8,99.8,46.5,49.0,100.0,100.0,92.8,100.0,100.0
2026-04-15,96.0,77.4,81.1,98.4,89.6,97.5,,,,,,,100.0,90.7,100.0,100.0
2026-04-16,45.4,39.3,81.2,,,,,,,,,,100.0,87.3,100.0,100.0
2026-04-17,9.1,25.1,81.2,,,,,,,22.6,28.8,100.0,99.8,82.9,100.0,99.8
2026-04-18,0.0,6.1,81.1,44.1,44.2,100.0,,,,16.7,19.9,100.0,99.3,80.4,100.0,99.3
2026-04-19,,,,,,,,,,,,,94.0,71.6,100.0,94.0
2026-04-20,,,,,,,,,,,,,58.6,62.2,100.0,58.6
2026-04-21,0.0,2.6,81.0,,,,,,,,,,19.3,51.6,100.0,19.3
2026-04-22,0.0,1.0,81.2,,,,,,,,,,16.6,46.7,100.0,16.6
2026-04-23,0.0,0.8,81.0,0.0,2.9,100.0,,,,,,,10.0,34.1,100.0,10.0
2026-04-24,,,,,,,,,,,,,7.7,26.9,100.0,7.7
2026-04-25,,,,0.0,0.8,100.0,,,,,,,4.9,21.5,100.0,4.9
2026-04-26,,,,,,,,,,1.2,8.6,100.0,4.3,18.0,100.0,4.3
2026-04-27,0.0,1.0,81.0,,,,,,,,,,1.7,15.9,100.0,1.7
2026-04-28,0.0,1.6,81.2,,,,,,,,,,0.3,12.7,100.0,0.3
2026-04-29,0.0,1.2,81.2,,,,,,,,,,0.0,11.4,100.0,0.0
2026-04-30,0.0,0.8,81.2,,,,,,,0.3,5.6,100.0,0.0,8.0,100.0,0.0
2026-05-01,,,,,,,,,,,,,0.0,7.8,100.0,0.0
2026-05-02,,,,,,,,,,,,,0.0,6.7,100.0,0.0
2026-05-03,0.0,1.0,81.1,,,,,,,,,,0.0,7.5,100.0,0.0
2026-05-04,0.1,1.2,98.2,,,,,,,,,,0.0,7.1,100.0,0.0
2026-05-05,0.1,0.9,98.2,,,,,,,,,,0.0,8.3,100.0,0.0
2026-05-06,,,,,,,,,,,,,0.0,8.1,100.0,0.0
2026-05-07,,,,,,,,,,,,,0.0,6.8,100.0,0.0
2026-05-08,,,,,,,,,,,,,0.0,5.3,100.0,0.0
2026-05-09,0.1,1.0,97.2,,,,,,,,,,0.0,5.9,100.0,0.0
2026-05-10,,,,,,,,,,,,,0.0,5.8,100.0,0.0
2026-05-11,0.0,1.0,98.2,,,,,,,,,,0.0,5.1,100.0,0.0
2026-05-12,0.0,0.8,98.1,,,,,,,,,,0.0,5.2,100.0,0.0
2026-05-13,,,,0.0,0.2,80.7,,,,,,,0.0,7.3,100.0,0.0
2026-05-14,,,,,,,,,,,,,0.0,8.2,100.0,0.0
2026-05-15,0.0,0.7,97.7,0.0,0.3,79.1,,,,,,,0.0,6.0,100.0,0.0
2026-05-16,0.0,0.8,98.2,,,,,,,,,,0.0,5.5,100.0,0.0
2026-05-17,0.0,1.1,98.1,,,,,,,,,,0.0,4.8,100.0,0.0
2026-05-18,,,,,,,,,,,,,0.0,5.6,100.0,0.0
2026-05-19,,,,,,,,,,0.0,0.7,100.0,0.0,3.9,100.0,0.0
2026-05-20,,,,,,,,,,,,,0.0,4.5,100.0,0.0
2026-05-21,0.0,0.8,97.2,,,,,,,,,,0.0,3.7,100.0,0.0
2026-05-22,0.0,0.7,98.2,,,,,,,,,,0.0,3.5,100.0,0.0
2026-05-23,0.0,0.6,98.2,0.0,0.2,100.0,,,,0.0,0.3,100.0,0.0,2.6,100.0,0.0
2026-05-24,0.0,0.6,97.9,,,,0.2,0.6,37.1,,,,0.0,3.7,100.0,0.0
2026-05-25,,,,0.0,0.2,99.3,,,,,,,0.0,3.3,100.0,0.0
2026-05-26,,,,,,,,,,,,,0.0,3.2,100.0,0.0
2026-05-27,0.0,0.5,97.1,,,,,,,0.0,0.1,92.6,0.0,2.7,100.0,0.0
2026-05-28,0.0,0.6,98.1,0.0,0.2,100.0,,,,,,,0.0,6.8,100.0,0.0
2026-05-29,0.0,0.7,97.9,,,,,,,,,,0.0,6.2,100.0,0.0
2026-05-30,,,,,,,,,,,,,0.0,6.5,100.0,0.0
2026-05-31,,,,,,,,,,,,,0.0,8.6,100.0,0.0
2026-06-01,,,,,,,,,,,,,,,,
2026-06-02,0.0,0.7,97.1,,,,,,,,,,,,,
2026-06-03,0.0,0.8,98.2,,,,,,,0.0,0.1,49.1,,,,
2026-06-04,0.0,1.1,98.2,0.0,0.1,81.4,,,,,,,,,,
2026-06-05,,,,,,,,,,,,,,,,
2026-06-06,,,,,,,,,,,,,,,,
2026-06-07,,,,0.0,0.1,94.4,,,,,,,,,,
2026-06-08,0.0,0.8,97.2,,,,,,,0.0,0.0,100.0,,,,
2026-06-09,0.0,0.7,98.2,,,,,,,,,,,,,
2026-06-10,0.0,0.6,98.2,,,,,,,,,,,,,
2026-06-11,,,,,,,,,,0.0,0.0,100.0,,,,
2026-06-12,,,,0.0,0.1,100.0,,,,0.0,0.0,100.0,,,,
2026-06-13,,,,,,,,,,,,,,,,
2026-06-14,0.0,0.8,97.0,0.0,0.1,100.0,,,,,,,,,,
2026-06-15,,,,,,,,,,0.0,0.0,100.0,,,,
2026-06-16,0.0,0.8,98.1,,,,,,,0.0,0.0,100.0,,,,
2026-06-17,0.0,1.4,98.1,0.0,0.2,91.3,,,,,,,,,,
2026-06-18,,,,,,,,,,,,,,,,
2026-06-19,,,,,,,,,,0.0,0.0,100.0,,,,
2026-06-20,,,,,,,,,,0.0,0.0,100.0,,,,
2026-06-21,0.0,2.0,98.7,,,,,,,,,,,,,
2026-06-22,0.0,0.7,78.7,0.0,0.1,99.2,,,,,,,,,,
2026-06-23,,,,,,,,,,,,,,,,
2026-06-24,,,,,,,,,,,,,,,,
2026-06-25,,,,,,,0.0,0.2,94.1,,,,,,,
2026-06-26,0.0,0.6,78.3,,,,,,,,,,,,,
2026-06-27,0.0,2.7,78.3,0.0,0.4,100.0,,,,0.0,0.0,100.0,,,,
2026-06-28,0.0,3.6,78.6,,,,,,,0.0,0.0,100.0,,,,
2026-06-29,,,,,,,,,,,,,,,,
2026-06-30,,,,,,,,,,,,,,,,
2026-07-01,,,,,,,,,,,,,,,,
2026-07-02,,,,,,,,,,,,,,,,
2026-07-03,,,,,,,,,,,,,,,,
2026-07-04,,,,,,,,,,,,,,,,
2026-07-05,,,,,,,,,,0.0,0.1,100.0,,,,
2026-07-06,,,,,,,,,,,,,,,,
2026-07-07,,,,,,,,,,,,,,,,
2026-07-08,,,,,,,,,,,,,,,,
2026-07-09,,,,,,,,,,0.0,1.2,100.0,,,,
2026-07-10,,,,,,,,,,,,,,,,
2026-07-11,,,,,,,,,,,,,,,,
2026-07-12,,,,,,,,,,,,,,,,
2026-07-13,,,,,,,,,,,,,,,,
2026-07-14,,,,,,,,,,,,,,,,
2026-07-15,,,,,,,,,,,,,,,,
2026-07-16,,,,,,,,,,0.0,5.1,70.1,,,,
