date,s1_ice_cover,s1_ice_probability,s1_data_coverage,s2_ice_cover,s2_ice_probability,s2_data_coverage,landsat_ice_cover,landsat_ice_probability,landsat_data_coverage,ecostress_ice_cover,ecostress_ice_probability,ecostress_data_coverage,stage2_ice_cover,stage2_ice_probability,stage2_data_coverage,stage2_phenology_cover
2015-06-27,51.6,43.5,97.3,0.0,1.2,79.6,,,,,,,0.0,15.1,100.0,0.0
2015-06-28,,,,,,,,,,,,,0.0,12.3,100.0,0.0
2015-06-29,,,,,,,,,,,,,0.0,10.6,100.0,0.0
2015-06-30,,,,,,,,,,,,,0.0,8.6,100.0,0.0
2015-07-01,,,,,,,,,,,,,0.0,3.7,100.0,0.0
2015-07-02,,,,,,,,,,,,,0.0,3.3,100.0,0.0
2015-07-03,,,,,,,,,,,,,0.0,3.2,100.0,0.0
2015-07-04,34.7,39.4,94.2,,,,,,,,,,0.0,3.0,100.0,0.0
2015-07-05,,,,,,,,,,,,,0.0,2.3,100.0,0.0
2015-07-06,,,,,,,,,,,,,0.0,2.4,100.0,0.0
2015-07-07,,,,,,,,,,,,,0.0,2.2,100.0,0.0
2015-07-08,,,,,,,,,,,,,0.0,2.1,100.0,0.0
2015-07-09,51.8,44.0,96.8,,,,,,,,,,0.0,1.6,100.0,0.0
2015-07-10,,,,,,,,,,,,,0.0,1.6,100.0,0.0
2015-07-11,,,,,,,,,,,,,0.0,1.5,100.0,0.0
2015-07-12,,,,,,,,,,,,,0.0,1.6,100.0,0.0
2015-07-13,,,,,,,,,,,,,0.0,1.7,100.0,0.0
2015-07-14,,,,,,,,,,,,,0.0,1.7,100.0,0.0
2015-07-15,,,,,,,0.0,0.1,71.6,,,,0.0,1.6,100.0,0.0
2015-07-16,30.2,37.6,94.1,,,,,,,,,,0.0,1.5,100.0,0.0
2015-07-17,,,,,,,,,,,,,0.0,1.1,100.0,0.0
2015-07-18,,,,,,,,,,,,,0.0,1.1,100.0,0.0
2015-07-19,,,,,,,,,,,,,0.0,1.1,100.0,0.0
2015-07-20,49.3,43.1,96.6,,,,,,,,,,0.0,1.1,100.0,0.0
2015-07-21,26.4,35.4,96.7,,,,,,,,,,0.0,1.0,100.0,0.0
2015-07-22,,,,,,,,,,,,,0.0,1.0,100.0,0.0
2015-07-23,,,,,,,,,,,,,0.0,0.8,100.0,0.0
2015-07-24,,,,,,,,,,,,,0.0,0.7,100.0,0.0
2015-07-25,,,,,,,,,,,,,0.0,0.6,100.0,0.0
2015-07-26,,,,,,,,,,,,,0.0,0.7,100.0,0.0
2015-07-27,,,,,,,,,,,,,0.0,0.7,100.0,0.0
2015-07-28,16.7,31.9,96.3,,,,,,,,,,0.0,0.6,100.0,0.0
2015-07-29,,,,,,,,,,,,,0.0,0.6,100.0,0.0
2015-07-30,,,,,,,,,,,,,0.0,0.6,100.0,0.0
2015-07-31,,,,,,,0.0,0.0,90.4,,,,0.0,0.5,100.0,0.0
2015-08-01,,,,,,,,,,,,,0.0,0.3,100.0,0.0
2015-08-02,6.5,24.8,97.3,,,,,,,,,,0.0,0.3,100.0,0.0
2015-08-03,,,,,,,,,,,,,0.0,0.3,100.0,0.0
2015-08-04,,,,,,,,,,,,,0.0,0.2,100.0,0.0
2015-08-05,,,,,,,,,,,,,0.0,0.2,100.0,0.0
2015-08-06,2.7,22.7,90.2,0.0,0.3,100.0,,,,,,,0.0,0.2,100.0,0.0
2015-08-07,,,,,,,0.0,0.0,74.6,,,,0.0,0.1,100.0,0.0
2015-08-08,,,,,,,,,,,,,0.0,0.2,100.0,0.0
2015-08-09,,,,,,,,,,,,,0.0,0.1,100.0,0.0
2015-08-10,,,,,,,,,,,,,0.0,0.1,100.0,0.0
2015-08-11,,,,,,,,,,,,,0.0,0.2,100.0,0.0
2015-08-12,,,,,,,,,,,,,0.0,0.2,100.0,0.0
2015-08-13,,,,,,,,,,,,,0.0,0.2,100.0,0.0
2015-08-14,8.2,26.3,97.7,,,,,,,,,,0.0,0.3,100.0,0.0
2015-08-15,,,,,,,,,,,,,0.0,0.5,100.0,0.0
2015-08-16,,,,,,,,,,,,,0.0,0.8,100.0,0.0
2015-08-17,,,,,,,,,,,,,0.0,0.8,100.0,0.0
2015-08-18,3.5,21.6,90.4,,,,,,,,,,0.0,1.0,100.0,0.0
2015-08-19,,,,,,,,,,,,,0.0,1.3,100.0,0.0
2015-08-20,,,,,,,,,,,,,0.0,1.4,100.0,0.0
2015-08-21,,,,,,,,,,,,,0.0,1.1,100.0,0.0
2015-08-22,,,,,,,,,,,,,0.0,1.2,100.0,0.0
2015-08-23,,,,,,,,,,,,,0.0,1.7,100.0,0.0
2015-08-24,,,,,,,,,,,,,0.0,1.7,100.0,0.0
2015-08-25,,,,,,,,,,,,,0.0,1.2,100.0,0.0
2015-08-26,4.2,24.1,97.5,0.0,0.0,100.0,,,,,,,0.0,1.0,100.0,0.0
2015-08-27,,,,,,,,,,,,,0.0,1.0,100.0,0.0
2015-08-28,,,,,,,,,,,,,0.0,0.9,100.0,0.0
2015-08-29,,,,,,,,,,,,,0.0,0.6,100.0,0.0
2015-08-30,4.0,18.5,90.4,,,,,,,,,,0.0,0.6,100.0,0.0
2015-08-31,,,,,,,,,,,,,0.0,0.7,100.0,0.0
2015-09-01,,,,,,,,,,,,,0.0,0.7,100.0,0.0
2015-09-02,,,,,,,,,,,,,0.0,0.8,100.0,0.0
2015-09-03,,,,,,,,,,,,,0.0,1.2,100.0,0.0
2015-09-04,,,,,,,,,,,,,0.0,1.6,100.0,0.0
2015-09-05,,,,,,,,,,,,,0.0,1.9,100.0,0.0
2015-09-06,,,,,,,,,,,,,0.0,2.6,100.0,0.0
2015-09-07,23.2,31.1,98.8,,,,,,,,,,0.0,3.5,100.0,0.0
2015-09-08,,,,,,,,,,,,,0.0,3.7,100.0,0.0
2015-09-09,,,,,,,,,,,,,0.0,3.8,100.0,0.0
2015-09-10,,,,,,,,,,,,,0.0,4.1,100.0,0.0
2015-09-11,54.6,37.6,93.1,,,,,,,,,,0.0,5.0,100.0,0.0
2015-09-12,,,,,,,,,,,,,0.0,4.2,100.0,0.0
2015-09-13,,,,,,,,,,,,,0.0,4.4,100.0,0.0
2015-09-14,,,,,,,,,,,,,0.0,4.2,100.0,0.0
2015-09-15,,,,,,,,,,,,,0.0,5.4,100.0,0.0
2015-09-16,,,,,,,,,,,,,0.0,4.7,100.0,0.0
2015-09-17,,,,,,,,,,,,,0.0,5.1,100.0,0.0
2015-09-18,,,,,,,,,,,,,0.0,4.9,100.0,0.0
2015-09-19,52.7,42.1,98.4,,,,,,,,,,0.0,5.3,100.0,0.0
2015-09-20,,,,,,,,,,,,,0.0,4.1,100.0,0.0
2015-09-21,,,,,,,,,,,,,0.0,4.1,100.0,0.0
2015-09-22,,,,,,,,,,,,,0.0,4.5,100.0,0.0
2015-09-23,0.0,8.4,39.1,,,,,,,,,,0.0,5.2,100.0,0.0
2015-09-24,,,,,,,,,,,,,0.0,5.4,100.0,0.0
2015-09-25,,,,0.0,0.2,100.0,,,,,,,0.0,5.5,100.0,0.0
2015-09-26,,,,,,,,,,,,,0.0,3.9,100.0,0.0
2015-09-27,,,,,,,,,,,,,0.0,4.4,100.0,0.0
2015-09-28,,,,,,,,,,,,,0.0,4.0,100.0,0.0
2015-09-29,,,,,,,,,,,,,0.0,4.0,100.0,0.0
2015-09-30,,,,,,,,,,,,,0.0,3.5,100.0,0.0
2015-10-01,0.0,8.7,43.9,,,,,,,,,,0.0,3.5,100.0,0.0
2015-10-02,,,,,,,,,,,,,0.0,2.7,100.0,0.0
2015-10-03,,,,,,,,,,,,,0.0,2.9,100.0,0.0
2015-10-04,,,,,,,,,,,,,0.0,2.4,100.0,0.0
2015-10-05,0.0,6.7,38.6,,,,,,,,,,0.0,2.2,100.0,0.0
2015-10-06,,,,,,,,,,,,,0.0,1.7,100.0,0.0
2015-10-07,,,,,,,,,,,,,0.0,1.7,100.0,0.0
2015-10-08,,,,,,,,,,,,,0.0,1.6,100.0,0.0
2015-10-09,,,,,,,,,,,,,0.0,1.6,100.0,0.0
2015-10-10,,,,,,,0.0,0.0,73.1,,,,0.0,1.5,100.0,0.0
2015-10-11,,,,,,,,,,,,,0.0,1.9,100.0,0.0
2015-10-12,,,,,,,,,,,,,0.0,1.9,100.0,0.0
2015-10-13,0.0,6.6,43.6,,,,,,,,,,0.0,1.9,100.0,0.0
2015-10-14,,,,,,,,,,,,,0.0,2.1,100.0,0.0
2015-10-15,,,,,,,,,,,,,0.0,2.2,100.0,0.0
2015-10-16,,,,,,,,,,,,,0.0,2.3,100.0,0.0
2015-10-17,0.0,4.2,38.1,,,,,,,,,,0.0,2.3,100.0,0.0
2015-10-18,,,,,,,,,,,,,0.0,2.9,100.0,0.0
2015-10-19,,,,,,,,,,,,,0.0,2.9,100.0,0.0
2015-10-20,0.0,3.8,44.6,,,,,,,,,,0.0,3.0,100.0,0.0
2015-10-21,,,,,,,,,,,,,0.0,2.9,100.0,0.0
2015-10-22,,,,,,,,,,,,,0.0,3.6,100.0,0.0
2015-10-23,,,,,,,,,,,,,0.0,3.6,100.0,0.0
2015-10-24,0.0,3.7,44.6,,,,,,,,,,0.0,3.6,100.0,0.0
2015-10-25,0.0,3.1,44.6,,,,,,,,,,0.0,3.4,100.0,0.0
2015-10-26,,,,,,,,,,,,,0.0,4.8,100.0,0.0
2015-10-27,,,,,,,,,,,,,0.0,5.1,100.0,0.0
2015-10-28,,,,,,,,,,,,,0.0,4.3,100.0,0.0
2015-10-29,0.0,3.9,37.9,,,,,,,,,,0.0,4.4,100.0,0.0
2015-10-30,,,,,,,,,,,,,0.0,4.8,100.0,0.0
2015-10-31,,,,,,,,,,,,,0.0,3.9,100.0,0.0
2015-11-01,0.0,4.2,44.6,,,,,,,,,,0.0,3.7,100.0,0.0
2015-11-02,,,,,,,,,,,,,0.0,4.2,100.0,0.0
2015-11-03,,,,,,,,,,,,,0.0,4.5,100.0,0.0
2015-11-04,,,,,,,,,,,,,0.0,4.4,100.0,0.0
2015-11-05,0.0,4.9,44.5,,,,,,,,,,0.0,3.6,100.0,0.0
2015-11-06,0.0,2.5,44.5,,,,,,,,,,0.0,3.5,100.0,0.0
2015-11-07,,,,,,,,,,,,,0.0,3.7,100.0,0.0
2015-11-08,,,,,,,,,,,,,0.0,3.1,100.0,0.0
2015-11-09,,,,,,,,,,,,,0.0,2.9,100.0,0.0
2015-11-10,0.0,2.6,39.1,,,,,,,,,,0.0,3.0,100.0,0.0
2015-11-11,,,,,,,0.0,0.1,68.9,,,,0.0,3.7,100.0,0.0
2015-11-12,,,,,,,,,,,,,0.0,4.0,100.0,0.0
2015-11-13,,,,,,,,,,,,,0.0,3.3,100.0,0.0
2015-11-14,,,,0.5,0.7,100.0,,,,,,,0.0,3.3,100.0,0.0
2015-11-15,,,,,,,,,,,,,0.0,4.2,100.0,0.0
2015-11-16,,,,,,,,,,,,,0.0,3.6,100.0,0.0
2015-11-17,0.0,2.7,44.5,,,,,,,,,,0.0,3.4,100.0,0.0
2015-11-18,0.0,2.7,44.6,,,,,,,,,,0.0,3.7,100.0,0.0
2015-11-19,,,,,,,,,,,,,0.0,5.2,100.0,0.0
2015-11-20,,,,,,,,,,,,,0.0,4.7,100.0,0.0
2015-11-21,,,,,,,,,,,,,0.0,4.1,100.0,0.0
2015-11-22,0.0,1.5,27.4,,,,,,,,,,0.0,4.4,100.0,0.0
2015-11-23,,,,,,,,,,,,,0.0,5.2,100.0,0.0
2015-11-24,,,,1.2,3.0,100.0,,,,,,,0.0,4.2,100.0,0.0
2015-11-25,0.0,2.2,44.6,,,,,,,,,,0.0,4.0,100.0,0.0
2015-11-26,,,,,,,,,,,,,0.0,4.1,100.0,0.0
2015-11-27,,,,,,,0.0,0.5,100.0,,,,0.0,4.7,100.0,0.0
2015-11-28,,,,,,,,,,,,,0.0,4.4,100.0,0.0
2015-11-29,0.0,2.7,41.2,,,,,,,,,,0.0,4.0,100.0,0.0
2015-11-30,0.0,3.2,44.5,,,,,,,,,,0.0,4.0,100.0,0.0
2015-12-01,,,,,,,,,,,,,0.0,5.2,100.0,0.0
2015-12-02,,,,,,,,,,,,,0.0,5.2,100.0,0.0
2015-12-03,,,,,,,,,,,,,0.0,4.6,100.0,0.0
2015-12-04,0.2,4.0,38.6,11.8,19.6,100.0,,,,,,,0.0,5.2,100.0,0.0
2015-12-05,,,,,,,,,,,,,0.0,5.2,100.0,0.0
2015-12-06,,,,,,,3.5,4.0,100.0,,,,0.4,6.2,100.0,0.4
2015-12-07,0.8,6.6,44.5,,,,,,,,,,0.3,5.7,100.0,0.3
2015-12-08,,,,,,,,,,,,,1.1,5.3,100.0,1.1
2015-12-09,,,,,,,,,,,,,1.0,5.3,100.0,1.0
2015-12-10,,,,,,,,,,,,,1.4,7.2,100.0,1.4
2015-12-11,,,,,,,,,,,,,1.4,7.0,100.0,1.4
2015-12-12,1.5,7.0,44.6,,,,,,,,,,1.5,7.0,100.0,1.5
2015-12-13,,,,,,,,,,,,,1.4,7.5,100.0,1.4
2015-12-14,,,,,,,,,,,,,1.6,9.3,100.0,1.6
2015-12-15,,,,,,,,,,,,,1.5,10.7,100.0,1.5
2015-12-16,5.0,14.0,39.6,,,,,,,,,,1.9,9.2,100.0,1.9
2015-12-17,,,,,,,,,,,,,1.6,9.4,100.0,1.6
2015-12-18,,,,,,,,,,,,,2.0,9.1,100.0,2.0
2015-12-19,10.5,20.6,44.5,,,,,,,,,,2.1,9.9,100.0,2.1
2015-12-20,,,,,,,,,,,,,2.1,9.2,100.0,2.1
2015-12-21,,,,,,,,,,,,,2.5,10.6,100.0,2.5
2015-12-22,,,,,,,6.8,8.9,100.0,,,,2.9,11.4,100.0,2.9
2015-12-23,17.6,28.9,41.4,,,,,,,,,,3.3,13.3,100.0,3.3
2015-12-24,32.7,38.0,44.3,73.6,64.3,94.9,,,,,,,3.2,14.1,100.0,3.2
2015-12-25,,,,,,,,,,,,,3.4,15.2,100.0,3.4
2015-12-26,,,,,,,,,,,,,3.4,16.7,100.0,3.4
2015-12-27,,,,,,,,,,,,,4.1,17.1,100.0,4.1
2015-12-28,85.2,67.2,72.9,,,,,,,,,,4.4,21.8,100.0,4.4
2015-12-29,,,,,,,20.9,20.6,95.6,,,,6.0,23.2,100.0,6.0
2015-12-30,,,,,,,,,,,,,8.7,28.3,100.0,8.7
2015-12-31,,,,,,,,,,,,,8.8,28.2,100.0,8.8
2016-01-01,,,,,,,,,,,,,21.4,31.0,100.0,21.4
2016-01-02,,,,,,,,,,,,,20.9,31.0,100.0,20.9
2016-01-03,,,,100.0,99.5,100.0,,,,,,,22.1,36.3,100.0,22.1
2016-01-04,84.3,62.4,62.1,,,,,,,,,,19.8,28.5,100.0,19.8
2016-01-05,,,,,,,,,,,,,20.5,27.9,100.0,20.5
2016-01-06,,,,,,,,,,,,,18.9,27.0,100.0,18.9
2016-01-07,,,,,,,,,,,,,19.8,28.7,100.0,19.8
2016-01-08,,,,,,,,,,,,,17.4,26.8,100.0,17.4
2016-01-09,75.8,63.0,61.1,,,,,,,,,,18.7,29.1,100.0,18.7
2016-01-10,,,,,,,,,,,,,16.8,28.3,100.0,16.8
2016-01-11,,,,,,,,,,,,,15.6,26.5,100.0,15.6
2016-01-12,100.0,79.4,68.3,,,,,,,,,,14.2,26.0,100.0,14.2
2016-01-13,,,,,,,,,,,,,13.0,25.7,100.0,13.0
2016-01-14,,,,,,,,,,,,,11.4,28.0,100.0,11.4
2016-01-15,,,,,,,,,,,,,11.1,27.4,100.0,11.1
2016-01-16,100.0,80.9,62.1,,,,,,,,,,15.6,35.3,100.0,15.6
2016-01-17,100.0,83.0,41.9,,,,,,,,,,17.0,37.5,100.0,17.0
2016-01-18,,,,,,,,,,,,,20.6,43.7,100.0,20.6
2016-01-19,,,,,,,,,,,,,19.0,43.1,100.0,19.0
2016-01-20,,,,,,,,,,,,,27.9,50.8,100.0,27.9
2016-01-21,100.0,83.9,59.4,,,,,,,,,,46.8,57.3,100.0,46.8
2016-01-22,,,,,,,,,,,,,65.0,62.9,100.0,65.0
2016-01-23,,,,,,,,,,,,,66.4,65.1,100.0,66.4
2016-01-24,100.0,94.2,42.2,,,,,,,,,,79.4,72.8,100.0,79.4
2016-01-25,,,,,,,,,,,,,81.4,73.7,100.0,81.4
2016-01-26,,,,,,,,,,,,,98.1,77.2,100.0,98.1
2016-01-27,,,,,,,,,,,,,96.8,78.8,100.0,96.8
2016-01-28,100.0,94.9,59.9,,,,,,,,,,99.6,83.1,100.0,99.6
2016-01-29,100.0,97.0,42.8,,,,,,,,,,98.8,85.4,100.0,98.8
2016-01-30,,,,,,,100.0,99.6,100.0,,,,99.9,88.6,100.0,99.9
2016-01-31,,,,,,,,,,,,,99.6,86.8,100.0,99.6
2016-02-01,,,,,,,,,,,,,99.9,89.6,100.0,99.9
2016-02-02,100.0,95.9,61.1,,,,,,,,,,99.9,89.5,100.0,99.9
2016-02-03,,,,,,,,,,,,,99.9,89.8,100.0,99.9
2016-02-04,,,,,,,,,,,,,99.9,90.0,100.0,99.9
2016-02-05,100.0,99.1,44.0,,,,,,,,,,100.0,92.1,100.0,100.0
2016-02-06,,,,,,,,,,,,,100.0,93.0,100.0,100.0
2016-02-07,,,,,,,,,,,,,100.0,93.3,100.0,100.0
2016-02-08,,,,,,,,,,,,,100.0,93.8,100.0,100.0
2016-02-09,100.0,98.5,57.4,,,,,,,,,,100.0,94.3,100.0,100.0
2016-02-10,100.0,99.1,45.1,,,,,,,,,,100.0,94.8,100.0,100.0
2016-02-11,,,,,,,,,,,,,100.0,94.5,100.0,100.0
2016-02-12,,,,100.0,99.8,100.0,,,,,,,100.0,95.9,100.0,100.0
2016-02-13,,,,,,,,,,,,,100.0,94.7,100.0,100.0
2016-02-14,100.0,98.2,57.5,,,,,,,,,,100.0,94.7,100.0,100.0
2016-02-15,,,,,,,,,,,,,100.0,94.1,100.0,100.0
2016-02-16,,,,,,,,,,,,,100.0,94.5,100.0,100.0
2016-02-17,100.0,99.5,45.6,,,,,,,,,,100.0,93.2,100.0,100.0
2016-02-18,,,,,,,,,,,,,100.0,94.4,100.0,100.0
2016-02-19,,,,,,,,,,,,,100.0,92.7,100.0,100.0
2016-02-20,,,,,,,,,,,,,100.0,93.0,100.0,100.0
2016-02-21,100.0,99.4,62.1,,,,,,,,,,100.0,92.8,100.0,100.0
2016-02-22,,,,,,,,,,,,,100.0,93.3,100.0,100.0
2016-02-23,,,,,,,,,,,,,100.0,91.6,100.0,100.0
2016-02-24,,,,,,,100.0,100.0,100.0,,,,100.0,94.7,100.0,100.0
2016-02-25,,,,,,,,,,,,,100.0,92.5,100.0,100.0
2016-02-26,100.0,99.1,36.7,,,,,,,,,,100.0,94.2,100.0,100.0
2016-02-27,,,,,,,,,,,,,100.0,92.4,100.0,100.0
2016-02-28,,,,,,,,,,,,,100.0,90.2,100.0,100.0
2016-02-29,100.0,99.3,66.5,,,,,,,,,,100.0,88.2,100.0,100.0
2016-03-01,,,,,,,,,,,,,100.0,86.9,100.0,100.0
2016-03-02,,,,,,,,,,,,,100.0,84.0,100.0,100.0
2016-03-03,,,,,,,,,,,,,100.0,80.4,100.0,100.0
2016-03-04,100.0,99.4,42.2,,,,,,,,,,100.0,76.7,100.0,100.0
2016-03-05,100.0,99.2,67.1,,,,,,,,,,100.0,80.1,100.0,100.0
2016-03-06,,,,,,,,,,,,,100.0,76.6,100.0,100.0
2016-03-07,,,,,,,,,,,,,100.0,78.7,100.0,100.0
2016-03-08,,,,,,,,,,,,,100.0,79.7,100.0,100.0
2016-03-09,100.0,98.9,33.0,,,,,,,,,,100.0,83.7,100.0,100.0
2016-03-10,,,,,,,,,,,,,100.0,82.0,100.0,100.0
2016-03-11,,,,,,,100.0,100.0,100.0,,,,100.0,88.1,100.0,100.0
2016-03-12,100.0,99.1,67.3,,,,,,,,,,100.0,84.6,100.0,100.0
2016-03-13,,,,,,,,,,,,,100.0,85.9,100.0,100.0
2016-03-14,,,,,,,,,,,,,100.0,83.8,100.0,100.0
2016-03-15,,,,,,,,,,,,,100.0,84.5,100.0,100.0
2016-03-16,100.0,99.0,38.9,,,,,,,,,,100.0,84.1,100.0,100.0
2016-03-17,100.0,98.7,68.4,,,,,,,,,,100.0,84.6,100.0,100.0
2016-03-18,,,,,,,100.0,100.0,100.0,,,,100.0,85.5,100.0,100.0
2016-03-19,,,,,,,,,,,,,100.0,82.7,100.0,100.0
2016-03-20,,,,,,,,,,,,,100.0,81.5,100.0,100.0
2016-03-21,,,,,,,,,,,,,100.0,79.1,100.0,100.0
2016-03-22,,,,,,,,,,,,,100.0,75.9,100.0,100.0
2016-03-23,,,,,,,,,,,,,100.0,74.1,100.0,100.0
2016-03-24,100.0,98.3,42.8,,,,,,,,,,100.0,75.1,100.0,100.0
2016-03-25,,,,,,,,,,,,,100.0,75.8,100.0,100.0
2016-03-26,,,,,,,,,,,,,99.6,76.0,100.0,99.6
2016-03-27,,,,,,,100.0,99.9,100.0,,,,100.0,81.1,100.0,100.0
2016-03-28,100.0,97.3,67.0,,,,,,,,,,98.5,78.9,100.0,98.5
2016-03-29,100.0,97.1,45.6,,,,,,,,,,95.0,80.1,100.0,95.0
2016-03-30,,,,,,,,,,,,,93.1,79.0,100.0,93.1
2016-03-31,,,,,,,,,,,,,78.8,77.0,100.0,78.8
2016-04-01,,,,,,,,,,,,,85.4,77.8,100.0,85.4
2016-04-02,100.0,93.1,64.6,,,,,,,,,,71.7,75.2,100.0,71.7
2016-04-03,,,,,,,100.0,99.7,100.0,,,,93.1,79.8,100.0,93.1
2016-04-04,,,,,,,,,,,,,82.2,75.0,100.0,82.2
2016-04-05,100.0,94.8,45.6,,,,,,,,,,90.6,78.2,100.0,90.6
2016-04-06,,,,,,,,,,,,,71.8,73.0,100.0,71.8
2016-04-07,,,,,,,,,,,,,88.8,76.5,100.0,88.8
2016-04-08,,,,,,,,,,,,,74.8,71.9,100.0,74.8
2016-04-09,100.0,88.5,62.1,,,,,,,,,,89.1,77.4,100.0,89.1
2016-04-10,100.0,89.7,44.7,,,,,,,,,,72.0,72.6,100.0,72.0
2016-04-11,,,,,,,,,,,,,89.8,77.8,100.0,89.8
2016-04-12,,,,100.0,98.7,95.1,99.9,94.9,91.9,,,,89.1,78.0,100.0,89.1
2016-04-13,,,,,,,,,,,,,85.0,74.9,100.0,85.0
2016-04-14,99.5,76.9,63.4,,,,,,,,,,68.0,68.6,100.0,68.0
2016-04-15,,,,,,,,,,,,,71.2,69.5,100.0,71.2
2016-04-16,,,,,,,,,,,,,65.3,65.3,100.0,65.3
2016-04-17,100.0,83.5,44.0,,,,,,,,,,65.8,65.0,100.0,65.8
2016-04-18,,,,,,,,,,,,,58.3,60.8,100.0,58.3
2016-04-19,,,,,,,100.0,92.0,100.0,,,,56.0,60.5,100.0,56.0
2016-04-20,,,,,,,,,,,,,40.4,54.8,100.0,40.4
2016-04-21,100.0,79.2,68.4,,,,,,,,,,36.1,52.6,100.0,36.1
2016-04-22,100.0,84.7,45.6,99.2,88.3,100.0,,,,,,,28.6,49.1,100.0,28.6
2016-04-23,,,,,,,,,,,,,12.4,37.4,100.0,12.4
2016-04-24,,,,,,,,,,,,,11.7,35.0,100.0,11.7
2016-04-25,,,,,,,,,,,,,9.3,33.2,100.0,9.3
2016-04-26,99.8,74.2,61.8,,,,,,,,,,10.2,33.5,100.0,10.2
2016-04-27,,,,,,,,,,,,,5.5,28.1,100.0,5.5
2016-04-28,,,,,,,,,,,,,5.8,28.8,100.0,5.8
2016-04-29,100.0,88.9,46.8,,,,,,,,,,4.9,28.0,100.0,4.9
2016-04-30,,,,,,,,,,,,,3.7,25.3,100.0,3.7
2016-05-01,,,,,,,,,,,,,1.8,21.2,100.0,1.8
2016-05-02,,,,,,,,,,,,,2.1,22.6,100.0,2.1
2016-05-03,99.8,82.2,62.2,,,,,,,,,,1.3,21.6,100.0,1.3
2016-05-04,100.0,92.0,45.9,,,,,,,,,,0.7,19.9,100.0,0.7
2016-05-05,,,,,,,99.8,89.3,72.6,,,,0.3,17.7,100.0,0.3
2016-05-06,,,,,,,,,,,,,0.3,17.6,100.0,0.3
2016-05-07,,,,,,,,,,,,,0.0,15.3,100.0,0.0
2016-05-08,98.3,79.2,61.5,,,,,,,,,,0.0,12.7,100.0,0.0
2016-05-09,,,,,,,,,,,,,0.0,9.4,100.0,0.0
2016-05-10,,,,,,,,,,,,,0.0,9.6,100.0,0.0
2016-05-11,100.0,95.3,44.8,,,,,,,,,,0.0,7.3,100.0,0.0
2016-05-12,,,,,,,,,,,,,0.0,6.9,100.0,0.0
2016-05-13,,,,,,,,,,,,,0.0,5.6,100.0,0.0
2016-05-14,,,,,,,,,,,,,0.0,6.3,100.0,0.0
2016-05-15,94.4,82.2,68.7,,,,,,,,,,0.0,5.2,100.0,0.0
2016-05-16,100.0,91.8,43.5,,,,,,,,,,0.0,5.7,100.0,0.0
2016-05-17,,,,,,,,,,,,,0.0,5.1,100.0,0.0
2016-05-18,,,,,,,,,,,,,0.0,5.8,100.0,0.0
2016-05-19,,,,,,,,,,,,,0.0,4.9,100.0,0.0
2016-05-20,89.8,71.9,61.9,,,,,,,,,,0.0,5.6,100.0,0.0
2016-05-21,,,,,,,,,,,,,0.0,5.0,100.0,0.0
2016-05-22,,,,8.8,21.9,100.0,,,,,,,0.0,5.5,100.0,0.0
2016-05-23,100.0,88.7,44.1,,,,,,,,,,0.0,5.2,100.0,0.0
2016-05-24,,,,,,,,,,,,,0.0,5.3,100.0,0.0
2016-05-25,,,,,,,,,,,,,0.0,5.4,100.0,0.0
2016-05-26,,,,,,,,,,,,,0.0,5.3,100.0,0.0
2016-05-27,87.9,70.4,67.0,,,,,,,,,,0.0,5.9,100.0,0.0
2016-05-28,100.0,73.0,43.5,,,,,,,,,,0.0,6.1,100.0,0.0
2016-05-29,,,,,,,,,,,,,0.0,6.2,100.0,0.0
2016-05-30,,,,,,,,,,,,,0.0,5.7,100.0,0.0
2016-05-31,,,,,,,,,,,,,0.0,5.7,100.0,0.0
2016-06-01,54.8,45.0,37.2,,,,,,,,,,0.0,5.6,100.0,0.0
2016-06-02,,,,,,,,,,,,,0.0,6.9,100.0,0.0
2016-06-03,,,,,,,,,,,,,0.0,6.3,100.0,0.0
2016-06-04,84.1,59.5,43.5,,,,,,,,,,0.0,7.3,100.0,0.0
2016-06-05,,,,,,,,,,,,,0.0,6.4,100.0,0.0
2016-06-06,,,,,,,,,,,,,0.0,7.8,100.0,0.0
2016-06-07,,,,,,,,,,,,,0.0,5.5,100.0,0.0
2016-06-08,55.5,43.8,65.6,,,,,,,,,,0.0,5.9,100.0,0.0
2016-06-09,56.6,44.9,42.8,,,,,,,,,,0.0,5.0,100.0,0.0
2016-06-10,,,,,,,,,,,,,0.0,6.2,100.0,0.0
2016-06-11,,,,,,,,,,,,,0.0,4.8,100.0,0.0
2016-06-12,,,,,,,,,,,,,0.0,5.6,100.0,0.0
2016-06-13,,,,,,,,,,,,,0.0,4.7,100.0,0.0
2016-06-14,,,,,,,,,,,,,0.0,5.0,100.0,0.0
2016-06-15,,,,,,,,,,,,,0.0,3.7,100.0,0.0
2016-06-16,,,,,,,,,,,,,0.0,3.4,100.0,0.0
2016-06-17,,,,,,,,,,,,,0.0,2.4,100.0,0.0
2016-06-18,,,,,,,,,,,,,0.0,2.4,100.0,0.0
2016-06-19,,,,,,,,,,,,,0.0,2.2,100.0,0.0
2016-06-20,,,,,,,,,,,,,0.0,2.1,100.0,0.0
2016-06-21,,,,0.0,0.2,79.1,,,,,,,0.0,1.7,100.0,0.0
2016-06-22,,,,,,,0.0,0.0,42.6,,,,0.0,1.4,100.0,0.0
2016-06-23,,,,,,,,,,,,,0.0,1.3,100.0,0.0
2016-06-24,,,,,,,,,,,,,0.0,1.2,100.0,0.0
2016-06-25,,,,,,,,,,,,,0.0,1.1,100.0,0.0
2016-06-26,,,,,,,,,,,,,0.0,1.2,100.0,0.0
2016-06-27,,,,,,,,,,,,,0.0,1.2,100.0,0.0
2016-06-28,10.5,30.4,68.7,,,,,,,,,,0.0,1.3,100.0,0.0
2016-06-29,,,,,,,,,,,,,0.0,1.5,100.0,0.0
2016-06-30,,,,,,,,,,,,,0.0,1.8,100.0,0.0
2016-07-01,,,,0.0,0.0,48.2,,,,,,,0.0,2.0,100.0,0.0
2016-07-02,,,,,,,,,,,,,0.0,2.1,100.0,0.0
2016-07-03,,,,,,,,,,,,,0.0,1.8,100.0,0.0
2016-07-04,,,,,,,,,,,,,0.0,2.1,100.0,0.0
2016-07-05,,,,,,,,,,,,,0.0,1.9,100.0,0.0
2016-07-06,,,,,,,,,,,,,0.0,2.1,100.0,0.0
2016-07-07,15.6,33.4,33.2,,,,,,,,,,0.0,1.6,100.0,0.0
2016-07-08,,,,,,,,,,,,,0.0,1.8,100.0,0.0
2016-07-09,,,,,,,,,,,,,0.0,1.6,100.0,0.0
2016-07-10,,,,,,,,,,,,,0.0,1.1,100.0,0.0
2016-07-11,,,,0.0,0.0,99.0,,,,,,,0.0,0.7,100.0,0.0
2016-07-12,,,,,,,,,,,,,0.0,0.7,100.0,0.0
2016-07-13,,,,,,,,,,,,,0.0,0.7,100.0,0.0
2016-07-14,18.2,30.6,68.9,,,,,,,,,,0.0,0.6,100.0,0.0
2016-07-15,5.6,23.2,42.2,,,,,,,,,,0.0,0.6,100.0,0.0
2016-07-16,,,,,,,,,,,,,0.0,0.6,100.0,0.0
2016-07-17,,,,,,,0.0,0.0,59.9,,,,0.0,0.5,100.0,0.0
2016-07-18,,,,,,,,,,,,,0.0,0.4,100.0,0.0
2016-07-19,0.2,15.9,59.4,,,,,,,,,,0.0,0.4,100.0,0.0
2016-07-20,,,,,,,,,,,,,0.0,0.5,100.0,0.0
2016-07-21,,,,,,,,,,,,,0.0,0.4,100.0,0.0
2016-07-22,1.5,17.4,67.8,,,,,,,,,,0.0,0.4,100.0,0.0
2016-07-23,,,,,,,,,,,,,0.0,0.4,100.0,0.0
2016-07-24,,,,,,,0.0,0.0,72.4,,,,0.0,0.4,100.0,0.0
2016-07-25,,,,,,,,,,,,,0.0,0.4,100.0,0.0
2016-07-26,9.2,24.6,94.5,,,,,,,,,,0.0,0.5,100.0,0.0
2016-07-27,18.8,31.7,94.8,,,,,,,,,,0.0,0.8,100.0,0.0
2016-07-28,,,,,,,,,,,,,0.0,0.8,100.0,0.0
2016-07-29,,,,,,,,,,,,,0.0,0.8,100.0,0.0
2016-07-30,,,,,,,,,,,,,0.0,0.8,100.0,0.0
2016-07-31,,,,,,,,,,,,,0.0,0.8,100.0,0.0
2016-08-01,,,,,,,,,,,,,0.0,0.9,100.0,0.0
2016-08-02,,,,,,,,,,,,,0.0,1.0,100.0,0.0
2016-08-03,,,,,,,,,,,,,0.0,1.0,100.0,0.0
2016-08-04,,,,,,,,,,,,,0.0,0.9,100.0,0.0
2016-08-05,,,,,,,,,,,,,0.0,1.1,100.0,0.0
2016-08-06,,,,,,,,,,,,,0.0,1.2,100.0,0.0
2016-08-07,,,,,,,,,,,,,0.0,1.1,100.0,0.0
2016-08-08,25.3,35.2,94.8,,,,,,,,,,0.0,0.9,100.0,0.0
2016-08-09,,,,,,,,,,,,,0.0,1.5,100.0,0.0
2016-08-10,,,,,,,,,,,,,0.0,1.8,100.0,0.0
2016-08-11,,,,,,,,,,,,,0.0,1.3,100.0,0.0
2016-08-12,68.6,48.9,61.9,,,,,,,,,,0.0,1.1,100.0,0.0
2016-08-13,,,,,,,,,,,,,0.0,1.0,100.0,0.0
2016-08-14,,,,,,,,,,,,,0.0,1.5,100.0,0.0
2016-08-15,60.9,48.8,94.2,,,,,,,,,,0.0,1.2,100.0,0.0
2016-08-16,,,,,,,,,,,,,0.0,0.9,100.0,0.0
2016-08-17,,,,,,,,,,,,,0.0,0.7,100.0,0.0
2016-08-18,,,,,,,,,,,,,0.0,1.1,100.0,0.0
2016-08-19,67.9,52.3,94.1,,,,,,,,,,0.0,0.8,100.0,0.0
2016-08-20,,,,,,,,,,,,,0.0,0.6,100.0,0.0
2016-08-21,,,,,,,,,,,,,0.0,0.5,100.0,0.0
2016-08-22,,,,,,,,,,,,,0.0,0.5,100.0,0.0
2016-08-23,,,,,,,,,,,,,0.0,0.4,100.0,0.0
2016-08-24,24.4,33.3,60.5,,,,,,,,,,0.0,0.3,100.0,0.0
2016-08-25,,,,,,,0.0,0.0,77.7,,,,0.0,0.2,100.0,0.0
2016-08-26,,,,,,,,,,,,,0.0,0.2,100.0,0.0
2016-08-27,38.6,39.6,93.7,,,,,,,,,,0.0,0.2,100.0,0.0
2016-08-28,,,,,,,,,,,,,0.0,0.2,100.0,0.0
2016-08-29,,,,,,,,,,,,,0.0,0.2,100.0,0.0
2016-08-30,,,,0.0,0.0,100.0,,,,,,,0.0,0.1,100.0,0.0
2016-08-31,16.6,26.1,93.2,,,,,,,,,,0.0,0.1,100.0,0.0
2016-09-01,11.1,21.4,68.9,,,,,,,,,,0.0,0.1,100.0,0.0
2016-09-02,,,,,,,,,,,,,0.0,0.2,100.0,0.0
2016-09-03,,,,,,,0.0,0.0,99.9,,,,0.0,0.1,100.0,0.0
2016-09-04,,,,,,,,,,,,,0.0,0.1,100.0,0.0
2016-09-05,0.3,4.2,58.4,,,,,,,,,,0.0,0.1,100.0,0.0
2016-09-06,,,,,,,,,,,,,0.0,0.2,100.0,0.0
2016-09-07,,,,,,,,,,,,,0.0,0.3,100.0,0.0
2016-09-08,2.1,6.8,69.2,,,,,,,,,,0.0,0.3,100.0,0.0
2016-09-09,,,,0.0,0.0,100.0,,,,,,,0.0,0.3,100.0,0.0
2016-09-10,,,,,,,,,,,,,0.0,0.5,100.0,0.0
2016-09-11,,,,,,,,,,,,,0.0,0.7,100.0,0.0
2016-09-12,4.0,8.5,95.1,,,,,,,,,,0.0,0.6,100.0,0.0
2016-09-13,0.6,5.8,69.3,,,,,,,,,,0.0,0.6,100.0,0.0
2016-09-14,,,,,,,,,,,,,0.0,0.8,100.0,0.0
2016-09-15,,,,,,,,,,,,,0.0,1.0,100.0,0.0
2016-09-16,,,,,,,,,,,,,0.0,0.9,100.0,0.0
2016-09-17,0.0,2.5,59.4,,,,,,,,,,0.0,1.0,100.0,0.0
2016-09-18,,,,,,,,,,,,,0.0,1.2,100.0,0.0
2016-09-19,,,,,,,,,,,,,0.0,1.2,100.0,0.0
2016-09-20,4.2,8.6,95.1,,,,,,,,,,0.0,0.9,100.0,0.0
2016-09-21,,,,,,,,,,,,,0.0,0.8,100.0,0.0
2016-09-22,,,,,,,,,,,,,0.0,0.9,100.0,0.0
2016-09-23,,,,,,,,,,,,,0.0,0.5,100.0,0.0
2016-09-24,1.7,7.0,69.3,,,,,,,,,,0.0,0.4,100.0,0.0
2016-09-25,3.3,10.0,95.1,,,,,,,,,,0.0,0.3,100.0,0.0
2016-09-26,2.1,10.9,70.9,,,,0.0,0.0,96.0,,,,0.0,0.4,100.0,0.0
2016-09-27,,,,,,,,,,,,,0.0,0.3,100.0,0.0
2016-09-28,,,,,,,,,,,,,0.0,0.3,100.0,0.0
2016-09-29,0.5,10.0,62.5,0.0,0.0,100.0,,,,,,,0.0,0.3,100.0,0.0
2016-09-30,2.1,8.1,71.4,,,,,,,,,,0.0,0.4,100.0,0.0
2016-10-01,,,,,,,,,,,,,0.0,0.4,100.0,0.0
2016-10-02,3.9,8.7,95.0,,,,,,,,,,0.0,0.3,100.0,0.0
2016-10-03,,,,,,,,,,,,,0.0,0.3,100.0,0.0
2016-10-04,,,,,,,,,,,,,0.0,0.3,100.0,0.0
2016-10-05,,,,,,,0.0,0.0,99.9,,,,0.0,0.3,100.0,0.0
2016-10-06,0.6,5.9,70.9,,,,,,,,,,0.0,0.3,100.0,0.0
2016-10-07,1.6,5.5,94.8,,,,,,,,,,0.0,0.3,100.0,0.0
2016-10-08,,,,,,,,,,,,,0.0,0.6,100.0,0.0
2016-10-09,,,,,,,,,,,,,0.0,0.7,100.0,0.0
2016-10-10,,,,,,,,,,,,,0.0,0.8,100.0,0.0
2016-10-11,0.0,1.9,57.2,,,,,,,,,,0.0,0.8,100.0,0.0
2016-10-12,,,,,,,,,,,,,0.0,1.3,100.0,0.0
2016-10-13,,,,,,,,,,,,,0.0,1.8,100.0,0.0
2016-10-14,1.9,5.5,95.0,,,,,,,,,,0.0,2.3,100.0,0.0
2016-10-15,,,,,,,,,,,,,0.0,2.0,100.0,0.0
2016-10-16,,,,,,,,,,,,,0.0,2.5,100.0,0.0
2016-10-17,,,,,,,,,,,,,0.0,2.5,100.0,0.0
2016-10-18,1.4,6.3,95.1,,,,,,,,,,0.0,3.2,100.0,0.0
2016-10-19,0.0,3.9,69.6,,,,,,,,,,0.0,3.4,100.0,0.0
2016-10-20,,,,,,,,,,,,,0.0,4.1,100.0,0.0
2016-10-21,,,,,,,,,,,,,0.0,5.4,100.0,0.0
2016-10-22,,,,,,,,,,,,,0.0,6.1,100.0,0.0
2016-10-23,0.0,2.6,64.7,,,,,,,,,,0.0,5.4,100.0,0.0
2016-10-24,,,,,,,,,,,,,0.0,5.3,100.0,0.0
2016-10-25,,,,,,,,,,,,,0.0,4.3,100.0,0.0
2016-10-26,0.0,4.1,70.5,,,,,,,,,,0.0,4.7,100.0,0.0
2016-10-27,,,,,,,,,,,,,0.0,4.8,100.0,0.0
2016-10-28,,,,,,,0.0,0.0,34.5,,,,0.0,4.8,100.0,0.0
2016-10-29,,,,0.0,0.1,53.5,,,,,,,0.0,4.1,100.0,0.0
2016-10-30,0.9,7.5,94.5,,,,,,,,,,0.0,4.4,100.0,0.0
2016-10-31,0.0,4.6,71.8,,,,,,,,,,0.0,4.4,100.0,0.0
2016-11-01,,,,,,,,,,,,,0.0,4.8,100.0,0.0
2016-11-02,,,,,,,,,,,,,0.0,4.2,100.0,0.0
2016-11-03,,,,,,,,,,,,,0.0,4.7,100.0,0.0
2016-11-04,0.0,4.1,65.6,,,,,,,,,,0.0,5.2,100.0,0.0
2016-11-05,,,,,,,,,,,,,0.0,6.2,100.0,0.0
2016-11-06,,,,,,,,,,,,,0.0,6.3,100.0,0.0
2016-11-07,0.2,5.8,71.1,,,,,,,,,,0.0,6.8,100.0,0.0
2016-11-08,,,,0.0,2.9,99.3,,,,,,,0.0,7.8,100.0,0.0
2016-11-09,,,,,,,,,,,,,0.0,8.6,100.0,0.0
2016-11-10,,,,,,,,,,,,,0.0,9.0,100.0,0.0
2016-11-11,3.7,11.9,95.0,,,,,,,,,,0.0,8.7,100.0,0.0
2016-11-12,0.2,8.3,70.9,,,,,,,,,,0.0,9.4,100.0,0.0
2016-11-13,,,,,,,,,,,,,0.0,11.0,100.0,0.0
2016-11-14,,,,,,,,,,,,,0.0,11.9,100.0,0.0
2016-11-15,,,,,,,,,,,,,0.0,10.2,100.0,0.0
2016-11-16,0.0,6.9,65.0,,,,,,,,,,0.0,11.4,100.0,0.0
2016-11-17,,,,,,,,,,,,,0.0,11.0,100.0,0.0
2016-11-18,,,,,,,,,,,,,0.0,10.8,100.0,0.0
2016-11-19,5.2,15.5,70.8,,,,,,,,,,0.0,10.0,100.0,0.0
2016-11-20,,,,,,,,,,,,,0.0,9.7,100.0,0.0
2016-11-21,,,,,,,,,,,,,0.0,9.4,100.0,0.0
2016-11-22,,,,,,,,,,,,,0.0,9.3,100.0,0.0
2016-11-23,,,,,,,,,,,,,0.0,8.0,100.0,0.0
2016-11-24,8.4,18.1,95.1,,,,,,,,,,0.0,8.9,100.0,0.0
2016-11-25,,,,,,,,,,,,,0.0,9.2,100.0,0.0
2016-11-26,,,,,,,,,,,,,0.0,10.8,100.0,0.0
2016-11-27,,,,,,,,,,,,,0.0,11.0,100.0,0.0
2016-11-28,1.2,16.0,60.8,1.8,5.5,100.0,,,,,,,0.0,14.4,100.0,0.0
2016-11-29,,,,,,,0.0,5.0,86.4,,,,0.0,15.5,100.0,0.0
2016-11-30,,,,,,,,,,,,,0.0,18.8,100.0,0.0
2016-12-01,38.4,35.3,94.4,,,,,,,,,,0.0,20.0,100.0,0.0
2016-12-02,,,,,,,,,,,,,0.0,24.0,100.0,0.0
2016-12-03,,,,,,,,,,,,,0.0,24.6,100.0,0.0
2016-12-04,,,,,,,,,,,,,4.7,27.4,100.0,4.7
2016-12-05,55.9,44.6,71.2,,,,,,,,,,5.6,28.4,100.0,5.6
2016-12-06,82.8,57.2,95.0,,,,,,,,,,11.7,31.9,100.0,11.7
2016-12-07,,,,,,,,,,,,,6.2,30.2,100.0,6.2
2016-12-08,,,,0.6,5.3,100.0,,,,,,,9.7,29.7,100.0,9.7
2016-12-09,,,,,,,,,,,,,4.6,29.7,100.0,4.6
2016-12-10,67.8,48.5,58.6,,,,,,,,,,8.3,31.4,100.0,8.3
2016-12-11,,,,,,,,,,,,,4.3,32.8,100.0,4.3
2016-12-12,,,,,,,,,,,,,4.6,35.3,100.0,4.6
2016-12-13,98.6,76.3,94.1,,,,,,,,,,6.2,39.3,100.0,6.2
2016-12-14,,,,,,,,,,,,,4.1,40.6,100.0,4.1
2016-12-15,,,,,,,,,,,,,4.6,46.4,100.0,4.6
2016-12-16,,,,,,,,,,,,,5.5,49.7,100.0,5.5
2016-12-17,94.0,73.2,69.3,,,,,,,,,,21.2,55.6,100.0,21.2
2016-12-18,99.4,80.2,94.8,7.5,11.1,100.0,,,,,,,37.8,58.3,100.0,37.8
2016-12-19,,,,,,,,,,,,,45.4,58.6,100.0,45.4
2016-12-20,,,,,,,,,,,,,75.5,62.5,100.0,75.5
2016-12-21,,,,,,,,,,,,,75.8,63.9,100.0,75.8
2016-12-22,99.2,69.9,55.0,,,,,,,,,,88.2,69.3,100.0,88.2
2016-12-23,,,,,,,,,,,,,87.8,69.7,100.0,87.8
2016-12-24,,,,,,,,,,,,,91.9,73.5,100.0,91.9
2016-12-25,100.0,89.8,95.1,,,,,,,,,,92.5,75.0,100.0,92.5
2016-12-26,,,,,,,,,,,,,93.1,77.9,100.0,93.1
2016-12-27,,,,,,,,,,,,,93.5,77.6,100.0,93.5
2016-12-28,,,,95.2,87.0,100.0,,,,,,,94.2,78.8,100.0,94.2
2016-12-29,100.0,90.0,68.7,,,,,,,,,,94.7,78.3,100.0,94.7
2016-12-30,100.0,92.6,94.4,,,,,,,,,,95.7,79.2,100.0,95.7
2016-12-31,,,,,,,,,,,,,97.3,78.7,100.0,97.3
2017-01-01,,,,,,,,,,,,,99.3,73.6,100.0,99.3
2017-01-02,,,,,,,,,,,,,99.9,76.6,100.0,99.9
2017-01-03,100.0,90.5,57.8,,,,,,,,,,99.9,80.3,100.0,99.9
2017-01-04,,,,,,,,,,,,,100.0,81.1,100.0,100.0
2017-01-05,,,,,,,,,,,,,100.0,83.8,100.0,100.0
2017-01-06,100.0,95.6,92.2,,,,,,,,,,100.0,87.8,100.0,100.0
2017-01-07,,,,,,,,,,,,,100.0,88.5,100.0,100.0
2017-01-08,,,,,,,,,,,,,100.0,89.4,100.0,100.0
2017-01-09,,,,,,,100.0,100.0,41.7,,,,100.0,90.7,100.0,100.0
2017-01-10,100.0,97.9,60.5,,,,,,,,,,100.0,92.5,100.0,100.0
2017-01-11,100.0,97.7,93.8,,,,,,,,,,100.0,94.6,100.0,100.0
2017-01-12,,,,,,,,,,,,,100.0,93.8,100.0,100.0
2017-01-13,,,,,,,,,,,,,100.0,94.6,100.0,100.0
2017-01-14,,,,,,,,,,,,,100.0,94.6,100.0,100.0
2017-01-15,100.0,98.3,57.8,,,,,,,,,,100.0,95.4,100.0,100.0
2017-01-16,,,,,,,,,,,,,100.0,95.1,100.0,100.0
2017-01-17,,,,,,,,,,,,,100.0,95.4,100.0,100.0
2017-01-18,100.0,99.0,91.3,,,,,,,,,,100.0,95.6,100.0,100.0
2017-01-19,,,,,,,,,,,,,100.0,97.0,100.0,100.0
2017-01-20,,,,,,,,,,,,,100.0,96.8,100.0,100.0
2017-01-21,,,,,,,,,,,,,100.0,97.7,100.0,100.0
2017-01-22,,,,,,,,,,,,,100.0,98.0,100.0,100.0
2017-01-23,100.0,98.9,57.8,,,,,,,,,,100.0,98.7,100.0,100.0
2017-01-24,,,,,,,,,,,,,100.0,98.6,100.0,100.0
2017-01-25,,,,,,,100.0,100.0,100.0,,,,100.0,99.2,100.0,100.0
2017-01-26,,,,,,,,,,,,,100.0,98.9,100.0,100.0
2017-01-27,100.0,98.9,64.5,100.0,99.5,100.0,,,,,,,100.0,99.3,100.0,100.0
2017-01-28,,,,,,,,,,,,,100.0,99.1,100.0,100.0
2017-01-29,,,,,,,,,,,,,100.0,99.1,100.0,100.0
2017-01-30,100.0,99.3,55.7,,,,,,,,,,100.0,99.0,100.0,100.0
2017-01-31,,,,,,,,,,,,,100.0,99.0,100.0,100.0
2017-02-01,,,,,,,,,,,,,100.0,98.8,100.0,100.0
2017-02-02,,,,,,,,,,,,,100.0,98.7,100.0,100.0
2017-02-03,100.0,99.6,91.3,,,,,,,,,,100.0,98.7,100.0,100.0
2017-02-04,100.0,99.6,90.1,,,,,,,,,,100.0,98.4,100.0,100.0
2017-02-05,,,,,,,,,,,,,100.0,97.8,100.0,100.0
2017-02-06,,,,,,,,,,,,,100.0,97.7,100.0,100.0
2017-02-07,,,,,,,,,,,,,100.0,97.8,100.0,100.0
2017-02-08,100.0,99.5,59.8,,,,,,,,,,100.0,98.0,100.0,100.0
2017-02-09,,,,,,,,,,,,,100.0,97.8,100.0,100.0
2017-02-10,,,,,,,100.0,100.0,66.8,,,,100.0,98.0,100.0,100.0
2017-02-11,100.0,99.8,89.1,,,,,,,,,,100.0,98.4,100.0,100.0
2017-02-12,,,,,,,,,,,,,99.8,98.3,100.0,99.8
2017-02-13,,,,,,,,,,,,,100.0,98.1,100.0,100.0
2017-02-14,,,,,,,,,,,,,99.8,98.0,100.0,99.8
2017-02-15,100.0,99.9,55.2,,,,,,,,,,100.0,98.3,100.0,100.0
2017-02-16,100.0,99.8,89.0,100.0,99.1,100.0,,,,,,,100.0,98.5,100.0,100.0
2017-02-17,,,,,,,,,,,,,100.0,98.0,100.0,100.0
2017-02-18,,,,,,,,,,,,,99.8,97.9,100.0,99.8
2017-02-19,,,,,,,,,,,,,100.0,98.0,100.0,100.0
2017-02-20,100.0,99.6,48.8,,,,,,,,,,99.8,98.0,100.0,99.8
2017-02-21,,,,,,,,,,,,,100.0,97.8,100.0,100.0
2017-02-22,,,,,,,,,,,,,99.8,97.9,100.0,99.8
2017-02-23,99.9,99.7,88.2,,,,,,,,,,100.0,98.3,100.0,100.0
2017-02-24,,,,,,,,,,,,,99.6,97.5,100.0,99.6
2017-02-25,,,,,,,,,,,,,99.8,97.3,100.0,99.8
2017-02-26,,,,,,,,,,,,,99.1,96.8,100.0,99.1
2017-02-27,100.0,99.8,52.2,,,,,,,,,,100.0,97.3,100.0,100.0
2017-02-28,100.0,99.7,92.5,,,,,,,,,,99.8,97.4,100.0,99.8
2017-03-01,,,,,,,,,,,,,100.0,97.1,100.0,100.0
2017-03-02,,,,,,,,,,,,,99.7,97.1,100.0,99.7
2017-03-03,,,,,,,,,,,,,100.0,97.5,100.0,100.0
2017-03-04,100.0,99.6,57.3,,,,,,,,,,99.7,96.8,100.0,99.7
2017-03-05,,,,,,,,,,,,,99.9,96.6,100.0,99.9
2017-03-06,100.0,99.6,58.1,,,,,,,,,,99.7,96.6,100.0,99.7
2017-03-07,100.0,99.6,60.5,,,,,,,,,,100.0,97.3,100.0,100.0
2017-03-08,,,,100.0,98.6,100.0,,,,,,,100.0,97.7,100.0,100.0
2017-03-09,,,,,,,,,,,,,100.0,97.5,100.0,100.0
2017-03-10,100.0,99.6,91.8,,,,,,,,,,100.0,98.1,100.0,100.0
2017-03-11,100.0,99.5,96.8,,,,,,,,,,100.0,98.7,100.0,100.0
2017-03-12,100.0,99.2,58.9,,,,,,,,,,100.0,98.9,100.0,100.0
2017-03-13,100.0,99.1,92.0,,,,,,,,,,100.0,99.0,100.0,100.0
2017-03-14,,,,,,,100.0,100.0,100.0,,,,100.0,99.1,100.0,100.0
2017-03-15,,,,,,,,,,,,,100.0,99.0,100.0,100.0
2017-03-16,100.0,98.9,57.2,,,,,,,,,,100.0,98.9,100.0,100.0
2017-03-17,100.0,98.2,98.7,100.0,99.0,100.0,,,,,,,100.0,99.0,100.0,100.0
2017-03-18,100.0,98.2,63.2,,,,,,,,,,100.0,98.5,100.0,100.0
2017-03-19,100.0,96.1,99.1,,,,,,,,,,100.0,98.3,100.0,100.0
2017-03-20,,,,,,,,,,,,,100.0,98.0,100.0,100.0
2017-03-21,,,,,,,,,,,,,100.0,98.0,100.0,100.0
2017-03-22,,,,,,,,,,,,,99.7,97.1,100.0,99.7
2017-03-23,100.0,95.4,62.8,,,,,,,,,,99.6,97.3,100.0,99.6
2017-03-24,99.9,91.6,97.9,,,,,,,,,,99.3,97.0,100.0,99.2
2017-03-25,99.9,87.2,98.9,,,,,,,,,,98.8,96.6,100.0,98.8
2017-03-26,,,,,,,,,,,,,98.2,95.7,100.0,98.2
2017-03-27,,,,,,,,,,,,,98.2,95.8,100.0,98.2
2017-03-28,98.9,78.8,61.2,100.0,99.0,100.0,,,,,,,98.2,96.1,100.0,98.2
2017-03-29,89.0,60.6,98.7,,,,,,,,,,98.2,95.1,100.0,98.2
2017-03-30,87.1,58.7,63.2,,,,100.0,99.5,97.8,,,,98.1,95.4,100.0,98.1
2017-03-31,55.5,46.0,98.2,,,,,,,,,,97.3,94.2,100.0,97.3
2017-04-01,,,,,,,,,,,,,97.0,93.8,100.0,97.0
2017-04-02,,,,,,,,,,,,,95.7,91.6,100.0,95.7
2017-04-03,50.4,43.4,62.5,,,,,,,,,,95.2,90.1,100.0,95.2
2017-04-04,27.2,30.4,99.2,,,,,,,,,,93.9,86.9,100.0,93.9
2017-04-05,20.4,31.0,65.7,,,,,,,,,,92.7,82.2,100.0,92.7
2017-04-06,8.2,18.6,98.5,,,,,,,,,,82.8,73.6,100.0,82.8
2017-04-07,,,,,,,,,,,,,53.3,62.4,100.0,53.3
2017-04-08,,,,,,,,,,,,,37.4,53.2,100.0,37.4
2017-04-09,2.3,13.3,64.2,,,,,,,,,,25.2,43.1,100.0,25.2
2017-04-10,5.4,16.1,66.2,,,,,,,,,,23.7,40.0,100.0,23.8
2017-04-11,13.4,22.6,64.8,,,,,,,,,,18.2,34.0,100.0,18.2
2017-04-12,22.6,33.2,64.2,,,,,,,,,,21.3,38.6,100.0,21.2
2017-04-13,,,,,,,,,,,,,16.8,34.4,100.0,16.8
2017-04-14,,,,,,,,,,,,,18.3,38.9,100.0,18.3
2017-04-15,35.4,33.8,94.5,,,,,,,,,,17.0,37.0,100.0,17.0
2017-04-16,91.7,62.5,65.4,,,,,,,,,,28.7,51.4,100.0,28.8
2017-04-17,62.1,46.6,98.9,,,,,,,,,,37.9,56.0,100.0,37.9
2017-04-18,64.4,50.1,64.1,,,,,,,,,,66.3,66.0,100.0,66.2
2017-04-19,,,,,,,,,,,,,69.9,67.9,100.0,69.9
2017-04-20,,,,,,,,,,,,,93.5,78.9,100.0,93.5
2017-04-21,41.0,39.2,65.0,,,,,,,,,,94.6,80.3,100.0,94.6
2017-04-22,28.9,32.6,97.9,100.0,99.1,100.0,100.0,96.0,99.8,,,,98.3,86.7,100.0,98.3
2017-04-23,61.6,48.7,64.1,,,,,,,,,,85.7,78.8,100.0,85.7
2017-04-24,41.9,38.5,98.3,,,,,,,,,,94.5,82.1,100.0,94.5
2017-04-25,,,,,,,,,,,,,86.8,78.3,100.0,86.8
2017-04-26,,,,,,,,,,,,,79.3,75.5,100.0,79.3
2017-04-27,51.2,43.9,61.3,,,,,,,,,,63.8,66.4,100.0,63.8
2017-04-28,46.8,40.5,98.2,,,,,,,,,,66.2,68.2,100.0,66.2
2017-04-29,27.2,33.3,62.2,,,,,,,,,,53.2,59.6,100.0,53.2
2017-04-30,31.0,35.1,99.1,,,,,,,,,,40.3,50.9,100.0,40.3
2017-05-01,,,,,,,,,,,,,20.1,39.0,100.0,20.1
2017-05-02,,,,,,,,,,,,,18.3,38.1,100.0,18.3
2017-05-03,14.4,23.0,58.6,,,,,,,,,,10.5,32.6,100.0,10.5
2017-05-04,33.2,36.5,98.8,,,,,,,,,,7.7,29.3,100.0,7.7
2017-05-05,34.7,37.0,66.1,,,,,,,,,,6.4,28.8,100.0,6.4
2017-05-06,51.4,44.8,59.7,,,,,,,,,,7.8,33.8,100.0,7.8
2017-05-07,,,,,,,,,,,,,10.7,38.7,100.0,10.7
2017-05-08,,,,,,,,,,,,,13.8,40.1,100.0,13.8
2017-05-09,64.7,50.9,93.9,,,,,,,,,,30.3,47.9,100.0,30.3
2017-05-10,95.4,67.8,59.3,,,,,,,,,,50.9,54.3,100.0,50.9
2017-05-11,64.6,50.0,95.3,,,,,,,,,,68.5,62.7,100.0,68.5
2017-05-12,83.0,61.7,58.2,,,,,,,,,,72.5,66.1,100.0,72.5
2017-05-13,,,,,,,,,,,,,72.5,65.2,100.0,72.5
2017-05-14,,,,,,,,,,,,,67.6,63.3,100.0,67.6
2017-05-15,83.7,64.7,60.8,,,,,,,,,,72.3,65.6,100.0,72.2
2017-05-16,91.5,72.2,59.7,,,,,,,,,,67.3,63.3,100.0,67.2
2017-05-17,72.1,54.1,61.2,94.9,83.4,100.0,,,,,,,69.4,65.2,100.0,69.4
2017-05-18,41.2,35.3,93.0,,,,,,,,,,51.4,55.5,100.0,51.4
2017-05-19,,,,,,,,,,,,,42.6,50.8,100.0,42.6
2017-05-20,,,,,,,,,,,,,28.7,42.9,100.0,28.7
2017-05-21,34.7,35.3,54.5,,,,,,,,,,20.0,37.5,100.0,20.0
2017-05-22,18.8,23.7,91.5,,,,,,,,,,4.3,24.6,100.0,4.3
2017-05-23,6.7,13.6,58.3,,,,,,,,,,1.4,18.2,100.0,1.4
2017-05-24,2.2,7.6,92.0,,,,,,,,,,1.1,14.7,100.0,1.1
2017-05-25,,,,,,,,,,,,,0.6,11.4,100.0,0.6
2017-05-26,,,,,,,,,,,,,0.2,7.5,100.0,0.2
2017-05-27,0.2,3.3,49.5,0.5,1.7,100.0,,,,,,,0.1,5.5,100.0,0.1
2017-05-28,0.1,4.8,89.2,,,,,,,,,,0.2,5.3,100.0,0.2
2017-05-29,0.7,3.3,57.1,,,,,,,,,,0.1,5.1,100.0,0.1
2017-05-30,0.4,3.1,90.3,,,,,,,,,,0.1,4.6,100.0,0.1
2017-05-31,,,,,,,,,,,,,0.1,4.3,100.0,0.1
2017-06-01,,,,,,,,,,,,,0.1,5.3,100.0,0.1
2017-06-02,0.0,2.8,91.2,,,,,,,,,,0.1,4.6,100.0,0.1
2017-06-03,0.0,3.1,62.1,,,,,,,,,,0.1,5.1,100.0,0.1
2017-06-04,0.4,2.9,93.7,,,,,,,,,,0.1,5.1,100.0,0.1
2017-06-05,0.7,2.5,59.2,,,,,,,,,,0.1,7.4,100.0,0.1
2017-06-06,,,,,,,,,,,,,0.1,8.3,100.0,0.1
2017-06-07,,,,,,,,,,,,,0.1,10.7,100.0,0.1
2017-06-08,0.0,2.4,88.3,,,,,,,,,,0.0,8.6,100.0,0.0
2017-06-09,0.3,3.4,59.4,,,,,,,,,,0.0,10.8,100.0,0.0
2017-06-10,0.7,2.7,59.4,,,,,,,,,,0.0,9.4,100.0,0.0
2017-06-11,1.0,2.2,57.2,,,,,,,,,,0.0,8.3,100.0,0.0
2017-06-12,,,,,,,,,,,,,0.0,4.1,100.0,0.0
2017-06-13,,,,,,,,,,,,,0.0,3.7,100.0,0.0
2017-06-14,0.0,2.2,90.8,,,,,,,,,,0.0,3.3,100.0,0.0
2017-06-15,0.1,2.5,60.0,,,,,,,,,,0.0,2.9,100.0,0.0
2017-06-16,0.8,2.9,95.0,,,,,,,,,,0.0,2.4,100.0,0.0
2017-06-17,0.8,2.3,59.2,,,,,,,,,,0.0,2.3,100.0,0.0
2017-06-18,,,,,,,,,,,,,0.0,2.2,100.0,0.0
2017-06-19,,,,,,,,,,,,,0.0,1.7,100.0,0.0
2017-06-20,0.0,2.7,91.2,,,,,,,,,,0.0,1.1,100.0,0.0
2017-06-21,0.4,3.4,62.0,,,,,,,,,,0.0,0.8,100.0,0.0
2017-06-22,0.4,2.2,60.4,,,,,,,,,,0.0,0.7,100.0,0.0
2017-06-23,0.8,3.0,93.1,,,,,,,,,,0.0,0.7,100.0,0.0
2017-06-24,,,,,,,,,,,,,0.0,0.7,100.0,0.0
2017-06-25,,,,,,,,,,,,,0.0,0.6,100.0,0.0
2017-06-26,0.6,2.8,90.4,0.0,0.0,100.0,,,,,,,0.0,0.6,100.0,0.0
2017-06-27,1.1,3.6,95.2,,,,,,,,,,0.0,0.5,100.0,0.0
2017-06-28,0.5,2.2,63.6,,,,,,,,,,0.0,0.6,100.0,0.0
2017-06-29,2.9,5.4,94.5,,,,,,,,,,0.0,0.6,100.0,0.0
2017-06-30,,,,,,,,,,,,,0.0,0.7,100.0,0.0
2017-07-01,,,,,,,,,,,,,0.0,0.7,100.0,0.0
2017-07-02,0.0,2.9,60.2,,,,,,,,,,0.0,0.7,100.0,0.0
2017-07-03,2.7,6.2,95.6,,,,,,,,,,0.0,0.8,100.0,0.0
2017-07-04,1.2,5.3,62.1,,,,,,,,,,0.0,0.8,100.0,0.0
2017-07-05,3.7,7.0,94.8,,,,,,,,,,0.0,0.7,100.0,0.0
2017-07-06,,,,0.0,0.0,100.0,,,,,,,0.0,0.6,100.0,0.0
2017-07-07,,,,,,,,,,,,,0.0,0.6,100.0,0.0
2017-07-08,,,,,,,,,,,,,0.0,0.6,100.0,0.0
2017-07-09,2.0,7.9,62.2,,,,,,,,,,0.0,0.6,100.0,0.0
2017-07-10,3.4,6.6,95.7,,,,,,,,,,0.0,0.5,100.0,0.0
2017-07-11,2.4,5.1,94.8,,,,,,,,,,0.0,0.6,100.0,0.0
2017-07-12,,,,,,,,,,,,,0.0,0.6,100.0,0.0
2017-07-13,,,,,,,,,,,,,0.0,0.8,100.0,0.0
2017-07-14,0.6,2.8,57.0,,,,,,,,,,0.0,0.7,100.0,0.0
2017-07-15,1.7,4.8,95.2,,,,,,,,,,0.0,0.7,100.0,0.0
2017-07-16,0.5,3.2,62.1,0.0,0.0,100.0,,,,,,,0.0,0.7,100.0,0.0
2017-07-17,1.1,2.9,94.8,,,,,,,,,,0.0,0.9,100.0,0.0
2017-07-18,,,,,,,,,,,,,0.0,0.9,100.0,0.0
2017-07-19,,,,,,,,,,,,,0.0,0.8,100.0,0.0
2017-07-20,0.0,0.9,58.0,,,,,,,,,,0.0,0.9,100.0,0.0
2017-07-21,1.4,3.4,95.8,,,,,,,,,,0.0,1.0,100.0,0.0
2017-07-22,0.3,1.7,60.7,,,,,,,,,,0.0,0.7,100.0,0.0
2017-07-23,1.4,3.4,94.9,,,,,,,,,,0.0,0.7,100.0,0.0
2017-07-24,,,,,,,,,,,,,0.0,1.0,100.0,0.0
2017-07-25,,,,,,,,,,,,,0.0,1.2,100.0,0.0
2017-07-26,1.2,3.4,91.2,,,,,,,,,,0.0,1.1,100.0,0.0
2017-07-27,2.1,4.7,95.1,,,,,,,,,,0.0,1.0,100.0,0.0
2017-07-28,2.5,4.4,59.2,,,,,,,,,,0.0,0.9,100.0,0.0
2017-07-29,2.7,7.6,92.2,,,,,,,,,,0.0,0.9,100.0,0.0
2017-07-30,,,,,,,,,,,,,0.0,0.5,100.0,0.0
2017-07-31,,,,,,,,,,,,,0.0,0.4,100.0,0.0
2017-08-01,0.8,6.1,53.3,,,,,,,,,,0.0,0.4,100.0,0.0
2017-08-02,5.6,12.7,92.3,,,,,,,,,,0.0,0.3,100.0,0.0
2017-08-03,2.4,5.6,55.8,,,,,,,,,,0.0,0.3,100.0,0.0
2017-08-04,2.2,8.0,91.9,,,,,,,,,,0.0,0.2,100.0,0.0
2017-08-05,,,,0.0,0.0,100.0,0.0,0.0,88.2,,,,0.0,0.2,100.0,0.0
2017-08-06,,,,,,,,,,,,,0.0,0.2,100.0,0.0
2017-08-07,1.1,6.7,53.1,,,,,,,,,,0.0,0.2,100.0,0.0
2017-08-08,3.9,9.7,93.1,,,,,,,,,,0.0,0.3,100.0,0.0
2017-08-09,1.6,7.7,56.5,,,,,,,,,,0.0,0.4,100.0,0.0
2017-08-10,1.8,5.1,56.2,,,,,,,,,,0.0,0.4,100.0,0.0
2017-08-11,,,,,,,,,,,,,0.0,0.5,100.0,0.0
2017-08-12,,,,,,,,,,,,,0.0,0.6,100.0,0.0
2017-08-13,0.9,4.4,86.7,,,,,,,,,,0.0,0.9,100.0,0.0
2017-08-14,1.1,3.8,51.0,,,,,,,,,,0.0,0.9,100.0,0.0
2017-08-15,0.6,4.1,89.3,0.0,0.0,100.0,,,,,,,0.0,0.7,100.0,0.0
2017-08-16,0.0,1.0,50.8,,,,,,,,,,0.0,0.8,100.0,0.0
2017-08-17,,,,,,,,,,,,,0.0,0.8,100.0,0.0
2017-08-18,,,,,,,,,,,,,0.0,0.9,100.0,0.0
2017-08-19,0.1,2.2,89.8,,,,,,,,,,0.0,0.7,100.0,0.0
2017-08-20,0.0,0.7,58.4,0.0,0.0,90.9,,,,,,,0.0,0.7,100.0,0.0
2017-08-21,0.0,0.9,57.3,,,,,,,,,,0.0,0.9,100.0,0.0
2017-08-22,0.0,0.7,58.2,,,,,,,,,,0.0,0.9,100.0,0.0
2017-08-23,,,,,,,,,,,,,0.0,0.8,100.0,0.0
2017-08-24,,,,,,,,,,,,,0.0,0.7,100.0,0.0
2017-08-25,0.0,1.4,89.8,0.0,0.1,100.0,,,,,,,0.0,0.6,100.0,0.0
2017-08-26,0.0,1.1,59.5,,,,,,,,,,0.0,0.5,100.0,0.0
2017-08-27,0.0,2.0,93.9,,,,,,,,,,0.0,0.5,100.0,0.0
2017-08-28,0.0,1.9,60.0,,,,,,,,,,0.0,0.5,100.0,0.0
2017-08-29,,,,,,,,,,,,,0.0,0.5,100.0,0.0
2017-08-30,,,,0.0,0.0,48.7,,,,,,,0.0,0.5,100.0,0.0
2017-08-31,0.1,2.8,90.6,,,,,,,,,,0.0,0.6,100.0,0.0
2017-09-01,1.2,5.2,61.2,,,,,,,,,,0.0,0.7,100.0,0.0
2017-09-02,0.1,4.4,60.6,,,,,,,,,,0.0,0.8,100.0,0.0
2017-09-03,1.3,7.0,58.1,,,,,,,,,,0.0,1.0,100.0,0.0
2017-09-04,,,,0.0,0.1,100.0,,,,,,,0.0,1.0,100.0,0.0
2017-09-05,,,,,,,,,,,,,0.0,1.4,100.0,0.0
2017-09-06,0.2,5.1,89.4,,,,,,,,,,0.0,1.6,100.0,0.0
2017-09-07,2.1,8.2,55.9,,,,,,,,,,0.0,2.0,100.0,0.0
2017-09-08,1.0,4.8,91.2,,,,,,,,,,0.0,1.9,100.0,0.0
2017-09-09,2.1,6.9,58.4,,,,,,,,,,0.0,2.8,100.0,0.0
2017-09-10,,,,,,,,,,,,,0.0,2.9,100.0,0.0
2017-09-11,,,,,,,,,,,,,0.0,3.5,100.0,0.0
2017-09-12,0.6,5.1,90.8,,,,,,,,,,0.0,4.3,100.0,0.0
2017-09-13,2.7,8.7,58.8,,,,,,,,,,0.0,6.1,100.0,0.0
2017-09-14,0.4,7.1,62.7,,,,,,,,,,0.0,6.0,100.0,0.0
2017-09-15,0.1,3.4,58.9,,,,,,,,,,0.0,6.9,100.0,0.0
2017-09-16,,,,,,,,,,,,,0.0,7.1,100.0,0.0
2017-09-17,,,,,,,,,,,,,0.0,8.8,100.0,0.0
2017-09-18,0.0,2.6,91.4,,,,,,,,,,0.0,8.2,100.0,0.0
2017-09-19,0.0,2.4,61.6,,,,,,,,,,0.0,8.6,100.0,0.0
2017-09-20,0.0,1.9,94.2,,,,,,,,,,0.0,7.5,100.0,0.0
2017-09-21,0.0,1.1,59.9,,,,,,,,,,0.0,7.8,100.0,0.0
2017-09-22,,,,,,,,,,,,,0.0,7.1,100.0,0.0
2017-09-23,,,,,,,,,,,,,0.0,6.8,100.0,0.0
2017-09-24,0.0,1.2,89.6,,,,,,,,,,0.0,6.0,100.0,0.0
2017-09-25,0.1,1.4,61.2,,,,,,,,,,0.0,5.9,100.0,0.0
2017-09-26,0.1,2.5,62.3,,,,,,,,,,0.0,5.4,100.0,0.0
2017-09-27,0.0,2.2,59.9,,,,,,,,,,0.0,5.7,100.0,0.0
2017-09-28,,,,,,,,,,,,,0.0,4.0,100.0,0.0
2017-09-29,,,,,,,,,,,,,0.0,3.7,100.0,0.0
2017-09-30,0.0,1.4,91.1,,,,,,,,,,0.0,3.1,100.0,0.0
2017-10-01,0.0,2.0,61.4,,,,,,,,,,0.0,2.8,100.0,0.0
2017-10-02,0.0,2.0,94.0,,,,,,,,,,0.0,2.6,100.0,0.0
2017-10-03,0.0,1.7,60.6,,,,,,,,,,0.0,2.8,100.0,0.0
2017-10-04,,,,0.0,0.0,99.5,,,,,,,0.0,2.4,100.0,0.0
2017-10-05,,,,,,,,,,,,,0.0,2.5,100.0,0.0
2017-10-06,0.0,1.3,90.3,,,,,,,,,,0.0,2.3,100.0,0.0
2017-10-07,0.0,0.9,61.2,,,,,,,,,,0.0,2.7,100.0,0.0
2017-10-08,0.0,1.1,61.0,,,,,,,,,,0.0,2.7,100.0,0.0
2017-10-09,0.0,0.9,60.2,0.0,0.1,78.2,,,,,,,0.0,2.5,100.0,0.0
2017-10-10,,,,,,,,,,,,,0.0,1.9,100.0,0.0
2017-10-11,,,,,,,,,,,,,0.0,1.9,100.0,0.0
2017-10-12,0.1,1.2,90.5,,,,,,,,,,0.0,1.9,100.0,0.0
2017-10-13,0.0,0.8,58.2,,,,,,,,,,0.0,2.0,100.0,0.0
2017-10-14,0.0,1.7,94.5,0.0,0.1,100.0,,,,,,,0.0,1.7,100.0,0.0
2017-10-15,0.0,1.0,58.3,,,,0.0,0.0,50.4,,,,0.0,1.5,100.0,0.0
2017-10-16,,,,,,,,,,,,,0.0,1.5,100.0,0.0
2017-10-17,,,,,,,,,,,,,0.0,1.7,100.0,0.0
2017-10-18,0.1,1.8,90.7,,,,,,,,,,0.0,1.5,100.0,0.0
2017-10-19,0.1,1.2,59.1,0.0,0.2,100.0,,,,,,,0.0,1.4,100.0,0.0
2017-10-20,0.3,1.9,59.4,,,,,,,,,,0.0,1.4,100.0,0.0
2017-10-21,0.6,2.3,58.8,,,,,,,,,,0.0,1.5,100.0,0.0
2017-10-22,,,,,,,,,,,,,0.0,1.9,100.0,0.0
2017-10-23,,,,,,,,,,,,,0.0,1.9,100.0,0.0
2017-10-24,0.3,3.3,90.8,1.0,1.2,100.0,0.5,1.3,100.0,,,,0.0,2.0,100.0,0.0
2017-10-25,2.3,5.9,57.8,,,,,,,,,,0.0,2.0,100.0,0.0
2017-10-26,2.5,7.4,93.6,,,,,,,,,,0.0,2.1,100.0,0.0
2017-10-27,1.8,5.5,76.7,,,,,,,,,,0.0,2.3,100.0,0.0
2017-10-28,,,,,,,,,,,,,0.0,2.8,100.0,0.0
2017-10-29,,,,,,,,,,,,,0.0,2.5,100.0,0.0
2017-10-30,0.6,4.8,72.8,,,,,,,,,,0.0,2.6,100.0,0.0
2017-10-31,2.5,6.5,75.2,,,,0.0,0.6,41.2,,,,0.0,2.9,100.0,0.0
2017-11-01,4.2,8.8,41.9,,,,,,,,,,0.0,3.9,100.0,0.0
2017-11-02,3.0,8.5,72.0,,,,,,,,,,0.0,4.0,100.0,0.0
2017-11-03,,,,1.7,1.8,100.0,,,,,,,0.0,3.9,100.0,0.0
2017-11-04,,,,,,,,,,,,,0.0,4.3,100.0,0.0
2017-11-05,1.1,5.6,65.2,,,,,,,,,,0.0,4.6,100.0,0.0
2017-11-06,2.5,7.3,76.7,,,,,,,,,,0.0,4.6,100.0,0.0
2017-11-07,1.6,5.1,76.4,,,,,,,,,,0.0,5.0,100.0,0.0
2017-11-08,2.1,5.1,76.8,1.0,1.8,100.0,,,,,,,0.0,4.9,100.0,0.0
2017-11-09,,,,,,,0.9,2.6,81.2,,,,0.0,5.8,100.0,0.0
2017-11-10,,,,,,,,,,,,,0.0,5.7,100.0,0.0
2017-11-11,0.4,2.9,74.1,,,,,,,,,,0.0,6.0,100.0,0.0
2017-11-12,1.8,3.5,74.7,,,,,,,,,,0.0,5.7,100.0,0.0
2017-11-13,1.8,3.1,41.0,,,,,,,,,,0.0,5.6,100.0,0.0
2017-11-14,1.0,2.4,75.7,,,,,,,,,,0.0,5.7,100.0,0.0
2017-11-15,,,,,,,,,,,,,0.0,6.1,100.0,0.0
2017-11-16,,,,,,,0.2,2.3,100.0,,,,0.0,6.9,100.0,0.0
2017-11-17,0.0,1.5,74.6,,,,,,,,,,0.0,6.8,100.0,0.0
2017-11-18,1.1,2.1,76.8,1.2,2.4,100.0,,,,,,,0.0,6.6,100.0,0.0
2017-11-19,0.9,1.8,76.7,,,,,,,,,,0.0,6.8,100.0,0.0
2017-11-20,0.9,2.0,76.5,,,,,,,,,,0.0,8.1,100.0,0.0
2017-11-21,,,,,,,,,,,,,0.0,7.3,100.0,0.0
2017-11-22,,,,,,,,,,,,,0.0,7.8,100.0,0.0
2017-11-23,0.1,1.4,74.2,6.0,14.9,100.0,,,,,,,0.0,8.7,100.0,0.0
2017-11-24,0.8,2.3,76.8,,,,,,,,,,0.0,11.8,100.0,0.0
2017-11-25,1.1,2.7,44.0,,,,,,,,,,0.0,12.0,100.0,0.0
2017-11-26,1.2,2.2,76.5,,,,,,,,,,0.0,14.5,100.0,0.0
2017-11-27,,,,,,,,,,,,,0.0,17.6,100.0,0.0
2017-11-28,,,,,,,,,,,,,0.0,24.0,100.0,0.0
2017-11-29,0.1,1.9,74.4,,,,,,,,,,0.0,26.9,100.0,0.0
2017-11-30,1.5,3.6,76.8,,,,,,,,,,0.6,35.8,100.0,0.6
2017-12-01,1.7,6.4,76.5,,,,,,,,,,1.2,41.7,100.0,1.2
2017-12-02,3.1,14.4,76.1,,,,,,,,,,68.7,59.0,100.0,68.7
2017-12-03,,,,32.8,50.2,100.0,,,,,,,77.7,63.0,100.0,77.7
2017-12-04,,,,,,,,,,,,,97.3,69.2,100.0,97.2
2017-12-05,18.6,32.6,75.2,,,,,,,,,,97.9,72.9,100.0,97.9
2017-12-06,87.1,55.3,77.3,,,,,,,,,,98.8,79.1,100.0,98.8
2017-12-07,98.1,65.9,43.3,,,,,,,,,,99.2,81.5,100.0,99.2
2017-12-08,99.9,78.3,76.3,,,,,,,,,,99.3,85.4,100.0,99.3
2017-12-09,,,,,,,,,,,,,99.3,89.1,100.0,99.3
2017-12-10,,,,,,,,,,,,,99.6,91.5,100.0,99.6
2017-12-11,99.8,81.5,73.5,,,,,,,,,,99.3,93.2,100.0,99.2
2017-12-12,96.6,81.1,94.4,,,,,,,,,,99.4,94.6,100.0,99.4
2017-12-13,100.0,85.4,94.3,100.0,99.5,100.0,,,,,,,99.5,96.5,100.0,99.5
2017-12-14,100.0,91.0,91.8,,,,,,,,,,99.6,96.2,100.0,99.6
2017-12-15,,,,,,,,,,,,,99.4,96.1,100.0,99.4
2017-12-16,,,,,,,,,,,,,99.6,96.3,100.0,99.6
2017-12-17,100.0,93.9,87.2,,,,,,,,,,99.6,97.0,100.0,99.6
2017-12-18,100.0,95.1,92.3,,,,,,,,,,99.8,97.3,100.0,99.8
2017-12-19,100.0,94.8,54.3,,,,,,,,,,99.7,97.6,100.0,99.7
2017-12-20,100.0,95.6,93.0,,,,,,,,,,99.8,97.8,100.0,99.8
2017-12-21,,,,,,,,,,,,,99.8,98.1,100.0,99.8
2017-12-22,,,,,,,,,,,,,99.8,98.2,100.0,99.8
2017-12-23,100.0,96.1,91.2,100.0,99.7,100.0,,,,,,,99.8,98.4,100.0,99.8
2017-12-24,99.9,96.1,94.3,,,,,,,,,,99.8,98.2,100.0,99.8
2017-12-25,100.0,95.8,94.6,,,,,,,,,,99.8,98.0,100.0,99.8
2017-12-26,100.0,95.3,93.1,,,,,,,,,,99.8,98.1,100.0,99.8
2017-12-27,,,,,,,100.0,98.9,93.2,,,,99.8,97.9,100.0,99.8
2017-12-28,,,,,,,,,,,,,99.8,97.6,100.0,99.8
2017-12-29,100.0,95.4,89.8,,,,,,,,,,99.8,97.9,100.0,99.8
2017-12-30,100.0,95.6,92.8,,,,,,,,,,99.8,97.9,100.0,99.8
2017-12-31,100.0,95.2,55.2,,,,,,,,,,99.8,97.1,100.0,99.8
2018-01-01,100.0,91.9,89.4,,,,,,,,,,98.9,93.3,100.0,98.9
2018-01-02,,,,,,,,,,,,,99.2,93.0,100.0,99.2
2018-01-03,,,,,,,,,,,,,99.0,92.8,100.0,99.0
2018-01-04,100.0,91.4,84.9,,,,,,,,,,99.3,92.9,100.0,99.3
2018-01-05,100.0,92.4,91.3,,,,,,,,,,99.2,93.2,100.0,99.2
2018-01-06,100.0,91.9,91.0,,,,,,,,,,99.8,94.7,100.0,99.8
2018-01-07,100.0,91.3,90.4,,,,,,,,,,99.8,94.7,100.0,99.8
2018-01-08,,,,,,,,,,,,,99.9,95.5,100.0,99.9
2018-01-09,,,,,,,,,,,,,99.9,95.6,100.0,99.9
2018-01-10,100.0,88.9,85.0,,,,,,,,,,100.0,96.6,100.0,100.0
2018-01-11,100.0,90.1,91.3,,,,,,,,,,100.0,96.1,100.0,100.0
2018-01-12,100.0,93.2,57.6,100.0,99.6,100.0,100.0,99.9,97.1,,,,100.0,97.8,100.0,100.0
2018-01-13,100.0,92.7,89.1,,,,,,,,,,100.0,96.6,100.0,100.0
2018-01-14,,,,,,,,,,,,,100.0,97.4,100.0,100.0
2018-01-15,,,,,,,,,,,,,100.0,96.8,100.0,100.0
2018-01-16,100.0,92.0,83.9,,,,,,,,,,100.0,97.4,100.0,100.0
2018-01-17,100.0,94.2,89.5,,,,,,,,,,100.0,96.6,100.0,100.0
2018-01-18,100.0,94.0,88.9,,,,,,,,,,100.0,97.4,100.0,100.0
2018-01-19,100.0,96.2,87.7,,,,,,,,,,100.0,97.1,100.0,100.0
2018-01-20,,,,,,,,,,,,,100.0,96.8,100.0,100.0
2018-01-21,,,,,,,,,,,,,100.0,96.4,100.0,100.0
2018-01-22,100.0,95.6,83.6,,,,,,,,,,100.0,97.6,100.0,100.0
2018-01-23,100.0,96.4,89.6,,,,,,,,,,100.0,97.6,100.0,100.0
2018-01-24,100.0,95.4,89.5,,,,,,,,,,100.0,98.1,100.0,100.0
2018-01-25,99.9,96.4,87.9,,,,,,,,,,100.0,98.1,100.0,100.0
2018-01-26,,,,,,,,,,,,,100.0,98.4,100.0,100.0
2018-01-27,,,,100.0,99.6,100.0,,,,,,,100.0,98.7,100.0,100.0
2018-01-28,100.0,96.9,88.5,,,,100.0,100.0,51.9,,,,100.0,98.7,100.0,100.0
2018-01-29,100.0,97.8,93.9,,,,,,,,,,100.0,98.6,100.0,100.0
2018-01-30,100.0,97.2,95.7,,,,,,,,,,100.0,98.7,100.0,100.0
2018-01-31,100.0,97.4,94.2,,,,,,,,,,100.0,98.7,100.0,100.0
2018-02-01,,,,,,,,,,,,,100.0,98.7,100.0,100.0
2018-02-02,,,,,,,,,,,,,100.0,98.8,100.0,100.0
2018-02-03,100.0,97.7,85.1,,,,,,,,,,100.0,98.9,100.0,100.0
2018-02-04,100.0,98.4,90.0,,,,100.0,100.0,100.0,,,,100.0,99.1,100.0,100.0
2018-02-05,100.0,97.5,94.1,,,,,,,,,,100.0,98.8,100.0,100.0
2018-02-06,100.0,97.3,94.1,,,,,,,,,,100.0,99.0,100.0,100.0
2018-02-07,,,,,,,,,,,,,100.0,98.9,100.0,100.0
2018-02-08,,,,,,,,,,,,,100.0,98.7,100.0,100.0
2018-02-09,100.0,96.8,88.3,,,,,,,,,,100.0,98.6,100.0,100.0
2018-02-10,100.0,97.3,95.0,,,,,,,,,,100.0,98.8,100.0,100.0
2018-02-11,99.9,96.6,93.9,,,,,,,,,,100.0,98.8,100.0,100.0
2018-02-12,100.0,97.4,91.9,,,,,,,,,,100.0,98.7,100.0,100.0
2018-02-13,,,,,,,100.0,100.0,40.2,,,,100.0,98.8,100.0,100.0
2018-02-14,,,,,,,,,,,,,100.0,99.0,100.0,100.0
2018-02-15,100.0,97.5,85.9,,,,,,,,,,100.0,99.3,100.0,100.0
2018-02-16,100.0,98.0,93.4,,,,,,,,,,100.0,99.4,100.0,100.0
2018-02-17,100.0,97.4,92.9,,,,,,,,,,100.0,99.6,100.0,100.0
2018-02-18,100.0,98.1,92.2,,,,,,,,,,100.0,99.6,100.0,100.0
2018-02-19,,,,,,,,,,,,,100.0,99.6,100.0,100.0
2018-02-20,,,,,,,100.0,100.0,100.0,,,,100.0,99.8,100.0,100.0
2018-02-21,100.0,98.4,86.1,100.0,99.7,100.0,,,,,,,100.0,99.8,100.0,100.0
2018-02-22,100.0,98.8,93.2,,,,,,,,,,100.0,99.8,100.0,100.0
2018-02-23,100.0,97.9,92.1,,,,,,,,,,100.0,99.8,100.0,100.0
2018-02-24,100.0,98.0,91.8,,,,,,,,,,100.0,99.8,100.0,100.0
2018-02-25,,,,,,,,,,,,,100.0,99.8,100.0,100.0
2018-02-26,,,,100.0,99.3,100.0,,,,,,,100.0,99.9,100.0,100.0
2018-02-27,100.0,98.4,86.4,,,,,,,,,,100.0,99.9,100.0,100.0
2018-02-28,100.0,98.9,92.7,,,,,,,,,,100.0,99.8,100.0,100.0
2018-03-01,100.0,98.4,91.7,,,,,,,,,,100.0,99.7,100.0,100.0
2018-03-02,100.0,98.6,90.4,,,,,,,,,,100.0,99.7,100.0,100.0
2018-03-03,,,,100.0,99.3,100.0,,,,,,,100.0,99.7,100.0,100.0
2018-03-04,,,,,,,,,,,,,100.0,99.6,100.0,100.0
2018-03-05,100.0,98.9,85.1,,,,,,,,,,100.0,99.5,100.0,100.0
2018-03-06,100.0,99.4,92.0,,,,,,,,,,100.0,99.5,100.0,100.0
2018-03-07,100.0,99.1,90.4,,,,,,,,,,100.0,99.4,100.0,100.0
2018-03-08,100.0,99.3,90.7,100.0,99.6,100.0,100.0,100.0,92.1,,,,100.0,99.5,100.0,100.0
2018-03-09,,,,,,,,,,,,,100.0,98.9,100.0,100.0
2018-03-10,,,,,,,,,,,,,100.0,98.9,100.0,100.0
2018-03-11,100.0,99.3,85.3,,,,,,,,,,100.0,98.4,100.0,100.0
2018-03-12,100.0,99.5,93.0,,,,,,,,,,100.0,98.4,100.0,100.0
2018-03-13,100.0,98.9,62.6,,,,,,,,,,99.9,97.2,100.0,99.9
2018-03-14,100.0,99.0,92.9,,,,,,,,,,99.9,97.6,100.0,99.9
2018-03-15,,,,,,,,,,,,,99.9,96.0,100.0,99.9
2018-03-16,,,,,,,,,,,,,99.9,95.7,100.0,99.9
2018-03-17,100.0,98.9,84.7,,,,,,,,,,99.9,92.9,100.0,99.9
2018-03-18,100.0,99.1,92.0,,,,,,,,,,100.0,95.5,100.0,100.0
2018-03-19,100.0,98.0,91.5,,,,,,,,,,100.0,93.0,100.0,100.0
2018-03-20,100.0,96.7,93.4,,,,,,,,,,100.0,94.8,100.0,100.0
2018-03-21,,,,,,,,,,,,,100.0,93.7,100.0,100.0
2018-03-22,,,,,,,,,,,,,100.0,95.8,100.0,100.0
2018-03-23,100.0,95.9,87.6,100.0,99.8,62.0,,,,,,,100.0,96.0,100.0,100.0
2018-03-24,100.0,95.7,93.8,,,,100.0,100.0,100.0,,,,100.0,97.2,100.0,100.0
2018-03-25,100.0,92.3,60.7,,,,,,,,,,100.0,96.3,100.0,100.0
2018-03-26,99.5,89.7,89.3,,,,,,,,,,100.0,96.9,100.0,100.0
2018-03-27,,,,,,,,,,,,,100.0,96.0,100.0,100.0
2018-03-28,,,,99.9,99.3,77.6,,,,,,,100.0,95.0,100.0,100.0
2018-03-29,100.0,87.8,87.6,,,,,,,,,,100.0,94.8,100.0,100.0
2018-03-30,99.9,87.9,95.7,,,,,,,,,,100.0,94.0,100.0,100.0
2018-03-31,99.9,87.5,96.7,,,,,,,,,,100.0,95.0,100.0,100.0
2018-04-01,99.8,83.3,96.1,,,,,,,,,,100.0,93.0,100.0,100.0
2018-04-02,,,,100.0,99.3,32.4,100.0,99.7,100.0,,,,100.0,95.9,100.0,100.0
2018-04-03,,,,,,,,,,,,,100.0,93.5,100.0,100.0
2018-04-04,99.4,78.5,87.5,,,,,,,,,,100.0,94.9,100.0,100.0
2018-04-05,98.7,78.3,97.3,,,,,,,,,,100.0,93.4,100.0,100.0
2018-04-06,98.7,73.0,64.8,,,,,,,,,,100.0,94.5,100.0,100.0
2018-04-07,90.2,62.5,96.4,100.0,98.6,100.0,,,,,,,99.3,93.2,100.0,99.3
2018-04-08,,,,,,,,,,,,,98.9,91.8,100.0,98.9
2018-04-09,,,,,,,,,,,,,97.6,89.8,100.0,97.6
2018-04-10,81.8,57.4,92.7,,,,,,,,,,97.3,90.1,100.0,97.3
2018-04-11,77.0,55.9,97.3,,,,,,,,,,94.0,84.8,100.0,94.0
2018-04-12,82.4,60.0,96.8,,,,,,,,,,93.4,84.2,100.0,93.4
2018-04-13,63.0,48.8,97.5,,,,,,,,,,92.3,81.6,100.0,92.3
2018-04-14,,,,,,,,,,,,,92.7,81.6,100.0,92.7
2018-04-15,,,,,,,,,,,,,91.4,78.3,100.0,91.4
2018-04-16,67.1,51.2,92.7,,,,,,,,,,91.8,78.9,100.0,91.8
2018-04-17,53.9,45.1,98.2,100.0,97.8,100.0,,,,,,,92.8,80.9,100.0,92.8
2018-04-18,,,,,,,100.0,98.7,95.3,,,,93.4,82.3,100.0,93.4
2018-04-19,69.8,53.6,96.7,,,,,,,,,,92.4,79.0,100.0,92.4
2018-04-20,,,,,,,,,,,,,92.9,79.9,100.0,92.9
2018-04-21,,,,,,,,,,,,,93.5,80.4,100.0,93.5
2018-04-22,63.7,51.1,93.0,100.0,97.4,100.0,,,,,,,94.6,82.4,100.0,94.6
2018-04-23,77.6,60.1,95.7,,,,,,,,,,93.4,80.4,100.0,93.4
2018-04-24,85.4,64.4,96.3,,,,,,,,,,93.2,80.0,100.0,93.2
2018-04-25,91.2,71.9,97.9,,,,100.0,95.7,89.4,,,,94.3,83.2,100.0,94.3
2018-04-26,,,,,,,,,,,,,93.4,81.5,100.0,93.4
2018-04-27,,,,100.0,97.8,97.1,,,,,,,92.5,81.9,100.0,92.5
2018-04-28,91.2,73.0,94.7,,,,,,,,,,91.9,80.3,100.0,91.9
2018-04-29,94.0,75.5,97.3,,,,,,,,,,86.5,76.2,100.0,86.5
2018-04-30,97.2,72.6,64.5,,,,,,,,,,80.2,71.8,100.0,80.2
2018-05-01,89.8,70.9,97.6,,,,,,,,,,63.5,63.0,100.0,63.5
2018-05-02,,,,,,,,,,,,,41.6,54.8,100.0,41.6
2018-05-03,,,,,,,,,,,,,19.4,42.8,100.0,19.4
2018-05-04,86.7,64.9,91.8,,,,,,,,,,12.6,36.5,100.0,12.6
2018-05-05,85.2,62.8,98.1,,,,,,,,,,5.2,25.1,100.0,5.2
2018-05-06,45.1,42.7,97.8,,,,,,,,,,2.2,18.7,100.0,2.2
2018-05-07,19.7,30.7,96.1,79.2,64.9,100.0,,,,,,,0.6,12.8,100.0,0.6
2018-05-08,,,,,,,,,,,,,0.3,9.8,100.0,0.3
2018-05-09,,,,,,,,,,,,,0.1,7.1,100.0,0.1
2018-05-10,4.1,17.6,89.7,,,,,,,,,,0.0,6.1,100.0,0.0
2018-05-11,6.2,17.3,97.7,,,,,,,,,,0.0,4.5,100.0,0.0
2018-05-12,7.4,14.9,67.1,,,,,,,,,,0.0,4.3,100.0,0.0
2018-05-13,4.4,11.3,96.2,,,,,,,,,,0.0,4.0,100.0,0.0
2018-05-14,,,,,,,,,,,,,0.0,3.6,100.0,0.0
2018-05-15,,,,,,,,,,,,,0.0,3.4,100.0,0.0
2018-05-16,0.2,8.4,91.3,,,,,,,,,,0.0,3.5,100.0,0.0
2018-05-17,3.0,12.4,96.9,,,,,,,,,,0.0,4.0,100.0,0.0
2018-05-18,4.5,13.2,97.6,,,,,,,,,,0.0,4.1,100.0,0.0
2018-05-19,4.5,11.9,96.8,,,,,,,,,,0.0,4.7,100.0,0.0
2018-05-20,,,,,,,,,,,,,0.0,5.0,100.0,0.0
2018-05-21,,,,,,,,,,,,,0.0,5.7,100.0,0.0
2018-05-22,0.8,9.3,90.6,,,,,,,,,,0.0,5.2,100.0,0.0
2018-05-23,2.0,8.9,95.5,,,,,,,,,,0.0,5.5,100.0,0.0
2018-05-24,1.5,6.7,67.4,,,,,,,,,,0.0,5.8,100.0,0.0
2018-05-25,1.0,5.8,94.0,,,,,,,,,,0.0,6.6,100.0,0.0
2018-05-26,,,,,,,,,,,,,0.0,5.9,100.0,0.0
2018-05-27,,,,,,,,,,,,,0.0,6.5,100.0,0.0
2018-05-28,0.3,3.6,88.2,,,,,,,,,,0.0,6.9,100.0,0.0
2018-05-29,0.5,3.6,75.5,,,,,,,,,,0.0,6.6,100.0,0.0
2018-05-30,0.3,2.7,77.8,,,,,,,,,,0.0,5.2,100.0,0.0
2018-05-31,0.1,2.0,76.9,,,,,,,,,,0.0,5.6,100.0,0.0
2018-06-01,,,,,,,,,,,,,0.0,5.7,100.0,0.0
2018-06-02,,,,,,,,,,,,,0.0,4.4,100.0,0.0
2018-06-03,0.0,1.6,73.0,,,,,,,,,,0.0,2.9,100.0,0.0
2018-06-04,0.0,2.0,75.3,,,,,,,,,,0.0,2.8,100.0,0.0
2018-06-05,0.1,1.6,49.0,,,,,,,,,,0.0,2.2,100.0,0.0
2018-06-06,0.0,1.8,77.2,,,,,,,,,,0.0,2.3,100.0,0.0
2018-06-07,,,,,,,,,,,,,0.0,1.7,100.0,0.0
2018-06-08,,,,,,,,,,,,,0.0,1.6,100.0,0.0
2018-06-09,0.0,1.8,71.1,,,,,,,,,,0.0,1.3,100.0,0.0
2018-06-10,0.0,1.8,76.7,,,,,,,,,,0.0,1.2,100.0,0.0
2018-06-11,0.0,1.4,78.1,,,,,,,,,,0.0,0.8,100.0,0.0
2018-06-12,0.0,1.3,77.6,,,,,,,,,,0.0,0.9,100.0,0.0
2018-06-13,,,,,,,,,,,,,0.0,0.8,100.0,0.0
2018-06-14,,,,,,,,,,,,,0.0,0.9,100.0,0.0
2018-06-15,0.0,1.1,73.0,,,,,,,,,,0.0,1.0,100.0,0.0
2018-06-16,0.0,1.4,76.3,0.0,0.2,100.0,,,,,,,0.0,1.0,100.0,0.0
2018-06-17,0.0,1.1,47.7,,,,,,,,,,0.0,1.1,100.0,0.0
2018-06-18,0.0,1.0,75.4,,,,,,,,,,0.0,1.2,100.0,0.0
2018-06-19,,,,,,,,,,,,,0.0,1.1,100.0,0.0
2018-06-20,,,,,,,,,,,,,0.0,0.9,100.0,0.0
2018-06-21,0.0,1.0,75.5,0.0,0.0,32.8,,,,,,,0.0,0.9,100.0,0.0
2018-06-22,0.0,1.0,78.7,,,,,,,,,,0.0,1.0,100.0,0.0
2018-06-23,0.0,0.7,78.7,,,,,,,,,,0.0,1.0,100.0,0.0
2018-06-24,0.0,0.5,78.8,,,,,,,,,,0.0,1.1,100.0,0.0
2018-06-25,,,,,,,,,,,,,0.0,1.2,100.0,0.0
2018-06-26,,,,,,,,,,,,,0.0,1.1,100.0,0.0
2018-06-27,0.0,0.4,74.4,,,,,,,,,,0.0,1.0,100.0,0.0
2018-06-28,0.0,0.6,79.3,,,,,,,,,,0.0,0.9,100.0,0.0
2018-06-29,,,,,,,,,,,,,0.0,1.1,100.0,0.0
2018-06-30,0.0,0.5,78.0,,,,,,,,,,0.0,0.8,100.0,0.0
2018-07-01,,,,0.0,0.0,63.2,,,,,,,0.0,0.8,100.0,0.0
2018-07-02,,,,,,,,,,,,,0.0,0.7,100.0,0.0
2018-07-03,0.0,0.4,74.6,,,,,,,,,,0.0,0.9,100.0,0.0
2018-07-04,0.0,0.6,79.3,,,,,,,,,,0.0,0.8,100.0,0.0
2018-07-05,0.0,0.4,78.5,,,,,,,,,,0.0,0.7,100.0,0.0
2018-07-06,0.0,0.5,78.2,,,,,,,,,,0.0,0.7,100.0,0.0
2018-07-07,,,,,,,,,,,,,0.0,1.0,100.0,0.0
2018-07-08,,,,,,,,,,,,,0.0,0.9,100.0,0.0
2018-07-09,0.0,0.3,72.8,,,,,,,,,,0.0,1.0,100.0,0.0
2018-07-10,0.0,0.6,44.4,,,,,,,,,,0.0,1.1,100.0,0.0
2018-07-11,0.0,0.3,49.9,0.0,0.0,39.1,,,,,,,0.0,1.1,100.0,0.0
2018-07-12,0.0,0.5,77.9,,,,,,,,,,0.0,0.8,100.0,0.0
2018-07-13,,,,,,,,,,,,,0.0,0.6,100.0,0.0
2018-07-14,,,,,,,0.0,0.0,34.1,,,,0.0,0.5,100.0,0.0
2018-07-15,0.0,0.5,75.3,,,,,,,,,,0.0,0.5,100.0,0.0
2018-07-16,0.0,0.7,78.5,,,,,,,,,,0.0,0.3,100.0,0.0
2018-07-17,0.0,0.6,78.8,,,,,,,,,,0.0,0.3,100.0,0.0
2018-07-18,0.0,1.0,88.7,,,,,,,,,,0.0,0.2,100.0,0.0
2018-07-19,,,,,,,,,,,,,0.0,0.2,100.0,0.0
2018-07-20,,,,,,,,,,,,,0.0,0.1,100.0,0.0
2018-07-21,0.1,0.9,90.4,,,,,,,,,,0.0,0.2,100.0,0.0
2018-07-22,0.0,0.9,90.4,,,,,,,,,,0.0,0.1,100.0,0.0
2018-07-23,0.0,0.8,61.1,,,,,,,,,,0.0,0.1,100.0,0.0
2018-07-24,0.0,0.8,90.6,,,,,,,,,,0.0,0.1,100.0,0.0
2018-07-25,,,,,,,,,,,,,0.0,0.2,100.0,0.0
2018-07-26,,,,0.0,0.0,64.9,,,,,,,0.0,0.2,100.0,0.0
2018-07-27,0.0,0.6,91.3,,,,,,,,,,0.0,0.1,100.0,0.0
2018-07-28,0.0,0.7,92.0,,,,,,,,,,0.0,0.1,100.0,0.0
2018-07-29,0.0,0.7,89.9,,,,,,,,,,0.0,0.1,100.0,0.0
2018-07-30,0.0,0.8,89.7,,,,0.0,0.0,71.8,,,,0.0,0.1,100.0,0.0
2018-07-31,,,,0.0,0.0,88.5,,,,0.0,0.4,100.0,0.0,0.1,100.0,0.0
2018-08-01,,,,,,,,,,,,,0.0,0.1,100.0,0.0
2018-08-02,0.0,0.6,89.6,,,,,,,,,,0.0,0.2,100.0,0.0
2018-08-03,0.0,0.8,92.3,,,,,,,,,,0.0,0.2,100.0,0.0
2018-08-04,0.0,0.7,61.2,,,,,,,,,,0.0,0.2,100.0,0.0
2018-08-05,0.2,1.3,39.9,0.0,0.0,100.0,,,,0.0,0.3,100.0,0.0,0.1,100.0,0.0
2018-08-06,,,,,,,,,,,,,0.0,0.2,100.0,0.0
2018-08-07,,,,,,,,,,,,,0.0,0.3,100.0,0.0
2018-08-08,0.0,0.9,39.3,,,,,,,0.0,0.1,98.9,0.0,0.3,100.0,0.0
2018-08-09,0.0,0.9,38.4,,,,,,,0.0,0.1,98.4,0.0,0.2,100.0,0.0
2018-08-10,0.0,0.9,36.0,,,,,,,,,,0.0,0.3,100.0,0.0
2018-08-11,0.2,1.4,40.9,,,,,,,0.0,0.0,100.0,0.0,0.2,100.0,0.0
2018-08-12,,,,,,,,,,,,,0.0,0.3,100.0,0.0
2018-08-13,,,,,,,,,,,,,0.0,0.2,100.0,0.0
2018-08-14,0.0,0.9,39.0,,,,,,,,,,0.0,0.3,100.0,0.0
2018-08-15,0.0,1.1,39.1,0.0,0.0,70.0,0.0,0.0,48.5,0.0,0.0,100.0,0.0,0.2,100.0,0.0
2018-08-16,0.0,0.8,28.6,,,,,,,,,,0.0,0.2,100.0,0.0
2018-08-17,0.0,0.8,26.8,,,,,,,,,,0.0,0.2,100.0,0.0
2018-08-18,,,,,,,,,,,,,0.0,0.2,100.0,0.0
2018-08-19,,,,,,,,,,,,,0.0,0.2,100.0,0.0
2018-08-20,0.0,0.9,28.7,0.0,0.0,100.0,,,,,,,0.0,0.1,100.0,0.0
2018-08-21,0.0,0.7,29.6,,,,,,,0.0,0.0,100.0,0.0,0.1,100.0,0.0
2018-08-22,0.0,0.4,28.9,,,,,,,,,,0.0,0.2,100.0,0.0
2018-08-23,0.0,0.4,27.7,,,,,,,,,,0.0,0.2,100.0,0.0
2018-08-24,,,,,,,,,,0.0,0.0,100.0,0.0,0.1,100.0,0.0
2018-08-25,,,,,,,,,,,,,0.0,0.1,100.0,0.0
2018-08-26,0.0,0.1,28.9,,,,,,,,,,0.0,0.1,100.0,0.0
2018-08-27,0.0,0.2,30.0,,,,,,,,,,0.0,0.1,100.0,0.0
2018-08-28,0.0,0.2,28.0,,,,,,,0.0,0.0,100.0,0.0,0.1,100.0,0.0
2018-08-29,0.0,0.3,31.1,,,,,,,0.0,0.0,100.0,0.0,0.1,100.0,0.0
2018-08-30,,,,,,,,,,,,,0.0,0.1,100.0,0.0
2018-08-31,,,,,,,,,,,,,0.0,0.1,100.0,0.0
2018-09-01,0.0,0.2,30.5,,,,,,,0.0,0.0,75.4,0.0,0.1,100.0,0.0
2018-09-02,0.0,0.4,30.5,,,,,,,,,,0.0,0.1,100.0,0.0
2018-09-03,0.0,0.5,30.5,,,,,,,,,,0.0,0.1,100.0,0.0
2018-09-04,0.0,0.9,55.1,0.0,0.0,38.2,,,,0.0,0.0,100.0,0.0,0.1,100.0,0.0
2018-09-05,,,,,,,,,,,,,0.0,0.1,100.0,0.0
2018-09-06,,,,,,,,,,0.0,0.0,100.0,0.0,0.1,100.0,0.0
2018-09-07,0.0,0.6,55.2,,,,,,,0.0,0.0,100.0,0.0,0.1,100.0,0.0
2018-09-08,0.0,0.5,54.4,,,,,,,0.0,0.0,100.0,0.0,0.0,100.0,0.0
2018-09-09,0.0,0.4,48.5,0.0,0.0,100.0,0.0,0.0,95.5,0.0,0.0,100.0,0.0,0.0,100.0,0.0
2018-09-10,0.0,0.7,53.9,,,,,,,,,,0.0,0.0,100.0,0.0
2018-09-11,,,,,,,,,,,,,0.0,0.0,100.0,0.0
2018-09-12,,,,,,,,,,0.0,0.0,100.0,0.0,0.0,100.0,0.0
2018-09-13,0.0,0.7,75.7,,,,,,,,,,0.0,0.0,100.0,0.0
2018-09-14,0.0,0.8,55.9,,,,,,,,,,0.0,0.0,100.0,0.0
2018-09-15,0.3,1.3,80.6,,,,,,,,,,0.0,0.0,100.0,0.0
2018-09-16,0.1,1.4,52.8,,,,0.0,0.0,91.3,,,,0.0,0.1,100.0,0.0
2018-09-17,,,,,,,,,,,,,0.0,0.1,100.0,0.0
2018-09-18,,,,,,,,,,,,,0.0,0.1,100.0,0.0
2018-09-19,0.0,0.9,78.8,0.0,0.0,60.7,,,,,,,0.0,0.1,100.0,0.0
2018-09-20,0.1,1.3,80.4,,,,,,,,,,0.0,0.1,100.0,0.0
2018-09-21,0.0,1.0,50.0,,,,,,,,,,0.0,0.1,100.0,0.0
2018-09-22,0.3,1.3,80.3,,,,,,,0.0,0.0,100.0,0.0,0.1,100.0,0.0
2018-09-23,,,,,,,,,,0.0,0.0,100.0,0.0,0.1,100.0,0.0
2018-09-24,,,,,,,,,,0.0,0.0,100.0,0.0,0.2,100.0,0.0
2018-09-25,0.1,0.7,52.3,,,,0.0,0.0,61.8,0.0,0.4,100.0,0.0,0.2,100.0,0.0
2018-09-26,0.0,0.9,79.0,,,,,,,0.0,7.4,100.0,0.0,0.1,100.0,0.0
2018-09-27,0.0,0.8,77.8,,,,,,,,,,0.0,0.2,100.0,0.0
2018-09-28,0.0,0.8,77.1,,,,,,,,,,0.0,0.2,100.0,0.0
2018-09-29,,,,0.0,0.0,100.0,,,,,,,0.0,0.1,100.0,0.0
2018-09-30,,,,,,,,,,,,,0.0,0.1,100.0,0.0
2018-10-01,0.0,1.0,78.3,,,,,,,,,,0.0,0.1,100.0,0.0
2018-10-02,0.1,1.7,78.1,,,,0.0,0.0,93.2,,,,0.0,0.1,100.0,0.0
2018-10-03,0.0,1.4,51.1,,,,,,,,,,0.0,0.1,100.0,0.0
2018-10-04,0.2,1.7,78.5,0.0,0.0,100.0,,,,,,,0.0,0.1,100.0,0.0
2018-10-05,,,,,,,,,,,,,0.0,0.1,100.0,0.0
2018-10-06,,,,,,,,,,,,,0.0,0.2,100.0,0.0
2018-10-07,0.0,1.4,78.9,,,,,,,,,,0.0,0.3,100.0,0.0
2018-10-08,0.0,1.8,78.3,,,,,,,,,,0.0,0.3,100.0,0.0
2018-10-09,0.0,1.0,77.1,0.0,0.0,100.0,,,,,,,0.0,0.4,100.0,0.0
2018-10-10,0.0,1.2,77.4,,,,,,,,,,0.0,0.8,100.0,0.0
2018-10-11,,,,,,,,,,,,,0.0,1.3,100.0,0.0
2018-10-12,,,,,,,,,,,,,0.0,1.9,100.0,0.0
2018-10-13,0.0,1.4,77.7,,,,,,,,,,0.0,2.4,100.0,0.0
2018-10-14,0.1,2.1,77.7,0.0,0.1,100.0,,,,,,,0.0,2.7,100.0,0.0
2018-10-15,0.0,1.9,51.0,,,,,,,,,,0.0,3.1,100.0,0.0
2018-10-16,0.1,1.5,77.8,,,,,,,,,,0.0,3.5,100.0,0.0
2018-10-17,,,,,,,,,,,,,0.0,3.7,100.0,0.0
2018-10-18,,,,,,,,,,,,,0.0,4.7,100.0,0.0
2018-10-19,0.0,1.2,77.8,0.0,0.0,100.0,,,,,,,0.0,4.3,100.0,0.0
2018-10-20,0.0,1.2,78.7,,,,,,,,,,0.0,4.2,100.0,0.0
2018-10-21,0.0,1.0,77.4,,,,,,,,,,0.0,4.4,100.0,0.0
2018-10-22,0.0,0.9,78.8,,,,,,,,,,0.0,4.4,100.0,0.0
2018-10-23,,,,,,,,,,,,,0.0,4.2,100.0,0.0
2018-10-24,,,,,,,,,,,,,0.0,4.0,100.0,0.0
2018-10-25,0.0,0.8,78.8,,,,,,,,,,0.0,3.8,100.0,0.0
2018-10-26,0.0,0.9,78.4,,,,,,,,,,0.0,3.4,100.0,0.0
2018-10-27,0.1,1.0,49.9,,,,,,,,,,0.0,4.4,100.0,0.0
2018-10-28,0.3,1.4,79.6,,,,,,,,,,0.0,3.9,100.0,0.0
2018-10-29,,,,,,,,,,,,,0.0,3.4,100.0,0.0
2018-10-30,,,,,,,,,,,,,0.0,3.2,100.0,0.0
2018-10-31,0.0,0.9,77.6,,,,,,,,,,0.0,3.1,100.0,0.0
2018-11-01,0.0,0.9,78.6,,,,,,,,,,0.0,3.1,100.0,0.0
2018-11-02,0.0,0.9,77.5,,,,,,,,,,0.0,3.2,100.0,0.0
2018-11-03,0.0,1.1,78.5,0.0,0.2,100.0,0.0,0.1,41.5,,,,0.0,3.0,100.0,0.0
2018-11-04,,,,,,,,,,,,,0.0,3.2,100.0,0.0
2018-11-05,,,,,,,,,,,,,0.0,3.2,100.0,0.0
2018-11-06,0.0,0.8,77.6,,,,,,,,,,0.0,3.3,100.0,0.0
2018-11-07,0.0,0.7,78.8,,,,,,,,,,0.0,3.7,100.0,0.0
2018-11-08,0.0,0.7,47.3,0.2,0.4,100.0,,,,,,,0.0,3.7,100.0,0.0
2018-11-09,0.0,0.9,89.8,,,,,,,,,,0.0,3.7,100.0,0.0
2018-11-10,,,,,,,,,,,,,0.0,3.8,100.0,0.0
2018-11-11,,,,,,,,,,,,,0.0,4.3,100.0,0.0
2018-11-12,0.0,1.0,90.8,,,,0.0,0.0,45.8,,,,0.1,4.8,100.0,0.1
2018-11-13,0.0,1.7,92.3,,,,,,,,,,0.0,4.9,100.0,0.0
2018-11-14,0.0,2.1,89.5,,,,,,,,,,0.0,4.6,100.0,0.0
2018-11-15,0.0,3.8,89.7,,,,,,,,,,0.0,5.0,100.0,0.0
2018-11-16,,,,,,,,,,,,,0.0,6.0,100.0,0.0
2018-11-17,,,,,,,,,,,,,0.0,6.1,100.0,0.0
2018-11-18,0.0,2.0,89.4,0.1,0.4,100.0,,,,,,,0.0,6.1,100.0,0.0
2018-11-19,0.0,2.2,86.4,,,,,,,,,,0.0,6.2,100.0,0.0
2018-11-20,0.0,2.6,57.0,,,,,,,,,,0.0,6.9,100.0,0.0
2018-11-21,0.0,1.9,85.7,,,,,,,,,,0.0,6.9,100.0,0.0
2018-11-22,,,,,,,,,,,,,0.0,6.3,100.0,0.0
2018-11-23,,,,,,,,,,,,,0.0,5.7,100.0,0.0
2018-11-24,0.0,1.1,86.2,,,,,,,,,,0.0,5.5,100.0,0.0
2018-11-25,0.0,1.1,90.4,,,,,,,,,,0.0,5.0,100.0,0.0
2018-11-26,0.0,1.3,89.9,,,,,,,,,,0.0,4.7,100.0,0.0
2018-11-27,0.0,1.3,90.2,,,,,,,,,,0.0,4.9,100.0,0.0
2018-11-28,,,,0.1,1.5,100.0,0.1,1.6,100.0,,,,0.0,5.4,100.0,0.0
2018-11-29,,,,,,,,,,,,,0.0,5.2,100.0,0.0
2018-11-30,0.0,1.0,94.1,,,,,,,,,,0.0,4.4,100.0,0.0
2018-12-01,0.2,1.8,95.8,,,,,,,,,,0.0,4.4,100.0,0.0
2018-12-02,0.7,1.5,61.4,,,,,,,,,,0.0,4.4,100.0,0.0
2018-12-03,0.2,1.7,93.2,,,,,,,,,,0.0,4.7,100.0,0.0
2018-12-04,,,,,,,,,,,,,0.0,4.0,100.0,0.0
2018-12-05,,,,,,,,,,,,,0.0,4.8,100.0,0.0
2018-12-06,0.1,1.2,91.8,,,,,,,,,,0.0,6.2,100.0,0.0
2018-12-07,0.4,1.2,93.6,,,,,,,,,,0.0,7.0,100.0,0.0
2018-12-08,0.1,0.9,90.1,,,,,,,,,,0.0,6.1,100.0,0.0
2018-12-09,0.2,1.1,90.1,,,,,,,,,,0.0,6.6,100.0,0.0
2018-12-10,,,,,,,,,,,,,0.0,8.0,100.0,0.0
2018-12-11,,,,,,,,,,,,,0.0,9.2,100.0,0.0
2018-12-12,0.0,0.7,91.4,,,,,,,,,,0.0,10.5,100.0,0.0
2018-12-13,0.3,1.3,92.4,0.2,2.3,99.4,,,,,,,0.0,11.5,100.0,0.0
2018-12-14,0.4,1.5,58.9,,,,8.7,19.6,100.0,,,,0.0,18.0,100.0,0.0
2018-12-15,0.4,1.4,91.5,,,,,,,,,,0.0,17.7,100.0,0.0
2018-12-16,,,,,,,,,,,,,0.0,17.0,100.0,0.0
2018-12-17,,,,,,,,,,,,,0.0,15.0,100.0,0.0
2018-12-18,0.1,1.0,91.2,0.5,3.0,100.0,,,,,,,0.0,16.8,100.0,0.0
2018-12-19,0.5,1.7,93.6,,,,,,,,,,0.0,15.4,100.0,0.0
2018-12-20,0.1,1.7,91.8,,,,,,,,,,0.0,15.8,100.0,0.0
2018-12-21,,,,,,,,,,,,,0.0,14.7,100.0,0.0
2018-12-22,,,,,,,,,,,,,0.0,17.7,100.0,0.0
2018-12-23,,,,,,,,,,,,,0.0,15.0,100.0,0.0
2018-12-24,0.6,2.3,93.4,,,,,,,,,,0.0,17.6,100.0,0.0
2018-12-25,0.2,2.3,90.7,,,,,,,,,,0.0,17.3,100.0,0.0
2018-12-26,2.0,6.4,60.0,,,,,,,,,,0.0,22.3,100.0,0.0
2018-12-27,3.3,13.0,91.3,,,,,,,,,,0.0,26.6,100.0,0.0
2018-12-28,,,,21.1,25.7,100.0,,,,,,,2.7,34.7,100.0,2.7
2018-12-29,,,,,,,,,,,,,1.7,34.5,100.0,1.7
2018-12-30,1.2,12.5,90.9,,,,,,,,,,6.9,40.9,100.0,6.9
2018-12-31,10.4,26.1,91.6,,,,,,,,,,11.2,43.4,100.0,11.2
2019-01-01,35.6,39.8,88.0,,,,,,,,,,42.8,57.7,100.0,42.8
2019-01-02,94.4,64.8,87.2,,,,,,,,,,52.0,58.9,100.0,52.0
2019-01-03,,,,,,,,,,,,,77.2,67.0,100.0,77.2
2019-01-04,,,,,,,,,,,,,84.9,71.5,100.0,84.9
2019-01-05,98.0,69.2,85.4,,,,,,,,,,92.4,77.8,100.0,92.4
2019-01-06,99.5,77.3,86.5,,,,,,,,,,92.0,78.8,100.0,92.0
2019-01-07,99.8,83.0,55.8,97.4,94.7,75.8,,,,,,,96.7,82.6,100.0,96.7
2019-01-08,100.0,85.7,85.7,,,,,,,,,,96.9,83.8,100.0,96.9
2019-01-09,,,,,,,,,,,,,98.3,87.7,100.0,98.3
2019-01-10,,,,,,,,,,,,,97.8,87.3,100.0,97.8
2019-01-11,100.0,87.9,86.1,,,,,,,,,,99.5,91.5,100.0,99.5
2019-01-12,100.0,89.5,87.0,,,,,,,,,,99.7,92.7,100.0,99.7
2019-01-13,99.6,88.4,87.7,,,,,,,,,,99.8,94.7,100.0,99.8
2019-01-14,100.0,89.4,85.5,,,,,,,,,,99.8,94.0,100.0,99.8
2019-01-15,,,,,,,100.0,100.0,100.0,,,,100.0,96.2,100.0,100.0
2019-01-16,,,,,,,,,,,,,100.0,95.7,100.0,100.0
2019-01-17,100.0,91.3,85.3,100.0,98.7,100.0,,,,,,,100.0,97.5,100.0,100.0
2019-01-18,99.9,91.8,88.1,,,,,,,,,,100.0,97.3,100.0,100.0
2019-01-19,100.0,94.2,54.7,,,,,,,,,,100.0,97.9,100.0,100.0
2019-01-20,100.0,90.4,83.9,,,,,,,,,,100.0,98.1,100.0,100.0
2019-01-21,,,,,,,,,,,,,100.0,98.2,100.0,100.0
2019-01-22,,,,99.9,98.0,100.0,100.0,100.0,100.0,,,,100.0,99.0,100.0,100.0
2019-01-23,100.0,91.6,84.3,,,,,,,,,,100.0,98.9,100.0,100.0
2019-01-24,100.0,93.7,85.7,,,,,,,,,,100.0,99.0,100.0,100.0
2019-01-25,99.9,93.2,82.2,,,,,,,,,,100.0,99.2,100.0,100.0
2019-01-26,99.9,91.4,81.1,,,,,,,,,,100.0,99.0,100.0,100.0
2019-01-27,,,,100.0,98.9,100.0,,,,,,,100.0,99.1,100.0,100.0
2019-01-28,,,,,,,,,,100.0,83.2,100.0,100.0,99.0,100.0,100.0
2019-01-29,100.0,90.8,81.8,,,,,,,,,,100.0,99.2,100.0,100.0
2019-01-30,100.0,92.5,85.5,,,,,,,,,,100.0,99.3,100.0,100.0
2019-01-31,100.0,93.0,81.3,,,,100.0,100.0,100.0,100.0,84.8,100.0,100.0,99.4,100.0,100.0
2019-02-01,100.0,91.3,76.6,,,,,,,,,,100.0,99.3,100.0,100.0
2019-02-02,,,,,,,,,,,,,100.0,99.4,100.0,100.0
2019-02-03,,,,,,,,,,,,,100.0,99.4,100.0,100.0
2019-02-04,100.0,90.1,80.4,,,,,,,,,,100.0,99.3,100.0,100.0
2019-02-05,100.0,92.2,85.4,,,,,,,,,,100.0,99.2,100.0,100.0
2019-02-06,100.0,92.1,81.3,100.0,97.9,100.0,,,,,,,100.0,99.4,100.0,100.0
2019-02-07,99.9,93.1,80.0,,,,,,,,,,100.0,99.3,100.0,100.0
2019-02-08,,,,,,,,,,,,,100.0,99.1,100.0,100.0
2019-02-09,,,,,,,,,,,,,100.0,98.5,100.0,100.0
2019-02-10,99.9,91.8,79.9,,,,,,,100.0,93.8,100.0,100.0,98.5,100.0,100.0
2019-02-11,100.0,91.6,86.9,,,,,,,100.0,93.5,100.0,100.0,98.4,100.0,100.0
2019-02-12,,,,,,,,,,,,,100.0,98.4,100.0,100.0
2019-02-13,99.9,89.5,80.1,,,,,,,100.0,96.0,100.0,100.0,98.5,100.0,100.0
2019-02-14,,,,,,,,,,100.0,97.6,100.0,100.0,98.6,100.0,100.0
2019-02-15,,,,,,,,,,100.0,97.0,100.0,100.0,98.4,100.0,100.0
2019-02-16,99.9,90.8,82.7,99.7,97.3,100.0,100.0,100.0,100.0,,,,100.0,99.0,100.0,100.0
2019-02-17,99.8,91.7,83.7,,,,,,,99.9,93.4,100.0,100.0,98.4,100.0,100.0
2019-02-18,99.8,89.8,81.2,,,,,,,99.0,85.3,100.0,100.0,98.4,100.0,100.0
2019-02-19,99.9,89.4,79.6,,,,,,,97.9,77.9,100.0,100.0,98.2,100.0,100.0
2019-02-20,,,,,,,,,,93.0,73.4,100.0,100.0,98.0,100.0,100.0
2019-02-21,,,,99.8,96.0,100.0,,,,82.8,65.7,100.0,100.0,98.1,100.0,100.0
2019-02-22,99.7,88.7,82.2,,,,,,,84.4,65.6,100.0,100.0,97.6,100.0,100.0
2019-02-23,99.8,90.7,86.1,,,,100.0,99.9,100.0,91.0,68.3,100.0,100.0,98.0,100.0,100.0
2019-02-24,99.7,88.2,52.0,,,,,,,92.9,68.5,100.0,100.0,97.5,100.0,100.0
2019-02-25,99.6,89.4,83.5,,,,,,,93.1,68.3,100.0,100.0,97.4,100.0,100.0
2019-02-26,,,,95.9,92.5,100.0,,,,97.9,75.3,100.0,100.0,97.5,100.0,100.0
2019-02-27,,,,,,,,,,,,,100.0,96.2,100.0,100.0
2019-02-28,,,,,,,,,,100.0,85.6,100.0,100.0,96.2,100.0,100.0
2019-03-01,99.9,88.9,89.5,,,,,,,,,,100.0,96.1,100.0,100.0
2019-03-02,99.7,88.5,82.3,,,,,,,,,,100.0,96.7,100.0,100.0
2019-03-03,99.7,90.0,79.9,100.0,97.4,100.0,,,,,,,100.0,96.2,100.0,100.0
2019-03-04,,,,,,,100.0,100.0,69.4,100.0,90.9,100.0,100.0,96.6,100.0,100.0
2019-03-05,,,,,,,,,,,,,100.0,95.0,100.0,100.0
2019-03-06,99.6,89.7,83.5,,,,,,,,,,100.0,95.9,100.0,100.0
2019-03-07,98.9,88.6,84.0,,,,,,,100.0,88.5,100.0,99.9,94.6,100.0,99.9
2019-03-08,96.1,84.6,48.3,100.0,99.4,78.2,,,,99.4,81.6,100.0,99.7,94.3,100.0,99.7
2019-03-09,96.9,84.0,84.9,,,,,,,,,,98.4,91.7,100.0,98.4
2019-03-10,,,,,,,,,,,,,96.4,89.4,100.0,96.4
2019-03-11,,,,,,,,,,,,,91.9,85.8,100.0,91.9
2019-03-12,95.4,80.9,84.6,,,,,,,,,,91.3,83.9,100.0,91.3
2019-03-13,96.3,81.9,85.9,,,,,,,,,,82.3,76.9,100.0,82.3
2019-03-14,90.6,76.0,79.1,,,,,,,,,,78.3,73.1,100.0,78.3
2019-03-15,88.4,74.7,80.2,,,,,,,,,,69.7,68.8,100.0,69.7
2019-03-16,,,,,,,,,,,,,75.2,70.6,100.0,75.2
2019-03-17,,,,,,,,,,,,,73.3,70.3,100.0,73.3
2019-03-18,84.2,72.0,88.1,100.0,97.1,98.4,,,,,,,76.7,74.1,100.0,76.7
2019-03-19,84.5,73.0,87.9,,,,,,,,,,77.5,74.7,100.0,77.5
2019-03-20,82.8,70.0,51.6,,,,100.0,100.0,100.0,,,,84.5,81.4,100.0,84.5
2019-03-21,81.4,71.0,85.9,,,,,,,,,,83.5,79.9,100.0,83.5
2019-03-22,,,,,,,,,,,,,86.3,82.5,100.0,86.3
2019-03-23,,,,98.9,91.0,100.0,,,,,,,89.9,84.0,100.0,89.9
2019-03-24,79.2,69.6,88.9,,,,,,,,,,91.1,84.4,100.0,91.1
2019-03-25,78.3,69.3,94.4,,,,,,,,,,94.5,84.2,100.0,94.5
2019-03-26,77.6,67.9,90.6,,,,,,,,,,96.9,85.4,100.0,96.9
2019-03-27,80.1,70.7,87.0,,,,100.0,98.8,93.2,,,,98.0,87.9,100.0,98.0
2019-03-28,,,,97.5,83.6,100.0,,,,,,,98.1,87.5,100.0,98.1
2019-03-29,,,,,,,,,,,,,98.3,87.2,100.0,98.3
2019-03-30,82.3,72.9,87.7,,,,,,,,,,98.5,87.3,100.0,98.5
2019-03-31,85.2,75.3,92.6,,,,,,,,,,96.5,85.3,100.0,96.5
2019-04-01,97.9,84.5,61.8,,,,,,,,,,88.0,79.6,100.0,88.0
2019-04-02,84.1,73.1,95.2,,,,,,,,,,79.7,74.2,100.0,79.7
2019-04-03,,,,,,,,,,,,,65.5,65.2,100.0,65.5
2019-04-04,,,,,,,,,,,,,29.7,50.1,100.0,29.7
2019-04-05,78.6,68.9,91.0,,,,,,,,,,17.1,39.5,100.0,17.1
2019-04-06,77.4,66.3,91.6,,,,,,,,,,10.5,29.4,100.0,10.5
2019-04-07,75.1,62.9,92.9,74.9,66.2,100.0,,,,,,,9.1,26.3,100.0,9.1
2019-04-08,69.2,54.6,90.5,,,,,,,,,,2.1,16.2,100.0,2.1
2019-04-09,,,,,,,,,,,,,0.9,13.1,100.0,0.9
2019-04-10,,,,,,,,,,,,,0.1,9.8,100.0,0.1
2019-04-11,57.7,46.0,93.7,,,,,,,,,,0.1,10.8,100.0,0.1
2019-04-12,52.5,43.0,93.5,,,,,,,,,,0.0,6.9,100.0,0.0
2019-04-13,47.7,42.5,62.4,,,,,,,,,,0.0,7.6,100.0,0.0
2019-04-14,43.8,38.3,91.1,,,,,,,,,,0.0,6.5,100.0,0.0
2019-04-15,,,,,,,,,,,,,0.0,8.0,100.0,0.0
2019-04-16,,,,,,,,,,,,,0.0,6.4,100.0,0.0
2019-04-17,36.0,34.6,92.1,37.7,50.6,100.0,,,,,,,0.0,7.7,100.0,0.0
2019-04-18,,,,,,,,,,,,,0.0,5.4,100.0,0.0
2019-04-19,17.9,23.4,91.5,,,,,,,,,,0.0,6.6,100.0,0.0
2019-04-20,12.2,20.4,92.7,,,,,,,,,,0.0,5.2,100.0,0.0
2019-04-21,,,,,,,,,,,,,0.0,5.4,100.0,0.0
2019-04-22,,,,16.4,32.7,100.0,,,,,,,0.0,4.1,100.0,0.0
2019-04-23,6.4,15.1,91.3,,,,,,,,,,0.0,4.7,100.0,0.0
2019-04-24,6.8,15.1,92.6,,,,,,,,,,0.0,3.4,100.0,0.0
2019-04-25,,,,,,,,,,,,,0.0,3.1,100.0,0.0
2019-04-26,2.9,9.7,90.7,,,,,,,,,,0.0,2.2,100.0,0.0
2019-04-27,,,,,,,,,,,,,0.0,2.1,100.0,0.0
2019-04-28,,,,,,,,,,,,,0.0,1.8,100.0,0.0
2019-04-29,2.7,9.7,92.3,,,,,,,,,,0.0,1.7,100.0,0.0
2019-04-30,0.9,8.0,91.7,,,,,,,,,,0.0,1.5,100.0,0.0
2019-05-01,4.2,11.2,93.4,,,,,,,,,,0.0,1.4,100.0,0.0
2019-05-02,4.8,13.6,94.2,13.1,31.7,91.8,,,,,,,0.0,1.5,100.0,0.0
2019-05-03,,,,,,,,,,,,,0.0,1.3,100.0,0.0
2019-05-04,,,,,,,,,,,,,0.0,1.4,100.0,0.0
2019-05-05,2.5,12.1,90.9,,,,,,,,,,0.0,1.5,100.0,0.0
2019-05-06,5.8,15.2,91.3,,,,,,,,,,0.0,1.7,100.0,0.0
2019-05-07,7.9,18.9,59.8,8.1,24.2,100.0,68.5,59.1,100.0,,,,0.0,1.9,100.0,0.0
2019-05-08,7.5,15.4,92.3,,,,,,,,,,0.0,1.8,100.0,0.0
2019-05-09,,,,,,,,,,,,,0.0,1.8,100.0,0.0
2019-05-10,,,,,,,,,,,,,0.0,1.6,100.0,0.0
2019-05-11,2.2,11.8,90.7,,,,,,,,,,0.0,1.5,100.0,0.0
2019-05-12,2.9,11.7,93.1,,,,,,,,,,0.0,1.4,100.0,0.0
2019-05-13,2.9,11.8,93.5,,,,,,,,,,0.0,1.4,100.0,0.0
2019-05-14,1.7,10.3,92.1,,,,,,,,,,0.0,1.5,100.0,0.0
2019-05-15,,,,,,,,,,,,,0.0,1.4,100.0,0.0
2019-05-16,,,,,,,,,,,,,0.0,1.3,100.0,0.0
2019-05-17,0.7,8.0,91.2,,,,,,,,,,0.0,1.2,100.0,0.0
2019-05-18,1.5,9.9,93.0,,,,,,,,,,0.0,1.0,100.0,0.0
2019-05-19,1.8,9.1,60.6,,,,,,,,,,0.0,0.9,100.0,0.0
2019-05-20,2.0,8.8,91.5,,,,,,,,,,0.0,0.7,100.0,0.0
2019-05-21,,,,,,,,,,88.3,67.3,100.0,0.0,0.6,100.0,0.0
2019-05-22,,,,,,,,,,,,,0.0,0.7,100.0,0.0
2019-05-23,0.9,7.6,92.5,,,,7.3,17.1,41.8,,,,0.0,0.8,100.0,0.0
2019-05-24,1.2,7.5,91.4,,,,,,,67.0,57.2,100.0,0.0,0.8,100.0,0.0
2019-05-25,1.4,7.9,91.6,,,,,,,,,,0.0,1.0,100.0,0.0
2019-05-26,1.8,8.1,92.6,,,,,,,,,,0.0,1.1,100.0,0.0
2019-05-27,,,,,,,,,,,,,0.0,1.0,100.0,0.0
2019-05-28,,,,,,,,,,,,,0.0,0.9,100.0,0.0
2019-05-29,1.2,7.2,92.3,,,,,,,26.5,32.9,100.0,0.0,1.2,100.0,0.0
2019-05-30,0.3,5.9,85.1,,,,,,,,,,0.0,1.7,100.0,0.0
2019-05-31,0.1,4.4,57.2,,,,,,,7.3,17.2,100.0,0.0,1.6,100.0,0.0
2019-06-01,0.2,4.9,83.8,0.1,5.9,100.0,,,,0.3,8.4,95.0,0.0,2.2,100.0,0.0
2019-06-02,,,,,,,,,,,,,0.0,2.2,100.0,0.0
2019-06-03,,,,,,,,,,,,,0.0,3.2,100.0,0.0
2019-06-04,0.0,3.3,83.3,,,,,,,0.0,3.9,100.0,0.0,2.2,100.0,0.0
2019-06-05,0.0,2.7,83.7,,,,,,,0.0,1.6,100.0,0.0,2.6,100.0,0.0
2019-06-06,0.1,2.4,85.1,,,,,,,,,,0.0,1.9,100.0,0.0
2019-06-07,0.0,1.9,81.7,,,,,,,,,,0.0,3.0,100.0,0.0
2019-06-08,,,,,,,,,,0.0,0.7,100.0,0.0,2.1,100.0,0.0
2019-06-09,,,,,,,,,,,,,0.0,2.7,100.0,0.0
2019-06-10,0.0,1.7,83.5,,,,,,,0.0,0.5,100.0,0.0,1.6,100.0,0.0
2019-06-11,,,,0.0,0.8,77.5,,,,,,,0.0,2.4,100.0,0.0
2019-06-12,0.0,1.6,54.3,,,,,,,,,,0.0,1.8,100.0,0.0
2019-06-13,0.0,0.9,79.3,,,,,,,0.0,0.3,100.0,0.0,1.7,100.0,0.0
2019-06-14,,,,,,,,,,0.0,0.4,100.0,0.0,1.4,100.0,0.0
2019-06-15,,,,,,,,,,,,,0.0,1.6,100.0,0.0
2019-06-16,0.0,1.1,83.8,,,,,,,,,,0.0,1.4,100.0,0.0
2019-06-17,0.0,1.1,84.1,,,,,,,0.0,0.2,100.0,0.0,0.9,100.0,0.0
2019-06-18,0.0,1.1,83.5,,,,,,,,,,0.0,0.8,100.0,0.0
2019-06-19,0.0,1.0,81.5,,,,,,,0.0,0.1,100.0,0.0,0.8,100.0,0.0
2019-06-20,,,,,,,,,,,,,0.0,0.9,100.0,0.0
2019-06-21,,,,,,,,,,0.0,0.2,36.2,0.0,0.7,100.0,0.0
2019-06-22,0.0,1.0,82.9,,,,,,,,,,0.0,0.6,100.0,0.0
2019-06-23,0.0,1.0,82.3,,,,,,,0.0,0.2,100.0,0.0,0.6,100.0,0.0
2019-06-24,,,,,,,0.0,0.0,40.4,0.0,0.1,100.0,0.0,0.6,100.0,0.0
2019-06-25,,,,,,,,,,,,,0.0,0.8,100.0,0.0
2019-06-26,,,,0.0,0.1,100.0,,,,0.0,0.0,100.0,0.0,0.5,100.0,0.0
2019-06-27,,,,,,,,,,0.0,0.0,100.0,0.0,0.4,100.0,0.0
2019-06-28,0.0,1.2,84.9,,,,,,,0.0,0.0,100.0,0.0,0.3,100.0,0.0
2019-06-29,0.1,1.3,84.4,,,,,,,,,,0.0,0.4,100.0,0.0
2019-06-30,0.0,1.1,83.8,,,,,,,0.0,0.0,100.0,0.0,0.3,100.0,0.0
2019-07-01,0.0,1.2,84.6,0.0,0.1,99.5,0.0,0.0,39.1,0.0,0.0,100.0,0.0,0.3,100.0,0.0
2019-07-02,,,,,,,,,,0.0,0.0,100.0,0.0,0.2,100.0,0.0
2019-07-03,,,,,,,,,,,,,0.0,0.3,100.0,0.0
2019-07-04,0.0,0.9,83.9,,,,,,,,,,0.0,0.2,100.0,0.0
2019-07-05,0.0,0.8,83.6,,,,,,,,,,0.0,0.2,100.0,0.0
2019-07-06,0.0,0.6,55.4,,,,,,,0.0,0.0,100.0,0.0,0.2,100.0,0.0
2019-07-07,0.0,0.6,81.9,,,,,,,,,,0.0,0.2,100.0,0.0
2019-07-08,,,,,,,,,,,,,0.0,0.2,100.0,0.0
2019-07-09,,,,,,,,,,0.0,0.0,100.0,0.0,0.3,100.0,0.0
2019-07-10,0.0,0.7,83.7,,,,0.0,0.0,56.6,0.0,0.0,100.0,0.0,0.3,100.0,0.0
2019-07-11,0.0,0.6,83.2,,,,,,,0.0,0.0,100.0,0.0,0.2,100.0,0.0
2019-07-12,0.0,0.7,83.4,,,,,,,,,,0.0,0.3,100.0,0.0
2019-07-13,0.0,0.8,82.7,,,,,,,,,,0.0,0.3,100.0,0.0
2019-07-14,,,,,,,,,,,,,0.0,0.3,100.0,0.0
2019-07-15,,,,,,,,,,,,,0.0,0.4,100.0,0.0
2019-07-16,0.0,0.6,82.1,0.0,0.0,100.0,,,,,,,0.0,0.4,100.0,0.0
2019-07-17,0.0,0.9,84.5,,,,,,,,,,0.0,0.5,100.0,0.0
2019-07-18,0.0,0.9,56.2,,,,,,,0.0,0.0,100.0,0.0,0.5,100.0,0.0
2019-07-19,0.0,1.1,83.3,,,,,,,,,,0.0,0.7,100.0,0.0
2019-07-20,,,,,,,,,,,,,0.0,0.6,100.0,0.0
2019-07-21,,,,,,,,,,,,,0.0,0.6,100.0,0.0
2019-07-22,0.0,1.5,83.2,,,,,,,0.0,0.0,100.0,0.0,0.5,100.0,0.0
2019-07-23,0.0,2.3,84.3,,,,,,,,,,0.0,0.6,100.0,0.0
2019-07-24,0.0,1.6,83.2,,,,,,,,,,0.0,0.5,100.0,0.0
2019-07-25,0.0,1.8,83.3,,,,,,,,,,0.0,0.4,100.0,0.0
2019-07-26,,,,0.0,0.1,100.0,,,,,,,0.0,0.5,100.0,0.0
2019-07-27,,,,,,,,,,,,,0.0,0.6,100.0,0.0
2019-07-28,0.0,1.5,83.2,,,,,,,,,,0.0,0.4,100.0,0.0
2019-07-29,0.0,1.5,83.3,,,,,,,0.0,0.0,100.0,0.0,0.2,100.0,0.0
2019-07-30,0.0,1.0,55.8,,,,,,,,,,0.0,0.3,100.0,0.0
2019-07-31,0.0,0.7,83.7,,,,,,,,,,0.0,0.3,100.0,0.0
2019-08-01,,,,,,,,,,,,,0.0,0.3,100.0,0.0
2019-08-02,,,,,,,,,,,,,0.0,0.3,100.0,0.0
2019-08-03,0.0,0.9,84.9,,,,,,,0.0,0.0,100.0,0.0,0.3,100.0,0.0
2019-08-04,0.0,0.6,85.2,,,,,,,0.0,0.0,100.0,0.0,0.3,100.0,0.0
2019-08-05,0.0,0.5,83.9,,,,,,,0.0,0.0,93.8,0.0,0.2,100.0,0.0
2019-08-06,0.0,0.5,84.9,,,,,,,0.0,0.0,100.0,0.0,0.2,100.0,0.0
2019-08-07,,,,,,,,,,,,,0.0,0.3,100.0,0.0
2019-08-08,,,,,,,,,,,,,0.0,0.3,100.0,0.0
2019-08-09,0.0,0.4,83.5,,,,,,,0.0,0.0,100.0,0.0,0.2,100.0,0.0
2019-08-10,0.0,0.6,84.9,,,,,,,,,,0.0,0.2,100.0,0.0
2019-08-11,0.0,0.4,56.4,,,,0.0,0.0,50.4,,,,0.0,0.1,100.0,0.0
2019-08-12,0.2,0.5,84.3,,,,,,,,,,0.0,0.2,100.0,0.0
2019-08-13,,,,,,,,,,,,,0.0,0.1,100.0,0.0
2019-08-14,,,,,,,,,,0.0,0.0,100.0,0.0,0.1,100.0,0.0
2019-08-15,0.0,0.5,84.3,0.0,0.1,99.1,,,,0.0,0.1,38.1,0.0,0.1,100.0,0.0
2019-08-16,0.0,0.5,84.4,,,,,,,,,,0.0,0.1,100.0,0.0
2019-08-17,0.0,0.6,83.9,,,,,,,0.0,0.0,100.0,0.0,0.1,100.0,0.0
2019-08-18,0.0,0.4,83.5,,,,0.0,0.0,77.9,0.0,0.0,100.0,0.0,0.1,100.0,0.0
2019-08-19,,,,,,,,,,,,,0.0,0.1,100.0,0.0
2019-08-20,,,,,,,,,,,,,0.0,0.1,100.0,0.0
2019-08-21,0.0,0.4,82.2,,,,,,,0.0,0.0,100.0,0.0,0.1,100.0,0.0
2019-08-22,0.0,0.8,85.9,,,,,,,,,,0.0,0.1,100.0,0.0
2019-08-23,,,,,,,,,,,,,0.0,0.1,100.0,0.0
2019-08-24,0.0,0.9,83.1,,,,,,,,,,0.0,0.1,100.0,0.0
2019-08-25,,,,0.0,0.1,89.3,,,,0.0,0.0,100.0,0.0,0.1,100.0,0.0
2019-08-26,,,,,,,,,,0.0,0.0,100.0,0.0,0.1,100.0,0.0
2019-08-27,0.0,1.1,83.9,,,,0.0,0.0,87.0,0.0,0.0,100.0,0.0,0.1,100.0,0.0
2019-08-28,0.0,1.9,86.6,,,,,,,,,,0.0,0.1,100.0,0.0
2019-08-29,0.0,2.3,84.3,,,,,,,,,,0.0,0.1,100.0,0.0
2019-08-30,0.0,4.0,82.3,0.0,0.1,100.0,,,,,,,0.0,0.1,100.0,0.0
2019-08-31,,,,,,,,,,0.0,0.0,100.0,0.0,0.1,100.0,0.0
2019-09-01,,,,,,,,,,,,,0.0,0.1,100.0,0.0
2019-09-02,0.2,4.4,83.6,,,,,,,,,,0.0,0.1,100.0,0.0
2019-09-03,0.1,4.5,85.3,,,,0.0,0.0,83.1,0.0,0.0,100.0,0.0,0.1,100.0,0.0
2019-09-04,0.0,2.5,52.8,0.0,0.1,100.0,,,,,,,0.0,0.1,100.0,0.0
2019-09-05,0.0,4.8,79.5,,,,,,,,,,0.0,0.1,100.0,0.0
2019-09-06,,,,,,,,,,,,,0.0,0.2,100.0,0.0
2019-09-07,,,,,,,,,,0.0,0.0,100.0,0.0,0.1,100.0,0.0
2019-09-08,0.0,3.6,79.1,,,,,,,,,,0.0,0.2,100.0,0.0
2019-09-09,0.1,4.5,80.0,,,,,,,,,,0.0,0.2,100.0,0.0
2019-09-10,0.0,2.8,79.1,,,,,,,,,,0.0,0.3,100.0,0.0
2019-09-11,0.0,2.9,79.7,,,,,,,,,,0.0,0.4,100.0,0.0
2019-09-12,,,,,,,,,,,,,0.0,0.4,100.0,0.0
2019-09-13,,,,,,,,,,,,,0.0,0.4,100.0,0.0
2019-09-14,,,,0.0,0.1,100.0,,,,,,,0.0,0.4,100.0,0.0
2019-09-15,0.0,2.3,80.3,,,,,,,,,,0.0,0.2,100.0,0.0
2019-09-16,0.0,1.4,51.4,,,,,,,,,,0.0,0.2,100.0,0.0
2019-09-17,0.0,1.8,78.1,,,,,,,,,,0.0,0.4,100.0,0.0
2019-09-18,,,,,,,,,,,,,0.0,0.5,100.0,0.0
2019-09-19,,,,0.0,0.1,99.9,0.0,0.0,86.7,,,,0.0,0.5,100.0,0.0
2019-09-20,0.0,1.8,78.9,,,,,,,,,,0.0,0.3,100.0,0.0
2019-09-21,0.0,1.8,78.1,,,,,,,,,,0.0,0.5,100.0,0.0
2019-09-22,0.0,1.9,79.8,,,,,,,,,,0.0,0.5,100.0,0.0
2019-09-23,,,,,,,,,,0.0,0.0,100.0,0.0,0.6,100.0,0.0
2019-09-24,,,,,,,,,,0.0,0.0,100.0,0.0,0.5,100.0,0.0
2019-09-25,,,,,,,,,,,,,0.0,0.8,100.0,0.0
2019-09-26,0.0,1.7,80.1,,,,,,,,,,0.0,1.0,100.0,0.0
2019-09-27,0.0,2.2,80.6,,,,,,,0.0,0.0,100.0,0.0,1.2,100.0,0.0
2019-09-28,0.0,1.6,52.8,,,,,,,,,,0.0,1.2,100.0,0.0
2019-09-29,0.0,1.6,80.1,0.0,0.0,100.0,,,,,,,0.0,1.3,100.0,0.0
2019-09-30,,,,,,,,,,,,,0.0,1.2,100.0,0.0
2019-10-01,,,,,,,,,,0.0,0.0,100.0,0.0,1.0,100.0,0.0
2019-10-02,0.0,1.2,79.5,,,,,,,0.0,0.0,100.0,0.0,1.2,100.0,0.0
2019-10-03,0.1,1.7,83.1,,,,,,,,,,0.0,1.3,100.0,0.0
2019-10-04,0.0,1.9,82.5,,,,,,,,,,0.0,1.3,100.0,0.0
2019-10-05,0.0,2.5,81.1,,,,,,,0.0,0.0,100.0,0.0,0.9,100.0,0.0
2019-10-06,,,,,,,,,,,,,0.0,1.1,100.0,0.0
2019-10-07,,,,,,,,,,,,,0.0,1.1,100.0,0.0
2019-10-08,0.0,3.1,79.1,,,,,,,0.0,0.0,100.0,0.0,0.8,100.0,0.0
2019-10-09,0.1,6.4,81.3,,,,,,,0.0,0.0,100.0,0.0,0.6,100.0,0.0
2019-10-10,0.0,7.5,49.3,,,,,,,,,,0.0,0.6,100.0,0.0
2019-10-11,0.5,12.0,78.7,,,,,,,,,,0.0,0.5,100.0,0.0
2019-10-12,,,,,,,,,,,,,0.0,0.5,100.0,0.0
2019-10-13,,,,,,,,,,,,,0.0,0.5,100.0,0.0
2019-10-14,0.6,15.2,78.0,0.0,0.1,100.0,0.0,0.0,97.4,,,,0.0,0.5,100.0,0.0
2019-10-15,0.7,7.2,79.5,,,,,,,,,,0.0,0.5,100.0,0.0
2019-10-16,0.1,3.5,80.7,,,,,,,0.0,0.0,100.0,0.0,0.3,100.0,0.0
2019-10-17,0.0,2.3,78.9,,,,,,,0.0,0.1,100.0,0.0,0.4,100.0,0.0
2019-10-18,,,,,,,,,,0.0,0.1,100.0,0.0,0.5,100.0,0.0
2019-10-19,,,,,,,,,,,,,0.0,0.6,100.0,0.0
2019-10-20,0.0,2.1,78.3,,,,,,,0.0,0.1,100.0,0.0,0.4,100.0,0.0
2019-10-21,0.0,1.3,79.8,,,,,,,,,,0.0,0.6,100.0,0.0
2019-10-22,,,,,,,,,,,,,0.0,0.9,100.0,0.0
2019-10-23,0.0,1.0,79.2,,,,,,,,,,0.0,1.5,100.0,0.0
2019-10-24,,,,,,,,,,0.0,0.1,100.0,0.0,1.0,100.0,0.0
2019-10-25,,,,,,,,,,0.0,0.1,100.0,0.0,1.2,100.0,0.0
2019-10-26,0.0,1.0,80.4,,,,,,,0.0,0.1,100.0,0.0,1.1,100.0,0.0
2019-10-27,0.0,1.5,80.2,,,,,,,,,,0.0,1.7,100.0,0.0
2019-10-28,0.0,1.7,80.1,,,,,,,,,,0.0,1.2,100.0,0.0
2019-10-29,0.0,1.9,80.0,,,,,,,0.0,0.3,100.0,0.0,1.6,100.0,0.0
2019-10-30,,,,,,,,,,,,,0.0,2.8,100.0,0.0
2019-10-31,,,,,,,,,,,,,0.0,3.6,100.0,0.0
2019-11-01,0.0,2.3,81.1,,,,,,,0.0,0.9,100.0,0.0,2.9,100.0,0.0
2019-11-02,0.0,3.3,81.7,,,,,,,,,,0.0,4.0,100.0,0.0
2019-11-03,0.1,4.6,51.2,,,,,,,0.0,1.9,100.0,0.0,3.8,100.0,0.0
2019-11-04,0.1,4.6,79.1,,,,,,,,,,0.0,4.5,100.0,0.0
2019-11-05,,,,,,,,,,,,,0.0,4.5,100.0,0.0
2019-11-06,,,,,,,,,,,,,0.0,5.6,100.0,0.0
2019-11-07,0.1,4.2,79.9,,,,,,,,,,0.0,6.3,100.0,0.0
2019-11-08,0.2,5.1,80.1,,,,,,,0.0,2.6,100.0,0.0,6.9,100.0,0.0
2019-11-09,0.2,3.8,80.3,,,,,,,,,,0.0,8.2,100.0,0.0
2019-11-10,0.2,3.3,80.6,,,,,,,,,,0.0,8.7,100.0,0.0
2019-11-11,,,,,,,,,,,,,0.0,9.7,100.0,0.0
2019-11-12,,,,,,,,,,,,,0.0,9.5,100.0,0.0
2019-11-13,0.1,2.6,79.3,,,,,,,,,,0.0,10.1,100.0,0.0
2019-11-14,0.1,2.0,80.1,,,,,,,,,,0.0,10.0,100.0,0.0
2019-11-15,0.0,1.7,51.2,,,,,,,,,,0.0,9.7,100.0,0.0
2019-11-16,0.2,1.3,79.6,,,,,,,,,,0.0,9.1,100.0,0.0
2019-11-17,,,,,,,,,,,,,0.0,8.9,100.0,0.0
2019-11-18,,,,0.0,1.0,99.5,,,,,,,0.0,9.2,100.0,0.0
2019-11-19,0.1,1.0,80.4,,,,,,,,,,0.0,8.3,100.0,0.0
2019-11-20,0.2,1.3,81.9,,,,,,,0.0,3.6,100.0,0.0,7.0,100.0,0.0
2019-11-21,0.1,1.2,81.0,,,,,,,,,,0.0,7.1,100.0,0.0
2019-11-22,0.0,1.2,80.1,,,,,,,,,,0.0,7.7,100.0,0.0
2019-11-23,,,,,,,,,,,,,0.0,6.6,100.0,0.0
2019-11-24,,,,,,,,,,,,,0.0,5.6,100.0,0.0
2019-11-25,0.0,1.4,80.7,,,,,,,,,,0.0,5.4,100.0,0.0
2019-11-26,0.1,2.2,80.1,,,,,,,,,,0.0,6.8,100.0,0.0
2019-11-27,0.0,4.7,49.6,,,,,,,0.1,8.6,100.0,0.0,6.3,100.0,0.0
2019-11-28,0.3,4.1,79.5,0.0,1.8,100.0,,,,,,,0.0,7.2,100.0,0.0
2019-11-29,,,,,,,,,,,,,0.0,6.5,100.0,0.0
2019-11-30,,,,,,,,,,,,,0.0,8.0,100.0,0.0
2019-12-01,0.0,2.0,65.8,,,,,,,13.5,27.7,100.0,0.0,8.2,100.0,0.0
2019-12-02,0.0,3.0,66.8,,,,,,,,,,0.0,9.4,100.0,0.0
2019-12-03,0.0,2.6,66.1,0.0,2.0,100.0,,,,,,,0.0,9.5,100.0,0.0
2019-12-04,0.0,2.6,64.9,,,,,,,29.3,37.4,100.0,0.0,10.4,100.0,0.0
2019-12-05,,,,,,,,,,,,,0.0,11.1,100.0,0.0
2019-12-06,,,,,,,,,,,,,0.0,12.4,100.0,0.0
2019-12-07,0.0,2.0,65.6,,,,,,,,,,0.0,12.1,100.0,0.0
2019-12-08,0.0,1.6,61.3,0.4,3.6,100.0,0.9,8.1,100.0,79.6,62.9,100.0,0.0,13.1,100.0,0.0
2019-12-09,0.0,1.4,36.0,,,,,,,36.9,42.4,100.0,0.0,11.2,100.0,0.0
2019-12-10,0.2,2.1,66.5,,,,,,,,,,0.0,12.8,100.0,0.0
2019-12-11,,,,,,,,,,,,,0.0,12.9,100.0,0.0
2019-12-12,,,,,,,,,,33.2,41.1,100.0,0.0,14.5,100.0,0.0
2019-12-13,0.0,0.9,63.1,,,,,,,8.7,28.1,100.0,0.0,12.8,100.0,0.0
2019-12-14,0.0,1.7,66.6,,,,,,,,,,0.1,16.0,100.0,0.1
2019-12-15,0.0,1.5,65.7,,,,,,,,,,0.0,15.6,100.0,0.0
2019-12-16,0.0,2.3,65.6,,,,,,,30.2,39.0,100.0,0.2,18.1,100.0,0.2
2019-12-17,,,,,,,,,,45.7,45.2,100.0,0.0,15.3,100.0,0.0
2019-12-18,,,,0.4,5.3,38.0,,,,,,,0.0,18.0,100.0,0.0
2019-12-19,0.0,2.2,64.6,,,,,,,51.1,47.9,100.0,0.0,21.4,100.0,0.0
2019-12-20,0.2,4.0,66.2,,,,,,,,,,0.0,23.2,100.0,0.0
2019-12-21,,,,,,,,,,75.6,58.0,100.0,0.0,22.9,100.0,0.0
2019-12-22,0.3,6.4,65.5,,,,,,,65.0,52.5,100.0,0.0,28.3,100.0,0.0
2019-12-23,,,,,,,,,,,,,0.0,32.9,100.0,0.0
2019-12-24,,,,,,,,,,,,,0.0,38.3,100.0,0.0
2019-12-25,0.3,9.7,66.2,,,,,,,80.1,60.2,100.0,2.7,44.9,100.0,2.7
2019-12-26,1.7,14.6,66.9,,,,,,,85.7,65.0,100.0,21.5,52.3,100.0,21.5
2019-12-27,4.2,18.3,66.0,,,,,,,,,,64.9,62.7,100.0,64.9
2019-12-28,21.0,28.3,67.0,46.4,40.9,100.0,,,,,,,86.2,68.6,100.0,86.2
2019-12-29,,,,,,,,,,95.0,80.1,100.0,91.7,72.7,100.0,91.7
2019-12-30,,,,,,,,,,,,,92.1,76.7,100.0,92.1
2019-12-31,12.6,24.7,66.7,,,,,,,,,,92.6,79.3,100.0,92.6
2020-01-01,35.3,33.9,71.9,,,,,,,,,,100.0,83.9,100.0,100.0
2020-01-02,16.6,26.8,40.2,91.1,81.6,100.0,99.6,94.1,100.0,,,,100.0,88.3,100.0,100.0
2020-01-03,46.4,39.2,71.1,,,,,,,,,,100.0,87.3,100.0,100.0
2020-01-04,,,,,,,,,,99.8,91.5,100.0,100.0,88.7,100.0,100.0
2020-01-05,,,,,,,,,,,,,100.0,91.4,100.0,100.0
2020-01-06,45.6,39.0,71.5,,,,,,,,,,100.0,92.2,100.0,100.0
2020-01-07,59.7,45.3,71.0,,,,,,,,,,100.0,93.2,100.0,100.0
2020-01-08,56.3,45.7,71.5,,,,,,,,,,100.0,93.5,100.0,100.0
2020-01-09,77.2,58.7,71.2,,,,,,,,,,100.0,95.7,100.0,100.0
2020-01-10,,,,,,,,,,,,,100.0,95.8,100.0,100.0
2020-01-11,,,,,,,,,,,,,100.0,96.4,100.0,100.0
2020-01-12,83.2,62.3,70.8,99.4,98.5,100.0,,,,100.0,96.5,100.0,100.0,96.9,100.0,100.0
2020-01-13,88.8,67.2,72.0,,,,,,,,,,100.0,97.7,100.0,100.0
2020-01-14,79.8,60.0,40.2,,,,,,,,,,100.0,97.7,100.0,100.0
2020-01-15,75.3,61.0,82.1,,,,,,,,,,100.0,98.0,100.0,100.0
2020-01-16,,,,,,,,,,100.0,98.2,100.0,100.0,97.9,100.0,100.0
2020-01-17,,,,99.6,99.1,100.0,,,,,,,100.0,98.5,100.0,100.0
2020-01-18,82.5,64.1,85.3,,,,,,,,,,100.0,98.2,100.0,100.0
2020-01-19,97.0,73.5,85.6,,,,,,,,,,100.0,98.4,100.0,100.0
2020-01-20,97.9,76.3,84.9,,,,,,,,,,100.0,98.3,100.0,100.0
2020-01-21,,,,,,,,,,,,,100.0,98.3,100.0,100.0
2020-01-22,,,,99.9,99.1,100.0,,,,,,,100.0,98.6,100.0,100.0
2020-01-23,,,,,,,,,,,,,100.0,98.2,100.0,100.0
2020-01-24,99.0,83.4,82.4,,,,,,,,,,100.0,98.5,100.0,100.0
2020-01-25,99.3,85.9,86.4,,,,,,,,,,100.0,98.3,100.0,100.0
2020-01-26,98.9,85.9,52.9,,,,,,,,,,100.0,98.1,100.0,100.0
2020-01-27,99.7,91.5,82.8,99.9,98.6,100.0,,,,100.0,99.1,100.0,100.0,98.0,100.0,100.0
2020-01-28,,,,,,,,,,,,,99.5,97.3,100.0,99.5
2020-01-29,,,,,,,,,,,,,99.8,96.9,100.0,99.8
2020-01-30,100.0,91.0,84.7,,,,,,,,,,99.4,96.7,100.0,99.4
2020-01-31,99.8,92.6,86.3,,,,,,,100.0,99.0,100.0,99.1,96.0,100.0,99.1
2020-02-01,99.6,89.6,84.3,100.0,97.9,100.0,,,,,,,98.8,95.9,100.0,98.8
2020-02-02,,,,,,,,,,,,,98.8,94.7,100.0,98.8
2020-02-03,,,,,,,,,,,,,98.7,94.2,100.0,98.7
2020-02-04,,,,,,,,,,,,,98.6,93.9,100.0,98.6
2020-02-05,100.0,90.4,83.9,,,,,,,100.0,99.2,100.0,98.7,94.1,100.0,98.7
2020-02-06,100.0,90.9,86.1,100.0,99.2,100.0,,,,,,,99.2,94.9,100.0,99.2
2020-02-07,100.0,92.4,52.0,,,,,,,,,,99.9,94.9,100.0,99.9
2020-02-08,100.0,89.0,82.2,,,,,,,100.0,98.8,100.0,100.0,95.2,100.0,100.0
2020-02-09,,,,,,,,,,,,,100.0,95.3,100.0,100.0
2020-02-10,,,,,,,,,,,,,100.0,94.9,100.0,100.0
2020-02-11,100.0,88.5,83.7,,,,,,,,,,100.0,94.9,100.0,100.0
2020-02-12,99.8,90.0,86.4,,,,,,,,,,100.0,94.7,100.0,100.0
2020-02-13,99.7,91.3,83.4,,,,,,,100.0,98.4,100.0,100.0,94.9,100.0,100.0
2020-02-14,100.0,90.0,82.2,,,,,,,100.0,98.2,100.0,100.0,93.4,100.0,100.0
2020-02-15,,,,,,,,,,,,,100.0,93.4,100.0,100.0
2020-02-16,,,,,,,,,,100.0,98.0,100.0,100.0,93.0,100.0,100.0
2020-02-17,100.0,88.2,85.4,,,,,,,,,,100.0,93.4,100.0,100.0
2020-02-18,99.7,89.6,86.4,,,,,,,,,,100.0,92.2,100.0,100.0
2020-02-19,,,,,,,,,,,,,100.0,92.0,100.0,100.0
2020-02-20,99.9,91.3,82.7,,,,,,,100.0,98.3,100.0,100.0,91.7,100.0,100.0
2020-02-21,,,,,,,,,,100.0,98.5,100.0,100.0,91.0,100.0,100.0
2020-02-22,,,,,,,,,,100.0,99.0,100.0,100.0,87.9,100.0,100.0
2020-02-23,100.0,91.5,83.9,,,,,,,,,,100.0,89.3,100.0,100.0
2020-02-24,99.9,91.1,85.7,,,,,,,,,,100.0,87.6,100.0,100.0
2020-02-25,99.8,90.7,85.3,,,,,,,,,,100.0,89.4,100.0,100.0
2020-02-26,99.1,91.5,86.7,,,,,,,,,,98.5,86.4,100.0,98.5
2020-02-27,,,,,,,,,,,,,100.0,91.0,100.0,100.0
2020-02-28,,,,,,,,,,,,,99.9,89.9,100.0,99.9
2020-02-29,99.9,92.0,84.4,,,,,,,,,,100.0,91.7,100.0,100.0
2020-03-01,99.6,92.4,85.4,,,,,,,100.0,98.8,100.0,99.9,90.8,100.0,99.9
2020-03-02,99.6,89.4,51.1,,,,,,,,,,99.9,91.3,100.0,99.9
2020-03-03,98.8,88.1,88.1,,,,,,,100.0,98.7,100.0,99.6,90.9,100.0,99.6
2020-03-04,,,,,,,,,,,,,99.9,91.6,100.0,99.9
2020-03-05,,,,,,,,,,,,,98.3,90.7,100.0,98.3
2020-03-06,99.0,86.1,88.5,,,,,,,,,,98.3,92.0,100.0,98.3
2020-03-07,99.5,87.7,90.2,,,,,,,,,,97.9,92.2,100.0,97.9
2020-03-08,99.4,86.4,86.6,,,,,,,,,,99.6,94.0,100.0,99.6
2020-03-09,98.8,85.1,85.9,,,,,,,,,,97.8,92.8,100.0,97.8
2020-03-10,,,,,,,,,,100.0,98.4,100.0,97.2,92.1,100.0,97.2
2020-03-11,,,,,,,,,,,,,96.7,91.5,100.0,96.7
2020-03-12,98.8,84.5,84.7,100.0,98.6,100.0,,,,,,,99.4,93.7,100.0,99.4
2020-03-13,99.2,85.9,86.9,,,,,,,100.0,98.7,100.0,97.1,91.6,100.0,97.1
2020-03-14,98.4,82.3,58.2,,,,,,,100.0,97.8,100.0,98.3,91.5,100.0,98.3
2020-03-15,97.8,86.5,91.4,,,,,,,100.0,96.9,100.0,98.8,91.5,100.0,98.8
2020-03-16,,,,,,,,,,,,,99.9,93.2,100.0,99.9
2020-03-17,,,,99.9,96.4,100.0,,,,,,,99.9,92.9,100.0,99.9
2020-03-18,98.5,84.6,89.3,,,,,,,100.0,94.6,100.0,99.9,92.7,100.0,99.9
2020-03-19,97.6,84.2,92.0,,,,,,,,,,100.0,92.4,100.0,100.0
2020-03-20,97.0,82.9,90.6,,,,,,,,,,100.0,93.9,100.0,100.0
2020-03-21,99.1,86.9,89.4,,,,,,,,,,100.0,93.2,100.0,100.0
2020-03-22,,,,,,,100.0,99.7,75.4,,,,100.0,94.1,100.0,100.0
2020-03-23,,,,,,,,,,98.6,91.0,100.0,100.0,93.5,100.0,100.0
2020-03-24,98.6,84.1,88.2,,,,,,,,,,100.0,94.7,100.0,100.0
2020-03-25,99.5,85.5,87.9,,,,,,,,,,100.0,94.7,100.0,100.0
2020-03-26,96.9,79.7,53.1,,,,,,,82.2,73.0,100.0,100.0,94.2,100.0,100.0
2020-03-27,98.3,86.1,90.9,99.5,95.0,100.0,,,,54.1,50.6,100.0,100.0,94.4,100.0,100.0
2020-03-28,,,,,,,,,,,,,100.0,93.1,100.0,100.0
2020-03-29,,,,,,,,,,,,,100.0,92.5,100.0,100.0
2020-03-30,97.5,82.6,89.8,,,,,,,24.3,30.3,100.0,100.0,91.3,100.0,100.0
2020-03-31,97.9,84.0,90.1,,,,,,,15.0,21.3,100.0,100.0,88.9,100.0,100.0
2020-04-01,97.7,81.1,84.5,100.0,94.9,100.0,,,,,,,100.0,89.1,100.0,100.0
2020-04-02,97.0,82.5,87.0,,,,,,,,,,99.9,85.6,100.0,99.9
2020-04-03,,,,,,,,,,5.0,8.6,100.0,99.4,82.3,100.0,99.4
2020-04-04,,,,,,,,,,4.7,7.0,100.0,99.1,79.3,100.0,99.1
2020-04-05,97.5,79.6,87.9,,,,,,,3.7,4.8,100.0,98.4,78.4,100.0,98.4
2020-04-06,93.3,76.7,91.4,94.2,79.2,100.0,,,,,,,98.0,76.7,100.0,98.0
2020-04-07,99.3,85.1,59.1,,,,91.4,86.5,96.6,3.3,4.3,100.0,94.0,73.0,100.0,94.0
2020-04-08,94.6,75.1,92.0,,,,,,,2.6,2.8,100.0,61.7,62.2,100.0,61.7
2020-04-09,,,,,,,,,,,,,49.0,58.4,100.0,49.0
2020-04-10,,,,,,,,,,,,,22.9,51.6,100.0,22.9
2020-04-11,91.4,74.0,89.9,61.6,56.8,100.0,,,,,,,35.7,53.0,100.0,35.7
2020-04-12,93.0,75.2,92.0,,,,,,,0.9,1.4,100.0,2.6,35.7,100.0,2.6
2020-04-13,95.8,73.7,92.5,,,,,,,0.0,0.4,100.0,3.3,36.5,100.0,3.3
2020-04-14,88.8,65.7,91.6,,,,71.3,58.0,96.4,,,,5.1,40.5,100.0,5.1
2020-04-15,,,,,,,,,,0.0,0.1,100.0,0.5,30.6,100.0,0.5
2020-04-16,,,,4.2,21.5,96.2,,,,,,,0.5,26.7,100.0,0.5
2020-04-17,77.5,55.5,89.0,,,,,,,0.0,0.1,100.0,0.0,18.4,100.0,0.0
2020-04-18,75.5,55.5,90.5,,,,,,,,,,0.1,26.0,100.0,0.1
2020-04-19,,,,,,,,,,,,,0.0,14.6,100.0,0.0
2020-04-20,59.6,47.5,88.5,,,,,,,0.0,0.1,100.0,0.0,13.2,100.0,0.0
2020-04-21,,,,,,,,,,,,,0.0,8.4,100.0,0.0
2020-04-22,,,,,,,,,,,,,0.0,10.8,100.0,0.0
2020-04-23,40.5,39.4,88.3,,,,,,,0.0,0.0,100.0,0.0,5.1,100.0,0.0
2020-04-24,20.7,30.5,89.8,,,,,,,0.0,0.1,100.0,0.0,6.1,100.0,0.0
2020-04-25,16.6,27.6,85.8,,,,,,,0.0,0.1,100.0,0.0,3.0,100.0,0.0
2020-04-26,16.3,26.2,87.2,,,,,,,,,,0.0,5.4,100.0,0.0
2020-04-27,,,,,,,,,,0.0,0.1,100.0,0.0,2.3,100.0,0.0
2020-04-28,,,,,,,,,,,,,0.0,3.3,100.0,0.0
2020-04-29,8.2,20.9,90.1,,,,,,,0.0,0.0,100.0,0.0,1.7,100.0,0.0
2020-04-30,7.2,19.7,89.4,,,,,,,,,,0.0,3.0,100.0,0.0
2020-05-01,3.3,14.9,59.8,,,,,,,,,,0.0,1.7,100.0,0.0
2020-05-02,4.0,15.4,88.2,,,,,,,,,,0.0,2.4,100.0,0.0
2020-05-03,,,,,,,,,,0.0,0.0,100.0,0.0,1.5,100.0,0.0
2020-05-04,,,,,,,,,,,,,0.0,2.1,100.0,0.0
2020-05-05,1.3,10.4,88.8,,,,,,,,,,0.0,1.8,100.0,0.0
2020-05-06,1.6,10.1,89.0,,,,,,,,,,0.0,1.7,100.0,0.0
2020-05-07,0.0,6.8,90.5,,,,,,,,,,0.0,1.1,100.0,0.0
2020-05-08,0.6,4.4,85.2,,,,,,,,,,0.0,1.1,100.0,0.0
2020-05-09,,,,,,,,,,0.0,0.0,100.0,0.0,1.0,100.0,0.0
2020-05-10,,,,,,,,,,,,,0.0,1.1,100.0,0.0
2020-05-11,0.1,3.3,87.7,,,,,,,,,,0.0,1.0,100.0,0.0
2020-05-12,0.4,3.0,89.3,,,,,,,,,,0.0,1.1,100.0,0.0
2020-05-13,0.0,2.1,57.2,,,,,,,,,,0.0,1.4,100.0,0.0
2020-05-14,0.4,1.7,85.3,,,,,,,,,,0.0,1.3,100.0,0.0
2020-05-15,,,,,,,,,,,,,0.0,1.1,100.0,0.0
2020-05-16,,,,,,,,,,,,,0.0,1.1,100.0,0.0
2020-05-17,0.0,1.5,88.8,,,,,,,0.0,0.0,100.0,0.0,0.9,100.0,0.0
2020-05-18,0.3,2.1,90.1,,,,,,,,,,0.0,1.1,100.0,0.0
2020-05-19,0.1,1.7,87.3,,,,,,,,,,0.0,1.3,100.0,0.0
2020-05-20,0.3,1.5,84.9,,,,,,,,,,0.0,1.4,100.0,0.0
2020-05-21,,,,0.0,0.1,99.9,,,,0.0,0.0,100.0,0.0,1.2,100.0,0.0
2020-05-22,,,,,,,,,,,,,0.0,1.5,100.0,0.0
2020-05-23,0.1,1.5,87.4,,,,,,,,,,0.0,1.7,100.0,0.0
2020-05-24,0.2,2.1,89.0,,,,,,,0.0,0.0,100.0,0.0,1.4,100.0,0.0
2020-05-25,0.0,1.1,56.0,,,,,,,0.0,0.1,100.0,0.0,1.3,100.0,0.0
2020-05-26,0.2,1.4,85.2,0.0,0.0,100.0,,,,,,,0.0,1.4,100.0,0.0
2020-05-27,,,,,,,,,,,,,0.0,1.5,100.0,0.0
2020-05-28,,,,,,,,,,0.0,0.1,92.7,0.0,1.0,100.0,0.0
2020-05-29,0.0,0.9,87.5,,,,,,,0.0,0.2,100.0,0.0,0.8,100.0,0.0
2020-05-30,0.1,1.1,88.7,,,,,,,,,,0.0,0.8,100.0,0.0
2020-05-31,0.0,0.8,87.1,,,,,,,0.0,0.2,48.3,0.0,0.7,100.0,0.0
2020-06-01,0.0,0.8,86.4,,,,0.0,0.0,40.8,0.0,0.2,100.0,0.0,0.5,100.0,0.0
2020-06-02,,,,,,,,,,0.0,0.2,99.4,0.0,0.4,100.0,0.0
2020-06-03,,,,,,,,,,,,,0.0,0.5,100.0,0.0
2020-06-04,0.0,0.6,88.8,,,,,,,,,,0.0,0.5,100.0,0.0
2020-06-05,0.0,0.9,90.6,,,,,,,0.0,0.3,100.0,0.0,0.4,100.0,0.0
2020-06-06,0.0,0.6,59.0,,,,,,,,,,0.0,0.4,100.0,0.0
2020-06-07,0.0,0.8,85.9,,,,,,,,,,0.0,0.4,100.0,0.0
2020-06-08,,,,,,,,,,0.0,0.3,33.3,0.0,0.4,100.0,0.0
2020-06-09,,,,,,,,,,,,,0.0,0.4,100.0,0.0
2020-06-10,0.0,0.8,88.8,,,,,,,,,,0.0,0.4,100.0,0.0
2020-06-11,0.1,1.5,91.1,,,,,,,,,,0.0,0.7,100.0,0.0
2020-06-12,0.0,0.7,88.0,,,,,,,0.0,0.3,100.0,0.0,0.7,100.0,0.0
2020-06-13,0.0,0.9,87.4,,,,,,,0.0,0.5,100.0,0.0,0.8,100.0,0.0
2020-06-14,,,,,,,,,,,,,0.0,1.0,100.0,0.0
2020-06-15,,,,,,,,,,,,,0.0,1.0,100.0,0.0
2020-06-16,0.1,0.7,89.2,,,,,,,0.0,0.7,100.0,0.0,0.8,100.0,0.0
2020-06-17,0.1,0.7,91.8,,,,,,,0.0,0.3,70.1,0.0,0.7,100.0,0.0
2020-06-18,,,,,,,,,,,,,0.0,1.1,100.0,0.0
2020-06-19,0.0,0.5,89.1,,,,,,,,,,0.0,1.1,100.0,0.0
2020-06-20,,,,,,,,,,0.0,0.3,100.0,0.0,1.5,100.0,0.0
2020-06-21,,,,,,,,,,0.0,0.3,100.0,0.0,1.1,100.0,0.0
2020-06-22,0.0,0.3,87.9,,,,,,,,,,0.0,1.6,100.0,0.0
2020-06-23,0.1,0.4,90.2,,,,,,,0.0,0.1,100.0,0.0,1.2,100.0,0.0
2020-06-24,,,,,,,,,,,,,0.0,1.4,100.0,0.0
2020-06-25,0.1,0.4,89.1,,,,,,,0.0,0.1,100.0,0.0,0.8,100.0,0.0
2020-06-26,,,,,,,,,,,,,0.0,1.2,100.0,0.0
2020-06-27,,,,,,,,,,0.0,0.0,100.0,0.0,0.8,100.0,0.0
2020-06-28,0.1,0.4,89.8,,,,,,,0.0,0.0,100.0,0.0,0.7,100.0,0.0
2020-06-29,0.0,0.4,90.0,,,,,,,0.0,0.0,91.6,0.0,0.5,100.0,0.0
2020-06-30,0.0,0.3,58.8,0.0,0.0,100.0,,,,0.0,0.0,100.0,0.0,0.5,100.0,0.0
2020-07-01,0.1,0.4,88.1,,,,,,,0.0,0.0,100.0,0.0,0.4,100.0,0.0
2020-07-02,,,,,,,,,,,,,0.0,0.5,100.0,0.0
2020-07-03,,,,,,,,,,,,,0.0,0.4,100.0,0.0
2020-07-04,0.1,0.5,89.3,,,,,,,0.0,0.0,100.0,0.0,0.3,100.0,0.0
2020-07-05,0.0,0.5,76.8,,,,,,,0.0,0.0,100.0,0.0,0.2,100.0,0.0
2020-07-06,0.0,0.7,77.6,,,,,,,,,,0.0,0.2,100.0,0.0
2020-07-07,0.0,0.9,77.0,,,,,,,,,,0.0,0.1,100.0,0.0
2020-07-08,,,,,,,,,,0.0,0.0,100.0,0.0,0.1,100.0,0.0
2020-07-09,,,,,,,,,,0.0,0.0,100.0,0.0,0.1,100.0,0.0
2020-07-10,0.0,1.7,76.6,0.0,0.0,83.0,,,,,,,0.0,0.1,100.0,0.0
2020-07-11,0.0,1.8,76.0,,,,,,,,,,0.0,0.1,100.0,0.0
2020-07-12,0.0,1.9,47.6,,,,0.0,0.0,96.2,,,,0.0,0.1,100.0,0.0
2020-07-13,0.0,1.0,75.9,,,,,,,,,,0.0,0.1,100.0,0.0
2020-07-14,,,,,,,,,,,,,0.0,0.1,100.0,0.0
2020-07-15,,,,,,,,,,,,,0.0,0.1,100.0,0.0
2020-07-16,0.0,0.8,74.7,,,,,,,,,,0.0,0.1,100.0,0.0
2020-07-17,0.0,0.9,76.2,,,,,,,,,,0.0,0.1,100.0,0.0
2020-07-18,0.0,0.7,76.7,,,,,,,0.0,0.0,100.0,0.0,0.1,100.0,0.0
2020-07-19,0.0,0.4,76.5,,,,,,,,,,0.0,0.2,100.0,0.0
2020-07-20,,,,0.0,0.0,100.0,,,,,,,0.0,0.3,100.0,0.0
2020-07-21,,,,,,,,,,,,,0.0,0.3,100.0,0.0
2020-07-22,0.0,0.3,75.5,,,,,,,,,,0.0,0.2,100.0,0.0
2020-07-23,0.0,0.6,76.9,,,,,,,,,,0.0,0.2,100.0,0.0
2020-07-24,0.0,0.4,44.7,,,,,,,,,,0.0,0.2,100.0,0.0
2020-07-25,0.0,0.6,73.7,,,,,,,0.0,0.0,100.0,0.0,0.2,100.0,0.0
2020-07-26,,,,,,,,,,,,,0.0,0.2,100.0,0.0
2020-07-27,,,,,,,,,,,,,0.0,0.2,100.0,0.0
2020-07-28,0.0,0.5,72.9,,,,0.0,0.0,48.1,,,,0.0,0.3,100.0,0.0
2020-07-29,0.0,0.8,79.5,,,,,,,0.0,0.0,100.0,0.0,0.2,100.0,0.0
2020-07-30,,,,0.0,0.1,44.2,,,,,,,0.0,0.3,100.0,0.0
2020-07-31,0.0,0.7,78.0,,,,,,,,,,0.0,0.2,100.0,0.0
2020-08-01,,,,,,,,,,,,,0.0,0.3,100.0,0.0
2020-08-02,,,,,,,,,,0.0,0.1,30.9,0.0,0.2,100.0,0.0
2020-08-03,0.0,0.5,76.0,,,,,,,,,,0.0,0.3,100.0,0.0
2020-08-04,0.0,0.5,77.9,,,,,,,,,,0.0,0.2,100.0,0.0
2020-08-05,0.0,0.3,48.8,,,,,,,,,,0.0,0.3,100.0,0.0
2020-08-06,0.0,0.3,75.7,,,,,,,0.0,0.0,100.0,0.0,0.2,100.0,0.0
2020-08-07,,,,,,,,,,0.0,0.0,100.0,0.0,0.2,100.0,0.0
2020-08-08,,,,,,,,,,0.0,0.0,100.0,0.0,0.2,100.0,0.0
2020-08-09,0.0,0.3,75.6,0.0,0.0,100.0,,,,,,,0.0,0.2,100.0,0.0
2020-08-10,0.0,0.4,77.6,,,,,,,0.0,0.0,100.0,0.0,0.1,100.0,0.0
2020-08-11,0.0,0.4,76.4,,,,,,,0.0,0.0,100.0,0.0,0.1,100.0,0.0
2020-08-12,0.0,0.5,76.1,,,,,,,0.0,0.0,100.0,0.0,0.1,100.0,0.0
2020-08-13,,,,,,,0.0,0.0,81.2,,,,0.0,0.1,100.0,0.0
2020-08-14,,,,,,,,,,,,,0.0,0.1,100.0,0.0
2020-08-15,0.0,0.5,75.3,,,,,,,0.0,0.0,100.0,0.0,0.1,100.0,0.0
2020-08-16,0.0,0.9,76.0,,,,,,,,,,0.0,0.1,100.0,0.0
2020-08-17,0.0,1.2,76.5,,,,,,,,,,0.0,0.1,100.0,0.0
2020-08-18,0.0,1.6,76.1,,,,,,,,,,0.0,0.1,100.0,0.0
2020-08-19,,,,0.0,0.0,100.0,,,,0.0,0.0,100.0,0.0,0.1,100.0,0.0
2020-08-20,,,,,,,0.0,0.0,87.7,0.0,0.0,100.0,0.0,0.1,100.0,0.0
2020-08-21,0.0,1.4,76.3,,,,,,,,,,0.0,0.1,100.0,0.0
2020-08-22,0.0,1.5,75.7,,,,,,,0.0,0.0,100.0,0.0,0.0,100.0,0.0
2020-08-23,0.0,1.3,75.7,,,,,,,0.0,0.0,100.0,0.0,0.0,100.0,0.0
2020-08-24,0.0,1.3,93.5,,,,,,,,,,0.0,0.1,100.0,0.0
2020-08-25,,,,,,,,,,,,,0.0,0.1,100.0,0.0
2020-08-26,,,,,,,,,,0.0,0.0,100.0,0.0,0.1,100.0,0.0
2020-08-27,0.0,0.9,86.6,,,,,,,0.0,0.0,100.0,0.0,0.1,100.0,0.0
2020-08-28,0.0,1.0,94.7,,,,,,,0.0,0.1,77.6,0.0,0.1,100.0,0.0
2020-08-29,0.1,0.9,67.0,,,,,,,,,,0.0,0.1,100.0,0.0
2020-08-30,0.0,1.5,96.9,,,,,,,,,,0.0,0.1,100.0,0.0
2020-08-31,,,,,,,,,,0.0,0.1,100.0,0.0,0.1,100.0,0.0
2020-09-01,,,,,,,,,,0.0,0.1,100.0,0.0,0.1,100.0,0.0
2020-09-02,0.2,1.9,91.1,,,,,,,,,,0.0,0.1,100.0,0.0
2020-09-03,0.8,3.0,97.0,0.0,0.0,35.3,,,,,,,0.0,0.0,100.0,0.0
2020-09-04,1.3,2.7,96.8,,,,,,,0.0,0.0,100.0,0.0,0.0,100.0,0.0
2020-09-05,0.2,0.7,43.1,,,,0.0,0.0,98.5,,,,0.0,0.0,100.0,0.0
2020-09-06,,,,,,,,,,,,,0.0,0.0,100.0,0.0
2020-09-07,,,,,,,,,,0.0,0.1,100.0,0.0,0.0,100.0,0.0
2020-09-08,0.0,0.6,37.7,0.0,0.0,99.7,,,,,,,0.0,0.0,100.0,0.0
2020-09-09,0.0,0.6,42.4,,,,,,,,,,0.0,0.1,100.0,0.0
2020-09-10,0.0,0.5,32.0,,,,,,,,,,0.0,0.0,100.0,0.0
2020-09-11,0.0,0.6,42.0,,,,,,,0.0,0.1,100.0,0.0,0.0,100.0,0.0
2020-09-12,,,,,,,,,,,,,0.0,0.0,100.0,0.0
2020-09-13,,,,0.0,0.1,100.0,,,,,,,0.0,0.0,100.0,0.0
2020-09-14,0.0,0.5,36.4,,,,0.0,0.0,93.2,,,,0.0,0.0,100.0,0.0
2020-09-15,0.0,0.8,42.1,,,,,,,,,,0.0,0.0,100.0,0.0
2020-09-16,0.0,0.9,43.1,,,,,,,,,,0.0,0.0,100.0,0.0
2020-09-17,0.0,0.8,43.1,,,,,,,,,,0.0,0.0,100.0,0.0
2020-09-18,,,,0.0,0.1,100.0,,,,,,,0.0,0.0,100.0,0.0
2020-09-19,,,,,,,,,,,,,0.0,0.0,100.0,0.0
2020-09-20,0.0,0.8,38.7,,,,,,,,,,0.0,0.0,100.0,0.0
2020-09-21,0.0,0.8,42.9,,,,,,,,,,0.0,0.0,100.0,0.0
2020-09-22,0.0,1.4,32.0,,,,,,,,,,0.0,0.1,100.0,0.0
2020-09-23,0.0,1.9,42.3,,,,,,,,,,0.0,0.1,100.0,0.0
2020-09-24,,,,,,,,,,,,,0.0,0.1,100.0,0.0
2020-09-25,,,,,,,,,,,,,0.0,0.1,100.0,0.0
2020-09-26,0.0,2.2,37.7,,,,,,,,,,0.0,0.2,100.0,0.0
2020-09-27,0.0,3.6,43.1,,,,,,,,,,0.0,0.2,100.0,0.0
2020-09-28,0.0,2.3,43.1,,,,,,,,,,0.0,0.3,100.0,0.0
2020-09-29,0.0,1.6,43.0,,,,,,,,,,0.0,0.4,100.0,0.0
2020-09-30,,,,,,,0.0,0.0,66.5,0.0,0.3,100.0,0.0,0.6,100.0,0.0
2020-10-01,,,,,,,,,,0.0,0.6,100.0,0.0,0.7,100.0,0.0
2020-10-02,0.0,1.8,38.5,,,,,,,,,,0.0,0.8,100.0,0.0
2020-10-03,0.0,1.5,42.8,,,,,,,,,,0.0,0.8,100.0,0.0
2020-10-04,0.0,1.5,31.2,,,,,,,,,,0.0,1.0,100.0,0.0
2020-10-05,0.0,0.9,43.1,,,,,,,,,,0.0,1.0,100.0,0.0
2020-10-06,,,,,,,,,,,,,0.0,1.2,100.0,0.0
2020-10-07,,,,,,,,,,,,,0.0,1.2,100.0,0.0
2020-10-08,0.0,0.9,36.9,,,,,,,0.0,0.6,100.0,0.0,1.2,100.0,0.0
2020-10-09,0.0,1.3,42.9,,,,,,,0.0,0.4,100.0,0.0,1.1,100.0,0.0
2020-10-10,0.0,2.5,43.1,,,,,,,,,,0.0,1.5,100.0,0.0
2020-10-11,1.3,4.1,43.1,,,,,,,,,,0.0,1.8,100.0,0.0
2020-10-12,,,,,,,,,,0.0,0.2,100.0,0.0,1.8,100.0,0.0
2020-10-13,,,,0.0,0.2,100.0,,,,0.0,0.2,100.0,0.0,1.6,100.0,0.0
2020-10-14,7.2,7.7,38.3,,,,,,,0.0,0.2,100.0,0.0,1.9,100.0,0.0
2020-10-15,13.3,14.6,42.6,,,,,,,,,,0.0,2.7,100.0,0.0
2020-10-16,,,,,,,,,,0.0,0.5,100.0,0.0,3.3,100.0,0.0
2020-10-17,20.1,16.5,43.1,,,,,,,0.0,0.5,100.0,0.0,2.8,100.0,0.0
2020-10-18,,,,0.0,0.3,100.0,,,,,,,0.0,3.4,100.0,0.0
2020-10-19,,,,,,,,,,,,,0.0,3.9,100.0,0.0
2020-10-20,0.0,1.5,75.3,,,,,,,,,,0.0,4.4,100.0,0.0
2020-10-21,0.0,1.6,76.5,,,,,,,0.0,0.3,100.0,0.0,3.2,100.0,0.0
2020-10-22,0.0,1.4,77.2,,,,,,,0.0,0.2,100.0,0.0,4.0,100.0,0.0
2020-10-23,0.0,0.9,78.5,,,,,,,,,,0.0,4.3,100.0,0.0
2020-10-24,,,,,,,,,,,,,0.0,4.9,100.0,0.0
2020-10-25,,,,,,,,,,0.0,0.2,100.0,0.0,2.9,100.0,0.0
2020-10-26,0.0,0.6,75.5,,,,,,,,,,0.0,5.3,100.0,0.0
2020-10-27,0.0,0.6,79.7,,,,,,,,,,0.0,4.7,100.0,0.0
2020-10-28,0.0,0.5,46.8,,,,,,,,,,0.0,5.6,100.0,0.0
2020-10-29,0.0,0.3,83.4,,,,,,,0.0,0.1,100.0,0.0,3.6,100.0,0.0
2020-10-30,,,,,,,,,,,,,0.0,5.7,100.0,0.0
2020-10-31,,,,,,,,,,,,,0.0,5.5,100.0,0.0
2020-11-01,0.0,0.2,80.0,,,,,,,,,,0.0,6.1,100.0,0.0
2020-11-02,0.0,0.3,83.7,0.0,0.3,100.0,,,,0.0,0.1,100.0,0.0,3.2,100.0,0.0
2020-11-03,0.0,0.3,83.0,,,,,,,,,,0.0,3.7,100.0,0.0
2020-11-04,0.0,0.4,82.1,,,,,,,,,,0.0,3.2,100.0,0.0
2020-11-05,,,,,,,,,,,,,0.0,3.8,100.0,0.0
2020-11-06,,,,,,,,,,,,,0.0,3.1,100.0,0.0
2020-11-07,0.0,0.6,80.0,0.2,0.4,99.9,,,,,,,0.0,2.7,100.0,0.0
2020-11-08,0.0,1.0,83.4,,,,,,,,,,0.0,1.9,100.0,0.0
2020-11-09,0.1,1.2,54.2,,,,,,,,,,0.0,1.7,100.0,0.0
2020-11-10,0.0,2.3,83.2,,,,,,,,,,0.0,0.9,100.0,0.0
2020-11-11,,,,,,,,,,,,,0.0,0.8,100.0,0.0
2020-11-12,,,,0.1,0.1,100.0,,,,,,,0.0,0.6,100.0,0.0
2020-11-13,0.1,2.4,78.2,,,,,,,,,,0.0,0.6,100.0,0.0
2020-11-14,0.1,4.5,80.8,,,,,,,,,,0.0,0.6,100.0,0.0
2020-11-15,0.0,3.8,80.4,,,,,,,,,,0.0,0.7,100.0,0.0
2020-11-16,0.0,2.5,78.9,,,,,,,,,,0.0,0.7,100.0,0.0
2020-11-17,,,,0.0,0.2,100.0,,,,,,,0.0,0.8,100.0,0.0
2020-11-18,,,,,,,,,,,,,0.0,0.9,100.0,0.0
2020-11-19,0.0,2.1,77.9,,,,,,,,,,0.0,0.9,100.0,0.0
2020-11-20,0.0,2.1,79.1,,,,,,,,,,0.0,1.1,100.0,0.0
2020-11-21,0.0,2.1,51.4,,,,,,,,,,0.0,1.5,100.0,0.0
2020-11-22,0.0,1.6,81.7,0.0,0.5,99.7,,,,,,,0.0,2.8,100.0,0.0
2020-11-23,,,,,,,,,,,,,0.0,3.0,100.0,0.0
2020-11-24,,,,,,,,,,,,,0.0,3.4,100.0,0.0
2020-11-25,0.0,1.4,79.2,,,,,,,,,,0.0,2.8,100.0,0.0
2020-11-26,0.0,1.4,82.5,,,,,,,,,,0.0,4.2,100.0,0.0
2020-11-27,0.0,1.7,83.0,0.2,0.8,100.0,,,,,,,0.0,3.3,100.0,0.0
2020-11-28,0.0,1.9,82.0,,,,,,,0.0,0.1,100.0,0.0,2.9,100.0,0.0
2020-11-29,,,,,,,,,,0.0,0.1,100.0,0.0,2.6,100.0,0.0
2020-11-30,,,,,,,,,,,,,0.0,3.9,100.0,0.0
2020-12-01,0.0,2.3,79.4,,,,,,,,,,0.0,3.7,100.0,0.0
2020-12-02,0.2,2.6,82.0,,,,,,,0.0,0.2,100.0,0.0,3.1,100.0,0.0
2020-12-03,0.0,2.1,52.1,,,,1.1,2.7,100.0,0.0,0.2,100.0,0.0,2.9,100.0,0.0
2020-12-04,0.2,2.5,81.8,,,,,,,,,,0.0,4.3,100.0,0.0
2020-12-05,,,,,,,,,,,,,0.0,4.3,100.0,0.0
2020-12-06,,,,,,,,,,0.0,0.1,100.0,0.0,3.5,100.0,0.0
2020-12-07,0.2,2.6,80.8,0.1,2.6,100.0,,,,0.0,0.1,100.0,0.0,3.7,100.0,0.0
2020-12-08,0.1,3.5,82.4,,,,,,,,,,0.0,5.2,100.0,0.0
2020-12-09,0.0,4.0,83.2,,,,,,,,,,0.0,5.9,100.0,0.0
2020-12-10,0.0,3.1,81.3,,,,11.8,18.3,100.0,0.0,0.1,100.0,0.0,5.7,100.0,0.0
2020-12-11,,,,,,,,,,0.0,0.1,100.0,0.0,6.0,100.0,0.0
2020-12-12,,,,,,,,,,0.0,0.1,100.0,0.0,6.0,100.0,0.0
2020-12-13,0.0,2.0,79.4,,,,,,,,,,0.0,6.6,100.0,0.0
2020-12-14,0.0,2.4,82.3,,,,,,,0.0,0.2,100.0,0.0,6.0,100.0,0.0
2020-12-15,0.1,2.6,83.0,,,,,,,0.0,0.4,100.0,0.0,6.7,100.0,0.0
2020-12-16,0.0,2.7,82.8,,,,,,,0.0,1.0,100.0,0.1,7.4,100.0,0.1
2020-12-17,,,,0.6,3.7,100.0,,,,0.0,2.9,100.0,0.1,8.7,100.0,0.1
2020-12-18,,,,,,,,,,0.0,4.9,100.0,0.1,10.0,100.0,0.1
2020-12-19,0.0,1.6,77.6,,,,11.8,19.1,99.6,0.2,13.6,100.0,0.1,14.0,100.0,0.1
2020-12-20,0.5,3.2,83.2,,,,,,,24.0,35.7,100.0,0.1,18.7,100.0,0.1
2020-12-21,0.7,4.2,82.4,,,,,,,,,,0.3,22.9,100.0,0.3
2020-12-22,1.4,6.7,82.9,0.4,4.3,100.0,,,,,,,0.7,29.7,100.0,0.7
2020-12-23,,,,,,,,,,91.5,68.1,100.0,0.8,34.2,100.0,0.8
2020-12-24,,,,,,,,,,99.6,81.4,100.0,2.8,44.2,100.0,2.8
2020-12-25,1.2,6.3,79.4,,,,,,,,,,3.9,47.2,100.0,3.9
2020-12-26,3.5,12.8,83.4,,,,99.0,79.7,71.7,,,,71.5,60.6,100.0,71.5
2020-12-27,5.2,17.6,51.2,,,,,,,99.7,91.6,100.0,86.9,63.5,100.0,86.9
2020-12-28,35.0,35.1,82.1,,,,,,,97.9,88.5,82.1,90.7,71.2,100.0,90.7
2020-12-29,,,,,,,,,,99.1,93.0,100.0,91.1,74.0,100.0,91.1
2020-12-30,,,,,,,,,,99.3,96.0,100.0,92.4,79.0,100.0,92.4
2020-12-31,68.2,50.6,79.4,,,,,,,99.3,97.7,100.0,92.8,82.0,100.0,92.8
2021-01-01,88.8,62.0,85.6,78.7,62.7,100.0,,,,,,,99.8,88.1,100.0,99.8
2021-01-02,87.9,61.9,84.9,,,,,,,100.0,98.9,100.0,99.9,90.2,100.0,99.9
2021-01-03,95.3,71.1,84.7,,,,,,,,,,99.9,91.7,100.0,99.9
2021-01-04,,,,,,,100.0,99.7,100.0,,,,99.9,94.3,100.0,99.9
2021-01-05,,,,,,,,,,,,,100.0,94.2,100.0,100.0
2021-01-06,97.7,77.3,82.3,97.5,90.1,100.0,,,,100.0,99.3,100.0,100.0,96.4,100.0,100.0
2021-01-07,99.2,80.3,84.7,,,,,,,100.0,99.6,100.0,100.0,96.6,100.0,100.0
2021-01-08,98.8,80.2,50.6,,,,,,,,,,100.0,97.3,100.0,100.0
2021-01-09,,,,,,,,,,100.0,99.8,100.0,100.0,97.4,100.0,100.0
2021-01-10,,,,,,,,,,,,,100.0,97.9,100.0,100.0
2021-01-11,,,,98.4,96.7,100.0,100.0,100.0,100.0,,,,100.0,98.8,100.0,100.0
2021-01-12,99.7,80.1,88.1,,,,,,,,,,100.0,98.7,100.0,100.0
2021-01-13,,,,,,,,,,100.0,99.8,100.0,100.0,98.6,100.0,100.0
2021-01-14,99.8,79.6,93.8,,,,,,,100.0,99.8,100.0,100.0,98.9,100.0,100.0
2021-01-15,99.1,82.1,91.6,,,,,,,,,,100.0,98.8,100.0,100.0
2021-01-16,,,,100.0,98.5,100.0,,,,,,,100.0,99.0,100.0,100.0
2021-01-17,,,,,,,,,,,,,100.0,99.0,100.0,100.0
2021-01-18,,,,,,,,,,100.0,99.8,100.0,100.0,99.2,100.0,100.0
2021-01-19,99.6,82.1,91.4,,,,,,,,,,100.0,99.3,100.0,100.0
2021-01-20,95.8,78.8,56.7,,,,100.0,100.0,89.3,,,,100.0,99.5,100.0,100.0
2021-01-21,,,,99.0,97.6,88.1,,,,,,,100.0,99.3,100.0,100.0
2021-01-22,,,,,,,,,,,,,100.0,99.3,100.0,100.0
2021-01-23,,,,,,,,,,,,,100.0,99.2,100.0,100.0
2021-01-24,99.4,81.0,83.8,,,,,,,,,,100.0,99.0,100.0,100.0
2021-01-25,,,,,,,,,,100.0,99.8,100.0,100.0,98.6,100.0,100.0
2021-01-26,99.8,80.5,90.7,,,,,,,100.0,99.5,100.0,100.0,98.5,100.0,100.0
2021-01-27,99.8,80.5,88.6,,,,,,,,,,100.0,98.4,100.0,100.0
2021-01-28,,,,,,,,,,,,,100.0,97.7,100.0,100.0
2021-01-29,,,,,,,,,,100.0,99.0,100.0,100.0,95.9,100.0,100.0
2021-01-30,,,,,,,,,,,,,100.0,96.2,100.0,100.0
2021-01-31,100.0,84.7,88.3,,,,,,,100.0,98.6,100.0,100.0,96.3,100.0,100.0
2021-02-01,100.0,84.7,55.0,,,,,,,,,,100.0,95.7,100.0,100.0
2021-02-02,,,,,,,,,,,,,100.0,95.3,100.0,100.0
2021-02-03,,,,,,,,,,100.0,98.2,100.0,100.0,95.2,100.0,100.0
2021-02-04,,,,,,,,,,100.0,97.1,100.0,100.0,94.6,100.0,100.0
2021-02-05,100.0,88.7,80.7,100.0,97.8,100.0,100.0,100.0,100.0,100.0,94.9,100.0,100.0,96.2,100.0,100.0
2021-02-06,,,,,,,,,,100.0,96.1,88.7,100.0,92.7,100.0,100.0
2021-02-07,99.9,89.0,88.2,,,,,,,100.0,93.7,89.0,100.0,92.3,100.0,100.0
2021-02-08,,,,,,,,,,,,,100.0,91.6,100.0,100.0
2021-02-09,,,,,,,,,,100.0,94.0,100.0,100.0,91.7,100.0,100.0
2021-02-10,,,,,,,,,,,,,100.0,91.8,100.0,100.0
2021-02-11,,,,,,,,,,100.0,91.9,100.0,100.0,93.1,100.0,100.0
2021-02-12,,,,,,,100.0,100.0,100.0,100.0,92.8,100.0,100.0,95.6,100.0,100.0
2021-02-13,,,,,,,,,,100.0,91.6,100.0,100.0,96.1,100.0,100.0
2021-02-14,99.9,89.1,90.4,,,,,,,100.0,91.4,100.0,100.0,96.5,100.0,100.0
2021-02-15,,,,99.9,96.2,100.0,,,,,,,100.0,97.3,100.0,100.0
2021-02-16,,,,,,,,,,100.0,91.7,100.0,100.0,95.8,100.0,100.0
2021-02-17,99.9,91.4,83.0,,,,,,,100.0,86.9,100.0,100.0,96.3,100.0,100.0
2021-02-18,99.9,92.5,84.6,,,,,,,,,,100.0,96.6,100.0,100.0
2021-02-19,99.9,89.7,92.2,,,,,,,98.9,80.4,100.0,100.0,97.0,100.0,100.0
2021-02-20,,,,99.1,91.9,100.0,,,,96.4,77.6,100.0,100.0,96.4,100.0,100.0
2021-02-21,,,,,,,100.0,99.9,100.0,91.0,76.2,100.0,100.0,96.8,100.0,100.0
2021-02-22,,,,,,,,,,,,,100.0,95.6,100.0,100.0
2021-02-23,99.8,88.8,89.8,,,,,,,,,,100.0,96.2,100.0,100.0
2021-02-24,,,,,,,,,,86.6,75.6,100.0,100.0,94.7,100.0,100.0
2021-02-25,99.9,91.7,59.6,90.1,79.5,100.0,,,,89.6,79.6,100.0,100.0,95.4,100.0,100.0
2021-02-26,,,,,,,,,,,,,100.0,94.5,100.0,100.0
2021-02-27,,,,,,,,,,,,,100.0,94.5,100.0,100.0
2021-02-28,,,,,,,99.8,96.7,100.0,,,,100.0,94.8,100.0,100.0
2021-03-01,99.7,88.3,90.3,,,,,,,91.5,83.0,100.0,100.0,94.5,100.0,100.0
2021-03-02,99.8,90.8,95.7,80.0,76.3,100.0,,,,,,,100.0,95.1,100.0,100.0
2021-03-03,99.9,90.6,92.4,,,,,,,93.5,86.7,100.0,100.0,94.3,100.0,100.0
2021-03-04,,,,,,,,,,91.3,85.3,100.0,100.0,93.3,100.0,100.0
2021-03-05,,,,,,,,,,,,,100.0,92.8,100.0,100.0
2021-03-06,,,,,,,,,,,,,100.0,92.3,100.0,100.0
2021-03-07,99.8,90.5,87.2,99.5,88.9,78.3,,,,91.7,85.1,100.0,100.0,93.2,100.0,100.0
2021-03-08,,,,,,,,,,,,,100.0,91.2,100.0,100.0
2021-03-09,99.9,92.4,53.4,,,,,,,,,,100.0,90.5,100.0,100.0
2021-03-10,99.7,90.0,89.5,,,,,,,98.2,92.6,100.0,99.8,88.9,100.0,99.8
2021-03-11,,,,,,,,,,97.4,88.7,100.0,100.0,88.0,100.0,100.0
2021-03-12,,,,98.7,84.1,100.0,,,,,,,99.5,85.4,100.0,99.5
2021-03-13,99.5,89.1,83.4,,,,,,,96.2,85.1,100.0,98.9,83.7,100.0,98.9
2021-03-14,99.7,90.0,89.2,,,,,,,84.1,74.0,100.0,94.3,78.7,100.0,94.3
2021-03-15,98.9,83.7,90.1,,,,,,,,,,96.6,78.0,100.0,96.6
2021-03-16,,,,,,,,,,,,,90.7,72.4,100.0,90.7
2021-03-17,,,,,,,,,,,,,92.4,72.3,100.0,92.4
2021-03-18,,,,,,,,,,76.6,68.0,100.0,85.4,68.2,100.0,85.4
2021-03-19,96.1,81.4,86.4,,,,,,,,,,98.0,73.6,100.0,98.0
2021-03-20,,,,,,,,,,,,,98.8,73.0,100.0,98.8
2021-03-21,96.2,83.2,53.9,,,,,,,,,,100.0,78.0,100.0,100.0
2021-03-22,93.1,76.4,88.5,,,,,,,,,,99.9,78.2,100.0,99.9
2021-03-23,,,,,,,,,,,,,99.8,78.4,100.0,99.8
2021-03-24,,,,,,,,,,,,,99.6,78.4,100.0,99.6
2021-03-25,90.4,74.7,85.5,,,,99.6,95.7,99.9,,,,100.0,84.0,100.0,100.0
2021-03-26,86.5,70.6,92.0,,,,,,,42.5,40.4,86.3,97.1,78.9,100.0,97.1
2021-03-27,87.5,71.1,95.0,,,,,,,34.2,34.5,100.0,96.9,79.2,100.0,96.9
2021-03-28,86.3,70.2,92.4,,,,,,,,,,88.5,76.5,100.0,88.5
2021-03-29,,,,,,,,,,,,,89.2,75.9,100.0,89.2
2021-03-30,,,,,,,,,,3.7,13.8,100.0,72.8,65.6,100.0,72.8
2021-03-31,93.2,75.3,88.3,,,,,,,7.8,15.2,100.0,76.1,67.1,100.0,76.1
2021-04-01,91.8,75.2,94.7,45.8,53.0,100.0,78.9,75.2,78.4,,,,72.5,64.9,100.0,72.5
2021-04-02,99.1,83.1,60.0,,,,,,,,,,69.0,61.7,100.0,69.0
2021-04-03,81.0,67.1,95.7,,,,,,,0.0,4.8,100.0,48.7,49.9,100.0,48.7
2021-04-04,,,,,,,,,,0.2,5.4,100.0,51.5,50.8,100.0,51.5
2021-04-05,,,,,,,,,,0.0,2.2,100.0,43.3,45.5,100.0,43.3
2021-04-06,77.2,63.5,90.7,,,,,,,,,,55.3,52.4,100.0,55.3
2021-04-07,75.6,64.6,93.7,,,,,,,0.1,1.7,100.0,39.9,42.1,100.0,39.9
2021-04-08,71.6,59.7,92.8,,,,,,,0.2,1.8,100.0,52.0,48.2,100.0,52.0
2021-04-09,60.8,50.2,94.0,,,,,,,,,,47.6,45.5,100.0,47.6
2021-04-10,,,,,,,,,,,,,52.0,48.8,100.0,52.0
2021-04-11,,,,,,,,,,,,,38.7,41.3,100.0,38.7
2021-04-12,50.7,43.7,89.5,,,,,,,,,,49.5,46.4,100.0,49.5
2021-04-13,49.0,40.6,95.6,,,,,,,0.1,1.8,100.0,39.6,42.6,100.0,39.6
2021-04-14,74.0,54.5,61.2,,,,,,,,,,55.1,51.8,100.0,55.1
2021-04-15,39.2,34.1,95.6,,,,,,,0.1,3.3,100.0,46.3,46.9,100.0,46.3
2021-04-16,,,,31.2,47.5,100.0,,,,0.5,5.3,100.0,61.1,55.3,100.0,61.1
2021-04-17,,,,,,,82.8,73.6,99.6,4.9,9.8,100.0,60.4,55.1,100.0,60.4
2021-04-18,26.9,26.5,90.8,,,,,,,10.7,14.6,100.0,66.7,61.3,100.0,66.7
2021-04-19,39.1,33.5,95.3,,,,,,,8.2,12.1,100.0,64.5,58.7,100.0,64.5
2021-04-20,37.9,32.4,94.8,,,,,,,12.6,17.3,100.0,65.8,59.8,100.0,65.8
2021-04-21,29.5,29.5,95.8,7.6,29.8,99.9,,,,,,,65.2,60.2,100.0,65.2
2021-04-22,,,,,,,,,,7.8,13.8,100.0,61.9,57.7,100.0,61.9
2021-04-23,,,,,,,,,,12.7,21.0,100.0,58.3,54.9,100.0,58.3
2021-04-24,15.3,20.5,90.5,,,,,,,3.5,13.0,100.0,48.2,48.3,100.0,48.2
2021-04-25,27.0,28.4,96.1,,,,,,,1.3,11.8,100.0,39.6,44.4,100.0,39.6
2021-04-26,44.6,40.4,59.7,,,,,,,0.0,5.2,100.0,18.3,34.2,100.0,18.3
2021-04-27,8.4,15.5,95.7,,,,,,,0.0,1.0,100.0,8.8,28.6,100.0,8.8
2021-04-28,,,,,,,,,,0.0,0.5,100.0,0.1,15.4,100.0,0.1
2021-04-29,,,,,,,,,,0.0,0.1,100.0,0.0,12.1,100.0,0.0
2021-04-30,4.0,11.9,92.6,,,,,,,0.0,0.1,100.0,0.0,6.6,100.0,0.0
2021-05-01,4.0,10.0,96.3,,,,,,,,,,0.0,6.1,100.0,0.0
2021-05-02,3.9,10.5,95.3,,,,,,,0.0,0.1,100.0,0.0,2.9,100.0,0.0
2021-05-03,2.5,5.4,96.1,,,,0.9,9.4,70.4,0.0,0.1,100.0,0.0,2.5,100.0,0.0
2021-05-04,,,,,,,,,,0.0,0.2,100.0,0.0,1.8,100.0,0.0
2021-05-05,,,,,,,,,,,,,0.0,2.0,100.0,0.0
2021-05-06,0.4,3.8,91.8,,,,,,,0.0,0.5,100.0,0.0,1.6,100.0,0.0
2021-05-07,1.9,5.4,95.6,,,,,,,0.0,1.1,100.0,0.0,1.5,100.0,0.0
2021-05-08,1.7,6.4,63.2,,,,,,,0.0,1.1,100.0,0.0,1.2,100.0,0.0
2021-05-09,1.4,5.8,96.3,,,,,,,0.0,1.3,100.0,0.0,1.2,100.0,0.0
2021-05-10,,,,,,,,,,,,,0.0,1.4,100.0,0.0
2021-05-11,,,,,,,,,,,,,0.0,1.2,100.0,0.0
2021-05-12,0.8,6.6,92.5,,,,,,,,,,0.0,1.1,100.0,0.0
2021-05-13,2.3,9.9,94.9,,,,,,,,,,0.0,1.0,100.0,0.0
2021-05-14,2.3,11.5,91.7,,,,,,,,,,0.0,1.3,100.0,0.0
2021-05-15,3.1,11.5,88.8,,,,,,,,,,0.0,1.0,100.0,0.0
2021-05-16,,,,,,,,,,,,,0.0,1.1,100.0,0.0
2021-05-17,,,,,,,,,,,,,0.0,0.8,100.0,0.0
2021-05-18,2.0,13.9,86.6,,,,,,,,,,0.0,1.1,100.0,0.0
2021-05-19,7.9,18.4,89.7,,,,,,,0.0,4.1,70.9,0.0,0.9,100.0,0.0
2021-05-20,10.1,21.0,58.2,,,,,,,,,,0.0,1.2,100.0,0.0
2021-05-21,4.5,13.6,91.7,,,,,,,0.0,2.1,99.2,0.0,0.9,100.0,0.0
2021-05-22,,,,,,,,,,,,,0.0,1.4,100.0,0.0
2021-05-23,,,,,,,,,,,,,0.0,1.1,100.0,0.0
2021-05-24,1.3,10.9,85.6,,,,,,,,,,0.0,1.5,100.0,0.0
2021-05-25,4.8,13.4,95.9,,,,,,,0.0,1.7,100.0,0.0,1.3,100.0,0.0
2021-05-26,4.7,12.8,89.1,0.1,3.3,97.4,,,,,,,0.0,2.0,100.0,0.0
2021-05-27,2.9,10.7,90.5,,,,,,,,,,0.0,1.8,100.0,0.0
2021-05-28,,,,,,,,,,0.0,0.7,100.0,0.0,2.1,100.0,0.0
2021-05-29,,,,,,,,,,0.0,1.5,100.0,0.0,2.2,100.0,0.0
2021-05-30,0.2,8.3,85.9,,,,,,,,,,0.0,2.9,100.0,0.0
2021-05-31,1.7,10.6,96.8,0.0,0.8,100.0,,,,0.0,0.8,100.0,0.0,2.5,100.0,0.0
2021-06-01,2.3,10.2,62.1,,,,,,,0.0,0.7,100.0,0.0,2.2,100.0,0.0
2021-06-02,1.1,8.4,95.9,,,,,,,,,,0.0,2.8,100.0,0.0
2021-06-03,,,,,,,,,,0.0,0.5,100.0,0.0,2.2,100.0,0.0
2021-06-04,,,,,,,,,,,,,0.0,2.5,100.0,0.0
2021-06-05,0.6,6.8,90.5,0.0,0.3,100.0,,,,,,,0.0,1.9,100.0,0.0
2021-06-06,0.5,6.8,96.8,,,,,,,,,,0.0,2.5,100.0,0.0
2021-06-07,0.7,5.8,96.9,,,,,,,,,,0.0,2.2,100.0,0.0
2021-06-08,,,,,,,,,,,,,0.0,2.8,100.0,0.0
2021-06-09,,,,,,,,,,0.0,0.4,98.0,0.0,2.1,100.0,0.0
2021-06-10,,,,,,,,,,,,,0.0,2.5,100.0,0.0
2021-06-11,0.4,4.2,91.0,,,,,,,0.0,0.4,100.0,0.0,1.8,100.0,0.0
2021-06-12,0.3,4.2,96.5,,,,,,,0.0,0.4,100.0,0.0,2.4,100.0,0.0
2021-06-13,0.3,3.5,59.9,,,,,,,0.0,0.3,100.0,0.0,1.7,100.0,0.0
2021-06-14,0.2,2.6,92.0,,,,,,,0.0,0.1,100.0,0.0,1.9,100.0,0.0
2021-06-15,,,,0.0,0.0,100.0,,,,,,,0.0,1.8,100.0,0.0
2021-06-16,,,,,,,,,,,,,0.0,2.3,100.0,0.0
2021-06-17,0.1,2.4,88.9,,,,,,,0.0,0.1,100.0,0.0,1.6,100.0,0.0
2021-06-18,0.0,2.4,93.3,,,,,,,,,,0.0,1.7,100.0,0.0
2021-06-19,0.1,2.4,93.7,,,,,,,0.0,0.1,70.8,0.0,1.6,100.0,0.0
2021-06-20,0.1,2.2,93.7,,,,,,,,,,0.0,1.9,100.0,0.0
2021-06-21,,,,,,,,,,0.0,0.1,100.0,0.0,1.3,100.0,0.0
2021-06-22,,,,,,,,,,0.0,0.0,100.0,0.0,1.0,100.0,0.0
2021-06-23,0.0,2.7,91.0,,,,,,,,,,0.0,1.5,100.0,0.0
2021-06-24,,,,,,,,,,,,,0.0,1.5,100.0,0.0
2021-06-25,0.1,2.9,62.5,,,,,,,0.0,0.0,100.0,0.0,1.6,100.0,0.0
2021-06-26,0.0,2.6,96.1,,,,,,,0.0,0.0,100.0,0.0,1.1,100.0,0.0
2021-06-27,,,,,,,,,,,,,0.0,1.4,100.0,0.0
2021-06-28,,,,,,,,,,0.0,0.0,100.0,0.0,1.1,100.0,0.0
2021-06-29,0.0,2.1,91.7,,,,,,,,,,0.0,1.2,100.0,0.0
2021-06-30,0.1,1.9,97.2,,,,,,,,,,0.0,0.7,100.0,0.0
2021-07-01,0.0,0.9,97.9,,,,,,,,,,0.0,0.9,100.0,0.0
2021-07-02,0.0,0.5,96.1,,,,,,,0.0,0.0,100.0,0.0,0.9,100.0,0.0
2021-07-03,,,,,,,,,,,,,0.0,1.1,100.0,0.0
2021-07-04,,,,,,,,,,,,,0.0,0.8,100.0,0.0
2021-07-05,0.0,0.4,89.9,,,,,,,,,,0.0,0.8,100.0,0.0
2021-07-06,0.0,0.4,96.2,,,,,,,,,,0.0,1.2,100.0,0.0
2021-07-07,0.0,0.3,60.4,,,,,,,,,,0.0,1.3,100.0,0.0
2021-07-08,0.0,0.4,96.3,,,,,,,,,,0.0,0.9,100.0,0.0
2021-07-09,,,,,,,,,,,,,0.0,0.9,100.0,0.0
2021-07-10,,,,0.0,0.0,100.0,,,,,,,0.0,1.0,100.0,0.0
2021-07-11,0.0,0.4,90.1,,,,,,,0.0,0.0,100.0,0.0,0.9,100.0,0.0
2021-07-12,0.0,0.6,97.2,,,,,,,,,,0.0,0.8,100.0,0.0
2021-07-13,0.0,0.8,97.6,,,,,,,,,,0.0,0.8,100.0,0.0
2021-07-14,0.0,0.9,96.9,,,,,,,,,,0.0,1.0,100.0,0.0
2021-07-15,,,,,,,,,,,,,0.0,1.3,100.0,0.0
2021-07-16,,,,,,,,,,,,,0.0,1.0,100.0,0.0
2021-07-17,0.0,1.0,90.3,,,,,,,,,,0.0,0.6,100.0,0.0
2021-07-18,0.0,1.1,97.6,,,,,,,,,,0.0,0.6,100.0,0.0
2021-07-19,0.0,0.8,62.7,,,,,,,,,,0.0,0.6,100.0,0.0
2021-07-20,0.0,0.7,96.9,0.0,0.0,91.6,,,,0.0,0.0,100.0,0.0,0.4,100.0,0.0
2021-07-21,,,,,,,,,,,,,0.0,0.5,100.0,0.0
2021-07-22,,,,,,,,,,,,,0.0,0.4,100.0,0.0
2021-07-23,0.0,0.5,91.0,,,,,,,0.0,0.0,100.0,0.0,0.3,100.0,0.0
2021-07-24,0.0,0.6,96.5,,,,,,,,,,0.0,0.2,100.0,0.0
2021-07-25,0.0,0.8,97.9,,,,,,,,,,0.0,0.2,100.0,0.0
2021-07-26,0.0,0.9,97.3,,,,,,,,,,0.0,0.1,100.0,0.0
2021-07-27,,,,,,,,,,,,,0.0,0.2,100.0,0.0
2021-07-28,,,,,,,,,,,,,0.0,0.1,100.0,0.0
2021-07-29,0.1,1.4,91.7,,,,,,,,,,0.0,0.2,100.0,0.0
2021-07-30,0.0,1.6,97.6,0.0,0.0,54.1,,,,,,,0.0,0.1,100.0,0.0
2021-07-31,0.0,0.8,64.5,,,,0.0,0.0,76.2,,,,0.0,0.1,100.0,0.0
2021-08-01,0.1,1.0,97.6,,,,,,,,,,0.0,0.1,100.0,0.0
2021-08-02,,,,,,,,,,,,,0.0,0.2,100.0,0.0
2021-08-03,,,,,,,,,,,,,0.0,0.2,100.0,0.0
2021-08-04,0.0,1.0,91.1,,,,,,,,,,0.0,0.2,100.0,0.0
2021-08-05,0.0,1.3,96.9,,,,,,,,,,0.0,0.1,100.0,0.0
2021-08-06,0.0,1.3,98.2,,,,,,,,,,0.0,0.2,100.0,0.0
2021-08-07,0.0,1.1,94.3,,,,,,,,,,0.0,0.3,100.0,0.0
2021-08-08,,,,,,,,,,0.0,0.1,82.3,0.0,0.3,100.0,0.0
2021-08-09,,,,,,,,,,0.0,0.1,97.6,0.0,0.2,100.0,0.0
2021-08-10,0.0,1.0,88.7,,,,,,,,,,0.0,0.3,100.0,0.0
2021-08-11,0.0,1.6,94.1,,,,,,,,,,0.0,0.3,100.0,0.0
2021-08-12,,,0.0,,,,,,,0.0,0.1,100.0,0.0,0.3,100.0,0.0
2021-08-13,0.0,1.6,92.1,,,,,,,0.0,0.0,100.0,0.0,0.2,100.0,0.0
2021-08-14,,,,0.0,0.0,100.0,,,,0.0,0.0,100.0,0.0,0.2,100.0,0.0
2021-08-15,,,,,,,,,,,,,0.0,0.2,100.0,0.0
2021-08-16,,,,,,,0.0,0.0,71.3,0.0,0.0,100.0,0.0,0.3,100.0,0.0
2021-08-17,0.0,1.9,93.1,,,,,,,,,,0.0,0.3,100.0,0.0
2021-08-18,0.0,1.5,92.5,,,,,,,0.0,0.1,57.0,0.0,0.3,100.0,0.0
2021-08-19,,,,0.0,0.0,100.0,,,,0.0,0.0,100.0,0.0,0.3,100.0,0.0
2021-08-20,,,,,,,,,,0.0,0.0,100.0,0.0,0.4,100.0,0.0
2021-08-21,,,,,,,,,,0.0,0.0,100.0,0.0,0.3,100.0,0.0
2021-08-22,0.0,1.5,87.4,,,,,,,,,,0.0,0.4,100.0,0.0
2021-08-23,0.0,1.3,93.7,,,,,,,,,,0.0,0.3,100.0,0.0
2021-08-24,0.0,0.6,61.2,,,,,,,,,,0.0,0.7,100.0,0.0
2021-08-25,,,,,,,,,,0.0,0.1,100.0,0.0,0.4,100.0,0.0
2021-08-26,,,,,,,,,,,,,0.0,0.6,100.0,0.0
2021-08-27,,,,,,,,,,0.0,0.1,99.8,0.0,0.5,100.0,0.0
2021-08-28,0.0,0.9,85.2,,,,,,,,,,0.0,0.8,100.0,0.0
2021-08-29,0.0,1.0,94.6,,,,,,,0.0,0.1,100.0,0.0,0.5,100.0,0.0
2021-08-30,0.1,0.8,94.9,,,,,,,0.0,0.1,100.0,0.0,0.6,100.0,0.0
2021-08-31,0.0,0.6,94.1,,,,,,,0.0,0.1,100.0,0.0,0.5,100.0,0.0
2021-09-01,,,,,,,,,,0.0,0.0,100.0,0.0,0.7,100.0,0.0
2021-09-02,,,,,,,,,,0.0,0.0,100.0,0.0,0.5,100.0,0.0
2021-09-03,0.0,0.6,86.4,0.0,0.0,95.9,,,,0.0,0.0,100.0,0.0,0.4,100.0,0.0
2021-09-04,0.1,0.9,95.3,,,,,,,0.0,0.0,100.0,0.0,0.2,100.0,0.0
2021-09-05,0.1,0.9,63.2,,,,,,,0.0,0.0,100.0,0.0,0.2,100.0,0.0
2021-09-06,0.0,0.8,94.3,,,,,,,0.0,0.0,100.0,0.0,0.2,100.0,0.0
2021-09-07,,,,,,,,,,,,,0.0,0.2,100.0,0.0
2021-09-08,,,,0.0,0.0,100.0,0.0,0.0,81.0,0.0,0.0,100.0,0.0,0.1,100.0,0.0
2021-09-09,0.0,1.0,89.4,,,,,,,0.0,0.0,100.0,0.0,0.1,100.0,0.0
2021-09-10,0.0,0.9,93.4,,,,,,,,,,0.0,0.1,100.0,0.0
2021-09-11,0.0,0.7,91.4,,,,,,,,,,0.0,0.1,100.0,0.0
2021-09-12,0.0,0.6,92.2,,,,,,,0.0,0.0,100.0,0.0,0.1,100.0,0.0
2021-09-13,,,,0.0,0.0,37.6,,,,0.0,0.0,100.0,0.0,0.1,100.0,0.0
2021-09-14,,,,,,,,,,,,,0.0,0.0,100.0,0.0
2021-09-15,0.0,0.7,85.9,,,,,,,,,,0.0,0.0,100.0,0.0
2021-09-16,0.0,0.8,91.1,,,,,,,,,,0.0,0.0,100.0,0.0
2021-09-17,0.0,0.5,61.0,,,,0.0,0.0,99.4,0.0,0.0,100.0,0.0,0.0,100.0,0.0
2021-09-18,0.0,0.7,92.3,0.0,0.0,100.0,,,,,,,0.0,0.0,100.0,0.0
2021-09-19,,,,,,,,,,,,,0.0,0.0,100.0,0.0
2021-09-20,,,,,,,,,,,,,0.0,0.0,100.0,0.0
2021-09-21,0.0,0.7,88.1,,,,,,,,,,0.0,0.0,100.0,0.0
2021-09-22,0.0,0.9,94.1,,,,,,,,,,0.0,0.1,100.0,0.0
2021-09-23,0.0,1.3,93.8,0.0,0.0,100.0,,,,,,,0.0,0.1,100.0,0.0
2021-09-24,0.0,1.6,93.5,,,,0.0,0.0,97.9,,,,0.0,0.1,100.0,0.0
2021-09-25,,,,,,,,,,,,,0.0,0.0,100.0,0.0
2021-09-26,,,,,,,,,,,,,0.0,0.1,100.0,0.0
2021-09-27,0.0,1.2,87.9,,,,,,,,,,0.0,0.2,100.0,0.0
2021-09-28,0.0,2.0,94.5,0.0,0.0,100.0,,,,,,,0.0,0.2,100.0,0.0
2021-09-29,0.0,2.0,63.5,,,,,,,,,,0.0,0.2,100.0,0.0
2021-09-30,0.0,2.0,94.8,,,,,,,,,,0.0,0.2,100.0,0.0
2021-10-01,,,,,,,,,,,,,0.0,0.4,100.0,0.0
2021-10-02,,,,,,,,,,,,,0.0,0.7,100.0,0.0
2021-10-03,0.0,1.3,88.0,,,,,,,0.0,0.0,99.6,0.0,0.5,100.0,0.0
2021-10-04,0.0,1.5,94.3,,,,,,,,,,0.0,0.5,100.0,0.0
2021-10-05,0.0,1.5,94.2,,,,,,,,,,0.0,0.5,100.0,0.0
2021-10-06,0.0,1.2,94.4,,,,,,,,,,0.0,0.9,100.0,0.0
2021-10-07,,,,,,,,,,,,,0.0,0.7,100.0,0.0
2021-10-08,,,,0.0,0.0,94.6,,,,0.0,0.0,100.0,0.0,0.7,100.0,0.0
2021-10-09,0.0,0.9,88.4,,,,,,,0.0,0.0,100.0,0.0,0.7,100.0,0.0
2021-10-10,0.0,0.9,95.0,,,,0.0,0.0,67.9,,,,0.0,1.3,100.0,0.0
2021-10-11,0.0,1.0,62.8,,,,,,,0.0,0.0,100.0,0.0,1.2,100.0,0.0
2021-10-12,0.0,0.7,94.3,,,,,,,0.0,0.1,100.0,0.0,1.3,100.0,0.0
2021-10-13,,,,0.0,0.5,80.0,,,,0.0,0.1,100.0,0.0,1.5,100.0,0.0
2021-10-14,,,,,,,,,,0.0,0.1,99.5,0.0,1.7,100.0,0.0
2021-10-15,0.0,0.4,89.1,,,,,,,0.0,0.0,100.0,0.0,1.4,100.0,0.0
2021-10-16,0.0,0.4,94.7,,,,,,,0.0,0.0,100.0,0.0,1.6,100.0,0.0
2021-10-17,0.1,0.6,95.2,,,,,,,,,,0.0,2.3,100.0,0.0
2021-10-18,0.0,0.5,94.0,0.0,0.1,99.5,,,,0.0,0.1,100.0,0.0,2.4,100.0,0.0
2021-10-19,,,,,,,,,,0.0,0.1,100.0,0.0,2.2,100.0,0.0
2021-10-20,,,,,,,,,,0.0,0.0,100.0,0.0,2.3,100.0,0.0
2021-10-21,0.0,0.5,88.1,,,,,,,,,,0.0,3.4,100.0,0.0
2021-10-22,0.0,0.6,94.8,,,,,,,,,,0.0,3.1,100.0,0.0
2021-10-23,0.0,0.8,60.9,0.0,0.0,100.0,,,,0.0,0.0,100.0,0.0,2.4,100.0,0.0
2021-10-24,0.0,1.0,94.9,,,,,,,,,,0.0,2.9,100.0,0.0
2021-10-25,,,,,,,,,,,,,0.0,3.2,100.0,0.0
2021-10-26,,,,,,,,,,0.0,0.0,100.0,0.0,4.0,100.0,0.0
2021-10-27,0.0,1.2,88.8,,,,,,,,,,0.0,3.2,100.0,0.0
2021-10-28,0.0,1.9,94.7,0.0,0.0,100.0,,,,,,,0.0,3.3,100.0,0.0
2021-10-29,0.0,1.5,94.1,,,,,,,0.0,0.0,100.0,0.0,2.7,100.0,0.0
2021-10-30,0.0,1.0,93.4,,,,,,,0.0,0.0,100.0,0.0,2.7,100.0,0.0
2021-10-31,,,,,,,,,,0.0,0.0,100.0,0.0,1.5,100.0,0.0
2021-11-01,,,,,,,,,,,,,0.0,2.9,100.0,0.0
2021-11-02,0.0,1.1,87.2,,,,,,,,,,0.0,2.1,100.0,0.0
2021-11-03,0.0,1.2,92.9,,,,,,,,,,0.0,2.5,100.0,0.0
2021-11-04,0.0,1.9,59.2,,,,,,,0.0,0.0,100.0,0.0,0.9,100.0,0.0
2021-11-05,0.0,1.6,94.3,,,,,,,,,,0.0,2.3,100.0,0.0
2021-11-06,,,,,,,,,,,,,0.0,1.9,100.0,0.0
2021-11-07,,,,0.0,0.3,100.0,,,,,,,0.0,2.0,100.0,0.0
2021-11-08,0.0,2.3,89.8,,,,,,,0.0,0.0,100.0,0.0,0.8,100.0,0.0
2021-11-09,0.0,2.5,93.2,,,,,,,,,,0.0,1.6,100.0,0.0
2021-11-10,0.0,2.2,97.1,,,,,,,,,,0.0,1.4,100.0,0.0
2021-11-11,0.0,1.6,94.8,,,,0.0,0.1,72.1,,,,0.0,1.3,100.0,0.0
2021-11-12,,,,0.0,0.8,100.0,,,,0.0,0.0,100.0,0.0,0.7,100.0,0.0
2021-11-13,,,,,,,,,,,,,0.0,1.0,100.0,0.0
2021-11-14,0.0,1.3,89.4,,,,,,,,,,0.0,1.0,100.0,0.0
2021-11-15,0.0,1.4,93.6,,,,,,,0.0,0.0,100.0,0.0,0.9,100.0,0.0
2021-11-16,0.0,1.7,56.3,,,,,,,,,,0.0,1.0,100.0,0.0
2021-11-17,0.0,1.1,91.3,0.0,1.5,87.4,,,,,,,0.0,1.1,100.0,0.0
2021-11-18,,,,,,,3.0,4.4,88.3,,,,0.0,1.4,100.0,0.0
2021-11-19,,,,,,,,,,0.0,0.0,100.0,0.0,1.1,100.0,0.0
2021-11-20,0.0,1.0,90.0,,,,1.7,1.8,85.9,0.0,0.0,100.0,0.0,1.3,100.0,0.0
2021-11-21,0.1,1.2,99.0,,,,,,,,,,0.0,1.3,100.0,0.0
2021-11-22,0.0,1.3,96.9,,,,,,,,,,0.0,1.4,100.0,0.0
2021-11-23,0.0,1.0,98.5,,,,,,,,,,0.0,1.3,100.0,0.0
2021-11-24,,,,,,,,,,,,,0.0,2.7,100.0,0.0
2021-11-25,,,,,,,,,,,,,0.0,2.2,100.0,0.0
2021-11-26,0.1,1.1,93.6,,,,,,,,,,0.0,2.9,100.0,0.0
2021-11-27,0.3,1.4,98.7,0.6,2.8,99.3,,,,,,,0.0,2.7,100.0,0.0
2021-11-28,0.2,1.4,62.7,,,,,,,0.0,0.5,100.0,0.0,3.4,100.0,0.0
2021-11-29,0.1,1.7,98.6,,,,,,,0.0,1.1,100.0,0.0,3.2,100.0,0.0
2021-11-30,,,,,,,,,,,,,0.0,3.5,100.0,0.0
2021-12-01,,,,,,,,,,,,,0.0,3.7,100.0,0.0
2021-12-02,0.2,1.6,93.1,6.1,12.3,47.7,,,,,,,0.0,3.4,100.0,0.0
2021-12-03,0.3,2.1,97.2,,,,,,,0.0,3.4,100.0,0.0,3.4,100.0,0.0
2021-12-04,0.1,1.6,97.2,,,,,,,,,,0.0,2.9,100.0,0.0
2021-12-05,0.2,1.4,96.3,,,,,,,,,,0.0,4.2,100.0,0.0
2021-12-06,,,,,,,,,,,,,0.0,3.4,100.0,0.0
2021-12-07,,,,,,,,,,,,,0.0,3.4,100.0,0.0
2021-12-08,0.0,0.9,85.4,,,,,,,0.0,5.0,100.0,0.0,2.3,100.0,0.0
2021-12-09,0.0,1.2,94.2,,,,,,,,,,0.0,3.7,100.0,0.0
2021-12-10,0.0,1.1,61.3,,,,,,,0.0,4.9,100.0,0.0,2.7,100.0,0.0
2021-12-11,0.0,1.1,96.9,,,,,,,0.0,3.9,100.0,0.0,3.5,100.0,0.0
2021-12-12,,,,0.2,2.4,100.0,,,,0.0,5.4,100.0,0.0,3.2,100.0,0.0
2021-12-13,,,,,,,,,,,,,0.0,5.3,100.0,0.0
2021-12-14,0.0,0.8,90.7,,,,5.9,7.2,76.1,,,,0.0,5.2,100.0,0.0
2021-12-15,0.0,0.9,97.2,,,,,,,0.3,8.6,100.0,0.0,5.7,100.0,0.0
2021-12-16,0.2,1.1,97.9,,,,,,,3.7,18.4,100.0,0.0,6.1,100.0,0.0
2021-12-17,0.1,1.4,97.2,0.2,2.2,99.9,,,,,,,0.0,8.7,100.0,0.0
2021-12-18,,,,,,,,,,9.8,25.6,100.0,0.0,8.7,100.0,0.0
2021-12-19,,,,,,,,,,4.0,18.3,100.0,0.0,8.9,100.0,0.0
2021-12-20,0.1,1.5,91.9,,,,,,,1.0,12.2,100.0,0.0,10.0,100.0,0.0
2021-12-21,0.0,2.0,97.0,,,,14.3,18.1,100.0,,,,0.5,14.5,100.0,0.5
2021-12-22,0.5,2.4,61.2,1.0,3.9,100.0,38.6,38.9,100.0,,,,1.0,16.9,100.0,1.0
2021-12-23,0.0,3.3,97.3,,,,,,,,,,0.4,15.1,100.0,0.4
2021-12-24,,,,,,,,,,,,,1.5,17.9,100.0,1.5
2021-12-25,,,,,,,,,,,,,1.2,19.7,100.0,1.2
2021-12-26,,,,,,,,,,0.7,8.3,100.0,1.5,20.2,100.0,1.5
2021-12-27,0.2,5.5,97.9,7.0,19.6,100.0,,,,2.1,10.9,100.0,1.1,19.7,100.0,1.1
2021-12-28,0.6,6.4,97.6,,,,,,,2.3,10.4,100.0,0.6,21.7,100.0,0.6
2021-12-29,,,,,,,,,,,,,0.5,25.1,100.0,0.5
2021-12-30,,,,,,,,,,,,,3.1,30.3,100.0,3.1
2021-12-31,,,,,,,,,,2.7,11.4,100.0,4.9,32.8,100.0,4.9
2022-01-01,0.3,8.3,85.1,58.9,54.0,100.0,,,,,,,30.1,47.8,100.0,30.1
2022-01-02,,,,,,,,,,35.0,41.0,100.0,31.4,49.0,100.0,31.4
2022-01-03,,,,,,,,,,80.5,66.2,100.0,52.9,55.2,100.0,52.9
2022-01-04,2.8,13.0,88.2,,,,,,,,,,57.4,57.7,100.0,57.4
2022-01-05,,,,,,,,,,,,,69.3,61.3,100.0,69.3
2022-01-06,,,,98.6,89.7,40.5,,,,93.4,76.7,100.0,76.0,65.9,100.0,76.0
2022-01-07,,,,,,,100.0,100.0,68.3,,,,94.1,76.5,100.0,94.1
2022-01-08,12.9,23.7,89.4,,,,,,,,,,98.6,77.5,100.0,98.6
2022-01-09,24.6,33.2,88.6,,,,,,,,,,99.8,81.6,100.0,99.8
2022-01-10,,,,,,,,,,98.5,84.5,100.0,100.0,84.7,100.0,100.0
2022-01-11,,,,99.7,95.9,100.0,,,,,,,100.0,90.7,100.0,100.0
2022-01-12,,,,,,,,,,,,,100.0,91.2,100.0,100.0
2022-01-13,87.6,58.9,85.6,,,,,,,,,,100.0,92.9,100.0,100.0
2022-01-14,,,,,,,99.3,99.1,100.0,100.0,91.0,100.0,100.0,94.4,100.0,100.0
2022-01-15,,,,,,,99.8,99.4,99.7,,,,100.0,96.0,100.0,100.0
2022-01-16,100.0,81.6,87.2,99.1,95.6,100.0,,,,,,,100.0,96.4,100.0,100.0
2022-01-17,,,,,,,,,,100.0,95.0,100.0,100.0,96.3,100.0,100.0
2022-01-18,,,,,,,,,,,,,100.0,96.5,100.0,100.0
2022-01-19,,,,,,,,,,,,,100.0,96.8,100.0,100.0
2022-01-20,100.0,90.2,87.3,,,,,,,,,,100.0,97.4,100.0,100.0
2022-01-21,100.0,92.6,85.4,100.0,99.6,53.2,,,,,,,100.0,97.4,100.0,100.0
2022-01-22,,,,,,,,,,,,,100.0,97.0,100.0,100.0
2022-01-23,,,,,,,100.0,100.0,100.0,,,,100.0,97.9,100.0,100.0
2022-01-24,,,,,,,,,,,,,100.0,97.6,100.0,100.0
2022-01-25,99.9,94.3,84.9,,,,,,,,,,100.0,98.0,100.0,100.0
2022-01-26,,,,99.9,98.5,100.0,,,,,,,100.0,97.9,100.0,100.0
2022-01-27,,,,,,,,,,,,,100.0,97.9,100.0,100.0
2022-01-28,100.0,96.7,84.8,,,,,,,,,,100.0,97.8,100.0,100.0
2022-01-29,,,,,,,,,,,,,100.0,97.6,100.0,100.0
2022-01-30,,,,,,,,,,100.0,94.7,100.0,100.0,97.3,100.0,100.0
2022-01-31,,,,,,,,,,,,,100.0,97.1,100.0,100.0
2022-02-01,100.0,97.1,86.8,,,,,,,,,,100.0,97.0,100.0,100.0
2022-02-02,100.0,97.1,87.3,,,,,,,100.0,96.1,100.0,100.0,96.9,100.0,100.0
2022-02-03,,,,,,,,,,100.0,95.0,100.0,100.0,95.8,100.0,100.0
2022-02-04,,,,,,,,,,,,,100.0,96.2,100.0,100.0
2022-02-05,,,,,,,,,,,,,100.0,96.3,100.0,100.0
2022-02-06,99.9,95.9,84.2,,,,,,,,,,100.0,96.9,100.0,100.0
2022-02-07,,,,,,,,,,99.5,88.5,100.0,100.0,96.1,100.0,100.0
2022-02-08,,,,,,,,,,99.9,83.5,100.0,100.0,95.5,100.0,100.0
2022-02-09,100.0,97.5,84.8,,,,,,,,,,99.9,95.7,100.0,99.9
2022-02-10,,,,100.0,98.2,100.0,,,,100.0,90.0,100.0,100.0,97.4,100.0,100.0
2022-02-11,,,,,,,,,,100.0,92.0,100.0,100.0,96.0,100.0,100.0
2022-02-12,,,,,,,,,,100.0,92.2,100.0,100.0,96.6,100.0,100.0
2022-02-13,100.0,98.1,85.3,,,,,,,100.0,96.3,100.0,100.0,96.8,100.0,100.0
2022-02-14,100.0,97.9,85.3,,,,,,,,,,100.0,97.0,100.0,100.0
2022-02-15,,,,,,,,,,100.0,96.9,100.0,100.0,96.0,100.0,100.0
2022-02-16,,,,,,,,,,100.0,97.1,100.0,100.0,96.4,100.0,100.0
2022-02-17,,,,,,,,,,,,,100.0,95.6,100.0,100.0
2022-02-18,100.0,97.8,83.5,,,,,,,100.0,96.5,100.0,100.0,96.4,100.0,100.0
2022-02-19,,,,,,,,,,100.0,97.8,100.0,100.0,94.9,100.0,100.0
2022-02-20,,,,,,,,,,100.0,97.7,100.0,100.0,96.0,100.0,100.0
2022-02-21,100.0,97.4,92.3,,,,,,,,,,100.0,96.4,100.0,100.0
2022-02-22,,,,,,,,,,,,,100.0,96.7,100.0,100.0
2022-02-23,,,,,,,,,,,,,100.0,96.0,100.0,100.0
2022-02-24,,,,,,,100.0,100.0,88.8,,,,100.0,97.7,100.0,100.0
2022-02-25,99.9,95.9,93.1,,,,,,,,,,100.0,97.4,100.0,100.0
2022-02-26,100.0,94.6,90.2,,,,,,,,,,100.0,97.9,100.0,100.0
2022-02-27,,,,,,,,,,100.0,98.4,100.0,100.0,97.6,100.0,100.0
2022-02-28,,,,,,,,,,,,,100.0,98.2,100.0,100.0
2022-03-01,,,,,,,,,,,,,100.0,97.9,100.0,100.0
2022-03-02,,,,99.2,97.2,100.0,,,,,,,100.0,98.4,100.0,100.0
2022-03-03,,,,,,,100.0,100.0,99.7,,,,100.0,98.5,100.0,100.0
2022-03-04,,,,,,,100.0,100.0,99.9,,,,100.0,98.8,100.0,100.0
2022-03-05,100.0,92.7,88.4,,,,,,,100.0,98.3,100.0,100.0,98.6,100.0,100.0
2022-03-06,,,,,,,,,,100.0,98.9,100.0,100.0,98.5,100.0,100.0
2022-03-07,,,,98.9,94.2,100.0,,,,,,,100.0,98.6,100.0,100.0
2022-03-08,,,,,,,,,,,,,100.0,98.5,100.0,100.0
2022-03-09,100.0,91.8,83.6,,,,,,,100.0,99.1,100.0,100.0,98.3,100.0,100.0
2022-03-10,100.0,87.1,85.3,,,,,,,,,,100.0,98.3,100.0,100.0
2022-03-11,,,,,,,100.0,100.0,99.7,,,,100.0,98.2,100.0,100.0
2022-03-12,,,,98.6,91.5,100.0,100.0,100.0,100.0,,,,100.0,98.7,100.0,100.0
2022-03-13,,,,,,,,,,,,,100.0,97.6,100.0,100.0
2022-03-14,95.7,72.2,86.6,,,,,,,,,,100.0,97.4,100.0,100.0
2022-03-15,,,,,,,,,,100.0,98.9,100.0,100.0,96.7,100.0,100.0
2022-03-16,,,,,,,,,,,,,100.0,96.1,100.0,100.0
2022-03-17,95.2,77.7,99.5,,,,,,,,,,100.0,95.0,100.0,100.0
2022-03-18,,,,,,,,,,,,,100.0,93.3,100.0,100.0
2022-03-19,,,,,,,100.0,99.7,87.9,,,,100.0,93.2,100.0,100.0
2022-03-20,,,,,,,90.5,89.0,94.4,100.0,96.1,100.0,99.8,91.7,100.0,99.8
2022-03-21,86.3,67.1,95.4,,,,,,,,,,98.6,87.9,100.0,98.6
2022-03-22,91.5,72.3,96.8,81.9,68.4,100.0,,,,,,,90.5,83.6,100.0,90.5
2022-03-23,,,,,,,,,,,,,82.9,76.5,100.0,82.9
2022-03-24,,,,,,,,,,,,,75.6,69.8,100.0,75.6
2022-03-25,,,,,,,,,,99.0,91.1,100.0,61.5,59.6,100.0,61.5
2022-03-26,68.2,51.7,87.0,,,,,,,,,,50.1,53.5,100.0,50.1
2022-03-27,,,,28.9,35.6,100.0,55.7,51.9,55.2,,,,34.4,47.6,100.0,34.4
2022-03-28,,,,,,,56.1,47.3,61.5,,,,16.8,37.9,100.0,16.8
2022-03-29,79.9,61.2,94.0,,,,,,,96.3,90.8,100.0,7.7,30.2,100.0,7.7
2022-03-30,,,,,,,,,,,,,2.2,24.3,100.0,2.2
2022-03-31,,,,,,,,,,,,,1.2,20.9,100.0,1.2
2022-04-01,,,,,,,,,,,,,0.0,16.5,100.0,0.0
2022-04-02,62.1,49.6,93.2,,,,,,,89.0,80.4,100.0,0.1,16.1,100.0,0.1
2022-04-03,56.8,44.0,97.2,,,,,,,,,,0.0,15.5,100.0,0.0
2022-04-04,,,,,,,68.7,63.8,99.7,,,,0.4,20.0,100.0,0.4
2022-04-05,,,,,,,,,,62.9,57.6,100.0,0.0,16.8,100.0,0.0
2022-04-06,,,,16.6,31.3,100.0,,,,12.7,19.3,100.0,0.3,18.9,100.0,0.3
2022-04-07,44.4,34.6,92.0,,,,,,,,,,0.0,14.3,100.0,0.0
2022-04-08,,,,,,,,,,,,,0.0,17.5,100.0,0.0
2022-04-09,,,,,,,,,,,,,0.0,15.7,100.0,0.0
2022-04-10,37.7,31.6,97.5,,,,,,,0.7,5.4,100.0,0.0,17.0,100.0,0.0
2022-04-11,,,,5.3,22.0,100.0,,,,0.2,1.9,100.0,0.0,13.4,100.0,0.0
2022-04-12,,,,,,,55.8,52.3,98.8,0.1,0.8,100.0,0.2,19.0,100.0,0.2
2022-04-13,,,,,,,57.0,55.7,90.5,0.0,0.2,100.0,0.0,18.5,100.0,0.0
2022-04-14,,,,,,,,,,0.0,0.1,100.0,0.0,18.7,100.0,0.0
2022-04-15,38.0,30.8,97.8,,,,,,,0.0,0.1,100.0,0.0,15.3,100.0,0.0
2022-04-16,,,,,,,,,,,,,0.0,16.2,100.0,0.0
2022-04-17,,,,,,,,,,,,,0.0,14.1,100.0,0.0
2022-04-18,,,,,,,,,,0.0,0.0,100.0,0.0,12.9,100.0,0.0
2022-04-19,21.2,26.6,89.4,,,,,,,0.0,0.0,100.0,0.0,12.8,100.0,0.0
2022-04-20,,,,,,,,,,0.0,0.0,100.0,0.0,11.1,100.0,0.0
2022-04-21,,,,0.0,10.9,100.0,,,,0.0,0.0,100.0,0.0,10.0,100.0,0.0
2022-04-22,40.9,36.7,97.3,,,,,,,,,,0.0,8.9,100.0,0.0
2022-04-23,,,,,,,,,,,,,0.0,11.3,100.0,0.0
2022-04-24,,,,,,,,,,0.0,0.1,100.0,0.0,7.9,100.0,0.0
2022-04-25,,,,,,,,,,0.0,0.1,100.0,0.0,7.5,100.0,0.0
2022-04-26,48.0,41.3,97.8,,,,,,,0.0,0.0,100.0,0.0,5.8,100.0,0.0
2022-04-27,43.8,41.3,97.7,,,,,,,,,,0.0,8.2,100.0,0.0
2022-04-28,,,,,,,,,,,,,0.0,5.6,100.0,0.0
2022-04-29,,,,,,,,,,0.0,0.0,100.0,0.0,5.1,100.0,0.0
2022-04-30,,,,,,,,,,0.0,0.1,100.0,0.0,4.5,100.0,0.0
2022-05-01,17.8,28.9,92.3,,,,,,,,,,0.0,6.1,100.0,0.0
2022-05-02,,,,,,,,,,0.0,0.0,100.0,0.0,4.6,100.0,0.0
2022-05-03,,,,,,,,,,0.0,0.1,100.0,0.0,3.8,100.0,0.0
2022-05-04,19.1,28.9,96.1,,,,,,,0.0,0.2,100.0,0.0,4.0,100.0,0.0
2022-05-05,,,,,,,,,,0.0,0.5,100.0,0.0,3.8,100.0,0.0
2022-05-06,,,,,,,,,,,,,0.0,3.7,100.0,0.0
2022-05-07,,,,,,,,,,0.0,1.3,100.0,0.0,2.4,100.0,0.0
2022-05-08,13.1,25.7,95.2,,,,,,,,,,0.0,2.9,100.0,0.0
2022-05-09,5.8,22.4,95.6,,,,,,,,,,0.0,2.7,100.0,0.0
2022-05-10,,,,,,,,,,,,,0.0,2.8,100.0,0.0
2022-05-11,,,,0.0,0.7,100.0,,,,,,,0.0,2.5,100.0,0.0
2022-05-12,,,,,,,,,,0.0,1.5,100.0,0.0,2.3,100.0,0.0
2022-05-13,0.6,12.6,92.0,,,,,,,,,,0.0,2.1,100.0,0.0
2022-05-14,,,,,,,,,,,,,0.0,2.0,100.0,0.0
2022-05-15,,,,,,,,,,,,,0.0,1.9,100.0,0.0
2022-05-16,2.8,9.3,94.1,,,,,,,,,,0.0,2.1,100.0,0.0
2022-05-17,,,,,,,,,,,,,0.0,1.9,100.0,0.0
2022-05-18,,,,,,,,,,,,,0.0,2.0,100.0,0.0
2022-05-19,,,,,,,,,,,,,0.0,2.1,100.0,0.0
2022-05-20,0.4,6.2,94.8,,,,,,,,,,0.0,1.5,100.0,0.0
2022-05-21,1.0,4.9,95.5,0.0,0.1,68.1,,,,,,,0.0,1.3,100.0,0.0
2022-05-22,,,,,,,,,,,,,0.0,1.0,100.0,0.0
2022-05-23,,,,,,,,,,,,,0.0,1.1,100.0,0.0
2022-05-24,,,,,,,,,,,,,0.0,0.8,100.0,0.0
2022-05-25,0.0,3.1,91.4,,,,,,,0.0,2.0,100.0,0.0,0.9,100.0,0.0
2022-05-26,,,,0.0,0.0,100.0,,,,,,,0.0,0.8,100.0,0.0
2022-05-27,,,,,,,,,,,,,0.0,1.0,100.0,0.0
2022-05-28,1.1,3.2,88.3,,,,,,,0.0,1.0,55.1,0.0,0.7,100.0,0.0
2022-05-29,,,,,,,,,,,,,0.0,0.9,100.0,0.0
2022-05-30,,,,,,,,,,0.0,2.1,100.0,0.0,0.8,100.0,0.0
2022-05-31,,,,0.0,0.0,100.0,,,,,,,0.0,1.1,100.0,0.0
2022-06-01,0.2,2.5,88.1,,,,,,,,,,0.0,0.8,100.0,0.0
2022-06-02,0.4,2.1,87.7,,,,,,,,,,0.0,1.0,100.0,0.0
2022-06-03,,,,,,,,,,,,,0.0,0.9,100.0,0.0
2022-06-04,,,,,,,,,,,,,0.0,1.1,100.0,0.0
2022-06-05,,,,,,,,,,0.0,1.3,40.2,0.0,0.8,100.0,0.0
2022-06-06,0.0,1.1,80.3,,,,,,,0.0,0.3,100.0,0.0,0.8,100.0,0.0
2022-06-07,,,,,,,,,,,,,0.0,0.7,100.0,0.0
2022-06-08,,,,,,,,,,,,,0.0,1.0,100.0,0.0
2022-06-09,,,,,,,,,,,,,0.0,0.8,100.0,0.0
2022-06-10,,,,,,,,,,,,,0.0,0.9,100.0,0.0
2022-06-11,,,,,,,,,,0.0,0.1,100.0,0.0,0.9,100.0,0.0
2022-06-12,,,,,,,,,,0.0,0.0,100.0,0.0,0.7,100.0,0.0
2022-06-13,0.2,1.9,85.2,,,,,,,,,,0.0,0.8,100.0,0.0
2022-06-14,0.2,1.5,85.7,,,,,,,,,,0.0,0.6,100.0,0.0
2022-06-15,,,,,,,,,,,,,0.0,0.8,100.0,0.0
2022-06-16,,,,,,,,,,,,,0.0,0.4,100.0,0.0
2022-06-17,,,,,,,,,,,,,0.0,0.6,100.0,0.0
2022-06-18,0.0,1.1,86.1,,,,,,,0.0,0.0,100.0,0.0,0.3,100.0,0.0
2022-06-19,,,,,,,,,,,,,0.0,0.4,100.0,0.0
2022-06-20,,,,0.0,0.0,32.5,,,,0.0,0.0,100.0,0.0,0.2,100.0,0.0
2022-06-21,0.2,1.2,90.1,,,,,,,,,,0.0,0.3,100.0,0.0
2022-06-22,,,,,,,,,,,,,0.0,0.2,100.0,0.0
2022-06-23,,,,,,,0.0,0.0,61.6,0.0,0.0,100.0,0.0,0.2,100.0,0.0
2022-06-24,,,,,,,,,,,,,0.0,0.1,100.0,0.0
2022-06-25,0.0,1.1,90.3,0.0,0.0,100.0,,,,,,,0.0,0.1,100.0,0.0
2022-06-26,0.0,1.0,89.6,,,,,,,,,,0.0,0.1,100.0,0.0
2022-06-27,,,,,,,,,,0.0,0.0,100.0,0.0,0.1,100.0,0.0
2022-06-28,,,,,,,,,,0.0,0.0,100.0,0.0,0.1,100.0,0.0
2022-06-29,,,,,,,,,,0.0,0.0,100.0,0.0,0.0,100.0,0.0
2022-06-30,0.0,0.7,86.6,,,,,,,,,,0.0,0.0,100.0,0.0
2022-07-01,,,,,,,,,,,,,0.0,0.0,100.0,0.0
2022-07-02,,,,,,,0.0,0.0,97.6,,,,0.0,0.0,100.0,0.0
2022-07-03,0.0,0.7,86.3,,,,,,,,,,0.0,0.1,100.0,0.0
2022-07-04,,,,,,,,,,,,,0.0,0.0,100.0,0.0
2022-07-05,,,,,,,,,,,,,0.0,0.1,100.0,0.0
2022-07-06,,,,,,,,,,,,,0.0,0.1,100.0,0.0
2022-07-07,0.0,0.6,87.2,,,,,,,0.0,0.0,100.0,0.0,0.1,100.0,0.0
2022-07-08,0.0,0.7,88.8,,,,,,,0.0,0.0,100.0,0.0,0.1,100.0,0.0
2022-07-09,,,,,,,0.0,0.0,51.5,,,,0.0,0.1,100.0,0.0
2022-07-10,,,,,,,,,,0.0,0.0,100.0,0.0,0.1,100.0,0.0
2022-07-11,,,,,,,,,,,,,0.0,0.1,100.0,0.0
2022-07-12,0.0,0.6,84.9,,,,,,,0.0,0.0,39.2,0.0,0.1,100.0,0.0
2022-07-13,,,,,,,,,,,,,0.0,0.1,100.0,0.0
2022-07-14,,,,,,,,,,,,,0.0,0.1,100.0,0.0
2022-07-15,0.0,0.7,89.3,,,,,,,,,,0.0,0.0,100.0,0.0
2022-07-16,,,,,,,,,,0.0,0.0,100.0,0.0,0.0,100.0,0.0
2022-07-17,,,,,,,0.0,0.0,67.6,,,,0.0,0.0,100.0,0.0
2022-07-18,,,,,,,0.0,0.0,96.3,,,,0.0,0.0,100.0,0.0
2022-07-19,0.0,0.6,89.8,,,,,,,0.0,0.0,100.0,0.0,0.0,100.0,0.0
2022-07-20,0.0,0.9,90.2,0.0,0.0,91.9,,,,,,,0.0,0.0,100.0,0.0
2022-07-21,,,,,,,,,,,,,0.0,0.0,100.0,0.0
2022-07-22,,,,,,,,,,,,,0.0,0.0,100.0,0.0
2022-07-23,,,,,,,,,,,,,0.0,0.0,100.0,0.0
2022-07-24,0.0,0.8,86.5,,,,,,,0.0,0.0,100.0,0.0,0.0,100.0,0.0
2022-07-25,,,,,,,0.0,0.0,80.8,,,,0.0,0.0,100.0,0.0
2022-07-26,,,,,,,,,,,,,0.0,0.0,100.0,0.0
2022-07-27,0.0,0.8,90.1,,,,,,,,,,0.0,0.0,100.0,0.0
2022-07-28,,,,,,,,,,,,,0.0,0.0,100.0,0.0
2022-07-29,,,,,,,,,,,,,0.0,0.0,100.0,0.0
2022-07-30,,,,,,,,,,,,,0.0,0.0,100.0,0.0
2022-07-31,0.0,0.9,91.0,,,,,,,,,,0.0,0.0,100.0,0.0
2022-08-01,0.0,1.0,90.4,,,,,,,0.0,0.0,99.9,0.0,0.0,100.0,0.0
2022-08-02,,,,,,,,,,0.0,0.0,100.0,0.0,0.1,100.0,0.0
2022-08-03,,,,,,,0.0,0.0,95.2,0.0,0.0,100.0,0.0,0.0,100.0,0.0
2022-08-04,,,,0.0,0.1,73.9,,,,,,,0.0,0.1,100.0,0.0
2022-08-05,0.0,1.0,84.7,,,,,,,0.0,0.0,80.0,0.0,0.0,100.0,0.0
2022-08-06,,,,,,,,,,,,,0.0,0.1,100.0,0.0
2022-08-07,,,,,,,,,,,,,0.0,0.1,100.0,0.0
2022-08-08,0.0,1.1,90.5,,,,,,,,,,0.0,0.1,100.0,0.0
2022-08-09,,,,0.0,0.0,100.0,,,,0.0,0.0,100.0,0.0,0.0,100.0,0.0
2022-08-10,,,,,,,0.0,0.0,63.4,,,,0.0,0.1,100.0,0.0
2022-08-11,,,,,,,0.0,0.0,97.4,0.0,0.0,100.0,0.0,0.1,100.0,0.0
2022-08-12,0.0,1.2,90.2,,,,,,,0.0,0.0,100.0,0.0,0.1,100.0,0.0
2022-08-13,0.0,1.7,90.8,,,,,,,0.0,0.1,100.0,0.0,0.1,100.0,0.0
2022-08-14,,,,0.0,0.0,100.0,,,,,,,0.0,0.1,100.0,0.0
2022-08-15,,,,,,,,,,,,,0.0,0.2,100.0,0.0
2022-08-16,,,,,,,,,,0.0,0.0,100.0,0.0,0.2,100.0,0.0
2022-08-17,0.0,1.7,87.1,,,,,,,0.0,0.1,100.0,0.0,0.2,100.0,0.0
2022-08-18,,,,,,,,,,,,,0.0,0.3,100.0,0.0
2022-08-19,,,,,,,,,,,,,0.0,0.5,100.0,0.0
2022-08-20,0.0,2.0,90.7,,,,,,,0.0,0.1,100.0,0.0,0.4,100.0,0.0
2022-08-21,,,,,,,,,,0.0,0.0,100.0,0.0,0.5,100.0,0.0
2022-08-22,,,,,,,,,,0.0,0.0,100.0,0.0,0.4,100.0,0.0
2022-08-23,,,,,,,,,,0.0,0.0,100.0,0.0,0.8,100.0,0.0
2022-08-24,,,,0.0,0.0,100.0,,,,0.0,0.0,100.0,0.0,0.4,100.0,0.0
2022-08-25,0.1,2.2,90.7,,,,,,,0.0,0.0,100.0,0.0,0.6,100.0,0.0
2022-08-26,,,,,,,,,,0.0,0.0,100.0,0.0,0.3,100.0,0.0
2022-08-27,,,,,,,,,,,,,0.0,1.1,100.0,0.0
2022-08-28,,,,,,,,,,,,,0.0,0.6,100.0,0.0
2022-08-29,0.0,3.1,91.6,0.0,0.0,100.0,,,,,,,0.0,0.6,100.0,0.0
2022-08-30,,,,,,,,,,0.0,0.0,100.0,0.0,0.2,100.0,0.0
2022-08-31,,,,,,,,,,,,,0.0,0.5,100.0,0.0
2022-09-01,0.0,3.5,95.4,,,,,,,0.0,0.0,100.0,0.0,0.2,100.0,0.0
2022-09-02,,,,,,,,,,,,,0.0,0.4,100.0,0.0
2022-09-03,,,,,,,,,,0.0,0.0,100.0,0.0,0.2,100.0,0.0
2022-09-04,,,,,,,,,,0.0,0.0,100.0,0.0,0.2,100.0,0.0
2022-09-05,0.0,5.0,94.1,,,,,,,0.0,0.0,100.0,0.0,0.1,100.0,0.0
2022-09-06,0.0,4.8,92.5,,,,,,,,,,0.0,0.1,100.0,0.0
2022-09-07,,,,,,,,,,,,,0.0,0.1,100.0,0.0
2022-09-08,,,,,,,,,,0.0,0.0,100.0,0.0,0.1,100.0,0.0
2022-09-09,,,,,,,,,,,,,0.0,0.1,100.0,0.0
2022-09-10,0.0,4.7,87.4,,,,,,,,,,0.0,0.1,100.0,0.0
2022-09-11,,,,,,,,,,0.0,0.0,100.0,0.0,0.1,100.0,0.0
2022-09-12,,,,,,,0.0,0.0,93.8,0.0,0.0,100.0,0.0,0.0,100.0,0.0
2022-09-13,0.2,4.2,89.4,0.0,0.0,100.0,,,,,,,0.0,0.0,100.0,0.0
2022-09-14,,,,,,,,,,,,,0.0,0.0,100.0,0.0
2022-09-15,,,,,,,,,,,,,0.0,0.0,100.0,0.0
2022-09-16,,,,,,,,,,,,,0.0,0.1,100.0,0.0
2022-09-17,0.3,5.0,96.0,,,,,,,,,,0.0,0.1,100.0,0.0
2022-09-18,0.3,4.8,97.1,,,,,,,,,,0.0,0.1,100.0,0.0
2022-09-19,,,,,,,,,,,,,0.0,0.1,100.0,0.0
2022-09-20,,,,,,,,,,,,,0.0,0.1,100.0,0.0
2022-09-21,,,,,,,,,,,,,0.0,0.1,100.0,0.0
2022-09-22,0.1,3.0,91.9,,,,,,,,,,0.0,0.1,100.0,0.0
2022-09-23,,,,0.0,0.1,100.0,,,,,,,0.0,0.1,100.0,0.0
2022-09-24,,,,,,,,,,,,,0.0,0.1,100.0,0.0
2022-09-25,0.0,2.3,96.6,,,,,,,,,,0.0,0.2,100.0,0.0
2022-09-26,,,,,,,,,,,,,0.0,0.3,100.0,0.0
2022-09-27,,,,,,,,,,,,,0.0,0.3,100.0,0.0
2022-09-28,,,,,,,,,,,,,0.0,0.3,100.0,0.0
2022-09-29,0.1,2.1,95.7,,,,,,,,,,0.0,0.3,100.0,0.0
2022-09-30,0.1,2.1,93.0,,,,,,,,,,0.0,0.4,100.0,0.0
2022-10-01,,,,,,,,,,0.0,0.0,70.6,0.0,0.3,100.0,0.0
2022-10-02,,,,,,,,,,,,,0.0,0.3,100.0,0.0
2022-10-03,,,,0.0,0.1,87.9,,,,,,,0.0,0.2,100.0,0.0
2022-10-04,0.0,1.1,88.5,,,,,,,,,,0.0,0.2,100.0,0.0
2022-10-05,,,,,,,0.0,0.0,57.3,0.0,0.0,100.0,0.0,0.2,100.0,0.0
2022-10-06,,,,,,,0.0,0.0,91.1,,,,0.0,0.3,100.0,0.0
2022-10-07,0.1,1.5,94.7,,,,,,,0.0,0.0,100.0,0.0,0.2,100.0,0.0
2022-10-08,,,,,,,,,,0.0,0.1,100.0,0.0,0.2,100.0,0.0
2022-10-09,,,,,,,,,,,,,0.0,0.3,100.0,0.0
2022-10-10,,,,,,,,,,,,,0.0,0.4,100.0,0.0
2022-10-11,0.0,1.6,95.7,,,,,,,0.0,0.0,100.0,0.0,0.3,100.0,0.0
2022-10-12,0.1,2.7,95.9,,,,,,,0.0,0.0,100.0,0.0,0.4,100.0,0.0
2022-10-13,,,,,,,,,,,,,0.0,0.6,100.0,0.0
2022-10-14,,,,,,,,,,,,,0.0,0.9,100.0,0.0
2022-10-15,,,,,,,,,,0.0,0.0,100.0,0.0,0.9,100.0,0.0
2022-10-16,0.0,2.0,91.8,,,,,,,0.0,0.0,100.0,0.0,0.8,100.0,0.0
2022-10-17,,,,,,,,,,0.0,0.0,100.0,0.0,0.9,100.0,0.0
2022-10-18,,,,,,,,,,0.0,0.0,100.0,0.0,1.0,100.0,0.0
2022-10-19,0.0,2.5,96.3,,,,,,,,,,0.0,1.1,100.0,0.0
2022-10-20,,,,,,,,,,0.0,0.0,100.0,0.0,1.0,100.0,0.0
2022-10-21,,,,,,,,,,0.0,0.0,100.0,0.0,1.2,100.0,0.0
2022-10-22,,,,,,,,,,0.0,0.0,100.0,0.0,1.3,100.0,0.0
2022-10-23,0.2,2.2,94.8,0.0,0.0,99.2,,,,,,,0.0,1.4,100.0,0.0
2022-10-24,0.3,3.2,96.8,,,,,,,,,,0.0,1.0,100.0,0.0
2022-10-25,,,,,,,,,,0.0,0.0,100.0,0.0,1.0,100.0,0.0
2022-10-26,,,,,,,,,,,,,0.0,1.0,100.0,0.0
2022-10-27,,,,,,,,,,,,,0.0,1.0,100.0,0.0
2022-10-28,0.0,2.3,90.4,,,,,,,,,,0.0,0.7,100.0,0.0
2022-10-29,,,,,,,,,,,,,0.0,0.8,100.0,0.0
2022-10-30,,,,,,,0.0,0.0,69.7,0.0,0.0,100.0,0.0,0.9,100.0,0.0
2022-10-31,0.2,2.5,96.5,,,,,,,,,,0.0,1.1,100.0,0.0
2022-11-01,,,,,,,,,,0.0,0.0,100.0,0.0,0.9,100.0,0.0
2022-11-02,,,,0.0,0.0,96.4,,,,0.0,0.0,100.0,0.0,1.2,100.0,0.0
2022-11-03,,,,,,,,,,,,,0.0,1.4,100.0,0.0
2022-11-04,0.4,2.8,95.9,,,,,,,0.0,0.1,85.2,0.0,1.5,100.0,0.0
2022-11-05,0.4,3.6,95.6,,,,,,,0.0,0.1,100.0,0.0,1.5,100.0,0.0
2022-11-06,,,,,,,0.0,3.4,51.1,,,,0.0,2.3,100.0,0.0
2022-11-07,,,,,,,5.9,9.2,61.6,,,,0.0,2.5,100.0,0.0
2022-11-08,,,,,,,,,,,,,0.0,2.2,100.0,0.0
2022-11-09,0.1,2.2,92.6,,,,,,,,,,0.0,2.9,100.0,0.0
2022-11-10,,,,,,,,,,,,,0.0,3.3,100.0,0.0
2022-11-11,,,,,,,,,,,,,0.0,3.4,100.0,0.0
2022-11-12,0.4,2.6,96.8,0.0,0.1,99.5,,,,,,,0.0,2.5,100.0,0.0
2022-11-13,,,,,,,,,,,,,0.0,2.4,100.0,0.0
2022-11-14,,,,,,,,,,,,,0.0,2.7,100.0,0.0
2022-11-15,,,,,,,,,,,,,0.0,3.3,100.0,0.0
2022-11-16,0.7,2.6,96.2,,,,,,,0.0,0.4,100.0,0.0,2.5,100.0,0.0
2022-11-17,0.4,3.0,96.5,,,,,,,,,,0.0,3.0,100.0,0.0
2022-11-18,,,,,,,,,,,,,0.0,2.7,100.0,0.0
2022-11-19,,,,,,,,,,0.0,1.6,100.0,0.0,2.7,100.0,0.0
2022-11-20,,,,,,,,,,,,,0.0,2.9,100.0,0.0
2022-11-21,0.1,2.1,93.0,,,,,,,,,,0.0,3.2,100.0,0.0
2022-11-22,,,,,,,,,,0.1,1.3,100.0,0.0,2.9,100.0,0.0
2022-11-23,,,,,,,2.5,3.1,92.6,,,,0.0,3.1,100.0,0.0
2022-11-24,0.7,2.5,96.4,,,,,,,,,,0.0,3.1,100.0,0.0
2022-11-25,,,,,,,,,,,,,0.0,3.4,100.0,0.0
2022-11-26,,,,,,,,,,,,,0.0,3.3,100.0,0.0
2022-11-27,,,,0.0,1.1,100.0,,,,0.0,0.6,100.0,0.0,3.2,100.0,0.0
2022-11-28,0.7,2.4,96.1,,,,,,,,,,0.0,3.4,100.0,0.0
2022-11-29,0.6,2.3,96.3,,,,,,,,,,0.0,3.1,100.0,0.0
2022-11-30,,,,,,,,,,,,,0.0,3.3,100.0,0.0
2022-12-01,,,,,,,11.0,15.6,52.2,0.0,0.4,100.0,0.0,3.1,100.0,0.0
2022-12-02,,,,,,,,,,,,,0.0,2.9,100.0,0.0
2022-12-03,0.0,1.1,85.7,,,,,,,,,,0.0,2.6,100.0,0.0
2022-12-04,,,,,,,,,,0.0,0.2,100.0,0.0,2.8,100.0,0.0
2022-12-05,,,,,,,,,,0.0,0.2,100.0,0.0,2.5,100.0,0.0
2022-12-06,0.5,1.7,91.6,,,,,,,0.0,0.4,100.0,0.0,2.5,100.0,0.0
2022-12-07,,,,0.3,1.8,100.0,,,,0.0,0.8,100.0,0.0,2.8,100.0,0.0
2022-12-08,,,,,,,5.2,6.4,100.0,0.0,1.6,100.0,0.0,3.6,100.0,0.0
2022-12-09,,,,,,,,,,0.0,3.6,100.0,0.0,3.5,100.0,0.0
2022-12-10,0.4,1.9,88.1,,,,,,,0.1,8.0,100.0,0.0,3.6,100.0,0.0
2022-12-11,0.1,1.8,86.4,,,,,,,,,,0.0,4.5,100.0,0.0
2022-12-12,,,,,,,,,,,,,0.0,5.6,100.0,0.0
2022-12-13,,,,,,,,,,,,,0.0,5.3,100.0,0.0
2022-12-14,,,,,,,,,,0.2,9.2,100.0,0.0,4.8,100.0,0.0
2022-12-15,0.0,1.5,87.3,,,,,,,,,,0.0,4.7,100.0,0.0
2022-12-16,,,,,,,,,,0.0,9.0,100.0,0.0,5.7,100.0,0.0
2022-12-17,,,,0.4,2.0,100.0,8.7,11.7,100.0,0.0,5.9,100.0,0.0,5.4,100.0,0.0
2022-12-18,0.2,2.3,96.8,,,,,,,0.0,6.3,100.0,0.0,5.6,100.0,0.0
2022-12-19,,,,,,,,,,0.3,10.9,100.0,0.0,4.4,100.0,0.0
2022-12-20,,,,,,,,,,,,,0.0,6.0,100.0,0.0
2022-12-21,,,,,,,,,,0.0,4.5,100.0,0.0,4.4,100.0,0.0
2022-12-22,0.5,3.2,96.7,,,,,,,,,,0.0,5.1,100.0,0.0
2022-12-23,0.5,3.3,94.6,,,,,,,0.0,0.7,100.0,0.0,3.2,100.0,0.0
2022-12-24,,,,,,,,,,,,,0.0,4.6,100.0,0.0
2022-12-25,,,,,,,9.0,10.9,100.0,0.0,0.7,100.0,0.0,4.2,100.0,0.0
2022-12-26,,,,,,,,,,,,,0.0,5.8,100.0,0.0
2022-12-27,0.5,2.7,87.2,,,,,,,0.1,0.8,77.0,0.1,4.2,100.0,0.1
2022-12-28,,,,,,,,,,,,,0.0,5.5,100.0,0.0
2022-12-29,,,,,,,,,,0.3,1.3,100.0,0.0,5.2,100.0,0.0
2022-12-30,1.8,4.3,95.1,,,,,,,,,,0.0,7.1,100.0,0.0
2022-12-31,,,,,,,,,,,,,0.0,7.0,100.0,0.0
2023-01-01,,,,0.0,1.6,100.0,84.6,65.6,55.6,0.0,0.1,100.0,0.0,9.1,100.0,0.0
2023-01-02,,,,,,,,,,0.0,0.3,100.0,0.0,10.5,100.0,0.0
2023-01-03,0.5,3.2,93.3,,,,,,,,,,0.0,11.4,100.0,0.0
2023-01-04,0.6,3.7,91.7,,,,,,,,,,0.0,14.0,100.0,0.0
2023-01-05,,,,,,,,,,0.0,0.8,100.0,0.0,11.2,100.0,0.0
2023-01-06,,,,2.7,8.3,100.0,,,,,,,0.0,15.2,100.0,0.0
2023-01-07,,,,,,,,,,0.0,3.2,100.0,0.0,13.0,100.0,0.0
2023-01-08,0.1,2.9,82.9,,,,,,,,,,0.0,17.8,100.0,0.0
2023-01-09,,,,,,,,,,,,,0.0,17.9,100.0,0.0
2023-01-10,,,,,,,,,,,,,0.0,22.7,100.0,0.0
2023-01-11,3.1,9.5,90.6,,,,,,,0.0,15.9,100.0,0.1,25.5,100.0,0.1
2023-01-12,,,,,,,,,,15.3,38.6,100.0,0.1,31.8,100.0,0.1
2023-01-13,,,,,,,,,,,,,0.0,29.4,100.0,0.0
2023-01-14,,,,,,,,,,,,,0.1,37.0,100.0,0.1
2023-01-15,8.2,15.5,93.0,,,,,,,,,,0.1,38.1,100.0,0.1
2023-01-16,9.8,21.3,90.1,,,,,,,,,,0.4,45.4,100.0,0.4
2023-01-17,,,,,,,,,,,,,1.3,47.8,100.0,1.3
2023-01-18,,,,,,,,,,,,,33.6,57.7,100.0,33.6
2023-01-19,,,,,,,,,,,,,81.3,63.6,100.0,81.3
2023-01-20,46.7,42.2,86.2,,,,,,,,,,99.3,73.0,100.0,99.3
2023-01-21,,,,,,,,,,,,,99.2,73.3,100.0,99.2
2023-01-22,,,,,,,,,,,,,99.8,81.7,100.0,99.8
2023-01-23,98.3,68.1,91.5,,,,,,,,,,99.7,83.4,100.0,99.7
2023-01-24,,,,,,,,,,,,,100.0,88.2,100.0,100.0
2023-01-25,,,,,,,100.0,99.8,100.0,,,,100.0,89.6,100.0,100.0
2023-01-26,,,,97.9,92.4,100.0,100.0,100.0,100.0,,,,100.0,94.4,100.0,100.0
2023-01-27,99.8,79.1,90.1,,,,,,,100.0,84.0,100.0,100.0,93.0,100.0,100.0
2023-01-28,99.5,79.8,91.0,,,,,,,100.0,93.8,100.0,100.0,95.1,100.0,100.0
2023-01-29,,,,,,,,,,,,,100.0,94.9,100.0,100.0
2023-01-30,,,,,,,,,,,,,100.0,95.4,100.0,100.0
2023-01-31,,,,100.0,97.6,100.0,,,,100.0,97.1,100.0,100.0,96.2,100.0,100.0
2023-02-01,99.4,79.6,83.2,,,,,,,,,,100.0,96.4,100.0,100.0
2023-02-02,,,,,,,,,,,,,100.0,96.1,100.0,100.0
2023-02-03,,,,,,,100.0,100.0,100.0,,,,100.0,97.3,100.0,100.0
2023-02-04,99.5,84.6,92.2,,,,,,,100.0,97.5,100.0,100.0,96.7,100.0,100.0
2023-02-05,,,,,,,,,,100.0,98.3,100.0,100.0,96.8,100.0,100.0
2023-02-06,,,,,,,,,,100.0,97.9,100.0,100.0,96.9,100.0,100.0
2023-02-07,,,,,,,,,,100.0,95.7,100.0,100.0,97.5,100.0,100.0
2023-02-08,99.4,83.7,90.8,,,,,,,100.0,93.0,100.0,100.0,97.6,100.0,100.0
2023-02-09,99.2,82.1,91.4,,,,,,,100.0,88.6,100.0,100.0,97.4,100.0,100.0
2023-02-10,,,,99.4,96.4,100.0,100.0,100.0,100.0,99.7,85.6,100.0,100.0,98.2,100.0,100.0
2023-02-11,,,,,,,100.0,99.9,100.0,,,,100.0,98.1,100.0,100.0
2023-02-12,,,,,,,,,,99.5,86.4,100.0,100.0,97.8,100.0,100.0
2023-02-13,97.6,76.9,83.5,,,,,,,,,,100.0,97.9,100.0,100.0
2023-02-14,,,,,,,,,,99.6,87.8,100.0,100.0,97.8,100.0,100.0
2023-02-15,,,,98.1,90.5,100.0,,,,99.6,87.5,100.0,100.0,97.8,100.0,100.0
2023-02-16,99.5,82.5,91.4,,,,,,,100.0,91.8,100.0,100.0,97.4,100.0,100.0
2023-02-17,,,,,,,,,,100.0,93.2,100.0,100.0,96.7,100.0,100.0
2023-02-18,,,,,,,100.0,99.9,35.3,100.0,94.7,100.0,100.0,96.6,100.0,100.0
2023-02-19,,,,,,,,,,100.0,92.2,100.0,100.0,95.2,100.0,100.0
2023-02-20,99.5,82.9,89.6,87.7,77.3,100.0,,,,100.0,92.9,100.0,100.0,95.1,100.0,100.0
2023-02-21,97.4,79.0,91.3,,,,,,,,,,100.0,92.6,100.0,100.0
2023-02-22,,,,,,,,,,99.8,86.9,100.0,100.0,90.2,100.0,100.0
2023-02-23,,,,,,,,,,,,,100.0,87.6,100.0,100.0
2023-02-24,,,,,,,,,,,,,99.0,84.3,100.0,99.0
2023-02-25,86.6,72.2,83.7,,,,,,,95.9,82.5,100.0,92.4,82.8,100.0,92.4
2023-02-26,,,,,,,,,,92.0,80.0,100.0,88.2,79.2,100.0,88.2
2023-02-27,,,,,,,,,,92.0,80.5,100.0,88.1,79.2,100.0,88.1
2023-02-28,86.8,75.8,91.1,,,,,,,93.6,82.3,100.0,92.8,81.4,100.0,92.8
2023-03-01,,,,,,,,,,98.6,87.8,100.0,92.2,81.3,100.0,92.2
2023-03-02,,,,81.3,69.5,100.0,,,,,,,91.9,81.4,100.0,91.9
2023-03-03,,,,,,,,,,99.1,90.1,100.0,93.6,82.9,100.0,93.6
2023-03-04,82.7,73.7,86.8,,,,,,,100.0,95.3,100.0,92.7,82.3,100.0,92.7
2023-03-05,79.5,71.6,90.5,,,,,,,,,,93.8,83.6,100.0,93.8
2023-03-06,,,,,,,100.0,99.4,100.0,100.0,96.3,100.0,88.5,81.5,100.0,88.5
2023-03-07,,,,49.0,53.8,100.0,99.3,95.7,94.7,,,,88.6,82.8,100.0,88.6
2023-03-08,,,,,,,,,,,,,78.3,75.4,100.0,78.3
2023-03-09,67.5,61.5,83.4,,,,,,,,,,76.8,74.4,100.0,76.8
2023-03-10,,,,,,,,,,,,,72.5,67.2,100.0,72.5
2023-03-11,,,,,,,,,,,,,68.9,64.1,100.0,68.9
2023-03-12,74.7,68.1,91.6,,,,,,,,,,64.8,59.3,100.0,64.8
2023-03-13,,,,,,,,,,100.0,97.6,100.0,63.0,57.5,100.0,63.0
2023-03-14,,,,,,,,,,100.0,97.5,100.0,52.7,52.9,100.0,52.7
2023-03-15,,,,,,,95.4,93.3,69.8,,,,50.0,52.0,100.0,50.0
2023-03-16,72.3,65.7,92.5,,,,,,,,,,42.0,47.9,100.0,42.0
2023-03-17,73.2,66.1,93.6,33.7,44.3,100.0,,,,,,,36.3,45.2,100.0,36.3
2023-03-18,,,,,,,,,,100.0,96.8,100.0,27.5,41.2,100.0,27.5
2023-03-19,,,,,,,,,,,,,14.4,34.0,100.0,14.4
2023-03-20,,,,,,,,,,,,,17.4,34.9,100.0,17.4
2023-03-21,66.9,54.0,86.6,,,,,,,,,,7.8,30.4,100.0,7.8
2023-03-22,,,,28.4,38.5,100.0,73.1,67.3,79.0,,,,12.8,33.1,100.0,12.8
2023-03-23,,,,,,,,,,99.5,91.3,100.0,2.1,23.8,100.0,2.1
2023-03-24,70.1,60.0,95.7,,,,,,,,,,4.2,27.2,100.0,4.2
2023-03-25,,,,,,,,,,,,,1.0,23.1,100.0,1.0
2023-03-26,,,,,,,,,,,,,2.4,25.3,100.0,2.4
2023-03-27,,,,,,,,,,85.0,72.2,100.0,0.1,19.8,100.0,0.1
2023-03-28,68.4,55.3,94.1,,,,,,,,,,2.8,28.8,100.0,2.8
2023-03-29,69.3,57.7,94.7,,,,,,,,,,0.4,26.1,100.0,0.4
2023-03-30,,,,,,,,,,50.4,48.4,100.0,1.5,29.9,100.0,1.5
2023-03-31,,,,,,,,,,28.4,30.3,92.8,0.1,24.9,100.0,0.1
2023-04-01,,,,,,,,,,,,,1.4,31.9,100.0,1.4
2023-04-02,55.3,43.5,88.6,,,,,,,,,,0.8,33.0,100.0,0.8
2023-04-03,,,,,,,,,,6.6,13.8,100.0,0.7,32.3,100.0,0.7
2023-04-04,,,,,,,,,,1.3,6.9,100.0,0.4,32.3,100.0,0.4
2023-04-05,61.2,49.0,95.2,,,,,,,0.3,4.9,100.0,12.0,38.7,100.0,12.0
2023-04-06,,,,16.0,27.7,100.0,,,,0.1,7.2,100.0,19.6,40.7,100.0,19.6
2023-04-07,,,,,,,,,,0.9,12.7,95.0,19.1,39.8,100.0,19.1
2023-04-08,,,,,,,,,,11.6,23.7,100.0,21.2,39.9,100.0,21.2
2023-04-09,57.9,43.5,95.0,,,,,,,17.5,29.6,100.0,35.1,44.9,100.0,35.1
2023-04-10,60.9,47.7,95.1,,,,,,,,,,46.9,48.1,100.0,46.9
2023-04-11,,,,,,,,,,14.4,26.2,100.0,34.4,43.5,100.0,34.4
2023-04-12,,,,,,,,,,21.8,29.4,100.0,31.4,41.3,100.0,31.4
2023-04-13,,,,,,,,,,,,,27.3,40.4,100.0,27.3
2023-04-14,41.3,33.6,88.5,,,,,,,25.1,30.6,100.0,23.2,38.5,100.0,23.2
2023-04-15,,,,,,,,,,18.6,26.6,100.0,13.8,36.5,100.0,13.8
2023-04-16,,,,,,,,,,3.0,12.8,100.0,6.1,33.4,100.0,6.1
2023-04-17,50.2,39.9,94.1,,,,,,,,,,16.3,37.7,100.0,16.3
2023-04-18,,,,,,,,,,1.1,10.4,100.0,6.3,33.2,100.0,6.3
2023-04-19,,,,,,,,,,1.2,12.2,100.0,3.3,29.8,100.0,3.3
2023-04-20,,,,,,,,,,,,,0.4,25.1,100.0,0.4
2023-04-21,32.3,30.3,94.7,,,,,,,3.3,13.7,100.0,0.1,21.2,100.0,0.1
2023-04-22,36.6,33.4,81.0,,,,,,,5.2,16.0,100.0,0.0,16.6,100.0,0.0
2023-04-23,,,,,,,,,,6.8,19.7,100.0,0.0,12.3,100.0,0.0
2023-04-24,,,,,,,,,,5.5,16.0,100.0,0.0,9.4,100.0,0.0
2023-04-25,,,,,,,,,,0.0,5.7,100.0,0.0,9.7,100.0,0.0
2023-04-26,10.4,21.0,78.8,1.1,9.2,100.0,,,,,,,0.0,8.7,100.0,0.0
2023-04-27,,,,,,,,,,0.0,2.2,100.0,0.0,7.1,100.0,0.0
2023-04-28,,,,,,,,,,0.0,1.2,100.0,0.0,5.6,100.0,0.0
2023-04-29,15.9,22.7,81.4,,,,,,,,,,0.0,6.6,100.0,0.0
2023-04-30,,,,,,,,,,,,,0.0,5.1,100.0,0.0
2023-05-01,,,,,,,,,,0.0,0.4,100.0,0.0,5.0,100.0,0.0
2023-05-02,,,,,,,,,,0.0,0.4,100.0,0.0,3.6,100.0,0.0
2023-05-03,6.2,18.4,81.0,,,,,,,,,,0.0,4.4,100.0,0.0
2023-05-04,4.7,17.1,81.4,,,,,,,0.0,0.4,100.0,0.0,3.4,100.0,0.0
2023-05-05,,,,,,,,,,,,,0.0,4.5,100.0,0.0
2023-05-06,,,,,,,,,,,,,0.0,3.1,100.0,0.0
2023-05-07,,,,,,,,,,,,,0.0,3.1,100.0,0.0
2023-05-08,0.7,9.4,76.2,,,,,,,,,,0.0,2.7,100.0,0.0
2023-05-09,,,,,,,,,,,,,0.0,3.0,100.0,0.0
2023-05-10,,,,,,,,,,,,,0.0,2.3,100.0,0.0
2023-05-11,1.6,9.1,78.5,,,,,,,,,,0.0,2.1,100.0,0.0
2023-05-12,,,,,,,,,,,,,0.0,1.9,100.0,0.0
2023-05-13,,,,,,,,,,,,,0.0,2.2,100.0,0.0
2023-05-14,,,,,,,,,,0.0,1.7,100.0,0.0,2.1,100.0,0.0
2023-05-15,0.3,5.9,78.3,,,,,,,0.0,3.6,100.0,0.0,2.0,100.0,0.0
2023-05-16,0.1,4.7,79.3,,,,,,,,,,0.0,1.8,100.0,0.0
2023-05-17,,,,,,,,,,,,,0.0,2.0,100.0,0.0
2023-05-18,,,,,,,,,,,,,0.0,2.3,100.0,0.0
2023-05-19,,,,,,,,,,,,,0.0,2.7,100.0,0.0
2023-05-20,0.0,3.8,77.7,,,,,,,,,,0.0,3.0,100.0,0.0
2023-05-21,,,,0.0,0.8,100.0,,,,,,,0.0,3.3,100.0,0.0
2023-05-22,,,,,,,,,,,,,0.0,3.2,100.0,0.0
2023-05-23,0.0,3.0,80.4,,,,,,,,,,0.0,2.9,100.0,0.0
2023-05-24,,,,,,,,,,,,,0.0,2.6,100.0,0.0
2023-05-25,,,,,,,,,,,,,0.0,2.9,100.0,0.0
2023-05-26,,,,0.0,0.3,73.8,,,,,,,0.0,2.9,100.0,0.0
2023-05-27,0.0,2.5,81.5,,,,,,,0.0,3.0,100.0,0.0,2.5,100.0,0.0
2023-05-28,0.0,1.7,79.5,,,,,,,,,,0.0,3.1,100.0,0.0
2023-05-29,,,,,,,,,,,,,0.0,3.7,100.0,0.0
2023-05-30,,,,,,,,,,,,,0.0,3.7,100.0,0.0
2023-05-31,,,,0.0,0.1,98.0,,,,,,,0.0,3.5,100.0,0.0
2023-06-01,0.0,1.4,72.8,,,,,,,,,,0.0,3.8,100.0,0.0
2023-06-02,,,,,,,,,,,,,0.0,4.3,100.0,0.0
2023-06-03,,,,,,,,,,,,,0.0,3.5,100.0,0.0
2023-06-04,0.0,1.5,77.5,,,,,,,,,,0.0,3.1,100.0,0.0
2023-06-05,,,,,,,,,,,,,0.0,3.7,100.0,0.0
2023-06-06,,,,,,,,,,0.0,2.5,37.8,0.0,3.7,100.0,0.0
2023-06-07,,,,,,,,,,0.0,1.7,100.0,0.0,2.9,100.0,0.0
2023-06-08,0.0,1.3,77.7,,,,,,,,,,0.0,3.6,100.0,0.0
2023-06-09,0.0,1.5,82.1,,,,,,,,,,0.0,4.5,100.0,0.0
2023-06-10,,,,,,,,,,,,,0.0,5.2,100.0,0.0
2023-06-11,,,,,,,,,,0.0,1.5,100.0,0.0,4.2,100.0,0.0
2023-06-12,,,,,,,,,,0.0,0.4,100.0,0.0,3.9,100.0,0.0
2023-06-13,0.0,1.5,78.2,,,,,,,,,,0.0,4.8,100.0,0.0
2023-06-14,,,,,,,,,,0.0,0.1,100.0,0.0,3.2,100.0,0.0
2023-06-15,,,,,,,,,,0.0,0.0,100.0,0.0,2.6,100.0,0.0
2023-06-16,0.0,1.6,82.1,,,,,,,,,,0.0,2.3,100.0,0.0
2023-06-17,,,,,,,,,,,,,0.0,2.4,100.0,0.0
2023-06-18,,,,,,,,,,0.0,0.0,100.0,0.0,2.3,100.0,0.0
2023-06-19,,,,,,,,,,0.0,0.0,100.0,0.0,2.4,100.0,0.0
2023-06-20,0.0,1.8,82.9,0.0,0.0,100.0,,,,0.0,0.0,100.0,0.0,2.2,100.0,0.0
2023-06-21,0.0,1.7,82.0,,,,,,,0.0,0.0,100.0,0.0,2.1,100.0,0.0
2023-06-22,,,,,,,,,,0.0,0.0,100.0,0.0,1.8,100.0,0.0
2023-06-23,,,,,,,,,,,,,0.0,1.8,100.0,0.0
2023-06-24,,,,,,,,,,,,,0.0,1.7,100.0,0.0
2023-06-25,0.0,1.7,76.3,0.0,0.0,100.0,,,,,,,0.0,1.5,100.0,0.0
2023-06-26,,,,,,,,,,,,,0.0,1.4,100.0,0.0
2023-06-27,,,,,,,,,,0.0,0.0,66.0,0.0,1.6,100.0,0.0
2023-06-28,0.0,1.7,81.4,,,,,,,0.0,0.0,100.0,0.0,1.5,100.0,0.0
2023-06-29,,,,,,,,,,0.0,0.0,100.0,0.0,1.4,100.0,0.0
2023-06-30,,,,,,,,,,0.0,0.0,100.0,0.0,1.1,100.0,0.0
2023-07-01,,,,,,,,,,,,,0.0,1.3,100.0,0.0
2023-07-02,0.0,1.9,81.2,,,,,,,,,,0.0,1.1,100.0,0.0
2023-07-03,0.0,2.4,81.2,,,,,,,0.0,0.0,100.0,0.0,1.7,100.0,0.0
2023-07-04,,,,,,,,,,0.0,0.0,100.0,0.0,1.5,100.0,0.0
2023-07-05,,,,,,,,,,,,,0.0,1.8,100.0,0.0
2023-07-06,,,,,,,,,,,,,0.0,1.1,100.0,0.0
2023-07-07,0.0,2.2,76.8,,,,,,,,,,0.0,1.3,100.0,0.0
2023-07-08,,,,,,,,,,0.0,0.0,100.0,0.0,1.2,100.0,0.0
2023-07-09,,,,,,,,,,0.0,0.0,100.0,0.0,1.3,100.0,0.0
2023-07-10,0.1,2.3,81.2,0.0,0.0,100.0,,,,0.0,0.0,100.0,0.0,0.8,100.0,0.0
2023-07-11,,,,,,,,,,,,,0.0,0.8,100.0,0.0
2023-07-12,,,,,,,,,,,,,0.0,0.9,100.0,0.0
2023-07-13,,,,,,,,,,0.0,0.0,100.0,0.0,0.8,100.0,0.0
2023-07-14,0.1,2.0,79.8,,,,,,,0.0,0.0,100.0,0.0,0.4,100.0,0.0
2023-07-15,0.1,2.5,79.9,0.0,0.1,75.0,,,,0.0,0.0,100.0,0.0,0.3,100.0,0.0
2023-07-16,,,,,,,,,,0.0,0.0,100.0,0.0,0.3,100.0,0.0
2023-07-17,,,,,,,,,,,,,0.0,0.3,100.0,0.0
2023-07-18,,,,,,,,,,,,,0.0,0.2,100.0,0.0
2023-07-19,0.5,3.1,76.0,,,,,,,0.0,0.1,100.0,0.0,0.1,100.0,0.0
2023-07-20,,,,,,,0.0,0.0,60.1,,,,0.0,0.1,100.0,0.0
2023-07-21,,,,,,,,,,,,,0.0,0.1,100.0,0.0
2023-07-22,0.4,3.7,81.6,,,,,,,,,,0.0,0.0,100.0,0.0
2023-07-23,,,,,,,,,,,,,0.0,0.1,100.0,0.0
2023-07-24,,,,,,,,,,,,,0.0,0.0,100.0,0.0
2023-07-25,,,,,,,,,,,,,0.0,0.0,100.0,0.0
2023-07-26,0.8,4.8,81.7,,,,,,,,,,0.0,0.0,100.0,0.0
2023-07-27,0.4,5.2,81.5,,,,,,,,,,0.0,0.1,100.0,0.0
2023-07-28,,,,,,,0.0,0.0,62.3,,,,0.0,0.1,100.0,0.0
2023-07-29,,,,,,,,,,,,,0.0,0.1,100.0,0.0
2023-07-30,,,,,,,,,,0.0,0.2,100.0,0.0,0.1,100.0,0.0
2023-07-31,0.3,4.6,77.2,,,,,,,,,,0.0,0.1,100.0,0.0
2023-08-01,,,,,,,,,,,,,0.0,0.1,100.0,0.0
2023-08-02,,,,,,,,,,0.0,0.3,100.0,0.0,0.1,100.0,0.0
2023-08-03,0.4,4.2,81.9,,,,,,,,,,0.0,0.1,100.0,0.0
2023-08-04,,,,,,,,,,,,,0.0,0.2,100.0,0.0
2023-08-05,,,,,,,,,,,,,0.0,0.3,100.0,0.0
2023-08-06,,,,,,,,,,,,,0.0,0.5,100.0,0.0
2023-08-07,0.3,3.2,81.2,,,,,,,,,,0.0,0.5,100.0,0.0
2023-08-08,2.7,7.3,95.5,,,,,,,,,,0.0,0.5,100.0,0.0
2023-08-09,,,,,,,,,,,,,0.0,0.6,100.0,0.0
2023-08-10,,,,,,,,,,0.0,0.3,100.0,0.0,0.7,100.0,0.0
2023-08-11,,,,,,,,,,0.0,0.2,100.0,0.0,0.6,100.0,0.0
2023-08-12,0.0,4.0,90.0,,,,,,,0.0,0.2,100.0,0.0,0.7,100.0,0.0
2023-08-13,,,,,,,,,,,,,0.0,0.7,100.0,0.0
2023-08-14,,,,0.0,0.0,35.8,,,,0.0,0.1,100.0,0.0,0.5,100.0,0.0
2023-08-15,0.5,4.8,95.8,,,,,,,,,,0.0,0.4,100.0,0.0
2023-08-16,,,,,,,,,,0.0,0.1,62.7,0.0,0.3,100.0,0.0
2023-08-17,,,,,,,,,,0.0,0.0,100.0,0.0,0.4,100.0,0.0
2023-08-18,,,,,,,,,,0.0,0.0,100.0,0.0,0.3,100.0,0.0
2023-08-19,0.0,3.6,96.3,0.0,0.0,100.0,,,,0.0,0.0,100.0,0.0,0.2,100.0,0.0
2023-08-20,0.0,3.5,82.9,,,,,,,,,,0.0,0.2,100.0,0.0
2023-08-21,,,,,,,,,,,,,0.0,0.2,100.0,0.0
2023-08-22,,,,,,,0.0,0.0,95.5,,,,0.0,0.2,100.0,0.0
2023-08-23,,,,,,,,,,,,,0.0,0.2,100.0,0.0
2023-08-24,0.0,3.0,77.4,0.0,0.0,100.0,,,,,,,0.0,0.1,100.0,0.0
2023-08-25,,,,,,,,,,,,,0.0,0.1,100.0,0.0
2023-08-26,,,,,,,,,,,,,0.0,0.2,100.0,0.0
2023-08-27,0.6,4.5,39.0,,,,,,,,,,0.0,0.2,100.0,0.0
2023-08-28,,,,,,,,,,,,,0.0,0.2,100.0,0.0
2023-08-29,,,,,,,,,,,,,0.0,0.2,100.0,0.0
2023-08-30,,,,,,,,,,,,,0.0,0.2,100.0,0.0
2023-08-31,0.0,3.5,39.2,,,,,,,,,,0.0,0.2,100.0,0.0
2023-09-01,0.0,3.6,36.9,,,,,,,0.0,0.0,100.0,0.0,0.1,100.0,0.0
2023-09-02,,,,,,,,,,0.0,0.0,100.0,0.0,0.2,100.0,0.0
2023-09-03,,,,0.0,0.0,100.0,,,,0.0,0.0,100.0,0.0,0.1,100.0,0.0
2023-09-04,,,,,,,,,,,,,0.0,0.1,100.0,0.0
2023-09-05,0.0,2.5,32.2,,,,,,,,,,0.0,0.1,100.0,0.0
2023-09-06,,,,,,,0.0,0.0,92.7,,,,0.0,0.1,100.0,0.0
2023-09-07,,,,,,,0.0,0.0,86.8,0.0,0.0,100.0,0.0,0.0,100.0,0.0
2023-09-08,0.0,2.6,39.0,0.0,0.1,100.0,,,,,,,0.0,0.1,100.0,0.0
2023-09-09,,,,,,,,,,0.0,0.0,100.0,0.0,0.0,100.0,0.0
2023-09-10,,,,,,,,,,,,,0.0,0.1,100.0,0.0
2023-09-11,,,,,,,,,,,,,0.0,0.1,100.0,0.0
2023-09-12,0.0,1.9,37.6,,,,,,,,,,0.0,0.1,100.0,0.0
2023-09-13,0.0,1.5,35.5,,,,,,,0.0,0.0,100.0,0.0,0.1,100.0,0.0
2023-09-14,,,,,,,,,,,,,0.0,0.1,100.0,0.0
2023-09-15,,,,,,,,,,0.0,0.0,100.0,0.0,0.1,100.0,0.0
2023-09-16,,,,,,,,,,,,,0.0,0.2,100.0,0.0
2023-09-17,0.0,1.5,37.1,,,,,,,,,,0.0,0.2,100.0,0.0
2023-09-18,,,,,,,,,,,,,0.0,0.2,100.0,0.0
2023-09-19,,,,,,,,,,,,,0.0,0.2,100.0,0.0
2023-09-20,0.0,1.6,39.0,,,,,,,,,,0.0,0.2,100.0,0.0
2023-09-21,,,,,,,,,,,,,0.0,0.2,100.0,0.0
2023-09-22,,,,,,,,,,0.0,0.0,100.0,0.0,0.2,100.0,0.0
2023-09-23,,,,,,,,,,,,,0.0,0.3,100.0,0.0
2023-09-24,0.0,1.8,42.5,,,,,,,,,,0.0,0.2,100.0,0.0
2023-09-25,0.0,2.0,39.0,,,,,,,0.0,0.0,100.0,0.0,0.2,100.0,0.0
2023-09-26,,,,,,,,,,0.0,0.0,100.0,0.0,0.2,100.0,0.0
2023-09-27,,,,,,,,,,,,,0.0,0.2,100.0,0.0
2023-09-28,,,,,,,,,,,,,0.0,0.1,100.0,0.0
2023-09-29,0.0,1.6,37.7,,,,,,,0.0,0.0,100.0,0.0,0.1,100.0,0.0
2023-09-30,,,,,,,0.0,0.0,97.3,,,,0.0,0.2,100.0,0.0
2023-10-01,,,,,,,0.0,0.0,84.8,,,,0.0,0.2,100.0,0.0
2023-10-02,0.0,2.3,41.7,,,,,,,0.0,0.0,100.0,0.0,0.2,100.0,0.0
2023-10-03,,,,0.0,0.0,100.0,,,,0.0,0.0,100.0,0.0,0.2,100.0,0.0
2023-10-04,,,,,,,,,,0.0,0.0,100.0,0.0,0.3,100.0,0.0
2023-10-05,,,,,,,,,,,,,0.0,0.5,100.0,0.0
2023-10-06,0.0,2.1,40.9,,,,,,,0.0,0.0,100.0,0.0,0.3,100.0,0.0
2023-10-07,0.0,2.5,42.8,,,,,,,,,,0.0,0.5,100.0,0.0
2023-10-08,,,,,,,,,,,,,0.0,0.7,100.0,0.0
2023-10-09,,,,,,,,,,,,,0.0,1.2,100.0,0.0
2023-10-10,,,,,,,,,,0.0,0.0,100.0,0.0,1.0,100.0,0.0
2023-10-11,0.0,2.4,37.0,,,,,,,0.0,0.0,100.0,0.0,1.1,100.0,0.0
2023-10-12,,,,,,,,,,0.0,0.0,100.0,0.0,1.3,100.0,0.0
2023-10-13,,,,0.0,0.0,100.0,,,,,,,0.0,1.5,100.0,0.0
2023-10-14,0.2,3.3,42.9,,,,,,,0.0,0.0,100.0,0.0,1.6,100.0,0.0
2023-10-15,,,,,,,,,,0.0,0.0,100.0,0.0,1.4,100.0,0.0
2023-10-16,,,,,,,,,,,,,0.0,2.2,100.0,0.0
2023-10-17,,,,,,,,,,0.0,0.0,100.0,0.0,2.6,100.0,0.0
2023-10-18,0.2,3.5,42.6,,,,,,,,,,0.0,3.3,100.0,0.0
2023-10-19,0.5,4.3,42.8,,,,,,,,,,0.0,2.3,100.0,0.0
2023-10-20,,,,,,,,,,,,,0.0,3.0,100.0,0.0
2023-10-21,,,,,,,,,,0.0,0.0,42.9,0.0,2.9,100.0,0.0
2023-10-22,,,,,,,,,,,,,0.0,4.1,100.0,0.0
2023-10-23,0.0,3.9,37.1,0.0,0.0,100.0,,,,0.0,0.0,100.0,0.0,2.6,100.0,0.0
2023-10-24,,,,,,,,,,,,,0.0,2.9,100.0,0.0
2023-10-25,,,,,,,,,,,,,0.0,3.4,100.0,0.0
2023-10-26,,,,,,,,,,,,,0.0,3.7,100.0,0.0
2023-10-27,,,,,,,,,,,,,0.0,3.3,100.0,0.0
2023-10-28,,,,0.1,0.2,100.0,,,,0.0,0.0,100.0,0.0,2.5,100.0,0.0
2023-10-29,,,,,,,,,,,,,0.0,3.0,100.0,0.0
2023-10-30,0.3,6.0,42.5,,,,,,,,,,0.0,2.5,100.0,0.0
2023-10-31,0.3,5.9,42.8,,,,,,,,,,0.0,2.8,100.0,0.0
2023-11-01,,,,,,,,,,,,,0.0,2.4,100.0,0.0
2023-11-02,,,,,,,,,,,,,0.0,2.3,100.0,0.0
2023-11-03,,,,,,,,,,0.0,0.0,100.0,0.0,1.6,100.0,0.0
2023-11-04,0.2,7.3,37.6,,,,,,,,,,0.0,2.1,100.0,0.0
2023-11-05,,,,,,,,,,,,,0.0,1.8,100.0,0.0
2023-11-06,,,,,,,,,,0.0,0.0,100.0,0.0,1.5,100.0,0.0
2023-11-07,0.7,8.3,42.6,,,,,,,,,,0.0,1.1,100.0,0.0
2023-11-08,,,,,,,,,,,,,0.0,1.4,100.0,0.0
2023-11-09,,,,,,,,,,,,,0.0,1.0,100.0,0.0
2023-11-10,,,,,,,,,,,,,0.0,1.3,100.0,0.0
2023-11-11,0.3,8.2,42.7,,,,,,,,,,0.0,0.8,100.0,0.0
2023-11-12,2.4,10.1,42.1,,,,,,,,,,0.0,1.1,100.0,0.0
2023-11-13,,,,,,,,,,0.0,0.1,100.0,0.0,1.0,100.0,0.0
2023-11-14,,,,,,,,,,,,,0.0,1.3,100.0,0.0
2023-11-15,,,,,,,,,,0.0,0.6,100.0,0.0,0.8,100.0,0.0
2023-11-16,3.6,10.1,39.0,,,,,,,,,,0.0,1.3,100.0,0.0
2023-11-17,,,,,,,,,,0.0,1.8,100.0,0.0,1.0,100.0,0.0
2023-11-18,,,,,,,0.8,6.4,100.0,,,,0.0,1.9,100.0,0.0
2023-11-19,3.0,12.2,42.2,,,,,,,,,,0.0,1.6,100.0,0.0
2023-11-20,,,,,,,,,,,,,0.0,1.9,100.0,0.0
2023-11-21,,,,,,,,,,,,,0.0,2.3,100.0,0.0
2023-11-22,,,,,,,,,,,,,0.0,2.8,100.0,0.0
2023-11-23,0.0,4.4,82.3,,,,,,,,,,0.0,2.3,100.0,0.0
2023-11-24,0.0,3.1,82.3,,,,,,,,,,0.0,2.6,100.0,0.0
2023-11-25,,,,,,,,,,0.0,2.2,100.0,0.0,3.1,100.0,0.0
2023-11-26,,,,,,,,,,,,,0.0,4.5,100.0,0.0
2023-11-27,,,,,,,,,,,,,0.0,4.4,100.0,0.0
2023-11-28,0.0,2.3,79.0,,,,,,,,,,0.0,5.0,100.0,0.0
2023-11-29,,,,,,,,,,,,,0.0,6.5,100.0,0.0
2023-11-30,,,,,,,,,,,,,0.0,6.9,100.0,0.0
2023-12-01,0.0,2.5,81.5,,,,,,,,,,0.0,6.1,100.0,0.0
2023-12-02,,,,,,,,,,,,,0.0,6.3,100.0,0.0
2023-12-03,,,,,,,3.3,8.6,97.3,0.0,4.5,100.0,0.0,7.0,100.0,0.0
2023-12-04,,,,,,,,,,0.1,7.6,100.0,0.0,7.3,100.0,0.0
2023-12-05,0.0,2.1,82.0,,,,,,,1.6,14.0,100.0,0.0,6.6,100.0,0.0
2023-12-06,0.0,1.6,83.1,,,,,,,,,,0.0,6.9,100.0,0.0
2023-12-07,,,,0.0,0.9,100.0,,,,3.2,16.1,100.0,0.0,7.1,100.0,0.0
2023-12-08,,,,,,,,,,0.4,11.1,100.0,0.0,6.8,100.0,0.0
2023-12-09,,,,,,,,,,,,,0.0,6.0,100.0,0.0
2023-12-10,0.0,0.8,80.2,,,,,,,,,,0.0,6.8,100.0,0.0
2023-12-11,,,,,,,,,,,,,0.0,6.3,100.0,0.0
2023-12-12,,,,,,,,,,0.7,17.1,100.0,0.0,6.5,100.0,0.0
2023-12-13,0.0,1.3,84.2,,,,,,,0.0,4.7,100.0,0.0,4.7,100.0,0.0
2023-12-14,,,,,,,,,,,,,0.0,6.0,100.0,0.0
2023-12-15,,,,,,,,,,0.0,4.4,100.0,0.0,4.7,100.0,0.0
2023-12-16,,,,,,,,,,,,,0.0,6.2,100.0,0.0
2023-12-17,0.1,1.5,83.8,0.8,3.0,100.0,,,,,,,0.0,4.7,100.0,0.0
2023-12-18,0.2,2.1,83.6,,,,,,,,,,0.0,6.3,100.0,0.0
2023-12-19,,,,,,,12.5,14.7,100.0,0.0,2.2,100.0,0.0,5.3,100.0,0.0
2023-12-20,,,,,,,,,,,,,0.0,7.3,100.0,0.0
2023-12-21,,,,,,,,,,0.0,2.5,100.0,0.0,6.2,100.0,0.0
2023-12-22,0.0,1.0,79.4,,,,,,,,,,0.0,6.6,100.0,0.0
2023-12-23,,,,,,,,,,0.0,1.5,100.0,0.0,6.3,100.0,0.0
2023-12-24,,,,,,,,,,0.1,2.1,100.0,0.0,8.1,100.0,0.0
2023-12-25,1.4,4.5,83.8,,,,,,,,,,0.0,9.4,100.0,0.0
2023-12-26,,,,,,,,,,,,,0.0,10.3,100.0,0.0
2023-12-27,,,,0.7,7.3,100.0,53.3,52.4,100.0,0.4,2.7,100.0,0.1,14.7,100.0,0.1
2023-12-28,,,,,,,,,,,,,0.1,16.5,100.0,0.1
2023-12-29,4.1,6.7,84.1,,,,,,,,,,0.4,26.6,100.0,0.4
2023-12-30,7.5,15.8,83.8,,,,,,,0.4,4.8,100.0,0.4,23.7,100.0,0.4
2023-12-31,,,,,,,,,,,,,1.9,32.3,100.0,1.9
2024-01-01,,,,98.3,84.5,100.0,,,,,,,9.8,37.9,100.0,9.8
2024-01-02,,,,,,,,,,,,,15.0,48.4,100.0,15.0
2024-01-03,5.2,18.8,78.0,,,,,,,3.0,9.0,100.0,14.0,46.7,100.0,14.0
2024-01-04,,,,,,,,,,,,,34.5,57.8,100.0,34.5
2024-01-05,,,,,,,,,,,,,67.2,62.9,100.0,67.2
2024-01-06,78.4,57.1,80.5,,,,,,,,,,100.0,78.3,100.0,100.0
2024-01-07,,,,,,,,,,,,,100.0,81.6,100.0,100.0
2024-01-08,,,,,,,,,,,,,100.0,85.9,100.0,100.0
2024-01-09,,,,,,,,,,66.9,57.5,100.0,100.0,90.1,100.0,100.0
2024-01-10,97.8,64.5,80.8,,,,,,,,,,100.0,93.0,100.0,100.0
2024-01-11,100.0,75.2,79.8,99.9,98.1,100.0,,,,,,,100.0,95.1,100.0,100.0
2024-01-12,,,,,,,100.0,100.0,100.0,,,,100.0,95.8,100.0,100.0
2024-01-13,,,,,,,100.0,100.0,100.0,99.9,86.3,100.0,100.0,96.8,100.0,100.0
2024-01-14,,,,,,,,,,100.0,92.2,100.0,100.0,96.8,100.0,100.0
2024-01-15,99.8,72.5,77.3,,,,,,,,,,100.0,97.3,100.0,100.0
2024-01-16,,,,100.0,98.4,100.0,,,,,,,100.0,97.9,100.0,100.0
2024-01-17,,,,,,,,,,,,,100.0,97.5,100.0,100.0
2024-01-18,99.8,83.2,78.9,,,,,,,100.0,96.3,100.0,100.0,97.5,100.0,100.0
2024-01-19,,,,,,,,,,,,,100.0,97.1,100.0,100.0
2024-01-20,,,,,,,100.0,100.0,70.2,,,,100.0,97.9,100.0,100.0
2024-01-21,,,,98.5,97.8,100.0,,,,,,,100.0,97.4,100.0,100.0
2024-01-22,99.9,81.1,80.6,,,,,,,,,,100.0,96.6,100.0,100.0
2024-01-23,99.7,80.4,78.3,,,,,,,,,,100.0,95.1,100.0,100.0
2024-01-24,,,,,,,,,,,,,99.8,93.7,100.0,99.8
2024-01-25,,,,,,,,,,,,,99.7,92.7,100.0,99.7
2024-01-26,,,,,,,,,,,,,99.7,91.9,100.0,99.7
2024-01-27,97.2,72.4,78.2,,,,,,,,,,99.5,88.7,100.0,99.5
2024-01-28,,,,,,,100.0,100.0,100.0,,,,99.5,89.2,100.0,99.5
2024-01-29,,,,,,,100.0,99.0,100.0,,,,99.2,87.5,100.0,99.2
2024-01-30,98.3,77.7,79.1,,,,,,,,,,98.4,86.5,100.0,98.4
2024-01-31,,,,,,,,,,,,,97.7,84.7,100.0,97.7
2024-02-01,,,,,,,,,,,,,96.5,83.9,100.0,96.5
2024-02-02,,,,,,,,,,,,,96.6,83.3,100.0,96.6
2024-02-03,96.1,75.7,80.7,,,,,,,,,,95.0,83.0,100.0,95.0
2024-02-04,95.1,72.6,80.5,,,,,,,,,,94.7,82.0,100.0,94.7
2024-02-05,,,,100.0,95.7,100.0,99.8,96.5,99.9,,,,93.0,82.5,100.0,93.0
2024-02-06,,,,,,,,,,,,,89.0,77.9,100.0,89.0
2024-02-07,,,,,,,,,,,,,86.0,75.7,100.0,86.0
2024-02-08,82.2,59.8,76.9,,,,,,,,,,85.8,75.7,100.0,85.8
2024-02-09,,,,,,,,,,,,,77.5,69.5,100.0,77.5
2024-02-10,,,,,,,,,,,,,72.6,67.5,100.0,72.6
2024-02-11,81.1,62.6,77.7,,,,,,,,,,65.4,65.0,100.0,65.4
2024-02-12,,,,,,,,,,,,,61.8,64.1,100.0,61.8
2024-02-13,,,,,,,,,,,,,45.0,55.0,100.0,45.0
2024-02-14,,,,,,,,,,,,,39.4,51.3,100.0,39.4
2024-02-15,78.3,62.5,80.9,96.2,85.6,100.0,,,,,,,36.2,48.4,100.0,36.2
2024-02-16,73.2,59.4,80.0,,,,,,,,,,33.9,46.4,100.0,33.9
2024-02-17,,,,,,,,,,,,,23.8,39.0,100.0,23.8
2024-02-18,,,,,,,,,,,,,22.5,37.7,100.0,22.5
2024-02-19,,,,,,,,,,,,,15.7,33.8,100.0,15.7
2024-02-20,67.2,51.6,78.2,88.8,81.2,69.5,,,,,,,18.1,35.6,100.0,18.1
2024-02-21,,,,,,,,,,,,,11.4,32.1,100.0,11.4
2024-02-22,,,,,,,,,,,,,7.7,29.5,100.0,7.7
2024-02-23,70.3,57.7,77.7,,,,,,,,,,10.4,32.8,100.0,10.4
2024-02-24,,,,,,,,,,,,,7.2,30.6,100.0,7.2
2024-02-25,,,,96.3,90.5,99.4,,,,,,,11.4,36.1,100.0,11.4
2024-02-26,,,,,,,,,,,,,4.7,30.4,100.0,4.7
2024-02-27,74.8,60.4,80.8,,,,,,,,,,11.4,35.7,100.0,11.4
2024-02-28,72.4,59.1,77.3,,,,,,,,,,7.5,32.4,100.0,7.5
2024-02-29,,,,,,,87.5,84.5,100.0,,,,16.5,39.5,100.0,16.5
2024-03-01,,,,,,,,,,,,,6.7,32.6,100.0,6.7
2024-03-02,,,,,,,,,,,,,14.9,38.0,100.0,14.9
2024-03-03,61.8,50.6,73.8,,,,,,,,,,10.9,37.2,100.0,10.9
2024-03-04,,,,,,,,,,,,,13.8,38.1,100.0,13.8
2024-03-05,,,,,,,,,,,,,14.4,40.3,100.0,14.4
2024-03-06,72.7,60.4,74.8,,,,,,,,,,22.8,42.5,100.0,22.8
2024-03-07,,,,,,,,,,,,,34.2,46.8,100.0,34.2
2024-03-08,,,,,,,95.2,90.9,100.0,,,,40.1,48.8,100.0,40.1
2024-03-09,,,,,,,99.9,91.4,100.0,,,,47.7,53.5,100.0,47.7
2024-03-10,80.2,63.3,78.7,,,,,,,,,,41.0,48.7,100.0,41.0
2024-03-11,85.7,66.5,75.9,99.1,87.2,100.0,,,,,,,52.3,57.7,100.0,52.3
2024-03-12,,,,,,,,,,,,,44.1,51.6,100.0,44.1
2024-03-13,,,,,,,,,,,,,47.7,54.2,100.0,47.7
2024-03-14,,,,,,,,,,,,,29.1,45.6,100.0,29.1
2024-03-15,70.6,56.4,75.8,,,,,,,100.0,96.2,100.0,45.3,53.1,100.0,45.3
2024-03-16,,,,,,,,,,100.0,92.7,100.0,12.0,41.2,100.0,12.0
2024-03-17,,,,,,,,,,,,,23.9,46.3,100.0,23.9
2024-03-18,87.6,66.7,82.1,,,,,,,,,,3.0,33.5,100.0,3.0
2024-03-19,,,,,,,,,,,,,2.6,34.1,100.0,2.6
2024-03-20,,,,,,,,,,,,,0.4,25.6,100.0,0.4
2024-03-21,,,,,,,,,,,,,0.8,29.7,100.0,0.8
2024-03-22,86.1,65.0,82.1,,,,,,,,,,0.3,25.5,100.0,0.3
2024-03-23,85.6,65.2,81.6,,,,,,,,,,0.4,27.2,100.0,0.4
2024-03-24,,,,,,,,,,,,,0.0,25.9,100.0,0.0
2024-03-25,,,,,,,85.9,66.1,100.0,,,,0.9,36.8,100.0,0.9
2024-03-26,,,,84.2,68.4,100.0,,,,,,,0.1,32.0,100.0,0.1
2024-03-27,57.2,44.7,77.5,,,,,,,,,,0.6,35.3,100.0,0.6
2024-03-28,,,,,,,,,,,,,0.1,33.6,100.0,0.1
2024-03-29,,,,,,,,,,,,,1.5,41.4,100.0,1.5
2024-03-30,59.0,49.3,82.3,,,,,,,,,,1.4,38.8,100.0,1.4
2024-03-31,,,,,,,,,,,,,2.4,36.3,100.0,2.4
2024-04-01,,,,,,,,,,,,,2.2,33.1,100.0,2.2
2024-04-02,,,,,,,8.8,25.9,98.5,,,,5.8,39.3,100.0,5.8
2024-04-03,38.7,33.2,81.8,,,,,,,,,,2.3,31.2,100.0,2.3
2024-04-04,40.6,34.1,82.8,,,,,,,99.6,83.7,100.0,2.4,29.8,100.0,2.4
2024-04-05,,,,21.5,36.1,100.0,,,,73.4,57.4,100.0,0.8,22.7,100.0,0.8
2024-04-06,,,,,,,,,,25.2,35.3,100.0,0.3,23.6,100.0,0.3
2024-04-07,,,,,,,,,,2.9,18.1,100.0,0.0,18.8,100.0,0.0
2024-04-08,14.0,18.6,79.8,,,,,,,,,,0.0,14.2,100.0,0.0
2024-04-09,,,,,,,,,,0.0,4.4,100.0,0.0,11.7,100.0,0.0
2024-04-10,,,,,,,,,,,,,0.0,10.7,100.0,0.0
2024-04-11,21.9,22.6,82.2,,,,,,,,,,0.0,8.7,100.0,0.0
2024-04-12,,,,,,,,,,0.0,1.0,100.0,0.0,5.7,100.0,0.0
2024-04-13,,,,,,,,,,,,,0.0,6.6,100.0,0.0
2024-04-14,,,,,,,,,,,,,0.0,6.5,100.0,0.0
2024-04-15,7.8,16.0,82.0,,,,,,,,,,0.0,7.5,100.0,0.0
2024-04-16,8.1,15.3,82.5,,,,,,,0.0,0.3,100.0,0.0,4.7,100.0,0.0
2024-04-17,,,,,,,,,,,,,0.0,6.8,100.0,0.0
2024-04-18,,,,,,,,,,0.0,0.2,100.0,0.0,6.2,100.0,0.0
2024-04-19,,,,,,,,,,,,,0.0,6.0,100.0,0.0
2024-04-20,2.4,13.1,79.6,,,,,,,0.0,0.1,100.0,0.0,4.2,100.0,0.0
2024-04-21,,,,,,,,,,0.0,0.0,100.0,0.0,5.4,100.0,0.0
2024-04-22,,,,,,,,,,,,,0.0,5.2,100.0,0.0
2024-04-23,4.5,15.2,81.9,,,,,,,,,,0.0,4.9,100.0,0.0
2024-04-24,,,,,,,,,,,,,0.0,4.3,100.0,0.0
2024-04-25,,,,1.3,13.4,100.0,0.0,2.4,98.7,,,,0.0,6.2,100.0,0.0
2024-04-26,,,,,,,,,,,,,0.0,5.7,100.0,0.0
2024-04-27,7.8,18.7,81.5,,,,,,,,,,0.0,3.8,100.0,0.0
2024-04-28,6.5,19.5,81.9,,,,,,,,,,0.0,3.1,100.0,0.0
2024-04-29,,,,,,,,,,,,,0.0,3.1,100.0,0.0
2024-04-30,,,,3.4,23.6,48.5,,,,0.0,0.0,100.0,0.0,2.9,100.0,0.0
2024-05-01,,,,,,,,,,,,,0.0,2.9,100.0,0.0
2024-05-02,7.8,21.0,92.2,,,,,,,,,,0.0,2.7,100.0,0.0
2024-05-03,,,,,,,,,,0.0,0.1,100.0,0.0,3.0,100.0,0.0
2024-05-04,,,,,,,,,,,,,0.0,3.7,100.0,0.0
2024-05-05,11.1,25.1,96.7,2.1,23.6,37.7,,,,,,,0.0,3.8,100.0,0.0
2024-05-06,,,,,,,,,,,,,0.0,3.7,100.0,0.0
2024-05-07,,,,,,,,,,,,,0.0,3.8,100.0,0.0
2024-05-08,,,,,,,,,,,,,0.0,4.5,100.0,0.0
2024-05-09,10.6,22.4,96.1,,,,,,,,,,0.0,4.8,100.0,0.0
2024-05-10,6.6,21.1,95.4,0.1,4.8,100.0,,,,0.0,0.1,100.0,0.0,4.6,100.0,0.0
2024-05-11,,,,,,,,,,,,,0.0,4.8,100.0,0.0
2024-05-12,,,,,,,,,,,,,0.0,5.7,100.0,0.0
2024-05-13,,,,,,,,,,,,,0.0,4.7,100.0,0.0
2024-05-14,2.1,15.6,91.1,,,,,,,,,,0.0,5.8,100.0,0.0
2024-05-15,,,,,,,,,,,,,0.0,3.9,100.0,0.0
2024-05-16,,,,,,,,,,,,,0.0,4.8,100.0,0.0
2024-05-17,2.7,14.8,92.9,,,,,,,,,,0.0,3.8,100.0,0.0
2024-05-18,,,,,,,,,,0.0,0.4,100.0,0.0,3.9,100.0,0.0
2024-05-19,,,,,,,,,,0.0,0.4,100.0,0.0,3.4,100.0,0.0
2024-05-20,,,,0.0,0.8,46.3,0.0,0.0,32.2,,,,0.0,4.1,100.0,0.0
2024-05-21,1.2,12.3,93.8,,,,,,,,,,0.0,2.7,100.0,0.0
2024-05-22,0.8,10.9,92.8,,,,,,,,,,0.0,2.7,100.0,0.0
2024-05-23,,,,,,,,,,,,,0.0,2.9,100.0,0.0
2024-05-24,,,,,,,,,,,,,0.0,3.2,100.0,0.0
2024-05-25,,,,,,,,,,,,,0.0,2.9,100.0,0.0
2024-05-26,0.0,7.5,88.7,,,,,,,,,,0.0,2.6,100.0,0.0
2024-05-27,,,,,,,,,,,,,0.0,2.1,100.0,0.0
2024-05-28,,,,,,,,,,,,,0.0,2.4,100.0,0.0
2024-05-29,0.1,7.2,89.4,,,,,,,,,,0.0,1.9,100.0,0.0
2024-05-30,,,,,,,,,,0.0,1.1,100.0,0.0,1.4,100.0,0.0
2024-05-31,,,,,,,,,,,,,0.0,1.4,100.0,0.0
2024-06-01,,,,,,,,,,,,,0.0,1.5,100.0,0.0
2024-06-02,0.0,6.1,92.0,,,,,,,,,,0.0,1.7,100.0,0.0
2024-06-03,0.0,5.4,95.7,,,,,,,,,,0.0,1.9,100.0,0.0
2024-06-04,,,,0.0,0.1,100.0,0.0,0.0,32.8,,,,0.0,2.1,100.0,0.0
2024-06-05,,,,,,,,,,,,,0.0,2.2,100.0,0.0
2024-06-06,,,,,,,,,,,,,0.0,2.2,100.0,0.0
2024-06-07,0.0,2.3,89.8,,,,,,,0.0,0.4,33.6,0.0,1.9,100.0,0.0
2024-06-08,,,,,,,,,,,,,0.0,2.2,100.0,0.0
2024-06-09,,,,,,,,,,,,,0.0,1.9,100.0,0.0
2024-06-10,0.0,2.5,91.8,,,,,,,,,,0.0,1.5,100.0,0.0
2024-06-11,,,,,,,,,,,,,0.0,1.4,100.0,0.0
2024-06-12,,,,,,,,,,,,,0.0,2.4,100.0,0.0
2024-06-13,,,,,,,,,,0.0,1.2,96.2,0.0,2.0,100.0,0.0
2024-06-14,0.0,2.5,96.4,,,,,,,,,,0.0,1.9,100.0,0.0
2024-06-15,0.0,2.4,97.4,,,,,,,,,,0.0,1.7,100.0,0.0
2024-06-16,,,,,,,,,,0.0,0.9,100.0,0.0,2.1,100.0,0.0
2024-06-17,,,,,,,,,,0.0,0.7,100.0,0.0,2.2,100.0,0.0
2024-06-18,,,,,,,,,,0.0,0.5,100.0,0.0,1.9,100.0,0.0
2024-06-19,0.0,1.2,88.8,0.0,0.0,100.0,,,,,,,0.0,1.8,100.0,0.0
2024-06-20,,,,,,,,,,,,,0.0,2.2,100.0,0.0
2024-06-21,,,,,,,,,,,,,0.0,1.8,100.0,0.0
2024-06-22,0.0,1.9,97.1,,,,,,,,,,0.0,1.5,100.0,0.0
2024-06-23,,,,,,,,,,,,,0.0,1.7,100.0,0.0
2024-06-24,,,,0.0,0.0,65.4,,,,,,,0.0,1.8,100.0,0.0
2024-06-25,,,,,,,,,,0.0,0.4,100.0,0.0,1.6,100.0,0.0
2024-06-26,0.0,2.2,98.5,,,,,,,0.0,0.1,100.0,0.0,1.9,100.0,0.0
2024-06-27,,,,,,,,,,,,,0.0,2.2,100.0,0.0
2024-06-28,,,,,,,,,,,,,0.0,2.3,100.0,0.0
2024-06-29,,,,0.0,0.0,100.0,,,,0.0,0.1,100.0,0.0,1.7,100.0,0.0
2024-06-30,,,,,,,,,,,,,0.0,1.7,100.0,0.0
2024-07-01,0.0,2.0,90.6,,,,,,,,,,0.0,1.5,100.0,0.0
2024-07-02,,,,,,,,,,,,,0.0,1.6,100.0,0.0
2024-07-03,,,,,,,,,,,,,0.0,1.3,100.0,0.0
2024-07-04,0.1,2.5,97.3,,,,,,,,,,0.0,1.4,100.0,0.0
2024-07-05,,,,,,,,,,0.0,0.0,100.0,0.0,1.0,100.0,0.0
2024-07-06,,,,,,,,,,,,,0.0,1.1,100.0,0.0
2024-07-07,,,,,,,,,,,,,0.0,0.9,100.0,0.0
2024-07-08,0.0,2.1,97.8,,,,,,,,,,0.0,0.8,100.0,0.0
2024-07-09,0.0,2.5,96.5,0.0,0.0,93.4,,,,,,,0.0,0.6,100.0,0.0
2024-07-10,,,,,,,,,,,,,0.0,0.5,100.0,0.0
2024-07-11,,,,,,,,,,,,,0.0,0.4,100.0,0.0
2024-07-12,,,,,,,,,,,,,0.0,0.5,100.0,0.0
2024-07-13,0.0,2.2,90.9,,,,,,,,,,0.0,0.3,100.0,0.0
2024-07-14,,,,0.0,0.0,100.0,0.0,0.0,34.4,,,,0.0,0.3,100.0,0.0
2024-07-15,,,,,,,,,,,,,0.0,0.2,100.0,0.0
2024-07-16,0.0,2.2,94.7,,,,,,,,,,0.0,0.2,100.0,0.0
2024-07-17,,,,,,,,,,,,,0.0,0.2,100.0,0.0
2024-07-18,,,,,,,,,,,,,0.0,0.2,100.0,0.0
2024-07-19,,,,0.0,0.0,98.7,,,,,,,0.0,0.1,100.0,0.0
2024-07-20,0.0,1.9,97.2,,,,,,,,,,0.0,0.3,100.0,0.0
2024-07-21,0.0,2.2,96.1,,,,,,,,,,0.0,0.3,100.0,0.0
2024-07-22,,,,,,,,,,,,,0.0,0.3,100.0,0.0
2024-07-23,,,,,,,,,,,,,0.0,0.2,100.0,0.0
2024-07-24,,,,,,,,,,,,,0.0,0.2,100.0,0.0
2024-07-25,0.0,1.6,90.6,,,,,,,,,,0.0,0.2,100.0,0.0
2024-07-26,,,,,,,,,,0.0,0.0,100.0,0.0,0.2,100.0,0.0
2024-07-27,,,,,,,,,,0.0,0.0,100.0,0.0,0.3,100.0,0.0
2024-07-28,0.0,1.9,97.1,,,,,,,,,,0.0,0.2,100.0,0.0
2024-07-29,,,,0.0,0.0,93.4,,,,0.0,0.0,100.0,0.0,0.2,100.0,0.0
2024-07-30,,,,,,,0.0,0.0,74.3,0.0,0.0,100.0,0.0,0.2,100.0,0.0
2024-07-31,,,,,,,0.0,0.0,36.2,,,,0.0,0.2,100.0,0.0
2024-08-01,0.0,1.6,98.7,,,,,,,,,,0.0,0.2,100.0,0.0
2024-08-02,0.0,2.0,97.9,,,,,,,0.0,0.0,100.0,0.0,0.1,100.0,0.0
2024-08-03,,,,,,,,,,,,,0.0,0.2,100.0,0.0
2024-08-04,,,,,,,,,,,,,0.0,0.1,100.0,0.0
2024-08-05,,,,,,,,,,,,,0.0,0.1,100.0,0.0
2024-08-06,0.0,1.5,90.7,,,,,,,0.0,0.0,100.0,0.0,0.1,100.0,0.0
2024-08-07,,,,,,,,,,,,,0.0,0.2,100.0,0.0
2024-08-08,,,,,,,,,,0.0,0.0,100.0,0.0,0.1,100.0,0.0
2024-08-09,0.0,1.6,97.5,,,,,,,,,,0.0,0.1,100.0,0.0
2024-08-10,,,,,,,,,,,,,0.0,0.1,100.0,0.0
2024-08-11,,,,,,,,,,,,,0.0,0.1,100.0,0.0
2024-08-12,,,,,,,,,,,,,0.0,0.0,100.0,0.0
2024-08-13,0.0,1.4,98.7,0.0,0.0,98.1,,,,,,,0.0,0.0,100.0,0.0
2024-08-14,0.0,1.7,98.3,,,,,,,0.0,0.0,100.0,0.0,0.0,100.0,0.0
2024-08-15,,,,,,,0.0,0.0,92.1,,,,0.0,0.0,100.0,0.0
2024-08-16,,,,,,,,,,,,,0.0,0.0,100.0,0.0
2024-08-17,,,,,,,,,,,,,0.0,0.0,100.0,0.0
2024-08-18,0.0,1.3,89.2,,,,,,,0.0,0.0,100.0,0.0,0.0,100.0,0.0
2024-08-19,,,,,,,,,,,,,0.0,0.0,100.0,0.0
2024-08-20,,,,,,,,,,0.0,0.0,100.0,0.0,0.0,100.0,0.0
2024-08-21,0.0,1.4,97.8,,,,,,,,,,0.0,0.0,100.0,0.0
2024-08-22,,,,,,,,,,,,,0.0,0.0,100.0,0.0
2024-08-23,,,,0.0,0.1,100.0,0.0,0.0,92.8,,,,0.0,0.0,100.0,0.0
2024-08-24,,,,,,,0.0,0.0,88.5,,,,0.0,0.0,100.0,0.0
2024-08-25,0.1,1.4,98.8,,,,,,,,,,0.0,0.0,100.0,0.0
2024-08-26,0.0,1.7,98.1,,,,,,,0.0,0.0,100.0,0.0,0.0,100.0,0.0
2024-08-27,,,,,,,,,,0.0,0.0,100.0,0.0,0.0,100.0,0.0
2024-08-28,,,,0.0,0.1,100.0,,,,,,,0.0,0.1,100.0,0.0
2024-08-29,,,,,,,,,,,,,0.0,0.0,100.0,0.0
2024-08-30,0.0,1.5,92.0,,,,,,,0.0,0.0,100.0,0.0,0.1,100.0,0.0
2024-08-31,,,,,,,,,,0.0,0.0,100.0,0.0,0.1,100.0,0.0
2024-09-01,,,,,,,,,,,,,0.0,0.1,100.0,0.0
2024-09-02,0.1,2.1,97.8,0.0,0.1,99.2,,,,,,,0.0,0.1,100.0,0.0
2024-09-03,,,,,,,,,,,,,0.0,0.1,100.0,0.0
2024-09-04,,,,,,,,,,,,,0.0,0.1,100.0,0.0
2024-09-05,,,,,,,,,,0.0,0.0,100.0,0.0,0.1,100.0,0.0
2024-09-06,0.2,2.2,98.6,,,,,,,0.0,0.0,100.0,0.0,0.1,100.0,0.0
2024-09-07,0.2,2.3,97.8,0.0,0.1,100.0,,,,,,,0.0,0.1,100.0,0.0
2024-09-08,,,,,,,,,,,,,0.0,0.1,100.0,0.0
2024-09-09,,,,,,,,,,0.0,0.0,100.0,0.0,0.2,100.0,0.0
2024-09-10,,,,,,,,,,,,,0.0,0.2,100.0,0.0
2024-09-11,0.1,2.5,92.6,,,,,,,,,,0.0,0.2,100.0,0.0
2024-09-12,,,,,,,,,,,,,0.0,0.3,100.0,0.0
2024-09-13,,,,,,,,,,,,,0.0,0.3,100.0,0.0
2024-09-14,0.1,3.4,97.9,,,,,,,0.0,0.0,100.0,0.0,0.4,100.0,0.0
2024-09-15,,,,,,,,,,0.0,0.0,100.0,0.0,0.5,100.0,0.0
2024-09-16,,,,,,,,,,,,,0.0,0.7,100.0,0.0
2024-09-17,,,,0.0,0.2,79.5,0.0,0.0,68.4,0.0,0.0,100.0,0.0,0.5,100.0,0.0
2024-09-18,0.3,3.5,97.5,,,,,,,,,,0.0,0.7,100.0,0.0
2024-09-19,0.3,5.1,98.0,,,,,,,,,,0.0,0.8,100.0,0.0
2024-09-20,,,,,,,,,,,,,0.0,0.9,100.0,0.0
2024-09-21,,,,,,,,,,0.0,0.0,100.0,0.0,0.7,100.0,0.0
2024-09-22,,,,,,,,,,0.0,0.0,100.0,0.0,0.7,100.0,0.0
2024-09-23,,,,,,,,,,,,,0.0,0.7,100.0,0.0
2024-09-24,,,,,,,,,,,,,0.0,0.6,100.0,0.0
2024-09-25,,,,,,,,,,,,,0.0,0.8,100.0,0.0
2024-09-26,0.2,4.8,97.1,,,,,,,0.0,0.1,42.2,0.0,0.7,100.0,0.0
2024-09-27,,,,,,,,,,,,,0.0,0.9,100.0,0.0
2024-09-28,,,,,,,,,,,,,0.0,0.8,100.0,0.0
2024-09-29,,,,,,,,,,0.0,0.2,97.4,0.0,0.9,100.0,0.0
2024-09-30,0.4,7.4,98.3,,,,,,,0.0,0.2,78.3,0.0,0.8,100.0,0.0
2024-10-01,0.1,5.3,97.9,,,,,,,,,,0.0,1.1,100.0,0.0
2024-10-02,,,,0.0,0.1,36.3,,,,0.0,0.2,100.0,0.0,0.7,100.0,0.0
2024-10-03,,,,,,,,,,,,,0.0,1.5,100.0,0.0
2024-10-04,,,,,,,,,,,,,0.0,1.3,100.0,0.0
2024-10-05,0.0,4.3,91.7,,,,,,,,,,0.0,1.7,100.0,0.0
2024-10-06,,,,,,,,,,,,,0.0,1.4,100.0,0.0
2024-10-07,,,,,,,,,,0.0,0.2,100.0,0.0,1.8,100.0,0.0
2024-10-08,0.1,3.7,96.2,,,,,,,,,,0.0,1.5,100.0,0.0
2024-10-09,,,,,,,,,,,,,0.0,1.7,100.0,0.0
2024-10-10,,,,,,,,,,0.0,0.1,100.0,0.0,1.6,100.0,0.0
2024-10-11,,,,,,,,,,,,,0.0,2.0,100.0,0.0
2024-10-12,0.0,3.1,98.1,,,,,,,,,,0.0,2.0,100.0,0.0
2024-10-13,0.1,3.2,96.8,,,,,,,,,,0.0,2.0,100.0,0.0
2024-10-14,,,,,,,,,,0.0,0.0,100.0,0.0,1.9,100.0,0.0
2024-10-15,,,,,,,,,,0.0,0.0,100.0,0.0,2.0,100.0,0.0
2024-10-16,,,,,,,,,,,,,0.0,2.0,100.0,0.0
2024-10-17,0.0,2.2,90.0,,,,,,,,,,0.0,1.5,100.0,0.0
2024-10-18,,,,,,,,,,,,,0.0,1.5,100.0,0.0
2024-10-19,,,,,,,,,,,,,0.0,1.5,100.0,0.0
2024-10-20,0.0,2.8,96.7,,,,,,,,,,0.0,1.4,100.0,0.0
2024-10-21,,,,,,,,,,0.0,0.0,100.0,0.0,1.0,100.0,0.0
2024-10-22,,,,0.0,0.0,99.4,,,,0.0,0.0,100.0,0.0,1.0,100.0,0.0
2024-10-23,,,,,,,,,,0.0,0.0,100.0,0.0,0.8,100.0,0.0
2024-10-24,0.0,2.8,97.4,,,,,,,,,,0.0,1.0,100.0,0.0
2024-10-25,0.0,4.0,97.4,,,,,,,,,,0.0,1.1,100.0,0.0
2024-10-26,,,,,,,,,,,,,0.0,1.1,100.0,0.0
2024-10-27,,,,0.0,0.0,67.5,,,,,,,0.0,0.8,100.0,0.0
2024-10-28,,,,,,,,,,,,,0.0,0.5,100.0,0.0
2024-10-29,0.0,2.7,92.5,,,,,,,,,,0.0,0.6,100.0,0.0
2024-10-30,,,,,,,,,,0.0,0.0,100.0,0.0,0.6,100.0,0.0
2024-10-31,,,,,,,,,,,,,0.0,0.5,100.0,0.0
2024-11-01,0.0,3.3,97.4,0.0,0.0,100.0,,,,0.0,0.0,100.0,0.0,0.3,100.0,0.0
2024-11-02,,,,,,,,,,,,,0.0,0.4,100.0,0.0
2024-11-03,,,,,,,0.0,0.0,98.7,,,,0.0,0.4,100.0,0.0
2024-11-04,,,,,,,0.0,0.0,99.4,,,,0.0,0.4,100.0,0.0
2024-11-05,0.0,2.4,97.6,,,,,,,,,,0.0,0.5,100.0,0.0
2024-11-06,0.0,3.1,97.2,0.0,0.0,100.0,,,,,,,0.0,0.6,100.0,0.0
2024-11-07,,,,,,,,,,,,,0.0,0.7,100.0,0.0
2024-11-08,,,,,,,,,,,,,0.0,0.7,100.0,0.0
2024-11-09,,,,,,,,,,,,,0.0,0.8,100.0,0.0
2024-11-10,0.0,2.1,91.8,,,,,,,,,,0.0,0.8,100.0,0.0
2024-11-11,,,,0.0,0.0,100.0,0.0,0.0,98.1,,,,0.0,0.9,100.0,0.0
2024-11-12,,,,,,,,,,,,,0.0,0.9,100.0,0.0
2024-11-13,0.0,2.6,97.8,,,,,,,0.0,0.0,100.0,0.0,1.0,100.0,0.0
2024-11-14,,,,,,,,,,,,,0.0,1.3,100.0,0.0
2024-11-15,,,,,,,,,,,,,0.0,2.1,100.0,0.0
2024-11-16,,,,0.0,0.1,100.0,,,,0.0,0.0,100.0,0.0,1.8,100.0,0.0
2024-11-17,0.1,2.0,98.1,,,,,,,,,,0.0,2.0,100.0,0.0
2024-11-18,0.1,2.2,97.7,,,,,,,,,,0.0,2.3,100.0,0.0
2024-11-19,,,,,,,,,,,,,0.0,3.9,100.0,0.0
2024-11-20,,,,,,,,,,,,,0.0,5.6,100.0,0.0
2024-11-21,,,,,,,,,,,,,0.0,4.0,100.0,0.0
2024-11-22,0.0,1.8,92.9,,,,,,,,,,0.0,3.3,100.0,0.0
2024-11-23,,,,,,,,,,,,,0.0,3.8,100.0,0.0
2024-11-24,,,,,,,,,,,,,0.0,4.2,100.0,0.0
2024-11-25,0.3,2.7,97.8,,,,,,,0.0,0.0,100.0,0.0,2.8,100.0,0.0
2024-11-26,,,,0.0,0.4,91.2,,,,,,,0.0,3.4,100.0,0.0
2024-11-27,,,,,,,0.0,0.1,39.8,0.0,0.0,100.0,0.0,3.5,100.0,0.0
2024-11-28,,,,,,,,,,,,,0.0,3.9,100.0,0.0
2024-11-29,0.4,3.2,97.5,,,,,,,0.0,0.1,100.0,0.0,2.6,100.0,0.0
2024-11-30,,,,,,,,,,0.0,0.4,100.0,0.0,3.3,100.0,0.0
2024-12-01,,,,0.0,1.5,100.0,,,,,,,0.0,4.4,100.0,0.0
2024-12-02,,,,,,,,,,0.0,2.1,100.0,0.0,3.8,100.0,0.0
2024-12-03,,,,,,,,,,0.0,3.4,100.0,0.0,3.6,100.0,0.0
2024-12-04,0.4,3.6,93.3,,,,,,,0.0,4.3,100.0,0.0,4.6,100.0,0.0
2024-12-05,,,,,,,0.0,1.0,99.4,,,,0.0,6.7,100.0,0.0
2024-12-06,,,,,,,100.0,80.9,35.0,0.0,4.2,100.0,0.0,5.6,100.0,0.0
2024-12-07,1.3,5.3,97.1,,,,,,,0.2,6.8,100.0,0.0,4.7,100.0,0.0
2024-12-08,,,,,,,,,,0.0,5.9,100.0,0.0,4.8,100.0,0.0
2024-12-09,,,,,,,,,,0.1,8.2,100.0,0.0,7.6,100.0,0.0
2024-12-10,,,,,,,,,,0.5,8.7,100.0,0.0,6.7,100.0,0.0
2024-12-11,2.0,6.1,97.1,0.1,2.2,100.0,,,,,,,0.0,6.6,100.0,0.0
2024-12-12,1.2,6.6,94.4,,,,,,,2.7,13.4,100.0,0.0,6.0,100.0,0.0
2024-12-13,,,,,,,9.9,14.0,100.0,,,,0.0,9.1,100.0,0.0
2024-12-14,,,,,,,,,,,,,0.0,8.6,100.0,0.0
2024-12-15,,,,,,,,,,,,,0.0,8.2,100.0,0.0
2024-12-16,0.3,7.0,89.2,0.2,3.5,100.0,,,,1.0,15.1,100.0,0.0,7.3,100.0,0.0
2024-12-17,,,,,,,,,,4.1,22.0,100.0,0.0,10.0,100.0,0.0
2024-12-18,,,,,,,,,,9.4,25.6,100.0,0.0,9.0,100.0,0.0
2024-12-19,1.0,8.5,92.1,,,,,,,,,,0.0,10.2,100.0,0.0
2024-12-20,,,,,,,,,,9.0,26.1,94.6,0.0,11.1,100.0,0.0
2024-12-21,,,,0.1,2.5,100.0,13.5,21.4,97.9,,,,0.0,17.6,100.0,0.0
2024-12-22,,,,,,,,,,0.7,15.9,100.0,0.0,15.9,100.0,0.0
2024-12-23,1.8,10.4,93.4,,,,,,,0.9,15.4,100.0,0.0,20.2,100.0,0.0
2024-12-24,2.0,15.2,91.9,,,,,,,,,,0.0,26.1,100.0,0.0
2024-12-25,,,,,,,,,,,,,0.5,37.6,100.0,0.5
2024-12-26,,,,0.3,2.9,100.0,,,,0.9,17.5,100.0,1.8,40.3,100.0,1.8
2024-12-27,,,,,,,,,,14.2,34.6,100.0,5.8,48.1,100.0,5.8
2024-12-28,6.0,20.7,88.7,,,,,,,,,,33.7,57.0,100.0,33.7
2024-12-29,,,,,,,,,,,,,70.6,61.4,100.0,70.6
2024-12-30,,,,,,,90.4,75.0,100.0,,,,87.3,66.6,100.0,87.3
2024-12-31,24.8,33.4,92.4,5.8,14.1,100.0,,,,,,,91.7,69.5,100.0,91.7
2025-01-01,,,,,,,,,,84.5,63.7,100.0,93.0,70.8,100.0,93.0
2025-01-02,,,,,,,,,,,,,93.5,71.9,100.0,93.5
2025-01-03,,,,,,,,,,,,,95.2,74.4,100.0,95.2
2025-01-04,42.4,41.2,91.1,,,,,,,,,,98.4,77.5,100.0,98.4
2025-01-05,61.5,47.6,92.6,,,,,,,,,,99.7,80.3,100.0,99.7
2025-01-06,,,,,,,,,,,,,99.4,80.8,100.0,99.4
2025-01-07,,,,,,,,,,,,,99.2,80.3,100.0,99.2
2025-01-08,,,,,,,,,,100.0,91.1,100.0,99.4,83.2,100.0,99.4
2025-01-09,84.4,58.9,89.8,,,,,,,,,,99.8,83.7,100.0,99.8
2025-01-10,,,,96.1,87.8,100.0,,,,,,,99.8,85.0,100.0,99.8
2025-01-11,,,,,,,,,,,,,100.0,86.0,100.0,100.0
2025-01-12,95.1,69.7,98.2,,,,,,,,,,100.0,90.1,100.0,100.0
2025-01-13,,,,,,,,,,100.0,95.0,100.0,100.0,91.1,100.0,100.0
2025-01-14,,,,,,,100.0,99.9,100.0,,,,100.0,94.2,100.0,100.0
2025-01-15,,,,,,,,,,100.0,97.0,100.0,100.0,94.0,100.0,100.0
2025-01-16,98.6,77.8,95.2,,,,,,,,,,100.0,96.2,100.0,100.0
2025-01-17,99.6,81.2,94.4,,,,,,,,,,100.0,96.9,100.0,100.0
2025-01-18,,,,,,,,,,,,,100.0,96.7,100.0,100.0
2025-01-19,,,,,,,,,,,,,100.0,96.3,100.0,100.0
2025-01-20,,,,,,,,,,,,,100.0,97.4,100.0,100.0
2025-01-21,99.5,84.9,89.6,,,,,,,,,,100.0,97.7,100.0,100.0
2025-01-22,,,,,,,,,,,,,100.0,97.3,100.0,100.0
2025-01-23,,,,,,,,,,100.0,98.2,100.0,100.0,96.8,100.0,100.0
2025-01-24,99.9,89.1,92.8,,,,,,,100.0,98.0,100.0,100.0,97.0,100.0,100.0
2025-01-25,,,,99.7,96.2,100.0,,,,,,,100.0,97.3,100.0,100.0
2025-01-26,,,,,,,,,,,,,100.0,96.2,100.0,100.0
2025-01-27,,,,,,,,,,,,,100.0,95.6,100.0,100.0
2025-01-28,99.7,88.9,98.4,,,,,,,,,,100.0,95.9,100.0,100.0
2025-01-29,99.9,90.0,97.1,,,,,,,100.0,98.8,100.0,100.0,95.8,100.0,100.0
2025-01-30,,,,,,,,,,,,,100.0,95.3,100.0,100.0
2025-01-31,,,,,,,,,,100.0,98.8,100.0,100.0,95.3,100.0,100.0
2025-02-01,,,,,,,,,,100.0,98.3,100.0,100.0,96.2,100.0,100.0
2025-02-02,99.6,88.0,90.3,,,,,,,,,,100.0,96.5,100.0,100.0
2025-02-03,,,,,,,,,,,,,100.0,96.1,100.0,100.0
2025-02-04,,,,99.9,93.3,100.0,,,,100.0,97.1,100.0,100.0,97.0,100.0,100.0
2025-02-05,99.7,90.0,93.5,,,,,,,100.0,95.9,100.0,100.0,97.1,100.0,100.0
2025-02-06,,,,,,,,,,99.9,92.3,100.0,100.0,96.7,100.0,100.0
2025-02-07,,,,,,,100.0,100.0,81.2,,,,100.0,97.1,100.0,100.0
2025-02-08,,,,,,,100.0,99.9,99.8,99.9,91.9,100.0,100.0,97.2,100.0,100.0
2025-02-09,99.0,87.4,95.0,97.5,93.2,99.4,,,,,,,100.0,97.4,100.0,100.0
2025-02-10,97.8,86.2,94.6,,,,,,,,,,100.0,96.2,100.0,100.0
2025-02-11,,,,,,,,,,99.9,91.3,100.0,100.0,96.1,100.0,100.0
2025-02-12,,,,,,,,,,,,,100.0,95.9,100.0,100.0
2025-02-13,,,,,,,,,,,,,100.0,95.5,100.0,100.0
2025-02-14,91.8,80.8,90.2,,,,,,,99.9,90.1,100.0,100.0,94.8,100.0,100.0
2025-02-15,,,,,,,100.0,100.0,99.9,,,,100.0,95.9,100.0,100.0
2025-02-16,,,,,,,100.0,99.9,100.0,,,,100.0,96.1,100.0,100.0
2025-02-17,92.0,81.6,90.3,,,,,,,99.8,85.6,100.0,100.0,95.8,100.0,100.0
2025-02-18,,,,,,,,,,99.9,87.1,100.0,100.0,94.7,100.0,100.0
2025-02-19,,,,98.9,89.9,100.0,,,,,,,100.0,96.2,100.0,100.0
2025-02-20,,,,,,,,,,100.0,88.9,100.0,100.0,94.0,100.0,100.0
2025-02-21,90.2,78.3,93.2,,,,,,,,,,100.0,94.0,100.0,100.0
2025-02-22,88.4,75.8,94.4,,,,,,,100.0,90.6,100.0,100.0,92.4,100.0,100.0
2025-02-23,,,,,,,,,,,,,100.0,92.0,100.0,100.0
2025-02-24,,,,87.4,76.7,96.7,,,,,,,100.0,88.7,100.0,100.0
2025-02-25,,,,,,,,,,100.0,88.3,100.0,99.6,86.3,100.0,99.6
2025-02-26,72.1,63.1,86.9,,,,,,,,,,94.1,80.9,100.0,94.1
2025-02-27,,,,,,,,,,99.6,85.9,100.0,93.5,81.2,100.0,93.5
2025-02-28,,,,,,,,,,94.7,77.6,100.0,90.4,79.3,100.0,90.4
2025-03-01,72.1,64.0,90.0,86.2,73.7,100.0,,,,,,,92.3,82.1,100.0,92.3
2025-03-02,,,,,,,,,,,,,87.0,77.6,100.0,87.0
2025-03-03,,,,,,,90.1,88.4,99.4,,,,89.1,79.9,100.0,89.1
2025-03-04,,,,,,,90.2,86.7,95.5,,,,86.8,78.0,100.0,86.8
2025-03-05,66.1,57.5,91.9,,,,,,,,,,85.3,75.7,100.0,85.3
2025-03-06,62.4,53.7,94.9,61.3,60.3,100.0,,,,,,,81.3,72.4,100.0,81.3
2025-03-07,,,,,,,,,,,,,79.9,70.0,100.0,79.9
2025-03-08,,,,,,,,,,,,,78.3,68.0,100.0,78.3
2025-03-09,,,,,,,,,,,,,75.9,65.5,100.0,75.9
2025-03-10,42.6,37.4,88.7,,,,,,,,,,63.0,57.5,100.0,63.0
2025-03-11,,,,,,,,,,76.7,62.8,100.0,56.4,56.2,100.0,56.4
2025-03-12,,,,,,,,,,,,,20.9,48.0,100.0,20.9
2025-03-13,44.0,38.7,94.3,,,,,,,74.4,57.4,89.2,12.4,43.2,100.0,12.4
2025-03-14,,,,,,,,,,35.7,41.9,100.0,0.6,29.0,100.0,0.6
2025-03-15,,,,,,,,,,3.7,24.8,59.5,2.0,31.4,100.0,2.0
2025-03-16,,,,,,,,,,,,,0.6,25.4,100.0,0.6
2025-03-17,39.9,35.2,97.4,,,,,,,,,,1.3,25.3,100.0,1.3
2025-03-18,39.3,33.4,92.6,13.6,26.0,100.0,,,,,,,0.0,20.0,100.0,0.0
2025-03-19,,,,,,,63.5,59.3,92.1,,,,1.7,27.8,100.0,1.7
2025-03-20,,,,,,,52.4,44.6,74.8,,,,0.3,24.0,100.0,0.3
2025-03-21,,,,,,,,,,,,,0.2,23.6,100.0,0.2
2025-03-22,14.5,21.3,91.5,,,,,,,3.6,17.5,100.0,0.0,15.4,100.0,0.0
2025-03-23,,,,,,,,,,,,,0.0,19.7,100.0,0.0
2025-03-24,,,,,,,,,,0.1,7.2,100.0,0.0,14.6,100.0,0.0
2025-03-25,28.6,27.8,99.5,,,,,,,0.0,6.7,100.0,0.0,15.2,100.0,0.0
2025-03-26,,,,0.0,6.0,99.2,,,,0.0,5.3,100.0,0.0,10.6,100.0,0.0
2025-03-27,,,,,,,,,,,,,0.0,13.4,100.0,0.0
2025-03-28,,,,0.0,6.4,100.0,,,,,,,0.0,12.5,100.0,0.0
2025-03-29,23.4,25.0,99.1,,,,,,,,,,0.0,12.6,100.0,0.0
2025-03-30,36.4,32.4,99.4,,,,,,,0.0,2.9,100.0,0.0,10.1,100.0,0.0
2025-03-31,,,,,,,,,,,,,0.0,11.7,100.0,0.0
2025-04-01,,,,,,,,,,,,,0.0,12.5,100.0,0.0
2025-04-02,,,,,,,,,,0.0,2.6,100.0,0.0,10.9,100.0,0.0
2025-04-03,12.6,20.9,90.0,,,,,,,,,,0.0,10.8,100.0,0.0
2025-04-04,,,,,,,,,,0.0,1.9,100.0,0.0,11.0,100.0,0.0
2025-04-05,,,,0.0,6.1,100.0,0.1,4.5,40.6,,,,0.0,13.0,100.0,0.0
2025-04-06,27.0,28.8,98.7,,,,,,,,,,0.0,11.7,100.0,0.0
2025-04-07,,,,0.0,3.8,100.0,,,,0.0,1.4,100.0,0.0,10.7,100.0,0.0
2025-04-08,,,,,,,,,,,,,0.0,12.1,100.0,0.0
2025-04-09,,,,,,,,,,,,,0.0,13.3,100.0,0.0
2025-04-10,12.9,20.6,95.3,0.0,1.9,100.0,,,,0.0,2.2,100.0,0.0,10.8,100.0,0.0
2025-04-11,25.0,28.9,99.1,,,,,,,0.0,1.0,100.0,0.0,9.6,100.0,0.0
2025-04-12,,,,,,,,,,0.0,0.5,100.0,0.0,9.5,100.0,0.0
2025-04-13,,,,,,,,,,,,,0.0,10.8,100.0,0.0
2025-04-14,,,,,,,,,,,,,0.0,8.3,100.0,0.0
2025-04-15,6.7,18.9,89.7,,,,,,,0.0,0.3,100.0,0.0,7.7,100.0,0.0
2025-04-16,,,,,,,,,,,,,0.0,7.9,100.0,0.0
2025-04-17,,,,,,,,,,,,,0.0,7.8,100.0,0.0
2025-04-18,12.9,21.2,96.3,,,,,,,0.0,0.2,100.0,0.0,6.9,100.0,0.0
2025-04-19,,,,,,,,,,,,,0.0,6.7,100.0,0.0
2025-04-20,,,,,,,,,,,,,0.0,7.4,100.0,0.0
2025-04-21,,,,,,,,,,,,,0.0,8.3,100.0,0.0
2025-04-22,5.9,14.8,97.1,,,,,,,0.0,0.1,100.0,0.0,8.0,100.0,0.0
2025-04-23,8.1,16.6,98.0,,,,,,,0.0,0.0,100.0,0.0,6.3,100.0,0.0
2025-04-24,,,,,,,,,,,,,0.0,7.3,100.0,0.0
2025-04-25,,,,,,,,,,,,,0.0,5.3,100.0,0.0
2025-04-26,,,,,,,,,,,,,0.0,5.7,100.0,0.0
2025-04-27,1.7,12.1,91.3,,,,,,,0.0,0.0,100.0,0.0,3.4,100.0,0.0
2025-04-28,,,,,,,,,,0.0,0.0,100.0,0.0,4.4,100.0,0.0
2025-04-29,,,,,,,,,,0.0,0.0,100.0,0.0,3.3,100.0,0.0
2025-04-30,3.9,11.6,93.3,0.0,0.1,100.0,,,,,,,0.0,4.5,100.0,0.0
2025-05-01,,,,,,,,,,0.0,0.0,100.0,0.0,2.3,100.0,0.0
2025-05-02,,,,,,,,,,0.0,0.0,100.0,0.0,2.7,100.0,0.0
2025-05-03,0.8,6.9,89.5,,,,,,,0.0,0.2,100.0,0.0,2.3,100.0,0.0
2025-05-04,3.9,9.0,97.3,,,,,,,,,,0.0,2.5,100.0,0.0
2025-05-05,4.2,8.3,97.0,,,,,,,,,,0.0,1.6,100.0,0.0
2025-05-06,3.8,9.1,97.2,,,,,,,0.0,0.9,99.4,0.0,1.7,100.0,0.0
2025-05-07,,,,,,,,,,,,,0.0,1.8,100.0,0.0
2025-05-08,,,,,,,,,,,,,0.0,1.9,100.0,0.0
2025-05-09,0.9,6.7,89.5,,,,,,,,,,0.0,1.5,100.0,0.0
2025-05-10,4.6,11.4,98.3,0.0,0.0,100.0,,,,,,,0.0,1.7,100.0,0.0
2025-05-11,4.2,11.7,96.8,,,,,,,,,,0.0,1.5,100.0,0.0
2025-05-12,5.8,12.8,95.2,,,,,,,,,,0.0,1.5,100.0,0.0
2025-05-13,,,,,,,,,,,,,0.0,1.1,100.0,0.0
2025-05-14,,,,,,,,,,,,,0.0,1.1,100.0,0.0
2025-05-15,1.3,8.6,87.6,0.0,0.0,56.7,,,,0.0,1.4,64.8,0.0,1.0,100.0,0.0
2025-05-16,3.6,11.0,92.6,,,,,,,0.0,2.8,76.2,0.0,1.1,100.0,0.0
2025-05-17,1.9,9.1,91.3,,,,,,,,,,0.0,0.8,100.0,0.0
2025-05-18,1.0,8.1,89.6,,,,,,,,,,0.0,0.9,100.0,0.0
2025-05-19,,,,,,,,,,,,,0.0,0.9,100.0,0.0
2025-05-20,,,,,,,,,,,,,0.0,1.1,100.0,0.0
2025-05-21,1.1,6.3,85.2,,,,,,,,,,0.0,0.8,100.0,0.0
2025-05-22,1.5,8.2,91.8,,,,,,,,,,0.0,0.8,100.0,0.0
2025-05-23,0.9,7.7,90.7,,,,,,,,,,0.0,0.9,100.0,0.0
2025-05-24,0.7,6.3,87.7,,,,,,,0.0,3.8,100.0,0.0,1.0,100.0,0.0
2025-05-25,,,,,,,,,,,,,0.0,0.7,100.0,0.0
2025-05-26,,,,,,,,,,,,,0.0,0.8,100.0,0.0
2025-05-27,0.3,5.9,85.7,,,,,,,,,,0.0,0.8,100.0,0.0
2025-05-28,0.7,7.5,92.1,,,,,,,,,,0.0,1.0,100.0,0.0
2025-05-29,0.1,7.3,90.3,,,,,,,,,,0.0,0.8,100.0,0.0
2025-05-30,0.0,4.7,86.0,0.0,0.0,100.0,,,,0.0,2.4,100.0,0.0,1.0,100.0,0.0
2025-05-31,,,,,,,0.0,0.0,30.3,0.0,1.9,100.0,0.0,0.8,100.0,0.0
2025-06-01,,,,,,,,,,,,,0.0,1.2,100.0,0.0
2025-06-02,0.0,3.8,85.6,,,,,,,,,,0.0,0.9,100.0,0.0
2025-06-03,0.4,4.4,92.9,,,,,,,,,,0.0,1.2,100.0,0.0
2025-06-04,0.3,3.3,88.9,,,,,,,0.0,2.5,58.2,0.0,1.0,100.0,0.0
2025-06-05,0.5,3.3,90.1,,,,,,,,,,0.0,1.2,100.0,0.0
2025-06-06,,,,,,,,,,,,,0.0,1.1,100.0,0.0
2025-06-07,,,,,,,,,,,,,0.0,1.6,100.0,0.0
2025-06-08,0.0,2.1,85.2,,,,,,,0.0,0.4,100.0,0.0,1.5,100.0,0.0
2025-06-09,0.3,3.6,91.9,0.0,0.1,100.0,,,,,,,0.0,2.0,100.0,0.0
2025-06-10,1.5,3.5,90.7,,,,,,,,,,0.0,1.3,100.0,0.0
2025-06-11,1.3,3.2,86.6,,,,,,,0.0,0.1,100.0,0.0,1.4,100.0,0.0
2025-06-12,,,,,,,,,,0.0,0.0,100.0,0.0,1.6,100.0,0.0
2025-06-13,,,,,,,,,,0.0,0.0,100.0,0.0,1.4,100.0,0.0
2025-06-14,0.2,2.8,84.6,0.0,0.1,98.3,,,,0.0,0.0,100.0,0.0,1.2,100.0,0.0
2025-06-15,2.0,6.4,91.3,,,,,,,0.0,0.0,100.0,0.0,1.0,100.0,0.0
2025-06-16,2.4,6.1,90.5,,,,,,,,,,0.0,1.4,100.0,0.0
2025-06-17,2.3,6.9,89.2,,,,,,,0.0,0.0,100.0,0.0,1.1,100.0,0.0
2025-06-18,,,,,,,,,,0.0,0.0,100.0,0.0,0.9,100.0,0.0
2025-06-19,,,,0.0,0.0,100.0,,,,,,,0.0,0.8,100.0,0.0
2025-06-20,1.6,8.1,85.7,,,,,,,,,,0.0,0.9,100.0,0.0
2025-06-21,4.4,11.6,91.2,,,,,,,0.0,0.0,100.0,0.0,0.7,100.0,0.0
2025-06-22,4.9,12.1,90.1,,,,,,,,,,0.0,0.6,100.0,0.0
2025-06-23,,,,,,,,,,,,,0.0,0.6,100.0,0.0
2025-06-24,,,,,,,0.0,0.0,60.6,,,,0.0,0.8,100.0,0.0
2025-06-25,,,,,,,,,,,,,0.0,0.7,100.0,0.0
2025-06-26,4.4,12.7,86.6,0.0,0.0,50.8,,,,0.0,0.0,100.0,0.0,0.4,100.0,0.0
2025-06-27,11.0,19.8,92.6,,,,,,,0.0,0.0,100.0,0.0,0.5,100.0,0.0
2025-06-28,10.4,19.7,90.0,,,,,,,,,,0.0,0.6,100.0,0.0
2025-06-29,10.3,19.6,88.1,,,,,,,,,,0.0,0.6,100.0,0.0
2025-06-30,,,,,,,,,,,,,0.0,0.4,100.0,0.0
2025-07-01,,,,,,,,,,0.0,0.0,100.0,0.0,0.6,100.0,0.0
2025-07-02,5.7,15.6,85.7,,,,,,,0.0,0.0,100.0,0.0,0.9,100.0,0.0
2025-07-03,12.1,19.8,91.0,,,,,,,0.0,0.0,100.0,0.0,0.9,100.0,0.0
2025-07-04,11.2,18.7,90.3,0.0,0.0,81.8,,,,0.0,0.0,100.0,0.0,0.7,100.0,0.0
2025-07-05,14.1,19.6,88.1,,,,,,,,,,0.0,0.9,100.0,0.0
2025-07-06,,,,,,,,,,,,,0.0,0.9,100.0,0.0
2025-07-07,,,,,,,,,,,,,0.0,1.0,100.0,0.0
2025-07-08,13.0,19.2,84.6,,,,,,,,,,0.0,0.8,100.0,0.0
2025-07-09,26.7,30.0,91.6,,,,,,,,,,0.0,1.0,100.0,0.0
2025-07-10,27.7,32.3,91.7,,,,,,,0.0,0.0,100.0,0.0,0.9,100.0,0.0
2025-07-11,22.5,30.7,89.4,,,,,,,,,,0.0,1.0,100.0,0.0
2025-07-12,,,,,,,,,,,,,0.0,0.9,100.0,0.0
2025-07-13,,,,,,,,,,,,,0.0,0.9,100.0,0.0
2025-07-14,16.8,27.8,85.7,,,,,,,,,,0.0,0.7,100.0,0.0
2025-07-15,29.0,35.2,92.9,,,,,,,,,,0.0,0.8,100.0,0.0
2025-07-16,23.6,31.0,91.2,,,,,,,,,,0.0,0.6,100.0,0.0
2025-07-17,19.7,29.4,87.9,,,,,,,,,,0.0,0.5,100.0,0.0
2025-07-18,,,,,,,,,,,,,0.0,0.2,100.0,0.0
2025-07-19,,,,0.0,0.0,36.9,,,,,,,0.0,0.3,100.0,0.0
2025-07-20,17.7,28.1,84.8,,,,,,,,,,0.0,0.4,100.0,0.0
2025-07-21,20.8,29.5,91.8,,,,,,,,,,0.0,0.4,100.0,0.0
2025-07-22,16.5,24.2,91.9,,,,,,,,,,0.0,0.3,100.0,0.0
2025-07-23,10.2,19.8,88.5,,,,,,,,,,0.0,0.4,100.0,0.0
2025-07-24,,,,,,,,,,,,,0.0,0.4,100.0,0.0
2025-07-25,,,,,,,,,,,,,0.0,0.3,100.0,0.0
2025-07-26,6.7,17.3,84.0,,,,,,,,,,0.0,0.2,100.0,0.0
2025-07-27,13.6,21.1,91.3,,,,,,,,,,0.0,0.3,100.0,0.0
2025-07-28,10.6,18.0,90.2,,,,,,,,,,0.0,0.3,100.0,0.0
2025-07-29,11.9,19.9,89.6,,,,,,,0.0,0.0,80.0,0.0,0.3,100.0,0.0
2025-07-30,,,,,,,,,,,,,0.0,0.4,100.0,0.0
2025-07-31,,,,,,,,,,,,,0.0,0.4,100.0,0.0
2025-08-01,8.5,17.8,86.1,,,,,,,,,,0.0,0.7,100.0,0.0
2025-08-02,13.7,22.5,92.6,,,,,,,,,,0.0,0.9,100.0,0.0
2025-08-03,7.4,14.5,91.9,,,,,,,,,,0.0,0.9,100.0,0.0
2025-08-04,5.8,12.1,89.8,,,,,,,,,,0.0,0.6,100.0,0.0
2025-08-05,,,,,,,,,,,,,0.0,0.8,100.0,0.0
2025-08-06,,,,,,,,,,,,,0.0,0.9,100.0,0.0
2025-08-07,,,,,,,,,,0.0,0.0,100.0,0.0,0.8,100.0,0.0
2025-08-08,7.6,12.8,91.7,0.0,0.0,100.0,,,,,,,0.0,0.6,100.0,0.0
2025-08-09,7.3,11.9,90.6,,,,,,,0.0,0.0,100.0,0.0,0.6,100.0,0.0
2025-08-10,7.6,12.4,87.4,,,,,,,0.0,0.0,100.0,0.0,0.5,100.0,0.0
2025-08-11,,,,,,,0.0,0.0,51.6,0.0,0.0,100.0,0.0,0.4,100.0,0.0
2025-08-12,,,,,,,,,,0.0,0.0,100.0,0.0,0.3,100.0,0.0
2025-08-13,5.1,11.1,84.2,0.0,0.0,100.0,,,,,,,0.0,0.4,100.0,0.0
2025-08-14,10.5,18.2,91.4,,,,,,,0.0,0.0,100.0,0.0,0.2,100.0,0.0
2025-08-15,9.5,17.2,90.7,0.0,0.0,100.0,,,,0.0,0.0,100.0,0.0,0.2,100.0,0.0
2025-08-16,11.6,18.4,83.2,,,,,,,0.0,0.0,98.7,0.0,0.2,100.0,0.0
2025-08-17,,,,,,,,,,,,,0.0,0.2,100.0,0.0
2025-08-18,,,,0.0,0.0,100.0,0.0,0.0,48.0,,,,0.0,0.2,100.0,0.0
2025-08-19,10.7,18.4,81.1,,,,,,,,,,0.0,0.2,100.0,0.0
2025-08-20,21.1,25.3,85.7,,,,,,,,,,0.0,0.2,100.0,0.0
2025-08-21,10.1,16.2,83.0,,,,,,,,,,0.0,0.2,100.0,0.0
2025-08-22,8.1,14.1,81.8,,,,,,,,,,0.0,0.2,100.0,0.0
2025-08-23,,,,,,,,,,,,,0.0,0.1,100.0,0.0
2025-08-24,,,,,,,,,,,,,0.0,0.1,100.0,0.0
2025-08-25,6.1,13.0,80.5,0.0,0.0,100.0,,,,,,,0.0,0.1,100.0,0.0
2025-08-26,9.2,15.3,85.0,,,,0.0,0.0,59.1,0.0,0.0,100.0,0.0,0.1,100.0,0.0
2025-08-27,6.3,12.1,82.3,,,,,,,,,,0.0,0.1,100.0,0.0
2025-08-28,4.1,9.6,83.0,,,,,,,,,,0.0,0.0,100.0,0.0
2025-08-29,,,,,,,,,,,,,0.0,0.1,100.0,0.0
2025-08-30,,,,,,,,,,,,,0.0,0.1,100.0,0.0
2025-08-31,3.7,9.2,81.2,,,,,,,,,,0.0,0.0,100.0,0.0
2025-09-01,6.0,11.3,85.1,,,,,,,,,,0.0,0.0,100.0,0.0
2025-09-02,6.3,11.6,86.7,,,,,,,,,,0.0,0.1,100.0,0.0
2025-09-03,3.2,9.4,83.4,,,,0.0,0.0,99.1,,,,0.0,0.0,100.0,0.0
2025-09-04,,,,0.0,0.0,100.0,0.0,0.0,98.8,,,,0.0,0.0,100.0,0.0
2025-09-05,,,,,,,,,,0.0,0.0,100.0,0.0,0.0,100.0,0.0
2025-09-06,3.6,9.9,82.6,,,,,,,,,,0.0,0.1,100.0,0.0
2025-09-07,4.1,12.3,86.7,0.0,0.0,100.0,,,,,,,0.0,0.0,100.0,0.0
2025-09-08,4.1,9.0,87.2,,,,,,,,,,0.0,0.1,100.0,0.0
2025-09-09,1.6,5.9,84.1,,,,,,,0.0,0.0,100.0,0.0,0.0,100.0,0.0
2025-09-10,,,,,,,,,,,,,0.0,0.1,100.0,0.0
2025-09-11,,,,,,,0.0,0.0,92.2,0.0,0.0,100.0,0.0,0.0,100.0,0.0
2025-09-12,0.9,4.9,82.0,,,,,,,,,,0.0,0.1,100.0,0.0
2025-09-13,1.1,5.9,85.8,,,,,,,,,,0.0,0.0,100.0,0.0
2025-09-14,0.5,5.6,84.8,0.0,0.0,91.1,,,,,,,0.0,0.1,100.0,0.0
2025-09-15,0.4,3.7,81.4,,,,,,,,,,0.0,0.1,100.0,0.0
2025-09-16,,,,,,,,,,,,,0.0,0.1,100.0,0.0
2025-09-17,,,,0.0,0.0,100.0,,,,0.0,0.0,100.0,0.0,0.1,100.0,0.0
2025-09-18,0.3,3.5,81.5,,,,,,,0.0,0.0,100.0,0.0,0.1,100.0,0.0
2025-09-19,0.6,4.4,85.9,,,,0.0,0.0,66.3,,,,0.0,0.1,100.0,0.0
2025-09-20,0.7,4.3,84.0,,,,0.0,0.0,85.2,,,,0.0,0.1,100.0,0.0
2025-09-21,0.7,4.7,82.7,,,,,,,,,,0.0,0.1,100.0,0.0
2025-09-22,,,,,,,,,,,,,0.0,0.2,100.0,0.0
2025-09-23,,,,,,,,,,,,,0.0,0.3,100.0,0.0
2025-09-24,0.3,3.4,81.1,0.0,0.1,73.1,,,,,,,0.0,0.4,100.0,0.0
2025-09-25,0.4,4.5,87.2,,,,,,,,,,0.0,0.4,100.0,0.0
2025-09-26,0.8,5.4,86.4,,,,,,,,,,0.0,0.4,100.0,0.0
2025-09-27,1.2,6.8,84.7,,,,,,,,,,0.0,0.6,100.0,0.0
2025-09-28,,,,,,,0.0,0.0,41.7,,,,0.0,0.6,100.0,0.0
2025-09-29,,,,,,,,,,0.0,0.0,100.0,0.0,0.5,100.0,0.0
2025-09-30,0.3,6.1,82.3,,,,,,,,,,0.0,0.8,100.0,0.0
2025-10-01,1.0,11.5,86.4,,,,,,,,,,0.0,1.0,100.0,0.0
2025-10-02,0.7,11.3,86.6,0.0,0.0,100.0,,,,0.0,0.1,100.0,0.0,1.0,100.0,0.0
2025-10-03,0.4,10.1,84.8,,,,,,,0.0,0.3,100.0,0.0,1.0,100.0,0.0
2025-10-04,,,,,,,,,,0.0,0.3,100.0,0.0,1.0,100.0,0.0
2025-10-05,,,,,,,,,,,,,0.0,1.4,100.0,0.0
2025-10-06,0.0,5.5,82.8,,,,,,,0.0,0.4,100.0,0.0,1.2,100.0,0.0
2025-10-07,0.1,7.7,87.3,,,,,,,0.0,0.3,100.0,0.0,1.0,100.0,0.0
2025-10-08,0.1,7.4,86.3,,,,,,,0.0,0.4,100.0,0.0,0.9,100.0,0.0
2025-10-09,0.0,7.1,84.9,,,,,,,0.0,0.5,100.0,0.0,0.9,100.0,0.0
2025-10-10,,,,,,,,,,0.0,0.7,100.0,0.0,0.6,100.0,0.0
2025-10-11,,,,,,,,,,0.0,0.4,100.0,0.0,0.7,100.0,0.0
2025-10-12,0.0,3.7,80.5,0.0,0.0,100.0,,,,0.0,0.2,100.0,0.0,0.6,100.0,0.0
2025-10-13,0.0,5.2,86.9,,,,0.0,0.0,97.1,0.0,0.2,100.0,0.0,0.6,100.0,0.0
2025-10-14,0.0,4.4,85.7,0.0,0.0,100.0,0.0,0.0,98.1,0.0,0.2,100.0,0.0,0.5,100.0,0.0
2025-10-15,0.0,5.3,84.7,,,,,,,,,,0.0,0.7,100.0,0.0
2025-10-16,,,,,,,,,,,,,0.0,0.7,100.0,0.0
2025-10-17,,,,0.0,0.0,100.0,,,,0.0,0.5,99.2,0.0,0.6,100.0,0.0
2025-10-18,0.0,2.8,81.1,,,,,,,,,,0.0,1.2,100.0,0.0
2025-10-19,0.0,4.2,85.6,,,,,,,,,,0.0,1.1,100.0,0.0
2025-10-20,0.1,4.1,85.7,,,,,,,0.0,0.6,100.0,0.0,1.5,100.0,0.0
2025-10-21,0.1,2.7,83.1,,,,,,,0.0,0.2,100.0,0.0,1.4,100.0,0.0
2025-10-22,,,,,,,,,,,,,0.0,2.5,100.0,0.0
2025-10-23,,,,,,,,,,,,,0.0,1.9,100.0,0.0
2025-10-24,0.0,2.0,82.5,,,,,,,0.0,0.1,100.0,0.0,2.0,100.0,0.0
2025-10-25,0.0,2.4,86.6,,,,,,,0.0,0.2,100.0,0.0,2.0,100.0,0.0
2025-10-26,0.0,2.3,86.9,,,,,,,,,,0.0,2.2,100.0,0.0
2025-10-27,0.0,2.7,86.6,,,,,,,0.0,0.1,100.0,0.0,1.8,100.0,0.0
2025-10-28,,,,,,,,,,,,,0.0,2.2,100.0,0.0
2025-10-29,,,,,,,0.0,0.4,94.2,,,,0.0,2.1,100.0,0.0
2025-10-30,0.0,2.0,82.9,,,,,,,,,,0.0,3.0,100.0,0.0
2025-10-31,0.1,3.4,86.3,,,,,,,,,,0.0,3.9,100.0,0.0
2025-11-01,0.0,3.8,85.9,0.0,0.4,99.9,,,,,,,0.0,3.8,100.0,0.0
2025-11-02,0.3,4.0,71.3,,,,,,,,,,0.0,3.6,100.0,0.0
2025-11-03,,,,2.0,12.3,80.1,,,,,,,0.0,3.8,100.0,0.0
2025-11-04,,,,,,,,,,,,,0.0,4.4,100.0,0.0
2025-11-05,0.0,2.6,67.9,,,,,,,0.0,0.2,100.0,0.0,3.9,100.0,0.0
2025-11-06,0.0,3.8,70.0,0.0,1.6,100.0,,,,0.0,0.3,100.0,0.0,5.2,100.0,0.0
2025-11-07,0.1,2.6,68.4,,,,,,,,,,0.0,5.3,100.0,0.0
2025-11-08,0.0,3.0,68.0,,,,,,,,,,0.0,6.7,100.0,0.0
2025-11-09,,,,,,,,,,0.0,1.6,100.0,0.0,6.7,100.0,0.0
2025-11-10,,,,,,,,,,,,,0.0,9.3,100.0,0.0
2025-11-11,0.0,2.0,64.5,0.0,0.6,100.0,,,,,,,0.0,8.7,100.0,0.0
2025-11-12,0.1,3.2,69.3,,,,,,,0.0,3.7,100.0,0.0,9.3,100.0,0.0
2025-11-13,0.1,3.2,69.5,0.0,2.1,100.0,,,,,,,0.0,8.8,100.0,0.0
2025-11-14,0.4,4.0,69.5,,,,,,,,,,0.0,11.6,100.0,0.0
2025-11-15,,,,,,,,,,,,,0.0,12.1,100.0,0.0
2025-11-16,,,,,,,,,,,,,0.0,13.2,100.0,0.0
2025-11-17,,,,,,,,,,0.1,7.0,100.0,0.0,14.4,100.0,0.0
2025-11-18,0.1,7.3,70.3,,,,,,,1.7,12.1,100.0,0.0,20.1,100.0,0.0
2025-11-19,0.2,5.4,69.3,,,,,,,,,,0.0,23.8,100.0,0.0
2025-11-20,0.3,7.0,69.7,,,,,,,,,,0.0,27.2,100.0,0.0
2025-11-21,,,,,,,,,,16.5,27.7,100.0,0.0,27.2,100.0,0.0
2025-11-22,,,,,,,8.8,24.8,100.0,50.0,47.2,100.0,1.5,37.3,100.0,1.5
2025-11-23,0.0,6.7,68.1,19.6,26.1,100.0,86.8,73.8,100.0,,,,18.1,50.9,100.0,18.1
2025-11-24,0.5,11.6,71.0,,,,,,,,,,3.5,44.8,100.0,3.5
2025-11-25,1.1,11.9,72.2,,,,,,,89.0,73.7,100.0,15.6,49.1,100.0,15.6
2025-11-26,1.3,13.1,71.2,,,,,,,79.5,64.3,100.0,15.6,48.8,100.0,15.6
2025-11-27,,,,,,,,,,,,,57.0,59.9,100.0,57.0
2025-11-28,,,,,,,,,,,,,42.1,56.3,100.0,42.1
2025-11-29,0.1,10.3,68.8,,,,,,,72.9,60.0,100.0,52.5,58.9,100.0,52.5
2025-11-30,,,,,,,,,,65.5,52.9,98.9,31.9,53.2,100.0,31.9
2025-12-01,1.9,11.1,71.6,68.3,65.5,100.0,98.5,94.5,100.0,75.5,61.1,100.0,84.4,69.9,100.0,84.4
2025-12-02,,,,,,,,,,,,,46.4,57.8,100.0,46.4
2025-12-03,,,,44.9,47.9,100.0,,,,63.7,54.6,100.0,67.0,63.8,100.0,67.0
2025-12-04,,,,,,,,,,16.5,29.9,100.0,37.9,55.2,100.0,37.9
2025-12-05,0.6,8.0,68.5,,,,,,,,,,68.8,63.7,100.0,68.8
2025-12-06,1.8,10.3,70.9,,,,,,,,,,43.3,58.4,100.0,43.3
2025-12-07,2.6,8.6,71.7,,,,,,,25.7,36.1,100.0,51.7,60.7,100.0,51.7
2025-12-08,2.3,9.7,71.6,,,,,,,9.1,25.9,100.0,33.7,54.5,100.0,33.7
2025-12-09,,,,,,,85.8,83.3,100.0,,,,73.6,65.6,100.0,73.6
2025-12-10,,,,,,,,,,,,,44.9,55.8,100.0,44.9
2025-12-11,0.6,7.1,67.1,,,,,,,,,,60.6,62.1,100.0,60.6
2025-12-12,3.3,13.6,71.7,,,,,,,,,,49.7,56.5,100.0,49.7
2025-12-13,3.3,13.1,70.2,28.9,35.7,100.0,,,,,,,55.2,60.3,100.0,55.2
2025-12-14,9.4,22.7,71.1,,,,,,,,,,41.9,50.3,100.0,41.9
2025-12-15,,,,,,,,,,,,,44.6,52.0,100.0,44.6
2025-12-16,,,,,,,,,,,,,22.9,41.2,100.0,22.9
2025-12-17,2.5,16.3,68.9,,,,,,,3.2,18.5,100.0,19.3,40.1,100.0,19.3
2025-12-18,11.5,25.3,72.0,,,,,,,0.1,9.5,100.0,8.5,33.4,100.0,8.5
2025-12-19,6.8,17.4,90.9,,,,,,,,,,13.6,38.7,100.0,13.6
2025-12-20,9.2,20.4,88.2,,,,,,,0.3,6.7,100.0,7.6,33.8,100.0,7.6
2025-12-21,,,,19.6,27.0,100.0,,,,0.8,11.9,100.0,10.0,37.0,100.0,10.0
2025-12-22,,,,,,,,,,,,,7.8,36.7,100.0,7.8
2025-12-23,8.8,19.1,84.4,1.1,20.7,69.2,,,,,,,16.4,45.4,100.0,16.4
2025-12-24,25.2,29.1,89.4,,,,,,,1.9,15.8,100.0,14.7,45.6,100.0,14.7
2025-12-25,21.6,26.8,88.0,,,,77.3,77.1,100.0,5.0,20.2,100.0,45.3,56.8,100.0,45.3
2025-12-26,25.8,31.6,84.6,18.7,26.9,100.0,,,,9.9,27.4,100.0,60.4,62.1,100.0,60.4
2025-12-27,,,,,,,,,,42.8,41.8,100.0,81.4,68.5,100.0,81.4
2025-12-28,,,,,,,,,,,,,92.0,72.0,100.0,92.0
2025-12-29,23.0,29.8,84.2,,,,,,,,,,98.3,77.3,100.0,98.3
2025-12-30,39.8,40.9,89.9,,,,,,,,,,98.3,80.7,100.0,98.3
2025-12-31,35.8,39.0,89.3,55.5,56.2,100.0,,,,,,,99.7,85.6,100.0,99.7
2026-01-01,74.2,54.5,96.7,,,,98.4,90.0,100.0,,,,100.0,92.3,100.0,100.0
2026-01-02,,,,,,,,,,99.3,86.0,100.0,100.0,92.8,100.0,100.0
2026-01-03,,,,,,,,,,100.0,90.9,100.0,100.0,94.5,100.0,100.0
2026-01-04,83.0,59.2,92.0,,,,,,,,,,100.0,96.4,100.0,100.0
2026-01-05,95.1,75.5,97.1,98.8,96.5,100.0,,,,,,,100.0,97.5,100.0,100.0
2026-01-06,96.8,75.8,95.2,,,,,,,,,,100.0,97.4,100.0,100.0
2026-01-07,98.7,80.5,96.5,,,,,,,100.0,93.6,100.0,100.0,97.5,100.0,100.0
2026-01-08,,,,,,,,,,,,,100.0,97.8,100.0,100.0
2026-01-09,,,,,,,,,,,,,100.0,97.8,100.0,100.0
2026-01-10,98.4,79.2,93.6,,,,,,,,,,100.0,97.6,100.0,100.0
2026-01-11,99.1,83.9,98.4,,,,,,,,,,100.0,97.8,100.0,100.0
2026-01-12,99.5,84.3,97.6,,,,,,,100.0,95.2,100.0,100.0,97.9,100.0,100.0
2026-01-13,99.6,85.3,97.4,,,,,,,,,,100.0,98.0,100.0,100.0
2026-01-14,,,,,,,,,,,,,100.0,97.7,100.0,100.0
2026-01-15,,,,100.0,98.7,100.0,,,,,,,100.0,98.2,100.0,100.0
2026-01-16,99.7,86.5,92.9,,,,,,,,,,100.0,98.1,100.0,100.0
2026-01-17,99.8,87.4,97.0,,,,100.0,97.6,60.2,,,,100.0,98.2,100.0,100.0
2026-01-18,99.8,88.1,98.0,,,,100.0,99.8,100.0,100.0,98.2,100.0,100.0,98.3,100.0,100.0
2026-01-19,99.8,86.1,97.3,,,,,,,,,,100.0,98.5,100.0,100.0
2026-01-20,,,,99.5,97.6,100.0,,,,,,,100.0,98.5,100.0,100.0
2026-01-21,,,,,,,,,,,,,100.0,98.4,100.0,100.0
2026-01-22,98.9,84.5,93.9,,,,,,,,,,100.0,98.0,100.0,100.0
2026-01-23,98.9,85.5,97.1,,,,,,,,,,100.0,98.5,100.0,100.0
2026-01-24,98.8,84.4,97.6,,,,,,,,,,100.0,98.2,100.0,100.0
2026-01-25,98.9,86.7,96.3,,,,,,,,,,100.0,98.2,100.0,100.0
2026-01-26,,,,,,,,,,100.0,99.2,100.0,100.0,97.5,100.0,100.0
2026-01-27,,,,,,,,,,,,,100.0,98.1,100.0,100.0
2026-01-28,99.1,86.5,92.2,,,,,,,100.0,99.3,53.2,100.0,97.7,100.0,100.0
2026-01-29,99.6,89.0,98.3,,,,,,,,,,100.0,98.0,100.0,100.0
2026-01-30,98.9,87.2,94.3,99.2,98.4,62.2,,,,100.0,99.3,100.0,100.0,98.2,100.0,100.0
2026-01-31,99.3,88.2,94.9,,,,,,,100.0,98.9,100.0,100.0,98.4,100.0,100.0
2026-02-01,,,,,,,,,,100.0,98.5,100.0,100.0,98.4,100.0,100.0
2026-02-02,,,,,,,100.0,100.0,100.0,,,,100.0,98.9,100.0,100.0
2026-02-03,98.9,87.8,92.2,,,,,,,100.0,98.2,100.0,100.0,98.9,100.0,100.0
2026-02-04,99.5,89.4,96.2,,,,,,,,,,100.0,99.1,100.0,100.0
2026-02-05,99.3,88.1,93.9,,,,,,,,,,100.0,99.2,100.0,100.0
2026-02-06,99.1,86.4,92.2,,,,,,,100.0,97.9,100.0,100.0,99.1,100.0,100.0
2026-02-07,,,,,,,,,,,,,100.0,99.0,100.0,100.0
2026-02-08,,,,,,,,,,100.0,95.7,100.0,100.0,99.0,100.0,100.0
2026-02-09,99.6,88.1,91.6,100.0,98.8,100.0,,,,100.0,96.3,100.0,100.0,99.2,100.0,100.0
2026-02-10,99.5,88.8,95.6,,,,,,,,,,100.0,98.8,100.0,100.0
2026-02-11,99.6,88.2,93.8,,,,,,,,,,100.0,98.4,100.0,100.0
2026-02-12,98.0,77.6,93.6,,,,,,,,,,100.0,97.8,100.0,100.0
2026-02-13,,,,,,,,,,,,,100.0,97.1,100.0,100.0
2026-02-14,,,,99.9,98.3,40.0,,,,100.0,96.5,80.7,100.0,96.4,100.0,100.0
2026-02-15,94.6,72.0,90.1,,,,,,,,,,99.9,94.8,100.0,99.9
2026-02-16,86.4,65.0,95.7,,,,,,,100.0,93.7,100.0,99.7,93.1,100.0,99.7
2026-02-17,86.7,63.7,94.5,,,,,,,100.0,87.4,94.6,99.7,90.7,100.0,99.7
2026-02-18,69.8,54.5,94.1,,,,,,,,,,99.7,88.6,100.0,99.7
2026-02-19,,,,,,,,,,95.9,78.3,49.1,99.5,85.0,100.0,99.5
2026-02-20,,,,,,,,,,,,,99.5,85.6,100.0,99.5
2026-02-21,64.4,50.6,91.9,,,,,,,96.4,76.4,100.0,99.3,83.5,100.0,99.3
2026-02-22,75.4,57.0,96.9,,,,,,,96.7,78.3,100.0,99.6,85.3,100.0,99.6
2026-02-23,84.1,62.9,96.1,,,,,,,94.4,70.4,100.0,99.6,87.8,100.0,99.6
2026-02-24,99.0,77.4,99.0,,,,,,,,,,99.6,89.6,100.0,99.6
2026-02-25,,,,,,,,,,,,,99.6,89.5,100.0,99.6
2026-02-26,,,,,,,100.0,100.0,100.0,91.8,68.7,100.0,99.8,92.2,100.0,99.8
2026-02-27,97.8,77.2,93.4,,,,100.0,100.0,100.0,,,,100.0,93.5,100.0,100.0
2026-02-28,99.7,85.7,98.7,,,,,,,,,,100.0,92.8,100.0,100.0
2026-03-01,99.9,87.4,98.8,95.9,93.6,96.2,,,,84.6,65.4,100.0,99.9,93.3,100.0,99.9
2026-03-02,99.9,90.9,97.9,,,,,,,,,,99.9,92.8,100.0,99.9
2026-03-03,,,,,,,,,,,,,100.0,92.0,100.0,100.0
2026-03-04,,,,,,,,,,75.3,63.7,96.4,99.9,91.3,100.0,99.9
2026-03-05,99.9,89.7,92.7,,,,,,,,,,99.6,90.9,100.0,99.6
2026-03-06,100.0,89.6,97.1,94.6,86.9,100.0,100.0,99.7,100.0,,,,99.7,92.7,100.0,99.7
2026-03-07,99.9,87.2,97.2,,,,97.7,96.0,100.0,,,,99.4,90.8,100.0,99.4
2026-03-08,99.6,85.2,98.4,,,,,,,,,,97.5,88.2,100.0,97.5
2026-03-09,,,,,,,,,,,,,88.8,83.2,100.0,88.8
2026-03-10,,,,,,,,,,60.8,53.9,97.6,87.7,81.8,100.0,87.7
2026-03-11,98.4,82.7,92.7,94.0,74.0,100.0,,,,,,,83.1,77.7,100.0,83.1
2026-03-12,98.6,82.5,98.5,,,,,,,,,,78.6,73.1,100.0,78.6
2026-03-13,88.7,74.2,96.9,91.7,70.8,100.0,,,,46.1,44.5,100.0,74.5,68.9,100.0,74.5
2026-03-14,76.1,66.7,95.2,,,,,,,,,,71.1,66.1,100.0,71.1
2026-03-15,,,,,,,,,,,,,65.6,60.6,100.0,65.6
2026-03-16,,,,99.3,76.1,100.0,,,,,,,59.5,56.9,100.0,59.5
2026-03-17,68.1,61.1,92.1,,,,,,,51.8,47.5,100.0,56.9,54.4,100.0,56.9
2026-03-18,70.6,63.0,95.3,,,,,,,,,,54.7,53.3,100.0,54.7
2026-03-19,65.3,56.7,94.9,,,,,,,,,,56.0,53.1,100.0,56.0
2026-03-20,58.2,49.2,93.7,,,,,,,44.4,42.9,100.0,55.2,52.0,100.0,55.2
2026-03-21,,,,70.4,63.7,65.9,,,,,,,57.8,53.3,100.0,57.8
2026-03-22,,,,,,,,,,,,,55.8,52.1,100.0,55.8
2026-03-23,52.1,45.8,87.4,,,,,,,,,,56.4,51.9,100.0,56.4
2026-03-24,55.3,48.8,93.4,,,,,,,56.5,48.5,100.0,58.1,53.9,100.0,58.1
2026-03-25,53.6,46.1,93.9,,,,,,,53.1,47.8,100.0,56.8,52.2,100.0,56.8
2026-03-26,43.9,38.7,89.4,,,,,,,,,,58.6,54.6,100.0,58.6
2026-03-27,,,,,,,,,,,,,52.9,50.6,100.0,52.9
2026-03-28,,,,,,,,,,45.6,41.8,100.0,60.6,56.2,100.0,60.6
2026-03-29,40.5,35.8,88.1,,,,,,,31.1,35.1,100.0,49.7,49.2,100.0,49.7
2026-03-30,47.1,41.4,95.6,,,,,,,11.3,26.2,95.1,60.2,55.7,100.0,60.2
2026-03-31,43.4,38.0,94.0,,,,,,,0.5,13.2,100.0,41.2,44.4,100.0,41.2
2026-04-01,37.4,32.1,90.8,,,,,,,,,,59.3,53.2,100.0,59.3
2026-04-02,,,,,,,,,,2.3,11.4,100.0,10.3,36.2,100.0,10.3
2026-04-03,,,,,,,,,,,,,51.4,46.9,100.0,51.4
2026-04-04,29.6,26.2,89.8,,,,,,,2.7,7.4,100.0,0.3,27.2,100.0,0.3
2026-04-05,,,,9.5,31.2,100.0,,,,2.0,5.7,100.0,26.2,38.5,100.0,26.2
2026-04-06,42.3,35.4,97.6,,,,,,,0.3,2.9,100.0,0.0,18.5,100.0,0.0
2026-04-07,26.1,27.6,98.5,,,,58.9,56.2,99.7,0.2,1.5,100.0,1.5,30.3,100.0,1.5
2026-04-08,,,,,,,53.4,43.4,99.8,0.0,0.5,100.0,0.0,12.6,100.0,0.0
2026-04-09,,,,,,,,,,0.0,0.5,100.0,0.0,16.4,100.0,0.0
2026-04-10,14.6,23.2,95.0,,,,,,,,,,0.0,7.9,100.0,0.0
2026-04-11,12.5,23.0,97.6,,,,,,,,,,0.0,11.3,100.0,0.0
2026-04-12,17.2,26.2,96.9,,,,,,,0.0,0.3,100.0,0.0,4.7,100.0,0.0
2026-04-13,8.6,19.6,98.3,,,,,,,,,,0.0,6.4,100.0,0.0
2026-04-14,,,,,,,,,,0.0,0.2,100.0,0.0,3.9,100.0,0.0
2026-04-15,,,,1.4,13.0,100.0,8.5,17.3,98.5,,,,0.0,5.7,100.0,0.0
2026-04-16,0.8,8.1,94.3,,,,,,,0.0,0.1,100.0,0.0,2.6,100.0,0.0
2026-04-17,0.6,5.6,97.9,,,,,,,0.0,0.2,100.0,0.0,3.1,100.0,0.0
2026-04-18,0.4,4.5,97.2,,,,,,,,,,0.0,2.9,100.0,0.0
2026-04-19,0.5,4.8,98.1,,,,,,,,,,0.0,4.2,100.0,0.0
2026-04-20,0.2,3.9,97.2,0.1,5.9,100.0,,,,0.0,0.2,100.0,0.0,2.9,100.0,0.0
2026-04-21,,,,,,,,,,,,,0.0,3.5,100.0,0.0
2026-04-22,0.1,3.9,93.0,0.0,2.2,100.0,,,,,,,0.0,3.5,100.0,0.0
2026-04-23,0.0,3.8,97.1,,,,,,,,,,0.0,5.5,100.0,0.0
2026-04-24,0.0,4.2,97.6,,,,,,,0.0,0.4,100.0,0.0,4.3,100.0,0.0
2026-04-25,0.4,3.2,98.8,0.0,1.1,100.0,,,,0.0,0.8,100.0,0.0,5.3,100.0,0.0
2026-04-26,,,,,,,,,,0.0,0.7,100.0,0.0,4.4,100.0,0.0
2026-04-27,,,,,,,,,,0.0,0.7,100.0,0.0,5.5,100.0,0.0
2026-04-28,0.0,3.5,93.6,,,,,,,,,,0.0,4.7,100.0,0.0
2026-04-29,0.1,5.3,97.6,,,,,,,,,,0.0,5.0,100.0,0.0
2026-04-30,1.5,6.4,96.8,0.0,0.7,100.0,,,,0.0,0.6,100.0,0.0,3.7,100.0,0.0
2026-05-01,0.3,7.2,96.5,,,,,,,,,,0.0,4.9,100.0,0.0
2026-05-02,0.9,7.6,96.1,0.0,0.4,100.0,,,,,,,0.0,3.9,100.0,0.0
2026-05-03,,,,,,,,,,,,,0.0,3.2,100.0,0.0
2026-05-04,0.0,6.1,91.3,,,,,,,,,,0.0,2.6,100.0,0.0
2026-05-05,0.0,6.0,95.6,,,,,,,,,,0.0,2.6,100.0,0.0
2026-05-06,0.1,6.4,98.5,,,,,,,,,,0.0,1.9,100.0,0.0
2026-05-07,0.2,5.4,98.2,,,,,,,0.0,0.5,100.0,0.0,1.5,100.0,0.0
2026-05-08,,,,,,,,,,,,,0.0,1.4,100.0,0.0
2026-05-09,,,,,,,,,,,,,0.0,1.4,100.0,0.0
2026-05-10,,,,,,,,,,,,,0.0,1.2,100.0,0.0
2026-05-11,0.0,2.7,97.9,,,,,,,,,,0.0,1.1,100.0,0.0
2026-05-12,0.1,2.1,97.8,,,,,,,,,,0.0,1.1,100.0,0.0
2026-05-13,0.1,1.8,95.2,,,,,,,,,,0.0,1.3,100.0,0.0
2026-05-14,0.2,2.5,97.4,,,,,,,,,,0.0,0.9,100.0,0.0
2026-05-15,,,,,,,,,,,,,0.0,0.9,100.0,0.0
2026-05-16,0.0,1.6,92.9,,,,,,,,,,0.0,1.2,100.0,0.0
2026-05-17,0.0,1.7,96.8,,,,0.0,0.5,89.1,,,,0.0,1.2,100.0,0.0
2026-05-18,0.3,2.7,98.7,,,,,,,,,,0.0,0.9,100.0,0.0
2026-05-19,0.7,3.8,97.9,,,,,,,,,,0.0,0.9,100.0,0.0
2026-05-20,,,,,,,,,,,,,0.0,1.2,100.0,0.0
2026-05-21,,,,,,,,,,,,,0.0,1.4,100.0,0.0
2026-05-22,0.0,2.5,93.5,0.0,0.0,100.0,,,,0.0,0.2,100.0,0.0,1.0,100.0,0.0
2026-05-23,1.3,4.0,98.3,,,,,,,0.0,0.1,100.0,0.0,1.2,100.0,0.0
2026-05-24,,,,,,,,,,,,,0.0,1.9,100.0,0.0
2026-05-25,2.0,5.3,95.6,0.0,0.0,100.0,,,,,,,0.0,2.0,100.0,0.0
2026-05-26,1.8,8.2,95.8,,,,0.0,0.0,41.9,0.0,0.1,100.0,0.0,1.6,100.0,0.0
2026-05-27,,,,,,,,,,,,,0.0,2.2,100.0,0.0
2026-05-28,1.0,8.1,92.4,,,,,,,,,,0.0,5.1,100.0,0.0
2026-05-29,0.5,3.7,95.3,,,,,,,,,,0.0,5.5,100.0,0.0
2026-05-30,1.3,4.9,97.9,0.0,0.0,100.0,,,,,,,0.0,6.4,100.0,0.0
2026-05-31,1.5,5.3,99.0,,,,,,,,,,0.0,8.5,100.0,0.0
2026-06-01,,,,,,,,,,,,,,,,
2026-06-02,,,,,,,,,,0.0,0.1,100.0,,,,
2026-06-03,0.0,2.4,91.9,,,,,,,,,,,,,
2026-06-04,0.5,3.0,96.7,,,,,,,,,,,,,
2026-06-05,,,,,,,,,,,,,,,,
2026-06-06,0.5,2.3,95.6,,,,,,,,,,,,,
2026-06-07,0.3,2.0,98.1,,,,,,,0.0,0.1,100.0,,,,
2026-06-08,,,,,,,,,,0.0,0.1,100.0,,,,
2026-06-09,0.0,1.9,93.1,,,,,,,,,,,,,
2026-06-10,,,,,,,,,,,,,,,,
2026-06-11,0.3,3.1,98.6,,,,,,,0.0,0.1,100.0,,,,
2026-06-12,0.0,1.6,98.5,,,,,,,0.0,0.1,100.0,,,,
2026-06-13,,,,,,,,,,,,,,,,
2026-06-14,,,,,,,,,,,,,,,,
2026-06-15,,,,,,,,,,0.0,0.1,100.0,,,,
2026-06-16,0.0,1.3,97.3,,,,,,,0.0,0.1,100.0,,,,
2026-06-17,0.0,1.2,97.0,,,,,,,0.0,0.1,100.0,,,,
2026-06-18,,,,,,,,,,,,,,,,
2026-06-19,0.0,0.7,95.6,0.0,0.0,80.4,0.0,0.0,58.3,0.0,0.0,100.0,,,,
2026-06-20,,,,,,,,,,,,,,,,
2026-06-21,0.0,0.8,92.1,0.0,0.0,95.4,,,,0.0,0.0,100.0,,,,
2026-06-22,,,,,,,,,,,,,,,,
2026-06-23,0.0,0.8,97.2,,,,,,,,,,,,,
2026-06-24,0.0,1.0,99.4,0.0,0.0,97.3,,,,,,,,,,
2026-06-25,0.0,0.9,97.6,,,,,,,,,,,,,
2026-06-26,,,,,,,,,,,,,,,,
2026-06-27,,,,,,,0.0,0.0,60.0,0.0,0.0,100.0,,,,
2026-06-28,0.0,2.8,99.4,,,,,,,0.0,0.0,100.0,,,,
2026-06-29,0.0,9.1,99.4,0.0,0.2,100.0,,,,0.0,0.1,100.0,,,,
2026-06-30,0.0,17.6,99.1,,,,,,,,,,,,,
2026-07-01,,,,,,,,,,,,,,,,
2026-07-02,,,,,,,,,,,,,,,,
2026-07-03,,,,,,,,,,0.0,1.6,100.0,,,,
2026-07-04,,,,,,,,,,,,,,,,
2026-07-05,,,,,,,,,,,,,,,,
2026-07-06,,,,,,,,,,,,,,,,
2026-07-07,,,,,,,,,,,,,,,,
2026-07-08,,,,,,,,,,,,,,,,
2026-07-09,,,,,,,,,,0.0,3.6,100.0,,,,
