date,s1_ice_cover,s1_ice_probability,s1_data_coverage,s2_ice_cover,s2_ice_probability,s2_data_coverage,landsat_ice_cover,landsat_ice_probability,landsat_data_coverage,ecostress_ice_cover,ecostress_ice_probability,ecostress_data_coverage,stage2_ice_cover,stage2_ice_probability,stage2_data_coverage,stage2_phenology_cover
2015-07-05,,,,,,,0.0,0.1,52.7,,,,0.0,1.1,100.0,0.0
2015-07-06,,,,,,,0.0,0.0,100.0,,,,0.0,0.6,100.0,0.0
2015-07-07,,,,,,,,,,,,,0.0,0.4,100.0,0.0
2015-07-08,,,,,,,,,,,,,0.0,0.3,100.0,0.0
2015-07-09,,,,,,,,,,,,,0.0,0.1,100.0,0.0
2015-07-10,,,,,,,,,,,,,0.0,0.1,100.0,0.0
2015-07-11,,,,,,,,,,,,,0.0,0.1,100.0,0.0
2015-07-12,,,,,,,,,,,,,0.0,0.1,100.0,0.0
2015-07-13,,,,,,,,,,,,,0.0,0.1,100.0,0.0
2015-07-14,,,,,,,,,,,,,0.0,0.1,100.0,0.0
2015-07-15,,,,,,,,,,,,,0.0,0.1,100.0,0.0
2015-07-16,,,,,,,,,,,,,0.0,0.0,100.0,0.0
2015-07-17,,,,,,,,,,,,,0.0,0.0,100.0,0.0
2015-07-18,,,,,,,,,,,,,0.0,0.0,100.0,0.0
2015-07-19,,,,,,,,,,,,,0.0,0.0,100.0,0.0
2015-07-20,,,,,,,,,,,,,0.0,0.0,100.0,0.0
2015-07-21,,,,,,,,,,,,,0.0,0.0,100.0,0.0
2015-07-22,,,,,,,0.0,0.0,100.0,,,,0.0,0.0,100.0,0.0
2015-07-23,,,,,,,,,,,,,0.0,0.0,100.0,0.0
2015-07-24,,,,,,,,,,,,,0.0,0.0,100.0,0.0
2015-07-25,,,,,,,,,,,,,0.0,0.0,100.0,0.0
2015-07-26,,,,,,,,,,,,,0.0,0.0,100.0,0.0
2015-07-27,,,,,,,,,,,,,0.0,0.0,100.0,0.0
2015-07-28,,,,,,,,,,,,,0.0,0.0,100.0,0.0
2015-07-29,,,,,,,,,,,,,0.0,0.1,100.0,0.0
2015-07-30,,,,,,,,,,,,,0.0,0.1,100.0,0.0
2015-07-31,,,,,,,,,,,,,0.0,0.1,100.0,0.0
2015-08-01,,,,,,,,,,,,,0.0,0.1,100.0,0.0
2015-08-02,,,,,,,,,,,,,0.0,0.1,100.0,0.0
2015-08-03,,,,,,,,,,,,,0.0,0.1,100.0,0.0
2015-08-04,,,,,,,,,,,,,0.0,0.1,100.0,0.0
2015-08-05,,,,,,,,,,,,,0.0,0.1,100.0,0.0
2015-08-06,97.0,67.5,98.1,0.0,4.1,100.0,,,,,,,0.0,0.1,100.0,0.0
2015-08-07,,,,,,,0.0,0.0,45.7,,,,0.0,0.1,100.0,0.0
2015-08-08,,,,,,,,,,,,,0.0,0.1,100.0,0.0
2015-08-09,,,,,,,,,,,,,0.0,0.1,100.0,0.0
2015-08-10,,,,,,,,,,,,,0.0,0.1,100.0,0.0
2015-08-11,,,,,,,,,,,,,0.0,0.1,100.0,0.0
2015-08-12,,,,,,,,,,,,,0.0,0.1,100.0,0.0
2015-08-13,,,,,,,,,,,,,0.0,0.1,100.0,0.0
2015-08-14,,,,,,,,,,,,,0.0,0.1,100.0,0.0
2015-08-15,,,,,,,,,,,,,0.0,0.2,100.0,0.0
2015-08-16,,,,,,,,,,,,,0.0,0.1,100.0,0.0
2015-08-17,,,,,,,,,,,,,0.0,0.2,100.0,0.0
2015-08-18,86.5,54.1,97.9,,,,,,,,,,0.0,0.2,100.0,0.0
2015-08-19,,,,,,,,,,,,,0.0,0.2,100.0,0.0
2015-08-20,,,,,,,,,,,,,0.0,0.2,100.0,0.0
2015-08-21,,,,,,,,,,,,,0.0,0.2,100.0,0.0
2015-08-22,,,,,,,,,,,,,0.0,0.2,100.0,0.0
2015-08-23,,,,,,,,,,,,,0.0,0.2,100.0,0.0
2015-08-24,,,,,,,,,,,,,0.0,0.1,100.0,0.0
2015-08-25,,,,,,,,,,,,,0.0,0.1,100.0,0.0
2015-08-26,,,,0.0,0.7,100.0,,,,,,,0.0,0.1,100.0,0.0
2015-08-27,,,,,,,,,,,,,0.0,0.0,100.0,0.0
2015-08-28,,,,,,,,,,,,,0.0,0.0,100.0,0.0
2015-08-29,,,,0.0,0.5,100.0,,,,,,,0.0,0.0,100.0,0.0
2015-08-30,94.6,65.3,98.0,,,,0.0,0.0,100.0,,,,0.0,0.0,100.0,0.0
2015-08-31,,,,,,,,,,,,,0.0,0.0,100.0,0.0
2015-09-01,,,,,,,,,,,,,0.0,0.0,100.0,0.0
2015-09-02,,,,,,,,,,,,,0.0,0.0,100.0,0.0
2015-09-03,,,,,,,,,,,,,0.0,0.0,100.0,0.0
2015-09-04,,,,,,,,,,,,,0.0,0.0,100.0,0.0
2015-09-05,,,,,,,,,,,,,0.0,0.0,100.0,0.0
2015-09-06,,,,,,,,,,,,,0.0,0.1,100.0,0.0
2015-09-07,,,,,,,,,,,,,0.0,0.1,100.0,0.0
2015-09-08,,,,0.0,0.4,100.0,0.0,0.0,100.0,,,,0.0,0.1,100.0,0.0
2015-09-09,,,,,,,,,,,,,0.0,0.1,100.0,0.0
2015-09-10,,,,,,,,,,,,,0.0,0.1,100.0,0.0
2015-09-11,87.0,57.7,98.1,,,,,,,,,,0.0,0.1,100.0,0.0
2015-09-12,,,,,,,,,,,,,0.0,0.1,100.0,0.0
2015-09-13,,,,,,,,,,,,,0.0,0.1,100.0,0.0
2015-09-14,,,,,,,,,,,,,0.0,0.1,100.0,0.0
2015-09-15,,,,,,,,,,,,,0.0,0.1,100.0,0.0
2015-09-16,,,,,,,,,,,,,0.0,0.2,100.0,0.0
2015-09-17,,,,,,,,,,,,,0.0,0.2,100.0,0.0
2015-09-18,,,,,,,,,,,,,0.0,0.3,100.0,0.0
2015-09-19,,,,,,,,,,,,,0.0,0.3,100.0,0.0
2015-09-20,,,,,,,,,,,,,0.0,0.4,100.0,0.0
2015-09-21,,,,,,,,,,,,,0.0,0.3,100.0,0.0
2015-09-22,,,,,,,,,,,,,0.0,0.4,100.0,0.0
2015-09-23,82.1,55.3,98.1,,,,,,,,,,0.0,0.4,100.0,0.0
2015-09-24,,,,,,,,,,,,,0.0,0.4,100.0,0.0
2015-09-25,,,,0.0,0.5,96.5,,,,,,,0.0,0.3,100.0,0.0
2015-09-26,,,,,,,,,,,,,0.0,0.3,100.0,0.0
2015-09-27,,,,,,,,,,,,,0.0,0.3,100.0,0.0
2015-09-28,,,,,,,,,,,,,0.0,0.2,100.0,0.0
2015-09-29,,,,,,,,,,,,,0.0,0.2,100.0,0.0
2015-09-30,,,,,,,,,,,,,0.0,0.2,100.0,0.0
2015-10-01,,,,,,,0.0,0.0,95.8,,,,0.0,0.1,100.0,0.0
2015-10-02,,,,,,,,,,,,,0.0,0.1,100.0,0.0
2015-10-03,,,,,,,,,,,,,0.0,0.1,100.0,0.0
2015-10-04,,,,,,,,,,,,,0.0,0.1,100.0,0.0
2015-10-05,76.7,53.9,98.0,,,,,,,,,,0.0,0.1,100.0,0.0
2015-10-06,,,,,,,,,,,,,0.0,0.1,100.0,0.0
2015-10-07,,,,,,,,,,,,,0.0,0.1,100.0,0.0
2015-10-08,,,,,,,,,,,,,0.0,0.1,100.0,0.0
2015-10-09,,,,,,,,,,,,,0.0,0.2,100.0,0.0
2015-10-10,,,,,,,,,,,,,0.0,0.2,100.0,0.0
2015-10-11,,,,,,,,,,,,,0.0,0.2,100.0,0.0
2015-10-12,,,,,,,,,,,,,0.0,0.2,100.0,0.0
2015-10-13,,,,,,,,,,,,,0.0,0.2,100.0,0.0
2015-10-14,,,,,,,,,,,,,0.0,0.3,100.0,0.0
2015-10-15,,,,,,,,,,,,,0.0,0.3,100.0,0.0
2015-10-16,,,,,,,,,,,,,0.0,0.3,100.0,0.0
2015-10-17,62.8,49.1,91.0,,,,,,,,,,0.0,0.3,100.0,0.0
2015-10-18,,,,,,,,,,,,,0.0,0.4,100.0,0.0
2015-10-19,,,,,,,,,,,,,0.0,0.3,100.0,0.0
2015-10-20,,,,,,,,,,,,,0.0,0.3,100.0,0.0
2015-10-21,,,,,,,,,,,,,0.0,0.3,100.0,0.0
2015-10-22,,,,,,,,,,,,,0.0,0.3,100.0,0.0
2015-10-23,,,,,,,,,,,,,0.0,0.2,100.0,0.0
2015-10-24,,,,,,,,,,,,,0.0,0.3,100.0,0.0
2015-10-25,92.1,62.1,91.0,,,,,,,,,,0.0,0.2,100.0,0.0
2015-10-26,,,,,,,0.0,0.0,100.0,,,,0.0,0.2,100.0,0.0
2015-10-27,,,,,,,,,,,,,0.0,0.2,100.0,0.0
2015-10-28,,,,,,,,,,,,,0.0,0.3,100.0,0.0
2015-10-29,74.3,53.8,91.0,,,,,,,,,,0.0,0.2,100.0,0.0
2015-10-30,,,,,,,,,,,,,0.0,0.3,100.0,0.0
2015-10-31,,,,,,,,,,,,,0.0,0.2,100.0,0.0
2015-11-01,,,,,,,,,,,,,0.0,0.2,100.0,0.0
2015-11-02,,,,,,,0.0,0.1,100.0,,,,0.0,0.2,100.0,0.0
2015-11-03,,,,,,,,,,,,,0.0,0.2,100.0,0.0
2015-11-04,,,,,,,,,,,,,0.0,0.2,100.0,0.0
2015-11-05,,,,,,,,,,,,,0.0,0.2,100.0,0.0
2015-11-06,77.5,56.6,90.8,,,,,,,,,,0.0,0.3,100.0,0.0
2015-11-07,,,,,,,,,,,,,0.0,0.2,100.0,0.0
2015-11-08,,,,,,,,,,,,,0.0,0.3,100.0,0.0
2015-11-09,,,,,,,,,,,,,0.0,0.2,100.0,0.0
2015-11-10,49.4,43.7,90.9,,,,,,,,,,0.0,0.3,100.0,0.0
2015-11-11,,,,,,,0.0,0.2,100.0,,,,0.0,0.3,100.0,0.0
2015-11-12,,,,,,,,,,,,,0.0,0.4,100.0,0.0
2015-11-13,,,,,,,,,,,,,0.0,0.4,100.0,0.0
2015-11-14,,,,,,,,,,,,,0.0,0.6,100.0,0.0
2015-11-15,,,,,,,,,,,,,0.0,0.7,100.0,0.0
2015-11-16,,,,,,,,,,,,,0.0,0.8,100.0,0.0
2015-11-17,,,,,,,,,,,,,0.0,0.9,100.0,0.0
2015-11-18,48.8,43.0,90.9,,,,,,,,,,0.0,1.4,100.0,0.0
2015-11-19,,,,,,,,,,,,,0.0,1.8,100.0,0.0
2015-11-20,,,,,,,,,,,,,0.0,2.2,100.0,0.0
2015-11-21,,,,,,,,,,,,,0.0,2.6,100.0,0.0
2015-11-22,26.1,31.5,90.9,,,,,,,,,,0.0,3.7,100.0,0.0
2015-11-23,,,,,,,,,,,,,0.0,4.1,100.0,0.0
2015-11-24,,,,0.7,7.9,100.0,,,,,,,0.0,4.9,100.0,0.0
2015-11-25,,,,,,,,,,,,,0.0,5.1,100.0,0.0
2015-11-26,,,,,,,,,,,,,0.0,6.5,100.0,0.0
2015-11-27,,,,6.2,18.9,60.8,18.5,21.7,62.0,,,,0.0,7.9,100.0,0.0
2015-11-28,,,,,,,,,,,,,0.0,8.7,100.0,0.0
2015-11-29,,,,,,,,,,,,,0.0,7.1,100.0,0.0
2015-11-30,32.1,34.1,90.9,,,,,,,,,,0.0,8.2,100.0,0.0
2015-12-01,,,,,,,,,,,,,0.0,7.6,100.0,0.0
2015-12-02,,,,,,,,,,,,,0.0,8.2,100.0,0.0
2015-12-03,,,,,,,,,,,,,0.0,7.1,100.0,0.0
2015-12-04,12.2,22.9,90.9,,,,,,,,,,0.0,8.8,100.0,0.0
2015-12-05,,,,,,,,,,,,,0.0,8.2,100.0,0.0
2015-12-06,,,,,,,,,,,,,0.0,9.7,100.0,0.0
2015-12-07,,,,0.1,8.8,100.0,,,,,,,0.0,8.1,100.0,0.0
2015-12-08,,,,,,,,,,,,,0.0,9.0,100.0,0.0
2015-12-09,,,,,,,,,,,,,0.0,7.3,100.0,0.0
2015-12-10,,,,,,,,,,,,,0.0,8.5,100.0,0.0
2015-12-11,,,,,,,,,,,,,0.0,7.1,100.0,0.0
2015-12-12,12.4,23.2,91.0,,,,,,,,,,0.0,8.5,100.0,0.0
2015-12-13,,,,,,,8.4,9.3,100.0,,,,0.0,7.0,100.0,0.0
2015-12-14,,,,,,,,,,,,,0.0,8.3,100.0,0.0
2015-12-15,,,,,,,,,,,,,0.0,8.0,100.0,0.0
2015-12-16,12.1,24.1,91.0,,,,,,,,,,0.0,8.6,100.0,0.0
2015-12-17,,,,2.0,9.1,95.9,,,,,,,0.0,7.1,100.0,0.0
2015-12-18,,,,,,,,,,,,,0.0,7.6,100.0,0.0
2015-12-19,,,,,,,,,,,,,0.0,7.4,100.0,0.0
2015-12-20,,,,,,,0.5,6.0,91.7,,,,0.0,8.4,100.0,0.0
2015-12-21,,,,,,,,,,,,,0.0,8.1,100.0,0.0
2015-12-22,,,,,,,,,,,,,0.0,8.5,100.0,0.0
2015-12-23,,,,,,,,,,,,,0.0,8.8,100.0,0.0
2015-12-24,48.0,43.6,90.8,,,,,,,,,,0.0,11.7,100.0,0.0
2015-12-25,,,,,,,,,,,,,0.0,11.9,100.0,0.0
2015-12-26,,,,,,,,,,,,,0.1,12.4,100.0,0.1
2015-12-27,,,,2.1,5.6,97.4,,,,,,,0.1,12.4,100.0,0.1
2015-12-28,78.7,55.6,90.9,,,,,,,,,,0.0,15.4,100.0,0.0
2015-12-29,,,,,,,0.4,9.3,89.5,,,,0.0,14.1,100.0,0.0
2015-12-30,,,,,,,,,,,,,0.1,16.2,100.0,0.1
2015-12-31,,,,,,,,,,,,,0.2,15.5,100.0,0.2
2016-01-01,,,,,,,,,,,,,0.0,17.5,100.0,0.0
2016-01-02,,,,,,,,,,,,,0.0,14.9,100.0,0.0
2016-01-03,,,,,,,,,,,,,0.0,17.9,100.0,0.0
2016-01-04,,,,,,,,,,,,,0.0,15.7,100.0,0.0
2016-01-05,,,,,,,7.4,22.9,97.9,,,,0.1,18.6,100.0,0.1
2016-01-06,,,,0.1,2.6,97.2,,,,,,,0.0,15.9,100.0,0.0
2016-01-07,,,,,,,,,,,,,0.1,18.9,100.0,0.1
2016-01-08,,,,,,,,,,,,,0.0,17.0,100.0,0.0
2016-01-09,73.9,54.0,99.6,,,,,,,,,,0.1,19.9,100.0,0.1
2016-01-10,,,,,,,,,,,,,0.0,18.9,100.0,0.0
2016-01-11,,,,,,,,,,,,,0.1,23.9,100.0,0.1
2016-01-12,,,,,,,,,,,,,0.0,24.7,100.0,0.0
2016-01-13,,,,,,,,,,,,,0.0,29.8,100.0,0.0
2016-01-14,,,,,,,,,,,,,0.1,35.0,100.0,0.1
2016-01-15,,,,,,,,,,,,,4.6,43.5,100.0,4.6
2016-01-16,,,,,,,,,,,,,4.7,47.2,100.0,4.7
2016-01-17,78.2,56.9,99.7,,,,,,,,,,34.1,55.7,100.0,34.1
2016-01-18,,,,,,,,,,,,,50.2,59.3,100.0,50.2
2016-01-19,,,,,,,,,,,,,84.9,65.2,100.0,84.9
2016-01-20,,,,,,,,,,,,,97.7,68.4,100.0,97.7
2016-01-21,60.3,49.0,99.7,,,,91.3,70.5,50.3,,,,99.4,72.8,100.0,99.4
2016-01-22,,,,,,,,,,,,,99.7,74.6,100.0,99.7
2016-01-23,,,,,,,,,,,,,99.7,76.5,100.0,99.7
2016-01-24,,,,,,,,,,,,,99.8,77.6,100.0,99.8
2016-01-25,,,,,,,,,,,,,99.7,78.0,100.0,99.7
2016-01-26,,,,,,,,,,,,,99.7,77.9,100.0,99.7
2016-01-27,,,,,,,,,,,,,99.6,78.7,100.0,99.6
2016-01-28,,,,,,,,,,,,,99.7,80.3,100.0,99.7
2016-01-29,62.9,50.4,99.7,,,,,,,,,,99.6,78.5,100.0,99.6
2016-01-30,,,,,,,78.2,64.7,99.7,,,,99.5,78.7,100.0,99.5
2016-01-31,,,,,,,,,,,,,99.5,77.8,100.0,99.5
2016-02-01,,,,,,,,,,,,,99.4,77.3,100.0,99.4
2016-02-02,37.3,37.8,99.8,,,,,,,,,,99.2,75.5,100.0,99.2
2016-02-03,,,,,,,,,,,,,99.0,73.8,100.0,99.0
2016-02-04,,,,,,,,,,,,,98.8,73.4,100.0,98.8
2016-02-05,,,,,,,,,,,,,98.5,71.4,100.0,98.5
2016-02-06,,,,,,,,,,,,,95.0,66.3,100.0,95.0
2016-02-07,,,,,,,,,,,,,56.0,60.0,100.0,56.0
2016-02-08,,,,,,,,,,,,,18.3,55.1,100.0,18.3
2016-02-09,,,,,,,,,,,,,7.7,51.7,100.0,7.7
2016-02-10,30.5,34.0,99.0,,,,,,,,,,1.8,48.0,100.0,1.8
2016-02-11,,,,,,,,,,,,,0.2,40.1,100.0,0.2
2016-02-12,,,,0.0,2.5,100.0,,,,,,,0.2,40.2,100.0,0.2
2016-02-13,,,,,,,,,,,,,0.2,39.0,100.0,0.2
2016-02-14,13.0,23.5,99.7,,,,,,,,,,0.3,39.7,100.0,0.3
2016-02-15,,,,,,,,,,,,,0.1,31.4,100.0,0.1
2016-02-16,,,,,,,,,,,,,0.5,35.9,100.0,0.5
2016-02-17,,,,,,,,,,,,,1.5,36.9,100.0,1.5
2016-02-18,,,,,,,,,,,,,10.0,40.7,100.0,10.0
2016-02-19,,,,,,,,,,,,,9.8,37.3,100.0,9.8
2016-02-20,,,,,,,,,,,,,22.6,44.8,100.0,22.6
2016-02-21,,,,,,,,,,,,,22.6,45.4,100.0,22.6
2016-02-22,,,,,,,1.9,14.9,92.3,,,,26.3,46.6,100.0,26.3
2016-02-23,,,,,,,,,,,,,18.7,42.7,100.0,18.7
2016-02-24,,,,,,,,,,,,,21.9,45.0,100.0,21.9
2016-02-25,,,,,,,,,,,,,18.8,45.7,100.0,18.8
2016-02-26,19.9,29.9,99.7,,,,,,,,,,18.0,45.0,100.0,18.0
2016-02-27,,,,,,,,,,,,,9.6,41.8,100.0,9.6
2016-02-28,,,,,,,,,,,,,8.5,41.8,100.0,8.5
2016-02-29,,,,,,,,,,,,,4.1,40.9,100.0,4.1
2016-03-01,,,,,,,,,,,,,1.3,34.6,100.0,1.3
2016-03-02,,,,,,,,,,,,,1.1,32.6,100.0,1.1
2016-03-03,,,,,,,,,,,,,0.6,29.7,100.0,0.6
2016-03-04,,,,,,,,,,,,,0.7,28.6,100.0,0.7
2016-03-05,19.3,29.2,99.6,,,,,,,,,,0.6,26.1,100.0,0.6
2016-03-06,,,,0.0,2.9,98.9,,,,,,,0.7,25.2,100.0,0.7
2016-03-07,,,,,,,,,,,,,0.5,24.7,100.0,0.5
2016-03-08,,,,,,,,,,,,,0.5,24.2,100.0,0.5
2016-03-09,28.5,37.4,99.7,,,,18.2,37.4,100.0,,,,1.9,24.5,100.0,1.9
2016-03-10,,,,,,,,,,,,,0.9,21.6,100.0,0.9
2016-03-11,,,,,,,,,,,,,1.2,21.2,100.0,1.2
2016-03-12,,,,,,,,,,,,,0.5,18.7,100.0,0.5
2016-03-13,,,,,,,,,,,,,0.6,18.4,100.0,0.6
2016-03-14,,,,,,,,,,,,,0.6,19.4,100.0,0.6
2016-03-15,,,,,,,,,,,,,0.6,19.4,100.0,0.6
2016-03-16,,,,,,,,,,,,,0.5,20.2,100.0,0.5
2016-03-17,34.7,39.9,99.6,,,,,,,,,,0.2,19.4,100.0,0.2
2016-03-18,,,,,,,0.2,8.4,86.3,,,,0.0,19.2,100.0,0.0
2016-03-19,,,,,,,,,,,,,0.0,17.4,100.0,0.0
2016-03-20,,,,,,,,,,,,,0.0,17.0,100.0,0.0
2016-03-21,,,,,,,,,,,,,0.0,15.5,100.0,0.0
2016-03-22,,,,,,,,,,,,,0.0,16.8,100.0,0.0
2016-03-23,,,,,,,,,,,,,0.0,16.4,100.0,0.0
2016-03-24,,,,,,,,,,,,,0.0,17.4,100.0,0.0
2016-03-25,,,,,,,,,,,,,0.0,17.5,100.0,0.0
2016-03-26,,,,0.0,1.3,99.9,,,,,,,0.0,17.6,100.0,0.0
2016-03-27,,,,,,,,,,,,,0.0,15.6,100.0,0.0
2016-03-28,,,,,,,,,,,,,0.0,14.2,100.0,0.0
2016-03-29,59.8,48.6,99.6,,,,,,,,,,0.0,14.1,100.0,0.0
2016-03-30,,,,,,,,,,,,,0.0,11.5,100.0,0.0
2016-03-31,,,,,,,,,,,,,0.0,10.9,100.0,0.0
2016-04-01,,,,,,,,,,,,,0.0,10.0,100.0,0.0
2016-04-02,55.4,46.6,99.7,,,,,,,,,,0.0,10.1,100.0,0.0
2016-04-03,,,,,,,,,,,,,0.0,8.8,100.0,0.0
2016-04-04,,,,,,,,,,,,,0.0,7.2,100.0,0.0
2016-04-05,,,,,,,,,,,,,0.0,6.7,100.0,0.0
2016-04-06,,,,,,,,,,,,,0.0,6.2,100.0,0.0
2016-04-07,,,,,,,,,,,,,0.0,4.9,100.0,0.0
2016-04-08,,,,,,,,,,,,,0.0,4.8,100.0,0.0
2016-04-09,,,,,,,,,,,,,0.0,4.9,100.0,0.0
2016-04-10,52.8,45.4,99.6,,,,0.2,1.5,96.2,,,,0.0,5.4,100.0,0.0
2016-04-11,,,,,,,,,,,,,0.0,4.5,100.0,0.0
2016-04-12,,,,0.0,0.9,100.0,,,,,,,0.0,4.6,100.0,0.0
2016-04-13,,,,,,,,,,,,,0.0,4.5,100.0,0.0
2016-04-14,36.4,38.7,98.3,,,,,,,,,,0.0,4.9,100.0,0.0
2016-04-15,,,,,,,,,,,,,0.0,4.1,100.0,0.0
2016-04-16,,,,,,,,,,,,,0.0,3.5,100.0,0.0
2016-04-17,,,,,,,,,,,,,0.0,3.9,100.0,0.0
2016-04-18,,,,,,,,,,,,,0.0,4.5,100.0,0.0
2016-04-19,,,,,,,0.1,0.4,82.4,,,,0.0,5.4,100.0,0.0
2016-04-20,,,,,,,,,,,,,0.0,5.6,100.0,0.0
2016-04-21,,,,,,,,,,,,,0.0,5.4,100.0,0.0
2016-04-22,43.9,41.1,98.3,0.0,1.4,96.9,,,,,,,0.0,5.7,100.0,0.0
2016-04-23,,,,,,,,,,,,,0.0,5.9,100.0,0.0
2016-04-24,,,,,,,,,,,,,0.0,5.9,100.0,0.0
2016-04-25,,,,,,,,,,,,,0.0,5.2,100.0,0.0
2016-04-26,13.6,25.5,98.3,,,,,,,,,,0.0,5.2,100.0,0.0
2016-04-27,,,,,,,,,,,,,0.0,5.7,100.0,0.0
2016-04-28,,,,,,,,,,,,,0.0,6.4,100.0,0.0
2016-04-29,,,,,,,,,,,,,0.0,4.6,100.0,0.0
2016-04-30,,,,,,,,,,,,,0.0,3.4,100.0,0.0
2016-05-01,,,,,,,,,,,,,0.0,2.6,100.0,0.0
2016-05-02,,,,,,,,,,,,,0.0,2.1,100.0,0.0
2016-05-03,,,,,,,,,,,,,0.0,1.8,100.0,0.0
2016-05-04,29.8,33.9,98.2,,,,,,,,,,0.0,1.6,100.0,0.0
2016-05-05,,,,0.0,0.5,100.0,0.0,0.1,100.0,,,,0.0,1.4,100.0,0.0
2016-05-06,,,,,,,,,,,,,0.0,1.4,100.0,0.0
2016-05-07,,,,,,,,,,,,,0.0,1.1,100.0,0.0
2016-05-08,23.8,30.3,98.3,,,,,,,,,,0.0,0.9,100.0,0.0
2016-05-09,,,,,,,,,,,,,0.0,0.8,100.0,0.0
2016-05-10,,,,,,,,,,,,,0.0,0.9,100.0,0.0
2016-05-11,,,,,,,,,,,,,0.0,0.9,100.0,0.0
2016-05-12,,,,,,,,,,,,,0.0,1.1,100.0,0.0
2016-05-13,,,,,,,,,,,,,0.0,1.8,100.0,0.0
2016-05-14,,,,,,,,,,,,,0.0,2.2,100.0,0.0
2016-05-15,,,,,,,,,,,,,0.0,2.0,100.0,0.0
2016-05-16,31.1,33.7,98.3,,,,,,,,,,0.0,2.0,100.0,0.0
2016-05-17,,,,,,,,,,,,,0.0,1.9,100.0,0.0
2016-05-18,,,,,,,,,,,,,0.0,1.5,100.0,0.0
2016-05-19,,,,,,,,,,,,,0.0,1.5,100.0,0.0
2016-05-20,25.9,31.9,98.3,,,,,,,,,,0.0,1.5,100.0,0.0
2016-05-21,,,,,,,0.0,0.0,100.0,,,,0.0,1.2,100.0,0.0
2016-05-22,,,,0.0,0.3,100.0,,,,,,,0.0,1.1,100.0,0.0
2016-05-23,,,,,,,,,,,,,0.0,1.0,100.0,0.0
2016-05-24,,,,,,,,,,,,,0.0,0.9,100.0,0.0
2016-05-25,,,,0.0,0.5,100.0,,,,,,,0.0,1.1,100.0,0.0
2016-05-26,,,,,,,,,,,,,0.0,0.9,100.0,0.0
2016-05-27,,,,,,,,,,,,,0.0,0.8,100.0,0.0
2016-05-28,40.3,41.2,98.3,,,,,,,,,,0.0,1.0,100.0,0.0
2016-05-29,,,,,,,,,,,,,0.0,1.4,100.0,0.0
2016-05-30,,,,,,,,,,,,,0.0,1.6,100.0,0.0
2016-05-31,,,,,,,,,,,,,0.0,1.4,100.0,0.0
2016-06-01,56.8,48.9,98.4,,,,,,,,,,0.0,1.5,100.0,0.0
2016-06-02,,,,,,,,,,,,,0.0,2.1,100.0,0.0
2016-06-03,,,,,,,,,,,,,0.0,2.3,100.0,0.0
2016-06-04,,,,,,,,,,,,,0.0,2.1,100.0,0.0
2016-06-05,,,,,,,,,,,,,0.0,2.0,100.0,0.0
2016-06-06,,,,,,,0.0,0.0,34.6,,,,0.0,3.2,100.0,0.0
2016-06-07,,,,,,,,,,,,,0.0,3.1,100.0,0.0
2016-06-08,,,,,,,,,,,,,0.0,1.8,100.0,0.0
2016-06-09,52.3,47.2,98.1,,,,,,,,,,0.0,1.7,100.0,0.0
2016-06-10,,,,,,,,,,,,,0.0,1.9,100.0,0.0
2016-06-11,,,,,,,,,,,,,0.0,1.6,100.0,0.0
2016-06-12,,,,,,,,,,,,,0.0,1.4,100.0,0.0
2016-06-13,,,,,,,,,,,,,0.0,1.3,100.0,0.0
2016-06-14,,,,,,,,,,,,,0.0,1.3,100.0,0.0
2016-06-15,,,,,,,,,,,,,0.0,1.1,100.0,0.0
2016-06-16,,,,,,,,,,,,,0.0,0.6,100.0,0.0
2016-06-17,,,,,,,,,,,,,0.0,0.6,100.0,0.0
2016-06-18,,,,,,,,,,,,,0.0,0.5,100.0,0.0
2016-06-19,,,,,,,,,,,,,0.0,0.4,100.0,0.0
2016-06-20,,,,,,,,,,,,,0.0,0.3,100.0,0.0
2016-06-21,,,,,,,,,,,,,0.0,0.3,100.0,0.0
2016-06-22,,,,,,,0.0,0.0,100.0,,,,0.0,0.3,100.0,0.0
2016-06-23,,,,,,,,,,,,,0.0,0.2,100.0,0.0
2016-06-24,,,,0.0,0.6,96.3,,,,,,,0.0,0.2,100.0,0.0
2016-06-25,,,,,,,,,,,,,0.0,0.2,100.0,0.0
2016-06-26,,,,,,,,,,,,,0.0,0.3,100.0,0.0
2016-06-27,,,,,,,,,,,,,0.0,0.3,100.0,0.0
2016-06-28,,,,,,,,,,,,,0.0,0.3,100.0,0.0
2016-06-29,,,,,,,0.0,0.0,41.1,,,,0.0,0.4,100.0,0.0
2016-06-30,,,,,,,,,,,,,0.0,0.6,100.0,0.0
2016-07-01,,,,0.0,0.3,100.0,,,,,,,0.0,0.6,100.0,0.0
2016-07-02,,,,,,,,,,,,,0.0,0.5,100.0,0.0
2016-07-03,,,,,,,,,,,,,0.0,0.5,100.0,0.0
2016-07-04,,,,,,,,,,,,,0.0,0.6,100.0,0.0
2016-07-05,,,,,,,,,,,,,0.0,0.5,100.0,0.0
2016-07-06,,,,,,,,,,,,,0.0,0.6,100.0,0.0
2016-07-07,90.9,60.7,98.4,,,,,,,,,,0.0,0.7,100.0,0.0
2016-07-08,,,,,,,0.0,0.0,51.3,,,,0.0,0.8,100.0,0.0
2016-07-09,,,,,,,,,,,,,0.0,0.9,100.0,0.0
2016-07-10,,,,,,,,,,,,,0.0,0.9,100.0,0.0
2016-07-11,,,,,,,,,,,,,0.0,1.0,100.0,0.0
2016-07-12,,,,,,,,,,,,,0.0,1.0,100.0,0.0
2016-07-13,,,,,,,,,,,,,0.0,1.0,100.0,0.0
2016-07-14,,,,,,,,,,,,,0.0,1.1,100.0,0.0
2016-07-15,90.6,63.0,98.2,,,,,,,,,,0.0,1.5,100.0,0.0
2016-07-16,,,,,,,,,,,,,0.0,1.8,100.0,0.0
2016-07-17,,,,,,,,,,,,,0.0,2.2,100.0,0.0
2016-07-18,,,,,,,,,,,,,0.0,2.1,100.0,0.0
2016-07-19,94.0,64.7,98.3,,,,,,,,,,0.0,1.8,100.0,0.0
2016-07-20,,,,,,,,,,,,,0.0,1.5,100.0,0.0
2016-07-21,,,,,,,,,,,,,0.0,1.5,100.0,0.0
2016-07-22,,,,,,,,,,,,,0.0,1.4,100.0,0.0
2016-07-23,,,,,,,,,,,,,0.0,1.2,100.0,0.0
2016-07-24,,,,0.0,0.2,52.7,,,,,,,0.0,1.2,100.0,0.0
2016-07-25,,,,,,,,,,,,,0.0,1.2,100.0,0.0
2016-07-26,,,,,,,,,,,,,0.0,1.0,100.0,0.0
2016-07-27,82.7,58.6,98.3,,,,,,,,,,0.0,1.1,100.0,0.0
2016-07-28,,,,,,,,,,,,,0.0,0.8,100.0,0.0
2016-07-29,,,,,,,,,,,,,0.0,0.7,100.0,0.0
2016-07-30,,,,,,,,,,,,,0.0,0.6,100.0,0.0
2016-07-31,,,,,,,,,,,,,0.0,0.7,100.0,0.0
2016-08-01,,,,,,,,,,,,,0.0,0.6,100.0,0.0
2016-08-02,,,,,,,,,,,,,0.0,0.4,100.0,0.0
2016-08-03,,,,0.0,0.1,53.0,,,,,,,0.0,0.3,100.0,0.0
2016-08-04,,,,,,,,,,,,,0.0,0.4,100.0,0.0
2016-08-05,,,,,,,,,,,,,0.0,0.3,100.0,0.0
2016-08-06,,,,,,,,,,,,,0.0,0.4,100.0,0.0
2016-08-07,,,,,,,,,,,,,0.0,0.3,100.0,0.0
2016-08-08,87.6,60.2,98.3,,,,,,,,,,0.0,0.3,100.0,0.0
2016-08-09,,,,,,,,,,,,,0.0,0.2,100.0,0.0
2016-08-10,,,,,,,,,,,,,0.0,0.2,100.0,0.0
2016-08-11,,,,,,,,,,,,,0.0,0.2,100.0,0.0
2016-08-12,81.5,57.0,98.3,,,,,,,,,,0.0,0.1,100.0,0.0
2016-08-13,,,,0.0,0.1,100.0,,,,,,,0.0,0.1,100.0,0.0
2016-08-14,,,,,,,,,,,,,0.0,0.1,100.0,0.0
2016-08-15,,,,,,,,,,,,,0.0,0.1,100.0,0.0
2016-08-16,,,,,,,0.0,0.0,86.9,,,,0.0,0.1,100.0,0.0
2016-08-17,,,,,,,,,,,,,0.0,0.0,100.0,0.0
2016-08-18,,,,,,,,,,,,,0.0,0.1,100.0,0.0
2016-08-19,,,,,,,,,,,,,0.0,0.0,100.0,0.0
2016-08-20,,,,,,,,,,,,,0.0,0.1,100.0,0.0
2016-08-21,,,,,,,,,,,,,0.0,0.0,100.0,0.0
2016-08-22,,,,,,,,,,,,,0.0,0.0,100.0,0.0
2016-08-23,,,,0.0,0.3,100.0,,,,,,,0.0,0.0,100.0,0.0
2016-08-24,71.3,51.9,98.3,,,,,,,,,,0.0,0.0,100.0,0.0
2016-08-25,,,,,,,0.0,0.0,100.0,,,,0.0,0.0,100.0,0.0
2016-08-26,,,,,,,,,,,,,0.0,0.0,100.0,0.0
2016-08-27,,,,,,,,,,,,,0.0,0.0,100.0,0.0
2016-08-28,,,,,,,,,,,,,0.0,0.0,100.0,0.0
2016-08-29,,,,,,,,,,,,,0.0,0.0,100.0,0.0
2016-08-30,,,,0.0,1.2,52.8,,,,,,,0.0,0.0,100.0,0.0
2016-08-31,,,,,,,,,,,,,0.0,0.0,100.0,0.0
2016-09-01,53.8,46.0,98.3,,,,0.0,0.0,41.6,,,,0.0,0.1,100.0,0.0
2016-09-02,,,,0.0,0.7,100.0,,,,,,,0.0,0.1,100.0,0.0
2016-09-03,,,,,,,,,,,,,0.0,0.1,100.0,0.0
2016-09-04,,,,,,,,,,,,,0.0,0.1,100.0,0.0
2016-09-05,41.1,40.8,98.3,,,,,,,,,,0.0,0.1,100.0,0.0
2016-09-06,,,,,,,,,,,,,0.0,0.1,100.0,0.0
2016-09-07,,,,,,,,,,,,,0.0,0.1,100.0,0.0
2016-09-08,,,,,,,,,,,,,0.0,0.0,100.0,0.0
2016-09-09,,,,0.0,0.6,100.0,,,,,,,0.0,0.0,100.0,0.0
2016-09-10,,,,,,,0.0,0.0,100.0,,,,0.0,0.0,100.0,0.0
2016-09-11,,,,,,,,,,,,,0.0,0.0,100.0,0.0
2016-09-12,,,,0.0,0.7,100.0,,,,,,,0.0,0.0,100.0,0.0
2016-09-13,30.4,34.8,98.3,,,,,,,,,,0.0,0.0,100.0,0.0
2016-09-14,,,,,,,,,,,,,0.0,0.1,100.0,0.0
2016-09-15,,,,,,,,,,,,,0.0,0.1,100.0,0.0
2016-09-16,,,,,,,,,,,,,0.0,0.1,100.0,0.0
2016-09-17,12.7,24.1,98.4,,,,,,,,,,0.0,0.1,100.0,0.0
2016-09-18,,,,,,,,,,,,,0.0,0.2,100.0,0.0
2016-09-19,,,,,,,,,,,,,0.0,0.2,100.0,0.0
2016-09-20,,,,,,,,,,,,,0.0,0.2,100.0,0.0
2016-09-21,,,,,,,,,,,,,0.0,0.3,100.0,0.0
2016-09-22,,,,0.0,0.7,100.0,,,,,,,0.0,0.3,100.0,0.0
2016-09-23,,,,,,,,,,,,,0.0,0.3,100.0,0.0
2016-09-24,,,,,,,,,,,,,0.0,0.3,100.0,0.0
2016-09-25,10.9,20.9,98.4,,,,,,,,,,0.0,0.3,100.0,0.0
2016-09-26,,,,,,,0.0,0.0,45.7,,,,0.0,0.5,100.0,0.0
2016-09-27,,,,,,,,,,,,,0.0,0.5,100.0,0.0
2016-09-28,,,,,,,,,,,,,0.0,0.4,100.0,0.0
2016-09-29,8.6,16.6,98.3,0.0,0.9,100.0,,,,,,,0.0,0.4,100.0,0.0
2016-09-30,,,,,,,,,,,,,0.0,0.4,100.0,0.0
2016-10-01,8.0,16.0,98.0,,,,,,,,,,0.0,0.5,100.0,0.0
2016-10-02,,,,,,,,,,,,,0.0,0.5,100.0,0.0
2016-10-03,,,,,,,,,,,,,0.0,0.6,100.0,0.0
2016-10-04,,,,,,,,,,,,,0.0,0.7,100.0,0.0
2016-10-05,,,,,,,,,,,,,0.0,0.9,100.0,0.0
2016-10-06,,,,,,,,,,,,,0.0,0.8,100.0,0.0
2016-10-07,8.4,14.7,98.2,,,,,,,,,,0.0,0.9,100.0,0.0
2016-10-08,,,,,,,,,,,,,0.0,0.8,100.0,0.0
2016-10-09,,,,,,,,,,,,,0.0,0.9,100.0,0.0
2016-10-10,,,,,,,,,,,,,0.0,0.8,100.0,0.0
2016-10-11,7.4,14.0,98.3,,,,,,,,,,0.0,0.9,100.0,0.0
2016-10-12,,,,0.0,1.2,90.2,0.0,0.0,47.9,,,,0.0,1.0,100.0,0.0
2016-10-13,,,,,,,,,,,,,0.0,1.0,100.0,0.0
2016-10-14,,,,,,,,,,,,,0.0,0.7,100.0,0.0
2016-10-15,,,,,,,,,,,,,0.0,0.7,100.0,0.0
2016-10-16,,,,,,,,,,,,,0.0,0.7,100.0,0.0
2016-10-17,,,,,,,,,,,,,0.0,0.6,100.0,0.0
2016-10-18,,,,,,,,,,,,,0.0,0.6,100.0,0.0
2016-10-19,7.8,13.1,98.3,,,,,,,,,,0.0,0.8,100.0,0.0
2016-10-20,,,,,,,,,,,,,0.0,0.9,100.0,0.0
2016-10-21,,,,,,,,,,,,,0.0,0.8,100.0,0.0
2016-10-22,,,,0.1,0.9,94.9,,,,,,,0.0,0.7,100.0,0.0
2016-10-23,7.0,12.0,98.3,,,,,,,,,,0.0,0.9,100.0,0.0
2016-10-24,,,,,,,,,,,,,0.0,0.8,100.0,0.0
2016-10-25,,,,,,,,,,,,,0.0,0.6,100.0,0.0
2016-10-26,,,,,,,,,,,,,0.0,0.7,100.0,0.0
2016-10-27,,,,,,,,,,,,,0.0,0.9,100.0,0.0
2016-10-28,,,,,,,0.0,0.1,100.0,,,,0.0,0.8,100.0,0.0
2016-10-29,,,,0.1,1.3,100.0,,,,,,,0.0,0.7,100.0,0.0
2016-10-30,,,,,,,,,,,,,0.0,0.9,100.0,0.0
2016-10-31,7.4,11.5,98.3,,,,,,,,,,0.0,1.0,100.0,0.0
2016-11-01,,,,0.0,2.1,100.0,,,,,,,0.0,0.9,100.0,0.0
2016-11-02,,,,,,,,,,,,,0.0,0.9,100.0,0.0
2016-11-03,,,,,,,,,,,,,0.0,1.0,100.0,0.0
2016-11-04,6.0,9.1,98.4,,,,0.0,0.2,100.0,,,,0.0,1.1,100.0,0.0
2016-11-05,,,,,,,,,,,,,0.0,1.0,100.0,0.0
2016-11-06,,,,,,,,,,,,,0.0,1.1,100.0,0.0
2016-11-07,,,,,,,,,,,,,0.0,1.4,100.0,0.0
2016-11-08,,,,0.4,8.8,100.0,,,,,,,0.0,2.0,100.0,0.0
2016-11-09,,,,,,,,,,,,,0.0,1.5,100.0,0.0
2016-11-10,,,,,,,,,,,,,0.0,1.9,100.0,0.0
2016-11-11,,,,,,,,,,,,,0.0,1.8,100.0,0.0
2016-11-12,6.6,9.9,98.3,,,,,,,,,,0.0,2.5,100.0,0.0
2016-11-13,,,,,,,,,,,,,0.0,2.0,100.0,0.0
2016-11-14,,,,,,,,,,,,,0.0,2.2,100.0,0.0
2016-11-15,,,,,,,,,,,,,0.0,2.0,100.0,0.0
2016-11-16,6.0,9.7,98.4,,,,,,,,,,0.0,2.6,100.0,0.0
2016-11-17,,,,,,,,,,,,,0.0,2.0,100.0,0.0
2016-11-18,,,,,,,,,,,,,0.0,2.3,100.0,0.0
2016-11-19,,,,,,,,,,,,,0.0,2.4,100.0,0.0
2016-11-20,,,,,,,,,,,,,0.0,4.0,100.0,0.0
2016-11-21,,,,,,,,,,,,,0.0,3.2,100.0,0.0
2016-11-22,,,,,,,,,,,,,0.0,3.3,100.0,0.0
2016-11-23,,,,,,,,,,,,,0.0,3.0,100.0,0.0
2016-11-24,11.6,15.7,98.3,,,,,,,,,,0.0,3.7,100.0,0.0
2016-11-25,,,,,,,,,,,,,0.0,3.9,100.0,0.0
2016-11-26,,,,,,,,,,,,,0.0,4.5,100.0,0.0
2016-11-27,,,,,,,,,,,,,0.0,5.1,100.0,0.0
2016-11-28,18.0,22.6,98.4,,,,,,,,,,0.0,6.3,100.0,0.0
2016-11-29,,,,,,,,,,,,,0.0,7.1,100.0,0.0
2016-11-30,,,,,,,,,,,,,0.0,7.4,100.0,0.0
2016-12-01,,,,0.0,3.3,34.5,,,,,,,0.0,7.7,100.0,0.0
2016-12-02,,,,,,,,,,,,,0.0,8.0,100.0,0.0
2016-12-03,,,,,,,,,,,,,0.0,8.3,100.0,0.0
2016-12-04,,,,,,,,,,,,,0.0,8.2,100.0,0.0
2016-12-05,,,,,,,,,,,,,0.0,9.0,100.0,0.0
2016-12-06,85.6,63.3,98.3,,,,0.0,1.1,56.1,,,,0.0,9.5,100.0,0.0
2016-12-07,,,,,,,,,,,,,0.0,10.2,100.0,0.0
2016-12-08,,,,0.0,9.3,100.0,,,,,,,0.0,9.9,100.0,0.0
2016-12-09,,,,,,,,,,,,,0.1,11.2,100.0,0.1
2016-12-10,100.0,85.6,98.3,,,,,,,,,,0.1,12.2,100.0,0.1
2016-12-11,,,,,,,,,,,,,0.1,13.7,100.0,0.1
2016-12-12,,,,,,,,,,,,,0.1,12.7,100.0,0.1
2016-12-13,,,,,,,,,,,,,0.5,15.0,100.0,0.5
2016-12-14,,,,,,,,,,,,,0.8,16.4,100.0,0.8
2016-12-15,,,,,,,1.0,9.3,95.2,,,,3.2,25.2,100.0,3.2
2016-12-16,,,,,,,,,,,,,3.2,24.1,100.0,3.2
2016-12-17,,,,,,,,,,,,,7.4,35.6,100.0,7.4
2016-12-18,100.0,95.9,98.3,0.0,6.0,100.0,,,,,,,13.0,38.6,100.0,13.0
2016-12-19,,,,,,,,,,,,,28.9,51.0,100.0,28.9
2016-12-20,,,,,,,,,,,,,28.1,50.0,100.0,28.1
2016-12-21,,,,2.3,12.6,100.0,,,,,,,43.5,57.9,100.0,43.5
2016-12-22,100.0,98.9,98.4,,,,8.4,18.5,89.1,,,,57.4,62.4,100.0,57.4
2016-12-23,,,,,,,,,,,,,91.7,70.6,100.0,91.7
2016-12-24,,,,,,,,,,,,,91.5,72.3,100.0,91.5
2016-12-25,,,,,,,,,,,,,94.9,78.0,100.0,94.9
2016-12-26,,,,,,,,,,,,,94.1,77.7,100.0,94.1
2016-12-27,,,,,,,,,,,,,96.8,87.1,100.0,96.8
2016-12-28,,,,95.4,94.3,100.0,,,,,,,96.8,88.0,100.0,96.8
2016-12-29,,,,,,,,,,,,,98.0,91.5,100.0,98.0
2016-12-30,100.0,99.5,98.3,,,,,,,,,,98.5,93.7,100.0,98.5
2016-12-31,,,,98.6,98.4,99.9,90.0,68.9,91.2,,,,98.7,95.7,100.0,98.7
2017-01-01,,,,,,,,,,,,,100.0,96.6,100.0,100.0
2017-01-02,,,,,,,,,,,,,100.0,97.4,100.0,100.0
2017-01-03,100.0,99.6,99.8,,,,,,,,,,100.0,98.6,100.0,100.0
2017-01-04,,,,,,,,,,,,,100.0,98.9,100.0,100.0
2017-01-05,,,,,,,,,,,,,100.0,99.3,100.0,100.0
2017-01-06,,,,,,,,,,,,,100.0,99.4,100.0,100.0
2017-01-07,,,,100.0,100.0,100.0,100.0,100.0,99.0,,,,100.0,99.8,100.0,100.0
2017-01-08,,,,,,,,,,,,,100.0,99.7,100.0,100.0
2017-01-09,,,,,,,,,,,,,100.0,99.7,100.0,100.0
2017-01-10,,,,,,,,,,,,,100.0,99.8,100.0,100.0
2017-01-11,100.0,99.8,99.7,,,,,,,,,,100.0,99.8,100.0,100.0
2017-01-12,,,,,,,,,,,,,100.0,99.7,100.0,100.0
2017-01-13,,,,,,,,,,,,,100.0,99.7,100.0,100.0
2017-01-14,,,,,,,,,,,,,100.0,99.8,100.0,100.0
2017-01-15,100.0,99.9,99.7,,,,,,,,,,100.0,99.7,100.0,100.0
2017-01-16,,,,,,,,,,,,,100.0,99.7,100.0,100.0
2017-01-17,,,,,,,,,,,,,100.0,99.8,100.0,100.0
2017-01-18,,,,,,,,,,,,,100.0,99.8,100.0,100.0
2017-01-19,,,,,,,,,,,,,100.0,99.8,100.0,100.0
2017-01-20,,,,,,,,,,,,,100.0,99.9,100.0,100.0
2017-01-21,,,,,,,,,,,,,100.0,99.9,100.0,100.0
2017-01-22,,,,,,,,,,,,,100.0,100.0,100.0,100.0
2017-01-23,100.0,100.0,99.6,,,,100.0,100.0,100.0,,,,100.0,100.0,100.0,100.0
2017-01-24,,,,,,,,,,,,,100.0,100.0,100.0,100.0
2017-01-25,,,,,,,,,,,,,100.0,100.0,100.0,100.0
2017-01-26,,,,,,,,,,,,,100.0,100.0,100.0,100.0
2017-01-27,100.0,99.9,99.8,100.0,100.0,100.0,,,,,,,100.0,100.0,100.0,100.0
2017-01-28,,,,,,,,,,,,,100.0,100.0,100.0,100.0
2017-01-29,,,,,,,,,,,,,100.0,100.0,100.0,100.0
2017-01-30,,,,,,,,,,,,,100.0,100.0,100.0,100.0
2017-01-31,,,,,,,,,,,,,100.0,99.9,100.0,100.0
2017-02-01,,,,,,,,,,,,,100.0,99.9,100.0,100.0
2017-02-02,,,,,,,,,,,,,100.0,99.9,100.0,100.0
2017-02-03,,,,,,,,,,,,,100.0,99.9,100.0,100.0
2017-02-04,100.0,100.0,99.6,,,,,,,,,,100.0,99.8,100.0,100.0
2017-02-05,,,,,,,,,,,,,100.0,99.7,100.0,100.0
2017-02-06,,,,,,,,,,,,,100.0,99.7,100.0,100.0
2017-02-07,,,,,,,,,,,,,100.0,99.7,100.0,100.0
2017-02-08,100.0,99.9,99.7,,,,,,,,,,100.0,99.5,100.0,100.0
2017-02-09,,,,,,,100.0,100.0,45.2,,,,100.0,99.3,100.0,100.0
2017-02-10,,,,,,,,,,,,,100.0,99.4,100.0,100.0
2017-02-11,,,,,,,,,,,,,100.0,99.5,100.0,100.0
2017-02-12,,,,,,,,,,,,,100.0,99.2,100.0,100.0
2017-02-13,,,,,,,,,,,,,100.0,99.0,100.0,100.0
2017-02-14,,,,,,,,,,,,,100.0,99.1,100.0,100.0
2017-02-15,,,,,,,,,,,,,100.0,99.3,100.0,100.0
2017-02-16,100.0,100.0,99.7,100.0,100.0,100.0,,,,,,,100.0,99.5,100.0,100.0
2017-02-17,,,,,,,,,,,,,100.0,99.1,100.0,100.0
2017-02-18,,,,,,,,,,,,,100.0,99.2,100.0,100.0
2017-02-19,,,,100.0,99.9,100.0,,,,,,,100.0,99.4,100.0,100.0
2017-02-20,100.0,99.9,99.7,,,,,,,,,,100.0,99.3,100.0,100.0
2017-02-21,,,,,,,,,,,,,100.0,98.8,100.0,100.0
2017-02-22,,,,,,,,,,,,,100.0,98.7,100.0,100.0
2017-02-23,,,,,,,,,,,,,100.0,98.7,100.0,100.0
2017-02-24,,,,,,,,,,,,,100.0,98.0,100.0,100.0
2017-02-25,,,,,,,,,,,,,100.0,98.1,100.0,100.0
2017-02-26,,,,99.9,94.7,100.0,,,,,,,100.0,98.1,100.0,100.0
2017-02-27,,,,,,,,,,,,,100.0,98.3,100.0,100.0
2017-02-28,100.0,99.9,99.7,,,,,,,,,,100.0,98.4,100.0,100.0
2017-03-01,,,,,,,,,,,,,100.0,98.3,100.0,100.0
2017-03-02,,,,,,,,,,,,,100.0,98.8,100.0,100.0
2017-03-03,,,,,,,,,,,,,100.0,98.7,100.0,100.0
2017-03-04,100.0,99.5,99.7,,,,,,,,,,100.0,99.0,100.0,100.0
2017-03-05,,,,,,,100.0,99.9,93.8,,,,100.0,98.8,100.0,100.0
2017-03-06,100.0,99.0,99.6,,,,,,,,,,100.0,98.9,100.0,100.0
2017-03-07,,,,,,,,,,,,,100.0,98.4,100.0,100.0
2017-03-08,,,,,,,,,,,,,100.0,98.5,100.0,100.0
2017-03-09,,,,,,,,,,,,,100.0,97.7,100.0,100.0
2017-03-10,100.0,97.4,99.8,,,,,,,,,,100.0,97.8,100.0,100.0
2017-03-11,,,,94.4,86.4,100.0,,,,,,,100.0,97.2,100.0,100.0
2017-03-12,100.0,94.1,99.6,,,,100.0,98.0,67.1,,,,100.0,97.0,100.0,100.0
2017-03-13,,,,,,,,,,,,,99.9,94.8,100.0,99.9
2017-03-14,,,,,,,,,,,,,99.2,91.6,100.0,99.2
2017-03-15,,,,,,,,,,,,,98.8,89.2,100.0,98.8
2017-03-16,99.3,81.3,99.7,,,,,,,,,,96.5,84.4,100.0,96.5
2017-03-17,,,,,,,,,,,,,92.2,77.8,100.0,92.2
2017-03-18,95.4,69.7,99.6,,,,,,,,,,73.0,66.8,100.0,73.0
2017-03-19,,,,,,,,,,,,,62.5,62.3,100.0,62.5
2017-03-20,,,,,,,,,,,,,9.0,40.5,100.0,9.0
2017-03-21,,,,,,,,,,,,,4.8,34.7,100.0,4.8
2017-03-22,,,,,,,,,,,,,2.4,20.1,100.0,2.4
2017-03-23,,,,,,,,,,,,,2.7,21.8,100.0,2.7
2017-03-24,68.1,50.5,99.7,,,,,,,,,,2.3,13.8,100.0,2.3
2017-03-25,,,,,,,,,,,,,2.3,13.7,100.0,2.3
2017-03-26,,,,,,,,,,,,,2.3,11.5,100.0,2.3
2017-03-27,,,,,,,,,,,,,2.2,13.0,100.0,2.2
2017-03-28,38.8,41.5,98.6,3.6,23.5,100.0,6.2,12.8,100.0,,,,2.3,12.2,100.0,2.3
2017-03-29,,,,,,,,,,,,,1.6,12.1,100.0,1.6
2017-03-30,46.3,44.0,98.6,,,,,,,,,,1.4,11.1,100.0,1.4
2017-03-31,,,,0.1,3.0,100.0,,,,,,,0.2,11.3,100.0,0.2
2017-04-01,,,,,,,,,,,,,0.1,11.5,100.0,0.1
2017-04-02,,,,,,,,,,,,,0.1,10.8,100.0,0.1
2017-04-03,57.9,49.7,98.6,,,,,,,,,,0.1,10.4,100.0,0.1
2017-04-04,,,,,,,,,,,,,0.1,11.3,100.0,0.1
2017-04-05,63.5,52.4,98.6,,,,,,,,,,0.1,12.4,100.0,0.1
2017-04-06,,,,,,,,,,,,,0.1,11.6,100.0,0.1
2017-04-07,,,,0.0,1.0,100.0,,,,,,,0.1,9.7,100.0,0.1
2017-04-08,,,,,,,,,,,,,0.0,8.6,100.0,0.0
2017-04-09,40.5,41.2,98.7,,,,,,,,,,0.0,7.9,100.0,0.0
2017-04-10,,,,0.0,0.9,97.7,,,,,,,0.0,6.7,100.0,0.0
2017-04-11,62.5,52.6,98.6,,,,,,,,,,0.0,6.9,100.0,0.0
2017-04-12,,,,,,,,,,,,,0.0,5.9,100.0,0.0
2017-04-13,,,,,,,0.0,0.2,59.9,,,,0.0,5.0,100.0,0.0
2017-04-14,,,,,,,,,,,,,0.0,4.4,100.0,0.0
2017-04-15,39.9,39.9,98.6,,,,,,,,,,0.0,4.5,100.0,0.0
2017-04-16,,,,,,,,,,,,,0.0,3.5,100.0,0.0
2017-04-17,38.4,38.5,98.6,,,,,,,,,,0.0,3.7,100.0,0.0
2017-04-18,,,,,,,,,,,,,0.0,3.6,100.0,0.0
2017-04-19,,,,,,,,,,,,,0.0,3.3,100.0,0.0
2017-04-20,,,,0.0,1.4,41.0,,,,,,,0.0,3.6,100.0,0.0
2017-04-21,28.8,31.7,98.8,,,,,,,,,,0.0,3.8,100.0,0.0
2017-04-22,,,,,,,0.0,0.2,100.0,,,,0.0,3.5,100.0,0.0
2017-04-23,48.3,44.7,98.7,,,,,,,,,,0.0,3.7,100.0,0.0
2017-04-24,,,,,,,,,,,,,0.0,3.6,100.0,0.0
2017-04-25,,,,,,,,,,,,,0.0,3.3,100.0,0.0
2017-04-26,,,,,,,,,,,,,0.0,3.1,100.0,0.0
2017-04-27,37.4,38.0,98.7,,,,,,,,,,0.0,3.5,100.0,0.0
2017-04-28,,,,,,,,,,,,,0.0,4.1,100.0,0.0
2017-04-29,28.0,32.3,98.6,,,,0.0,0.5,99.9,,,,0.0,4.0,100.0,0.0
2017-04-30,,,,0.0,1.1,100.0,,,,,,,0.0,4.1,100.0,0.0
2017-05-01,,,,,,,,,,,,,0.0,4.0,100.0,0.0
2017-05-02,,,,,,,,,,,,,0.0,4.1,100.0,0.0
2017-05-03,12.2,21.2,98.7,,,,,,,,,,0.0,4.0,100.0,0.0
2017-05-04,,,,,,,,,,,,,0.0,3.4,100.0,0.0
2017-05-05,11.1,19.9,98.6,,,,,,,,,,0.0,3.0,100.0,0.0
2017-05-06,,,,,,,,,,,,,0.0,3.1,100.0,0.0
2017-05-07,,,,,,,,,,,,,0.0,3.9,100.0,0.0
2017-05-08,,,,,,,,,,,,,0.0,4.0,100.0,0.0
2017-05-09,9.8,17.2,98.6,,,,,,,,,,0.0,2.8,100.0,0.0
2017-05-10,,,,0.0,0.3,100.0,,,,,,,0.0,2.3,100.0,0.0
2017-05-11,10.4,17.7,98.6,,,,,,,,,,0.0,2.2,100.0,0.0
2017-05-12,,,,,,,,,,,,,0.0,2.0,100.0,0.0
2017-05-13,,,,,,,,,,,,,0.0,1.6,100.0,0.0
2017-05-14,,,,,,,,,,,,,0.0,1.5,100.0,0.0
2017-05-15,9.9,15.3,98.6,,,,0.0,0.1,96.1,,,,0.0,1.5,100.0,0.0
2017-05-16,,,,,,,,,,,,,0.0,1.5,100.0,0.0
2017-05-17,15.0,23.5,98.6,0.0,0.2,100.0,,,,,,,0.0,1.2,100.0,0.0
2017-05-18,,,,,,,,,,,,,0.0,1.2,100.0,0.0
2017-05-19,,,,,,,,,,,,,0.0,1.5,100.0,0.0
2017-05-20,,,,,,,,,,,,,0.0,1.7,100.0,0.0
2017-05-21,28.6,32.5,98.6,,,,,,,,,,0.0,1.6,100.0,0.0
2017-05-22,,,,,,,,,,,,,0.0,1.4,100.0,0.0
2017-05-23,44.0,42.0,98.6,,,,,,,,,,0.0,2.0,100.0,0.0
2017-05-24,,,,,,,,,,,,,0.0,2.4,100.0,0.0
2017-05-25,,,,,,,,,,,,,0.0,2.0,100.0,0.0
2017-05-26,,,,,,,,,,,,,0.0,1.4,100.0,0.0
2017-05-27,20.9,26.6,98.6,0.0,0.2,100.0,,,,,,,0.0,1.1,100.0,0.0
2017-05-28,,,,,,,,,,,,,0.0,1.0,100.0,0.0
2017-05-29,20.6,25.4,98.6,,,,,,,,,,0.0,0.8,100.0,0.0
2017-05-30,,,,0.0,0.2,100.0,,,,,,,0.0,0.7,100.0,0.0
2017-05-31,,,,,,,0.0,0.0,37.3,,,,0.0,0.8,100.0,0.0
2017-06-01,,,,,,,0.0,0.0,35.4,,,,0.0,0.8,100.0,0.0
2017-06-02,24.5,28.2,98.7,,,,,,,,,,0.0,0.7,100.0,0.0
2017-06-03,,,,,,,,,,,,,0.0,0.7,100.0,0.0
2017-06-04,24.0,28.5,98.6,,,,,,,,,,0.0,0.8,100.0,0.0
2017-06-05,,,,,,,,,,,,,0.0,0.9,100.0,0.0
2017-06-06,,,,,,,,,,,,,0.0,0.8,100.0,0.0
2017-06-07,,,,,,,,,,,,,0.0,1.3,100.0,0.0
2017-06-08,17.1,24.5,98.7,,,,,,,,,,0.0,1.8,100.0,0.0
2017-06-09,,,,,,,,,,,,,0.0,2.7,100.0,0.0
2017-06-10,25.0,31.0,98.6,,,,,,,,,,0.0,2.7,100.0,0.0
2017-06-11,,,,,,,,,,,,,0.0,2.6,100.0,0.0
2017-06-12,,,,,,,,,,,,,0.0,2.4,100.0,0.0
2017-06-13,,,,,,,,,,,,,0.0,2.4,100.0,0.0
2017-06-14,32.2,36.1,98.7,,,,,,,,,,0.0,2.4,100.0,0.0
2017-06-15,,,,,,,,,,,,,0.0,2.0,100.0,0.0
2017-06-16,31.7,36.9,98.6,0.0,0.3,32.8,,,,,,,0.0,2.3,100.0,0.0
2017-06-17,,,,,,,,,,,,,0.0,2.7,100.0,0.0
2017-06-18,,,,,,,,,,,,,0.0,2.5,100.0,0.0
2017-06-19,,,,0.0,0.2,95.4,,,,,,,0.0,2.1,100.0,0.0
2017-06-20,27.5,34.3,98.6,,,,,,,,,,0.0,1.9,100.0,0.0
2017-06-21,,,,,,,,,,,,,0.0,1.7,100.0,0.0
2017-06-22,28.5,36.2,98.6,,,,,,,,,,0.0,1.7,100.0,0.0
2017-06-23,,,,,,,,,,,,,0.0,1.7,100.0,0.0
2017-06-24,,,,,,,,,,,,,0.0,1.8,100.0,0.0
2017-06-25,,,,,,,,,,,,,0.0,2.0,100.0,0.0
2017-06-26,42.5,43.0,98.6,0.0,0.2,100.0,,,,,,,0.0,2.0,100.0,0.0
2017-06-27,,,,,,,,,,,,,0.0,2.4,100.0,0.0
2017-06-28,38.1,40.8,98.5,,,,,,,,,,0.0,2.7,100.0,0.0
2017-06-29,,,,0.0,0.3,58.4,,,,,,,0.0,3.3,100.0,0.0
2017-06-30,,,,,,,,,,,,,0.0,3.4,100.0,0.0
2017-07-01,,,,,,,,,,,,,0.0,4.3,100.0,0.0
2017-07-02,34.1,38.9,98.6,,,,,,,,,,0.0,5.2,100.0,0.0
2017-07-03,,,,,,,,,,,,,0.0,5.5,100.0,0.0
2017-07-04,55.2,48.0,98.6,0.0,0.3,100.0,,,,,,,0.0,3.1,100.0,0.0
2017-07-05,,,,,,,,,,,,,0.0,2.5,100.0,0.0
2017-07-06,,,,0.0,0.2,100.0,,,,,,,0.0,2.1,100.0,0.0
2017-07-07,,,,,,,,,,,,,0.0,2.3,100.0,0.0
2017-07-08,,,,,,,,,,,,,0.0,1.7,100.0,0.0
2017-07-09,,,,,,,,,,,,,0.0,1.7,100.0,0.0
2017-07-10,43.0,43.4,98.6,,,,,,,,,,0.0,1.2,100.0,0.0
2017-07-11,,,,,,,,,,,,,0.0,1.2,100.0,0.0
2017-07-12,,,,,,,,,,,,,0.0,0.7,100.0,0.0
2017-07-13,,,,,,,,,,,,,0.0,0.6,100.0,0.0
2017-07-14,29.4,35.4,98.6,0.0,0.3,56.4,,,,,,,0.0,0.6,100.0,0.0
2017-07-15,,,,,,,,,,,,,0.0,0.6,100.0,0.0
2017-07-16,17.8,25.0,98.5,,,,,,,,,,0.0,0.5,100.0,0.0
2017-07-17,,,,,,,,,,,,,0.0,0.5,100.0,0.0
2017-07-18,,,,,,,0.0,0.0,90.2,,,,0.0,0.5,100.0,0.0
2017-07-19,,,,,,,,,,,,,0.0,0.5,100.0,0.0
2017-07-20,22.3,30.1,98.7,,,,,,,,,,0.0,0.5,100.0,0.0
2017-07-21,,,,0.0,0.2,91.6,,,,,,,0.0,0.5,100.0,0.0
2017-07-22,21.9,29.0,98.6,,,,,,,,,,0.0,0.7,100.0,0.0
2017-07-23,,,,,,,,,,,,,0.0,0.7,100.0,0.0
2017-07-24,,,,,,,,,,,,,0.0,0.7,100.0,0.0
2017-07-25,,,,,,,,,,,,,0.0,0.8,100.0,0.0
2017-07-26,13.9,23.4,98.7,,,,,,,,,,0.0,1.3,100.0,0.0
2017-07-27,,,,,,,,,,,,,0.0,1.3,100.0,0.0
2017-07-28,15.1,22.6,98.6,,,,,,,,,,0.0,1.2,100.0,0.0
2017-07-29,,,,0.0,0.3,100.0,,,,,,,0.0,0.9,100.0,0.0
2017-07-30,,,,,,,,,,,,,0.0,0.9,100.0,0.0
2017-07-31,,,,0.0,0.4,68.1,,,,,,,0.0,0.7,100.0,0.0
2017-08-01,13.8,23.8,98.7,,,,,,,,,,0.0,0.6,100.0,0.0
2017-08-02,,,,,,,,,,,,,0.0,0.4,100.0,0.0
2017-08-03,16.4,23.9,98.6,0.0,0.5,85.2,,,,,,,0.0,0.5,100.0,0.0
2017-08-04,,,,,,,,,,,,,0.0,0.4,100.0,0.0
2017-08-05,,,,0.0,0.5,93.4,,,,,,,0.0,0.4,100.0,0.0
2017-08-06,,,,,,,,,,,,,0.0,0.3,100.0,0.0
2017-08-07,11.5,19.4,98.7,,,,,,,,,,0.0,0.3,100.0,0.0
2017-08-08,,,,,,,,,,,,,0.0,0.3,100.0,0.0
2017-08-09,10.8,17.0,98.6,,,,,,,,,,0.0,0.3,100.0,0.0
2017-08-10,,,,,,,,,,,,,0.0,0.3,100.0,0.0
2017-08-11,,,,,,,,,,,,,0.0,0.3,100.0,0.0
2017-08-12,,,,,,,,,,,,,0.0,0.4,100.0,0.0
2017-08-13,13.2,20.1,98.7,0.0,0.3,100.0,,,,,,,0.0,0.3,100.0,0.0
2017-08-14,,,,,,,,,,,,,0.0,0.3,100.0,0.0
2017-08-15,15.2,22.6,98.6,0.0,0.5,97.4,,,,,,,0.0,0.3,100.0,0.0
2017-08-16,,,,,,,,,,,,,0.0,0.3,100.0,0.0
2017-08-17,,,,,,,,,,,,,0.0,0.2,100.0,0.0
2017-08-18,,,,0.0,0.8,100.0,,,,,,,0.0,0.2,100.0,0.0
2017-08-19,11.8,19.6,98.6,,,,,,,,,,0.0,0.2,100.0,0.0
2017-08-20,,,,0.0,4.2,99.8,0.0,0.0,45.0,,,,0.0,0.2,100.0,0.0
2017-08-21,11.0,17.6,98.6,,,,,,,,,,0.0,0.2,100.0,0.0
2017-08-22,,,,,,,,,,,,,0.0,0.2,100.0,0.0
2017-08-23,,,,0.0,2.3,65.7,,,,,,,0.0,0.2,100.0,0.0
2017-08-24,,,,,,,,,,,,,0.0,0.2,100.0,0.0
2017-08-25,11.5,18.5,98.7,0.0,2.7,100.0,,,,,,,0.0,0.1,100.0,0.0
2017-08-26,,,,,,,,,,,,,0.0,0.1,100.0,0.0
2017-08-27,19.9,29.5,98.6,,,,,,,,,,0.0,0.1,100.0,0.0
2017-08-28,,,,,,,,,,,,,0.0,0.2,100.0,0.0
2017-08-29,,,,,,,,,,,,,0.0,0.1,100.0,0.0
2017-08-30,,,,0.0,0.8,100.0,,,,,,,0.0,0.2,100.0,0.0
2017-08-31,32.3,38.2,98.8,,,,,,,,,,0.0,0.2,100.0,0.0
2017-09-01,,,,,,,,,,,,,0.0,0.2,100.0,0.0
2017-09-02,68.4,52.7,98.6,,,,,,,,,,0.0,0.2,100.0,0.0
2017-09-03,,,,,,,,,,,,,0.0,0.2,100.0,0.0
2017-09-04,,,,,,,,,,,,,0.0,0.3,100.0,0.0
2017-09-05,,,,,,,,,,,,,0.0,0.4,100.0,0.0
2017-09-06,56.2,48.7,98.6,,,,,,,,,,0.0,0.4,100.0,0.0
2017-09-07,,,,,,,,,,,,,0.0,0.5,100.0,0.0
2017-09-08,40.9,42.7,98.6,,,,,,,,,,0.0,0.6,100.0,0.0
2017-09-09,,,,,,,,,,,,,0.0,0.6,100.0,0.0
2017-09-10,,,,,,,,,,,,,0.0,0.7,100.0,0.0
2017-09-11,,,,,,,,,,,,,0.0,0.9,100.0,0.0
2017-09-12,22.8,33.4,98.8,,,,,,,,,,0.0,0.9,100.0,0.0
2017-09-13,,,,,,,,,,,,,0.0,1.0,100.0,0.0
2017-09-14,14.2,28.1,98.6,,,,,,,,,,0.0,1.1,100.0,0.0
2017-09-15,,,,,,,,,,,,,0.0,1.3,100.0,0.0
2017-09-16,,,,,,,,,,,,,0.0,1.0,100.0,0.0
2017-09-17,,,,,,,,,,,,,0.0,1.0,100.0,0.0
2017-09-18,12.1,26.2,98.7,,,,,,,,,,0.0,1.0,100.0,0.0
2017-09-19,,,,,,,,,,,,,0.0,1.1,100.0,0.0
2017-09-20,11.6,26.2,97.1,,,,,,,,,,0.0,0.9,100.0,0.0
2017-09-21,,,,,,,,,,,,,0.0,1.0,100.0,0.0
2017-09-22,,,,0.0,0.6,100.0,,,,,,,0.0,0.8,100.0,0.0
2017-09-23,,,,,,,,,,,,,0.0,0.9,100.0,0.0
2017-09-24,15.1,31.6,97.3,0.0,0.9,96.8,,,,,,,0.0,0.7,100.0,0.0
2017-09-25,,,,,,,,,,,,,0.0,0.7,100.0,0.0
2017-09-26,21.0,34.4,97.2,,,,,,,,,,0.0,0.6,100.0,0.0
2017-09-27,,,,,,,,,,,,,0.0,0.6,100.0,0.0
2017-09-28,,,,,,,,,,,,,0.0,0.5,100.0,0.0
2017-09-29,,,,,,,,,,,,,0.0,0.6,100.0,0.0
2017-09-30,20.8,33.7,97.3,,,,,,,,,,0.0,0.6,100.0,0.0
2017-10-01,,,,,,,,,,,,,0.0,0.5,100.0,0.0
2017-10-02,29.1,35.6,97.2,,,,,,,,,,0.0,0.4,100.0,0.0
2017-10-03,,,,,,,,,,,,,0.0,0.5,100.0,0.0
2017-10-04,,,,,,,,,,,,,0.0,0.4,100.0,0.0
2017-10-05,,,,,,,,,,,,,0.0,0.6,100.0,0.0
2017-10-06,28.9,36.1,97.3,,,,,,,,,,0.0,0.5,100.0,0.0
2017-10-07,,,,0.1,1.0,100.0,,,,,,,0.0,0.5,100.0,0.0
2017-10-08,42.0,41.2,97.2,,,,,,,,,,0.0,0.5,100.0,0.0
2017-10-09,,,,,,,,,,,,,0.0,0.4,100.0,0.0
2017-10-10,,,,,,,,,,,,,0.0,0.4,100.0,0.0
2017-10-11,,,,,,,,,,,,,0.0,0.3,100.0,0.0
2017-10-12,37.6,39.5,97.2,0.1,1.3,98.2,,,,,,,0.0,0.2,100.0,0.0
2017-10-13,,,,,,,,,,,,,0.0,0.2,100.0,0.0
2017-10-14,42.8,40.8,97.1,0.1,1.3,100.0,,,,,,,0.0,0.3,100.0,0.0
2017-10-15,,,,,,,0.0,0.0,100.0,,,,0.0,0.2,100.0,0.0
2017-10-16,,,,,,,,,,,,,0.0,0.2,100.0,0.0
2017-10-17,,,,0.0,1.0,99.9,,,,,,,0.0,0.2,100.0,0.0
2017-10-18,27.8,32.7,97.2,,,,,,,,,,0.0,0.2,100.0,0.0
2017-10-19,,,,,,,,,,,,,0.0,0.3,100.0,0.0
2017-10-20,23.0,30.0,97.2,,,,,,,,,,0.0,0.3,100.0,0.0
2017-10-21,,,,,,,,,,,,,0.0,0.3,100.0,0.0
2017-10-22,,,,,,,,,,,,,0.0,0.6,100.0,0.0
2017-10-23,,,,,,,,,,,,,0.0,0.7,100.0,0.0
2017-10-24,22.0,29.8,97.1,0.0,0.9,99.8,,,,,,,0.0,0.7,100.0,0.0
2017-10-25,,,,,,,,,,,,,0.0,0.5,100.0,0.0
2017-10-26,21.9,27.9,97.1,,,,,,,,,,0.0,0.7,100.0,0.0
2017-10-27,,,,,,,,,,,,,0.0,0.7,100.0,0.0
2017-10-28,,,,,,,,,,,,,0.0,0.6,100.0,0.0
2017-10-29,,,,,,,,,,,,,0.0,0.6,100.0,0.0
2017-10-30,10.9,18.8,97.2,,,,,,,,,,0.0,0.8,100.0,0.0
2017-10-31,,,,,,,0.0,0.1,100.0,,,,0.0,0.7,100.0,0.0
2017-11-01,10.4,16.9,97.1,0.1,2.1,100.0,,,,,,,0.0,0.7,100.0,0.0
2017-11-02,,,,,,,,,,,,,0.0,0.7,100.0,0.0
2017-11-03,,,,0.1,4.8,100.0,,,,,,,0.0,0.7,100.0,0.0
2017-11-04,,,,,,,,,,,,,0.0,0.8,100.0,0.0
2017-11-05,7.5,13.6,97.2,,,,,,,,,,0.0,0.9,100.0,0.0
2017-11-06,,,,,,,,,,,,,0.0,1.0,100.0,0.0
2017-11-07,17.2,25.2,97.2,,,,,,,,,,0.0,1.3,100.0,0.0
2017-11-08,,,,0.1,13.6,84.5,,,,,,,0.0,1.7,100.0,0.0
2017-11-09,,,,,,,,,,,,,0.0,1.7,100.0,0.0
2017-11-10,,,,,,,,,,,,,0.0,1.8,100.0,0.0
2017-11-11,6.6,13.0,97.1,,,,,,,,,,0.0,2.2,100.0,0.0
2017-11-12,,,,,,,,,,,,,0.0,2.4,100.0,0.0
2017-11-13,7.3,15.5,97.0,,,,,,,,,,0.0,2.8,100.0,0.0
2017-11-14,,,,,,,,,,,,,0.0,3.0,100.0,0.0
2017-11-15,,,,,,,,,,,,,0.0,3.4,100.0,0.0
2017-11-16,,,,,,,,,,,,,0.0,5.5,100.0,0.0
2017-11-17,3.8,8.4,97.1,,,,,,,,,,0.0,5.8,100.0,0.0
2017-11-18,,,,,,,,,,,,,0.0,5.0,100.0,0.0
2017-11-19,5.9,13.8,97.1,,,,,,,,,,0.0,4.8,100.0,0.0
2017-11-20,,,,,,,,,,,,,0.0,5.0,100.0,0.0
2017-11-21,,,,,,,,,,,,,0.0,4.3,100.0,0.0
2017-11-22,,,,,,,,,,,,,0.0,4.3,100.0,0.0
2017-11-23,3.8,9.8,97.1,0.0,4.4,50.9,,,,,,,0.0,3.7,100.0,0.0
2017-11-24,,,,,,,,,,,,,0.0,3.9,100.0,0.0
2017-11-25,3.8,11.0,97.1,,,,,,,,,,0.0,4.0,100.0,0.0
2017-11-26,,,,,,,,,,,,,0.0,3.8,100.0,0.0
2017-11-27,,,,,,,,,,,,,0.0,3.6,100.0,0.0
2017-11-28,,,,,,,,,,,,,0.0,3.6,100.0,0.0
2017-11-29,3.8,9.7,97.2,,,,,,,,,,0.0,3.7,100.0,0.0
2017-11-30,,,,,,,,,,,,,0.0,3.7,100.0,0.0
2017-12-01,4.6,10.4,97.2,11.2,35.8,99.9,,,,,,,0.0,4.4,100.0,0.0
2017-12-02,,,,,,,0.2,6.6,100.0,,,,0.0,4.4,100.0,0.0
2017-12-03,,,,54.3,50.3,100.0,,,,,,,0.0,5.4,100.0,0.0
2017-12-04,,,,,,,,,,,,,0.0,4.9,100.0,0.0
2017-12-05,3.3,7.0,97.1,,,,,,,,,,0.0,5.9,100.0,0.0
2017-12-06,,,,85.8,57.6,100.0,,,,,,,0.0,6.1,100.0,0.0
2017-12-07,3.2,6.2,97.1,,,,,,,,,,0.0,7.9,100.0,0.0
2017-12-08,,,,,,,,,,,,,0.0,6.9,100.0,0.0
2017-12-09,,,,,,,,,,,,,0.0,9.9,100.0,0.0
2017-12-10,,,,,,,,,,,,,0.0,9.9,100.0,0.0
2017-12-11,3.7,6.9,97.1,,,,,,,,,,0.0,15.0,100.0,0.0
2017-12-12,,,,,,,,,,,,,0.0,13.2,100.0,0.0
2017-12-13,7.5,12.9,97.2,77.8,55.1,99.9,,,,,,,0.3,20.4,100.0,0.3
2017-12-14,,,,,,,,,,,,,0.1,17.6,100.0,0.1
2017-12-15,,,,,,,,,,,,,1.2,24.9,100.0,1.2
2017-12-16,,,,,,,,,,,,,0.8,21.8,100.0,0.8
2017-12-17,9.5,17.7,97.1,,,,,,,,,,6.6,31.8,100.0,6.6
2017-12-18,,,,,,,,,,,,,6.0,28.6,100.0,6.0
2017-12-19,12.9,23.6,97.1,,,,,,,,,,11.5,39.7,100.0,11.5
2017-12-20,,,,,,,,,,,,,8.9,34.1,100.0,8.9
2017-12-21,,,,86.7,65.0,100.0,,,,,,,21.9,48.0,100.0,21.9
2017-12-22,,,,,,,,,,,,,14.4,41.6,100.0,14.4
2017-12-23,12.5,23.0,97.1,77.9,61.5,99.4,,,,,,,29.9,51.6,100.0,29.9
2017-12-24,,,,,,,,,,,,,15.7,42.1,100.0,15.7
2017-12-25,23.8,29.6,97.2,,,,82.1,60.2,100.0,,,,40.5,56.3,100.0,40.5
2017-12-26,,,,,,,,,,,,,28.5,50.9,100.0,28.5
2017-12-27,,,,,,,,,,,,,55.6,61.5,100.0,55.6
2017-12-28,,,,,,,,,,,,,37.4,55.0,100.0,37.4
2017-12-29,24.1,29.9,97.2,,,,,,,,,,72.7,66.0,100.0,72.7
2017-12-30,,,,,,,,,,,,,55.7,61.7,100.0,55.7
2017-12-31,48.1,43.5,97.2,78.1,65.3,100.0,,,,,,,83.5,69.1,100.0,83.5
2018-01-01,,,,,,,,,,,,,60.3,62.8,100.0,60.3
2018-01-02,,,,66.8,57.6,71.8,,,,,,,80.6,68.4,100.0,80.6
2018-01-03,,,,,,,,,,,,,75.0,66.4,100.0,75.0
2018-01-04,81.6,61.9,95.7,,,,,,,,,,87.6,70.4,100.0,87.6
2018-01-05,,,,,,,,,,,,,76.0,66.0,100.0,76.0
2018-01-06,87.1,69.2,95.7,,,,,,,,,,82.8,68.0,100.0,82.8
2018-01-07,,,,,,,,,,,,,77.6,65.4,100.0,77.6
2018-01-08,,,,,,,,,,,,,82.1,66.1,100.0,82.1
2018-01-09,,,,,,,,,,,,,75.6,63.8,100.0,75.6
2018-01-10,77.9,60.1,95.8,20.4,27.4,100.0,,,,,,,79.6,64.6,100.0,79.6
2018-01-11,,,,,,,,,,,,,73.2,62.2,100.0,73.2
2018-01-12,79.1,60.9,95.7,,,,,,,,,,84.1,65.3,100.0,84.1
2018-01-13,,,,,,,,,,,,,62.0,60.4,100.0,62.0
2018-01-14,,,,,,,,,,,,,81.2,64.3,100.0,81.2
2018-01-15,,,,,,,,,,,,,65.4,62.0,100.0,65.4
2018-01-16,67.0,51.1,95.8,,,,,,,,,,86.8,66.2,100.0,86.8
2018-01-17,,,,,,,,,,,,,52.6,60.7,100.0,52.6
2018-01-18,69.0,52.4,95.7,,,,,,,,,,91.0,67.4,100.0,91.0
2018-01-19,,,,,,,,,,,,,56.9,63.4,100.0,56.9
2018-01-20,,,,,,,,,,,,,86.7,67.4,100.0,86.7
2018-01-21,,,,,,,,,,,,,75.1,65.7,100.0,75.1
2018-01-22,36.8,39.4,95.8,,,,,,,,,,95.5,70.1,100.0,95.5
2018-01-23,,,,,,,,,,,,,87.2,66.5,100.0,87.2
2018-01-24,19.5,30.7,95.7,,,,,,,,,,91.6,69.3,100.0,91.6
2018-01-25,,,,0.3,4.6,51.6,,,,,,,83.0,65.6,100.0,83.0
2018-01-26,,,,,,,,,,,,,84.3,66.8,100.0,84.3
2018-01-27,,,,,,,,,,,,,88.2,67.8,100.0,88.2
2018-01-28,17.2,29.6,95.8,,,,,,,,,,82.6,66.9,100.0,82.6
2018-01-29,,,,,,,,,,,,,91.1,68.2,100.0,91.1
2018-01-30,44.7,42.4,95.7,7.0,24.7,69.8,,,,,,,87.6,67.3,100.0,87.6
2018-01-31,,,,,,,,,,,,,93.7,69.3,100.0,93.7
2018-02-01,,,,,,,,,,,,,92.1,69.3,100.0,92.1
2018-02-02,,,,,,,,,,,,,95.1,71.8,100.0,95.1
2018-02-03,46.3,42.1,95.7,,,,,,,,,,95.3,72.9,100.0,95.3
2018-02-04,,,,82.7,70.4,99.5,97.6,90.2,88.0,,,,97.6,78.8,100.0,97.6
2018-02-05,66.1,52.9,95.7,,,,,,,,,,97.7,79.1,100.0,97.7
2018-02-06,,,,94.4,83.0,67.7,,,,,,,98.1,81.6,100.0,98.1
2018-02-07,,,,,,,,,,,,,98.5,83.1,100.0,98.5
2018-02-08,,,,,,,,,,,,,98.8,84.6,100.0,98.8
2018-02-09,89.0,64.0,95.8,98.4,95.4,98.0,,,,,,,99.3,87.7,100.0,99.3
2018-02-10,,,,,,,,,,,,,99.3,87.3,100.0,99.3
2018-02-11,99.9,87.9,95.7,,,,,,,,,,99.6,89.3,100.0,99.6
2018-02-12,,,,,,,,,,,,,99.6,89.7,100.0,99.6
2018-02-13,,,,,,,,,,,,,99.7,91.6,100.0,99.7
2018-02-14,,,,,,,,,,,,,99.8,91.8,100.0,99.8
2018-02-15,100.0,92.8,95.8,,,,,,,,,,99.8,94.1,100.0,99.8
2018-02-16,,,,,,,,,,,,,99.7,93.6,100.0,99.7
2018-02-17,100.0,97.5,95.7,,,,,,,,,,99.6,94.8,100.0,99.6
2018-02-18,,,,,,,,,,,,,99.5,93.8,100.0,99.5
2018-02-19,,,,,,,,,,,,,99.4,94.7,100.0,99.4
2018-02-20,,,,,,,,,,,,,99.4,94.4,100.0,99.4
2018-02-21,100.0,98.9,95.9,100.0,99.8,38.3,,,,,,,99.3,95.6,100.0,99.3
2018-02-22,,,,,,,,,,,,,99.4,95.8,100.0,99.4
2018-02-23,100.0,99.6,95.7,,,,,,,,,,99.3,96.4,100.0,99.3
2018-02-24,,,,,,,,,,,,,99.3,95.6,100.0,99.3
2018-02-25,,,,,,,,,,,,,99.4,96.4,100.0,99.4
2018-02-26,,,,,,,,,,,,,99.8,96.5,100.0,99.8
2018-02-27,100.0,99.5,95.8,,,,,,,,,,100.0,97.4,100.0,100.0
2018-02-28,,,,,,,,,,,,,100.0,97.4,100.0,100.0
2018-03-01,100.0,99.6,95.6,,,,,,,,,,100.0,98.0,100.0,100.0
2018-03-02,,,,,,,,,,,,,100.0,98.0,100.0,100.0
2018-03-03,,,,100.0,97.7,62.8,,,,,,,100.0,98.6,100.0,100.0
2018-03-04,,,,,,,,,,,,,100.0,98.5,100.0,100.0
2018-03-05,100.0,99.7,96.0,,,,,,,,,,100.0,99.0,100.0,100.0
2018-03-06,,,,,,,,,,,,,100.0,98.9,100.0,100.0
2018-03-07,100.0,99.8,95.9,,,,,,,,,,100.0,99.1,100.0,100.0
2018-03-08,,,,100.0,98.4,100.0,100.0,100.0,99.4,,,,100.0,99.2,100.0,100.0
2018-03-09,,,,,,,,,,,,,100.0,98.8,100.0,100.0
2018-03-10,,,,,,,,,,,,,100.0,98.3,100.0,100.0
2018-03-11,100.0,99.2,96.0,,,,,,,,,,100.0,98.2,100.0,100.0
2018-03-12,,,,,,,,,,,,,100.0,97.3,100.0,100.0
2018-03-13,100.0,98.6,95.9,,,,,,,,,,100.0,96.9,100.0,100.0
2018-03-14,,,,,,,,,,,,,100.0,95.7,100.0,100.0
2018-03-15,,,,,,,,,,,,,100.0,95.1,100.0,100.0
2018-03-16,,,,69.0,62.7,47.0,,,,,,,99.8,92.3,100.0,99.8
2018-03-17,100.0,95.8,96.0,,,,,,,,,,99.5,90.6,100.0,99.5
2018-03-18,,,,,,,,,,,,,98.3,88.1,100.0,98.3
2018-03-19,100.0,93.4,95.9,,,,,,,,,,93.2,86.0,100.0,93.2
2018-03-20,,,,,,,,,,,,,88.4,82.3,100.0,88.4
2018-03-21,,,,,,,,,,,,,86.2,81.0,100.0,86.2
2018-03-22,,,,,,,,,,,,,85.0,79.4,100.0,85.0
2018-03-23,99.2,78.8,96.0,69.8,69.2,65.4,,,,,,,82.9,78.2,100.0,82.9
2018-03-24,,,,,,,97.0,81.7,99.9,,,,78.3,71.8,100.0,78.3
2018-03-25,83.3,59.9,96.0,,,,,,,,,,74.8,68.1,100.0,74.8
2018-03-26,,,,,,,,,,,,,72.1,65.4,100.0,72.1
2018-03-27,,,,,,,,,,,,,54.8,56.1,100.0,54.8
2018-03-28,,,,,,,,,,,,,44.6,51.6,100.0,44.6
2018-03-29,19.6,28.1,96.0,,,,,,,,,,21.1,41.9,100.0,21.1
2018-03-30,,,,,,,,,,,,,20.4,40.9,100.0,20.4
2018-03-31,27.8,32.4,95.9,,,,,,,,,,9.6,35.5,100.0,9.6
2018-04-01,,,,,,,,,,,,,6.1,32.9,100.0,6.1
2018-04-02,,,,29.4,31.3,100.0,,,,,,,2.4,27.4,100.0,2.4
2018-04-03,,,,,,,,,,,,,1.0,24.3,100.0,1.0
2018-04-04,10.1,17.7,95.9,,,,,,,,,,0.7,20.3,100.0,0.7
2018-04-05,,,,,,,,,,,,,0.2,18.5,100.0,0.2
2018-04-06,10.5,19.5,95.9,,,,,,,,,,0.1,16.6,100.0,0.1
2018-04-07,,,,0.1,5.0,100.0,,,,,,,0.0,14.8,100.0,0.0
2018-04-08,,,,,,,,,,,,,0.0,13.7,100.0,0.0
2018-04-09,,,,,,,,,,,,,0.0,13.3,100.0,0.0
2018-04-10,6.9,13.7,96.0,0.0,1.0,65.0,,,,,,,0.0,13.9,100.0,0.0
2018-04-11,,,,,,,,,,,,,0.0,10.4,100.0,0.0
2018-04-12,7.1,14.2,95.9,,,,,,,,,,0.0,9.9,100.0,0.0
2018-04-13,,,,,,,,,,,,,0.0,10.0,100.0,0.0
2018-04-14,,,,,,,,,,,,,0.0,9.5,100.0,0.0
2018-04-15,,,,,,,,,,,,,0.0,8.7,100.0,0.0
2018-04-16,8.1,13.6,95.9,,,,,,,,,,0.0,7.4,100.0,0.0
2018-04-17,,,,0.0,1.0,100.0,,,,,,,0.0,6.0,100.0,0.0
2018-04-18,,,,,,,,,,,,,0.0,4.8,100.0,0.0
2018-04-19,,,,,,,,,,,,,0.0,3.5,100.0,0.0
2018-04-20,,,,0.0,1.1,100.0,,,,,,,0.0,2.7,100.0,0.0
2018-04-21,,,,,,,,,,,,,0.0,2.6,100.0,0.0
2018-04-22,6.9,11.8,95.9,0.0,1.5,86.2,,,,,,,0.0,1.7,100.0,0.0
2018-04-23,,,,,,,,,,,,,0.0,1.7,100.0,0.0
2018-04-24,7.2,11.1,95.8,,,,,,,,,,0.0,1.7,100.0,0.0
2018-04-25,,,,0.0,1.4,100.0,0.1,0.3,100.0,,,,0.0,2.1,100.0,0.0
2018-04-26,,,,,,,,,,,,,0.0,1.7,100.0,0.0
2018-04-27,,,,0.0,1.0,100.0,,,,,,,0.0,1.5,100.0,0.0
2018-04-28,5.1,8.2,95.9,,,,,,,,,,0.0,1.5,100.0,0.0
2018-04-29,,,,,,,,,,,,,0.0,1.9,100.0,0.0
2018-04-30,7.2,10.3,95.8,0.0,1.4,42.0,,,,,,,0.0,1.7,100.0,0.0
2018-05-01,,,,,,,,,,,,,0.0,1.8,100.0,0.0
2018-05-02,,,,,,,,,,,,,0.0,1.9,100.0,0.0
2018-05-03,,,,,,,,,,,,,0.0,2.5,100.0,0.0
2018-05-04,5.1,8.2,95.9,,,,,,,,,,0.0,1.9,100.0,0.0
2018-05-05,,,,0.0,1.3,98.4,,,,,,,0.0,1.3,100.0,0.0
2018-05-06,5.3,7.9,95.9,,,,,,,,,,0.0,1.1,100.0,0.0
2018-05-07,,,,0.0,0.7,100.0,,,,,,,0.0,1.0,100.0,0.0
2018-05-08,,,,,,,,,,,,,0.0,0.6,100.0,0.0
2018-05-09,,,,,,,,,,,,,0.0,0.6,100.0,0.0
2018-05-10,2.7,5.4,95.9,,,,,,,,,,0.0,0.6,100.0,0.0
2018-05-11,,,,,,,0.0,0.0,100.0,,,,0.0,0.5,100.0,0.0
2018-05-12,4.2,7.0,95.9,0.0,0.4,97.6,,,,,,,0.0,0.4,100.0,0.0
2018-05-13,,,,,,,,,,,,,0.0,0.5,100.0,0.0
2018-05-14,,,,,,,,,,,,,0.0,0.4,100.0,0.0
2018-05-15,,,,,,,,,,,,,0.0,0.5,100.0,0.0
2018-05-16,3.5,6.3,95.9,,,,,,,,,,0.0,0.4,100.0,0.0
2018-05-17,,,,,,,,,,,,,0.0,0.4,100.0,0.0
2018-05-18,5.5,9.5,95.9,,,,0.0,0.0,90.4,,,,0.0,0.4,100.0,0.0
2018-05-19,,,,,,,,,,,,,0.0,0.6,100.0,0.0
2018-05-20,,,,,,,,,,,,,0.0,0.6,100.0,0.0
2018-05-21,,,,,,,,,,,,,0.0,0.5,100.0,0.0
2018-05-22,4.2,7.8,95.9,0.0,0.4,91.3,,,,,,,0.0,0.5,100.0,0.0
2018-05-23,,,,,,,,,,,,,0.0,0.5,100.0,0.0
2018-05-24,5.9,11.4,96.0,,,,,,,,,,0.0,0.4,100.0,0.0
2018-05-25,,,,0.0,0.3,100.0,,,,,,,0.0,0.4,100.0,0.0
2018-05-26,,,,,,,,,,,,,0.0,0.3,100.0,0.0
2018-05-27,,,,,,,0.0,0.0,100.0,,,,0.0,0.3,100.0,0.0
2018-05-28,5.6,10.8,95.9,,,,,,,,,,0.0,0.3,100.0,0.0
2018-05-29,,,,,,,,,,,,,0.0,0.3,100.0,0.0
2018-05-30,13.1,18.4,95.9,0.0,0.4,100.0,,,,,,,0.0,0.3,100.0,0.0
2018-05-31,,,,,,,,,,,,,0.0,0.5,100.0,0.0
2018-06-01,,,,0.0,0.5,79.7,,,,,,,0.0,0.4,100.0,0.0
2018-06-02,,,,,,,,,,,,,0.0,0.6,100.0,0.0
2018-06-03,8.5,14.6,95.9,,,,,,,,,,0.0,0.8,100.0,0.0
2018-06-04,,,,0.0,0.6,100.0,0.0,0.0,38.8,,,,0.0,1.5,100.0,0.0
2018-06-05,10.9,16.5,95.9,,,,,,,,,,0.0,1.3,100.0,0.0
2018-06-06,,,,0.0,1.1,50.0,,,,,,,0.0,1.4,100.0,0.0
2018-06-07,,,,,,,,,,,,,0.0,1.6,100.0,0.0
2018-06-08,,,,,,,,,,,,,0.0,1.8,100.0,0.0
2018-06-09,4.6,11.0,95.9,0.0,1.6,38.9,,,,,,,0.0,1.4,100.0,0.0
2018-06-10,,,,,,,,,,,,,0.0,1.4,100.0,0.0
2018-06-11,6.5,12.8,95.9,,,,,,,,,,0.0,1.3,100.0,0.0
2018-06-12,,,,,,,,,,,,,0.0,1.4,100.0,0.0
2018-06-13,,,,,,,,,,,,,0.0,0.8,100.0,0.0
2018-06-14,,,,0.0,0.7,78.3,,,,,,,0.0,0.7,100.0,0.0
2018-06-15,4.0,8.7,96.0,,,,,,,,,,0.0,0.6,100.0,0.0
2018-06-16,,,,0.0,0.5,100.0,,,,,,,0.0,0.5,100.0,0.0
2018-06-17,4.6,9.5,95.9,,,,,,,,,,0.0,0.5,100.0,0.0
2018-06-18,,,,,,,,,,,,,0.0,0.4,100.0,0.0
2018-06-19,,,,0.0,0.7,99.0,0.0,0.0,95.0,,,,0.0,0.3,100.0,0.0
2018-06-20,,,,,,,,,,,,,0.0,0.3,100.0,0.0
2018-06-21,3.2,7.3,96.0,0.0,1.4,87.7,,,,,,,0.0,0.2,100.0,0.0
2018-06-22,,,,,,,,,,,,,0.0,0.2,100.0,0.0
2018-06-23,2.9,5.9,95.9,,,,,,,,,,0.0,0.3,100.0,0.0
2018-06-24,,,,,,,,,,,,,0.0,0.4,100.0,0.0
2018-06-25,,,,,,,,,,,,,0.0,0.3,100.0,0.0
2018-06-26,,,,0.0,0.6,100.0,,,,,,,0.0,0.4,100.0,0.0
2018-06-27,2.6,6.4,95.9,,,,,,,,,,0.0,0.7,100.0,0.0
2018-06-28,,,,,,,0.0,0.0,57.9,,,,0.0,1.0,100.0,0.0
2018-06-29,,,,0.0,0.9,89.7,,,,,,,0.0,0.9,100.0,0.0
2018-06-30,,,,,,,,,,,,,0.0,1.0,100.0,0.0
2018-07-01,,,,0.0,0.4,100.0,,,,,,,0.0,0.8,100.0,0.0
2018-07-02,,,,,,,,,,,,,0.0,1.1,100.0,0.0
2018-07-03,2.5,6.7,96.0,,,,,,,,,,0.0,1.1,100.0,0.0
2018-07-04,,,,,,,,,,,,,0.0,1.1,100.0,0.0
2018-07-05,3.1,10.9,95.9,,,,,,,,,,0.0,1.3,100.0,0.0
2018-07-06,,,,,,,,,,,,,0.0,2.1,100.0,0.0
2018-07-07,,,,,,,,,,,,,0.0,2.6,100.0,0.0
2018-07-08,,,,,,,,,,,,,0.0,2.8,100.0,0.0
2018-07-09,2.6,10.1,96.0,0.0,0.3,96.8,,,,,,,0.0,2.3,100.0,0.0
2018-07-10,,,,,,,,,,,,,0.0,2.8,100.0,0.0
2018-07-11,3.0,11.5,95.9,,,,,,,,,,0.0,3.0,100.0,0.0
2018-07-12,,,,,,,,,,,,,0.0,2.6,100.0,0.0
2018-07-13,,,,,,,,,,,,,0.0,1.7,100.0,0.0
2018-07-14,,,,0.0,0.4,52.5,,,,,,,0.0,2.3,100.0,0.0
2018-07-15,2.0,10.2,96.0,,,,,,,,,,0.0,2.0,100.0,0.0
2018-07-16,,,,0.0,0.4,100.0,,,,,,,0.0,0.9,100.0,0.0
2018-07-17,3.7,15.1,95.9,,,,,,,,,,0.0,0.6,100.0,0.0
2018-07-18,,,,,,,,,,,,,0.0,0.5,100.0,0.0
2018-07-19,,,,0.0,0.5,100.0,,,,,,,0.0,0.4,100.0,0.0
2018-07-20,,,,,,,,,,,,,0.0,0.3,100.0,0.0
2018-07-21,2.3,11.7,96.0,,,,,,,,,,0.0,0.2,100.0,0.0
2018-07-22,,,,,,,,,,,,,0.0,0.2,100.0,0.0
2018-07-23,3.5,14.1,95.9,,,,,,,,,,0.0,0.1,100.0,0.0
2018-07-24,,,,0.0,0.5,100.0,,,,,,,0.0,0.0,100.0,0.0
2018-07-25,,,,,,,,,,,,,0.0,0.1,100.0,0.0
2018-07-26,,,,0.0,0.4,99.3,,,,,,,0.0,0.0,100.0,0.0
2018-07-27,2.4,11.6,96.0,,,,,,,,,,0.0,0.0,100.0,0.0
2018-07-28,,,,,,,,,,,,,0.0,0.0,100.0,0.0
2018-07-29,5.5,19.2,95.9,0.0,0.6,100.0,,,,,,,0.0,0.0,100.0,0.0
2018-07-30,,,,,,,0.0,0.0,100.0,,,,0.0,0.0,100.0,0.0
2018-07-31,,,,0.0,0.7,100.0,,,,0.0,0.1,100.0,0.0,0.0,100.0,0.0
2018-08-01,,,,,,,,,,,,,0.0,0.0,100.0,0.0
2018-08-02,3.8,17.0,95.9,,,,,,,,,,0.0,0.0,100.0,0.0
2018-08-03,,,,0.0,0.8,100.0,,,,,,,0.0,0.0,100.0,0.0
2018-08-04,4.2,12.5,96.0,,,,,,,0.0,0.0,100.0,0.0,0.0,100.0,0.0
2018-08-05,,,,0.0,1.0,97.4,,,,0.0,0.0,32.9,0.0,0.0,100.0,0.0
2018-08-06,,,,,,,0.0,0.0,100.0,,,,0.0,0.0,100.0,0.0
2018-08-07,,,,,,,,,,,,,0.0,0.0,100.0,0.0
2018-08-08,2.5,7.7,96.1,0.0,0.9,94.5,,,,,,,0.0,0.0,100.0,0.0
2018-08-09,,,,,,,,,,,,,0.0,0.0,100.0,0.0
2018-08-10,2.5,7.3,95.9,,,,,,,,,,0.0,0.0,100.0,0.0
2018-08-11,,,,,,,,,,,,,0.0,0.0,100.0,0.0
2018-08-12,,,,,,,,,,,,,0.0,0.0,100.0,0.0
2018-08-13,,,,,,,,,,,,,0.0,0.0,100.0,0.0
2018-08-14,3.3,8.6,96.0,,,,,,,,,,0.0,0.0,100.0,0.0
2018-08-15,,,,0.0,1.0,99.8,0.0,0.0,98.6,0.0,0.0,100.0,0.0,0.0,100.0,0.0
2018-08-16,2.9,7.1,95.4,,,,,,,,,,0.0,0.0,100.0,0.0
2018-08-17,,,,,,,,,,,,,0.0,0.0,100.0,0.0
2018-08-18,,,,0.0,1.4,99.0,,,,,,,0.0,0.0,100.0,0.0
2018-08-19,,,,,,,,,,,,,0.0,0.0,100.0,0.0
2018-08-20,2.6,6.8,95.6,0.0,1.5,99.9,,,,,,,0.0,0.0,100.0,0.0
2018-08-21,,,,,,,,,,0.0,0.0,100.0,0.0,0.0,100.0,0.0
2018-08-22,2.8,6.8,95.3,,,,0.0,0.0,100.0,0.0,0.0,100.0,0.0,0.0,100.0,0.0
2018-08-23,,,,,,,0.0,0.0,48.4,,,,0.0,0.0,100.0,0.0
2018-08-24,,,,,,,,,,,,,0.0,0.0,100.0,0.0
2018-08-25,,,,,,,,,,,,,0.0,0.0,100.0,0.0
2018-08-26,2.3,7.6,95.6,,,,,,,,,,0.0,0.0,100.0,0.0
2018-08-27,,,,,,,,,,,,,0.0,0.0,100.0,0.0
2018-08-28,2.6,7.6,95.4,0.0,1.6,100.0,,,,,,,0.0,0.0,100.0,0.0
2018-08-29,,,,,,,,,,0.0,0.0,100.0,0.0,0.0,100.0,0.0
2018-08-30,,,,,,,,,,,,,0.0,0.1,100.0,0.0
2018-08-31,,,,,,,,,,,,,0.0,0.1,100.0,0.0
2018-09-01,2.6,7.3,95.5,,,,,,,,,,0.0,0.0,100.0,0.0
2018-09-02,,,,,,,,,,,,,0.0,0.1,100.0,0.0
2018-09-03,2.8,8.6,95.4,,,,,,,,,,0.0,0.1,100.0,0.0
2018-09-04,,,,0.0,0.8,100.0,,,,,,,0.0,0.1,100.0,0.0
2018-09-05,,,,,,,,,,,,,0.0,0.1,100.0,0.0
2018-09-06,,,,,,,,,,,,,0.0,0.1,100.0,0.0
2018-09-07,3.1,9.7,95.5,,,,,,,,,,0.0,0.1,100.0,0.0
2018-09-08,,,,,,,,,,0.0,0.1,100.0,0.0,0.1,100.0,0.0
2018-09-09,4.5,13.7,95.4,0.0,0.8,100.0,,,,0.0,0.2,100.0,0.0,0.1,100.0,0.0
2018-09-10,,,,,,,,,,,,,0.0,0.1,100.0,0.0
2018-09-11,,,,,,,,,,,,,0.0,0.1,100.0,0.0
2018-09-12,,,,0.0,0.9,100.0,,,,,,,0.0,0.1,100.0,0.0
2018-09-13,3.0,11.4,95.5,,,,,,,,,,0.0,0.1,100.0,0.0
2018-09-14,,,,0.0,2.3,43.1,,,,,,,0.0,0.1,100.0,0.0
2018-09-15,5.2,17.0,95.4,,,,,,,,,,0.0,0.1,100.0,0.0
2018-09-16,,,,,,,0.0,0.0,66.3,,,,0.0,0.1,100.0,0.0
2018-09-17,,,,0.0,1.0,100.0,,,,,,,0.0,0.0,100.0,0.0
2018-09-18,,,,,,,,,,,,,0.0,0.1,100.0,0.0
2018-09-19,34.5,35.6,95.5,0.0,1.0,100.0,,,,,,,0.0,0.1,100.0,0.0
2018-09-20,,,,,,,,,,,,,0.0,0.1,100.0,0.0
2018-09-21,18.7,28.9,95.4,,,,,,,,,,0.0,0.1,100.0,0.0
2018-09-22,,,,,,,,,,,,,0.0,0.1,100.0,0.0
2018-09-23,,,,,,,0.0,0.0,42.8,,,,0.0,0.1,100.0,0.0
2018-09-24,,,,,,,,,,0.0,1.3,89.7,0.0,0.2,100.0,0.0
2018-09-25,5.4,16.8,95.5,,,,,,,0.0,3.8,90.0,0.0,0.2,100.0,0.0
2018-09-26,,,,,,,,,,,,,0.0,0.2,100.0,0.0
2018-09-27,19.2,29.8,95.3,0.0,0.6,100.0,,,,,,,0.0,0.2,100.0,0.0
2018-09-28,,,,,,,,,,,,,0.0,0.2,100.0,0.0
2018-09-29,,,,,,,,,,,,,0.0,0.2,100.0,0.0
2018-09-30,,,,,,,,,,,,,0.0,0.2,100.0,0.0
2018-10-01,6.8,20.0,95.5,,,,,,,,,,0.0,0.2,100.0,0.0
2018-10-02,,,,,,,0.0,0.1,46.4,,,,0.0,0.2,100.0,0.0
2018-10-03,5.0,16.4,95.3,,,,,,,,,,0.0,0.1,100.0,0.0
2018-10-04,,,,0.0,0.7,100.0,,,,,,,0.0,0.1,100.0,0.0
2018-10-05,,,,,,,,,,,,,0.0,0.1,100.0,0.0
2018-10-06,,,,,,,,,,,,,0.0,0.1,100.0,0.0
2018-10-07,3.8,13.8,95.5,0.0,0.8,86.9,,,,,,,0.0,0.1,100.0,0.0
2018-10-08,,,,,,,,,,,,,0.0,0.1,100.0,0.0
2018-10-09,4.7,15.7,95.3,0.0,1.2,100.0,0.0,0.0,100.0,,,,0.0,0.1,100.0,0.0
2018-10-10,,,,,,,,,,,,,0.0,0.1,100.0,0.0
2018-10-11,,,,,,,,,,,,,0.0,0.1,100.0,0.0
2018-10-12,,,,0.0,1.3,99.9,,,,,,,0.0,0.2,100.0,0.0
2018-10-13,6.5,18.9,95.5,,,,,,,,,,0.0,0.3,100.0,0.0
2018-10-14,,,,0.0,1.7,100.0,,,,,,,0.0,0.3,100.0,0.0
2018-10-15,10.2,23.0,95.5,,,,,,,,,,0.0,0.4,100.0,0.0
2018-10-16,,,,,,,,,,,,,0.0,0.5,100.0,0.0
2018-10-17,,,,0.0,2.1,100.0,,,,,,,0.0,0.6,100.0,0.0
2018-10-18,,,,,,,0.0,0.2,79.8,,,,0.0,0.5,100.0,0.0
2018-10-19,6.9,20.6,95.4,0.1,3.3,100.0,,,,,,,0.0,0.6,100.0,0.0
2018-10-20,,,,,,,,,,,,,0.0,0.7,100.0,0.0
2018-10-21,6.8,18.5,95.4,,,,,,,,,,0.0,0.7,100.0,0.0
2018-10-22,,,,0.1,2.4,100.0,,,,,,,0.0,0.6,100.0,0.0
2018-10-23,,,,,,,,,,,,,0.0,0.6,100.0,0.0
2018-10-24,,,,,,,,,,,,,0.0,0.7,100.0,0.0
2018-10-25,4.8,14.0,95.4,,,,0.0,0.1,100.0,,,,0.0,0.7,100.0,0.0
2018-10-26,,,,,,,,,,,,,0.0,0.6,100.0,0.0
2018-10-27,3.8,12.8,95.4,,,,,,,,,,0.0,0.6,100.0,0.0
2018-10-28,,,,,,,,,,,,,0.0,0.8,100.0,0.0
2018-10-29,,,,,,,,,,,,,0.0,1.1,100.0,0.0
2018-10-30,,,,,,,,,,,,,0.0,1.3,100.0,0.0
2018-10-31,2.2,8.4,95.5,,,,,,,,,,0.0,1.1,100.0,0.0
2018-11-01,,,,0.0,1.7,100.0,,,,,,,0.0,1.3,100.0,0.0
2018-11-02,2.3,10.7,95.4,,,,,,,,,,0.0,1.6,100.0,0.0
2018-11-03,,,,,,,,,,,,,0.0,1.7,100.0,0.0
2018-11-04,,,,,,,,,,,,,0.0,1.4,100.0,0.0
2018-11-05,,,,,,,,,,,,,0.0,1.5,100.0,0.0
2018-11-06,2.3,9.7,95.5,,,,,,,,,,0.0,1.4,100.0,0.0
2018-11-07,,,,,,,,,,,,,0.0,1.4,100.0,0.0
2018-11-08,3.0,10.9,95.4,,,,,,,,,,0.0,1.5,100.0,0.0
2018-11-09,,,,,,,,,,,,,0.0,1.6,100.0,0.0
2018-11-10,,,,,,,0.0,0.5,81.1,,,,0.0,1.9,100.0,0.0
2018-11-11,,,,0.0,1.0,100.0,,,,,,,0.0,1.7,100.0,0.0
2018-11-12,1.6,7.8,95.4,,,,,,,,,,0.0,1.9,100.0,0.0
2018-11-13,,,,,,,,,,,,,0.0,2.0,100.0,0.0
2018-11-14,2.6,11.8,95.4,,,,,,,,,,0.0,2.9,100.0,0.0
2018-11-15,,,,,,,,,,,,,0.0,2.8,100.0,0.0
2018-11-16,,,,,,,,,,,,,0.0,3.6,100.0,0.0
2018-11-17,,,,,,,,,,,,,0.0,3.7,100.0,0.0
2018-11-18,4.0,13.3,95.5,,,,,,,,,,0.0,6.2,100.0,0.0
2018-11-19,,,,,,,,,,,,,0.0,6.0,100.0,0.0
2018-11-20,3.4,11.3,95.4,,,,,,,,,,0.0,6.9,100.0,0.0
2018-11-21,,,,0.0,1.7,59.7,,,,,,,0.0,6.1,100.0,0.0
2018-11-22,,,,,,,,,,,,,0.0,7.0,100.0,0.0
2018-11-23,,,,,,,,,,,,,0.0,6.9,100.0,0.0
2018-11-24,1.9,7.1,95.5,,,,,,,,,,0.0,6.8,100.0,0.0
2018-11-25,,,,,,,,,,,,,0.0,6.3,100.0,0.0
2018-11-26,2.7,9.4,95.3,,,,,,,,,,0.0,7.6,100.0,0.0
2018-11-27,,,,,,,,,,,,,0.0,8.0,100.0,0.0
2018-11-28,,,,,,,,,,,,,0.0,5.9,100.0,0.0
2018-11-29,,,,,,,,,,,,,0.0,5.9,100.0,0.0
2018-11-30,3.8,10.3,95.5,,,,,,,,,,0.0,5.6,100.0,0.0
2018-12-01,,,,,,,,,,,,,0.0,5.3,100.0,0.0
2018-12-02,4.1,10.7,95.3,,,,,,,,,,0.0,4.6,100.0,0.0
2018-12-03,,,,,,,,,,,,,0.0,4.6,100.0,0.0
2018-12-04,,,,,,,,,,,,,0.0,4.7,100.0,0.0
2018-12-05,,,,,,,,,,,,,0.0,4.9,100.0,0.0
2018-12-06,2.7,7.6,95.5,,,,,,,,,,0.0,4.6,100.0,0.0
2018-12-07,,,,,,,,,,,,,0.0,5.3,100.0,0.0
2018-12-08,6.3,12.8,95.4,,,,,,,,,,0.0,6.3,100.0,0.0
2018-12-09,,,,,,,,,,,,,0.0,6.6,100.0,0.0
2018-12-10,,,,,,,,,,,,,0.0,7.7,100.0,0.0
2018-12-11,,,,0.6,13.8,40.8,,,,,,,0.0,9.2,100.0,0.0
2018-12-12,26.3,29.5,95.5,,,,0.0,3.7,97.1,,,,0.0,14.2,100.0,0.0
2018-12-13,,,,2.0,13.4,100.0,,,,,,,0.0,13.1,100.0,0.0
2018-12-14,13.3,24.6,95.4,,,,,,,,,,0.2,16.5,100.0,0.2
2018-12-15,,,,,,,,,,,,,0.3,16.1,100.0,0.3
2018-12-16,,,,,,,,,,,,,0.5,22.7,100.0,0.5
2018-12-17,,,,,,,,,,,,,0.5,17.9,100.0,0.5
2018-12-18,6.2,17.5,95.5,13.7,25.9,100.0,,,,,,,0.9,20.9,100.0,0.9
2018-12-19,,,,,,,,,,,,,0.6,17.3,100.0,0.6
2018-12-20,29.3,34.9,95.4,,,,,,,,,,1.1,24.5,100.0,1.1
2018-12-21,,,,,,,,,,,,,1.1,17.4,100.0,1.1
2018-12-22,,,,,,,,,,,,,1.5,20.4,100.0,1.5
2018-12-23,,,,,,,,,,,,,1.3,16.5,100.0,1.3
2018-12-24,7.6,21.8,95.5,,,,,,,,,,1.5,21.5,100.0,1.5
2018-12-25,,,,,,,,,,,,,1.4,16.6,100.0,1.4
2018-12-26,6.9,19.5,95.5,17.8,36.4,99.9,,,,,,,1.8,20.1,100.0,1.8
2018-12-27,,,,,,,,,,,,,1.5,18.0,100.0,1.5
2018-12-28,,,,38.4,48.1,100.0,,,,,,,1.2,24.1,100.0,1.2
2018-12-29,,,,,,,,,,,,,1.0,21.1,100.0,1.0
2018-12-30,5.6,20.0,95.5,,,,,,,,,,1.0,24.6,100.0,1.0
2018-12-31,,,,,,,,,,,,,0.8,23.7,100.0,0.8
2019-01-01,21.4,28.4,98.2,,,,,,,,,,1.0,30.1,100.0,1.0
2019-01-02,,,,,,,,,,,,,0.9,31.9,100.0,0.9
2019-01-03,,,,,,,,,,,,,2.5,38.2,100.0,2.5
2019-01-04,,,,,,,,,,,,,4.6,41.5,100.0,4.6
2019-01-05,16.6,25.0,96.1,,,,,,,,,,21.4,50.1,100.0,21.4
2019-01-06,,,,,,,,,,,,,25.6,53.3,100.0,25.6
2019-01-07,27.1,30.7,96.0,,,,,,,,,,64.3,61.3,100.0,64.3
2019-01-08,,,,,,,,,,,,,88.3,67.7,100.0,88.3
2019-01-09,,,,,,,,,,,,,92.8,76.3,100.0,92.8
2019-01-10,,,,,,,,,,88.5,58.0,30.9,93.4,80.7,100.0,93.4
2019-01-11,24.6,28.9,96.0,,,,,,,,,,96.0,87.7,100.0,96.0
2019-01-12,,,,,,,,,,,,,96.2,88.4,100.0,96.2
2019-01-13,61.2,52.1,95.9,,,,,,,,,,96.8,91.6,100.0,96.8
2019-01-14,,,,,,,,,,,,,96.9,92.6,100.0,96.9
2019-01-15,,,,91.1,92.3,100.0,,,,,,,98.5,95.3,100.0,98.5
2019-01-16,,,,,,,,,,,,,99.4,95.6,100.0,99.4
2019-01-17,69.7,56.4,96.0,,,,,,,,,,100.0,96.8,100.0,100.0
2019-01-18,,,,,,,,,,,,,100.0,97.0,100.0,100.0
2019-01-19,86.8,67.6,95.9,,,,,,,,,,100.0,98.1,100.0,100.0
2019-01-20,,,,,,,,,,,,,100.0,98.2,100.0,100.0
2019-01-21,,,,,,,,,,,,,100.0,98.8,100.0,100.0
2019-01-22,,,,94.1,94.8,83.7,100.0,97.7,100.0,,,,100.0,99.1,100.0,100.0
2019-01-23,93.6,71.8,95.9,,,,,,,,,,100.0,99.4,100.0,100.0
2019-01-24,,,,,,,,,,,,,100.0,99.4,100.0,100.0
2019-01-25,100.0,91.7,95.9,100.0,99.9,100.0,,,,,,,100.0,99.7,100.0,100.0
2019-01-26,,,,,,,,,,,,,100.0,99.6,100.0,100.0
2019-01-27,,,,,,,,,,,,,100.0,99.8,100.0,100.0
2019-01-28,,,,,,,,,,,,,100.0,99.7,100.0,100.0
2019-01-29,100.0,92.1,95.9,,,,100.0,100.0,66.4,,,,100.0,99.9,100.0,100.0
2019-01-30,,,,,,,,,,,,,100.0,99.8,100.0,100.0
2019-01-31,100.0,97.1,95.9,,,,,,,,,,100.0,99.9,100.0,100.0
2019-02-01,,,,,,,,,,,,,100.0,99.9,100.0,100.0
2019-02-02,,,,,,,,,,,,,100.0,99.9,100.0,100.0
2019-02-03,,,,,,,,,,,,,100.0,99.9,100.0,100.0
2019-02-04,100.0,97.0,95.9,100.0,100.0,100.0,,,,,,,100.0,100.0,100.0,100.0
2019-02-05,,,,,,,,,,,,,100.0,99.9,100.0,100.0
2019-02-06,100.0,98.3,96.0,100.0,100.0,100.0,,,,,,,100.0,100.0,100.0,100.0
2019-02-07,,,,,,,,,,,,,100.0,99.9,100.0,100.0
2019-02-08,,,,,,,,,,,,,100.0,100.0,100.0,100.0
2019-02-09,,,,100.0,100.0,91.3,,,,99.7,76.4,99.1,100.0,100.0,100.0,100.0
2019-02-10,100.0,98.7,95.9,,,,,,,100.0,84.7,65.8,100.0,100.0,100.0,100.0
2019-02-11,,,,,,,,,,,,,100.0,100.0,100.0,100.0
2019-02-12,,,,,,,,,,,,,100.0,100.0,100.0,100.0
2019-02-13,,,,,,,,,,100.0,84.0,100.0,100.0,100.0,100.0,100.0
2019-02-14,,,,100.0,100.0,100.0,100.0,100.0,100.0,100.0,87.3,93.3,100.0,100.0,100.0,100.0
2019-02-15,,,,,,,,,,100.0,89.1,100.0,100.0,100.0,100.0,100.0
2019-02-16,100.0,98.9,95.9,100.0,100.0,100.0,,,,100.0,90.2,100.0,100.0,100.0,100.0,100.0
2019-02-17,,,,,,,,,,100.0,90.0,100.0,100.0,100.0,100.0,100.0
2019-02-18,100.0,99.0,95.9,,,,,,,100.0,91.7,100.0,100.0,100.0,100.0,100.0
2019-02-19,,,,100.0,99.9,100.0,,,,100.0,94.6,100.0,100.0,100.0,100.0,100.0
2019-02-20,,,,,,,,,,100.0,95.8,100.0,100.0,100.0,100.0,100.0
2019-02-21,,,,100.0,99.8,100.0,,,,100.0,95.9,100.0,100.0,99.9,100.0,100.0
2019-02-22,100.0,99.1,95.9,,,,,,,,,,100.0,99.9,100.0,100.0
2019-02-23,,,,,,,100.0,100.0,100.0,100.0,94.4,100.0,100.0,99.9,100.0,100.0
2019-02-24,100.0,98.2,95.9,100.0,98.9,100.0,,,,100.0,94.5,100.0,100.0,99.9,100.0,100.0
2019-02-25,,,,,,,,,,100.0,90.3,100.0,100.0,99.9,100.0,100.0
2019-02-26,,,,99.7,98.0,100.0,,,,,,,100.0,99.9,100.0,100.0
2019-02-27,,,,,,,,,,,,,100.0,99.7,100.0,100.0
2019-02-28,,,,,,,,,,99.8,75.3,100.0,100.0,99.6,100.0,100.0
2019-03-01,,,,,,,,,,,,,100.0,99.5,100.0,100.0
2019-03-02,100.0,98.1,95.9,,,,,,,,,,100.0,99.3,100.0,100.0
2019-03-03,,,,97.9,96.3,100.0,,,,,,,100.0,98.9,100.0,100.0
2019-03-04,,,,,,,,,,,,,100.0,98.4,100.0,100.0
2019-03-05,,,,,,,,,,,,,100.0,97.7,100.0,100.0
2019-03-06,100.0,94.2,96.0,,,,,,,,,,100.0,97.7,100.0,100.0
2019-03-07,,,,,,,,,,,,,99.8,96.2,100.0,99.8
2019-03-08,100.0,94.2,95.9,,,,,,,,,,99.7,96.5,100.0,99.7
2019-03-09,,,,,,,,,,,,,99.5,94.8,100.0,99.5
2019-03-10,,,,,,,,,,,,,99.2,94.1,100.0,99.2
2019-03-11,,,,,,,,,,,,,97.2,88.4,100.0,97.2
2019-03-12,99.9,81.9,95.9,,,,,,,,,,97.2,87.7,100.0,97.2
2019-03-13,,,,,,,,,,,,,96.6,83.9,100.0,96.6
2019-03-14,99.2,73.4,95.8,,,,,,,,,,95.9,81.7,100.0,95.9
2019-03-15,,,,,,,,,,,,,93.6,75.1,100.0,93.6
2019-03-16,,,,66.7,55.5,100.0,,,,,,,91.2,72.1,100.0,91.2
2019-03-17,,,,,,,,,,,,,72.1,62.4,100.0,72.1
2019-03-18,52.4,43.0,96.0,,,,,,,,,,51.0,57.1,100.0,51.0
2019-03-19,,,,,,,,,,,,,6.9,47.5,100.0,6.9
2019-03-20,22.8,32.1,95.9,,,,,,,,,,11.8,47.4,100.0,11.8
2019-03-21,,,,1.5,21.7,100.0,,,,,,,1.4,38.1,100.0,1.4
2019-03-22,,,,,,,,,,,,,0.8,33.2,100.0,0.8
2019-03-23,,,,0.0,2.8,100.0,,,,,,,0.3,25.3,100.0,0.3
2019-03-24,5.3,16.5,95.9,,,,,,,,,,0.0,24.0,100.0,0.0
2019-03-25,,,,,,,,,,,,,0.0,19.3,100.0,0.0
2019-03-26,9.1,20.2,95.9,0.0,4.0,78.7,,,,,,,0.0,19.1,100.0,0.0
2019-03-27,,,,,,,91.5,61.7,100.0,,,,0.0,17.5,100.0,0.0
2019-03-28,,,,0.0,3.6,98.6,,,,,,,0.0,15.6,100.0,0.0
2019-03-29,,,,,,,,,,,,,0.0,14.0,100.0,0.0
2019-03-30,2.1,8.2,96.0,,,,,,,,,,0.0,13.6,100.0,0.0
2019-03-31,,,,0.0,2.6,100.0,,,,,,,0.0,12.5,100.0,0.0
2019-04-01,3.0,10.2,95.9,,,,,,,,,,0.0,11.6,100.0,0.0
2019-04-02,,,,0.0,2.9,78.7,,,,,,,0.0,10.2,100.0,0.0
2019-04-03,,,,,,,,,,,,,0.0,10.2,100.0,0.0
2019-04-04,,,,,,,,,,,,,0.0,9.9,100.0,0.0
2019-04-05,2.2,10.5,96.0,0.0,7.0,42.3,,,,,,,0.0,9.2,100.0,0.0
2019-04-06,,,,,,,,,,,,,0.0,8.4,100.0,0.0
2019-04-07,3.0,12.4,95.8,,,,,,,,,,0.0,8.7,100.0,0.0
2019-04-08,,,,,,,,,,,,,0.0,9.6,100.0,0.0
2019-04-09,,,,,,,,,,,,,0.0,9.0,100.0,0.0
2019-04-10,,,,,,,,,,,,,0.0,8.9,100.0,0.0
2019-04-11,1.4,8.1,86.3,,,,,,,,,,0.0,8.7,100.0,0.0
2019-04-12,,,,,,,,,,,,,0.0,8.2,100.0,0.0
2019-04-13,2.1,8.1,86.3,,,,,,,,,,0.0,7.1,100.0,0.0
2019-04-14,,,,,,,,,,,,,0.0,6.8,100.0,0.0
2019-04-15,,,,0.0,2.3,89.8,,,,,,,0.0,5.9,100.0,0.0
2019-04-16,,,,,,,,,,,,,0.0,5.0,100.0,0.0
2019-04-17,2.9,7.7,85.3,0.0,2.2,61.6,,,,,,,0.0,4.1,100.0,0.0
2019-04-18,,,,,,,,,,,,,0.0,3.6,100.0,0.0
2019-04-19,1.8,5.3,86.1,,,,0.0,0.3,68.1,,,,0.0,3.2,100.0,0.0
2019-04-20,,,,0.0,0.8,100.0,,,,,,,0.0,2.9,100.0,0.0
2019-04-21,,,,,,,,,,,,,0.0,2.7,100.0,0.0
2019-04-22,,,,0.0,0.7,38.1,,,,,,,0.0,2.6,100.0,0.0
2019-04-23,1.9,4.6,86.4,,,,,,,,,,0.0,2.8,100.0,0.0
2019-04-24,,,,,,,,,,,,,0.0,2.8,100.0,0.0
2019-04-25,,,,,,,,,,,,,0.0,2.9,100.0,0.0
2019-04-26,,,,,,,,,,,,,0.0,3.2,100.0,0.0
2019-04-27,,,,,,,,,,,,,0.0,4.0,100.0,0.0
2019-04-28,,,,,,,,,,,,,0.0,5.3,100.0,0.0
2019-04-29,1.9,4.2,86.3,,,,,,,,,,0.0,5.2,100.0,0.0
2019-04-30,,,,,,,,,,,,,0.0,6.3,100.0,0.0
2019-05-01,2.4,4.6,86.2,,,,,,,,,,0.0,5.5,100.0,0.0
2019-05-02,,,,,,,,,,,,,0.0,6.4,100.0,0.0
2019-05-03,,,,,,,,,,,,,0.0,5.3,100.0,0.0
2019-05-04,,,,,,,,,,,,,0.0,6.2,100.0,0.0
2019-05-05,1.6,3.4,86.2,,,,,,,,,,0.0,6.8,100.0,0.0
2019-05-06,,,,,,,,,,,,,0.0,7.4,100.0,0.0
2019-05-07,2.1,4.2,86.2,0.0,1.2,86.4,,,,,,,0.0,5.9,100.0,0.0
2019-05-08,,,,,,,,,,,,,0.0,6.1,100.0,0.0
2019-05-09,,,,,,,,,,,,,0.0,5.1,100.0,0.0
2019-05-10,,,,,,,,,,,,,0.0,5.6,100.0,0.0
2019-05-11,1.7,4.2,86.3,,,,,,,,,,0.0,4.4,100.0,0.0
2019-05-12,,,,,,,,,,,,,0.0,4.6,100.0,0.0
2019-05-13,2.3,5.5,86.3,,,,,,,,,,0.0,4.2,100.0,0.0
2019-05-14,,,,,,,,,,,,,0.0,6.4,100.0,0.0
2019-05-15,,,,,,,,,,,,,0.0,5.8,100.0,0.0
2019-05-16,,,,,,,,,,,,,0.0,3.8,100.0,0.0
2019-05-17,1.3,4.2,86.3,0.0,0.5,81.0,,,,,,,0.0,2.6,100.0,0.0
2019-05-18,,,,,,,,,,,,,0.0,3.1,100.0,0.0
2019-05-19,1.4,6.3,86.2,,,,,,,,,,0.0,2.6,100.0,0.0
2019-05-20,,,,,,,,,,,,,0.0,2.0,100.0,0.0
2019-05-21,,,,,,,,,,,,,0.0,1.6,100.0,0.0
2019-05-22,,,,,,,,,,,,,0.0,2.0,100.0,0.0
2019-05-23,0.8,5.7,86.3,,,,,,,,,,0.0,2.1,100.0,0.0
2019-05-24,,,,,,,,,,0.3,11.2,87.7,0.0,1.6,100.0,0.0
2019-05-25,2.2,10.8,86.3,,,,,,,,,,0.0,1.7,100.0,0.0
2019-05-26,,,,,,,,,,,,,0.0,1.9,100.0,0.0
2019-05-27,,,,,,,,,,,,,0.0,1.2,100.0,0.0
2019-05-28,,,,,,,,,,,,,0.0,1.0,100.0,0.0
2019-05-29,0.9,7.8,86.3,,,,,,,,,,0.0,1.1,100.0,0.0
2019-05-30,,,,0.0,0.4,100.0,0.0,0.0,93.0,,,,0.0,1.3,100.0,0.0
2019-05-31,1.9,11.9,86.3,,,,,,,0.1,2.5,99.3,0.0,1.0,100.0,0.0
2019-06-01,,,,0.0,0.3,100.0,,,,0.0,0.7,100.0,0.0,1.0,100.0,0.0
2019-06-02,,,,,,,,,,,,,0.0,1.0,100.0,0.0
2019-06-03,,,,,,,,,,,,,0.0,1.4,100.0,0.0
2019-06-04,1.3,8.2,86.3,0.0,0.3,100.0,,,,0.0,0.1,100.0,0.0,0.9,100.0,0.0
2019-06-05,,,,,,,,,,0.0,0.1,30.8,0.0,1.0,100.0,0.0
2019-06-06,1.9,10.3,86.3,,,,,,,,,,0.0,1.1,100.0,0.0
2019-06-07,,,,,,,,,,,,,0.0,1.8,100.0,0.0
2019-06-08,,,,,,,,,,,,,0.0,2.2,100.0,0.0
2019-06-09,,,,,,,,,,,,,0.0,3.0,100.0,0.0
2019-06-10,1.4,8.0,86.3,,,,,,,,,,0.0,2.7,100.0,0.0
2019-06-11,,,,,,,,,,,,,0.0,2.6,100.0,0.0
2019-06-12,1.4,8.7,86.3,,,,,,,,,,0.0,3.2,100.0,0.0
2019-06-13,,,,,,,,,,,,,0.0,2.7,100.0,0.0
2019-06-14,,,,,,,,,,0.0,0.0,31.9,0.0,2.0,100.0,0.0
2019-06-15,,,,,,,,,,,,,0.0,2.3,100.0,0.0
2019-06-16,1.6,14.1,86.3,,,,,,,,,,0.0,2.8,100.0,0.0
2019-06-17,,,,,,,,,,0.0,0.0,100.0,0.0,2.7,100.0,0.0
2019-06-18,1.1,9.3,86.3,,,,,,,,,,0.0,2.5,100.0,0.0
2019-06-19,,,,0.0,0.3,100.0,,,,0.0,0.0,100.0,0.0,1.8,100.0,0.0
2019-06-20,,,,,,,,,,,,,0.0,2.3,100.0,0.0
2019-06-21,,,,,,,,,,,,,0.0,2.4,100.0,0.0
2019-06-22,1.3,14.2,86.3,,,,,,,,,,0.0,2.2,100.0,0.0
2019-06-23,,,,,,,,,,0.0,0.0,100.0,0.0,1.8,100.0,0.0
2019-06-24,,,,0.0,0.2,100.0,,,,,,,0.0,1.9,100.0,0.0
2019-06-25,,,,,,,,,,,,,0.0,2.0,100.0,0.0
2019-06-26,,,,0.0,0.2,100.0,,,,0.0,0.0,100.0,0.0,1.4,100.0,0.0
2019-06-27,,,,,,,,,,0.0,0.0,100.0,0.0,1.6,100.0,0.0
2019-06-28,1.0,10.5,86.4,,,,,,,0.0,0.0,100.0,0.0,1.3,100.0,0.0
2019-06-29,,,,0.0,0.2,100.0,,,,,,,0.0,1.3,100.0,0.0
2019-06-30,7.4,25.1,86.3,,,,,,,0.0,0.0,100.0,0.0,0.8,100.0,0.0
2019-07-01,,,,,,,,,,,,,0.0,1.1,100.0,0.0
2019-07-02,,,,,,,,,,,,,0.0,0.8,100.0,0.0
2019-07-03,,,,,,,,,,,,,0.0,0.7,100.0,0.0
2019-07-04,1.8,17.4,86.3,0.0,0.2,48.2,,,,,,,0.0,0.5,100.0,0.0
2019-07-05,,,,,,,,,,,,,0.0,0.6,100.0,0.0
2019-07-06,12.7,27.4,86.3,,,,,,,0.0,0.0,100.0,0.0,0.5,100.0,0.0
2019-07-07,,,,,,,,,,,,,0.0,0.5,100.0,0.0
2019-07-08,,,,,,,,,,,,,0.0,0.4,100.0,0.0
2019-07-09,,,,,,,,,,,,,0.0,0.5,100.0,0.0
2019-07-10,4.7,19.5,86.3,,,,,,,0.0,0.0,100.0,0.0,0.2,100.0,0.0
2019-07-11,,,,,,,,,,,,,0.0,0.2,100.0,0.0
2019-07-12,19.2,29.8,86.2,,,,,,,,,,0.0,0.2,100.0,0.0
2019-07-13,,,,,,,,,,,,,0.0,0.2,100.0,0.0
2019-07-14,,,,,,,,,,,,,0.0,0.1,100.0,0.0
2019-07-15,,,,,,,,,,,,,0.0,0.2,100.0,0.0
2019-07-16,2.6,17.2,86.3,0.0,0.2,100.0,,,,,,,0.0,0.1,100.0,0.0
2019-07-17,,,,,,,0.0,0.0,86.4,,,,0.0,0.1,100.0,0.0
2019-07-18,7.8,22.3,99.5,,,,,,,,,,0.0,0.0,100.0,0.0
2019-07-19,,,,0.0,0.3,100.0,,,,,,,0.0,0.1,100.0,0.0
2019-07-20,,,,,,,,,,,,,0.0,0.0,100.0,0.0
2019-07-21,,,,0.0,1.4,82.0,,,,,,,0.0,0.0,100.0,0.0
2019-07-22,2.8,14.5,99.6,,,,,,,,,,0.0,0.0,100.0,0.0
2019-07-23,,,,,,,,,,,,,0.0,0.0,100.0,0.0
2019-07-24,20.7,31.8,99.5,0.0,1.4,100.0,0.0,0.0,100.0,,,,0.0,0.0,100.0,0.0
2019-07-25,,,,,,,,,,0.0,0.0,100.0,0.0,0.0,100.0,0.0
2019-07-26,,,,0.0,2.0,100.0,,,,,,,0.0,0.0,100.0,0.0
2019-07-27,,,,,,,,,,,,,0.0,0.0,100.0,0.0
2019-07-28,3.9,19.9,99.5,,,,,,,,,,0.0,0.0,100.0,0.0
2019-07-29,,,,,,,,,,,,,0.0,0.0,100.0,0.0
2019-07-30,39.6,39.9,99.5,,,,,,,,,,0.0,0.0,100.0,0.0
2019-07-31,,,,,,,,,,,,,0.0,0.0,100.0,0.0
2019-08-01,,,,,,,,,,,,,0.0,0.0,100.0,0.0
2019-08-02,,,,,,,,,,,,,0.0,0.0,100.0,0.0
2019-08-03,6.8,25.2,99.5,0.0,1.9,49.0,,,,,,,0.0,0.0,100.0,0.0
2019-08-04,,,,,,,,,,0.0,0.0,39.6,0.0,0.0,100.0,0.0
2019-08-05,60.1,46.6,99.5,0.0,1.6,92.0,,,,0.0,0.0,57.8,0.0,0.0,100.0,0.0
2019-08-06,,,,,,,,,,0.0,0.0,83.2,0.0,0.0,100.0,0.0
2019-08-07,,,,,,,,,,,,,0.0,0.0,100.0,0.0
2019-08-08,,,,0.0,0.6,100.0,,,,,,,0.0,0.0,100.0,0.0
2019-08-09,12.4,30.4,99.5,,,,0.0,0.0,100.0,0.0,0.0,100.0,0.0,0.0,100.0,0.0
2019-08-10,,,,,,,,,,,,,0.0,0.0,100.0,0.0
2019-08-11,65.9,48.3,99.4,,,,,,,,,,0.0,0.0,100.0,0.0
2019-08-12,,,,,,,,,,,,,0.0,0.0,100.0,0.0
2019-08-13,,,,,,,,,,,,,0.0,0.0,100.0,0.0
2019-08-14,,,,,,,,,,0.0,0.0,100.0,0.0,0.0,100.0,0.0
2019-08-15,48.8,43.1,99.5,,,,,,,,,,0.0,0.0,100.0,0.0
2019-08-16,,,,,,,,,,0.0,0.0,81.4,0.0,0.0,100.0,0.0
2019-08-17,57.8,45.9,99.4,,,,0.0,0.0,64.5,,,,0.0,0.0,100.0,0.0
2019-08-18,,,,0.0,0.3,100.0,0.0,0.0,100.0,,,,0.0,0.0,100.0,0.0
2019-08-19,,,,,,,,,,,,,0.0,0.0,100.0,0.0
2019-08-20,,,,,,,,,,,,,0.0,0.0,100.0,0.0
2019-08-21,41.5,39.6,99.5,,,,,,,0.0,0.0,99.9,0.0,0.0,100.0,0.0
2019-08-22,,,,,,,,,,,,,0.0,0.0,100.0,0.0
2019-08-23,,,,,,,,,,,,,0.0,0.0,100.0,0.0
2019-08-24,,,,,,,,,,,,,0.0,0.0,100.0,0.0
2019-08-25,,,,0.0,0.3,100.0,0.0,0.0,100.0,0.0,0.0,86.2,0.0,0.0,100.0,0.0
2019-08-26,,,,,,,,,,0.0,0.0,100.0,0.0,0.0,100.0,0.0
2019-08-27,4.8,16.1,99.6,,,,,,,0.0,0.0,99.6,0.0,0.0,100.0,0.0
2019-08-28,,,,0.0,0.9,82.1,,,,,,,0.0,0.0,100.0,0.0
2019-08-29,4.8,14.4,99.4,,,,,,,,,,0.0,0.0,100.0,0.0
2019-08-30,,,,0.0,1.1,100.0,,,,,,,0.0,0.0,100.0,0.0
2019-08-31,,,,,,,,,,,,,0.0,0.0,100.0,0.0
2019-09-01,,,,,,,,,,,,,0.0,0.0,100.0,0.0
2019-09-02,2.5,7.4,99.5,,,,,,,,,,0.0,0.0,100.0,0.0
2019-09-03,,,,,,,0.0,0.0,100.0,0.0,0.0,100.0,0.0,0.0,100.0,0.0
2019-09-04,3.7,10.0,99.5,0.0,1.0,100.0,,,,,,,0.0,0.0,100.0,0.0
2019-09-05,,,,,,,,,,,,,0.0,0.0,100.0,0.0
2019-09-06,,,,,,,,,,,,,0.0,0.0,100.0,0.0
2019-09-07,,,,,,,,,,,,,0.0,0.0,100.0,0.0
2019-09-08,2.5,6.5,99.5,,,,,,,,,,0.0,0.0,100.0,0.0
2019-09-09,,,,,,,,,,,,,0.0,0.1,100.0,0.0
2019-09-10,3.1,8.6,99.4,,,,,,,,,,0.0,0.1,100.0,0.0
2019-09-11,,,,,,,,,,,,,0.0,0.1,100.0,0.0
2019-09-12,,,,0.0,0.6,100.0,,,,,,,0.0,0.1,100.0,0.0
2019-09-13,,,,,,,,,,,,,0.0,0.1,100.0,0.0
2019-09-14,,,,0.0,0.6,100.0,,,,,,,0.0,0.1,100.0,0.0
2019-09-15,,,,,,,,,,,,,0.0,0.1,100.0,0.0
2019-09-16,3.1,10.5,99.5,,,,,,,,,,0.0,0.1,100.0,0.0
2019-09-17,,,,0.0,0.8,95.8,,,,,,,0.0,0.4,100.0,0.0
2019-09-18,,,,,,,,,,,,,0.0,0.3,100.0,0.0
2019-09-19,,,,0.0,1.4,37.7,,,,,,,0.0,0.7,100.0,0.0
2019-09-20,4.9,15.4,99.5,,,,,,,,,,0.0,0.6,100.0,0.0
2019-09-21,,,,,,,,,,,,,0.0,0.8,100.0,0.0
2019-09-22,12.0,25.5,99.5,0.0,0.5,92.3,,,,,,,0.0,0.6,100.0,0.0
2019-09-23,,,,,,,,,,0.0,0.0,82.2,0.0,0.6,100.0,0.0
2019-09-24,,,,,,,,,,,,,0.0,0.7,100.0,0.0
2019-09-25,,,,,,,,,,,,,0.0,1.0,100.0,0.0
2019-09-26,5.6,18.3,99.5,,,,,,,,,,0.0,0.8,100.0,0.0
2019-09-27,,,,0.0,0.9,94.1,,,,,,,0.0,0.8,100.0,0.0
2019-09-28,26.1,32.5,99.4,,,,,,,,,,0.0,0.9,100.0,0.0
2019-09-29,,,,0.0,0.7,100.0,,,,,,,0.0,1.1,100.0,0.0
2019-09-30,,,,,,,,,,0.0,0.0,44.2,0.0,0.7,100.0,0.0
2019-10-01,,,,,,,,,,,,,0.0,0.7,100.0,0.0
2019-10-02,21.5,29.8,99.5,,,,,,,,,,0.0,0.9,100.0,0.0
2019-10-03,,,,,,,,,,,,,0.0,1.1,100.0,0.0
2019-10-04,62.9,49.2,99.4,,,,,,,,,,0.0,1.1,100.0,0.0
2019-10-05,,,,,,,,,,,,,0.0,0.8,100.0,0.0
2019-10-06,,,,,,,,,,,,,0.0,0.8,100.0,0.0
2019-10-07,,,,0.1,1.8,35.0,,,,,,,0.0,1.0,100.0,0.0
2019-10-08,35.2,35.0,99.5,,,,,,,0.0,0.0,100.0,0.0,0.8,100.0,0.0
2019-10-09,,,,,,,,,,,,,0.0,0.8,100.0,0.0
2019-10-10,53.5,43.8,99.5,,,,,,,,,,0.0,1.1,100.0,0.0
2019-10-11,,,,,,,,,,,,,0.0,1.2,100.0,0.0
2019-10-12,,,,0.0,1.1,100.0,,,,,,,0.0,1.6,100.0,0.0
2019-10-13,,,,,,,,,,,,,0.0,1.0,100.0,0.0
2019-10-14,52.0,43.1,99.6,0.0,1.4,100.0,,,,,,,0.0,1.3,100.0,0.0
2019-10-15,,,,,,,,,,,,,0.0,1.2,100.0,0.0
2019-10-16,60.9,46.5,99.5,,,,,,,0.0,0.0,100.0,0.0,1.2,100.0,0.0
2019-10-17,,,,0.0,1.3,100.0,,,,0.0,0.0,100.0,0.0,0.9,100.0,0.0
2019-10-18,,,,,,,,,,,,,0.0,1.1,100.0,0.0
2019-10-19,,,,0.0,1.1,68.3,,,,,,,0.0,1.0,100.0,0.0
2019-10-20,59.4,45.7,99.6,,,,,,,,,,0.0,1.1,100.0,0.0
2019-10-21,,,,,,,,,,,,,0.0,1.0,100.0,0.0
2019-10-22,,,,,,,,,,,,,0.0,1.2,100.0,0.0
2019-10-23,,,,,,,,,,0.0,0.0,100.0,0.0,1.0,100.0,0.0
2019-10-24,,,,,,,,,,0.0,0.0,100.0,0.0,1.0,100.0,0.0
2019-10-25,,,,,,,,,,0.0,0.1,100.0,0.0,1.0,100.0,0.0
2019-10-26,29.8,35.8,99.6,,,,,,,0.0,0.1,100.0,0.0,0.8,100.0,0.0
2019-10-27,,,,0.0,0.4,37.7,,,,,,,0.0,0.9,100.0,0.0
2019-10-28,41.2,39.8,99.4,,,,,,,,,,0.0,0.9,100.0,0.0
2019-10-29,,,,,,,,,,,,,0.0,1.0,100.0,0.0
2019-10-30,,,,,,,,,,,,,0.0,1.0,100.0,0.0
2019-10-31,,,,,,,,,,,,,0.0,1.2,100.0,0.0
2019-11-01,11.0,25.5,99.6,,,,,,,,,,0.0,1.2,100.0,0.0
2019-11-02,,,,,,,,,,,,,0.0,1.2,100.0,0.0
2019-11-03,33.0,37.1,99.4,,,,,,,,,,0.0,0.9,100.0,0.0
2019-11-04,,,,,,,,,,,,,0.0,1.5,100.0,0.0
2019-11-05,,,,,,,,,,,,,0.0,1.5,100.0,0.0
2019-11-06,,,,,,,,,,,,,0.0,1.4,100.0,0.0
2019-11-07,16.7,28.1,99.5,,,,,,,,,,0.0,1.3,100.0,0.0
2019-11-08,,,,,,,,,,,,,0.0,1.7,100.0,0.0
2019-11-09,30.3,35.2,99.4,,,,,,,,,,0.0,2.0,100.0,0.0
2019-11-10,,,,,,,,,,0.0,0.2,100.0,0.0,1.6,100.0,0.0
2019-11-11,,,,0.0,2.5,86.1,,,,,,,0.0,1.6,100.0,0.0
2019-11-12,,,,,,,,,,,,,0.0,1.9,100.0,0.0
2019-11-13,9.6,20.9,99.5,,,,,,,,,,0.0,1.9,100.0,0.0
2019-11-14,,,,,,,,,,,,,0.0,1.8,100.0,0.0
2019-11-15,31.2,35.0,99.4,,,,,,,,,,0.0,1.6,100.0,0.0
2019-11-16,,,,0.0,7.7,46.5,,,,,,,0.0,1.5,100.0,0.0
2019-11-17,,,,,,,,,,,,,0.0,1.3,100.0,0.0
2019-11-18,,,,0.2,9.4,44.8,,,,,,,0.0,0.9,100.0,0.0
2019-11-19,22.5,30.3,99.4,,,,,,,,,,0.0,0.9,100.0,0.0
2019-11-20,,,,,,,,,,,,,0.0,1.0,100.0,0.0
2019-11-21,47.3,42.9,99.5,,,,,,,,,,0.0,1.0,100.0,0.0
2019-11-22,,,,,,,,,,,,,0.0,1.0,100.0,0.0
2019-11-23,,,,,,,,,,,,,0.0,0.9,100.0,0.0
2019-11-24,,,,,,,,,,,,,0.0,1.2,100.0,0.0
2019-11-25,6.0,16.3,99.5,,,,,,,,,,0.0,1.4,100.0,0.0
2019-11-26,,,,,,,,,,,,,0.0,1.6,100.0,0.0
2019-11-27,8.3,19.9,99.5,,,,,,,,,,0.0,1.8,100.0,0.0
2019-11-28,,,,,,,,,,,,,0.0,3.4,100.0,0.0
2019-11-29,,,,,,,,,,,,,0.0,4.0,100.0,0.0
2019-11-30,,,,,,,0.3,5.6,41.0,,,,0.0,4.8,100.0,0.0
2019-12-01,2.5,10.3,99.5,,,,,,,,,,0.0,4.7,100.0,0.0
2019-12-02,,,,,,,,,,,,,0.0,6.7,100.0,0.0
2019-12-03,5.0,14.7,99.4,0.1,6.9,59.7,,,,,,,0.0,7.3,100.0,0.0
2019-12-04,,,,,,,,,,0.0,0.4,100.0,0.0,7.0,100.0,0.0
2019-12-05,,,,,,,,,,,,,0.0,7.6,100.0,0.0
2019-12-06,,,,0.0,3.8,100.0,,,,,,,0.0,9.0,100.0,0.0
2019-12-07,2.0,4.9,99.5,,,,,,,,,,0.0,9.6,100.0,0.0
2019-12-08,,,,0.0,2.7,78.1,,,,,,,0.0,8.8,100.0,0.0
2019-12-09,2.1,5.0,99.4,,,,,,,0.0,0.4,100.0,0.0,8.5,100.0,0.0
2019-12-10,,,,,,,,,,,,,0.0,9.4,100.0,0.0
2019-12-11,,,,,,,,,,,,,0.0,8.4,100.0,0.0
2019-12-12,,,,,,,,,,0.0,2.6,100.0,0.0,7.8,100.0,0.0
2019-12-13,1.5,4.1,99.5,,,,,,,,,,0.0,8.0,100.0,0.0
2019-12-14,,,,,,,,,,,,,0.0,8.4,100.0,0.0
2019-12-15,1.6,4.4,99.5,,,,,,,0.0,4.9,100.0,0.0,7.2,100.0,0.0
2019-12-16,,,,0.0,1.8,100.0,,,,0.0,4.0,100.0,0.0,7.0,100.0,0.0
2019-12-17,,,,,,,,,,,,,0.0,5.6,100.0,0.0
2019-12-18,,,,,,,,,,,,,0.0,5.6,100.0,0.0
2019-12-19,1.8,5.6,99.5,,,,,,,0.0,3.6,100.0,0.0,5.3,100.0,0.0
2019-12-20,,,,,,,,,,,,,0.0,5.5,100.0,0.0
2019-12-21,,,,,,,,,,0.0,4.4,94.0,0.0,4.7,100.0,0.0
2019-12-22,,,,,,,,,,0.0,2.8,63.7,0.0,5.3,100.0,0.0
2019-12-23,,,,,,,,,,,,,0.0,5.6,100.0,0.0
2019-12-24,,,,,,,,,,,,,0.0,6.2,100.0,0.0
2019-12-25,1.5,5.8,99.5,,,,,,,0.3,5.3,100.0,0.0,5.3,100.0,0.0
2019-12-26,,,,0.5,4.4,100.0,,,,0.0,4.5,100.0,0.0,6.2,100.0,0.0
2019-12-27,2.1,8.7,99.4,,,,,,,,,,0.0,6.8,100.0,0.0
2019-12-28,,,,,,,,,,,,,0.0,7.3,100.0,0.0
2019-12-29,,,,,,,,,,0.4,8.0,100.0,0.0,7.5,100.0,0.0
2019-12-30,,,,,,,,,,,,,0.0,9.9,100.0,0.0
2019-12-31,1.3,9.2,99.4,1.0,9.1,100.0,0.0,4.2,100.0,,,,0.1,12.3,100.0,0.1
2020-01-01,,,,,,,,,,,,,0.1,13.4,100.0,0.1
2020-01-02,4.8,17.8,99.5,0.6,21.3,100.0,,,,,,,0.5,14.9,100.0,0.5
2020-01-03,,,,,,,,,,,,,0.5,16.3,100.0,0.5
2020-01-04,,,,,,,,,,0.0,8.3,31.7,1.2,19.7,100.0,1.2
2020-01-05,,,,0.3,14.6,100.0,,,,0.3,9.2,100.0,1.3,20.9,100.0,1.3
2020-01-06,5.6,19.9,99.5,,,,,,,,,,2.6,23.5,100.0,2.6
2020-01-07,,,,,,,,,,,,,2.9,25.4,100.0,2.9
2020-01-08,4.4,16.8,99.4,,,,,,,,,,6.9,30.3,100.0,6.9
2020-01-09,,,,,,,5.8,16.1,64.4,,,,8.2,32.8,100.0,8.2
2020-01-10,,,,0.1,11.0,90.3,,,,,,,11.4,34.6,100.0,11.4
2020-01-11,,,,,,,,,,0.5,14.3,100.0,10.1,34.6,100.0,10.1
2020-01-12,4.4,16.7,99.5,0.1,11.2,100.0,,,,5.7,20.9,100.0,19.3,38.5,100.0,19.3
2020-01-13,,,,,,,,,,,,,17.8,39.2,100.0,17.8
2020-01-14,11.4,19.8,99.5,,,,,,,,,,24.0,41.5,100.0,24.0
2020-01-15,,,,0.6,11.9,100.0,,,,,,,23.5,43.0,100.0,23.5
2020-01-16,,,,,,,4.7,18.2,94.6,12.2,30.7,100.0,28.8,44.7,100.0,28.8
2020-01-17,,,,0.1,14.2,47.5,,,,,,,29.6,46.5,100.0,29.6
2020-01-18,27.4,32.5,99.4,,,,,,,43.0,45.8,83.8,34.0,47.9,100.0,34.0
2020-01-19,,,,,,,,,,,,,35.3,50.8,100.0,35.3
2020-01-20,5.0,11.1,99.5,0.4,26.0,100.0,,,,,,,40.0,53.0,100.0,40.0
2020-01-21,,,,,,,,,,,,,38.6,54.0,100.0,38.6
2020-01-22,,,,0.1,21.7,100.0,,,,,,,36.7,52.1,100.0,36.7
2020-01-23,,,,,,,,,,,,,36.0,53.6,100.0,36.0
2020-01-24,3.5,8.1,99.6,,,,,,,,,,36.4,53.7,100.0,36.4
2020-01-25,,,,0.3,22.7,100.0,2.0,18.5,100.0,,,,46.3,58.8,100.0,46.3
2020-01-26,2.9,5.7,99.2,,,,,,,,,,37.1,54.9,100.0,37.1
2020-01-27,,,,0.0,7.1,100.0,,,,,,,43.9,58.4,100.0,43.9
2020-01-28,,,,,,,,,,,,,38.8,57.2,100.0,38.8
2020-01-29,,,,,,,,,,,,,50.1,60.7,100.0,50.1
2020-01-30,3.6,9.2,99.6,0.4,8.2,100.0,,,,,,,39.5,58.3,100.0,39.5
2020-01-31,,,,,,,,,,66.2,54.6,100.0,36.3,58.1,100.0,36.3
2020-02-01,3.0,7.9,99.5,0.0,5.0,37.0,,,,,,,33.9,57.8,100.0,33.9
2020-02-02,,,,,,,,,,,,,45.2,60.1,100.0,45.2
2020-02-03,,,,,,,,,,,,,34.2,58.1,100.0,34.2
2020-02-04,,,,,,,,,,,,,41.3,59.4,100.0,41.3
2020-02-05,2.3,7.1,99.5,,,,,,,,,,39.1,58.0,100.0,39.1
2020-02-06,,,,0.1,10.0,100.0,,,,,,,40.9,58.2,100.0,40.9
2020-02-07,3.2,10.0,99.5,,,,,,,96.4,73.2,100.0,32.0,55.5,100.0,32.0
2020-02-08,,,,,,,,,,98.2,74.1,100.0,34.5,56.8,100.0,34.5
2020-02-09,,,,0.0,4.9,100.0,,,,,,,27.0,53.6,100.0,27.0
2020-02-10,,,,,,,,,,,,,18.9,49.9,100.0,18.9
2020-02-11,3.5,14.6,99.6,,,,,,,,,,9.7,43.0,100.0,9.7
2020-02-12,,,,,,,,,,,,,6.6,41.2,100.0,6.6
2020-02-13,23.1,31.6,99.5,,,,,,,,,,4.5,36.6,100.0,4.5
2020-02-14,,,,,,,,,,96.2,74.3,32.7,2.2,33.4,100.0,2.2
2020-02-15,,,,,,,,,,94.8,72.4,99.9,2.0,30.3,100.0,2.0
2020-02-16,,,,,,,,,,,,,1.8,30.8,100.0,1.8
2020-02-17,17.8,30.4,99.6,,,,,,,,,,1.3,29.5,100.0,1.3
2020-02-18,,,,,,,,,,,,,0.5,26.6,100.0,0.5
2020-02-19,,,,,,,,,,,,,0.5,24.6,100.0,0.5
2020-02-20,,,,,,,,,,,,,0.5,24.4,100.0,0.5
2020-02-21,,,,,,,,,,,,,0.3,21.9,100.0,0.3
2020-02-22,,,,,,,,,,79.7,60.2,100.0,0.2,21.3,100.0,0.2
2020-02-23,6.6,21.3,99.6,,,,,,,,,,0.3,21.1,100.0,0.3
2020-02-24,,,,0.0,2.2,100.0,,,,,,,0.1,19.3,100.0,0.1
2020-02-25,3.3,13.6,99.5,,,,,,,,,,0.1,17.4,100.0,0.1
2020-02-26,,,,,,,,,,,,,0.1,16.2,100.0,0.1
2020-02-27,,,,,,,,,,,,,0.1,14.4,100.0,0.1
2020-02-28,,,,,,,,,,,,,0.1,14.7,100.0,0.1
2020-02-29,3.4,12.7,99.5,,,,,,,,,,0.1,13.8,100.0,0.1
2020-03-01,,,,,,,,,,55.0,49.3,100.0,0.0,12.6,100.0,0.0
2020-03-02,3.2,13.0,99.5,,,,,,,,,,0.0,11.5,100.0,0.0
2020-03-03,,,,,,,,,,,,,0.0,14.2,100.0,0.0
2020-03-04,,,,,,,,,,,,,0.0,13.8,100.0,0.0
2020-03-05,,,,,,,,,,,,,0.0,15.1,100.0,0.0
2020-03-06,2.5,7.6,99.5,,,,,,,,,,0.0,13.7,100.0,0.0
2020-03-07,,,,,,,,,,,,,0.0,16.1,100.0,0.0
2020-03-08,2.7,5.9,99.5,,,,,,,,,,0.0,16.2,100.0,0.0
2020-03-09,,,,,,,,,,,,,0.0,14.7,100.0,0.0
2020-03-10,,,,,,,,,,,,,0.0,12.5,100.0,0.0
2020-03-11,,,,,,,,,,,,,0.0,13.2,100.0,0.0
2020-03-12,2.9,6.3,99.5,,,,,,,,,,0.0,13.0,100.0,0.0
2020-03-13,,,,,,,,,,7.5,23.7,100.0,0.0,12.7,100.0,0.0
2020-03-14,4.8,9.1,99.5,,,,,,,7.1,20.3,100.0,0.0,12.8,100.0,0.0
2020-03-15,,,,0.0,1.0,100.0,,,,,,,0.0,14.5,100.0,0.0
2020-03-16,,,,,,,,,,,,,0.0,14.0,100.0,0.0
2020-03-17,,,,0.0,1.1,100.0,,,,,,,0.0,12.4,100.0,0.0
2020-03-18,4.9,9.5,99.5,,,,,,,,,,0.0,11.8,100.0,0.0
2020-03-19,,,,,,,,,,,,,0.0,11.2,100.0,0.0
2020-03-20,7.7,13.8,99.5,,,,,,,,,,0.0,12.5,100.0,0.0
2020-03-21,,,,,,,,,,,,,0.0,13.5,100.0,0.0
2020-03-22,,,,,,,,,,0.2,9.0,100.0,0.0,11.5,100.0,0.0
2020-03-23,,,,,,,,,,,,,0.0,13.1,100.0,0.0
2020-03-24,7.3,13.4,99.4,,,,,,,,,,0.0,13.5,100.0,0.0
2020-03-25,,,,0.0,2.3,68.5,,,,,,,0.0,12.9,100.0,0.0
2020-03-26,16.2,21.2,99.5,,,,,,,0.2,6.3,100.0,0.0,12.3,100.0,0.0
2020-03-27,,,,0.0,1.6,100.0,,,,,,,0.0,12.5,100.0,0.0
2020-03-28,,,,,,,,,,,,,0.0,11.0,100.0,0.0
2020-03-29,,,,,,,,,,,,,0.0,9.6,100.0,0.0
2020-03-30,27.4,28.0,99.6,,,,,,,,,,0.0,8.8,100.0,0.0
2020-03-31,,,,,,,,,,,,,0.0,8.2,100.0,0.0
2020-04-01,37.3,37.6,98.1,0.0,1.3,100.0,,,,,,,0.0,6.7,100.0,0.0
2020-04-02,,,,,,,,,,0.0,2.7,49.4,0.0,4.2,100.0,0.0
2020-04-03,,,,,,,,,,0.0,3.8,55.4,0.0,3.9,100.0,0.0
2020-04-04,,,,0.0,1.7,100.0,,,,,,,0.0,4.2,100.0,0.0
2020-04-05,20.5,23.6,98.1,,,,0.0,0.4,100.0,0.0,1.2,100.0,0.0,4.0,100.0,0.0
2020-04-06,,,,0.0,1.6,100.0,,,,0.0,0.8,100.0,0.0,2.7,100.0,0.0
2020-04-07,17.2,21.7,98.0,,,,,,,0.0,0.4,100.0,0.0,2.5,100.0,0.0
2020-04-08,,,,,,,,,,,,,0.0,2.6,100.0,0.0
2020-04-09,,,,0.0,2.0,88.3,,,,,,,0.0,3.3,100.0,0.0
2020-04-10,,,,,,,,,,0.0,0.2,100.0,0.0,2.5,100.0,0.0
2020-04-11,8.4,15.0,98.2,0.0,2.1,100.0,,,,,,,0.0,2.6,100.0,0.0
2020-04-12,,,,,,,,,,0.0,0.1,95.0,0.0,2.9,100.0,0.0
2020-04-13,7.2,10.6,98.0,,,,,,,,,,0.0,5.0,100.0,0.0
2020-04-14,,,,0.0,1.5,99.6,,,,0.0,0.1,100.0,0.0,4.8,100.0,0.0
2020-04-15,,,,,,,,,,0.0,0.0,100.0,0.0,4.3,100.0,0.0
2020-04-16,,,,0.0,0.9,100.0,,,,,,,0.0,4.1,100.0,0.0
2020-04-17,4.8,7.2,98.2,,,,,,,,,,0.0,5.2,100.0,0.0
2020-04-18,,,,,,,,,,0.0,0.0,100.0,0.0,4.4,100.0,0.0
2020-04-19,,,,,,,,,,,,,0.0,3.8,100.0,0.0
2020-04-20,,,,,,,,,,,,,0.0,3.4,100.0,0.0
2020-04-21,,,,,,,,,,,,,0.0,5.2,100.0,0.0
2020-04-22,,,,,,,,,,0.0,0.0,100.0,0.0,4.5,100.0,0.0
2020-04-23,3.3,5.0,98.1,,,,,,,0.0,0.0,100.0,0.0,2.5,100.0,0.0
2020-04-24,,,,0.0,0.4,85.4,,,,0.0,0.0,100.0,0.0,2.2,100.0,0.0
2020-04-25,2.9,4.6,98.1,,,,,,,,,,0.0,2.1,100.0,0.0
2020-04-26,,,,,,,,,,0.0,0.0,96.7,0.0,1.7,100.0,0.0
2020-04-27,,,,,,,,,,0.0,0.0,100.0,0.0,1.1,100.0,0.0
2020-04-28,,,,,,,,,,,,,0.0,1.2,100.0,0.0
2020-04-29,1.1,2.6,98.1,,,,,,,,,,0.0,1.0,100.0,0.0
2020-04-30,,,,,,,,,,,,,0.0,0.8,100.0,0.0
2020-05-01,1.1,2.9,98.0,,,,,,,,,,0.0,0.4,100.0,0.0
2020-05-02,,,,,,,,,,,,,0.0,0.5,100.0,0.0
2020-05-03,,,,,,,,,,0.0,0.0,100.0,0.0,0.3,100.0,0.0
2020-05-04,,,,0.0,0.4,38.4,,,,,,,0.0,0.2,100.0,0.0
2020-05-05,1.1,2.5,98.1,,,,,,,,,,0.0,0.2,100.0,0.0
2020-05-06,,,,,,,,,,,,,0.0,0.3,100.0,0.0
2020-05-07,3.0,4.3,98.0,,,,0.0,0.0,100.0,,,,0.0,0.3,100.0,0.0
2020-05-08,,,,,,,0.1,0.3,37.2,,,,0.0,0.3,100.0,0.0
2020-05-09,,,,0.0,0.2,100.0,,,,,,,0.0,0.2,100.0,0.0
2020-05-10,,,,,,,,,,,,,0.0,0.3,100.0,0.0
2020-05-11,2.5,3.7,98.1,,,,,,,,,,0.0,0.2,100.0,0.0
2020-05-12,,,,,,,,,,,,,0.0,0.3,100.0,0.0
2020-05-13,4.5,5.9,98.0,,,,,,,,,,0.0,0.3,100.0,0.0
2020-05-14,,,,,,,,,,,,,0.0,1.1,100.0,0.0
2020-05-15,,,,,,,,,,,,,0.0,1.1,100.0,0.0
2020-05-16,,,,,,,,,,,,,0.0,1.8,100.0,0.0
2020-05-17,4.4,6.7,98.2,,,,,,,,,,0.0,1.1,100.0,0.0
2020-05-18,,,,,,,,,,,,,0.0,1.4,100.0,0.0
2020-05-19,4.4,5.8,98.0,0.0,0.2,100.0,,,,,,,0.0,1.2,100.0,0.0
2020-05-20,,,,,,,,,,0.0,0.0,100.0,0.0,1.1,100.0,0.0
2020-05-21,,,,0.0,0.2,100.0,,,,,,,0.0,0.8,100.0,0.0
2020-05-22,,,,,,,,,,,,,0.0,0.8,100.0,0.0
2020-05-23,3.4,5.3,97.9,,,,,,,,,,0.0,0.8,100.0,0.0
2020-05-24,,,,,,,,,,0.0,0.0,35.4,0.0,0.8,100.0,0.0
2020-05-25,3.9,5.4,98.1,,,,,,,,,,0.0,0.4,100.0,0.0
2020-05-26,,,,0.0,0.4,81.9,,,,,,,0.0,0.2,100.0,0.0
2020-05-27,,,,,,,,,,,,,0.0,0.2,100.0,0.0
2020-05-28,,,,,,,,,,0.0,0.0,100.0,0.0,0.1,100.0,0.0
2020-05-29,5.1,8.7,98.0,0.0,0.5,91.9,,,,,,,0.0,0.1,100.0,0.0
2020-05-30,,,,,,,,,,,,,0.0,0.1,100.0,0.0
2020-05-31,3.9,5.5,98.0,0.0,0.5,99.6,,,,,,,0.0,0.1,100.0,0.0
2020-06-01,,,,,,,0.0,0.0,100.0,0.0,0.0,100.0,0.0,0.1,100.0,0.0
2020-06-02,,,,,,,,,,,,,0.0,0.0,100.0,0.0
2020-06-03,,,,0.0,0.3,79.5,,,,,,,0.0,0.0,100.0,0.0
2020-06-04,3.1,4.7,98.1,,,,,,,,,,0.0,0.0,100.0,0.0
2020-06-05,,,,,,,,,,,,,0.0,0.1,100.0,0.0
2020-06-06,3.0,4.2,98.1,,,,,,,,,,0.0,0.1,100.0,0.0
2020-06-07,,,,,,,,,,,,,0.0,0.1,100.0,0.0
2020-06-08,,,,,,,,,,,,,0.0,0.2,100.0,0.0
2020-06-09,,,,,,,,,,,,,0.0,0.2,100.0,0.0
2020-06-10,2.8,4.7,98.1,,,,,,,,,,0.0,0.3,100.0,0.0
2020-06-11,,,,,,,,,,,,,0.0,0.4,100.0,0.0
2020-06-12,3.0,5.1,98.1,,,,,,,0.0,0.0,100.0,0.0,0.4,100.0,0.0
2020-06-13,,,,,,,,,,0.0,0.0,76.6,0.0,0.5,100.0,0.0
2020-06-14,,,,,,,,,,,,,0.0,0.5,100.0,0.0
2020-06-15,,,,,,,,,,,,,0.0,0.6,100.0,0.0
2020-06-16,2.4,3.8,98.0,,,,,,,,,,0.0,0.7,100.0,0.0
2020-06-17,,,,,,,,,,,,,0.0,0.8,100.0,0.0
2020-06-18,,,,,,,,,,,,,0.0,0.8,100.0,0.0
2020-06-19,,,,,,,,,,,,,0.0,1.1,100.0,0.0
2020-06-20,,,,,,,,,,0.0,0.0,100.0,0.0,1.1,100.0,0.0
2020-06-21,,,,,,,,,,0.0,0.0,77.6,0.0,1.2,100.0,0.0
2020-06-22,3.4,5.3,98.1,,,,,,,0.0,0.0,34.7,0.0,1.0,100.0,0.0
2020-06-23,,,,0.0,0.2,100.0,,,,,,,0.0,1.2,100.0,0.0
2020-06-24,,,,,,,,,,,,,0.0,1.2,100.0,0.0
2020-06-25,,,,0.0,0.3,34.1,,,,0.0,0.0,100.0,0.0,1.4,100.0,0.0
2020-06-26,,,,,,,,,,0.0,0.0,75.2,0.0,0.7,100.0,0.0
2020-06-27,,,,,,,,,,,,,0.0,0.7,100.0,0.0
2020-06-28,3.2,5.4,98.0,,,,,,,0.0,0.0,100.0,0.0,0.6,100.0,0.0
2020-06-29,,,,,,,,,,,,,0.0,0.8,100.0,0.0
2020-06-30,5.2,11.9,97.3,0.0,0.2,99.7,,,,0.0,0.0,100.0,0.0,0.4,100.0,0.0
2020-07-01,,,,,,,,,,0.0,0.0,99.1,0.0,0.3,100.0,0.0
2020-07-02,,,,,,,,,,,,,0.0,0.3,100.0,0.0
2020-07-03,,,,,,,,,,,,,0.0,0.3,100.0,0.0
2020-07-04,4.9,15.4,98.0,,,,,,,0.0,0.0,95.6,0.0,0.1,100.0,0.0
2020-07-05,,,,0.0,0.2,100.0,,,,0.0,0.0,100.0,0.0,0.1,100.0,0.0
2020-07-06,13.4,27.5,98.0,,,,,,,,,,0.0,0.1,100.0,0.0
2020-07-07,,,,,,,,,,,,,0.0,0.0,100.0,0.0
2020-07-08,,,,0.0,0.3,100.0,,,,,,,0.0,0.0,100.0,0.0
2020-07-09,,,,,,,,,,0.0,0.0,91.8,0.0,0.0,100.0,0.0
2020-07-10,24.7,32.1,98.0,0.0,0.3,100.0,0.0,0.0,100.0,,,,0.0,0.0,100.0,0.0
2020-07-11,,,,,,,,,,,,,0.0,0.0,100.0,0.0
2020-07-12,47.7,41.3,98.0,,,,,,,,,,0.0,0.0,100.0,0.0
2020-07-13,,,,,,,,,,,,,0.0,0.0,100.0,0.0
2020-07-14,,,,,,,,,,,,,0.0,0.0,100.0,0.0
2020-07-15,,,,,,,,,,,,,0.0,0.0,100.0,0.0
2020-07-16,51.2,42.7,98.1,,,,,,,,,,0.0,0.0,100.0,0.0
2020-07-17,,,,,,,,,,,,,0.0,0.0,100.0,0.0
2020-07-18,56.2,45.3,99.6,0.0,0.5,55.6,,,,0.0,0.0,40.0,0.0,0.0,100.0,0.0
2020-07-19,,,,,,,0.0,0.0,100.0,,,,0.0,0.0,100.0,0.0
2020-07-20,,,,0.0,0.5,92.5,,,,,,,0.0,0.0,100.0,0.0
2020-07-21,,,,,,,,,,0.0,0.0,78.5,0.0,0.0,100.0,0.0
2020-07-22,53.8,43.2,99.9,,,,,,,,,,0.0,0.0,100.0,0.0
2020-07-23,,,,0.0,1.0,63.2,,,,,,,0.0,0.0,100.0,0.0
2020-07-24,58.1,46.9,99.6,,,,,,,,,,0.0,0.0,100.0,0.0
2020-07-25,,,,0.0,1.0,73.5,,,,,,,0.0,0.0,100.0,0.0
2020-07-26,,,,,,,,,,0.0,0.0,49.6,0.0,0.0,100.0,0.0
2020-07-27,,,,,,,,,,,,,0.0,0.1,100.0,0.0
2020-07-28,73.2,58.6,99.9,0.0,0.7,100.0,,,,,,,0.0,0.1,100.0,0.0
2020-07-29,,,,,,,,,,0.0,0.0,100.0,0.0,0.1,100.0,0.0
2020-07-30,,,,0.0,0.6,100.0,,,,,,,0.0,0.1,100.0,0.0
2020-07-31,,,,,,,,,,,,,0.0,0.1,100.0,0.0
2020-08-01,,,,,,,,,,0.0,0.0,64.4,0.0,0.0,100.0,0.0
2020-08-02,,,,,,,,,,,,,0.0,0.1,100.0,0.0
2020-08-03,60.3,48.9,99.9,,,,,,,,,,0.0,0.1,100.0,0.0
2020-08-04,,,,,,,,,,,,,0.0,0.0,100.0,0.0
2020-08-05,67.3,54.2,99.6,,,,,,,,,,0.0,0.0,100.0,0.0
2020-08-06,,,,,,,,,,,,,0.0,0.0,100.0,0.0
2020-08-07,,,,0.0,0.5,100.0,,,,,,,0.0,0.0,100.0,0.0
2020-08-08,,,,,,,,,,0.0,0.0,100.0,0.0,0.0,100.0,0.0
2020-08-09,56.3,46.9,99.9,0.0,0.4,100.0,,,,0.0,0.0,100.0,0.0,0.0,100.0,0.0
2020-08-10,,,,,,,,,,0.0,0.0,100.0,0.0,0.0,100.0,0.0
2020-08-11,84.1,65.8,99.6,,,,0.0,0.0,100.0,,,,0.0,0.0,100.0,0.0
2020-08-12,,,,0.0,0.4,100.0,,,,0.0,0.0,67.5,0.0,0.0,100.0,0.0
2020-08-13,,,,,,,,,,0.0,0.0,36.8,0.0,0.0,100.0,0.0
2020-08-14,,,,,,,,,,,,,0.0,0.0,100.0,0.0
2020-08-15,56.0,46.4,99.9,,,,,,,,,,0.0,0.0,100.0,0.0
2020-08-16,,,,,,,,,,,,,0.0,0.0,100.0,0.0
2020-08-17,23.7,30.7,99.7,,,,,,,,,,0.0,0.0,100.0,0.0
2020-08-18,,,,,,,,,,,,,0.0,0.0,100.0,0.0
2020-08-19,,,,,,,,,,,,,0.0,0.0,100.0,0.0
2020-08-20,,,,,,,0.0,0.0,100.0,0.0,0.0,100.0,0.0,0.0,100.0,0.0
2020-08-21,8.2,17.9,99.9,,,,,,,0.0,0.0,100.0,0.0,0.0,100.0,0.0
2020-08-22,,,,,,,,,,,,,0.0,0.0,100.0,0.0
2020-08-23,6.7,14.7,99.6,,,,,,,,,,0.0,0.0,100.0,0.0
2020-08-24,,,,,,,,,,,,,0.0,0.0,100.0,0.0
2020-08-25,,,,,,,,,,0.0,0.0,100.0,0.0,0.0,100.0,0.0
2020-08-26,,,,,,,,,,0.0,0.0,66.5,0.0,0.0,100.0,0.0
2020-08-27,5.1,9.6,99.9,,,,0.0,0.0,48.4,,,,0.0,0.0,100.0,0.0
2020-08-28,,,,,,,,,,0.0,0.0,40.0,0.0,0.0,100.0,0.0
2020-08-29,3.4,6.5,98.1,,,,,,,,,,0.0,0.0,100.0,0.0
2020-08-30,,,,,,,,,,,,,0.0,0.0,100.0,0.0
2020-08-31,,,,,,,,,,,,,0.0,0.0,100.0,0.0
2020-09-01,,,,,,,,,,0.0,0.0,100.0,0.0,0.0,100.0,0.0
2020-09-02,2.7,5.0,98.3,,,,,,,,,,0.0,0.0,100.0,0.0
2020-09-03,,,,0.0,0.4,97.9,,,,,,,0.0,0.0,100.0,0.0
2020-09-04,3.3,5.2,98.0,,,,,,,0.0,0.0,100.0,0.0,0.0,100.0,0.0
2020-09-05,,,,,,,,,,,,,0.0,0.0,100.0,0.0
2020-09-06,,,,,,,,,,,,,0.0,0.0,100.0,0.0
2020-09-07,,,,,,,,,,,,,0.0,0.0,100.0,0.0
2020-09-08,3.6,5.3,98.3,0.0,0.4,100.0,,,,,,,0.0,0.0,100.0,0.0
2020-09-09,,,,,,,,,,0.0,0.0,100.0,0.0,0.0,100.0,0.0
2020-09-10,3.0,4.4,98.0,,,,,,,,,,0.0,0.0,100.0,0.0
2020-09-11,,,,0.0,0.9,100.0,,,,,,,0.0,0.0,100.0,0.0
2020-09-12,,,,,,,0.0,0.0,100.0,,,,0.0,0.0,100.0,0.0
2020-09-13,,,,0.0,2.7,100.0,,,,,,,0.0,0.0,100.0,0.0
2020-09-14,2.1,2.9,98.3,,,,,,,,,,0.0,0.0,100.0,0.0
2020-09-15,,,,,,,,,,,,,0.0,0.0,100.0,0.0
2020-09-16,2.3,3.1,98.0,,,,,,,,,,0.0,0.0,100.0,0.0
2020-09-17,,,,,,,,,,,,,0.0,0.0,100.0,0.0
2020-09-18,,,,0.0,3.6,100.0,,,,0.0,0.0,100.0,0.0,0.0,100.0,0.0
2020-09-19,,,,,,,,,,,,,0.0,0.0,100.0,0.0
2020-09-20,2.3,2.9,98.2,,,,,,,,,,0.0,0.0,100.0,0.0
2020-09-21,,,,0.0,3.4,99.9,0.0,0.0,100.0,,,,0.0,0.0,100.0,0.0
2020-09-22,2.6,3.9,98.1,,,,,,,,,,0.0,0.0,100.0,0.0
2020-09-23,,,,,,,,,,,,,0.0,0.0,100.0,0.0
2020-09-24,,,,,,,,,,,,,0.0,0.0,100.0,0.0
2020-09-25,,,,,,,,,,,,,0.0,0.0,100.0,0.0
2020-09-26,2.1,3.4,98.3,,,,,,,,,,0.0,0.0,100.0,0.0
2020-09-27,,,,,,,,,,,,,0.0,0.0,100.0,0.0
2020-09-28,3.2,7.0,98.1,0.0,1.5,99.9,0.0,0.0,97.1,,,,0.0,0.0,100.0,0.0
2020-09-29,,,,,,,,,,,,,0.0,0.0,100.0,0.0
2020-09-30,,,,,,,,,,0.0,0.0,99.9,0.0,0.0,100.0,0.0
2020-10-01,,,,0.0,0.9,86.7,,,,,,,0.0,0.0,100.0,0.0
2020-10-02,2.7,5.2,98.3,,,,,,,,,,0.0,0.1,100.0,0.0
2020-10-03,,,,,,,,,,0.0,0.0,100.0,0.0,0.0,100.0,0.0
2020-10-04,3.8,8.4,98.0,,,,,,,0.0,0.0,45.1,0.0,0.1,100.0,0.0
2020-10-05,,,,,,,,,,,,,0.0,0.1,100.0,0.0
2020-10-06,,,,,,,,,,,,,0.0,0.1,100.0,0.0
2020-10-07,,,,,,,,,,,,,0.0,0.1,100.0,0.0
2020-10-08,4.7,10.2,98.3,0.0,0.8,100.0,,,,0.0,0.0,100.0,0.0,0.1,100.0,0.0
2020-10-09,,,,,,,,,,,,,0.0,0.1,100.0,0.0
2020-10-10,5.4,10.9,98.0,,,,,,,,,,0.0,0.1,100.0,0.0
2020-10-11,,,,,,,,,,0.0,0.0,80.2,0.0,0.1,100.0,0.0
2020-10-12,,,,,,,,,,,,,0.0,0.1,100.0,0.0
2020-10-13,,,,0.0,0.9,56.6,,,,0.0,0.1,34.4,0.0,0.1,100.0,0.0
2020-10-14,7.3,13.9,98.3,,,,0.0,0.0,100.0,0.0,0.1,41.5,0.0,0.1,100.0,0.0
2020-10-15,,,,,,,,,,,,,0.0,0.1,100.0,0.0
2020-10-16,,,,,,,,,,,,,0.0,0.1,100.0,0.0
2020-10-17,,,,,,,,,,0.0,0.1,83.3,0.0,0.1,100.0,0.0
2020-10-18,,,,,,,,,,,,,0.0,0.1,100.0,0.0
2020-10-19,,,,,,,,,,,,,0.0,0.1,100.0,0.0
2020-10-20,9.1,15.5,98.3,,,,,,,,,,0.0,0.1,100.0,0.0
2020-10-21,,,,,,,,,,0.0,0.2,100.0,0.0,0.1,100.0,0.0
2020-10-22,14.4,20.9,98.1,,,,,,,0.0,0.4,100.0,0.0,0.2,100.0,0.0
2020-10-23,,,,,,,,,,,,,0.0,0.2,100.0,0.0
2020-10-24,,,,,,,,,,,,,0.0,0.2,100.0,0.0
2020-10-25,,,,,,,,,,0.0,1.1,100.0,0.0,0.2,100.0,0.0
2020-10-26,7.4,13.4,98.3,,,,,,,,,,0.0,0.3,100.0,0.0
2020-10-27,,,,,,,,,,,,,0.0,0.2,100.0,0.0
2020-10-28,9.5,16.4,98.1,0.0,2.2,33.0,,,,,,,0.0,0.3,100.0,0.0
2020-10-29,,,,,,,,,,,,,0.0,0.3,100.0,0.0
2020-10-30,,,,,,,0.0,0.3,96.8,,,,0.0,0.3,100.0,0.0
2020-10-31,,,,0.0,1.8,100.0,,,,,,,0.0,0.3,100.0,0.0
2020-11-01,6.2,12.4,98.3,,,,,,,,,,0.0,0.3,100.0,0.0
2020-11-02,,,,0.1,2.3,100.0,,,,0.0,2.0,100.0,0.0,0.3,100.0,0.0
2020-11-03,7.7,15.3,98.0,,,,,,,,,,0.0,0.4,100.0,0.0
2020-11-04,,,,,,,,,,,,,0.0,0.4,100.0,0.0
2020-11-05,,,,,,,,,,,,,0.0,0.5,100.0,0.0
2020-11-06,,,,,,,,,,,,,0.0,0.6,100.0,0.0
2020-11-07,4.8,10.3,98.3,0.2,3.3,100.0,,,,,,,0.0,0.7,100.0,0.0
2020-11-08,,,,,,,,,,,,,0.0,0.7,100.0,0.0
2020-11-09,5.0,13.0,98.1,,,,,,,,,,0.0,0.7,100.0,0.0
2020-11-10,,,,,,,,,,,,,0.0,0.7,100.0,0.0
2020-11-11,,,,,,,,,,,,,0.0,0.7,100.0,0.0
2020-11-12,,,,0.2,2.3,100.0,,,,,,,0.0,0.8,100.0,0.0
2020-11-13,3.2,8.7,98.2,,,,,,,,,,0.0,0.8,100.0,0.0
2020-11-14,,,,,,,,,,,,,0.0,1.0,100.0,0.0
2020-11-15,4.3,9.9,98.1,0.2,2.7,99.9,,,,,,,0.0,1.1,100.0,0.0
2020-11-16,,,,,,,,,,,,,0.0,1.3,100.0,0.0
2020-11-17,,,,0.3,3.6,100.0,,,,,,,0.0,1.2,100.0,0.0
2020-11-18,,,,,,,,,,,,,0.0,1.4,100.0,0.0
2020-11-19,3.2,5.5,99.4,,,,,,,,,,0.0,1.5,100.0,0.0
2020-11-20,,,,,,,,,,,,,0.0,1.9,100.0,0.0
2020-11-21,3.2,6.2,99.2,,,,,,,,,,0.0,1.8,100.0,0.0
2020-11-22,,,,0.5,10.1,100.0,,,,,,,0.0,2.1,100.0,0.0
2020-11-23,,,,,,,,,,,,,0.0,2.0,100.0,0.0
2020-11-24,,,,,,,0.0,2.1,100.0,,,,0.0,2.6,100.0,0.0
2020-11-25,2.6,4.8,99.5,1.0,13.4,100.0,,,,,,,0.0,2.8,100.0,0.0
2020-11-26,,,,,,,,,,,,,0.0,3.7,100.0,0.0
2020-11-27,4.8,8.1,99.3,58.1,47.7,100.0,,,,7.1,24.9,100.0,0.0,3.5,100.0,0.0
2020-11-28,,,,,,,,,,2.3,24.7,100.0,0.0,5.3,100.0,0.0
2020-11-29,,,,,,,,,,,,,0.0,6.3,100.0,0.0
2020-11-30,,,,,,,,,,,,,0.0,9.8,100.0,0.0
2020-12-01,4.2,6.5,99.5,,,,,,,6.8,31.1,57.3,0.0,11.5,100.0,0.0
2020-12-02,,,,,,,,,,37.9,42.0,100.0,0.0,22.8,100.0,0.0
2020-12-03,5.7,9.3,99.3,,,,,,,,,,0.3,27.1,100.0,0.3
2020-12-04,,,,,,,,,,,,,3.8,41.2,100.0,3.8
2020-12-05,,,,,,,,,,,,,7.0,41.8,100.0,7.0
2020-12-06,,,,,,,,,,,,,36.6,57.4,100.0,36.6
2020-12-07,8.0,12.7,99.5,,,,,,,,,,55.1,61.0,100.0,55.1
2020-12-08,,,,,,,,,,,,,94.5,69.4,100.0,94.5
2020-12-09,14.0,20.3,99.1,,,,,,,,,,95.3,70.7,100.0,95.3
2020-12-10,,,,,,,100.0,99.3,100.0,,,,99.9,82.0,100.0,99.9
2020-12-11,,,,,,,,,,,,,99.9,82.5,100.0,99.9
2020-12-12,,,,,,,,,,39.5,42.8,100.0,99.9,84.7,100.0,99.9
2020-12-13,15.0,21.6,99.5,,,,,,,61.1,52.7,100.0,99.9,85.2,100.0,99.9
2020-12-14,,,,,,,,,,20.0,34.2,100.0,99.8,85.7,100.0,99.8
2020-12-15,20.6,29.6,99.3,,,,,,,55.6,50.7,94.4,99.9,86.5,100.0,99.9
2020-12-16,,,,,,,,,,51.8,47.3,100.0,99.6,85.6,100.0,99.6
2020-12-17,,,,,,,,,,79.6,62.8,77.4,99.7,85.6,100.0,99.7
2020-12-18,,,,,,,,,,61.2,51.2,100.0,99.2,84.2,100.0,99.2
2020-12-19,13.6,19.0,99.5,,,,,,,93.8,73.7,100.0,99.6,84.4,100.0,99.6
2020-12-20,,,,89.1,75.9,32.6,,,,95.2,77.5,100.0,98.7,84.1,100.0,98.7
2020-12-21,16.3,22.3,99.3,,,,,,,,,,98.9,83.6,100.0,98.9
2020-12-22,,,,98.2,94.4,91.5,,,,,,,98.3,81.7,100.0,98.3
2020-12-23,,,,,,,,,,,,,98.1,79.9,100.0,98.1
2020-12-24,,,,,,,,,,99.9,88.3,39.8,97.0,76.8,100.0,97.0
2020-12-25,11.7,14.7,99.5,,,,,,,,,,97.3,77.8,100.0,97.3
2020-12-26,,,,,,,97.7,95.6,86.4,,,,97.8,81.4,100.0,97.8
2020-12-27,15.8,19.8,99.3,,,,,,,,,,98.2,83.3,100.0,98.2
2020-12-28,,,,,,,,,,,,,98.2,86.9,100.0,98.2
2020-12-29,,,,,,,,,,99.6,90.4,100.0,98.4,89.3,100.0,98.4
2020-12-30,,,,,,,,,,99.7,87.4,100.0,98.4,89.9,100.0,98.4
2020-12-31,17.0,20.2,99.5,,,,,,,,,,98.5,91.3,100.0,98.5
2021-01-01,,,,,,,,,,,,,100.0,92.5,100.0,100.0
2021-01-02,50.8,48.2,99.2,,,,,,,99.8,94.1,76.0,100.0,94.6,100.0,100.0
2021-01-03,,,,,,,,,,,,,100.0,96.5,100.0,100.0
2021-01-04,,,,,,,,,,,,,100.0,97.3,100.0,100.0
2021-01-05,,,,,,,,,,,,,100.0,98.4,100.0,100.0
2021-01-06,85.2,62.6,99.3,,,,,,,,,,100.0,98.8,100.0,100.0
2021-01-07,,,,,,,,,,99.6,94.3,94.0,100.0,99.2,100.0,100.0
2021-01-08,99.9,81.3,99.2,,,,,,,,,,100.0,99.5,100.0,100.0
2021-01-09,,,,100.0,100.0,100.0,,,,100.0,96.4,75.5,100.0,99.7,100.0,100.0
2021-01-10,,,,,,,,,,,,,100.0,99.7,100.0,100.0
2021-01-11,,,,100.0,100.0,100.0,100.0,100.0,100.0,,,,100.0,99.9,100.0,100.0
2021-01-12,100.0,85.7,99.3,,,,,,,,,,100.0,99.8,100.0,100.0
2021-01-13,,,,,,,,,,,,,100.0,99.8,100.0,100.0
2021-01-14,100.0,87.0,99.1,,,,,,,,,,100.0,99.8,100.0,100.0
2021-01-15,,,,,,,,,,,,,100.0,99.9,100.0,100.0
2021-01-16,,,,100.0,100.0,36.2,,,,,,,100.0,99.9,100.0,100.0
2021-01-17,,,,,,,,,,,,,100.0,99.9,100.0,100.0
2021-01-18,,,,,,,,,,,,,100.0,99.9,100.0,100.0
2021-01-19,,,,100.0,100.0,100.0,,,,,,,100.0,99.9,100.0,100.0
2021-01-20,100.0,91.5,99.1,,,,,,,,,,100.0,99.9,100.0,100.0
2021-01-21,,,,,,,,,,,,,100.0,99.9,100.0,100.0
2021-01-22,,,,,,,,,,,,,100.0,99.9,100.0,100.0
2021-01-23,,,,,,,,,,,,,100.0,99.8,100.0,100.0
2021-01-24,100.0,89.2,99.4,100.0,100.0,100.0,,,,,,,100.0,99.9,100.0,100.0
2021-01-25,,,,,,,,,,,,,100.0,99.8,100.0,100.0
2021-01-26,100.0,94.9,99.2,,,,,,,,,,100.0,99.8,100.0,100.0
2021-01-27,,,,,,,,,,,,,100.0,99.7,100.0,100.0
2021-01-28,,,,,,,,,,,,,100.0,99.8,100.0,100.0
2021-01-29,,,,,,,,,,99.9,96.4,79.1,100.0,99.6,100.0,100.0
2021-01-30,,,,,,,,,,,,,100.0,99.6,100.0,100.0
2021-01-31,,,,,,,,,,,,,100.0,99.6,100.0,100.0
2021-02-01,100.0,89.1,99.1,,,,,,,,,,100.0,99.6,100.0,100.0
2021-02-02,,,,,,,,,,,,,100.0,99.3,100.0,100.0
2021-02-03,,,,,,,,,,,,,100.0,99.3,100.0,100.0
2021-02-04,,,,,,,,,,,,,100.0,99.2,100.0,100.0
2021-02-05,,,,99.6,99.4,100.0,,,,,,,100.0,99.3,100.0,100.0
2021-02-06,,,,,,,,,,,,,100.0,99.2,100.0,100.0
2021-02-07,100.0,90.3,99.1,,,,,,,,,,100.0,99.0,100.0,100.0
2021-02-08,,,,100.0,99.8,100.0,,,,,,,100.0,99.1,100.0,100.0
2021-02-09,,,,,,,,,,99.8,97.2,99.8,100.0,98.5,100.0,100.0
2021-02-10,,,,,,,,,,,,,100.0,98.4,100.0,100.0
2021-02-11,,,,,,,,,,,,,100.0,98.1,100.0,100.0
2021-02-12,,,,,,,,,,,,,100.0,98.3,100.0,100.0
2021-02-13,,,,,,,,,,,,,100.0,98.5,100.0,100.0
2021-02-14,,,,,,,,,,,,,100.0,98.6,100.0,100.0
2021-02-15,,,,,,,,,,,,,100.0,98.9,100.0,100.0
2021-02-16,,,,,,,,,,99.9,97.0,100.0,100.0,99.2,100.0,100.0
2021-02-17,99.8,81.0,99.4,,,,,,,99.8,97.4,100.0,100.0,99.3,100.0,100.0
2021-02-18,,,,,,,,,,,,,100.0,99.4,100.0,100.0
2021-02-19,99.8,84.6,99.1,,,,100.0,100.0,91.4,,,,100.0,99.6,100.0,100.0
2021-02-20,,,,99.6,99.1,100.0,,,,99.9,97.7,100.0,100.0,99.6,100.0,100.0
2021-02-21,,,,,,,,,,99.8,97.8,100.0,100.0,99.6,100.0,100.0
2021-02-22,,,,,,,,,,,,,100.0,99.5,100.0,100.0
2021-02-23,99.1,76.5,99.4,99.5,98.1,100.0,,,,,,,100.0,99.5,100.0,100.0
2021-02-24,,,,,,,,,,99.8,97.2,100.0,100.0,99.2,100.0,100.0
2021-02-25,78.7,54.2,99.1,99.6,98.4,100.0,,,,99.8,97.5,100.0,100.0,99.1,100.0,100.0
2021-02-26,,,,,,,,,,,,,100.0,98.8,100.0,100.0
2021-02-27,,,,,,,,,,,,,99.9,98.1,100.0,99.9
2021-02-28,,,,99.4,96.4,98.1,,,,,,,99.9,97.6,100.0,99.9
2021-03-01,,,,,,,,,,100.0,97.3,100.0,99.8,95.7,100.0,99.8
2021-03-02,,,,98.7,95.6,100.0,,,,99.9,97.0,100.0,99.8,95.4,100.0,99.8
2021-03-03,23.4,30.3,99.1,,,,,,,,,,99.3,92.9,100.0,99.3
2021-03-04,,,,,,,,,,,,,99.1,90.9,100.0,99.1
2021-03-05,,,,,,,,,,,,,98.2,87.3,100.0,98.2
2021-03-06,,,,,,,,,,99.9,95.0,100.0,98.1,86.6,100.0,98.1
2021-03-07,12.8,23.2,99.4,,,,,,,99.9,94.5,100.0,93.3,80.1,100.0,93.3
2021-03-08,,,,,,,,,,,,,92.1,78.5,100.0,92.1
2021-03-09,14.6,22.7,99.1,,,,,,,,,,90.8,77.9,100.0,90.8
2021-03-10,,,,90.5,80.1,94.7,,,,,,,87.9,75.4,100.0,87.9
2021-03-11,,,,,,,,,,,,,78.5,68.5,100.0,78.5
2021-03-12,,,,,,,,,,,,,62.2,60.9,100.0,62.2
2021-03-13,,,,,,,,,,99.9,89.2,92.6,56.3,58.7,100.0,56.3
2021-03-14,,,,,,,,,,,,,35.5,53.2,100.0,35.5
2021-03-15,10.1,15.3,99.1,,,,,,,,,,44.8,56.6,100.0,44.8
2021-03-16,,,,,,,,,,,,,19.3,51.3,100.0,19.3
2021-03-17,,,,,,,,,,,,,36.8,55.4,100.0,36.8
2021-03-18,,,,,,,,,,99.5,80.4,83.6,4.2,46.9,100.0,4.2
2021-03-19,9.3,11.9,99.4,,,,,,,,,,24.2,54.9,100.0,24.2
2021-03-20,,,,,,,,,,,,,18.0,54.3,100.0,18.0
2021-03-21,10.3,13.9,99.2,,,,,,,,,,73.4,59.7,100.0,73.4
2021-03-22,,,,,,,,,,,,,18.1,53.5,100.0,18.1
2021-03-23,,,,,,,94.0,85.2,93.1,,,,73.9,60.1,100.0,73.9
2021-03-24,,,,,,,,,,,,,22.9,54.6,100.0,22.9
2021-03-25,,,,3.3,31.2,100.0,,,,62.7,51.8,100.0,38.3,56.0,100.0,38.3
2021-03-26,,,,,,,,,,,,,5.4,42.4,100.0,5.4
2021-03-27,17.2,25.9,99.1,,,,,,,,,,6.1,41.7,100.0,6.1
2021-03-28,,,,,,,,,,,,,2.3,34.4,100.0,2.3
2021-03-29,,,,,,,,,,11.5,31.4,100.0,0.5,27.0,100.0,0.5
2021-03-30,,,,0.0,4.0,100.0,,,,2.6,21.5,100.0,0.0,19.1,100.0,0.0
2021-03-31,13.1,17.0,99.3,,,,,,,0.2,10.7,100.0,0.0,14.8,100.0,0.0
2021-04-01,,,,0.0,3.7,100.0,1.8,2.6,100.0,,,,0.0,11.7,100.0,0.0
2021-04-02,15.1,22.7,99.1,,,,,,,,,,0.0,9.7,100.0,0.0
2021-04-03,,,,,,,,,,,,,0.0,9.0,100.0,0.0
2021-04-04,,,,0.0,2.5,100.0,,,,0.0,3.8,69.2,0.0,7.9,100.0,0.0
2021-04-05,,,,,,,,,,,,,0.0,8.7,100.0,0.0
2021-04-06,13.7,19.1,99.4,0.0,8.4,54.0,,,,,,,0.0,8.5,100.0,0.0
2021-04-07,,,,,,,,,,,,,0.0,9.3,100.0,0.0
2021-04-08,34.8,37.8,99.1,,,,0.0,1.1,96.3,,,,0.0,10.1,100.0,0.0
2021-04-09,,,,0.0,10.5,67.0,,,,,,,0.0,10.7,100.0,0.0
2021-04-10,,,,,,,,,,,,,0.0,8.9,100.0,0.0
2021-04-11,,,,0.0,3.9,54.7,,,,,,,0.0,8.8,100.0,0.0
2021-04-12,16.1,22.5,99.3,,,,,,,,,,0.0,10.5,100.0,0.0
2021-04-13,,,,,,,,,,,,,0.0,10.4,100.0,0.0
2021-04-14,27.9,33.9,99.0,0.0,6.8,46.4,,,,,,,0.0,9.7,100.0,0.0
2021-04-15,,,,,,,,,,0.0,4.9,44.9,0.0,9.1,100.0,0.0
2021-04-16,,,,0.0,5.6,60.8,,,,0.0,2.0,100.0,0.0,8.7,100.0,0.0
2021-04-17,,,,,,,0.0,0.8,47.3,,,,0.0,9.1,100.0,0.0
2021-04-18,21.8,28.4,99.3,,,,,,,0.0,1.5,47.2,0.0,7.3,100.0,0.0
2021-04-19,,,,0.0,3.6,66.7,,,,0.0,0.8,69.6,0.0,5.8,100.0,0.0
2021-04-20,18.4,21.9,99.1,,,,,,,0.0,0.6,100.0,0.0,4.5,100.0,0.0
2021-04-21,,,,0.0,1.9,98.3,,,,,,,0.0,3.8,100.0,0.0
2021-04-22,,,,,,,,,,0.0,0.3,100.0,0.0,3.0,100.0,0.0
2021-04-23,,,,,,,,,,0.0,0.5,100.0,0.0,2.6,100.0,0.0
2021-04-24,12.2,13.7,99.4,0.0,0.6,100.0,0.0,0.2,100.0,0.0,0.2,100.0,0.0,2.0,100.0,0.0
2021-04-25,,,,,,,,,,0.0,0.2,100.0,0.0,1.9,100.0,0.0
2021-04-26,12.5,13.2,99.1,,,,,,,,,,0.0,1.7,100.0,0.0
2021-04-27,,,,,,,,,,0.0,0.2,100.0,0.0,1.6,100.0,0.0
2021-04-28,,,,,,,,,,0.0,0.2,69.6,0.0,1.8,100.0,0.0
2021-04-29,,,,,,,,,,,,,0.0,1.9,100.0,0.0
2021-04-30,10.6,10.4,99.3,,,,,,,0.0,0.1,99.2,0.0,1.5,100.0,0.0
2021-05-01,,,,,,,,,,,,,0.0,1.5,100.0,0.0
2021-05-02,9.3,9.1,99.0,,,,,,,,,,0.0,2.3,100.0,0.0
2021-05-03,,,,,,,0.0,0.2,63.3,0.0,0.1,100.0,0.0,2.7,100.0,0.0
2021-05-04,,,,,,,,,,,,,0.0,2.7,100.0,0.0
2021-05-05,,,,,,,,,,,,,0.0,2.6,100.0,0.0
2021-05-06,5.1,5.4,99.4,,,,,,,,,,0.0,3.3,100.0,0.0
2021-05-07,,,,,,,,,,,,,0.0,3.8,100.0,0.0
2021-05-08,4.4,5.0,99.0,,,,,,,0.0,0.1,54.2,0.0,2.7,100.0,0.0
2021-05-09,,,,0.0,0.2,100.0,,,,0.0,0.0,91.9,0.0,1.8,100.0,0.0
2021-05-10,,,,,,,,,,,,,0.0,2.2,100.0,0.0
2021-05-11,,,,,,,,,,,,,0.0,3.1,100.0,0.0
2021-05-12,3.8,4.5,99.5,,,,,,,0.0,0.0,39.1,0.0,2.3,100.0,0.0
2021-05-13,,,,,,,,,,,,,0.0,2.1,100.0,0.0
2021-05-14,4.3,5.1,99.2,,,,,,,,,,0.0,1.9,100.0,0.0
2021-05-15,,,,,,,,,,,,,0.0,2.4,100.0,0.0
2021-05-16,,,,,,,,,,,,,0.0,1.8,100.0,0.0
2021-05-17,,,,,,,,,,,,,0.0,1.9,100.0,0.0
2021-05-18,3.3,4.2,99.5,,,,,,,,,,0.0,1.9,100.0,0.0
2021-05-19,,,,,,,0.1,0.4,40.0,,,,0.0,3.4,100.0,0.0
2021-05-20,4.2,5.7,99.2,,,,,,,,,,0.0,2.8,100.0,0.0
2021-05-21,,,,,,,,,,,,,0.0,3.0,100.0,0.0
2021-05-22,,,,,,,,,,,,,0.0,3.1,100.0,0.0
2021-05-23,,,,,,,,,,,,,0.0,3.8,100.0,0.0
2021-05-24,5.4,8.4,99.5,,,,,,,,,,0.0,3.7,100.0,0.0
2021-05-25,,,,,,,,,,0.0,0.0,72.4,0.0,3.1,100.0,0.0
2021-05-26,10.0,16.4,99.2,,,,,,,,,,0.0,3.6,100.0,0.0
2021-05-27,,,,,,,,,,,,,0.0,4.1,100.0,0.0
2021-05-28,,,,,,,,,,0.0,0.0,100.0,0.0,3.7,100.0,0.0
2021-05-29,,,,,,,,,,0.0,0.0,99.0,0.0,3.4,100.0,0.0
2021-05-30,9.2,14.4,99.5,,,,,,,,,,0.0,3.4,100.0,0.0
2021-05-31,,,,0.0,0.2,71.3,,,,0.0,0.0,100.0,0.0,3.0,100.0,0.0
2021-06-01,7.2,10.9,99.3,,,,,,,0.0,0.0,100.0,0.0,2.7,100.0,0.0
2021-06-02,,,,,,,,,,0.0,0.0,37.2,0.0,2.5,100.0,0.0
2021-06-03,,,,0.0,0.2,98.1,,,,,,,0.0,2.2,100.0,0.0
2021-06-04,,,,,,,,,,,,,0.0,2.8,100.0,0.0
2021-06-05,4.7,8.4,99.5,,,,,,,,,,0.0,3.1,100.0,0.0
2021-06-06,,,,,,,,,,,,,0.0,2.6,100.0,0.0
2021-06-07,5.0,7.9,99.2,,,,,,,,,,0.0,2.3,100.0,0.0
2021-06-08,,,,,,,,,,,,,0.0,2.9,100.0,0.0
2021-06-09,,,,,,,,,,0.0,0.0,95.5,0.0,2.3,100.0,0.0
2021-06-10,,,,0.0,0.4,88.4,,,,,,,0.0,2.3,100.0,0.0
2021-06-11,4.0,6.3,99.5,,,,,,,0.0,0.0,78.8,0.0,1.9,100.0,0.0
2021-06-12,,,,,,,,,,0.0,0.0,92.8,0.0,2.3,100.0,0.0
2021-06-13,3.3,4.9,99.1,0.0,0.7,81.4,,,,0.0,0.0,98.2,0.0,1.5,100.0,0.0
2021-06-14,,,,,,,,,,0.0,0.0,100.0,0.0,0.9,100.0,0.0
2021-06-15,,,,0.0,0.3,100.0,,,,,,,0.0,0.6,100.0,0.0
2021-06-16,,,,,,,,,,,,,0.0,0.6,100.0,0.0
2021-06-17,2.7,4.1,99.5,,,,,,,,,,0.0,0.4,100.0,0.0
2021-06-18,,,,0.0,0.3,99.0,,,,,,,0.0,0.3,100.0,0.0
2021-06-19,3.8,5.2,99.3,,,,,,,,,,0.0,0.3,100.0,0.0
2021-06-20,,,,,,,,,,,,,0.0,0.2,100.0,0.0
2021-06-21,,,,,,,,,,0.0,0.0,100.0,0.0,0.1,100.0,0.0
2021-06-22,,,,,,,,,,0.0,0.0,69.7,0.0,0.1,100.0,0.0
2021-06-23,3.1,4.5,99.4,,,,,,,,,,0.0,0.1,100.0,0.0
2021-06-24,,,,,,,,,,,,,0.0,0.1,100.0,0.0
2021-06-25,4.4,6.5,99.2,,,,,,,,,,0.0,0.1,100.0,0.0
2021-06-26,,,,,,,,,,0.0,0.0,100.0,0.0,0.0,100.0,0.0
2021-06-27,,,,,,,0.0,0.0,40.8,,,,0.0,0.1,100.0,0.0
2021-06-28,,,,,,,0.0,0.0,82.9,0.0,0.0,100.0,0.0,0.1,100.0,0.0
2021-06-29,3.3,5.0,99.5,,,,,,,,,,0.0,0.1,100.0,0.0
2021-06-30,,,,,,,,,,,,,0.0,0.0,100.0,0.0
2021-07-01,6.2,8.3,99.2,,,,,,,,,,0.0,0.0,100.0,0.0
2021-07-02,,,,,,,,,,,,,0.0,0.1,100.0,0.0
2021-07-03,,,,,,,,,,,,,0.0,0.1,100.0,0.0
2021-07-04,,,,,,,,,,,,,0.0,0.1,100.0,0.0
2021-07-05,5.1,7.0,99.5,,,,,,,,,,0.0,0.1,100.0,0.0
2021-07-06,,,,,,,0.0,0.0,88.5,,,,0.0,0.2,100.0,0.0
2021-07-07,7.7,11.3,99.2,,,,,,,,,,0.0,0.2,100.0,0.0
2021-07-08,,,,,,,,,,,,,0.0,0.1,100.0,0.0
2021-07-09,,,,,,,,,,,,,0.0,0.1,100.0,0.0
2021-07-10,,,,0.0,0.1,100.0,,,,,,,0.0,0.2,100.0,0.0
2021-07-11,7.5,12.9,99.5,,,,,,,0.0,0.0,91.4,0.0,0.1,100.0,0.0
2021-07-12,,,,,,,,,,,,,0.0,0.2,100.0,0.0
2021-07-13,11.7,17.8,99.1,,,,,,,,,,0.0,0.2,100.0,0.0
2021-07-14,,,,,,,,,,,,,0.0,0.3,100.0,0.0
2021-07-15,,,,,,,,,,,,,0.0,0.3,100.0,0.0
2021-07-16,,,,,,,,,,,,,0.0,0.3,100.0,0.0
2021-07-17,10.4,16.2,99.5,,,,,,,,,,0.0,0.3,100.0,0.0
2021-07-18,,,,0.0,0.5,73.4,,,,,,,0.0,0.3,100.0,0.0
2021-07-19,11.2,17.6,99.2,,,,,,,,,,0.0,0.2,100.0,0.0
2021-07-20,,,,0.0,0.9,97.0,,,,,,,0.0,0.2,100.0,0.0
2021-07-21,,,,,,,,,,,,,0.0,0.2,100.0,0.0
2021-07-22,,,,,,,0.0,0.0,84.3,0.0,0.0,100.0,0.0,0.2,100.0,0.0
2021-07-23,12.3,18.8,99.5,0.0,0.9,99.8,,,,0.0,0.0,100.0,0.0,0.2,100.0,0.0
2021-07-24,,,,,,,,,,,,,0.0,0.1,100.0,0.0
2021-07-25,9.5,15.8,99.2,,,,,,,,,,0.0,0.1,100.0,0.0
2021-07-26,,,,,,,,,,,,,0.0,0.1,100.0,0.0
2021-07-27,,,,,,,,,,,,,0.0,0.1,100.0,0.0
2021-07-28,,,,,,,,,,,,,0.0,0.1,100.0,0.0
2021-07-29,6.7,10.9,99.4,,,,,,,,,,0.0,0.1,100.0,0.0
2021-07-30,,,,,,,,,,,,,0.0,0.1,100.0,0.0
2021-07-31,8.1,13.6,99.3,,,,,,,,,,0.0,0.1,100.0,0.0
2021-08-01,,,,,,,,,,,,,0.0,0.0,100.0,0.0
2021-08-02,,,,0.0,0.7,58.9,,,,,,,0.0,0.0,100.0,0.0
2021-08-03,,,,,,,,,,,,,0.0,0.0,100.0,0.0
2021-08-04,11.9,20.2,99.5,,,,,,,,,,0.0,0.0,100.0,0.0
2021-08-05,,,,,,,,,,0.0,0.0,96.9,0.0,0.0,100.0,0.0
2021-08-06,9.7,15.5,99.2,,,,,,,,,,0.0,0.0,100.0,0.0
2021-08-07,,,,,,,,,,,,,0.0,0.0,100.0,0.0
2021-08-08,,,,,,,,,,,,,0.0,0.0,100.0,0.0
2021-08-09,,,,0.0,0.7,85.4,,,,0.0,0.0,42.8,0.0,0.0,100.0,0.0
2021-08-10,7.4,13.3,99.5,,,,,,,,,,0.0,0.0,100.0,0.0
2021-08-11,,,,,,,,,,0.0,0.0,93.5,0.0,0.0,100.0,0.0
2021-08-12,5.9,11.1,99.2,0.0,0.9,100.0,,,,0.0,0.0,100.0,0.0,0.0,100.0,0.0
2021-08-13,,,,,,,,,,,,,0.0,0.0,100.0,0.0
2021-08-14,,,,0.0,1.0,100.0,0.0,0.0,100.0,0.0,0.0,100.0,0.0,0.0,100.0,0.0
2021-08-15,,,,,,,,,,0.0,0.0,99.9,0.0,0.0,100.0,0.0
2021-08-16,,,,,,,,,,,,,0.0,0.0,100.0,0.0
2021-08-17,,,,,,,,,,0.0,0.0,31.0,0.0,0.0,100.0,0.0
2021-08-18,6.6,13.0,99.2,,,,,,,,,,0.0,0.0,100.0,0.0
2021-08-19,,,,0.0,1.9,54.2,,,,,,,0.0,0.0,100.0,0.0
2021-08-20,,,,,,,,,,0.0,0.0,100.0,0.0,0.0,100.0,0.0
2021-08-21,,,,,,,,,,0.0,0.0,100.0,0.0,0.0,100.0,0.0
2021-08-22,5.1,9.2,99.5,,,,,,,,,,0.0,0.0,100.0,0.0
2021-08-23,,,,,,,,,,,,,0.0,0.0,100.0,0.0
2021-08-24,4.6,9.6,99.2,,,,,,,,,,0.0,0.0,100.0,0.0
2021-08-25,,,,,,,,,,,,,0.0,0.0,100.0,0.0
2021-08-26,,,,,,,,,,,,,0.0,0.0,100.0,0.0
2021-08-27,,,,,,,,,,,,,0.0,0.0,100.0,0.0
2021-08-28,3.3,6.8,99.5,,,,,,,,,,0.0,0.0,100.0,0.0
2021-08-29,,,,,,,,,,,,,0.0,0.0,100.0,0.0
2021-08-30,4.5,8.5,99.3,,,,,,,,,,0.0,0.0,100.0,0.0
2021-08-31,,,,,,,,,,0.0,0.0,43.5,0.0,0.0,100.0,0.0
2021-09-01,,,,0.0,0.7,100.0,,,,,,,0.0,0.0,100.0,0.0
2021-09-02,,,,,,,,,,0.0,0.0,100.0,0.0,0.0,100.0,0.0
2021-09-03,3.6,6.9,99.5,0.1,1.0,100.0,,,,0.0,0.0,100.0,0.0,0.0,100.0,0.0
2021-09-04,,,,,,,,,,0.0,0.0,100.0,0.0,0.0,100.0,0.0
2021-09-05,4.0,8.1,99.2,,,,,,,0.0,0.0,100.0,0.0,0.0,100.0,0.0
2021-09-06,,,,0.0,0.8,100.0,,,,0.0,0.0,100.0,0.0,0.0,100.0,0.0
2021-09-07,,,,,,,,,,,,,0.0,0.0,100.0,0.0
2021-09-08,,,,0.0,1.1,100.0,0.0,0.0,100.0,,,,0.0,0.0,100.0,0.0
2021-09-09,2.9,6.4,99.5,,,,,,,0.0,0.0,100.0,0.0,0.0,100.0,0.0
2021-09-10,,,,,,,,,,,,,0.0,0.0,100.0,0.0
2021-09-11,4.9,8.8,99.2,0.0,1.1,100.0,,,,,,,0.0,0.0,100.0,0.0
2021-09-12,,,,,,,,,,0.0,0.0,94.8,0.0,0.0,100.0,0.0
2021-09-13,,,,0.0,1.9,95.4,,,,0.0,0.0,100.0,0.0,0.0,100.0,0.0
2021-09-14,,,,,,,,,,,,,0.0,0.0,100.0,0.0
2021-09-15,4.7,8.8,99.5,,,,,,,,,,0.0,0.0,100.0,0.0
2021-09-16,,,,,,,,,,,,,0.0,0.0,100.0,0.0
2021-09-17,8.0,16.8,99.1,,,,,,,0.0,0.0,100.0,0.0,0.0,100.0,0.0
2021-09-18,,,,0.0,1.7,100.0,,,,,,,0.0,0.0,100.0,0.0
2021-09-19,,,,,,,,,,,,,0.0,0.0,100.0,0.0
2021-09-20,,,,,,,,,,,,,0.0,0.0,100.0,0.0
2021-09-21,13.5,24.4,99.5,0.0,1.2,89.4,,,,,,,0.0,0.0,100.0,0.0
2021-09-22,,,,,,,,,,,,,0.0,0.0,100.0,0.0
2021-09-23,26.3,34.8,99.3,0.0,0.7,99.4,,,,,,,0.0,0.0,100.0,0.0
2021-09-24,,,,,,,0.0,0.0,100.0,0.0,0.0,100.0,0.0,0.0,100.0,0.0
2021-09-25,,,,,,,,,,,,,0.0,0.0,100.0,0.0
2021-09-26,,,,,,,,,,,,,0.0,0.0,100.0,0.0
2021-09-27,22.6,31.8,99.5,,,,,,,,,,0.0,0.0,100.0,0.0
2021-09-28,,,,,,,,,,,,,0.0,0.0,100.0,0.0
2021-09-29,43.3,41.4,99.3,,,,,,,,,,0.0,0.0,100.0,0.0
2021-09-30,,,,,,,,,,,,,0.0,0.0,100.0,0.0
2021-10-01,,,,0.0,0.7,100.0,0.0,0.0,100.0,,,,0.0,0.0,100.0,0.0
2021-10-02,,,,,,,,,,,,,0.0,0.0,100.0,0.0
2021-10-03,71.4,53.6,99.5,,,,,,,,,,0.0,0.0,100.0,0.0
2021-10-04,,,,,,,,,,,,,0.0,0.1,100.0,0.0
2021-10-05,76.9,58.3,99.2,,,,,,,,,,0.0,0.1,100.0,0.0
2021-10-06,,,,0.1,1.0,76.9,,,,,,,0.0,0.1,100.0,0.0
2021-10-07,,,,,,,,,,,,,0.0,0.1,100.0,0.0
2021-10-08,,,,0.0,1.8,47.2,,,,0.0,0.0,99.6,0.0,0.1,100.0,0.0
2021-10-09,50.1,43.4,99.5,,,,,,,,,,0.0,0.2,100.0,0.0
2021-10-10,,,,,,,,,,,,,0.0,0.2,100.0,0.0
2021-10-11,48.3,42.0,99.3,0.2,1.0,100.0,,,,0.0,0.0,100.0,0.0,0.2,100.0,0.0
2021-10-12,,,,,,,,,,,,,0.0,0.2,100.0,0.0
2021-10-13,,,,,,,,,,0.0,0.0,100.0,0.0,0.2,100.0,0.0
2021-10-14,,,,,,,,,,0.0,0.0,100.0,0.0,0.2,100.0,0.0
2021-10-15,41.2,38.9,99.5,,,,,,,0.0,0.0,100.0,0.0,0.1,100.0,0.0
2021-10-16,,,,0.2,1.4,99.9,,,,0.0,0.0,100.0,0.0,0.1,100.0,0.0
2021-10-17,33.4,35.0,99.3,,,,0.0,0.0,100.0,,,,0.0,0.2,100.0,0.0
2021-10-18,,,,0.2,1.5,100.0,,,,0.0,0.0,61.9,0.0,0.1,100.0,0.0
2021-10-19,,,,,,,,,,,,,0.0,0.1,100.0,0.0
2021-10-20,,,,,,,,,,0.0,0.0,100.0,0.0,0.1,100.0,0.0
2021-10-21,8.4,17.5,99.5,0.0,2.6,39.5,,,,,,,0.0,0.3,100.0,0.0
2021-10-22,,,,,,,,,,,,,0.0,0.1,100.0,0.0
2021-10-23,7.9,17.0,99.2,0.1,2.2,100.0,,,,0.0,0.0,100.0,0.0,0.2,100.0,0.0
2021-10-24,,,,,,,,,,0.0,0.0,100.0,0.0,0.1,100.0,0.0
2021-10-25,,,,,,,,,,,,,0.0,0.4,100.0,0.0
2021-10-26,,,,,,,,,,0.0,0.0,91.3,0.0,0.2,100.0,0.0
2021-10-27,3.3,9.5,99.5,,,,,,,,,,0.0,0.3,100.0,0.0
2021-10-28,,,,0.1,1.9,100.0,,,,0.0,0.1,100.0,0.0,0.2,100.0,0.0
2021-10-29,3.5,7.3,99.3,,,,,,,0.0,0.1,35.1,0.0,0.4,100.0,0.0
2021-10-30,,,,,,,,,,0.0,0.2,88.6,0.0,0.2,100.0,0.0
2021-10-31,,,,0.0,1.3,100.0,,,,0.0,0.1,100.0,0.0,0.3,100.0,0.0
2021-11-01,,,,,,,,,,,,,0.0,0.3,100.0,0.0
2021-11-02,2.6,4.7,99.5,,,,,,,,,,0.0,0.5,100.0,0.0
2021-11-03,,,,,,,,,,,,,0.0,0.4,100.0,0.0
2021-11-04,2.8,4.4,99.3,,,,,,,,,,0.0,0.5,100.0,0.0
2021-11-05,,,,,,,,,,,,,0.0,0.4,100.0,0.0
2021-11-06,,,,,,,,,,,,,0.0,0.5,100.0,0.0
2021-11-07,,,,0.0,1.2,48.2,,,,,,,0.0,0.5,100.0,0.0
2021-11-08,3.0,4.8,99.5,,,,,,,0.0,0.4,100.0,0.0,0.3,100.0,0.0
2021-11-09,,,,,,,,,,,,,0.0,0.4,100.0,0.0
2021-11-10,3.4,4.3,99.3,,,,,,,,,,0.0,0.4,100.0,0.0
2021-11-11,,,,,,,0.0,0.3,99.3,,,,0.0,0.5,100.0,0.0
2021-11-12,,,,0.3,6.2,100.0,,,,0.0,0.5,100.0,0.0,0.3,100.0,0.0
2021-11-13,,,,,,,,,,,,,0.0,0.5,100.0,0.0
2021-11-14,2.9,3.7,99.5,,,,,,,,,,0.0,0.5,100.0,0.0
2021-11-15,,,,,,,,,,,,,0.0,0.7,100.0,0.0
2021-11-16,3.1,3.7,99.2,,,,,,,,,,0.0,0.6,100.0,0.0
2021-11-17,,,,,,,,,,,,,0.0,1.0,100.0,0.0
2021-11-18,,,,,,,,,,,,,0.0,1.0,100.0,0.0
2021-11-19,,,,,,,,,,0.0,2.1,100.0,0.0,1.5,100.0,0.0
2021-11-20,2.7,3.3,99.5,24.8,33.9,99.9,,,,0.0,4.3,100.0,0.0,1.3,100.0,0.0
2021-11-21,,,,,,,,,,,,,0.0,1.8,100.0,0.0
2021-11-22,3.3,3.8,99.2,,,,,,,,,,0.0,1.9,100.0,0.0
2021-11-23,,,,,,,,,,,,,0.0,2.9,100.0,0.0
2021-11-24,,,,,,,,,,,,,0.0,3.1,100.0,0.0
2021-11-25,,,,,,,,,,,,,0.0,4.6,100.0,0.0
2021-11-26,3.1,4.3,99.5,,,,,,,,,,0.0,5.3,100.0,0.0
2021-11-27,,,,,,,,,,,,,0.0,9.6,100.0,0.0
2021-11-28,5.2,9.2,99.3,,,,,,,,,,0.2,11.5,100.0,0.2
2021-11-29,,,,,,,,,,,,,0.5,16.4,100.0,0.5
2021-11-30,,,,,,,,,,,,,1.0,17.5,100.0,1.0
2021-12-01,,,,,,,,,,,,,3.5,26.3,100.0,3.5
2021-12-02,9.1,19.3,99.5,,,,,,,,,,8.6,31.9,100.0,8.6
2021-12-03,,,,,,,,,,,,,16.7,40.7,100.0,16.7
2021-12-04,50.7,45.4,99.3,,,,,,,,,,25.2,46.8,100.0,25.2
2021-12-05,,,,,,,,,,,,,37.9,54.7,100.0,37.9
2021-12-06,,,,,,,,,,,,,63.8,63.4,100.0,63.8
2021-12-07,,,,87.7,77.7,73.8,,,,,,,81.3,70.1,100.0,81.3
2021-12-08,41.6,42.2,99.5,,,,,,,,,,87.6,73.8,100.0,87.6
2021-12-09,,,,,,,,,,5.1,35.2,61.6,94.0,78.2,100.0,94.0
2021-12-10,39.7,40.4,99.3,,,,,,,,,,98.3,84.0,100.0,98.3
2021-12-11,,,,,,,,,,4.5,25.4,99.9,99.6,86.5,100.0,99.6
2021-12-12,,,,,,,100.0,99.9,43.0,7.7,27.0,100.0,99.9,90.0,100.0,99.9
2021-12-13,,,,,,,,,,5.4,24.6,100.0,99.9,91.4,100.0,99.9
2021-12-14,48.4,43.3,99.5,,,,,,,,,,100.0,93.6,100.0,100.0
2021-12-15,,,,99.5,97.6,100.0,,,,29.1,37.5,100.0,100.0,95.0,100.0,100.0
2021-12-16,61.5,49.6,99.3,,,,,,,21.2,35.5,100.0,100.0,94.8,100.0,100.0
2021-12-17,,,,100.0,97.6,36.8,,,,38.9,41.5,100.0,100.0,95.3,100.0,100.0
2021-12-18,,,,,,,,,,35.0,40.8,100.0,100.0,95.8,100.0,100.0
2021-12-19,,,,,,,,,,,,,100.0,96.0,100.0,100.0
2021-12-20,60.7,49.2,99.5,99.3,94.9,100.0,,,,62.3,57.1,100.0,100.0,96.7,100.0,100.0
2021-12-21,,,,,,,100.0,97.6,52.9,,,,100.0,96.6,100.0,100.0
2021-12-22,64.1,49.7,99.3,99.6,97.4,90.0,,,,,,,100.0,97.1,100.0,100.0
2021-12-23,,,,,,,,,,,,,100.0,96.6,100.0,100.0
2021-12-24,,,,,,,,,,,,,100.0,96.3,100.0,100.0
2021-12-25,,,,,,,,,,,,,100.0,95.8,100.0,100.0
2021-12-26,,,,,,,,,,,,,100.0,95.7,100.0,100.0
2021-12-27,,,,,,,,,,,,,100.0,95.4,100.0,100.0
2021-12-28,94.8,67.1,99.2,,,,,,,,,,100.0,94.8,100.0,100.0
2021-12-29,,,,,,,,,,,,,100.0,93.7,100.0,100.0
2021-12-30,,,,,,,,,,,,,100.0,93.5,100.0,100.0
2021-12-31,,,,,,,,,,,,,100.0,93.1,100.0,100.0
2022-01-01,99.1,69.2,99.3,92.9,87.7,100.0,,,,,,,99.8,92.7,100.0,99.8
2022-01-02,,,,,,,,,,68.3,57.6,100.0,99.9,92.1,100.0,99.9
2022-01-03,,,,,,,,,,93.9,74.8,100.0,99.8,91.6,100.0,99.8
2022-01-04,,,,,,,,,,,,,99.9,92.2,100.0,99.9
2022-01-05,,,,,,,,,,,,,99.9,91.2,100.0,99.9
2022-01-06,,,,,,,,,,99.8,88.6,100.0,100.0,92.8,100.0,100.0
2022-01-07,,,,,,,,,,,,,100.0,93.6,100.0,100.0
2022-01-08,,,,,,,,,,,,,100.0,94.3,100.0,100.0
2022-01-09,100.0,87.5,99.1,,,,,,,,,,100.0,94.2,100.0,100.0
2022-01-10,,,,,,,,,,99.9,93.8,100.0,100.0,95.6,100.0,100.0
2022-01-11,,,,97.3,87.7,100.0,,,,,,,100.0,96.1,100.0,100.0
2022-01-12,,,,,,,,,,,,,100.0,96.4,100.0,100.0
2022-01-13,100.0,83.5,99.3,,,,99.5,96.1,91.3,,,,100.0,97.0,100.0,100.0
2022-01-14,,,,86.8,84.6,100.0,100.0,98.0,100.0,99.9,96.0,100.0,100.0,97.7,100.0,100.0
2022-01-15,,,,,,,,,,,,,100.0,97.8,100.0,100.0
2022-01-16,,,,79.5,83.6,100.0,,,,,,,100.0,98.2,100.0,100.0
2022-01-17,,,,,,,,,,99.9,97.7,100.0,100.0,98.3,100.0,100.0
2022-01-18,,,,,,,,,,,,,100.0,98.5,100.0,100.0
2022-01-19,,,,100.0,99.6,100.0,,,,,,,100.0,98.8,100.0,100.0
2022-01-20,,,,,,,,,,,,,100.0,98.9,100.0,100.0
2022-01-21,100.0,91.7,99.1,100.0,100.0,79.3,,,,,,,100.0,99.0,100.0,100.0
2022-01-22,,,,,,,,,,,,,100.0,98.8,100.0,100.0
2022-01-23,,,,,,,,,,,,,100.0,98.8,100.0,100.0
2022-01-24,,,,100.0,99.7,83.3,,,,,,,100.0,99.0,100.0,100.0
2022-01-25,100.0,92.5,99.3,,,,,,,,,,100.0,98.9,100.0,100.0
2022-01-26,,,,100.0,99.2,100.0,,,,,,,100.0,98.8,100.0,100.0
2022-01-27,,,,,,,,,,,,,100.0,98.6,100.0,100.0
2022-01-28,,,,,,,,,,,,,100.0,98.5,100.0,100.0
2022-01-29,,,,,,,,,,,,,100.0,98.3,100.0,100.0
2022-01-30,,,,,,,,,,99.9,97.9,73.6,100.0,97.9,100.0,100.0
2022-01-31,,,,,,,,,,,,,100.0,98.3,100.0,100.0
2022-02-01,,,,,,,,,,,,,100.0,98.2,100.0,100.0
2022-02-02,100.0,95.9,99.0,,,,,,,,,,100.0,98.5,100.0,100.0
2022-02-03,,,,,,,,,,,,,100.0,98.0,100.0,100.0
2022-02-04,,,,,,,,,,,,,100.0,98.1,100.0,100.0
2022-02-05,,,,86.0,89.0,66.9,,,,100.0,98.1,100.0,100.0,98.1,100.0,100.0
2022-02-06,100.0,92.2,99.3,,,,,,,,,,100.0,98.4,100.0,100.0
2022-02-07,,,,,,,,,,100.0,98.0,100.0,100.0,98.0,100.0,100.0
2022-02-08,,,,100.0,98.2,100.0,,,,100.0,98.0,99.1,100.0,98.7,100.0,100.0
2022-02-09,,,,,,,,,,100.0,97.8,100.0,100.0,98.4,100.0,100.0
2022-02-10,,,,99.9,94.6,100.0,,,,100.0,97.9,100.0,100.0,98.7,100.0,100.0
2022-02-11,,,,,,,,,,100.0,98.1,95.0,100.0,98.6,100.0,100.0
2022-02-12,,,,,,,,,,100.0,98.4,99.8,100.0,98.9,100.0,100.0
2022-02-13,,,,100.0,99.0,100.0,,,,100.0,98.1,100.0,100.0,98.9,100.0,100.0
2022-02-14,100.0,90.7,99.0,,,,100.0,99.9,61.8,,,,100.0,99.1,100.0,100.0
2022-02-15,,,,,,,,,,,,,100.0,98.7,100.0,100.0
2022-02-16,,,,,,,,,,,,,100.0,98.9,100.0,100.0
2022-02-17,,,,,,,,,,,,,100.0,98.6,100.0,100.0
2022-02-18,99.9,85.7,99.3,,,,,,,100.0,97.9,94.4,100.0,98.4,100.0,100.0
2022-02-19,,,,,,,,,,,,,100.0,98.0,100.0,100.0
2022-02-20,,,,99.5,92.7,99.0,,,,100.0,97.7,100.0,100.0,98.4,100.0,100.0
2022-02-21,,,,,,,,,,,,,100.0,98.1,100.0,100.0
2022-02-22,,,,,,,,,,,,,100.0,97.6,100.0,100.0
2022-02-23,,,,98.9,93.6,100.0,100.0,97.7,99.9,,,,100.0,97.9,100.0,100.0
2022-02-24,,,,,,,,,,,,,100.0,97.1,100.0,100.0
2022-02-25,,,,100.0,99.4,98.0,,,,,,,100.0,97.3,100.0,100.0
2022-02-26,99.9,84.5,99.0,,,,,,,,,,100.0,96.4,100.0,100.0
2022-02-27,,,,,,,,,,100.0,97.4,97.6,100.0,96.1,100.0,100.0
2022-02-28,,,,92.5,88.0,100.0,,,,,,,100.0,95.8,100.0,100.0
2022-03-01,,,,,,,,,,,,,100.0,95.5,100.0,100.0
2022-03-02,,,,87.0,85.7,99.5,,,,,,,99.8,94.2,100.0,99.8
2022-03-03,,,,,,,99.9,94.1,99.8,,,,100.0,94.3,100.0,100.0
2022-03-04,,,,,,,,,,,,,99.0,92.6,100.0,99.0
2022-03-05,,,,84.6,83.5,100.0,,,,100.0,94.8,100.0,99.3,93.1,100.0,99.3
2022-03-06,,,,,,,,,,100.0,90.4,99.8,97.5,91.6,100.0,97.5
2022-03-07,,,,81.2,79.3,100.0,,,,,,,99.7,92.4,100.0,99.7
2022-03-08,,,,,,,,,,,,,98.9,90.8,100.0,98.9
2022-03-09,,,,,,,,,,97.8,74.8,100.0,98.8,89.9,100.0,98.8
2022-03-10,98.9,74.0,99.0,73.7,69.5,100.0,98.1,82.7,79.0,,,,99.4,90.4,100.0,99.4
2022-03-11,,,,,,,77.4,68.9,90.8,,,,98.0,87.7,100.0,98.0
2022-03-12,,,,,,,,,,,,,95.4,85.2,100.0,95.4
2022-03-13,,,,,,,,,,,,,92.5,81.2,100.0,92.5
2022-03-14,71.2,51.9,99.3,,,,,,,,,,92.1,79.0,100.0,92.1
2022-03-15,,,,,,,,,,,,,85.1,73.5,100.0,85.1
2022-03-16,,,,,,,,,,,,,70.1,66.6,100.0,70.1
2022-03-17,,,,,,,,,,,,,56.4,61.8,100.0,56.4
2022-03-18,,,,,,,,,,,,,36.0,53.7,100.0,36.0
2022-03-19,,,,,,,,,,,,,2.5,41.1,100.0,2.5
2022-03-20,,,,2.0,16.0,100.0,,,,31.3,41.1,100.0,0.1,30.2,100.0,0.1
2022-03-21,,,,,,,,,,,,,0.0,23.5,100.0,0.0
2022-03-22,57.4,45.8,98.9,0.7,5.8,100.0,,,,,,,0.0,17.2,100.0,0.0
2022-03-23,,,,,,,,,,,,,0.0,11.4,100.0,0.0
2022-03-24,,,,,,,,,,,,,0.0,9.3,100.0,0.0
2022-03-25,,,,0.0,3.3,100.0,,,,,,,0.0,8.3,100.0,0.0
2022-03-26,22.5,28.2,99.2,,,,1.2,3.0,100.0,,,,0.0,7.3,100.0,0.0
2022-03-27,,,,0.0,2.9,100.0,0.3,0.9,100.0,1.3,15.1,100.0,0.0,5.6,100.0,0.0
2022-03-28,,,,,,,,,,,,,0.0,5.5,100.0,0.0
2022-03-29,,,,,,,,,,,,,0.0,5.9,100.0,0.0
2022-03-30,,,,,,,,,,,,,0.0,6.3,100.0,0.0
2022-03-31,,,,,,,,,,,,,0.0,7.1,100.0,0.0
2022-04-01,,,,,,,,,,,,,0.0,7.1,100.0,0.0
2022-04-02,,,,,,,,,,,,,0.0,7.8,100.0,0.0
2022-04-03,25.9,29.3,99.0,,,,,,,,,,0.0,8.5,100.0,0.0
2022-04-04,,,,0.0,12.0,70.5,0.7,2.6,66.5,,,,0.0,9.9,100.0,0.0
2022-04-05,,,,,,,,,,,,,0.0,8.5,100.0,0.0
2022-04-06,,,,0.0,4.2,43.6,,,,,,,0.0,7.8,100.0,0.0
2022-04-07,8.4,15.9,99.2,,,,,,,,,,0.0,7.8,100.0,0.0
2022-04-08,,,,,,,,,,,,,0.0,7.0,100.0,0.0
2022-04-09,,,,,,,,,,,,,0.0,6.3,100.0,0.0
2022-04-10,,,,,,,,,,0.0,6.5,47.6,0.0,5.5,100.0,0.0
2022-04-11,,,,0.0,2.5,100.0,0.5,1.3,100.0,,,,0.0,5.6,100.0,0.0
2022-04-12,,,,,,,,,,,,,0.0,5.0,100.0,0.0
2022-04-13,,,,,,,,,,0.0,4.8,100.0,0.0,4.1,100.0,0.0
2022-04-14,,,,0.0,1.6,100.0,,,,0.0,2.3,100.0,0.0,3.8,100.0,0.0
2022-04-15,11.8,17.5,99.0,,,,,,,,,,0.0,4.4,100.0,0.0
2022-04-16,,,,,,,,,,,,,0.0,3.4,100.0,0.0
2022-04-17,,,,,,,,,,0.0,0.8,100.0,0.0,2.9,100.0,0.0
2022-04-18,,,,,,,,,,0.0,0.5,100.0,0.0,3.1,100.0,0.0
2022-04-19,7.2,13.0,99.2,0.0,0.6,100.0,0.1,0.3,100.0,0.0,0.3,79.1,0.0,2.8,100.0,0.0
2022-04-20,,,,,,,0.0,0.2,100.0,0.0,0.1,100.0,0.0,2.4,100.0,0.0
2022-04-21,,,,0.0,0.5,100.0,,,,0.0,0.1,100.0,0.0,1.7,100.0,0.0
2022-04-22,,,,,,,,,,0.0,0.1,43.7,0.0,2.4,100.0,0.0
2022-04-23,,,,,,,,,,,,,0.0,2.3,100.0,0.0
2022-04-24,,,,,,,,,,,,,0.0,2.1,100.0,0.0
2022-04-25,,,,,,,,,,,,,0.0,1.5,100.0,0.0
2022-04-26,,,,,,,,,,,,,0.0,2.1,100.0,0.0
2022-04-27,11.3,17.8,98.9,,,,0.0,0.1,99.9,0.0,0.0,100.0,0.0,1.9,100.0,0.0
2022-04-28,,,,,,,0.0,0.1,100.0,,,,0.0,1.9,100.0,0.0
2022-04-29,,,,0.0,0.4,100.0,,,,0.0,0.0,100.0,0.0,1.3,100.0,0.0
2022-04-30,,,,,,,,,,,,,0.0,1.6,100.0,0.0
2022-05-01,7.2,13.7,99.2,0.0,0.8,40.3,,,,,,,0.0,1.5,100.0,0.0
2022-05-02,,,,,,,,,,0.0,0.0,98.8,0.0,1.5,100.0,0.0
2022-05-03,,,,,,,,,,,,,0.0,1.2,100.0,0.0
2022-05-04,,,,,,,,,,0.0,0.0,38.6,0.0,1.1,100.0,0.0
2022-05-05,,,,,,,,,,,,,0.0,1.3,100.0,0.0
2022-05-06,,,,,,,,,,,,,0.0,1.8,100.0,0.0
2022-05-07,,,,,,,,,,,,,0.0,1.6,100.0,0.0
2022-05-08,,,,,,,,,,,,,0.0,1.5,100.0,0.0
2022-05-09,8.6,14.7,98.9,0.0,0.7,96.8,,,,,,,0.0,1.3,100.0,0.0
2022-05-10,,,,,,,,,,,,,0.0,1.2,100.0,0.0
2022-05-11,,,,0.0,0.7,100.0,,,,,,,0.0,1.0,100.0,0.0
2022-05-12,,,,,,,,,,,,,0.0,0.7,100.0,0.0
2022-05-13,6.0,11.1,99.3,,,,,,,,,,0.0,0.7,100.0,0.0
2022-05-14,,,,0.0,1.1,76.6,0.0,0.0,33.9,,,,0.0,1.2,100.0,0.0
2022-05-15,,,,,,,,,,,,,0.0,1.0,100.0,0.0
2022-05-16,,,,,,,,,,,,,0.0,1.0,100.0,0.0
2022-05-17,,,,,,,,,,,,,0.0,0.9,100.0,0.0
2022-05-18,,,,,,,,,,,,,0.0,1.0,100.0,0.0
2022-05-19,,,,0.0,0.7,99.4,,,,,,,0.0,1.2,100.0,0.0
2022-05-20,,,,,,,,,,0.0,0.0,37.8,0.0,1.0,100.0,0.0
2022-05-21,6.8,11.8,99.0,0.0,1.0,70.8,,,,,,,0.0,1.3,100.0,0.0
2022-05-22,,,,,,,,,,,,,0.0,1.3,100.0,0.0
2022-05-23,,,,,,,0.0,0.0,34.8,,,,0.0,1.4,100.0,0.0
2022-05-24,,,,,,,,,,,,,0.0,1.4,100.0,0.0
2022-05-25,5.3,9.0,99.3,,,,,,,0.0,0.0,79.3,0.0,1.6,100.0,0.0
2022-05-26,,,,0.0,0.4,100.0,,,,,,,0.0,1.4,100.0,0.0
2022-05-27,,,,,,,,,,0.0,0.0,82.7,0.0,1.5,100.0,0.0
2022-05-28,,,,,,,,,,0.0,0.0,92.7,0.0,1.5,100.0,0.0
2022-05-29,,,,,,,,,,,,,0.0,1.8,100.0,0.0
2022-05-30,,,,,,,,,,0.0,0.0,100.0,0.0,1.2,100.0,0.0
2022-05-31,,,,,,,,,,,,,0.0,1.2,100.0,0.0
2022-06-01,,,,,,,,,,,,,0.0,1.0,100.0,0.0
2022-06-02,6.4,10.4,99.0,,,,,,,,,,0.0,1.1,100.0,0.0
2022-06-03,,,,,,,,,,,,,0.0,0.9,100.0,0.0
2022-06-04,,,,,,,,,,0.0,0.0,100.0,0.0,0.8,100.0,0.0
2022-06-05,,,,,,,,,,,,,0.0,0.9,100.0,0.0
2022-06-06,4.8,7.4,99.3,,,,0.0,0.0,32.5,,,,0.0,0.9,100.0,0.0
2022-06-07,,,,,,,,,,0.0,0.0,85.5,0.0,0.8,100.0,0.0
2022-06-08,,,,0.0,0.4,80.4,,,,,,,0.0,0.8,100.0,0.0
2022-06-09,,,,,,,,,,,,,0.0,0.6,100.0,0.0
2022-06-10,,,,0.0,0.3,79.2,,,,0.0,0.0,91.7,0.0,0.4,100.0,0.0
2022-06-11,,,,,,,,,,0.0,0.0,100.0,0.0,0.4,100.0,0.0
2022-06-12,,,,,,,,,,0.0,0.0,100.0,0.0,0.2,100.0,0.0
2022-06-13,,,,,,,,,,,,,0.0,0.3,100.0,0.0
2022-06-14,5.5,8.2,99.0,,,,,,,,,,0.0,0.2,100.0,0.0
2022-06-15,,,,,,,0.0,0.0,58.4,,,,0.0,0.2,100.0,0.0
2022-06-16,,,,,,,,,,,,,0.0,0.1,100.0,0.0
2022-06-17,,,,,,,,,,,,,0.0,0.1,100.0,0.0
2022-06-18,4.3,6.3,99.2,0.0,0.3,100.0,,,,0.0,0.0,100.0,0.0,0.1,100.0,0.0
2022-06-19,,,,,,,,,,,,,0.0,0.0,100.0,0.0
2022-06-20,,,,0.0,0.3,93.0,,,,0.0,0.0,100.0,0.0,0.0,100.0,0.0
2022-06-21,,,,,,,,,,,,,0.0,0.0,100.0,0.0
2022-06-22,,,,,,,,,,,,,0.0,0.0,100.0,0.0
2022-06-23,,,,0.0,0.3,100.0,0.0,0.0,100.0,0.0,0.0,100.0,0.0,0.0,100.0,0.0
2022-06-24,,,,,,,,,,,,,0.0,0.0,100.0,0.0
2022-06-25,,,,0.0,0.3,98.9,,,,0.0,0.0,100.0,0.0,0.0,100.0,0.0
2022-06-26,5.0,7.1,98.9,,,,,,,,,,0.0,0.0,100.0,0.0
2022-06-27,,,,,,,,,,0.0,0.0,99.6,0.0,0.0,100.0,0.0
2022-06-28,,,,,,,,,,0.0,0.0,65.1,0.0,0.0,100.0,0.0
2022-06-29,,,,,,,,,,0.0,0.0,98.7,0.0,0.0,100.0,0.0
2022-06-30,4.3,6.4,99.2,,,,,,,,,,0.0,0.0,100.0,0.0
2022-07-01,,,,,,,,,,,,,0.0,0.0,100.0,0.0
2022-07-02,,,,,,,,,,,,,0.0,0.0,100.0,0.0
2022-07-03,,,,0.0,0.4,100.0,,,,,,,0.0,0.1,100.0,0.0
2022-07-04,,,,,,,,,,,,,0.0,0.0,100.0,0.0
2022-07-05,,,,0.0,0.7,97.4,,,,,,,0.0,0.0,100.0,0.0
2022-07-06,,,,,,,,,,,,,0.0,0.0,100.0,0.0
2022-07-07,,,,,,,,,,0.0,0.0,100.0,0.0,0.0,100.0,0.0
2022-07-08,5.7,8.9,99.0,0.0,1.0,97.2,0.0,0.0,94.9,0.0,0.0,39.1,0.0,0.0,100.0,0.0
2022-07-09,,,,,,,,,,,,,0.0,0.0,100.0,0.0
2022-07-10,,,,0.0,1.2,99.0,,,,,,,0.0,0.0,100.0,0.0
2022-07-11,,,,,,,,,,,,,0.0,0.0,100.0,0.0
2022-07-12,5.4,9.8,99.3,,,,,,,0.0,0.0,96.2,0.0,0.0,100.0,0.0
2022-07-13,,,,0.0,0.7,100.0,,,,,,,0.0,0.0,100.0,0.0
2022-07-14,,,,,,,,,,,,,0.0,0.0,100.0,0.0
2022-07-15,,,,0.0,1.0,99.9,,,,,,,0.0,0.0,100.0,0.0
2022-07-16,,,,,,,0.0,0.0,100.0,0.0,0.0,99.7,0.0,0.0,100.0,0.0
2022-07-17,,,,,,,0.0,0.0,100.0,,,,0.0,0.0,100.0,0.0
2022-07-18,,,,0.0,0.6,100.0,,,,,,,0.0,0.0,100.0,0.0
2022-07-19,,,,,,,,,,,,,0.0,0.0,100.0,0.0
2022-07-20,5.3,9.4,99.0,0.0,1.8,59.8,,,,,,,0.0,0.0,100.0,0.0
2022-07-21,,,,,,,,,,,,,0.0,0.0,100.0,0.0
2022-07-22,,,,,,,,,,,,,0.0,0.0,100.0,0.0
2022-07-23,,,,,,,,,,,,,0.0,0.0,100.0,0.0
2022-07-24,4.4,7.7,99.3,,,,0.0,0.0,100.0,0.0,0.0,100.0,0.0,0.0,100.0,0.0
2022-07-25,,,,0.0,0.7,100.0,0.0,0.0,100.0,,,,0.0,0.0,100.0,0.0
2022-07-26,,,,,,,,,,,,,0.0,0.0,100.0,0.0
2022-07-27,,,,,,,,,,,,,0.0,0.0,100.0,0.0
2022-07-28,,,,0.0,0.8,100.0,,,,,,,0.0,0.0,100.0,0.0
2022-07-29,,,,,,,,,,,,,0.0,0.0,100.0,0.0
2022-07-30,,,,0.0,0.8,82.6,,,,,,,0.0,0.0,100.0,0.0
2022-07-31,,,,,,,,,,0.0,0.0,44.2,0.0,0.0,100.0,0.0
2022-08-01,5.0,9.6,98.9,,,,0.0,0.0,50.3,0.0,0.0,75.3,0.0,0.0,100.0,0.0
2022-08-02,,,,0.0,0.6,100.0,0.0,0.0,100.0,0.0,0.0,100.0,0.0,0.0,100.0,0.0
2022-08-03,,,,,,,,,,0.0,0.0,100.0,0.0,0.0,100.0,0.0
2022-08-04,,,,0.0,0.6,100.0,,,,0.0,0.0,100.0,0.0,0.0,100.0,0.0
2022-08-05,4.1,8.5,99.2,,,,,,,,,,0.0,0.0,100.0,0.0
2022-08-06,,,,,,,,,,,,,0.0,0.0,100.0,0.0
2022-08-07,,,,,,,,,,,,,0.0,0.0,100.0,0.0
2022-08-08,,,,,,,,,,0.0,0.0,62.4,0.0,0.0,100.0,0.0
2022-08-09,,,,0.0,0.5,100.0,0.0,0.0,100.0,0.0,0.0,100.0,0.0,0.0,100.0,0.0
2022-08-10,,,,,,,0.0,0.0,100.0,,,,0.0,0.0,100.0,0.0
2022-08-11,,,,,,,,,,0.0,0.0,100.0,0.0,0.0,100.0,0.0
2022-08-12,,,,0.0,0.3,100.0,,,,0.0,0.0,100.0,0.0,0.0,100.0,0.0
2022-08-13,4.5,10.4,99.0,,,,,,,0.0,0.0,100.0,0.0,0.0,100.0,0.0
2022-08-14,,,,,,,,,,,,,0.0,0.0,100.0,0.0
2022-08-15,,,,,,,,,,,,,0.0,0.0,100.0,0.0
2022-08-16,,,,,,,,,,0.0,0.0,100.0,0.0,0.0,100.0,0.0
2022-08-17,3.5,6.9,99.2,0.0,0.4,94.2,0.0,0.0,60.3,,,,0.0,0.0,100.0,0.0
2022-08-18,,,,,,,,,,,,,0.0,0.0,100.0,0.0
2022-08-19,,,,,,,,,,,,,0.0,0.0,100.0,0.0
2022-08-20,,,,,,,,,,,,,0.0,0.0,100.0,0.0
2022-08-21,,,,,,,,,,0.0,0.0,100.0,0.0,0.0,100.0,0.0
2022-08-22,,,,0.0,0.3,94.2,,,,0.0,0.0,100.0,0.0,0.0,100.0,0.0
2022-08-23,,,,,,,,,,0.0,0.0,93.8,0.0,0.0,100.0,0.0
2022-08-24,,,,0.0,0.3,99.9,,,,0.0,0.0,100.0,0.0,0.0,100.0,0.0
2022-08-25,4.2,10.1,99.0,,,,0.0,0.0,99.9,0.0,0.0,100.0,0.0,0.0,100.0,0.0
2022-08-26,,,,,,,0.0,0.0,77.1,,,,0.0,0.0,100.0,0.0
2022-08-27,,,,,,,,,,,,,0.0,0.0,100.0,0.0
2022-08-28,,,,,,,,,,,,,0.0,0.0,100.0,0.0
2022-08-29,2.9,5.8,99.3,0.0,0.3,100.0,,,,,,,0.0,0.0,100.0,0.0
2022-08-30,,,,,,,,,,0.0,0.0,100.0,0.0,0.0,100.0,0.0
2022-08-31,,,,,,,,,,,,,0.0,0.0,100.0,0.0
2022-09-01,,,,,,,,,,0.0,0.0,49.9,0.0,0.0,100.0,0.0
2022-09-02,,,,,,,0.0,0.0,91.8,,,,0.0,0.0,100.0,0.0
2022-09-03,,,,,,,,,,,,,0.0,0.0,100.0,0.0
2022-09-04,,,,,,,,,,0.0,0.0,100.0,0.0,0.0,100.0,0.0
2022-09-05,,,,,,,,,,0.0,0.0,92.3,0.0,0.0,100.0,0.0
2022-09-06,3.3,6.9,99.0,0.0,0.5,73.8,,,,,,,0.0,0.0,100.0,0.0
2022-09-07,,,,,,,,,,,,,0.0,0.0,100.0,0.0
2022-09-08,,,,0.0,0.6,60.4,,,,0.0,0.0,100.0,0.0,0.0,100.0,0.0
2022-09-09,,,,,,,,,,,,,0.0,0.0,100.0,0.0
2022-09-10,2.6,4.6,99.3,,,,,,,,,,0.0,0.0,100.0,0.0
2022-09-11,,,,0.0,0.6,99.2,0.0,0.0,81.2,0.0,0.0,100.0,0.0,0.0,100.0,0.0
2022-09-12,,,,,,,,,,0.0,0.0,100.0,0.0,0.0,100.0,0.0
2022-09-13,,,,0.0,0.7,91.1,,,,,,,0.0,0.0,100.0,0.0
2022-09-14,,,,,,,,,,,,,0.0,0.0,100.0,0.0
2022-09-15,,,,,,,,,,,,,0.0,0.0,100.0,0.0
2022-09-16,,,,,,,,,,,,,0.0,0.0,100.0,0.0
2022-09-17,,,,,,,,,,,,,0.0,0.0,100.0,0.0
2022-09-18,3.7,7.0,99.0,0.1,0.9,98.7,0.0,0.0,81.1,,,,0.0,0.0,100.0,0.0
2022-09-19,,,,,,,,,,,,,0.0,0.0,100.0,0.0
2022-09-20,,,,,,,,,,,,,0.0,0.0,100.0,0.0
2022-09-21,,,,0.1,0.7,100.0,,,,,,,0.0,0.0,100.0,0.0
2022-09-22,3.1,5.9,99.3,,,,,,,,,,0.0,0.0,100.0,0.0
2022-09-23,,,,,,,,,,,,,0.0,0.0,100.0,0.0
2022-09-24,,,,,,,,,,,,,0.0,0.0,100.0,0.0
2022-09-25,,,,,,,,,,,,,0.0,0.0,100.0,0.0
2022-09-26,,,,,,,,,,,,,0.0,0.0,100.0,0.0
2022-09-27,,,,,,,,,,,,,0.0,0.0,100.0,0.0
2022-09-28,,,,,,,,,,,,,0.0,0.0,100.0,0.0
2022-09-29,,,,,,,,,,,,,0.0,0.0,100.0,0.0
2022-09-30,3.9,7.5,99.0,,,,,,,,,,0.0,0.0,100.0,0.0
2022-10-01,,,,,,,,,,,,,0.0,0.0,100.0,0.0
2022-10-02,,,,,,,,,,,,,0.0,0.0,100.0,0.0
2022-10-03,,,,0.2,1.0,61.8,,,,,,,0.0,0.0,100.0,0.0
2022-10-04,3.3,6.3,99.3,,,,,,,,,,0.0,0.0,100.0,0.0
2022-10-05,,,,,,,0.0,0.0,100.0,0.0,0.0,100.0,0.0,0.0,100.0,0.0
2022-10-06,,,,0.0,0.4,100.0,,,,,,,0.0,0.0,100.0,0.0
2022-10-07,,,,,,,,,,0.0,0.0,100.0,0.0,0.0,100.0,0.0
2022-10-08,,,,,,,,,,,,,0.0,0.0,100.0,0.0
2022-10-09,,,,,,,,,,,,,0.0,0.0,100.0,0.0
2022-10-10,,,,,,,,,,,,,0.0,0.1,100.0,0.0
2022-10-11,,,,0.0,0.5,100.0,,,,,,,0.0,0.1,100.0,0.0
2022-10-12,4.7,8.9,99.0,,,,0.0,0.0,33.8,0.0,0.0,100.0,0.0,0.1,100.0,0.0
2022-10-13,,,,,,,,,,,,,0.0,0.1,100.0,0.0
2022-10-14,,,,,,,,,,,,,0.0,0.1,100.0,0.0
2022-10-15,,,,,,,,,,,,,0.0,0.1,100.0,0.0
2022-10-16,4.2,9.2,99.2,0.0,0.6,100.0,,,,,,,0.0,0.1,100.0,0.0
2022-10-17,,,,,,,,,,0.0,0.0,100.0,0.0,0.1,100.0,0.0
2022-10-18,,,,0.0,0.9,100.0,,,,0.0,0.0,100.0,0.0,0.1,100.0,0.0
2022-10-19,,,,,,,,,,,,,0.0,0.1,100.0,0.0
2022-10-20,,,,,,,,,,,,,0.0,0.1,100.0,0.0
2022-10-21,,,,,,,,,,,,,0.0,0.1,100.0,0.0
2022-10-22,,,,,,,,,,0.0,0.0,100.0,0.0,0.0,100.0,0.0
2022-10-23,,,,0.0,1.4,100.0,,,,0.0,0.0,100.0,0.0,0.0,100.0,0.0
2022-10-24,4.4,8.8,99.0,,,,,,,,,,0.0,0.1,100.0,0.0
2022-10-25,,,,,,,,,,0.0,0.1,100.0,0.0,0.0,100.0,0.0
2022-10-26,,,,0.0,1.5,85.6,,,,,,,0.0,0.0,100.0,0.0
2022-10-27,,,,,,,,,,,,,0.0,0.0,100.0,0.0
2022-10-28,2.7,5.9,99.2,0.0,1.5,100.0,0.0,0.0,100.0,,,,0.0,0.1,100.0,0.0
2022-10-29,,,,,,,0.0,0.2,100.0,,,,0.0,0.0,100.0,0.0
2022-10-30,,,,,,,,,,0.0,0.1,100.0,0.0,0.0,100.0,0.0
2022-10-31,,,,,,,,,,0.0,0.1,100.0,0.0,0.0,100.0,0.0
2022-11-01,,,,,,,,,,,,,0.0,0.1,100.0,0.0
2022-11-02,,,,,,,,,,,,,0.0,0.1,100.0,0.0
2022-11-03,,,,,,,,,,,,,0.0,0.1,100.0,0.0
2022-11-04,,,,,,,,,,,,,0.0,0.1,100.0,0.0
2022-11-05,2.7,5.1,99.0,,,,,,,,,,0.0,0.2,100.0,0.0
2022-11-06,,,,,,,,,,,,,0.0,0.3,100.0,0.0
2022-11-07,,,,,,,,,,,,,0.0,0.3,100.0,0.0
2022-11-08,,,,,,,,,,,,,0.0,0.2,100.0,0.0
2022-11-09,2.2,4.5,99.2,,,,,,,,,,0.0,0.3,100.0,0.0
2022-11-10,,,,0.1,1.3,100.0,,,,,,,0.0,0.3,100.0,0.0
2022-11-11,,,,,,,,,,,,,0.0,0.4,100.0,0.0
2022-11-12,,,,0.0,0.9,100.0,,,,,,,0.0,0.3,100.0,0.0
2022-11-13,,,,,,,0.0,0.2,55.9,,,,0.0,0.5,100.0,0.0
2022-11-14,,,,,,,,,,,,,0.0,0.6,100.0,0.0
2022-11-15,,,,,,,,,,,,,0.0,1.0,100.0,0.0
2022-11-16,,,,,,,,,,0.0,0.9,100.0,0.0,0.6,100.0,0.0
2022-11-17,3.2,6.7,99.0,,,,,,,,,,0.0,1.2,100.0,0.0
2022-11-18,,,,,,,,,,,,,0.0,0.9,100.0,0.0
2022-11-19,,,,,,,,,,,,,0.0,1.4,100.0,0.0
2022-11-20,,,,,,,,,,,,,0.0,1.3,100.0,0.0
2022-11-21,2.1,4.9,99.2,,,,,,,,,,0.0,2.1,100.0,0.0
2022-11-22,,,,,,,,,,,,,0.0,1.4,100.0,0.0
2022-11-23,,,,,,,,,,,,,0.0,1.8,100.0,0.0
2022-11-24,,,,,,,,,,,,,0.0,1.1,100.0,0.0
2022-11-25,,,,,,,,,,,,,0.0,1.7,100.0,0.0
2022-11-26,,,,,,,,,,,,,0.0,1.2,100.0,0.0
2022-11-27,,,,0.0,1.7,39.9,,,,0.0,8.1,48.9,0.0,1.3,100.0,0.0
2022-11-28,,,,,,,,,,,,,0.0,1.3,100.0,0.0
2022-11-29,3.4,6.9,99.0,,,,,,,,,,0.0,1.6,100.0,0.0
2022-11-30,,,,,,,,,,,,,0.0,1.5,100.0,0.0
2022-12-01,,,,,,,,,,0.0,6.8,100.0,0.0,1.6,100.0,0.0
2022-12-02,,,,,,,,,,,,,0.0,1.6,100.0,0.0
2022-12-03,2.7,5.9,99.2,,,,,,,,,,0.0,1.9,100.0,0.0
2022-12-04,,,,,,,,,,,,,0.0,1.9,100.0,0.0
2022-12-05,,,,,,,,,,,,,0.0,1.9,100.0,0.0
2022-12-06,,,,,,,,,,,,,0.0,2.1,100.0,0.0
2022-12-07,,,,,,,,,,0.0,7.0,100.0,0.0,2.6,100.0,0.0
2022-12-08,,,,,,,0.0,1.2,100.0,0.0,5.0,100.0,0.0,3.0,100.0,0.0
2022-12-09,,,,,,,,,,,,,0.0,3.4,100.0,0.0
2022-12-10,,,,,,,,,,,,,0.0,4.2,100.0,0.0
2022-12-11,4.1,9.6,99.1,,,,,,,,,,0.0,4.5,100.0,0.0
2022-12-12,,,,,,,,,,,,,0.0,7.4,100.0,0.0
2022-12-13,,,,,,,,,,,,,0.0,8.0,100.0,0.0
2022-12-14,,,,,,,,,,,,,0.0,9.4,100.0,0.0
2022-12-15,3.8,10.4,99.3,,,,,,,,,,0.0,9.3,100.0,0.0
2022-12-16,,,,,,,,,,,,,0.1,14.1,100.0,0.1
2022-12-17,,,,,,,,,,0.6,9.4,100.0,0.0,12.7,100.0,0.0
2022-12-18,,,,,,,,,,2.5,10.1,100.0,0.3,16.3,100.0,0.3
2022-12-19,,,,,,,,,,1.6,9.1,86.9,0.3,15.1,100.0,0.3
2022-12-20,,,,,,,,,,,,,0.3,21.3,100.0,0.3
2022-12-21,,,,,,,,,,1.3,9.6,83.9,0.5,19.9,100.0,0.5
2022-12-22,,,,,,,,,,,,,0.5,28.6,100.0,0.5
2022-12-23,6.7,20.3,98.8,,,,,,,,,,0.7,26.8,100.0,0.7
2022-12-24,,,,,,,,,,,,,0.7,38.9,100.0,0.7
2022-12-25,,,,,,,,,,0.8,13.1,100.0,0.9,34.9,100.0,0.9
2022-12-26,,,,,,,,,,,,,9.2,47.4,100.0,9.2
2022-12-27,88.6,62.6,99.5,,,,,,,,,,8.9,45.1,100.0,8.9
2022-12-28,,,,,,,,,,,,,27.8,50.0,100.0,27.8
2022-12-29,,,,,,,,,,7.0,16.6,99.9,15.6,44.8,100.0,15.6
2022-12-30,,,,,,,,,,,,,43.6,52.7,100.0,43.6
2022-12-31,,,,,,,,,,,,,34.5,50.4,100.0,34.5
2023-01-01,,,,0.4,2.7,100.0,8.7,24.8,99.9,,,,60.8,57.2,100.0,60.8
2023-01-02,,,,,,,,,,0.7,17.6,100.0,40.2,49.5,100.0,40.2
2023-01-03,,,,,,,,,,,,,70.6,61.4,100.0,70.6
2023-01-04,100.0,94.9,98.7,,,,,,,11.7,30.3,100.0,61.5,59.2,100.0,61.5
2023-01-05,,,,,,,,,,,,,74.8,64.3,100.0,74.8
2023-01-06,,,,0.7,9.6,60.1,,,,,,,53.1,55.5,100.0,53.1
2023-01-07,,,,,,,,,,84.3,61.0,100.0,66.3,60.4,100.0,66.3
2023-01-08,100.0,98.1,99.0,,,,,,,,,,60.5,59.5,100.0,60.5
2023-01-09,,,,63.2,53.1,99.3,,,,,,,72.1,64.2,100.0,72.1
2023-01-10,,,,,,,,,,,,,52.4,55.5,100.0,52.4
2023-01-11,,,,,,,,,,99.4,76.1,100.0,67.1,61.4,100.0,67.1
2023-01-12,,,,,,,,,,,,,49.6,54.9,100.0,49.6
2023-01-13,,,,,,,,,,,,,71.9,64.0,100.0,71.9
2023-01-14,,,,,,,,,,,,,68.4,62.8,100.0,68.4
2023-01-15,,,,,,,,,,,,,80.8,67.9,100.0,80.8
2023-01-16,100.0,99.3,98.7,,,,,,,,,,81.3,69.1,100.0,81.3
2023-01-17,,,,,,,,,,,,,90.8,74.4,100.0,90.8
2023-01-18,,,,,,,,,,,,,90.6,76.0,100.0,90.6
2023-01-19,,,,95.1,87.5,100.0,,,,,,,94.7,80.5,100.0,94.7
2023-01-20,100.0,99.1,99.0,,,,,,,,,,94.2,82.1,100.0,94.2
2023-01-21,,,,98.9,96.8,33.7,,,,,,,96.7,83.9,100.0,96.7
2023-01-22,,,,,,,,,,,,,96.3,84.6,100.0,96.3
2023-01-23,,,,,,,,,,,,,98.5,87.7,100.0,98.5
2023-01-24,,,,,,,,,,,,,98.0,87.3,100.0,98.0
2023-01-25,,,,,,,,,,,,,98.9,90.0,100.0,98.9
2023-01-26,,,,,,,,,,,,,99.3,92.2,100.0,99.3
2023-01-27,,,,,,,,,,,,,99.3,94.1,100.0,99.3
2023-01-28,100.0,99.6,97.6,,,,,,,,,,99.7,95.1,100.0,99.7
2023-01-29,,,,95.8,94.3,56.9,,,,,,,99.5,95.3,100.0,99.5
2023-01-30,,,,,,,,,,,,,99.8,95.4,100.0,99.8
2023-01-31,,,,100.0,98.7,100.0,,,,100.0,89.4,94.3,99.7,96.0,100.0,99.7
2023-02-01,100.0,99.4,97.6,,,,,,,,,,99.8,95.8,100.0,99.8
2023-02-02,,,,,,,,,,,,,99.7,95.3,100.0,99.7
2023-02-03,,,,83.0,84.5,100.0,,,,,,,99.8,95.8,100.0,99.8
2023-02-04,,,,,,,,,,,,,99.8,95.3,100.0,99.8
2023-02-05,,,,,,,,,,,,,99.8,95.2,100.0,99.8
2023-02-06,,,,,,,,,,100.0,89.0,58.3,99.8,96.1,100.0,99.8
2023-02-07,,,,,,,,,,100.0,93.5,100.0,100.0,96.5,100.0,100.0
2023-02-08,,,,,,,,,,100.0,93.7,100.0,99.9,96.5,100.0,99.9
2023-02-09,100.0,99.1,98.6,,,,100.0,98.4,99.9,100.0,95.3,100.0,100.0,97.4,100.0,100.0
2023-02-10,,,,88.3,87.9,100.0,100.0,99.4,99.9,100.0,95.5,100.0,100.0,97.4,100.0,100.0
2023-02-11,,,,,,,,,,,,,100.0,97.3,100.0,100.0
2023-02-12,,,,,,,,,,100.0,95.5,100.0,100.0,96.9,100.0,100.0
2023-02-13,100.0,95.6,98.7,84.4,84.5,100.0,,,,,,,100.0,97.5,100.0,100.0
2023-02-14,,,,,,,,,,100.0,96.7,100.0,100.0,96.4,100.0,100.0
2023-02-15,,,,83.8,83.0,100.0,,,,100.0,96.5,67.2,100.0,96.3,100.0,100.0
2023-02-16,,,,,,,,,,100.0,97.7,100.0,99.9,95.5,100.0,99.9
2023-02-17,,,,,,,,,,100.0,97.6,94.6,99.9,95.0,100.0,99.9
2023-02-18,,,,79.2,68.8,99.9,,,,100.0,98.2,99.9,99.6,94.0,100.0,99.6
2023-02-19,,,,,,,,,,100.0,97.5,89.5,98.9,92.4,100.0,98.9
2023-02-20,,,,57.9,50.6,100.0,,,,100.0,97.9,100.0,98.3,91.3,100.0,98.3
2023-02-21,99.6,91.2,98.8,,,,,,,,,,96.9,89.4,100.0,96.9
2023-02-22,,,,,,,,,,100.0,96.8,100.0,95.6,87.2,100.0,95.6
2023-02-23,,,,,,,,,,,,,93.7,84.1,100.0,93.7
2023-02-24,,,,,,,,,,,,,93.2,82.4,100.0,93.2
2023-02-25,99.0,83.0,98.9,,,,,,,,,,92.4,81.1,100.0,92.4
2023-02-26,,,,,,,,,,,,,91.2,76.7,100.0,91.2
2023-02-27,,,,,,,,,,,,,90.2,74.8,100.0,90.2
2023-02-28,,,,,,,,,,100.0,96.5,100.0,90.2,74.5,100.0,90.2
2023-03-01,,,,,,,,,,100.0,94.2,100.0,89.4,70.8,100.0,89.4
2023-03-02,,,,,,,,,,,,,87.6,68.6,100.0,87.6
2023-03-03,,,,,,,,,,100.0,92.6,100.0,87.2,66.9,100.0,87.2
2023-03-04,,,,,,,,,,99.2,87.2,100.0,79.8,63.4,100.0,79.8
2023-03-05,97.9,75.6,98.7,,,,,,,,,,86.8,66.5,100.0,86.8
2023-03-06,,,,,,,,,,98.4,77.1,100.0,45.3,55.4,100.0,45.3
2023-03-07,,,,0.2,11.9,98.1,,,,,,,56.5,58.9,100.0,56.5
2023-03-08,,,,,,,,,,,,,29.3,49.1,100.0,29.3
2023-03-09,52.0,45.6,98.9,,,,,,,,,,48.6,56.3,100.0,48.6
2023-03-10,,,,,,,,,,,,,18.2,41.3,100.0,18.2
2023-03-11,,,,,,,,,,,,,34.9,48.3,100.0,34.9
2023-03-12,,,,,,,,,,,,,18.7,40.9,100.0,18.7
2023-03-13,,,,,,,95.7,82.5,55.0,,,,40.6,51.2,100.0,40.6
2023-03-14,,,,,,,,,,,,,14.3,37.7,100.0,14.3
2023-03-15,,,,0.3,9.9,100.0,,,,,,,22.7,41.2,100.0,22.7
2023-03-16,,,,,,,,,,,,,1.1,32.1,100.0,1.1
2023-03-17,17.9,22.6,98.6,,,,,,,,,,4.8,36.1,100.0,4.8
2023-03-18,,,,,,,,,,,,,0.1,24.1,100.0,0.1
2023-03-19,,,,,,,,,,,,,0.1,22.8,100.0,0.1
2023-03-20,,,,0.0,5.4,37.8,,,,,,,0.1,16.8,100.0,0.1
2023-03-21,6.0,8.4,99.0,,,,,,,,,,0.1,15.7,100.0,0.1
2023-03-22,,,,0.1,3.1,100.0,14.9,19.4,94.4,,,,0.1,10.9,100.0,0.1
2023-03-23,,,,,,,,,,,,,0.0,8.6,100.0,0.0
2023-03-24,,,,,,,,,,,,,0.0,7.3,100.0,0.0
2023-03-25,,,,,,,,,,,,,0.0,8.2,100.0,0.0
2023-03-26,,,,,,,,,,,,,0.0,6.9,100.0,0.0
2023-03-27,,,,,,,,,,,,,0.0,7.2,100.0,0.0
2023-03-28,,,,,,,,,,,,,0.0,6.6,100.0,0.0
2023-03-29,5.8,6.9,98.6,,,,,,,,,,0.0,6.7,100.0,0.0
2023-03-30,,,,,,,,,,,,,0.0,7.0,100.0,0.0
2023-03-31,,,,,,,,,,,,,0.0,5.5,100.0,0.0
2023-04-01,,,,,,,,,,,,,0.0,4.6,100.0,0.0
2023-04-02,3.0,4.2,99.0,,,,,,,,,,0.0,4.6,100.0,0.0
2023-04-03,,,,,,,,,,,,,0.0,4.4,100.0,0.0
2023-04-04,,,,,,,,,,,,,0.0,4.8,100.0,0.0
2023-04-05,,,,,,,,,,12.6,33.2,41.0,0.0,4.6,100.0,0.0
2023-04-06,,,,0.1,2.0,100.0,0.1,1.6,100.0,,,,0.0,5.3,100.0,0.0
2023-04-07,,,,,,,,,,,,,0.0,4.2,100.0,0.0
2023-04-08,,,,,,,,,,,,,0.0,4.0,100.0,0.0
2023-04-09,,,,0.0,0.6,100.0,,,,13.6,32.2,97.9,0.0,3.5,100.0,0.0
2023-04-10,4.0,4.7,98.7,,,,,,,,,,0.0,4.5,100.0,0.0
2023-04-11,,,,,,,,,,,,,0.0,4.4,100.0,0.0
2023-04-12,,,,,,,,,,,,,0.0,4.6,100.0,0.0
2023-04-13,,,,,,,,,,,,,0.0,4.8,100.0,0.0
2023-04-14,2.4,3.4,98.9,,,,,,,3.6,24.7,85.3,0.0,6.1,100.0,0.0
2023-04-15,,,,,,,,,,,,,0.0,6.8,100.0,0.0
2023-04-16,,,,,,,,,,,,,0.0,6.9,100.0,0.0
2023-04-17,,,,,,,,,,,,,0.0,6.9,100.0,0.0
2023-04-18,,,,,,,,,,0.4,19.3,100.0,0.0,8.5,100.0,0.0
2023-04-19,,,,,,,,,,0.0,9.8,100.0,0.0,7.8,100.0,0.0
2023-04-20,,,,,,,,,,,,,0.0,7.9,100.0,0.0
2023-04-21,,,,0.0,0.3,100.0,,,,0.0,2.3,100.0,0.0,6.6,100.0,0.0
2023-04-22,4.1,4.9,98.7,,,,,,,0.0,1.4,100.0,0.0,8.7,100.0,0.0
2023-04-23,,,,,,,,,,,,,0.0,7.5,100.0,0.0
2023-04-24,,,,,,,,,,,,,0.0,7.5,100.0,0.0
2023-04-25,,,,,,,,,,,,,0.0,6.6,100.0,0.0
2023-04-26,2.6,3.4,98.9,,,,,,,,,,0.0,7.2,100.0,0.0
2023-04-27,,,,,,,,,,0.0,0.6,88.0,0.0,7.6,100.0,0.0
2023-04-28,,,,,,,,,,,,,0.0,7.7,100.0,0.0
2023-04-29,,,,,,,,,,,,,0.0,7.3,100.0,0.0
2023-04-30,,,,,,,,,,,,,0.0,7.8,100.0,0.0
2023-05-01,,,,,,,,,,,,,0.0,7.1,100.0,0.0
2023-05-02,,,,,,,,,,,,,0.0,6.7,100.0,0.0
2023-05-03,,,,,,,,,,,,,0.0,5.8,100.0,0.0
2023-05-04,4.3,5.3,98.7,0.0,0.2,100.0,,,,0.0,0.1,99.8,0.0,3.7,100.0,0.0
2023-05-05,,,,,,,,,,,,,0.0,3.6,100.0,0.0
2023-05-06,,,,0.0,0.5,42.0,,,,,,,0.0,2.8,100.0,0.0
2023-05-07,,,,,,,,,,,,,0.0,2.5,100.0,0.0
2023-05-08,3.1,3.9,99.0,,,,,,,,,,0.0,1.8,100.0,0.0
2023-05-09,,,,0.0,0.6,73.8,0.6,1.6,52.5,,,,0.0,1.6,100.0,0.0
2023-05-10,,,,,,,,,,,,,0.0,1.3,100.0,0.0
2023-05-11,,,,,,,,,,,,,0.0,1.2,100.0,0.0
2023-05-12,,,,,,,,,,,,,0.0,0.8,100.0,0.0
2023-05-13,,,,,,,,,,,,,0.0,0.7,100.0,0.0
2023-05-14,,,,,,,,,,,,,0.0,0.7,100.0,0.0
2023-05-15,,,,,,,,,,,,,0.0,0.8,100.0,0.0
2023-05-16,3.5,4.2,98.7,,,,,,,,,,0.0,0.7,100.0,0.0
2023-05-17,,,,,,,,,,,,,0.0,0.8,100.0,0.0
2023-05-18,,,,,,,,,,,,,0.0,0.6,100.0,0.0
2023-05-19,,,,,,,,,,,,,0.0,0.7,100.0,0.0
2023-05-20,2.8,3.7,98.9,,,,,,,,,,0.0,0.6,100.0,0.0
2023-05-21,,,,0.0,0.4,100.0,,,,,,,0.0,0.6,100.0,0.0
2023-05-22,,,,,,,,,,,,,0.0,0.5,100.0,0.0
2023-05-23,,,,,,,,,,,,,0.0,0.8,100.0,0.0
2023-05-24,,,,,,,,,,,,,0.0,0.9,100.0,0.0
2023-05-25,,,,,,,,,,,,,0.0,0.5,100.0,0.0
2023-05-26,,,,,,,,,,,,,0.0,0.2,100.0,0.0
2023-05-27,,,,,,,,,,,,,0.0,0.3,100.0,0.0
2023-05-28,3.4,4.0,98.7,,,,,,,,,,0.0,0.3,100.0,0.0
2023-05-29,,,,0.0,0.7,99.6,,,,0.0,0.0,100.0,0.0,0.2,100.0,0.0
2023-05-30,,,,,,,,,,,,,0.0,0.1,100.0,0.0
2023-05-31,,,,0.1,1.1,100.0,,,,,,,0.0,0.1,100.0,0.0
2023-06-01,3.1,4.2,98.8,,,,0.0,0.0,100.0,,,,0.0,0.1,100.0,0.0
2023-06-02,,,,,,,0.0,0.0,81.0,,,,0.0,0.1,100.0,0.0
2023-06-03,,,,0.0,1.1,100.0,,,,0.0,0.0,100.0,0.0,0.1,100.0,0.0
2023-06-04,,,,,,,0.0,0.0,33.9,,,,0.0,0.1,100.0,0.0
2023-06-05,,,,0.0,1.6,82.3,,,,,,,0.0,0.1,100.0,0.0
2023-06-06,,,,,,,,,,0.0,0.0,65.7,0.0,0.1,100.0,0.0
2023-06-07,,,,,,,,,,0.0,0.0,100.0,0.0,0.1,100.0,0.0
2023-06-08,,,,0.0,1.7,93.3,,,,,,,0.0,0.1,100.0,0.0
2023-06-09,3.9,4.9,98.7,,,,0.0,0.0,100.0,0.0,0.0,99.7,0.0,0.1,100.0,0.0
2023-06-10,,,,0.0,2.2,97.7,0.0,0.0,89.6,0.0,0.0,99.9,0.0,0.1,100.0,0.0
2023-06-11,,,,,,,,,,0.0,0.0,98.9,0.0,0.0,100.0,0.0
2023-06-12,,,,,,,,,,0.0,0.0,100.0,0.0,0.1,100.0,0.0
2023-06-13,4.4,5.8,98.9,0.0,1.2,100.0,,,,,,,0.0,0.1,100.0,0.0
2023-06-14,,,,,,,,,,0.0,0.0,100.0,0.0,0.0,100.0,0.0
2023-06-15,,,,0.0,0.6,100.0,,,,,,,0.0,0.0,100.0,0.0
2023-06-16,,,,,,,,,,0.0,0.0,72.2,0.0,0.0,100.0,0.0
2023-06-17,,,,,,,0.0,0.0,97.2,,,,0.0,0.0,100.0,0.0
2023-06-18,,,,0.0,0.5,78.1,0.0,0.0,82.0,0.0,0.0,100.0,0.0,0.0,100.0,0.0
2023-06-19,,,,,,,,,,0.0,0.0,100.0,0.0,0.0,100.0,0.0
2023-06-20,,,,,,,,,,,,,0.0,0.0,100.0,0.0
2023-06-21,4.4,5.5,98.6,,,,,,,,,,0.0,0.0,100.0,0.0
2023-06-22,,,,,,,,,,,,,0.0,0.0,100.0,0.0
2023-06-23,,,,,,,,,,0.0,0.0,33.1,0.0,0.0,100.0,0.0
2023-06-24,,,,,,,,,,,,,0.0,0.0,100.0,0.0
2023-06-25,3.5,4.4,99.0,0.0,0.3,100.0,0.0,0.0,100.0,,,,0.0,0.0,100.0,0.0
2023-06-26,,,,,,,,,,,,,0.0,0.0,100.0,0.0
2023-06-27,,,,,,,,,,,,,0.0,0.0,100.0,0.0
2023-06-28,,,,,,,,,,,,,0.0,0.0,100.0,0.0
2023-06-29,,,,,,,,,,,,,0.0,0.0,100.0,0.0
2023-06-30,,,,,,,,,,,,,0.0,0.0,100.0,0.0
2023-07-01,,,,,,,,,,,,,0.0,0.0,100.0,0.0
2023-07-02,,,,,,,,,,,,,0.0,0.0,100.0,0.0
2023-07-03,3.4,4.1,98.7,,,,,,,,,,0.0,0.0,100.0,0.0
2023-07-04,,,,,,,0.0,0.0,56.0,,,,0.0,0.0,100.0,0.0
2023-07-05,,,,,,,,,,,,,0.0,0.0,100.0,0.0
2023-07-06,,,,,,,,,,,,,0.0,0.0,100.0,0.0
2023-07-07,2.9,3.8,98.9,,,,,,,,,,0.0,0.0,100.0,0.0
2023-07-08,,,,,,,,,,,,,0.0,0.0,100.0,0.0
2023-07-09,,,,,,,,,,0.0,0.0,100.0,0.0,0.0,100.0,0.0
2023-07-10,,,,0.0,0.6,66.4,,,,0.0,0.0,100.0,0.0,0.0,100.0,0.0
2023-07-11,,,,,,,0.0,0.0,100.0,,,,0.0,0.0,100.0,0.0
2023-07-12,,,,,,,,,,,,,0.0,0.0,100.0,0.0
2023-07-13,,,,,,,,,,,,,0.0,0.0,100.0,0.0
2023-07-14,,,,,,,,,,0.0,0.0,100.0,0.0,0.0,100.0,0.0
2023-07-15,3.2,3.8,98.7,0.0,0.3,100.0,,,,,,,0.0,0.0,100.0,0.0
2023-07-16,,,,,,,,,,,,,0.0,0.0,100.0,0.0
2023-07-17,,,,,,,,,,,,,0.0,0.0,100.0,0.0
2023-07-18,,,,0.0,0.8,99.7,,,,,,,0.0,0.0,100.0,0.0
2023-07-19,2.1,2.8,99.0,,,,,,,,,,0.0,0.0,100.0,0.0
2023-07-20,,,,0.0,0.4,97.0,0.0,0.0,91.9,,,,0.0,0.0,100.0,0.0
2023-07-21,,,,,,,,,,,,,0.0,0.0,100.0,0.0
2023-07-22,,,,,,,,,,0.0,0.0,100.0,0.0,0.0,100.0,0.0
2023-07-23,,,,0.0,0.4,56.6,,,,0.0,0.0,59.4,0.0,0.0,100.0,0.0
2023-07-24,,,,,,,,,,,,,0.0,0.0,100.0,0.0
2023-07-25,,,,,,,,,,,,,0.0,0.0,100.0,0.0
2023-07-26,,,,,,,,,,,,,0.0,0.0,100.0,0.0
2023-07-27,2.2,2.9,98.7,,,,,,,,,,0.0,0.1,100.0,0.0
2023-07-28,,,,,,,,,,,,,0.0,0.1,100.0,0.0
2023-07-29,,,,,,,,,,,,,0.0,0.1,100.0,0.0
2023-07-30,,,,,,,,,,,,,0.0,0.0,100.0,0.0
2023-07-31,1.7,2.4,99.0,,,,,,,,,,0.0,0.1,100.0,0.0
2023-08-01,,,,,,,,,,,,,0.0,0.0,100.0,0.0
2023-08-02,,,,0.0,0.1,100.0,,,,0.0,0.0,100.0,0.0,0.0,100.0,0.0
2023-08-03,,,,,,,,,,,,,0.0,0.0,100.0,0.0
2023-08-04,,,,,,,,,,,,,0.0,0.0,100.0,0.0
2023-08-05,,,,,,,,,,,,,0.0,0.0,100.0,0.0
2023-08-06,,,,,,,,,,,,,0.0,0.0,100.0,0.0
2023-08-07,,,,,,,,,,,,,0.0,0.0,100.0,0.0
2023-08-08,2.1,3.6,98.7,,,,,,,,,,0.0,0.0,100.0,0.0
2023-08-09,,,,,,,,,,,,,0.0,0.0,100.0,0.0
2023-08-10,,,,,,,,,,0.0,0.0,100.0,0.0,0.0,100.0,0.0
2023-08-11,,,,,,,,,,,,,0.0,0.0,100.0,0.0
2023-08-12,1.2,2.6,98.9,,,,,,,0.0,0.0,100.0,0.0,0.0,100.0,0.0
2023-08-13,,,,,,,0.0,0.0,96.6,,,,0.0,0.0,100.0,0.0
2023-08-14,,,,0.0,0.1,85.7,,,,0.0,0.0,100.0,0.0,0.0,100.0,0.0
2023-08-15,,,,,,,,,,,,,0.0,0.0,100.0,0.0
2023-08-16,,,,,,,,,,0.0,0.0,100.0,0.0,0.0,100.0,0.0
2023-08-17,,,,,,,,,,0.0,0.0,100.0,0.0,0.0,100.0,0.0
2023-08-18,,,,,,,,,,0.0,0.0,100.0,0.0,0.0,100.0,0.0
2023-08-19,,,,0.0,0.2,100.0,0.0,0.0,73.4,,,,0.0,0.0,100.0,0.0
2023-08-20,1.8,5.1,98.7,,,,0.0,0.0,100.0,,,,0.0,0.0,100.0,0.0
2023-08-21,,,,,,,0.0,0.0,100.0,,,,0.0,0.0,100.0,0.0
2023-08-22,,,,0.0,0.3,100.0,,,,,,,0.0,0.0,100.0,0.0
2023-08-23,,,,,,,,,,,,,0.0,0.0,100.0,0.0
2023-08-24,1.0,4.0,99.0,0.0,0.4,100.0,,,,,,,0.0,0.0,100.0,0.0
2023-08-25,,,,,,,,,,,,,0.0,0.0,100.0,0.0
2023-08-26,,,,,,,,,,,,,0.0,0.0,100.0,0.0
2023-08-27,,,,,,,,,,,,,0.0,0.0,100.0,0.0
2023-08-28,,,,,,,,,,,,,0.0,0.0,100.0,0.0
2023-08-29,,,,,,,,,,,,,0.0,0.0,100.0,0.0
2023-08-30,,,,,,,,,,,,,0.0,0.0,100.0,0.0
2023-08-31,,,,,,,,,,,,,0.0,0.0,100.0,0.0
2023-09-01,2.0,12.2,98.7,0.0,0.3,100.0,,,,,,,0.0,0.0,100.0,0.0
2023-09-02,,,,,,,,,,0.0,0.0,100.0,0.0,0.0,100.0,0.0
2023-09-03,,,,,,,,,,0.0,0.0,100.0,0.0,0.0,100.0,0.0
2023-09-04,,,,,,,,,,,,,0.0,0.0,100.0,0.0
2023-09-05,1.2,8.3,98.9,,,,0.0,0.0,100.0,,,,0.0,0.0,100.0,0.0
2023-09-06,,,,0.0,0.5,100.0,0.0,0.0,100.0,,,,0.0,0.0,100.0,0.0
2023-09-07,,,,,,,,,,,,,0.0,0.0,100.0,0.0
2023-09-08,,,,0.0,1.0,100.0,,,,,,,0.0,0.0,100.0,0.0
2023-09-09,,,,,,,,,,0.0,0.0,100.0,0.0,0.0,100.0,0.0
2023-09-10,,,,,,,,,,,,,0.0,0.0,100.0,0.0
2023-09-11,,,,0.0,0.8,100.0,,,,,,,0.0,0.0,100.0,0.0
2023-09-12,,,,,,,,,,,,,0.0,0.0,100.0,0.0
2023-09-13,3.0,18.5,98.7,,,,,,,,,,0.0,0.0,100.0,0.0
2023-09-14,,,,,,,,,,,,,0.0,0.0,100.0,0.0
2023-09-15,,,,,,,,,,0.0,0.0,100.0,0.0,0.0,100.0,0.0
2023-09-16,,,,0.0,0.6,100.0,,,,,,,0.0,0.0,100.0,0.0
2023-09-17,1.2,11.1,99.0,,,,,,,,,,0.0,0.0,100.0,0.0
2023-09-18,,,,,,,,,,0.0,0.0,98.9,0.0,0.0,100.0,0.0
2023-09-19,,,,,,,,,,,,,0.0,0.0,100.0,0.0
2023-09-20,,,,,,,,,,,,,0.0,0.0,100.0,0.0
2023-09-21,,,,,,,,,,,,,0.0,0.0,100.0,0.0
2023-09-22,,,,,,,,,,,,,0.0,0.0,100.0,0.0
2023-09-23,,,,,,,,,,,,,0.0,0.0,100.0,0.0
2023-09-24,,,,,,,,,,0.0,0.0,100.0,0.0,0.0,100.0,0.0
2023-09-25,9.3,25.2,98.8,,,,,,,0.0,0.0,100.0,0.0,0.0,100.0,0.0
2023-09-26,,,,0.0,0.7,100.0,,,,,,,0.0,0.0,100.0,0.0
2023-09-27,,,,,,,,,,,,,0.0,0.0,100.0,0.0
2023-09-28,,,,0.0,0.9,100.0,,,,0.0,0.0,94.9,0.0,0.0,100.0,0.0
2023-09-29,1.6,13.4,99.0,,,,0.0,0.0,100.0,,,,0.0,0.0,100.0,0.0
2023-09-30,,,,,,,,,,,,,0.0,0.0,100.0,0.0
2023-10-01,,,,0.0,3.0,100.0,,,,,,,0.0,0.0,100.0,0.0
2023-10-02,,,,,,,,,,0.0,0.0,100.0,0.0,0.0,100.0,0.0
2023-10-03,,,,0.0,1.5,94.9,,,,0.0,0.0,100.0,0.0,0.0,100.0,0.0
2023-10-04,,,,,,,,,,,,,0.0,0.0,100.0,0.0
2023-10-05,,,,,,,,,,,,,0.0,0.0,100.0,0.0
2023-10-06,,,,0.0,0.8,76.5,,,,0.0,0.0,100.0,0.0,0.0,100.0,0.0
2023-10-07,54.3,44.2,98.7,,,,0.0,0.0,100.0,,,,0.0,0.0,100.0,0.0
2023-10-08,,,,0.0,1.0,100.0,0.0,0.0,100.0,,,,0.0,0.0,100.0,0.0
2023-10-09,,,,,,,,,,,,,0.0,0.0,100.0,0.0
2023-10-10,,,,,,,,,,,,,0.0,0.0,100.0,0.0
2023-10-11,7.4,26.2,99.0,0.1,0.9,100.0,,,,0.0,0.0,100.0,0.0,0.0,100.0,0.0
2023-10-12,,,,,,,,,,,,,0.0,0.0,100.0,0.0
2023-10-13,,,,0.2,1.5,100.0,,,,,,,0.0,0.0,100.0,0.0
2023-10-14,,,,,,,,,,,,,0.0,0.0,100.0,0.0
2023-10-15,,,,,,,,,,,,,0.0,0.0,100.0,0.0
2023-10-16,,,,0.2,1.5,100.0,0.0,0.0,100.0,,,,0.0,0.0,100.0,0.0
2023-10-17,,,,,,,,,,0.0,0.0,42.9,0.0,0.0,100.0,0.0
2023-10-18,,,,,,,,,,,,,0.0,0.0,100.0,0.0
2023-10-19,88.5,62.6,98.8,,,,,,,,,,0.0,0.1,100.0,0.0
2023-10-20,,,,,,,,,,,,,0.0,0.1,100.0,0.0
2023-10-21,,,,,,,,,,0.0,0.1,40.4,0.0,0.1,100.0,0.0
2023-10-22,,,,,,,,,,,,,0.0,0.1,100.0,0.0
2023-10-23,69.8,49.9,98.9,,,,,,,,,,0.0,0.1,100.0,0.0
2023-10-24,,,,,,,,,,,,,0.0,0.1,100.0,0.0
2023-10-25,,,,,,,,,,0.0,0.0,100.0,0.0,0.1,100.0,0.0
2023-10-26,,,,,,,,,,,,,0.0,0.1,100.0,0.0
2023-10-27,,,,,,,,,,,,,0.0,0.1,100.0,0.0
2023-10-28,,,,0.2,1.4,100.0,,,,0.0,0.1,100.0,0.0,0.1,100.0,0.0
2023-10-29,,,,,,,,,,,,,0.0,0.1,100.0,0.0
2023-10-30,,,,,,,,,,,,,0.0,0.2,100.0,0.0
2023-10-31,56.9,46.0,98.8,,,,,,,,,,0.0,0.2,100.0,0.0
2023-11-01,,,,,,,,,,,,,0.0,0.2,100.0,0.0
2023-11-02,,,,,,,,,,0.0,0.2,100.0,0.0,0.1,100.0,0.0
2023-11-03,,,,,,,,,,,,,0.0,0.2,100.0,0.0
2023-11-04,12.0,26.4,99.0,,,,,,,,,,0.0,0.2,100.0,0.0
2023-11-05,,,,,,,,,,,,,0.0,0.2,100.0,0.0
2023-11-06,,,,,,,,,,,,,0.0,0.2,100.0,0.0
2023-11-07,,,,0.0,1.8,55.0,,,,,,,0.0,0.2,100.0,0.0
2023-11-08,,,,,,,0.0,0.1,100.0,,,,0.0,0.3,100.0,0.0
2023-11-09,,,,,,,,,,,,,0.0,0.2,100.0,0.0
2023-11-10,,,,,,,,,,,,,0.0,0.3,100.0,0.0
2023-11-11,,,,,,,,,,,,,0.0,0.3,100.0,0.0
2023-11-12,8.7,22.2,98.7,,,,,,,,,,0.0,0.4,100.0,0.0
2023-11-13,,,,,,,,,,,,,0.0,0.4,100.0,0.0
2023-11-14,,,,,,,,,,,,,0.0,0.5,100.0,0.0
2023-11-15,,,,0.0,5.4,52.3,,,,0.0,1.3,86.5,0.0,0.5,100.0,0.0
2023-11-16,5.4,16.7,99.0,,,,,,,,,,0.0,0.8,100.0,0.0
2023-11-17,,,,,,,,,,0.0,3.4,40.4,0.0,0.7,100.0,0.0
2023-11-18,,,,,,,,,,,,,0.0,0.9,100.0,0.0
2023-11-19,,,,,,,,,,,,,0.0,1.1,100.0,0.0
2023-11-20,,,,0.0,6.0,100.0,,,,,,,0.0,1.3,100.0,0.0
2023-11-21,,,,,,,,,,,,,0.0,1.5,100.0,0.0
2023-11-22,,,,0.0,14.9,65.4,,,,,,,0.0,1.8,100.0,0.0
2023-11-23,,,,,,,,,,,,,0.0,2.0,100.0,0.0
2023-11-24,3.0,9.7,98.7,,,,,,,,,,0.0,2.6,100.0,0.0
2023-11-25,,,,,,,,,,,,,0.0,2.8,100.0,0.0
2023-11-26,,,,,,,,,,,,,0.0,3.2,100.0,0.0
2023-11-27,,,,,,,,,,,,,0.0,3.6,100.0,0.0
2023-11-28,2.1,5.7,99.0,,,,,,,,,,0.0,4.3,100.0,0.0
2023-11-29,,,,,,,,,,,,,0.0,4.3,100.0,0.0
2023-11-30,,,,,,,,,,,,,0.0,5.2,100.0,0.0
2023-12-01,,,,,,,,,,,,,0.0,5.1,100.0,0.0
2023-12-02,,,,,,,,,,,,,0.0,6.7,100.0,0.0
2023-12-03,,,,,,,9.5,17.9,100.0,0.1,10.1,100.0,0.0,6.3,100.0,0.0
2023-12-04,,,,,,,,,,,,,0.0,8.5,100.0,0.0
2023-12-05,,,,,,,,,,0.0,13.0,100.0,0.1,6.9,100.0,0.1
2023-12-06,1.8,3.7,98.7,,,,,,,0.2,16.8,94.4,0.1,9.2,100.0,0.1
2023-12-07,,,,5.6,30.4,100.0,,,,0.4,10.6,100.0,0.2,8.6,100.0,0.2
2023-12-08,,,,,,,,,,,,,0.2,11.8,100.0,0.2
2023-12-09,,,,,,,,,,,,,0.2,8.9,100.0,0.2
2023-12-10,1.2,2.6,99.0,,,,,,,,,,0.3,11.5,100.0,0.3
2023-12-11,,,,,,,,,,,,,0.4,9.5,100.0,0.4
2023-12-12,,,,,,,,,,,,,0.4,12.5,100.0,0.4
2023-12-13,,,,,,,,,,,,,0.4,9.4,100.0,0.4
2023-12-14,,,,,,,,,,,,,0.6,14.9,100.0,0.6
2023-12-15,,,,3.1,30.4,96.1,,,,2.2,18.6,100.0,0.6,10.3,100.0,0.6
2023-12-16,,,,,,,,,,,,,0.7,15.6,100.0,0.7
2023-12-17,,,,3.0,32.0,100.0,,,,,,,0.7,12.5,100.0,0.7
2023-12-18,1.4,3.3,98.7,,,,10.7,27.3,99.5,,,,0.9,19.3,100.0,0.9
2023-12-19,,,,,,,1.6,16.1,100.0,2.5,19.1,100.0,0.8,14.2,100.0,0.8
2023-12-20,,,,,,,,,,,,,1.4,21.7,100.0,1.4
2023-12-21,,,,,,,,,,,,,1.3,19.3,100.0,1.3
2023-12-22,0.9,2.5,99.0,,,,,,,,,,1.7,25.7,100.0,1.7
2023-12-23,,,,,,,,,,,,,1.8,21.2,100.0,1.8
2023-12-24,,,,,,,,,,6.1,23.7,100.0,2.5,27.0,100.0,2.5
2023-12-25,,,,,,,,,,,,,2.5,24.0,100.0,2.5
2023-12-26,,,,,,,,,,,,,3.7,37.0,100.0,3.7
2023-12-27,,,,1.7,21.6,100.0,,,,15.3,31.9,100.0,3.0,27.1,100.0,3.0
2023-12-28,,,,,,,,,,,,,3.3,33.8,100.0,3.3
2023-12-29,,,,,,,,,,22.0,36.6,100.0,3.0,28.5,100.0,3.0
2023-12-30,1.5,3.8,98.5,1.4,18.5,100.0,,,,69.4,55.8,100.0,4.2,41.3,100.0,4.2
2023-12-31,,,,,,,,,,,,,2.2,29.7,100.0,2.2
2024-01-01,,,,4.6,24.7,98.0,,,,,,,2.4,35.5,100.0,2.4
2024-01-02,,,,,,,,,,,,,1.0,28.8,100.0,1.0
2024-01-03,4.7,7.7,91.6,,,,,,,64.1,53.5,37.5,0.9,36.5,100.0,0.9
2024-01-04,,,,0.7,13.8,41.6,,,,,,,0.4,29.4,100.0,0.4
2024-01-05,,,,,,,,,,,,,1.0,37.1,100.0,1.0
2024-01-06,,,,,,,,,,,,,1.2,34.7,100.0,1.2
2024-01-07,,,,,,,,,,,,,8.7,46.6,100.0,8.7
2024-01-08,,,,,,,,,,,,,5.9,43.0,100.0,5.9
2024-01-09,,,,,,,,,,75.7,58.6,100.0,18.3,50.4,100.0,18.3
2024-01-10,,,,,,,,,,,,,16.4,47.1,100.0,16.4
2024-01-11,2.7,8.5,91.4,,,,,,,,,,23.8,52.9,100.0,23.8
2024-01-12,,,,,,,56.4,58.3,70.8,,,,41.3,56.6,100.0,41.3
2024-01-13,,,,,,,,,,21.3,33.0,91.3,55.6,60.1,100.0,55.6
2024-01-14,,,,1.2,12.1,100.0,,,,,,,68.9,63.5,100.0,68.9
2024-01-15,3.1,10.4,24.5,,,,,,,,,,77.1,64.6,100.0,77.1
2024-01-16,,,,,,,,,,,,,89.1,68.1,100.0,89.1
2024-01-17,,,,,,,,,,,,,92.7,70.8,100.0,92.7
2024-01-18,,,,,,,,,,,,,94.0,71.2,100.0,94.0
2024-01-19,,,,,,,,,,,,,93.3,70.6,100.0,93.3
2024-01-20,,,,,,,98.5,94.0,100.0,,,,96.8,76.1,100.0,96.8
2024-01-21,,,,,,,,,,,,,96.0,74.4,100.0,96.0
2024-01-22,,,,,,,,,,,,,96.7,75.0,100.0,96.7
2024-01-23,1.7,7.8,91.4,,,,,,,,,,95.6,71.1,100.0,95.6
2024-01-24,,,,,,,,,,,,,95.9,71.2,100.0,95.9
2024-01-25,,,,,,,,,,,,,94.7,68.7,100.0,94.7
2024-01-26,,,,,,,,,,,,,94.9,68.2,100.0,94.9
2024-01-27,2.3,8.3,91.6,,,,,,,,,,93.3,65.7,100.0,93.3
2024-01-28,,,,,,,91.9,73.7,100.0,,,,94.8,68.5,100.0,94.8
2024-01-29,,,,3.0,6.0,100.0,,,,,,,92.2,65.4,100.0,92.2
2024-01-30,,,,,,,,,,,,,82.9,63.1,100.0,82.9
2024-01-31,,,,4.4,11.6,99.3,,,,,,,70.5,61.3,100.0,70.5
2024-02-01,,,,,,,,,,,,,48.1,58.4,100.0,48.1
2024-02-02,,,,,,,,,,,,,29.3,55.4,100.0,29.3
2024-02-03,,,,2.9,6.8,100.0,,,,,,,11.0,49.5,100.0,11.0
2024-02-04,0.7,5.7,24.5,,,,,,,,,,5.4,45.9,100.0,5.4
2024-02-05,,,,2.2,5.1,100.0,17.4,25.9,96.8,,,,4.1,40.0,100.0,4.1
2024-02-06,,,,,,,,,,,,,3.2,36.3,100.0,3.2
2024-02-07,,,,,,,,,,,,,2.5,30.0,100.0,2.5
2024-02-08,1.7,6.7,91.6,,,,,,,,,,2.2,26.3,100.0,2.2
2024-02-09,,,,,,,,,,,,,1.3,21.3,100.0,1.3
2024-02-10,,,,,,,,,,,,,1.2,19.3,100.0,1.2
2024-02-11,,,,,,,,,,,,,0.7,16.6,100.0,0.7
2024-02-12,,,,,,,,,,,,,0.9,17.2,100.0,0.9
2024-02-13,,,,,,,0.5,6.6,100.0,,,,0.7,17.7,100.0,0.7
2024-02-14,,,,,,,,,,,,,0.6,17.9,100.0,0.6
2024-02-15,,,,,,,,,,,,,0.5,16.2,100.0,0.5
2024-02-16,1.7,7.2,24.4,,,,,,,,,,0.5,15.9,100.0,0.5
2024-02-17,,,,,,,,,,,,,0.6,15.9,100.0,0.6
2024-02-18,,,,,,,,,,,,,0.6,16.3,100.0,0.6
2024-02-19,,,,,,,,,,,,,0.5,13.9,100.0,0.5
2024-02-20,1.5,6.7,91.6,,,,,,,,,,0.3,13.4,100.0,0.3
2024-02-21,,,,,,,10.2,32.6,97.7,,,,0.4,13.4,100.0,0.4
2024-02-22,,,,,,,,,,,,,0.0,13.3,100.0,0.0
2024-02-23,,,,,,,,,,,,,0.0,12.4,100.0,0.0
2024-02-24,,,,,,,,,,,,,0.0,12.6,100.0,0.0
2024-02-25,,,,0.0,1.4,100.0,,,,,,,0.0,10.6,100.0,0.0
2024-02-26,,,,,,,,,,,,,0.0,9.7,100.0,0.0
2024-02-27,,,,,,,,,,,,,0.0,8.9,100.0,0.0
2024-02-28,2.2,7.4,24.5,,,,,,,,,,0.0,9.1,100.0,0.0
2024-02-29,,,,,,,0.3,3.2,70.9,,,,0.0,6.7,100.0,0.0
2024-03-01,,,,,,,,,,,,,0.0,6.2,100.0,0.0
2024-03-02,,,,,,,,,,,,,0.0,5.2,100.0,0.0
2024-03-03,0.8,5.1,91.6,,,,,,,,,,0.0,5.5,100.0,0.0
2024-03-04,,,,,,,,,,,,,0.0,6.0,100.0,0.0
2024-03-05,,,,,,,,,,,,,0.0,5.8,100.0,0.0
2024-03-06,,,,,,,,,,,,,0.0,6.2,100.0,0.0
2024-03-07,,,,,,,,,,,,,0.0,7.1,100.0,0.0
2024-03-08,,,,,,,0.1,3.2,100.0,,,,0.0,7.3,100.0,0.0
2024-03-09,,,,0.0,4.7,36.6,,,,,,,0.0,8.3,100.0,0.0
2024-03-10,,,,,,,,,,,,,0.0,9.7,100.0,0.0
2024-03-11,2.3,6.4,91.4,0.0,2.1,83.6,,,,,,,0.0,9.3,100.0,0.0
2024-03-12,,,,,,,,,,,,,0.0,12.1,100.0,0.0
2024-03-13,,,,,,,,,,,,,0.0,11.3,100.0,0.0
2024-03-14,,,,0.0,1.4,100.0,,,,,,,0.0,11.0,100.0,0.0
2024-03-15,2.0,6.2,91.6,,,,,,,,,,0.0,9.6,100.0,0.0
2024-03-16,,,,,,,,,,0.0,4.5,100.0,0.0,11.2,100.0,0.0
2024-03-17,,,,,,,,,,,,,0.0,13.4,100.0,0.0
2024-03-18,,,,,,,,,,,,,0.0,12.7,100.0,0.0
2024-03-19,,,,0.0,0.6,100.0,,,,,,,0.0,9.9,100.0,0.0
2024-03-20,,,,,,,,,,,,,0.0,9.9,100.0,0.0
2024-03-21,,,,,,,,,,,,,0.0,10.1,100.0,0.0
2024-03-22,,,,,,,,,,,,,0.0,8.5,100.0,0.0
2024-03-23,4.1,8.0,91.3,,,,,,,,,,0.0,7.2,100.0,0.0
2024-03-24,,,,,,,,,,,,,0.0,6.9,100.0,0.0
2024-03-25,,,,,,,,,,,,,0.0,7.1,100.0,0.0
2024-03-26,,,,,,,,,,,,,0.0,6.7,100.0,0.0
2024-03-27,2.1,5.8,91.6,,,,,,,,,,0.0,8.6,100.0,0.0
2024-03-28,,,,,,,,,,,,,0.0,8.6,100.0,0.0
2024-03-29,,,,0.0,0.4,39.8,,,,,,,0.0,9.3,100.0,0.0
2024-03-30,,,,,,,,,,,,,0.0,7.1,100.0,0.0
2024-03-31,,,,,,,,,,,,,0.0,8.8,100.0,0.0
2024-04-01,,,,,,,,,,,,,0.0,8.2,100.0,0.0
2024-04-02,,,,,,,,,,,,,0.0,9.1,100.0,0.0
2024-04-03,,,,,,,,,,,,,0.0,8.7,100.0,0.0
2024-04-04,3.7,7.6,91.3,,,,,,,,,,0.0,8.2,100.0,0.0
2024-04-05,,,,0.0,0.2,100.0,,,,,,,0.0,6.7,100.0,0.0
2024-04-06,,,,,,,,,,0.0,3.1,100.0,0.0,6.7,100.0,0.0
2024-04-07,,,,,,,,,,,,,0.0,7.3,100.0,0.0
2024-04-08,2.6,6.4,91.6,,,,,,,,,,0.0,6.8,100.0,0.0
2024-04-09,,,,,,,,,,,,,0.0,6.3,100.0,0.0
2024-04-10,,,,,,,,,,,,,0.0,6.7,100.0,0.0
2024-04-11,,,,,,,,,,,,,0.0,7.0,100.0,0.0
2024-04-12,,,,,,,,,,0.0,2.0,100.0,0.0,5.7,100.0,0.0
2024-04-13,,,,0.0,0.2,100.0,,,,,,,0.0,5.1,100.0,0.0
2024-04-14,,,,,,,,,,,,,0.0,5.3,100.0,0.0
2024-04-15,,,,,,,,,,,,,0.0,5.6,100.0,0.0
2024-04-16,5.2,9.9,91.3,,,,,,,,,,0.0,6.4,100.0,0.0
2024-04-17,,,,,,,,,,,,,0.0,6.2,100.0,0.0
2024-04-18,,,,,,,,,,,,,0.0,6.3,100.0,0.0
2024-04-19,,,,,,,,,,,,,0.0,6.3,100.0,0.0
2024-04-20,2.5,7.3,91.6,,,,,,,,,,0.0,6.1,100.0,0.0
2024-04-21,,,,,,,,,,,,,0.0,7.3,100.0,0.0
2024-04-22,,,,,,,,,,,,,0.0,7.6,100.0,0.0
2024-04-23,,,,,,,,,,,,,0.0,8.1,100.0,0.0
2024-04-24,,,,,,,,,,,,,0.0,10.1,100.0,0.0
2024-04-25,,,,0.0,2.5,42.2,,,,,,,0.0,9.4,100.0,0.0
2024-04-26,,,,,,,,,,,,,0.0,5.5,100.0,0.0
2024-04-27,,,,,,,,,,,,,0.0,4.4,100.0,0.0
2024-04-28,3.2,8.8,91.3,,,,,,,,,,0.0,4.6,100.0,0.0
2024-04-29,,,,,,,,,,,,,0.0,3.9,100.0,0.0
2024-04-30,,,,0.0,0.7,100.0,,,,0.0,0.5,69.3,0.0,2.8,100.0,0.0
2024-05-01,,,,,,,,,,0.0,0.2,80.7,0.0,2.6,100.0,0.0
2024-05-02,1.6,6.5,91.6,,,,,,,,,,0.0,2.4,100.0,0.0
2024-05-03,,,,,,,,,,,,,0.0,2.1,100.0,0.0
2024-05-04,,,,,,,,,,0.0,0.1,89.3,0.0,1.4,100.0,0.0
2024-05-05,,,,,,,,,,,,,0.0,1.3,100.0,0.0
2024-05-06,,,,,,,,,,,,,0.0,1.2,100.0,0.0
2024-05-07,,,,,,,,,,,,,0.0,0.9,100.0,0.0
2024-05-08,,,,,,,,,,,,,0.0,0.9,100.0,0.0
2024-05-09,,,,,,,,,,,,,0.0,0.9,100.0,0.0
2024-05-10,5.0,12.4,91.3,0.0,0.3,100.0,0.0,0.1,100.0,0.0,0.0,100.0,0.0,0.7,100.0,0.0
2024-05-11,,,,,,,0.0,0.1,100.0,,,,0.0,0.6,100.0,0.0
2024-05-12,,,,,,,,,,,,,0.0,0.5,100.0,0.0
2024-05-13,,,,,,,,,,,,,0.0,0.6,100.0,0.0
2024-05-14,1.5,7.0,91.6,,,,,,,,,,0.0,0.7,100.0,0.0
2024-05-15,,,,,,,,,,,,,0.0,0.8,100.0,0.0
2024-05-16,,,,,,,,,,,,,0.0,0.6,100.0,0.0
2024-05-17,,,,,,,,,,,,,0.0,0.7,100.0,0.0
2024-05-18,,,,,,,,,,,,,0.0,1.0,100.0,0.0
2024-05-19,,,,,,,,,,0.0,0.0,64.1,0.0,0.9,100.0,0.0
2024-05-20,,,,0.0,0.3,75.1,,,,,,,0.0,0.9,100.0,0.0
2024-05-21,,,,,,,,,,,,,0.0,0.8,100.0,0.0
2024-05-22,4.3,12.2,91.3,,,,,,,,,,0.0,0.8,100.0,0.0
2024-05-23,,,,,,,,,,,,,0.0,0.7,100.0,0.0
2024-05-24,,,,,,,,,,,,,0.0,0.7,100.0,0.0
2024-05-25,,,,,,,,,,,,,0.0,0.5,100.0,0.0
2024-05-26,1.2,5.7,91.5,,,,,,,,,,0.0,0.5,100.0,0.0
2024-05-27,,,,,,,,,,,,,0.0,0.3,100.0,0.0
2024-05-28,,,,,,,,,,,,,0.0,0.4,100.0,0.0
2024-05-29,,,,,,,,,,,,,0.0,0.2,100.0,0.0
2024-05-30,,,,,,,,,,,,,0.0,0.1,100.0,0.0
2024-05-31,,,,,,,,,,,,,0.0,0.1,100.0,0.0
2024-06-01,,,,,,,,,,,,,0.0,0.1,100.0,0.0
2024-06-02,,,,,,,,,,,,,0.0,0.1,100.0,0.0
2024-06-03,3.1,9.8,91.4,,,,,,,,,,0.0,0.0,100.0,0.0
2024-06-04,,,,0.0,0.3,97.6,0.0,0.0,89.7,,,,0.0,0.0,100.0,0.0
2024-06-05,,,,,,,,,,,,,0.0,0.0,100.0,0.0
2024-06-06,,,,,,,,,,,,,0.0,0.0,100.0,0.0
2024-06-07,3.9,15.1,91.5,0.0,0.6,55.0,,,,,,,0.0,0.0,100.0,0.0
2024-06-08,,,,,,,,,,,,,0.0,0.1,100.0,0.0
2024-06-09,,,,,,,,,,,,,0.0,0.1,100.0,0.0
2024-06-10,,,,,,,,,,,,,0.0,0.1,100.0,0.0
2024-06-11,,,,,,,,,,,,,0.0,0.1,100.0,0.0
2024-06-12,,,,,,,,,,,,,0.0,0.2,100.0,0.0
2024-06-13,,,,,,,,,,,,,0.0,0.1,100.0,0.0
2024-06-14,,,,,,,,,,,,,0.0,0.1,100.0,0.0
2024-06-15,5.9,15.2,91.3,,,,,,,,,,0.0,0.1,100.0,0.0
2024-06-16,,,,,,,,,,0.0,0.0,100.0,0.0,0.1,100.0,0.0
2024-06-17,,,,,,,,,,,,,0.0,0.1,100.0,0.0
2024-06-18,,,,,,,,,,,,,0.0,0.1,100.0,0.0
2024-06-19,3.9,14.4,91.6,0.0,0.3,100.0,0.0,0.0,100.0,,,,0.0,0.1,100.0,0.0
2024-06-20,,,,,,,,,,,,,0.0,0.1,100.0,0.0
2024-06-21,,,,,,,,,,,,,0.0,0.1,100.0,0.0
2024-06-22,,,,,,,,,,,,,0.0,0.0,100.0,0.0
2024-06-23,,,,,,,,,,,,,0.0,0.1,100.0,0.0
2024-06-24,,,,0.0,0.4,61.2,,,,,,,0.0,0.1,100.0,0.0
2024-06-25,,,,,,,,,,0.0,0.0,100.0,0.0,0.0,100.0,0.0
2024-06-26,,,,,,,,,,,,,0.0,0.0,100.0,0.0
2024-06-27,,,,0.0,0.6,48.4,,,,,,,0.0,0.0,100.0,0.0
2024-06-28,,,,,,,0.0,0.0,83.8,0.0,0.0,49.0,0.0,0.0,100.0,0.0
2024-06-29,,,,0.0,0.5,100.0,,,,,,,0.0,0.0,100.0,0.0
2024-06-30,,,,,,,,,,,,,0.0,0.0,100.0,0.0
2024-07-01,2.5,10.3,91.6,,,,,,,,,,0.0,0.0,100.0,0.0
2024-07-02,,,,,,,,,,,,,0.0,0.0,100.0,0.0
2024-07-03,,,,,,,,,,,,,0.0,0.0,100.0,0.0
2024-07-04,,,,0.0,0.2,94.1,,,,,,,0.0,0.0,100.0,0.0
2024-07-05,,,,,,,0.0,0.0,100.0,,,,0.0,0.0,100.0,0.0
2024-07-06,,,,,,,,,,,,,0.0,0.0,100.0,0.0
2024-07-07,,,,,,,,,,,,,0.0,0.0,100.0,0.0
2024-07-08,,,,,,,,,,,,,0.0,0.0,100.0,0.0
2024-07-09,5.5,18.7,91.3,0.0,0.2,100.0,,,,,,,0.0,0.0,100.0,0.0
2024-07-10,,,,,,,,,,,,,0.0,0.0,100.0,0.0
2024-07-11,,,,,,,,,,,,,0.0,0.0,100.0,0.0
2024-07-12,,,,,,,,,,,,,0.0,0.0,100.0,0.0
2024-07-13,3.9,16.1,91.6,,,,,,,,,,0.0,0.0,100.0,0.0
2024-07-14,,,,0.0,0.2,98.5,0.0,0.0,100.0,,,,0.0,0.0,100.0,0.0
2024-07-15,,,,,,,,,,,,,0.0,0.0,100.0,0.0
2024-07-16,,,,,,,,,,,,,0.0,0.0,100.0,0.0
2024-07-17,,,,,,,,,,,,,0.0,0.0,100.0,0.0
2024-07-18,,,,,,,,,,,,,0.0,0.0,100.0,0.0
2024-07-19,,,,0.0,0.6,100.0,,,,,,,0.0,0.0,100.0,0.0
2024-07-20,,,,,,,,,,,,,0.0,0.0,100.0,0.0
2024-07-21,7.0,20.5,91.3,,,,0.0,0.0,89.5,,,,0.0,0.0,100.0,0.0
2024-07-22,,,,,,,,,,0.0,0.0,100.0,0.0,0.0,100.0,0.0
2024-07-23,,,,,,,,,,,,,0.0,0.0,100.0,0.0
2024-07-24,,,,0.0,5.3,75.6,,,,,,,0.0,0.0,100.0,0.0
2024-07-25,3.6,13.9,91.6,,,,,,,,,,0.0,0.0,100.0,0.0
2024-07-26,,,,,,,,,,0.0,0.0,100.0,0.0,0.0,100.0,0.0
2024-07-27,,,,0.0,1.3,100.0,,,,0.0,0.0,100.0,0.0,0.0,100.0,0.0
2024-07-28,,,,,,,,,,0.0,0.0,34.8,0.0,0.0,100.0,0.0
2024-07-29,,,,,,,,,,0.0,0.0,100.0,0.0,0.0,100.0,0.0
2024-07-30,,,,,,,0.0,0.0,100.0,,,,0.0,0.0,100.0,0.0
2024-07-31,,,,,,,,,,,,,0.0,0.0,100.0,0.0
2024-08-01,,,,0.0,1.7,82.0,,,,,,,0.0,0.0,100.0,0.0
2024-08-02,7.2,18.7,91.3,,,,,,,0.0,0.0,87.9,0.0,0.0,100.0,0.0
2024-08-03,,,,,,,,,,,,,0.0,0.0,100.0,0.0
2024-08-04,,,,,,,,,,,,,0.0,0.0,100.0,0.0
2024-08-05,,,,,,,,,,,,,0.0,0.0,100.0,0.0
2024-08-06,5.4,13.9,91.6,0.0,0.4,100.0,0.0,0.0,100.0,0.0,0.0,100.0,0.0,0.0,100.0,0.0
2024-08-07,,,,,,,,,,,,,0.0,0.0,100.0,0.0
2024-08-08,,,,,,,,,,0.0,0.0,77.8,0.0,0.0,100.0,0.0
2024-08-09,,,,,,,,,,,,,0.0,0.0,100.0,0.0
2024-08-10,,,,,,,,,,,,,0.0,0.0,100.0,0.0
2024-08-11,,,,0.0,0.3,100.0,,,,,,,0.0,0.0,100.0,0.0
2024-08-12,,,,,,,,,,,,,0.0,0.0,100.0,0.0
2024-08-13,,,,,,,,,,,,,0.0,0.0,100.0,0.0
2024-08-14,10.4,21.3,91.3,,,,0.0,0.0,100.0,0.0,0.0,52.2,0.0,0.0,100.0,0.0
2024-08-15,,,,,,,0.0,0.0,100.0,,,,0.0,0.0,100.0,0.0
2024-08-16,,,,0.0,0.4,100.0,,,,,,,0.0,0.0,100.0,0.0
2024-08-17,,,,,,,,,,,,,0.0,0.0,100.0,0.0
2024-08-18,2.7,10.7,91.6,,,,,,,,,,0.0,0.0,100.0,0.0
2024-08-19,,,,,,,,,,,,,0.0,0.0,100.0,0.0
2024-08-20,,,,,,,,,,0.0,0.0,100.0,0.0,0.0,100.0,0.0
2024-08-21,,,,,,,,,,,,,0.0,0.0,100.0,0.0
2024-08-22,,,,,,,,,,,,,0.0,0.0,100.0,0.0
2024-08-23,,,,0.0,1.3,100.0,0.0,0.0,100.0,,,,0.0,0.0,100.0,0.0
2024-08-24,,,,,,,,,,,,,0.0,0.0,100.0,0.0
2024-08-25,,,,,,,,,,,,,0.0,0.0,100.0,0.0
2024-08-26,3.5,14.1,91.3,,,,,,,,,,0.0,0.0,100.0,0.0
2024-08-27,,,,,,,,,,,,,0.0,0.0,100.0,0.0
2024-08-28,,,,0.0,1.2,100.0,,,,,,,0.0,0.0,100.0,0.0
2024-08-29,,,,,,,,,,,,,0.0,0.0,100.0,0.0
2024-08-30,1.4,7.8,91.6,,,,0.0,0.0,100.0,0.0,0.0,100.0,0.0,0.0,100.0,0.0
2024-08-31,,,,0.0,0.7,100.0,0.0,0.0,100.0,0.0,0.0,100.0,0.0,0.0,100.0,0.0
2024-09-01,,,,,,,,,,,,,0.0,0.0,100.0,0.0
2024-09-02,,,,,,,,,,,,,0.0,0.0,100.0,0.0
2024-09-03,,,,,,,,,,,,,0.0,0.0,100.0,0.0
2024-09-04,,,,,,,,,,,,,0.0,0.0,100.0,0.0
2024-09-05,,,,,,,,,,,,,0.0,0.0,100.0,0.0
2024-09-06,,,,,,,,,,0.0,0.0,56.1,0.0,0.0,100.0,0.0
2024-09-07,1.5,8.9,91.3,0.0,0.6,100.0,0.0,0.0,100.0,,,,0.0,0.0,100.0,0.0
2024-09-08,,,,,,,,,,,,,0.0,0.0,100.0,0.0
2024-09-09,,,,,,,,,,,,,0.0,0.0,100.0,0.0
2024-09-10,,,,0.0,1.3,72.9,,,,,,,0.0,0.0,100.0,0.0
2024-09-11,0.9,5.6,91.6,,,,,,,,,,0.0,0.0,100.0,0.0
2024-09-12,,,,,,,,,,,,,0.0,0.0,100.0,0.0
2024-09-13,,,,,,,,,,,,,0.0,0.0,100.0,0.0
2024-09-14,,,,,,,,,,,,,0.0,0.0,100.0,0.0
2024-09-15,,,,0.0,2.7,38.2,0.0,0.0,34.4,0.0,0.0,80.6,0.0,0.0,100.0,0.0
2024-09-16,,,,,,,,,,,,,0.0,0.0,100.0,0.0
2024-09-17,,,,,,,,,,,,,0.0,0.0,100.0,0.0
2024-09-18,,,,,,,,,,,,,0.0,0.0,100.0,0.0
2024-09-19,0.8,5.1,91.4,,,,,,,,,,0.0,0.1,100.0,0.0
2024-09-20,,,,0.0,0.7,100.0,,,,,,,0.0,0.1,100.0,0.0
2024-09-21,,,,,,,,,,0.0,0.0,100.0,0.0,0.1,100.0,0.0
2024-09-22,,,,,,,,,,,,,0.0,0.1,100.0,0.0
2024-09-23,,,,,,,,,,,,,0.0,0.1,100.0,0.0
2024-09-24,,,,,,,,,,0.0,0.0,98.7,0.0,0.1,100.0,0.0
2024-09-25,,,,,,,,,,,,,0.0,0.1,100.0,0.0
2024-09-26,,,,,,,,,,,,,0.0,0.1,100.0,0.0
2024-09-27,,,,,,,,,,,,,0.0,0.1,100.0,0.0
2024-09-28,,,,,,,,,,,,,0.0,0.1,100.0,0.0
2024-09-29,,,,,,,,,,,,,0.0,0.1,100.0,0.0
2024-09-30,,,,0.0,0.3,56.3,,,,,,,0.0,0.1,100.0,0.0
2024-10-01,0.5,3.7,91.3,,,,,,,,,,0.0,0.1,100.0,0.0
2024-10-02,,,,,,,,,,,,,0.0,0.1,100.0,0.0
2024-10-03,,,,,,,,,,,,,0.0,0.1,100.0,0.0
2024-10-04,,,,,,,,,,,,,0.0,0.1,100.0,0.0
2024-10-05,0.4,2.4,91.6,0.0,0.7,41.9,,,,,,,0.0,0.1,100.0,0.0
2024-10-06,,,,,,,,,,,,,0.0,0.1,100.0,0.0
2024-10-07,,,,,,,,,,0.0,0.0,100.0,0.0,0.1,100.0,0.0
2024-10-08,,,,,,,,,,,,,0.0,0.1,100.0,0.0
2024-10-09,,,,,,,0.0,0.0,66.8,,,,0.0,0.1,100.0,0.0
2024-10-10,,,,,,,,,,,,,0.0,0.1,100.0,0.0
2024-10-11,,,,,,,,,,,,,0.0,0.1,100.0,0.0
2024-10-12,,,,,,,,,,,,,0.0,0.1,100.0,0.0
2024-10-13,0.4,2.8,91.3,,,,,,,,,,0.0,0.1,100.0,0.0
2024-10-14,,,,,,,,,,0.0,0.1,76.0,0.0,0.1,100.0,0.0
2024-10-15,,,,,,,,,,0.0,0.1,54.6,0.0,0.1,100.0,0.0
2024-10-16,,,,,,,,,,,,,0.0,0.1,100.0,0.0
2024-10-17,0.3,2.1,91.6,,,,,,,0.0,0.1,51.6,0.0,0.1,100.0,0.0
2024-10-18,,,,,,,,,,,,,0.0,0.1,100.0,0.0
2024-10-19,,,,,,,,,,,,,0.0,0.1,100.0,0.0
2024-10-20,,,,0.0,0.4,73.9,,,,,,,0.0,0.1,100.0,0.0
2024-10-21,,,,,,,,,,0.0,0.1,100.0,0.0,0.1,100.0,0.0
2024-10-22,,,,,,,,,,0.0,0.2,100.0,0.0,0.1,100.0,0.0
2024-10-23,,,,,,,,,,0.0,0.4,33.1,0.0,0.1,100.0,0.0
2024-10-24,,,,,,,,,,,,,0.0,0.1,100.0,0.0
2024-10-25,0.7,3.7,91.3,0.0,0.8,99.3,,,,,,,0.0,0.1,100.0,0.0
2024-10-26,,,,,,,0.0,0.0,88.6,,,,0.0,0.1,100.0,0.0
2024-10-27,,,,,,,,,,,,,0.0,0.2,100.0,0.0
2024-10-28,,,,,,,,,,,,,0.0,0.1,100.0,0.0
2024-10-29,0.3,2.3,91.5,,,,,,,,,,0.0,0.2,100.0,0.0
2024-10-30,,,,0.2,2.0,100.0,,,,,,,0.0,0.1,100.0,0.0
2024-10-31,,,,,,,,,,,,,0.0,0.2,100.0,0.0
2024-11-01,,,,0.2,2.6,100.0,,,,0.0,0.3,100.0,0.0,0.1,100.0,0.0
2024-11-02,,,,,,,0.0,0.1,40.6,,,,0.0,0.3,100.0,0.0
2024-11-03,,,,,,,,,,,,,0.0,0.3,100.0,0.0
2024-11-04,,,,0.1,2.3,100.0,,,,,,,0.0,0.3,100.0,0.0
2024-11-05,,,,,,,,,,,,,0.0,0.3,100.0,0.0
2024-11-06,0.5,3.8,91.3,0.0,2.4,66.5,,,,,,,0.0,0.5,100.0,0.0
2024-11-07,,,,,,,,,,,,,0.0,0.4,100.0,0.0
2024-11-08,,,,,,,,,,,,,0.0,0.5,100.0,0.0
2024-11-09,,,,0.0,2.4,100.0,,,,,,,0.0,0.4,100.0,0.0
2024-11-10,0.3,3.4,91.6,,,,0.0,0.1,100.0,,,,0.0,0.9,100.0,0.0
2024-11-11,,,,0.0,3.9,59.9,,,,,,,0.0,0.8,100.0,0.0
2024-11-12,,,,,,,,,,,,,0.0,1.1,100.0,0.0
2024-11-13,,,,,,,,,,,,,0.0,1.0,100.0,0.0
2024-11-14,,,,0.0,5.6,34.4,,,,,,,0.0,2.2,100.0,0.0
2024-11-15,,,,,,,,,,,,,0.0,1.9,100.0,0.0
2024-11-16,,,,0.0,3.1,100.0,,,,0.0,1.1,100.0,0.0,2.2,100.0,0.0
2024-11-17,,,,,,,,,,,,,0.0,2.7,100.0,0.0
2024-11-18,0.6,4.7,91.3,,,,,,,,,,0.0,4.8,100.0,0.0
2024-11-19,,,,,,,,,,,,,0.0,4.4,100.0,0.0
2024-11-20,,,,,,,,,,,,,0.0,5.1,100.0,0.0
2024-11-21,,,,,,,,,,,,,0.0,4.8,100.0,0.0
2024-11-22,0.5,7.1,91.6,,,,,,,,,,0.0,6.3,100.0,0.0
2024-11-23,,,,,,,,,,,,,0.0,5.7,100.0,0.0
2024-11-24,,,,1.0,10.6,73.7,,,,,,,0.0,5.2,100.0,0.0
2024-11-25,,,,,,,,,,0.0,6.4,100.0,0.0,4.4,100.0,0.0
2024-11-26,,,,,,,,,,,,,0.0,6.9,100.0,0.0
2024-11-27,,,,,,,0.0,1.2,97.6,,,,0.0,7.5,100.0,0.0
2024-11-28,,,,,,,,,,,,,0.0,8.1,100.0,0.0
2024-11-29,,,,1.6,14.0,100.0,,,,0.0,12.8,98.8,0.0,7.2,100.0,0.0
2024-11-30,,,,,,,,,,2.1,30.6,100.0,0.0,9.0,100.0,0.0
2024-12-01,,,,2.7,16.9,100.0,,,,,,,0.0,9.7,100.0,0.0
2024-12-02,,,,,,,,,,7.6,32.8,100.0,0.0,9.3,100.0,0.0
2024-12-03,,,,,,,,,,49.7,46.6,100.0,0.0,8.7,100.0,0.0
2024-12-04,0.5,8.4,91.6,,,,,,,18.7,37.1,100.0,0.0,10.5,100.0,0.0
2024-12-05,,,,,,,0.6,7.1,100.0,,,,0.0,12.2,100.0,0.0
2024-12-06,,,,,,,,,,58.8,49.2,100.0,0.0,11.8,100.0,0.0
2024-12-07,,,,,,,,,,,,,0.0,12.6,100.0,0.0
2024-12-08,,,,,,,,,,,,,0.2,13.8,100.0,0.2
2024-12-09,,,,,,,,,,,,,0.6,17.0,100.0,0.6
2024-12-10,,,,,,,,,,27.0,40.1,100.0,0.5,16.3,100.0,0.5
2024-12-11,,,,,,,,,,,,,0.8,18.7,100.0,0.8
2024-12-12,1.3,16.4,89.0,,,,,,,66.9,52.0,100.0,1.0,18.2,100.0,1.0
2024-12-13,,,,,,,6.6,12.1,58.9,,,,2.5,27.7,100.0,2.5
2024-12-14,,,,,,,,,,72.5,54.1,100.0,2.9,27.8,100.0,2.9
2024-12-15,,,,,,,,,,,,,7.8,38.9,100.0,7.8
2024-12-16,1.3,14.8,89.3,33.7,46.2,100.0,,,,90.8,64.6,100.0,8.0,39.0,100.0,8.0
2024-12-17,,,,,,,,,,90.6,66.3,100.0,21.5,52.5,100.0,21.5
2024-12-18,,,,,,,,,,99.7,83.9,100.0,21.9,52.3,100.0,21.9
2024-12-19,,,,,,,,,,,,,57.1,60.3,100.0,57.1
2024-12-20,,,,,,,,,,100.0,89.5,100.0,60.0,60.8,100.0,60.0
2024-12-21,,,,88.0,69.4,81.6,77.8,62.2,89.3,,,,94.8,71.7,100.0,94.8
2024-12-22,,,,,,,,,,,,,92.7,70.5,100.0,92.7
2024-12-23,,,,,,,,,,,,,97.4,77.2,100.0,97.4
2024-12-24,46.5,42.3,89.1,,,,,,,,,,97.9,78.8,100.0,97.9
2024-12-25,,,,,,,,,,,,,99.4,84.4,100.0,99.4
2024-12-26,,,,,,,,,,100.0,94.9,100.0,98.9,84.4,100.0,98.9
2024-12-27,,,,,,,,,,,,,99.2,88.2,100.0,99.2
2024-12-28,58.5,45.8,89.2,,,,,,,,,,99.9,88.7,100.0,99.9
2024-12-29,,,,97.0,95.4,100.0,,,,,,,100.0,92.7,100.0,100.0
2024-12-30,,,,,,,,,,,,,100.0,93.0,100.0,100.0
2024-12-31,,,,97.5,96.9,100.0,,,,,,,100.0,94.9,100.0,100.0
2025-01-01,,,,,,,,,,100.0,95.7,100.0,100.0,94.0,100.0,100.0
2025-01-02,,,,,,,,,,,,,100.0,95.3,100.0,100.0
2025-01-03,,,,,,,,,,,,,100.0,95.1,100.0,100.0
2025-01-04,,,,,,,,,,,,,100.0,96.1,100.0,100.0
2025-01-05,97.6,70.0,89.0,,,,,,,,,,100.0,96.5,100.0,100.0
2025-01-06,,,,,,,,,,,,,100.0,97.3,100.0,100.0
2025-01-07,,,,,,,,,,,,,100.0,98.1,100.0,100.0
2025-01-08,,,,,,,,,,100.0,97.5,77.8,100.0,98.4,100.0,100.0
2025-01-09,91.3,61.9,89.2,,,,,,,,,,100.0,98.7,100.0,100.0
2025-01-10,,,,,,,,,,,,,100.0,99.0,100.0,100.0
2025-01-11,,,,,,,,,,100.0,97.9,93.9,100.0,99.2,100.0,100.0
2025-01-12,,,,,,,,,,,,,100.0,99.3,100.0,100.0
2025-01-13,,,,100.0,99.9,100.0,100.0,100.0,94.8,,,,100.0,99.7,100.0,100.0
2025-01-14,,,,,,,,,,,,,100.0,99.5,100.0,100.0
2025-01-15,,,,,,,,,,,,,100.0,99.6,100.0,100.0
2025-01-16,,,,,,,,,,,,,100.0,99.6,100.0,100.0
2025-01-17,99.2,75.8,89.1,,,,,,,,,,100.0,99.6,100.0,100.0
2025-01-18,,,,100.0,99.9,58.5,,,,,,,100.0,99.7,100.0,100.0
2025-01-19,,,,,,,,,,,,,100.0,99.7,100.0,100.0
2025-01-20,,,,100.0,99.9,89.9,,,,,,,100.0,99.7,100.0,100.0
2025-01-21,97.2,69.6,89.2,,,,100.0,100.0,92.6,,,,100.0,99.7,100.0,100.0
2025-01-22,,,,,,,,,,,,,100.0,99.6,100.0,100.0
2025-01-23,,,,,,,,,,,,,100.0,99.6,100.0,100.0
2025-01-24,,,,,,,,,,,,,100.0,99.4,100.0,100.0
2025-01-25,,,,99.5,98.3,83.5,,,,,,,100.0,99.3,100.0,100.0
2025-01-26,,,,,,,,,,,,,100.0,99.3,100.0,100.0
2025-01-27,,,,,,,,,,,,,100.0,99.2,100.0,100.0
2025-01-28,,,,,,,,,,,,,100.0,99.0,100.0,100.0
2025-01-29,99.8,83.7,89.0,,,,100.0,99.9,94.6,100.0,97.8,99.9,100.0,99.1,100.0,100.0
2025-01-30,,,,,,,,,,,,,100.0,98.9,100.0,100.0
2025-01-31,,,,,,,,,,,,,100.0,99.0,100.0,100.0
2025-02-01,,,,,,,,,,,,,100.0,98.8,100.0,100.0
2025-02-02,99.7,81.0,89.2,,,,,,,,,,100.0,98.7,100.0,100.0
2025-02-03,,,,,,,,,,,,,100.0,98.6,100.0,100.0
2025-02-04,,,,98.7,98.0,100.0,,,,100.0,97.4,100.0,100.0,98.8,100.0,100.0
2025-02-05,,,,,,,,,,100.0,97.9,100.0,100.0,98.7,100.0,100.0
2025-02-06,,,,,,,,,,100.0,98.1,37.5,100.0,98.4,100.0,100.0
2025-02-07,,,,97.0,95.6,84.3,100.0,99.8,81.7,,,,100.0,98.8,100.0,100.0
2025-02-08,,,,,,,,,,100.0,97.9,100.0,100.0,98.6,100.0,100.0
2025-02-09,,,,98.4,97.2,100.0,,,,,,,100.0,98.9,100.0,100.0
2025-02-10,99.9,89.3,89.0,,,,,,,,,,100.0,98.6,100.0,100.0
2025-02-11,,,,,,,,,,100.0,97.5,46.5,100.0,98.6,100.0,100.0
2025-02-12,,,,99.3,96.7,99.8,,,,,,,100.0,98.8,100.0,100.0
2025-02-13,,,,,,,,,,,,,100.0,98.7,100.0,100.0
2025-02-14,99.3,81.7,89.2,,,,,,,,,,100.0,98.8,100.0,100.0
2025-02-15,,,,,,,100.0,100.0,99.9,,,,100.0,99.0,100.0,100.0
2025-02-16,,,,,,,,,,,,,100.0,98.9,100.0,100.0
2025-02-17,,,,,,,,,,100.0,97.0,100.0,100.0,98.9,100.0,100.0
2025-02-18,,,,,,,,,,100.0,97.8,100.0,100.0,99.0,100.0,100.0
2025-02-19,,,,100.0,98.1,79.6,,,,,,,100.0,99.1,100.0,100.0
2025-02-20,,,,,,,,,,100.0,96.5,100.0,100.0,98.9,100.0,100.0
2025-02-21,,,,,,,,,,,,,100.0,98.8,100.0,100.0
2025-02-22,100.0,89.9,89.0,98.8,94.7,100.0,100.0,100.0,99.8,,,,100.0,99.1,100.0,100.0
2025-02-23,,,,,,,,,,,,,100.0,98.6,100.0,100.0
2025-02-24,,,,,,,,,,,,,100.0,98.6,100.0,100.0
2025-02-25,,,,,,,,,,,,,100.0,98.0,100.0,100.0
2025-02-26,99.1,80.0,89.2,,,,,,,100.0,97.0,98.0,100.0,97.6,100.0,100.0
2025-02-27,,,,,,,,,,100.0,93.1,100.0,100.0,97.0,100.0,100.0
2025-02-28,,,,,,,,,,100.0,92.4,100.0,100.0,97.3,100.0,100.0
2025-03-01,,,,,,,,,,,,,100.0,97.0,100.0,100.0
2025-03-02,,,,,,,,,,,,,100.0,96.5,100.0,100.0
2025-03-03,,,,,,,100.0,99.9,91.8,,,,100.0,96.2,100.0,100.0
2025-03-04,,,,98.3,93.4,100.0,,,,,,,100.0,95.6,100.0,100.0
2025-03-05,,,,,,,,,,,,,99.9,93.7,100.0,99.9
2025-03-06,99.3,86.1,88.9,85.6,78.0,100.0,,,,,,,99.8,93.3,100.0,99.8
2025-03-07,,,,,,,,,,,,,99.7,90.2,100.0,99.7
2025-03-08,,,,,,,,,,,,,99.8,89.6,100.0,99.8
2025-03-09,,,,64.8,56.5,100.0,,,,,,,99.8,88.6,100.0,99.8
2025-03-10,92.1,65.7,89.2,,,,,,,,,,99.6,84.9,100.0,99.6
2025-03-11,,,,45.7,45.2,100.0,92.1,79.9,95.6,,,,98.9,82.3,100.0,98.9
2025-03-12,,,,,,,,,,,,,94.5,74.5,100.0,94.5
2025-03-13,,,,,,,,,,,,,88.0,69.6,100.0,88.0
2025-03-14,,,,,,,,,,,,,48.8,58.6,100.0,48.8
2025-03-15,,,,,,,,,,,,,27.0,52.2,100.0,27.0
2025-03-16,,,,,,,,,,,,,12.5,44.9,100.0,12.5
2025-03-17,,,,,,,,,,,,,6.7,40.6,100.0,6.7
2025-03-18,94.3,70.7,89.0,16.3,19.0,100.0,8.7,16.8,99.9,,,,2.2,34.1,100.0,2.2
2025-03-19,,,,5.2,9.7,100.0,0.9,4.0,99.9,,,,0.2,23.7,100.0,0.2
2025-03-20,,,,,,,,,,,,,0.0,18.3,100.0,0.0
2025-03-21,,,,,,,,,,,,,0.0,13.5,100.0,0.0
2025-03-22,65.4,49.3,89.2,,,,,,,58.6,49.0,100.0,0.0,11.1,100.0,0.0
2025-03-23,,,,,,,,,,,,,0.0,9.5,100.0,0.0
2025-03-24,,,,,,,,,,,,,0.0,9.2,100.0,0.0
2025-03-25,,,,,,,,,,51.5,45.3,39.0,0.0,7.9,100.0,0.0
2025-03-26,,,,,,,,,,,,,0.0,8.0,100.0,0.0
2025-03-27,,,,,,,,,,,,,0.0,8.6,100.0,0.0
2025-03-28,,,,,,,,,,,,,0.0,7.0,100.0,0.0
2025-03-29,,,,,,,,,,,,,0.0,7.0,100.0,0.0
2025-03-30,69.4,52.0,88.9,,,,,,,18.8,30.0,100.0,0.0,6.4,100.0,0.0
2025-03-31,,,,,,,,,,,,,0.0,5.6,100.0,0.0
2025-04-01,,,,,,,,,,0.1,15.8,33.3,0.0,5.7,100.0,0.0
2025-04-02,,,,,,,,,,0.3,10.8,50.0,0.0,5.9,100.0,0.0
2025-04-03,26.1,30.6,89.2,0.0,1.6,100.0,0.0,0.9,100.0,,,,0.0,4.8,100.0,0.0
2025-04-04,,,,,,,0.0,0.5,100.0,0.0,8.5,100.0,0.0,3.5,100.0,0.0
2025-04-05,,,,0.0,0.8,100.0,,,,0.0,5.8,100.0,0.0,2.8,100.0,0.0
2025-04-06,,,,,,,,,,,,,0.0,3.2,100.0,0.0
2025-04-07,,,,0.0,0.8,100.0,,,,0.0,1.5,100.0,0.0,2.6,100.0,0.0
2025-04-08,,,,0.0,0.8,100.0,,,,0.0,1.3,100.0,0.0,2.1,100.0,0.0
2025-04-09,,,,,,,,,,0.0,0.5,100.0,0.0,1.8,100.0,0.0
2025-04-10,,,,0.0,0.5,100.0,,,,0.0,0.6,100.0,0.0,2.0,100.0,0.0
2025-04-11,21.4,25.6,88.9,,,,0.0,0.4,100.0,0.0,0.2,100.0,0.0,1.8,100.0,0.0
2025-04-12,,,,,,,0.0,0.3,100.0,,,,0.0,1.6,100.0,0.0
2025-04-13,,,,,,,,,,,,,0.0,1.2,100.0,0.0
2025-04-14,,,,,,,,,,,,,0.0,1.3,100.0,0.0
2025-04-15,14.7,18.8,89.2,,,,,,,,,,0.0,1.3,100.0,0.0
2025-04-16,,,,,,,,,,,,,0.0,1.9,100.0,0.0
2025-04-17,12.1,15.5,89.0,,,,,,,0.0,0.2,100.0,0.0,1.8,100.0,0.0
2025-04-18,,,,,,,,,,,,,0.0,2.5,100.0,0.0
2025-04-19,,,,,,,,,,,,,0.0,2.5,100.0,0.0
2025-04-20,,,,,,,,,,,,,0.0,3.4,100.0,0.0
2025-04-21,,,,,,,,,,0.0,0.1,56.4,0.0,3.0,100.0,0.0
2025-04-22,,,,,,,,,,0.0,0.1,96.4,0.0,2.6,100.0,0.0
2025-04-23,6.1,10.0,88.9,0.0,0.5,75.6,,,,0.0,0.0,100.0,0.0,1.9,100.0,0.0
2025-04-24,,,,,,,,,,,,,0.0,1.8,100.0,0.0
2025-04-25,,,,,,,,,,,,,0.0,1.5,100.0,0.0
2025-04-26,,,,,,,,,,,,,0.0,1.6,100.0,0.0
2025-04-27,4.0,8.1,89.2,0.0,0.9,30.3,,,,,,,0.0,1.3,100.0,0.0
2025-04-28,,,,0.0,0.5,100.0,0.0,0.1,96.5,0.0,0.0,100.0,0.0,1.1,100.0,0.0
2025-04-29,,,,,,,,,,0.0,0.0,100.0,0.0,0.7,100.0,0.0
2025-04-30,,,,0.0,0.7,100.0,,,,,,,0.0,0.6,100.0,0.0
2025-05-01,,,,,,,,,,,,,0.0,0.5,100.0,0.0
2025-05-02,,,,,,,,,,,,,0.0,0.6,100.0,0.0
2025-05-03,1.8,6.5,89.2,,,,,,,,,,0.0,0.5,100.0,0.0
2025-05-04,,,,,,,,,,,,,0.0,0.5,100.0,0.0
2025-05-05,1.5,5.7,89.0,,,,,,,,,,0.0,0.4,100.0,0.0
2025-05-06,,,,,,,,,,,,,0.0,0.6,100.0,0.0
2025-05-07,,,,,,,,,,,,,0.0,0.3,100.0,0.0
2025-05-08,,,,,,,,,,,,,0.0,0.3,100.0,0.0
2025-05-09,0.3,3.8,89.2,,,,,,,,,,0.0,0.3,100.0,0.0
2025-05-10,,,,0.0,0.8,100.0,,,,,,,0.0,0.3,100.0,0.0
2025-05-11,0.2,3.9,89.0,,,,,,,,,,0.0,0.1,100.0,0.0
2025-05-12,,,,,,,,,,,,,0.0,0.1,100.0,0.0
2025-05-13,,,,,,,,,,,,,0.0,0.1,100.0,0.0
2025-05-14,,,,,,,0.0,0.0,100.0,,,,0.0,0.1,100.0,0.0
2025-05-15,0.2,3.8,89.2,,,,,,,,,,0.0,0.1,100.0,0.0
2025-05-16,,,,,,,,,,,,,0.0,0.1,100.0,0.0
2025-05-17,0.3,4.5,80.5,0.0,1.1,62.3,,,,,,,0.0,0.3,100.0,0.0
2025-05-18,,,,0.0,1.1,39.9,,,,,,,0.0,0.4,100.0,0.0
2025-05-19,,,,,,,,,,,,,0.0,0.3,100.0,0.0
2025-05-20,,,,0.0,1.5,46.4,,,,,,,0.0,0.2,100.0,0.0
2025-05-21,0.2,4.3,80.6,,,,,,,,,,0.0,0.4,100.0,0.0
2025-05-22,,,,,,,,,,,,,0.0,0.5,100.0,0.0
2025-05-23,1.3,11.3,79.3,,,,,,,0.0,0.0,81.0,0.0,0.4,100.0,0.0
2025-05-24,,,,,,,,,,,,,0.0,0.3,100.0,0.0
2025-05-25,,,,,,,,,,,,,0.0,0.3,100.0,0.0
2025-05-26,,,,,,,,,,,,,0.0,0.3,100.0,0.0
2025-05-27,0.8,9.2,80.4,,,,,,,0.0,0.0,95.1,0.0,0.2,100.0,0.0
2025-05-28,,,,,,,,,,,,,0.0,0.2,100.0,0.0
2025-05-29,1.9,12.5,80.3,,,,,,,,,,0.0,0.2,100.0,0.0
2025-05-30,,,,0.0,0.5,100.0,0.0,0.0,100.0,0.0,0.0,100.0,0.0,0.2,100.0,0.0
2025-05-31,,,,,,,,,,0.0,0.0,98.2,0.0,0.1,100.0,0.0
2025-06-01,,,,,,,,,,,,,0.0,0.1,100.0,0.0
2025-06-02,0.9,4.0,80.5,,,,,,,,,,0.0,0.1,100.0,0.0
2025-06-03,,,,,,,,,,,,,0.0,0.1,100.0,0.0
2025-06-04,2.1,7.4,80.4,,,,,,,,,,0.0,0.2,100.0,0.0
2025-06-05,,,,,,,,,,,,,0.0,0.2,100.0,0.0
2025-06-06,,,,,,,,,,,,,0.0,0.3,100.0,0.0
2025-06-07,,,,,,,,,,,,,0.0,0.2,100.0,0.0
2025-06-08,1.5,5.8,80.6,,,,,,,,,,0.0,0.2,100.0,0.0
2025-06-09,,,,0.0,1.5,100.0,,,,,,,0.0,0.2,100.0,0.0
2025-06-10,2.2,4.7,80.3,,,,,,,0.0,0.0,100.0,0.0,0.1,100.0,0.0
2025-06-11,,,,,,,,,,0.0,0.0,100.0,0.0,0.1,100.0,0.0
2025-06-12,,,,0.0,0.9,100.0,,,,,,,0.0,0.1,100.0,0.0
2025-06-13,,,,,,,,,,0.0,0.0,100.0,0.0,0.1,100.0,0.0
2025-06-14,1.2,2.8,80.5,0.0,0.6,100.0,0.0,0.0,72.7,0.0,0.0,100.0,0.0,0.0,100.0,0.0
2025-06-15,,,,,,,0.0,0.0,100.0,0.0,0.0,78.9,0.0,0.0,100.0,0.0
2025-06-16,1.5,3.4,80.5,0.0,1.4,45.9,,,,,,,0.0,0.0,100.0,0.0
2025-06-17,,,,0.0,0.8,95.6,,,,0.0,0.0,100.0,0.0,0.0,100.0,0.0
2025-06-18,,,,,,,,,,0.0,0.0,97.5,0.0,0.0,100.0,0.0
2025-06-19,,,,0.0,1.0,99.7,,,,,,,0.0,0.0,100.0,0.0
2025-06-20,1.7,3.8,80.6,,,,,,,,,,0.0,0.0,100.0,0.0
2025-06-21,,,,,,,,,,0.0,0.0,100.0,0.0,0.0,100.0,0.0
2025-06-22,1.5,2.5,80.3,0.0,0.8,100.0,0.0,0.0,100.0,,,,0.0,0.0,100.0,0.0
2025-06-23,,,,,,,,,,,,,0.0,0.0,100.0,0.0
2025-06-24,,,,,,,,,,,,,0.0,0.0,100.0,0.0
2025-06-25,,,,,,,,,,,,,0.0,0.0,100.0,0.0
2025-06-26,0.9,1.8,80.6,0.0,0.8,93.5,,,,,,,0.0,0.0,100.0,0.0
2025-06-27,,,,,,,,,,0.0,0.0,74.8,0.0,0.0,100.0,0.0
2025-06-28,0.8,1.8,80.4,,,,,,,,,,0.0,0.0,100.0,0.0
2025-06-29,,,,0.0,0.5,100.0,,,,0.0,0.0,100.0,0.0,0.0,100.0,0.0
2025-06-30,,,,,,,0.0,0.0,46.8,,,,0.0,0.0,100.0,0.0
2025-07-01,,,,,,,0.0,0.0,100.0,,,,0.0,0.0,100.0,0.0
2025-07-02,0.9,2.0,80.6,0.0,0.4,100.0,,,,0.0,0.0,100.0,0.0,0.0,100.0,0.0
2025-07-03,,,,,,,,,,0.0,0.0,79.3,0.0,0.0,100.0,0.0
2025-07-04,1.3,2.8,80.4,,,,,,,,,,0.0,0.0,100.0,0.0
2025-07-05,,,,,,,,,,,,,0.0,0.0,100.0,0.0
2025-07-06,,,,,,,,,,,,,0.0,0.0,100.0,0.0
2025-07-07,,,,,,,,,,,,,0.0,0.0,100.0,0.0
2025-07-08,0.9,2.2,80.6,,,,,,,,,,0.0,0.1,100.0,0.0
2025-07-09,,,,0.0,0.6,58.0,0.0,0.0,49.7,,,,0.0,0.1,100.0,0.0
2025-07-10,1.2,4.6,80.4,,,,,,,,,,0.0,0.1,100.0,0.0
2025-07-11,,,,,,,,,,0.0,0.0,69.1,0.0,0.1,100.0,0.0
2025-07-12,,,,0.0,0.3,63.7,,,,,,,0.0,0.2,100.0,0.0
2025-07-13,,,,,,,,,,,,,0.0,0.3,100.0,0.0
2025-07-14,1.1,5.2,80.6,,,,,,,,,,0.0,0.3,100.0,0.0
2025-07-15,,,,,,,,,,,,,0.0,0.2,100.0,0.0
2025-07-16,1.3,4.1,80.4,,,,,,,,,,0.0,0.2,100.0,0.0
2025-07-17,,,,,,,,,,,,,0.0,0.4,100.0,0.0
2025-07-18,,,,,,,,,,0.0,0.0,100.0,0.0,0.3,100.0,0.0
2025-07-19,,,,0.0,1.1,100.0,,,,,,,0.0,0.3,100.0,0.0
2025-07-20,0.7,3.1,80.6,,,,,,,,,,0.0,0.3,100.0,0.0
2025-07-21,,,,,,,,,,0.0,0.0,73.2,0.0,0.3,100.0,0.0
2025-07-22,0.9,4.5,80.5,0.0,0.9,37.4,,,,,,,0.0,0.3,100.0,0.0
2025-07-23,,,,,,,,,,,,,0.0,0.2,100.0,0.0
2025-07-24,,,,,,,,,,,,,0.0,0.2,100.0,0.0
2025-07-25,,,,,,,,,,0.0,0.0,69.8,0.0,0.2,100.0,0.0
2025-07-26,0.5,3.9,80.6,,,,,,,,,,0.0,0.1,100.0,0.0
2025-07-27,,,,,,,,,,,,,0.0,0.1,100.0,0.0
2025-07-28,0.5,2.7,80.4,,,,,,,,,,0.0,0.1,100.0,0.0
2025-07-29,,,,,,,,,,0.0,0.0,89.2,0.0,0.0,100.0,0.0
2025-07-30,,,,,,,,,,,,,0.0,0.0,100.0,0.0
2025-07-31,,,,,,,,,,,,,0.0,0.0,100.0,0.0
2025-08-01,0.2,2.0,80.6,,,,,,,,,,0.0,0.0,100.0,0.0
2025-08-02,,,,,,,,,,,,,0.0,0.0,100.0,0.0
2025-08-03,0.2,2.2,80.4,,,,,,,,,,0.0,0.0,100.0,0.0
2025-08-04,,,,,,,,,,0.0,0.0,35.8,0.0,0.0,100.0,0.0
2025-08-05,,,,,,,,,,,,,0.0,0.0,100.0,0.0
2025-08-06,,,,0.0,1.9,97.9,,,,,,,0.0,0.0,100.0,0.0
2025-08-07,,,,,,,,,,0.0,0.0,76.5,0.0,0.0,100.0,0.0
2025-08-08,,,,0.0,1.1,100.0,,,,,,,0.0,0.0,100.0,0.0
2025-08-09,0.3,2.0,80.4,,,,0.0,0.0,100.0,,,,0.0,0.0,100.0,0.0
2025-08-10,,,,,,,0.0,0.0,100.0,0.0,0.0,100.0,0.0,0.0,100.0,0.0
2025-08-11,,,,0.0,0.7,100.0,,,,0.0,0.0,100.0,0.0,0.0,100.0,0.0
2025-08-12,,,,,,,,,,0.0,0.0,100.0,0.0,0.0,100.0,0.0
2025-08-13,0.0,1.6,80.6,0.0,0.8,100.0,,,,0.0,0.0,100.0,0.0,0.0,100.0,0.0
2025-08-14,,,,,,,,,,0.0,0.0,100.0,0.0,0.0,100.0,0.0
2025-08-15,0.3,2.3,80.5,0.0,0.8,97.5,,,,,,,0.0,0.0,100.0,0.0
2025-08-16,,,,,,,,,,0.0,0.0,66.2,0.0,0.0,100.0,0.0
2025-08-17,,,,,,,,,,,,,0.0,0.0,100.0,0.0
2025-08-18,,,,0.0,0.7,100.0,0.0,0.0,100.0,0.0,0.0,100.0,0.0,0.0,100.0,0.0
2025-08-19,2.9,5.5,99.9,,,,,,,,,,0.0,0.0,100.0,0.0
2025-08-20,,,,,,,,,,,,,0.0,0.0,100.0,0.0
2025-08-21,2.1,5.1,99.6,,,,,,,,,,0.0,0.0,100.0,0.0
2025-08-22,,,,,,,,,,,,,0.0,0.0,100.0,0.0
2025-08-23,,,,,,,,,,,,,0.0,0.0,100.0,0.0
2025-08-24,,,,,,,,,,,,,0.0,0.0,100.0,0.0
2025-08-25,1.6,4.3,99.9,0.0,0.5,100.0,0.0,0.0,80.9,,,,0.0,0.0,100.0,0.0
2025-08-26,,,,0.0,0.3,100.0,0.0,0.0,100.0,0.0,0.0,100.0,0.0,0.0,100.0,0.0
2025-08-27,1.6,5.8,99.6,,,,,,,,,,0.0,0.0,100.0,0.0
2025-08-28,,,,,,,,,,,,,0.0,0.0,100.0,0.0
2025-08-29,,,,,,,,,,,,,0.0,0.0,100.0,0.0
2025-08-30,,,,,,,,,,,,,0.0,0.0,100.0,0.0
2025-08-31,0.9,4.7,99.9,0.0,0.4,46.8,,,,,,,0.0,0.0,100.0,0.0
2025-09-01,,,,,,,,,,,,,0.0,0.0,100.0,0.0
2025-09-02,1.5,6.6,99.8,,,,,,,,,,0.0,0.0,100.0,0.0
2025-09-03,,,,,,,,,,,,,0.0,0.0,100.0,0.0
2025-09-04,,,,,,,,,,,,,0.0,0.0,100.0,0.0
2025-09-05,,,,,,,,,,0.0,0.0,96.8,0.0,0.0,100.0,0.0
2025-09-06,0.3,3.1,100.0,,,,,,,,,,0.0,0.0,100.0,0.0
2025-09-07,,,,,,,,,,,,,0.0,0.0,100.0,0.0
2025-09-08,0.6,5.5,99.5,,,,,,,,,,0.0,0.0,100.0,0.0
2025-09-09,,,,,,,,,,,,,0.0,0.0,100.0,0.0
2025-09-10,,,,,,,,,,,,,0.0,0.0,100.0,0.0
2025-09-11,,,,,,,,,,,,,0.0,0.0,100.0,0.0
2025-09-12,0.2,3.2,100.0,,,,,,,,,,0.0,0.0,100.0,0.0
2025-09-13,,,,,,,,,,,,,0.0,0.0,100.0,0.0
2025-09-14,1.2,7.1,99.8,0.0,0.7,43.7,,,,,,,0.0,0.0,100.0,0.0
2025-09-15,,,,0.0,0.3,100.0,,,,,,,0.0,0.0,100.0,0.0
2025-09-16,,,,,,,,,,,,,0.0,0.0,100.0,0.0
2025-09-17,,,,,,,,,,0.0,0.0,99.9,0.0,0.0,100.0,0.0
2025-09-18,1.1,5.7,100.0,,,,0.0,0.0,100.0,0.0,0.0,100.0,0.0,0.0,100.0,0.0
2025-09-19,,,,,,,0.0,0.0,100.0,0.0,0.0,100.0,0.0,0.0,100.0,0.0
2025-09-20,1.7,8.6,99.6,0.0,0.4,100.0,,,,,,,0.0,0.0,100.0,0.0
2025-09-21,,,,,,,,,,,,,0.0,0.0,100.0,0.0
2025-09-22,,,,,,,,,,,,,0.0,0.0,100.0,0.0
2025-09-23,,,,,,,,,,,,,0.0,0.0,100.0,0.0
2025-09-24,1.8,11.5,99.9,,,,,,,,,,0.0,0.0,100.0,0.0
2025-09-25,,,,,,,,,,,,,0.0,0.0,100.0,0.0
2025-09-26,4.5,15.5,99.7,,,,,,,,,,0.0,0.1,100.0,0.0
2025-09-27,,,,,,,,,,,,,0.0,0.1,100.0,0.0
2025-09-28,,,,,,,,,,,,,0.0,0.1,100.0,0.0
2025-09-29,,,,,,,,,,0.0,0.0,55.9,0.0,0.1,100.0,0.0
2025-09-30,3.5,14.7,99.9,,,,,,,,,,0.0,0.1,100.0,0.0
2025-10-01,,,,,,,,,,0.0,0.0,89.8,0.0,0.1,100.0,0.0
2025-10-02,24.6,30.0,99.7,0.0,0.4,100.0,,,,0.0,0.0,100.0,0.0,0.1,100.0,0.0
2025-10-03,,,,,,,,,,,,,0.0,0.1,100.0,0.0
2025-10-04,,,,0.0,0.7,64.4,,,,,,,0.0,0.1,100.0,0.0
2025-10-05,,,,,,,,,,0.0,0.1,60.7,0.0,0.1,100.0,0.0
2025-10-06,18.7,27.9,100.0,,,,,,,,,,0.0,0.2,100.0,0.0
2025-10-07,,,,0.0,1.7,100.0,,,,,,,0.0,0.1,100.0,0.0
2025-10-08,67.8,50.5,99.8,,,,,,,,,,0.0,0.2,100.0,0.0
2025-10-09,,,,,,,,,,0.0,0.1,100.0,0.0,0.1,100.0,0.0
2025-10-10,,,,,,,,,,0.0,0.1,100.0,0.0,0.1,100.0,0.0
2025-10-11,,,,,,,,,,,,,0.0,0.1,100.0,0.0
2025-10-12,9.4,19.6,99.9,,,,,,,0.0,0.2,100.0,0.0,0.1,100.0,0.0
2025-10-13,,,,,,,0.0,0.0,96.5,0.0,0.2,100.0,0.0,0.1,100.0,0.0
2025-10-14,25.3,29.9,99.8,,,,,,,0.0,0.2,100.0,0.0,0.1,100.0,0.0
2025-10-15,,,,0.0,1.3,77.9,,,,,,,0.0,0.1,100.0,0.0
2025-10-16,,,,,,,,,,,,,0.0,0.1,100.0,0.0
2025-10-17,,,,,,,,,,,,,0.0,0.1,100.0,0.0
2025-10-18,7.8,17.3,99.9,,,,,,,,,,0.0,0.1,100.0,0.0
2025-10-19,,,,,,,,,,,,,0.0,0.1,100.0,0.0
2025-10-20,3.7,14.8,99.8,,,,,,,,,,0.0,0.1,100.0,0.0
2025-10-21,,,,,,,,,,0.0,0.3,100.0,0.0,0.1,100.0,0.0
2025-10-22,,,,,,,,,,,,,0.0,0.1,100.0,0.0
2025-10-23,,,,,,,,,,,,,0.0,0.1,100.0,0.0
2025-10-24,1.3,6.5,99.9,,,,,,,,,,0.0,0.1,100.0,0.0
2025-10-25,,,,,,,,,,,,,0.0,0.1,100.0,0.0
2025-10-26,1.4,7.0,99.7,,,,,,,,,,0.0,0.2,100.0,0.0
2025-10-27,,,,,,,,,,,,,0.0,0.2,100.0,0.0
2025-10-28,,,,,,,,,,,,,0.0,0.2,100.0,0.0
2025-10-29,,,,,,,0.0,0.2,100.0,,,,0.0,0.2,100.0,0.0
2025-10-30,0.8,4.6,100.0,,,,,,,,,,0.0,0.3,100.0,0.0
2025-10-31,,,,,,,,,,,,,0.0,0.4,100.0,0.0
2025-11-01,1.4,8.5,99.7,,,,,,,,,,0.0,0.5,100.0,0.0
2025-11-02,,,,,,,,,,,,,0.0,0.5,100.0,0.0
2025-11-03,,,,,,,,,,,,,0.0,0.7,100.0,0.0
2025-11-04,,,,0.0,0.6,100.0,,,,,,,0.0,0.8,100.0,0.0
2025-11-05,1.0,6.6,100.0,,,,0.0,0.4,100.0,0.0,0.8,100.0,0.0,0.9,100.0,0.0
2025-11-06,,,,0.0,0.7,96.3,,,,0.0,1.5,100.0,0.0,0.9,100.0,0.0
2025-11-07,2.0,13.2,99.7,,,,,,,,,,0.0,1.1,100.0,0.0
2025-11-08,,,,,,,,,,,,,0.0,1.2,100.0,0.0
2025-11-09,,,,,,,,,,0.0,3.8,100.0,0.0,1.6,100.0,0.0
2025-11-10,,,,,,,,,,,,,0.0,1.7,100.0,0.0
2025-11-11,0.5,4.2,100.0,0.0,0.6,100.0,,,,,,,0.0,1.7,100.0,0.0
2025-11-12,,,,,,,,,,,,,0.0,1.7,100.0,0.0
2025-11-13,0.1,3.8,99.7,0.0,0.4,97.1,,,,,,,0.0,2.3,100.0,0.0
2025-11-14,,,,,,,,,,,,,0.0,2.2,100.0,0.0
2025-11-15,,,,,,,,,,,,,0.0,2.3,100.0,0.0
2025-11-16,,,,,,,,,,,,,0.0,2.5,100.0,0.0
2025-11-17,,,,,,,,,,,,,0.0,3.1,100.0,0.0
2025-11-18,,,,,,,,,,0.0,9.0,99.9,0.0,3.6,100.0,0.0
2025-11-19,0.1,3.2,99.8,0.0,1.0,56.8,,,,,,,0.0,4.2,100.0,0.0
2025-11-20,,,,,,,,,,,,,0.0,5.0,100.0,0.0
2025-11-21,,,,,,,,,,,,,0.0,6.5,100.0,0.0
2025-11-22,,,,,,,5.5,19.0,81.4,,,,0.0,8.8,100.0,0.0
2025-11-23,0.1,3.3,100.0,,,,,,,,,,0.0,8.3,100.0,0.0
2025-11-24,,,,,,,,,,,,,0.0,8.7,100.0,0.0
2025-11-25,0.1,2.7,99.7,,,,,,,,,,0.0,8.0,100.0,0.0
2025-11-26,,,,,,,,,,,,,0.0,9.1,100.0,0.0
2025-11-27,,,,,,,,,,,,,0.0,9.2,100.0,0.0
2025-11-28,,,,,,,,,,5.9,29.8,71.5,0.0,9.9,100.0,0.0
2025-11-29,0.0,1.7,99.9,,,,,,,0.5,14.3,100.0,0.0,9.0,100.0,0.0
2025-11-30,,,,,,,,,,,,,0.0,10.0,100.0,0.0
2025-12-01,0.0,2.3,99.7,,,,,,,13.0,32.6,100.0,0.0,8.5,100.0,0.0
2025-12-02,,,,,,,,,,4.0,22.8,100.0,0.0,9.3,100.0,0.0
2025-12-03,,,,,,,,,,24.9,38.3,100.0,0.0,9.6,100.0,0.0
2025-12-04,,,,0.0,2.5,100.0,,,,9.1,27.5,100.0,0.0,10.5,100.0,0.0
2025-12-05,0.0,2.1,99.9,,,,,,,,,,0.1,10.3,100.0,0.1
2025-12-06,,,,0.0,6.5,82.1,,,,56.3,50.5,100.0,0.1,12.3,100.0,0.1
2025-12-07,0.1,2.3,99.7,,,,,,,,,,0.2,11.9,100.0,0.2
2025-12-08,,,,,,,,,,21.7,36.6,98.7,0.3,13.6,100.0,0.3
2025-12-09,,,,0.0,7.1,100.0,,,,,,,0.2,11.7,100.0,0.2
2025-12-10,,,,,,,,,,,,,0.3,14.1,100.0,0.3
2025-12-11,0.0,1.6,99.9,,,,,,,,,,0.6,14.2,100.0,0.6
2025-12-12,,,,,,,,,,,,,0.8,16.1,100.0,0.8
2025-12-13,0.1,2.9,99.7,0.0,13.9,100.0,,,,,,,1.3,15.5,100.0,1.3
2025-12-14,,,,0.0,12.8,100.0,,,,,,,1.8,18.5,100.0,1.8
2025-12-15,,,,,,,0.9,12.1,90.0,,,,2.0,19.3,100.0,2.0
2025-12-16,,,,,,,,,,,,,2.1,19.7,100.0,2.1
2025-12-17,0.2,3.4,99.9,,,,,,,82.3,63.3,100.0,3.6,22.1,100.0,3.6
2025-12-18,,,,,,,,,,69.1,55.3,100.0,3.5,23.8,100.0,3.5
2025-12-19,1.5,9.0,99.6,,,,,,,,,,5.8,29.4,100.0,5.8
2025-12-20,,,,,,,,,,,,,4.6,30.3,100.0,4.6
2025-12-21,,,,0.0,13.7,100.0,,,,99.7,81.8,100.0,8.4,36.7,100.0,8.4
2025-12-22,,,,,,,,,,,,,5.6,36.3,100.0,5.6
2025-12-23,1.4,10.0,100.0,,,,,,,,,,17.4,47.3,100.0,17.4
2025-12-24,,,,,,,,,,99.1,81.2,100.0,12.6,47.6,100.0,12.6
2025-12-25,16.8,26.5,99.7,,,,,,,,,,45.5,56.7,100.0,45.5
2025-12-26,,,,0.1,11.3,53.8,,,,,,,43.4,56.4,100.0,43.4
2025-12-27,,,,,,,,,,100.0,90.0,100.0,63.7,61.2,100.0,63.7
2025-12-28,,,,,,,,,,,,,73.6,64.3,100.0,73.6
2025-12-29,35.6,33.4,99.9,1.0,27.3,100.0,,,,,,,82.9,67.4,100.0,82.9
2025-12-30,,,,,,,,,,,,,86.0,67.5,100.0,86.0
2025-12-31,63.8,51.8,99.8,73.4,56.7,100.0,83.4,63.4,88.5,,,,91.8,70.5,100.0,91.8
2026-01-01,,,,,,,89.0,72.9,100.0,,,,98.1,73.0,100.0,98.1
2026-01-02,,,,,,,,,,,,,96.3,71.9,100.0,96.3
2026-01-03,,,,,,,,,,,,,98.0,75.1,100.0,98.0
2026-01-04,63.9,50.9,99.7,,,,,,,,,,98.4,78.6,100.0,98.4
2026-01-05,,,,,,,,,,,,,99.0,83.1,100.0,99.0
2026-01-06,76.2,65.7,99.6,,,,,,,,,,98.9,83.7,100.0,98.9
2026-01-07,,,,,,,,,,,,,99.4,87.4,100.0,99.4
2026-01-08,,,,,,,,,,,,,99.6,89.3,100.0,99.6
2026-01-09,,,,,,,,,,,,,100.0,92.7,100.0,100.0
2026-01-10,74.6,63.9,99.7,,,,,,,,,,100.0,94.0,100.0,100.0
2026-01-11,,,,,,,,,,,,,100.0,94.8,100.0,100.0
2026-01-12,88.3,81.3,99.5,,,,,,,99.9,92.9,100.0,100.0,96.1,100.0,100.0
2026-01-13,,,,98.6,95.4,99.5,,,,,,,100.0,96.9,100.0,100.0
2026-01-14,,,,,,,,,,,,,100.0,97.2,100.0,100.0
2026-01-15,,,,97.6,94.4,100.0,,,,,,,100.0,97.7,100.0,100.0
2026-01-16,82.0,76.6,99.7,,,,,,,,,,100.0,98.2,100.0,100.0
2026-01-17,,,,,,,,,,,,,100.0,98.1,100.0,100.0
2026-01-18,100.0,92.8,99.4,99.2,95.6,100.0,,,,99.9,93.8,100.0,100.0,99.0,100.0,100.0
2026-01-19,,,,,,,,,,,,,100.0,98.8,100.0,100.0
2026-01-20,,,,99.7,98.3,100.0,,,,,,,100.0,99.1,100.0,100.0
2026-01-21,,,,,,,,,,,,,100.0,99.0,100.0,100.0
2026-01-22,100.0,93.8,99.7,,,,,,,,,,100.0,99.2,100.0,100.0
2026-01-23,,,,99.9,97.7,100.0,,,,,,,100.0,99.1,100.0,100.0
2026-01-24,100.0,96.3,99.5,,,,100.0,99.9,100.0,,,,100.0,99.4,100.0,100.0
2026-01-25,,,,,,,,,,,,,100.0,99.1,100.0,100.0
2026-01-26,,,,,,,,,,,,,100.0,99.3,100.0,100.0
2026-01-27,,,,,,,,,,,,,100.0,99.1,100.0,100.0
2026-01-28,99.9,91.9,99.7,,,,,,,,,,100.0,99.3,100.0,100.0
2026-01-29,,,,,,,,,,,,,100.0,99.5,100.0,100.0
2026-01-30,100.0,92.9,99.4,,,,,,,,,,100.0,99.6,100.0,100.0
2026-01-31,,,,,,,,,,99.9,88.7,99.9,100.0,99.5,100.0,100.0
2026-02-01,,,,,,,100.0,100.0,100.0,,,,100.0,99.7,100.0,100.0
2026-02-02,,,,100.0,99.8,100.0,100.0,100.0,100.0,,,,100.0,99.7,100.0,100.0
2026-02-03,100.0,91.3,99.7,,,,,,,99.9,89.8,100.0,100.0,99.7,100.0,100.0
2026-02-04,,,,,,,,,,,,,100.0,99.4,100.0,100.0
2026-02-05,99.8,86.1,99.5,,,,,,,,,,100.0,99.6,100.0,100.0
2026-02-06,,,,,,,,,,,,,100.0,99.3,100.0,100.0
2026-02-07,,,,99.2,94.7,100.0,,,,,,,100.0,99.4,100.0,100.0
2026-02-08,,,,,,,,,,100.0,87.1,100.0,100.0,98.7,100.0,100.0
2026-02-09,95.3,70.4,99.7,96.7,91.4,66.2,100.0,99.8,100.0,,,,100.0,99.1,100.0,100.0
2026-02-10,,,,,,,,,,,,,100.0,98.0,100.0,100.0
2026-02-11,90.0,64.7,99.4,,,,,,,,,,100.0,98.1,100.0,100.0
2026-02-12,,,,,,,,,,,,,100.0,96.2,100.0,100.0
2026-02-13,,,,,,,,,,,,,100.0,95.6,100.0,100.0
2026-02-14,,,,,,,,,,,,,100.0,92.8,100.0,100.0
2026-02-15,83.3,60.0,99.7,,,,,,,,,,100.0,92.3,100.0,100.0
2026-02-16,,,,,,,,,,,,,100.0,88.1,100.0,100.0
2026-02-17,42.6,39.8,99.5,,,,,,,,,,99.7,83.7,100.0,99.7
2026-02-18,,,,,,,,,,,,,95.6,76.0,100.0,95.6
2026-02-19,,,,,,,,,,,,,89.9,72.0,100.0,89.9
2026-02-20,,,,,,,,,,,,,92.1,71.9,100.0,92.1
2026-02-21,14.5,18.7,99.7,,,,,,,,,,82.6,68.4,100.0,82.6
2026-02-22,,,,,,,,,,,,,89.3,69.2,100.0,89.3
2026-02-23,6.1,9.7,99.5,,,,,,,99.9,85.3,97.1,79.0,66.3,100.0,79.0
2026-02-24,,,,,,,,,,,,,78.4,65.8,100.0,78.4
2026-02-25,,,,,,,100.0,90.8,67.1,,,,66.5,61.5,100.0,66.5
2026-02-26,,,,,,,84.2,70.0,95.8,96.3,70.7,97.5,59.4,59.4,100.0,59.4
2026-02-27,2.5,6.9,99.7,,,,,,,,,,19.4,46.5,100.0,19.4
2026-02-28,,,,,,,,,,,,,13.7,45.0,100.0,13.7
2026-03-01,3.9,8.6,99.5,56.8,53.7,84.2,,,,,,,13.3,42.3,100.0,13.3
2026-03-02,,,,,,,,,,,,,5.1,36.6,100.0,5.1
2026-03-03,,,,,,,,,,,,,3.7,29.4,100.0,3.7
2026-03-04,,,,3.0,19.6,100.0,,,,64.6,56.2,99.7,2.2,27.6,100.0,2.2
2026-03-05,1.0,5.0,99.7,,,,5.2,8.7,72.5,,,,2.7,24.0,100.0,2.7
2026-03-06,,,,0.0,6.5,88.2,,,,,,,1.0,20.0,100.0,1.0
2026-03-07,4.2,9.1,99.4,,,,,,,,,,0.4,14.0,100.0,0.4
2026-03-08,,,,,,,,,,,,,0.1,12.1,100.0,0.1
2026-03-09,,,,,,,,,,,,,0.1,10.2,100.0,0.1
2026-03-10,,,,,,,,,,19.4,34.1,99.6,0.0,8.9,100.0,0.0
2026-03-11,3.7,9.4,99.7,,,,,,,,,,0.0,7.8,100.0,0.0
2026-03-12,,,,,,,,,,,,,0.0,7.7,100.0,0.0
2026-03-13,5.9,9.2,99.4,0.0,2.3,99.1,0.1,1.5,100.0,,,,0.0,6.5,100.0,0.0
2026-03-14,,,,,,,,,,,,,0.0,6.5,100.0,0.0
2026-03-15,,,,,,,,,,,,,0.0,5.6,100.0,0.0
2026-03-16,,,,,,,,,,,,,0.0,5.7,100.0,0.0
2026-03-17,1.8,5.8,99.7,,,,,,,,,,0.0,4.8,100.0,0.0
2026-03-18,,,,,,,,,,,,,0.0,4.8,100.0,0.0
2026-03-19,6.1,8.4,99.5,,,,,,,,,,0.0,3.8,100.0,0.0
2026-03-20,,,,,,,,,,5.6,19.8,100.0,0.0,3.8,100.0,0.0
2026-03-21,,,,,,,,,,3.2,17.4,99.4,0.0,3.5,100.0,0.0
2026-03-22,,,,,,,0.0,0.7,100.0,,,,0.0,4.0,100.0,0.0
2026-03-23,6.3,8.7,99.7,,,,,,,,,,0.0,3.6,100.0,0.0
2026-03-24,,,,,,,,,,2.8,16.8,54.8,0.0,3.7,100.0,0.0
2026-03-25,9.7,10.3,99.3,,,,,,,,,,0.0,3.9,100.0,0.0
2026-03-26,,,,,,,,,,,,,0.0,5.3,100.0,0.0
2026-03-27,,,,,,,,,,,,,0.0,5.0,100.0,0.0
2026-03-28,,,,,,,,,,,,,0.0,5.5,100.0,0.0
2026-03-29,3.2,5.8,99.7,,,,,,,0.7,13.6,43.2,0.0,6.0,100.0,0.0
2026-03-30,,,,,,,,,,,,,0.0,7.6,100.0,0.0
2026-03-31,3.8,6.4,99.5,,,,,,,,,,0.0,6.0,100.0,0.0
2026-04-01,,,,,,,,,,,,,0.0,5.7,100.0,0.0
2026-04-02,,,,,,,,,,,,,0.0,4.9,100.0,0.0
2026-04-03,,,,0.1,5.1,100.0,,,,,,,0.0,4.6,100.0,0.0
2026-04-04,1.0,4.8,99.7,,,,,,,0.0,2.7,96.4,0.0,2.2,100.0,0.0
2026-04-05,,,,0.2,4.9,100.0,,,,0.0,2.3,100.0,0.0,2.4,100.0,0.0
2026-04-06,2.7,5.8,99.4,,,,,,,0.0,0.7,100.0,0.0,2.0,100.0,0.0
2026-04-07,,,,,,,0.0,0.1,100.0,0.0,0.5,100.0,0.0,2.2,100.0,0.0
2026-04-08,,,,0.0,2.5,100.0,,,,0.0,0.2,100.0,0.0,1.2,100.0,0.0
2026-04-09,,,,,,,,,,,,,0.0,1.4,100.0,0.0
2026-04-10,0.3,3.7,99.7,,,,,,,,,,0.0,1.3,100.0,0.0
2026-04-11,,,,,,,,,,,,,0.0,2.0,100.0,0.0
2026-04-12,0.8,4.6,99.5,,,,,,,,,,0.0,1.3,100.0,0.0
2026-04-13,,,,,,,,,,,,,0.0,2.0,100.0,0.0
2026-04-14,,,,,,,,,,0.0,0.2,100.0,0.0,2.0,100.0,0.0
2026-04-15,,,,,,,,,,,,,0.0,3.4,100.0,0.0
2026-04-16,0.3,4.0,99.9,,,,,,,0.0,0.1,99.1,0.0,2.0,100.0,0.0
2026-04-17,,,,,,,,,,0.0,0.1,100.0,0.0,2.6,100.0,0.0
2026-04-18,0.6,4.3,99.7,0.0,1.0,100.0,,,,,,,0.0,2.3,100.0,0.0
2026-04-19,,,,,,,,,,,,,0.0,2.0,100.0,0.0
2026-04-20,,,,0.0,0.8,91.1,,,,0.0,0.0,99.9,0.0,1.4,100.0,0.0
2026-04-21,,,,,,,,,,,,,0.0,1.8,100.0,0.0
2026-04-22,0.8,4.2,99.9,0.0,0.9,100.0,0.0,0.1,100.0,,,,0.0,1.4,100.0,0.0
2026-04-23,,,,0.0,0.8,100.0,0.0,0.1,100.0,,,,0.0,1.2,100.0,0.0
2026-04-24,2.0,6.5,99.6,,,,,,,0.0,0.0,100.0,0.0,0.9,100.0,0.0
2026-04-25,0.6,3.7,99.6,0.0,1.0,100.0,,,,0.0,0.0,100.0,0.0,1.2,100.0,0.0
2026-04-26,,,,,,,,,,0.0,0.0,100.0,0.0,0.9,100.0,0.0
2026-04-27,,,,,,,,,,0.0,0.0,100.0,0.0,0.8,100.0,0.0
2026-04-28,1.2,4.9,99.9,0.0,1.7,42.2,,,,,,,0.0,0.8,100.0,0.0
2026-04-29,0.8,4.0,99.9,,,,,,,,,,0.0,0.8,100.0,0.0
2026-04-30,2.1,6.4,99.6,0.0,0.5,100.0,0.0,0.1,100.0,0.0,0.0,100.0,0.0,0.6,100.0,0.0
2026-05-01,,,,,,,0.0,0.1,99.9,,,,0.0,0.6,100.0,0.0
2026-05-02,,,,0.0,0.5,100.0,,,,,,,0.0,0.5,100.0,0.0
2026-05-03,,,,,,,,,,,,,0.0,0.6,100.0,0.0
2026-05-04,1.9,5.7,99.9,,,,,,,,,,0.0,0.5,100.0,0.0
2026-05-05,,,,,,,,,,,,,0.0,0.6,100.0,0.0
2026-05-06,0.6,2.7,99.6,,,,,,,,,,0.0,0.5,100.0,0.0
2026-05-07,0.7,2.9,99.6,,,,,,,0.0,0.0,99.4,0.0,0.4,100.0,0.0
2026-05-08,,,,0.0,0.4,85.6,0.0,0.0,98.2,,,,0.0,0.5,100.0,0.0
2026-05-09,,,,,,,0.0,0.0,89.2,,,,0.0,0.4,100.0,0.0
2026-05-10,,,,,,,,,,,,,0.0,0.4,100.0,0.0
2026-05-11,0.6,2.6,99.9,,,,,,,,,,0.0,0.5,100.0,0.0
2026-05-12,0.9,3.3,99.6,0.0,1.0,58.5,,,,,,,0.0,0.8,100.0,0.0
2026-05-13,,,,,,,,,,,,,0.0,0.7,100.0,0.0
2026-05-14,,,,,,,,,,,,,0.0,0.5,100.0,0.0
2026-05-15,,,,,,,,,,,,,0.0,0.3,100.0,0.0
2026-05-16,0.5,2.1,99.9,,,,0.0,0.0,81.4,,,,0.0,0.7,100.0,0.0
2026-05-17,,,,,,,,,,,,,0.0,0.6,100.0,0.0
2026-05-18,0.5,2.2,99.6,,,,,,,,,,0.0,0.4,100.0,0.0
2026-05-19,0.8,3.1,99.6,,,,,,,,,,0.0,0.2,100.0,0.0
2026-05-20,,,,,,,,,,,,,0.0,0.4,100.0,0.0
2026-05-21,,,,,,,,,,,,,0.0,0.2,100.0,0.0
2026-05-22,1.4,4.1,99.9,0.0,0.4,100.0,,,,0.0,0.0,100.0,0.0,0.1,100.0,0.0
2026-05-23,1.8,5.6,99.9,0.0,0.4,100.0,,,,0.0,0.0,100.0,0.0,0.1,100.0,0.0
2026-05-24,,,,,,,0.0,0.0,100.0,,,,0.0,0.2,100.0,0.0
2026-05-25,,,,0.0,0.5,100.0,0.0,0.0,100.0,,,,0.0,0.2,100.0,0.0
2026-05-26,,,,,,,,,,0.0,0.0,100.0,0.0,0.1,100.0,0.0
2026-05-27,,,,,,,,,,0.0,0.0,100.0,0.0,0.1,100.0,0.0
2026-05-28,2.1,5.6,99.9,0.0,0.4,100.0,,,,,,,0.0,0.7,100.0,0.0
2026-05-29,,,,,,,,,,,,,0.0,1.0,100.0,0.0
2026-05-30,2.9,7.2,99.5,0.0,0.3,100.0,,,,,,,0.0,0.7,100.0,0.0
2026-05-31,2.6,6.4,99.1,,,,,,,,,,0.0,1.9,100.0,0.0
2026-06-01,,,,0.0,0.5,77.4,,,,,,,,,,
2026-06-02,,,,,,,,,,,,,,,,
2026-06-03,3.8,8.6,99.9,,,,,,,,,,,,,
2026-06-04,3.7,8.1,99.9,,,,,,,,,,,,,
2026-06-05,,,,,,,,,,,,,,,,
2026-06-06,,,,,,,,,,0.0,0.0,90.7,,,,
2026-06-07,,,,0.0,0.7,46.1,,,,0.0,0.0,74.1,,,,
2026-06-08,,,,,,,,,,,,,,,,
2026-06-09,3.1,7.1,99.9,,,,,,,,,,,,,
2026-06-10,,,,,,,,,,,,,,,,
2026-06-11,,,,0.0,0.8,92.0,,,,,,,,,,
2026-06-12,6.7,11.6,99.6,,,,,,,,,,,,,
2026-06-13,,,,,,,,,,,,,,,,
2026-06-14,,,,0.0,0.7,97.2,,,,,,,,,,
2026-06-15,,,,,,,,,,0.0,0.0,100.0,,,,
2026-06-16,3.9,8.9,99.9,,,,,,,0.0,0.0,100.0,,,,
2026-06-17,3.6,8.3,99.5,,,,,,,0.0,0.0,90.2,,,,
2026-06-18,,,,,,,0.0,0.0,100.0,0.0,0.0,100.0,,,,
2026-06-19,,,,0.0,0.7,100.0,,,,0.0,0.0,100.0,,,,
2026-06-20,,,,,,,,,,,,,,,,
2026-06-21,2.0,6.3,99.9,0.0,0.7,100.0,,,,,,,,,,
2026-06-22,,,,0.0,0.8,100.0,,,,0.0,0.1,100.0,,,,
2026-06-23,,,,,,,,,,,,,,,,
2026-06-24,2.4,9.8,99.5,0.0,0.9,100.0,,,,,,,,,,
2026-06-25,,,,,,,0.0,0.0,99.9,,,,,,,
2026-06-26,,,,,,,0.0,0.0,100.0,,,,,,,
2026-06-27,,,,0.0,1.9,100.0,,,,0.0,0.1,100.0,,,,
2026-06-28,1.8,9.9,99.9,,,,,,,,,,,,,
2026-06-29,1.5,12.1,99.5,,,,,,,,,,,,,
2026-06-30,1.9,16.4,99.6,,,,,,,,,,,,,
2026-07-01,,,,,,,,,,,,,,,,
2026-07-02,,,,,,,,,,,,,,,,
2026-07-03,,,,,,,,,,,,,,,,
2026-07-04,,,,,,,,,,,,,,,,
2026-07-05,,,,,,,,,,,,,,,,
2026-07-06,,,,,,,,,,,,,,,,
2026-07-07,,,,,,,,,,,,,,,,
2026-07-08,,,,,,,,,,,,,,,,
2026-07-09,,,,,,,,,,0.0,1.0,100.0,,,,
2026-07-10,,,,,,,,,,,,,,,,
2026-07-11,,,,,,,,,,0.0,3.7,100.0,,,,
