date,s1_ice_cover,s1_ice_probability,s1_data_coverage,s2_ice_cover,s2_ice_probability,s2_data_coverage,landsat_ice_cover,landsat_ice_probability,landsat_data_coverage,ecostress_ice_cover,ecostress_ice_probability,ecostress_data_coverage,stage2_ice_cover,stage2_ice_probability,stage2_data_coverage,stage2_phenology_cover
2015-06-27,71.6,48.1,97.6,,,,,,,,,,0.0,3.4,100.0,0.0
2015-06-28,,,,,,,,,,,,,0.0,2.0,100.0,0.0
2015-06-29,,,,,,,0.0,0.0,85.2,,,,0.0,1.3,100.0,0.0
2015-06-30,,,,,,,,,,,,,0.0,0.8,100.0,0.0
2015-07-01,,,,,,,,,,,,,0.0,0.3,100.0,0.0
2015-07-02,,,,,,,,,,,,,0.0,0.3,100.0,0.0
2015-07-03,,,,,,,,,,,,,0.0,0.2,100.0,0.0
2015-07-04,26.6,38.6,91.0,,,,,,,,,,0.0,0.2,100.0,0.0
2015-07-05,,,,,,,,,,,,,0.0,0.2,100.0,0.0
2015-07-06,,,,,,,0.0,0.0,73.4,,,,0.0,0.2,100.0,0.0
2015-07-07,,,,,,,,,,,,,0.0,0.2,100.0,0.0
2015-07-08,,,,,,,,,,,,,0.0,0.3,100.0,0.0
2015-07-09,,,,,,,,,,,,,0.0,0.3,100.0,0.0
2015-07-10,,,,,,,,,,,,,0.0,0.4,100.0,0.0
2015-07-11,,,,,,,,,,,,,0.0,0.4,100.0,0.0
2015-07-12,,,,,,,,,,,,,0.0,0.4,100.0,0.0
2015-07-13,,,,,,,,,,,,,0.0,0.3,100.0,0.0
2015-07-14,,,,,,,,,,,,,0.0,0.4,100.0,0.0
2015-07-15,,,,,,,0.0,0.0,64.8,,,,0.0,0.4,100.0,0.0
2015-07-16,72.7,49.4,90.0,,,,,,,,,,0.0,0.4,100.0,0.0
2015-07-17,,,,,,,,,,,,,0.0,0.4,100.0,0.0
2015-07-18,,,,,,,,,,,,,0.0,0.5,100.0,0.0
2015-07-19,,,,,,,,,,,,,0.0,0.5,100.0,0.0
2015-07-20,14.1,31.0,96.5,,,,,,,,,,0.0,0.4,100.0,0.0
2015-07-21,,,,,,,,,,,,,0.0,0.4,100.0,0.0
2015-07-22,,,,,,,0.0,0.0,46.6,,,,0.0,0.6,100.0,0.0
2015-07-23,,,,,,,,,,,,,0.0,0.5,100.0,0.0
2015-07-24,,,,,,,,,,,,,0.0,0.5,100.0,0.0
2015-07-25,,,,,,,,,,,,,0.0,0.6,100.0,0.0
2015-07-26,,,,,,,,,,,,,0.0,0.7,100.0,0.0
2015-07-27,,,,,,,,,,,,,0.0,0.8,100.0,0.0
2015-07-28,9.2,26.9,90.9,,,,,,,,,,0.0,0.6,100.0,0.0
2015-07-29,,,,,,,,,,,,,0.0,0.8,100.0,0.0
2015-07-30,,,,,,,,,,,,,0.0,0.7,100.0,0.0
2015-07-31,,,,,,,0.0,0.0,61.6,,,,0.0,0.6,100.0,0.0
2015-08-01,,,,,,,,,,,,,0.0,0.4,100.0,0.0
2015-08-02,,,,,,,,,,,,,0.0,0.4,100.0,0.0
2015-08-03,,,,,,,,,,,,,0.0,0.3,100.0,0.0
2015-08-04,,,,,,,,,,,,,0.0,0.3,100.0,0.0
2015-08-05,,,,,,,,,,,,,0.0,0.2,100.0,0.0
2015-08-06,15.3,27.7,89.7,0.0,0.7,99.9,,,,,,,0.0,0.2,100.0,0.0
2015-08-07,,,,,,,0.0,0.0,67.3,,,,0.0,0.2,100.0,0.0
2015-08-08,,,,,,,,,,,,,0.0,0.2,100.0,0.0
2015-08-09,,,,,,,,,,,,,0.0,0.1,100.0,0.0
2015-08-10,,,,,,,,,,,,,0.0,0.1,100.0,0.0
2015-08-11,,,,,,,,,,,,,0.0,0.1,100.0,0.0
2015-08-12,,,,,,,,,,,,,0.0,0.2,100.0,0.0
2015-08-13,,,,,,,,,,,,,0.0,0.2,100.0,0.0
2015-08-14,,,,,,,,,,,,,0.0,0.3,100.0,0.0
2015-08-15,,,,,,,,,,,,,0.0,0.4,100.0,0.0
2015-08-16,,,,,,,,,,,,,0.0,0.6,100.0,0.0
2015-08-17,,,,,,,,,,,,,0.0,0.5,100.0,0.0
2015-08-18,12.6,21.9,90.7,,,,,,,,,,0.0,0.8,100.0,0.0
2015-08-19,,,,,,,,,,,,,0.0,0.9,100.0,0.0
2015-08-20,,,,,,,,,,,,,0.0,1.2,100.0,0.0
2015-08-21,,,,,,,,,,,,,0.0,0.9,100.0,0.0
2015-08-22,,,,,,,,,,,,,0.0,1.0,100.0,0.0
2015-08-23,,,,,,,,,,,,,0.0,1.4,100.0,0.0
2015-08-24,,,,,,,,,,,,,0.0,1.4,100.0,0.0
2015-08-25,,,,,,,,,,,,,0.0,0.7,100.0,0.0
2015-08-26,,,,0.0,0.0,100.0,,,,,,,0.0,0.6,100.0,0.0
2015-08-27,,,,,,,,,,,,,0.0,0.6,100.0,0.0
2015-08-28,,,,,,,,,,,,,0.0,0.5,100.0,0.0
2015-08-29,,,,,,,,,,,,,0.0,0.4,100.0,0.0
2015-08-30,0.2,14.5,67.7,,,,,,,,,,0.0,0.3,100.0,0.0
2015-08-31,,,,,,,,,,,,,0.0,0.3,100.0,0.0
2015-09-01,,,,,,,,,,,,,0.0,0.3,100.0,0.0
2015-09-02,,,,,,,,,,,,,0.0,0.3,100.0,0.0
2015-09-03,,,,,,,,,,,,,0.0,0.4,100.0,0.0
2015-09-04,,,,,,,,,,,,,0.0,0.5,100.0,0.0
2015-09-05,,,,,,,,,,,,,0.0,0.6,100.0,0.0
2015-09-06,,,,,,,,,,,,,0.0,0.7,100.0,0.0
2015-09-07,,,,,,,,,,,,,0.0,0.8,100.0,0.0
2015-09-08,,,,,,,0.0,0.0,54.9,,,,0.0,0.8,100.0,0.0
2015-09-09,,,,,,,,,,,,,0.0,0.8,100.0,0.0
2015-09-10,,,,,,,,,,,,,0.0,0.8,100.0,0.0
2015-09-11,0.3,11.7,68.4,,,,,,,,,,0.0,1.0,100.0,0.0
2015-09-12,,,,,,,,,,,,,0.0,0.9,100.0,0.0
2015-09-13,,,,,,,,,,,,,0.0,0.9,100.0,0.0
2015-09-14,,,,,,,,,,,,,0.0,0.8,100.0,0.0
2015-09-15,,,,,,,,,,,,,0.0,1.0,100.0,0.0
2015-09-16,,,,,,,,,,,,,0.0,0.8,100.0,0.0
2015-09-17,,,,,,,,,,,,,0.0,1.0,100.0,0.0
2015-09-18,,,,,,,,,,,,,0.0,0.8,100.0,0.0
2015-09-19,,,,,,,,,,,,,0.0,0.9,100.0,0.0
2015-09-20,,,,,,,,,,,,,0.0,0.7,100.0,0.0
2015-09-21,,,,,,,,,,,,,0.0,0.8,100.0,0.0
2015-09-22,,,,,,,,,,,,,0.0,0.7,100.0,0.0
2015-09-23,0.3,16.0,69.8,,,,,,,,,,0.0,0.9,100.0,0.0
2015-09-24,,,,,,,,,,,,,0.0,0.8,100.0,0.0
2015-09-25,,,,0.0,0.3,51.5,,,,,,,0.0,0.8,100.0,0.0
2015-09-26,,,,,,,,,,,,,0.0,0.5,100.0,0.0
2015-09-27,,,,,,,,,,,,,0.0,0.6,100.0,0.0
2015-09-28,,,,,,,,,,,,,0.0,0.5,100.0,0.0
2015-09-29,,,,,,,,,,,,,0.0,0.5,100.0,0.0
2015-09-30,,,,,,,,,,,,,0.0,0.3,100.0,0.0
2015-10-01,,,,,,,,,,,,,0.0,0.3,100.0,0.0
2015-10-02,,,,,,,,,,,,,0.0,0.2,100.0,0.0
2015-10-03,,,,,,,0.0,0.0,77.0,,,,0.0,0.3,100.0,0.0
2015-10-04,,,,,,,,,,,,,0.0,0.2,100.0,0.0
2015-10-05,1.3,18.8,68.2,,,,,,,,,,0.0,0.2,100.0,0.0
2015-10-06,,,,,,,,,,,,,0.0,0.1,100.0,0.0
2015-10-07,,,,,,,,,,,,,0.0,0.1,100.0,0.0
2015-10-08,,,,,,,,,,,,,0.0,0.1,100.0,0.0
2015-10-09,,,,,,,,,,,,,0.0,0.1,100.0,0.0
2015-10-10,,,,,,,0.0,0.0,94.4,,,,0.0,0.1,100.0,0.0
2015-10-11,,,,,,,,,,,,,0.0,0.1,100.0,0.0
2015-10-12,,,,,,,,,,,,,0.0,0.1,100.0,0.0
2015-10-13,,,,,,,,,,,,,0.0,0.2,100.0,0.0
2015-10-14,,,,,,,,,,,,,0.0,0.2,100.0,0.0
2015-10-15,,,,,,,,,,,,,0.0,0.3,100.0,0.0
2015-10-16,,,,,,,,,,,,,0.0,0.3,100.0,0.0
2015-10-17,3.1,23.7,68.4,,,,,,,,,,0.0,0.4,100.0,0.0
2015-10-18,,,,,,,,,,,,,0.0,0.7,100.0,0.0
2015-10-19,,,,,,,,,,,,,0.0,0.9,100.0,0.0
2015-10-20,2.7,20.9,72.2,,,,,,,,,,0.0,1.0,100.0,0.0
2015-10-21,,,,,,,,,,,,,0.0,0.9,100.0,0.0
2015-10-22,,,,,,,,,,,,,0.0,1.2,100.0,0.0
2015-10-23,,,,,,,,,,,,,0.0,1.2,100.0,0.0
2015-10-24,5.1,21.8,74.1,,,,,,,,,,0.0,1.2,100.0,0.0
2015-10-25,9.4,23.8,74.0,,,,,,,,,,0.0,1.1,100.0,0.0
2015-10-26,,,,,,,,,,,,,0.0,1.4,100.0,0.0
2015-10-27,,,,,,,,,,,,,0.0,1.5,100.0,0.0
2015-10-28,,,,,,,,,,,,,0.0,1.2,100.0,0.0
2015-10-29,12.7,27.8,68.9,,,,,,,,,,0.0,1.0,100.0,0.0
2015-10-30,,,,,,,,,,,,,0.0,1.0,100.0,0.0
2015-10-31,,,,,,,,,,,,,0.0,0.9,100.0,0.0
2015-11-01,30.9,35.1,71.7,,,,,,,,,,0.0,0.8,100.0,0.0
2015-11-02,,,,,,,,,,,,,0.0,0.8,100.0,0.0
2015-11-03,,,,,,,,,,,,,0.0,0.7,100.0,0.0
2015-11-04,,,,,,,0.0,0.0,37.6,,,,0.0,0.8,100.0,0.0
2015-11-05,70.8,48.1,73.5,,,,,,,,,,0.0,0.6,100.0,0.0
2015-11-06,59.8,45.6,73.9,,,,,,,,,,0.0,0.7,100.0,0.0
2015-11-07,,,,,,,,,,,,,0.0,0.5,100.0,0.0
2015-11-08,,,,,,,,,,,,,0.0,0.6,100.0,0.0
2015-11-09,,,,,,,,,,,,,0.0,0.5,100.0,0.0
2015-11-10,88.7,54.9,67.8,,,,,,,,,,0.0,0.6,100.0,0.0
2015-11-11,,,,,,,0.0,0.0,88.9,,,,0.0,0.5,100.0,0.0
2015-11-12,,,,,,,,,,,,,0.0,0.7,100.0,0.0
2015-11-13,,,,,,,,,,,,,0.0,0.6,100.0,0.0
2015-11-14,,,,,,,,,,,,,0.0,1.0,100.0,0.0
2015-11-15,,,,,,,,,,,,,0.0,1.2,100.0,0.0
2015-11-16,,,,,,,,,,,,,0.0,1.6,100.0,0.0
2015-11-17,69.0,49.3,73.5,,,,,,,,,,0.0,1.8,100.0,0.0
2015-11-18,81.1,55.8,74.1,,,,,,,,,,0.0,2.6,100.0,0.0
2015-11-19,,,,,,,,,,,,,0.0,3.3,100.0,0.0
2015-11-20,,,,,,,,,,,,,0.0,4.1,100.0,0.0
2015-11-21,,,,,,,,,,,,,0.0,4.3,100.0,0.0
2015-11-22,56.9,45.8,70.1,,,,,,,,,,0.0,5.8,100.0,0.0
2015-11-23,,,,,,,,,,,,,0.0,6.0,100.0,0.0
2015-11-24,,,,0.0,1.1,99.7,,,,,,,0.0,5.3,100.0,0.0
2015-11-25,64.1,47.0,72.6,,,,,,,,,,0.0,5.7,100.0,0.0
2015-11-26,,,,,,,,,,,,,0.0,5.7,100.0,0.0
2015-11-27,,,,,,,0.0,0.4,100.0,,,,0.0,5.9,100.0,0.0
2015-11-28,,,,,,,,,,,,,0.0,5.5,100.0,0.0
2015-11-29,57.8,44.8,74.2,,,,,,,,,,0.0,5.5,100.0,0.0
2015-11-30,17.8,29.7,74.0,,,,,,,,,,0.0,5.1,100.0,0.0
2015-12-01,,,,,,,,,,,,,0.0,6.1,100.0,0.0
2015-12-02,,,,,,,,,,,,,0.0,5.5,100.0,0.0
2015-12-03,,,,,,,,,,,,,0.0,4.7,100.0,0.0
2015-12-04,12.7,24.6,68.4,13.3,19.2,100.0,,,,,,,0.0,5.0,100.0,0.0
2015-12-05,,,,,,,,,,,,,0.0,4.6,100.0,0.0
2015-12-06,,,,,,,0.0,0.4,91.8,,,,0.0,4.7,100.0,0.0
2015-12-07,7.7,17.3,72.5,,,,,,,,,,0.0,4.3,100.0,0.0
2015-12-08,,,,,,,,,,,,,0.0,4.2,100.0,0.0
2015-12-09,,,,,,,,,,,,,0.0,4.2,100.0,0.0
2015-12-10,,,,,,,,,,,,,0.0,4.7,100.0,0.0
2015-12-11,,,,,,,,,,,,,0.0,4.1,100.0,0.0
2015-12-12,6.0,13.4,74.2,,,,,,,,,,0.0,4.5,100.0,0.0
2015-12-13,,,,,,,0.1,0.5,87.8,,,,0.0,4.1,100.0,0.0
2015-12-14,,,,,,,,,,,,,0.0,4.4,100.0,0.0
2015-12-15,,,,,,,,,,,,,0.0,4.4,100.0,0.0
2015-12-16,3.3,10.7,68.9,,,,,,,,,,0.0,4.3,100.0,0.0
2015-12-17,,,,,,,,,,,,,0.0,4.6,100.0,0.0
2015-12-18,,,,,,,,,,,,,0.0,4.5,100.0,0.0
2015-12-19,3.0,9.1,72.3,,,,,,,,,,0.0,3.8,100.0,0.0
2015-12-20,,,,,,,,,,,,,0.0,3.9,100.0,0.0
2015-12-21,,,,,,,,,,,,,0.0,4.2,100.0,0.0
2015-12-22,,,,,,,0.1,0.6,100.0,,,,0.0,4.7,100.0,0.0
2015-12-23,3.1,11.2,74.2,,,,,,,,,,0.0,4.6,100.0,0.0
2015-12-24,3.0,12.2,73.7,,,,,,,,,,0.0,5.5,100.0,0.0
2015-12-25,,,,,,,,,,,,,0.0,5.6,100.0,0.0
2015-12-26,,,,,,,,,,,,,0.0,6.7,100.0,0.0
2015-12-27,,,,,,,,,,,,,0.0,6.2,100.0,0.0
2015-12-28,14.5,17.4,88.5,,,,,,,,,,0.0,8.8,100.0,0.0
2015-12-29,,,,,,,0.1,1.0,85.1,,,,0.0,8.5,100.0,0.0
2015-12-30,,,,,,,,,,,,,0.0,10.6,100.0,0.0
2015-12-31,,,,,,,,,,,,,0.0,10.3,100.0,0.0
2016-01-01,,,,,,,,,,,,,0.2,7.9,100.0,0.2
2016-01-02,,,,,,,,,,,,,0.2,8.2,100.0,0.2
2016-01-03,,,,14.6,27.4,98.4,,,,,,,0.2,8.4,100.0,0.2
2016-01-04,1.2,9.0,98.8,,,,,,,,,,0.0,6.6,100.0,0.0
2016-01-05,,,,,,,,,,,,,0.0,7.1,100.0,0.0
2016-01-06,,,,,,,,,,,,,0.0,8.1,100.0,0.0
2016-01-07,,,,,,,,,,,,,0.0,7.8,100.0,0.0
2016-01-08,,,,,,,,,,,,,0.0,7.0,100.0,0.0
2016-01-09,0.6,5.3,91.4,,,,,,,,,,0.0,6.8,100.0,0.0
2016-01-10,,,,,,,,,,,,,0.0,8.1,100.0,0.0
2016-01-11,,,,,,,,,,,,,0.0,8.1,100.0,0.0
2016-01-12,1.8,10.6,97.4,,,,,,,,,,0.0,8.8,100.0,0.0
2016-01-13,,,,,,,,,,,,,0.0,9.5,100.0,0.0
2016-01-14,,,,,,,,,,,,,0.0,15.6,100.0,0.0
2016-01-15,,,,,,,,,,,,,0.0,17.3,100.0,0.0
2016-01-16,3.8,9.9,99.6,,,,,,,,,,0.0,24.5,100.0,0.0
2016-01-17,7.0,16.6,99.5,,,,,,,,,,0.0,28.9,100.0,0.0
2016-01-18,,,,,,,,,,,,,0.0,39.1,100.0,0.0
2016-01-19,,,,,,,,,,,,,0.0,45.2,100.0,0.0
2016-01-20,,,,,,,,,,,,,9.1,53.3,100.0,9.1
2016-01-21,6.9,19.0,91.7,,,,,,,,,,43.9,59.4,100.0,43.9
2016-01-22,,,,,,,,,,,,,99.6,65.7,100.0,99.6
2016-01-23,,,,,,,,,,,,,100.0,68.7,100.0,100.0
2016-01-24,42.1,41.3,97.1,,,,,,,,,,100.0,73.6,100.0,100.0
2016-01-25,,,,,,,,,,,,,100.0,74.2,100.0,100.0
2016-01-26,,,,,,,,,,,,,100.0,77.1,100.0,100.0
2016-01-27,,,,,,,,,,,,,100.0,78.6,100.0,100.0
2016-01-28,78.3,55.8,99.6,,,,,,,,,,100.0,82.0,100.0,100.0
2016-01-29,98.2,67.9,99.5,,,,,,,,,,100.0,83.0,100.0,100.0
2016-01-30,,,,,,,100.0,97.3,100.0,,,,100.0,85.4,100.0,100.0
2016-01-31,,,,,,,,,,,,,100.0,83.5,100.0,100.0
2016-02-01,,,,,,,,,,,,,100.0,86.0,100.0,100.0
2016-02-02,98.1,67.1,91.9,,,,,,,,,,100.0,86.0,100.0,100.0
2016-02-03,,,,,,,,,,,,,100.0,86.2,100.0,100.0
2016-02-04,,,,,,,,,,,,,100.0,86.3,100.0,100.0
2016-02-05,100.0,84.3,97.3,,,,,,,,,,100.0,89.4,100.0,100.0
2016-02-06,,,,,,,,,,,,,100.0,89.7,100.0,100.0
2016-02-07,,,,,,,,,,,,,100.0,90.6,100.0,100.0
2016-02-08,,,,,,,,,,,,,100.0,90.7,100.0,100.0
2016-02-09,100.0,83.5,99.5,,,,,,,,,,100.0,92.4,100.0,100.0
2016-02-10,100.0,88.2,99.4,,,,,,,,,,100.0,92.7,100.0,100.0
2016-02-11,,,,,,,,,,,,,100.0,92.4,100.0,100.0
2016-02-12,,,,99.8,98.6,100.0,,,,,,,100.0,93.7,100.0,100.0
2016-02-13,,,,,,,,,,,,,100.0,93.2,100.0,100.0
2016-02-14,100.0,89.2,91.3,,,,,,,,,,100.0,93.2,100.0,100.0
2016-02-15,,,,,,,,,,,,,100.0,93.0,100.0,100.0
2016-02-16,,,,,,,,,,,,,100.0,93.6,100.0,100.0
2016-02-17,100.0,92.4,97.1,,,,,,,,,,100.0,94.0,100.0,100.0
2016-02-18,,,,,,,,,,,,,100.0,94.8,100.0,100.0
2016-02-19,,,,,,,,,,,,,100.0,94.1,100.0,100.0
2016-02-20,,,,,,,,,,,,,100.0,94.5,100.0,100.0
2016-02-21,100.0,89.7,99.5,,,,,,,,,,100.0,95.5,100.0,100.0
2016-02-22,,,,,,,,,,,,,100.0,95.4,100.0,100.0
2016-02-23,,,,,,,,,,,,,100.0,94.4,100.0,100.0
2016-02-24,,,,,,,100.0,100.0,100.0,,,,100.0,96.3,100.0,100.0
2016-02-25,,,,,,,,,,,,,100.0,95.3,100.0,100.0
2016-02-26,100.0,85.8,91.4,,,,,,,,,,100.0,96.0,100.0,100.0
2016-02-27,,,,,,,,,,,,,100.0,94.7,100.0,100.0
2016-02-28,,,,,,,,,,,,,100.0,93.4,100.0,100.0
2016-02-29,100.0,85.5,97.3,,,,,,,,,,100.0,92.7,100.0,100.0
2016-03-01,,,,,,,,,,,,,100.0,91.7,100.0,100.0
2016-03-02,,,,,,,,,,,,,100.0,90.6,100.0,100.0
2016-03-03,,,,,,,,,,,,,100.0,88.7,100.0,100.0
2016-03-04,100.0,83.8,99.4,,,,,,,,,,100.0,87.6,100.0,100.0
2016-03-05,100.0,81.2,99.4,,,,,,,,,,100.0,88.9,100.0,100.0
2016-03-06,,,,,,,,,,,,,100.0,87.4,100.0,100.0
2016-03-07,,,,,,,,,,,,,100.0,89.4,100.0,100.0
2016-03-08,,,,,,,,,,,,,100.0,91.3,100.0,100.0
2016-03-09,99.9,75.5,91.5,,,,,,,,,,100.0,93.1,100.0,100.0
2016-03-10,,,,,,,,,,,,,100.0,92.7,100.0,100.0
2016-03-11,,,,,,,100.0,100.0,100.0,,,,100.0,94.8,100.0,100.0
2016-03-12,100.0,78.5,97.0,,,,,,,,,,100.0,94.2,100.0,100.0
2016-03-13,,,,,,,,,,,,,100.0,94.4,100.0,100.0
2016-03-14,,,,,,,,,,,,,100.0,94.2,100.0,100.0
2016-03-15,,,,,,,,,,,,,100.0,94.3,100.0,100.0
2016-03-16,100.0,79.3,99.3,,,,,,,,,,100.0,94.8,100.0,100.0
2016-03-17,99.6,76.9,99.2,,,,,,,,,,100.0,94.4,100.0,100.0
2016-03-18,,,,,,,100.0,99.9,100.0,,,,100.0,95.0,100.0,100.0
2016-03-19,,,,,,,,,,,,,100.0,94.1,100.0,100.0
2016-03-20,,,,,,,,,,,,,100.0,94.1,100.0,100.0
2016-03-21,,,,,,,,,,,,,100.0,93.4,100.0,100.0
2016-03-22,,,,,,,,,,,,,100.0,92.6,100.0,100.0
2016-03-23,,,,,,,,,,,,,100.0,92.0,100.0,100.0
2016-03-24,100.0,76.8,97.3,,,,,,,,,,100.0,93.4,100.0,100.0
2016-03-25,,,,,,,,,,,,,100.0,93.0,100.0,100.0
2016-03-26,,,,,,,,,,,,,100.0,93.2,100.0,100.0
2016-03-27,,,,,,,100.0,100.0,87.9,,,,100.0,94.1,100.0,100.0
2016-03-28,96.7,68.6,99.2,,,,,,,,,,100.0,94.0,100.0,100.0
2016-03-29,98.9,72.6,99.3,,,,,,,,,,100.0,94.9,100.0,100.0
2016-03-30,,,,,,,,,,,,,100.0,94.6,100.0,100.0
2016-03-31,,,,,,,,,,,,,100.0,94.8,100.0,100.0
2016-04-01,,,,,,,,,,,,,100.0,94.7,100.0,100.0
2016-04-02,93.3,67.5,94.2,,,,,,,,,,100.0,94.6,100.0,100.0
2016-04-03,,,,,,,100.0,99.9,94.8,,,,100.0,95.0,100.0,100.0
2016-04-04,,,,,,,,,,,,,99.7,94.2,100.0,99.7
2016-04-05,97.3,68.6,97.6,,,,,,,,,,99.7,94.5,100.0,99.7
2016-04-06,,,,,,,,,,,,,99.7,94.0,100.0,99.7
2016-04-07,,,,,,,,,,,,,100.0,93.5,100.0,100.0
2016-04-08,,,,,,,,,,,,,100.0,94.0,100.0,100.0
2016-04-09,70.5,48.6,99.4,,,,,,,,,,100.0,94.3,100.0,100.0
2016-04-10,46.2,41.4,99.5,,,,,,,,,,100.0,94.4,100.0,100.0
2016-04-11,,,,,,,,,,,,,100.0,94.1,100.0,100.0
2016-04-12,,,,99.6,96.6,88.0,100.0,99.1,72.5,,,,100.0,95.1,100.0,100.0
2016-04-13,,,,,,,,,,,,,100.0,93.5,100.0,100.0
2016-04-14,34.4,36.8,94.3,,,,,,,,,,100.0,93.4,100.0,100.0
2016-04-15,,,,,,,,,,,,,100.0,92.9,100.0,100.0
2016-04-16,,,,,,,,,,,,,100.0,93.3,100.0,100.0
2016-04-17,21.1,33.1,98.9,,,,,,,,,,100.0,93.3,100.0,100.0
2016-04-18,,,,,,,,,,,,,100.0,93.2,100.0,100.0
2016-04-19,,,,,,,100.0,98.3,100.0,,,,100.0,94.2,100.0,100.0
2016-04-20,,,,,,,,,,,,,100.0,93.0,100.0,100.0
2016-04-21,2.9,23.5,99.4,,,,,,,,,,100.0,92.6,100.0,100.0
2016-04-22,1.2,19.1,99.4,99.7,96.2,88.5,,,,,,,100.0,91.8,100.0,100.0
2016-04-23,,,,,,,,,,,,,100.0,89.1,100.0,100.0
2016-04-24,,,,,,,,,,,,,100.0,86.6,100.0,100.0
2016-04-25,,,,,,,,,,,,,100.0,86.4,100.0,100.0
2016-04-26,0.6,19.2,93.8,,,,,,,,,,100.0,85.5,100.0,100.0
2016-04-27,,,,,,,,,,,,,99.9,84.9,100.0,99.9
2016-04-28,,,,,,,,,,,,,99.6,83.7,100.0,99.6
2016-04-29,2.3,20.4,97.6,,,,,,,,,,99.5,84.7,100.0,99.5
2016-04-30,,,,,,,,,,,,,98.3,80.5,100.0,98.3
2016-05-01,,,,,,,,,,,,,97.2,80.0,100.0,97.2
2016-05-02,,,,,,,,,,,,,95.7,79.2,100.0,95.7
2016-05-03,0.6,13.2,99.6,,,,,,,,,,95.5,79.2,100.0,95.5
2016-05-04,0.6,12.0,99.5,,,,,,,,,,94.5,77.3,100.0,94.5
2016-05-05,,,,,,,100.0,97.8,85.3,,,,93.6,79.3,100.0,93.6
2016-05-06,,,,,,,,,,,,,94.9,79.2,100.0,94.9
2016-05-07,,,,,,,,,,,,,93.6,77.4,100.0,93.6
2016-05-08,1.8,18.2,94.0,,,,,,,,,,93.4,74.5,100.0,93.4
2016-05-09,,,,,,,,,,,,,88.3,70.4,100.0,88.3
2016-05-10,,,,,,,,,,,,,85.5,67.9,100.0,85.5
2016-05-11,28.3,34.4,96.7,,,,,,,,,,46.4,57.2,100.0,46.4
2016-05-12,,,,,,,,,,,,,38.2,56.1,100.0,38.2
2016-05-13,,,,,,,,,,,,,18.8,51.0,100.0,18.8
2016-05-14,,,,,,,,,,,,,35.8,54.8,100.0,35.8
2016-05-15,7.0,19.5,99.2,,,,,,,,,,28.9,48.9,100.0,28.9
2016-05-16,2.9,15.3,99.4,,,,,,,,,,65.0,59.3,100.0,65.0
2016-05-17,,,,,,,,,,,,,67.3,61.0,100.0,67.3
2016-05-18,,,,,,,,,,,,,71.6,65.1,100.0,71.6
2016-05-19,,,,,,,,,,,,,54.8,55.8,100.0,54.8
2016-05-20,2.3,13.3,97.0,,,,,,,,,,57.7,58.4,100.0,57.7
2016-05-21,,,,,,,87.3,78.2,62.2,,,,52.0,55.1,100.0,52.0
2016-05-22,,,,73.3,65.7,100.0,,,,,,,38.5,50.4,100.0,38.5
2016-05-23,4.9,21.1,97.3,,,,,,,,,,17.7,39.4,100.0,17.7
2016-05-24,,,,,,,,,,,,,7.0,33.6,100.0,7.0
2016-05-25,,,,,,,,,,,,,1.7,29.8,100.0,1.7
2016-05-26,,,,,,,,,,,,,0.0,18.3,100.0,0.0
2016-05-27,1.2,12.1,99.3,,,,,,,,,,0.0,12.9,100.0,0.0
2016-05-28,0.3,8.9,99.3,,,,,,,,,,0.0,10.1,100.0,0.0
2016-05-29,,,,,,,,,,,,,0.0,9.0,100.0,0.0
2016-05-30,,,,,,,,,,,,,0.0,5.8,100.0,0.0
2016-05-31,,,,,,,,,,,,,0.0,4.6,100.0,0.0
2016-06-01,0.0,7.7,92.2,,,,,,,,,,0.0,3.8,100.0,0.0
2016-06-02,,,,,,,,,,,,,0.0,4.5,100.0,0.0
2016-06-03,,,,,,,,,,,,,0.0,4.3,100.0,0.0
2016-06-04,0.0,8.6,96.6,,,,,,,,,,0.0,4.7,100.0,0.0
2016-06-05,,,,,,,,,,,,,0.0,4.6,100.0,0.0
2016-06-06,,,,,,,,,,,,,0.0,5.6,100.0,0.0
2016-06-07,,,,,,,,,,,,,0.0,4.9,100.0,0.0
2016-06-08,0.0,6.2,99.2,,,,,,,,,,0.0,5.3,100.0,0.0
2016-06-09,0.0,4.5,99.2,,,,,,,,,,0.0,5.7,100.0,0.0
2016-06-10,,,,,,,,,,,,,0.0,7.8,100.0,0.0
2016-06-11,,,,,,,,,,,,,0.0,8.4,100.0,0.0
2016-06-12,,,,,,,,,,,,,0.0,9.5,100.0,0.0
2016-06-13,,,,,,,,,,,,,0.0,10.8,100.0,0.0
2016-06-14,,,,,,,,,,,,,0.0,11.4,100.0,0.0
2016-06-15,,,,,,,,,,,,,0.0,10.4,100.0,0.0
2016-06-16,,,,,,,,,,,,,0.0,10.0,100.0,0.0
2016-06-17,,,,,,,,,,,,,0.0,8.3,100.0,0.0
2016-06-18,,,,,,,,,,,,,0.0,8.4,100.0,0.0
2016-06-19,,,,,,,,,,,,,0.0,7.8,100.0,0.0
2016-06-20,,,,,,,,,,,,,0.0,7.7,100.0,0.0
2016-06-21,,,,,,,,,,,,,0.0,5.8,100.0,0.0
2016-06-22,,,,,,,,,,,,,0.0,4.7,100.0,0.0
2016-06-23,,,,,,,,,,,,,0.0,4.5,100.0,0.0
2016-06-24,,,,,,,,,,,,,0.0,5.0,100.0,0.0
2016-06-25,,,,,,,,,,,,,0.0,3.8,100.0,0.0
2016-06-26,,,,,,,,,,,,,0.0,3.6,100.0,0.0
2016-06-27,,,,,,,,,,,,,0.0,3.7,100.0,0.0
2016-06-28,0.0,4.4,96.8,,,,,,,,,,0.0,4.2,100.0,0.0
2016-06-29,,,,,,,,,,,,,0.0,4.0,100.0,0.0
2016-06-30,,,,,,,,,,,,,0.0,3.7,100.0,0.0
2016-07-01,,,,0.0,0.5,75.6,,,,,,,0.0,3.8,100.0,0.0
2016-07-02,,,,,,,,,,,,,0.0,4.5,100.0,0.0
2016-07-03,,,,,,,,,,,,,0.0,3.0,100.0,0.0
2016-07-04,,,,,,,,,,,,,0.0,2.5,100.0,0.0
2016-07-05,,,,,,,,,,,,,0.0,2.3,100.0,0.0
2016-07-06,,,,,,,,,,,,,0.0,2.6,100.0,0.0
2016-07-07,0.0,3.2,92.1,,,,,,,,,,0.0,1.9,100.0,0.0
2016-07-08,,,,,,,,,,,,,0.0,1.6,100.0,0.0
2016-07-09,,,,,,,,,,,,,0.0,1.3,100.0,0.0
2016-07-10,,,,,,,,,,,,,0.0,1.1,100.0,0.0
2016-07-11,,,,,,,,,,,,,0.0,0.6,100.0,0.0
2016-07-12,,,,,,,,,,,,,0.0,0.5,100.0,0.0
2016-07-13,,,,,,,,,,,,,0.0,0.4,100.0,0.0
2016-07-14,0.0,2.9,99.6,,,,,,,,,,0.0,0.4,100.0,0.0
2016-07-15,0.0,2.8,99.5,,,,,,,,,,0.0,0.3,100.0,0.0
2016-07-16,,,,,,,,,,,,,0.0,0.4,100.0,0.0
2016-07-17,,,,,,,0.0,0.0,92.7,,,,0.0,0.4,100.0,0.0
2016-07-18,,,,,,,,,,,,,0.0,0.4,100.0,0.0
2016-07-19,0.1,2.9,92.2,,,,,,,,,,0.0,0.3,100.0,0.0
2016-07-20,,,,,,,,,,,,,0.0,0.3,100.0,0.0
2016-07-21,,,,,,,,,,,,,0.0,0.3,100.0,0.0
2016-07-22,0.1,1.9,97.2,,,,,,,,,,0.0,0.3,100.0,0.0
2016-07-23,,,,,,,,,,,,,0.0,0.3,100.0,0.0
2016-07-24,,,,,,,,,,,,,0.0,0.4,100.0,0.0
2016-07-25,,,,,,,,,,,,,0.0,0.9,100.0,0.0
2016-07-26,0.1,2.6,99.8,,,,,,,,,,0.0,1.1,100.0,0.0
2016-07-27,0.1,1.9,99.4,,,,,,,,,,0.0,1.7,100.0,0.0
2016-07-28,,,,,,,,,,,,,0.0,1.4,100.0,0.0
2016-07-29,,,,,,,,,,,,,0.0,2.2,100.0,0.0
2016-07-30,,,,,,,,,,,,,0.0,1.8,100.0,0.0
2016-07-31,,,,,,,,,,,,,0.0,2.6,100.0,0.0
2016-08-01,,,,,,,,,,,,,0.0,2.1,100.0,0.0
2016-08-02,,,,,,,,,,,,,0.0,4.1,100.0,0.0
2016-08-03,,,,,,,,,,,,,0.0,3.0,100.0,0.0
2016-08-04,,,,,,,,,,,,,0.0,3.0,100.0,0.0
2016-08-05,,,,,,,,,,,,,0.0,2.1,100.0,0.0
2016-08-06,,,,,,,,,,,,,0.0,2.3,100.0,0.0
2016-08-07,,,,,,,,,,,,,0.0,1.5,100.0,0.0
2016-08-08,0.4,3.2,99.8,,,,,,,,,,0.0,1.1,100.0,0.0
2016-08-09,,,,,,,,,,,,,0.0,1.0,100.0,0.0
2016-08-10,,,,,,,,,,,,,0.0,1.1,100.0,0.0
2016-08-11,,,,,,,,,,,,,0.0,0.6,100.0,0.0
2016-08-12,0.2,2.9,91.7,,,,,,,,,,0.0,0.4,100.0,0.0
2016-08-13,,,,,,,,,,,,,0.0,0.4,100.0,0.0
2016-08-14,,,,,,,,,,,,,0.0,0.6,100.0,0.0
2016-08-15,0.4,4.2,97.0,,,,,,,,,,0.0,0.4,100.0,0.0
2016-08-16,,,,,,,,,,,,,0.0,0.3,100.0,0.0
2016-08-17,,,,,,,,,,,,,0.0,0.2,100.0,0.0
2016-08-18,,,,,,,,,,,,,0.0,0.3,100.0,0.0
2016-08-19,1.4,6.0,99.6,,,,,,,,,,0.0,0.2,100.0,0.0
2016-08-20,,,,,,,,,,,,,0.0,0.2,100.0,0.0
2016-08-21,,,,,,,,,,,,,0.0,0.1,100.0,0.0
2016-08-22,,,,,,,,,,,,,0.0,0.1,100.0,0.0
2016-08-23,,,,,,,,,,,,,0.0,0.1,100.0,0.0
2016-08-24,1.1,6.0,90.8,,,,,,,,,,0.0,0.1,100.0,0.0
2016-08-25,,,,,,,0.0,0.0,99.6,,,,0.0,0.1,100.0,0.0
2016-08-26,,,,,,,,,,,,,0.0,0.0,100.0,0.0
2016-08-27,3.5,11.0,96.1,,,,,,,,,,0.0,0.0,100.0,0.0
2016-08-28,,,,,,,,,,,,,0.0,0.1,100.0,0.0
2016-08-29,,,,,,,,,,,,,0.0,0.1,100.0,0.0
2016-08-30,,,,0.0,0.1,95.2,,,,,,,0.0,0.1,100.0,0.0
2016-08-31,3.9,10.0,97.7,,,,,,,,,,0.0,0.1,100.0,0.0
2016-09-01,9.1,19.8,99.4,,,,,,,,,,0.0,0.1,100.0,0.0
2016-09-02,,,,,,,,,,,,,0.0,0.1,100.0,0.0
2016-09-03,,,,,,,0.0,0.0,90.1,,,,0.0,0.1,100.0,0.0
2016-09-04,,,,,,,,,,,,,0.0,0.1,100.0,0.0
2016-09-05,5.5,13.4,91.4,,,,,,,,,,0.0,0.1,100.0,0.0
2016-09-06,,,,,,,,,,,,,0.0,0.1,100.0,0.0
2016-09-07,,,,,,,,,,,,,0.0,0.2,100.0,0.0
2016-09-08,9.6,20.6,97.3,,,,,,,,,,0.0,0.2,100.0,0.0
2016-09-09,,,,0.0,0.0,73.7,,,,,,,0.0,0.2,100.0,0.0
2016-09-10,,,,,,,,,,,,,0.0,0.3,100.0,0.0
2016-09-11,,,,,,,,,,,,,0.0,0.4,100.0,0.0
2016-09-12,5.3,12.8,99.5,,,,,,,,,,0.0,0.4,100.0,0.0
2016-09-13,8.0,14.9,99.5,,,,,,,,,,0.0,0.4,100.0,0.0
2016-09-14,,,,,,,,,,,,,0.0,0.5,100.0,0.0
2016-09-15,,,,,,,,,,,,,0.0,0.6,100.0,0.0
2016-09-16,,,,,,,,,,,,,0.0,0.7,100.0,0.0
2016-09-17,1.6,6.0,92.1,,,,,,,,,,0.0,0.7,100.0,0.0
2016-09-18,,,,,,,,,,,,,0.0,1.0,100.0,0.0
2016-09-19,,,,,,,,,,,,,0.0,1.2,100.0,0.0
2016-09-20,2.6,6.5,97.2,,,,,,,,,,0.0,1.3,100.0,0.0
2016-09-21,,,,,,,,,,,,,0.0,1.2,100.0,0.0
2016-09-22,,,,,,,,,,,,,0.0,1.4,100.0,0.0
2016-09-23,,,,,,,,,,,,,0.0,1.0,100.0,0.0
2016-09-24,1.1,4.4,99.2,,,,,,,,,,0.0,0.8,100.0,0.0
2016-09-25,2.2,4.9,99.4,,,,,,,,,,0.0,0.6,100.0,0.0
2016-09-26,1.1,3.6,97.1,,,,0.0,0.0,53.4,,,,0.0,0.8,100.0,0.0
2016-09-27,,,,,,,,,,,,,0.0,0.7,100.0,0.0
2016-09-28,,,,,,,,,,,,,0.0,0.7,100.0,0.0
2016-09-29,2.8,5.2,91.3,0.0,0.0,100.0,,,,,,,0.0,0.7,100.0,0.0
2016-09-30,2.0,4.7,99.4,,,,,,,,,,0.0,0.8,100.0,0.0
2016-10-01,,,,,,,,,,,,,0.0,0.9,100.0,0.0
2016-10-02,1.2,3.5,96.9,,,,,,,,,,0.0,1.0,100.0,0.0
2016-10-03,,,,,,,,,,,,,0.0,1.1,100.0,0.0
2016-10-04,,,,,,,,,,,,,0.0,1.7,100.0,0.0
2016-10-05,,,,,,,,,,,,,0.0,1.8,100.0,0.0
2016-10-06,0.8,3.3,99.2,,,,,,,,,,0.0,1.8,100.0,0.0
2016-10-07,1.4,4.1,99.6,,,,,,,,,,0.0,2.4,100.0,0.0
2016-10-08,,,,,,,,,,,,,0.0,3.4,100.0,0.0
2016-10-09,,,,,,,,,,,,,0.0,2.7,100.0,0.0
2016-10-10,,,,,,,,,,,,,0.0,2.8,100.0,0.0
2016-10-11,0.2,2.5,91.5,,,,,,,,,,0.0,2.5,100.0,0.0
2016-10-12,,,,,,,,,,,,,0.0,3.8,100.0,0.0
2016-10-13,,,,,,,,,,,,,0.0,2.5,100.0,0.0
2016-10-14,0.0,2.1,97.3,,,,,,,,,,0.0,1.5,100.0,0.0
2016-10-15,,,,,,,,,,,,,0.0,1.3,100.0,0.0
2016-10-16,,,,,,,,,,,,,0.0,1.4,100.0,0.0
2016-10-17,,,,,,,,,,,,,0.0,1.0,100.0,0.0
2016-10-18,0.0,1.7,99.5,,,,,,,,,,0.0,1.0,100.0,0.0
2016-10-19,0.0,2.4,99.6,,,,,,,,,,0.0,0.8,100.0,0.0
2016-10-20,,,,,,,,,,,,,0.0,0.9,100.0,0.0
2016-10-21,,,,,,,,,,,,,0.0,0.7,100.0,0.0
2016-10-22,,,,,,,,,,,,,0.0,0.6,100.0,0.0
2016-10-23,0.0,1.9,91.0,,,,,,,,,,0.0,0.6,100.0,0.0
2016-10-24,,,,,,,,,,,,,0.0,0.5,100.0,0.0
2016-10-25,,,,,,,,,,,,,0.0,0.3,100.0,0.0
2016-10-26,0.0,1.6,96.6,,,,,,,,,,0.0,0.3,100.0,0.0
2016-10-27,,,,,,,,,,,,,0.0,0.4,100.0,0.0
2016-10-28,,,,,,,0.0,0.0,99.1,,,,0.0,0.4,100.0,0.0
2016-10-29,,,,,,,,,,,,,0.0,0.4,100.0,0.0
2016-10-30,0.0,1.2,97.3,,,,,,,,,,0.0,0.4,100.0,0.0
2016-10-31,0.0,1.8,99.6,,,,,,,,,,0.0,0.6,100.0,0.0
2016-11-01,,,,,,,,,,,,,0.0,0.9,100.0,0.0
2016-11-02,,,,,,,,,,,,,0.0,0.9,100.0,0.0
2016-11-03,,,,,,,,,,,,,0.0,0.9,100.0,0.0
2016-11-04,0.0,2.3,91.7,,,,,,,,,,0.0,1.3,100.0,0.0
2016-11-05,,,,,,,,,,,,,0.0,2.7,100.0,0.0
2016-11-06,,,,,,,,,,,,,0.0,3.0,100.0,0.0
2016-11-07,0.2,3.7,98.3,,,,,,,,,,0.0,2.7,100.0,0.0
2016-11-08,,,,0.0,0.1,98.9,,,,,,,0.0,3.0,100.0,0.0
2016-11-09,,,,,,,,,,,,,0.0,4.0,100.0,0.0
2016-11-10,,,,,,,,,,,,,0.0,4.2,100.0,0.0
2016-11-11,0.0,2.0,99.5,,,,,,,,,,0.0,3.6,100.0,0.0
2016-11-12,0.0,2.0,99.7,,,,,,,,,,0.0,3.7,100.0,0.0
2016-11-13,,,,,,,,,,,,,0.0,6.4,100.0,0.0
2016-11-14,,,,,,,,,,,,,0.0,6.5,100.0,0.0
2016-11-15,,,,,,,,,,,,,0.0,4.3,100.0,0.0
2016-11-16,0.0,2.5,94.0,,,,,,,,,,0.0,4.7,100.0,0.0
2016-11-17,,,,,,,,,,,,,0.0,5.0,100.0,0.0
2016-11-18,,,,,,,,,,,,,0.0,4.9,100.0,0.0
2016-11-19,0.0,3.3,98.7,,,,,,,,,,0.0,4.7,100.0,0.0
2016-11-20,,,,,,,,,,,,,0.0,4.3,100.0,0.0
2016-11-21,,,,,,,,,,,,,0.0,4.6,100.0,0.0
2016-11-22,,,,,,,,,,,,,0.0,4.0,100.0,0.0
2016-11-23,,,,,,,,,,,,,0.0,3.2,100.0,0.0
2016-11-24,0.0,2.4,99.6,,,,,,,,,,0.0,3.1,100.0,0.0
2016-11-25,,,,,,,,,,,,,0.0,3.3,100.0,0.0
2016-11-26,,,,,,,,,,,,,0.0,3.0,100.0,0.0
2016-11-27,,,,,,,,,,,,,0.0,3.1,100.0,0.0
2016-11-28,0.0,1.8,91.8,0.0,0.6,100.0,,,,,,,0.0,3.1,100.0,0.0
2016-11-29,,,,,,,0.0,0.2,99.7,,,,0.0,3.4,100.0,0.0
2016-11-30,,,,,,,,,,,,,0.0,3.3,100.0,0.0
2016-12-01,0.0,1.8,97.5,,,,,,,,,,0.0,3.4,100.0,0.0
2016-12-02,,,,,,,,,,,,,0.0,3.6,100.0,0.0
2016-12-03,,,,,,,,,,,,,0.0,4.5,100.0,0.0
2016-12-04,,,,,,,,,,,,,0.0,4.3,100.0,0.0
2016-12-05,0.0,2.4,99.5,,,,,,,,,,0.1,4.0,100.0,0.1
2016-12-06,0.2,3.2,99.5,,,,,,,,,,0.1,4.5,100.0,0.1
2016-12-07,,,,,,,,,,,,,0.1,5.0,100.0,0.1
2016-12-08,,,,0.0,0.9,100.0,0.1,0.2,87.1,,,,0.1,4.8,100.0,0.1
2016-12-09,,,,,,,,,,,,,0.1,4.6,100.0,0.1
2016-12-10,0.0,2.3,91.1,,,,,,,,,,0.1,4.6,100.0,0.1
2016-12-11,,,,,,,,,,,,,0.1,5.3,100.0,0.1
2016-12-12,,,,,,,,,,,,,0.1,5.6,100.0,0.1
2016-12-13,0.3,2.2,97.1,,,,,,,,,,0.1,5.5,100.0,0.1
2016-12-14,,,,,,,,,,,,,0.1,6.2,100.0,0.1
2016-12-15,,,,,,,0.2,0.5,89.3,,,,0.1,7.5,100.0,0.1
2016-12-16,,,,,,,,,,,,,0.2,9.2,100.0,0.2
2016-12-17,0.2,2.3,99.1,,,,,,,,,,0.2,9.0,100.0,0.2
2016-12-18,4.7,6.7,99.7,0.0,0.7,74.3,,,,,,,0.4,10.2,100.0,0.4
2016-12-19,,,,,,,,,,,,,0.4,12.3,100.0,0.4
2016-12-20,,,,,,,,,,,,,0.5,13.3,100.0,0.5
2016-12-21,,,,,,,,,,,,,0.5,12.8,100.0,0.5
2016-12-22,1.6,7.4,90.9,,,,,,,,,,1.3,15.6,100.0,1.3
2016-12-23,,,,,,,,,,,,,1.2,18.0,100.0,1.2
2016-12-24,,,,,,,,,,,,,3.2,20.7,100.0,3.2
2016-12-25,27.9,30.4,97.7,,,,,,,,,,3.3,20.1,100.0,3.3
2016-12-26,,,,,,,,,,,,,4.5,24.2,100.0,4.5
2016-12-27,,,,,,,,,,,,,3.7,24.3,100.0,3.7
2016-12-28,,,,0.9,17.7,100.0,,,,,,,5.9,26.7,100.0,5.9
2016-12-29,83.1,58.1,99.3,,,,,,,,,,6.6,27.1,100.0,6.6
2016-12-30,99.8,79.6,99.1,,,,,,,,,,9.4,34.6,100.0,9.4
2016-12-31,,,,,,,1.1,13.8,80.0,,,,9.3,34.6,100.0,9.3
2017-01-01,,,,,,,,,,,,,32.2,49.4,100.0,32.2
2017-01-02,,,,,,,,,,,,,35.6,51.5,100.0,35.6
2017-01-03,99.9,84.6,90.5,,,,,,,,,,51.1,63.3,100.0,51.1
2017-01-04,,,,,,,,,,,,,46.7,61.3,100.0,46.7
2017-01-05,,,,,,,,,,,,,68.1,70.4,100.0,68.1
2017-01-06,100.0,94.7,91.3,,,,,,,,,,73.0,74.6,100.0,73.0
2017-01-07,,,,,,,,,,,,,98.6,80.3,100.0,98.6
2017-01-08,,,,,,,,,,,,,99.0,81.0,100.0,99.0
2017-01-09,,,,,,,100.0,100.0,59.4,,,,99.9,86.4,100.0,99.9
2017-01-10,99.9,96.9,96.3,,,,,,,,,,100.0,89.4,100.0,100.0
2017-01-11,100.0,98.2,95.9,,,,,,,,,,100.0,92.1,100.0,100.0
2017-01-12,,,,,,,,,,,,,100.0,90.8,100.0,100.0
2017-01-13,,,,,,,,,,,,,100.0,92.6,100.0,100.0
2017-01-14,,,,,,,,,,,,,100.0,92.9,100.0,100.0
2017-01-15,99.8,98.2,91.1,,,,,,,,,,100.0,94.4,100.0,100.0
2017-01-16,,,,,,,,,,,,,100.0,94.4,100.0,100.0
2017-01-17,,,,,,,,,,,,,100.0,95.0,100.0,100.0
2017-01-18,100.0,99.4,90.5,,,,,,,,,,100.0,95.8,100.0,100.0
2017-01-19,,,,,,,,,,,,,100.0,96.8,100.0,100.0
2017-01-20,,,,,,,,,,,,,100.0,96.6,100.0,100.0
2017-01-21,,,,,,,,,,,,,100.0,97.4,100.0,100.0
2017-01-22,,,,,,,,,,,,,100.0,98.0,100.0,100.0
2017-01-23,100.0,99.6,95.8,,,,,,,,,,100.0,98.7,100.0,100.0
2017-01-24,,,,,,,,,,,,,100.0,98.3,100.0,100.0
2017-01-25,,,,,,,100.0,100.0,100.0,,,,100.0,98.9,100.0,100.0
2017-01-26,,,,,,,,,,,,,100.0,98.7,100.0,100.0
2017-01-27,100.0,99.3,88.6,98.9,97.6,100.0,,,,,,,100.0,99.1,100.0,100.0
2017-01-28,,,,,,,,,,,,,100.0,98.6,100.0,100.0
2017-01-29,,,,,,,,,,,,,100.0,98.6,100.0,100.0
2017-01-30,100.0,99.8,89.9,,,,,,,,,,100.0,98.6,100.0,100.0
2017-01-31,,,,,,,,,,,,,100.0,98.5,100.0,100.0
2017-02-01,,,,,,,,,,,,,100.0,98.3,100.0,100.0
2017-02-02,,,,,,,,,,,,,100.0,98.2,100.0,100.0
2017-02-03,100.0,99.7,94.1,,,,,,,,,,100.0,98.5,100.0,100.0
2017-02-04,100.0,99.8,94.9,,,,,,,,,,100.0,98.5,100.0,100.0
2017-02-05,,,,,,,,,,,,,100.0,98.1,100.0,100.0
2017-02-06,,,,,,,,,,,,,100.0,98.2,100.0,100.0
2017-02-07,,,,,,,,,,,,,100.0,98.6,100.0,100.0
2017-02-08,99.8,99.5,88.6,,,,,,,,,,100.0,98.9,100.0,100.0
2017-02-09,,,,,,,,,,,,,100.0,98.7,100.0,100.0
2017-02-10,,,,,,,100.0,99.9,100.0,,,,100.0,99.2,100.0,100.0
2017-02-11,100.0,99.9,91.1,,,,,,,,,,100.0,99.4,100.0,100.0
2017-02-12,,,,,,,,,,,,,100.0,99.4,100.0,100.0
2017-02-13,,,,,,,,,,,,,100.0,99.3,100.0,100.0
2017-02-14,,,,,,,,,,,,,100.0,99.3,100.0,100.0
2017-02-15,100.0,99.7,95.1,,,,,,,,,,100.0,99.4,100.0,100.0
2017-02-16,100.0,99.7,95.2,99.6,99.0,100.0,,,,,,,100.0,99.5,100.0,100.0
2017-02-17,,,,,,,,,,,,,100.0,99.3,100.0,100.0
2017-02-18,,,,,,,,,,,,,100.0,99.3,100.0,100.0
2017-02-19,,,,,,,,,,,,,100.0,99.3,100.0,100.0
2017-02-20,100.0,99.2,89.7,,,,,,,,,,100.0,99.3,100.0,100.0
2017-02-21,,,,,,,,,,,,,100.0,99.2,100.0,100.0
2017-02-22,,,,,,,,,,,,,100.0,99.3,100.0,100.0
2017-02-23,100.0,99.2,93.1,,,,,,,,,,100.0,99.4,100.0,100.0
2017-02-24,,,,,,,,,,,,,100.0,99.1,100.0,100.0
2017-02-25,,,,,,,,,,,,,100.0,98.9,100.0,100.0
2017-02-26,,,,,,,,,,,,,100.0,98.5,100.0,100.0
2017-02-27,100.0,98.5,98.0,,,,,,,,,,100.0,98.8,100.0,100.0
2017-02-28,100.0,97.1,97.3,,,,,,,,,,100.0,98.8,100.0,100.0
2017-03-01,,,,,,,,,,,,,100.0,98.5,100.0,100.0
2017-03-02,,,,,,,,,,,,,100.0,98.8,100.0,100.0
2017-03-03,,,,,,,,,,,,,100.0,98.9,100.0,100.0
2017-03-04,99.9,92.4,91.1,,,,,,,,,,100.0,98.9,100.0,100.0
2017-03-05,,,,,,,,,,,,,100.0,98.5,100.0,100.0
2017-03-06,99.9,89.0,97.0,,,,,,,,,,100.0,98.8,100.0,100.0
2017-03-07,100.0,88.5,91.3,,,,,,,,,,100.0,98.9,100.0,100.0
2017-03-08,,,,99.9,99.6,100.0,,,,,,,100.0,99.2,100.0,100.0
2017-03-09,,,,,,,,,,,,,100.0,98.8,100.0,100.0
2017-03-10,99.6,85.2,91.3,,,,,,,,,,100.0,99.1,100.0,100.0
2017-03-11,98.2,82.0,96.9,,,,,,,,,,100.0,99.4,100.0,100.0
2017-03-12,96.2,78.3,95.8,,,,,,,,,,100.0,99.4,100.0,100.0
2017-03-13,96.3,78.5,94.5,,,,,,,,,,100.0,99.4,100.0,100.0
2017-03-14,,,,,,,100.0,99.9,99.8,,,,100.0,99.5,100.0,100.0
2017-03-15,,,,,,,,,,,,,100.0,99.5,100.0,100.0
2017-03-16,91.6,72.5,92.7,,,,,,,,,,100.0,99.3,100.0,100.0
2017-03-17,93.0,73.7,98.1,,,,,,,,,,100.0,99.2,100.0,100.0
2017-03-18,94.1,76.1,98.9,,,,,,,,,,100.0,98.9,100.0,100.0
2017-03-19,87.3,64.6,97.8,,,,,,,,,,100.0,98.9,100.0,100.0
2017-03-20,,,,,,,,,,,,,100.0,98.7,100.0,100.0
2017-03-21,,,,,,,,,,,,,100.0,98.6,100.0,100.0
2017-03-22,,,,,,,,,,,,,100.0,98.5,100.0,100.0
2017-03-23,91.5,69.9,98.4,,,,,,,,,,100.0,98.8,100.0,100.0
2017-03-24,80.9,60.0,97.3,,,,,,,,,,100.0,98.7,100.0,100.0
2017-03-25,91.2,70.0,97.2,,,,,,,,,,100.0,98.4,100.0,100.0
2017-03-26,,,,,,,,,,,,,99.9,98.3,100.0,99.9
2017-03-27,,,,,,,,,,,,,100.0,98.6,100.0,100.0
2017-03-28,70.1,52.1,93.8,100.0,99.7,100.0,,,,,,,100.0,98.9,100.0,100.0
2017-03-29,75.3,54.3,98.2,,,,,,,,,,100.0,98.5,100.0,100.0
2017-03-30,73.0,52.1,99.0,,,,100.0,99.7,90.1,,,,99.9,98.6,100.0,99.9
2017-03-31,90.7,69.4,96.9,,,,,,,,,,100.0,98.5,100.0,100.0
2017-04-01,,,,,,,,,,,,,99.9,98.5,100.0,99.9
2017-04-02,,,,,,,,,,,,,99.8,98.2,100.0,99.8
2017-04-03,90.2,69.3,93.3,,,,,,,,,,99.7,98.0,100.0,99.7
2017-04-04,90.6,72.9,98.8,,,,,,,,,,99.7,97.7,100.0,99.7
2017-04-05,86.2,67.6,98.4,,,,,,,,,,99.7,97.3,100.0,99.7
2017-04-06,84.4,63.7,97.5,,,,,,,,,,99.6,96.8,100.0,99.6
2017-04-07,,,,100.0,99.9,68.4,,,,,,,99.0,95.7,100.0,99.0
2017-04-08,,,,,,,,,,,,,98.5,94.0,100.0,98.5
2017-04-09,73.3,52.4,92.0,,,,,,,,,,96.9,91.8,100.0,96.9
2017-04-10,62.9,46.1,98.5,,,,,,,,,,96.1,90.0,100.0,96.1
2017-04-11,42.2,38.6,98.4,,,,,,,,,,91.5,86.4,100.0,91.5
2017-04-12,23.6,32.1,95.3,,,,,,,,,,88.6,84.3,100.0,88.6
2017-04-13,,,,,,,,,,,,,72.3,79.4,100.0,72.3
2017-04-14,,,,,,,,,,,,,69.8,78.3,100.0,69.8
2017-04-15,6.8,23.3,92.8,,,,,,,,,,68.7,75.9,100.0,68.7
2017-04-16,23.7,32.1,98.8,,,,,,,,,,69.9,76.8,100.0,69.9
2017-04-17,16.2,29.6,98.6,,,,,,,,,,69.5,76.3,100.0,69.5
2017-04-18,18.0,30.0,97.9,,,,,,,,,,73.3,77.1,100.0,73.3
2017-04-19,,,,,,,,,,,,,76.7,77.4,100.0,76.7
2017-04-20,,,,,,,,,,,,,89.2,80.4,100.0,89.2
2017-04-21,9.1,25.3,92.6,,,,,,,,,,88.6,79.7,100.0,88.6
2017-04-22,22.0,31.4,98.7,,,,100.0,98.0,99.9,,,,92.4,81.4,100.0,92.4
2017-04-23,26.0,32.3,98.9,,,,,,,,,,82.1,73.0,100.0,82.1
2017-04-24,3.0,17.8,96.2,,,,,,,,,,85.1,71.4,100.0,85.1
2017-04-25,,,,,,,,,,,,,71.3,64.5,100.0,71.3
2017-04-26,,,,,,,,,,,,,32.6,53.9,100.0,32.6
2017-04-27,1.3,9.6,94.8,,,,,,,,,,8.3,43.4,100.0,8.3
2017-04-28,1.1,8.5,98.4,,,,,,,,,,7.8,41.0,100.0,7.8
2017-04-29,0.7,6.4,98.6,,,,,,,,,,5.0,35.3,100.0,5.0
2017-04-30,0.6,5.4,97.7,,,,,,,,,,4.2,32.3,100.0,4.2
2017-05-01,,,,,,,,,,,,,2.3,28.5,100.0,2.3
2017-05-02,,,,,,,,,,,,,3.7,31.2,100.0,3.7
2017-05-03,0.1,3.4,93.8,,,,,,,,,,4.8,31.6,100.0,4.8
2017-05-04,0.3,4.8,99.2,,,,,,,,,,4.6,33.1,100.0,4.6
2017-05-05,0.4,7.7,98.6,,,,,,,,,,6.3,35.0,100.0,6.3
2017-05-06,0.3,10.0,96.0,,,,,,,,,,14.6,43.3,100.0,14.6
2017-05-07,,,,,,,,,,,,,22.7,46.4,100.0,22.7
2017-05-08,,,,,,,,,,,,,48.8,54.0,100.0,48.8
2017-05-09,2.0,13.7,96.4,,,,,,,,,,62.8,57.2,100.0,62.8
2017-05-10,3.0,18.1,99.1,,,,,,,,,,74.2,62.9,100.0,74.2
2017-05-11,2.1,11.7,98.8,,,,,,,,,,71.4,63.5,100.0,71.4
2017-05-12,0.8,10.7,96.5,,,,,,,,,,77.7,68.6,100.0,77.7
2017-05-13,,,,,,,,,,,,,69.4,63.4,100.0,69.4
2017-05-14,,,,,,,,,,,,,62.3,61.6,100.0,62.3
2017-05-15,0.7,6.6,94.8,,,,,,,,,,56.9,57.3,100.0,56.9
2017-05-16,0.8,8.8,99.1,,,,,,,,,,56.9,58.7,100.0,56.9
2017-05-17,0.6,6.8,98.3,94.1,86.8,100.0,92.8,86.4,47.3,,,,54.6,57.5,100.0,54.6
2017-05-18,0.2,4.0,93.9,,,,,,,,,,50.9,51.2,100.0,50.9
2017-05-19,,,,,,,,,,,,,48.6,46.1,100.0,48.6
2017-05-20,,,,,,,,,,,,,45.7,44.5,100.0,45.7
2017-05-21,0.3,3.6,93.5,,,,,,,,,,17.0,35.5,100.0,17.0
2017-05-22,0.3,3.6,97.6,,,,,,,,,,2.3,21.7,100.0,2.3
2017-05-23,0.2,4.8,97.5,,,,,,,,,,0.1,15.6,100.0,0.1
2017-05-24,0.1,3.4,92.9,,,,,,,,,,0.0,14.1,100.0,0.0
2017-05-25,,,,,,,,,,,,,0.0,9.7,100.0,0.0
2017-05-26,,,,,,,,,,,,,0.0,5.2,100.0,0.0
2017-05-27,0.1,4.4,91.9,0.8,3.8,99.6,,,,,,,0.0,3.2,100.0,0.0
2017-05-28,0.3,5.3,98.2,,,,,,,,,,0.0,2.7,100.0,0.0
2017-05-29,2.4,8.1,97.2,,,,,,,,,,0.0,2.3,100.0,0.0
2017-05-30,1.3,7.6,92.1,,,,,,,,,,0.0,1.8,100.0,0.0
2017-05-31,,,,,,,,,,,,,0.0,1.4,100.0,0.0
2017-06-01,,,,,,,,,,,,,0.0,1.5,100.0,0.0
2017-06-02,1.8,6.3,91.6,,,,,,,,,,0.0,1.3,100.0,0.0
2017-06-03,0.9,5.8,98.2,,,,,,,,,,0.0,1.5,100.0,0.0
2017-06-04,1.0,4.8,97.3,,,,,,,,,,0.0,1.6,100.0,0.0
2017-06-05,0.3,4.0,93.1,,,,,,,,,,0.0,2.0,100.0,0.0
2017-06-06,,,,,,,,,,,,,0.0,2.5,100.0,0.0
2017-06-07,,,,,,,,,,,,,0.0,3.2,100.0,0.0
2017-06-08,0.2,3.8,91.3,,,,,,,,,,0.0,3.1,100.0,0.0
2017-06-09,0.3,4.5,98.0,,,,,,,,,,0.0,3.3,100.0,0.0
2017-06-10,0.4,4.2,96.7,,,,,,,,,,0.0,3.5,100.0,0.0
2017-06-11,0.3,2.5,91.1,,,,,,,,,,0.0,3.5,100.0,0.0
2017-06-12,,,,,,,,,,,,,0.0,2.2,100.0,0.0
2017-06-13,,,,,,,,,,,,,0.0,1.9,100.0,0.0
2017-06-14,0.0,2.4,91.0,,,,,,,,,,0.0,2.0,100.0,0.0
2017-06-15,0.4,3.5,97.5,,,,,,,,,,0.0,2.0,100.0,0.0
2017-06-16,1.5,5.6,97.1,,,,,,,,,,0.0,1.9,100.0,0.0
2017-06-17,2.0,5.9,92.4,,,,,,,,,,0.0,2.1,100.0,0.0
2017-06-18,,,,,,,,,,,,,0.0,2.4,100.0,0.0
2017-06-19,,,,,,,,,,,,,0.0,2.7,100.0,0.0
2017-06-20,5.1,11.4,91.1,,,,,,,,,,0.0,1.3,100.0,0.0
2017-06-21,12.0,20.6,97.8,,,,,,,,,,0.0,1.0,100.0,0.0
2017-06-22,10.2,15.3,97.1,,,,,,,,,,0.0,0.9,100.0,0.0
2017-06-23,2.8,7.2,92.2,,,,,,,,,,0.0,1.0,100.0,0.0
2017-06-24,,,,,,,,,,,,,0.0,0.8,100.0,0.0
2017-06-25,,,,,,,,,,,,,0.0,0.7,100.0,0.0
2017-06-26,2.5,7.4,91.3,0.0,0.0,100.0,,,,,,,0.0,0.6,100.0,0.0
2017-06-27,3.2,8.6,99.1,,,,,,,,,,0.0,0.6,100.0,0.0
2017-06-28,3.6,8.3,97.3,,,,,,,,,,0.0,0.4,100.0,0.0
2017-06-29,2.6,6.7,92.7,,,,,,,,,,0.0,0.3,100.0,0.0
2017-06-30,,,,,,,,,,,,,0.0,0.3,100.0,0.0
2017-07-01,,,,,,,,,,,,,0.0,0.3,100.0,0.0
2017-07-02,3.0,9.0,91.7,,,,,,,,,,0.0,0.3,100.0,0.0
2017-07-03,5.7,11.5,98.5,,,,,,,,,,0.0,0.3,100.0,0.0
2017-07-04,3.4,8.8,97.8,,,,0.0,0.0,80.3,,,,0.0,0.4,100.0,0.0
2017-07-05,2.9,6.8,91.8,,,,,,,,,,0.0,0.4,100.0,0.0
2017-07-06,,,,,,,,,,,,,0.0,0.5,100.0,0.0
2017-07-07,,,,,,,,,,,,,0.0,0.4,100.0,0.0
2017-07-08,,,,,,,,,,,,,0.0,0.5,100.0,0.0
2017-07-09,3.3,7.8,98.4,,,,,,,,,,0.0,0.6,100.0,0.0
2017-07-10,1.7,5.3,98.0,,,,,,,,,,0.0,0.5,100.0,0.0
2017-07-11,1.1,4.4,93.0,,,,,,,,,,0.0,0.5,100.0,0.0
2017-07-12,,,,,,,,,,,,,0.0,0.6,100.0,0.0
2017-07-13,,,,,,,,,,,,,0.0,1.0,100.0,0.0
2017-07-14,0.5,3.9,92.2,,,,,,,,,,0.0,1.0,100.0,0.0
2017-07-15,1.7,5.6,98.3,,,,,,,,,,0.0,0.9,100.0,0.0
2017-07-16,1.2,4.8,97.9,0.0,0.0,100.0,,,,,,,0.0,0.8,100.0,0.0
2017-07-17,0.6,3.4,91.9,,,,,,,,,,0.0,1.0,100.0,0.0
2017-07-18,,,,,,,,,,,,,0.0,0.8,100.0,0.0
2017-07-19,,,,,,,,,,,,,0.0,0.6,100.0,0.0
2017-07-20,0.4,4.3,91.7,,,,,,,,,,0.0,0.7,100.0,0.0
2017-07-21,0.6,3.2,98.9,,,,,,,,,,0.0,0.8,100.0,0.0
2017-07-22,0.9,4.3,98.5,,,,,,,,,,0.0,0.6,100.0,0.0
2017-07-23,0.2,2.4,92.9,,,,,,,,,,0.0,0.5,100.0,0.0
2017-07-24,,,,,,,,,,,,,0.0,0.6,100.0,0.0
2017-07-25,,,,,,,,,,,,,0.0,0.8,100.0,0.0
2017-07-26,0.2,2.0,94.1,,,,,,,,,,0.0,0.7,100.0,0.0
2017-07-27,0.6,2.5,98.8,,,,,,,,,,0.0,0.6,100.0,0.0
2017-07-28,1.0,3.6,98.6,,,,,,,,,,0.0,0.6,100.0,0.0
2017-07-29,0.9,4.2,92.8,,,,,,,,,,0.0,0.7,100.0,0.0
2017-07-30,,,,,,,,,,,,,0.0,0.7,100.0,0.0
2017-07-31,,,,,,,,,,,,,0.0,0.7,100.0,0.0
2017-08-01,0.1,2.4,91.6,,,,,,,,,,0.0,0.7,100.0,0.0
2017-08-02,0.6,3.5,97.4,,,,,,,,,,0.0,0.6,100.0,0.0
2017-08-03,0.5,2.7,97.3,,,,,,,,,,0.0,0.6,100.0,0.0
2017-08-04,0.6,3.0,93.3,,,,,,,,,,0.0,0.5,100.0,0.0
2017-08-05,,,,,,,,,,,,,0.0,0.6,100.0,0.0
2017-08-06,,,,,,,,,,,,,0.0,0.5,100.0,0.0
2017-08-07,0.2,2.3,91.6,,,,,,,,,,0.0,0.7,100.0,0.0
2017-08-08,0.1,1.9,98.0,,,,,,,,,,0.0,0.6,100.0,0.0
2017-08-09,0.1,2.1,97.3,,,,,,,,,,0.0,0.6,100.0,0.0
2017-08-10,0.0,1.7,92.5,,,,,,,,,,0.0,0.5,100.0,0.0
2017-08-11,,,,,,,,,,,,,0.0,0.5,100.0,0.0
2017-08-12,,,,,,,,,,,,,0.0,0.5,100.0,0.0
2017-08-13,0.1,1.8,90.6,,,,,,,,,,0.0,0.5,100.0,0.0
2017-08-14,0.0,1.6,97.2,,,,,,,,,,0.0,0.5,100.0,0.0
2017-08-15,0.1,2.2,95.9,0.0,0.0,100.0,,,,,,,0.0,0.4,100.0,0.0
2017-08-16,0.0,1.9,92.4,,,,,,,,,,0.0,0.4,100.0,0.0
2017-08-17,,,,,,,,,,,,,0.0,0.4,100.0,0.0
2017-08-18,,,,,,,,,,,,,0.0,0.4,100.0,0.0
2017-08-19,0.0,1.6,91.0,,,,,,,,,,0.0,0.4,100.0,0.0
2017-08-20,0.3,2.3,99.0,0.0,0.0,84.8,,,,,,,0.0,0.3,100.0,0.0
2017-08-21,0.6,4.2,98.6,,,,,,,,,,0.0,0.3,100.0,0.0
2017-08-22,1.3,11.8,92.9,,,,,,,,,,0.0,0.4,100.0,0.0
2017-08-23,,,,,,,,,,,,,0.0,0.3,100.0,0.0
2017-08-24,,,,,,,,,,,,,0.0,0.3,100.0,0.0
2017-08-25,1.3,11.5,92.0,0.0,0.0,100.0,,,,,,,0.0,0.2,100.0,0.0
2017-08-26,0.3,6.5,98.8,,,,,,,,,,0.0,0.2,100.0,0.0
2017-08-27,0.2,4.9,98.1,,,,,,,,,,0.0,0.2,100.0,0.0
2017-08-28,0.1,7.1,93.5,,,,,,,,,,0.0,0.2,100.0,0.0
2017-08-29,,,,,,,,,,,,,0.0,0.2,100.0,0.0
2017-08-30,,,,,,,,,,,,,0.0,0.2,100.0,0.0
2017-08-31,0.0,5.9,91.4,,,,,,,,,,0.0,0.2,100.0,0.0
2017-09-01,0.1,5.9,98.7,,,,,,,,,,0.0,0.2,100.0,0.0
2017-09-02,0.2,4.7,98.6,,,,,,,,,,0.0,0.3,100.0,0.0
2017-09-03,0.1,5.6,96.1,,,,,,,,,,0.0,0.3,100.0,0.0
2017-09-04,,,,0.0,0.0,88.8,,,,,,,0.0,0.3,100.0,0.0
2017-09-05,,,,,,,,,,,,,0.0,0.3,100.0,0.0
2017-09-06,0.0,3.5,91.7,,,,,,,,,,0.0,0.4,100.0,0.0
2017-09-07,0.3,5.7,97.5,,,,,,,,,,0.0,0.4,100.0,0.0
2017-09-08,0.4,2.5,97.2,,,,,,,,,,0.0,0.3,100.0,0.0
2017-09-09,0.1,2.1,92.5,,,,,,,,,,0.0,0.4,100.0,0.0
2017-09-10,,,,,,,,,,,,,0.0,0.4,100.0,0.0
2017-09-11,,,,,,,,,,,,,0.0,0.6,100.0,0.0
2017-09-12,0.0,1.4,91.2,,,,,,,,,,0.0,0.6,100.0,0.0
2017-09-13,0.0,2.0,98.1,,,,,,,,,,0.0,0.8,100.0,0.0
2017-09-14,0.0,2.4,97.8,,,,,,,,,,0.0,0.7,100.0,0.0
2017-09-15,0.0,3.1,92.8,,,,,,,,,,0.0,0.9,100.0,0.0
2017-09-16,,,,,,,,,,,,,0.0,0.7,100.0,0.0
2017-09-17,,,,,,,,,,,,,0.0,0.9,100.0,0.0
2017-09-18,0.0,1.7,92.1,,,,,,,,,,0.0,0.7,100.0,0.0
2017-09-19,0.0,2.3,98.4,,,,,,,,,,0.0,0.8,100.0,0.0
2017-09-20,0.0,1.9,98.3,,,,,,,,,,0.0,0.9,100.0,0.0
2017-09-21,0.0,2.4,97.3,,,,,,,,,,0.0,0.9,100.0,0.0
2017-09-22,,,,,,,0.0,0.1,54.7,,,,0.0,0.7,100.0,0.0
2017-09-23,,,,,,,,,,,,,0.0,0.6,100.0,0.0
2017-09-24,0.0,1.9,91.8,,,,,,,,,,0.0,0.6,100.0,0.0
2017-09-25,0.0,3.3,98.2,,,,,,,,,,0.0,0.6,100.0,0.0
2017-09-26,0.1,6.5,98.3,,,,,,,,,,0.0,0.7,100.0,0.0
2017-09-27,0.1,5.2,93.1,,,,,,,,,,0.0,0.6,100.0,0.0
2017-09-28,,,,,,,,,,,,,0.0,0.7,100.0,0.0
2017-09-29,,,,,,,,,,,,,0.0,0.7,100.0,0.0
2017-09-30,0.1,2.0,92.0,,,,,,,,,,0.0,0.6,100.0,0.0
2017-10-01,0.0,1.7,98.0,,,,,,,,,,0.0,0.5,100.0,0.0
2017-10-02,0.0,1.3,97.5,,,,,,,,,,0.0,0.5,100.0,0.0
2017-10-03,0.0,1.4,93.8,,,,,,,,,,0.0,0.7,100.0,0.0
2017-10-04,,,,,,,,,,,,,0.0,0.7,100.0,0.0
2017-10-05,,,,,,,,,,,,,0.0,0.8,100.0,0.0
2017-10-06,0.0,0.9,92.4,,,,,,,,,,0.0,0.8,100.0,0.0
2017-10-07,0.0,0.9,98.7,,,,,,,,,,0.0,0.9,100.0,0.0
2017-10-08,0.0,1.3,98.6,,,,,,,,,,0.0,0.7,100.0,0.0
2017-10-09,0.0,1.5,94.6,,,,,,,,,,0.0,0.6,100.0,0.0
2017-10-10,,,,,,,,,,,,,0.0,0.5,100.0,0.0
2017-10-11,,,,,,,,,,,,,0.0,0.5,100.0,0.0
2017-10-12,0.0,0.9,90.5,,,,,,,,,,0.0,0.4,100.0,0.0
2017-10-13,0.0,1.1,98.6,,,,,,,,,,0.0,0.4,100.0,0.0
2017-10-14,0.0,1.2,98.1,0.0,0.0,99.6,,,,,,,0.0,0.3,100.0,0.0
2017-10-15,0.0,1.7,93.2,,,,0.0,0.0,89.3,,,,0.0,0.3,100.0,0.0
2017-10-16,,,,,,,,,,,,,0.0,0.3,100.0,0.0
2017-10-17,,,,,,,,,,,,,0.0,0.3,100.0,0.0
2017-10-18,0.0,0.8,90.7,,,,,,,,,,0.0,0.4,100.0,0.0
2017-10-19,0.0,0.9,98.5,0.0,0.0,78.6,,,,,,,0.0,0.4,100.0,0.0
2017-10-20,0.0,0.7,98.2,,,,,,,,,,0.0,0.5,100.0,0.0
2017-10-21,0.0,0.5,93.3,,,,,,,,,,0.0,0.5,100.0,0.0
2017-10-22,,,,,,,,,,,,,0.0,0.7,100.0,0.0
2017-10-23,,,,,,,,,,,,,0.0,1.0,100.0,0.0
2017-10-24,0.0,0.4,92.2,,,,,,,,,,0.0,1.1,100.0,0.0
2017-10-25,0.0,0.4,96.7,,,,,,,,,,0.0,0.9,100.0,0.0
2017-10-26,0.0,0.5,96.7,,,,,,,,,,0.0,0.9,100.0,0.0
2017-10-27,0.0,0.7,94.1,,,,,,,,,,0.0,1.5,100.0,0.0
2017-10-28,,,,,,,,,,,,,0.0,1.3,100.0,0.0
2017-10-29,,,,,,,,,,,,,0.0,1.2,100.0,0.0
2017-10-30,0.0,0.6,94.8,,,,,,,,,,0.0,1.1,100.0,0.0
2017-10-31,0.0,0.7,96.7,,,,0.0,0.1,85.1,,,,0.0,1.4,100.0,0.0
2017-11-01,0.0,1.0,97.1,,,,,,,,,,0.0,1.6,100.0,0.0
2017-11-02,0.0,1.4,93.9,,,,,,,,,,0.0,1.6,100.0,0.0
2017-11-03,,,,0.0,0.0,99.9,,,,,,,0.0,1.5,100.0,0.0
2017-11-04,,,,,,,,,,,,,0.0,1.9,100.0,0.0
2017-11-05,0.0,1.9,92.4,,,,,,,,,,0.0,1.9,100.0,0.0
2017-11-06,0.0,1.7,99.2,,,,,,,,,,0.0,2.2,100.0,0.0
2017-11-07,0.0,2.0,99.1,,,,,,,,,,0.0,2.4,100.0,0.0
2017-11-08,0.1,2.4,95.2,0.0,0.1,99.4,,,,,,,0.0,2.6,100.0,0.0
2017-11-09,,,,,,,,,,,,,0.0,2.8,100.0,0.0
2017-11-10,,,,,,,,,,,,,0.0,2.4,100.0,0.0
2017-11-11,0.1,2.7,93.5,,,,,,,,,,0.0,2.7,100.0,0.0
2017-11-12,0.1,3.1,98.9,,,,,,,,,,0.0,2.4,100.0,0.0
2017-11-13,0.1,3.1,98.0,,,,,,,,,,0.0,2.0,100.0,0.0
2017-11-14,0.4,5.6,94.1,,,,,,,,,,0.0,2.1,100.0,0.0
2017-11-15,,,,,,,,,,,,,0.0,2.5,100.0,0.0
2017-11-16,,,,,,,0.0,0.2,100.0,,,,0.0,2.9,100.0,0.0
2017-11-17,0.0,5.7,92.4,,,,,,,,,,0.0,2.8,100.0,0.0
2017-11-18,0.1,10.5,98.3,0.0,0.3,100.0,,,,,,,0.0,2.6,100.0,0.0
2017-11-19,0.1,5.0,98.4,,,,,,,,,,0.0,3.1,100.0,0.0
2017-11-20,0.0,5.1,93.6,,,,,,,,,,0.0,4.0,100.0,0.0
2017-11-21,,,,,,,,,,,,,0.0,3.6,100.0,0.0
2017-11-22,,,,,,,,,,,,,0.0,3.3,100.0,0.0
2017-11-23,0.1,3.4,92.7,,,,,,,,,,0.0,3.9,100.0,0.0
2017-11-24,0.0,4.5,99.2,,,,,,,,,,0.0,5.2,100.0,0.0
2017-11-25,0.0,4.3,99.0,,,,,,,,,,0.0,5.1,100.0,0.0
2017-11-26,0.0,2.4,94.8,,,,,,,,,,0.0,5.3,100.0,0.0
2017-11-27,,,,,,,,,,,,,0.0,4.9,100.0,0.0
2017-11-28,,,,,,,,,,,,,0.0,4.6,100.0,0.0
2017-11-29,0.0,2.3,93.0,,,,,,,,,,0.0,3.9,100.0,0.0
2017-11-30,0.1,2.2,99.3,,,,,,,,,,0.0,3.8,100.0,0.0
2017-12-01,0.6,5.5,98.6,,,,,,,,,,0.0,4.4,100.0,0.0
2017-12-02,0.0,2.4,93.5,,,,0.0,0.8,100.0,,,,0.0,4.8,100.0,0.0
2017-12-03,,,,0.3,0.9,99.9,,,,,,,0.0,4.9,100.0,0.0
2017-12-04,,,,,,,,,,,,,0.0,4.7,100.0,0.0
2017-12-05,0.0,2.7,92.3,,,,,,,,,,0.0,5.0,100.0,0.0
2017-12-06,0.0,2.4,99.3,,,,,,,,,,0.0,5.2,100.0,0.0
2017-12-07,0.0,4.5,98.6,,,,,,,,,,0.0,5.7,100.0,0.0
2017-12-08,0.1,3.4,93.5,,,,,,,,,,0.0,5.2,100.0,0.0
2017-12-09,,,,,,,,,,,,,0.0,6.9,100.0,0.0
2017-12-10,,,,,,,,,,,,,0.0,8.1,100.0,0.0
2017-12-11,0.0,2.5,91.7,,,,,,,,,,0.0,9.2,100.0,0.0
2017-12-12,0.0,2.3,99.0,,,,,,,,,,0.0,8.4,100.0,0.0
2017-12-13,0.0,2.6,98.7,0.4,1.3,99.9,,,,,,,0.0,10.0,100.0,0.0
2017-12-14,0.0,2.0,93.6,,,,,,,,,,0.0,9.8,100.0,0.0
2017-12-15,,,,,,,,,,,,,0.0,10.7,100.0,0.0
2017-12-16,,,,,,,,,,,,,0.0,9.8,100.0,0.0
2017-12-17,0.0,1.8,92.3,,,,,,,,,,0.0,12.4,100.0,0.0
2017-12-18,0.0,2.2,99.5,,,,,,,,,,0.0,12.8,100.0,0.0
2017-12-19,0.1,1.9,98.4,,,,,,,,,,0.0,14.9,100.0,0.0
2017-12-20,0.0,1.1,93.9,,,,,,,,,,0.0,15.0,100.0,0.0
2017-12-21,,,,,,,,,,,,,0.1,17.9,100.0,0.1
2017-12-22,,,,,,,,,,,,,0.1,17.3,100.0,0.1
2017-12-23,1.1,2.4,92.4,3.3,12.0,99.7,,,,,,,0.1,16.8,100.0,0.1
2017-12-24,1.7,3.1,99.6,,,,,,,,,,0.1,14.6,100.0,0.1
2017-12-25,2.1,3.3,99.0,,,,,,,,,,0.1,15.3,100.0,0.1
2017-12-26,0.6,1.6,93.6,,,,,,,,,,0.1,14.8,100.0,0.1
2017-12-27,,,,,,,1.4,14.8,57.3,,,,0.1,14.9,100.0,0.1
2017-12-28,,,,,,,,,,,,,0.1,13.8,100.0,0.1
2017-12-29,3.9,4.0,91.1,,,,,,,,,,0.1,13.5,100.0,0.1
2017-12-30,2.8,4.5,98.7,,,,,,,,,,0.1,11.9,100.0,0.1
2017-12-31,3.3,6.3,98.0,,,,,,,,,,0.1,11.0,100.0,0.1
2018-01-01,1.2,2.4,90.7,,,,,,,,,,0.0,12.0,100.0,0.0
2018-01-02,,,,,,,,,,,,,0.0,11.4,100.0,0.0
2018-01-03,,,,,,,,,,,,,0.0,10.9,100.0,0.0
2018-01-04,1.5,3.0,88.0,,,,,,,,,,0.0,10.6,100.0,0.0
2018-01-05,1.2,3.0,95.4,,,,,,,,,,0.0,10.9,100.0,0.0
2018-01-06,2.3,4.2,95.4,,,,,,,,,,0.0,10.2,100.0,0.0
2018-01-07,1.3,4.3,91.7,,,,,,,,,,0.0,11.9,100.0,0.0
2018-01-08,,,,,,,,,,,,,0.1,13.0,100.0,0.1
2018-01-09,,,,,,,,,,,,,0.3,17.0,100.0,0.3
2018-01-10,3.5,9.0,87.7,,,,,,,,,,1.0,20.7,100.0,1.0
2018-01-11,18.0,28.4,95.8,,,,,,,,,,4.6,31.5,100.0,4.6
2018-01-12,75.0,52.2,95.3,42.1,51.8,99.9,0.3,6.2,72.7,,,,8.0,39.4,100.0,8.0
2018-01-13,56.7,48.9,90.8,,,,,,,,,,19.0,51.1,100.0,19.0
2018-01-14,,,,,,,,,,,,,33.4,57.1,100.0,33.4
2018-01-15,,,,,,,,,,,,,71.6,64.1,100.0,71.6
2018-01-16,51.7,48.7,87.9,,,,,,,,,,91.6,71.6,100.0,91.6
2018-01-17,72.1,56.9,95.5,,,,,,,,,,96.7,75.3,100.0,96.7
2018-01-18,91.7,63.9,95.0,,,,,,,,,,98.1,81.3,100.0,98.1
2018-01-19,98.6,73.6,90.4,,,,,,,,,,98.4,85.2,100.0,98.4
2018-01-20,,,,,,,,,,,,,99.4,89.1,100.0,99.4
2018-01-21,,,,,,,,,,,,,99.9,93.1,100.0,99.9
2018-01-22,99.2,78.6,87.8,,,,,,,,,,99.9,95.1,100.0,99.9
2018-01-23,99.1,82.1,95.3,,,,,,,,,,99.9,96.3,100.0,99.9
2018-01-24,97.7,85.0,95.3,,,,,,,,,,100.0,96.8,100.0,100.0
2018-01-25,95.7,85.2,90.0,,,,,,,,,,100.0,97.2,100.0,100.0
2018-01-26,,,,,,,,,,,,,100.0,97.5,100.0,100.0
2018-01-27,,,,99.0,98.5,100.0,,,,,,,100.0,98.2,100.0,100.0
2018-01-28,99.8,92.5,79.0,,,,,,,,,,100.0,98.3,100.0,100.0
2018-01-29,100.0,93.5,84.6,,,,,,,,,,100.0,98.5,100.0,100.0
2018-01-30,100.0,94.4,84.8,,,,,,,,,,100.0,98.5,100.0,100.0
2018-01-31,100.0,96.1,80.6,,,,,,,,,,100.0,98.7,100.0,100.0
2018-02-01,,,,,,,,,,,,,100.0,98.8,100.0,100.0
2018-02-02,,,,,,,,,,,,,100.0,99.0,100.0,100.0
2018-02-03,100.0,97.0,78.2,,,,,,,,,,100.0,99.0,100.0,100.0
2018-02-04,100.0,98.4,82.1,,,,100.0,100.0,89.3,,,,100.0,99.2,100.0,100.0
2018-02-05,100.0,98.3,84.0,,,,,,,,,,100.0,99.2,100.0,100.0
2018-02-06,100.0,98.4,79.3,98.7,98.4,100.0,,,,,,,100.0,99.4,100.0,100.0
2018-02-07,,,,,,,,,,,,,100.0,99.3,100.0,100.0
2018-02-08,,,,,,,,,,,,,100.0,99.1,100.0,100.0
2018-02-09,100.0,98.1,78.7,,,,,,,,,,100.0,99.3,100.0,100.0
2018-02-10,100.0,98.5,85.7,,,,,,,,,,100.0,99.4,100.0,100.0
2018-02-11,100.0,98.5,82.7,,,,,,,,,,100.0,99.5,100.0,100.0
2018-02-12,100.0,98.7,78.1,,,,,,,,,,100.0,99.5,100.0,100.0
2018-02-13,,,,,,,100.0,100.0,99.9,,,,100.0,99.7,100.0,100.0
2018-02-14,,,,,,,,,,,,,100.0,99.6,100.0,100.0
2018-02-15,100.0,99.0,77.1,,,,,,,,,,100.0,99.7,100.0,100.0
2018-02-16,100.0,99.4,83.4,,,,,,,,,,100.0,99.7,100.0,100.0
2018-02-17,100.0,99.4,83.4,,,,,,,,,,100.0,99.7,100.0,100.0
2018-02-18,100.0,99.4,78.6,,,,,,,,,,100.0,99.7,100.0,100.0
2018-02-19,,,,,,,,,,,,,100.0,99.7,100.0,100.0
2018-02-20,,,,,,,,,,,,,100.0,99.7,100.0,100.0
2018-02-21,100.0,99.6,75.9,100.0,99.6,100.0,,,,,,,100.0,99.7,100.0,100.0
2018-02-22,100.0,99.7,82.6,,,,,,,,,,100.0,99.6,100.0,100.0
2018-02-23,100.0,99.8,82.1,,,,,,,,,,100.0,99.6,100.0,100.0
2018-02-24,100.0,99.8,79.6,,,,,,,,,,100.0,99.5,100.0,100.0
2018-02-25,,,,,,,,,,,,,100.0,99.4,100.0,100.0
2018-02-26,,,,99.6,98.8,67.2,,,,,,,100.0,99.5,100.0,100.0
2018-02-27,100.0,99.8,77.7,,,,,,,,,,100.0,99.4,100.0,100.0
2018-02-28,100.0,99.9,82.2,,,,,,,,,,100.0,99.5,100.0,100.0
2018-03-01,100.0,99.9,80.4,,,,,,,,,,100.0,99.5,100.0,100.0
2018-03-02,100.0,99.9,77.7,,,,,,,,,,100.0,99.5,100.0,100.0
2018-03-03,,,,99.6,99.1,100.0,,,,,,,100.0,99.6,100.0,100.0
2018-03-04,,,,,,,,,,,,,100.0,99.6,100.0,100.0
2018-03-05,100.0,99.9,75.7,,,,,,,,,,100.0,99.6,100.0,100.0
2018-03-06,100.0,99.9,80.9,,,,,,,,,,100.0,99.7,100.0,100.0
2018-03-07,100.0,99.9,79.7,,,,,,,,,,100.0,99.7,100.0,100.0
2018-03-08,100.0,99.9,75.5,100.0,99.0,100.0,100.0,100.0,100.0,,,,100.0,99.8,100.0,100.0
2018-03-09,,,,,,,,,,,,,100.0,99.6,100.0,100.0
2018-03-10,,,,,,,,,,,,,100.0,99.6,100.0,100.0
2018-03-11,99.9,99.7,77.0,,,,,,,,,,100.0,99.6,100.0,100.0
2018-03-12,100.0,99.9,83.8,,,,,,,,,,100.0,99.6,100.0,100.0
2018-03-13,100.0,99.8,81.8,,,,,,,,,,100.0,99.5,100.0,100.0
2018-03-14,100.0,99.9,79.3,,,,,,,,,,100.0,99.4,100.0,100.0
2018-03-15,,,,,,,,,,,,,100.0,99.3,100.0,100.0
2018-03-16,,,,,,,,,,,,,100.0,99.1,100.0,100.0
2018-03-17,100.0,99.8,76.4,,,,,,,,,,100.0,98.8,100.0,100.0
2018-03-18,99.9,99.8,80.8,,,,,,,,,,100.0,98.9,100.0,100.0
2018-03-19,100.0,99.8,81.1,,,,,,,,,,100.0,98.7,100.0,100.0
2018-03-20,100.0,99.6,76.6,,,,,,,,,,100.0,98.9,100.0,100.0
2018-03-21,,,,,,,,,,,,,100.0,98.8,100.0,100.0
2018-03-22,,,,,,,,,,,,,100.0,99.0,100.0,100.0
2018-03-23,100.0,99.4,76.4,,,,,,,,,,100.0,98.9,100.0,100.0
2018-03-24,100.0,99.4,79.5,,,,100.0,100.0,99.9,,,,100.0,99.1,100.0,100.0
2018-03-25,100.0,98.6,83.0,,,,,,,,,,100.0,99.1,100.0,100.0
2018-03-26,100.0,96.2,75.5,,,,,,,,,,100.0,99.1,100.0,100.0
2018-03-27,,,,,,,,,,,,,100.0,99.1,100.0,100.0
2018-03-28,,,,,,,,,,,,,100.0,99.1,100.0,100.0
2018-03-29,100.0,94.6,74.1,,,,,,,,,,100.0,99.2,100.0,100.0
2018-03-30,100.0,93.9,83.8,,,,,,,,,,100.0,99.3,100.0,100.0
2018-03-31,100.0,92.3,79.5,,,,,,,,,,100.0,99.3,100.0,100.0
2018-04-01,99.6,89.6,77.2,,,,,,,,,,100.0,99.2,100.0,100.0
2018-04-02,,,,100.0,99.3,100.0,100.0,99.3,100.0,,,,100.0,99.5,100.0,100.0
2018-04-03,,,,,,,,,,,,,100.0,99.3,100.0,100.0
2018-04-04,99.1,88.1,73.6,,,,,,,,,,100.0,99.3,100.0,100.0
2018-04-05,99.1,87.9,82.6,,,,,,,,,,100.0,99.2,100.0,100.0
2018-04-06,98.1,85.6,81.0,,,,,,,,,,100.0,99.3,100.0,100.0
2018-04-07,97.3,84.2,80.3,99.9,97.9,100.0,,,,,,,100.0,99.2,100.0,100.0
2018-04-08,,,,,,,,,,,,,100.0,98.9,100.0,100.0
2018-04-09,,,,,,,,,,,,,100.0,98.9,100.0,100.0
2018-04-10,96.0,82.4,78.9,,,,,,,,,,100.0,98.8,100.0,100.0
2018-04-11,95.4,83.1,82.8,,,,,,,,,,100.0,98.6,100.0,100.0
2018-04-12,95.5,81.5,83.6,,,,,,,,,,100.0,98.3,100.0,100.0
2018-04-13,94.4,79.5,83.3,,,,,,,,,,100.0,98.3,100.0,100.0
2018-04-14,,,,,,,,,,,,,100.0,98.0,100.0,100.0
2018-04-15,,,,,,,,,,,,,100.0,97.9,100.0,100.0
2018-04-16,94.7,78.0,80.2,,,,,,,,,,100.0,97.8,100.0,100.0
2018-04-17,97.2,81.6,84.6,99.1,97.5,99.8,,,,,,,100.0,98.2,100.0,100.0
2018-04-18,,,,,,,100.0,97.4,90.8,,,,100.0,97.9,100.0,100.0
2018-04-19,97.7,85.0,82.1,,,,,,,,,,100.0,97.5,100.0,100.0
2018-04-20,,,,,,,,,,,,,100.0,97.2,100.0,100.0
2018-04-21,,,,,,,,,,,,,100.0,97.1,100.0,100.0
2018-04-22,99.4,86.9,81.3,98.6,97.3,100.0,,,,,,,99.0,96.9,100.0,99.0
2018-04-23,99.4,86.5,84.6,,,,,,,,,,98.4,95.5,100.0,98.4
2018-04-24,98.9,83.0,84.4,,,,,,,,,,98.0,94.7,100.0,98.0
2018-04-25,98.9,83.7,82.2,,,,,,,,,,97.8,94.6,100.0,97.8
2018-04-26,,,,,,,,,,,,,97.4,93.8,100.0,97.4
2018-04-27,,,,97.8,95.1,89.5,,,,,,,97.8,93.8,100.0,97.8
2018-04-28,98.2,82.4,80.0,,,,,,,,,,96.5,91.9,100.0,96.5
2018-04-29,97.2,80.0,84.3,,,,,,,,,,95.4,90.1,100.0,95.4
2018-04-30,93.8,74.3,83.9,,,,,,,,,,93.8,87.9,100.0,93.8
2018-05-01,88.4,67.6,81.2,,,,,,,,,,92.1,85.6,100.0,92.1
2018-05-02,,,,96.5,86.9,100.0,,,,,,,88.7,82.0,100.0,88.7
2018-05-03,,,,,,,,,,,,,83.3,75.3,100.0,83.3
2018-05-04,83.9,63.0,81.0,,,,,,,,,,76.4,69.7,100.0,76.4
2018-05-05,59.7,46.6,84.5,,,,,,,,,,67.6,62.6,100.0,67.6
2018-05-06,23.7,30.2,84.5,,,,,,,,,,42.0,52.1,100.0,42.0
2018-05-07,4.2,15.8,80.5,3.7,14.2,100.0,,,,,,,10.2,37.7,100.0,10.2
2018-05-08,,,,,,,,,,,,,1.7,27.1,100.0,1.7
2018-05-09,,,,,,,,,,,,,0.4,20.5,100.0,0.4
2018-05-10,3.2,11.3,78.9,,,,,,,,,,0.1,14.3,100.0,0.1
2018-05-11,3.0,10.6,85.6,,,,,,,,,,0.0,9.6,100.0,0.0
2018-05-12,0.8,6.9,83.3,,,,,,,,,,0.0,7.6,100.0,0.0
2018-05-13,0.0,5.9,78.1,,,,,,,,,,0.0,7.4,100.0,0.0
2018-05-14,,,,,,,,,,,,,0.0,6.7,100.0,0.0
2018-05-15,,,,,,,,,,,,,0.0,6.6,100.0,0.0
2018-05-16,1.4,7.1,80.3,,,,,,,,,,0.0,6.8,100.0,0.0
2018-05-17,1.6,8.1,85.0,,,,,,,,,,0.0,7.3,100.0,0.0
2018-05-18,1.4,10.2,82.4,,,,,,,,,,0.0,6.3,100.0,0.0
2018-05-19,2.2,12.4,79.5,,,,,,,,,,0.0,6.8,100.0,0.0
2018-05-20,,,,,,,,,,,,,0.0,7.5,100.0,0.0
2018-05-21,,,,,,,,,,,,,0.0,8.1,100.0,0.0
2018-05-22,5.5,15.3,80.4,,,,,,,,,,0.0,7.0,100.0,0.0
2018-05-23,11.3,23.3,84.1,,,,,,,,,,0.0,6.1,100.0,0.0
2018-05-24,18.5,27.3,83.9,,,,,,,,,,0.0,5.8,100.0,0.0
2018-05-25,7.6,21.7,77.6,,,,,,,,,,0.0,5.7,100.0,0.0
2018-05-26,,,,,,,,,,,,,0.0,4.2,100.0,0.0
2018-05-27,,,,,,,,,,,,,0.0,3.5,100.0,0.0
2018-05-28,6.2,15.5,76.9,,,,,,,,,,0.0,3.4,100.0,0.0
2018-05-29,6.7,17.7,71.2,,,,,,,,,,0.0,3.4,100.0,0.0
2018-05-30,4.3,13.6,70.8,,,,,,,,,,0.0,2.7,100.0,0.0
2018-05-31,1.6,9.0,67.2,,,,,,,,,,0.0,2.5,100.0,0.0
2018-06-01,,,,0.0,0.1,58.5,,,,,,,0.0,2.0,100.0,0.0
2018-06-02,,,,,,,,,,,,,0.0,1.8,100.0,0.0
2018-06-03,1.2,6.8,66.8,,,,,,,,,,0.0,1.4,100.0,0.0
2018-06-04,2.5,9.6,71.2,,,,,,,,,,0.0,1.5,100.0,0.0
2018-06-05,1.0,8.0,71.1,,,,,,,,,,0.0,1.3,100.0,0.0
2018-06-06,0.4,5.7,67.5,,,,,,,,,,0.0,1.6,100.0,0.0
2018-06-07,,,,,,,,,,,,,0.0,1.5,100.0,0.0
2018-06-08,,,,,,,,,,,,,0.0,1.5,100.0,0.0
2018-06-09,0.2,4.3,67.0,,,,,,,,,,0.0,1.4,100.0,0.0
2018-06-10,0.3,5.5,71.4,,,,,,,,,,0.0,1.3,100.0,0.0
2018-06-11,0.0,3.1,71.4,,,,,,,,,,0.0,1.1,100.0,0.0
2018-06-12,0.0,2.2,67.9,,,,,,,,,,0.0,1.1,100.0,0.0
2018-06-13,,,,,,,,,,,,,0.0,1.2,100.0,0.0
2018-06-14,,,,,,,,,,,,,0.0,1.5,100.0,0.0
2018-06-15,0.0,1.8,67.3,,,,,,,,,,0.0,1.6,100.0,0.0
2018-06-16,0.0,2.4,71.7,0.0,0.0,99.0,,,,,,,0.0,1.4,100.0,0.0
2018-06-17,0.0,2.0,71.3,,,,,,,,,,0.0,1.4,100.0,0.0
2018-06-18,0.0,1.5,67.6,,,,,,,,,,0.0,1.6,100.0,0.0
2018-06-19,,,,,,,,,,,,,0.0,1.4,100.0,0.0
2018-06-20,,,,,,,,,,,,,0.0,1.1,100.0,0.0
2018-06-21,0.0,1.7,67.0,0.0,0.0,32.1,,,,,,,0.0,1.0,100.0,0.0
2018-06-22,0.0,1.5,71.5,,,,,,,,,,0.0,1.2,100.0,0.0
2018-06-23,0.0,1.3,71.2,,,,,,,,,,0.0,1.3,100.0,0.0
2018-06-24,0.0,1.3,67.8,,,,,,,,,,0.0,1.3,100.0,0.0
2018-06-25,,,,,,,,,,,,,0.0,1.5,100.0,0.0
2018-06-26,,,,,,,,,,,,,0.0,1.5,100.0,0.0
2018-06-27,0.0,1.5,67.0,,,,,,,,,,0.0,1.6,100.0,0.0
2018-06-28,0.0,1.6,71.4,,,,,,,,,,0.0,1.4,100.0,0.0
2018-06-29,,,,,,,,,,,,,0.0,1.6,100.0,0.0
2018-06-30,0.0,1.4,66.7,,,,,,,,,,0.0,1.5,100.0,0.0
2018-07-01,,,,,,,,,,,,,0.0,1.6,100.0,0.0
2018-07-02,,,,,,,,,,,,,0.0,1.6,100.0,0.0
2018-07-03,0.0,1.7,66.9,,,,,,,,,,0.0,1.9,100.0,0.0
2018-07-04,0.0,1.4,71.7,,,,,,,,,,0.0,1.9,100.0,0.0
2018-07-05,0.0,1.3,71.3,,,,,,,,,,0.0,2.1,100.0,0.0
2018-07-06,0.0,1.1,67.3,,,,,,,,,,0.0,2.0,100.0,0.0
2018-07-07,,,,,,,,,,,,,0.0,2.9,100.0,0.0
2018-07-08,,,,,,,,,,,,,0.0,3.2,100.0,0.0
2018-07-09,0.0,1.0,64.9,,,,,,,,,,0.0,3.3,100.0,0.0
2018-07-10,0.0,1.2,68.7,,,,,,,,,,0.0,3.2,100.0,0.0
2018-07-11,0.0,1.1,70.9,,,,,,,,,,0.0,3.2,100.0,0.0
2018-07-12,0.0,1.2,67.6,,,,,,,,,,0.0,1.9,100.0,0.0
2018-07-13,,,,,,,,,,,,,0.0,1.3,100.0,0.0
2018-07-14,,,,,,,,,,,,,0.0,1.1,100.0,0.0
2018-07-15,0.0,1.7,66.3,,,,,,,,,,0.0,1.1,100.0,0.0
2018-07-16,0.0,2.8,71.4,,,,,,,,,,0.0,1.0,100.0,0.0
2018-07-17,0.0,3.3,71.1,,,,,,,,,,0.0,0.8,100.0,0.0
2018-07-18,0.0,3.6,72.4,,,,,,,,,,0.0,0.7,100.0,0.0
2018-07-19,,,,,,,,,,,,,0.0,0.7,100.0,0.0
2018-07-20,,,,,,,,,,,,,0.0,0.5,100.0,0.0
2018-07-21,0.0,3.8,78.8,,,,,,,,,,0.0,0.5,100.0,0.0
2018-07-22,0.0,4.3,78.4,,,,,,,,,,0.0,0.4,100.0,0.0
2018-07-23,0.0,4.5,77.8,,,,,,,,,,0.0,0.4,100.0,0.0
2018-07-24,0.0,2.8,73.6,,,,,,,,,,0.0,0.4,100.0,0.0
2018-07-25,,,,,,,,,,,,,0.0,0.5,100.0,0.0
2018-07-26,,,,0.0,0.0,89.0,,,,,,,0.0,0.5,100.0,0.0
2018-07-27,0.0,3.7,78.8,,,,,,,,,,0.0,0.4,100.0,0.0
2018-07-28,0.0,3.8,79.1,,,,,,,,,,0.0,0.3,100.0,0.0
2018-07-29,0.1,5.5,77.1,,,,,,,,,,0.0,0.3,100.0,0.0
2018-07-30,0.0,4.1,71.4,,,,,,,,,,0.0,0.3,100.0,0.0
2018-07-31,,,,0.0,0.0,77.0,,,,0.0,0.8,100.0,0.0,0.2,100.0,0.0
2018-08-01,,,,,,,,,,,,,0.0,0.2,100.0,0.0
2018-08-02,0.0,2.6,78.8,,,,,,,,,,0.0,0.3,100.0,0.0
2018-08-03,0.0,2.2,79.0,,,,,,,,,,0.0,0.3,100.0,0.0
2018-08-04,0.0,1.9,77.5,,,,,,,0.0,0.3,100.0,0.0,0.2,100.0,0.0
2018-08-05,0.0,1.7,73.0,0.0,0.0,42.6,,,,0.0,0.2,100.0,0.0,0.3,100.0,0.0
2018-08-06,,,,,,,,,,,,,0.0,0.3,100.0,0.0
2018-08-07,,,,,,,,,,,,,0.0,0.3,100.0,0.0
2018-08-08,0.0,0.5,58.2,,,,,,,0.0,0.1,100.0,0.0,0.3,100.0,0.0
2018-08-09,0.0,0.4,58.6,,,,,,,,,,0.0,0.4,100.0,0.0
2018-08-10,0.0,0.3,57.9,,,,,,,,,,0.0,0.5,100.0,0.0
2018-08-11,0.0,0.1,56.8,,,,,,,0.0,0.0,100.0,0.0,0.4,100.0,0.0
2018-08-12,,,,,,,,,,0.0,0.0,79.5,0.0,0.5,100.0,0.0
2018-08-13,,,,,,,,,,,,,0.0,0.5,100.0,0.0
2018-08-14,0.0,0.2,58.7,,,,,,,,,,0.0,0.4,100.0,0.0
2018-08-15,0.0,0.3,60.1,0.0,0.0,55.3,,,,0.0,0.0,100.0,0.0,0.3,100.0,0.0
2018-08-16,0.0,0.4,59.5,,,,,,,,,,0.0,0.3,100.0,0.0
2018-08-17,0.0,0.3,58.2,,,,,,,,,,0.0,0.3,100.0,0.0
2018-08-18,,,,,,,,,,,,,0.0,0.4,100.0,0.0
2018-08-19,,,,,,,,,,,,,0.0,0.3,100.0,0.0
2018-08-20,0.0,0.3,58.5,0.0,0.0,78.0,,,,,,,0.0,0.2,100.0,0.0
2018-08-21,0.0,0.3,58.5,,,,,,,0.0,0.0,100.0,0.0,0.2,100.0,0.0
2018-08-22,0.0,0.2,58.2,,,,,,,0.0,0.0,91.7,0.0,0.1,100.0,0.0
2018-08-23,0.0,0.3,56.2,,,,,,,,,,0.0,0.1,100.0,0.0
2018-08-24,,,,,,,,,,,,,0.0,0.1,100.0,0.0
2018-08-25,,,,,,,,,,,,,0.0,0.1,100.0,0.0
2018-08-26,0.0,0.2,58.2,,,,,,,,,,0.0,0.1,100.0,0.0
2018-08-27,0.0,0.2,58.4,,,,,,,,,,0.0,0.1,100.0,0.0
2018-08-28,0.0,0.2,58.0,,,,,,,0.0,0.0,100.0,0.0,0.1,100.0,0.0
2018-08-29,0.0,0.2,56.2,,,,,,,0.0,0.0,100.0,0.0,0.1,100.0,0.0
2018-08-30,,,,,,,,,,,,,0.0,0.1,100.0,0.0
2018-08-31,,,,,,,,,,,,,0.0,0.1,100.0,0.0
2018-09-01,0.0,0.3,58.2,,,,,,,,,,0.0,0.1,100.0,0.0
2018-09-02,0.0,0.8,59.5,,,,,,,,,,0.0,0.1,100.0,0.0
2018-09-03,0.0,1.1,58.2,,,,,,,,,,0.0,0.1,100.0,0.0
2018-09-04,0.0,2.1,56.1,,,,,,,,,,0.0,0.1,100.0,0.0
2018-09-05,,,,,,,,,,,,,0.0,0.1,100.0,0.0
2018-09-06,,,,,,,,,,0.0,0.1,100.0,0.0,0.1,100.0,0.0
2018-09-07,0.0,2.9,80.9,,,,,,,,,,0.0,0.1,100.0,0.0
2018-09-08,0.0,2.2,80.5,,,,,,,0.0,0.2,100.0,0.0,0.1,100.0,0.0
2018-09-09,0.0,1.7,77.4,0.0,0.0,99.9,0.0,0.0,93.2,0.0,0.3,100.0,0.0,0.1,100.0,0.0
2018-09-10,0.0,0.8,73.2,,,,,,,,,,0.0,0.1,100.0,0.0
2018-09-11,,,,,,,,,,,,,0.0,0.1,100.0,0.0
2018-09-12,,,,,,,,,,,,,0.0,0.1,100.0,0.0
2018-09-13,0.0,0.4,80.1,,,,,,,,,,0.0,0.1,100.0,0.0
2018-09-14,0.0,0.4,81.6,,,,,,,,,,0.0,0.1,100.0,0.0
2018-09-15,0.0,0.4,80.6,,,,,,,,,,0.0,0.1,100.0,0.0
2018-09-16,0.1,0.4,77.3,,,,,,,,,,0.0,0.1,100.0,0.0
2018-09-17,,,,,,,,,,,,,0.0,0.1,100.0,0.0
2018-09-18,,,,,,,,,,,,,0.0,0.1,100.0,0.0
2018-09-19,0.0,0.7,81.6,,,,,,,,,,0.0,0.2,100.0,0.0
2018-09-20,0.0,1.2,82.8,,,,,,,,,,0.0,0.1,100.0,0.0
2018-09-21,0.0,1.1,81.6,,,,,,,,,,0.0,0.2,100.0,0.0
2018-09-22,0.1,1.1,77.8,,,,,,,,,,0.0,0.2,100.0,0.0
2018-09-23,,,,,,,,,,,,,0.0,0.2,100.0,0.0
2018-09-24,,,,,,,,,,0.0,2.6,100.0,0.0,0.2,100.0,0.0
2018-09-25,0.0,1.3,81.8,,,,0.0,0.0,55.6,0.0,4.0,94.7,0.0,0.2,100.0,0.0
2018-09-26,0.4,2.0,84.9,,,,,,,,,,0.0,0.2,100.0,0.0
2018-09-27,0.0,1.4,81.2,,,,,,,,,,0.0,0.3,100.0,0.0
2018-09-28,0.0,0.9,75.8,,,,,,,,,,0.0,0.3,100.0,0.0
2018-09-29,,,,0.0,0.0,100.0,,,,,,,0.0,0.2,100.0,0.0
2018-09-30,,,,,,,,,,,,,0.0,0.2,100.0,0.0
2018-10-01,0.0,1.5,81.6,,,,,,,,,,0.0,0.2,100.0,0.0
2018-10-02,0.3,2.0,81.4,,,,0.0,0.1,77.9,,,,0.0,0.3,100.0,0.0
2018-10-03,0.4,1.5,80.6,,,,,,,,,,0.0,0.2,100.0,0.0
2018-10-04,0.0,0.6,75.9,0.0,0.0,99.6,,,,,,,0.0,0.2,100.0,0.0
2018-10-05,,,,,,,,,,,,,0.0,0.2,100.0,0.0
2018-10-06,,,,,,,,,,,,,0.0,0.3,100.0,0.0
2018-10-07,1.0,2.6,81.5,,,,,,,,,,0.0,0.3,100.0,0.0
2018-10-08,1.8,3.4,81.7,,,,,,,,,,0.0,0.4,100.0,0.0
2018-10-09,0.1,2.2,80.1,0.0,0.0,100.0,,,,,,,0.0,0.4,100.0,0.0
2018-10-10,0.2,1.2,77.6,,,,,,,,,,0.0,0.6,100.0,0.0
2018-10-11,,,,,,,,,,,,,0.0,0.8,100.0,0.0
2018-10-12,,,,,,,,,,,,,0.0,1.0,100.0,0.0
2018-10-13,0.1,1.7,82.0,,,,,,,,,,0.0,1.2,100.0,0.0
2018-10-14,0.0,1.6,81.7,0.0,0.0,100.0,,,,,,,0.0,1.2,100.0,0.0
2018-10-15,0.0,1.3,80.1,,,,,,,,,,0.0,1.3,100.0,0.0
2018-10-16,0.0,1.1,75.7,,,,,,,,,,0.0,1.5,100.0,0.0
2018-10-17,,,,,,,,,,,,,0.0,1.7,100.0,0.0
2018-10-18,,,,,,,,,,,,,0.0,2.2,100.0,0.0
2018-10-19,0.0,1.1,81.5,0.0,0.0,100.0,,,,,,,0.0,2.1,100.0,0.0
2018-10-20,0.0,1.0,82.0,,,,,,,,,,0.0,1.9,100.0,0.0
2018-10-21,0.0,1.1,80.4,,,,,,,,,,0.0,2.1,100.0,0.0
2018-10-22,0.1,1.0,76.7,,,,,,,,,,0.0,2.1,100.0,0.0
2018-10-23,,,,,,,,,,,,,0.0,2.1,100.0,0.0
2018-10-24,,,,,,,,,,,,,0.0,2.0,100.0,0.0
2018-10-25,0.0,4.1,81.8,,,,,,,,,,0.0,2.1,100.0,0.0
2018-10-26,0.3,2.1,82.7,,,,,,,,,,0.0,1.9,100.0,0.0
2018-10-27,0.1,2.4,81.4,,,,,,,,,,0.0,2.5,100.0,0.0
2018-10-28,0.0,3.0,79.5,,,,,,,,,,0.0,2.0,100.0,0.0
2018-10-29,,,,,,,,,,,,,0.0,2.0,100.0,0.0
2018-10-30,,,,,,,,,,,,,0.0,1.8,100.0,0.0
2018-10-31,0.1,5.0,82.0,,,,,,,,,,0.0,1.8,100.0,0.0
2018-11-01,0.6,5.2,84.4,,,,,,,,,,0.0,1.9,100.0,0.0
2018-11-02,0.1,6.0,81.9,,,,,,,,,,0.0,2.0,100.0,0.0
2018-11-03,0.2,6.5,77.2,0.0,0.0,100.0,0.0,0.1,74.0,,,,0.0,2.0,100.0,0.0
2018-11-04,,,,,,,,,,,,,0.0,2.2,100.0,0.0
2018-11-05,,,,,,,,,,,,,0.0,2.3,100.0,0.0
2018-11-06,0.1,6.1,81.9,,,,,,,,,,0.0,2.6,100.0,0.0
2018-11-07,0.2,4.7,82.3,,,,,,,,,,0.0,3.0,100.0,0.0
2018-11-08,0.1,3.5,81.7,,,,,,,,,,0.0,3.4,100.0,0.0
2018-11-09,0.0,2.9,75.8,,,,,,,,,,0.0,3.6,100.0,0.0
2018-11-10,,,,,,,,,,,,,0.0,3.9,100.0,0.0
2018-11-11,,,,,,,,,,,,,0.0,6.1,100.0,0.0
2018-11-12,0.0,3.8,81.0,,,,,,,,,,0.0,6.0,100.0,0.0
2018-11-13,3.3,5.3,92.1,,,,,,,,,,0.0,5.9,100.0,0.0
2018-11-14,1.5,3.8,89.6,,,,,,,,,,0.0,5.6,100.0,0.0
2018-11-15,0.4,2.7,84.9,,,,,,,,,,0.0,6.3,100.0,0.0
2018-11-16,,,,,,,,,,,,,0.0,6.9,100.0,0.0
2018-11-17,,,,,,,,,,,,,0.0,7.0,100.0,0.0
2018-11-18,0.3,2.4,91.1,0.0,0.0,100.0,,,,,,,0.0,6.4,100.0,0.0
2018-11-19,0.1,2.1,89.3,,,,,,,,,,0.0,7.1,100.0,0.0
2018-11-20,0.0,1.7,87.0,,,,,,,,,,0.0,6.8,100.0,0.0
2018-11-21,0.1,1.4,80.3,,,,,,,,,,0.0,6.9,100.0,0.0
2018-11-22,,,,,,,,,,,,,0.0,6.1,100.0,0.0
2018-11-23,,,,,,,,,,,,,0.0,6.0,100.0,0.0
2018-11-24,0.0,1.1,85.5,,,,,,,,,,0.0,5.8,100.0,0.0
2018-11-25,0.0,1.0,86.8,,,,,,,,,,0.0,5.8,100.0,0.0
2018-11-26,0.0,1.0,86.7,,,,,,,,,,0.0,5.7,100.0,0.0
2018-11-27,0.0,0.7,81.3,,,,,,,,,,0.0,6.4,100.0,0.0
2018-11-28,,,,0.0,0.4,100.0,0.7,6.1,98.7,,,,0.0,6.4,100.0,0.0
2018-11-29,,,,,,,,,,,,,0.0,6.8,100.0,0.0
2018-11-30,0.1,1.2,91.5,,,,,,,,,,0.0,5.5,100.0,0.0
2018-12-01,1.1,3.0,94.1,,,,,,,,,,0.0,5.9,100.0,0.0
2018-12-02,1.3,3.1,93.0,,,,,,,,,,0.0,5.8,100.0,0.0
2018-12-03,1.6,3.5,91.8,,,,,,,,,,0.0,6.2,100.0,0.0
2018-12-04,,,,,,,,,,,,,0.0,5.4,100.0,0.0
2018-12-05,,,,,,,,,,,,,0.0,5.8,100.0,0.0
2018-12-06,0.3,2.2,91.4,,,,,,,,,,0.0,6.6,100.0,0.0
2018-12-07,1.7,3.5,93.5,,,,,,,,,,0.0,6.5,100.0,0.0
2018-12-08,1.8,3.6,92.1,,,,,,,,,,0.0,5.3,100.0,0.0
2018-12-09,0.3,1.8,87.2,,,,,,,,,,0.0,5.3,100.0,0.0
2018-12-10,,,,,,,,,,,,,0.0,5.9,100.0,0.0
2018-12-11,,,,,,,,,,,,,0.0,5.6,100.0,0.0
2018-12-12,1.0,2.5,89.8,,,,,,,,,,0.0,6.3,100.0,0.0
2018-12-13,0.5,2.6,90.0,0.1,1.5,100.0,,,,,,,0.0,6.6,100.0,0.0
2018-12-14,0.1,2.4,88.3,,,,0.0,2.4,100.0,,,,0.0,9.2,100.0,0.0
2018-12-15,0.1,1.5,82.5,,,,,,,,,,0.0,9.0,100.0,0.0
2018-12-16,,,,,,,,,,,,,0.0,9.5,100.0,0.0
2018-12-17,,,,,,,,,,,,,0.0,9.2,100.0,0.0
2018-12-18,0.0,1.7,89.3,1.4,4.0,99.8,,,,,,,0.0,10.8,100.0,0.0
2018-12-19,0.3,2.1,90.8,,,,,,,,,,0.0,10.7,100.0,0.0
2018-12-20,0.3,2.5,88.7,,,,,,,,,,0.0,10.6,100.0,0.0
2018-12-21,,,,,,,,,,,,,0.0,11.3,100.0,0.0
2018-12-22,,,,,,,,,,,,,0.0,13.1,100.0,0.0
2018-12-23,,,,,,,,,,,,,0.0,11.2,100.0,0.0
2018-12-24,0.3,2.7,91.3,,,,,,,,,,0.0,10.9,100.0,0.0
2018-12-25,0.4,2.5,90.6,,,,,,,,,,0.0,10.3,100.0,0.0
2018-12-26,0.1,1.4,90.1,,,,,,,,,,0.0,10.2,100.0,0.0
2018-12-27,0.1,1.2,86.4,,,,,,,,,,0.0,9.7,100.0,0.0
2018-12-28,,,,4.9,9.7,99.7,,,,,,,0.0,9.7,100.0,0.0
2018-12-29,,,,,,,,,,,,,0.0,8.9,100.0,0.0
2018-12-30,0.3,1.3,90.3,,,,,,,,,,0.0,10.0,100.0,0.0
2018-12-31,0.6,1.6,91.5,,,,,,,,,,0.0,9.3,100.0,0.0
2019-01-01,0.3,0.7,89.8,,,,,,,,,,0.0,8.7,100.0,0.0
2019-01-02,0.0,0.3,84.9,,,,,,,,,,0.0,8.6,100.0,0.0
2019-01-03,,,,,,,,,,,,,0.2,10.9,100.0,0.2
2019-01-04,,,,,,,,,,,,,0.9,12.9,100.0,0.9
2019-01-05,0.7,1.6,90.8,,,,,,,,,,1.5,15.3,100.0,1.5
2019-01-06,1.0,2.8,90.8,,,,,,,,,,3.4,16.7,100.0,3.4
2019-01-07,5.6,6.5,90.3,20.5,31.7,100.0,,,,,,,5.1,23.4,100.0,5.1
2019-01-08,2.1,5.0,85.7,,,,,,,,,,11.2,33.8,100.0,11.2
2019-01-09,,,,,,,,,,,,,23.9,43.1,100.0,23.9
2019-01-10,,,,,,,,,,,,,31.0,47.4,100.0,31.0
2019-01-11,12.5,20.9,90.5,,,,,,,,,,57.0,62.2,100.0,57.0
2019-01-12,55.9,49.2,90.8,,,,,,,,,,70.1,70.2,100.0,70.1
2019-01-13,99.1,68.5,90.3,,,,,,,,,,92.7,77.1,100.0,92.7
2019-01-14,99.8,67.4,84.7,,,,,,,,,,99.4,81.4,100.0,99.4
2019-01-15,,,,,,,100.0,99.9,40.9,,,,99.7,88.2,100.0,99.7
2019-01-16,,,,,,,,,,,,,99.9,92.1,100.0,99.9
2019-01-17,100.0,83.8,90.8,99.4,82.6,43.0,,,,,,,99.9,94.4,100.0,99.9
2019-01-18,100.0,91.0,91.0,,,,,,,,,,99.9,95.8,100.0,99.9
2019-01-19,100.0,92.5,89.9,,,,,,,,,,100.0,97.2,100.0,100.0
2019-01-20,100.0,91.2,85.0,,,,,,,,,,100.0,97.6,100.0,100.0
2019-01-21,,,,,,,,,,,,,100.0,97.3,100.0,100.0
2019-01-22,,,,99.2,98.3,100.0,100.0,100.0,99.9,,,,100.0,98.4,100.0,100.0
2019-01-23,100.0,95.6,90.0,,,,,,,,,,100.0,98.4,100.0,100.0
2019-01-24,100.0,97.7,90.5,,,,,,,,,,100.0,98.6,100.0,100.0
2019-01-25,100.0,97.1,89.1,,,,,,,,,,100.0,98.4,100.0,100.0
2019-01-26,100.0,94.6,83.7,,,,,,,,,,100.0,98.3,100.0,100.0
2019-01-27,,,,,,,,,,,,,100.0,98.0,100.0,100.0
2019-01-28,,,,,,,,,,,,,100.0,98.1,100.0,100.0
2019-01-29,100.0,94.4,89.5,,,,,,,,,,100.0,98.2,100.0,100.0
2019-01-30,100.0,95.8,90.7,,,,,,,,,,100.0,97.7,100.0,100.0
2019-01-31,100.0,95.8,89.7,,,,,,,,,,100.0,98.0,100.0,100.0
2019-02-01,100.0,92.7,82.8,,,,,,,,,,100.0,98.0,100.0,100.0
2019-02-02,,,,,,,,,,,,,100.0,98.0,100.0,100.0
2019-02-03,,,,,,,,,,,,,100.0,97.6,100.0,100.0
2019-02-04,100.0,93.6,89.0,,,,,,,,,,99.9,97.7,100.0,99.9
2019-02-05,100.0,95.1,89.9,,,,,,,,,,99.9,97.9,100.0,99.9
2019-02-06,100.0,95.7,89.0,99.1,99.0,100.0,,,,,,,100.0,98.3,100.0,100.0
2019-02-07,100.0,95.9,83.2,,,,,,,,,,100.0,97.9,100.0,100.0
2019-02-08,,,,,,,,,,,,,100.0,97.9,100.0,100.0
2019-02-09,,,,,,,,,,,,,100.0,97.6,100.0,100.0
2019-02-10,100.0,96.5,88.0,,,,,,,100.0,80.5,100.0,100.0,98.0,100.0,100.0
2019-02-11,100.0,96.8,90.3,,,,,,,,,,100.0,98.0,100.0,100.0
2019-02-12,,,,,,,,,,,,,100.0,98.5,100.0,100.0
2019-02-13,100.0,96.2,84.2,,,,,,,100.0,79.1,100.0,100.0,99.1,100.0,100.0
2019-02-14,,,,,,,,,,100.0,86.3,100.0,100.0,99.2,100.0,100.0
2019-02-15,,,,,,,,,,100.0,81.8,100.0,100.0,99.3,100.0,100.0
2019-02-16,100.0,96.6,90.1,98.6,98.6,100.0,100.0,100.0,99.9,100.0,89.8,100.0,100.0,99.7,100.0,100.0
2019-02-17,100.0,97.1,90.3,,,,,,,100.0,87.4,100.0,100.0,99.6,100.0,100.0
2019-02-18,99.9,97.6,89.5,,,,,,,100.0,88.5,100.0,100.0,99.6,100.0,100.0
2019-02-19,100.0,97.7,85.9,,,,,,,100.0,88.9,100.0,100.0,99.6,100.0,100.0
2019-02-20,,,,,,,,,,100.0,95.8,100.0,100.0,99.7,100.0,100.0
2019-02-21,,,,99.1,98.6,100.0,,,,100.0,95.6,100.0,100.0,99.7,100.0,100.0
2019-02-22,100.0,98.0,90.0,,,,,,,100.0,97.1,100.0,100.0,99.7,100.0,100.0
2019-02-23,99.7,97.9,90.8,,,,100.0,100.0,99.9,100.0,98.4,100.0,100.0,99.8,100.0,100.0
2019-02-24,99.9,98.3,90.8,,,,,,,100.0,98.4,100.0,100.0,99.7,100.0,100.0
2019-02-25,99.9,97.8,87.0,,,,,,,100.0,98.3,100.0,100.0,99.8,100.0,100.0
2019-02-26,,,,98.5,98.6,100.0,,,,100.0,98.1,100.0,100.0,99.7,100.0,100.0
2019-02-27,,,,,,,,,,,,,100.0,99.6,100.0,100.0
2019-02-28,,,,,,,,,,100.0,96.0,100.0,100.0,99.5,100.0,100.0
2019-03-01,100.0,98.2,91.2,,,,,,,,,,100.0,99.5,100.0,100.0
2019-03-02,100.0,97.5,89.6,,,,,,,,,,100.0,99.4,100.0,100.0
2019-03-03,100.0,97.0,85.7,98.0,98.2,100.0,,,,,,,100.0,99.4,100.0,100.0
2019-03-04,,,,,,,,,,100.0,92.6,100.0,100.0,98.9,100.0,100.0
2019-03-05,,,,,,,,,,,,,100.0,98.8,100.0,100.0
2019-03-06,100.0,95.9,90.0,,,,,,,,,,100.0,98.8,100.0,100.0
2019-03-07,99.9,95.8,89.1,,,,,,,100.0,88.0,48.9,100.0,98.5,100.0,100.0
2019-03-08,99.9,94.3,87.0,,,,,,,100.0,89.8,100.0,100.0,98.4,100.0,100.0
2019-03-09,99.6,90.5,86.1,,,,,,,,,,100.0,98.3,100.0,100.0
2019-03-10,,,,,,,,,,,,,100.0,98.0,100.0,100.0
2019-03-11,,,,,,,,,,,,,99.9,97.4,100.0,99.9
2019-03-12,99.4,88.3,90.2,,,,,,,,,,100.0,97.6,100.0,100.0
2019-03-13,98.9,88.4,92.1,,,,,,,,,,99.9,97.5,100.0,99.9
2019-03-14,99.0,88.5,90.3,,,,,,,,,,100.0,97.8,100.0,100.0
2019-03-15,98.0,87.8,86.4,,,,,,,,,,100.0,97.7,100.0,100.0
2019-03-16,,,,,,,,,,,,,100.0,98.2,100.0,100.0
2019-03-17,,,,,,,,,,,,,100.0,98.6,100.0,100.0
2019-03-18,98.2,89.1,91.6,100.0,100.0,45.8,,,,,,,100.0,99.0,100.0,100.0
2019-03-19,99.1,92.5,92.6,,,,,,,,,,100.0,99.1,100.0,100.0
2019-03-20,98.8,93.5,93.0,,,,100.0,99.9,100.0,,,,100.0,99.5,100.0,100.0
2019-03-21,98.7,95.0,90.1,,,,,,,,,,100.0,99.3,100.0,100.0
2019-03-22,,,,,,,,,,,,,100.0,99.4,100.0,100.0
2019-03-23,,,,99.9,99.1,100.0,,,,,,,100.0,99.4,100.0,100.0
2019-03-24,99.3,94.3,92.9,,,,,,,,,,100.0,99.4,100.0,100.0
2019-03-25,99.1,92.7,93.9,,,,,,,,,,100.0,99.3,100.0,100.0
2019-03-26,99.1,92.0,94.1,,,,,,,,,,100.0,99.3,100.0,100.0
2019-03-27,98.5,92.9,91.9,,,,100.0,99.6,70.0,,,,100.0,99.3,100.0,100.0
2019-03-28,,,,99.8,99.2,100.0,,,,,,,100.0,99.4,100.0,100.0
2019-03-29,,,,,,,,,,,,,100.0,99.2,100.0,100.0
2019-03-30,99.7,91.9,92.8,,,,,,,,,,100.0,99.2,100.0,100.0
2019-03-31,98.4,89.1,94.3,,,,,,,,,,100.0,98.9,100.0,100.0
2019-04-01,96.9,86.0,95.6,,,,,,,,,,100.0,99.0,100.0,100.0
2019-04-02,97.0,88.0,95.4,99.8,99.3,99.6,,,,,,,100.0,99.1,100.0,100.0
2019-04-03,,,,,,,,,,,,,100.0,98.9,100.0,100.0
2019-04-04,,,,,,,,,,,,,100.0,98.3,100.0,100.0
2019-04-05,98.4,88.1,92.7,,,,100.0,99.1,100.0,,,,100.0,98.8,100.0,100.0
2019-04-06,97.2,86.9,92.4,,,,,,,,,,100.0,98.5,100.0,100.0
2019-04-07,94.9,82.2,92.0,100.0,99.7,100.0,,,,,,,100.0,98.6,100.0,100.0
2019-04-08,90.2,73.7,90.9,,,,,,,,,,100.0,97.6,100.0,100.0
2019-04-09,,,,,,,,,,,,,100.0,97.2,100.0,100.0
2019-04-10,,,,,,,,,,,,,99.9,96.6,100.0,99.9
2019-04-11,88.6,65.6,91.0,,,,,,,,,,100.0,97.0,100.0,100.0
2019-04-12,88.6,64.2,91.5,,,,,,,,,,99.9,96.4,100.0,99.9
2019-04-13,89.2,65.3,91.2,,,,,,,,,,100.0,97.2,100.0,100.0
2019-04-14,75.1,53.3,88.8,,,,,,,,,,99.9,96.9,100.0,99.9
2019-04-15,,,,,,,,,,,,,100.0,97.1,100.0,100.0
2019-04-16,,,,,,,,,,,,,99.9,96.7,100.0,99.9
2019-04-17,72.7,52.6,91.9,100.0,99.7,100.0,,,,,,,99.9,97.7,100.0,99.9
2019-04-18,,,,,,,,,,,,,99.9,97.1,100.0,99.9
2019-04-19,91.2,63.3,91.1,,,,,,,,,,99.9,97.3,100.0,99.9
2019-04-20,95.5,68.7,91.8,,,,,,,,,,99.9,97.1,100.0,99.9
2019-04-21,,,,,,,,,,,,,99.9,97.0,100.0,99.9
2019-04-22,,,,100.0,99.8,100.0,,,,,,,99.9,97.4,100.0,99.9
2019-04-23,96.8,75.3,91.5,,,,,,,,,,100.0,97.6,100.0,100.0
2019-04-24,96.0,71.7,92.0,,,,,,,,,,100.0,97.0,100.0,100.0
2019-04-25,,,,,,,,,,,,,100.0,96.5,100.0,100.0
2019-04-26,98.0,79.1,90.5,,,,,,,,,,100.0,96.1,100.0,100.0
2019-04-27,,,,,,,,,,,,,100.0,95.7,100.0,100.0
2019-04-28,,,,,,,,,,,,,100.0,95.3,100.0,100.0
2019-04-29,97.9,79.8,91.9,,,,,,,,,,100.0,95.2,100.0,100.0
2019-04-30,98.1,79.3,91.9,,,,,,,,,,100.0,94.9,100.0,100.0
2019-05-01,93.1,71.8,91.6,,,,,,,,,,100.0,95.3,100.0,100.0
2019-05-02,92.2,72.0,88.5,100.0,99.5,90.2,,,,,,,100.0,94.9,100.0,100.0
2019-05-03,,,,,,,,,,,,,100.0,94.4,100.0,100.0
2019-05-04,,,,,,,,,,,,,100.0,94.2,100.0,100.0
2019-05-05,84.6,64.0,91.8,,,,,,,,,,100.0,95.5,100.0,100.0
2019-05-06,88.8,67.7,92.0,,,,,,,,,,100.0,94.5,100.0,100.0
2019-05-07,85.9,62.8,92.7,,,,100.0,100.0,97.0,,,,99.9,96.1,100.0,99.9
2019-05-08,91.6,73.8,89.8,,,,,,,,,,99.1,94.5,100.0,99.1
2019-05-09,,,,,,,,,,,,,99.4,94.9,100.0,99.4
2019-05-10,,,,,,,,,,,,,98.5,92.4,100.0,98.5
2019-05-11,91.3,73.7,91.7,,,,,,,,,,98.8,92.3,100.0,98.8
2019-05-12,93.8,77.1,92.2,,,,,,,,,,98.8,90.4,100.0,98.8
2019-05-13,92.3,74.5,91.9,,,,,,,,,,99.8,91.7,100.0,99.8
2019-05-14,96.1,83.8,92.7,,,,,,,,,,99.9,91.3,100.0,99.9
2019-05-15,,,,,,,,,,,,,100.0,90.9,100.0,100.0
2019-05-16,,,,,,,,,,,,,100.0,89.0,100.0,100.0
2019-05-17,95.9,82.2,92.8,,,,,,,,,,99.9,91.2,100.0,99.9
2019-05-18,95.7,84.0,92.0,,,,,,,,,,99.7,89.5,100.0,99.7
2019-05-19,91.4,77.7,91.4,,,,,,,,,,99.3,90.3,100.0,99.3
2019-05-20,94.8,85.0,89.0,,,,,,,,,,98.3,89.1,100.0,98.3
2019-05-21,,,,,,,,,,,,,98.9,91.2,100.0,98.9
2019-05-22,,,,,,,,,,,,,99.7,92.4,100.0,99.7
2019-05-23,95.7,85.2,92.0,,,,100.0,99.9,91.6,,,,99.8,95.4,100.0,99.8
2019-05-24,95.0,85.2,91.7,,,,,,,,,,99.8,95.3,100.0,99.8
2019-05-25,95.1,85.0,90.8,,,,,,,,,,100.0,96.1,100.0,100.0
2019-05-26,94.8,85.8,90.0,,,,,,,,,,100.0,96.2,100.0,100.0
2019-05-27,,,,,,,,,,,,,100.0,95.6,100.0,100.0
2019-05-28,,,,,,,,,,,,,100.0,94.2,100.0,100.0
2019-05-29,95.8,86.0,92.2,,,,,,,,,,100.0,94.1,100.0,100.0
2019-05-30,96.0,85.1,90.5,,,,,,,,,,100.0,94.3,100.0,100.0
2019-05-31,89.1,75.1,90.5,,,,,,,,,,100.0,93.0,100.0,100.0
2019-06-01,22.0,33.0,86.6,100.0,99.1,100.0,,,,,,,100.0,91.9,100.0,100.0
2019-06-02,,,,,,,,,,,,,99.9,83.0,100.0,99.9
2019-06-03,,,,,,,,,,,,,96.1,74.7,100.0,96.1
2019-06-04,6.0,18.1,90.2,,,,,,,,,,32.7,51.8,100.0,32.7
2019-06-05,0.1,5.0,90.0,,,,,,,,,,18.3,40.3,100.0,18.3
2019-06-06,0.0,1.6,90.0,,,,,,,,,,4.5,22.2,100.0,4.5
2019-06-07,0.0,0.5,84.3,,,,,,,,,,3.7,21.1,100.0,3.7
2019-06-08,,,,,,,,,,,,,0.2,12.5,100.0,0.2
2019-06-09,,,,,,,,,,,,,0.0,11.5,100.0,0.0
2019-06-10,0.1,0.5,90.2,,,,,,,,,,0.0,5.4,100.0,0.0
2019-06-11,,,,0.0,7.5,32.0,,,,,,,0.0,5.2,100.0,0.0
2019-06-12,0.0,0.4,89.0,,,,,,,,,,0.0,3.3,100.0,0.0
2019-06-13,0.0,0.2,82.3,,,,,,,,,,0.0,3.5,100.0,0.0
2019-06-14,,,,,,,,,,,,,0.0,2.6,100.0,0.0
2019-06-15,,,,,,,,,,,,,0.0,2.7,100.0,0.0
2019-06-16,0.0,0.4,89.5,,,,,,,,,,0.0,2.3,100.0,0.0
2019-06-17,0.0,0.4,90.2,,,,,,,0.0,20.9,48.6,0.0,2.0,100.0,0.0
2019-06-18,0.1,0.8,90.2,,,,,,,,,,0.0,1.5,100.0,0.0
2019-06-19,0.3,0.8,84.7,,,,,,,0.0,13.3,100.0,0.0,1.8,100.0,0.0
2019-06-20,,,,,,,,,,,,,0.0,1.8,100.0,0.0
2019-06-21,,,,,,,,,,,,,0.0,2.0,100.0,0.0
2019-06-22,0.0,0.8,90.0,,,,,,,,,,0.0,1.6,100.0,0.0
2019-06-23,0.0,1.0,91.5,,,,,,,0.0,9.1,100.0,0.0,1.7,100.0,0.0
2019-06-24,,,,,,,0.0,0.1,54.1,0.0,2.6,100.0,0.0,1.7,100.0,0.0
2019-06-25,,,,,,,,,,,,,0.0,1.6,100.0,0.0
2019-06-26,,,,0.0,0.6,100.0,,,,0.0,1.2,100.0,0.0,0.9,100.0,0.0
2019-06-27,,,,,,,,,,0.0,0.1,100.0,0.0,0.9,100.0,0.0
2019-06-28,0.0,1.1,89.5,,,,,,,0.0,0.1,100.0,0.0,0.8,100.0,0.0
2019-06-29,0.0,1.4,91.4,,,,,,,,,,0.0,0.7,100.0,0.0
2019-06-30,0.1,1.5,88.6,,,,,,,0.0,0.0,100.0,0.0,0.5,100.0,0.0
2019-07-01,0.1,1.8,85.8,,,,,,,,,,0.0,0.6,100.0,0.0
2019-07-02,,,,,,,,,,,,,0.0,0.5,100.0,0.0
2019-07-03,,,,,,,,,,,,,0.0,0.4,100.0,0.0
2019-07-04,0.0,1.6,89.8,,,,,,,,,,0.0,0.4,100.0,0.0
2019-07-05,0.0,3.4,90.5,,,,,,,,,,0.0,0.5,100.0,0.0
2019-07-06,0.0,1.4,89.1,,,,,,,0.0,0.0,100.0,0.0,0.5,100.0,0.0
2019-07-07,0.1,1.3,84.2,,,,,,,,,,0.0,0.5,100.0,0.0
2019-07-08,,,,,,,,,,,,,0.0,0.5,100.0,0.0
2019-07-09,,,,,,,,,,0.0,0.0,100.0,0.0,0.5,100.0,0.0
2019-07-10,0.0,1.1,89.8,,,,0.0,0.1,79.6,0.0,0.0,100.0,0.0,0.5,100.0,0.0
2019-07-11,0.0,1.3,90.7,,,,,,,,,,0.0,0.3,100.0,0.0
2019-07-12,0.0,1.1,90.1,,,,,,,,,,0.0,0.3,100.0,0.0
2019-07-13,0.0,0.9,83.8,,,,,,,,,,0.0,0.3,100.0,0.0
2019-07-14,,,,,,,,,,,,,0.0,0.6,100.0,0.0
2019-07-15,,,,,,,,,,,,,0.0,0.4,100.0,0.0
2019-07-16,0.0,1.0,90.0,0.0,0.0,87.2,,,,,,,0.0,0.4,100.0,0.0
2019-07-17,0.0,1.2,89.8,,,,,,,,,,0.0,0.5,100.0,0.0
2019-07-18,0.0,1.5,89.4,,,,0.0,0.0,41.5,,,,0.0,0.6,100.0,0.0
2019-07-19,0.0,1.6,83.3,,,,,,,,,,0.0,0.5,100.0,0.0
2019-07-20,,,,,,,,,,,,,0.0,0.4,100.0,0.0
2019-07-21,,,,,,,,,,,,,0.0,0.3,100.0,0.0
2019-07-22,0.0,2.4,89.8,,,,,,,0.0,0.0,100.0,0.0,0.3,100.0,0.0
2019-07-23,0.0,3.0,90.5,,,,,,,,,,0.0,0.3,100.0,0.0
2019-07-24,0.0,3.1,88.8,,,,,,,,,,0.0,0.3,100.0,0.0
2019-07-25,0.0,2.4,83.1,,,,,,,,,,0.0,0.2,100.0,0.0
2019-07-26,,,,0.0,0.0,53.6,,,,,,,0.0,0.3,100.0,0.0
2019-07-27,,,,,,,,,,,,,0.0,0.2,100.0,0.0
2019-07-28,0.0,2.1,89.8,,,,,,,,,,0.0,0.1,100.0,0.0
2019-07-29,0.0,2.2,90.6,,,,,,,0.0,0.0,100.0,0.0,0.1,100.0,0.0
2019-07-30,0.0,1.5,89.1,,,,,,,,,,0.0,0.1,100.0,0.0
2019-07-31,0.0,1.0,84.4,,,,,,,,,,0.0,0.0,100.0,0.0
2019-08-01,,,,,,,,,,,,,0.0,0.0,100.0,0.0
2019-08-02,,,,,,,,,,,,,0.0,0.0,100.0,0.0
2019-08-03,0.0,1.3,90.2,,,,,,,,,,0.0,0.0,100.0,0.0
2019-08-04,0.0,1.5,90.7,,,,,,,0.0,0.0,100.0,0.0,0.0,100.0,0.0
2019-08-05,0.0,1.4,88.5,,,,,,,,,,0.0,0.0,100.0,0.0
2019-08-06,0.0,0.8,83.3,,,,,,,,,,0.0,0.0,100.0,0.0
2019-08-07,,,,,,,,,,,,,0.0,0.0,100.0,0.0
2019-08-08,,,,,,,,,,,,,0.0,0.0,100.0,0.0
2019-08-09,0.0,1.2,90.1,,,,,,,0.0,0.0,100.0,0.0,0.0,100.0,0.0
2019-08-10,0.3,1.6,91.0,,,,,,,,,,0.0,0.0,100.0,0.0
2019-08-11,0.1,1.4,90.9,,,,0.0,0.0,88.3,0.0,0.0,81.3,0.0,0.0,100.0,0.0
2019-08-12,0.0,1.0,84.4,,,,,,,,,,0.0,0.0,100.0,0.0
2019-08-13,,,,,,,,,,,,,0.0,0.0,100.0,0.0
2019-08-14,,,,,,,,,,0.0,0.0,81.4,0.0,0.0,100.0,0.0
2019-08-15,0.0,1.6,90.3,,,,,,,,,,0.0,0.0,100.0,0.0
2019-08-16,0.0,2.0,90.2,,,,,,,0.0,0.0,54.6,0.0,0.0,100.0,0.0
2019-08-17,0.0,1.7,90.5,,,,,,,,,,0.0,0.0,100.0,0.0
2019-08-18,0.0,0.8,84.1,,,,0.0,0.0,91.2,0.0,0.0,100.0,0.0,0.0,100.0,0.0
2019-08-19,,,,,,,,,,,,,0.0,0.0,100.0,0.0
2019-08-20,,,,,,,,,,,,,0.0,0.0,100.0,0.0
2019-08-21,0.0,1.0,89.6,,,,,,,0.0,0.0,100.0,0.0,0.0,100.0,0.0
2019-08-22,0.0,1.0,90.2,,,,,,,,,,0.0,0.0,100.0,0.0
2019-08-23,,,,,,,,,,,,,0.0,0.0,100.0,0.0
2019-08-24,0.0,0.8,83.3,,,,,,,,,,0.0,0.1,100.0,0.0
2019-08-25,,,,0.0,0.0,99.1,,,,0.0,0.0,100.0,0.0,0.1,100.0,0.0
2019-08-26,,,,,,,,,,0.0,0.0,100.0,0.0,0.1,100.0,0.0
2019-08-27,0.0,0.9,89.8,,,,,,,0.0,0.0,100.0,0.0,0.1,100.0,0.0
2019-08-28,0.0,1.0,90.5,,,,,,,,,,0.0,0.1,100.0,0.0
2019-08-29,0.0,0.9,89.6,,,,,,,,,,0.0,0.1,100.0,0.0
2019-08-30,0.0,0.6,83.6,0.0,0.0,100.0,,,,,,,0.0,0.0,100.0,0.0
2019-08-31,,,,,,,,,,0.0,0.0,100.0,0.0,0.0,100.0,0.0
2019-09-01,,,,,,,,,,,,,0.0,0.0,100.0,0.0
2019-09-02,0.0,1.0,90.2,,,,,,,,,,0.0,0.0,100.0,0.0
2019-09-03,0.0,1.1,90.5,,,,0.0,0.0,94.9,0.0,0.0,100.0,0.0,0.0,100.0,0.0
2019-09-04,0.0,0.8,87.9,0.0,0.0,100.0,,,,,,,0.0,0.0,100.0,0.0
2019-09-05,0.0,0.5,81.7,,,,,,,,,,0.0,0.0,100.0,0.0
2019-09-06,,,,,,,,,,,,,0.0,0.0,100.0,0.0
2019-09-07,,,,,,,,,,0.0,0.0,100.0,0.0,0.0,100.0,0.0
2019-09-08,0.0,1.0,87.6,,,,,,,,,,0.0,0.0,100.0,0.0
2019-09-09,0.1,1.2,85.1,,,,,,,,,,0.0,0.0,100.0,0.0
2019-09-10,0.0,1.2,86.0,,,,,,,,,,0.0,0.0,100.0,0.0
2019-09-11,0.0,0.7,81.8,,,,,,,,,,0.0,0.0,100.0,0.0
2019-09-12,,,,,,,,,,,,,0.0,0.0,100.0,0.0
2019-09-13,,,,,,,,,,,,,0.0,0.0,100.0,0.0
2019-09-14,,,,0.0,0.0,100.0,,,,,,,0.0,0.0,100.0,0.0
2019-09-15,0.1,1.5,85.9,,,,,,,,,,0.0,0.0,100.0,0.0
2019-09-16,0.0,1.0,87.0,,,,,,,,,,0.0,0.0,100.0,0.0
2019-09-17,0.1,0.9,80.0,,,,,,,,,,0.0,0.0,100.0,0.0
2019-09-18,,,,,,,,,,,,,0.0,0.0,100.0,0.0
2019-09-19,,,,0.0,0.0,100.0,0.0,0.0,41.6,,,,0.0,0.0,100.0,0.0
2019-09-20,0.0,0.8,86.4,,,,,,,,,,0.0,0.0,100.0,0.0
2019-09-21,0.1,0.8,84.0,,,,,,,,,,0.0,0.1,100.0,0.0
2019-09-22,0.0,0.6,88.4,,,,,,,,,,0.0,0.1,100.0,0.0
2019-09-23,,,,,,,,,,,,,0.0,0.1,100.0,0.0
2019-09-24,,,,,,,,,,,,,0.0,0.1,100.0,0.0
2019-09-25,,,,,,,,,,,,,0.0,0.2,100.0,0.0
2019-09-26,0.0,0.6,88.6,,,,,,,,,,0.0,0.2,100.0,0.0
2019-09-27,0.0,0.5,89.1,,,,,,,,,,0.0,0.2,100.0,0.0
2019-09-28,0.0,0.8,89.1,,,,,,,,,,0.0,0.3,100.0,0.0
2019-09-29,0.0,0.4,85.0,0.0,0.0,100.0,,,,,,,0.0,0.3,100.0,0.0
2019-09-30,,,,,,,,,,0.0,0.0,100.0,0.0,0.2,100.0,0.0
2019-10-01,,,,,,,,,,0.0,0.0,100.0,0.0,0.2,100.0,0.0
2019-10-02,0.0,0.5,88.7,,,,,,,,,,0.0,0.3,100.0,0.0
2019-10-03,0.1,0.8,91.2,,,,,,,,,,0.0,0.3,100.0,0.0
2019-10-04,0.1,1.0,90.4,,,,,,,,,,0.0,0.3,100.0,0.0
2019-10-05,0.1,1.0,84.5,,,,,,,,,,0.0,0.3,100.0,0.0
2019-10-06,,,,,,,,,,,,,0.0,0.3,100.0,0.0
2019-10-07,,,,,,,,,,,,,0.0,0.3,100.0,0.0
2019-10-08,0.1,1.5,89.7,,,,,,,0.0,0.0,100.0,0.0,0.2,100.0,0.0
2019-10-09,0.2,2.7,90.7,,,,,,,0.0,0.1,63.3,0.0,0.2,100.0,0.0
2019-10-10,0.1,4.3,87.8,,,,,,,,,,0.0,0.2,100.0,0.0
2019-10-11,0.5,8.2,83.0,,,,,,,,,,0.0,0.2,100.0,0.0
2019-10-12,,,,,,,,,,,,,0.0,0.2,100.0,0.0
2019-10-13,,,,,,,,,,,,,0.0,0.2,100.0,0.0
2019-10-14,0.9,13.3,87.6,0.0,0.0,100.0,0.0,0.0,100.0,,,,0.0,0.1,100.0,0.0
2019-10-15,3.0,18.3,88.8,,,,,,,,,,0.0,0.1,100.0,0.0
2019-10-16,1.3,13.0,87.8,,,,,,,0.0,0.1,100.0,0.0,0.1,100.0,0.0
2019-10-17,0.4,6.9,83.0,,,,,,,0.0,0.1,100.0,0.0,0.1,100.0,0.0
2019-10-18,,,,,,,,,,,,,0.0,0.1,100.0,0.0
2019-10-19,,,,,,,,,,,,,0.0,0.1,100.0,0.0
2019-10-20,0.6,9.0,87.9,,,,,,,0.0,0.1,80.7,0.0,0.1,100.0,0.0
2019-10-21,0.6,8.5,88.3,,,,,,,,,,0.0,0.1,100.0,0.0
2019-10-22,,,,,,,,,,,,,0.0,0.2,100.0,0.0
2019-10-23,0.2,7.1,82.2,,,,,,,0.0,0.1,100.0,0.0,0.2,100.0,0.0
2019-10-24,,,,,,,,,,0.0,0.2,100.0,0.0,0.2,100.0,0.0
2019-10-25,,,,,,,,,,0.0,0.2,100.0,0.0,0.2,100.0,0.0
2019-10-26,0.0,3.7,88.3,,,,,,,0.0,0.4,100.0,0.0,0.2,100.0,0.0
2019-10-27,0.0,2.7,88.1,,,,,,,,,,0.0,0.3,100.0,0.0
2019-10-28,0.0,2.5,87.4,,,,,,,,,,0.0,0.2,100.0,0.0
2019-10-29,0.0,1.4,81.8,,,,,,,,,,0.0,0.4,100.0,0.0
2019-10-30,,,,,,,,,,,,,0.0,0.7,100.0,0.0
2019-10-31,,,,,,,,,,,,,0.0,0.9,100.0,0.0
2019-11-01,0.1,0.9,88.4,,,,,,,0.0,0.5,100.0,0.0,0.8,100.0,0.0
2019-11-02,0.0,0.8,88.3,,,,,,,,,,0.0,1.1,100.0,0.0
2019-11-03,0.0,0.9,87.2,,,,,,,,,,0.0,1.3,100.0,0.0
2019-11-04,0.0,1.0,82.8,,,,,,,,,,0.0,1.6,100.0,0.0
2019-11-05,,,,,,,,,,,,,0.0,1.9,100.0,0.0
2019-11-06,,,,,,,,,,,,,0.0,2.5,100.0,0.0
2019-11-07,0.1,1.4,88.5,,,,,,,,,,0.0,3.0,100.0,0.0
2019-11-08,0.1,2.0,88.4,,,,,,,,,,0.0,3.9,100.0,0.0
2019-11-09,0.0,2.4,86.7,,,,,,,,,,0.0,3.4,100.0,0.0
2019-11-10,0.1,2.8,82.6,,,,,,,,,,0.0,4.5,100.0,0.0
2019-11-11,,,,,,,,,,,,,0.0,4.5,100.0,0.0
2019-11-12,,,,,,,,,,,,,0.0,5.4,100.0,0.0
2019-11-13,0.3,3.8,88.6,,,,,,,,,,0.0,5.2,100.0,0.0
2019-11-14,0.3,9.5,89.0,,,,,,,,,,0.0,6.2,100.0,0.0
2019-11-15,0.1,8.0,87.2,,,,,,,,,,0.0,5.0,100.0,0.0
2019-11-16,0.3,2.8,84.8,,,,,,,,,,0.0,5.5,100.0,0.0
2019-11-17,,,,,,,,,,,,,0.0,5.6,100.0,0.0
2019-11-18,,,,,,,,,,,,,0.0,6.4,100.0,0.0
2019-11-19,0.1,2.1,88.3,,,,,,,,,,0.0,3.9,100.0,0.0
2019-11-20,0.1,2.1,89.7,,,,,,,,,,0.0,4.0,100.0,0.0
2019-11-21,0.1,1.4,87.8,,,,,,,,,,0.0,4.9,100.0,0.0
2019-11-22,0.0,0.5,82.8,,,,,,,,,,0.0,5.3,100.0,0.0
2019-11-23,,,,,,,,,,,,,0.0,4.4,100.0,0.0
2019-11-24,,,,,,,,,,,,,0.0,3.2,100.0,0.0
2019-11-25,0.0,0.3,87.9,,,,,,,,,,0.0,3.2,100.0,0.0
2019-11-26,0.0,0.3,88.3,,,,,,,,,,0.0,3.8,100.0,0.0
2019-11-27,0.1,0.3,87.9,,,,,,,0.0,1.1,100.0,0.0,2.7,100.0,0.0
2019-11-28,0.0,0.3,84.1,,,,,,,,,,0.0,3.0,100.0,0.0
2019-11-29,,,,,,,,,,,,,0.0,3.0,100.0,0.0
2019-11-30,,,,,,,,,,,,,0.0,3.3,100.0,0.0
2019-12-01,0.1,0.4,89.5,,,,,,,,,,0.0,3.4,100.0,0.0
2019-12-02,0.0,0.4,88.8,,,,,,,,,,0.0,3.3,100.0,0.0
2019-12-03,0.0,0.6,87.6,0.0,0.1,100.0,,,,,,,0.0,3.0,100.0,0.0
2019-12-04,0.0,0.4,82.2,,,,,,,0.0,3.2,100.0,0.0,2.8,100.0,0.0
2019-12-05,,,,,,,,,,,,,0.0,2.8,100.0,0.0
2019-12-06,,,,,,,,,,,,,0.0,3.0,100.0,0.0
2019-12-07,0.1,1.2,89.0,,,,,,,,,,0.0,2.9,100.0,0.0
2019-12-08,0.4,2.0,88.5,0.0,0.1,100.0,0.0,0.2,94.6,0.0,6.2,100.0,0.0,2.4,100.0,0.0
2019-12-09,0.1,3.1,90.5,,,,,,,0.0,5.1,100.0,0.0,2.2,100.0,0.0
2019-12-10,0.5,5.0,87.0,,,,,,,,,,0.0,2.5,100.0,0.0
2019-12-11,,,,,,,,,,,,,0.0,2.6,100.0,0.0
2019-12-12,,,,,,,,,,0.0,6.6,100.0,0.0,3.1,100.0,0.0
2019-12-13,0.3,5.1,89.3,,,,,,,,,,0.0,2.7,100.0,0.0
2019-12-14,0.7,8.1,90.6,,,,,,,,,,0.0,3.4,100.0,0.0
2019-12-15,0.4,9.0,89.6,,,,,,,0.0,6.5,100.0,0.0,3.4,100.0,0.0
2019-12-16,0.3,10.6,84.5,,,,,,,0.0,3.9,30.5,0.0,4.5,100.0,0.0
2019-12-17,,,,,,,,,,2.7,12.9,100.0,0.0,3.0,100.0,0.0
2019-12-18,,,,0.1,1.6,97.5,,,,,,,0.0,3.7,100.0,0.0
2019-12-19,0.9,12.9,88.6,,,,,,,1.4,12.6,100.0,0.0,3.7,100.0,0.0
2019-12-20,0.3,9.6,89.3,,,,,,,,,,0.0,4.6,100.0,0.0
2019-12-21,,,,,,,,,,3.7,14.7,100.0,0.0,3.9,100.0,0.0
2019-12-22,0.2,6.3,83.7,,,,,,,4.0,14.2,71.8,0.0,5.2,100.0,0.0
2019-12-23,,,,,,,,,,,,,0.0,4.9,100.0,0.0
2019-12-24,,,,,,,,,,,,,0.0,6.1,100.0,0.0
2019-12-25,0.1,4.1,89.4,,,,,,,10.2,22.3,100.0,0.0,5.6,100.0,0.0
2019-12-26,0.1,3.2,89.4,,,,,,,11.4,23.8,100.0,0.0,7.2,100.0,0.0
2019-12-27,0.0,1.8,88.0,,,,,,,,,,0.0,6.7,100.0,0.0
2019-12-28,0.0,1.3,84.7,0.1,1.8,99.4,,,,,,,0.0,8.5,100.0,0.0
2019-12-29,,,,,,,,,,27.1,35.0,100.0,0.0,9.0,100.0,0.0
2019-12-30,,,,,,,,,,,,,0.0,9.8,100.0,0.0
2019-12-31,0.0,1.1,89.1,,,,,,,,,,0.0,9.3,100.0,0.0
2020-01-01,0.0,1.3,88.3,,,,,,,,,,0.0,12.4,100.0,0.0
2020-01-02,0.1,1.1,87.7,0.2,3.4,99.6,0.3,3.8,100.0,,,,0.0,14.4,100.0,0.0
2020-01-03,0.1,0.9,84.0,,,,,,,,,,0.0,16.0,100.0,0.0
2020-01-04,,,,,,,,,,58.5,54.2,100.0,0.0,16.2,100.0,0.0
2020-01-05,,,,,,,,,,,,,0.0,21.6,100.0,0.0
2020-01-06,0.0,0.7,88.2,,,,,,,,,,0.1,24.5,100.0,0.1
2020-01-07,0.0,0.8,88.3,,,,,,,,,,0.7,26.1,100.0,0.7
2020-01-08,0.0,0.9,87.5,,,,,,,,,,0.9,28.5,100.0,0.9
2020-01-09,0.1,1.0,85.4,,,,20.2,30.1,99.8,,,,9.9,40.2,100.0,9.9
2020-01-10,,,,,,,,,,,,,13.6,44.2,100.0,13.6
2020-01-11,,,,,,,,,,,,,24.1,48.3,100.0,24.1
2020-01-12,0.3,1.2,88.7,46.0,43.3,99.9,,,,93.4,76.9,100.0,40.0,52.5,100.0,40.0
2020-01-13,0.2,2.2,88.5,,,,,,,,,,65.3,61.7,100.0,65.3
2020-01-14,0.3,5.3,89.2,,,,,,,,,,71.2,64.3,100.0,71.2
2020-01-15,0.1,8.1,85.2,,,,,,,,,,72.6,64.7,100.0,72.6
2020-01-16,,,,,,,,,,98.5,82.6,100.0,79.4,67.8,100.0,79.4
2020-01-17,,,,45.5,46.0,100.0,,,,,,,89.4,74.4,100.0,89.4
2020-01-18,0.1,9.5,89.9,,,,,,,,,,93.0,78.6,100.0,93.0
2020-01-19,0.7,11.9,91.4,,,,,,,,,,94.0,81.0,100.0,94.0
2020-01-20,4.9,20.4,90.0,,,,,,,,,,94.0,81.7,100.0,94.0
2020-01-21,14.5,26.1,85.5,,,,,,,,,,95.6,85.5,100.0,95.6
2020-01-22,,,,96.6,92.2,100.0,,,,,,,96.0,88.0,100.0,96.0
2020-01-23,,,,,,,,,,,,,96.9,89.6,100.0,96.9
2020-01-24,11.2,24.9,88.4,,,,,,,,,,96.6,90.0,100.0,96.6
2020-01-25,53.4,44.1,92.0,,,,,,,,,,97.3,92.0,100.0,97.3
2020-01-26,84.7,62.2,91.7,,,,84.9,63.0,39.1,,,,97.6,93.1,100.0,97.6
2020-01-27,93.0,74.4,85.7,97.7,96.1,100.0,,,,,,,97.9,95.1,100.0,97.9
2020-01-28,,,,,,,,,,,,,97.7,95.0,100.0,97.7
2020-01-29,,,,,,,,,,,,,98.2,95.6,100.0,98.2
2020-01-30,97.2,82.1,90.1,,,,,,,100.0,93.7,100.0,98.3,96.2,100.0,98.3
2020-01-31,98.6,83.9,93.0,,,,,,,100.0,93.4,100.0,98.4,96.7,100.0,98.4
2020-02-01,98.4,84.8,93.2,98.2,97.9,100.0,,,,,,,98.4,97.0,100.0,98.4
2020-02-02,,,,,,,,,,,,,98.4,96.9,100.0,98.4
2020-02-03,,,,,,,,,,,,,98.4,96.9,100.0,98.4
2020-02-04,,,,,,,,,,,,,98.5,97.3,100.0,98.5
2020-02-05,99.8,86.5,90.4,,,,,,,100.0,96.2,63.5,98.7,97.6,100.0,98.7
2020-02-06,99.9,88.9,90.7,98.7,98.1,100.0,,,,,,,99.1,97.9,100.0,99.1
2020-02-07,99.9,87.1,89.7,,,,,,,100.0,97.0,100.0,99.6,97.9,100.0,99.6
2020-02-08,99.8,84.8,85.8,,,,,,,100.0,97.8,100.0,99.6,98.0,100.0,99.6
2020-02-09,,,,,,,,,,,,,99.8,98.0,100.0,99.8
2020-02-10,,,,,,,,,,,,,99.8,97.9,100.0,99.8
2020-02-11,99.8,83.9,89.3,,,,,,,100.0,98.2,36.2,100.0,97.8,100.0,100.0
2020-02-12,99.9,86.9,90.9,,,,,,,,,,100.0,98.0,100.0,100.0
2020-02-13,99.9,89.6,89.3,,,,,,,100.0,98.5,100.0,100.0,98.0,100.0,100.0
2020-02-14,99.5,87.6,84.2,,,,,,,100.0,99.0,100.0,100.0,97.6,100.0,100.0
2020-02-15,,,,,,,,,,100.0,98.9,100.0,100.0,97.3,100.0,100.0
2020-02-16,,,,,,,,,,,,,100.0,97.3,100.0,100.0
2020-02-17,99.7,87.2,90.0,,,,,,,,,,100.0,97.0,100.0,100.0
2020-02-18,99.9,89.4,90.3,,,,,,,,,,100.0,96.8,100.0,100.0
2020-02-19,,,,,,,,,,100.0,98.9,100.0,100.0,96.4,100.0,100.0
2020-02-20,100.0,91.9,85.5,,,,,,,100.0,98.7,100.0,100.0,96.7,100.0,100.0
2020-02-21,,,,,,,,,,100.0,98.8,100.0,100.0,96.3,100.0,100.0
2020-02-22,,,,,,,,,,100.0,99.0,100.0,100.0,95.1,100.0,100.0
2020-02-23,99.9,92.5,90.0,,,,,,,,,,100.0,95.5,100.0,100.0
2020-02-24,99.9,92.5,90.6,,,,,,,,,,100.0,95.1,100.0,100.0
2020-02-25,99.7,91.9,91.1,,,,,,,,,,100.0,95.5,100.0,100.0
2020-02-26,98.5,91.4,90.5,,,,,,,,,,100.0,94.3,100.0,100.0
2020-02-27,,,,,,,,,,,,,100.0,96.2,100.0,100.0
2020-02-28,,,,,,,,,,,,,100.0,96.1,100.0,100.0
2020-02-29,100.0,92.3,89.8,,,,,,,,,,99.9,96.6,100.0,99.9
2020-03-01,99.9,92.0,91.4,,,,,,,100.0,98.9,100.0,99.6,96.2,100.0,99.6
2020-03-02,97.6,88.5,90.6,,,,,,,,,,99.2,96.4,100.0,99.2
2020-03-03,99.7,87.8,76.6,,,,,,,,,,99.3,96.5,100.0,99.3
2020-03-04,,,,,,,,,,,,,99.6,96.8,100.0,99.6
2020-03-05,,,,,,,,,,,,,97.8,95.7,100.0,97.8
2020-03-06,98.9,82.9,81.3,,,,,,,,,,98.1,96.5,100.0,98.1
2020-03-07,99.1,84.1,81.9,,,,,,,,,,98.7,97.2,100.0,98.7
2020-03-08,96.9,79.2,80.4,,,,,,,,,,99.5,97.9,100.0,99.5
2020-03-09,94.3,78.0,76.4,,,,,,,,,,99.1,97.6,100.0,99.1
2020-03-10,,,,,,,,,,100.0,99.0,100.0,99.5,97.8,100.0,99.5
2020-03-11,,,,,,,,,,,,,99.5,98.1,100.0,99.5
2020-03-12,89.4,65.9,80.8,99.8,98.5,100.0,,,,,,,99.7,98.6,100.0,99.7
2020-03-13,93.8,72.1,81.2,,,,,,,100.0,98.7,100.0,99.6,98.4,100.0,99.6
2020-03-14,88.1,67.0,81.6,,,,,,,100.0,99.0,100.0,99.7,98.5,100.0,99.7
2020-03-15,90.6,72.4,82.4,,,,,,,,,,99.9,98.6,100.0,99.9
2020-03-16,,,,,,,,,,,,,100.0,98.7,100.0,100.0
2020-03-17,,,,99.6,98.5,100.0,,,,,,,100.0,98.7,100.0,100.0
2020-03-18,85.3,65.7,83.0,,,,,,,100.0,98.2,100.0,100.0,98.5,100.0,100.0
2020-03-19,84.4,62.9,82.9,,,,,,,,,,100.0,98.6,100.0,100.0
2020-03-20,81.2,60.8,81.7,,,,,,,,,,100.0,98.5,100.0,100.0
2020-03-21,92.5,72.0,79.2,,,,,,,,,,100.0,98.6,100.0,100.0
2020-03-22,,,,100.0,99.0,39.0,96.5,89.4,77.6,,,,99.9,98.3,100.0,99.9
2020-03-23,,,,,,,,,,,,,100.0,98.6,100.0,100.0
2020-03-24,91.5,70.1,81.2,,,,,,,,,,100.0,98.6,100.0,100.0
2020-03-25,93.0,73.2,81.3,,,,,,,,,,100.0,98.7,100.0,100.0
2020-03-26,93.5,73.9,81.0,,,,,,,100.0,98.6,100.0,100.0,98.6,100.0,100.0
2020-03-27,94.5,78.7,79.2,100.0,99.0,100.0,,,,100.0,97.9,100.0,100.0,99.0,100.0,100.0
2020-03-28,,,,,,,,,,,,,100.0,98.7,100.0,100.0
2020-03-29,,,,,,,,,,100.0,98.1,100.0,100.0,98.6,100.0,100.0
2020-03-30,91.8,71.6,81.6,,,,,,,100.0,97.2,100.0,100.0,98.5,100.0,100.0
2020-03-31,86.5,68.4,81.8,,,,,,,,,,100.0,98.6,100.0,100.0
2020-04-01,85.0,64.3,80.5,100.0,99.0,100.0,,,,,,,100.0,98.7,100.0,100.0
2020-04-02,89.3,71.0,78.3,,,,,,,100.0,96.4,100.0,100.0,98.4,100.0,100.0
2020-04-03,,,,,,,,,,100.0,95.5,100.0,100.0,98.4,100.0,100.0
2020-04-04,,,,,,,,,,100.0,94.3,100.0,100.0,98.4,100.0,100.0
2020-04-05,78.7,58.0,81.7,,,,,,,100.0,92.9,100.0,100.0,98.4,100.0,100.0
2020-04-06,80.9,62.6,83.5,99.4,98.5,100.0,,,,99.9,90.5,100.0,100.0,98.5,100.0,100.0
2020-04-07,86.0,63.5,80.8,,,,100.0,97.5,86.2,99.9,87.4,100.0,100.0,98.5,100.0,100.0
2020-04-08,94.2,76.3,78.1,,,,,,,99.5,82.6,100.0,100.0,98.1,100.0,100.0
2020-04-09,,,,,,,,,,,,,100.0,98.0,100.0,100.0
2020-04-10,,,,,,,,,,,,,100.0,97.5,100.0,100.0
2020-04-11,95.6,78.9,81.6,99.1,97.8,100.0,,,,,,,100.0,97.7,100.0,100.0
2020-04-12,95.2,78.3,82.5,,,,,,,98.1,77.8,100.0,99.9,96.7,100.0,99.9
2020-04-13,97.2,81.1,81.1,,,,,,,,,,99.8,96.4,100.0,99.8
2020-04-14,96.6,80.8,79.7,,,,,,,,,,99.5,95.8,100.0,99.5
2020-04-15,,,,,,,,,,98.1,78.5,100.0,99.1,95.1,100.0,99.1
2020-04-16,,,,98.5,86.6,100.0,,,,,,,99.1,94.4,100.0,99.1
2020-04-17,95.4,80.7,82.0,,,,,,,96.3,74.1,100.0,99.0,92.8,100.0,99.0
2020-04-18,96.5,79.9,81.7,,,,,,,,,,98.5,91.6,100.0,98.5
2020-04-19,,,,,,,,,,,,,97.3,89.7,100.0,97.3
2020-04-20,94.2,75.4,75.8,,,,,,,94.6,73.1,100.0,96.7,88.7,100.0,96.7
2020-04-21,,,,,,,,,,,,,93.9,85.5,100.0,93.9
2020-04-22,,,,,,,,,,,,,93.2,83.8,100.0,93.2
2020-04-23,89.6,70.9,81.1,,,,94.0,81.3,55.8,97.5,74.7,100.0,90.2,81.0,100.0,90.2
2020-04-24,87.0,67.5,81.4,,,,,,,88.7,65.5,100.0,90.7,80.0,100.0,90.7
2020-04-25,81.2,61.4,79.1,,,,,,,72.6,55.0,100.0,83.6,74.3,100.0,83.6
2020-04-26,66.1,51.8,76.0,,,,,,,,,,82.1,71.4,100.0,82.1
2020-04-27,,,,,,,,,,26.0,38.6,100.0,58.7,59.2,100.0,58.7
2020-04-28,,,,,,,,,,,,,48.3,54.6,100.0,48.3
2020-04-29,12.6,23.3,81.4,,,,,,,,,,23.2,45.1,100.0,23.2
2020-04-30,3.0,16.6,82.2,,,,,,,,,,19.2,40.6,100.0,19.2
2020-05-01,0.0,6.8,80.7,,,,,,,,,,15.3,30.6,100.0,15.3
2020-05-02,0.0,4.0,79.4,,,,,,,,,,17.2,27.5,100.0,17.2
2020-05-03,,,,,,,,,,1.0,23.7,100.0,16.7,25.4,100.0,16.7
2020-05-04,,,,,,,,,,,,,17.3,23.8,100.0,17.3
2020-05-05,0.0,1.7,80.5,,,,,,,,,,11.3,20.1,100.0,11.3
2020-05-06,0.0,0.9,81.3,,,,,,,,,,9.1,18.0,100.0,9.1
2020-05-07,0.0,0.5,80.5,,,,,,,,,,0.3,13.2,100.0,0.3
2020-05-08,0.0,0.3,74.7,,,,,,,,,,0.0,10.9,100.0,0.0
2020-05-09,,,,,,,,,,0.0,4.9,100.0,0.0,9.4,100.0,0.0
2020-05-10,,,,,,,,,,,,,0.0,9.7,100.0,0.0
2020-05-11,0.0,0.3,80.9,,,,,,,,,,0.0,9.4,100.0,0.0
2020-05-12,0.0,0.5,80.5,,,,,,,,,,0.0,8.1,100.0,0.0
2020-05-13,0.0,0.4,79.5,,,,,,,,,,0.0,7.7,100.0,0.0
2020-05-14,0.0,0.4,74.6,,,,,,,,,,0.0,7.4,100.0,0.0
2020-05-15,,,,,,,,,,,,,0.0,6.5,100.0,0.0
2020-05-16,,,,,,,,,,,,,0.0,5.7,100.0,0.0
2020-05-17,0.0,0.6,80.6,,,,,,,0.0,1.5,100.0,0.0,5.1,100.0,0.0
2020-05-18,0.0,1.1,81.0,,,,,,,,,,0.0,5.9,100.0,0.0
2020-05-19,0.0,0.9,79.0,,,,,,,,,,0.0,6.3,100.0,0.0
2020-05-20,0.0,0.8,75.4,,,,,,,,,,0.0,6.2,100.0,0.0
2020-05-21,,,,0.0,0.6,100.0,,,,0.0,0.5,100.0,0.0,4.7,100.0,0.0
2020-05-22,,,,,,,,,,,,,0.0,5.0,100.0,0.0
2020-05-23,0.0,0.7,80.9,,,,,,,,,,0.0,4.5,100.0,0.0
2020-05-24,0.0,1.1,81.7,,,,,,,,,,0.0,4.5,100.0,0.0
2020-05-25,0.0,1.4,80.1,,,,,,,0.0,0.6,55.9,0.0,4.3,100.0,0.0
2020-05-26,0.0,1.0,75.9,0.0,0.0,34.4,,,,,,,0.0,4.4,100.0,0.0
2020-05-27,,,,,,,,,,,,,0.0,4.2,100.0,0.0
2020-05-28,,,,,,,,,,,,,0.0,3.8,100.0,0.0
2020-05-29,0.0,1.2,81.1,,,,,,,,,,0.0,3.3,100.0,0.0
2020-05-30,0.0,1.2,81.8,,,,,,,,,,0.0,2.8,100.0,0.0
2020-05-31,0.0,1.5,80.2,,,,,,,,,,0.0,2.7,100.0,0.0
2020-06-01,0.0,1.9,74.7,,,,,,,0.0,0.2,87.9,0.0,2.2,100.0,0.0
2020-06-02,,,,,,,,,,,,,0.0,2.1,100.0,0.0
2020-06-03,,,,,,,,,,,,,0.0,2.0,100.0,0.0
2020-06-04,0.0,2.2,81.8,,,,,,,,,,0.0,2.2,100.0,0.0
2020-06-05,0.0,1.4,82.4,,,,,,,,,,0.0,2.5,100.0,0.0
2020-06-06,0.0,0.7,80.6,,,,,,,,,,0.0,2.6,100.0,0.0
2020-06-07,0.0,0.8,77.7,,,,,,,,,,0.0,2.7,100.0,0.0
2020-06-08,,,,,,,,,,,,,0.0,2.7,100.0,0.0
2020-06-09,,,,,,,,,,,,,0.0,2.6,100.0,0.0
2020-06-10,0.0,0.9,81.9,,,,,,,,,,0.0,2.3,100.0,0.0
2020-06-11,0.0,1.1,83.2,,,,,,,,,,0.0,2.7,100.0,0.0
2020-06-12,0.0,0.5,80.0,,,,,,,0.0,0.1,63.8,0.0,2.3,100.0,0.0
2020-06-13,0.0,0.5,76.1,,,,,,,0.0,0.0,100.0,0.0,2.4,100.0,0.0
2020-06-14,,,,,,,,,,,,,0.0,2.5,100.0,0.0
2020-06-15,,,,,,,,,,,,,0.0,2.6,100.0,0.0
2020-06-16,0.0,0.7,81.6,,,,,,,,,,0.0,2.0,100.0,0.0
2020-06-17,0.0,1.2,83.3,,,,,,,,,,0.0,2.5,100.0,0.0
2020-06-18,,,,,,,,,,,,,0.0,2.8,100.0,0.0
2020-06-19,0.0,0.5,76.2,,,,,,,,,,0.0,3.0,100.0,0.0
2020-06-20,,,,,,,,,,,,,0.0,2.3,100.0,0.0
2020-06-21,,,,,,,,,,,,,0.0,2.5,100.0,0.0
2020-06-22,0.0,0.7,81.4,,,,,,,,,,0.0,2.5,100.0,0.0
2020-06-23,0.0,0.9,82.0,,,,,,,0.0,0.0,100.0,0.0,2.3,100.0,0.0
2020-06-24,,,,,,,,,,,,,0.0,2.1,100.0,0.0
2020-06-25,0.0,0.6,74.8,,,,,,,0.0,0.0,100.0,0.0,1.9,100.0,0.0
2020-06-26,,,,,,,,,,,,,0.0,1.5,100.0,0.0
2020-06-27,,,,,,,,,,0.0,0.0,100.0,0.0,1.4,100.0,0.0
2020-06-28,0.0,0.9,81.4,,,,,,,0.0,0.0,100.0,0.0,1.0,100.0,0.0
2020-06-29,0.2,1.4,82.5,,,,,,,,,,0.0,1.0,100.0,0.0
2020-06-30,0.1,1.3,80.1,0.0,0.0,71.7,,,,0.0,0.0,100.0,0.0,0.8,100.0,0.0
2020-07-01,0.2,1.2,75.0,,,,,,,0.0,0.0,100.0,0.0,0.8,100.0,0.0
2020-07-02,,,,,,,,,,,,,0.0,0.6,100.0,0.0
2020-07-03,,,,,,,,,,,,,0.0,0.8,100.0,0.0
2020-07-04,0.0,1.7,81.1,,,,,,,0.0,0.0,100.0,0.0,0.5,100.0,0.0
2020-07-05,0.0,1.3,68.7,,,,,,,,,,0.0,0.5,100.0,0.0
2020-07-06,0.0,0.9,68.4,,,,,,,,,,0.0,0.3,100.0,0.0
2020-07-07,0.0,0.9,64.9,,,,,,,,,,0.0,0.3,100.0,0.0
2020-07-08,,,,,,,,,,0.0,0.0,100.0,0.0,0.3,100.0,0.0
2020-07-09,,,,,,,,,,0.0,0.0,100.0,0.0,0.2,100.0,0.0
2020-07-10,0.0,0.9,68.0,0.0,0.0,100.0,,,,,,,0.0,0.1,100.0,0.0
2020-07-11,0.0,1.5,68.4,,,,,,,,,,0.0,0.1,100.0,0.0
2020-07-12,0.0,2.0,68.0,,,,0.0,0.0,95.6,,,,0.0,0.1,100.0,0.0
2020-07-13,0.0,1.2,65.2,,,,,,,,,,0.0,0.1,100.0,0.0
2020-07-14,,,,,,,,,,,,,0.0,0.1,100.0,0.0
2020-07-15,,,,,,,,,,,,,0.0,0.1,100.0,0.0
2020-07-16,0.0,1.4,68.1,,,,,,,,,,0.0,0.1,100.0,0.0
2020-07-17,0.0,1.5,68.3,,,,,,,,,,0.0,0.1,100.0,0.0
2020-07-18,0.0,2.1,68.0,,,,,,,0.0,0.0,76.3,0.0,0.1,100.0,0.0
2020-07-19,0.0,1.9,65.9,,,,,,,,,,0.0,0.1,100.0,0.0
2020-07-20,,,,0.0,0.0,92.2,0.0,0.0,41.3,,,,0.0,0.1,100.0,0.0
2020-07-21,,,,,,,,,,,,,0.0,0.1,100.0,0.0
2020-07-22,0.0,2.0,68.7,,,,,,,,,,0.0,0.1,100.0,0.0
2020-07-23,0.0,2.8,68.5,,,,,,,,,,0.0,0.1,100.0,0.0
2020-07-24,0.0,3.6,67.0,,,,,,,,,,0.0,0.1,100.0,0.0
2020-07-25,0.0,2.1,64.6,,,,,,,0.0,0.0,100.0,0.0,0.0,100.0,0.0
2020-07-26,,,,,,,,,,0.0,0.0,100.0,0.0,0.1,100.0,0.0
2020-07-27,,,,,,,,,,,,,0.0,0.0,100.0,0.0
2020-07-28,0.0,1.8,67.9,,,,0.0,0.0,77.1,,,,0.0,0.1,100.0,0.0
2020-07-29,0.0,2.7,70.1,,,,,,,0.0,0.0,100.0,0.0,0.1,100.0,0.0
2020-07-30,,,,0.0,0.0,35.7,,,,,,,0.0,0.1,100.0,0.0
2020-07-31,0.0,3.5,66.4,,,,,,,,,,0.0,0.0,100.0,0.0
2020-08-01,,,,,,,,,,,,,0.0,0.1,100.0,0.0
2020-08-02,,,,,,,,,,,,,0.0,0.1,100.0,0.0
2020-08-03,0.0,1.6,68.0,,,,,,,,,,0.0,0.1,100.0,0.0
2020-08-04,0.0,1.4,69.0,,,,,,,,,,0.0,0.1,100.0,0.0
2020-08-05,0.0,1.1,69.1,,,,,,,,,,0.0,0.1,100.0,0.0
2020-08-06,0.0,1.0,65.1,,,,,,,,,,0.0,0.1,100.0,0.0
2020-08-07,,,,,,,,,,0.0,0.0,100.0,0.0,0.1,100.0,0.0
2020-08-08,,,,,,,,,,0.0,0.0,100.0,0.0,0.0,100.0,0.0
2020-08-09,0.0,0.9,68.2,0.0,0.0,100.0,,,,,,,0.0,0.0,100.0,0.0
2020-08-10,0.0,1.0,70.2,,,,,,,0.0,0.0,60.6,0.0,0.0,100.0,0.0
2020-08-11,0.0,1.5,68.5,,,,,,,0.0,0.0,93.2,0.0,0.0,100.0,0.0
2020-08-12,0.0,0.9,64.8,,,,,,,0.0,0.0,89.1,0.0,0.0,100.0,0.0
2020-08-13,,,,,,,,,,,,,0.0,0.0,100.0,0.0
2020-08-14,,,,,,,,,,,,,0.0,0.0,100.0,0.0
2020-08-15,0.0,1.2,68.3,,,,,,,0.0,0.0,97.4,0.0,0.0,100.0,0.0
2020-08-16,0.1,1.1,68.2,,,,,,,,,,0.0,0.0,100.0,0.0
2020-08-17,0.0,1.1,67.9,,,,,,,,,,0.0,0.0,100.0,0.0
2020-08-18,0.0,0.9,65.0,,,,,,,,,,0.0,0.0,100.0,0.0
2020-08-19,,,,,,,,,,0.0,0.0,100.0,0.0,0.0,100.0,0.0
2020-08-20,,,,,,,0.0,0.0,99.4,0.0,0.0,100.0,0.0,0.0,100.0,0.0
2020-08-21,0.0,1.0,67.9,,,,,,,0.0,0.0,100.0,0.0,0.0,100.0,0.0
2020-08-22,0.1,1.2,68.2,,,,,,,0.0,0.0,100.0,0.0,0.0,100.0,0.0
2020-08-23,0.0,1.3,67.7,,,,,,,,,,0.0,0.0,100.0,0.0
2020-08-24,0.3,1.7,78.5,,,,,,,,,,0.0,0.0,100.0,0.0
2020-08-25,,,,,,,,,,0.0,0.0,100.0,0.0,0.0,100.0,0.0
2020-08-26,,,,,,,,,,,,,0.0,0.0,100.0,0.0
2020-08-27,0.0,1.1,72.1,,,,,,,0.0,0.0,100.0,0.0,0.0,100.0,0.0
2020-08-28,0.0,1.6,78.5,,,,0.0,0.0,69.4,,,,0.0,0.0,100.0,0.0
2020-08-29,0.0,1.8,80.3,,,,,,,,,,0.0,0.0,100.0,0.0
2020-08-30,0.0,2.1,77.9,,,,,,,,,,0.0,0.0,100.0,0.0
2020-08-31,,,,,,,,,,,,,0.0,0.0,100.0,0.0
2020-09-01,,,,,,,,,,0.0,0.0,98.7,0.0,0.0,100.0,0.0
2020-09-02,0.1,2.2,75.2,,,,,,,,,,0.0,0.0,100.0,0.0
2020-09-03,0.2,3.3,79.7,,,,,,,,,,0.0,0.0,100.0,0.0
2020-09-04,0.0,2.1,80.2,,,,,,,0.0,0.0,100.0,0.0,0.0,100.0,0.0
2020-09-05,0.0,1.5,62.4,,,,0.0,0.0,99.8,,,,0.0,0.0,100.0,0.0
2020-09-06,,,,,,,,,,,,,0.0,0.0,100.0,0.0
2020-09-07,,,,,,,,,,0.0,0.0,100.0,0.0,0.0,100.0,0.0
2020-09-08,0.0,1.1,57.7,0.0,0.0,100.0,,,,,,,0.0,0.0,100.0,0.0
2020-09-09,0.0,1.7,62.5,,,,,,,0.0,0.0,100.0,0.0,0.0,100.0,0.0
2020-09-10,0.0,3.1,62.4,,,,,,,,,,0.0,0.0,100.0,0.0
2020-09-11,0.0,1.7,62.3,,,,,,,0.0,0.0,100.0,0.0,0.0,100.0,0.0
2020-09-12,,,,,,,,,,,,,0.0,0.0,100.0,0.0
2020-09-13,,,,0.0,0.0,99.9,,,,0.0,0.1,95.4,0.0,0.0,100.0,0.0
2020-09-14,0.0,1.5,56.7,,,,0.0,0.0,100.0,,,,0.0,0.0,100.0,0.0
2020-09-15,0.0,1.2,62.6,,,,,,,,,,0.0,0.0,100.0,0.0
2020-09-16,0.0,1.6,62.6,,,,,,,,,,0.0,0.0,100.0,0.0
2020-09-17,0.0,1.7,62.1,,,,,,,,,,0.0,0.0,100.0,0.0
2020-09-18,,,,0.0,0.0,99.5,,,,,,,0.0,0.0,100.0,0.0
2020-09-19,,,,,,,,,,,,,0.0,0.0,100.0,0.0
2020-09-20,0.0,0.8,57.7,,,,,,,,,,0.0,0.0,100.0,0.0
2020-09-21,0.0,0.8,62.1,,,,,,,,,,0.0,0.0,100.0,0.0
2020-09-22,0.0,1.0,62.5,,,,,,,,,,0.0,0.0,100.0,0.0
2020-09-23,0.0,1.7,62.0,,,,,,,,,,0.0,0.0,100.0,0.0
2020-09-24,,,,,,,,,,,,,0.0,0.0,100.0,0.0
2020-09-25,,,,,,,,,,,,,0.0,0.0,100.0,0.0
2020-09-26,0.0,2.4,59.6,,,,,,,,,,0.0,0.1,100.0,0.0
2020-09-27,0.0,4.4,62.3,,,,,,,,,,0.0,0.0,100.0,0.0
2020-09-28,0.1,2.1,62.1,,,,,,,,,,0.0,0.1,100.0,0.0
2020-09-29,0.0,1.7,62.1,,,,,,,,,,0.0,0.1,100.0,0.0
2020-09-30,,,,,,,0.0,0.0,84.3,0.0,0.1,100.0,0.0,0.1,100.0,0.0
2020-10-01,,,,,,,,,,0.0,0.3,52.6,0.0,0.2,100.0,0.0
2020-10-02,0.0,1.4,58.1,,,,,,,,,,0.0,0.2,100.0,0.0
2020-10-03,0.0,1.5,62.3,,,,,,,,,,0.0,0.3,100.0,0.0
2020-10-04,0.0,0.8,62.3,,,,,,,,,,0.0,0.4,100.0,0.0
2020-10-05,0.1,0.7,62.1,,,,,,,,,,0.0,0.4,100.0,0.0
2020-10-06,,,,,,,,,,,,,0.0,0.5,100.0,0.0
2020-10-07,,,,,,,,,,,,,0.0,0.7,100.0,0.0
2020-10-08,0.0,0.7,59.0,,,,,,,0.0,0.2,100.0,0.0,0.7,100.0,0.0
2020-10-09,0.0,0.9,61.9,,,,,,,,,,0.0,0.8,100.0,0.0
2020-10-10,0.0,2.3,63.0,,,,,,,,,,0.0,1.0,100.0,0.0
2020-10-11,0.0,2.3,62.3,,,,,,,,,,0.0,1.4,100.0,0.0
2020-10-12,,,,,,,,,,,,,0.0,1.6,100.0,0.0
2020-10-13,,,,0.0,0.0,100.0,,,,0.0,0.3,100.0,0.0,1.4,100.0,0.0
2020-10-14,0.2,7.5,58.2,,,,,,,0.0,0.3,100.0,0.0,1.7,100.0,0.0
2020-10-15,0.1,13.9,62.3,,,,,,,,,,0.0,2.2,100.0,0.0
2020-10-16,,,,,,,,,,0.0,0.6,89.3,0.0,3.0,100.0,0.0
2020-10-17,0.1,11.2,62.4,,,,,,,0.0,0.6,62.8,0.0,2.7,100.0,0.0
2020-10-18,,,,,,,,,,,,,0.0,3.1,100.0,0.0
2020-10-19,,,,,,,,,,,,,0.0,3.1,100.0,0.0
2020-10-20,1.7,5.9,76.0,,,,,,,,,,0.0,3.6,100.0,0.0
2020-10-21,0.8,4.4,80.9,,,,,,,0.0,0.4,35.4,0.0,4.0,100.0,0.0
2020-10-22,0.5,4.3,80.5,,,,,,,,,,0.0,3.9,100.0,0.0
2020-10-23,0.2,4.0,81.3,,,,,,,,,,0.0,3.3,100.0,0.0
2020-10-24,,,,,,,,,,,,,0.0,3.4,100.0,0.0
2020-10-25,,,,,,,,,,0.0,0.6,100.0,0.0,2.3,100.0,0.0
2020-10-26,0.1,2.5,77.5,,,,,,,,,,0.0,2.6,100.0,0.0
2020-10-27,0.1,4.1,81.9,,,,,,,,,,0.0,1.9,100.0,0.0
2020-10-28,0.0,6.1,84.6,,,,,,,,,,0.0,1.9,100.0,0.0
2020-10-29,0.0,8.5,87.0,,,,,,,,,,0.0,1.5,100.0,0.0
2020-10-30,,,,,,,,,,,,,0.0,1.4,100.0,0.0
2020-10-31,,,,,,,,,,,,,0.0,1.2,100.0,0.0
2020-11-01,0.0,3.2,82.9,,,,,,,,,,0.0,1.3,100.0,0.0
2020-11-02,0.0,3.6,86.5,0.0,0.0,100.0,,,,,,,0.0,0.7,100.0,0.0
2020-11-03,0.0,4.1,86.9,,,,,,,,,,0.0,0.6,100.0,0.0
2020-11-04,0.0,8.3,83.3,,,,,,,,,,0.0,0.6,100.0,0.0
2020-11-05,,,,,,,,,,,,,0.0,0.7,100.0,0.0
2020-11-06,,,,,,,,,,,,,0.0,0.6,100.0,0.0
2020-11-07,0.1,5.0,81.4,0.0,0.0,99.6,,,,,,,0.0,0.7,100.0,0.0
2020-11-08,0.1,6.3,86.1,,,,,,,,,,0.0,0.6,100.0,0.0
2020-11-09,0.0,2.1,87.0,,,,,,,,,,0.0,0.7,100.0,0.0
2020-11-10,0.1,2.0,83.8,,,,,,,,,,0.0,0.8,100.0,0.0
2020-11-11,,,,,,,,,,,,,0.0,0.9,100.0,0.0
2020-11-12,,,,0.0,0.0,100.0,,,,,,,0.0,0.7,100.0,0.0
2020-11-13,0.1,1.4,79.4,,,,,,,,,,0.0,0.7,100.0,0.0
2020-11-14,0.0,1.1,83.7,,,,,,,,,,0.0,0.6,100.0,0.0
2020-11-15,0.1,0.8,82.9,,,,,,,,,,0.0,0.7,100.0,0.0
2020-11-16,0.0,0.9,82.3,,,,,,,,,,0.0,0.7,100.0,0.0
2020-11-17,,,,0.0,0.1,100.0,0.0,0.0,52.8,,,,0.0,0.7,100.0,0.0
2020-11-18,,,,,,,,,,,,,0.0,0.6,100.0,0.0
2020-11-19,0.1,0.8,76.6,,,,,,,,,,0.0,0.7,100.0,0.0
2020-11-20,0.0,0.9,81.3,,,,,,,,,,0.0,0.9,100.0,0.0
2020-11-21,0.1,1.4,82.6,,,,,,,,,,0.0,1.5,100.0,0.0
2020-11-22,0.1,1.3,82.3,0.0,0.1,99.8,,,,,,,0.0,1.4,100.0,0.0
2020-11-23,,,,,,,,,,,,,0.0,1.5,100.0,0.0
2020-11-24,,,,,,,0.0,0.1,72.4,,,,0.0,1.4,100.0,0.0
2020-11-25,0.0,1.5,75.9,,,,,,,,,,0.0,1.8,100.0,0.0
2020-11-26,0.1,2.1,82.0,,,,,,,,,,0.0,2.0,100.0,0.0
2020-11-27,0.0,0.9,83.1,0.0,0.2,100.0,,,,0.0,0.3,100.0,0.0,1.5,100.0,0.0
2020-11-28,0.0,1.1,82.1,,,,,,,0.0,0.3,100.0,0.0,1.9,100.0,0.0
2020-11-29,,,,,,,,,,0.0,0.3,100.0,0.0,2.0,100.0,0.0
2020-11-30,,,,,,,,,,,,,0.0,2.1,100.0,0.0
2020-12-01,0.2,0.6,76.4,,,,,,,,,,0.0,1.9,100.0,0.0
2020-12-02,0.0,1.3,83.2,,,,,,,0.0,0.2,76.6,0.0,2.0,100.0,0.0
2020-12-03,0.1,0.7,83.8,,,,0.0,0.3,100.0,0.0,0.5,100.0,0.0,1.8,100.0,0.0
2020-12-04,0.1,0.7,83.0,,,,,,,,,,0.0,2.0,100.0,0.0
2020-12-05,,,,,,,,,,,,,0.0,2.1,100.0,0.0
2020-12-06,,,,,,,,,,,,,0.0,2.5,100.0,0.0
2020-12-07,0.1,0.6,77.6,0.1,1.0,99.7,,,,,,,0.0,2.5,100.0,0.0
2020-12-08,0.1,0.9,83.1,,,,,,,,,,0.0,2.3,100.0,0.0
2020-12-09,0.2,1.4,83.9,,,,,,,,,,0.0,2.0,100.0,0.0
2020-12-10,0.4,2.3,84.4,,,,0.0,0.5,100.0,,,,0.0,2.7,100.0,0.0
2020-12-11,,,,,,,,,,0.0,0.3,61.1,0.0,2.3,100.0,0.0
2020-12-12,,,,0.3,1.4,92.5,,,,0.0,0.5,100.0,0.0,2.0,100.0,0.0
2020-12-13,0.0,1.2,77.2,,,,,,,0.0,0.5,100.0,0.0,1.7,100.0,0.0
2020-12-14,0.0,3.4,83.3,,,,,,,0.0,0.6,100.0,0.0,2.8,100.0,0.0
2020-12-15,0.5,5.7,87.6,,,,,,,0.0,0.7,100.0,0.0,2.3,100.0,0.0
2020-12-16,0.5,5.8,83.4,,,,,,,0.0,0.2,100.0,0.0,2.0,100.0,0.0
2020-12-17,,,,0.0,1.5,100.0,,,,0.0,0.5,100.0,0.0,1.7,100.0,0.0
2020-12-18,,,,,,,,,,0.0,0.4,100.0,0.0,2.4,100.0,0.0
2020-12-19,0.2,4.8,77.7,,,,0.0,0.6,100.0,0.0,0.8,100.0,0.0,2.2,100.0,0.0
2020-12-20,0.7,9.6,85.1,,,,,,,0.0,1.2,100.0,0.0,2.6,100.0,0.0
2020-12-21,1.3,13.9,83.6,,,,,,,,,,0.0,2.4,100.0,0.0
2020-12-22,8.8,23.2,83.7,,,,,,,,,,0.0,3.1,100.0,0.0
2020-12-23,,,,,,,,,,0.0,4.1,100.0,0.0,2.5,100.0,0.0
2020-12-24,,,,,,,,,,,,,0.0,3.2,100.0,0.0
2020-12-25,0.5,4.7,78.9,,,,,,,,,,0.0,3.1,100.0,0.0
2020-12-26,0.7,6.4,84.1,,,,0.0,2.9,98.2,,,,0.0,4.2,100.0,0.0
2020-12-27,0.5,2.2,84.9,,,,,,,0.0,3.8,100.0,0.0,3.1,100.0,0.0
2020-12-28,0.7,1.7,83.9,,,,,,,,,,0.0,5.3,100.0,0.0
2020-12-29,,,,,,,,,,0.1,7.7,100.0,0.0,4.6,100.0,0.0
2020-12-30,,,,,,,,,,0.0,5.6,100.0,0.0,7.3,100.0,0.0
2020-12-31,0.4,0.8,77.5,,,,,,,0.9,15.8,100.0,0.0,6.7,100.0,0.0
2021-01-01,0.1,0.7,89.7,0.2,8.8,100.0,,,,,,,0.0,9.6,100.0,0.0
2021-01-02,0.0,0.4,88.4,,,,,,,0.6,14.4,100.0,0.0,9.1,100.0,0.0
2021-01-03,0.1,0.4,88.1,,,,,,,,,,0.0,18.0,100.0,0.0
2021-01-04,,,,,,,23.8,32.9,100.0,,,,0.1,19.0,100.0,0.1
2021-01-05,,,,,,,,,,,,,0.1,33.9,100.0,0.1
2021-01-06,0.1,0.7,82.2,11.8,34.8,33.9,,,,,,,0.1,31.2,100.0,0.1
2021-01-07,0.3,1.9,88.8,,,,,,,39.9,43.9,100.0,3.9,47.5,100.0,3.9
2021-01-08,0.1,5.8,88.4,,,,,,,,,,12.0,49.8,100.0,12.0
2021-01-09,,,,,,,,,,67.6,57.2,100.0,75.3,63.7,100.0,75.3
2021-01-10,,,,,,,,,,,,,56.3,62.1,100.0,56.3
2021-01-11,,,,100.0,88.6,100.0,100.0,98.5,99.9,,,,99.9,78.9,100.0,99.9
2021-01-12,1.4,11.2,85.2,,,,,,,,,,99.7,76.8,100.0,99.7
2021-01-13,,,,,,,,,,,,,100.0,83.4,100.0,100.0
2021-01-14,7.8,19.6,93.3,,,,,,,100.0,84.6,100.0,99.9,82.2,100.0,99.9
2021-01-15,25.3,33.8,91.7,,,,,,,,,,100.0,87.8,100.0,100.0
2021-01-16,,,,100.0,99.8,100.0,,,,,,,100.0,89.0,100.0,100.0
2021-01-17,,,,,,,,,,,,,100.0,90.9,100.0,100.0
2021-01-18,,,,,,,,,,100.0,93.3,100.0,100.0,90.8,100.0,100.0
2021-01-19,71.9,52.6,91.9,,,,,,,,,,100.0,93.4,100.0,100.0
2021-01-20,67.5,50.8,92.2,,,,,,,,,,99.9,93.4,100.0,99.9
2021-01-21,,,,99.5,98.0,100.0,,,,,,,99.8,94.0,100.0,99.8
2021-01-22,,,,,,,,,,,,,99.7,92.7,100.0,99.7
2021-01-23,,,,,,,,,,,,,99.7,93.6,100.0,99.7
2021-01-24,81.8,57.0,84.7,,,,,,,,,,99.6,92.9,100.0,99.6
2021-01-25,,,,,,,,,,,,,99.7,92.9,100.0,99.7
2021-01-26,95.7,70.9,91.1,,,,,,,,,,99.6,93.0,100.0,99.6
2021-01-27,97.9,76.1,89.7,,,,,,,,,,100.0,94.5,100.0,100.0
2021-01-28,,,,,,,,,,,,,100.0,93.7,100.0,100.0
2021-01-29,,,,,,,,,,,,,100.0,93.4,100.0,100.0
2021-01-30,,,,,,,,,,,,,100.0,94.6,100.0,100.0
2021-01-31,99.6,85.4,89.8,,,,,,,,,,100.0,96.5,100.0,100.0
2021-02-01,98.7,84.9,91.3,,,,,,,,,,100.0,96.7,100.0,100.0
2021-02-02,,,,,,,,,,,,,100.0,97.2,100.0,100.0
2021-02-03,,,,,,,,,,100.0,98.0,100.0,100.0,97.5,100.0,100.0
2021-02-04,,,,,,,,,,,,,100.0,97.9,100.0,100.0
2021-02-05,99.8,89.2,80.6,100.0,99.3,100.0,100.0,100.0,87.9,100.0,98.7,100.0,100.0,98.6,100.0,100.0
2021-02-06,,,,,,,,,,,,,100.0,98.1,100.0,100.0
2021-02-07,99.9,87.8,86.0,,,,,,,,,,100.0,98.2,100.0,100.0
2021-02-08,,,,,,,,,,,,,100.0,98.3,100.0,100.0
2021-02-09,,,,,,,,,,100.0,99.2,100.0,100.0,98.5,100.0,100.0
2021-02-10,,,,,,,,,,,,,100.0,98.7,100.0,100.0
2021-02-11,,,,,,,,,,100.0,99.4,100.0,100.0,98.9,100.0,100.0
2021-02-12,,,,,,,100.0,100.0,100.0,,,,100.0,99.3,100.0,100.0
2021-02-13,,,,,,,,,,100.0,99.4,99.7,100.0,99.4,100.0,100.0
2021-02-14,99.9,89.9,89.6,,,,,,,100.0,99.3,100.0,100.0,99.4,100.0,100.0
2021-02-15,,,,99.2,98.4,100.0,,,,,,,100.0,99.6,100.0,100.0
2021-02-16,,,,,,,,,,100.0,99.4,100.0,100.0,99.5,100.0,100.0
2021-02-17,99.8,91.2,79.4,,,,,,,100.0,99.5,100.0,100.0,99.5,100.0,100.0
2021-02-18,100.0,91.8,85.6,,,,,,,,,,100.0,99.6,100.0,100.0
2021-02-19,99.6,90.3,90.8,,,,,,,100.0,99.4,100.0,100.0,99.6,100.0,100.0
2021-02-20,,,,98.8,98.2,100.0,,,,100.0,99.4,100.0,100.0,99.6,100.0,100.0
2021-02-21,,,,,,,100.0,100.0,100.0,100.0,99.3,100.0,100.0,99.7,100.0,100.0
2021-02-22,,,,,,,,,,,,,100.0,99.6,100.0,100.0
2021-02-23,96.0,89.7,89.5,,,,,,,,,,100.0,99.6,100.0,100.0
2021-02-24,,,,,,,,,,100.0,99.3,100.0,100.0,99.5,100.0,100.0
2021-02-25,96.5,90.6,97.0,98.6,98.2,100.0,,,,100.0,99.1,100.0,100.0,99.6,100.0,100.0
2021-02-26,,,,,,,,,,,,,100.0,99.5,100.0,100.0
2021-02-27,,,,,,,,,,,,,100.0,99.4,100.0,100.0
2021-02-28,,,,,,,100.0,99.7,93.8,,,,100.0,99.5,100.0,100.0
2021-03-01,97.0,92.1,88.8,,,,,,,100.0,99.2,100.0,100.0,99.5,100.0,100.0
2021-03-02,97.6,93.6,95.0,99.0,98.5,100.0,,,,100.0,98.8,100.0,100.0,99.5,100.0,100.0
2021-03-03,99.2,95.6,93.0,,,,,,,100.0,98.9,100.0,100.0,99.3,100.0,100.0
2021-03-04,,,,,,,,,,100.0,98.5,100.0,100.0,99.1,100.0,100.0
2021-03-05,,,,,,,,,,,,,100.0,99.0,100.0,100.0
2021-03-06,,,,,,,,,,100.0,98.9,100.0,100.0,98.9,100.0,100.0
2021-03-07,99.5,96.9,85.8,,,,,,,100.0,99.0,100.0,100.0,98.9,100.0,100.0
2021-03-08,,,,,,,,,,,,,100.0,98.6,100.0,100.0
2021-03-09,99.9,97.8,90.1,,,,,,,,,,100.0,98.5,100.0,100.0
2021-03-10,99.7,97.7,91.5,,,,,,,100.0,99.1,100.0,100.0,98.1,100.0,100.0
2021-03-11,,,,,,,,,,100.0,99.3,100.0,100.0,97.9,100.0,100.0
2021-03-12,,,,,,,,,,,,,100.0,97.3,100.0,100.0
2021-03-13,100.0,98.3,81.1,,,,,,,100.0,99.4,100.0,100.0,97.1,100.0,100.0
2021-03-14,99.9,97.9,88.5,,,,,,,,,,100.0,96.6,100.0,100.0
2021-03-15,100.0,97.5,90.1,,,,,,,,,,100.0,96.3,100.0,100.0
2021-03-16,,,,,,,,,,,,,100.0,95.5,100.0,100.0
2021-03-17,,,,,,,,,,,,,100.0,94.7,100.0,100.0
2021-03-18,,,,,,,,,,,,,100.0,93.9,100.0,100.0
2021-03-19,99.7,97.1,82.0,,,,,,,,,,100.0,95.7,100.0,100.0
2021-03-20,,,,,,,,,,,,,100.0,95.0,100.0,100.0
2021-03-21,99.7,96.7,89.9,,,,,,,,,,100.0,96.4,100.0,100.0
2021-03-22,99.5,93.8,89.3,,,,,,,,,,100.0,96.5,100.0,100.0
2021-03-23,,,,,,,,,,,,,100.0,97.5,100.0,100.0
2021-03-24,,,,,,,,,,,,,100.0,97.7,100.0,100.0
2021-03-25,99.0,93.0,79.5,,,,100.0,100.0,99.9,,,,100.0,98.5,100.0,100.0
2021-03-26,98.4,89.7,89.7,,,,,,,100.0,99.5,82.0,100.0,98.6,100.0,100.0
2021-03-27,98.9,89.7,90.7,,,,,,,100.0,99.4,100.0,100.0,98.9,100.0,100.0
2021-03-28,,,,,,,,,,,,,100.0,98.9,100.0,100.0
2021-03-29,,,,,,,,,,,,,100.0,98.9,100.0,100.0
2021-03-30,,,,,,,,,,100.0,99.5,100.0,100.0,98.9,100.0,100.0
2021-03-31,96.8,81.3,85.4,,,,,,,100.0,99.4,100.0,100.0,98.9,100.0,100.0
2021-04-01,98.9,84.4,90.6,100.0,99.6,100.0,100.0,99.8,95.0,,,,100.0,99.3,100.0,100.0
2021-04-02,99.4,84.9,90.7,,,,,,,,,,100.0,98.9,100.0,100.0
2021-04-03,99.0,87.7,91.9,,,,,,,,,,100.0,98.8,100.0,100.0
2021-04-04,,,,,,,,,,100.0,99.6,100.0,100.0,98.5,100.0,100.0
2021-04-05,,,,,,,,,,,,,100.0,98.4,100.0,100.0
2021-04-06,99.0,88.0,87.1,,,,,,,,,,100.0,98.2,100.0,100.0
2021-04-07,99.6,90.0,90.5,,,,,,,,,,100.0,98.1,100.0,100.0
2021-04-08,99.9,91.9,91.1,,,,,,,100.0,99.6,100.0,100.0,98.2,100.0,100.0
2021-04-09,,,,,,,,,,,,,100.0,97.5,100.0,100.0
2021-04-10,,,,,,,,,,,,,100.0,97.4,100.0,100.0
2021-04-11,,,,,,,,,,,,,100.0,97.5,100.0,100.0
2021-04-12,99.7,93.0,84.2,,,,,,,,,,100.0,97.9,100.0,100.0
2021-04-13,99.6,93.7,91.3,,,,,,,100.0,99.7,68.3,100.0,97.8,100.0,100.0
2021-04-14,99.8,93.9,91.3,,,,,,,100.0,99.6,31.5,100.0,98.0,100.0,100.0
2021-04-15,99.7,90.4,91.2,,,,,,,100.0,99.6,100.0,100.0,98.1,100.0,100.0
2021-04-16,,,,100.0,99.7,100.0,,,,100.0,99.5,100.0,100.0,98.4,100.0,100.0
2021-04-17,,,,,,,100.0,99.1,58.4,,,,100.0,97.9,100.0,100.0
2021-04-18,99.7,90.2,85.8,,,,,,,,,,100.0,97.9,100.0,100.0
2021-04-19,99.2,86.6,92.2,,,,,,,100.0,99.4,100.0,100.0,97.9,100.0,100.0
2021-04-20,99.0,87.9,92.5,,,,,,,100.0,99.3,100.0,100.0,97.8,100.0,100.0
2021-04-21,,,,,,,,,,,,,100.0,97.2,100.0,100.0
2021-04-22,,,,,,,,,,100.0,98.9,57.6,100.0,97.2,100.0,100.0
2021-04-23,,,,,,,,,,100.0,99.1,100.0,100.0,96.9,100.0,100.0
2021-04-24,98.1,79.9,87.1,,,,,,,100.0,98.3,100.0,100.0,96.3,100.0,100.0
2021-04-25,98.7,79.9,91.9,,,,,,,100.0,97.6,100.0,100.0,95.5,100.0,100.0
2021-04-26,97.4,78.2,92.1,,,,,,,100.0,98.7,100.0,100.0,95.2,100.0,100.0
2021-04-27,94.8,79.8,96.1,,,,,,,100.0,97.5,100.0,100.0,94.9,100.0,100.0
2021-04-28,,,,,,,,,,100.0,97.8,100.0,100.0,93.7,100.0,100.0
2021-04-29,,,,,,,,,,100.0,95.9,100.0,99.9,92.1,100.0,99.9
2021-04-30,95.7,79.7,89.7,,,,,,,100.0,94.8,100.0,99.7,91.9,100.0,99.7
2021-05-01,85.6,63.0,92.2,,,,,,,,,,99.0,89.5,100.0,99.0
2021-05-02,64.8,48.8,93.3,,,,,,,,,,97.8,84.6,100.0,97.8
2021-05-03,,,,,,,100.0,98.4,95.0,100.0,94.0,48.9,95.7,80.9,100.0,95.7
2021-05-04,,,,,,,,,,100.0,93.4,100.0,95.7,79.1,100.0,95.7
2021-05-05,,,,,,,,,,,,,87.9,71.7,100.0,87.9
2021-05-06,39.6,38.2,88.2,,,,,,,,,,86.8,70.9,100.0,86.8
2021-05-07,30.3,35.1,94.4,,,,,,,,,,49.8,57.6,100.0,49.8
2021-05-08,4.9,20.6,95.5,,,,,,,99.9,89.3,95.9,28.5,52.7,100.0,28.5
2021-05-09,1.0,12.6,93.5,,,,,,,97.0,68.7,71.9,5.4,38.9,100.0,5.4
2021-05-10,,,,,,,,,,,,,5.2,35.3,100.0,5.2
2021-05-11,,,,,,,,,,,,,2.5,20.9,100.0,2.5
2021-05-12,0.6,9.6,88.9,,,,,,,,,,1.9,16.8,100.0,1.9
2021-05-13,1.3,7.9,96.1,,,,,,,,,,0.5,12.7,100.0,0.5
2021-05-14,0.1,5.2,91.9,,,,,,,,,,0.6,14.3,100.0,0.6
2021-05-15,,,,,,,,,,,,,0.6,14.3,100.0,0.6
2021-05-16,,,,,,,,,,,,,1.7,16.7,100.0,1.7
2021-05-17,,,,,,,,,,,,,2.7,22.4,100.0,2.7
2021-05-18,0.7,6.1,89.3,,,,,,,,,,5.6,29.3,100.0,5.6
2021-05-19,2.0,8.1,92.1,,,,,,,,,,6.3,32.2,100.0,6.3
2021-05-20,4.1,10.5,91.6,,,,,,,,,,11.1,39.2,100.0,11.1
2021-05-21,3.6,12.1,90.5,,,,,,,,,,24.4,49.8,100.0,24.4
2021-05-22,,,,,,,,,,,,,60.9,62.5,100.0,60.9
2021-05-23,,,,,,,,,,,,,91.7,69.1,100.0,91.7
2021-05-24,9.6,21.2,86.5,,,,,,,,,,95.5,75.0,100.0,95.5
2021-05-25,32.0,36.0,90.4,,,,,,,,,,96.1,80.0,100.0,96.1
2021-05-26,60.9,46.7,90.8,,,,,,,,,,96.7,84.2,100.0,96.7
2021-05-27,,,,,,,,,,,,,96.0,84.7,100.0,96.0
2021-05-28,,,,,,,100.0,98.7,73.8,2.5,23.3,31.3,96.5,87.2,100.0,96.5
2021-05-29,,,,,,,,,,,,,95.3,86.7,100.0,95.3
2021-05-30,82.6,57.8,87.4,,,,,,,,,,95.5,88.4,100.0,95.5
2021-05-31,81.5,67.1,93.4,98.5,94.5,100.0,,,,2.8,20.7,100.0,94.7,88.4,100.0,94.7
2021-06-01,81.5,69.6,92.6,,,,,,,,,,93.6,85.8,100.0,93.6
2021-06-02,76.0,57.8,91.7,,,,,,,,,,90.2,82.4,100.0,90.2
2021-06-03,,,,,,,,,,,,,89.2,80.5,100.0,89.2
2021-06-04,,,,,,,,,,,,,86.9,77.9,100.0,86.9
2021-06-05,76.0,51.9,84.8,,,,,,,,,,84.8,74.6,100.0,84.8
2021-06-06,63.9,46.0,93.4,,,,,,,,,,79.1,69.3,100.0,79.1
2021-06-07,65.6,46.5,93.8,,,,,,,,,,76.2,65.9,100.0,76.2
2021-06-08,,,,,,,,,,,,,68.2,58.7,100.0,68.2
2021-06-09,,,,,,,,,,,,,16.2,47.1,100.0,16.2
2021-06-10,,,,,,,,,,,,,4.1,35.7,100.0,4.1
2021-06-11,12.2,24.7,89.3,,,,,,,,,,2.5,30.2,100.0,2.5
2021-06-12,9.0,22.2,96.6,,,,,,,,,,2.1,28.3,100.0,2.1
2021-06-13,1.2,7.7,93.8,,,,,,,0.0,3.3,39.5,0.6,19.4,100.0,0.6
2021-06-14,0.0,3.9,90.4,,,,,,,0.0,4.5,100.0,0.3,14.6,100.0,0.3
2021-06-15,,,,0.9,2.3,99.9,,,,,,,0.1,12.3,100.0,0.1
2021-06-16,,,,,,,,,,,,,0.0,9.7,100.0,0.0
2021-06-17,0.2,2.9,88.2,,,,,,,0.0,1.5,100.0,0.0,6.2,100.0,0.0
2021-06-18,0.3,2.5,93.2,,,,,,,,,,0.0,4.8,100.0,0.0
2021-06-19,0.0,1.7,94.3,,,,,,,,,,0.0,4.2,100.0,0.0
2021-06-20,0.0,1.4,90.0,,,,,,,,,,0.0,4.5,100.0,0.0
2021-06-21,,,,,,,,,,0.0,1.1,100.0,0.0,3.7,100.0,0.0
2021-06-22,,,,,,,,,,0.0,0.5,100.0,0.0,2.9,100.0,0.0
2021-06-23,0.1,1.9,87.3,,,,,,,,,,0.0,3.3,100.0,0.0
2021-06-24,,,,,,,,,,,,,0.0,3.3,100.0,0.0
2021-06-25,0.2,2.9,94.4,,,,,,,0.0,0.9,51.9,0.0,3.2,100.0,0.0
2021-06-26,0.0,3.2,90.2,,,,,,,0.0,0.2,100.0,0.0,2.6,100.0,0.0
2021-06-27,,,,,,,,,,,,,0.0,2.7,100.0,0.0
2021-06-28,,,,,,,,,,0.0,0.1,100.0,0.0,2.5,100.0,0.0
2021-06-29,0.0,3.5,84.9,,,,,,,,,,0.0,2.5,100.0,0.0
2021-06-30,0.1,3.2,90.2,,,,,,,,,,0.0,1.8,100.0,0.0
2021-07-01,0.1,1.2,90.4,,,,,,,,,,0.0,1.7,100.0,0.0
2021-07-02,0.0,0.8,89.9,,,,,,,0.0,0.0,100.0,0.0,1.5,100.0,0.0
2021-07-03,,,,,,,,,,,,,0.0,1.4,100.0,0.0
2021-07-04,,,,,,,,,,,,,0.0,1.1,100.0,0.0
2021-07-05,0.2,0.8,84.4,,,,,,,,,,0.0,1.1,100.0,0.0
2021-07-06,0.2,1.0,90.6,,,,0.0,0.0,60.1,,,,0.0,1.3,100.0,0.0
2021-07-07,0.0,0.9,91.4,,,,,,,,,,0.0,1.3,100.0,0.0
2021-07-08,0.1,0.8,90.8,,,,,,,,,,0.0,0.9,100.0,0.0
2021-07-09,,,,,,,,,,,,,0.0,0.8,100.0,0.0
2021-07-10,,,,0.0,0.0,100.0,,,,,,,0.0,0.8,100.0,0.0
2021-07-11,0.0,1.0,84.4,,,,,,,0.0,0.0,100.0,0.0,0.8,100.0,0.0
2021-07-12,0.1,1.2,90.4,,,,,,,,,,0.0,0.8,100.0,0.0
2021-07-13,0.1,1.5,91.3,,,,,,,,,,0.0,0.9,100.0,0.0
2021-07-14,,,,,,,,,,,,,0.0,1.1,100.0,0.0
2021-07-15,,,,,,,,,,,,,0.0,1.3,100.0,0.0
2021-07-16,,,,,,,,,,,,,0.0,1.1,100.0,0.0
2021-07-17,0.0,1.4,84.0,,,,,,,,,,0.0,0.9,100.0,0.0
2021-07-18,0.1,1.8,91.4,,,,,,,,,,0.0,1.1,100.0,0.0
2021-07-19,0.0,2.1,91.7,,,,,,,,,,0.0,1.0,100.0,0.0
2021-07-20,0.0,2.7,90.1,0.0,0.0,71.3,,,,0.0,0.0,100.0,0.0,0.8,100.0,0.0
2021-07-21,,,,,,,,,,,,,0.0,0.9,100.0,0.0
2021-07-22,,,,,,,,,,0.0,0.0,88.9,0.0,0.8,100.0,0.0
2021-07-23,0.0,3.2,83.3,,,,,,,0.0,0.0,77.5,0.0,0.7,100.0,0.0
2021-07-24,0.0,1.9,91.0,,,,,,,,,,0.0,0.5,100.0,0.0
2021-07-25,0.0,1.7,92.1,,,,,,,,,,0.0,0.4,100.0,0.0
2021-07-26,,,,,,,,,,,,,0.0,0.4,100.0,0.0
2021-07-27,,,,,,,,,,0.0,0.0,63.4,0.0,0.3,100.0,0.0
2021-07-28,,,,,,,,,,,,,0.0,0.3,100.0,0.0
2021-07-29,0.0,1.1,83.7,,,,,,,,,,0.0,0.3,100.0,0.0
2021-07-30,0.0,1.4,91.6,,,,,,,,,,0.0,0.2,100.0,0.0
2021-07-31,0.0,1.0,92.2,,,,,,,,,,0.0,0.3,100.0,0.0
2021-08-01,0.0,0.7,91.0,,,,,,,,,,0.0,0.3,100.0,0.0
2021-08-02,,,,,,,,,,,,,0.0,0.4,100.0,0.0
2021-08-03,,,,,,,,,,,,,0.0,0.4,100.0,0.0
2021-08-04,0.0,0.5,83.3,,,,,,,,,,0.0,0.3,100.0,0.0
2021-08-05,0.0,0.6,92.5,,,,,,,,,,0.0,0.3,100.0,0.0
2021-08-06,0.0,0.8,92.4,,,,,,,,,,0.0,0.2,100.0,0.0
2021-08-07,0.0,0.5,90.8,,,,,,,,,,0.0,0.3,100.0,0.0
2021-08-08,,,,,,,,,,,,,0.0,0.3,100.0,0.0
2021-08-09,,,,0.0,0.0,66.5,,,,0.0,0.0,100.0,0.0,0.2,100.0,0.0
2021-08-10,0.0,0.9,85.1,,,,,,,,,,0.0,0.3,100.0,0.0
2021-08-11,0.0,0.9,93.1,,,,,,,,,,0.0,0.2,100.0,0.0
2021-08-12,0.0,1.5,91.9,,,,,,,0.0,0.0,100.0,0.0,0.3,100.0,0.0
2021-08-13,0.0,1.7,91.2,,,,,,,0.0,0.0,100.0,0.0,0.2,100.0,0.0
2021-08-14,,,,0.0,0.0,100.0,,,,0.0,0.0,100.0,0.0,0.2,100.0,0.0
2021-08-15,,,,,,,,,,0.0,0.0,91.5,0.0,0.1,100.0,0.0
2021-08-16,,,,,,,,,,,,,0.0,0.2,100.0,0.0
2021-08-17,0.0,2.8,92.5,,,,,,,,,,0.0,0.1,100.0,0.0
2021-08-18,0.1,2.8,92.5,,,,,,,,,,0.0,0.1,100.0,0.0
2021-08-19,,,,0.0,0.0,74.8,,,,0.0,0.0,100.0,0.0,0.1,100.0,0.0
2021-08-20,,,,,,,,,,0.0,0.0,100.0,0.0,0.1,100.0,0.0
2021-08-21,,,,,,,,,,0.0,0.0,100.0,0.0,0.1,100.0,0.0
2021-08-22,0.4,6.8,85.7,,,,,,,,,,0.0,0.1,100.0,0.0
2021-08-23,0.2,4.3,93.5,,,,,,,,,,0.0,0.1,100.0,0.0
2021-08-24,0.0,3.2,94.2,,,,,,,,,,0.0,0.1,100.0,0.0
2021-08-25,,,,,,,,,,0.0,0.0,100.0,0.0,0.1,100.0,0.0
2021-08-26,,,,,,,,,,,,,0.0,0.0,100.0,0.0
2021-08-27,,,,,,,,,,,,,0.0,0.1,100.0,0.0
2021-08-28,0.1,2.5,86.3,,,,,,,,,,0.0,0.1,100.0,0.0
2021-08-29,0.1,3.3,93.4,,,,,,,,,,0.0,0.1,100.0,0.0
2021-08-30,0.3,3.4,92.5,,,,,,,,,,0.0,0.0,100.0,0.0
2021-08-31,,,,,,,,,,,,,0.0,0.1,100.0,0.0
2021-09-01,,,,,,,0.0,0.0,99.7,,,,0.0,0.1,100.0,0.0
2021-09-02,,,,,,,,,,0.0,0.0,100.0,0.0,0.1,100.0,0.0
2021-09-03,0.0,2.4,87.1,0.0,0.0,93.6,,,,0.0,0.0,100.0,0.0,0.1,100.0,0.0
2021-09-04,0.1,2.7,93.3,,,,,,,0.0,0.0,100.0,0.0,0.1,100.0,0.0
2021-09-05,0.1,1.7,93.9,,,,,,,0.0,0.0,100.0,0.0,0.1,100.0,0.0
2021-09-06,0.0,1.5,92.8,,,,,,,0.0,0.0,100.0,0.0,0.1,100.0,0.0
2021-09-07,,,,,,,,,,,,,0.0,0.1,100.0,0.0
2021-09-08,,,,0.0,0.0,86.6,,,,0.0,0.0,100.0,0.0,0.1,100.0,0.0
2021-09-09,0.0,0.8,85.3,,,,,,,,,,0.0,0.2,100.0,0.0
2021-09-10,0.0,0.9,91.9,,,,,,,,,,0.0,0.1,100.0,0.0
2021-09-11,0.1,1.0,96.3,,,,,,,,,,0.0,0.1,100.0,0.0
2021-09-12,,,,,,,,,,0.0,0.0,100.0,0.0,0.1,100.0,0.0
2021-09-13,,,,0.0,0.0,80.4,,,,0.0,0.0,100.0,0.0,0.1,100.0,0.0
2021-09-14,,,,,,,,,,,,,0.0,0.1,100.0,0.0
2021-09-15,0.0,1.1,88.8,,,,,,,,,,0.0,0.1,100.0,0.0
2021-09-16,0.0,1.2,96.2,,,,,,,,,,0.0,0.1,100.0,0.0
2021-09-17,0.0,1.3,94.5,,,,,,,0.0,0.0,100.0,0.0,0.1,100.0,0.0
2021-09-18,0.0,1.4,92.3,0.0,0.0,99.4,,,,,,,0.0,0.1,100.0,0.0
2021-09-19,,,,,,,,,,,,,0.0,0.1,100.0,0.0
2021-09-20,,,,,,,,,,,,,0.0,0.1,100.0,0.0
2021-09-21,0.0,1.4,88.8,,,,,,,,,,0.0,0.1,100.0,0.0
2021-09-22,0.0,1.5,93.2,,,,,,,,,,0.0,0.1,100.0,0.0
2021-09-23,0.0,1.8,93.5,0.0,0.0,100.0,,,,,,,0.0,0.1,100.0,0.0
2021-09-24,,,,,,,0.0,0.0,99.7,0.0,0.0,100.0,0.0,0.1,100.0,0.0
2021-09-25,,,,,,,,,,,,,0.0,0.1,100.0,0.0
2021-09-26,,,,,,,,,,,,,0.0,0.1,100.0,0.0
2021-09-27,0.0,1.2,88.8,,,,,,,,,,0.0,0.1,100.0,0.0
2021-09-28,0.0,0.9,92.7,0.0,0.0,100.0,,,,,,,0.0,0.2,100.0,0.0
2021-09-29,0.0,0.7,93.4,,,,,,,,,,0.0,0.3,100.0,0.0
2021-09-30,0.0,1.0,92.6,,,,,,,,,,0.0,0.3,100.0,0.0
2021-10-01,,,,,,,,,,,,,0.0,0.4,100.0,0.0
2021-10-02,,,,,,,,,,,,,0.0,0.7,100.0,0.0
2021-10-03,0.0,0.9,85.5,,,,,,,,,,0.0,0.6,100.0,0.0
2021-10-04,0.0,0.9,91.8,,,,,,,,,,0.0,0.5,100.0,0.0
2021-10-05,0.0,0.9,94.7,,,,,,,,,,0.0,0.4,100.0,0.0
2021-10-06,,,,,,,,,,,,,0.0,0.7,100.0,0.0
2021-10-07,,,,,,,,,,,,,0.0,0.6,100.0,0.0
2021-10-08,,,,0.0,0.0,100.0,,,,0.0,0.0,100.0,0.0,0.5,100.0,0.0
2021-10-09,0.0,1.0,85.3,,,,,,,0.0,0.1,100.0,0.0,0.5,100.0,0.0
2021-10-10,0.0,1.0,92.3,,,,0.0,0.0,41.0,,,,0.0,1.0,100.0,0.0
2021-10-11,0.0,0.7,91.8,,,,,,,0.0,0.1,100.0,0.0,0.9,100.0,0.0
2021-10-12,0.0,0.3,92.4,,,,,,,,,,0.0,1.1,100.0,0.0
2021-10-13,,,,0.0,0.1,84.0,,,,,,,0.0,1.2,100.0,0.0
2021-10-14,,,,,,,,,,0.0,0.1,100.0,0.0,1.2,100.0,0.0
2021-10-15,0.0,0.2,85.2,,,,,,,0.0,0.1,41.4,0.0,1.1,100.0,0.0
2021-10-16,0.0,0.4,92.9,,,,,,,0.0,0.1,100.0,0.0,1.1,100.0,0.0
2021-10-17,0.0,0.6,93.2,,,,,,,,,,0.0,1.6,100.0,0.0
2021-10-18,,,,0.0,0.1,99.7,,,,0.0,0.1,100.0,0.0,1.4,100.0,0.0
2021-10-19,,,,,,,,,,0.0,0.1,100.0,0.0,1.4,100.0,0.0
2021-10-20,,,,,,,,,,0.0,0.0,100.0,0.0,1.3,100.0,0.0
2021-10-21,0.0,0.3,86.0,,,,,,,,,,0.0,1.7,100.0,0.0
2021-10-22,0.0,0.7,92.4,,,,,,,,,,0.0,1.7,100.0,0.0
2021-10-23,0.0,1.0,92.9,0.0,0.0,100.0,,,,0.0,0.1,100.0,0.0,1.4,100.0,0.0
2021-10-24,0.0,1.1,91.9,,,,,,,,,,0.0,1.6,100.0,0.0
2021-10-25,,,,,,,,,,,,,0.0,1.8,100.0,0.0
2021-10-26,,,,,,,,,,0.0,0.0,100.0,0.0,2.2,100.0,0.0
2021-10-27,0.0,0.7,85.0,,,,,,,,,,0.0,2.3,100.0,0.0
2021-10-28,0.1,1.6,92.2,0.0,0.0,99.8,,,,,,,0.0,1.5,100.0,0.0
2021-10-29,0.1,1.5,92.4,,,,,,,0.0,0.1,100.0,0.0,1.5,100.0,0.0
2021-10-30,,,,,,,,,,0.0,0.0,100.0,0.0,1.6,100.0,0.0
2021-10-31,,,,,,,,,,0.0,0.1,100.0,0.0,1.4,100.0,0.0
2021-11-01,,,,,,,,,,,,,0.0,1.6,100.0,0.0
2021-11-02,0.0,1.8,86.8,,,,,,,,,,0.0,1.7,100.0,0.0
2021-11-03,0.0,2.6,93.7,,,,,,,,,,0.0,1.9,100.0,0.0
2021-11-04,0.1,4.4,92.2,,,,,,,,,,0.0,1.8,100.0,0.0
2021-11-05,0.0,3.9,92.0,,,,,,,,,,0.0,1.9,100.0,0.0
2021-11-06,,,,,,,,,,,,,0.0,1.7,100.0,0.0
2021-11-07,,,,,,,,,,,,,0.0,1.7,100.0,0.0
2021-11-08,0.1,4.9,87.5,,,,,,,0.0,0.0,100.0,0.0,1.0,100.0,0.0
2021-11-09,0.0,3.6,93.7,,,,,,,,,,0.0,1.4,100.0,0.0
2021-11-10,0.1,3.8,93.2,,,,,,,,,,0.0,1.5,100.0,0.0
2021-11-11,,,,,,,0.0,0.0,82.7,,,,0.0,1.5,100.0,0.0
2021-11-12,,,,0.0,0.0,100.0,,,,0.0,0.1,100.0,0.0,1.0,100.0,0.0
2021-11-13,,,,,,,,,,,,,0.0,1.4,100.0,0.0
2021-11-14,0.1,2.8,88.6,,,,,,,,,,0.0,1.5,100.0,0.0
2021-11-15,0.0,3.6,92.9,,,,,,,0.0,0.1,100.0,0.0,1.5,100.0,0.0
2021-11-16,0.1,4.4,96.4,,,,,,,,,,0.0,1.3,100.0,0.0
2021-11-17,0.0,4.2,92.4,,,,,,,,,,0.0,1.6,100.0,0.0
2021-11-18,,,,,,,,,,,,,0.0,1.5,100.0,0.0
2021-11-19,,,,,,,,,,0.0,0.1,100.0,0.0,1.5,100.0,0.0
2021-11-20,0.0,4.0,85.9,,,,0.0,0.2,80.7,0.0,0.1,100.0,0.0,1.5,100.0,0.0
2021-11-21,0.0,4.5,93.1,,,,,,,,,,0.0,1.6,100.0,0.0
2021-11-22,0.1,2.9,93.5,,,,,,,,,,0.0,1.6,100.0,0.0
2021-11-23,,,,,,,,,,,,,0.0,1.6,100.0,0.0
2021-11-24,,,,,,,,,,,,,0.0,2.3,100.0,0.0
2021-11-25,,,,,,,,,,,,,0.0,2.3,100.0,0.0
2021-11-26,0.1,2.7,85.5,,,,,,,,,,0.0,2.6,100.0,0.0
2021-11-27,0.2,2.7,93.5,0.0,0.4,37.5,,,,,,,0.0,2.4,100.0,0.0
2021-11-28,0.1,3.0,93.5,,,,,,,,,,0.0,2.7,100.0,0.0
2021-11-29,0.0,2.4,93.0,,,,,,,,,,0.0,2.3,100.0,0.0
2021-11-30,,,,,,,,,,,,,0.0,2.7,100.0,0.0
2021-12-01,,,,,,,,,,0.0,0.6,100.0,0.0,2.1,100.0,0.0
2021-12-02,1.2,4.2,88.4,,,,,,,,,,0.0,2.7,100.0,0.0
2021-12-03,0.2,2.7,93.5,,,,,,,0.0,0.6,100.0,0.0,2.0,100.0,0.0
2021-12-04,0.1,2.1,93.5,,,,,,,,,,0.0,2.5,100.0,0.0
2021-12-05,,,,,,,,,,,,,0.0,2.4,100.0,0.0
2021-12-06,,,,,,,,,,,,,0.0,3.1,100.0,0.0
2021-12-07,,,,,,,,,,,,,0.0,2.3,100.0,0.0
2021-12-08,0.0,1.6,85.4,,,,,,,,,,0.0,2.4,100.0,0.0
2021-12-09,0.0,1.7,91.9,,,,,,,0.0,0.9,100.0,0.0,2.2,100.0,0.0
2021-12-10,0.0,1.9,92.1,,,,,,,,,,0.0,3.1,100.0,0.0
2021-12-11,0.1,2.1,92.5,,,,,,,0.0,1.1,100.0,0.0,2.4,100.0,0.0
2021-12-12,,,,0.0,0.8,99.5,,,,0.0,0.9,100.0,0.0,2.8,100.0,0.0
2021-12-13,,,,,,,,,,0.0,1.1,100.0,0.0,3.4,100.0,0.0
2021-12-14,0.1,2.0,83.0,,,,0.5,3.7,100.0,,,,0.0,5.5,100.0,0.0
2021-12-15,0.5,5.9,96.7,,,,,,,0.0,0.9,100.0,0.0,5.1,100.0,0.0
2021-12-16,1.4,12.0,94.6,,,,,,,0.0,1.2,100.0,0.0,6.2,100.0,0.0
2021-12-17,,,,0.3,2.7,99.9,,,,0.0,1.0,100.0,0.0,7.3,100.0,0.0
2021-12-18,,,,,,,,,,0.1,4.0,100.0,0.0,10.3,100.0,0.0
2021-12-19,,,,,,,,,,0.3,5.6,100.0,0.0,11.2,100.0,0.0
2021-12-20,3.0,12.4,90.4,,,,,,,10.0,21.6,100.0,0.0,14.0,100.0,0.0
2021-12-21,7.2,18.6,93.9,,,,17.3,28.8,99.4,,,,0.1,20.8,100.0,0.1
2021-12-22,6.7,17.3,93.2,0.5,8.0,100.0,74.0,64.2,99.7,,,,0.3,24.5,100.0,0.3
2021-12-23,2.2,11.5,91.3,,,,,,,,,,0.3,23.4,100.0,0.3
2021-12-24,,,,,,,,,,,,,0.1,21.2,100.0,0.1
2021-12-25,,,,,,,,,,,,,0.2,24.2,100.0,0.2
2021-12-26,,,,,,,,,,4.8,17.3,100.0,0.1,21.2,100.0,0.1
2021-12-27,0.8,6.4,91.0,27.2,31.8,100.0,,,,34.3,40.2,100.0,0.1,20.5,100.0,0.1
2021-12-28,0.7,4.5,90.8,,,,,,,32.3,39.0,100.0,0.0,16.9,100.0,0.0
2021-12-29,,,,,,,,,,,,,0.0,20.1,100.0,0.0
2021-12-30,,,,,,,,,,,,,0.0,18.8,100.0,0.0
2021-12-31,,,,,,,,,,,,,0.0,19.4,100.0,0.0
2022-01-01,0.0,4.6,83.0,4.5,21.0,99.9,,,,,,,0.0,17.1,100.0,0.0
2022-01-02,,,,,,,,,,50.2,48.4,100.0,0.0,19.9,100.0,0.0
2022-01-03,,,,,,,,,,9.8,26.4,100.0,0.0,23.8,100.0,0.0
2022-01-04,0.4,4.4,88.8,,,,,,,,,,0.0,25.3,100.0,0.0
2022-01-05,,,,,,,,,,,,,0.0,30.8,100.0,0.0
2022-01-06,,,,,,,,,,71.1,59.7,100.0,0.0,36.9,100.0,0.0
2022-01-07,,,,,,,,,,,,,21.7,52.6,100.0,21.7
2022-01-08,1.3,7.2,89.7,,,,,,,,,,50.9,58.0,100.0,50.9
2022-01-09,4.3,11.4,88.6,,,,,,,,,,89.4,68.2,100.0,89.4
2022-01-10,,,,,,,,,,92.9,67.7,100.0,95.1,71.7,100.0,95.1
2022-01-11,,,,94.7,88.9,100.0,,,,,,,96.5,80.6,100.0,96.5
2022-01-12,,,,,,,,,,,,,96.7,82.1,100.0,96.7
2022-01-13,8.0,18.4,81.6,,,,,,,,,,97.6,85.5,100.0,97.6
2022-01-14,,,,,,,97.7,93.1,99.5,99.8,82.2,100.0,97.9,88.1,100.0,97.9
2022-01-15,,,,,,,99.8,97.6,94.1,,,,98.7,91.5,100.0,98.7
2022-01-16,67.0,49.2,88.4,96.0,93.1,100.0,,,,,,,98.4,91.7,100.0,98.4
2022-01-17,,,,,,,,,,99.6,82.2,100.0,99.1,92.5,100.0,99.1
2022-01-18,,,,,,,,,,,,,98.9,92.7,100.0,98.9
2022-01-19,,,,,,,,,,,,,99.6,94.0,100.0,99.6
2022-01-20,92.3,62.1,88.7,,,,,,,,,,99.6,95.4,100.0,99.6
2022-01-21,98.0,71.0,90.2,,,,,,,,,,99.9,96.1,100.0,99.9
2022-01-22,,,,,,,,,,,,,99.9,96.4,100.0,99.9
2022-01-23,,,,,,,100.0,100.0,100.0,,,,100.0,97.9,100.0,100.0
2022-01-24,,,,,,,,,,,,,100.0,97.5,100.0,100.0
2022-01-25,98.1,72.0,81.6,,,,,,,,,,100.0,98.1,100.0,100.0
2022-01-26,,,,98.2,98.3,100.0,,,,,,,100.0,98.1,100.0,100.0
2022-01-27,,,,,,,,,,,,,100.0,98.2,100.0,100.0
2022-01-28,99.5,80.0,88.1,,,,,,,,,,100.0,98.0,100.0,100.0
2022-01-29,,,,,,,,,,,,,100.0,98.0,100.0,100.0
2022-01-30,,,,,,,,,,99.9,94.6,100.0,100.0,97.9,100.0,100.0
2022-01-31,,,,,,,,,,,,,100.0,98.2,100.0,100.0
2022-02-01,98.6,81.3,89.9,,,,,,,,,,100.0,98.1,100.0,100.0
2022-02-02,99.4,82.7,89.4,,,,,,,,,,100.0,98.3,100.0,100.0
2022-02-03,,,,,,,,,,100.0,95.1,69.1,100.0,98.0,100.0,100.0
2022-02-04,,,,,,,,,,,,,100.0,98.4,100.0,100.0
2022-02-05,,,,100.0,98.9,100.0,,,,,,,100.0,98.8,100.0,100.0
2022-02-06,98.5,81.4,82.8,,,,,,,,,,100.0,98.9,100.0,100.0
2022-02-07,,,,,,,,,,99.9,95.5,100.0,100.0,98.6,100.0,100.0
2022-02-08,,,,,,,100.0,99.9,71.7,100.0,96.7,98.1,100.0,98.9,100.0,100.0
2022-02-09,99.6,87.8,89.5,,,,,,,100.0,95.3,100.0,100.0,98.9,100.0,100.0
2022-02-10,,,,99.2,98.7,100.0,,,,100.0,97.2,100.0,100.0,99.2,100.0,100.0
2022-02-11,,,,,,,,,,100.0,97.9,100.0,100.0,98.8,100.0,100.0
2022-02-12,,,,,,,,,,100.0,98.6,100.0,100.0,98.9,100.0,100.0
2022-02-13,99.3,91.0,89.7,,,,,,,100.0,98.8,100.0,100.0,98.8,100.0,100.0
2022-02-14,99.9,91.3,89.7,,,,,,,,,,100.0,98.8,100.0,100.0
2022-02-15,,,,,,,,,,,,,100.0,98.4,100.0,100.0
2022-02-16,,,,,,,,,,,,,100.0,98.5,100.0,100.0
2022-02-17,,,,,,,,,,,,,100.0,98.5,100.0,100.0
2022-02-18,99.8,90.1,82.0,,,,,,,100.0,98.3,96.3,100.0,98.3,100.0,100.0
2022-02-19,,,,,,,,,,100.0,98.9,100.0,100.0,98.3,100.0,100.0
2022-02-20,,,,,,,,,,100.0,98.5,100.0,100.0,98.9,100.0,100.0
2022-02-21,99.9,91.0,93.2,,,,,,,,,,100.0,99.1,100.0,100.0
2022-02-22,,,,,,,,,,,,,100.0,98.9,100.0,100.0
2022-02-23,,,,,,,100.0,99.9,100.0,,,,100.0,99.1,100.0,100.0
2022-02-24,,,,,,,100.0,100.0,99.2,,,,100.0,99.2,100.0,100.0
2022-02-25,100.0,90.6,91.7,100.0,99.3,100.0,,,,,,,100.0,99.4,100.0,100.0
2022-02-26,99.9,88.9,91.2,,,,,,,,,,100.0,99.1,100.0,100.0
2022-02-27,,,,,,,,,,100.0,98.9,66.2,100.0,99.2,100.0,100.0
2022-02-28,,,,,,,,,,,,,100.0,99.2,100.0,100.0
2022-03-01,,,,,,,,,,,,,100.0,99.2,100.0,100.0
2022-03-02,,,,,,,,,,,,,100.0,99.2,100.0,100.0
2022-03-03,,,,,,,100.0,100.0,99.7,,,,100.0,99.4,100.0,100.0
2022-03-04,,,,,,,100.0,100.0,99.7,,,,100.0,99.5,100.0,100.0
2022-03-05,99.8,89.2,92.1,,,,,,,100.0,98.2,100.0,100.0,99.4,100.0,100.0
2022-03-06,,,,,,,,,,100.0,98.7,100.0,100.0,99.4,100.0,100.0
2022-03-07,,,,98.6,98.3,100.0,,,,,,,100.0,99.5,100.0,100.0
2022-03-08,,,,,,,,,,,,,100.0,99.5,100.0,100.0
2022-03-09,99.8,90.8,92.3,,,,,,,100.0,99.1,100.0,100.0,99.5,100.0,100.0
2022-03-10,99.5,91.2,92.8,,,,,,,,,,100.0,99.5,100.0,100.0
2022-03-11,,,,,,,100.0,100.0,90.4,,,,100.0,99.5,100.0,100.0
2022-03-12,,,,98.9,98.6,100.0,100.0,100.0,95.4,,,,100.0,99.7,100.0,100.0
2022-03-13,,,,,,,,,,,,,100.0,99.5,100.0,100.0
2022-03-14,96.7,86.7,89.2,,,,,,,,,,100.0,99.5,100.0,100.0
2022-03-15,,,,,,,,,,100.0,99.2,84.9,100.0,99.4,100.0,100.0
2022-03-16,,,,,,,,,,,,,100.0,99.4,100.0,100.0
2022-03-17,97.9,89.6,96.7,98.2,96.8,100.0,,,,,,,100.0,99.5,100.0,100.0
2022-03-18,,,,,,,,,,,,,100.0,99.4,100.0,100.0
2022-03-19,,,,,,,100.0,100.0,91.7,,,,100.0,99.5,100.0,100.0
2022-03-20,,,,,,,100.0,99.9,89.2,100.0,99.2,100.0,100.0,99.5,100.0,100.0
2022-03-21,96.0,86.8,98.2,,,,,,,,,,100.0,99.4,100.0,100.0
2022-03-22,98.1,89.2,95.5,99.4,98.8,100.0,,,,,,,100.0,99.5,100.0,100.0
2022-03-23,,,,,,,,,,,,,100.0,99.2,100.0,100.0
2022-03-24,,,,,,,,,,,,,100.0,99.1,100.0,100.0
2022-03-25,,,,,,,,,,100.0,99.3,100.0,100.0,99.0,100.0,100.0
2022-03-26,96.6,75.6,90.2,,,,,,,,,,100.0,99.0,100.0,100.0
2022-03-27,,,,98.7,98.5,100.0,100.0,99.7,82.8,100.0,99.5,100.0,100.0,99.0,100.0,100.0
2022-03-28,,,,,,,100.0,98.9,86.6,,,,100.0,98.7,100.0,100.0
2022-03-29,98.3,77.2,94.0,,,,,,,,,,100.0,98.6,100.0,100.0
2022-03-30,,,,,,,,,,,,,100.0,98.3,100.0,100.0
2022-03-31,,,,,,,,,,,,,100.0,97.8,100.0,100.0
2022-04-01,,,,,,,,,,,,,100.0,97.6,100.0,100.0
2022-04-02,96.7,64.9,93.1,,,,,,,,,,100.0,98.0,100.0,100.0
2022-04-03,94.9,61.6,91.2,,,,,,,,,,100.0,98.3,100.0,100.0
2022-04-04,,,,,,,100.0,99.9,100.0,,,,100.0,98.6,100.0,100.0
2022-04-05,,,,,,,,,,,,,100.0,98.4,100.0,100.0
2022-04-06,,,,100.0,99.4,100.0,,,,100.0,99.6,100.0,100.0,98.8,100.0,100.0
2022-04-07,23.0,36.5,88.5,,,,,,,,,,100.0,98.5,100.0,100.0
2022-04-08,,,,,,,,,,,,,100.0,98.1,100.0,100.0
2022-04-09,,,,,,,,,,,,,100.0,98.4,100.0,100.0
2022-04-10,7.8,23.2,92.4,,,,,,,100.0,99.6,80.4,100.0,98.7,100.0,100.0
2022-04-11,,,,100.0,99.4,100.0,,,,100.0,99.5,100.0,100.0,98.9,100.0,100.0
2022-04-12,,,,,,,100.0,100.0,100.0,100.0,99.4,100.0,100.0,99.0,100.0,100.0
2022-04-13,,,,,,,100.0,99.9,99.6,100.0,99.2,100.0,100.0,99.1,100.0,100.0
2022-04-14,,,,,,,,,,100.0,98.6,100.0,100.0,98.9,100.0,100.0
2022-04-15,7.6,19.8,93.3,,,,,,,,,,100.0,98.7,100.0,100.0
2022-04-16,,,,100.0,99.7,66.9,,,,,,,100.0,98.8,100.0,100.0
2022-04-17,,,,,,,,,,,,,100.0,98.6,100.0,100.0
2022-04-18,,,,,,,,,,100.0,98.5,100.0,100.0,98.4,100.0,100.0
2022-04-19,6.0,25.0,87.8,,,,,,,100.0,97.2,100.0,100.0,98.4,100.0,100.0
2022-04-20,,,,,,,100.0,99.8,81.2,100.0,97.8,100.0,100.0,98.5,100.0,100.0
2022-04-21,,,,99.4,97.8,100.0,100.0,99.2,95.2,99.9,96.8,100.0,100.0,98.7,100.0,100.0
2022-04-22,73.7,48.8,92.6,,,,,,,,,,100.0,97.9,100.0,100.0
2022-04-23,,,,,,,,,,,,,100.0,97.7,100.0,100.0
2022-04-24,,,,,,,,,,100.0,97.4,100.0,100.0,97.3,100.0,100.0
2022-04-25,,,,,,,,,,99.9,94.8,100.0,100.0,97.1,100.0,100.0
2022-04-26,72.7,48.2,93.6,,,,,,,100.0,95.4,100.0,100.0,96.5,100.0,100.0
2022-04-27,88.0,60.5,93.6,,,,,,,99.9,90.1,100.0,100.0,96.3,100.0,100.0
2022-04-28,,,,,,,100.0,99.7,71.0,,,,100.0,95.9,100.0,100.0
2022-04-29,,,,,,,100.0,99.3,78.1,99.7,91.9,100.0,100.0,95.2,100.0,100.0
2022-04-30,,,,,,,,,,98.9,79.5,95.5,100.0,93.3,100.0,100.0
2022-05-01,91.9,66.2,87.0,,,,,,,,,,100.0,93.2,100.0,100.0
2022-05-02,,,,,,,,,,99.0,82.4,39.0,99.6,91.3,100.0,99.6
2022-05-03,,,,,,,,,,98.6,81.1,85.4,99.3,89.9,100.0,99.3
2022-05-04,89.1,65.1,93.1,,,,,,,99.0,78.3,99.6,99.2,88.5,100.0,99.2
2022-05-05,,,,,,,,,,82.5,69.6,40.0,98.7,86.9,100.0,98.7
2022-05-06,,,,,,,,,,,,,98.2,86.0,100.0,98.2
2022-05-07,,,,,,,,,,89.7,68.9,100.0,94.8,81.4,100.0,94.8
2022-05-08,84.8,61.3,93.3,,,,,,,,,,90.6,77.8,100.0,90.6
2022-05-09,60.1,43.9,93.1,,,,,,,,,,79.0,70.5,100.0,79.0
2022-05-10,,,,,,,,,,,,,69.7,66.3,100.0,69.7
2022-05-11,,,,94.5,81.8,100.0,,,,,,,52.6,58.7,100.0,52.6
2022-05-12,,,,,,,,,,,,,20.8,41.8,100.0,20.8
2022-05-13,50.0,40.8,86.6,,,,,,,,,,10.0,31.2,100.0,10.0
2022-05-14,,,,,,,,,,,,,3.3,25.4,100.0,3.3
2022-05-15,,,,,,,2.0,11.4,53.7,,,,2.8,21.2,100.0,2.8
2022-05-16,1.6,16.0,93.3,,,,,,,,,,0.3,15.1,100.0,0.3
2022-05-17,,,,,,,,,,,,,0.1,13.1,100.0,0.1
2022-05-18,,,,,,,,,,,,,0.0,12.4,100.0,0.0
2022-05-19,,,,,,,,,,,,,0.0,11.7,100.0,0.0
2022-05-20,1.2,9.4,93.6,,,,,,,,,,0.0,6.8,100.0,0.0
2022-05-21,0.0,4.2,93.6,,,,,,,,,,0.0,6.0,100.0,0.0
2022-05-22,,,,,,,,,,,,,0.0,4.9,100.0,0.0
2022-05-23,,,,,,,,,,,,,0.0,5.8,100.0,0.0
2022-05-24,,,,,,,,,,,,,0.0,4.6,100.0,0.0
2022-05-25,0.1,3.0,86.6,,,,,,,,,,0.0,5.0,100.0,0.0
2022-05-26,,,,0.0,0.4,76.7,,,,,,,0.0,4.8,100.0,0.0
2022-05-27,,,,,,,,,,,,,0.0,4.9,100.0,0.0
2022-05-28,0.1,2.1,92.0,,,,,,,5.8,26.4,30.6,0.0,4.1,100.0,0.0
2022-05-29,,,,,,,,,,,,,0.0,4.9,100.0,0.0
2022-05-30,,,,,,,,,,2.6,19.7,100.0,0.0,4.7,100.0,0.0
2022-05-31,,,,,,,,,,,,,0.0,4.7,100.0,0.0
2022-06-01,0.0,2.3,92.8,,,,,,,,,,0.0,2.6,100.0,0.0
2022-06-02,0.0,1.9,92.5,,,,,,,,,,0.0,2.7,100.0,0.0
2022-06-03,,,,,,,,,,,,,0.0,2.9,100.0,0.0
2022-06-04,,,,,,,,,,,,,0.0,2.5,100.0,0.0
2022-06-05,,,,0.0,0.1,88.9,,,,,,,0.0,1.8,100.0,0.0
2022-06-06,0.4,3.9,86.0,,,,,,,0.0,4.9,58.4,0.0,2.0,100.0,0.0
2022-06-07,,,,,,,,,,,,,0.0,1.8,100.0,0.0
2022-06-08,,,,,,,,,,,,,0.0,1.5,100.0,0.0
2022-06-09,,,,,,,,,,,,,0.0,1.1,100.0,0.0
2022-06-10,,,,,,,,,,,,,0.0,1.1,100.0,0.0
2022-06-11,,,,,,,,,,0.0,2.5,100.0,0.0,1.0,100.0,0.0
2022-06-12,,,,,,,,,,0.0,1.3,100.0,0.0,0.8,100.0,0.0
2022-06-13,0.3,3.4,93.2,,,,,,,,,,0.0,0.8,100.0,0.0
2022-06-14,0.3,2.5,93.3,,,,,,,,,,0.0,0.7,100.0,0.0
2022-06-15,,,,0.0,0.0,66.8,0.0,0.0,62.6,,,,0.0,0.5,100.0,0.0
2022-06-16,,,,,,,,,,,,,0.0,0.4,100.0,0.0
2022-06-17,,,,,,,,,,,,,0.0,0.4,100.0,0.0
2022-06-18,0.4,2.2,87.8,,,,,,,0.0,0.4,100.0,0.0,0.3,100.0,0.0
2022-06-19,,,,,,,,,,,,,0.0,0.3,100.0,0.0
2022-06-20,,,,,,,,,,0.0,0.1,100.0,0.0,0.2,100.0,0.0
2022-06-21,0.2,1.8,90.7,,,,0.0,0.1,53.7,,,,0.0,0.2,100.0,0.0
2022-06-22,,,,,,,,,,,,,0.0,0.2,100.0,0.0
2022-06-23,,,,,,,0.0,0.0,79.0,0.0,0.1,100.0,0.0,0.2,100.0,0.0
2022-06-24,,,,,,,,,,,,,0.0,0.2,100.0,0.0
2022-06-25,0.5,2.7,96.3,0.0,0.0,95.7,,,,,,,0.0,0.1,100.0,0.0
2022-06-26,0.3,2.4,95.5,,,,,,,,,,0.0,0.1,100.0,0.0
2022-06-27,,,,,,,,,,0.0,0.1,100.0,0.0,0.2,100.0,0.0
2022-06-28,,,,,,,,,,,,,0.0,0.2,100.0,0.0
2022-06-29,,,,,,,,,,0.0,0.1,100.0,0.0,0.1,100.0,0.0
2022-06-30,0.5,2.7,88.3,0.0,0.0,99.2,,,,,,,0.0,0.1,100.0,0.0
2022-07-01,,,,,,,,,,,,,0.0,0.2,100.0,0.0
2022-07-02,,,,,,,0.0,0.0,74.2,,,,0.0,0.2,100.0,0.0
2022-07-03,0.0,1.6,91.2,,,,,,,,,,0.0,0.2,100.0,0.0
2022-07-04,,,,,,,,,,,,,0.0,0.1,100.0,0.0
2022-07-05,,,,,,,,,,,,,0.0,0.2,100.0,0.0
2022-07-06,,,,,,,,,,,,,0.0,0.2,100.0,0.0
2022-07-07,0.1,1.8,92.4,,,,,,,0.0,0.0,100.0,0.0,0.2,100.0,0.0
2022-07-08,0.0,1.6,92.9,,,,,,,,,,0.0,0.2,100.0,0.0
2022-07-09,,,,,,,0.0,0.0,83.3,,,,0.0,0.3,100.0,0.0
2022-07-10,,,,,,,,,,0.0,0.0,97.5,0.0,0.3,100.0,0.0
2022-07-11,,,,,,,,,,,,,0.0,0.3,100.0,0.0
2022-07-12,0.0,1.6,84.7,,,,,,,0.0,0.0,100.0,0.0,0.2,100.0,0.0
2022-07-13,,,,,,,,,,,,,0.0,0.2,100.0,0.0
2022-07-14,,,,,,,,,,,,,0.0,0.2,100.0,0.0
2022-07-15,0.0,1.3,91.6,,,,,,,,,,0.0,0.1,100.0,0.0
2022-07-16,,,,,,,,,,0.0,0.0,100.0,0.0,0.1,100.0,0.0
2022-07-17,,,,,,,0.0,0.0,80.8,,,,0.0,0.1,100.0,0.0
2022-07-18,,,,,,,0.0,0.0,83.6,,,,0.0,0.1,100.0,0.0
2022-07-19,0.0,1.2,92.7,,,,,,,0.0,0.0,100.0,0.0,0.1,100.0,0.0
2022-07-20,0.0,1.4,92.9,0.0,0.0,100.0,,,,,,,0.0,0.0,100.0,0.0
2022-07-21,,,,,,,,,,,,,0.0,0.0,100.0,0.0
2022-07-22,,,,,,,,,,,,,0.0,0.1,100.0,0.0
2022-07-23,,,,,,,,,,,,,0.0,0.0,100.0,0.0
2022-07-24,0.0,1.1,84.6,,,,,,,0.0,0.0,100.0,0.0,0.0,100.0,0.0
2022-07-25,,,,0.0,0.0,72.4,,,,,,,0.0,0.0,100.0,0.0
2022-07-26,,,,,,,,,,,,,0.0,0.0,100.0,0.0
2022-07-27,0.0,1.1,91.6,,,,,,,,,,0.0,0.0,100.0,0.0
2022-07-28,,,,,,,,,,0.0,0.0,100.0,0.0,0.0,100.0,0.0
2022-07-29,,,,,,,,,,,,,0.0,0.0,100.0,0.0
2022-07-30,,,,,,,,,,,,,0.0,0.0,100.0,0.0
2022-07-31,0.0,1.0,91.9,,,,,,,0.0,0.0,73.2,0.0,0.0,100.0,0.0
2022-08-01,0.0,1.7,92.2,,,,,,,0.0,0.0,82.6,0.0,0.0,100.0,0.0
2022-08-02,,,,,,,0.0,0.0,88.8,0.0,0.0,100.0,0.0,0.0,100.0,0.0
2022-08-03,,,,,,,0.0,0.0,91.0,0.0,0.0,100.0,0.0,0.0,100.0,0.0
2022-08-04,,,,0.0,0.0,93.0,,,,,,,0.0,0.0,100.0,0.0
2022-08-05,0.0,1.0,84.0,,,,,,,0.0,0.0,100.0,0.0,0.0,100.0,0.0
2022-08-06,,,,,,,,,,,,,0.0,0.0,100.0,0.0
2022-08-07,,,,,,,,,,,,,0.0,0.0,100.0,0.0
2022-08-08,0.0,1.5,92.6,,,,,,,0.0,0.0,100.0,0.0,0.0,100.0,0.0
2022-08-09,,,,0.0,0.0,100.0,,,,0.0,0.0,100.0,0.0,0.0,100.0,0.0
2022-08-10,,,,,,,0.0,0.0,78.4,,,,0.0,0.1,100.0,0.0
2022-08-11,,,,,,,,,,0.0,0.0,100.0,0.0,0.1,100.0,0.0
2022-08-12,0.1,2.3,94.8,,,,,,,0.0,0.0,100.0,0.0,0.1,100.0,0.0
2022-08-13,0.1,2.8,93.1,,,,,,,0.0,0.0,100.0,0.0,0.1,100.0,0.0
2022-08-14,,,,0.0,0.0,100.0,,,,,,,0.0,0.1,100.0,0.0
2022-08-15,,,,,,,,,,,,,0.0,0.1,100.0,0.0
2022-08-16,,,,,,,,,,0.0,0.0,100.0,0.0,0.1,100.0,0.0
2022-08-17,0.6,4.2,89.4,,,,,,,0.0,0.0,100.0,0.0,0.1,100.0,0.0
2022-08-18,,,,,,,,,,,,,0.0,0.1,100.0,0.0
2022-08-19,,,,,,,,,,,,,0.0,0.1,100.0,0.0
2022-08-20,0.3,3.4,92.3,,,,,,,0.0,0.0,100.0,0.0,0.1,100.0,0.0
2022-08-21,,,,,,,,,,0.0,0.0,100.0,0.0,0.1,100.0,0.0
2022-08-22,,,,,,,,,,0.0,0.0,100.0,0.0,0.1,100.0,0.0
2022-08-23,,,,,,,,,,0.0,0.0,100.0,0.0,0.1,100.0,0.0
2022-08-24,,,,0.0,0.0,100.0,,,,0.0,0.0,100.0,0.0,0.1,100.0,0.0
2022-08-25,0.1,2.2,84.0,,,,,,,0.0,0.0,100.0,0.0,0.1,100.0,0.0
2022-08-26,,,,,,,0.0,0.0,77.9,0.0,0.0,100.0,0.0,0.0,100.0,0.0
2022-08-27,,,,,,,,,,,,,0.0,0.0,100.0,0.0
2022-08-28,,,,,,,,,,,,,0.0,0.0,100.0,0.0
2022-08-29,0.0,1.7,77.1,0.0,0.0,84.0,,,,,,,0.0,0.0,100.0,0.0
2022-08-30,,,,,,,,,,0.0,0.0,100.0,0.0,0.0,100.0,0.0
2022-08-31,,,,,,,,,,,,,0.0,0.0,100.0,0.0
2022-09-01,0.2,3.0,84.0,,,,,,,,,,0.0,0.0,100.0,0.0
2022-09-02,,,,,,,,,,,,,0.0,0.0,100.0,0.0
2022-09-03,,,,,,,0.0,0.0,92.7,0.0,0.0,100.0,0.0,0.0,100.0,0.0
2022-09-04,,,,,,,,,,0.0,0.0,100.0,0.0,0.0,100.0,0.0
2022-09-05,0.1,3.2,83.4,,,,,,,0.0,0.0,100.0,0.0,0.0,100.0,0.0
2022-09-06,0.0,3.7,83.2,,,,,,,,,,0.0,0.0,100.0,0.0
2022-09-07,,,,,,,,,,,,,0.0,0.0,100.0,0.0
2022-09-08,,,,,,,,,,0.0,0.0,100.0,0.0,0.0,100.0,0.0
2022-09-09,,,,,,,,,,,,,0.0,0.0,100.0,0.0
2022-09-10,0.0,3.5,75.2,,,,,,,,,,0.0,0.0,100.0,0.0
2022-09-11,,,,,,,,,,0.0,0.0,100.0,0.0,0.0,100.0,0.0
2022-09-12,,,,,,,,,,0.0,0.0,100.0,0.0,0.0,100.0,0.0
2022-09-13,0.2,4.2,84.9,,,,,,,,,,0.0,0.0,100.0,0.0
2022-09-14,,,,,,,,,,,,,0.0,0.0,100.0,0.0
2022-09-15,,,,,,,,,,,,,0.0,0.0,100.0,0.0
2022-09-16,,,,,,,,,,,,,0.0,0.0,100.0,0.0
2022-09-17,0.7,4.8,88.3,,,,,,,,,,0.0,0.0,100.0,0.0
2022-09-18,0.4,4.4,87.1,,,,,,,,,,0.0,0.0,100.0,0.0
2022-09-19,,,,,,,,,,,,,0.0,0.1,100.0,0.0
2022-09-20,,,,,,,0.0,0.0,45.2,,,,0.0,0.0,100.0,0.0
2022-09-21,,,,,,,,,,,,,0.0,0.0,100.0,0.0
2022-09-22,0.4,3.4,80.2,,,,,,,,,,0.0,0.0,100.0,0.0
2022-09-23,,,,,,,,,,,,,0.0,0.0,100.0,0.0
2022-09-24,,,,,,,,,,,,,0.0,0.0,100.0,0.0
2022-09-25,0.1,2.6,83.4,,,,,,,,,,0.0,0.0,100.0,0.0
2022-09-26,,,,,,,,,,,,,0.0,0.0,100.0,0.0
2022-09-27,,,,,,,,,,,,,0.0,0.0,100.0,0.0
2022-09-28,,,,,,,,,,,,,0.0,0.0,100.0,0.0
2022-09-29,0.2,3.1,82.0,,,,,,,,,,0.0,0.0,100.0,0.0
2022-09-30,0.0,2.4,82.4,,,,,,,,,,0.0,0.1,100.0,0.0
2022-10-01,,,,,,,,,,,,,0.0,0.1,100.0,0.0
2022-10-02,,,,,,,,,,,,,0.0,0.0,100.0,0.0
2022-10-03,,,,0.0,0.0,41.8,,,,,,,0.0,0.0,100.0,0.0
2022-10-04,0.1,2.0,77.4,,,,,,,,,,0.0,0.0,100.0,0.0
2022-10-05,,,,,,,0.0,0.0,90.7,0.0,0.1,100.0,0.0,0.0,100.0,0.0
2022-10-06,,,,,,,0.0,0.0,99.9,,,,0.0,0.0,100.0,0.0
2022-10-07,0.0,2.3,82.6,,,,,,,0.0,0.1,100.0,0.0,0.0,100.0,0.0
2022-10-08,,,,,,,,,,,,,0.0,0.0,100.0,0.0
2022-10-09,,,,,,,,,,,,,0.0,0.0,100.0,0.0
2022-10-10,,,,,,,,,,,,,0.0,0.1,100.0,0.0
2022-10-11,0.1,2.5,82.3,,,,,,,0.0,0.1,100.0,0.0,0.1,100.0,0.0
2022-10-12,0.0,3.1,83.3,,,,,,,0.0,0.1,100.0,0.0,0.1,100.0,0.0
2022-10-13,,,,,,,,,,,,,0.0,0.1,100.0,0.0
2022-10-14,,,,,,,,,,,,,0.0,0.2,100.0,0.0
2022-10-15,,,,,,,,,,0.0,0.1,100.0,0.0,0.2,100.0,0.0
2022-10-16,0.1,2.9,75.4,,,,,,,0.0,0.1,100.0,0.0,0.2,100.0,0.0
2022-10-17,,,,,,,,,,0.0,0.0,100.0,0.0,0.2,100.0,0.0
2022-10-18,,,,0.0,0.0,100.0,,,,0.0,0.0,100.0,0.0,0.1,100.0,0.0
2022-10-19,0.0,3.2,82.5,,,,,,,,,,0.0,0.2,100.0,0.0
2022-10-20,,,,,,,,,,0.0,0.0,100.0,0.0,0.1,100.0,0.0
2022-10-21,,,,,,,,,,,,,0.0,0.2,100.0,0.0
2022-10-22,,,,,,,,,,0.0,0.0,100.0,0.0,0.1,100.0,0.0
2022-10-23,0.2,4.0,83.0,,,,,,,,,,0.0,0.2,100.0,0.0
2022-10-24,0.1,2.4,83.6,,,,,,,,,,0.0,0.1,100.0,0.0
2022-10-25,,,,,,,,,,0.0,0.0,100.0,0.0,0.1,100.0,0.0
2022-10-26,,,,,,,,,,,,,0.0,0.1,100.0,0.0
2022-10-27,,,,,,,,,,,,,0.0,0.2,100.0,0.0
2022-10-28,0.8,2.7,80.8,,,,,,,,,,0.0,0.1,100.0,0.0
2022-10-29,,,,,,,,,,,,,0.0,0.2,100.0,0.0
2022-10-30,,,,,,,0.0,0.0,71.0,0.0,0.0,100.0,0.0,0.1,100.0,0.0
2022-10-31,0.0,1.5,83.0,,,,,,,0.0,0.0,100.0,0.0,0.2,100.0,0.0
2022-11-01,,,,,,,,,,0.0,0.0,100.0,0.0,0.1,100.0,0.0
2022-11-02,,,,,,,,,,0.0,0.1,100.0,0.0,0.2,100.0,0.0
2022-11-03,,,,,,,,,,,,,0.0,0.2,100.0,0.0
2022-11-04,0.2,2.0,83.6,,,,,,,,,,0.0,0.2,100.0,0.0
2022-11-05,0.0,2.0,83.8,,,,,,,0.0,0.1,100.0,0.0,0.2,100.0,0.0
2022-11-06,,,,,,,,,,,,,0.0,0.2,100.0,0.0
2022-11-07,,,,,,,,,,,,,0.0,0.3,100.0,0.0
2022-11-08,,,,,,,,,,,,,0.0,0.3,100.0,0.0
2022-11-09,0.0,1.8,77.6,,,,,,,,,,0.0,0.3,100.0,0.0
2022-11-10,,,,,,,,,,,,,0.0,0.3,100.0,0.0
2022-11-11,,,,,,,,,,,,,0.0,0.4,100.0,0.0
2022-11-12,0.0,2.0,83.6,,,,,,,,,,0.0,0.3,100.0,0.0
2022-11-13,,,,,,,,,,,,,0.0,0.3,100.0,0.0
2022-11-14,,,,,,,,,,,,,0.0,0.3,100.0,0.0
2022-11-15,,,,,,,,,,,,,0.0,0.5,100.0,0.0
2022-11-16,0.1,2.8,84.3,,,,,,,0.0,0.1,100.0,0.0,0.4,100.0,0.0
2022-11-17,0.0,2.6,84.8,,,,,,,,,,0.0,0.5,100.0,0.0
2022-11-18,,,,,,,,,,,,,0.0,0.6,100.0,0.0
2022-11-19,,,,,,,,,,0.0,0.3,100.0,0.0,0.8,100.0,0.0
2022-11-20,,,,,,,,,,,,,0.0,0.7,100.0,0.0
2022-11-21,0.4,2.6,80.8,,,,,,,,,,0.0,0.9,100.0,0.0
2022-11-22,,,,,,,,,,,,,0.0,0.9,100.0,0.0
2022-11-23,,,,,,,0.0,0.1,100.0,,,,0.0,1.3,100.0,0.0
2022-11-24,0.2,2.5,84.2,,,,,,,,,,0.0,1.1,100.0,0.0
2022-11-25,,,,,,,,,,,,,0.0,1.4,100.0,0.0
2022-11-26,,,,,,,,,,,,,0.0,1.3,100.0,0.0
2022-11-27,,,,0.0,0.0,100.0,,,,0.0,1.0,100.0,0.0,1.5,100.0,0.0
2022-11-28,0.4,3.0,85.4,,,,,,,,,,0.0,1.4,100.0,0.0
2022-11-29,0.0,3.3,82.6,,,,,,,,,,0.0,1.3,100.0,0.0
2022-11-30,,,,,,,,,,0.0,0.7,100.0,0.0,1.2,100.0,0.0
2022-12-01,,,,,,,0.0,0.3,100.0,0.0,0.6,100.0,0.0,1.2,100.0,0.0
2022-12-02,,,,,,,,,,,,,0.0,1.2,100.0,0.0
2022-12-03,0.1,2.7,76.2,,,,,,,,,,0.0,1.2,100.0,0.0
2022-12-04,,,,,,,,,,0.0,0.3,100.0,0.0,1.3,100.0,0.0
2022-12-05,,,,,,,,,,,,,0.0,1.5,100.0,0.0
2022-12-06,0.2,3.5,82.2,,,,,,,,,,0.0,1.3,100.0,0.0
2022-12-07,,,,0.0,0.1,100.0,,,,0.0,0.8,100.0,0.0,1.3,100.0,0.0
2022-12-08,,,,,,,0.0,0.4,100.0,0.0,0.4,100.0,0.0,1.5,100.0,0.0
2022-12-09,,,,,,,,,,0.0,0.3,100.0,0.0,1.6,100.0,0.0
2022-12-10,0.5,4.1,81.6,,,,,,,0.0,0.3,100.0,0.0,1.4,100.0,0.0
2022-12-11,0.5,5.4,82.0,,,,,,,,,,0.0,1.9,100.0,0.0
2022-12-12,,,,,,,,,,,,,0.0,2.3,100.0,0.0
2022-12-13,,,,,,,,,,,,,0.0,2.4,100.0,0.0
2022-12-14,,,,,,,,,,0.0,0.3,100.0,0.0,1.8,100.0,0.0
2022-12-15,1.6,6.2,81.2,,,,,,,,,,0.0,2.5,100.0,0.0
2022-12-16,,,,,,,,,,0.0,0.3,75.6,0.0,2.7,100.0,0.0
2022-12-17,,,,0.0,0.9,100.0,0.0,0.7,100.0,0.0,0.3,100.0,0.0,2.5,100.0,0.0
2022-12-18,1.4,5.1,84.9,,,,,,,0.0,0.6,100.0,0.0,2.4,100.0,0.0
2022-12-19,,,,,,,,,,,,,0.0,2.6,100.0,0.0
2022-12-20,,,,,,,,,,,,,0.0,3.2,100.0,0.0
2022-12-21,,,,,,,,,,0.0,1.0,100.0,0.0,2.8,100.0,0.0
2022-12-22,1.2,4.7,84.8,,,,,,,,,,0.0,2.8,100.0,0.0
2022-12-23,0.0,3.0,81.6,,,,,,,,,,0.0,2.4,100.0,0.0
2022-12-24,,,,,,,,,,,,,0.0,2.9,100.0,0.0
2022-12-25,,,,,,,0.0,0.8,100.0,0.0,1.5,100.0,0.0,3.0,100.0,0.0
2022-12-26,,,,,,,,,,,,,0.0,3.2,100.0,0.0
2022-12-27,0.6,3.9,76.0,,,,,,,0.0,1.2,100.0,0.0,2.5,100.0,0.0
2022-12-28,,,,,,,,,,,,,0.0,3.0,100.0,0.0
2022-12-29,,,,,,,,,,0.0,3.1,100.0,0.0,3.5,100.0,0.0
2022-12-30,0.1,2.8,80.9,,,,,,,,,,0.0,4.4,100.0,0.0
2022-12-31,,,,,,,,,,,,,0.0,4.6,100.0,0.0
2023-01-01,,,,0.0,0.7,100.0,,,,0.2,1.7,100.0,0.0,4.5,100.0,0.0
2023-01-02,,,,,,,,,,0.4,5.8,100.0,0.0,5.9,100.0,0.0
2023-01-03,0.0,3.1,66.7,,,,,,,,,,0.0,6.1,100.0,0.0
2023-01-04,0.0,2.8,78.4,,,,,,,,,,0.0,6.5,100.0,0.0
2023-01-05,,,,,,,,,,0.4,10.4,100.0,0.0,5.7,100.0,0.0
2023-01-06,,,,0.4,5.3,100.0,,,,,,,0.0,6.0,100.0,0.0
2023-01-07,,,,,,,,,,56.7,49.7,100.0,0.0,5.4,100.0,0.0
2023-01-08,0.0,1.9,69.7,,,,,,,,,,0.0,5.8,100.0,0.0
2023-01-09,,,,,,,,,,,,,0.0,5.4,100.0,0.0
2023-01-10,,,,,,,,,,,,,0.0,5.5,100.0,0.0
2023-01-11,0.1,1.7,78.8,,,,,,,31.4,41.3,100.0,0.0,5.0,100.0,0.0
2023-01-12,,,,,,,,,,,,,0.0,4.9,100.0,0.0
2023-01-13,,,,,,,,,,,,,0.0,4.2,100.0,0.0
2023-01-14,,,,,,,,,,,,,0.0,4.6,100.0,0.0
2023-01-15,0.0,1.4,72.5,,,,,,,,,,0.0,3.9,100.0,0.0
2023-01-16,0.0,2.1,78.9,,,,,,,,,,0.0,4.3,100.0,0.0
2023-01-17,,,,,,,,,,,,,0.0,5.4,100.0,0.0
2023-01-18,,,,,,,0.0,2.1,100.0,,,,0.0,8.1,100.0,0.0
2023-01-19,,,,,,,,,,,,,0.0,9.3,100.0,0.0
2023-01-20,0.0,2.4,72.1,,,,,,,,,,0.2,14.7,100.0,0.2
2023-01-21,,,,,,,,,,,,,1.5,19.3,100.0,1.5
2023-01-22,,,,,,,,,,,,,5.5,29.5,100.0,5.5
2023-01-23,0.0,4.0,77.6,,,,,,,,,,6.9,35.4,100.0,6.9
2023-01-24,,,,,,,,,,,,,10.0,46.0,100.0,10.0
2023-01-25,,,,,,,23.9,33.6,100.0,,,,23.1,55.7,100.0,23.1
2023-01-26,,,,67.5,57.7,100.0,89.0,80.1,100.0,,,,95.7,72.9,100.0,95.7
2023-01-27,0.2,9.3,79.5,,,,,,,100.0,88.3,100.0,96.4,75.1,100.0,96.4
2023-01-28,6.7,26.3,78.3,,,,,,,99.4,84.4,100.0,98.5,81.3,100.0,98.5
2023-01-29,,,,,,,,,,,,,98.6,82.2,100.0,98.6
2023-01-30,,,,,,,,,,100.0,92.0,100.0,99.8,87.2,100.0,99.8
2023-01-31,,,,100.0,98.7,100.0,,,,100.0,86.7,100.0,99.6,89.2,100.0,99.6
2023-02-01,28.7,37.1,75.4,,,,,,,,,,99.9,91.0,100.0,99.9
2023-02-02,,,,,,,,,,,,,99.9,90.1,100.0,99.9
2023-02-03,,,,,,,100.0,99.8,100.0,,,,100.0,95.2,100.0,100.0
2023-02-04,68.1,47.3,78.0,,,,,,,100.0,93.6,100.0,100.0,94.2,100.0,100.0
2023-02-05,,,,,,,,,,,,,100.0,95.6,100.0,100.0
2023-02-06,,,,,,,,,,100.0,93.3,100.0,100.0,96.1,100.0,100.0
2023-02-07,,,,,,,,,,100.0,95.7,100.0,100.0,97.7,100.0,100.0
2023-02-08,75.2,49.5,81.4,,,,,,,100.0,93.6,71.8,100.0,97.9,100.0,100.0
2023-02-09,92.4,64.1,76.7,,,,,,,100.0,96.9,100.0,100.0,98.2,100.0,100.0
2023-02-10,,,,98.8,98.5,100.0,100.0,100.0,99.9,100.0,97.2,100.0,100.0,99.0,100.0,100.0
2023-02-11,,,,,,,100.0,100.0,100.0,,,,100.0,99.3,100.0,100.0
2023-02-12,,,,,,,,,,100.0,98.3,100.0,100.0,99.2,100.0,100.0
2023-02-13,96.0,72.6,76.2,,,,,,,,,,100.0,99.3,100.0,100.0
2023-02-14,,,,,,,,,,100.0,98.7,100.0,100.0,99.4,100.0,100.0
2023-02-15,,,,99.0,98.9,100.0,,,,100.0,99.0,100.0,100.0,99.5,100.0,100.0
2023-02-16,97.1,77.7,76.2,,,,,,,100.0,98.9,100.0,100.0,99.5,100.0,100.0
2023-02-17,,,,,,,,,,100.0,99.1,100.0,100.0,99.3,100.0,100.0
2023-02-18,,,,,,,100.0,99.7,59.7,,,,100.0,99.4,100.0,100.0
2023-02-19,,,,,,,100.0,99.0,82.3,100.0,98.9,100.0,100.0,99.5,100.0,100.0
2023-02-20,96.9,76.0,81.5,99.1,98.8,100.0,,,,100.0,99.0,100.0,100.0,99.5,100.0,100.0
2023-02-21,98.9,80.6,79.4,,,,,,,,,,100.0,99.2,100.0,100.0
2023-02-22,,,,,,,,,,100.0,98.9,100.0,100.0,99.0,100.0,100.0
2023-02-23,,,,,,,,,,,,,100.0,98.8,100.0,100.0
2023-02-24,,,,,,,,,,,,,100.0,98.6,100.0,100.0
2023-02-25,98.6,79.0,76.1,,,,,,,100.0,99.1,100.0,100.0,98.4,100.0,100.0
2023-02-26,,,,,,,,,,100.0,99.1,100.0,100.0,98.3,100.0,100.0
2023-02-27,,,,,,,,,,100.0,99.1,100.0,100.0,98.3,100.0,100.0
2023-02-28,99.4,84.0,80.5,,,,,,,100.0,99.1,100.0,100.0,98.2,100.0,100.0
2023-03-01,,,,,,,,,,100.0,99.2,100.0,100.0,98.4,100.0,100.0
2023-03-02,,,,,,,,,,,,,100.0,98.5,100.0,100.0
2023-03-03,,,,,,,,,,100.0,99.1,100.0,100.0,99.0,100.0,100.0
2023-03-04,99.2,85.1,81.0,,,,,,,100.0,99.4,100.0,100.0,98.9,100.0,100.0
2023-03-05,99.3,86.5,81.8,,,,,,,,,,100.0,99.1,100.0,100.0
2023-03-06,,,,,,,100.0,99.9,100.0,100.0,99.5,100.0,100.0,99.1,100.0,100.0
2023-03-07,,,,100.0,99.7,100.0,100.0,99.9,99.9,,,,100.0,99.5,100.0,100.0
2023-03-08,,,,,,,,,,,,,100.0,99.2,100.0,100.0
2023-03-09,98.1,85.0,75.5,,,,,,,,,,100.0,99.3,100.0,100.0
2023-03-10,,,,,,,,,,,,,100.0,99.1,100.0,100.0
2023-03-11,,,,,,,,,,,,,100.0,99.2,100.0,100.0
2023-03-12,99.5,88.1,81.3,,,,,,,,,,100.0,99.3,100.0,100.0
2023-03-13,,,,,,,,,,100.0,99.6,100.0,100.0,99.4,100.0,100.0
2023-03-14,,,,,,,,,,100.0,99.6,39.9,100.0,99.4,100.0,100.0
2023-03-15,,,,,,,100.0,99.9,99.9,,,,100.0,99.5,100.0,100.0
2023-03-16,98.9,86.8,82.1,,,,,,,,,,100.0,99.5,100.0,100.0
2023-03-17,99.4,88.1,78.3,100.0,99.6,100.0,,,,,,,100.0,99.7,100.0,100.0
2023-03-18,,,,,,,,,,100.0,99.6,100.0,100.0,99.5,100.0,100.0
2023-03-19,,,,,,,,,,,,,100.0,99.5,100.0,100.0
2023-03-20,,,,,,,,,,,,,100.0,99.5,100.0,100.0
2023-03-21,96.5,84.2,79.4,,,,,,,,,,100.0,99.5,100.0,100.0
2023-03-22,,,,100.0,99.8,100.0,100.0,99.9,91.3,,,,100.0,99.6,100.0,100.0
2023-03-23,,,,,,,,,,,,,100.0,99.3,100.0,100.0
2023-03-24,97.8,83.9,82.1,,,,,,,,,,100.0,99.3,100.0,100.0
2023-03-25,,,,,,,,,,100.0,99.7,100.0,100.0,99.2,100.0,100.0
2023-03-26,,,,,,,,,,,,,100.0,99.1,100.0,100.0
2023-03-27,,,,,,,,,,,,,100.0,98.8,100.0,100.0
2023-03-28,97.6,82.4,82.9,,,,,,,,,,100.0,99.0,100.0,100.0
2023-03-29,97.6,80.2,78.1,,,,,,,100.0,99.6,100.0,100.0,99.0,100.0,100.0
2023-03-30,,,,,,,,,,100.0,99.5,47.2,100.0,98.7,100.0,100.0
2023-03-31,,,,,,,,,,,,,100.0,98.6,100.0,100.0
2023-04-01,,,,,,,,,,,,,100.0,98.9,100.0,100.0
2023-04-02,96.3,79.9,78.5,,,,,,,,,,100.0,99.0,100.0,100.0
2023-04-03,,,,,,,,,,,,,100.0,98.9,100.0,100.0
2023-04-04,,,,,,,,,,,,,100.0,99.1,100.0,100.0
2023-04-05,93.6,77.5,83.6,,,,,,,,,,100.0,99.2,100.0,100.0
2023-04-06,,,,100.0,99.7,100.0,,,,100.0,99.6,100.0,100.0,99.3,100.0,100.0
2023-04-07,,,,,,,,,,,,,100.0,98.9,100.0,100.0
2023-04-08,,,,,,,,,,,,,100.0,99.0,100.0,100.0
2023-04-09,90.1,70.2,85.8,,,,,,,100.0,99.6,100.0,100.0,98.9,100.0,100.0
2023-04-10,87.4,65.6,82.4,,,,,,,,,,100.0,99.0,100.0,100.0
2023-04-11,,,,,,,,,,,,,100.0,98.7,100.0,100.0
2023-04-12,,,,,,,,,,,,,100.0,98.8,100.0,100.0
2023-04-13,,,,,,,,,,,,,100.0,98.8,100.0,100.0
2023-04-14,74.8,55.3,76.7,,,,,,,,,,100.0,98.6,100.0,100.0
2023-04-15,,,,,,,,,,100.0,99.7,100.0,100.0,98.7,100.0,100.0
2023-04-16,,,,,,,,,,,,,100.0,98.9,100.0,100.0
2023-04-17,76.1,53.0,81.6,,,,,,,,,,100.0,99.2,100.0,100.0
2023-04-18,,,,,,,,,,100.0,99.6,100.0,100.0,99.2,100.0,100.0
2023-04-19,,,,,,,,,,100.0,99.6,100.0,100.0,99.1,100.0,100.0
2023-04-20,,,,,,,,,,,,,100.0,99.2,100.0,100.0
2023-04-21,60.7,47.5,69.6,100.0,99.8,99.4,,,,100.0,99.5,100.0,100.0,99.4,100.0,100.0
2023-04-22,8.3,21.2,69.7,,,,,,,100.0,99.3,100.0,100.0,99.2,100.0,100.0
2023-04-23,,,,,,,,,,100.0,98.8,100.0,100.0,98.9,100.0,100.0
2023-04-24,,,,,,,,,,100.0,98.6,100.0,100.0,98.9,100.0,100.0
2023-04-25,,,,,,,,,,100.0,96.4,100.0,100.0,99.1,100.0,100.0
2023-04-26,15.9,27.2,68.6,100.0,99.7,100.0,,,,,,,100.0,99.2,100.0,100.0
2023-04-27,,,,,,,,,,100.0,94.7,100.0,100.0,98.7,100.0,100.0
2023-04-28,,,,,,,,,,,,,100.0,98.5,100.0,100.0
2023-04-29,8.1,20.9,69.3,,,,,,,,,,100.0,98.5,100.0,100.0
2023-04-30,,,,,,,,,,,,,100.0,98.3,100.0,100.0
2023-05-01,,,,,,,,,,,,,100.0,97.8,100.0,100.0
2023-05-02,,,,,,,,,,,,,100.0,97.7,100.0,100.0
2023-05-03,27.3,34.3,69.7,,,,,,,,,,100.0,97.8,100.0,100.0
2023-05-04,8.6,22.8,69.9,,,,,,,99.9,83.4,100.0,100.0,97.7,100.0,100.0
2023-05-05,,,,,,,,,,,,,100.0,97.3,100.0,100.0
2023-05-06,,,,100.0,99.1,100.0,,,,,,,100.0,97.2,100.0,100.0
2023-05-07,,,,,,,,,,,,,100.0,96.3,100.0,100.0
2023-05-08,23.4,31.6,67.0,,,,,,,,,,100.0,95.4,100.0,100.0
2023-05-09,,,,,,,100.0,99.1,36.6,,,,100.0,95.0,100.0,100.0
2023-05-10,,,,,,,,,,,,,100.0,94.0,100.0,100.0
2023-05-11,45.7,42.2,69.0,,,,,,,,,,100.0,94.2,100.0,100.0
2023-05-12,,,,,,,,,,,,,100.0,92.9,100.0,100.0
2023-05-13,,,,,,,,,,,,,100.0,91.7,100.0,100.0
2023-05-14,,,,,,,,,,90.8,66.5,100.0,100.0,88.6,100.0,100.0
2023-05-15,51.7,43.0,68.3,,,,,,,,,,100.0,86.3,100.0,100.0
2023-05-16,1.5,15.2,72.5,,,,,,,,,,100.0,83.2,100.0,100.0
2023-05-17,,,,,,,,,,,,,99.9,78.5,100.0,99.9
2023-05-18,,,,,,,,,,,,,82.7,71.9,100.0,82.7
2023-05-19,,,,,,,,,,,,,62.5,60.7,100.0,62.5
2023-05-20,0.1,10.2,69.2,,,,,,,,,,37.0,53.1,100.0,37.0
2023-05-21,,,,,,,,,,,,,22.7,44.7,100.0,22.7
2023-05-22,,,,,,,,,,,,,13.6,33.0,100.0,13.6
2023-05-23,0.2,4.0,70.4,,,,,,,,,,1.5,22.2,100.0,1.5
2023-05-24,,,,,,,,,,,,,0.1,17.9,100.0,0.1
2023-05-25,,,,,,,,,,,,,0.1,15.5,100.0,0.1
2023-05-26,,,,86.7,72.9,52.9,,,,,,,0.0,13.5,100.0,0.0
2023-05-27,0.0,4.2,70.5,,,,,,,0.5,19.8,59.3,0.0,9.6,100.0,0.0
2023-05-28,0.0,1.9,70.2,,,,,,,,,,0.0,9.8,100.0,0.0
2023-05-29,,,,,,,,,,,,,0.0,9.9,100.0,0.0
2023-05-30,,,,,,,,,,,,,0.0,9.0,100.0,0.0
2023-05-31,,,,,,,,,,,,,0.0,7.3,100.0,0.0
2023-06-01,0.0,1.9,66.5,,,,,,,,,,0.0,6.7,100.0,0.0
2023-06-02,,,,,,,,,,,,,0.0,6.8,100.0,0.0
2023-06-03,,,,,,,,,,,,,0.0,6.6,100.0,0.0
2023-06-04,0.0,1.5,69.2,,,,,,,,,,0.0,6.2,100.0,0.0
2023-06-05,,,,,,,,,,,,,0.0,6.9,100.0,0.0
2023-06-06,,,,,,,,,,,,,0.0,7.4,100.0,0.0
2023-06-07,,,,,,,,,,0.0,7.2,63.5,0.0,7.3,100.0,0.0
2023-06-08,0.0,2.4,72.9,,,,,,,,,,0.0,7.3,100.0,0.0
2023-06-09,0.0,2.7,71.5,,,,,,,0.0,3.4,61.7,0.0,7.0,100.0,0.0
2023-06-10,,,,0.0,1.5,32.5,,,,,,,0.0,6.9,100.0,0.0
2023-06-11,,,,,,,,,,0.0,3.3,86.5,0.0,5.6,100.0,0.0
2023-06-12,,,,,,,,,,0.0,1.4,100.0,0.0,5.6,100.0,0.0
2023-06-13,0.0,2.5,67.6,,,,,,,,,,0.0,5.6,100.0,0.0
2023-06-14,,,,,,,,,,0.0,0.7,100.0,0.0,5.3,100.0,0.0
2023-06-15,,,,0.0,1.4,59.4,,,,,,,0.0,5.4,100.0,0.0
2023-06-16,0.0,2.6,69.9,,,,,,,,,,0.0,5.4,100.0,0.0
2023-06-17,,,,,,,,,,,,,0.0,5.2,100.0,0.0
2023-06-18,,,,,,,,,,0.0,0.2,100.0,0.0,4.8,100.0,0.0
2023-06-19,,,,,,,,,,0.0,0.1,48.7,0.0,4.3,100.0,0.0
2023-06-20,0.0,2.5,70.5,,,,,,,,,,0.0,4.2,100.0,0.0
2023-06-21,0.0,3.5,68.7,,,,,,,0.0,0.1,100.0,0.0,3.2,100.0,0.0
2023-06-22,,,,,,,,,,,,,0.0,3.7,100.0,0.0
2023-06-23,,,,,,,,,,,,,0.0,3.5,100.0,0.0
2023-06-24,,,,,,,,,,,,,0.0,3.4,100.0,0.0
2023-06-25,0.0,3.8,62.5,0.0,0.1,100.0,,,,,,,0.0,3.2,100.0,0.0
2023-06-26,,,,,,,,,,,,,0.0,2.4,100.0,0.0
2023-06-27,,,,,,,,,,,,,0.0,2.2,100.0,0.0
2023-06-28,0.5,5.9,69.1,,,,,,,,,,0.0,2.2,100.0,0.0
2023-06-29,,,,,,,,,,0.0,0.0,100.0,0.0,1.8,100.0,0.0
2023-06-30,,,,,,,,,,,,,0.0,1.6,100.0,0.0
2023-07-01,,,,,,,,,,,,,0.0,1.4,100.0,0.0
2023-07-02,0.0,4.4,68.2,,,,,,,0.0,0.0,100.0,0.0,1.3,100.0,0.0
2023-07-03,0.0,3.9,69.4,,,,,,,0.0,0.0,46.7,0.0,1.9,100.0,0.0
2023-07-04,,,,,,,,,,0.0,0.0,59.3,0.0,1.5,100.0,0.0
2023-07-05,,,,,,,,,,,,,0.0,1.5,100.0,0.0
2023-07-06,,,,,,,,,,,,,0.0,1.3,100.0,0.0
2023-07-07,0.0,2.8,65.0,,,,,,,,,,0.0,1.5,100.0,0.0
2023-07-08,,,,,,,,,,0.0,0.0,73.9,0.0,1.4,100.0,0.0
2023-07-09,,,,,,,,,,0.0,0.0,100.0,0.0,1.5,100.0,0.0
2023-07-10,0.0,3.0,67.1,0.0,0.0,100.0,,,,0.0,0.0,100.0,0.0,1.1,100.0,0.0
2023-07-11,,,,,,,,,,,,,0.0,1.2,100.0,0.0
2023-07-12,,,,,,,,,,,,,0.0,1.1,100.0,0.0
2023-07-13,,,,,,,,,,0.0,0.0,53.9,0.0,1.3,100.0,0.0
2023-07-14,0.0,2.7,67.7,,,,,,,0.0,0.0,100.0,0.0,1.0,100.0,0.0
2023-07-15,0.0,3.1,69.4,0.0,0.0,100.0,,,,,,,0.0,0.8,100.0,0.0
2023-07-16,,,,,,,,,,0.0,0.0,100.0,0.0,0.6,100.0,0.0
2023-07-17,,,,,,,,,,,,,0.0,0.7,100.0,0.0
2023-07-18,,,,,,,,,,,,,0.0,0.6,100.0,0.0
2023-07-19,0.0,3.2,62.8,,,,,,,0.0,0.0,97.9,0.0,0.4,100.0,0.0
2023-07-20,,,,0.0,0.0,52.5,,,,,,,0.0,0.3,100.0,0.0
2023-07-21,,,,,,,,,,,,,0.0,0.3,100.0,0.0
2023-07-22,0.0,2.7,68.5,,,,,,,0.0,0.0,60.4,0.0,0.2,100.0,0.0
2023-07-23,,,,,,,,,,,,,0.0,0.2,100.0,0.0
2023-07-24,,,,,,,,,,,,,0.0,0.2,100.0,0.0
2023-07-25,,,,,,,,,,,,,0.0,0.2,100.0,0.0
2023-07-26,0.0,2.7,68.9,,,,,,,,,,0.0,0.1,100.0,0.0
2023-07-27,0.0,2.2,68.3,,,,,,,,,,0.0,0.1,100.0,0.0
2023-07-28,,,,,,,0.0,0.0,56.0,,,,0.0,0.1,100.0,0.0
2023-07-29,,,,,,,,,,,,,0.0,0.1,100.0,0.0
2023-07-30,,,,,,,,,,0.0,0.0,65.8,0.0,0.0,100.0,0.0
2023-07-31,0.0,1.8,64.4,,,,,,,,,,0.0,0.0,100.0,0.0
2023-08-01,,,,,,,,,,,,,0.0,0.0,100.0,0.0
2023-08-02,,,,,,,,,,,,,0.0,0.0,100.0,0.0
2023-08-03,0.0,1.5,67.9,,,,,,,,,,0.0,0.0,100.0,0.0
2023-08-04,,,,,,,,,,,,,0.0,0.0,100.0,0.0
2023-08-05,,,,,,,,,,,,,0.0,0.0,100.0,0.0
2023-08-06,,,,,,,,,,,,,0.0,0.0,100.0,0.0
2023-08-07,0.1,2.8,86.5,,,,,,,,,,0.0,0.0,100.0,0.0
2023-08-08,0.0,2.3,85.5,,,,,,,,,,0.0,0.0,100.0,0.0
2023-08-09,,,,,,,,,,,,,0.0,0.0,100.0,0.0
2023-08-10,,,,,,,,,,,,,0.0,0.0,100.0,0.0
2023-08-11,,,,,,,,,,,,,0.0,0.0,100.0,0.0
2023-08-12,0.1,2.1,80.7,,,,,,,,,,0.0,0.0,100.0,0.0
2023-08-13,,,,,,,0.0,0.1,94.1,,,,0.0,0.0,100.0,0.0
2023-08-14,,,,,,,,,,,,,0.0,0.0,100.0,0.0
2023-08-15,0.1,2.0,79.9,,,,,,,,,,0.0,0.0,100.0,0.0
2023-08-16,,,,,,,,,,0.0,0.0,42.4,0.0,0.0,100.0,0.0
2023-08-17,,,,,,,,,,0.0,0.0,85.2,0.0,0.0,100.0,0.0
2023-08-18,,,,,,,,,,0.0,0.0,100.0,0.0,0.0,100.0,0.0
2023-08-19,0.1,2.0,86.5,0.0,0.0,100.0,,,,,,,0.0,0.0,100.0,0.0
2023-08-20,0.0,2.1,85.5,,,,,,,,,,0.0,0.0,100.0,0.0
2023-08-21,,,,,,,,,,,,,0.0,0.0,100.0,0.0
2023-08-22,,,,,,,0.0,0.0,98.6,,,,0.0,0.0,100.0,0.0
2023-08-23,,,,,,,,,,,,,0.0,0.0,100.0,0.0
2023-08-24,0.0,1.8,59.2,0.0,0.0,100.0,,,,,,,0.0,0.0,100.0,0.0
2023-08-25,,,,,,,,,,,,,0.0,0.0,100.0,0.0
2023-08-26,,,,,,,,,,,,,0.0,0.0,100.0,0.0
2023-08-27,0.0,2.7,62.5,,,,,,,,,,0.0,0.0,100.0,0.0
2023-08-28,,,,,,,,,,,,,0.0,0.0,100.0,0.0
2023-08-29,,,,,,,,,,,,,0.0,0.0,100.0,0.0
2023-08-30,,,,,,,,,,,,,0.0,0.0,100.0,0.0
2023-08-31,0.0,3.8,64.5,,,,,,,,,,0.0,0.0,100.0,0.0
2023-09-01,0.0,7.4,64.4,,,,,,,,,,0.0,0.0,100.0,0.0
2023-09-02,,,,,,,,,,0.0,0.0,100.0,0.0,0.0,100.0,0.0
2023-09-03,,,,0.0,0.0,100.0,,,,0.0,0.0,100.0,0.0,0.0,100.0,0.0
2023-09-04,,,,,,,,,,,,,0.0,0.0,100.0,0.0
2023-09-05,0.0,5.5,59.4,,,,,,,,,,0.0,0.0,100.0,0.0
2023-09-06,,,,,,,0.0,0.0,99.5,,,,0.0,0.0,100.0,0.0
2023-09-07,,,,,,,0.0,0.0,99.8,,,,0.0,0.0,100.0,0.0
2023-09-08,0.0,2.4,62.7,0.0,0.0,93.0,,,,,,,0.0,0.0,100.0,0.0
2023-09-09,,,,,,,,,,0.0,0.0,100.0,0.0,0.0,100.0,0.0
2023-09-10,,,,,,,,,,,,,0.0,0.0,100.0,0.0
2023-09-11,,,,,,,,,,,,,0.0,0.0,100.0,0.0
2023-09-12,0.0,2.3,64.5,,,,,,,,,,0.0,0.0,100.0,0.0
2023-09-13,0.0,2.0,64.1,,,,,,,,,,0.0,0.0,100.0,0.0
2023-09-14,,,,,,,,,,,,,0.0,0.0,100.0,0.0
2023-09-15,,,,,,,,,,0.0,0.0,100.0,0.0,0.0,100.0,0.0
2023-09-16,,,,,,,,,,,,,0.0,0.0,100.0,0.0
2023-09-17,0.0,2.2,59.2,,,,,,,,,,0.0,0.0,100.0,0.0
2023-09-18,,,,,,,,,,,,,0.0,0.1,100.0,0.0
2023-09-19,,,,,,,,,,,,,0.0,0.0,100.0,0.0
2023-09-20,0.0,1.6,62.7,,,,,,,,,,0.0,0.1,100.0,0.0
2023-09-21,,,,,,,,,,0.0,0.0,96.6,0.0,0.1,100.0,0.0
2023-09-22,,,,,,,,,,,,,0.0,0.1,100.0,0.0
2023-09-23,,,,,,,,,,,,,0.0,0.1,100.0,0.0
2023-09-24,0.0,2.2,64.5,,,,,,,0.0,0.0,97.1,0.0,0.1,100.0,0.0
2023-09-25,0.0,2.9,64.4,,,,,,,0.0,0.0,100.0,0.0,0.1,100.0,0.0
2023-09-26,,,,,,,,,,0.0,0.0,100.0,0.0,0.1,100.0,0.0
2023-09-27,,,,,,,,,,,,,0.0,0.1,100.0,0.0
2023-09-28,,,,0.0,0.0,100.0,,,,,,,0.0,0.1,100.0,0.0
2023-09-29,0.0,4.4,59.8,,,,,,,0.0,0.0,100.0,0.0,0.0,100.0,0.0
2023-09-30,,,,,,,0.0,0.0,37.0,,,,0.0,0.1,100.0,0.0
2023-10-01,,,,,,,0.0,0.0,99.9,,,,0.0,0.1,100.0,0.0
2023-10-02,0.0,5.8,62.6,,,,,,,0.0,0.0,100.0,0.0,0.0,100.0,0.0
2023-10-03,,,,0.0,0.0,100.0,,,,0.0,0.0,100.0,0.0,0.0,100.0,0.0
2023-10-04,,,,,,,,,,,,,0.0,0.1,100.0,0.0
2023-10-05,,,,,,,,,,,,,0.0,0.1,100.0,0.0
2023-10-06,0.0,19.0,64.5,,,,,,,0.0,0.0,100.0,0.0,0.0,100.0,0.0
2023-10-07,0.0,10.0,64.4,,,,,,,,,,0.0,0.0,100.0,0.0
2023-10-08,,,,,,,,,,,,,0.0,0.1,100.0,0.0
2023-10-09,,,,,,,0.0,0.0,100.0,,,,0.0,0.1,100.0,0.0
2023-10-10,,,,,,,,,,0.0,0.0,100.0,0.0,0.1,100.0,0.0
2023-10-11,0.0,16.4,59.3,,,,,,,0.0,0.0,100.0,0.0,0.1,100.0,0.0
2023-10-12,,,,,,,,,,0.0,0.1,100.0,0.0,0.1,100.0,0.0
2023-10-13,,,,0.0,0.0,100.0,,,,,,,0.0,0.1,100.0,0.0
2023-10-14,,,,,,,,,,0.0,0.0,96.6,0.0,0.1,100.0,0.0
2023-10-15,,,,,,,,,,0.0,0.1,100.0,0.0,0.1,100.0,0.0
2023-10-16,,,,,,,0.0,0.0,49.1,,,,0.0,0.2,100.0,0.0
2023-10-17,,,,,,,0.0,0.0,99.8,0.0,0.0,100.0,0.0,0.1,100.0,0.0
2023-10-18,0.7,13.2,64.5,,,,,,,,,,0.0,0.1,100.0,0.0
2023-10-19,0.8,16.6,64.2,,,,,,,,,,0.0,0.1,100.0,0.0
2023-10-20,,,,,,,,,,,,,0.0,0.3,100.0,0.0
2023-10-21,,,,,,,,,,0.0,0.0,100.0,0.0,0.3,100.0,0.0
2023-10-22,,,,,,,,,,,,,0.0,0.4,100.0,0.0
2023-10-23,1.1,15.2,59.5,0.0,0.0,73.9,,,,0.0,0.1,100.0,0.0,0.2,100.0,0.0
2023-10-24,,,,,,,,,,,,,0.0,0.4,100.0,0.0
2023-10-25,,,,,,,0.0,0.0,97.6,,,,0.0,0.4,100.0,0.0
2023-10-26,,,,,,,,,,,,,0.0,0.5,100.0,0.0
2023-10-27,,,,,,,,,,,,,0.0,0.4,100.0,0.0
2023-10-28,,,,0.0,0.0,100.0,,,,0.0,0.0,100.0,0.0,0.4,100.0,0.0
2023-10-29,,,,,,,,,,,,,0.0,0.6,100.0,0.0
2023-10-30,1.9,16.4,64.4,,,,,,,,,,0.0,0.6,100.0,0.0
2023-10-31,3.3,19.1,63.9,,,,,,,,,,0.0,0.7,100.0,0.0
2023-11-01,,,,,,,,,,,,,0.0,0.7,100.0,0.0
2023-11-02,,,,,,,,,,0.0,0.1,95.9,0.0,0.7,100.0,0.0
2023-11-03,,,,,,,,,,0.0,0.1,100.0,0.0,0.6,100.0,0.0
2023-11-04,2.6,16.6,60.4,,,,,,,,,,0.0,0.8,100.0,0.0
2023-11-05,,,,,,,,,,,,,0.0,0.8,100.0,0.0
2023-11-06,,,,,,,,,,0.0,0.2,100.0,0.0,0.7,100.0,0.0
2023-11-07,5.5,17.4,61.6,,,,,,,,,,0.0,0.6,100.0,0.0
2023-11-08,,,,,,,,,,,,,0.0,0.7,100.0,0.0
2023-11-09,,,,,,,,,,,,,0.0,0.7,100.0,0.0
2023-11-10,,,,,,,,,,,,,0.0,0.7,100.0,0.0
2023-11-11,4.2,14.9,64.5,,,,,,,,,,0.0,0.6,100.0,0.0
2023-11-12,4.2,13.9,64.2,,,,,,,,,,0.0,0.7,100.0,0.0
2023-11-13,,,,,,,,,,0.0,0.4,100.0,0.0,0.8,100.0,0.0
2023-11-14,,,,,,,,,,,,,0.0,0.8,100.0,0.0
2023-11-15,,,,,,,,,,0.0,0.7,100.0,0.0,0.5,100.0,0.0
2023-11-16,1.5,11.5,62.0,,,,,,,,,,0.0,0.6,100.0,0.0
2023-11-17,,,,,,,,,,,,,0.0,0.7,100.0,0.0
2023-11-18,,,,,,,0.0,2.9,100.0,,,,0.0,0.8,100.0,0.0
2023-11-19,0.3,5.9,63.1,,,,,,,,,,0.0,0.9,100.0,0.0
2023-11-20,,,,,,,,,,,,,0.0,0.8,100.0,0.0
2023-11-21,,,,,,,,,,,,,0.0,1.1,100.0,0.0
2023-11-22,,,,,,,,,,,,,0.0,1.3,100.0,0.0
2023-11-23,0.6,6.1,87.2,,,,,,,,,,0.0,1.0,100.0,0.0
2023-11-24,0.1,4.8,86.0,,,,,,,,,,0.0,1.0,100.0,0.0
2023-11-25,,,,,,,,,,,,,0.0,1.5,100.0,0.0
2023-11-26,,,,,,,,,,,,,0.0,1.9,100.0,0.0
2023-11-27,,,,,,,,,,,,,0.0,2.2,100.0,0.0
2023-11-28,0.1,4.0,82.6,,,,,,,,,,0.0,2.3,100.0,0.0
2023-11-29,,,,,,,,,,,,,0.0,2.7,100.0,0.0
2023-11-30,,,,,,,,,,,,,0.0,2.8,100.0,0.0
2023-12-01,0.0,3.5,84.1,,,,,,,,,,0.0,2.4,100.0,0.0
2023-12-02,,,,,,,,,,,,,0.0,2.5,100.0,0.0
2023-12-03,,,,,,,0.0,1.1,100.0,0.0,2.4,100.0,0.0,2.7,100.0,0.0
2023-12-04,,,,,,,,,,,,,0.0,3.4,100.0,0.0
2023-12-05,0.1,2.6,87.9,,,,,,,0.0,3.1,100.0,0.0,2.9,100.0,0.0
2023-12-06,0.0,3.3,88.4,,,,,,,,,,0.0,3.6,100.0,0.0
2023-12-07,,,,0.0,0.1,100.0,,,,0.0,2.8,100.0,0.0,3.6,100.0,0.0
2023-12-08,,,,,,,,,,,,,0.0,4.4,100.0,0.0
2023-12-09,,,,,,,,,,,,,0.0,3.7,100.0,0.0
2023-12-10,0.0,2.0,84.3,,,,,,,,,,0.0,4.8,100.0,0.0
2023-12-11,,,,,,,,,,,,,0.0,5.0,100.0,0.0
2023-12-12,,,,,,,,,,,,,0.0,4.3,100.0,0.0
2023-12-13,0.0,3.4,88.7,,,,,,,,,,0.0,3.3,100.0,0.0
2023-12-14,,,,,,,,,,,,,0.0,4.5,100.0,0.0
2023-12-15,,,,,,,,,,0.0,4.0,100.0,0.0,4.1,100.0,0.0
2023-12-16,,,,,,,,,,,,,0.0,4.0,100.0,0.0
2023-12-17,0.0,2.4,89.8,0.0,0.3,100.0,,,,,,,0.0,3.2,100.0,0.0
2023-12-18,0.3,4.4,89.2,,,,,,,,,,0.0,4.0,100.0,0.0
2023-12-19,,,,,,,0.0,1.5,100.0,0.0,3.7,100.0,0.0,3.4,100.0,0.0
2023-12-20,,,,,,,,,,,,,0.0,4.0,100.0,0.0
2023-12-21,,,,,,,,,,,,,0.0,3.5,100.0,0.0
2023-12-22,0.0,3.6,84.2,,,,,,,,,,0.0,4.1,100.0,0.0
2023-12-23,,,,,,,,,,,,,0.0,4.2,100.0,0.0
2023-12-24,,,,,,,,,,0.0,4.2,100.0,0.0,4.4,100.0,0.0
2023-12-25,0.3,4.9,89.3,,,,,,,,,,0.0,4.2,100.0,0.0
2023-12-26,,,,,,,,,,,,,0.0,5.3,100.0,0.0
2023-12-27,,,,0.1,3.2,100.0,0.7,3.4,99.8,0.0,5.1,100.0,0.0,5.3,100.0,0.0
2023-12-28,,,,,,,,,,,,,0.0,7.0,100.0,0.0
2023-12-29,0.1,4.1,89.6,,,,,,,0.1,9.1,100.0,0.0,6.1,100.0,0.0
2023-12-30,0.3,4.9,88.9,,,,,,,,,,0.0,7.6,100.0,0.0
2023-12-31,,,,,,,,,,,,,0.0,8.3,100.0,0.0
2024-01-01,,,,,,,,,,,,,0.0,7.8,100.0,0.0
2024-01-02,,,,,,,,,,,,,0.0,7.4,100.0,0.0
2024-01-03,0.5,7.2,91.9,,,,,,,0.1,6.9,100.0,0.0,8.7,100.0,0.0
2024-01-04,,,,,,,,,,,,,0.0,12.3,100.0,0.0
2024-01-05,,,,,,,,,,,,,0.1,18.0,100.0,0.1
2024-01-06,1.0,11.6,91.6,,,,,,,,,,0.1,19.6,100.0,0.1
2024-01-07,,,,,,,,,,,,,0.2,25.2,100.0,0.2
2024-01-08,,,,,,,,,,,,,0.7,31.4,100.0,0.7
2024-01-09,,,,,,,,,,4.3,17.6,100.0,2.4,42.6,100.0,2.4
2024-01-10,7.9,28.2,97.1,,,,,,,,,,6.4,51.4,100.0,6.4
2024-01-11,7.0,27.2,96.7,3.2,16.2,100.0,,,,,,,33.7,58.5,100.0,33.7
2024-01-12,,,,,,,87.6,60.6,100.0,,,,99.1,69.6,100.0,99.1
2024-01-13,,,,,,,98.1,92.0,100.0,75.7,60.5,100.0,99.6,77.7,100.0,99.6
2024-01-14,,,,,,,,,,,,,99.8,81.1,100.0,99.8
2024-01-15,45.4,41.3,91.1,,,,,,,,,,99.8,83.2,100.0,99.8
2024-01-16,,,,100.0,95.3,100.0,,,,,,,99.9,89.0,100.0,99.9
2024-01-17,,,,,,,,,,,,,99.9,89.6,100.0,99.9
2024-01-18,77.1,52.1,90.0,,,,,,,,,,100.0,92.4,100.0,100.0
2024-01-19,,,,,,,,,,,,,99.9,90.8,100.0,99.9
2024-01-20,,,,,,,100.0,100.0,100.0,,,,100.0,96.0,100.0,100.0
2024-01-21,,,,99.9,98.5,100.0,,,,,,,100.0,95.9,100.0,100.0
2024-01-22,94.9,66.8,97.4,,,,,,,,,,100.0,97.2,100.0,100.0
2024-01-23,97.0,70.1,96.3,,,,,,,,,,100.0,96.3,100.0,100.0
2024-01-24,,,,,,,,,,,,,100.0,97.0,100.0,100.0
2024-01-25,,,,,,,,,,,,,100.0,97.4,100.0,100.0
2024-01-26,,,,,,,,,,,,,100.0,98.1,100.0,100.0
2024-01-27,99.5,79.4,91.5,,,,,,,,,,100.0,98.2,100.0,100.0
2024-01-28,,,,,,,100.0,99.9,99.9,,,,100.0,98.8,100.0,100.0
2024-01-29,,,,,,,,,,,,,100.0,98.7,100.0,100.0
2024-01-30,100.0,87.2,93.6,,,,,,,,,,100.0,99.1,100.0,100.0
2024-01-31,,,,99.9,99.5,100.0,,,,,,,100.0,99.1,100.0,100.0
2024-02-01,,,,,,,,,,,,,100.0,99.0,100.0,100.0
2024-02-02,,,,,,,,,,,,,100.0,99.0,100.0,100.0
2024-02-03,100.0,93.2,97.7,,,,,,,,,,100.0,99.2,100.0,100.0
2024-02-04,100.0,92.7,97.3,,,,,,,,,,100.0,99.3,100.0,100.0
2024-02-05,,,,100.0,99.8,100.0,100.0,99.8,99.7,,,,100.0,99.4,100.0,100.0
2024-02-06,,,,,,,,,,,,,100.0,99.2,100.0,100.0
2024-02-07,,,,,,,,,,,,,100.0,99.3,100.0,100.0
2024-02-08,100.0,92.6,91.3,,,,,,,,,,100.0,99.2,100.0,100.0
2024-02-09,,,,,,,,,,,,,100.0,99.0,100.0,100.0
2024-02-10,,,,,,,,,,,,,100.0,99.1,100.0,100.0
2024-02-11,100.0,93.2,91.0,,,,,,,,,,100.0,99.2,100.0,100.0
2024-02-12,,,,,,,,,,,,,100.0,99.1,100.0,100.0
2024-02-13,,,,,,,100.0,99.6,51.6,,,,100.0,99.1,100.0,100.0
2024-02-14,,,,,,,,,,,,,100.0,99.0,100.0,100.0
2024-02-15,100.0,93.5,97.7,100.0,99.7,100.0,,,,,,,100.0,99.2,100.0,100.0
2024-02-16,100.0,92.6,97.4,,,,,,,,,,100.0,98.9,100.0,100.0
2024-02-17,,,,,,,,,,,,,100.0,98.6,100.0,100.0
2024-02-18,,,,,,,,,,,,,100.0,98.4,100.0,100.0
2024-02-19,,,,,,,,,,,,,100.0,98.3,100.0,100.0
2024-02-20,100.0,90.9,93.0,,,,,,,,,,100.0,98.1,100.0,100.0
2024-02-21,,,,,,,,,,,,,100.0,97.8,100.0,100.0
2024-02-22,,,,,,,,,,,,,100.0,97.5,100.0,100.0
2024-02-23,99.9,86.5,91.5,,,,,,,,,,100.0,97.3,100.0,100.0
2024-02-24,,,,,,,,,,,,,99.9,96.7,100.0,99.9
2024-02-25,,,,,,,,,,,,,100.0,97.0,100.0,100.0
2024-02-26,,,,,,,,,,,,,99.9,96.9,100.0,99.9
2024-02-27,100.0,89.2,97.2,,,,,,,,,,100.0,97.6,100.0,100.0
2024-02-28,99.5,81.4,96.3,,,,,,,,,,99.9,97.2,100.0,99.9
2024-02-29,,,,,,,100.0,98.8,100.0,,,,100.0,97.7,100.0,100.0
2024-03-01,,,,,,,,,,,,,99.9,97.4,100.0,99.9
2024-03-02,,,,,,,,,,,,,100.0,97.8,100.0,100.0
2024-03-03,99.6,78.8,90.4,,,,,,,,,,100.0,97.7,100.0,100.0
2024-03-04,,,,,,,,,,,,,100.0,97.4,100.0,100.0
2024-03-05,,,,,,,,,,,,,100.0,98.0,100.0,100.0
2024-03-06,94.0,71.1,89.3,,,,,,,,,,100.0,98.4,100.0,100.0
2024-03-07,,,,,,,,,,,,,100.0,98.4,100.0,100.0
2024-03-08,,,,,,,100.0,98.8,83.4,,,,100.0,98.4,100.0,100.0
2024-03-09,,,,,,,100.0,99.4,61.6,,,,100.0,98.6,100.0,100.0
2024-03-10,99.1,76.9,96.0,,,,,,,,,,100.0,98.7,100.0,100.0
2024-03-11,98.6,75.9,94.0,100.0,99.7,100.0,,,,,,,100.0,98.9,100.0,100.0
2024-03-12,,,,,,,,,,,,,100.0,98.4,100.0,100.0
2024-03-13,,,,,,,,,,,,,100.0,98.3,100.0,100.0
2024-03-14,,,,,,,,,,,,,100.0,98.3,100.0,100.0
2024-03-15,99.5,72.6,90.5,,,,,,,98.9,81.4,91.9,100.0,98.4,100.0,100.0
2024-03-16,,,,,,,,,,98.4,81.8,100.0,100.0,98.1,100.0,100.0
2024-03-17,,,,,,,,,,,,,100.0,98.2,100.0,100.0
2024-03-18,99.1,77.4,95.4,,,,,,,,,,100.0,98.3,100.0,100.0
2024-03-19,,,,,,,,,,,,,100.0,97.6,100.0,100.0
2024-03-20,,,,,,,,,,,,,100.0,96.9,100.0,100.0
2024-03-21,,,,,,,,,,,,,100.0,96.6,100.0,100.0
2024-03-22,99.8,76.8,98.1,,,,,,,,,,100.0,96.8,100.0,100.0
2024-03-23,99.9,80.3,97.6,,,,,,,,,,100.0,96.3,100.0,100.0
2024-03-24,,,,,,,,,,,,,100.0,95.2,100.0,100.0
2024-03-25,,,,,,,100.0,98.1,93.8,,,,100.0,96.0,100.0,100.0
2024-03-26,,,,,,,,,,,,,100.0,95.2,100.0,100.0
2024-03-27,99.5,75.8,91.6,,,,,,,,,,100.0,94.4,100.0,100.0
2024-03-28,,,,,,,,,,,,,100.0,92.5,100.0,100.0
2024-03-29,,,,,,,,,,,,,100.0,92.3,100.0,100.0
2024-03-30,99.6,78.9,95.8,,,,,,,,,,100.0,91.6,100.0,100.0
2024-03-31,,,,,,,,,,,,,100.0,90.9,100.0,100.0
2024-04-01,,,,,,,,,,,,,100.0,90.5,100.0,100.0
2024-04-02,,,,,,,,,,,,,100.0,89.6,100.0,100.0
2024-04-03,99.2,77.9,98.1,,,,,,,,,,100.0,90.0,100.0,100.0
2024-04-04,98.9,77.9,97.9,,,,,,,99.4,81.8,100.0,99.7,89.3,100.0,99.7
2024-04-05,,,,100.0,99.3,61.7,,,,,,,98.4,88.1,100.0,98.4
2024-04-06,,,,,,,,,,99.8,84.8,100.0,96.9,86.3,100.0,96.9
2024-04-07,,,,,,,,,,,,,95.4,85.1,100.0,95.4
2024-04-08,98.0,76.6,94.9,,,,,,,,,,94.3,84.5,100.0,94.3
2024-04-09,,,,,,,,,,,,,93.8,83.5,100.0,93.8
2024-04-10,,,,,,,,,,,,,90.4,81.7,100.0,90.4
2024-04-11,97.3,75.9,95.0,,,,,,,,,,93.3,83.2,100.0,93.3
2024-04-12,,,,,,,,,,95.8,77.7,100.0,93.3,82.7,100.0,93.3
2024-04-13,,,,,,,,,,,,,94.1,82.1,100.0,94.1
2024-04-14,,,,,,,,,,,,,95.2,82.3,100.0,95.2
2024-04-15,97.6,75.0,97.7,,,,,,,,,,96.8,84.1,100.0,96.8
2024-04-16,95.0,71.8,97.0,,,,,,,84.1,67.4,63.1,97.3,85.3,100.0,97.3
2024-04-17,,,,,,,,,,,,,97.2,85.0,100.0,97.2
2024-04-18,,,,,,,,,,,,,97.4,85.0,100.0,97.4
2024-04-19,,,,,,,,,,,,,98.5,86.1,100.0,98.5
2024-04-20,93.5,73.3,94.5,,,,,,,98.3,79.5,100.0,99.0,87.4,100.0,99.0
2024-04-21,,,,,,,,,,,,,99.7,88.5,100.0,99.7
2024-04-22,,,,,,,,,,,,,99.7,89.6,100.0,99.7
2024-04-23,88.6,67.9,93.9,,,,,,,,,,99.9,91.5,100.0,99.9
2024-04-24,,,,,,,,,,,,,99.9,92.1,100.0,99.9
2024-04-25,,,,,,,,,,,,,100.0,93.6,100.0,100.0
2024-04-26,,,,,,,,,,,,,99.9,94.2,100.0,99.9
2024-04-27,88.1,67.1,98.1,,,,,,,,,,100.0,94.7,100.0,100.0
2024-04-28,77.3,61.1,97.5,,,,,,,,,,99.9,94.6,100.0,99.9
2024-04-29,,,,,,,,,,,,,99.9,94.0,100.0,99.9
2024-04-30,,,,99.7,99.2,100.0,,,,70.9,59.7,100.0,99.8,95.0,100.0,99.8
2024-05-01,,,,,,,,,,,,,99.8,93.1,100.0,99.8
2024-05-02,77.5,59.6,94.4,,,,,,,,,,99.3,92.1,100.0,99.3
2024-05-03,,,,,,,,,,,,,99.2,90.6,100.0,99.2
2024-05-04,,,,,,,,,,,,,99.2,89.9,100.0,99.2
2024-05-05,44.1,38.5,92.9,99.3,82.5,53.0,,,,,,,99.0,87.5,100.0,99.0
2024-05-06,,,,,,,,,,,,,99.0,83.8,100.0,99.0
2024-05-07,,,,,,,,,,,,,98.8,81.9,100.0,98.8
2024-05-08,,,,,,,,,,,,,98.4,80.0,100.0,98.4
2024-05-09,26.8,30.6,99.5,,,,,,,,,,89.5,74.8,100.0,89.5
2024-05-10,6.7,16.7,96.6,65.2,57.3,48.2,,,,40.3,41.4,100.0,79.3,70.2,100.0,79.3
2024-05-11,,,,,,,,,,,,,64.8,63.4,100.0,64.8
2024-05-12,,,,,,,,,,,,,63.9,62.8,100.0,63.9
2024-05-13,,,,,,,,,,,,,20.0,46.4,100.0,20.0
2024-05-14,7.0,18.7,93.6,,,,,,,,,,14.0,41.5,100.0,14.0
2024-05-15,,,,,,,,,,,,,1.3,26.8,100.0,1.3
2024-05-16,,,,,,,,,,,,,1.0,25.0,100.0,1.0
2024-05-17,0.1,7.6,90.3,,,,,,,,,,0.1,15.4,100.0,0.1
2024-05-18,,,,,,,,,,,,,0.1,15.3,100.0,0.1
2024-05-19,,,,,,,,,,7.6,23.0,61.3,0.0,11.4,100.0,0.0
2024-05-20,,,,,,,,,,,,,0.0,13.0,100.0,0.0
2024-05-21,1.0,7.8,99.4,,,,,,,,,,0.0,8.0,100.0,0.0
2024-05-22,0.0,4.8,96.3,,,,,,,,,,0.0,6.8,100.0,0.0
2024-05-23,,,,,,,,,,,,,0.0,5.8,100.0,0.0
2024-05-24,,,,,,,,,,,,,0.0,5.8,100.0,0.0
2024-05-25,,,,,,,,,,,,,0.0,5.3,100.0,0.0
2024-05-26,0.6,6.3,92.0,,,,,,,,,,0.0,4.5,100.0,0.0
2024-05-27,,,,,,,,,,,,,0.0,4.1,100.0,0.0
2024-05-28,,,,,,,,,,,,,0.0,3.7,100.0,0.0
2024-05-29,0.0,4.7,87.2,,,,,,,,,,0.0,2.7,100.0,0.0
2024-05-30,,,,,,,,,,,,,0.0,1.6,100.0,0.0
2024-05-31,,,,,,,,,,,,,0.0,1.5,100.0,0.0
2024-06-01,,,,,,,,,,,,,0.0,1.4,100.0,0.0
2024-06-02,1.9,8.7,96.3,,,,,,,,,,0.0,1.5,100.0,0.0
2024-06-03,0.7,8.4,96.7,,,,,,,,,,0.0,1.2,100.0,0.0
2024-06-04,,,,0.0,0.8,99.0,,,,,,,0.0,1.3,100.0,0.0
2024-06-05,,,,,,,0.0,0.1,42.0,,,,0.0,1.2,100.0,0.0
2024-06-06,,,,,,,,,,,,,0.0,1.2,100.0,0.0
2024-06-07,0.8,7.5,92.0,,,,,,,,,,0.0,1.0,100.0,0.0
2024-06-08,,,,,,,,,,,,,0.0,1.2,100.0,0.0
2024-06-09,,,,,,,,,,,,,0.0,1.3,100.0,0.0
2024-06-10,0.0,5.7,86.8,,,,,,,,,,0.0,1.4,100.0,0.0
2024-06-11,,,,,,,,,,,,,0.0,1.5,100.0,0.0
2024-06-12,,,,,,,,,,,,,0.0,2.6,100.0,0.0
2024-06-13,,,,,,,,,,,,,0.0,3.2,100.0,0.0
2024-06-14,0.4,7.9,98.5,,,,,,,,,,0.0,3.5,100.0,0.0
2024-06-15,0.0,7.4,96.4,,,,,,,,,,0.0,2.9,100.0,0.0
2024-06-16,,,,,,,,,,,,,0.0,3.2,100.0,0.0
2024-06-17,,,,,,,,,,,,,0.0,3.7,100.0,0.0
2024-06-18,,,,,,,,,,0.0,8.2,100.0,0.0,3.1,100.0,0.0
2024-06-19,0.0,7.1,92.6,,,,,,,,,,0.0,3.1,100.0,0.0
2024-06-20,,,,,,,,,,,,,0.0,2.8,100.0,0.0
2024-06-21,,,,,,,,,,,,,0.0,2.7,100.0,0.0
2024-06-22,0.0,5.7,91.0,,,,,,,,,,0.0,2.3,100.0,0.0
2024-06-23,,,,,,,,,,,,,0.0,2.2,100.0,0.0
2024-06-24,,,,0.0,0.0,81.2,,,,0.0,4.3,100.0,0.0,1.9,100.0,0.0
2024-06-25,,,,,,,,,,0.0,1.9,100.0,0.0,1.8,100.0,0.0
2024-06-26,0.0,7.4,99.4,,,,,,,0.0,1.0,99.6,0.0,2.1,100.0,0.0
2024-06-27,,,,,,,,,,,,,0.0,2.4,100.0,0.0
2024-06-28,,,,,,,,,,,,,0.0,2.3,100.0,0.0
2024-06-29,,,,0.0,0.0,100.0,,,,0.0,0.1,100.0,0.0,1.8,100.0,0.0
2024-06-30,,,,,,,,,,,,,0.0,1.5,100.0,0.0
2024-07-01,0.0,7.0,92.3,,,,,,,,,,0.0,1.5,100.0,0.0
2024-07-02,,,,,,,,,,,,,0.0,1.8,100.0,0.0
2024-07-03,,,,,,,,,,,,,0.0,1.5,100.0,0.0
2024-07-04,0.0,5.6,89.6,,,,,,,,,,0.0,1.5,100.0,0.0
2024-07-05,,,,,,,,,,0.0,0.1,100.0,0.0,1.0,100.0,0.0
2024-07-06,,,,,,,,,,,,,0.0,1.1,100.0,0.0
2024-07-07,,,,,,,,,,,,,0.0,0.9,100.0,0.0
2024-07-08,0.1,6.0,99.4,,,,,,,,,,0.0,0.6,100.0,0.0
2024-07-09,0.0,2.7,95.6,0.0,0.0,100.0,,,,,,,0.0,0.4,100.0,0.0
2024-07-10,,,,,,,,,,,,,0.0,0.3,100.0,0.0
2024-07-11,,,,,,,,,,,,,0.0,0.2,100.0,0.0
2024-07-12,,,,,,,,,,,,,0.0,0.3,100.0,0.0
2024-07-13,0.0,3.3,93.3,,,,,,,,,,0.0,0.1,100.0,0.0
2024-07-14,,,,0.0,0.0,100.0,0.0,0.0,70.4,,,,0.0,0.1,100.0,0.0
2024-07-15,,,,,,,,,,,,,0.0,0.1,100.0,0.0
2024-07-16,0.0,1.8,90.5,,,,,,,,,,0.0,0.1,100.0,0.0
2024-07-17,,,,,,,,,,,,,0.0,0.1,100.0,0.0
2024-07-18,,,,,,,,,,,,,0.0,0.1,100.0,0.0
2024-07-19,,,,0.0,0.0,99.9,,,,,,,0.0,0.0,100.0,0.0
2024-07-20,0.1,2.8,99.1,,,,,,,,,,0.0,0.1,100.0,0.0
2024-07-21,0.0,1.8,95.9,,,,,,,,,,0.0,0.1,100.0,0.0
2024-07-22,,,,,,,,,,,,,0.0,0.1,100.0,0.0
2024-07-23,,,,,,,,,,,,,0.0,0.0,100.0,0.0
2024-07-24,,,,,,,,,,,,,0.0,0.0,100.0,0.0
2024-07-25,0.0,2.5,92.8,,,,,,,,,,0.0,0.0,100.0,0.0
2024-07-26,,,,,,,,,,0.0,0.0,100.0,0.0,0.0,100.0,0.0
2024-07-27,,,,,,,,,,,,,0.0,0.0,100.0,0.0
2024-07-28,0.0,2.1,89.7,,,,,,,,,,0.0,0.0,100.0,0.0
2024-07-29,,,,,,,,,,0.0,0.0,73.7,0.0,0.0,100.0,0.0
2024-07-30,,,,,,,0.0,0.0,93.5,0.0,0.0,100.0,0.0,0.0,100.0,0.0
2024-07-31,,,,,,,0.0,0.0,77.2,,,,0.0,0.0,100.0,0.0
2024-08-01,0.0,3.8,99.7,,,,,,,0.0,0.0,100.0,0.0,0.0,100.0,0.0
2024-08-02,0.0,3.2,96.3,,,,,,,,,,0.0,0.0,100.0,0.0
2024-08-03,,,,0.0,0.0,52.9,,,,,,,0.0,0.0,100.0,0.0
2024-08-04,,,,,,,,,,,,,0.0,0.0,100.0,0.0
2024-08-05,,,,,,,,,,,,,0.0,0.0,100.0,0.0
2024-08-06,0.0,3.9,92.8,,,,,,,0.0,0.0,100.0,0.0,0.0,100.0,0.0
2024-08-07,,,,,,,,,,,,,0.0,0.0,100.0,0.0
2024-08-08,,,,,,,,,,0.0,0.0,40.8,0.0,0.0,100.0,0.0
2024-08-09,0.0,2.3,91.0,,,,,,,,,,0.0,0.0,100.0,0.0
2024-08-10,,,,,,,,,,,,,0.0,0.0,100.0,0.0
2024-08-11,,,,,,,,,,,,,0.0,0.0,100.0,0.0
2024-08-12,,,,,,,,,,,,,0.0,0.0,100.0,0.0
2024-08-13,0.1,3.0,99.8,,,,,,,,,,0.0,0.0,100.0,0.0
2024-08-14,0.0,2.2,96.7,,,,,,,0.0,0.0,100.0,0.0,0.0,100.0,0.0
2024-08-15,,,,,,,,,,,,,0.0,0.0,100.0,0.0
2024-08-16,,,,,,,0.0,0.0,56.9,,,,0.0,0.0,100.0,0.0
2024-08-17,,,,,,,,,,,,,0.0,0.0,100.0,0.0
2024-08-18,0.0,3.0,92.5,,,,,,,,,,0.0,0.0,100.0,0.0
2024-08-19,,,,,,,,,,,,,0.0,0.0,100.0,0.0
2024-08-20,,,,,,,,,,0.0,0.0,100.0,0.0,0.0,100.0,0.0
2024-08-21,0.0,2.1,90.6,,,,,,,,,,0.0,0.0,100.0,0.0
2024-08-22,,,,,,,,,,,,,0.0,0.0,100.0,0.0
2024-08-23,,,,0.0,0.0,100.0,0.0,0.0,97.8,,,,0.0,0.0,100.0,0.0
2024-08-24,,,,,,,0.0,0.0,74.4,,,,0.0,0.0,100.0,0.0
2024-08-25,0.3,3.2,99.4,,,,,,,,,,0.0,0.0,100.0,0.0
2024-08-26,0.1,3.4,98.0,,,,,,,,,,0.0,0.0,100.0,0.0
2024-08-27,,,,,,,,,,0.0,0.0,100.0,0.0,0.0,100.0,0.0
2024-08-28,,,,0.0,0.0,92.4,,,,,,,0.0,0.0,100.0,0.0
2024-08-29,,,,,,,,,,,,,0.0,0.0,100.0,0.0
2024-08-30,0.1,3.7,93.0,,,,,,,0.0,0.0,100.0,0.0,0.1,100.0,0.0
2024-08-31,,,,,,,,,,,,,0.0,0.1,100.0,0.0
2024-09-01,,,,,,,,,,,,,0.0,0.1,100.0,0.0
2024-09-02,0.2,3.6,92.0,,,,,,,,,,0.0,0.1,100.0,0.0
2024-09-03,,,,,,,,,,,,,0.0,0.1,100.0,0.0
2024-09-04,,,,,,,,,,,,,0.0,0.1,100.0,0.0
2024-09-05,,,,,,,,,,,,,0.0,0.2,100.0,0.0
2024-09-06,0.6,4.7,99.8,,,,,,,0.0,0.0,100.0,0.0,0.1,100.0,0.0
2024-09-07,0.5,5.9,97.3,0.0,0.0,100.0,,,,,,,0.0,0.1,100.0,0.0
2024-09-08,,,,,,,,,,,,,0.0,0.2,100.0,0.0
2024-09-09,,,,,,,,,,,,,0.0,0.4,100.0,0.0
2024-09-10,,,,,,,,,,,,,0.0,0.4,100.0,0.0
2024-09-11,0.7,8.7,93.1,,,,,,,,,,0.0,0.3,100.0,0.0
2024-09-12,,,,,,,,,,,,,0.0,0.4,100.0,0.0
2024-09-13,,,,,,,,,,,,,0.0,0.7,100.0,0.0
2024-09-14,1.5,10.8,96.1,,,,,,,0.0,0.0,100.0,0.0,0.6,100.0,0.0
2024-09-15,,,,,,,,,,0.0,0.0,100.0,0.0,1.0,100.0,0.0
2024-09-16,,,,,,,,,,,,,0.0,1.3,100.0,0.0
2024-09-17,,,,,,,,,,0.0,0.0,72.7,0.0,1.5,100.0,0.0
2024-09-18,3.5,16.4,99.9,,,,,,,,,,0.0,1.6,100.0,0.0
2024-09-19,5.9,23.4,99.2,,,,,,,,,,0.0,1.8,100.0,0.0
2024-09-20,,,,,,,,,,,,,0.0,1.7,100.0,0.0
2024-09-21,,,,,,,,,,,,,0.0,1.8,100.0,0.0
2024-09-22,,,,,,,,,,0.0,0.0,100.0,0.0,1.2,100.0,0.0
2024-09-23,,,,,,,,,,,,,0.0,1.7,100.0,0.0
2024-09-24,,,,,,,,,,,,,0.0,1.4,100.0,0.0
2024-09-25,,,,,,,,,,,,,0.0,1.6,100.0,0.0
2024-09-26,1.7,13.4,91.4,,,,,,,,,,0.0,1.2,100.0,0.0
2024-09-27,,,,,,,,,,,,,0.0,2.0,100.0,0.0
2024-09-28,,,,,,,,,,,,,0.0,1.9,100.0,0.0
2024-09-29,,,,,,,,,,,,,0.0,1.9,100.0,0.0
2024-09-30,2.6,14.5,99.8,,,,,,,,,,0.0,1.0,100.0,0.0
2024-10-01,0.5,7.4,98.3,,,,,,,,,,0.0,1.7,100.0,0.0
2024-10-02,,,,,,,,,,,,,0.0,1.5,100.0,0.0
2024-10-03,,,,,,,,,,,,,0.0,1.6,100.0,0.0
2024-10-04,,,,,,,,,,,,,0.0,0.9,100.0,0.0
2024-10-05,0.7,8.6,95.4,,,,,,,,,,0.0,1.5,100.0,0.0
2024-10-06,,,,,,,,,,,,,0.0,1.4,100.0,0.0
2024-10-07,,,,0.0,0.0,100.0,,,,0.0,0.0,100.0,0.0,1.1,100.0,0.0
2024-10-08,0.0,3.8,92.0,,,,,,,,,,0.0,1.0,100.0,0.0
2024-10-09,,,,,,,,,,,,,0.0,1.1,100.0,0.0
2024-10-10,,,,,,,,,,0.0,0.1,73.7,0.0,1.3,100.0,0.0
2024-10-11,,,,,,,,,,,,,0.0,1.5,100.0,0.0
2024-10-12,0.6,3.9,99.8,0.0,0.0,100.0,,,,,,,0.0,1.0,100.0,0.0
2024-10-13,0.0,1.8,98.1,,,,,,,,,,0.0,0.8,100.0,0.0
2024-10-14,,,,,,,,,,,,,0.0,1.1,100.0,0.0
2024-10-15,,,,,,,,,,0.0,0.0,100.0,0.0,1.0,100.0,0.0
2024-10-16,,,,,,,,,,,,,0.0,1.1,100.0,0.0
2024-10-17,0.1,2.2,92.9,0.0,0.0,100.0,,,,0.0,0.1,100.0,0.0,0.7,100.0,0.0
2024-10-18,,,,,,,,,,,,,0.0,1.0,100.0,0.0
2024-10-19,,,,,,,,,,,,,0.0,0.9,100.0,0.0
2024-10-20,0.1,1.5,92.2,,,,,,,,,,0.0,0.8,100.0,0.0
2024-10-21,,,,,,,,,,0.0,0.0,100.0,0.0,0.6,100.0,0.0
2024-10-22,,,,,,,,,,0.0,0.1,100.0,0.0,0.7,100.0,0.0
2024-10-23,,,,,,,,,,0.0,0.0,100.0,0.0,0.5,100.0,0.0
2024-10-24,0.1,2.5,99.9,,,,,,,,,,0.0,0.5,100.0,0.0
2024-10-25,0.0,1.9,97.9,,,,,,,,,,0.0,0.5,100.0,0.0
2024-10-26,,,,,,,0.0,0.0,53.1,0.0,0.1,48.2,0.0,0.5,100.0,0.0
2024-10-27,,,,0.0,0.0,100.0,,,,,,,0.0,0.4,100.0,0.0
2024-10-28,,,,,,,,,,,,,0.0,0.3,100.0,0.0
2024-10-29,0.1,3.6,93.1,,,,,,,,,,0.0,0.4,100.0,0.0
2024-10-30,,,,,,,,,,0.0,0.1,100.0,0.0,0.4,100.0,0.0
2024-10-31,,,,,,,,,,,,,0.0,0.4,100.0,0.0
2024-11-01,0.0,2.8,92.1,0.0,0.0,100.0,,,,0.0,0.1,100.0,0.0,0.3,100.0,0.0
2024-11-02,,,,,,,,,,,,,0.0,0.4,100.0,0.0
2024-11-03,,,,,,,0.0,0.0,100.0,,,,0.0,0.3,100.0,0.0
2024-11-04,,,,,,,0.0,0.0,100.0,,,,0.0,0.4,100.0,0.0
2024-11-05,0.4,4.6,99.9,,,,,,,,,,0.0,0.5,100.0,0.0
2024-11-06,0.0,4.7,98.3,0.0,0.0,100.0,,,,,,,0.0,0.6,100.0,0.0
2024-11-07,,,,,,,,,,,,,0.0,0.6,100.0,0.0
2024-11-08,,,,,,,,,,,,,0.0,0.7,100.0,0.0
2024-11-09,,,,,,,,,,,,,0.0,0.8,100.0,0.0
2024-11-10,0.5,3.8,92.9,,,,,,,,,,0.0,0.9,100.0,0.0
2024-11-11,,,,0.0,0.0,100.0,0.0,0.0,100.0,,,,0.0,0.9,100.0,0.0
2024-11-12,,,,,,,,,,,,,0.0,1.0,100.0,0.0
2024-11-13,0.1,3.2,93.3,,,,,,,0.0,0.2,100.0,0.0,1.1,100.0,0.0
2024-11-14,,,,,,,,,,,,,0.0,1.3,100.0,0.0
2024-11-15,,,,,,,,,,,,,0.0,2.0,100.0,0.0
2024-11-16,,,,0.0,0.0,100.0,,,,0.0,0.1,100.0,0.0,1.7,100.0,0.0
2024-11-17,0.6,3.5,99.6,,,,,,,,,,0.0,2.0,100.0,0.0
2024-11-18,0.1,3.1,97.0,,,,,,,,,,0.0,2.3,100.0,0.0
2024-11-19,,,,,,,,,,,,,0.0,3.5,100.0,0.0
2024-11-20,,,,,,,,,,,,,0.0,3.8,100.0,0.0
2024-11-21,,,,,,,,,,,,,0.0,3.2,100.0,0.0
2024-11-22,0.8,3.3,93.8,,,,,,,,,,0.0,2.6,100.0,0.0
2024-11-23,,,,,,,,,,,,,0.0,2.6,100.0,0.0
2024-11-24,,,,,,,,,,,,,0.0,2.8,100.0,0.0
2024-11-25,0.2,2.6,92.9,,,,,,,0.0,0.2,100.0,0.0,1.9,100.0,0.0
2024-11-26,,,,,,,,,,,,,0.0,1.9,100.0,0.0
2024-11-27,,,,,,,0.0,0.1,36.0,0.0,0.3,100.0,0.0,1.8,100.0,0.0
2024-11-28,,,,,,,,,,,,,0.0,1.7,100.0,0.0
2024-11-29,0.9,4.6,99.9,,,,,,,0.0,0.4,99.3,0.0,1.3,100.0,0.0
2024-11-30,,,,,,,,,,0.0,0.6,100.0,0.0,1.4,100.0,0.0
2024-12-01,,,,0.0,0.1,100.0,,,,,,,0.0,1.8,100.0,0.0
2024-12-02,,,,,,,,,,0.0,0.6,100.0,0.0,1.3,100.0,0.0
2024-12-03,,,,,,,,,,0.0,0.9,100.0,0.0,1.4,100.0,0.0
2024-12-04,0.0,3.4,92.4,,,,,,,0.0,0.3,100.0,0.0,1.4,100.0,0.0
2024-12-05,,,,,,,0.0,0.3,100.0,,,,0.0,1.8,100.0,0.0
2024-12-06,,,,0.0,1.6,46.7,,,,0.0,0.3,100.0,0.0,1.3,100.0,0.0
2024-12-07,0.1,3.7,93.3,,,,,,,,,,0.0,1.6,100.0,0.0
2024-12-08,,,,,,,,,,,,,0.0,1.4,100.0,0.0
2024-12-09,,,,,,,,,,,,,0.0,2.7,100.0,0.0
2024-12-10,,,,,,,,,,0.0,0.2,100.0,0.0,1.7,100.0,0.0
2024-12-11,0.1,4.3,99.0,,,,,,,,,,0.0,2.0,100.0,0.0
2024-12-12,0.0,3.9,97.7,,,,,,,0.0,0.2,100.0,0.0,1.4,100.0,0.0
2024-12-13,,,,,,,0.0,0.5,100.0,,,,0.0,2.4,100.0,0.0
2024-12-14,,,,,,,,,,,,,0.0,2.1,100.0,0.0
2024-12-15,,,,,,,,,,,,,0.0,2.7,100.0,0.0
2024-12-16,0.0,4.5,92.4,0.3,1.7,100.0,,,,0.0,0.2,100.0,0.0,1.9,100.0,0.0
2024-12-17,,,,,,,,,,0.0,0.3,100.0,0.0,3.4,100.0,0.0
2024-12-18,,,,,,,,,,0.0,0.7,100.0,0.0,2.5,100.0,0.0
2024-12-19,0.1,4.7,93.9,,,,,,,,,,0.0,3.2,100.0,0.0
2024-12-20,,,,,,,,,,0.0,1.4,100.0,0.0,2.9,100.0,0.0
2024-12-21,,,,0.2,2.0,100.0,0.0,1.0,100.0,,,,0.0,4.7,100.0,0.0
2024-12-22,,,,,,,,,,0.0,0.7,57.4,0.0,3.8,100.0,0.0
2024-12-23,0.1,6.9,98.2,,,,,,,0.0,2.3,89.8,0.0,4.3,100.0,0.0
2024-12-24,0.0,2.9,97.1,,,,,,,,,,0.0,4.7,100.0,0.0
2024-12-25,,,,,,,,,,,,,0.0,7.7,100.0,0.0
2024-12-26,,,,0.1,2.2,100.0,,,,0.0,4.6,100.0,0.0,6.8,100.0,0.0
2024-12-27,,,,,,,,,,0.0,6.2,100.0,0.0,6.3,100.0,0.0
2024-12-28,0.0,2.7,92.1,,,,,,,,,,0.0,7.1,100.0,0.0
2024-12-29,,,,,,,,,,,,,0.0,9.1,100.0,0.0
2024-12-30,,,,,,,0.0,4.3,99.3,,,,0.0,10.0,100.0,0.0
2024-12-31,0.0,2.5,93.6,0.1,1.3,100.0,,,,,,,0.0,8.2,100.0,0.0
2025-01-01,,,,,,,,,,0.5,17.1,100.0,0.0,8.8,100.0,0.0
2025-01-02,,,,,,,,,,,,,0.0,8.9,100.0,0.0
2025-01-03,,,,,,,,,,,,,0.0,12.9,100.0,0.0
2025-01-04,0.0,4.5,99.0,,,,,,,,,,0.0,11.6,100.0,0.0
2025-01-05,0.3,4.5,98.6,,,,,,,,,,0.0,13.5,100.0,0.0
2025-01-06,,,,,,,,,,,,,0.0,14.5,100.0,0.0
2025-01-07,,,,,,,,,,,,,0.0,22.9,100.0,0.0
2025-01-08,,,,,,,,,,,,,0.0,23.0,100.0,0.0
2025-01-09,0.9,5.6,92.2,,,,,,,,,,0.0,28.9,100.0,0.0
2025-01-10,,,,0.1,2.6,100.0,,,,,,,0.0,33.3,100.0,0.0
2025-01-11,,,,,,,,,,90.4,61.9,100.0,0.3,45.0,100.0,0.3
2025-01-12,0.0,8.2,94.0,,,,,,,,,,7.1,53.0,100.0,7.1
2025-01-13,,,,,,,,,,96.7,70.9,100.0,38.1,58.9,100.0,38.1
2025-01-14,,,,,,,98.9,92.1,99.8,,,,97.2,68.6,100.0,97.2
2025-01-15,,,,,,,,,,99.7,86.0,100.0,99.3,71.6,100.0,99.3
2025-01-16,2.5,17.7,98.5,,,,,,,,,,99.7,76.8,100.0,99.7
2025-01-17,15.5,29.5,97.3,,,,,,,,,,99.9,79.4,100.0,99.9
2025-01-18,,,,,,,,,,,,,99.9,81.2,100.0,99.9
2025-01-19,,,,,,,,,,,,,99.9,81.3,100.0,99.9
2025-01-20,,,,76.8,58.2,100.0,,,,,,,100.0,85.7,100.0,100.0
2025-01-21,54.2,44.4,91.8,,,,,,,,,,100.0,87.1,100.0,100.0
2025-01-22,,,,,,,,,,,,,100.0,87.1,100.0,100.0
2025-01-23,,,,,,,,,,100.0,93.0,100.0,100.0,87.2,100.0,100.0
2025-01-24,90.1,57.8,91.1,,,,,,,100.0,96.7,100.0,100.0,89.2,100.0,100.0
2025-01-25,,,,99.1,95.5,100.0,,,,,,,100.0,91.2,100.0,100.0
2025-01-26,,,,,,,,,,,,,100.0,89.9,100.0,100.0
2025-01-27,,,,,,,,,,,,,100.0,90.3,100.0,100.0
2025-01-28,97.1,69.8,99.1,,,,,,,,,,100.0,91.6,100.0,100.0
2025-01-29,99.1,75.8,97.2,,,,,,,100.0,97.8,100.0,100.0,92.8,100.0,100.0
2025-01-30,,,,,,,,,,,,,100.0,93.0,100.0,100.0
2025-01-31,,,,,,,,,,,,,100.0,93.8,100.0,100.0
2025-02-01,,,,,,,,,,100.0,98.5,100.0,100.0,95.3,100.0,100.0
2025-02-02,99.2,78.9,92.2,,,,,,,,,,100.0,96.4,100.0,100.0
2025-02-03,,,,,,,,,,,,,100.0,96.4,100.0,100.0
2025-02-04,,,,98.6,97.9,100.0,,,,100.0,98.5,100.0,100.0,97.4,100.0,100.0
2025-02-05,99.8,85.9,90.3,,,,,,,100.0,99.0,100.0,100.0,97.7,100.0,100.0
2025-02-06,,,,,,,,,,100.0,99.2,100.0,100.0,97.8,100.0,100.0
2025-02-07,,,,,,,100.0,99.7,99.8,,,,100.0,98.1,100.0,100.0
2025-02-08,,,,,,,100.0,99.9,93.2,100.0,99.5,100.0,100.0,98.3,100.0,100.0
2025-02-09,100.0,87.7,98.0,,,,,,,,,,100.0,98.4,100.0,100.0
2025-02-10,100.0,88.7,95.7,,,,,,,,,,100.0,98.5,100.0,100.0
2025-02-11,,,,,,,,,,,,,100.0,98.6,100.0,100.0
2025-02-12,,,,,,,,,,,,,100.0,98.5,100.0,100.0
2025-02-13,,,,,,,,,,,,,100.0,98.7,100.0,100.0
2025-02-14,100.0,91.0,91.8,,,,,,,100.0,99.6,100.0,100.0,98.9,100.0,100.0
2025-02-15,,,,,,,100.0,100.0,86.7,,,,100.0,99.2,100.0,100.0
2025-02-16,,,,,,,100.0,100.0,99.6,,,,100.0,99.3,100.0,100.0
2025-02-17,100.0,93.3,90.6,,,,,,,100.0,99.6,100.0,100.0,99.3,100.0,100.0
2025-02-18,,,,,,,,,,100.0,99.6,100.0,100.0,99.3,100.0,100.0
2025-02-19,,,,99.4,99.0,100.0,,,,,,,100.0,99.5,100.0,100.0
2025-02-20,,,,,,,,,,100.0,99.6,100.0,100.0,99.4,100.0,100.0
2025-02-21,100.0,95.0,97.2,,,,,,,,,,100.0,99.5,100.0,100.0
2025-02-22,100.0,94.2,96.3,,,,,,,,,,100.0,99.5,100.0,100.0
2025-02-23,,,,,,,100.0,99.9,93.3,,,,100.0,99.5,100.0,100.0
2025-02-24,,,,99.3,98.9,98.7,,,,,,,100.0,99.5,100.0,100.0
2025-02-25,,,,,,,,,,100.0,99.4,100.0,100.0,99.5,100.0,100.0
2025-02-26,100.0,94.3,90.8,,,,,,,,,,100.0,99.4,100.0,100.0
2025-02-27,,,,,,,,,,100.0,99.2,100.0,100.0,99.3,100.0,100.0
2025-02-28,,,,,,,,,,100.0,99.2,100.0,100.0,99.4,100.0,100.0
2025-03-01,100.0,95.2,89.7,100.0,99.7,100.0,,,,,,,100.0,99.6,100.0,100.0
2025-03-02,,,,,,,,,,,,,100.0,99.4,100.0,100.0
2025-03-03,,,,,,,100.0,99.9,83.6,,,,100.0,99.4,100.0,100.0
2025-03-04,,,,,,,100.0,99.8,89.3,,,,100.0,99.4,100.0,100.0
2025-03-05,100.0,95.4,95.8,,,,,,,,,,100.0,99.3,100.0,100.0
2025-03-06,100.0,93.8,94.5,99.9,99.4,100.0,,,,,,,100.0,99.4,100.0,100.0
2025-03-07,,,,,,,,,,,,,100.0,99.0,100.0,100.0
2025-03-08,,,,,,,,,,,,,100.0,99.0,100.0,100.0
2025-03-09,,,,,,,,,,,,,100.0,98.8,100.0,100.0
2025-03-10,100.0,92.1,91.1,,,,,,,,,,100.0,98.8,100.0,100.0
2025-03-11,,,,,,,,,,100.0,99.1,100.0,100.0,98.3,100.0,100.0
2025-03-12,,,,,,,,,,,,,100.0,98.1,100.0,100.0
2025-03-13,100.0,91.9,90.4,,,,,,,,,,100.0,98.1,100.0,100.0
2025-03-14,,,,,,,,,,,,,100.0,97.8,100.0,100.0
2025-03-15,,,,,,,,,,,,,100.0,97.1,100.0,100.0
2025-03-16,,,,,,,,,,,,,100.0,97.6,100.0,100.0
2025-03-17,99.9,89.5,97.8,,,,,,,,,,100.0,97.7,100.0,100.0
2025-03-18,99.9,85.1,95.8,99.9,99.3,100.0,,,,,,,100.0,98.0,100.0,100.0
2025-03-19,,,,,,,100.0,99.6,86.6,,,,100.0,97.9,100.0,100.0
2025-03-20,,,,,,,100.0,99.4,88.6,,,,100.0,98.1,100.0,100.0
2025-03-21,,,,,,,,,,,,,100.0,97.7,100.0,100.0
2025-03-22,98.5,78.6,91.8,,,,,,,100.0,99.0,100.0,100.0,97.9,100.0,100.0
2025-03-23,,,,,,,,,,,,,100.0,97.4,100.0,100.0
2025-03-24,,,,,,,,,,,,,100.0,97.5,100.0,100.0
2025-03-25,99.2,73.1,96.0,,,,,,,100.0,98.5,100.0,100.0,97.5,100.0,100.0
2025-03-26,,,,,,,,,,,,,100.0,97.7,100.0,100.0
2025-03-27,,,,,,,,,,,,,100.0,97.3,100.0,100.0
2025-03-28,,,,99.9,99.1,100.0,100.0,99.2,87.7,,,,100.0,98.1,100.0,100.0
2025-03-29,96.7,69.3,99.1,,,,,,,,,,100.0,97.2,100.0,100.0
2025-03-30,91.2,63.4,98.6,,,,,,,100.0,98.7,100.0,100.0,97.5,100.0,100.0
2025-03-31,,,,,,,,,,,,,100.0,96.7,100.0,100.0
2025-04-01,,,,,,,,,,,,,100.0,97.3,100.0,100.0
2025-04-02,,,,,,,,,,100.0,97.1,100.0,100.0,96.6,100.0,100.0
2025-04-03,44.9,39.4,93.0,,,,,,,,,,100.0,97.0,100.0,100.0
2025-04-04,,,,,,,100.0,99.5,68.8,100.0,97.5,100.0,100.0,96.6,100.0,100.0
2025-04-05,,,,99.8,98.9,100.0,99.9,96.3,81.2,,,,100.0,97.2,100.0,100.0
2025-04-06,39.7,36.7,97.9,,,,,,,,,,100.0,96.0,100.0,100.0
2025-04-07,,,,99.4,97.9,100.0,,,,100.0,94.1,100.0,100.0,95.9,100.0,100.0
2025-04-08,,,,,,,,,,,,,99.9,94.5,100.0,99.9
2025-04-09,,,,,,,,,,,,,99.8,93.8,100.0,99.8
2025-04-10,19.8,25.4,97.1,98.6,92.3,100.0,,,,100.0,95.6,100.0,99.7,92.8,100.0,99.7
2025-04-11,31.4,33.5,98.0,,,,,,,99.7,89.4,100.0,99.2,89.8,100.0,99.2
2025-04-12,,,,,,,98.9,84.0,50.8,99.9,89.4,100.0,97.9,87.8,100.0,97.9
2025-04-13,,,,,,,,,,,,,95.1,82.3,100.0,95.1
2025-04-14,,,,,,,,,,,,,91.1,77.2,100.0,91.1
2025-04-15,7.8,17.8,92.0,,,,,,,97.1,83.3,100.0,79.7,68.9,100.0,79.7
2025-04-16,,,,,,,,,,,,,53.1,59.9,100.0,53.1
2025-04-17,,,,,,,,,,99.9,82.7,100.0,30.5,52.5,100.0,30.5
2025-04-18,7.6,16.8,92.9,,,,,,,90.4,68.9,100.0,20.4,45.6,100.0,20.4
2025-04-19,,,,,,,,,,,,,15.2,39.3,100.0,15.2
2025-04-20,,,,,,,,,,,,,4.6,31.1,100.0,4.6
2025-04-21,,,,,,,,,,92.0,66.5,100.0,1.0,25.7,100.0,1.0
2025-04-22,7.6,16.2,98.2,,,,,,,37.1,41.2,100.0,0.4,23.5,100.0,0.4
2025-04-23,5.2,15.5,95.7,,,,,,,0.0,21.6,100.0,0.1,20.4,100.0,0.1
2025-04-24,,,,,,,,,,,,,0.0,16.7,100.0,0.0
2025-04-25,,,,,,,,,,,,,0.0,14.2,100.0,0.0
2025-04-26,,,,,,,,,,,,,0.0,12.6,100.0,0.0
2025-04-27,5.1,14.3,92.4,,,,,,,,,,0.0,12.0,100.0,0.0
2025-04-28,,,,,,,,,,0.0,7.6,100.0,0.0,12.0,100.0,0.0
2025-04-29,,,,,,,,,,0.0,2.7,100.0,0.0,11.1,100.0,0.0
2025-04-30,3.8,12.1,89.7,0.1,2.1,97.6,,,,,,,0.0,11.5,100.0,0.0
2025-05-01,,,,,,,,,,,,,0.0,9.7,100.0,0.0
2025-05-02,,,,,,,,,,0.0,0.7,100.0,0.0,8.4,100.0,0.0
2025-05-03,8.0,15.8,91.0,,,,,,,,,,0.0,7.9,100.0,0.0
2025-05-04,10.8,18.0,98.3,,,,,,,,,,0.0,7.4,100.0,0.0
2025-05-05,10.2,17.3,96.8,,,,,,,,,,0.0,6.9,100.0,0.0
2025-05-06,9.6,16.0,88.8,,,,,,,,,,0.0,8.6,100.0,0.0
2025-05-07,,,,,,,,,,,,,0.0,8.1,100.0,0.0
2025-05-08,,,,,,,,,,,,,0.0,8.8,100.0,0.0
2025-05-09,16.0,22.2,91.6,,,,,,,,,,0.0,7.8,100.0,0.0
2025-05-10,26.3,28.9,98.1,,,,,,,,,,0.0,6.3,100.0,0.0
2025-05-11,30.9,30.2,94.9,,,,,,,,,,0.0,4.8,100.0,0.0
2025-05-12,24.6,27.5,89.3,,,,,,,,,,0.0,4.5,100.0,0.0
2025-05-13,,,,,,,,,,,,,0.0,3.6,100.0,0.0
2025-05-14,,,,,,,,,,,,,0.0,3.6,100.0,0.0
2025-05-15,33.0,33.6,92.7,,,,,,,,,,0.0,3.1,100.0,0.0
2025-05-16,35.6,36.3,98.9,,,,,,,,,,0.0,3.3,100.0,0.0
2025-05-17,33.5,34.1,93.2,,,,,,,,,,0.0,2.3,100.0,0.0
2025-05-18,28.9,29.3,75.6,,,,,,,,,,0.0,2.3,100.0,0.0
2025-05-19,,,,,,,,,,,,,0.0,1.7,100.0,0.0
2025-05-20,,,,,,,,,,,,,0.0,2.3,100.0,0.0
2025-05-21,38.5,39.5,91.8,,,,,,,,,,0.0,1.8,100.0,0.0
2025-05-22,44.9,43.4,98.2,,,,,,,,,,0.0,2.4,100.0,0.0
2025-05-23,45.3,44.1,97.4,,,,,,,,,,0.0,2.3,100.0,0.0
2025-05-24,38.8,38.2,88.8,,,,,,,,,,0.0,4.2,100.0,0.0
2025-05-25,,,,,,,,,,,,,0.0,3.1,100.0,0.0
2025-05-26,,,,,,,,,,,,,0.0,3.6,100.0,0.0
2025-05-27,45.1,46.5,92.7,,,,,,,,,,0.0,3.3,100.0,0.0
2025-05-28,49.6,49.2,98.3,,,,,,,,,,0.0,4.6,100.0,0.0
2025-05-29,40.4,39.6,92.0,,,,,,,,,,0.0,4.1,100.0,0.0
2025-05-30,29.0,31.9,85.1,0.0,0.1,100.0,,,,0.0,0.1,100.0,0.0,3.4,100.0,0.0
2025-05-31,,,,,,,,,,0.0,0.1,100.0,0.0,3.7,100.0,0.0
2025-06-01,,,,,,,,,,,,,0.0,4.1,100.0,0.0
2025-06-02,30.3,35.3,91.6,,,,,,,,,,0.0,3.9,100.0,0.0
2025-06-03,29.1,32.2,97.8,,,,,,,,,,0.0,3.7,100.0,0.0
2025-06-04,15.0,21.4,93.1,,,,,,,,,,0.0,5.3,100.0,0.0
2025-06-05,6.0,13.8,89.2,,,,,,,,,,0.0,4.8,100.0,0.0
2025-06-06,,,,0.0,0.0,48.4,,,,,,,0.0,4.4,100.0,0.0
2025-06-07,,,,,,,,,,,,,0.0,3.9,100.0,0.0
2025-06-08,10.6,16.5,92.0,,,,,,,0.0,0.1,38.0,0.0,5.0,100.0,0.0
2025-06-09,8.5,14.8,98.3,0.0,0.0,100.0,,,,,,,0.0,4.3,100.0,0.0
2025-06-10,0.7,6.4,92.2,,,,,,,0.0,0.0,100.0,0.0,3.2,100.0,0.0
2025-06-11,0.1,3.9,82.1,,,,,,,0.0,0.0,100.0,0.0,3.0,100.0,0.0
2025-06-12,,,,,,,,,,,,,0.0,3.5,100.0,0.0
2025-06-13,,,,,,,,,,0.0,0.0,100.0,0.0,2.5,100.0,0.0
2025-06-14,6.1,7.8,91.3,0.0,0.1,46.0,,,,0.0,0.0,100.0,0.0,1.9,100.0,0.0
2025-06-15,4.0,7.6,98.1,,,,,,,0.0,0.0,100.0,0.0,1.8,100.0,0.0
2025-06-16,0.2,4.3,95.4,,,,,,,,,,0.0,2.6,100.0,0.0
2025-06-17,0.0,3.2,89.3,,,,,,,0.0,0.0,100.0,0.0,2.3,100.0,0.0
2025-06-18,,,,,,,,,,0.0,0.0,100.0,0.0,1.9,100.0,0.0
2025-06-19,,,,0.0,0.0,100.0,,,,,,,0.0,1.6,100.0,0.0
2025-06-20,1.4,5.1,92.4,,,,,,,,,,0.0,2.0,100.0,0.0
2025-06-21,0.8,5.1,98.1,,,,,,,0.0,0.0,100.0,0.0,1.5,100.0,0.0
2025-06-22,0.0,3.5,93.6,,,,,,,,,,0.0,1.2,100.0,0.0
2025-06-23,,,,,,,,,,,,,0.0,1.1,100.0,0.0
2025-06-24,,,,,,,,,,,,,0.0,1.3,100.0,0.0
2025-06-25,,,,,,,,,,,,,0.0,1.1,100.0,0.0
2025-06-26,0.5,3.7,92.1,0.0,0.0,59.5,,,,0.0,0.0,100.0,0.0,0.7,100.0,0.0
2025-06-27,0.3,4.7,99.3,,,,,,,0.0,0.0,96.5,0.0,0.7,100.0,0.0
2025-06-28,0.1,4.4,93.4,,,,,,,,,,0.0,0.8,100.0,0.0
2025-06-29,0.1,3.8,87.9,,,,,,,,,,0.0,0.8,100.0,0.0
2025-06-30,,,,,,,,,,,,,0.0,0.6,100.0,0.0
2025-07-01,,,,,,,,,,0.0,0.0,100.0,0.0,0.5,100.0,0.0
2025-07-02,0.2,4.0,91.3,,,,,,,0.0,0.0,100.0,0.0,0.7,100.0,0.0
2025-07-03,0.8,4.6,99.2,,,,,,,0.0,0.0,100.0,0.0,0.5,100.0,0.0
2025-07-04,0.0,3.7,96.0,,,,,,,,,,0.0,0.3,100.0,0.0
2025-07-05,0.0,3.5,87.9,,,,,,,,,,0.0,0.3,100.0,0.0
2025-07-06,,,,,,,,,,,,,0.0,0.3,100.0,0.0
2025-07-07,,,,,,,,,,,,,0.0,0.4,100.0,0.0
2025-07-08,0.4,4.5,92.7,,,,,,,,,,0.0,0.4,100.0,0.0
2025-07-09,1.2,6.5,99.4,,,,,,,,,,0.0,0.3,100.0,0.0
2025-07-10,0.0,7.1,95.6,,,,,,,,,,0.0,0.3,100.0,0.0
2025-07-11,0.0,3.9,89.9,,,,,,,,,,0.0,0.1,100.0,0.0
2025-07-12,,,,,,,,,,,,,0.0,0.1,100.0,0.0
2025-07-13,,,,,,,,,,,,,0.0,0.1,100.0,0.0
2025-07-14,0.4,3.3,92.4,,,,,,,,,,0.0,0.1,100.0,0.0
2025-07-15,0.8,3.4,99.7,,,,,,,,,,0.0,0.0,100.0,0.0
2025-07-16,0.0,2.4,96.5,,,,,,,,,,0.0,0.0,100.0,0.0
2025-07-17,0.0,2.0,88.4,,,,,,,,,,0.0,0.0,100.0,0.0
2025-07-18,,,,,,,0.0,0.0,77.0,,,,0.0,0.0,100.0,0.0
2025-07-19,,,,0.0,0.0,100.0,,,,,,,0.0,0.0,100.0,0.0
2025-07-20,0.3,2.5,92.9,,,,,,,,,,0.0,0.1,100.0,0.0
2025-07-21,0.4,2.9,99.7,,,,,,,,,,0.0,0.0,100.0,0.0
2025-07-22,0.0,1.9,96.8,,,,,,,,,,0.0,0.0,100.0,0.0
2025-07-23,0.0,1.4,91.0,,,,,,,,,,0.0,0.0,100.0,0.0
2025-07-24,,,,,,,,,,,,,0.0,0.0,100.0,0.0
2025-07-25,,,,,,,,,,,,,0.0,0.0,100.0,0.0
2025-07-26,0.0,1.8,92.7,,,,,,,,,,0.0,0.0,100.0,0.0
2025-07-27,0.0,1.8,99.2,,,,,,,,,,0.0,0.0,100.0,0.0
2025-07-28,0.0,1.6,97.2,,,,,,,,,,0.0,0.0,100.0,0.0
2025-07-29,0.0,1.1,88.5,,,,,,,,,,0.0,0.0,100.0,0.0
2025-07-30,,,,,,,,,,,,,0.0,0.1,100.0,0.0
2025-07-31,,,,,,,,,,,,,0.0,0.1,100.0,0.0
2025-08-01,0.0,1.6,92.7,,,,,,,,,,0.0,0.1,100.0,0.0
2025-08-02,0.0,1.6,99.8,,,,,,,,,,0.0,0.1,100.0,0.0
2025-08-03,0.0,1.1,97.6,,,,,,,,,,0.0,0.1,100.0,0.0
2025-08-04,0.0,0.8,92.2,,,,,,,,,,0.0,0.1,100.0,0.0
2025-08-05,,,,,,,,,,,,,0.0,0.1,100.0,0.0
2025-08-06,,,,,,,,,,,,,0.0,0.1,100.0,0.0
2025-08-07,,,,,,,,,,0.0,0.0,100.0,0.0,0.1,100.0,0.0
2025-08-08,0.0,0.8,99.5,0.0,0.0,100.0,,,,,,,0.0,0.1,100.0,0.0
2025-08-09,0.0,0.5,96.0,,,,,,,0.0,0.0,100.0,0.0,0.1,100.0,0.0
2025-08-10,0.0,0.3,86.8,,,,,,,0.0,0.0,100.0,0.0,0.1,100.0,0.0
2025-08-11,,,,,,,0.0,0.0,76.4,0.0,0.0,100.0,0.0,0.0,100.0,0.0
2025-08-12,,,,,,,,,,0.0,0.0,100.0,0.0,0.0,100.0,0.0
2025-08-13,0.0,0.4,92.4,0.0,0.0,100.0,,,,0.0,0.0,99.5,0.0,0.0,100.0,0.0
2025-08-14,0.0,0.5,99.6,,,,,,,0.0,0.0,100.0,0.0,0.0,100.0,0.0
2025-08-15,0.0,0.4,96.8,0.0,0.0,77.3,,,,0.0,0.0,100.0,0.0,0.0,100.0,0.0
2025-08-16,0.0,0.3,91.5,,,,,,,0.0,0.0,100.0,0.0,0.0,100.0,0.0
2025-08-17,,,,,,,,,,,,,0.0,0.0,100.0,0.0
2025-08-18,,,,0.0,0.0,100.0,0.0,0.0,88.6,,,,0.0,0.0,100.0,0.0
2025-08-19,0.0,0.5,92.8,,,,0.0,0.0,56.8,,,,0.0,0.0,100.0,0.0
2025-08-20,0.0,0.5,99.4,,,,,,,,,,0.0,0.0,100.0,0.0
2025-08-21,0.0,0.5,97.3,,,,,,,,,,0.0,0.0,100.0,0.0
2025-08-22,0.0,0.4,85.4,,,,,,,,,,0.0,0.0,100.0,0.0
2025-08-23,,,,,,,,,,,,,0.0,0.0,100.0,0.0
2025-08-24,,,,,,,,,,,,,0.0,0.0,100.0,0.0
2025-08-25,0.0,0.6,92.6,0.0,0.0,92.7,,,,,,,0.0,0.0,100.0,0.0
2025-08-26,0.0,0.9,98.7,,,,0.0,0.0,73.7,0.0,0.0,100.0,0.0,0.0,100.0,0.0
2025-08-27,0.0,1.2,96.8,,,,,,,,,,0.0,0.0,100.0,0.0
2025-08-28,0.0,0.9,92.0,,,,,,,,,,0.0,0.0,100.0,0.0
2025-08-29,,,,,,,,,,,,,0.0,0.0,100.0,0.0
2025-08-30,,,,,,,,,,,,,0.0,0.0,100.0,0.0
2025-08-31,0.0,1.4,92.4,,,,,,,,,,0.0,0.0,100.0,0.0
2025-09-01,0.0,1.5,99.4,,,,,,,,,,0.0,0.0,100.0,0.0
2025-09-02,0.0,2.8,97.4,,,,,,,,,,0.0,0.0,100.0,0.0
2025-09-03,0.0,2.5,89.5,,,,0.0,0.0,75.2,,,,0.0,0.0,100.0,0.0
2025-09-04,,,,,,,0.0,0.0,100.0,,,,0.0,0.0,100.0,0.0
2025-09-05,,,,,,,,,,0.0,0.0,100.0,0.0,0.0,100.0,0.0
2025-09-06,0.0,5.3,93.2,,,,,,,,,,0.0,0.0,100.0,0.0
2025-09-07,0.0,3.9,99.4,,,,,,,,,,0.0,0.0,100.0,0.0
2025-09-08,0.0,4.7,98.1,,,,,,,,,,0.0,0.0,100.0,0.0
2025-09-09,0.0,3.9,91.4,,,,,,,,,,0.0,0.0,100.0,0.0
2025-09-10,,,,,,,,,,,,,0.0,0.0,100.0,0.0
2025-09-11,,,,,,,,,,0.0,0.0,99.4,0.0,0.0,100.0,0.0
2025-09-12,0.0,4.1,93.5,,,,,,,,,,0.0,0.0,100.0,0.0
2025-09-13,0.1,3.8,99.5,,,,,,,,,,0.0,0.0,100.0,0.0
2025-09-14,0.0,1.9,97.6,,,,,,,,,,0.0,0.0,100.0,0.0
2025-09-15,0.0,1.2,91.0,,,,,,,,,,0.0,0.0,100.0,0.0
2025-09-16,,,,,,,,,,,,,0.0,0.0,100.0,0.0
2025-09-17,,,,,,,,,,,,,0.0,0.0,100.0,0.0
2025-09-18,0.1,1.3,92.5,,,,,,,0.0,0.0,100.0,0.0,0.0,100.0,0.0
2025-09-19,0.3,1.3,99.6,,,,0.0,0.0,100.0,0.0,0.0,100.0,0.0,0.0,100.0,0.0
2025-09-20,0.0,0.8,97.0,,,,0.0,0.0,97.0,,,,0.0,0.0,100.0,0.0
2025-09-21,0.0,0.8,91.8,,,,,,,,,,0.0,0.0,100.0,0.0
2025-09-22,,,,,,,,,,,,,0.0,0.0,100.0,0.0
2025-09-23,,,,,,,,,,,,,0.0,0.0,100.0,0.0
2025-09-24,0.2,1.5,93.1,,,,,,,,,,0.0,0.0,100.0,0.0
2025-09-25,0.1,1.8,99.3,,,,,,,,,,0.0,0.0,100.0,0.0
2025-09-26,0.0,3.1,98.3,,,,,,,,,,0.0,0.0,100.0,0.0
2025-09-27,0.0,4.4,92.4,,,,,,,,,,0.0,0.0,100.0,0.0
2025-09-28,,,,,,,0.0,0.0,100.0,,,,0.0,0.0,100.0,0.0
2025-09-29,,,,,,,,,,0.0,0.0,100.0,0.0,0.1,100.0,0.0
2025-09-30,0.1,5.0,93.0,,,,,,,,,,0.0,0.1,100.0,0.0
2025-10-01,0.1,4.6,99.6,,,,,,,,,,0.0,0.2,100.0,0.0
2025-10-02,0.0,5.4,98.3,0.0,0.0,100.0,,,,0.0,0.1,100.0,0.0,0.2,100.0,0.0
2025-10-03,0.0,2.9,92.9,,,,,,,,,,0.0,0.3,100.0,0.0
2025-10-04,,,,,,,,,,0.0,0.2,100.0,0.0,0.3,100.0,0.0
2025-10-05,,,,,,,,,,0.0,0.4,66.4,0.0,0.4,100.0,0.0
2025-10-06,0.1,2.9,94.6,,,,,,,,,,0.0,0.4,100.0,0.0
2025-10-07,0.0,2.6,99.7,,,,,,,0.0,0.2,100.0,0.0,0.4,100.0,0.0
2025-10-08,0.0,3.2,97.8,,,,,,,0.0,0.1,100.0,0.0,0.3,100.0,0.0
2025-10-09,0.0,2.5,92.2,,,,,,,0.0,0.1,100.0,0.0,0.3,100.0,0.0
2025-10-10,,,,,,,,,,0.0,0.1,100.0,0.0,0.2,100.0,0.0
2025-10-11,,,,,,,,,,,,,0.0,0.3,100.0,0.0
2025-10-12,0.0,2.9,92.6,0.0,0.0,100.0,,,,0.0,0.0,100.0,0.0,0.2,100.0,0.0
2025-10-13,0.0,3.6,99.4,,,,0.0,0.0,100.0,0.0,0.0,100.0,0.0,0.2,100.0,0.0
2025-10-14,0.0,3.2,98.1,0.0,0.0,100.0,0.0,0.0,100.0,0.0,0.0,100.0,0.0,0.1,100.0,0.0
2025-10-15,0.0,1.1,92.6,,,,,,,,,,0.0,0.1,100.0,0.0
2025-10-16,,,,,,,,,,,,,0.0,0.1,100.0,0.0
2025-10-17,,,,0.0,0.0,100.0,,,,,,,0.0,0.1,100.0,0.0
2025-10-18,0.0,1.1,92.6,,,,,,,,,,0.0,0.2,100.0,0.0
2025-10-19,0.1,1.0,99.5,,,,,,,,,,0.0,0.1,100.0,0.0
2025-10-20,0.0,0.8,97.6,,,,,,,,,,0.0,0.2,100.0,0.0
2025-10-21,0.0,0.5,88.5,,,,,,,0.0,0.1,100.0,0.0,0.1,100.0,0.0
2025-10-22,,,,,,,,,,,,,0.0,0.2,100.0,0.0
2025-10-23,,,,,,,,,,,,,0.0,0.2,100.0,0.0
2025-10-24,0.1,0.7,94.3,,,,,,,0.0,0.2,85.9,0.0,0.2,100.0,0.0
2025-10-25,0.1,0.8,99.3,,,,,,,0.0,0.1,72.5,0.0,0.2,100.0,0.0
2025-10-26,0.0,1.0,98.9,,,,,,,,,,0.0,0.2,100.0,0.0
2025-10-27,0.0,1.2,94.5,,,,,,,,,,0.0,0.2,100.0,0.0
2025-10-28,,,,,,,,,,,,,0.0,0.3,100.0,0.0
2025-10-29,,,,,,,0.0,0.0,87.3,,,,0.0,0.3,100.0,0.0
2025-10-30,0.1,1.8,94.6,,,,,,,,,,0.0,0.5,100.0,0.0
2025-10-31,0.1,2.2,99.2,,,,,,,,,,0.0,0.5,100.0,0.0
2025-11-01,0.0,1.7,97.6,,,,,,,,,,0.0,0.5,100.0,0.0
2025-11-02,0.0,2.9,93.1,,,,,,,,,,0.0,0.5,100.0,0.0
2025-11-03,,,,,,,,,,,,,0.0,0.6,100.0,0.0
2025-11-04,,,,,,,,,,,,,0.0,0.7,100.0,0.0
2025-11-05,0.1,3.1,93.3,,,,,,,0.0,0.1,100.0,0.0,0.6,100.0,0.0
2025-11-06,0.0,4.5,98.4,0.0,0.0,100.0,0.0,0.0,59.9,0.0,0.1,100.0,0.0,0.6,100.0,0.0
2025-11-07,0.1,1.7,97.9,,,,0.0,0.0,95.9,,,,0.0,0.8,100.0,0.0
2025-11-08,0.0,1.0,93.7,,,,,,,,,,0.0,0.9,100.0,0.0
2025-11-09,,,,,,,,,,0.0,0.5,100.0,0.0,0.9,100.0,0.0
2025-11-10,,,,,,,,,,,,,0.0,1.1,100.0,0.0
2025-11-11,0.1,1.9,92.6,0.0,0.0,100.0,,,,,,,0.0,1.4,100.0,0.0
2025-11-12,0.1,1.7,99.7,,,,,,,0.0,0.5,97.0,0.0,1.4,100.0,0.0
2025-11-13,0.1,1.3,97.9,0.0,0.0,100.0,,,,,,,0.0,1.2,100.0,0.0
2025-11-14,0.0,0.5,88.4,,,,,,,,,,0.0,1.8,100.0,0.0
2025-11-15,,,,,,,,,,,,,0.0,2.2,100.0,0.0
2025-11-16,,,,,,,,,,,,,0.0,2.1,100.0,0.0
2025-11-17,,,,,,,,,,0.0,0.3,98.7,0.0,1.5,100.0,0.0
2025-11-18,0.0,1.7,99.6,,,,,,,0.0,0.3,100.0,0.0,1.6,100.0,0.0
2025-11-19,0.0,1.1,98.8,,,,,,,,,,0.0,1.6,100.0,0.0
2025-11-20,0.0,1.2,93.7,,,,,,,,,,0.0,1.5,100.0,0.0
2025-11-21,,,,,,,,,,,,,0.0,1.4,100.0,0.0
2025-11-22,,,,,,,,,,,,,0.0,2.2,100.0,0.0
2025-11-23,0.0,1.2,93.1,0.0,0.2,100.0,0.0,0.2,100.0,,,,0.0,2.0,100.0,0.0
2025-11-24,0.0,1.3,99.6,,,,,,,,,,0.0,2.0,100.0,0.0
2025-11-25,0.0,1.3,98.0,,,,,,,,,,0.0,1.4,100.0,0.0
2025-11-26,0.0,1.4,94.5,,,,,,,,,,0.0,1.5,100.0,0.0
2025-11-27,,,,,,,,,,,,,0.0,1.6,100.0,0.0
2025-11-28,,,,,,,,,,,,,0.0,1.7,100.0,0.0
2025-11-29,0.0,1.6,93.3,,,,,,,0.0,0.3,100.0,0.0,1.1,100.0,0.0
2025-11-30,,,,,,,,,,,,,0.0,1.7,100.0,0.0
2025-12-01,0.0,1.2,98.3,0.0,0.7,100.0,0.0,0.4,100.0,0.0,0.3,100.0,0.0,1.4,100.0,0.0
2025-12-02,,,,,,,,,,,,,0.0,1.7,100.0,0.0
2025-12-03,,,,0.1,1.4,100.0,,,,0.0,0.1,100.0,0.0,1.0,100.0,0.0
2025-12-04,,,,,,,,,,0.0,0.1,100.0,0.0,1.6,100.0,0.0
2025-12-05,0.0,1.0,93.7,,,,,,,,,,0.0,1.9,100.0,0.0
2025-12-06,0.0,1.1,99.7,,,,,,,,,,0.0,1.9,100.0,0.0
2025-12-07,0.0,0.9,99.1,,,,,,,0.0,0.0,38.0,0.0,1.7,100.0,0.0
2025-12-08,0.0,0.7,97.3,,,,,,,,,,0.0,2.5,100.0,0.0
2025-12-09,,,,,,,0.5,1.0,99.4,,,,0.0,2.9,100.0,0.0
2025-12-10,,,,,,,,,,,,,0.0,2.7,100.0,0.0
2025-12-11,0.0,0.6,93.9,,,,,,,,,,0.0,3.2,100.0,0.0
2025-12-12,0.0,0.6,99.7,,,,,,,,,,0.0,3.3,100.0,0.0
2025-12-13,0.0,0.5,97.4,0.1,0.8,100.0,,,,,,,0.0,3.5,100.0,0.0
2025-12-14,0.0,0.2,93.1,,,,,,,,,,0.0,2.9,100.0,0.0
2025-12-15,,,,,,,,,,,,,0.0,3.6,100.0,0.0
2025-12-16,,,,,,,,,,,,,0.0,3.6,100.0,0.0
2025-12-17,0.0,0.3,93.2,,,,,,,0.0,0.3,100.0,0.0,3.2,100.0,0.0
2025-12-18,0.0,0.3,99.4,,,,,,,0.0,0.2,100.0,0.0,2.8,100.0,0.0
2025-12-19,0.0,0.4,97.5,,,,,,,,,,0.0,3.1,100.0,0.0
2025-12-20,0.0,0.3,92.1,,,,,,,0.0,0.3,100.0,0.0,2.8,100.0,0.0
2025-12-21,,,,0.0,0.4,100.0,,,,0.0,0.4,100.0,0.0,2.7,100.0,0.0
2025-12-22,,,,,,,,,,,,,0.0,2.4,100.0,0.0
2025-12-23,0.0,0.3,93.0,,,,,,,,,,0.0,2.8,100.0,0.0
2025-12-24,0.0,0.6,99.7,,,,,,,0.0,1.3,100.0,0.0,3.1,100.0,0.0
2025-12-25,0.0,0.5,97.4,,,,0.3,1.0,100.0,0.0,1.3,100.0,0.0,3.4,100.0,0.0
2025-12-26,0.0,0.7,92.0,0.0,0.3,100.0,,,,0.0,3.2,100.0,0.0,3.0,100.0,0.0
2025-12-27,,,,,,,,,,0.0,2.5,100.0,0.0,3.5,100.0,0.0
2025-12-28,,,,,,,,,,,,,0.0,4.6,100.0,0.0
2025-12-29,0.0,0.8,92.4,,,,,,,,,,0.0,5.4,100.0,0.0
2025-12-30,0.0,1.5,99.3,,,,,,,,,,0.0,5.6,100.0,0.0
2025-12-31,0.0,1.8,96.6,0.0,0.6,100.0,,,,,,,0.0,6.6,100.0,0.0
2026-01-01,0.0,0.7,94.7,,,,0.0,0.4,98.1,,,,0.0,4.3,100.0,0.0
2026-01-02,,,,,,,,,,0.0,8.4,100.0,0.0,4.5,100.0,0.0
2026-01-03,,,,,,,,,,0.0,14.1,100.0,0.0,4.6,100.0,0.0
2026-01-04,0.0,0.9,94.1,,,,,,,,,,0.0,5.2,100.0,0.0
2026-01-05,0.0,2.1,99.7,0.0,0.7,100.0,,,,,,,0.0,6.5,100.0,0.0
2026-01-06,0.0,5.5,99.2,,,,,,,,,,0.0,7.3,100.0,0.0
2026-01-07,0.0,4.5,95.2,,,,,,,26.1,39.6,100.0,0.0,7.9,100.0,0.0
2026-01-08,,,,,,,,,,,,,0.0,8.9,100.0,0.0
2026-01-09,,,,,,,,,,,,,0.0,11.3,100.0,0.0
2026-01-10,1.5,9.3,94.2,,,,,,,,,,0.0,10.6,100.0,0.0
2026-01-11,1.9,9.7,99.9,,,,,,,,,,0.0,11.0,100.0,0.0
2026-01-12,1.8,9.8,99.6,,,,,,,24.0,40.2,100.0,0.0,9.2,100.0,0.0
2026-01-13,0.4,5.0,95.2,,,,,,,,,,0.1,10.4,100.0,0.1
2026-01-14,,,,,,,,,,,,,0.0,8.5,100.0,0.0
2026-01-15,,,,7.3,13.9,100.0,,,,,,,0.1,8.2,100.0,0.1
2026-01-16,1.9,5.4,93.9,,,,,,,,,,0.0,6.8,100.0,0.0
2026-01-17,0.3,4.2,99.9,,,,,,,,,,0.1,8.0,100.0,0.1
2026-01-18,0.2,3.2,99.5,,,,0.7,2.9,95.4,87.7,65.7,100.0,0.0,6.7,100.0,0.0
2026-01-19,0.0,1.1,94.7,,,,,,,,,,0.0,7.9,100.0,0.0
2026-01-20,,,,9.1,26.0,100.0,,,,,,,0.0,6.4,100.0,0.0
2026-01-21,,,,,,,,,,,,,0.0,7.0,100.0,0.0
2026-01-22,0.0,1.2,93.8,,,,,,,,,,0.0,6.5,100.0,0.0
2026-01-23,0.0,1.2,99.9,,,,,,,,,,0.0,7.5,100.0,0.0
2026-01-24,0.0,1.2,99.4,,,,,,,,,,0.0,7.6,100.0,0.0
2026-01-25,0.0,1.2,94.9,,,,,,,,,,0.0,10.3,100.0,0.0
2026-01-26,,,,,,,,,,,,,0.0,16.1,100.0,0.0
2026-01-27,,,,,,,,,,,,,0.0,23.8,100.0,0.0
2026-01-28,0.0,1.8,93.7,,,,,,,,,,0.0,30.3,100.0,0.0
2026-01-29,0.0,4.5,99.9,,,,,,,,,,0.2,38.1,100.0,0.2
2026-01-30,0.0,9.2,98.9,,,,,,,100.0,78.6,36.5,4.1,47.1,100.0,4.1
2026-01-31,0.1,13.0,95.3,,,,,,,99.8,74.6,100.0,35.0,57.1,100.0,35.0
2026-02-01,,,,,,,,,,,,,75.7,63.6,100.0,75.7
2026-02-02,,,,,,,96.3,74.9,93.6,,,,92.3,68.2,100.0,92.3
2026-02-03,0.7,14.1,93.7,,,,,,,100.0,88.9,100.0,97.6,74.5,100.0,97.6
2026-02-04,3.2,18.0,100.0,,,,,,,,,,97.7,76.7,100.0,97.7
2026-02-05,9.8,20.3,99.3,,,,,,,,,,98.3,79.1,100.0,98.3
2026-02-06,9.9,18.2,94.2,,,,,,,,,,96.0,77.7,100.0,96.0
2026-02-07,,,,,,,,,,,,,94.3,77.5,100.0,94.3
2026-02-08,,,,,,,,,,100.0,89.6,100.0,85.0,73.7,100.0,85.0
2026-02-09,5.9,16.0,94.1,98.3,90.4,100.0,,,,100.0,93.9,100.0,85.1,75.0,100.0,85.1
2026-02-10,15.4,20.9,99.7,,,,,,,,,,69.1,66.6,100.0,69.1
2026-02-11,16.3,20.9,98.2,,,,,,,,,,66.1,65.1,100.0,66.1
2026-02-12,0.2,6.1,94.2,,,,,,,,,,49.5,59.2,100.0,49.5
2026-02-13,,,,,,,,,,,,,47.1,57.0,100.0,47.1
2026-02-14,,,,,,,,,,100.0,95.9,100.0,35.0,50.5,100.0,35.0
2026-02-15,0.8,5.7,93.7,,,,,,,,,,37.3,53.1,100.0,37.3
2026-02-16,0.8,5.2,100.0,,,,,,,,,,30.0,50.9,100.0,30.0
2026-02-17,0.8,5.9,99.6,,,,,,,,,,26.8,51.5,100.0,26.8
2026-02-18,0.9,4.4,93.1,,,,,,,,,,44.4,58.6,100.0,44.4
2026-02-19,,,,,,,,,,,,,75.9,65.7,100.0,75.9
2026-02-20,,,,,,,,,,,,,97.9,75.2,100.0,97.9
2026-02-21,0.4,4.7,93.6,,,,,,,100.0,98.0,100.0,98.7,80.9,100.0,98.7
2026-02-22,1.8,7.6,100.0,,,,,,,100.0,98.4,100.0,99.3,86.6,100.0,99.3
2026-02-23,3.2,14.4,99.2,,,,,,,100.0,99.1,100.0,100.0,92.7,100.0,100.0
2026-02-24,5.6,18.7,99.2,,,,,,,,,,100.0,94.4,100.0,100.0
2026-02-25,,,,,,,,,,,,,100.0,96.2,100.0,100.0
2026-02-26,,,,,,,100.0,99.9,100.0,100.0,99.2,100.0,100.0,97.6,100.0,100.0
2026-02-27,11.8,29.2,94.2,,,,100.0,99.9,100.0,,,,100.0,98.4,100.0,100.0
2026-02-28,65.9,48.2,99.9,,,,,,,,,,100.0,98.5,100.0,100.0
2026-03-01,95.5,71.5,99.9,99.0,98.7,95.5,,,,100.0,99.3,100.0,100.0,99.0,100.0,100.0
2026-03-02,97.8,80.0,96.2,,,,,,,,,,100.0,99.2,100.0,100.0
2026-03-03,,,,,,,,,,,,,100.0,99.2,100.0,100.0
2026-03-04,,,,,,,,,,100.0,99.4,93.3,100.0,99.3,100.0,100.0
2026-03-05,97.4,77.6,94.8,,,,,,,,,,100.0,99.5,100.0,100.0
2026-03-06,99.3,84.0,100.0,98.8,98.8,100.0,100.0,99.8,96.2,,,,100.0,99.7,100.0,100.0
2026-03-07,99.4,85.6,99.7,,,,100.0,99.6,94.1,,,,100.0,99.7,100.0,100.0
2026-03-08,99.4,87.0,98.2,,,,,,,,,,100.0,99.7,100.0,100.0
2026-03-09,,,,,,,,,,,,,100.0,99.7,100.0,100.0
2026-03-10,,,,,,,,,,100.0,99.2,100.0,100.0,99.7,100.0,100.0
2026-03-11,99.6,87.9,95.2,,,,,,,,,,100.0,99.7,100.0,100.0
2026-03-12,100.0,90.7,100.0,,,,,,,,,,100.0,99.7,100.0,100.0
2026-03-13,100.0,92.4,99.7,99.9,99.4,100.0,,,,,,,100.0,99.8,100.0,100.0
2026-03-14,100.0,93.2,96.0,,,,,,,,,,100.0,99.7,100.0,100.0
2026-03-15,,,,,,,,,,,,,100.0,99.7,100.0,100.0
2026-03-16,,,,100.0,99.5,100.0,,,,,,,100.0,99.7,100.0,100.0
2026-03-17,100.0,94.2,93.8,,,,,,,,,,100.0,99.7,100.0,100.0
2026-03-18,100.0,94.3,100.0,,,,,,,,,,100.0,99.7,100.0,100.0
2026-03-19,100.0,93.8,99.6,,,,,,,,,,100.0,99.6,100.0,100.0
2026-03-20,100.0,93.2,96.0,,,,,,,100.0,99.5,100.0,100.0,99.6,100.0,100.0
2026-03-21,,,,100.0,99.9,35.6,,,,,,,100.0,99.5,100.0,100.0
2026-03-22,,,,,,,,,,,,,100.0,99.3,100.0,100.0
2026-03-23,100.0,93.1,92.7,,,,,,,,,,100.0,99.2,100.0,100.0
2026-03-24,100.0,92.6,99.8,,,,,,,100.0,99.5,100.0,100.0,99.1,100.0,100.0
2026-03-25,100.0,90.7,99.2,,,,,,,,,,100.0,98.9,100.0,100.0
2026-03-26,99.9,81.8,95.2,,,,,,,,,,100.0,98.5,100.0,100.0
2026-03-27,,,,,,,,,,,,,100.0,98.2,100.0,100.0
2026-03-28,,,,,,,,,,100.0,99.6,100.0,100.0,98.2,100.0,100.0
2026-03-29,99.5,77.6,92.2,,,,,,,,,,100.0,97.8,100.0,100.0
2026-03-30,98.7,74.7,99.4,,,,,,,,,,100.0,98.0,100.0,100.0
2026-03-31,93.7,70.0,99.2,,,,,,,,,,100.0,98.0,100.0,100.0
2026-04-01,57.3,46.0,94.7,,,,,,,,,,100.0,98.4,100.0,100.0
2026-04-02,,,,,,,,,,,,,100.0,98.1,100.0,100.0
2026-04-03,,,,,,,,,,,,,100.0,98.4,100.0,100.0
2026-04-04,46.5,41.2,93.2,,,,,,,100.0,99.1,100.0,100.0,98.7,100.0,100.0
2026-04-05,,,,100.0,99.7,100.0,,,,100.0,99.4,100.0,100.0,99.2,100.0,100.0
2026-04-06,63.7,48.6,99.2,,,,,,,100.0,98.9,100.0,100.0,98.9,100.0,100.0
2026-04-07,77.5,57.8,99.3,,,,100.0,99.8,89.9,100.0,99.2,100.0,100.0,99.2,100.0,100.0
2026-04-08,,,,,,,100.0,99.8,89.2,100.0,98.6,100.0,100.0,99.1,100.0,100.0
2026-04-09,,,,,,,,,,100.0,99.0,100.0,100.0,99.2,100.0,100.0
2026-04-10,75.2,55.3,95.7,,,,,,,,,,100.0,99.0,100.0,100.0
2026-04-11,83.3,63.2,99.1,,,,,,,,,,100.0,99.2,100.0,100.0
2026-04-12,84.3,66.0,99.1,,,,,,,,,,100.0,99.0,100.0,100.0
2026-04-13,87.2,68.4,96.5,,,,,,,,,,100.0,99.1,100.0,100.0
2026-04-14,,,,,,,,,,100.0,97.8,100.0,100.0,98.9,100.0,100.0
2026-04-15,,,,100.0,99.4,100.0,100.0,98.2,86.6,,,,100.0,99.2,100.0,100.0
2026-04-16,83.1,65.0,95.5,,,,,,,100.0,98.5,100.0,100.0,99.0,100.0,100.0
2026-04-17,89.9,70.6,99.6,,,,,,,100.0,96.2,100.0,100.0,99.0,100.0,100.0
2026-04-18,91.5,70.1,99.1,,,,,,,,,,100.0,98.9,100.0,100.0
2026-04-19,87.7,64.1,97.3,,,,,,,,,,100.0,98.7,100.0,100.0
2026-04-20,84.2,58.7,96.7,99.7,97.4,100.0,,,,100.0,96.8,100.0,100.0,98.8,100.0,100.0
2026-04-21,,,,,,,,,,,,,100.0,98.1,100.0,100.0
2026-04-22,87.8,61.3,94.7,99.2,95.3,100.0,,,,,,,100.0,98.2,100.0,100.0
2026-04-23,91.6,66.0,99.8,,,,,,,,,,100.0,97.1,100.0,100.0
2026-04-24,78.0,55.4,99.9,,,,,,,100.0,91.9,100.0,100.0,96.2,100.0,100.0
2026-04-25,56.1,45.9,99.5,96.4,86.6,100.0,,,,100.0,89.0,100.0,100.0,94.8,100.0,100.0
2026-04-26,,,,,,,,,,98.3,77.3,100.0,99.9,91.8,100.0,99.9
2026-04-27,,,,,,,,,,93.1,68.3,100.0,97.7,87.2,100.0,97.7
2026-04-28,21.5,32.3,94.6,,,,,,,,,,96.7,83.1,100.0,96.7
2026-04-29,12.3,21.6,100.0,,,,,,,,,,94.5,78.0,100.0,94.5
2026-04-30,3.6,12.4,99.1,37.4,43.3,100.0,,,,40.8,44.3,100.0,85.5,71.5,100.0,85.5
2026-05-01,1.1,5.9,93.5,,,,,,,,,,52.8,58.7,100.0,52.8
2026-05-02,0.3,3.6,91.1,0.0,8.6,51.7,,,,,,,23.2,47.8,100.0,23.2
2026-05-03,,,,,,,,,,,,,11.2,40.7,100.0,11.2
2026-05-04,0.8,3.8,93.9,,,,,,,,,,4.3,31.1,100.0,4.3
2026-05-05,0.2,3.7,99.8,,,,,,,,,,1.3,24.3,100.0,1.3
2026-05-06,0.0,2.4,100.0,,,,,,,,,,0.1,16.1,100.0,0.1
2026-05-07,0.0,2.7,99.2,,,,,,,0.8,15.8,100.0,0.0,13.7,100.0,0.0
2026-05-08,,,,,,,,,,,,,0.0,10.8,100.0,0.0
2026-05-09,,,,,,,,,,,,,0.0,9.7,100.0,0.0
2026-05-10,,,,,,,,,,,,,0.0,8.7,100.0,0.0
2026-05-11,0.0,1.5,99.9,,,,,,,,,,0.0,8.7,100.0,0.0
2026-05-12,0.0,1.3,99.6,,,,,,,,,,0.0,8.7,100.0,0.0
2026-05-13,0.0,1.2,92.9,,,,,,,,,,0.0,8.9,100.0,0.0
2026-05-14,0.0,1.1,94.5,,,,,,,,,,0.0,7.5,100.0,0.0
2026-05-15,,,,,,,,,,,,,0.0,8.4,100.0,0.0
2026-05-16,0.0,1.3,96.7,,,,,,,,,,0.0,7.8,100.0,0.0
2026-05-17,0.0,2.0,99.8,,,,,,,,,,0.0,6.9,100.0,0.0
2026-05-18,0.3,3.2,100.0,,,,,,,,,,0.0,5.6,100.0,0.0
2026-05-19,0.2,2.6,99.7,,,,,,,,,,0.0,6.0,100.0,0.0
2026-05-20,,,,,,,,,,,,,0.0,7.0,100.0,0.0
2026-05-21,,,,,,,,,,,,,0.0,5.8,100.0,0.0
2026-05-22,1.0,2.7,94.4,0.0,0.3,100.0,,,,0.0,2.6,100.0,0.0,4.0,100.0,0.0
2026-05-23,5.3,5.5,99.7,,,,,,,,,,0.0,4.6,100.0,0.0
2026-05-24,,,,,,,,,,,,,0.0,6.1,100.0,0.0
2026-05-25,0.2,2.7,91.4,0.0,0.0,100.0,,,,,,,0.0,5.0,100.0,0.0
2026-05-26,1.5,9.9,92.2,,,,,,,0.0,1.2,100.0,0.0,3.9,100.0,0.0
2026-05-27,,,,,,,,,,,,,0.0,5.0,100.0,0.0
2026-05-28,62.4,46.7,94.3,,,,,,,,,,0.0,11.6,100.0,0.0
2026-05-29,89.6,65.5,99.7,,,,,,,,,,0.0,11.5,100.0,0.0
2026-05-30,57.5,49.1,100.0,0.0,0.0,100.0,,,,,,,0.0,10.6,100.0,0.0
2026-05-31,20.8,28.7,100.0,,,,,,,,,,0.0,13.4,100.0,0.0
2026-06-01,,,,,,,,,,,,,,,,
2026-06-02,,,,,,,,,,,,,,,,
2026-06-03,5.2,16.7,93.4,,,,,,,,,,,,,
2026-06-04,6.1,9.9,100.0,,,,,,,,,,,,,
2026-06-05,,,,,,,,,,0.0,0.5,59.8,,,,
2026-06-06,1.5,6.0,91.8,,,,,,,,,,,,,
2026-06-07,3.6,5.6,93.2,,,,,,,,,,,,,
2026-06-08,,,,,,,,,,0.0,1.1,99.0,,,,
2026-06-09,0.0,2.1,93.7,,,,,,,,,,,,,
2026-06-10,,,,,,,,,,,,,,,,
2026-06-11,1.3,3.1,99.7,,,,,,,,,,,,,
2026-06-12,0.1,1.6,98.8,,,,,,,,,,,,,
2026-06-13,,,,,,,,,,,,,,,,
2026-06-14,,,,,,,,,,,,,,,,
2026-06-15,,,,,,,,,,0.0,0.2,100.0,,,,
2026-06-16,0.0,1.0,99.7,,,,,,,0.0,0.2,100.0,,,,
2026-06-17,0.0,1.1,97.7,,,,,,,,,,,,,
2026-06-18,,,,,,,,,,,,,,,,
2026-06-19,0.0,0.7,93.0,0.0,0.0,100.0,,,,0.0,0.2,100.0,,,,
2026-06-20,,,,,,,,,,,,,,,,
2026-06-21,0.0,0.5,93.4,0.0,0.1,99.7,,,,0.0,1.5,100.0,,,,
2026-06-22,,,,,,,,,,0.0,0.7,100.0,,,,
2026-06-23,0.0,0.6,99.7,,,,,,,,,,,,,
2026-06-24,0.0,0.6,97.9,0.0,0.3,64.2,,,,,,,,,,
2026-06-25,0.0,0.4,92.5,,,,,,,,,,,,,
2026-06-26,,,,,,,,,,,,,,,,
2026-06-27,,,,,,,,,,0.0,2.2,100.0,,,,
2026-06-28,0.0,2.0,99.7,,,,,,,,,,,,,
2026-06-29,0.0,6.3,99.9,,,,,,,,,,,,,
2026-06-30,0.2,13.5,99.2,,,,,,,,,,,,,
2026-07-01,,,,,,,,,,,,,,,,
2026-07-02,,,,,,,,,,,,,,,,
2026-07-03,,,,,,,,,,,,,,,,
2026-07-04,,,,,,,,,,,,,,,,
2026-07-05,,,,,,,,,,,,,,,,
2026-07-06,,,,,,,,,,,,,,,,
2026-07-07,,,,,,,,,,,,,,,,
2026-07-08,,,,,,,,,,,,,,,,
2026-07-09,,,,,,,,,,0.0,9.4,100.0,,,,
