date,s1_ice_cover,s1_ice_probability,s1_data_coverage,s2_ice_cover,s2_ice_probability,s2_data_coverage,landsat_ice_cover,landsat_ice_probability,landsat_data_coverage,ecostress_ice_cover,ecostress_ice_probability,ecostress_data_coverage,stage2_ice_cover,stage2_ice_probability,stage2_data_coverage,stage2_phenology_cover
2015-06-27,90.8,59.6,99.7,0.0,3.7,66.8,,,,,,,0.0,21.0,100.0,0.0
2015-06-28,,,,,,,,,,,,,0.0,16.8,100.0,0.0
2015-06-29,,,,,,,,,,,,,0.0,14.8,100.0,0.0
2015-06-30,,,,,,,,,,,,,0.0,13.3,100.0,0.0
2015-07-01,81.7,53.8,99.6,,,,,,,,,,0.0,7.0,100.0,0.0
2015-07-02,,,,,,,,,,,,,0.0,6.1,100.0,0.0
2015-07-03,,,,,,,,,,,,,0.0,5.7,100.0,0.0
2015-07-04,94.4,73.5,99.7,,,,,,,,,,0.0,5.6,100.0,0.0
2015-07-05,,,,,,,,,,,,,0.0,4.3,100.0,0.0
2015-07-06,,,,,,,,,,,,,0.0,3.9,100.0,0.0
2015-07-07,,,,,,,,,,,,,0.0,3.5,100.0,0.0
2015-07-08,81.7,57.9,100.0,,,,,,,,,,0.0,3.0,100.0,0.0
2015-07-09,88.5,65.0,99.6,,,,,,,,,,0.0,1.7,100.0,0.0
2015-07-10,,,,,,,,,,,,,0.0,1.4,100.0,0.0
2015-07-11,,,,,,,,,,,,,0.0,1.1,100.0,0.0
2015-07-12,,,,,,,,,,,,,0.0,0.9,100.0,0.0
2015-07-13,81.5,60.0,99.7,,,,,,,,,,0.0,0.9,100.0,0.0
2015-07-14,,,,,,,,,,,,,0.0,0.7,100.0,0.0
2015-07-15,,,,,,,0.0,0.1,100.0,,,,0.0,0.6,100.0,0.0
2015-07-16,82.2,59.8,99.9,,,,,,,,,,0.0,0.5,100.0,0.0
2015-07-17,,,,,,,,,,,,,0.0,0.4,100.0,0.0
2015-07-18,,,,,,,,,,,,,0.0,0.3,100.0,0.0
2015-07-19,,,,,,,,,,,,,0.0,0.4,100.0,0.0
2015-07-20,53.4,42.1,100.0,,,,,,,,,,0.0,0.3,100.0,0.0
2015-07-21,33.0,33.7,99.7,,,,,,,,,,0.0,0.3,100.0,0.0
2015-07-22,,,,,,,0.0,0.0,47.3,,,,0.0,0.3,100.0,0.0
2015-07-23,,,,,,,,,,,,,0.0,0.3,100.0,0.0
2015-07-24,,,,,,,,,,,,,0.0,0.2,100.0,0.0
2015-07-25,21.1,27.8,100.0,,,,,,,,,,0.0,0.2,100.0,0.0
2015-07-26,,,,,,,,,,,,,0.0,0.2,100.0,0.0
2015-07-27,,,,,,,,,,,,,0.0,0.2,100.0,0.0
2015-07-28,13.7,25.7,99.7,,,,,,,,,,0.0,0.1,100.0,0.0
2015-07-29,,,,,,,,,,,,,0.0,0.1,100.0,0.0
2015-07-30,,,,,,,,,,,,,0.0,0.1,100.0,0.0
2015-07-31,,,,,,,0.0,0.0,100.0,,,,0.0,0.1,100.0,0.0
2015-08-01,2.5,17.2,99.5,,,,,,,,,,0.0,0.1,100.0,0.0
2015-08-02,3.6,16.7,100.0,,,,,,,,,,0.0,0.1,100.0,0.0
2015-08-03,,,,,,,,,,,,,0.0,0.1,100.0,0.0
2015-08-04,,,,,,,,,,,,,0.0,0.1,100.0,0.0
2015-08-05,,,,,,,,,,,,,0.0,0.0,100.0,0.0
2015-08-06,1.9,12.7,99.9,0.0,0.4,100.0,,,,,,,0.0,0.0,100.0,0.0
2015-08-07,,,,,,,0.0,0.0,100.0,,,,0.0,0.0,100.0,0.0
2015-08-08,,,,,,,,,,,,,0.0,0.0,100.0,0.0
2015-08-09,,,,,,,,,,,,,0.0,0.0,100.0,0.0
2015-08-10,,,,,,,,,,,,,0.0,0.0,100.0,0.0
2015-08-11,,,,,,,,,,,,,0.0,0.0,100.0,0.0
2015-08-12,,,,,,,,,,,,,0.0,0.0,100.0,0.0
2015-08-13,2.4,11.8,100.0,,,,,,,,,,0.0,0.1,100.0,0.0
2015-08-14,1.7,8.5,99.7,,,,,,,,,,0.0,0.1,100.0,0.0
2015-08-15,,,,,,,,,,,,,0.0,0.3,100.0,0.0
2015-08-16,,,,,,,,,,,,,0.0,0.4,100.0,0.0
2015-08-17,,,,,,,,,,,,,0.0,0.5,100.0,0.0
2015-08-18,2.2,9.0,98.0,,,,,,,,,,0.0,0.6,100.0,0.0
2015-08-19,,,,,,,,,,,,,0.0,0.9,100.0,0.0
2015-08-20,,,,,,,,,,,,,0.0,1.0,100.0,0.0
2015-08-21,,,,,,,,,,,,,0.0,0.8,100.0,0.0
2015-08-22,,,,,,,,,,,,,0.0,0.7,100.0,0.0
2015-08-23,,,,,,,,,,,,,0.0,1.4,100.0,0.0
2015-08-24,,,,,,,,,,,,,0.0,1.4,100.0,0.0
2015-08-25,1.9,9.6,98.1,,,,,,,,,,0.0,0.8,100.0,0.0
2015-08-26,2.0,10.0,98.1,0.0,0.0,100.0,,,,,,,0.0,0.5,100.0,0.0
2015-08-27,,,,,,,,,,,,,0.0,0.6,100.0,0.0
2015-08-28,,,,,,,,,,,,,0.0,0.5,100.0,0.0
2015-08-29,,,,,,,,,,,,,0.0,0.4,100.0,0.0
2015-08-30,1.4,9.1,98.3,,,,,,,,,,0.0,0.3,100.0,0.0
2015-08-31,,,,,,,,,,,,,0.0,0.3,100.0,0.0
2015-09-01,,,,,,,0.0,0.0,36.5,,,,0.0,0.3,100.0,0.0
2015-09-02,,,,,,,,,,,,,0.0,0.2,100.0,0.0
2015-09-03,,,,,,,,,,,,,0.0,0.3,100.0,0.0
2015-09-04,,,,,,,,,,,,,0.0,0.3,100.0,0.0
2015-09-05,,,,,,,,,,,,,0.0,0.3,100.0,0.0
2015-09-06,1.2,10.3,98.4,,,,,,,,,,0.0,0.4,100.0,0.0
2015-09-07,1.1,9.4,98.3,,,,,,,,,,0.0,0.4,100.0,0.0
2015-09-08,,,,,,,0.0,0.0,100.0,,,,0.0,0.4,100.0,0.0
2015-09-09,,,,,,,,,,,,,0.0,0.3,100.0,0.0
2015-09-10,,,,,,,,,,,,,0.0,0.4,100.0,0.0
2015-09-11,0.9,8.0,98.3,,,,,,,,,,0.0,0.4,100.0,0.0
2015-09-12,,,,,,,,,,,,,0.0,0.8,100.0,0.0
2015-09-13,,,,,,,,,,,,,0.0,0.9,100.0,0.0
2015-09-14,,,,,,,,,,,,,0.0,1.0,100.0,0.0
2015-09-15,,,,0.0,0.1,100.0,,,,,,,0.0,1.1,100.0,0.0
2015-09-16,,,,,,,,,,,,,0.0,1.9,100.0,0.0
2015-09-17,,,,,,,,,,,,,0.0,1.7,100.0,0.0
2015-09-18,0.9,6.7,98.4,,,,,,,,,,0.0,1.7,100.0,0.0
2015-09-19,0.7,5.7,98.4,,,,,,,,,,0.0,1.8,100.0,0.0
2015-09-20,,,,,,,,,,,,,0.0,2.4,100.0,0.0
2015-09-21,,,,,,,,,,,,,0.0,2.1,100.0,0.0
2015-09-22,,,,,,,,,,,,,0.0,2.4,100.0,0.0
2015-09-23,0.8,5.8,98.5,,,,,,,,,,0.0,2.6,100.0,0.0
2015-09-24,,,,,,,,,,,,,0.0,4.3,100.0,0.0
2015-09-25,,,,0.0,0.2,76.4,,,,,,,0.0,3.7,100.0,0.0
2015-09-26,,,,,,,,,,,,,0.0,2.0,100.0,0.0
2015-09-27,,,,,,,,,,,,,0.0,2.0,100.0,0.0
2015-09-28,,,,,,,,,,,,,0.0,2.0,100.0,0.0
2015-09-29,,,,,,,,,,,,,0.0,1.8,100.0,0.0
2015-09-30,0.7,5.1,98.4,,,,,,,,,,0.0,1.5,100.0,0.0
2015-10-01,0.4,4.7,98.5,,,,,,,,,,0.0,1.5,100.0,0.0
2015-10-02,,,,,,,,,,,,,0.0,1.2,100.0,0.0
2015-10-03,,,,,,,,,,,,,0.0,1.2,100.0,0.0
2015-10-04,,,,,,,,,,,,,0.0,0.7,100.0,0.0
2015-10-05,0.5,5.3,98.3,,,,,,,,,,0.0,0.6,100.0,0.0
2015-10-06,,,,,,,,,,,,,0.0,0.4,100.0,0.0
2015-10-07,,,,,,,,,,,,,0.0,0.3,100.0,0.0
2015-10-08,,,,,,,,,,,,,0.0,0.2,100.0,0.0
2015-10-09,,,,,,,,,,,,,0.0,0.2,100.0,0.0
2015-10-10,,,,,,,0.0,0.0,100.0,,,,0.0,0.2,100.0,0.0
2015-10-11,,,,,,,,,,,,,0.0,0.2,100.0,0.0
2015-10-12,0.5,4.5,98.3,,,,,,,,,,0.0,0.2,100.0,0.0
2015-10-13,0.4,4.7,98.3,,,,,,,,,,0.0,0.2,100.0,0.0
2015-10-14,,,,,,,,,,,,,0.0,0.3,100.0,0.0
2015-10-15,,,,,,,,,,,,,0.0,0.4,100.0,0.0
2015-10-16,,,,,,,,,,,,,0.0,0.4,100.0,0.0
2015-10-17,0.3,4.1,98.0,,,,,,,,,,0.0,0.5,100.0,0.0
2015-10-18,,,,,,,,,,,,,0.0,0.8,100.0,0.0
2015-10-19,,,,,,,,,,,,,0.0,1.0,100.0,0.0
2015-10-20,0.3,4.4,98.4,,,,,,,,,,0.0,0.8,100.0,0.0
2015-10-21,,,,,,,,,,,,,0.0,0.8,100.0,0.0
2015-10-22,,,,,,,,,,,,,0.0,0.9,100.0,0.0
2015-10-23,,,,,,,,,,,,,0.0,0.9,100.0,0.0
2015-10-24,0.3,3.1,98.4,,,,,,,,,,0.0,0.8,100.0,0.0
2015-10-25,0.1,3.1,98.4,,,,,,,,,,0.0,0.8,100.0,0.0
2015-10-26,,,,,,,0.0,0.0,69.9,,,,0.0,1.2,100.0,0.0
2015-10-27,,,,,,,,,,,,,0.0,1.3,100.0,0.0
2015-10-28,,,,,,,,,,,,,0.0,1.1,100.0,0.0
2015-10-29,0.0,2.6,98.4,,,,,,,,,,0.0,1.3,100.0,0.0
2015-10-30,,,,,,,,,,,,,0.0,1.4,100.0,0.0
2015-10-31,,,,,,,,,,,,,0.0,1.2,100.0,0.0
2015-11-01,0.1,2.8,98.5,,,,,,,,,,0.0,1.1,100.0,0.0
2015-11-02,,,,,,,,,,,,,0.0,1.3,100.0,0.0
2015-11-03,,,,,,,,,,,,,0.0,1.6,100.0,0.0
2015-11-04,,,,,,,,,,,,,0.0,1.7,100.0,0.0
2015-11-05,0.1,2.2,98.5,,,,,,,,,,0.0,1.3,100.0,0.0
2015-11-06,0.0,1.7,98.1,,,,,,,,,,0.0,1.2,100.0,0.0
2015-11-07,,,,,,,,,,,,,0.0,1.4,100.0,0.0
2015-11-08,,,,,,,,,,,,,0.0,1.0,100.0,0.0
2015-11-09,,,,,,,,,,,,,0.0,0.9,100.0,0.0
2015-11-10,0.0,2.1,98.4,,,,,,,,,,0.0,0.9,100.0,0.0
2015-11-11,,,,,,,0.0,0.0,85.5,,,,0.0,1.3,100.0,0.0
2015-11-12,,,,,,,,,,,,,0.0,1.3,100.0,0.0
2015-11-13,,,,,,,,,,,,,0.0,1.3,100.0,0.0
2015-11-14,,,,0.0,0.1,100.0,,,,,,,0.0,1.4,100.0,0.0
2015-11-15,,,,,,,,,,,,,0.0,2.2,100.0,0.0
2015-11-16,,,,,,,,,,,,,0.0,2.0,100.0,0.0
2015-11-17,0.0,1.3,98.5,,,,,,,,,,0.0,2.1,100.0,0.0
2015-11-18,0.0,1.6,98.5,,,,,,,,,,0.0,2.4,100.0,0.0
2015-11-19,,,,,,,,,,,,,0.0,4.0,100.0,0.0
2015-11-20,,,,,,,,,,,,,0.0,4.2,100.0,0.0
2015-11-21,,,,,,,,,,,,,0.0,3.9,100.0,0.0
2015-11-22,0.0,1.2,97.2,,,,,,,,,,0.0,4.6,100.0,0.0
2015-11-23,,,,,,,,,,,,,0.0,5.7,100.0,0.0
2015-11-24,,,,0.0,0.2,100.0,,,,,,,0.0,4.9,100.0,0.0
2015-11-25,0.0,1.4,97.2,,,,,,,,,,0.0,5.0,100.0,0.0
2015-11-26,,,,,,,,,,,,,0.0,5.5,100.0,0.0
2015-11-27,,,,,,,0.0,0.5,99.5,,,,0.0,6.5,100.0,0.0
2015-11-28,,,,,,,,,,,,,0.0,7.2,100.0,0.0
2015-11-29,0.0,1.3,97.2,,,,,,,,,,0.0,7.0,100.0,0.0
2015-11-30,0.0,1.5,96.9,,,,,,,,,,0.0,8.4,100.0,0.0
2015-12-01,,,,,,,,,,,,,0.0,11.6,100.0,0.0
2015-12-02,,,,,,,,,,,,,0.0,14.9,100.0,0.0
2015-12-03,,,,,,,,,,,,,0.0,13.9,100.0,0.0
2015-12-04,0.0,2.8,97.2,0.4,3.1,100.0,,,,,,,0.4,17.2,100.0,0.4
2015-12-05,,,,,,,,,,,,,0.0,18.1,100.0,0.0
2015-12-06,,,,,,,1.1,2.8,92.4,,,,0.8,22.6,100.0,0.8
2015-12-07,0.1,2.6,97.2,,,,,,,,,,0.9,22.6,100.0,0.9
2015-12-08,,,,,,,,,,,,,1.6,24.8,100.0,1.6
2015-12-09,,,,,,,,,,,,,2.0,28.3,100.0,2.0
2015-12-10,,,,,,,,,,,,,7.4,35.7,100.0,7.4
2015-12-11,,,,,,,,,,,,,8.1,34.5,100.0,8.1
2015-12-12,0.1,3.5,97.2,,,,,,,,,,14.6,35.9,100.0,14.6
2015-12-13,,,,,,,17.5,21.8,90.4,,,,29.0,42.9,100.0,29.0
2015-12-14,,,,,,,,,,,,,26.2,44.1,100.0,26.2
2015-12-15,,,,,,,,,,,,,38.4,50.0,100.0,38.4
2015-12-16,0.3,3.6,97.1,,,,,,,,,,36.9,50.3,100.0,36.9
2015-12-17,,,,,,,,,,,,,47.8,56.1,100.0,47.8
2015-12-18,,,,,,,,,,,,,57.8,60.6,100.0,57.8
2015-12-19,0.7,8.7,97.1,,,,,,,,,,68.9,65.7,100.0,68.9
2015-12-20,,,,,,,,,,,,,83.7,70.5,100.0,83.7
2015-12-21,,,,,,,,,,,,,99.6,77.3,100.0,99.6
2015-12-22,,,,,,,,,,,,,100.0,80.0,100.0,100.0
2015-12-23,52.2,45.8,97.2,,,,,,,,,,100.0,86.5,100.0,100.0
2015-12-24,99.6,82.3,97.1,98.0,82.0,98.7,,,,,,,100.0,88.6,100.0,100.0
2015-12-25,,,,,,,,,,,,,100.0,89.2,100.0,100.0
2015-12-26,,,,,,,,,,,,,100.0,90.7,100.0,100.0
2015-12-27,,,,,,,,,,,,,100.0,92.1,100.0,100.0
2015-12-28,99.6,93.9,97.2,,,,,,,,,,100.0,93.4,100.0,100.0
2015-12-29,,,,,,,100.0,99.1,87.5,,,,100.0,94.5,100.0,100.0
2015-12-30,,,,,,,,,,,,,99.9,94.6,100.0,99.9
2015-12-31,,,,,,,,,,,,,99.9,94.9,100.0,99.9
2016-01-01,,,,,,,,,,,,,100.0,94.2,100.0,100.0
2016-01-02,,,,,,,,,,,,,100.0,94.0,100.0,100.0
2016-01-03,,,,100.0,99.0,100.0,,,,,,,100.0,94.6,100.0,100.0
2016-01-04,100.0,97.2,98.2,,,,,,,,,,100.0,94.4,100.0,100.0
2016-01-05,,,,,,,,,,,,,100.0,94.3,100.0,100.0
2016-01-06,,,,,,,,,,,,,100.0,94.3,100.0,100.0
2016-01-07,,,,,,,,,,,,,100.0,94.2,100.0,100.0
2016-01-08,,,,,,,,,,,,,100.0,94.7,100.0,100.0
2016-01-09,100.0,98.9,98.2,,,,,,,,,,100.0,95.9,100.0,100.0
2016-01-10,,,,,,,,,,,,,100.0,95.3,100.0,100.0
2016-01-11,,,,,,,,,,,,,100.0,94.4,100.0,100.0
2016-01-12,100.0,99.7,98.3,,,,,,,,,,100.0,95.0,100.0,100.0
2016-01-13,,,,,,,,,,,,,99.9,94.5,100.0,99.9
2016-01-14,,,,,,,,,,,,,100.0,94.3,100.0,100.0
2016-01-15,,,,,,,,,,,,,99.9,94.0,100.0,99.9
2016-01-16,100.0,99.8,98.1,,,,,,,,,,100.0,95.6,100.0,100.0
2016-01-17,100.0,99.8,97.7,,,,,,,,,,100.0,96.1,100.0,100.0
2016-01-18,,,,,,,,,,,,,100.0,95.7,100.0,100.0
2016-01-19,,,,,,,,,,,,,100.0,95.5,100.0,100.0
2016-01-20,,,,,,,,,,,,,100.0,96.6,100.0,100.0
2016-01-21,100.0,99.9,98.1,,,,,,,,,,100.0,97.4,100.0,100.0
2016-01-22,,,,,,,,,,,,,100.0,97.2,100.0,100.0
2016-01-23,,,,,,,100.0,99.5,83.7,,,,100.0,97.9,100.0,100.0
2016-01-24,100.0,99.9,97.3,,,,,,,,,,100.0,98.5,100.0,100.0
2016-01-25,,,,,,,,,,,,,100.0,98.5,100.0,100.0
2016-01-26,,,,,,,,,,,,,100.0,98.6,100.0,100.0
2016-01-27,,,,,,,,,,,,,100.0,98.9,100.0,100.0
2016-01-28,100.0,100.0,98.1,,,,,,,,,,100.0,99.3,100.0,100.0
2016-01-29,100.0,100.0,97.9,,,,,,,,,,100.0,99.5,100.0,100.0
2016-01-30,,,,,,,100.0,100.0,100.0,,,,100.0,99.5,100.0,100.0
2016-01-31,,,,,,,,,,,,,100.0,99.4,100.0,100.0
2016-02-01,,,,,,,,,,,,,100.0,99.5,100.0,100.0
2016-02-02,100.0,100.0,97.8,,,,,,,,,,100.0,99.5,100.0,100.0
2016-02-03,,,,,,,,,,,,,100.0,99.2,100.0,100.0
2016-02-04,,,,,,,,,,,,,100.0,99.1,100.0,100.0
2016-02-05,100.0,100.0,97.6,,,,,,,,,,100.0,99.3,100.0,100.0
2016-02-06,,,,,,,,,,,,,100.0,99.3,100.0,100.0
2016-02-07,,,,,,,,,,,,,100.0,99.1,100.0,100.0
2016-02-08,,,,,,,,,,,,,100.0,99.1,100.0,100.0
2016-02-09,100.0,100.0,97.8,,,,,,,,,,100.0,99.2,100.0,100.0
2016-02-10,100.0,100.0,98.1,,,,,,,,,,100.0,99.2,100.0,100.0
2016-02-11,,,,,,,,,,,,,100.0,98.8,100.0,100.0
2016-02-12,,,,100.0,99.9,100.0,,,,,,,100.0,99.0,100.0,100.0
2016-02-13,,,,,,,,,,,,,100.0,98.8,100.0,100.0
2016-02-14,100.0,99.9,97.7,,,,,,,,,,100.0,98.9,100.0,100.0
2016-02-15,,,,,,,,,,,,,100.0,98.5,100.0,100.0
2016-02-16,,,,,,,,,,,,,100.0,98.6,100.0,100.0
2016-02-17,100.0,99.9,98.1,,,,,,,,,,100.0,98.9,100.0,100.0
2016-02-18,,,,,,,,,,,,,100.0,98.8,100.0,100.0
2016-02-19,,,,,,,,,,,,,100.0,98.7,100.0,100.0
2016-02-20,,,,,,,,,,,,,100.0,98.5,100.0,100.0
2016-02-21,100.0,99.9,97.9,,,,,,,,,,100.0,98.9,100.0,100.0
2016-02-22,,,,,,,,,,,,,100.0,98.7,100.0,100.0
2016-02-23,,,,,,,,,,,,,100.0,98.6,100.0,100.0
2016-02-24,,,,,,,100.0,100.0,81.2,,,,100.0,98.6,100.0,100.0
2016-02-25,,,,,,,,,,,,,100.0,98.6,100.0,100.0
2016-02-26,100.0,99.8,98.2,,,,,,,,,,100.0,98.7,100.0,100.0
2016-02-27,,,,,,,,,,,,,100.0,98.1,100.0,100.0
2016-02-28,,,,,,,,,,,,,100.0,97.2,100.0,100.0
2016-02-29,100.0,99.7,98.3,,,,,,,,,,100.0,97.4,100.0,100.0
2016-03-01,,,,,,,,,,,,,100.0,96.6,100.0,100.0
2016-03-02,,,,,,,,,,,,,100.0,96.2,100.0,100.0
2016-03-03,,,,,,,,,,,,,100.0,95.1,100.0,100.0
2016-03-04,100.0,99.5,98.3,,,,,,,,,,100.0,95.4,100.0,100.0
2016-03-05,100.0,99.0,98.2,,,,,,,,,,100.0,95.3,100.0,100.0
2016-03-06,,,,,,,,,,,,,100.0,93.9,100.0,100.0
2016-03-07,,,,,,,,,,,,,100.0,94.2,100.0,100.0
2016-03-08,,,,,,,,,,,,,100.0,94.9,100.0,100.0
2016-03-09,100.0,98.2,98.2,,,,,,,,,,100.0,95.7,100.0,100.0
2016-03-10,,,,,,,,,,,,,100.0,95.1,100.0,100.0
2016-03-11,,,,,,,100.0,99.9,76.2,,,,100.0,95.7,100.0,100.0
2016-03-12,100.0,96.1,98.3,,,,,,,,,,100.0,96.2,100.0,100.0
2016-03-13,,,,100.0,99.1,69.0,,,,,,,100.0,96.0,100.0,100.0
2016-03-14,,,,,,,,,,,,,100.0,96.0,100.0,100.0
2016-03-15,,,,,,,,,,,,,100.0,96.4,100.0,100.0
2016-03-16,100.0,94.8,98.3,,,,,,,,,,100.0,97.0,100.0,100.0
2016-03-17,99.0,90.5,98.2,,,,,,,,,,100.0,96.9,100.0,100.0
2016-03-18,,,,,,,100.0,100.0,86.2,,,,100.0,97.2,100.0,100.0
2016-03-19,,,,,,,,,,,,,100.0,96.7,100.0,100.0
2016-03-20,,,,,,,,,,,,,100.0,96.7,100.0,100.0
2016-03-21,98.9,89.1,98.2,,,,,,,,,,100.0,96.4,100.0,100.0
2016-03-22,,,,,,,,,,,,,100.0,95.3,100.0,100.0
2016-03-23,,,,,,,,,,,,,100.0,95.1,100.0,100.0
2016-03-24,99.0,87.2,98.1,,,,,,,,,,100.0,95.7,100.0,100.0
2016-03-25,,,,,,,,,,,,,100.0,95.4,100.0,100.0
2016-03-26,,,,,,,,,,,,,100.0,94.7,100.0,100.0
2016-03-27,,,,,,,100.0,98.4,100.0,,,,100.0,95.2,100.0,100.0
2016-03-28,99.9,91.6,98.2,,,,,,,,,,100.0,95.2,100.0,100.0
2016-03-29,99.9,92.8,98.2,,,,,,,,,,100.0,94.4,100.0,100.0
2016-03-30,,,,,,,,,,,,,100.0,93.1,100.0,100.0
2016-03-31,,,,,,,,,,,,,100.0,91.6,100.0,100.0
2016-04-01,,,,,,,,,,,,,100.0,90.6,100.0,100.0
2016-04-02,99.8,87.6,98.2,,,,,,,,,,100.0,90.0,100.0,100.0
2016-04-03,,,,,,,,,,,,,100.0,87.4,100.0,100.0
2016-04-04,,,,,,,,,,,,,99.6,83.4,100.0,99.6
2016-04-05,99.8,84.5,98.2,,,,,,,,,,97.6,82.1,100.0,97.6
2016-04-06,,,,,,,,,,,,,86.8,76.7,100.0,86.8
2016-04-07,,,,,,,,,,,,,83.1,74.9,100.0,83.1
2016-04-08,,,,,,,,,,,,,75.1,70.8,100.0,75.1
2016-04-09,98.4,77.8,98.3,,,,,,,,,,77.7,72.2,100.0,77.7
2016-04-10,99.1,76.6,98.1,,,,,,,,,,71.3,68.1,100.0,71.3
2016-04-11,,,,,,,,,,,,,68.5,65.4,100.0,68.5
2016-04-12,,,,64.4,58.7,100.0,,,,,,,63.9,60.6,100.0,63.9
2016-04-13,,,,,,,,,,,,,59.1,56.7,100.0,59.1
2016-04-14,84.7,58.9,98.1,,,,,,,,,,48.2,52.1,100.0,48.2
2016-04-15,,,,,,,,,,,,,38.9,48.0,100.0,38.9
2016-04-16,,,,,,,,,,,,,37.2,45.9,100.0,37.2
2016-04-17,33.2,33.9,98.3,,,,,,,,,,33.6,43.1,100.0,33.6
2016-04-18,,,,,,,,,,,,,28.4,38.2,100.0,28.4
2016-04-19,,,,,,,43.8,44.2,100.0,,,,26.8,37.0,100.0,26.8
2016-04-20,,,,,,,,,,,,,13.4,31.8,100.0,13.4
2016-04-21,1.0,11.4,98.3,,,,,,,,,,2.2,24.2,100.0,2.2
2016-04-22,0.5,4.0,98.3,,,,,,,,,,0.2,21.3,100.0,0.2
2016-04-23,,,,,,,,,,,,,0.0,20.1,100.0,0.0
2016-04-24,,,,,,,,,,,,,0.0,18.7,100.0,0.0
2016-04-25,,,,,,,,,,,,,0.0,13.5,100.0,0.0
2016-04-26,0.2,3.2,98.3,,,,,,,,,,0.0,10.9,100.0,0.0
2016-04-27,,,,,,,,,,,,,0.0,9.3,100.0,0.0
2016-04-28,,,,,,,,,,,,,0.0,7.2,100.0,0.0
2016-04-29,0.1,1.7,98.3,,,,,,,,,,0.0,4.1,100.0,0.0
2016-04-30,,,,,,,,,,,,,0.0,3.2,100.0,0.0
2016-05-01,,,,,,,,,,,,,0.0,2.8,100.0,0.0
2016-05-02,,,,0.0,1.8,60.1,,,,,,,0.0,2.4,100.0,0.0
2016-05-03,0.1,0.9,98.3,,,,,,,,,,0.0,1.8,100.0,0.0
2016-05-04,0.0,0.9,98.2,,,,,,,,,,0.0,1.6,100.0,0.0
2016-05-05,,,,,,,0.0,0.1,100.0,,,,0.0,1.5,100.0,0.0
2016-05-06,,,,,,,,,,,,,0.0,1.7,100.0,0.0
2016-05-07,,,,,,,,,,,,,0.0,1.4,100.0,0.0
2016-05-08,0.0,1.2,98.2,,,,,,,,,,0.0,1.1,100.0,0.0
2016-05-09,,,,,,,,,,,,,0.0,1.4,100.0,0.0
2016-05-10,,,,,,,,,,,,,0.0,1.7,100.0,0.0
2016-05-11,0.1,1.6,98.3,,,,,,,,,,0.0,1.6,100.0,0.0
2016-05-12,,,,,,,,,,,,,0.0,1.7,100.0,0.0
2016-05-13,,,,,,,,,,,,,0.0,2.5,100.0,0.0
2016-05-14,,,,,,,,,,,,,0.0,2.5,100.0,0.0
2016-05-15,0.1,0.8,98.3,,,,,,,,,,0.0,1.7,100.0,0.0
2016-05-16,0.1,0.5,98.3,,,,,,,,,,0.0,1.1,100.0,0.0
2016-05-17,,,,,,,,,,,,,0.0,1.1,100.0,0.0
2016-05-18,,,,,,,,,,,,,0.0,0.7,100.0,0.0
2016-05-19,,,,,,,,,,,,,0.0,0.7,100.0,0.0
2016-05-20,0.0,0.5,99.4,,,,,,,,,,0.0,0.6,100.0,0.0
2016-05-21,,,,,,,0.0,0.0,99.9,,,,0.0,0.6,100.0,0.0
2016-05-22,,,,0.0,0.2,100.0,,,,,,,0.0,0.5,100.0,0.0
2016-05-23,0.1,0.7,99.0,,,,,,,,,,0.0,0.6,100.0,0.0
2016-05-24,,,,,,,,,,,,,0.0,0.6,100.0,0.0
2016-05-25,,,,,,,,,,,,,0.0,0.8,100.0,0.0
2016-05-26,,,,,,,,,,,,,0.0,0.6,100.0,0.0
2016-05-27,0.4,1.4,99.3,,,,,,,,,,0.0,0.7,100.0,0.0
2016-05-28,0.1,0.7,99.3,,,,,,,,,,0.0,0.9,100.0,0.0
2016-05-29,,,,,,,,,,,,,0.0,1.6,100.0,0.0
2016-05-30,,,,,,,,,,,,,0.0,2.5,100.0,0.0
2016-05-31,,,,,,,,,,,,,0.0,2.9,100.0,0.0
2016-06-01,0.0,0.6,99.4,,,,,,,,,,0.0,3.1,100.0,0.0
2016-06-02,,,,,,,,,,,,,0.0,4.0,100.0,0.0
2016-06-03,,,,,,,,,,,,,0.0,4.5,100.0,0.0
2016-06-04,0.0,0.7,99.2,,,,,,,,,,0.0,4.4,100.0,0.0
2016-06-05,,,,,,,,,,,,,0.0,4.8,100.0,0.0
2016-06-06,,,,,,,,,,,,,0.0,7.2,100.0,0.0
2016-06-07,,,,,,,,,,,,,0.0,9.9,100.0,0.0
2016-06-08,0.0,0.8,99.4,,,,,,,,,,0.0,5.8,100.0,0.0
2016-06-09,0.0,0.6,99.3,,,,,,,,,,0.0,6.1,100.0,0.0
2016-06-10,,,,,,,,,,,,,0.0,6.3,100.0,0.0
2016-06-11,,,,,,,,,,,,,0.0,5.9,100.0,0.0
2016-06-12,,,,,,,,,,,,,0.0,4.3,100.0,0.0
2016-06-13,,,,,,,,,,,,,0.0,4.2,100.0,0.0
2016-06-14,,,,,,,,,,,,,0.0,3.9,100.0,0.0
2016-06-15,,,,,,,,,,,,,0.0,3.3,100.0,0.0
2016-06-16,,,,,,,,,,,,,0.0,1.9,100.0,0.0
2016-06-17,,,,,,,,,,,,,0.0,1.1,100.0,0.0
2016-06-18,,,,,,,,,,,,,0.0,0.9,100.0,0.0
2016-06-19,,,,,,,,,,,,,0.0,0.7,100.0,0.0
2016-06-20,,,,,,,,,,,,,0.0,0.6,100.0,0.0
2016-06-21,,,,,,,,,,,,,0.0,0.4,100.0,0.0
2016-06-22,,,,,,,0.0,0.0,100.0,,,,0.0,0.3,100.0,0.0
2016-06-23,,,,,,,,,,,,,0.0,0.3,100.0,0.0
2016-06-24,,,,,,,,,,,,,0.0,0.3,100.0,0.0
2016-06-25,,,,,,,,,,,,,0.0,0.2,100.0,0.0
2016-06-26,,,,,,,,,,,,,0.0,0.3,100.0,0.0
2016-06-27,,,,,,,,,,,,,0.0,0.2,100.0,0.0
2016-06-28,0.0,0.4,99.0,,,,,,,,,,0.0,0.2,100.0,0.0
2016-06-29,,,,,,,,,,,,,0.0,0.2,100.0,0.0
2016-06-30,,,,,,,,,,,,,0.0,0.3,100.0,0.0
2016-07-01,,,,0.0,0.0,84.7,0.0,0.0,75.6,,,,0.0,0.2,100.0,0.0
2016-07-02,,,,,,,,,,,,,0.0,0.2,100.0,0.0
2016-07-03,,,,,,,,,,,,,0.0,0.2,100.0,0.0
2016-07-04,,,,,,,,,,,,,0.0,0.2,100.0,0.0
2016-07-05,,,,,,,,,,,,,0.0,0.2,100.0,0.0
2016-07-06,,,,,,,,,,,,,0.0,0.2,100.0,0.0
2016-07-07,0.0,0.6,99.4,,,,,,,,,,0.0,0.1,100.0,0.0
2016-07-08,,,,,,,0.0,0.0,60.3,,,,0.0,0.2,100.0,0.0
2016-07-09,,,,,,,,,,,,,0.0,0.2,100.0,0.0
2016-07-10,,,,,,,,,,,,,0.0,0.3,100.0,0.0
2016-07-11,,,,0.0,0.0,100.0,,,,,,,0.0,0.2,100.0,0.0
2016-07-12,,,,,,,,,,,,,0.0,0.2,100.0,0.0
2016-07-13,,,,,,,,,,,,,0.0,0.2,100.0,0.0
2016-07-14,0.0,0.7,99.4,,,,,,,,,,0.0,0.1,100.0,0.0
2016-07-15,0.0,1.2,99.3,,,,,,,,,,0.0,0.1,100.0,0.0
2016-07-16,,,,,,,,,,,,,0.0,0.1,100.0,0.0
2016-07-17,,,,,,,0.0,0.0,100.0,,,,0.0,0.1,100.0,0.0
2016-07-18,,,,,,,,,,,,,0.0,0.1,100.0,0.0
2016-07-19,0.0,1.3,99.4,,,,,,,,,,0.0,0.1,100.0,0.0
2016-07-20,,,,,,,,,,,,,0.0,0.1,100.0,0.0
2016-07-21,,,,0.0,0.0,100.0,,,,,,,0.0,0.2,100.0,0.0
2016-07-22,0.0,2.1,98.9,,,,,,,,,,0.0,0.2,100.0,0.0
2016-07-23,,,,,,,,,,,,,0.0,0.3,100.0,0.0
2016-07-24,,,,,,,,,,,,,0.0,0.3,100.0,0.0
2016-07-25,,,,,,,,,,,,,0.0,0.6,100.0,0.0
2016-07-26,0.0,2.3,99.3,,,,,,,,,,0.0,0.8,100.0,0.0
2016-07-27,0.0,4.5,99.2,,,,,,,,,,0.0,1.0,100.0,0.0
2016-07-28,,,,,,,,,,,,,0.0,0.8,100.0,0.0
2016-07-29,,,,,,,,,,,,,0.0,1.3,100.0,0.0
2016-07-30,,,,,,,,,,,,,0.0,1.3,100.0,0.0
2016-07-31,,,,,,,,,,,,,0.0,1.4,100.0,0.0
2016-08-01,,,,,,,,,,,,,0.0,1.4,100.0,0.0
2016-08-02,,,,,,,,,,,,,0.0,3.0,100.0,0.0
2016-08-03,,,,,,,,,,,,,0.0,2.5,100.0,0.0
2016-08-04,,,,,,,,,,,,,0.0,1.9,100.0,0.0
2016-08-05,,,,,,,,,,,,,0.0,1.7,100.0,0.0
2016-08-06,,,,,,,,,,,,,0.0,2.5,100.0,0.0
2016-08-07,0.0,6.1,99.3,,,,,,,,,,0.0,1.6,100.0,0.0
2016-08-08,0.0,4.5,99.2,,,,,,,,,,0.0,1.2,100.0,0.0
2016-08-09,,,,,,,,,,,,,0.0,1.2,100.0,0.0
2016-08-10,,,,,,,,,,,,,0.0,1.5,100.0,0.0
2016-08-11,,,,,,,,,,,,,0.0,0.7,100.0,0.0
2016-08-12,0.4,2.6,99.2,,,,,,,,,,0.0,0.5,100.0,0.0
2016-08-13,,,,,,,,,,,,,0.0,0.5,100.0,0.0
2016-08-14,,,,,,,,,,,,,0.0,0.5,100.0,0.0
2016-08-15,0.1,1.4,99.0,,,,,,,,,,0.0,0.3,100.0,0.0
2016-08-16,,,,,,,,,,,,,0.0,0.3,100.0,0.0
2016-08-17,,,,,,,,,,,,,0.0,0.3,100.0,0.0
2016-08-18,,,,,,,,,,,,,0.0,0.3,100.0,0.0
2016-08-19,0.0,1.5,99.3,,,,,,,,,,0.0,0.1,100.0,0.0
2016-08-20,,,,,,,,,,,,,0.0,0.1,100.0,0.0
2016-08-21,,,,,,,,,,,,,0.0,0.1,100.0,0.0
2016-08-22,,,,,,,,,,,,,0.0,0.1,100.0,0.0
2016-08-23,,,,,,,,,,,,,0.0,0.1,100.0,0.0
2016-08-24,0.0,1.4,99.2,,,,,,,,,,0.0,0.1,100.0,0.0
2016-08-25,,,,,,,0.1,0.1,99.8,,,,0.0,0.0,100.0,0.0
2016-08-26,,,,,,,,,,,,,0.0,0.0,100.0,0.0
2016-08-27,0.4,1.6,98.8,,,,,,,,,,0.0,0.0,100.0,0.0
2016-08-28,,,,,,,,,,,,,0.0,0.0,100.0,0.0
2016-08-29,,,,,,,,,,,,,0.0,0.1,100.0,0.0
2016-08-30,,,,,,,,,,,,,0.0,0.1,100.0,0.0
2016-08-31,0.5,1.5,99.3,,,,,,,,,,0.0,0.1,100.0,0.0
2016-09-01,0.9,2.4,99.0,,,,,,,,,,0.0,0.1,100.0,0.0
2016-09-02,,,,,,,,,,,,,0.0,0.2,100.0,0.0
2016-09-03,,,,,,,,,,,,,0.0,0.2,100.0,0.0
2016-09-04,,,,,,,,,,,,,0.0,0.2,100.0,0.0
2016-09-05,0.7,3.4,99.4,,,,,,,,,,0.0,0.2,100.0,0.0
2016-09-06,,,,,,,,,,,,,0.0,0.3,100.0,0.0
2016-09-07,,,,,,,,,,,,,0.0,0.2,100.0,0.0
2016-09-08,1.1,3.2,99.3,,,,,,,,,,0.0,0.2,100.0,0.0
2016-09-09,,,,0.0,0.0,100.0,,,,,,,0.0,0.2,100.0,0.0
2016-09-10,,,,,,,0.0,0.0,69.8,,,,0.0,0.3,100.0,0.0
2016-09-11,,,,,,,,,,,,,0.0,0.4,100.0,0.0
2016-09-12,0.6,2.6,99.4,,,,,,,,,,0.0,0.2,100.0,0.0
2016-09-13,0.5,1.4,99.4,,,,,,,,,,0.0,0.2,100.0,0.0
2016-09-14,,,,,,,,,,,,,0.0,0.3,100.0,0.0
2016-09-15,,,,,,,,,,,,,0.0,0.3,100.0,0.0
2016-09-16,,,,,,,,,,,,,0.0,0.2,100.0,0.0
2016-09-17,0.2,1.0,99.4,,,,,,,,,,0.0,0.3,100.0,0.0
2016-09-18,,,,,,,,,,,,,0.0,0.5,100.0,0.0
2016-09-19,,,,,,,,,,,,,0.0,0.5,100.0,0.0
2016-09-20,0.2,0.7,99.4,,,,,,,,,,0.0,0.3,100.0,0.0
2016-09-21,,,,,,,,,,,,,0.0,0.2,100.0,0.0
2016-09-22,,,,,,,,,,,,,0.0,0.3,100.0,0.0
2016-09-23,,,,,,,,,,,,,0.0,0.2,100.0,0.0
2016-09-24,0.1,0.4,99.2,,,,,,,,,,0.0,0.1,100.0,0.0
2016-09-25,0.0,0.2,99.2,,,,,,,,,,0.0,0.1,100.0,0.0
2016-09-26,0.1,0.3,99.3,,,,0.0,0.0,100.0,,,,0.0,0.1,100.0,0.0
2016-09-27,,,,,,,,,,,,,0.0,0.1,100.0,0.0
2016-09-28,,,,,,,,,,,,,0.0,0.1,100.0,0.0
2016-09-29,0.0,0.1,99.0,0.0,0.0,100.0,,,,,,,0.0,0.1,100.0,0.0
2016-09-30,0.1,0.3,99.4,,,,,,,,,,0.0,0.1,100.0,0.0
2016-10-01,,,,,,,,,,,,,0.0,0.2,100.0,0.0
2016-10-02,0.0,0.3,99.3,,,,,,,,,,0.0,0.1,100.0,0.0
2016-10-03,,,,,,,,,,,,,0.0,0.1,100.0,0.0
2016-10-04,,,,,,,,,,,,,0.0,0.1,100.0,0.0
2016-10-05,,,,,,,0.0,0.0,100.0,,,,0.0,0.1,100.0,0.0
2016-10-06,0.0,0.4,99.4,,,,,,,,,,0.0,0.1,100.0,0.0
2016-10-07,0.0,0.4,99.3,,,,,,,,,,0.0,0.2,100.0,0.0
2016-10-08,,,,,,,,,,,,,0.0,0.3,100.0,0.0
2016-10-09,,,,,,,,,,,,,0.0,0.4,100.0,0.0
2016-10-10,,,,,,,,,,,,,0.0,0.5,100.0,0.0
2016-10-11,0.0,0.7,99.2,,,,,,,,,,0.0,0.5,100.0,0.0
2016-10-12,,,,,,,,,,,,,0.0,1.0,100.0,0.0
2016-10-13,,,,,,,,,,,,,0.0,1.4,100.0,0.0
2016-10-14,0.0,1.0,99.2,,,,,,,,,,0.0,1.7,100.0,0.0
2016-10-15,,,,,,,,,,,,,0.0,1.5,100.0,0.0
2016-10-16,,,,,,,,,,,,,0.0,1.9,100.0,0.0
2016-10-17,,,,,,,,,,,,,0.0,2.0,100.0,0.0
2016-10-18,0.0,1.2,99.4,,,,,,,,,,0.0,2.5,100.0,0.0
2016-10-19,0.0,1.5,99.3,,,,,,,,,,0.0,2.3,100.0,0.0
2016-10-20,,,,,,,,,,,,,0.0,2.6,100.0,0.0
2016-10-21,,,,,,,,,,,,,0.0,2.4,100.0,0.0
2016-10-22,,,,,,,,,,,,,0.0,2.4,100.0,0.0
2016-10-23,0.0,3.2,99.3,,,,,,,,,,0.0,1.8,100.0,0.0
2016-10-24,,,,,,,,,,,,,0.0,1.5,100.0,0.0
2016-10-25,,,,,,,,,,,,,0.0,1.0,100.0,0.0
2016-10-26,0.0,2.1,99.3,,,,,,,,,,0.0,1.2,100.0,0.0
2016-10-27,,,,,,,,,,,,,0.0,1.2,100.0,0.0
2016-10-28,,,,,,,0.0,0.0,97.6,,,,0.0,1.2,100.0,0.0
2016-10-29,,,,0.0,0.1,100.0,,,,,,,0.0,0.9,100.0,0.0
2016-10-30,0.0,1.9,99.4,,,,,,,,,,0.0,0.9,100.0,0.0
2016-10-31,0.0,1.5,99.4,,,,,,,,,,0.0,1.0,100.0,0.0
2016-11-01,,,,,,,,,,,,,0.0,1.5,100.0,0.0
2016-11-02,,,,,,,,,,,,,0.0,1.3,100.0,0.0
2016-11-03,,,,,,,,,,,,,0.0,1.7,100.0,0.0
2016-11-04,0.0,1.9,99.3,,,,,,,,,,0.0,2.3,100.0,0.0
2016-11-05,,,,,,,,,,,,,0.0,4.5,100.0,0.0
2016-11-06,,,,,,,,,,,,,0.0,4.7,100.0,0.0
2016-11-07,0.0,1.5,99.3,,,,,,,,,,0.0,5.0,100.0,0.0
2016-11-08,,,,0.0,1.3,99.5,,,,,,,0.0,5.8,100.0,0.0
2016-11-09,,,,,,,,,,,,,0.0,7.5,100.0,0.0
2016-11-10,,,,,,,,,,,,,0.0,7.6,100.0,0.0
2016-11-11,0.0,1.3,99.4,,,,,,,,,,0.0,8.0,100.0,0.0
2016-11-12,0.0,1.0,99.3,,,,,,,,,,0.0,8.5,100.0,0.0
2016-11-13,,,,,,,,,,,,,0.0,13.7,100.0,0.0
2016-11-14,,,,,,,,,,,,,0.0,14.0,100.0,0.0
2016-11-15,,,,,,,,,,,,,0.0,10.9,100.0,0.0
2016-11-16,0.0,1.6,99.3,,,,,,,,,,0.4,10.8,100.0,0.4
2016-11-17,,,,,,,,,,,,,0.4,12.0,100.0,0.4
2016-11-18,,,,,,,,,,,,,0.4,11.5,100.0,0.4
2016-11-19,0.0,0.9,99.3,,,,,,,,,,0.4,11.1,100.0,0.4
2016-11-20,,,,,,,,,,,,,0.4,9.9,100.0,0.4
2016-11-21,,,,,,,,,,,,,0.5,11.2,100.0,0.5
2016-11-22,,,,,,,,,,,,,0.5,9.7,100.0,0.5
2016-11-23,,,,,,,,,,,,,0.5,7.9,100.0,0.5
2016-11-24,0.0,1.0,99.3,,,,,,,,,,0.5,7.0,100.0,0.5
2016-11-25,,,,,,,,,,,,,0.5,7.6,100.0,0.5
2016-11-26,,,,,,,,,,,,,0.5,7.1,100.0,0.5
2016-11-27,,,,,,,,,,,,,0.8,7.3,100.0,0.8
2016-11-28,0.0,0.8,99.4,0.0,1.9,100.0,,,,,,,0.8,8.5,100.0,0.8
2016-11-29,,,,,,,0.6,1.9,100.0,,,,0.8,10.3,100.0,0.8
2016-11-30,,,,,,,,,,,,,0.8,9.7,100.0,0.8
2016-12-01,0.0,1.4,99.4,,,,,,,,,,0.8,11.0,100.0,0.8
2016-12-02,,,,,,,,,,,,,0.8,13.4,100.0,0.8
2016-12-03,,,,,,,,,,,,,0.8,17.4,100.0,0.8
2016-12-04,,,,,,,,,,,,,0.8,19.2,100.0,0.8
2016-12-05,0.0,1.4,99.4,,,,,,,,,,1.0,23.3,100.0,1.0
2016-12-06,0.0,2.7,99.4,,,,,,,,,,1.8,33.8,100.0,1.8
2016-12-07,,,,,,,,,,,,,3.3,43.9,100.0,3.3
2016-12-08,,,,0.0,0.6,100.0,,,,,,,4.5,47.3,100.0,4.5
2016-12-09,,,,,,,,,,,,,7.6,50.4,100.0,7.6
2016-12-10,0.0,6.3,99.0,,,,,,,,,,29.6,54.6,100.0,29.6
2016-12-11,,,,,,,,,,,,,54.2,58.7,100.0,54.2
2016-12-12,,,,,,,,,,,,,68.8,62.1,100.0,68.8
2016-12-13,1.0,11.9,99.2,,,,,,,,,,75.6,63.7,100.0,75.6
2016-12-14,,,,,,,,,,,,,84.9,67.0,100.0,84.9
2016-12-15,,,,,,,81.7,72.5,84.9,,,,93.1,72.9,100.0,93.1
2016-12-16,,,,,,,,,,,,,94.6,74.4,100.0,94.6
2016-12-17,2.9,14.1,99.2,,,,,,,,,,95.0,77.4,100.0,95.0
2016-12-18,7.4,22.6,99.2,0.0,8.7,100.0,,,,,,,95.2,79.3,100.0,95.2
2016-12-19,,,,,,,,,,,,,94.9,78.8,100.0,94.9
2016-12-20,,,,,,,,,,,,,95.7,80.9,100.0,95.7
2016-12-21,,,,,,,,,,,,,95.0,80.9,100.0,95.0
2016-12-22,18.8,29.2,99.2,,,,,,,,,,95.9,84.2,100.0,95.9
2016-12-23,,,,,,,,,,,,,95.5,84.1,100.0,95.5
2016-12-24,,,,,,,,,,,,,95.8,86.8,100.0,95.8
2016-12-25,28.3,33.3,99.2,,,,,,,,,,96.1,89.1,100.0,96.1
2016-12-26,,,,,,,,,,,,,97.2,91.1,100.0,97.2
2016-12-27,,,,,,,,,,,,,96.7,91.1,100.0,96.7
2016-12-28,,,,87.8,66.3,100.0,,,,,,,96.7,92.4,100.0,96.7
2016-12-29,25.5,31.8,99.2,,,,,,,,,,96.9,92.6,100.0,96.9
2016-12-30,49.0,43.4,99.2,,,,,,,,,,97.3,93.1,100.0,97.3
2016-12-31,,,,,,,100.0,99.9,86.1,,,,97.1,94.2,100.0,97.1
2017-01-01,,,,,,,,,,,,,98.4,94.3,100.0,98.4
2017-01-02,,,,,,,,,,,,,100.0,95.5,100.0,100.0
2017-01-03,78.6,56.8,98.8,,,,,,,,,,100.0,96.7,100.0,100.0
2017-01-04,,,,,,,,,,,,,100.0,96.4,100.0,100.0
2017-01-05,,,,,,,,,,,,,100.0,96.7,100.0,100.0
2017-01-06,95.2,71.6,99.0,,,,,,,,,,100.0,97.7,100.0,100.0
2017-01-07,,,,,,,,,,,,,100.0,97.9,100.0,100.0
2017-01-08,,,,,,,,,,,,,100.0,98.2,100.0,100.0
2017-01-09,,,,,,,100.0,100.0,99.4,,,,100.0,98.6,100.0,100.0
2017-01-10,95.7,72.2,99.0,,,,,,,,,,100.0,98.9,100.0,100.0
2017-01-11,98.9,80.7,99.0,,,,,,,,,,100.0,98.9,100.0,100.0
2017-01-12,,,,,,,,,,,,,100.0,99.0,100.0,100.0
2017-01-13,,,,,,,,,,,,,100.0,99.3,100.0,100.0
2017-01-14,,,,,,,,,,,,,100.0,99.4,100.0,100.0
2017-01-15,99.8,86.1,99.0,,,,,,,,,,100.0,99.4,100.0,100.0
2017-01-16,,,,,,,100.0,100.0,100.0,,,,100.0,99.7,100.0,100.0
2017-01-17,,,,,,,,,,,,,100.0,99.7,100.0,100.0
2017-01-18,99.9,89.0,99.0,,,,,,,,,,100.0,99.8,100.0,100.0
2017-01-19,,,,,,,,,,,,,100.0,99.8,100.0,100.0
2017-01-20,,,,,,,,,,,,,100.0,99.8,100.0,100.0
2017-01-21,,,,,,,,,,,,,100.0,99.8,100.0,100.0
2017-01-22,,,,,,,,,,,,,100.0,99.8,100.0,100.0
2017-01-23,100.0,89.5,99.0,,,,,,,,,,100.0,99.8,100.0,100.0
2017-01-24,,,,,,,,,,,,,100.0,99.7,100.0,100.0
2017-01-25,,,,,,,,,,,,,100.0,99.7,100.0,100.0
2017-01-26,,,,,,,,,,,,,100.0,99.6,100.0,100.0
2017-01-27,100.0,91.1,98.4,100.0,99.8,100.0,,,,,,,100.0,99.7,100.0,100.0
2017-01-28,,,,,,,,,,,,,100.0,99.6,100.0,100.0
2017-01-29,,,,,,,,,,,,,100.0,99.5,100.0,100.0
2017-01-30,100.0,93.6,99.0,,,,,,,,,,100.0,99.5,100.0,100.0
2017-01-31,,,,,,,,,,,,,100.0,99.5,100.0,100.0
2017-02-01,,,,,,,,,,,,,100.0,98.9,100.0,100.0
2017-02-02,,,,,,,,,,,,,100.0,98.9,100.0,100.0
2017-02-03,100.0,94.5,99.0,,,,,,,,,,100.0,99.1,100.0,100.0
2017-02-04,100.0,96.3,98.9,,,,,,,,,,100.0,98.8,100.0,100.0
2017-02-05,,,,,,,,,,,,,100.0,98.4,100.0,100.0
2017-02-06,,,,,,,,,,,,,100.0,98.4,100.0,100.0
2017-02-07,,,,,,,,,,,,,100.0,98.6,100.0,100.0
2017-02-08,100.0,97.7,99.0,,,,,,,,,,100.0,98.6,100.0,100.0
2017-02-09,,,,,,,,,,,,,100.0,98.3,100.0,100.0
2017-02-10,,,,,,,,,,,,,100.0,98.6,100.0,100.0
2017-02-11,100.0,99.0,98.8,,,,,,,,,,100.0,99.1,100.0,100.0
2017-02-12,,,,,,,,,,,,,100.0,99.2,100.0,100.0
2017-02-13,,,,,,,,,,,,,100.0,99.0,100.0,100.0
2017-02-14,,,,,,,,,,,,,100.0,99.1,100.0,100.0
2017-02-15,100.0,99.2,98.9,,,,,,,,,,100.0,99.4,100.0,100.0
2017-02-16,100.0,99.5,98.8,100.0,99.9,100.0,,,,,,,100.0,99.5,100.0,100.0
2017-02-17,,,,,,,,,,,,,100.0,99.1,100.0,100.0
2017-02-18,,,,,,,,,,,,,100.0,99.2,100.0,100.0
2017-02-19,,,,,,,,,,,,,100.0,99.4,100.0,100.0
2017-02-20,100.0,99.7,98.9,,,,,,,,,,100.0,99.6,100.0,100.0
2017-02-21,,,,,,,,,,,,,100.0,99.5,100.0,100.0
2017-02-22,,,,,,,,,,,,,100.0,99.6,100.0,100.0
2017-02-23,100.0,99.8,98.9,,,,,,,,,,100.0,99.7,100.0,100.0
2017-02-24,,,,,,,,,,,,,100.0,99.6,100.0,100.0
2017-02-25,,,,,,,,,,,,,100.0,99.4,100.0,100.0
2017-02-26,,,,,,,100.0,100.0,38.8,,,,100.0,99.5,100.0,100.0
2017-02-27,100.0,99.9,99.0,,,,,,,,,,100.0,99.7,100.0,100.0
2017-02-28,100.0,99.8,98.9,,,,,,,,,,100.0,99.7,100.0,100.0
2017-03-01,,,,,,,,,,,,,100.0,99.6,100.0,100.0
2017-03-02,,,,,,,,,,,,,100.0,99.7,100.0,100.0
2017-03-03,,,,,,,,,,,,,100.0,99.8,100.0,100.0
2017-03-04,100.0,99.8,98.9,,,,,,,,,,100.0,99.8,100.0,100.0
2017-03-05,,,,,,,100.0,100.0,75.3,,,,100.0,99.8,100.0,100.0
2017-03-06,100.0,99.8,98.9,,,,,,,,,,100.0,99.9,100.0,100.0
2017-03-07,100.0,99.8,99.0,,,,,,,,,,100.0,99.9,100.0,100.0
2017-03-08,,,,100.0,100.0,100.0,,,,,,,100.0,99.9,100.0,100.0
2017-03-09,,,,,,,,,,,,,100.0,99.8,100.0,100.0
2017-03-10,100.0,99.8,99.0,,,,,,,,,,100.0,99.9,100.0,100.0
2017-03-11,100.0,99.6,98.9,,,,,,,,,,100.0,99.9,100.0,100.0
2017-03-12,100.0,99.4,99.0,,,,,,,,,,100.0,99.9,100.0,100.0
2017-03-13,100.0,99.3,98.9,,,,,,,,,,100.0,99.8,100.0,100.0
2017-03-14,,,,,,,100.0,100.0,56.7,,,,100.0,99.8,100.0,100.0
2017-03-15,,,,,,,,,,,,,100.0,99.8,100.0,100.0
2017-03-16,100.0,99.2,98.9,,,,,,,,,,100.0,99.7,100.0,100.0
2017-03-17,100.0,98.9,99.0,,,,,,,,,,100.0,99.5,100.0,100.0
2017-03-18,100.0,98.8,98.9,,,,,,,,,,100.0,99.3,100.0,100.0
2017-03-19,100.0,98.8,98.9,,,,,,,,,,100.0,99.3,100.0,100.0
2017-03-20,,,,,,,,,,,,,100.0,99.0,100.0,100.0
2017-03-21,,,,,,,,,,,,,100.0,98.6,100.0,100.0
2017-03-22,,,,,,,,,,,,,100.0,98.2,100.0,100.0
2017-03-23,100.0,98.6,99.0,,,,,,,,,,100.0,98.5,100.0,100.0
2017-03-24,100.0,98.6,99.0,,,,,,,,,,100.0,97.9,100.0,100.0
2017-03-25,100.0,98.7,99.0,,,,,,,,,,100.0,97.5,100.0,100.0
2017-03-26,,,,,,,,,,,,,99.8,96.8,100.0,99.8
2017-03-27,,,,,,,,,,,,,99.6,96.7,100.0,99.6
2017-03-28,100.0,98.7,99.0,97.3,93.3,100.0,,,,,,,99.6,97.1,100.0,99.6
2017-03-29,100.0,98.5,99.0,,,,,,,,,,99.6,96.5,100.0,99.6
2017-03-30,100.0,98.0,99.0,,,,100.0,87.1,36.4,,,,99.6,95.8,100.0,99.6
2017-03-31,100.0,97.8,98.9,,,,,,,,,,99.6,95.4,100.0,99.6
2017-04-01,,,,,,,,,,,,,99.5,94.1,100.0,99.5
2017-04-02,,,,,,,,,,,,,99.0,92.5,100.0,99.0
2017-04-03,100.0,96.2,98.5,,,,,,,,,,98.8,91.6,100.0,98.8
2017-04-04,100.0,93.0,99.0,,,,,,,,,,98.3,90.3,100.0,98.3
2017-04-05,97.4,85.2,98.9,,,,,,,,,,95.4,87.3,100.0,95.4
2017-04-06,94.1,77.0,99.0,,,,,,,,,,92.1,83.6,100.0,92.1
2017-04-07,,,,14.4,27.1,100.0,,,,,,,86.7,78.2,100.0,86.7
2017-04-08,,,,,,,,,,,,,77.9,66.1,100.0,77.9
2017-04-09,80.7,62.2,99.0,,,,,,,,,,60.0,56.7,100.0,60.0
2017-04-10,58.6,44.8,99.0,,,,,,,,,,36.2,48.8,100.0,36.2
2017-04-11,6.0,20.6,99.0,,,,,,,,,,17.8,41.2,100.0,17.8
2017-04-12,0.1,4.0,98.9,,,,,,,,,,0.1,29.5,100.0,0.1
2017-04-13,,,,,,,,,,,,,0.0,18.9,100.0,0.0
2017-04-14,,,,,,,,,,,,,0.0,12.4,100.0,0.0
2017-04-15,0.0,1.3,98.8,,,,,,,,,,0.0,9.2,100.0,0.0
2017-04-16,0.0,0.5,98.7,,,,,,,,,,0.0,4.4,100.0,0.0
2017-04-17,0.1,0.4,99.0,,,,,,,,,,0.0,3.1,100.0,0.0
2017-04-18,0.0,0.2,99.2,,,,,,,,,,0.0,2.6,100.0,0.0
2017-04-19,,,,,,,,,,,,,0.0,2.5,100.0,0.0
2017-04-20,,,,,,,,,,,,,0.0,2.2,100.0,0.0
2017-04-21,0.0,0.1,99.0,,,,,,,,,,0.0,1.8,100.0,0.0
2017-04-22,0.0,0.1,99.0,0.0,0.1,100.0,16.6,15.8,100.0,,,,0.0,1.5,100.0,0.0
2017-04-23,0.0,0.1,99.0,,,,,,,,,,0.0,1.1,100.0,0.0
2017-04-24,0.0,0.1,98.8,,,,,,,,,,0.0,1.0,100.0,0.0
2017-04-25,,,,,,,,,,,,,0.0,1.0,100.0,0.0
2017-04-26,,,,,,,,,,,,,0.0,1.1,100.0,0.0
2017-04-27,0.0,0.1,98.9,,,,,,,,,,0.0,1.0,100.0,0.0
2017-04-28,0.0,0.1,99.2,,,,,,,,,,0.0,1.0,100.0,0.0
2017-04-29,0.0,0.1,99.2,,,,,,,,,,0.0,1.0,100.0,0.0
2017-04-30,0.0,0.0,98.9,,,,,,,,,,0.0,1.7,100.0,0.0
2017-05-01,,,,,,,,,,,,,0.0,2.5,100.0,0.0
2017-05-02,,,,,,,,,,,,,0.0,2.7,100.0,0.0
2017-05-03,0.0,0.0,98.9,,,,,,,,,,0.0,1.8,100.0,0.0
2017-05-04,0.0,0.1,99.0,,,,,,,,,,0.0,1.7,100.0,0.0
2017-05-05,0.1,0.1,99.2,,,,,,,,,,0.0,1.8,100.0,0.0
2017-05-06,0.1,0.1,99.2,,,,,,,,,,0.0,1.9,100.0,0.0
2017-05-07,,,,,,,,,,,,,0.0,1.9,100.0,0.0
2017-05-08,,,,,,,,,,,,,0.0,1.5,100.0,0.0
2017-05-09,0.0,0.1,99.0,,,,,,,,,,0.0,1.2,100.0,0.0
2017-05-10,0.1,0.1,99.0,,,,,,,,,,0.0,1.0,100.0,0.0
2017-05-11,0.1,0.2,99.0,,,,,,,,,,0.0,0.5,100.0,0.0
2017-05-12,0.1,0.1,98.8,,,,,,,,,,0.0,0.4,100.0,0.0
2017-05-13,,,,,,,,,,,,,0.0,0.3,100.0,0.0
2017-05-14,,,,,,,,,,,,,0.0,0.3,100.0,0.0
2017-05-15,0.0,0.1,98.9,,,,,,,,,,0.0,0.2,100.0,0.0
2017-05-16,0.0,0.1,98.7,,,,,,,,,,0.0,0.2,100.0,0.0
2017-05-17,0.1,0.2,99.2,0.0,0.0,100.0,0.0,0.0,92.1,,,,0.0,0.2,100.0,0.0
2017-05-18,0.1,0.2,99.0,,,,,,,,,,0.0,0.2,100.0,0.0
2017-05-19,,,,,,,,,,,,,0.0,0.2,100.0,0.0
2017-05-20,,,,,,,,,,,,,0.0,0.2,100.0,0.0
2017-05-21,0.0,0.2,98.9,,,,,,,,,,0.0,0.2,100.0,0.0
2017-05-22,0.1,0.4,99.2,,,,,,,,,,0.0,0.2,100.0,0.0
2017-05-23,0.1,0.3,99.2,,,,,,,,,,0.0,0.2,100.0,0.0
2017-05-24,0.0,0.2,98.8,,,,,,,,,,0.0,0.3,100.0,0.0
2017-05-25,,,,,,,,,,,,,0.0,0.4,100.0,0.0
2017-05-26,,,,,,,,,,,,,0.0,0.5,100.0,0.0
2017-05-27,0.0,0.2,98.8,0.0,0.0,100.0,,,,,,,0.0,0.3,100.0,0.0
2017-05-28,0.0,0.2,99.2,,,,,,,,,,0.0,0.3,100.0,0.0
2017-05-29,0.0,0.2,99.0,,,,,,,,,,0.0,0.4,100.0,0.0
2017-05-30,0.0,0.2,99.0,,,,,,,,,,0.0,0.4,100.0,0.0
2017-05-31,,,,,,,,,,,,,0.0,0.4,100.0,0.0
2017-06-01,,,,,,,,,,,,,0.0,0.4,100.0,0.0
2017-06-02,0.0,0.4,98.8,,,,0.0,0.0,51.1,,,,0.0,0.6,100.0,0.0
2017-06-03,0.0,0.5,99.0,,,,,,,,,,0.0,0.6,100.0,0.0
2017-06-04,0.0,0.4,98.9,,,,,,,,,,0.0,0.4,100.0,0.0
2017-06-05,0.0,0.2,98.9,,,,,,,,,,0.0,0.5,100.0,0.0
2017-06-06,,,,,,,,,,,,,0.0,0.5,100.0,0.0
2017-06-07,,,,,,,,,,,,,0.0,0.5,100.0,0.0
2017-06-08,0.0,0.2,98.7,,,,,,,,,,0.0,0.3,100.0,0.0
2017-06-09,0.0,0.2,99.2,,,,,,,,,,0.0,0.3,100.0,0.0
2017-06-10,0.0,0.1,99.2,,,,,,,,,,0.0,0.3,100.0,0.0
2017-06-11,0.0,0.1,98.9,,,,,,,,,,0.0,0.2,100.0,0.0
2017-06-12,,,,,,,,,,,,,0.0,0.1,100.0,0.0
2017-06-13,,,,,,,,,,,,,0.0,0.1,100.0,0.0
2017-06-14,0.0,0.1,99.0,,,,,,,,,,0.0,0.1,100.0,0.0
2017-06-15,0.0,0.2,99.0,,,,,,,,,,0.0,0.0,100.0,0.0
2017-06-16,0.0,0.2,99.0,,,,,,,,,,0.0,0.0,100.0,0.0
2017-06-17,0.0,0.1,99.2,,,,,,,,,,0.0,0.0,100.0,0.0
2017-06-18,,,,,,,0.0,0.0,100.0,,,,0.0,0.0,100.0,0.0
2017-06-19,,,,,,,,,,,,,0.0,0.1,100.0,0.0
2017-06-20,0.0,0.1,98.7,,,,,,,,,,0.0,0.0,100.0,0.0
2017-06-21,0.0,0.3,99.0,,,,,,,,,,0.0,0.0,100.0,0.0
2017-06-22,0.0,0.3,99.0,,,,,,,,,,0.0,0.1,100.0,0.0
2017-06-23,0.0,0.2,99.0,,,,,,,,,,0.0,0.1,100.0,0.0
2017-06-24,,,,,,,,,,,,,0.0,0.1,100.0,0.0
2017-06-25,,,,,,,,,,,,,0.0,0.1,100.0,0.0
2017-06-26,0.0,0.2,99.2,0.0,0.0,100.0,,,,,,,0.0,0.2,100.0,0.0
2017-06-27,0.1,0.4,99.2,,,,,,,,,,0.0,0.2,100.0,0.0
2017-06-28,0.1,0.6,99.2,,,,,,,,,,0.0,0.1,100.0,0.0
2017-06-29,0.1,0.6,98.9,,,,,,,,,,0.0,0.1,100.0,0.0
2017-06-30,,,,,,,,,,,,,0.0,0.1,100.0,0.0
2017-07-01,,,,,,,,,,,,,0.0,0.1,100.0,0.0
2017-07-02,0.4,1.0,99.0,,,,,,,,,,0.0,0.1,100.0,0.0
2017-07-03,0.5,0.9,99.2,,,,,,,,,,0.0,0.1,100.0,0.0
2017-07-04,0.4,1.0,99.2,,,,0.0,0.0,100.0,,,,0.0,0.1,100.0,0.0
2017-07-05,0.2,0.9,99.2,,,,,,,,,,0.0,0.1,100.0,0.0
2017-07-06,,,,0.0,0.0,100.0,,,,,,,0.0,0.1,100.0,0.0
2017-07-07,,,,,,,,,,,,,0.0,0.1,100.0,0.0
2017-07-08,,,,,,,,,,,,,0.0,0.2,100.0,0.0
2017-07-09,0.6,1.3,99.0,,,,,,,,,,0.0,0.2,100.0,0.0
2017-07-10,0.5,0.8,99.0,,,,,,,,,,0.0,0.2,100.0,0.0
2017-07-11,0.4,0.6,99.0,,,,,,,,,,0.0,0.3,100.0,0.0
2017-07-12,,,,,,,,,,,,,0.0,0.7,100.0,0.0
2017-07-13,,,,,,,,,,,,,0.0,1.0,100.0,0.0
2017-07-14,0.0,0.4,99.0,,,,,,,,,,0.0,1.0,100.0,0.0
2017-07-15,0.5,0.9,99.2,,,,,,,,,,0.0,1.0,100.0,0.0
2017-07-16,0.6,0.7,99.3,0.0,0.0,100.0,,,,,,,0.0,0.9,100.0,0.0
2017-07-17,0.1,0.4,99.0,,,,,,,,,,0.0,1.2,100.0,0.0
2017-07-18,,,,,,,,,,,,,0.0,1.1,100.0,0.0
2017-07-19,,,,,,,,,,,,,0.0,1.0,100.0,0.0
2017-07-20,0.0,0.4,99.0,,,,,,,,,,0.0,1.4,100.0,0.0
2017-07-21,0.4,0.8,99.2,,,,,,,,,,0.0,1.7,100.0,0.0
2017-07-22,0.4,0.6,99.0,,,,,,,,,,0.0,0.9,100.0,0.0
2017-07-23,0.2,0.4,99.2,,,,,,,,,,0.0,0.7,100.0,0.0
2017-07-24,,,,,,,,,,,,,0.0,0.9,100.0,0.0
2017-07-25,,,,,,,,,,,,,0.0,1.2,100.0,0.0
2017-07-26,0.1,0.4,99.0,,,,,,,,,,0.0,0.9,100.0,0.0
2017-07-27,0.5,0.7,99.0,,,,,,,,,,0.0,0.6,100.0,0.0
2017-07-28,0.5,0.8,99.2,,,,,,,,,,0.0,0.4,100.0,0.0
2017-07-29,0.1,0.4,98.9,,,,,,,,,,0.0,0.4,100.0,0.0
2017-07-30,,,,,,,,,,,,,0.0,0.2,100.0,0.0
2017-07-31,,,,,,,,,,,,,0.0,0.1,100.0,0.0
2017-08-01,0.0,0.4,98.8,,,,,,,,,,0.0,0.1,100.0,0.0
2017-08-02,0.0,0.4,98.8,,,,,,,,,,0.0,0.1,100.0,0.0
2017-08-03,0.1,0.8,99.2,,,,,,,,,,0.0,0.1,100.0,0.0
2017-08-04,0.0,0.6,98.9,,,,,,,,,,0.0,0.1,100.0,0.0
2017-08-05,,,,0.0,0.0,100.0,0.0,0.0,99.2,,,,0.0,0.0,100.0,0.0
2017-08-06,,,,,,,,,,,,,0.0,0.1,100.0,0.0
2017-08-07,0.0,1.3,99.0,,,,,,,,,,0.0,0.1,100.0,0.0
2017-08-08,0.1,1.8,99.0,,,,,,,,,,0.0,0.1,100.0,0.0
2017-08-09,0.5,2.9,99.0,,,,,,,,,,0.0,0.1,100.0,0.0
2017-08-10,0.2,2.2,99.0,,,,,,,,,,0.0,0.2,100.0,0.0
2017-08-11,,,,,,,,,,,,,0.0,0.2,100.0,0.0
2017-08-12,,,,,,,,,,,,,0.0,0.3,100.0,0.0
2017-08-13,0.2,2.0,99.2,,,,,,,,,,0.0,0.6,100.0,0.0
2017-08-14,0.2,1.8,99.0,,,,,,,,,,0.0,0.5,100.0,0.0
2017-08-15,0.4,1.5,99.0,0.0,0.0,100.0,,,,,,,0.0,0.4,100.0,0.0
2017-08-16,0.1,1.1,98.9,,,,,,,,,,0.0,0.5,100.0,0.0
2017-08-17,,,,,,,,,,,,,0.0,0.6,100.0,0.0
2017-08-18,,,,,,,,,,,,,0.0,0.6,100.0,0.0
2017-08-19,0.0,0.9,99.0,,,,,,,,,,0.0,0.5,100.0,0.0
2017-08-20,0.2,0.9,99.2,0.0,0.1,94.2,,,,,,,0.0,0.5,100.0,0.0
2017-08-21,0.4,1.5,98.8,,,,,,,,,,0.0,0.6,100.0,0.0
2017-08-22,0.5,2.4,99.0,,,,,,,,,,0.0,0.6,100.0,0.0
2017-08-23,,,,,,,,,,,,,0.0,0.4,100.0,0.0
2017-08-24,,,,,,,,,,,,,0.0,0.5,100.0,0.0
2017-08-25,1.3,5.0,98.9,0.0,0.1,100.0,,,,,,,0.0,0.4,100.0,0.0
2017-08-26,1.0,4.8,98.7,,,,,,,,,,0.0,0.4,100.0,0.0
2017-08-27,0.6,4.1,99.2,,,,,,,,,,0.0,0.3,100.0,0.0
2017-08-28,0.5,3.3,99.2,,,,,,,,,,0.0,0.4,100.0,0.0
2017-08-29,,,,,,,,,,,,,0.0,0.4,100.0,0.0
2017-08-30,,,,0.0,0.0,100.0,,,,,,,0.0,0.5,100.0,0.0
2017-08-31,0.5,4.4,99.0,,,,,,,,,,0.0,0.4,100.0,0.0
2017-09-01,1.0,4.7,99.2,,,,,,,,,,0.0,0.7,100.0,0.0
2017-09-02,1.1,5.5,99.2,,,,,,,,,,0.0,0.7,100.0,0.0
2017-09-03,0.5,2.2,99.2,,,,,,,,,,0.0,1.0,100.0,0.0
2017-09-04,,,,0.0,0.0,86.9,,,,,,,0.0,0.8,100.0,0.0
2017-09-05,,,,,,,,,,,,,0.0,1.0,100.0,0.0
2017-09-06,0.2,1.7,98.9,,,,,,,,,,0.0,1.0,100.0,0.0
2017-09-07,0.4,1.1,99.0,,,,,,,,,,0.0,1.3,100.0,0.0
2017-09-08,0.1,0.9,98.9,,,,,,,,,,0.0,0.8,100.0,0.0
2017-09-09,0.0,0.8,99.0,,,,,,,,,,0.0,1.0,100.0,0.0
2017-09-10,,,,,,,,,,,,,0.0,1.1,100.0,0.0
2017-09-11,,,,,,,,,,,,,0.0,1.2,100.0,0.0
2017-09-12,0.0,0.7,99.0,,,,,,,,,,0.0,1.2,100.0,0.0
2017-09-13,0.0,0.7,99.3,,,,,,,,,,0.0,1.4,100.0,0.0
2017-09-14,0.0,1.3,98.9,,,,,,,,,,0.0,1.3,100.0,0.0
2017-09-15,0.0,1.8,99.0,,,,,,,,,,0.0,1.5,100.0,0.0
2017-09-16,,,,,,,,,,,,,0.0,1.3,100.0,0.0
2017-09-17,,,,,,,,,,,,,0.0,1.4,100.0,0.0
2017-09-18,0.0,2.2,98.9,,,,,,,,,,0.0,1.4,100.0,0.0
2017-09-19,0.0,2.1,99.2,,,,,,,,,,0.0,1.4,100.0,0.0
2017-09-20,0.0,1.5,99.2,,,,,,,,,,0.0,1.4,100.0,0.0
2017-09-21,0.1,1.6,98.9,,,,,,,,,,0.0,1.2,100.0,0.0
2017-09-22,,,,,,,0.0,0.0,67.8,,,,0.0,1.2,100.0,0.0
2017-09-23,,,,,,,,,,,,,0.0,1.1,100.0,0.0
2017-09-24,0.0,1.2,99.2,,,,,,,,,,0.0,1.1,100.0,0.0
2017-09-25,0.0,1.0,99.3,,,,,,,,,,0.0,0.9,100.0,0.0
2017-09-26,0.2,1.2,99.3,,,,,,,,,,0.0,1.0,100.0,0.0
2017-09-27,0.1,1.2,99.0,,,,,,,,,,0.0,1.1,100.0,0.0
2017-09-28,,,,,,,,,,,,,0.0,1.0,100.0,0.0
2017-09-29,,,,,,,,,,,,,0.0,0.9,100.0,0.0
2017-09-30,0.1,1.3,99.0,,,,,,,,,,0.0,1.1,100.0,0.0
2017-10-01,0.2,1.1,99.2,,,,,,,,,,0.0,0.9,100.0,0.0
2017-10-02,0.1,1.7,99.2,,,,,,,,,,0.0,1.1,100.0,0.0
2017-10-03,0.1,2.4,98.9,,,,,,,,,,0.0,1.2,100.0,0.0
2017-10-04,,,,0.0,0.0,100.0,,,,,,,0.0,1.1,100.0,0.0
2017-10-05,,,,,,,,,,,,,0.0,0.9,100.0,0.0
2017-10-06,0.1,3.5,99.2,,,,,,,,,,0.0,1.0,100.0,0.0
2017-10-07,0.2,4.7,99.3,,,,,,,,,,0.0,1.1,100.0,0.0
2017-10-08,0.1,6.3,99.0,,,,,,,,,,0.0,1.0,100.0,0.0
2017-10-09,0.0,4.1,98.9,0.0,0.0,100.0,,,,,,,0.0,0.6,100.0,0.0
2017-10-10,,,,,,,,,,,,,0.0,0.5,100.0,0.0
2017-10-11,,,,,,,,,,,,,0.0,0.5,100.0,0.0
2017-10-12,0.0,4.1,99.0,,,,,,,,,,0.0,0.4,100.0,0.0
2017-10-13,0.0,2.6,99.0,,,,,,,,,,0.0,0.3,100.0,0.0
2017-10-14,0.0,1.0,99.0,0.0,0.0,100.0,,,,,,,0.0,0.3,100.0,0.0
2017-10-15,0.0,0.3,98.9,,,,0.0,0.0,95.6,,,,0.0,0.3,100.0,0.0
2017-10-16,,,,,,,,,,,,,0.0,0.3,100.0,0.0
2017-10-17,,,,,,,,,,,,,0.0,0.3,100.0,0.0
2017-10-18,0.0,0.2,99.0,,,,,,,,,,0.0,0.3,100.0,0.0
2017-10-19,0.0,0.1,99.0,0.0,0.0,100.0,,,,,,,0.0,0.4,100.0,0.0
2017-10-20,0.0,0.1,99.0,,,,,,,,,,0.0,0.4,100.0,0.0
2017-10-21,0.0,0.0,99.0,,,,,,,,,,0.0,0.5,100.0,0.0
2017-10-22,,,,,,,,,,,,,0.0,0.8,100.0,0.0
2017-10-23,,,,,,,,,,,,,0.0,1.2,100.0,0.0
2017-10-24,0.0,0.1,99.0,0.0,0.1,100.0,,,,,,,0.0,1.0,100.0,0.0
2017-10-25,0.0,0.0,98.9,,,,,,,,,,0.0,0.8,100.0,0.0
2017-10-26,0.0,0.1,99.0,,,,,,,,,,0.0,0.8,100.0,0.0
2017-10-27,0.0,0.1,98.9,,,,,,,,,,0.0,1.1,100.0,0.0
2017-10-28,,,,,,,,,,,,,0.0,1.0,100.0,0.0
2017-10-29,,,,,,,,,,,,,0.0,1.0,100.0,0.0
2017-10-30,0.0,0.3,98.9,,,,,,,,,,0.0,0.9,100.0,0.0
2017-10-31,0.0,0.3,99.0,,,,0.0,0.0,84.6,,,,0.0,1.3,100.0,0.0
2017-11-01,0.0,0.6,98.9,,,,,,,,,,0.0,1.4,100.0,0.0
2017-11-02,0.0,0.6,99.0,,,,,,,,,,0.0,1.3,100.0,0.0
2017-11-03,,,,0.0,0.1,100.0,,,,,,,0.0,1.3,100.0,0.0
2017-11-04,,,,,,,,,,,,,0.0,1.7,100.0,0.0
2017-11-05,0.0,0.8,98.9,,,,,,,,,,0.0,1.9,100.0,0.0
2017-11-06,0.0,0.8,98.7,,,,,,,,,,0.0,2.2,100.0,0.0
2017-11-07,0.0,0.8,99.0,,,,,,,,,,0.0,2.6,100.0,0.0
2017-11-08,0.0,0.8,99.0,0.0,0.7,70.0,,,,,,,0.0,3.4,100.0,0.0
2017-11-09,,,,,,,,,,,,,0.0,4.1,100.0,0.0
2017-11-10,,,,,,,,,,,,,0.0,3.9,100.0,0.0
2017-11-11,0.0,0.7,99.0,,,,,,,,,,0.0,4.6,100.0,0.0
2017-11-12,0.0,0.6,99.0,,,,,,,,,,0.0,4.6,100.0,0.0
2017-11-13,0.0,0.9,99.0,,,,,,,,,,0.0,4.5,100.0,0.0
2017-11-14,0.0,0.7,99.0,,,,,,,,,,0.0,4.5,100.0,0.0
2017-11-15,,,,,,,,,,,,,0.0,5.0,100.0,0.0
2017-11-16,,,,,,,0.0,1.0,100.0,,,,0.0,6.5,100.0,0.0
2017-11-17,0.0,0.5,99.0,,,,,,,,,,0.0,7.0,100.0,0.0
2017-11-18,0.0,0.5,99.0,0.1,1.3,100.0,,,,,,,0.0,7.6,100.0,0.0
2017-11-19,0.0,0.6,98.9,,,,,,,,,,0.0,9.8,100.0,0.0
2017-11-20,0.0,0.7,98.9,,,,,,,,,,0.0,13.3,100.0,0.0
2017-11-21,,,,,,,,,,,,,0.0,15.0,100.0,0.0
2017-11-22,,,,,,,,,,,,,0.0,16.9,100.0,0.0
2017-11-23,0.0,0.6,99.5,3.6,19.4,100.0,,,,,,,0.1,20.8,100.0,0.1
2017-11-24,0.0,0.5,99.6,,,,,,,,,,0.1,27.8,100.0,0.1
2017-11-25,0.0,0.6,99.5,,,,,,,,,,0.1,31.9,100.0,0.1
2017-11-26,0.0,0.5,99.5,,,,,,,,,,0.1,36.7,100.0,0.1
2017-11-27,,,,,,,,,,,,,0.4,41.8,100.0,0.4
2017-11-28,,,,,,,,,,,,,1.5,47.5,100.0,1.5
2017-11-29,0.0,0.5,99.4,,,,,,,,,,3.5,50.0,100.0,3.5
2017-11-30,0.0,0.5,99.6,,,,,,,,,,6.7,53.8,100.0,6.7
2017-12-01,0.1,0.7,99.6,,,,,,,,,,13.1,55.6,100.0,13.1
2017-12-02,0.0,0.9,99.2,,,,,,,,,,93.6,64.8,100.0,93.6
2017-12-03,,,,52.7,52.0,100.0,,,,,,,98.9,67.8,100.0,98.9
2017-12-04,,,,,,,,,,,,,99.3,69.9,100.0,99.3
2017-12-05,0.0,1.7,99.4,,,,,,,,,,99.2,70.4,100.0,99.2
2017-12-06,0.0,2.9,99.5,,,,,,,,,,99.6,74.5,100.0,99.6
2017-12-07,0.6,8.5,99.5,,,,,,,,,,99.6,76.8,100.0,99.6
2017-12-08,0.9,9.5,99.5,,,,,,,,,,99.5,79.6,100.0,99.5
2017-12-09,,,,,,,,,,,,,99.6,82.9,100.0,99.6
2017-12-10,,,,,,,,,,,,,99.6,85.7,100.0,99.6
2017-12-11,2.6,17.9,99.4,,,,,,,,,,99.6,88.4,100.0,99.6
2017-12-12,7.3,22.9,99.5,,,,,,,,,,99.6,89.8,100.0,99.6
2017-12-13,62.8,48.3,99.5,100.0,98.9,100.0,,,,,,,99.6,92.3,100.0,99.6
2017-12-14,71.8,52.5,99.5,,,,,,,,,,99.6,92.6,100.0,99.6
2017-12-15,,,,,,,,,,,,,99.6,93.6,100.0,99.6
2017-12-16,,,,,,,,,,,,,99.6,94.2,100.0,99.6
2017-12-17,87.5,64.7,99.4,,,,,,,,,,99.6,95.8,100.0,99.6
2017-12-18,91.3,70.4,99.6,,,,,,,,,,99.8,96.2,100.0,99.8
2017-12-19,99.0,86.0,99.5,,,,,,,,,,99.9,97.3,100.0,99.9
2017-12-20,99.5,89.5,99.5,,,,,,,,,,99.9,97.5,100.0,99.9
2017-12-21,,,,,,,,,,,,,99.9,98.1,100.0,99.9
2017-12-22,,,,,,,,,,,,,99.9,98.3,100.0,99.9
2017-12-23,99.9,92.2,99.5,100.0,99.3,100.0,,,,,,,100.0,98.9,100.0,100.0
2017-12-24,100.0,93.0,99.6,,,,,,,,,,99.9,98.7,100.0,99.9
2017-12-25,100.0,95.1,99.6,,,,,,,,,,99.9,98.8,100.0,99.9
2017-12-26,100.0,97.2,99.4,,,,,,,,,,99.9,98.8,100.0,99.9
2017-12-27,,,,,,,,,,,,,99.9,99.0,100.0,99.9
2017-12-28,,,,,,,,,,,,,99.9,99.0,100.0,99.9
2017-12-29,100.0,98.8,99.5,,,,,,,,,,100.0,99.4,100.0,100.0
2017-12-30,100.0,99.4,99.6,,,,,,,,,,100.0,99.5,100.0,100.0
2017-12-31,100.0,99.7,99.6,,,,,,,,,,100.0,99.6,100.0,100.0
2018-01-01,100.0,99.8,98.7,,,,,,,,,,100.0,99.4,100.0,100.0
2018-01-02,,,,,,,,,,,,,100.0,99.4,100.0,100.0
2018-01-03,,,,,,,,,,,,,100.0,99.5,100.0,100.0
2018-01-04,100.0,99.9,98.7,,,,,,,,,,100.0,99.6,100.0,100.0
2018-01-05,100.0,99.8,98.7,,,,,,,,,,100.0,99.7,100.0,100.0
2018-01-06,99.9,99.5,98.7,,,,,,,,,,100.0,99.8,100.0,100.0
2018-01-07,100.0,100.0,97.1,,,,,,,,,,100.0,99.8,100.0,100.0
2018-01-08,,,,,,,,,,,,,100.0,99.8,100.0,100.0
2018-01-09,,,,,,,,,,,,,100.0,99.9,100.0,100.0
2018-01-10,100.0,100.0,97.1,,,,,,,,,,100.0,99.9,100.0,100.0
2018-01-11,100.0,100.0,97.1,,,,,,,,,,100.0,99.9,100.0,100.0
2018-01-12,100.0,100.0,97.3,100.0,100.0,100.0,100.0,99.9,79.6,,,,100.0,99.9,100.0,100.0
2018-01-13,100.0,100.0,97.3,,,,,,,,,,100.0,99.9,100.0,100.0
2018-01-14,,,,,,,,,,,,,100.0,99.9,100.0,100.0
2018-01-15,,,,,,,,,,,,,100.0,99.9,100.0,100.0
2018-01-16,100.0,100.0,97.1,,,,,,,,,,100.0,99.9,100.0,100.0
2018-01-17,100.0,100.0,97.3,,,,,,,,,,100.0,99.9,100.0,100.0
2018-01-18,100.0,100.0,97.1,,,,,,,,,,100.0,99.9,100.0,100.0
2018-01-19,100.0,100.0,97.3,,,,,,,,,,100.0,99.9,100.0,100.0
2018-01-20,,,,,,,,,,,,,100.0,99.8,100.0,100.0
2018-01-21,,,,,,,,,,,,,100.0,99.8,100.0,100.0
2018-01-22,100.0,100.0,97.1,,,,,,,,,,100.0,99.8,100.0,100.0
2018-01-23,100.0,100.0,97.3,,,,,,,,,,100.0,99.8,100.0,100.0
2018-01-24,100.0,100.0,97.3,,,,,,,,,,100.0,99.8,100.0,100.0
2018-01-25,100.0,100.0,97.3,,,,,,,,,,100.0,99.9,100.0,100.0
2018-01-26,,,,,,,,,,,,,100.0,99.9,100.0,100.0
2018-01-27,,,,,,,,,,,,,100.0,99.9,100.0,100.0
2018-01-28,100.0,100.0,97.0,,,,100.0,100.0,97.7,,,,100.0,99.9,100.0,100.0
2018-01-29,100.0,100.0,97.0,,,,,,,,,,100.0,99.9,100.0,100.0
2018-01-30,100.0,100.0,97.1,,,,,,,,,,100.0,99.9,100.0,100.0
2018-01-31,100.0,100.0,97.1,,,,,,,,,,100.0,99.9,100.0,100.0
2018-02-01,,,,,,,,,,,,,100.0,99.9,100.0,100.0
2018-02-02,,,,,,,,,,,,,100.0,100.0,100.0,100.0
2018-02-03,100.0,100.0,97.1,,,,,,,,,,100.0,100.0,100.0,100.0
2018-02-04,100.0,100.0,97.0,,,,100.0,100.0,99.4,,,,100.0,100.0,100.0,100.0
2018-02-05,100.0,100.0,97.3,,,,,,,,,,100.0,100.0,100.0,100.0
2018-02-06,100.0,100.0,97.0,,,,,,,,,,100.0,100.0,100.0,100.0
2018-02-07,,,,,,,,,,,,,100.0,100.0,100.0,100.0
2018-02-08,,,,,,,,,,,,,100.0,100.0,100.0,100.0
2018-02-09,100.0,100.0,97.1,,,,,,,,,,100.0,100.0,100.0,100.0
2018-02-10,100.0,100.0,97.1,,,,,,,,,,100.0,100.0,100.0,100.0
2018-02-11,100.0,100.0,97.1,100.0,100.0,57.5,,,,,,,100.0,100.0,100.0,100.0
2018-02-12,100.0,100.0,97.3,,,,,,,,,,100.0,100.0,100.0,100.0
2018-02-13,,,,,,,100.0,100.0,99.2,,,,100.0,100.0,100.0,100.0
2018-02-14,,,,,,,,,,,,,100.0,100.0,100.0,100.0
2018-02-15,100.0,100.0,96.4,,,,,,,,,,100.0,100.0,100.0,100.0
2018-02-16,100.0,100.0,97.1,100.0,100.0,100.0,,,,,,,100.0,100.0,100.0,100.0
2018-02-17,100.0,100.0,97.1,,,,,,,,,,100.0,100.0,100.0,100.0
2018-02-18,100.0,100.0,97.1,,,,,,,,,,100.0,100.0,100.0,100.0
2018-02-19,,,,,,,,,,,,,100.0,100.0,100.0,100.0
2018-02-20,,,,,,,100.0,100.0,100.0,,,,100.0,100.0,100.0,100.0
2018-02-21,100.0,100.0,97.1,100.0,100.0,100.0,,,,,,,100.0,100.0,100.0,100.0
2018-02-22,100.0,100.0,97.1,,,,,,,,,,100.0,100.0,100.0,100.0
2018-02-23,100.0,100.0,97.3,,,,,,,,,,100.0,100.0,100.0,100.0
2018-02-24,100.0,100.0,97.1,,,,,,,,,,100.0,100.0,100.0,100.0
2018-02-25,,,,,,,,,,,,,100.0,100.0,100.0,100.0
2018-02-26,,,,100.0,100.0,100.0,,,,,,,100.0,100.0,100.0,100.0
2018-02-27,100.0,100.0,97.0,,,,,,,,,,100.0,100.0,100.0,100.0
2018-02-28,100.0,100.0,97.3,,,,,,,,,,100.0,100.0,100.0,100.0
2018-03-01,100.0,100.0,97.3,,,,,,,,,,100.0,100.0,100.0,100.0
2018-03-02,100.0,100.0,97.1,,,,,,,,,,100.0,100.0,100.0,100.0
2018-03-03,,,,,,,,,,,,,100.0,100.0,100.0,100.0
2018-03-04,,,,,,,,,,,,,100.0,100.0,100.0,100.0
2018-03-05,100.0,100.0,97.0,,,,,,,,,,100.0,100.0,100.0,100.0
2018-03-06,100.0,100.0,97.1,,,,,,,,,,100.0,100.0,100.0,100.0
2018-03-07,100.0,100.0,97.3,,,,,,,,,,100.0,100.0,100.0,100.0
2018-03-08,100.0,99.9,97.1,100.0,100.0,100.0,100.0,100.0,97.5,,,,100.0,100.0,100.0,100.0
2018-03-09,,,,,,,,,,,,,100.0,99.9,100.0,100.0
2018-03-10,,,,,,,,,,,,,100.0,99.9,100.0,100.0
2018-03-11,100.0,99.9,97.3,,,,,,,,,,100.0,99.9,100.0,100.0
2018-03-12,100.0,99.8,97.3,,,,,,,,,,100.0,99.9,100.0,100.0
2018-03-13,100.0,99.8,97.3,,,,,,,,,,100.0,99.9,100.0,100.0
2018-03-14,100.0,99.7,97.1,,,,,,,,,,100.0,99.9,100.0,100.0
2018-03-15,,,,,,,,,,,,,100.0,99.8,100.0,100.0
2018-03-16,,,,,,,,,,,,,100.0,99.8,100.0,100.0
2018-03-17,100.0,99.8,97.0,,,,,,,,,,100.0,99.8,100.0,100.0
2018-03-18,100.0,99.7,97.1,,,,,,,,,,100.0,99.8,100.0,100.0
2018-03-19,100.0,99.4,97.1,,,,,,,,,,100.0,99.8,100.0,100.0
2018-03-20,100.0,98.8,97.0,,,,,,,,,,100.0,99.8,100.0,100.0
2018-03-21,,,,,,,,,,,,,100.0,99.8,100.0,100.0
2018-03-22,,,,,,,,,,,,,100.0,99.8,100.0,100.0
2018-03-23,100.0,98.8,97.1,100.0,100.0,100.0,,,,,,,100.0,99.8,100.0,100.0
2018-03-24,100.0,98.2,97.3,,,,100.0,99.7,67.2,,,,100.0,99.8,100.0,100.0
2018-03-25,100.0,96.5,96.9,,,,,,,,,,100.0,99.8,100.0,100.0
2018-03-26,100.0,90.9,97.1,,,,,,,,,,100.0,99.8,100.0,100.0
2018-03-27,,,,,,,,,,,,,100.0,99.7,100.0,100.0
2018-03-28,,,,100.0,100.0,100.0,,,,,,,100.0,99.8,100.0,100.0
2018-03-29,100.0,86.7,97.0,,,,,,,,,,100.0,99.7,100.0,100.0
2018-03-30,99.9,76.7,97.3,,,,,,,,,,100.0,99.7,100.0,100.0
2018-03-31,99.1,77.1,97.1,,,,,,,,,,100.0,99.7,100.0,100.0
2018-04-01,94.5,70.5,97.3,,,,,,,,,,100.0,99.7,100.0,100.0
2018-04-02,,,,100.0,99.9,100.0,100.0,97.5,100.0,,,,100.0,99.8,100.0,100.0
2018-04-03,,,,,,,,,,,,,100.0,99.6,100.0,100.0
2018-04-04,83.6,62.5,97.0,,,,,,,,,,100.0,99.6,100.0,100.0
2018-04-05,70.6,52.8,97.3,,,,,,,,,,100.0,99.6,100.0,100.0
2018-04-06,79.0,60.7,94.9,,,,,,,,,,100.0,99.6,100.0,100.0
2018-04-07,95.6,78.2,97.1,100.0,99.9,100.0,,,,,,,100.0,99.7,100.0,100.0
2018-04-08,,,,,,,,,,,,,100.0,99.5,100.0,100.0
2018-04-09,,,,,,,,,,,,,100.0,99.5,100.0,100.0
2018-04-10,99.6,85.9,97.0,,,,,,,,,,100.0,99.5,100.0,100.0
2018-04-11,100.0,89.5,97.1,,,,,,,,,,100.0,99.5,100.0,100.0
2018-04-12,100.0,93.7,97.3,,,,,,,,,,100.0,99.5,100.0,100.0
2018-04-13,100.0,95.6,97.3,,,,,,,,,,100.0,99.5,100.0,100.0
2018-04-14,,,,,,,,,,,,,100.0,99.3,100.0,100.0
2018-04-15,,,,,,,,,,,,,100.0,99.3,100.0,100.0
2018-04-16,100.0,97.7,97.3,,,,,,,,,,100.0,99.2,100.0,100.0
2018-04-17,100.0,96.7,97.3,100.0,99.5,100.0,,,,,,,100.0,99.3,100.0,100.0
2018-04-18,,,,,,,100.0,93.3,64.8,,,,100.0,98.8,100.0,100.0
2018-04-19,100.0,96.6,97.1,,,,,,,,,,100.0,98.4,100.0,100.0
2018-04-20,,,,,,,,,,,,,100.0,97.8,100.0,100.0
2018-04-21,,,,,,,,,,,,,100.0,97.1,100.0,100.0
2018-04-22,100.0,93.0,96.9,99.9,95.3,100.0,,,,,,,100.0,96.1,100.0,100.0
2018-04-23,99.9,92.0,97.0,,,,,,,,,,99.8,93.2,100.0,99.8
2018-04-24,95.6,80.4,97.3,,,,,,,,,,98.3,90.0,100.0,98.3
2018-04-25,86.1,69.2,97.1,,,,,,,,,,95.0,84.8,100.0,95.0
2018-04-26,,,,,,,,,,,,,85.5,74.9,100.0,85.5
2018-04-27,,,,1.0,21.6,73.9,,,,,,,48.3,56.7,100.0,48.3
2018-04-28,51.1,40.3,96.9,,,,,,,,,,16.6,41.6,100.0,16.6
2018-04-29,25.1,26.3,97.1,,,,,,,,,,1.8,27.6,100.0,1.8
2018-04-30,2.4,7.1,97.3,,,,,,,,,,0.8,18.0,100.0,0.8
2018-05-01,0.2,1.3,97.1,,,,,,,,,,0.5,10.0,100.0,0.5
2018-05-02,,,,,,,,,,,,,0.4,7.8,100.0,0.4
2018-05-03,,,,,,,,,,,,,0.2,5.3,100.0,0.2
2018-05-04,0.0,0.4,97.0,,,,,,,,,,0.0,3.9,100.0,0.0
2018-05-05,0.1,0.3,97.3,,,,,,,,,,0.0,3.0,100.0,0.0
2018-05-06,0.1,0.4,97.1,,,,,,,,,,0.0,3.0,100.0,0.0
2018-05-07,0.1,0.3,97.1,,,,,,,,,,0.0,2.9,100.0,0.0
2018-05-08,,,,,,,,,,,,,0.0,2.7,100.0,0.0
2018-05-09,,,,,,,,,,,,,0.0,2.6,100.0,0.0
2018-05-10,0.7,0.9,97.7,,,,,,,,,,0.0,3.0,100.0,0.0
2018-05-11,0.4,0.8,97.9,,,,,,,,,,0.0,3.2,100.0,0.0
2018-05-12,0.1,1.0,98.0,,,,,,,,,,0.0,3.4,100.0,0.0
2018-05-13,0.0,1.3,97.7,,,,,,,,,,0.0,4.0,100.0,0.0
2018-05-14,,,,,,,,,,,,,0.0,4.4,100.0,0.0
2018-05-15,,,,,,,,,,,,,0.0,4.6,100.0,0.0
2018-05-16,0.0,1.4,98.0,,,,,,,,,,0.0,4.6,100.0,0.0
2018-05-17,0.0,1.4,97.9,,,,,,,,,,0.0,4.5,100.0,0.0
2018-05-18,0.0,0.8,97.9,,,,,,,,,,0.0,4.2,100.0,0.0
2018-05-19,0.0,0.7,98.0,,,,,,,,,,0.0,4.5,100.0,0.0
2018-05-20,,,,,,,,,,,,,0.0,4.1,100.0,0.0
2018-05-21,,,,,,,,,,,,,0.0,4.1,100.0,0.0
2018-05-22,0.0,0.4,97.7,,,,,,,,,,0.0,3.2,100.0,0.0
2018-05-23,0.0,0.5,98.0,,,,,,,,,,0.0,2.3,100.0,0.0
2018-05-24,0.0,0.2,97.9,,,,,,,,,,0.0,1.8,100.0,0.0
2018-05-25,0.0,0.1,98.0,,,,,,,,,,0.0,2.0,100.0,0.0
2018-05-26,,,,,,,,,,,,,0.0,1.8,100.0,0.0
2018-05-27,,,,,,,,,,,,,0.0,1.6,100.0,0.0
2018-05-28,0.0,0.1,97.9,,,,,,,,,,0.0,1.4,100.0,0.0
2018-05-29,0.0,0.1,98.0,,,,,,,,,,0.0,1.3,100.0,0.0
2018-05-30,0.0,0.1,97.7,,,,,,,,,,0.0,1.2,100.0,0.0
2018-05-31,0.0,0.1,97.7,,,,,,,,,,0.0,1.0,100.0,0.0
2018-06-01,,,,,,,,,,,,,0.0,0.9,100.0,0.0
2018-06-02,,,,,,,,,,,,,0.0,0.9,100.0,0.0
2018-06-03,0.0,0.1,97.9,,,,,,,,,,0.0,0.9,100.0,0.0
2018-06-04,0.0,0.1,98.0,,,,,,,,,,0.0,0.9,100.0,0.0
2018-06-05,0.0,0.1,97.9,,,,,,,,,,0.0,0.8,100.0,0.0
2018-06-06,0.0,0.0,97.6,0.0,0.9,97.6,,,,,,,0.0,0.9,100.0,0.0
2018-06-07,,,,,,,,,,,,,0.0,1.0,100.0,0.0
2018-06-08,,,,,,,,,,,,,0.0,0.9,100.0,0.0
2018-06-09,0.0,0.1,97.7,,,,,,,,,,0.0,0.9,100.0,0.0
2018-06-10,0.0,0.1,98.0,,,,,,,,,,0.0,0.9,100.0,0.0
2018-06-11,0.0,0.1,97.9,,,,,,,,,,0.0,0.9,100.0,0.0
2018-06-12,0.0,0.1,97.9,,,,,,,,,,0.0,0.8,100.0,0.0
2018-06-13,,,,,,,,,,,,,0.0,1.0,100.0,0.0
2018-06-14,,,,,,,,,,,,,0.0,1.1,100.0,0.0
2018-06-15,0.0,0.1,97.7,,,,,,,,,,0.0,1.0,100.0,0.0
2018-06-16,0.0,0.2,98.0,0.0,0.0,100.0,,,,,,,0.0,0.8,100.0,0.0
2018-06-17,0.0,0.4,97.7,,,,,,,,,,0.0,1.0,100.0,0.0
2018-06-18,0.0,0.3,86.7,,,,,,,,,,0.0,1.0,100.0,0.0
2018-06-19,,,,,,,,,,,,,0.0,1.0,100.0,0.0
2018-06-20,,,,,,,,,,,,,0.0,0.8,100.0,0.0
2018-06-21,0.0,1.1,97.7,,,,,,,,,,0.0,0.8,100.0,0.0
2018-06-22,0.0,0.5,97.6,,,,,,,,,,0.0,0.9,100.0,0.0
2018-06-23,0.0,0.6,97.7,,,,,,,,,,0.0,0.9,100.0,0.0
2018-06-24,0.0,0.5,97.9,,,,,,,,,,0.0,1.0,100.0,0.0
2018-06-25,,,,,,,,,,,,,0.0,1.1,100.0,0.0
2018-06-26,,,,0.0,0.0,100.0,,,,,,,0.0,0.8,100.0,0.0
2018-06-27,0.0,0.8,98.0,,,,,,,,,,0.0,0.8,100.0,0.0
2018-06-28,0.4,1.1,88.5,,,,,,,,,,0.0,0.9,100.0,0.0
2018-06-29,,,,,,,,,,,,,0.0,1.0,100.0,0.0
2018-06-30,0.4,0.8,88.2,,,,,,,,,,0.0,0.8,100.0,0.0
2018-07-01,,,,0.0,0.0,100.0,,,,,,,0.0,0.7,100.0,0.0
2018-07-02,,,,,,,,,,,,,0.0,0.7,100.0,0.0
2018-07-03,0.3,0.9,88.6,,,,,,,,,,0.0,0.9,100.0,0.0
2018-07-04,0.0,0.7,88.5,,,,,,,,,,0.0,0.8,100.0,0.0
2018-07-05,0.0,0.6,88.6,,,,,,,,,,0.0,0.8,100.0,0.0
2018-07-06,0.0,0.4,88.4,,,,,,,,,,0.0,1.0,100.0,0.0
2018-07-07,,,,,,,,,,,,,0.0,1.1,100.0,0.0
2018-07-08,,,,,,,,,,,,,0.0,1.0,100.0,0.0
2018-07-09,0.0,0.4,88.5,,,,,,,,,,0.0,0.9,100.0,0.0
2018-07-10,0.0,0.5,88.5,,,,,,,,,,0.0,1.0,100.0,0.0
2018-07-11,0.0,0.7,88.5,0.0,0.0,100.0,,,,,,,0.0,0.9,100.0,0.0
2018-07-12,0.0,0.5,88.1,,,,,,,,,,0.0,0.8,100.0,0.0
2018-07-13,,,,,,,,,,,,,0.0,0.7,100.0,0.0
2018-07-14,,,,,,,,,,,,,0.0,0.9,100.0,0.0
2018-07-15,0.0,0.7,88.5,,,,,,,,,,0.0,0.8,100.0,0.0
2018-07-16,0.0,0.5,88.5,0.0,0.0,100.0,,,,,,,0.0,0.5,100.0,0.0
2018-07-17,0.0,0.8,88.6,,,,,,,,,,0.0,0.4,100.0,0.0
2018-07-18,0.0,0.5,88.4,,,,,,,,,,0.0,0.3,100.0,0.0
2018-07-19,,,,,,,,,,,,,0.0,0.3,100.0,0.0
2018-07-20,,,,,,,,,,,,,0.0,0.2,100.0,0.0
2018-07-21,0.0,0.4,88.5,,,,,,,,,,0.0,0.3,100.0,0.0
2018-07-22,0.0,0.2,88.6,,,,,,,,,,0.0,0.2,100.0,0.0
2018-07-23,0.0,0.3,97.6,,,,,,,,,,0.0,0.2,100.0,0.0
2018-07-24,0.0,0.2,97.1,,,,,,,,,,0.0,0.2,100.0,0.0
2018-07-25,,,,,,,,,,,,,0.0,0.2,100.0,0.0
2018-07-26,,,,0.0,0.0,97.3,,,,,,,0.0,0.2,100.0,0.0
2018-07-27,0.0,0.3,97.1,,,,,,,,,,0.0,0.1,100.0,0.0
2018-07-28,0.0,0.3,97.0,,,,,,,,,,0.0,0.1,100.0,0.0
2018-07-29,0.0,0.3,97.6,,,,,,,,,,0.0,0.1,100.0,0.0
2018-07-30,0.0,0.3,97.4,,,,0.0,0.0,75.9,,,,0.0,0.1,100.0,0.0
2018-07-31,,,,0.0,0.0,31.4,,,,0.0,0.3,100.0,0.0,0.1,100.0,0.0
2018-08-01,,,,,,,,,,,,,0.0,0.1,100.0,0.0
2018-08-02,0.0,0.5,97.6,,,,,,,,,,0.0,0.1,100.0,0.0
2018-08-03,0.0,0.7,97.6,,,,,,,,,,0.0,0.1,100.0,0.0
2018-08-04,0.0,1.0,97.7,,,,,,,,,,0.0,0.1,100.0,0.0
2018-08-05,0.0,1.5,97.5,0.0,0.0,100.0,,,,,,,0.0,0.0,100.0,0.0
2018-08-06,,,,,,,,,,,,,0.0,0.1,100.0,0.0
2018-08-07,,,,,,,,,,,,,0.0,0.1,100.0,0.0
2018-08-08,0.0,0.4,97.6,,,,0.0,0.0,66.0,0.0,0.1,100.0,0.0,0.0,100.0,0.0
2018-08-09,0.0,0.2,97.6,,,,,,,,,,0.0,0.0,100.0,0.0
2018-08-10,0.0,0.2,97.3,,,,,,,0.0,0.1,100.0,0.0,0.0,100.0,0.0
2018-08-11,0.0,0.2,97.6,,,,,,,0.0,0.0,100.0,0.0,0.0,100.0,0.0
2018-08-12,,,,,,,,,,,,,0.0,0.0,100.0,0.0
2018-08-13,,,,,,,,,,,,,0.0,0.0,100.0,0.0
2018-08-14,0.0,0.2,97.7,,,,,,,,,,0.0,0.1,100.0,0.0
2018-08-15,0.0,0.2,97.6,0.0,0.0,100.0,0.0,0.0,100.0,0.0,0.0,100.0,0.0,0.0,100.0,0.0
2018-08-16,0.0,0.2,97.5,,,,,,,,,,0.0,0.0,100.0,0.0
2018-08-17,0.0,0.3,97.5,,,,,,,,,,0.0,0.0,100.0,0.0
2018-08-18,,,,,,,,,,,,,0.0,0.1,100.0,0.0
2018-08-19,,,,,,,,,,,,,0.0,0.1,100.0,0.0
2018-08-20,0.0,0.6,97.7,0.0,0.0,100.0,,,,,,,0.0,0.1,100.0,0.0
2018-08-21,0.0,1.0,97.7,,,,,,,0.0,0.0,100.0,0.0,0.1,100.0,0.0
2018-08-22,0.0,0.8,97.6,,,,,,,,,,0.0,0.2,100.0,0.0
2018-08-23,0.0,0.7,97.5,,,,,,,,,,0.0,0.4,100.0,0.0
2018-08-24,,,,,,,,,,0.0,0.0,100.0,0.0,0.3,100.0,0.0
2018-08-25,,,,,,,,,,,,,0.0,0.4,100.0,0.0
2018-08-26,0.1,0.3,98.0,,,,,,,,,,0.0,0.4,100.0,0.0
2018-08-27,0.1,0.3,97.6,,,,,,,,,,0.0,0.4,100.0,0.0
2018-08-28,0.0,0.2,98.1,,,,,,,0.0,0.0,100.0,0.0,0.3,100.0,0.0
2018-08-29,0.1,0.2,98.0,,,,,,,0.0,0.0,100.0,0.0,0.3,100.0,0.0
2018-08-30,,,,,,,,,,,,,0.0,0.3,100.0,0.0
2018-08-31,,,,,,,,,,,,,0.0,0.2,100.0,0.0
2018-09-01,0.0,0.2,97.9,,,,,,,,,,0.0,0.2,100.0,0.0
2018-09-02,0.0,0.4,98.0,,,,,,,,,,0.0,0.2,100.0,0.0
2018-09-03,0.0,0.6,98.1,,,,,,,,,,0.0,0.2,100.0,0.0
2018-09-04,0.0,0.4,97.7,0.0,0.0,100.0,,,,,,,0.0,0.1,100.0,0.0
2018-09-05,,,,,,,,,,,,,0.0,0.1,100.0,0.0
2018-09-06,,,,,,,,,,,,,0.0,0.0,100.0,0.0
2018-09-07,0.1,0.5,98.0,,,,,,,0.0,0.2,100.0,0.0,0.0,100.0,0.0
2018-09-08,0.1,0.6,98.1,,,,,,,0.0,0.3,100.0,0.0,0.0,100.0,0.0
2018-09-09,0.0,0.6,98.0,0.0,0.0,100.0,0.0,0.0,100.0,,,,0.0,0.0,100.0,0.0
2018-09-10,0.0,0.5,98.0,,,,,,,,,,0.0,0.0,100.0,0.0
2018-09-11,,,,,,,,,,,,,0.0,0.0,100.0,0.0
2018-09-12,,,,,,,,,,0.0,0.4,82.7,0.0,0.0,100.0,0.0
2018-09-13,0.0,0.3,98.0,,,,,,,,,,0.0,0.0,100.0,0.0
2018-09-14,0.0,0.3,98.0,,,,,,,,,,0.0,0.0,100.0,0.0
2018-09-15,0.0,0.3,98.0,,,,,,,,,,0.0,0.0,100.0,0.0
2018-09-16,0.0,0.2,98.1,,,,0.0,0.0,100.0,,,,0.0,0.0,100.0,0.0
2018-09-17,,,,,,,,,,,,,0.0,0.0,100.0,0.0
2018-09-18,,,,,,,,,,,,,0.0,0.0,100.0,0.0
2018-09-19,0.0,0.2,98.1,0.0,0.0,100.0,,,,,,,0.0,0.0,100.0,0.0
2018-09-20,0.0,0.3,97.6,,,,,,,0.0,1.5,100.0,0.0,0.1,100.0,0.0
2018-09-21,0.0,0.3,98.1,,,,,,,,,,0.0,0.1,100.0,0.0
2018-09-22,0.0,0.4,97.9,,,,,,,,,,0.0,0.1,100.0,0.0
2018-09-23,,,,,,,,,,,,,0.0,0.1,100.0,0.0
2018-09-24,,,,0.0,0.0,100.0,,,,0.0,3.6,100.0,0.0,0.1,100.0,0.0
2018-09-25,0.0,0.6,97.9,,,,0.0,0.0,100.0,,,,0.0,0.1,100.0,0.0
2018-09-26,0.0,1.5,98.1,,,,,,,,,,0.0,0.1,100.0,0.0
2018-09-27,0.0,1.1,97.7,,,,,,,,,,0.0,0.1,100.0,0.0
2018-09-28,0.0,1.1,97.7,,,,,,,,,,0.0,0.1,100.0,0.0
2018-09-29,,,,0.0,0.0,100.0,,,,,,,0.0,0.2,100.0,0.0
2018-09-30,,,,,,,,,,,,,0.0,0.2,100.0,0.0
2018-10-01,0.0,0.5,97.9,,,,,,,,,,0.0,0.2,100.0,0.0
2018-10-02,0.0,0.3,98.0,,,,0.0,0.0,40.0,,,,0.0,0.2,100.0,0.0
2018-10-03,0.0,0.2,98.0,,,,,,,,,,0.0,0.3,100.0,0.0
2018-10-04,0.0,0.1,97.9,0.0,0.0,100.0,,,,,,,0.0,0.3,100.0,0.0
2018-10-05,,,,,,,,,,,,,0.0,0.3,100.0,0.0
2018-10-06,,,,,,,,,,,,,0.0,0.4,100.0,0.0
2018-10-07,0.0,0.2,97.9,,,,,,,,,,0.0,0.5,100.0,0.0
2018-10-08,0.0,0.2,97.9,,,,,,,,,,0.0,0.5,100.0,0.0
2018-10-09,0.0,0.2,98.0,0.0,0.0,100.0,,,,,,,0.0,0.5,100.0,0.0
2018-10-10,0.0,0.1,98.1,,,,,,,,,,0.0,0.6,100.0,0.0
2018-10-11,,,,,,,,,,,,,0.0,0.8,100.0,0.0
2018-10-12,,,,,,,,,,,,,0.0,0.8,100.0,0.0
2018-10-13,0.0,0.1,98.0,,,,,,,,,,0.0,0.8,100.0,0.0
2018-10-14,0.0,0.2,98.0,0.0,0.1,100.0,,,,,,,0.0,0.8,100.0,0.0
2018-10-15,0.0,0.2,98.0,,,,,,,,,,0.0,0.8,100.0,0.0
2018-10-16,0.0,0.4,98.1,,,,,,,,,,0.0,0.8,100.0,0.0
2018-10-17,,,,,,,,,,,,,0.0,0.9,100.0,0.0
2018-10-18,,,,,,,0.0,0.1,59.1,,,,0.0,0.9,100.0,0.0
2018-10-19,0.0,0.5,98.0,0.0,0.0,100.0,,,,,,,0.0,0.8,100.0,0.0
2018-10-20,0.0,0.9,98.1,,,,,,,,,,0.0,0.8,100.0,0.0
2018-10-21,0.0,1.1,98.0,,,,,,,,,,0.0,1.0,100.0,0.0
2018-10-22,0.0,1.5,98.0,,,,,,,,,,0.0,1.2,100.0,0.0
2018-10-23,,,,,,,,,,,,,0.0,1.2,100.0,0.0
2018-10-24,,,,0.0,0.0,52.5,,,,,,,0.0,1.2,100.0,0.0
2018-10-25,0.0,1.9,98.1,,,,,,,,,,0.0,1.4,100.0,0.0
2018-10-26,0.0,1.7,98.0,,,,,,,,,,0.0,1.7,100.0,0.0
2018-10-27,0.0,1.5,98.1,,,,,,,,,,0.0,2.1,100.0,0.0
2018-10-28,0.0,1.4,98.1,,,,,,,,,,0.0,2.2,100.0,0.0
2018-10-29,,,,,,,,,,,,,0.0,2.5,100.0,0.0
2018-10-30,,,,,,,,,,,,,0.0,2.9,100.0,0.0
2018-10-31,0.0,1.3,98.0,,,,,,,,,,0.0,3.4,100.0,0.0
2018-11-01,0.0,1.0,100.0,,,,,,,,,,0.0,4.3,100.0,0.0
2018-11-02,0.0,1.0,99.8,,,,,,,,,,0.0,5.2,100.0,0.0
2018-11-03,0.0,1.4,99.9,,,,,,,,,,0.0,6.9,100.0,0.0
2018-11-04,,,,,,,,,,,,,0.0,7.9,100.0,0.0
2018-11-05,,,,,,,,,,,,,0.0,8.5,100.0,0.0
2018-11-06,0.0,0.8,99.9,,,,,,,,,,0.0,9.4,100.0,0.0
2018-11-07,0.0,0.7,99.9,,,,,,,,,,0.0,9.5,100.0,0.0
2018-11-08,0.0,0.6,99.8,,,,,,,,,,0.0,9.4,100.0,0.0
2018-11-09,0.0,0.7,99.4,,,,,,,,,,0.0,10.5,100.0,0.0
2018-11-10,,,,,,,,,,,,,0.0,11.1,100.0,0.0
2018-11-11,,,,,,,,,,,,,0.0,11.6,100.0,0.0
2018-11-12,0.0,1.2,99.8,,,,,,,,,,0.0,10.3,100.0,0.0
2018-11-13,0.0,1.9,100.0,,,,,,,,,,0.0,10.1,100.0,0.0
2018-11-14,0.0,2.6,99.6,,,,,,,,,,0.0,8.0,100.0,0.0
2018-11-15,0.0,5.4,99.4,,,,,,,,,,0.0,8.4,100.0,0.0
2018-11-16,,,,,,,,,,,,,0.0,9.1,100.0,0.0
2018-11-17,,,,,,,,,,,,,0.0,9.3,100.0,0.0
2018-11-18,0.8,9.9,99.9,0.0,0.1,100.0,,,,,,,0.0,8.7,100.0,0.0
2018-11-19,0.2,7.5,100.0,,,,,,,,,,0.0,9.0,100.0,0.0
2018-11-20,0.7,10.0,99.8,,,,,,,,,,0.0,8.4,100.0,0.0
2018-11-21,0.1,8.2,99.5,,,,,,,,,,0.0,8.3,100.0,0.0
2018-11-22,,,,,,,,,,,,,0.0,6.7,100.0,0.0
2018-11-23,,,,,,,,,,,,,0.0,6.4,100.0,0.0
2018-11-24,0.0,6.1,99.8,,,,,,,,,,0.0,6.1,100.0,0.0
2018-11-25,0.1,3.7,100.0,,,,,,,,,,0.0,6.1,100.0,0.0
2018-11-26,0.0,2.4,99.6,,,,,,,,,,0.0,5.6,100.0,0.0
2018-11-27,0.0,2.3,99.6,,,,,,,,,,0.0,6.4,100.0,0.0
2018-11-28,,,,0.0,0.3,100.0,0.0,0.7,94.3,,,,0.0,6.1,100.0,0.0
2018-11-29,,,,,,,,,,,,,0.0,7.7,100.0,0.0
2018-11-30,0.0,2.8,99.6,,,,,,,,,,0.0,7.3,100.0,0.0
2018-12-01,0.0,3.8,99.8,,,,,,,,,,0.0,7.2,100.0,0.0
2018-12-02,0.0,3.6,99.8,,,,,,,,,,0.0,8.1,100.0,0.0
2018-12-03,0.0,4.2,99.8,,,,,,,,,,0.0,10.2,100.0,0.0
2018-12-04,,,,,,,,,,,,,0.0,12.4,100.0,0.0
2018-12-05,,,,,,,,,,,,,0.0,16.3,100.0,0.0
2018-12-06,0.0,3.1,99.8,,,,,,,,,,0.0,27.2,100.0,0.0
2018-12-07,0.0,2.7,99.9,,,,,,,,,,0.5,35.7,100.0,0.5
2018-12-08,0.0,2.0,99.5,1.4,11.4,100.0,,,,,,,1.9,46.6,100.0,1.9
2018-12-09,0.0,2.2,99.6,,,,,,,,,,6.5,49.4,100.0,6.5
2018-12-10,,,,,,,,,,,,,67.2,61.7,100.0,67.2
2018-12-11,,,,,,,,,,,,,79.3,64.1,100.0,79.3
2018-12-12,0.0,2.8,99.8,,,,,,,,,,99.6,74.8,100.0,99.6
2018-12-13,0.1,3.4,99.8,88.1,71.4,100.0,,,,,,,100.0,78.0,100.0,100.0
2018-12-14,0.0,6.1,99.6,,,,100.0,97.2,100.0,,,,100.0,88.6,100.0,100.0
2018-12-15,5.9,23.4,99.9,,,,,,,,,,100.0,89.8,100.0,100.0
2018-12-16,,,,,,,,,,,,,100.0,92.9,100.0,100.0
2018-12-17,,,,,,,,,,,,,100.0,93.7,100.0,100.0
2018-12-18,74.9,53.8,99.8,99.8,94.4,100.0,,,,,,,100.0,95.9,100.0,100.0
2018-12-19,94.3,69.4,99.8,,,,,,,,,,100.0,96.0,100.0,100.0
2018-12-20,97.6,75.9,99.8,,,,,,,,,,100.0,96.7,100.0,100.0
2018-12-21,,,,,,,,,,,,,100.0,96.7,100.0,100.0
2018-12-22,,,,,,,,,,,,,100.0,97.3,100.0,100.0
2018-12-23,,,,99.9,98.4,100.0,,,,,,,100.0,97.6,100.0,100.0
2018-12-24,98.3,81.9,99.8,,,,,,,,,,100.0,97.9,100.0,100.0
2018-12-25,98.6,85.7,99.6,,,,,,,,,,100.0,97.5,100.0,100.0
2018-12-26,98.9,86.0,99.6,,,,,,,,,,100.0,97.8,100.0,100.0
2018-12-27,98.8,86.2,99.6,,,,,,,,,,100.0,97.9,100.0,100.0
2018-12-28,,,,100.0,98.9,100.0,,,,,,,100.0,98.1,100.0,100.0
2018-12-29,,,,,,,,,,,,,100.0,97.3,100.0,100.0
2018-12-30,99.2,87.9,99.6,,,,,,,,,,100.0,97.5,100.0,100.0
2018-12-31,98.9,86.1,99.9,,,,,,,,,,100.0,97.6,100.0,100.0
2019-01-01,99.2,85.5,99.3,,,,,,,,,,100.0,98.5,100.0,100.0
2019-01-02,97.8,82.2,99.2,,,,,,,,,,100.0,98.2,100.0,100.0
2019-01-03,,,,,,,,,,,,,100.0,98.3,100.0,100.0
2019-01-04,,,,,,,,,,,,,100.0,98.5,100.0,100.0
2019-01-05,98.7,83.1,99.0,,,,,,,,,,100.0,98.8,100.0,100.0
2019-01-06,97.8,80.2,99.0,,,,,,,,,,100.0,98.8,100.0,100.0
2019-01-07,99.3,85.2,99.2,100.0,99.6,100.0,,,,,,,100.0,99.1,100.0,100.0
2019-01-08,99.3,85.2,99.0,,,,,,,,,,100.0,99.2,100.0,100.0
2019-01-09,,,,,,,,,,,,,100.0,99.4,100.0,100.0
2019-01-10,,,,,,,,,,,,,100.0,99.4,100.0,100.0
2019-01-11,99.8,88.6,99.0,,,,,,,,,,100.0,99.6,100.0,100.0
2019-01-12,99.8,87.5,99.0,100.0,99.4,91.4,,,,,,,100.0,99.7,100.0,100.0
2019-01-13,100.0,90.4,99.0,,,,,,,,,,100.0,99.7,100.0,100.0
2019-01-14,100.0,91.5,98.8,,,,,,,,,,100.0,99.8,100.0,100.0
2019-01-15,,,,,,,100.0,100.0,97.5,,,,100.0,99.8,100.0,100.0
2019-01-16,,,,,,,,,,,,,100.0,99.8,100.0,100.0
2019-01-17,100.0,94.6,99.0,,,,,,,,,,100.0,99.9,100.0,100.0
2019-01-18,100.0,94.7,99.2,,,,,,,,,,100.0,99.9,100.0,100.0
2019-01-19,100.0,95.4,98.9,,,,,,,,,,100.0,99.9,100.0,100.0
2019-01-20,100.0,95.4,99.2,,,,,,,,,,100.0,99.9,100.0,100.0
2019-01-21,,,,,,,,,,,,,100.0,99.9,100.0,100.0
2019-01-22,,,,100.0,100.0,100.0,100.0,100.0,97.5,,,,100.0,100.0,100.0,100.0
2019-01-23,100.0,96.8,99.0,,,,,,,,,,100.0,100.0,100.0,100.0
2019-01-24,100.0,96.8,99.0,,,,,,,,,,100.0,100.0,100.0,100.0
2019-01-25,100.0,97.4,99.3,,,,,,,,,,100.0,100.0,100.0,100.0
2019-01-26,100.0,97.0,99.3,,,,,,,,,,100.0,100.0,100.0,100.0
2019-01-27,,,,100.0,99.9,81.8,,,,,,,100.0,100.0,100.0,100.0
2019-01-28,,,,,,,,,,,,,100.0,100.0,100.0,100.0
2019-01-29,100.0,98.1,98.9,,,,,,,,,,100.0,100.0,100.0,100.0
2019-01-30,100.0,98.3,98.9,,,,,,,,,,100.0,99.9,100.0,100.0
2019-01-31,100.0,98.4,99.0,,,,,,,100.0,86.1,100.0,100.0,99.9,100.0,100.0
2019-02-01,100.0,98.0,99.0,,,,,,,,,,100.0,99.9,100.0,100.0
2019-02-02,,,,,,,,,,,,,100.0,99.9,100.0,100.0
2019-02-03,,,,,,,,,,,,,100.0,99.8,100.0,100.0
2019-02-04,100.0,98.0,99.0,,,,,,,,,,100.0,99.8,100.0,100.0
2019-02-05,100.0,98.1,99.2,,,,,,,,,,100.0,99.8,100.0,100.0
2019-02-06,100.0,98.6,99.2,100.0,100.0,100.0,,,,,,,100.0,99.9,100.0,100.0
2019-02-07,100.0,98.5,98.8,,,,,,,,,,100.0,99.8,100.0,100.0
2019-02-08,,,,,,,,,,,,,100.0,99.8,100.0,100.0
2019-02-09,,,,,,,,,,,,,100.0,99.7,100.0,100.0
2019-02-10,100.0,98.8,98.8,,,,,,,,,,100.0,99.8,100.0,100.0
2019-02-11,100.0,98.8,99.8,100.0,100.0,41.4,,,,100.0,88.6,100.0,100.0,99.8,100.0,100.0
2019-02-12,,,,,,,,,,,,,100.0,99.9,100.0,100.0
2019-02-13,100.0,99.2,99.4,,,,,,,100.0,79.8,100.0,100.0,99.9,100.0,100.0
2019-02-14,,,,,,,,,,100.0,92.0,100.0,100.0,99.9,100.0,100.0
2019-02-15,,,,,,,,,,100.0,91.1,100.0,100.0,99.9,100.0,100.0
2019-02-16,100.0,99.3,99.4,100.0,100.0,100.0,100.0,100.0,99.0,,,,100.0,100.0,100.0,100.0
2019-02-17,100.0,99.2,99.0,,,,,,,100.0,90.5,100.0,100.0,100.0,100.0,100.0
2019-02-18,100.0,99.1,99.8,,,,,,,100.0,91.8,100.0,100.0,100.0,100.0,100.0
2019-02-19,100.0,99.0,99.6,,,,,,,,,,100.0,100.0,100.0,100.0
2019-02-20,,,,,,,,,,100.0,97.9,100.0,100.0,100.0,100.0,100.0
2019-02-21,,,,100.0,100.0,100.0,,,,100.0,97.3,100.0,100.0,100.0,100.0,100.0
2019-02-22,100.0,99.0,99.2,,,,,,,100.0,96.6,100.0,100.0,100.0,100.0,100.0
2019-02-23,100.0,99.0,99.4,,,,100.0,100.0,99.8,,,,100.0,100.0,100.0,100.0
2019-02-24,100.0,98.6,99.3,,,,,,,100.0,98.0,100.0,100.0,100.0,100.0,100.0
2019-02-25,100.0,98.0,99.6,,,,,,,100.0,98.3,100.0,100.0,100.0,100.0,100.0
2019-02-26,,,,,,,,,,,,,100.0,100.0,100.0,100.0
2019-02-27,,,,,,,,,,,,,100.0,99.9,100.0,100.0
2019-02-28,,,,,,,,,,100.0,95.6,100.0,100.0,99.9,100.0,100.0
2019-03-01,100.0,97.5,99.8,,,,,,,,,,100.0,99.9,100.0,100.0
2019-03-02,100.0,97.7,99.8,,,,,,,,,,100.0,99.9,100.0,100.0
2019-03-03,100.0,98.1,99.6,100.0,100.0,100.0,,,,,,,100.0,100.0,100.0,100.0
2019-03-04,,,,,,,100.0,99.9,64.1,100.0,94.2,100.0,100.0,99.9,100.0,100.0
2019-03-05,,,,,,,,,,,,,100.0,99.9,100.0,100.0
2019-03-06,100.0,98.1,99.8,,,,,,,,,,100.0,99.9,100.0,100.0
2019-03-07,100.0,98.0,100.0,,,,,,,100.0,90.3,100.0,100.0,99.9,100.0,100.0
2019-03-08,100.0,97.9,100.0,100.0,100.0,100.0,,,,100.0,86.2,100.0,100.0,99.9,100.0,100.0
2019-03-09,100.0,97.6,99.9,,,,,,,,,,100.0,99.9,100.0,100.0
2019-03-10,,,,,,,,,,,,,100.0,99.9,100.0,100.0
2019-03-11,,,,,,,,,,,,,100.0,99.9,100.0,100.0
2019-03-12,100.0,97.8,99.8,,,,,,,,,,100.0,99.9,100.0,100.0
2019-03-13,100.0,97.9,99.8,,,,,,,,,,100.0,99.9,100.0,100.0
2019-03-14,100.0,97.5,99.8,,,,,,,,,,100.0,99.9,100.0,100.0
2019-03-15,100.0,97.4,99.8,,,,,,,,,,100.0,99.9,100.0,100.0
2019-03-16,,,,,,,,,,,,,100.0,99.8,100.0,100.0
2019-03-17,,,,,,,,,,,,,100.0,99.9,100.0,100.0
2019-03-18,100.0,97.9,99.8,100.0,100.0,60.0,,,,,,,100.0,99.9,100.0,100.0
2019-03-19,100.0,98.1,99.6,,,,,,,,,,100.0,99.9,100.0,100.0
2019-03-20,100.0,98.2,99.5,,,,100.0,100.0,76.6,,,,100.0,99.9,100.0,100.0
2019-03-21,100.0,97.7,99.6,,,,,,,,,,100.0,99.9,100.0,100.0
2019-03-22,,,,,,,,,,,,,100.0,99.9,100.0,100.0
2019-03-23,,,,100.0,100.0,100.0,,,,,,,100.0,99.9,100.0,100.0
2019-03-24,100.0,97.2,99.8,,,,,,,,,,100.0,99.8,100.0,100.0
2019-03-25,100.0,96.6,100.0,,,,,,,,,,100.0,99.8,100.0,100.0
2019-03-26,100.0,95.3,99.8,,,,,,,,,,100.0,99.8,100.0,100.0
2019-03-27,100.0,93.9,100.0,,,,100.0,99.6,91.7,,,,100.0,99.8,100.0,100.0
2019-03-28,,,,100.0,99.9,100.0,,,,,,,100.0,99.8,100.0,100.0
2019-03-29,,,,,,,,,,,,,100.0,99.7,100.0,100.0
2019-03-30,99.9,92.0,99.8,,,,,,,,,,100.0,99.6,100.0,100.0
2019-03-31,99.9,90.0,100.0,,,,,,,,,,100.0,99.5,100.0,100.0
2019-04-01,99.9,88.5,100.0,,,,,,,,,,100.0,99.4,100.0,100.0
2019-04-02,99.4,82.4,99.9,100.0,99.8,100.0,,,,,,,100.0,99.4,100.0,100.0
2019-04-03,,,,,,,,,,,,,100.0,99.0,100.0,100.0
2019-04-04,,,,,,,,,,,,,100.0,98.8,100.0,100.0
2019-04-05,98.0,76.1,99.8,,,,,,,,,,100.0,98.6,100.0,100.0
2019-04-06,90.6,65.1,100.0,,,,,,,,,,100.0,98.4,100.0,100.0
2019-04-07,86.1,63.4,99.5,,,,,,,,,,100.0,98.2,100.0,100.0
2019-04-08,72.4,52.7,99.5,,,,,,,,,,100.0,98.2,100.0,100.0
2019-04-09,,,,,,,,,,,,,100.0,98.1,100.0,100.0
2019-04-10,,,,,,,,,,,,,100.0,97.6,100.0,100.0
2019-04-11,62.0,48.1,99.6,,,,,,,,,,100.0,97.8,100.0,100.0
2019-04-12,79.3,56.4,99.9,,,,,,,,,,100.0,97.7,100.0,100.0
2019-04-13,98.4,77.6,99.8,,,,,,,,,,100.0,98.0,100.0,100.0
2019-04-14,100.0,84.0,99.6,,,,,,,,,,100.0,97.9,100.0,100.0
2019-04-15,,,,,,,,,,,,,100.0,98.1,100.0,100.0
2019-04-16,,,,,,,,,,,,,100.0,98.1,100.0,100.0
2019-04-17,100.0,88.8,100.0,100.0,99.8,100.0,,,,,,,100.0,98.8,100.0,100.0
2019-04-18,,,,,,,,,,,,,100.0,98.1,100.0,100.0
2019-04-19,100.0,88.9,99.8,,,,,,,,,,100.0,98.4,100.0,100.0
2019-04-20,100.0,92.9,99.8,,,,,,,,,,100.0,98.1,100.0,100.0
2019-04-21,,,,,,,,,,,,,100.0,98.1,100.0,100.0
2019-04-22,,,,,,,,,,,,,100.0,97.9,100.0,100.0
2019-04-23,100.0,93.0,99.9,,,,,,,,,,100.0,98.0,100.0,100.0
2019-04-24,100.0,92.1,99.8,,,,,,,,,,100.0,97.7,100.0,100.0
2019-04-25,,,,,,,,,,,,,100.0,97.0,100.0,100.0
2019-04-26,99.8,91.2,99.6,,,,,,,,,,100.0,96.6,100.0,100.0
2019-04-27,,,,100.0,99.1,66.9,,,,,,,100.0,96.3,100.0,100.0
2019-04-28,,,,,,,,,,,,,100.0,95.7,100.0,100.0
2019-04-29,99.9,90.9,99.8,,,,,,,,,,100.0,95.3,100.0,100.0
2019-04-30,98.9,89.4,99.8,,,,,,,,,,99.6,94.0,100.0,99.6
2019-05-01,89.9,77.3,99.6,,,,,,,,,,96.5,91.8,100.0,96.5
2019-05-02,84.7,67.7,99.8,98.1,90.4,100.0,,,,,,,94.5,90.8,100.0,94.5
2019-05-03,,,,,,,,,,,,,88.6,85.6,100.0,88.6
2019-05-04,,,,,,,,,,,,,86.2,81.4,100.0,86.2
2019-05-05,62.5,46.7,99.8,,,,,,,,,,84.5,78.3,100.0,84.5
2019-05-06,35.2,33.7,100.0,,,,,,,,,,81.8,73.0,100.0,81.8
2019-05-07,3.5,16.3,99.8,99.1,84.7,84.4,52.2,46.3,100.0,,,,75.4,68.8,100.0,75.4
2019-05-08,0.4,3.7,99.6,,,,,,,,,,40.9,50.6,100.0,40.9
2019-05-09,,,,,,,,,,,,,18.2,39.1,100.0,18.2
2019-05-10,,,,,,,,,,,,,2.3,24.2,100.0,2.3
2019-05-11,0.0,1.6,99.8,,,,,,,,,,0.6,17.7,100.0,0.6
2019-05-12,0.1,0.9,99.8,,,,,,,,,,0.4,9.9,100.0,0.4
2019-05-13,0.1,1.0,99.6,,,,,,,,,,0.2,7.5,100.0,0.2
2019-05-14,0.1,0.9,99.8,,,,0.0,0.5,64.1,,,,0.0,5.3,100.0,0.0
2019-05-15,,,,,,,,,,,,,0.0,3.6,100.0,0.0
2019-05-16,,,,,,,,,,,,,0.0,2.5,100.0,0.0
2019-05-17,0.0,0.9,98.9,,,,,,,,,,0.0,1.5,100.0,0.0
2019-05-18,0.0,0.9,98.9,,,,,,,,,,0.0,1.0,100.0,0.0
2019-05-19,0.0,0.8,99.0,,,,,,,,,,0.0,0.7,100.0,0.0
2019-05-20,0.0,0.7,99.0,,,,,,,,,,0.0,0.6,100.0,0.0
2019-05-21,,,,,,,,,,,,,0.0,0.6,100.0,0.0
2019-05-22,,,,,,,,,,,,,0.0,0.6,100.0,0.0
2019-05-23,0.0,0.8,98.8,,,,0.0,0.0,100.0,,,,0.0,0.4,100.0,0.0
2019-05-24,0.0,0.5,98.9,,,,,,,,,,0.0,0.4,100.0,0.0
2019-05-25,0.0,0.7,98.8,,,,,,,,,,0.0,0.4,100.0,0.0
2019-05-26,0.0,0.7,98.7,,,,,,,,,,0.0,0.4,100.0,0.0
2019-05-27,,,,,,,,,,,,,0.0,0.6,100.0,0.0
2019-05-28,,,,,,,,,,,,,0.0,0.6,100.0,0.0
2019-05-29,0.0,1.0,98.6,,,,,,,,,,0.0,0.7,100.0,0.0
2019-05-30,0.0,1.2,98.7,,,,,,,,,,0.0,0.7,100.0,0.0
2019-05-31,0.0,0.8,99.2,,,,,,,,,,0.0,0.8,100.0,0.0
2019-06-01,0.0,0.6,98.6,0.0,0.5,100.0,,,,,,,0.0,0.6,100.0,0.0
2019-06-02,,,,,,,,,,0.0,14.4,42.9,0.0,0.5,100.0,0.0
2019-06-03,,,,,,,,,,,,,0.0,0.4,100.0,0.0
2019-06-04,0.0,0.6,98.9,,,,,,,0.0,7.7,49.5,0.0,0.3,100.0,0.0
2019-06-05,0.0,0.4,98.9,,,,,,,0.0,3.8,38.3,0.0,0.3,100.0,0.0
2019-06-06,0.0,0.3,99.0,,,,,,,,,,0.0,0.3,100.0,0.0
2019-06-07,0.0,0.1,98.9,,,,,,,,,,0.0,0.3,100.0,0.0
2019-06-08,,,,,,,0.0,0.0,94.6,0.0,3.3,60.9,0.0,0.3,100.0,0.0
2019-06-09,,,,,,,,,,,,,0.0,0.3,100.0,0.0
2019-06-10,0.0,0.1,98.9,,,,,,,,,,0.0,0.2,100.0,0.0
2019-06-11,0.0,0.1,99.0,,,,,,,,,,0.0,0.2,100.0,0.0
2019-06-12,0.1,0.2,99.0,,,,,,,,,,0.0,0.2,100.0,0.0
2019-06-13,0.0,0.1,98.6,,,,,,,0.0,6.0,97.5,0.0,0.3,100.0,0.0
2019-06-14,,,,,,,,,,,,,0.0,0.3,100.0,0.0
2019-06-15,,,,,,,,,,,,,0.0,0.3,100.0,0.0
2019-06-16,0.0,0.2,98.8,0.0,0.0,100.0,,,,,,,0.0,0.3,100.0,0.0
2019-06-17,0.0,0.2,98.9,,,,,,,0.0,0.2,46.3,0.0,0.3,100.0,0.0
2019-06-18,0.0,0.5,98.8,,,,,,,,,,0.0,0.2,100.0,0.0
2019-06-19,0.0,0.4,98.7,,,,,,,0.0,3.1,100.0,0.0,0.1,100.0,0.0
2019-06-20,,,,,,,,,,,,,0.0,0.1,100.0,0.0
2019-06-21,,,,,,,,,,,,,0.0,0.1,100.0,0.0
2019-06-22,0.0,0.5,98.9,,,,,,,,,,0.0,0.1,100.0,0.0
2019-06-23,0.0,0.7,99.0,,,,,,,0.0,1.2,100.0,0.0,0.1,100.0,0.0
2019-06-24,,,,,,,0.0,0.0,100.0,0.0,1.1,100.0,0.0,0.1,100.0,0.0
2019-06-25,,,,,,,,,,,,,0.0,0.1,100.0,0.0
2019-06-26,,,,0.0,0.0,100.0,,,,,,,0.0,0.1,100.0,0.0
2019-06-27,,,,,,,,,,0.0,0.1,100.0,0.0,0.1,100.0,0.0
2019-06-28,0.0,1.0,99.0,,,,,,,0.0,0.1,100.0,0.0,0.1,100.0,0.0
2019-06-29,0.0,0.8,98.7,,,,,,,,,,0.0,0.1,100.0,0.0
2019-06-30,0.0,0.5,98.8,,,,,,,0.0,0.1,100.0,0.0,0.1,100.0,0.0
2019-07-01,0.0,0.3,98.7,,,,,,,0.0,0.1,100.0,0.0,0.1,100.0,0.0
2019-07-02,,,,,,,,,,0.0,0.0,100.0,0.0,0.1,100.0,0.0
2019-07-03,,,,,,,,,,,,,0.0,0.1,100.0,0.0
2019-07-04,0.0,0.4,98.8,,,,,,,,,,0.0,0.1,100.0,0.0
2019-07-05,0.0,0.3,99.0,,,,,,,,,,0.0,0.1,100.0,0.0
2019-07-06,0.0,0.4,98.9,0.0,0.0,33.0,,,,0.0,0.0,100.0,0.0,0.1,100.0,0.0
2019-07-07,0.0,0.4,98.8,,,,,,,,,,0.0,0.1,100.0,0.0
2019-07-08,,,,,,,,,,,,,0.0,0.1,100.0,0.0
2019-07-09,,,,,,,,,,0.0,0.0,100.0,0.0,0.1,100.0,0.0
2019-07-10,0.0,1.0,98.9,,,,0.0,0.0,100.0,0.0,0.0,100.0,0.0,0.0,100.0,0.0
2019-07-11,0.0,0.7,98.9,,,,,,,,,,0.0,0.0,100.0,0.0
2019-07-12,0.0,0.5,99.0,,,,,,,,,,0.0,0.0,100.0,0.0
2019-07-13,0.0,0.2,98.8,,,,,,,,,,0.0,0.0,100.0,0.0
2019-07-14,,,,,,,,,,,,,0.0,0.1,100.0,0.0
2019-07-15,,,,,,,,,,,,,0.0,0.1,100.0,0.0
2019-07-16,0.0,0.2,98.9,0.0,0.0,100.0,,,,,,,0.0,0.0,100.0,0.0
2019-07-17,0.0,0.2,99.2,,,,0.0,0.0,89.7,,,,0.0,0.0,100.0,0.0
2019-07-18,0.0,0.1,98.8,,,,,,,,,,0.0,0.1,100.0,0.0
2019-07-19,0.0,0.0,98.9,,,,,,,,,,0.0,0.1,100.0,0.0
2019-07-20,,,,,,,,,,,,,0.0,0.0,100.0,0.0
2019-07-21,,,,,,,,,,,,,0.0,0.0,100.0,0.0
2019-07-22,0.0,0.0,99.0,,,,,,,,,,0.0,0.0,100.0,0.0
2019-07-23,0.0,0.0,99.0,,,,,,,0.0,0.0,100.0,0.0,0.0,100.0,0.0
2019-07-24,0.0,0.0,98.7,,,,,,,,,,0.0,0.0,100.0,0.0
2019-07-25,0.0,0.0,98.9,,,,,,,,,,0.0,0.1,100.0,0.0
2019-07-26,,,,,,,0.0,0.0,73.2,,,,0.0,0.1,100.0,0.0
2019-07-27,,,,,,,,,,,,,0.0,0.1,100.0,0.0
2019-07-28,0.0,0.0,98.9,,,,,,,,,,0.0,0.1,100.0,0.0
2019-07-29,0.0,0.1,99.0,,,,,,,,,,0.0,0.1,100.0,0.0
2019-07-30,0.0,0.1,98.9,,,,,,,,,,0.0,0.1,100.0,0.0
2019-07-31,0.1,0.1,99.2,,,,,,,,,,0.0,0.1,100.0,0.0
2019-08-01,,,,,,,,,,,,,0.0,0.1,100.0,0.0
2019-08-02,,,,,,,,,,,,,0.0,0.2,100.0,0.0
2019-08-03,0.0,0.1,98.9,,,,,,,,,,0.0,0.2,100.0,0.0
2019-08-04,0.0,0.1,98.9,,,,,,,0.0,0.0,100.0,0.0,0.1,100.0,0.0
2019-08-05,0.0,0.2,99.0,0.0,0.0,49.1,,,,,,,0.0,0.1,100.0,0.0
2019-08-06,0.0,0.1,98.6,,,,,,,,,,0.0,0.2,100.0,0.0
2019-08-07,,,,,,,,,,,,,0.0,0.1,100.0,0.0
2019-08-08,,,,,,,,,,,,,0.0,0.2,100.0,0.0
2019-08-09,0.0,0.2,98.7,,,,,,,0.0,0.0,100.0,0.0,0.1,100.0,0.0
2019-08-10,0.0,0.3,98.9,,,,,,,,,,0.0,0.1,100.0,0.0
2019-08-11,0.1,0.5,99.2,,,,,,,0.0,0.0,96.5,0.0,0.1,100.0,0.0
2019-08-12,0.1,0.3,99.0,,,,,,,,,,0.0,0.1,100.0,0.0
2019-08-13,,,,,,,,,,,,,0.0,0.0,100.0,0.0
2019-08-14,,,,,,,,,,,,,0.0,0.1,100.0,0.0
2019-08-15,0.0,0.3,98.8,0.0,0.0,87.0,,,,0.0,0.0,60.6,0.0,0.0,100.0,0.0
2019-08-16,0.0,0.2,99.0,,,,,,,,,,0.0,0.0,100.0,0.0
2019-08-17,0.1,0.3,99.2,,,,,,,0.0,0.0,100.0,0.0,0.0,100.0,0.0
2019-08-18,0.0,0.2,98.4,,,,0.0,0.0,95.9,0.0,0.0,100.0,0.0,0.0,100.0,0.0
2019-08-19,,,,,,,,,,,,,0.0,0.0,100.0,0.0
2019-08-20,,,,,,,,,,,,,0.0,0.0,100.0,0.0
2019-08-21,0.0,0.2,98.2,,,,,,,0.0,0.0,71.7,0.0,0.0,100.0,0.0
2019-08-22,0.1,0.4,98.6,,,,,,,,,,0.0,0.0,100.0,0.0
2019-08-23,,,,,,,,,,,,,0.0,0.0,100.0,0.0
2019-08-24,0.1,0.6,98.6,,,,,,,,,,0.0,0.0,100.0,0.0
2019-08-25,,,,,,,,,,0.0,0.0,100.0,0.0,0.0,100.0,0.0
2019-08-26,,,,,,,,,,0.0,0.0,100.0,0.0,0.0,100.0,0.0
2019-08-27,0.0,1.1,98.4,,,,0.0,0.0,100.0,,,,0.0,0.0,100.0,0.0
2019-08-28,0.1,1.3,98.6,,,,,,,,,,0.0,0.0,100.0,0.0
2019-08-29,0.0,1.6,98.6,,,,,,,,,,0.0,0.0,100.0,0.0
2019-08-30,0.0,2.3,98.2,0.0,0.0,100.0,,,,,,,0.0,0.0,100.0,0.0
2019-08-31,,,,,,,,,,,,,0.0,0.0,100.0,0.0
2019-09-01,,,,,,,,,,,,,0.0,0.0,100.0,0.0
2019-09-02,0.0,1.7,98.2,,,,,,,,,,0.0,0.0,100.0,0.0
2019-09-03,0.0,1.8,98.2,,,,0.0,0.0,100.0,0.0,0.0,100.0,0.0,0.0,100.0,0.0
2019-09-04,0.0,0.8,98.3,0.0,0.0,99.5,,,,,,,0.0,0.0,100.0,0.0
2019-09-05,0.0,0.9,98.2,,,,,,,,,,0.0,0.0,100.0,0.0
2019-09-06,,,,,,,,,,,,,0.0,0.0,100.0,0.0
2019-09-07,,,,,,,,,,0.0,0.1,100.0,0.0,0.0,100.0,0.0
2019-09-08,0.0,0.7,98.2,,,,,,,,,,0.0,0.0,100.0,0.0
2019-09-09,0.0,1.0,98.1,,,,,,,,,,0.0,0.0,100.0,0.0
2019-09-10,0.0,1.4,98.6,,,,,,,,,,0.0,0.0,100.0,0.0
2019-09-11,0.0,2.3,98.6,,,,,,,,,,0.0,0.1,100.0,0.0
2019-09-12,,,,,,,,,,,,,0.0,0.0,100.0,0.0
2019-09-13,,,,,,,,,,,,,0.0,0.0,100.0,0.0
2019-09-14,,,,0.0,0.0,100.0,,,,,,,0.0,0.0,100.0,0.0
2019-09-15,0.0,1.3,98.4,,,,,,,,,,0.0,0.0,100.0,0.0
2019-09-16,0.0,1.2,98.3,,,,,,,,,,0.0,0.0,100.0,0.0
2019-09-17,0.0,1.3,98.3,,,,,,,,,,0.0,0.0,100.0,0.0
2019-09-18,,,,,,,,,,,,,0.0,0.0,100.0,0.0
2019-09-19,,,,0.0,0.0,100.0,0.0,0.0,100.0,,,,0.0,0.0,100.0,0.0
2019-09-20,0.0,1.2,98.3,,,,,,,,,,0.0,0.0,100.0,0.0
2019-09-21,0.0,0.3,98.3,,,,,,,,,,0.0,0.0,100.0,0.0
2019-09-22,0.0,0.2,98.6,,,,,,,,,,0.0,0.0,100.0,0.0
2019-09-23,,,,,,,,,,,,,0.0,0.0,100.0,0.0
2019-09-24,,,,,,,,,,,,,0.0,0.0,100.0,0.0
2019-09-25,,,,,,,,,,,,,0.0,0.0,100.0,0.0
2019-09-26,0.0,0.1,98.3,,,,,,,,,,0.0,0.0,100.0,0.0
2019-09-27,0.0,0.1,98.6,,,,,,,,,,0.0,0.0,100.0,0.0
2019-09-28,0.0,0.1,98.3,,,,0.0,0.0,100.0,,,,0.0,0.1,100.0,0.0
2019-09-29,0.0,0.1,98.1,0.0,0.0,100.0,,,,,,,0.0,0.1,100.0,0.0
2019-09-30,,,,,,,,,,,,,0.0,0.1,100.0,0.0
2019-10-01,,,,,,,,,,,,,0.0,0.1,100.0,0.0
2019-10-02,0.0,0.2,98.3,,,,,,,0.0,0.1,46.7,0.0,0.2,100.0,0.0
2019-10-03,0.0,0.3,98.4,,,,,,,,,,0.0,0.3,100.0,0.0
2019-10-04,0.0,0.4,98.4,0.0,0.1,100.0,,,,,,,0.0,0.3,100.0,0.0
2019-10-05,0.0,0.3,98.4,,,,,,,,,,0.0,0.4,100.0,0.0
2019-10-06,,,,,,,,,,,,,0.0,0.7,100.0,0.0
2019-10-07,,,,,,,,,,,,,0.0,0.8,100.0,0.0
2019-10-08,0.0,0.5,98.4,,,,,,,0.0,0.1,100.0,0.0,0.6,100.0,0.0
2019-10-09,0.0,0.4,98.3,0.0,0.1,98.0,,,,0.0,0.1,78.8,0.0,0.5,100.0,0.0
2019-10-10,0.0,0.8,98.6,,,,,,,,,,0.0,0.6,100.0,0.0
2019-10-11,0.0,0.6,98.1,,,,,,,,,,0.0,0.5,100.0,0.0
2019-10-12,,,,,,,,,,,,,0.0,0.5,100.0,0.0
2019-10-13,,,,,,,,,,,,,0.0,0.4,100.0,0.0
2019-10-14,0.0,1.1,98.3,0.0,0.1,100.0,0.0,0.0,88.5,,,,0.0,0.4,100.0,0.0
2019-10-15,0.0,0.3,98.1,,,,,,,,,,0.0,0.4,100.0,0.0
2019-10-16,0.0,0.4,98.3,,,,,,,0.0,0.1,100.0,0.0,0.3,100.0,0.0
2019-10-17,0.0,0.4,98.2,,,,,,,0.0,0.1,100.0,0.0,0.3,100.0,0.0
2019-10-18,,,,,,,,,,,,,0.0,0.3,100.0,0.0
2019-10-19,,,,,,,,,,,,,0.0,0.3,100.0,0.0
2019-10-20,0.0,0.6,98.3,,,,,,,0.0,0.2,100.0,0.0,0.2,100.0,0.0
2019-10-21,0.0,0.7,98.4,,,,,,,,,,0.0,0.3,100.0,0.0
2019-10-22,,,,,,,0.0,1.2,63.5,,,,0.0,0.3,100.0,0.0
2019-10-23,0.1,1.2,98.4,,,,,,,,,,0.0,0.4,100.0,0.0
2019-10-24,,,,,,,,,,0.0,0.3,100.0,0.0,0.3,100.0,0.0
2019-10-25,,,,,,,,,,0.0,0.4,100.0,0.0,0.4,100.0,0.0
2019-10-26,0.0,1.5,98.3,,,,,,,0.0,0.4,100.0,0.0,0.4,100.0,0.0
2019-10-27,0.0,2.1,98.3,,,,,,,,,,0.0,0.5,100.0,0.0
2019-10-28,0.0,3.0,98.2,,,,,,,,,,0.0,0.5,100.0,0.0
2019-10-29,0.0,4.7,98.4,,,,,,,0.0,0.9,100.0,0.0,0.6,100.0,0.0
2019-10-30,,,,,,,,,,,,,0.0,1.3,100.0,0.0
2019-10-31,,,,,,,,,,,,,0.0,1.5,100.0,0.0
2019-11-01,0.0,3.7,98.3,,,,,,,0.0,1.6,100.0,0.0,1.5,100.0,0.0
2019-11-02,0.1,4.6,98.3,,,,,,,,,,0.0,1.9,100.0,0.0
2019-11-03,0.9,8.4,98.3,,,,,,,,,,0.0,2.5,100.0,0.0
2019-11-04,0.6,7.8,98.3,,,,,,,,,,0.0,2.5,100.0,0.0
2019-11-05,,,,,,,,,,,,,0.0,3.1,100.0,0.0
2019-11-06,,,,,,,,,,,,,0.0,4.1,100.0,0.0
2019-11-07,0.4,5.7,98.0,,,,,,,,,,0.0,6.0,100.0,0.0
2019-11-08,0.2,3.9,98.4,,,,,,,,,,0.0,6.4,100.0,0.0
2019-11-09,0.1,5.5,98.4,,,,,,,,,,0.0,6.3,100.0,0.0
2019-11-10,0.5,9.1,98.4,,,,,,,,,,0.0,7.8,100.0,0.0
2019-11-11,,,,,,,,,,,,,0.0,9.3,100.0,0.0
2019-11-12,,,,,,,,,,,,,0.0,9.6,100.0,0.0
2019-11-13,1.5,10.0,98.3,,,,,,,,,,0.0,10.1,100.0,0.0
2019-11-14,1.6,11.8,98.4,,,,,,,,,,0.0,12.7,100.0,0.0
2019-11-15,0.7,6.7,98.6,,,,,,,,,,0.0,13.1,100.0,0.0
2019-11-16,0.6,5.2,98.3,,,,,,,,,,0.0,13.0,100.0,0.0
2019-11-17,,,,,,,,,,,,,0.0,12.0,100.0,0.0
2019-11-18,,,,0.0,1.5,73.5,,,,,,,0.0,13.4,100.0,0.0
2019-11-19,0.9,3.7,98.6,,,,,,,,,,0.0,12.3,100.0,0.0
2019-11-20,0.0,2.2,98.4,,,,,,,0.0,5.9,100.0,0.0,11.9,100.0,0.0
2019-11-21,0.0,1.9,98.4,,,,,,,,,,0.0,12.4,100.0,0.0
2019-11-22,0.0,1.9,98.1,,,,,,,,,,0.0,13.9,100.0,0.0
2019-11-23,,,,,,,,,,,,,0.0,12.8,100.0,0.0
2019-11-24,,,,,,,,,,,,,0.0,12.9,100.0,0.0
2019-11-25,0.0,2.5,98.3,,,,,,,,,,0.0,11.4,100.0,0.0
2019-11-26,0.0,2.7,98.2,,,,,,,,,,0.0,13.1,100.0,0.0
2019-11-27,0.1,5.4,98.4,,,,,,,0.0,8.3,100.0,0.0,10.5,100.0,0.0
2019-11-28,0.1,5.5,98.4,,,,,,,,,,0.0,12.4,100.0,0.0
2019-11-29,,,,,,,,,,,,,0.0,11.6,100.0,0.0
2019-11-30,,,,,,,,,,,,,0.0,13.3,100.0,0.0
2019-12-01,0.1,5.4,98.1,,,,,,,,,,0.0,13.9,100.0,0.0
2019-12-02,0.0,2.9,98.3,,,,,,,,,,0.0,16.4,100.0,0.0
2019-12-03,0.0,3.5,98.4,1.2,4.0,100.0,,,,,,,0.5,17.4,100.0,0.5
2019-12-04,0.0,2.6,98.3,,,,,,,0.0,12.1,100.0,1.1,17.1,100.0,1.1
2019-12-05,,,,,,,,,,,,,1.8,17.8,100.0,1.8
2019-12-06,,,,,,,,,,,,,3.0,19.3,100.0,3.0
2019-12-07,0.0,2.3,98.2,,,,,,,,,,5.3,21.8,100.0,5.3
2019-12-08,0.0,1.5,98.2,5.2,12.4,100.0,9.7,15.6,100.0,1.3,23.9,100.0,6.4,21.6,100.0,6.4
2019-12-09,0.0,1.7,98.2,,,,,,,5.0,29.0,100.0,5.9,21.0,100.0,5.9
2019-12-10,0.0,2.0,98.4,,,,,,,,,,7.1,22.6,100.0,7.1
2019-12-11,,,,,,,,,,,,,6.4,24.2,100.0,6.4
2019-12-12,,,,,,,,,,9.2,28.7,100.0,5.0,22.8,100.0,5.0
2019-12-13,0.0,3.0,98.3,,,,,,,19.6,34.9,100.0,5.0,22.4,100.0,5.0
2019-12-14,0.0,1.5,98.4,,,,,,,,,,5.9,24.9,100.0,5.9
2019-12-15,0.0,1.5,98.3,,,,,,,,,,5.0,25.5,100.0,5.0
2019-12-16,0.0,1.7,98.3,,,,,,,48.6,46.7,100.0,5.8,28.1,100.0,5.8
2019-12-17,,,,,,,,,,71.8,58.7,100.0,4.0,27.0,100.0,4.0
2019-12-18,,,,,,,,,,,,,7.3,33.3,100.0,7.3
2019-12-19,0.0,2.2,98.4,,,,,,,,,,7.9,36.6,100.0,7.9
2019-12-20,0.0,2.4,98.3,,,,,,,,,,7.6,38.7,100.0,7.6
2019-12-21,,,,,,,,,,91.8,69.3,100.0,3.7,36.7,100.0,3.7
2019-12-22,0.0,2.1,98.3,,,,,,,72.4,60.8,100.0,14.6,45.2,100.0,14.6
2019-12-23,,,,,,,,,,,,,17.3,47.3,100.0,17.3
2019-12-24,,,,,,,,,,,,,44.1,55.5,100.0,44.1
2019-12-25,0.0,2.4,98.2,,,,,,,96.9,80.8,100.0,50.9,57.4,100.0,50.9
2019-12-26,0.0,1.9,98.3,,,,,,,,,,73.7,64.5,100.0,73.7
2019-12-27,0.0,4.5,98.3,,,,,,,,,,85.7,70.0,100.0,85.7
2019-12-28,0.1,7.0,98.3,14.2,27.7,100.0,,,,,,,96.9,74.7,100.0,96.9
2019-12-29,,,,,,,,,,93.9,76.6,100.0,99.6,76.5,100.0,99.6
2019-12-30,,,,,,,,,,,,,99.6,79.7,100.0,99.6
2019-12-31,0.1,9.5,98.3,,,,,,,,,,99.8,81.2,100.0,99.8
2020-01-01,0.2,9.9,98.7,,,,,,,,,,100.0,83.6,100.0,100.0
2020-01-02,1.0,13.3,98.7,19.7,30.3,100.0,100.0,95.3,100.0,,,,100.0,87.1,100.0,100.0
2020-01-03,4.6,19.0,98.7,,,,,,,,,,100.0,87.7,100.0,100.0
2020-01-04,,,,,,,,,,96.6,80.5,100.0,100.0,89.4,100.0,100.0
2020-01-05,,,,,,,,,,98.6,87.0,100.0,100.0,90.9,100.0,100.0
2020-01-06,7.4,18.7,99.2,,,,,,,,,,100.0,92.0,100.0,100.0
2020-01-07,9.9,19.9,99.3,41.5,46.8,100.0,,,,,,,100.0,93.2,100.0,100.0
2020-01-08,18.4,27.9,98.9,,,,,,,,,,100.0,93.8,100.0,100.0
2020-01-09,42.3,39.3,98.8,,,,,,,,,,100.0,95.1,100.0,100.0
2020-01-10,,,,,,,,,,,,,100.0,95.0,100.0,100.0
2020-01-11,,,,,,,,,,,,,100.0,95.6,100.0,100.0
2020-01-12,67.1,50.0,98.8,96.5,79.2,100.0,,,,98.7,94.4,100.0,100.0,96.5,100.0,100.0
2020-01-13,85.2,62.8,99.3,,,,,,,,,,100.0,97.1,100.0,100.0
2020-01-14,94.8,71.5,99.0,,,,,,,,,,100.0,97.3,100.0,100.0
2020-01-15,96.2,76.6,99.3,,,,,,,,,,100.0,97.5,100.0,100.0
2020-01-16,,,,,,,,,,99.5,95.5,100.0,100.0,97.8,100.0,100.0
2020-01-17,,,,99.9,94.5,100.0,,,,,,,100.0,98.3,100.0,100.0
2020-01-18,98.5,82.1,99.2,,,,,,,,,,100.0,98.4,100.0,100.0
2020-01-19,97.5,80.3,99.2,,,,,,,,,,100.0,98.5,100.0,100.0
2020-01-20,96.8,82.6,99.3,,,,,,,,,,100.0,98.7,100.0,100.0
2020-01-21,94.9,79.4,99.2,,,,,,,,,,100.0,98.8,100.0,100.0
2020-01-22,,,,100.0,99.3,100.0,,,,,,,100.0,99.1,100.0,100.0
2020-01-23,,,,,,,,,,,,,100.0,99.0,100.0,100.0
2020-01-24,95.9,81.0,99.2,,,,,,,,,,100.0,99.2,100.0,100.0
2020-01-25,94.9,82.7,99.0,,,,,,,,,,100.0,99.1,100.0,100.0
2020-01-26,96.1,86.1,99.2,,,,,,,,,,100.0,99.3,100.0,100.0
2020-01-27,99.0,90.0,99.2,100.0,99.6,100.0,,,,,,,100.0,99.3,100.0,100.0
2020-01-28,,,,,,,,,,,,,100.0,99.4,100.0,100.0
2020-01-29,,,,,,,,,,,,,100.0,99.3,100.0,100.0
2020-01-30,99.5,91.7,99.2,,,,,,,,,,100.0,99.5,100.0,100.0
2020-01-31,99.4,92.2,99.2,,,,,,,99.0,95.8,100.0,100.0,99.5,100.0,100.0
2020-02-01,99.5,94.0,99.0,100.0,99.7,94.9,,,,,,,100.0,99.6,100.0,100.0
2020-02-02,,,,,,,,,,,,,100.0,99.6,100.0,100.0
2020-02-03,,,,,,,100.0,99.6,41.8,,,,100.0,99.6,100.0,100.0
2020-02-04,,,,,,,,,,,,,100.0,99.6,100.0,100.0
2020-02-05,100.0,95.5,99.0,,,,,,,100.0,97.3,98.3,100.0,99.7,100.0,100.0
2020-02-06,99.9,95.8,99.3,100.0,99.9,100.0,,,,,,,100.0,99.8,100.0,100.0
2020-02-07,99.9,95.9,99.0,,,,,,,,,,100.0,99.8,100.0,100.0
2020-02-08,100.0,96.2,99.0,,,,,,,99.2,98.1,100.0,100.0,99.8,100.0,100.0
2020-02-09,,,,,,,,,,,,,100.0,99.8,100.0,100.0
2020-02-10,,,,,,,,,,,,,100.0,99.8,100.0,100.0
2020-02-11,100.0,97.2,98.9,100.0,99.9,100.0,,,,,,,100.0,99.9,100.0,100.0
2020-02-12,100.0,97.0,98.9,,,,,,,,,,100.0,99.9,100.0,100.0
2020-02-13,99.9,97.0,99.3,,,,,,,100.0,98.3,100.0,100.0,99.9,100.0,100.0
2020-02-14,99.9,96.6,99.2,,,,,,,99.2,98.4,100.0,100.0,99.9,100.0,100.0
2020-02-15,,,,,,,,,,,,,100.0,99.9,100.0,100.0
2020-02-16,,,,100.0,100.0,87.7,,,,100.0,97.3,31.9,100.0,99.9,100.0,100.0
2020-02-17,99.9,97.0,98.9,,,,,,,,,,100.0,99.9,100.0,100.0
2020-02-18,100.0,97.1,99.3,,,,,,,,,,100.0,99.9,100.0,100.0
2020-02-19,,,,,,,,,,,,,100.0,99.8,100.0,100.0
2020-02-20,99.9,96.2,99.3,,,,,,,99.2,98.4,100.0,100.0,99.9,100.0,100.0
2020-02-21,,,,100.0,100.0,100.0,,,,100.0,98.7,100.0,100.0,99.9,100.0,100.0
2020-02-22,,,,,,,,,,100.0,98.9,100.0,100.0,99.8,100.0,100.0
2020-02-23,99.9,95.6,98.7,,,,,,,,,,100.0,99.8,100.0,100.0
2020-02-24,99.9,95.0,98.7,,,,,,,,,,100.0,99.8,100.0,100.0
2020-02-25,100.0,95.2,98.7,,,,,,,,,,100.0,99.8,100.0,100.0
2020-02-26,100.0,93.6,98.3,,,,,,,,,,100.0,99.6,100.0,100.0
2020-02-27,,,,,,,,,,,,,100.0,99.6,100.0,100.0
2020-02-28,,,,,,,,,,,,,100.0,99.5,100.0,100.0
2020-02-29,100.0,92.1,97.8,,,,,,,,,,100.0,99.5,100.0,100.0
2020-03-01,100.0,90.7,98.6,,,,,,,100.0,98.0,100.0,100.0,99.3,100.0,100.0
2020-03-02,100.0,93.8,98.4,,,,,,,,,,100.0,99.4,100.0,100.0
2020-03-03,100.0,94.4,98.6,,,,,,,100.0,97.9,97.7,100.0,99.4,100.0,100.0
2020-03-04,,,,,,,,,,,,,100.0,99.4,100.0,100.0
2020-03-05,,,,,,,,,,,,,100.0,99.4,100.0,100.0
2020-03-06,100.0,96.6,98.6,,,,100.0,100.0,45.4,,,,100.0,99.6,100.0,100.0
2020-03-07,100.0,96.5,98.4,100.0,100.0,38.7,,,,,,,100.0,99.7,100.0,100.0
2020-03-08,100.0,97.8,98.6,,,,,,,,,,100.0,99.7,100.0,100.0
2020-03-09,100.0,98.3,98.3,,,,,,,,,,100.0,99.7,100.0,100.0
2020-03-10,,,,,,,,,,100.0,97.2,100.0,100.0,99.7,100.0,100.0
2020-03-11,,,,,,,,,,,,,100.0,99.8,100.0,100.0
2020-03-12,100.0,98.7,98.4,100.0,100.0,100.0,,,,,,,100.0,99.9,100.0,100.0
2020-03-13,100.0,98.3,98.3,,,,100.0,100.0,79.5,,,,100.0,99.9,100.0,100.0
2020-03-14,100.0,98.3,98.6,,,,,,,100.0,97.7,100.0,100.0,99.9,100.0,100.0
2020-03-15,100.0,99.0,98.6,,,,,,,100.0,97.2,100.0,100.0,99.9,100.0,100.0
2020-03-16,,,,,,,,,,,,,100.0,99.9,100.0,100.0
2020-03-17,,,,100.0,99.9,100.0,,,,,,,100.0,99.9,100.0,100.0
2020-03-18,100.0,99.6,98.6,,,,,,,99.8,97.5,100.0,100.0,99.8,100.0,100.0
2020-03-19,100.0,99.5,98.6,,,,,,,,,,100.0,99.9,100.0,100.0
2020-03-20,100.0,99.2,98.6,,,,,,,,,,100.0,99.9,100.0,100.0
2020-03-21,100.0,99.2,98.7,,,,,,,,,,100.0,99.8,100.0,100.0
2020-03-22,,,,100.0,99.7,100.0,100.0,96.3,100.0,100.0,97.6,100.0,100.0,99.9,100.0,100.0
2020-03-23,,,,,,,,,,100.0,97.8,100.0,100.0,99.8,100.0,100.0
2020-03-24,100.0,99.4,98.7,,,,,,,,,,100.0,99.8,100.0,100.0
2020-03-25,100.0,99.5,98.6,,,,,,,,,,100.0,99.8,100.0,100.0
2020-03-26,100.0,99.2,98.6,,,,,,,,,,100.0,99.8,100.0,100.0
2020-03-27,100.0,98.9,98.6,100.0,99.8,100.0,,,,100.0,96.3,90.5,100.0,99.8,100.0,100.0
2020-03-28,,,,,,,,,,,,,100.0,99.8,100.0,100.0
2020-03-29,,,,,,,,,,,,,100.0,99.7,100.0,100.0
2020-03-30,100.0,99.0,98.7,,,,,,,,,,100.0,99.7,100.0,100.0
2020-03-31,100.0,98.7,98.6,,,,,,,100.0,95.1,100.0,100.0,99.7,100.0,100.0
2020-04-01,100.0,98.0,98.7,100.0,99.9,100.0,,,,,,,100.0,99.7,100.0,100.0
2020-04-02,100.0,95.8,98.8,,,,,,,,,,100.0,99.5,100.0,100.0
2020-04-03,,,,,,,,,,99.4,92.3,100.0,100.0,99.4,100.0,100.0
2020-04-04,,,,,,,,,,99.0,89.7,100.0,100.0,99.2,100.0,100.0
2020-04-05,100.0,95.1,98.6,,,,,,,97.2,83.3,100.0,100.0,99.2,100.0,100.0
2020-04-06,100.0,93.8,98.4,100.0,96.4,100.0,,,,,,,100.0,99.0,100.0,100.0
2020-04-07,100.0,93.7,98.4,,,,100.0,86.4,41.4,96.1,80.8,100.0,100.0,98.5,100.0,100.0
2020-04-08,99.5,91.1,98.6,,,,,,,90.9,67.5,100.0,100.0,97.7,100.0,100.0
2020-04-09,,,,,,,,,,,,,100.0,96.5,100.0,100.0
2020-04-10,,,,,,,,,,,,,100.0,94.3,100.0,100.0
2020-04-11,98.5,90.6,98.2,92.5,87.2,100.0,,,,,,,99.8,93.1,100.0,99.8
2020-04-12,82.8,69.4,98.8,,,,,,,88.4,67.3,100.0,95.7,86.6,100.0,95.7
2020-04-13,60.9,48.9,98.7,,,,,,,83.0,59.8,100.0,93.1,82.3,100.0,93.1
2020-04-14,5.9,15.4,98.7,,,,4.9,12.9,39.6,,,,79.2,72.1,100.0,79.2
2020-04-15,,,,,,,,,,33.5,38.8,100.0,56.4,58.7,100.0,56.4
2020-04-16,,,,8.7,32.8,100.0,,,,,,,10.6,35.7,100.0,10.6
2020-04-17,0.2,5.6,98.6,,,,,,,18.5,31.6,100.0,0.5,16.4,100.0,0.5
2020-04-18,0.0,0.9,98.6,,,,,,,,,,0.2,10.1,100.0,0.2
2020-04-19,,,,,,,,,,,,,0.0,5.2,100.0,0.0
2020-04-20,0.0,0.1,98.6,,,,,,,3.1,26.9,69.7,0.0,2.7,100.0,0.0
2020-04-21,,,,,,,,,,,,,0.0,1.7,100.0,0.0
2020-04-22,,,,,,,,,,,,,0.0,1.3,100.0,0.0
2020-04-23,0.0,0.1,98.4,,,,0.0,0.2,98.1,0.0,10.8,100.0,0.0,0.9,100.0,0.0
2020-04-24,0.1,0.1,98.7,,,,,,,0.0,5.1,100.0,0.0,0.9,100.0,0.0
2020-04-25,0.0,0.1,98.6,,,,,,,0.0,3.7,100.0,0.0,0.7,100.0,0.0
2020-04-26,0.0,0.0,98.6,,,,,,,,,,0.0,1.0,100.0,0.0
2020-04-27,,,,,,,,,,0.0,2.8,100.0,0.0,1.0,100.0,0.0
2020-04-28,,,,,,,,,,,,,0.0,1.4,100.0,0.0
2020-04-29,0.0,0.0,98.6,,,,,,,,,,0.0,1.5,100.0,0.0
2020-04-30,0.0,0.0,98.6,,,,,,,,,,0.0,1.9,100.0,0.0
2020-05-01,0.0,0.1,98.4,,,,,,,,,,0.0,2.5,100.0,0.0
2020-05-02,0.0,0.0,98.6,,,,,,,,,,0.0,2.9,100.0,0.0
2020-05-03,,,,,,,,,,0.0,0.8,100.0,0.0,2.9,100.0,0.0
2020-05-04,,,,,,,,,,,,,0.0,3.6,100.0,0.0
2020-05-05,0.0,0.1,98.2,,,,,,,,,,0.0,3.5,100.0,0.0
2020-05-06,0.0,0.1,98.6,0.0,0.4,38.3,,,,,,,0.0,3.4,100.0,0.0
2020-05-07,0.0,0.3,98.4,,,,,,,,,,0.0,3.1,100.0,0.0
2020-05-08,0.0,0.2,98.6,,,,,,,,,,0.0,3.5,100.0,0.0
2020-05-09,,,,,,,,,,,,,0.0,4.5,100.0,0.0
2020-05-10,,,,,,,,,,,,,0.0,4.1,100.0,0.0
2020-05-11,0.1,0.4,98.7,0.0,0.4,87.8,,,,,,,0.0,2.8,100.0,0.0
2020-05-12,0.0,0.3,98.6,,,,,,,,,,0.0,2.7,100.0,0.0
2020-05-13,0.2,0.7,98.8,,,,,,,,,,0.0,2.7,100.0,0.0
2020-05-14,0.0,0.5,98.6,,,,,,,,,,0.0,2.8,100.0,0.0
2020-05-15,,,,,,,,,,,,,0.0,3.9,100.0,0.0
2020-05-16,,,,,,,,,,,,,0.0,3.9,100.0,0.0
2020-05-17,0.0,0.7,98.6,,,,,,,,,,0.0,3.4,100.0,0.0
2020-05-18,0.0,0.6,98.0,,,,,,,,,,0.0,1.9,100.0,0.0
2020-05-19,0.0,1.6,98.4,,,,,,,,,,0.0,2.2,100.0,0.0
2020-05-20,0.0,1.2,98.3,,,,,,,,,,0.0,2.0,100.0,0.0
2020-05-21,,,,0.0,0.0,100.0,,,,0.0,0.3,97.7,0.0,1.4,100.0,0.0
2020-05-22,,,,,,,,,,,,,0.0,1.1,100.0,0.0
2020-05-23,0.0,1.1,98.1,,,,,,,,,,0.0,1.1,100.0,0.0
2020-05-24,0.0,0.7,98.6,,,,,,,0.0,0.2,100.0,0.0,0.8,100.0,0.0
2020-05-25,0.0,0.7,98.6,,,,0.0,0.0,32.1,0.0,0.1,100.0,0.0,0.4,100.0,0.0
2020-05-26,0.0,0.4,98.6,0.0,0.0,100.0,,,,,,,0.0,0.2,100.0,0.0
2020-05-27,,,,,,,,,,,,,0.0,0.2,100.0,0.0
2020-05-28,,,,,,,,,,,,,0.0,0.1,100.0,0.0
2020-05-29,0.0,0.3,98.4,,,,,,,,,,0.0,0.1,100.0,0.0
2020-05-30,0.0,0.3,98.6,,,,,,,,,,0.0,0.1,100.0,0.0
2020-05-31,0.1,0.3,98.7,,,,,,,,,,0.0,0.1,100.0,0.0
2020-06-01,0.0,0.2,98.4,,,,0.0,0.0,100.0,0.0,0.1,34.4,0.0,0.0,100.0,0.0
2020-06-02,,,,,,,,,,,,,0.0,0.0,100.0,0.0
2020-06-03,,,,,,,,,,,,,0.0,0.0,100.0,0.0
2020-06-04,0.0,0.2,98.6,,,,,,,,,,0.0,0.1,100.0,0.0
2020-06-05,0.0,0.2,98.6,,,,,,,,,,0.0,0.1,100.0,0.0
2020-06-06,0.0,0.2,98.6,,,,,,,,,,0.0,0.1,100.0,0.0
2020-06-07,0.0,0.2,98.3,,,,,,,,,,0.0,0.2,100.0,0.0
2020-06-08,,,,,,,,,,,,,0.0,0.3,100.0,0.0
2020-06-09,,,,,,,,,,,,,0.0,0.7,100.0,0.0
2020-06-10,0.0,0.4,98.6,,,,,,,,,,0.0,0.7,100.0,0.0
2020-06-11,0.0,0.4,98.6,,,,,,,,,,0.0,1.1,100.0,0.0
2020-06-12,0.0,0.4,98.4,,,,,,,0.0,0.1,31.2,0.0,1.1,100.0,0.0
2020-06-13,0.0,0.5,98.4,,,,,,,0.0,0.0,100.0,0.0,1.5,100.0,0.0
2020-06-14,,,,,,,,,,,,,0.0,1.5,100.0,0.0
2020-06-15,,,,,,,,,,,,,0.0,1.5,100.0,0.0
2020-06-16,0.0,0.2,98.3,,,,,,,,,,0.0,1.1,100.0,0.0
2020-06-17,0.0,0.2,98.6,,,,,,,,,,0.0,1.6,100.0,0.0
2020-06-18,,,,,,,,,,,,,0.0,2.1,100.0,0.0
2020-06-19,0.1,0.2,98.8,,,,,,,,,,0.0,2.2,100.0,0.0
2020-06-20,,,,0.0,0.0,91.2,,,,0.0,0.0,100.0,0.0,1.5,100.0,0.0
2020-06-21,,,,,,,,,,,,,0.0,1.4,100.0,0.0
2020-06-22,0.0,0.1,98.6,,,,,,,,,,0.0,1.3,100.0,0.0
2020-06-23,0.0,0.1,98.3,,,,,,,,,,0.0,1.5,100.0,0.0
2020-06-24,,,,,,,,,,,,,0.0,1.2,100.0,0.0
2020-06-25,0.0,0.2,98.4,,,,,,,0.0,0.0,100.0,0.0,1.1,100.0,0.0
2020-06-26,,,,,,,,,,0.0,0.0,92.3,0.0,1.2,100.0,0.0
2020-06-27,,,,,,,,,,,,,0.0,1.5,100.0,0.0
2020-06-28,0.0,0.1,98.4,,,,,,,0.0,0.0,100.0,0.0,0.8,100.0,0.0
2020-06-29,0.0,0.1,98.4,,,,,,,0.0,0.0,95.4,0.0,0.7,100.0,0.0
2020-06-30,0.0,0.1,98.4,0.0,0.0,100.0,,,,0.0,0.0,100.0,0.0,0.5,100.0,0.0
2020-07-01,0.1,0.1,98.6,,,,,,,,,,0.0,0.6,100.0,0.0
2020-07-02,,,,,,,,,,,,,0.0,0.4,100.0,0.0
2020-07-03,,,,,,,,,,,,,0.0,0.5,100.0,0.0
2020-07-04,0.0,0.1,98.2,,,,,,,0.0,0.0,100.0,0.0,0.3,100.0,0.0
2020-07-05,0.0,0.1,98.6,0.0,0.0,100.0,,,,,,,0.0,0.2,100.0,0.0
2020-07-06,0.0,0.1,98.3,,,,,,,,,,0.0,0.1,100.0,0.0
2020-07-07,0.0,0.1,98.3,,,,,,,,,,0.0,0.1,100.0,0.0
2020-07-08,,,,,,,,,,0.0,0.0,100.0,0.0,0.1,100.0,0.0
2020-07-09,,,,,,,,,,,,,0.0,0.0,100.0,0.0
2020-07-10,0.0,0.0,98.4,0.0,0.0,100.0,,,,,,,0.0,0.0,100.0,0.0
2020-07-11,0.0,0.1,98.6,,,,,,,,,,0.0,0.0,100.0,0.0
2020-07-12,0.0,0.1,98.4,,,,0.0,0.0,100.0,,,,0.0,0.0,100.0,0.0
2020-07-13,0.0,0.0,98.3,,,,,,,,,,0.0,0.0,100.0,0.0
2020-07-14,,,,,,,,,,,,,0.0,0.0,100.0,0.0
2020-07-15,,,,,,,,,,,,,0.0,0.0,100.0,0.0
2020-07-16,0.0,0.1,98.4,,,,,,,,,,0.0,0.0,100.0,0.0
2020-07-17,0.0,0.1,98.4,,,,,,,,,,0.0,0.0,100.0,0.0
2020-07-18,0.0,0.1,98.4,,,,,,,,,,0.0,0.0,100.0,0.0
2020-07-19,0.0,0.1,98.3,,,,0.0,0.0,100.0,,,,0.0,0.0,100.0,0.0
2020-07-20,,,,0.0,0.0,100.0,,,,,,,0.0,0.0,100.0,0.0
2020-07-21,,,,,,,,,,,,,0.0,0.0,100.0,0.0
2020-07-22,0.0,0.1,98.2,,,,,,,,,,0.0,0.0,100.0,0.0
2020-07-23,0.0,0.1,98.2,,,,,,,,,,0.0,0.0,100.0,0.0
2020-07-24,0.0,0.2,98.0,,,,,,,,,,0.0,0.0,100.0,0.0
2020-07-25,0.0,0.3,98.1,,,,,,,,,,0.0,0.0,100.0,0.0
2020-07-26,,,,,,,,,,,,,0.0,0.0,100.0,0.0
2020-07-27,,,,,,,,,,,,,0.0,0.0,100.0,0.0
2020-07-28,0.0,0.7,98.3,,,,0.0,0.0,100.0,,,,0.0,0.0,100.0,0.0
2020-07-29,0.0,0.5,98.3,,,,,,,,,,0.0,0.0,100.0,0.0
2020-07-30,,,,0.0,0.0,95.7,,,,,,,0.0,0.0,100.0,0.0
2020-07-31,0.0,0.6,98.1,,,,,,,,,,0.0,0.0,100.0,0.0
2020-08-01,,,,,,,,,,,,,0.0,0.0,100.0,0.0
2020-08-02,,,,,,,,,,0.0,0.0,100.0,0.0,0.0,100.0,0.0
2020-08-03,0.0,0.6,98.3,,,,,,,,,,0.0,0.0,100.0,0.0
2020-08-04,0.0,0.6,98.0,,,,,,,,,,0.0,0.0,100.0,0.0
2020-08-05,0.0,0.4,98.6,,,,,,,,,,0.0,0.1,100.0,0.0
2020-08-06,0.0,0.2,98.1,,,,,,,0.0,0.0,100.0,0.0,0.1,100.0,0.0
2020-08-07,,,,,,,,,,0.0,0.0,100.0,0.0,0.0,100.0,0.0
2020-08-08,,,,,,,,,,,,,0.0,0.1,100.0,0.0
2020-08-09,0.0,0.2,98.0,0.0,0.0,100.0,,,,,,,0.0,0.0,100.0,0.0
2020-08-10,0.0,0.3,98.1,,,,,,,,,,0.0,0.0,100.0,0.0
2020-08-11,0.0,0.4,98.2,,,,,,,0.0,0.0,100.0,0.0,0.0,100.0,0.0
2020-08-12,0.0,0.3,98.1,,,,,,,0.0,0.0,74.2,0.0,0.0,100.0,0.0
2020-08-13,,,,,,,0.0,0.0,89.8,,,,0.0,0.0,100.0,0.0
2020-08-14,,,,,,,,,,,,,0.0,0.0,100.0,0.0
2020-08-15,0.0,0.7,98.1,,,,,,,0.0,0.0,100.0,0.0,0.0,100.0,0.0
2020-08-16,0.0,0.8,89.3,,,,,,,,,,0.0,0.0,100.0,0.0
2020-08-17,0.0,0.8,89.2,,,,,,,,,,0.0,0.0,100.0,0.0
2020-08-18,0.1,0.6,89.2,,,,,,,,,,0.0,0.0,100.0,0.0
2020-08-19,,,,0.0,0.0,100.0,,,,0.0,0.0,100.0,0.0,0.0,100.0,0.0
2020-08-20,,,,,,,0.0,0.0,100.0,0.0,0.0,100.0,0.0,0.0,100.0,0.0
2020-08-21,0.0,0.7,89.2,,,,,,,,,,0.0,0.0,100.0,0.0
2020-08-22,0.1,0.7,89.2,,,,,,,0.0,0.0,100.0,0.0,0.0,100.0,0.0
2020-08-23,0.1,0.9,89.2,,,,,,,0.0,0.0,100.0,0.0,0.0,100.0,0.0
2020-08-24,0.1,0.8,89.2,0.0,0.0,92.9,,,,,,,0.0,0.0,100.0,0.0
2020-08-25,,,,,,,,,,,,,0.0,0.1,100.0,0.0
2020-08-26,,,,,,,,,,0.0,0.0,100.0,0.0,0.1,100.0,0.0
2020-08-27,0.1,1.2,89.2,,,,,,,0.0,0.0,100.0,0.0,0.1,100.0,0.0
2020-08-28,0.1,1.8,98.7,,,,,,,,,,0.0,0.1,100.0,0.0
2020-08-29,0.0,0.7,97.7,,,,,,,,,,0.0,0.1,100.0,0.0
2020-08-30,0.0,0.4,98.0,,,,,,,,,,0.0,0.1,100.0,0.0
2020-08-31,,,,,,,,,,,,,0.0,0.1,100.0,0.0
2020-09-01,,,,,,,,,,0.0,0.0,100.0,0.0,0.1,100.0,0.0
2020-09-02,0.0,0.3,98.3,,,,,,,,,,0.0,0.0,100.0,0.0
2020-09-03,0.0,0.3,98.7,0.0,0.0,100.0,,,,,,,0.0,0.0,100.0,0.0
2020-09-04,0.0,0.2,98.7,,,,,,,0.0,0.0,100.0,0.0,0.0,100.0,0.0
2020-09-05,0.0,0.1,98.7,,,,0.0,0.0,100.0,,,,0.0,0.0,100.0,0.0
2020-09-06,,,,,,,,,,,,,0.0,0.0,100.0,0.0
2020-09-07,,,,,,,,,,0.0,0.0,100.0,0.0,0.0,100.0,0.0
2020-09-08,0.0,0.1,98.6,0.0,0.0,100.0,,,,,,,0.0,0.0,100.0,0.0
2020-09-09,0.0,0.1,98.7,,,,,,,,,,0.0,0.0,100.0,0.0
2020-09-10,0.0,0.2,98.6,,,,,,,,,,0.0,0.0,100.0,0.0
2020-09-11,0.0,0.2,98.6,,,,,,,0.0,0.0,100.0,0.0,0.0,100.0,0.0
2020-09-12,,,,,,,,,,,,,0.0,0.0,100.0,0.0
2020-09-13,,,,0.0,0.1,100.0,,,,,,,0.0,0.0,100.0,0.0
2020-09-14,0.0,0.3,98.4,,,,0.0,0.0,100.0,,,,0.0,0.0,100.0,0.0
2020-09-15,0.0,0.5,98.6,,,,,,,,,,0.0,0.0,100.0,0.0
2020-09-16,0.0,0.4,98.4,,,,,,,,,,0.0,0.0,100.0,0.0
2020-09-17,0.0,0.4,98.6,,,,,,,,,,0.0,0.0,100.0,0.0
2020-09-18,,,,0.0,0.1,100.0,,,,,,,0.0,0.0,100.0,0.0
2020-09-19,,,,,,,,,,,,,0.0,0.0,100.0,0.0
2020-09-20,0.0,0.3,98.7,,,,,,,,,,0.0,0.0,100.0,0.0
2020-09-21,0.0,0.3,98.3,,,,,,,,,,0.0,0.0,100.0,0.0
2020-09-22,0.0,0.3,98.6,,,,,,,,,,0.0,0.1,100.0,0.0
2020-09-23,0.0,0.2,98.7,,,,,,,,,,0.0,0.1,100.0,0.0
2020-09-24,,,,,,,,,,,,,0.0,0.2,100.0,0.0
2020-09-25,,,,,,,,,,,,,0.0,0.3,100.0,0.0
2020-09-26,0.0,0.4,98.3,,,,,,,,,,0.0,0.5,100.0,0.0
2020-09-27,0.0,0.5,98.7,,,,,,,,,,0.0,0.5,100.0,0.0
2020-09-28,0.0,0.4,98.6,,,,,,,,,,0.0,0.6,100.0,0.0
2020-09-29,0.0,0.3,98.7,,,,,,,,,,0.0,0.9,100.0,0.0
2020-09-30,,,,,,,,,,0.0,0.0,100.0,0.0,1.2,100.0,0.0
2020-10-01,,,,,,,,,,,,,0.0,2.0,100.0,0.0
2020-10-02,0.0,0.4,98.6,,,,,,,,,,0.0,1.7,100.0,0.0
2020-10-03,0.0,0.4,98.4,,,,,,,,,,0.0,2.4,100.0,0.0
2020-10-04,0.2,0.6,98.7,,,,,,,0.0,0.1,64.6,0.0,2.0,100.0,0.0
2020-10-05,0.2,0.6,98.6,,,,,,,,,,0.0,3.1,100.0,0.0
2020-10-06,,,,,,,,,,0.0,0.1,100.0,0.0,3.2,100.0,0.0
2020-10-07,,,,,,,,,,,,,0.0,3.9,100.0,0.0
2020-10-08,0.5,1.1,98.7,,,,,,,0.0,0.2,41.5,0.0,2.9,100.0,0.0
2020-10-09,0.0,0.5,98.7,,,,,,,,,,0.0,3.1,100.0,0.0
2020-10-10,0.0,1.2,98.7,,,,,,,,,,0.0,3.2,100.0,0.0
2020-10-11,0.0,1.2,98.7,,,,,,,,,,0.0,4.7,100.0,0.0
2020-10-12,,,,,,,,,,0.0,0.1,100.0,0.0,4.5,100.0,0.0
2020-10-13,,,,0.0,0.1,100.0,,,,0.0,0.1,100.0,0.0,3.5,100.0,0.0
2020-10-14,0.0,2.0,98.4,,,,,,,0.0,0.1,100.0,0.0,4.0,100.0,0.0
2020-10-15,0.0,3.5,98.4,,,,,,,,,,0.0,5.1,100.0,0.0
2020-10-16,,,,,,,,,,,,,0.0,5.7,100.0,0.0
2020-10-17,0.0,4.7,98.7,,,,,,,0.0,0.1,100.0,0.0,3.8,100.0,0.0
2020-10-18,,,,0.0,0.1,99.5,,,,,,,0.0,4.4,100.0,0.0
2020-10-19,,,,,,,,,,,,,0.0,4.7,100.0,0.0
2020-10-20,0.0,3.7,98.3,,,,,,,,,,0.0,5.3,100.0,0.0
2020-10-21,0.0,2.0,98.6,,,,,,,0.0,0.1,100.0,0.0,3.7,100.0,0.0
2020-10-22,0.0,2.7,98.7,,,,,,,,,,0.0,4.4,100.0,0.0
2020-10-23,0.0,2.5,98.6,,,,,,,,,,0.0,4.2,100.0,0.0
2020-10-24,,,,,,,,,,,,,0.0,4.7,100.0,0.0
2020-10-25,,,,,,,,,,0.0,0.3,100.0,0.0,3.5,100.0,0.0
2020-10-26,0.0,2.0,98.7,,,,,,,,,,0.0,4.8,100.0,0.0
2020-10-27,0.0,2.2,98.6,,,,,,,,,,0.0,4.9,100.0,0.0
2020-10-28,0.0,2.0,98.7,0.0,0.5,100.0,,,,,,,0.0,5.3,100.0,0.0
2020-10-29,0.0,1.5,98.4,,,,,,,,,,0.0,5.7,100.0,0.0
2020-10-30,,,,,,,,,,,,,0.0,5.0,100.0,0.0
2020-10-31,,,,,,,,,,,,,0.0,5.1,100.0,0.0
2020-11-01,0.0,0.9,98.2,,,,,,,,,,0.0,5.4,100.0,0.0
2020-11-02,0.0,0.6,98.7,0.0,0.3,100.0,,,,0.0,0.4,100.0,0.0,3.6,100.0,0.0
2020-11-03,0.0,0.5,98.4,,,,,,,,,,0.0,3.6,100.0,0.0
2020-11-04,0.0,0.6,98.6,,,,,,,,,,0.0,3.7,100.0,0.0
2020-11-05,,,,,,,,,,,,,0.0,4.5,100.0,0.0
2020-11-06,,,,,,,,,,,,,0.0,4.4,100.0,0.0
2020-11-07,0.0,0.6,98.1,0.0,0.3,100.0,,,,,,,0.0,3.8,100.0,0.0
2020-11-08,0.0,0.9,98.6,,,,,,,,,,0.0,3.4,100.0,0.0
2020-11-09,0.0,0.9,98.6,,,,,,,,,,0.0,3.2,100.0,0.0
2020-11-10,0.0,1.2,98.6,,,,,,,,,,0.0,2.0,100.0,0.0
2020-11-11,,,,,,,,,,,,,0.0,1.9,100.0,0.0
2020-11-12,,,,0.0,0.1,100.0,,,,,,,0.0,1.7,100.0,0.0
2020-11-13,0.0,1.2,98.6,,,,,,,,,,0.0,1.9,100.0,0.0
2020-11-14,0.0,1.0,98.7,,,,,,,,,,0.0,2.0,100.0,0.0
2020-11-15,0.0,0.9,98.6,,,,,,,,,,0.0,2.3,100.0,0.0
2020-11-16,0.0,0.8,98.6,,,,,,,,,,0.0,2.4,100.0,0.0
2020-11-17,,,,0.0,0.2,100.0,,,,,,,0.0,2.1,100.0,0.0
2020-11-18,,,,,,,,,,,,,0.0,2.1,100.0,0.0
2020-11-19,0.0,0.6,98.3,,,,,,,,,,0.0,2.4,100.0,0.0
2020-11-20,0.0,0.6,98.6,,,,,,,,,,0.0,2.8,100.0,0.0
2020-11-21,0.0,0.6,98.7,,,,,,,,,,0.0,2.6,100.0,0.0
2020-11-22,0.0,0.7,98.3,0.0,1.8,100.0,,,,,,,0.0,3.5,100.0,0.0
2020-11-23,,,,,,,,,,,,,0.0,3.6,100.0,0.0
2020-11-24,,,,,,,0.3,0.5,78.0,,,,0.0,4.1,100.0,0.0
2020-11-25,0.0,0.6,98.3,,,,,,,,,,0.0,3.4,100.0,0.0
2020-11-26,0.0,0.7,98.7,,,,,,,,,,0.0,5.7,100.0,0.0
2020-11-27,0.0,1.1,98.4,0.1,13.4,100.0,,,,,,,0.0,6.2,100.0,0.0
2020-11-28,0.0,2.0,98.6,,,,,,,0.0,1.9,100.0,0.0,10.6,100.0,0.0
2020-11-29,,,,,,,,,,0.0,4.1,100.0,0.0,11.0,100.0,0.0
2020-11-30,,,,,,,,,,,,,0.0,21.7,100.0,0.0
2020-12-01,0.0,2.9,98.3,,,,,,,,,,0.2,25.5,100.0,0.2
2020-12-02,0.0,5.7,98.7,,,,,,,0.0,12.0,100.0,4.5,44.6,100.0,4.5
2020-12-03,0.0,10.7,98.7,,,,47.7,45.1,100.0,0.0,16.2,100.0,17.1,49.3,100.0,17.1
2020-12-04,7.0,21.2,98.6,,,,,,,,,,87.7,69.3,100.0,87.7
2020-12-05,,,,,,,,,,,,,85.7,69.0,100.0,85.7
2020-12-06,,,,,,,,,,,,,98.6,80.8,100.0,98.6
2020-12-07,20.0,28.4,98.4,,,,,,,4.7,29.3,100.0,99.2,84.3,100.0,99.2
2020-12-08,38.7,36.1,98.6,,,,,,,,,,100.0,91.7,100.0,100.0
2020-12-09,43.6,37.8,98.6,,,,,,,,,,100.0,92.3,100.0,100.0
2020-12-10,58.7,44.4,98.7,,,,100.0,99.9,99.9,40.0,44.6,100.0,100.0,97.0,100.0,100.0
2020-12-11,,,,,,,,,,3.1,34.2,100.0,100.0,97.0,100.0,100.0
2020-12-12,,,,98.9,94.2,100.0,,,,40.7,46.0,100.0,100.0,98.5,100.0,100.0
2020-12-13,71.6,52.0,98.6,,,,,,,,,,100.0,98.6,100.0,100.0
2020-12-14,75.2,57.8,98.7,,,,,,,34.2,45.1,100.0,100.0,98.8,100.0,100.0
2020-12-15,84.0,65.2,98.6,,,,,,,85.9,59.4,100.0,100.0,98.8,100.0,100.0
2020-12-16,87.9,71.7,98.7,,,,,,,100.0,74.4,100.0,100.0,99.0,100.0,100.0
2020-12-17,,,,100.0,97.2,100.0,,,,,,,100.0,99.2,100.0,100.0
2020-12-18,,,,,,,,,,100.0,88.7,100.0,100.0,99.0,100.0,100.0
2020-12-19,93.2,76.5,98.7,,,,,,,100.0,93.4,100.0,100.0,99.2,100.0,100.0
2020-12-20,95.1,77.3,98.7,,,,,,,,,,100.0,99.5,100.0,100.0
2020-12-21,97.3,81.5,98.6,,,,,,,,,,100.0,99.5,100.0,100.0
2020-12-22,99.8,87.4,98.4,,,,,,,,,,100.0,99.6,100.0,100.0
2020-12-23,,,,,,,,,,100.0,98.0,100.0,100.0,99.7,100.0,100.0
2020-12-24,,,,,,,,,,100.0,98.3,100.0,100.0,99.8,100.0,100.0
2020-12-25,100.0,91.5,98.2,,,,,,,,,,100.0,99.8,100.0,100.0
2020-12-26,100.0,92.9,98.6,,,,100.0,100.0,100.0,,,,100.0,99.9,100.0,100.0
2020-12-27,100.0,94.0,98.6,100.0,99.5,100.0,,,,100.0,98.9,100.0,100.0,99.9,100.0,100.0
2020-12-28,100.0,95.1,98.7,,,,,,,,,,100.0,99.9,100.0,100.0
2020-12-29,,,,,,,,,,,,,100.0,99.9,100.0,100.0
2020-12-30,,,,,,,,,,100.0,98.8,100.0,100.0,99.8,100.0,100.0
2020-12-31,100.0,96.6,98.7,,,,,,,100.0,99.4,100.0,100.0,99.8,100.0,100.0
2021-01-01,100.0,96.1,99.6,,,,,,,,,,100.0,99.7,100.0,100.0
2021-01-02,100.0,96.3,99.4,,,,,,,,,,100.0,99.7,100.0,100.0
2021-01-03,100.0,95.4,99.5,,,,,,,,,,100.0,99.8,100.0,100.0
2021-01-04,,,,,,,,,,,,,100.0,99.7,100.0,100.0
2021-01-05,,,,,,,,,,,,,100.0,99.9,100.0,100.0
2021-01-06,100.0,95.8,99.4,,,,,,,,,,100.0,99.9,100.0,100.0
2021-01-07,100.0,95.1,99.6,,,,,,,100.0,99.4,100.0,100.0,99.9,100.0,100.0
2021-01-08,100.0,95.4,99.5,,,,,,,,,,100.0,99.9,100.0,100.0
2021-01-09,100.0,93.9,99.6,,,,,,,,,,100.0,100.0,100.0,100.0
2021-01-10,,,,,,,,,,,,,100.0,100.0,100.0,100.0
2021-01-11,,,,100.0,99.6,100.0,100.0,100.0,100.0,,,,100.0,100.0,100.0,100.0
2021-01-12,100.0,93.8,99.6,,,,,,,,,,100.0,100.0,100.0,100.0
2021-01-13,100.0,94.2,99.5,,,,,,,,,,100.0,100.0,100.0,100.0
2021-01-14,100.0,94.7,99.6,,,,,,,100.0,99.7,100.0,100.0,100.0,100.0,100.0
2021-01-15,100.0,94.0,99.6,,,,,,,,,,100.0,100.0,100.0,100.0
2021-01-16,,,,100.0,100.0,100.0,,,,,,,100.0,100.0,100.0,100.0
2021-01-17,,,,,,,,,,,,,100.0,100.0,100.0,100.0
2021-01-18,100.0,95.4,99.4,,,,,,,100.0,99.8,100.0,100.0,100.0,100.0,100.0
2021-01-19,100.0,96.1,99.4,,,,,,,,,,100.0,100.0,100.0,100.0
2021-01-20,100.0,97.3,99.6,,,,100.0,100.0,47.2,,,,100.0,100.0,100.0,100.0
2021-01-21,100.0,97.3,99.5,,,,,,,,,,100.0,100.0,100.0,100.0
2021-01-22,,,,,,,,,,,,,100.0,99.9,100.0,100.0
2021-01-23,,,,,,,,,,,,,100.0,99.9,100.0,100.0
2021-01-24,100.0,97.9,99.5,,,,,,,,,,100.0,99.9,100.0,100.0
2021-01-25,100.0,98.2,99.5,,,,,,,,,,100.0,99.9,100.0,100.0
2021-01-26,100.0,98.3,99.6,100.0,100.0,100.0,,,,100.0,99.9,100.0,100.0,100.0,100.0,100.0
2021-01-27,100.0,98.5,99.5,,,,,,,,,,100.0,99.9,100.0,100.0
2021-01-28,,,,,,,,,,,,,100.0,99.9,100.0,100.0
2021-01-29,,,,,,,,,,,,,100.0,99.9,100.0,100.0
2021-01-30,100.0,98.6,99.5,,,,,,,,,,100.0,99.9,100.0,100.0
2021-01-31,100.0,98.5,99.4,100.0,100.0,100.0,,,,100.0,99.9,100.0,100.0,100.0,100.0,100.0
2021-02-01,100.0,98.6,99.4,,,,,,,,,,100.0,100.0,100.0,100.0
2021-02-02,100.0,98.6,99.4,,,,,,,,,,100.0,100.0,100.0,100.0
2021-02-03,,,,,,,,,,100.0,99.9,100.0,100.0,100.0,100.0,100.0
2021-02-04,,,,,,,,,,,,,100.0,100.0,100.0,100.0
2021-02-05,100.0,98.8,99.5,100.0,99.9,100.0,100.0,100.0,100.0,100.0,99.9,100.0,100.0,100.0,100.0,100.0
2021-02-06,100.0,98.6,99.5,,,,,,,,,,100.0,100.0,100.0,100.0
2021-02-07,100.0,98.8,99.5,,,,,,,,,,100.0,100.0,100.0,100.0
2021-02-08,100.0,98.7,99.4,,,,,,,,,,100.0,100.0,100.0,100.0
2021-02-09,,,,,,,,,,100.0,99.9,100.0,100.0,99.9,100.0,100.0
2021-02-10,,,,,,,,,,,,,100.0,99.9,100.0,100.0
2021-02-11,100.0,98.9,99.5,,,,,,,100.0,99.9,100.0,100.0,99.9,100.0,100.0
2021-02-12,100.0,98.6,99.5,,,,100.0,100.0,90.8,100.0,99.9,100.0,100.0,100.0,100.0,100.0
2021-02-13,,,,,,,,,,100.0,99.9,100.0,100.0,99.9,100.0,100.0
2021-02-14,100.0,98.7,99.5,,,,,,,,,,100.0,100.0,100.0,100.0
2021-02-15,,,,100.0,99.9,100.0,,,,,,,100.0,100.0,100.0,100.0
2021-02-16,,,,,,,,,,100.0,99.9,100.0,100.0,99.9,100.0,100.0
2021-02-17,100.0,98.4,99.3,,,,,,,100.0,99.8,100.0,100.0,99.9,100.0,100.0
2021-02-18,100.0,98.7,99.5,,,,,,,,,,100.0,99.9,100.0,100.0
2021-02-19,100.0,99.1,99.3,,,,,,,100.0,99.7,100.0,100.0,99.9,100.0,100.0
2021-02-20,100.0,98.7,99.4,100.0,100.0,100.0,,,,100.0,99.6,100.0,100.0,100.0,100.0,100.0
2021-02-21,,,,,,,100.0,100.0,100.0,100.0,99.5,100.0,100.0,99.9,100.0,100.0
2021-02-22,,,,,,,,,,,,,100.0,99.9,100.0,100.0
2021-02-23,100.0,99.0,98.9,,,,,,,,,,100.0,99.9,100.0,100.0
2021-02-24,,,,,,,,,,100.0,99.5,100.0,100.0,99.9,100.0,100.0
2021-02-25,100.0,99.3,99.4,100.0,100.0,100.0,,,,100.0,99.2,100.0,100.0,99.9,100.0,100.0
2021-02-26,,,,,,,,,,,,,100.0,99.9,100.0,100.0
2021-02-27,,,,,,,,,,,,,100.0,99.9,100.0,100.0
2021-02-28,,,,,,,100.0,100.0,93.2,,,,100.0,99.9,100.0,100.0
2021-03-01,100.0,99.6,99.3,,,,,,,,,,100.0,99.9,100.0,100.0
2021-03-02,100.0,99.6,99.3,100.0,99.9,100.0,,,,,,,100.0,100.0,100.0,100.0
2021-03-03,100.0,99.6,99.5,,,,,,,100.0,99.5,100.0,100.0,99.9,100.0,100.0
2021-03-04,100.0,99.8,99.5,,,,,,,100.0,99.3,100.0,100.0,99.9,100.0,100.0
2021-03-05,,,,,,,,,,,,,100.0,99.9,100.0,100.0
2021-03-06,,,,,,,,,,,,,100.0,99.9,100.0,100.0
2021-03-07,100.0,99.8,99.4,100.0,100.0,100.0,,,,100.0,99.2,100.0,100.0,100.0,100.0,100.0
2021-03-08,100.0,99.8,99.5,,,,,,,,,,100.0,99.9,100.0,100.0
2021-03-09,100.0,99.8,99.5,,,,,,,,,,100.0,99.9,100.0,100.0
2021-03-10,100.0,99.8,99.5,,,,,,,100.0,99.3,100.0,100.0,99.9,100.0,100.0
2021-03-11,,,,,,,,,,100.0,99.2,100.0,100.0,99.9,100.0,100.0
2021-03-12,,,,100.0,99.9,100.0,,,,,,,100.0,99.9,100.0,100.0
2021-03-13,100.0,99.9,99.2,,,,,,,100.0,99.3,100.0,100.0,99.9,100.0,100.0
2021-03-14,100.0,99.9,99.4,,,,,,,,,,100.0,99.9,100.0,100.0
2021-03-15,100.0,99.9,99.4,,,,,,,,,,100.0,99.9,100.0,100.0
2021-03-16,100.0,99.9,99.2,,,,,,,,,,100.0,99.8,100.0,100.0
2021-03-17,,,,,,,,,,,,,100.0,99.8,100.0,100.0
2021-03-18,,,,,,,,,,100.0,99.3,90.1,100.0,99.8,100.0,100.0
2021-03-19,100.0,99.9,99.3,,,,,,,,,,100.0,99.8,100.0,100.0
2021-03-20,100.0,99.9,99.3,,,,,,,,,,100.0,99.9,100.0,100.0
2021-03-21,100.0,99.8,99.6,,,,,,,,,,100.0,99.9,100.0,100.0
2021-03-22,100.0,99.8,99.3,100.0,100.0,100.0,,,,,,,100.0,99.9,100.0,100.0
2021-03-23,,,,,,,,,,,,,100.0,99.8,100.0,100.0
2021-03-24,,,,,,,,,,,,,100.0,99.8,100.0,100.0
2021-03-25,100.0,99.8,99.0,,,,100.0,99.8,62.8,,,,100.0,99.9,100.0,100.0
2021-03-26,100.0,99.7,99.4,,,,,,,,,,100.0,99.9,100.0,100.0
2021-03-27,100.0,99.7,99.5,100.0,99.3,70.5,,,,100.0,98.7,100.0,100.0,99.9,100.0,100.0
2021-03-28,100.0,99.7,99.6,,,,,,,,,,100.0,99.9,100.0,100.0
2021-03-29,,,,,,,,,,,,,100.0,99.8,100.0,100.0
2021-03-30,,,,,,,,,,100.0,98.2,100.0,100.0,99.8,100.0,100.0
2021-03-31,100.0,99.8,99.6,,,,,,,100.0,98.1,100.0,100.0,99.7,100.0,100.0
2021-04-01,100.0,99.6,99.6,100.0,99.9,100.0,100.0,98.2,66.3,,,,100.0,99.8,100.0,100.0
2021-04-02,99.9,99.1,99.5,,,,,,,,,,100.0,99.7,100.0,100.0
2021-04-03,99.8,98.4,99.4,,,,,,,100.0,98.4,100.0,100.0,99.6,100.0,100.0
2021-04-04,,,,,,,,,,100.0,97.2,100.0,100.0,99.5,100.0,100.0
2021-04-05,,,,,,,,,,100.0,97.3,100.0,100.0,99.4,100.0,100.0
2021-04-06,100.0,98.3,99.2,100.0,99.3,100.0,,,,,,,100.0,99.5,100.0,100.0
2021-04-07,100.0,98.0,99.2,,,,,,,100.0,97.2,100.0,100.0,99.2,100.0,100.0
2021-04-08,100.0,96.6,98.9,,,,,,,100.0,97.2,100.0,100.0,99.1,100.0,100.0
2021-04-09,100.0,95.3,99.0,,,,,,,,,,100.0,99.0,100.0,100.0
2021-04-10,,,,,,,,,,,,,100.0,98.6,100.0,100.0
2021-04-11,,,,,,,,,,,,,100.0,98.5,100.0,100.0
2021-04-12,100.0,94.7,99.0,,,,,,,,,,100.0,98.5,100.0,100.0
2021-04-13,100.0,94.1,99.2,,,,,,,100.0,94.8,100.0,100.0,98.3,100.0,100.0
2021-04-14,100.0,93.8,98.9,,,,,,,,,,100.0,98.5,100.0,100.0
2021-04-15,100.0,92.2,98.6,,,,,,,100.0,95.3,93.5,100.0,98.5,100.0,100.0
2021-04-16,,,,100.0,99.8,100.0,,,,100.0,91.2,100.0,100.0,98.6,100.0,100.0
2021-04-17,,,,,,,100.0,98.7,99.9,99.5,91.3,100.0,100.0,98.5,100.0,100.0
2021-04-18,99.6,90.2,98.8,,,,,,,,,,100.0,98.4,100.0,100.0
2021-04-19,98.8,89.9,98.9,,,,,,,99.0,84.8,100.0,100.0,98.2,100.0,100.0
2021-04-20,98.8,91.5,98.8,,,,,,,98.6,86.3,100.0,100.0,98.1,100.0,100.0
2021-04-21,99.4,94.1,79.3,,,,,,,,,,100.0,97.8,100.0,100.0
2021-04-22,,,,,,,,,,,,,100.0,97.4,100.0,100.0
2021-04-23,,,,,,,,,,98.6,85.0,100.0,100.0,97.1,100.0,100.0
2021-04-24,98.8,92.8,99.0,,,,,,,99.3,88.6,100.0,100.0,96.4,100.0,100.0
2021-04-25,98.9,92.6,99.0,,,,,,,99.2,90.2,100.0,100.0,95.4,100.0,100.0
2021-04-26,95.5,81.7,99.2,,,,,,,,,,100.0,94.1,100.0,100.0
2021-04-27,94.2,73.9,99.2,,,,,,,100.0,91.5,100.0,99.6,91.8,100.0,99.6
2021-04-28,,,,,,,,,,99.5,89.3,100.0,97.6,87.8,100.0,97.6
2021-04-29,,,,,,,,,,100.0,91.6,100.0,94.9,83.3,100.0,94.9
2021-04-30,78.2,53.8,98.8,,,,,,,,,,88.0,75.6,100.0,88.0
2021-05-01,55.4,43.3,99.0,,,,,,,,,,71.6,66.2,100.0,71.6
2021-05-02,1.5,11.4,99.0,,,,,,,100.0,93.0,35.9,18.7,45.2,100.0,18.7
2021-05-03,0.2,2.5,99.0,,,,5.7,16.7,57.4,99.4,90.6,100.0,1.3,33.0,100.0,1.3
2021-05-04,,,,,,,,,,,,,0.7,23.9,100.0,0.7
2021-05-05,,,,,,,,,,,,,0.7,19.0,100.0,0.7
2021-05-06,0.0,0.9,98.9,,,,,,,,,,0.6,12.3,100.0,0.6
2021-05-07,0.2,0.6,99.0,,,,,,,98.8,83.7,100.0,0.7,10.3,100.0,0.7
2021-05-08,0.0,0.4,99.0,,,,,,,,,,0.1,8.0,100.0,0.1
2021-05-09,0.0,0.1,99.0,,,,,,,98.1,78.4,100.0,0.1,7.3,100.0,0.1
2021-05-10,,,,,,,,,,94.0,66.1,100.0,0.0,7.0,100.0,0.0
2021-05-11,,,,,,,,,,,,,0.0,7.6,100.0,0.0
2021-05-12,0.0,0.1,99.2,,,,,,,,,,0.0,6.6,100.0,0.0
2021-05-13,0.0,0.1,98.8,,,,,,,,,,0.0,6.2,100.0,0.0
2021-05-14,0.0,0.1,99.0,,,,,,,,,,0.0,5.0,100.0,0.0
2021-05-15,0.0,0.0,98.8,,,,,,,,,,0.0,5.6,100.0,0.0
2021-05-16,,,,,,,,,,,,,0.0,6.1,100.0,0.0
2021-05-17,,,,,,,,,,,,,0.0,5.2,100.0,0.0
2021-05-18,0.0,0.1,99.0,,,,,,,,,,0.0,4.1,100.0,0.0
2021-05-19,0.0,0.1,98.9,,,,,,,,,,0.0,3.9,100.0,0.0
2021-05-20,0.0,0.1,98.9,,,,,,,,,,0.0,3.3,100.0,0.0
2021-05-21,0.0,0.1,99.0,,,,,,,,,,0.0,3.0,100.0,0.0
2021-05-22,,,,,,,,,,,,,0.0,2.0,100.0,0.0
2021-05-23,,,,,,,,,,,,,0.0,1.6,100.0,0.0
2021-05-24,0.0,0.1,99.0,,,,,,,,,,0.0,1.3,100.0,0.0
2021-05-25,0.0,0.2,99.2,,,,,,,0.0,14.6,100.0,0.0,1.0,100.0,0.0
2021-05-26,0.1,0.2,99.0,0.0,4.1,100.0,,,,,,,0.0,0.9,100.0,0.0
2021-05-27,0.0,0.0,98.7,,,,,,,,,,0.0,0.8,100.0,0.0
2021-05-28,,,,,,,0.0,0.1,93.7,0.0,5.6,100.0,0.0,0.8,100.0,0.0
2021-05-29,,,,,,,,,,,,,0.0,0.8,100.0,0.0
2021-05-30,0.0,0.0,98.9,,,,,,,,,,0.0,0.7,100.0,0.0
2021-05-31,0.0,0.1,98.9,0.0,0.1,97.6,,,,,,,0.0,0.6,100.0,0.0
2021-06-01,0.0,0.1,99.0,,,,,,,0.0,1.4,43.0,0.0,0.7,100.0,0.0
2021-06-02,0.0,0.2,98.9,,,,,,,,,,0.0,0.8,100.0,0.0
2021-06-03,,,,,,,,,,,,,0.0,0.8,100.0,0.0
2021-06-04,,,,,,,,,,,,,0.0,0.8,100.0,0.0
2021-06-05,0.0,0.1,98.8,,,,,,,,,,0.0,1.1,100.0,0.0
2021-06-06,0.1,0.4,99.2,,,,,,,,,,0.0,1.2,100.0,0.0
2021-06-07,0.1,0.4,99.0,,,,,,,,,,0.0,1.2,100.0,0.0
2021-06-08,,,,,,,,,,,,,0.0,1.9,100.0,0.0
2021-06-09,,,,,,,,,,,,,0.0,1.4,100.0,0.0
2021-06-10,,,,,,,,,,,,,0.0,1.2,100.0,0.0
2021-06-11,0.0,0.5,98.8,,,,,,,,,,0.0,0.9,100.0,0.0
2021-06-12,0.0,0.5,99.0,,,,,,,,,,0.0,1.1,100.0,0.0
2021-06-13,0.1,0.4,99.2,,,,,,,0.0,1.2,61.5,0.0,1.3,100.0,0.0
2021-06-14,0.1,0.4,99.0,,,,,,,0.0,0.6,100.0,0.0,1.0,100.0,0.0
2021-06-15,,,,0.0,0.0,100.0,,,,,,,0.0,1.0,100.0,0.0
2021-06-16,,,,,,,,,,,,,0.0,1.2,100.0,0.0
2021-06-17,0.0,0.2,98.9,,,,,,,0.0,0.1,100.0,0.0,0.9,100.0,0.0
2021-06-18,0.1,0.2,99.2,,,,,,,,,,0.0,1.0,100.0,0.0
2021-06-19,0.1,0.2,99.0,,,,,,,,,,0.0,1.0,100.0,0.0
2021-06-20,0.1,0.2,99.2,,,,,,,,,,0.0,1.3,100.0,0.0
2021-06-21,,,,,,,,,,0.0,0.1,100.0,0.0,1.2,100.0,0.0
2021-06-22,,,,,,,,,,0.0,0.1,100.0,0.0,0.9,100.0,0.0
2021-06-23,0.0,0.1,99.0,,,,,,,,,,0.0,0.9,100.0,0.0
2021-06-24,,,,,,,,,,,,,0.0,0.8,100.0,0.0
2021-06-25,0.1,0.2,98.8,0.0,0.0,100.0,,,,0.0,0.1,100.0,0.0,0.6,100.0,0.0
2021-06-26,0.1,0.2,99.2,,,,,,,0.0,0.0,100.0,0.0,0.5,100.0,0.0
2021-06-27,,,,,,,,,,,,,0.0,0.5,100.0,0.0
2021-06-28,,,,,,,,,,0.0,0.0,100.0,0.0,0.4,100.0,0.0
2021-06-29,0.0,0.1,99.0,,,,,,,,,,0.0,0.3,100.0,0.0
2021-06-30,0.1,0.2,99.0,,,,,,,,,,0.0,0.1,100.0,0.0
2021-07-01,0.1,0.4,99.2,,,,,,,,,,0.0,0.1,100.0,0.0
2021-07-02,0.0,0.4,98.9,,,,,,,0.0,0.0,100.0,0.0,0.1,100.0,0.0
2021-07-03,,,,,,,,,,,,,0.0,0.1,100.0,0.0
2021-07-04,,,,,,,,,,,,,0.0,0.1,100.0,0.0
2021-07-05,0.0,0.8,99.0,,,,,,,,,,0.0,0.1,100.0,0.0
2021-07-06,0.0,0.8,98.8,,,,0.0,0.0,100.0,,,,0.0,0.1,100.0,0.0
2021-07-07,0.0,1.8,98.6,,,,,,,,,,0.0,0.1,100.0,0.0
2021-07-08,0.0,1.9,98.7,,,,,,,,,,0.0,0.1,100.0,0.0
2021-07-09,,,,,,,,,,,,,0.0,0.1,100.0,0.0
2021-07-10,,,,0.0,0.0,100.0,,,,,,,0.0,0.1,100.0,0.0
2021-07-11,0.0,2.3,98.6,,,,,,,0.0,0.0,83.8,0.0,0.1,100.0,0.0
2021-07-12,0.0,1.7,98.8,,,,,,,,,,0.0,0.1,100.0,0.0
2021-07-13,0.0,1.0,98.8,,,,,,,,,,0.0,0.1,100.0,0.0
2021-07-14,0.0,0.7,90.1,,,,,,,,,,0.0,0.2,100.0,0.0
2021-07-15,,,,,,,,,,,,,0.0,0.3,100.0,0.0
2021-07-16,,,,,,,,,,,,,0.0,0.2,100.0,0.0
2021-07-17,0.0,0.5,98.7,,,,,,,,,,0.0,0.1,100.0,0.0
2021-07-18,0.0,0.4,98.8,,,,,,,,,,0.0,0.1,100.0,0.0
2021-07-19,0.0,0.4,98.8,,,,,,,,,,0.0,0.0,100.0,0.0
2021-07-20,0.0,0.5,98.7,0.0,0.0,100.0,,,,0.0,0.0,100.0,0.0,0.0,100.0,0.0
2021-07-21,,,,,,,,,,,,,0.0,0.0,100.0,0.0
2021-07-22,,,,,,,0.0,0.0,96.9,,,,0.0,0.0,100.0,0.0
2021-07-23,0.0,0.5,98.3,,,,,,,,,,0.0,0.0,100.0,0.0
2021-07-24,0.0,0.7,98.8,,,,,,,,,,0.0,0.0,100.0,0.0
2021-07-25,0.0,1.3,98.7,,,,,,,,,,0.0,0.0,100.0,0.0
2021-07-26,0.0,2.2,87.4,,,,,,,,,,0.0,0.0,100.0,0.0
2021-07-27,,,,,,,,,,,,,0.0,0.0,100.0,0.0
2021-07-28,,,,,,,,,,,,,0.0,0.0,100.0,0.0
2021-07-29,0.0,2.7,98.7,,,,,,,,,,0.0,0.0,100.0,0.0
2021-07-30,0.0,1.4,98.7,,,,,,,,,,0.0,0.0,100.0,0.0
2021-07-31,0.0,1.1,98.7,,,,0.0,0.0,100.0,,,,0.0,0.0,100.0,0.0
2021-08-01,0.0,1.2,98.8,,,,,,,,,,0.0,0.0,100.0,0.0
2021-08-02,,,,,,,,,,,,,0.0,0.0,100.0,0.0
2021-08-03,,,,,,,,,,,,,0.0,0.1,100.0,0.0
2021-08-04,0.0,1.0,98.4,,,,,,,,,,0.0,0.1,100.0,0.0
2021-08-05,0.0,0.6,98.8,,,,,,,0.0,0.0,100.0,0.0,0.1,100.0,0.0
2021-08-06,0.0,0.5,98.7,,,,,,,,,,0.0,0.1,100.0,0.0
2021-08-07,0.0,0.6,98.4,,,,,,,,,,0.0,0.3,100.0,0.0
2021-08-08,,,,,,,,,,0.0,0.0,58.7,0.0,0.4,100.0,0.0
2021-08-09,,,,0.0,0.0,100.0,,,,0.0,0.0,32.4,0.0,0.4,100.0,0.0
2021-08-10,0.0,0.5,98.6,,,,,,,,,,0.0,0.3,100.0,0.0
2021-08-11,0.0,0.7,98.6,,,,,,,,,,0.0,0.5,100.0,0.0
2021-08-12,0.0,0.8,98.8,,,,,,,0.0,0.0,100.0,0.0,0.3,100.0,0.0
2021-08-13,0.0,1.2,98.4,,,,,,,0.0,0.0,100.0,0.0,0.4,100.0,0.0
2021-08-14,,,,0.0,0.0,100.0,,,,0.0,0.0,100.0,0.0,0.2,100.0,0.0
2021-08-15,,,,,,,,,,,,,0.0,0.3,100.0,0.0
2021-08-16,,,,,,,,,,0.0,0.0,100.0,0.0,0.3,100.0,0.0
2021-08-17,0.0,1.5,98.8,,,,,,,,,,0.0,0.5,100.0,0.0
2021-08-18,0.0,1.9,98.8,,,,,,,0.0,0.0,66.2,0.0,0.2,100.0,0.0
2021-08-19,,,,0.0,0.0,100.0,,,,,,,0.0,0.3,100.0,0.0
2021-08-20,,,,,,,,,,0.0,0.0,100.0,0.0,0.2,100.0,0.0
2021-08-21,,,,,,,,,,0.0,0.0,100.0,0.0,0.2,100.0,0.0
2021-08-22,0.0,2.6,98.4,,,,,,,,,,0.0,0.2,100.0,0.0
2021-08-23,0.0,1.8,98.4,,,,,,,,,,0.0,0.2,100.0,0.0
2021-08-24,0.0,1.9,98.6,,,,,,,,,,0.0,0.1,100.0,0.0
2021-08-25,,,,,,,,,,0.0,0.0,100.0,0.0,0.1,100.0,0.0
2021-08-26,,,,,,,,,,,,,0.0,0.1,100.0,0.0
2021-08-27,,,,,,,,,,,,,0.0,0.1,100.0,0.0
2021-08-28,0.1,1.9,98.4,,,,,,,,,,0.0,0.1,100.0,0.0
2021-08-29,0.0,0.9,98.4,,,,,,,,,,0.0,0.1,100.0,0.0
2021-08-30,0.0,0.5,98.4,,,,,,,,,,0.0,0.0,100.0,0.0
2021-08-31,0.0,0.1,83.0,,,,,,,,,,0.0,0.0,100.0,0.0
2021-09-01,,,,,,,0.0,0.0,100.0,,,,0.0,0.1,100.0,0.0
2021-09-02,,,,,,,,,,0.0,0.0,100.0,0.0,0.0,100.0,0.0
2021-09-03,0.0,0.2,98.7,0.0,0.0,100.0,,,,0.0,0.0,100.0,0.0,0.0,100.0,0.0
2021-09-04,0.0,0.2,98.4,,,,,,,0.0,0.0,100.0,0.0,0.0,100.0,0.0
2021-09-05,0.0,0.1,98.3,,,,,,,0.0,0.0,100.0,0.0,0.0,100.0,0.0
2021-09-06,0.0,0.0,98.6,,,,,,,0.0,0.0,100.0,0.0,0.0,100.0,0.0
2021-09-07,,,,,,,,,,,,,0.0,0.1,100.0,0.0
2021-09-08,,,,,,,,,,0.0,0.0,100.0,0.0,0.1,100.0,0.0
2021-09-09,0.0,0.1,98.8,,,,,,,0.0,0.0,100.0,0.0,0.1,100.0,0.0
2021-09-10,0.0,0.1,98.7,,,,,,,,,,0.0,0.1,100.0,0.0
2021-09-11,0.0,0.1,98.6,,,,,,,,,,0.0,0.1,100.0,0.0
2021-09-12,0.0,0.1,98.6,,,,,,,,,,0.0,0.1,100.0,0.0
2021-09-13,,,,0.0,0.0,100.0,,,,0.0,0.0,100.0,0.0,0.0,100.0,0.0
2021-09-14,,,,,,,,,,,,,0.0,0.0,100.0,0.0
2021-09-15,0.0,0.1,98.6,,,,,,,,,,0.0,0.0,100.0,0.0
2021-09-16,0.0,0.1,98.7,,,,,,,,,,0.0,0.0,100.0,0.0
2021-09-17,0.0,0.3,98.8,,,,0.0,0.0,100.0,0.0,0.0,100.0,0.0,0.0,100.0,0.0
2021-09-18,0.0,0.1,98.8,0.0,0.0,100.0,,,,,,,0.0,0.0,100.0,0.0
2021-09-19,,,,,,,,,,,,,0.0,0.0,100.0,0.0
2021-09-20,,,,,,,,,,,,,0.0,0.0,100.0,0.0
2021-09-21,0.0,0.2,98.6,,,,,,,,,,0.0,0.0,100.0,0.0
2021-09-22,0.0,0.2,98.7,,,,,,,,,,0.0,0.0,100.0,0.0
2021-09-23,0.0,0.4,98.7,0.0,0.0,100.0,,,,,,,0.0,0.0,100.0,0.0
2021-09-24,0.0,0.3,98.7,,,,0.0,0.0,100.0,,,,0.0,0.0,100.0,0.0
2021-09-25,,,,,,,,,,,,,0.0,0.0,100.0,0.0
2021-09-26,,,,,,,,,,,,,0.0,0.0,100.0,0.0
2021-09-27,0.0,0.3,98.4,,,,,,,,,,0.0,0.0,100.0,0.0
2021-09-28,0.0,0.3,98.7,0.0,0.0,100.0,,,,,,,0.0,0.0,100.0,0.0
2021-09-29,0.0,0.3,98.8,,,,,,,,,,0.0,0.0,100.0,0.0
2021-09-30,0.0,0.3,98.8,,,,,,,,,,0.0,0.0,100.0,0.0
2021-10-01,,,,,,,,,,,,,0.0,0.1,100.0,0.0
2021-10-02,,,,,,,,,,,,,0.0,0.2,100.0,0.0
2021-10-03,0.0,0.4,98.7,0.0,0.0,84.1,,,,,,,0.0,0.2,100.0,0.0
2021-10-04,0.0,0.3,98.6,,,,,,,,,,0.0,0.2,100.0,0.0
2021-10-05,0.0,0.5,98.6,,,,,,,,,,0.0,0.2,100.0,0.0
2021-10-06,0.0,0.8,98.7,,,,,,,,,,0.0,0.5,100.0,0.0
2021-10-07,,,,,,,,,,,,,0.0,0.3,100.0,0.0
2021-10-08,,,,0.0,0.0,100.0,,,,0.0,0.0,100.0,0.0,0.3,100.0,0.0
2021-10-09,0.0,1.5,99.6,,,,,,,0.0,0.0,100.0,0.0,0.3,100.0,0.0
2021-10-10,0.1,1.7,99.9,,,,0.0,0.0,67.1,,,,0.0,0.8,100.0,0.0
2021-10-11,0.0,3.2,99.9,,,,,,,0.0,0.0,100.0,0.0,0.5,100.0,0.0
2021-10-12,0.0,2.7,99.8,,,,,,,,,,0.0,0.6,100.0,0.0
2021-10-13,,,,0.0,0.1,92.1,,,,0.0,0.0,100.0,0.0,0.4,100.0,0.0
2021-10-14,,,,,,,,,,,,,0.0,0.9,100.0,0.0
2021-10-15,0.0,1.7,99.8,,,,,,,0.0,0.0,100.0,0.0,0.5,100.0,0.0
2021-10-16,0.0,1.2,99.9,,,,,,,0.0,0.0,100.0,0.0,0.6,100.0,0.0
2021-10-17,0.0,1.1,100.0,,,,,,,,,,0.0,0.8,100.0,0.0
2021-10-18,0.0,1.0,80.1,0.0,0.1,99.9,,,,,,,0.0,1.1,100.0,0.0
2021-10-19,,,,,,,,,,0.0,0.0,54.0,0.0,0.7,100.0,0.0
2021-10-20,,,,,,,,,,0.0,0.0,100.0,0.0,0.5,100.0,0.0
2021-10-21,0.0,0.8,99.8,,,,,,,,,,0.0,0.7,100.0,0.0
2021-10-22,0.0,0.7,100.0,,,,,,,,,,0.0,0.8,100.0,0.0
2021-10-23,0.0,0.8,99.8,0.0,0.1,100.0,,,,0.0,0.0,100.0,0.0,0.4,100.0,0.0
2021-10-24,0.0,0.6,99.4,,,,,,,,,,0.0,0.3,100.0,0.0
2021-10-25,,,,,,,,,,,,,0.0,0.5,100.0,0.0
2021-10-26,,,,,,,0.0,0.0,100.0,,,,0.0,0.7,100.0,0.0
2021-10-27,0.0,0.5,99.6,,,,,,,,,,0.0,0.5,100.0,0.0
2021-10-28,0.0,0.5,100.0,0.0,0.1,99.4,,,,0.0,0.0,100.0,0.0,0.4,100.0,0.0
2021-10-29,0.0,0.5,99.8,,,,,,,0.0,0.0,100.0,0.0,0.5,100.0,0.0
2021-10-30,0.0,0.5,87.6,,,,,,,,,,0.0,0.9,100.0,0.0
2021-10-31,,,,,,,,,,0.0,0.0,100.0,0.0,0.8,100.0,0.0
2021-11-01,,,,,,,,,,0.0,0.0,99.9,0.0,0.9,100.0,0.0
2021-11-02,0.0,0.6,99.6,0.0,0.7,100.0,,,,,,,0.0,1.2,100.0,0.0
2021-11-03,0.0,0.6,80.2,,,,,,,,,,0.0,2.1,100.0,0.0
2021-11-04,0.0,1.3,99.8,,,,,,,,,,0.0,1.6,100.0,0.0
2021-11-05,0.0,1.1,99.9,,,,,,,,,,0.0,1.9,100.0,0.0
2021-11-06,,,,,,,,,,,,,0.0,2.0,100.0,0.0
2021-11-07,,,,1.3,4.4,99.5,,,,,,,0.0,2.3,100.0,0.0
2021-11-08,0.0,1.0,99.8,,,,,,,0.0,0.1,100.0,0.0,1.4,100.0,0.0
2021-11-09,0.0,0.8,99.9,,,,,,,,,,0.0,1.8,100.0,0.0
2021-11-10,0.0,1.2,99.8,,,,,,,,,,0.0,1.8,100.0,0.0
2021-11-11,0.0,1.6,99.8,,,,0.2,0.7,75.6,,,,0.0,2.6,100.0,0.0
2021-11-12,,,,2.8,9.0,100.0,,,,0.0,0.1,100.0,0.0,1.8,100.0,0.0
2021-11-13,,,,,,,,,,,,,0.0,2.7,100.0,0.0
2021-11-14,0.0,1.6,99.4,,,,,,,,,,0.0,3.1,100.0,0.0
2021-11-15,0.0,1.8,99.6,,,,,,,0.0,0.3,100.0,0.0,3.9,100.0,0.0
2021-11-16,0.0,1.6,99.8,,,,,,,,,,0.0,4.0,100.0,0.0
2021-11-17,0.0,2.0,99.9,4.1,14.5,99.5,,,,,,,0.0,4.6,100.0,0.0
2021-11-18,,,,,,,,,,,,,0.0,5.5,100.0,0.0
2021-11-19,,,,,,,,,,,,,0.0,6.2,100.0,0.0
2021-11-20,0.0,1.7,99.5,,,,1.7,2.7,34.9,0.0,0.3,100.0,0.0,5.2,100.0,0.0
2021-11-21,0.0,1.4,99.9,,,,,,,,,,0.0,5.1,100.0,0.0
2021-11-22,0.0,1.6,90.9,,,,,,,,,,0.0,5.6,100.0,0.0
2021-11-23,0.0,1.2,99.8,,,,,,,,,,0.0,5.6,100.0,0.0
2021-11-24,,,,,,,,,,,,,0.0,5.8,100.0,0.0
2021-11-25,,,,,,,,,,,,,0.0,4.7,100.0,0.0
2021-11-26,0.0,1.1,88.4,,,,,,,,,,0.0,5.2,100.0,0.0
2021-11-27,0.0,0.9,100.0,,,,,,,,,,0.0,5.1,100.0,0.0
2021-11-28,0.0,1.2,99.4,,,,,,,0.0,6.0,100.0,0.0,4.9,100.0,0.0
2021-11-29,0.0,1.1,99.8,,,,,,,0.0,8.5,100.0,0.2,5.4,100.0,0.2
2021-11-30,,,,,,,,,,,,,0.4,5.7,100.0,0.4
2021-12-01,,,,,,,,,,,,,0.4,6.8,100.0,0.4
2021-12-02,0.0,1.8,83.8,38.0,47.6,90.9,,,,,,,0.4,7.2,100.0,0.4
2021-12-03,0.0,1.4,99.9,,,,,,,0.0,22.9,100.0,0.5,10.8,100.0,0.5
2021-12-04,0.0,3.5,99.5,,,,,,,,,,0.8,13.2,100.0,0.8
2021-12-05,0.0,3.2,99.9,,,,4.1,9.1,96.1,,,,1.6,21.9,100.0,1.6
2021-12-06,,,,,,,3.2,14.5,88.2,,,,2.3,24.7,100.0,2.3
2021-12-07,,,,99.7,91.7,42.9,,,,,,,12.1,45.4,100.0,12.1
2021-12-08,0.6,8.5,99.6,,,,,,,1.2,28.4,100.0,23.4,51.7,100.0,23.4
2021-12-09,0.0,8.6,99.9,,,,,,,,,,83.9,68.4,100.0,83.9
2021-12-10,13.2,23.0,99.8,,,,,,,64.9,50.4,100.0,95.5,73.9,100.0,95.5
2021-12-11,16.0,27.9,99.8,,,,,,,73.1,52.4,100.0,99.9,85.2,100.0,99.9
2021-12-12,,,,99.9,97.0,100.0,,,,96.6,64.1,100.0,99.9,88.1,100.0,99.9
2021-12-13,,,,,,,100.0,99.8,100.0,,,,100.0,93.9,100.0,100.0
2021-12-14,64.0,47.9,80.1,,,,,,,,,,100.0,94.5,100.0,100.0
2021-12-15,54.1,43.3,99.8,,,,,,,94.0,66.8,100.0,100.0,96.9,100.0,100.0
2021-12-16,87.3,61.4,87.7,,,,,,,100.0,84.5,100.0,100.0,97.2,100.0,100.0
2021-12-17,92.2,66.1,80.3,99.9,97.1,100.0,,,,,,,100.0,98.3,100.0,100.0
2021-12-18,,,,,,,,,,100.0,93.0,100.0,100.0,98.6,100.0,100.0
2021-12-19,,,,,,,,,,,,,100.0,99.0,100.0,100.0
2021-12-20,96.4,73.6,99.8,,,,,,,100.0,94.6,100.0,100.0,99.2,100.0,100.0
2021-12-21,99.3,83.3,100.0,,,,100.0,100.0,100.0,,,,100.0,99.6,100.0,100.0
2021-12-22,99.4,90.2,99.9,99.9,96.5,100.0,100.0,100.0,100.0,,,,100.0,99.7,100.0,100.0
2021-12-23,99.3,92.6,99.8,,,,,,,,,,100.0,99.7,100.0,100.0
2021-12-24,,,,,,,,,,,,,100.0,99.7,100.0,100.0
2021-12-25,,,,,,,,,,,,,100.0,99.7,100.0,100.0
2021-12-26,,,,,,,,,,100.0,98.5,100.0,100.0,99.7,100.0,100.0
2021-12-27,99.5,93.8,100.0,,,,,,,100.0,99.0,100.0,100.0,99.7,100.0,100.0
2021-12-28,99.0,94.6,100.0,,,,,,,100.0,99.4,100.0,100.0,99.7,100.0,100.0
2021-12-29,,,,,,,,,,,,,100.0,99.7,100.0,100.0
2021-12-30,,,,,,,100.0,100.0,30.7,,,,100.0,99.7,100.0,100.0
2021-12-31,,,,,,,,,,100.0,99.4,100.0,100.0,99.7,100.0,100.0
2022-01-01,100.0,96.7,79.3,99.9,98.0,100.0,,,,,,,100.0,99.8,100.0,100.0
2022-01-02,,,,,,,,,,,,,100.0,99.8,100.0,100.0
2022-01-03,,,,,,,,,,99.6,99.2,100.0,100.0,99.8,100.0,100.0
2022-01-04,100.0,97.9,98.3,,,,,,,,,,100.0,99.9,100.0,100.0
2022-01-05,,,,,,,,,,,,,100.0,99.9,100.0,100.0
2022-01-06,,,,100.0,98.6,100.0,100.0,100.0,100.0,,,,100.0,99.9,100.0,100.0
2022-01-07,,,,,,,,,,,,,100.0,99.9,100.0,100.0
2022-01-08,100.0,98.1,100.0,,,,,,,,,,100.0,99.9,100.0,100.0
2022-01-09,100.0,98.5,100.0,,,,,,,,,,100.0,99.9,100.0,100.0
2022-01-10,,,,,,,,,,99.9,99.5,100.0,100.0,99.9,100.0,100.0
2022-01-11,,,,100.0,99.2,100.0,,,,,,,100.0,99.9,100.0,100.0
2022-01-12,,,,,,,,,,,,,100.0,99.9,100.0,100.0
2022-01-13,100.0,99.0,99.8,,,,,,,,,,100.0,99.9,100.0,100.0
2022-01-14,,,,,,,100.0,100.0,90.6,100.0,99.6,100.0,100.0,100.0,100.0,100.0
2022-01-15,,,,,,,100.0,100.0,96.3,,,,100.0,100.0,100.0,100.0
2022-01-16,100.0,99.3,100.0,100.0,99.7,100.0,,,,,,,100.0,100.0,100.0,100.0
2022-01-17,,,,,,,,,,100.0,99.6,100.0,100.0,99.9,100.0,100.0
2022-01-18,,,,,,,,,,,,,100.0,99.9,100.0,100.0
2022-01-19,,,,,,,,,,,,,100.0,99.9,100.0,100.0
2022-01-20,100.0,99.5,100.0,,,,,,,,,,100.0,99.9,100.0,100.0
2022-01-21,100.0,99.4,99.8,100.0,99.8,100.0,,,,,,,100.0,99.9,100.0,100.0
2022-01-22,,,,,,,,,,,,,100.0,99.9,100.0,100.0
2022-01-23,,,,,,,100.0,100.0,83.0,,,,100.0,99.9,100.0,100.0
2022-01-24,,,,,,,,,,,,,100.0,99.9,100.0,100.0
2022-01-25,100.0,99.6,99.6,,,,,,,,,,100.0,99.9,100.0,100.0
2022-01-26,,,,100.0,100.0,100.0,,,,,,,100.0,99.9,100.0,100.0
2022-01-27,,,,,,,,,,,,,100.0,99.9,100.0,100.0
2022-01-28,100.0,99.7,99.8,,,,,,,,,,100.0,99.9,100.0,100.0
2022-01-29,,,,,,,,,,,,,100.0,99.9,100.0,100.0
2022-01-30,,,,,,,100.0,100.0,99.2,100.0,99.7,100.0,100.0,99.9,100.0,100.0
2022-01-31,,,,100.0,100.0,31.6,,,,,,,100.0,99.9,100.0,100.0
2022-02-01,100.0,99.8,99.9,,,,,,,,,,100.0,99.9,100.0,100.0
2022-02-02,100.0,99.8,99.6,,,,,,,,,,100.0,99.9,100.0,100.0
2022-02-03,,,,,,,,,,,,,100.0,99.7,100.0,100.0
2022-02-04,,,,,,,,,,,,,100.0,99.8,100.0,100.0
2022-02-05,,,,100.0,100.0,100.0,,,,,,,100.0,99.9,100.0,100.0
2022-02-06,100.0,99.9,99.8,,,,,,,,,,100.0,99.9,100.0,100.0
2022-02-07,,,,,,,,,,100.0,99.5,100.0,100.0,99.8,100.0,100.0
2022-02-08,,,,,,,100.0,99.8,76.0,100.0,99.4,92.6,100.0,99.8,100.0,100.0
2022-02-09,100.0,99.9,100.0,,,,,,,,,,100.0,99.8,100.0,100.0
2022-02-10,,,,100.0,99.9,100.0,,,,100.0,99.2,100.0,100.0,99.8,100.0,100.0
2022-02-11,,,,,,,,,,100.0,99.3,100.0,100.0,99.7,100.0,100.0
2022-02-12,,,,,,,,,,100.0,99.3,100.0,100.0,99.7,100.0,100.0
2022-02-13,100.0,100.0,99.9,,,,,,,,,,100.0,99.8,100.0,100.0
2022-02-14,100.0,100.0,99.9,,,,,,,,,,100.0,99.8,100.0,100.0
2022-02-15,,,,,,,,,,,,,100.0,99.6,100.0,100.0
2022-02-16,,,,,,,,,,100.0,99.3,100.0,100.0,99.6,100.0,100.0
2022-02-17,,,,,,,,,,,,,100.0,99.6,100.0,100.0
2022-02-18,100.0,100.0,99.6,,,,,,,100.0,98.9,100.0,100.0,99.6,100.0,100.0
2022-02-19,,,,,,,,,,100.0,99.0,100.0,100.0,99.5,100.0,100.0
2022-02-20,,,,100.0,99.3,100.0,,,,100.0,99.1,100.0,100.0,99.7,100.0,100.0
2022-02-21,100.0,100.0,99.9,,,,,,,,,,100.0,99.7,100.0,100.0
2022-02-22,,,,,,,,,,,,,100.0,99.6,100.0,100.0
2022-02-23,,,,,,,100.0,99.8,87.8,,,,100.0,99.7,100.0,100.0
2022-02-24,,,,,,,,,,,,,100.0,99.6,100.0,100.0
2022-02-25,100.0,100.0,100.0,100.0,99.2,58.5,,,,,,,100.0,99.8,100.0,100.0
2022-02-26,100.0,100.0,99.8,,,,,,,,,,100.0,99.7,100.0,100.0
2022-02-27,,,,,,,,,,100.0,99.0,100.0,100.0,99.6,100.0,100.0
2022-02-28,,,,,,,,,,,,,100.0,99.6,100.0,100.0
2022-03-01,,,,,,,,,,,,,100.0,99.7,100.0,100.0
2022-03-02,,,,100.0,99.8,100.0,,,,,,,100.0,99.7,100.0,100.0
2022-03-03,,,,,,,100.0,99.8,73.3,,,,100.0,99.7,100.0,100.0
2022-03-04,,,,,,,100.0,99.8,88.8,,,,100.0,99.6,100.0,100.0
2022-03-05,100.0,100.0,99.9,,,,,,,100.0,98.9,100.0,100.0,99.8,100.0,100.0
2022-03-06,,,,,,,,,,100.0,99.2,100.0,100.0,99.7,100.0,100.0
2022-03-07,,,,100.0,99.9,100.0,,,,,,,100.0,99.8,100.0,100.0
2022-03-08,,,,,,,,,,,,,100.0,99.7,100.0,100.0
2022-03-09,100.0,100.0,99.6,,,,,,,100.0,99.5,100.0,100.0,99.8,100.0,100.0
2022-03-10,100.0,99.9,99.9,,,,,,,,,,100.0,99.7,100.0,100.0
2022-03-11,,,,,,,100.0,99.9,100.0,,,,100.0,99.7,100.0,100.0
2022-03-12,,,,,,,,,,,,,100.0,99.7,100.0,100.0
2022-03-13,,,,,,,,,,,,,100.0,99.7,100.0,100.0
2022-03-14,100.0,99.8,99.8,,,,,,,,,,100.0,99.7,100.0,100.0
2022-03-15,,,,,,,,,,100.0,99.5,100.0,100.0,99.6,100.0,100.0
2022-03-16,,,,,,,,,,,,,100.0,99.6,100.0,100.0
2022-03-17,100.0,99.6,99.9,100.0,99.7,99.9,,,,,,,100.0,99.8,100.0,100.0
2022-03-18,,,,,,,,,,,,,100.0,99.7,100.0,100.0
2022-03-19,,,,,,,100.0,99.4,100.0,,,,100.0,99.7,100.0,100.0
2022-03-20,,,,,,,100.0,99.7,65.5,100.0,99.5,100.0,100.0,99.7,100.0,100.0
2022-03-21,100.0,99.2,99.8,,,,,,,,,,100.0,99.7,100.0,100.0
2022-03-22,100.0,98.5,100.0,100.0,99.9,100.0,,,,,,,100.0,99.7,100.0,100.0
2022-03-23,,,,,,,,,,,,,100.0,99.5,100.0,100.0
2022-03-24,,,,,,,,,,,,,100.0,99.4,100.0,100.0
2022-03-25,,,,,,,,,,100.0,99.4,100.0,100.0,99.3,100.0,100.0
2022-03-26,100.0,95.0,100.0,,,,,,,,,,100.0,99.3,100.0,100.0
2022-03-27,,,,100.0,99.0,100.0,100.0,98.5,59.2,,,,100.0,99.3,100.0,100.0
2022-03-28,,,,,,,100.0,95.6,59.7,,,,100.0,98.8,100.0,100.0
2022-03-29,100.0,91.0,100.0,,,,,,,,,,100.0,98.8,100.0,100.0
2022-03-30,,,,,,,,,,,,,100.0,98.2,100.0,100.0
2022-03-31,,,,,,,,,,,,,100.0,98.1,100.0,100.0
2022-04-01,,,,,,,,,,,,,100.0,97.7,100.0,100.0
2022-04-02,100.0,87.0,99.9,,,,,,,,,,100.0,98.4,100.0,100.0
2022-04-03,98.7,79.6,100.0,,,,,,,,,,100.0,98.1,100.0,100.0
2022-04-04,,,,,,,100.0,99.7,89.4,,,,100.0,98.4,100.0,100.0
2022-04-05,,,,,,,,,,100.0,99.3,100.0,100.0,97.8,100.0,100.0
2022-04-06,,,,100.0,99.4,100.0,,,,100.0,98.8,100.0,100.0,98.2,100.0,100.0
2022-04-07,85.8,62.8,99.5,,,,,,,,,,100.0,97.5,100.0,100.0
2022-04-08,,,,,,,,,,,,,100.0,96.7,100.0,100.0
2022-04-09,,,,,,,,,,,,,100.0,96.1,100.0,100.0
2022-04-10,45.9,39.6,99.0,,,,,,,100.0,97.9,100.0,100.0,95.8,100.0,100.0
2022-04-11,,,,96.0,88.5,100.0,,,,100.0,97.3,100.0,100.0,95.0,100.0,100.0
2022-04-12,,,,,,,,,,100.0,96.9,100.0,100.0,91.9,100.0,100.0
2022-04-13,,,,,,,82.4,65.8,63.6,100.0,93.9,100.0,100.0,90.1,100.0,100.0
2022-04-14,,,,,,,,,,99.4,89.9,100.0,100.0,84.1,100.0,100.0
2022-04-15,16.3,25.1,99.2,,,,,,,,,,99.6,79.0,100.0,99.6
2022-04-16,,,,29.1,38.1,64.4,,,,,,,93.2,71.7,100.0,93.2
2022-04-17,,,,,,,,,,96.6,81.5,100.0,67.9,65.2,100.0,67.9
2022-04-18,,,,,,,,,,94.1,76.7,100.0,40.8,55.6,100.0,40.8
2022-04-19,4.3,13.5,99.0,,,,,,,,,,19.2,47.1,100.0,19.2
2022-04-20,,,,,,,2.3,8.0,89.4,78.4,58.4,100.0,1.6,32.7,100.0,1.6
2022-04-21,,,,,,,,,,70.2,53.6,100.0,0.0,23.1,100.0,0.0
2022-04-22,0.6,6.9,98.8,,,,,,,,,,0.0,14.1,100.0,0.0
2022-04-23,,,,,,,,,,,,,0.0,10.7,100.0,0.0
2022-04-24,,,,,,,,,,28.7,37.1,100.0,0.0,8.5,100.0,0.0
2022-04-25,,,,,,,,,,18.4,32.2,100.0,0.0,5.8,100.0,0.0
2022-04-26,0.2,2.6,99.2,0.0,2.4,100.0,,,,,,,0.0,4.1,100.0,0.0
2022-04-27,0.2,2.3,99.2,,,,,,,,,,0.0,3.2,100.0,0.0
2022-04-28,,,,,,,0.0,0.1,79.2,,,,0.0,2.7,100.0,0.0
2022-04-29,,,,,,,0.0,0.1,86.5,0.0,9.5,100.0,0.0,2.2,100.0,0.0
2022-04-30,,,,,,,,,,4.0,21.3,39.1,0.0,1.9,100.0,0.0
2022-05-01,0.1,2.6,99.2,,,,,,,,,,0.0,2.0,100.0,0.0
2022-05-02,,,,,,,,,,0.0,5.2,100.0,0.0,2.0,100.0,0.0
2022-05-03,,,,,,,,,,,,,0.0,2.3,100.0,0.0
2022-05-04,0.1,2.3,99.0,,,,,,,0.0,11.8,49.6,0.0,2.7,100.0,0.0
2022-05-05,,,,,,,,,,,,,0.0,2.9,100.0,0.0
2022-05-06,,,,,,,,,,,,,0.0,3.4,100.0,0.0
2022-05-07,,,,,,,,,,,,,0.0,3.3,100.0,0.0
2022-05-08,0.1,2.1,99.2,,,,,,,,,,0.0,3.3,100.0,0.0
2022-05-09,0.1,3.4,99.2,,,,,,,,,,0.0,2.7,100.0,0.0
2022-05-10,,,,,,,,,,,,,0.0,2.8,100.0,0.0
2022-05-11,,,,0.0,0.0,100.0,,,,,,,0.0,1.9,100.0,0.0
2022-05-12,,,,,,,,,,0.0,0.7,100.0,0.0,1.5,100.0,0.0
2022-05-13,0.2,6.9,98.8,,,,,,,,,,0.0,1.3,100.0,0.0
2022-05-14,,,,,,,0.0,0.0,74.5,,,,0.0,1.2,100.0,0.0
2022-05-15,,,,,,,,,,,,,0.0,0.9,100.0,0.0
2022-05-16,1.0,7.2,99.2,,,,,,,,,,0.0,1.0,100.0,0.0
2022-05-17,,,,,,,,,,,,,0.0,0.7,100.0,0.0
2022-05-18,,,,,,,,,,,,,0.0,0.8,100.0,0.0
2022-05-19,,,,,,,,,,,,,0.0,0.8,100.0,0.0
2022-05-20,0.1,3.6,99.0,,,,,,,,,,0.0,0.5,100.0,0.0
2022-05-21,0.2,2.6,99.0,0.0,0.0,99.4,,,,,,,0.0,0.4,100.0,0.0
2022-05-22,,,,,,,,,,,,,0.0,0.3,100.0,0.0
2022-05-23,,,,,,,0.0,0.0,100.0,,,,0.0,0.3,100.0,0.0
2022-05-24,,,,,,,,,,,,,0.0,0.3,100.0,0.0
2022-05-25,0.1,3.0,98.9,,,,,,,0.0,0.6,61.8,0.0,0.3,100.0,0.0
2022-05-26,,,,0.0,0.0,100.0,,,,,,,0.0,0.2,100.0,0.0
2022-05-27,,,,,,,,,,,,,0.0,0.3,100.0,0.0
2022-05-28,0.4,1.8,99.0,,,,,,,,,,0.0,0.2,100.0,0.0
2022-05-29,,,,,,,,,,,,,0.0,0.3,100.0,0.0
2022-05-30,,,,,,,,,,0.0,0.2,100.0,0.0,0.3,100.0,0.0
2022-05-31,,,,0.0,0.0,100.0,0.0,0.0,100.0,,,,0.0,0.3,100.0,0.0
2022-06-01,0.4,2.3,99.0,,,,,,,,,,0.0,0.2,100.0,0.0
2022-06-02,0.2,1.8,99.2,,,,,,,,,,0.0,0.3,100.0,0.0
2022-06-03,,,,,,,,,,,,,0.0,0.4,100.0,0.0
2022-06-04,,,,,,,,,,,,,0.0,0.6,100.0,0.0
2022-06-05,,,,,,,,,,0.0,0.1,60.1,0.0,0.6,100.0,0.0
2022-06-06,0.2,2.5,98.8,,,,,,,0.0,0.0,60.5,0.0,0.7,100.0,0.0
2022-06-07,,,,,,,,,,,,,0.0,1.1,100.0,0.0
2022-06-08,,,,,,,,,,,,,0.0,2.3,100.0,0.0
2022-06-09,,,,,,,,,,,,,0.0,2.3,100.0,0.0
2022-06-10,,,,0.0,0.0,100.0,,,,0.0,0.0,100.0,0.0,1.3,100.0,0.0
2022-06-11,,,,,,,,,,0.0,0.0,100.0,0.0,1.7,100.0,0.0
2022-06-12,,,,,,,,,,,,,0.0,2.0,100.0,0.0
2022-06-13,0.1,2.0,99.0,,,,,,,,,,0.0,2.5,100.0,0.0
2022-06-14,0.1,2.9,98.9,,,,,,,0.0,0.0,100.0,0.0,1.5,100.0,0.0
2022-06-15,,,,0.0,0.0,31.5,,,,,,,0.0,1.9,100.0,0.0
2022-06-16,,,,,,,,,,,,,0.0,2.5,100.0,0.0
2022-06-17,,,,,,,,,,,,,0.0,2.9,100.0,0.0
2022-06-18,0.1,5.4,98.8,,,,,,,0.0,0.0,100.0,0.0,1.4,100.0,0.0
2022-06-19,,,,,,,,,,,,,0.0,1.8,100.0,0.0
2022-06-20,,,,0.0,0.0,100.0,,,,0.0,0.0,100.0,0.0,1.3,100.0,0.0
2022-06-21,0.2,4.2,99.2,,,,,,,,,,0.0,1.1,100.0,0.0
2022-06-22,,,,,,,,,,,,,0.0,0.9,100.0,0.0
2022-06-23,,,,,,,,,,,,,0.0,1.1,100.0,0.0
2022-06-24,,,,,,,,,,,,,0.0,0.9,100.0,0.0
2022-06-25,0.2,3.9,99.2,0.0,0.0,100.0,,,,0.0,0.0,100.0,0.0,0.4,100.0,0.0
2022-06-26,0.2,3.6,99.0,,,,,,,,,,0.0,0.2,100.0,0.0
2022-06-27,,,,,,,,,,,,,0.0,0.2,100.0,0.0
2022-06-28,,,,,,,,,,,,,0.0,0.2,100.0,0.0
2022-06-29,,,,,,,,,,0.0,0.0,100.0,0.0,0.1,100.0,0.0
2022-06-30,0.5,7.3,99.2,0.0,0.0,94.3,,,,,,,0.0,0.1,100.0,0.0
2022-07-01,,,,,,,,,,,,,0.0,0.1,100.0,0.0
2022-07-02,,,,,,,0.0,0.0,100.0,,,,0.0,0.1,100.0,0.0
2022-07-03,1.1,7.1,99.0,,,,,,,,,,0.0,0.0,100.0,0.0
2022-07-04,,,,,,,,,,0.0,0.0,100.0,0.0,0.0,100.0,0.0
2022-07-05,,,,,,,,,,,,,0.0,0.0,100.0,0.0
2022-07-06,,,,,,,,,,,,,0.0,0.0,100.0,0.0
2022-07-07,1.2,5.2,99.2,,,,,,,0.0,0.0,100.0,0.0,0.0,100.0,0.0
2022-07-08,1.2,4.9,99.2,,,,,,,0.0,0.0,95.8,0.0,0.0,100.0,0.0
2022-07-09,,,,,,,0.0,0.0,100.0,,,,0.0,0.0,100.0,0.0
2022-07-10,,,,,,,,,,0.0,0.0,98.2,0.0,0.0,100.0,0.0
2022-07-11,,,,,,,,,,,,,0.0,0.0,100.0,0.0
2022-07-12,0.4,5.0,98.2,,,,,,,,,,0.0,0.0,100.0,0.0
2022-07-13,,,,,,,,,,,,,0.0,0.0,100.0,0.0
2022-07-14,,,,,,,,,,,,,0.0,0.0,100.0,0.0
2022-07-15,0.4,3.6,98.3,0.0,0.0,100.0,,,,,,,0.0,0.0,100.0,0.0
2022-07-16,,,,,,,,,,,,,0.0,0.0,100.0,0.0
2022-07-17,,,,,,,0.0,0.0,100.0,,,,0.0,0.0,100.0,0.0
2022-07-18,,,,,,,0.0,0.0,100.0,,,,0.0,0.0,100.0,0.0
2022-07-19,0.1,2.2,98.3,,,,,,,0.0,0.0,100.0,0.0,0.0,100.0,0.0
2022-07-20,0.2,2.4,98.2,0.0,0.0,90.3,,,,,,,0.0,0.0,100.0,0.0
2022-07-21,,,,,,,,,,,,,0.0,0.0,100.0,0.0
2022-07-22,,,,,,,,,,,,,0.0,0.0,100.0,0.0
2022-07-23,,,,,,,,,,,,,0.0,0.0,100.0,0.0
2022-07-24,0.2,3.6,98.3,,,,,,,0.0,0.0,100.0,0.0,0.0,100.0,0.0
2022-07-25,,,,0.0,0.0,100.0,0.0,0.0,100.0,,,,0.0,0.0,100.0,0.0
2022-07-26,,,,,,,0.0,0.0,86.6,,,,0.0,0.0,100.0,0.0
2022-07-27,0.2,2.4,98.3,,,,,,,,,,0.0,0.0,100.0,0.0
2022-07-28,,,,,,,,,,0.0,0.0,100.0,0.0,0.0,100.0,0.0
2022-07-29,,,,,,,,,,,,,0.0,0.0,100.0,0.0
2022-07-30,,,,,,,,,,,,,0.0,0.0,100.0,0.0
2022-07-31,0.1,1.8,98.3,,,,,,,,,,0.0,0.0,100.0,0.0
2022-08-01,0.1,1.8,98.3,,,,,,,0.0,0.0,100.0,0.0,0.0,100.0,0.0
2022-08-02,,,,,,,0.0,0.0,50.6,0.0,0.0,76.7,0.0,0.0,100.0,0.0
2022-08-03,,,,,,,0.0,0.0,100.0,0.0,0.0,100.0,0.0,0.0,100.0,0.0
2022-08-04,,,,0.0,0.0,100.0,,,,,,,0.0,0.0,100.0,0.0
2022-08-05,0.1,3.9,98.2,,,,,,,,,,0.0,0.0,100.0,0.0
2022-08-06,,,,,,,,,,0.0,0.0,85.6,0.0,0.0,100.0,0.0
2022-08-07,,,,,,,,,,,,,0.0,0.0,100.0,0.0
2022-08-08,0.1,2.4,98.3,,,,,,,,,,0.0,0.0,100.0,0.0
2022-08-09,,,,0.0,0.0,100.0,,,,0.0,0.0,100.0,0.0,0.0,100.0,0.0
2022-08-10,,,,,,,,,,,,,0.0,0.0,100.0,0.0
2022-08-11,,,,,,,0.0,0.0,100.0,0.0,0.0,61.8,0.0,0.0,100.0,0.0
2022-08-12,0.1,3.4,98.2,,,,,,,,,,0.0,0.0,100.0,0.0
2022-08-13,0.0,2.6,98.2,,,,,,,0.0,0.0,100.0,0.0,0.0,100.0,0.0
2022-08-14,,,,0.0,0.0,99.9,,,,0.0,0.0,100.0,0.0,0.0,100.0,0.0
2022-08-15,,,,,,,,,,,,,0.0,0.1,100.0,0.0
2022-08-16,,,,,,,,,,0.0,0.0,100.0,0.0,0.1,100.0,0.0
2022-08-17,0.1,4.9,98.2,,,,,,,0.0,0.0,90.7,0.0,0.1,100.0,0.0
2022-08-18,,,,,,,,,,,,,0.0,0.1,100.0,0.0
2022-08-19,,,,,,,,,,,,,0.0,0.4,100.0,0.0
2022-08-20,0.1,2.3,98.2,,,,,,,0.0,0.0,100.0,0.0,0.2,100.0,0.0
2022-08-21,,,,,,,,,,0.0,0.0,100.0,0.0,0.3,100.0,0.0
2022-08-22,,,,,,,,,,0.0,0.0,100.0,0.0,0.2,100.0,0.0
2022-08-23,,,,,,,,,,,,,0.0,0.5,100.0,0.0
2022-08-24,,,,0.0,0.0,100.0,,,,0.0,0.0,100.0,0.0,0.2,100.0,0.0
2022-08-25,0.2,2.4,98.1,,,,,,,0.0,0.0,100.0,0.0,0.3,100.0,0.0
2022-08-26,,,,,,,,,,0.0,0.0,100.0,0.0,0.2,100.0,0.0
2022-08-27,,,,,,,,,,,,,0.0,0.9,100.0,0.0
2022-08-28,,,,,,,,,,,,,0.0,0.3,100.0,0.0
2022-08-29,0.2,2.8,98.3,0.0,0.0,100.0,,,,,,,0.0,0.4,100.0,0.0
2022-08-30,,,,,,,,,,0.0,0.0,100.0,0.0,0.1,100.0,0.0
2022-08-31,,,,,,,,,,,,,0.0,0.4,100.0,0.0
2022-09-01,0.1,2.6,97.9,,,,,,,0.0,0.0,100.0,0.0,0.1,100.0,0.0
2022-09-02,,,,,,,,,,,,,0.0,0.3,100.0,0.0
2022-09-03,,,,,,,,,,,,,0.0,0.1,100.0,0.0
2022-09-04,,,,,,,,,,,,,0.0,0.2,100.0,0.0
2022-09-05,0.2,2.3,98.3,,,,,,,0.0,0.0,100.0,0.0,0.1,100.0,0.0
2022-09-06,0.1,1.6,98.3,,,,,,,,,,0.0,0.1,100.0,0.0
2022-09-07,,,,,,,,,,,,,0.0,0.1,100.0,0.0
2022-09-08,,,,0.0,0.0,100.0,,,,,,,0.0,0.1,100.0,0.0
2022-09-09,,,,,,,,,,,,,0.0,0.0,100.0,0.0
2022-09-10,0.0,2.6,98.1,,,,,,,,,,0.0,0.0,100.0,0.0
2022-09-11,,,,,,,,,,0.0,0.0,100.0,0.0,0.0,100.0,0.0
2022-09-12,,,,,,,0.0,0.0,100.0,0.0,0.0,100.0,0.0,0.0,100.0,0.0
2022-09-13,0.0,2.0,98.3,0.0,0.0,100.0,,,,,,,0.0,0.0,100.0,0.0
2022-09-14,,,,,,,,,,,,,0.0,0.0,100.0,0.0
2022-09-15,,,,,,,,,,,,,0.0,0.0,100.0,0.0
2022-09-16,,,,,,,,,,,,,0.0,0.0,100.0,0.0
2022-09-17,0.0,1.9,98.3,,,,,,,,,,0.0,0.0,100.0,0.0
2022-09-18,0.0,1.8,98.2,0.0,0.0,91.7,,,,,,,0.0,0.0,100.0,0.0
2022-09-19,,,,,,,,,,,,,0.0,0.0,100.0,0.0
2022-09-20,,,,,,,0.0,0.0,100.0,,,,0.0,0.0,100.0,0.0
2022-09-21,,,,,,,,,,,,,0.0,0.0,100.0,0.0
2022-09-22,0.0,2.7,98.2,,,,,,,,,,0.0,0.0,100.0,0.0
2022-09-23,,,,0.0,0.0,100.0,,,,,,,0.0,0.0,100.0,0.0
2022-09-24,,,,,,,,,,,,,0.0,0.0,100.0,0.0
2022-09-25,0.1,2.8,98.1,,,,,,,,,,0.0,0.1,100.0,0.0
2022-09-26,,,,,,,,,,,,,0.0,0.1,100.0,0.0
2022-09-27,,,,,,,,,,,,,0.0,0.2,100.0,0.0
2022-09-28,,,,,,,,,,,,,0.0,0.2,100.0,0.0
2022-09-29,0.1,2.2,98.3,,,,,,,,,,0.0,0.1,100.0,0.0
2022-09-30,0.1,3.1,98.3,,,,,,,,,,0.0,0.1,100.0,0.0
2022-10-01,,,,,,,,,,,,,0.0,0.1,100.0,0.0
2022-10-02,,,,,,,,,,0.0,0.0,100.0,0.0,0.1,100.0,0.0
2022-10-03,,,,0.0,0.0,56.4,,,,,,,0.0,0.1,100.0,0.0
2022-10-04,0.1,3.4,98.2,,,,,,,,,,0.0,0.1,100.0,0.0
2022-10-05,,,,,,,0.0,0.0,100.0,0.0,0.0,100.0,0.0,0.1,100.0,0.0
2022-10-06,,,,,,,0.0,0.0,100.0,,,,0.0,0.1,100.0,0.0
2022-10-07,0.1,3.4,98.2,,,,,,,0.0,0.0,100.0,0.0,0.0,100.0,0.0
2022-10-08,,,,,,,,,,0.0,0.0,100.0,0.0,0.0,100.0,0.0
2022-10-09,,,,,,,,,,,,,0.0,0.1,100.0,0.0
2022-10-10,,,,,,,,,,,,,0.0,0.1,100.0,0.0
2022-10-11,0.0,2.7,98.2,,,,,,,,,,0.0,0.2,100.0,0.0
2022-10-12,0.0,3.4,98.3,,,,,,,0.0,0.0,100.0,0.0,0.1,100.0,0.0
2022-10-13,,,,,,,,,,,,,0.0,0.3,100.0,0.0
2022-10-14,,,,,,,,,,,,,0.0,0.3,100.0,0.0
2022-10-15,,,,,,,,,,,,,0.0,0.5,100.0,0.0
2022-10-16,0.1,4.9,98.2,,,,,,,0.0,0.0,100.0,0.0,0.3,100.0,0.0
2022-10-17,,,,,,,,,,0.0,0.0,100.0,0.0,0.4,100.0,0.0
2022-10-18,,,,0.0,0.0,99.6,,,,0.0,0.0,100.0,0.0,0.3,100.0,0.0
2022-10-19,0.0,3.8,98.1,,,,,,,,,,0.0,0.5,100.0,0.0
2022-10-20,,,,,,,,,,0.0,0.0,100.0,0.0,0.3,100.0,0.0
2022-10-21,,,,,,,,,,,,,0.0,0.5,100.0,0.0
2022-10-22,,,,,,,,,,0.0,0.1,100.0,0.0,0.3,100.0,0.0
2022-10-23,0.0,2.2,98.2,,,,,,,,,,0.0,0.5,100.0,0.0
2022-10-24,0.0,1.9,98.3,,,,,,,,,,0.0,0.3,100.0,0.0
2022-10-25,,,,,,,,,,0.0,0.1,100.0,0.0,0.3,100.0,0.0
2022-10-26,,,,,,,,,,,,,0.0,0.3,100.0,0.0
2022-10-27,,,,,,,,,,,,,0.0,0.4,100.0,0.0
2022-10-28,0.0,1.9,98.2,,,,,,,,,,0.0,0.2,100.0,0.0
2022-10-29,,,,,,,0.0,0.0,34.2,,,,0.0,0.3,100.0,0.0
2022-10-30,,,,,,,0.0,0.0,86.5,0.0,0.1,100.0,0.0,0.3,100.0,0.0
2022-10-31,0.0,1.7,98.3,,,,,,,,,,0.0,0.5,100.0,0.0
2022-11-01,,,,,,,,,,0.0,0.1,100.0,0.0,0.4,100.0,0.0
2022-11-02,,,,0.0,0.0,100.0,,,,0.0,0.2,100.0,0.0,0.5,100.0,0.0
2022-11-03,,,,,,,,,,,,,0.0,0.7,100.0,0.0
2022-11-04,0.0,1.2,98.2,,,,,,,,,,0.0,0.9,100.0,0.0
2022-11-05,0.0,1.2,98.3,,,,,,,0.0,0.4,100.0,0.0,0.8,100.0,0.0
2022-11-06,,,,,,,0.0,0.5,100.0,,,,0.0,1.2,100.0,0.0
2022-11-07,,,,,,,0.0,0.6,37.6,,,,0.0,1.2,100.0,0.0
2022-11-08,,,,,,,,,,,,,0.0,1.2,100.0,0.0
2022-11-09,0.0,1.2,98.2,,,,,,,,,,0.0,1.6,100.0,0.0
2022-11-10,,,,,,,,,,,,,0.0,2.4,100.0,0.0
2022-11-11,,,,,,,,,,,,,0.0,2.5,100.0,0.0
2022-11-12,0.0,1.2,98.2,0.0,0.1,64.6,,,,,,,0.0,2.1,100.0,0.0
2022-11-13,,,,,,,,,,,,,0.0,2.2,100.0,0.0
2022-11-14,,,,,,,,,,,,,0.0,3.6,100.0,0.0
2022-11-15,,,,,,,,,,,,,0.0,4.5,100.0,0.0
2022-11-16,0.0,1.1,98.3,,,,,,,0.0,0.8,100.0,0.0,3.5,100.0,0.0
2022-11-17,0.0,1.7,98.2,0.0,0.1,100.0,,,,,,,0.0,3.5,100.0,0.0
2022-11-18,,,,,,,,,,,,,0.0,4.8,100.0,0.0
2022-11-19,,,,,,,,,,0.0,2.5,100.0,0.0,4.8,100.0,0.0
2022-11-20,,,,,,,,,,,,,0.0,4.3,100.0,0.0
2022-11-21,0.0,2.6,98.3,,,,,,,,,,0.0,4.5,100.0,0.0
2022-11-22,,,,,,,,,,,,,0.0,6.0,100.0,0.0
2022-11-23,,,,,,,0.0,1.9,100.0,,,,0.0,6.8,100.0,0.0
2022-11-24,0.0,2.7,98.3,,,,,,,,,,0.0,6.5,100.0,0.0
2022-11-25,,,,,,,,,,,,,0.0,6.0,100.0,0.0
2022-11-26,,,,,,,,,,,,,0.0,7.2,100.0,0.0
2022-11-27,,,,0.0,3.9,100.0,,,,0.0,8.1,100.0,0.0,7.2,100.0,0.0
2022-11-28,0.0,2.9,98.2,,,,,,,,,,0.0,8.3,100.0,0.0
2022-11-29,0.0,3.5,98.3,,,,,,,,,,0.0,6.9,100.0,0.0
2022-11-30,,,,,,,,,,,,,0.0,9.9,100.0,0.0
2022-12-01,,,,,,,2.1,6.4,100.0,5.0,28.4,100.0,0.0,10.4,100.0,0.0
2022-12-02,,,,,,,,,,,,,0.0,14.9,100.0,0.0
2022-12-03,0.0,6.3,98.3,,,,,,,,,,0.0,16.3,100.0,0.0
2022-12-04,,,,,,,,,,,,,0.4,24.0,100.0,0.4
2022-12-05,,,,,,,,,,15.0,36.7,100.0,0.4,23.4,100.0,0.4
2022-12-06,0.0,6.9,98.3,,,,,,,61.5,50.9,100.0,1.8,34.0,100.0,1.8
2022-12-07,,,,7.5,24.9,100.0,,,,79.0,57.4,100.0,1.2,37.0,100.0,1.2
2022-12-08,,,,,,,52.8,51.0,100.0,,,,29.8,52.5,100.0,29.8
2022-12-09,,,,,,,,,,85.9,61.6,100.0,46.3,56.3,100.0,46.3
2022-12-10,0.0,6.2,98.3,,,,,,,64.4,52.7,100.0,77.4,65.8,100.0,77.4
2022-12-11,0.1,10.6,98.2,,,,,,,,,,97.2,74.6,100.0,97.2
2022-12-12,,,,,,,,,,,,,99.9,78.6,100.0,99.9
2022-12-13,,,,,,,,,,,,,100.0,83.1,100.0,100.0
2022-12-14,,,,,,,,,,46.9,48.1,100.0,100.0,87.4,100.0,100.0
2022-12-15,25.8,33.2,98.3,,,,,,,,,,100.0,91.5,100.0,100.0
2022-12-16,,,,,,,,,,54.3,50.3,100.0,100.0,92.7,100.0,100.0
2022-12-17,,,,99.5,93.2,100.0,100.0,100.0,100.0,49.9,48.2,100.0,100.0,96.1,100.0,100.0
2022-12-18,21.9,31.4,98.2,,,,,,,67.1,58.3,100.0,100.0,95.8,100.0,100.0
2022-12-19,,,,,,,,,,,,,100.0,96.6,100.0,100.0
2022-12-20,,,,,,,,,,,,,100.0,96.4,100.0,100.0
2022-12-21,,,,,,,,,,92.9,68.9,100.0,100.0,96.8,100.0,100.0
2022-12-22,21.5,30.4,98.3,99.3,95.3,100.0,,,,,,,100.0,97.3,100.0,100.0
2022-12-23,6.8,21.2,98.3,,,,,,,,,,100.0,97.2,100.0,100.0
2022-12-24,,,,,,,100.0,99.9,63.2,,,,100.0,97.2,100.0,100.0
2022-12-25,,,,,,,100.0,99.9,100.0,99.5,81.9,100.0,100.0,97.9,100.0,100.0
2022-12-26,,,,,,,,,,,,,100.0,97.6,100.0,100.0
2022-12-27,33.4,37.1,98.3,99.9,95.4,100.0,,,,,,,100.0,98.0,100.0,100.0
2022-12-28,,,,,,,,,,,,,100.0,97.3,100.0,100.0
2022-12-29,,,,,,,,,,98.7,75.4,100.0,100.0,97.2,100.0,100.0
2022-12-30,28.0,34.0,98.1,,,,,,,,,,100.0,97.2,100.0,100.0
2022-12-31,,,,,,,,,,,,,100.0,96.9,100.0,100.0
2023-01-01,,,,,,,,,,100.0,83.6,100.0,100.0,96.6,100.0,100.0
2023-01-02,,,,,,,,,,99.2,76.3,100.0,100.0,96.6,100.0,100.0
2023-01-03,50.4,41.3,98.1,,,,,,,,,,100.0,96.7,100.0,100.0
2023-01-04,63.4,47.2,98.0,,,,,,,,,,100.0,97.0,100.0,100.0
2023-01-05,,,,,,,,,,100.0,87.7,100.0,100.0,96.7,100.0,100.0
2023-01-06,,,,100.0,98.6,100.0,,,,,,,100.0,97.2,100.0,100.0
2023-01-07,,,,,,,,,,,,,100.0,96.8,100.0,100.0
2023-01-08,98.3,67.1,98.1,,,,,,,,,,100.0,97.0,100.0,100.0
2023-01-09,,,,,,,,,,,,,100.0,96.7,100.0,100.0
2023-01-10,,,,,,,,,,,,,100.0,97.2,100.0,100.0
2023-01-11,100.0,78.9,98.0,,,,,,,100.0,87.9,100.0,100.0,97.5,100.0,100.0
2023-01-12,,,,,,,,,,,,,100.0,98.2,100.0,100.0
2023-01-13,,,,,,,,,,,,,100.0,98.2,100.0,100.0
2023-01-14,,,,,,,,,,,,,100.0,98.3,100.0,100.0
2023-01-15,100.0,85.0,98.1,,,,,,,,,,100.0,98.9,100.0,100.0
2023-01-16,100.0,91.2,98.1,,,,,,,,,,100.0,99.1,100.0,100.0
2023-01-17,,,,,,,,,,,,,100.0,99.1,100.0,100.0
2023-01-18,,,,,,,100.0,100.0,99.9,,,,100.0,99.4,100.0,100.0
2023-01-19,,,,,,,,,,,,,100.0,99.4,100.0,100.0
2023-01-20,100.0,92.9,98.1,,,,,,,,,,100.0,99.6,100.0,100.0
2023-01-21,,,,100.0,99.6,100.0,,,,,,,100.0,99.6,100.0,100.0
2023-01-22,,,,,,,,,,,,,100.0,99.7,100.0,100.0
2023-01-23,100.0,94.9,98.1,,,,,,,,,,100.0,99.8,100.0,100.0
2023-01-24,,,,,,,,,,,,,100.0,99.8,100.0,100.0
2023-01-25,,,,,,,100.0,100.0,100.0,,,,100.0,99.8,100.0,100.0
2023-01-26,,,,100.0,99.9,100.0,100.0,100.0,100.0,,,,100.0,99.9,100.0,100.0
2023-01-27,100.0,94.5,98.0,,,,,,,100.0,95.9,100.0,100.0,99.9,100.0,100.0
2023-01-28,100.0,96.6,98.1,,,,,,,100.0,96.5,100.0,100.0,99.9,100.0,100.0
2023-01-29,,,,,,,,,,,,,100.0,99.9,100.0,100.0
2023-01-30,,,,,,,,,,,,,100.0,99.9,100.0,100.0
2023-01-31,,,,100.0,100.0,100.0,,,,100.0,97.0,100.0,100.0,99.9,100.0,100.0
2023-02-01,100.0,97.6,97.6,,,,,,,,,,100.0,99.9,100.0,100.0
2023-02-02,,,,,,,100.0,100.0,62.1,,,,100.0,99.9,100.0,100.0
2023-02-03,,,,,,,100.0,100.0,81.4,,,,100.0,99.9,100.0,100.0
2023-02-04,100.0,98.3,98.1,,,,,,,100.0,97.2,100.0,100.0,99.9,100.0,100.0
2023-02-05,,,,,,,,,,100.0,96.0,100.0,100.0,99.8,100.0,100.0
2023-02-06,,,,,,,,,,100.0,96.2,100.0,100.0,99.8,100.0,100.0
2023-02-07,,,,,,,,,,,,,100.0,99.8,100.0,100.0
2023-02-08,100.0,98.6,97.6,,,,,,,100.0,97.1,100.0,100.0,99.9,100.0,100.0
2023-02-09,100.0,98.7,97.8,,,,,,,100.0,97.1,100.0,100.0,99.8,100.0,100.0
2023-02-10,,,,100.0,99.9,100.0,100.0,100.0,80.8,100.0,97.9,100.0,100.0,99.9,100.0,100.0
2023-02-11,,,,,,,,,,,,,100.0,99.8,100.0,100.0
2023-02-12,,,,,,,,,,100.0,97.5,100.0,100.0,99.8,100.0,100.0
2023-02-13,100.0,99.2,97.5,,,,,,,,,,100.0,99.8,100.0,100.0
2023-02-14,,,,,,,,,,100.0,96.7,100.0,100.0,99.8,100.0,100.0
2023-02-15,,,,100.0,99.9,100.0,,,,100.0,96.8,100.0,100.0,99.8,100.0,100.0
2023-02-16,100.0,99.2,98.1,,,,,,,100.0,97.0,100.0,100.0,99.8,100.0,100.0
2023-02-17,,,,,,,,,,100.0,96.6,100.0,100.0,99.8,100.0,100.0
2023-02-18,,,,,,,,,,,,,100.0,99.8,100.0,100.0
2023-02-19,,,,,,,100.0,100.0,99.5,100.0,96.1,80.9,100.0,99.8,100.0,100.0
2023-02-20,100.0,99.3,98.1,,,,,,,,,,100.0,99.8,100.0,100.0
2023-02-21,100.0,99.3,98.0,,,,,,,,,,100.0,99.8,100.0,100.0
2023-02-22,,,,,,,,,,,,,100.0,99.7,100.0,100.0
2023-02-23,,,,,,,,,,,,,100.0,99.6,100.0,100.0
2023-02-24,,,,,,,,,,,,,100.0,99.5,100.0,100.0
2023-02-25,100.0,99.5,97.6,100.0,99.6,80.9,,,,100.0,95.7,100.0,100.0,99.6,100.0,100.0
2023-02-26,,,,,,,,,,,,,100.0,99.5,100.0,100.0
2023-02-27,,,,,,,,,,100.0,96.1,100.0,100.0,99.4,100.0,100.0
2023-02-28,100.0,99.7,98.1,,,,,,,100.0,96.5,100.0,100.0,99.4,100.0,100.0
2023-03-01,,,,,,,,,,100.0,96.5,100.0,100.0,99.3,100.0,100.0
2023-03-02,,,,100.0,99.7,100.0,,,,,,,100.0,99.4,100.0,100.0
2023-03-03,,,,,,,,,,100.0,97.0,100.0,100.0,99.2,100.0,100.0
2023-03-04,100.0,99.7,98.1,,,,,,,100.0,96.8,100.0,100.0,99.3,100.0,100.0
2023-03-05,100.0,99.5,98.1,,,,,,,,,,100.0,99.2,100.0,100.0
2023-03-06,,,,,,,,,,100.0,97.3,100.0,100.0,99.1,100.0,100.0
2023-03-07,,,,100.0,99.5,100.0,,,,,,,100.0,99.2,100.0,100.0
2023-03-08,,,,,,,,,,,,,100.0,99.2,100.0,100.0
2023-03-09,100.0,99.4,98.6,,,,,,,,,,100.0,99.2,100.0,100.0
2023-03-10,,,,,,,,,,,,,100.0,99.0,100.0,100.0
2023-03-11,,,,,,,,,,,,,100.0,99.2,100.0,100.0
2023-03-12,100.0,99.4,98.6,100.0,99.9,76.1,,,,,,,100.0,99.5,100.0,100.0
2023-03-13,,,,,,,,,,100.0,96.9,100.0,100.0,99.4,100.0,100.0
2023-03-14,,,,,,,100.0,99.9,100.0,100.0,96.7,100.0,100.0,99.5,100.0,100.0
2023-03-15,,,,,,,100.0,99.7,36.9,,,,100.0,99.5,100.0,100.0
2023-03-16,100.0,99.3,98.6,,,,,,,,,,100.0,99.6,100.0,100.0
2023-03-17,100.0,98.5,98.6,100.0,99.8,100.0,,,,,,,100.0,99.6,100.0,100.0
2023-03-18,,,,,,,,,,,,,100.0,99.2,100.0,100.0
2023-03-19,,,,,,,,,,,,,100.0,99.1,100.0,100.0
2023-03-20,,,,,,,,,,,,,100.0,99.0,100.0,100.0
2023-03-21,100.0,97.4,98.3,,,,,,,,,,100.0,98.9,100.0,100.0
2023-03-22,,,,100.0,97.6,100.0,99.7,88.7,89.7,,,,100.0,98.9,100.0,100.0
2023-03-23,,,,,,,95.9,71.7,46.8,,,,100.0,98.1,100.0,100.0
2023-03-24,100.0,96.7,98.4,,,,,,,,,,100.0,98.0,100.0,100.0
2023-03-25,,,,,,,,,,,,,100.0,97.2,100.0,100.0
2023-03-26,,,,,,,,,,,,,100.0,96.6,100.0,100.0
2023-03-27,,,,,,,,,,,,,100.0,95.7,100.0,100.0
2023-03-28,100.0,95.9,98.6,,,,,,,,,,100.0,95.3,100.0,100.0
2023-03-29,99.8,92.2,98.6,,,,,,,,,,100.0,94.5,100.0,100.0
2023-03-30,,,,,,,7.6,20.2,52.0,,,,99.3,91.6,100.0,99.3
2023-03-31,,,,,,,,,,,,,98.4,90.4,100.0,98.4
2023-04-01,,,,,,,,,,,,,97.0,89.1,100.0,97.0
2023-04-02,98.7,87.8,98.6,,,,,,,,,,95.7,88.2,100.0,95.7
2023-04-03,,,,,,,,,,99.6,88.3,100.0,93.6,85.5,100.0,93.6
2023-04-04,,,,,,,,,,100.0,93.3,100.0,93.5,85.3,100.0,93.5
2023-04-05,97.0,83.9,98.4,,,,,,,100.0,89.8,44.1,93.0,85.3,100.0,93.0
2023-04-06,,,,85.0,75.9,100.0,,,,,,,92.8,85.6,100.0,92.8
2023-04-07,,,,,,,,,,,,,92.2,82.1,100.0,92.2
2023-04-08,,,,,,,,,,,,,91.7,82.0,100.0,91.7
2023-04-09,93.3,77.6,98.6,,,,,,,100.0,89.6,100.0,91.4,80.7,100.0,91.4
2023-04-10,87.5,67.3,98.4,,,,,,,,,,91.4,81.0,100.0,91.4
2023-04-11,,,,,,,,,,,,,89.9,77.6,100.0,89.9
2023-04-12,,,,,,,,,,,,,88.8,75.0,100.0,88.8
2023-04-13,,,,,,,,,,,,,87.9,72.4,100.0,87.9
2023-04-14,71.7,53.6,98.4,,,,,,,95.7,77.6,52.6,87.1,70.2,100.0,87.1
2023-04-15,,,,,,,,,,99.4,88.2,100.0,81.3,65.2,100.0,81.3
2023-04-16,,,,,,,,,,99.1,84.1,82.9,67.4,60.1,100.0,67.4
2023-04-17,42.3,39.1,98.6,,,,,,,,,,52.8,56.2,100.0,52.8
2023-04-18,,,,,,,,,,97.4,80.9,100.0,14.4,46.3,100.0,14.4
2023-04-19,,,,,,,,,,72.3,67.1,100.0,1.0,39.7,100.0,1.0
2023-04-20,,,,,,,,,,,,,0.0,29.2,100.0,0.0
2023-04-21,10.5,24.5,98.6,,,,,,,,,,0.0,24.8,100.0,0.0
2023-04-22,4.0,16.9,98.6,,,,,,,67.7,57.9,81.3,0.0,17.1,100.0,0.0
2023-04-23,,,,,,,,,,39.9,43.6,100.0,0.0,14.4,100.0,0.0
2023-04-24,,,,,,,,,,15.0,25.5,100.0,0.0,12.5,100.0,0.0
2023-04-25,,,,,,,,,,,,,0.0,12.2,100.0,0.0
2023-04-26,0.4,9.7,98.4,0.0,1.3,100.0,,,,,,,0.0,10.5,100.0,0.0
2023-04-27,,,,,,,,,,1.3,11.7,100.0,0.0,10.3,100.0,0.0
2023-04-28,,,,,,,,,,0.0,15.4,53.1,0.0,9.6,100.0,0.0
2023-04-29,0.5,5.1,98.6,,,,,,,,,,0.0,9.3,100.0,0.0
2023-04-30,,,,,,,,,,,,,0.0,8.5,100.0,0.0
2023-05-01,,,,,,,,,,,,,0.0,9.5,100.0,0.0
2023-05-02,,,,,,,,,,,,,0.0,9.4,100.0,0.0
2023-05-03,0.2,5.0,98.4,,,,,,,,,,0.0,9.0,100.0,0.0
2023-05-04,0.5,5.5,98.6,,,,,,,0.0,11.0,100.0,0.0,7.7,100.0,0.0
2023-05-05,,,,,,,,,,,,,0.0,8.8,100.0,0.0
2023-05-06,,,,0.0,0.1,62.6,,,,,,,0.0,8.0,100.0,0.0
2023-05-07,,,,,,,,,,,,,0.0,7.7,100.0,0.0
2023-05-08,0.4,7.3,98.6,,,,,,,,,,0.0,8.2,100.0,0.0
2023-05-09,,,,,,,,,,,,,0.0,9.1,100.0,0.0
2023-05-10,,,,,,,,,,,,,0.0,8.6,100.0,0.0
2023-05-11,0.4,3.7,98.3,,,,,,,,,,0.0,7.6,100.0,0.0
2023-05-12,,,,,,,,,,,,,0.0,6.5,100.0,0.0
2023-05-13,,,,,,,,,,,,,0.0,6.7,100.0,0.0
2023-05-14,,,,,,,,,,0.0,8.4,100.0,0.0,6.3,100.0,0.0
2023-05-15,0.0,2.2,98.2,,,,,,,0.0,1.4,100.0,0.0,4.9,100.0,0.0
2023-05-16,0.1,1.7,98.6,,,,,,,,,,0.0,5.1,100.0,0.0
2023-05-17,,,,,,,,,,,,,0.0,5.3,100.0,0.0
2023-05-18,,,,,,,0.0,0.1,50.6,,,,0.0,4.5,100.0,0.0
2023-05-19,,,,,,,,,,,,,0.0,2.9,100.0,0.0
2023-05-20,0.0,2.0,98.4,,,,,,,,,,0.0,1.9,100.0,0.0
2023-05-21,,,,,,,,,,,,,0.0,1.7,100.0,0.0
2023-05-22,,,,,,,,,,,,,0.0,1.4,100.0,0.0
2023-05-23,0.1,2.0,98.6,,,,,,,,,,0.0,0.8,100.0,0.0
2023-05-24,,,,,,,,,,,,,0.0,0.6,100.0,0.0
2023-05-25,,,,,,,,,,,,,0.0,0.4,100.0,0.0
2023-05-26,,,,0.0,0.0,73.1,,,,,,,0.0,0.3,100.0,0.0
2023-05-27,0.0,0.9,98.3,,,,,,,,,,0.0,0.2,100.0,0.0
2023-05-28,0.1,1.1,98.3,,,,,,,,,,0.0,0.2,100.0,0.0
2023-05-29,,,,,,,,,,,,,0.0,0.1,100.0,0.0
2023-05-30,,,,,,,,,,,,,0.0,0.1,100.0,0.0
2023-05-31,,,,,,,,,,,,,0.0,0.1,100.0,0.0
2023-06-01,0.0,1.4,98.4,,,,,,,,,,0.0,0.1,100.0,0.0
2023-06-02,,,,,,,0.0,0.0,89.7,,,,0.0,0.1,100.0,0.0
2023-06-03,,,,,,,0.0,0.0,84.5,,,,0.0,0.1,100.0,0.0
2023-06-04,0.1,1.7,98.6,,,,,,,,,,0.0,0.1,100.0,0.0
2023-06-05,,,,,,,,,,,,,0.0,0.1,100.0,0.0
2023-06-06,,,,,,,,,,,,,0.0,0.1,100.0,0.0
2023-06-07,,,,,,,,,,,,,0.0,0.1,100.0,0.0
2023-06-08,0.0,1.1,98.4,,,,,,,,,,0.0,0.2,100.0,0.0
2023-06-09,0.1,1.0,98.4,,,,,,,,,,0.0,0.2,100.0,0.0
2023-06-10,,,,,,,0.0,0.0,38.2,0.0,0.4,60.7,0.0,0.2,100.0,0.0
2023-06-11,,,,,,,,,,0.0,0.2,45.9,0.0,0.2,100.0,0.0
2023-06-12,,,,,,,,,,,,,0.0,0.2,100.0,0.0
2023-06-13,0.0,2.1,98.2,,,,,,,,,,0.0,0.2,100.0,0.0
2023-06-14,,,,,,,,,,0.0,0.1,100.0,0.0,0.2,100.0,0.0
2023-06-15,,,,0.0,0.0,54.9,,,,0.0,0.3,39.6,0.0,0.1,100.0,0.0
2023-06-16,0.1,1.5,98.2,,,,,,,,,,0.0,0.1,100.0,0.0
2023-06-17,,,,,,,,,,,,,0.0,0.1,100.0,0.0
2023-06-18,,,,,,,,,,0.0,0.0,100.0,0.0,0.1,100.0,0.0
2023-06-19,,,,,,,0.0,0.0,100.0,0.0,0.0,100.0,0.0,0.1,100.0,0.0
2023-06-20,0.1,1.7,98.6,,,,,,,,,,0.0,0.1,100.0,0.0
2023-06-21,0.2,1.5,98.4,,,,0.0,0.0,83.8,,,,0.0,0.1,100.0,0.0
2023-06-22,,,,,,,,,,0.0,0.0,100.0,0.0,0.1,100.0,0.0
2023-06-23,,,,,,,,,,,,,0.0,0.1,100.0,0.0
2023-06-24,,,,,,,,,,,,,0.0,0.1,100.0,0.0
2023-06-25,0.4,2.4,88.4,0.0,0.0,100.0,,,,,,,0.0,0.1,100.0,0.0
2023-06-26,,,,,,,0.0,0.0,99.8,0.0,0.0,100.0,0.0,0.0,100.0,0.0
2023-06-27,,,,,,,,,,0.0,0.0,100.0,0.0,0.0,100.0,0.0
2023-06-28,0.4,2.2,88.5,,,,,,,,,,0.0,0.0,100.0,0.0
2023-06-29,,,,,,,,,,,,,0.0,0.0,100.0,0.0
2023-06-30,,,,,,,,,,,,,0.0,0.1,100.0,0.0
2023-07-01,,,,,,,,,,,,,0.0,0.0,100.0,0.0
2023-07-02,0.3,2.0,88.4,,,,,,,,,,0.0,0.0,100.0,0.0
2023-07-03,0.4,3.8,88.5,,,,,,,0.0,0.0,100.0,0.0,0.1,100.0,0.0
2023-07-04,,,,,,,0.0,0.0,100.0,0.0,0.0,100.0,0.0,0.0,100.0,0.0
2023-07-05,,,,0.0,0.0,58.3,,,,,,,0.0,0.0,100.0,0.0
2023-07-06,,,,,,,,,,,,,0.0,0.0,100.0,0.0
2023-07-07,0.5,4.4,88.4,,,,,,,,,,0.0,0.1,100.0,0.0
2023-07-08,,,,,,,,,,0.0,0.0,100.0,0.0,0.1,100.0,0.0
2023-07-09,,,,,,,,,,0.0,0.0,100.0,0.0,0.1,100.0,0.0
2023-07-10,0.4,4.9,88.4,0.0,0.0,100.0,,,,0.0,0.0,100.0,0.0,0.0,100.0,0.0
2023-07-11,,,,,,,,,,,,,0.0,0.0,100.0,0.0
2023-07-12,,,,,,,0.0,0.0,100.0,,,,0.0,0.0,100.0,0.0
2023-07-13,,,,,,,,,,,,,0.0,0.0,100.0,0.0
2023-07-14,0.4,2.8,88.5,,,,,,,,,,0.0,0.0,100.0,0.0
2023-07-15,0.4,3.6,88.5,0.0,0.0,100.0,,,,0.0,0.0,100.0,0.0,0.0,100.0,0.0
2023-07-16,,,,,,,,,,0.0,0.0,95.7,0.0,0.1,100.0,0.0
2023-07-17,,,,,,,,,,,,,0.0,0.0,100.0,0.0
2023-07-18,,,,,,,,,,,,,0.0,0.0,100.0,0.0
2023-07-19,0.4,5.1,88.5,,,,,,,0.0,0.0,100.0,0.0,0.0,100.0,0.0
2023-07-20,,,,0.0,0.0,100.0,0.0,0.0,100.0,,,,0.0,0.0,100.0,0.0
2023-07-21,,,,,,,,,,,,,0.0,0.0,100.0,0.0
2023-07-22,1.2,7.3,88.5,,,,,,,,,,0.0,0.0,100.0,0.0
2023-07-23,,,,,,,,,,,,,0.0,0.0,100.0,0.0
2023-07-24,,,,,,,,,,,,,0.0,0.0,100.0,0.0
2023-07-25,,,,0.0,0.0,100.0,,,,,,,0.0,0.0,100.0,0.0
2023-07-26,0.3,3.9,88.4,,,,,,,,,,0.0,0.0,100.0,0.0
2023-07-27,0.5,4.0,88.5,,,,,,,,,,0.0,0.0,100.0,0.0
2023-07-28,,,,,,,0.0,0.0,100.0,,,,0.0,0.0,100.0,0.0
2023-07-29,,,,,,,,,,,,,0.0,0.0,100.0,0.0
2023-07-30,,,,,,,,,,0.0,0.0,100.0,0.0,0.0,100.0,0.0
2023-07-31,0.4,3.4,88.5,,,,,,,,,,0.0,0.0,100.0,0.0
2023-08-01,,,,,,,,,,,,,0.0,0.0,100.0,0.0
2023-08-02,,,,,,,,,,0.0,0.0,81.3,0.0,0.0,100.0,0.0
2023-08-03,0.4,2.5,88.5,,,,,,,,,,0.0,0.0,100.0,0.0
2023-08-04,,,,,,,,,,,,,0.0,0.0,100.0,0.0
2023-08-05,,,,,,,,,,,,,0.0,0.0,100.0,0.0
2023-08-06,,,,,,,,,,,,,0.0,0.1,100.0,0.0
2023-08-07,0.2,1.6,98.0,,,,,,,,,,0.0,0.0,100.0,0.0
2023-08-08,0.2,1.4,97.8,,,,,,,,,,0.0,0.0,100.0,0.0
2023-08-09,,,,,,,,,,,,,0.0,0.0,100.0,0.0
2023-08-10,,,,,,,,,,0.0,0.0,99.9,0.0,0.0,100.0,0.0
2023-08-11,,,,,,,,,,0.0,0.0,100.0,0.0,0.0,100.0,0.0
2023-08-12,0.1,2.0,97.8,,,,,,,,,,0.0,0.0,100.0,0.0
2023-08-13,,,,,,,0.0,0.0,95.0,,,,0.0,0.0,100.0,0.0
2023-08-14,,,,0.0,0.0,99.5,0.0,0.0,84.8,0.0,0.0,100.0,0.0,0.0,100.0,0.0
2023-08-15,0.1,2.1,97.6,,,,,,,,,,0.0,0.0,100.0,0.0
2023-08-16,,,,,,,,,,,,,0.0,0.0,100.0,0.0
2023-08-17,,,,,,,,,,,,,0.0,0.0,100.0,0.0
2023-08-18,,,,,,,,,,0.0,0.0,100.0,0.0,0.0,100.0,0.0
2023-08-19,0.0,1.3,97.6,0.0,0.0,100.0,,,,0.0,0.0,100.0,0.0,0.0,100.0,0.0
2023-08-20,0.0,1.6,98.1,,,,,,,,,,0.0,0.0,100.0,0.0
2023-08-21,,,,,,,,,,,,,0.0,0.0,100.0,0.0
2023-08-22,,,,,,,0.0,0.0,100.0,,,,0.0,0.0,100.0,0.0
2023-08-23,,,,,,,,,,,,,0.0,0.0,100.0,0.0
2023-08-24,0.0,1.8,97.8,0.0,0.0,100.0,,,,,,,0.0,0.0,100.0,0.0
2023-08-25,,,,,,,,,,,,,0.0,0.0,100.0,0.0
2023-08-26,,,,,,,,,,,,,0.0,0.1,100.0,0.0
2023-08-27,0.0,1.0,98.1,,,,,,,,,,0.0,0.1,100.0,0.0
2023-08-28,,,,,,,,,,,,,0.0,0.1,100.0,0.0
2023-08-29,,,,,,,,,,,,,0.0,0.1,100.0,0.0
2023-08-30,,,,,,,,,,,,,0.0,0.0,100.0,0.0
2023-08-31,0.0,0.7,98.0,,,,0.0,0.0,80.8,,,,0.0,0.0,100.0,0.0
2023-09-01,0.0,0.6,98.1,,,,,,,,,,0.0,0.0,100.0,0.0
2023-09-02,,,,,,,,,,0.0,0.0,100.0,0.0,0.0,100.0,0.0
2023-09-03,,,,0.0,0.0,100.0,,,,0.0,0.0,100.0,0.0,0.0,100.0,0.0
2023-09-04,,,,,,,,,,,,,0.0,0.0,100.0,0.0
2023-09-05,0.0,1.1,98.1,,,,,,,,,,0.0,0.0,100.0,0.0
2023-09-06,,,,,,,0.0,0.0,100.0,,,,0.0,0.0,100.0,0.0
2023-09-07,,,,,,,0.0,0.0,85.0,0.0,0.0,100.0,0.0,0.0,100.0,0.0
2023-09-08,0.0,0.7,97.8,0.0,0.0,100.0,,,,,,,0.0,0.0,100.0,0.0
2023-09-09,,,,,,,,,,0.0,0.0,100.0,0.0,0.0,100.0,0.0
2023-09-10,,,,,,,,,,,,,0.0,0.0,100.0,0.0
2023-09-11,,,,,,,,,,,,,0.0,0.0,100.0,0.0
2023-09-12,0.0,0.7,98.1,,,,,,,,,,0.0,0.0,100.0,0.0
2023-09-13,0.0,0.9,98.1,,,,,,,,,,0.0,0.0,100.0,0.0
2023-09-14,,,,,,,,,,,,,0.0,0.0,100.0,0.0
2023-09-15,,,,,,,,,,0.0,0.0,100.0,0.0,0.0,100.0,0.0
2023-09-16,,,,,,,,,,,,,0.0,0.0,100.0,0.0
2023-09-17,0.0,1.5,97.8,,,,,,,,,,0.0,0.1,100.0,0.0
2023-09-18,,,,,,,,,,,,,0.0,0.1,100.0,0.0
2023-09-19,,,,,,,,,,,,,0.0,0.1,100.0,0.0
2023-09-20,0.1,1.8,98.0,,,,,,,,,,0.0,0.1,100.0,0.0
2023-09-21,,,,,,,,,,,,,0.0,0.1,100.0,0.0
2023-09-22,,,,,,,,,,,,,0.0,0.1,100.0,0.0
2023-09-23,,,,,,,,,,,,,0.0,0.1,100.0,0.0
2023-09-24,0.0,1.6,98.0,,,,,,,,,,0.0,0.1,100.0,0.0
2023-09-25,0.0,2.1,98.0,,,,,,,0.0,0.0,100.0,0.0,0.1,100.0,0.0
2023-09-26,,,,,,,,,,0.0,0.0,100.0,0.0,0.1,100.0,0.0
2023-09-27,,,,,,,,,,,,,0.0,0.1,100.0,0.0
2023-09-28,,,,0.0,0.0,100.0,,,,,,,0.0,0.1,100.0,0.0
2023-09-29,0.0,3.5,97.8,,,,,,,0.0,0.0,100.0,0.0,0.1,100.0,0.0
2023-09-30,,,,,,,0.0,0.0,100.0,,,,0.0,0.1,100.0,0.0
2023-10-01,,,,,,,0.0,0.0,86.9,,,,0.0,0.1,100.0,0.0
2023-10-02,0.1,3.1,98.1,,,,,,,,,,0.0,0.1,100.0,0.0
2023-10-03,,,,0.0,0.0,82.3,,,,0.0,0.0,100.0,0.0,0.1,100.0,0.0
2023-10-04,,,,,,,,,,0.0,0.0,100.0,0.0,0.1,100.0,0.0
2023-10-05,,,,,,,,,,,,,0.0,0.1,100.0,0.0
2023-10-06,0.1,2.1,98.0,,,,,,,,,,0.0,0.1,100.0,0.0
2023-10-07,0.0,1.4,98.1,,,,,,,,,,0.0,0.1,100.0,0.0
2023-10-08,,,,0.0,0.0,100.0,0.0,0.0,57.7,0.0,0.0,100.0,0.0,0.1,100.0,0.0
2023-10-09,,,,,,,0.0,0.0,32.4,,,,0.0,0.2,100.0,0.0
2023-10-10,,,,,,,,,,0.0,0.0,100.0,0.0,0.1,100.0,0.0
2023-10-11,0.0,1.8,98.0,,,,,,,0.0,0.0,100.0,0.0,0.2,100.0,0.0
2023-10-12,,,,,,,,,,0.0,0.0,100.0,0.0,0.2,100.0,0.0
2023-10-13,,,,0.0,0.0,100.0,,,,,,,0.0,0.2,100.0,0.0
2023-10-14,0.1,1.7,98.1,,,,,,,0.0,0.0,100.0,0.0,0.2,100.0,0.0
2023-10-15,,,,,,,,,,0.0,0.0,100.0,0.0,0.3,100.0,0.0
2023-10-16,,,,,,,0.0,0.1,87.9,,,,0.0,0.4,100.0,0.0
2023-10-17,,,,,,,,,,,,,0.0,0.4,100.0,0.0
2023-10-18,0.0,1.6,98.1,0.0,0.0,100.0,,,,,,,0.0,0.3,100.0,0.0
2023-10-19,0.0,1.8,98.1,,,,,,,,,,0.0,0.5,100.0,0.0
2023-10-20,,,,,,,,,,,,,0.0,0.5,100.0,0.0
2023-10-21,,,,,,,,,,,,,0.0,0.6,100.0,0.0
2023-10-22,,,,,,,,,,,,,0.0,0.5,100.0,0.0
2023-10-23,0.0,3.0,98.0,,,,,,,0.0,0.0,100.0,0.0,0.5,100.0,0.0
2023-10-24,,,,,,,,,,,,,0.0,0.7,100.0,0.0
2023-10-25,,,,,,,0.0,0.1,32.6,,,,0.0,0.9,100.0,0.0
2023-10-26,,,,,,,,,,,,,0.0,0.8,100.0,0.0
2023-10-27,,,,,,,,,,,,,0.0,0.8,100.0,0.0
2023-10-28,,,,0.0,0.1,100.0,,,,0.0,0.0,100.0,0.0,0.7,100.0,0.0
2023-10-29,,,,,,,,,,,,,0.0,1.2,100.0,0.0
2023-10-30,0.0,3.5,97.8,,,,,,,,,,0.0,1.0,100.0,0.0
2023-10-31,0.0,6.2,98.1,,,,,,,,,,0.0,1.3,100.0,0.0
2023-11-01,,,,,,,,,,,,,0.0,1.7,100.0,0.0
2023-11-02,,,,,,,,,,,,,0.0,2.0,100.0,0.0
2023-11-03,,,,,,,,,,0.0,0.1,100.0,0.0,1.8,100.0,0.0
2023-11-04,0.1,9.6,98.8,,,,,,,,,,0.0,2.4,100.0,0.0
2023-11-05,,,,,,,,,,,,,0.0,2.2,100.0,0.0
2023-11-06,,,,,,,,,,0.0,0.2,100.0,0.0,2.4,100.0,0.0
2023-11-07,0.2,10.6,98.8,0.0,0.6,100.0,,,,,,,0.0,2.1,100.0,0.0
2023-11-08,,,,,,,,,,,,,0.0,2.8,100.0,0.0
2023-11-09,,,,,,,,,,,,,0.0,2.8,100.0,0.0
2023-11-10,,,,,,,,,,,,,0.0,3.6,100.0,0.0
2023-11-11,0.1,9.3,98.4,,,,,,,,,,0.0,3.1,100.0,0.0
2023-11-12,0.6,11.6,98.7,,,,,,,,,,0.0,3.8,100.0,0.0
2023-11-13,,,,,,,,,,0.0,0.3,100.0,0.0,3.0,100.0,0.0
2023-11-14,,,,,,,,,,,,,0.0,3.5,100.0,0.0
2023-11-15,,,,,,,,,,0.0,1.5,100.0,0.0,2.8,100.0,0.0
2023-11-16,4.5,15.9,98.6,,,,,,,,,,0.0,3.8,100.0,0.0
2023-11-17,,,,,,,,,,,,,0.0,3.5,100.0,0.0
2023-11-18,,,,,,,0.0,0.8,59.5,,,,0.0,4.7,100.0,0.0
2023-11-19,2.7,11.8,98.7,,,,,,,,,,0.0,6.3,100.0,0.0
2023-11-20,,,,,,,,,,,,,0.0,6.5,100.0,0.0
2023-11-21,,,,,,,,,,,,,0.0,7.5,100.0,0.0
2023-11-22,,,,0.0,1.4,100.0,,,,,,,0.0,8.2,100.0,0.0
2023-11-23,0.7,10.6,98.7,,,,,,,,,,0.0,9.1,100.0,0.0
2023-11-24,0.5,10.5,98.7,,,,,,,,,,0.0,8.3,100.0,0.0
2023-11-25,,,,,,,4.4,12.7,62.0,,,,0.0,11.7,100.0,0.0
2023-11-26,,,,,,,0.0,3.4,43.8,,,,0.0,11.4,100.0,0.0
2023-11-27,,,,45.9,44.3,30.6,,,,,,,0.0,17.5,100.0,0.0
2023-11-28,2.7,17.9,98.7,,,,,,,,,,0.0,13.0,100.0,0.0
2023-11-29,,,,,,,,,,,,,0.0,20.6,100.0,0.0
2023-11-30,,,,,,,,,,,,,0.0,15.9,100.0,0.0
2023-12-01,1.3,15.3,98.7,,,,,,,,,,0.0,23.3,100.0,0.0
2023-12-02,,,,,,,,,,,,,0.0,17.9,100.0,0.0
2023-12-03,,,,,,,76.7,67.7,100.0,0.0,6.5,100.0,6.7,33.5,100.0,6.7
2023-12-04,,,,,,,,,,0.0,11.3,100.0,5.0,32.7,100.0,5.0
2023-12-05,4.4,18.9,98.6,,,,,,,0.8,14.7,100.0,24.1,45.3,100.0,24.1
2023-12-06,1.8,15.4,98.7,,,,,,,,,,21.3,44.8,100.0,21.3
2023-12-07,,,,70.7,64.4,100.0,,,,3.8,25.7,100.0,45.4,56.2,100.0,45.4
2023-12-08,,,,,,,,,,1.8,24.1,100.0,47.2,57.7,100.0,47.2
2023-12-09,,,,,,,,,,,,,66.8,64.2,100.0,66.8
2023-12-10,14.9,28.2,98.8,,,,,,,,,,78.5,67.3,100.0,78.5
2023-12-11,,,,,,,,,,,,,96.9,74.5,100.0,96.9
2023-12-12,,,,92.4,73.9,87.2,,,,19.7,37.4,100.0,99.6,80.3,100.0,99.6
2023-12-13,26.6,33.4,98.7,,,,,,,,,,99.9,87.5,100.0,99.9
2023-12-14,,,,,,,,,,,,,100.0,88.3,100.0,100.0
2023-12-15,,,,,,,,,,24.9,40.5,100.0,100.0,91.4,100.0,100.0
2023-12-16,,,,,,,,,,,,,100.0,94.1,100.0,100.0
2023-12-17,47.0,40.7,98.7,99.6,96.2,100.0,,,,,,,100.0,96.0,100.0,100.0
2023-12-18,63.4,48.5,98.7,,,,,,,,,,100.0,95.4,100.0,100.0
2023-12-19,,,,,,,100.0,100.0,100.0,89.1,63.6,100.0,100.0,97.5,100.0,100.0
2023-12-20,,,,,,,,,,,,,100.0,97.5,100.0,100.0
2023-12-21,,,,,,,,,,,,,100.0,98.2,100.0,100.0
2023-12-22,87.6,65.7,98.8,,,,,,,,,,100.0,98.1,100.0,100.0
2023-12-23,,,,,,,,,,100.0,84.0,100.0,100.0,98.5,100.0,100.0
2023-12-24,,,,,,,,,,100.0,90.4,100.0,100.0,98.9,100.0,100.0
2023-12-25,98.8,80.5,98.7,,,,,,,,,,100.0,99.2,100.0,100.0
2023-12-26,,,,,,,,,,,,,100.0,99.1,100.0,100.0
2023-12-27,,,,99.9,97.0,100.0,100.0,100.0,100.0,100.0,93.5,100.0,100.0,99.6,100.0,100.0
2023-12-28,,,,,,,,,,,,,100.0,99.4,100.0,100.0
2023-12-29,98.9,86.9,98.7,,,,,,,,,,100.0,99.6,100.0,100.0
2023-12-30,98.9,91.8,98.7,,,,,,,100.0,97.0,100.0,100.0,99.5,100.0,100.0
2023-12-31,,,,,,,,,,,,,100.0,99.5,100.0,100.0
2024-01-01,,,,100.0,98.1,100.0,,,,,,,100.0,99.7,100.0,100.0
2024-01-02,,,,,,,,,,,,,100.0,99.6,100.0,100.0
2024-01-03,100.0,96.6,98.7,,,,,,,100.0,98.6,100.0,100.0,99.7,100.0,100.0
2024-01-04,,,,,,,,,,,,,100.0,99.6,100.0,100.0
2024-01-05,,,,,,,,,,,,,100.0,99.6,100.0,100.0
2024-01-06,100.0,98.8,98.8,,,,,,,,,,100.0,99.8,100.0,100.0
2024-01-07,,,,,,,,,,,,,100.0,99.8,100.0,100.0
2024-01-08,,,,,,,,,,,,,100.0,99.8,100.0,100.0
2024-01-09,,,,,,,,,,100.0,99.1,100.0,100.0,99.9,100.0,100.0
2024-01-10,100.0,99.4,98.8,,,,,,,,,,100.0,99.9,100.0,100.0
2024-01-11,100.0,99.6,98.8,100.0,99.5,100.0,,,,,,,100.0,99.9,100.0,100.0
2024-01-12,,,,,,,100.0,100.0,100.0,,,,100.0,100.0,100.0,100.0
2024-01-13,,,,,,,100.0,100.0,100.0,100.0,99.4,100.0,100.0,100.0,100.0,100.0
2024-01-14,,,,,,,,,,100.0,98.9,100.0,100.0,100.0,100.0,100.0
2024-01-15,100.0,99.8,98.7,,,,,,,,,,100.0,100.0,100.0,100.0
2024-01-16,,,,100.0,99.6,100.0,,,,,,,100.0,100.0,100.0,100.0
2024-01-17,,,,,,,,,,,,,100.0,100.0,100.0,100.0
2024-01-18,100.0,99.9,98.8,,,,,,,100.0,99.2,100.0,100.0,100.0,100.0,100.0
2024-01-19,,,,,,,,,,,,,100.0,100.0,100.0,100.0
2024-01-20,,,,,,,100.0,100.0,76.6,,,,100.0,100.0,100.0,100.0
2024-01-21,,,,100.0,99.6,100.0,,,,,,,100.0,100.0,100.0,100.0
2024-01-22,100.0,99.9,98.7,,,,,,,,,,100.0,100.0,100.0,100.0
2024-01-23,100.0,99.9,98.7,,,,,,,,,,100.0,100.0,100.0,100.0
2024-01-24,,,,,,,,,,,,,100.0,99.9,100.0,100.0
2024-01-25,,,,,,,,,,,,,100.0,100.0,100.0,100.0
2024-01-26,,,,100.0,99.7,100.0,,,,,,,100.0,100.0,100.0,100.0
2024-01-27,100.0,99.9,98.4,,,,,,,,,,100.0,100.0,100.0,100.0
2024-01-28,,,,,,,100.0,100.0,95.9,,,,100.0,100.0,100.0,100.0
2024-01-29,,,,,,,100.0,100.0,93.3,,,,100.0,99.9,100.0,100.0
2024-01-30,100.0,100.0,98.7,,,,,,,,,,100.0,100.0,100.0,100.0
2024-01-31,,,,100.0,99.9,100.0,,,,,,,100.0,99.9,100.0,100.0
2024-02-01,,,,,,,,,,,,,100.0,99.9,100.0,100.0
2024-02-02,,,,,,,,,,,,,100.0,99.9,100.0,100.0
2024-02-03,100.0,100.0,98.8,,,,,,,,,,100.0,99.9,100.0,100.0
2024-02-04,100.0,99.9,98.7,,,,,,,,,,100.0,99.9,100.0,100.0
2024-02-05,,,,100.0,99.9,100.0,100.0,100.0,94.3,,,,100.0,99.9,100.0,100.0
2024-02-06,,,,,,,,,,,,,100.0,99.8,100.0,100.0
2024-02-07,,,,,,,,,,,,,100.0,99.8,100.0,100.0
2024-02-08,100.0,99.9,97.9,,,,,,,,,,100.0,99.8,100.0,100.0
2024-02-09,,,,,,,,,,,,,100.0,99.7,100.0,100.0
2024-02-10,,,,,,,,,,,,,100.0,99.8,100.0,100.0
2024-02-11,100.0,99.9,98.8,,,,,,,,,,100.0,99.8,100.0,100.0
2024-02-12,,,,,,,,,,,,,100.0,99.8,100.0,100.0
2024-02-13,,,,,,,100.0,99.9,87.9,,,,100.0,99.7,100.0,100.0
2024-02-14,,,,,,,100.0,99.9,79.5,,,,100.0,99.7,100.0,100.0
2024-02-15,100.0,99.8,98.7,100.0,100.0,100.0,,,,,,,100.0,99.8,100.0,100.0
2024-02-16,100.0,99.7,98.8,,,,,,,,,,100.0,99.7,100.0,100.0
2024-02-17,,,,,,,,,,,,,100.0,99.6,100.0,100.0
2024-02-18,,,,,,,,,,,,,100.0,99.5,100.0,100.0
2024-02-19,,,,,,,,,,,,,100.0,99.4,100.0,100.0
2024-02-20,100.0,99.5,98.1,,,,,,,,,,100.0,99.4,100.0,100.0
2024-02-21,,,,,,,,,,,,,100.0,99.2,100.0,100.0
2024-02-22,,,,,,,,,,,,,100.0,99.1,100.0,100.0
2024-02-23,100.0,99.5,98.8,,,,,,,,,,100.0,99.2,100.0,100.0
2024-02-24,,,,,,,,,,,,,100.0,99.1,100.0,100.0
2024-02-25,,,,100.0,99.9,75.0,,,,,,,100.0,99.2,100.0,100.0
2024-02-26,,,,,,,,,,,,,100.0,99.2,100.0,100.0
2024-02-27,100.0,99.4,98.8,,,,,,,,,,100.0,99.4,100.0,100.0
2024-02-28,100.0,99.1,98.8,,,,,,,,,,100.0,99.4,100.0,100.0
2024-02-29,,,,,,,100.0,98.9,100.0,,,,100.0,99.5,100.0,100.0
2024-03-01,,,,,,,,,,,,,100.0,99.3,100.0,100.0
2024-03-02,,,,,,,,,,,,,100.0,99.4,100.0,100.0
2024-03-03,100.0,98.6,98.5,,,,,,,,,,100.0,99.5,100.0,100.0
2024-03-04,,,,,,,,,,,,,100.0,99.3,100.0,100.0
2024-03-05,,,,,,,,,,,,,100.0,99.4,100.0,100.0
2024-03-06,100.0,98.5,98.8,,,,,,,,,,100.0,99.6,100.0,100.0
2024-03-07,,,,,,,,,,,,,100.0,99.6,100.0,100.0
2024-03-08,,,,,,,,,,,,,100.0,99.5,100.0,100.0
2024-03-09,,,,,,,,,,,,,100.0,99.6,100.0,100.0
2024-03-10,100.0,98.2,98.8,,,,,,,,,,100.0,99.6,100.0,100.0
2024-03-11,100.0,97.5,98.8,100.0,100.0,100.0,,,,,,,100.0,99.7,100.0,100.0
2024-03-12,,,,,,,,,,,,,100.0,99.6,100.0,100.0
2024-03-13,,,,,,,,,,,,,100.0,99.5,100.0,100.0
2024-03-14,,,,,,,,,,,,,100.0,99.5,100.0,100.0
2024-03-15,100.0,96.3,98.4,,,,,,,,,,100.0,99.6,100.0,100.0
2024-03-16,,,,100.0,99.9,95.5,,,,,,,100.0,99.5,100.0,100.0
2024-03-17,,,,,,,,,,,,,100.0,99.4,100.0,100.0
2024-03-18,100.0,97.0,98.8,,,,,,,,,,100.0,99.5,100.0,100.0
2024-03-19,,,,,,,,,,,,,100.0,99.4,100.0,100.0
2024-03-20,,,,,,,,,,,,,100.0,99.3,100.0,100.0
2024-03-21,,,,,,,,,,,,,100.0,99.3,100.0,100.0
2024-03-22,100.0,96.4,98.8,,,,,,,,,,100.0,99.4,100.0,100.0
2024-03-23,100.0,97.3,98.8,,,,,,,,,,100.0,99.3,100.0,100.0
2024-03-24,,,,,,,,,,,,,100.0,99.1,100.0,100.0
2024-03-25,,,,,,,100.0,90.5,36.0,,,,100.0,99.0,100.0,100.0
2024-03-26,,,,100.0,100.0,42.6,,,,,,,100.0,99.1,100.0,100.0
2024-03-27,100.0,95.8,98.5,,,,,,,,,,100.0,99.0,100.0,100.0
2024-03-28,,,,,,,,,,,,,100.0,98.7,100.0,100.0
2024-03-29,,,,,,,,,,,,,100.0,98.7,100.0,100.0
2024-03-30,100.0,96.4,98.8,,,,,,,,,,100.0,98.8,100.0,100.0
2024-03-31,,,,,,,,,,,,,100.0,98.8,100.0,100.0
2024-04-01,,,,,,,,,,,,,100.0,98.8,100.0,100.0
2024-04-02,,,,,,,100.0,92.4,51.5,,,,100.0,99.0,100.0,100.0
2024-04-03,100.0,95.0,98.8,,,,,,,,,,100.0,99.2,100.0,100.0
2024-04-04,100.0,94.5,98.8,,,,,,,,,,100.0,99.2,100.0,100.0
2024-04-05,,,,100.0,99.8,100.0,,,,100.0,95.9,100.0,100.0,99.3,100.0,100.0
2024-04-06,,,,,,,,,,100.0,96.0,100.0,100.0,98.9,100.0,100.0
2024-04-07,,,,,,,,,,,,,100.0,98.8,100.0,100.0
2024-04-08,100.0,93.2,98.5,,,,,,,,,,100.0,98.6,100.0,100.0
2024-04-09,,,,,,,,,,,,,100.0,98.5,100.0,100.0
2024-04-10,,,,,,,,,,,,,100.0,98.1,100.0,100.0
2024-04-11,100.0,92.9,98.8,,,,,,,,,,100.0,98.2,100.0,100.0
2024-04-12,,,,,,,,,,100.0,87.8,100.0,100.0,97.5,100.0,100.0
2024-04-13,,,,,,,,,,,,,100.0,96.7,100.0,100.0
2024-04-14,,,,,,,,,,,,,100.0,96.2,100.0,100.0
2024-04-15,99.3,86.8,99.2,,,,,,,,,,100.0,96.5,100.0,100.0
2024-04-16,96.1,82.9,99.4,,,,,,,100.0,89.2,88.8,100.0,95.8,100.0,100.0
2024-04-17,,,,,,,,,,,,,100.0,95.2,100.0,100.0
2024-04-18,,,,,,,,,,,,,100.0,94.8,100.0,100.0
2024-04-19,,,,,,,,,,,,,100.0,94.6,100.0,100.0
2024-04-20,92.5,72.9,99.0,100.0,99.0,98.7,,,,100.0,81.8,52.9,100.0,95.1,100.0,100.0
2024-04-21,,,,,,,,,,100.0,85.0,52.4,100.0,93.2,100.0,100.0
2024-04-22,,,,,,,,,,,,,100.0,92.1,100.0,100.0
2024-04-23,81.1,58.1,99.4,,,,,,,,,,100.0,91.9,100.0,100.0
2024-04-24,,,,,,,,,,,,,100.0,90.2,100.0,100.0
2024-04-25,,,,100.0,96.1,100.0,67.7,62.7,89.9,,,,100.0,90.7,100.0,100.0
2024-04-26,,,,,,,,,,,,,100.0,86.2,100.0,100.0
2024-04-27,16.1,25.8,99.0,,,,,,,,,,100.0,83.4,100.0,100.0
2024-04-28,4.9,13.6,99.0,,,,,,,,,,99.4,80.0,100.0,99.4
2024-04-29,,,,,,,,,,,,,97.9,75.9,100.0,97.9
2024-04-30,,,,13.2,30.7,100.0,,,,47.0,46.0,100.0,88.8,70.0,100.0,88.8
2024-05-01,,,,,,,,,,,,,56.6,60.7,100.0,56.6
2024-05-02,0.6,6.2,99.0,,,,,,,,,,18.2,48.8,100.0,18.2
2024-05-03,,,,,,,,,,,,,7.0,41.8,100.0,7.0
2024-05-04,,,,,,,,,,,,,0.6,31.6,100.0,0.6
2024-05-05,0.5,3.7,99.0,0.0,10.8,51.7,,,,,,,0.0,18.6,100.0,0.0
2024-05-06,,,,,,,,,,,,,0.0,11.8,100.0,0.0
2024-05-07,,,,,,,,,,,,,0.0,9.9,100.0,0.0
2024-05-08,,,,,,,,,,,,,0.0,7.1,100.0,0.0
2024-05-09,0.2,1.7,99.3,,,,,,,,,,0.0,4.6,100.0,0.0
2024-05-10,0.2,1.5,99.4,0.0,0.6,83.0,,,,,,,0.0,3.9,100.0,0.0
2024-05-11,,,,,,,0.0,0.3,77.7,,,,0.0,3.7,100.0,0.0
2024-05-12,,,,,,,,,,,,,0.0,3.6,100.0,0.0
2024-05-13,,,,,,,,,,,,,0.0,3.1,100.0,0.0
2024-05-14,0.0,1.3,99.0,,,,,,,,,,0.0,3.0,100.0,0.0
2024-05-15,,,,,,,,,,,,,0.0,3.6,100.0,0.0
2024-05-16,,,,,,,,,,,,,0.0,3.5,100.0,0.0
2024-05-17,0.1,0.9,99.3,,,,,,,,,,0.0,3.2,100.0,0.0
2024-05-18,,,,,,,,,,,,,0.0,4.4,100.0,0.0
2024-05-19,,,,,,,,,,,,,0.0,6.0,100.0,0.0
2024-05-20,,,,,,,,,,,,,0.0,7.1,100.0,0.0
2024-05-21,0.0,0.7,98.9,,,,,,,,,,0.0,4.6,100.0,0.0
2024-05-22,0.2,0.9,99.4,,,,,,,,,,0.0,4.5,100.0,0.0
2024-05-23,,,,,,,,,,,,,0.0,5.1,100.0,0.0
2024-05-24,,,,,,,,,,,,,0.0,5.3,100.0,0.0
2024-05-25,,,,,,,,,,,,,0.0,4.1,100.0,0.0
2024-05-26,0.0,1.5,99.0,,,,,,,,,,0.0,3.4,100.0,0.0
2024-05-27,,,,,,,,,,,,,0.0,3.1,100.0,0.0
2024-05-28,,,,,,,,,,,,,0.0,2.7,100.0,0.0
2024-05-29,0.0,1.6,99.0,,,,,,,,,,0.0,1.3,100.0,0.0
2024-05-30,,,,,,,,,,,,,0.0,1.0,100.0,0.0
2024-05-31,,,,,,,,,,,,,0.0,0.9,100.0,0.0
2024-06-01,,,,,,,,,,,,,0.0,0.7,100.0,0.0
2024-06-02,0.0,1.2,99.2,,,,,,,,,,0.0,0.6,100.0,0.0
2024-06-03,0.1,1.5,99.4,,,,,,,,,,0.0,0.5,100.0,0.0
2024-06-04,,,,0.0,0.1,100.0,0.0,0.0,100.0,,,,0.0,0.4,100.0,0.0
2024-06-05,,,,,,,0.0,0.0,100.0,,,,0.0,0.3,100.0,0.0
2024-06-06,,,,,,,,,,,,,0.0,0.3,100.0,0.0
2024-06-07,0.0,1.9,98.9,,,,,,,,,,0.0,0.4,100.0,0.0
2024-06-08,,,,,,,,,,,,,0.0,0.4,100.0,0.0
2024-06-09,,,,0.0,0.0,100.0,,,,,,,0.0,0.3,100.0,0.0
2024-06-10,0.1,1.2,99.2,,,,,,,,,,0.0,0.3,100.0,0.0
2024-06-11,,,,,,,,,,,,,0.0,0.4,100.0,0.0
2024-06-12,,,,,,,0.0,0.1,99.4,,,,0.0,0.5,100.0,0.0
2024-06-13,,,,,,,,,,,,,0.0,0.4,100.0,0.0
2024-06-14,0.0,1.1,99.2,,,,,,,,,,0.0,0.4,100.0,0.0
2024-06-15,0.2,0.9,99.4,,,,,,,,,,0.0,0.4,100.0,0.0
2024-06-16,,,,,,,,,,,,,0.0,0.8,100.0,0.0
2024-06-17,,,,,,,,,,0.0,5.9,100.0,0.0,0.8,100.0,0.0
2024-06-18,,,,,,,,,,0.0,2.3,100.0,0.0,0.8,100.0,0.0
2024-06-19,0.0,1.3,99.2,0.0,0.0,100.0,,,,,,,0.0,0.8,100.0,0.0
2024-06-20,,,,,,,,,,,,,0.0,1.5,100.0,0.0
2024-06-21,,,,,,,,,,,,,0.0,1.4,100.0,0.0
2024-06-22,0.2,1.2,99.4,,,,,,,,,,0.0,1.4,100.0,0.0
2024-06-23,,,,,,,,,,,,,0.0,1.4,100.0,0.0
2024-06-24,,,,,,,,,,,,,0.0,1.7,100.0,0.0
2024-06-25,,,,,,,,,,,,,0.0,1.7,100.0,0.0
2024-06-26,0.1,1.2,99.3,,,,,,,,,,0.0,1.5,100.0,0.0
2024-06-27,,,,,,,,,,,,,0.0,1.6,100.0,0.0
2024-06-28,,,,,,,0.0,0.0,30.2,,,,0.0,2.8,100.0,0.0
2024-06-29,,,,0.0,0.0,100.0,,,,0.0,0.6,100.0,0.0,2.6,100.0,0.0
2024-06-30,,,,,,,,,,,,,0.0,1.6,100.0,0.0
2024-07-01,0.0,1.5,99.2,,,,,,,,,,0.0,1.5,100.0,0.0
2024-07-02,,,,,,,,,,,,,0.0,2.0,100.0,0.0
2024-07-03,,,,,,,,,,,,,0.0,1.7,100.0,0.0
2024-07-04,0.1,1.5,99.3,0.0,0.0,100.0,,,,,,,0.0,1.1,100.0,0.0
2024-07-05,,,,,,,,,,0.0,0.2,100.0,0.0,0.8,100.0,0.0
2024-07-06,,,,,,,,,,,,,0.0,0.9,100.0,0.0
2024-07-07,,,,,,,,,,,,,0.0,0.7,100.0,0.0
2024-07-08,0.0,1.1,99.2,,,,,,,,,,0.0,0.4,100.0,0.0
2024-07-09,0.0,1.2,99.3,0.0,0.0,100.0,,,,,,,0.0,0.2,100.0,0.0
2024-07-10,,,,,,,,,,,,,0.0,0.2,100.0,0.0
2024-07-11,,,,,,,,,,,,,0.0,0.1,100.0,0.0
2024-07-12,,,,,,,,,,,,,0.0,0.1,100.0,0.0
2024-07-13,0.0,1.8,99.2,,,,,,,,,,0.0,0.1,100.0,0.0
2024-07-14,,,,0.0,0.0,100.0,0.0,0.0,99.9,,,,0.0,0.1,100.0,0.0
2024-07-15,,,,,,,0.0,0.0,79.2,,,,0.0,0.0,100.0,0.0
2024-07-16,0.0,2.1,99.3,,,,,,,,,,0.0,0.0,100.0,0.0
2024-07-17,,,,,,,,,,,,,0.0,0.1,100.0,0.0
2024-07-18,,,,,,,,,,,,,0.0,0.1,100.0,0.0
2024-07-19,,,,0.0,0.1,100.0,,,,,,,0.0,0.1,100.0,0.0
2024-07-20,0.0,1.5,99.2,,,,,,,,,,0.0,0.1,100.0,0.0
2024-07-21,0.0,1.4,99.3,,,,,,,,,,0.0,0.1,100.0,0.0
2024-07-22,,,,,,,,,,,,,0.0,0.2,100.0,0.0
2024-07-23,,,,,,,,,,,,,0.0,0.1,100.0,0.0
2024-07-24,,,,0.0,0.1,77.7,,,,,,,0.0,0.1,100.0,0.0
2024-07-25,0.0,2.4,99.2,,,,,,,,,,0.0,0.1,100.0,0.0
2024-07-26,,,,,,,,,,0.0,0.0,100.0,0.0,0.1,100.0,0.0
2024-07-27,,,,,,,,,,0.0,0.0,100.0,0.0,0.0,100.0,0.0
2024-07-28,0.0,2.4,99.2,,,,,,,,,,0.0,0.0,100.0,0.0
2024-07-29,,,,0.0,0.1,100.0,,,,,,,0.0,0.0,100.0,0.0
2024-07-30,,,,,,,0.0,0.0,100.0,0.0,0.0,92.2,0.0,0.0,100.0,0.0
2024-07-31,,,,,,,0.0,0.0,47.5,,,,0.0,0.0,100.0,0.0
2024-08-01,0.0,2.2,99.2,,,,,,,,,,0.0,0.0,100.0,0.0
2024-08-02,0.0,2.5,99.0,,,,,,,,,,0.0,0.0,100.0,0.0
2024-08-03,,,,0.0,0.1,55.3,,,,,,,0.0,0.1,100.0,0.0
2024-08-04,,,,,,,,,,,,,0.0,0.1,100.0,0.0
2024-08-05,,,,,,,,,,,,,0.0,0.1,100.0,0.0
2024-08-06,0.0,3.0,98.9,,,,,,,0.0,0.0,100.0,0.0,0.1,100.0,0.0
2024-08-07,,,,,,,,,,,,,0.0,0.2,100.0,0.0
2024-08-08,,,,0.0,0.0,39.3,,,,,,,0.0,0.2,100.0,0.0
2024-08-09,0.0,2.6,99.4,,,,,,,,,,0.0,0.2,100.0,0.0
2024-08-10,,,,,,,,,,,,,0.0,0.2,100.0,0.0
2024-08-11,,,,,,,,,,,,,0.0,0.2,100.0,0.0
2024-08-12,,,,,,,,,,,,,0.0,0.2,100.0,0.0
2024-08-13,0.0,1.7,99.3,0.0,0.0,99.8,,,,,,,0.0,0.1,100.0,0.0
2024-08-14,0.0,1.7,99.3,,,,,,,0.0,0.0,100.0,0.0,0.1,100.0,0.0
2024-08-15,,,,,,,,,,,,,0.0,0.1,100.0,0.0
2024-08-16,,,,,,,0.0,0.0,45.6,,,,0.0,0.1,100.0,0.0
2024-08-17,,,,,,,,,,,,,0.0,0.0,100.0,0.0
2024-08-18,0.0,2.2,99.3,,,,,,,,,,0.0,0.1,100.0,0.0
2024-08-19,,,,,,,,,,,,,0.0,0.0,100.0,0.0
2024-08-20,,,,,,,,,,,,,0.0,0.0,100.0,0.0
2024-08-21,0.0,1.7,99.2,,,,,,,,,,0.0,0.0,100.0,0.0
2024-08-22,,,,,,,,,,,,,0.0,0.1,100.0,0.0
2024-08-23,,,,0.0,0.0,100.0,0.0,0.0,100.0,,,,0.0,0.0,100.0,0.0
2024-08-24,,,,,,,,,,,,,0.0,0.0,100.0,0.0
2024-08-25,0.0,1.3,99.4,,,,,,,,,,0.0,0.0,100.0,0.0
2024-08-26,0.0,1.2,99.4,,,,,,,,,,0.0,0.0,100.0,0.0
2024-08-27,,,,,,,,,,0.0,0.0,100.0,0.0,0.0,100.0,0.0
2024-08-28,,,,0.0,0.0,100.0,,,,,,,0.0,0.1,100.0,0.0
2024-08-29,,,,,,,,,,,,,0.0,0.1,100.0,0.0
2024-08-30,0.0,2.5,99.4,,,,,,,0.0,0.0,100.0,0.0,0.1,100.0,0.0
2024-08-31,,,,,,,,,,0.0,0.0,100.0,0.0,0.1,100.0,0.0
2024-09-01,,,,,,,,,,,,,0.0,0.2,100.0,0.0
2024-09-02,0.0,2.7,99.3,0.0,0.1,96.0,,,,,,,0.0,0.1,100.0,0.0
2024-09-03,,,,,,,,,,,,,0.0,0.1,100.0,0.0
2024-09-04,,,,,,,,,,,,,0.0,0.2,100.0,0.0
2024-09-05,,,,,,,,,,,,,0.0,0.3,100.0,0.0
2024-09-06,0.0,2.5,99.3,,,,,,,0.0,0.0,100.0,0.0,0.2,100.0,0.0
2024-09-07,0.0,1.8,99.4,0.0,0.0,100.0,,,,,,,0.0,0.2,100.0,0.0
2024-09-08,,,,,,,,,,,,,0.0,0.3,100.0,0.0
2024-09-09,,,,,,,,,,,,,0.0,0.5,100.0,0.0
2024-09-10,,,,,,,,,,,,,0.0,0.6,100.0,0.0
2024-09-11,0.0,2.8,99.2,,,,,,,,,,0.0,0.5,100.0,0.0
2024-09-12,,,,0.0,0.0,90.9,,,,,,,0.0,0.5,100.0,0.0
2024-09-13,,,,,,,,,,,,,0.0,0.7,100.0,0.0
2024-09-14,0.1,2.9,99.3,,,,,,,0.0,0.0,100.0,0.0,0.6,100.0,0.0
2024-09-15,,,,,,,,,,0.0,0.0,94.4,0.0,0.6,100.0,0.0
2024-09-16,,,,,,,,,,,,,0.0,0.6,100.0,0.0
2024-09-17,,,,0.0,0.0,48.3,,,,,,,0.0,0.7,100.0,0.0
2024-09-18,0.0,2.2,99.3,,,,,,,,,,0.0,0.4,100.0,0.0
2024-09-19,0.0,2.2,99.2,,,,,,,,,,0.0,0.4,100.0,0.0
2024-09-20,,,,,,,,,,,,,0.0,0.4,100.0,0.0
2024-09-21,,,,,,,,,,,,,0.0,0.4,100.0,0.0
2024-09-22,,,,,,,,,,0.0,0.0,100.0,0.0,0.3,100.0,0.0
2024-09-23,0.0,3.3,99.2,,,,,,,,,,0.0,0.3,100.0,0.0
2024-09-24,,,,,,,0.0,0.0,42.7,,,,0.0,0.3,100.0,0.0
2024-09-25,,,,,,,,,,,,,0.0,0.4,100.0,0.0
2024-09-26,0.0,2.3,99.2,,,,,,,,,,0.0,0.4,100.0,0.0
2024-09-27,,,,0.0,0.0,55.6,,,,,,,0.0,0.3,100.0,0.0
2024-09-28,,,,,,,,,,,,,0.0,0.3,100.0,0.0
2024-09-29,,,,,,,,,,,,,0.0,0.3,100.0,0.0
2024-09-30,0.0,2.2,99.3,,,,,,,0.0,0.0,99.6,0.0,0.3,100.0,0.0
2024-10-01,0.0,1.5,99.3,,,,,,,,,,0.0,0.4,100.0,0.0
2024-10-02,,,,0.0,0.0,42.8,0.0,0.0,52.7,,,,0.0,0.4,100.0,0.0
2024-10-03,,,,,,,,,,,,,0.0,0.4,100.0,0.0
2024-10-04,,,,,,,,,,,,,0.0,0.4,100.0,0.0
2024-10-05,0.0,1.8,99.2,,,,,,,,,,0.0,0.4,100.0,0.0
2024-10-06,,,,,,,,,,,,,0.0,0.5,100.0,0.0
2024-10-07,,,,,,,,,,0.0,0.0,100.0,0.0,0.4,100.0,0.0
2024-10-08,0.0,1.5,99.2,,,,,,,,,,0.0,0.4,100.0,0.0
2024-10-09,,,,,,,,,,,,,0.0,0.4,100.0,0.0
2024-10-10,,,,,,,,,,,,,0.0,0.6,100.0,0.0
2024-10-11,,,,,,,,,,,,,0.0,0.6,100.0,0.0
2024-10-12,0.0,1.6,99.3,,,,,,,,,,0.0,0.6,100.0,0.0
2024-10-13,0.0,2.0,99.4,,,,,,,,,,0.0,0.7,100.0,0.0
2024-10-14,,,,,,,,,,0.0,0.2,90.2,0.0,0.7,100.0,0.0
2024-10-15,,,,,,,,,,0.0,0.1,100.0,0.0,0.7,100.0,0.0
2024-10-16,,,,,,,,,,,,,0.0,0.8,100.0,0.0
2024-10-17,0.0,2.7,99.3,,,,,,,,,,0.0,0.7,100.0,0.0
2024-10-18,,,,,,,,,,,,,0.0,0.8,100.0,0.0
2024-10-19,,,,,,,,,,,,,0.0,1.0,100.0,0.0
2024-10-20,0.0,3.2,99.4,,,,,,,,,,0.0,1.0,100.0,0.0
2024-10-21,,,,,,,,,,,,,0.0,0.9,100.0,0.0
2024-10-22,,,,0.0,0.0,100.0,,,,0.0,0.1,100.0,0.0,0.7,100.0,0.0
2024-10-23,,,,,,,,,,0.0,0.1,100.0,0.0,0.9,100.0,0.0
2024-10-24,0.0,3.0,99.2,,,,,,,,,,0.0,1.0,100.0,0.0
2024-10-25,0.0,4.0,99.3,,,,,,,,,,0.0,1.2,100.0,0.0
2024-10-26,,,,,,,,,,0.0,0.0,100.0,0.0,1.0,100.0,0.0
2024-10-27,,,,,,,,,,,,,0.0,1.1,100.0,0.0
2024-10-28,,,,,,,,,,,,,0.0,0.7,100.0,0.0
2024-10-29,0.0,6.6,99.2,,,,,,,,,,0.0,1.0,100.0,0.0
2024-10-30,,,,,,,,,,0.0,0.1,100.0,0.0,0.8,100.0,0.0
2024-10-31,,,,,,,,,,,,,0.0,0.9,100.0,0.0
2024-11-01,0.0,8.3,99.4,0.0,0.0,100.0,,,,0.0,0.0,100.0,0.0,0.6,100.0,0.0
2024-11-02,,,,,,,,,,,,,0.0,0.8,100.0,0.0
2024-11-03,,,,,,,0.0,0.0,85.0,,,,0.0,0.7,100.0,0.0
2024-11-04,,,,,,,0.0,0.0,83.1,,,,0.0,0.9,100.0,0.0
2024-11-05,0.0,6.7,99.3,,,,,,,,,,0.0,1.0,100.0,0.0
2024-11-06,0.0,5.4,99.4,0.0,0.0,100.0,,,,,,,0.0,1.1,100.0,0.0
2024-11-07,,,,,,,,,,,,,0.0,1.2,100.0,0.0
2024-11-08,,,,,,,,,,,,,0.0,1.2,100.0,0.0
2024-11-09,,,,,,,,,,,,,0.0,1.4,100.0,0.0
2024-11-10,0.0,4.8,99.8,,,,,,,,,,0.0,1.4,100.0,0.0
2024-11-11,,,,0.0,0.1,100.0,0.0,0.1,93.7,,,,0.0,1.6,100.0,0.0
2024-11-12,,,,,,,,,,,,,0.0,1.5,100.0,0.0
2024-11-13,0.0,4.8,99.9,,,,,,,0.0,0.2,100.0,0.0,1.5,100.0,0.0
2024-11-14,,,,,,,,,,,,,0.0,1.8,100.0,0.0
2024-11-15,,,,,,,,,,,,,0.0,2.9,100.0,0.0
2024-11-16,,,,0.0,0.1,100.0,,,,0.0,0.1,100.0,0.0,2.3,100.0,0.0
2024-11-17,0.0,2.9,99.9,,,,,,,,,,0.0,2.4,100.0,0.0
2024-11-18,0.0,1.8,99.6,,,,,,,0.0,0.2,93.6,0.0,2.7,100.0,0.0
2024-11-19,,,,,,,,,,,,,0.0,5.0,100.0,0.0
2024-11-20,,,,,,,,,,,,,0.0,4.5,100.0,0.0
2024-11-21,,,,,,,,,,0.0,0.2,91.0,0.0,3.0,100.0,0.0
2024-11-22,0.0,0.9,99.8,,,,,,,,,,0.0,3.2,100.0,0.0
2024-11-23,,,,,,,,,,,,,0.0,4.4,100.0,0.0
2024-11-24,,,,,,,,,,,,,0.0,3.6,100.0,0.0
2024-11-25,0.0,0.8,99.8,,,,,,,0.0,0.3,100.0,0.0,2.7,100.0,0.0
2024-11-26,,,,0.0,0.2,99.4,,,,,,,0.0,3.0,100.0,0.0
2024-11-27,,,,,,,1.1,1.8,95.1,,,,0.0,5.1,100.0,0.0
2024-11-28,,,,,,,,,,,,,0.0,4.2,100.0,0.0
2024-11-29,0.0,0.8,99.6,,,,,,,0.0,0.5,100.0,0.0,3.3,100.0,0.0
2024-11-30,,,,,,,,,,0.0,1.0,100.0,0.0,3.2,100.0,0.0
2024-12-01,,,,0.0,0.4,100.0,,,,,,,0.0,5.7,100.0,0.0
2024-12-02,,,,,,,,,,0.0,1.1,100.0,0.0,4.6,100.0,0.0
2024-12-03,,,,,,,,,,0.0,3.5,100.0,0.0,4.6,100.0,0.0
2024-12-04,0.0,1.2,99.0,,,,,,,0.0,4.1,100.0,0.0,5.3,100.0,0.0
2024-12-05,,,,,,,4.6,13.3,87.9,,,,0.0,11.1,100.0,0.0
2024-12-06,,,,,,,,,,0.0,7.0,100.0,0.0,9.3,100.0,0.0
2024-12-07,0.0,1.7,99.5,,,,,,,0.0,5.4,100.0,0.1,12.4,100.0,0.1
2024-12-08,,,,,,,,,,,,,0.0,15.2,100.0,0.0
2024-12-09,,,,,,,,,,,,,0.5,24.9,100.0,0.5
2024-12-10,,,,,,,,,,4.5,18.0,100.0,0.6,28.4,100.0,0.6
2024-12-11,0.0,3.1,99.6,0.2,3.7,100.0,,,,1.2,16.4,100.0,1.8,35.7,100.0,1.8
2024-12-12,0.0,7.9,99.9,,,,,,,14.3,27.9,100.0,7.6,45.5,100.0,7.6
2024-12-13,,,,,,,,,,,,,61.5,61.0,100.0,61.5
2024-12-14,,,,,,,,,,0.4,20.6,31.8,84.6,68.6,100.0,84.6
2024-12-15,,,,,,,,,,,,,100.0,79.6,100.0,100.0
2024-12-16,2.1,24.2,99.5,11.1,27.2,100.0,,,,,,,100.0,84.7,100.0,100.0
2024-12-17,,,,,,,,,,29.5,34.1,100.0,100.0,87.4,100.0,100.0
2024-12-18,,,,,,,,,,71.1,61.6,100.0,100.0,90.2,100.0,100.0
2024-12-19,18.8,33.1,99.6,,,,,,,,,,100.0,93.1,100.0,100.0
2024-12-20,,,,,,,,,,,,,100.0,94.0,100.0,100.0
2024-12-21,,,,99.8,87.7,100.0,100.0,99.9,100.0,,,,100.0,96.9,100.0,100.0
2024-12-22,,,,,,,,,,99.6,82.3,100.0,100.0,96.7,100.0,100.0
2024-12-23,47.3,41.6,99.9,,,,,,,100.0,89.7,100.0,100.0,97.9,100.0,100.0
2024-12-24,75.9,52.5,99.9,,,,,,,,,,100.0,98.3,100.0,100.0
2024-12-25,,,,,,,,,,,,,100.0,98.3,100.0,100.0
2024-12-26,,,,100.0,94.7,100.0,,,,100.0,95.7,100.0,100.0,99.0,100.0,100.0
2024-12-27,,,,,,,,,,100.0,97.3,100.0,100.0,99.1,100.0,100.0
2024-12-28,100.0,78.0,99.6,,,,,,,,,,100.0,99.2,100.0,100.0
2024-12-29,,,,,,,100.0,100.0,100.0,,,,100.0,99.4,100.0,100.0
2024-12-30,,,,,,,100.0,100.0,100.0,,,,100.0,99.5,100.0,100.0
2024-12-31,100.0,85.0,99.9,100.0,98.0,100.0,,,,,,,100.0,99.6,100.0,100.0
2025-01-01,,,,,,,,,,100.0,98.4,100.0,100.0,99.5,100.0,100.0
2025-01-02,,,,,,,,,,,,,100.0,99.5,100.0,100.0
2025-01-03,,,,,,,,,,,,,100.0,99.5,100.0,100.0
2025-01-04,100.0,88.4,99.6,,,,,,,,,,100.0,99.4,100.0,100.0
2025-01-05,100.0,91.1,99.9,,,,,,,,,,100.0,99.4,100.0,100.0
2025-01-06,,,,,,,,,,100.0,98.9,100.0,100.0,99.4,100.0,100.0
2025-01-07,,,,,,,,,,,,,100.0,99.2,100.0,100.0
2025-01-08,,,,,,,,,,,,,100.0,99.4,100.0,100.0
2025-01-09,100.0,92.9,99.8,,,,,,,,,,100.0,99.4,100.0,100.0
2025-01-10,,,,,,,,,,,,,100.0,99.6,100.0,100.0
2025-01-11,,,,,,,,,,,,,100.0,99.7,100.0,100.0
2025-01-12,100.0,94.4,99.6,,,,,,,,,,100.0,99.8,100.0,100.0
2025-01-13,,,,,,,,,,100.0,99.6,100.0,100.0,99.8,100.0,100.0
2025-01-14,,,,,,,100.0,100.0,98.4,,,,100.0,99.9,100.0,100.0
2025-01-15,,,,100.0,99.8,86.9,,,,,,,100.0,99.9,100.0,100.0
2025-01-16,100.0,94.1,99.9,,,,,,,,,,100.0,99.9,100.0,100.0
2025-01-17,100.0,95.5,99.6,,,,,,,,,,100.0,99.9,100.0,100.0
2025-01-18,,,,,,,,,,,,,100.0,99.9,100.0,100.0
2025-01-19,,,,,,,,,,,,,100.0,99.9,100.0,100.0
2025-01-20,,,,100.0,99.9,58.9,,,,,,,100.0,99.9,100.0,100.0
2025-01-21,100.0,96.7,99.3,,,,,,,,,,100.0,99.9,100.0,100.0
2025-01-22,,,,,,,,,,,,,100.0,99.9,100.0,100.0
2025-01-23,,,,,,,,,,100.0,99.4,100.0,100.0,99.8,100.0,100.0
2025-01-24,100.0,97.5,99.6,,,,,,,100.0,99.5,100.0,100.0,99.8,100.0,100.0
2025-01-25,,,,100.0,100.0,78.9,,,,,,,100.0,99.8,100.0,100.0
2025-01-26,,,,,,,,,,,,,100.0,99.7,100.0,100.0
2025-01-27,,,,,,,,,,,,,100.0,99.6,100.0,100.0
2025-01-28,100.0,97.7,99.8,,,,,,,,,,100.0,99.6,100.0,100.0
2025-01-29,100.0,98.0,99.8,,,,,,,100.0,99.7,100.0,100.0,99.6,100.0,100.0
2025-01-30,,,,,,,,,,,,,100.0,99.2,100.0,100.0
2025-01-31,,,,,,,,,,,,,100.0,99.3,100.0,100.0
2025-02-01,,,,,,,,,,100.0,99.6,100.0,100.0,99.5,100.0,100.0
2025-02-02,100.0,98.8,99.9,,,,,,,,,,100.0,99.6,100.0,100.0
2025-02-03,,,,,,,,,,,,,100.0,99.4,100.0,100.0
2025-02-04,,,,100.0,100.0,100.0,,,,100.0,99.7,100.0,100.0,99.5,100.0,100.0
2025-02-05,100.0,99.1,99.6,,,,,,,100.0,99.7,100.0,100.0,99.5,100.0,100.0
2025-02-06,,,,,,,,,,100.0,99.7,100.0,100.0,99.5,100.0,100.0
2025-02-07,,,,,,,,,,,,,100.0,99.4,100.0,100.0
2025-02-08,,,,,,,,,,100.0,99.7,100.0,100.0,99.4,100.0,100.0
2025-02-09,100.0,99.0,99.8,,,,,,,100.0,99.5,100.0,100.0,99.6,100.0,100.0
2025-02-10,100.0,99.1,99.6,,,,,,,,,,100.0,99.6,100.0,100.0
2025-02-11,,,,,,,,,,100.0,99.7,100.0,100.0,99.7,100.0,100.0
2025-02-12,,,,,,,,,,,,,100.0,99.7,100.0,100.0
2025-02-13,,,,,,,,,,,,,100.0,99.8,100.0,100.0
2025-02-14,100.0,99.5,99.8,100.0,100.0,50.6,,,,100.0,99.6,100.0,100.0,99.9,100.0,100.0
2025-02-15,,,,,,,100.0,100.0,100.0,,,,100.0,99.9,100.0,100.0
2025-02-16,,,,,,,,,,,,,100.0,99.9,100.0,100.0
2025-02-17,100.0,99.8,99.9,,,,,,,100.0,99.6,100.0,100.0,99.9,100.0,100.0
2025-02-18,,,,,,,,,,,,,100.0,99.9,100.0,100.0
2025-02-19,,,,100.0,100.0,100.0,,,,,,,100.0,99.9,100.0,100.0
2025-02-20,,,,,,,,,,100.0,99.3,100.0,100.0,99.9,100.0,100.0
2025-02-21,100.0,99.8,99.6,,,,,,,,,,100.0,99.9,100.0,100.0
2025-02-22,100.0,99.8,99.8,,,,,,,,,,100.0,99.9,100.0,100.0
2025-02-23,,,,,,,100.0,100.0,99.9,,,,100.0,99.9,100.0,100.0
2025-02-24,,,,100.0,100.0,100.0,,,,,,,100.0,99.9,100.0,100.0
2025-02-25,,,,,,,,,,100.0,99.6,100.0,100.0,99.9,100.0,100.0
2025-02-26,100.0,99.8,99.9,,,,,,,,,,100.0,99.9,100.0,100.0
2025-02-27,,,,,,,,,,100.0,99.6,100.0,100.0,99.9,100.0,100.0
2025-02-28,,,,,,,,,,,,,100.0,99.9,100.0,100.0
2025-03-01,100.0,99.8,99.6,100.0,100.0,100.0,,,,,,,100.0,99.9,100.0,100.0
2025-03-02,,,,,,,,,,,,,100.0,99.9,100.0,100.0
2025-03-03,,,,,,,100.0,100.0,82.3,,,,100.0,99.9,100.0,100.0
2025-03-04,,,,,,,100.0,100.0,70.5,,,,100.0,99.9,100.0,100.0
2025-03-05,100.0,99.9,99.9,,,,,,,,,,100.0,99.9,100.0,100.0
2025-03-06,100.0,99.8,99.9,100.0,100.0,100.0,,,,,,,100.0,99.9,100.0,100.0
2025-03-07,,,,,,,,,,,,,100.0,99.8,100.0,100.0
2025-03-08,,,,,,,,,,,,,100.0,99.7,100.0,100.0
2025-03-09,,,,,,,,,,,,,100.0,99.6,100.0,100.0
2025-03-10,100.0,99.6,99.6,,,,,,,,,,100.0,99.7,100.0,100.0
2025-03-11,,,,,,,,,,,,,100.0,99.4,100.0,100.0
2025-03-12,,,,,,,,,,,,,100.0,99.5,100.0,100.0
2025-03-13,100.0,99.4,99.9,,,,,,,,,,100.0,99.5,100.0,100.0
2025-03-14,,,,,,,,,,,,,100.0,99.5,100.0,100.0
2025-03-15,,,,,,,,,,100.0,99.7,96.2,100.0,99.4,100.0,100.0
2025-03-16,,,,,,,,,,,,,100.0,99.5,100.0,100.0
2025-03-17,100.0,99.3,99.9,,,,,,,,,,100.0,99.5,100.0,100.0
2025-03-18,100.0,98.7,99.9,100.0,99.9,100.0,,,,,,,100.0,99.6,100.0,100.0
2025-03-19,,,,,,,100.0,99.8,79.7,100.0,99.4,100.0,100.0,99.4,100.0,100.0
2025-03-20,,,,,,,100.0,99.6,69.8,,,,100.0,99.4,100.0,100.0
2025-03-21,,,,,,,,,,,,,100.0,99.4,100.0,100.0
2025-03-22,100.0,97.5,99.6,,,,,,,,,,100.0,99.3,100.0,100.0
2025-03-23,,,,,,,,,,,,,100.0,99.1,100.0,100.0
2025-03-24,,,,,,,,,,100.0,99.5,100.0,100.0,99.1,100.0,100.0
2025-03-25,100.0,96.6,99.8,,,,,,,100.0,99.3,81.4,100.0,99.1,100.0,100.0
2025-03-26,,,,,,,,,,,,,100.0,98.7,100.0,100.0
2025-03-27,,,,,,,100.0,99.0,100.0,,,,100.0,98.5,100.0,100.0
2025-03-28,,,,,,,,,,,,,100.0,98.3,100.0,100.0
2025-03-29,100.0,95.2,99.9,,,,,,,,,,100.0,98.3,100.0,100.0
2025-03-30,100.0,95.0,99.8,,,,,,,100.0,99.3,100.0,100.0,98.5,100.0,100.0
2025-03-31,,,,,,,,,,,,,100.0,97.9,100.0,100.0
2025-04-01,,,,,,,,,,,,,100.0,98.3,100.0,100.0
2025-04-02,,,,,,,,,,100.0,98.3,100.0,100.0,98.1,100.0,100.0
2025-04-03,100.0,91.2,99.5,,,,,,,,,,100.0,98.4,100.0,100.0
2025-04-04,,,,,,,100.0,98.1,44.9,100.0,98.1,100.0,100.0,97.7,100.0,100.0
2025-04-05,,,,100.0,99.2,100.0,100.0,94.4,55.6,,,,100.0,98.3,100.0,100.0
2025-04-06,100.0,87.5,99.9,,,,,,,,,,100.0,97.9,100.0,100.0
2025-04-07,,,,100.0,98.7,100.0,,,,100.0,95.8,100.0,100.0,98.1,100.0,100.0
2025-04-08,,,,,,,,,,,,,100.0,97.0,100.0,100.0
2025-04-09,,,,,,,,,,,,,100.0,96.9,100.0,100.0
2025-04-10,96.2,77.5,99.8,98.5,92.5,100.0,,,,100.0,94.1,100.0,100.0,96.8,100.0,100.0
2025-04-11,93.8,71.1,99.6,,,,,,,99.8,86.3,100.0,100.0,95.6,100.0,100.0
2025-04-12,,,,,,,78.9,68.2,70.3,99.6,89.0,100.0,100.0,94.1,100.0,100.0
2025-04-13,,,,,,,,,,,,,99.9,92.4,100.0,99.9
2025-04-14,,,,,,,,,,,,,99.8,91.1,100.0,99.8
2025-04-15,60.4,45.6,99.6,,,,,,,,,,98.3,87.2,100.0,98.3
2025-04-16,,,,,,,,,,,,,96.2,81.7,100.0,96.2
2025-04-17,,,,,,,,,,,,,87.1,74.5,100.0,87.1
2025-04-18,3.9,13.1,99.6,,,,,,,98.1,78.6,100.0,84.2,70.2,100.0,84.2
2025-04-19,,,,,,,,,,,,,43.8,55.5,100.0,43.8
2025-04-20,,,,,,,,,,,,,18.6,49.3,100.0,18.6
2025-04-21,,,,,,,,,,,,,3.3,37.1,100.0,3.3
2025-04-22,0.2,5.2,99.6,,,,,,,89.6,63.1,100.0,1.6,32.3,100.0,1.6
2025-04-23,0.2,1.8,99.8,,,,,,,4.1,25.6,100.0,0.1,21.7,100.0,0.1
2025-04-24,,,,,,,,,,,,,0.1,18.4,100.0,0.1
2025-04-25,,,,,,,,,,,,,0.0,13.7,100.0,0.0
2025-04-26,,,,,,,,,,,,,0.0,9.2,100.0,0.0
2025-04-27,0.1,0.9,99.8,,,,,,,,,,0.0,6.9,100.0,0.0
2025-04-28,,,,,,,,,,0.0,5.9,100.0,0.0,7.0,100.0,0.0
2025-04-29,,,,,,,,,,,,,0.0,6.8,100.0,0.0
2025-04-30,0.0,0.2,99.6,0.0,4.9,100.0,,,,,,,0.0,5.9,100.0,0.0
2025-05-01,,,,,,,,,,0.0,2.7,100.0,0.0,4.9,100.0,0.0
2025-05-02,,,,,,,,,,0.0,1.1,100.0,0.0,4.4,100.0,0.0
2025-05-03,0.0,0.2,99.6,,,,,,,0.0,0.6,100.0,0.0,3.7,100.0,0.0
2025-05-04,0.1,0.2,99.8,,,,,,,,,,0.0,3.0,100.0,0.0
2025-05-05,0.2,0.2,99.5,,,,,,,,,,0.0,2.7,100.0,0.0
2025-05-06,0.1,0.2,99.5,,,,,,,,,,0.0,2.9,100.0,0.0
2025-05-07,,,,,,,,,,,,,0.0,4.0,100.0,0.0
2025-05-08,,,,,,,,,,,,,0.0,3.8,100.0,0.0
2025-05-09,0.0,0.1,99.4,,,,,,,,,,0.0,2.9,100.0,0.0
2025-05-10,0.1,0.2,99.6,0.0,0.1,100.0,,,,,,,0.0,2.9,100.0,0.0
2025-05-11,0.0,0.2,99.6,,,,,,,,,,0.0,2.1,100.0,0.0
2025-05-12,0.0,0.2,99.3,,,,,,,,,,0.0,1.9,100.0,0.0
2025-05-13,,,,,,,,,,,,,0.0,1.6,100.0,0.0
2025-05-14,,,,,,,,,,,,,0.0,2.1,100.0,0.0
2025-05-15,0.0,0.4,99.4,,,,,,,,,,0.0,2.2,100.0,0.0
2025-05-16,0.0,0.5,99.3,,,,,,,,,,0.0,1.3,100.0,0.0
2025-05-17,0.0,0.6,99.6,0.0,0.0,63.7,,,,,,,0.0,1.1,100.0,0.0
2025-05-18,0.0,0.5,99.5,,,,,,,,,,0.0,1.9,100.0,0.0
2025-05-19,,,,,,,,,,,,,0.0,1.8,100.0,0.0
2025-05-20,,,,,,,,,,,,,0.0,1.5,100.0,0.0
2025-05-21,0.0,0.5,99.4,,,,,,,,,,0.0,1.1,100.0,0.0
2025-05-22,0.0,0.5,99.4,,,,,,,,,,0.0,1.0,100.0,0.0
2025-05-23,0.0,0.4,99.6,,,,,,,,,,0.0,0.9,100.0,0.0
2025-05-24,0.0,0.3,99.4,,,,,,,0.0,0.1,100.0,0.0,0.5,100.0,0.0
2025-05-25,,,,,,,,,,,,,0.0,0.5,100.0,0.0
2025-05-26,,,,,,,,,,,,,0.0,0.4,100.0,0.0
2025-05-27,0.0,0.3,99.3,,,,,,,,,,0.0,0.3,100.0,0.0
2025-05-28,0.0,0.3,99.5,,,,,,,,,,0.0,0.3,100.0,0.0
2025-05-29,0.0,0.4,99.6,,,,,,,,,,0.0,0.3,100.0,0.0
2025-05-30,0.0,0.4,99.4,0.0,0.0,100.0,0.0,0.0,100.0,0.0,0.1,100.0,0.0,0.2,100.0,0.0
2025-05-31,,,,,,,0.0,0.0,96.8,0.0,0.0,100.0,0.0,0.2,100.0,0.0
2025-06-01,,,,,,,,,,,,,0.0,0.1,100.0,0.0
2025-06-02,0.0,0.4,99.4,,,,,,,,,,0.0,0.2,100.0,0.0
2025-06-03,0.0,0.3,99.4,,,,,,,,,,0.0,0.2,100.0,0.0
2025-06-04,0.0,0.3,99.6,,,,,,,,,,0.0,0.3,100.0,0.0
2025-06-05,0.0,0.1,99.4,,,,,,,,,,0.0,0.3,100.0,0.0
2025-06-06,,,,,,,,,,,,,0.0,0.4,100.0,0.0
2025-06-07,,,,,,,,,,,,,0.0,0.5,100.0,0.0
2025-06-08,0.0,0.1,99.0,,,,0.0,0.0,56.4,0.0,0.0,100.0,0.0,0.6,100.0,0.0
2025-06-09,0.0,0.1,98.9,0.0,0.1,100.0,,,,,,,0.0,0.5,100.0,0.0
2025-06-10,0.0,0.1,99.5,,,,,,,,,,0.0,0.5,100.0,0.0
2025-06-11,0.0,0.1,99.5,,,,,,,0.0,0.0,100.0,0.0,0.4,100.0,0.0
2025-06-12,,,,,,,,,,0.0,0.0,100.0,0.0,0.5,100.0,0.0
2025-06-13,,,,,,,,,,0.0,0.0,66.4,0.0,0.4,100.0,0.0
2025-06-14,0.0,0.1,99.4,0.0,0.0,84.7,,,,,,,0.0,0.4,100.0,0.0
2025-06-15,0.0,0.1,99.4,,,,,,,0.0,0.0,100.0,0.0,0.3,100.0,0.0
2025-06-16,0.0,0.1,99.3,,,,,,,0.0,0.0,100.0,0.0,0.3,100.0,0.0
2025-06-17,0.0,0.0,99.4,,,,,,,,,,0.0,0.2,100.0,0.0
2025-06-18,,,,,,,,,,0.0,0.0,100.0,0.0,0.1,100.0,0.0
2025-06-19,,,,0.0,0.0,100.0,,,,,,,0.0,0.1,100.0,0.0
2025-06-20,0.0,0.1,99.4,,,,,,,,,,0.0,0.1,100.0,0.0
2025-06-21,0.0,0.0,99.4,,,,,,,,,,0.0,0.0,100.0,0.0
2025-06-22,0.0,0.1,99.5,,,,,,,,,,0.0,0.1,100.0,0.0
2025-06-23,,,,,,,,,,,,,0.0,0.1,100.0,0.0
2025-06-24,,,,,,,0.0,0.0,100.0,,,,0.0,0.0,100.0,0.0
2025-06-25,,,,,,,,,,,,,0.0,0.0,100.0,0.0
2025-06-26,0.0,0.1,99.4,0.0,0.0,100.0,,,,,,,0.0,0.0,100.0,0.0
2025-06-27,0.0,0.1,99.5,,,,,,,0.0,0.0,100.0,0.0,0.0,100.0,0.0
2025-06-28,0.0,0.1,99.5,,,,,,,,,,0.0,0.0,100.0,0.0
2025-06-29,0.0,0.0,99.3,,,,,,,,,,0.0,0.0,100.0,0.0
2025-06-30,,,,,,,,,,,,,0.0,0.0,100.0,0.0
2025-07-01,,,,,,,0.0,0.0,100.0,0.0,0.0,100.0,0.0,0.0,100.0,0.0
2025-07-02,0.0,0.1,99.6,,,,,,,0.0,0.0,61.9,0.0,0.0,100.0,0.0
2025-07-03,0.0,0.1,99.6,,,,,,,0.0,0.0,100.0,0.0,0.0,100.0,0.0
2025-07-04,0.0,0.1,99.2,0.0,0.0,87.4,,,,0.0,0.0,100.0,0.0,0.0,100.0,0.0
2025-07-05,0.0,0.1,99.5,,,,,,,,,,0.0,0.0,100.0,0.0
2025-07-06,,,,,,,,,,,,,0.0,0.0,100.0,0.0
2025-07-07,,,,,,,,,,,,,0.0,0.0,100.0,0.0
2025-07-08,0.0,0.1,99.4,,,,,,,,,,0.0,0.0,100.0,0.0
2025-07-09,0.0,0.2,99.4,,,,,,,,,,0.0,0.0,100.0,0.0
2025-07-10,0.0,0.5,99.6,,,,0.0,0.0,100.0,,,,0.0,0.0,100.0,0.0
2025-07-11,0.0,0.5,99.4,,,,,,,0.0,0.0,58.1,0.0,0.0,100.0,0.0
2025-07-12,,,,,,,,,,,,,0.0,0.0,100.0,0.0
2025-07-13,,,,,,,,,,,,,0.0,0.0,100.0,0.0
2025-07-14,0.0,0.7,99.6,,,,,,,,,,0.0,0.0,100.0,0.0
2025-07-15,0.0,0.8,99.4,,,,,,,,,,0.0,0.0,100.0,0.0
2025-07-16,0.0,0.3,99.6,,,,,,,,,,0.0,0.0,100.0,0.0
2025-07-17,0.0,0.2,99.3,,,,,,,,,,0.0,0.0,100.0,0.0
2025-07-18,,,,,,,0.0,0.0,100.0,0.0,0.0,100.0,0.0,0.0,100.0,0.0
2025-07-19,,,,0.0,0.0,100.0,,,,,,,0.0,0.0,100.0,0.0
2025-07-20,0.0,0.1,99.4,,,,,,,,,,0.0,0.0,100.0,0.0
2025-07-21,0.0,0.1,99.4,,,,,,,,,,0.0,0.0,100.0,0.0
2025-07-22,0.0,0.1,99.5,,,,,,,,,,0.0,0.0,100.0,0.0
2025-07-23,0.0,0.1,99.4,,,,,,,,,,0.0,0.0,100.0,0.0
2025-07-24,,,,,,,,,,,,,0.0,0.0,100.0,0.0
2025-07-25,,,,,,,0.0,0.0,100.0,,,,0.0,0.0,100.0,0.0
2025-07-26,0.0,0.1,99.4,,,,,,,,,,0.0,0.0,100.0,0.0
2025-07-27,0.0,0.1,99.4,,,,,,,,,,0.0,0.0,100.0,0.0
2025-07-28,0.0,0.3,99.6,,,,,,,,,,0.0,0.1,100.0,0.0
2025-07-29,0.0,0.3,99.5,0.0,0.0,99.4,,,,,,,0.0,0.1,100.0,0.0
2025-07-30,,,,,,,,,,,,,0.0,0.1,100.0,0.0
2025-07-31,,,,,,,,,,,,,0.0,0.0,100.0,0.0
2025-08-01,0.0,0.6,99.4,,,,,,,,,,0.0,0.1,100.0,0.0
2025-08-02,0.0,0.8,99.4,,,,,,,,,,0.0,0.1,100.0,0.0
2025-08-03,0.0,0.8,99.6,0.0,0.0,60.9,0.0,0.0,42.0,0.0,0.0,100.0,0.0,0.0,100.0,0.0
2025-08-04,0.0,1.1,99.6,,,,,,,,,,0.0,0.0,100.0,0.0
2025-08-05,,,,,,,,,,,,,0.0,0.0,100.0,0.0
2025-08-06,,,,,,,,,,,,,0.0,0.1,100.0,0.0
2025-08-07,,,,,,,,,,0.0,0.0,100.0,0.0,0.0,100.0,0.0
2025-08-08,0.0,0.8,98.8,0.0,0.0,100.0,,,,,,,0.0,0.0,100.0,0.0
2025-08-09,0.0,0.5,98.9,,,,,,,,,,0.0,0.0,100.0,0.0
2025-08-10,0.0,0.5,98.8,,,,0.0,0.0,100.0,0.0,0.0,100.0,0.0,0.0,100.0,0.0
2025-08-11,,,,,,,0.0,0.0,100.0,0.0,0.0,100.0,0.0,0.0,100.0,0.0
2025-08-12,,,,,,,,,,0.0,0.0,100.0,0.0,0.0,100.0,0.0
2025-08-13,0.0,0.4,98.4,0.0,0.0,98.9,,,,,,,0.0,0.0,100.0,0.0
2025-08-14,0.0,0.6,98.9,,,,,,,0.0,0.0,100.0,0.0,0.0,100.0,0.0
2025-08-15,0.0,0.9,98.9,0.0,0.0,100.0,,,,0.0,0.0,100.0,0.0,0.0,100.0,0.0
2025-08-16,0.0,1.0,98.9,,,,,,,,,,0.0,0.0,100.0,0.0
2025-08-17,,,,,,,,,,,,,0.0,0.0,100.0,0.0
2025-08-18,,,,0.0,0.1,100.0,0.0,0.0,100.0,,,,0.0,0.0,100.0,0.0
2025-08-19,0.0,1.7,98.7,,,,,,,,,,0.0,0.0,100.0,0.0
2025-08-20,0.0,1.2,98.7,,,,,,,,,,0.0,0.0,100.0,0.0
2025-08-21,0.0,0.9,98.7,,,,,,,,,,0.0,0.0,100.0,0.0
2025-08-22,0.0,0.9,98.7,,,,,,,,,,0.0,0.0,100.0,0.0
2025-08-23,,,,0.0,0.1,30.2,,,,,,,0.0,0.0,100.0,0.0
2025-08-24,,,,,,,,,,,,,0.0,0.0,100.0,0.0
2025-08-25,0.0,0.6,98.4,0.0,0.0,100.0,,,,,,,0.0,0.0,100.0,0.0
2025-08-26,0.0,0.6,98.7,,,,0.0,0.0,100.0,0.0,0.0,100.0,0.0,0.0,100.0,0.0
2025-08-27,0.0,0.5,98.9,,,,,,,,,,0.0,0.0,100.0,0.0
2025-08-28,0.0,0.2,98.8,,,,,,,,,,0.0,0.0,100.0,0.0
2025-08-29,,,,,,,,,,,,,0.0,0.0,100.0,0.0
2025-08-30,,,,,,,,,,,,,0.0,0.0,100.0,0.0
2025-08-31,0.0,0.2,98.7,,,,,,,,,,0.0,0.0,100.0,0.0
2025-09-01,0.0,0.2,98.9,,,,,,,,,,0.0,0.0,100.0,0.0
2025-09-02,0.0,0.2,98.9,,,,,,,,,,0.0,0.0,100.0,0.0
2025-09-03,0.0,0.2,98.7,,,,0.0,0.0,100.0,,,,0.0,0.0,100.0,0.0
2025-09-04,,,,0.0,0.0,100.0,0.0,0.0,42.4,,,,0.0,0.0,100.0,0.0
2025-09-05,,,,,,,,,,0.0,0.0,100.0,0.0,0.0,100.0,0.0
2025-09-06,0.0,0.2,98.7,,,,,,,,,,0.0,0.0,100.0,0.0
2025-09-07,0.0,0.2,98.7,,,,,,,,,,0.0,0.0,100.0,0.0
2025-09-08,0.0,0.2,96.5,,,,,,,,,,0.0,0.0,100.0,0.0
2025-09-09,0.0,0.2,98.9,,,,,,,,,,0.0,0.0,100.0,0.0
2025-09-10,,,,,,,,,,,,,0.0,0.0,100.0,0.0
2025-09-11,,,,,,,0.0,0.0,100.0,0.0,0.0,100.0,0.0,0.0,100.0,0.0
2025-09-12,0.0,0.1,98.7,,,,,,,,,,0.0,0.0,100.0,0.0
2025-09-13,0.0,0.1,98.7,,,,,,,,,,0.0,0.0,100.0,0.0
2025-09-14,0.0,0.1,98.8,0.0,0.0,92.0,,,,,,,0.0,0.0,100.0,0.0
2025-09-15,0.0,0.1,98.7,,,,,,,,,,0.0,0.0,100.0,0.0
2025-09-16,,,,,,,,,,,,,0.0,0.0,100.0,0.0
2025-09-17,,,,0.0,0.0,97.8,,,,0.0,0.0,79.6,0.0,0.0,100.0,0.0
2025-09-18,0.0,0.1,98.5,,,,,,,0.0,0.0,100.0,0.0,0.0,100.0,0.0
2025-09-19,0.0,0.2,98.8,,,,0.0,0.0,96.7,,,,0.0,0.0,100.0,0.0
2025-09-20,0.0,0.2,98.8,,,,0.0,0.0,89.6,,,,0.0,0.0,100.0,0.0
2025-09-21,0.0,0.2,98.7,,,,,,,,,,0.0,0.0,100.0,0.0
2025-09-22,,,,,,,,,,,,,0.0,0.0,100.0,0.0
2025-09-23,,,,,,,,,,,,,0.0,0.1,100.0,0.0
2025-09-24,0.0,0.2,98.7,,,,,,,,,,0.0,0.1,100.0,0.0
2025-09-25,0.0,0.2,98.7,,,,,,,,,,0.0,0.1,100.0,0.0
2025-09-26,0.0,0.5,98.9,,,,,,,,,,0.0,0.1,100.0,0.0
2025-09-27,0.0,0.8,98.8,,,,,,,,,,0.0,0.2,100.0,0.0
2025-09-28,,,,,,,0.0,0.0,81.9,,,,0.0,0.2,100.0,0.0
2025-09-29,,,,,,,,,,0.0,0.0,94.1,0.0,0.1,100.0,0.0
2025-09-30,0.0,1.1,98.8,,,,,,,,,,0.0,0.2,100.0,0.0
2025-10-01,0.0,1.4,98.9,,,,,,,,,,0.0,0.3,100.0,0.0
2025-10-02,0.0,1.9,98.8,0.0,0.0,100.0,,,,0.0,0.0,100.0,0.0,0.3,100.0,0.0
2025-10-03,0.0,2.2,98.9,,,,,,,0.0,0.0,100.0,0.0,0.2,100.0,0.0
2025-10-04,,,,0.0,0.0,72.3,,,,0.0,0.0,100.0,0.0,0.2,100.0,0.0
2025-10-05,,,,,,,,,,,,,0.0,0.4,100.0,0.0
2025-10-06,0.0,2.5,98.7,,,,0.0,0.0,65.0,0.0,0.0,100.0,0.0,0.3,100.0,0.0
2025-10-07,0.0,2.0,98.9,0.0,0.1,100.0,,,,0.0,0.0,100.0,0.0,0.2,100.0,0.0
2025-10-08,0.0,2.1,98.9,,,,,,,0.0,0.0,100.0,0.0,0.2,100.0,0.0
2025-10-09,0.0,1.1,98.8,,,,,,,,,,0.0,0.3,100.0,0.0
2025-10-10,,,,,,,,,,0.0,0.0,100.0,0.0,0.2,100.0,0.0
2025-10-11,,,,,,,,,,0.0,0.0,100.0,0.0,0.2,100.0,0.0
2025-10-12,0.0,0.8,98.7,0.0,0.1,100.0,,,,0.0,0.0,100.0,0.0,0.1,100.0,0.0
2025-10-13,0.0,0.5,98.8,,,,0.0,0.0,100.0,,,,0.0,0.2,100.0,0.0
2025-10-14,0.0,0.5,98.9,0.0,0.1,100.0,0.0,0.0,100.0,0.0,0.0,100.0,0.0,0.1,100.0,0.0
2025-10-15,0.0,0.3,98.7,,,,,,,,,,0.0,0.2,100.0,0.0
2025-10-16,,,,,,,,,,,,,0.0,0.2,100.0,0.0
2025-10-17,,,,0.0,0.1,100.0,,,,,,,0.0,0.2,100.0,0.0
2025-10-18,0.0,0.4,98.7,,,,,,,,,,0.0,0.4,100.0,0.0
2025-10-19,0.0,0.4,98.8,,,,,,,0.0,0.1,100.0,0.0,0.4,100.0,0.0
2025-10-20,0.0,0.6,98.8,,,,,,,0.0,0.1,100.0,0.0,0.5,100.0,0.0
2025-10-21,0.0,0.5,98.9,,,,,,,0.0,0.1,100.0,0.0,0.4,100.0,0.0
2025-10-22,,,,,,,,,,,,,0.0,0.8,100.0,0.0
2025-10-23,,,,,,,,,,,,,0.0,0.6,100.0,0.0
2025-10-24,0.0,0.7,98.7,0.0,0.1,45.6,,,,0.0,0.1,100.0,0.0,0.6,100.0,0.0
2025-10-25,0.0,0.8,98.9,,,,,,,0.0,0.2,100.0,0.0,0.5,100.0,0.0
2025-10-26,0.0,1.5,98.8,,,,,,,,,,0.0,0.6,100.0,0.0
2025-10-27,0.0,1.6,98.9,,,,,,,0.0,0.1,100.0,0.0,0.5,100.0,0.0
2025-10-28,,,,,,,,,,,,,0.0,0.6,100.0,0.0
2025-10-29,,,,,,,0.0,0.0,100.0,,,,0.0,0.5,100.0,0.0
2025-10-30,0.0,2.4,98.4,,,,,,,,,,0.0,0.6,100.0,0.0
2025-10-31,0.0,1.9,98.9,,,,,,,,,,0.0,0.9,100.0,0.0
2025-11-01,0.0,2.8,98.9,,,,,,,,,,0.0,1.2,100.0,0.0
2025-11-02,0.0,3.1,98.7,,,,,,,,,,0.0,1.1,100.0,0.0
2025-11-03,,,,0.0,0.3,100.0,,,,,,,0.0,1.0,100.0,0.0
2025-11-04,,,,,,,,,,,,,0.0,1.4,100.0,0.0
2025-11-05,0.0,3.5,98.7,,,,,,,0.0,0.1,100.0,0.0,1.5,100.0,0.0
2025-11-06,0.0,2.7,98.7,0.0,0.2,100.0,0.1,0.2,74.6,0.0,0.1,100.0,0.0,1.7,100.0,0.0
2025-11-07,0.0,1.2,98.7,,,,,,,,,,0.0,1.8,100.0,0.0
2025-11-08,0.0,0.9,98.5,,,,,,,,,,0.0,2.3,100.0,0.0
2025-11-09,,,,,,,,,,0.0,0.3,100.0,0.0,2.4,100.0,0.0
2025-11-10,,,,,,,,,,,,,0.0,3.4,100.0,0.0
2025-11-11,0.0,0.7,98.8,0.0,0.3,100.0,,,,,,,0.0,3.1,100.0,0.0
2025-11-12,0.0,0.4,98.8,,,,,,,,,,0.0,3.5,100.0,0.0
2025-11-13,0.0,0.4,98.8,0.0,0.2,100.0,,,,,,,0.0,3.9,100.0,0.0
2025-11-14,0.0,0.4,98.8,,,,,,,,,,0.0,4.6,100.0,0.0
2025-11-15,,,,,,,,,,,,,0.0,4.5,100.0,0.0
2025-11-16,,,,,,,,,,,,,0.0,4.4,100.0,0.0
2025-11-17,,,,,,,,,,0.0,0.7,100.0,0.0,3.8,100.0,0.0
2025-11-18,0.0,0.7,98.8,,,,,,,0.0,1.5,100.0,0.0,3.9,100.0,0.0
2025-11-19,0.0,0.5,98.7,,,,,,,,,,0.0,4.0,100.0,0.0
2025-11-20,0.0,0.5,98.8,,,,,,,,,,0.0,4.4,100.0,0.0
2025-11-21,,,,,,,,,,,,,0.0,4.9,100.0,0.0
2025-11-22,,,,,,,1.8,6.9,100.0,0.0,2.6,100.0,0.0,6.0,100.0,0.0
2025-11-23,0.0,0.5,98.7,0.0,0.5,100.0,2.2,7.6,80.9,,,,0.0,6.4,100.0,0.0
2025-11-24,0.0,0.6,98.8,,,,,,,,,,0.0,6.5,100.0,0.0
2025-11-25,0.0,0.9,98.8,,,,,,,0.4,13.3,65.2,0.0,6.1,100.0,0.0
2025-11-26,0.0,0.9,98.8,,,,,,,1.8,17.5,100.0,0.0,7.2,100.0,0.0
2025-11-27,,,,,,,,,,,,,0.0,9.4,100.0,0.0
2025-11-28,,,,,,,,,,,,,0.0,9.7,100.0,0.0
2025-11-29,0.0,1.2,98.7,,,,,,,1.7,18.5,100.0,0.0,9.8,100.0,0.0
2025-11-30,,,,,,,,,,,,,0.0,12.7,100.0,0.0
2025-12-01,0.0,1.9,98.8,,,,,,,1.3,20.7,100.0,0.1,15.7,100.0,0.1
2025-12-02,,,,,,,,,,,,,0.1,17.2,100.0,0.1
2025-12-03,,,,0.0,2.4,43.9,,,,4.6,27.5,100.0,0.1,15.9,100.0,0.1
2025-12-04,,,,,,,,,,9.0,33.0,100.0,0.1,19.5,100.0,0.1
2025-12-05,0.0,3.2,98.7,,,,,,,,,,0.8,24.6,100.0,0.8
2025-12-06,0.0,4.0,98.8,1.0,6.4,100.0,,,,,,,2.2,29.0,100.0,2.2
2025-12-07,0.0,3.5,98.8,,,,,,,44.3,46.4,100.0,2.4,30.1,100.0,2.4
2025-12-08,0.0,5.0,98.8,,,,,,,57.8,50.8,100.0,4.5,36.5,100.0,4.5
2025-12-09,,,,,,,4.5,21.3,99.9,,,,11.0,46.2,100.0,11.0
2025-12-10,,,,,,,,,,,,,22.1,51.2,100.0,22.1
2025-12-11,0.0,5.0,98.7,,,,,,,,,,40.0,53.9,100.0,40.0
2025-12-12,0.1,5.0,98.7,,,,,,,,,,49.9,56.8,100.0,49.9
2025-12-13,0.2,6.2,98.8,1.6,11.0,100.0,,,,,,,64.6,62.4,100.0,64.6
2025-12-14,0.5,7.4,98.8,,,,,,,,,,74.8,66.4,100.0,74.8
2025-12-15,,,,,,,,,,,,,86.5,69.9,100.0,86.5
2025-12-16,,,,,,,,,,,,,98.5,73.6,100.0,98.5
2025-12-17,1.0,9.8,98.8,,,,,,,97.6,70.8,100.0,100.0,81.5,100.0,100.0
2025-12-18,0.2,7.9,98.7,,,,,,,,,,100.0,86.5,100.0,100.0
2025-12-19,0.0,10.1,99.3,,,,,,,,,,100.0,90.9,100.0,100.0
2025-12-20,0.9,14.4,99.3,,,,,,,99.6,84.6,100.0,100.0,92.1,100.0,100.0
2025-12-21,,,,94.7,80.8,100.0,,,,100.0,91.8,100.0,100.0,94.6,100.0,100.0
2025-12-22,,,,,,,,,,,,,100.0,95.9,100.0,100.0
2025-12-23,1.7,17.2,99.0,96.3,85.0,98.5,,,,,,,100.0,97.0,100.0,100.0
2025-12-24,6.0,20.7,98.8,,,,,,,100.0,94.8,100.0,100.0,97.1,100.0,100.0
2025-12-25,14.4,27.8,99.3,,,,100.0,99.9,100.0,100.0,97.4,100.0,100.0,98.3,100.0,100.0
2025-12-26,27.4,32.8,99.3,99.8,95.1,100.0,,,,,,,100.0,98.6,100.0,100.0
2025-12-27,,,,,,,,,,100.0,98.6,100.0,100.0,98.7,100.0,100.0
2025-12-28,,,,,,,,,,,,,100.0,98.7,100.0,100.0
2025-12-29,51.6,43.3,99.0,,,,,,,,,,100.0,99.0,100.0,100.0
2025-12-30,31.5,36.7,99.3,,,,,,,,,,100.0,99.1,100.0,100.0
2025-12-31,44.0,41.2,99.3,99.5,96.3,100.0,,,,,,,100.0,99.2,100.0,100.0
2026-01-01,58.3,45.8,97.0,,,,100.0,100.0,87.8,,,,100.0,99.1,100.0,100.0
2026-01-02,,,,,,,100.0,100.0,99.9,98.8,98.1,100.0,100.0,99.2,100.0,100.0
2026-01-03,,,,,,,,,,100.0,98.6,100.0,100.0,99.3,100.0,100.0
2026-01-04,69.5,50.7,96.9,,,,,,,,,,100.0,99.4,100.0,100.0
2026-01-05,72.7,52.8,96.8,100.0,98.9,100.0,,,,,,,100.0,99.6,100.0,100.0
2026-01-06,80.6,57.0,96.9,,,,,,,,,,100.0,99.6,100.0,100.0
2026-01-07,80.1,58.4,96.9,,,,,,,100.0,99.4,100.0,100.0,99.6,100.0,100.0
2026-01-08,,,,,,,,,,,,,100.0,99.7,100.0,100.0
2026-01-09,,,,,,,100.0,100.0,100.0,,,,100.0,99.8,100.0,100.0
2026-01-10,83.7,61.2,96.9,,,,,,,,,,100.0,99.8,100.0,100.0
2026-01-11,75.3,55.0,97.0,,,,,,,,,,100.0,99.8,100.0,100.0
2026-01-12,86.7,62.7,96.9,100.0,99.9,77.4,,,,100.0,99.5,100.0,100.0,99.9,100.0,100.0
2026-01-13,96.3,73.4,96.9,,,,,,,,,,100.0,99.8,100.0,100.0
2026-01-14,,,,,,,,,,,,,100.0,99.8,100.0,100.0
2026-01-15,,,,,,,,,,,,,100.0,99.8,100.0,100.0
2026-01-16,98.1,78.8,96.9,,,,,,,,,,100.0,99.9,100.0,100.0
2026-01-17,98.7,78.2,96.9,,,,,,,,,,100.0,99.8,100.0,100.0
2026-01-18,99.0,80.1,96.9,,,,,,,100.0,99.8,100.0,100.0,99.8,100.0,100.0
2026-01-19,97.8,78.4,97.0,,,,,,,,,,100.0,99.7,100.0,100.0
2026-01-20,,,,100.0,99.8,100.0,,,,,,,100.0,99.7,100.0,100.0
2026-01-21,,,,,,,,,,,,,100.0,99.6,100.0,100.0
2026-01-22,97.2,80.3,96.9,,,,,,,,,,100.0,99.4,100.0,100.0
2026-01-23,94.4,75.3,96.8,,,,,,,,,,100.0,99.5,100.0,100.0
2026-01-24,93.9,76.1,97.0,,,,,,,,,,100.0,99.3,100.0,100.0
2026-01-25,91.8,74.8,96.9,,,,,,,,,,100.0,99.3,100.0,100.0
2026-01-26,,,,,,,,,,100.0,99.8,100.0,100.0,99.0,100.0,100.0
2026-01-27,,,,,,,,,,,,,100.0,99.3,100.0,100.0
2026-01-28,93.5,79.4,96.9,,,,,,,100.0,99.9,48.5,100.0,99.2,100.0,100.0
2026-01-29,92.6,77.9,96.8,,,,,,,,,,100.0,99.2,100.0,100.0
2026-01-30,92.7,78.6,97.0,,,,,,,,,,100.0,99.4,100.0,100.0
2026-01-31,88.9,73.9,96.9,,,,,,,100.0,99.9,100.0,100.0,99.5,100.0,100.0
2026-02-01,,,,,,,,,,100.0,99.9,100.0,100.0,99.5,100.0,100.0
2026-02-02,,,,,,,100.0,100.0,99.8,,,,100.0,99.6,100.0,100.0
2026-02-03,90.2,76.2,96.8,,,,,,,,,,100.0,99.6,100.0,100.0
2026-02-04,91.9,76.0,96.2,,,,,,,,,,100.0,99.7,100.0,100.0
2026-02-05,94.5,79.1,96.2,,,,,,,,,,100.0,99.6,100.0,100.0
2026-02-06,94.1,77.7,96.3,,,,,,,100.0,99.9,100.0,100.0,99.6,100.0,100.0
2026-02-07,,,,,,,,,,,,,100.0,99.4,100.0,100.0
2026-02-08,,,,,,,,,,100.0,99.9,100.0,100.0,99.5,100.0,100.0
2026-02-09,95.2,81.0,96.2,100.0,99.8,44.5,,,,100.0,99.9,100.0,100.0,99.4,100.0,100.0
2026-02-10,95.7,81.0,96.2,,,,,,,,,,100.0,99.3,100.0,100.0
2026-02-11,96.9,83.9,96.3,,,,,,,,,,100.0,98.8,100.0,100.0
2026-02-12,98.8,85.9,96.3,,,,,,,,,,100.0,99.0,100.0,100.0
2026-02-13,,,,,,,,,,,,,100.0,98.2,100.0,100.0
2026-02-14,,,,,,,,,,,,,100.0,98.8,100.0,100.0
2026-02-15,99.0,89.6,96.1,,,,,,,,,,100.0,98.8,100.0,100.0
2026-02-16,99.9,92.4,96.1,,,,,,,,,,100.0,99.1,100.0,100.0
2026-02-17,100.0,95.6,96.2,,,,,,,100.0,99.9,100.0,100.0,99.0,100.0,100.0
2026-02-18,100.0,97.8,96.3,,,,100.0,100.0,100.0,,,,100.0,99.4,100.0,100.0
2026-02-19,,,,,,,,,,,,,100.0,99.2,100.0,100.0
2026-02-20,,,,,,,,,,,,,100.0,99.5,100.0,100.0
2026-02-21,100.0,98.8,96.0,,,,,,,100.0,99.9,100.0,100.0,99.5,100.0,100.0
2026-02-22,100.0,98.7,96.2,,,,,,,100.0,99.9,72.3,100.0,99.6,100.0,100.0
2026-02-23,100.0,99.0,96.1,,,,,,,,,,100.0,99.7,100.0,100.0
2026-02-24,100.0,99.3,96.3,,,,,,,,,,100.0,99.7,100.0,100.0
2026-02-25,,,,,,,,,,,,,100.0,99.7,100.0,100.0
2026-02-26,,,,,,,100.0,100.0,90.2,100.0,99.8,91.7,100.0,99.8,100.0,100.0
2026-02-27,100.0,99.6,96.2,,,,100.0,99.9,51.0,,,,100.0,99.8,100.0,100.0
2026-02-28,100.0,99.5,96.3,,,,,,,,,,100.0,99.9,100.0,100.0
2026-03-01,100.0,98.9,96.2,,,,,,,100.0,99.8,100.0,100.0,99.9,100.0,100.0
2026-03-02,100.0,98.5,96.3,,,,,,,,,,100.0,99.9,100.0,100.0
2026-03-03,,,,,,,,,,,,,100.0,99.9,100.0,100.0
2026-03-04,,,,,,,,,,100.0,99.8,84.9,100.0,99.9,100.0,100.0
2026-03-05,100.0,98.2,96.3,,,,,,,,,,100.0,99.9,100.0,100.0
2026-03-06,100.0,97.6,96.3,100.0,99.8,100.0,100.0,99.7,100.0,,,,100.0,99.9,100.0,100.0
2026-03-07,100.0,94.7,96.3,,,,100.0,99.6,66.2,,,,100.0,99.9,100.0,100.0
2026-03-08,99.4,90.8,96.3,,,,,,,,,,100.0,99.9,100.0,100.0
2026-03-09,,,,,,,,,,,,,100.0,99.9,100.0,100.0
2026-03-10,,,,,,,,,,100.0,99.8,68.6,100.0,99.9,100.0,100.0
2026-03-11,99.4,90.2,96.2,100.0,99.9,70.2,,,,,,,100.0,99.9,100.0,100.0
2026-03-12,99.1,89.3,96.2,,,,,,,,,,100.0,99.9,100.0,100.0
2026-03-13,99.0,91.0,96.3,100.0,99.9,100.0,,,,100.0,99.6,100.0,100.0,99.9,100.0,100.0
2026-03-14,100.0,93.9,96.3,,,,,,,,,,100.0,99.9,100.0,100.0
2026-03-15,,,,,,,,,,,,,100.0,99.9,100.0,100.0
2026-03-16,,,,100.0,100.0,100.0,,,,,,,100.0,99.9,100.0,100.0
2026-03-17,100.0,96.5,96.2,,,,,,,,,,100.0,99.9,100.0,100.0
2026-03-18,100.0,97.2,96.3,,,,,,,,,,100.0,99.9,100.0,100.0
2026-03-19,100.0,97.7,96.3,,,,,,,,,,100.0,99.9,100.0,100.0
2026-03-20,100.0,98.1,96.3,,,,,,,100.0,99.3,100.0,100.0,99.9,100.0,100.0
2026-03-21,,,,100.0,99.9,99.2,,,,,,,100.0,99.9,100.0,100.0
2026-03-22,,,,,,,100.0,97.6,75.6,,,,100.0,99.9,100.0,100.0
2026-03-23,100.0,98.5,96.2,,,,,,,,,,100.0,99.9,100.0,100.0
2026-03-24,100.0,98.2,96.3,,,,,,,100.0,98.7,100.0,100.0,99.8,100.0,100.0
2026-03-25,100.0,97.7,96.2,,,,,,,100.0,98.2,100.0,100.0,99.8,100.0,100.0
2026-03-26,100.0,94.7,96.1,,,,,,,,,,100.0,99.7,100.0,100.0
2026-03-27,,,,,,,,,,,,,100.0,99.7,100.0,100.0
2026-03-28,,,,,,,,,,,,,100.0,99.7,100.0,100.0
2026-03-29,100.0,93.9,96.2,,,,,,,,,,100.0,99.6,100.0,100.0
2026-03-30,100.0,90.4,96.3,,,,,,,,,,100.0,99.5,100.0,100.0
2026-03-31,100.0,91.0,96.2,,,,,,,,,,100.0,99.5,100.0,100.0
2026-04-01,97.9,77.6,96.3,,,,,,,,,,100.0,99.5,100.0,100.0
2026-04-02,,,,100.0,99.9,100.0,,,,99.9,94.7,100.0,100.0,99.4,100.0,100.0
2026-04-03,,,,,,,,,,,,,100.0,99.2,100.0,100.0
2026-04-04,96.2,77.2,96.2,,,,,,,,,,100.0,99.1,100.0,100.0
2026-04-05,,,,100.0,98.5,100.0,,,,98.9,89.7,100.0,100.0,99.1,100.0,100.0
2026-04-06,88.8,71.1,96.3,,,,,,,98.3,84.5,100.0,100.0,98.6,100.0,100.0
2026-04-07,89.0,77.2,96.3,,,,100.0,96.0,39.3,98.0,84.2,100.0,100.0,98.5,100.0,100.0
2026-04-08,,,,,,,100.0,90.1,34.9,,,,100.0,98.0,100.0,100.0
2026-04-09,,,,,,,,,,,,,100.0,97.4,100.0,100.0
2026-04-10,87.8,76.9,96.1,,,,,,,,,,100.0,96.4,100.0,100.0
2026-04-11,86.0,75.7,96.2,,,,,,,,,,100.0,94.8,100.0,100.0
2026-04-12,86.2,76.5,96.3,,,,,,,,,,99.3,92.8,100.0,99.3
2026-04-13,87.4,79.1,96.2,,,,,,,,,,97.3,88.7,100.0,97.3
2026-04-14,,,,,,,,,,93.0,72.3,100.0,89.5,81.2,100.0,89.5
2026-04-15,,,,,,,,,,,,,85.4,75.0,100.0,85.4
2026-04-16,79.5,65.5,96.1,,,,1.8,7.1,73.4,,,,73.6,65.2,100.0,73.6
2026-04-17,68.0,55.2,96.3,,,,,,,71.7,53.3,100.0,45.2,52.2,100.0,45.2
2026-04-18,42.6,34.4,96.2,,,,,,,,,,10.5,37.4,100.0,10.5
2026-04-19,37.9,31.7,96.3,,,,,,,,,,1.1,28.3,100.0,1.1
2026-04-20,2.1,13.2,96.3,20.7,32.8,100.0,,,,14.4,29.3,100.0,0.0,18.2,100.0,0.0
2026-04-21,,,,,,,,,,,,,0.0,9.5,100.0,0.0
2026-04-22,1.5,12.4,96.0,0.7,7.4,100.0,,,,0.5,15.6,100.0,0.0,5.5,100.0,0.0
2026-04-23,0.1,4.6,96.3,,,,0.0,0.3,99.1,,,,0.0,4.3,100.0,0.0
2026-04-24,0.0,1.7,96.2,,,,0.0,0.0,100.0,0.0,6.7,100.0,0.0,2.3,100.0,0.0
2026-04-25,0.0,1.8,96.3,0.0,0.3,100.0,,,,0.0,3.0,100.0,0.0,1.9,100.0,0.0
2026-04-26,,,,,,,,,,0.0,1.5,100.0,0.0,1.4,100.0,0.0
2026-04-27,,,,,,,,,,0.0,0.9,100.0,0.0,1.4,100.0,0.0
2026-04-28,0.0,0.3,95.9,,,,,,,,,,0.0,0.9,100.0,0.0
2026-04-29,0.0,0.1,96.2,,,,,,,,,,0.0,0.9,100.0,0.0
2026-04-30,0.0,0.1,96.2,0.0,0.1,100.0,,,,0.0,0.7,100.0,0.0,0.6,100.0,0.0
2026-05-01,0.0,0.1,96.2,,,,0.0,0.0,100.0,,,,0.0,0.6,100.0,0.0
2026-05-02,0.0,0.1,96.1,0.0,0.0,100.0,0.0,0.0,100.0,,,,0.0,0.4,100.0,0.0
2026-05-03,,,,,,,,,,,,,0.0,0.5,100.0,0.0
2026-05-04,0.0,0.1,96.1,,,,,,,,,,0.0,0.4,100.0,0.0
2026-05-05,0.0,0.2,96.1,,,,,,,,,,0.0,0.4,100.0,0.0
2026-05-06,0.0,0.2,96.3,,,,,,,,,,0.0,0.3,100.0,0.0
2026-05-07,0.0,0.2,96.3,,,,,,,0.0,0.3,100.0,0.0,0.3,100.0,0.0
2026-05-08,,,,,,,,,,,,,0.0,0.3,100.0,0.0
2026-05-09,,,,,,,0.0,0.0,82.4,,,,0.0,0.2,100.0,0.0
2026-05-10,,,,,,,,,,,,,0.0,0.3,100.0,0.0
2026-05-11,0.0,0.1,96.2,,,,,,,,,,0.0,0.3,100.0,0.0
2026-05-12,0.0,0.2,96.3,,,,,,,,,,0.0,0.5,100.0,0.0
2026-05-13,0.0,0.2,96.3,,,,,,,,,,0.0,0.5,100.0,0.0
2026-05-14,0.0,0.2,96.3,,,,,,,,,,0.0,0.3,100.0,0.0
2026-05-15,,,,,,,,,,,,,0.0,0.4,100.0,0.0
2026-05-16,0.0,0.1,96.1,,,,,,,,,,0.0,0.5,100.0,0.0
2026-05-17,0.0,0.1,96.2,,,,0.0,0.0,100.0,,,,0.0,0.4,100.0,0.0
2026-05-18,0.0,0.2,96.3,,,,,,,,,,0.0,0.2,100.0,0.0
2026-05-19,0.0,0.2,96.3,,,,,,,,,,0.0,0.2,100.0,0.0
2026-05-20,,,,,,,,,,,,,0.0,0.4,100.0,0.0
2026-05-21,,,,,,,,,,,,,0.0,0.4,100.0,0.0
2026-05-22,0.2,0.5,98.1,0.0,0.0,100.0,,,,0.0,0.1,100.0,0.0,0.1,100.0,0.0
2026-05-23,0.1,0.9,98.1,,,,,,,0.0,0.0,100.0,0.0,0.2,100.0,0.0
2026-05-24,,,,,,,,,,,,,0.0,0.4,100.0,0.0
2026-05-25,0.0,2.5,97.9,0.0,0.0,100.0,0.0,0.0,100.0,,,,0.0,0.3,100.0,0.0
2026-05-26,6.4,13.2,98.0,,,,,,,0.0,0.0,100.0,0.0,0.2,100.0,0.0
2026-05-27,,,,,,,,,,,,,0.0,0.2,100.0,0.0
2026-05-28,41.5,36.7,98.2,,,,,,,,,,0.0,1.1,100.0,0.0
2026-05-29,47.3,39.3,98.1,,,,,,,,,,0.0,1.3,100.0,0.0
2026-05-30,42.9,39.3,98.1,,,,,,,,,,0.0,1.6,100.0,0.0
2026-05-31,36.5,35.4,98.3,,,,,,,,,,0.0,2.7,100.0,0.0
2026-06-01,,,,,,,,,,,,,,,,
2026-06-02,,,,,,,,,,,,,,,,
2026-06-03,3.7,8.4,97.9,,,,,,,,,,,,,
2026-06-04,0.3,2.0,98.1,,,,,,,,,,,,,
2026-06-05,,,,,,,,,,,,,,,,
2026-06-06,0.1,0.7,98.2,,,,,,,,,,,,,
2026-06-07,0.1,0.2,98.0,,,,,,,0.0,0.0,96.9,,,,
2026-06-08,,,,,,,,,,0.0,0.0,100.0,,,,
2026-06-09,0.1,0.1,97.8,,,,,,,,,,,,,
2026-06-10,,,,,,,,,,,,,,,,
2026-06-11,0.0,0.2,98.1,0.0,0.0,100.0,,,,0.0,0.0,36.2,,,,
2026-06-12,0.0,0.2,98.3,,,,,,,,,,,,,
2026-06-13,,,,,,,,,,,,,,,,
2026-06-14,,,,,,,,,,,,,,,,
2026-06-15,,,,,,,,,,,,,,,,
2026-06-16,0.0,0.2,98.2,,,,,,,0.0,0.0,100.0,,,,
2026-06-17,0.0,0.3,97.8,,,,,,,0.0,0.0,81.0,,,,
2026-06-18,,,,,,,,,,,,,,,,
2026-06-19,0.0,0.2,97.9,0.0,0.0,92.4,0.0,0.0,96.3,0.0,0.0,100.0,,,,
2026-06-20,,,,,,,,,,,,,,,,
2026-06-21,0.0,0.1,97.9,0.0,0.1,45.7,,,,0.0,0.1,100.0,,,,
2026-06-22,,,,,,,,,,,,,,,,
2026-06-23,0.0,0.1,97.9,,,,,,,,,,,,,
2026-06-24,0.0,0.2,98.1,0.0,0.1,100.0,,,,,,,,,,
2026-06-25,0.0,0.2,98.0,,,,,,,,,,,,,
2026-06-26,,,,,,,,,,,,,,,,
2026-06-27,,,,,,,0.0,0.0,100.0,0.0,0.3,100.0,,,,
2026-06-28,0.0,1.2,98.1,,,,,,,0.0,0.5,100.0,,,,
2026-06-29,0.0,6.2,98.2,0.0,0.5,74.5,,,,,,,,,,
2026-06-30,0.0,10.7,98.1,,,,,,,,,,,,,
2026-07-01,,,,,,,,,,,,,,,,
2026-07-02,,,,,,,,,,,,,,,,
2026-07-03,,,,,,,,,,0.0,2.3,71.1,,,,
2026-07-04,,,,,,,,,,,,,,,,
2026-07-05,,,,,,,,,,,,,,,,
2026-07-06,,,,,,,,,,,,,,,,
2026-07-07,,,,,,,,,,,,,,,,
2026-07-08,,,,,,,,,,,,,,,,
2026-07-09,,,,,,,,,,0.0,6.3,100.0,,,,
