date,s1_ice_cover,s1_ice_probability,s1_data_coverage,s2_ice_cover,s2_ice_probability,s2_data_coverage,landsat_ice_cover,landsat_ice_probability,landsat_data_coverage,ecostress_ice_cover,ecostress_ice_probability,ecostress_data_coverage,stage2_ice_cover,stage2_ice_probability,stage2_data_coverage,stage2_phenology_cover
2015-06-29,100.0,82.1,99.2,,,,,,,,,,0.0,9.2,100.0,0.0
2015-06-30,,,,,,,,,,,,,0.0,4.7,100.0,0.0
2015-07-01,,,,,,,,,,,,,0.0,3.8,100.0,0.0
2015-07-02,,,,,,,,,,,,,0.0,3.2,100.0,0.0
2015-07-03,100.0,74.2,99.1,,,,,,,,,,0.0,2.1,100.0,0.0
2015-07-04,,,,0.0,1.4,100.0,,,,,,,0.0,1.5,100.0,0.0
2015-07-05,,,,,,,,,,,,,0.0,1.3,100.0,0.0
2015-07-06,,,,,,,,,,,,,0.0,1.2,100.0,0.0
2015-07-07,,,,,,,,,,,,,0.0,1.0,100.0,0.0
2015-07-08,,,,,,,,,,,,,0.0,0.9,100.0,0.0
2015-07-09,,,,,,,,,,,,,0.0,1.1,100.0,0.0
2015-07-10,,,,,,,,,,,,,0.0,1.2,100.0,0.0
2015-07-11,,,,,,,,,,,,,0.0,1.0,100.0,0.0
2015-07-12,,,,,,,,,,,,,0.0,1.2,100.0,0.0
2015-07-13,,,,,,,,,,,,,0.0,1.3,100.0,0.0
2015-07-14,,,,,,,,,,,,,0.0,1.4,100.0,0.0
2015-07-15,100.0,78.8,98.3,,,,,,,,,,0.0,1.2,100.0,0.0
2015-07-16,,,,,,,,,,,,,0.0,1.0,100.0,0.0
2015-07-17,,,,,,,,,,,,,0.0,1.0,100.0,0.0
2015-07-18,,,,,,,,,,,,,0.0,1.0,100.0,0.0
2015-07-19,,,,,,,,,,,,,0.0,0.9,100.0,0.0
2015-07-20,,,,,,,,,,,,,0.0,0.8,100.0,0.0
2015-07-21,,,,,,,,,,,,,0.0,0.7,100.0,0.0
2015-07-22,,,,,,,,,,,,,0.0,0.8,100.0,0.0
2015-07-23,,,,,,,,,,,,,0.0,0.9,100.0,0.0
2015-07-24,,,,,,,0.3,1.1,35.1,,,,0.0,0.8,100.0,0.0
2015-07-25,,,,,,,,,,,,,0.0,0.9,100.0,0.0
2015-07-26,,,,,,,,,,,,,0.0,0.7,100.0,0.0
2015-07-27,,,,,,,,,,,,,0.0,0.9,100.0,0.0
2015-07-28,,,,,,,,,,,,,0.0,0.6,100.0,0.0
2015-07-29,,,,,,,,,,,,,0.0,0.6,100.0,0.0
2015-07-30,,,,,,,,,,,,,0.0,0.4,100.0,0.0
2015-07-31,,,,,,,,,,,,,0.0,0.5,100.0,0.0
2015-08-01,,,,,,,0.2,0.5,37.3,,,,0.0,0.3,100.0,0.0
2015-08-02,,,,,,,,,,,,,0.0,0.3,100.0,0.0
2015-08-03,,,,0.0,0.3,100.0,,,,,,,0.0,0.2,100.0,0.0
2015-08-04,100.0,88.9,99.3,,,,,,,,,,0.0,0.2,100.0,0.0
2015-08-05,,,,,,,,,,,,,0.0,0.1,100.0,0.0
2015-08-06,,,,,,,,,,,,,0.0,0.1,100.0,0.0
2015-08-07,,,,,,,,,,,,,0.0,0.1,100.0,0.0
2015-08-08,100.0,91.5,99.1,,,,,,,,,,0.0,0.1,100.0,0.0
2015-08-09,,,,,,,0.0,0.0,100.0,,,,0.0,0.0,100.0,0.0
2015-08-10,,,,,,,,,,,,,0.0,0.0,100.0,0.0
2015-08-11,,,,,,,,,,,,,0.0,0.0,100.0,0.0
2015-08-12,,,,,,,,,,,,,0.0,0.0,100.0,0.0
2015-08-13,,,,0.0,0.7,100.0,,,,,,,0.0,0.0,100.0,0.0
2015-08-14,,,,,,,,,,,,,0.0,0.1,100.0,0.0
2015-08-15,,,,,,,,,,,,,0.0,0.1,100.0,0.0
2015-08-16,100.0,88.0,98.7,,,,,,,,,,0.0,0.1,100.0,0.0
2015-08-17,,,,,,,,,,,,,0.0,0.1,100.0,0.0
2015-08-18,,,,,,,,,,,,,0.0,0.2,100.0,0.0
2015-08-19,,,,,,,,,,,,,0.0,0.2,100.0,0.0
2015-08-20,99.7,77.5,99.2,,,,,,,,,,0.0,0.3,100.0,0.0
2015-08-21,,,,,,,,,,,,,0.0,0.2,100.0,0.0
2015-08-22,,,,,,,,,,,,,0.0,0.3,100.0,0.0
2015-08-23,,,,0.0,0.7,100.0,,,,,,,0.0,0.2,100.0,0.0
2015-08-24,,,,,,,,,,,,,0.0,0.2,100.0,0.0
2015-08-25,,,,,,,,,,,,,0.0,0.3,100.0,0.0
2015-08-26,,,,,,,,,,,,,0.0,0.3,100.0,0.0
2015-08-27,,,,,,,,,,,,,0.0,0.1,100.0,0.0
2015-08-28,99.7,69.4,99.4,,,,,,,,,,0.0,0.1,100.0,0.0
2015-08-29,,,,,,,,,,,,,0.0,0.1,100.0,0.0
2015-08-30,,,,,,,,,,,,,0.0,0.1,100.0,0.0
2015-08-31,,,,,,,,,,,,,0.0,0.1,100.0,0.0
2015-09-01,100.0,82.7,99.3,,,,,,,,,,0.0,0.2,100.0,0.0
2015-09-02,,,,,,,,,,,,,0.0,0.2,100.0,0.0
2015-09-03,,,,,,,,,,,,,0.0,0.2,100.0,0.0
2015-09-04,,,,,,,,,,,,,0.0,0.2,100.0,0.0
2015-09-05,,,,,,,,,,,,,0.0,0.2,100.0,0.0
2015-09-06,,,,,,,,,,,,,0.0,0.1,100.0,0.0
2015-09-07,,,,,,,,,,,,,0.0,0.1,100.0,0.0
2015-09-08,,,,,,,,,,,,,0.0,0.1,100.0,0.0
2015-09-09,100.0,78.9,99.5,,,,,,,,,,0.0,0.1,100.0,0.0
2015-09-10,,,,,,,0.0,0.0,100.0,,,,0.0,0.1,100.0,0.0
2015-09-11,,,,,,,,,,,,,0.0,0.1,100.0,0.0
2015-09-12,,,,0.0,0.5,100.0,,,,,,,0.0,0.1,100.0,0.0
2015-09-13,97.7,64.5,99.3,,,,,,,,,,0.0,0.1,100.0,0.0
2015-09-14,,,,,,,,,,,,,0.0,0.1,100.0,0.0
2015-09-15,,,,,,,,,,,,,0.0,0.1,100.0,0.0
2015-09-16,,,,,,,,,,,,,0.0,0.1,100.0,0.0
2015-09-17,,,,,,,,,,,,,0.0,0.1,100.0,0.0
2015-09-18,,,,,,,,,,,,,0.0,0.1,100.0,0.0
2015-09-19,,,,,,,,,,,,,0.0,0.2,100.0,0.0
2015-09-20,,,,,,,,,,,,,0.0,0.2,100.0,0.0
2015-09-21,89.7,56.8,99.5,,,,,,,,,,0.0,0.2,100.0,0.0
2015-09-22,,,,,,,,,,,,,0.0,0.3,100.0,0.0
2015-09-23,,,,,,,,,,,,,0.0,0.3,100.0,0.0
2015-09-24,,,,,,,,,,,,,0.0,0.3,100.0,0.0
2015-09-25,,,,,,,,,,,,,0.0,0.4,100.0,0.0
2015-09-26,,,,,,,,,,,,,0.0,0.5,100.0,0.0
2015-09-27,,,,,,,,,,,,,0.0,0.6,100.0,0.0
2015-09-28,,,,,,,,,,,,,0.0,0.4,100.0,0.0
2015-09-29,,,,,,,,,,,,,0.0,0.4,100.0,0.0
2015-09-30,,,,,,,,,,,,,0.0,0.4,100.0,0.0
2015-10-01,,,,,,,,,,,,,0.0,0.5,100.0,0.0
2015-10-02,,,,,,,,,,,,,0.0,0.4,100.0,0.0
2015-10-03,79.0,55.2,99.2,,,,,,,,,,0.0,0.4,100.0,0.0
2015-10-04,,,,,,,,,,,,,0.0,0.4,100.0,0.0
2015-10-05,,,,,,,,,,,,,0.0,0.4,100.0,0.0
2015-10-06,,,,,,,,,,,,,0.0,0.3,100.0,0.0
2015-10-07,,,,,,,,,,,,,0.0,0.3,100.0,0.0
2015-10-08,,,,,,,,,,,,,0.0,0.2,100.0,0.0
2015-10-09,,,,,,,,,,,,,0.0,0.3,100.0,0.0
2015-10-10,,,,,,,,,,,,,0.0,0.3,100.0,0.0
2015-10-11,,,,,,,,,,,,,0.0,0.3,100.0,0.0
2015-10-12,,,,0.0,0.6,100.0,0.0,0.0,94.9,,,,0.0,0.3,100.0,0.0
2015-10-13,,,,,,,,,,,,,0.0,0.4,100.0,0.0
2015-10-14,,,,,,,,,,,,,0.0,0.3,100.0,0.0
2015-10-15,,,,,,,,,,,,,0.0,0.4,100.0,0.0
2015-10-16,,,,,,,,,,,,,0.0,0.5,100.0,0.0
2015-10-17,,,,,,,,,,,,,0.0,0.5,100.0,0.0
2015-10-18,,,,,,,,,,,,,0.0,0.5,100.0,0.0
2015-10-19,,,,,,,,,,,,,0.0,0.6,100.0,0.0
2015-10-20,,,,,,,,,,,,,0.0,0.8,100.0,0.0
2015-10-21,,,,,,,,,,,,,0.0,0.7,100.0,0.0
2015-10-22,,,,0.0,5.9,97.8,,,,,,,0.0,0.6,100.0,0.0
2015-10-23,,,,,,,,,,,,,0.0,0.5,100.0,0.0
2015-10-24,,,,,,,,,,,,,0.0,0.4,100.0,0.0
2015-10-25,,,,,,,,,,,,,0.0,0.3,100.0,0.0
2015-10-26,,,,,,,,,,,,,0.0,0.3,100.0,0.0
2015-10-27,92.9,60.5,99.4,,,,,,,,,,0.0,0.3,100.0,0.0
2015-10-28,,,,,,,0.0,0.1,100.0,,,,0.0,0.3,100.0,0.0
2015-10-29,,,,,,,,,,,,,0.0,0.2,100.0,0.0
2015-10-30,,,,,,,,,,,,,0.0,0.2,100.0,0.0
2015-10-31,54.1,47.4,98.9,,,,,,,,,,0.0,0.3,100.0,0.0
2015-11-01,,,,,,,,,,,,,0.0,0.3,100.0,0.0
2015-11-02,,,,,,,,,,,,,0.0,0.3,100.0,0.0
2015-11-03,,,,,,,,,,,,,0.0,0.3,100.0,0.0
2015-11-04,,,,,,,,,,,,,0.0,0.3,100.0,0.0
2015-11-05,,,,,,,,,,,,,0.0,0.4,100.0,0.0
2015-11-06,,,,,,,,,,,,,0.0,0.5,100.0,0.0
2015-11-07,,,,,,,,,,,,,0.0,0.4,100.0,0.0
2015-11-08,,,,,,,,,,,,,0.0,0.6,100.0,0.0
2015-11-09,,,,,,,,,,,,,0.0,0.4,100.0,0.0
2015-11-10,,,,,,,,,,,,,0.0,0.5,100.0,0.0
2015-11-11,,,,,,,,,,,,,0.0,0.5,100.0,0.0
2015-11-12,14.6,26.6,99.1,,,,,,,,,,0.0,0.7,100.0,0.0
2015-11-13,,,,,,,0.0,0.2,74.3,,,,0.0,0.7,100.0,0.0
2015-11-14,,,,,,,,,,,,,0.0,1.0,100.0,0.0
2015-11-15,,,,,,,,,,,,,0.0,0.9,100.0,0.0
2015-11-16,,,,,,,,,,,,,0.0,1.2,100.0,0.0
2015-11-17,,,,,,,,,,,,,0.0,1.2,100.0,0.0
2015-11-18,,,,,,,,,,,,,0.0,1.5,100.0,0.0
2015-11-19,,,,,,,,,,,,,0.0,1.6,100.0,0.0
2015-11-20,10.7,18.9,98.9,,,,,,,,,,0.0,2.4,100.0,0.0
2015-11-21,,,,,,,,,,,,,0.0,3.0,100.0,0.0
2015-11-22,,,,,,,,,,,,,0.0,4.1,100.0,0.0
2015-11-23,,,,,,,,,,,,,0.0,4.8,100.0,0.0
2015-11-24,9.6,16.3,99.1,,,,,,,,,,0.0,6.1,100.0,0.0
2015-11-25,,,,,,,,,,,,,0.0,7.6,100.0,0.0
2015-11-26,,,,,,,,,,,,,0.0,8.8,100.0,0.0
2015-11-27,,,,,,,,,,,,,0.0,8.7,100.0,0.0
2015-11-28,,,,,,,,,,,,,0.0,10.1,100.0,0.0
2015-11-29,,,,,,,,,,,,,0.0,13.0,100.0,0.0
2015-11-30,,,,,,,,,,,,,0.0,13.6,100.0,0.0
2015-12-01,,,,,,,,,,,,,0.0,13.8,100.0,0.0
2015-12-02,9.5,13.7,99.2,,,,,,,,,,0.0,13.8,100.0,0.0
2015-12-03,,,,,,,,,,,,,0.0,13.6,100.0,0.0
2015-12-04,,,,,,,,,,,,,0.0,13.9,100.0,0.0
2015-12-05,,,,,,,,,,,,,0.0,13.5,100.0,0.0
2015-12-06,7.1,9.2,99.1,,,,,,,,,,0.0,14.4,100.0,0.0
2015-12-07,,,,,,,,,,,,,0.0,14.1,100.0,0.0
2015-12-08,,,,,,,,,,,,,0.0,14.9,100.0,0.0
2015-12-09,,,,,,,,,,,,,0.1,16.5,100.0,0.1
2015-12-10,,,,,,,,,,,,,0.1,19.2,100.0,0.1
2015-12-11,,,,0.1,2.5,83.2,,,,,,,0.1,18.6,100.0,0.1
2015-12-12,,,,,,,,,,,,,0.1,16.7,100.0,0.1
2015-12-13,,,,,,,,,,,,,0.1,15.4,100.0,0.1
2015-12-14,7.9,8.9,99.0,,,,,,,,,,0.0,16.9,100.0,0.0
2015-12-15,,,,,,,,,,,,,0.0,16.5,100.0,0.0
2015-12-16,,,,,,,,,,,,,0.0,15.4,100.0,0.0
2015-12-17,,,,,,,,,,,,,0.0,12.9,100.0,0.0
2015-12-18,6.1,7.1,98.7,,,,,,,,,,0.0,13.2,100.0,0.0
2015-12-19,,,,,,,,,,,,,0.0,13.9,100.0,0.0
2015-12-20,,,,,,,,,,,,,0.0,14.3,100.0,0.0
2015-12-21,,,,,,,,,,,,,0.0,14.4,100.0,0.0
2015-12-22,,,,,,,,,,,,,0.0,15.5,100.0,0.0
2015-12-23,,,,,,,,,,,,,0.0,14.0,100.0,0.0
2015-12-24,,,,,,,,,,,,,0.0,14.3,100.0,0.0
2015-12-25,,,,,,,,,,,,,0.0,12.5,100.0,0.0
2015-12-26,7.8,8.6,99.1,,,,,,,,,,0.0,13.1,100.0,0.0
2015-12-27,,,,,,,,,,,,,0.0,12.6,100.0,0.0
2015-12-28,,,,,,,,,,,,,0.0,12.7,100.0,0.0
2015-12-29,,,,,,,,,,,,,0.0,13.1,100.0,0.0
2015-12-30,5.5,6.4,98.6,,,,,,,,,,0.1,14.7,100.0,0.1
2015-12-31,,,,0.3,3.2,99.9,0.0,7.8,81.9,,,,0.1,15.5,100.0,0.1
2016-01-01,,,,,,,,,,,,,0.1,19.7,100.0,0.1
2016-01-02,,,,,,,,,,,,,0.1,20.5,100.0,0.1
2016-01-03,,,,,,,,,,,,,1.4,24.0,100.0,1.4
2016-01-04,,,,,,,,,,,,,0.7,24.6,100.0,0.7
2016-01-05,,,,,,,,,,,,,3.1,27.4,100.0,3.1
2016-01-06,,,,,,,,,,,,,1.9,27.4,100.0,1.9
2016-01-07,6.8,8.4,99.3,,,,,,,,,,3.2,30.4,100.0,3.2
2016-01-08,,,,,,,,,,,,,1.2,35.0,100.0,1.2
2016-01-09,,,,,,,,,,,,,2.4,39.0,100.0,2.4
2016-01-10,,,,,,,,,,,,,1.1,39.3,100.0,1.1
2016-01-11,4.9,5.9,99.3,,,,,,,,,,1.1,42.7,100.0,1.1
2016-01-12,,,,,,,,,,,,,0.3,46.6,100.0,0.3
2016-01-13,,,,,,,,,,,,,14.9,51.0,100.0,14.9
2016-01-14,,,,,,,,,,,,,14.5,50.8,100.0,14.5
2016-01-15,,,,,,,,,,,,,15.3,55.3,100.0,15.3
2016-01-16,,,,,,,,,,,,,64.0,58.8,100.0,64.0
2016-01-17,,,,,,,,,,,,,75.6,60.8,100.0,75.6
2016-01-18,,,,,,,,,,,,,72.5,60.4,100.0,72.5
2016-01-19,6.6,7.4,99.6,,,,,,,,,,87.3,63.4,100.0,87.3
2016-01-20,,,,,,,,,,,,,89.3,64.5,100.0,89.3
2016-01-21,,,,,,,,,,,,,100.0,66.2,100.0,100.0
2016-01-22,,,,,,,,,,,,,99.7,66.6,100.0,99.7
2016-01-23,5.8,6.4,99.5,,,,,,,,,,100.0,67.4,100.0,100.0
2016-01-24,,,,,,,,,,,,,100.0,69.4,100.0,100.0
2016-01-25,,,,,,,,,,,,,100.0,70.2,100.0,100.0
2016-01-26,,,,,,,,,,,,,100.0,69.3,100.0,100.0
2016-01-27,,,,,,,,,,,,,100.0,70.1,100.0,100.0
2016-01-28,,,,,,,,,,,,,100.0,68.3,100.0,100.0
2016-01-29,,,,,,,,,,,,,100.0,67.7,100.0,100.0
2016-01-30,,,,,,,,,,,,,96.2,64.5,100.0,96.2
2016-01-31,7.5,8.3,99.5,,,,,,,,,,98.5,65.0,100.0,98.5
2016-02-01,,,,,,,,,,,,,92.0,63.7,100.0,92.0
2016-02-02,,,,,,,,,,,,,96.4,64.1,100.0,96.4
2016-02-03,,,,,,,,,,,,,80.7,63.0,100.0,80.7
2016-02-04,6.2,6.8,99.5,,,,,,,,,,99.6,65.3,100.0,99.6
2016-02-05,,,,,,,,,,,,,100.0,66.0,100.0,100.0
2016-02-06,,,,,,,,,,,,,99.9,68.0,100.0,99.9
2016-02-07,,,,,,,,,,,,,100.0,67.1,100.0,100.0
2016-02-08,,,,,,,,,,,,,100.0,68.5,100.0,100.0
2016-02-09,,,,,,,,,,,,,100.0,67.4,100.0,100.0
2016-02-10,,,,,,,,,,,,,100.0,67.7,100.0,100.0
2016-02-11,,,,,,,,,,,,,98.1,65.0,100.0,98.1
2016-02-12,8.4,9.8,99.5,,,,,,,,,,95.7,65.4,100.0,95.7
2016-02-13,,,,,,,,,,,,,96.3,66.0,100.0,96.3
2016-02-14,,,,,,,,,,,,,96.7,67.2,100.0,96.7
2016-02-15,,,,,,,,,,,,,92.7,65.8,100.0,92.7
2016-02-16,7.8,8.6,99.3,,,,,,,,,,92.8,66.6,100.0,92.8
2016-02-17,,,,,,,,,,,,,92.8,66.9,100.0,92.8
2016-02-18,,,,,,,,,,,,,91.7,67.5,100.0,91.7
2016-02-19,,,,,,,,,,,,,90.5,66.9,100.0,90.5
2016-02-20,,,,,,,,,,,,,89.5,67.5,100.0,89.5
2016-02-21,,,,,,,,,,,,,86.9,64.4,100.0,86.9
2016-02-22,,,,,,,,,,,,,78.6,61.6,100.0,78.6
2016-02-23,,,,,,,,,,,,,69.7,59.8,100.0,69.7
2016-02-24,10.0,11.9,99.5,,,,,,,,,,66.6,59.5,100.0,66.6
2016-02-25,,,,,,,,,,,,,63.6,58.4,100.0,63.6
2016-02-26,,,,,,,9.9,28.1,50.9,,,,56.8,56.3,100.0,56.8
2016-02-27,,,,,,,,,,,,,50.1,55.1,100.0,50.1
2016-02-28,8.7,9.6,99.4,,,,,,,,,,25.3,50.2,100.0,25.3
2016-02-29,,,,,,,,,,,,,45.7,54.2,100.0,45.7
2016-03-01,,,,,,,,,,,,,34.0,51.8,100.0,34.0
2016-03-02,,,,,,,,,,,,,16.2,47.0,100.0,16.2
2016-03-03,,,,,,,,,,,,,9.7,44.6,100.0,9.7
2016-03-04,,,,,,,52.8,44.6,93.5,,,,9.9,44.3,100.0,9.9
2016-03-05,,,,,,,,,,,,,5.1,37.1,100.0,5.1
2016-03-06,,,,,,,,,,,,,0.4,27.5,100.0,0.4
2016-03-07,10.3,12.1,99.5,,,,,,,,,,0.4,25.4,100.0,0.4
2016-03-08,,,,,,,,,,,,,0.3,28.6,100.0,0.3
2016-03-09,,,,,,,,,,,,,0.3,24.5,100.0,0.3
2016-03-10,,,,0.0,2.1,99.8,,,,,,,0.1,19.1,100.0,0.1
2016-03-11,9.8,11.8,99.3,,,,,,,,,,0.0,17.5,100.0,0.0
2016-03-12,,,,,,,,,,,,,0.0,17.7,100.0,0.0
2016-03-13,,,,,,,,,,,,,0.0,15.5,100.0,0.0
2016-03-14,,,,,,,,,,,,,0.0,12.0,100.0,0.0
2016-03-15,,,,,,,,,,,,,0.0,11.0,100.0,0.0
2016-03-16,,,,,,,,,,,,,0.0,10.6,100.0,0.0
2016-03-17,,,,,,,,,,,,,0.0,9.3,100.0,0.0
2016-03-18,,,,,,,,,,,,,0.0,8.3,100.0,0.0
2016-03-19,13.2,19.0,99.4,,,,,,,,,,0.0,7.6,100.0,0.0
2016-03-20,,,,0.0,1.3,100.0,0.9,4.7,100.0,,,,0.0,7.1,100.0,0.0
2016-03-21,,,,,,,,,,,,,0.0,6.3,100.0,0.0
2016-03-22,,,,,,,,,,,,,0.0,5.8,100.0,0.0
2016-03-23,13.7,20.4,99.3,,,,,,,,,,0.0,5.3,100.0,0.0
2016-03-24,,,,,,,,,,,,,0.0,5.4,100.0,0.0
2016-03-25,,,,,,,,,,,,,0.0,4.9,100.0,0.0
2016-03-26,,,,,,,,,,,,,0.0,4.1,100.0,0.0
2016-03-27,,,,,,,,,,,,,0.0,3.7,100.0,0.0
2016-03-28,,,,,,,,,,,,,0.0,4.4,100.0,0.0
2016-03-29,,,,,,,1.5,2.2,79.2,,,,0.0,4.5,100.0,0.0
2016-03-30,,,,,,,,,,,,,0.0,4.5,100.0,0.0
2016-03-31,20.6,32.7,99.5,,,,,,,,,,0.0,4.3,100.0,0.0
2016-04-01,,,,,,,,,,,,,0.0,4.6,100.0,0.0
2016-04-02,,,,,,,,,,,,,0.0,4.5,100.0,0.0
2016-04-03,,,,,,,,,,,,,0.0,5.0,100.0,0.0
2016-04-04,20.8,33.5,98.9,,,,,,,,,,0.0,4.6,100.0,0.0
2016-04-05,,,,,,,,,,,,,0.0,7.0,100.0,0.0
2016-04-06,,,,,,,,,,,,,0.0,7.6,100.0,0.0
2016-04-07,,,,,,,,,,,,,0.0,8.1,100.0,0.0
2016-04-08,,,,,,,,,,,,,0.0,8.0,100.0,0.0
2016-04-09,,,,,,,,,,,,,0.0,9.5,100.0,0.0
2016-04-10,,,,,,,,,,,,,0.0,8.5,100.0,0.0
2016-04-11,,,,,,,,,,,,,0.0,8.9,100.0,0.0
2016-04-12,80.3,57.2,99.1,,,,,,,,,,0.0,7.8,100.0,0.0
2016-04-13,,,,,,,,,,,,,0.0,7.7,100.0,0.0
2016-04-14,,,,,,,,,,,,,0.0,6.2,100.0,0.0
2016-04-15,,,,,,,,,,,,,0.0,3.9,100.0,0.0
2016-04-16,68.8,51.2,94.1,,,,,,,,,,0.0,2.9,100.0,0.0
2016-04-17,,,,,,,,,,,,,0.0,2.7,100.0,0.0
2016-04-18,,,,,,,,,,,,,0.0,2.4,100.0,0.0
2016-04-19,,,,,,,,,,,,,0.0,2.4,100.0,0.0
2016-04-20,,,,,,,,,,,,,0.0,2.3,100.0,0.0
2016-04-21,,,,,,,0.5,0.6,100.0,,,,0.0,2.2,100.0,0.0
2016-04-22,,,,,,,,,,,,,0.0,2.3,100.0,0.0
2016-04-23,,,,,,,,,,,,,0.0,1.9,100.0,0.0
2016-04-24,94.4,68.6,99.1,,,,,,,,,,0.0,2.3,100.0,0.0
2016-04-25,,,,,,,,,,,,,0.0,2.6,100.0,0.0
2016-04-26,,,,,,,,,,,,,0.0,2.7,100.0,0.0
2016-04-27,,,,,,,,,,,,,0.0,2.3,100.0,0.0
2016-04-28,64.0,50.4,99.1,,,,,,,,,,0.0,2.4,100.0,0.0
2016-04-29,,,,0.0,0.9,100.0,,,,,,,0.0,2.0,100.0,0.0
2016-04-30,,,,,,,0.3,0.4,100.0,,,,0.0,1.6,100.0,0.0
2016-05-01,,,,,,,,,,,,,0.0,1.3,100.0,0.0
2016-05-02,,,,,,,,,,,,,0.0,1.1,100.0,0.0
2016-05-03,,,,,,,,,,,,,0.0,0.9,100.0,0.0
2016-05-04,,,,,,,,,,,,,0.0,0.8,100.0,0.0
2016-05-05,,,,,,,,,,,,,0.0,0.6,100.0,0.0
2016-05-06,75.5,55.5,99.0,,,,,,,,,,0.0,0.7,100.0,0.0
2016-05-07,,,,,,,0.1,0.2,100.0,,,,0.0,0.6,100.0,0.0
2016-05-08,,,,,,,,,,,,,0.0,0.6,100.0,0.0
2016-05-09,,,,0.0,1.4,44.2,,,,,,,0.0,0.6,100.0,0.0
2016-05-10,58.4,47.9,98.9,,,,,,,,,,0.0,0.6,100.0,0.0
2016-05-11,,,,,,,,,,,,,0.0,0.7,100.0,0.0
2016-05-12,,,,,,,,,,,,,0.0,0.8,100.0,0.0
2016-05-13,,,,,,,,,,,,,0.0,1.0,100.0,0.0
2016-05-14,,,,,,,,,,,,,0.0,1.4,100.0,0.0
2016-05-15,,,,,,,,,,,,,0.0,3.1,100.0,0.0
2016-05-16,,,,,,,,,,,,,0.0,4.0,100.0,0.0
2016-05-17,,,,,,,,,,,,,0.0,5.4,100.0,0.0
2016-05-18,98.4,72.3,98.8,,,,,,,,,,0.0,5.8,100.0,0.0
2016-05-19,,,,,,,,,,,,,0.0,6.0,100.0,0.0
2016-05-20,,,,,,,,,,,,,0.0,5.1,100.0,0.0
2016-05-21,,,,,,,,,,,,,0.0,5.2,100.0,0.0
2016-05-22,94.2,62.6,98.8,,,,,,,,,,0.0,4.1,100.0,0.0
2016-05-23,,,,,,,,,,,,,0.0,5.5,100.0,0.0
2016-05-24,,,,,,,,,,,,,0.0,4.7,100.0,0.0
2016-05-25,,,,,,,,,,,,,0.0,5.4,100.0,0.0
2016-05-26,,,,,,,,,,,,,0.0,4.0,100.0,0.0
2016-05-27,,,,,,,,,,,,,0.0,3.7,100.0,0.0
2016-05-28,,,,,,,,,,,,,0.0,3.1,100.0,0.0
2016-05-29,,,,,,,,,,,,,0.0,3.6,100.0,0.0
2016-05-30,95.4,63.1,98.9,,,,,,,,,,0.0,3.5,100.0,0.0
2016-05-31,,,,,,,,,,,,,0.0,3.8,100.0,0.0
2016-06-01,,,,,,,,,,,,,0.0,3.4,100.0,0.0
2016-06-02,,,,,,,,,,,,,0.0,4.3,100.0,0.0
2016-06-03,89.3,58.4,99.0,,,,,,,,,,0.0,4.0,100.0,0.0
2016-06-04,,,,,,,,,,,,,0.0,3.7,100.0,0.0
2016-06-05,,,,,,,,,,,,,0.0,3.6,100.0,0.0
2016-06-06,,,,,,,,,,,,,0.0,4.5,100.0,0.0
2016-06-07,,,,,,,,,,,,,0.0,4.2,100.0,0.0
2016-06-08,,,,,,,,,,,,,0.0,5.2,100.0,0.0
2016-06-09,,,,,,,,,,,,,0.0,5.3,100.0,0.0
2016-06-10,,,,,,,,,,,,,0.0,3.8,100.0,0.0
2016-06-11,94.9,62.6,98.8,,,,,,,,,,0.0,3.8,100.0,0.0
2016-06-12,,,,,,,,,,,,,0.0,3.0,100.0,0.0
2016-06-13,,,,,,,,,,,,,0.0,2.8,100.0,0.0
2016-06-14,,,,,,,,,,,,,0.0,2.2,100.0,0.0
2016-06-15,97.7,68.7,98.6,,,,,,,,,,0.0,2.0,100.0,0.0
2016-06-16,,,,,,,,,,,,,0.0,1.4,100.0,0.0
2016-06-17,,,,,,,,,,,,,0.0,1.0,100.0,0.0
2016-06-18,,,,0.0,0.3,80.8,,,,,,,0.0,0.4,100.0,0.0
2016-06-19,,,,,,,,,,,,,0.0,0.3,100.0,0.0
2016-06-20,,,,,,,,,,,,,0.0,0.2,100.0,0.0
2016-06-21,,,,,,,,,,,,,0.0,0.1,100.0,0.0
2016-06-22,,,,,,,,,,,,,0.0,0.1,100.0,0.0
2016-06-23,,,,,,,,,,,,,0.0,0.1,100.0,0.0
2016-06-24,,,,,,,0.0,0.0,100.0,,,,0.0,0.1,100.0,0.0
2016-06-25,,,,,,,,,,,,,0.0,0.0,100.0,0.0
2016-06-26,,,,,,,,,,,,,0.0,0.0,100.0,0.0
2016-06-27,,,,,,,,,,,,,0.0,0.0,100.0,0.0
2016-06-28,,,,,,,,,,,,,0.0,0.1,100.0,0.0
2016-06-29,,,,,,,,,,,,,0.0,0.1,100.0,0.0
2016-06-30,,,,,,,,,,,,,0.0,0.1,100.0,0.0
2016-07-01,,,,,,,,,,,,,0.0,0.1,100.0,0.0
2016-07-02,,,,,,,,,,,,,0.0,0.1,100.0,0.0
2016-07-03,,,,,,,,,,,,,0.0,0.1,100.0,0.0
2016-07-04,,,,,,,,,,,,,0.0,0.1,100.0,0.0
2016-07-05,,,,,,,,,,,,,0.0,0.1,100.0,0.0
2016-07-06,,,,,,,,,,,,,0.0,0.1,100.0,0.0
2016-07-07,,,,,,,,,,,,,0.0,0.1,100.0,0.0
2016-07-08,,,,,,,,,,,,,0.0,0.0,100.0,0.0
2016-07-09,83.8,55.8,99.0,,,,,,,,,,0.0,0.0,100.0,0.0
2016-07-10,,,,,,,0.0,0.0,100.0,,,,0.0,0.0,100.0,0.0
2016-07-11,,,,,,,,,,,,,0.0,0.0,100.0,0.0
2016-07-12,,,,,,,,,,,,,0.0,0.0,100.0,0.0
2016-07-13,,,,,,,,,,,,,0.0,0.0,100.0,0.0
2016-07-14,,,,,,,,,,,,,0.0,0.1,100.0,0.0
2016-07-15,,,,,,,,,,,,,0.0,0.1,100.0,0.0
2016-07-16,,,,,,,,,,,,,0.0,0.1,100.0,0.0
2016-07-17,90.5,61.4,99.1,,,,,,,,,,0.0,0.1,100.0,0.0
2016-07-18,,,,,,,,,,,,,0.0,0.3,100.0,0.0
2016-07-19,,,,,,,,,,,,,0.0,0.3,100.0,0.0
2016-07-20,,,,,,,,,,,,,0.0,0.3,100.0,0.0
2016-07-21,,,,,,,,,,,,,0.0,0.3,100.0,0.0
2016-07-22,,,,,,,,,,,,,0.0,0.4,100.0,0.0
2016-07-23,,,,,,,,,,,,,0.0,0.4,100.0,0.0
2016-07-24,,,,,,,,,,,,,0.0,0.2,100.0,0.0
2016-07-25,,,,,,,,,,,,,0.0,0.2,100.0,0.0
2016-07-26,,,,,,,0.0,0.0,68.7,,,,0.0,0.3,100.0,0.0
2016-07-27,,,,,,,,,,,,,0.0,0.3,100.0,0.0
2016-07-28,,,,,,,,,,,,,0.0,0.2,100.0,0.0
2016-07-29,,,,,,,,,,,,,0.0,0.2,100.0,0.0
2016-07-30,,,,,,,,,,,,,0.0,0.2,100.0,0.0
2016-07-31,,,,,,,,,,,,,0.0,0.2,100.0,0.0
2016-08-01,,,,,,,,,,,,,0.0,0.1,100.0,0.0
2016-08-02,57.2,46.8,98.8,,,,,,,,,,0.0,0.2,100.0,0.0
2016-08-03,,,,,,,,,,,,,0.0,0.1,100.0,0.0
2016-08-04,,,,,,,,,,,,,0.0,0.2,100.0,0.0
2016-08-05,,,,,,,,,,,,,0.0,0.1,100.0,0.0
2016-08-06,,,,,,,,,,,,,0.0,0.2,100.0,0.0
2016-08-07,,,,0.0,0.1,100.0,,,,,,,0.0,0.2,100.0,0.0
2016-08-08,,,,,,,,,,,,,0.0,0.2,100.0,0.0
2016-08-09,,,,,,,,,,,,,0.0,0.2,100.0,0.0
2016-08-10,90.7,61.5,98.9,,,,,,,,,,0.0,0.2,100.0,0.0
2016-08-11,,,,,,,,,,,,,0.0,0.3,100.0,0.0
2016-08-12,,,,,,,,,,,,,0.0,0.4,100.0,0.0
2016-08-13,,,,,,,,,,,,,0.0,0.2,100.0,0.0
2016-08-14,40.5,41.7,99.0,,,,,,,,,,0.0,0.2,100.0,0.0
2016-08-15,,,,,,,,,,,,,0.0,0.2,100.0,0.0
2016-08-16,,,,,,,,,,,,,0.0,0.3,100.0,0.0
2016-08-17,,,,,,,,,,,,,0.0,0.2,100.0,0.0
2016-08-18,,,,,,,,,,,,,0.0,0.2,100.0,0.0
2016-08-19,,,,,,,,,,,,,0.0,0.2,100.0,0.0
2016-08-20,,,,,,,,,,,,,0.0,0.2,100.0,0.0
2016-08-21,,,,,,,,,,,,,0.0,0.1,100.0,0.0
2016-08-22,47.5,43.4,99.1,,,,,,,,,,0.0,0.1,100.0,0.0
2016-08-23,,,,,,,,,,,,,0.0,0.1,100.0,0.0
2016-08-24,,,,,,,,,,,,,0.0,0.0,100.0,0.0
2016-08-25,,,,,,,,,,,,,0.0,0.0,100.0,0.0
2016-08-26,15.4,26.5,98.8,,,,,,,,,,0.0,0.0,100.0,0.0
2016-08-27,,,,0.0,0.9,100.0,0.0,0.0,100.0,,,,0.0,0.0,100.0,0.0
2016-08-28,,,,,,,,,,,,,0.0,0.0,100.0,0.0
2016-08-29,,,,,,,,,,,,,0.0,0.0,100.0,0.0
2016-08-30,,,,,,,,,,,,,0.0,0.0,100.0,0.0
2016-08-31,,,,,,,,,,,,,0.0,0.0,100.0,0.0
2016-09-01,,,,,,,,,,,,,0.0,0.0,100.0,0.0
2016-09-02,,,,,,,,,,,,,0.0,0.0,100.0,0.0
2016-09-03,30.7,36.3,99.0,,,,,,,,,,0.0,0.0,100.0,0.0
2016-09-04,,,,,,,,,,,,,0.0,0.0,100.0,0.0
2016-09-05,,,,,,,,,,,,,0.0,0.1,100.0,0.0
2016-09-06,,,,,,,,,,,,,0.0,0.0,100.0,0.0
2016-09-07,12.3,21.1,98.7,,,,,,,,,,0.0,0.1,100.0,0.0
2016-09-08,,,,,,,,,,,,,0.0,0.0,100.0,0.0
2016-09-09,,,,,,,,,,,,,0.0,0.0,100.0,0.0
2016-09-10,,,,,,,,,,,,,0.0,0.0,100.0,0.0
2016-09-11,,,,,,,,,,,,,0.0,0.0,100.0,0.0
2016-09-12,,,,,,,0.0,0.0,100.0,,,,0.0,0.0,100.0,0.0
2016-09-13,,,,,,,,,,,,,0.0,0.0,100.0,0.0
2016-09-14,,,,,,,,,,,,,0.0,0.0,100.0,0.0
2016-09-15,16.1,25.3,98.9,,,,,,,,,,0.0,0.0,100.0,0.0
2016-09-16,,,,,,,,,,,,,0.0,0.0,100.0,0.0
2016-09-17,,,,,,,,,,,,,0.0,0.0,100.0,0.0
2016-09-18,,,,,,,,,,,,,0.0,0.1,100.0,0.0
2016-09-19,10.2,14.5,98.9,,,,,,,,,,0.0,0.1,100.0,0.0
2016-09-20,,,,,,,,,,,,,0.0,0.1,100.0,0.0
2016-09-21,,,,,,,,,,,,,0.0,0.2,100.0,0.0
2016-09-22,,,,,,,,,,,,,0.0,0.2,100.0,0.0
2016-09-23,,,,,,,,,,,,,0.0,0.3,100.0,0.0
2016-09-24,,,,,,,,,,,,,0.0,0.3,100.0,0.0
2016-09-25,,,,,,,,,,,,,0.0,0.3,100.0,0.0
2016-09-26,,,,,,,,,,,,,0.0,0.3,100.0,0.0
2016-09-27,10.6,14.7,98.8,,,,,,,,,,0.0,0.4,100.0,0.0
2016-09-28,,,,,,,,,,,,,0.0,0.6,100.0,0.0
2016-09-29,,,,,,,,,,,,,0.0,0.7,100.0,0.0
2016-09-30,,,,,,,,,,,,,0.0,0.7,100.0,0.0
2016-10-01,9.3,12.2,98.7,,,,,,,,,,0.0,0.8,100.0,0.0
2016-10-02,,,,,,,,,,,,,0.0,0.8,100.0,0.0
2016-10-03,,,,,,,,,,,,,0.0,1.0,100.0,0.0
2016-10-04,,,,,,,,,,,,,0.0,1.2,100.0,0.0
2016-10-05,,,,,,,,,,,,,0.0,1.4,100.0,0.0
2016-10-06,,,,,,,,,,,,,0.0,1.5,100.0,0.0
2016-10-07,10.1,13.8,98.5,,,,,,,,,,0.0,1.7,100.0,0.0
2016-10-08,,,,,,,,,,,,,0.0,1.8,100.0,0.0
2016-10-09,10.3,13.1,98.7,,,,,,,,,,0.0,1.6,100.0,0.0
2016-10-10,,,,,,,,,,,,,0.0,1.4,100.0,0.0
2016-10-11,,,,,,,,,,,,,0.0,1.4,100.0,0.0
2016-10-12,,,,,,,,,,,,,0.0,1.4,100.0,0.0
2016-10-13,9.8,12.2,98.7,,,,,,,,,,0.0,1.3,100.0,0.0
2016-10-14,,,,,,,,,,,,,0.0,1.2,100.0,0.0
2016-10-15,,,,,,,,,,,,,0.0,1.0,100.0,0.0
2016-10-16,,,,0.0,1.1,100.0,,,,,,,0.0,0.9,100.0,0.0
2016-10-17,,,,,,,,,,,,,0.0,0.7,100.0,0.0
2016-10-18,,,,,,,,,,,,,0.0,0.8,100.0,0.0
2016-10-19,10.2,12.2,98.8,,,,,,,,,,0.0,0.7,100.0,0.0
2016-10-20,,,,,,,,,,,,,0.0,0.7,100.0,0.0
2016-10-21,9.4,11.8,98.8,,,,,,,,,,0.0,0.6,100.0,0.0
2016-10-22,,,,,,,,,,,,,0.0,0.8,100.0,0.0
2016-10-23,,,,,,,0.0,0.1,65.9,,,,0.0,0.7,100.0,0.0
2016-10-24,,,,,,,,,,,,,0.0,0.8,100.0,0.0
2016-10-25,9.9,12.1,99.1,,,,,,,,,,0.0,0.8,100.0,0.0
2016-10-26,,,,,,,,,,,,,0.0,0.9,100.0,0.0
2016-10-27,,,,,,,,,,,,,0.0,0.9,100.0,0.0
2016-10-28,,,,,,,,,,,,,0.0,1.1,100.0,0.0
2016-10-29,,,,,,,,,,,,,0.0,1.0,100.0,0.0
2016-10-30,,,,,,,,,,,,,0.0,1.4,100.0,0.0
2016-10-31,9.9,12.1,98.8,,,,,,,,,,0.0,1.5,100.0,0.0
2016-11-01,,,,,,,,,,,,,0.0,2.0,100.0,0.0
2016-11-02,9.4,11.9,98.9,,,,,,,,,,0.0,1.8,100.0,0.0
2016-11-03,,,,,,,,,,,,,0.0,2.3,100.0,0.0
2016-11-04,,,,,,,,,,,,,0.0,2.5,100.0,0.0
2016-11-05,,,,,,,,,,,,,0.0,3.1,100.0,0.0
2016-11-06,10.0,11.6,99.0,,,,,,,,,,0.0,3.2,100.0,0.0
2016-11-07,,,,,,,,,,,,,0.0,4.0,100.0,0.0
2016-11-08,,,,,,,,,,,,,0.0,5.4,100.0,0.0
2016-11-09,,,,,,,,,,,,,0.0,5.5,100.0,0.0
2016-11-10,,,,,,,,,,,,,0.0,5.7,100.0,0.0
2016-11-11,,,,,,,,,,,,,0.0,5.4,100.0,0.0
2016-11-12,9.1,10.3,99.0,,,,,,,,,,0.0,6.3,100.0,0.0
2016-11-13,,,,,,,,,,,,,0.0,5.7,100.0,0.0
2016-11-14,8.5,9.9,98.9,,,,,,,,,,0.0,5.8,100.0,0.0
2016-11-15,,,,0.4,11.3,65.8,30.4,33.7,60.9,,,,0.0,5.1,100.0,0.0
2016-11-16,,,,,,,,,,,,,0.0,5.2,100.0,0.0
2016-11-17,,,,,,,,,,,,,0.0,4.2,100.0,0.0
2016-11-18,7.8,8.9,98.9,,,,,,,,,,0.0,3.9,100.0,0.0
2016-11-19,,,,,,,,,,,,,0.0,3.6,100.0,0.0
2016-11-20,,,,,,,,,,,,,0.0,3.8,100.0,0.0
2016-11-21,,,,,,,,,,,,,0.0,3.6,100.0,0.0
2016-11-22,,,,,,,,,,,,,0.0,3.6,100.0,0.0
2016-11-23,,,,,,,,,,,,,0.0,4.0,100.0,0.0
2016-11-24,9.1,10.3,99.0,,,,,,,,,,0.0,5.1,100.0,0.0
2016-11-25,,,,,,,,,,,,,0.0,6.0,100.0,0.0
2016-11-26,7.4,8.5,98.9,,,,,,,,,,0.0,7.5,100.0,0.0
2016-11-27,,,,,,,,,,,,,0.0,8.7,100.0,0.0
2016-11-28,,,,,,,,,,,,,0.0,11.3,100.0,0.0
2016-11-29,,,,,,,,,,,,,0.0,13.3,100.0,0.0
2016-11-30,7.8,9.1,99.0,,,,,,,,,,0.1,15.4,100.0,0.1
2016-12-01,,,,,,,,,,,,,2.1,18.6,100.0,2.1
2016-12-02,,,,,,,,,,,,,4.2,21.1,100.0,4.2
2016-12-03,,,,,,,,,,,,,5.2,24.2,100.0,5.2
2016-12-04,,,,,,,,,,,,,6.3,27.3,100.0,6.3
2016-12-05,,,,2.5,24.8,100.0,,,,,,,8.3,36.0,100.0,8.3
2016-12-06,8.4,9.7,99.1,,,,,,,,,,8.3,36.5,100.0,8.3
2016-12-07,,,,,,,,,,,,,6.9,39.6,100.0,6.9
2016-12-08,8.4,9.8,99.0,,,,,,,,,,6.2,36.8,100.0,6.2
2016-12-09,,,,,,,,,,,,,6.4,46.1,100.0,6.4
2016-12-10,,,,,,,,,,,,,6.8,49.3,100.0,6.8
2016-12-11,,,,,,,,,,,,,33.8,55.4,100.0,33.8
2016-12-12,8.4,9.9,99.0,,,,,,,,,,45.6,56.3,100.0,45.6
2016-12-13,,,,,,,,,,,,,85.5,67.3,100.0,85.5
2016-12-14,,,,,,,,,,,,,91.0,73.0,100.0,91.0
2016-12-15,,,,97.6,96.4,99.0,,,,,,,93.4,79.8,100.0,93.4
2016-12-16,,,,,,,,,,,,,92.9,77.7,100.0,92.9
2016-12-17,,,,,,,,,,,,,93.8,80.5,100.0,93.8
2016-12-18,11.8,17.2,98.9,,,,,,,,,,94.9,83.2,100.0,94.9
2016-12-19,,,,,,,,,,,,,94.5,83.9,100.0,94.5
2016-12-20,13.7,21.8,98.9,,,,,,,,,,93.8,82.9,100.0,93.8
2016-12-21,,,,,,,,,,,,,94.6,85.3,100.0,94.6
2016-12-22,,,,,,,,,,,,,95.2,86.7,100.0,95.2
2016-12-23,,,,,,,,,,,,,95.0,85.6,100.0,95.0
2016-12-24,28.1,35.8,99.0,,,,,,,,,,95.2,85.2,100.0,95.2
2016-12-25,,,,,,,,,,,,,95.5,84.7,100.0,95.5
2016-12-26,,,,,,,,,,,,,95.6,84.1,100.0,95.6
2016-12-27,,,,,,,,,,,,,95.4,82.8,100.0,95.4
2016-12-28,,,,,,,,,,,,,93.9,79.8,100.0,93.9
2016-12-29,,,,,,,,,,,,,95.5,79.8,100.0,95.5
2016-12-30,26.7,36.2,99.0,,,,,,,,,,96.2,78.3,100.0,96.2
2016-12-31,,,,,,,,,,,,,97.9,75.1,100.0,97.9
2017-01-01,98.3,69.4,99.5,,,,,,,,,,97.9,72.7,100.0,97.9
2017-01-02,,,,,,,,,,,,,99.6,75.4,100.0,99.6
2017-01-03,,,,,,,,,,,,,99.8,76.5,100.0,99.8
2017-01-04,,,,,,,,,,,,,100.0,82.9,100.0,100.0
2017-01-05,100.0,87.8,99.4,,,,,,,,,,99.9,82.5,100.0,99.9
2017-01-06,,,,,,,,,,,,,100.0,83.9,100.0,100.0
2017-01-07,,,,,,,,,,,,,100.0,87.0,100.0,100.0
2017-01-08,,,,,,,,,,,,,100.0,90.0,100.0,100.0
2017-01-09,,,,,,,,,,,,,100.0,91.3,100.0,100.0
2017-01-10,,,,,,,,,,,,,100.0,96.0,100.0,100.0
2017-01-11,100.0,93.3,99.6,,,,,,,,,,100.0,97.3,100.0,100.0
2017-01-12,,,,,,,,,,,,,100.0,98.1,100.0,100.0
2017-01-13,100.0,95.8,99.9,,,,,,,,,,100.0,98.4,100.0,100.0
2017-01-14,,,,,,,,,,,,,100.0,98.6,100.0,100.0
2017-01-15,,,,,,,,,,,,,100.0,99.1,100.0,100.0
2017-01-16,,,,,,,,,,,,,100.0,99.3,100.0,100.0
2017-01-17,,,,,,,,,,,,,100.0,99.2,100.0,100.0
2017-01-18,,,,,,,100.0,100.0,100.0,,,,100.0,99.6,100.0,100.0
2017-01-19,,,,,,,,,,,,,100.0,99.6,100.0,100.0
2017-01-20,,,,,,,,,,,,,100.0,99.8,100.0,100.0
2017-01-21,,,,,,,,,,,,,100.0,99.8,100.0,100.0
2017-01-22,,,,,,,,,,,,,100.0,99.7,100.0,100.0
2017-01-23,100.0,97.5,99.4,,,,,,,,,,100.0,99.8,100.0,100.0
2017-01-24,,,,100.0,99.8,100.0,,,,,,,100.0,99.8,100.0,100.0
2017-01-25,100.0,98.2,99.9,,,,,,,,,,100.0,99.8,100.0,100.0
2017-01-26,,,,,,,,,,,,,100.0,99.8,100.0,100.0
2017-01-27,,,,,,,100.0,100.0,69.7,,,,100.0,99.8,100.0,100.0
2017-01-28,,,,,,,,,,,,,100.0,99.7,100.0,100.0
2017-01-29,100.0,97.8,99.4,,,,,,,,,,100.0,99.8,100.0,100.0
2017-01-30,,,,,,,,,,,,,100.0,99.7,100.0,100.0
2017-01-31,,,,,,,,,,,,,100.0,99.7,100.0,100.0
2017-02-01,,,,,,,,,,,,,100.0,99.5,100.0,100.0
2017-02-02,,,,,,,,,,,,,100.0,99.5,100.0,100.0
2017-02-03,,,,,,,,,,,,,100.0,99.0,100.0,100.0
2017-02-04,100.0,99.9,91.2,,,,,,,,,,100.0,99.2,100.0,100.0
2017-02-05,,,,,,,,,,,,,100.0,99.0,100.0,100.0
2017-02-06,100.0,99.9,91.1,,,,,,,,,,100.0,99.0,100.0,100.0
2017-02-07,,,,,,,,,,,,,100.0,98.5,100.0,100.0
2017-02-08,,,,,,,,,,,,,100.0,98.6,100.0,100.0
2017-02-09,,,,,,,,,,,,,100.0,98.1,100.0,100.0
2017-02-10,100.0,100.0,91.2,,,,,,,,,,100.0,98.5,100.0,100.0
2017-02-11,,,,,,,,,,,,,100.0,98.1,100.0,100.0
2017-02-12,,,,,,,,,,,,,100.0,98.4,100.0,100.0
2017-02-13,,,,99.7,95.7,100.0,,,,,,,100.0,98.9,100.0,100.0
2017-02-14,,,,,,,,,,,,,100.0,99.0,100.0,100.0
2017-02-15,,,,,,,,,,,,,100.0,99.0,100.0,100.0
2017-02-16,100.0,99.9,91.0,,,,,,,,,,100.0,99.5,100.0,100.0
2017-02-17,,,,,,,,,,,,,100.0,99.5,100.0,100.0
2017-02-18,100.0,99.9,91.2,,,,,,,,,,100.0,99.6,100.0,100.0
2017-02-19,,,,,,,100.0,100.0,100.0,,,,100.0,99.6,100.0,100.0
2017-02-20,,,,,,,,,,,,,100.0,99.6,100.0,100.0
2017-02-21,,,,,,,,,,,,,100.0,99.6,100.0,100.0
2017-02-22,100.0,99.9,90.8,,,,,,,,,,100.0,99.6,100.0,100.0
2017-02-23,,,,80.6,79.8,100.0,,,,,,,100.0,99.3,100.0,100.0
2017-02-24,,,,,,,,,,,,,100.0,99.0,100.0,100.0
2017-02-25,,,,,,,,,,,,,100.0,98.6,100.0,100.0
2017-02-26,,,,,,,,,,,,,100.0,98.5,100.0,100.0
2017-02-27,,,,,,,,,,,,,99.8,97.2,100.0,99.8
2017-02-28,100.0,99.6,91.1,,,,,,,,,,99.7,96.7,100.0,99.7
2017-03-01,,,,,,,,,,,,,99.3,94.6,100.0,99.3
2017-03-02,100.0,99.3,91.0,,,,,,,,,,99.2,94.6,100.0,99.2
2017-03-03,,,,,,,,,,,,,98.6,90.8,100.0,98.6
2017-03-04,,,,,,,,,,,,,99.1,90.7,100.0,99.1
2017-03-05,,,,,,,,,,,,,97.4,87.2,100.0,97.4
2017-03-06,100.0,94.4,90.9,,,,,,,,,,99.3,89.8,100.0,99.3
2017-03-07,,,,,,,,,,,,,95.6,83.5,100.0,95.6
2017-03-08,100.0,91.6,91.2,,,,,,,,,,97.7,86.4,100.0,97.7
2017-03-09,,,,,,,,,,,,,95.7,81.3,100.0,95.7
2017-03-10,,,,,,,,,,,,,96.6,83.2,100.0,96.6
2017-03-11,,,,,,,,,,,,,94.5,78.2,100.0,94.5
2017-03-12,98.7,72.7,91.0,,,,,,,,,,96.3,80.7,100.0,96.3
2017-03-13,,,,,,,,,,,,,95.1,78.6,100.0,95.1
2017-03-14,88.4,61.8,90.9,,,,,,,,,,95.5,80.4,100.0,95.5
2017-03-15,,,,,,,,,,,,,94.4,78.0,100.0,94.4
2017-03-16,,,,,,,100.0,96.5,93.7,,,,94.1,78.0,100.0,94.1
2017-03-17,,,,,,,,,,,,,90.4,72.1,100.0,90.4
2017-03-18,14.8,22.8,90.9,,,,,,,,,,75.9,64.0,100.0,75.9
2017-03-19,,,,,,,,,,,,,49.1,57.9,100.0,49.1
2017-03-20,14.5,21.4,90.8,,,,,,,,,,24.7,51.2,100.0,24.7
2017-03-21,,,,,,,,,,,,,10.3,41.5,100.0,10.3
2017-03-22,,,,,,,,,,,,,4.1,30.9,100.0,4.1
2017-03-23,,,,,,,,,,,,,0.4,27.8,100.0,0.4
2017-03-24,12.3,15.6,90.8,,,,,,,,,,0.0,20.8,100.0,0.0
2017-03-25,,,,9.0,29.0,100.0,,,,,,,0.0,14.3,100.0,0.0
2017-03-26,18.2,27.3,90.7,,,,,,,,,,0.0,8.0,100.0,0.0
2017-03-27,,,,,,,,,,,,,0.0,6.5,100.0,0.0
2017-03-28,,,,,,,,,,,,,0.0,5.3,100.0,0.0
2017-03-29,,,,,,,,,,,,,0.0,4.7,100.0,0.0
2017-03-30,19.0,27.1,90.6,,,,,,,,,,0.0,4.5,100.0,0.0
2017-03-31,,,,,,,,,,,,,0.0,4.4,100.0,0.0
2017-04-01,29.2,34.8,91.0,,,,2.0,4.1,100.0,,,,0.0,3.9,100.0,0.0
2017-04-02,,,,,,,,,,,,,0.0,3.9,100.0,0.0
2017-04-03,,,,,,,,,,,,,0.0,3.5,100.0,0.0
2017-04-04,,,,,,,,,,,,,0.0,3.9,100.0,0.0
2017-04-05,37.6,39.5,90.7,,,,,,,,,,0.0,4.3,100.0,0.0
2017-04-06,,,,,,,,,,,,,0.0,5.3,100.0,0.0
2017-04-07,54.3,47.1,90.8,,,,,,,,,,0.0,6.2,100.0,0.0
2017-04-08,,,,,,,0.9,1.4,61.5,,,,0.0,6.6,100.0,0.0
2017-04-09,,,,0.0,0.6,100.0,,,,,,,0.0,6.1,100.0,0.0
2017-04-10,,,,,,,,,,,,,0.0,5.1,100.0,0.0
2017-04-11,89.8,65.6,90.6,,,,,,,,,,0.0,5.6,100.0,0.0
2017-04-12,,,,,,,,,,,,,0.0,6.4,100.0,0.0
2017-04-13,,,,,,,,,,,,,0.0,6.6,100.0,0.0
2017-04-14,,,,0.0,0.6,31.8,,,,,,,0.0,5.9,100.0,0.0
2017-04-15,,,,,,,,,,,,,0.0,5.8,100.0,0.0
2017-04-16,,,,,,,,,,,,,0.0,6.6,100.0,0.0
2017-04-17,52.8,45.6,90.6,,,,,,,,,,0.0,7.8,100.0,0.0
2017-04-18,,,,,,,,,,,,,0.0,5.0,100.0,0.0
2017-04-19,78.8,58.8,90.9,,,,,,,,,,0.0,4.7,100.0,0.0
2017-04-20,,,,,,,,,,,,,0.0,4.2,100.0,0.0
2017-04-21,,,,,,,,,,,,,0.0,4.0,100.0,0.0
2017-04-22,,,,,,,,,,,,,0.0,3.5,100.0,0.0
2017-04-23,30.1,35.1,90.6,,,,,,,,,,0.0,3.2,100.0,0.0
2017-04-24,,,,0.0,0.2,100.0,0.9,1.2,100.0,,,,0.0,2.4,100.0,0.0
2017-04-25,60.8,48.6,91.0,,,,3.7,4.1,46.6,,,,0.0,2.3,100.0,0.0
2017-04-26,,,,,,,,,,,,,0.0,1.7,100.0,0.0
2017-04-27,,,,,,,,,,,,,0.0,1.4,100.0,0.0
2017-04-28,,,,,,,,,,,,,0.0,1.5,100.0,0.0
2017-04-29,16.1,28.9,90.7,,,,,,,,,,0.0,1.5,100.0,0.0
2017-04-30,,,,,,,,,,,,,0.0,1.2,100.0,0.0
2017-05-01,45.2,42.9,90.7,,,,,,,,,,0.0,1.1,100.0,0.0
2017-05-02,,,,,,,,,,,,,0.0,1.7,100.0,0.0
2017-05-03,,,,,,,,,,,,,0.0,1.5,100.0,0.0
2017-05-04,,,,,,,,,,,,,0.0,1.1,100.0,0.0
2017-05-05,14.7,23.7,90.6,,,,,,,,,,0.0,0.9,100.0,0.0
2017-05-06,,,,,,,,,,,,,0.0,1.0,100.0,0.0
2017-05-07,30.3,34.8,90.9,,,,,,,,,,0.0,0.8,100.0,0.0
2017-05-08,,,,,,,,,,,,,0.0,0.8,100.0,0.0
2017-05-09,,,,,,,,,,,,,0.0,0.8,100.0,0.0
2017-05-10,,,,,,,0.6,0.8,100.0,,,,0.0,1.2,100.0,0.0
2017-05-11,38.0,36.9,90.7,,,,,,,,,,0.0,1.1,100.0,0.0
2017-05-12,,,,,,,,,,,,,0.0,0.9,100.0,0.0
2017-05-13,65.4,56.5,90.9,,,,,,,,,,0.0,0.8,100.0,0.0
2017-05-14,,,,,,,,,,,,,0.0,1.1,100.0,0.0
2017-05-15,,,,,,,,,,,,,0.0,0.9,100.0,0.0
2017-05-16,,,,,,,,,,,,,0.0,0.8,100.0,0.0
2017-05-17,58.4,52.8,90.6,,,,,,,,,,0.0,0.9,100.0,0.0
2017-05-18,,,,,,,,,,,,,0.0,1.4,100.0,0.0
2017-05-19,84.0,67.0,90.6,,,,,,,,,,0.0,1.4,100.0,0.0
2017-05-20,,,,,,,,,,,,,0.0,0.8,100.0,0.0
2017-05-21,,,,,,,,,,,,,0.0,0.7,100.0,0.0
2017-05-22,,,,,,,,,,,,,0.0,0.7,100.0,0.0
2017-05-23,65.0,56.9,90.8,,,,,,,,,,0.0,0.6,100.0,0.0
2017-05-24,,,,,,,,,,,,,0.0,0.6,100.0,0.0
2017-05-25,94.0,75.7,90.9,,,,,,,,,,0.0,0.6,100.0,0.0
2017-05-26,,,,,,,0.1,0.2,100.0,,,,0.0,0.6,100.0,0.0
2017-05-27,,,,,,,,,,,,,0.0,0.6,100.0,0.0
2017-05-28,,,,,,,,,,,,,0.0,0.4,100.0,0.0
2017-05-29,82.7,65.2,90.9,,,,,,,,,,0.0,0.4,100.0,0.0
2017-05-30,,,,,,,,,,,,,0.0,0.5,100.0,0.0
2017-05-31,95.5,77.1,90.8,,,,,,,,,,0.0,0.6,100.0,0.0
2017-06-01,,,,,,,,,,,,,0.0,0.5,100.0,0.0
2017-06-02,,,,,,,,,,,,,0.0,0.5,100.0,0.0
2017-06-03,,,,0.0,0.2,100.0,,,,,,,0.0,0.7,100.0,0.0
2017-06-04,67.1,55.3,90.9,,,,,,,,,,0.0,0.8,100.0,0.0
2017-06-05,,,,,,,,,,,,,0.0,0.5,100.0,0.0
2017-06-06,91.8,70.3,90.9,,,,,,,,,,0.0,0.4,100.0,0.0
2017-06-07,,,,,,,,,,,,,0.0,0.4,100.0,0.0
2017-06-08,,,,,,,,,,,,,0.0,0.3,100.0,0.0
2017-06-09,,,,,,,,,,,,,0.0,0.3,100.0,0.0
2017-06-10,76.4,58.3,90.8,,,,,,,,,,0.0,0.3,100.0,0.0
2017-06-11,,,,,,,0.0,0.0,100.0,,,,0.0,0.3,100.0,0.0
2017-06-12,93.9,72.1,90.8,,,,,,,,,,0.0,0.2,100.0,0.0
2017-06-13,,,,0.0,0.2,54.3,,,,,,,0.0,0.1,100.0,0.0
2017-06-14,,,,,,,,,,,,,0.0,0.1,100.0,0.0
2017-06-15,,,,,,,,,,,,,0.0,0.2,100.0,0.0
2017-06-16,57.9,49.9,90.9,,,,,,,,,,0.0,0.2,100.0,0.0
2017-06-17,,,,,,,,,,,,,0.0,0.2,100.0,0.0
2017-06-18,62.5,52.8,90.7,,,,,,,,,,0.0,0.2,100.0,0.0
2017-06-19,,,,,,,,,,,,,0.0,0.3,100.0,0.0
2017-06-20,,,,,,,,,,,,,0.0,0.3,100.0,0.0
2017-06-21,,,,,,,,,,,,,0.0,0.2,100.0,0.0
2017-06-22,45.1,44.4,90.9,,,,,,,,,,0.0,0.2,100.0,0.0
2017-06-23,,,,0.0,0.5,37.3,,,,,,,0.0,0.1,100.0,0.0
2017-06-24,75.7,58.9,90.8,,,,,,,,,,0.0,0.1,100.0,0.0
2017-06-25,,,,,,,,,,,,,0.0,0.1,100.0,0.0
2017-06-26,,,,,,,,,,,,,0.0,0.1,100.0,0.0
2017-06-27,,,,,,,0.0,0.0,100.0,,,,0.0,0.1,100.0,0.0
2017-06-28,36.5,39.4,90.8,,,,,,,,,,0.0,0.1,100.0,0.0
2017-06-29,,,,,,,,,,,,,0.0,0.1,100.0,0.0
2017-06-30,62.7,52.5,90.7,,,,,,,,,,0.0,0.1,100.0,0.0
2017-07-01,,,,,,,,,,,,,0.0,0.2,100.0,0.0
2017-07-02,,,,,,,,,,,,,0.0,0.2,100.0,0.0
2017-07-03,,,,,,,,,,,,,0.0,0.3,100.0,0.0
2017-07-04,54.1,48.1,90.6,,,,,,,,,,0.0,0.4,100.0,0.0
2017-07-05,,,,,,,,,,,,,0.0,0.8,100.0,0.0
2017-07-06,91.1,65.3,90.8,,,,,,,,,,0.0,1.4,100.0,0.0
2017-07-07,,,,,,,,,,,,,0.0,1.7,100.0,0.0
2017-07-08,,,,,,,,,,,,,0.0,2.1,100.0,0.0
2017-07-09,,,,,,,,,,,,,0.0,2.9,100.0,0.0
2017-07-10,62.8,51.1,90.8,,,,,,,,,,0.0,3.6,100.0,0.0
2017-07-11,,,,,,,,,,,,,0.0,4.0,100.0,0.0
2017-07-12,58.2,49.6,90.7,,,,,,,,,,0.0,3.6,100.0,0.0
2017-07-13,,,,,,,,,,,,,0.0,6.3,100.0,0.0
2017-07-14,,,,,,,,,,,,,0.0,6.8,100.0,0.0
2017-07-15,,,,,,,,,,,,,0.0,4.3,100.0,0.0
2017-07-16,19.0,32.4,90.6,,,,,,,,,,0.0,3.8,100.0,0.0
2017-07-17,,,,,,,,,,,,,0.0,3.3,100.0,0.0
2017-07-18,37.4,40.9,90.7,0.0,0.2,100.0,,,,,,,0.0,2.6,100.0,0.0
2017-07-19,,,,,,,,,,,,,0.0,1.8,100.0,0.0
2017-07-20,,,,,,,,,,,,,0.0,1.5,100.0,0.0
2017-07-21,,,,,,,,,,,,,0.0,1.3,100.0,0.0
2017-07-22,30.0,37.9,90.6,,,,,,,,,,0.0,0.9,100.0,0.0
2017-07-23,,,,0.0,0.3,97.9,,,,,,,0.0,0.4,100.0,0.0
2017-07-24,43.3,43.7,91.0,,,,,,,,,,0.0,0.3,100.0,0.0
2017-07-25,,,,,,,,,,,,,0.0,0.2,100.0,0.0
2017-07-26,,,,,,,,,,,,,0.0,0.1,100.0,0.0
2017-07-27,,,,,,,,,,,,,0.0,0.1,100.0,0.0
2017-07-28,13.8,25.8,91.1,,,,,,,,,,0.0,0.1,100.0,0.0
2017-07-29,,,,,,,0.0,0.0,100.0,,,,0.0,0.1,100.0,0.0
2017-07-30,18.5,26.1,90.8,,,,,,,,,,0.0,0.0,100.0,0.0
2017-07-31,,,,,,,,,,,,,0.0,0.0,100.0,0.0
2017-08-01,,,,,,,,,,,,,0.0,0.0,100.0,0.0
2017-08-02,,,,0.0,0.3,59.8,,,,,,,0.0,0.0,100.0,0.0
2017-08-03,12.9,21.5,91.0,,,,,,,,,,0.0,0.0,100.0,0.0
2017-08-04,,,,,,,,,,,,,0.0,0.0,100.0,0.0
2017-08-05,23.8,28.3,98.9,,,,,,,,,,0.0,0.1,100.0,0.0
2017-08-06,,,,,,,,,,,,,0.0,0.1,100.0,0.0
2017-08-07,,,,0.0,0.3,53.0,,,,,,,0.0,0.1,100.0,0.0
2017-08-08,,,,,,,,,,,,,0.0,0.1,100.0,0.0
2017-08-09,12.3,20.6,99.3,,,,,,,,,,0.0,0.1,100.0,0.0
2017-08-10,,,,,,,,,,,,,0.0,0.1,100.0,0.0
2017-08-11,15.9,24.0,99.4,,,,,,,,,,0.0,0.0,100.0,0.0
2017-08-12,,,,,,,,,,,,,0.0,0.0,100.0,0.0
2017-08-13,,,,,,,,,,,,,0.0,0.0,100.0,0.0
2017-08-14,,,,,,,0.0,0.0,100.0,,,,0.0,0.0,100.0,0.0
2017-08-15,12.0,19.3,99.3,,,,,,,,,,0.0,0.0,100.0,0.0
2017-08-16,,,,,,,,,,,,,0.0,0.0,100.0,0.0
2017-08-17,18.2,27.8,99.0,0.0,0.2,70.6,,,,,,,0.0,0.0,100.0,0.0
2017-08-18,,,,,,,,,,,,,0.0,0.1,100.0,0.0
2017-08-19,,,,,,,,,,,,,0.0,0.1,100.0,0.0
2017-08-20,,,,,,,,,,,,,0.0,0.1,100.0,0.0
2017-08-21,12.3,20.3,99.0,,,,,,,,,,0.0,0.1,100.0,0.0
2017-08-22,,,,0.0,1.0,80.6,,,,,,,0.0,0.1,100.0,0.0
2017-08-23,13.8,21.9,99.0,,,,,,,,,,0.0,0.1,100.0,0.0
2017-08-24,,,,,,,,,,,,,0.0,0.1,100.0,0.0
2017-08-25,,,,,,,,,,,,,0.0,0.1,100.0,0.0
2017-08-26,,,,,,,,,,,,,0.0,0.0,100.0,0.0
2017-08-27,14.1,22.0,99.1,0.0,1.9,84.1,,,,,,,0.0,0.0,100.0,0.0
2017-08-28,,,,,,,,,,,,,0.0,0.0,100.0,0.0
2017-08-29,31.0,35.1,99.3,,,,,,,,,,0.0,0.0,100.0,0.0
2017-08-30,,,,,,,0.0,0.0,100.0,,,,0.0,0.0,100.0,0.0
2017-08-31,,,,,,,0.0,0.0,37.7,,,,0.0,0.0,100.0,0.0
2017-09-01,,,,,,,,,,,,,0.0,0.0,100.0,0.0
2017-09-02,30.2,34.8,98.8,,,,,,,,,,0.0,0.0,100.0,0.0
2017-09-03,,,,,,,,,,,,,0.0,0.0,100.0,0.0
2017-09-04,37.4,39.6,99.2,,,,,,,,,,0.0,0.0,100.0,0.0
2017-09-05,,,,,,,,,,,,,0.0,0.0,100.0,0.0
2017-09-06,,,,,,,,,,,,,0.0,0.1,100.0,0.0
2017-09-07,,,,,,,,,,,,,0.0,0.1,100.0,0.0
2017-09-08,33.4,37.0,99.0,,,,,,,,,,0.0,0.2,100.0,0.0
2017-09-09,,,,,,,,,,,,,0.0,0.1,100.0,0.0
2017-09-10,38.5,39.0,99.2,,,,,,,,,,0.0,0.2,100.0,0.0
2017-09-11,,,,,,,,,,,,,0.0,0.2,100.0,0.0
2017-09-12,,,,,,,,,,,,,0.0,0.2,100.0,0.0
2017-09-13,,,,,,,,,,,,,0.0,0.2,100.0,0.0
2017-09-14,14.2,22.9,98.9,,,,,,,,,,0.0,0.3,100.0,0.0
2017-09-15,,,,,,,0.0,0.0,67.5,,,,0.0,0.4,100.0,0.0
2017-09-16,11.3,20.0,99.1,,,,,,,,,,0.0,0.6,100.0,0.0
2017-09-17,,,,,,,,,,,,,0.0,0.5,100.0,0.0
2017-09-18,,,,,,,,,,,,,0.0,0.6,100.0,0.0
2017-09-19,,,,,,,,,,,,,0.0,0.6,100.0,0.0
2017-09-20,9.5,15.8,98.7,,,,,,,,,,0.0,0.6,100.0,0.0
2017-09-21,,,,,,,,,,,,,0.0,0.6,100.0,0.0
2017-09-22,12.3,19.8,99.2,,,,,,,,,,0.0,0.6,100.0,0.0
2017-09-23,,,,,,,,,,,,,0.0,0.8,100.0,0.0
2017-09-24,,,,,,,,,,,,,0.0,0.8,100.0,0.0
2017-09-25,,,,,,,,,,,,,0.0,0.8,100.0,0.0
2017-09-26,7.4,10.9,98.7,0.0,0.4,100.0,,,,,,,0.0,0.6,100.0,0.0
2017-09-27,,,,,,,,,,,,,0.0,0.6,100.0,0.0
2017-09-28,7.7,10.6,99.1,,,,,,,,,,0.0,0.6,100.0,0.0
2017-09-29,,,,,,,,,,,,,0.0,0.6,100.0,0.0
2017-09-30,,,,,,,,,,,,,0.0,0.6,100.0,0.0
2017-10-01,,,,,,,,,,,,,0.0,0.6,100.0,0.0
2017-10-02,7.1,8.4,98.9,,,,,,,,,,0.0,0.6,100.0,0.0
2017-10-03,,,,,,,,,,,,,0.0,0.7,100.0,0.0
2017-10-04,8.4,10.3,99.2,,,,,,,,,,0.0,0.5,100.0,0.0
2017-10-05,,,,,,,,,,,,,0.0,0.6,100.0,0.0
2017-10-06,,,,,,,,,,,,,0.0,0.5,100.0,0.0
2017-10-07,,,,,,,,,,,,,0.0,0.5,100.0,0.0
2017-10-08,6.7,7.8,98.9,,,,,,,,,,0.0,0.4,100.0,0.0
2017-10-09,,,,,,,,,,,,,0.0,0.4,100.0,0.0
2017-10-10,7.9,8.8,99.2,,,,0.0,0.0,95.5,,,,0.0,0.4,100.0,0.0
2017-10-11,,,,0.0,0.3,99.0,,,,,,,0.0,0.3,100.0,0.0
2017-10-12,,,,,,,,,,,,,0.0,0.3,100.0,0.0
2017-10-13,,,,,,,,,,,,,0.0,0.3,100.0,0.0
2017-10-14,7.3,8.3,98.7,,,,,,,,,,0.0,0.2,100.0,0.0
2017-10-15,,,,,,,,,,,,,0.0,0.2,100.0,0.0
2017-10-16,8.1,9.0,99.1,0.0,1.3,100.0,,,,,,,0.0,0.2,100.0,0.0
2017-10-17,,,,,,,0.0,0.1,100.0,,,,0.0,0.2,100.0,0.0
2017-10-18,,,,,,,,,,,,,0.0,0.2,100.0,0.0
2017-10-19,,,,,,,,,,,,,0.0,0.2,100.0,0.0
2017-10-20,6.1,7.1,98.6,,,,,,,,,,0.0,0.2,100.0,0.0
2017-10-21,,,,,,,,,,,,,0.0,0.2,100.0,0.0
2017-10-22,6.9,7.4,99.2,,,,,,,,,,0.0,0.3,100.0,0.0
2017-10-23,,,,,,,,,,,,,0.0,0.3,100.0,0.0
2017-10-24,,,,,,,,,,,,,0.0,0.4,100.0,0.0
2017-10-25,,,,,,,,,,,,,0.0,0.6,100.0,0.0
2017-10-26,6.3,7.5,98.6,,,,,,,,,,0.0,0.7,100.0,0.0
2017-10-27,,,,,,,,,,,,,0.0,0.7,100.0,0.0
2017-10-28,7.4,8.7,98.9,,,,,,,,,,0.0,1.0,100.0,0.0
2017-10-29,,,,,,,,,,,,,0.0,1.1,100.0,0.0
2017-10-30,,,,,,,,,,,,,0.0,1.3,100.0,0.0
2017-10-31,,,,0.7,9.7,100.0,,,,,,,0.0,1.3,100.0,0.0
2017-11-01,7.1,9.7,98.9,,,,,,,,,,0.0,1.6,100.0,0.0
2017-11-02,,,,,,,,,,,,,0.0,2.2,100.0,0.0
2017-11-03,7.2,9.3,98.8,,,,,,,,,,0.0,2.5,100.0,0.0
2017-11-04,,,,,,,,,,,,,0.0,2.3,100.0,0.0
2017-11-05,,,,,,,,,,,,,0.0,2.5,100.0,0.0
2017-11-06,,,,,,,,,,,,,0.0,3.0,100.0,0.0
2017-11-07,6.4,8.4,98.9,,,,,,,,,,0.0,3.2,100.0,0.0
2017-11-08,,,,,,,,,,,,,0.0,3.8,100.0,0.0
2017-11-09,7.0,8.8,99.0,,,,,,,,,,0.0,3.7,100.0,0.0
2017-11-10,,,,,,,,,,,,,0.4,4.9,100.0,0.4
2017-11-11,,,,,,,,,,,,,0.4,4.3,100.0,0.4
2017-11-12,,,,,,,,,,,,,0.5,5.2,100.0,0.5
2017-11-13,6.8,9.7,98.6,,,,,,,,,,0.6,4.7,100.0,0.6
2017-11-14,,,,,,,,,,,,,0.7,5.8,100.0,0.7
2017-11-15,6.2,8.7,99.1,1.9,12.5,100.0,,,,,,,0.7,4.7,100.0,0.7
2017-11-16,,,,,,,,,,,,,0.7,5.3,100.0,0.7
2017-11-17,,,,,,,,,,,,,0.7,4.7,100.0,0.7
2017-11-18,,,,,,,0.3,3.8,59.6,,,,0.7,5.6,100.0,0.7
2017-11-19,,,,,,,,,,,,,0.7,5.1,100.0,0.7
2017-11-20,,,,,,,,,,,,,0.7,5.5,100.0,0.7
2017-11-21,6.6,9.4,99.1,,,,,,,,,,0.7,5.1,100.0,0.7
2017-11-22,,,,,,,,,,,,,0.7,5.1,100.0,0.7
2017-11-23,,,,,,,,,,,,,0.7,5.6,100.0,0.7
2017-11-24,,,,,,,,,,,,,0.7,5.9,100.0,0.7
2017-11-25,5.9,8.2,98.8,,,,,,,,,,0.7,6.5,100.0,0.7
2017-11-26,,,,,,,,,,,,,0.7,7.0,100.0,0.7
2017-11-27,7.7,14.3,98.8,,,,,,,,,,0.7,8.5,100.0,0.7
2017-11-28,,,,,,,,,,,,,0.7,8.9,100.0,0.7
2017-11-29,,,,,,,,,,,,,0.7,9.8,100.0,0.7
2017-11-30,,,,,,,,,,,,,0.7,10.9,100.0,0.7
2017-12-01,6.3,12.4,99.1,,,,,,,,,,0.1,13.7,100.0,0.1
2017-12-02,,,,,,,,,,,,,0.3,14.7,100.0,0.3
2017-12-03,6.1,10.6,98.9,,,,,,,,,,0.8,16.0,100.0,0.8
2017-12-04,,,,,,,,,,,,,0.8,17.1,100.0,0.8
2017-12-05,,,,,,,,,,,,,0.8,18.0,100.0,0.8
2017-12-06,,,,,,,,,,,,,0.8,17.7,100.0,0.8
2017-12-07,4.1,6.1,98.8,,,,,,,,,,1.0,17.6,100.0,1.0
2017-12-08,,,,,,,,,,,,,1.0,17.8,100.0,1.0
2017-12-09,6.0,8.3,99.3,,,,,,,,,,1.6,20.7,100.0,1.6
2017-12-10,,,,,,,,,,,,,1.9,21.0,100.0,1.9
2017-12-11,,,,,,,,,,,,,2.3,20.8,100.0,2.3
2017-12-12,,,,,,,,,,,,,1.9,20.8,100.0,1.9
2017-12-13,5.0,7.1,99.1,,,,23.0,31.5,71.1,,,,3.1,23.3,100.0,3.1
2017-12-14,,,,,,,,,,,,,2.9,25.8,100.0,2.9
2017-12-15,5.5,7.6,99.0,,,,,,,,,,4.7,26.1,100.0,4.7
2017-12-16,,,,,,,,,,,,,4.6,27.6,100.0,4.6
2017-12-17,,,,,,,,,,,,,5.0,28.3,100.0,5.0
2017-12-18,,,,,,,,,,,,,5.5,31.2,100.0,5.5
2017-12-19,4.3,5.4,99.2,,,,,,,,,,5.8,31.7,100.0,5.8
2017-12-20,,,,44.4,44.1,72.6,,,,,,,6.2,35.2,100.0,6.2
2017-12-21,5.2,6.5,99.3,,,,,,,,,,7.0,36.3,100.0,7.0
2017-12-22,,,,,,,,,,,,,7.4,40.4,100.0,7.4
2017-12-23,,,,,,,,,,,,,8.7,40.0,100.0,8.7
2017-12-24,,,,,,,,,,,,,7.0,40.2,100.0,7.0
2017-12-25,4.6,5.7,99.2,,,,,,,,,,9.1,39.8,100.0,9.1
2017-12-26,,,,,,,,,,,,,8.5,41.8,100.0,8.5
2017-12-27,5.0,7.3,99.0,,,,,,,,,,12.2,42.3,100.0,12.2
2017-12-28,,,,,,,,,,,,,10.0,40.1,100.0,10.0
2017-12-29,,,,,,,,,,,,,12.7,43.9,100.0,12.7
2017-12-30,,,,,,,,,,,,,12.3,43.2,100.0,12.3
2017-12-31,4.4,6.0,98.8,,,,,,,,,,13.6,44.2,100.0,13.6
2018-01-01,,,,,,,,,,,,,11.1,39.7,100.0,11.1
2018-01-02,5.6,6.7,98.8,,,,,,,,,,12.3,42.3,100.0,12.3
2018-01-03,,,,,,,,,,,,,11.7,39.7,100.0,11.7
2018-01-04,,,,,,,,,,,,,12.2,42.7,100.0,12.2
2018-01-05,,,,,,,,,,,,,10.8,38.2,100.0,10.8
2018-01-06,5.5,5.9,98.8,,,,,,,,,,12.3,43.9,100.0,12.3
2018-01-07,,,,,,,,,,,,,10.6,40.1,100.0,10.6
2018-01-08,6.1,6.8,98.5,,,,,,,,,,13.3,48.1,100.0,13.3
2018-01-09,,,,,,,,,,,,,11.5,45.4,100.0,11.5
2018-01-10,,,,,,,,,,,,,21.9,52.1,100.0,21.9
2018-01-11,,,,,,,,,,,,,20.4,51.1,100.0,20.4
2018-01-12,5.4,6.1,98.7,,,,,,,,,,38.4,56.8,100.0,38.4
2018-01-13,,,,,,,,,,,,,37.3,55.4,100.0,37.3
2018-01-14,6.1,6.6,99.0,,,,,,,,,,54.2,61.3,100.0,54.2
2018-01-15,,,,,,,,,,,,,58.8,62.1,100.0,58.8
2018-01-16,,,,,,,,,,,,,73.6,66.2,100.0,73.6
2018-01-17,,,,,,,,,,,,,65.7,64.3,100.0,65.7
2018-01-18,6.1,6.6,99.0,,,,,,,,,,87.3,68.9,100.0,87.3
2018-01-19,,,,,,,,,,,,,80.1,67.9,100.0,80.1
2018-01-20,6.3,7.1,99.0,,,,,,,,,,95.6,71.2,100.0,95.6
2018-01-21,,,,,,,,,,,,,96.2,71.2,100.0,96.2
2018-01-22,,,,,,,,,,,,,99.7,73.6,100.0,99.7
2018-01-23,,,,,,,,,,,,,99.8,75.9,100.0,99.8
2018-01-24,7.0,7.8,98.9,73.7,65.5,100.0,,,,,,,99.7,78.3,100.0,99.7
2018-01-25,,,,,,,,,,,,,99.8,79.2,100.0,99.8
2018-01-26,8.7,11.9,98.8,,,,,,,,,,99.7,78.8,100.0,99.7
2018-01-27,,,,,,,,,,,,,99.8,82.4,100.0,99.8
2018-01-28,,,,,,,,,,,,,99.6,83.0,100.0,99.6
2018-01-29,,,,96.4,93.5,99.9,,,,,,,99.8,86.3,100.0,99.8
2018-01-30,10.3,15.5,99.1,,,,,,,,,,99.5,82.9,100.0,99.5
2018-01-31,,,,,,,,,,,,,99.7,84.4,100.0,99.7
2018-02-01,16.1,27.6,98.8,,,,,,,,,,99.4,85.5,100.0,99.4
2018-02-02,,,,,,,,,,,,,99.7,87.0,100.0,99.7
2018-02-03,,,,,,,,,,,,,99.4,86.5,100.0,99.4
2018-02-04,,,,,,,,,,,,,99.6,87.4,100.0,99.6
2018-02-05,14.3,22.7,99.0,,,,,,,,,,99.7,88.4,100.0,99.7
2018-02-06,,,,,,,,,,,,,99.8,87.4,100.0,99.8
2018-02-07,40.4,40.8,99.0,,,,,,,,,,99.8,88.6,100.0,99.8
2018-02-08,,,,,,,,,,,,,99.8,88.0,100.0,99.8
2018-02-09,,,,,,,,,,,,,99.9,90.5,100.0,99.9
2018-02-10,,,,,,,,,,,,,99.9,90.0,100.0,99.9
2018-02-11,55.9,48.9,99.1,,,,,,,,,,100.0,91.8,100.0,100.0
2018-02-12,,,,,,,,,,,,,100.0,91.0,100.0,100.0
2018-02-13,66.7,58.5,98.9,,,,,,,,,,100.0,92.8,100.0,100.0
2018-02-14,,,,,,,,,,,,,100.0,91.5,100.0,100.0
2018-02-15,,,,,,,,,,,,,100.0,92.9,100.0,100.0
2018-02-16,,,,,,,,,,,,,100.0,91.8,100.0,100.0
2018-02-17,48.3,44.5,98.7,,,,,,,,,,100.0,94.1,100.0,100.0
2018-02-18,,,,,,,,,,,,,100.0,92.8,100.0,100.0
2018-02-19,46.8,44.1,99.0,,,,,,,,,,100.0,93.7,100.0,100.0
2018-02-20,,,,,,,,,,,,,100.0,92.2,100.0,100.0
2018-02-21,,,,,,,,,,,,,100.0,92.7,100.0,100.0
2018-02-22,,,,,,,,,,,,,100.0,91.7,100.0,100.0
2018-02-23,44.7,41.7,98.8,100.0,96.9,88.3,,,,,,,100.0,92.9,100.0,100.0
2018-02-24,,,,,,,,,,,,,100.0,91.0,100.0,100.0
2018-02-25,43.9,42.4,98.9,,,,,,,,,,100.0,92.0,100.0,100.0
2018-02-26,,,,,,,,,,,,,100.0,91.4,100.0,100.0
2018-02-27,,,,,,,,,,,,,100.0,92.9,100.0,100.0
2018-02-28,,,,93.8,88.6,100.0,,,,,,,100.0,93.2,100.0,100.0
2018-03-01,38.9,35.1,98.9,,,,,,,,,,100.0,93.9,100.0,100.0
2018-03-02,,,,,,,,,,,,,100.0,93.2,100.0,100.0
2018-03-03,39.2,35.3,99.0,,,,100.0,100.0,42.8,,,,100.0,94.3,100.0,100.0
2018-03-04,,,,,,,,,,,,,100.0,93.1,100.0,100.0
2018-03-05,,,,64.8,68.3,88.8,,,,,,,100.0,93.5,100.0,100.0
2018-03-06,,,,,,,,,,,,,100.0,91.8,100.0,100.0
2018-03-07,24.0,22.8,98.8,,,,,,,,,,100.0,92.0,100.0,100.0
2018-03-08,,,,,,,,,,,,,100.0,89.2,100.0,100.0
2018-03-09,20.2,21.3,98.9,,,,,,,,,,100.0,88.4,100.0,100.0
2018-03-10,,,,,,,,,,,,,95.1,84.9,100.0,95.1
2018-03-11,,,,,,,,,,,,,91.8,80.9,100.0,91.8
2018-03-12,,,,,,,,,,,,,73.0,73.9,100.0,73.0
2018-03-13,8.3,11.1,98.6,,,,,,,,,,59.8,67.3,100.0,59.8
2018-03-14,,,,,,,,,,,,,46.5,61.1,100.0,46.5
2018-03-15,8.4,11.0,98.9,,,,,,,,,,38.3,52.8,100.0,38.3
2018-03-16,,,,,,,,,,,,,29.3,46.0,100.0,29.3
2018-03-17,,,,,,,,,,,,,20.9,38.8,100.0,20.9
2018-03-18,,,,,,,,,,,,,20.6,39.4,100.0,20.6
2018-03-19,5.5,6.5,98.8,,,,,,,,,,18.0,32.3,100.0,18.0
2018-03-20,,,,,,,,,,,,,20.6,35.9,100.0,20.6
2018-03-21,5.3,7.2,98.5,,,,,,,,,,18.0,32.1,100.0,18.0
2018-03-22,,,,,,,,,,,,,25.1,36.0,100.0,25.1
2018-03-23,,,,,,,,,,,,,17.7,32.8,100.0,17.7
2018-03-24,,,,,,,,,,,,,24.9,35.7,100.0,24.9
2018-03-25,4.3,5.3,98.8,37.5,37.3,100.0,,,,,,,17.1,32.6,100.0,17.1
2018-03-26,,,,,,,,,,,,,14.9,34.1,100.0,14.9
2018-03-27,4.2,7.6,98.8,,,,,,,,,,6.0,29.5,100.0,6.0
2018-03-28,,,,,,,,,,,,,2.9,30.2,100.0,2.9
2018-03-29,,,,,,,,,,,,,1.8,27.5,100.0,1.8
2018-03-30,,,,1.4,8.4,88.8,,,,,,,1.7,27.8,100.0,1.7
2018-03-31,3.2,4.6,98.6,,,,,,,,,,0.3,21.0,100.0,0.3
2018-04-01,,,,,,,,,,,,,0.2,19.9,100.0,0.2
2018-04-02,3.2,6.5,98.6,,,,,,,,,,0.2,17.4,100.0,0.2
2018-04-03,,,,,,,,,,,,,0.2,16.1,100.0,0.2
2018-04-04,,,,1.5,9.8,48.0,,,,,,,0.2,11.3,100.0,0.2
2018-04-05,,,,,,,,,,,,,0.1,9.3,100.0,0.1
2018-04-06,2.2,3.8,98.7,,,,,,,,,,0.0,6.9,100.0,0.0
2018-04-07,,,,,,,,,,,,,0.0,6.6,100.0,0.0
2018-04-08,2.6,5.7,98.7,,,,,,,,,,0.0,4.6,100.0,0.0
2018-04-09,,,,0.0,1.7,47.7,,,,,,,0.0,5.0,100.0,0.0
2018-04-10,,,,,,,,,,,,,0.0,3.8,100.0,0.0
2018-04-11,,,,,,,15.2,15.8,100.0,,,,0.0,4.1,100.0,0.0
2018-04-12,2.2,4.2,98.7,,,,,,,,,,0.0,3.1,100.0,0.0
2018-04-13,,,,,,,,,,,,,0.0,3.2,100.0,0.0
2018-04-14,3.8,7.2,98.7,0.0,0.7,100.0,,,,,,,0.0,2.3,100.0,0.0
2018-04-15,,,,,,,,,,,,,0.0,2.4,100.0,0.0
2018-04-16,,,,,,,,,,,,,0.0,1.7,100.0,0.0
2018-04-17,,,,,,,,,,,,,0.0,1.9,100.0,0.0
2018-04-18,2.9,4.9,98.4,,,,,,,,,,0.0,1.5,100.0,0.0
2018-04-19,,,,0.0,1.1,100.0,,,,,,,0.0,1.4,100.0,0.0
2018-04-20,4.3,6.1,98.6,,,,1.2,1.7,100.0,,,,0.0,1.0,100.0,0.0
2018-04-21,,,,,,,,,,,,,0.0,1.0,100.0,0.0
2018-04-22,,,,,,,,,,,,,0.0,0.9,100.0,0.0
2018-04-23,,,,,,,,,,,,,0.0,1.0,100.0,0.0
2018-04-24,4.8,5.6,98.4,0.0,1.1,91.6,,,,,,,0.0,0.7,100.0,0.0
2018-04-25,,,,,,,,,,,,,0.0,0.8,100.0,0.0
2018-04-26,7.4,8.0,98.6,,,,,,,,,,0.0,0.8,100.0,0.0
2018-04-27,,,,,,,1.8,2.1,100.0,,,,0.0,0.9,100.0,0.0
2018-04-28,,,,,,,,,,,,,0.0,0.7,100.0,0.0
2018-04-29,,,,0.0,0.8,100.0,,,,,,,0.0,0.7,100.0,0.0
2018-04-30,6.0,6.2,98.5,,,,,,,,,,0.0,0.6,100.0,0.0
2018-05-01,,,,,,,,,,,,,0.0,0.8,100.0,0.0
2018-05-02,6.5,6.7,98.8,,,,,,,,,,0.0,0.7,100.0,0.0
2018-05-03,,,,,,,,,,,,,0.0,0.5,100.0,0.0
2018-05-04,,,,,,,,,,,,,0.0,0.4,100.0,0.0
2018-05-05,,,,,,,,,,,,,0.0,0.4,100.0,0.0
2018-05-06,6.4,6.3,98.4,,,,0.2,0.3,100.0,,,,0.0,0.3,100.0,0.0
2018-05-07,,,,,,,,,,,,,0.0,0.3,100.0,0.0
2018-05-08,7.9,8.1,98.4,,,,,,,,,,0.0,0.3,100.0,0.0
2018-05-09,,,,0.0,0.7,88.2,,,,,,,0.0,0.3,100.0,0.0
2018-05-10,,,,,,,,,,,,,0.0,0.3,100.0,0.0
2018-05-11,,,,,,,,,,,,,0.0,0.3,100.0,0.0
2018-05-12,6.8,7.1,98.2,,,,,,,,,,0.0,0.3,100.0,0.0
2018-05-13,,,,,,,0.0,0.0,100.0,,,,0.0,0.3,100.0,0.0
2018-05-14,7.7,8.6,98.6,0.0,0.7,59.1,,,,,,,0.0,0.2,100.0,0.0
2018-05-15,,,,,,,,,,,,,0.0,0.3,100.0,0.0
2018-05-16,,,,,,,,,,,,,0.0,0.4,100.0,0.0
2018-05-17,,,,,,,,,,,,,0.0,0.7,100.0,0.0
2018-05-18,7.3,7.9,98.4,,,,,,,,,,0.0,0.7,100.0,0.0
2018-05-19,,,,0.0,0.5,100.0,,,,,,,0.0,0.9,100.0,0.0
2018-05-20,9.0,11.5,98.6,,,,,,,,,,0.0,1.1,100.0,0.0
2018-05-21,,,,,,,,,,,,,0.0,2.2,100.0,0.0
2018-05-22,,,,,,,,,,,,,0.0,2.1,100.0,0.0
2018-05-23,,,,,,,,,,,,,0.0,2.2,100.0,0.0
2018-05-24,6.8,7.7,98.4,,,,,,,,,,0.0,1.9,100.0,0.0
2018-05-25,,,,,,,,,,,,,0.0,2.2,100.0,0.0
2018-05-26,7.6,8.7,98.7,,,,,,,,,,0.0,1.6,100.0,0.0
2018-05-27,,,,,,,,,,,,,0.0,1.9,100.0,0.0
2018-05-28,,,,,,,,,,,,,0.0,1.3,100.0,0.0
2018-05-29,,,,,,,,,,,,,0.0,1.8,100.0,0.0
2018-05-30,6.0,6.6,98.7,,,,,,,,,,0.0,1.2,100.0,0.0
2018-05-31,,,,,,,,,,,,,0.0,1.2,100.0,0.0
2018-06-01,7.9,9.3,98.7,,,,,,,,,,0.0,0.9,100.0,0.0
2018-06-02,,,,,,,,,,,,,0.0,1.0,100.0,0.0
2018-06-03,,,,0.0,0.2,100.0,,,,,,,0.0,0.7,100.0,0.0
2018-06-04,,,,,,,,,,,,,0.0,0.8,100.0,0.0
2018-06-05,6.5,7.6,98.3,,,,,,,,,,0.0,0.6,100.0,0.0
2018-06-06,,,,,,,,,,,,,0.0,0.7,100.0,0.0
2018-06-07,7.9,10.1,98.6,,,,,,,,,,0.0,0.6,100.0,0.0
2018-06-08,,,,,,,,,,,,,0.0,0.7,100.0,0.0
2018-06-09,,,,,,,,,,,,,0.0,0.6,100.0,0.0
2018-06-10,,,,,,,,,,,,,0.0,0.7,100.0,0.0
2018-06-11,7.3,8.6,98.6,,,,,,,,,,0.0,0.8,100.0,0.0
2018-06-12,,,,,,,,,,,,,0.0,1.2,100.0,0.0
2018-06-13,8.0,8.8,98.7,,,,,,,,,,0.0,1.3,100.0,0.0
2018-06-14,,,,,,,,,,,,,0.0,1.6,100.0,0.0
2018-06-15,,,,,,,,,,,,,0.0,1.5,100.0,0.0
2018-06-16,,,,,,,,,,,,,0.0,1.8,100.0,0.0
2018-06-17,9.1,9.7,98.8,,,,,,,,,,0.0,1.4,100.0,0.0
2018-06-18,,,,,,,,,,,,,0.0,1.6,100.0,0.0
2018-06-19,8.3,9.2,98.7,,,,,,,,,,0.0,1.4,100.0,0.0
2018-06-20,,,,,,,,,,,,,0.0,1.6,100.0,0.0
2018-06-21,,,,,,,,,,,,,0.0,1.4,100.0,0.0
2018-06-22,,,,,,,,,,,,,0.0,1.8,100.0,0.0
2018-06-23,8.4,9.0,99.1,0.0,0.3,99.7,,,,,,,0.0,1.7,100.0,0.0
2018-06-24,,,,,,,,,,,,,0.0,2.1,100.0,0.0
2018-06-25,,,,,,,,,,,,,0.0,1.7,100.0,0.0
2018-06-26,,,,,,,,,,,,,0.0,2.0,100.0,0.0
2018-06-27,,,,,,,,,,,,,0.0,1.7,100.0,0.0
2018-06-28,,,,,,,,,,,,,0.0,1.7,100.0,0.0
2018-06-29,7.6,8.3,98.5,,,,,,,,,,0.0,1.6,100.0,0.0
2018-06-30,,,,,,,,,,,,,0.0,1.8,100.0,0.0
2018-07-01,8.2,9.1,98.6,,,,,,,,,,0.0,1.6,100.0,0.0
2018-07-02,,,,,,,,,,,,,0.0,1.6,100.0,0.0
2018-07-03,,,,0.0,0.5,96.9,,,,,,,0.0,1.6,100.0,0.0
2018-07-04,,,,,,,,,,,,,0.0,1.8,100.0,0.0
2018-07-05,9.3,9.8,98.9,,,,,,,,,,0.0,1.4,100.0,0.0
2018-07-06,,,,,,,,,,,,,0.0,1.3,100.0,0.0
2018-07-07,,,,,,,,,,,,,0.0,1.2,100.0,0.0
2018-07-08,,,,,,,,,,,,,0.0,1.6,100.0,0.0
2018-07-09,,,,,,,,,,,,,0.0,1.3,100.0,0.0
2018-07-10,,,,,,,,,,,,,0.0,1.4,100.0,0.0
2018-07-11,7.6,8.4,98.4,,,,,,,,,,0.0,1.4,100.0,0.0
2018-07-12,,,,,,,,,,,,,0.0,1.5,100.0,0.0
2018-07-13,8.2,8.9,98.7,0.0,0.4,31.7,,,,,,,0.0,1.0,100.0,0.0
2018-07-14,,,,,,,,,,,,,0.0,0.8,100.0,0.0
2018-07-15,,,,,,,,,,,,,0.0,0.7,100.0,0.0
2018-07-16,,,,,,,,,,,,,0.0,0.9,100.0,0.0
2018-07-17,8.8,9.5,98.6,,,,,,,,,,0.0,0.6,100.0,0.0
2018-07-18,,,,0.0,0.8,49.8,,,,,,,0.0,0.4,100.0,0.0
2018-07-19,8.6,9.6,98.8,,,,,,,,,,0.0,0.3,100.0,0.0
2018-07-20,,,,,,,,,,,,,0.0,0.3,100.0,0.0
2018-07-21,,,,,,,,,,,,,0.0,0.3,100.0,0.0
2018-07-22,,,,,,,,,,,,,0.0,0.3,100.0,0.0
2018-07-23,9.8,10.4,98.9,,,,,,,,,,0.0,0.2,100.0,0.0
2018-07-24,,,,,,,,,,,,,0.0,0.2,100.0,0.0
2018-07-25,,,,,,,,,,,,,0.0,0.3,100.0,0.0
2018-07-26,,,,,,,,,,,,,0.0,0.3,100.0,0.0
2018-07-27,,,,,,,,,,,,,0.0,0.3,100.0,0.0
2018-07-28,,,,0.0,0.4,98.1,,,,,,,0.0,0.1,100.0,0.0
2018-07-29,12.3,14.8,98.9,,,,,,,,,,0.0,0.2,100.0,0.0
2018-07-30,,,,,,,,,,,,,0.0,0.1,100.0,0.0
2018-07-31,13.2,16.0,98.5,,,,,,,0.0,0.1,100.0,0.0,0.1,100.0,0.0
2018-08-01,,,,,,,0.0,0.0,47.2,0.0,0.0,100.0,0.0,0.1,100.0,0.0
2018-08-02,,,,,,,,,,,,,0.0,0.1,100.0,0.0
2018-08-03,,,,,,,,,,,,,0.0,0.1,100.0,0.0
2018-08-04,17.3,21.5,99.1,,,,,,,0.0,0.0,100.0,0.0,0.1,100.0,0.0
2018-08-05,,,,,,,,,,0.0,0.0,94.8,0.0,0.0,100.0,0.0
2018-08-06,30.1,34.2,99.0,,,,,,,,,,0.0,0.0,100.0,0.0
2018-08-07,,,,,,,,,,,,,0.0,0.0,100.0,0.0
2018-08-08,,,,,,,,,,0.0,0.0,36.0,0.0,0.0,100.0,0.0
2018-08-09,,,,,,,,,,0.0,0.0,36.1,0.0,0.0,100.0,0.0
2018-08-10,58.7,49.1,99.1,,,,,,,,,,0.0,0.0,100.0,0.0
2018-08-11,,,,,,,,,,,,,0.0,0.0,100.0,0.0
2018-08-12,47.4,42.9,98.7,0.0,0.4,100.0,,,,0.0,0.0,100.0,0.0,0.0,100.0,0.0
2018-08-13,,,,,,,,,,,,,0.0,0.0,100.0,0.0
2018-08-14,,,,,,,,,,,,,0.0,0.0,100.0,0.0
2018-08-15,,,,,,,,,,,,,0.0,0.0,100.0,0.0
2018-08-16,25.1,31.8,99.2,,,,,,,,,,0.0,0.0,100.0,0.0
2018-08-17,,,,0.0,0.9,100.0,0.0,0.0,99.8,,,,0.0,0.0,100.0,0.0
2018-08-18,16.4,26.1,98.9,,,,0.0,0.0,30.9,,,,0.0,0.0,100.0,0.0
2018-08-19,,,,,,,,,,,,,0.0,0.0,100.0,0.0
2018-08-20,,,,,,,,,,,,,0.0,0.0,100.0,0.0
2018-08-21,,,,,,,,,,0.0,0.0,100.0,0.0,0.0,100.0,0.0
2018-08-22,9.7,15.6,98.9,0.0,1.3,100.0,,,,,,,0.0,0.0,100.0,0.0
2018-08-23,,,,,,,,,,,,,0.0,0.0,100.0,0.0
2018-08-24,8.5,11.4,98.8,,,,,,,,,,0.0,0.0,100.0,0.0
2018-08-25,,,,,,,,,,,,,0.0,0.1,100.0,0.0
2018-08-26,,,,,,,,,,,,,0.0,0.1,100.0,0.0
2018-08-27,,,,0.0,0.7,100.0,,,,,,,0.0,0.1,100.0,0.0
2018-08-28,6.8,8.7,98.8,,,,,,,0.0,0.0,100.0,0.0,0.1,100.0,0.0
2018-08-29,,,,,,,,,,,,,0.0,0.1,100.0,0.0
2018-08-30,4.3,6.1,98.8,,,,,,,,,,0.0,0.1,100.0,0.0
2018-08-31,,,,,,,,,,,,,0.0,0.1,100.0,0.0
2018-09-01,,,,,,,,,,,,,0.0,0.1,100.0,0.0
2018-09-02,,,,,,,,,,0.0,0.2,100.0,0.0,0.1,100.0,0.0
2018-09-03,2.8,4.8,98.8,,,,,,,,,,0.0,0.2,100.0,0.0
2018-09-04,,,,,,,,,,,,,0.0,0.1,100.0,0.0
2018-09-05,2.7,5.9,98.8,,,,,,,,,,0.0,0.1,100.0,0.0
2018-09-06,,,,0.0,0.6,100.0,,,,,,,0.0,0.1,100.0,0.0
2018-09-07,,,,,,,,,,,,,0.0,0.1,100.0,0.0
2018-09-08,,,,,,,,,,,,,0.0,0.1,100.0,0.0
2018-09-09,2.9,7.1,99.0,,,,,,,,,,0.0,0.1,100.0,0.0
2018-09-10,,,,,,,,,,,,,0.0,0.1,100.0,0.0
2018-09-11,1.8,6.2,98.8,,,,,,,,,,0.0,0.1,100.0,0.0
2018-09-12,,,,,,,,,,0.0,1.0,100.0,0.0,0.0,100.0,0.0
2018-09-13,,,,,,,,,,,,,0.0,0.0,100.0,0.0
2018-09-14,,,,,,,,,,,,,0.0,0.0,100.0,0.0
2018-09-15,1.5,5.2,98.5,,,,,,,,,,0.0,0.0,100.0,0.0
2018-09-16,,,,0.0,0.4,100.0,,,,,,,0.0,0.0,100.0,0.0
2018-09-17,2.4,6.4,98.4,,,,,,,,,,0.0,0.0,100.0,0.0
2018-09-18,,,,,,,0.0,0.0,100.0,,,,0.0,0.0,100.0,0.0
2018-09-19,,,,,,,,,,,,,0.0,0.0,100.0,0.0
2018-09-20,,,,,,,,,,0.0,3.1,100.0,0.0,0.0,100.0,0.0
2018-09-21,2.7,7.6,98.8,0.0,0.4,100.0,,,,,,,0.0,0.0,100.0,0.0
2018-09-22,,,,,,,,,,,,,0.0,0.1,100.0,0.0
2018-09-23,2.5,6.9,99.0,,,,,,,,,,0.0,0.1,100.0,0.0
2018-09-24,,,,,,,,,,,,,0.0,0.1,100.0,0.0
2018-09-25,,,,,,,,,,,,,0.0,0.1,100.0,0.0
2018-09-26,,,,0.0,0.3,100.0,,,,,,,0.0,0.1,100.0,0.0
2018-09-27,2.4,6.6,98.9,,,,,,,,,,0.0,0.1,100.0,0.0
2018-09-28,,,,,,,,,,,,,0.0,0.1,100.0,0.0
2018-09-29,1.9,7.2,98.6,,,,,,,,,,0.0,0.1,100.0,0.0
2018-09-30,,,,,,,,,,,,,0.0,0.1,100.0,0.0
2018-10-01,,,,,,,,,,,,,0.0,0.1,100.0,0.0
2018-10-02,,,,,,,,,,,,,0.0,0.1,100.0,0.0
2018-10-03,2.2,7.7,98.8,,,,,,,,,,0.0,0.1,100.0,0.0
2018-10-04,,,,,,,0.0,0.0,100.0,,,,0.0,0.1,100.0,0.0
2018-10-05,2.3,8.6,98.9,,,,,,,,,,0.0,0.1,100.0,0.0
2018-10-06,,,,,,,,,,,,,0.0,0.1,100.0,0.0
2018-10-07,,,,,,,,,,,,,0.0,0.1,100.0,0.0
2018-10-08,,,,,,,,,,,,,0.0,0.2,100.0,0.0
2018-10-09,1.6,6.8,98.3,,,,,,,,,,0.0,0.2,100.0,0.0
2018-10-10,,,,,,,,,,,,,0.0,0.3,100.0,0.0
2018-10-11,4.2,10.3,98.4,0.0,0.3,100.0,,,,,,,0.0,0.4,100.0,0.0
2018-10-12,,,,,,,,,,,,,0.0,0.6,100.0,0.0
2018-10-13,,,,,,,,,,,,,0.0,0.6,100.0,0.0
2018-10-14,,,,,,,,,,,,,0.0,0.7,100.0,0.0
2018-10-15,5.2,9.4,98.7,,,,,,,,,,0.0,0.7,100.0,0.0
2018-10-16,,,,0.0,0.6,100.0,,,,,,,0.0,0.8,100.0,0.0
2018-10-17,6.3,11.6,98.7,,,,,,,,,,0.0,0.8,100.0,0.0
2018-10-18,,,,,,,,,,,,,0.0,0.9,100.0,0.0
2018-10-19,,,,,,,,,,,,,0.0,0.8,100.0,0.0
2018-10-20,,,,,,,0.0,0.1,34.0,,,,0.0,1.3,100.0,0.0
2018-10-21,6.8,10.2,98.7,,,,,,,,,,0.0,1.4,100.0,0.0
2018-10-22,,,,,,,,,,,,,0.0,1.1,100.0,0.0
2018-10-23,5.5,8.4,98.7,,,,,,,,,,0.0,1.1,100.0,0.0
2018-10-24,,,,,,,,,,,,,0.0,1.2,100.0,0.0
2018-10-25,,,,,,,,,,,,,0.0,1.1,100.0,0.0
2018-10-26,,,,0.0,2.8,100.0,,,,,,,0.0,1.0,100.0,0.0
2018-10-27,5.0,9.0,98.8,,,,,,,,,,0.0,1.1,100.0,0.0
2018-10-28,,,,,,,,,,,,,0.0,0.9,100.0,0.0
2018-10-29,4.3,7.1,98.6,,,,,,,,,,0.0,1.0,100.0,0.0
2018-10-30,,,,,,,,,,,,,0.0,0.6,100.0,0.0
2018-10-31,,,,,,,,,,,,,0.0,0.7,100.0,0.0
2018-11-01,,,,,,,,,,,,,0.0,0.5,100.0,0.0
2018-11-02,2.6,5.9,98.9,,,,,,,,,,0.0,0.5,100.0,0.0
2018-11-03,,,,,,,,,,,,,0.0,0.4,100.0,0.0
2018-11-04,2.1,5.8,98.8,,,,,,,,,,0.0,0.4,100.0,0.0
2018-11-05,,,,0.0,5.0,100.0,0.0,0.0,100.0,,,,0.0,0.3,100.0,0.0
2018-11-06,,,,,,,,,,,,,0.0,0.4,100.0,0.0
2018-11-07,,,,,,,,,,,,,0.0,0.4,100.0,0.0
2018-11-08,2.3,5.8,98.8,,,,,,,,,,0.0,0.5,100.0,0.0
2018-11-09,,,,,,,,,,,,,0.0,0.6,100.0,0.0
2018-11-10,2.1,5.9,98.6,,,,,,,,,,0.0,0.8,100.0,0.0
2018-11-11,,,,,,,,,,,,,0.0,0.9,100.0,0.0
2018-11-12,,,,,,,,,,,,,0.0,1.5,100.0,0.0
2018-11-13,,,,,,,,,,,,,0.0,2.2,100.0,0.0
2018-11-14,1.6,6.0,98.6,,,,,,,,,,0.0,2.9,100.0,0.0
2018-11-15,,,,0.0,3.4,100.0,,,,,,,0.0,3.1,100.0,0.0
2018-11-16,3.8,12.1,98.6,,,,,,,,,,0.0,4.9,100.0,0.0
2018-11-17,,,,,,,,,,,,,0.0,5.0,100.0,0.0
2018-11-18,,,,,,,,,,,,,0.0,6.4,100.0,0.0
2018-11-19,,,,,,,,,,,,,0.0,7.7,100.0,0.0
2018-11-20,3.7,7.3,98.9,35.5,47.6,100.0,,,,,,,2.3,12.3,100.0,2.3
2018-11-21,,,,,,,0.0,4.9,100.0,,,,0.2,10.8,100.0,0.2
2018-11-22,4.1,8.3,98.7,,,,,,,,,,1.5,10.8,100.0,1.5
2018-11-23,,,,,,,,,,,,,3.8,12.3,100.0,3.8
2018-11-24,,,,,,,,,,,,,11.1,14.5,100.0,11.1
2018-11-25,,,,,,,,,,,,,13.8,15.9,100.0,13.8
2018-11-26,,,,,,,,,,,,,14.9,16.0,100.0,14.9
2018-11-27,,,,,,,,,,,,,15.5,17.3,100.0,15.5
2018-11-28,5.4,11.1,98.9,,,,,,,,,,15.5,17.3,100.0,15.5
2018-11-29,,,,,,,,,,,,,15.5,17.9,100.0,15.5
2018-11-30,,,,,,,,,,,,,15.1,16.9,100.0,15.1
2018-12-01,,,,,,,,,,,,,15.7,19.2,100.0,15.7
2018-12-02,7.5,12.4,98.9,,,,,,,,,,15.9,20.5,100.0,15.9
2018-12-03,,,,,,,,,,,,,15.4,19.0,100.0,15.4
2018-12-04,5.5,8.7,98.6,,,,,,,,,,8.3,18.8,100.0,8.3
2018-12-05,,,,,,,,,,,,,2.8,19.0,100.0,2.8
2018-12-06,,,,,,,,,,,,,2.1,20.5,100.0,2.1
2018-12-07,,,,,,,,,,,,,2.1,19.7,100.0,2.1
2018-12-08,4.8,7.0,98.4,,,,,,,,,,2.8,22.0,100.0,2.8
2018-12-09,,,,,,,,,,,,,4.7,24.6,100.0,4.7
2018-12-10,6.1,9.8,99.0,,,,,,,,,,10.9,33.0,100.0,10.9
2018-12-11,,,,,,,,,,,,,14.8,33.5,100.0,14.8
2018-12-12,,,,,,,,,,,,,18.1,39.8,100.0,18.1
2018-12-13,,,,,,,,,,,,,20.9,42.8,100.0,20.9
2018-12-14,5.2,7.4,99.1,,,,,,,,,,31.8,52.1,100.0,31.8
2018-12-15,,,,85.9,82.6,59.6,,,,,,,35.2,53.6,100.0,35.2
2018-12-16,4.8,7.3,99.2,,,,,,,,,,40.4,56.5,100.0,40.4
2018-12-17,,,,,,,,,,,,,39.6,57.3,100.0,39.6
2018-12-18,,,,,,,,,,,,,50.6,61.5,100.0,50.6
2018-12-19,,,,,,,,,,,,,44.7,59.6,100.0,44.7
2018-12-20,3.6,5.3,99.1,,,,,,,,,,48.9,59.1,100.0,48.9
2018-12-21,,,,,,,,,,,,,40.6,55.7,100.0,40.6
2018-12-22,3.8,6.2,98.9,,,,,,,,,,47.4,58.1,100.0,47.4
2018-12-23,,,,,,,,,,,,,30.6,50.1,100.0,30.6
2018-12-24,,,,,,,,,,,,,38.5,53.7,100.0,38.5
2018-12-25,,,,,,,,,,,,,25.9,46.8,100.0,25.9
2018-12-26,3.0,4.7,99.4,,,,,,,,,,35.2,52.9,100.0,35.2
2018-12-27,,,,,,,,,,,,,22.8,44.7,100.0,22.8
2018-12-28,2.3,4.7,99.2,,,,,,,,,,35.1,53.7,100.0,35.1
2018-12-29,,,,,,,,,,,,,23.8,48.3,100.0,23.8
2018-12-30,,,,,,,,,,,,,36.8,54.9,100.0,36.8
2018-12-31,,,,,,,,,,,,,26.6,50.6,100.0,26.6
2019-01-01,1.7,4.2,99.3,,,,,,,,,,71.6,59.3,100.0,71.6
2019-01-02,,,,,,,,,,,,,71.9,59.7,100.0,71.9
2019-01-03,2.4,4.5,99.3,,,,,,,,,,80.9,66.2,100.0,80.9
2019-01-04,,,,,,,,,,,,,80.6,68.5,100.0,80.6
2019-01-05,,,,,,,,,,,,,82.0,77.0,100.0,82.0
2019-01-06,,,,,,,,,,,,,81.8,77.7,100.0,81.8
2019-01-07,1.3,3.2,99.2,,,,,,,,,,82.1,78.9,100.0,82.1
2019-01-08,,,,,,,,,,,,,82.0,79.4,100.0,82.0
2019-01-09,1.6,3.7,99.1,,,,,,,,,,82.2,80.8,100.0,82.2
2019-01-10,,,,,,,,,,,,,82.2,81.3,100.0,82.2
2019-01-11,,,,,,,,,,,,,82.3,82.5,100.0,82.3
2019-01-12,,,,,,,,,,,,,82.3,82.6,100.0,82.3
2019-01-13,1.9,4.5,99.0,,,,,,,,,,82.4,85.4,100.0,82.4
2019-01-14,,,,,,,,,,,,,82.4,85.6,100.0,82.4
2019-01-15,7.5,12.6,99.3,,,,,,,,,,82.4,88.3,100.0,82.4
2019-01-16,,,,,,,,,,,,,82.4,88.9,100.0,82.4
2019-01-17,,,,,,,,,,,,,88.1,91.8,100.0,88.1
2019-01-18,,,,,,,,,,,,,90.3,92.1,100.0,90.3
2019-01-19,6.7,13.4,99.1,100.0,99.9,82.4,,,,,,,100.0,94.5,100.0,100.0
2019-01-20,,,,,,,,,,,,,100.0,94.9,100.0,100.0
2019-01-21,26.4,31.9,99.0,,,,,,,,,,100.0,96.9,100.0,100.0
2019-01-22,,,,,,,,,,,,,100.0,97.2,100.0,100.0
2019-01-23,,,,,,,,,,,,,100.0,98.5,100.0,100.0
2019-01-24,,,,,,,,,,,,,100.0,98.8,100.0,100.0
2019-01-25,89.2,60.7,99.0,,,,,,,,,,100.0,99.6,100.0,100.0
2019-01-26,,,,,,,,,,,,,100.0,99.8,100.0,100.0
2019-01-27,100.0,81.7,99.0,,,,,,,,,,100.0,99.8,100.0,100.0
2019-01-28,,,,,,,,,,,,,100.0,99.7,100.0,100.0
2019-01-29,,,,,,,,,,,,,100.0,99.7,100.0,100.0
2019-01-30,,,,,,,,,,,,,100.0,99.7,100.0,100.0
2019-01-31,100.0,90.7,98.7,,,,,,,100.0,83.7,58.6,100.0,99.8,100.0,100.0
2019-02-01,,,,,,,,,,,,,100.0,99.7,100.0,100.0
2019-02-02,,,,,,,,,,,,,100.0,99.8,100.0,100.0
2019-02-03,,,,,,,,,,,,,100.0,99.9,100.0,100.0
2019-02-04,,,,,,,,,,,,,100.0,99.9,100.0,100.0
2019-02-05,,,,,,,,,,,,,100.0,99.9,100.0,100.0
2019-02-06,100.0,92.3,99.1,,,,,,,,,,100.0,100.0,100.0,100.0
2019-02-07,,,,,,,,,,,,,100.0,100.0,100.0,100.0
2019-02-08,100.0,96.6,98.9,100.0,100.0,100.0,,,,,,,100.0,100.0,100.0,100.0
2019-02-09,,,,,,,100.0,100.0,73.7,,,,100.0,100.0,100.0,100.0
2019-02-10,,,,,,,,,,,,,100.0,100.0,100.0,100.0
2019-02-11,,,,,,,,,,,,,100.0,100.0,100.0,100.0
2019-02-12,100.0,95.4,99.0,,,,,,,,,,100.0,100.0,100.0,100.0
2019-02-13,,,,100.0,100.0,100.0,,,,100.0,86.9,100.0,100.0,100.0,100.0,100.0
2019-02-14,100.0,98.0,98.9,,,,,,,,,,100.0,100.0,100.0,100.0
2019-02-15,,,,,,,,,,100.0,93.6,100.0,100.0,100.0,100.0,100.0
2019-02-16,,,,,,,,,,100.0,96.1,100.0,100.0,100.0,100.0,100.0
2019-02-17,,,,,,,,,,100.0,97.5,100.0,100.0,99.9,100.0,100.0
2019-02-18,100.0,96.7,99.1,100.0,99.8,100.0,,,,100.0,99.0,100.0,100.0,100.0,100.0,100.0
2019-02-19,,,,,,,,,,100.0,99.6,100.0,100.0,99.9,100.0,100.0
2019-02-20,100.0,98.1,98.9,,,,,,,100.0,99.4,100.0,100.0,99.9,100.0,100.0
2019-02-21,,,,,,,,,,100.0,99.2,100.0,100.0,99.9,100.0,100.0
2019-02-22,,,,,,,,,,,,,100.0,99.9,100.0,100.0
2019-02-23,,,,99.9,99.1,100.0,,,,100.0,99.0,100.0,100.0,99.9,100.0,100.0
2019-02-24,100.0,94.4,99.3,,,,,,,100.0,99.0,100.0,100.0,99.9,100.0,100.0
2019-02-25,,,,,,,100.0,100.0,99.2,100.0,98.4,100.0,100.0,99.9,100.0,100.0
2019-02-26,100.0,95.6,99.2,,,,,,,100.0,97.4,100.0,100.0,99.9,100.0,100.0
2019-02-27,,,,,,,,,,,,,100.0,99.9,100.0,100.0
2019-02-28,,,,99.9,98.3,100.0,,,,,,,100.0,99.9,100.0,100.0
2019-03-01,,,,,,,,,,100.0,92.4,99.7,100.0,99.7,100.0,100.0
2019-03-02,100.0,89.5,99.0,,,,,,,,,,100.0,99.7,100.0,100.0
2019-03-03,,,,,,,,,,,,,100.0,99.6,100.0,100.0
2019-03-04,100.0,89.0,99.2,,,,,,,,,,100.0,99.5,100.0,100.0
2019-03-05,,,,99.2,92.6,100.0,,,,,,,100.0,99.0,100.0,100.0
2019-03-06,,,,,,,,,,,,,100.0,98.1,100.0,100.0
2019-03-07,,,,,,,,,,,,,99.9,96.7,100.0,99.9
2019-03-08,98.3,67.8,98.8,,,,,,,98.3,78.9,100.0,99.9,95.8,100.0,99.9
2019-03-09,,,,,,,,,,,,,99.8,93.5,100.0,99.8
2019-03-10,74.7,53.7,99.1,,,,,,,,,,99.8,92.4,100.0,99.8
2019-03-11,,,,,,,,,,,,,99.1,88.7,100.0,99.1
2019-03-12,,,,,,,,,,,,,98.8,88.3,100.0,98.8
2019-03-13,,,,,,,,,,,,,88.7,80.3,100.0,88.7
2019-03-14,15.7,27.6,99.0,,,,,,,,,,87.4,78.8,100.0,87.4
2019-03-15,,,,,,,,,,,,,77.8,74.8,100.0,77.8
2019-03-16,21.8,30.2,99.1,,,,,,,,,,80.1,73.8,100.0,80.1
2019-03-17,,,,,,,,,,,,,69.4,68.1,100.0,69.4
2019-03-18,,,,,,,,,,,,,75.6,68.6,100.0,75.6
2019-03-19,,,,,,,,,,,,,76.5,67.5,100.0,76.5
2019-03-20,2.9,9.4,99.2,20.6,34.7,81.6,,,,,,,81.4,68.8,100.0,81.4
2019-03-21,,,,,,,,,,,,,51.8,58.7,100.0,51.8
2019-03-22,2.7,8.3,98.8,,,,99.8,94.9,47.5,,,,53.1,58.5,100.0,53.1
2019-03-23,,,,,,,,,,,,,31.9,53.1,100.0,31.9
2019-03-24,,,,,,,,,,,,,16.6,46.3,100.0,16.6
2019-03-25,,,,,,,,,,,,,1.8,38.0,100.0,1.8
2019-03-26,0.9,3.8,98.6,,,,,,,,,,0.6,31.9,100.0,0.6
2019-03-27,,,,,,,,,,,,,0.2,29.4,100.0,0.2
2019-03-28,1.7,5.9,98.8,,,,,,,,,,0.1,21.9,100.0,0.1
2019-03-29,,,,,,,54.0,56.6,100.0,,,,0.0,19.3,100.0,0.0
2019-03-30,,,,0.3,4.8,100.0,,,,,,,0.0,13.5,100.0,0.0
2019-03-31,,,,,,,,,,,,,0.0,11.2,100.0,0.0
2019-04-01,1.0,3.7,98.5,,,,,,,,,,0.0,7.2,100.0,0.0
2019-04-02,,,,,,,,,,,,,0.0,6.2,100.0,0.0
2019-04-03,1.7,5.7,98.7,,,,,,,,,,0.0,4.7,100.0,0.0
2019-04-04,,,,,,,,,,,,,0.0,4.8,100.0,0.0
2019-04-05,,,,,,,,,,,,,0.0,3.6,100.0,0.0
2019-04-06,,,,,,,,,,,,,0.0,3.2,100.0,0.0
2019-04-07,1.3,4.7,98.7,,,,4.0,8.5,89.2,,,,0.0,3.4,100.0,0.0
2019-04-08,,,,,,,,,,,,,0.0,4.0,100.0,0.0
2019-04-09,2.4,8.3,98.6,,,,,,,,,,0.0,4.2,100.0,0.0
2019-04-10,,,,,,,,,,,,,0.0,4.5,100.0,0.0
2019-04-11,,,,,,,,,,,,,0.0,5.0,100.0,0.0
2019-04-12,,,,,,,,,,,,,0.0,6.3,100.0,0.0
2019-04-13,1.5,6.3,98.5,,,,,,,,,,0.0,5.8,100.0,0.0
2019-04-14,,,,,,,,,,,,,0.0,5.8,100.0,0.0
2019-04-15,3.3,13.7,98.7,,,,,,,,,,0.0,5.9,100.0,0.0
2019-04-16,,,,,,,,,,,,,0.0,6.7,100.0,0.0
2019-04-17,,,,,,,,,,,,,0.0,6.3,100.0,0.0
2019-04-18,,,,,,,,,,,,,0.0,5.9,100.0,0.0
2019-04-19,1.9,10.9,98.5,0.0,0.8,100.0,,,,,,,0.0,5.0,100.0,0.0
2019-04-20,,,,,,,,,,,,,0.0,4.4,100.0,0.0
2019-04-21,10.0,24.1,98.4,,,,,,,,,,0.0,4.2,100.0,0.0
2019-04-22,,,,,,,4.4,6.9,37.1,,,,0.0,4.1,100.0,0.0
2019-04-23,,,,,,,,,,,,,0.0,4.2,100.0,0.0
2019-04-24,,,,0.0,0.7,100.0,,,,,,,0.0,4.3,100.0,0.0
2019-04-25,2.4,13.9,98.5,,,,,,,,,,0.0,3.5,100.0,0.0
2019-04-26,,,,,,,,,,,,,0.0,3.4,100.0,0.0
2019-04-27,28.5,34.5,98.7,,,,,,,,,,0.0,3.4,100.0,0.0
2019-04-28,,,,,,,,,,,,,0.0,3.9,100.0,0.0
2019-04-29,,,,,,,,,,,,,0.0,4.0,100.0,0.0
2019-04-30,,,,,,,,,,,,,0.0,4.6,100.0,0.0
2019-05-01,5.2,20.8,98.4,,,,,,,,,,0.0,4.4,100.0,0.0
2019-05-02,,,,,,,,,,,,,0.0,4.6,100.0,0.0
2019-05-03,52.8,44.0,98.4,,,,,,,,,,0.0,4.8,100.0,0.0
2019-05-04,,,,,,,,,,,,,0.0,5.1,100.0,0.0
2019-05-05,,,,,,,,,,,,,0.0,4.8,100.0,0.0
2019-05-06,,,,,,,,,,,,,0.0,4.8,100.0,0.0
2019-05-07,4.6,16.4,98.2,,,,,,,,,,0.0,4.5,100.0,0.0
2019-05-08,,,,,,,,,,,,,0.0,4.4,100.0,0.0
2019-05-09,19.6,28.5,98.5,,,,,,,,,,0.0,4.4,100.0,0.0
2019-05-10,,,,,,,,,,,,,0.0,3.3,100.0,0.0
2019-05-11,,,,,,,,,,,,,0.0,3.0,100.0,0.0
2019-05-12,,,,,,,,,,,,,0.0,3.5,100.0,0.0
2019-05-13,3.4,12.5,98.3,,,,,,,,,,0.0,2.6,100.0,0.0
2019-05-14,,,,,,,,,,,,,0.0,2.6,100.0,0.0
2019-05-15,11.7,23.9,98.7,,,,,,,,,,0.0,2.1,100.0,0.0
2019-05-16,,,,,,,1.1,1.5,99.6,,,,0.0,2.3,100.0,0.0
2019-05-17,,,,,,,,,,,,,0.0,1.8,100.0,0.0
2019-05-18,,,,,,,,,,0.0,5.6,98.1,0.0,1.7,100.0,0.0
2019-05-19,3.1,11.4,98.3,0.0,0.6,92.4,,,,,,,0.0,1.3,100.0,0.0
2019-05-20,,,,,,,,,,,,,0.0,1.6,100.0,0.0
2019-05-21,4.4,15.0,98.5,,,,,,,,,,0.0,1.2,100.0,0.0
2019-05-22,,,,,,,,,,,,,0.0,1.4,100.0,0.0
2019-05-23,,,,,,,,,,,,,0.0,1.1,100.0,0.0
2019-05-24,,,,0.0,0.8,99.2,,,,,,,0.0,2.0,100.0,0.0
2019-05-25,3.0,10.4,98.7,,,,,,,,,,0.0,1.7,100.0,0.0
2019-05-26,,,,,,,,,,,,,0.0,1.7,100.0,0.0
2019-05-27,5.5,13.6,98.6,,,,,,,,,,0.0,1.5,100.0,0.0
2019-05-28,,,,,,,,,,,,,0.0,3.0,100.0,0.0
2019-05-29,,,,,,,,,,,,,0.0,2.7,100.0,0.0
2019-05-30,,,,,,,,,,,,,0.0,3.0,100.0,0.0
2019-05-31,3.1,10.7,98.7,,,,,,,,,,0.0,2.7,100.0,0.0
2019-06-01,,,,,,,0.2,0.4,43.5,,,,0.0,4.0,100.0,0.0
2019-06-02,8.7,17.3,98.5,,,,,,,,,,0.0,3.8,100.0,0.0
2019-06-03,,,,0.0,0.5,100.0,,,,0.0,0.4,100.0,0.0,3.4,100.0,0.0
2019-06-04,,,,,,,,,,0.0,0.0,100.0,0.0,3.2,100.0,0.0
2019-06-05,,,,,,,,,,0.0,0.0,100.0,0.0,2.9,100.0,0.0
2019-06-06,12.2,20.3,98.6,,,,,,,0.0,0.0,99.0,0.0,3.0,100.0,0.0
2019-06-07,,,,,,,,,,0.0,0.0,100.0,0.0,2.4,100.0,0.0
2019-06-08,12.4,21.2,98.4,,,,,,,,,,0.0,2.8,100.0,0.0
2019-06-09,,,,,,,,,,0.0,0.0,100.0,0.0,2.3,100.0,0.0
2019-06-10,,,,,,,,,,,,,0.0,2.8,100.0,0.0
2019-06-11,,,,,,,,,,,,,0.0,2.6,100.0,0.0
2019-06-12,5.6,11.7,98.7,,,,,,,,,,0.0,2.9,100.0,0.0
2019-06-13,,,,0.0,0.5,100.0,,,,0.0,0.0,100.0,0.0,1.7,100.0,0.0
2019-06-14,8.7,14.1,98.8,,,,,,,,,,0.0,1.8,100.0,0.0
2019-06-15,,,,,,,,,,0.0,0.0,69.0,0.0,1.7,100.0,0.0
2019-06-16,,,,,,,,,,,,,0.0,1.9,100.0,0.0
2019-06-17,,,,,,,,,,,,,0.0,2.2,100.0,0.0
2019-06-18,7.1,11.1,98.8,0.0,0.7,100.0,,,,,,,0.0,2.1,100.0,0.0
2019-06-19,,,,,,,,,,,,,0.0,1.9,100.0,0.0
2019-06-20,10.1,15.5,98.7,,,,,,,,,,0.0,1.5,100.0,0.0
2019-06-21,,,,,,,,,,,,,0.0,1.1,100.0,0.0
2019-06-22,,,,,,,,,,,,,0.0,0.9,100.0,0.0
2019-06-23,,,,,,,,,,,,,0.0,0.8,100.0,0.0
2019-06-24,5.2,8.3,99.2,,,,,,,0.0,0.0,100.0,0.0,0.6,100.0,0.0
2019-06-25,,,,,,,,,,,,,0.0,0.7,100.0,0.0
2019-06-26,7.0,10.1,98.7,,,,,,,,,,0.0,0.6,100.0,0.0
2019-06-27,,,,,,,,,,0.0,0.0,100.0,0.0,0.4,100.0,0.0
2019-06-28,,,,0.0,0.3,100.0,,,,0.0,0.0,100.0,0.0,0.3,100.0,0.0
2019-06-29,,,,,,,,,,,,,0.0,0.4,100.0,0.0
2019-06-30,5.3,8.1,98.8,,,,,,,0.0,0.0,100.0,0.0,0.3,100.0,0.0
2019-07-01,,,,,,,,,,0.0,0.0,100.0,0.0,0.3,100.0,0.0
2019-07-02,8.6,13.0,99.0,,,,,,,,,,0.0,0.3,100.0,0.0
2019-07-03,,,,0.0,0.4,86.9,0.1,0.2,73.7,,,,0.0,0.3,100.0,0.0
2019-07-04,,,,,,,,,,,,,0.0,0.2,100.0,0.0
2019-07-05,,,,,,,,,,,,,0.0,0.2,100.0,0.0
2019-07-06,4.3,7.3,98.7,,,,,,,0.0,0.0,100.0,0.0,0.1,100.0,0.0
2019-07-07,,,,,,,,,,,,,0.0,0.2,100.0,0.0
2019-07-08,4.5,8.9,98.8,,,,,,,,,,0.0,0.2,100.0,0.0
2019-07-09,,,,,,,,,,,,,0.0,0.3,100.0,0.0
2019-07-10,,,,,,,,,,,,,0.0,0.3,100.0,0.0
2019-07-11,,,,,,,,,,,,,0.0,0.5,100.0,0.0
2019-07-12,2.6,6.2,98.6,,,,,,,,,,0.0,0.6,100.0,0.0
2019-07-13,,,,,,,,,,,,,0.0,0.9,100.0,0.0
2019-07-14,5.8,12.4,98.8,,,,,,,,,,0.0,0.4,100.0,0.0
2019-07-15,,,,,,,,,,,,,0.0,0.5,100.0,0.0
2019-07-16,,,,,,,,,,,,,0.0,0.5,100.0,0.0
2019-07-17,,,,,,,,,,,,,0.0,1.2,100.0,0.0
2019-07-18,3.1,6.9,98.9,,,,,,,,,,0.0,0.9,100.0,0.0
2019-07-19,,,,,,,,,,,,,0.0,0.9,100.0,0.0
2019-07-20,5.3,13.6,98.7,,,,,,,,,,0.0,0.5,100.0,0.0
2019-07-21,,,,,,,,,,,,,0.0,0.6,100.0,0.0
2019-07-22,,,,,,,,,,,,,0.0,0.5,100.0,0.0
2019-07-23,,,,0.0,0.3,100.0,,,,0.0,0.0,100.0,0.0,0.3,100.0,0.0
2019-07-24,2.6,6.4,98.8,,,,,,,,,,0.0,0.2,100.0,0.0
2019-07-25,,,,,,,,,,,,,0.0,0.2,100.0,0.0
2019-07-26,3.5,10.4,98.8,,,,,,,,,,0.0,0.2,100.0,0.0
2019-07-27,,,,,,,,,,,,,0.0,0.2,100.0,0.0
2019-07-28,,,,,,,,,,,,,0.0,0.2,100.0,0.0
2019-07-29,,,,,,,,,,0.0,0.0,100.0,0.0,0.1,100.0,0.0
2019-07-30,2.0,4.7,98.5,,,,,,,,,,0.0,0.1,100.0,0.0
2019-07-31,,,,,,,,,,,,,0.0,0.1,100.0,0.0
2019-08-01,3.0,9.6,98.7,,,,,,,,,,0.0,0.1,100.0,0.0
2019-08-02,,,,,,,,,,,,,0.0,0.2,100.0,0.0
2019-08-03,,,,,,,,,,,,,0.0,0.2,100.0,0.0
2019-08-04,,,,,,,,,,,,,0.0,0.2,100.0,0.0
2019-08-05,1.7,5.1,98.6,,,,,,,,,,0.0,0.1,100.0,0.0
2019-08-06,,,,,,,,,,,,,0.0,0.1,100.0,0.0
2019-08-07,2.7,9.0,98.6,,,,,,,,,,0.0,0.1,100.0,0.0
2019-08-08,,,,,,,,,,,,,0.0,0.1,100.0,0.0
2019-08-09,,,,,,,,,,0.0,0.0,100.0,0.0,0.1,100.0,0.0
2019-08-10,,,,,,,,,,,,,0.0,0.1,100.0,0.0
2019-08-11,1.9,5.8,98.9,,,,,,,0.0,0.0,100.0,0.0,0.0,100.0,0.0
2019-08-12,,,,,,,,,,,,,0.0,0.1,100.0,0.0
2019-08-13,3.8,10.2,99.0,,,,,,,,,,0.0,0.0,100.0,0.0
2019-08-14,,,,,,,,,,,,,0.0,0.1,100.0,0.0
2019-08-15,,,,,,,,,,,,,0.0,0.0,100.0,0.0
2019-08-16,,,,,,,,,,,,,0.0,0.1,100.0,0.0
2019-08-17,3.0,11.4,99.0,,,,,,,0.0,0.0,100.0,0.0,0.1,100.0,0.0
2019-08-18,,,,,,,,,,0.0,0.0,100.0,0.0,0.1,100.0,0.0
2019-08-19,5.9,15.5,98.6,,,,,,,,,,0.0,0.1,100.0,0.0
2019-08-20,,,,,,,,,,,,,0.0,0.1,100.0,0.0
2019-08-21,,,,,,,,,,,,,0.0,0.1,100.0,0.0
2019-08-22,,,,,,,,,,,,,0.0,0.1,100.0,0.0
2019-08-23,4.1,14.1,98.5,,,,,,,,,,0.0,0.1,100.0,0.0
2019-08-24,,,,,,,,,,,,,0.0,0.1,100.0,0.0
2019-08-25,7.2,18.7,98.8,,,,,,,0.0,0.0,55.8,0.0,0.1,100.0,0.0
2019-08-26,,,,,,,,,,0.0,0.0,100.0,0.0,0.1,100.0,0.0
2019-08-27,,,,0.0,0.8,100.0,,,,0.0,0.0,100.0,0.0,0.0,100.0,0.0
2019-08-28,,,,,,,0.1,0.2,87.7,,,,0.0,0.1,100.0,0.0
2019-08-29,5.2,16.9,98.8,,,,,,,,,,0.0,0.1,100.0,0.0
2019-08-30,,,,,,,,,,,,,0.0,0.1,100.0,0.0
2019-08-31,9.4,20.5,98.9,,,,,,,0.0,0.0,100.0,0.0,0.0,100.0,0.0
2019-09-01,,,,0.0,1.7,100.0,,,,,,,0.0,0.1,100.0,0.0
2019-09-02,,,,,,,,,,,,,0.0,0.1,100.0,0.0
2019-09-03,,,,,,,,,,0.0,0.0,100.0,0.0,0.1,100.0,0.0
2019-09-04,5.2,10.4,98.8,,,,,,,0.0,0.0,100.0,0.0,0.0,100.0,0.0
2019-09-05,,,,,,,,,,,,,0.0,0.1,100.0,0.0
2019-09-06,7.8,15.0,98.9,,,,,,,,,,0.0,0.1,100.0,0.0
2019-09-07,,,,,,,,,,,,,0.0,0.0,100.0,0.0
2019-09-08,,,,,,,,,,,,,0.0,0.0,100.0,0.0
2019-09-09,,,,,,,,,,,,,0.0,0.0,100.0,0.0
2019-09-10,4.8,8.8,99.0,,,,,,,,,,0.0,0.0,100.0,0.0
2019-09-11,,,,,,,,,,,,,0.0,0.0,100.0,0.0
2019-09-12,8.4,17.1,98.8,,,,,,,,,,0.0,0.0,100.0,0.0
2019-09-13,,,,,,,,,,,,,0.0,0.0,100.0,0.0
2019-09-14,,,,,,,,,,,,,0.0,0.0,100.0,0.0
2019-09-15,,,,,,,,,,,,,0.0,0.0,100.0,0.0
2019-09-16,6.2,10.9,99.0,0.0,0.7,100.0,,,,,,,0.0,0.0,100.0,0.0
2019-09-17,,,,,,,,,,,,,0.0,0.0,100.0,0.0
2019-09-18,8.1,15.4,98.9,,,,,,,,,,0.0,0.0,100.0,0.0
2019-09-19,,,,,,,,,,,,,0.0,0.0,100.0,0.0
2019-09-20,,,,,,,,,,,,,0.0,0.0,100.0,0.0
2019-09-21,,,,0.0,0.7,100.0,0.0,0.0,100.0,,,,0.0,0.0,100.0,0.0
2019-09-22,5.1,9.0,99.1,,,,,,,,,,0.0,0.0,100.0,0.0
2019-09-23,,,,,,,,,,,,,0.0,0.0,100.0,0.0
2019-09-24,6.2,12.6,98.9,,,,,,,,,,0.0,0.0,100.0,0.0
2019-09-25,,,,,,,,,,,,,0.0,0.0,100.0,0.0
2019-09-26,,,,,,,,,,,,,0.0,0.0,100.0,0.0
2019-09-27,,,,,,,,,,,,,0.0,0.1,100.0,0.0
2019-09-28,3.9,8.3,98.8,,,,,,,,,,0.0,0.1,100.0,0.0
2019-09-29,,,,,,,,,,,,,0.0,0.1,100.0,0.0
2019-09-30,6.7,15.7,99.0,,,,,,,,,,0.0,0.1,100.0,0.0
2019-10-01,,,,0.0,0.8,100.0,,,,0.0,0.0,100.0,0.0,0.1,100.0,0.0
2019-10-02,,,,,,,,,,,,,0.0,0.2,100.0,0.0
2019-10-03,,,,,,,,,,,,,0.0,0.2,100.0,0.0
2019-10-04,2.0,9.2,99.1,,,,,,,,,,0.0,0.3,100.0,0.0
2019-10-05,,,,,,,,,,,,,0.0,0.4,100.0,0.0
2019-10-06,3.5,13.2,99.0,,,,,,,,,,0.0,0.3,100.0,0.0
2019-10-07,,,,,,,,,,,,,0.0,0.6,100.0,0.0
2019-10-08,,,,,,,,,,,,,0.0,0.7,100.0,0.0
2019-10-09,,,,,,,,,,0.0,0.0,100.0,0.0,0.4,100.0,0.0
2019-10-10,0.7,7.3,98.6,,,,,,,,,,0.0,0.6,100.0,0.0
2019-10-11,,,,0.0,1.0,100.0,,,,,,,0.0,0.5,100.0,0.0
2019-10-12,1.3,10.6,99.1,,,,,,,,,,0.0,0.5,100.0,0.0
2019-10-13,,,,,,,,,,,,,0.0,0.4,100.0,0.0
2019-10-14,,,,,,,,,,,,,0.0,0.5,100.0,0.0
2019-10-15,,,,,,,,,,,,,0.0,0.5,100.0,0.0
2019-10-16,0.5,6.3,98.8,0.0,1.7,100.0,,,,0.0,0.0,100.0,0.0,0.4,100.0,0.0
2019-10-17,,,,,,,,,,0.0,0.1,100.0,0.0,0.3,100.0,0.0
2019-10-18,0.8,6.3,98.8,,,,,,,0.0,0.2,100.0,0.0,0.3,100.0,0.0
2019-10-19,,,,,,,,,,,,,0.0,0.3,100.0,0.0
2019-10-20,,,,,,,,,,,,,0.0,0.2,100.0,0.0
2019-10-21,,,,,,,,,,,,,0.0,0.2,100.0,0.0
2019-10-22,0.5,5.1,98.7,,,,,,,,,,0.0,0.2,100.0,0.0
2019-10-23,,,,,,,0.0,0.1,100.0,0.0,0.6,100.0,0.0,0.2,100.0,0.0
2019-10-24,2.5,10.0,98.8,,,,,,,0.0,0.8,97.9,0.0,0.2,100.0,0.0
2019-10-25,,,,,,,,,,0.0,1.4,100.0,0.0,0.2,100.0,0.0
2019-10-26,,,,0.0,2.7,100.0,,,,0.0,3.7,100.0,0.0,0.3,100.0,0.0
2019-10-27,,,,,,,,,,0.2,10.6,100.0,0.0,0.4,100.0,0.0
2019-10-28,5.4,16.7,98.7,,,,,,,,,,0.0,0.4,100.0,0.0
2019-10-29,,,,,,,,,,22.6,30.8,100.0,0.0,0.5,100.0,0.0
2019-10-30,8.6,17.9,98.8,,,,,,,,,,0.0,0.6,100.0,0.0
2019-10-31,,,,,,,,,,94.9,67.0,57.1,0.0,0.8,100.0,0.0
2019-11-01,,,,,,,,,,,,,0.0,0.8,100.0,0.0
2019-11-02,,,,,,,,,,,,,0.0,0.8,100.0,0.0
2019-11-03,6.8,16.5,98.7,,,,,,,,,,0.0,0.9,100.0,0.0
2019-11-04,,,,,,,,,,,,,0.0,1.1,100.0,0.0
2019-11-05,6.2,14.4,98.9,,,,,,,,,,0.0,1.1,100.0,0.0
2019-11-06,,,,,,,,,,,,,0.0,1.4,100.0,0.0
2019-11-07,,,,,,,,,,,,,0.0,1.5,100.0,0.0
2019-11-08,,,,,,,,,,,,,0.0,2.6,100.0,0.0
2019-11-09,9.5,18.2,98.2,,,,,,,,,,0.0,3.0,100.0,0.0
2019-11-10,,,,0.0,11.9,97.3,,,,,,,0.0,3.7,100.0,0.0
2019-11-11,,,,,,,,,,,,,0.0,3.9,100.0,0.0
2019-11-12,,,,,,,,,,,,,0.0,4.7,100.0,0.0
2019-11-13,,,,,,,,,,,,,0.0,4.8,100.0,0.0
2019-11-14,,,,,,,,,,,,,0.0,5.6,100.0,0.0
2019-11-15,6.6,14.6,98.8,,,,,,,,,,0.0,5.4,100.0,0.0
2019-11-16,,,,,,,,,,,,,0.0,5.4,100.0,0.0
2019-11-17,7.8,16.8,98.4,,,,,,,,,,0.0,5.2,100.0,0.0
2019-11-18,,,,,,,,,,,,,0.0,5.9,100.0,0.0
2019-11-19,,,,,,,,,,,,,0.0,5.7,100.0,0.0
2019-11-20,,,,,,,,,,,,,0.0,5.9,100.0,0.0
2019-11-21,3.6,9.4,98.7,,,,,,,,,,0.0,6.0,100.0,0.0
2019-11-22,,,,,,,,,,,,,0.0,6.4,100.0,0.0
2019-11-23,5.4,13.2,98.8,,,,,,,,,,0.0,6.4,100.0,0.0
2019-11-24,,,,,,,,,,,,,0.0,6.9,100.0,0.0
2019-11-25,,,,,,,,,,,,,0.0,6.7,100.0,0.0
2019-11-26,,,,,,,,,,,,,0.0,9.8,100.0,0.0
2019-11-27,1.9,6.6,98.9,,,,,,,,,,0.0,9.8,100.0,0.0
2019-11-28,,,,,,,,,,,,,0.0,11.4,100.0,0.0
2019-11-29,3.7,11.0,99.0,,,,,,,,,,0.0,10.7,100.0,0.0
2019-11-30,,,,,,,,,,,,,0.0,14.9,100.0,0.0
2019-12-01,,,,,,,,,,,,,0.1,15.6,100.0,0.1
2019-12-02,,,,,,,,,,,,,0.1,21.0,100.0,0.1
2019-12-03,0.7,4.1,98.9,,,,,,,,,,0.2,19.0,100.0,0.2
2019-12-04,,,,,,,,,,97.3,76.2,100.0,0.7,28.0,100.0,0.7
2019-12-05,3.3,9.5,99.1,20.3,33.7,100.0,,,,,,,2.5,30.7,100.0,2.5
2019-12-06,,,,,,,,,,,,,2.2,36.6,100.0,2.2
2019-12-07,,,,,,,,,,,,,1.9,31.5,100.0,1.9
2019-12-08,,,,,,,,,,99.8,84.1,100.0,5.7,41.7,100.0,5.7
2019-12-09,0.3,2.7,98.8,,,,,,,,,,8.2,40.2,100.0,8.2
2019-12-10,,,,85.9,74.6,66.5,,,,,,,21.5,47.5,100.0,21.5
2019-12-11,1.7,8.4,99.0,,,,,,,99.9,91.7,90.4,8.9,40.0,100.0,8.9
2019-12-12,,,,,,,,,,,,,25.8,47.3,100.0,25.8
2019-12-13,,,,,,,,,,,,,10.4,40.5,100.0,10.4
2019-12-14,,,,,,,,,,,,,20.2,45.2,100.0,20.2
2019-12-15,0.4,3.7,99.0,,,,,,,98.9,86.9,50.6,2.7,31.9,100.0,2.7
2019-12-16,,,,,,,,,,,,,6.1,36.7,100.0,6.1
2019-12-17,2.4,11.1,98.9,,,,,,,,,,1.0,23.9,100.0,1.0
2019-12-18,,,,,,,,,,,,,0.9,25.3,100.0,0.9
2019-12-19,,,,,,,,,,,,,0.2,15.1,100.0,0.2
2019-12-20,,,,,,,,,,,,,0.1,16.3,100.0,0.1
2019-12-21,0.3,3.0,98.8,,,,,,,,,,0.0,11.4,100.0,0.0
2019-12-22,,,,,,,,,,,,,0.0,13.7,100.0,0.0
2019-12-23,0.5,4.2,98.7,,,,,,,,,,0.0,10.4,100.0,0.0
2019-12-24,,,,,,,,,,,,,0.0,10.8,100.0,0.0
2019-12-25,,,,,,,,,,89.1,74.6,83.3,0.0,10.6,100.0,0.0
2019-12-26,,,,,,,2.0,23.3,100.0,89.7,71.5,100.0,0.0,13.2,100.0,0.0
2019-12-27,0.2,2.6,98.8,,,,,,,,,,0.0,14.6,100.0,0.0
2019-12-28,,,,,,,,,,,,,0.0,16.8,100.0,0.0
2019-12-29,0.4,3.2,99.1,,,,,,,90.5,72.0,100.0,0.1,22.0,100.0,0.1
2019-12-30,,,,89.0,70.3,100.0,,,,,,,0.2,32.2,100.0,0.2
2019-12-31,,,,,,,,,,,,,0.4,33.8,100.0,0.4
2020-01-01,,,,,,,,,,,,,0.7,38.1,100.0,0.7
2020-01-02,0.3,2.1,98.8,,,,,,,88.9,77.0,100.0,5.7,46.4,100.0,5.7
2020-01-03,,,,,,,,,,,,,35.5,56.3,100.0,35.5
2020-01-04,0.4,2.4,98.6,,,,,,,,,,49.2,59.3,100.0,49.2
2020-01-05,,,,,,,,,,,,,77.7,64.0,100.0,77.7
2020-01-06,,,,,,,,,,,,,83.3,63.7,100.0,83.3
2020-01-07,,,,,,,,,,,,,94.2,67.1,100.0,94.2
2020-01-08,0.4,2.5,98.9,,,,,,,,,,97.6,67.0,100.0,97.6
2020-01-09,,,,72.0,59.2,100.0,,,,,,,99.0,70.3,100.0,99.0
2020-01-10,1.0,3.7,98.9,,,,,,,,,,98.6,68.5,100.0,98.6
2020-01-11,,,,,,,,,,,,,99.3,70.6,100.0,99.3
2020-01-12,,,,,,,,,,,,,99.3,70.0,100.0,99.3
2020-01-13,,,,,,,,,,,,,99.3,71.9,100.0,99.3
2020-01-14,1.2,4.1,98.6,28.4,40.9,100.0,,,,,,,99.2,71.7,100.0,99.2
2020-01-15,,,,,,,,,,,,,98.5,69.6,100.0,98.5
2020-01-16,3.0,6.3,98.8,,,,,,,,,,97.7,67.8,100.0,97.7
2020-01-17,,,,,,,,,,,,,96.4,67.4,100.0,96.4
2020-01-18,,,,,,,,,,,,,92.4,65.5,100.0,92.4
2020-01-19,,,,,,,,,,,,,91.3,65.2,100.0,91.3
2020-01-20,3.2,7.1,98.8,,,,,,,,,,75.6,63.2,100.0,75.6
2020-01-21,,,,,,,,,,,,,84.3,63.6,100.0,84.3
2020-01-22,4.3,7.1,98.7,,,,,,,,,,51.3,59.6,100.0,51.3
2020-01-23,,,,,,,,,,,,,67.0,60.6,100.0,67.0
2020-01-24,,,,31.9,41.5,100.0,,,,,,,60.6,59.7,100.0,60.6
2020-01-25,,,,,,,,,,,,,67.3,60.8,100.0,67.3
2020-01-26,3.4,5.7,98.5,,,,,,,,,,33.3,54.1,100.0,33.3
2020-01-27,,,,,,,65.5,53.4,82.2,,,,45.4,55.7,100.0,45.4
2020-01-28,3.7,5.1,98.9,,,,,,,97.5,88.0,99.3,28.0,50.9,100.0,28.0
2020-01-29,,,,,,,,,,,,,41.3,54.4,100.0,41.3
2020-01-30,,,,,,,,,,,,,17.1,46.5,100.0,17.1
2020-01-31,,,,,,,,,,99.2,90.1,100.0,25.1,49.8,100.0,25.1
2020-02-01,3.0,4.6,98.6,,,,,,,,,,14.9,44.7,100.0,14.9
2020-02-02,,,,,,,,,,,,,15.2,46.3,100.0,15.2
2020-02-03,3.4,4.6,98.8,,,,,,,,,,8.7,37.7,100.0,8.7
2020-02-04,,,,,,,,,,,,,9.0,40.7,100.0,9.0
2020-02-05,,,,,,,,,,,,,7.5,35.8,100.0,7.5
2020-02-06,,,,,,,,,,,,,6.2,36.3,100.0,6.2
2020-02-07,3.0,5.0,99.0,,,,,,,99.5,90.1,100.0,7.7,35.5,100.0,7.7
2020-02-08,,,,54.1,49.0,60.8,,,,99.5,90.0,100.0,9.8,41.9,100.0,9.8
2020-02-09,4.4,6.5,99.1,,,,,,,,,,10.1,39.7,100.0,10.1
2020-02-10,,,,,,,,,,,,,5.9,37.5,100.0,5.9
2020-02-11,,,,,,,,,,,,,5.4,33.5,100.0,5.4
2020-02-12,,,,,,,,,,,,,4.8,36.3,100.0,4.8
2020-02-13,2.8,3.9,98.9,19.0,30.2,100.0,,,,99.3,89.4,100.0,6.5,35.6,100.0,6.5
2020-02-14,,,,,,,,,,,,,3.5,33.4,100.0,3.5
2020-02-15,2.2,2.8,98.6,,,,,,,99.9,90.8,100.0,4.4,30.7,100.0,4.4
2020-02-16,,,,,,,,,,,,,2.4,32.9,100.0,2.4
2020-02-17,,,,,,,,,,,,,3.8,31.5,100.0,3.8
2020-02-18,,,,2.2,18.9,64.2,,,,,,,1.9,29.5,100.0,1.9
2020-02-19,1.4,2.4,98.9,,,,,,,,,,2.7,24.3,100.0,2.7
2020-02-20,,,,,,,,,,100.0,90.9,100.0,1.3,25.3,100.0,1.3
2020-02-21,1.7,2.5,98.6,,,,,,,100.0,90.8,100.0,2.9,25.4,100.0,2.9
2020-02-22,,,,,,,,,,99.2,85.6,100.0,1.6,25.8,100.0,1.6
2020-02-23,,,,,,,,,,94.9,75.6,96.4,2.1,22.3,100.0,2.1
2020-02-24,,,,,,,,,,,,,0.9,22.7,100.0,0.9
2020-02-25,1.5,2.5,98.9,,,,,,,,,,1.9,21.5,100.0,1.9
2020-02-26,,,,,,,,,,,,,0.6,20.5,100.0,0.6
2020-02-27,0.9,1.8,99.1,,,,,,,83.0,65.7,100.0,1.0,18.1,100.0,1.0
2020-02-28,,,,,,,,,,,,,0.3,19.4,100.0,0.3
2020-02-29,,,,,,,,,,,,,0.8,18.6,100.0,0.8
2020-03-01,,,,,,,,,,92.0,71.7,100.0,0.1,18.9,100.0,0.1
2020-03-02,,,,,,,,,,97.2,78.0,100.0,0.3,16.6,100.0,0.3
2020-03-03,,,,,,,,,,,,,0.1,17.8,100.0,0.1
2020-03-04,1.0,2.0,99.1,0.1,11.1,54.0,,,,,,,0.4,15.7,100.0,0.4
2020-03-05,,,,,,,,,,88.9,68.8,63.2,0.0,13.6,100.0,0.0
2020-03-06,,,,,,,,,,,,,0.0,11.7,100.0,0.0
2020-03-07,,,,,,,,,,,,,0.0,13.3,100.0,0.0
2020-03-08,1.3,2.3,99.1,,,,0.8,16.8,73.7,,,,0.0,11.4,100.0,0.0
2020-03-09,,,,,,,,,,,,,0.0,11.1,100.0,0.0
2020-03-10,2.1,3.1,99.3,,,,,,,,,,0.0,9.4,100.0,0.0
2020-03-11,,,,,,,,,,,,,0.0,10.4,100.0,0.0
2020-03-12,,,,,,,,,,,,,0.0,9.2,100.0,0.0
2020-03-13,,,,,,,,,,,,,0.0,8.8,100.0,0.0
2020-03-14,2.2,3.1,99.1,,,,,,,,,,0.0,7.2,100.0,0.0
2020-03-15,,,,,,,0.7,7.9,100.0,56.9,50.9,100.0,0.0,7.5,100.0,0.0
2020-03-16,1.8,2.5,99.2,,,,,,,,,,0.0,6.2,100.0,0.0
2020-03-17,,,,,,,,,,,,,0.0,7.4,100.0,0.0
2020-03-18,,,,,,,,,,,,,0.0,5.9,100.0,0.0
2020-03-19,,,,0.0,2.6,100.0,,,,,,,0.0,6.9,100.0,0.0
2020-03-20,1.9,2.2,99.1,,,,,,,,,,0.0,5.1,100.0,0.0
2020-03-21,,,,,,,,,,,,,0.0,5.5,100.0,0.0
2020-03-22,1.2,1.8,99.2,,,,,,,,,,0.0,4.9,100.0,0.0
2020-03-23,,,,,,,,,,,,,0.0,6.1,100.0,0.0
2020-03-24,,,,0.0,2.6,100.0,1.6,5.4,99.4,,,,0.0,5.7,100.0,0.0
2020-03-25,,,,,,,,,,,,,0.0,6.2,100.0,0.0
2020-03-26,,,,,,,,,,48.7,46.3,100.0,0.0,5.3,100.0,0.0
2020-03-27,,,,,,,,,,42.0,42.5,90.4,0.0,5.9,100.0,0.0
2020-03-28,1.4,2.0,98.7,,,,,,,,,,0.0,5.0,100.0,0.0
2020-03-29,,,,,,,,,,,,,0.0,5.6,100.0,0.0
2020-03-30,,,,,,,,,,,,,0.0,5.2,100.0,0.0
2020-03-31,,,,,,,3.6,10.2,31.5,,,,0.0,6.7,100.0,0.0
2020-04-01,0.9,1.6,99.1,,,,,,,,,,0.0,6.6,100.0,0.0
2020-04-02,,,,,,,,,,,,,0.0,6.3,100.0,0.0
2020-04-03,1.3,1.9,99.1,0.0,2.8,47.7,,,,,,,0.0,5.7,100.0,0.0
2020-04-04,,,,,,,,,,,,,0.0,6.2,100.0,0.0
2020-04-05,,,,,,,,,,,,,0.0,5.2,100.0,0.0
2020-04-06,,,,,,,,,,,,,0.0,4.7,100.0,0.0
2020-04-07,0.9,1.4,98.9,,,,,,,0.3,11.6,57.2,0.0,3.8,100.0,0.0
2020-04-08,,,,0.0,1.7,99.9,,,,0.0,4.2,95.0,0.0,3.8,100.0,0.0
2020-04-09,0.9,1.8,99.0,,,,,,,,,,0.0,2.9,100.0,0.0
2020-04-10,,,,,,,,,,0.0,1.0,100.0,0.0,2.3,100.0,0.0
2020-04-11,,,,,,,,,,,,,0.0,2.1,100.0,0.0
2020-04-12,,,,,,,,,,0.0,0.4,78.5,0.0,2.0,100.0,0.0
2020-04-13,1.0,1.7,98.8,0.0,1.4,85.7,,,,,,,0.0,1.6,100.0,0.0
2020-04-14,,,,,,,,,,,,,0.0,1.8,100.0,0.0
2020-04-15,1.0,2.1,99.0,,,,,,,0.0,0.4,100.0,0.0,1.5,100.0,0.0
2020-04-16,,,,,,,1.2,1.6,100.0,,,,0.0,1.8,100.0,0.0
2020-04-17,,,,,,,,,,0.0,0.4,30.3,0.0,1.5,100.0,0.0
2020-04-18,,,,,,,,,,,,,0.0,1.6,100.0,0.0
2020-04-19,,,,,,,,,,,,,0.0,1.5,100.0,0.0
2020-04-20,,,,,,,,,,0.0,0.1,100.0,0.0,2.1,100.0,0.0
2020-04-21,1.0,1.9,99.0,,,,,,,,,,0.0,2.5,100.0,0.0
2020-04-22,,,,,,,,,,0.0,0.2,100.0,0.0,2.4,100.0,0.0
2020-04-23,,,,0.0,0.7,100.0,,,,0.0,0.1,100.0,0.0,2.6,100.0,0.0
2020-04-24,,,,,,,,,,0.0,0.1,100.0,0.0,3.5,100.0,0.0
2020-04-25,1.0,2.0,98.8,,,,,,,,,,0.0,4.3,100.0,0.0
2020-04-26,,,,,,,,,,0.0,0.2,81.0,0.0,3.8,100.0,0.0
2020-04-27,1.8,3.0,98.9,,,,,,,,,,0.0,3.4,100.0,0.0
2020-04-28,,,,,,,,,,0.0,0.1,100.0,0.0,4.0,100.0,0.0
2020-04-29,,,,,,,,,,,,,0.0,4.9,100.0,0.0
2020-04-30,,,,,,,,,,0.0,0.1,100.0,0.0,3.7,100.0,0.0
2020-05-01,1.7,3.3,98.5,,,,,,,,,,0.0,4.1,100.0,0.0
2020-05-02,,,,,,,,,,,,,0.0,5.7,100.0,0.0
2020-05-03,2.5,3.5,98.8,,,,,,,,,,0.0,6.2,100.0,0.0
2020-05-04,,,,,,,,,,,,,0.0,4.7,100.0,0.0
2020-05-05,,,,,,,,,,,,,0.0,3.5,100.0,0.0
2020-05-06,,,,,,,,,,,,,0.0,4.0,100.0,0.0
2020-05-07,2.3,3.5,99.1,,,,,,,,,,0.0,3.1,100.0,0.0
2020-05-08,,,,0.0,0.6,97.5,,,,0.0,0.0,92.8,0.0,1.8,100.0,0.0
2020-05-09,4.0,4.8,98.8,,,,,,,,,,0.0,1.3,100.0,0.0
2020-05-10,,,,,,,,,,,,,0.0,1.2,100.0,0.0
2020-05-11,,,,,,,,,,,,,0.0,0.9,100.0,0.0
2020-05-12,,,,,,,,,,,,,0.0,0.6,100.0,0.0
2020-05-13,3.8,4.7,98.6,,,,,,,,,,0.0,0.4,100.0,0.0
2020-05-14,,,,,,,,,,,,,0.0,0.3,100.0,0.0
2020-05-15,4.4,5.0,99.0,,,,,,,,,,0.0,0.2,100.0,0.0
2020-05-16,,,,,,,,,,,,,0.0,0.1,100.0,0.0
2020-05-17,,,,,,,,,,,,,0.0,0.1,100.0,0.0
2020-05-18,,,,0.0,0.4,100.0,0.1,0.2,100.0,,,,0.0,0.1,100.0,0.0
2020-05-19,4.3,4.9,98.6,,,,,,,,,,0.0,0.1,100.0,0.0
2020-05-20,,,,,,,,,,,,,0.0,0.1,100.0,0.0
2020-05-21,6.4,7.2,98.8,,,,,,,,,,0.0,0.1,100.0,0.0
2020-05-22,,,,,,,,,,,,,0.0,0.2,100.0,0.0
2020-05-23,,,,0.0,0.4,100.0,,,,,,,0.0,0.2,100.0,0.0
2020-05-24,,,,,,,,,,,,,0.0,0.2,100.0,0.0
2020-05-25,5.8,7.8,98.6,,,,,,,,,,0.0,0.3,100.0,0.0
2020-05-26,,,,,,,,,,,,,0.0,1.3,100.0,0.0
2020-05-27,7.2,8.6,98.8,,,,,,,,,,0.0,1.3,100.0,0.0
2020-05-28,,,,,,,,,,,,,0.0,1.6,100.0,0.0
2020-05-29,,,,,,,,,,,,,0.0,1.1,100.0,0.0
2020-05-30,,,,,,,,,,,,,0.0,1.9,100.0,0.0
2020-05-31,5.8,7.6,98.6,,,,,,,,,,0.0,1.9,100.0,0.0
2020-06-01,,,,,,,,,,0.0,0.0,100.0,0.0,1.8,100.0,0.0
2020-06-02,6.6,7.7,98.9,0.0,0.7,68.4,,,,0.0,0.0,45.5,0.0,1.5,100.0,0.0
2020-06-03,,,,,,,,,,,,,0.0,2.9,100.0,0.0
2020-06-04,,,,,,,,,,,,,0.0,2.4,100.0,0.0
2020-06-05,,,,,,,,,,,,,0.0,2.7,100.0,0.0
2020-06-06,4.9,6.8,98.4,,,,,,,0.0,0.0,100.0,0.0,1.8,100.0,0.0
2020-06-07,,,,,,,,,,,,,0.0,2.3,100.0,0.0
2020-06-08,5.5,6.9,98.7,,,,,,,,,,0.0,1.9,100.0,0.0
2020-06-09,,,,,,,,,,,,,0.0,2.5,100.0,0.0
2020-06-10,,,,,,,,,,,,,0.0,2.1,100.0,0.0
2020-06-11,,,,,,,,,,0.0,0.0,40.4,0.0,2.4,100.0,0.0
2020-06-12,3.6,4.8,88.5,0.0,0.3,100.0,,,,0.0,0.0,100.0,0.0,1.7,100.0,0.0
2020-06-13,,,,,,,,,,0.0,0.0,100.0,0.0,1.8,100.0,0.0
2020-06-14,3.2,4.1,88.2,,,,,,,,,,0.0,1.4,100.0,0.0
2020-06-15,,,,,,,,,,,,,0.0,1.6,100.0,0.0
2020-06-16,,,,,,,,,,,,,0.0,1.4,100.0,0.0
2020-06-17,,,,,,,,,,,,,0.0,1.4,100.0,0.0
2020-06-18,3.1,4.1,88.5,,,,,,,0.0,0.0,94.4,0.0,1.0,100.0,0.0
2020-06-19,,,,,,,,,,,,,0.0,1.2,100.0,0.0
2020-06-20,3.6,4.3,88.4,,,,,,,,,,0.0,1.3,100.0,0.0
2020-06-21,,,,,,,,,,,,,0.0,0.8,100.0,0.0
2020-06-22,,,,,,,,,,0.0,0.0,100.0,0.0,0.4,100.0,0.0
2020-06-23,,,,,,,,,,0.0,0.0,44.5,0.0,0.4,100.0,0.0
2020-06-24,,,,,,,,,,,,,0.0,0.4,100.0,0.0
2020-06-25,,,,,,,,,,,,,0.0,0.4,100.0,0.0
2020-06-26,4.4,4.7,88.3,,,,,,,,,,0.0,0.3,100.0,0.0
2020-06-27,,,,0.0,0.5,55.9,,,,0.0,0.0,100.0,0.0,0.2,100.0,0.0
2020-06-28,,,,,,,,,,0.0,0.0,100.0,0.0,0.1,100.0,0.0
2020-06-29,,,,,,,,,,,,,0.0,0.1,100.0,0.0
2020-06-30,4.0,4.6,88.7,,,,,,,0.0,0.0,74.3,0.0,0.1,100.0,0.0
2020-07-01,,,,,,,,,,,,,0.0,0.0,100.0,0.0
2020-07-02,4.8,5.6,88.4,,,,,,,,,,0.0,0.0,100.0,0.0
2020-07-03,,,,,,,,,,,,,0.0,0.0,100.0,0.0
2020-07-04,,,,,,,,,,,,,0.0,0.0,100.0,0.0
2020-07-05,,,,,,,0.0,0.0,100.0,0.0,0.0,100.0,0.0,0.0,100.0,0.0
2020-07-06,5.7,6.3,88.8,,,,,,,,,,0.0,0.0,100.0,0.0
2020-07-07,,,,0.0,0.6,83.1,,,,,,,0.0,0.0,100.0,0.0
2020-07-08,5.3,6.7,88.3,,,,,,,0.0,0.0,100.0,0.0,0.0,100.0,0.0
2020-07-09,,,,,,,,,,0.0,0.0,100.0,0.0,0.1,100.0,0.0
2020-07-10,,,,,,,,,,,,,0.0,0.1,100.0,0.0
2020-07-11,,,,,,,,,,,,,0.0,0.1,100.0,0.0
2020-07-12,4.7,5.5,88.7,0.0,1.2,42.8,,,,,,,0.0,0.1,100.0,0.0
2020-07-13,,,,,,,,,,,,,0.0,0.3,100.0,0.0
2020-07-14,4.5,5.6,88.3,,,,,,,,,,0.0,0.4,100.0,0.0
2020-07-15,,,,,,,,,,,,,0.0,0.8,100.0,0.0
2020-07-16,,,,,,,,,,,,,0.0,0.7,100.0,0.0
2020-07-17,,,,,,,,,,,,,0.0,0.5,100.0,0.0
2020-07-18,5.8,6.5,88.7,,,,,,,,,,0.0,0.5,100.0,0.0
2020-07-19,,,,,,,,,,,,,0.0,1.1,100.0,0.0
2020-07-20,6.4,7.0,98.2,,,,,,,,,,0.0,0.9,100.0,0.0
2020-07-21,,,,,,,,,,,,,0.0,1.3,100.0,0.0
2020-07-22,,,,0.0,1.0,98.3,,,,,,,0.0,0.8,100.0,0.0
2020-07-23,,,,,,,,,,,,,0.0,0.5,100.0,0.0
2020-07-24,4.6,5.0,98.9,,,,,,,,,,0.0,0.3,100.0,0.0
2020-07-25,,,,,,,,,,0.0,0.0,100.0,0.0,0.3,100.0,0.0
2020-07-26,4.9,5.2,98.6,,,,,,,,,,0.0,0.2,100.0,0.0
2020-07-27,,,,0.0,0.8,100.0,,,,,,,0.0,0.2,100.0,0.0
2020-07-28,,,,,,,,,,,,,0.0,0.1,100.0,0.0
2020-07-29,,,,,,,,,,,,,0.0,0.1,100.0,0.0
2020-07-30,4.9,5.0,98.7,,,,,,,,,,0.0,0.1,100.0,0.0
2020-07-31,,,,,,,,,,,,,0.0,0.1,100.0,0.0
2020-08-01,5.1,5.4,98.3,0.0,1.0,89.6,,,,0.0,0.0,48.3,0.0,0.0,100.0,0.0
2020-08-02,,,,,,,,,,,,,0.0,0.0,100.0,0.0
2020-08-03,,,,,,,,,,,,,0.0,0.0,100.0,0.0
2020-08-04,,,,,,,,,,,,,0.0,0.0,100.0,0.0
2020-08-05,4.0,4.4,98.8,,,,,,,0.0,0.0,51.0,0.0,0.0,100.0,0.0
2020-08-06,,,,0.0,0.8,100.0,0.0,0.0,100.0,0.0,0.0,99.6,0.0,0.0,100.0,0.0
2020-08-07,4.4,4.6,98.6,,,,,,,0.0,0.0,100.0,0.0,0.0,100.0,0.0
2020-08-08,,,,,,,,,,0.0,0.0,100.0,0.0,0.0,100.0,0.0
2020-08-09,,,,,,,,,,0.0,0.0,100.0,0.0,0.0,100.0,0.0
2020-08-10,,,,,,,,,,0.0,0.0,100.0,0.0,0.0,100.0,0.0
2020-08-11,5.1,5.2,98.8,0.0,0.8,100.0,,,,0.0,0.0,100.0,0.0,0.0,100.0,0.0
2020-08-12,,,,,,,,,,0.0,0.0,48.6,0.0,0.0,100.0,0.0
2020-08-13,4.1,4.8,93.1,,,,,,,,,,0.0,0.0,100.0,0.0
2020-08-14,,,,,,,,,,0.0,0.0,100.0,0.0,0.0,100.0,0.0
2020-08-15,,,,,,,,,,,,,0.0,0.0,100.0,0.0
2020-08-16,,,,0.0,0.6,100.0,,,,0.0,0.0,100.0,0.0,0.0,100.0,0.0
2020-08-17,5.0,5.4,99.0,,,,,,,0.0,0.0,35.5,0.0,0.0,100.0,0.0
2020-08-18,,,,,,,,,,,,,0.0,0.0,100.0,0.0
2020-08-19,5.6,5.8,98.3,,,,,,,0.0,0.0,100.0,0.0,0.0,100.0,0.0
2020-08-20,,,,,,,,,,0.0,0.0,66.9,0.0,0.0,100.0,0.0
2020-08-21,,,,0.0,0.4,100.0,,,,0.0,0.0,100.0,0.0,0.0,100.0,0.0
2020-08-22,,,,,,,0.0,0.0,99.8,0.0,0.0,100.0,0.0,0.0,100.0,0.0
2020-08-23,4.6,4.7,98.7,,,,,,,0.0,0.0,100.0,0.0,0.0,100.0,0.0
2020-08-24,,,,,,,,,,,,,0.0,0.0,100.0,0.0
2020-08-25,3.7,3.9,98.6,,,,,,,0.0,0.0,100.0,0.0,0.0,100.0,0.0
2020-08-26,,,,0.0,0.5,100.0,,,,,,,0.0,0.0,100.0,0.0
2020-08-27,,,,,,,,,,,,,0.0,0.0,100.0,0.0
2020-08-28,,,,,,,,,,0.0,0.0,100.0,0.0,0.0,100.0,0.0
2020-08-29,2.5,2.8,98.5,,,,,,,,,,0.0,0.0,100.0,0.0
2020-08-30,,,,,,,,,,,,,0.0,0.1,100.0,0.0
2020-08-31,2.9,3.0,98.6,,,,,,,,,,0.0,0.1,100.0,0.0
2020-09-01,,,,,,,,,,,,,0.0,0.1,100.0,0.0
2020-09-02,,,,,,,,,,,,,0.0,0.1,100.0,0.0
2020-09-03,,,,,,,,,,,,,0.0,0.1,100.0,0.0
2020-09-04,2.9,3.0,98.8,,,,,,,,,,0.0,0.1,100.0,0.0
2020-09-05,,,,0.0,0.6,100.0,,,,,,,0.0,0.1,100.0,0.0
2020-09-06,2.6,2.8,98.4,,,,,,,,,,0.0,0.1,100.0,0.0
2020-09-07,,,,,,,,,,0.0,0.0,100.0,0.0,0.2,100.0,0.0
2020-09-08,,,,,,,,,,,,,0.0,0.2,100.0,0.0
2020-09-09,,,,,,,,,,,,,0.0,0.2,100.0,0.0
2020-09-10,2.4,2.8,98.8,0.0,0.5,99.7,,,,,,,0.0,0.1,100.0,0.0
2020-09-11,,,,,,,,,,,,,0.0,0.1,100.0,0.0
2020-09-12,2.8,3.9,98.6,,,,,,,,,,0.0,0.1,100.0,0.0
2020-09-13,,,,,,,,,,,,,0.0,0.1,100.0,0.0
2020-09-14,,,,,,,,,,,,,0.0,0.1,100.0,0.0
2020-09-15,,,,0.0,0.6,100.0,,,,,,,0.0,0.0,100.0,0.0
2020-09-16,3.2,3.7,98.8,,,,,,,,,,0.0,0.0,100.0,0.0
2020-09-17,,,,,,,,,,,,,0.0,0.0,100.0,0.0
2020-09-18,3.1,3.9,98.6,,,,,,,,,,0.0,0.0,100.0,0.0
2020-09-19,,,,,,,,,,,,,0.0,0.0,100.0,0.0
2020-09-20,,,,,,,,,,,,,0.0,0.0,100.0,0.0
2020-09-21,,,,,,,,,,,,,0.0,0.0,100.0,0.0
2020-09-22,2.6,3.2,98.8,,,,,,,,,,0.0,0.0,100.0,0.0
2020-09-23,,,,,,,,,,,,,0.0,0.0,100.0,0.0
2020-09-24,3.1,3.9,98.7,,,,,,,,,,0.0,0.1,100.0,0.0
2020-09-25,,,,,,,,,,,,,0.0,0.1,100.0,0.0
2020-09-26,,,,,,,,,,,,,0.0,0.1,100.0,0.0
2020-09-27,,,,,,,,,,,,,0.0,0.1,100.0,0.0
2020-09-28,3.3,4.0,98.8,,,,,,,,,,0.0,0.1,100.0,0.0
2020-09-29,,,,,,,,,,,,,0.0,0.1,100.0,0.0
2020-09-30,3.3,4.3,98.7,0.0,1.3,79.9,,,,0.0,0.0,98.6,0.0,0.1,100.0,0.0
2020-10-01,,,,,,,,,,0.0,0.0,96.1,0.0,0.1,100.0,0.0
2020-10-02,,,,,,,,,,,,,0.0,0.1,100.0,0.0
2020-10-03,,,,,,,,,,,,,0.0,0.1,100.0,0.0
2020-10-04,,,,,,,,,,,,,0.0,0.1,100.0,0.0
2020-10-05,,,,,,,,,,0.0,0.0,99.7,0.0,0.0,100.0,0.0
2020-10-06,3.5,4.4,98.6,,,,,,,,,,0.0,0.1,100.0,0.0
2020-10-07,,,,,,,,,,,,,0.0,0.0,100.0,0.0
2020-10-08,,,,,,,,,,0.0,0.0,99.3,0.0,0.1,100.0,0.0
2020-10-09,,,,,,,0.0,0.0,100.0,0.0,0.1,42.1,0.0,0.1,100.0,0.0
2020-10-10,3.8,4.7,99.1,0.0,3.0,100.0,,,,,,,0.0,0.1,100.0,0.0
2020-10-11,,,,,,,,,,,,,0.0,0.1,100.0,0.0
2020-10-12,3.7,4.2,98.8,,,,,,,,,,0.0,0.1,100.0,0.0
2020-10-13,,,,,,,,,,,,,0.0,0.1,100.0,0.0
2020-10-14,,,,,,,,,,0.0,0.1,94.8,0.0,0.1,100.0,0.0
2020-10-15,,,,,,,,,,,,,0.0,0.1,100.0,0.0
2020-10-16,2.8,3.2,98.8,,,,,,,,,,0.0,0.1,100.0,0.0
2020-10-17,,,,,,,,,,,,,0.0,0.2,100.0,0.0
2020-10-18,2.9,3.2,98.7,,,,,,,,,,0.0,0.2,100.0,0.0
2020-10-19,,,,,,,,,,,,,0.0,0.3,100.0,0.0
2020-10-20,,,,,,,,,,,,,0.0,0.3,100.0,0.0
2020-10-21,,,,,,,,,,0.0,0.2,93.8,0.0,0.3,100.0,0.0
2020-10-22,3.1,3.3,99.0,,,,,,,,,,0.0,0.3,100.0,0.0
2020-10-23,,,,,,,,,,,,,0.0,0.3,100.0,0.0
2020-10-24,2.9,3.2,98.7,,,,,,,,,,0.0,0.4,100.0,0.0
2020-10-25,,,,0.0,8.0,42.3,,,,,,,0.0,0.6,100.0,0.0
2020-10-26,,,,,,,,,,0.0,0.4,100.0,0.0,0.6,100.0,0.0
2020-10-27,,,,,,,,,,,,,0.0,0.8,100.0,0.0
2020-10-28,2.0,2.4,98.8,,,,,,,,,,0.0,0.9,100.0,0.0
2020-10-29,,,,,,,,,,,,,0.0,1.0,100.0,0.0
2020-10-30,2.4,2.8,98.8,,,,,,,,,,0.0,1.0,100.0,0.0
2020-10-31,,,,,,,,,,0.0,1.2,100.0,0.0,1.0,100.0,0.0
2020-11-01,,,,,,,,,,,,,0.0,1.2,100.0,0.0
2020-11-02,,,,,,,,,,,,,0.0,1.2,100.0,0.0
2020-11-03,2.5,3.2,99.0,,,,,,,,,,0.0,1.1,100.0,0.0
2020-11-04,,,,,,,,,,,,,0.0,1.1,100.0,0.0
2020-11-05,2.6,3.4,98.6,,,,,,,,,,0.0,1.1,100.0,0.0
2020-11-06,,,,,,,,,,,,,0.0,1.1,100.0,0.0
2020-11-07,,,,,,,,,,,,,0.0,1.2,100.0,0.0
2020-11-08,,,,,,,,,,,,,0.0,0.9,100.0,0.0
2020-11-09,1.5,3.1,98.9,0.0,2.1,100.0,,,,,,,0.0,1.0,100.0,0.0
2020-11-10,,,,,,,,,,,,,0.0,1.0,100.0,0.0
2020-11-11,1.7,3.4,98.7,,,,,,,,,,0.0,1.1,100.0,0.0
2020-11-12,,,,,,,,,,,,,0.0,0.9,100.0,0.0
2020-11-13,,,,,,,,,,,,,0.0,1.1,100.0,0.0
2020-11-14,,,,0.0,3.9,100.0,,,,,,,0.0,1.3,100.0,0.0
2020-11-15,1.5,3.0,98.8,,,,,,,,,,0.0,1.5,100.0,0.0
2020-11-16,,,,,,,,,,,,,0.0,1.6,100.0,0.0
2020-11-17,2.5,4.8,98.6,,,,,,,,,,0.0,1.9,100.0,0.0
2020-11-18,,,,,,,,,,,,,0.0,2.1,100.0,0.0
2020-11-19,,,,,,,,,,,,,0.0,2.3,100.0,0.0
2020-11-20,,,,,,,,,,,,,0.0,2.5,100.0,0.0
2020-11-21,2.1,6.4,98.9,,,,,,,,,,0.0,3.0,100.0,0.0
2020-11-22,,,,,,,,,,,,,0.0,3.8,100.0,0.0
2020-11-23,4.0,9.9,98.9,,,,,,,,,,0.0,3.5,100.0,0.0
2020-11-24,,,,0.1,13.2,100.0,,,,,,,0.0,3.6,100.0,0.0
2020-11-25,,,,,,,,,,,,,0.0,3.6,100.0,0.0
2020-11-26,,,,,,,0.0,0.8,89.0,,,,0.0,4.7,100.0,0.0
2020-11-27,3.3,9.3,99.0,,,,,,,,,,0.0,4.2,100.0,0.0
2020-11-28,,,,,,,,,,0.0,7.9,99.6,0.0,4.2,100.0,0.0
2020-11-29,3.4,5.0,98.8,,,,,,,0.1,16.8,98.8,0.0,4.4,100.0,0.0
2020-11-30,,,,,,,,,,,,,0.0,6.7,100.0,0.0
2020-12-01,,,,,,,,,,,,,0.1,6.0,100.0,0.1
2020-12-02,,,,,,,,,,,,,0.1,7.3,100.0,0.1
2020-12-03,2.4,3.8,98.9,,,,,,,11.5,28.9,100.0,0.2,7.7,100.0,0.2
2020-12-04,,,,,,,,,,,,,0.2,12.8,100.0,0.2
2020-12-05,2.3,3.4,98.5,,,,,,,,,,0.2,11.1,100.0,0.2
2020-12-06,,,,,,,,,,,,,0.2,13.5,100.0,0.2
2020-12-07,,,,,,,,,,42.0,44.8,100.0,0.2,12.0,100.0,0.2
2020-12-08,,,,,,,,,,,,,0.2,17.8,100.0,0.2
2020-12-09,2.3,3.4,98.8,,,,,,,,,,0.3,14.7,100.0,0.3
2020-12-10,,,,,,,,,,,,,0.3,21.2,100.0,0.3
2020-12-11,2.3,2.8,98.7,,,,,,,,,,0.5,17.5,100.0,0.5
2020-12-12,,,,,,,87.9,65.0,47.1,,,,1.3,29.5,100.0,1.3
2020-12-13,,,,,,,,,,,,,0.8,22.2,100.0,0.8
2020-12-14,,,,,,,,,,84.9,62.9,100.0,2.5,33.7,100.0,2.5
2020-12-15,1.3,2.0,98.8,,,,,,,,,,1.8,25.3,100.0,1.8
2020-12-16,,,,,,,,,,,,,4.0,35.5,100.0,4.0
2020-12-17,1.7,2.3,98.6,,,,,,,94.9,70.3,93.2,2.4,27.0,100.0,2.4
2020-12-18,,,,,,,,,,99.0,84.2,100.0,14.2,44.6,100.0,14.2
2020-12-19,,,,16.1,23.7,78.9,,,,100.0,92.7,100.0,6.5,35.6,100.0,6.5
2020-12-20,,,,,,,,,,100.0,94.4,100.0,16.4,45.9,100.0,16.4
2020-12-21,1.3,2.1,98.9,,,,,,,100.0,96.4,100.0,6.7,37.1,100.0,6.7
2020-12-22,,,,,,,,,,,,,36.8,55.9,100.0,36.8
2020-12-23,1.3,2.1,98.3,,,,,,,,,,11.4,46.3,100.0,11.4
2020-12-24,,,,,,,,,,,,,29.9,56.0,100.0,29.9
2020-12-25,,,,,,,,,,100.0,95.6,100.0,10.4,46.3,100.0,10.4
2020-12-26,,,,,,,,,,,,,74.6,62.5,100.0,74.6
2020-12-27,1.1,2.0,98.9,,,,,,,,,,38.0,57.6,100.0,38.0
2020-12-28,,,,,,,,,,,,,90.0,64.4,100.0,90.0
2020-12-29,1.9,3.4,98.7,,,,,,,100.0,94.8,100.0,34.3,56.6,100.0,34.3
2020-12-30,,,,,,,,,,,,,94.1,67.1,100.0,94.1
2020-12-31,,,,,,,,,,,,,79.1,62.6,100.0,79.1
2021-01-01,,,,,,,,,,,,,94.9,68.8,100.0,94.9
2021-01-02,1.2,1.9,99.1,,,,,,,,,,55.7,57.8,100.0,55.7
2021-01-03,,,,,,,,,,,,,81.4,63.5,100.0,81.4
2021-01-04,1.8,2.5,99.1,,,,,,,,,,72.3,60.5,100.0,72.3
2021-01-05,,,,,,,,,,,,,85.7,67.2,100.0,85.7
2021-01-06,,,,,,,,,,,,,69.1,59.0,100.0,69.1
2021-01-07,,,,,,,,,,99.9,94.4,100.0,82.8,65.3,100.0,82.8
2021-01-08,1.6,2.2,99.3,29.3,33.6,46.2,,,,,,,75.8,62.0,100.0,75.8
2021-01-09,,,,,,,,,,,,,88.3,68.8,100.0,88.3
2021-01-10,2.4,3.2,99.2,,,,,,,,,,73.9,61.5,100.0,73.9
2021-01-11,,,,,,,,,,,,,89.0,68.9,100.0,89.0
2021-01-12,,,,,,,,,,,,,80.2,64.5,100.0,80.2
2021-01-13,,,,,,,,,,,,,93.3,70.5,100.0,93.3
2021-01-14,1.9,2.4,99.2,,,,,,,99.9,96.1,100.0,80.5,64.8,100.0,80.5
2021-01-15,,,,,,,,,,,,,95.0,70.7,100.0,95.0
2021-01-16,1.9,2.4,99.1,,,,,,,,,,95.5,69.1,100.0,95.5
2021-01-17,,,,,,,,,,,,,100.0,75.7,100.0,100.0
2021-01-18,,,,,,,,,,,,,99.5,70.6,100.0,99.5
2021-01-19,,,,,,,,,,,,,100.0,74.5,100.0,100.0
2021-01-20,,,,,,,,,,,,,100.0,72.0,100.0,100.0
2021-01-21,,,,,,,,,,,,,100.0,72.7,100.0,100.0
2021-01-22,2.1,2.7,99.2,,,,,,,,,,94.4,68.6,100.0,94.4
2021-01-23,,,,,,,,,,,,,96.9,69.3,100.0,96.9
2021-01-24,,,,,,,,,,,,,78.3,64.7,100.0,78.3
2021-01-25,,,,,,,,,,,,,84.7,66.5,100.0,84.7
2021-01-26,1.9,2.5,99.2,,,,,,,,,,46.7,58.3,100.0,46.7
2021-01-27,,,,,,,,,,,,,67.1,62.4,100.0,67.1
2021-01-28,2.1,3.0,99.1,,,,,,,,,,49.6,57.5,100.0,49.6
2021-01-29,,,,,,,,,,,,,73.0,63.1,100.0,73.0
2021-01-30,,,,,,,,,,,,,36.5,54.1,100.0,36.5
2021-01-31,,,,,,,,,,100.0,96.1,60.9,70.7,62.2,100.0,70.7
2021-02-01,2.0,2.6,99.2,,,,,,,,,,37.1,53.4,100.0,37.1
2021-02-02,,,,61.1,54.8,85.3,,,,,,,69.8,63.1,100.0,69.8
2021-02-03,2.1,3.1,99.0,,,,,,,99.9,95.4,100.0,20.9,48.3,100.0,20.9
2021-02-04,,,,,,,,,,100.0,95.9,100.0,60.6,59.7,100.0,60.6
2021-02-05,,,,,,,,,,99.9,95.6,100.0,34.2,52.5,100.0,34.2
2021-02-06,,,,,,,,,,,,,68.6,61.3,100.0,68.6
2021-02-07,2.8,3.6,99.0,,,,,,,,,,16.8,47.9,100.0,16.8
2021-02-08,,,,,,,,,,,,,45.0,54.1,100.0,45.0
2021-02-09,3.2,4.1,98.9,,,,,,,100.0,95.5,100.0,8.2,45.9,100.0,8.2
2021-02-10,,,,,,,,,,,,,45.2,54.5,100.0,45.2
2021-02-11,,,,,,,,,,,,,8.2,46.2,100.0,8.2
2021-02-12,,,,17.4,34.6,100.0,,,,100.0,95.3,100.0,49.2,54.1,100.0,49.2
2021-02-13,,,,,,,,,,100.0,96.9,100.0,17.4,48.5,100.0,17.4
2021-02-14,,,,,,,85.3,67.4,100.0,,,,60.0,57.5,100.0,60.0
2021-02-15,4.4,5.3,99.0,,,,,,,,,,13.0,47.3,100.0,13.0
2021-02-16,,,,,,,,,,100.0,93.5,100.0,23.9,50.0,100.0,23.9
2021-02-17,,,,0.0,17.0,98.2,,,,99.9,91.0,95.3,3.6,40.5,100.0,3.6
2021-02-18,,,,,,,,,,99.9,89.0,100.0,2.6,41.3,100.0,2.6
2021-02-19,3.5,4.1,99.2,,,,,,,99.9,86.7,100.0,1.2,30.5,100.0,1.2
2021-02-20,,,,,,,,,,99.6,81.7,100.0,0.8,32.9,100.0,0.8
2021-02-21,2.8,3.4,99.0,,,,,,,96.1,77.3,100.0,0.7,23.7,100.0,0.7
2021-02-22,,,,0.0,8.6,100.0,,,,91.4,72.9,100.0,0.5,25.7,100.0,0.5
2021-02-23,,,,,,,,,,,,,0.3,16.6,100.0,0.3
2021-02-24,,,,,,,,,,,,,0.1,17.2,100.0,0.1
2021-02-25,2.5,3.0,99.2,,,,,,,81.1,68.2,100.0,0.1,11.5,100.0,0.1
2021-02-26,,,,,,,,,,,,,0.0,13.5,100.0,0.0
2021-02-27,2.8,3.4,99.0,,,,,,,,,,0.1,10.8,100.0,0.1
2021-02-28,,,,,,,,,,,,,0.0,12.9,100.0,0.0
2021-03-01,,,,,,,,,,67.9,59.7,100.0,0.0,10.0,100.0,0.0
2021-03-02,,,,,,,23.3,33.9,95.7,58.3,52.0,100.0,0.0,13.3,100.0,0.0
2021-03-03,2.6,3.0,99.2,,,,,,,47.4,43.1,100.0,0.0,11.3,100.0,0.0
2021-03-04,,,,,,,,,,,,,0.0,14.0,100.0,0.0
2021-03-05,2.8,3.3,99.1,,,,,,,,,,0.0,11.4,100.0,0.0
2021-03-06,,,,,,,,,,,,,0.0,13.7,100.0,0.0
2021-03-07,,,,,,,,,,35.8,35.8,100.0,0.0,12.7,100.0,0.0
2021-03-08,,,,,,,,,,,,,0.0,16.2,100.0,0.0
2021-03-09,2.6,3.0,99.3,0.0,3.7,100.0,,,,,,,0.1,14.6,100.0,0.1
2021-03-10,,,,,,,,,,46.0,40.9,100.0,0.0,17.2,100.0,0.0
2021-03-11,2.8,3.8,98.6,,,,,,,,,,0.1,16.1,100.0,0.1
2021-03-12,,,,,,,,,,,,,0.0,18.7,100.0,0.0
2021-03-13,,,,,,,,,,34.6,35.5,100.0,0.1,15.7,100.0,0.1
2021-03-14,,,,,,,,,,,,,0.0,20.4,100.0,0.0
2021-03-15,2.9,3.5,99.2,,,,,,,,,,0.1,17.1,100.0,0.1
2021-03-16,,,,,,,,,,,,,0.0,19.2,100.0,0.0
2021-03-17,3.6,4.8,98.9,,,,,,,,,,0.3,19.2,100.0,0.3
2021-03-18,,,,,,,,,,,,,0.4,24.3,100.0,0.4
2021-03-19,,,,,,,,,,,,,0.5,21.2,100.0,0.5
2021-03-20,,,,,,,,,,,,,0.6,24.1,100.0,0.6
2021-03-21,3.6,5.1,99.1,,,,,,,,,,0.9,20.0,100.0,0.9
2021-03-22,,,,,,,,,,,,,1.2,23.8,100.0,1.2
2021-03-23,5.3,7.7,98.9,,,,,,,,,,1.0,18.9,100.0,1.0
2021-03-24,,,,0.0,5.5,100.0,,,,,,,0.8,18.6,100.0,0.8
2021-03-25,,,,,,,,,,,,,0.6,13.7,100.0,0.6
2021-03-26,,,,,,,,,,10.3,21.6,100.0,0.5,15.1,100.0,0.5
2021-03-27,5.7,8.4,99.2,,,,1.0,5.0,80.5,,,,0.7,16.0,100.0,0.7
2021-03-28,,,,,,,,,,,,,0.4,16.2,100.0,0.4
2021-03-29,6.5,11.6,98.9,0.0,2.5,100.0,,,,5.8,17.5,100.0,0.1,12.4,100.0,0.1
2021-03-30,,,,,,,,,,5.4,14.8,100.0,0.0,12.6,100.0,0.0
2021-03-31,,,,,,,,,,4.7,13.4,100.0,0.0,12.5,100.0,0.0
2021-04-01,,,,,,,,,,,,,0.0,13.6,100.0,0.0
2021-04-02,8.2,16.4,99.0,,,,,,,,,,0.0,11.9,100.0,0.0
2021-04-03,,,,,,,,,,,,,0.0,14.8,100.0,0.0
2021-04-04,7.9,17.4,98.9,,,,,,,,,,0.0,16.9,100.0,0.0
2021-04-05,,,,,,,,,,,,,0.0,19.3,100.0,0.0
2021-04-06,,,,,,,,,,,,,0.0,20.0,100.0,0.0
2021-04-07,,,,,,,,,,,,,0.0,24.6,100.0,0.0
2021-04-08,,,,,,,,,,,,,0.0,21.0,100.0,0.0
2021-04-09,,,,,,,,,,,,,0.0,21.1,100.0,0.0
2021-04-10,9.8,22.9,98.9,,,,,,,,,,0.0,18.9,100.0,0.0
2021-04-11,,,,,,,,,,,,,0.0,19.6,100.0,0.0
2021-04-12,,,,,,,,,,,,,0.0,19.0,100.0,0.0
2021-04-13,,,,,,,,,,,,,0.0,19.7,100.0,0.0
2021-04-14,9.0,16.5,99.1,,,,,,,,,,0.0,13.6,100.0,0.0
2021-04-15,,,,,,,,,,,,,0.0,13.0,100.0,0.0
2021-04-16,10.4,17.9,98.8,,,,,,,1.9,8.1,100.0,0.0,11.9,100.0,0.0
2021-04-17,,,,,,,,,,,,,0.0,12.7,100.0,0.0
2021-04-18,,,,,,,,,,,,,0.0,10.3,100.0,0.0
2021-04-19,,,,,,,,,,,,,0.0,9.2,100.0,0.0
2021-04-20,6.7,11.2,99.0,,,,,,,3.4,12.6,37.3,0.0,7.8,100.0,0.0
2021-04-21,,,,,,,,,,,,,0.0,7.2,100.0,0.0
2021-04-22,6.9,12.3,98.8,,,,,,,,,,0.0,5.3,100.0,0.0
2021-04-23,,,,0.0,1.3,83.2,,,,1.3,7.9,100.0,0.0,4.7,100.0,0.0
2021-04-24,,,,,,,,,,0.1,4.6,100.0,0.0,4.0,100.0,0.0
2021-04-25,,,,,,,,,,0.0,3.0,98.0,0.0,3.4,100.0,0.0
2021-04-26,5.1,8.4,99.1,,,,,,,,,,0.0,3.5,100.0,0.0
2021-04-27,,,,,,,,,,0.0,1.6,100.0,0.0,3.0,100.0,0.0
2021-04-28,6.2,9.2,98.8,0.0,0.7,100.0,0.5,0.8,100.0,,,,0.0,3.2,100.0,0.0
2021-04-29,,,,,,,,,,0.0,0.8,100.0,0.0,2.8,100.0,0.0
2021-04-30,,,,,,,,,,0.0,0.6,100.0,0.0,2.4,100.0,0.0
2021-05-01,,,,,,,,,,,,,0.0,3.0,100.0,0.0
2021-05-02,6.0,7.8,99.1,,,,,,,,,,0.0,3.9,100.0,0.0
2021-05-03,,,,,,,,,,,,,0.0,3.9,100.0,0.0
2021-05-04,8.2,11.7,99.0,,,,,,,0.0,0.2,92.5,0.0,3.6,100.0,0.0
2021-05-05,,,,,,,,,,,,,0.0,5.7,100.0,0.0
2021-05-06,,,,,,,,,,,,,0.0,7.7,100.0,0.0
2021-05-07,,,,,,,,,,,,,0.0,7.5,100.0,0.0
2021-05-08,8.8,15.2,99.2,0.0,0.5,100.0,,,,0.0,0.1,78.5,0.0,5.5,100.0,0.0
2021-05-09,,,,,,,,,,,,,0.0,5.3,100.0,0.0
2021-05-10,14.6,25.6,98.9,,,,,,,,,,0.0,5.4,100.0,0.0
2021-05-11,,,,,,,,,,,,,0.0,4.7,100.0,0.0
2021-05-12,,,,,,,,,,,,,0.0,4.8,100.0,0.0
2021-05-13,,,,,,,,,,,,,0.0,4.8,100.0,0.0
2021-05-14,14.8,23.3,91.3,,,,,,,,,,0.0,6.5,100.0,0.0
2021-05-15,,,,,,,,,,,,,0.0,5.1,100.0,0.0
2021-05-16,15.9,26.0,90.7,,,,,,,,,,0.0,5.9,100.0,0.0
2021-05-17,,,,,,,,,,,,,0.0,4.4,100.0,0.0
2021-05-18,,,,,,,,,,,,,0.0,6.3,100.0,0.0
2021-05-19,,,,,,,,,,,,,0.0,5.7,100.0,0.0
2021-05-20,18.5,27.5,91.2,,,,,,,0.0,0.0,52.1,0.0,6.1,100.0,0.0
2021-05-21,,,,,,,,,,,,,0.0,6.2,100.0,0.0
2021-05-22,42.3,40.8,91.2,,,,,,,,,,0.0,9.5,100.0,0.0
2021-05-23,,,,,,,,,,,,,0.0,7.9,100.0,0.0
2021-05-24,,,,,,,,,,,,,0.0,9.9,100.0,0.0
2021-05-25,,,,,,,,,,,,,0.0,8.4,100.0,0.0
2021-05-26,48.0,43.4,91.4,,,,,,,,,,0.0,12.0,100.0,0.0
2021-05-27,,,,,,,,,,,,,0.0,11.1,100.0,0.0
2021-05-28,88.4,65.6,91.0,0.0,0.6,81.5,,,,0.0,0.0,100.0,0.0,9.7,100.0,0.0
2021-05-29,,,,,,,,,,,,,0.0,9.4,100.0,0.0
2021-05-30,,,,,,,,,,,,,0.0,10.1,100.0,0.0
2021-05-31,,,,,,,,,,0.0,0.0,100.0,0.0,9.1,100.0,0.0
2021-06-01,34.9,36.5,91.2,,,,,,,0.0,0.0,100.0,0.0,5.5,100.0,0.0
2021-06-02,,,,0.0,1.4,100.0,,,,,,,0.0,4.8,100.0,0.0
2021-06-03,24.6,33.2,90.8,,,,,,,0.0,0.0,93.5,0.0,3.8,100.0,0.0
2021-06-04,,,,,,,,,,,,,0.0,3.5,100.0,0.0
2021-06-05,,,,,,,,,,,,,0.0,2.5,100.0,0.0
2021-06-06,,,,,,,,,,,,,0.0,2.3,100.0,0.0
2021-06-07,16.0,23.3,91.4,,,,,,,,,,0.0,2.5,100.0,0.0
2021-06-08,,,,,,,,,,,,,0.0,1.7,100.0,0.0
2021-06-09,18.7,27.7,91.0,,,,,,,0.0,0.0,55.5,0.0,1.1,100.0,0.0
2021-06-10,,,,,,,,,,,,,0.0,1.1,100.0,0.0
2021-06-11,,,,,,,,,,,,,0.0,0.9,100.0,0.0
2021-06-12,,,,0.0,2.8,69.1,,,,,,,0.0,0.9,100.0,0.0
2021-06-13,10.5,17.2,91.2,,,,,,,0.0,0.0,48.1,0.0,0.6,100.0,0.0
2021-06-14,,,,,,,,,,0.0,0.0,100.0,0.0,0.6,100.0,0.0
2021-06-15,12.0,17.6,90.6,,,,0.0,0.0,54.0,,,,0.0,0.4,100.0,0.0
2021-06-16,,,,,,,,,,,,,0.0,0.3,100.0,0.0
2021-06-17,,,,0.0,1.2,98.6,,,,0.0,0.0,100.0,0.0,0.2,100.0,0.0
2021-06-18,,,,,,,,,,,,,0.0,0.2,100.0,0.0
2021-06-19,14.3,21.7,91.3,,,,,,,0.0,0.0,100.0,0.0,0.1,100.0,0.0
2021-06-20,,,,,,,,,,,,,0.0,0.1,100.0,0.0
2021-06-21,22.7,30.1,90.6,,,,,,,0.0,0.0,100.0,0.0,0.1,100.0,0.0
2021-06-22,,,,0.0,0.5,100.0,0.0,0.0,100.0,0.0,0.0,100.0,0.0,0.1,100.0,0.0
2021-06-23,,,,,,,,,,0.0,0.0,100.0,0.0,0.1,100.0,0.0
2021-06-24,,,,,,,,,,,,,0.0,0.1,100.0,0.0
2021-06-25,16.5,24.7,91.2,,,,,,,,,,0.0,0.1,100.0,0.0
2021-06-26,,,,,,,,,,0.0,0.0,100.0,0.0,0.1,100.0,0.0
2021-06-27,10.5,17.2,90.6,,,,,,,0.0,0.0,100.0,0.0,0.1,100.0,0.0
2021-06-28,,,,,,,,,,0.0,0.0,100.0,0.0,0.1,100.0,0.0
2021-06-29,,,,,,,,,,,,,0.0,0.1,100.0,0.0
2021-06-30,,,,,,,,,,,,,0.0,0.3,100.0,0.0
2021-07-01,10.0,15.8,91.1,,,,,,,,,,0.0,0.5,100.0,0.0
2021-07-02,,,,,,,,,,,,,0.0,1.1,100.0,0.0
2021-07-03,13.9,20.7,90.7,,,,,,,,,,0.0,0.8,100.0,0.0
2021-07-04,,,,,,,,,,,,,0.0,0.8,100.0,0.0
2021-07-05,,,,,,,,,,,,,0.0,0.9,100.0,0.0
2021-07-06,,,,,,,,,,,,,0.0,1.0,100.0,0.0
2021-07-07,14.4,21.5,91.2,,,,,,,0.0,0.0,99.5,0.0,0.8,100.0,0.0
2021-07-08,,,,,,,,,,,,,0.0,1.6,100.0,0.0
2021-07-09,12.1,19.0,90.8,,,,,,,,,,0.0,1.8,100.0,0.0
2021-07-10,,,,,,,,,,0.0,0.0,70.5,0.0,1.7,100.0,0.0
2021-07-11,,,,,,,,,,0.0,0.0,95.5,0.0,1.3,100.0,0.0
2021-07-12,,,,0.0,0.3,100.0,,,,,,,0.0,1.1,100.0,0.0
2021-07-13,9.7,12.9,91.2,,,,,,,,,,0.0,1.1,100.0,0.0
2021-07-14,,,,,,,,,,,,,0.0,1.0,100.0,0.0
2021-07-15,11.9,16.7,90.7,,,,,,,,,,0.0,1.5,100.0,0.0
2021-07-16,,,,,,,,,,,,,0.0,1.4,100.0,0.0
2021-07-17,,,,,,,,,,,,,0.0,1.2,100.0,0.0
2021-07-18,,,,,,,,,,,,,0.0,1.0,100.0,0.0
2021-07-19,10.0,13.8,91.3,,,,,,,,,,0.0,0.9,100.0,0.0
2021-07-20,,,,,,,,,,0.0,0.0,37.2,0.0,0.6,100.0,0.0
2021-07-21,10.7,14.8,90.9,,,,,,,,,,0.0,0.6,100.0,0.0
2021-07-22,,,,0.0,0.9,89.7,,,,,,,0.0,0.5,100.0,0.0
2021-07-23,,,,,,,,,,0.0,0.0,100.0,0.0,0.4,100.0,0.0
2021-07-24,,,,,,,0.0,0.0,38.8,,,,0.0,0.4,100.0,0.0
2021-07-25,8.3,9.8,91.2,,,,0.1,0.2,30.9,,,,0.0,0.3,100.0,0.0
2021-07-26,,,,,,,,,,0.0,0.0,70.6,0.0,0.2,100.0,0.0
2021-07-27,8.4,9.9,90.7,0.0,1.3,76.0,,,,0.0,0.0,30.3,0.0,0.1,100.0,0.0
2021-07-28,,,,,,,,,,,,,0.0,0.1,100.0,0.0
2021-07-29,,,,,,,,,,,,,0.0,0.1,100.0,0.0
2021-07-30,,,,,,,,,,,,,0.0,0.1,100.0,0.0
2021-07-31,7.2,8.4,91.2,,,,,,,,,,0.0,0.1,100.0,0.0
2021-08-01,,,,,,,,,,,,,0.0,0.0,100.0,0.0
2021-08-02,8.9,11.2,90.9,,,,,,,,,,0.0,0.0,100.0,0.0
2021-08-03,,,,,,,,,,,,,0.0,0.0,100.0,0.0
2021-08-04,,,,,,,,,,,,,0.0,0.0,100.0,0.0
2021-08-05,,,,,,,,,,,,,0.0,0.0,100.0,0.0
2021-08-06,8.1,9.1,91.3,,,,,,,,,,0.0,0.0,100.0,0.0
2021-08-07,,,,,,,,,,,,,0.0,0.0,100.0,0.0
2021-08-08,9.6,11.5,90.6,,,,,,,,,,0.0,0.0,100.0,0.0
2021-08-09,,,,,,,0.0,0.0,99.9,0.0,0.0,100.0,0.0,0.0,100.0,0.0
2021-08-10,,,,,,,,,,,,,0.0,0.0,100.0,0.0
2021-08-11,,,,0.0,2.3,69.0,,,,0.0,0.0,78.0,0.0,0.0,100.0,0.0
2021-08-12,9.0,10.4,91.2,,,,,,,,,,0.0,0.0,100.0,0.0
2021-08-13,,,,,,,,,,,,,0.0,0.0,100.0,0.0
2021-08-14,11.2,16.7,90.8,,,,,,,0.0,0.0,100.0,0.0,0.0,100.0,0.0
2021-08-15,,,,,,,,,,0.0,0.0,99.8,0.0,0.0,100.0,0.0
2021-08-16,,,,,,,,,,,,,0.0,0.0,100.0,0.0
2021-08-17,,,,,,,,,,,,,0.0,0.0,100.0,0.0
2021-08-18,10.1,13.7,91.1,,,,,,,,,,0.0,0.0,100.0,0.0
2021-08-19,,,,,,,,,,0.0,0.0,100.0,0.0,0.0,100.0,0.0
2021-08-20,9.8,13.7,90.7,,,,,,,0.0,0.0,100.0,0.0,0.0,100.0,0.0
2021-08-21,,,,0.1,3.4,31.1,,,,0.0,0.0,100.0,0.0,0.0,100.0,0.0
2021-08-22,,,,,,,,,,,,,0.0,0.0,100.0,0.0
2021-08-23,,,,,,,,,,,,,0.0,0.0,100.0,0.0
2021-08-24,7.7,10.0,91.4,,,,,,,,,,0.0,0.0,100.0,0.0
2021-08-25,,,,,,,,,,,,,0.0,0.1,100.0,0.0
2021-08-26,7.6,10.8,91.0,,,,0.0,0.0,60.0,,,,0.0,0.1,100.0,0.0
2021-08-27,,,,,,,,,,,,,0.0,0.0,100.0,0.0
2021-08-28,,,,,,,,,,,,,0.0,0.0,100.0,0.0
2021-08-29,,,,,,,,,,,,,0.0,0.0,100.0,0.0
2021-08-30,6.7,9.4,91.3,,,,,,,,,,0.0,0.1,100.0,0.0
2021-08-31,,,,,,,,,,,,,0.0,0.1,100.0,0.0
2021-09-01,7.9,11.9,90.9,,,,,,,0.0,0.0,100.0,0.0,0.1,100.0,0.0
2021-09-02,,,,,,,,,,0.0,0.0,100.0,0.0,0.1,100.0,0.0
2021-09-03,,,,,,,,,,0.0,0.0,100.0,0.0,0.1,100.0,0.0
2021-09-04,,,,,,,,,,0.0,0.0,100.0,0.0,0.0,100.0,0.0
2021-09-05,5.6,8.7,91.2,0.0,0.7,100.0,,,,0.0,0.0,100.0,0.0,0.0,100.0,0.0
2021-09-06,,,,,,,,,,0.0,0.0,100.0,0.0,0.0,100.0,0.0
2021-09-07,5.6,9.1,90.9,,,,,,,,,,0.0,0.0,100.0,0.0
2021-09-08,,,,,,,,,,0.0,0.0,100.0,0.0,0.0,100.0,0.0
2021-09-09,,,,,,,,,,0.0,0.0,100.0,0.0,0.0,100.0,0.0
2021-09-10,,,,0.0,0.7,100.0,0.0,0.0,100.0,,,,0.0,0.0,100.0,0.0
2021-09-11,4.1,5.7,91.1,,,,,,,,,,0.0,0.0,100.0,0.0
2021-09-12,,,,,,,,,,0.0,0.0,99.7,0.0,0.0,100.0,0.0
2021-09-13,5.0,6.7,91.0,,,,,,,0.0,0.0,100.0,0.0,0.0,100.0,0.0
2021-09-14,,,,,,,,,,,,,0.0,0.0,100.0,0.0
2021-09-15,,,,,,,,,,,,,0.0,0.0,100.0,0.0
2021-09-16,,,,,,,,,,0.0,0.0,100.0,0.0,0.0,100.0,0.0
2021-09-17,3.7,5.1,91.2,,,,,,,,,,0.0,0.0,100.0,0.0
2021-09-18,,,,,,,,,,,,,0.0,0.0,100.0,0.0
2021-09-19,4.0,6.1,90.6,,,,,,,,,,0.0,0.0,100.0,0.0
2021-09-20,,,,,,,,,,,,,0.0,0.0,100.0,0.0
2021-09-21,,,,,,,,,,,,,0.0,0.0,100.0,0.0
2021-09-22,,,,,,,,,,,,,0.0,0.0,100.0,0.0
2021-09-23,3.6,5.1,91.2,,,,,,,,,,0.0,0.0,100.0,0.0
2021-09-24,,,,,,,,,,,,,0.0,0.0,100.0,0.0
2021-09-25,4.6,6.1,90.9,0.0,0.6,100.0,,,,,,,0.0,0.0,100.0,0.0
2021-09-26,,,,,,,0.0,0.0,100.0,,,,0.0,0.0,100.0,0.0
2021-09-27,,,,,,,,,,,,,0.0,0.0,100.0,0.0
2021-09-28,,,,,,,,,,,,,0.0,0.0,100.0,0.0
2021-09-29,3.7,5.4,91.2,,,,,,,,,,0.0,0.0,100.0,0.0
2021-09-30,,,,,,,,,,,,,0.0,0.0,100.0,0.0
2021-10-01,4.4,7.7,90.7,,,,,,,,,,0.0,0.1,100.0,0.0
2021-10-02,,,,,,,,,,,,,0.0,0.1,100.0,0.0
2021-10-03,,,,,,,,,,0.0,0.0,100.0,0.0,0.1,100.0,0.0
2021-10-04,,,,,,,,,,,,,0.0,0.2,100.0,0.0
2021-10-05,4.1,6.8,91.3,0.0,1.8,45.3,,,,,,,0.0,0.2,100.0,0.0
2021-10-06,,,,,,,,,,,,,0.0,0.2,100.0,0.0
2021-10-07,3.7,5.1,91.0,,,,,,,,,,0.0,0.2,100.0,0.0
2021-10-08,,,,,,,,,,,,,0.0,0.3,100.0,0.0
2021-10-09,,,,,,,,,,0.0,0.0,100.0,0.0,0.3,100.0,0.0
2021-10-10,,,,0.0,1.5,100.0,,,,,,,0.0,0.4,100.0,0.0
2021-10-11,2.1,3.3,91.3,,,,,,,0.0,0.1,100.0,0.0,0.2,100.0,0.0
2021-10-12,,,,,,,,,,,,,0.0,0.6,100.0,0.0
2021-10-13,2.2,3.4,91.0,,,,,,,,,,0.0,0.7,100.0,0.0
2021-10-14,,,,,,,,,,,,,0.0,0.5,100.0,0.0
2021-10-15,,,,0.0,1.4,100.0,,,,0.0,0.5,100.0,0.0,0.4,100.0,0.0
2021-10-16,,,,,,,,,,0.0,0.4,100.0,0.0,0.4,100.0,0.0
2021-10-17,2.0,3.2,91.2,,,,,,,,,,0.0,0.5,100.0,0.0
2021-10-18,,,,,,,,,,0.0,0.2,97.4,0.0,0.4,100.0,0.0
2021-10-19,2.3,3.1,91.1,,,,,,,,,,0.0,0.4,100.0,0.0
2021-10-20,,,,0.0,0.9,100.0,,,,0.0,0.1,100.0,0.0,0.3,100.0,0.0
2021-10-21,,,,,,,,,,,,,0.0,0.4,100.0,0.0
2021-10-22,,,,,,,,,,,,,0.0,0.3,100.0,0.0
2021-10-23,1.5,2.2,91.1,,,,,,,0.0,0.1,100.0,0.0,0.3,100.0,0.0
2021-10-24,,,,,,,,,,,,,0.0,0.3,100.0,0.0
2021-10-25,1.5,2.4,91.0,,,,,,,,,,0.0,0.3,100.0,0.0
2021-10-26,,,,,,,,,,0.0,0.1,100.0,0.0,0.3,100.0,0.0
2021-10-27,,,,,,,,,,,,,0.0,0.4,100.0,0.0
2021-10-28,,,,,,,0.0,0.1,100.0,,,,0.0,0.4,100.0,0.0
2021-10-29,1.9,2.5,91.1,,,,,,,0.0,0.0,100.0,0.0,0.3,100.0,0.0
2021-10-30,,,,0.0,1.1,100.0,,,,,,,0.0,0.3,100.0,0.0
2021-10-31,2.7,3.3,90.9,,,,,,,0.0,0.0,100.0,0.0,0.3,100.0,0.0
2021-11-01,,,,,,,,,,,,,0.0,0.5,100.0,0.0
2021-11-02,,,,,,,,,,,,,0.0,0.4,100.0,0.0
2021-11-03,,,,,,,,,,,,,0.0,0.5,100.0,0.0
2021-11-04,1.9,2.4,91.1,,,,,,,,,,0.0,0.5,100.0,0.0
2021-11-05,,,,,,,,,,,,,0.0,0.7,100.0,0.0
2021-11-06,2.4,3.0,90.9,,,,0.0,0.6,33.5,,,,0.0,0.6,100.0,0.0
2021-11-07,,,,,,,,,,,,,0.0,0.7,100.0,0.0
2021-11-08,,,,,,,,,,0.0,0.0,100.0,0.0,0.5,100.0,0.0
2021-11-09,,,,,,,,,,,,,0.0,1.0,100.0,0.0
2021-11-10,2.6,3.0,91.1,,,,,,,,,,0.0,0.8,100.0,0.0
2021-11-11,,,,,,,,,,,,,0.0,1.1,100.0,0.0
2021-11-12,3.5,4.9,90.8,,,,,,,0.0,0.1,100.0,0.0,0.8,100.0,0.0
2021-11-13,,,,,,,,,,,,,0.0,2.1,100.0,0.0
2021-11-14,,,,,,,,,,,,,0.0,1.7,100.0,0.0
2021-11-15,,,,,,,,,,0.0,0.5,100.0,0.0,2.5,100.0,0.0
2021-11-16,3.3,4.9,91.3,,,,,,,,,,0.0,2.4,100.0,0.0
2021-11-17,,,,,,,,,,,,,0.0,3.7,100.0,0.0
2021-11-18,4.5,9.5,90.8,,,,,,,0.0,1.9,100.0,0.0,2.9,100.0,0.0
2021-11-19,,,,,,,,,,,,,0.0,4.5,100.0,0.0
2021-11-20,,,,,,,,,,0.3,8.2,100.0,0.0,3.8,100.0,0.0
2021-11-21,,,,,,,,,,,,,0.0,6.1,100.0,0.0
2021-11-22,3.8,9.1,91.2,,,,,,,,,,0.0,5.9,100.0,0.0
2021-11-23,,,,,,,,,,6.4,25.5,100.0,0.0,8.2,100.0,0.0
2021-11-24,5.0,11.8,91.0,0.0,11.1,100.0,,,,,,,0.0,8.5,100.0,0.0
2021-11-25,,,,,,,,,,,,,0.0,10.5,100.0,0.0
2021-11-26,,,,,,,,,,,,,0.0,10.2,100.0,0.0
2021-11-27,,,,,,,,,,,,,0.0,13.3,100.0,0.0
2021-11-28,3.5,8.1,91.2,,,,,,,,,,0.0,13.4,100.0,0.0
2021-11-29,,,,,,,,,,,,,0.0,17.0,100.0,0.0
2021-11-30,3.4,10.9,90.8,,,,,,,,,,0.0,19.2,100.0,0.0
2021-12-01,,,,,,,,,,,,,0.0,22.1,100.0,0.0
2021-12-02,,,,,,,,,,,,,0.0,26.1,100.0,0.0
2021-12-03,,,,,,,,,,89.5,69.8,95.7,0.0,29.7,100.0,0.0
2021-12-04,3.2,10.3,91.2,,,,,,,,,,0.5,37.7,100.0,0.5
2021-12-05,,,,,,,,,,,,,1.7,42.5,100.0,1.7
2021-12-06,4.3,13.5,91.1,,,,,,,,,,11.4,47.7,100.0,11.4
2021-12-07,,,,,,,,,,,,,5.5,46.3,100.0,5.5
2021-12-08,,,,,,,,,,,,,19.1,53.1,100.0,19.1
2021-12-09,,,,,,,,,,,,,54.1,59.3,100.0,54.1
2021-12-10,2.8,7.2,91.1,,,,,,,,,,75.1,62.8,100.0,75.1
2021-12-11,,,,,,,,,,,,,76.3,62.8,100.0,76.3
2021-12-12,3.8,8.6,91.2,,,,,,,99.8,85.7,100.0,90.3,65.5,100.0,90.3
2021-12-13,,,,,,,,,,100.0,91.5,100.0,97.3,69.7,100.0,97.3
2021-12-14,,,,,,,,,,,,,96.9,70.3,100.0,96.9
2021-12-15,,,,,,,,,,100.0,93.9,100.0,96.9,71.4,100.0,96.9
2021-12-16,3.0,5.7,91.4,,,,,,,100.0,95.0,100.0,96.0,70.8,100.0,96.0
2021-12-17,,,,,,,,,,100.0,93.2,34.6,97.3,74.2,100.0,97.3
2021-12-18,3.9,7.4,91.4,,,,,,,99.8,91.5,100.0,96.0,73.2,100.0,96.0
2021-12-19,,,,70.7,59.6,100.0,,,,97.3,84.9,100.0,97.6,76.8,100.0,97.6
2021-12-20,,,,,,,,,,95.6,77.6,100.0,96.2,74.8,100.0,96.2
2021-12-21,,,,,,,,,,77.0,62.6,100.0,97.6,76.5,100.0,97.6
2021-12-22,2.8,4.8,91.3,,,,,,,,,,98.3,76.9,100.0,98.3
2021-12-23,,,,,,,98.1,88.1,74.2,,,,99.2,80.1,100.0,99.2
2021-12-24,,,,,,,,,,,,,99.2,79.3,100.0,99.2
2021-12-25,,,,,,,,,,,,,99.3,79.6,100.0,99.3
2021-12-26,,,,,,,,,,,,,99.7,79.8,100.0,99.7
2021-12-27,,,,,,,,,,,,,100.0,79.2,100.0,100.0
2021-12-28,,,,,,,,,,41.8,44.2,95.3,100.0,78.0,100.0,100.0
2021-12-29,,,,89.2,75.3,41.8,,,,,,,99.9,76.3,100.0,99.9
2021-12-30,3.2,5.7,91.1,,,,,,,,,,99.9,74.4,100.0,99.9
2021-12-31,,,,,,,,,,6.5,18.6,100.0,99.8,70.5,100.0,99.8
2022-01-01,,,,,,,,,,,,,99.1,68.8,100.0,99.1
2022-01-02,,,,,,,,,,,,,83.6,65.0,100.0,83.6
2022-01-03,2.6,4.5,99.2,,,,,,,4.3,17.9,100.0,76.2,63.5,100.0,76.2
2022-01-04,,,,,,,,,,,,,63.6,62.2,100.0,63.6
2022-01-05,,,,,,,,,,,,,79.2,63.2,100.0,79.2
2022-01-06,,,,,,,,,,,,,36.5,59.2,100.0,36.5
2022-01-07,,,,,,,,,,,,,89.5,63.7,100.0,89.5
2022-01-08,,,,,,,,,,,,,41.1,59.7,100.0,41.1
2022-01-09,,,,,,,,,,,,,80.2,63.0,100.0,80.2
2022-01-10,,,,,,,,,,6.9,22.1,79.9,71.6,61.2,100.0,71.6
2022-01-11,3.2,6.7,99.1,,,,,,,,,,82.9,63.1,100.0,82.9
2022-01-12,,,,,,,,,,14.4,29.4,100.0,90.9,65.1,100.0,90.9
2022-01-13,,,,80.2,62.3,100.0,,,,,,,95.8,69.6,100.0,95.8
2022-01-14,,,,,,,,,,14.2,29.4,100.0,95.1,67.5,100.0,95.1
2022-01-15,2.9,5.3,99.1,,,,,,,,,,97.3,69.3,100.0,97.3
2022-01-16,,,,,,,,,,,,,97.5,69.0,100.0,97.5
2022-01-17,,,,,,,,,,,,,98.9,72.9,100.0,98.9
2022-01-18,,,,85.1,69.3,100.0,,,,,,,98.1,73.0,100.0,98.1
2022-01-19,,,,,,,,,,,,,98.3,72.9,100.0,98.3
2022-01-20,,,,,,,,,,,,,96.3,69.0,100.0,96.3
2022-01-21,,,,,,,,,,,,,98.9,73.0,100.0,98.9
2022-01-22,,,,,,,,,,,,,98.1,70.2,100.0,98.1
2022-01-23,4.2,10.5,99.1,83.0,71.6,100.0,,,,,,,99.2,74.3,100.0,99.2
2022-01-24,,,,,,,,,,46.0,46.2,100.0,92.6,66.6,100.0,92.6
2022-01-25,,,,,,,,,,,,,98.3,70.7,100.0,98.3
2022-01-26,,,,,,,,,,,,,95.6,69.0,100.0,95.6
2022-01-27,4.1,8.7,99.2,,,,,,,,,,99.0,71.4,100.0,99.0
2022-01-28,,,,,,,,,,,,,94.9,67.2,100.0,94.9
2022-01-29,,,,,,,,,,,,,98.4,70.6,100.0,98.4
2022-01-30,,,,,,,,,,82.3,64.8,100.0,95.7,68.8,100.0,95.7
2022-01-31,,,,,,,,,,,,,99.8,72.9,100.0,99.8
2022-02-01,,,,,,,,,,,,,99.0,70.1,100.0,99.0
2022-02-02,,,,,,,,,,,,,99.6,73.9,100.0,99.6
2022-02-03,,,,,,,,,,100.0,88.5,100.0,96.6,70.9,100.0,96.6
2022-02-04,5.4,16.4,98.9,,,,,,,,,,98.9,73.7,100.0,98.9
2022-02-05,,,,,,,,,,100.0,92.6,100.0,96.5,71.8,100.0,96.5
2022-02-06,,,,,,,,,,,,,97.5,75.9,100.0,97.5
2022-02-07,,,,,,,,,,,,,94.1,73.2,100.0,94.1
2022-02-08,4.0,9.9,99.2,,,,,,,100.0,95.8,98.4,95.7,75.7,100.0,95.7
2022-02-09,,,,,,,,,,100.0,96.2,100.0,93.2,73.4,100.0,93.2
2022-02-10,,,,,,,,,,100.0,97.5,100.0,95.7,77.1,100.0,95.7
2022-02-11,,,,,,,,,,,,,92.8,74.2,100.0,92.8
2022-02-12,,,,78.1,68.3,100.0,,,,100.0,98.0,100.0,95.8,79.8,100.0,95.8
2022-02-13,,,,,,,,,,100.0,97.7,100.0,92.6,75.3,100.0,92.6
2022-02-14,,,,,,,,,,,,,94.9,76.6,100.0,94.9
2022-02-15,,,,,,,,,,,,,87.0,72.6,100.0,87.0
2022-02-16,5.1,14.9,99.1,,,,,,,100.0,94.5,99.4,92.7,75.3,100.0,92.7
2022-02-17,,,,67.6,66.3,84.7,,,,99.8,83.3,99.8,82.3,72.1,100.0,82.3
2022-02-18,,,,,,,,,,92.4,72.4,100.0,81.3,70.9,100.0,81.3
2022-02-19,,,,,,,,,,66.3,57.3,100.0,74.4,68.5,100.0,74.4
2022-02-20,3.9,9.1,99.0,,,,,,,55.0,49.3,100.0,80.0,70.6,100.0,80.0
2022-02-21,,,,,,,,,,,,,72.9,67.8,100.0,72.9
2022-02-22,,,,,,,,,,,,,77.4,69.0,100.0,77.4
2022-02-23,,,,,,,,,,,,,72.5,67.2,100.0,72.5
2022-02-24,,,,,,,,,,,,,76.3,68.3,100.0,76.3
2022-02-25,,,,,,,,,,,,,71.9,66.4,100.0,71.9
2022-02-26,,,,,,,,,,,,,76.9,67.6,100.0,76.9
2022-02-27,,,,67.0,56.9,83.4,,,,,,,81.8,69.8,100.0,81.8
2022-02-28,4.7,13.9,99.1,,,,,,,,,,71.4,65.9,100.0,71.4
2022-03-01,,,,,,,,,,,,,70.8,65.2,100.0,70.8
2022-03-02,,,,,,,,,,,,,74.8,65.9,100.0,74.8
2022-03-03,,,,,,,,,,,,,81.1,67.4,100.0,81.1
2022-03-04,5.1,13.5,99.1,1.6,26.3,100.0,,,,,,,82.9,67.7,100.0,82.9
2022-03-05,,,,,,,77.6,72.4,100.0,33.3,35.7,100.0,81.1,66.4,100.0,81.1
2022-03-06,,,,,,,93.3,80.5,56.8,30.2,34.4,100.0,82.8,67.7,100.0,82.8
2022-03-07,,,,,,,,,,,,,84.4,67.6,100.0,84.4
2022-03-08,,,,,,,,,,,,,84.2,66.8,100.0,84.2
2022-03-09,,,,0.0,13.3,100.0,,,,27.0,32.9,100.0,83.2,66.0,100.0,83.2
2022-03-10,,,,,,,,,,,,,78.2,63.1,100.0,78.2
2022-03-11,,,,,,,,,,,,,70.7,60.2,100.0,70.7
2022-03-12,45.7,42.5,98.7,,,,,,,,,,72.2,60.6,100.0,72.2
2022-03-13,,,,,,,,,,,,,49.0,57.0,100.0,49.0
2022-03-14,,,,0.0,8.3,100.0,26.4,38.9,56.1,,,,28.9,54.0,100.0,28.9
2022-03-15,,,,,,,,,,53.0,48.9,100.0,1.4,43.7,100.0,1.4
2022-03-16,17.6,32.6,99.0,,,,,,,,,,1.9,44.1,100.0,1.9
2022-03-17,,,,,,,,,,,,,0.6,38.4,100.0,0.6
2022-03-18,,,,,,,,,,,,,0.2,32.6,100.0,0.2
2022-03-19,,,,0.0,5.3,100.0,,,,,,,0.2,25.8,100.0,0.2
2022-03-20,,,,,,,,,,,,,0.1,23.1,100.0,0.1
2022-03-21,,,,,,,2.9,12.1,98.8,,,,0.1,20.8,100.0,0.1
2022-03-22,,,,,,,2.9,5.9,94.4,,,,0.1,17.0,100.0,0.1
2022-03-23,,,,,,,,,,,,,0.0,12.5,100.0,0.0
2022-03-24,85.7,54.3,98.7,0.0,2.3,100.0,,,,,,,0.0,11.5,100.0,0.0
2022-03-25,,,,,,,,,,28.7,34.3,100.0,0.0,9.4,100.0,0.0
2022-03-26,,,,,,,,,,,,,0.0,9.8,100.0,0.0
2022-03-27,,,,,,,,,,,,,0.0,8.1,100.0,0.0
2022-03-28,38.8,40.1,99.0,,,,,,,,,,0.0,7.1,100.0,0.0
2022-03-29,,,,,,,,,,,,,0.0,7.4,100.0,0.0
2022-03-30,,,,,,,,,,,,,0.0,7.4,100.0,0.0
2022-03-31,,,,,,,,,,,,,0.0,6.5,100.0,0.0
2022-04-01,,,,,,,,,,,,,0.0,6.6,100.0,0.0
2022-04-02,,,,,,,,,,,,,0.0,7.6,100.0,0.0
2022-04-03,,,,,,,,,,,,,0.0,6.9,100.0,0.0
2022-04-04,,,,,,,,,,,,,0.0,7.8,100.0,0.0
2022-04-05,81.0,54.3,98.7,,,,,,,,,,0.0,7.6,100.0,0.0
2022-04-06,,,,,,,2.5,3.4,100.0,,,,0.0,8.1,100.0,0.0
2022-04-07,,,,,,,3.8,4.9,90.8,,,,0.0,6.3,100.0,0.0
2022-04-08,,,,,,,,,,,,,0.0,7.1,100.0,0.0
2022-04-09,51.4,43.6,98.8,,,,,,,,,,0.0,7.5,100.0,0.0
2022-04-10,,,,,,,,,,,,,0.0,7.7,100.0,0.0
2022-04-11,,,,,,,,,,,,,0.0,6.8,100.0,0.0
2022-04-12,,,,,,,,,,,,,0.0,6.9,100.0,0.0
2022-04-13,,,,0.0,1.4,87.7,,,,,,,0.0,6.4,100.0,0.0
2022-04-14,,,,,,,0.9,1.2,100.0,1.2,11.8,100.0,0.0,5.7,100.0,0.0
2022-04-15,,,,,,,,,,,,,0.0,5.9,100.0,0.0
2022-04-16,,,,,,,,,,,,,0.0,6.6,100.0,0.0
2022-04-17,74.3,51.8,98.8,,,,,,,,,,0.0,7.0,100.0,0.0
2022-04-18,,,,0.0,0.5,100.0,,,,,,,0.0,7.9,100.0,0.0
2022-04-19,,,,,,,,,,,,,0.0,8.1,100.0,0.0
2022-04-20,,,,,,,,,,0.0,5.9,100.0,0.0,8.2,100.0,0.0
2022-04-21,61.3,46.6,99.0,,,,,,,0.0,3.2,100.0,0.0,9.1,100.0,0.0
2022-04-22,,,,,,,,,,,,,0.0,9.9,100.0,0.0
2022-04-23,,,,,,,,,,,,,0.0,9.5,100.0,0.0
2022-04-24,,,,,,,,,,,,,0.0,10.4,100.0,0.0
2022-04-25,,,,,,,,,,,,,0.0,11.0,100.0,0.0
2022-04-26,,,,,,,,,,,,,0.0,11.0,100.0,0.0
2022-04-27,,,,,,,,,,,,,0.0,9.9,100.0,0.0
2022-04-28,,,,0.0,1.1,98.0,,,,,,,0.0,10.0,100.0,0.0
2022-04-29,68.3,48.7,98.6,,,,,,,,,,0.0,8.5,100.0,0.0
2022-04-30,,,,,,,,,,0.0,1.2,100.0,0.0,7.0,100.0,0.0
2022-05-01,,,,,,,,,,,,,0.0,6.6,100.0,0.0
2022-05-02,,,,,,,,,,,,,0.0,5.5,100.0,0.0
2022-05-03,52.6,44.0,99.0,0.0,1.0,100.0,,,,,,,0.0,3.8,100.0,0.0
2022-05-04,,,,,,,,,,0.0,0.4,100.0,0.0,2.9,100.0,0.0
2022-05-05,,,,,,,,,,0.0,0.1,92.9,0.0,2.4,100.0,0.0
2022-05-06,,,,,,,,,,,,,0.0,1.9,100.0,0.0
2022-05-07,,,,,,,,,,,,,0.0,1.5,100.0,0.0
2022-05-08,,,,,,,,,,,,,0.0,1.3,100.0,0.0
2022-05-09,,,,,,,0.5,0.7,100.0,,,,0.0,0.9,100.0,0.0
2022-05-10,,,,,,,,,,0.0,0.0,100.0,0.0,0.6,100.0,0.0
2022-05-11,24.0,34.5,98.5,,,,,,,,,,0.0,0.8,100.0,0.0
2022-05-12,,,,,,,,,,0.0,0.0,32.5,0.0,0.6,100.0,0.0
2022-05-13,,,,,,,,,,,,,0.0,0.6,100.0,0.0
2022-05-14,,,,,,,,,,,,,0.0,0.4,100.0,0.0
2022-05-15,14.4,27.8,98.9,,,,,,,,,,0.0,0.5,100.0,0.0
2022-05-16,,,,,,,,,,,,,0.0,0.4,100.0,0.0
2022-05-17,,,,,,,,,,,,,0.0,0.3,100.0,0.0
2022-05-18,,,,0.0,0.6,100.0,,,,,,,0.0,0.1,100.0,0.0
2022-05-19,,,,,,,,,,,,,0.0,0.1,100.0,0.0
2022-05-20,,,,,,,0.5,0.8,40.7,,,,0.0,0.1,100.0,0.0
2022-05-21,,,,,,,,,,,,,0.0,0.1,100.0,0.0
2022-05-22,,,,,,,,,,,,,0.0,0.0,100.0,0.0
2022-05-23,,,,,,,,,,,,,0.0,0.0,100.0,0.0
2022-05-24,,,,,,,0.3,0.4,100.0,,,,0.0,0.0,100.0,0.0
2022-05-25,,,,,,,,,,,,,0.0,0.0,100.0,0.0
2022-05-26,,,,,,,,,,,,,0.0,0.0,100.0,0.0
2022-05-27,11.3,23.7,98.8,,,,,,,,,,0.0,0.1,100.0,0.0
2022-05-28,,,,,,,,,,,,,0.0,0.1,100.0,0.0
2022-05-29,,,,,,,,,,,,,0.0,0.1,100.0,0.0
2022-05-30,,,,,,,,,,,,,0.0,0.1,100.0,0.0
2022-05-31,,,,,,,,,,,,,0.0,0.2,100.0,0.0
2022-06-01,,,,,,,0.0,0.1,88.8,,,,0.0,0.1,100.0,0.0
2022-06-02,,,,,,,,,,,,,0.0,0.2,100.0,0.0
2022-06-03,,,,,,,,,,,,,0.0,0.2,100.0,0.0
2022-06-04,10.6,21.4,98.7,,,,,,,0.0,0.0,93.8,0.0,0.3,100.0,0.0
2022-06-05,,,,,,,,,,,,,0.0,0.3,100.0,0.0
2022-06-06,,,,,,,,,,0.0,0.0,100.0,0.0,0.3,100.0,0.0
2022-06-07,,,,,,,,,,,,,0.0,0.4,100.0,0.0
2022-06-08,10.0,18.8,99.0,,,,,,,,,,0.0,0.4,100.0,0.0
2022-06-09,,,,,,,,,,,,,0.0,0.7,100.0,0.0
2022-06-10,,,,,,,,,,,,,0.0,0.6,100.0,0.0
2022-06-11,,,,,,,,,,0.0,0.0,87.5,0.0,0.6,100.0,0.0
2022-06-12,,,,0.0,0.4,100.0,,,,0.0,0.0,100.0,0.0,0.4,100.0,0.0
2022-06-13,,,,,,,,,,0.0,0.0,84.8,0.0,0.5,100.0,0.0
2022-06-14,,,,,,,,,,0.0,0.0,100.0,0.0,0.3,100.0,0.0
2022-06-15,,,,,,,,,,,,,0.0,0.3,100.0,0.0
2022-06-16,10.6,18.1,98.7,,,,,,,0.0,0.0,78.9,0.0,0.2,100.0,0.0
2022-06-17,,,,0.0,0.4,65.6,0.2,0.3,68.9,,,,0.0,0.2,100.0,0.0
2022-06-18,,,,,,,0.0,0.0,96.9,0.0,0.0,100.0,0.0,0.1,100.0,0.0
2022-06-19,,,,,,,,,,,,,0.0,0.1,100.0,0.0
2022-06-20,12.5,21.3,99.0,,,,,,,0.0,0.0,59.7,0.0,0.1,100.0,0.0
2022-06-21,,,,,,,,,,,,,0.0,0.1,100.0,0.0
2022-06-22,,,,,,,,,,0.0,0.0,100.0,0.0,0.1,100.0,0.0
2022-06-23,,,,,,,,,,0.0,0.0,100.0,0.0,0.0,100.0,0.0
2022-06-24,,,,,,,,,,,,,0.0,0.1,100.0,0.0
2022-06-25,,,,,,,,,,,,,0.0,0.1,100.0,0.0
2022-06-26,,,,,,,0.0,0.0,100.0,,,,0.0,0.0,100.0,0.0
2022-06-27,,,,0.0,0.2,100.0,,,,0.0,0.0,100.0,0.0,0.0,100.0,0.0
2022-06-28,14.5,24.0,98.4,,,,,,,0.0,0.0,100.0,0.0,0.0,100.0,0.0
2022-06-29,,,,,,,,,,,,,0.0,0.0,100.0,0.0
2022-06-30,,,,,,,,,,,,,0.0,0.0,100.0,0.0
2022-07-01,,,,,,,,,,,,,0.0,0.0,100.0,0.0
2022-07-02,13.4,24.4,98.9,0.0,0.4,100.0,,,,,,,0.0,0.0,100.0,0.0
2022-07-03,,,,,,,0.0,0.0,100.0,,,,0.0,0.0,100.0,0.0
2022-07-04,,,,,,,,,,,,,0.0,0.0,100.0,0.0
2022-07-05,,,,,,,,,,,,,0.0,0.0,100.0,0.0
2022-07-06,,,,,,,,,,,,,0.0,0.0,100.0,0.0
2022-07-07,,,,,,,,,,,,,0.0,0.0,100.0,0.0
2022-07-08,,,,,,,,,,,,,0.0,0.0,100.0,0.0
2022-07-09,,,,,,,,,,,,,0.0,0.0,100.0,0.0
2022-07-10,14.1,23.6,98.7,,,,,,,,,,0.0,0.0,100.0,0.0
2022-07-11,,,,,,,,,,,,,0.0,0.1,100.0,0.0
2022-07-12,,,,0.0,0.9,92.7,,,,,,,0.0,0.1,100.0,0.0
2022-07-13,,,,,,,,,,,,,0.0,0.0,100.0,0.0
2022-07-14,12.9,24.3,98.9,,,,,,,,,,0.0,0.0,100.0,0.0
2022-07-15,,,,,,,,,,,,,0.0,0.0,100.0,0.0
2022-07-16,,,,,,,,,,0.0,0.0,39.5,0.0,0.0,100.0,0.0
2022-07-17,,,,0.0,0.9,100.0,,,,,,,0.0,0.0,100.0,0.0
2022-07-18,,,,,,,,,,,,,0.0,0.0,100.0,0.0
2022-07-19,,,,,,,0.0,0.0,100.0,0.0,0.0,100.0,0.0,0.0,100.0,0.0
2022-07-20,,,,,,,,,,,,,0.0,0.0,100.0,0.0
2022-07-21,,,,,,,,,,,,,0.0,0.0,100.0,0.0
2022-07-22,14.5,25.9,98.5,0.0,1.1,100.0,,,,0.0,0.0,96.2,0.0,0.0,100.0,0.0
2022-07-23,,,,,,,,,,,,,0.0,0.0,100.0,0.0
2022-07-24,,,,,,,,,,,,,0.0,0.0,100.0,0.0
2022-07-25,,,,,,,,,,,,,0.0,0.0,100.0,0.0
2022-07-26,12.7,25.2,98.8,,,,,,,,,,0.0,0.0,100.0,0.0
2022-07-27,,,,,,,,,,,,,0.0,0.0,100.0,0.0
2022-07-28,,,,,,,0.0,0.0,42.7,0.0,0.0,89.0,0.0,0.0,100.0,0.0
2022-07-29,,,,,,,,,,,,,0.0,0.0,100.0,0.0
2022-07-30,,,,,,,,,,,,,0.0,0.0,100.0,0.0
2022-07-31,,,,,,,,,,,,,0.0,0.0,100.0,0.0
2022-08-01,,,,0.0,1.0,68.4,,,,,,,0.0,0.0,100.0,0.0
2022-08-02,,,,,,,,,,,,,0.0,0.0,100.0,0.0
2022-08-03,12.4,24.7,98.6,,,,,,,0.0,0.0,100.0,0.0,0.0,100.0,0.0
2022-08-04,,,,,,,0.0,0.0,100.0,0.0,0.0,100.0,0.0,0.0,100.0,0.0
2022-08-05,,,,,,,,,,,,,0.0,0.0,100.0,0.0
2022-08-06,,,,,,,,,,,,,0.0,0.0,100.0,0.0
2022-08-07,,,,,,,,,,,,,0.0,0.0,100.0,0.0
2022-08-08,,,,,,,,,,,,,0.0,0.0,100.0,0.0
2022-08-09,,,,,,,,,,0.0,0.0,100.0,0.0,0.0,100.0,0.0
2022-08-10,,,,,,,,,,,,,0.0,0.0,100.0,0.0
2022-08-11,,,,0.0,0.7,100.0,,,,,,,0.0,0.0,100.0,0.0
2022-08-12,,,,,,,0.0,0.0,89.3,,,,0.0,0.0,100.0,0.0
2022-08-13,,,,,,,0.0,0.0,100.0,0.0,0.0,100.0,0.0,0.0,100.0,0.0
2022-08-14,,,,,,,,,,0.0,0.0,100.0,0.0,0.0,100.0,0.0
2022-08-15,11.5,24.2,98.6,,,,,,,,,,0.0,0.0,100.0,0.0
2022-08-16,,,,0.0,0.7,100.0,,,,0.0,0.0,100.0,0.0,0.0,100.0,0.0
2022-08-17,,,,,,,,,,0.0,0.0,100.0,0.0,0.0,100.0,0.0
2022-08-18,,,,,,,,,,,,,0.0,0.0,100.0,0.0
2022-08-19,,,,,,,,,,,,,0.0,0.0,100.0,0.0
2022-08-20,,,,,,,,,,,,,0.0,0.0,100.0,0.0
2022-08-21,,,,,,,0.0,0.0,99.2,,,,0.0,0.0,100.0,0.0
2022-08-22,,,,,,,,,,0.0,0.0,82.2,0.0,0.0,100.0,0.0
2022-08-23,,,,,,,,,,0.0,0.0,100.0,0.0,0.0,100.0,0.0
2022-08-24,,,,,,,,,,0.0,0.0,100.0,0.0,0.0,100.0,0.0
2022-08-25,,,,,,,,,,0.0,0.0,100.0,0.0,0.0,100.0,0.0
2022-08-26,,,,,,,,,,0.0,0.0,70.8,0.0,0.0,100.0,0.0
2022-08-27,12.3,24.7,98.8,,,,,,,,,,0.0,0.0,100.0,0.0
2022-08-28,,,,,,,,,,,,,0.0,0.0,100.0,0.0
2022-08-29,,,,,,,0.0,0.0,62.2,,,,0.0,0.0,100.0,0.0
2022-08-30,,,,,,,,,,0.0,0.0,100.0,0.0,0.0,100.0,0.0
2022-08-31,9.8,18.5,99.1,,,,,,,,,,0.0,0.0,100.0,0.0
2022-09-01,,,,,,,,,,0.0,0.0,98.7,0.0,0.0,100.0,0.0
2022-09-02,,,,,,,,,,,,,0.0,0.0,100.0,0.0
2022-09-03,,,,,,,,,,0.0,0.0,100.0,0.0,0.0,100.0,0.0
2022-09-04,,,,,,,,,,,,,0.0,0.0,100.0,0.0
2022-09-05,,,,,,,,,,0.0,0.0,100.0,0.0,0.0,100.0,0.0
2022-09-06,,,,,,,,,,,,,0.0,0.0,100.0,0.0
2022-09-07,,,,,,,,,,,,,0.0,0.0,100.0,0.0
2022-09-08,9.5,17.5,98.7,,,,,,,,,,0.0,0.0,100.0,0.0
2022-09-09,,,,,,,,,,,,,0.0,0.0,100.0,0.0
2022-09-10,,,,,,,,,,,,,0.0,0.0,100.0,0.0
2022-09-11,,,,,,,,,,,,,0.0,0.0,100.0,0.0
2022-09-12,8.8,14.1,98.7,,,,,,,0.0,0.0,100.0,0.0,0.0,100.0,0.0
2022-09-13,,,,,,,0.0,0.0,100.0,,,,0.0,0.0,100.0,0.0
2022-09-14,,,,,,,,,,,,,0.0,0.0,100.0,0.0
2022-09-15,,,,,,,,,,,,,0.0,0.0,100.0,0.0
2022-09-16,,,,,,,,,,,,,0.0,0.0,100.0,0.0
2022-09-17,,,,,,,,,,,,,0.0,0.0,100.0,0.0
2022-09-18,,,,,,,,,,,,,0.0,0.0,100.0,0.0
2022-09-19,,,,,,,,,,,,,0.0,0.0,100.0,0.0
2022-09-20,8.6,14.1,98.8,0.0,1.0,97.2,,,,,,,0.0,0.0,100.0,0.0
2022-09-21,,,,,,,0.0,0.0,72.6,,,,0.0,0.0,100.0,0.0
2022-09-22,,,,,,,0.0,0.0,100.0,,,,0.0,0.0,100.0,0.0
2022-09-23,,,,,,,,,,,,,0.0,0.0,100.0,0.0
2022-09-24,7.3,11.2,99.0,,,,,,,,,,0.0,0.0,100.0,0.0
2022-09-25,,,,,,,,,,,,,0.0,0.0,100.0,0.0
2022-09-26,,,,,,,,,,,,,0.0,0.0,100.0,0.0
2022-09-27,,,,,,,,,,,,,0.0,0.0,100.0,0.0
2022-09-28,,,,,,,,,,,,,0.0,0.1,100.0,0.0
2022-09-29,,,,,,,,,,,,,0.0,0.1,100.0,0.0
2022-09-30,,,,,,,,,,,,,0.0,0.1,100.0,0.0
2022-10-01,,,,,,,,,,,,,0.0,0.1,100.0,0.0
2022-10-02,7.1,10.6,98.8,,,,,,,,,,0.0,0.1,100.0,0.0
2022-10-03,,,,,,,,,,,,,0.0,0.1,100.0,0.0
2022-10-04,,,,,,,,,,0.0,0.0,100.0,0.0,0.1,100.0,0.0
2022-10-05,,,,0.0,0.4,100.0,,,,,,,0.0,0.1,100.0,0.0
2022-10-06,6.5,9.7,99.0,,,,,,,0.0,0.0,100.0,0.0,0.1,100.0,0.0
2022-10-07,,,,,,,0.0,0.0,100.0,0.0,0.0,100.0,0.0,0.1,100.0,0.0
2022-10-08,,,,,,,,,,0.0,0.0,99.4,0.0,0.0,100.0,0.0
2022-10-09,,,,,,,,,,,,,0.0,0.1,100.0,0.0
2022-10-10,,,,0.0,0.4,100.0,,,,0.0,0.0,100.0,0.0,0.0,100.0,0.0
2022-10-11,,,,,,,,,,,,,0.0,0.1,100.0,0.0
2022-10-12,,,,,,,,,,0.0,0.0,100.0,0.0,0.0,100.0,0.0
2022-10-13,,,,,,,,,,,,,0.0,0.1,100.0,0.0
2022-10-14,6.5,9.6,98.7,,,,,,,,,,0.0,0.0,100.0,0.0
2022-10-15,,,,,,,,,,,,,0.0,0.1,100.0,0.0
2022-10-16,,,,,,,0.0,0.0,95.9,0.0,0.0,100.0,0.0,0.0,100.0,0.0
2022-10-17,,,,,,,,,,0.0,0.0,100.0,0.0,0.1,100.0,0.0
2022-10-18,5.8,8.1,98.9,,,,,,,0.0,0.0,100.0,0.0,0.1,100.0,0.0
2022-10-19,,,,,,,,,,,,,0.0,0.1,100.0,0.0
2022-10-20,,,,,,,,,,0.0,0.0,100.0,0.0,0.1,100.0,0.0
2022-10-21,,,,,,,,,,,,,0.0,0.1,100.0,0.0
2022-10-22,,,,,,,,,,,,,0.0,0.1,100.0,0.0
2022-10-23,,,,,,,,,,,,,0.0,0.2,100.0,0.0
2022-10-24,,,,,,,,,,,,,0.0,0.3,100.0,0.0
2022-10-25,,,,0.0,0.4,100.0,,,,,,,0.0,0.2,100.0,0.0
2022-10-26,6.9,8.9,98.8,,,,,,,,,,0.0,0.2,100.0,0.0
2022-10-27,,,,,,,,,,0.0,0.0,100.0,0.0,0.2,100.0,0.0
2022-10-28,,,,,,,,,,,,,0.0,0.2,100.0,0.0
2022-10-29,,,,,,,,,,,,,0.0,0.2,100.0,0.0
2022-10-30,6.5,8.5,99.0,0.0,0.8,100.0,,,,0.0,0.0,100.0,0.0,0.2,100.0,0.0
2022-10-31,,,,,,,0.0,0.1,100.0,,,,0.0,0.2,100.0,0.0
2022-11-01,,,,,,,,,,0.0,0.0,100.0,0.0,0.2,100.0,0.0
2022-11-02,,,,,,,,,,0.0,0.1,100.0,0.0,0.2,100.0,0.0
2022-11-03,,,,,,,,,,,,,0.0,0.3,100.0,0.0
2022-11-04,,,,,,,,,,,,,0.0,0.3,100.0,0.0
2022-11-05,,,,,,,,,,0.0,1.0,100.0,0.0,0.3,100.0,0.0
2022-11-06,,,,,,,,,,,,,0.0,0.3,100.0,0.0
2022-11-07,7.0,9.5,98.8,,,,,,,,,,0.0,0.5,100.0,0.0
2022-11-08,,,,,,,,,,,,,0.0,0.6,100.0,0.0
2022-11-09,,,,0.0,1.4,100.0,,,,,,,0.0,0.7,100.0,0.0
2022-11-10,,,,,,,,,,,,,0.0,0.5,100.0,0.0
2022-11-11,5.6,8.1,99.1,,,,,,,,,,0.0,0.8,100.0,0.0
2022-11-12,,,,,,,,,,0.0,3.5,100.0,0.0,0.6,100.0,0.0
2022-11-13,,,,,,,,,,,,,0.0,1.1,100.0,0.0
2022-11-14,,,,0.0,4.6,100.0,,,,,,,0.0,0.7,100.0,0.0
2022-11-15,,,,,,,,,,,,,0.0,1.4,100.0,0.0
2022-11-16,,,,,,,,,,0.0,6.9,100.0,0.0,1.4,100.0,0.0
2022-11-17,,,,,,,0.0,0.5,55.2,,,,0.0,3.0,100.0,0.0
2022-11-18,,,,,,,,,,,,,0.0,2.7,100.0,0.0
2022-11-19,6.4,9.4,98.8,0.5,21.3,98.6,,,,,,,0.0,4.4,100.0,0.0
2022-11-20,,,,,,,,,,,,,0.0,3.9,100.0,0.0
2022-11-21,,,,,,,,,,,,,0.0,6.2,100.0,0.0
2022-11-22,,,,,,,,,,,,,0.0,6.0,100.0,0.0
2022-11-23,5.1,9.1,98.9,,,,,,,,,,0.0,9.1,100.0,0.0
2022-11-24,,,,44.2,45.9,43.9,,,,,,,0.0,7.6,100.0,0.0
2022-11-25,,,,,,,,,,,,,0.0,10.9,100.0,0.0
2022-11-26,,,,,,,,,,,,,0.0,9.7,100.0,0.0
2022-11-27,,,,,,,,,,,,,0.0,14.4,100.0,0.0
2022-11-28,,,,,,,,,,,,,0.0,12.4,100.0,0.0
2022-11-29,,,,,,,,,,,,,0.0,16.6,100.0,0.0
2022-11-30,,,,,,,,,,11.9,32.3,100.0,0.0,15.0,100.0,0.0
2022-12-01,5.4,10.3,98.5,,,,,,,71.8,57.4,100.0,0.0,20.0,100.0,0.0
2022-12-02,,,,,,,,,,,,,0.0,19.4,100.0,0.0
2022-12-03,,,,,,,,,,,,,0.0,26.7,100.0,0.0
2022-12-04,,,,,,,,,,,,,0.0,24.3,100.0,0.0
2022-12-05,4.4,9.3,99.1,,,,,,,92.1,73.2,100.0,0.0,26.6,100.0,0.0
2022-12-06,,,,,,,,,,97.8,82.2,100.0,0.0,25.8,100.0,0.0
2022-12-07,,,,,,,,,,,,,0.0,28.8,100.0,0.0
2022-12-08,,,,,,,,,,97.6,84.8,100.0,0.1,30.5,100.0,0.1
2022-12-09,,,,,,,,,,,,,0.2,30.6,100.0,0.2
2022-12-10,,,,,,,,,,99.9,91.4,100.0,0.9,34.2,100.0,0.9
2022-12-11,,,,,,,,,,,,,1.6,37.3,100.0,1.6
2022-12-12,,,,,,,,,,,,,4.0,42.8,100.0,4.0
2022-12-13,5.6,12.2,98.9,,,,,,,,,,3.2,41.8,100.0,3.2
2022-12-14,,,,67.0,59.1,100.0,,,,99.3,88.7,100.0,13.2,48.4,100.0,13.2
2022-12-15,,,,,,,,,,,,,6.6,47.2,100.0,6.6
2022-12-16,,,,,,,,,,81.2,67.3,100.0,20.1,52.3,100.0,20.1
2022-12-17,5.1,10.2,99.1,,,,,,,67.4,57.0,100.0,15.1,52.0,100.0,15.1
2022-12-18,,,,,,,5.3,22.5,98.5,60.6,52.2,100.0,53.6,59.0,100.0,53.6
2022-12-19,,,,,,,,,,,,,77.2,62.4,100.0,77.2
2022-12-20,,,,,,,,,,,,,89.8,66.2,100.0,89.8
2022-12-21,,,,,,,,,,,,,92.5,68.3,100.0,92.5
2022-12-22,,,,,,,,,,,,,95.6,69.5,100.0,95.6
2022-12-23,,,,,,,,,,,,,94.5,68.9,100.0,94.5
2022-12-24,,,,,,,,,,,,,93.5,68.2,100.0,93.5
2022-12-25,7.8,16.4,98.8,,,,,,,,,,94.8,68.5,100.0,94.8
2022-12-26,,,,,,,,,,,,,95.5,68.2,100.0,95.5
2022-12-27,,,,,,,,,,60.0,51.9,100.0,96.3,68.5,100.0,96.3
2022-12-28,,,,,,,,,,,,,96.8,69.3,100.0,96.8
2022-12-29,6.1,13.5,99.1,28.9,38.5,100.0,,,,70.3,55.8,100.0,98.0,72.0,100.0,98.0
2022-12-30,,,,,,,,,,,,,96.0,67.8,100.0,96.0
2022-12-31,,,,,,,,,,,,,97.5,69.2,100.0,97.5
2023-01-01,,,,,,,,,,,,,95.3,66.4,100.0,95.3
2023-01-02,,,,,,,,,,,,,97.3,68.3,100.0,97.3
2023-01-03,,,,,,,,,,,,,96.8,66.3,100.0,96.8
2023-01-04,,,,,,,,,,,,,98.1,67.9,100.0,98.1
2023-01-05,,,,,,,,,,40.1,44.3,100.0,93.4,64.8,100.0,93.4
2023-01-06,7.4,16.7,98.6,,,,,,,,,,98.7,67.4,100.0,98.7
2023-01-07,,,,,,,,,,,,,96.9,65.3,100.0,96.9
2023-01-08,,,,,,,,,,,,,99.7,67.5,100.0,99.7
2023-01-09,,,,,,,,,,,,,99.6,66.6,100.0,99.6
2023-01-10,6.0,13.2,98.6,,,,,,,,,,99.3,67.6,100.0,99.3
2023-01-11,,,,,,,,,,94.6,69.3,100.0,98.6,66.7,100.0,98.6
2023-01-12,,,,,,,,,,95.7,69.7,100.0,97.7,68.9,100.0,97.7
2023-01-13,,,,,,,,,,,,,92.0,66.9,100.0,92.0
2023-01-14,,,,,,,,,,,,,92.8,69.2,100.0,92.8
2023-01-15,,,,,,,,,,,,,68.6,62.8,100.0,68.6
2023-01-16,,,,,,,,,,,,,83.8,65.0,100.0,83.8
2023-01-17,,,,,,,,,,,,,41.2,56.7,100.0,41.2
2023-01-18,5.9,12.1,98.5,78.7,65.8,78.8,,,,,,,51.7,60.8,100.0,51.7
2023-01-19,,,,,,,,,,,,,19.1,49.3,100.0,19.1
2023-01-20,,,,,,,,,,,,,40.6,58.3,100.0,40.6
2023-01-21,,,,,,,,,,,,,29.7,52.7,100.0,29.7
2023-01-22,6.1,12.4,99.1,,,,,,,,,,43.0,59.2,100.0,43.0
2023-01-23,,,,,,,,,,,,,24.3,51.3,100.0,24.3
2023-01-24,,,,,,,,,,,,,44.9,58.8,100.0,44.9
2023-01-25,,,,,,,,,,,,,17.9,49.2,100.0,17.9
2023-01-26,,,,,,,,,,,,,34.8,56.3,100.0,34.8
2023-01-27,,,,,,,,,,,,,3.7,43.1,100.0,3.7
2023-01-28,,,,,,,,,,,,,17.0,52.2,100.0,17.0
2023-01-29,,,,,,,,,,,,,2.6,42.4,100.0,2.6
2023-01-30,5.7,11.9,98.8,,,,,,,,,,4.7,48.9,100.0,4.7
2023-01-31,,,,,,,,,,,,,0.8,36.8,100.0,0.8
2023-02-01,,,,,,,,,,,,,1.1,43.9,100.0,1.1
2023-02-02,,,,,,,,,,,,,0.8,37.1,100.0,0.8
2023-02-03,6.4,13.6,98.9,,,,,,,,,,0.9,44.5,100.0,0.9
2023-02-04,,,,,,,,,,,,,0.5,37.7,100.0,0.5
2023-02-05,,,,,,,,,,100.0,85.7,30.2,1.6,48.2,100.0,1.6
2023-02-06,,,,,,,,,,,,,1.2,46.7,100.0,1.2
2023-02-07,,,,21.3,31.0,100.0,,,,100.0,83.1,100.0,55.7,57.5,100.0,55.7
2023-02-08,,,,,,,,,,99.8,83.6,100.0,15.5,52.3,100.0,15.5
2023-02-09,,,,,,,,,,100.0,93.4,100.0,67.7,59.6,100.0,67.7
2023-02-10,,,,,,,,,,100.0,97.9,100.0,69.7,60.3,100.0,69.7
2023-02-11,8.6,19.4,98.5,,,,,,,,,,83.3,64.7,100.0,83.3
2023-02-12,,,,,,,,,,100.0,98.2,100.0,79.6,63.4,100.0,79.6
2023-02-13,,,,,,,70.8,55.1,100.0,100.0,98.1,100.0,88.2,67.7,100.0,88.2
2023-02-14,,,,,,,,,,100.0,97.9,100.0,84.6,65.6,100.0,84.6
2023-02-15,8.8,20.3,99.0,,,,,,,100.0,97.8,100.0,81.2,64.5,100.0,81.2
2023-02-16,,,,,,,,,,100.0,97.0,100.0,77.9,63.0,100.0,77.9
2023-02-17,,,,,,,,,,100.0,93.0,100.0,74.9,62.2,100.0,74.9
2023-02-18,,,,,,,,,,96.3,80.8,100.0,60.7,59.0,100.0,60.7
2023-02-19,,,,,,,,,,80.7,63.0,100.0,33.5,54.4,100.0,33.5
2023-02-20,,,,,,,,,,,,,34.9,55.0,100.0,34.9
2023-02-21,,,,,,,1.1,18.6,76.7,,,,5.5,48.4,100.0,5.5
2023-02-22,,,,0.0,4.7,100.0,,,,,,,1.8,44.4,100.0,1.8
2023-02-23,11.2,24.2,98.8,,,,,,,,,,0.0,32.8,100.0,0.0
2023-02-24,,,,,,,,,,,,,0.0,32.1,100.0,0.0
2023-02-25,,,,,,,,,,43.1,44.0,100.0,0.0,27.0,100.0,0.0
2023-02-26,,,,,,,,,,29.0,35.9,100.0,0.0,26.3,100.0,0.0
2023-02-27,9.0,19.4,99.1,,,,,,,17.7,30.7,100.0,0.0,24.6,100.0,0.0
2023-02-28,,,,,,,,,,,,,0.0,26.5,100.0,0.0
2023-03-01,,,,,,,1.5,11.7,100.0,22.1,34.6,100.0,0.2,23.0,100.0,0.2
2023-03-02,,,,,,,,,,,,,0.3,24.2,100.0,0.3
2023-03-03,,,,,,,,,,20.8,36.2,100.0,0.3,23.4,100.0,0.3
2023-03-04,,,,,,,,,,82.9,59.9,100.0,0.1,22.2,100.0,0.1
2023-03-05,,,,,,,,,,,,,0.2,22.9,100.0,0.2
2023-03-06,,,,,,,,,,99.9,79.4,100.0,0.0,22.3,100.0,0.0
2023-03-07,10.4,21.5,98.6,,,,,,,,,,0.0,24.0,100.0,0.0
2023-03-08,,,,,,,,,,,,,0.0,22.9,100.0,0.0
2023-03-09,,,,0.0,2.9,88.8,,,,,,,0.0,20.9,100.0,0.0
2023-03-10,,,,,,,,,,,,,0.0,16.4,100.0,0.0
2023-03-11,7.8,15.6,98.8,,,,,,,,,,0.0,16.2,100.0,0.0
2023-03-12,,,,,,,,,,,,,0.0,14.5,100.0,0.0
2023-03-13,,,,,,,,,,63.3,56.2,100.0,0.0,11.7,100.0,0.0
2023-03-14,,,,,,,,,,,,,0.0,11.0,100.0,0.0
2023-03-15,,,,,,,,,,,,,0.0,10.5,100.0,0.0
2023-03-16,,,,,,,1.0,3.5,100.0,,,,0.0,11.0,100.0,0.0
2023-03-17,,,,,,,2.5,4.2,100.0,,,,0.0,9.9,100.0,0.0
2023-03-18,,,,,,,,,,,,,0.0,9.4,100.0,0.0
2023-03-19,8.3,16.0,98.6,0.0,2.4,98.9,,,,,,,0.0,9.3,100.0,0.0
2023-03-20,,,,,,,,,,,,,0.0,9.6,100.0,0.0
2023-03-21,,,,,,,,,,,,,0.0,9.4,100.0,0.0
2023-03-22,,,,,,,,,,,,,0.0,9.0,100.0,0.0
2023-03-23,7.4,13.0,98.8,,,,,,,,,,0.0,8.2,100.0,0.0
2023-03-24,,,,,,,,,,,,,0.0,9.9,100.0,0.0
2023-03-25,,,,,,,,,,,,,0.0,11.4,100.0,0.0
2023-03-26,,,,,,,,,,,,,0.0,13.6,100.0,0.0
2023-03-27,,,,,,,,,,,,,0.0,14.9,100.0,0.0
2023-03-28,,,,,,,,,,,,,0.0,16.7,100.0,0.0
2023-03-29,,,,,,,,,,,,,0.0,15.2,100.0,0.0
2023-03-30,,,,,,,,,,,,,0.0,14.2,100.0,0.0
2023-03-31,9.4,16.7,98.4,,,,,,,,,,0.0,11.9,100.0,0.0
2023-04-01,,,,,,,,,,,,,0.0,11.0,100.0,0.0
2023-04-02,,,,,,,,,,,,,0.0,9.6,100.0,0.0
2023-04-03,,,,,,,,,,,,,0.0,8.3,100.0,0.0
2023-04-04,9.4,16.7,98.9,,,,,,,,,,0.0,8.0,100.0,0.0
2023-04-05,,,,,,,,,,,,,0.0,6.7,100.0,0.0
2023-04-06,,,,,,,,,,,,,0.0,5.8,100.0,0.0
2023-04-07,,,,,,,,,,,,,0.0,4.1,100.0,0.0
2023-04-08,,,,,,,,,,,,,0.0,4.5,100.0,0.0
2023-04-09,,,,,,,,,,,,,0.0,3.3,100.0,0.0
2023-04-10,,,,,,,1.7,2.3,99.3,,,,0.0,3.7,100.0,0.0
2023-04-11,,,,,,,,,,,,,0.0,3.0,100.0,0.0
2023-04-12,12.2,23.7,98.5,,,,,,,,,,0.0,3.8,100.0,0.0
2023-04-13,,,,,,,,,,,,,0.0,4.2,100.0,0.0
2023-04-14,,,,,,,,,,,,,0.0,6.7,100.0,0.0
2023-04-15,,,,,,,,,,,,,0.0,6.4,100.0,0.0
2023-04-16,11.1,22.6,98.7,,,,,,,,,,0.0,8.0,100.0,0.0
2023-04-17,,,,,,,,,,,,,0.0,8.3,100.0,0.0
2023-04-18,,,,,,,,,,,,,0.0,11.4,100.0,0.0
2023-04-19,,,,,,,,,,,,,0.0,11.3,100.0,0.0
2023-04-20,,,,,,,,,,0.0,4.0,100.0,0.0,9.4,100.0,0.0
2023-04-21,,,,,,,,,,,,,0.0,9.7,100.0,0.0
2023-04-22,,,,,,,,,,0.0,2.1,100.0,0.0,8.5,100.0,0.0
2023-04-23,,,,0.0,5.2,79.8,,,,,,,0.0,8.5,100.0,0.0
2023-04-24,38.7,41.2,98.4,,,,,,,,,,0.0,6.1,100.0,0.0
2023-04-25,,,,,,,,,,,,,0.0,6.3,100.0,0.0
2023-04-26,,,,,,,,,,,,,0.0,5.2,100.0,0.0
2023-04-27,,,,,,,,,,,,,0.0,4.5,100.0,0.0
2023-04-28,40.2,41.8,98.7,,,,,,,,,,0.0,2.6,100.0,0.0
2023-04-29,,,,,,,,,,,,,0.0,2.3,100.0,0.0
2023-04-30,,,,,,,,,,,,,0.0,1.6,100.0,0.0
2023-05-01,,,,,,,,,,,,,0.0,1.1,100.0,0.0
2023-05-02,,,,,,,,,,,,,0.0,0.8,100.0,0.0
2023-05-03,,,,,,,,,,,,,0.0,0.9,100.0,0.0
2023-05-04,,,,,,,1.2,1.4,100.0,0.0,0.2,87.7,0.0,0.7,100.0,0.0
2023-05-05,,,,,,,,,,,,,0.0,0.7,100.0,0.0
2023-05-06,87.3,61.0,98.0,,,,,,,,,,0.0,0.5,100.0,0.0
2023-05-07,,,,,,,,,,,,,0.0,0.5,100.0,0.0
2023-05-08,,,,,,,,,,,,,0.0,0.5,100.0,0.0
2023-05-09,,,,,,,,,,,,,0.0,0.6,100.0,0.0
2023-05-10,81.9,57.0,98.6,,,,,,,,,,0.0,0.6,100.0,0.0
2023-05-11,,,,,,,,,,,,,0.0,0.7,100.0,0.0
2023-05-12,,,,,,,,,,,,,0.0,0.8,100.0,0.0
2023-05-13,,,,,,,,,,,,,0.0,1.2,100.0,0.0
2023-05-14,,,,,,,,,,,,,0.0,1.0,100.0,0.0
2023-05-15,,,,,,,,,,,,,0.0,1.1,100.0,0.0
2023-05-16,,,,,,,,,,,,,0.0,1.1,100.0,0.0
2023-05-17,,,,,,,,,,,,,0.0,1.8,100.0,0.0
2023-05-18,96.0,70.1,98.5,,,,,,,,,,0.0,1.8,100.0,0.0
2023-05-19,,,,,,,,,,,,,0.0,1.9,100.0,0.0
2023-05-20,,,,,,,,,,,,,0.0,2.3,100.0,0.0
2023-05-21,,,,,,,,,,,,,0.0,3.8,100.0,0.0
2023-05-22,91.0,63.7,98.6,,,,,,,,,,0.0,3.1,100.0,0.0
2023-05-23,,,,,,,,,,,,,0.0,2.9,100.0,0.0
2023-05-24,,,,,,,,,,,,,0.0,2.0,100.0,0.0
2023-05-25,,,,,,,,,,,,,0.0,2.1,100.0,0.0
2023-05-26,,,,,,,,,,,,,0.0,1.9,100.0,0.0
2023-05-27,,,,,,,,,,0.0,0.0,89.5,0.0,1.8,100.0,0.0
2023-05-28,,,,0.0,6.2,93.1,1.5,1.5,51.3,,,,0.0,2.1,100.0,0.0
2023-05-29,,,,,,,,,,,,,0.0,1.3,100.0,0.0
2023-05-30,95.2,69.9,98.3,,,,,,,,,,0.0,1.1,100.0,0.0
2023-05-31,,,,,,,,,,,,,0.0,1.3,100.0,0.0
2023-06-01,,,,,,,,,,,,,0.0,1.3,100.0,0.0
2023-06-02,,,,0.2,2.6,100.0,,,,,,,0.0,1.0,100.0,0.0
2023-06-03,76.3,53.4,98.8,,,,,,,,,,0.0,0.8,100.0,0.0
2023-06-04,,,,,,,,,,,,,0.0,0.6,100.0,0.0
2023-06-05,,,,,,,,,,,,,0.0,0.6,100.0,0.0
2023-06-06,,,,,,,,,,,,,0.0,0.4,100.0,0.0
2023-06-07,,,,0.3,2.1,97.9,,,,0.0,0.0,100.0,0.0,0.3,100.0,0.0
2023-06-08,,,,,,,,,,,,,0.0,0.3,100.0,0.0
2023-06-09,,,,,,,,,,,,,0.0,0.2,100.0,0.0
2023-06-10,,,,,,,,,,,,,0.0,0.2,100.0,0.0
2023-06-11,82.3,56.0,98.2,,,,,,,,,,0.0,0.2,100.0,0.0
2023-06-12,,,,0.0,1.4,100.0,0.1,0.2,100.0,,,,0.0,0.2,100.0,0.0
2023-06-13,,,,,,,0.0,0.1,100.0,0.0,0.0,100.0,0.0,0.1,100.0,0.0
2023-06-14,,,,,,,,,,0.0,0.0,100.0,0.0,0.1,100.0,0.0
2023-06-15,71.5,51.5,98.7,,,,,,,0.0,0.0,49.5,0.0,0.1,100.0,0.0
2023-06-16,,,,,,,,,,,,,0.0,0.1,100.0,0.0
2023-06-17,,,,0.0,1.9,63.8,,,,,,,0.0,0.2,100.0,0.0
2023-06-18,,,,,,,,,,0.0,0.0,100.0,0.0,0.1,100.0,0.0
2023-06-19,,,,,,,,,,,,,0.0,0.1,100.0,0.0
2023-06-20,,,,,,,,,,0.0,0.0,100.0,0.0,0.2,100.0,0.0
2023-06-21,,,,,,,,,,0.0,0.0,100.0,0.0,0.2,100.0,0.0
2023-06-22,,,,,,,,,,,,,0.0,0.3,100.0,0.0
2023-06-23,92.4,63.4,98.1,,,,,,,,,,0.0,0.3,100.0,0.0
2023-06-24,,,,,,,,,,,,,0.0,0.3,100.0,0.0
2023-06-25,,,,,,,,,,0.0,0.0,100.0,0.0,0.3,100.0,0.0
2023-06-26,,,,,,,,,,,,,0.0,0.4,100.0,0.0
2023-06-27,75.3,53.2,98.7,,,,,,,,,,0.0,0.4,100.0,0.0
2023-06-28,,,,,,,,,,,,,0.0,0.3,100.0,0.0
2023-06-29,,,,,,,0.0,0.0,46.2,0.0,0.0,100.0,0.0,0.5,100.0,0.0
2023-06-30,,,,,,,,,,,,,0.0,0.6,100.0,0.0
2023-07-01,,,,,,,,,,,,,0.0,0.4,100.0,0.0
2023-07-02,,,,,,,,,,,,,0.0,0.4,100.0,0.0
2023-07-03,,,,,,,,,,,,,0.0,0.7,100.0,0.0
2023-07-04,,,,,,,,,,,,,0.0,0.7,100.0,0.0
2023-07-05,81.0,57.3,98.2,,,,,,,,,,0.0,0.6,100.0,0.0
2023-07-06,,,,,,,,,,,,,0.0,0.4,100.0,0.0
2023-07-07,,,,0.0,1.2,100.0,,,,,,,0.0,0.4,100.0,0.0
2023-07-08,,,,,,,0.0,0.0,42.7,,,,0.0,0.4,100.0,0.0
2023-07-09,67.6,50.7,98.9,,,,,,,0.0,0.0,100.0,0.0,0.3,100.0,0.0
2023-07-10,,,,,,,,,,,,,0.0,0.3,100.0,0.0
2023-07-11,,,,,,,,,,,,,0.0,0.2,100.0,0.0
2023-07-12,,,,,,,,,,,,,0.0,0.3,100.0,0.0
2023-07-13,,,,,,,,,,,,,0.0,0.3,100.0,0.0
2023-07-14,,,,,,,,,,0.0,0.0,100.0,0.0,0.3,100.0,0.0
2023-07-15,,,,,,,0.0,0.0,75.1,0.0,0.0,100.0,0.0,0.3,100.0,0.0
2023-07-16,,,,,,,,,,0.0,0.0,100.0,0.0,0.2,100.0,0.0
2023-07-17,83.5,60.2,98.1,0.1,1.2,98.3,,,,,,,0.0,0.3,100.0,0.0
2023-07-18,,,,,,,,,,,,,0.0,0.3,100.0,0.0
2023-07-19,,,,,,,,,,,,,0.0,0.3,100.0,0.0
2023-07-20,,,,,,,,,,,,,0.0,0.3,100.0,0.0
2023-07-21,86.3,60.9,98.7,,,,,,,,,,0.0,0.3,100.0,0.0
2023-07-22,,,,,,,,,,,,,0.0,0.3,100.0,0.0
2023-07-23,,,,,,,,,,,,,0.0,0.3,100.0,0.0
2023-07-24,,,,,,,,,,,,,0.0,0.2,100.0,0.0
2023-07-25,,,,,,,,,,,,,0.0,0.2,100.0,0.0
2023-07-26,,,,,,,,,,,,,0.0,0.2,100.0,0.0
2023-07-27,,,,,,,,,,,,,0.0,0.2,100.0,0.0
2023-07-28,,,,,,,,,,,,,0.0,0.1,100.0,0.0
2023-07-29,88.1,63.4,98.2,,,,,,,,,,0.0,0.1,100.0,0.0
2023-07-30,,,,,,,,,,0.0,0.0,48.0,0.0,0.1,100.0,0.0
2023-07-31,,,,,,,,,,,,,0.0,0.1,100.0,0.0
2023-08-01,,,,,,,,,,,,,0.0,0.0,100.0,0.0
2023-08-02,90.7,65.7,98.8,,,,,,,0.0,0.0,85.0,0.0,0.1,100.0,0.0
2023-08-03,,,,,,,,,,,,,0.0,0.0,100.0,0.0
2023-08-04,,,,,,,,,,,,,0.0,0.0,100.0,0.0
2023-08-05,,,,,,,,,,,,,0.0,0.0,100.0,0.0
2023-08-06,,,,,,,,,,,,,0.0,0.1,100.0,0.0
2023-08-07,,,,,,,,,,,,,0.0,0.0,100.0,0.0
2023-08-08,,,,,,,,,,,,,0.0,0.0,100.0,0.0
2023-08-09,,,,,,,,,,,,,0.0,0.0,100.0,0.0
2023-08-10,88.8,65.3,98.4,,,,,,,0.0,0.0,42.7,0.0,0.0,100.0,0.0
2023-08-11,,,,,,,,,,0.0,0.0,100.0,0.0,0.0,100.0,0.0
2023-08-12,,,,,,,,,,0.0,0.0,67.1,0.0,0.0,100.0,0.0
2023-08-13,,,,,,,,,,0.0,0.0,100.0,0.0,0.0,100.0,0.0
2023-08-14,89.5,66.4,98.8,,,,,,,0.0,0.0,100.0,0.0,0.0,100.0,0.0
2023-08-15,,,,,,,0.0,0.0,76.7,0.0,0.0,100.0,0.0,0.0,100.0,0.0
2023-08-16,,,,,,,,,,,,,0.0,0.0,100.0,0.0
2023-08-17,,,,,,,,,,,,,0.0,0.0,100.0,0.0
2023-08-18,,,,,,,,,,,,,0.0,0.0,100.0,0.0
2023-08-19,,,,,,,,,,0.0,0.0,100.0,0.0,0.0,100.0,0.0
2023-08-20,,,,,,,,,,,,,0.0,0.0,100.0,0.0
2023-08-21,,,,0.0,0.4,100.0,,,,,,,0.0,0.0,100.0,0.0
2023-08-22,84.6,61.4,98.2,,,,,,,,,,0.0,0.0,100.0,0.0
2023-08-23,,,,,,,0.0,0.0,88.4,0.0,0.0,100.0,0.0,0.0,100.0,0.0
2023-08-24,,,,,,,0.0,0.0,33.9,,,,0.0,0.0,100.0,0.0
2023-08-25,,,,,,,,,,0.0,0.0,100.0,0.0,0.0,100.0,0.0
2023-08-26,64.2,50.0,98.7,0.0,1.0,100.0,,,,,,,0.0,0.0,100.0,0.0
2023-08-27,,,,,,,,,,,,,0.0,0.0,100.0,0.0
2023-08-28,,,,,,,,,,,,,0.0,0.0,100.0,0.0
2023-08-29,,,,,,,,,,,,,0.0,0.0,100.0,0.0
2023-08-30,,,,,,,,,,,,,0.0,0.0,100.0,0.0
2023-08-31,,,,0.0,1.4,32.8,0.0,0.0,100.0,,,,0.0,0.0,100.0,0.0
2023-09-01,,,,,,,0.0,0.0,31.9,,,,0.0,0.0,100.0,0.0
2023-09-02,,,,,,,,,,0.0,0.0,100.0,0.0,0.0,100.0,0.0
2023-09-03,44.6,40.2,98.3,,,,,,,0.0,0.0,75.1,0.0,0.0,100.0,0.0
2023-09-04,,,,,,,,,,,,,0.0,0.0,100.0,0.0
2023-09-05,,,,0.0,0.7,100.0,,,,,,,0.0,0.0,100.0,0.0
2023-09-06,,,,,,,,,,,,,0.0,0.0,100.0,0.0
2023-09-07,17.1,27.1,98.9,,,,,,,,,,0.0,0.0,100.0,0.0
2023-09-08,,,,,,,0.0,0.0,100.0,,,,0.0,0.0,100.0,0.0
2023-09-09,,,,,,,,,,0.0,0.0,100.0,0.0,0.0,100.0,0.0
2023-09-10,,,,0.0,0.7,100.0,,,,,,,0.0,0.0,100.0,0.0
2023-09-11,,,,,,,,,,,,,0.0,0.0,100.0,0.0
2023-09-12,,,,,,,0.0,0.0,72.5,,,,0.0,0.0,100.0,0.0
2023-09-13,,,,,,,,,,,,,0.0,0.0,100.0,0.0
2023-09-14,,,,,,,,,,,,,0.0,0.0,100.0,0.0
2023-09-15,14.5,26.5,98.5,0.0,0.7,100.0,,,,,,,0.0,0.0,100.0,0.0
2023-09-16,,,,,,,0.0,0.0,100.0,,,,0.0,0.0,100.0,0.0
2023-09-17,,,,,,,0.0,0.0,71.5,,,,0.0,0.0,100.0,0.0
2023-09-18,,,,,,,,,,,,,0.0,0.0,100.0,0.0
2023-09-19,5.1,15.8,98.8,,,,,,,,,,0.0,0.0,100.0,0.0
2023-09-20,,,,0.0,0.7,100.0,,,,,,,0.0,0.0,100.0,0.0
2023-09-21,,,,,,,,,,,,,0.0,0.0,100.0,0.0
2023-09-22,,,,,,,,,,,,,0.0,0.0,100.0,0.0
2023-09-23,,,,,,,,,,,,,0.0,0.0,100.0,0.0
2023-09-24,,,,,,,,,,,,,0.0,0.0,100.0,0.0
2023-09-25,,,,0.0,1.3,100.0,,,,0.0,0.0,100.0,0.0,0.0,100.0,0.0
2023-09-26,,,,,,,,,,0.0,0.0,100.0,0.0,0.0,100.0,0.0
2023-09-27,5.0,17.5,98.4,,,,,,,,,,0.0,0.0,100.0,0.0
2023-09-28,,,,,,,,,,,,,0.0,0.0,100.0,0.0
2023-09-29,,,,,,,,,,0.0,0.0,100.0,0.0,0.0,100.0,0.0
2023-09-30,,,,0.0,3.9,59.4,,,,,,,0.0,0.0,100.0,0.0
2023-10-01,4.3,11.2,98.9,,,,,,,,,,0.0,0.0,100.0,0.0
2023-10-02,,,,,,,0.0,0.0,100.0,,,,0.0,0.0,100.0,0.0
2023-10-03,,,,,,,,,,,,,0.0,0.0,100.0,0.0
2023-10-04,,,,,,,,,,,,,0.0,0.0,100.0,0.0
2023-10-05,,,,,,,,,,,,,0.0,0.0,100.0,0.0
2023-10-06,,,,,,,,,,,,,0.0,0.0,100.0,0.0
2023-10-07,,,,,,,,,,,,,0.0,0.0,100.0,0.0
2023-10-08,,,,,,,,,,,,,0.0,0.0,100.0,0.0
2023-10-09,11.1,28.6,98.5,,,,,,,,,,0.0,0.1,100.0,0.0
2023-10-10,,,,0.0,0.6,34.1,,,,0.0,0.0,54.9,0.0,0.1,100.0,0.0
2023-10-11,,,,,,,,,,0.0,0.0,100.0,0.0,0.1,100.0,0.0
2023-10-12,,,,,,,,,,0.0,0.0,100.0,0.0,0.1,100.0,0.0
2023-10-13,7.6,25.1,98.9,,,,,,,,,,0.0,0.1,100.0,0.0
2023-10-14,,,,,,,,,,,,,0.0,0.1,100.0,0.0
2023-10-15,,,,,,,,,,,,,0.0,0.1,100.0,0.0
2023-10-16,,,,,,,,,,,,,0.0,0.2,100.0,0.0
2023-10-17,,,,,,,,,,,,,0.0,0.2,100.0,0.0
2023-10-18,,,,,,,,,,,,,0.0,0.4,100.0,0.0
2023-10-19,,,,,,,,,,0.0,0.1,74.7,0.0,0.3,100.0,0.0
2023-10-20,,,,,,,,,,,,,0.0,0.4,100.0,0.0
2023-10-21,81.4,52.8,98.3,,,,,,,0.0,0.0,100.0,0.0,0.3,100.0,0.0
2023-10-22,,,,,,,,,,,,,0.0,0.5,100.0,0.0
2023-10-23,,,,,,,,,,,,,0.0,0.4,100.0,0.0
2023-10-24,,,,,,,,,,,,,0.0,0.6,100.0,0.0
2023-10-25,23.4,35.6,98.7,,,,,,,0.0,0.0,100.0,0.0,0.4,100.0,0.0
2023-10-26,,,,,,,,,,,,,0.0,0.8,100.0,0.0
2023-10-27,,,,,,,,,,,,,0.0,0.7,100.0,0.0
2023-10-28,,,,,,,,,,0.0,0.1,100.0,0.0,0.9,100.0,0.0
2023-10-29,,,,,,,,,,0.0,0.2,100.0,0.0,0.7,100.0,0.0
2023-10-30,,,,,,,,,,,,,0.0,1.2,100.0,0.0
2023-10-31,,,,,,,,,,,,,0.0,1.3,100.0,0.0
2023-11-01,,,,,,,,,,,,,0.0,1.5,100.0,0.0
2023-11-02,88.4,59.1,98.5,,,,,,,0.0,0.2,100.0,0.0,1.3,100.0,0.0
2023-11-03,,,,,,,,,,,,,0.0,1.9,100.0,0.0
2023-11-04,,,,,,,,,,,,,0.0,2.1,100.0,0.0
2023-11-05,,,,,,,,,,,,,0.0,1.9,100.0,0.0
2023-11-06,68.0,48.8,98.7,,,,,,,0.0,0.3,100.0,0.0,2.1,100.0,0.0
2023-11-07,,,,,,,,,,,,,0.0,2.2,100.0,0.0
2023-11-08,,,,,,,,,,,,,0.0,2.9,100.0,0.0
2023-11-09,,,,0.0,6.2,100.0,,,,,,,0.0,2.0,100.0,0.0
2023-11-10,,,,,,,,,,,,,0.0,2.5,100.0,0.0
2023-11-11,,,,,,,,,,,,,0.0,2.1,100.0,0.0
2023-11-12,,,,,,,,,,,,,0.0,3.2,100.0,0.0
2023-11-13,,,,,,,,,,0.0,0.5,100.0,0.0,2.0,100.0,0.0
2023-11-14,92.1,63.1,98.2,,,,,,,,,,0.0,3.2,100.0,0.0
2023-11-15,,,,,,,,,,0.0,1.4,99.4,0.0,2.3,100.0,0.0
2023-11-16,,,,,,,,,,,,,0.0,3.5,100.0,0.0
2023-11-17,,,,,,,,,,0.0,3.5,81.0,0.0,2.7,100.0,0.0
2023-11-18,49.1,42.5,98.8,,,,,,,,,,0.0,3.9,100.0,0.0
2023-11-19,,,,,,,,,,,,,0.0,3.6,100.0,0.0
2023-11-20,,,,,,,,,,,,,0.0,4.2,100.0,0.0
2023-11-21,,,,,,,,,,,,,0.0,4.3,100.0,0.0
2023-11-22,,,,,,,,,,,,,0.0,4.8,100.0,0.0
2023-11-23,,,,,,,,,,,,,0.0,5.5,100.0,0.0
2023-11-24,,,,,,,,,,,,,0.0,6.3,100.0,0.0
2023-11-25,,,,,,,,,,,,,0.0,6.9,100.0,0.0
2023-11-26,86.0,55.3,98.9,,,,,,,,,,0.0,7.9,100.0,0.0
2023-11-27,,,,,,,,,,,,,0.0,9.9,100.0,0.0
2023-11-28,,,,,,,,,,,,,0.0,11.2,100.0,0.0
2023-11-29,,,,80.8,63.8,100.0,,,,,,,0.0,12.7,100.0,0.0
2023-11-30,45.8,41.5,98.8,,,,,,,,,,0.0,13.5,100.0,0.0
2023-12-01,,,,,,,,,,,,,0.0,13.9,100.0,0.0
2023-12-02,,,,,,,,,,,,,0.0,16.0,100.0,0.0
2023-12-03,,,,,,,,,,0.0,4.2,100.0,0.0,15.0,100.0,0.0
2023-12-04,,,,,,,,,,,,,0.4,20.7,100.0,0.4
2023-12-05,,,,,,,,,,,,,0.7,20.0,100.0,0.7
2023-12-06,,,,,,,,,,,,,2.1,23.8,100.0,2.1
2023-12-07,,,,,,,,,,0.0,3.3,100.0,1.8,19.5,100.0,1.8
2023-12-08,71.1,50.0,98.9,,,,,,,,,,6.0,28.0,100.0,6.0
2023-12-09,,,,84.8,76.4,99.4,,,,,,,3.5,22.8,100.0,3.5
2023-12-10,,,,,,,,,,,,,3.6,23.6,100.0,3.6
2023-12-11,,,,,,,,,,,,,1.8,17.0,100.0,1.8
2023-12-12,15.8,30.9,98.8,,,,,,,0.0,1.9,45.8,4.0,21.5,100.0,4.0
2023-12-13,,,,,,,,,,,,,2.1,17.6,100.0,2.1
2023-12-14,,,,,,,,,,,,,3.8,21.1,100.0,3.8
2023-12-15,,,,,,,,,,0.0,1.2,69.6,2.2,15.9,100.0,2.2
2023-12-16,,,,,,,,,,,,,4.0,18.6,100.0,4.0
2023-12-17,,,,,,,,,,,,,2.0,15.4,100.0,2.0
2023-12-18,,,,,,,,,,,,,5.9,19.7,100.0,5.9
2023-12-19,,,,88.5,76.1,100.0,,,,0.0,2.7,100.0,3.4,16.5,100.0,3.4
2023-12-20,13.6,28.1,98.9,,,,,,,,,,6.0,19.3,100.0,6.0
2023-12-21,,,,,,,,,,,,,1.7,16.5,100.0,1.7
2023-12-22,,,,,,,,,,,,,13.4,21.2,100.0,13.4
2023-12-23,,,,,,,,,,,,,7.7,19.0,100.0,7.7
2023-12-24,3.5,17.1,98.4,84.0,71.1,100.0,,,,,,,15.4,21.2,100.0,15.4
2023-12-25,,,,,,,,,,0.0,5.9,100.0,1.9,17.0,100.0,1.9
2023-12-26,,,,,,,,,,,,,14.9,21.2,100.0,14.9
2023-12-27,,,,,,,,,,,,,8.1,19.1,100.0,8.1
2023-12-28,,,,,,,,,,,,,16.5,21.6,100.0,16.5
2023-12-29,,,,6.5,29.9,39.6,,,,,,,5.2,20.5,100.0,5.2
2023-12-30,,,,,,,0.0,3.5,72.5,,,,22.6,25.4,100.0,22.6
2023-12-31,,,,,,,,,,,,,5.7,22.3,100.0,5.7
2024-01-01,3.7,15.3,98.8,,,,,,,,,,20.5,27.2,100.0,20.5
2024-01-02,,,,,,,,,,,,,6.3,24.2,100.0,6.3
2024-01-03,,,,,,,,,,1.1,11.0,100.0,15.7,30.9,100.0,15.7
2024-01-04,,,,,,,,,,,,,5.3,27.4,100.0,5.3
2024-01-05,2.7,10.7,99.2,,,,,,,,,,13.8,35.9,100.0,13.8
2024-01-06,,,,,,,,,,,,,7.1,36.1,100.0,7.1
2024-01-07,,,,,,,,,,,,,15.9,48.2,100.0,15.9
2024-01-08,,,,,,,,,,,,,6.8,44.0,100.0,6.8
2024-01-09,,,,,,,,,,4.2,14.1,100.0,18.5,53.3,100.0,18.5
2024-01-10,,,,,,,,,,,,,18.7,52.8,100.0,18.7
2024-01-11,,,,,,,,,,,,,58.0,59.1,100.0,58.0
2024-01-12,,,,,,,,,,,,,44.8,57.0,100.0,44.8
2024-01-13,2.8,10.7,99.2,,,,,,,8.7,22.2,99.8,71.9,62.0,100.0,71.9
2024-01-14,,,,,,,68.8,58.3,80.7,17.6,27.3,88.9,75.3,64.2,100.0,75.3
2024-01-15,,,,,,,,,,,,,88.2,68.2,100.0,88.2
2024-01-16,,,,,,,,,,,,,87.9,68.3,100.0,87.9
2024-01-17,2.2,7.4,99.2,,,,,,,,,,89.6,69.2,100.0,89.6
2024-01-18,,,,,,,,,,,,,91.4,70.9,100.0,91.4
2024-01-19,,,,,,,,,,,,,92.1,71.8,100.0,92.1
2024-01-20,,,,,,,,,,,,,92.7,71.5,100.0,92.7
2024-01-21,,,,,,,,,,,,,93.4,72.7,100.0,93.4
2024-01-22,,,,,,,,,,,,,93.6,72.2,100.0,93.6
2024-01-23,,,,,,,,,,,,,93.0,70.9,100.0,93.0
2024-01-24,,,,,,,,,,,,,91.5,68.6,100.0,91.5
2024-01-25,2.1,8.6,98.5,,,,,,,,,,90.4,67.5,100.0,90.4
2024-01-26,,,,,,,,,,,,,91.8,69.1,100.0,91.8
2024-01-27,,,,,,,,,,,,,90.5,68.1,100.0,90.5
2024-01-28,,,,0.0,17.3,100.0,,,,,,,90.7,68.7,100.0,90.7
2024-01-29,2.0,7.6,99.2,,,,,,,,,,89.6,67.1,100.0,89.6
2024-01-30,,,,,,,74.9,59.8,94.4,,,,91.2,70.1,100.0,91.2
2024-01-31,,,,,,,,,,,,,90.9,68.2,100.0,90.9
2024-02-01,,,,,,,,,,,,,90.2,67.1,100.0,90.2
2024-02-02,,,,,,,,,,,,,89.5,65.2,100.0,89.5
2024-02-03,,,,,,,,,,,,,88.6,63.7,100.0,88.6
2024-02-04,,,,,,,,,,,,,87.0,62.0,100.0,87.0
2024-02-05,,,,,,,,,,,,,72.8,59.1,100.0,72.8
2024-02-06,2.4,8.2,98.7,,,,,,,,,,48.3,57.0,100.0,48.3
2024-02-07,,,,0.1,8.3,100.0,50.3,43.4,100.0,,,,45.7,56.3,100.0,45.7
2024-02-08,,,,,,,1.6,16.9,38.1,,,,6.7,46.5,100.0,6.7
2024-02-09,,,,,,,,,,,,,0.4,38.0,100.0,0.4
2024-02-10,2.0,6.2,99.1,,,,,,,,,,0.1,33.8,100.0,0.1
2024-02-11,,,,,,,,,,,,,0.1,30.2,100.0,0.1
2024-02-12,,,,,,,,,,,,,0.1,25.3,100.0,0.1
2024-02-13,,,,,,,,,,,,,0.0,21.5,100.0,0.0
2024-02-14,,,,,,,,,,,,,0.0,21.6,100.0,0.0
2024-02-15,,,,,,,1.7,12.1,99.9,,,,0.1,20.0,100.0,0.1
2024-02-16,,,,,,,1.2,6.3,100.0,,,,0.1,17.6,100.0,0.1
2024-02-17,,,,,,,,,,,,,0.1,14.7,100.0,0.1
2024-02-18,2.9,8.8,98.9,,,,,,,,,,0.1,14.6,100.0,0.1
2024-02-19,,,,,,,,,,,,,0.1,15.0,100.0,0.1
2024-02-20,,,,,,,,,,,,,0.1,17.3,100.0,0.1
2024-02-21,,,,,,,,,,,,,0.1,18.1,100.0,0.1
2024-02-22,2.8,8.8,99.1,0.0,5.2,50.6,,,,,,,0.1,18.9,100.0,0.1
2024-02-23,,,,,,,,,,,,,0.1,17.0,100.0,0.1
2024-02-24,,,,,,,,,,,,,0.2,18.5,100.0,0.2
2024-02-25,,,,,,,,,,,,,0.3,16.9,100.0,0.3
2024-02-26,,,,,,,,,,,,,0.3,16.8,100.0,0.3
2024-02-27,,,,,,,,,,21.8,30.1,37.8,0.2,15.1,100.0,0.2
2024-02-28,,,,,,,,,,,,,0.4,14.2,100.0,0.4
2024-02-29,,,,,,,,,,,,,0.1,12.8,100.0,0.1
2024-03-01,3.4,9.6,98.6,,,,,,,,,,0.0,13.1,100.0,0.0
2024-03-02,,,,,,,1.4,4.1,96.0,,,,0.0,11.7,100.0,0.0
2024-03-03,,,,,,,,,,,,,0.0,10.8,100.0,0.0
2024-03-04,,,,,,,,,,,,,0.0,10.0,100.0,0.0
2024-03-05,2.9,9.0,99.1,,,,,,,,,,0.0,11.0,100.0,0.0
2024-03-06,,,,,,,,,,,,,0.0,12.9,100.0,0.0
2024-03-07,,,,,,,,,,,,,0.0,12.5,100.0,0.0
2024-03-08,,,,0.0,2.2,100.0,,,,,,,0.0,12.3,100.0,0.0
2024-03-09,,,,,,,,,,,,,0.0,12.5,100.0,0.0
2024-03-10,,,,,,,,,,,,,0.0,13.8,100.0,0.0
2024-03-11,,,,,,,,,,,,,0.0,14.2,100.0,0.0
2024-03-12,,,,,,,,,,,,,0.0,14.4,100.0,0.0
2024-03-13,3.5,9.8,98.7,,,,,,,,,,0.0,13.8,100.0,0.0
2024-03-14,,,,,,,,,,,,,0.0,13.2,100.0,0.0
2024-03-15,,,,,,,,,,,,,0.0,11.7,100.0,0.0
2024-03-16,,,,,,,,,,,,,0.0,13.2,100.0,0.0
2024-03-17,3.5,10.4,99.2,,,,,,,,,,0.0,12.1,100.0,0.0
2024-03-18,,,,,,,,,,,,,0.0,11.6,100.0,0.0
2024-03-19,,,,,,,,,,,,,0.0,9.2,100.0,0.0
2024-03-20,,,,,,,,,,,,,0.0,9.3,100.0,0.0
2024-03-21,,,,,,,,,,,,,0.0,8.4,100.0,0.0
2024-03-22,,,,,,,,,,,,,0.0,7.6,100.0,0.0
2024-03-23,,,,0.0,1.1,100.0,,,,,,,0.0,6.1,100.0,0.0
2024-03-24,,,,,,,,,,,,,0.0,4.9,100.0,0.0
2024-03-25,5.7,14.1,98.5,,,,,,,,,,0.0,4.3,100.0,0.0
2024-03-26,,,,,,,,,,,,,0.0,3.7,100.0,0.0
2024-03-27,,,,,,,3.3,5.1,64.6,,,,0.0,3.3,100.0,0.0
2024-03-28,,,,,,,,,,,,,0.0,3.1,100.0,0.0
2024-03-29,3.7,11.9,99.1,,,,,,,,,,0.0,2.9,100.0,0.0
2024-03-30,,,,,,,,,,,,,0.0,2.7,100.0,0.0
2024-03-31,,,,,,,,,,,,,0.0,4.3,100.0,0.0
2024-04-01,,,,,,,,,,,,,0.0,3.7,100.0,0.0
2024-04-02,,,,,,,,,,,,,0.0,4.1,100.0,0.0
2024-04-03,,,,,,,,,,,,,0.0,3.2,100.0,0.0
2024-04-04,,,,,,,2.2,2.9,100.0,,,,0.0,3.0,100.0,0.0
2024-04-05,,,,,,,,,,,,,0.0,3.0,100.0,0.0
2024-04-06,4.9,13.9,98.4,,,,,,,0.0,2.9,100.0,0.0,3.3,100.0,0.0
2024-04-07,,,,0.0,0.4,100.0,,,,0.0,0.8,68.5,0.0,3.2,100.0,0.0
2024-04-08,,,,,,,,,,,,,0.0,2.7,100.0,0.0
2024-04-09,,,,,,,,,,,,,0.0,2.9,100.0,0.0
2024-04-10,2.7,9.3,99.1,,,,,,,,,,0.0,3.3,100.0,0.0
2024-04-11,,,,,,,2.7,3.2,99.7,,,,0.0,3.0,100.0,0.0
2024-04-12,,,,0.0,0.4,100.0,1.3,1.7,100.0,0.0,0.2,100.0,0.0,1.9,100.0,0.0
2024-04-13,,,,,,,,,,,,,0.0,1.9,100.0,0.0
2024-04-14,,,,,,,,,,,,,0.0,2.3,100.0,0.0
2024-04-15,,,,,,,,,,,,,0.0,2.7,100.0,0.0
2024-04-16,,,,,,,,,,,,,0.0,3.7,100.0,0.0
2024-04-17,,,,,,,,,,,,,0.0,3.9,100.0,0.0
2024-04-18,4.9,13.7,98.9,,,,,,,,,,0.0,3.9,100.0,0.0
2024-04-19,,,,,,,,,,,,,0.0,3.3,100.0,0.0
2024-04-20,,,,,,,,,,,,,0.0,3.7,100.0,0.0
2024-04-21,,,,,,,,,,,,,0.0,3.3,100.0,0.0
2024-04-22,3.3,12.0,99.0,,,,,,,,,,0.0,3.2,100.0,0.0
2024-04-23,,,,,,,,,,,,,0.0,2.7,100.0,0.0
2024-04-24,,,,,,,,,,,,,0.0,3.7,100.0,0.0
2024-04-25,,,,,,,,,,,,,0.0,3.4,100.0,0.0
2024-04-26,,,,,,,,,,,,,0.0,2.8,100.0,0.0
2024-04-27,,,,0.0,0.6,100.0,0.4,0.7,96.7,,,,0.0,1.4,100.0,0.0
2024-04-28,,,,,,,,,,,,,0.0,1.1,100.0,0.0
2024-04-29,,,,,,,,,,,,,0.0,0.9,100.0,0.0
2024-04-30,6.5,17.7,98.6,,,,,,,0.0,0.0,100.0,0.0,0.7,100.0,0.0
2024-05-01,,,,,,,,,,0.0,0.0,64.9,0.0,0.6,100.0,0.0
2024-05-02,,,,,,,,,,,,,0.0,0.5,100.0,0.0
2024-05-03,,,,,,,,,,,,,0.0,0.4,100.0,0.0
2024-05-04,4.0,15.8,99.1,,,,,,,,,,0.0,0.4,100.0,0.0
2024-05-05,,,,,,,0.9,1.4,100.0,,,,0.0,0.5,100.0,0.0
2024-05-06,,,,,,,0.4,0.6,100.0,,,,0.0,0.4,100.0,0.0
2024-05-07,,,,,,,,,,,,,0.0,0.4,100.0,0.0
2024-05-08,,,,,,,,,,,,,0.0,0.5,100.0,0.0
2024-05-09,,,,,,,,,,,,,0.0,0.5,100.0,0.0
2024-05-10,,,,,,,,,,,,,0.0,0.6,100.0,0.0
2024-05-11,,,,,,,,,,,,,0.0,0.3,100.0,0.0
2024-05-12,8.4,22.3,98.7,,,,,,,,,,0.0,0.3,100.0,0.0
2024-05-13,,,,,,,,,,,,,0.0,0.3,100.0,0.0
2024-05-14,,,,,,,0.0,0.1,100.0,0.0,0.0,100.0,0.0,0.3,100.0,0.0
2024-05-15,,,,,,,,,,,,,0.0,0.2,100.0,0.0
2024-05-16,6.2,18.1,99.0,,,,,,,,,,0.0,0.2,100.0,0.0
2024-05-17,,,,0.0,0.5,81.9,,,,,,,0.0,0.2,100.0,0.0
2024-05-18,,,,,,,,,,0.0,0.0,100.0,0.0,0.3,100.0,0.0
2024-05-19,,,,,,,,,,0.0,0.0,38.6,0.0,0.2,100.0,0.0
2024-05-20,,,,,,,,,,,,,0.0,0.2,100.0,0.0
2024-05-21,,,,,,,,,,,,,0.0,0.2,100.0,0.0
2024-05-22,,,,,,,,,,,,,0.0,0.3,100.0,0.0
2024-05-23,,,,,,,,,,,,,0.0,0.2,100.0,0.0
2024-05-24,8.1,20.0,98.6,,,,,,,,,,0.0,0.2,100.0,0.0
2024-05-25,,,,,,,,,,,,,0.0,0.2,100.0,0.0
2024-05-26,,,,,,,,,,,,,0.0,0.1,100.0,0.0
2024-05-27,,,,,,,,,,,,,0.0,0.1,100.0,0.0
2024-05-28,4.9,15.5,99.0,,,,,,,,,,0.0,0.1,100.0,0.0
2024-05-29,,,,,,,0.0,0.0,100.0,,,,0.0,0.1,100.0,0.0
2024-05-30,,,,,,,,,,0.0,0.0,100.0,0.0,0.0,100.0,0.0
2024-05-31,,,,,,,,,,,,,0.0,0.0,100.0,0.0
2024-06-01,,,,,,,,,,,,,0.0,0.0,100.0,0.0
2024-06-02,,,,,,,,,,,,,0.0,0.0,100.0,0.0
2024-06-03,,,,,,,,,,,,,0.0,0.1,100.0,0.0
2024-06-04,,,,,,,,,,,,,0.0,0.1,100.0,0.0
2024-06-05,16.2,30.3,98.3,,,,,,,,,,0.0,0.1,100.0,0.0
2024-06-06,,,,0.0,0.5,100.0,0.0,0.0,100.0,,,,0.0,0.0,100.0,0.0
2024-06-07,,,,,,,,,,,,,0.0,0.0,100.0,0.0
2024-06-08,,,,,,,,,,,,,0.0,0.0,100.0,0.0
2024-06-09,19.3,31.9,98.9,,,,,,,,,,0.0,0.0,100.0,0.0
2024-06-10,,,,,,,,,,,,,0.0,0.0,100.0,0.0
2024-06-11,,,,,,,,,,,,,0.0,0.1,100.0,0.0
2024-06-12,,,,,,,,,,,,,0.0,0.1,100.0,0.0
2024-06-13,,,,,,,,,,,,,0.0,0.2,100.0,0.0
2024-06-14,,,,,,,,,,,,,0.0,0.2,100.0,0.0
2024-06-15,,,,,,,,,,,,,0.0,0.4,100.0,0.0
2024-06-16,,,,,,,,,,,,,0.0,0.3,100.0,0.0
2024-06-17,45.2,42.8,98.4,,,,,,,0.0,0.0,100.0,0.0,0.3,100.0,0.0
2024-06-18,,,,,,,,,,0.0,0.0,100.0,0.0,0.3,100.0,0.0
2024-06-19,,,,,,,,,,,,,0.0,0.3,100.0,0.0
2024-06-20,,,,,,,,,,0.0,0.0,80.5,0.0,0.2,100.0,0.0
2024-06-21,25.8,37.1,99.1,,,,,,,,,,0.0,0.2,100.0,0.0
2024-06-22,,,,,,,,,,,,,0.0,0.2,100.0,0.0
2024-06-23,,,,,,,,,,,,,0.0,0.2,100.0,0.0
2024-06-24,,,,,,,,,,0.0,0.0,100.0,0.0,0.1,100.0,0.0
2024-06-25,,,,,,,,,,,,,0.0,0.2,100.0,0.0
2024-06-26,,,,,,,,,,,,,0.0,0.2,100.0,0.0
2024-06-27,,,,,,,,,,,,,0.0,0.2,100.0,0.0
2024-06-28,,,,,,,,,,,,,0.0,0.2,100.0,0.0
2024-06-29,86.2,53.4,98.5,,,,,,,0.0,0.0,100.0,0.0,0.1,100.0,0.0
2024-06-30,,,,,,,0.0,0.0,84.1,,,,0.0,0.1,100.0,0.0
2024-07-01,,,,,,,,,,,,,0.0,0.1,100.0,0.0
2024-07-02,,,,,,,,,,,,,0.0,0.1,100.0,0.0
2024-07-03,51.7,43.7,99.0,,,,,,,,,,0.0,0.1,100.0,0.0
2024-07-04,,,,,,,,,,,,,0.0,0.1,100.0,0.0
2024-07-05,,,,,,,,,,,,,0.0,0.1,100.0,0.0
2024-07-06,,,,0.0,0.6,90.6,,,,,,,0.0,0.1,100.0,0.0
2024-07-07,,,,,,,,,,,,,0.0,0.0,100.0,0.0
2024-07-08,,,,,,,,,,,,,0.0,0.0,100.0,0.0
2024-07-09,,,,,,,,,,,,,0.0,0.0,100.0,0.0
2024-07-10,,,,,,,,,,,,,0.0,0.0,100.0,0.0
2024-07-11,88.5,55.3,98.4,0.0,1.1,100.0,,,,,,,0.0,0.0,100.0,0.0
2024-07-12,,,,,,,,,,,,,0.0,0.0,100.0,0.0
2024-07-13,,,,,,,,,,,,,0.0,0.0,100.0,0.0
2024-07-14,,,,,,,,,,,,,0.0,0.0,100.0,0.0
2024-07-15,77.1,50.4,99.0,,,,,,,,,,0.0,0.0,100.0,0.0
2024-07-16,,,,0.0,2.1,51.8,0.0,0.0,69.8,,,,0.0,0.0,100.0,0.0
2024-07-17,,,,,,,,,,,,,0.0,0.0,100.0,0.0
2024-07-18,,,,,,,,,,,,,0.0,0.0,100.0,0.0
2024-07-19,,,,,,,,,,,,,0.0,0.0,100.0,0.0
2024-07-20,,,,,,,,,,,,,0.0,0.0,100.0,0.0
2024-07-21,,,,0.0,0.9,100.0,,,,,,,0.0,0.0,100.0,0.0
2024-07-22,,,,,,,,,,,,,0.0,0.0,100.0,0.0
2024-07-23,93.7,61.5,98.6,,,,,,,,,,0.0,0.0,100.0,0.0
2024-07-24,,,,,,,,,,,,,0.0,0.0,100.0,0.0
2024-07-25,,,,,,,0.0,0.0,95.6,,,,0.0,0.0,100.0,0.0
2024-07-26,,,,0.0,0.5,98.3,,,,,,,0.0,0.0,100.0,0.0
2024-07-27,73.7,49.9,99.1,,,,,,,,,,0.0,0.0,100.0,0.0
2024-07-28,,,,,,,,,,,,,0.0,0.0,100.0,0.0
2024-07-29,,,,,,,,,,0.0,0.0,100.0,0.0,0.0,100.0,0.0
2024-07-30,,,,,,,,,,0.0,0.0,100.0,0.0,0.0,100.0,0.0
2024-07-31,,,,0.0,0.4,98.4,,,,,,,0.0,0.0,100.0,0.0
2024-08-01,,,,,,,0.0,0.0,100.0,,,,0.0,0.0,100.0,0.0
2024-08-02,,,,,,,,,,,,,0.0,0.0,100.0,0.0
2024-08-03,,,,,,,,,,,,,0.0,0.0,100.0,0.0
2024-08-04,93.6,62.2,98.8,,,,,,,,,,0.0,0.0,100.0,0.0
2024-08-05,,,,,,,,,,,,,0.0,0.0,100.0,0.0
2024-08-06,,,,,,,,,,0.0,0.0,100.0,0.0,0.0,100.0,0.0
2024-08-07,,,,,,,,,,,,,0.0,0.0,100.0,0.0
2024-08-08,78.8,53.5,99.1,,,,,,,,,,0.0,0.0,100.0,0.0
2024-08-09,,,,,,,0.0,0.0,31.1,,,,0.0,0.0,100.0,0.0
2024-08-10,,,,0.0,0.4,100.0,,,,,,,0.0,0.0,100.0,0.0
2024-08-11,,,,,,,,,,,,,0.0,0.0,100.0,0.0
2024-08-12,,,,,,,,,,,,,0.0,0.0,100.0,0.0
2024-08-13,,,,,,,,,,,,,0.0,0.0,100.0,0.0
2024-08-14,,,,,,,,,,0.0,0.0,100.0,0.0,0.0,100.0,0.0
2024-08-15,,,,0.0,0.7,100.0,,,,,,,0.0,0.0,100.0,0.0
2024-08-16,76.9,53.5,98.6,,,,,,,,,,0.0,0.0,100.0,0.0
2024-08-17,,,,,,,0.0,0.0,100.0,,,,0.0,0.0,100.0,0.0
2024-08-18,,,,,,,,,,0.0,0.0,100.0,0.0,0.0,100.0,0.0
2024-08-19,,,,,,,,,,,,,0.0,0.0,100.0,0.0
2024-08-20,32.2,35.9,99.1,,,,,,,0.0,0.0,75.9,0.0,0.0,100.0,0.0
2024-08-21,,,,,,,,,,,,,0.0,0.0,100.0,0.0
2024-08-22,,,,,,,,,,,,,0.0,0.0,100.0,0.0
2024-08-23,,,,,,,,,,,,,0.0,0.0,100.0,0.0
2024-08-24,,,,,,,,,,0.0,0.0,100.0,0.0,0.0,100.0,0.0
2024-08-25,,,,,,,,,,,,,0.0,0.0,100.0,0.0
2024-08-26,,,,,,,,,,,,,0.0,0.0,100.0,0.0
2024-08-27,,,,,,,,,,0.0,0.0,100.0,0.0,0.0,100.0,0.0
2024-08-28,19.8,30.2,98.6,,,,,,,,,,0.0,0.0,100.0,0.0
2024-08-29,,,,,,,,,,,,,0.0,0.0,100.0,0.0
2024-08-30,,,,0.0,0.8,100.0,,,,0.0,0.0,100.0,0.0,0.0,100.0,0.0
2024-08-31,,,,,,,,,,0.0,0.0,100.0,0.0,0.0,100.0,0.0
2024-09-01,,,,,,,,,,,,,0.0,0.0,100.0,0.0
2024-09-02,,,,,,,0.0,0.0,100.0,,,,0.0,0.0,100.0,0.0
2024-09-03,,,,,,,,,,,,,0.0,0.0,100.0,0.0
2024-09-04,,,,0.0,0.9,100.0,,,,,,,0.0,0.0,100.0,0.0
2024-09-05,,,,,,,,,,0.0,0.0,87.8,0.0,0.0,100.0,0.0
2024-09-06,,,,,,,,,,0.0,0.0,100.0,0.0,0.0,100.0,0.0
2024-09-07,,,,,,,,,,,,,0.0,0.0,100.0,0.0
2024-09-08,,,,,,,,,,,,,0.0,0.0,100.0,0.0
2024-09-09,22.6,31.7,98.6,,,,,,,,,,0.0,0.0,100.0,0.0
2024-09-10,,,,,,,,,,,,,0.0,0.0,100.0,0.0
2024-09-11,,,,,,,0.0,0.0,34.7,,,,0.0,0.0,100.0,0.0
2024-09-12,,,,,,,,,,,,,0.0,0.0,100.0,0.0
2024-09-13,9.0,23.7,99.1,,,,,,,,,,0.0,0.0,100.0,0.0
2024-09-14,,,,,,,,,,,,,0.0,0.0,100.0,0.0
2024-09-15,,,,,,,,,,,,,0.0,0.0,100.0,0.0
2024-09-16,,,,,,,,,,,,,0.0,0.0,100.0,0.0
2024-09-17,,,,,,,,,,,,,0.0,0.0,100.0,0.0
2024-09-18,,,,,,,0.0,0.0,100.0,,,,0.0,0.0,100.0,0.0
2024-09-19,,,,0.0,1.9,61.1,,,,,,,0.0,0.0,100.0,0.0
2024-09-20,,,,,,,,,,,,,0.0,0.0,100.0,0.0
2024-09-21,14.2,27.5,98.6,,,,,,,0.0,0.0,100.0,0.0,0.0,100.0,0.0
2024-09-22,,,,,,,,,,,,,0.0,0.1,100.0,0.0
2024-09-23,,,,,,,,,,,,,0.0,0.0,100.0,0.0
2024-09-24,,,,,,,,,,,,,0.0,0.1,100.0,0.0
2024-09-25,4.1,15.8,99.0,,,,,,,0.0,0.0,100.0,0.0,0.0,100.0,0.0
2024-09-26,,,,,,,,,,,,,0.0,0.1,100.0,0.0
2024-09-27,,,,,,,,,,,,,0.0,0.1,100.0,0.0
2024-09-28,,,,,,,,,,,,,0.0,0.1,100.0,0.0
2024-09-29,,,,0.0,1.4,100.0,,,,0.0,0.0,98.9,0.0,0.1,100.0,0.0
2024-09-30,,,,,,,,,,,,,0.0,0.1,100.0,0.0
2024-10-01,,,,,,,,,,,,,0.0,0.1,100.0,0.0
2024-10-02,,,,,,,,,,,,,0.0,0.1,100.0,0.0
2024-10-03,4.0,17.2,98.9,,,,,,,,,,0.0,0.2,100.0,0.0
2024-10-04,,,,,,,,,,,,,0.0,0.1,100.0,0.0
2024-10-05,,,,,,,,,,,,,0.0,0.1,100.0,0.0
2024-10-06,,,,,,,,,,,,,0.0,0.1,100.0,0.0
2024-10-07,2.2,9.5,99.2,,,,,,,0.0,0.0,100.0,0.0,0.2,100.0,0.0
2024-10-08,,,,,,,,,,,,,0.0,0.1,100.0,0.0
2024-10-09,,,,0.0,0.5,100.0,,,,,,,0.0,0.1,100.0,0.0
2024-10-10,,,,,,,,,,,,,0.0,0.1,100.0,0.0
2024-10-11,,,,,,,,,,,,,0.0,0.2,100.0,0.0
2024-10-12,,,,,,,0.0,0.1,100.0,,,,0.0,0.1,100.0,0.0
2024-10-13,,,,,,,,,,,,,0.0,0.1,100.0,0.0
2024-10-14,,,,,,,,,,,,,0.0,0.1,100.0,0.0
2024-10-15,2.1,12.7,98.6,,,,,,,0.0,0.1,100.0,0.0,0.1,100.0,0.0
2024-10-16,,,,,,,,,,,,,0.0,0.1,100.0,0.0
2024-10-17,,,,,,,,,,0.0,0.0,100.0,0.0,0.1,100.0,0.0
2024-10-18,,,,,,,,,,,,,0.0,0.1,100.0,0.0
2024-10-19,1.5,7.1,99.1,0.0,0.3,100.0,,,,,,,0.0,0.1,100.0,0.0
2024-10-20,,,,,,,0.0,0.0,100.0,,,,0.0,0.1,100.0,0.0
2024-10-21,,,,,,,0.0,0.0,100.0,0.0,0.0,100.0,0.0,0.0,100.0,0.0
2024-10-22,,,,,,,,,,0.0,0.0,100.0,0.0,0.1,100.0,0.0
2024-10-23,,,,,,,,,,,,,0.0,0.1,100.0,0.0
2024-10-24,,,,,,,,,,,,,0.0,0.1,100.0,0.0
2024-10-25,,,,,,,,,,0.0,0.0,100.0,0.0,0.1,100.0,0.0
2024-10-26,,,,,,,,,,,,,0.0,0.1,100.0,0.0
2024-10-27,1.9,12.5,98.8,,,,,,,0.0,0.0,100.0,0.0,0.1,100.0,0.0
2024-10-28,,,,,,,,,,0.0,0.0,100.0,0.0,0.1,100.0,0.0
2024-10-29,,,,,,,,,,,,,0.0,0.1,100.0,0.0
2024-10-30,,,,,,,,,,0.0,0.0,100.0,0.0,0.1,100.0,0.0
2024-10-31,0.9,6.5,99.2,,,,,,,,,,0.0,0.1,100.0,0.0
2024-11-01,,,,,,,,,,0.0,0.1,100.0,0.0,0.1,100.0,0.0
2024-11-02,,,,,,,,,,,,,0.0,0.1,100.0,0.0
2024-11-03,,,,,,,,,,,,,0.0,0.1,100.0,0.0
2024-11-04,,,,,,,,,,,,,0.0,0.1,100.0,0.0
2024-11-05,,,,,,,,,,,,,0.0,0.1,100.0,0.0
2024-11-06,,,,,,,0.0,0.1,96.0,0.0,0.1,100.0,0.0,0.2,100.0,0.0
2024-11-07,,,,,,,,,,,,,0.0,0.2,100.0,0.0
2024-11-08,1.5,10.6,98.7,,,,,,,,,,0.0,0.2,100.0,0.0
2024-11-09,,,,,,,,,,,,,0.0,0.3,100.0,0.0
2024-11-10,,,,,,,,,,,,,0.0,0.5,100.0,0.0
2024-11-11,,,,,,,,,,,,,0.0,0.6,100.0,0.0
2024-11-12,1.0,6.1,99.2,,,,,,,,,,0.0,1.0,100.0,0.0
2024-11-13,,,,,,,,,,,,,0.0,0.9,100.0,0.0
2024-11-14,,,,,,,,,,,,,0.0,1.6,100.0,0.0
2024-11-15,,,,,,,,,,,,,0.0,1.6,100.0,0.0
2024-11-16,,,,,,,,,,0.0,0.4,100.0,0.0,1.9,100.0,0.0
2024-11-17,,,,,,,,,,,,,0.0,2.2,100.0,0.0
2024-11-18,,,,0.0,4.6,100.0,,,,,,,0.0,3.0,100.0,0.0
2024-11-19,,,,,,,,,,,,,0.0,2.5,100.0,0.0
2024-11-20,1.4,10.4,99.0,,,,,,,,,,0.0,3.7,100.0,0.0
2024-11-21,,,,,,,,,,,,,0.0,3.5,100.0,0.0
2024-11-22,,,,,,,,,,,,,0.0,5.3,100.0,0.0
2024-11-23,,,,47.5,45.0,100.0,,,,,,,0.0,5.2,100.0,0.0
2024-11-24,1.3,7.3,99.2,,,,,,,,,,0.0,4.3,100.0,0.0
2024-11-25,,,,,,,,,,,,,0.0,4.1,100.0,0.0
2024-11-26,,,,,,,,,,,,,0.0,5.2,100.0,0.0
2024-11-27,,,,,,,,,,0.0,1.4,100.0,0.0,5.0,100.0,0.0
2024-11-28,,,,,,,,,,,,,0.0,6.5,100.0,0.0
2024-11-29,,,,,,,,,,0.0,4.9,83.0,0.0,6.7,100.0,0.0
2024-11-30,,,,,,,0.0,1.2,62.3,0.0,8.7,100.0,0.0,8.8,100.0,0.0
2024-12-01,,,,,,,,,,,,,0.0,9.6,100.0,0.0
2024-12-02,2.9,13.3,98.7,,,,,,,0.1,16.2,100.0,0.0,12.6,100.0,0.0
2024-12-03,,,,,,,,,,,,,0.0,13.8,100.0,0.0
2024-12-04,,,,,,,,,,,,,0.0,18.5,100.0,0.0
2024-12-05,,,,,,,,,,,,,0.0,17.2,100.0,0.0
2024-12-06,2.3,9.4,99.5,,,,,,,,,,0.1,22.2,100.0,0.1
2024-12-07,,,,,,,,,,,,,0.0,21.2,100.0,0.0
2024-12-08,,,,,,,,,,,,,3.7,28.0,100.0,3.7
2024-12-09,,,,,,,,,,,,,1.9,25.4,100.0,1.9
2024-12-10,,,,,,,,,,5.3,23.1,100.0,11.5,30.1,100.0,11.5
2024-12-11,,,,,,,,,,9.7,25.3,100.0,4.6,27.1,100.0,4.6
2024-12-12,,,,,,,,,,14.1,28.0,100.0,14.3,33.5,100.0,14.3
2024-12-13,,,,80.7,60.6,100.0,,,,,,,11.3,33.2,100.0,11.3
2024-12-14,3.7,13.8,99.2,,,,,,,,,,10.2,33.3,100.0,10.2
2024-12-15,,,,,,,,,,,,,5.9,32.0,100.0,5.9
2024-12-16,,,,,,,,,,43.5,44.9,100.0,4.5,34.9,100.0,4.5
2024-12-17,,,,,,,,,,,,,3.0,33.6,100.0,3.0
2024-12-18,2.2,9.6,99.4,,,,,,,48.3,46.4,91.2,1.4,32.3,100.0,1.4
2024-12-19,,,,,,,,,,,,,0.9,32.1,100.0,0.9
2024-12-20,,,,,,,,,,,,,0.6,34.7,100.0,0.6
2024-12-21,,,,,,,,,,,,,1.4,33.0,100.0,1.4
2024-12-22,,,,,,,,,,44.2,44.1,81.1,4.5,35.9,100.0,4.5
2024-12-23,,,,,,,,,,,,,3.0,33.8,100.0,3.0
2024-12-24,,,,,,,,,,,,,8.6,39.4,100.0,8.6
2024-12-25,,,,,,,,,,,,,7.2,38.3,100.0,7.2
2024-12-26,3.0,12.6,99.3,,,,,,,31.8,35.8,100.0,14.4,41.1,100.0,14.4
2024-12-27,,,,,,,,,,34.7,38.2,100.0,16.2,40.3,100.0,16.2
2024-12-28,,,,,,,,,,,,,35.7,44.6,100.0,35.7
2024-12-29,,,,,,,,,,,,,33.5,44.7,100.0,33.5
2024-12-30,2.1,10.4,99.4,,,,,,,,,,39.5,46.9,100.0,39.5
2024-12-31,,,,,,,15.5,20.0,78.0,,,,37.9,47.6,100.0,37.9
2025-01-01,,,,,,,,,,66.5,53.6,100.0,42.2,49.2,100.0,42.2
2025-01-02,,,,,,,,,,,,,40.1,49.8,100.0,40.1
2025-01-03,,,,,,,,,,,,,35.7,49.5,100.0,35.7
2025-01-04,,,,,,,,,,,,,42.3,52.6,100.0,42.3
2025-01-05,,,,,,,,,,,,,38.8,52.7,100.0,38.8
2025-01-06,,,,,,,,,,,,,30.0,50.8,100.0,30.0
2025-01-07,2.4,11.4,99.2,,,,,,,,,,22.1,49.6,100.0,22.1
2025-01-08,,,,,,,,,,,,,22.2,51.9,100.0,22.2
2025-01-09,,,,,,,,,,,,,11.4,50.8,100.0,11.4
2025-01-10,,,,,,,,,,,,,5.7,47.9,100.0,5.7
2025-01-11,1.9,11.0,99.4,,,,,,,84.3,68.5,100.0,4.3,47.8,100.0,4.3
2025-01-12,,,,,,,,,,,,,12.7,52.4,100.0,12.7
2025-01-13,,,,,,,,,,,,,19.3,54.8,100.0,19.3
2025-01-14,,,,,,,,,,,,,29.0,56.3,100.0,29.0
2025-01-15,,,,,,,,,,,,,69.3,61.1,100.0,69.3
2025-01-16,,,,,,,46.5,44.4,80.1,,,,78.1,63.0,100.0,78.1
2025-01-17,,,,29.9,39.0,100.0,50.8,43.3,100.0,88.9,75.7,100.0,91.3,67.3,100.0,91.3
2025-01-18,,,,,,,,,,,,,82.5,64.1,100.0,82.5
2025-01-19,2.4,13.2,99.0,,,,,,,,,,86.4,65.7,100.0,86.4
2025-01-20,,,,,,,,,,,,,82.6,64.8,100.0,82.6
2025-01-21,,,,,,,,,,93.9,82.6,100.0,91.6,67.6,100.0,91.6
2025-01-22,,,,1.6,19.5,94.6,,,,,,,89.7,67.0,100.0,89.7
2025-01-23,1.1,11.1,99.2,,,,,,,98.0,89.4,100.0,93.4,67.8,100.0,93.4
2025-01-24,,,,,,,26.8,35.9,40.2,100.0,91.2,100.0,81.9,64.0,100.0,81.9
2025-01-25,,,,,,,,,,,,,96.1,68.1,100.0,96.1
2025-01-26,,,,,,,,,,,,,89.7,64.6,100.0,89.7
2025-01-27,,,,1.3,9.7,84.4,,,,,,,96.0,67.9,100.0,96.0
2025-01-28,,,,,,,,,,,,,59.5,60.0,100.0,59.5
2025-01-29,,,,,,,,,,100.0,92.9,100.0,84.9,63.3,100.0,84.9
2025-01-30,,,,,,,,,,,,,34.4,57.4,100.0,34.4
2025-01-31,1.3,12.3,99.2,,,,,,,,,,83.8,63.5,100.0,83.8
2025-02-01,,,,0.0,9.1,100.0,96.0,73.2,67.3,100.0,93.7,100.0,65.0,60.4,100.0,65.0
2025-02-02,,,,,,,,,,,,,69.5,61.9,100.0,69.5
2025-02-03,,,,,,,,,,100.0,96.6,100.0,51.4,58.8,100.0,51.4
2025-02-04,0.9,9.6,99.4,,,,,,,100.0,97.5,100.0,69.0,62.4,100.0,69.0
2025-02-05,,,,,,,,,,100.0,98.2,100.0,65.2,61.8,100.0,65.2
2025-02-06,,,,7.4,23.0,100.0,,,,100.0,98.4,100.0,72.8,64.3,100.0,72.8
2025-02-07,,,,,,,,,,100.0,98.5,100.0,59.5,61.5,100.0,59.5
2025-02-08,,,,,,,,,,100.0,98.4,100.0,68.3,63.8,100.0,68.3
2025-02-09,,,,,,,14.8,33.0,92.8,100.0,98.5,100.0,72.5,65.3,100.0,72.5
2025-02-10,,,,,,,,,,,,,56.7,62.0,100.0,56.7
2025-02-11,,,,61.1,54.4,54.1,,,,100.0,97.9,100.0,61.3,64.3,100.0,61.3
2025-02-12,0.8,9.8,99.0,,,,,,,,,,54.3,60.8,100.0,54.3
2025-02-13,,,,,,,,,,,,,54.5,61.0,100.0,54.5
2025-02-14,,,,,,,,,,,,,41.6,54.7,100.0,41.6
2025-02-15,,,,,,,,,,,,,43.4,56.3,100.0,43.4
2025-02-16,0.7,7.9,99.3,,,,,,,,,,32.8,51.7,100.0,32.8
2025-02-17,,,,,,,64.3,55.8,58.5,100.0,97.6,100.0,39.8,53.4,100.0,39.8
2025-02-18,,,,,,,,,,100.0,96.5,100.0,23.8,47.5,100.0,23.8
2025-02-19,,,,,,,,,,,,,31.9,51.5,100.0,31.9
2025-02-20,,,,,,,,,,100.0,95.1,100.0,14.8,46.4,100.0,14.8
2025-02-21,,,,0.0,2.8,100.0,,,,,,,12.3,45.1,100.0,12.3
2025-02-22,,,,,,,,,,99.9,91.0,100.0,0.6,33.6,100.0,0.6
2025-02-23,,,,,,,,,,,,,0.0,31.9,100.0,0.0
2025-02-24,0.6,5.8,99.1,,,,,,,,,,0.0,26.6,100.0,0.0
2025-02-25,,,,,,,,,,,,,0.0,22.9,100.0,0.0
2025-02-26,,,,,,,,,,,,,0.0,17.4,100.0,0.0
2025-02-27,,,,,,,,,,99.8,91.1,100.0,0.0,14.7,100.0,0.0
2025-02-28,0.4,4.4,99.4,,,,,,,,,,0.0,13.8,100.0,0.0
2025-03-01,,,,,,,,,,,,,0.0,12.1,100.0,0.0
2025-03-02,,,,,,,,,,,,,0.0,9.6,100.0,0.0
2025-03-03,,,,0.0,1.1,100.0,,,,,,,0.0,8.7,100.0,0.0
2025-03-04,,,,,,,,,,,,,0.0,8.7,100.0,0.0
2025-03-05,,,,,,,0.6,4.9,100.0,,,,0.0,6.9,100.0,0.0
2025-03-06,,,,,,,0.9,3.3,100.0,,,,0.0,6.1,100.0,0.0
2025-03-07,,,,,,,,,,,,,0.0,7.1,100.0,0.0
2025-03-08,0.5,4.3,98.9,0.0,1.6,100.0,,,,,,,0.0,8.0,100.0,0.0
2025-03-09,,,,,,,,,,,,,0.0,6.2,100.0,0.0
2025-03-10,,,,,,,,,,,,,0.0,6.5,100.0,0.0
2025-03-11,,,,,,,,,,,,,0.0,8.3,100.0,0.0
2025-03-12,0.5,4.4,99.2,,,,,,,,,,0.0,10.4,100.0,0.0
2025-03-13,,,,0.0,2.3,92.7,,,,,,,0.0,10.6,100.0,0.0
2025-03-14,,,,,,,,,,,,,0.0,12.6,100.0,0.0
2025-03-15,,,,,,,,,,98.6,82.2,100.0,0.0,14.8,100.0,0.0
2025-03-16,,,,,,,,,,,,,0.0,21.2,100.0,0.0
2025-03-17,,,,,,,,,,,,,0.0,19.8,100.0,0.0
2025-03-18,,,,0.0,2.1,100.0,,,,,,,0.0,19.9,100.0,0.0
2025-03-19,,,,,,,,,,62.8,54.2,100.0,0.0,17.0,100.0,0.0
2025-03-20,0.4,2.4,98.5,,,,,,,,,,0.0,17.4,100.0,0.0
2025-03-21,,,,,,,,,,,,,0.0,16.4,100.0,0.0
2025-03-22,,,,,,,,,,3.5,18.0,100.0,0.0,18.0,100.0,0.0
2025-03-23,,,,0.0,1.2,99.0,,,,0.5,7.9,63.4,0.0,13.2,100.0,0.0
2025-03-24,0.3,1.8,99.3,,,,,,,,,,0.0,11.8,100.0,0.0
2025-03-25,,,,,,,,,,0.0,4.2,41.6,0.0,11.5,100.0,0.0
2025-03-26,,,,,,,,,,,,,0.0,11.9,100.0,0.0
2025-03-27,,,,,,,,,,,,,0.0,10.7,100.0,0.0
2025-03-28,,,,0.0,1.0,38.9,,,,,,,0.0,10.2,100.0,0.0
2025-03-29,,,,,,,,,,,,,0.0,10.2,100.0,0.0
2025-03-30,0.3,1.7,99.4,,,,,,,,,,0.0,8.1,100.0,0.0
2025-03-31,,,,,,,,,,,,,0.0,5.9,100.0,0.0
2025-04-01,0.6,1.7,99.2,,,,,,,,,,0.0,5.7,100.0,0.0
2025-04-02,,,,0.0,1.8,57.4,,,,,,,0.0,6.0,100.0,0.0
2025-04-03,,,,,,,,,,,,,0.0,3.8,100.0,0.0
2025-04-04,,,,0.0,1.4,100.0,,,,,,,0.0,3.5,100.0,0.0
2025-04-05,0.4,1.4,99.4,,,,,,,,,,0.0,4.3,100.0,0.0
2025-04-06,,,,,,,0.8,1.3,100.0,,,,0.0,5.7,100.0,0.0
2025-04-07,0.4,1.2,98.9,0.0,0.9,100.0,,,,,,,0.0,3.8,100.0,0.0
2025-04-08,,,,,,,,,,,,,0.0,2.7,100.0,0.0
2025-04-09,,,,,,,,,,,,,0.0,2.4,100.0,0.0
2025-04-10,,,,,,,,,,,,,0.0,3.4,100.0,0.0
2025-04-11,0.4,1.4,99.4,,,,,,,0.0,0.5,100.0,0.0,2.3,100.0,0.0
2025-04-12,,,,0.0,0.7,100.0,,,,0.0,0.2,36.6,0.0,2.1,100.0,0.0
2025-04-13,0.5,1.5,98.8,,,,,,,,,,0.0,2.0,100.0,0.0
2025-04-14,,,,,,,,,,,,,0.0,2.8,100.0,0.0
2025-04-15,,,,,,,,,,,,,0.0,2.6,100.0,0.0
2025-04-16,,,,,,,,,,,,,0.0,2.3,100.0,0.0
2025-04-17,0.8,1.8,99.3,0.0,0.4,89.2,,,,,,,0.0,2.0,100.0,0.0
2025-04-18,,,,,,,,,,,,,0.0,2.1,100.0,0.0
2025-04-19,,,,,,,,,,,,,0.0,1.5,100.0,0.0
2025-04-20,,,,,,,,,,,,,0.0,1.1,100.0,0.0
2025-04-21,,,,,,,,,,,,,0.0,1.5,100.0,0.0
2025-04-22,,,,,,,,,,,,,0.0,1.6,100.0,0.0
2025-04-23,0.9,2.0,99.5,,,,0.9,1.3,98.9,,,,0.0,1.0,100.0,0.0
2025-04-24,,,,,,,,,,,,,0.0,0.7,100.0,0.0
2025-04-25,1.4,2.5,98.9,,,,,,,,,,0.0,0.8,100.0,0.0
2025-04-26,,,,,,,,,,,,,0.0,1.0,100.0,0.0
2025-04-27,,,,0.0,0.2,100.0,,,,0.0,0.0,100.0,0.0,0.4,100.0,0.0
2025-04-28,,,,,,,,,,0.0,0.0,100.0,0.0,0.4,100.0,0.0
2025-04-29,1.4,2.8,99.3,,,,,,,0.0,0.0,100.0,0.0,0.4,100.0,0.0
2025-04-30,,,,,,,0.1,0.2,100.0,,,,0.0,0.5,100.0,0.0
2025-05-01,2.0,3.5,98.5,,,,0.1,0.1,100.0,0.0,0.0,99.1,0.0,0.3,100.0,0.0
2025-05-02,,,,0.0,0.5,39.6,,,,0.0,0.0,100.0,0.0,0.3,100.0,0.0
2025-05-03,,,,,,,,,,,,,0.0,0.3,100.0,0.0
2025-05-04,,,,,,,,,,,,,0.0,0.4,100.0,0.0
2025-05-05,2.0,3.8,99.1,,,,,,,,,,0.0,0.6,100.0,0.0
2025-05-06,,,,,,,,,,,,,0.0,1.0,100.0,0.0
2025-05-07,1.5,2.5,98.5,,,,,,,,,,0.0,0.8,100.0,0.0
2025-05-08,,,,,,,,,,,,,0.0,1.4,100.0,0.0
2025-05-09,,,,,,,,,,,,,0.0,2.3,100.0,0.0
2025-05-10,,,,,,,,,,0.0,0.0,92.1,0.0,2.3,100.0,0.0
2025-05-11,0.9,2.4,99.1,,,,,,,,,,0.0,2.1,100.0,0.0
2025-05-12,,,,0.0,0.8,78.2,,,,0.0,0.0,99.8,0.0,1.6,100.0,0.0
2025-05-13,0.9,2.1,98.7,,,,,,,,,,0.0,1.8,100.0,0.0
2025-05-14,,,,0.0,0.8,96.0,,,,,,,0.0,1.6,100.0,0.0
2025-05-15,,,,,,,,,,,,,0.0,1.4,100.0,0.0
2025-05-16,,,,,,,,,,,,,0.0,1.5,100.0,0.0
2025-05-17,1.0,2.6,99.0,,,,,,,,,,0.0,2.0,100.0,0.0
2025-05-18,,,,,,,,,,,,,0.0,1.1,100.0,0.0
2025-05-19,1.4,3.0,98.7,,,,,,,,,,0.0,0.8,100.0,0.0
2025-05-20,,,,,,,,,,,,,0.0,0.4,100.0,0.0
2025-05-21,,,,,,,,,,,,,0.0,0.4,100.0,0.0
2025-05-22,,,,,,,,,,,,,0.0,0.5,100.0,0.0
2025-05-23,1.1,2.8,99.0,,,,,,,,,,0.0,0.4,100.0,0.0
2025-05-24,,,,0.0,1.5,44.2,0.3,0.4,48.4,,,,0.0,0.6,100.0,0.0
2025-05-25,1.5,3.3,98.6,,,,,,,,,,0.0,0.6,100.0,0.0
2025-05-26,,,,,,,,,,,,,0.0,0.5,100.0,0.0
2025-05-27,,,,,,,,,,,,,0.0,0.4,100.0,0.0
2025-05-28,,,,,,,,,,,,,0.0,0.4,100.0,0.0
2025-05-29,1.8,3.7,98.8,,,,,,,,,,0.0,0.3,100.0,0.0
2025-05-30,,,,,,,,,,0.0,0.0,30.2,0.0,0.3,100.0,0.0
2025-05-31,2.9,5.1,97.9,,,,,,,0.0,0.0,99.9,0.0,0.3,100.0,0.0
2025-06-01,,,,,,,0.1,0.2,74.2,,,,0.0,0.4,100.0,0.0
2025-06-02,,,,,,,,,,,,,0.0,0.3,100.0,0.0
2025-06-03,,,,0.0,0.5,100.0,,,,0.0,0.0,32.3,0.0,0.2,100.0,0.0
2025-06-04,2.2,4.0,98.8,,,,,,,,,,0.0,0.3,100.0,0.0
2025-06-05,,,,,,,,,,,,,0.0,0.4,100.0,0.0
2025-06-06,2.6,4.5,98.5,0.0,0.9,100.0,,,,,,,0.0,0.3,100.0,0.0
2025-06-07,,,,,,,,,,0.0,0.0,43.0,0.0,0.2,100.0,0.0
2025-06-08,,,,,,,,,,,,,0.0,0.3,100.0,0.0
2025-06-09,,,,,,,0.1,0.2,100.0,,,,0.0,0.3,100.0,0.0
2025-06-10,2.8,4.8,98.9,,,,,,,0.0,0.0,100.0,0.0,0.2,100.0,0.0
2025-06-11,,,,0.0,0.4,100.0,,,,0.0,0.0,100.0,0.0,0.2,100.0,0.0
2025-06-12,3.9,6.5,98.2,,,,,,,0.0,0.0,100.0,0.0,0.2,100.0,0.0
2025-06-13,,,,0.0,0.3,98.8,,,,0.0,0.0,100.0,0.0,0.2,100.0,0.0
2025-06-14,,,,,,,,,,0.0,0.0,100.0,0.0,0.1,100.0,0.0
2025-06-15,,,,,,,,,,0.0,0.0,100.0,0.0,0.1,100.0,0.0
2025-06-16,3.1,6.0,98.9,,,,,,,,,,0.0,0.1,100.0,0.0
2025-06-17,,,,,,,0.0,0.0,92.6,0.0,0.0,99.0,0.0,0.1,100.0,0.0
2025-06-18,4.0,8.6,98.4,,,,0.0,0.0,41.9,0.0,0.0,100.0,0.0,0.1,100.0,0.0
2025-06-19,,,,,,,,,,,,,0.0,0.1,100.0,0.0
2025-06-20,,,,,,,,,,,,,0.0,0.1,100.0,0.0
2025-06-21,,,,0.0,0.6,100.0,,,,0.0,0.0,100.0,0.0,0.1,100.0,0.0
2025-06-22,3.8,7.6,99.1,,,,,,,0.0,0.0,100.0,0.0,0.0,100.0,0.0
2025-06-23,,,,,,,,,,,,,0.0,0.0,100.0,0.0
2025-06-24,4.8,10.4,98.4,,,,,,,0.0,0.0,100.0,0.0,0.0,100.0,0.0
2025-06-25,,,,,,,0.0,0.0,100.0,,,,0.0,0.0,100.0,0.0
2025-06-26,,,,0.0,0.6,100.0,0.0,0.0,49.5,0.0,0.0,100.0,0.0,0.0,100.0,0.0
2025-06-27,,,,,,,,,,0.0,0.0,87.1,0.0,0.0,100.0,0.0
2025-06-28,4.5,9.3,99.0,,,,,,,,,,0.0,0.0,100.0,0.0
2025-06-29,,,,,,,,,,0.0,0.0,100.0,0.0,0.1,100.0,0.0
2025-06-30,6.1,12.1,98.7,,,,,,,,,,0.0,0.1,100.0,0.0
2025-07-01,,,,0.0,0.8,100.0,,,,,,,0.0,0.1,100.0,0.0
2025-07-02,,,,,,,,,,0.0,0.0,100.0,0.0,0.1,100.0,0.0
2025-07-03,,,,,,,,,,0.0,0.0,100.0,0.0,0.2,100.0,0.0
2025-07-04,5.6,11.2,99.0,,,,,,,0.0,0.0,80.5,0.0,0.2,100.0,0.0
2025-07-05,,,,,,,,,,,,,0.0,0.2,100.0,0.0
2025-07-06,7.5,13.9,98.7,,,,,,,,,,0.0,0.2,100.0,0.0
2025-07-07,,,,,,,,,,,,,0.0,0.2,100.0,0.0
2025-07-08,,,,,,,,,,,,,0.0,0.2,100.0,0.0
2025-07-09,,,,,,,,,,,,,0.0,0.2,100.0,0.0
2025-07-10,5.0,10.4,99.0,,,,,,,,,,0.0,0.1,100.0,0.0
2025-07-11,,,,,,,,,,,,,0.0,0.1,100.0,0.0
2025-07-12,6.5,12.0,98.6,,,,,,,,,,0.0,0.0,100.0,0.0
2025-07-13,,,,0.0,0.7,99.6,,,,,,,0.0,0.0,100.0,0.0
2025-07-14,,,,,,,,,,,,,0.0,0.0,100.0,0.0
2025-07-15,,,,,,,,,,,,,0.0,0.0,100.0,0.0
2025-07-16,5.3,10.8,98.8,,,,,,,,,,0.0,0.0,100.0,0.0
2025-07-17,,,,,,,,,,,,,0.0,0.0,100.0,0.0
2025-07-18,8.6,15.6,98.6,,,,,,,,,,0.0,0.0,100.0,0.0
2025-07-19,,,,,,,0.0,0.0,100.0,,,,0.0,0.0,100.0,0.0
2025-07-20,,,,,,,,,,,,,0.0,0.0,100.0,0.0
2025-07-21,,,,,,,,,,,,,0.0,0.0,100.0,0.0
2025-07-22,4.1,9.9,99.0,,,,,,,,,,0.0,0.0,100.0,0.0
2025-07-23,,,,0.0,0.7,100.0,,,,,,,0.0,0.0,100.0,0.0
2025-07-24,5.3,11.4,98.5,,,,,,,,,,0.0,0.0,100.0,0.0
2025-07-25,,,,,,,,,,,,,0.0,0.0,100.0,0.0
2025-07-26,,,,,,,,,,,,,0.0,0.0,100.0,0.0
2025-07-27,,,,,,,,,,,,,0.0,0.0,100.0,0.0
2025-07-28,3.6,8.8,98.8,,,,,,,,,,0.0,0.0,100.0,0.0
2025-07-29,,,,,,,,,,,,,0.0,0.0,100.0,0.0
2025-07-30,4.0,9.1,99.3,,,,,,,,,,0.0,0.0,100.0,0.0
2025-07-31,,,,,,,,,,,,,0.0,0.0,100.0,0.0
2025-08-01,,,,,,,,,,,,,0.0,0.1,100.0,0.0
2025-08-02,,,,,,,,,,,,,0.0,0.1,100.0,0.0
2025-08-03,2.1,5.4,99.6,,,,,,,,,,0.0,0.1,100.0,0.0
2025-08-04,,,,,,,,,,,,,0.0,0.0,100.0,0.0
2025-08-05,1.9,4.5,99.3,0.0,0.6,99.2,,,,,,,0.0,0.0,100.0,0.0
2025-08-06,,,,,,,,,,,,,0.0,0.0,100.0,0.0
2025-08-07,,,,,,,,,,0.0,0.0,100.0,0.0,0.0,100.0,0.0
2025-08-08,,,,,,,,,,,,,0.0,0.0,100.0,0.0
2025-08-09,2.1,4.4,99.4,,,,,,,0.0,0.0,100.0,0.0,0.0,100.0,0.0
2025-08-10,,,,,,,,,,0.0,0.0,100.0,0.0,0.0,100.0,0.0
2025-08-11,2.9,5.0,99.1,,,,,,,0.0,0.0,100.0,0.0,0.0,100.0,0.0
2025-08-12,,,,0.0,0.8,100.0,0.0,0.0,100.0,0.0,0.0,100.0,0.0,0.0,100.0,0.0
2025-08-13,,,,,,,,,,0.0,0.0,100.0,0.0,0.0,100.0,0.0
2025-08-14,,,,,,,,,,0.0,0.0,100.0,0.0,0.0,100.0,0.0
2025-08-15,2.6,5.1,99.5,0.0,1.0,100.0,,,,0.0,0.0,100.0,0.0,0.0,100.0,0.0
2025-08-16,,,,,,,,,,0.0,0.0,83.5,0.0,0.0,100.0,0.0
2025-08-17,2.6,4.3,99.2,,,,,,,,,,0.0,0.0,100.0,0.0
2025-08-18,,,,,,,,,,,,,0.0,0.0,100.0,0.0
2025-08-19,,,,,,,,,,,,,0.0,0.0,100.0,0.0
2025-08-20,,,,,,,,,,,,,0.0,0.1,100.0,0.0
2025-08-21,2.4,4.8,99.5,,,,,,,,,,0.0,0.0,100.0,0.0
2025-08-22,,,,,,,,,,,,,0.0,0.0,100.0,0.0
2025-08-23,3.1,5.1,98.9,,,,,,,,,,0.0,0.1,100.0,0.0
2025-08-24,,,,,,,,,,0.0,0.0,92.0,0.0,0.1,100.0,0.0
2025-08-25,,,,0.0,0.3,100.0,,,,0.0,0.0,100.0,0.0,0.1,100.0,0.0
2025-08-26,,,,,,,,,,0.0,0.0,100.0,0.0,0.1,100.0,0.0
2025-08-27,3.4,7.0,99.5,,,,,,,,,,0.0,0.1,100.0,0.0
2025-08-28,,,,,,,,,,,,,0.0,0.1,100.0,0.0
2025-08-29,3.6,7.0,99.0,,,,,,,0.0,0.0,100.0,0.0,0.1,100.0,0.0
2025-08-30,,,,,,,,,,0.0,0.0,100.0,0.0,0.1,100.0,0.0
2025-08-31,,,,,,,,,,,,,0.0,0.1,100.0,0.0
2025-09-01,,,,0.0,0.4,100.0,,,,,,,0.0,0.0,100.0,0.0
2025-09-02,5.0,11.1,99.4,,,,,,,,,,0.0,0.0,100.0,0.0
2025-09-03,,,,,,,,,,,,,0.0,0.0,100.0,0.0
2025-09-04,5.2,8.5,99.1,0.0,0.6,100.0,,,,,,,0.0,0.0,100.0,0.0
2025-09-05,,,,,,,,,,,,,0.0,0.0,100.0,0.0
2025-09-06,,,,,,,0.0,0.0,66.5,,,,0.0,0.0,100.0,0.0
2025-09-07,,,,,,,,,,,,,0.0,0.0,100.0,0.0
2025-09-08,5.3,11.4,99.3,,,,,,,,,,0.0,0.0,100.0,0.0
2025-09-09,,,,,,,,,,,,,0.0,0.0,100.0,0.0
2025-09-10,,,,,,,,,,,,,0.0,0.0,100.0,0.0
2025-09-11,,,,0.0,0.9,100.0,,,,,,,0.0,0.0,100.0,0.0
2025-09-12,,,,,,,,,,,,,0.0,0.0,100.0,0.0
2025-09-13,,,,,,,,,,,,,0.0,0.0,100.0,0.0
2025-09-14,4.5,9.1,99.4,,,,,,,,,,0.0,0.0,100.0,0.0
2025-09-15,,,,,,,,,,,,,0.0,0.0,100.0,0.0
2025-09-16,5.0,12.4,99.0,,,,,,,,,,0.0,0.0,100.0,0.0
2025-09-17,,,,,,,,,,,,,0.0,0.0,100.0,0.0
2025-09-18,,,,,,,,,,,,,0.0,0.0,100.0,0.0
2025-09-19,,,,0.0,0.7,100.0,,,,,,,0.0,0.0,100.0,0.0
2025-09-20,3.6,8.7,99.3,,,,,,,,,,0.0,0.0,100.0,0.0
2025-09-21,,,,0.0,0.9,100.0,0.0,0.0,100.0,,,,0.0,0.0,100.0,0.0
2025-09-22,4.7,10.9,99.2,,,,,,,,,,0.0,0.0,100.0,0.0
2025-09-23,,,,,,,,,,,,,0.0,0.0,100.0,0.0
2025-09-24,,,,,,,,,,,,,0.0,0.0,100.0,0.0
2025-09-25,,,,,,,,,,,,,0.0,0.0,100.0,0.0
2025-09-26,3.3,7.9,99.5,,,,,,,,,,0.0,0.0,100.0,0.0
2025-09-27,,,,,,,,,,,,,0.0,0.0,100.0,0.0
2025-09-28,6.1,11.8,99.4,,,,,,,,,,0.0,0.1,100.0,0.0
2025-09-29,,,,,,,,,,,,,0.0,0.1,100.0,0.0
2025-09-30,,,,,,,,,,,,,0.0,0.1,100.0,0.0
2025-10-01,,,,0.0,2.0,77.1,,,,,,,0.0,0.2,100.0,0.0
2025-10-02,4.2,11.1,99.6,,,,,,,,,,0.0,0.2,100.0,0.0
2025-10-03,,,,,,,,,,0.0,0.0,100.0,0.0,0.2,100.0,0.0
2025-10-04,6.5,14.6,99.1,,,,,,,,,,0.0,0.2,100.0,0.0
2025-10-05,,,,,,,,,,,,,0.0,0.2,100.0,0.0
2025-10-06,,,,,,,,,,,,,0.0,0.3,100.0,0.0
2025-10-07,,,,,,,,,,,,,0.0,0.2,100.0,0.0
2025-10-08,3.2,11.5,99.6,,,,,,,,,,0.0,0.3,100.0,0.0
2025-10-09,,,,,,,,,,,,,0.0,0.2,100.0,0.0
2025-10-10,2.5,9.5,99.2,,,,,,,0.0,0.1,100.0,0.0,0.2,100.0,0.0
2025-10-11,,,,0.0,0.9,100.0,,,,0.0,0.2,100.0,0.0,0.1,100.0,0.0
2025-10-12,,,,,,,,,,0.0,0.3,100.0,0.0,0.1,100.0,0.0
2025-10-13,,,,,,,,,,0.0,0.4,100.0,0.0,0.1,100.0,0.0
2025-10-14,0.9,5.5,99.5,,,,,,,0.0,0.9,100.0,0.0,0.1,100.0,0.0
2025-10-15,,,,,,,0.0,0.0,100.0,,,,0.0,0.1,100.0,0.0
2025-10-16,0.5,4.8,99.3,,,,,,,,,,0.0,0.1,100.0,0.0
2025-10-17,,,,,,,,,,0.0,0.8,100.0,0.0,0.1,100.0,0.0
2025-10-18,,,,,,,,,,,,,0.0,0.1,100.0,0.0
2025-10-19,,,,,,,,,,,,,0.0,0.1,100.0,0.0
2025-10-20,0.4,4.0,99.6,,,,,,,0.0,0.7,100.0,0.0,0.1,100.0,0.0
2025-10-21,,,,,,,,,,0.0,0.3,100.0,0.0,0.1,100.0,0.0
2025-10-22,0.3,4.6,99.4,,,,,,,,,,0.0,0.2,100.0,0.0
2025-10-23,,,,,,,,,,0.0,0.1,100.0,0.0,0.3,100.0,0.0
2025-10-24,,,,,,,,,,0.0,0.1,99.4,0.0,0.3,100.0,0.0
2025-10-25,,,,,,,,,,,,,0.0,0.3,100.0,0.0
2025-10-26,0.2,3.2,99.5,,,,,,,,,,0.0,0.3,100.0,0.0
2025-10-27,,,,,,,,,,,,,0.0,0.4,100.0,0.0
2025-10-28,0.1,3.6,99.3,,,,,,,,,,0.0,0.4,100.0,0.0
2025-10-29,,,,,,,,,,,,,0.0,0.4,100.0,0.0
2025-10-30,,,,,,,,,,0.0,0.1,100.0,0.0,0.4,100.0,0.0
2025-10-31,,,,0.0,0.9,100.0,0.0,0.1,100.0,,,,0.0,0.4,100.0,0.0
2025-11-01,0.1,4.1,99.5,,,,,,,,,,0.0,0.4,100.0,0.0
2025-11-02,,,,,,,,,,,,,0.0,0.4,100.0,0.0
2025-11-03,0.1,5.8,99.1,,,,,,,,,,0.0,0.6,100.0,0.0
2025-11-04,,,,,,,,,,,,,0.0,0.6,100.0,0.0
2025-11-05,,,,,,,,,,,,,0.0,0.6,100.0,0.0
2025-11-06,,,,,,,,,,0.0,0.3,100.0,0.0,0.4,100.0,0.0
2025-11-07,0.1,4.9,99.5,,,,,,,,,,0.0,0.7,100.0,0.0
2025-11-08,,,,0.0,1.9,100.0,0.0,0.3,100.0,,,,0.0,0.7,100.0,0.0
2025-11-09,0.1,5.0,99.4,,,,,,,,,,0.0,0.8,100.0,0.0
2025-11-10,,,,0.0,2.0,99.7,,,,,,,0.0,0.6,100.0,0.0
2025-11-11,,,,,,,,,,,,,0.0,0.9,100.0,0.0
2025-11-12,,,,,,,,,,0.0,2.2,100.0,0.0,1.0,100.0,0.0
2025-11-13,0.1,5.5,99.5,0.0,4.1,100.0,,,,,,,0.0,1.1,100.0,0.0
2025-11-14,,,,,,,,,,,,,0.0,0.9,100.0,0.0
2025-11-15,0.1,4.0,99.0,,,,,,,,,,0.0,1.3,100.0,0.0
2025-11-16,,,,,,,,,,,,,0.0,1.8,100.0,0.0
2025-11-17,,,,,,,,,,,,,0.0,2.2,100.0,0.0
2025-11-18,,,,0.0,13.4,98.3,,,,0.0,8.1,100.0,0.0,2.2,100.0,0.0
2025-11-19,0.1,5.9,99.5,,,,,,,,,,0.0,3.2,100.0,0.0
2025-11-20,,,,,,,,,,,,,0.0,3.5,100.0,0.0
2025-11-21,0.0,3.3,99.6,,,,,,,,,,0.0,4.3,100.0,0.0
2025-11-22,,,,,,,,,,,,,0.0,5.3,100.0,0.0
2025-11-23,,,,5.3,34.1,100.0,,,,,,,0.0,7.3,100.0,0.0
2025-11-24,,,,,,,,,,,,,0.0,9.2,100.0,0.0
2025-11-25,0.1,7.0,99.5,,,,,,,,,,0.0,11.1,100.0,0.0
2025-11-26,,,,,,,,,,,,,0.0,12.8,100.0,0.0
2025-11-27,0.2,4.2,99.5,,,,,,,,,,0.0,17.2,100.0,0.0
2025-11-28,,,,47.7,44.0,100.0,,,,,,,0.0,18.3,100.0,0.0
2025-11-29,,,,,,,,,,,,,0.0,19.5,100.0,0.0
2025-11-30,,,,5.5,27.7,98.9,,,,,,,0.0,21.5,100.0,0.0
2025-12-01,0.2,6.2,99.4,,,,,,,0.4,15.1,100.0,0.1,22.3,100.0,0.1
2025-12-02,,,,,,,,,,,,,0.0,24.2,100.0,0.0
2025-12-03,0.4,4.3,99.7,,,,0.0,4.5,37.8,0.3,19.2,100.0,0.3,22.4,100.0,0.3
2025-12-04,,,,,,,,,,7.5,28.2,96.5,1.0,27.0,100.0,1.0
2025-12-05,,,,,,,,,,,,,1.2,27.6,100.0,1.2
2025-12-06,,,,,,,,,,,,,1.2,29.0,100.0,1.2
2025-12-07,0.4,5.8,99.5,,,,,,,,,,0.9,25.8,100.0,0.9
2025-12-08,,,,,,,,,,,,,1.3,28.1,100.0,1.3
2025-12-09,0.6,4.0,99.4,,,,,,,,,,0.4,22.5,100.0,0.4
2025-12-10,,,,,,,,,,,,,0.4,26.5,100.0,0.4
2025-12-11,,,,,,,,,,,,,0.3,25.6,100.0,0.3
2025-12-12,,,,,,,,,,,,,0.5,25.8,100.0,0.5
2025-12-13,0.6,4.7,99.6,4.1,14.4,40.2,,,,,,,0.4,22.5,100.0,0.4
2025-12-14,,,,,,,,,,11.3,29.5,100.0,0.3,23.3,100.0,0.3
2025-12-15,0.4,3.9,99.1,,,,,,,,,,0.3,22.7,100.0,0.3
2025-12-16,,,,,,,,,,,,,0.3,22.1,100.0,0.3
2025-12-17,,,,,,,,,,,,,0.4,20.0,100.0,0.4
2025-12-18,,,,,,,,,,18.2,32.1,100.0,0.3,20.8,100.0,0.3
2025-12-19,0.7,4.4,99.5,,,,,,,,,,0.6,22.2,100.0,0.6
2025-12-20,,,,0.0,3.2,96.8,,,,,,,0.4,21.9,100.0,0.4
2025-12-21,0.8,4.3,99.1,,,,,,,13.8,30.0,100.0,0.4,19.7,100.0,0.4
2025-12-22,,,,,,,,,,7.0,27.3,100.0,0.2,20.9,100.0,0.2
2025-12-23,,,,0.0,1.6,100.0,,,,,,,0.5,21.5,100.0,0.5
2025-12-24,,,,,,,,,,,,,0.2,24.1,100.0,0.2
2025-12-25,1.0,5.3,99.5,,,,,,,0.3,14.0,100.0,0.5,21.9,100.0,0.5
2025-12-26,,,,,,,0.4,9.3,97.1,0.2,13.8,100.0,0.4,25.4,100.0,0.4
2025-12-27,1.5,7.7,99.0,,,,1.3,12.1,62.2,0.1,11.1,100.0,2.1,27.1,100.0,2.1
2025-12-28,,,,19.8,26.1,100.0,,,,,,,9.7,37.1,100.0,9.7
2025-12-29,,,,,,,,,,,,,4.8,32.3,100.0,4.8
2025-12-30,,,,,,,,,,,,,9.1,39.0,100.0,9.1
2025-12-31,2.9,9.8,99.4,,,,,,,,,,17.1,43.3,100.0,17.1
2026-01-01,,,,,,,,,,,,,29.9,51.0,100.0,29.9
2026-01-02,8.2,15.1,98.4,,,,,,,,,,23.9,49.4,100.0,23.9
2026-01-03,,,,,,,52.9,46.7,100.0,,,,51.2,58.7,100.0,51.2
2026-01-04,,,,,,,92.8,80.3,41.6,,,,54.6,60.3,100.0,54.6
2026-01-05,,,,,,,,,,,,,93.6,71.0,100.0,93.6
2026-01-06,10.8,17.9,98.9,,,,,,,,,,91.3,70.7,100.0,91.3
2026-01-07,,,,75.4,71.2,66.2,,,,35.6,39.7,99.9,97.7,75.8,100.0,97.7
2026-01-08,25.9,28.4,98.5,,,,,,,,,,99.5,80.5,100.0,99.5
2026-01-09,,,,,,,,,,,,,100.0,86.2,100.0,100.0
2026-01-10,,,,,,,,,,,,,99.8,85.4,100.0,99.8
2026-01-11,,,,,,,100.0,100.0,100.0,,,,100.0,92.3,100.0,100.0
2026-01-12,39.4,35.2,98.9,,,,,,,83.7,66.2,100.0,100.0,93.2,100.0,100.0
2026-01-13,,,,,,,,,,90.2,71.9,100.0,100.0,95.1,100.0,100.0
2026-01-14,66.5,53.9,98.5,,,,,,,,,,100.0,95.2,100.0,100.0
2026-01-15,,,,,,,,,,,,,100.0,94.9,100.0,100.0
2026-01-16,,,,,,,,,,98.1,86.1,100.0,100.0,95.9,100.0,100.0
2026-01-17,,,,95.4,86.4,100.0,,,,,,,100.0,96.9,100.0,100.0
2026-01-18,78.3,64.5,98.8,,,,,,,99.5,91.7,100.0,100.0,96.7,100.0,100.0
2026-01-19,,,,,,,100.0,99.5,97.9,,,,100.0,97.0,100.0,100.0
2026-01-20,96.3,79.0,98.6,,,,99.9,95.8,94.3,100.0,97.0,100.0,100.0,97.4,100.0,100.0
2026-01-21,,,,,,,,,,,,,100.0,97.0,100.0,100.0
2026-01-22,,,,91.5,80.4,100.0,,,,,,,100.0,97.5,100.0,100.0
2026-01-23,,,,,,,,,,,,,100.0,96.9,100.0,100.0
2026-01-24,96.1,78.4,98.9,,,,,,,,,,100.0,97.4,100.0,100.0
2026-01-25,,,,,,,,,,,,,100.0,97.1,100.0,100.0
2026-01-26,98.7,86.2,98.7,,,,,,,100.0,98.3,100.0,100.0,97.3,100.0,100.0
2026-01-27,,,,78.7,73.8,100.0,100.0,99.4,95.5,,,,100.0,97.4,100.0,100.0
2026-01-28,,,,,,,,,,100.0,97.7,98.4,100.0,97.1,100.0,100.0
2026-01-29,,,,,,,,,,,,,100.0,96.9,100.0,100.0
2026-01-30,99.7,88.4,98.9,,,,,,,,,,100.0,97.3,100.0,100.0
2026-01-31,,,,,,,,,,100.0,98.1,100.0,100.0,96.3,100.0,100.0
2026-02-01,100.0,93.6,98.7,,,,,,,100.0,98.0,100.0,100.0,96.9,100.0,100.0
2026-02-02,,,,,,,,,,100.0,97.0,100.0,100.0,96.1,100.0,100.0
2026-02-03,,,,,,,,,,100.0,96.3,100.0,100.0,96.6,100.0,100.0
2026-02-04,,,,,,,,,,,,,100.0,95.5,100.0,100.0
2026-02-05,100.0,93.3,99.0,,,,,,,,,,100.0,96.0,100.0,100.0
2026-02-06,,,,,,,,,,,,,100.0,95.2,100.0,100.0
2026-02-07,99.9,94.0,98.7,,,,,,,,,,100.0,95.9,100.0,100.0
2026-02-08,,,,,,,,,,100.0,96.6,100.0,100.0,94.5,100.0,100.0
2026-02-09,,,,,,,,,,100.0,97.4,100.0,100.0,95.1,100.0,100.0
2026-02-10,,,,,,,,,,100.0,97.5,100.0,100.0,94.6,100.0,100.0
2026-02-11,100.0,91.6,98.9,,,,,,,,,,100.0,95.3,100.0,100.0
2026-02-12,,,,,,,100.0,100.0,32.5,,,,100.0,92.5,100.0,100.0
2026-02-13,99.9,93.9,98.5,,,,,,,100.0,96.6,100.0,100.0,92.9,100.0,100.0
2026-02-14,,,,,,,,,,,,,100.0,92.2,100.0,100.0
2026-02-15,,,,,,,,,,,,,100.0,92.2,100.0,100.0
2026-02-16,,,,,,,,,,,,,100.0,90.3,100.0,100.0
2026-02-17,99.9,91.5,98.8,,,,,,,,,,100.0,90.5,100.0,100.0
2026-02-18,,,,,,,,,,,,,100.0,90.1,100.0,100.0
2026-02-19,99.0,89.5,98.7,,,,,,,,,,100.0,91.4,100.0,100.0
2026-02-20,,,,,,,,,,,,,100.0,89.0,100.0,100.0
2026-02-21,,,,,,,,,,100.0,95.6,88.4,100.0,90.1,100.0,100.0
2026-02-22,,,,,,,,,,100.0,94.0,100.0,100.0,89.2,100.0,100.0
2026-02-23,93.7,79.0,99.0,,,,,,,,,,100.0,90.9,100.0,100.0
2026-02-24,,,,,,,,,,,,,99.6,88.2,100.0,99.6
2026-02-25,92.7,77.2,98.2,,,,,,,,,,99.5,89.9,100.0,99.5
2026-02-26,,,,,,,,,,100.0,92.6,100.0,98.9,88.6,100.0,98.9
2026-02-27,,,,,,,,,,100.0,89.6,100.0,98.5,88.4,100.0,98.5
2026-02-28,,,,,,,100.0,99.9,59.0,,,,97.6,87.2,100.0,97.6
2026-03-01,78.8,60.8,98.8,,,,,,,,,,97.8,86.9,100.0,97.8
2026-03-02,,,,,,,,,,,,,96.6,83.5,100.0,96.6
2026-03-03,55.2,47.7,98.7,64.3,67.3,61.3,,,,,,,96.4,84.1,100.0,96.4
2026-03-04,,,,,,,,,,98.1,79.9,98.1,94.6,79.0,100.0,94.6
2026-03-05,,,,,,,,,,,,,93.2,77.9,100.0,93.2
2026-03-06,,,,,,,,,,,,,91.8,75.3,100.0,91.8
2026-03-07,31.7,29.4,98.8,,,,,,,,,,89.5,73.4,100.0,89.5
2026-03-08,,,,30.1,33.6,100.0,100.0,94.2,100.0,,,,91.1,73.8,100.0,91.1
2026-03-09,,,,,,,,,,,,,79.2,66.8,100.0,79.2
2026-03-10,,,,0.0,14.9,100.0,,,,,,,74.2,63.7,100.0,74.2
2026-03-11,,,,,,,,,,,,,39.7,53.6,100.0,39.7
2026-03-12,,,,,,,,,,,,,20.4,47.9,100.0,20.4
2026-03-13,14.7,18.2,98.7,0.0,8.2,100.0,,,,68.4,55.8,100.0,4.3,37.8,100.0,4.3
2026-03-14,,,,,,,,,,,,,1.0,34.8,100.0,1.0
2026-03-15,5.1,11.1,98.5,,,,,,,,,,0.1,25.8,100.0,0.1
2026-03-16,,,,,,,4.4,19.1,90.7,,,,0.1,20.4,100.0,0.1
2026-03-17,,,,,,,,,,,,,0.0,16.2,100.0,0.0
2026-03-18,,,,,,,,,,,,,0.0,15.4,100.0,0.0
2026-03-19,1.7,5.6,98.9,,,,,,,,,,0.0,11.6,100.0,0.0
2026-03-20,,,,0.0,5.2,100.0,,,,69.3,56.2,45.1,0.0,11.5,100.0,0.0
2026-03-21,0.7,3.1,98.7,,,,,,,,,,0.0,10.7,100.0,0.0
2026-03-22,,,,,,,,,,,,,0.0,12.7,100.0,0.0
2026-03-23,,,,,,,,,,,,,0.0,10.4,100.0,0.0
2026-03-24,,,,,,,,,,,,,0.0,10.4,100.0,0.0
2026-03-25,0.6,1.9,98.8,,,,,,,,,,0.0,8.8,100.0,0.0
2026-03-26,,,,,,,,,,,,,0.0,10.9,100.0,0.0
2026-03-27,0.3,1.5,98.6,,,,,,,,,,0.0,8.9,100.0,0.0
2026-03-28,,,,0.0,4.6,83.6,,,,13.7,30.2,100.0,0.0,12.1,100.0,0.0
2026-03-29,,,,,,,,,,,,,0.0,10.1,100.0,0.0
2026-03-30,,,,,,,,,,,,,0.0,13.6,100.0,0.0
2026-03-31,0.3,1.0,99.0,,,,,,,,,,0.0,11.1,100.0,0.0
2026-04-01,,,,,,,,,,,,,0.0,11.9,100.0,0.0
2026-04-02,0.1,0.9,98.5,,,,,,,,,,0.0,8.2,100.0,0.0
2026-04-03,,,,,,,,,,,,,0.0,8.5,100.0,0.0
2026-04-04,,,,,,,,,,,,,0.0,6.8,100.0,0.0
2026-04-05,,,,,,,,,,0.1,7.6,83.3,0.0,6.8,100.0,0.0
2026-04-06,0.1,1.1,98.7,,,,,,,,,,0.0,4.8,100.0,0.0
2026-04-07,,,,0.0,1.4,100.0,,,,,,,0.0,5.5,100.0,0.0
2026-04-08,0.2,1.7,98.2,,,,,,,,,,0.0,4.3,100.0,0.0
2026-04-09,,,,0.0,0.9,100.0,3.1,4.5,100.0,0.0,2.0,100.0,0.0,3.8,100.0,0.0
2026-04-10,,,,,,,,,,,,,0.0,3.3,100.0,0.0
2026-04-11,,,,,,,,,,,,,0.0,3.5,100.0,0.0
2026-04-12,0.2,2.2,98.9,,,,,,,,,,0.0,3.0,100.0,0.0
2026-04-13,,,,,,,,,,,,,0.0,3.2,100.0,0.0
2026-04-14,0.4,4.2,99.2,,,,,,,,,,0.0,2.3,100.0,0.0
2026-04-15,,,,,,,,,,,,,0.0,2.6,100.0,0.0
2026-04-16,,,,,,,,,,,,,0.0,2.5,100.0,0.0
2026-04-17,,,,0.0,0.7,99.7,0.5,0.8,83.1,0.0,0.3,100.0,0.0,2.1,100.0,0.0
2026-04-18,1.5,4.5,99.3,,,,1.1,1.4,78.3,,,,0.0,1.8,100.0,0.0
2026-04-19,2.7,6.4,99.4,,,,,,,,,,0.0,1.9,100.0,0.0
2026-04-20,2.0,4.6,99.2,,,,,,,,,,0.0,2.3,100.0,0.0
2026-04-21,,,,,,,,,,,,,0.0,2.4,100.0,0.0
2026-04-22,,,,0.0,1.3,100.0,,,,,,,0.0,1.9,100.0,0.0
2026-04-23,,,,,,,,,,,,,0.0,1.7,100.0,0.0
2026-04-24,3.6,7.3,99.4,,,,,,,0.0,0.1,100.0,0.0,1.7,100.0,0.0
2026-04-25,,,,,,,0.4,0.5,100.0,0.0,0.1,100.0,0.0,1.5,100.0,0.0
2026-04-26,3.3,7.0,99.0,,,,0.2,0.4,100.0,0.0,0.1,100.0,0.0,1.2,100.0,0.0
2026-04-27,4.5,8.3,98.8,0.0,0.6,99.9,,,,0.0,0.1,100.0,0.0,1.0,100.0,0.0
2026-04-28,,,,,,,,,,,,,0.0,0.9,100.0,0.0
2026-04-29,,,,,,,,,,,,,0.0,0.9,100.0,0.0
2026-04-30,4.1,7.8,99.3,,,,,,,0.0,0.0,99.9,0.0,0.5,100.0,0.0
2026-05-01,4.0,8.4,99.4,,,,,,,,,,0.0,0.5,100.0,0.0
2026-05-02,4.0,7.9,98.7,0.0,0.3,100.0,,,,,,,0.0,0.3,100.0,0.0
2026-05-03,,,,,,,0.3,0.6,100.0,,,,0.0,0.3,100.0,0.0
2026-05-04,,,,,,,0.2,0.4,100.0,,,,0.0,0.2,100.0,0.0
2026-05-05,,,,,,,,,,,,,0.0,0.3,100.0,0.0
2026-05-06,4.5,10.6,99.3,,,,,,,,,,0.0,0.2,100.0,0.0
2026-05-07,,,,,,,,,,,,,0.0,0.2,100.0,0.0
2026-05-08,2.4,4.2,99.0,,,,,,,,,,0.0,0.1,100.0,0.0
2026-05-09,1.5,3.9,98.8,,,,,,,,,,0.0,0.1,100.0,0.0
2026-05-10,,,,,,,,,,,,,0.0,0.1,100.0,0.0
2026-05-11,,,,,,,,,,,,,0.0,0.2,100.0,0.0
2026-05-12,1.0,2.4,99.2,,,,,,,,,,0.0,0.4,100.0,0.0
2026-05-13,1.1,3.0,99.5,,,,,,,,,,0.0,0.6,100.0,0.0
2026-05-14,0.7,1.9,98.6,,,,,,,,,,0.0,0.5,100.0,0.0
2026-05-15,,,,,,,,,,,,,0.0,0.9,100.0,0.0
2026-05-16,,,,,,,,,,,,,0.0,1.7,100.0,0.0
2026-05-17,,,,,,,,,,,,,0.0,2.1,100.0,0.0
2026-05-18,1.0,2.3,99.4,,,,,,,,,,0.0,1.7,100.0,0.0
2026-05-19,,,,,,,,,,,,,0.0,1.4,100.0,0.0
2026-05-20,0.9,2.7,98.7,,,,,,,,,,0.0,2.2,100.0,0.0
2026-05-21,1.0,2.6,98.7,,,,,,,,,,0.0,2.2,100.0,0.0
2026-05-22,,,,0.0,0.4,100.0,,,,0.0,0.0,100.0,0.0,1.2,100.0,0.0
2026-05-23,,,,,,,,,,0.0,0.0,100.0,0.0,1.2,100.0,0.0
2026-05-24,1.7,4.5,99.3,,,,,,,0.0,0.0,92.9,0.0,1.7,100.0,0.0
2026-05-25,1.9,5.0,99.3,,,,,,,,,,0.0,1.6,100.0,0.0
2026-05-26,2.9,5.9,98.6,,,,,,,0.0,0.0,100.0,0.0,1.1,100.0,0.0
2026-05-27,,,,,,,,,,0.0,0.0,92.5,0.0,1.3,100.0,0.0
2026-05-28,,,,,,,0.1,0.2,68.8,,,,0.0,3.3,100.0,0.0
2026-05-29,,,,0.0,0.4,100.0,,,,,,,0.0,3.3,100.0,0.0
2026-05-30,5.8,9.0,99.3,,,,,,,,,,0.0,2.7,100.0,0.0
2026-05-31,,,,,,,,,,,,,0.0,4.9,100.0,0.0
2026-06-01,4.4,6.4,98.8,,,,,,,,,,,,,
2026-06-02,5.5,7.4,98.9,,,,,,,,,,,,,
2026-06-03,,,,,,,,,,,,,,,,
2026-06-04,,,,,,,,,,,,,,,,
2026-06-05,,,,,,,,,,,,,,,,
2026-06-06,5.1,7.0,99.5,0.0,0.5,42.1,,,,,,,,,,
2026-06-07,6.6,8.8,98.7,,,,,,,0.0,0.0,98.2,,,,
2026-06-08,,,,0.0,0.3,100.0,,,,0.0,0.0,100.0,,,,
2026-06-09,,,,,,,,,,,,,,,,
2026-06-10,,,,,,,,,,,,,,,,
2026-06-11,5.3,7.9,99.3,,,,,,,,,,,,,
2026-06-12,,,,,,,,,,,,,,,,
2026-06-13,,,,,,,,,,,,,,,,
2026-06-14,6.2,8.2,98.8,,,,,,,,,,,,,
2026-06-15,,,,,,,,,,0.0,0.0,52.5,,,,
2026-06-16,,,,,,,,,,0.0,0.0,96.5,,,,
2026-06-17,,,,,,,,,,,,,,,,
2026-06-18,5.8,8.6,99.1,0.0,0.8,77.5,,,,,,,,,,
2026-06-19,6.3,10.5,98.6,,,,,,,0.0,0.0,100.0,,,,
2026-06-20,,,,,,,0.0,0.0,91.0,,,,,,,
2026-06-21,,,,0.0,0.9,100.0,0.0,0.0,43.5,0.0,0.0,100.0,,,,
2026-06-22,,,,,,,,,,0.0,0.0,100.0,,,,
2026-06-23,6.1,12.9,99.0,,,,,,,,,,,,,
2026-06-24,,,,,,,,,,,,,,,,
2026-06-25,,,,,,,,,,,,,,,,
2026-06-26,4.6,15.7,98.7,0.0,0.7,100.0,,,,0.0,0.0,100.0,,,,
2026-06-27,,,,,,,,,,0.0,0.0,100.0,,,,
2026-06-28,,,,0.0,1.1,100.0,0.0,0.0,100.0,0.0,0.0,100.0,,,,
2026-06-29,,,,,,,,,,0.0,0.1,100.0,,,,
2026-06-30,4.4,18.7,99.5,,,,,,,,,,,,,
2026-07-01,,,,,,,,,,,,,,,,
2026-07-02,,,,,,,,,,,,,,,,
2026-07-03,,,,,,,,,,,,,,,,
2026-07-04,,,,,,,,,,,,,,,,
2026-07-05,,,,,,,,,,,,,,,,
2026-07-06,,,,,,,,,,,,,,,,
2026-07-07,,,,,,,,,,,,,,,,
2026-07-08,,,,,,,,,,,,,,,,
2026-07-09,,,,,,,,,,0.0,2.4,100.0,,,,
