date,s1_ice_cover,s1_ice_probability,s1_data_coverage,s2_ice_cover,s2_ice_probability,s2_data_coverage,landsat_ice_cover,landsat_ice_probability,landsat_data_coverage,ecostress_ice_cover,ecostress_ice_probability,ecostress_data_coverage,stage2_ice_cover,stage2_ice_probability,stage2_data_coverage,stage2_phenology_cover
2015-06-29,15.4,34.1,80.9,,,,,,,,,,0.0,11.4,100.0,0.0
2015-06-30,,,,,,,,,,,,,0.0,7.8,100.0,0.0
2015-07-01,,,,,,,,,,,,,0.0,6.4,100.0,0.0
2015-07-02,,,,,,,,,,,,,0.0,5.8,100.0,0.0
2015-07-03,0.2,21.9,62.7,,,,,,,,,,0.0,4.1,100.0,0.0
2015-07-04,23.8,32.9,80.8,0.0,0.7,100.0,,,,,,,0.0,3.7,100.0,0.0
2015-07-05,,,,,,,,,,,,,0.0,2.7,100.0,0.0
2015-07-06,,,,,,,,,,,,,0.0,2.3,100.0,0.0
2015-07-07,,,,,,,,,,,,,0.0,1.8,100.0,0.0
2015-07-08,,,,,,,,,,,,,0.0,1.6,100.0,0.0
2015-07-09,,,,,,,,,,,,,0.0,1.8,100.0,0.0
2015-07-10,,,,,,,,,,,,,0.0,2.0,100.0,0.0
2015-07-11,,,,,,,,,,,,,0.0,1.7,100.0,0.0
2015-07-12,,,,,,,,,,,,,0.0,1.9,100.0,0.0
2015-07-13,,,,,,,,,,,,,0.0,2.0,100.0,0.0
2015-07-14,,,,,,,,,,,,,0.0,2.2,100.0,0.0
2015-07-15,12.5,31.3,68.5,,,,,,,,,,0.0,1.7,100.0,0.0
2015-07-16,11.7,27.5,81.6,,,,,,,,,,0.0,1.4,100.0,0.0
2015-07-17,,,,,,,,,,,,,0.0,1.4,100.0,0.0
2015-07-18,,,,,,,,,,,,,0.0,1.5,100.0,0.0
2015-07-19,,,,,,,,,,,,,0.0,1.4,100.0,0.0
2015-07-20,,,,,,,,,,,,,0.0,1.3,100.0,0.0
2015-07-21,,,,,,,,,,,,,0.0,1.2,100.0,0.0
2015-07-22,,,,,,,,,,,,,0.0,1.5,100.0,0.0
2015-07-23,,,,,,,,,,,,,0.0,1.7,100.0,0.0
2015-07-24,,,,,,,,,,,,,0.0,1.9,100.0,0.0
2015-07-25,,,,,,,,,,,,,0.0,2.1,100.0,0.0
2015-07-26,,,,,,,,,,,,,0.0,1.9,100.0,0.0
2015-07-27,,,,,,,,,,,,,0.0,2.5,100.0,0.0
2015-07-28,13.7,19.8,80.9,,,,,,,,,,0.0,1.9,100.0,0.0
2015-07-29,,,,,,,,,,,,,0.0,1.8,100.0,0.0
2015-07-30,,,,,,,,,,,,,0.0,1.6,100.0,0.0
2015-07-31,,,,,,,,,,,,,0.0,1.9,100.0,0.0
2015-08-01,,,,,,,,,,,,,0.0,1.5,100.0,0.0
2015-08-02,,,,,,,,,,,,,0.0,1.4,100.0,0.0
2015-08-03,,,,0.0,0.1,100.0,,,,,,,0.0,1.0,100.0,0.0
2015-08-04,1.2,19.4,77.3,,,,,,,,,,0.0,1.1,100.0,0.0
2015-08-05,,,,,,,,,,,,,0.0,0.7,100.0,0.0
2015-08-06,,,,,,,,,,,,,0.0,0.5,100.0,0.0
2015-08-07,,,,,,,,,,,,,0.0,0.4,100.0,0.0
2015-08-08,0.2,12.6,72.2,,,,,,,,,,0.0,0.4,100.0,0.0
2015-08-09,,,,,,,0.0,0.4,99.7,,,,0.0,0.3,100.0,0.0
2015-08-10,,,,,,,,,,,,,0.0,0.3,100.0,0.0
2015-08-11,,,,,,,,,,,,,0.0,0.3,100.0,0.0
2015-08-12,,,,,,,,,,,,,0.0,0.3,100.0,0.0
2015-08-13,,,,0.0,0.1,100.0,,,,,,,0.0,0.3,100.0,0.0
2015-08-14,,,,,,,,,,,,,0.0,0.3,100.0,0.0
2015-08-15,,,,,,,,,,,,,0.0,0.3,100.0,0.0
2015-08-16,9.5,22.3,80.5,,,,,,,,,,0.0,0.3,100.0,0.0
2015-08-17,,,,,,,,,,,,,0.0,0.3,100.0,0.0
2015-08-18,,,,,,,,,,,,,0.0,0.4,100.0,0.0
2015-08-19,,,,,,,,,,,,,0.0,0.4,100.0,0.0
2015-08-20,0.0,5.2,69.2,,,,,,,,,,0.0,0.5,100.0,0.0
2015-08-21,,,,,,,,,,,,,0.0,0.7,100.0,0.0
2015-08-22,,,,,,,,,,,,,0.0,1.0,100.0,0.0
2015-08-23,,,,,,,,,,,,,0.0,0.9,100.0,0.0
2015-08-24,,,,,,,,,,,,,0.0,1.1,100.0,0.0
2015-08-25,,,,,,,,,,,,,0.0,1.3,100.0,0.0
2015-08-26,,,,,,,,,,,,,0.0,1.4,100.0,0.0
2015-08-27,,,,,,,,,,,,,0.0,1.0,100.0,0.0
2015-08-28,0.1,9.7,82.9,,,,,,,,,,0.0,1.0,100.0,0.0
2015-08-29,,,,,,,,,,,,,0.0,1.0,100.0,0.0
2015-08-30,,,,,,,,,,,,,0.0,1.1,100.0,0.0
2015-08-31,,,,,,,,,,,,,0.0,0.8,100.0,0.0
2015-09-01,0.3,7.2,67.9,,,,,,,,,,0.0,0.9,100.0,0.0
2015-09-02,,,,,,,,,,,,,0.0,0.9,100.0,0.0
2015-09-03,,,,,,,,,,,,,0.0,1.1,100.0,0.0
2015-09-04,,,,,,,,,,,,,0.0,1.0,100.0,0.0
2015-09-05,,,,,,,,,,,,,0.0,1.2,100.0,0.0
2015-09-06,,,,,,,,,,,,,0.0,1.2,100.0,0.0
2015-09-07,,,,,,,,,,,,,0.0,1.1,100.0,0.0
2015-09-08,,,,,,,,,,,,,0.0,1.1,100.0,0.0
2015-09-09,0.0,12.0,60.1,,,,,,,,,,0.0,1.1,100.0,0.0
2015-09-10,,,,,,,0.0,0.1,47.7,,,,0.0,1.1,100.0,0.0
2015-09-11,,,,,,,,,,,,,0.0,0.9,100.0,0.0
2015-09-12,,,,0.0,0.1,100.0,,,,,,,0.0,0.8,100.0,0.0
2015-09-13,0.0,10.1,50.0,,,,,,,,,,0.0,0.8,100.0,0.0
2015-09-14,,,,,,,,,,,,,0.0,0.8,100.0,0.0
2015-09-15,,,,,,,,,,,,,0.0,0.8,100.0,0.0
2015-09-16,,,,,,,,,,,,,0.0,0.7,100.0,0.0
2015-09-17,,,,,,,,,,,,,0.0,0.9,100.0,0.0
2015-09-18,,,,,,,,,,,,,0.0,0.8,100.0,0.0
2015-09-19,,,,,,,,,,,,,0.0,1.0,100.0,0.0
2015-09-20,,,,,,,,,,,,,0.0,1.1,100.0,0.0
2015-09-21,0.0,13.2,59.0,,,,,,,,,,0.0,1.6,100.0,0.0
2015-09-22,,,,,,,,,,,,,0.0,1.5,100.0,0.0
2015-09-23,,,,,,,,,,,,,0.0,1.9,100.0,0.0
2015-09-24,,,,,,,,,,,,,0.0,1.9,100.0,0.0
2015-09-25,,,,,,,,,,,,,0.0,2.8,100.0,0.0
2015-09-26,,,,,,,,,,,,,0.0,3.0,100.0,0.0
2015-09-27,,,,,,,,,,,,,0.0,3.9,100.0,0.0
2015-09-28,,,,,,,,,,,,,0.0,2.7,100.0,0.0
2015-09-29,,,,,,,,,,,,,0.0,3.5,100.0,0.0
2015-09-30,,,,,,,,,,,,,0.0,3.1,100.0,0.0
2015-10-01,,,,,,,,,,,,,0.0,3.7,100.0,0.0
2015-10-02,,,,,,,,,,,,,0.0,2.8,100.0,0.0
2015-10-03,0.4,13.9,57.9,,,,,,,,,,0.0,2.9,100.0,0.0
2015-10-04,,,,,,,,,,,,,0.0,2.3,100.0,0.0
2015-10-05,,,,,,,,,,,,,0.0,2.7,100.0,0.0
2015-10-06,,,,,,,,,,,,,0.0,1.6,100.0,0.0
2015-10-07,,,,,,,,,,,,,0.0,1.6,100.0,0.0
2015-10-08,,,,,,,,,,,,,0.0,1.3,100.0,0.0
2015-10-09,,,,,,,,,,,,,0.0,1.4,100.0,0.0
2015-10-10,,,,,,,,,,,,,0.0,1.3,100.0,0.0
2015-10-11,,,,,,,,,,,,,0.0,1.4,100.0,0.0
2015-10-12,,,,0.0,0.1,100.0,0.0,0.1,99.5,,,,0.0,1.3,100.0,0.0
2015-10-13,,,,,,,,,,,,,0.0,1.4,100.0,0.0
2015-10-14,,,,,,,,,,,,,0.0,1.4,100.0,0.0
2015-10-15,,,,,,,,,,,,,0.0,1.5,100.0,0.0
2015-10-16,,,,,,,,,,,,,0.0,2.0,100.0,0.0
2015-10-17,,,,,,,,,,,,,0.0,2.0,100.0,0.0
2015-10-18,,,,,,,,,,,,,0.0,2.3,100.0,0.0
2015-10-19,,,,,,,,,,,,,0.0,3.0,100.0,0.0
2015-10-20,,,,,,,,,,,,,0.0,4.2,100.0,0.0
2015-10-21,,,,,,,,,,,,,0.0,3.8,100.0,0.0
2015-10-22,,,,0.4,0.9,100.0,,,,,,,0.0,4.2,100.0,0.0
2015-10-23,,,,,,,,,,,,,0.0,4.1,100.0,0.0
2015-10-24,,,,,,,,,,,,,0.0,4.5,100.0,0.0
2015-10-25,,,,,,,,,,,,,0.0,4.2,100.0,0.0
2015-10-26,,,,,,,,,,,,,0.0,3.9,100.0,0.0
2015-10-27,1.1,16.3,61.3,,,,,,,,,,0.0,4.1,100.0,0.0
2015-10-28,,,,,,,,,,,,,0.0,5.9,100.0,0.0
2015-10-29,,,,,,,,,,,,,0.0,5.5,100.0,0.0
2015-10-30,,,,,,,,,,,,,0.0,4.1,100.0,0.0
2015-10-31,0.3,10.0,48.2,,,,,,,,,,0.0,3.8,100.0,0.0
2015-11-01,,,,,,,,,,,,,0.0,3.5,100.0,0.0
2015-11-02,,,,,,,,,,,,,0.0,3.3,100.0,0.0
2015-11-03,,,,,,,,,,,,,0.0,2.5,100.0,0.0
2015-11-04,,,,,,,,,,,,,0.0,2.5,100.0,0.0
2015-11-05,,,,,,,,,,,,,0.0,2.0,100.0,0.0
2015-11-06,,,,,,,,,,,,,0.0,2.0,100.0,0.0
2015-11-07,,,,,,,,,,,,,0.0,1.5,100.0,0.0
2015-11-08,,,,,,,,,,,,,0.0,1.6,100.0,0.0
2015-11-09,,,,,,,,,,,,,0.0,1.0,100.0,0.0
2015-11-10,,,,,,,,,,,,,0.0,1.1,100.0,0.0
2015-11-11,,,,,,,,,,,,,0.0,0.8,100.0,0.0
2015-11-12,0.3,12.2,51.5,,,,,,,,,,0.0,1.0,100.0,0.0
2015-11-13,,,,,,,0.0,0.1,94.5,,,,0.0,0.8,100.0,0.0
2015-11-14,,,,,,,,,,,,,0.0,1.1,100.0,0.0
2015-11-15,,,,,,,,,,,,,0.0,0.9,100.0,0.0
2015-11-16,,,,,,,,,,,,,0.0,1.2,100.0,0.0
2015-11-17,,,,,,,,,,,,,0.0,1.1,100.0,0.0
2015-11-18,,,,,,,,,,,,,0.0,1.3,100.0,0.0
2015-11-19,,,,,,,,,,,,,0.0,1.4,100.0,0.0
2015-11-20,1.2,11.6,59.9,,,,,,,,,,0.0,2.0,100.0,0.0
2015-11-21,,,,,,,,,,,,,0.0,2.9,100.0,0.0
2015-11-22,,,,,,,,,,,,,0.0,3.5,100.0,0.0
2015-11-23,,,,,,,,,,,,,0.0,4.3,100.0,0.0
2015-11-24,1.5,14.5,48.7,,,,,,,,,,0.0,5.1,100.0,0.0
2015-11-25,1.2,14.7,59.4,,,,,,,,,,0.0,7.3,100.0,0.0
2015-11-26,,,,,,,,,,,,,0.0,7.4,100.0,0.0
2015-11-27,,,,,,,,,,,,,0.0,8.1,100.0,0.0
2015-11-28,,,,,,,,,,,,,0.0,8.9,100.0,0.0
2015-11-29,,,,,,,,,,,,,0.0,15.2,100.0,0.0
2015-11-30,,,,,,,,,,,,,0.0,16.4,100.0,0.0
2015-12-01,,,,,,,,,,,,,0.0,21.4,100.0,0.0
2015-12-02,1.6,16.8,59.9,,,,,,,,,,0.0,24.1,100.0,0.0
2015-12-03,,,,,,,,,,,,,0.0,27.2,100.0,0.0
2015-12-04,,,,,,,,,,,,,0.0,27.5,100.0,0.0
2015-12-05,,,,,,,,,,,,,0.0,30.5,100.0,0.0
2015-12-06,4.4,19.9,46.9,,,,,,,,,,0.0,33.8,100.0,0.0
2015-12-07,0.3,14.1,59.0,,,,,,,,,,0.5,37.1,100.0,0.5
2015-12-08,,,,,,,,,,,,,0.0,34.8,100.0,0.0
2015-12-09,,,,,,,,,,,,,1.3,38.4,100.0,1.3
2015-12-10,,,,,,,,,,,,,1.9,41.2,100.0,1.9
2015-12-11,,,,0.1,1.5,96.6,,,,,,,10.8,45.8,100.0,10.8
2015-12-12,,,,,,,,,,,,,0.5,36.2,100.0,0.5
2015-12-13,,,,,,,,,,,,,0.1,32.6,100.0,0.1
2015-12-14,0.7,14.6,58.8,,,,,,,,,,0.1,32.4,100.0,0.1
2015-12-15,,,,,,,,,,,,,0.2,33.1,100.0,0.2
2015-12-16,,,,,,,,,,,,,0.1,26.4,100.0,0.1
2015-12-17,,,,,,,,,,,,,0.0,18.4,100.0,0.0
2015-12-18,1.5,18.5,47.2,,,,,,,,,,0.0,17.4,100.0,0.0
2015-12-19,3.0,20.2,59.2,,,,,,,,,,0.2,17.1,100.0,0.2
2015-12-20,,,,,,,,,,,,,0.1,14.6,100.0,0.1
2015-12-21,,,,,,,,,,,,,0.0,11.9,100.0,0.0
2015-12-22,,,,,,,,,,,,,0.1,12.1,100.0,0.1
2015-12-23,,,,,,,,,,,,,0.0,10.9,100.0,0.0
2015-12-24,,,,,,,,,,,,,0.0,11.9,100.0,0.0
2015-12-25,,,,,,,,,,,,,0.0,9.6,100.0,0.0
2015-12-26,0.5,15.6,59.5,,,,,,,,,,0.0,10.5,100.0,0.0
2015-12-27,,,,,,,,,,,,,0.0,9.1,100.0,0.0
2015-12-28,,,,,,,,,,,,,0.0,11.0,100.0,0.0
2015-12-29,,,,,,,,,,,,,0.0,10.6,100.0,0.0
2015-12-30,0.1,19.3,51.0,,,,,,,,,,0.0,12.9,100.0,0.0
2015-12-31,,,,1.9,10.5,99.9,0.1,1.7,99.8,,,,0.0,12.4,100.0,0.0
2016-01-01,,,,,,,,,,,,,0.0,9.1,100.0,0.0
2016-01-02,,,,,,,,,,,,,0.0,7.8,100.0,0.0
2016-01-03,,,,,,,,,,,,,0.0,8.6,100.0,0.0
2016-01-04,,,,,,,,,,,,,0.0,8.0,100.0,0.0
2016-01-05,,,,,,,,,,,,,0.0,7.8,100.0,0.0
2016-01-06,,,,,,,,,,,,,0.0,6.8,100.0,0.0
2016-01-07,6.1,22.0,79.6,,,,,,,,,,0.0,7.8,100.0,0.0
2016-01-08,,,,,,,,,,,,,0.0,8.7,100.0,0.0
2016-01-09,,,,,,,,,,,,,0.0,8.3,100.0,0.0
2016-01-10,,,,,,,,,,,,,0.0,8.3,100.0,0.0
2016-01-11,10.2,27.8,64.5,,,,,,,,,,0.0,8.5,100.0,0.0
2016-01-12,16.5,31.9,80.1,,,,,,,,,,0.0,10.0,100.0,0.0
2016-01-13,,,,,,,,,,,,,0.0,9.7,100.0,0.0
2016-01-14,,,,,,,,,,,,,0.0,12.7,100.0,0.0
2016-01-15,,,,,,,,,,,,,0.0,12.7,100.0,0.0
2016-01-16,,,,,,,,,,,,,0.0,21.1,100.0,0.0
2016-01-17,,,,,,,,,,,,,0.0,19.7,100.0,0.0
2016-01-18,,,,,,,,,,,,,0.0,28.2,100.0,0.0
2016-01-19,49.7,41.6,79.5,,,,,,,,,,0.0,25.4,100.0,0.0
2016-01-20,,,,,,,,,,,,,0.0,32.8,100.0,0.0
2016-01-21,,,,,,,,,,,,,0.0,28.8,100.0,0.0
2016-01-22,,,,,,,,,,,,,0.9,37.5,100.0,0.9
2016-01-23,74.3,49.2,62.6,,,,,,,,,,0.4,31.3,100.0,0.4
2016-01-24,49.8,44.9,79.4,,,,,,,,,,3.5,37.0,100.0,3.5
2016-01-25,,,,,,,,,,,,,2.3,30.8,100.0,2.3
2016-01-26,,,,,,,,,,,,,4.4,33.1,100.0,4.4
2016-01-27,,,,,,,,,,,,,1.4,27.4,100.0,1.4
2016-01-28,,,,,,,,,,,,,2.0,29.9,100.0,2.0
2016-01-29,,,,,,,,,,,,,1.3,25.9,100.0,1.3
2016-01-30,,,,43.3,38.0,99.8,,,,,,,0.7,24.0,100.0,0.7
2016-01-31,52.5,46.2,79.1,,,,,,,,,,0.2,20.7,100.0,0.2
2016-02-01,,,,,,,,,,,,,0.0,19.0,100.0,0.0
2016-02-02,,,,,,,,,,,,,0.0,17.7,100.0,0.0
2016-02-03,,,,,,,,,,,,,0.0,16.0,100.0,0.0
2016-02-04,74.8,51.1,64.7,,,,,,,,,,0.0,16.5,100.0,0.0
2016-02-05,39.6,43.6,82.9,,,,,,,,,,0.0,16.0,100.0,0.0
2016-02-06,,,,,,,,,,,,,0.0,16.3,100.0,0.0
2016-02-07,,,,,,,,,,,,,0.0,16.7,100.0,0.0
2016-02-08,,,,,,,,,,,,,0.0,17.9,100.0,0.0
2016-02-09,,,,,,,,,,,,,0.0,17.9,100.0,0.0
2016-02-10,,,,,,,,,,,,,0.0,20.2,100.0,0.0
2016-02-11,,,,,,,,,,,,,0.0,20.1,100.0,0.0
2016-02-12,68.1,52.7,44.6,,,,,,,,,,0.0,24.5,100.0,0.0
2016-02-13,,,,,,,,,,,,,0.0,23.4,100.0,0.0
2016-02-14,,,,,,,,,,,,,0.0,29.8,100.0,0.0
2016-02-15,,,,,,,,,,,,,0.0,25.8,100.0,0.0
2016-02-16,86.9,60.4,36.4,,,,,,,,,,0.0,34.6,100.0,0.0
2016-02-17,70.0,53.5,44.6,,,,,,,,,,0.0,27.8,100.0,0.0
2016-02-18,,,,,,,,,,,,,0.1,36.0,100.0,0.1
2016-02-19,,,,,,,,,,,,,0.2,31.0,100.0,0.2
2016-02-20,,,,,,,,,,,,,0.3,37.6,100.0,0.3
2016-02-21,,,,,,,,,,,,,0.2,31.7,100.0,0.2
2016-02-22,,,,,,,,,,,,,0.2,34.5,100.0,0.2
2016-02-23,,,,,,,,,,,,,0.1,29.8,100.0,0.1
2016-02-24,70.9,55.4,44.6,,,,,,,,,,0.3,31.9,100.0,0.3
2016-02-25,,,,,,,,,,,,,1.3,31.6,100.0,1.3
2016-02-26,,,,,,,,,,,,,0.8,31.2,100.0,0.8
2016-02-27,,,,,,,,,,,,,2.0,33.0,100.0,2.0
2016-02-28,85.2,61.8,33.9,,,,,,,,,,0.6,27.9,100.0,0.6
2016-02-29,65.0,53.9,44.1,,,,,,,,,,4.7,33.6,100.0,4.7
2016-03-01,,,,,,,,,,,,,1.6,30.7,100.0,1.6
2016-03-02,,,,,,,,,,,,,7.0,33.8,100.0,7.0
2016-03-03,,,,,,,,,,,,,1.7,28.2,100.0,1.7
2016-03-04,,,,,,,100.0,93.8,100.0,,,,13.0,36.2,100.0,13.0
2016-03-05,,,,,,,,,,,,,8.5,32.5,100.0,8.5
2016-03-06,,,,,,,,,,,,,17.1,36.3,100.0,17.1
2016-03-07,70.5,57.4,44.0,,,,,,,,,,11.0,32.9,100.0,11.0
2016-03-08,,,,,,,,,,,,,19.4,37.1,100.0,19.4
2016-03-09,,,,,,,,,,,,,19.9,36.7,100.0,19.9
2016-03-10,,,,52.9,50.4,100.0,,,,,,,30.4,41.7,100.0,30.4
2016-03-11,79.9,61.3,35.2,,,,,,,,,,21.9,37.7,100.0,21.9
2016-03-12,59.3,53.0,45.2,,,,,,,,,,30.6,42.1,100.0,30.6
2016-03-13,,,,,,,,,,,,,23.9,38.2,100.0,23.9
2016-03-14,,,,,,,,,,,,,35.3,42.7,100.0,35.3
2016-03-15,,,,,,,,,,,,,28.7,39.5,100.0,28.7
2016-03-16,,,,,,,,,,,,,43.6,45.1,100.0,43.6
2016-03-17,,,,,,,,,,,,,45.6,45.5,100.0,45.6
2016-03-18,,,,,,,,,,,,,48.9,48.8,100.0,48.9
2016-03-19,63.5,53.7,44.0,,,,,,,,,,47.8,48.4,100.0,47.8
2016-03-20,,,,52.7,51.5,100.0,97.7,84.6,99.7,,,,50.3,53.0,100.0,50.3
2016-03-21,,,,,,,,,,,,,49.3,51.3,100.0,49.3
2016-03-22,,,,,,,,,,,,,50.0,52.5,100.0,50.0
2016-03-23,67.0,54.8,37.7,,,,,,,,,,50.7,53.9,100.0,50.7
2016-03-24,54.3,46.4,43.9,,,,,,,,,,50.9,54.7,100.0,50.9
2016-03-25,,,,,,,,,,,,,52.8,55.9,100.0,52.8
2016-03-26,,,,,,,,,,,,,52.7,54.9,100.0,52.7
2016-03-27,,,,,,,,,,,,,56.9,57.4,100.0,56.9
2016-03-28,,,,,,,,,,,,,50.6,54.8,100.0,50.6
2016-03-29,,,,,,,,,,,,,49.9,55.6,100.0,49.9
2016-03-30,,,,,,,,,,,,,42.1,52.3,100.0,42.1
2016-03-31,48.8,42.3,44.6,,,,,,,,,,41.8,52.6,100.0,41.8
2016-04-01,,,,,,,,,,,,,35.7,47.9,100.0,35.7
2016-04-02,,,,,,,,,,,,,33.9,46.7,100.0,33.9
2016-04-03,,,,,,,,,,,,,34.0,44.7,100.0,34.0
2016-04-04,47.6,40.8,37.2,,,,,,,,,,22.6,39.5,100.0,22.6
2016-04-05,12.9,27.0,44.3,,,,,,,,,,12.3,37.0,100.0,12.3
2016-04-06,,,,,,,,,,,,,9.4,31.5,100.0,9.4
2016-04-07,,,,,,,,,,,,,15.5,34.9,100.0,15.5
2016-04-08,,,,,,,,,,,,,12.3,29.6,100.0,12.3
2016-04-09,,,,,,,,,,,,,27.5,36.1,100.0,27.5
2016-04-10,,,,,,,,,,,,,12.7,29.2,100.0,12.7
2016-04-11,,,,,,,,,,,,,30.4,37.6,100.0,30.4
2016-04-12,21.3,28.3,42.7,,,,,,,,,,14.2,30.1,100.0,14.2
2016-04-13,,,,,,,,,,,,,29.5,36.7,100.0,29.5
2016-04-14,,,,,,,,,,,,,11.8,26.9,100.0,11.8
2016-04-15,,,,,,,,,,,,,16.1,30.7,100.0,16.1
2016-04-16,3.3,23.5,26.3,,,,,,,,,,11.0,23.8,100.0,11.0
2016-04-17,1.8,16.9,42.6,,,,,,,,,,14.0,28.3,100.0,14.0
2016-04-18,,,,,,,,,,,,,11.1,23.3,100.0,11.1
2016-04-19,,,,59.9,59.0,43.8,,,,,,,12.0,25.5,100.0,12.0
2016-04-20,,,,,,,,,,,,,9.6,21.3,100.0,9.6
2016-04-21,,,,,,,0.6,3.2,45.3,,,,8.8,21.6,100.0,8.8
2016-04-22,,,,,,,,,,,,,7.2,19.2,100.0,7.2
2016-04-23,,,,,,,,,,,,,1.9,15.5,100.0,1.9
2016-04-24,0.4,12.3,42.7,,,,,,,,,,2.6,14.9,100.0,2.6
2016-04-25,,,,,,,,,,,,,1.1,14.1,100.0,1.1
2016-04-26,,,,,,,,,,,,,1.9,14.4,100.0,1.9
2016-04-27,,,,,,,,,,,,,1.2,13.2,100.0,1.2
2016-04-28,0.7,12.4,37.2,,,,,,,,,,3.4,15.2,100.0,3.4
2016-04-29,0.4,12.5,43.0,7.1,16.2,100.0,,,,,,,3.3,16.6,100.0,3.3
2016-04-30,,,,,,,0.2,2.1,55.1,,,,2.8,15.1,100.0,2.8
2016-05-01,,,,,,,,,,,,,2.2,14.1,100.0,2.2
2016-05-02,,,,,,,,,,,,,2.5,13.1,100.0,2.5
2016-05-03,,,,,,,,,,,,,2.9,15.0,100.0,2.9
2016-05-04,,,,,,,,,,,,,2.3,14.0,100.0,2.3
2016-05-05,,,,,,,,,,,,,2.8,14.9,100.0,2.8
2016-05-06,1.0,14.7,43.4,,,,,,,,,,2.8,15.3,100.0,2.8
2016-05-07,,,,,,,,,,,,,3.2,18.2,100.0,3.2
2016-05-08,,,,,,,,,,,,,1.8,17.0,100.0,1.8
2016-05-09,,,,0.3,4.8,100.0,,,,,,,2.1,16.7,100.0,2.1
2016-05-10,0.8,11.5,33.2,,,,,,,,,,0.5,13.5,100.0,0.5
2016-05-11,0.6,12.9,44.4,,,,,,,,,,0.3,13.2,100.0,0.3
2016-05-12,,,,,,,,,,,,,0.1,11.7,100.0,0.1
2016-05-13,,,,,,,,,,,,,0.1,12.3,100.0,0.1
2016-05-14,,,,,,,,,,,,,0.1,12.4,100.0,0.1
2016-05-15,,,,,,,,,,,,,0.1,13.9,100.0,0.1
2016-05-16,,,,,,,,,,,,,0.1,15.3,100.0,0.1
2016-05-17,,,,,,,,,,,,,0.1,20.5,100.0,0.1
2016-05-18,0.4,12.8,42.1,,,,,,,,,,0.3,19.8,100.0,0.3
2016-05-19,,,,,,,,,,,,,0.2,21.5,100.0,0.2
2016-05-20,,,,,,,,,,,,,0.0,20.4,100.0,0.0
2016-05-21,,,,,,,,,,,,,0.2,26.4,100.0,0.2
2016-05-22,0.5,14.3,33.8,,,,,,,,,,0.0,21.8,100.0,0.0
2016-05-23,0.0,9.4,42.0,,,,,,,,,,0.2,24.6,100.0,0.2
2016-05-24,,,,,,,,,,,,,0.0,22.5,100.0,0.0
2016-05-25,,,,,,,,,,,,,0.0,30.4,100.0,0.0
2016-05-26,,,,,,,,,,,,,0.0,24.6,100.0,0.0
2016-05-27,,,,,,,,,,,,,0.0,23.2,100.0,0.0
2016-05-28,,,,,,,,,,,,,0.0,20.7,100.0,0.0
2016-05-29,,,,,,,,,,,,,0.0,24.6,100.0,0.0
2016-05-30,0.0,8.3,42.7,,,,,,,,,,0.0,21.4,100.0,0.0
2016-05-31,,,,,,,,,,,,,0.0,18.7,100.0,0.0
2016-06-01,,,,,,,,,,,,,0.0,16.3,100.0,0.0
2016-06-02,,,,,,,,,,,,,0.0,17.4,100.0,0.0
2016-06-03,0.0,6.0,32.1,,,,,,,,,,0.0,15.3,100.0,0.0
2016-06-04,0.0,5.6,42.5,,,,,,,,,,0.0,11.3,100.0,0.0
2016-06-05,,,,,,,,,,,,,0.0,10.3,100.0,0.0
2016-06-06,,,,,,,,,,,,,0.0,10.8,100.0,0.0
2016-06-07,,,,,,,,,,,,,0.0,9.5,100.0,0.0
2016-06-08,,,,,,,,,,,,,0.0,8.6,100.0,0.0
2016-06-09,,,,,,,,,,,,,0.0,7.2,100.0,0.0
2016-06-10,,,,,,,,,,,,,0.0,5.5,100.0,0.0
2016-06-11,0.0,4.8,42.4,,,,,,,,,,0.0,4.9,100.0,0.0
2016-06-12,,,,,,,,,,,,,0.0,3.9,100.0,0.0
2016-06-13,,,,,,,,,,,,,0.0,3.6,100.0,0.0
2016-06-14,,,,,,,,,,,,,0.0,3.2,100.0,0.0
2016-06-15,0.0,4.3,33.6,,,,,,,,,,0.0,3.6,100.0,0.0
2016-06-16,,,,,,,,,,,,,0.0,3.3,100.0,0.0
2016-06-17,,,,,,,,,,,,,0.0,2.9,100.0,0.0
2016-06-18,,,,0.0,0.2,100.0,,,,,,,0.0,2.1,100.0,0.0
2016-06-19,,,,,,,,,,,,,0.0,2.4,100.0,0.0
2016-06-20,,,,,,,,,,,,,0.0,2.4,100.0,0.0
2016-06-21,,,,,,,,,,,,,0.0,2.0,100.0,0.0
2016-06-22,,,,,,,,,,,,,0.0,1.8,100.0,0.0
2016-06-23,,,,,,,,,,,,,0.0,2.1,100.0,0.0
2016-06-24,,,,,,,0.0,0.0,60.1,,,,0.0,2.3,100.0,0.0
2016-06-25,,,,,,,,,,,,,0.0,1.8,100.0,0.0
2016-06-26,,,,,,,,,,,,,0.0,1.5,100.0,0.0
2016-06-27,,,,,,,,,,,,,0.0,1.6,100.0,0.0
2016-06-28,0.0,3.8,44.0,,,,,,,,,,0.0,1.9,100.0,0.0
2016-06-29,,,,,,,,,,,,,0.0,1.6,100.0,0.0
2016-06-30,,,,,,,,,,,,,0.0,1.5,100.0,0.0
2016-07-01,,,,,,,,,,,,,0.0,1.8,100.0,0.0
2016-07-02,,,,,,,,,,,,,0.0,1.8,100.0,0.0
2016-07-03,,,,,,,,,,,,,0.0,1.4,100.0,0.0
2016-07-04,,,,,,,,,,,,,0.0,0.8,100.0,0.0
2016-07-05,,,,,,,,,,,,,0.0,0.9,100.0,0.0
2016-07-06,,,,,,,,,,,,,0.0,0.7,100.0,0.0
2016-07-07,,,,,,,,,,,,,0.0,0.4,100.0,0.0
2016-07-08,,,,0.0,0.0,100.0,,,,,,,0.0,0.3,100.0,0.0
2016-07-09,0.0,3.0,37.0,,,,,,,,,,0.0,0.4,100.0,0.0
2016-07-10,,,,,,,0.0,0.0,97.0,,,,0.0,0.3,100.0,0.0
2016-07-11,,,,,,,,,,,,,0.0,0.3,100.0,0.0
2016-07-12,,,,,,,,,,,,,0.0,0.2,100.0,0.0
2016-07-13,,,,,,,,,,,,,0.0,0.2,100.0,0.0
2016-07-14,,,,,,,,,,,,,0.0,0.2,100.0,0.0
2016-07-15,,,,,,,,,,,,,0.0,0.2,100.0,0.0
2016-07-16,,,,,,,,,,,,,0.0,0.2,100.0,0.0
2016-07-17,0.0,2.6,43.6,,,,,,,,,,0.0,0.3,100.0,0.0
2016-07-18,,,,,,,,,,,,,0.0,0.6,100.0,0.0
2016-07-19,,,,,,,,,,,,,0.0,0.6,100.0,0.0
2016-07-20,,,,,,,,,,,,,0.0,0.6,100.0,0.0
2016-07-21,,,,,,,,,,,,,0.0,0.6,100.0,0.0
2016-07-22,0.0,2.8,44.8,,,,,,,,,,0.0,0.6,100.0,0.0
2016-07-23,,,,,,,,,,,,,0.0,0.6,100.0,0.0
2016-07-24,,,,,,,,,,,,,0.0,0.4,100.0,0.0
2016-07-25,,,,,,,,,,,,,0.0,0.4,100.0,0.0
2016-07-26,,,,,,,0.0,0.0,65.9,,,,0.0,0.6,100.0,0.0
2016-07-27,,,,,,,,,,,,,0.0,0.7,100.0,0.0
2016-07-28,,,,,,,,,,,,,0.0,0.5,100.0,0.0
2016-07-29,,,,,,,,,,,,,0.0,0.5,100.0,0.0
2016-07-30,,,,,,,,,,,,,0.0,0.4,100.0,0.0
2016-07-31,,,,,,,,,,,,,0.0,0.5,100.0,0.0
2016-08-01,,,,,,,,,,,,,0.0,0.4,100.0,0.0
2016-08-02,0.0,1.6,33.4,,,,,,,,,,0.0,0.4,100.0,0.0
2016-08-03,,,,,,,,,,,,,0.0,0.4,100.0,0.0
2016-08-04,,,,,,,,,,,,,0.0,0.5,100.0,0.0
2016-08-05,,,,,,,,,,,,,0.0,0.4,100.0,0.0
2016-08-06,,,,,,,,,,,,,0.0,0.5,100.0,0.0
2016-08-07,,,,0.0,0.0,100.0,,,,,,,0.0,0.4,100.0,0.0
2016-08-08,,,,,,,,,,,,,0.0,0.5,100.0,0.0
2016-08-09,,,,,,,,,,,,,0.0,0.4,100.0,0.0
2016-08-10,0.0,1.4,42.8,,,,,,,,,,0.0,0.4,100.0,0.0
2016-08-11,,,,,,,,,,,,,0.0,0.6,100.0,0.0
2016-08-12,,,,,,,,,,,,,0.0,0.7,100.0,0.0
2016-08-13,,,,,,,,,,,,,0.0,0.4,100.0,0.0
2016-08-14,0.0,1.6,37.6,,,,,,,,,,0.0,0.4,100.0,0.0
2016-08-15,0.0,1.8,44.7,,,,,,,,,,0.0,0.5,100.0,0.0
2016-08-16,,,,,,,,,,,,,0.0,0.6,100.0,0.0
2016-08-17,,,,,,,,,,,,,0.0,0.5,100.0,0.0
2016-08-18,,,,,,,,,,,,,0.0,0.5,100.0,0.0
2016-08-19,,,,,,,,,,,,,0.0,0.5,100.0,0.0
2016-08-20,,,,,,,,,,,,,0.0,0.6,100.0,0.0
2016-08-21,,,,,,,,,,,,,0.0,0.3,100.0,0.0
2016-08-22,0.0,1.7,44.1,,,,,,,,,,0.0,0.3,100.0,0.0
2016-08-23,,,,,,,,,,,,,0.0,0.2,100.0,0.0
2016-08-24,,,,,,,,,,,,,0.0,0.2,100.0,0.0
2016-08-25,,,,,,,,,,,,,0.0,0.1,100.0,0.0
2016-08-26,0.0,1.9,35.9,,,,,,,,,,0.0,0.1,100.0,0.0
2016-08-27,,,,0.0,0.1,100.0,0.0,0.0,99.8,,,,0.0,0.1,100.0,0.0
2016-08-28,,,,,,,,,,,,,0.0,0.1,100.0,0.0
2016-08-29,,,,,,,,,,,,,0.0,0.1,100.0,0.0
2016-08-30,,,,,,,,,,,,,0.0,0.1,100.0,0.0
2016-08-31,,,,,,,,,,,,,0.0,0.1,100.0,0.0
2016-09-01,,,,,,,,,,,,,0.0,0.1,100.0,0.0
2016-09-02,,,,,,,,,,,,,0.0,0.1,100.0,0.0
2016-09-03,0.0,3.0,44.0,,,,,,,,,,0.0,0.1,100.0,0.0
2016-09-04,,,,,,,,,,,,,0.0,0.2,100.0,0.0
2016-09-05,,,,,,,,,,,,,0.0,0.2,100.0,0.0
2016-09-06,,,,,,,,,,,,,0.0,0.2,100.0,0.0
2016-09-07,0.0,3.5,34.7,,,,,,,,,,0.0,0.2,100.0,0.0
2016-09-08,0.0,4.1,44.4,,,,,,,,,,0.0,0.2,100.0,0.0
2016-09-09,,,,,,,,,,,,,0.0,0.2,100.0,0.0
2016-09-10,,,,,,,,,,,,,0.0,0.3,100.0,0.0
2016-09-11,,,,,,,,,,,,,0.0,0.2,100.0,0.0
2016-09-12,,,,,,,0.0,0.0,75.8,,,,0.0,0.4,100.0,0.0
2016-09-13,,,,,,,,,,,,,0.0,0.3,100.0,0.0
2016-09-14,,,,,,,,,,,,,0.0,0.4,100.0,0.0
2016-09-15,0.0,5.0,44.0,,,,,,,,,,0.0,0.4,100.0,0.0
2016-09-16,,,,,,,,,,,,,0.0,0.5,100.0,0.0
2016-09-17,,,,,,,,,,,,,0.0,0.5,100.0,0.0
2016-09-18,,,,,,,,,,,,,0.0,0.7,100.0,0.0
2016-09-19,0.0,7.3,34.2,,,,,,,,,,0.0,0.8,100.0,0.0
2016-09-20,0.0,6.4,43.8,,,,,,,,,,0.0,1.1,100.0,0.0
2016-09-21,,,,,,,,,,,,,0.0,1.1,100.0,0.0
2016-09-22,,,,,,,,,,,,,0.0,1.2,100.0,0.0
2016-09-23,,,,,,,,,,,,,0.0,1.4,100.0,0.0
2016-09-24,,,,,,,,,,,,,0.0,1.6,100.0,0.0
2016-09-25,,,,,,,,,,,,,0.0,1.5,100.0,0.0
2016-09-26,0.0,5.5,44.3,0.0,0.1,97.5,,,,,,,0.0,1.3,100.0,0.0
2016-09-27,0.0,6.2,44.3,,,,,,,,,,0.0,1.4,100.0,0.0
2016-09-28,,,,,,,,,,,,,0.0,1.9,100.0,0.0
2016-09-29,,,,,,,,,,,,,0.0,1.7,100.0,0.0
2016-09-30,,,,,,,,,,,,,0.0,1.6,100.0,0.0
2016-10-01,0.0,5.3,37.8,,,,,,,,,,0.0,1.9,100.0,0.0
2016-10-02,0.0,6.6,43.7,,,,,,,,,,0.0,2.3,100.0,0.0
2016-10-03,,,,,,,,,,,,,0.0,2.4,100.0,0.0
2016-10-04,,,,,,,,,,,,,0.0,3.4,100.0,0.0
2016-10-05,,,,,,,,,,,,,0.0,4.5,100.0,0.0
2016-10-06,,,,,,,,,,,,,0.0,5.3,100.0,0.0
2016-10-07,0.0,3.6,36.8,,,,,,,,,,0.0,5.5,100.0,0.0
2016-10-08,,,,,,,,,,,,,0.0,5.9,100.0,0.0
2016-10-09,0.0,6.6,43.7,,,,,,,,,,0.0,6.7,100.0,0.0
2016-10-10,,,,,,,,,,,,,0.0,6.5,100.0,0.0
2016-10-11,,,,,,,,,,,,,0.0,6.0,100.0,0.0
2016-10-12,,,,,,,,,,,,,0.0,5.5,100.0,0.0
2016-10-13,0.0,6.3,35.9,,,,,,,,,,0.0,6.2,100.0,0.0
2016-10-14,0.0,15.9,79.3,,,,,,,,,,0.0,6.1,100.0,0.0
2016-10-15,,,,,,,,,,,,,0.0,5.5,100.0,0.0
2016-10-16,,,,0.4,0.9,100.0,,,,,,,0.0,4.6,100.0,0.0
2016-10-17,,,,,,,,,,,,,0.0,4.3,100.0,0.0
2016-10-18,,,,,,,,,,,,,0.0,4.5,100.0,0.0
2016-10-19,0.0,9.0,61.5,,,,,,,,,,0.0,4.3,100.0,0.0
2016-10-20,,,,,,,,,,,,,0.0,4.5,100.0,0.0
2016-10-21,0.1,14.3,78.7,,,,,,,,,,0.0,4.7,100.0,0.0
2016-10-22,,,,,,,,,,,,,0.0,5.3,100.0,0.0
2016-10-23,,,,,,,,,,,,,0.0,5.1,100.0,0.0
2016-10-24,,,,,,,,,,,,,0.0,5.7,100.0,0.0
2016-10-25,0.1,12.9,59.5,,,,,,,,,,0.0,4.9,100.0,0.0
2016-10-26,0.9,15.8,78.4,,,,,,,,,,0.0,4.9,100.0,0.0
2016-10-27,,,,,,,,,,,,,0.0,4.8,100.0,0.0
2016-10-28,,,,,,,,,,,,,0.0,4.9,100.0,0.0
2016-10-29,,,,,,,,,,,,,0.0,4.9,100.0,0.0
2016-10-30,,,,,,,,,,,,,0.0,4.8,100.0,0.0
2016-10-31,0.0,7.5,58.5,,,,,,,,,,0.0,5.1,100.0,0.0
2016-11-01,,,,,,,,,,,,,0.0,4.4,100.0,0.0
2016-11-02,0.0,9.9,76.6,,,,,,,,,,0.0,4.7,100.0,0.0
2016-11-03,,,,,,,,,,,,,0.0,3.9,100.0,0.0
2016-11-04,,,,,,,,,,,,,0.0,4.7,100.0,0.0
2016-11-05,,,,,,,,,,,,,0.0,4.4,100.0,0.0
2016-11-06,0.0,6.8,56.9,,,,,,,,,,0.0,5.1,100.0,0.0
2016-11-07,0.0,8.1,78.4,,,,,,,,,,0.0,4.6,100.0,0.0
2016-11-08,,,,,,,,,,,,,0.0,5.6,100.0,0.0
2016-11-09,,,,,,,,,,,,,0.0,4.8,100.0,0.0
2016-11-10,,,,,,,,,,,,,0.0,5.2,100.0,0.0
2016-11-11,,,,,,,,,,,,,0.0,4.3,100.0,0.0
2016-11-12,0.0,3.7,56.9,,,,,,,,,,0.0,4.3,100.0,0.0
2016-11-13,,,,,,,,,,,,,0.0,3.9,100.0,0.0
2016-11-14,0.0,4.2,75.6,,,,,,,,,,0.0,4.4,100.0,0.0
2016-11-15,,,,4.0,10.1,100.0,0.3,2.0,100.0,,,,0.0,4.7,100.0,0.0
2016-11-16,,,,,,,,,,,,,0.0,4.4,100.0,0.0
2016-11-17,,,,,,,,,,,,,0.0,4.2,100.0,0.0
2016-11-18,0.0,3.3,61.5,,,,,,,,,,0.0,3.9,100.0,0.0
2016-11-19,0.0,4.7,80.4,,,,,,,,,,0.0,4.5,100.0,0.0
2016-11-20,,,,,,,,,,,,,0.0,4.0,100.0,0.0
2016-11-21,,,,,,,,,,,,,0.0,4.2,100.0,0.0
2016-11-22,,,,,,,,,,,,,0.0,4.2,100.0,0.0
2016-11-23,,,,,,,,,,,,,0.0,5.9,100.0,0.0
2016-11-24,0.0,2.3,55.7,,,,,,,,,,0.0,6.1,100.0,0.0
2016-11-25,,,,,,,,,,,,,0.0,7.6,100.0,0.0
2016-11-26,0.0,3.8,75.8,,,,,,,,,,0.0,8.3,100.0,0.0
2016-11-27,,,,,,,,,,,,,0.0,10.4,100.0,0.0
2016-11-28,,,,,,,,,,,,,0.0,11.5,100.0,0.0
2016-11-29,,,,,,,,,,,,,0.0,14.4,100.0,0.0
2016-11-30,0.0,4.5,67.5,,,,,,,,,,0.0,16.0,100.0,0.0
2016-12-01,0.2,5.6,82.7,,,,,,,,,,0.0,22.8,100.0,0.0
2016-12-02,,,,,,,,,,,,,0.0,22.7,100.0,0.0
2016-12-03,,,,,,,,,,,,,0.0,26.1,100.0,0.0
2016-12-04,,,,,,,,,,,,,0.1,27.8,100.0,0.1
2016-12-05,,,,0.5,2.9,100.0,,,,,,,10.0,34.2,100.0,10.0
2016-12-06,0.5,4.8,70.6,,,,,,,,,,7.1,31.1,100.0,7.1
2016-12-07,,,,,,,,,,,,,8.6,31.4,100.0,8.6
2016-12-08,1.0,8.6,80.6,,,,,,,,,,9.4,30.9,100.0,9.4
2016-12-09,,,,,,,,,,,,,12.6,35.9,100.0,12.6
2016-12-10,,,,,,,,,,,,,9.4,31.7,100.0,9.4
2016-12-11,,,,,,,,,,,,,8.5,30.2,100.0,8.5
2016-12-12,1.0,9.9,63.0,,,,,,,,,,8.4,29.4,100.0,8.4
2016-12-13,7.2,15.8,78.3,,,,,,,,,,10.1,33.6,100.0,10.1
2016-12-14,,,,,,,,,,,,,9.9,31.6,100.0,9.9
2016-12-15,,,,8.5,13.3,100.0,,,,,,,10.6,31.7,100.0,10.6
2016-12-16,,,,,,,,,,,,,7.3,31.2,100.0,7.3
2016-12-17,,,,,,,0.1,12.4,75.2,,,,9.0,33.8,100.0,9.0
2016-12-18,0.4,10.6,65.3,,,,,,,,,,11.7,34.7,100.0,11.7
2016-12-19,,,,,,,,,,,,,7.3,31.8,100.0,7.3
2016-12-20,6.1,17.0,80.6,,,,,,,,,,8.1,31.8,100.0,8.1
2016-12-21,,,,,,,,,,,,,7.6,31.6,100.0,7.6
2016-12-22,,,,,,,,,,,,,9.1,32.6,100.0,9.1
2016-12-23,,,,,,,,,,,,,7.9,31.3,100.0,7.9
2016-12-24,3.0,15.6,63.5,,,,,,,,,,9.8,34.1,100.0,9.8
2016-12-25,8.7,21.0,78.8,,,,,,,,,,7.8,30.5,100.0,7.8
2016-12-26,,,,,,,,,,,,,8.5,30.7,100.0,8.5
2016-12-27,,,,,,,,,,,,,6.4,28.9,100.0,6.4
2016-12-28,,,,,,,,,,,,,4.7,29.8,100.0,4.7
2016-12-29,,,,,,,,,,,,,2.8,28.6,100.0,2.8
2016-12-30,15.0,21.7,62.3,,,,,,,,,,0.3,28.9,100.0,0.3
2016-12-31,,,,,,,,,,,,,3.2,30.2,100.0,3.2
2017-01-01,31.9,39.7,74.4,,,,,,,,,,0.0,19.0,100.0,0.0
2017-01-02,,,,,,,47.6,44.4,97.2,,,,0.0,21.3,100.0,0.0
2017-01-03,,,,,,,,,,,,,0.0,18.0,100.0,0.0
2017-01-04,,,,,,,,,,,,,0.0,21.1,100.0,0.0
2017-01-05,57.0,48.5,59.9,,,,,,,,,,0.0,17.8,100.0,0.0
2017-01-06,47.7,44.9,73.4,,,,,,,,,,0.0,21.8,100.0,0.0
2017-01-07,,,,,,,,,,,,,0.0,20.8,100.0,0.0
2017-01-08,,,,,,,,,,,,,0.2,26.1,100.0,0.2
2017-01-09,,,,,,,,,,,,,0.2,24.9,100.0,0.2
2017-01-10,,,,,,,,,,,,,0.5,35.5,100.0,0.5
2017-01-11,57.1,44.9,63.8,,,,,,,,,,0.6,35.0,100.0,0.6
2017-01-12,,,,,,,,,,,,,6.3,42.6,100.0,6.3
2017-01-13,55.4,47.5,70.7,,,,,,,,,,8.2,42.5,100.0,8.2
2017-01-14,,,,,,,,,,,,,44.7,51.7,100.0,44.7
2017-01-15,,,,,,,,,,,,,47.1,54.8,100.0,47.1
2017-01-16,,,,,,,,,,,,,53.6,60.7,100.0,53.6
2017-01-17,,,,,,,,,,,,,57.3,63.5,100.0,57.3
2017-01-18,60.4,48.0,71.8,,,,100.0,96.7,100.0,,,,74.5,74.6,100.0,74.5
2017-01-19,,,,,,,,,,,,,68.1,73.5,100.0,68.1
2017-01-20,,,,,,,,,,,,,75.2,76.5,100.0,75.2
2017-01-21,,,,,,,,,,,,,74.8,77.2,100.0,74.8
2017-01-22,,,,,,,,,,,,,80.6,78.9,100.0,80.6
2017-01-23,39.5,40.7,61.2,,,,,,,,,,79.2,79.1,100.0,79.2
2017-01-24,,,,55.2,52.0,100.0,,,,,,,81.1,80.2,100.0,81.1
2017-01-25,26.8,35.6,74.6,,,,,,,,,,80.9,80.4,100.0,80.9
2017-01-26,,,,,,,,,,,,,78.2,79.6,100.0,78.2
2017-01-27,,,,,,,,,,,,,73.5,77.4,100.0,73.5
2017-01-28,,,,,,,,,,,,,73.1,77.1,100.0,73.1
2017-01-29,41.0,41.3,62.9,,,,,,,,,,70.0,75.5,100.0,70.0
2017-01-30,29.5,38.5,74.5,,,,,,,,,,70.6,75.2,100.0,70.6
2017-01-31,,,,,,,,,,,,,67.7,71.9,100.0,67.7
2017-02-01,,,,,,,,,,,,,70.0,72.7,100.0,70.0
2017-02-02,,,,,,,,,,,,,68.2,70.3,100.0,68.2
2017-02-03,,,,,,,,,,,,,67.4,67.3,100.0,67.4
2017-02-04,32.8,38.1,61.6,,,,,,,,,,64.3,63.8,100.0,64.3
2017-02-05,,,,,,,,,,,,,64.7,65.5,100.0,64.7
2017-02-06,16.4,30.5,69.8,,,,,,,,,,60.9,62.1,100.0,60.9
2017-02-07,,,,,,,,,,,,,60.7,62.6,100.0,60.7
2017-02-08,,,,,,,,,,,,,58.9,61.5,100.0,58.9
2017-02-09,,,,,,,,,,,,,59.8,63.2,100.0,59.8
2017-02-10,34.2,39.2,64.6,,,,,,,,,,59.2,62.5,100.0,59.2
2017-02-11,31.0,38.8,72.6,,,,,,,,,,61.1,64.8,100.0,61.1
2017-02-12,,,,,,,,,,,,,59.1,62.8,100.0,59.1
2017-02-13,,,,56.2,58.1,100.0,,,,,,,59.4,64.8,100.0,59.4
2017-02-14,,,,,,,,,,,,,57.1,62.1,100.0,57.1
2017-02-15,,,,,,,,,,,,,58.5,63.3,100.0,58.5
2017-02-16,30.6,37.4,58.9,,,,,,,,,,56.3,61.7,100.0,56.3
2017-02-17,,,,,,,,,,,,,57.5,63.4,100.0,57.5
2017-02-18,17.2,31.0,70.5,,,,,,,,,,55.9,61.6,100.0,55.9
2017-02-19,,,,,,,100.0,95.7,85.0,,,,58.3,64.2,100.0,58.3
2017-02-20,,,,,,,,,,,,,54.5,61.1,100.0,54.5
2017-02-21,,,,,,,,,,,,,56.7,63.2,100.0,56.7
2017-02-22,33.2,38.9,65.7,,,,,,,,,,53.5,60.3,100.0,53.5
2017-02-23,23.8,34.6,73.9,46.1,43.7,100.0,,,,,,,53.3,60.5,100.0,53.3
2017-02-24,,,,,,,,,,,,,50.4,56.4,100.0,50.4
2017-02-25,,,,,,,,,,,,,50.6,56.8,100.0,50.6
2017-02-26,,,,,,,,,,,,,48.4,54.5,100.0,48.4
2017-02-27,,,,,,,,,,,,,46.6,52.4,100.0,46.6
2017-02-28,26.1,35.7,60.5,,,,,,,,,,44.0,49.2,100.0,44.0
2017-03-01,,,,,,,,,,,,,43.3,47.4,100.0,43.3
2017-03-02,17.3,29.2,73.7,,,,,,,,,,43.7,47.0,100.0,43.7
2017-03-03,,,,,,,,,,,,,40.1,45.0,100.0,40.1
2017-03-04,,,,,,,,,,,,,38.0,45.2,100.0,38.0
2017-03-05,,,,,,,,,,,,,36.4,45.6,100.0,36.4
2017-03-06,20.9,31.0,62.1,,,,,,,,,,45.0,47.7,100.0,45.0
2017-03-07,35.3,37.6,66.5,,,,,,,,,,35.6,46.0,100.0,35.6
2017-03-08,14.7,25.6,72.7,,,,,,,,,,38.0,45.9,100.0,38.0
2017-03-09,,,,,,,,,,,,,42.5,48.7,100.0,42.5
2017-03-10,,,,,,,,,,,,,45.9,48.3,100.0,45.9
2017-03-11,,,,,,,,,,,,,50.6,52.1,100.0,50.6
2017-03-12,17.5,26.7,65.0,,,,,,,,,,49.5,51.6,100.0,49.5
2017-03-13,,,,,,,,,,,,,55.4,57.2,100.0,55.4
2017-03-14,3.7,18.9,75.2,,,,,,,,,,53.9,56.2,100.0,53.9
2017-03-15,,,,,,,,,,,,,55.9,58.9,100.0,55.9
2017-03-16,,,,,,,,,,,,,49.5,53.4,100.0,49.5
2017-03-17,,,,,,,,,,,,,48.5,53.4,100.0,48.5
2017-03-18,18.9,25.6,71.0,,,,,,,,,,46.7,49.7,100.0,46.7
2017-03-19,5.1,18.8,75.4,,,,,,,,,,46.4,50.3,100.0,46.4
2017-03-20,2.5,15.9,73.3,,,,,,,,,,45.8,47.4,100.0,45.8
2017-03-21,,,,,,,,,,,,,45.1,47.4,100.0,45.1
2017-03-22,,,,,,,,,,,,,44.8,46.0,100.0,44.8
2017-03-23,,,,,,,,,,,,,45.0,47.7,100.0,45.0
2017-03-24,0.2,13.7,67.2,,,,,,,,,,43.5,44.7,100.0,43.5
2017-03-25,,,,40.0,35.6,100.0,,,,,,,43.2,43.5,100.0,43.2
2017-03-26,0.4,11.7,73.6,,,,,,,,,,41.3,38.9,100.0,41.3
2017-03-27,,,,,,,,,,,,,39.2,37.7,100.0,39.2
2017-03-28,,,,,,,,,,,,,35.0,35.1,100.0,35.0
2017-03-29,,,,,,,,,,,,,31.4,33.3,100.0,31.4
2017-03-30,0.9,11.1,69.0,,,,,,,,,,23.8,29.9,100.0,23.8
2017-03-31,0.9,9.7,74.6,,,,,,,,,,16.8,26.9,100.0,16.8
2017-04-01,0.0,7.6,62.8,,,,,,,,,,7.9,21.2,100.0,7.9
2017-04-02,,,,,,,,,,,,,3.5,17.8,100.0,3.5
2017-04-03,,,,,,,,,,,,,0.5,11.9,100.0,0.5
2017-04-04,,,,,,,,,,,,,0.5,10.7,100.0,0.5
2017-04-05,0.0,7.3,55.4,,,,,,,,,,0.3,8.3,100.0,0.3
2017-04-06,,,,,,,,,,,,,0.4,9.1,100.0,0.4
2017-04-07,0.2,4.1,61.6,,,,,,,,,,0.1,7.3,100.0,0.1
2017-04-08,,,,,,,,,,,,,0.3,8.1,100.0,0.3
2017-04-09,,,,1.1,3.2,100.0,,,,,,,0.1,5.1,100.0,0.1
2017-04-10,,,,,,,,,,,,,0.1,5.4,100.0,0.1
2017-04-11,0.0,4.3,52.7,,,,,,,,,,0.0,3.7,100.0,0.0
2017-04-12,0.3,3.9,62.8,,,,,,,,,,0.0,4.9,100.0,0.0
2017-04-13,,,,,,,,,,,,,0.0,3.5,100.0,0.0
2017-04-14,,,,0.0,0.8,88.3,,,,,,,0.0,3.8,100.0,0.0
2017-04-15,,,,,,,,,,,,,0.0,2.7,100.0,0.0
2017-04-16,,,,,,,,,,,,,0.0,3.3,100.0,0.0
2017-04-17,0.0,3.8,56.2,,,,,,,,,,0.0,2.4,100.0,0.0
2017-04-18,,,,,,,,,,,,,0.0,2.7,100.0,0.0
2017-04-19,0.0,2.8,61.6,,,,,,,,,,0.0,2.0,100.0,0.0
2017-04-20,,,,,,,,,,,,,0.0,2.8,100.0,0.0
2017-04-21,,,,,,,,,,,,,0.0,2.6,100.0,0.0
2017-04-22,,,,,,,,,,,,,0.0,3.3,100.0,0.0
2017-04-23,0.0,2.2,57.2,,,,,,,,,,0.0,2.4,100.0,0.0
2017-04-24,0.2,3.2,66.1,0.0,0.2,100.0,,,,,,,0.0,2.7,100.0,0.0
2017-04-25,0.2,2.8,63.6,,,,,,,,,,0.0,2.4,100.0,0.0
2017-04-26,,,,,,,,,,,,,0.0,2.6,100.0,0.0
2017-04-27,,,,,,,,,,,,,0.0,1.9,100.0,0.0
2017-04-28,,,,,,,,,,,,,0.0,2.4,100.0,0.0
2017-04-29,0.0,2.8,57.7,,,,,,,,,,0.0,2.4,100.0,0.0
2017-04-30,,,,,,,,,,,,,0.0,3.0,100.0,0.0
2017-05-01,0.3,3.0,63.9,,,,,,,,,,0.0,2.8,100.0,0.0
2017-05-02,,,,,,,,,,,,,0.0,5.3,100.0,0.0
2017-05-03,,,,,,,,,,,,,0.0,5.0,100.0,0.0
2017-05-04,,,,,,,,,,,,,0.0,6.5,100.0,0.0
2017-05-05,0.0,2.6,57.8,,,,,,,,,,0.0,5.2,100.0,0.0
2017-05-06,0.2,3.6,66.1,,,,,,,,,,0.0,8.4,100.0,0.0
2017-05-07,0.2,3.3,62.7,,,,,,,,,,0.0,7.3,100.0,0.0
2017-05-08,,,,,,,,,,,,,0.1,11.0,100.0,0.1
2017-05-09,,,,,,,,,,,,,0.1,10.6,100.0,0.1
2017-05-10,,,,,,,,,,,,,0.3,19.6,100.0,0.3
2017-05-11,0.0,3.0,56.5,,,,,,,,,,0.2,16.4,100.0,0.2
2017-05-12,,,,,,,,,,,,,0.4,18.7,100.0,0.4
2017-05-13,0.3,3.9,62.8,,,,,,,,,,0.2,15.2,100.0,0.2
2017-05-14,,,,,,,,,,,,,0.3,19.9,100.0,0.3
2017-05-15,,,,,,,,,,,,,0.2,15.7,100.0,0.2
2017-05-16,,,,,,,,,,,,,0.2,17.6,100.0,0.2
2017-05-17,0.0,3.5,54.4,,,,,,,,,,0.1,14.3,100.0,0.1
2017-05-18,0.3,5.1,63.6,,,,,,,,,,0.0,16.8,100.0,0.0
2017-05-19,0.3,5.8,61.8,,,,,,,,,,0.0,14.5,100.0,0.0
2017-05-20,,,,,,,,,,,,,0.0,10.2,100.0,0.0
2017-05-21,,,,,,,,,,,,,0.0,6.9,100.0,0.0
2017-05-22,,,,,,,,,,,,,0.0,6.9,100.0,0.0
2017-05-23,0.0,7.0,54.8,,,,,,,,,,0.0,5.2,100.0,0.0
2017-05-24,,,,,,,,,,,,,0.0,4.4,100.0,0.0
2017-05-25,0.3,5.7,63.5,,,,,,,,,,0.0,3.6,100.0,0.0
2017-05-26,,,,,,,0.2,1.7,61.2,,,,0.0,3.8,100.0,0.0
2017-05-27,,,,,,,,,,,,,0.0,3.4,100.0,0.0
2017-05-28,,,,,,,,,,,,,0.0,2.3,100.0,0.0
2017-05-29,0.0,4.6,51.7,,,,,,,,,,0.0,1.8,100.0,0.0
2017-05-30,0.2,4.9,61.1,,,,,,,,,,0.0,1.8,100.0,0.0
2017-05-31,0.2,4.5,61.9,,,,,,,,,,0.0,1.7,100.0,0.0
2017-06-01,,,,,,,,,,,,,0.0,1.7,100.0,0.0
2017-06-02,,,,,,,,,,,,,0.0,1.4,100.0,0.0
2017-06-03,,,,0.0,0.0,100.0,,,,,,,0.0,1.7,100.0,0.0
2017-06-04,0.0,4.8,56.2,,,,,,,,,,0.0,1.9,100.0,0.0
2017-06-05,,,,,,,,,,,,,0.0,1.8,100.0,0.0
2017-06-06,0.2,3.0,61.9,,,,,,,,,,0.0,1.5,100.0,0.0
2017-06-07,,,,,,,,,,,,,0.0,1.7,100.0,0.0
2017-06-08,,,,,,,,,,,,,0.0,1.4,100.0,0.0
2017-06-09,,,,,,,,,,,,,0.0,1.2,100.0,0.0
2017-06-10,0.0,2.4,53.1,,,,,,,,,,0.0,1.2,100.0,0.0
2017-06-11,0.0,2.6,63.2,,,,0.0,0.2,82.7,,,,0.0,1.3,100.0,0.0
2017-06-12,0.0,1.8,61.4,,,,,,,,,,0.0,1.1,100.0,0.0
2017-06-13,,,,0.0,0.0,99.8,,,,,,,0.0,0.9,100.0,0.0
2017-06-14,,,,,,,,,,,,,0.0,1.1,100.0,0.0
2017-06-15,,,,,,,,,,,,,0.0,1.3,100.0,0.0
2017-06-16,0.0,1.7,52.0,,,,,,,,,,0.0,1.1,100.0,0.0
2017-06-17,,,,,,,,,,,,,0.0,1.0,100.0,0.0
2017-06-18,0.0,1.2,60.6,,,,,,,,,,0.0,1.3,100.0,0.0
2017-06-19,,,,,,,,,,,,,0.0,1.5,100.0,0.0
2017-06-20,,,,,,,,,,,,,0.0,1.5,100.0,0.0
2017-06-21,,,,,,,,,,,,,0.0,1.6,100.0,0.0
2017-06-22,0.0,1.4,55.4,,,,,,,,,,0.0,2.1,100.0,0.0
2017-06-23,0.0,1.4,64.8,,,,,,,,,,0.0,2.1,100.0,0.0
2017-06-24,0.0,1.3,63.1,,,,,,,,,,0.0,1.9,100.0,0.0
2017-06-25,,,,,,,,,,,,,0.0,1.7,100.0,0.0
2017-06-26,,,,,,,,,,,,,0.0,2.1,100.0,0.0
2017-06-27,,,,,,,,,,,,,0.0,2.8,100.0,0.0
2017-06-28,0.0,1.5,55.5,,,,,,,,,,0.0,2.6,100.0,0.0
2017-06-29,,,,,,,,,,,,,0.0,3.6,100.0,0.0
2017-06-30,0.0,1.1,60.1,,,,,,,,,,0.0,3.9,100.0,0.0
2017-07-01,,,,,,,,,,,,,0.0,3.9,100.0,0.0
2017-07-02,,,,,,,,,,,,,0.0,3.9,100.0,0.0
2017-07-03,,,,,,,,,,,,,0.0,4.1,100.0,0.0
2017-07-04,0.0,0.9,51.7,,,,,,,,,,0.0,2.9,100.0,0.0
2017-07-05,0.0,0.8,61.9,,,,,,,,,,0.0,2.8,100.0,0.0
2017-07-06,0.0,0.7,62.2,,,,,,,,,,0.0,2.8,100.0,0.0
2017-07-07,,,,,,,,,,,,,0.0,2.6,100.0,0.0
2017-07-08,,,,,,,,,,,,,0.0,2.3,100.0,0.0
2017-07-09,,,,,,,,,,,,,0.0,2.2,100.0,0.0
2017-07-10,0.0,0.7,51.6,,,,,,,,,,0.0,1.9,100.0,0.0
2017-07-11,,,,,,,,,,,,,0.0,2.1,100.0,0.0
2017-07-12,0.0,0.5,60.6,,,,,,,,,,0.0,1.7,100.0,0.0
2017-07-13,,,,,,,,,,,,,0.0,2.1,100.0,0.0
2017-07-14,,,,,,,,,,,,,0.0,2.1,100.0,0.0
2017-07-15,,,,,,,,,,,,,0.0,1.6,100.0,0.0
2017-07-16,0.0,0.9,57.1,,,,,,,,,,0.0,1.3,100.0,0.0
2017-07-17,0.0,0.9,64.7,,,,,,,,,,0.0,1.3,100.0,0.0
2017-07-18,0.0,0.8,62.6,0.0,0.0,81.4,,,,,,,0.0,1.0,100.0,0.0
2017-07-19,,,,,,,,,,,,,0.0,0.9,100.0,0.0
2017-07-20,,,,,,,,,,,,,0.0,0.7,100.0,0.0
2017-07-21,,,,,,,,,,,,,0.0,0.7,100.0,0.0
2017-07-22,0.0,0.9,57.1,,,,,,,,,,0.0,0.5,100.0,0.0
2017-07-23,,,,0.0,0.0,45.1,,,,,,,0.0,0.3,100.0,0.0
2017-07-24,0.0,1.3,60.0,,,,,,,,,,0.0,0.3,100.0,0.0
2017-07-25,,,,,,,,,,,,,0.0,0.3,100.0,0.0
2017-07-26,,,,,,,,,,,,,0.0,0.2,100.0,0.0
2017-07-27,,,,,,,,,,,,,0.0,0.2,100.0,0.0
2017-07-28,0.0,0.9,54.2,,,,,,,,,,0.0,0.2,100.0,0.0
2017-07-29,0.0,1.4,63.5,,,,0.0,0.0,99.2,,,,0.0,0.2,100.0,0.0
2017-07-30,0.0,1.3,61.2,,,,,,,,,,0.0,0.1,100.0,0.0
2017-07-31,,,,,,,,,,,,,0.0,0.2,100.0,0.0
2017-08-01,,,,,,,,,,,,,0.0,0.2,100.0,0.0
2017-08-02,,,,0.0,0.0,35.6,,,,,,,0.0,0.2,100.0,0.0
2017-08-03,0.0,1.4,55.3,,,,,,,,,,0.0,0.2,100.0,0.0
2017-08-04,,,,,,,,,,,,,0.0,0.2,100.0,0.0
2017-08-05,0.0,1.5,65.5,,,,,,,,,,0.0,0.2,100.0,0.0
2017-08-06,,,,,,,,,,,,,0.0,0.2,100.0,0.0
2017-08-07,,,,0.0,0.0,100.0,,,,,,,0.0,0.2,100.0,0.0
2017-08-08,,,,,,,,,,,,,0.0,0.2,100.0,0.0
2017-08-09,0.0,1.1,53.5,,,,,,,,,,0.0,0.3,100.0,0.0
2017-08-10,0.0,1.1,61.9,,,,,,,,,,0.0,0.2,100.0,0.0
2017-08-11,0.0,0.7,62.1,,,,,,,,,,0.0,0.2,100.0,0.0
2017-08-12,,,,,,,,,,,,,0.0,0.2,100.0,0.0
2017-08-13,,,,,,,,,,,,,0.0,0.2,100.0,0.0
2017-08-14,,,,,,,0.0,0.0,49.4,,,,0.0,0.3,100.0,0.0
2017-08-15,0.0,0.9,52.3,,,,,,,,,,0.0,0.4,100.0,0.0
2017-08-16,,,,,,,,,,,,,0.0,0.3,100.0,0.0
2017-08-17,0.0,0.7,65.2,,,,,,,,,,0.0,0.3,100.0,0.0
2017-08-18,,,,,,,,,,,,,0.0,0.3,100.0,0.0
2017-08-19,,,,,,,,,,,,,0.0,0.3,100.0,0.0
2017-08-20,,,,,,,,,,,,,0.0,0.4,100.0,0.0
2017-08-21,0.0,1.0,56.7,,,,,,,,,,0.0,0.4,100.0,0.0
2017-08-22,0.2,0.7,63.8,0.0,0.1,58.4,,,,,,,0.0,0.4,100.0,0.0
2017-08-23,0.0,1.5,72.1,,,,,,,,,,0.0,0.3,100.0,0.0
2017-08-24,,,,,,,,,,,,,0.0,0.2,100.0,0.0
2017-08-25,,,,,,,,,,,,,0.0,0.2,100.0,0.0
2017-08-26,,,,,,,,,,,,,0.0,0.1,100.0,0.0
2017-08-27,0.0,1.1,63.8,0.0,0.1,96.8,,,,,,,0.0,0.1,100.0,0.0
2017-08-28,,,,,,,,,,,,,0.0,0.1,100.0,0.0
2017-08-29,0.0,1.1,72.1,,,,,,,,,,0.0,0.1,100.0,0.0
2017-08-30,,,,,,,0.0,0.0,100.0,,,,0.0,0.0,100.0,0.0
2017-08-31,,,,,,,,,,,,,0.0,0.0,100.0,0.0
2017-09-01,,,,,,,,,,,,,0.0,0.0,100.0,0.0
2017-09-02,0.0,1.5,64.6,,,,,,,,,,0.0,0.0,100.0,0.0
2017-09-03,0.0,1.4,72.5,,,,,,,,,,0.0,0.1,100.0,0.0
2017-09-04,0.0,1.0,73.6,,,,,,,,,,0.0,0.1,100.0,0.0
2017-09-05,,,,,,,,,,,,,0.0,0.1,100.0,0.0
2017-09-06,,,,,,,,,,,,,0.0,0.2,100.0,0.0
2017-09-07,,,,,,,,,,,,,0.0,0.3,100.0,0.0
2017-09-08,0.0,1.5,61.2,,,,,,,,,,0.0,0.3,100.0,0.0
2017-09-09,,,,,,,,,,,,,0.0,0.3,100.0,0.0
2017-09-10,0.0,1.0,67.8,,,,,,,,,,0.0,0.4,100.0,0.0
2017-09-11,,,,,,,,,,,,,0.0,0.5,100.0,0.0
2017-09-12,,,,,,,,,,,,,0.0,0.6,100.0,0.0
2017-09-13,,,,,,,,,,,,,0.0,0.8,100.0,0.0
2017-09-14,0.0,1.0,60.0,,,,,,,,,,0.0,1.0,100.0,0.0
2017-09-15,0.0,0.8,72.0,,,,,,,,,,0.0,1.8,100.0,0.0
2017-09-16,0.0,0.5,70.9,,,,,,,,,,0.0,2.0,100.0,0.0
2017-09-17,,,,,,,,,,,,,0.0,2.1,100.0,0.0
2017-09-18,,,,,,,,,,,,,0.0,2.3,100.0,0.0
2017-09-19,,,,,,,,,,,,,0.0,2.7,100.0,0.0
2017-09-20,0.0,0.7,61.5,,,,,,,,,,0.0,2.4,100.0,0.0
2017-09-21,,,,,,,,,,,,,0.0,2.4,100.0,0.0
2017-09-22,0.0,0.6,73.1,,,,,,,,,,0.0,2.4,100.0,0.0
2017-09-23,,,,,,,,,,,,,0.0,3.1,100.0,0.0
2017-09-24,,,,,,,,,,,,,0.0,3.2,100.0,0.0
2017-09-25,,,,,,,,,,,,,0.0,3.2,100.0,0.0
2017-09-26,0.0,0.8,62.6,0.0,0.1,100.0,,,,,,,0.0,2.7,100.0,0.0
2017-09-27,0.0,1.1,74.5,,,,,,,,,,0.0,3.1,100.0,0.0
2017-09-28,0.0,0.9,74.2,,,,,,,,,,0.0,3.2,100.0,0.0
2017-09-29,,,,,,,,,,,,,0.0,3.1,100.0,0.0
2017-09-30,,,,,,,,,,,,,0.0,2.8,100.0,0.0
2017-10-01,,,,,,,,,,,,,0.0,3.3,100.0,0.0
2017-10-02,0.0,1.4,63.5,,,,,,,,,,0.0,3.4,100.0,0.0
2017-10-03,,,,,,,,,,,,,0.0,2.6,100.0,0.0
2017-10-04,0.0,1.0,71.6,,,,,,,,,,0.0,3.0,100.0,0.0
2017-10-05,,,,,,,,,,,,,0.0,3.1,100.0,0.0
2017-10-06,,,,,,,,,,,,,0.0,3.0,100.0,0.0
2017-10-07,,,,,,,,,,,,,0.0,2.7,100.0,0.0
2017-10-08,0.0,1.0,61.9,,,,,,,,,,0.0,2.5,100.0,0.0
2017-10-09,0.0,0.9,71.4,,,,,,,,,,0.0,2.6,100.0,0.0
2017-10-10,0.0,0.8,71.5,,,,,,,,,,0.0,2.4,100.0,0.0
2017-10-11,,,,0.0,0.3,100.0,,,,,,,0.0,1.8,100.0,0.0
2017-10-12,,,,,,,,,,,,,0.0,1.6,100.0,0.0
2017-10-13,,,,,,,,,,,,,0.0,1.7,100.0,0.0
2017-10-14,0.0,0.9,59.3,,,,,,,,,,0.0,1.4,100.0,0.0
2017-10-15,,,,,,,,,,,,,0.0,1.3,100.0,0.0
2017-10-16,0.0,0.8,69.3,0.6,0.7,100.0,,,,,,,0.0,1.1,100.0,0.0
2017-10-17,,,,,,,0.0,0.0,86.5,,,,0.0,1.2,100.0,0.0
2017-10-18,,,,,,,,,,,,,0.0,1.1,100.0,0.0
2017-10-19,,,,,,,,,,,,,0.0,1.2,100.0,0.0
2017-10-20,0.0,0.7,62.7,,,,,,,,,,0.0,1.1,100.0,0.0
2017-10-21,0.0,0.7,73.1,,,,,,,,,,0.0,1.5,100.0,0.0
2017-10-22,0.0,0.6,70.6,,,,,,,,,,0.0,1.7,100.0,0.0
2017-10-23,,,,,,,,,,,,,0.0,2.2,100.0,0.0
2017-10-24,,,,,,,,,,,,,0.0,2.6,100.0,0.0
2017-10-25,,,,,,,,,,,,,0.0,3.5,100.0,0.0
2017-10-26,0.0,0.8,60.6,0.0,0.7,100.0,,,,,,,0.0,3.2,100.0,0.0
2017-10-27,,,,,,,,,,,,,0.0,3.4,100.0,0.0
2017-10-28,0.0,0.9,71.4,,,,,,,,,,0.0,3.9,100.0,0.0
2017-10-29,,,,,,,,,,,,,0.0,4.4,100.0,0.0
2017-10-30,,,,,,,,,,,,,0.0,4.3,100.0,0.0
2017-10-31,,,,0.0,0.8,99.9,,,,,,,0.0,4.4,100.0,0.0
2017-11-01,0.0,1.2,62.3,,,,,,,,,,0.0,4.8,100.0,0.0
2017-11-02,0.0,2.0,72.1,,,,,,,,,,0.0,7.0,100.0,0.0
2017-11-03,0.0,3.4,73.0,,,,,,,,,,0.0,6.7,100.0,0.0
2017-11-04,,,,,,,,,,,,,0.0,5.4,100.0,0.0
2017-11-05,,,,,,,,,,,,,0.0,4.9,100.0,0.0
2017-11-06,,,,,,,,,,,,,0.0,5.9,100.0,0.0
2017-11-07,0.0,2.8,60.9,,,,,,,,,,0.0,5.3,100.0,0.0
2017-11-08,,,,,,,,,,,,,0.0,6.6,100.0,0.0
2017-11-09,0.0,4.0,71.0,,,,,,,,,,0.0,5.5,100.0,0.0
2017-11-10,,,,,,,,,,,,,0.0,6.5,100.0,0.0
2017-11-11,,,,,,,,,,,,,0.0,5.4,100.0,0.0
2017-11-12,,,,,,,,,,,,,0.0,5.2,100.0,0.0
2017-11-13,0.0,4.2,62.7,,,,,,,,,,0.0,4.4,100.0,0.0
2017-11-14,0.0,4.7,72.4,,,,,,,,,,0.0,4.6,100.0,0.0
2017-11-15,0.0,4.3,71.6,3.4,4.8,100.0,,,,,,,0.0,3.2,100.0,0.0
2017-11-16,,,,,,,,,,,,,0.0,3.5,100.0,0.0
2017-11-17,,,,,,,,,,,,,0.0,3.2,100.0,0.0
2017-11-18,,,,,,,0.0,0.4,100.0,,,,0.0,3.5,100.0,0.0
2017-11-19,,,,,,,,,,,,,0.0,2.8,100.0,0.0
2017-11-20,,,,,,,,,,,,,0.0,2.8,100.0,0.0
2017-11-21,0.0,4.6,72.7,,,,,,,,,,0.0,2.3,100.0,0.0
2017-11-22,,,,,,,,,,,,,0.0,2.6,100.0,0.0
2017-11-23,,,,,,,,,,,,,0.0,2.6,100.0,0.0
2017-11-24,,,,,,,,,,,,,0.0,2.9,100.0,0.0
2017-11-25,0.0,3.7,63.4,,,,,,,,,,0.0,2.9,100.0,0.0
2017-11-26,0.0,4.3,71.7,,,,,,,,,,0.0,4.1,100.0,0.0
2017-11-27,0.0,3.2,71.9,,,,,,,,,,0.0,4.2,100.0,0.0
2017-11-28,,,,,,,,,,,,,0.0,5.0,100.0,0.0
2017-11-29,,,,,,,,,,,,,0.0,5.0,100.0,0.0
2017-11-30,,,,,,,,,,,,,0.0,6.1,100.0,0.0
2017-12-01,0.0,3.5,60.1,,,,,,,,,,0.0,7.5,100.0,0.0
2017-12-02,,,,,,,,,,,,,0.0,8.8,100.0,0.0
2017-12-03,0.0,2.5,69.5,,,,,,,,,,0.0,9.4,100.0,0.0
2017-12-04,,,,,,,,,,,,,0.0,12.7,100.0,0.0
2017-12-05,,,,,,,,,,,,,0.0,13.3,100.0,0.0
2017-12-06,,,,,,,,,,,,,0.0,13.4,100.0,0.0
2017-12-07,0.0,2.9,62.4,,,,,,,,,,0.0,13.4,100.0,0.0
2017-12-08,0.0,2.6,72.9,,,,,,,,,,0.0,12.9,100.0,0.0
2017-12-09,0.0,2.4,71.5,,,,,,,,,,0.0,14.6,100.0,0.0
2017-12-10,,,,,,,,,,,,,0.0,14.4,100.0,0.0
2017-12-11,,,,,,,,,,,,,0.0,13.9,100.0,0.0
2017-12-12,,,,,,,,,,,,,0.0,13.5,100.0,0.0
2017-12-13,0.0,3.2,66.0,,,,,,,,,,0.0,15.2,100.0,0.0
2017-12-14,,,,,,,,,,,,,0.0,16.1,100.0,0.0
2017-12-15,0.0,2.8,72.2,3.2,5.6,43.6,,,,,,,0.0,16.3,100.0,0.0
2017-12-16,,,,,,,,,,,,,0.0,17.4,100.0,0.0
2017-12-17,,,,,,,,,,,,,0.0,17.9,100.0,0.0
2017-12-18,,,,,,,,,,,,,0.0,19.2,100.0,0.0
2017-12-19,0.0,2.7,61.1,,,,,,,,,,0.0,19.3,100.0,0.0
2017-12-20,0.1,3.7,72.6,,,,,,,,,,0.0,21.4,100.0,0.0
2017-12-21,0.0,3.4,71.5,,,,,,,,,,0.0,21.7,100.0,0.0
2017-12-22,,,,,,,,,,,,,0.0,22.8,100.0,0.0
2017-12-23,,,,,,,,,,,,,0.0,22.7,100.0,0.0
2017-12-24,,,,,,,,,,,,,0.0,22.3,100.0,0.0
2017-12-25,0.3,4.8,61.6,9.1,15.1,100.0,,,,,,,0.0,25.1,100.0,0.0
2017-12-26,,,,,,,,,,,,,0.0,22.5,100.0,0.0
2017-12-27,0.0,3.4,70.1,,,,,,,,,,0.0,23.0,100.0,0.0
2017-12-28,,,,,,,,,,,,,0.0,22.0,100.0,0.0
2017-12-29,,,,,,,,,,,,,0.0,26.1,100.0,0.0
2017-12-30,,,,,,,,,,,,,0.0,24.1,100.0,0.0
2017-12-31,0.8,6.0,63.7,,,,,,,,,,0.0,24.3,100.0,0.0
2018-01-01,0.3,7.6,74.1,,,,,,,,,,0.0,24.7,100.0,0.0
2018-01-02,0.1,9.8,73.5,,,,,,,,,,0.0,27.0,100.0,0.0
2018-01-03,,,,,,,,,,,,,0.0,24.0,100.0,0.0
2018-01-04,,,,,,,,,,,,,0.0,22.4,100.0,0.0
2018-01-05,,,,,,,,,,,,,0.1,20.4,100.0,0.1
2018-01-06,1.0,12.6,66.0,,,,,,,,,,0.1,21.9,100.0,0.1
2018-01-07,,,,,,,,,,,,,0.0,20.8,100.0,0.0
2018-01-08,2.5,17.1,73.9,,,,,,,,,,0.1,21.7,100.0,0.1
2018-01-09,,,,,,,,,,,,,0.1,19.7,100.0,0.1
2018-01-10,,,,,,,,,,,,,0.6,23.4,100.0,0.6
2018-01-11,,,,,,,,,,,,,1.2,24.0,100.0,1.2
2018-01-12,8.6,23.6,63.0,,,,,,,,,,2.8,27.1,100.0,2.8
2018-01-13,61.2,45.3,72.5,,,,,,,,,,2.9,27.6,100.0,2.9
2018-01-14,75.6,51.1,73.4,45.9,48.4,100.0,,,,,,,6.6,36.7,100.0,6.6
2018-01-15,,,,,,,,,,,,,7.4,37.8,100.0,7.4
2018-01-16,,,,,,,,,,,,,15.8,44.8,100.0,15.8
2018-01-17,,,,,,,,,,,,,12.3,44.7,100.0,12.3
2018-01-18,80.4,55.0,60.1,,,,,,,,,,42.3,54.1,100.0,42.3
2018-01-19,,,,,,,,,,,,,46.6,56.9,100.0,46.6
2018-01-20,75.1,52.3,70.5,,,,,,,,,,74.4,66.1,100.0,74.4
2018-01-21,,,,,,,,,,,,,80.7,68.2,100.0,80.7
2018-01-22,,,,,,,,,,,,,85.6,72.3,100.0,85.6
2018-01-23,,,,,,,,,,,,,93.4,76.9,100.0,93.4
2018-01-24,92.5,62.4,60.3,98.9,93.8,100.0,,,,,,,94.3,81.2,100.0,94.3
2018-01-25,97.7,69.4,72.2,,,,,,,,,,95.9,82.8,100.0,95.9
2018-01-26,96.2,64.7,70.8,,,,,,,,,,93.7,81.2,100.0,93.7
2018-01-27,,,,,,,,,,,,,96.9,84.3,100.0,96.9
2018-01-28,,,,,,,,,,,,,96.0,84.5,100.0,96.0
2018-01-29,,,,100.0,98.7,100.0,,,,,,,97.4,86.8,100.0,97.4
2018-01-30,94.6,61.4,60.3,,,,,,,,,,96.4,85.4,100.0,96.4
2018-01-31,,,,,,,,,,,,,97.8,86.8,100.0,97.8
2018-02-01,93.4,62.7,69.6,,,,,,,,,,97.8,87.7,100.0,97.8
2018-02-02,,,,,,,,,,,,,98.8,88.3,100.0,98.8
2018-02-03,,,,,,,,,,,,,99.5,89.4,100.0,99.5
2018-02-04,,,,,,,,,,,,,99.8,90.7,100.0,99.8
2018-02-05,94.7,66.4,60.4,,,,,,,,,,100.0,92.5,100.0,100.0
2018-02-06,98.9,72.0,66.8,,,,,,,,,,100.0,91.9,100.0,100.0
2018-02-07,96.2,65.3,70.2,,,,,,,,,,100.0,94.2,100.0,100.0
2018-02-08,,,,,,,,,,,,,100.0,94.5,100.0,100.0
2018-02-09,,,,,,,,,,,,,100.0,96.0,100.0,100.0
2018-02-10,,,,,,,,,,,,,100.0,95.5,100.0,100.0
2018-02-11,92.3,63.6,60.4,,,,,,,,,,100.0,96.6,100.0,100.0
2018-02-12,,,,,,,,,,,,,100.0,96.5,100.0,100.0
2018-02-13,96.0,68.6,69.0,100.0,99.9,100.0,,,,,,,100.0,97.9,100.0,100.0
2018-02-14,,,,,,,,,,,,,100.0,97.2,100.0,100.0
2018-02-15,,,,,,,,,,,,,100.0,97.8,100.0,100.0
2018-02-16,,,,,,,,,,,,,100.0,97.6,100.0,100.0
2018-02-17,95.5,76.3,59.6,,,,,,,,,,100.0,98.2,100.0,100.0
2018-02-18,98.3,78.2,64.5,,,,,,,,,,100.0,98.0,100.0,100.0
2018-02-19,97.1,71.1,66.0,,,,,,,,,,100.0,98.4,100.0,100.0
2018-02-20,,,,,,,,,,,,,100.0,98.2,100.0,100.0
2018-02-21,,,,,,,,,,,,,100.0,98.5,100.0,100.0
2018-02-22,,,,,,,,,,,,,100.0,98.4,100.0,100.0
2018-02-23,93.0,69.8,61.9,100.0,99.9,100.0,,,,,,,100.0,99.0,100.0,100.0
2018-02-24,,,,,,,,,,,,,100.0,98.7,100.0,100.0
2018-02-25,94.1,69.6,67.2,,,,,,,,,,100.0,98.9,100.0,100.0
2018-02-26,,,,,,,,,,,,,100.0,98.8,100.0,100.0
2018-02-27,,,,,,,,,,,,,100.0,99.0,100.0,100.0
2018-02-28,,,,100.0,99.9,100.0,,,,,,,100.0,99.2,100.0,100.0
2018-03-01,91.3,71.9,57.4,,,,,,,,,,100.0,99.1,100.0,100.0
2018-03-02,84.0,62.8,69.6,,,,,,,,,,100.0,98.9,100.0,100.0
2018-03-03,69.1,52.2,68.1,,,,,,,,,,100.0,98.9,100.0,100.0
2018-03-04,,,,,,,,,,,,,100.0,98.8,100.0,100.0
2018-03-05,,,,100.0,100.0,67.0,,,,,,,100.0,98.8,100.0,100.0
2018-03-06,,,,,,,,,,,,,100.0,98.3,100.0,100.0
2018-03-07,69.9,52.6,56.4,,,,,,,,,,100.0,98.1,100.0,100.0
2018-03-08,,,,,,,,,,,,,100.0,97.6,100.0,100.0
2018-03-09,50.2,44.7,70.9,,,,,,,,,,100.0,97.2,100.0,100.0
2018-03-10,,,,,,,,,,,,,100.0,96.5,100.0,100.0
2018-03-11,,,,,,,,,,,,,99.9,95.4,100.0,99.9
2018-03-12,,,,,,,,,,,,,100.0,94.8,100.0,100.0
2018-03-13,54.8,46.7,60.9,,,,,,,,,,99.8,93.2,100.0,99.8
2018-03-14,39.2,35.5,70.2,,,,,,,,,,99.8,92.7,100.0,99.8
2018-03-15,16.7,25.2,69.6,100.0,99.6,68.4,,,,,,,98.9,90.5,100.0,98.9
2018-03-16,,,,,,,,,,,,,98.8,88.9,100.0,98.8
2018-03-17,,,,,,,,,,,,,96.3,84.5,100.0,96.3
2018-03-18,,,,,,,,,,,,,96.7,84.7,100.0,96.7
2018-03-19,10.0,22.3,57.9,,,,,,,,,,87.9,80.1,100.0,87.9
2018-03-20,,,,100.0,99.9,40.2,,,,,,,94.6,83.5,100.0,94.6
2018-03-21,6.3,19.7,66.9,,,,,,,,,,90.9,80.4,100.0,90.9
2018-03-22,,,,,,,,,,,,,91.5,80.1,100.0,91.5
2018-03-23,,,,,,,,,,,,,86.8,77.1,100.0,86.8
2018-03-24,,,,,,,,,,,,,86.7,76.2,100.0,86.7
2018-03-25,4.2,16.0,54.8,100.0,97.3,100.0,,,,,,,88.6,77.0,100.0,88.6
2018-03-26,5.1,16.9,68.9,,,,,,,,,,77.4,70.5,100.0,77.4
2018-03-27,0.7,11.4,68.6,,,,,,,,,,74.9,67.9,100.0,74.9
2018-03-28,,,,,,,,,,,,,56.7,60.4,100.0,56.7
2018-03-29,,,,,,,,,,,,,66.1,64.9,100.0,66.1
2018-03-30,,,,100.0,90.4,42.4,,,,,,,50.5,55.4,100.0,50.5
2018-03-31,2.7,14.5,62.3,,,,,,,,,,50.7,56.0,100.0,50.7
2018-04-01,,,,,,,,,,,,,32.7,44.9,100.0,32.7
2018-04-02,0.6,9.7,71.8,,,,,,,,,,48.3,54.0,100.0,48.3
2018-04-03,,,,,,,,,,,,,36.5,47.0,100.0,36.5
2018-04-04,,,,94.4,79.2,100.0,,,,,,,37.6,48.6,100.0,37.6
2018-04-05,,,,,,,,,,,,,26.5,41.1,100.0,26.5
2018-04-06,1.4,11.8,66.3,,,,,,,,,,28.9,42.6,100.0,28.9
2018-04-07,0.2,8.2,71.9,,,,,,,,,,26.5,40.8,100.0,26.5
2018-04-08,0.1,9.2,71.6,,,,,,,,,,15.4,34.0,100.0,15.4
2018-04-09,,,,,,,,,,,,,17.1,34.9,100.0,17.1
2018-04-10,,,,,,,,,,,,,13.5,31.7,100.0,13.5
2018-04-11,,,,,,,,,,,,,13.5,31.0,100.0,13.5
2018-04-12,0.2,7.5,63.6,,,,,,,,,,7.1,24.7,100.0,7.1
2018-04-13,,,,,,,,,,,,,8.0,25.9,100.0,8.0
2018-04-14,0.1,9.0,71.0,26.1,35.4,100.0,,,,,,,4.8,21.0,100.0,4.8
2018-04-15,,,,,,,,,,,,,3.8,20.3,100.0,3.8
2018-04-16,,,,,,,,,,,,,2.0,15.3,100.0,2.0
2018-04-17,,,,,,,,,,,,,2.8,18.1,100.0,2.8
2018-04-18,0.0,9.8,61.0,,,,,,,,,,1.2,14.5,100.0,1.2
2018-04-19,0.2,12.7,73.2,3.4,11.0,100.0,,,,,,,1.2,15.2,100.0,1.2
2018-04-20,0.0,9.5,71.4,,,,,,,,,,0.6,11.7,100.0,0.6
2018-04-21,,,,,,,,,,,,,0.6,12.3,100.0,0.6
2018-04-22,,,,,,,,,,,,,0.4,9.2,100.0,0.4
2018-04-23,,,,,,,,,,,,,0.3,8.6,100.0,0.3
2018-04-24,0.0,8.0,58.2,0.4,1.4,69.6,,,,,,,0.1,6.7,100.0,0.1
2018-04-25,,,,,,,,,,,,,0.1,6.9,100.0,0.1
2018-04-26,0.0,7.8,68.9,,,,,,,,,,0.0,6.6,100.0,0.0
2018-04-27,,,,,,,,,,,,,0.1,7.1,100.0,0.1
2018-04-28,,,,,,,,,,,,,0.1,6.8,100.0,0.1
2018-04-29,,,,0.1,0.8,100.0,,,,,,,0.1,5.8,100.0,0.1
2018-04-30,0.0,7.0,62.4,,,,,,,,,,0.0,4.9,100.0,0.0
2018-05-01,0.0,6.5,72.8,,,,,,,,,,0.0,4.2,100.0,0.0
2018-05-02,0.0,5.0,68.2,,,,,,,,,,0.0,3.8,100.0,0.0
2018-05-03,,,,,,,,,,,,,0.0,2.8,100.0,0.0
2018-05-04,,,,,,,,,,,,,0.0,2.8,100.0,0.0
2018-05-05,,,,,,,,,,,,,0.0,2.3,100.0,0.0
2018-05-06,0.0,3.8,61.2,,,,,,,,,,0.0,2.2,100.0,0.0
2018-05-07,,,,,,,,,,,,,0.0,2.4,100.0,0.0
2018-05-08,0.0,4.7,69.8,,,,,,,,,,0.0,2.4,100.0,0.0
2018-05-09,,,,,,,,,,,,,0.0,2.3,100.0,0.0
2018-05-10,,,,,,,,,,,,,0.0,2.0,100.0,0.0
2018-05-11,,,,,,,,,,,,,0.0,1.8,100.0,0.0
2018-05-12,0.0,3.4,59.0,,,,,,,,,,0.0,1.7,100.0,0.0
2018-05-13,0.0,4.5,71.9,,,,,,,,,,0.0,1.8,100.0,0.0
2018-05-14,0.0,4.3,71.3,0.0,0.2,87.7,,,,,,,0.0,1.5,100.0,0.0
2018-05-15,,,,,,,,,,,,,0.0,1.6,100.0,0.0
2018-05-16,,,,,,,,,,,,,0.0,1.7,100.0,0.0
2018-05-17,,,,,,,,,,,,,0.0,2.0,100.0,0.0
2018-05-18,0.0,3.3,60.6,,,,,,,,,,0.0,1.8,100.0,0.0
2018-05-19,,,,0.0,0.1,99.7,,,,,,,0.0,1.8,100.0,0.0
2018-05-20,0.0,3.1,69.5,,,,,,,,,,0.0,1.9,100.0,0.0
2018-05-21,,,,,,,,,,,,,0.0,2.1,100.0,0.0
2018-05-22,,,,,,,,,,,,,0.0,1.7,100.0,0.0
2018-05-23,,,,,,,,,,,,,0.0,1.7,100.0,0.0
2018-05-24,0.0,1.9,61.0,,,,,,,,,,0.0,1.7,100.0,0.0
2018-05-25,0.0,2.4,72.8,,,,,,,,,,0.0,1.7,100.0,0.0
2018-05-26,0.0,2.2,71.1,,,,,,,,,,0.0,1.6,100.0,0.0
2018-05-27,,,,,,,,,,,,,0.0,2.0,100.0,0.0
2018-05-28,,,,,,,,,,,,,0.0,2.0,100.0,0.0
2018-05-29,,,,,,,,,,,,,0.0,1.9,100.0,0.0
2018-05-30,0.0,1.7,64.7,,,,,,,,,,0.0,1.5,100.0,0.0
2018-05-31,,,,,,,,,,,,,0.0,1.5,100.0,0.0
2018-06-01,0.0,1.7,69.7,,,,,,,,,,0.0,1.3,100.0,0.0
2018-06-02,,,,,,,,,,,,,0.0,1.2,100.0,0.0
2018-06-03,,,,0.0,0.0,81.1,,,,,,,0.0,1.1,100.0,0.0
2018-06-04,,,,,,,,,,,,,0.0,1.3,100.0,0.0
2018-06-05,0.0,1.3,60.7,,,,,,,,,,0.0,1.3,100.0,0.0
2018-06-06,0.0,2.2,72.5,,,,,,,,,,0.0,1.3,100.0,0.0
2018-06-07,0.0,2.2,71.6,,,,,,,,,,0.0,1.5,100.0,0.0
2018-06-08,,,,,,,,,,,,,0.0,1.7,100.0,0.0
2018-06-09,,,,,,,,,,,,,0.0,1.4,100.0,0.0
2018-06-10,,,,,,,,,,,,,0.0,1.4,100.0,0.0
2018-06-11,0.0,1.8,61.2,,,,,,,,,,0.0,1.8,100.0,0.0
2018-06-12,,,,,,,,,,,,,0.0,2.4,100.0,0.0
2018-06-13,0.0,2.4,66.2,,,,,,,,,,0.0,2.7,100.0,0.0
2018-06-14,,,,,,,,,,,,,0.0,3.1,100.0,0.0
2018-06-15,,,,,,,,,,,,,0.0,3.7,100.0,0.0
2018-06-16,,,,,,,,,,,,,0.0,4.1,100.0,0.0
2018-06-17,0.0,2.3,61.6,,,,,,,,,,0.0,3.3,100.0,0.0
2018-06-18,0.0,2.1,68.7,,,,,,,,,,0.0,3.1,100.0,0.0
2018-06-19,0.0,1.4,66.1,,,,,,,,,,0.0,3.5,100.0,0.0
2018-06-20,,,,,,,,,,,,,0.0,3.4,100.0,0.0
2018-06-21,,,,,,,,,,,,,0.0,2.9,100.0,0.0
2018-06-22,,,,,,,,,,,,,0.0,3.5,100.0,0.0
2018-06-23,0.0,1.2,54.7,0.0,0.0,61.3,,,,,,,0.0,4.0,100.0,0.0
2018-06-24,,,,,,,,,,,,,0.0,4.7,100.0,0.0
2018-06-25,,,,,,,,,,,,,0.0,3.9,100.0,0.0
2018-06-26,,,,,,,,,,,,,0.0,4.0,100.0,0.0
2018-06-27,,,,,,,,,,,,,0.0,3.7,100.0,0.0
2018-06-28,,,,,,,,,,,,,0.0,3.5,100.0,0.0
2018-06-29,0.0,1.3,59.0,,,,,,,,,,0.0,3.1,100.0,0.0
2018-06-30,0.0,1.4,68.4,,,,,,,,,,0.0,3.3,100.0,0.0
2018-07-01,0.0,0.9,68.0,,,,,,,,,,0.0,3.5,100.0,0.0
2018-07-02,,,,,,,,,,,,,0.0,3.7,100.0,0.0
2018-07-03,,,,,,,,,,,,,0.0,3.6,100.0,0.0
2018-07-04,,,,,,,,,,,,,0.0,3.8,100.0,0.0
2018-07-05,0.0,1.4,59.4,,,,,,,,,,0.0,3.3,100.0,0.0
2018-07-06,,,,,,,,,,,,,0.0,3.0,100.0,0.0
2018-07-07,,,,,,,,,,,,,0.0,2.9,100.0,0.0
2018-07-08,,,,,,,,,,,,,0.0,3.5,100.0,0.0
2018-07-09,,,,,,,,,,,,,0.0,3.9,100.0,0.0
2018-07-10,,,,,,,,,,,,,0.0,4.1,100.0,0.0
2018-07-11,0.0,0.9,56.4,,,,,,,,,,0.0,3.8,100.0,0.0
2018-07-12,0.0,1.0,66.6,,,,,,,,,,0.0,4.0,100.0,0.0
2018-07-13,0.0,0.9,65.8,,,,,,,,,,0.0,3.3,100.0,0.0
2018-07-14,,,,,,,,,,,,,0.0,2.8,100.0,0.0
2018-07-15,,,,,,,,,,,,,0.0,2.5,100.0,0.0
2018-07-16,,,,,,,,,,,,,0.0,2.4,100.0,0.0
2018-07-17,0.0,1.0,58.8,,,,,,,,,,0.0,1.9,100.0,0.0
2018-07-18,,,,,,,,,,,,,0.0,1.5,100.0,0.0
2018-07-19,0.0,0.9,66.5,,,,,,,,,,0.0,1.3,100.0,0.0
2018-07-20,,,,,,,,,,,,,0.0,1.2,100.0,0.0
2018-07-21,,,,,,,,,,,,,0.0,1.2,100.0,0.0
2018-07-22,,,,,,,,,,,,,0.0,1.2,100.0,0.0
2018-07-23,0.0,0.8,56.2,,,,,,,,,,0.0,1.1,100.0,0.0
2018-07-24,0.0,0.7,70.2,,,,,,,,,,0.0,0.7,100.0,0.0
2018-07-25,,,,,,,,,,,,,0.0,1.0,100.0,0.0
2018-07-26,,,,,,,,,,,,,0.0,1.1,100.0,0.0
2018-07-27,,,,,,,,,,,,,0.0,1.0,100.0,0.0
2018-07-28,,,,,,,,,,,,,0.0,0.7,100.0,0.0
2018-07-29,0.0,0.5,59.6,,,,,,,,,,0.0,0.6,100.0,0.0
2018-07-30,,,,,,,,,,,,,0.0,0.7,100.0,0.0
2018-07-31,0.0,0.3,68.7,,,,,,,0.0,0.3,100.0,0.0,0.5,100.0,0.0
2018-08-01,,,,,,,,,,,,,0.0,0.6,100.0,0.0
2018-08-02,,,,,,,,,,,,,0.0,0.5,100.0,0.0
2018-08-03,,,,,,,,,,,,,0.0,0.6,100.0,0.0
2018-08-04,0.0,0.3,61.6,,,,,,,0.0,0.1,100.0,0.0,0.4,100.0,0.0
2018-08-05,0.0,0.2,69.7,,,,,,,,,,0.0,0.5,100.0,0.0
2018-08-06,0.0,0.2,67.2,,,,,,,,,,0.0,0.4,100.0,0.0
2018-08-07,,,,0.0,0.0,100.0,,,,,,,0.0,0.5,100.0,0.0
2018-08-08,,,,,,,,,,0.0,0.0,100.0,0.0,0.4,100.0,0.0
2018-08-09,,,,,,,,,,,,,0.0,0.5,100.0,0.0
2018-08-10,0.0,0.4,62.8,,,,,,,,,,0.0,0.6,100.0,0.0
2018-08-11,,,,,,,,,,,,,0.0,0.7,100.0,0.0
2018-08-12,0.0,0.5,68.4,0.0,0.0,100.0,,,,,,,0.0,0.6,100.0,0.0
2018-08-13,,,,,,,,,,0.0,0.0,100.0,0.0,0.4,100.0,0.0
2018-08-14,,,,,,,,,,,,,0.0,0.5,100.0,0.0
2018-08-15,,,,,,,,,,,,,0.0,0.5,100.0,0.0
2018-08-16,0.0,0.6,63.9,,,,,,,,,,0.0,0.6,100.0,0.0
2018-08-17,0.0,0.5,70.2,0.0,0.1,59.8,,,,,,,0.0,0.5,100.0,0.0
2018-08-18,0.0,0.3,69.8,,,,,,,,,,0.0,0.4,100.0,0.0
2018-08-19,,,,,,,,,,,,,0.0,0.4,100.0,0.0
2018-08-20,,,,,,,,,,,,,0.0,0.4,100.0,0.0
2018-08-21,,,,,,,,,,0.0,0.0,100.0,0.0,0.3,100.0,0.0
2018-08-22,0.0,0.7,71.4,0.0,0.1,100.0,,,,,,,0.0,0.2,100.0,0.0
2018-08-23,,,,,,,,,,,,,0.0,0.2,100.0,0.0
2018-08-24,0.0,0.4,78.5,,,,,,,,,,0.0,0.2,100.0,0.0
2018-08-25,,,,,,,,,,,,,0.0,0.2,100.0,0.0
2018-08-26,,,,,,,,,,,,,0.0,0.2,100.0,0.0
2018-08-27,,,,0.1,0.2,100.0,,,,,,,0.0,0.2,100.0,0.0
2018-08-28,0.0,0.5,70.9,,,,,,,0.0,0.0,100.0,0.0,0.2,100.0,0.0
2018-08-29,0.0,0.7,82.0,,,,,,,,,,0.0,0.2,100.0,0.0
2018-08-30,0.0,0.4,76.2,,,,,,,,,,0.0,0.2,100.0,0.0
2018-08-31,,,,,,,,,,,,,0.0,0.1,100.0,0.0
2018-09-01,,,,,,,,,,,,,0.0,0.1,100.0,0.0
2018-09-02,,,,,,,,,,0.0,0.2,100.0,0.0,0.1,100.0,0.0
2018-09-03,0.0,0.7,67.7,,,,,,,,,,0.0,0.1,100.0,0.0
2018-09-04,,,,,,,,,,,,,0.0,0.1,100.0,0.0
2018-09-05,0.0,0.6,80.0,,,,,,,,,,0.0,0.1,100.0,0.0
2018-09-06,,,,,,,,,,,,,0.0,0.1,100.0,0.0
2018-09-07,,,,,,,,,,,,,0.0,0.2,100.0,0.0
2018-09-08,,,,,,,,,,,,,0.0,0.2,100.0,0.0
2018-09-09,0.0,1.0,68.8,,,,,,,,,,0.0,0.2,100.0,0.0
2018-09-10,0.0,0.9,78.1,,,,,,,,,,0.0,0.2,100.0,0.0
2018-09-11,0.0,0.8,78.0,,,,,,,,,,0.0,0.2,100.0,0.0
2018-09-12,,,,,,,,,,0.0,0.6,100.0,0.0,0.1,100.0,0.0
2018-09-13,,,,,,,,,,,,,0.0,0.2,100.0,0.0
2018-09-14,,,,,,,,,,,,,0.0,0.2,100.0,0.0
2018-09-15,0.0,0.9,62.6,,,,,,,,,,0.0,0.2,100.0,0.0
2018-09-16,,,,0.0,0.1,100.0,,,,,,,0.0,0.2,100.0,0.0
2018-09-17,0.0,0.5,78.8,,,,,,,,,,0.0,0.2,100.0,0.0
2018-09-18,,,,,,,0.0,0.2,100.0,,,,0.0,0.2,100.0,0.0
2018-09-19,,,,,,,,,,,,,0.0,0.2,100.0,0.0
2018-09-20,,,,,,,,,,0.0,1.4,100.0,0.0,0.2,100.0,0.0
2018-09-21,0.0,0.7,66.7,0.0,0.1,100.0,,,,,,,0.0,0.2,100.0,0.0
2018-09-22,0.0,0.6,77.8,,,,,,,,,,0.0,0.3,100.0,0.0
2018-09-23,0.0,0.5,79.4,,,,,,,,,,0.0,0.3,100.0,0.0
2018-09-24,,,,,,,,,,,,,0.0,0.4,100.0,0.0
2018-09-25,,,,,,,,,,0.0,5.8,51.1,0.0,0.4,100.0,0.0
2018-09-26,,,,0.0,0.0,100.0,,,,,,,0.0,0.5,100.0,0.0
2018-09-27,0.0,0.7,70.5,,,,,,,,,,0.0,0.4,100.0,0.0
2018-09-28,,,,,,,,,,,,,0.0,0.3,100.0,0.0
2018-09-29,0.0,0.8,81.1,,,,,,,,,,0.0,0.3,100.0,0.0
2018-09-30,,,,,,,,,,,,,0.0,0.3,100.0,0.0
2018-10-01,,,,,,,,,,,,,0.0,0.2,100.0,0.0
2018-10-02,,,,,,,,,,,,,0.0,0.2,100.0,0.0
2018-10-03,0.0,1.3,71.8,,,,,,,,,,0.0,0.2,100.0,0.0
2018-10-04,0.0,1.4,81.8,,,,0.0,0.1,92.5,,,,0.0,0.3,100.0,0.0
2018-10-05,0.0,1.1,81.0,,,,,,,,,,0.0,0.3,100.0,0.0
2018-10-06,,,,0.0,0.1,51.8,,,,,,,0.0,0.3,100.0,0.0
2018-10-07,,,,,,,,,,,,,0.0,0.4,100.0,0.0
2018-10-08,,,,,,,,,,,,,0.0,0.5,100.0,0.0
2018-10-09,0.0,1.6,63.9,,,,,,,,,,0.0,0.6,100.0,0.0
2018-10-10,,,,,,,,,,,,,0.0,0.7,100.0,0.0
2018-10-11,0.0,1.4,78.8,0.0,0.1,100.0,,,,,,,0.0,0.8,100.0,0.0
2018-10-12,,,,,,,,,,,,,0.0,1.0,100.0,0.0
2018-10-13,,,,,,,,,,,,,0.0,1.0,100.0,0.0
2018-10-14,,,,,,,,,,,,,0.0,1.1,100.0,0.0
2018-10-15,0.0,1.7,72.1,,,,,,,,,,0.0,1.1,100.0,0.0
2018-10-16,0.0,1.9,79.9,0.0,0.2,100.0,,,,,,,0.0,1.0,100.0,0.0
2018-10-17,0.0,2.5,75.0,,,,,,,,,,0.0,0.8,100.0,0.0
2018-10-18,,,,,,,,,,,,,0.0,0.9,100.0,0.0
2018-10-19,,,,,,,,,,,,,0.0,1.0,100.0,0.0
2018-10-20,,,,,,,0.0,0.0,99.8,,,,0.0,1.0,100.0,0.0
2018-10-21,0.0,2.8,71.2,,,,,,,,,,0.0,1.1,100.0,0.0
2018-10-22,,,,,,,,,,,,,0.0,1.2,100.0,0.0
2018-10-23,0.0,1.3,77.1,,,,,,,,,,0.0,1.6,100.0,0.0
2018-10-24,,,,,,,,,,,,,0.0,2.2,100.0,0.0
2018-10-25,,,,,,,,,,,,,0.0,2.1,100.0,0.0
2018-10-26,,,,0.0,0.2,100.0,,,,,,,0.0,2.2,100.0,0.0
2018-10-27,0.0,1.6,69.2,,,,,,,,,,0.0,2.4,100.0,0.0
2018-10-28,0.0,1.2,76.0,,,,,,,,,,0.0,3.0,100.0,0.0
2018-10-29,0.0,0.7,72.5,,,,,,,,,,0.0,3.2,100.0,0.0
2018-10-30,,,,,,,,,,,,,0.0,3.4,100.0,0.0
2018-10-31,,,,,,,,,,,,,0.0,3.6,100.0,0.0
2018-11-01,,,,,,,,,,,,,0.0,3.3,100.0,0.0
2018-11-02,0.0,0.9,66.0,,,,,,,,,,0.0,3.2,100.0,0.0
2018-11-03,,,,,,,,,,,,,0.0,3.2,100.0,0.0
2018-11-04,0.0,0.7,74.1,,,,,,,,,,0.0,3.4,100.0,0.0
2018-11-05,,,,0.0,0.3,83.5,,,,,,,0.0,4.3,100.0,0.0
2018-11-06,,,,,,,,,,,,,0.0,4.9,100.0,0.0
2018-11-07,,,,,,,,,,,,,0.0,4.1,100.0,0.0
2018-11-08,0.0,1.0,63.8,,,,,,,,,,0.0,4.7,100.0,0.0
2018-11-09,0.0,0.7,74.1,,,,,,,,,,0.0,5.1,100.0,0.0
2018-11-10,0.0,0.6,73.4,0.0,0.3,100.0,,,,,,,0.0,5.0,100.0,0.0
2018-11-11,,,,,,,,,,,,,0.0,4.8,100.0,0.0
2018-11-12,,,,,,,,,,,,,0.0,5.1,100.0,0.0
2018-11-13,,,,,,,,,,,,,0.0,5.5,100.0,0.0
2018-11-14,0.0,1.0,64.5,,,,,,,,,,0.0,5.5,100.0,0.0
2018-11-15,,,,0.0,0.5,100.0,,,,,,,0.0,5.0,100.0,0.0
2018-11-16,0.0,0.9,76.3,,,,,,,,,,0.0,5.1,100.0,0.0
2018-11-17,,,,,,,,,,,,,0.0,5.3,100.0,0.0
2018-11-18,,,,,,,,,,,,,0.0,4.6,100.0,0.0
2018-11-19,,,,,,,,,,,,,0.0,5.1,100.0,0.0
2018-11-20,0.0,1.3,69.8,2.3,8.0,100.0,,,,,,,0.1,5.4,100.0,0.1
2018-11-21,0.0,1.6,77.6,,,,0.0,0.4,99.0,,,,0.1,5.6,100.0,0.1
2018-11-22,0.0,2.2,77.6,,,,,,,,,,0.1,5.0,100.0,0.1
2018-11-23,,,,,,,,,,,,,0.2,5.9,100.0,0.2
2018-11-24,,,,,,,,,,,,,0.2,6.2,100.0,0.2
2018-11-25,,,,,,,,,,,,,0.2,8.5,100.0,0.2
2018-11-26,,,,,,,,,,,,,0.2,7.3,100.0,0.2
2018-11-27,,,,,,,,,,,,,0.2,9.0,100.0,0.2
2018-11-28,0.0,2.0,77.5,,,,,,,,,,0.3,9.2,100.0,0.3
2018-11-29,,,,,,,,,,,,,0.3,13.2,100.0,0.3
2018-11-30,,,,,,,,,,,,,0.3,10.7,100.0,0.3
2018-12-01,,,,,,,,,,,,,0.3,12.8,100.0,0.3
2018-12-02,0.0,1.4,70.0,,,,,,,,,,0.3,11.6,100.0,0.3
2018-12-03,0.0,0.8,76.7,,,,,,,,,,0.1,12.9,100.0,0.1
2018-12-04,0.0,0.8,78.3,,,,,,,,,,0.0,11.2,100.0,0.0
2018-12-05,,,,,,,,,,,,,0.0,13.4,100.0,0.0
2018-12-06,,,,,,,,,,,,,0.0,13.9,100.0,0.0
2018-12-07,,,,,,,,,,,,,0.0,16.7,100.0,0.0
2018-12-08,0.0,0.9,69.0,,,,,,,,,,0.0,15.6,100.0,0.0
2018-12-09,,,,,,,,,,,,,0.0,16.0,100.0,0.0
2018-12-10,0.0,0.8,78.8,,,,,,,,,,0.0,17.7,100.0,0.0
2018-12-11,,,,,,,,,,,,,0.0,18.8,100.0,0.0
2018-12-12,,,,,,,,,,,,,0.0,22.3,100.0,0.0
2018-12-13,,,,,,,,,,,,,0.0,23.7,100.0,0.0
2018-12-14,0.0,1.0,72.1,,,,,,,,,,2.4,29.1,100.0,2.4
2018-12-15,0.0,1.4,77.7,,,,,,,,,,5.0,30.4,100.0,5.0
2018-12-16,0.0,1.7,78.7,,,,,,,,,,10.9,33.0,100.0,10.9
2018-12-17,,,,,,,,,,,,,14.2,32.6,100.0,14.2
2018-12-18,,,,,,,,,,,,,17.9,35.2,100.0,17.9
2018-12-19,,,,,,,,,,,,,22.1,35.1,100.0,22.1
2018-12-20,0.2,2.5,70.0,,,,,,,,,,23.3,34.1,100.0,23.3
2018-12-21,,,,,,,,,,,,,23.3,32.1,100.0,23.3
2018-12-22,1.3,3.8,76.2,,,,,,,,,,23.3,31.7,100.0,23.3
2018-12-23,,,,,,,,,,,,,23.1,30.1,100.0,23.1
2018-12-24,,,,,,,,,,,,,22.8,30.0,100.0,22.8
2018-12-25,,,,,,,,,,,,,23.1,28.5,100.0,23.1
2018-12-26,0.7,7.6,69.4,,,,,,,,,,22.9,30.4,100.0,22.9
2018-12-27,26.1,31.3,74.6,,,,,,,,,,23.0,30.2,100.0,23.0
2018-12-28,28.0,33.5,74.1,,,,,,,,,,16.6,31.3,100.0,16.6
2018-12-29,,,,,,,,,,,,,16.0,28.8,100.0,16.0
2018-12-30,,,,,,,,,,,,,6.3,28.8,100.0,6.3
2018-12-31,,,,,,,,,,,,,2.6,28.0,100.0,2.6
2019-01-01,53.0,44.3,70.0,,,,,,,,,,0.0,22.2,100.0,0.0
2019-01-02,,,,,,,,,,,,,0.0,23.7,100.0,0.0
2019-01-03,79.1,62.2,79.0,,,,,,,,,,0.8,28.6,100.0,0.8
2019-01-04,,,,,,,,,,,,,3.2,34.4,100.0,3.2
2019-01-05,,,,,,,,,,,,,18.2,45.7,100.0,18.2
2019-01-06,,,,,,,,,,,,,26.4,50.5,100.0,26.4
2019-01-07,97.4,80.6,67.3,,,,,,,,,,39.0,54.7,100.0,39.0
2019-01-08,100.0,86.6,77.2,,,,,,,,,,59.6,61.0,100.0,59.6
2019-01-09,99.4,86.0,79.3,,,,,,,,,,68.7,65.4,100.0,68.7
2019-01-10,,,,,,,,,,,,,85.7,72.9,100.0,85.7
2019-01-11,,,,,,,,,,,,,91.9,77.1,100.0,91.9
2019-01-12,,,,,,,,,,,,,95.6,81.2,100.0,95.6
2019-01-13,99.9,87.0,64.1,,,,,,,,,,97.9,86.2,100.0,97.9
2019-01-14,,,,,,,,,,,,,99.4,88.2,100.0,99.4
2019-01-15,99.4,89.6,78.4,,,,,,,,,,99.7,90.9,100.0,99.7
2019-01-16,,,,,,,,,,,,,99.8,91.4,100.0,99.8
2019-01-17,,,,,,,,,,,,,99.8,91.2,100.0,99.8
2019-01-18,,,,,,,,,,,,,100.0,93.0,100.0,100.0
2019-01-19,99.0,93.0,66.5,100.0,99.1,100.0,,,,,,,100.0,94.6,100.0,100.0
2019-01-20,100.0,94.1,77.3,,,,,,,,,,100.0,94.9,100.0,100.0
2019-01-21,100.0,92.1,77.3,,,,,,,,,,100.0,94.6,100.0,100.0
2019-01-22,,,,,,,,,,,,,100.0,95.5,100.0,100.0
2019-01-23,,,,,,,,,,,,,100.0,95.5,100.0,100.0
2019-01-24,,,,100.0,99.4,100.0,100.0,99.9,100.0,,,,100.0,97.2,100.0,100.0
2019-01-25,99.5,90.2,67.9,,,,,,,,,,100.0,95.6,100.0,100.0
2019-01-26,,,,,,,,,,,,,100.0,95.8,100.0,100.0
2019-01-27,99.7,91.4,77.5,,,,,,,,,,100.0,95.6,100.0,100.0
2019-01-28,,,,,,,,,,,,,100.0,95.6,100.0,100.0
2019-01-29,,,,,,,,,,,,,100.0,94.8,100.0,100.0
2019-01-30,,,,,,,,,,,,,100.0,94.9,100.0,100.0
2019-01-31,99.3,92.2,67.4,,,,,,,99.4,82.2,100.0,100.0,95.0,100.0,100.0
2019-02-01,99.5,89.1,79.8,,,,,,,,,,100.0,94.3,100.0,100.0
2019-02-02,,,,,,,,,,,,,100.0,93.3,100.0,100.0
2019-02-03,,,,,,,,,,,,,100.0,94.8,100.0,100.0
2019-02-04,,,,,,,,,,,,,100.0,94.2,100.0,100.0
2019-02-05,,,,,,,,,,,,,100.0,95.3,100.0,100.0
2019-02-06,96.9,82.0,69.3,,,,,,,,,,100.0,95.8,100.0,100.0
2019-02-07,,,,,,,,,,,,,100.0,96.6,100.0,100.0
2019-02-08,98.5,81.9,77.8,100.0,99.8,100.0,,,,,,,100.0,96.9,100.0,100.0
2019-02-09,,,,,,,100.0,100.0,100.0,,,,100.0,97.5,100.0,100.0
2019-02-10,,,,,,,,,,,,,100.0,96.7,100.0,100.0
2019-02-11,,,,,,,,,,,,,100.0,97.4,100.0,100.0
2019-02-12,97.5,82.1,67.2,,,,,,,,,,100.0,97.4,100.0,100.0
2019-02-13,98.2,81.7,79.3,100.0,99.0,37.0,,,,99.8,84.6,100.0,100.0,97.7,100.0,100.0
2019-02-14,95.9,75.9,76.6,,,,,,,,,,100.0,97.6,100.0,100.0
2019-02-15,,,,,,,,,,99.9,88.0,100.0,100.0,97.8,100.0,100.0
2019-02-16,,,,,,,,,,100.0,90.6,100.0,100.0,97.8,100.0,100.0
2019-02-17,,,,,,,,,,100.0,93.6,100.0,100.0,97.6,100.0,100.0
2019-02-18,91.9,69.8,65.5,100.0,98.5,100.0,,,,100.0,96.3,100.0,100.0,97.8,100.0,100.0
2019-02-19,,,,,,,,,,100.0,95.9,100.0,100.0,97.7,100.0,100.0
2019-02-20,88.0,67.4,78.0,,,,,,,100.0,93.7,100.0,100.0,97.6,100.0,100.0
2019-02-21,,,,,,,,,,100.0,90.5,100.0,100.0,97.4,100.0,100.0
2019-02-22,,,,,,,,,,,,,100.0,97.6,100.0,100.0
2019-02-23,,,,100.0,98.8,100.0,,,,100.0,92.6,100.0,100.0,98.1,100.0,100.0
2019-02-24,87.5,67.7,66.9,,,,,,,100.0,93.1,100.0,100.0,97.6,100.0,100.0
2019-02-25,75.2,57.1,79.6,,,,100.0,99.9,96.8,100.0,94.0,100.0,100.0,97.9,100.0,100.0
2019-02-26,60.2,46.0,77.6,,,,,,,100.0,92.9,100.0,100.0,97.6,100.0,100.0
2019-02-27,,,,,,,,,,,,,100.0,97.9,100.0,100.0
2019-02-28,,,,100.0,96.1,100.0,,,,,,,100.0,97.9,100.0,100.0
2019-03-01,,,,,,,,,,99.9,89.2,100.0,100.0,97.1,100.0,100.0
2019-03-02,68.3,49.3,70.3,,,,,,,,,,100.0,97.0,100.0,100.0
2019-03-03,,,,,,,,,,,,,100.0,97.1,100.0,100.0
2019-03-04,45.4,38.7,80.9,,,,,,,,,,100.0,97.0,100.0,100.0
2019-03-05,,,,100.0,98.5,100.0,,,,,,,100.0,96.7,100.0,100.0
2019-03-06,,,,,,,,,,,,,100.0,95.9,100.0,100.0
2019-03-07,,,,,,,,,,,,,100.0,95.3,100.0,100.0
2019-03-08,54.7,42.4,71.6,,,,,,,99.8,82.9,100.0,100.0,95.3,100.0,100.0
2019-03-09,17.0,27.0,81.5,,,,,,,,,,100.0,94.4,100.0,100.0
2019-03-10,10.4,24.1,81.2,,,,,,,,,,100.0,94.7,100.0,100.0
2019-03-11,,,,,,,,,,,,,100.0,93.5,100.0,100.0
2019-03-12,,,,,,,,,,,,,100.0,94.2,100.0,100.0
2019-03-13,,,,,,,,,,,,,100.0,90.2,100.0,100.0
2019-03-14,11.4,25.2,71.7,,,,,,,,,,100.0,92.2,100.0,100.0
2019-03-15,,,,,,,,,,,,,100.0,92.9,100.0,100.0
2019-03-16,14.9,27.3,80.7,,,,,,,,,,100.0,94.4,100.0,100.0
2019-03-17,,,,,,,,,,,,,100.0,93.2,100.0,100.0
2019-03-18,,,,,,,,,,,,,100.0,94.4,100.0,100.0
2019-03-19,,,,,,,,,,,,,100.0,94.5,100.0,100.0
2019-03-20,36.5,37.2,73.3,100.0,98.6,100.0,,,,,,,100.0,96.2,100.0,100.0
2019-03-21,45.5,39.5,81.5,,,,,,,,,,100.0,94.4,100.0,100.0
2019-03-22,49.2,44.0,80.9,,,,,,,,,,100.0,94.7,100.0,100.0
2019-03-23,,,,,,,,,,,,,100.0,93.6,100.0,100.0
2019-03-24,,,,,,,,,,,,,100.0,94.2,100.0,100.0
2019-03-25,,,,,,,,,,,,,100.0,92.9,100.0,100.0
2019-03-26,63.0,51.0,72.2,,,,,,,,,,100.0,94.7,100.0,100.0
2019-03-27,,,,,,,,,,,,,100.0,94.1,100.0,100.0
2019-03-28,48.9,43.5,81.9,,,,,,,,,,100.0,94.8,100.0,100.0
2019-03-29,,,,,,,100.0,99.3,84.7,,,,100.0,94.8,100.0,100.0
2019-03-30,,,,100.0,92.9,100.0,,,,,,,100.0,95.3,100.0,100.0
2019-03-31,,,,,,,,,,,,,100.0,93.5,100.0,100.0
2019-04-01,56.1,46.4,70.0,,,,,,,,,,100.0,92.9,100.0,100.0
2019-04-02,42.0,39.2,82.9,,,,,,,,,,100.0,91.3,100.0,100.0
2019-04-03,37.2,35.4,80.5,,,,,,,,,,100.0,89.9,100.0,100.0
2019-04-04,,,,100.0,89.6,32.7,,,,,,,99.3,86.6,100.0,99.3
2019-04-05,,,,,,,,,,,,,97.9,84.4,100.0,97.9
2019-04-06,,,,,,,,,,,,,91.7,77.7,100.0,91.7
2019-04-07,42.0,38.8,74.4,,,,,,,,,,85.8,74.7,100.0,85.8
2019-04-08,,,,,,,,,,,,,62.5,63.9,100.0,62.5
2019-04-09,29.2,30.3,81.0,82.0,65.8,100.0,,,,,,,64.7,65.0,100.0,64.7
2019-04-10,,,,,,,,,,,,,41.5,53.1,100.0,41.5
2019-04-11,,,,,,,,,,,,,41.1,50.7,100.0,41.1
2019-04-12,,,,,,,,,,,,,34.3,46.4,100.0,34.3
2019-04-13,36.1,34.6,74.9,,,,,,,,,,37.9,48.0,100.0,37.9
2019-04-14,14.2,22.9,82.4,,,,,,,,,,26.9,41.2,100.0,26.9
2019-04-15,6.1,18.6,80.9,,,,,,,,,,26.3,41.5,100.0,26.3
2019-04-16,,,,,,,,,,,,,24.4,40.6,100.0,24.4
2019-04-17,,,,,,,,,,,,,24.9,39.2,100.0,24.9
2019-04-18,,,,,,,,,,,,,20.0,34.0,100.0,20.0
2019-04-19,4.7,16.8,60.1,16.4,26.2,100.0,,,,,,,18.1,29.7,100.0,18.1
2019-04-20,,,,,,,,,,,,,14.7,26.1,100.0,14.7
2019-04-21,4.0,16.6,66.7,,,,,,,,,,12.4,23.0,100.0,12.4
2019-04-22,,,,,,,,,,,,,9.5,21.4,100.0,9.5
2019-04-23,,,,,,,,,,,,,7.0,18.5,100.0,7.0
2019-04-24,,,,8.2,17.1,100.0,,,,,,,5.8,18.2,100.0,5.8
2019-04-25,2.7,12.9,59.2,,,,,,,,,,2.5,13.2,100.0,2.5
2019-04-26,1.2,10.9,67.7,,,,,,,,,,2.0,11.3,100.0,2.0
2019-04-27,0.7,9.3,66.9,,,,,,,,,,1.7,8.6,100.0,1.7
2019-04-28,,,,,,,,,,,,,1.7,8.2,100.0,1.7
2019-04-29,,,,,,,,,,,,,1.2,6.9,100.0,1.2
2019-04-30,,,,,,,,,,,,,1.0,6.7,100.0,1.0
2019-05-01,1.2,9.6,59.7,,,,,,,,,,0.7,5.8,100.0,0.7
2019-05-02,,,,,,,,,,,,,0.6,6.3,100.0,0.6
2019-05-03,0.1,8.3,65.9,,,,,,,,,,0.0,5.7,100.0,0.0
2019-05-04,,,,,,,,,,,,,0.0,5.3,100.0,0.0
2019-05-05,,,,,,,,,,,,,0.0,5.3,100.0,0.0
2019-05-06,,,,,,,,,,,,,0.0,5.4,100.0,0.0
2019-05-07,0.0,5.5,58.7,,,,,,,,,,0.0,6.1,100.0,0.0
2019-05-08,0.0,5.2,66.4,,,,,,,,,,0.0,5.5,100.0,0.0
2019-05-09,0.0,4.2,66.2,,,,,,,,,,0.0,6.7,100.0,0.0
2019-05-10,,,,,,,,,,,,,0.0,5.0,100.0,0.0
2019-05-11,,,,,,,,,,,,,0.0,4.9,100.0,0.0
2019-05-12,,,,,,,,,,,,,0.0,4.0,100.0,0.0
2019-05-13,0.0,3.9,62.1,,,,,,,,,,0.0,4.8,100.0,0.0
2019-05-14,,,,,,,,,,,,,0.0,4.6,100.0,0.0
2019-05-15,0.0,3.6,66.4,,,,,,,,,,0.1,5.2,100.0,0.1
2019-05-16,,,,,,,60.4,50.8,94.4,,,,0.1,4.9,100.0,0.1
2019-05-17,,,,,,,,,,,,,0.2,5.0,100.0,0.2
2019-05-18,,,,,,,,,,,,,0.1,4.1,100.0,0.1
2019-05-19,0.0,2.8,59.7,,,,,,,,,,0.0,3.0,100.0,0.0
2019-05-20,0.0,3.2,66.8,,,,,,,,,,0.0,2.5,100.0,0.0
2019-05-21,0.0,2.8,65.0,,,,,,,,,,0.0,2.3,100.0,0.0
2019-05-22,,,,,,,,,,,,,0.0,2.7,100.0,0.0
2019-05-23,,,,,,,,,,,,,0.0,2.3,100.0,0.0
2019-05-24,,,,0.8,2.2,100.0,,,,,,,0.0,2.9,100.0,0.0
2019-05-25,0.0,2.5,57.4,,,,,,,,,,0.0,2.5,100.0,0.0
2019-05-26,,,,,,,,,,,,,0.0,3.1,100.0,0.0
2019-05-27,0.0,2.6,64.2,,,,,,,,,,0.0,2.7,100.0,0.0
2019-05-28,,,,,,,,,,,,,0.0,3.3,100.0,0.0
2019-05-29,,,,,,,,,,,,,0.0,3.2,100.0,0.0
2019-05-30,,,,,,,,,,,,,0.0,4.9,100.0,0.0
2019-05-31,0.0,2.8,57.3,,,,,,,,,,0.0,5.6,100.0,0.0
2019-06-01,0.0,3.1,66.4,,,,,,,,,,0.0,7.1,100.0,0.0
2019-06-02,0.0,2.6,64.7,,,,,,,4.1,19.7,70.0,0.0,7.0,100.0,0.0
2019-06-03,,,,0.3,1.0,100.0,,,,,,,0.1,9.0,100.0,0.1
2019-06-04,,,,,,,,,,0.8,12.8,93.1,0.0,7.8,100.0,0.0
2019-06-05,,,,,,,,,,0.0,3.4,84.0,0.0,6.6,100.0,0.0
2019-06-06,0.0,2.7,58.5,,,,,,,0.0,0.7,39.4,0.0,6.6,100.0,0.0
2019-06-07,,,,,,,,,,0.0,1.6,100.0,0.0,7.3,100.0,0.0
2019-06-08,0.0,3.1,65.6,,,,,,,,,,0.0,7.3,100.0,0.0
2019-06-09,,,,,,,,,,0.0,0.3,99.0,0.0,6.0,100.0,0.0
2019-06-10,,,,,,,,,,,,,0.0,7.1,100.0,0.0
2019-06-11,,,,,,,,,,,,,0.0,7.4,100.0,0.0
2019-06-12,0.0,3.0,57.2,,,,,,,,,,0.0,7.4,100.0,0.0
2019-06-13,0.0,2.9,66.0,0.0,0.2,100.0,,,,0.0,0.0,100.0,0.0,4.9,100.0,0.0
2019-06-14,0.0,2.2,64.2,,,,,,,,,,0.0,5.2,100.0,0.0
2019-06-15,,,,,,,,,,,,,0.0,5.6,100.0,0.0
2019-06-16,,,,,,,,,,,,,0.0,5.6,100.0,0.0
2019-06-17,,,,,,,,,,,,,0.0,6.7,100.0,0.0
2019-06-18,0.0,2.8,57.3,0.0,0.1,100.0,,,,,,,0.0,6.0,100.0,0.0
2019-06-19,,,,,,,,,,,,,0.0,5.8,100.0,0.0
2019-06-20,0.0,2.3,63.5,,,,,,,,,,0.0,4.6,100.0,0.0
2019-06-21,,,,,,,,,,,,,0.0,4.0,100.0,0.0
2019-06-22,,,,,,,,,,,,,0.0,3.3,100.0,0.0
2019-06-23,,,,,,,,,,,,,0.0,3.1,100.0,0.0
2019-06-24,0.0,1.9,56.6,,,,,,,0.0,0.0,100.0,0.0,2.1,100.0,0.0
2019-06-25,,,,,,,,,,,,,0.0,2.8,100.0,0.0
2019-06-26,0.0,1.8,65.2,,,,,,,,,,0.0,2.3,100.0,0.0
2019-06-27,,,,,,,,,,0.0,0.0,100.0,0.0,2.0,100.0,0.0
2019-06-28,,,,0.0,0.1,100.0,,,,0.0,0.0,100.0,0.0,1.4,100.0,0.0
2019-06-29,,,,,,,,,,,,,0.0,1.5,100.0,0.0
2019-06-30,0.0,1.6,57.1,,,,,,,0.0,0.0,100.0,0.0,1.1,100.0,0.0
2019-07-01,,,,,,,,,,0.0,0.0,100.0,0.0,1.0,100.0,0.0
2019-07-02,0.0,2.3,64.1,,,,,,,,,,0.0,0.9,100.0,0.0
2019-07-03,,,,0.0,0.1,66.6,,,,,,,0.0,1.1,100.0,0.0
2019-07-04,,,,,,,,,,,,,0.0,1.0,100.0,0.0
2019-07-05,,,,,,,,,,,,,0.0,1.1,100.0,0.0
2019-07-06,0.0,1.0,57.3,,,,,,,0.0,0.0,100.0,0.0,0.8,100.0,0.0
2019-07-07,0.0,1.8,65.8,,,,,,,,,,0.0,1.1,100.0,0.0
2019-07-08,0.0,0.9,67.9,,,,,,,,,,0.0,1.1,100.0,0.0
2019-07-09,,,,,,,,,,,,,0.0,1.7,100.0,0.0
2019-07-10,,,,,,,,,,,,,0.0,1.5,100.0,0.0
2019-07-11,,,,,,,,,,,,,0.0,2.1,100.0,0.0
2019-07-12,0.0,1.8,85.1,,,,,,,,,,0.0,1.9,100.0,0.0
2019-07-13,,,,,,,,,,,,,0.0,2.9,100.0,0.0
2019-07-14,0.0,1.0,69.3,,,,,,,,,,0.0,1.5,100.0,0.0
2019-07-15,,,,,,,,,,,,,0.0,1.6,100.0,0.0
2019-07-16,,,,,,,,,,,,,0.0,1.5,100.0,0.0
2019-07-17,,,,,,,,,,,,,0.0,2.7,100.0,0.0
2019-07-18,0.0,1.4,85.9,,,,,,,,,,0.0,2.0,100.0,0.0
2019-07-19,0.0,1.2,83.5,,,,,,,,,,0.0,1.5,100.0,0.0
2019-07-20,0.0,1.4,72.7,,,,,,,,,,0.0,0.9,100.0,0.0
2019-07-21,,,,,,,,,,,,,0.0,1.0,100.0,0.0
2019-07-22,,,,,,,,,,,,,0.0,0.9,100.0,0.0
2019-07-23,,,,0.0,0.1,100.0,,,,0.0,0.0,100.0,0.0,0.5,100.0,0.0
2019-07-24,0.0,1.6,85.1,,,,,,,,,,0.0,0.4,100.0,0.0
2019-07-25,,,,,,,,,,,,,0.0,0.4,100.0,0.0
2019-07-26,0.0,1.8,75.1,,,,,,,,,,0.0,0.4,100.0,0.0
2019-07-27,,,,,,,,,,,,,0.0,0.3,100.0,0.0
2019-07-28,,,,,,,,,,,,,0.0,0.3,100.0,0.0
2019-07-29,,,,,,,,,,0.0,0.0,81.7,0.0,0.2,100.0,0.0
2019-07-30,0.0,1.6,85.7,,,,,,,,,,0.0,0.2,100.0,0.0
2019-07-31,0.0,1.8,82.5,,,,,,,,,,0.0,0.2,100.0,0.0
2019-08-01,0.0,1.9,71.3,,,,,,,,,,0.0,0.2,100.0,0.0
2019-08-02,,,,,,,,,,,,,0.0,0.3,100.0,0.0
2019-08-03,,,,,,,,,,,,,0.0,0.4,100.0,0.0
2019-08-04,,,,,,,,,,0.0,0.0,94.6,0.0,0.3,100.0,0.0
2019-08-05,0.0,2.0,87.2,,,,,,,,,,0.0,0.4,100.0,0.0
2019-08-06,,,,,,,,,,,,,0.0,0.3,100.0,0.0
2019-08-07,0.0,1.6,48.6,,,,,,,,,,0.0,0.4,100.0,0.0
2019-08-08,,,,,,,,,,,,,0.0,0.4,100.0,0.0
2019-08-09,,,,,,,,,,0.0,0.0,100.0,0.0,0.3,100.0,0.0
2019-08-10,,,,,,,,,,0.0,0.0,100.0,0.0,0.5,100.0,0.0
2019-08-11,0.0,1.4,59.7,,,,,,,0.0,0.0,100.0,0.0,0.3,100.0,0.0
2019-08-12,0.0,1.4,55.5,,,,,,,,,,0.0,0.4,100.0,0.0
2019-08-13,0.0,1.0,44.9,,,,,,,,,,0.0,0.3,100.0,0.0
2019-08-14,,,,,,,,,,,,,0.0,0.4,100.0,0.0
2019-08-15,,,,,,,,,,0.0,0.0,38.4,0.0,0.3,100.0,0.0
2019-08-16,,,,,,,,,,,,,0.0,0.5,100.0,0.0
2019-08-17,0.0,1.2,58.1,0.0,0.0,75.1,,,,0.0,0.0,97.3,0.0,0.3,100.0,0.0
2019-08-18,,,,,,,,,,0.0,0.0,100.0,0.0,0.3,100.0,0.0
2019-08-19,0.0,0.9,44.5,,,,,,,,,,0.0,0.3,100.0,0.0
2019-08-20,,,,,,,,,,,,,0.0,0.4,100.0,0.0
2019-08-21,,,,,,,,,,,,,0.0,0.2,100.0,0.0
2019-08-22,,,,,,,,,,,,,0.0,0.3,100.0,0.0
2019-08-23,0.0,1.0,60.4,,,,,,,,,,0.0,0.2,100.0,0.0
2019-08-24,0.0,0.8,57.4,,,,,,,,,,0.0,0.4,100.0,0.0
2019-08-25,0.0,0.8,33.9,,,,,,,0.0,0.0,100.0,0.0,0.2,100.0,0.0
2019-08-26,,,,,,,,,,0.0,0.0,100.0,0.0,0.4,100.0,0.0
2019-08-27,,,,0.0,0.1,97.8,,,,0.0,0.0,100.0,0.0,0.2,100.0,0.0
2019-08-28,,,,,,,0.0,3.4,83.8,,,,0.0,0.4,100.0,0.0
2019-08-29,0.0,1.0,59.3,,,,,,,0.0,0.0,98.3,0.0,0.2,100.0,0.0
2019-08-30,,,,,,,,,,,,,0.0,0.3,100.0,0.0
2019-08-31,0.0,1.0,47.2,,,,,,,0.0,0.0,100.0,0.0,0.2,100.0,0.0
2019-09-01,,,,0.0,0.1,98.4,,,,,,,0.0,0.3,100.0,0.0
2019-09-02,,,,,,,,,,,,,0.0,0.3,100.0,0.0
2019-09-03,,,,,,,,,,0.0,0.1,100.0,0.0,0.3,100.0,0.0
2019-09-04,0.0,1.0,58.9,,,,,,,0.0,0.1,100.0,0.0,0.3,100.0,0.0
2019-09-05,0.0,1.1,54.7,,,,,,,,,,0.0,0.4,100.0,0.0
2019-09-06,0.0,1.0,44.4,,,,,,,,,,0.0,0.4,100.0,0.0
2019-09-07,,,,,,,,,,0.0,0.2,100.0,0.0,0.3,100.0,0.0
2019-09-08,,,,,,,,,,,,,0.0,0.3,100.0,0.0
2019-09-09,,,,,,,,,,,,,0.0,0.4,100.0,0.0
2019-09-10,0.0,1.2,59.5,,,,,,,,,,0.0,0.4,100.0,0.0
2019-09-11,,,,,,,,,,,,,0.0,0.5,100.0,0.0
2019-09-12,0.0,1.2,46.9,,,,,,,,,,0.0,0.5,100.0,0.0
2019-09-13,,,,,,,,,,,,,0.0,0.5,100.0,0.0
2019-09-14,,,,,,,,,,,,,0.0,0.5,100.0,0.0
2019-09-15,,,,,,,,,,,,,0.0,0.4,100.0,0.0
2019-09-16,0.0,1.1,61.2,0.0,0.1,100.0,,,,,,,0.0,0.4,100.0,0.0
2019-09-17,0.0,1.0,55.8,,,,,,,,,,0.0,0.4,100.0,0.0
2019-09-18,0.0,1.0,48.1,,,,,,,0.0,0.2,100.0,0.0,0.3,100.0,0.0
2019-09-19,,,,,,,,,,,,,0.0,0.5,100.0,0.0
2019-09-20,,,,,,,,,,,,,0.0,0.4,100.0,0.0
2019-09-21,,,,0.0,0.1,100.0,0.0,0.1,100.0,,,,0.0,0.4,100.0,0.0
2019-09-22,0.0,1.0,59.2,,,,,,,,,,0.0,0.3,100.0,0.0
2019-09-23,,,,,,,,,,,,,0.0,0.4,100.0,0.0
2019-09-24,0.0,1.1,50.6,,,,,,,,,,0.0,0.4,100.0,0.0
2019-09-25,,,,,,,,,,,,,0.0,0.6,100.0,0.0
2019-09-26,,,,,,,,,,,,,0.0,0.5,100.0,0.0
2019-09-27,,,,,,,,,,,,,0.0,0.6,100.0,0.0
2019-09-28,0.0,0.8,59.5,,,,,,,,,,0.0,0.5,100.0,0.0
2019-09-29,0.0,0.8,57.2,,,,,,,,,,0.0,0.8,100.0,0.0
2019-09-30,0.0,0.8,49.4,,,,,,,,,,0.0,0.7,100.0,0.0
2019-10-01,,,,0.1,0.2,100.0,,,,0.0,0.2,100.0,0.0,0.5,100.0,0.0
2019-10-02,,,,,,,,,,,,,0.0,0.7,100.0,0.0
2019-10-03,,,,,,,,,,,,,0.0,0.9,100.0,0.0
2019-10-04,0.0,1.0,59.7,,,,,,,,,,0.0,1.1,100.0,0.0
2019-10-05,,,,,,,,,,,,,0.0,1.0,100.0,0.0
2019-10-06,0.0,1.0,48.5,,,,,,,0.0,0.3,39.1,0.0,1.2,100.0,0.0
2019-10-07,,,,,,,,,,,,,0.0,1.8,100.0,0.0
2019-10-08,,,,,,,,,,,,,0.0,1.9,100.0,0.0
2019-10-09,,,,,,,,,,,,,0.0,1.5,100.0,0.0
2019-10-10,0.0,0.8,59.2,,,,,,,,,,0.0,2.3,100.0,0.0
2019-10-11,0.0,0.9,56.3,0.2,0.4,100.0,,,,,,,0.0,2.4,100.0,0.0
2019-10-12,0.0,1.0,48.8,,,,,,,,,,0.0,2.2,100.0,0.0
2019-10-13,,,,,,,,,,,,,0.0,1.8,100.0,0.0
2019-10-14,,,,,,,,,,,,,0.0,2.2,100.0,0.0
2019-10-15,,,,,,,,,,,,,0.0,2.5,100.0,0.0
2019-10-16,0.0,1.0,59.6,0.2,0.5,100.0,,,,0.0,0.4,100.0,0.0,2.1,100.0,0.0
2019-10-17,,,,,,,,,,0.0,0.6,100.0,0.0,2.0,100.0,0.0
2019-10-18,0.0,1.1,49.9,,,,,,,0.0,0.9,100.0,0.0,2.2,100.0,0.0
2019-10-19,,,,,,,,,,,,,0.0,2.5,100.0,0.0
2019-10-20,,,,,,,,,,,,,0.0,2.4,100.0,0.0
2019-10-21,,,,,,,,,,,,,0.0,2.0,100.0,0.0
2019-10-22,0.0,1.2,62.1,,,,,,,,,,0.0,2.1,100.0,0.0
2019-10-23,0.0,1.8,57.5,,,,,,,,,,0.0,2.3,100.0,0.0
2019-10-24,0.0,1.9,50.8,,,,,,,,,,0.0,2.5,100.0,0.0
2019-10-25,,,,,,,,,,0.0,1.5,100.0,0.0,2.1,100.0,0.0
2019-10-26,,,,0.2,0.4,100.0,,,,0.0,3.0,100.0,0.0,2.1,100.0,0.0
2019-10-27,,,,,,,,,,5.6,11.5,100.0,0.0,2.3,100.0,0.0
2019-10-28,0.0,3.1,62.0,,,,,,,,,,0.0,2.6,100.0,0.0
2019-10-29,,,,,,,,,,49.7,45.6,90.6,0.0,2.5,100.0,0.0
2019-10-30,0.0,2.9,48.1,,,,,,,,,,0.0,3.0,100.0,0.0
2019-10-31,,,,,,,,,,,,,0.0,3.2,100.0,0.0
2019-11-01,,,,,,,,,,,,,0.0,3.2,100.0,0.0
2019-11-02,,,,,,,,,,,,,0.0,3.1,100.0,0.0
2019-11-03,0.0,3.4,55.4,,,,,,,,,,0.0,3.8,100.0,0.0
2019-11-04,0.0,3.4,52.7,,,,,,,,,,0.0,3.3,100.0,0.0
2019-11-05,0.0,4.1,42.7,,,,,,,,,,0.0,3.1,100.0,0.0
2019-11-06,,,,,,,,,,,,,0.0,3.1,100.0,0.0
2019-11-07,,,,,,,,,,,,,0.0,3.9,100.0,0.0
2019-11-08,,,,,,,,,,,,,0.0,3.8,100.0,0.0
2019-11-09,0.0,3.5,56.3,,,,,,,,,,0.0,4.2,100.0,0.0
2019-11-10,,,,0.3,2.0,100.0,,,,,,,0.0,4.7,100.0,0.0
2019-11-11,,,,,,,,,,,,,0.0,5.8,100.0,0.0
2019-11-12,,,,,,,,,,,,,0.0,5.6,100.0,0.0
2019-11-13,,,,,,,,,,,,,0.0,5.9,100.0,0.0
2019-11-14,,,,,,,,,,,,,0.0,6.7,100.0,0.0
2019-11-15,0.0,3.7,56.3,,,,,,,,,,0.0,7.3,100.0,0.0
2019-11-16,0.0,3.0,53.0,,,,,,,,,,0.0,7.8,100.0,0.0
2019-11-17,0.0,2.1,43.7,,,,,,,,,,0.0,8.0,100.0,0.0
2019-11-18,,,,,,,,,,,,,0.0,10.4,100.0,0.0
2019-11-19,,,,,,,,,,,,,0.0,10.4,100.0,0.0
2019-11-20,,,,,,,,,,,,,0.0,11.0,100.0,0.0
2019-11-21,0.0,2.1,56.4,,,,,,,,,,0.0,10.1,100.0,0.0
2019-11-22,,,,,,,,,,,,,0.0,10.8,100.0,0.0
2019-11-23,0.0,1.3,40.9,,,,,,,,,,0.0,9.4,100.0,0.0
2019-11-24,,,,,,,,,,,,,0.0,10.3,100.0,0.0
2019-11-25,,,,,,,,,,,,,0.0,9.5,100.0,0.0
2019-11-26,,,,,,,,,,,,,0.0,12.1,100.0,0.0
2019-11-27,0.0,1.8,55.1,,,,,,,,,,0.0,10.3,100.0,0.0
2019-11-28,0.0,1.6,52.1,,,,,,,,,,0.0,10.8,100.0,0.0
2019-11-29,0.0,1.2,42.0,,,,,,,,,,0.0,9.2,100.0,0.0
2019-11-30,,,,,,,,,,,,,0.0,10.2,100.0,0.0
2019-12-01,,,,,,,,,,,,,0.0,9.2,100.0,0.0
2019-12-02,,,,,,,,,,,,,0.0,9.9,100.0,0.0
2019-12-03,0.0,1.8,55.8,,,,,,,,,,0.0,9.3,100.0,0.0
2019-12-04,,,,,,,,,,50.5,54.4,100.0,0.0,10.1,100.0,0.0
2019-12-05,0.0,1.7,41.7,2.0,9.6,100.0,,,,,,,0.0,10.2,100.0,0.0
2019-12-06,,,,,,,,,,,,,0.0,9.6,100.0,0.0
2019-12-07,,,,,,,,,,,,,0.0,9.5,100.0,0.0
2019-12-08,,,,,,,,,,60.9,66.1,100.0,0.0,8.5,100.0,0.0
2019-12-09,0.0,2.4,54.9,,,,,,,,,,0.0,8.8,100.0,0.0
2019-12-10,0.0,2.5,51.2,96.2,69.0,36.0,,,,,,,0.0,7.6,100.0,0.0
2019-12-11,0.0,1.5,41.0,,,,,,,58.4,63.9,100.0,0.0,7.8,100.0,0.0
2019-12-12,,,,,,,,,,,,,0.0,6.1,100.0,0.0
2019-12-13,,,,,,,,,,,,,0.0,6.9,100.0,0.0
2019-12-14,,,,,,,,,,,,,0.0,5.6,100.0,0.0
2019-12-15,0.0,1.6,55.5,2.1,8.1,58.0,,,,61.9,66.3,100.0,0.1,6.3,100.0,0.1
2019-12-16,,,,,,,,,,,,,0.0,5.4,100.0,0.0
2019-12-17,0.0,1.6,45.3,,,,,,,58.2,60.2,100.0,0.0,5.9,100.0,0.0
2019-12-18,,,,,,,,,,,,,0.0,5.4,100.0,0.0
2019-12-19,,,,,,,,,,38.8,42.3,84.3,0.0,5.9,100.0,0.0
2019-12-20,,,,,,,,,,,,,0.0,5.3,100.0,0.0
2019-12-21,0.0,1.7,56.3,,,,,,,,,,0.0,6.1,100.0,0.0
2019-12-22,0.0,1.8,52.6,,,,,,,,,,0.0,6.4,100.0,0.0
2019-12-23,0.0,1.0,43.9,,,,,,,,,,0.0,7.1,100.0,0.0
2019-12-24,,,,,,,,,,,,,0.0,7.1,100.0,0.0
2019-12-25,,,,,,,,,,,,,0.0,8.3,100.0,0.0
2019-12-26,,,,,,,0.5,3.8,77.8,50.0,50.6,100.0,0.0,8.8,100.0,0.0
2019-12-27,0.0,2.3,56.0,,,,,,,,,,0.0,10.3,100.0,0.0
2019-12-28,,,,,,,,,,,,,0.0,10.2,100.0,0.0
2019-12-29,0.0,1.2,41.6,,,,,,,84.2,69.6,100.0,0.0,13.2,100.0,0.0
2019-12-30,,,,3.4,11.7,100.0,,,,,,,0.3,13.8,100.0,0.3
2019-12-31,,,,,,,,,,,,,0.8,16.3,100.0,0.8
2020-01-01,,,,,,,,,,,,,0.0,14.1,100.0,0.0
2020-01-02,0.0,3.8,55.2,,,,,,,79.7,66.4,100.0,0.0,16.8,100.0,0.0
2020-01-03,0.0,4.6,50.1,,,,,,,,,,0.0,16.0,100.0,0.0
2020-01-04,0.0,3.5,41.1,,,,,,,,,,0.1,17.6,100.0,0.1
2020-01-05,,,,,,,,,,,,,0.1,15.3,100.0,0.1
2020-01-06,,,,,,,,,,,,,0.1,17.4,100.0,0.1
2020-01-07,,,,,,,,,,,,,0.3,17.5,100.0,0.3
2020-01-08,0.6,7.1,55.5,,,,,,,76.6,65.1,100.0,0.3,22.1,100.0,0.3
2020-01-09,,,,1.6,10.4,100.0,,,,,,,0.5,21.6,100.0,0.5
2020-01-10,0.0,6.1,41.4,,,,,,,,,,0.4,24.5,100.0,0.4
2020-01-11,,,,,,,,,,,,,1.3,26.3,100.0,1.3
2020-01-12,,,,,,,,,,,,,1.0,29.9,100.0,1.0
2020-01-13,,,,,,,,,,,,,2.1,31.8,100.0,2.1
2020-01-14,0.6,10.5,54.3,12.5,20.9,100.0,,,,,,,2.3,35.5,100.0,2.3
2020-01-15,1.6,14.3,49.6,,,,,,,,,,1.4,33.9,100.0,1.4
2020-01-16,0.0,10.5,41.2,,,,,,,,,,3.4,37.9,100.0,3.4
2020-01-17,,,,,,,,,,,,,6.3,37.5,100.0,6.3
2020-01-18,,,,,,,,,,,,,20.8,42.8,100.0,20.8
2020-01-19,,,,,,,,,,,,,26.5,42.9,100.0,26.5
2020-01-20,1.5,13.5,55.3,,,,,,,,,,33.5,48.2,100.0,33.5
2020-01-21,,,,,,,,,,,,,33.0,45.6,100.0,33.0
2020-01-22,0.0,13.5,42.2,,,,,,,,,,39.8,53.4,100.0,39.8
2020-01-23,,,,,,,,,,,,,37.4,49.6,100.0,37.4
2020-01-24,,,,48.6,49.8,100.0,,,,,,,45.1,55.3,100.0,45.1
2020-01-25,,,,,,,,,,,,,34.3,46.6,100.0,34.3
2020-01-26,7.2,20.4,55.4,,,,,,,,,,39.0,51.2,100.0,39.0
2020-01-27,10.1,23.4,51.5,,,,84.4,79.7,34.0,,,,32.7,43.6,100.0,32.7
2020-01-28,4.6,21.6,41.4,,,,,,,,,,38.0,49.1,100.0,38.0
2020-01-29,,,,,,,,,,,,,27.2,40.4,100.0,27.2
2020-01-30,,,,,,,,,,,,,34.0,47.0,100.0,34.0
2020-01-31,,,,,,,,,,86.3,73.4,100.0,23.3,37.0,100.0,23.3
2020-02-01,14.2,24.9,56.1,,,,,,,,,,24.6,41.1,100.0,24.6
2020-02-02,,,,,,,,,,,,,9.9,31.7,100.0,9.9
2020-02-03,10.5,25.4,43.3,,,,,,,,,,14.9,36.5,100.0,14.9
2020-02-04,,,,,,,,,,,,,9.7,30.4,100.0,9.7
2020-02-05,,,,,,,,,,,,,16.2,36.8,100.0,16.2
2020-02-06,,,,,,,,,,,,,13.9,33.3,100.0,13.9
2020-02-07,17.4,26.4,55.4,,,,,,,83.6,75.5,100.0,25.4,42.7,100.0,25.4
2020-02-08,14.2,28.7,39.4,85.0,73.7,100.0,,,,95.9,82.4,100.0,26.2,42.9,100.0,26.2
2020-02-09,5.7,23.8,39.1,,,,,,,,,,32.5,48.4,100.0,32.5
2020-02-10,,,,,,,,,,,,,28.1,44.5,100.0,28.1
2020-02-11,,,,,,,,,,98.4,82.8,55.9,36.1,49.7,100.0,36.1
2020-02-12,,,,,,,,,,,,,33.8,48.0,100.0,33.8
2020-02-13,11.4,24.8,54.5,96.3,81.1,100.0,,,,96.4,79.8,100.0,51.0,58.9,100.0,51.0
2020-02-14,,,,,,,,,,,,,41.9,52.1,100.0,41.9
2020-02-15,4.4,22.6,39.4,,,,,,,89.6,77.1,100.0,50.5,57.6,100.0,50.5
2020-02-16,,,,,,,,,,,,,43.5,53.3,100.0,43.5
2020-02-17,,,,,,,,,,,,,51.5,57.9,100.0,51.5
2020-02-18,,,,90.6,87.4,100.0,,,,,,,41.7,52.2,100.0,41.7
2020-02-19,13.1,23.8,55.3,,,,,,,,,,39.9,50.5,100.0,39.9
2020-02-20,14.1,26.7,35.2,,,,,,,85.1,74.9,100.0,37.3,48.4,100.0,37.3
2020-02-21,5.4,20.9,39.1,,,,,,,69.7,63.8,100.0,40.9,50.6,100.0,40.9
2020-02-22,,,,,,,,,,67.3,59.0,100.0,34.2,45.5,100.0,34.2
2020-02-23,,,,,,,,,,67.4,57.9,100.0,28.2,42.2,100.0,28.2
2020-02-24,,,,,,,,,,,,,27.5,40.6,100.0,27.5
2020-02-25,8.2,20.9,56.4,,,,,,,,,,26.0,39.3,100.0,26.0
2020-02-26,,,,,,,,,,,,,16.7,31.9,100.0,16.7
2020-02-27,4.5,19.1,40.9,,,,,,,65.8,55.3,100.0,13.9,28.7,100.0,13.9
2020-02-28,,,,,,,,,,,,,16.7,32.1,100.0,16.7
2020-02-29,,,,,,,,,,,,,17.9,32.0,100.0,17.9
2020-03-01,,,,,,,,,,65.0,53.8,100.0,14.1,28.3,100.0,14.1
2020-03-02,,,,,,,,,,69.5,58.9,100.0,13.4,27.3,100.0,13.4
2020-03-03,21.6,28.8,30.1,,,,,,,,,,13.7,28.1,100.0,13.7
2020-03-04,1.9,19.5,41.0,100.0,97.2,75.6,,,,,,,19.2,34.6,100.0,19.2
2020-03-05,,,,,,,,,,69.0,58.1,100.0,10.8,23.9,100.0,10.8
2020-03-06,,,,,,,,,,,,,13.1,28.0,100.0,13.1
2020-03-07,,,,,,,,,,,,,12.1,27.8,100.0,12.1
2020-03-08,8.1,19.1,54.6,,,,,,,,,,20.6,38.4,100.0,20.6
2020-03-09,,,,100.0,97.2,40.5,,,,,,,12.1,29.6,100.0,12.1
2020-03-10,3.2,18.3,39.8,,,,,,,72.9,64.9,100.0,17.5,35.9,100.0,17.5
2020-03-11,,,,,,,,,,,,,14.0,31.2,100.0,14.0
2020-03-12,,,,,,,,,,,,,34.7,44.3,100.0,34.7
2020-03-13,,,,,,,,,,,,,15.9,32.0,100.0,15.9
2020-03-14,6.4,17.4,55.1,,,,,,,,,,31.4,41.4,100.0,31.4
2020-03-15,3.7,20.7,22.8,,,,63.5,62.1,89.8,76.7,69.8,100.0,26.2,38.2,100.0,26.2
2020-03-16,0.0,13.5,44.3,,,,,,,,,,45.0,48.6,100.0,45.0
2020-03-17,,,,,,,,,,,,,27.5,39.2,100.0,27.5
2020-03-18,,,,,,,,,,,,,36.1,43.8,100.0,36.1
2020-03-19,,,,51.9,48.5,100.0,,,,,,,24.5,36.0,100.0,24.5
2020-03-20,0.1,13.9,55.5,,,,,,,,,,28.5,39.3,100.0,28.5
2020-03-21,,,,,,,,,,,,,9.7,27.9,100.0,9.7
2020-03-22,0.0,13.6,39.7,,,,,,,,,,10.9,30.1,100.0,10.9
2020-03-23,,,,,,,,,,92.9,84.4,98.0,6.7,27.0,100.0,6.7
2020-03-24,,,,25.5,32.9,94.6,,,,,,,12.0,31.6,100.0,12.0
2020-03-25,,,,,,,,,,,,,4.2,24.2,100.0,4.2
2020-03-26,,,,,,,,,,92.7,85.4,100.0,3.7,25.1,100.0,3.7
2020-03-27,4.2,20.9,34.7,,,,,,,,,,2.6,22.6,100.0,2.6
2020-03-28,0.0,8.3,71.3,,,,,,,,,,3.3,21.9,100.0,3.3
2020-03-29,,,,,,,,,,,,,1.3,16.5,100.0,1.3
2020-03-30,,,,,,,,,,,,,1.8,16.8,100.0,1.8
2020-03-31,,,,,,,,,,95.1,88.2,86.3,1.5,16.8,100.0,1.5
2020-04-01,0.0,8.2,84.0,,,,,,,,,,2.1,17.6,100.0,2.1
2020-04-02,,,,,,,,,,,,,1.4,14.8,100.0,1.4
2020-04-03,0.0,8.8,68.9,,,,,,,,,,1.5,14.7,100.0,1.5
2020-04-04,,,,,,,,,,,,,1.0,13.6,100.0,1.0
2020-04-05,,,,,,,,,,,,,0.7,13.7,100.0,0.7
2020-04-06,,,,,,,,,,,,,0.4,12.1,100.0,0.4
2020-04-07,0.0,9.4,82.8,,,,,,,83.9,72.4,47.1,0.4,12.3,100.0,0.4
2020-04-08,1.2,11.1,70.4,1.4,12.0,100.0,,,,82.3,69.1,54.8,0.2,13.5,100.0,0.2
2020-04-09,0.1,8.2,66.9,,,,,,,,,,0.1,12.6,100.0,0.1
2020-04-10,,,,,,,,,,72.6,62.5,78.1,0.1,10.9,100.0,0.1
2020-04-11,,,,,,,,,,,,,0.1,11.4,100.0,0.1
2020-04-12,,,,,,,,,,64.2,57.2,100.0,0.1,11.0,100.0,0.1
2020-04-13,0.5,8.2,82.5,,,,,,,,,,0.1,11.7,100.0,0.1
2020-04-14,,,,,,,,,,,,,0.1,11.8,100.0,0.1
2020-04-15,0.3,8.3,64.7,,,,,,,37.5,37.8,100.0,0.1,11.9,100.0,0.1
2020-04-16,,,,,,,,,,,,,0.1,13.0,100.0,0.1
2020-04-17,,,,,,,,,,7.7,17.4,100.0,0.1,12.6,100.0,0.1
2020-04-18,,,,0.0,1.2,98.5,,,,,,,0.1,12.0,100.0,0.1
2020-04-19,,,,,,,,,,,,,0.0,9.5,100.0,0.0
2020-04-20,0.5,10.9,66.9,,,,,,,0.0,6.9,100.0,0.0,10.3,100.0,0.0
2020-04-21,0.0,5.7,59.0,,,,,,,,,,0.0,10.2,100.0,0.0
2020-04-22,,,,,,,,,,0.0,2.3,100.0,0.0,8.9,100.0,0.0
2020-04-23,,,,0.0,0.3,100.0,,,,0.0,1.5,100.0,0.0,7.4,100.0,0.0
2020-04-24,,,,,,,0.0,0.1,32.6,0.0,2.7,100.0,0.0,7.7,100.0,0.0
2020-04-25,0.0,5.4,80.1,,,,,,,,,,0.0,7.4,100.0,0.0
2020-04-26,,,,,,,,,,0.0,4.9,66.2,0.0,6.5,100.0,0.0
2020-04-27,0.0,4.9,67.9,,,,,,,0.0,5.7,100.0,0.0,4.7,100.0,0.0
2020-04-28,,,,,,,,,,0.0,7.0,100.0,0.0,5.3,100.0,0.0
2020-04-29,,,,,,,,,,,,,0.0,5.1,100.0,0.0
2020-04-30,,,,,,,,,,0.0,11.5,100.0,0.0,4.9,100.0,0.0
2020-05-01,0.0,4.5,82.8,,,,,,,,,,0.0,5.0,100.0,0.0
2020-05-02,0.0,4.7,58.8,,,,,,,,,,0.0,6.0,100.0,0.0
2020-05-03,0.0,3.7,71.1,,,,,,,,,,0.0,5.7,100.0,0.0
2020-05-04,,,,,,,,,,,,,0.0,5.8,100.0,0.0
2020-05-05,,,,,,,,,,,,,0.0,5.3,100.0,0.0
2020-05-06,,,,,,,,,,,,,0.0,6.0,100.0,0.0
2020-05-07,0.0,3.8,87.1,,,,,,,,,,0.0,4.9,100.0,0.0
2020-05-08,,,,0.0,0.2,100.0,,,,0.0,5.9,100.0,0.0,4.3,100.0,0.0
2020-05-09,0.0,3.5,68.6,,,,,,,,,,0.0,3.8,100.0,0.0
2020-05-10,,,,,,,,,,,,,0.0,4.2,100.0,0.0
2020-05-11,,,,,,,,,,,,,0.0,3.7,100.0,0.0
2020-05-12,,,,,,,,,,,,,0.0,3.3,100.0,0.0
2020-05-13,0.0,4.5,84.5,,,,,,,,,,0.0,2.9,100.0,0.0
2020-05-14,0.0,7.0,63.4,,,,,,,,,,0.0,2.7,100.0,0.0
2020-05-15,0.0,4.4,63.5,,,,,,,,,,0.0,2.1,100.0,0.0
2020-05-16,,,,,,,,,,,,,0.0,1.7,100.0,0.0
2020-05-17,,,,,,,,,,,,,0.0,1.6,100.0,0.0
2020-05-18,,,,0.0,0.2,100.0,0.0,0.0,44.3,,,,0.0,1.7,100.0,0.0
2020-05-19,0.0,5.2,84.5,,,,,,,,,,0.0,1.6,100.0,0.0
2020-05-20,,,,,,,,,,,,,0.0,1.7,100.0,0.0
2020-05-21,0.0,5.0,66.0,,,,,,,,,,0.0,1.7,100.0,0.0
2020-05-22,,,,,,,,,,,,,0.0,2.2,100.0,0.0
2020-05-23,,,,0.0,0.1,100.0,,,,,,,0.0,2.0,100.0,0.0
2020-05-24,,,,,,,,,,,,,0.0,2.1,100.0,0.0
2020-05-25,0.0,6.6,83.9,,,,,,,,,,0.0,2.4,100.0,0.0
2020-05-26,0.0,8.3,65.5,,,,,,,,,,0.0,4.0,100.0,0.0
2020-05-27,0.0,5.1,68.3,,,,,,,,,,0.0,4.1,100.0,0.0
2020-05-28,,,,,,,,,,,,,0.0,4.6,100.0,0.0
2020-05-29,,,,,,,,,,,,,0.0,3.8,100.0,0.0
2020-05-30,,,,,,,,,,,,,0.0,5.0,100.0,0.0
2020-05-31,0.0,5.7,84.0,,,,,,,,,,0.0,5.9,100.0,0.0
2020-06-01,,,,,,,,,,0.0,0.8,99.9,0.0,6.5,100.0,0.0
2020-06-02,0.0,4.5,65.6,,,,,,,0.0,0.2,66.0,0.0,6.1,100.0,0.0
2020-06-03,,,,,,,,,,,,,0.0,8.3,100.0,0.0
2020-06-04,,,,,,,,,,,,,0.0,6.2,100.0,0.0
2020-06-05,,,,,,,,,,,,,0.0,7.0,100.0,0.0
2020-06-06,0.0,4.4,84.5,,,,,,,0.0,0.1,77.8,0.0,5.0,100.0,0.0
2020-06-07,0.0,2.9,75.4,,,,,,,,,,0.0,5.5,100.0,0.0
2020-06-08,0.0,2.7,64.1,,,,,,,,,,0.0,4.0,100.0,0.0
2020-06-09,,,,,,,,,,,,,0.0,5.6,100.0,0.0
2020-06-10,,,,,,,,,,,,,0.0,5.6,100.0,0.0
2020-06-11,,,,,,,,,,,,,0.0,5.1,100.0,0.0
2020-06-12,0.0,2.1,85.2,0.0,0.0,100.0,,,,0.0,0.1,100.0,0.0,3.3,100.0,0.0
2020-06-13,,,,,,,,,,0.0,0.0,100.0,0.0,3.6,100.0,0.0
2020-06-14,0.0,1.4,63.9,,,,,,,,,,0.0,3.4,100.0,0.0
2020-06-15,,,,,,,,,,,,,0.0,3.2,100.0,0.0
2020-06-16,,,,,,,,,,,,,0.0,2.6,100.0,0.0
2020-06-17,,,,,,,,,,,,,0.0,3.6,100.0,0.0
2020-06-18,0.0,1.2,84.1,,,,,,,,,,0.0,2.9,100.0,0.0
2020-06-19,0.0,1.3,70.8,,,,,,,,,,0.0,2.0,100.0,0.0
2020-06-20,0.0,0.8,67.4,,,,,,,,,,0.0,2.4,100.0,0.0
2020-06-21,,,,,,,,,,,,,0.0,1.9,100.0,0.0
2020-06-22,,,,,,,,,,0.0,0.0,100.0,0.0,1.3,100.0,0.0
2020-06-23,,,,,,,,,,,,,0.0,1.3,100.0,0.0
2020-06-24,,,,,,,,,,,,,0.0,1.4,100.0,0.0
2020-06-25,,,,,,,,,,,,,0.0,1.6,100.0,0.0
2020-06-26,0.0,0.8,69.0,,,,,,,0.0,0.0,41.9,0.0,1.3,100.0,0.0
2020-06-27,,,,0.0,0.1,57.7,,,,0.0,0.0,100.0,0.0,0.9,100.0,0.0
2020-06-28,,,,,,,,,,0.0,0.0,100.0,0.0,0.8,100.0,0.0
2020-06-29,,,,,,,,,,,,,0.0,0.7,100.0,0.0
2020-06-30,0.0,0.7,84.5,,,,,,,0.0,0.0,100.0,0.0,0.6,100.0,0.0
2020-07-01,0.0,0.8,76.9,,,,,,,0.0,0.0,100.0,0.0,0.4,100.0,0.0
2020-07-02,0.0,0.8,70.2,,,,,,,,,,0.0,0.4,100.0,0.0
2020-07-03,,,,,,,,,,,,,0.0,0.4,100.0,0.0
2020-07-04,,,,,,,,,,0.0,0.0,90.6,0.0,0.5,100.0,0.0
2020-07-05,,,,,,,0.0,0.0,90.8,0.0,0.0,100.0,0.0,0.5,100.0,0.0
2020-07-06,0.0,0.8,85.4,,,,,,,,,,0.0,0.6,100.0,0.0
2020-07-07,,,,0.0,0.1,100.0,,,,,,,0.0,0.5,100.0,0.0
2020-07-08,0.0,0.7,67.4,,,,,,,0.0,0.0,100.0,0.0,0.5,100.0,0.0
2020-07-09,,,,,,,,,,0.0,0.0,100.0,0.0,0.5,100.0,0.0
2020-07-10,,,,,,,,,,,,,0.0,0.5,100.0,0.0
2020-07-11,,,,,,,,,,,,,0.0,0.6,100.0,0.0
2020-07-12,0.0,0.7,87.0,0.0,0.1,48.5,,,,,,,0.0,0.6,100.0,0.0
2020-07-13,0.0,0.8,67.0,,,,,,,,,,0.0,1.1,100.0,0.0
2020-07-14,0.0,0.8,67.9,,,,,,,,,,0.0,0.9,100.0,0.0
2020-07-15,,,,,,,,,,,,,0.0,1.4,100.0,0.0
2020-07-16,,,,,,,,,,,,,0.0,1.1,100.0,0.0
2020-07-17,,,,,,,,,,,,,0.0,0.8,100.0,0.0
2020-07-18,0.0,0.8,85.3,,,,,,,,,,0.0,0.7,100.0,0.0
2020-07-19,,,,,,,,,,,,,0.0,1.3,100.0,0.0
2020-07-20,0.0,0.8,67.6,,,,,,,,,,0.0,1.4,100.0,0.0
2020-07-21,,,,,,,,,,,,,0.0,1.6,100.0,0.0
2020-07-22,,,,0.0,0.1,33.2,,,,,,,0.0,1.0,100.0,0.0
2020-07-23,,,,,,,,,,,,,0.0,0.7,100.0,0.0
2020-07-24,0.0,1.0,84.7,,,,,,,,,,0.0,0.6,100.0,0.0
2020-07-25,0.0,1.3,65.6,,,,,,,0.0,0.0,97.8,0.0,0.4,100.0,0.0
2020-07-26,0.0,1.1,68.3,,,,,,,,,,0.0,0.5,100.0,0.0
2020-07-27,,,,0.0,0.1,100.0,,,,,,,0.0,0.3,100.0,0.0
2020-07-28,,,,,,,,,,,,,0.0,0.3,100.0,0.0
2020-07-29,,,,,,,,,,,,,0.0,0.2,100.0,0.0
2020-07-30,0.0,1.2,84.6,,,,,,,,,,0.0,0.2,100.0,0.0
2020-07-31,,,,,,,,,,,,,0.0,0.1,100.0,0.0
2020-08-01,0.0,1.2,68.8,0.0,0.1,52.7,,,,0.0,0.0,100.0,0.0,0.1,100.0,0.0
2020-08-02,,,,,,,,,,,,,0.0,0.1,100.0,0.0
2020-08-03,,,,,,,,,,,,,0.0,0.1,100.0,0.0
2020-08-04,,,,,,,,,,,,,0.0,0.1,100.0,0.0
2020-08-05,0.0,1.1,85.7,,,,,,,,,,0.0,0.1,100.0,0.0
2020-08-06,0.0,1.0,70.9,0.0,0.1,100.0,0.0,0.0,100.0,,,,0.0,0.1,100.0,0.0
2020-08-07,0.0,0.8,69.2,,,,,,,0.0,0.0,72.9,0.0,0.0,100.0,0.0
2020-08-08,,,,,,,,,,0.0,0.0,34.2,0.0,0.1,100.0,0.0
2020-08-09,,,,,,,,,,0.0,0.0,100.0,0.0,0.1,100.0,0.0
2020-08-10,,,,,,,,,,0.0,0.0,100.0,0.0,0.1,100.0,0.0
2020-08-11,0.0,1.0,85.7,0.0,0.1,100.0,,,,0.0,0.0,100.0,0.0,0.1,100.0,0.0
2020-08-12,,,,,,,,,,,,,0.0,0.1,100.0,0.0
2020-08-13,0.0,1.0,71.4,,,,,,,,,,0.0,0.1,100.0,0.0
2020-08-14,,,,,,,,,,,,,0.0,0.2,100.0,0.0
2020-08-15,,,,,,,,,,0.0,0.0,42.2,0.0,0.1,100.0,0.0
2020-08-16,,,,0.0,0.1,100.0,,,,,,,0.0,0.1,100.0,0.0
2020-08-17,0.0,1.0,85.7,,,,,,,,,,0.0,0.1,100.0,0.0
2020-08-18,0.0,1.2,74.6,,,,,,,,,,0.0,0.1,100.0,0.0
2020-08-19,0.0,1.2,69.5,,,,,,,0.0,0.0,40.6,0.0,0.1,100.0,0.0
2020-08-20,,,,,,,,,,0.0,0.0,78.8,0.0,0.1,100.0,0.0
2020-08-21,,,,0.0,0.1,100.0,,,,0.0,0.0,100.0,0.0,0.0,100.0,0.0
2020-08-22,,,,,,,0.0,0.0,100.0,0.0,0.0,100.0,0.0,0.1,100.0,0.0
2020-08-23,0.0,1.2,84.9,,,,,,,0.0,0.1,100.0,0.0,0.0,100.0,0.0
2020-08-24,,,,,,,,,,,,,0.0,0.1,100.0,0.0
2020-08-25,0.0,1.1,69.3,,,,,,,0.0,0.1,100.0,0.0,0.0,100.0,0.0
2020-08-26,,,,0.0,0.1,43.2,,,,,,,0.0,0.1,100.0,0.0
2020-08-27,,,,,,,,,,,,,0.0,0.1,100.0,0.0
2020-08-28,,,,,,,,,,0.0,0.1,100.0,0.0,0.1,100.0,0.0
2020-08-29,0.0,0.7,85.2,,,,,,,,,,0.0,0.1,100.0,0.0
2020-08-30,0.0,0.9,68.1,,,,,,,,,,0.0,0.2,100.0,0.0
2020-08-31,0.0,0.5,67.0,,,,,,,,,,0.0,0.2,100.0,0.0
2020-09-01,,,,,,,,,,,,,0.0,0.2,100.0,0.0
2020-09-02,,,,,,,,,,0.0,0.3,100.0,0.0,0.1,100.0,0.0
2020-09-03,,,,,,,,,,,,,0.0,0.2,100.0,0.0
2020-09-04,0.0,0.8,85.2,,,,,,,,,,0.0,0.2,100.0,0.0
2020-09-05,,,,0.0,0.1,100.0,,,,,,,0.0,0.2,100.0,0.0
2020-09-06,0.0,0.6,67.2,,,,,,,,,,0.0,0.2,100.0,0.0
2020-09-07,,,,,,,,,,0.0,0.2,100.0,0.0,0.2,100.0,0.0
2020-09-08,,,,,,,,,,,,,0.0,0.3,100.0,0.0
2020-09-09,,,,,,,,,,,,,0.0,0.2,100.0,0.0
2020-09-10,0.0,0.9,87.3,0.0,0.1,100.0,,,,,,,0.0,0.2,100.0,0.0
2020-09-11,0.0,0.7,60.3,,,,,,,,,,0.0,0.2,100.0,0.0
2020-09-12,0.0,0.7,72.8,,,,,,,,,,0.0,0.2,100.0,0.0
2020-09-13,,,,,,,,,,,,,0.0,0.2,100.0,0.0
2020-09-14,,,,,,,,,,,,,0.0,0.1,100.0,0.0
2020-09-15,,,,0.0,0.1,100.0,,,,,,,0.0,0.1,100.0,0.0
2020-09-16,0.0,1.4,87.2,,,,,,,,,,0.0,0.1,100.0,0.0
2020-09-17,,,,,,,,,,,,,0.0,0.1,100.0,0.0
2020-09-18,0.0,0.9,70.7,,,,,,,,,,0.0,0.1,100.0,0.0
2020-09-19,,,,,,,,,,,,,0.0,0.1,100.0,0.0
2020-09-20,,,,0.0,0.1,100.0,,,,,,,0.0,0.0,100.0,0.0
2020-09-21,,,,,,,,,,,,,0.0,0.1,100.0,0.0
2020-09-22,0.0,2.3,86.6,,,,,,,,,,0.0,0.1,100.0,0.0
2020-09-23,0.1,2.9,55.4,,,,,,,,,,0.0,0.1,100.0,0.0
2020-09-24,0.0,2.8,71.2,,,,,,,,,,0.0,0.1,100.0,0.0
2020-09-25,,,,,,,,,,,,,0.0,0.1,100.0,0.0
2020-09-26,,,,,,,,,,,,,0.0,0.2,100.0,0.0
2020-09-27,,,,,,,,,,,,,0.0,0.2,100.0,0.0
2020-09-28,1.3,5.8,85.5,,,,,,,,,,0.0,0.2,100.0,0.0
2020-09-29,,,,,,,,,,,,,0.0,0.3,100.0,0.0
2020-09-30,0.2,4.8,71.8,,,,,,,,,,0.0,0.4,100.0,0.0
2020-10-01,,,,,,,,,,0.0,0.2,97.8,0.0,0.3,100.0,0.0
2020-10-02,,,,,,,,,,,,,0.0,0.4,100.0,0.0
2020-10-03,,,,,,,,,,,,,0.0,0.4,100.0,0.0
2020-10-04,,,,,,,,,,,,,0.0,0.5,100.0,0.0
2020-10-05,0.0,2.1,49.1,,,,,,,,,,0.0,0.4,100.0,0.0
2020-10-06,0.0,1.5,56.3,,,,,,,,,,0.0,0.4,100.0,0.0
2020-10-07,,,,,,,,,,,,,0.0,0.5,100.0,0.0
2020-10-08,,,,,,,,,,0.0,0.2,72.5,0.0,0.6,100.0,0.0
2020-10-09,,,,,,,0.0,0.1,94.5,0.0,0.1,100.0,0.0,0.6,100.0,0.0
2020-10-10,0.0,2.1,69.5,0.0,0.2,95.0,,,,,,,0.0,0.5,100.0,0.0
2020-10-11,,,,,,,,,,,,,0.0,0.6,100.0,0.0
2020-10-12,0.0,1.8,57.0,,,,,,,,,,0.0,0.7,100.0,0.0
2020-10-13,,,,,,,,,,,,,0.0,1.0,100.0,0.0
2020-10-14,,,,,,,,,,0.0,0.1,77.2,0.0,0.8,100.0,0.0
2020-10-15,,,,,,,,,,,,,0.0,0.9,100.0,0.0
2020-10-16,0.0,1.7,70.5,,,,,,,,,,0.0,1.0,100.0,0.0
2020-10-17,0.0,1.8,55.7,,,,,,,,,,0.0,1.3,100.0,0.0
2020-10-18,0.0,1.4,57.8,,,,,,,,,,0.0,1.5,100.0,0.0
2020-10-19,,,,,,,,,,,,,0.0,1.3,100.0,0.0
2020-10-20,,,,,,,,,,,,,0.0,1.3,100.0,0.0
2020-10-21,,,,,,,,,,,,,0.0,1.3,100.0,0.0
2020-10-22,0.0,1.6,69.7,,,,,,,,,,0.0,1.1,100.0,0.0
2020-10-23,,,,,,,,,,,,,0.0,1.0,100.0,0.0
2020-10-24,0.0,1.3,55.4,,,,,,,,,,0.0,1.1,100.0,0.0
2020-10-25,,,,0.0,0.5,100.0,0.0,0.1,84.9,,,,0.0,1.2,100.0,0.0
2020-10-26,,,,,,,,,,0.0,0.1,100.0,0.0,1.0,100.0,0.0
2020-10-27,,,,,,,,,,,,,0.0,1.2,100.0,0.0
2020-10-28,0.0,1.2,69.6,,,,,,,,,,0.0,1.3,100.0,0.0
2020-10-29,0.0,1.3,55.0,,,,,,,,,,0.0,1.7,100.0,0.0
2020-10-30,0.0,1.2,62.0,,,,,,,,,,0.0,1.4,100.0,0.0
2020-10-31,,,,,,,,,,0.0,0.1,100.0,0.0,1.1,100.0,0.0
2020-11-01,,,,,,,,,,,,,0.0,1.4,100.0,0.0
2020-11-02,,,,,,,,,,,,,0.0,1.6,100.0,0.0
2020-11-03,0.0,1.3,71.1,,,,,,,,,,0.0,1.5,100.0,0.0
2020-11-04,,,,0.0,0.6,76.1,,,,,,,0.0,1.3,100.0,0.0
2020-11-05,0.0,1.4,58.9,,,,,,,,,,0.0,1.2,100.0,0.0
2020-11-06,,,,,,,,,,,,,0.0,1.1,100.0,0.0
2020-11-07,,,,,,,,,,,,,0.0,1.2,100.0,0.0
2020-11-08,,,,,,,,,,,,,0.0,0.7,100.0,0.0
2020-11-09,0.0,1.5,72.1,0.0,0.2,100.0,,,,,,,0.0,0.8,100.0,0.0
2020-11-10,0.0,1.1,41.6,,,,,,,,,,0.0,0.8,100.0,0.0
2020-11-11,0.0,1.3,61.7,,,,,,,,,,0.0,1.0,100.0,0.0
2020-11-12,,,,,,,,,,,,,0.0,0.7,100.0,0.0
2020-11-13,,,,,,,,,,,,,0.0,0.9,100.0,0.0
2020-11-14,,,,0.0,0.4,99.9,,,,,,,0.0,1.0,100.0,0.0
2020-11-15,0.0,1.7,72.3,,,,,,,,,,0.0,1.1,100.0,0.0
2020-11-16,,,,,,,,,,,,,0.0,1.1,100.0,0.0
2020-11-17,0.0,1.7,58.7,,,,,,,,,,0.0,1.5,100.0,0.0
2020-11-18,,,,,,,,,,,,,0.0,1.9,100.0,0.0
2020-11-19,,,,0.0,0.3,100.0,,,,,,,0.0,2.0,100.0,0.0
2020-11-20,,,,,,,,,,,,,0.0,1.9,100.0,0.0
2020-11-21,0.0,2.4,72.1,,,,,,,,,,0.0,2.4,100.0,0.0
2020-11-22,0.0,2.6,37.8,,,,,,,,,,0.0,4.1,100.0,0.0
2020-11-23,0.0,2.8,58.1,,,,,,,,,,0.0,3.8,100.0,0.0
2020-11-24,,,,0.0,0.7,99.8,,,,,,,0.0,3.6,100.0,0.0
2020-11-25,,,,,,,,,,,,,0.0,3.1,100.0,0.0
2020-11-26,,,,,,,0.0,0.3,84.9,,,,0.0,4.8,100.0,0.0
2020-11-27,0.0,3.3,73.5,,,,,,,,,,0.0,4.6,100.0,0.0
2020-11-28,,,,,,,,,,0.0,0.5,100.0,0.0,4.1,100.0,0.0
2020-11-29,0.0,2.6,62.0,0.0,1.0,100.0,,,,0.0,1.0,100.0,0.0,3.9,100.0,0.0
2020-11-30,,,,,,,,,,,,,0.0,5.9,100.0,0.0
2020-12-01,,,,,,,,,,,,,0.0,6.3,100.0,0.0
2020-12-02,,,,,,,,,,,,,0.0,6.5,100.0,0.0
2020-12-03,0.0,2.3,72.4,,,,,,,0.0,2.6,100.0,0.0,6.6,100.0,0.0
2020-12-04,0.0,2.1,64.6,,,,,,,,,,0.0,8.4,100.0,0.0
2020-12-05,0.0,1.8,62.5,,,,,,,,,,0.0,8.2,100.0,0.0
2020-12-06,,,,,,,,,,,,,0.0,7.3,100.0,0.0
2020-12-07,,,,,,,,,,,,,0.0,9.0,100.0,0.0
2020-12-08,,,,,,,,,,,,,0.0,7.7,100.0,0.0
2020-12-09,0.0,1.8,70.8,,,,,,,,,,0.0,6.4,100.0,0.0
2020-12-10,,,,,,,,,,,,,0.0,6.2,100.0,0.0
2020-12-11,0.0,1.5,60.6,,,,,,,,,,0.0,6.5,100.0,0.0
2020-12-12,,,,,,,0.6,8.9,95.0,0.0,3.9,100.0,0.0,6.2,100.0,0.0
2020-12-13,,,,,,,,,,0.0,2.8,100.0,0.0,5.5,100.0,0.0
2020-12-14,,,,,,,,,,0.0,4.8,100.0,0.0,5.6,100.0,0.0
2020-12-15,0.0,2.0,71.3,,,,,,,,,,0.0,6.4,100.0,0.0
2020-12-16,0.0,2.5,65.9,,,,,,,1.7,12.2,100.0,0.0,6.5,100.0,0.0
2020-12-17,0.0,2.3,59.1,,,,,,,21.6,31.5,98.1,0.0,7.1,100.0,0.0
2020-12-18,,,,,,,,,,39.7,43.0,100.0,0.0,8.6,100.0,0.0
2020-12-19,,,,0.2,2.5,100.0,,,,44.8,48.9,100.0,0.0,10.5,100.0,0.0
2020-12-20,,,,,,,,,,98.7,74.8,100.0,0.0,12.1,100.0,0.0
2020-12-21,0.0,2.7,70.3,,,,,,,98.6,76.2,100.0,0.0,14.1,100.0,0.0
2020-12-22,,,,,,,,,,,,,0.0,16.6,100.0,0.0
2020-12-23,0.0,2.9,61.8,,,,,,,,,,0.0,22.3,100.0,0.0
2020-12-24,,,,,,,,,,,,,0.0,19.8,100.0,0.0
2020-12-25,,,,,,,,,,98.4,88.9,100.0,0.0,23.9,100.0,0.0
2020-12-26,,,,,,,,,,,,,0.0,25.5,100.0,0.0
2020-12-27,0.0,3.6,71.4,,,,,,,,,,0.1,34.3,100.0,0.1
2020-12-28,0.1,5.0,66.9,,,,,,,98.2,94.5,100.0,0.1,33.6,100.0,0.1
2020-12-29,0.0,4.0,60.7,4.5,12.6,54.7,,,,98.0,94.9,100.0,21.4,41.9,100.0,21.4
2020-12-30,,,,,,,,,,98.0,94.0,99.2,31.9,43.4,100.0,31.9
2020-12-31,,,,,,,,,,,,,44.2,53.2,100.0,44.2
2021-01-01,,,,,,,,,,,,,44.7,51.4,100.0,44.7
2021-01-02,0.5,7.1,69.2,,,,,,,,,,57.2,58.2,100.0,57.2
2021-01-03,,,,80.5,70.2,100.0,,,,,,,51.6,55.2,100.0,51.6
2021-01-04,0.0,6.1,59.0,,,,,,,,,,70.0,64.3,100.0,70.0
2021-01-05,,,,,,,,,,,,,63.1,61.7,100.0,63.1
2021-01-06,,,,,,,,,,,,,76.7,67.7,100.0,76.7
2021-01-07,,,,,,,,,,98.1,95.7,100.0,75.5,66.5,100.0,75.5
2021-01-08,2.1,15.9,70.3,,,,,,,,,,88.9,71.4,100.0,88.9
2021-01-09,,,,,,,,,,,,,88.3,71.5,100.0,88.3
2021-01-10,0.2,16.4,58.9,,,,,,,,,,94.8,74.6,100.0,94.8
2021-01-11,,,,,,,,,,,,,96.9,73.9,100.0,96.9
2021-01-12,,,,,,,,,,,,,97.6,74.4,100.0,97.6
2021-01-13,,,,,,,,,,99.5,97.4,100.0,96.1,73.3,100.0,96.1
2021-01-14,6.9,28.1,69.4,,,,,,,100.0,98.8,48.0,94.6,73.9,100.0,94.6
2021-01-15,,,,,,,,,,,,,95.0,74.7,100.0,95.0
2021-01-16,2.6,24.8,58.8,,,,,,,,,,90.7,74.1,100.0,90.7
2021-01-17,,,,,,,,,,99.8,98.0,100.0,89.1,74.9,100.0,89.1
2021-01-18,,,,,,,,,,100.0,98.1,100.0,86.3,73.7,100.0,86.3
2021-01-19,,,,,,,,,,,,,91.2,78.2,100.0,91.2
2021-01-20,,,,,,,,,,,,,90.8,77.0,100.0,90.8
2021-01-21,,,,,,,,,,,,,87.7,75.4,100.0,87.7
2021-01-22,16.3,32.9,58.6,,,,,,,,,,81.2,69.6,100.0,81.2
2021-01-23,,,,,,,,,,,,,81.4,69.8,100.0,81.4
2021-01-24,,,,,,,,,,,,,83.7,71.0,100.0,83.7
2021-01-25,,,,,,,,,,,,,86.0,73.2,100.0,86.0
2021-01-26,25.0,34.1,68.9,,,,,,,,,,91.0,77.1,100.0,91.0
2021-01-27,,,,,,,,,,,,,95.9,80.2,100.0,95.9
2021-01-28,35.6,36.6,58.1,,,,,,,,,,99.4,87.0,100.0,99.4
2021-01-29,,,,,,,,,,,,,98.7,87.4,100.0,98.7
2021-01-30,,,,,,,,,,,,,99.2,88.1,100.0,99.2
2021-01-31,,,,,,,,,,100.0,98.0,100.0,99.5,91.1,100.0,99.5
2021-02-01,30.5,35.9,68.7,,,,,,,,,,99.9,92.2,100.0,99.9
2021-02-02,,,,100.0,98.9,100.0,,,,,,,99.5,92.8,100.0,99.5
2021-02-03,30.1,34.7,59.7,,,,,,,100.0,97.7,100.0,99.2,90.7,100.0,99.2
2021-02-04,,,,,,,,,,100.0,96.7,100.0,98.8,90.3,100.0,98.8
2021-02-05,,,,,,,,,,100.0,97.0,100.0,99.2,90.3,100.0,99.2
2021-02-06,,,,,,,,,,,,,98.6,89.4,100.0,98.6
2021-02-07,41.3,40.0,70.6,,,,,,,,,,98.1,86.7,100.0,98.1
2021-02-08,,,,,,,,,,,,,98.8,88.1,100.0,98.8
2021-02-09,35.0,36.4,59.7,,,,,,,100.0,96.7,100.0,98.8,86.9,100.0,98.8
2021-02-10,,,,,,,,,,,,,99.3,88.0,100.0,99.3
2021-02-11,,,,,,,,,,100.0,96.2,100.0,99.8,89.1,100.0,99.8
2021-02-12,,,,100.0,97.6,100.0,,,,99.6,94.0,100.0,100.0,92.3,100.0,100.0
2021-02-13,,,,,,,,,,99.2,92.2,86.5,100.0,92.3,100.0,100.0
2021-02-14,46.1,42.4,63.8,,,,100.0,99.9,100.0,,,,100.0,95.3,100.0,100.0
2021-02-15,46.9,41.8,53.5,,,,,,,,,,100.0,95.1,100.0,100.0
2021-02-16,,,,,,,,,,98.7,89.7,100.0,100.0,95.9,100.0,100.0
2021-02-17,,,,,,,,,,100.0,90.3,100.0,100.0,96.2,100.0,100.0
2021-02-18,,,,,,,,,,99.3,86.5,100.0,100.0,96.6,100.0,100.0
2021-02-19,59.1,47.1,68.4,,,,,,,97.0,81.9,100.0,100.0,96.7,100.0,100.0
2021-02-20,,,,,,,,,,96.9,79.9,100.0,100.0,97.0,100.0,100.0
2021-02-21,52.1,43.2,61.4,,,,,,,97.3,82.1,100.0,100.0,97.0,100.0,100.0
2021-02-22,,,,100.0,95.6,100.0,,,,93.7,78.2,100.0,100.0,97.0,100.0,100.0
2021-02-23,,,,,,,,,,,,,100.0,95.8,100.0,100.0
2021-02-24,,,,,,,,,,,,,100.0,96.1,100.0,100.0
2021-02-25,56.8,45.0,69.8,,,,,,,96.8,81.8,100.0,100.0,95.6,100.0,100.0
2021-02-26,,,,,,,,,,,,,100.0,95.6,100.0,100.0
2021-02-27,57.9,48.1,60.2,,,,,,,,,,100.0,95.8,100.0,100.0
2021-02-28,,,,,,,,,,,,,100.0,96.0,100.0,100.0
2021-03-01,,,,,,,,,,95.7,81.7,100.0,100.0,95.9,100.0,100.0
2021-03-02,,,,,,,100.0,98.6,87.5,98.2,85.4,100.0,100.0,95.9,100.0,100.0
2021-03-03,69.7,52.1,68.9,,,,,,,98.7,86.3,100.0,100.0,96.2,100.0,100.0
2021-03-04,,,,,,,,,,,,,100.0,96.6,100.0,100.0
2021-03-05,71.3,56.4,56.4,,,,,,,,,,100.0,96.9,100.0,100.0
2021-03-06,,,,,,,,,,,,,100.0,96.0,100.0,100.0
2021-03-07,,,,,,,,,,99.5,88.4,100.0,100.0,96.4,100.0,100.0
2021-03-08,,,,,,,,,,,,,100.0,96.1,100.0,100.0
2021-03-09,67.7,51.6,68.0,100.0,98.8,100.0,,,,,,,100.0,97.0,100.0,100.0
2021-03-10,,,,,,,,,,96.0,83.9,100.0,100.0,95.0,100.0,100.0
2021-03-11,67.1,52.7,60.0,,,,,,,,,,100.0,95.5,100.0,100.0
2021-03-12,,,,,,,,,,,,,100.0,93.7,100.0,100.0
2021-03-13,,,,,,,,,,97.7,86.4,100.0,100.0,93.8,100.0,100.0
2021-03-14,,,,,,,,,,,,,100.0,92.1,100.0,100.0
2021-03-15,60.8,48.9,64.7,,,,,,,,,,100.0,92.8,100.0,100.0
2021-03-16,64.5,51.4,69.6,,,,,,,,,,99.9,91.3,100.0,99.9
2021-03-17,47.3,43.8,58.1,,,,,,,,,,99.8,90.0,100.0,99.8
2021-03-18,,,,,,,,,,,,,97.7,85.8,100.0,97.7
2021-03-19,,,,100.0,99.8,77.0,,,,,,,99.4,89.0,100.0,99.4
2021-03-20,,,,,,,,,,,,,99.1,87.9,100.0,99.1
2021-03-21,50.9,44.9,79.2,,,,,,,,,,97.9,88.0,100.0,97.9
2021-03-22,,,,,,,,,,,,,98.2,87.7,100.0,98.2
2021-03-23,21.6,32.8,59.3,,,,,,,,,,97.4,89.2,100.0,97.4
2021-03-24,,,,100.0,98.2,100.0,,,,,,,99.8,91.1,100.0,99.8
2021-03-25,,,,,,,,,,,,,95.3,88.5,100.0,95.3
2021-03-26,,,,,,,,,,98.0,87.3,100.0,97.2,88.8,100.0,97.2
2021-03-27,30.0,36.3,81.6,,,,,,,97.9,89.2,100.0,94.9,88.2,100.0,94.9
2021-03-28,13.1,27.3,80.2,,,,,,,,,,98.0,89.5,100.0,98.0
2021-03-29,10.0,25.4,69.7,100.0,92.5,100.0,,,,95.8,87.1,100.0,94.9,87.6,100.0,94.9
2021-03-30,,,,,,,,,,96.9,88.6,100.0,94.3,84.9,100.0,94.3
2021-03-31,,,,,,,,,,97.1,88.5,100.0,91.0,82.9,100.0,91.0
2021-04-01,,,,,,,,,,,,,90.1,81.7,100.0,90.1
2021-04-02,7.3,23.0,81.4,,,,,,,,,,79.9,74.6,100.0,79.9
2021-04-03,,,,,,,,,,,,,71.8,70.8,100.0,71.8
2021-04-04,2.9,16.8,65.8,,,,,,,,,,59.1,64.2,100.0,59.1
2021-04-05,,,,,,,,,,,,,54.6,61.5,100.0,54.6
2021-04-06,,,,,,,,,,,,,42.7,54.3,100.0,42.7
2021-04-07,,,,,,,,,,,,,38.7,50.9,100.0,38.7
2021-04-08,,,,100.0,99.2,44.1,,,,,,,38.3,51.5,100.0,38.3
2021-04-09,4.5,20.6,77.8,,,,,,,,,,34.0,45.8,100.0,34.0
2021-04-10,2.2,17.3,65.4,,,,,,,,,,29.2,38.8,100.0,29.2
2021-04-11,,,,,,,,,,,,,26.7,34.5,100.0,26.7
2021-04-12,,,,,,,,,,,,,24.2,33.4,100.0,24.2
2021-04-13,,,,,,,,,,,,,20.3,31.7,100.0,20.3
2021-04-14,3.7,22.3,82.4,,,,,,,,,,20.5,31.2,100.0,20.5
2021-04-15,,,,,,,,,,,,,14.8,28.9,100.0,14.8
2021-04-16,3.0,16.8,68.7,,,,,,,97.6,86.0,96.8,16.2,31.1,100.0,16.2
2021-04-17,,,,,,,,,,,,,12.7,31.8,100.0,12.7
2021-04-18,,,,,,,,,,,,,12.9,31.4,100.0,12.9
2021-04-19,,,,,,,,,,,,,10.9,31.0,100.0,10.9
2021-04-20,2.9,16.5,85.3,,,,,,,,,,9.9,29.5,100.0,9.9
2021-04-21,2.9,16.3,79.7,,,,,,,,,,11.7,31.4,100.0,11.7
2021-04-22,3.4,13.8,69.5,,,,,,,,,,11.2,29.4,100.0,11.2
2021-04-23,,,,80.1,66.9,100.0,,,,99.3,87.1,100.0,19.6,34.1,100.0,19.6
2021-04-24,,,,,,,,,,99.5,85.9,100.0,13.8,28.8,100.0,13.8
2021-04-25,,,,,,,,,,99.2,87.2,87.2,15.6,30.4,100.0,15.6
2021-04-26,2.5,13.8,83.2,,,,,,,,,,16.1,29.1,100.0,16.1
2021-04-27,,,,,,,,,,99.2,85.0,100.0,13.6,28.4,100.0,13.6
2021-04-28,1.5,9.4,65.4,4.3,23.8,100.0,94.8,89.0,32.8,,,,11.4,25.7,100.0,11.4
2021-04-29,,,,,,,,,,96.6,78.2,100.0,5.6,22.5,100.0,5.6
2021-04-30,,,,,,,,,,92.8,73.6,100.0,4.7,20.1,100.0,4.7
2021-05-01,,,,,,,,,,,,,2.8,18.6,100.0,2.8
2021-05-02,0.4,8.1,83.2,,,,,,,,,,1.8,15.5,100.0,1.8
2021-05-03,0.2,6.9,76.3,0.4,10.5,92.9,,,,,,,0.2,11.7,100.0,0.2
2021-05-04,0.0,4.4,65.8,,,,,,,92.3,70.0,78.6,0.1,10.1,100.0,0.1
2021-05-05,,,,,,,,,,,,,0.1,8.5,100.0,0.1
2021-05-06,,,,,,,,,,,,,0.0,7.6,100.0,0.0
2021-05-07,,,,,,,,,,,,,0.0,6.1,100.0,0.0
2021-05-08,0.0,6.2,82.8,0.1,3.2,100.0,,,,75.7,57.6,60.2,0.0,5.8,100.0,0.0
2021-05-09,,,,,,,,,,,,,0.0,4.7,100.0,0.0
2021-05-10,0.0,3.5,64.3,,,,,,,,,,0.0,4.2,100.0,0.0
2021-05-11,,,,,,,,,,,,,0.0,3.1,100.0,0.0
2021-05-12,,,,,,,,,,,,,0.0,2.9,100.0,0.0
2021-05-13,,,,,,,,,,,,,0.0,2.3,100.0,0.0
2021-05-14,0.0,4.8,82.2,,,,,,,,,,0.0,2.2,100.0,0.0
2021-05-15,0.0,4.7,76.2,,,,,,,,,,0.0,1.6,100.0,0.0
2021-05-16,0.0,3.6,62.1,,,,,,,,,,0.0,2.2,100.0,0.0
2021-05-17,,,,,,,,,,,,,0.0,1.8,100.0,0.0
2021-05-18,,,,0.0,1.2,80.6,,,,,,,0.0,2.6,100.0,0.0
2021-05-19,,,,,,,,,,,,,0.0,2.1,100.0,0.0
2021-05-20,0.0,5.3,83.0,,,,,,,,,,0.0,2.8,100.0,0.0
2021-05-21,,,,,,,,,,,,,0.0,2.5,100.0,0.0
2021-05-22,0.0,4.2,64.8,,,,,,,,,,0.0,3.6,100.0,0.0
2021-05-23,,,,,,,,,,,,,0.0,3.1,100.0,0.0
2021-05-24,,,,,,,,,,,,,0.0,4.0,100.0,0.0
2021-05-25,,,,,,,,,,,,,0.0,4.2,100.0,0.0
2021-05-26,0.0,5.9,83.5,,,,,,,0.0,15.9,43.1,0.0,5.6,100.0,0.0
2021-05-27,0.0,5.1,74.8,,,,,,,,,,0.0,5.8,100.0,0.0
2021-05-28,0.0,4.6,65.0,0.0,0.7,100.0,,,,0.0,8.5,99.2,0.0,6.6,100.0,0.0
2021-05-29,,,,,,,,,,,,,0.0,7.0,100.0,0.0
2021-05-30,,,,,,,,,,,,,0.0,7.8,100.0,0.0
2021-05-31,,,,,,,,,,0.0,2.9,100.0,0.0,7.1,100.0,0.0
2021-06-01,0.0,3.5,82.5,,,,,,,0.0,0.6,91.6,0.0,6.7,100.0,0.0
2021-06-02,,,,0.0,0.8,37.9,,,,0.0,0.3,100.0,0.0,6.4,100.0,0.0
2021-06-03,0.0,2.9,63.9,,,,,,,0.0,0.1,100.0,0.0,6.0,100.0,0.0
2021-06-04,,,,,,,,,,,,,0.0,5.4,100.0,0.0
2021-06-05,,,,,,,,,,,,,0.0,5.1,100.0,0.0
2021-06-06,,,,,,,,,,,,,0.0,5.0,100.0,0.0
2021-06-07,0.0,2.7,82.3,,,,,,,,,,0.0,6.5,100.0,0.0
2021-06-08,,,,,,,,,,0.0,0.0,62.7,0.0,6.0,100.0,0.0
2021-06-09,0.0,1.8,64.5,,,,,,,,,,0.0,5.6,100.0,0.0
2021-06-10,,,,,,,,,,,,,0.0,5.9,100.0,0.0
2021-06-11,,,,,,,,,,,,,0.0,5.2,100.0,0.0
2021-06-12,,,,,,,,,,,,,0.0,5.2,100.0,0.0
2021-06-13,0.0,1.8,81.6,,,,,,,0.0,0.0,47.4,0.0,3.5,100.0,0.0
2021-06-14,,,,,,,,,,0.0,0.0,100.0,0.0,3.7,100.0,0.0
2021-06-15,0.0,1.3,63.7,,,,,,,,,,0.0,3.7,100.0,0.0
2021-06-16,,,,,,,,,,,,,0.0,4.2,100.0,0.0
2021-06-17,,,,0.0,0.2,99.6,,,,0.0,0.0,100.0,0.0,2.5,100.0,0.0
2021-06-18,,,,,,,,,,,,,0.0,2.7,100.0,0.0
2021-06-19,0.0,1.5,83.0,,,,,,,0.0,0.0,100.0,0.0,2.1,100.0,0.0
2021-06-20,,,,,,,,,,,,,0.0,2.8,100.0,0.0
2021-06-21,0.0,1.0,66.1,,,,,,,0.0,0.0,100.0,0.0,1.8,100.0,0.0
2021-06-22,,,,0.0,0.1,100.0,0.0,0.3,54.0,0.0,0.0,100.0,0.0,1.8,100.0,0.0
2021-06-23,,,,,,,,,,0.0,0.0,71.0,0.0,1.6,100.0,0.0
2021-06-24,,,,,,,,,,,,,0.0,2.2,100.0,0.0
2021-06-25,0.0,1.4,84.6,,,,,,,,,,0.0,1.8,100.0,0.0
2021-06-26,,,,,,,,,,0.0,0.0,100.0,0.0,1.6,100.0,0.0
2021-06-27,0.0,1.0,65.3,,,,,,,0.0,0.0,100.0,0.0,1.5,100.0,0.0
2021-06-28,,,,,,,,,,0.0,0.0,100.0,0.0,2.0,100.0,0.0
2021-06-29,,,,,,,,,,,,,0.0,1.9,100.0,0.0
2021-06-30,,,,,,,,,,,,,0.0,2.1,100.0,0.0
2021-07-01,0.0,1.4,83.9,,,,,,,,,,0.0,2.2,100.0,0.0
2021-07-02,,,,0.0,0.2,81.0,,,,,,,0.0,3.9,100.0,0.0
2021-07-03,0.0,1.1,67.0,,,,,,,,,,0.0,2.4,100.0,0.0
2021-07-04,,,,,,,,,,,,,0.0,1.9,100.0,0.0
2021-07-05,,,,,,,,,,,,,0.0,1.9,100.0,0.0
2021-07-06,,,,,,,,,,,,,0.0,2.5,100.0,0.0
2021-07-07,0.0,1.3,83.2,0.0,0.2,84.3,,,,0.0,0.0,100.0,0.0,1.2,100.0,0.0
2021-07-08,,,,,,,,,,0.0,0.0,70.6,0.0,1.6,100.0,0.0
2021-07-09,0.0,1.1,66.5,,,,,,,,,,0.0,1.4,100.0,0.0
2021-07-10,,,,,,,,,,,,,0.0,1.8,100.0,0.0
2021-07-11,,,,,,,,,,0.0,0.0,57.4,0.0,1.2,100.0,0.0
2021-07-12,,,,0.0,0.1,100.0,,,,,,,0.0,1.2,100.0,0.0
2021-07-13,0.0,1.3,83.8,,,,,,,,,,0.0,1.2,100.0,0.0
2021-07-14,0.0,1.2,76.6,,,,,,,,,,0.0,1.1,100.0,0.0
2021-07-15,0.0,1.0,65.8,,,,,,,,,,0.0,1.2,100.0,0.0
2021-07-16,,,,,,,,,,,,,0.0,1.1,100.0,0.0
2021-07-17,,,,,,,,,,,,,0.0,1.0,100.0,0.0
2021-07-18,,,,,,,,,,,,,0.0,0.9,100.0,0.0
2021-07-19,0.0,1.1,83.2,,,,,,,,,,0.0,1.2,100.0,0.0
2021-07-20,,,,,,,,,,0.0,0.0,43.4,0.0,1.0,100.0,0.0
2021-07-21,0.0,1.1,69.3,,,,,,,,,,0.0,1.2,100.0,0.0
2021-07-22,,,,0.0,0.1,91.6,,,,,,,0.0,1.0,100.0,0.0
2021-07-23,,,,,,,,,,0.0,0.0,100.0,0.0,0.9,100.0,0.0
2021-07-24,,,,,,,,,,,,,0.0,0.6,100.0,0.0
2021-07-25,0.0,1.0,85.5,,,,,,,,,,0.0,0.5,100.0,0.0
2021-07-26,0.0,1.1,82.8,,,,,,,0.0,0.0,98.9,0.0,0.3,100.0,0.0
2021-07-27,0.0,1.0,67.7,,,,,,,,,,0.0,0.2,100.0,0.0
2021-07-28,,,,,,,,,,,,,0.0,0.2,100.0,0.0
2021-07-29,,,,,,,,,,,,,0.0,0.1,100.0,0.0
2021-07-30,,,,,,,,,,,,,0.0,0.1,100.0,0.0
2021-07-31,0.0,1.0,83.5,,,,,,,,,,0.0,0.1,100.0,0.0
2021-08-01,,,,,,,,,,,,,0.0,0.1,100.0,0.0
2021-08-02,0.0,1.1,64.8,,,,,,,,,,0.0,0.1,100.0,0.0
2021-08-03,,,,,,,,,,,,,0.0,0.1,100.0,0.0
2021-08-04,,,,,,,,,,,,,0.0,0.1,100.0,0.0
2021-08-05,,,,,,,,,,,,,0.0,0.0,100.0,0.0
2021-08-06,0.0,1.2,83.6,,,,,,,,,,0.0,0.0,100.0,0.0
2021-08-07,0.0,1.1,79.9,,,,,,,,,,0.0,0.0,100.0,0.0
2021-08-08,0.0,1.3,67.3,,,,,,,,,,0.0,0.0,100.0,0.0
2021-08-09,,,,,,,0.0,0.4,99.4,0.0,0.0,100.0,0.0,0.0,100.0,0.0
2021-08-10,,,,,,,,,,,,,0.0,0.0,100.0,0.0
2021-08-11,,,,,,,,,,,,,0.0,0.0,100.0,0.0
2021-08-12,0.0,1.3,85.3,,,,,,,0.0,0.0,100.0,0.0,0.0,100.0,0.0
2021-08-13,,,,,,,,,,,,,0.0,0.0,100.0,0.0
2021-08-14,0.0,1.4,67.9,,,,,,,0.0,0.0,36.2,0.0,0.0,100.0,0.0
2021-08-15,,,,,,,,,,,,,0.0,0.0,100.0,0.0
2021-08-16,,,,,,,,,,,,,0.0,0.0,100.0,0.0
2021-08-17,,,,,,,,,,,,,0.0,0.1,100.0,0.0
2021-08-18,0.0,1.2,83.5,,,,,,,,,,0.0,0.1,100.0,0.0
2021-08-19,,,,,,,,,,0.0,0.0,72.3,0.0,0.1,100.0,0.0
2021-08-20,0.0,1.3,71.7,,,,,,,0.0,0.0,100.0,0.0,0.1,100.0,0.0
2021-08-21,,,,,,,,,,0.0,0.0,100.0,0.0,0.1,100.0,0.0
2021-08-22,,,,,,,,,,,,,0.0,0.1,100.0,0.0
2021-08-23,,,,,,,,,,,,,0.0,0.1,100.0,0.0
2021-08-24,0.0,1.4,83.4,,,,,,,,,,0.0,0.1,100.0,0.0
2021-08-25,,,,,,,,,,0.0,0.0,100.0,0.0,0.2,100.0,0.0
2021-08-26,0.0,1.2,64.9,,,,,,,,,,0.0,0.3,100.0,0.0
2021-08-27,,,,,,,,,,,,,0.0,0.2,100.0,0.0
2021-08-28,,,,,,,,,,,,,0.0,0.2,100.0,0.0
2021-08-29,,,,,,,,,,,,,0.0,0.2,100.0,0.0
2021-08-30,0.0,1.0,84.3,,,,,,,,,,0.0,0.3,100.0,0.0
2021-08-31,0.0,0.9,77.4,,,,,,,,,,0.0,0.3,100.0,0.0
2021-09-01,0.0,1.1,60.3,,,,,,,0.0,0.0,100.0,0.0,0.3,100.0,0.0
2021-09-02,,,,,,,,,,0.0,0.0,100.0,0.0,0.4,100.0,0.0
2021-09-03,,,,,,,,,,0.0,0.0,100.0,0.0,0.5,100.0,0.0
2021-09-04,,,,,,,,,,0.0,0.0,100.0,0.0,0.4,100.0,0.0
2021-09-05,0.0,1.0,80.7,0.0,0.1,100.0,,,,0.0,0.0,100.0,0.0,0.3,100.0,0.0
2021-09-06,,,,,,,,,,0.0,0.0,100.0,0.0,0.3,100.0,0.0
2021-09-07,0.0,0.7,68.5,,,,,,,,,,0.0,0.3,100.0,0.0
2021-09-08,,,,,,,,,,0.0,0.0,100.0,0.0,0.2,100.0,0.0
2021-09-09,,,,,,,,,,0.0,0.0,100.0,0.0,0.2,100.0,0.0
2021-09-10,,,,0.0,0.1,100.0,0.0,0.0,88.6,,,,0.0,0.2,100.0,0.0
2021-09-11,0.0,0.5,86.7,,,,,,,,,,0.0,0.2,100.0,0.0
2021-09-12,0.0,0.4,79.8,,,,,,,,,,0.0,0.1,100.0,0.0
2021-09-13,0.0,0.5,71.7,,,,,,,0.0,0.0,100.0,0.0,0.1,100.0,0.0
2021-09-14,,,,,,,,,,,,,0.0,0.2,100.0,0.0
2021-09-15,,,,,,,,,,,,,0.0,0.1,100.0,0.0
2021-09-16,,,,,,,,,,0.0,0.0,100.0,0.0,0.1,100.0,0.0
2021-09-17,0.0,0.4,83.9,,,,,,,0.0,0.0,100.0,0.0,0.1,100.0,0.0
2021-09-18,,,,,,,,,,,,,0.0,0.2,100.0,0.0
2021-09-19,0.0,0.3,64.1,,,,,,,,,,0.0,0.2,100.0,0.0
2021-09-20,,,,0.0,0.4,41.7,,,,,,,0.0,0.1,100.0,0.0
2021-09-21,,,,,,,,,,,,,0.0,0.2,100.0,0.0
2021-09-22,,,,,,,,,,,,,0.0,0.3,100.0,0.0
2021-09-23,0.0,0.5,86.6,,,,,,,,,,0.0,0.4,100.0,0.0
2021-09-24,0.0,0.6,78.5,,,,,,,,,,0.0,0.3,100.0,0.0
2021-09-25,0.0,0.8,68.6,0.2,0.3,100.0,,,,,,,0.0,0.3,100.0,0.0
2021-09-26,,,,,,,,,,,,,0.0,0.5,100.0,0.0
2021-09-27,,,,,,,,,,,,,0.0,0.6,100.0,0.0
2021-09-28,,,,,,,,,,0.0,0.1,84.5,0.0,0.6,100.0,0.0
2021-09-29,0.0,1.0,85.9,,,,,,,,,,0.0,0.6,100.0,0.0
2021-09-30,,,,,,,,,,,,,0.0,0.9,100.0,0.0
2021-10-01,0.0,1.1,67.7,,,,,,,,,,0.0,0.9,100.0,0.0
2021-10-02,,,,,,,,,,,,,0.0,1.2,100.0,0.0
2021-10-03,,,,,,,,,,0.0,0.1,100.0,0.0,1.0,100.0,0.0
2021-10-04,,,,,,,,,,,,,0.0,1.8,100.0,0.0
2021-10-05,0.0,0.8,83.9,,,,,,,,,,0.0,1.1,100.0,0.0
2021-10-06,0.0,0.8,76.1,,,,,,,,,,0.0,1.5,100.0,0.0
2021-10-07,0.0,0.9,67.4,,,,,,,,,,0.0,1.0,100.0,0.0
2021-10-08,,,,,,,,,,,,,0.0,2.0,100.0,0.0
2021-10-09,,,,,,,,,,0.0,0.1,100.0,0.0,1.5,100.0,0.0
2021-10-10,,,,0.5,0.6,100.0,,,,,,,0.0,1.9,100.0,0.0
2021-10-11,0.0,0.8,86.4,,,,,,,0.0,0.2,100.0,0.0,1.1,100.0,0.0
2021-10-12,,,,,,,,,,,,,0.0,1.6,100.0,0.0
2021-10-13,0.0,0.6,67.9,,,,,,,,,,0.0,1.6,100.0,0.0
2021-10-14,,,,,,,,,,,,,0.0,1.5,100.0,0.0
2021-10-15,,,,0.8,1.5,100.0,,,,0.0,0.2,100.0,0.0,1.0,100.0,0.0
2021-10-16,,,,,,,,,,0.0,0.3,100.0,0.0,1.0,100.0,0.0
2021-10-17,0.0,0.6,85.2,,,,,,,,,,0.0,1.2,100.0,0.0
2021-10-18,0.0,0.6,80.4,,,,,,,,,,0.0,1.3,100.0,0.0
2021-10-19,0.0,0.8,69.1,,,,,,,,,,0.0,1.2,100.0,0.0
2021-10-20,,,,0.9,1.1,100.0,,,,0.0,0.2,100.0,0.0,1.1,100.0,0.0
2021-10-21,,,,,,,,,,,,,0.0,1.1,100.0,0.0
2021-10-22,,,,,,,,,,,,,0.0,0.9,100.0,0.0
2021-10-23,0.0,1.1,87.3,,,,,,,0.0,0.5,100.0,0.0,0.9,100.0,0.0
2021-10-24,,,,,,,,,,,,,0.0,1.1,100.0,0.0
2021-10-25,0.0,0.9,68.5,,,,,,,,,,0.0,0.7,100.0,0.0
2021-10-26,,,,,,,,,,0.0,0.3,100.0,0.0,0.7,100.0,0.0
2021-10-27,,,,,,,,,,,,,0.0,0.9,100.0,0.0
2021-10-28,,,,,,,0.0,0.1,99.9,,,,0.0,1.3,100.0,0.0
2021-10-29,0.0,0.9,85.7,,,,,,,0.0,0.2,100.0,0.0,0.8,100.0,0.0
2021-10-30,0.0,0.9,81.2,0.3,0.5,100.0,,,,0.0,0.1,100.0,0.0,0.8,100.0,0.0
2021-10-31,0.0,1.1,68.4,,,,,,,0.0,0.1,100.0,0.0,0.7,100.0,0.0
2021-11-01,,,,,,,,,,,,,0.0,1.3,100.0,0.0
2021-11-02,,,,,,,,,,0.0,0.0,100.0,0.0,0.8,100.0,0.0
2021-11-03,,,,,,,,,,,,,0.0,1.2,100.0,0.0
2021-11-04,0.0,1.1,86.0,,,,,,,,,,0.0,0.8,100.0,0.0
2021-11-05,,,,,,,,,,,,,0.0,1.7,100.0,0.0
2021-11-06,0.0,1.0,68.9,,,,,,,,,,0.0,1.1,100.0,0.0
2021-11-07,,,,,,,,,,,,,0.0,1.5,100.0,0.0
2021-11-08,,,,,,,,,,0.0,0.0,100.0,0.0,0.9,100.0,0.0
2021-11-09,,,,,,,,,,,,,0.0,1.7,100.0,0.0
2021-11-10,0.0,0.8,86.2,,,,,,,,,,0.0,1.2,100.0,0.0
2021-11-11,0.0,0.9,80.8,,,,,,,,,,0.0,1.5,100.0,0.0
2021-11-12,0.0,1.1,66.9,,,,,,,0.0,0.0,100.0,0.0,1.1,100.0,0.0
2021-11-13,,,,,,,,,,,,,0.0,2.9,100.0,0.0
2021-11-14,,,,,,,,,,,,,0.0,2.6,100.0,0.0
2021-11-15,,,,,,,,,,0.0,0.0,100.0,0.0,3.1,100.0,0.0
2021-11-16,0.0,1.3,86.5,,,,,,,,,,0.0,3.2,100.0,0.0
2021-11-17,,,,,,,,,,,,,0.0,4.9,100.0,0.0
2021-11-18,0.0,0.8,72.6,,,,,,,0.0,0.1,100.0,0.0,3.8,100.0,0.0
2021-11-19,,,,,,,,,,,,,0.0,4.7,100.0,0.0
2021-11-20,,,,,,,,,,0.0,0.3,100.0,0.0,4.0,100.0,0.0
2021-11-21,,,,,,,,,,,,,0.0,6.0,100.0,0.0
2021-11-22,0.0,0.6,85.7,,,,,,,,,,0.0,5.6,100.0,0.0
2021-11-23,0.0,0.6,83.2,,,,,,,0.0,1.2,100.0,0.0,5.9,100.0,0.0
2021-11-24,0.0,0.8,74.0,0.0,0.2,100.0,,,,,,,0.0,5.7,100.0,0.0
2021-11-25,,,,,,,,,,,,,0.0,6.8,100.0,0.0
2021-11-26,,,,,,,,,,,,,0.0,6.4,100.0,0.0
2021-11-27,,,,,,,,,,,,,0.0,7.6,100.0,0.0
2021-11-28,0.0,0.8,87.1,,,,,,,,,,0.0,6.8,100.0,0.0
2021-11-29,,,,,,,,,,,,,0.0,7.5,100.0,0.0
2021-11-30,0.0,0.6,70.7,,,,,,,,,,0.0,6.6,100.0,0.0
2021-12-01,,,,,,,,,,,,,0.0,5.7,100.0,0.0
2021-12-02,,,,,,,,,,,,,0.0,6.6,100.0,0.0
2021-12-03,,,,,,,,,,0.0,4.2,100.0,0.0,6.2,100.0,0.0
2021-12-04,0.0,0.7,86.6,,,,,,,,,,0.0,6.3,100.0,0.0
2021-12-05,0.0,0.9,81.1,,,,,,,,,,0.0,5.1,100.0,0.0
2021-12-06,0.0,1.2,70.4,,,,,,,,,,0.0,5.4,100.0,0.0
2021-12-07,,,,,,,,,,,,,0.0,5.3,100.0,0.0
2021-12-08,,,,,,,,,,,,,0.0,5.1,100.0,0.0
2021-12-09,,,,,,,,,,,,,0.0,3.2,100.0,0.0
2021-12-10,0.0,1.5,86.4,,,,,,,,,,0.0,3.7,100.0,0.0
2021-12-11,,,,,,,,,,,,,0.0,3.3,100.0,0.0
2021-12-12,0.0,1.8,70.3,,,,,,,0.2,10.8,100.0,0.0,3.7,100.0,0.0
2021-12-13,,,,,,,,,,0.5,9.8,100.0,0.0,3.4,100.0,0.0
2021-12-14,,,,0.8,1.7,100.0,,,,,,,0.0,4.7,100.0,0.0
2021-12-15,,,,,,,,,,1.6,13.3,100.0,0.0,4.3,100.0,0.0
2021-12-16,0.0,2.7,86.2,,,,,,,7.3,19.6,100.0,0.0,5.2,100.0,0.0
2021-12-17,0.0,4.3,80.0,,,,,,,32.9,39.8,100.0,0.0,4.8,100.0,0.0
2021-12-18,0.0,4.6,69.1,,,,,,,66.9,56.4,100.0,0.1,6.4,100.0,0.1
2021-12-19,,,,7.2,8.9,100.0,,,,81.0,66.5,100.0,0.2,6.3,100.0,0.2
2021-12-20,,,,,,,,,,64.6,56.2,100.0,0.3,5.9,100.0,0.3
2021-12-21,,,,,,,,,,14.4,24.7,100.0,0.3,5.7,100.0,0.3
2021-12-22,0.0,6.4,86.4,,,,,,,,,,0.3,7.6,100.0,0.3
2021-12-23,,,,,,,0.8,4.3,100.0,,,,0.3,6.8,100.0,0.3
2021-12-24,,,,,,,,,,,,,0.3,6.1,100.0,0.3
2021-12-25,,,,,,,,,,,,,0.5,5.3,100.0,0.5
2021-12-26,,,,,,,,,,5.0,11.6,100.0,0.4,5.7,100.0,0.4
2021-12-27,,,,,,,,,,0.0,3.0,100.0,0.5,5.6,100.0,0.5
2021-12-28,,,,,,,,,,0.4,2.6,100.0,0.2,5.7,100.0,0.2
2021-12-29,,,,,,,,,,,,,0.2,5.5,100.0,0.2
2021-12-30,0.0,7.8,65.2,,,,,,,,,,0.2,6.0,100.0,0.2
2021-12-31,,,,,,,2.1,8.3,93.7,0.0,1.0,100.0,0.2,5.6,100.0,0.2
2022-01-01,,,,,,,,,,,,,0.0,2.6,100.0,0.0
2022-01-02,,,,,,,,,,,,,0.0,2.3,100.0,0.0
2022-01-03,0.1,13.0,85.2,,,,,,,0.0,0.3,100.0,0.0,2.4,100.0,0.0
2022-01-04,,,,,,,,,,,,,0.0,2.5,100.0,0.0
2022-01-05,,,,,,,,,,,,,0.0,2.8,100.0,0.0
2022-01-06,,,,,,,,,,,,,0.0,2.4,100.0,0.0
2022-01-07,,,,,,,,,,,,,0.0,4.0,100.0,0.0
2022-01-08,,,,,,,,,,,,,0.0,3.5,100.0,0.0
2022-01-09,,,,,,,,,,,,,0.0,5.2,100.0,0.0
2022-01-10,,,,,,,,,,0.0,0.6,100.0,0.0,4.2,100.0,0.0
2022-01-11,0.3,20.7,71.8,,,,,,,,,,0.2,7.4,100.0,0.2
2022-01-12,,,,,,,,,,0.0,0.8,100.0,0.1,6.1,100.0,0.1
2022-01-13,,,,8.8,16.2,100.0,,,,,,,1.1,9.3,100.0,1.1
2022-01-14,,,,,,,,,,0.1,1.5,100.0,0.8,7.6,100.0,0.8
2022-01-15,1.0,22.7,82.7,,,,,,,,,,1.5,12.8,100.0,1.5
2022-01-16,,,,,,,17.5,28.0,100.0,,,,1.8,12.2,100.0,1.8
2022-01-17,,,,,,,,,,,,,2.6,15.7,100.0,2.6
2022-01-18,,,,57.7,51.3,100.0,,,,,,,2.4,15.7,100.0,2.4
2022-01-19,,,,,,,,,,,,,2.0,17.4,100.0,2.0
2022-01-20,,,,,,,,,,,,,1.0,14.1,100.0,1.0
2022-01-21,,,,,,,,,,,,,1.2,15.8,100.0,1.2
2022-01-22,,,,,,,,,,,,,0.8,13.4,100.0,0.8
2022-01-23,2.5,28.3,70.9,85.3,71.7,60.8,,,,,,,1.0,16.7,100.0,1.0
2022-01-24,,,,,,,68.1,58.8,50.5,0.0,4.4,100.0,0.5,12.3,100.0,0.5
2022-01-25,,,,,,,,,,,,,0.5,15.6,100.0,0.5
2022-01-26,,,,,,,,,,,,,0.2,13.8,100.0,0.2
2022-01-27,16.4,33.4,84.8,,,,,,,,,,0.2,17.3,100.0,0.2
2022-01-28,,,,,,,,,,,,,0.0,12.8,100.0,0.0
2022-01-29,,,,,,,,,,,,,0.0,16.7,100.0,0.0
2022-01-30,,,,,,,,,,3.4,12.3,100.0,0.1,13.8,100.0,0.1
2022-01-31,,,,,,,,,,,,,0.1,19.0,100.0,0.1
2022-02-01,,,,,,,,,,,,,0.1,19.1,100.0,0.1
2022-02-02,,,,,,,,,,,,,0.2,26.5,100.0,0.2
2022-02-03,,,,,,,,,,19.0,30.7,100.0,1.0,26.5,100.0,1.0
2022-02-04,19.4,35.4,74.0,,,,,,,,,,5.5,39.1,100.0,5.5
2022-02-05,,,,,,,,,,43.0,43.5,100.0,11.6,40.2,100.0,11.6
2022-02-06,,,,,,,,,,,,,39.7,55.0,100.0,39.7
2022-02-07,,,,,,,,,,,,,38.9,52.0,100.0,38.9
2022-02-08,28.5,36.0,80.0,,,,,,,63.3,58.1,89.7,66.1,63.3,100.0,66.1
2022-02-09,,,,,,,97.4,92.0,99.7,69.6,63.3,100.0,68.1,64.4,100.0,68.1
2022-02-10,,,,,,,,,,83.5,75.5,100.0,83.6,72.0,100.0,83.6
2022-02-11,,,,,,,,,,,,,73.3,67.5,100.0,73.3
2022-02-12,,,,97.9,89.1,100.0,,,,88.7,82.8,100.0,88.6,78.5,100.0,88.6
2022-02-13,,,,,,,,,,90.2,83.8,100.0,81.9,73.8,100.0,81.9
2022-02-14,,,,,,,,,,,,,89.5,79.7,100.0,89.5
2022-02-15,,,,,,,,,,,,,82.4,74.1,100.0,82.4
2022-02-16,10.2,32.8,70.3,,,,,,,88.6,81.3,98.0,89.8,80.7,100.0,89.8
2022-02-17,,,,97.5,86.8,47.8,,,,,,,82.8,74.5,100.0,82.8
2022-02-18,,,,,,,,,,88.8,82.6,100.0,87.0,77.0,100.0,87.0
2022-02-19,,,,,,,,,,90.3,83.4,100.0,76.9,70.7,100.0,76.9
2022-02-20,21.6,33.6,85.6,,,,,,,92.3,85.3,100.0,85.9,75.9,100.0,85.9
2022-02-21,,,,,,,,,,,,,74.8,69.9,100.0,74.8
2022-02-22,,,,,,,,,,,,,82.6,74.1,100.0,82.6
2022-02-23,,,,,,,,,,,,,75.1,70.6,100.0,75.1
2022-02-24,,,,,,,,,,,,,78.1,71.1,100.0,78.1
2022-02-25,,,,,,,,,,,,,71.4,68.2,100.0,71.4
2022-02-26,,,,,,,,,,,,,72.7,67.6,100.0,72.7
2022-02-27,,,,100.0,97.2,95.6,,,,,,,83.2,72.3,100.0,83.2
2022-02-28,11.8,32.6,66.0,,,,,,,,,,78.3,67.6,100.0,78.3
2022-03-01,,,,,,,,,,,,,79.5,68.4,100.0,79.5
2022-03-02,,,,,,,,,,,,,82.7,70.3,100.0,82.7
2022-03-03,,,,,,,,,,,,,89.7,74.3,100.0,89.7
2022-03-04,18.8,32.0,84.2,99.8,82.1,100.0,,,,,,,91.7,75.3,100.0,91.7
2022-03-05,,,,,,,99.8,96.4,90.8,92.3,85.2,100.0,93.0,77.5,100.0,93.0
2022-03-06,,,,,,,,,,94.5,87.6,100.0,95.4,77.2,100.0,95.4
2022-03-07,,,,,,,,,,,,,96.4,79.9,100.0,96.4
2022-03-08,,,,,,,,,,,,,96.1,79.0,100.0,96.1
2022-03-09,,,,79.2,63.9,100.0,,,,99.8,92.3,100.0,95.8,80.2,100.0,95.8
2022-03-10,,,,,,,,,,,,,92.3,77.3,100.0,92.3
2022-03-11,,,,,,,,,,,,,87.8,76.1,100.0,87.8
2022-03-12,14.9,33.2,71.7,,,,,,,,,,84.2,74.7,100.0,84.2
2022-03-13,,,,,,,,,,,,,78.8,69.8,100.0,78.8
2022-03-14,,,,51.0,55.5,70.3,,,,,,,75.7,67.0,100.0,75.7
2022-03-15,,,,,,,,,,100.0,93.4,100.0,63.3,60.9,100.0,63.3
2022-03-16,5.2,25.0,84.1,,,,,,,,,,59.5,58.6,100.0,59.5
2022-03-17,,,,,,,,,,,,,50.0,52.5,100.0,50.0
2022-03-18,,,,,,,,,,,,,51.4,52.2,100.0,51.4
2022-03-19,,,,28.3,35.4,100.0,,,,,,,41.8,45.8,100.0,41.8
2022-03-20,,,,,,,,,,,,,40.5,44.7,100.0,40.5
2022-03-21,,,,,,,98.2,88.4,58.1,,,,33.8,39.7,100.0,33.8
2022-03-22,,,,,,,,,,,,,36.0,41.0,100.0,36.0
2022-03-23,,,,,,,,,,,,,29.7,37.2,100.0,29.7
2022-03-24,0.0,14.3,70.5,6.2,20.2,100.0,,,,,,,32.6,38.3,100.0,32.6
2022-03-25,,,,,,,,,,100.0,90.6,100.0,18.6,32.7,100.0,18.6
2022-03-26,,,,,,,,,,,,,15.8,31.9,100.0,15.8
2022-03-27,,,,,,,,,,,,,14.3,30.4,100.0,14.3
2022-03-28,0.0,11.3,83.3,,,,,,,,,,8.3,27.3,100.0,8.3
2022-03-29,,,,38.4,45.6,100.0,,,,,,,5.9,24.9,100.0,5.9
2022-03-30,,,,,,,,,,,,,0.9,20.3,100.0,0.9
2022-03-31,,,,,,,,,,,,,0.5,20.3,100.0,0.5
2022-04-01,,,,,,,,,,,,,0.1,17.2,100.0,0.1
2022-04-02,,,,,,,,,,,,,0.6,22.2,100.0,0.6
2022-04-03,,,,85.1,68.7,100.0,,,,,,,0.8,22.9,100.0,0.8
2022-04-04,,,,,,,,,,,,,3.5,27.3,100.0,3.5
2022-04-05,0.0,10.3,71.7,,,,,,,,,,0.5,21.6,100.0,0.5
2022-04-06,,,,,,,100.0,93.5,31.7,96.4,78.8,53.1,4.4,27.4,100.0,4.4
2022-04-07,,,,,,,,,,,,,0.8,23.9,100.0,0.8
2022-04-08,,,,2.7,13.4,100.0,,,,,,,2.5,25.4,100.0,2.5
2022-04-09,0.1,8.3,86.4,,,,,,,,,,0.1,21.5,100.0,0.1
2022-04-10,,,,,,,,,,,,,0.6,22.7,100.0,0.6
2022-04-11,,,,,,,,,,,,,0.4,21.5,100.0,0.4
2022-04-12,,,,,,,,,,95.0,77.7,100.0,0.7,21.5,100.0,0.7
2022-04-13,,,,0.0,3.9,100.0,,,,,,,0.2,19.1,100.0,0.2
2022-04-14,,,,,,,1.1,6.0,57.0,71.5,60.2,100.0,0.0,14.9,100.0,0.0
2022-04-15,,,,,,,,,,,,,0.0,14.4,100.0,0.0
2022-04-16,,,,,,,,,,,,,0.0,12.5,100.0,0.0
2022-04-17,0.0,5.6,69.8,,,,,,,,,,0.0,11.7,100.0,0.0
2022-04-18,,,,0.0,1.3,100.0,,,,28.3,34.9,93.3,0.0,11.0,100.0,0.0
2022-04-19,,,,,,,,,,,,,0.0,10.8,100.0,0.0
2022-04-20,,,,,,,,,,22.1,32.3,100.0,0.0,10.7,100.0,0.0
2022-04-21,0.0,5.1,87.1,,,,,,,4.4,20.5,100.0,0.0,10.9,100.0,0.0
2022-04-22,0.0,5.6,60.2,,,,,,,,,,0.0,10.6,100.0,0.0
2022-04-23,,,,0.0,2.8,54.5,,,,,,,0.0,10.2,100.0,0.0
2022-04-24,,,,,,,,,,,,,0.0,10.3,100.0,0.0
2022-04-25,,,,,,,,,,,,,0.0,10.7,100.0,0.0
2022-04-26,,,,,,,,,,,,,0.0,10.9,100.0,0.0
2022-04-27,,,,,,,,,,,,,0.0,10.1,100.0,0.0
2022-04-28,,,,0.0,0.6,100.0,,,,,,,0.0,10.2,100.0,0.0
2022-04-29,0.0,6.8,71.0,,,,,,,,,,0.0,9.1,100.0,0.0
2022-04-30,,,,,,,0.7,1.5,44.3,0.0,13.9,100.0,0.0,9.0,100.0,0.0
2022-05-01,,,,,,,,,,,,,0.0,9.4,100.0,0.0
2022-05-02,,,,,,,,,,,,,0.0,9.6,100.0,0.0
2022-05-03,0.0,7.7,87.3,0.0,0.3,100.0,,,,,,,0.0,9.4,100.0,0.0
2022-05-04,,,,,,,,,,0.0,6.1,100.0,0.0,8.8,100.0,0.0
2022-05-05,,,,,,,,,,0.0,4.8,95.5,0.0,8.6,100.0,0.0
2022-05-06,,,,,,,,,,,,,0.0,9.1,100.0,0.0
2022-05-07,,,,,,,,,,,,,0.0,9.7,100.0,0.0
2022-05-08,,,,,,,,,,,,,0.0,9.2,100.0,0.0
2022-05-09,,,,,,,,,,,,,0.0,8.5,100.0,0.0
2022-05-10,,,,,,,,,,0.0,1.6,98.8,0.0,7.7,100.0,0.0
2022-05-11,0.0,6.7,68.4,,,,,,,,,,0.0,9.8,100.0,0.0
2022-05-12,,,,,,,,,,,,,0.0,8.3,100.0,0.0
2022-05-13,,,,0.0,0.5,71.5,,,,,,,0.0,6.8,100.0,0.0
2022-05-14,,,,,,,,,,,,,0.0,5.8,100.0,0.0
2022-05-15,0.0,6.9,85.8,,,,,,,,,,0.0,5.7,100.0,0.0
2022-05-16,,,,,,,,,,,,,0.0,5.2,100.0,0.0
2022-05-17,,,,,,,,,,,,,0.0,4.2,100.0,0.0
2022-05-18,,,,0.0,0.1,100.0,,,,,,,0.0,2.8,100.0,0.0
2022-05-19,,,,,,,,,,,,,0.0,2.5,100.0,0.0
2022-05-20,,,,,,,,,,,,,0.0,1.9,100.0,0.0
2022-05-21,,,,,,,,,,,,,0.0,1.6,100.0,0.0
2022-05-22,,,,,,,,,,,,,0.0,1.3,100.0,0.0
2022-05-23,,,,0.0,0.2,58.6,,,,,,,0.0,1.4,100.0,0.0
2022-05-24,,,,,,,,,,,,,0.0,0.9,100.0,0.0
2022-05-25,,,,,,,,,,,,,0.0,1.0,100.0,0.0
2022-05-26,,,,,,,,,,,,,0.0,0.9,100.0,0.0
2022-05-27,0.0,6.9,86.6,,,,,,,,,,0.0,1.3,100.0,0.0
2022-05-28,0.0,6.8,80.5,,,,,,,,,,0.0,1.3,100.0,0.0
2022-05-29,,,,,,,,,,,,,0.0,1.7,100.0,0.0
2022-05-30,,,,,,,,,,,,,0.0,1.6,100.0,0.0
2022-05-31,,,,,,,,,,,,,0.0,3.1,100.0,0.0
2022-06-01,,,,,,,,,,,,,0.0,2.7,100.0,0.0
2022-06-02,,,,,,,,,,,,,0.0,3.1,100.0,0.0
2022-06-03,,,,,,,,,,,,,0.0,2.3,100.0,0.0
2022-06-04,0.0,5.6,69.8,,,,,,,,,,0.0,3.0,100.0,0.0
2022-06-05,,,,,,,,,,,,,0.0,2.9,100.0,0.0
2022-06-06,,,,,,,,,,0.0,0.2,100.0,0.0,2.9,100.0,0.0
2022-06-07,,,,,,,,,,,,,0.0,2.6,100.0,0.0
2022-06-08,0.0,4.0,83.9,,,,,,,,,,0.0,2.7,100.0,0.0
2022-06-09,,,,,,,,,,,,,0.0,3.3,100.0,0.0
2022-06-10,,,,,,,,,,,,,0.0,3.4,100.0,0.0
2022-06-11,,,,,,,,,,0.0,0.1,62.6,0.0,3.0,100.0,0.0
2022-06-12,,,,0.0,0.1,100.0,,,,0.0,0.0,100.0,0.0,2.8,100.0,0.0
2022-06-13,,,,,,,,,,,,,0.0,3.9,100.0,0.0
2022-06-14,,,,,,,,,,0.0,0.0,100.0,0.0,2.7,100.0,0.0
2022-06-15,,,,,,,,,,,,,0.0,2.7,100.0,0.0
2022-06-16,0.0,3.3,71.6,,,,,,,0.0,0.0,90.9,0.0,2.2,100.0,0.0
2022-06-17,,,,,,,,,,,,,0.0,2.7,100.0,0.0
2022-06-18,,,,,,,,,,0.0,0.0,100.0,0.0,1.6,100.0,0.0
2022-06-19,,,,,,,,,,,,,0.0,1.2,100.0,0.0
2022-06-20,0.0,2.7,86.7,,,,,,,,,,0.0,1.5,100.0,0.0
2022-06-21,,,,,,,,,,,,,0.0,1.7,100.0,0.0
2022-06-22,,,,,,,,,,0.0,0.0,100.0,0.0,1.3,100.0,0.0
2022-06-23,,,,,,,,,,0.0,0.0,100.0,0.0,0.9,100.0,0.0
2022-06-24,,,,,,,,,,,,,0.0,1.2,100.0,0.0
2022-06-25,,,,,,,0.9,0.9,59.5,,,,0.0,1.5,100.0,0.0
2022-06-26,,,,,,,,,,,,,0.0,1.5,100.0,0.0
2022-06-27,,,,0.0,0.1,100.0,,,,0.0,0.0,100.0,0.0,0.7,100.0,0.0
2022-06-28,0.0,2.3,68.9,,,,,,,0.0,0.0,100.0,0.0,0.6,100.0,0.0
2022-06-29,,,,,,,,,,,,,0.0,0.6,100.0,0.0
2022-06-30,,,,,,,,,,,,,0.0,0.6,100.0,0.0
2022-07-01,,,,,,,,,,,,,0.0,0.4,100.0,0.0
2022-07-02,0.0,2.4,87.1,0.0,0.1,100.0,,,,,,,0.0,0.4,100.0,0.0
2022-07-03,,,,,,,,,,,,,0.0,0.4,100.0,0.0
2022-07-04,,,,,,,,,,,,,0.0,0.4,100.0,0.0
2022-07-05,,,,,,,,,,,,,0.0,0.3,100.0,0.0
2022-07-06,,,,,,,,,,,,,0.0,0.1,100.0,0.0
2022-07-07,,,,,,,,,,,,,0.0,0.1,100.0,0.0
2022-07-08,,,,,,,,,,,,,0.0,0.1,100.0,0.0
2022-07-09,,,,,,,,,,,,,0.0,0.1,100.0,0.0
2022-07-10,0.0,2.0,67.0,,,,,,,,,,0.0,0.1,100.0,0.0
2022-07-11,,,,,,,0.1,0.2,78.9,,,,0.0,0.1,100.0,0.0
2022-07-12,,,,0.0,0.1,69.4,,,,,,,0.0,0.1,100.0,0.0
2022-07-13,,,,,,,,,,,,,0.0,0.2,100.0,0.0
2022-07-14,0.0,2.1,86.1,,,,,,,,,,0.0,0.2,100.0,0.0
2022-07-15,,,,,,,,,,,,,0.0,0.2,100.0,0.0
2022-07-16,,,,,,,,,,,,,0.0,0.1,100.0,0.0
2022-07-17,,,,0.0,0.1,100.0,,,,,,,0.0,0.1,100.0,0.0
2022-07-18,,,,,,,,,,,,,0.0,0.1,100.0,0.0
2022-07-19,,,,,,,0.0,0.0,99.8,0.0,0.0,100.0,0.0,0.1,100.0,0.0
2022-07-20,,,,,,,,,,,,,0.0,0.0,100.0,0.0
2022-07-21,,,,,,,,,,,,,0.0,0.0,100.0,0.0
2022-07-22,0.0,2.7,75.2,0.0,0.1,100.0,,,,0.0,0.0,99.5,0.0,0.0,100.0,0.0
2022-07-23,,,,,,,,,,,,,0.0,0.0,100.0,0.0
2022-07-24,,,,,,,,,,,,,0.0,0.0,100.0,0.0
2022-07-25,,,,,,,,,,,,,0.0,0.0,100.0,0.0
2022-07-26,0.0,2.4,86.2,,,,,,,,,,0.0,0.0,100.0,0.0
2022-07-27,,,,,,,,,,,,,0.0,0.0,100.0,0.0
2022-07-28,,,,,,,,,,0.0,0.0,53.5,0.0,0.0,100.0,0.0
2022-07-29,,,,,,,,,,,,,0.0,0.0,100.0,0.0
2022-07-30,,,,,,,,,,,,,0.0,0.0,100.0,0.0
2022-07-31,,,,,,,,,,,,,0.0,0.0,100.0,0.0
2022-08-01,,,,,,,,,,,,,0.0,0.0,100.0,0.0
2022-08-02,,,,,,,,,,,,,0.0,0.0,100.0,0.0
2022-08-03,0.0,2.5,70.5,,,,,,,0.0,0.0,100.0,0.0,0.0,100.0,0.0
2022-08-04,,,,,,,0.0,0.0,100.0,0.0,0.0,88.3,0.0,0.0,100.0,0.0
2022-08-05,,,,,,,,,,,,,0.0,0.0,100.0,0.0
2022-08-06,,,,,,,,,,,,,0.0,0.0,100.0,0.0
2022-08-07,,,,,,,,,,,,,0.0,0.1,100.0,0.0
2022-08-08,,,,,,,,,,,,,0.0,0.1,100.0,0.0
2022-08-09,,,,,,,,,,0.0,0.0,100.0,0.0,0.1,100.0,0.0
2022-08-10,,,,,,,,,,,,,0.0,0.2,100.0,0.0
2022-08-11,,,,0.0,0.1,94.8,,,,,,,0.0,0.3,100.0,0.0
2022-08-12,,,,,,,,,,,,,0.0,0.3,100.0,0.0
2022-08-13,,,,,,,,,,0.0,0.0,100.0,0.0,0.3,100.0,0.0
2022-08-14,,,,,,,,,,0.0,0.0,100.0,0.0,0.3,100.0,0.0
2022-08-15,0.0,2.2,72.4,,,,,,,,,,0.0,0.4,100.0,0.0
2022-08-16,,,,0.0,0.1,78.6,,,,0.0,0.0,100.0,0.0,0.3,100.0,0.0
2022-08-17,,,,,,,,,,0.0,0.0,100.0,0.0,0.2,100.0,0.0
2022-08-18,,,,,,,,,,,,,0.0,0.2,100.0,0.0
2022-08-19,,,,,,,,,,,,,0.0,0.3,100.0,0.0
2022-08-20,,,,,,,,,,,,,0.0,0.5,100.0,0.0
2022-08-21,,,,0.0,0.1,100.0,,,,0.0,0.1,96.1,0.0,0.4,100.0,0.0
2022-08-22,,,,,,,,,,0.0,0.0,65.2,0.0,0.3,100.0,0.0
2022-08-23,,,,,,,,,,0.0,0.0,100.0,0.0,0.4,100.0,0.0
2022-08-24,,,,,,,,,,0.0,0.0,100.0,0.0,0.3,100.0,0.0
2022-08-25,,,,,,,,,,0.0,0.0,100.0,0.0,0.3,100.0,0.0
2022-08-26,,,,0.0,0.1,32.1,,,,,,,0.0,0.2,100.0,0.0
2022-08-27,0.0,1.7,67.4,,,,,,,,,,0.0,0.2,100.0,0.0
2022-08-28,,,,,,,,,,,,,0.0,0.1,100.0,0.0
2022-08-29,,,,,,,,,,,,,0.0,0.2,100.0,0.0
2022-08-30,,,,,,,,,,0.0,0.0,100.0,0.0,0.0,100.0,0.0
2022-08-31,0.0,1.5,84.2,,,,,,,,,,0.0,0.1,100.0,0.0
2022-09-01,,,,,,,,,,0.0,0.0,100.0,0.0,0.0,100.0,0.0
2022-09-02,,,,,,,,,,,,,0.0,0.1,100.0,0.0
2022-09-03,,,,,,,,,,0.0,0.0,100.0,0.0,0.0,100.0,0.0
2022-09-04,,,,,,,,,,,,,0.0,0.1,100.0,0.0
2022-09-05,,,,,,,0.0,0.0,36.7,0.0,0.0,100.0,0.0,0.0,100.0,0.0
2022-09-06,,,,,,,,,,,,,0.0,0.1,100.0,0.0
2022-09-07,,,,,,,,,,,,,0.0,0.0,100.0,0.0
2022-09-08,0.0,1.3,68.3,,,,,,,,,,0.0,0.0,100.0,0.0
2022-09-09,,,,,,,,,,,,,0.0,0.0,100.0,0.0
2022-09-10,,,,,,,,,,,,,0.0,0.0,100.0,0.0
2022-09-11,,,,,,,,,,,,,0.0,0.0,100.0,0.0
2022-09-12,0.0,1.3,87.3,,,,,,,0.0,0.0,100.0,0.0,0.0,100.0,0.0
2022-09-13,,,,,,,0.0,0.0,98.0,,,,0.0,0.0,100.0,0.0
2022-09-14,,,,,,,,,,,,,0.0,0.0,100.0,0.0
2022-09-15,,,,0.0,0.1,70.4,,,,,,,0.0,0.0,100.0,0.0
2022-09-16,,,,,,,,,,,,,0.0,0.0,100.0,0.0
2022-09-17,,,,,,,,,,,,,0.0,0.1,100.0,0.0
2022-09-18,,,,,,,,,,,,,0.0,0.1,100.0,0.0
2022-09-19,,,,,,,,,,,,,0.0,0.1,100.0,0.0
2022-09-20,0.0,1.1,70.6,,,,,,,,,,0.0,0.1,100.0,0.0
2022-09-21,,,,,,,,,,,,,0.0,0.1,100.0,0.0
2022-09-22,,,,,,,,,,,,,0.0,0.1,100.0,0.0
2022-09-23,,,,,,,,,,,,,0.0,0.1,100.0,0.0
2022-09-24,0.0,1.2,86.3,,,,,,,,,,0.0,0.2,100.0,0.0
2022-09-25,,,,,,,,,,,,,0.0,0.2,100.0,0.0
2022-09-26,,,,,,,,,,,,,0.0,0.3,100.0,0.0
2022-09-27,,,,,,,,,,,,,0.0,0.2,100.0,0.0
2022-09-28,,,,,,,,,,,,,0.0,0.3,100.0,0.0
2022-09-29,,,,,,,,,,,,,0.0,0.3,100.0,0.0
2022-09-30,,,,,,,,,,,,,0.0,0.5,100.0,0.0
2022-10-01,,,,,,,,,,,,,0.0,0.4,100.0,0.0
2022-10-02,0.0,1.0,65.5,,,,,,,,,,0.0,0.4,100.0,0.0
2022-10-03,,,,,,,,,,,,,0.0,0.4,100.0,0.0
2022-10-04,,,,,,,,,,,,,0.0,0.3,100.0,0.0
2022-10-05,,,,0.0,0.1,100.0,,,,,,,0.0,0.3,100.0,0.0
2022-10-06,0.0,1.3,86.7,,,,,,,0.0,0.0,100.0,0.0,0.3,100.0,0.0
2022-10-07,,,,,,,0.0,0.0,100.0,0.0,0.1,100.0,0.0,0.4,100.0,0.0
2022-10-08,,,,,,,,,,0.0,0.1,100.0,0.0,0.3,100.0,0.0
2022-10-09,,,,,,,,,,,,,0.0,0.4,100.0,0.0
2022-10-10,,,,0.2,0.3,100.0,,,,0.0,0.0,100.0,0.0,0.3,100.0,0.0
2022-10-11,,,,,,,,,,,,,0.0,0.6,100.0,0.0
2022-10-12,,,,,,,,,,,,,0.0,0.5,100.0,0.0
2022-10-13,,,,,,,,,,,,,0.0,0.7,100.0,0.0
2022-10-14,0.0,1.2,73.3,,,,,,,,,,0.0,0.8,100.0,0.0
2022-10-15,,,,,,,,,,,,,0.0,1.5,100.0,0.0
2022-10-16,,,,,,,,,,0.0,0.0,100.0,0.0,0.9,100.0,0.0
2022-10-17,,,,,,,,,,0.0,0.0,100.0,0.0,0.9,100.0,0.0
2022-10-18,0.0,1.3,87.2,,,,,,,0.0,0.0,100.0,0.0,1.1,100.0,0.0
2022-10-19,,,,,,,,,,,,,0.0,1.4,100.0,0.0
2022-10-20,,,,,,,,,,0.0,0.0,100.0,0.0,1.0,100.0,0.0
2022-10-21,,,,,,,,,,,,,0.0,1.1,100.0,0.0
2022-10-22,,,,,,,,,,,,,0.0,1.1,100.0,0.0
2022-10-23,,,,,,,,,,,,,0.0,1.4,100.0,0.0
2022-10-24,,,,,,,,,,,,,0.0,1.2,100.0,0.0
2022-10-25,,,,0.1,0.3,100.0,,,,,,,0.0,1.0,100.0,0.0
2022-10-26,0.0,1.6,73.6,,,,,,,,,,0.0,0.9,100.0,0.0
2022-10-27,,,,,,,,,,0.0,0.0,100.0,0.0,1.0,100.0,0.0
2022-10-28,,,,,,,,,,,,,0.0,0.9,100.0,0.0
2022-10-29,,,,,,,,,,,,,0.0,0.9,100.0,0.0
2022-10-30,0.0,1.7,86.6,0.0,0.2,100.0,,,,0.0,0.0,100.0,0.0,0.8,100.0,0.0
2022-10-31,,,,,,,0.0,0.0,89.4,,,,0.0,0.9,100.0,0.0
2022-11-01,,,,,,,,,,0.0,0.0,100.0,0.0,0.7,100.0,0.0
2022-11-02,,,,,,,,,,0.0,0.3,100.0,0.0,0.9,100.0,0.0
2022-11-03,,,,,,,,,,,,,0.0,1.2,100.0,0.0
2022-11-04,,,,,,,,,,,,,0.0,1.3,100.0,0.0
2022-11-05,,,,,,,,,,0.0,1.4,100.0,0.0,1.2,100.0,0.0
2022-11-06,,,,,,,,,,,,,0.0,1.4,100.0,0.0
2022-11-07,0.0,2.0,73.9,,,,,,,,,,0.0,2.0,100.0,0.0
2022-11-08,,,,,,,,,,,,,0.0,2.1,100.0,0.0
2022-11-09,,,,0.0,0.5,100.0,,,,,,,0.0,2.3,100.0,0.0
2022-11-10,,,,,,,,,,,,,0.0,1.7,100.0,0.0
2022-11-11,0.0,2.3,88.8,,,,,,,,,,0.0,2.5,100.0,0.0
2022-11-12,,,,,,,,,,0.0,3.8,100.0,0.0,2.0,100.0,0.0
2022-11-13,,,,,,,,,,,,,0.0,3.5,100.0,0.0
2022-11-14,,,,0.7,1.2,100.0,,,,,,,0.0,2.6,100.0,0.0
2022-11-15,,,,,,,,,,,,,0.0,4.4,100.0,0.0
2022-11-16,,,,,,,,,,0.0,5.7,100.0,0.0,4.6,100.0,0.0
2022-11-17,,,,,,,,,,,,,0.0,8.2,100.0,0.0
2022-11-18,,,,,,,,,,,,,0.0,7.2,100.0,0.0
2022-11-19,0.0,2.4,71.4,0.0,1.1,100.0,,,,,,,0.0,9.7,100.0,0.0
2022-11-20,,,,,,,,,,,,,0.0,9.2,100.0,0.0
2022-11-21,,,,,,,,,,,,,0.0,12.1,100.0,0.0
2022-11-22,,,,,,,,,,,,,0.0,10.5,100.0,0.0
2022-11-23,0.0,3.1,86.7,,,,,,,,,,0.0,12.4,100.0,0.0
2022-11-24,,,,,,,,,,,,,0.0,9.7,100.0,0.0
2022-11-25,,,,,,,,,,,,,0.0,10.7,100.0,0.0
2022-11-26,,,,,,,,,,,,,0.0,8.5,100.0,0.0
2022-11-27,,,,,,,,,,0.3,9.0,100.0,0.0,10.8,100.0,0.0
2022-11-28,,,,,,,,,,,,,0.0,8.8,100.0,0.0
2022-11-29,,,,,,,,,,,,,0.0,9.3,100.0,0.0
2022-11-30,,,,,,,,,,,,,0.0,7.2,100.0,0.0
2022-12-01,0.0,3.5,73.0,,,,,,,4.3,19.0,100.0,0.0,7.9,100.0,0.0
2022-12-02,,,,,,,,,,,,,0.0,6.4,100.0,0.0
2022-12-03,,,,,,,,,,,,,0.0,7.4,100.0,0.0
2022-12-04,,,,,,,,,,,,,0.0,4.8,100.0,0.0
2022-12-05,0.0,4.1,87.0,,,,,,,27.8,36.0,100.0,0.0,5.3,100.0,0.0
2022-12-06,,,,,,,,,,32.8,38.8,100.0,0.0,3.9,100.0,0.0
2022-12-07,,,,,,,,,,,,,0.0,4.9,100.0,0.0
2022-12-08,,,,,,,,,,11.3,30.2,100.0,0.0,3.8,100.0,0.0
2022-12-09,,,,,,,,,,,,,0.0,4.3,100.0,0.0
2022-12-10,,,,,,,,,,0.9,20.1,100.0,0.0,3.0,100.0,0.0
2022-12-11,,,,,,,,,,,,,0.0,4.1,100.0,0.0
2022-12-12,,,,,,,,,,,,,0.0,3.0,100.0,0.0
2022-12-13,0.0,4.5,73.4,,,,,,,,,,0.0,3.6,100.0,0.0
2022-12-14,,,,8.7,14.3,100.0,,,,1.5,17.1,100.0,0.0,2.5,100.0,0.0
2022-12-15,,,,,,,,,,,,,0.0,2.9,100.0,0.0
2022-12-16,,,,,,,,,,0.2,9.8,100.0,0.0,2.2,100.0,0.0
2022-12-17,0.0,5.7,85.8,,,,,,,0.0,5.4,100.0,0.0,2.6,100.0,0.0
2022-12-18,,,,,,,0.0,1.3,100.0,0.2,5.5,100.0,0.0,2.2,100.0,0.0
2022-12-19,,,,,,,,,,,,,0.0,2.4,100.0,0.0
2022-12-20,,,,,,,,,,,,,0.0,2.3,100.0,0.0
2022-12-21,,,,,,,,,,,,,0.0,2.6,100.0,0.0
2022-12-22,,,,,,,,,,,,,0.0,3.2,100.0,0.0
2022-12-23,,,,,,,,,,0.3,5.2,62.5,0.0,2.9,100.0,0.0
2022-12-24,,,,,,,,,,,,,0.0,3.1,100.0,0.0
2022-12-25,0.0,6.1,69.2,,,,,,,,,,0.0,3.3,100.0,0.0
2022-12-26,,,,,,,,,,,,,0.0,4.5,100.0,0.0
2022-12-27,,,,,,,,,,0.2,6.4,100.0,0.0,4.2,100.0,0.0
2022-12-28,,,,,,,,,,,,,0.0,4.9,100.0,0.0
2022-12-29,0.0,9.1,84.4,69.7,62.9,93.1,,,,0.2,5.2,100.0,0.0,5.8,100.0,0.0
2022-12-30,,,,,,,,,,,,,0.0,6.9,100.0,0.0
2022-12-31,,,,,,,,,,,,,0.0,7.4,100.0,0.0
2023-01-01,,,,,,,,,,,,,0.0,11.9,100.0,0.0
2023-01-02,,,,,,,,,,,,,0.8,14.7,100.0,0.8
2023-01-03,,,,,,,,,,,,,0.5,16.8,100.0,0.5
2023-01-04,,,,,,,,,,,,,1.2,19.2,100.0,1.2
2023-01-05,,,,,,,,,,9.6,18.3,100.0,1.0,16.7,100.0,1.0
2023-01-06,0.1,14.4,62.4,,,,,,,,,,1.3,19.0,100.0,1.3
2023-01-07,,,,,,,,,,,,,1.3,18.4,100.0,1.3
2023-01-08,,,,,,,,,,,,,0.4,19.5,100.0,0.4
2023-01-09,,,,,,,,,,,,,0.4,19.9,100.0,0.4
2023-01-10,0.4,18.8,82.3,,,,,,,,,,0.2,22.0,100.0,0.2
2023-01-11,,,,,,,,,,46.1,46.5,100.0,0.1,21.3,100.0,0.1
2023-01-12,,,,,,,,,,91.8,72.6,100.0,0.0,21.9,100.0,0.0
2023-01-13,,,,,,,,,,,,,0.0,20.5,100.0,0.0
2023-01-14,,,,,,,,,,,,,0.0,21.9,100.0,0.0
2023-01-15,,,,,,,,,,,,,0.0,18.1,100.0,0.0
2023-01-16,,,,,,,,,,,,,0.0,19.6,100.0,0.0
2023-01-17,,,,,,,,,,,,,0.0,18.2,100.0,0.0
2023-01-18,3.4,25.4,64.5,,,,,,,,,,0.0,19.3,100.0,0.0
2023-01-19,,,,,,,,,,,,,0.0,17.5,100.0,0.0
2023-01-20,,,,,,,,,,,,,0.0,21.0,100.0,0.0
2023-01-21,,,,,,,,,,,,,0.0,23.8,100.0,0.0
2023-01-22,10.8,28.6,80.4,,,,,,,,,,0.0,26.9,100.0,0.0
2023-01-23,,,,,,,,,,,,,0.0,27.5,100.0,0.0
2023-01-24,,,,,,,,,,,,,0.6,32.0,100.0,0.6
2023-01-25,,,,,,,,,,,,,3.2,39.0,100.0,3.2
2023-01-26,,,,,,,,,,,,,5.2,41.1,100.0,5.2
2023-01-27,,,,,,,,,,,,,14.3,44.1,100.0,14.3
2023-01-28,,,,,,,,,,99.7,86.5,100.0,25.7,47.9,100.0,25.7
2023-01-29,,,,,,,,,,,,,38.1,52.4,100.0,38.1
2023-01-30,24.8,35.7,68.8,,,,,,,,,,56.6,59.5,100.0,56.6
2023-01-31,,,,,,,,,,99.9,88.1,47.2,56.0,59.0,100.0,56.0
2023-02-01,,,,,,,,,,,,,64.7,63.0,100.0,64.7
2023-02-02,,,,,,,,,,,,,72.1,66.4,100.0,72.1
2023-02-03,12.5,30.7,81.4,,,,,,,,,,81.2,71.0,100.0,81.2
2023-02-04,,,,,,,,,,,,,82.7,70.5,100.0,82.7
2023-02-05,,,,,,,95.0,91.0,65.5,99.4,90.1,98.6,95.3,76.6,100.0,95.3
2023-02-06,,,,,,,,,,,,,96.7,76.3,100.0,96.7
2023-02-07,,,,99.1,92.0,100.0,,,,99.9,92.1,94.1,99.8,82.9,100.0,99.8
2023-02-08,,,,,,,,,,99.8,92.5,100.0,98.9,80.3,100.0,98.9
2023-02-09,,,,,,,,,,99.8,92.3,100.0,99.7,82.0,100.0,99.7
2023-02-10,,,,,,,,,,99.6,89.7,100.0,100.0,82.9,100.0,100.0
2023-02-11,8.2,29.8,64.8,,,,,,,,,,100.0,84.5,100.0,100.0
2023-02-12,,,,,,,,,,97.7,84.5,100.0,99.9,83.1,100.0,99.9
2023-02-13,,,,,,,98.9,92.4,72.2,97.8,81.5,100.0,99.9,84.8,100.0,99.9
2023-02-14,,,,,,,,,,94.7,77.9,100.0,99.8,83.4,100.0,99.8
2023-02-15,6.0,27.2,80.2,,,,,,,97.3,81.3,100.0,97.7,81.4,100.0,97.7
2023-02-16,,,,,,,,,,98.9,84.0,100.0,95.0,80.1,100.0,95.0
2023-02-17,,,,,,,,,,89.7,76.1,100.0,85.3,77.4,100.0,85.3
2023-02-18,,,,,,,,,,69.5,62.9,100.0,79.8,75.7,100.0,79.8
2023-02-19,,,,,,,,,,54.9,47.6,100.0,61.7,70.4,100.0,61.7
2023-02-20,,,,,,,,,,,,,69.4,71.5,100.0,69.4
2023-02-21,,,,,,,,,,,,,53.0,63.1,100.0,53.0
2023-02-22,,,,70.8,67.3,100.0,,,,,,,52.4,62.9,100.0,52.4
2023-02-23,6.2,28.6,64.3,,,,,,,,,,46.6,52.3,100.0,46.6
2023-02-24,,,,,,,,,,,,,46.6,52.7,100.0,46.6
2023-02-25,,,,,,,,,,42.5,38.8,100.0,35.8,45.5,100.0,35.8
2023-02-26,,,,,,,,,,22.9,25.6,100.0,40.1,47.7,100.0,40.1
2023-02-27,3.3,24.4,76.0,100.0,98.6,40.6,,,,19.1,23.6,100.0,36.4,45.1,100.0,36.4
2023-02-28,,,,,,,,,,,,,39.3,49.6,100.0,39.3
2023-03-01,,,,,,,,,,24.1,27.3,100.0,28.1,42.4,100.0,28.1
2023-03-02,,,,,,,,,,,,,35.9,48.7,100.0,35.9
2023-03-03,,,,,,,,,,44.6,40.6,100.0,28.5,44.4,100.0,28.5
2023-03-04,,,,,,,,,,68.5,58.1,100.0,31.0,46.8,100.0,31.0
2023-03-05,,,,,,,,,,,,,27.6,45.0,100.0,27.6
2023-03-06,,,,,,,,,,94.8,81.1,100.0,33.5,47.9,100.0,33.5
2023-03-07,4.7,27.7,60.3,,,,,,,,,,22.1,42.5,100.0,22.1
2023-03-08,,,,,,,,,,,,,33.2,46.4,100.0,33.2
2023-03-09,,,,31.6,37.5,49.2,,,,,,,22.3,42.3,100.0,22.3
2023-03-10,,,,,,,,,,,,,35.8,45.0,100.0,35.8
2023-03-11,6.3,28.3,77.8,,,,,,,,,,21.4,39.3,100.0,21.4
2023-03-12,,,,,,,,,,,,,35.5,43.3,100.0,35.5
2023-03-13,,,,,,,,,,99.9,88.8,100.0,32.9,41.2,100.0,32.9
2023-03-14,,,,,,,,,,,,,41.6,43.6,100.0,41.6
2023-03-15,,,,,,,,,,,,,32.0,39.9,100.0,32.0
2023-03-16,,,,,,,70.6,67.1,94.1,,,,43.6,44.8,100.0,43.6
2023-03-17,,,,,,,,,,,,,31.4,38.4,100.0,31.4
2023-03-18,,,,,,,,,,,,,38.5,40.4,100.0,38.5
2023-03-19,16.4,32.5,65.8,40.3,38.2,100.0,,,,,,,29.0,37.4,100.0,29.0
2023-03-20,,,,,,,,,,,,,38.4,40.7,100.0,38.4
2023-03-21,,,,,,,,,,,,,23.3,35.3,100.0,23.3
2023-03-22,,,,,,,,,,,,,28.4,36.2,100.0,28.4
2023-03-23,14.8,31.4,80.4,,,,,,,100.0,92.4,99.9,11.1,30.5,100.0,11.1
2023-03-24,,,,,,,,,,,,,9.4,29.9,100.0,9.4
2023-03-25,,,,,,,,,,,,,2.4,23.7,100.0,2.4
2023-03-26,,,,,,,,,,,,,2.9,24.0,100.0,2.9
2023-03-27,,,,,,,,,,,,,0.8,20.7,100.0,0.8
2023-03-28,,,,,,,,,,,,,1.8,23.2,100.0,1.8
2023-03-29,,,,,,,,,,100.0,90.7,93.9,0.8,21.5,100.0,0.8
2023-03-30,,,,,,,,,,,,,1.3,22.1,100.0,1.3
2023-03-31,7.6,30.4,64.4,,,,,,,,,,0.4,21.4,100.0,0.4
2023-04-01,,,,,,,,,,,,,0.3,19.0,100.0,0.3
2023-04-02,,,,,,,,,,,,,0.3,19.3,100.0,0.3
2023-04-03,,,,,,,,,,,,,0.1,16.9,100.0,0.1
2023-04-04,9.1,30.1,81.0,,,,,,,,,,0.1,19.5,100.0,0.1
2023-04-05,,,,,,,,,,,,,0.0,16.8,100.0,0.0
2023-04-06,,,,,,,,,,,,,0.1,21.1,100.0,0.1
2023-04-07,,,,,,,,,,,,,0.0,19.6,100.0,0.0
2023-04-08,,,,,,,,,,,,,0.1,25.5,100.0,0.1
2023-04-09,,,,,,,,,,,,,0.0,19.9,100.0,0.0
2023-04-10,,,,,,,,,,100.0,90.6,84.1,0.1,27.1,100.0,0.1
2023-04-11,,,,,,,,,,,,,0.0,21.1,100.0,0.0
2023-04-12,2.4,29.1,64.4,,,,,,,,,,0.0,27.3,100.0,0.0
2023-04-13,,,,,,,,,,,,,0.0,20.9,100.0,0.0
2023-04-14,,,,,,,,,,,,,0.0,27.0,100.0,0.0
2023-04-15,,,,,,,,,,,,,0.8,23.3,100.0,0.8
2023-04-16,0.9,25.8,79.8,,,,,,,,,,1.6,31.6,100.0,1.6
2023-04-17,,,,,,,,,,,,,1.1,26.7,100.0,1.1
2023-04-18,,,,,,,,,,100.0,96.0,40.0,6.1,38.5,100.0,6.1
2023-04-19,,,,,,,,,,100.0,90.5,100.0,3.3,31.9,100.0,3.3
2023-04-20,,,,,,,,,,99.1,80.9,100.0,3.8,35.0,100.0,3.8
2023-04-21,,,,,,,,,,,,,1.9,26.4,100.0,1.9
2023-04-22,,,,,,,,,,99.8,77.6,100.0,2.3,30.5,100.0,2.3
2023-04-23,,,,,,,,,,,,,0.6,23.6,100.0,0.6
2023-04-24,0.0,24.4,65.2,,,,,,,,,,0.1,23.1,100.0,0.1
2023-04-25,,,,,,,,,,,,,0.1,18.4,100.0,0.1
2023-04-26,,,,,,,,,,,,,0.1,20.6,100.0,0.1
2023-04-27,,,,,,,,,,,,,0.1,17.5,100.0,0.1
2023-04-28,0.0,20.4,80.7,,,,,,,,,,0.0,15.9,100.0,0.0
2023-04-29,,,,,,,,,,58.7,54.2,100.0,0.1,12.3,100.0,0.1
2023-04-30,,,,,,,,,,,,,0.2,12.5,100.0,0.2
2023-05-01,,,,,,,,,,,,,0.1,10.8,100.0,0.1
2023-05-02,,,,,,,,,,,,,0.0,9.5,100.0,0.0
2023-05-03,,,,,,,,,,,,,0.0,9.0,100.0,0.0
2023-05-04,,,,,,,0.7,3.2,55.6,9.3,35.9,31.4,0.1,8.5,100.0,0.1
2023-05-05,,,,,,,,,,,,,0.1,7.1,100.0,0.1
2023-05-06,0.0,18.2,63.9,,,,,,,,,,0.0,6.1,100.0,0.0
2023-05-07,,,,,,,,,,,,,0.0,5.0,100.0,0.0
2023-05-08,,,,,,,,,,,,,0.0,4.5,100.0,0.0
2023-05-09,,,,,,,,,,,,,0.0,4.1,100.0,0.0
2023-05-10,0.0,13.3,79.3,,,,,,,,,,0.0,4.2,100.0,0.0
2023-05-11,,,,,,,,,,,,,0.0,4.5,100.0,0.0
2023-05-12,,,,,,,,,,,,,0.0,5.3,100.0,0.0
2023-05-13,,,,0.3,1.6,100.0,,,,,,,0.0,5.3,100.0,0.0
2023-05-14,,,,,,,,,,,,,0.0,5.3,100.0,0.0
2023-05-15,,,,,,,,,,,,,0.0,5.0,100.0,0.0
2023-05-16,,,,,,,,,,,,,0.0,4.8,100.0,0.0
2023-05-17,,,,,,,,,,,,,0.0,5.0,100.0,0.0
2023-05-18,0.0,12.6,65.3,,,,,,,,,,0.0,5.6,100.0,0.0
2023-05-19,,,,,,,,,,,,,0.0,5.6,100.0,0.0
2023-05-20,,,,,,,,,,,,,0.0,6.0,100.0,0.0
2023-05-21,,,,,,,,,,,,,0.0,6.9,100.0,0.0
2023-05-22,0.0,9.0,79.8,,,,,,,,,,0.0,6.7,100.0,0.0
2023-05-23,,,,,,,,,,,,,0.0,5.9,100.0,0.0
2023-05-24,,,,,,,,,,,,,0.0,5.2,100.0,0.0
2023-05-25,,,,,,,,,,,,,0.0,5.1,100.0,0.0
2023-05-26,,,,,,,,,,,,,0.0,5.3,100.0,0.0
2023-05-27,,,,,,,,,,,,,0.0,4.4,100.0,0.0
2023-05-28,,,,,,,,,,,,,0.0,5.2,100.0,0.0
2023-05-29,,,,,,,,,,,,,0.0,5.3,100.0,0.0
2023-05-30,0.0,7.5,64.9,,,,,,,,,,0.0,5.1,100.0,0.0
2023-05-31,,,,,,,,,,,,,0.0,4.5,100.0,0.0
2023-06-01,,,,,,,,,,,,,0.0,4.6,100.0,0.0
2023-06-02,,,,0.0,0.2,100.0,,,,,,,0.0,4.2,100.0,0.0
2023-06-03,0.0,5.5,79.7,,,,,,,0.0,4.3,96.9,0.0,3.4,100.0,0.0
2023-06-04,,,,,,,,,,,,,0.0,3.7,100.0,0.0
2023-06-05,,,,,,,,,,,,,0.0,4.2,100.0,0.0
2023-06-06,,,,,,,,,,,,,0.0,4.9,100.0,0.0
2023-06-07,,,,0.0,0.3,100.0,,,,0.0,2.4,90.9,0.0,5.0,100.0,0.0
2023-06-08,,,,,,,,,,,,,0.0,6.1,100.0,0.0
2023-06-09,,,,,,,,,,,,,0.0,6.5,100.0,0.0
2023-06-10,,,,,,,,,,,,,0.0,7.0,100.0,0.0
2023-06-11,0.1,5.1,64.4,,,,,,,,,,0.0,7.0,100.0,0.0
2023-06-12,,,,0.0,0.2,100.0,,,,,,,0.0,6.9,100.0,0.0
2023-06-13,,,,,,,,,,0.0,0.6,89.7,0.0,6.0,100.0,0.0
2023-06-14,,,,,,,,,,0.0,0.3,73.1,0.0,6.2,100.0,0.0
2023-06-15,0.0,5.0,81.8,,,,,,,0.0,0.2,78.2,0.0,6.4,100.0,0.0
2023-06-16,,,,,,,,,,,,,0.0,5.9,100.0,0.0
2023-06-17,,,,0.0,0.2,87.9,,,,,,,0.0,5.7,100.0,0.0
2023-06-18,,,,,,,,,,0.0,0.0,100.0,0.0,4.2,100.0,0.0
2023-06-19,,,,,,,,,,,,,0.0,4.4,100.0,0.0
2023-06-20,,,,,,,,,,0.0,0.0,100.0,0.0,3.2,100.0,0.0
2023-06-21,,,,,,,,,,0.0,0.0,100.0,0.0,3.2,100.0,0.0
2023-06-22,,,,,,,,,,,,,0.0,2.6,100.0,0.0
2023-06-23,0.0,4.7,63.2,,,,,,,,,,0.0,2.3,100.0,0.0
2023-06-24,,,,,,,,,,,,,0.0,1.8,100.0,0.0
2023-06-25,,,,,,,,,,,,,0.0,3.3,100.0,0.0
2023-06-26,,,,,,,,,,,,,0.0,2.1,100.0,0.0
2023-06-27,0.0,3.7,80.4,,,,,,,,,,0.0,2.5,100.0,0.0
2023-06-28,,,,,,,,,,,,,0.0,1.8,100.0,0.0
2023-06-29,,,,,,,,,,0.0,0.0,100.0,0.0,2.0,100.0,0.0
2023-06-30,,,,,,,,,,,,,0.0,1.8,100.0,0.0
2023-07-01,,,,,,,,,,,,,0.0,1.8,100.0,0.0
2023-07-02,,,,,,,,,,0.0,0.0,37.9,0.0,1.1,100.0,0.0
2023-07-03,,,,,,,,,,,,,0.0,1.3,100.0,0.0
2023-07-04,,,,,,,,,,,,,0.0,1.4,100.0,0.0
2023-07-05,0.0,3.1,60.5,,,,,,,,,,0.0,1.7,100.0,0.0
2023-07-06,,,,,,,,,,0.0,0.0,100.0,0.0,1.3,100.0,0.0
2023-07-07,,,,0.0,0.1,100.0,,,,0.0,0.0,100.0,0.0,1.3,100.0,0.0
2023-07-08,,,,,,,,,,,,,0.0,1.3,100.0,0.0
2023-07-09,0.0,2.7,79.9,,,,,,,,,,0.0,1.4,100.0,0.0
2023-07-10,,,,,,,,,,,,,0.0,1.0,100.0,0.0
2023-07-11,,,,,,,,,,,,,0.0,0.8,100.0,0.0
2023-07-12,,,,,,,,,,,,,0.0,0.7,100.0,0.0
2023-07-13,,,,,,,,,,,,,0.0,0.8,100.0,0.0
2023-07-14,,,,,,,,,,0.0,0.0,100.0,0.0,0.6,100.0,0.0
2023-07-15,,,,,,,,,,0.0,0.0,100.0,0.0,0.7,100.0,0.0
2023-07-16,,,,,,,,,,0.0,0.0,100.0,0.0,0.5,100.0,0.0
2023-07-17,0.1,2.9,63.5,,,,,,,,,,0.0,0.6,100.0,0.0
2023-07-18,,,,,,,,,,,,,0.0,0.4,100.0,0.0
2023-07-19,,,,,,,,,,,,,0.0,0.5,100.0,0.0
2023-07-20,,,,,,,,,,,,,0.0,0.4,100.0,0.0
2023-07-21,0.0,1.8,78.4,,,,,,,,,,0.0,0.5,100.0,0.0
2023-07-22,,,,,,,,,,,,,0.0,0.3,100.0,0.0
2023-07-23,,,,,,,,,,,,,0.0,0.7,100.0,0.0
2023-07-24,,,,,,,,,,,,,0.0,0.2,100.0,0.0
2023-07-25,,,,,,,,,,,,,0.0,0.3,100.0,0.0
2023-07-26,,,,,,,,,,,,,0.0,0.2,100.0,0.0
2023-07-27,,,,,,,,,,,,,0.0,0.4,100.0,0.0
2023-07-28,,,,,,,,,,,,,0.0,0.1,100.0,0.0
2023-07-29,0.0,2.0,63.9,,,,,,,,,,0.0,0.2,100.0,0.0
2023-07-30,,,,,,,,,,,,,0.0,0.1,100.0,0.0
2023-07-31,,,,,,,,,,,,,0.0,0.1,100.0,0.0
2023-08-01,,,,,,,,,,,,,0.0,0.0,100.0,0.0
2023-08-02,0.0,1.3,81.6,,,,,,,0.0,0.0,55.2,0.0,0.0,100.0,0.0
2023-08-03,,,,,,,,,,,,,0.0,0.0,100.0,0.0
2023-08-04,,,,,,,,,,,,,0.0,0.0,100.0,0.0
2023-08-05,,,,,,,,,,,,,0.0,0.0,100.0,0.0
2023-08-06,,,,,,,,,,,,,0.0,0.1,100.0,0.0
2023-08-07,,,,,,,,,,,,,0.0,0.0,100.0,0.0
2023-08-08,,,,,,,,,,,,,0.0,0.0,100.0,0.0
2023-08-09,,,,,,,,,,,,,0.0,0.0,100.0,0.0
2023-08-10,0.2,1.7,66.6,,,,,,,,,,0.0,0.1,100.0,0.0
2023-08-11,,,,,,,,,,0.0,0.0,100.0,0.0,0.0,100.0,0.0
2023-08-12,,,,,,,,,,,,,0.0,0.0,100.0,0.0
2023-08-13,,,,,,,,,,0.0,0.0,83.8,0.0,0.0,100.0,0.0
2023-08-14,0.0,1.2,82.8,,,,,,,0.0,0.0,100.0,0.0,0.1,100.0,0.0
2023-08-15,,,,,,,0.0,0.0,99.2,0.0,0.0,100.0,0.0,0.0,100.0,0.0
2023-08-16,,,,,,,,,,,,,0.0,0.1,100.0,0.0
2023-08-17,,,,,,,,,,,,,0.0,0.0,100.0,0.0
2023-08-18,,,,,,,,,,,,,0.0,0.1,100.0,0.0
2023-08-19,,,,,,,,,,0.0,0.0,100.0,0.0,0.1,100.0,0.0
2023-08-20,,,,,,,,,,,,,0.0,0.1,100.0,0.0
2023-08-21,,,,0.0,0.0,100.0,,,,,,,0.0,0.1,100.0,0.0
2023-08-22,0.3,1.2,65.3,,,,,,,,,,0.0,0.1,100.0,0.0
2023-08-23,,,,,,,,,,0.0,0.0,100.0,0.0,0.1,100.0,0.0
2023-08-24,,,,,,,,,,,,,0.0,0.1,100.0,0.0
2023-08-25,,,,,,,,,,0.0,0.0,100.0,0.0,0.0,100.0,0.0
2023-08-26,0.0,1.0,80.7,0.0,0.2,94.1,,,,,,,0.0,0.1,100.0,0.0
2023-08-27,,,,,,,,,,,,,0.0,0.1,100.0,0.0
2023-08-28,,,,,,,,,,,,,0.0,0.1,100.0,0.0
2023-08-29,,,,,,,,,,0.0,0.0,96.4,0.0,0.1,100.0,0.0
2023-08-30,,,,,,,,,,,,,0.0,0.1,100.0,0.0
2023-08-31,,,,0.0,0.2,67.3,,,,,,,0.0,0.1,100.0,0.0
2023-09-01,,,,,,,,,,,,,0.0,0.1,100.0,0.0
2023-09-02,,,,,,,,,,0.0,0.0,100.0,0.0,0.0,100.0,0.0
2023-09-03,0.0,1.0,65.1,,,,,,,0.0,0.0,100.0,0.0,0.1,100.0,0.0
2023-09-04,,,,,,,,,,,,,0.0,0.1,100.0,0.0
2023-09-05,,,,0.0,0.2,100.0,,,,,,,0.0,0.0,100.0,0.0
2023-09-06,,,,,,,,,,,,,0.0,0.0,100.0,0.0
2023-09-07,0.0,1.2,80.2,,,,,,,,,,0.0,0.0,100.0,0.0
2023-09-08,,,,,,,0.0,0.0,99.9,,,,0.0,0.0,100.0,0.0
2023-09-09,,,,,,,,,,0.0,0.0,100.0,0.0,0.0,100.0,0.0
2023-09-10,,,,0.0,0.1,100.0,,,,,,,0.0,0.0,100.0,0.0
2023-09-11,,,,,,,,,,,,,0.0,0.0,100.0,0.0
2023-09-12,,,,,,,,,,,,,0.0,0.0,100.0,0.0
2023-09-13,,,,,,,,,,,,,0.0,0.0,100.0,0.0
2023-09-14,,,,,,,,,,,,,0.0,0.0,100.0,0.0
2023-09-15,0.2,1.6,67.0,0.2,0.2,100.0,,,,,,,0.0,0.1,100.0,0.0
2023-09-16,,,,,,,0.0,0.0,99.9,,,,0.0,0.0,100.0,0.0
2023-09-17,,,,,,,,,,,,,0.0,0.0,100.0,0.0
2023-09-18,,,,,,,,,,,,,0.0,0.0,100.0,0.0
2023-09-19,0.0,1.4,81.3,,,,,,,,,,0.0,0.1,100.0,0.0
2023-09-20,,,,0.2,0.3,100.0,,,,,,,0.0,0.1,100.0,0.0
2023-09-21,,,,,,,,,,,,,0.0,0.1,100.0,0.0
2023-09-22,,,,,,,,,,,,,0.0,0.1,100.0,0.0
2023-09-23,,,,,,,,,,,,,0.0,0.3,100.0,0.0
2023-09-24,,,,,,,,,,,,,0.0,0.3,100.0,0.0
2023-09-25,,,,0.1,0.3,100.0,,,,0.0,0.0,100.0,0.0,0.2,100.0,0.0
2023-09-26,,,,,,,,,,0.0,0.1,100.0,0.0,0.1,100.0,0.0
2023-09-27,0.1,1.6,65.7,,,,,,,,,,0.0,0.2,100.0,0.0
2023-09-28,,,,,,,,,,,,,0.0,0.1,100.0,0.0
2023-09-29,,,,,,,,,,0.0,0.1,100.0,0.0,0.1,100.0,0.0
2023-09-30,,,,0.1,0.5,62.1,,,,,,,0.0,0.1,100.0,0.0
2023-10-01,0.0,1.5,79.5,,,,,,,,,,0.0,0.1,100.0,0.0
2023-10-02,,,,,,,0.0,0.0,100.0,,,,0.0,0.1,100.0,0.0
2023-10-03,,,,,,,,,,0.0,0.2,74.7,0.0,0.0,100.0,0.0
2023-10-04,,,,,,,,,,,,,0.0,0.0,100.0,0.0
2023-10-05,,,,,,,,,,,,,0.0,0.1,100.0,0.0
2023-10-06,,,,,,,,,,,,,0.0,0.1,100.0,0.0
2023-10-07,,,,,,,,,,,,,0.0,0.1,100.0,0.0
2023-10-08,,,,,,,,,,,,,0.0,0.1,100.0,0.0
2023-10-09,0.0,1.5,64.0,,,,,,,,,,0.0,0.1,100.0,0.0
2023-10-10,,,,,,,,,,0.0,0.4,67.8,0.0,0.2,100.0,0.0
2023-10-11,,,,,,,,,,0.0,0.2,100.0,0.0,0.2,100.0,0.0
2023-10-12,,,,,,,,,,0.0,0.3,100.0,0.0,0.2,100.0,0.0
2023-10-13,0.0,1.7,81.6,,,,,,,,,,0.0,0.3,100.0,0.0
2023-10-14,,,,,,,,,,0.0,0.5,100.0,0.0,0.3,100.0,0.0
2023-10-15,,,,,,,,,,0.0,0.5,100.0,0.0,0.3,100.0,0.0
2023-10-16,,,,,,,,,,,,,0.0,0.6,100.0,0.0
2023-10-17,,,,,,,,,,,,,0.0,0.6,100.0,0.0
2023-10-18,,,,,,,,,,,,,0.0,1.2,100.0,0.0
2023-10-19,,,,,,,,,,0.0,0.3,77.9,0.0,1.0,100.0,0.0
2023-10-20,,,,,,,,,,,,,0.0,1.4,100.0,0.0
2023-10-21,0.0,1.7,61.7,,,,,,,0.0,0.4,100.0,0.0,0.9,100.0,0.0
2023-10-22,,,,,,,,,,,,,0.0,1.6,100.0,0.0
2023-10-23,,,,,,,,,,0.0,0.2,100.0,0.0,1.2,100.0,0.0
2023-10-24,,,,,,,,,,,,,0.0,1.8,100.0,0.0
2023-10-25,0.0,1.6,80.2,0.0,0.5,72.3,,,,0.0,0.1,100.0,0.0,1.0,100.0,0.0
2023-10-26,,,,,,,,,,,,,0.0,1.8,100.0,0.0
2023-10-27,,,,,,,,,,,,,0.0,1.5,100.0,0.0
2023-10-28,,,,,,,,,,0.0,0.1,100.0,0.0,2.0,100.0,0.0
2023-10-29,,,,,,,,,,0.0,0.0,100.0,0.0,1.4,100.0,0.0
2023-10-30,,,,,,,,,,,,,0.0,1.9,100.0,0.0
2023-10-31,,,,,,,,,,,,,0.0,1.8,100.0,0.0
2023-11-01,,,,,,,,,,,,,0.0,2.1,100.0,0.0
2023-11-02,0.0,1.5,60.1,,,,,,,0.0,0.0,100.0,0.0,1.6,100.0,0.0
2023-11-03,,,,,,,,,,0.0,0.0,100.0,0.0,2.0,100.0,0.0
2023-11-04,,,,0.9,5.4,100.0,,,,,,,0.0,2.8,100.0,0.0
2023-11-05,,,,,,,,,,,,,0.0,2.2,100.0,0.0
2023-11-06,0.0,1.7,80.8,,,,,,,0.0,0.0,100.0,0.0,2.3,100.0,0.0
2023-11-07,,,,,,,,,,,,,0.0,1.8,100.0,0.0
2023-11-08,,,,,,,,,,,,,0.0,2.7,100.0,0.0
2023-11-09,,,,1.8,5.7,100.0,,,,,,,0.0,1.4,100.0,0.0
2023-11-10,,,,,,,,,,,,,0.0,1.9,100.0,0.0
2023-11-11,,,,,,,,,,,,,0.0,1.2,100.0,0.0
2023-11-12,,,,,,,,,,,,,0.0,2.0,100.0,0.0
2023-11-13,,,,,,,,,,0.0,0.0,100.0,0.0,0.8,100.0,0.0
2023-11-14,0.1,2.1,64.3,,,,,,,,,,0.0,1.3,100.0,0.0
2023-11-15,,,,,,,,,,0.0,0.0,100.0,0.0,0.7,100.0,0.0
2023-11-16,,,,,,,,,,,,,0.0,1.1,100.0,0.0
2023-11-17,,,,,,,,,,,,,0.0,0.7,100.0,0.0
2023-11-18,0.0,2.2,79.1,,,,,,,,,,0.0,1.1,100.0,0.0
2023-11-19,,,,,,,,,,,,,0.0,1.2,100.0,0.0
2023-11-20,,,,,,,,,,,,,0.0,1.2,100.0,0.0
2023-11-21,,,,,,,,,,,,,0.0,0.9,100.0,0.0
2023-11-22,,,,,,,,,,,,,0.0,1.2,100.0,0.0
2023-11-23,,,,,,,,,,0.0,0.1,100.0,0.0,1.0,100.0,0.0
2023-11-24,,,,,,,,,,,,,0.0,1.2,100.0,0.0
2023-11-25,,,,,,,,,,,,,0.0,1.1,100.0,0.0
2023-11-26,0.1,2.9,66.5,,,,,,,,,,0.0,1.4,100.0,0.0
2023-11-27,,,,,,,,,,,,,0.0,2.0,100.0,0.0
2023-11-28,,,,,,,,,,,,,0.0,2.0,100.0,0.0
2023-11-29,,,,7.4,10.5,100.0,,,,,,,0.0,1.9,100.0,0.0
2023-11-30,0.0,4.6,80.3,,,,,,,,,,0.0,1.9,100.0,0.0
2023-12-01,,,,,,,,,,,,,0.0,2.0,100.0,0.0
2023-12-02,,,,,,,,,,,,,0.0,1.7,100.0,0.0
2023-12-03,,,,,,,,,,0.0,0.9,100.0,0.0,1.6,100.0,0.0
2023-12-04,,,,,,,,,,,,,0.0,2.1,100.0,0.0
2023-12-05,,,,,,,0.2,1.4,100.0,,,,0.0,2.1,100.0,0.0
2023-12-06,,,,,,,,,,0.0,1.1,100.0,0.0,1.9,100.0,0.0
2023-12-07,,,,,,,,,,0.0,1.5,100.0,0.0,1.7,100.0,0.0
2023-12-08,0.0,5.9,64.5,,,,,,,0.0,2.6,99.7,0.0,1.9,100.0,0.0
2023-12-09,,,,2.3,6.8,100.0,,,,,,,0.0,2.4,100.0,0.0
2023-12-10,,,,,,,,,,,,,0.0,2.1,100.0,0.0
2023-12-11,,,,,,,,,,,,,0.0,1.9,100.0,0.0
2023-12-12,0.5,10.5,80.8,,,,,,,0.0,3.5,100.0,0.0,2.2,100.0,0.0
2023-12-13,,,,,,,,,,,,,0.0,2.6,100.0,0.0
2023-12-14,,,,,,,,,,,,,0.0,2.6,100.0,0.0
2023-12-15,,,,,,,,,,0.3,4.3,100.0,0.0,2.0,100.0,0.0
2023-12-16,,,,,,,,,,,,,0.0,2.7,100.0,0.0
2023-12-17,,,,,,,,,,,,,0.0,2.7,100.0,0.0
2023-12-18,,,,,,,,,,,,,0.0,3.3,100.0,0.0
2023-12-19,,,,2.0,7.9,100.0,,,,0.9,8.6,100.0,0.0,2.8,100.0,0.0
2023-12-20,0.4,12.3,64.6,,,,,,,,,,0.0,3.3,100.0,0.0
2023-12-21,,,,,,,,,,15.2,24.0,100.0,0.0,3.4,100.0,0.0
2023-12-22,,,,,,,,,,,,,0.0,4.1,100.0,0.0
2023-12-23,,,,,,,,,,,,,0.0,4.2,100.0,0.0
2023-12-24,7.6,20.0,80.2,1.0,8.9,99.3,,,,,,,0.0,5.1,100.0,0.0
2023-12-25,,,,,,,,,,35.4,37.6,71.8,0.0,5.6,100.0,0.0
2023-12-26,,,,,,,,,,,,,0.1,6.8,100.0,0.1
2023-12-27,,,,,,,,,,,,,0.3,7.0,100.0,0.3
2023-12-28,,,,,,,,,,,,,0.0,8.3,100.0,0.0
2023-12-29,,,,4.5,15.3,100.0,10.7,22.8,98.6,,,,0.4,9.4,100.0,0.4
2023-12-30,,,,,,,,,,,,,0.3,10.1,100.0,0.3
2023-12-31,,,,,,,,,,,,,0.6,10.6,100.0,0.6
2024-01-01,3.7,26.5,66.8,,,,,,,,,,0.3,10.9,100.0,0.3
2024-01-02,,,,,,,,,,,,,0.7,12.1,100.0,0.7
2024-01-03,,,,38.5,39.7,100.0,,,,43.2,41.3,100.0,0.9,14.1,100.0,0.9
2024-01-04,,,,,,,,,,,,,0.5,13.3,100.0,0.5
2024-01-05,38.7,40.8,82.8,,,,,,,,,,0.7,15.7,100.0,0.7
2024-01-06,,,,,,,,,,,,,0.7,18.0,100.0,0.7
2024-01-07,,,,,,,,,,,,,0.7,20.7,100.0,0.7
2024-01-08,,,,,,,,,,,,,1.1,23.9,100.0,1.1
2024-01-09,,,,,,,,,,57.3,49.3,100.0,1.8,26.6,100.0,1.8
2024-01-10,,,,,,,,,,,,,4.7,33.6,100.0,4.7
2024-01-11,,,,,,,,,,,,,9.8,35.0,100.0,9.8
2024-01-12,,,,,,,,,,,,,24.3,42.3,100.0,24.3
2024-01-13,60.5,45.4,66.9,54.8,55.3,100.0,,,,54.4,48.0,100.0,35.5,45.2,100.0,35.5
2024-01-14,,,,,,,83.8,78.4,100.0,69.7,58.3,100.0,53.1,56.5,100.0,53.1
2024-01-15,,,,,,,,,,,,,44.2,50.7,100.0,44.2
2024-01-16,,,,,,,,,,,,,61.4,62.6,100.0,61.4
2024-01-17,79.3,55.1,82.8,,,,,,,,,,54.6,58.3,100.0,54.6
2024-01-18,,,,82.3,76.5,85.2,,,,100.0,86.1,30.9,68.7,66.9,100.0,68.7
2024-01-19,,,,,,,,,,,,,54.0,58.1,100.0,54.0
2024-01-20,,,,,,,,,,,,,70.1,68.1,100.0,70.1
2024-01-21,,,,,,,,,,,,,61.8,63.0,100.0,61.8
2024-01-22,,,,,,,,,,,,,76.3,71.5,100.0,76.3
2024-01-23,,,,,,,,,,,,,65.7,64.9,100.0,65.7
2024-01-24,,,,,,,,,,,,,79.6,73.3,100.0,79.6
2024-01-25,75.4,53.1,71.6,,,,,,,,,,73.1,68.5,100.0,73.1
2024-01-26,,,,,,,,,,,,,80.8,74.1,100.0,80.8
2024-01-27,,,,,,,,,,,,,79.5,73.5,100.0,79.5
2024-01-28,,,,97.6,88.6,100.0,,,,,,,84.1,77.8,100.0,84.1
2024-01-29,83.6,59.4,81.0,,,,,,,,,,82.8,76.2,100.0,82.8
2024-01-30,,,,,,,100.0,97.5,99.5,,,,88.1,81.1,100.0,88.1
2024-01-31,,,,,,,,,,,,,87.8,79.4,100.0,87.8
2024-02-01,,,,,,,,,,,,,88.6,81.3,100.0,88.6
2024-02-02,,,,,,,,,,,,,88.4,79.4,100.0,88.4
2024-02-03,,,,,,,,,,,,,89.2,80.7,100.0,89.2
2024-02-04,,,,,,,,,,,,,91.3,81.5,100.0,91.3
2024-02-05,,,,,,,,,,,,,89.4,80.9,100.0,89.4
2024-02-06,82.5,58.7,71.1,,,,,,,,,,93.1,81.8,100.0,93.1
2024-02-07,,,,98.8,86.8,100.0,100.0,99.4,65.8,,,,92.4,83.2,100.0,92.4
2024-02-08,,,,,,,,,,,,,94.5,81.9,100.0,94.5
2024-02-09,,,,,,,,,,,,,92.0,80.2,100.0,92.0
2024-02-10,85.5,61.6,85.6,,,,,,,,,,95.0,80.1,100.0,95.0
2024-02-11,,,,,,,,,,,,,94.5,78.6,100.0,94.5
2024-02-12,,,,,,,,,,,,,96.6,81.7,100.0,96.6
2024-02-13,,,,,,,,,,,,,96.5,81.6,100.0,96.5
2024-02-14,,,,,,,,,,,,,96.5,81.8,100.0,96.5
2024-02-15,,,,,,,100.0,99.7,95.3,,,,96.3,82.4,100.0,96.3
2024-02-16,,,,,,,100.0,99.3,53.0,,,,97.9,84.2,100.0,97.9
2024-02-17,,,,,,,,,,,,,96.6,83.0,100.0,96.6
2024-02-18,80.4,59.4,68.9,,,,,,,,,,92.5,79.6,100.0,92.5
2024-02-19,,,,,,,,,,,,,91.4,77.3,100.0,91.4
2024-02-20,,,,,,,,,,,,,89.2,74.8,100.0,89.2
2024-02-21,,,,,,,,,,,,,94.1,76.5,100.0,94.1
2024-02-22,85.9,62.9,82.7,99.7,97.3,100.0,,,,,,,89.2,74.3,100.0,89.2
2024-02-23,,,,,,,,,,75.0,64.0,100.0,92.6,75.2,100.0,92.6
2024-02-24,,,,,,,,,,,,,89.5,72.8,100.0,89.5
2024-02-25,,,,,,,,,,,,,98.3,81.5,100.0,98.3
2024-02-26,,,,,,,,,,,,,92.3,77.0,100.0,92.3
2024-02-27,,,,,,,,,,,,,99.1,85.0,100.0,99.1
2024-02-28,,,,,,,,,,,,,97.6,85.7,100.0,97.6
2024-02-29,,,,,,,,,,,,,99.9,91.1,100.0,99.9
2024-03-01,83.4,62.6,70.1,,,,,,,,,,98.1,86.4,100.0,98.1
2024-03-02,,,,,,,100.0,99.6,93.4,,,,100.0,91.9,100.0,100.0
2024-03-03,,,,,,,,,,,,,99.5,90.1,100.0,99.5
2024-03-04,,,,,,,,,,,,,100.0,92.6,100.0,100.0
2024-03-05,88.4,65.8,83.1,,,,,,,,,,99.6,89.7,100.0,99.6
2024-03-06,,,,,,,,,,,,,99.7,90.8,100.0,99.7
2024-03-07,,,,,,,,,,,,,99.7,89.8,100.0,99.7
2024-03-08,,,,100.0,99.2,100.0,,,,,,,99.9,92.6,100.0,99.9
2024-03-09,,,,,,,,,,,,,99.9,90.4,100.0,99.9
2024-03-10,,,,,,,,,,,,,99.8,90.5,100.0,99.8
2024-03-11,,,,,,,,,,,,,99.7,90.0,100.0,99.7
2024-03-12,,,,,,,,,,,,,99.9,90.3,100.0,99.9
2024-03-13,81.4,60.8,65.7,,,,,,,,,,99.6,89.6,100.0,99.6
2024-03-14,,,,,,,,,,,,,99.7,88.9,100.0,99.7
2024-03-15,,,,,,,,,,,,,98.7,86.3,100.0,98.7
2024-03-16,,,,,,,,,,90.3,68.4,59.8,98.7,83.4,100.0,98.7
2024-03-17,89.2,65.1,85.2,,,,,,,,,,93.3,77.6,100.0,93.3
2024-03-18,,,,,,,,,,,,,86.8,72.0,100.0,86.8
2024-03-19,,,,,,,,,,,,,57.9,61.6,100.0,57.9
2024-03-20,,,,,,,,,,,,,51.7,60.1,100.0,51.7
2024-03-21,,,,,,,,,,,,,29.3,50.0,100.0,29.3
2024-03-22,,,,,,,,,,,,,23.9,48.4,100.0,23.9
2024-03-23,,,,31.4,38.0,100.0,,,,,,,15.3,41.3,100.0,15.3
2024-03-24,,,,,,,,,,,,,4.7,33.6,100.0,4.7
2024-03-25,78.6,56.8,70.1,,,,,,,,,,4.7,30.3,100.0,4.7
2024-03-26,,,,,,,,,,,,,3.5,29.6,100.0,3.5
2024-03-27,,,,,,,,,,,,,4.3,29.2,100.0,4.3
2024-03-28,,,,,,,,,,,,,5.1,32.7,100.0,5.1
2024-03-29,91.3,66.0,85.6,,,,,,,,,,5.2,31.8,100.0,5.2
2024-03-30,,,,,,,,,,,,,4.1,31.2,100.0,4.1
2024-03-31,,,,,,,,,,,,,4.1,30.7,100.0,4.1
2024-04-01,,,,,,,,,,,,,3.0,31.3,100.0,3.0
2024-04-02,,,,,,,,,,,,,4.3,29.5,100.0,4.3
2024-04-03,,,,,,,,,,,,,5.9,34.8,100.0,5.9
2024-04-04,,,,,,,,,,,,,11.1,38.4,100.0,11.1
2024-04-05,,,,,,,,,,,,,19.1,45.1,100.0,19.1
2024-04-06,82.8,55.3,64.1,,,,,,,15.3,31.5,100.0,21.8,45.1,100.0,21.8
2024-04-07,,,,0.6,3.1,100.0,,,,0.0,8.0,100.0,36.3,53.4,100.0,36.3
2024-04-08,,,,,,,,,,,,,34.1,51.2,100.0,34.1
2024-04-09,,,,,,,,,,,,,39.3,53.5,100.0,39.3
2024-04-10,92.2,63.4,84.4,,,,,,,,,,29.1,48.5,100.0,29.1
2024-04-11,,,,,,,100.0,97.5,99.9,,,,52.5,58.2,100.0,52.5
2024-04-12,,,,53.9,51.0,100.0,,,,0.0,2.5,99.5,34.0,50.7,100.0,34.0
2024-04-13,,,,,,,,,,,,,28.7,49.4,100.0,28.7
2024-04-14,,,,,,,,,,,,,13.4,40.5,100.0,13.4
2024-04-15,,,,,,,,,,,,,10.8,40.7,100.0,10.8
2024-04-16,,,,,,,,,,,,,2.9,33.6,100.0,2.9
2024-04-17,,,,,,,,,,,,,0.3,28.9,100.0,0.3
2024-04-18,75.9,52.5,64.8,,,,,,,,,,0.0,22.6,100.0,0.0
2024-04-19,,,,,,,,,,,,,0.0,19.9,100.0,0.0
2024-04-20,,,,,,,,,,,,,0.0,14.3,100.0,0.0
2024-04-21,,,,,,,,,,,,,0.0,13.0,100.0,0.0
2024-04-22,90.6,61.6,84.8,,,,,,,,,,0.0,11.2,100.0,0.0
2024-04-23,,,,,,,,,,,,,0.0,10.5,100.0,0.0
2024-04-24,,,,,,,,,,,,,0.0,11.3,100.0,0.0
2024-04-25,,,,,,,,,,,,,0.1,11.0,100.0,0.1
2024-04-26,,,,,,,,,,,,,0.5,11.0,100.0,0.5
2024-04-27,,,,94.3,78.5,100.0,100.0,89.1,66.4,,,,0.6,9.4,100.0,0.6
2024-04-28,,,,,,,,,,,,,0.3,7.4,100.0,0.3
2024-04-29,,,,,,,,,,,,,0.4,6.7,100.0,0.4
2024-04-30,66.3,49.2,66.0,,,,,,,0.0,0.6,100.0,0.4,6.4,100.0,0.4
2024-05-01,,,,,,,,,,,,,0.4,6.2,100.0,0.4
2024-05-02,,,,,,,,,,,,,0.4,5.3,100.0,0.4
2024-05-03,,,,,,,,,,,,,0.2,5.0,100.0,0.2
2024-05-04,71.5,52.5,82.4,,,,,,,,,,0.4,6.6,100.0,0.4
2024-05-05,,,,,,,0.0,0.2,93.9,,,,0.3,5.4,100.0,0.3
2024-05-06,,,,,,,,,,,,,0.2,5.3,100.0,0.2
2024-05-07,,,,,,,,,,,,,0.1,5.3,100.0,0.1
2024-05-08,,,,,,,,,,,,,0.3,6.9,100.0,0.3
2024-05-09,,,,,,,,,,,,,0.1,7.0,100.0,0.1
2024-05-10,,,,,,,,,,,,,0.3,8.4,100.0,0.3
2024-05-11,,,,,,,,,,,,,0.0,6.6,100.0,0.0
2024-05-12,54.6,46.0,49.8,,,,,,,,,,0.0,7.3,100.0,0.0
2024-05-13,,,,,,,,,,,,,0.0,5.1,100.0,0.0
2024-05-14,,,,,,,,,,0.0,0.1,100.0,0.0,4.2,100.0,0.0
2024-05-15,,,,,,,,,,,,,0.0,4.3,100.0,0.0
2024-05-16,62.2,47.6,63.5,,,,,,,,,,0.0,4.8,100.0,0.0
2024-05-17,,,,0.0,0.9,100.0,,,,,,,0.0,3.7,100.0,0.0
2024-05-18,,,,,,,,,,,,,0.0,3.5,100.0,0.0
2024-05-19,,,,,,,,,,,,,0.0,3.3,100.0,0.0
2024-05-20,,,,,,,,,,,,,0.0,3.6,100.0,0.0
2024-05-21,,,,,,,,,,,,,0.0,4.0,100.0,0.0
2024-05-22,,,,,,,,,,,,,0.0,2.5,100.0,0.0
2024-05-23,,,,,,,,,,,,,0.0,2.2,100.0,0.0
2024-05-24,18.1,33.7,49.9,,,,,,,,,,0.0,3.2,100.0,0.0
2024-05-25,,,,,,,,,,,,,0.0,4.2,100.0,0.0
2024-05-26,,,,,,,,,,,,,0.0,3.8,100.0,0.0
2024-05-27,,,,,,,,,,,,,0.0,3.2,100.0,0.0
2024-05-28,13.6,29.3,63.7,,,,,,,,,,0.0,3.4,100.0,0.0
2024-05-29,,,,,,,,,,,,,0.0,3.4,100.0,0.0
2024-05-30,,,,,,,,,,0.0,0.0,100.0,0.0,1.9,100.0,0.0
2024-05-31,,,,,,,,,,,,,0.0,1.7,100.0,0.0
2024-06-01,,,,,,,,,,,,,0.0,1.4,100.0,0.0
2024-06-02,,,,,,,,,,,,,0.0,1.4,100.0,0.0
2024-06-03,,,,,,,,,,,,,0.0,1.4,100.0,0.0
2024-06-04,,,,,,,,,,,,,0.0,1.4,100.0,0.0
2024-06-05,0.9,18.5,50.5,,,,,,,,,,0.0,1.2,100.0,0.0
2024-06-06,,,,0.0,0.1,100.0,0.0,0.0,37.9,,,,0.0,1.1,100.0,0.0
2024-06-07,,,,,,,,,,,,,0.0,0.7,100.0,0.0
2024-06-08,,,,,,,,,,,,,0.0,0.7,100.0,0.0
2024-06-09,1.9,12.9,62.6,,,,,,,,,,0.0,0.8,100.0,0.0
2024-06-10,,,,,,,,,,,,,0.0,1.2,100.0,0.0
2024-06-11,,,,,,,,,,,,,0.0,1.8,100.0,0.0
2024-06-12,,,,,,,,,,,,,0.0,1.8,100.0,0.0
2024-06-13,,,,,,,,,,,,,0.0,2.1,100.0,0.0
2024-06-14,,,,,,,,,,,,,0.0,2.8,100.0,0.0
2024-06-15,,,,,,,,,,,,,0.0,3.7,100.0,0.0
2024-06-16,,,,0.0,0.3,60.5,,,,0.0,0.0,60.2,0.0,2.6,100.0,0.0
2024-06-17,0.0,5.6,48.7,,,,,,,0.0,0.0,100.0,0.0,3.1,100.0,0.0
2024-06-18,,,,,,,,,,0.0,0.0,100.0,0.0,3.5,100.0,0.0
2024-06-19,,,,,,,,,,,,,0.0,4.1,100.0,0.0
2024-06-20,,,,,,,,,,0.0,0.0,100.0,0.0,2.8,100.0,0.0
2024-06-21,0.4,5.6,65.0,0.0,0.1,99.9,,,,,,,0.0,2.9,100.0,0.0
2024-06-22,,,,,,,,,,,,,0.0,3.0,100.0,0.0
2024-06-23,,,,,,,,,,,,,0.0,3.0,100.0,0.0
2024-06-24,,,,,,,,,,0.0,0.0,93.8,0.0,2.4,100.0,0.0
2024-06-25,,,,,,,,,,,,,0.0,2.7,100.0,0.0
2024-06-26,,,,,,,,,,,,,0.0,2.6,100.0,0.0
2024-06-27,,,,,,,,,,,,,0.0,2.4,100.0,0.0
2024-06-28,,,,,,,,,,,,,0.0,2.3,100.0,0.0
2024-06-29,0.0,2.8,51.3,,,,,,,0.0,0.0,100.0,0.0,2.4,100.0,0.0
2024-06-30,,,,,,,,,,,,,0.0,2.2,100.0,0.0
2024-07-01,,,,,,,,,,,,,0.0,2.0,100.0,0.0
2024-07-02,,,,,,,,,,,,,0.0,2.1,100.0,0.0
2024-07-03,0.0,2.7,63.0,,,,,,,,,,0.0,2.9,100.0,0.0
2024-07-04,,,,,,,,,,,,,0.0,2.5,100.0,0.0
2024-07-05,,,,,,,,,,,,,0.0,2.5,100.0,0.0
2024-07-06,,,,0.0,0.1,100.0,,,,,,,0.0,1.8,100.0,0.0
2024-07-07,,,,,,,,,,0.0,0.0,84.7,0.0,1.3,100.0,0.0
2024-07-08,,,,,,,,,,,,,0.0,1.1,100.0,0.0
2024-07-09,,,,,,,,,,,,,0.0,1.0,100.0,0.0
2024-07-10,,,,,,,,,,,,,0.0,0.5,100.0,0.0
2024-07-11,0.0,1.6,49.3,0.0,0.1,100.0,,,,,,,0.0,0.4,100.0,0.0
2024-07-12,,,,,,,,,,,,,0.0,0.3,100.0,0.0
2024-07-13,,,,,,,,,,,,,0.0,0.4,100.0,0.0
2024-07-14,,,,,,,,,,,,,0.0,0.2,100.0,0.0
2024-07-15,0.0,1.7,64.2,,,,,,,,,,0.0,0.2,100.0,0.0
2024-07-16,,,,,,,,,,,,,0.0,0.1,100.0,0.0
2024-07-17,,,,,,,,,,,,,0.0,0.2,100.0,0.0
2024-07-18,,,,,,,,,,,,,0.0,0.1,100.0,0.0
2024-07-19,,,,,,,,,,,,,0.0,0.2,100.0,0.0
2024-07-20,,,,,,,,,,,,,0.0,0.1,100.0,0.0
2024-07-21,,,,0.0,0.1,93.2,,,,,,,0.0,0.2,100.0,0.0
2024-07-22,,,,,,,,,,,,,0.0,0.2,100.0,0.0
2024-07-23,0.0,1.4,51.1,,,,,,,,,,0.0,0.6,100.0,0.0
2024-07-24,,,,,,,,,,,,,0.0,0.5,100.0,0.0
2024-07-25,,,,,,,,,,,,,0.0,0.8,100.0,0.0
2024-07-26,,,,,,,,,,,,,0.0,0.4,100.0,0.0
2024-07-27,0.0,1.4,64.7,,,,,,,,,,0.0,0.6,100.0,0.0
2024-07-28,,,,,,,,,,,,,0.0,0.6,100.0,0.0
2024-07-29,,,,,,,,,,0.0,0.0,99.9,0.0,0.6,100.0,0.0
2024-07-30,,,,,,,,,,0.0,0.0,100.0,0.0,0.5,100.0,0.0
2024-07-31,,,,0.0,0.1,86.2,,,,,,,0.0,0.6,100.0,0.0
2024-08-01,,,,,,,,,,,,,0.0,0.4,100.0,0.0
2024-08-02,,,,,,,,,,,,,0.0,0.5,100.0,0.0
2024-08-03,,,,,,,,,,,,,0.0,0.3,100.0,0.0
2024-08-04,0.0,1.3,49.4,,,,,,,,,,0.0,0.3,100.0,0.0
2024-08-05,,,,,,,,,,,,,0.0,0.3,100.0,0.0
2024-08-06,,,,,,,,,,0.0,0.0,100.0,0.0,0.2,100.0,0.0
2024-08-07,,,,,,,,,,,,,0.0,0.2,100.0,0.0
2024-08-08,0.0,1.1,65.0,,,,,,,,,,0.0,0.2,100.0,0.0
2024-08-09,,,,,,,,,,,,,0.0,0.2,100.0,0.0
2024-08-10,,,,0.0,0.1,100.0,,,,,,,0.0,0.2,100.0,0.0
2024-08-11,,,,,,,,,,,,,0.0,0.1,100.0,0.0
2024-08-12,,,,,,,,,,,,,0.0,0.1,100.0,0.0
2024-08-13,,,,,,,,,,,,,0.0,0.1,100.0,0.0
2024-08-14,,,,,,,,,,0.0,0.0,100.0,0.0,0.1,100.0,0.0
2024-08-15,,,,0.0,0.1,100.0,,,,,,,0.0,0.1,100.0,0.0
2024-08-16,0.0,1.0,52.5,,,,,,,,,,0.0,0.1,100.0,0.0
2024-08-17,,,,,,,0.0,0.0,69.8,,,,0.0,0.1,100.0,0.0
2024-08-18,,,,,,,,,,0.0,0.0,100.0,0.0,0.0,100.0,0.0
2024-08-19,,,,,,,,,,,,,0.0,0.0,100.0,0.0
2024-08-20,0.0,1.0,63.6,,,,,,,,,,0.0,0.0,100.0,0.0
2024-08-21,,,,,,,,,,,,,0.0,0.0,100.0,0.0
2024-08-22,,,,,,,,,,,,,0.0,0.0,100.0,0.0
2024-08-23,,,,,,,,,,,,,0.0,0.0,100.0,0.0
2024-08-24,,,,,,,,,,0.0,0.0,100.0,0.0,0.1,100.0,0.0
2024-08-25,,,,,,,,,,,,,0.0,0.1,100.0,0.0
2024-08-26,,,,,,,,,,,,,0.0,0.1,100.0,0.0
2024-08-27,,,,,,,,,,0.0,0.0,100.0,0.0,0.0,100.0,0.0
2024-08-28,0.0,0.9,50.6,,,,,,,,,,0.0,0.1,100.0,0.0
2024-08-29,,,,,,,,,,,,,0.0,0.0,100.0,0.0
2024-08-30,,,,0.0,0.1,84.6,,,,0.0,0.0,100.0,0.0,0.0,100.0,0.0
2024-08-31,,,,,,,,,,0.0,0.0,100.0,0.0,0.0,100.0,0.0
2024-09-01,,,,,,,,,,,,,0.0,0.0,100.0,0.0
2024-09-02,,,,,,,0.0,0.0,100.0,,,,0.0,0.0,100.0,0.0
2024-09-03,,,,,,,,,,,,,0.0,0.0,100.0,0.0
2024-09-04,,,,0.0,0.1,100.0,,,,,,,0.0,0.0,100.0,0.0
2024-09-05,,,,,,,,,,,,,0.0,0.0,100.0,0.0
2024-09-06,,,,,,,,,,0.0,0.0,100.0,0.0,0.0,100.0,0.0
2024-09-07,,,,,,,,,,,,,0.0,0.0,100.0,0.0
2024-09-08,,,,,,,,,,,,,0.0,0.0,100.0,0.0
2024-09-09,0.0,1.1,51.6,,,,,,,,,,0.0,0.0,100.0,0.0
2024-09-10,,,,,,,,,,,,,0.0,0.1,100.0,0.0
2024-09-11,,,,,,,,,,,,,0.0,0.1,100.0,0.0
2024-09-12,,,,,,,,,,,,,0.0,0.1,100.0,0.0
2024-09-13,0.0,1.0,64.8,,,,,,,,,,0.0,0.1,100.0,0.0
2024-09-14,0.0,1.3,61.6,,,,,,,,,,0.0,0.1,100.0,0.0
2024-09-15,,,,,,,,,,,,,0.0,0.2,100.0,0.0
2024-09-16,,,,,,,,,,,,,0.0,0.2,100.0,0.0
2024-09-17,,,,,,,,,,,,,0.0,0.4,100.0,0.0
2024-09-18,,,,,,,0.0,0.0,38.1,,,,0.0,0.5,100.0,0.0
2024-09-19,,,,,,,,,,,,,0.0,0.9,100.0,0.0
2024-09-20,,,,,,,,,,,,,0.0,0.8,100.0,0.0
2024-09-21,0.0,1.2,50.9,,,,,,,0.0,0.0,100.0,0.0,0.9,100.0,0.0
2024-09-22,,,,,,,,,,,,,0.0,0.9,100.0,0.0
2024-09-23,,,,,,,,,,,,,0.0,1.1,100.0,0.0
2024-09-24,,,,,,,,,,,,,0.0,0.7,100.0,0.0
2024-09-25,0.0,1.5,63.5,,,,,,,,,,0.0,1.1,100.0,0.0
2024-09-26,,,,,,,,,,0.0,0.1,62.2,0.0,0.9,100.0,0.0
2024-09-27,,,,,,,,,,,,,0.0,1.3,100.0,0.0
2024-09-28,,,,,,,,,,,,,0.0,0.8,100.0,0.0
2024-09-29,,,,0.0,0.2,100.0,,,,0.0,0.1,73.3,0.0,0.9,100.0,0.0
2024-09-30,,,,,,,,,,,,,0.0,0.8,100.0,0.0
2024-10-01,,,,,,,,,,,,,0.0,0.9,100.0,0.0
2024-10-02,,,,,,,,,,,,,0.0,0.8,100.0,0.0
2024-10-03,0.0,1.3,51.2,,,,,,,,,,0.0,1.2,100.0,0.0
2024-10-04,,,,,,,,,,,,,0.0,0.7,100.0,0.0
2024-10-05,,,,,,,,,,,,,0.0,0.7,100.0,0.0
2024-10-06,,,,,,,,,,,,,0.0,0.6,100.0,0.0
2024-10-07,0.0,1.6,64.4,,,,,,,0.0,0.1,100.0,0.0,0.7,100.0,0.0
2024-10-08,,,,,,,,,,0.0,0.2,34.5,0.0,0.5,100.0,0.0
2024-10-09,,,,0.0,0.2,100.0,,,,,,,0.0,0.3,100.0,0.0
2024-10-10,,,,,,,,,,,,,0.0,0.3,100.0,0.0
2024-10-11,,,,,,,,,,,,,0.0,0.4,100.0,0.0
2024-10-12,,,,,,,0.0,0.1,88.4,,,,0.0,0.3,100.0,0.0
2024-10-13,,,,,,,,,,,,,0.0,0.2,100.0,0.0
2024-10-14,,,,,,,,,,,,,0.0,0.2,100.0,0.0
2024-10-15,0.0,1.5,50.5,,,,,,,0.0,0.2,100.0,0.0,0.2,100.0,0.0
2024-10-16,,,,,,,,,,,,,0.0,0.2,100.0,0.0
2024-10-17,,,,,,,,,,0.0,0.1,100.0,0.0,0.1,100.0,0.0
2024-10-18,,,,,,,,,,,,,0.0,0.2,100.0,0.0
2024-10-19,0.0,1.4,63.7,,,,,,,,,,0.0,0.2,100.0,0.0
2024-10-20,,,,,,,0.0,0.1,100.0,,,,0.0,0.3,100.0,0.0
2024-10-21,,,,,,,,,,0.0,0.1,100.0,0.0,0.2,100.0,0.0
2024-10-22,,,,,,,,,,0.0,0.1,100.0,0.0,0.4,100.0,0.0
2024-10-23,,,,,,,,,,0.0,0.1,100.0,0.0,0.5,100.0,0.0
2024-10-24,,,,,,,,,,,,,0.0,0.7,100.0,0.0
2024-10-25,,,,,,,,,,0.0,0.1,100.0,0.0,0.7,100.0,0.0
2024-10-26,,,,,,,,,,,,,0.0,1.0,100.0,0.0
2024-10-27,0.0,1.2,52.4,,,,,,,0.0,0.1,100.0,0.0,1.5,100.0,0.0
2024-10-28,,,,,,,,,,0.0,0.0,100.0,0.0,1.9,100.0,0.0
2024-10-29,,,,0.1,0.4,100.0,,,,,,,0.0,2.1,100.0,0.0
2024-10-30,,,,,,,,,,0.0,0.0,100.0,0.0,1.7,100.0,0.0
2024-10-31,0.0,1.4,65.6,,,,,,,,,,0.0,2.6,100.0,0.0
2024-11-01,,,,,,,,,,0.0,0.0,100.0,0.0,2.3,100.0,0.0
2024-11-02,,,,,,,,,,,,,0.0,3.5,100.0,0.0
2024-11-03,,,,0.0,0.4,100.0,,,,,,,0.0,2.8,100.0,0.0
2024-11-04,,,,,,,,,,,,,0.0,3.4,100.0,0.0
2024-11-05,,,,,,,,,,,,,0.0,4.2,100.0,0.0
2024-11-06,,,,,,,,,,0.0,0.0,100.0,0.0,5.3,100.0,0.0
2024-11-07,,,,,,,,,,,,,0.0,5.7,100.0,0.0
2024-11-08,0.0,1.3,52.1,0.0,0.5,100.0,,,,,,,0.0,5.4,100.0,0.0
2024-11-09,,,,,,,,,,,,,0.0,5.4,100.0,0.0
2024-11-10,,,,,,,,,,,,,0.0,6.6,100.0,0.0
2024-11-11,,,,,,,,,,,,,0.0,8.0,100.0,0.0
2024-11-12,0.0,1.7,65.4,,,,,,,,,,0.0,7.5,100.0,0.0
2024-11-13,,,,,,,,,,,,,0.0,6.6,100.0,0.0
2024-11-14,,,,,,,,,,,,,0.0,6.3,100.0,0.0
2024-11-15,,,,,,,,,,,,,0.0,7.1,100.0,0.0
2024-11-16,,,,,,,,,,0.0,0.0,82.6,0.0,6.1,100.0,0.0
2024-11-17,,,,,,,,,,,,,0.0,6.9,100.0,0.0
2024-11-18,,,,0.0,0.6,100.0,,,,0.0,0.1,97.7,0.0,6.4,100.0,0.0
2024-11-19,,,,,,,,,,,,,0.0,6.6,100.0,0.0
2024-11-20,0.0,1.2,53.5,,,,,,,,,,0.0,7.0,100.0,0.0
2024-11-21,,,,,,,,,,,,,0.0,7.0,100.0,0.0
2024-11-22,,,,,,,,,,,,,0.0,9.8,100.0,0.0
2024-11-23,,,,1.3,5.1,100.0,,,,,,,0.0,9.1,100.0,0.0
2024-11-24,0.0,1.9,65.2,,,,,,,,,,0.0,6.7,100.0,0.0
2024-11-25,,,,,,,,,,,,,0.0,6.0,100.0,0.0
2024-11-26,,,,,,,,,,,,,0.0,6.8,100.0,0.0
2024-11-27,,,,,,,,,,0.0,0.2,100.0,0.0,6.2,100.0,0.0
2024-11-28,,,,,,,,,,,,,0.0,6.6,100.0,0.0
2024-11-29,,,,,,,,,,0.0,0.4,99.5,0.0,5.6,100.0,0.0
2024-11-30,,,,,,,,,,0.0,0.8,100.0,0.0,5.9,100.0,0.0
2024-12-01,,,,,,,,,,,,,0.0,7.2,100.0,0.0
2024-12-02,0.4,7.8,81.7,,,,,,,0.0,2.3,100.0,0.0,6.9,100.0,0.0
2024-12-03,,,,,,,,,,,,,0.0,7.4,100.0,0.0
2024-12-04,,,,,,,,,,0.0,6.9,100.0,0.0,8.1,100.0,0.0
2024-12-05,,,,,,,,,,,,,0.0,9.3,100.0,0.0
2024-12-06,0.2,5.3,80.5,,,,,,,,,,0.0,9.2,100.0,0.0
2024-12-07,,,,,,,,,,3.9,16.1,100.0,0.0,8.7,100.0,0.0
2024-12-08,,,,,,,,,,,,,0.0,10.1,100.0,0.0
2024-12-09,,,,,,,,,,5.6,19.2,100.0,0.0,10.1,100.0,0.0
2024-12-10,,,,,,,,,,7.8,23.4,100.0,0.0,10.1,100.0,0.0
2024-12-11,,,,,,,,,,20.7,32.7,100.0,0.0,8.4,100.0,0.0
2024-12-12,,,,,,,,,,51.2,50.5,100.0,0.0,9.3,100.0,0.0
2024-12-13,,,,2.6,8.1,100.0,,,,,,,0.0,9.8,100.0,0.0
2024-12-14,0.0,5.6,80.6,,,,,,,,,,0.0,8.8,100.0,0.0
2024-12-15,,,,,,,,,,73.0,58.9,100.0,0.0,7.5,100.0,0.0
2024-12-16,,,,,,,,,,43.4,44.8,100.0,0.0,7.0,100.0,0.0
2024-12-17,,,,,,,,,,28.6,36.7,100.0,0.0,6.9,100.0,0.0
2024-12-18,0.1,5.0,81.7,,,,,,,13.1,28.8,100.0,0.0,5.9,100.0,0.0
2024-12-19,,,,,,,,,,,,,0.0,5.4,100.0,0.0
2024-12-20,,,,,,,,,,,,,0.0,5.7,100.0,0.0
2024-12-21,,,,,,,,,,,,,0.0,7.0,100.0,0.0
2024-12-22,,,,,,,,,,14.4,28.0,100.0,0.0,7.6,100.0,0.0
2024-12-23,,,,0.8,7.3,99.8,,,,,,,0.0,8.8,100.0,0.0
2024-12-24,,,,,,,,,,,,,0.0,9.5,100.0,0.0
2024-12-25,,,,,,,,,,,,,0.0,12.6,100.0,0.0
2024-12-26,0.0,5.0,80.6,,,,,,,16.1,32.9,100.0,0.0,12.8,100.0,0.0
2024-12-27,,,,,,,,,,40.5,45.3,100.0,0.0,15.2,100.0,0.0
2024-12-28,,,,6.1,19.1,100.0,,,,,,,0.1,17.3,100.0,0.1
2024-12-29,,,,,,,,,,,,,0.1,19.9,100.0,0.1
2024-12-30,0.0,4.8,80.5,,,,,,,,,,0.2,21.5,100.0,0.2
2024-12-31,,,,,,,1.5,14.5,100.0,,,,5.1,24.2,100.0,5.1
2025-01-01,,,,,,,,,,98.8,81.2,100.0,5.8,25.4,100.0,5.8
2025-01-02,,,,,,,,,,,,,11.8,25.0,100.0,11.8
2025-01-03,,,,,,,,,,,,,13.5,28.1,100.0,13.5
2025-01-04,,,,,,,,,,,,,14.8,26.7,100.0,14.8
2025-01-05,,,,,,,,,,,,,14.8,29.9,100.0,14.8
2025-01-06,,,,,,,,,,,,,15.0,28.7,100.0,15.0
2025-01-07,0.1,6.8,61.4,,,,,,,,,,16.6,34.2,100.0,16.6
2025-01-08,,,,,,,,,,,,,16.9,35.4,100.0,16.9
2025-01-09,,,,,,,,,,100.0,91.0,100.0,19.1,40.7,100.0,19.1
2025-01-10,,,,,,,,,,,,,32.0,42.0,100.0,32.0
2025-01-11,0.0,7.2,55.4,,,,,,,100.0,92.0,100.0,44.5,47.7,100.0,44.5
2025-01-12,,,,,,,,,,,,,46.6,49.4,100.0,46.6
2025-01-13,,,,,,,,,,,,,48.8,54.0,100.0,48.8
2025-01-14,,,,,,,,,,,,,49.6,55.7,100.0,49.6
2025-01-15,,,,,,,,,,,,,51.1,59.0,100.0,51.1
2025-01-16,,,,,,,69.8,71.4,100.0,,,,54.2,61.4,100.0,54.2
2025-01-17,,,,40.4,38.2,100.0,,,,100.0,94.8,100.0,54.7,62.3,100.0,54.7
2025-01-18,,,,,,,,,,,,,54.3,61.9,100.0,54.3
2025-01-19,0.0,8.2,61.8,,,,,,,,,,52.8,61.1,100.0,52.8
2025-01-20,,,,,,,,,,,,,52.7,60.5,100.0,52.7
2025-01-21,,,,,,,,,,100.0,96.6,100.0,53.0,60.9,100.0,53.0
2025-01-22,,,,31.0,32.6,100.0,,,,,,,52.9,61.0,100.0,52.9
2025-01-23,0.0,7.5,56.4,,,,,,,100.0,97.4,100.0,51.7,59.7,100.0,51.7
2025-01-24,,,,,,,62.3,64.7,93.9,100.0,97.8,100.0,53.7,60.9,100.0,53.7
2025-01-25,,,,,,,,,,,,,52.3,60.2,100.0,52.3
2025-01-26,,,,,,,,,,,,,53.9,61.1,100.0,53.9
2025-01-27,,,,31.0,37.7,100.0,,,,,,,53.1,60.6,100.0,53.1
2025-01-28,,,,,,,,,,,,,53.1,58.9,100.0,53.1
2025-01-29,,,,,,,,,,100.0,97.5,100.0,53.9,59.8,100.0,53.9
2025-01-30,,,,,,,,,,,,,55.2,60.5,100.0,55.2
2025-01-31,0.0,8.2,59.8,,,,,,,100.0,97.2,100.0,58.2,63.2,100.0,58.2
2025-02-01,,,,50.6,47.8,100.0,68.1,72.1,96.1,100.0,96.3,100.0,60.7,64.9,100.0,60.7
2025-02-02,,,,,,,,,,,,,60.7,64.5,100.0,60.7
2025-02-03,,,,,,,,,,100.0,94.8,100.0,62.0,65.1,100.0,62.0
2025-02-04,0.0,7.7,54.8,,,,,,,98.8,89.8,100.0,61.0,63.6,100.0,61.0
2025-02-05,,,,,,,,,,92.3,85.3,100.0,61.4,62.7,100.0,61.4
2025-02-06,,,,30.2,41.1,100.0,,,,84.9,79.0,100.0,60.0,61.7,100.0,60.0
2025-02-07,,,,,,,,,,75.8,68.2,100.0,61.8,61.7,100.0,61.8
2025-02-08,,,,,,,,,,65.1,59.3,100.0,59.4,59.3,100.0,59.4
2025-02-09,,,,,,,,,,59.9,54.9,100.0,60.0,57.9,100.0,60.0
2025-02-10,,,,,,,,,,,,,54.9,52.8,100.0,54.9
2025-02-11,,,,69.0,63.3,100.0,,,,,,,61.2,57.1,100.0,61.2
2025-02-12,0.1,9.7,61.7,,,,,,,,,,31.1,47.5,100.0,31.1
2025-02-13,,,,,,,,,,,,,26.7,47.8,100.0,26.7
2025-02-14,,,,,,,,,,,,,17.0,42.1,100.0,17.0
2025-02-15,,,,,,,,,,,,,25.7,48.2,100.0,25.7
2025-02-16,0.0,8.2,54.7,82.1,72.3,95.9,,,,,,,26.4,46.8,100.0,26.4
2025-02-17,,,,,,,,,,53.5,48.5,100.0,34.1,48.6,100.0,34.1
2025-02-18,,,,,,,,,,57.6,50.9,100.0,41.9,47.8,100.0,41.9
2025-02-19,,,,,,,,,,,,,59.1,55.8,100.0,59.1
2025-02-20,,,,,,,,,,50.3,45.6,100.0,59.7,56.4,100.0,59.7
2025-02-21,,,,67.7,59.9,100.0,,,,,,,62.6,58.8,100.0,62.6
2025-02-22,,,,,,,,,,34.7,36.5,100.0,57.6,56.1,100.0,57.6
2025-02-23,,,,,,,,,,,,,62.4,59.5,100.0,62.4
2025-02-24,0.0,9.1,61.6,,,,,,,,,,60.1,58.0,100.0,60.1
2025-02-25,,,,,,,99.3,97.5,48.4,,,,59.8,59.3,100.0,59.8
2025-02-26,,,,,,,,,,,,,54.1,56.0,100.0,54.1
2025-02-27,,,,,,,,,,22.3,30.5,100.0,57.4,57.9,100.0,57.4
2025-02-28,0.0,8.1,56.7,,,,,,,,,,60.3,59.2,100.0,60.3
2025-03-01,,,,,,,,,,,,,63.0,59.9,100.0,63.0
2025-03-02,,,,,,,,,,,,,63.3,59.8,100.0,63.3
2025-03-03,,,,58.0,54.3,100.0,,,,,,,68.8,63.6,100.0,68.8
2025-03-04,,,,,,,,,,,,,65.8,62.0,100.0,65.8
2025-03-05,,,,,,,55.8,57.4,72.9,,,,67.2,62.1,100.0,67.2
2025-03-06,,,,,,,,,,,,,62.0,57.8,100.0,62.0
2025-03-07,,,,,,,,,,,,,61.8,58.1,100.0,61.8
2025-03-08,0.0,9.3,59.6,58.7,58.4,72.2,,,,,,,59.6,57.4,100.0,59.6
2025-03-09,,,,,,,,,,,,,54.5,55.5,100.0,54.5
2025-03-10,,,,,,,,,,,,,48.4,51.5,100.0,48.4
2025-03-11,,,,,,,,,,,,,51.3,53.8,100.0,51.3
2025-03-12,0.0,7.4,53.1,,,,,,,,,,46.9,52.0,100.0,46.9
2025-03-13,,,,99.4,90.0,34.3,,,,,,,41.0,50.9,100.0,41.0
2025-03-14,,,,,,,,,,,,,33.4,48.3,100.0,33.4
2025-03-15,,,,,,,,,,,,,30.5,46.5,100.0,30.5
2025-03-16,,,,,,,,,,,,,33.7,50.0,100.0,33.7
2025-03-17,,,,,,,,,,,,,26.4,45.5,100.0,26.4
2025-03-18,,,,61.2,54.6,100.0,,,,,,,35.5,51.0,100.0,35.5
2025-03-19,,,,,,,,,,17.2,27.2,100.0,19.5,40.7,100.0,19.5
2025-03-20,0.0,7.3,60.0,,,,,,,,,,33.0,48.8,100.0,33.0
2025-03-21,,,,,,,,,,,,,18.5,40.1,100.0,18.5
2025-03-22,,,,,,,,,,5.7,16.4,100.0,27.5,46.7,100.0,27.5
2025-03-23,,,,20.5,31.7,100.0,,,,2.5,16.8,83.1,16.9,36.5,100.0,16.9
2025-03-24,0.0,5.1,55.3,,,,,,,0.8,10.9,97.9,22.2,42.0,100.0,22.2
2025-03-25,,,,93.5,79.5,55.2,,,,,,,14.8,36.4,100.0,14.8
2025-03-26,,,,,,,,,,,,,23.7,43.7,100.0,23.7
2025-03-27,,,,,,,,,,,,,9.3,32.5,100.0,9.3
2025-03-28,,,,,,,,,,,,,23.1,43.1,100.0,23.1
2025-03-29,,,,,,,,,,,,,10.7,36.8,100.0,10.7
2025-03-30,0.0,6.2,59.5,,,,,,,,,,23.5,42.9,100.0,23.5
2025-03-31,,,,,,,,,,,,,10.4,37.8,100.0,10.4
2025-04-01,0.0,7.2,60.9,,,,,,,,,,31.8,44.6,100.0,31.8
2025-04-02,,,,69.0,64.5,100.0,,,,,,,30.3,45.2,100.0,30.3
2025-04-03,,,,,,,,,,,,,37.3,45.2,100.0,37.3
2025-04-04,,,,5.1,21.4,100.0,,,,,,,18.4,41.7,100.0,18.4
2025-04-05,0.0,7.0,57.9,,,,,,,,,,24.7,43.7,100.0,24.7
2025-04-06,,,,,,,8.5,20.4,33.8,,,,19.3,43.3,100.0,19.3
2025-04-07,0.0,6.1,61.6,0.1,6.3,100.0,,,,0.5,9.9,99.7,22.7,42.0,100.0,22.7
2025-04-08,,,,,,,,,,,,,9.8,40.3,100.0,9.8
2025-04-09,,,,,,,,,,,,,14.5,40.8,100.0,14.5
2025-04-10,,,,,,,,,,,,,12.2,40.9,100.0,12.2
2025-04-11,0.0,5.5,56.8,,,,,,,0.0,3.6,100.0,6.4,37.2,100.0,6.4
2025-04-12,,,,0.0,1.8,100.0,,,,0.0,3.4,100.0,3.3,36.3,100.0,3.3
2025-04-13,0.0,5.0,60.4,,,,,,,,,,1.0,35.0,100.0,1.0
2025-04-14,,,,0.0,1.3,88.3,,,,,,,1.0,32.6,100.0,1.0
2025-04-15,,,,,,,,,,,,,0.0,29.7,100.0,0.0
2025-04-16,,,,,,,,,,,,,0.3,30.8,100.0,0.3
2025-04-17,0.0,4.1,55.5,,,,,,,,,,0.0,24.9,100.0,0.0
2025-04-18,,,,,,,,,,,,,0.0,21.6,100.0,0.0
2025-04-19,,,,,,,,,,,,,0.0,17.0,100.0,0.0
2025-04-20,,,,,,,,,,,,,0.0,15.4,100.0,0.0
2025-04-21,,,,,,,,,,,,,0.0,12.9,100.0,0.0
2025-04-22,,,,,,,,,,0.0,2.3,100.0,0.0,12.1,100.0,0.0
2025-04-23,0.0,3.5,53.8,,,,,,,,,,0.0,10.4,100.0,0.0
2025-04-24,,,,,,,,,,,,,0.0,9.8,100.0,0.0
2025-04-25,0.0,3.6,58.8,,,,,,,0.1,3.5,100.0,0.0,8.5,100.0,0.0
2025-04-26,,,,,,,,,,,,,0.0,9.0,100.0,0.0
2025-04-27,,,,0.0,0.3,44.3,,,,0.0,2.4,100.0,0.0,6.7,100.0,0.0
2025-04-28,,,,,,,,,,0.0,2.3,100.0,0.0,6.1,100.0,0.0
2025-04-29,0.0,2.7,54.9,,,,,,,0.0,1.1,100.0,0.0,5.5,100.0,0.0
2025-04-30,,,,,,,,,,,,,0.0,5.7,100.0,0.0
2025-05-01,0.0,2.7,60.2,,,,0.0,0.1,56.4,0.0,0.5,100.0,0.0,3.9,100.0,0.0
2025-05-02,,,,0.0,0.4,44.0,,,,0.0,0.4,100.0,0.0,3.4,100.0,0.0
2025-05-03,,,,,,,,,,0.0,0.6,47.7,0.0,2.9,100.0,0.0
2025-05-04,,,,,,,,,,,,,0.0,2.9,100.0,0.0
2025-05-05,0.0,2.7,55.9,,,,,,,,,,0.0,2.7,100.0,0.0
2025-05-06,0.0,2.3,68.1,,,,,,,,,,0.0,2.9,100.0,0.0
2025-05-07,0.0,1.2,43.0,,,,,,,,,,0.0,3.1,100.0,0.0
2025-05-08,,,,,,,,,,,,,0.0,3.3,100.0,0.0
2025-05-09,,,,,,,,,,,,,0.0,3.1,100.0,0.0
2025-05-10,,,,,,,,,,,,,0.0,2.6,100.0,0.0
2025-05-11,0.1,2.0,49.1,,,,,,,,,,0.0,2.0,100.0,0.0
2025-05-12,,,,,,,,,,,,,0.0,1.8,100.0,0.0
2025-05-13,0.0,1.5,44.9,,,,,,,,,,0.0,1.5,100.0,0.0
2025-05-14,,,,0.0,0.1,91.2,,,,,,,0.0,1.3,100.0,0.0
2025-05-15,,,,,,,,,,,,,0.0,1.1,100.0,0.0
2025-05-16,,,,,,,,,,,,,0.0,1.2,100.0,0.0
2025-05-17,0.1,2.4,49.5,,,,,,,,,,0.0,1.1,100.0,0.0
2025-05-18,0.0,3.0,54.7,,,,,,,,,,0.0,1.0,100.0,0.0
2025-05-19,0.0,3.4,44.1,,,,,,,,,,0.0,0.8,100.0,0.0
2025-05-20,,,,,,,,,,,,,0.0,1.1,100.0,0.0
2025-05-21,,,,,,,,,,,,,0.0,1.0,100.0,0.0
2025-05-22,,,,,,,,,,,,,0.0,1.6,100.0,0.0
2025-05-23,0.0,4.7,46.7,,,,,,,,,,0.0,1.8,100.0,0.0
2025-05-24,,,,,,,,,,,,,0.0,4.1,100.0,0.0
2025-05-25,0.0,3.7,42.8,,,,,,,,,,0.0,3.7,100.0,0.0
2025-05-26,,,,,,,,,,,,,0.0,4.6,100.0,0.0
2025-05-27,,,,,,,,,,,,,0.0,3.6,100.0,0.0
2025-05-28,,,,,,,,,,,,,0.0,5.1,100.0,0.0
2025-05-29,0.0,4.3,48.0,,,,,,,,,,0.0,3.8,100.0,0.0
2025-05-30,0.0,4.4,54.4,,,,,,,0.0,0.1,100.0,0.0,4.1,100.0,0.0
2025-05-31,0.0,3.9,43.4,,,,,,,0.0,0.0,100.0,0.0,4.2,100.0,0.0
2025-06-01,,,,,,,,,,,,,0.0,6.1,100.0,0.0
2025-06-02,,,,,,,,,,,,,0.0,4.4,100.0,0.0
2025-06-03,,,,0.0,0.1,83.0,,,,,,,0.0,4.1,100.0,0.0
2025-06-04,0.0,3.7,46.8,,,,,,,,,,0.0,4.5,100.0,0.0
2025-06-05,,,,,,,,,,,,,0.0,5.4,100.0,0.0
2025-06-06,0.0,2.7,44.3,0.0,0.2,100.0,,,,0.0,0.0,100.0,0.0,3.4,100.0,0.0
2025-06-07,,,,,,,,,,,,,0.0,4.0,100.0,0.0
2025-06-08,,,,,,,,,,,,,0.0,3.8,100.0,0.0
2025-06-09,,,,,,,0.0,0.0,30.8,,,,0.0,4.7,100.0,0.0
2025-06-10,0.0,3.0,48.1,,,,,,,0.0,0.0,100.0,0.0,3.4,100.0,0.0
2025-06-11,0.0,2.8,54.5,0.0,0.2,100.0,,,,0.0,0.0,100.0,0.0,2.6,100.0,0.0
2025-06-12,0.0,1.9,43.8,,,,,,,0.0,0.0,100.0,0.0,2.4,100.0,0.0
2025-06-13,,,,0.0,0.1,100.0,,,,0.0,0.0,100.0,0.0,2.2,100.0,0.0
2025-06-14,,,,,,,,,,0.0,0.0,100.0,0.0,1.7,100.0,0.0
2025-06-15,,,,,,,,,,,,,0.0,1.6,100.0,0.0
2025-06-16,0.0,2.0,46.7,,,,,,,,,,0.0,1.5,100.0,0.0
2025-06-17,,,,,,,,,,0.0,0.0,59.0,0.0,1.4,100.0,0.0
2025-06-18,0.0,1.5,44.2,,,,,,,,,,0.0,1.1,100.0,0.0
2025-06-19,,,,,,,,,,,,,0.0,1.0,100.0,0.0
2025-06-20,,,,,,,,,,,,,0.0,1.0,100.0,0.0
2025-06-21,,,,0.0,0.1,96.7,,,,0.0,0.0,100.0,0.0,0.9,100.0,0.0
2025-06-22,0.0,2.2,50.4,,,,,,,0.0,0.0,100.0,0.0,0.5,100.0,0.0
2025-06-23,,,,,,,,,,,,,0.0,0.6,100.0,0.0
2025-06-24,0.0,1.5,45.3,,,,,,,0.0,0.0,100.0,0.0,0.5,100.0,0.0
2025-06-25,,,,,,,0.0,0.0,90.2,,,,0.0,0.6,100.0,0.0
2025-06-26,,,,0.0,0.1,100.0,,,,0.0,0.0,100.0,0.0,0.4,100.0,0.0
2025-06-27,,,,,,,,,,0.0,0.0,51.9,0.0,0.4,100.0,0.0
2025-06-28,0.0,2.0,48.7,,,,,,,,,,0.0,0.4,100.0,0.0
2025-06-29,,,,,,,,,,0.0,0.0,100.0,0.0,0.5,100.0,0.0
2025-06-30,0.0,1.7,45.6,,,,,,,,,,0.0,0.5,100.0,0.0
2025-07-01,,,,0.0,0.1,100.0,,,,,,,0.0,0.6,100.0,0.0
2025-07-02,,,,,,,,,,0.0,0.0,100.0,0.0,0.5,100.0,0.0
2025-07-03,,,,,,,,,,0.0,0.0,100.0,0.0,0.7,100.0,0.0
2025-07-04,0.0,2.6,50.1,,,,,,,0.0,0.0,100.0,0.0,0.5,100.0,0.0
2025-07-05,0.0,2.5,54.7,,,,,,,,,,0.0,0.3,100.0,0.0
2025-07-06,0.0,2.4,44.4,,,,,,,,,,0.0,0.3,100.0,0.0
2025-07-07,,,,,,,,,,,,,0.0,0.3,100.0,0.0
2025-07-08,,,,,,,,,,,,,0.0,0.3,100.0,0.0
2025-07-09,,,,,,,,,,,,,0.0,0.2,100.0,0.0
2025-07-10,0.0,3.3,49.6,,,,,,,,,,0.0,0.2,100.0,0.0
2025-07-11,,,,,,,,,,,,,0.0,0.1,100.0,0.0
2025-07-12,0.0,2.6,45.6,,,,,,,,,,0.0,0.1,100.0,0.0
2025-07-13,,,,0.0,0.1,96.2,,,,,,,0.0,0.0,100.0,0.0
2025-07-14,,,,,,,,,,,,,0.0,0.0,100.0,0.0
2025-07-15,,,,,,,,,,,,,0.0,0.0,100.0,0.0
2025-07-16,0.0,2.5,47.7,,,,,,,,,,0.0,0.0,100.0,0.0
2025-07-17,0.0,2.3,53.9,,,,,,,,,,0.0,0.0,100.0,0.0
2025-07-18,0.0,1.6,44.7,,,,,,,,,,0.0,0.0,100.0,0.0
2025-07-19,,,,,,,0.0,0.0,97.0,,,,0.0,0.0,100.0,0.0
2025-07-20,,,,,,,,,,,,,0.0,0.0,100.0,0.0
2025-07-21,,,,,,,,,,,,,0.0,0.0,100.0,0.0
2025-07-22,0.0,2.1,76.5,,,,,,,,,,0.0,0.0,100.0,0.0
2025-07-23,,,,0.0,0.1,70.9,,,,,,,0.0,0.0,100.0,0.0
2025-07-24,0.0,1.5,78.0,,,,,,,,,,0.0,0.0,100.0,0.0
2025-07-25,,,,,,,,,,,,,0.0,0.0,100.0,0.0
2025-07-26,,,,,,,,,,,,,0.0,0.0,100.0,0.0
2025-07-27,,,,,,,,,,,,,0.0,0.0,100.0,0.0
2025-07-28,0.0,1.3,77.5,,,,,,,,,,0.0,0.0,100.0,0.0
2025-07-29,0.0,1.2,86.6,,,,,,,,,,0.0,0.0,100.0,0.0
2025-07-30,0.0,0.9,77.6,,,,,,,,,,0.0,0.1,100.0,0.0
2025-07-31,,,,0.0,0.1,40.2,,,,,,,0.0,0.1,100.0,0.0
2025-08-01,,,,,,,,,,,,,0.0,0.1,100.0,0.0
2025-08-02,,,,,,,,,,,,,0.0,0.1,100.0,0.0
2025-08-03,0.0,0.8,69.9,,,,,,,,,,0.0,0.2,100.0,0.0
2025-08-04,,,,,,,,,,,,,0.0,0.1,100.0,0.0
2025-08-05,0.0,0.8,79.1,0.0,0.1,100.0,,,,,,,0.0,0.1,100.0,0.0
2025-08-06,,,,,,,,,,,,,0.0,0.1,100.0,0.0
2025-08-07,,,,,,,,,,0.0,0.0,100.0,0.0,0.1,100.0,0.0
2025-08-08,,,,,,,,,,,,,0.0,0.1,100.0,0.0
2025-08-09,0.0,0.8,73.0,,,,,,,0.0,0.0,81.6,0.0,0.1,100.0,0.0
2025-08-10,0.0,0.9,91.0,,,,,,,0.0,0.0,100.0,0.0,0.1,100.0,0.0
2025-08-11,0.0,0.7,78.9,,,,,,,0.0,0.0,100.0,0.0,0.0,100.0,0.0
2025-08-12,,,,0.0,0.1,98.6,0.0,0.0,99.0,0.0,0.0,67.6,0.0,0.1,100.0,0.0
2025-08-13,,,,,,,,,,0.0,0.0,100.0,0.0,0.0,100.0,0.0
2025-08-14,,,,,,,,,,0.0,0.0,100.0,0.0,0.0,100.0,0.0
2025-08-15,0.0,1.0,75.6,0.0,0.1,100.0,,,,0.0,0.0,100.0,0.0,0.0,100.0,0.0
2025-08-16,,,,,,,,,,0.0,0.0,100.0,0.0,0.1,100.0,0.0
2025-08-17,0.0,0.6,78.9,,,,,,,,,,0.0,0.1,100.0,0.0
2025-08-18,,,,,,,,,,,,,0.0,0.1,100.0,0.0
2025-08-19,,,,,,,,,,,,,0.0,0.1,100.0,0.0
2025-08-20,,,,,,,,,,,,,0.0,0.2,100.0,0.0
2025-08-21,0.0,0.7,78.7,,,,,,,,,,0.0,0.1,100.0,0.0
2025-08-22,0.0,0.5,90.0,,,,,,,,,,0.0,0.1,100.0,0.0
2025-08-23,0.0,0.4,77.7,,,,,,,,,,0.0,0.2,100.0,0.0
2025-08-24,,,,,,,,,,0.0,0.0,97.6,0.0,0.2,100.0,0.0
2025-08-25,,,,0.0,0.1,99.1,,,,0.0,0.0,100.0,0.0,0.2,100.0,0.0
2025-08-26,,,,,,,,,,0.0,0.0,100.0,0.0,0.2,100.0,0.0
2025-08-27,0.0,0.7,78.0,,,,,,,,,,0.0,0.3,100.0,0.0
2025-08-28,,,,,,,,,,,,,0.0,0.3,100.0,0.0
2025-08-29,0.0,0.4,78.7,,,,,,,,,,0.0,0.4,100.0,0.0
2025-08-30,,,,,,,,,,0.0,0.1,100.0,0.0,0.2,100.0,0.0
2025-08-31,,,,,,,,,,,,,0.0,0.3,100.0,0.0
2025-09-01,,,,0.0,0.1,100.0,,,,,,,0.0,0.2,100.0,0.0
2025-09-02,0.0,0.7,79.9,,,,,,,,,,0.0,0.2,100.0,0.0
2025-09-03,0.0,0.7,92.0,,,,,,,,,,0.0,0.1,100.0,0.0
2025-09-04,0.0,0.6,80.6,0.0,0.1,100.0,,,,,,,0.0,0.1,100.0,0.0
2025-09-05,,,,,,,,,,,,,0.0,0.1,100.0,0.0
2025-09-06,,,,,,,,,,,,,0.0,0.1,100.0,0.0
2025-09-07,,,,,,,,,,,,,0.0,0.0,100.0,0.0
2025-09-08,0.0,0.8,81.2,,,,,,,,,,0.0,0.0,100.0,0.0
2025-09-09,,,,,,,,,,,,,0.0,0.0,100.0,0.0
2025-09-10,,,,,,,,,,,,,0.0,0.0,100.0,0.0
2025-09-11,,,,0.0,0.1,100.0,,,,,,,0.0,0.0,100.0,0.0
2025-09-12,,,,,,,,,,,,,0.0,0.0,100.0,0.0
2025-09-13,,,,,,,,,,,,,0.0,0.0,100.0,0.0
2025-09-14,0.0,0.6,80.2,,,,,,,,,,0.0,0.0,100.0,0.0
2025-09-15,0.0,0.6,93.6,,,,,,,,,,0.0,0.0,100.0,0.0
2025-09-16,0.0,0.4,79.8,,,,,,,,,,0.0,0.0,100.0,0.0
2025-09-17,,,,,,,,,,,,,0.0,0.0,100.0,0.0
2025-09-18,,,,,,,,,,,,,0.0,0.0,100.0,0.0
2025-09-19,,,,0.0,0.1,100.0,,,,,,,0.0,0.0,100.0,0.0
2025-09-20,0.0,0.7,79.2,,,,,,,,,,0.0,0.0,100.0,0.0
2025-09-21,,,,0.0,0.1,100.0,0.0,0.0,99.9,,,,0.0,0.0,100.0,0.0
2025-09-22,0.0,0.5,81.6,,,,,,,,,,0.0,0.0,100.0,0.0
2025-09-23,,,,,,,,,,,,,0.0,0.0,100.0,0.0
2025-09-24,,,,,,,,,,,,,0.0,0.0,100.0,0.0
2025-09-25,,,,,,,,,,,,,0.0,0.0,100.0,0.0
2025-09-26,0.0,0.6,79.5,,,,,,,,,,0.0,0.0,100.0,0.0
2025-09-27,0.0,0.8,94.5,,,,,,,,,,0.0,0.0,100.0,0.0
2025-09-28,0.0,0.8,82.0,,,,,,,,,,0.0,0.1,100.0,0.0
2025-09-29,,,,,,,,,,,,,0.0,0.1,100.0,0.0
2025-09-30,,,,,,,,,,,,,0.0,0.1,100.0,0.0
2025-10-01,,,,,,,,,,,,,0.0,0.2,100.0,0.0
2025-10-02,0.0,1.5,83.8,,,,,,,,,,0.0,0.2,100.0,0.0
2025-10-03,,,,,,,,,,0.0,0.2,100.0,0.0,0.2,100.0,0.0
2025-10-04,0.0,0.7,79.3,,,,,,,,,,0.0,0.3,100.0,0.0
2025-10-05,,,,,,,,,,,,,0.0,0.3,100.0,0.0
2025-10-06,,,,,,,,,,,,,0.0,0.4,100.0,0.0
2025-10-07,,,,,,,,,,0.0,0.5,97.0,0.0,0.3,100.0,0.0
2025-10-08,0.0,0.6,66.6,,,,,,,,,,0.0,0.5,100.0,0.0
2025-10-09,0.0,0.5,73.3,,,,,,,,,,0.0,0.4,100.0,0.0
2025-10-10,0.0,0.5,65.0,,,,,,,0.0,0.4,100.0,0.0,0.4,100.0,0.0
2025-10-11,,,,0.0,0.2,100.0,,,,0.0,0.4,100.0,0.0,0.4,100.0,0.0
2025-10-12,,,,,,,,,,0.0,0.2,100.0,0.0,0.4,100.0,0.0
2025-10-13,,,,,,,,,,0.0,0.2,100.0,0.0,0.3,100.0,0.0
2025-10-14,0.0,0.5,63.7,0.0,0.3,100.0,,,,0.0,0.2,100.0,0.0,0.3,100.0,0.0
2025-10-15,,,,,,,0.0,0.0,100.0,,,,0.0,0.4,100.0,0.0
2025-10-16,0.0,0.4,65.8,,,,,,,,,,0.0,0.4,100.0,0.0
2025-10-17,,,,,,,,,,0.0,0.2,100.0,0.0,0.3,100.0,0.0
2025-10-18,,,,,,,,,,,,,0.0,0.5,100.0,0.0
2025-10-19,,,,,,,,,,,,,0.0,0.6,100.0,0.0
2025-10-20,0.0,0.5,67.4,,,,,,,0.0,0.1,100.0,0.0,0.6,100.0,0.0
2025-10-21,0.0,0.5,74.5,0.0,0.2,100.0,,,,0.0,0.1,95.7,0.0,0.5,100.0,0.0
2025-10-22,0.0,0.5,65.8,,,,,,,,,,0.0,0.7,100.0,0.0
2025-10-23,,,,,,,,,,0.0,0.1,100.0,0.0,0.8,100.0,0.0
2025-10-24,,,,,,,,,,,,,0.0,0.9,100.0,0.0
2025-10-25,,,,,,,,,,,,,0.0,0.6,100.0,0.0
2025-10-26,0.0,0.7,66.4,,,,,,,,,,0.0,0.7,100.0,0.0
2025-10-27,,,,,,,,,,,,,0.0,0.7,100.0,0.0
2025-10-28,0.0,0.5,64.6,,,,,,,,,,0.0,0.7,100.0,0.0
2025-10-29,,,,0.0,0.6,100.0,,,,,,,0.0,0.6,100.0,0.0
2025-10-30,,,,,,,,,,0.0,0.1,100.0,0.0,0.6,100.0,0.0
2025-10-31,,,,0.0,0.5,100.0,0.0,0.0,91.4,,,,0.0,0.7,100.0,0.0
2025-11-01,0.0,0.6,64.8,,,,,,,,,,0.0,0.7,100.0,0.0
2025-11-02,0.0,0.5,72.1,,,,,,,,,,0.0,0.7,100.0,0.0
2025-11-03,0.0,0.7,64.8,,,,,,,,,,0.0,0.9,100.0,0.0
2025-11-04,,,,,,,,,,,,,0.0,1.2,100.0,0.0
2025-11-05,,,,,,,,,,,,,0.0,1.0,100.0,0.0
2025-11-06,,,,,,,,,,0.0,0.2,100.0,0.0,1.0,100.0,0.0
2025-11-07,0.0,1.0,64.2,,,,,,,,,,0.0,1.5,100.0,0.0
2025-11-08,,,,0.0,0.4,100.0,0.0,0.1,68.8,,,,0.0,1.6,100.0,0.0
2025-11-09,0.0,1.2,66.2,,,,,,,0.0,1.1,100.0,0.0,1.4,100.0,0.0
2025-11-10,,,,0.0,0.4,100.0,,,,,,,0.0,1.2,100.0,0.0
2025-11-11,,,,,,,,,,,,,0.0,1.6,100.0,0.0
2025-11-12,,,,,,,,,,0.0,1.7,100.0,0.0,1.6,100.0,0.0
2025-11-13,0.0,1.2,65.6,0.0,0.7,100.0,,,,,,,0.0,1.3,100.0,0.0
2025-11-14,0.0,1.5,73.8,,,,,,,,,,0.0,1.0,100.0,0.0
2025-11-15,0.0,1.4,65.7,,,,,,,,,,0.0,1.4,100.0,0.0
2025-11-16,,,,,,,0.0,0.1,100.0,,,,0.0,1.6,100.0,0.0
2025-11-17,,,,,,,,,,,,,0.0,1.7,100.0,0.0
2025-11-18,,,,0.0,3.0,100.0,,,,0.0,2.8,47.5,0.0,1.5,100.0,0.0
2025-11-19,0.0,1.8,67.1,,,,,,,,,,0.0,1.8,100.0,0.0
2025-11-20,,,,,,,,,,,,,0.0,1.9,100.0,0.0
2025-11-21,0.0,1.4,66.9,,,,,,,,,,0.0,2.3,100.0,0.0
2025-11-22,,,,,,,,,,,,,0.0,2.1,100.0,0.0
2025-11-23,,,,0.8,4.4,100.0,,,,,,,0.0,2.9,100.0,0.0
2025-11-24,,,,,,,,,,,,,0.0,3.2,100.0,0.0
2025-11-25,0.0,1.3,66.8,,,,,,,,,,0.0,3.1,100.0,0.0
2025-11-26,0.0,1.1,74.5,,,,,,,,,,0.0,2.7,100.0,0.0
2025-11-27,0.0,1.1,64.4,,,,,,,,,,0.0,3.0,100.0,0.0
2025-11-28,,,,1.0,5.3,100.0,,,,,,,0.0,2.9,100.0,0.0
2025-11-29,,,,,,,,,,,,,0.0,2.2,100.0,0.0
2025-11-30,,,,0.7,5.4,100.0,,,,0.0,5.4,65.8,0.0,2.4,100.0,0.0
2025-12-01,0.0,1.3,65.7,,,,,,,0.0,2.2,100.0,0.0,2.3,100.0,0.0
2025-12-02,,,,,,,1.1,2.3,100.0,,,,0.1,2.9,100.0,0.1
2025-12-03,0.0,0.9,65.6,1.3,6.9,74.5,,,,0.0,2.1,100.0,0.0,2.0,100.0,0.0
2025-12-04,,,,,,,,,,,,,0.1,2.7,100.0,0.1
2025-12-05,,,,,,,,,,,,,0.0,2.5,100.0,0.0
2025-12-06,,,,,,,,,,,,,0.1,3.4,100.0,0.1
2025-12-07,0.0,0.8,66.0,,,,,,,0.1,1.7,83.4,0.0,2.7,100.0,0.0
2025-12-08,0.0,0.9,74.2,,,,,,,,,,0.1,3.3,100.0,0.1
2025-12-09,0.0,0.8,65.8,,,,,,,,,,0.0,3.4,100.0,0.0
2025-12-10,,,,0.4,4.2,100.0,3.1,4.4,92.2,,,,0.1,3.5,100.0,0.1
2025-12-11,,,,,,,,,,,,,0.1,4.0,100.0,0.1
2025-12-12,,,,,,,,,,,,,0.0,3.2,100.0,0.0
2025-12-13,0.0,1.2,65.0,0.0,2.4,100.0,,,,,,,0.0,4.2,100.0,0.0
2025-12-14,,,,,,,,,,0.0,1.7,100.0,0.0,3.0,100.0,0.0
2025-12-15,0.0,0.9,77.2,,,,,,,,,,0.0,4.4,100.0,0.0
2025-12-16,,,,,,,,,,,,,0.0,3.1,100.0,0.0
2025-12-17,,,,,,,,,,,,,0.0,5.1,100.0,0.0
2025-12-18,,,,0.1,1.8,100.0,,,,0.0,1.5,100.0,0.0,3.6,100.0,0.0
2025-12-19,0.0,1.6,76.9,,,,,,,,,,0.0,5.3,100.0,0.0
2025-12-20,0.0,2.1,88.2,0.0,1.7,100.0,,,,0.0,0.6,100.0,0.0,3.0,100.0,0.0
2025-12-21,0.0,1.6,67.0,,,,,,,0.0,0.8,100.0,0.0,4.3,100.0,0.0
2025-12-22,,,,,,,,,,0.0,0.8,100.0,0.0,3.3,100.0,0.0
2025-12-23,,,,0.0,0.8,100.0,,,,,,,0.0,4.6,100.0,0.0
2025-12-24,,,,,,,,,,,,,0.0,4.1,100.0,0.0
2025-12-25,0.0,1.8,55.7,,,,,,,0.0,2.6,100.0,0.0,5.2,100.0,0.0
2025-12-26,,,,,,,3.4,6.4,99.9,,,,0.0,5.7,100.0,0.0
2025-12-27,0.0,2.3,59.1,,,,,,,0.0,3.6,100.0,0.0,7.2,100.0,0.0
2025-12-28,,,,0.0,0.8,100.0,,,,,,,0.0,8.4,100.0,0.0
2025-12-29,,,,,,,,,,,,,0.0,9.1,100.0,0.0
2025-12-30,,,,0.0,2.9,81.1,,,,,,,0.0,10.9,100.0,0.0
2025-12-31,0.0,2.7,44.5,,,,,,,,,,0.0,13.2,100.0,0.0
2026-01-01,0.0,0.9,71.8,,,,,,,,,,0.0,8.7,100.0,0.0
2026-01-02,0.0,1.0,78.6,,,,,,,1.3,6.6,100.0,0.0,8.1,100.0,0.0
2026-01-03,,,,,,,,,,1.3,13.6,100.0,0.0,9.7,100.0,0.0
2026-01-04,,,,,,,,,,,,,0.1,11.2,100.0,0.1
2026-01-05,,,,,,,,,,,,,0.8,14.0,100.0,0.8
2026-01-06,0.0,1.3,76.4,,,,,,,,,,0.9,13.2,100.0,0.9
2026-01-07,,,,1.8,6.2,100.0,,,,12.0,27.5,100.0,1.4,15.3,100.0,1.4
2026-01-08,0.0,1.1,73.5,,,,,,,,,,1.3,15.9,100.0,1.3
2026-01-09,,,,,,,,,,,,,1.6,19.7,100.0,1.6
2026-01-10,,,,,,,,,,,,,1.4,18.6,100.0,1.4
2026-01-11,,,,,,,,,,,,,2.3,25.6,100.0,2.3
2026-01-12,0.0,1.1,70.6,,,,,,,61.6,52.3,100.0,2.2,22.0,100.0,2.2
2026-01-13,0.0,0.9,82.2,,,,,,,93.5,75.2,100.0,3.2,26.9,100.0,3.2
2026-01-14,0.0,1.1,78.0,,,,,,,,,,2.7,24.8,100.0,2.7
2026-01-15,,,,,,,,,,,,,3.8,30.9,100.0,3.8
2026-01-16,,,,,,,,,,100.0,90.9,100.0,3.2,28.9,100.0,3.2
2026-01-17,,,,1.6,5.0,100.0,,,,,,,12.7,34.0,100.0,12.7
2026-01-18,0.0,1.7,78.0,,,,,,,100.0,94.7,100.0,8.7,32.4,100.0,8.7
2026-01-19,,,,,,,25.8,28.2,94.3,,,,38.0,38.7,100.0,38.0
2026-01-20,0.0,1.5,78.9,,,,,,,100.0,96.1,100.0,35.5,36.2,100.0,35.5
2026-01-21,,,,,,,,,,,,,38.8,39.5,100.0,38.8
2026-01-22,,,,1.4,11.2,100.0,,,,,,,38.6,38.2,100.0,38.6
2026-01-23,,,,,,,,,,,,,39.8,41.0,100.0,39.8
2026-01-24,0.0,1.4,73.9,,,,,,,,,,37.3,37.7,100.0,37.3
2026-01-25,0.0,1.7,82.4,,,,,,,,,,38.4,39.6,100.0,38.4
2026-01-26,0.0,2.2,78.3,,,,,,,100.0,96.4,100.0,36.6,38.1,100.0,36.6
2026-01-27,,,,23.8,25.3,100.0,56.9,59.5,91.2,,,,40.3,43.7,100.0,40.3
2026-01-28,,,,,,,,,,100.0,94.0,100.0,36.1,39.3,100.0,36.1
2026-01-29,,,,,,,,,,,,,38.8,42.2,100.0,38.8
2026-01-30,0.0,4.2,79.4,,,,,,,,,,33.7,38.7,100.0,33.7
2026-01-31,,,,,,,,,,99.9,90.8,100.0,38.9,42.0,100.0,38.9
2026-02-01,0.0,2.5,74.0,19.1,31.0,100.0,,,,99.0,88.2,100.0,29.2,38.8,100.0,29.2
2026-02-02,,,,,,,,,,93.1,80.2,100.0,31.2,41.5,100.0,31.2
2026-02-03,,,,,,,,,,85.9,72.7,100.0,24.4,38.0,100.0,24.4
2026-02-04,,,,,,,,,,,,,27.4,42.5,100.0,27.4
2026-02-05,0.0,2.3,60.4,,,,,,,,,,21.7,36.4,100.0,21.7
2026-02-06,0.0,2.0,64.5,,,,,,,,,,23.6,38.2,100.0,23.6
2026-02-07,0.0,3.1,68.2,,,,,,,,,,18.1,32.6,100.0,18.1
2026-02-08,,,,,,,,,,83.5,70.7,100.0,19.8,34.1,100.0,19.8
2026-02-09,,,,,,,,,,80.6,69.8,100.0,13.8,30.5,100.0,13.8
2026-02-10,,,,,,,,,,68.7,59.4,100.0,18.3,34.0,100.0,18.3
2026-02-11,2.5,8.9,71.0,83.8,70.8,88.9,,,,,,,12.3,30.7,100.0,12.3
2026-02-12,,,,,,,,,,,,,8.0,29.1,100.0,8.0
2026-02-13,3.4,10.1,72.0,,,,,,,69.0,59.4,100.0,4.9,24.4,100.0,4.9
2026-02-14,,,,,,,,,,,,,7.2,27.4,100.0,7.2
2026-02-15,,,,,,,,,,,,,4.8,25.3,100.0,4.8
2026-02-16,,,,,,,,,,,,,3.5,23.7,100.0,3.5
2026-02-17,6.8,18.0,54.8,,,,,,,,,,3.6,25.6,100.0,3.6
2026-02-18,18.3,22.8,55.7,,,,,,,,,,4.5,25.0,100.0,4.5
2026-02-19,22.9,26.6,77.6,,,,,,,,,,5.7,27.4,100.0,5.7
2026-02-20,,,,,,,,,,,,,5.2,27.7,100.0,5.2
2026-02-21,,,,,,,,,,47.6,45.0,100.0,11.8,33.2,100.0,11.8
2026-02-22,,,,,,,,,,45.4,44.5,100.0,14.3,33.2,100.0,14.3
2026-02-23,28.3,31.7,80.9,,,,,,,,,,28.2,38.9,100.0,28.2
2026-02-24,,,,,,,,,,,,,27.1,38.0,100.0,27.1
2026-02-25,19.6,25.9,80.1,,,,,,,,,,43.5,45.3,100.0,43.5
2026-02-26,,,,93.5,77.6,100.0,,,,44.8,44.7,100.0,45.6,46.0,100.0,45.6
2026-02-27,,,,,,,,,,78.2,62.2,100.0,45.2,46.0,100.0,45.2
2026-02-28,,,,,,,76.5,75.8,94.9,,,,47.8,49.6,100.0,47.8
2026-03-01,23.9,29.9,75.6,,,,,,,,,,47.9,50.1,100.0,47.9
2026-03-02,16.8,23.0,88.4,,,,,,,,,,48.5,50.3,100.0,48.5
2026-03-03,14.8,19.6,82.1,29.1,39.1,99.8,,,,,,,48.0,50.0,100.0,48.0
2026-03-04,,,,,,,,,,93.4,71.3,100.0,47.7,47.6,100.0,47.7
2026-03-05,,,,,,,,,,,,,47.7,47.8,100.0,47.7
2026-03-06,,,,,,,,,,,,,47.0,46.2,100.0,47.0
2026-03-07,18.2,21.5,80.1,,,,,,,,,,46.3,46.0,100.0,46.3
2026-03-08,,,,18.4,27.6,100.0,61.6,62.8,95.3,,,,45.7,45.9,100.0,45.7
2026-03-09,,,,,,,,,,,,,44.6,44.3,100.0,44.6
2026-03-10,,,,11.2,21.6,100.0,,,,93.8,71.9,85.1,42.5,42.2,100.0,42.5
2026-03-11,,,,,,,,,,,,,42.8,41.7,100.0,42.8
2026-03-12,,,,,,,,,,,,,32.7,37.2,100.0,32.7
2026-03-13,17.8,20.9,82.2,21.5,30.7,100.0,,,,99.2,79.2,100.0,37.9,39.3,100.0,37.9
2026-03-14,21.8,23.7,91.7,,,,,,,,,,18.7,33.0,100.0,18.7
2026-03-15,16.5,18.6,79.2,,,,,,,,,,27.3,35.5,100.0,27.3
2026-03-16,,,,,,,,,,,,,3.6,24.2,100.0,3.6
2026-03-17,,,,,,,,,,,,,9.2,30.3,100.0,9.2
2026-03-18,,,,100.0,85.4,67.6,,,,,,,3.0,22.1,100.0,3.0
2026-03-19,14.4,18.6,80.8,,,,,,,,,,4.6,25.6,100.0,4.6
2026-03-20,,,,46.9,46.7,100.0,,,,100.0,85.2,100.0,2.7,19.7,100.0,2.7
2026-03-21,8.1,14.0,79.1,,,,,,,,,,4.2,25.6,100.0,4.2
2026-03-22,,,,,,,,,,,,,1.4,18.5,100.0,1.4
2026-03-23,,,,,,,,,,,,,2.5,21.3,100.0,2.5
2026-03-24,,,,,,,,,,,,,0.4,15.1,100.0,0.4
2026-03-25,15.5,19.0,83.2,,,,,,,,,,0.4,16.5,100.0,0.4
2026-03-26,14.8,17.8,92.7,,,,,,,,,,0.2,14.6,100.0,0.2
2026-03-27,1.5,11.1,79.4,,,,,,,,,,0.0,12.7,100.0,0.0
2026-03-28,,,,96.2,85.0,39.4,,,,99.9,84.1,100.0,0.0,15.7,100.0,0.0
2026-03-29,,,,,,,,,,,,,0.0,13.1,100.0,0.0
2026-03-30,,,,,,,,,,,,,0.1,17.0,100.0,0.1
2026-03-31,1.6,12.7,80.9,,,,,,,,,,0.0,14.3,100.0,0.0
2026-04-01,,,,,,,,,,,,,1.3,18.0,100.0,1.3
2026-04-02,0.0,6.2,77.8,,,,,,,,,,0.0,14.3,100.0,0.0
2026-04-03,,,,,,,,,,,,,2.3,18.4,100.0,2.3
2026-04-04,,,,,,,,,,,,,0.4,14.7,100.0,0.4
2026-04-05,,,,,,,,,,96.8,75.5,100.0,2.3,17.4,100.0,2.3
2026-04-06,0.3,7.6,83.7,,,,,,,87.2,65.1,64.9,1.0,13.9,100.0,1.0
2026-04-07,0.0,5.3,91.5,2.2,15.0,100.0,,,,32.9,40.1,90.5,2.7,17.3,100.0,2.7
2026-04-08,0.0,3.6,78.2,,,,,,,7.5,25.8,76.9,1.2,14.3,100.0,1.2
2026-04-09,,,,0.0,6.8,100.0,24.0,22.1,99.6,11.1,25.1,100.0,1.9,15.5,100.0,1.9
2026-04-10,,,,,,,,,,,,,0.6,13.7,100.0,0.6
2026-04-11,,,,,,,,,,,,,0.9,14.5,100.0,0.9
2026-04-12,0.1,4.4,82.8,,,,,,,,,,0.2,12.0,100.0,0.2
2026-04-13,,,,,,,,,,,,,0.2,12.2,100.0,0.2
2026-04-14,0.0,2.5,76.5,,,,,,,2.3,13.2,100.0,0.2,11.1,100.0,0.2
2026-04-15,,,,,,,,,,,,,0.4,13.7,100.0,0.4
2026-04-16,,,,,,,,,,,,,0.2,13.5,100.0,0.2
2026-04-17,,,,0.0,1.3,100.0,,,,1.2,7.5,100.0,0.2,13.4,100.0,0.2
2026-04-18,0.0,4.7,82.6,,,,,,,,,,0.0,12.3,100.0,0.0
2026-04-19,0.0,3.4,92.5,,,,,,,,,,0.0,11.7,100.0,0.0
2026-04-20,0.0,1.8,89.8,,,,,,,,,,0.0,12.4,100.0,0.0
2026-04-21,,,,,,,,,,,,,0.0,12.2,100.0,0.0
2026-04-22,,,,0.0,0.6,100.0,,,,,,,0.0,10.0,100.0,0.0
2026-04-23,,,,,,,,,,0.0,2.2,100.0,0.0,8.6,100.0,0.0
2026-04-24,0.0,1.9,80.8,,,,,,,0.0,1.9,100.0,0.0,8.6,100.0,0.0
2026-04-25,,,,,,,0.0,0.2,46.1,0.0,1.8,100.0,0.0,8.9,100.0,0.0
2026-04-26,0.0,1.0,78.1,,,,,,,0.0,1.6,100.0,0.0,7.9,100.0,0.0
2026-04-27,0.0,0.8,77.9,0.0,0.2,100.0,,,,0.0,1.4,100.0,0.0,7.0,100.0,0.0
2026-04-28,,,,,,,,,,,,,0.0,6.8,100.0,0.0
2026-04-29,,,,,,,,,,,,,0.0,7.7,100.0,0.0
2026-04-30,0.0,1.9,81.7,,,,,,,0.0,0.9,100.0,0.0,6.7,100.0,0.0
2026-05-01,0.0,2.1,90.9,,,,,,,,,,0.0,6.5,100.0,0.0
2026-05-02,0.0,1.9,90.7,0.0,0.1,100.0,,,,,,,0.0,6.1,100.0,0.0
2026-05-03,,,,,,,,,,,,,0.0,7.9,100.0,0.0
2026-05-04,,,,,,,,,,,,,0.0,7.4,100.0,0.0
2026-05-05,,,,,,,,,,,,,0.0,7.2,100.0,0.0
2026-05-06,0.0,2.0,81.4,,,,,,,,,,0.0,5.6,100.0,0.0
2026-05-07,,,,,,,,,,0.0,0.4,76.3,0.0,5.4,100.0,0.0
2026-05-08,0.0,1.5,79.2,,,,,,,,,,0.0,5.3,100.0,0.0
2026-05-09,0.0,1.6,77.4,0.0,0.4,100.0,,,,,,,0.0,5.6,100.0,0.0
2026-05-10,,,,,,,,,,,,,0.0,4.9,100.0,0.0
2026-05-11,,,,,,,,,,,,,0.0,6.5,100.0,0.0
2026-05-12,0.0,2.9,82.1,10.8,23.2,30.9,,,,,,,0.0,7.2,100.0,0.0
2026-05-13,0.0,3.0,92.6,,,,,,,,,,0.0,7.8,100.0,0.0
2026-05-14,0.1,3.5,92.0,,,,,,,,,,0.0,5.9,100.0,0.0
2026-05-15,,,,,,,,,,,,,0.0,5.7,100.0,0.0
2026-05-16,,,,,,,,,,,,,0.0,8.3,100.0,0.0
2026-05-17,,,,,,,,,,,,,0.0,11.2,100.0,0.0
2026-05-18,0.0,3.3,81.9,,,,,,,,,,0.0,10.8,100.0,0.0
2026-05-19,,,,,,,,,,,,,0.0,10.8,100.0,0.0
2026-05-20,0.0,2.2,76.0,,,,,,,,,,0.0,12.4,100.0,0.0
2026-05-21,0.0,2.1,77.3,,,,,,,,,,0.0,12.2,100.0,0.0
2026-05-22,,,,0.0,0.2,100.0,,,,0.0,0.3,90.3,0.0,9.1,100.0,0.0
2026-05-23,,,,,,,,,,0.0,0.1,100.0,0.0,8.9,100.0,0.0
2026-05-24,0.0,4.3,83.8,,,,,,,0.0,0.1,71.6,0.0,10.7,100.0,0.0
2026-05-25,0.0,4.5,94.2,,,,,,,,,,0.0,10.1,100.0,0.0
2026-05-26,0.0,3.3,92.1,,,,,,,0.0,0.0,100.0,0.0,7.7,100.0,0.0
2026-05-27,,,,,,,,,,0.0,0.0,50.0,0.0,9.3,100.0,0.0
2026-05-28,,,,,,,,,,,,,0.0,14.7,100.0,0.0
2026-05-29,,,,0.0,0.1,88.2,,,,,,,0.0,13.7,100.0,0.0
2026-05-30,0.0,3.1,83.8,,,,,,,,,,0.0,13.0,100.0,0.0
2026-05-31,,,,,,,,,,,,,0.0,16.8,100.0,0.0
2026-06-01,0.0,1.7,77.9,,,,,,,,,,,,,
2026-06-02,0.0,1.5,78.7,,,,,,,,,,,,,
2026-06-03,,,,,,,,,,,,,,,,
2026-06-04,,,,,,,,,,,,,,,,
2026-06-05,,,,,,,,,,,,,,,,
2026-06-06,0.0,2.1,93.2,,,,,,,,,,,,,
2026-06-07,0.0,1.6,91.5,,,,,,,0.0,0.0,98.9,,,,
2026-06-08,,,,0.0,0.1,60.6,,,,0.0,0.0,100.0,,,,
2026-06-09,,,,,,,,,,,,,,,,
2026-06-10,,,,,,,,,,,,,,,,
2026-06-11,0.0,2.0,80.9,,,,,,,,,,,,,
2026-06-12,,,,,,,,,,,,,,,,
2026-06-13,,,,,,,,,,,,,,,,
2026-06-14,0.0,1.0,77.4,,,,,,,,,,,,,
2026-06-15,,,,,,,,,,,,,,,,
2026-06-16,,,,,,,,,,0.0,0.0,81.9,,,,
2026-06-17,,,,,,,,,,,,,,,,
2026-06-18,0.0,2.3,82.7,0.0,0.1,86.7,,,,,,,,,,
2026-06-19,0.0,2.6,91.6,,,,,,,0.0,0.0,100.0,,,,
2026-06-20,,,,,,,,,,,,,,,,
2026-06-21,,,,0.0,0.1,100.0,,,,0.0,0.0,100.0,,,,
2026-06-22,,,,,,,,,,0.0,0.0,100.0,,,,
2026-06-23,0.0,3.6,81.3,,,,,,,,,,,,,
2026-06-24,,,,,,,,,,,,,,,,
2026-06-25,0.0,8.0,91.0,,,,,,,,,,,,,
2026-06-26,0.0,8.6,78.1,0.0,0.1,100.0,,,,0.0,0.0,100.0,,,,
2026-06-27,,,,,,,,,,0.0,0.0,100.0,,,,
2026-06-28,,,,0.0,0.6,100.0,0.0,0.1,72.6,0.0,0.0,100.0,,,,
2026-06-29,,,,,,,,,,0.0,0.5,100.0,,,,
2026-06-30,0.0,14.2,81.8,,,,,,,,,,,,,
2026-07-01,,,,,,,,,,,,,,,,
2026-07-02,,,,,,,,,,,,,,,,
2026-07-03,,,,,,,,,,,,,,,,
2026-07-04,,,,,,,,,,,,,,,,
2026-07-05,,,,,,,,,,,,,,,,
2026-07-06,,,,,,,,,,,,,,,,
2026-07-07,,,,,,,,,,,,,,,,
2026-07-08,,,,,,,,,,,,,,,,
2026-07-09,,,,,,,,,,0.0,4.1,95.1,,,,
