date,s1_ice_cover,s1_ice_probability,s1_data_coverage,s2_ice_cover,s2_ice_probability,s2_data_coverage,landsat_ice_cover,landsat_ice_probability,landsat_data_coverage,ecostress_ice_cover,ecostress_ice_probability,ecostress_data_coverage,stage2_ice_cover,stage2_ice_probability,stage2_data_coverage,stage2_phenology_cover
2015-07-04,,,,0.0,5.7,100.0,,,,,,,0.0,2.4,100.0,0.0
2015-07-05,,,,,,,,,,,,,0.0,1.3,100.0,0.0
2015-07-06,,,,,,,0.0,0.1,84.5,,,,0.0,0.8,100.0,0.0
2015-07-07,,,,,,,,,,,,,0.0,0.7,100.0,0.0
2015-07-08,,,,,,,,,,,,,0.0,0.3,100.0,0.0
2015-07-09,,,,,,,,,,,,,0.0,0.2,100.0,0.0
2015-07-10,,,,,,,,,,,,,0.0,0.2,100.0,0.0
2015-07-11,,,,,,,,,,,,,0.0,0.1,100.0,0.0
2015-07-12,,,,,,,,,,,,,0.0,0.1,100.0,0.0
2015-07-13,,,,,,,,,,,,,0.0,0.1,100.0,0.0
2015-07-14,,,,,,,,,,,,,0.0,0.1,100.0,0.0
2015-07-15,,,,,,,0.0,0.0,100.0,,,,0.0,0.0,100.0,0.0
2015-07-16,1.9,26.8,54.3,,,,,,,,,,0.0,0.0,100.0,0.0
2015-07-17,,,,,,,,,,,,,0.0,0.0,100.0,0.0
2015-07-18,,,,,,,,,,,,,0.0,0.0,100.0,0.0
2015-07-19,,,,,,,,,,,,,0.0,0.0,100.0,0.0
2015-07-20,,,,,,,,,,,,,0.0,0.0,100.0,0.0
2015-07-21,,,,,,,,,,,,,0.0,0.0,100.0,0.0
2015-07-22,,,,,,,0.0,0.0,100.0,,,,0.0,0.0,100.0,0.0
2015-07-23,,,,,,,,,,,,,0.0,0.0,100.0,0.0
2015-07-24,,,,,,,,,,,,,0.0,0.0,100.0,0.0
2015-07-25,,,,,,,,,,,,,0.0,0.0,100.0,0.0
2015-07-26,,,,,,,,,,,,,0.0,0.1,100.0,0.0
2015-07-27,,,,,,,,,,,,,0.0,0.1,100.0,0.0
2015-07-28,,,,,,,,,,,,,0.0,0.0,100.0,0.0
2015-07-29,,,,,,,,,,,,,0.0,0.1,100.0,0.0
2015-07-30,,,,,,,,,,,,,0.0,0.0,100.0,0.0
2015-07-31,,,,,,,0.0,0.0,100.0,,,,0.0,0.0,100.0,0.0
2015-08-01,,,,,,,,,,,,,0.0,0.0,100.0,0.0
2015-08-02,,,,,,,,,,,,,0.0,0.0,100.0,0.0
2015-08-03,,,,0.0,1.1,90.6,,,,,,,0.0,0.0,100.0,0.0
2015-08-04,,,,,,,,,,,,,0.0,0.0,100.0,0.0
2015-08-05,,,,,,,,,,,,,0.0,0.0,100.0,0.0
2015-08-06,,,,0.0,1.0,100.0,,,,,,,0.0,0.0,100.0,0.0
2015-08-07,,,,,,,0.0,0.0,100.0,,,,0.0,0.0,100.0,0.0
2015-08-08,,,,,,,,,,,,,0.0,0.0,100.0,0.0
2015-08-09,,,,,,,,,,,,,0.0,0.0,100.0,0.0
2015-08-10,,,,,,,,,,,,,0.0,0.0,100.0,0.0
2015-08-11,,,,,,,,,,,,,0.0,0.0,100.0,0.0
2015-08-12,,,,,,,,,,,,,0.0,0.0,100.0,0.0
2015-08-13,,,,0.0,1.5,100.0,,,,,,,0.0,0.0,100.0,0.0
2015-08-14,,,,,,,,,,,,,0.0,0.0,100.0,0.0
2015-08-15,,,,,,,,,,,,,0.0,0.0,100.0,0.0
2015-08-16,,,,,,,,,,,,,0.0,0.1,100.0,0.0
2015-08-17,,,,,,,,,,,,,0.0,0.0,100.0,0.0
2015-08-18,,,,,,,,,,,,,0.0,0.1,100.0,0.0
2015-08-19,,,,,,,,,,,,,0.0,0.0,100.0,0.0
2015-08-20,,,,,,,,,,,,,0.0,0.1,100.0,0.0
2015-08-21,,,,,,,,,,,,,0.0,0.0,100.0,0.0
2015-08-22,,,,,,,,,,,,,0.0,0.1,100.0,0.0
2015-08-23,,,,,,,0.0,0.0,98.5,,,,0.0,0.0,100.0,0.0
2015-08-24,,,,,,,,,,,,,0.0,0.0,100.0,0.0
2015-08-25,,,,,,,,,,,,,0.0,0.0,100.0,0.0
2015-08-26,,,,0.0,1.5,100.0,,,,,,,0.0,0.0,100.0,0.0
2015-08-27,,,,,,,,,,,,,0.0,0.0,100.0,0.0
2015-08-28,,,,,,,,,,,,,0.0,0.0,100.0,0.0
2015-08-29,,,,,,,,,,,,,0.0,0.0,100.0,0.0
2015-08-30,,,,,,,,,,,,,0.0,0.0,100.0,0.0
2015-08-31,,,,,,,,,,,,,0.0,0.0,100.0,0.0
2015-09-01,,,,,,,0.0,0.0,100.0,,,,0.0,0.0,100.0,0.0
2015-09-02,,,,,,,,,,,,,0.0,0.0,100.0,0.0
2015-09-03,,,,,,,,,,,,,0.0,0.0,100.0,0.0
2015-09-04,,,,,,,,,,,,,0.0,0.0,100.0,0.0
2015-09-05,,,,,,,,,,,,,0.0,0.1,100.0,0.0
2015-09-06,,,,,,,,,,,,,0.0,0.1,100.0,0.0
2015-09-07,,,,,,,,,,,,,0.0,0.1,100.0,0.0
2015-09-08,,,,,,,,,,,,,0.0,0.1,100.0,0.0
2015-09-09,,,,,,,,,,,,,0.0,0.2,100.0,0.0
2015-09-10,,,,,,,,,,,,,0.0,0.2,100.0,0.0
2015-09-11,,,,,,,,,,,,,0.0,0.2,100.0,0.0
2015-09-12,,,,0.0,1.2,100.0,,,,,,,0.0,0.2,100.0,0.0
2015-09-13,,,,,,,,,,,,,0.0,0.2,100.0,0.0
2015-09-14,,,,,,,,,,,,,0.0,0.2,100.0,0.0
2015-09-15,,,,,,,,,,,,,0.0,0.2,100.0,0.0
2015-09-16,,,,,,,,,,,,,0.0,0.1,100.0,0.0
2015-09-17,,,,,,,,,,,,,0.0,0.2,100.0,0.0
2015-09-18,,,,,,,,,,,,,0.0,0.2,100.0,0.0
2015-09-19,,,,,,,,,,,,,0.0,0.1,100.0,0.0
2015-09-20,,,,,,,,,,,,,0.0,0.1,100.0,0.0
2015-09-21,,,,,,,,,,,,,0.0,0.1,100.0,0.0
2015-09-22,,,,,,,,,,,,,0.0,0.1,100.0,0.0
2015-09-23,,,,,,,,,,,,,0.0,0.1,100.0,0.0
2015-09-24,,,,,,,,,,,,,0.0,0.1,100.0,0.0
2015-09-25,,,,,,,0.0,0.0,64.8,,,,0.0,0.1,100.0,0.0
2015-09-26,,,,,,,,,,,,,0.0,0.1,100.0,0.0
2015-09-27,,,,,,,,,,,,,0.0,0.1,100.0,0.0
2015-09-28,,,,,,,,,,,,,0.0,0.2,100.0,0.0
2015-09-29,,,,,,,,,,,,,0.0,0.1,100.0,0.0
2015-09-30,,,,,,,,,,,,,0.0,0.1,100.0,0.0
2015-10-01,,,,,,,,,,,,,0.0,0.1,100.0,0.0
2015-10-02,,,,,,,0.0,0.1,42.9,,,,0.0,0.1,100.0,0.0
2015-10-03,,,,,,,0.0,0.0,100.0,,,,0.0,0.1,100.0,0.0
2015-10-04,,,,,,,,,,,,,0.0,0.1,100.0,0.0
2015-10-05,,,,,,,,,,,,,0.0,0.1,100.0,0.0
2015-10-06,,,,,,,,,,,,,0.0,0.1,100.0,0.0
2015-10-07,,,,,,,,,,,,,0.0,0.1,100.0,0.0
2015-10-08,,,,,,,,,,,,,0.0,0.1,100.0,0.0
2015-10-09,,,,,,,,,,,,,0.0,0.1,100.0,0.0
2015-10-10,,,,,,,,,,,,,0.0,0.2,100.0,0.0
2015-10-11,,,,,,,,,,,,,0.0,0.3,100.0,0.0
2015-10-12,,,,,,,,,,,,,0.0,0.4,100.0,0.0
2015-10-13,,,,,,,,,,,,,0.0,0.5,100.0,0.0
2015-10-14,,,,,,,,,,,,,0.0,0.5,100.0,0.0
2015-10-15,,,,,,,,,,,,,0.0,0.7,100.0,0.0
2015-10-16,,,,,,,,,,,,,0.0,0.9,100.0,0.0
2015-10-17,,,,,,,,,,,,,0.0,0.9,100.0,0.0
2015-10-18,,,,,,,,,,,,,0.0,1.1,100.0,0.0
2015-10-19,,,,,,,,,,,,,0.0,1.9,100.0,0.0
2015-10-20,,,,,,,,,,,,,0.0,2.1,100.0,0.0
2015-10-21,,,,,,,,,,,,,0.0,1.9,100.0,0.0
2015-10-22,,,,0.0,2.2,95.0,,,,,,,0.0,1.9,100.0,0.0
2015-10-23,,,,,,,,,,,,,0.0,1.7,100.0,0.0
2015-10-24,,,,,,,,,,,,,0.0,1.6,100.0,0.0
2015-10-25,,,,,,,,,,,,,0.0,1.2,100.0,0.0
2015-10-26,,,,,,,,,,,,,0.0,1.1,100.0,0.0
2015-10-27,,,,,,,,,,,,,0.0,1.1,100.0,0.0
2015-10-28,,,,,,,,,,,,,0.0,0.8,100.0,0.0
2015-10-29,,,,,,,,,,,,,0.0,0.7,100.0,0.0
2015-10-30,,,,,,,,,,,,,0.0,0.7,100.0,0.0
2015-10-31,,,,,,,,,,,,,0.0,0.7,100.0,0.0
2015-11-01,,,,,,,,,,,,,0.0,0.6,100.0,0.0
2015-11-02,,,,,,,,,,,,,0.0,0.6,100.0,0.0
2015-11-03,,,,,,,,,,,,,0.0,0.5,100.0,0.0
2015-11-04,,,,,,,,,,,,,0.0,0.5,100.0,0.0
2015-11-05,,,,,,,,,,,,,0.0,0.4,100.0,0.0
2015-11-06,,,,,,,,,,,,,0.0,0.4,100.0,0.0
2015-11-07,,,,,,,,,,,,,0.0,0.4,100.0,0.0
2015-11-08,,,,,,,,,,,,,0.0,0.4,100.0,0.0
2015-11-09,,,,,,,,,,,,,0.0,0.3,100.0,0.0
2015-11-10,,,,,,,,,,,,,0.0,0.4,100.0,0.0
2015-11-11,,,,,,,0.0,0.1,100.0,,,,0.0,0.4,100.0,0.0
2015-11-12,,,,,,,,,,,,,0.0,0.4,100.0,0.0
2015-11-13,,,,,,,,,,,,,0.0,0.5,100.0,0.0
2015-11-14,,,,0.0,7.4,99.7,,,,,,,0.0,0.6,100.0,0.0
2015-11-15,,,,,,,,,,,,,0.0,0.7,100.0,0.0
2015-11-16,,,,,,,,,,,,,0.0,0.6,100.0,0.0
2015-11-17,0.4,16.6,53.3,,,,,,,,,,0.0,0.7,100.0,0.0
2015-11-18,,,,,,,,,,,,,0.0,0.8,100.0,0.0
2015-11-19,,,,,,,,,,,,,0.0,1.3,100.0,0.0
2015-11-20,,,,,,,,,,,,,0.0,1.2,100.0,0.0
2015-11-21,,,,,,,,,,,,,0.0,1.7,100.0,0.0
2015-11-22,,,,,,,,,,,,,0.0,1.9,100.0,0.0
2015-11-23,,,,,,,,,,,,,0.0,2.8,100.0,0.0
2015-11-24,,,,0.3,12.7,100.0,,,,,,,0.0,2.9,100.0,0.0
2015-11-25,6.0,15.3,58.7,,,,,,,,,,0.0,3.7,100.0,0.0
2015-11-26,,,,,,,,,,,,,0.0,3.5,100.0,0.0
2015-11-27,,,,,,,,,,,,,0.0,4.4,100.0,0.0
2015-11-28,,,,,,,,,,,,,0.0,4.6,100.0,0.0
2015-11-29,3.8,10.5,57.7,,,,,,,,,,0.0,5.5,100.0,0.0
2015-11-30,,,,,,,,,,,,,0.0,4.7,100.0,0.0
2015-12-01,,,,,,,,,,,,,0.0,5.7,100.0,0.0
2015-12-02,,,,,,,,,,,,,0.0,6.3,100.0,0.0
2015-12-03,,,,,,,,,,,,,0.0,6.3,100.0,0.0
2015-12-04,,,,0.0,4.7,66.3,,,,,,,0.0,6.0,100.0,0.0
2015-12-05,,,,,,,,,,,,,0.0,5.7,100.0,0.0
2015-12-06,,,,,,,0.0,1.5,100.0,,,,0.0,6.1,100.0,0.0
2015-12-07,2.7,13.7,55.3,,,,,,,,,,0.0,6.0,100.0,0.0
2015-12-08,,,,,,,,,,,,,0.0,6.0,100.0,0.0
2015-12-09,,,,,,,,,,,,,0.0,6.5,100.0,0.0
2015-12-10,,,,,,,,,,,,,0.0,7.5,100.0,0.0
2015-12-11,,,,0.9,10.3,100.0,,,,,,,0.0,7.5,100.0,0.0
2015-12-12,,,,,,,,,,,,,0.0,6.4,100.0,0.0
2015-12-13,,,,,,,0.1,8.6,100.0,,,,0.0,6.2,100.0,0.0
2015-12-14,,,,,,,,,,,,,0.0,5.6,100.0,0.0
2015-12-15,,,,,,,,,,,,,0.0,5.3,100.0,0.0
2015-12-16,,,,,,,,,,,,,0.0,4.9,100.0,0.0
2015-12-17,,,,,,,,,,,,,0.0,4.6,100.0,0.0
2015-12-18,,,,,,,,,,,,,0.0,4.2,100.0,0.0
2015-12-19,11.3,30.8,53.3,,,,,,,,,,0.0,4.1,100.0,0.0
2015-12-20,,,,,,,,,,,,,0.0,4.3,100.0,0.0
2015-12-21,,,,,,,,,,,,,0.0,4.5,100.0,0.0
2015-12-22,,,,,,,4.8,12.9,100.0,,,,0.0,5.1,100.0,0.0
2015-12-23,7.6,26.0,55.7,,,,,,,,,,0.0,5.4,100.0,0.0
2015-12-24,,,,,,,,,,,,,0.0,6.2,100.0,0.0
2015-12-25,,,,,,,,,,,,,0.0,7.1,100.0,0.0
2015-12-26,,,,,,,,,,,,,0.0,8.4,100.0,0.0
2015-12-27,,,,,,,,,,,,,0.0,9.9,100.0,0.0
2015-12-28,,,,,,,,,,,,,0.0,11.6,100.0,0.0
2015-12-29,,,,,,,11.2,19.7,100.0,,,,0.0,14.3,100.0,0.0
2015-12-30,,,,,,,,,,,,,0.0,16.1,100.0,0.0
2015-12-31,,,,,,,,,,,,,0.1,20.4,100.0,0.1
2016-01-01,,,,,,,,,,,,,0.0,21.8,100.0,0.0
2016-01-02,,,,,,,,,,,,,0.2,27.0,100.0,0.2
2016-01-03,,,,2.0,11.9,99.0,,,,,,,0.0,24.0,100.0,0.0
2016-01-04,5.8,18.4,57.7,,,,,,,,,,0.3,28.6,100.0,0.3
2016-01-05,,,,,,,,,,,,,0.0,24.0,100.0,0.0
2016-01-06,,,,,,,,,,,,,0.7,32.9,100.0,0.7
2016-01-07,,,,,,,17.4,33.6,100.0,,,,0.1,25.9,100.0,0.1
2016-01-08,,,,,,,,,,,,,1.0,32.9,100.0,1.0
2016-01-09,,,,,,,,,,,,,0.1,23.5,100.0,0.1
2016-01-10,,,,,,,,,,,,,0.9,35.6,100.0,0.9
2016-01-11,,,,,,,,,,,,,0.0,25.5,100.0,0.0
2016-01-12,10.5,21.8,66.0,,,,,,,,,,1.5,38.8,100.0,1.5
2016-01-13,,,,,,,,,,,,,0.0,29.7,100.0,0.0
2016-01-14,,,,,,,81.6,56.7,70.2,,,,6.9,46.4,100.0,6.9
2016-01-15,,,,,,,,,,,,,0.5,39.9,100.0,0.5
2016-01-16,13.7,27.5,62.9,,,,,,,,,,23.0,53.7,100.0,23.0
2016-01-17,,,,,,,,,,,,,5.1,49.1,100.0,5.1
2016-01-18,,,,,,,,,,,,,64.4,60.6,100.0,64.4
2016-01-19,,,,,,,,,,,,,64.2,60.2,100.0,64.2
2016-01-20,,,,,,,,,,,,,93.0,66.0,100.0,93.0
2016-01-21,,,,,,,,,,,,,92.2,65.0,100.0,92.2
2016-01-22,,,,,,,,,,,,,95.9,68.6,100.0,95.9
2016-01-23,,,,,,,,,,,,,96.1,68.4,100.0,96.1
2016-01-24,50.3,43.2,58.9,,,,,,,,,,96.5,70.0,100.0,96.5
2016-01-25,,,,,,,,,,,,,94.8,66.2,100.0,94.8
2016-01-26,,,,,,,,,,,,,95.1,66.6,100.0,95.1
2016-01-27,,,,,,,,,,,,,94.1,66.0,100.0,94.1
2016-01-28,12.2,25.7,60.4,,,,,,,,,,96.7,69.9,100.0,96.7
2016-01-29,,,,,,,,,,,,,94.5,66.4,100.0,94.5
2016-01-30,,,,2.7,11.9,99.8,91.3,67.0,99.9,,,,95.7,68.4,100.0,95.7
2016-01-31,,,,,,,,,,,,,89.2,64.9,100.0,89.2
2016-02-01,,,,,,,,,,,,,94.9,66.8,100.0,94.9
2016-02-02,,,,,,,,,,,,,81.4,63.5,100.0,81.4
2016-02-03,,,,,,,,,,,,,86.3,63.9,100.0,86.3
2016-02-04,,,,,,,,,,,,,83.1,63.8,100.0,83.1
2016-02-05,17.9,28.6,67.3,,,,,,,,,,90.5,65.2,100.0,90.5
2016-02-06,,,,,,,,,,,,,69.5,62.2,100.0,69.5
2016-02-07,,,,,,,,,,,,,69.7,61.7,100.0,69.7
2016-02-08,,,,,,,,,,,,,40.0,59.3,100.0,40.0
2016-02-09,15.7,28.0,64.0,,,,,,,,,,72.9,61.8,100.0,72.9
2016-02-10,,,,,,,,,,,,,45.3,60.4,100.0,45.3
2016-02-11,,,,,,,,,,,,,54.3,60.2,100.0,54.3
2016-02-12,,,,0.3,16.4,99.5,,,,,,,71.6,61.1,100.0,71.6
2016-02-13,,,,,,,,,,,,,80.2,61.6,100.0,80.2
2016-02-14,,,,,,,,,,,,,84.0,62.4,100.0,84.0
2016-02-15,,,,,,,,,,,,,67.1,59.9,100.0,67.1
2016-02-16,,,,,,,,,,,,,77.3,61.1,100.0,77.3
2016-02-17,70.6,50.7,52.5,,,,,,,,,,76.9,60.8,100.0,76.9
2016-02-18,,,,,,,,,,,,,83.7,62.3,100.0,83.7
2016-02-19,,,,,,,,,,,,,67.1,59.9,100.0,67.1
2016-02-20,,,,,,,,,,,,,84.3,63.0,100.0,84.3
2016-02-21,21.5,31.8,57.7,,,,,,,,,,59.7,60.0,100.0,59.7
2016-02-22,,,,,,,,,,,,,72.3,61.5,100.0,72.3
2016-02-23,,,,,,,,,,,,,50.2,59.7,100.0,50.2
2016-02-24,,,,,,,37.3,39.7,100.0,,,,79.4,62.7,100.0,79.4
2016-02-25,,,,,,,,,,,,,80.1,63.1,100.0,80.1
2016-02-26,,,,,,,,,,,,,85.3,64.3,100.0,85.3
2016-02-27,,,,,,,,,,,,,83.9,64.0,100.0,83.9
2016-02-28,,,,,,,,,,,,,82.7,64.3,100.0,82.7
2016-02-29,17.6,30.9,66.7,,,,,,,,,,92.3,66.6,100.0,92.3
2016-03-01,,,,,,,,,,,,,89.5,65.5,100.0,89.5
2016-03-02,,,,,,,,,,,,,94.3,67.5,100.0,94.3
2016-03-03,,,,,,,,,,,,,80.8,64.4,100.0,80.8
2016-03-04,5.7,25.1,64.5,,,,,,,,,,83.0,64.8,100.0,83.0
2016-03-05,,,,,,,,,,,,,59.2,62.2,100.0,59.2
2016-03-06,,,,,,,,,,,,,69.4,63.0,100.0,69.4
2016-03-07,,,,,,,,,,,,,36.0,55.5,100.0,36.0
2016-03-08,,,,,,,,,,,,,35.9,54.5,100.0,35.9
2016-03-09,,,,,,,,,,,,,20.9,48.7,100.0,20.9
2016-03-10,,,,86.3,62.7,100.0,,,,,,,11.8,46.2,100.0,11.8
2016-03-11,,,,,,,,,,,,,0.5,32.1,100.0,0.5
2016-03-12,37.2,36.2,58.3,,,,,,,,,,0.2,27.1,100.0,0.2
2016-03-13,,,,,,,,,,,,,0.0,20.8,100.0,0.0
2016-03-14,,,,,,,,,,,,,0.1,18.3,100.0,0.1
2016-03-15,,,,,,,,,,,,,0.0,13.1,100.0,0.0
2016-03-16,25.6,33.5,46.1,,,,,,,,,,0.1,13.5,100.0,0.1
2016-03-17,,,,,,,,,,,,,0.0,12.2,100.0,0.0
2016-03-18,,,,,,,0.0,2.3,99.9,,,,0.0,12.9,100.0,0.0
2016-03-19,,,,,,,,,,,,,0.0,10.4,100.0,0.0
2016-03-20,,,,39.6,45.6,100.0,,,,,,,0.0,11.6,100.0,0.0
2016-03-21,,,,,,,,,,,,,0.0,10.2,100.0,0.0
2016-03-22,,,,,,,,,,,,,0.0,12.5,100.0,0.0
2016-03-23,,,,,,,,,,,,,0.0,10.9,100.0,0.0
2016-03-24,16.0,27.9,51.5,,,,,,,,,,0.0,12.5,100.0,0.0
2016-03-25,,,,,,,,,,,,,0.0,12.5,100.0,0.0
2016-03-26,,,,,,,,,,,,,0.0,15.4,100.0,0.0
2016-03-27,,,,,,,,,,,,,0.0,14.1,100.0,0.0
2016-03-28,3.0,15.6,57.5,,,,,,,,,,0.0,14.1,100.0,0.0
2016-03-29,,,,,,,,,,,,,0.0,12.3,100.0,0.0
2016-03-30,,,,,,,,,,,,,0.0,11.2,100.0,0.0
2016-03-31,,,,,,,,,,,,,0.0,9.7,100.0,0.0
2016-04-01,,,,,,,,,,,,,0.0,9.2,100.0,0.0
2016-04-02,,,,,,,,,,,,,0.0,8.8,100.0,0.0
2016-04-03,,,,,,,,,,,,,0.0,8.1,100.0,0.0
2016-04-04,,,,,,,,,,,,,0.0,6.7,100.0,0.0
2016-04-05,9.9,24.9,58.0,,,,,,,,,,0.0,6.3,100.0,0.0
2016-04-06,,,,,,,,,,,,,0.0,5.3,100.0,0.0
2016-04-07,,,,,,,,,,,,,0.0,4.9,100.0,0.0
2016-04-08,,,,,,,,,,,,,0.0,4.9,100.0,0.0
2016-04-09,3.7,17.3,63.7,,,,,,,,,,0.0,4.8,100.0,0.0
2016-04-10,,,,,,,,,,,,,0.0,5.1,100.0,0.0
2016-04-11,,,,,,,,,,,,,0.0,5.3,100.0,0.0
2016-04-12,,,,0.0,8.0,89.7,0.0,0.3,67.0,,,,0.0,6.0,100.0,0.0
2016-04-13,,,,,,,,,,,,,0.0,5.2,100.0,0.0
2016-04-14,,,,,,,,,,,,,0.0,4.9,100.0,0.0
2016-04-15,,,,,,,,,,,,,0.0,5.0,100.0,0.0
2016-04-16,,,,,,,,,,,,,0.0,5.6,100.0,0.0
2016-04-17,1.2,11.0,54.0,,,,,,,,,,0.0,5.9,100.0,0.0
2016-04-18,,,,,,,,,,,,,0.0,6.6,100.0,0.0
2016-04-19,,,,,,,,,,,,,0.0,8.9,100.0,0.0
2016-04-20,,,,,,,,,,,,,0.0,11.4,100.0,0.0
2016-04-21,0.6,4.7,50.8,,,,,,,,,,0.0,9.8,100.0,0.0
2016-04-22,,,,0.0,3.9,94.3,,,,,,,0.0,9.9,100.0,0.0
2016-04-23,,,,,,,,,,,,,0.0,10.2,100.0,0.0
2016-04-24,,,,,,,,,,,,,0.0,10.7,100.0,0.0
2016-04-25,,,,,,,,,,,,,0.0,9.3,100.0,0.0
2016-04-26,,,,,,,,,,,,,0.0,8.5,100.0,0.0
2016-04-27,,,,,,,,,,,,,0.0,7.4,100.0,0.0
2016-04-28,,,,,,,,,,,,,0.0,6.2,100.0,0.0
2016-04-29,0.9,8.7,54.3,0.0,2.3,100.0,,,,,,,0.0,3.7,100.0,0.0
2016-04-30,,,,,,,,,,,,,0.0,2.6,100.0,0.0
2016-05-01,,,,,,,,,,,,,0.0,1.7,100.0,0.0
2016-05-02,,,,,,,,,,,,,0.0,1.1,100.0,0.0
2016-05-03,1.7,9.1,58.7,,,,,,,,,,0.0,0.8,100.0,0.0
2016-05-04,,,,,,,,,,,,,0.0,0.7,100.0,0.0
2016-05-05,,,,,,,0.0,0.1,100.0,,,,0.0,0.6,100.0,0.0
2016-05-06,,,,,,,,,,,,,0.0,0.6,100.0,0.0
2016-05-07,,,,,,,,,,,,,0.0,0.5,100.0,0.0
2016-05-08,,,,,,,,,,,,,0.0,0.4,100.0,0.0
2016-05-09,,,,,,,,,,,,,0.0,0.5,100.0,0.0
2016-05-10,,,,,,,,,,,,,0.0,0.6,100.0,0.0
2016-05-11,1.9,11.5,60.5,,,,,,,,,,0.0,0.6,100.0,0.0
2016-05-12,,,,,,,,,,,,,0.0,0.8,100.0,0.0
2016-05-13,,,,,,,,,,,,,0.0,1.4,100.0,0.0
2016-05-14,,,,,,,,,,,,,0.0,1.8,100.0,0.0
2016-05-15,1.0,6.3,56.5,,,,,,,,,,0.0,1.7,100.0,0.0
2016-05-16,,,,,,,,,,,,,0.0,1.9,100.0,0.0
2016-05-17,,,,,,,,,,,,,0.0,2.1,100.0,0.0
2016-05-18,,,,,,,,,,,,,0.0,1.9,100.0,0.0
2016-05-19,,,,,,,,,,,,,0.0,1.7,100.0,0.0
2016-05-20,,,,,,,,,,,,,0.0,1.6,100.0,0.0
2016-05-21,,,,,,,0.0,0.0,74.1,,,,0.0,1.7,100.0,0.0
2016-05-22,,,,0.0,0.6,100.0,,,,,,,0.0,1.3,100.0,0.0
2016-05-23,1.1,8.8,52.7,,,,,,,,,,0.0,0.9,100.0,0.0
2016-05-24,,,,,,,,,,,,,0.0,0.9,100.0,0.0
2016-05-25,,,,,,,,,,,,,0.0,0.8,100.0,0.0
2016-05-26,,,,,,,,,,,,,0.0,0.5,100.0,0.0
2016-05-27,1.8,9.0,54.2,,,,,,,,,,0.0,0.5,100.0,0.0
2016-05-28,,,,,,,,,,,,,0.0,0.5,100.0,0.0
2016-05-29,,,,,,,,,,,,,0.0,0.6,100.0,0.0
2016-05-30,,,,,,,,,,,,,0.0,0.7,100.0,0.0
2016-05-31,,,,,,,,,,,,,0.0,0.7,100.0,0.0
2016-06-01,,,,,,,,,,,,,0.0,0.6,100.0,0.0
2016-06-02,,,,,,,,,,,,,0.0,0.9,100.0,0.0
2016-06-03,,,,,,,,,,,,,0.0,0.9,100.0,0.0
2016-06-04,4.2,18.4,57.8,,,,,,,,,,0.0,1.0,100.0,0.0
2016-06-05,,,,,,,,,,,,,0.0,0.8,100.0,0.0
2016-06-06,,,,,,,0.0,0.0,68.9,,,,0.0,1.2,100.0,0.0
2016-06-07,,,,,,,,,,,,,0.0,1.4,100.0,0.0
2016-06-08,3.7,14.4,60.1,,,,,,,,,,0.0,1.1,100.0,0.0
2016-06-09,,,,,,,,,,,,,0.0,0.8,100.0,0.0
2016-06-10,,,,,,,,,,,,,0.0,0.9,100.0,0.0
2016-06-11,,,,,,,,,,,,,0.0,0.8,100.0,0.0
2016-06-12,,,,,,,,,,,,,0.0,0.8,100.0,0.0
2016-06-13,,,,,,,,,,,,,0.0,0.6,100.0,0.0
2016-06-14,,,,,,,,,,,,,0.0,0.6,100.0,0.0
2016-06-15,,,,,,,,,,,,,0.0,0.4,100.0,0.0
2016-06-16,,,,,,,,,,,,,0.0,0.3,100.0,0.0
2016-06-17,,,,,,,,,,,,,0.0,0.2,100.0,0.0
2016-06-18,,,,,,,,,,,,,0.0,0.2,100.0,0.0
2016-06-19,,,,,,,,,,,,,0.0,0.2,100.0,0.0
2016-06-20,,,,,,,,,,,,,0.0,0.2,100.0,0.0
2016-06-21,,,,,,,,,,,,,0.0,0.1,100.0,0.0
2016-06-22,,,,,,,0.0,0.0,100.0,,,,0.0,0.1,100.0,0.0
2016-06-23,,,,,,,,,,,,,0.0,0.1,100.0,0.0
2016-06-24,,,,,,,,,,,,,0.0,0.1,100.0,0.0
2016-06-25,,,,,,,,,,,,,0.0,0.1,100.0,0.0
2016-06-26,,,,,,,,,,,,,0.0,0.1,100.0,0.0
2016-06-27,,,,,,,,,,,,,0.0,0.1,100.0,0.0
2016-06-28,3.5,14.0,57.0,0.0,1.4,100.0,,,,,,,0.0,0.1,100.0,0.0
2016-06-29,,,,,,,,,,,,,0.0,0.1,100.0,0.0
2016-06-30,,,,,,,,,,,,,0.0,0.2,100.0,0.0
2016-07-01,,,,0.0,3.4,43.0,0.0,0.0,74.4,,,,0.0,0.2,100.0,0.0
2016-07-02,,,,,,,,,,,,,0.0,0.1,100.0,0.0
2016-07-03,,,,,,,,,,,,,0.0,0.1,100.0,0.0
2016-07-04,,,,,,,,,,,,,0.0,0.1,100.0,0.0
2016-07-05,,,,,,,,,,,,,0.0,0.1,100.0,0.0
2016-07-06,,,,,,,,,,,,,0.0,0.2,100.0,0.0
2016-07-07,,,,,,,,,,,,,0.0,0.2,100.0,0.0
2016-07-08,,,,0.0,2.1,59.7,0.0,0.0,80.7,,,,0.0,0.1,100.0,0.0
2016-07-09,,,,,,,,,,,,,0.0,0.1,100.0,0.0
2016-07-10,,,,,,,,,,,,,0.0,0.1,100.0,0.0
2016-07-11,,,,0.0,1.4,48.4,,,,,,,0.0,0.1,100.0,0.0
2016-07-12,,,,,,,,,,,,,0.0,0.1,100.0,0.0
2016-07-13,,,,,,,,,,,,,0.0,0.1,100.0,0.0
2016-07-14,4.5,13.3,56.0,,,,,,,,,,0.0,0.1,100.0,0.0
2016-07-15,,,,,,,,,,,,,0.0,0.1,100.0,0.0
2016-07-16,,,,,,,,,,,,,0.0,0.1,100.0,0.0
2016-07-17,,,,,,,0.0,0.0,100.0,,,,0.0,0.1,100.0,0.0
2016-07-18,,,,0.0,1.6,47.0,,,,,,,0.0,0.1,100.0,0.0
2016-07-19,,,,,,,,,,,,,0.0,0.1,100.0,0.0
2016-07-20,,,,,,,,,,,,,0.0,0.1,100.0,0.0
2016-07-21,,,,0.0,0.7,100.0,,,,,,,0.0,0.1,100.0,0.0
2016-07-22,10.0,19.8,64.6,,,,,,,,,,0.0,0.2,100.0,0.0
2016-07-23,,,,,,,,,,,,,0.0,0.2,100.0,0.0
2016-07-24,,,,,,,,,,,,,0.0,0.2,100.0,0.0
2016-07-25,,,,,,,,,,,,,0.0,0.4,100.0,0.0
2016-07-26,9.5,22.4,62.7,,,,,,,,,,0.0,0.5,100.0,0.0
2016-07-27,,,,,,,,,,,,,0.0,0.5,100.0,0.0
2016-07-28,,,,,,,,,,,,,0.0,0.4,100.0,0.0
2016-07-29,,,,,,,,,,,,,0.0,0.5,100.0,0.0
2016-07-30,,,,,,,,,,,,,0.0,0.4,100.0,0.0
2016-07-31,,,,,,,,,,,,,0.0,0.5,100.0,0.0
2016-08-01,,,,,,,,,,,,,0.0,0.3,100.0,0.0
2016-08-02,,,,,,,0.0,0.1,34.4,,,,0.0,0.5,100.0,0.0
2016-08-03,,,,,,,,,,,,,0.0,0.4,100.0,0.0
2016-08-04,,,,,,,,,,,,,0.0,0.4,100.0,0.0
2016-08-05,,,,,,,,,,,,,0.0,0.3,100.0,0.0
2016-08-06,,,,,,,,,,,,,0.0,0.4,100.0,0.0
2016-08-07,,,,0.0,0.6,78.8,,,,,,,0.0,0.3,100.0,0.0
2016-08-08,,,,,,,,,,,,,0.0,0.3,100.0,0.0
2016-08-09,,,,,,,,,,,,,0.0,0.3,100.0,0.0
2016-08-10,,,,,,,,,,,,,0.0,0.4,100.0,0.0
2016-08-11,,,,,,,,,,,,,0.0,0.2,100.0,0.0
2016-08-12,,,,,,,,,,,,,0.0,0.2,100.0,0.0
2016-08-13,,,,,,,,,,,,,0.0,0.2,100.0,0.0
2016-08-14,,,,,,,,,,,,,0.0,0.2,100.0,0.0
2016-08-15,16.3,26.8,64.6,,,,,,,,,,0.0,0.2,100.0,0.0
2016-08-16,,,,,,,,,,,,,0.0,0.2,100.0,0.0
2016-08-17,,,,,,,,,,,,,0.0,0.2,100.0,0.0
2016-08-18,,,,,,,,,,,,,0.0,0.2,100.0,0.0
2016-08-19,6.8,17.3,60.7,,,,,,,,,,0.0,0.1,100.0,0.0
2016-08-20,,,,,,,,,,,,,0.0,0.1,100.0,0.0
2016-08-21,,,,,,,,,,,,,0.0,0.1,100.0,0.0
2016-08-22,,,,,,,,,,,,,0.0,0.1,100.0,0.0
2016-08-23,,,,,,,,,,,,,0.0,0.0,100.0,0.0
2016-08-24,,,,,,,,,,,,,0.0,0.1,100.0,0.0
2016-08-25,,,,,,,0.0,0.0,100.0,,,,0.0,0.0,100.0,0.0
2016-08-26,,,,,,,,,,,,,0.0,0.0,100.0,0.0
2016-08-27,8.6,18.8,55.3,0.0,2.0,100.0,,,,,,,0.0,0.0,100.0,0.0
2016-08-28,,,,,,,,,,,,,0.0,0.0,100.0,0.0
2016-08-29,,,,,,,,,,,,,0.0,0.0,100.0,0.0
2016-08-30,,,,0.1,9.4,91.0,,,,,,,0.0,0.0,100.0,0.0
2016-08-31,8.5,19.3,58.2,,,,,,,,,,0.0,0.0,100.0,0.0
2016-09-01,,,,,,,,,,,,,0.0,0.0,100.0,0.0
2016-09-02,,,,,,,,,,,,,0.0,0.1,100.0,0.0
2016-09-03,,,,,,,,,,,,,0.0,0.1,100.0,0.0
2016-09-04,,,,,,,,,,,,,0.0,0.1,100.0,0.0
2016-09-05,,,,,,,,,,,,,0.0,0.1,100.0,0.0
2016-09-06,,,,0.2,17.0,69.6,,,,,,,0.0,0.0,100.0,0.0
2016-09-07,,,,,,,,,,,,,0.0,0.0,100.0,0.0
2016-09-08,27.1,31.5,60.3,,,,,,,,,,0.0,0.0,100.0,0.0
2016-09-09,,,,0.0,14.2,82.2,,,,,,,0.0,0.0,100.0,0.0
2016-09-10,,,,,,,0.0,0.0,100.0,,,,0.0,0.0,100.0,0.0
2016-09-11,,,,,,,,,,,,,0.0,0.0,100.0,0.0
2016-09-12,16.6,26.0,68.4,,,,,,,,,,0.0,0.0,100.0,0.0
2016-09-13,,,,,,,,,,,,,0.0,0.0,100.0,0.0
2016-09-14,,,,,,,,,,,,,0.0,0.0,100.0,0.0
2016-09-15,,,,,,,,,,,,,0.0,0.0,100.0,0.0
2016-09-16,,,,0.0,5.0,93.9,,,,,,,0.0,0.1,100.0,0.0
2016-09-17,,,,,,,,,,,,,0.0,0.1,100.0,0.0
2016-09-18,,,,,,,,,,,,,0.0,0.1,100.0,0.0
2016-09-19,,,,,,,,,,,,,0.0,0.1,100.0,0.0
2016-09-20,28.4,31.5,64.4,,,,,,,,,,0.0,0.1,100.0,0.0
2016-09-21,,,,,,,,,,,,,0.0,0.1,100.0,0.0
2016-09-22,,,,,,,,,,,,,0.0,0.1,100.0,0.0
2016-09-23,,,,,,,,,,,,,0.0,0.1,100.0,0.0
2016-09-24,12.7,23.4,60.9,,,,,,,,,,0.0,0.1,100.0,0.0
2016-09-25,,,,,,,,,,,,,0.0,0.1,100.0,0.0
2016-09-26,23.8,28.3,53.5,0.0,3.1,100.0,0.0,0.0,100.0,,,,0.0,0.1,100.0,0.0
2016-09-27,,,,,,,,,,,,,0.0,0.1,100.0,0.0
2016-09-28,,,,,,,,,,,,,0.0,0.1,100.0,0.0
2016-09-29,,,,0.0,3.1,100.0,,,,,,,0.0,0.1,100.0,0.0
2016-09-30,5.7,17.7,58.9,,,,,,,,,,0.0,0.1,100.0,0.0
2016-10-01,,,,,,,,,,,,,0.0,0.1,100.0,0.0
2016-10-02,9.3,17.2,63.8,,,,,,,,,,0.0,0.1,100.0,0.0
2016-10-03,,,,,,,,,,,,,0.0,0.2,100.0,0.0
2016-10-04,,,,,,,,,,,,,0.0,0.3,100.0,0.0
2016-10-05,,,,,,,,,,,,,0.0,0.4,100.0,0.0
2016-10-06,9.5,14.6,63.7,0.0,6.4,35.8,,,,,,,0.0,0.3,100.0,0.0
2016-10-07,,,,,,,,,,,,,0.0,0.4,100.0,0.0
2016-10-08,,,,,,,,,,,,,0.0,0.4,100.0,0.0
2016-10-09,,,,,,,,,,,,,0.0,0.4,100.0,0.0
2016-10-10,,,,,,,,,,,,,0.0,0.4,100.0,0.0
2016-10-11,,,,,,,,,,,,,0.0,0.4,100.0,0.0
2016-10-12,,,,,,,0.0,0.1,90.0,,,,0.0,0.5,100.0,0.0
2016-10-13,,,,,,,,,,,,,0.0,0.4,100.0,0.0
2016-10-14,3.1,12.4,57.5,,,,,,,,,,0.0,0.5,100.0,0.0
2016-10-15,,,,,,,,,,,,,0.0,0.3,100.0,0.0
2016-10-16,,,,0.1,4.1,100.0,,,,,,,0.0,0.5,100.0,0.0
2016-10-17,,,,,,,,,,,,,0.0,0.3,100.0,0.0
2016-10-18,1.4,5.6,50.6,,,,,,,,,,0.0,0.5,100.0,0.0
2016-10-19,,,,0.2,8.4,100.0,,,,,,,0.0,0.4,100.0,0.0
2016-10-20,,,,,,,,,,,,,0.0,0.6,100.0,0.0
2016-10-21,,,,,,,,,,,,,0.0,0.5,100.0,0.0
2016-10-22,,,,,,,,,,,,,0.0,0.6,100.0,0.0
2016-10-23,,,,,,,,,,,,,0.0,0.4,100.0,0.0
2016-10-24,,,,,,,,,,,,,0.0,0.5,100.0,0.0
2016-10-25,,,,,,,,,,,,,0.0,0.3,100.0,0.0
2016-10-26,0.8,3.6,50.9,,,,,,,,,,0.0,0.5,100.0,0.0
2016-10-27,,,,,,,,,,,,,0.0,0.4,100.0,0.0
2016-10-28,,,,,,,0.0,0.3,100.0,,,,0.0,0.6,100.0,0.0
2016-10-29,,,,0.2,13.4,100.0,,,,,,,0.0,0.4,100.0,0.0
2016-10-30,0.8,2.4,54.4,,,,,,,,,,0.0,0.6,100.0,0.0
2016-10-31,,,,,,,,,,,,,0.0,0.5,100.0,0.0
2016-11-01,,,,,,,,,,,,,0.0,0.8,100.0,0.0
2016-11-02,,,,,,,,,,,,,0.0,0.6,100.0,0.0
2016-11-03,,,,,,,,,,,,,0.0,0.9,100.0,0.0
2016-11-04,,,,,,,,,,,,,0.0,0.9,100.0,0.0
2016-11-05,,,,,,,,,,,,,0.0,1.5,100.0,0.0
2016-11-06,,,,,,,,,,,,,0.0,1.4,100.0,0.0
2016-11-07,4.5,5.3,58.8,,,,,,,,,,0.0,1.9,100.0,0.0
2016-11-08,,,,5.3,27.7,99.9,,,,,,,0.0,2.0,100.0,0.0
2016-11-09,,,,,,,,,,,,,0.0,2.4,100.0,0.0
2016-11-10,,,,,,,,,,,,,0.0,2.6,100.0,0.0
2016-11-11,3.8,4.6,58.0,,,,,,,,,,0.0,2.8,100.0,0.0
2016-11-12,,,,,,,,,,,,,0.0,2.8,100.0,0.0
2016-11-13,,,,,,,,,,,,,0.0,3.9,100.0,0.0
2016-11-14,,,,,,,,,,,,,0.0,4.0,100.0,0.0
2016-11-15,,,,11.7,22.7,94.4,,,,,,,0.0,3.5,100.0,0.0
2016-11-16,,,,,,,,,,,,,0.0,2.7,100.0,0.0
2016-11-17,,,,,,,,,,,,,0.0,2.5,100.0,0.0
2016-11-18,,,,,,,,,,,,,0.0,2.3,100.0,0.0
2016-11-19,1.5,2.6,55.9,,,,,,,,,,0.0,2.3,100.0,0.0
2016-11-20,,,,,,,,,,,,,0.0,1.9,100.0,0.0
2016-11-21,,,,,,,,,,,,,0.0,1.9,100.0,0.0
2016-11-22,,,,,,,,,,,,,0.0,1.8,100.0,0.0
2016-11-23,,,,,,,,,,,,,0.0,1.9,100.0,0.0
2016-11-24,,,,,,,,,,,,,0.0,1.9,100.0,0.0
2016-11-25,,,,,,,,,,,,,0.0,2.3,100.0,0.0
2016-11-26,,,,,,,,,,,,,0.0,2.3,100.0,0.0
2016-11-27,,,,,,,,,,,,,0.0,2.5,100.0,0.0
2016-11-28,,,,6.0,27.5,69.6,,,,,,,0.0,2.7,100.0,0.0
2016-11-29,,,,,,,0.0,3.0,100.0,,,,0.0,2.9,100.0,0.0
2016-11-30,,,,,,,,,,,,,0.0,3.0,100.0,0.0
2016-12-01,0.4,1.1,48.5,,,,,,,,,,0.0,3.0,100.0,0.0
2016-12-02,,,,,,,,,,,,,0.0,3.6,100.0,0.0
2016-12-03,,,,,,,,,,,,,0.0,4.1,100.0,0.0
2016-12-04,,,,,,,,,,,,,0.0,4.5,100.0,0.0
2016-12-05,8.3,8.5,59.2,16.3,36.8,100.0,,,,,,,0.0,4.1,100.0,0.0
2016-12-06,,,,,,,,,,,,,0.0,4.4,100.0,0.0
2016-12-07,,,,,,,,,,,,,0.0,4.5,100.0,0.0
2016-12-08,,,,46.0,45.9,100.0,4.6,12.8,100.0,,,,0.1,5.5,100.0,0.1
2016-12-09,,,,,,,,,,,,,0.0,5.5,100.0,0.0
2016-12-10,,,,,,,,,,,,,0.1,6.9,100.0,0.1
2016-12-11,,,,,,,,,,,,,0.1,8.1,100.0,0.1
2016-12-12,,,,,,,,,,,,,0.4,10.9,100.0,0.4
2016-12-13,19.4,20.8,64.8,,,,,,,,,,0.8,11.9,100.0,0.8
2016-12-14,,,,,,,,,,,,,1.2,19.4,100.0,1.2
2016-12-15,,,,97.7,96.7,100.0,7.9,21.2,100.0,,,,2.1,26.4,100.0,2.1
2016-12-16,,,,,,,,,,,,,5.8,35.3,100.0,5.8
2016-12-17,20.7,31.5,56.6,,,,,,,,,,10.6,40.9,100.0,10.6
2016-12-18,,,,,,,,,,,,,32.0,52.5,100.0,32.0
2016-12-19,,,,,,,,,,,,,57.3,58.6,100.0,57.3
2016-12-20,,,,,,,,,,,,,84.9,67.1,100.0,84.9
2016-12-21,,,,,,,,,,,,,87.1,69.1,100.0,87.1
2016-12-22,,,,,,,,,,,,,92.6,74.8,100.0,92.6
2016-12-23,,,,,,,,,,,,,93.8,78.0,100.0,93.8
2016-12-24,,,,,,,,,,,,,96.3,83.6,100.0,96.3
2016-12-25,96.5,73.1,54.7,,,,,,,,,,96.8,85.0,100.0,96.8
2016-12-26,,,,,,,,,,,,,98.3,88.6,100.0,98.3
2016-12-27,,,,,,,,,,,,,98.9,90.0,100.0,98.9
2016-12-28,,,,99.6,99.1,100.0,,,,,,,99.2,93.2,100.0,99.2
2016-12-29,99.9,89.2,51.0,,,,,,,,,,99.3,92.4,100.0,99.3
2016-12-30,,,,,,,,,,,,,99.5,92.8,100.0,99.5
2016-12-31,,,,,,,99.0,91.1,100.0,,,,99.6,94.5,100.0,99.6
2017-01-01,,,,,,,,,,,,,100.0,95.2,100.0,100.0
2017-01-02,,,,,,,,,,,,,100.0,95.6,100.0,100.0
2017-01-03,,,,,,,,,,,,,100.0,96.5,100.0,100.0
2017-01-04,,,,,,,,,,,,,100.0,96.5,100.0,100.0
2017-01-05,,,,,,,,,,,,,100.0,96.8,100.0,100.0
2017-01-06,100.0,93.5,47.8,,,,,,,,,,100.0,97.9,100.0,100.0
2017-01-07,,,,,,,,,,,,,100.0,98.3,100.0,100.0
2017-01-08,,,,,,,,,,,,,100.0,98.6,100.0,100.0
2017-01-09,,,,,,,100.0,100.0,100.0,,,,100.0,99.1,100.0,100.0
2017-01-10,100.0,96.1,55.8,,,,,,,,,,100.0,99.2,100.0,100.0
2017-01-11,,,,,,,,,,,,,100.0,99.3,100.0,100.0
2017-01-12,,,,,,,,,,,,,100.0,99.3,100.0,100.0
2017-01-13,,,,,,,,,,,,,100.0,99.5,100.0,100.0
2017-01-14,,,,,,,,,,,,,100.0,99.6,100.0,100.0
2017-01-15,,,,,,,,,,,,,100.0,99.6,100.0,100.0
2017-01-16,,,,,,,100.0,100.0,88.5,,,,100.0,99.7,100.0,100.0
2017-01-17,,,,,,,,,,,,,100.0,99.7,100.0,100.0
2017-01-18,100.0,97.1,61.9,,,,,,,,,,100.0,99.7,100.0,100.0
2017-01-19,,,,,,,,,,,,,100.0,99.7,100.0,100.0
2017-01-20,,,,,,,,,,,,,100.0,99.6,100.0,100.0
2017-01-21,,,,,,,,,,,,,100.0,99.8,100.0,100.0
2017-01-22,,,,,,,,,,,,,100.0,99.8,100.0,100.0
2017-01-23,,,,,,,,,,,,,100.0,99.9,100.0,100.0
2017-01-24,,,,,,,,,,,,,100.0,99.8,100.0,100.0
2017-01-25,,,,,,,,,,,,,100.0,99.8,100.0,100.0
2017-01-26,,,,,,,,,,,,,100.0,99.8,100.0,100.0
2017-01-27,,,,100.0,100.0,100.0,,,,,,,100.0,99.9,100.0,100.0
2017-01-28,,,,,,,,,,,,,100.0,99.8,100.0,100.0
2017-01-29,,,,,,,,,,,,,100.0,99.8,100.0,100.0
2017-01-30,100.0,97.3,62.3,,,,,,,,,,100.0,99.8,100.0,100.0
2017-01-31,,,,,,,,,,,,,100.0,99.8,100.0,100.0
2017-02-01,,,,,,,,,,,,,100.0,99.6,100.0,100.0
2017-02-02,,,,,,,,,,,,,100.0,99.6,100.0,100.0
2017-02-03,100.0,96.4,58.8,,,,,,,,,,100.0,99.6,100.0,100.0
2017-02-04,,,,,,,,,,,,,100.0,99.4,100.0,100.0
2017-02-05,,,,,,,,,,,,,100.0,99.2,100.0,100.0
2017-02-06,,,,,,,,,,,,,100.0,99.2,100.0,100.0
2017-02-07,,,,,,,,,,,,,100.0,99.1,100.0,100.0
2017-02-08,,,,,,,,,,,,,100.0,99.0,100.0,100.0
2017-02-09,,,,,,,100.0,100.0,51.3,,,,100.0,98.6,100.0,100.0
2017-02-10,,,,,,,,,,,,,100.0,98.8,100.0,100.0
2017-02-11,100.0,95.3,60.1,,,,,,,,,,100.0,98.9,100.0,100.0
2017-02-12,,,,,,,,,,,,,100.0,98.7,100.0,100.0
2017-02-13,,,,,,,,,,,,,100.0,98.2,100.0,100.0
2017-02-14,,,,,,,,,,,,,100.0,98.2,100.0,100.0
2017-02-15,100.0,94.4,53.9,,,,,,,,,,100.0,98.2,100.0,100.0
2017-02-16,,,,100.0,100.0,100.0,,,,,,,100.0,98.3,100.0,100.0
2017-02-17,,,,,,,,,,,,,100.0,97.2,100.0,100.0
2017-02-18,,,,,,,,,,,,,100.0,97.1,100.0,100.0
2017-02-19,,,,,,,,,,,,,100.0,96.8,100.0,100.0
2017-02-20,,,,,,,,,,,,,100.0,96.6,100.0,100.0
2017-02-21,,,,,,,,,,,,,100.0,96.6,100.0,100.0
2017-02-22,,,,,,,,,,,,,100.0,96.5,100.0,100.0
2017-02-23,95.7,89.2,66.3,97.8,92.2,100.0,,,,,,,100.0,97.1,100.0,100.0
2017-02-24,,,,,,,,,,,,,100.0,95.1,100.0,100.0
2017-02-25,,,,,,,,,,,,,100.0,94.3,100.0,100.0
2017-02-26,,,,,,,,,,,,,100.0,93.9,100.0,100.0
2017-02-27,99.5,81.2,59.6,,,,,,,,,,100.0,94.2,100.0,100.0
2017-02-28,,,,,,,,,,,,,100.0,92.6,100.0,100.0
2017-03-01,,,,,,,,,,,,,100.0,92.5,100.0,100.0
2017-03-02,,,,,,,,,,,,,99.9,92.0,100.0,99.9
2017-03-03,,,,,,,,,,,,,99.8,89.4,100.0,99.8
2017-03-04,,,,,,,,,,,,,99.0,85.6,100.0,99.0
2017-03-05,,,,,,,,,,,,,97.8,82.2,100.0,97.8
2017-03-06,,,,,,,,,,,,,98.4,83.0,100.0,98.4
2017-03-07,84.6,58.4,55.8,,,,,,,,,,96.7,80.8,100.0,96.7
2017-03-08,,,,98.9,98.3,36.7,,,,,,,94.4,78.9,100.0,94.4
2017-03-09,,,,,,,,,,,,,90.8,75.5,100.0,90.8
2017-03-10,,,,,,,,,,,,,81.4,72.3,100.0,81.4
2017-03-11,14.6,26.2,54.5,,,,,,,,,,67.9,67.1,100.0,67.9
2017-03-12,,,,,,,,,,,,,55.3,61.0,100.0,55.3
2017-03-13,13.1,23.4,59.7,,,,,,,,,,50.2,57.9,100.0,50.2
2017-03-14,,,,,,,52.1,55.1,100.0,,,,40.2,51.9,100.0,40.2
2017-03-15,,,,,,,,,,,,,36.3,47.9,100.0,36.3
2017-03-16,,,,,,,,,,,,,29.2,35.8,100.0,29.2
2017-03-17,7.6,12.1,64.0,,,,,,,,,,20.7,32.7,100.0,20.7
2017-03-18,,,,,,,,,,,,,11.0,26.5,100.0,11.0
2017-03-19,3.7,7.3,66.1,,,,,,,,,,12.3,26.8,100.0,12.3
2017-03-20,,,,,,,,,,,,,0.5,18.4,100.0,0.5
2017-03-21,,,,,,,,,,,,,0.1,17.1,100.0,0.1
2017-03-22,,,,,,,,,,,,,0.0,12.1,100.0,0.0
2017-03-23,0.6,2.0,45.5,,,,,,,,,,0.0,12.4,100.0,0.0
2017-03-24,,,,,,,,,,,,,0.0,6.6,100.0,0.0
2017-03-25,1.3,4.0,60.3,,,,,,,,,,0.0,6.2,100.0,0.0
2017-03-26,,,,,,,,,,,,,0.0,5.0,100.0,0.0
2017-03-27,,,,,,,,,,,,,0.0,4.7,100.0,0.0
2017-03-28,,,,50.2,39.0,100.0,,,,,,,0.0,4.0,100.0,0.0
2017-03-29,1.4,4.2,52.2,,,,,,,,,,0.0,3.8,100.0,0.0
2017-03-30,,,,,,,0.0,1.7,100.0,,,,0.0,3.6,100.0,0.0
2017-03-31,2.4,6.5,66.3,,,,,,,,,,0.0,3.5,100.0,0.0
2017-04-01,,,,,,,,,,,,,0.0,3.4,100.0,0.0
2017-04-02,,,,,,,,,,,,,0.0,3.5,100.0,0.0
2017-04-03,,,,,,,,,,,,,0.0,4.7,100.0,0.0
2017-04-04,1.6,5.6,61.5,,,,,,,,,,0.0,5.4,100.0,0.0
2017-04-05,,,,,,,,,,,,,0.0,6.2,100.0,0.0
2017-04-06,1.8,6.8,60.1,,,,,,,,,,0.0,7.4,100.0,0.0
2017-04-07,,,,0.0,4.5,100.0,,,,,,,0.0,9.5,100.0,0.0
2017-04-08,,,,,,,,,,,,,0.0,9.1,100.0,0.0
2017-04-09,,,,0.0,1.8,100.0,,,,,,,0.0,8.9,100.0,0.0
2017-04-10,2.4,8.5,50.5,,,,,,,,,,0.0,9.1,100.0,0.0
2017-04-11,,,,,,,,,,,,,0.0,10.2,100.0,0.0
2017-04-12,3.4,14.1,50.5,,,,,,,,,,0.0,9.8,100.0,0.0
2017-04-13,,,,,,,,,,,,,0.0,9.4,100.0,0.0
2017-04-14,,,,,,,,,,,,,0.0,8.6,100.0,0.0
2017-04-15,,,,,,,,,,,,,0.0,9.8,100.0,0.0
2017-04-16,2.6,13.3,53.1,,,,,,,,,,0.0,9.1,100.0,0.0
2017-04-17,,,,,,,,,,,,,0.0,10.9,100.0,0.0
2017-04-18,16.3,24.0,61.5,,,,,,,,,,0.0,9.8,100.0,0.0
2017-04-19,,,,,,,,,,,,,0.0,9.5,100.0,0.0
2017-04-20,,,,,,,,,,,,,0.0,9.2,100.0,0.0
2017-04-21,,,,,,,,,,,,,0.0,10.3,100.0,0.0
2017-04-22,2.2,9.6,63.4,,,,,,,,,,0.0,9.7,100.0,0.0
2017-04-23,,,,,,,,,,,,,0.0,8.3,100.0,0.0
2017-04-24,3.3,12.8,62.3,0.0,1.4,100.0,,,,,,,0.0,7.6,100.0,0.0
2017-04-25,,,,,,,,,,,,,0.0,6.9,100.0,0.0
2017-04-26,,,,,,,,,,,,,0.0,6.4,100.0,0.0
2017-04-27,,,,,,,,,,,,,0.0,6.1,100.0,0.0
2017-04-28,2.5,9.3,50.1,,,,,,,,,,0.0,7.3,100.0,0.0
2017-04-29,,,,,,,,,,,,,0.0,6.4,100.0,0.0
2017-04-30,4.7,15.2,60.0,,,,,,,,,,0.0,7.0,100.0,0.0
2017-05-01,,,,,,,,,,,,,0.0,7.4,100.0,0.0
2017-05-02,,,,,,,,,,,,,0.0,9.5,100.0,0.0
2017-05-03,,,,,,,,,,,,,0.0,5.2,100.0,0.0
2017-05-04,2.4,7.8,64.6,,,,,,,,,,0.0,4.7,100.0,0.0
2017-05-05,,,,,,,,,,,,,0.0,4.6,100.0,0.0
2017-05-06,1.7,6.0,55.7,,,,,,,,,,0.0,4.7,100.0,0.0
2017-05-07,,,,,,,,,,,,,0.0,3.8,100.0,0.0
2017-05-08,,,,,,,,,,,,,0.0,3.4,100.0,0.0
2017-05-09,,,,,,,,,,,,,0.0,3.4,100.0,0.0
2017-05-10,2.8,5.9,61.6,,,,,,,,,,0.0,2.8,100.0,0.0
2017-05-11,,,,,,,,,,,,,0.0,1.4,100.0,0.0
2017-05-12,2.7,7.1,60.2,,,,,,,,,,0.0,1.1,100.0,0.0
2017-05-13,,,,,,,,,,,,,0.0,0.9,100.0,0.0
2017-05-14,,,,0.0,2.0,42.7,,,,,,,0.0,0.6,100.0,0.0
2017-05-15,,,,,,,,,,,,,0.0,0.6,100.0,0.0
2017-05-16,3.4,8.3,52.8,,,,,,,,,,0.0,0.5,100.0,0.0
2017-05-17,,,,0.0,0.6,100.0,0.0,0.0,100.0,,,,0.0,0.5,100.0,0.0
2017-05-18,3.3,8.1,64.7,,,,,,,,,,0.0,0.5,100.0,0.0
2017-05-19,,,,,,,,,,,,,0.0,0.5,100.0,0.0
2017-05-20,,,,,,,,,,,,,0.0,0.5,100.0,0.0
2017-05-21,,,,,,,,,,,,,0.0,0.8,100.0,0.0
2017-05-22,3.8,10.4,63.1,,,,,,,,,,0.0,0.7,100.0,0.0
2017-05-23,,,,,,,,,,,,,0.0,0.8,100.0,0.0
2017-05-24,7.1,17.9,56.8,,,,,,,,,,0.0,1.1,100.0,0.0
2017-05-25,,,,,,,,,,,,,0.0,2.3,100.0,0.0
2017-05-26,,,,,,,,,,,,,0.0,2.4,100.0,0.0
2017-05-27,,,,0.0,0.6,100.0,,,,,,,0.0,2.3,100.0,0.0
2017-05-28,5.4,14.2,56.0,,,,,,,,,,0.0,2.4,100.0,0.0
2017-05-29,,,,,,,,,,,,,0.0,2.9,100.0,0.0
2017-05-30,6.3,17.4,63.1,,,,,,,,,,0.0,3.1,100.0,0.0
2017-05-31,,,,,,,,,,,,,0.0,3.1,100.0,0.0
2017-06-01,,,,,,,,,,,,,0.0,3.5,100.0,0.0
2017-06-02,,,,,,,,,,,,,0.0,5.5,100.0,0.0
2017-06-03,10.5,20.1,69.0,0.0,0.5,98.6,,,,,,,0.0,4.8,100.0,0.0
2017-06-04,,,,,,,,,,,,,0.0,3.8,100.0,0.0
2017-06-05,48.1,42.8,65.5,,,,,,,,,,0.0,3.7,100.0,0.0
2017-06-06,,,,,,,,,,,,,0.0,4.2,100.0,0.0
2017-06-07,,,,,,,,,,,,,0.0,3.6,100.0,0.0
2017-06-08,,,,,,,,,,,,,0.0,2.8,100.0,0.0
2017-06-09,59.7,46.9,56.1,,,,,,,,,,0.0,2.3,100.0,0.0
2017-06-10,,,,,,,,,,,,,0.0,2.0,100.0,0.0
2017-06-11,85.7,64.7,53.8,,,,,,,,,,0.0,1.3,100.0,0.0
2017-06-12,,,,,,,,,,,,,0.0,0.6,100.0,0.0
2017-06-13,,,,0.0,0.4,100.0,,,,,,,0.0,0.4,100.0,0.0
2017-06-14,,,,,,,,,,,,,0.0,0.4,100.0,0.0
2017-06-15,77.8,61.9,64.7,,,,,,,,,,0.0,0.3,100.0,0.0
2017-06-16,,,,,,,,,,,,,0.0,0.3,100.0,0.0
2017-06-17,83.4,71.0,61.8,,,,0.0,0.0,46.6,,,,0.0,0.2,100.0,0.0
2017-06-18,,,,,,,0.0,0.0,85.7,,,,0.0,0.2,100.0,0.0
2017-06-19,,,,,,,,,,,,,0.0,0.2,100.0,0.0
2017-06-20,,,,,,,,,,,,,0.0,0.2,100.0,0.0
2017-06-21,83.4,69.0,61.6,,,,,,,,,,0.0,0.2,100.0,0.0
2017-06-22,,,,,,,,,,,,,0.0,0.2,100.0,0.0
2017-06-23,76.4,64.5,65.0,,,,,,,,,,0.0,0.3,100.0,0.0
2017-06-24,,,,,,,,,,,,,0.0,0.3,100.0,0.0
2017-06-25,,,,,,,,,,,,,0.0,0.4,100.0,0.0
2017-06-26,,,,0.0,0.3,100.0,,,,,,,0.0,0.4,100.0,0.0
2017-06-27,81.6,65.8,50.5,,,,,,,,,,0.0,0.5,100.0,0.0
2017-06-28,,,,,,,,,,,,,0.0,0.3,100.0,0.0
2017-06-29,85.2,67.2,51.4,,,,,,,,,,0.0,0.4,100.0,0.0
2017-06-30,,,,,,,,,,,,,0.0,0.3,100.0,0.0
2017-07-01,,,,,,,,,,,,,0.0,0.3,100.0,0.0
2017-07-02,,,,,,,,,,,,,0.0,0.3,100.0,0.0
2017-07-03,79.4,61.2,51.7,,,,,,,,,,0.0,0.3,100.0,0.0
2017-07-04,,,,,,,0.0,0.0,95.7,,,,0.0,0.3,100.0,0.0
2017-07-05,64.0,48.7,64.8,,,,,,,,,,0.0,0.3,100.0,0.0
2017-07-06,,,,0.0,0.4,100.0,,,,,,,0.0,0.3,100.0,0.0
2017-07-07,,,,,,,,,,,,,0.0,0.3,100.0,0.0
2017-07-08,,,,0.0,0.8,31.2,,,,,,,0.0,0.4,100.0,0.0
2017-07-09,33.4,33.4,59.0,,,,,,,,,,0.0,0.5,100.0,0.0
2017-07-10,,,,,,,,,,,,,0.0,0.6,100.0,0.0
2017-07-11,30.5,33.8,66.0,0.0,1.0,44.2,,,,,,,0.0,0.8,100.0,0.0
2017-07-12,,,,,,,,,,,,,0.0,1.6,100.0,0.0
2017-07-13,,,,,,,,,,,,,0.0,2.3,100.0,0.0
2017-07-14,,,,,,,,,,,,,0.0,2.8,100.0,0.0
2017-07-15,18.7,27.6,52.9,,,,,,,,,,0.0,3.1,100.0,0.0
2017-07-16,,,,0.0,1.2,70.6,,,,,,,0.0,3.6,100.0,0.0
2017-07-17,23.7,31.3,56.0,,,,,,,,,,0.0,3.7,100.0,0.0
2017-07-18,,,,0.0,1.4,100.0,,,,,,,0.0,3.1,100.0,0.0
2017-07-19,,,,,,,,,,,,,0.0,2.8,100.0,0.0
2017-07-20,,,,,,,,,,,,,0.0,4.5,100.0,0.0
2017-07-21,9.5,20.3,54.5,0.0,1.0,100.0,,,,,,,0.0,3.9,100.0,0.0
2017-07-22,,,,,,,,,,,,,0.0,2.4,100.0,0.0
2017-07-23,43.1,39.7,65.0,,,,,,,,,,0.0,2.1,100.0,0.0
2017-07-24,,,,,,,,,,,,,0.0,2.0,100.0,0.0
2017-07-25,,,,,,,,,,,,,0.0,1.7,100.0,0.0
2017-07-26,,,,,,,,,,,,,0.0,1.4,100.0,0.0
2017-07-27,35.9,35.4,60.2,,,,,,,,,,0.0,1.1,100.0,0.0
2017-07-28,,,,,,,,,,,,,0.0,0.7,100.0,0.0
2017-07-29,36.0,35.6,56.6,,,,,,,,,,0.0,0.5,100.0,0.0
2017-07-30,,,,,,,,,,,,,0.0,0.4,100.0,0.0
2017-07-31,,,,,,,,,,,,,0.0,0.3,100.0,0.0
2017-08-01,,,,,,,,,,,,,0.0,0.2,100.0,0.0
2017-08-02,4.3,15.8,51.9,,,,,,,,,,0.0,0.2,100.0,0.0
2017-08-03,,,,,,,,,,,,,0.0,0.2,100.0,0.0
2017-08-04,5.2,18.6,50.4,,,,,,,,,,0.0,0.2,100.0,0.0
2017-08-05,,,,,,,0.0,0.0,39.7,,,,0.0,0.2,100.0,0.0
2017-08-06,,,,,,,,,,,,,0.0,0.2,100.0,0.0
2017-08-07,,,,0.0,0.6,99.2,,,,,,,0.0,0.2,100.0,0.0
2017-08-08,6.6,18.1,55.9,,,,,,,,,,0.0,0.2,100.0,0.0
2017-08-09,,,,,,,,,,,,,0.0,0.2,100.0,0.0
2017-08-10,24.9,29.7,59.4,,,,,,,,,,0.0,0.2,100.0,0.0
2017-08-11,,,,,,,,,,,,,0.0,0.2,100.0,0.0
2017-08-12,,,,,,,,,,,,,0.0,0.3,100.0,0.0
2017-08-13,,,,,,,,,,,,,0.0,0.3,100.0,0.0
2017-08-14,35.1,35.0,57.4,,,,,,,,,,0.0,0.3,100.0,0.0
2017-08-15,,,,0.0,0.7,88.2,,,,,,,0.0,0.3,100.0,0.0
2017-08-16,66.6,51.3,64.0,,,,,,,,,,0.0,0.3,100.0,0.0
2017-08-17,,,,0.0,1.1,100.0,,,,,,,0.0,0.2,100.0,0.0
2017-08-18,,,,,,,,,,,,,0.0,0.2,100.0,0.0
2017-08-19,,,,,,,,,,,,,0.0,0.2,100.0,0.0
2017-08-20,62.2,48.1,63.0,,,,,,,,,,0.0,0.3,100.0,0.0
2017-08-21,,,,,,,,,,,,,0.0,0.3,100.0,0.0
2017-08-22,47.7,41.4,70.9,0.0,2.8,91.7,,,,,,,0.0,0.3,100.0,0.0
2017-08-23,,,,,,,,,,,,,0.0,0.3,100.0,0.0
2017-08-24,,,,,,,,,,,,,0.0,0.3,100.0,0.0
2017-08-25,,,,0.0,3.0,100.0,,,,,,,0.0,0.2,100.0,0.0
2017-08-26,36.2,35.6,79.2,,,,,,,,,,0.0,0.2,100.0,0.0
2017-08-27,,,,,,,,,,,,,0.0,0.2,100.0,0.0
2017-08-28,24.6,30.0,77.7,,,,,,,,,,0.0,0.2,100.0,0.0
2017-08-29,,,,,,,,,,,,,0.0,0.2,100.0,0.0
2017-08-30,,,,0.0,1.8,100.0,,,,,,,0.0,0.2,100.0,0.0
2017-08-31,,,,,,,,,,,,,0.0,0.2,100.0,0.0
2017-09-01,12.5,21.8,75.5,,,,,,,,,,0.0,0.2,100.0,0.0
2017-09-02,,,,,,,,,,,,,0.0,0.3,100.0,0.0
2017-09-03,13.0,19.2,78.6,,,,,,,,,,0.0,0.3,100.0,0.0
2017-09-04,,,,0.0,1.6,100.0,,,,,,,0.0,0.3,100.0,0.0
2017-09-05,,,,,,,,,,,,,0.0,0.3,100.0,0.0
2017-09-06,,,,,,,,,,,,,0.0,0.4,100.0,0.0
2017-09-07,11.8,16.8,79.2,,,,,,,,,,0.0,0.5,100.0,0.0
2017-09-08,,,,,,,,,,,,,0.0,0.3,100.0,0.0
2017-09-09,2.1,7.3,70.2,,,,,,,,,,0.0,0.4,100.0,0.0
2017-09-10,,,,,,,,,,,,,0.0,0.4,100.0,0.0
2017-09-11,,,,,,,,,,,,,0.0,0.5,100.0,0.0
2017-09-12,,,,,,,,,,,,,0.0,0.4,100.0,0.0
2017-09-13,1.3,4.4,68.7,,,,,,,,,,0.0,0.6,100.0,0.0
2017-09-14,,,,,,,,,,,,,0.0,0.5,100.0,0.0
2017-09-15,0.8,2.5,52.2,,,,,,,,,,0.0,0.6,100.0,0.0
2017-09-16,,,,,,,,,,,,,0.0,0.4,100.0,0.0
2017-09-17,,,,,,,,,,,,,0.0,0.4,100.0,0.0
2017-09-18,,,,,,,,,,,,,0.0,0.4,100.0,0.0
2017-09-19,0.7,1.9,57.6,,,,,,,,,,0.0,0.3,100.0,0.0
2017-09-20,,,,,,,,,,,,,0.0,0.3,100.0,0.0
2017-09-21,0.8,1.9,60.7,0.0,1.9,100.0,,,,,,,0.0,0.3,100.0,0.0
2017-09-22,,,,,,,0.0,0.0,83.3,,,,0.0,0.2,100.0,0.0
2017-09-23,,,,,,,,,,,,,0.0,0.2,100.0,0.0
2017-09-24,,,,,,,,,,,,,0.0,0.2,100.0,0.0
2017-09-25,0.7,2.2,66.1,,,,,,,,,,0.0,0.2,100.0,0.0
2017-09-26,,,,0.0,2.7,100.0,,,,,,,0.0,0.2,100.0,0.0
2017-09-27,0.6,1.7,59.0,,,,,,,,,,0.0,0.1,100.0,0.0
2017-09-28,,,,,,,,,,,,,0.0,0.1,100.0,0.0
2017-09-29,,,,,,,,,,,,,0.0,0.1,100.0,0.0
2017-09-30,,,,,,,0.0,0.0,72.8,,,,0.0,0.1,100.0,0.0
2017-10-01,0.6,2.1,65.8,,,,,,,,,,0.0,0.1,100.0,0.0
2017-10-02,,,,,,,,,,,,,0.0,0.1,100.0,0.0
2017-10-03,0.6,2.1,59.8,,,,,,,,,,0.0,0.2,100.0,0.0
2017-10-04,,,,,,,,,,,,,0.0,0.2,100.0,0.0
2017-10-05,,,,,,,,,,,,,0.0,0.2,100.0,0.0
2017-10-06,,,,,,,,,,,,,0.0,0.2,100.0,0.0
2017-10-07,0.7,2.0,60.5,,,,,,,,,,0.0,0.2,100.0,0.0
2017-10-08,,,,,,,,,,,,,0.0,0.3,100.0,0.0
2017-10-09,0.7,2.2,64.8,,,,,,,,,,0.0,0.2,100.0,0.0
2017-10-10,,,,,,,,,,,,,0.0,0.2,100.0,0.0
2017-10-11,,,,0.0,3.6,100.0,,,,,,,0.0,0.1,100.0,0.0
2017-10-12,,,,,,,,,,,,,0.0,0.1,100.0,0.0
2017-10-13,0.5,2.1,65.7,,,,,,,,,,0.0,0.1,100.0,0.0
2017-10-14,,,,0.1,4.4,100.0,,,,,,,0.0,0.1,100.0,0.0
2017-10-15,0.9,3.9,59.4,,,,0.0,0.0,100.0,,,,0.0,0.1,100.0,0.0
2017-10-16,,,,0.1,5.6,100.0,,,,,,,0.0,0.1,100.0,0.0
2017-10-17,,,,,,,,,,,,,0.0,0.1,100.0,0.0
2017-10-18,,,,,,,,,,,,,0.0,0.1,100.0,0.0
2017-10-19,0.8,3.6,65.5,0.1,4.6,100.0,,,,,,,0.0,0.1,100.0,0.0
2017-10-20,,,,,,,,,,,,,0.0,0.1,100.0,0.0
2017-10-21,0.5,2.5,64.6,,,,,,,,,,0.0,0.1,100.0,0.0
2017-10-22,,,,,,,,,,,,,0.0,0.3,100.0,0.0
2017-10-23,,,,,,,,,,,,,0.0,0.3,100.0,0.0
2017-10-24,,,,,,,,,,,,,0.0,0.4,100.0,0.0
2017-10-25,0.4,1.9,59.9,,,,,,,,,,0.0,0.3,100.0,0.0
2017-10-26,,,,0.0,6.2,100.0,,,,,,,0.0,0.4,100.0,0.0
2017-10-27,0.5,2.1,58.0,,,,,,,,,,0.0,0.4,100.0,0.0
2017-10-28,,,,,,,,,,,,,0.0,0.5,100.0,0.0
2017-10-29,,,,,,,,,,,,,0.0,0.4,100.0,0.0
2017-10-30,,,,,,,,,,,,,0.0,0.6,100.0,0.0
2017-10-31,0.7,3.4,51.9,0.0,8.5,100.0,0.0,0.3,100.0,,,,0.0,0.5,100.0,0.0
2017-11-01,,,,,,,,,,,,,0.0,0.6,100.0,0.0
2017-11-02,0.5,5.3,57.2,,,,,,,,,,0.0,0.5,100.0,0.0
2017-11-03,,,,,,,,,,,,,0.0,0.6,100.0,0.0
2017-11-04,,,,,,,,,,,,,0.0,0.6,100.0,0.0
2017-11-05,,,,,,,,,,,,,0.0,0.7,100.0,0.0
2017-11-06,0.5,14.6,55.7,,,,,,,,,,0.0,0.7,100.0,0.0
2017-11-07,,,,,,,,,,,,,0.0,1.0,100.0,0.0
2017-11-08,1.8,8.0,71.7,,,,,,,,,,0.0,1.3,100.0,0.0
2017-11-09,,,,,,,,,,,,,0.0,1.4,100.0,0.0
2017-11-10,,,,,,,,,,,,,0.0,1.5,100.0,0.0
2017-11-11,,,,,,,,,,,,,0.0,1.8,100.0,0.0
2017-11-12,0.7,7.2,68.3,,,,,,,,,,0.0,2.1,100.0,0.0
2017-11-13,,,,,,,,,,,,,0.0,2.2,100.0,0.0
2017-11-14,2.0,8.0,69.6,,,,,,,,,,0.0,2.4,100.0,0.0
2017-11-15,,,,,,,,,,,,,0.0,2.7,100.0,0.0
2017-11-16,,,,,,,,,,,,,0.0,4.2,100.0,0.0
2017-11-17,,,,,,,,,,,,,0.0,4.3,100.0,0.0
2017-11-18,12.6,16.2,79.2,,,,,,,,,,0.0,4.2,100.0,0.0
2017-11-19,,,,,,,,,,,,,0.0,4.3,100.0,0.0
2017-11-20,8.9,15.3,75.8,,,,,,,,,,0.0,4.6,100.0,0.0
2017-11-21,,,,,,,,,,,,,0.0,4.2,100.0,0.0
2017-11-22,,,,,,,,,,,,,0.0,4.1,100.0,0.0
2017-11-23,,,,,,,,,,,,,0.0,4.2,100.0,0.0
2017-11-24,0.9,10.5,60.7,,,,,,,,,,0.0,4.8,100.0,0.0
2017-11-25,,,,,,,,,,,,,0.0,5.6,100.0,0.0
2017-11-26,19.7,27.0,79.1,,,,,,,,,,0.0,6.1,100.0,0.0
2017-11-27,,,,,,,,,,,,,0.0,7.2,100.0,0.0
2017-11-28,,,,,,,,,,,,,0.0,7.4,100.0,0.0
2017-11-29,,,,,,,,,,,,,0.0,10.5,100.0,0.0
2017-11-30,9.3,25.2,59.5,,,,,,,,,,0.0,10.3,100.0,0.0
2017-12-01,,,,,,,,,,,,,0.1,15.5,100.0,0.1
2017-12-02,54.1,45.2,79.1,,,,0.8,23.6,100.0,,,,0.3,18.2,100.0,0.3
2017-12-03,,,,82.6,64.8,95.5,,,,,,,2.4,30.7,100.0,2.4
2017-12-04,,,,,,,,,,,,,2.4,29.7,100.0,2.4
2017-12-05,,,,,,,,,,,,,11.7,42.7,100.0,11.7
2017-12-06,64.6,47.5,63.0,,,,,,,,,,19.9,45.6,100.0,19.9
2017-12-07,,,,,,,,,,,,,68.1,59.9,100.0,68.1
2017-12-08,64.9,50.7,79.1,,,,,,,,,,69.3,60.6,100.0,69.3
2017-12-09,,,,,,,,,,,,,85.0,71.3,100.0,85.0
2017-12-10,,,,,,,,,,,,,85.6,72.9,100.0,85.6
2017-12-11,,,,,,,,,,,,,91.0,81.9,100.0,91.0
2017-12-12,85.0,59.2,72.4,,,,,,,,,,91.1,83.8,100.0,91.1
2017-12-13,,,,97.8,96.3,100.0,,,,,,,92.2,88.1,100.0,92.2
2017-12-14,93.1,75.3,78.0,,,,,,,,,,92.3,88.6,100.0,92.3
2017-12-15,,,,93.4,94.1,100.0,,,,,,,93.1,91.5,100.0,93.1
2017-12-16,,,,,,,,,,,,,93.0,91.3,100.0,93.0
2017-12-17,,,,,,,,,,,,,93.9,92.5,100.0,93.9
2017-12-18,98.5,87.0,62.0,,,,,,,,,,94.1,93.2,100.0,94.1
2017-12-19,,,,,,,,,,,,,96.1,94.9,100.0,96.1
2017-12-20,94.6,82.5,77.3,100.0,99.4,100.0,,,,,,,96.1,95.5,100.0,96.1
2017-12-21,,,,,,,,,,,,,96.9,95.5,100.0,96.9
2017-12-22,,,,,,,,,,,,,96.3,94.9,100.0,96.3
2017-12-23,,,,93.5,94.8,100.0,,,,,,,97.6,95.9,100.0,97.6
2017-12-24,89.4,72.4,63.0,,,,,,,,,,96.6,95.0,100.0,96.6
2017-12-25,,,,97.4,96.6,99.9,,,,,,,96.9,95.1,100.0,96.9
2017-12-26,85.7,67.9,76.1,,,,,,,,,,96.2,93.7,100.0,96.2
2017-12-27,,,,,,,,,,,,,97.5,94.1,100.0,97.5
2017-12-28,,,,,,,,,,,,,96.6,93.3,100.0,96.6
2017-12-29,,,,,,,,,,,,,97.7,93.6,100.0,97.7
2017-12-30,87.8,64.7,60.9,,,,,,,,,,97.0,92.6,100.0,97.0
2017-12-31,,,,,,,,,,,,,97.1,92.2,100.0,97.1
2018-01-01,84.0,64.0,74.3,,,,,,,,,,96.2,91.3,100.0,96.2
2018-01-02,,,,,,,,,,,,,94.9,89.2,100.0,94.9
2018-01-03,,,,,,,,,,,,,94.8,87.0,100.0,94.8
2018-01-04,,,,,,,,,,,,,94.3,85.7,100.0,94.3
2018-01-05,56.4,41.7,61.0,,,,,,,,,,94.6,83.6,100.0,94.6
2018-01-06,,,,,,,,,,,,,93.5,81.5,100.0,93.5
2018-01-07,27.3,31.8,69.0,,,,,,,,,,93.7,79.5,100.0,93.7
2018-01-08,,,,,,,,,,,,,92.5,78.6,100.0,92.5
2018-01-09,,,,89.5,79.5,100.0,,,,,,,92.5,78.4,100.0,92.5
2018-01-10,,,,,,,,,,,,,89.2,75.1,100.0,89.2
2018-01-11,1.3,18.9,59.9,,,,,,,,,,91.3,75.3,100.0,91.3
2018-01-12,,,,,,,97.2,91.6,100.0,,,,92.0,77.4,100.0,92.0
2018-01-13,2.1,17.1,61.3,,,,,,,,,,91.0,75.4,100.0,91.0
2018-01-14,,,,,,,,,,,,,90.2,74.9,100.0,90.2
2018-01-15,,,,,,,,,,,,,90.1,74.2,100.0,90.1
2018-01-16,,,,,,,,,,,,,85.5,71.2,100.0,85.5
2018-01-17,0.6,14.5,59.8,,,,,,,,,,77.2,68.1,100.0,77.2
2018-01-18,,,,,,,,,,,,,65.0,66.0,100.0,65.0
2018-01-19,0.0,6.2,50.8,,,,,,,,,,60.8,65.8,100.0,60.8
2018-01-20,,,,,,,,,,,,,53.3,61.1,100.0,53.3
2018-01-21,,,,,,,,,,,,,52.4,58.9,100.0,52.4
2018-01-22,,,,,,,,,,,,,51.0,55.6,100.0,51.0
2018-01-23,0.3,5.4,61.1,,,,,,,,,,51.6,55.3,100.0,51.6
2018-01-24,,,,88.8,73.4,100.0,,,,,,,50.7,52.6,100.0,50.7
2018-01-25,0.7,5.3,60.6,,,,,,,,,,51.5,53.6,100.0,51.5
2018-01-26,,,,,,,,,,,,,49.5,50.6,100.0,49.5
2018-01-27,,,,,,,,,,,,,52.4,55.6,100.0,52.4
2018-01-28,,,,,,,,,,,,,49.8,52.9,100.0,49.8
2018-01-29,1.8,10.1,59.9,93.3,87.4,100.0,,,,,,,54.5,61.2,100.0,54.5
2018-01-30,,,,,,,,,,,,,54.7,62.2,100.0,54.7
2018-01-31,1.8,15.2,53.0,,,,,,,,,,70.6,69.1,100.0,70.6
2018-02-01,,,,,,,,,,,,,87.2,72.9,100.0,87.2
2018-02-02,,,,,,,,,,,,,96.4,81.8,100.0,96.4
2018-02-03,,,,,,,,,,,,,96.1,82.1,100.0,96.1
2018-02-04,9.3,24.9,57.0,,,,,,,,,,97.1,86.8,100.0,97.1
2018-02-05,,,,,,,,,,,,,96.4,88.4,100.0,96.4
2018-02-06,71.6,52.0,62.0,96.0,95.9,87.0,,,,,,,98.7,92.4,100.0,98.7
2018-02-07,,,,,,,,,,,,,97.3,92.7,100.0,97.3
2018-02-08,,,,,,,,,,,,,99.0,93.8,100.0,99.0
2018-02-09,,,,,,,,,,,,,98.6,94.5,100.0,98.6
2018-02-10,76.8,56.8,56.9,,,,,,,,,,99.9,95.8,100.0,99.9
2018-02-11,,,,,,,,,,,,,99.2,95.9,100.0,99.2
2018-02-12,69.6,52.8,56.7,,,,,,,,,,100.0,96.4,100.0,100.0
2018-02-13,,,,100.0,98.6,100.0,98.7,97.8,100.0,,,,99.8,97.2,100.0,99.8
2018-02-14,,,,,,,,,,,,,100.0,97.0,100.0,100.0
2018-02-15,,,,,,,,,,,,,99.8,97.1,100.0,99.8
2018-02-16,62.8,49.8,63.6,,,,,,,,,,100.0,97.3,100.0,100.0
2018-02-17,,,,,,,,,,,,,99.7,97.2,100.0,99.7
2018-02-18,89.4,65.3,61.7,,,,,,,,,,99.2,97.0,100.0,99.2
2018-02-19,,,,,,,,,,,,,98.5,96.8,100.0,98.5
2018-02-20,,,,,,,,,,,,,99.0,97.0,100.0,99.0
2018-02-21,,,,100.0,99.9,100.0,,,,,,,98.6,96.9,100.0,98.6
2018-02-22,92.4,68.2,56.1,,,,,,,,,,98.3,96.2,100.0,98.3
2018-02-23,,,,,,,,,,,,,97.9,95.7,100.0,97.9
2018-02-24,98.1,72.3,61.1,,,,,,,,,,98.4,96.0,100.0,98.4
2018-02-25,,,,,,,,,,,,,98.1,95.5,100.0,98.1
2018-02-26,,,,95.7,91.8,100.0,,,,,,,99.3,96.0,100.0,99.3
2018-02-27,,,,,,,,,,,,,99.9,95.7,100.0,99.9
2018-02-28,96.8,70.2,55.4,100.0,99.6,100.0,,,,,,,100.0,96.8,100.0,100.0
2018-03-01,,,,,,,,,,,,,100.0,95.7,100.0,100.0
2018-03-02,93.5,72.6,64.4,,,,,,,,,,100.0,96.0,100.0,100.0
2018-03-03,,,,,,,,,,,,,100.0,95.5,100.0,100.0
2018-03-04,,,,,,,,,,,,,100.0,96.0,100.0,100.0
2018-03-05,,,,88.6,80.4,100.0,,,,,,,100.0,95.6,100.0,100.0
2018-03-06,95.1,73.9,49.4,,,,,,,,,,100.0,95.4,100.0,100.0
2018-03-07,,,,,,,,,,,,,100.0,94.8,100.0,100.0
2018-03-08,94.6,77.7,70.1,90.2,71.2,100.0,96.7,88.3,99.8,,,,100.0,95.2,100.0,100.0
2018-03-09,,,,,,,,,,,,,100.0,92.5,100.0,100.0
2018-03-10,,,,,,,,,,,,,100.0,90.9,100.0,100.0
2018-03-11,,,,,,,,,,,,,98.7,87.6,100.0,98.7
2018-03-12,97.4,76.8,57.6,,,,,,,,,,98.2,86.8,100.0,98.2
2018-03-13,,,,,,,,,,,,,96.3,82.9,100.0,96.3
2018-03-14,94.3,77.1,68.5,,,,,,,,,,95.6,80.1,100.0,95.6
2018-03-15,,,,,,,,,,,,,90.4,72.6,100.0,90.4
2018-03-16,,,,,,,,,,,,,81.1,66.6,100.0,81.1
2018-03-17,,,,,,,,,,,,,40.0,55.1,100.0,40.0
2018-03-18,90.7,64.7,53.9,,,,,,,,,,36.7,53.8,100.0,36.7
2018-03-19,,,,,,,,,,,,,0.1,37.4,100.0,0.1
2018-03-20,92.0,69.3,61.3,,,,,,,,,,0.1,36.6,100.0,0.1
2018-03-21,,,,,,,,,,,,,0.0,25.8,100.0,0.0
2018-03-22,,,,,,,,,,,,,0.0,27.4,100.0,0.0
2018-03-23,,,,,,,,,,,,,0.0,21.5,100.0,0.0
2018-03-24,61.9,47.2,54.5,,,,13.0,20.8,100.0,,,,0.0,19.6,100.0,0.0
2018-03-25,,,,0.0,3.8,100.0,3.3,6.5,72.2,,,,0.0,13.8,100.0,0.0
2018-03-26,74.2,51.8,66.6,,,,,,,,,,0.0,14.2,100.0,0.0
2018-03-27,,,,,,,,,,,,,0.0,11.5,100.0,0.0
2018-03-28,,,,,,,,,,,,,0.0,11.4,100.0,0.0
2018-03-29,,,,,,,,,,,,,0.0,9.8,100.0,0.0
2018-03-30,4.2,19.0,49.5,,,,,,,,,,0.0,8.1,100.0,0.0
2018-03-31,,,,,,,,,,,,,0.0,8.2,100.0,0.0
2018-04-01,15.8,28.3,58.5,,,,,,,,,,0.0,7.7,100.0,0.0
2018-04-02,,,,0.0,0.8,100.0,0.1,0.7,100.0,,,,0.0,6.4,100.0,0.0
2018-04-03,,,,,,,,,,,,,0.0,4.8,100.0,0.0
2018-04-04,,,,,,,,,,,,,0.0,4.3,100.0,0.0
2018-04-05,2.3,16.5,58.2,,,,,,,,,,0.0,4.5,100.0,0.0
2018-04-06,,,,,,,,,,,,,0.0,5.0,100.0,0.0
2018-04-07,55.8,43.4,66.8,0.0,0.3,100.0,,,,,,,0.0,3.3,100.0,0.0
2018-04-08,,,,,,,,,,,,,0.0,2.8,100.0,0.0
2018-04-09,,,,,,,,,,,,,0.0,2.9,100.0,0.0
2018-04-10,,,,,,,0.0,0.5,83.4,,,,0.0,2.9,100.0,0.0
2018-04-11,1.0,11.9,53.4,,,,,,,,,,0.0,2.3,100.0,0.0
2018-04-12,,,,0.0,0.4,62.6,,,,,,,0.0,1.9,100.0,0.0
2018-04-13,5.3,13.2,64.2,,,,,,,,,,0.0,2.1,100.0,0.0
2018-04-14,,,,0.0,0.4,100.0,,,,,,,0.0,1.9,100.0,0.0
2018-04-15,,,,,,,,,,,,,0.0,1.3,100.0,0.0
2018-04-16,,,,,,,,,,,,,0.0,1.3,100.0,0.0
2018-04-17,0.0,3.6,54.8,,,,,,,,,,0.0,1.4,100.0,0.0
2018-04-18,,,,,,,0.0,0.0,100.0,,,,0.0,1.2,100.0,0.0
2018-04-19,1.1,12.0,57.6,0.0,0.8,100.0,,,,,,,0.0,0.9,100.0,0.0
2018-04-20,,,,,,,,,,,,,0.0,1.0,100.0,0.0
2018-04-21,,,,,,,,,,,,,0.0,1.0,100.0,0.0
2018-04-22,,,,0.0,1.8,100.0,,,,,,,0.0,1.1,100.0,0.0
2018-04-23,3.3,7.1,64.0,,,,,,,,,,0.0,1.0,100.0,0.0
2018-04-24,,,,0.0,2.7,100.0,,,,,,,0.0,1.1,100.0,0.0
2018-04-25,0.4,3.9,59.0,,,,0.0,0.0,69.5,,,,0.0,1.4,100.0,0.0
2018-04-26,,,,,,,,,,,,,0.0,2.1,100.0,0.0
2018-04-27,,,,0.0,1.4,100.0,,,,,,,0.0,2.0,100.0,0.0
2018-04-28,,,,,,,,,,,,,0.0,2.0,100.0,0.0
2018-04-29,2.7,5.2,65.4,0.0,2.2,100.0,,,,,,,0.0,1.9,100.0,0.0
2018-04-30,,,,,,,,,,,,,0.0,2.4,100.0,0.0
2018-05-01,2.7,6.8,63.2,,,,,,,,,,0.0,2.1,100.0,0.0
2018-05-02,,,,,,,,,,,,,0.0,2.4,100.0,0.0
2018-05-03,,,,,,,,,,,,,0.0,2.1,100.0,0.0
2018-05-04,,,,,,,,,,,,,0.0,2.2,100.0,0.0
2018-05-05,0.3,4.7,57.7,,,,,,,,,,0.0,1.2,100.0,0.0
2018-05-06,,,,,,,,,,,,,0.0,1.0,100.0,0.0
2018-05-07,8.7,11.7,71.5,0.0,1.0,100.0,,,,,,,0.0,0.7,100.0,0.0
2018-05-08,,,,,,,,,,,,,0.0,0.5,100.0,0.0
2018-05-09,,,,0.0,0.8,97.3,,,,,,,0.0,0.3,100.0,0.0
2018-05-10,,,,,,,,,,,,,0.0,0.3,100.0,0.0
2018-05-11,1.0,9.1,60.2,,,,0.0,0.0,100.0,,,,0.0,0.3,100.0,0.0
2018-05-12,,,,,,,,,,,,,0.0,0.2,100.0,0.0
2018-05-13,1.9,15.8,59.1,,,,,,,,,,0.0,0.2,100.0,0.0
2018-05-14,,,,,,,,,,,,,0.0,0.2,100.0,0.0
2018-05-15,,,,,,,,,,,,,0.0,0.3,100.0,0.0
2018-05-16,,,,,,,,,,,,,0.0,0.3,100.0,0.0
2018-05-17,15.9,28.1,76.9,,,,,,,,,,0.0,0.3,100.0,0.0
2018-05-18,,,,,,,,,,,,,0.0,0.5,100.0,0.0
2018-05-19,5.4,21.8,60.4,,,,,,,,,,0.0,1.0,100.0,0.0
2018-05-20,,,,,,,,,,,,,0.0,1.3,100.0,0.0
2018-05-21,,,,,,,,,,,,,0.0,1.4,100.0,0.0
2018-05-22,,,,,,,,,,,,,0.0,1.2,100.0,0.0
2018-05-23,2.9,17.5,58.2,,,,,,,,,,0.0,1.2,100.0,0.0
2018-05-24,,,,,,,,,,,,,0.0,1.2,100.0,0.0
2018-05-25,11.2,23.5,76.9,,,,,,,,,,0.0,1.1,100.0,0.0
2018-05-26,,,,,,,,,,,,,0.0,0.9,100.0,0.0
2018-05-27,,,,,,,,,,,,,0.0,0.9,100.0,0.0
2018-05-28,,,,,,,0.0,0.0,52.9,,,,0.0,0.7,100.0,0.0
2018-05-29,2.0,14.5,63.9,,,,,,,,,,0.0,0.6,100.0,0.0
2018-05-30,,,,,,,,,,,,,0.0,0.4,100.0,0.0
2018-05-31,4.6,20.0,60.9,,,,,,,,,,0.0,0.3,100.0,0.0
2018-06-01,,,,,,,,,,,,,0.0,0.4,100.0,0.0
2018-06-02,,,,,,,,,,,,,0.0,0.3,100.0,0.0
2018-06-03,,,,0.0,0.4,100.0,,,,,,,0.0,0.3,100.0,0.0
2018-06-04,1.4,10.4,66.2,,,,,,,,,,0.0,0.4,100.0,0.0
2018-06-05,,,,,,,0.0,0.0,82.0,,,,0.0,0.5,100.0,0.0
2018-06-06,3.0,16.8,66.1,0.0,0.5,31.0,,,,,,,0.0,0.6,100.0,0.0
2018-06-07,,,,,,,,,,,,,0.0,0.5,100.0,0.0
2018-06-08,,,,,,,,,,,,,0.0,0.5,100.0,0.0
2018-06-09,,,,,,,,,,,,,0.0,0.7,100.0,0.0
2018-06-10,1.0,9.5,60.0,,,,,,,,,,0.0,0.7,100.0,0.0
2018-06-11,,,,0.0,0.8,99.9,,,,,,,0.0,0.6,100.0,0.0
2018-06-12,14.1,25.6,79.3,,,,,,,,,,0.0,0.6,100.0,0.0
2018-06-13,,,,,,,,,,,,,0.0,0.8,100.0,0.0
2018-06-14,,,,,,,,,,,,,0.0,0.8,100.0,0.0
2018-06-15,,,,,,,,,,,,,0.0,0.5,100.0,0.0
2018-06-16,1.0,13.1,57.0,0.0,0.8,80.2,,,,,,,0.0,0.3,100.0,0.0
2018-06-17,,,,,,,,,,,,,0.0,0.3,100.0,0.0
2018-06-18,5.7,21.2,79.1,,,,,,,,,,0.0,0.2,100.0,0.0
2018-06-19,,,,,,,,,,,,,0.0,0.2,100.0,0.0
2018-06-20,,,,,,,,,,,,,0.0,0.1,100.0,0.0
2018-06-21,,,,0.0,2.4,100.0,0.0,0.0,100.0,,,,0.0,0.1,100.0,0.0
2018-06-22,0.8,10.2,63.8,,,,,,,,,,0.0,0.2,100.0,0.0
2018-06-23,,,,0.0,2.3,87.7,,,,,,,0.0,0.2,100.0,0.0
2018-06-24,6.2,19.3,99.0,,,,,,,,,,0.0,0.2,100.0,0.0
2018-06-25,,,,,,,,,,,,,0.0,0.3,100.0,0.0
2018-06-26,,,,,,,,,,,,,0.0,0.3,100.0,0.0
2018-06-27,,,,,,,,,,,,,0.0,0.4,100.0,0.0
2018-06-28,1.5,11.9,99.0,,,,,,,,,,0.0,0.6,100.0,0.0
2018-06-29,,,,,,,,,,,,,0.0,1.4,100.0,0.0
2018-06-30,2.3,12.4,99.0,,,,,,,,,,0.0,1.8,100.0,0.0
2018-07-01,,,,0.0,4.0,45.1,,,,,,,0.0,2.4,100.0,0.0
2018-07-02,,,,,,,,,,,,,0.0,2.5,100.0,0.0
2018-07-03,,,,,,,,,,,,,0.0,3.8,100.0,0.0
2018-07-04,0.7,8.3,99.0,,,,,,,,,,0.0,3.6,100.0,0.0
2018-07-05,,,,,,,,,,,,,0.0,3.3,100.0,0.0
2018-07-06,1.0,11.0,97.8,,,,,,,,,,0.0,3.0,100.0,0.0
2018-07-07,,,,,,,,,,,,,0.0,5.0,100.0,0.0
2018-07-08,,,,,,,,,,,,,0.0,4.4,100.0,0.0
2018-07-09,,,,,,,,,,,,,0.0,4.2,100.0,0.0
2018-07-10,1.6,12.2,97.8,,,,,,,,,,0.0,4.2,100.0,0.0
2018-07-11,,,,,,,,,,,,,0.0,4.8,100.0,0.0
2018-07-12,2.0,13.2,97.8,,,,,,,,,,0.0,3.9,100.0,0.0
2018-07-13,,,,0.0,2.9,96.6,,,,,,,0.0,2.9,100.0,0.0
2018-07-14,,,,,,,,,,,,,0.0,2.4,100.0,0.0
2018-07-15,,,,,,,,,,,,,0.0,2.6,100.0,0.0
2018-07-16,3.3,17.9,97.8,0.0,2.9,100.0,,,,,,,0.0,1.3,100.0,0.0
2018-07-17,,,,,,,,,,,,,0.0,0.9,100.0,0.0
2018-07-18,16.1,29.6,97.8,0.0,4.0,96.1,,,,,,,0.0,0.6,100.0,0.0
2018-07-19,,,,,,,,,,,,,0.0,0.5,100.0,0.0
2018-07-20,,,,,,,,,,,,,0.0,0.3,100.0,0.0
2018-07-21,,,,,,,,,,,,,0.0,0.4,100.0,0.0
2018-07-22,40.9,38.9,97.8,,,,,,,,,,0.0,0.2,100.0,0.0
2018-07-23,,,,,,,,,,,,,0.0,0.2,100.0,0.0
2018-07-24,53.9,43.4,97.8,,,,,,,,,,0.0,0.1,100.0,0.0
2018-07-25,,,,,,,,,,,,,0.0,0.1,100.0,0.0
2018-07-26,,,,0.0,2.5,100.0,,,,,,,0.0,0.1,100.0,0.0
2018-07-27,,,,,,,,,,,,,0.0,0.0,100.0,0.0
2018-07-28,63.5,46.6,97.8,,,,,,,,,,0.0,0.0,100.0,0.0
2018-07-29,,,,,,,,,,,,,0.0,0.0,100.0,0.0
2018-07-30,86.1,61.0,97.8,,,,0.0,0.0,100.0,,,,0.0,0.0,100.0,0.0
2018-07-31,,,,0.0,1.7,100.0,,,,0.0,0.1,100.0,0.0,0.0,100.0,0.0
2018-08-01,,,,,,,,,,,,,0.0,0.0,100.0,0.0
2018-08-02,,,,0.0,4.3,100.0,,,,,,,0.0,0.0,100.0,0.0
2018-08-03,85.0,60.1,97.8,,,,,,,,,,0.0,0.0,100.0,0.0
2018-08-04,,,,,,,,,,,,,0.0,0.0,100.0,0.0
2018-08-05,90.4,64.9,97.8,0.0,4.8,87.7,,,,0.0,0.0,100.0,0.0,0.0,100.0,0.0
2018-08-06,,,,,,,,,,0.0,0.0,100.0,0.0,0.0,100.0,0.0
2018-08-07,,,,,,,,,,,,,0.0,0.0,100.0,0.0
2018-08-08,,,,,,,,,,,,,0.0,0.0,100.0,0.0
2018-08-09,88.0,61.1,97.8,,,,,,,,,,0.0,0.0,100.0,0.0
2018-08-10,,,,,,,,,,,,,0.0,0.0,100.0,0.0
2018-08-11,97.8,78.7,97.8,,,,,,,,,,0.0,0.1,100.0,0.0
2018-08-12,,,,0.0,4.6,100.0,,,,,,,0.0,0.1,100.0,0.0
2018-08-13,,,,,,,,,,,,,0.0,0.1,100.0,0.0
2018-08-14,,,,,,,,,,,,,0.0,0.1,100.0,0.0
2018-08-15,57.7,45.0,97.8,0.0,5.3,68.8,,,,0.0,0.0,55.5,0.0,0.2,100.0,0.0
2018-08-16,,,,,,,,,,,,,0.0,0.2,100.0,0.0
2018-08-17,43.7,39.3,97.8,0.0,8.1,100.0,,,,,,,0.0,0.2,100.0,0.0
2018-08-18,,,,,,,,,,,,,0.0,0.1,100.0,0.0
2018-08-19,,,,,,,,,,,,,0.0,0.2,100.0,0.0
2018-08-20,,,,0.0,9.6,100.0,,,,,,,0.0,0.1,100.0,0.0
2018-08-21,1.8,15.5,97.8,,,,,,,0.0,0.0,100.0,0.0,0.1,100.0,0.0
2018-08-22,,,,0.0,7.1,100.0,,,,0.0,0.0,100.0,0.0,0.1,100.0,0.0
2018-08-23,4.5,20.3,97.8,,,,,,,,,,0.0,0.1,100.0,0.0
2018-08-24,,,,,,,,,,,,,0.0,0.1,100.0,0.0
2018-08-25,,,,,,,,,,,,,0.0,0.1,100.0,0.0
2018-08-26,,,,,,,,,,,,,0.0,0.1,100.0,0.0
2018-08-27,1.0,9.6,97.8,,,,,,,,,,0.0,0.1,100.0,0.0
2018-08-28,,,,,,,,,,0.0,0.0,100.0,0.0,0.0,100.0,0.0
2018-08-29,0.4,8.0,97.8,,,,,,,0.0,0.0,100.0,0.0,0.0,100.0,0.0
2018-08-30,,,,,,,,,,,,,0.0,0.0,100.0,0.0
2018-08-31,,,,,,,,,,,,,0.0,0.0,100.0,0.0
2018-09-01,,,,,,,,,,,,,0.0,0.0,100.0,0.0
2018-09-02,0.0,4.2,97.7,,,,,,,,,,0.0,0.0,100.0,0.0
2018-09-03,,,,,,,,,,,,,0.0,0.0,100.0,0.0
2018-09-04,0.1,5.3,97.8,,,,,,,,,,0.0,0.0,100.0,0.0
2018-09-05,,,,,,,,,,,,,0.0,0.0,100.0,0.0
2018-09-06,,,,0.0,2.7,100.0,,,,,,,0.0,0.0,100.0,0.0
2018-09-07,,,,,,,,,,,,,0.0,0.0,100.0,0.0
2018-09-08,0.0,3.8,97.8,,,,,,,0.0,0.0,100.0,0.0,0.0,100.0,0.0
2018-09-09,,,,0.0,1.0,100.0,0.0,0.0,88.4,0.0,0.0,100.0,0.0,0.0,100.0,0.0
2018-09-10,0.0,2.9,97.8,,,,,,,,,,0.0,0.0,100.0,0.0
2018-09-11,,,,0.0,0.9,100.0,,,,,,,0.0,0.0,100.0,0.0
2018-09-12,,,,,,,,,,0.0,0.2,100.0,0.0,0.0,100.0,0.0
2018-09-13,,,,,,,,,,,,,0.0,0.0,100.0,0.0
2018-09-14,0.0,2.8,97.8,,,,,,,,,,0.0,0.0,100.0,0.0
2018-09-15,,,,,,,,,,,,,0.0,0.0,100.0,0.0
2018-09-16,0.2,8.0,97.8,0.0,2.1,99.3,0.0,0.0,100.0,,,,0.0,0.0,100.0,0.0
2018-09-17,,,,,,,,,,,,,0.0,0.0,100.0,0.0
2018-09-18,,,,,,,,,,,,,0.0,0.0,100.0,0.0
2018-09-19,,,,0.0,2.3,100.0,,,,,,,0.0,0.0,100.0,0.0
2018-09-20,0.0,5.5,97.8,,,,,,,,,,0.0,0.0,100.0,0.0
2018-09-21,,,,0.0,5.5,100.0,,,,,,,0.0,0.0,100.0,0.0
2018-09-22,0.0,10.0,97.8,,,,,,,,,,0.0,0.0,100.0,0.0
2018-09-23,,,,,,,,,,,,,0.0,0.0,100.0,0.0
2018-09-24,,,,,,,,,,0.0,0.9,65.0,0.0,0.1,100.0,0.0
2018-09-25,,,,,,,0.0,0.0,42.6,0.0,1.6,70.1,0.0,0.1,100.0,0.0
2018-09-26,0.0,8.3,98.7,0.0,2.4,100.0,,,,,,,0.0,0.1,100.0,0.0
2018-09-27,,,,,,,,,,,,,0.0,0.1,100.0,0.0
2018-09-28,2.2,20.3,98.7,,,,,,,,,,0.0,0.1,100.0,0.0
2018-09-29,,,,0.0,4.1,82.7,,,,,,,0.0,0.1,100.0,0.0
2018-09-30,,,,,,,,,,,,,0.0,0.1,100.0,0.0
2018-10-01,,,,,,,,,,,,,0.0,0.1,100.0,0.0
2018-10-02,4.0,23.0,98.7,,,,,,,,,,0.0,0.2,100.0,0.0
2018-10-03,,,,,,,,,,,,,0.0,0.1,100.0,0.0
2018-10-04,9.9,24.2,98.7,0.0,1.5,98.7,,,,,,,0.0,0.2,100.0,0.0
2018-10-05,,,,,,,,,,,,,0.0,0.1,100.0,0.0
2018-10-06,,,,0.0,1.5,97.1,,,,,,,0.0,0.1,100.0,0.0
2018-10-07,,,,,,,,,,,,,0.0,0.1,100.0,0.0
2018-10-08,6.4,22.1,98.7,,,,,,,,,,0.0,0.1,100.0,0.0
2018-10-09,,,,0.0,1.8,96.3,,,,,,,0.0,0.1,100.0,0.0
2018-10-10,21.9,29.5,98.7,,,,,,,,,,0.0,0.1,100.0,0.0
2018-10-11,,,,0.0,2.6,100.0,0.0,0.0,100.0,,,,0.0,0.1,100.0,0.0
2018-10-12,,,,,,,,,,,,,0.0,0.1,100.0,0.0
2018-10-13,,,,,,,,,,,,,0.0,0.2,100.0,0.0
2018-10-14,7.6,23.0,98.7,0.0,3.8,100.0,,,,,,,0.0,0.2,100.0,0.0
2018-10-15,,,,,,,,,,,,,0.0,0.2,100.0,0.0
2018-10-16,12.5,25.4,98.6,0.0,8.4,100.0,,,,,,,0.0,0.2,100.0,0.0
2018-10-17,,,,,,,,,,,,,0.0,0.3,100.0,0.0
2018-10-18,,,,,,,0.0,0.1,100.0,,,,0.0,0.3,100.0,0.0
2018-10-19,,,,0.0,8.0,100.0,,,,,,,0.0,0.3,100.0,0.0
2018-10-20,1.1,10.5,98.7,,,,,,,,,,0.0,0.3,100.0,0.0
2018-10-21,,,,,,,,,,,,,0.0,0.5,100.0,0.0
2018-10-22,4.6,15.8,98.7,,,,,,,,,,0.0,0.5,100.0,0.0
2018-10-23,,,,,,,,,,,,,0.0,0.7,100.0,0.0
2018-10-24,,,,,,,,,,,,,0.0,0.6,100.0,0.0
2018-10-25,,,,,,,,,,,,,0.0,0.8,100.0,0.0
2018-10-26,4.1,14.2,98.7,0.0,6.7,100.0,,,,,,,0.0,1.0,100.0,0.0
2018-10-27,,,,,,,,,,,,,0.0,1.1,100.0,0.0
2018-10-28,3.8,13.1,98.7,,,,,,,,,,0.0,1.1,100.0,0.0
2018-10-29,,,,,,,,,,,,,0.0,1.2,100.0,0.0
2018-10-30,,,,,,,,,,,,,0.0,1.2,100.0,0.0
2018-10-31,,,,,,,,,,,,,0.0,1.1,100.0,0.0
2018-11-01,2.7,10.7,98.7,,,,,,,,,,0.0,1.0,100.0,0.0
2018-11-02,,,,,,,,,,,,,0.0,0.9,100.0,0.0
2018-11-03,3.0,11.1,98.7,0.0,13.3,47.2,0.0,0.3,45.6,,,,0.0,1.1,100.0,0.0
2018-11-04,,,,,,,,,,,,,0.0,0.9,100.0,0.0
2018-11-05,,,,0.3,8.1,100.0,,,,,,,0.0,0.8,100.0,0.0
2018-11-06,,,,,,,,,,,,,0.0,0.6,100.0,0.0
2018-11-07,2.6,10.2,98.7,,,,,,,,,,0.0,0.8,100.0,0.0
2018-11-08,,,,,,,,,,,,,0.0,0.7,100.0,0.0
2018-11-09,0.2,5.2,98.7,,,,,,,,,,0.0,0.6,100.0,0.0
2018-11-10,,,,0.3,8.3,100.0,,,,,,,0.0,0.6,100.0,0.0
2018-11-11,,,,,,,,,,,,,0.0,0.6,100.0,0.0
2018-11-12,,,,,,,0.0,0.3,100.0,,,,0.0,0.7,100.0,0.0
2018-11-13,0.0,4.2,98.7,,,,,,,,,,0.0,0.7,100.0,0.0
2018-11-14,,,,,,,,,,,,,0.0,0.8,100.0,0.0
2018-11-15,0.1,5.5,98.7,,,,,,,,,,0.0,0.8,100.0,0.0
2018-11-16,,,,,,,,,,,,,0.0,1.3,100.0,0.0
2018-11-17,,,,,,,,,,,,,0.0,1.3,100.0,0.0
2018-11-18,,,,,,,,,,,,,0.0,1.7,100.0,0.0
2018-11-19,0.0,2.5,98.7,,,,,,,,,,0.0,2.0,100.0,0.0
2018-11-20,,,,1.6,15.2,34.0,,,,,,,0.0,3.2,100.0,0.0
2018-11-21,0.0,2.0,98.7,,,,,,,,,,0.0,3.1,100.0,0.0
2018-11-22,,,,,,,,,,,,,0.0,3.1,100.0,0.0
2018-11-23,,,,0.3,18.0,72.0,,,,,,,0.0,3.1,100.0,0.0
2018-11-24,,,,,,,,,,,,,0.0,3.3,100.0,0.0
2018-11-25,0.0,0.9,98.7,18.8,39.4,88.0,,,,,,,0.0,3.4,100.0,0.0
2018-11-26,,,,,,,,,,,,,0.0,3.0,100.0,0.0
2018-11-27,0.0,0.8,98.7,,,,,,,,,,0.0,3.4,100.0,0.0
2018-11-28,,,,98.2,89.6,100.0,2.5,22.0,100.0,,,,0.0,3.9,100.0,0.0
2018-11-29,,,,,,,,,,,,,0.0,3.6,100.0,0.0
2018-11-30,,,,,,,,,,,,,0.0,3.0,100.0,0.0
2018-12-01,0.0,0.4,98.7,,,,,,,,,,0.0,3.0,100.0,0.0
2018-12-02,,,,,,,,,,,,,0.0,2.9,100.0,0.0
2018-12-03,0.0,0.3,98.7,,,,,,,,,,0.0,3.0,100.0,0.0
2018-12-04,,,,,,,,,,,,,0.0,3.6,100.0,0.0
2018-12-05,,,,,,,,,,,,,0.0,4.3,100.0,0.0
2018-12-06,,,,,,,,,,,,,0.0,5.5,100.0,0.0
2018-12-07,0.0,0.4,98.7,,,,,,,,,,0.0,6.9,100.0,0.0
2018-12-08,,,,95.8,79.6,100.0,,,,,,,0.0,12.6,100.0,0.0
2018-12-09,0.0,0.6,98.7,,,,,,,,,,0.0,15.0,100.0,0.0
2018-12-10,,,,,,,,,,,,,0.1,23.8,100.0,0.1
2018-12-11,,,,,,,,,,,,,1.4,28.9,100.0,1.4
2018-12-12,,,,,,,,,,,,,7.8,42.4,100.0,7.8
2018-12-13,0.0,1.0,98.7,96.2,88.2,100.0,,,,,,,15.6,48.9,100.0,15.6
2018-12-14,,,,,,,96.3,85.6,100.0,,,,74.9,64.7,100.0,74.9
2018-12-15,0.0,2.3,98.6,96.5,88.1,100.0,,,,,,,82.3,66.8,100.0,82.3
2018-12-16,,,,,,,,,,,,,94.1,73.0,100.0,94.1
2018-12-17,,,,,,,,,,,,,93.6,73.1,100.0,93.6
2018-12-18,,,,96.0,83.1,100.0,,,,,,,97.1,76.7,100.0,97.1
2018-12-19,0.1,7.1,98.7,,,,,,,,,,96.4,75.4,100.0,96.4
2018-12-20,,,,97.6,91.5,89.2,,,,,,,97.0,77.2,100.0,97.0
2018-12-21,,,,,,,,,,,,,94.0,73.7,100.0,94.0
2018-12-22,,,,,,,,,,,,,91.6,71.9,100.0,91.6
2018-12-23,,,,,,,,,,,,,85.0,68.5,100.0,85.0
2018-12-24,,,,,,,,,,,,,79.5,66.9,100.0,79.5
2018-12-25,0.7,8.5,98.7,,,,,,,,,,70.5,64.2,100.0,70.5
2018-12-26,,,,,,,,,,,,,65.7,62.9,100.0,65.7
2018-12-27,12.3,26.1,98.6,,,,,,,,,,74.7,65.4,100.0,74.7
2018-12-28,,,,97.1,87.5,100.0,,,,,,,76.4,66.2,100.0,76.4
2018-12-29,,,,,,,,,,,,,73.9,65.0,100.0,73.9
2018-12-30,,,,,,,,,,,,,70.0,63.3,100.0,70.0
2018-12-31,54.1,45.9,98.7,,,,,,,,,,78.6,67.9,100.0,78.6
2019-01-01,,,,,,,,,,,,,75.2,66.7,100.0,75.2
2019-01-02,44.8,42.0,99.5,,,,,,,,,,80.0,69.6,100.0,80.0
2019-01-03,,,,,,,,,,,,,80.2,70.4,100.0,80.2
2019-01-04,,,,,,,,,,,,,85.1,74.3,100.0,85.1
2019-01-05,,,,,,,,,,,,,84.5,74.4,100.0,84.5
2019-01-06,16.9,25.7,99.5,,,,,,,,,,87.8,76.2,100.0,87.8
2019-01-07,,,,,,,,,,,,,87.4,76.1,100.0,87.4
2019-01-08,23.6,29.1,99.5,,,,,,,,,,92.5,81.2,100.0,92.5
2019-01-09,,,,,,,,,,,,,92.8,81.3,100.0,92.8
2019-01-10,,,,,,,,,,,,,94.7,84.0,100.0,94.7
2019-01-11,,,,,,,,,,,,,96.5,88.2,100.0,96.5
2019-01-12,29.6,33.6,99.5,,,,,,,,,,97.1,90.7,100.0,97.1
2019-01-13,,,,,,,,,,,,,97.3,92.4,100.0,97.3
2019-01-14,32.5,35.1,99.5,,,,,,,,,,98.1,93.7,100.0,98.1
2019-01-15,,,,,,,,,,,,,98.4,95.0,100.0,98.4
2019-01-16,,,,,,,,,,,,,98.6,95.9,100.0,98.6
2019-01-17,,,,93.4,93.1,100.0,,,,,,,98.8,96.4,100.0,98.8
2019-01-18,27.7,32.3,99.5,,,,,,,,,,99.1,96.9,100.0,99.1
2019-01-19,,,,97.0,97.3,100.0,,,,,,,99.4,97.7,100.0,99.4
2019-01-20,35.7,38.1,99.5,,,,,,,,,,99.7,97.9,100.0,99.7
2019-01-21,,,,,,,,,,,,,99.9,97.8,100.0,99.9
2019-01-22,,,,,,,100.0,100.0,48.4,,,,100.0,98.3,100.0,100.0
2019-01-23,,,,,,,,,,,,,100.0,98.7,100.0,100.0
2019-01-24,69.9,53.3,99.5,100.0,98.3,100.0,,,,,,,100.0,99.1,100.0,100.0
2019-01-25,,,,,,,,,,,,,100.0,99.0,100.0,100.0
2019-01-26,97.0,70.7,99.5,,,,,,,,,,100.0,99.2,100.0,100.0
2019-01-27,,,,,,,,,,,,,100.0,99.2,100.0,100.0
2019-01-28,,,,,,,,,,,,,100.0,99.4,100.0,100.0
2019-01-29,,,,,,,,,,,,,100.0,99.4,100.0,100.0
2019-01-30,99.4,80.7,99.5,,,,,,,,,,100.0,99.5,100.0,100.0
2019-01-31,,,,,,,,,,,,,100.0,99.6,100.0,100.0
2019-02-01,100.0,91.7,99.4,,,,,,,,,,100.0,99.7,100.0,100.0
2019-02-02,,,,,,,,,,,,,100.0,99.8,100.0,100.0
2019-02-03,,,,,,,,,,,,,100.0,99.7,100.0,100.0
2019-02-04,,,,,,,,,,,,,100.0,99.8,100.0,100.0
2019-02-05,100.0,88.6,99.5,,,,,,,,,,100.0,99.9,100.0,100.0
2019-02-06,,,,100.0,100.0,100.0,,,,,,,100.0,99.9,100.0,100.0
2019-02-07,100.0,93.2,99.5,,,,,,,,,,100.0,99.9,100.0,100.0
2019-02-08,,,,100.0,100.0,100.0,,,,,,,100.0,99.9,100.0,100.0
2019-02-09,,,,,,,,,,97.8,63.1,35.2,100.0,99.9,100.0,100.0
2019-02-10,,,,,,,,,,,,,100.0,99.9,100.0,100.0
2019-02-11,99.8,87.6,99.5,,,,,,,,,,100.0,99.9,100.0,100.0
2019-02-12,,,,,,,,,,,,,100.0,99.9,100.0,100.0
2019-02-13,100.0,91.7,99.5,100.0,100.0,100.0,,,,46.7,47.5,100.0,100.0,100.0,100.0,100.0
2019-02-14,,,,,,,,,,,,,100.0,100.0,100.0,100.0
2019-02-15,,,,,,,,,,90.1,67.6,100.0,100.0,100.0,100.0,100.0
2019-02-16,,,,100.0,100.0,100.0,100.0,100.0,100.0,95.1,74.4,100.0,100.0,100.0,100.0,100.0
2019-02-17,99.3,82.6,99.5,,,,,,,99.7,79.9,100.0,100.0,100.0,100.0,100.0
2019-02-18,,,,100.0,99.9,100.0,,,,99.9,85.3,100.0,100.0,100.0,100.0,100.0
2019-02-19,100.0,85.5,99.5,,,,,,,100.0,86.2,74.9,100.0,99.9,100.0,100.0
2019-02-20,,,,,,,,,,99.9,89.0,100.0,100.0,99.9,100.0,100.0
2019-02-21,,,,100.0,98.7,100.0,,,,99.7,89.3,100.0,100.0,99.9,100.0,100.0
2019-02-22,,,,,,,,,,,,,100.0,99.8,100.0,100.0
2019-02-23,99.0,82.0,99.4,,,,,,,100.0,93.8,100.0,100.0,99.8,100.0,100.0
2019-02-24,,,,,,,,,,100.0,95.3,100.0,100.0,99.6,100.0,100.0
2019-02-25,99.9,89.0,99.4,,,,,,,100.0,96.3,100.0,100.0,99.5,100.0,100.0
2019-02-26,,,,98.9,96.8,100.0,,,,100.0,94.4,100.0,100.0,99.3,100.0,100.0
2019-02-27,,,,,,,,,,,,,100.0,98.8,100.0,100.0
2019-02-28,,,,95.4,94.4,100.0,,,,,,,100.0,98.3,100.0,100.0
2019-03-01,95.2,71.2,99.4,,,,,,,,,,100.0,97.3,100.0,100.0
2019-03-02,,,,,,,,,,,,,100.0,96.5,100.0,100.0
2019-03-03,91.9,66.6,99.4,92.9,89.0,100.0,,,,,,,100.0,96.1,100.0,100.0
2019-03-04,,,,,,,,,,99.6,79.0,100.0,99.3,92.1,100.0,99.3
2019-03-05,,,,89.2,72.3,100.0,,,,,,,98.8,91.2,100.0,98.8
2019-03-06,,,,,,,,,,,,,98.8,89.9,100.0,98.8
2019-03-07,47.4,42.3,99.4,,,,,,,,,,98.5,88.2,100.0,98.5
2019-03-08,,,,,,,,,,74.4,56.5,100.0,98.6,85.9,100.0,98.6
2019-03-09,94.7,68.7,99.4,,,,,,,,,,98.2,84.9,100.0,98.2
2019-03-10,,,,,,,,,,,,,98.3,82.4,100.0,98.3
2019-03-11,,,,,,,,,,,,,97.4,80.6,100.0,97.4
2019-03-12,,,,,,,,,,,,,98.6,79.2,100.0,98.6
2019-03-13,78.7,53.9,99.4,1.7,23.4,99.9,,,,,,,98.5,79.0,100.0,98.5
2019-03-14,,,,,,,,,,,,,95.9,73.5,100.0,95.9
2019-03-15,42.6,40.8,99.4,,,,,,,,,,96.2,73.4,100.0,96.2
2019-03-16,,,,,,,,,,,,,93.8,69.0,100.0,93.8
2019-03-17,,,,,,,,,,,,,94.9,70.2,100.0,94.9
2019-03-18,,,,0.1,18.3,100.0,,,,,,,91.3,66.9,100.0,91.3
2019-03-19,6.5,19.7,99.4,,,,,,,,,,89.0,66.7,100.0,89.0
2019-03-20,,,,0.0,10.7,100.0,99.8,94.6,100.0,,,,85.5,65.6,100.0,85.5
2019-03-21,14.1,26.1,99.4,,,,,,,,,,66.1,60.8,100.0,66.1
2019-03-22,,,,,,,,,,,,,16.9,52.9,100.0,16.9
2019-03-23,,,,0.0,6.8,100.0,,,,,,,2.7,44.5,100.0,2.7
2019-03-24,,,,,,,,,,,,,0.0,34.7,100.0,0.0
2019-03-25,7.8,21.8,99.4,,,,,,,,,,0.0,28.6,100.0,0.0
2019-03-26,,,,,,,,,,,,,0.0,24.6,100.0,0.0
2019-03-27,4.0,18.5,99.4,,,,,,,,,,0.0,21.5,100.0,0.0
2019-03-28,,,,0.0,3.1,100.0,,,,,,,0.0,16.7,100.0,0.0
2019-03-29,,,,,,,,,,,,,0.0,12.8,100.0,0.0
2019-03-30,,,,0.0,2.6,100.0,,,,,,,0.0,11.5,100.0,0.0
2019-03-31,1.2,13.3,99.4,,,,,,,,,,0.0,10.1,100.0,0.0
2019-04-01,,,,,,,,,,,,,0.0,9.9,100.0,0.0
2019-04-02,7.5,23.0,99.4,0.0,2.0,100.0,,,,,,,0.0,9.0,100.0,0.0
2019-04-03,,,,,,,,,,,,,0.0,9.7,100.0,0.0
2019-04-04,,,,,,,,,,,,,0.0,10.1,100.0,0.0
2019-04-05,,,,,,,,,,,,,0.0,11.6,100.0,0.0
2019-04-06,2.7,16.1,99.4,,,,,,,,,,0.0,11.4,100.0,0.0
2019-04-07,,,,0.0,2.2,72.9,,,,,,,0.0,10.0,100.0,0.0
2019-04-08,2.4,16.3,99.4,,,,,,,,,,0.0,9.4,100.0,0.0
2019-04-09,,,,,,,,,,,,,0.0,10.8,100.0,0.0
2019-04-10,,,,,,,,,,,,,0.0,10.2,100.0,0.0
2019-04-11,,,,,,,,,,,,,0.0,10.8,100.0,0.0
2019-04-12,1.0,11.3,99.4,,,,,,,,,,0.0,10.0,100.0,0.0
2019-04-13,,,,,,,,,,,,,0.0,10.3,100.0,0.0
2019-04-14,0.3,6.8,99.4,,,,,,,,,,0.0,7.9,100.0,0.0
2019-04-15,,,,,,,,,,,,,0.0,5.6,100.0,0.0
2019-04-16,,,,,,,,,,,,,0.0,4.0,100.0,0.0
2019-04-17,,,,,,,,,,,,,0.0,3.8,100.0,0.0
2019-04-18,,,,,,,,,,,,,0.0,2.1,100.0,0.0
2019-04-19,,,,0.0,0.8,100.0,,,,,,,0.0,2.0,100.0,0.0
2019-04-20,0.4,4.0,99.4,,,,,,,,,,0.0,1.6,100.0,0.0
2019-04-21,,,,,,,0.0,0.2,100.0,,,,0.0,1.8,100.0,0.0
2019-04-22,,,,0.0,0.7,100.0,,,,,,,0.0,1.2,100.0,0.0
2019-04-23,,,,,,,,,,,,,0.0,1.4,100.0,0.0
2019-04-24,0.1,2.4,99.4,,,,,,,,,,0.0,1.0,100.0,0.0
2019-04-25,,,,,,,,,,,,,0.0,1.5,100.0,0.0
2019-04-26,0.3,1.9,99.4,,,,,,,,,,0.0,1.3,100.0,0.0
2019-04-27,,,,,,,,,,,,,0.0,1.8,100.0,0.0
2019-04-28,,,,,,,,,,,,,0.0,1.7,100.0,0.0
2019-04-29,,,,,,,,,,,,,0.0,2.5,100.0,0.0
2019-04-30,0.2,1.5,99.4,,,,,,,,,,0.0,2.1,100.0,0.0
2019-05-01,,,,,,,,,,,,,0.0,2.0,100.0,0.0
2019-05-02,0.3,1.8,99.4,0.0,0.8,92.4,,,,,,,0.0,1.3,100.0,0.0
2019-05-03,,,,,,,,,,,,,0.0,1.3,100.0,0.0
2019-05-04,,,,0.0,3.0,48.4,,,,,,,0.0,0.9,100.0,0.0
2019-05-05,,,,,,,,,,,,,0.0,1.1,100.0,0.0
2019-05-06,0.2,1.8,99.4,,,,,,,,,,0.0,0.8,100.0,0.0
2019-05-07,,,,0.0,1.3,100.0,0.0,0.0,100.0,,,,0.0,0.7,100.0,0.0
2019-05-08,0.6,3.5,99.4,,,,,,,,,,0.0,0.7,100.0,0.0
2019-05-09,,,,,,,,,,,,,0.0,0.8,100.0,0.0
2019-05-10,,,,,,,,,,,,,0.0,0.7,100.0,0.0
2019-05-11,,,,,,,,,,,,,0.0,0.9,100.0,0.0
2019-05-12,0.5,3.2,99.4,,,,,,,,,,0.0,1.1,100.0,0.0
2019-05-13,,,,,,,,,,,,,0.0,1.2,100.0,0.0
2019-05-14,1.6,6.4,99.4,,,,,,,,,,0.0,1.4,100.0,0.0
2019-05-15,,,,,,,,,,,,,0.0,2.4,100.0,0.0
2019-05-16,,,,,,,,,,,,,0.0,3.0,100.0,0.0
2019-05-17,,,,,,,,,,,,,0.0,3.4,100.0,0.0
2019-05-18,1.1,6.1,99.4,,,,,,,0.0,3.1,88.5,0.0,3.0,100.0,0.0
2019-05-19,,,,,,,,,,,,,0.0,3.3,100.0,0.0
2019-05-20,3.5,13.9,99.4,,,,,,,,,,0.0,3.0,100.0,0.0
2019-05-21,,,,,,,,,,,,,0.0,2.9,100.0,0.0
2019-05-22,,,,,,,,,,,,,0.0,3.5,100.0,0.0
2019-05-23,,,,,,,,,,,,,0.0,5.0,100.0,0.0
2019-05-24,5.4,19.0,99.4,0.0,2.1,87.3,,,,,,,0.0,4.8,100.0,0.0
2019-05-25,,,,,,,,,,,,,0.0,5.0,100.0,0.0
2019-05-26,23.2,33.5,99.4,,,,,,,,,,0.0,6.2,100.0,0.0
2019-05-27,,,,,,,,,,,,,0.0,5.8,100.0,0.0
2019-05-28,,,,,,,,,,,,,0.0,5.1,100.0,0.0
2019-05-29,,,,,,,,,,,,,0.0,4.9,100.0,0.0
2019-05-30,12.3,26.5,99.4,,,,,,,,,,0.0,5.9,100.0,0.0
2019-05-31,,,,,,,,,,,,,0.0,5.8,100.0,0.0
2019-06-01,23.7,33.3,99.4,0.0,1.2,100.0,,,,0.0,0.5,100.0,0.0,5.5,100.0,0.0
2019-06-02,,,,,,,,,,,,,0.0,5.2,100.0,0.0
2019-06-03,,,,0.0,1.7,100.0,,,,,,,0.0,4.1,100.0,0.0
2019-06-04,,,,,,,,,,0.0,0.1,100.0,0.0,3.8,100.0,0.0
2019-06-05,12.8,27.0,99.4,,,,,,,0.0,0.0,100.0,0.0,3.7,100.0,0.0
2019-06-06,,,,,,,,,,,,,0.0,3.8,100.0,0.0
2019-06-07,44.4,41.9,99.4,,,,,,,0.0,0.0,92.9,0.0,3.1,100.0,0.0
2019-06-08,,,,,,,,,,0.0,0.0,100.0,0.0,3.2,100.0,0.0
2019-06-09,,,,,,,,,,,,,0.0,3.5,100.0,0.0
2019-06-10,,,,,,,,,,,,,0.0,1.8,100.0,0.0
2019-06-11,26.7,34.6,99.4,0.0,1.5,89.4,,,,,,,0.0,1.4,100.0,0.0
2019-06-12,,,,,,,,,,,,,0.0,1.9,100.0,0.0
2019-06-13,41.4,40.3,99.4,,,,,,,,,,0.0,1.8,100.0,0.0
2019-06-14,,,,,,,,,,,,,0.0,1.0,100.0,0.0
2019-06-15,,,,,,,,,,,,,0.0,0.7,100.0,0.0
2019-06-16,,,,,,,,,,,,,0.0,0.5,100.0,0.0
2019-06-17,22.9,31.6,99.4,,,,,,,0.0,0.0,47.5,0.0,0.4,100.0,0.0
2019-06-18,,,,0.0,1.1,100.0,,,,,,,0.0,0.2,100.0,0.0
2019-06-19,38.8,39.6,99.4,,,,,,,0.0,0.0,100.0,0.0,0.1,100.0,0.0
2019-06-20,,,,,,,,,,,,,0.0,0.1,100.0,0.0
2019-06-21,,,,,,,,,,,,,0.0,0.1,100.0,0.0
2019-06-22,,,,,,,,,,,,,0.0,0.0,100.0,0.0
2019-06-23,26.1,32.2,99.4,0.0,1.3,90.8,,,,,,,0.0,0.0,100.0,0.0
2019-06-24,,,,,,,0.0,0.0,100.0,,,,0.0,0.0,100.0,0.0
2019-06-25,,,,,,,,,,,,,0.0,0.0,100.0,0.0
2019-06-26,,,,0.0,2.4,100.0,,,,0.0,0.0,100.0,0.0,0.0,100.0,0.0
2019-06-27,,,,,,,,,,0.0,0.0,100.0,0.0,0.0,100.0,0.0
2019-06-28,,,,0.0,3.3,100.0,,,,0.0,0.0,100.0,0.0,0.0,100.0,0.0
2019-06-29,25.5,32.6,99.4,,,,,,,,,,0.0,0.1,100.0,0.0
2019-06-30,,,,,,,,,,0.0,0.0,100.0,0.0,0.0,100.0,0.0
2019-07-01,9.8,22.7,99.4,,,,,,,,,,0.0,0.1,100.0,0.0
2019-07-02,,,,,,,,,,0.0,0.0,100.0,0.0,0.0,100.0,0.0
2019-07-03,,,,,,,,,,,,,0.0,0.1,100.0,0.0
2019-07-04,,,,,,,,,,,,,0.0,0.0,100.0,0.0
2019-07-05,13.7,26.3,99.4,,,,,,,,,,0.0,0.1,100.0,0.0
2019-07-06,,,,,,,,,,0.0,0.0,100.0,0.0,0.0,100.0,0.0
2019-07-07,6.8,21.1,99.4,,,,,,,,,,0.0,0.1,100.0,0.0
2019-07-08,,,,,,,,,,,,,0.0,0.0,100.0,0.0
2019-07-09,,,,,,,,,,,,,0.0,0.0,100.0,0.0
2019-07-10,,,,,,,0.0,0.0,72.2,0.0,0.0,100.0,0.0,0.0,100.0,0.0
2019-07-11,11.2,23.2,99.4,,,,,,,,,,0.0,0.0,100.0,0.0
2019-07-12,,,,,,,,,,,,,0.0,0.0,100.0,0.0
2019-07-13,3.3,12.9,99.4,16.8,38.9,41.1,,,,,,,0.0,0.0,100.0,0.0
2019-07-14,,,,,,,,,,,,,0.0,0.0,100.0,0.0
2019-07-15,,,,,,,,,,,,,0.0,0.0,100.0,0.0
2019-07-16,,,,0.1,8.8,87.2,,,,,,,0.0,0.0,100.0,0.0
2019-07-17,2.8,11.8,99.4,,,,0.0,0.0,100.0,,,,0.0,0.0,100.0,0.0
2019-07-18,,,,,,,,,,,,,0.0,0.0,100.0,0.0
2019-07-19,3.4,12.4,99.4,,,,,,,,,,0.0,0.0,100.0,0.0
2019-07-20,,,,,,,,,,,,,0.0,0.0,100.0,0.0
2019-07-21,,,,,,,,,,,,,0.0,0.0,100.0,0.0
2019-07-22,,,,,,,,,,0.0,0.0,100.0,0.0,0.0,100.0,0.0
2019-07-23,3.2,8.3,99.4,0.0,4.1,100.0,,,,,,,0.0,0.0,100.0,0.0
2019-07-24,,,,,,,,,,,,,0.0,0.0,100.0,0.0
2019-07-25,3.0,8.4,99.4,,,,,,,,,,0.0,0.0,100.0,0.0
2019-07-26,,,,0.0,2.2,100.0,0.0,0.0,99.7,,,,0.0,0.0,100.0,0.0
2019-07-27,,,,,,,,,,,,,0.0,0.0,100.0,0.0
2019-07-28,,,,,,,,,,,,,0.0,0.0,100.0,0.0
2019-07-29,2.1,5.7,99.4,,,,,,,,,,0.0,0.0,100.0,0.0
2019-07-30,,,,,,,,,,,,,0.0,0.0,100.0,0.0
2019-07-31,1.6,5.2,99.4,,,,,,,,,,0.0,0.0,100.0,0.0
2019-08-01,,,,,,,,,,,,,0.0,0.0,100.0,0.0
2019-08-02,,,,,,,,,,,,,0.0,0.0,100.0,0.0
2019-08-03,,,,,,,,,,,,,0.0,0.0,100.0,0.0
2019-08-04,1.8,5.2,99.4,,,,,,,0.0,0.0,100.0,0.0,0.0,100.0,0.0
2019-08-05,,,,,,,,,,,,,0.0,0.0,100.0,0.0
2019-08-06,2.3,7.3,99.4,,,,,,,,,,0.0,0.0,100.0,0.0
2019-08-07,,,,,,,,,,,,,0.0,0.0,100.0,0.0
2019-08-08,,,,,,,,,,,,,0.0,0.0,100.0,0.0
2019-08-09,,,,,,,,,,0.0,0.0,100.0,0.0,0.0,100.0,0.0
2019-08-10,1.8,6.8,99.4,,,,,,,,,,0.0,0.0,100.0,0.0
2019-08-11,,,,,,,0.0,0.0,100.0,0.0,0.0,78.7,0.0,0.0,100.0,0.0
2019-08-12,2.6,11.9,99.4,,,,,,,,,,0.0,0.0,100.0,0.0
2019-08-13,,,,,,,,,,,,,0.0,0.0,100.0,0.0
2019-08-14,,,,,,,,,,0.0,0.0,93.5,0.0,0.0,100.0,0.0
2019-08-15,,,,,,,,,,,,,0.0,0.0,100.0,0.0
2019-08-16,3.9,17.0,99.4,,,,,,,0.0,0.0,84.5,0.0,0.0,100.0,0.0
2019-08-17,,,,,,,,,,,,,0.0,0.0,100.0,0.0
2019-08-18,21.6,32.4,99.4,,,,0.0,0.0,100.0,,,,0.0,0.0,100.0,0.0
2019-08-19,,,,,,,,,,,,,0.0,0.0,100.0,0.0
2019-08-20,,,,,,,,,,,,,0.0,0.0,100.0,0.0
2019-08-21,,,,,,,,,,,,,0.0,0.0,100.0,0.0
2019-08-22,29.7,34.2,99.4,,,,,,,,,,0.0,0.0,100.0,0.0
2019-08-23,,,,,,,,,,,,,0.0,0.0,100.0,0.0
2019-08-24,86.6,62.5,99.4,,,,,,,,,,0.0,0.0,100.0,0.0
2019-08-25,,,,,,,,,,0.0,0.0,100.0,0.0,0.0,100.0,0.0
2019-08-26,,,,,,,,,,0.0,0.0,100.0,0.0,0.0,100.0,0.0
2019-08-27,,,,0.0,4.0,100.0,0.0,0.0,100.0,0.0,0.0,100.0,0.0,0.0,100.0,0.0
2019-08-28,85.5,63.1,100.0,,,,,,,,,,0.0,0.0,100.0,0.0
2019-08-29,,,,,,,,,,,,,0.0,0.0,100.0,0.0
2019-08-30,97.4,78.5,100.0,0.0,5.4,100.0,,,,,,,0.0,0.0,100.0,0.0
2019-08-31,,,,,,,,,,0.0,0.0,100.0,0.0,0.0,100.0,0.0
2019-09-01,,,,0.5,16.8,98.8,,,,,,,0.0,0.0,100.0,0.0
2019-09-02,,,,,,,,,,,,,0.0,0.0,100.0,0.0
2019-09-03,91.5,68.0,100.0,,,,0.0,0.0,100.0,0.0,0.0,100.0,0.0,0.0,100.0,0.0
2019-09-04,,,,0.0,5.0,100.0,,,,0.0,0.0,100.0,0.0,0.0,100.0,0.0
2019-09-05,99.1,81.5,100.0,,,,,,,,,,0.0,0.0,100.0,0.0
2019-09-06,,,,,,,,,,,,,0.0,0.0,100.0,0.0
2019-09-07,,,,,,,,,,,,,0.0,0.0,100.0,0.0
2019-09-08,,,,,,,,,,,,,0.0,0.0,100.0,0.0
2019-09-09,97.8,77.2,100.0,,,,,,,,,,0.0,0.0,100.0,0.0
2019-09-10,,,,,,,,,,,,,0.0,0.0,100.0,0.0
2019-09-11,98.8,82.2,100.0,0.0,11.8,55.1,,,,,,,0.0,0.0,100.0,0.0
2019-09-12,,,,,,,,,,,,,0.0,0.0,100.0,0.0
2019-09-13,,,,,,,,,,,,,0.0,0.0,100.0,0.0
2019-09-14,,,,0.0,2.3,100.0,,,,,,,0.0,0.0,100.0,0.0
2019-09-15,96.8,75.4,100.0,,,,,,,,,,0.0,0.0,100.0,0.0
2019-09-16,,,,0.0,3.0,100.0,,,,,,,0.0,0.0,100.0,0.0
2019-09-17,97.5,77.4,100.0,,,,,,,,,,0.0,0.0,100.0,0.0
2019-09-18,,,,,,,,,,,,,0.0,0.0,100.0,0.0
2019-09-19,,,,0.0,3.0,100.0,0.0,0.0,100.0,,,,0.0,0.0,100.0,0.0
2019-09-20,,,,,,,,,,,,,0.0,0.0,100.0,0.0
2019-09-21,96.8,74.4,100.0,0.0,3.9,100.0,,,,,,,0.0,0.0,100.0,0.0
2019-09-22,,,,,,,,,,,,,0.0,0.0,100.0,0.0
2019-09-23,,,,,,,,,,,,,0.0,0.0,100.0,0.0
2019-09-24,,,,,,,,,,,,,0.0,0.0,100.0,0.0
2019-09-25,,,,,,,,,,,,,0.0,0.0,100.0,0.0
2019-09-26,,,,,,,,,,,,,0.0,0.0,100.0,0.0
2019-09-27,92.7,71.2,100.0,,,,,,,,,,0.0,0.0,100.0,0.0
2019-09-28,,,,,,,0.0,0.1,68.6,,,,0.0,0.0,100.0,0.0
2019-09-29,81.1,59.3,100.0,0.0,3.6,100.0,,,,,,,0.0,0.0,100.0,0.0
2019-09-30,,,,,,,,,,,,,0.0,0.0,100.0,0.0
2019-10-01,,,,0.0,3.7,100.0,,,,0.0,0.0,100.0,0.0,0.0,100.0,0.0
2019-10-02,,,,,,,,,,,,,0.0,0.1,100.0,0.0
2019-10-03,71.3,50.9,100.0,,,,,,,,,,0.0,0.1,100.0,0.0
2019-10-04,,,,,,,,,,,,,0.0,0.1,100.0,0.0
2019-10-05,69.7,50.6,100.0,,,,,,,,,,0.0,0.1,100.0,0.0
2019-10-06,,,,,,,,,,,,,0.0,0.2,100.0,0.0
2019-10-07,,,,,,,,,,,,,0.0,0.2,100.0,0.0
2019-10-08,,,,,,,,,,,,,0.0,0.2,100.0,0.0
2019-10-09,60.8,46.7,100.0,,,,,,,,,,0.0,0.1,100.0,0.0
2019-10-10,,,,,,,,,,,,,0.0,0.3,100.0,0.0
2019-10-11,79.5,56.1,100.0,0.1,5.5,100.0,,,,,,,0.0,0.3,100.0,0.0
2019-10-12,,,,,,,,,,,,,0.0,0.2,100.0,0.0
2019-10-13,,,,,,,,,,,,,0.0,0.1,100.0,0.0
2019-10-14,,,,,,,,,,,,,0.0,0.2,100.0,0.0
2019-10-15,3.0,18.7,100.0,,,,,,,,,,0.0,0.2,100.0,0.0
2019-10-16,,,,0.0,5.4,100.0,,,,0.0,0.0,100.0,0.0,0.2,100.0,0.0
2019-10-17,0.7,12.2,100.0,,,,,,,0.0,0.0,100.0,0.0,0.2,100.0,0.0
2019-10-18,,,,,,,,,,,,,0.0,0.2,100.0,0.0
2019-10-19,,,,,,,,,,,,,0.0,0.2,100.0,0.0
2019-10-20,,,,,,,,,,0.0,0.0,100.0,0.0,0.2,100.0,0.0
2019-10-21,0.2,4.1,100.0,,,,,,,,,,0.0,0.2,100.0,0.0
2019-10-22,,,,,,,0.0,2.3,71.2,,,,0.0,0.2,100.0,0.0
2019-10-23,0.3,4.8,100.0,,,,,,,0.0,0.0,100.0,0.0,0.2,100.0,0.0
2019-10-24,,,,,,,,,,,,,0.0,0.2,100.0,0.0
2019-10-25,,,,,,,,,,,,,0.0,0.3,100.0,0.0
2019-10-26,,,,0.1,6.6,100.0,,,,0.0,0.1,100.0,0.0,0.2,100.0,0.0
2019-10-27,0.6,3.1,100.0,,,,,,,0.0,0.1,100.0,0.0,0.2,100.0,0.0
2019-10-28,,,,,,,,,,,,,0.0,0.2,100.0,0.0
2019-10-29,0.3,2.9,100.0,,,,,,,,,,0.0,0.4,100.0,0.0
2019-10-30,,,,,,,,,,,,,0.0,0.3,100.0,0.0
2019-10-31,,,,,,,,,,,,,0.0,0.4,100.0,0.0
2019-11-01,,,,,,,,,,0.0,0.2,100.0,0.0,0.3,100.0,0.0
2019-11-02,0.4,2.8,100.0,,,,,,,,,,0.0,0.5,100.0,0.0
2019-11-03,,,,,,,,,,,,,0.0,0.4,100.0,0.0
2019-11-04,0.4,3.3,100.0,,,,,,,,,,0.0,0.6,100.0,0.0
2019-11-05,,,,,,,,,,,,,0.0,0.7,100.0,0.0
2019-11-06,,,,,,,,,,,,,0.0,0.9,100.0,0.0
2019-11-07,,,,,,,,,,,,,0.0,0.9,100.0,0.0
2019-11-08,0.8,3.6,99.9,,,,,,,,,,0.0,1.1,100.0,0.0
2019-11-09,,,,,,,,,,,,,0.0,1.3,100.0,0.0
2019-11-10,1.2,5.5,100.0,0.1,8.7,100.0,,,,0.0,0.3,100.0,0.0,1.2,100.0,0.0
2019-11-11,,,,,,,,,,,,,0.0,1.4,100.0,0.0
2019-11-12,,,,,,,,,,,,,0.0,1.7,100.0,0.0
2019-11-13,,,,,,,,,,,,,0.0,1.8,100.0,0.0
2019-11-14,1.1,4.6,100.0,,,,,,,,,,0.0,2.0,100.0,0.0
2019-11-15,,,,,,,,,,,,,0.0,1.8,100.0,0.0
2019-11-16,1.2,4.0,100.0,,,,,,,,,,0.0,2.1,100.0,0.0
2019-11-17,,,,,,,,,,,,,0.0,2.0,100.0,0.0
2019-11-18,,,,0.1,17.1,100.0,,,,,,,0.0,1.6,100.0,0.0
2019-11-19,,,,,,,,,,,,,0.0,1.5,100.0,0.0
2019-11-20,1.7,5.3,100.0,,,,,,,,,,0.0,1.8,100.0,0.0
2019-11-21,,,,,,,,,,,,,0.0,1.6,100.0,0.0
2019-11-22,2.1,6.0,100.0,,,,,,,,,,0.0,1.5,100.0,0.0
2019-11-23,,,,,,,,,,,,,0.0,1.2,100.0,0.0
2019-11-24,,,,,,,,,,,,,0.0,1.3,100.0,0.0
2019-11-25,,,,,,,,,,,,,0.0,1.2,100.0,0.0
2019-11-26,2.0,7.7,100.0,,,,,,,,,,0.0,1.5,100.0,0.0
2019-11-27,,,,,,,,,,,,,0.0,1.3,100.0,0.0
2019-11-28,1.9,5.9,100.0,,,,,,,,,,0.0,1.9,100.0,0.0
2019-11-29,,,,,,,,,,,,,0.0,1.9,100.0,0.0
2019-11-30,,,,,,,,,,,,,0.0,2.2,100.0,0.0
2019-12-01,,,,,,,,,,,,,0.0,1.9,100.0,0.0
2019-12-02,1.0,5.0,100.0,,,,,,,,,,0.0,2.6,100.0,0.0
2019-12-03,,,,41.9,45.3,100.0,,,,,,,0.0,2.8,100.0,0.0
2019-12-04,2.3,6.9,100.0,,,,,,,0.0,1.2,100.0,0.0,3.0,100.0,0.0
2019-12-05,,,,75.8,56.1,100.0,,,,,,,0.0,2.9,100.0,0.0
2019-12-06,,,,,,,,,,,,,0.0,3.6,100.0,0.0
2019-12-07,,,,,,,,,,,,,0.0,3.9,100.0,0.0
2019-12-08,2.0,8.1,100.0,40.1,47.0,100.0,0.0,7.4,100.0,,,,0.0,5.3,100.0,0.0
2019-12-09,,,,,,,,,,0.0,2.1,100.0,0.0,4.1,100.0,0.0
2019-12-10,5.7,16.1,100.0,92.8,66.4,64.9,,,,,,,0.0,6.1,100.0,0.0
2019-12-11,,,,,,,,,,,,,0.0,5.3,100.0,0.0
2019-12-12,,,,,,,,,,,,,0.0,8.5,100.0,0.0
2019-12-13,,,,,,,,,,,,,0.0,7.1,100.0,0.0
2019-12-14,2.7,11.0,100.0,,,,,,,,,,0.0,9.8,100.0,0.0
2019-12-15,,,,10.6,34.8,100.0,,,,0.0,4.7,100.0,0.0,7.4,100.0,0.0
2019-12-16,8.2,17.6,100.0,,,,,,,,,,0.0,11.6,100.0,0.0
2019-12-17,,,,,,,,,,,,,0.0,8.2,100.0,0.0
2019-12-18,,,,,,,,,,,,,0.0,11.5,100.0,0.0
2019-12-19,,,,,,,,,,0.0,6.1,100.0,0.0,9.1,100.0,0.0
2019-12-20,6.4,16.4,100.0,,,,,,,,,,0.0,14.5,100.0,0.0
2019-12-21,,,,,,,,,,,,,0.0,12.4,100.0,0.0
2019-12-22,7.9,15.1,100.0,,,,,,,,,,0.0,19.0,100.0,0.0
2019-12-23,,,,39.4,43.4,77.7,,,,,,,0.0,17.5,100.0,0.0
2019-12-24,,,,,,,,,,,,,0.0,25.5,100.0,0.0
2019-12-25,,,,,,,,,,0.0,14.7,44.5,0.0,25.3,100.0,0.0
2019-12-26,2.3,8.0,100.0,,,,,,,0.1,14.1,100.0,0.0,34.2,100.0,0.0
2019-12-27,,,,,,,,,,,,,0.0,35.7,100.0,0.0
2019-12-28,3.3,7.1,100.0,,,,,,,,,,1.4,43.9,100.0,1.4
2019-12-29,,,,,,,,,,0.1,13.9,100.0,3.2,47.1,100.0,3.2
2019-12-30,,,,28.4,42.4,100.0,,,,,,,32.3,52.7,100.0,32.3
2019-12-31,,,,,,,,,,,,,30.0,53.4,100.0,30.0
2020-01-01,3.3,8.2,97.9,,,,,,,,,,39.3,53.8,100.0,39.3
2020-01-02,,,,21.5,41.2,100.0,79.7,59.0,100.0,,,,75.4,60.7,100.0,75.4
2020-01-03,3.6,9.1,97.9,,,,,,,,,,49.8,55.9,100.0,49.8
2020-01-04,,,,,,,,,,,,,72.7,59.9,100.0,72.7
2020-01-05,,,,,,,,,,,,,48.7,55.6,100.0,48.7
2020-01-06,,,,,,,,,,,,,57.3,57.3,100.0,57.3
2020-01-07,0.6,5.3,97.9,,,,,,,,,,28.1,53.0,100.0,28.1
2020-01-08,,,,,,,,,,,,,52.0,57.1,100.0,52.0
2020-01-09,0.1,3.9,97.9,26.0,41.6,100.0,15.9,32.6,100.0,,,,45.1,56.6,100.0,45.1
2020-01-10,,,,,,,,,,,,,41.5,56.6,100.0,41.5
2020-01-11,,,,,,,,,,,,,32.3,55.7,100.0,32.3
2020-01-12,,,,2.4,28.0,100.0,,,,,,,66.5,59.6,100.0,66.5
2020-01-13,5.6,16.7,97.9,,,,,,,,,,90.0,65.3,100.0,90.0
2020-01-14,,,,28.4,45.1,100.0,,,,0.4,17.1,70.2,88.1,63.7,100.0,88.1
2020-01-15,86.8,56.2,97.9,,,,,,,,,,93.4,68.5,100.0,93.4
2020-01-16,,,,,,,,,,3.7,21.2,100.0,92.0,67.2,100.0,92.0
2020-01-17,,,,48.2,46.0,100.0,,,,,,,95.8,74.6,100.0,95.8
2020-01-18,,,,,,,,,,,,,94.9,73.0,100.0,94.9
2020-01-19,85.5,61.5,97.9,,,,,,,,,,96.5,77.3,100.0,96.5
2020-01-20,,,,,,,,,,,,,96.2,77.2,100.0,96.2
2020-01-21,98.8,73.3,97.9,,,,,,,,,,97.7,81.5,100.0,97.7
2020-01-22,,,,63.7,66.3,100.0,,,,,,,97.4,81.8,100.0,97.4
2020-01-23,,,,,,,,,,,,,97.8,82.7,100.0,97.8
2020-01-24,,,,54.6,58.5,100.0,,,,,,,97.5,81.8,100.0,97.5
2020-01-25,98.9,76.6,97.9,,,,,,,,,,98.5,84.4,100.0,98.5
2020-01-26,,,,,,,26.5,38.1,35.1,,,,98.7,83.7,100.0,98.7
2020-01-27,99.5,86.0,97.9,48.9,40.0,100.0,,,,,,,99.0,85.1,100.0,99.0
2020-01-28,,,,,,,,,,,,,98.8,83.1,100.0,98.8
2020-01-29,,,,,,,,,,,,,99.0,82.7,100.0,99.0
2020-01-30,,,,,,,,,,,,,99.2,83.5,100.0,99.2
2020-01-31,98.2,80.8,97.9,,,,,,,18.2,31.9,100.0,98.9,82.0,100.0,98.9
2020-02-01,98.9,79.6,53.1,1.3,28.3,100.0,,,,,,,98.6,82.0,100.0,98.6
2020-02-02,,,,,,,,,,,,,97.6,75.6,100.0,97.6
2020-02-03,,,,,,,,,,,,,98.0,77.2,100.0,98.0
2020-02-04,,,,,,,,,,,,,95.3,72.3,100.0,95.3
2020-02-05,,,,,,,,,,,,,97.5,76.7,100.0,97.5
2020-02-06,96.3,72.6,97.9,44.3,48.7,100.0,,,,,,,95.0,73.1,100.0,95.0
2020-02-07,,,,,,,,,,56.6,52.0,100.0,96.7,76.6,100.0,96.7
2020-02-08,96.0,70.6,97.8,69.4,51.3,100.0,,,,97.8,78.8,98.4,95.8,76.0,100.0,95.8
2020-02-09,,,,,,,,,,,,,96.9,79.6,100.0,96.9
2020-02-10,,,,,,,,,,,,,95.3,75.7,100.0,95.3
2020-02-11,,,,,,,,,,98.9,87.3,70.0,96.1,78.7,100.0,96.1
2020-02-12,96.2,76.1,97.9,,,,,,,,,,96.0,79.5,100.0,96.0
2020-02-13,98.1,83.3,52.0,94.6,76.9,100.0,,,,98.5,87.3,100.0,96.2,81.3,100.0,96.2
2020-02-14,88.8,65.8,97.9,,,,,,,,,,95.4,79.6,100.0,95.4
2020-02-15,,,,,,,,,,98.6,88.3,100.0,95.3,78.2,100.0,95.3
2020-02-16,,,,,,,,,,,,,95.3,78.2,100.0,95.3
2020-02-17,,,,,,,,,,,,,94.0,75.7,100.0,94.0
2020-02-18,74.5,53.9,97.8,3.2,31.3,100.0,,,,,,,92.8,75.4,100.0,92.8
2020-02-19,,,,,,,,,,98.8,83.8,100.0,90.3,70.5,100.0,90.3
2020-02-20,61.1,49.2,100.0,,,,,,,98.6,76.3,100.0,90.6,72.8,100.0,90.6
2020-02-21,,,,0.4,19.0,100.0,,,,,,,88.1,69.2,100.0,88.1
2020-02-22,,,,,,,,,,98.9,80.4,100.0,83.3,66.3,100.0,83.3
2020-02-23,,,,,,,,,,97.0,74.3,100.0,71.6,62.0,100.0,71.6
2020-02-24,70.5,55.2,99.9,,,,,,,,,,69.5,61.4,100.0,69.5
2020-02-25,75.5,53.6,59.1,,,,,,,,,,55.2,58.2,100.0,55.2
2020-02-26,24.1,32.4,100.0,,,,,,,,,,37.6,52.2,100.0,37.6
2020-02-27,,,,,,,,,,99.9,77.8,100.0,16.9,44.6,100.0,16.9
2020-02-28,,,,,,,,,,,,,6.6,39.1,100.0,6.6
2020-02-29,,,,,,,,,,,,,4.1,37.6,100.0,4.1
2020-03-01,7.1,19.7,100.0,,,,,,,97.4,73.1,100.0,0.9,30.3,100.0,0.9
2020-03-02,,,,,,,,,,100.0,82.8,100.0,0.4,27.3,100.0,0.4
2020-03-03,3.9,16.6,100.0,,,,,,,,,,0.4,25.0,100.0,0.4
2020-03-04,,,,0.0,7.7,100.0,,,,,,,0.4,26.4,100.0,0.4
2020-03-05,,,,,,,,,,,,,0.1,19.5,100.0,0.1
2020-03-06,,,,,,,,,,,,,0.0,19.2,100.0,0.0
2020-03-07,15.8,21.3,100.0,,,,,,,,,,0.1,17.7,100.0,0.1
2020-03-08,11.2,24.1,58.0,,,,,,,,,,0.1,18.5,100.0,0.1
2020-03-09,1.6,6.5,100.0,,,,,,,,,,0.0,15.5,100.0,0.0
2020-03-10,,,,,,,,,,,,,0.0,15.6,100.0,0.0
2020-03-11,,,,,,,,,,,,,0.0,13.8,100.0,0.0
2020-03-12,,,,,,,,,,,,,0.0,15.5,100.0,0.0
2020-03-13,1.0,3.1,100.0,,,,,,,43.8,46.6,100.0,0.0,12.0,100.0,0.0
2020-03-14,,,,,,,,,,66.2,54.4,100.0,0.0,13.2,100.0,0.0
2020-03-15,0.7,3.2,99.9,,,,,,,,,,0.0,11.9,100.0,0.0
2020-03-16,,,,,,,,,,,,,0.0,12.5,100.0,0.0
2020-03-17,,,,,,,,,,,,,0.0,10.8,100.0,0.0
2020-03-18,,,,,,,,,,3.0,16.7,100.0,0.0,10.7,100.0,0.0
2020-03-19,1.3,4.9,99.9,0.0,3.2,100.0,,,,,,,0.0,10.0,100.0,0.0
2020-03-20,1.0,7.5,55.6,,,,,,,,,,0.0,10.7,100.0,0.0
2020-03-21,0.7,4.6,100.0,,,,,,,,,,0.0,11.4,100.0,0.0
2020-03-22,,,,,,,,,,,,,0.0,14.0,100.0,0.0
2020-03-23,,,,,,,,,,,,,0.0,14.3,100.0,0.0
2020-03-24,,,,0.0,3.2,100.0,,,,,,,0.0,12.1,100.0,0.0
2020-03-25,0.3,2.9,100.0,,,,,,,,,,0.0,12.0,100.0,0.0
2020-03-26,,,,,,,,,,0.7,14.6,100.0,0.0,12.8,100.0,0.0
2020-03-27,0.8,4.5,100.0,0.0,2.8,100.0,,,,,,,0.0,12.8,100.0,0.0
2020-03-28,,,,,,,,,,,,,0.0,11.0,100.0,0.0
2020-03-29,,,,,,,,,,,,,0.0,10.4,100.0,0.0
2020-03-30,,,,,,,,,,,,,0.0,10.7,100.0,0.0
2020-03-31,2.0,10.5,100.0,,,,,,,,,,0.0,9.3,100.0,0.0
2020-04-01,7.0,22.0,53.6,0.0,2.6,100.0,,,,,,,0.0,6.9,100.0,0.0
2020-04-02,2.7,12.6,100.0,,,,,,,0.0,0.7,90.6,0.0,5.0,100.0,0.0
2020-04-03,,,,0.0,5.4,100.0,,,,,,,0.0,5.4,100.0,0.0
2020-04-04,,,,,,,,,,0.0,1.8,43.0,0.0,3.5,100.0,0.0
2020-04-05,,,,,,,,,,0.0,1.0,100.0,0.0,3.4,100.0,0.0
2020-04-06,9.1,18.3,100.0,0.0,3.7,100.0,,,,0.0,0.4,100.0,0.0,2.6,100.0,0.0
2020-04-07,,,,,,,0.0,0.2,100.0,0.0,0.1,53.7,0.0,3.0,100.0,0.0
2020-04-08,7.1,15.5,100.0,0.0,5.2,100.0,,,,0.0,0.1,68.3,0.0,2.0,100.0,0.0
2020-04-09,,,,,,,,,,,,,0.0,1.8,100.0,0.0
2020-04-10,,,,,,,,,,0.0,0.1,100.0,0.0,1.3,100.0,0.0
2020-04-11,,,,0.0,4.8,100.0,,,,,,,0.0,2.1,100.0,0.0
2020-04-12,1.5,8.0,100.0,,,,,,,0.0,0.0,100.0,0.0,1.4,100.0,0.0
2020-04-13,0.9,3.6,56.0,0.0,4.8,100.0,,,,,,,0.0,1.6,100.0,0.0
2020-04-14,0.6,2.9,100.0,,,,,,,,,,0.0,1.5,100.0,0.0
2020-04-15,,,,,,,,,,0.0,0.0,100.0,0.0,2.1,100.0,0.0
2020-04-16,,,,0.0,3.1,100.0,,,,,,,0.0,1.6,100.0,0.0
2020-04-17,,,,,,,,,,0.0,0.0,100.0,0.0,1.0,100.0,0.0
2020-04-18,0.6,2.0,100.0,0.0,2.1,100.0,,,,0.0,0.0,100.0,0.0,0.6,100.0,0.0
2020-04-19,,,,,,,,,,,,,0.0,0.8,100.0,0.0
2020-04-20,0.2,1.7,100.0,,,,,,,,,,0.0,0.5,100.0,0.0
2020-04-21,,,,0.0,2.5,96.8,,,,,,,0.0,0.6,100.0,0.0
2020-04-22,,,,,,,,,,0.0,0.0,100.0,0.0,0.4,100.0,0.0
2020-04-23,,,,0.0,2.5,100.0,0.0,0.0,100.0,0.0,0.0,100.0,0.0,0.5,100.0,0.0
2020-04-24,0.2,1.0,100.0,,,,,,,0.0,0.0,100.0,0.0,0.4,100.0,0.0
2020-04-25,0.0,0.7,58.5,,,,,,,0.0,0.0,45.3,0.0,0.3,100.0,0.0
2020-04-26,0.2,1.2,100.0,0.0,2.0,100.0,,,,0.0,0.0,100.0,0.0,0.2,100.0,0.0
2020-04-27,,,,,,,,,,,,,0.0,0.4,100.0,0.0
2020-04-28,,,,,,,,,,,,,0.0,0.4,100.0,0.0
2020-04-29,,,,,,,,,,,,,0.0,0.5,100.0,0.0
2020-04-30,0.7,1.4,100.0,,,,,,,,,,0.0,0.5,100.0,0.0
2020-05-01,,,,,,,,,,,,,0.0,0.8,100.0,0.0
2020-05-02,0.5,1.6,99.9,,,,,,,,,,0.0,0.7,100.0,0.0
2020-05-03,,,,,,,,,,0.0,0.0,100.0,0.0,0.6,100.0,0.0
2020-05-04,,,,,,,,,,,,,0.0,0.6,100.0,0.0
2020-05-05,,,,,,,,,,,,,0.0,0.7,100.0,0.0
2020-05-06,0.7,1.6,100.0,,,,,,,,,,0.0,0.5,100.0,0.0
2020-05-07,1.3,2.3,66.7,,,,,,,,,,0.0,0.7,100.0,0.0
2020-05-08,1.4,3.7,100.0,0.0,1.1,100.0,,,,,,,0.0,0.6,100.0,0.0
2020-05-09,,,,,,,0.0,0.0,90.3,,,,0.0,0.8,100.0,0.0
2020-05-10,,,,,,,,,,,,,0.0,0.6,100.0,0.0
2020-05-11,,,,,,,,,,,,,0.0,0.9,100.0,0.0
2020-05-12,1.4,3.9,100.0,,,,,,,,,,0.0,0.8,100.0,0.0
2020-05-13,,,,,,,,,,,,,0.0,1.1,100.0,0.0
2020-05-14,1.4,4.2,99.9,,,,,,,,,,0.0,0.7,100.0,0.0
2020-05-15,,,,,,,,,,,,,0.0,1.1,100.0,0.0
2020-05-16,,,,,,,,,,,,,0.0,1.3,100.0,0.0
2020-05-17,,,,,,,,,,0.0,0.0,96.2,0.0,1.7,100.0,0.0
2020-05-18,1.6,4.2,100.0,0.0,0.9,100.0,,,,,,,0.0,1.1,100.0,0.0
2020-05-19,4.0,7.5,63.5,,,,,,,,,,0.0,1.3,100.0,0.0
2020-05-20,2.4,6.6,100.0,,,,,,,,,,0.0,1.2,100.0,0.0
2020-05-21,,,,0.0,1.2,88.4,,,,,,,0.0,1.8,100.0,0.0
2020-05-22,,,,,,,,,,,,,0.0,1.2,100.0,0.0
2020-05-23,,,,,,,,,,,,,0.0,1.1,100.0,0.0
2020-05-24,1.9,4.3,100.0,,,,,,,,,,0.0,1.0,100.0,0.0
2020-05-25,,,,,,,,,,,,,0.0,1.0,100.0,0.0
2020-05-26,1.8,4.6,100.0,0.0,1.2,100.0,,,,,,,0.0,0.5,100.0,0.0
2020-05-27,,,,,,,,,,,,,0.0,0.4,100.0,0.0
2020-05-28,,,,,,,,,,,,,0.0,0.2,100.0,0.0
2020-05-29,,,,,,,,,,,,,0.0,0.2,100.0,0.0
2020-05-30,3.3,8.6,100.0,,,,,,,,,,0.0,0.2,100.0,0.0
2020-05-31,5.7,15.9,59.6,0.0,1.7,100.0,,,,0.0,0.0,100.0,0.0,0.1,100.0,0.0
2020-06-01,2.8,9.9,100.0,,,,0.0,0.0,100.0,0.0,0.0,100.0,0.0,0.1,100.0,0.0
2020-06-02,,,,0.0,1.6,100.0,,,,,,,0.0,0.1,100.0,0.0
2020-06-03,,,,,,,,,,,,,0.0,0.1,100.0,0.0
2020-06-04,,,,,,,,,,,,,0.0,0.1,100.0,0.0
2020-06-05,1.9,6.5,100.0,0.0,2.0,88.1,,,,,,,0.0,0.3,100.0,0.0
2020-06-06,,,,,,,,,,,,,0.0,0.3,100.0,0.0
2020-06-07,2.3,8.5,100.0,,,,,,,,,,0.0,0.4,100.0,0.0
2020-06-08,,,,,,,,,,,,,0.0,0.6,100.0,0.0
2020-06-09,,,,,,,,,,,,,0.0,0.8,100.0,0.0
2020-06-10,,,,,,,,,,,,,0.0,0.9,100.0,0.0
2020-06-11,3.2,10.0,100.0,,,,,,,,,,0.0,0.9,100.0,0.0
2020-06-12,5.9,17.4,61.2,0.0,0.8,100.0,,,,0.0,0.0,100.0,0.0,0.8,100.0,0.0
2020-06-13,3.2,10.9,100.0,,,,,,,0.0,0.0,100.0,0.0,0.9,100.0,0.0
2020-06-14,,,,,,,,,,,,,0.0,1.0,100.0,0.0
2020-06-15,,,,,,,,,,,,,0.0,0.9,100.0,0.0
2020-06-16,,,,,,,,,,,,,0.0,0.9,100.0,0.0
2020-06-17,2.5,6.9,100.0,,,,,,,,,,0.0,1.3,100.0,0.0
2020-06-18,,,,,,,,,,,,,0.0,1.0,100.0,0.0
2020-06-19,3.4,8.3,100.0,,,,,,,,,,0.0,0.9,100.0,0.0
2020-06-20,,,,,,,,,,,,,0.0,1.0,100.0,0.0
2020-06-21,,,,,,,,,,0.0,0.0,100.0,0.0,0.8,100.0,0.0
2020-06-22,,,,,,,,,,,,,0.0,1.0,100.0,0.0
2020-06-23,3.6,6.9,100.0,,,,,,,0.0,0.0,99.2,0.0,0.8,100.0,0.0
2020-06-24,,,,,,,,,,,,,0.0,1.0,100.0,0.0
2020-06-25,3.1,8.0,99.9,0.0,0.8,100.0,,,,0.0,0.0,100.0,0.0,0.9,100.0,0.0
2020-06-26,,,,,,,0.0,0.0,56.8,0.0,0.0,70.4,0.0,1.0,100.0,0.0
2020-06-27,,,,0.0,1.5,42.9,,,,0.0,0.0,83.6,0.0,0.7,100.0,0.0
2020-06-28,,,,,,,,,,0.0,0.0,100.0,0.0,0.5,100.0,0.0
2020-06-29,2.9,7.2,100.0,,,,,,,,,,0.0,0.5,100.0,0.0
2020-06-30,,,,,,,,,,0.0,0.0,100.0,0.0,0.4,100.0,0.0
2020-07-01,3.6,9.0,100.0,,,,,,,0.0,0.0,100.0,0.0,0.3,100.0,0.0
2020-07-02,,,,0.0,1.0,45.4,,,,,,,0.0,0.3,100.0,0.0
2020-07-03,,,,,,,,,,,,,0.0,0.3,100.0,0.0
2020-07-04,,,,,,,,,,0.0,0.0,100.0,0.0,0.3,100.0,0.0
2020-07-05,4.9,8.8,100.0,,,,,,,0.0,0.0,100.0,0.0,0.3,100.0,0.0
2020-07-06,7.0,10.5,67.8,,,,,,,,,,0.0,0.2,100.0,0.0
2020-07-07,6.6,11.4,99.9,0.0,0.7,94.9,,,,,,,0.0,0.2,100.0,0.0
2020-07-08,,,,,,,,,,0.0,0.0,100.0,0.0,0.1,100.0,0.0
2020-07-09,,,,,,,,,,0.0,0.0,97.1,0.0,0.1,100.0,0.0
2020-07-10,,,,0.0,1.3,100.0,,,,,,,0.0,0.1,100.0,0.0
2020-07-11,4.5,8.1,100.0,,,,,,,,,,0.0,0.1,100.0,0.0
2020-07-12,,,,0.0,0.8,100.0,0.0,0.0,82.0,,,,0.0,0.1,100.0,0.0
2020-07-13,3.4,6.2,100.0,,,,,,,,,,0.0,0.0,100.0,0.0
2020-07-14,,,,,,,,,,,,,0.0,0.0,100.0,0.0
2020-07-15,,,,,,,,,,,,,0.0,0.0,100.0,0.0
2020-07-16,,,,,,,,,,,,,0.0,0.0,100.0,0.0
2020-07-17,2.4,4.5,98.4,,,,,,,,,,0.0,0.0,100.0,0.0
2020-07-18,2.1,4.1,63.5,,,,,,,,,,0.0,0.0,100.0,0.0
2020-07-19,2.2,5.2,98.4,,,,0.0,0.0,94.7,,,,0.0,0.0,100.0,0.0
2020-07-20,,,,0.0,1.2,100.0,,,,,,,0.0,0.0,100.0,0.0
2020-07-21,,,,,,,,,,,,,0.0,0.0,100.0,0.0
2020-07-22,,,,,,,,,,,,,0.0,0.0,100.0,0.0
2020-07-23,2.2,5.3,98.4,,,,,,,,,,0.0,0.0,100.0,0.0
2020-07-24,,,,,,,,,,,,,0.0,0.0,100.0,0.0
2020-07-25,4.1,9.4,98.4,,,,,,,0.0,0.0,100.0,0.0,0.0,100.0,0.0
2020-07-26,,,,,,,,,,,,,0.0,0.0,100.0,0.0
2020-07-27,,,,0.0,1.2,100.0,,,,,,,0.0,0.0,100.0,0.0
2020-07-28,,,,,,,0.0,0.0,100.0,,,,0.0,0.0,100.0,0.0
2020-07-29,3.6,8.7,98.4,,,,,,,,,,0.0,0.0,100.0,0.0
2020-07-30,,,,0.0,1.6,100.0,,,,,,,0.0,0.0,100.0,0.0
2020-07-31,7.2,16.4,98.4,,,,,,,,,,0.0,0.0,100.0,0.0
2020-08-01,,,,0.0,3.4,100.0,,,,,,,0.0,0.0,100.0,0.0
2020-08-02,,,,,,,,,,,,,0.0,0.0,100.0,0.0
2020-08-03,,,,,,,,,,,,,0.0,0.0,100.0,0.0
2020-08-04,4.4,13.4,98.4,,,,,,,,,,0.0,0.0,100.0,0.0
2020-08-05,,,,,,,,,,0.0,0.0,100.0,0.0,0.0,100.0,0.0
2020-08-06,6.3,16.2,98.4,0.0,4.4,93.6,,,,0.0,0.0,100.0,0.0,0.0,100.0,0.0
2020-08-07,,,,,,,,,,0.0,0.0,100.0,0.0,0.0,100.0,0.0
2020-08-08,,,,,,,,,,0.0,0.0,100.0,0.0,0.0,100.0,0.0
2020-08-09,,,,0.0,4.2,100.0,,,,0.0,0.0,100.0,0.0,0.0,100.0,0.0
2020-08-10,6.1,14.9,98.4,,,,,,,0.0,0.0,100.0,0.0,0.0,100.0,0.0
2020-08-11,9.3,20.6,52.2,0.0,5.1,100.0,,,,0.0,0.0,100.0,0.0,0.0,100.0,0.0
2020-08-12,8.5,19.0,98.4,,,,,,,0.0,0.0,34.7,0.0,0.0,100.0,0.0
2020-08-13,,,,,,,,,,,,,0.0,0.0,100.0,0.0
2020-08-14,,,,,,,,,,,,,0.0,0.0,100.0,0.0
2020-08-15,,,,,,,,,,0.0,0.0,100.0,0.0,0.0,100.0,0.0
2020-08-16,7.7,21.4,98.4,0.0,3.6,100.0,,,,0.0,0.0,80.8,0.0,0.0,100.0,0.0
2020-08-17,,,,,,,,,,,,,0.0,0.0,100.0,0.0
2020-08-18,20.3,31.2,98.4,,,,,,,,,,0.0,0.0,100.0,0.0
2020-08-19,,,,0.0,3.7,100.0,,,,0.0,0.0,99.8,0.0,0.0,100.0,0.0
2020-08-20,,,,,,,0.0,0.0,100.0,0.0,0.0,100.0,0.0,0.0,100.0,0.0
2020-08-21,,,,0.0,3.2,100.0,,,,0.0,0.0,100.0,0.0,0.0,100.0,0.0
2020-08-22,39.2,39.5,98.4,,,,,,,0.0,0.0,58.0,0.0,0.0,100.0,0.0
2020-08-23,36.6,38.0,57.4,,,,,,,,,,0.0,0.0,100.0,0.0
2020-08-24,41.8,40.2,98.4,,,,,,,,,,0.0,0.0,100.0,0.0
2020-08-25,,,,,,,,,,0.0,0.0,100.0,0.0,0.0,100.0,0.0
2020-08-26,,,,0.0,2.4,100.0,,,,0.0,0.0,100.0,0.0,0.0,100.0,0.0
2020-08-27,,,,,,,,,,,,,0.0,0.0,100.0,0.0
2020-08-28,12.8,26.3,98.4,,,,0.0,0.0,58.9,0.0,0.0,100.0,0.0,0.0,100.0,0.0
2020-08-29,,,,,,,,,,,,,0.0,0.0,100.0,0.0
2020-08-30,24.3,31.4,98.4,,,,,,,,,,0.0,0.0,100.0,0.0
2020-08-31,,,,,,,,,,,,,0.0,0.0,100.0,0.0
2020-09-01,,,,,,,,,,,,,0.0,0.0,100.0,0.0
2020-09-02,,,,,,,,,,,,,0.0,0.0,100.0,0.0
2020-09-03,46.6,41.9,98.3,0.0,2.2,95.1,,,,,,,0.0,0.0,100.0,0.0
2020-09-04,74.3,52.9,66.2,,,,,,,,,,0.0,0.0,100.0,0.0
2020-09-05,28.3,33.9,98.4,0.0,1.9,100.0,0.0,0.0,100.0,,,,0.0,0.0,100.0,0.0
2020-09-06,,,,,,,,,,,,,0.0,0.0,100.0,0.0
2020-09-07,,,,,,,,,,0.0,0.0,54.7,0.0,0.0,100.0,0.0
2020-09-08,,,,0.0,1.9,100.0,,,,,,,0.0,0.0,100.0,0.0
2020-09-09,9.2,20.0,98.4,,,,,,,0.0,0.0,100.0,0.0,0.0,100.0,0.0
2020-09-10,,,,0.0,2.5,98.7,,,,,,,0.0,0.0,100.0,0.0
2020-09-11,4.4,13.5,98.4,,,,,,,0.0,0.0,100.0,0.0,0.0,100.0,0.0
2020-09-12,,,,,,,,,,,,,0.0,0.0,100.0,0.0
2020-09-13,,,,0.0,10.0,100.0,0.0,0.0,58.5,0.0,0.0,100.0,0.0,0.0,100.0,0.0
2020-09-14,,,,,,,0.0,0.0,100.0,,,,0.0,0.0,100.0,0.0
2020-09-15,5.0,14.1,98.3,0.0,8.4,100.0,,,,,,,0.0,0.0,100.0,0.0
2020-09-16,4.8,11.0,64.0,,,,,,,,,,0.0,0.0,100.0,0.0
2020-09-17,3.0,7.5,98.4,,,,,,,,,,0.0,0.0,100.0,0.0
2020-09-18,,,,,,,,,,,,,0.0,0.0,100.0,0.0
2020-09-19,,,,,,,,,,,,,0.0,0.0,100.0,0.0
2020-09-20,,,,0.1,14.0,76.8,,,,,,,0.0,0.0,100.0,0.0
2020-09-21,1.4,3.9,98.4,,,,0.0,0.0,32.6,,,,0.0,0.0,100.0,0.0
2020-09-22,,,,,,,,,,,,,0.0,0.0,100.0,0.0
2020-09-23,1.8,4.5,98.3,,,,,,,,,,0.0,0.0,100.0,0.0
2020-09-24,,,,,,,,,,,,,0.0,0.0,100.0,0.0
2020-09-25,,,,,,,,,,,,,0.0,0.0,100.0,0.0
2020-09-26,,,,,,,,,,,,,0.0,0.0,100.0,0.0
2020-09-27,1.8,4.5,98.4,,,,,,,,,,0.0,0.0,100.0,0.0
2020-09-28,1.9,4.5,58.0,,,,,,,,,,0.0,0.0,100.0,0.0
2020-09-29,1.5,4.0,98.4,,,,,,,,,,0.0,0.0,100.0,0.0
2020-09-30,,,,0.0,4.7,100.0,0.0,0.0,100.0,0.0,0.0,100.0,0.0,0.0,100.0,0.0
2020-10-01,,,,,,,,,,0.0,0.1,74.4,0.0,0.0,100.0,0.0
2020-10-02,,,,,,,,,,,,,0.0,0.0,100.0,0.0
2020-10-03,1.0,3.0,98.4,,,,,,,,,,0.0,0.0,100.0,0.0
2020-10-04,,,,,,,,,,,,,0.0,0.1,100.0,0.0
2020-10-05,1.3,3.9,98.4,,,,,,,,,,0.0,0.1,100.0,0.0
2020-10-06,,,,,,,,,,,,,0.0,0.1,100.0,0.0
2020-10-07,,,,,,,,,,,,,0.0,0.1,100.0,0.0
2020-10-08,,,,,,,,,,0.0,0.1,100.0,0.0,0.1,100.0,0.0
2020-10-09,2.3,5.2,98.4,,,,,,,,,,0.0,0.1,100.0,0.0
2020-10-10,2.9,6.1,45.8,,,,,,,,,,0.0,0.2,100.0,0.0
2020-10-11,1.4,4.4,98.4,,,,,,,,,,0.0,0.2,100.0,0.0
2020-10-12,,,,,,,,,,,,,0.0,0.3,100.0,0.0
2020-10-13,,,,,,,,,,0.0,0.5,89.8,0.0,0.2,100.0,0.0
2020-10-14,,,,,,,,,,,,,0.0,0.3,100.0,0.0
2020-10-15,1.2,3.3,98.4,,,,,,,,,,0.0,0.3,100.0,0.0
2020-10-16,,,,,,,,,,,,,0.0,0.5,100.0,0.0
2020-10-17,1.6,4.5,98.4,,,,,,,,,,0.0,0.6,100.0,0.0
2020-10-18,,,,0.0,4.3,95.8,,,,,,,0.0,0.6,100.0,0.0
2020-10-19,,,,,,,,,,,,,0.0,0.6,100.0,0.0
2020-10-20,,,,,,,,,,,,,0.0,0.6,100.0,0.0
2020-10-21,1.2,3.4,98.4,,,,,,,,,,0.0,0.5,100.0,0.0
2020-10-22,1.3,2.6,51.2,,,,,,,,,,0.0,0.4,100.0,0.0
2020-10-23,1.4,3.1,98.4,,,,,,,,,,0.0,0.5,100.0,0.0
2020-10-24,,,,,,,,,,,,,0.0,0.5,100.0,0.0
2020-10-25,,,,0.0,4.9,100.0,,,,,,,0.0,0.7,100.0,0.0
2020-10-26,,,,,,,,,,,,,0.0,0.7,100.0,0.0
2020-10-27,1.1,2.4,98.4,,,,,,,,,,0.0,0.8,100.0,0.0
2020-10-28,,,,0.0,8.5,61.9,,,,,,,0.0,0.7,100.0,0.0
2020-10-29,1.2,3.1,98.4,,,,,,,,,,0.0,0.8,100.0,0.0
2020-10-30,,,,,,,,,,,,,0.0,0.7,100.0,0.0
2020-10-31,,,,,,,,,,0.0,1.7,100.0,0.0,0.7,100.0,0.0
2020-11-01,,,,,,,,,,,,,0.0,0.7,100.0,0.0
2020-11-02,1.5,3.6,98.4,,,,,,,,,,0.0,0.7,100.0,0.0
2020-11-03,1.4,3.9,57.2,,,,,,,,,,0.0,0.6,100.0,0.0
2020-11-04,1.7,5.3,98.4,,,,,,,,,,0.0,0.6,100.0,0.0
2020-11-05,,,,,,,,,,,,,0.0,0.6,100.0,0.0
2020-11-06,,,,,,,,,,,,,0.0,0.5,100.0,0.0
2020-11-07,,,,0.0,7.0,100.0,,,,,,,0.0,0.5,100.0,0.0
2020-11-08,1.5,4.0,98.4,,,,,,,,,,0.0,0.4,100.0,0.0
2020-11-09,,,,0.0,10.0,100.0,,,,,,,0.0,0.4,100.0,0.0
2020-11-10,1.3,4.3,98.4,,,,,,,,,,0.0,0.4,100.0,0.0
2020-11-11,,,,,,,,,,,,,0.0,0.4,100.0,0.0
2020-11-12,,,,,,,,,,,,,0.0,0.4,100.0,0.0
2020-11-13,,,,,,,,,,,,,0.0,0.4,100.0,0.0
2020-11-14,0.8,3.4,98.1,0.1,12.0,100.0,,,,,,,0.0,0.4,100.0,0.0
2020-11-15,1.0,2.5,57.5,,,,,,,,,,0.0,0.4,100.0,0.0
2020-11-16,0.9,4.2,98.1,,,,,,,,,,0.0,0.5,100.0,0.0
2020-11-17,,,,0.5,15.9,100.0,0.0,0.5,100.0,,,,0.0,0.7,100.0,0.0
2020-11-18,,,,,,,,,,,,,0.0,0.7,100.0,0.0
2020-11-19,,,,,,,,,,,,,0.0,0.7,100.0,0.0
2020-11-20,0.5,1.6,98.1,,,,,,,,,,0.0,1.0,100.0,0.0
2020-11-21,,,,,,,,,,,,,0.0,2.1,100.0,0.0
2020-11-22,0.1,1.4,98.1,0.4,18.4,100.0,,,,,,,0.0,2.4,100.0,0.0
2020-11-23,,,,,,,,,,,,,0.0,2.6,100.0,0.0
2020-11-24,,,,,,,,,,,,,0.0,3.3,100.0,0.0
2020-11-25,,,,,,,,,,,,,0.0,6.5,100.0,0.0
2020-11-26,0.1,0.9,98.1,,,,,,,,,,0.0,9.8,100.0,0.0
2020-11-27,0.2,0.8,62.9,1.0,22.9,100.0,,,,0.0,2.5,100.0,0.0,9.7,100.0,0.0
2020-11-28,0.3,1.3,98.1,,,,,,,0.0,7.9,100.0,0.0,12.0,100.0,0.0
2020-11-29,,,,,,,,,,,,,0.0,19.9,100.0,0.0
2020-11-30,,,,,,,,,,,,,0.0,28.6,100.0,0.0
2020-12-01,,,,,,,,,,,,,0.4,31.2,100.0,0.4
2020-12-02,0.1,0.8,98.1,,,,,,,,,,3.1,38.7,100.0,3.1
2020-12-03,,,,,,,,,,,,,12.3,50.2,100.0,12.3
2020-12-04,0.4,1.5,98.1,,,,,,,,,,51.8,59.3,100.0,51.8
2020-12-05,,,,,,,,,,,,,46.1,58.6,100.0,46.1
2020-12-06,,,,,,,,,,,,,59.4,60.9,100.0,59.4
2020-12-07,,,,,,,,,,,,,84.4,65.9,100.0,84.4
2020-12-08,1.1,2.6,98.1,,,,,,,,,,94.9,71.2,100.0,94.9
2020-12-09,4.8,8.4,53.4,,,,,,,,,,94.4,70.8,100.0,94.4
2020-12-10,3.4,8.5,98.1,,,,100.0,99.4,100.0,,,,97.0,76.4,100.0,97.0
2020-12-11,,,,,,,,,,,,,96.5,74.8,100.0,96.5
2020-12-12,,,,,,,,,,,,,96.1,75.7,100.0,96.1
2020-12-13,,,,,,,,,,,,,90.4,71.7,100.0,90.4
2020-12-14,2.2,6.9,98.1,,,,,,,0.0,5.4,100.0,76.6,67.5,100.0,76.6
2020-12-15,,,,,,,,,,,,,75.1,66.8,100.0,75.1
2020-12-16,2.1,6.5,98.1,,,,,,,0.0,16.0,100.0,65.3,63.9,100.0,65.3
2020-12-17,,,,24.9,40.8,100.0,,,,0.0,13.7,100.0,58.9,59.6,100.0,58.9
2020-12-18,,,,,,,,,,0.0,14.3,100.0,56.9,59.0,100.0,56.9
2020-12-19,,,,60.3,50.5,100.0,92.7,77.9,100.0,,,,62.3,60.9,100.0,62.3
2020-12-20,2.3,7.4,98.1,,,,,,,,,,52.2,57.5,100.0,52.2
2020-12-21,3.0,7.0,50.1,,,,,,,18.3,36.4,100.0,48.2,55.8,100.0,48.2
2020-12-22,1.6,5.4,98.1,,,,,,,,,,45.5,56.0,100.0,45.5
2020-12-23,,,,,,,,,,,,,48.4,57.2,100.0,48.4
2020-12-24,,,,,,,,,,,,,62.9,60.4,100.0,62.9
2020-12-25,,,,,,,,,,,,,81.6,64.3,100.0,81.6
2020-12-26,1.3,4.2,98.1,,,,92.2,84.6,62.0,,,,91.8,71.1,100.0,91.8
2020-12-27,,,,,,,,,,,,,96.0,77.9,100.0,96.0
2020-12-28,2.1,9.8,98.1,,,,,,,,,,97.7,85.1,100.0,97.7
2020-12-29,,,,98.8,97.3,100.0,,,,10.5,34.0,36.0,98.2,89.7,100.0,98.2
2020-12-30,,,,,,,,,,41.1,45.8,100.0,98.4,90.3,100.0,98.4
2020-12-31,,,,,,,,,,89.3,62.8,68.7,98.7,92.7,100.0,98.7
2021-01-01,5.2,13.7,98.8,99.7,97.0,100.0,,,,,,,99.9,96.2,100.0,99.9
2021-01-02,64.0,48.3,54.1,,,,,,,,,,100.0,97.1,100.0,100.0
2021-01-03,82.2,64.8,98.8,,,,,,,,,,100.0,97.9,100.0,100.0
2021-01-04,,,,,,,100.0,100.0,97.0,,,,100.0,98.7,100.0,100.0
2021-01-05,,,,,,,,,,,,,100.0,99.0,100.0,100.0
2021-01-06,,,,,,,,,,,,,100.0,99.4,100.0,100.0
2021-01-07,98.8,76.0,98.8,,,,,,,,,,100.0,99.6,100.0,100.0
2021-01-08,,,,,,,,,,,,,100.0,99.7,100.0,100.0
2021-01-09,,,,,,,,,,99.8,81.5,100.0,100.0,99.8,100.0,100.0
2021-01-10,,,,,,,,,,,,,100.0,99.8,100.0,100.0
2021-01-11,,,,100.0,100.0,100.0,100.0,100.0,100.0,,,,100.0,99.9,100.0,100.0
2021-01-12,,,,,,,,,,,,,100.0,99.9,100.0,100.0
2021-01-13,,,,100.0,99.5,49.8,,,,,,,100.0,100.0,100.0,100.0
2021-01-14,99.7,76.5,58.5,,,,,,,,,,100.0,99.9,100.0,100.0
2021-01-15,99.5,85.7,98.8,,,,,,,,,,100.0,99.9,100.0,100.0
2021-01-16,,,,100.0,100.0,100.0,,,,,,,100.0,100.0,100.0,100.0
2021-01-17,,,,,,,,,,,,,100.0,100.0,100.0,100.0
2021-01-18,,,,,,,,,,,,,100.0,100.0,100.0,100.0
2021-01-19,99.1,83.2,98.7,,,,,,,,,,100.0,100.0,100.0,100.0
2021-01-20,,,,,,,100.0,100.0,100.0,,,,100.0,100.0,100.0,100.0
2021-01-21,,,,100.0,100.0,100.0,,,,,,,100.0,100.0,100.0,100.0
2021-01-22,,,,,,,,,,,,,100.0,100.0,100.0,100.0
2021-01-23,,,,,,,,,,,,,100.0,100.0,100.0,100.0
2021-01-24,,,,,,,,,,,,,100.0,99.9,100.0,100.0
2021-01-25,,,,,,,,,,,,,100.0,99.9,100.0,100.0
2021-01-26,100.0,95.4,60.2,,,,,,,,,,100.0,99.9,100.0,100.0
2021-01-27,99.4,85.5,98.8,,,,,,,,,,100.0,99.9,100.0,100.0
2021-01-28,,,,,,,,,,,,,100.0,99.9,100.0,100.0
2021-01-29,,,,,,,,,,,,,100.0,99.8,100.0,100.0
2021-01-30,,,,,,,,,,,,,100.0,99.8,100.0,100.0
2021-01-31,99.2,85.0,98.8,,,,,,,,,,100.0,99.8,100.0,100.0
2021-02-01,,,,,,,,,,,,,100.0,99.8,100.0,100.0
2021-02-02,,,,,,,,,,,,,100.0,99.8,100.0,100.0
2021-02-03,,,,,,,,,,,,,100.0,99.8,100.0,100.0
2021-02-04,,,,,,,,,,,,,100.0,99.8,100.0,100.0
2021-02-05,,,,100.0,100.0,100.0,100.0,100.0,100.0,,,,100.0,99.9,100.0,100.0
2021-02-06,,,,,,,,,,,,,100.0,99.9,100.0,100.0
2021-02-07,100.0,93.5,56.5,,,,,,,,,,100.0,99.8,100.0,100.0
2021-02-08,,,,,,,,,,,,,100.0,99.8,100.0,100.0
2021-02-09,,,,,,,,,,100.0,94.5,100.0,100.0,99.9,100.0,100.0
2021-02-10,,,,,,,,,,,,,100.0,99.9,100.0,100.0
2021-02-11,,,,,,,,,,,,,100.0,99.9,100.0,100.0
2021-02-12,,,,100.0,100.0,100.0,100.0,100.0,100.0,,,,100.0,100.0,100.0,100.0
2021-02-13,,,,,,,,,,100.0,96.7,34.8,100.0,99.9,100.0,100.0
2021-02-14,99.6,86.8,99.1,,,,,,,100.0,97.0,100.0,100.0,99.9,100.0,100.0
2021-02-15,,,,,,,,,,,,,100.0,99.9,100.0,100.0
2021-02-16,,,,,,,,,,100.0,97.4,100.0,100.0,99.9,100.0,100.0
2021-02-17,,,,,,,,,,100.0,97.5,100.0,100.0,99.8,100.0,100.0
2021-02-18,97.2,80.6,99.1,,,,,,,100.0,96.7,100.0,100.0,99.9,100.0,100.0
2021-02-19,99.9,91.0,52.7,,,,,,,100.0,95.3,42.4,100.0,99.8,100.0,100.0
2021-02-20,,,,99.9,98.7,100.0,,,,99.9,94.1,100.0,100.0,99.8,100.0,100.0
2021-02-21,,,,,,,100.0,100.0,99.9,99.9,94.1,100.0,100.0,99.8,100.0,100.0
2021-02-22,,,,99.9,99.1,100.0,,,,99.9,89.4,100.0,100.0,99.8,100.0,100.0
2021-02-23,,,,,,,,,,,,,100.0,99.6,100.0,100.0
2021-02-24,,,,,,,,,,100.0,91.8,100.0,100.0,99.4,100.0,100.0
2021-02-25,,,,97.5,90.8,100.0,,,,99.9,87.5,100.0,100.0,99.0,100.0,100.0
2021-02-26,,,,,,,,,,,,,100.0,98.6,100.0,100.0
2021-02-27,,,,,,,,,,,,,100.0,97.8,100.0,100.0
2021-02-28,,,,,,,,,,,,,99.9,96.3,100.0,99.9
2021-03-01,,,,,,,,,,99.9,87.1,100.0,99.9,93.8,100.0,99.9
2021-03-02,95.7,71.8,99.1,48.1,55.7,100.0,,,,89.6,74.1,100.0,99.7,91.8,100.0,99.7
2021-03-03,98.4,80.2,54.1,,,,,,,65.9,57.0,100.0,99.0,87.4,100.0,99.0
2021-03-04,,,,,,,,,,,,,98.4,83.5,100.0,98.4
2021-03-05,,,,,,,,,,,,,96.6,78.4,100.0,96.6
2021-03-06,,,,,,,,,,61.7,51.8,100.0,86.5,73.6,100.0,86.5
2021-03-07,,,,,,,,,,28.4,35.7,100.0,73.9,71.0,100.0,73.9
2021-03-08,,,,,,,,,,,,,70.4,69.0,100.0,70.4
2021-03-09,,,,,,,,,,,,,65.0,63.7,100.0,65.0
2021-03-10,73.2,59.7,99.1,,,,,,,,,,62.5,62.4,100.0,62.5
2021-03-11,,,,,,,,,,,,,64.2,62.5,100.0,64.2
2021-03-12,,,,22.8,30.0,40.6,,,,,,,52.8,58.7,100.0,52.8
2021-03-13,,,,,,,,,,40.7,42.9,74.9,43.9,57.3,100.0,43.9
2021-03-14,81.7,64.2,99.1,,,,,,,,,,43.9,59.8,100.0,43.9
2021-03-15,86.2,62.6,57.9,,,,,,,,,,47.1,61.5,100.0,47.1
2021-03-16,,,,,,,,,,,,,37.3,59.8,100.0,37.3
2021-03-17,,,,,,,,,,,,,36.8,60.7,100.0,36.8
2021-03-18,,,,,,,,,,25.1,33.8,56.3,31.0,57.3,100.0,31.0
2021-03-19,,,,98.6,97.6,32.5,,,,,,,31.4,59.6,100.0,31.4
2021-03-20,,,,,,,,,,,,,30.8,58.6,100.0,30.8
2021-03-21,,,,,,,,,,,,,35.1,61.0,100.0,35.1
2021-03-22,47.3,41.3,99.1,,,,,,,,,,43.9,63.3,100.0,43.9
2021-03-23,,,,,,,,,,,,,43.4,61.0,100.0,43.4
2021-03-24,,,,36.5,40.7,100.0,,,,,,,46.5,58.9,100.0,46.5
2021-03-25,,,,,,,100.0,83.2,80.3,7.0,27.8,65.2,39.2,55.3,100.0,39.2
2021-03-26,49.1,39.8,99.1,,,,,,,,,,29.5,49.6,100.0,29.5
2021-03-27,71.2,54.9,60.2,,,,,,,0.1,11.7,99.5,16.9,43.4,100.0,16.9
2021-03-28,45.4,36.4,99.1,,,,,,,,,,11.1,36.1,100.0,11.1
2021-03-29,,,,,,,,,,0.0,5.8,100.0,1.6,22.2,100.0,1.6
2021-03-30,,,,,,,,,,0.0,2.9,100.0,0.5,17.4,100.0,0.5
2021-03-31,,,,,,,,,,0.0,1.4,100.0,0.0,12.2,100.0,0.0
2021-04-01,35.8,30.8,99.1,24.1,22.9,100.0,0.1,1.6,100.0,,,,0.0,10.2,100.0,0.0
2021-04-02,,,,,,,,,,,,,0.0,6.1,100.0,0.0
2021-04-03,13.2,17.1,99.1,,,,,,,,,,0.0,5.2,100.0,0.0
2021-04-04,,,,,,,,,,0.0,0.7,39.7,0.0,4.6,100.0,0.0
2021-04-05,,,,,,,,,,,,,0.0,5.0,100.0,0.0
2021-04-06,,,,,,,,,,,,,0.0,5.5,100.0,0.0
2021-04-07,4.0,10.2,99.1,,,,,,,,,,0.0,5.5,100.0,0.0
2021-04-08,0.4,3.6,57.1,,,,,,,,,,0.0,6.4,100.0,0.0
2021-04-09,0.6,3.2,99.1,,,,,,,,,,0.0,8.4,100.0,0.0
2021-04-10,,,,,,,,,,,,,0.0,10.3,100.0,0.0
2021-04-11,,,,,,,,,,,,,0.0,9.8,100.0,0.0
2021-04-12,,,,,,,,,,,,,0.0,11.0,100.0,0.0
2021-04-13,0.3,2.1,99.1,56.0,47.8,39.2,,,,,,,0.0,10.9,100.0,0.0
2021-04-14,,,,,,,,,,,,,0.0,12.9,100.0,0.0
2021-04-15,0.6,2.6,99.1,,,,,,,,,,0.0,12.3,100.0,0.0
2021-04-16,,,,,,,,,,0.0,0.5,98.7,0.0,14.2,100.0,0.0
2021-04-17,,,,,,,,,,,,,0.0,19.0,100.0,0.0
2021-04-18,,,,,,,,,,,,,0.0,18.0,100.0,0.0
2021-04-19,1.0,4.4,99.1,,,,,,,,,,0.0,13.7,100.0,0.0
2021-04-20,1.0,2.9,56.1,,,,,,,,,,0.0,14.0,100.0,0.0
2021-04-21,3.7,14.7,99.1,0.0,6.6,52.0,,,,,,,0.0,13.4,100.0,0.0
2021-04-22,,,,,,,,,,0.0,0.4,88.8,0.0,11.6,100.0,0.0
2021-04-23,,,,0.0,4.9,100.0,,,,0.0,0.2,100.0,0.0,10.3,100.0,0.0
2021-04-24,,,,,,,,,,0.0,0.2,100.0,0.0,11.3,100.0,0.0
2021-04-25,5.0,12.4,99.1,,,,,,,0.0,0.1,100.0,0.0,9.5,100.0,0.0
2021-04-26,,,,0.0,5.6,100.0,,,,0.0,0.1,90.6,0.0,8.9,100.0,0.0
2021-04-27,0.9,6.3,99.1,,,,,,,0.0,0.0,100.0,0.0,6.9,100.0,0.0
2021-04-28,,,,,,,,,,,,,0.0,7.4,100.0,0.0
2021-04-29,,,,,,,,,,,,,0.0,5.1,100.0,0.0
2021-04-30,,,,,,,,,,0.0,0.0,100.0,0.0,4.9,100.0,0.0
2021-05-01,0.9,5.4,99.1,,,,,,,,,,0.0,5.2,100.0,0.0
2021-05-02,1.4,6.0,64.6,,,,,,,,,,0.0,6.0,100.0,0.0
2021-05-03,3.0,14.3,99.1,0.0,3.9,61.7,0.0,0.1,67.3,0.0,0.0,100.0,0.0,5.0,100.0,0.0
2021-05-04,,,,,,,,,,,,,0.0,6.3,100.0,0.0
2021-05-05,,,,,,,,,,,,,0.0,6.1,100.0,0.0
2021-05-06,,,,,,,,,,,,,0.0,6.8,100.0,0.0
2021-05-07,2.3,13.3,99.1,,,,,,,0.0,0.0,100.0,0.0,4.6,100.0,0.0
2021-05-08,,,,0.0,2.8,65.9,,,,,,,0.0,4.6,100.0,0.0
2021-05-09,29.7,32.3,99.1,,,,,,,,,,0.0,3.9,100.0,0.0
2021-05-10,,,,,,,,,,,,,0.0,3.9,100.0,0.0
2021-05-11,,,,,,,,,,,,,0.0,5.3,100.0,0.0
2021-05-12,,,,,,,,,,,,,0.0,5.4,100.0,0.0
2021-05-13,3.8,19.8,99.1,0.0,2.7,100.0,,,,,,,0.0,4.7,100.0,0.0
2021-05-14,8.0,25.6,62.7,,,,,,,,,,0.0,3.2,100.0,0.0
2021-05-15,12.2,22.3,99.1,,,,,,,,,,0.0,2.4,100.0,0.0
2021-05-16,,,,,,,,,,,,,0.0,2.4,100.0,0.0
2021-05-17,,,,,,,,,,,,,0.0,2.3,100.0,0.0
2021-05-18,,,,,,,,,,,,,0.0,2.4,100.0,0.0
2021-05-19,3.5,19.2,99.1,,,,,,,,,,0.0,3.3,100.0,0.0
2021-05-20,,,,,,,,,,,,,0.0,3.1,100.0,0.0
2021-05-21,13.8,19.9,99.0,,,,,,,,,,0.0,2.7,100.0,0.0
2021-05-22,,,,,,,,,,,,,0.0,1.6,100.0,0.0
2021-05-23,,,,0.0,1.1,97.2,,,,,,,0.0,1.3,100.0,0.0
2021-05-24,,,,,,,,,,,,,0.0,1.4,100.0,0.0
2021-05-25,6.1,23.5,99.1,,,,,,,0.0,0.0,100.0,0.0,1.0,100.0,0.0
2021-05-26,17.3,30.9,64.4,,,,,,,,,,0.0,1.1,100.0,0.0
2021-05-27,53.1,42.6,99.1,,,,,,,,,,0.0,0.9,100.0,0.0
2021-05-28,,,,0.0,1.1,69.7,0.0,0.0,100.0,,,,0.0,0.9,100.0,0.0
2021-05-29,,,,,,,,,,,,,0.0,0.8,100.0,0.0
2021-05-30,,,,,,,,,,,,,0.0,0.9,100.0,0.0
2021-05-31,68.7,47.8,99.1,0.0,0.8,100.0,,,,0.0,0.0,100.0,0.0,0.8,100.0,0.0
2021-06-01,,,,,,,,,,0.0,0.0,100.0,0.0,1.0,100.0,0.0
2021-06-02,87.9,59.8,99.1,0.0,1.5,48.4,,,,0.0,0.0,100.0,0.0,0.9,100.0,0.0
2021-06-03,,,,,,,,,,0.0,0.0,100.0,0.0,0.9,100.0,0.0
2021-06-04,,,,,,,,,,,,,0.0,1.0,100.0,0.0
2021-06-05,,,,,,,,,,,,,0.0,1.3,100.0,0.0
2021-06-06,91.1,69.4,99.1,,,,,,,,,,0.0,1.6,100.0,0.0
2021-06-07,99.2,82.6,60.7,,,,,,,,,,0.0,1.8,100.0,0.0
2021-06-08,,,,,,,,,,,,,0.0,1.9,100.0,0.0
2021-06-09,,,,,,,,,,0.0,0.0,100.0,0.0,1.6,100.0,0.0
2021-06-10,,,,0.0,0.9,100.0,,,,,,,0.0,1.9,100.0,0.0
2021-06-11,,,,,,,,,,,,,0.0,2.0,100.0,0.0
2021-06-12,94.0,76.4,99.1,0.0,1.7,81.2,,,,,,,0.0,2.3,100.0,0.0
2021-06-13,,,,,,,,,,0.0,0.0,36.5,0.0,2.2,100.0,0.0
2021-06-14,92.5,76.4,99.1,,,,,,,0.0,0.0,100.0,0.0,1.7,100.0,0.0
2021-06-15,,,,0.0,1.3,100.0,,,,,,,0.0,1.7,100.0,0.0
2021-06-16,,,,,,,,,,,,,0.0,1.4,100.0,0.0
2021-06-17,,,,0.0,1.7,100.0,,,,0.0,0.0,100.0,0.0,1.0,100.0,0.0
2021-06-18,94.7,83.3,99.1,,,,,,,,,,0.0,0.9,100.0,0.0
2021-06-19,99.4,88.8,55.3,,,,,,,,,,0.0,1.0,100.0,0.0
2021-06-20,92.0,79.5,99.1,,,,,,,,,,0.0,0.9,100.0,0.0
2021-06-21,,,,,,,,,,0.0,0.0,100.0,0.0,0.8,100.0,0.0
2021-06-22,,,,,,,,,,0.0,0.0,100.0,0.0,0.4,100.0,0.0
2021-06-23,,,,,,,,,,,,,0.0,0.4,100.0,0.0
2021-06-24,,,,,,,,,,,,,0.0,0.3,100.0,0.0
2021-06-25,,,,,,,,,,,,,0.0,0.4,100.0,0.0
2021-06-26,86.7,72.1,99.1,,,,,,,0.0,0.0,100.0,0.0,0.2,100.0,0.0
2021-06-27,,,,0.0,1.0,100.0,,,,,,,0.0,0.3,100.0,0.0
2021-06-28,,,,,,,0.0,0.0,53.2,0.0,0.0,100.0,0.0,0.1,100.0,0.0
2021-06-29,,,,,,,,,,,,,0.0,0.1,100.0,0.0
2021-06-30,80.7,66.9,99.1,,,,,,,,,,0.0,0.1,100.0,0.0
2021-07-01,83.7,63.4,58.1,,,,,,,,,,0.0,0.1,100.0,0.0
2021-07-02,63.3,49.5,99.1,0.0,0.9,100.0,,,,,,,0.0,0.1,100.0,0.0
2021-07-03,,,,,,,,,,,,,0.0,0.1,100.0,0.0
2021-07-04,,,,,,,,,,,,,0.0,0.0,100.0,0.0
2021-07-05,,,,,,,,,,,,,0.0,0.1,100.0,0.0
2021-07-06,35.4,32.5,99.1,,,,0.0,0.0,100.0,,,,0.0,0.0,100.0,0.0
2021-07-07,,,,,,,,,,,,,0.0,0.0,100.0,0.0
2021-07-08,12.7,22.2,99.1,,,,,,,,,,0.0,0.0,100.0,0.0
2021-07-09,,,,,,,,,,,,,0.0,0.0,100.0,0.0
2021-07-10,,,,0.0,1.4,99.1,,,,,,,0.0,0.0,100.0,0.0
2021-07-11,,,,,,,,,,0.0,0.0,76.9,0.0,0.0,100.0,0.0
2021-07-12,8.0,16.2,99.1,0.0,2.3,100.0,,,,,,,0.0,0.0,100.0,0.0
2021-07-13,5.6,12.9,60.3,,,,,,,,,,0.0,0.0,100.0,0.0
2021-07-14,6.5,13.4,99.1,,,,,,,,,,0.0,0.1,100.0,0.0
2021-07-15,,,,,,,,,,,,,0.0,0.1,100.0,0.0
2021-07-16,,,,,,,,,,,,,0.0,0.0,100.0,0.0
2021-07-17,,,,,,,,,,,,,0.0,0.0,100.0,0.0
2021-07-18,5.1,9.8,99.1,,,,,,,,,,0.0,0.0,100.0,0.0
2021-07-19,,,,,,,,,,,,,0.0,0.0,100.0,0.0
2021-07-20,5.0,10.6,99.1,0.2,15.3,46.0,,,,0.0,0.0,100.0,0.0,0.0,100.0,0.0
2021-07-21,,,,,,,,,,,,,0.0,0.0,100.0,0.0
2021-07-22,,,,0.0,6.3,100.0,0.0,0.0,100.0,0.0,0.0,100.0,0.0,0.0,100.0,0.0
2021-07-23,,,,,,,0.0,0.0,38.4,0.0,0.0,100.0,0.0,0.0,100.0,0.0
2021-07-24,4.2,7.9,99.1,,,,,,,,,,0.0,0.0,100.0,0.0
2021-07-25,5.4,9.5,68.2,,,,,,,,,,0.0,0.0,100.0,0.0
2021-07-26,5.3,10.8,99.1,,,,,,,,,,0.0,0.0,100.0,0.0
2021-07-27,,,,,,,,,,0.0,0.0,100.0,0.0,0.0,100.0,0.0
2021-07-28,,,,,,,,,,,,,0.0,0.0,100.0,0.0
2021-07-29,,,,,,,,,,,,,0.0,0.0,100.0,0.0
2021-07-30,5.1,9.9,99.1,0.0,2.8,34.4,,,,,,,0.0,0.0,100.0,0.0
2021-07-31,,,,,,,,,,,,,0.0,0.0,100.0,0.0
2021-08-01,5.2,12.5,99.1,,,,,,,,,,0.0,0.0,100.0,0.0
2021-08-02,,,,,,,,,,,,,0.0,0.0,100.0,0.0
2021-08-03,,,,,,,,,,,,,0.0,0.0,100.0,0.0
2021-08-04,,,,,,,,,,,,,0.0,0.0,100.0,0.0
2021-08-05,5.1,11.0,99.1,,,,,,,,,,0.0,0.0,100.0,0.0
2021-08-06,5.4,10.6,64.3,0.0,4.0,100.0,,,,,,,0.0,0.0,100.0,0.0
2021-08-07,3.9,9.8,99.1,,,,0.0,0.0,100.0,,,,0.0,0.0,100.0,0.0
2021-08-08,,,,,,,,,,,,,0.0,0.0,100.0,0.0
2021-08-09,,,,0.0,4.5,92.2,,,,0.0,0.0,100.0,0.0,0.0,100.0,0.0
2021-08-10,,,,,,,,,,,,,0.0,0.0,100.0,0.0
2021-08-11,2.6,8.9,99.1,0.0,5.6,100.0,,,,0.0,0.0,100.0,0.0,0.0,100.0,0.0
2021-08-12,,,,,,,,,,0.0,0.0,100.0,0.0,0.0,100.0,0.0
2021-08-13,3.3,9.9,99.1,,,,,,,0.0,0.0,100.0,0.0,0.0,100.0,0.0
2021-08-14,,,,0.0,4.6,100.0,,,,0.0,0.0,100.0,0.0,0.0,100.0,0.0
2021-08-15,,,,,,,,,,0.0,0.0,96.9,0.0,0.0,100.0,0.0
2021-08-16,,,,,,,,,,,,,0.0,0.0,100.0,0.0
2021-08-17,3.5,11.9,99.1,,,,,,,,,,0.0,0.0,100.0,0.0
2021-08-18,5.4,14.1,60.9,,,,,,,,,,0.0,0.0,100.0,0.0
2021-08-19,,,,,,,,,,,,,0.0,0.0,100.0,0.0
2021-08-20,,,,,,,,,,,,,0.0,0.0,100.0,0.0
2021-08-21,,,,0.1,4.7,67.4,,,,,,,0.0,0.0,100.0,0.0
2021-08-22,,,,,,,,,,,,,0.0,0.0,100.0,0.0
2021-08-23,4.9,17.3,99.1,,,,,,,,,,0.0,0.0,100.0,0.0
2021-08-24,,,,,,,,,,,,,0.0,0.0,100.0,0.0
2021-08-25,,,,,,,,,,0.0,0.0,100.0,0.0,0.0,100.0,0.0
2021-08-26,,,,,,,,,,,,,0.0,0.0,100.0,0.0
2021-08-27,,,,,,,,,,,,,0.0,0.0,100.0,0.0
2021-08-28,,,,,,,,,,,,,0.0,0.0,100.0,0.0
2021-08-29,4.8,15.6,99.1,,,,,,,,,,0.0,0.0,100.0,0.0
2021-08-30,5.9,10.8,53.4,,,,,,,,,,0.0,0.0,100.0,0.0
2021-08-31,5.8,13.2,99.1,,,,,,,,,,0.0,0.0,100.0,0.0
2021-09-01,,,,,,,0.0,0.0,100.0,0.0,0.0,100.0,0.0,0.0,100.0,0.0
2021-09-02,,,,,,,,,,0.0,0.0,100.0,0.0,0.0,100.0,0.0
2021-09-03,,,,0.0,3.2,100.0,,,,0.0,0.0,100.0,0.0,0.0,100.0,0.0
2021-09-04,3.7,8.6,99.1,,,,,,,0.0,0.0,100.0,0.0,0.0,100.0,0.0
2021-09-05,,,,0.0,3.7,100.0,,,,0.0,0.0,100.0,0.0,0.0,100.0,0.0
2021-09-06,3.6,9.7,99.1,,,,,,,0.0,0.0,100.0,0.0,0.0,100.0,0.0
2021-09-07,,,,,,,,,,,,,0.0,0.0,100.0,0.0
2021-09-08,,,,0.0,4.1,100.0,0.0,0.0,100.0,0.0,0.0,100.0,0.0,0.0,100.0,0.0
2021-09-09,,,,,,,0.0,0.0,62.0,,,,0.0,0.0,100.0,0.0
2021-09-10,1.7,5.1,99.1,0.0,7.1,100.0,,,,,,,0.0,0.0,100.0,0.0
2021-09-11,2.5,5.0,58.8,,,,,,,,,,0.0,0.0,100.0,0.0
2021-09-12,1.9,5.1,99.1,,,,,,,0.0,0.0,100.0,0.0,0.0,100.0,0.0
2021-09-13,,,,0.0,6.1,100.0,,,,0.0,0.0,100.0,0.0,0.0,100.0,0.0
2021-09-14,,,,,,,,,,,,,0.0,0.0,100.0,0.0
2021-09-15,,,,,,,,,,,,,0.0,0.0,100.0,0.0
2021-09-16,0.8,3.6,99.1,,,,,,,0.0,0.0,96.5,0.0,0.0,100.0,0.0
2021-09-17,,,,,,,,,,,,,0.0,0.0,100.0,0.0
2021-09-18,1.3,5.1,99.1,0.0,7.6,70.4,,,,,,,0.0,0.0,100.0,0.0
2021-09-19,,,,,,,,,,,,,0.0,0.0,100.0,0.0
2021-09-20,,,,,,,,,,,,,0.0,0.0,100.0,0.0
2021-09-21,,,,,,,,,,,,,0.0,0.0,100.0,0.0
2021-09-22,2.0,5.4,99.1,,,,,,,,,,0.0,0.0,100.0,0.0
2021-09-23,6.5,12.5,63.7,0.0,2.4,100.0,,,,,,,0.0,0.0,100.0,0.0
2021-09-24,3.7,9.4,99.1,,,,0.0,0.0,100.0,0.0,0.0,100.0,0.0,0.0,100.0,0.0
2021-09-25,,,,0.0,1.1,100.0,,,,,,,0.0,0.0,100.0,0.0
2021-09-26,,,,,,,,,,,,,0.0,0.0,100.0,0.0
2021-09-27,,,,,,,,,,,,,0.0,0.0,100.0,0.0
2021-09-28,2.1,6.2,99.1,,,,,,,,,,0.0,0.0,100.0,0.0
2021-09-29,,,,,,,,,,,,,0.0,0.0,100.0,0.0
2021-09-30,2.2,7.1,99.1,,,,,,,,,,0.0,0.0,100.0,0.0
2021-10-01,,,,,,,,,,,,,0.0,0.1,100.0,0.0
2021-10-02,,,,,,,,,,,,,0.0,0.1,100.0,0.0
2021-10-03,,,,,,,,,,0.0,0.0,71.1,0.0,0.1,100.0,0.0
2021-10-04,1.9,6.1,99.1,,,,,,,,,,0.0,0.1,100.0,0.0
2021-10-05,1.2,4.8,63.5,,,,,,,,,,0.0,0.1,100.0,0.0
2021-10-06,0.8,5.0,99.1,,,,,,,,,,0.0,0.2,100.0,0.0
2021-10-07,,,,,,,,,,,,,0.0,0.2,100.0,0.0
2021-10-08,,,,,,,,,,0.0,0.0,100.0,0.0,0.2,100.0,0.0
2021-10-09,,,,,,,,,,0.0,0.0,100.0,0.0,0.3,100.0,0.0
2021-10-10,0.3,2.5,99.1,,,,,,,0.0,0.0,100.0,0.0,0.4,100.0,0.0
2021-10-11,,,,,,,,,,0.0,0.0,100.0,0.0,0.4,100.0,0.0
2021-10-12,0.1,3.0,99.1,,,,,,,,,,0.0,0.5,100.0,0.0
2021-10-13,,,,,,,,,,,,,0.0,0.8,100.0,0.0
2021-10-14,,,,,,,,,,0.0,0.0,100.0,0.0,0.6,100.0,0.0
2021-10-15,,,,0.0,0.9,100.0,,,,0.0,0.0,100.0,0.0,0.6,100.0,0.0
2021-10-16,0.2,2.3,99.1,,,,,,,0.0,0.0,100.0,0.0,0.5,100.0,0.0
2021-10-17,0.4,3.5,57.4,,,,,,,,,,0.0,0.9,100.0,0.0
2021-10-18,0.3,5.0,99.1,0.0,0.8,100.0,,,,0.0,0.0,100.0,0.0,0.6,100.0,0.0
2021-10-19,,,,,,,,,,,,,0.0,0.7,100.0,0.0
2021-10-20,,,,0.0,2.0,100.0,,,,0.0,0.0,100.0,0.0,0.5,100.0,0.0
2021-10-21,,,,,,,,,,,,,0.0,0.7,100.0,0.0
2021-10-22,0.1,2.0,99.1,,,,,,,,,,0.0,0.7,100.0,0.0
2021-10-23,,,,0.0,3.0,100.0,,,,0.0,0.0,100.0,0.0,0.6,100.0,0.0
2021-10-24,0.0,2.1,99.1,,,,,,,,,,0.0,0.6,100.0,0.0
2021-10-25,,,,,,,,,,,,,0.0,0.6,100.0,0.0
2021-10-26,,,,,,,,,,,,,0.0,0.7,100.0,0.0
2021-10-27,,,,,,,,,,,,,0.0,0.7,100.0,0.0
2021-10-28,0.0,1.5,99.1,0.0,2.0,99.9,,,,,,,0.0,0.5,100.0,0.0
2021-10-29,0.0,1.4,50.4,,,,,,,0.0,0.0,100.0,0.0,0.4,100.0,0.0
2021-10-30,0.0,1.5,99.1,,,,,,,0.0,0.1,100.0,0.0,0.4,100.0,0.0
2021-10-31,,,,,,,,,,0.0,0.1,100.0,0.0,0.3,100.0,0.0
2021-11-01,,,,,,,,,,,,,0.0,0.4,100.0,0.0
2021-11-02,,,,,,,,,,,,,0.0,0.4,100.0,0.0
2021-11-03,0.0,0.7,99.1,,,,,,,,,,0.0,0.5,100.0,0.0
2021-11-04,,,,,,,,,,,,,0.0,0.4,100.0,0.0
2021-11-05,0.0,1.0,99.1,,,,,,,,,,0.0,0.4,100.0,0.0
2021-11-06,,,,,,,,,,,,,0.0,0.4,100.0,0.0
2021-11-07,,,,,,,,,,,,,0.0,0.5,100.0,0.0
2021-11-08,,,,,,,,,,0.0,0.2,100.0,0.0,0.3,100.0,0.0
2021-11-09,0.0,0.8,99.1,,,,,,,,,,0.0,0.4,100.0,0.0
2021-11-10,0.0,1.7,50.7,,,,,,,,,,0.0,0.5,100.0,0.0
2021-11-11,0.0,1.5,99.1,,,,0.0,0.3,100.0,,,,0.0,0.5,100.0,0.0
2021-11-12,,,,0.0,8.3,100.0,,,,0.0,0.3,100.0,0.0,0.4,100.0,0.0
2021-11-13,,,,,,,0.0,2.4,38.6,,,,0.0,0.6,100.0,0.0
2021-11-14,,,,,,,,,,,,,0.0,0.6,100.0,0.0
2021-11-15,0.0,1.4,99.1,,,,,,,0.0,1.9,100.0,0.0,0.8,100.0,0.0
2021-11-16,,,,,,,,,,,,,0.0,0.9,100.0,0.0
2021-11-17,0.0,1.5,99.1,,,,,,,,,,0.0,1.3,100.0,0.0
2021-11-18,,,,,,,,,,,,,0.0,1.3,100.0,0.0
2021-11-19,,,,0.5,22.4,100.0,,,,0.0,10.0,100.0,0.0,1.9,100.0,0.0
2021-11-20,,,,,,,,,,0.0,12.7,100.0,0.0,1.7,100.0,0.0
2021-11-21,0.0,1.3,99.1,,,,,,,,,,0.0,2.4,100.0,0.0
2021-11-22,0.0,1.3,54.7,,,,,,,,,,0.0,2.3,100.0,0.0
2021-11-23,0.0,1.4,99.6,,,,,,,0.1,23.3,100.0,0.0,3.0,100.0,0.0
2021-11-24,,,,,,,,,,,,,0.0,3.0,100.0,0.0
2021-11-25,,,,,,,,,,,,,0.0,4.0,100.0,0.0
2021-11-26,,,,,,,,,,,,,0.0,3.7,100.0,0.0
2021-11-27,0.0,1.4,99.5,,,,,,,,,,0.0,5.6,100.0,0.0
2021-11-28,,,,,,,,,,,,,0.0,6.2,100.0,0.0
2021-11-29,0.0,1.3,99.6,,,,,,,,,,0.0,8.1,100.0,0.0
2021-11-30,,,,,,,,,,,,,0.0,8.0,100.0,0.0
2021-12-01,,,,,,,,,,,,,0.0,8.0,100.0,0.0
2021-12-02,,,,,,,,,,,,,0.0,8.8,100.0,0.0
2021-12-03,0.0,0.8,99.6,,,,,,,,,,0.0,9.7,100.0,0.0
2021-12-04,0.0,0.3,59.2,,,,,,,,,,0.0,11.8,100.0,0.0
2021-12-05,0.0,0.7,99.6,,,,,,,,,,0.0,12.0,100.0,0.0
2021-12-06,,,,,,,,,,,,,0.1,17.5,100.0,0.1
2021-12-07,,,,,,,,,,,,,0.1,17.5,100.0,0.1
2021-12-08,,,,,,,,,,,,,0.2,26.7,100.0,0.2
2021-12-09,0.0,0.7,99.6,,,,,,,,,,0.3,27.9,100.0,0.3
2021-12-10,,,,,,,,,,,,,1.2,40.0,100.0,1.2
2021-12-11,0.0,1.1,99.6,,,,,,,,,,1.0,41.1,100.0,1.0
2021-12-12,,,,88.8,83.4,100.0,,,,95.9,59.7,100.0,67.3,57.5,100.0,67.3
2021-12-13,,,,,,,,,,90.0,58.5,100.0,73.5,60.3,100.0,73.5
2021-12-14,,,,90.3,86.3,100.0,64.2,48.9,100.0,,,,83.2,70.8,100.0,83.2
2021-12-15,0.0,1.3,99.6,,,,,,,99.9,71.3,100.0,85.9,70.7,100.0,85.9
2021-12-16,0.5,4.4,58.4,,,,,,,100.0,84.8,100.0,89.5,75.4,100.0,89.5
2021-12-17,1.4,7.6,99.5,91.4,88.0,100.0,,,,100.0,88.5,100.0,95.2,79.1,100.0,95.2
2021-12-18,,,,,,,,,,100.0,93.4,100.0,97.9,81.5,100.0,97.9
2021-12-19,,,,93.0,86.1,100.0,,,,100.0,96.7,99.1,98.9,83.5,100.0,98.9
2021-12-20,,,,,,,,,,100.0,96.6,100.0,99.0,83.9,100.0,99.0
2021-12-21,1.4,7.8,99.6,,,,,,,100.0,97.7,75.4,99.2,84.5,100.0,99.2
2021-12-22,,,,94.2,84.3,84.8,96.5,74.7,84.9,,,,99.4,87.4,100.0,99.4
2021-12-23,3.9,11.1,99.6,,,,,,,,,,99.3,86.5,100.0,99.3
2021-12-24,,,,,,,,,,,,,99.1,85.3,100.0,99.1
2021-12-25,,,,,,,,,,,,,99.1,84.3,100.0,99.1
2021-12-26,,,,,,,,,,,,,99.0,83.9,100.0,99.0
2021-12-27,13.4,24.8,99.6,92.7,75.1,100.0,,,,,,,99.1,85.2,100.0,99.1
2021-12-28,31.2,34.5,56.3,,,,,,,,,,97.0,79.8,100.0,97.0
2021-12-29,,,,,,,,,,,,,97.7,79.1,100.0,97.7
2021-12-30,,,,,,,,,,,,,94.8,76.7,100.0,94.8
2021-12-31,,,,,,,,,,,,,96.0,78.3,100.0,96.0
2022-01-01,,,,88.3,68.1,100.0,,,,,,,74.0,68.1,100.0,74.0
2022-01-02,,,,,,,,,,99.3,93.9,100.0,84.3,71.7,100.0,84.3
2022-01-03,,,,,,,,,,99.7,94.7,100.0,68.6,65.5,100.0,68.6
2022-01-04,36.7,38.0,99.5,,,,,,,,,,86.3,72.8,100.0,86.3
2022-01-05,,,,,,,,,,,,,64.8,63.5,100.0,64.8
2022-01-06,,,,,,,,,,,,,79.6,70.0,100.0,79.6
2022-01-07,,,,,,,,,,,,,72.3,66.8,100.0,72.3
2022-01-08,56.5,47.8,99.5,,,,,,,,,,89.3,72.9,100.0,89.3
2022-01-09,100.0,72.0,48.8,,,,,,,,,,81.5,70.8,100.0,81.5
2022-01-10,,,,,,,,,,,,,91.9,74.5,100.0,91.9
2022-01-11,,,,,,,,,,,,,95.5,79.3,100.0,95.5
2022-01-12,,,,,,,,,,,,,96.3,82.4,100.0,96.3
2022-01-13,,,,93.3,89.5,100.0,,,,,,,97.9,85.3,100.0,97.9
2022-01-14,,,,,,,98.2,90.6,100.0,99.8,96.3,100.0,98.1,87.0,100.0,98.1
2022-01-15,,,,,,,99.0,92.8,89.4,,,,99.3,89.2,100.0,99.3
2022-01-16,70.6,60.4,99.5,92.2,90.1,100.0,,,,,,,98.8,90.3,100.0,98.8
2022-01-17,,,,,,,,,,,,,99.4,90.8,100.0,99.4
2022-01-18,,,,89.9,88.1,76.4,,,,,,,98.6,89.9,100.0,98.6
2022-01-19,,,,,,,,,,,,,99.4,90.4,100.0,99.4
2022-01-20,93.1,68.4,99.5,,,,,,,,,,98.8,89.8,100.0,98.8
2022-01-21,99.3,77.3,59.7,,,,,,,,,,99.5,92.2,100.0,99.5
2022-01-22,,,,,,,,,,,,,99.2,91.1,100.0,99.2
2022-01-23,,,,,,,,,,,,,99.5,91.5,100.0,99.5
2022-01-24,,,,,,,,,,99.9,97.5,100.0,99.2,91.1,100.0,99.2
2022-01-25,,,,,,,,,,,,,99.6,91.8,100.0,99.6
2022-01-26,,,,91.6,90.2,100.0,,,,,,,99.1,92.1,100.0,99.1
2022-01-27,,,,,,,,,,,,,99.1,91.1,100.0,99.1
2022-01-28,95.8,76.2,99.5,,,,,,,,,,99.1,91.3,100.0,99.1
2022-01-29,,,,,,,,,,,,,98.6,90.2,100.0,98.6
2022-01-30,,,,,,,,,,100.0,95.4,100.0,98.2,89.7,100.0,98.2
2022-01-31,,,,,,,,,,,,,97.0,88.2,100.0,97.0
2022-02-01,90.2,74.5,99.5,,,,,,,,,,97.5,88.9,100.0,97.5
2022-02-02,99.9,81.5,65.3,,,,,,,,,,96.1,87.5,100.0,96.1
2022-02-03,,,,,,,,,,,,,94.7,85.6,100.0,94.7
2022-02-04,,,,,,,,,,,,,94.0,84.6,100.0,94.0
2022-02-05,,,,84.0,80.0,100.0,,,,100.0,96.3,100.0,94.2,85.5,100.0,94.2
2022-02-06,,,,,,,,,,,,,94.3,84.9,100.0,94.3
2022-02-07,,,,,,,,,,,,,93.8,83.7,100.0,93.8
2022-02-08,,,,,,,,,,100.0,97.7,100.0,93.3,83.7,100.0,93.3
2022-02-09,91.0,68.5,99.5,,,,,,,100.0,95.1,100.0,94.7,84.2,100.0,94.7
2022-02-10,,,,82.6,79.6,100.0,,,,100.0,95.1,100.0,95.5,85.9,100.0,95.5
2022-02-11,,,,,,,,,,100.0,96.3,100.0,94.9,83.5,100.0,94.9
2022-02-12,,,,81.7,73.8,100.0,,,,100.0,94.0,100.0,94.8,84.6,100.0,94.8
2022-02-13,93.2,72.3,99.5,,,,,,,100.0,94.4,100.0,95.8,83.7,100.0,95.8
2022-02-14,100.0,84.7,57.2,,,,,,,,,,96.7,84.2,100.0,96.7
2022-02-15,,,,,,,,,,,,,94.4,81.1,100.0,94.4
2022-02-16,,,,,,,,,,,,,94.7,81.6,100.0,94.7
2022-02-17,,,,66.3,54.2,40.9,,,,100.0,94.6,100.0,93.4,78.1,100.0,93.4
2022-02-18,,,,,,,,,,,,,93.8,77.3,100.0,93.8
2022-02-19,,,,,,,,,,,,,90.9,73.2,100.0,90.9
2022-02-20,,,,10.6,34.5,100.0,,,,100.0,92.5,100.0,90.7,73.3,100.0,90.7
2022-02-21,95.1,70.1,99.5,,,,,,,,,,88.8,70.0,100.0,88.8
2022-02-22,,,,,,,,,,,,,83.0,66.2,100.0,83.0
2022-02-23,,,,,,,3.8,16.5,71.2,,,,67.3,61.2,100.0,67.3
2022-02-24,,,,,,,,,,,,,53.3,57.8,100.0,53.3
2022-02-25,89.0,62.8,99.5,,,,,,,,,,42.4,53.6,100.0,42.4
2022-02-26,89.4,59.3,55.2,,,,,,,,,,18.7,45.9,100.0,18.7
2022-02-27,,,,0.4,28.0,100.0,,,,100.0,85.5,100.0,24.7,47.9,100.0,24.7
2022-02-28,,,,,,,,,,,,,7.0,40.2,100.0,7.0
2022-03-01,,,,,,,,,,,,,8.1,40.1,100.0,8.1
2022-03-02,,,,0.0,15.4,100.0,,,,,,,1.7,32.3,100.0,1.7
2022-03-03,,,,,,,0.0,6.0,100.0,,,,2.7,34.6,100.0,2.7
2022-03-04,,,,0.0,15.4,100.0,0.0,3.5,100.0,,,,0.3,28.0,100.0,0.3
2022-03-05,72.0,55.9,99.5,,,,,,,98.1,75.7,100.0,0.5,28.4,100.0,0.5
2022-03-06,,,,,,,,,,80.6,62.1,100.0,0.0,23.8,100.0,0.0
2022-03-07,,,,0.1,18.0,52.3,,,,,,,0.0,25.3,100.0,0.0
2022-03-08,,,,,,,,,,91.6,65.6,43.2,0.0,20.6,100.0,0.0
2022-03-09,69.7,51.4,99.5,0.0,7.7,100.0,,,,18.5,35.6,100.0,0.0,20.3,100.0,0.0
2022-03-10,79.1,54.2,51.3,,,,,,,,,,0.0,18.0,100.0,0.0
2022-03-11,,,,,,,0.0,1.3,100.0,,,,0.0,16.8,100.0,0.0
2022-03-12,,,,0.0,7.8,100.0,0.2,1.7,100.0,,,,0.0,15.1,100.0,0.0
2022-03-13,,,,,,,,,,,,,0.0,14.1,100.0,0.0
2022-03-14,,,,0.0,5.1,100.0,,,,,,,0.0,13.4,100.0,0.0
2022-03-15,,,,,,,,,,,,,0.0,13.2,100.0,0.0
2022-03-16,,,,,,,,,,,,,0.0,12.2,100.0,0.0
2022-03-17,79.1,53.6,99.5,,,,,,,,,,0.0,12.4,100.0,0.0
2022-03-18,,,,,,,,,,,,,0.0,11.4,100.0,0.0
2022-03-19,,,,0.0,9.3,100.0,0.4,1.4,75.8,,,,0.0,10.2,100.0,0.0
2022-03-20,,,,,,,0.0,0.6,100.0,0.1,11.4,100.0,0.0,8.1,100.0,0.0
2022-03-21,62.2,47.8,99.5,,,,,,,,,,0.0,8.1,100.0,0.0
2022-03-22,90.6,57.5,48.1,0.0,5.4,100.0,,,,,,,0.0,7.1,100.0,0.0
2022-03-23,,,,,,,,,,,,,0.0,5.8,100.0,0.0
2022-03-24,,,,0.0,5.1,100.0,,,,,,,0.0,4.7,100.0,0.0
2022-03-25,,,,,,,,,,0.0,2.8,100.0,0.0,4.2,100.0,0.0
2022-03-26,,,,,,,,,,,,,0.0,4.2,100.0,0.0
2022-03-27,,,,0.0,2.4,100.0,0.0,0.1,100.0,0.0,1.9,100.0,0.0,3.0,100.0,0.0
2022-03-28,,,,,,,0.0,0.1,100.0,,,,0.0,2.7,100.0,0.0
2022-03-29,49.4,38.4,99.4,,,,,,,,,,0.0,2.7,100.0,0.0
2022-03-30,,,,,,,,,,,,,0.0,3.5,100.0,0.0
2022-03-31,,,,,,,,,,,,,0.0,3.7,100.0,0.0
2022-04-01,,,,,,,,,,,,,0.0,4.1,100.0,0.0
2022-04-02,40.9,33.3,99.4,,,,,,,,,,0.0,4.1,100.0,0.0
2022-04-03,24.5,36.4,55.3,,,,,,,,,,0.0,5.3,100.0,0.0
2022-04-04,,,,,,,0.0,0.4,100.0,,,,0.0,4.6,100.0,0.0
2022-04-05,,,,,,,,,,,,,0.0,4.3,100.0,0.0
2022-04-06,,,,0.0,1.1,100.0,,,,,,,0.0,3.8,100.0,0.0
2022-04-07,,,,,,,,,,,,,0.0,5.0,100.0,0.0
2022-04-08,,,,,,,,,,,,,0.0,6.1,100.0,0.0
2022-04-09,,,,,,,,,,,,,0.0,5.3,100.0,0.0
2022-04-10,9.3,22.6,98.4,,,,,,,,,,0.0,3.0,100.0,0.0
2022-04-11,,,,0.0,0.6,100.0,,,,,,,0.0,3.1,100.0,0.0
2022-04-12,,,,,,,,,,,,,0.0,3.0,100.0,0.0
2022-04-13,,,,0.0,0.6,100.0,0.0,0.1,100.0,0.0,0.4,100.0,0.0,2.0,100.0,0.0
2022-04-14,,,,,,,,,,0.0,0.2,100.0,0.0,1.7,100.0,0.0
2022-04-15,14.7,31.0,61.3,,,,,,,,,,0.0,2.2,100.0,0.0
2022-04-16,,,,,,,,,,,,,0.0,2.5,100.0,0.0
2022-04-17,,,,,,,,,,,,,0.0,2.2,100.0,0.0
2022-04-18,,,,0.0,0.8,100.0,,,,0.0,0.1,73.5,0.0,2.0,100.0,0.0
2022-04-19,,,,,,,,,,0.0,0.1,87.3,0.0,2.3,100.0,0.0
2022-04-20,,,,,,,0.0,0.1,100.0,0.0,0.1,100.0,0.0,2.0,100.0,0.0
2022-04-21,,,,0.0,1.6,100.0,0.0,0.1,100.0,0.0,0.0,100.0,0.0,1.6,100.0,0.0
2022-04-22,8.3,21.0,98.4,,,,,,,,,,0.0,1.6,100.0,0.0
2022-04-23,,,,,,,,,,,,,0.0,1.9,100.0,0.0
2022-04-24,,,,,,,,,,0.0,0.0,54.9,0.0,1.8,100.0,0.0
2022-04-25,,,,,,,,,,,,,0.0,1.5,100.0,0.0
2022-04-26,14.1,24.6,98.4,,,,,,,,,,0.0,1.7,100.0,0.0
2022-04-27,45.9,42.5,61.8,,,,,,,0.0,0.0,100.0,0.0,1.9,100.0,0.0
2022-04-28,,,,0.0,1.7,100.0,0.0,0.0,100.0,,,,0.0,1.6,100.0,0.0
2022-04-29,,,,,,,0.0,0.1,100.0,,,,0.0,1.4,100.0,0.0
2022-04-30,,,,,,,,,,,,,0.0,1.4,100.0,0.0
2022-05-01,,,,,,,,,,,,,0.0,1.6,100.0,0.0
2022-05-02,,,,,,,,,,0.0,0.0,45.2,0.0,1.3,100.0,0.0
2022-05-03,,,,0.0,2.1,97.7,,,,0.0,0.0,100.0,0.0,0.9,100.0,0.0
2022-05-04,63.2,52.6,98.4,,,,,,,,,,0.0,1.0,100.0,0.0
2022-05-05,,,,,,,,,,,,,0.0,0.9,100.0,0.0
2022-05-06,,,,,,,,,,,,,0.0,0.7,100.0,0.0
2022-05-07,,,,,,,,,,,,,0.0,0.6,100.0,0.0
2022-05-08,62.9,51.7,98.2,,,,,,,,,,0.0,0.6,100.0,0.0
2022-05-09,99.9,83.1,58.2,,,,,,,,,,0.0,0.3,100.0,0.0
2022-05-10,,,,,,,,,,,,,0.0,0.2,100.0,0.0
2022-05-11,,,,0.0,0.6,100.0,,,,,,,0.0,0.1,100.0,0.0
2022-05-12,,,,,,,,,,,,,0.0,0.1,100.0,0.0
2022-05-13,,,,,,,,,,,,,0.0,0.1,100.0,0.0
2022-05-14,,,,,,,0.0,0.0,38.9,,,,0.0,0.0,100.0,0.0
2022-05-15,,,,,,,0.0,0.0,100.0,,,,0.0,0.0,100.0,0.0
2022-05-16,64.2,58.5,98.4,,,,,,,,,,0.0,0.0,100.0,0.0
2022-05-17,,,,,,,,,,,,,0.0,0.0,100.0,0.0
2022-05-18,,,,0.0,0.6,100.0,,,,,,,0.0,0.0,100.0,0.0
2022-05-19,,,,,,,,,,,,,0.0,0.1,100.0,0.0
2022-05-20,64.1,62.3,98.4,,,,,,,,,,0.0,0.0,100.0,0.0
2022-05-21,99.9,91.9,59.5,0.0,2.6,52.0,,,,,,,0.0,0.1,100.0,0.0
2022-05-22,,,,,,,,,,,,,0.0,0.1,100.0,0.0
2022-05-23,,,,0.0,1.7,100.0,0.0,0.0,100.0,,,,0.0,0.1,100.0,0.0
2022-05-24,,,,,,,,,,,,,0.0,0.0,100.0,0.0
2022-05-25,,,,,,,,,,,,,0.0,0.1,100.0,0.0
2022-05-26,,,,0.0,2.6,57.7,,,,,,,0.0,0.1,100.0,0.0
2022-05-27,,,,,,,,,,0.0,0.0,100.0,0.0,0.1,100.0,0.0
2022-05-28,64.6,58.6,98.4,,,,,,,0.0,0.0,85.0,0.0,0.1,100.0,0.0
2022-05-29,,,,,,,,,,,,,0.0,0.1,100.0,0.0
2022-05-30,,,,,,,,,,0.0,0.0,100.0,0.0,0.1,100.0,0.0
2022-05-31,,,,0.0,1.4,100.0,0.0,0.0,100.0,,,,0.0,0.1,100.0,0.0
2022-06-01,65.0,60.4,98.4,,,,,,,,,,0.0,0.1,100.0,0.0
2022-06-02,100.0,91.0,53.4,,,,,,,,,,0.0,0.1,100.0,0.0
2022-06-03,,,,,,,,,,,,,0.0,0.1,100.0,0.0
2022-06-04,,,,,,,,,,0.0,0.0,100.0,0.0,0.2,100.0,0.0
2022-06-05,,,,0.0,0.6,100.0,,,,,,,0.0,0.2,100.0,0.0
2022-06-06,,,,,,,,,,,,,0.0,0.3,100.0,0.0
2022-06-07,,,,,,,,,,,,,0.0,0.4,100.0,0.0
2022-06-08,,,,,,,,,,,,,0.0,0.6,100.0,0.0
2022-06-09,,,,,,,,,,,,,0.0,0.6,100.0,0.0
2022-06-10,,,,,,,,,,,,,0.0,0.7,100.0,0.0
2022-06-11,,,,,,,,,,0.0,0.0,100.0,0.0,0.6,100.0,0.0
2022-06-12,,,,0.0,0.5,100.0,,,,0.0,0.0,100.0,0.0,0.4,100.0,0.0
2022-06-13,66.5,61.3,98.3,,,,,,,,,,0.0,0.5,100.0,0.0
2022-06-14,95.8,81.6,65.7,,,,,,,,,,0.0,0.3,100.0,0.0
2022-06-15,,,,0.0,1.0,40.4,,,,,,,0.0,0.3,100.0,0.0
2022-06-16,,,,,,,,,,,,,0.0,0.1,100.0,0.0
2022-06-17,,,,0.0,0.6,100.0,,,,,,,0.0,0.1,100.0,0.0
2022-06-18,,,,,,,,,,0.0,0.0,100.0,0.0,0.1,100.0,0.0
2022-06-19,,,,,,,,,,,,,0.0,0.0,100.0,0.0
2022-06-20,,,,,,,,,,0.0,0.0,100.0,0.0,0.0,100.0,0.0
2022-06-21,66.7,61.2,98.4,,,,,,,,,,0.0,0.0,100.0,0.0
2022-06-22,,,,,,,,,,,,,0.0,0.0,100.0,0.0
2022-06-23,,,,,,,0.0,0.0,100.0,0.0,0.0,100.0,0.0,0.0,100.0,0.0
2022-06-24,,,,,,,,,,,,,0.0,0.0,100.0,0.0
2022-06-25,64.2,59.9,98.4,0.0,0.5,62.4,,,,,,,0.0,0.0,100.0,0.0
2022-06-26,99.7,84.8,59.0,,,,,,,,,,0.0,0.0,100.0,0.0
2022-06-27,,,,0.0,0.9,100.0,,,,0.0,0.0,100.0,0.0,0.0,100.0,0.0
2022-06-28,,,,,,,,,,,,,0.0,0.0,100.0,0.0
2022-06-29,,,,,,,,,,,,,0.0,0.0,100.0,0.0
2022-06-30,,,,0.0,1.2,100.0,,,,,,,0.0,0.0,100.0,0.0
2022-07-01,,,,,,,,,,,,,0.0,0.0,100.0,0.0
2022-07-02,,,,0.0,2.2,100.0,0.0,0.0,100.0,,,,0.0,0.0,100.0,0.0
2022-07-03,67.7,58.7,98.3,,,,,,,,,,0.0,0.0,100.0,0.0
2022-07-04,,,,,,,,,,,,,0.0,0.0,100.0,0.0
2022-07-05,,,,0.0,3.6,98.1,,,,,,,0.0,0.0,100.0,0.0
2022-07-06,,,,,,,,,,,,,0.0,0.1,100.0,0.0
2022-07-07,65.3,56.9,98.3,,,,,,,,,,0.0,0.1,100.0,0.0
2022-07-08,98.8,75.3,55.3,,,,,,,,,,0.0,0.0,100.0,0.0
2022-07-09,,,,,,,0.0,0.0,32.4,,,,0.0,0.0,100.0,0.0
2022-07-10,,,,,,,,,,,,,0.0,0.0,100.0,0.0
2022-07-11,,,,,,,,,,,,,0.0,0.0,100.0,0.0
2022-07-12,,,,0.0,1.9,97.7,,,,0.0,0.0,95.5,0.0,0.0,100.0,0.0
2022-07-13,,,,,,,,,,,,,0.0,0.0,100.0,0.0
2022-07-14,,,,,,,,,,,,,0.0,0.0,100.0,0.0
2022-07-15,65.5,55.5,98.3,,,,,,,,,,0.0,0.0,100.0,0.0
2022-07-16,,,,,,,,,,0.0,0.0,100.0,0.0,0.0,100.0,0.0
2022-07-17,,,,0.0,1.0,100.0,0.0,0.0,100.0,,,,0.0,0.0,100.0,0.0
2022-07-18,,,,,,,0.0,0.0,100.0,,,,0.0,0.0,100.0,0.0
2022-07-19,63.4,51.1,98.4,,,,,,,0.0,0.0,100.0,0.0,0.0,100.0,0.0
2022-07-20,77.3,52.8,54.0,0.0,1.3,100.0,,,,,,,0.0,0.0,100.0,0.0
2022-07-21,,,,,,,,,,,,,0.0,0.0,100.0,0.0
2022-07-22,,,,0.0,1.5,100.0,,,,,,,0.0,0.0,100.0,0.0
2022-07-23,,,,,,,,,,,,,0.0,0.0,100.0,0.0
2022-07-24,,,,,,,,,,,,,0.0,0.0,100.0,0.0
2022-07-25,,,,0.0,2.0,100.0,0.0,0.0,100.0,,,,0.0,0.0,100.0,0.0
2022-07-26,,,,,,,,,,,,,0.0,0.0,100.0,0.0
2022-07-27,66.5,49.0,98.3,0.0,4.4,76.1,,,,,,,0.0,0.0,100.0,0.0
2022-07-28,,,,,,,,,,0.0,0.0,100.0,0.0,0.0,100.0,0.0
2022-07-29,,,,,,,,,,,,,0.0,0.0,100.0,0.0
2022-07-30,,,,0.0,2.7,100.0,,,,,,,0.0,0.0,100.0,0.0
2022-07-31,50.5,42.9,98.4,,,,,,,0.0,0.0,100.0,0.0,0.0,100.0,0.0
2022-08-01,63.3,48.7,59.9,0.0,3.8,97.6,,,,0.0,0.0,100.0,0.0,0.0,100.0,0.0
2022-08-02,,,,,,,0.0,0.0,88.4,0.0,0.0,100.0,0.0,0.0,100.0,0.0
2022-08-03,,,,,,,0.0,0.0,100.0,0.0,0.0,100.0,0.0,0.0,100.0,0.0
2022-08-04,,,,0.0,2.7,100.0,,,,0.0,0.0,100.0,0.0,0.0,100.0,0.0
2022-08-05,,,,,,,,,,,,,0.0,0.0,100.0,0.0
2022-08-06,,,,,,,,,,,,,0.0,0.0,100.0,0.0
2022-08-07,,,,,,,,,,,,,0.0,0.0,100.0,0.0
2022-08-08,34.9,40.4,99.1,,,,,,,0.0,0.0,100.0,0.0,0.0,100.0,0.0
2022-08-09,,,,0.0,2.7,100.0,,,,0.0,0.0,100.0,0.0,0.0,100.0,0.0
2022-08-10,,,,,,,0.0,0.0,100.0,,,,0.0,0.0,100.0,0.0
2022-08-11,,,,0.0,2.6,100.0,0.0,0.0,100.0,,,,0.0,0.0,100.0,0.0
2022-08-12,30.0,38.3,99.1,,,,,,,,,,0.0,0.0,100.0,0.0
2022-08-13,18.7,34.7,64.2,,,,,,,0.0,0.0,100.0,0.0,0.0,100.0,0.0
2022-08-14,,,,0.0,2.1,100.0,,,,0.0,0.0,100.0,0.0,0.0,100.0,0.0
2022-08-15,,,,,,,,,,0.0,0.0,100.0,0.0,0.0,100.0,0.0
2022-08-16,,,,0.0,2.3,100.0,,,,0.0,0.0,100.0,0.0,0.0,100.0,0.0
2022-08-17,,,,,,,,,,0.0,0.0,100.0,0.0,0.0,100.0,0.0
2022-08-18,,,,,,,,,,,,,0.0,0.0,100.0,0.0
2022-08-19,,,,,,,,,,,,,0.0,0.0,100.0,0.0
2022-08-20,35.1,38.8,99.1,,,,,,,,,,0.0,0.0,100.0,0.0
2022-08-21,,,,0.0,2.4,100.0,,,,0.0,0.0,100.0,0.0,0.0,100.0,0.0
2022-08-22,,,,,,,,,,0.0,0.0,100.0,0.0,0.0,100.0,0.0
2022-08-23,,,,,,,,,,0.0,0.0,100.0,0.0,0.0,100.0,0.0
2022-08-24,,,,0.0,2.0,100.0,,,,0.0,0.0,100.0,0.0,0.0,100.0,0.0
2022-08-25,67.8,50.3,66.3,,,,,,,,,,0.0,0.0,100.0,0.0
2022-08-26,,,,0.0,3.7,31.7,,,,0.0,0.0,43.6,0.0,0.0,100.0,0.0
2022-08-27,,,,,,,,,,,,,0.0,0.0,100.0,0.0
2022-08-28,,,,,,,,,,,,,0.0,0.0,100.0,0.0
2022-08-29,,,,0.0,2.1,100.0,,,,,,,0.0,0.0,100.0,0.0
2022-08-30,,,,,,,,,,0.0,0.0,100.0,0.0,0.0,100.0,0.0
2022-08-31,,,,,,,,,,,,,0.0,0.0,100.0,0.0
2022-09-01,58.5,42.4,99.1,,,,,,,,,,0.0,0.0,100.0,0.0
2022-09-02,,,,,,,,,,,,,0.0,0.0,100.0,0.0
2022-09-03,,,,0.0,3.2,100.0,,,,,,,0.0,0.0,100.0,0.0
2022-09-04,,,,,,,0.0,0.0,100.0,,,,0.0,0.0,100.0,0.0
2022-09-05,50.0,38.5,99.1,0.0,2.0,100.0,,,,0.0,0.0,100.0,0.0,0.0,100.0,0.0
2022-09-06,74.9,52.0,45.6,,,,,,,,,,0.0,0.0,100.0,0.0
2022-09-07,,,,,,,,,,,,,0.0,0.0,100.0,0.0
2022-09-08,,,,,,,,,,0.0,0.0,91.4,0.0,0.0,100.0,0.0
2022-09-09,,,,,,,,,,,,,0.0,0.0,100.0,0.0
2022-09-10,,,,,,,,,,,,,0.0,0.0,100.0,0.0
2022-09-11,,,,,,,,,,0.0,0.0,77.3,0.0,0.0,100.0,0.0
2022-09-12,,,,,,,0.0,0.0,100.0,0.0,0.0,100.0,0.0,0.0,100.0,0.0
2022-09-13,59.2,43.7,99.1,0.0,1.0,100.0,,,,,,,0.0,0.0,100.0,0.0
2022-09-14,,,,,,,,,,,,,0.0,0.0,100.0,0.0
2022-09-15,,,,,,,,,,,,,0.0,0.0,100.0,0.0
2022-09-16,,,,,,,,,,,,,0.0,0.0,100.0,0.0
2022-09-17,60.7,44.9,99.1,,,,,,,,,,0.0,0.0,100.0,0.0
2022-09-18,95.8,65.0,60.5,,,,,,,,,,0.0,0.0,100.0,0.0
2022-09-19,,,,,,,0.0,0.0,100.0,0.0,0.0,66.0,0.0,0.0,100.0,0.0
2022-09-20,,,,,,,,,,,,,0.0,0.0,100.0,0.0
2022-09-21,,,,,,,,,,,,,0.0,0.0,100.0,0.0
2022-09-22,,,,,,,,,,,,,0.0,0.0,100.0,0.0
2022-09-23,,,,0.0,0.7,100.0,,,,,,,0.0,0.0,100.0,0.0
2022-09-24,,,,,,,,,,,,,0.0,0.0,100.0,0.0
2022-09-25,63.5,46.2,99.1,0.0,2.0,54.2,,,,,,,0.0,0.0,100.0,0.0
2022-09-26,,,,,,,,,,,,,0.0,0.0,100.0,0.0
2022-09-27,,,,,,,,,,,,,0.0,0.0,100.0,0.0
2022-09-28,,,,,,,,,,,,,0.0,0.0,100.0,0.0
2022-09-29,62.2,46.3,99.1,,,,,,,,,,0.0,0.0,100.0,0.0
2022-09-30,99.6,72.7,52.4,,,,,,,,,,0.0,0.0,100.0,0.0
2022-10-01,,,,,,,,,,,,,0.0,0.0,100.0,0.0
2022-10-02,,,,,,,,,,,,,0.0,0.0,100.0,0.0
2022-10-03,,,,0.0,1.0,33.9,,,,,,,0.0,0.0,100.0,0.0
2022-10-04,,,,,,,,,,,,,0.0,0.0,100.0,0.0
2022-10-05,,,,0.0,0.8,100.0,0.0,0.1,100.0,,,,0.0,0.0,100.0,0.0
2022-10-06,,,,,,,0.0,0.0,100.0,,,,0.0,0.0,100.0,0.0
2022-10-07,63.5,49.2,99.1,,,,,,,0.0,0.0,100.0,0.0,0.0,100.0,0.0
2022-10-08,,,,,,,,,,,,,0.0,0.0,100.0,0.0
2022-10-09,,,,,,,,,,,,,0.0,0.0,100.0,0.0
2022-10-10,,,,,,,,,,,,,0.0,0.1,100.0,0.0
2022-10-11,61.9,46.8,99.1,,,,,,,,,,0.0,0.1,100.0,0.0
2022-10-12,90.4,63.9,66.5,,,,,,,0.0,0.0,100.0,0.0,0.0,100.0,0.0
2022-10-13,,,,,,,,,,,,,0.0,0.1,100.0,0.0
2022-10-14,,,,,,,,,,,,,0.0,0.1,100.0,0.0
2022-10-15,,,,,,,,,,,,,0.0,0.1,100.0,0.0
2022-10-16,,,,,,,,,,0.0,0.0,100.0,0.0,0.1,100.0,0.0
2022-10-17,,,,,,,,,,0.0,0.0,100.0,0.0,0.1,100.0,0.0
2022-10-18,,,,0.0,0.6,100.0,,,,0.0,0.0,100.0,0.0,0.1,100.0,0.0
2022-10-19,58.6,42.1,99.1,,,,,,,,,,0.0,0.1,100.0,0.0
2022-10-20,,,,0.0,0.9,100.0,,,,0.0,0.0,100.0,0.0,0.1,100.0,0.0
2022-10-21,,,,,,,,,,0.0,0.0,44.5,0.0,0.1,100.0,0.0
2022-10-22,,,,,,,,,,,,,0.0,0.1,100.0,0.0
2022-10-23,58.1,40.9,99.1,,,,,,,0.0,0.0,100.0,0.0,0.1,100.0,0.0
2022-10-24,54.6,46.5,61.7,,,,,,,,,,0.0,0.1,100.0,0.0
2022-10-25,,,,0.0,1.9,100.0,,,,,,,0.0,0.1,100.0,0.0
2022-10-26,,,,,,,,,,,,,0.0,0.0,100.0,0.0
2022-10-27,,,,,,,,,,0.0,0.0,100.0,0.0,0.0,100.0,0.0
2022-10-28,,,,0.0,4.7,100.0,,,,,,,0.0,0.0,100.0,0.0
2022-10-29,,,,,,,0.0,0.2,100.0,,,,0.0,0.0,100.0,0.0
2022-10-30,,,,0.0,3.3,100.0,0.0,0.1,100.0,0.0,0.1,100.0,0.0,0.0,100.0,0.0
2022-10-31,41.7,32.7,99.1,,,,,,,0.0,0.1,94.1,0.0,0.0,100.0,0.0
2022-11-01,,,,,,,,,,0.0,0.1,50.5,0.0,0.0,100.0,0.0
2022-11-02,,,,,,,,,,,,,0.0,0.1,100.0,0.0
2022-11-03,,,,,,,,,,,,,0.0,0.1,100.0,0.0
2022-11-04,28.1,27.2,99.1,,,,,,,,,,0.0,0.1,100.0,0.0
2022-11-05,30.1,35.6,60.3,,,,,,,,,,0.0,0.1,100.0,0.0
2022-11-06,,,,,,,0.0,1.5,100.0,,,,0.0,0.1,100.0,0.0
2022-11-07,,,,,,,,,,,,,0.0,0.1,100.0,0.0
2022-11-08,,,,,,,,,,,,,0.0,0.1,100.0,0.0
2022-11-09,,,,,,,,,,,,,0.0,0.1,100.0,0.0
2022-11-10,,,,,,,,,,,,,0.0,0.1,100.0,0.0
2022-11-11,,,,,,,,,,,,,0.0,0.1,100.0,0.0
2022-11-12,15.1,20.7,99.1,,,,,,,,,,0.0,0.1,100.0,0.0
2022-11-13,,,,,,,,,,,,,0.0,0.1,100.0,0.0
2022-11-14,,,,,,,,,,,,,0.0,0.1,100.0,0.0
2022-11-15,,,,,,,0.0,0.3,100.0,,,,0.0,0.2,100.0,0.0
2022-11-16,8.5,16.1,99.1,,,,,,,0.0,0.2,100.0,0.0,0.1,100.0,0.0
2022-11-17,10.6,20.7,50.7,,,,,,,,,,0.0,0.3,100.0,0.0
2022-11-18,,,,,,,,,,,,,0.0,0.3,100.0,0.0
2022-11-19,,,,,,,,,,,,,0.0,0.5,100.0,0.0
2022-11-20,,,,,,,,,,,,,0.0,0.6,100.0,0.0
2022-11-21,,,,,,,,,,,,,0.0,0.9,100.0,0.0
2022-11-22,,,,,,,,,,,,,0.0,0.9,100.0,0.0
2022-11-23,,,,,,,0.0,0.8,100.0,,,,0.0,1.3,100.0,0.0
2022-11-24,7.1,13.7,99.1,,,,,,,,,,0.0,1.1,100.0,0.0
2022-11-25,,,,,,,,,,,,,0.0,1.4,100.0,0.0
2022-11-26,,,,,,,,,,,,,0.0,1.5,100.0,0.0
2022-11-27,,,,0.1,3.0,100.0,,,,0.0,0.9,100.0,0.0,1.7,100.0,0.0
2022-11-28,6.0,11.9,99.1,,,,,,,,,,0.0,2.0,100.0,0.0
2022-11-29,14.6,28.6,50.7,,,,,,,,,,0.0,2.4,100.0,0.0
2022-11-30,,,,,,,,,,,,,0.0,2.8,100.0,0.0
2022-12-01,,,,,,,,,,,,,0.0,3.6,100.0,0.0
2022-12-02,,,,,,,,,,,,,0.0,4.0,100.0,0.0
2022-12-03,,,,,,,,,,,,,0.0,4.8,100.0,0.0
2022-12-04,,,,,,,,,,,,,0.0,5.6,100.0,0.0
2022-12-05,,,,,,,,,,,,,0.0,5.1,100.0,0.0
2022-12-06,14.6,21.7,99.1,,,,,,,,,,0.0,6.7,100.0,0.0
2022-12-07,,,,,,,,,,,,,0.0,7.7,100.0,0.0
2022-12-08,,,,,,,0.0,6.1,100.0,0.0,3.3,100.0,0.0,10.0,100.0,0.0
2022-12-09,,,,,,,,,,,,,0.0,13.2,100.0,0.0
2022-12-10,15.2,23.1,99.1,,,,,,,,,,0.0,18.4,100.0,0.0
2022-12-11,53.5,46.6,53.2,,,,,,,,,,0.0,22.8,100.0,0.0
2022-12-12,,,,,,,,,,,,,1.0,30.1,100.0,1.0
2022-12-13,,,,,,,,,,,,,4.1,34.3,100.0,4.1
2022-12-14,,,,,,,,,,,,,25.7,39.7,100.0,25.7
2022-12-15,,,,,,,,,,,,,19.5,36.5,100.0,19.5
2022-12-16,,,,,,,,,,,,,24.5,37.9,100.0,24.5
2022-12-17,,,,,,,100.0,98.3,100.0,,,,23.6,40.0,100.0,23.6
2022-12-18,63.9,48.1,99.1,,,,,,,0.0,6.7,77.8,23.2,39.1,100.0,23.2
2022-12-19,,,,1.0,27.9,75.8,,,,,,,15.8,35.9,100.0,15.8
2022-12-20,,,,,,,,,,,,,9.2,33.2,100.0,9.2
2022-12-21,,,,,,,,,,,,,1.1,28.2,100.0,1.1
2022-12-22,63.8,56.0,99.1,,,,,,,,,,0.7,27.6,100.0,0.7
2022-12-23,99.5,89.0,61.7,,,,,,,,,,0.2,22.0,100.0,0.2
2022-12-24,,,,,,,,,,,,,0.2,21.8,100.0,0.2
2022-12-25,,,,,,,44.6,42.3,100.0,,,,0.1,18.0,100.0,0.1
2022-12-26,,,,,,,,,,,,,0.1,17.7,100.0,0.1
2022-12-27,,,,,,,,,,,,,0.1,19.1,100.0,0.1
2022-12-28,,,,,,,,,,,,,1.2,22.7,100.0,1.2
2022-12-29,,,,,,,,,,,,,1.5,21.7,100.0,1.5
2022-12-30,64.0,60.6,99.1,,,,,,,,,,4.7,24.4,100.0,4.7
2022-12-31,,,,,,,,,,,,,4.4,23.2,100.0,4.4
2023-01-01,,,,98.9,92.5,100.0,0.4,16.6,100.0,,,,16.3,31.9,100.0,16.3
2023-01-02,,,,,,,,,,,,,11.8,27.0,100.0,11.8
2023-01-03,63.7,59.2,99.3,,,,,,,,,,19.1,33.1,100.0,19.1
2023-01-04,98.9,88.4,63.6,,,,,,,,,,18.9,33.7,100.0,18.9
2023-01-05,,,,,,,,,,0.8,11.2,100.0,23.9,43.5,100.0,23.9
2023-01-06,,,,97.7,95.2,100.0,,,,,,,23.4,44.8,100.0,23.4
2023-01-07,,,,,,,,,,,,,25.3,48.9,100.0,25.3
2023-01-08,,,,,,,,,,,,,23.0,48.4,100.0,23.0
2023-01-09,,,,,,,,,,,,,56.5,60.2,100.0,56.5
2023-01-10,,,,,,,,,,,,,60.9,62.1,100.0,60.9
2023-01-11,64.6,55.8,99.3,,,,,,,0.8,21.2,100.0,73.7,65.7,100.0,73.7
2023-01-12,,,,,,,,,,,,,83.6,68.6,100.0,83.6
2023-01-13,,,,,,,,,,,,,86.5,70.4,100.0,86.5
2023-01-14,,,,,,,,,,,,,89.8,73.4,100.0,89.8
2023-01-15,62.5,51.4,99.3,,,,,,,,,,87.3,71.8,100.0,87.3
2023-01-16,90.9,58.4,62.5,,,,,,,,,,88.5,74.8,100.0,88.5
2023-01-17,,,,,,,,,,,,,88.3,78.0,100.0,88.3
2023-01-18,,,,,,,,,,,,,90.0,81.8,100.0,90.0
2023-01-19,,,,,,,,,,,,,87.9,79.5,100.0,87.9
2023-01-20,,,,,,,,,,,,,88.7,81.7,100.0,88.7
2023-01-21,,,,,,,,,,,,,89.2,82.9,100.0,89.2
2023-01-22,,,,,,,,,,,,,91.7,86.8,100.0,91.7
2023-01-23,30.5,29.6,99.3,,,,,,,,,,91.6,86.8,100.0,91.6
2023-01-24,,,,,,,,,,,,,92.3,86.4,100.0,92.3
2023-01-25,,,,,,,,,,,,,93.9,89.3,100.0,93.9
2023-01-26,,,,,,,,,,,,,95.8,92.3,100.0,95.8
2023-01-27,9.7,20.4,99.3,,,,,,,,,,94.9,92.6,100.0,94.9
2023-01-28,9.2,17.7,50.3,,,,,,,,,,95.2,92.3,100.0,95.2
2023-01-29,,,,,,,,,,,,,94.4,92.1,100.0,94.4
2023-01-30,,,,,,,,,,,,,94.9,93.0,100.0,94.9
2023-01-31,,,,100.0,99.6,100.0,,,,,,,94.4,93.4,100.0,94.4
2023-02-01,,,,,,,,,,,,,94.0,91.3,100.0,94.0
2023-02-02,,,,,,,,,,,,,92.2,89.7,100.0,92.2
2023-02-03,,,,,,,,,,,,,91.9,89.3,100.0,91.9
2023-02-04,10.1,20.8,99.3,,,,,,,,,,90.3,87.9,100.0,90.3
2023-02-05,,,,,,,,,,,,,89.2,86.2,100.0,89.2
2023-02-06,,,,,,,,,,,,,87.5,84.4,100.0,87.5
2023-02-07,,,,84.9,84.6,100.0,,,,56.3,50.0,100.0,87.7,84.8,100.0,87.7
2023-02-08,8.3,17.8,99.3,,,,,,,84.7,62.0,100.0,86.9,83.3,100.0,86.9
2023-02-09,11.9,25.7,60.2,,,,,,,99.6,79.0,100.0,88.1,83.1,100.0,88.1
2023-02-10,,,,82.7,81.2,100.0,88.6,71.9,99.9,100.0,87.5,100.0,89.1,84.5,100.0,89.1
2023-02-11,,,,,,,,,,,,,89.2,83.5,100.0,89.2
2023-02-12,,,,78.4,73.3,100.0,,,,100.0,90.4,100.0,89.1,83.4,100.0,89.1
2023-02-13,,,,,,,,,,,,,88.7,81.5,100.0,88.7
2023-02-14,,,,,,,,,,100.0,95.1,100.0,88.4,80.9,100.0,88.4
2023-02-15,,,,75.8,62.5,100.0,,,,100.0,95.7,100.0,87.7,78.8,100.0,87.7
2023-02-16,21.6,27.8,99.3,,,,,,,100.0,96.4,100.0,87.7,77.2,100.0,87.7
2023-02-17,,,,,,,,,,,,,83.6,72.3,100.0,83.6
2023-02-18,,,,,,,,,,100.0,95.2,60.3,81.4,69.9,100.0,81.4
2023-02-19,,,,,,,,,,100.0,95.7,100.0,65.6,64.5,100.0,65.6
2023-02-20,21.6,24.2,99.3,0.1,15.3,100.0,,,,,,,54.4,60.9,100.0,54.4
2023-02-21,5.2,19.7,64.8,,,,,,,,,,30.6,47.8,100.0,30.6
2023-02-22,,,,,,,,,,100.0,96.0,100.0,21.4,44.9,100.0,21.4
2023-02-23,,,,,,,,,,,,,4.1,37.4,100.0,4.1
2023-02-24,,,,,,,,,,,,,1.3,34.8,100.0,1.3
2023-02-25,,,,,,,,,,100.0,95.6,100.0,0.3,29.1,100.0,0.3
2023-02-26,,,,,,,,,,100.0,94.7,64.4,0.4,29.7,100.0,0.4
2023-02-27,,,,,,,,,,100.0,93.8,100.0,0.2,28.1,100.0,0.2
2023-02-28,3.0,12.9,99.3,,,,,,,,,,0.3,29.4,100.0,0.3
2023-03-01,,,,,,,,,,100.0,90.1,100.0,0.1,30.3,100.0,0.1
2023-03-02,,,,,,,,,,,,,0.0,29.4,100.0,0.0
2023-03-03,,,,,,,,,,99.3,82.9,100.0,0.0,28.3,100.0,0.0
2023-03-04,3.3,14.3,99.3,,,,,,,93.7,70.8,100.0,0.0,27.2,100.0,0.0
2023-03-05,5.2,21.7,55.9,,,,,,,,,,0.1,32.9,100.0,0.1
2023-03-06,,,,,,,,,,,,,0.0,29.1,100.0,0.0
2023-03-07,,,,0.0,7.5,99.9,72.2,53.9,77.0,,,,0.1,30.5,100.0,0.1
2023-03-08,,,,,,,,,,,,,0.0,23.8,100.0,0.0
2023-03-09,,,,,,,,,,,,,0.0,25.6,100.0,0.0
2023-03-10,,,,,,,,,,,,,0.0,21.6,100.0,0.0
2023-03-11,,,,,,,,,,,,,0.0,21.3,100.0,0.0
2023-03-12,2.8,14.5,99.6,,,,,,,,,,0.0,17.5,100.0,0.0
2023-03-13,,,,,,,,,,,,,0.0,16.6,100.0,0.0
2023-03-14,,,,,,,,,,,,,0.0,12.9,100.0,0.0
2023-03-15,,,,,,,0.3,10.9,100.0,,,,0.0,11.3,100.0,0.0
2023-03-16,2.6,10.1,99.5,,,,,,,,,,0.0,8.8,100.0,0.0
2023-03-17,3.2,12.5,62.2,0.0,0.8,100.0,,,,,,,0.0,7.2,100.0,0.0
2023-03-18,,,,,,,,,,87.1,62.2,41.9,0.0,5.6,100.0,0.0
2023-03-19,,,,,,,,,,,,,0.0,4.6,100.0,0.0
2023-03-20,,,,,,,,,,,,,0.0,4.6,100.0,0.0
2023-03-21,,,,,,,,,,,,,0.0,4.2,100.0,0.0
2023-03-22,,,,0.0,0.5,100.0,0.0,0.4,100.0,,,,0.0,3.4,100.0,0.0
2023-03-23,,,,,,,,,,,,,0.0,2.8,100.0,0.0
2023-03-24,5.2,15.6,99.6,,,,,,,,,,0.0,2.8,100.0,0.0
2023-03-25,,,,,,,,,,,,,0.0,2.9,100.0,0.0
2023-03-26,,,,,,,,,,,,,0.0,3.2,100.0,0.0
2023-03-27,,,,,,,,,,50.1,46.9,71.2,0.0,3.5,100.0,0.0
2023-03-28,2.8,9.4,99.6,,,,,,,,,,0.0,3.6,100.0,0.0
2023-03-29,3.1,9.3,60.8,,,,,,,,,,0.0,4.5,100.0,0.0
2023-03-30,,,,,,,,,,,,,0.0,6.3,100.0,0.0
2023-03-31,,,,,,,,,,,,,0.0,7.8,100.0,0.0
2023-04-01,,,,,,,,,,,,,0.0,8.1,100.0,0.0
2023-04-02,,,,,,,,,,,,,0.0,9.1,100.0,0.0
2023-04-03,,,,,,,,,,,,,0.0,9.3,100.0,0.0
2023-04-04,,,,,,,,,,,,,0.0,11.4,100.0,0.0
2023-04-05,2.1,5.2,99.6,,,,,,,,,,0.0,11.1,100.0,0.0
2023-04-06,,,,,,,,,,,,,0.0,11.2,100.0,0.0
2023-04-07,,,,,,,,,,,,,0.0,11.8,100.0,0.0
2023-04-08,,,,,,,,,,,,,0.0,12.4,100.0,0.0
2023-04-09,2.6,6.0,99.6,,,,,,,,,,0.0,11.9,100.0,0.0
2023-04-10,3.1,7.5,53.3,,,,,,,0.1,15.0,67.3,0.0,12.6,100.0,0.0
2023-04-11,,,,,,,,,,,,,0.0,13.6,100.0,0.0
2023-04-12,,,,,,,,,,,,,0.0,13.5,100.0,0.0
2023-04-13,,,,,,,,,,,,,0.0,13.6,100.0,0.0
2023-04-14,,,,,,,,,,,,,0.0,13.8,100.0,0.0
2023-04-15,,,,,,,,,,,,,0.0,12.6,100.0,0.0
2023-04-16,,,,,,,,,,,,,0.0,13.4,100.0,0.0
2023-04-17,2.8,6.6,99.6,,,,,,,,,,0.0,13.0,100.0,0.0
2023-04-18,,,,0.0,1.4,57.1,,,,0.0,7.4,100.0,0.0,13.4,100.0,0.0
2023-04-19,,,,,,,,,,,,,0.0,14.6,100.0,0.0
2023-04-20,,,,,,,,,,,,,0.0,15.3,100.0,0.0
2023-04-21,2.8,6.1,99.6,0.0,2.1,100.0,,,,0.0,6.4,57.4,0.0,12.8,100.0,0.0
2023-04-22,4.8,9.5,65.3,,,,,,,0.0,3.4,100.0,0.0,12.0,100.0,0.0
2023-04-23,,,,0.0,4.6,100.0,,,,,,,0.0,12.2,100.0,0.0
2023-04-24,,,,,,,,,,,,,0.0,13.0,100.0,0.0
2023-04-25,,,,,,,,,,0.0,2.2,68.3,0.0,9.7,100.0,0.0
2023-04-26,,,,,,,,,,0.0,1.1,100.0,0.0,9.5,100.0,0.0
2023-04-27,,,,,,,,,,,,,0.0,9.8,100.0,0.0
2023-04-28,,,,,,,,,,,,,0.0,8.7,100.0,0.0
2023-04-29,6.9,13.7,99.6,,,,,,,0.0,0.7,99.5,0.0,6.9,100.0,0.0
2023-04-30,,,,,,,,,,,,,0.0,7.6,100.0,0.0
2023-05-01,,,,,,,,,,,,,0.0,6.9,100.0,0.0
2023-05-02,,,,,,,,,,,,,0.0,5.7,100.0,0.0
2023-05-03,6.2,12.1,99.5,0.0,5.4,98.9,,,,0.0,0.1,94.1,0.0,3.7,100.0,0.0
2023-05-04,10.2,21.3,63.7,,,,,,,0.0,0.1,98.4,0.0,2.9,100.0,0.0
2023-05-05,,,,,,,,,,,,,0.0,2.4,100.0,0.0
2023-05-06,,,,0.0,4.0,47.7,,,,,,,0.0,1.7,100.0,0.0
2023-05-07,,,,,,,,,,,,,0.0,1.4,100.0,0.0
2023-05-08,,,,,,,,,,,,,0.0,1.1,100.0,0.0
2023-05-09,,,,,,,0.0,0.1,81.3,,,,0.0,1.0,100.0,0.0
2023-05-10,,,,,,,,,,,,,0.0,0.9,100.0,0.0
2023-05-11,8.8,17.2,99.6,,,,,,,,,,0.0,0.6,100.0,0.0
2023-05-12,,,,,,,,,,,,,0.0,0.4,100.0,0.0
2023-05-13,,,,,,,,,,,,,0.0,0.5,100.0,0.0
2023-05-14,,,,,,,,,,,,,0.0,0.4,100.0,0.0
2023-05-15,20.5,25.8,99.5,,,,,,,,,,0.0,0.4,100.0,0.0
2023-05-16,57.5,47.9,57.4,,,,,,,,,,0.0,0.3,100.0,0.0
2023-05-17,,,,,,,,,,,,,0.0,0.6,100.0,0.0
2023-05-18,,,,,,,,,,,,,0.0,0.6,100.0,0.0
2023-05-19,,,,,,,,,,,,,0.0,0.5,100.0,0.0
2023-05-20,,,,,,,,,,,,,0.0,0.3,100.0,0.0
2023-05-21,,,,,,,,,,,,,0.0,0.7,100.0,0.0
2023-05-22,,,,,,,,,,,,,0.0,0.5,100.0,0.0
2023-05-23,55.7,39.3,99.6,,,,,,,,,,0.0,0.3,100.0,0.0
2023-05-24,,,,,,,,,,,,,0.0,0.2,100.0,0.0
2023-05-25,,,,,,,0.0,0.0,71.8,,,,0.0,0.2,100.0,0.0
2023-05-26,,,,,,,,,,,,,0.0,0.2,100.0,0.0
2023-05-27,55.5,38.3,99.6,,,,,,,0.0,0.0,96.9,0.0,0.1,100.0,0.0
2023-05-28,82.9,56.7,56.5,0.0,9.0,100.0,,,,,,,0.0,0.1,100.0,0.0
2023-05-29,,,,,,,,,,,,,0.0,0.1,100.0,0.0
2023-05-30,,,,,,,,,,,,,0.0,0.1,100.0,0.0
2023-05-31,,,,0.0,4.9,100.0,,,,,,,0.0,0.1,100.0,0.0
2023-06-01,,,,,,,,,,,,,0.0,0.1,100.0,0.0
2023-06-02,,,,0.2,9.7,55.8,0.0,0.0,74.9,,,,0.0,0.1,100.0,0.0
2023-06-03,,,,,,,0.0,0.0,100.0,0.0,0.0,99.5,0.0,0.0,100.0,0.0
2023-06-04,48.4,36.8,99.6,,,,,,,,,,0.0,0.1,100.0,0.0
2023-06-05,,,,,,,,,,,,,0.0,0.1,100.0,0.0
2023-06-06,,,,,,,,,,0.0,0.0,100.0,0.0,0.1,100.0,0.0
2023-06-07,,,,0.0,8.0,100.0,,,,0.0,0.0,100.0,0.0,0.1,100.0,0.0
2023-06-08,43.9,35.8,99.6,,,,,,,0.0,0.0,100.0,0.0,0.1,100.0,0.0
2023-06-09,60.0,49.5,63.7,,,,,,,,,,0.0,0.1,100.0,0.0
2023-06-10,,,,0.0,5.9,67.4,0.0,0.0,99.9,,,,0.0,0.1,100.0,0.0
2023-06-11,,,,,,,,,,,,,0.0,0.0,100.0,0.0
2023-06-12,,,,0.0,5.8,100.0,,,,0.0,0.0,42.6,0.0,0.0,100.0,0.0
2023-06-13,,,,,,,,,,0.0,0.0,100.0,0.0,0.1,100.0,0.0
2023-06-14,,,,,,,,,,0.0,0.0,100.0,0.0,0.1,100.0,0.0
2023-06-15,,,,0.0,3.4,100.0,,,,0.0,0.0,100.0,0.0,0.0,100.0,0.0
2023-06-16,64.8,45.5,99.6,,,,0.0,0.0,58.9,,,,0.0,0.0,100.0,0.0
2023-06-17,,,,0.0,3.8,40.9,,,,0.0,0.0,100.0,0.0,0.0,100.0,0.0
2023-06-18,,,,,,,0.0,0.0,100.0,0.0,0.0,100.0,0.0,0.0,100.0,0.0
2023-06-19,,,,,,,0.0,0.0,100.0,,,,0.0,0.0,100.0,0.0
2023-06-20,69.8,51.4,99.6,0.0,1.2,100.0,,,,0.0,0.0,100.0,0.0,0.0,100.0,0.0
2023-06-21,97.0,65.6,69.6,,,,0.0,0.0,88.3,0.0,0.0,100.0,0.0,0.0,100.0,0.0
2023-06-22,,,,,,,,,,,,,0.0,0.0,100.0,0.0
2023-06-23,,,,,,,,,,,,,0.0,0.0,100.0,0.0
2023-06-24,,,,,,,,,,,,,0.0,0.0,100.0,0.0
2023-06-25,,,,0.0,0.6,100.0,,,,,,,0.0,0.0,100.0,0.0
2023-06-26,,,,,,,0.0,0.0,70.8,,,,0.0,0.0,100.0,0.0
2023-06-27,,,,,,,,,,,,,0.0,0.0,100.0,0.0
2023-06-28,90.7,70.1,99.6,,,,,,,,,,0.0,0.0,100.0,0.0
2023-06-29,,,,,,,,,,0.0,0.0,100.0,0.0,0.0,100.0,0.0
2023-06-30,,,,,,,,,,,,,0.0,0.1,100.0,0.0
2023-07-01,,,,,,,,,,,,,0.0,0.1,100.0,0.0
2023-07-02,99.7,79.4,99.6,,,,,,,,,,0.0,0.1,100.0,0.0
2023-07-03,98.5,78.3,66.1,,,,,,,0.0,0.0,91.3,0.0,0.1,100.0,0.0
2023-07-04,,,,,,,,,,,,,0.0,0.1,100.0,0.0
2023-07-05,,,,,,,0.0,0.0,47.5,,,,0.0,0.1,100.0,0.0
2023-07-06,,,,,,,,,,,,,0.0,0.0,100.0,0.0
2023-07-07,,,,0.0,0.7,100.0,,,,,,,0.0,0.0,100.0,0.0
2023-07-08,,,,,,,,,,,,,0.0,0.0,100.0,0.0
2023-07-09,,,,,,,,,,0.0,0.0,100.0,0.0,0.0,100.0,0.0
2023-07-10,98.1,79.3,99.5,0.0,1.6,100.0,,,,,,,0.0,0.0,100.0,0.0
2023-07-11,,,,,,,,,,,,,0.0,0.0,100.0,0.0
2023-07-12,,,,0.0,3.7,100.0,0.0,0.0,100.0,,,,0.0,0.0,100.0,0.0
2023-07-13,,,,,,,,,,0.0,0.0,32.9,0.0,0.0,100.0,0.0
2023-07-14,99.2,80.9,99.5,,,,,,,0.0,0.0,100.0,0.0,0.0,100.0,0.0
2023-07-15,100.0,83.1,56.7,0.0,2.9,100.0,,,,,,,0.0,0.0,100.0,0.0
2023-07-16,,,,,,,,,,0.0,0.0,100.0,0.0,0.0,100.0,0.0
2023-07-17,,,,,,,,,,,,,0.0,0.1,100.0,0.0
2023-07-18,,,,,,,,,,,,,0.0,0.0,100.0,0.0
2023-07-19,,,,,,,,,,,,,0.0,0.1,100.0,0.0
2023-07-20,,,,0.0,7.7,57.9,,,,,,,0.0,0.2,100.0,0.0
2023-07-21,,,,,,,,,,,,,0.0,0.3,100.0,0.0
2023-07-22,99.8,84.0,99.6,0.0,5.1,82.2,,,,0.0,0.0,100.0,0.0,0.2,100.0,0.0
2023-07-23,,,,,,,,,,0.0,0.0,100.0,0.0,0.2,100.0,0.0
2023-07-24,,,,,,,,,,,,,0.0,0.1,100.0,0.0
2023-07-25,,,,,,,,,,,,,0.0,0.2,100.0,0.0
2023-07-26,99.7,83.3,99.6,,,,,,,,,,0.0,0.1,100.0,0.0
2023-07-27,98.2,77.4,54.3,,,,,,,,,,0.0,0.1,100.0,0.0
2023-07-28,,,,,,,,,,,,,0.0,0.1,100.0,0.0
2023-07-29,,,,,,,,,,,,,0.0,0.1,100.0,0.0
2023-07-30,,,,,,,,,,0.0,0.0,100.0,0.0,0.0,100.0,0.0
2023-07-31,,,,,,,,,,,,,0.0,0.0,100.0,0.0
2023-08-01,,,,,,,,,,,,,0.0,0.0,100.0,0.0
2023-08-02,,,,,,,,,,,,,0.0,0.0,100.0,0.0
2023-08-03,99.5,84.6,99.6,,,,,,,,,,0.0,0.0,100.0,0.0
2023-08-04,,,,,,,,,,,,,0.0,0.0,100.0,0.0
2023-08-05,,,,,,,,,,,,,0.0,0.0,100.0,0.0
2023-08-06,,,,,,,,,,,,,0.0,0.0,100.0,0.0
2023-08-07,98.7,82.5,99.6,,,,,,,,,,0.0,0.0,100.0,0.0
2023-08-08,92.2,71.7,65.3,,,,,,,0.0,0.0,85.6,0.0,0.0,100.0,0.0
2023-08-09,,,,,,,,,,,,,0.0,0.0,100.0,0.0
2023-08-10,,,,,,,,,,,,,0.0,0.0,100.0,0.0
2023-08-11,,,,,,,,,,,,,0.0,0.0,100.0,0.0
2023-08-12,,,,,,,,,,0.0,0.0,60.8,0.0,0.0,100.0,0.0
2023-08-13,,,,,,,0.0,0.0,100.0,0.0,0.0,100.0,0.0,0.0,100.0,0.0
2023-08-14,,,,,,,0.0,0.0,100.0,0.0,0.0,100.0,0.0,0.0,100.0,0.0
2023-08-15,86.4,66.7,99.6,,,,,,,,,,0.0,0.0,100.0,0.0
2023-08-16,,,,0.0,3.2,100.0,,,,0.0,0.0,100.0,0.0,0.0,100.0,0.0
2023-08-17,,,,,,,,,,0.0,0.0,100.0,0.0,0.0,100.0,0.0
2023-08-18,,,,,,,,,,0.0,0.0,85.8,0.0,0.0,100.0,0.0
2023-08-19,81.3,58.8,99.6,0.0,2.3,100.0,,,,,,,0.0,0.0,100.0,0.0
2023-08-20,27.3,34.0,62.4,,,,,,,,,,0.0,0.0,100.0,0.0
2023-08-21,,,,0.0,2.2,100.0,0.0,0.0,100.0,,,,0.0,0.0,100.0,0.0
2023-08-22,,,,,,,0.0,0.0,100.0,,,,0.0,0.0,100.0,0.0
2023-08-23,,,,,,,,,,,,,0.0,0.0,100.0,0.0
2023-08-24,,,,0.0,1.6,100.0,,,,,,,0.0,0.0,100.0,0.0
2023-08-25,,,,,,,,,,0.0,0.0,69.4,0.0,0.0,100.0,0.0
2023-08-26,,,,,,,,,,,,,0.0,0.0,100.0,0.0
2023-08-27,43.5,41.6,99.6,,,,,,,,,,0.0,0.0,100.0,0.0
2023-08-28,,,,,,,,,,,,,0.0,0.0,100.0,0.0
2023-08-29,,,,,,,,,,,,,0.0,0.0,100.0,0.0
2023-08-30,,,,,,,0.0,0.0,100.0,,,,0.0,0.0,100.0,0.0
2023-08-31,32.3,26.2,99.6,,,,,,,,,,0.0,0.0,100.0,0.0
2023-09-01,1.5,5.3,62.2,,,,,,,,,,0.0,0.0,100.0,0.0
2023-09-02,,,,,,,,,,0.0,0.0,100.0,0.0,0.0,100.0,0.0
2023-09-03,,,,,,,,,,0.0,0.0,100.0,0.0,0.0,100.0,0.0
2023-09-04,,,,,,,,,,,,,0.0,0.0,100.0,0.0
2023-09-05,,,,0.0,2.1,100.0,,,,,,,0.0,0.0,100.0,0.0
2023-09-06,,,,,,,0.0,0.0,100.0,,,,0.0,0.0,100.0,0.0
2023-09-07,,,,,,,0.0,0.0,100.0,,,,0.0,0.0,100.0,0.0
2023-09-08,25.6,21.3,99.6,0.0,6.2,67.5,,,,,,,0.0,0.0,100.0,0.0
2023-09-09,,,,,,,,,,0.0,0.0,100.0,0.0,0.0,100.0,0.0
2023-09-10,,,,0.0,8.3,100.0,,,,,,,0.0,0.0,100.0,0.0
2023-09-11,,,,,,,,,,,,,0.0,0.0,100.0,0.0
2023-09-12,2.7,12.4,99.6,,,,,,,,,,0.0,0.0,100.0,0.0
2023-09-13,1.1,6.8,65.5,,,,,,,,,,0.0,0.0,100.0,0.0
2023-09-14,,,,,,,,,,,,,0.0,0.0,100.0,0.0
2023-09-15,,,,0.0,8.3,64.7,0.0,0.0,74.2,0.0,0.0,100.0,0.0,0.0,100.0,0.0
2023-09-16,,,,,,,,,,,,,0.0,0.0,100.0,0.0
2023-09-17,,,,,,,,,,,,,0.0,0.0,100.0,0.0
2023-09-18,,,,,,,,,,,,,0.0,0.0,100.0,0.0
2023-09-19,,,,,,,,,,,,,0.0,0.0,100.0,0.0
2023-09-20,0.9,9.0,99.6,0.0,3.9,100.0,,,,,,,0.0,0.0,100.0,0.0
2023-09-21,,,,,,,,,,,,,0.0,0.0,100.0,0.0
2023-09-22,,,,,,,,,,,,,0.0,0.0,100.0,0.0
2023-09-23,,,,,,,,,,,,,0.0,0.0,100.0,0.0
2023-09-24,1.3,11.0,99.6,,,,,,,0.0,0.0,100.0,0.0,0.0,100.0,0.0
2023-09-25,0.7,4.6,51.0,0.0,3.7,100.0,,,,0.0,0.0,100.0,0.0,0.0,100.0,0.0
2023-09-26,,,,,,,,,,0.0,0.0,100.0,0.0,0.0,100.0,0.0
2023-09-27,,,,,,,,,,,,,0.0,0.0,100.0,0.0
2023-09-28,,,,0.0,2.6,100.0,,,,0.0,0.0,100.0,0.0,0.0,100.0,0.0
2023-09-29,,,,,,,,,,0.0,0.0,100.0,0.0,0.0,100.0,0.0
2023-09-30,,,,,,,0.0,0.0,85.0,,,,0.0,0.0,100.0,0.0
2023-10-01,,,,,,,0.0,0.0,100.0,,,,0.0,0.0,100.0,0.0
2023-10-02,30.9,26.5,99.6,,,,0.0,0.1,63.2,0.0,0.0,100.0,0.0,0.0,100.0,0.0
2023-10-03,,,,0.0,1.4,100.0,,,,0.0,0.0,100.0,0.0,0.0,100.0,0.0
2023-10-04,,,,,,,,,,,,,0.0,0.0,100.0,0.0
2023-10-05,,,,,,,,,,,,,0.0,0.0,100.0,0.0
2023-10-06,33.9,27.7,99.6,,,,,,,0.0,0.0,100.0,0.0,0.0,100.0,0.0
2023-10-07,1.7,9.0,51.9,,,,,,,,,,0.0,0.1,100.0,0.0
2023-10-08,,,,,,,,,,,,,0.0,0.0,100.0,0.0
2023-10-09,,,,,,,,,,,,,0.0,0.1,100.0,0.0
2023-10-10,,,,0.0,1.4,100.0,,,,0.0,0.0,100.0,0.0,0.0,100.0,0.0
2023-10-11,,,,,,,,,,0.0,0.0,100.0,0.0,0.1,100.0,0.0
2023-10-12,,,,,,,,,,0.0,0.0,100.0,0.0,0.1,100.0,0.0
2023-10-13,,,,0.0,0.9,100.0,,,,,,,0.0,0.0,100.0,0.0
2023-10-14,,,,,,,,,,,,,0.0,0.0,100.0,0.0
2023-10-15,,,,,,,,,,,,,0.0,0.1,100.0,0.0
2023-10-16,,,,,,,0.0,0.3,100.0,,,,0.0,0.1,100.0,0.0
2023-10-17,,,,,,,0.0,0.8,39.9,0.0,0.0,90.6,0.0,0.1,100.0,0.0
2023-10-18,27.3,25.7,99.6,0.0,2.2,100.0,,,,,,,0.0,0.1,100.0,0.0
2023-10-19,4.8,23.0,52.3,,,,,,,,,,0.0,0.1,100.0,0.0
2023-10-20,,,,,,,,,,,,,0.0,0.1,100.0,0.0
2023-10-21,,,,,,,,,,0.0,0.0,100.0,0.0,0.1,100.0,0.0
2023-10-22,,,,,,,,,,,,,0.0,0.1,100.0,0.0
2023-10-23,,,,,,,,,,,,,0.0,0.1,100.0,0.0
2023-10-24,,,,,,,,,,,,,0.0,0.1,100.0,0.0
2023-10-25,,,,0.0,4.8,100.0,0.0,0.2,100.0,0.0,0.0,100.0,0.0,0.0,100.0,0.0
2023-10-26,,,,,,,,,,,,,0.0,0.1,100.0,0.0
2023-10-27,,,,,,,,,,,,,0.0,0.1,100.0,0.0
2023-10-28,,,,25.0,28.8,100.0,,,,0.0,0.0,100.0,0.0,0.1,100.0,0.0
2023-10-29,,,,,,,,,,0.0,0.1,100.0,0.0,0.1,100.0,0.0
2023-10-30,33.9,37.3,99.6,,,,,,,,,,0.0,0.1,100.0,0.0
2023-10-31,24.9,33.7,65.4,,,,,,,,,,0.0,0.1,100.0,0.0
2023-11-01,,,,,,,0.0,3.0,51.4,,,,0.0,0.1,100.0,0.0
2023-11-02,,,,,,,,,,0.0,0.2,100.0,0.0,0.1,100.0,0.0
2023-11-03,,,,,,,,,,,,,0.0,0.2,100.0,0.0
2023-11-04,,,,97.7,93.9,75.0,,,,,,,0.0,0.2,100.0,0.0
2023-11-05,,,,,,,,,,,,,0.0,0.3,100.0,0.0
2023-11-06,,,,,,,,,,0.0,0.4,92.6,0.0,0.2,100.0,0.0
2023-11-07,50.3,44.1,99.6,,,,,,,,,,0.0,0.4,100.0,0.0
2023-11-08,,,,,,,,,,,,,0.0,0.5,100.0,0.0
2023-11-09,,,,,,,,,,,,,0.0,0.5,100.0,0.0
2023-11-10,,,,,,,,,,,,,0.0,0.9,100.0,0.0
2023-11-11,51.0,45.5,99.6,,,,,,,,,,0.0,1.0,100.0,0.0
2023-11-12,27.1,35.4,59.6,,,,,,,,,,0.0,1.3,100.0,0.0
2023-11-13,,,,,,,,,,0.0,1.1,100.0,0.0,1.2,100.0,0.0
2023-11-14,,,,,,,,,,,,,0.0,1.8,100.0,0.0
2023-11-15,,,,,,,,,,0.0,0.6,100.0,0.0,1.7,100.0,0.0
2023-11-16,,,,,,,,,,,,,0.0,2.9,100.0,0.0
2023-11-17,,,,,,,,,,,,,0.0,3.1,100.0,0.0
2023-11-18,,,,,,,,,,,,,0.0,4.3,100.0,0.0
2023-11-19,52.6,44.2,99.6,,,,,,,,,,0.0,7.3,100.0,0.0
2023-11-20,,,,,,,,,,,,,0.0,7.0,100.0,0.0
2023-11-21,,,,,,,,,,,,,0.0,8.8,100.0,0.0
2023-11-22,,,,,,,,,,,,,0.0,10.2,100.0,0.0
2023-11-23,33.4,36.6,99.6,,,,,,,,,,0.0,16.4,100.0,0.0
2023-11-24,31.3,36.2,66.6,,,,,,,,,,0.2,20.8,100.0,0.2
2023-11-25,,,,,,,,,,,,,3.4,38.0,100.0,3.4
2023-11-26,,,,,,,,,,,,,7.1,43.1,100.0,7.1
2023-11-27,,,,,,,,,,,,,58.6,63.0,100.0,58.6
2023-11-28,,,,,,,,,,,,,54.8,61.9,100.0,54.8
2023-11-29,,,,99.2,98.1,100.0,,,,,,,98.8,78.1,100.0,98.8
2023-11-30,,,,,,,,,,,,,99.3,78.4,100.0,99.3
2023-12-01,26.7,32.7,99.6,,,,,,,,,,99.9,84.4,100.0,99.9
2023-12-02,,,,,,,,,,,,,99.6,83.9,100.0,99.6
2023-12-03,,,,,,,100.0,100.0,100.0,0.0,5.6,65.1,99.9,91.9,100.0,99.9
2023-12-04,,,,,,,,,,,,,99.9,91.3,100.0,99.9
2023-12-05,32.0,33.5,99.6,,,,,,,,,,99.9,94.0,100.0,99.9
2023-12-06,2.7,11.5,53.4,,,,,,,,,,99.7,93.1,100.0,99.7
2023-12-07,,,,100.0,100.0,100.0,,,,0.0,4.9,33.1,99.8,95.6,100.0,99.8
2023-12-08,,,,,,,,,,,,,99.6,93.3,100.0,99.6
2023-12-09,,,,100.0,98.7,89.4,,,,,,,99.3,93.1,100.0,99.3
2023-12-10,,,,,,,,,,,,,98.5,89.0,100.0,98.5
2023-12-11,,,,,,,,,,,,,98.1,87.0,100.0,98.1
2023-12-12,,,,,,,,,,,,,96.7,82.2,100.0,96.7
2023-12-13,26.1,24.5,99.6,,,,,,,,,,96.2,81.8,100.0,96.2
2023-12-14,,,,,,,,,,,,,90.6,76.4,100.0,90.6
2023-12-15,,,,,,,,,,0.0,9.0,32.4,92.4,77.6,100.0,92.4
2023-12-16,,,,,,,,,,,,,80.4,72.7,100.0,80.4
2023-12-17,14.2,20.5,99.2,93.6,86.3,100.0,,,,,,,79.2,72.8,100.0,79.2
2023-12-18,0.3,6.8,56.1,,,,,,,,,,71.8,66.7,100.0,71.8
2023-12-19,,,,92.8,88.2,100.0,99.5,96.9,100.0,0.0,2.7,100.0,71.6,66.9,100.0,71.6
2023-12-20,,,,,,,,,,,,,63.0,61.8,100.0,63.0
2023-12-21,,,,,,,,,,,,,50.8,55.7,100.0,50.8
2023-12-22,,,,,,,,,,,,,45.3,53.7,100.0,45.3
2023-12-23,,,,,,,,,,,,,41.7,51.2,100.0,41.7
2023-12-24,,,,,,,,,,,,,22.2,44.3,100.0,22.2
2023-12-25,14.5,23.0,99.2,,,,,,,0.0,5.3,100.0,16.6,39.5,100.0,16.6
2023-12-26,,,,,,,,,,,,,9.8,38.7,100.0,9.8
2023-12-27,,,,79.9,58.3,100.0,74.4,53.4,100.0,,,,11.1,38.5,100.0,11.1
2023-12-28,,,,,,,,,,,,,2.6,30.4,100.0,2.6
2023-12-29,2.3,16.3,99.2,,,,,,,0.0,3.6,100.0,3.0,29.4,100.0,3.0
2023-12-30,0.5,8.4,54.5,,,,,,,,,,1.9,28.8,100.0,1.9
2023-12-31,,,,,,,,,,,,,2.3,31.5,100.0,2.3
2024-01-01,,,,,,,,,,,,,0.9,28.8,100.0,0.9
2024-01-02,,,,,,,,,,,,,3.0,37.8,100.0,3.0
2024-01-03,,,,94.0,81.2,100.0,,,,0.1,5.0,100.0,1.2,35.9,100.0,1.2
2024-01-04,,,,,,,,,,,,,1.4,42.7,100.0,1.4
2024-01-05,,,,,,,,,,,,,1.2,43.1,100.0,1.2
2024-01-06,12.8,24.1,99.4,,,,,,,,,,51.3,56.9,100.0,51.3
2024-01-07,,,,,,,,,,,,,49.3,56.6,100.0,49.3
2024-01-08,,,,,,,,,,,,,86.6,66.7,100.0,86.6
2024-01-09,,,,,,,,,,0.2,8.4,100.0,88.3,69.7,100.0,88.3
2024-01-10,0.8,16.1,99.4,,,,,,,,,,91.1,77.6,100.0,91.1
2024-01-11,2.0,14.0,65.0,,,,,,,,,,90.8,77.5,100.0,90.8
2024-01-12,,,,,,,90.0,84.5,100.0,,,,92.5,85.2,100.0,92.5
2024-01-13,,,,91.0,87.5,100.0,94.3,93.5,100.0,0.1,4.3,76.6,92.7,86.8,100.0,92.7
2024-01-14,,,,,,,,,,,,,93.4,87.9,100.0,93.4
2024-01-15,,,,,,,,,,,,,92.8,86.5,100.0,92.8
2024-01-16,,,,99.8,96.0,100.0,,,,,,,94.8,90.8,100.0,94.8
2024-01-17,,,,,,,,,,,,,93.7,89.8,100.0,93.7
2024-01-18,2.1,16.7,99.4,89.3,87.8,79.4,,,,,,,94.2,90.8,100.0,94.2
2024-01-19,,,,,,,,,,,,,93.1,88.4,100.0,93.1
2024-01-20,,,,,,,98.5,96.6,100.0,,,,95.0,91.9,100.0,95.0
2024-01-21,,,,99.1,94.9,100.0,,,,,,,93.6,89.8,100.0,93.6
2024-01-22,2.1,13.5,99.4,,,,,,,,,,94.0,89.1,100.0,94.0
2024-01-23,0.1,6.5,60.3,,,,,,,,,,91.8,84.6,100.0,91.8
2024-01-24,,,,,,,,,,,,,93.0,85.7,100.0,93.0
2024-01-25,,,,,,,,,,,,,90.1,81.5,100.0,90.1
2024-01-26,,,,,,,,,,,,,90.3,80.6,100.0,90.3
2024-01-27,,,,,,,,,,,,,86.4,74.8,100.0,86.4
2024-01-28,,,,74.3,59.8,100.0,91.7,87.3,100.0,,,,87.0,76.4,100.0,87.0
2024-01-29,,,,,,,42.4,36.0,100.0,,,,76.5,67.1,100.0,76.5
2024-01-30,0.2,7.3,99.4,,,,,,,,,,71.7,62.1,100.0,71.7
2024-01-31,,,,,,,,,,,,,51.6,54.9,100.0,51.6
2024-02-01,,,,,,,,,,,,,26.0,50.1,100.0,26.0
2024-02-02,,,,,,,,,,,,,1.3,38.2,100.0,1.3
2024-02-03,0.2,5.7,99.4,,,,,,,,,,0.2,32.2,100.0,0.2
2024-02-04,0.2,3.6,56.7,,,,,,,,,,0.2,29.1,100.0,0.2
2024-02-05,,,,13.3,31.1,100.0,0.0,2.6,100.0,,,,0.0,23.0,100.0,0.0
2024-02-06,,,,,,,,,,,,,0.0,16.2,100.0,0.0
2024-02-07,,,,0.0,3.1,100.0,,,,,,,0.0,11.8,100.0,0.0
2024-02-08,,,,,,,,,,,,,0.0,11.8,100.0,0.0
2024-02-09,,,,,,,,,,,,,0.0,10.7,100.0,0.0
2024-02-10,,,,,,,,,,,,,0.0,9.4,100.0,0.0
2024-02-11,0.3,6.2,99.4,,,,,,,,,,0.0,8.5,100.0,0.0
2024-02-12,,,,,,,,,,,,,0.0,10.8,100.0,0.0
2024-02-13,,,,,,,0.0,1.9,82.7,,,,0.0,11.3,100.0,0.0
2024-02-14,,,,,,,,,,,,,0.0,10.9,100.0,0.0
2024-02-15,0.3,6.0,99.4,0.0,1.8,100.0,,,,,,,0.0,8.7,100.0,0.0
2024-02-16,0.1,1.8,52.1,,,,,,,,,,0.0,9.2,100.0,0.0
2024-02-17,,,,,,,,,,,,,0.0,10.1,100.0,0.0
2024-02-18,,,,,,,,,,,,,0.0,10.1,100.0,0.0
2024-02-19,,,,,,,,,,,,,0.0,9.3,100.0,0.0
2024-02-20,,,,,,,,,,,,,0.0,9.6,100.0,0.0
2024-02-21,,,,,,,,,,,,,0.0,10.6,100.0,0.0
2024-02-22,,,,,,,,,,,,,0.0,10.7,100.0,0.0
2024-02-23,1.2,9.4,99.3,,,,,,,,,,0.0,9.5,100.0,0.0
2024-02-24,,,,,,,,,,,,,0.0,9.3,100.0,0.0
2024-02-25,,,,0.0,1.3,100.0,,,,,,,0.0,8.4,100.0,0.0
2024-02-26,,,,,,,,,,,,,0.0,6.9,100.0,0.0
2024-02-27,4.6,13.4,99.4,,,,,,,,,,0.0,6.7,100.0,0.0
2024-02-28,0.7,4.9,50.5,,,,,,,,,,0.0,6.9,100.0,0.0
2024-02-29,,,,,,,0.2,1.4,99.9,,,,0.0,6.1,100.0,0.0
2024-03-01,,,,,,,,,,,,,0.0,5.7,100.0,0.0
2024-03-02,,,,,,,,,,,,,0.0,5.3,100.0,0.0
2024-03-03,,,,,,,,,,,,,0.0,5.7,100.0,0.0
2024-03-04,,,,,,,,,,,,,0.0,6.4,100.0,0.0
2024-03-05,,,,,,,,,,,,,0.0,6.2,100.0,0.0
2024-03-06,11.9,25.7,99.4,,,,,,,,,,0.0,5.9,100.0,0.0
2024-03-07,,,,,,,,,,,,,0.0,6.2,100.0,0.0
2024-03-08,,,,0.0,1.7,92.1,0.0,0.7,87.5,,,,0.0,6.0,100.0,0.0
2024-03-09,,,,,,,0.0,0.4,100.0,,,,0.0,5.9,100.0,0.0
2024-03-10,21.1,31.4,99.4,,,,,,,,,,0.0,5.4,100.0,0.0
2024-03-11,80.6,55.3,56.1,0.0,0.7,91.5,,,,,,,0.0,5.0,100.0,0.0
2024-03-12,,,,,,,,,,,,,0.0,5.4,100.0,0.0
2024-03-13,,,,,,,,,,,,,0.0,5.6,100.0,0.0
2024-03-14,,,,,,,,,,,,,0.0,4.9,100.0,0.0
2024-03-15,,,,,,,,,,,,,0.0,4.0,100.0,0.0
2024-03-16,,,,,,,,,,,,,0.0,4.2,100.0,0.0
2024-03-17,,,,,,,,,,,,,0.0,4.8,100.0,0.0
2024-03-18,41.9,37.3,99.3,,,,,,,,,,0.0,4.5,100.0,0.0
2024-03-19,,,,,,,,,,,,,0.0,3.5,100.0,0.0
2024-03-20,,,,,,,,,,,,,0.0,3.3,100.0,0.0
2024-03-21,,,,,,,,,,,,,0.0,3.3,100.0,0.0
2024-03-22,57.0,47.4,99.4,,,,,,,,,,0.0,2.9,100.0,0.0
2024-03-23,89.4,68.5,59.5,,,,,,,,,,0.0,2.6,100.0,0.0
2024-03-24,,,,,,,,,,,,,0.0,2.5,100.0,0.0
2024-03-25,,,,,,,0.0,0.3,95.8,,,,0.0,2.3,100.0,0.0
2024-03-26,,,,,,,,,,,,,0.0,1.8,100.0,0.0
2024-03-27,,,,,,,,,,,,,0.0,2.1,100.0,0.0
2024-03-28,,,,,,,,,,,,,0.0,2.5,100.0,0.0
2024-03-29,,,,,,,,,,,,,0.0,3.2,100.0,0.0
2024-03-30,57.3,49.1,99.4,,,,,,,,,,0.0,2.7,100.0,0.0
2024-03-31,,,,0.0,0.6,100.0,,,,,,,0.0,4.2,100.0,0.0
2024-04-01,,,,,,,,,,,,,0.0,5.1,100.0,0.0
2024-04-02,,,,0.0,1.0,46.2,0.0,0.3,52.6,,,,0.0,6.5,100.0,0.0
2024-04-03,55.5,45.3,99.4,,,,,,,,,,0.0,5.5,100.0,0.0
2024-04-04,86.6,62.5,57.5,,,,,,,,,,0.0,5.4,100.0,0.0
2024-04-05,,,,0.0,0.9,100.0,,,,,,,0.0,5.2,100.0,0.0
2024-04-06,,,,,,,,,,0.0,0.5,100.0,0.0,5.6,100.0,0.0
2024-04-07,,,,0.0,1.1,100.0,,,,,,,0.0,5.2,100.0,0.0
2024-04-08,,,,,,,,,,,,,0.0,5.0,100.0,0.0
2024-04-09,,,,,,,,,,,,,0.0,5.9,100.0,0.0
2024-04-10,,,,,,,,,,,,,0.0,7.6,100.0,0.0
2024-04-11,54.6,43.6,99.4,,,,,,,,,,0.0,7.4,100.0,0.0
2024-04-12,,,,0.0,0.8,100.0,,,,0.0,0.3,100.0,0.0,5.3,100.0,0.0
2024-04-13,,,,,,,,,,,,,0.0,5.3,100.0,0.0
2024-04-14,,,,,,,,,,,,,0.0,5.7,100.0,0.0
2024-04-15,48.5,38.2,99.4,,,,,,,,,,0.0,5.7,100.0,0.0
2024-04-16,35.4,36.6,64.1,,,,,,,,,,0.0,7.0,100.0,0.0
2024-04-17,,,,,,,,,,,,,0.0,7.3,100.0,0.0
2024-04-18,,,,,,,0.0,0.5,53.6,,,,0.0,6.9,100.0,0.0
2024-04-19,,,,,,,,,,,,,0.0,5.4,100.0,0.0
2024-04-20,,,,,,,,,,,,,0.0,5.9,100.0,0.0
2024-04-21,,,,,,,,,,,,,0.0,5.9,100.0,0.0
2024-04-22,,,,,,,,,,,,,0.0,5.2,100.0,0.0
2024-04-23,15.1,23.4,99.4,,,,,,,,,,0.0,3.0,100.0,0.0
2024-04-24,,,,,,,,,,,,,0.0,3.1,100.0,0.0
2024-04-25,,,,,,,0.1,1.0,37.8,,,,0.0,3.0,100.0,0.0
2024-04-26,,,,,,,0.0,0.2,100.0,0.0,0.4,100.0,0.0,2.1,100.0,0.0
2024-04-27,5.8,17.4,99.4,0.0,0.6,100.0,,,,,,,0.0,1.4,100.0,0.0
2024-04-28,3.9,15.0,63.0,,,,,,,,,,0.0,1.2,100.0,0.0
2024-04-29,,,,,,,,,,,,,0.0,1.0,100.0,0.0
2024-04-30,,,,,,,,,,0.0,0.1,38.4,0.0,1.0,100.0,0.0
2024-05-01,,,,,,,,,,0.0,0.1,100.0,0.0,0.6,100.0,0.0
2024-05-02,,,,,,,,,,,,,0.0,0.6,100.0,0.0
2024-05-03,,,,,,,,,,,,,0.0,0.5,100.0,0.0
2024-05-04,,,,,,,0.0,0.1,100.0,,,,0.0,0.6,100.0,0.0
2024-05-05,3.0,12.0,99.4,,,,,,,,,,0.0,0.7,100.0,0.0
2024-05-06,,,,,,,,,,,,,0.0,0.6,100.0,0.0
2024-05-07,,,,,,,,,,,,,0.0,0.5,100.0,0.0
2024-05-08,,,,,,,,,,,,,0.0,0.7,100.0,0.0
2024-05-09,2.3,10.2,99.4,,,,,,,,,,0.0,0.6,100.0,0.0
2024-05-10,1.6,6.7,71.0,0.0,0.5,64.3,,,,0.0,0.0,100.0,0.0,0.5,100.0,0.0
2024-05-11,,,,,,,0.0,0.1,72.5,,,,0.0,0.5,100.0,0.0
2024-05-12,,,,,,,0.0,0.1,94.8,,,,0.0,0.4,100.0,0.0
2024-05-13,,,,,,,,,,,,,0.0,0.4,100.0,0.0
2024-05-14,,,,,,,,,,0.0,0.0,59.1,0.0,0.4,100.0,0.0
2024-05-15,,,,,,,,,,,,,0.0,0.3,100.0,0.0
2024-05-16,,,,,,,,,,,,,0.0,0.3,100.0,0.0
2024-05-17,5.2,12.9,99.4,,,,,,,,,,0.0,0.3,100.0,0.0
2024-05-18,,,,,,,,,,,,,0.0,0.3,100.0,0.0
2024-05-19,,,,,,,,,,,,,0.0,0.2,100.0,0.0
2024-05-20,,,,0.0,0.3,100.0,0.0,0.0,100.0,,,,0.0,0.3,100.0,0.0
2024-05-21,7.9,12.4,99.4,,,,,,,,,,0.0,0.2,100.0,0.0
2024-05-22,3.3,7.1,80.6,,,,,,,,,,0.0,0.2,100.0,0.0
2024-05-23,,,,,,,,,,,,,0.0,0.1,100.0,0.0
2024-05-24,,,,,,,,,,,,,0.0,0.1,100.0,0.0
2024-05-25,,,,,,,,,,,,,0.0,0.1,100.0,0.0
2024-05-26,,,,,,,,,,0.0,0.0,100.0,0.0,0.1,100.0,0.0
2024-05-27,,,,,,,,,,,,,0.0,0.1,100.0,0.0
2024-05-28,,,,,,,,,,,,,0.0,0.1,100.0,0.0
2024-05-29,23.5,22.2,99.4,,,,,,,,,,0.0,0.2,100.0,0.0
2024-05-30,,,,,,,,,,0.0,0.0,88.8,0.0,0.1,100.0,0.0
2024-05-31,,,,,,,,,,,,,0.0,0.2,100.0,0.0
2024-06-01,,,,,,,,,,,,,0.0,0.1,100.0,0.0
2024-06-02,22.2,23.6,99.4,,,,,,,,,,0.0,0.3,100.0,0.0
2024-06-03,11.2,23.8,77.9,,,,,,,,,,0.0,0.2,100.0,0.0
2024-06-04,,,,,,,,,,,,,0.0,0.3,100.0,0.0
2024-06-05,,,,,,,0.0,0.0,72.9,,,,0.0,0.3,100.0,0.0
2024-06-06,,,,,,,,,,,,,0.0,0.7,100.0,0.0
2024-06-07,,,,,,,,,,,,,0.0,0.3,100.0,0.0
2024-06-08,,,,,,,,,,,,,0.0,0.4,100.0,0.0
2024-06-09,,,,,,,,,,,,,0.0,0.4,100.0,0.0
2024-06-10,25.4,29.7,99.4,,,,,,,,,,0.0,1.0,100.0,0.0
2024-06-11,,,,,,,,,,,,,0.0,0.7,100.0,0.0
2024-06-12,,,,,,,,,,,,,0.0,0.9,100.0,0.0
2024-06-13,,,,,,,,,,,,,0.0,0.8,100.0,0.0
2024-06-14,23.5,27.7,99.4,,,,,,,,,,0.0,1.2,100.0,0.0
2024-06-15,5.6,16.1,75.6,,,,,,,,,,0.0,0.8,100.0,0.0
2024-06-16,,,,0.0,0.5,91.5,,,,0.0,0.0,100.0,0.0,0.6,100.0,0.0
2024-06-17,,,,,,,,,,,,,0.0,0.7,100.0,0.0
2024-06-18,,,,,,,,,,0.0,0.0,100.0,0.0,0.6,100.0,0.0
2024-06-19,,,,0.0,0.4,100.0,,,,,,,0.0,0.5,100.0,0.0
2024-06-20,,,,,,,,,,,,,0.0,0.4,100.0,0.0
2024-06-21,,,,,,,,,,,,,0.0,0.3,100.0,0.0
2024-06-22,26.0,29.6,99.4,,,,,,,,,,0.0,0.3,100.0,0.0
2024-06-23,,,,,,,,,,,,,0.0,0.2,100.0,0.0
2024-06-24,,,,0.0,0.5,98.5,,,,0.0,0.0,100.0,0.0,0.1,100.0,0.0
2024-06-25,,,,,,,,,,0.0,0.0,100.0,0.0,0.1,100.0,0.0
2024-06-26,23.8,27.1,99.4,,,,,,,,,,0.0,0.1,100.0,0.0
2024-06-27,,,,,,,,,,,,,0.0,0.1,100.0,0.0
2024-06-28,,,,,,,,,,0.0,0.0,89.7,0.0,0.0,100.0,0.0
2024-06-29,,,,0.0,0.5,100.0,0.0,0.0,100.0,0.0,0.0,100.0,0.0,0.0,100.0,0.0
2024-06-30,,,,,,,,,,,,,0.0,0.0,100.0,0.0
2024-07-01,,,,,,,,,,,,,0.0,0.0,100.0,0.0
2024-07-02,,,,,,,,,,,,,0.0,0.0,100.0,0.0
2024-07-03,,,,,,,,,,,,,0.0,0.0,100.0,0.0
2024-07-04,23.7,25.4,99.4,0.0,0.4,43.9,,,,,,,0.0,0.0,100.0,0.0
2024-07-05,,,,,,,,,,,,,0.0,0.0,100.0,0.0
2024-07-06,,,,0.0,0.6,100.0,0.0,0.0,100.0,,,,0.0,0.0,100.0,0.0
2024-07-07,,,,,,,,,,,,,0.0,0.0,100.0,0.0
2024-07-08,22.6,22.8,99.3,,,,,,,,,,0.0,0.0,100.0,0.0
2024-07-09,4.8,9.4,78.8,0.0,0.9,100.0,,,,,,,0.0,0.0,100.0,0.0
2024-07-10,,,,,,,,,,,,,0.0,0.0,100.0,0.0
2024-07-11,,,,,,,,,,,,,0.0,0.0,100.0,0.0
2024-07-12,,,,,,,,,,,,,0.0,0.0,100.0,0.0
2024-07-13,,,,,,,,,,,,,0.0,0.0,100.0,0.0
2024-07-14,,,,0.0,1.6,100.0,0.0,0.0,100.0,,,,0.0,0.0,100.0,0.0
2024-07-15,,,,,,,,,,,,,0.0,0.0,100.0,0.0
2024-07-16,24.1,24.7,99.4,,,,,,,,,,0.0,0.0,100.0,0.0
2024-07-17,,,,,,,,,,,,,0.0,0.0,100.0,0.0
2024-07-18,,,,,,,,,,,,,0.0,0.0,100.0,0.0
2024-07-19,,,,0.0,3.0,99.8,,,,,,,0.0,0.0,100.0,0.0
2024-07-20,19.7,18.7,99.4,,,,,,,,,,0.0,0.0,100.0,0.0
2024-07-21,3.1,5.5,79.3,0.0,2.1,100.0,,,,,,,0.0,0.0,100.0,0.0
2024-07-22,,,,,,,,,,,,,0.0,0.0,100.0,0.0
2024-07-23,,,,,,,,,,,,,0.0,0.0,100.0,0.0
2024-07-24,,,,,,,,,,,,,0.0,0.0,100.0,0.0
2024-07-25,,,,,,,,,,,,,0.0,0.0,100.0,0.0
2024-07-26,,,,,,,,,,0.0,0.0,100.0,0.0,0.0,100.0,0.0
2024-07-27,,,,,,,,,,,,,0.0,0.0,100.0,0.0
2024-07-28,20.1,18.0,99.4,,,,,,,,,,0.0,0.0,100.0,0.0
2024-07-29,,,,,,,,,,0.0,0.0,100.0,0.0,0.0,100.0,0.0
2024-07-30,,,,,,,0.0,0.0,100.0,0.0,0.0,100.0,0.0,0.0,100.0,0.0
2024-07-31,,,,0.0,1.6,100.0,0.0,0.0,100.0,,,,0.0,0.0,100.0,0.0
2024-08-01,15.2,14.4,99.4,,,,,,,,,,0.0,0.0,100.0,0.0
2024-08-02,1.7,3.3,70.4,,,,,,,,,,0.0,0.0,100.0,0.0
2024-08-03,,,,,,,,,,,,,0.0,0.0,100.0,0.0
2024-08-04,,,,,,,,,,,,,0.0,0.0,100.0,0.0
2024-08-05,,,,,,,,,,0.0,0.0,43.6,0.0,0.0,100.0,0.0
2024-08-06,,,,,,,,,,0.0,0.0,100.0,0.0,0.0,100.0,0.0
2024-08-07,,,,,,,,,,,,,0.0,0.0,100.0,0.0
2024-08-08,,,,,,,,,,,,,0.0,0.0,100.0,0.0
2024-08-09,15.7,14.1,99.4,,,,,,,,,,0.0,0.0,100.0,0.0
2024-08-10,,,,0.0,0.9,100.0,,,,,,,0.0,0.0,100.0,0.0
2024-08-11,,,,,,,,,,,,,0.0,0.0,100.0,0.0
2024-08-12,,,,,,,,,,,,,0.0,0.0,100.0,0.0
2024-08-13,11.9,12.2,100.0,0.0,2.2,100.0,,,,,,,0.0,0.0,100.0,0.0
2024-08-14,0.7,2.8,69.2,,,,,,,0.0,0.0,100.0,0.0,0.0,100.0,0.0
2024-08-15,,,,0.0,4.3,100.0,0.0,0.0,100.0,,,,0.0,0.0,100.0,0.0
2024-08-16,,,,,,,,,,,,,0.0,0.0,100.0,0.0
2024-08-17,,,,,,,,,,,,,0.0,0.0,100.0,0.0
2024-08-18,,,,,,,,,,,,,0.0,0.0,100.0,0.0
2024-08-19,,,,,,,,,,,,,0.0,0.0,100.0,0.0
2024-08-20,,,,,,,,,,,,,0.0,0.0,100.0,0.0
2024-08-21,15.3,14.2,100.0,,,,,,,,,,0.0,0.0,100.0,0.0
2024-08-22,,,,,,,,,,,,,0.0,0.0,100.0,0.0
2024-08-23,,,,0.0,3.4,100.0,0.0,0.0,100.0,,,,0.0,0.0,100.0,0.0
2024-08-24,,,,,,,0.0,0.0,100.0,,,,0.0,0.0,100.0,0.0
2024-08-25,12.9,13.8,100.0,,,,,,,,,,0.0,0.0,100.0,0.0
2024-08-26,0.2,1.7,52.7,,,,,,,,,,0.0,0.0,100.0,0.0
2024-08-27,,,,,,,,,,0.0,0.0,100.0,0.0,0.0,100.0,0.0
2024-08-28,,,,0.0,1.8,100.0,,,,,,,0.0,0.0,100.0,0.0
2024-08-29,,,,,,,,,,,,,0.0,0.0,100.0,0.0
2024-08-30,,,,0.0,1.5,100.0,,,,,,,0.0,0.0,100.0,0.0
2024-08-31,,,,,,,0.0,0.0,92.9,0.0,0.0,100.0,0.0,0.0,100.0,0.0
2024-09-01,,,,,,,0.0,0.0,100.0,,,,0.0,0.0,100.0,0.0
2024-09-02,18.1,16.7,100.0,0.0,1.5,97.8,,,,,,,0.0,0.0,100.0,0.0
2024-09-03,,,,,,,,,,,,,0.0,0.0,100.0,0.0
2024-09-04,,,,0.0,2.2,99.1,,,,,,,0.0,0.0,100.0,0.0
2024-09-05,,,,,,,,,,,,,0.0,0.0,100.0,0.0
2024-09-06,7.1,13.0,100.0,,,,,,,0.0,0.0,100.0,0.0,0.0,100.0,0.0
2024-09-07,1.4,4.2,58.0,0.0,3.0,100.0,,,,,,,0.0,0.0,100.0,0.0
2024-09-08,,,,,,,,,,,,,0.0,0.0,100.0,0.0
2024-09-09,,,,,,,,,,,,,0.0,0.0,100.0,0.0
2024-09-10,,,,,,,,,,,,,0.0,0.0,100.0,0.0
2024-09-11,,,,,,,,,,,,,0.0,0.0,100.0,0.0
2024-09-12,,,,,,,,,,,,,0.0,0.0,100.0,0.0
2024-09-13,,,,,,,,,,,,,0.0,0.1,100.0,0.0
2024-09-14,5.4,11.5,99.9,,,,,,,,,,0.0,0.1,100.0,0.0
2024-09-15,,,,,,,,,,,,,0.0,0.1,100.0,0.0
2024-09-16,,,,,,,,,,,,,0.0,0.1,100.0,0.0
2024-09-17,,,,,,,,,,0.0,0.0,46.2,0.0,0.1,100.0,0.0
2024-09-18,1.6,8.6,100.0,,,,,,,,,,0.0,0.1,100.0,0.0
2024-09-19,0.9,2.6,61.2,0.0,2.9,100.0,,,,,,,0.0,0.1,100.0,0.0
2024-09-20,,,,,,,,,,0.0,0.0,100.0,0.0,0.1,100.0,0.0
2024-09-21,,,,,,,,,,0.0,0.0,100.0,0.0,0.1,100.0,0.0
2024-09-22,,,,,,,,,,,,,0.0,0.1,100.0,0.0
2024-09-23,,,,,,,,,,,,,0.0,0.1,100.0,0.0
2024-09-24,,,,,,,,,,,,,0.0,0.1,100.0,0.0
2024-09-25,,,,,,,0.0,0.2,49.9,,,,0.0,0.1,100.0,0.0
2024-09-26,0.8,6.8,99.9,,,,,,,,,,0.0,0.1,100.0,0.0
2024-09-27,,,,,,,,,,,,,0.0,0.1,100.0,0.0
2024-09-28,,,,,,,,,,,,,0.0,0.1,100.0,0.0
2024-09-29,,,,0.0,1.0,82.6,,,,,,,0.0,0.0,100.0,0.0
2024-09-30,0.8,6.0,100.0,,,,,,,,,,0.0,0.1,100.0,0.0
2024-10-01,0.5,1.9,66.6,,,,,,,,,,0.0,0.1,100.0,0.0
2024-10-02,,,,,,,,,,,,,0.0,0.1,100.0,0.0
2024-10-03,,,,,,,,,,,,,0.0,0.1,100.0,0.0
2024-10-04,,,,,,,,,,,,,0.0,0.1,100.0,0.0
2024-10-05,,,,,,,,,,,,,0.0,0.1,100.0,0.0
2024-10-06,,,,,,,,,,0.0,0.0,55.7,0.0,0.1,100.0,0.0
2024-10-07,,,,,,,,,,,,,0.0,0.1,100.0,0.0
2024-10-08,0.4,4.6,100.0,,,,,,,,,,0.0,0.1,100.0,0.0
2024-10-09,,,,0.0,0.7,100.0,,,,,,,0.0,0.1,100.0,0.0
2024-10-10,,,,,,,,,,,,,0.0,0.2,100.0,0.0
2024-10-11,,,,,,,,,,,,,0.0,0.2,100.0,0.0
2024-10-12,0.3,4.5,100.0,,,,,,,,,,0.0,0.2,100.0,0.0
2024-10-13,0.1,1.6,59.4,,,,,,,,,,0.0,0.1,100.0,0.0
2024-10-14,,,,,,,,,,,,,0.0,0.1,100.0,0.0
2024-10-15,,,,,,,,,,0.0,0.0,100.0,0.0,0.1,100.0,0.0
2024-10-16,,,,,,,,,,,,,0.0,0.1,100.0,0.0
2024-10-17,,,,0.0,1.0,98.9,,,,0.0,0.0,100.0,0.0,0.0,100.0,0.0
2024-10-18,,,,,,,,,,,,,0.0,0.1,100.0,0.0
2024-10-19,,,,,,,,,,,,,0.0,0.1,100.0,0.0
2024-10-20,0.1,3.6,100.0,,,,,,,,,,0.0,0.1,100.0,0.0
2024-10-21,,,,,,,,,,0.0,0.0,100.0,0.0,0.0,100.0,0.0
2024-10-22,,,,,,,,,,0.0,0.0,100.0,0.0,0.1,100.0,0.0
2024-10-23,,,,,,,,,,0.0,0.0,36.3,0.0,0.0,100.0,0.0
2024-10-24,0.1,3.3,99.9,,,,,,,,,,0.0,0.1,100.0,0.0
2024-10-25,0.1,1.8,66.2,,,,,,,0.0,0.0,100.0,0.0,0.0,100.0,0.0
2024-10-26,,,,,,,,,,,,,0.0,0.1,100.0,0.0
2024-10-27,,,,0.0,2.8,100.0,0.0,0.1,100.0,0.0,0.0,100.0,0.0,0.0,100.0,0.0
2024-10-28,,,,,,,,,,,,,0.0,0.1,100.0,0.0
2024-10-29,,,,0.0,5.5,100.0,,,,,,,0.0,0.1,100.0,0.0
2024-10-30,,,,,,,,,,0.0,0.1,100.0,0.0,0.1,100.0,0.0
2024-10-31,,,,,,,,,,,,,0.0,0.1,100.0,0.0
2024-11-01,0.1,3.5,100.0,0.0,4.4,100.0,,,,0.0,0.2,100.0,0.0,0.1,100.0,0.0
2024-11-02,,,,,,,,,,,,,0.0,0.2,100.0,0.0
2024-11-03,,,,,,,,,,,,,0.0,0.2,100.0,0.0
2024-11-04,,,,,,,,,,,,,0.0,0.3,100.0,0.0
2024-11-05,0.2,3.4,100.0,,,,,,,,,,0.0,0.2,100.0,0.0
2024-11-06,0.1,2.2,60.2,0.0,4.4,100.0,,,,,,,0.0,0.4,100.0,0.0
2024-11-07,,,,,,,,,,,,,0.0,0.3,100.0,0.0
2024-11-08,,,,,,,,,,,,,0.0,0.3,100.0,0.0
2024-11-09,,,,,,,,,,,,,0.0,0.2,100.0,0.0
2024-11-10,,,,,,,,,,,,,0.0,0.4,100.0,0.0
2024-11-11,,,,0.1,5.6,100.0,0.0,0.3,100.0,,,,0.0,0.4,100.0,0.0
2024-11-12,,,,,,,,,,,,,0.0,0.5,100.0,0.0
2024-11-13,0.3,3.7,100.0,,,,,,,,,,0.0,0.4,100.0,0.0
2024-11-14,,,,,,,,,,,,,0.0,0.6,100.0,0.0
2024-11-15,,,,,,,,,,,,,0.0,0.7,100.0,0.0
2024-11-16,,,,3.2,34.5,100.0,,,,0.0,0.5,100.0,0.0,0.7,100.0,0.0
2024-11-17,0.3,3.9,100.0,,,,,,,,,,0.0,0.8,100.0,0.0
2024-11-18,0.2,1.4,60.9,77.0,53.6,100.0,,,,,,,0.0,1.1,100.0,0.0
2024-11-19,,,,,,,,,,,,,0.0,1.3,100.0,0.0
2024-11-20,,,,,,,,,,,,,0.0,1.6,100.0,0.0
2024-11-21,,,,,,,,,,,,,0.0,1.8,100.0,0.0
2024-11-22,,,,,,,,,,,,,0.0,2.2,100.0,0.0
2024-11-23,,,,91.3,73.5,100.0,,,,,,,0.0,2.4,100.0,0.0
2024-11-24,,,,,,,,,,,,,0.0,2.2,100.0,0.0
2024-11-25,0.6,4.1,100.0,,,,,,,0.0,1.9,100.0,0.0,2.2,100.0,0.0
2024-11-26,,,,,,,,,,,,,0.0,2.7,100.0,0.0
2024-11-27,,,,,,,0.0,1.7,58.1,0.0,3.6,100.0,0.0,3.2,100.0,0.0
2024-11-28,,,,,,,,,,,,,0.0,3.5,100.0,0.0
2024-11-29,0.9,3.6,100.0,,,,,,,0.0,12.0,100.0,0.0,3.7,100.0,0.0
2024-11-30,,,,,,,,,,0.0,14.2,100.0,0.0,4.4,100.0,0.0
2024-12-01,,,,14.6,40.2,100.0,,,,,,,0.0,5.9,100.0,0.0
2024-12-02,,,,,,,,,,,,,0.0,5.3,100.0,0.0
2024-12-03,,,,,,,,,,,,,0.0,7.2,100.0,0.0
2024-12-04,,,,,,,,,,,,,0.0,7.1,100.0,0.0
2024-12-05,,,,,,,0.0,12.9,100.0,,,,0.0,10.3,100.0,0.0
2024-12-06,,,,,,,99.1,79.3,35.2,,,,0.0,8.6,100.0,0.0
2024-12-07,0.9,4.6,100.0,,,,,,,,,,0.0,11.2,100.0,0.0
2024-12-08,,,,22.1,39.3,36.0,,,,,,,0.0,9.7,100.0,0.0
2024-12-09,,,,,,,,,,3.6,29.4,100.0,0.0,13.6,100.0,0.0
2024-12-10,,,,,,,,,,5.8,28.0,100.0,0.0,12.0,100.0,0.0
2024-12-11,1.4,4.9,99.9,,,,,,,,,,0.0,16.7,100.0,0.0
2024-12-12,0.3,1.5,65.3,,,,,,,8.8,32.6,100.0,0.1,14.3,100.0,0.1
2024-12-13,,,,,,,,,,,,,0.4,26.6,100.0,0.4
2024-12-14,,,,,,,,,,,,,0.3,23.9,100.0,0.3
2024-12-15,,,,,,,,,,,,,1.8,37.0,100.0,1.8
2024-12-16,,,,86.8,66.1,99.0,,,,10.2,31.2,100.0,0.8,33.6,100.0,0.8
2024-12-17,,,,,,,,,,29.1,40.4,100.0,8.9,47.2,100.0,8.9
2024-12-18,,,,,,,,,,,,,2.9,41.9,100.0,2.9
2024-12-19,6.1,11.1,100.0,,,,,,,,,,32.2,54.3,100.0,32.2
2024-12-20,,,,,,,,,,69.1,56.7,97.3,33.8,55.7,100.0,33.8
2024-12-21,,,,93.6,84.4,100.0,97.2,77.1,100.0,,,,93.0,69.9,100.0,93.0
2024-12-22,,,,,,,,,,,,,90.3,67.8,100.0,90.3
2024-12-23,10.3,14.7,100.0,,,,,,,99.6,78.9,42.7,96.2,76.6,100.0,96.2
2024-12-24,2.2,8.9,66.1,,,,,,,,,,97.1,81.8,100.0,97.1
2024-12-25,,,,,,,,,,,,,98.8,86.6,100.0,98.8
2024-12-26,,,,93.4,87.0,100.0,,,,98.4,77.4,79.6,98.7,89.0,100.0,98.7
2024-12-27,,,,,,,,,,96.7,81.1,97.1,99.9,92.4,100.0,99.9
2024-12-28,,,,98.0,96.3,100.0,,,,,,,100.0,94.5,100.0,100.0
2024-12-29,,,,,,,,,,,,,100.0,95.6,100.0,100.0
2024-12-30,,,,,,,98.9,94.0,80.7,,,,100.0,96.5,100.0,100.0
2024-12-31,41.9,46.7,100.0,99.9,99.6,100.0,,,,,,,100.0,97.9,100.0,100.0
2025-01-01,,,,,,,,,,100.0,92.3,100.0,100.0,98.1,100.0,100.0
2025-01-02,,,,,,,,,,,,,100.0,98.5,100.0,100.0
2025-01-03,,,,,,,,,,,,,100.0,98.7,100.0,100.0
2025-01-04,68.6,58.9,100.0,,,,,,,,,,100.0,99.2,100.0,100.0
2025-01-05,98.1,70.9,59.8,,,,,,,,,,100.0,99.3,100.0,100.0
2025-01-06,,,,,,,,,,,,,100.0,99.5,100.0,100.0
2025-01-07,,,,100.0,100.0,100.0,100.0,99.9,100.0,100.0,96.8,100.0,100.0,99.7,100.0,100.0
2025-01-08,,,,,,,,,,,,,100.0,99.7,100.0,100.0
2025-01-09,,,,,,,,,,,,,100.0,99.7,100.0,100.0
2025-01-10,,,,100.0,100.0,100.0,,,,,,,100.0,99.8,100.0,100.0
2025-01-11,,,,,,,,,,,,,100.0,99.7,100.0,100.0
2025-01-12,100.0,90.9,100.0,,,,,,,,,,100.0,99.8,100.0,100.0
2025-01-13,,,,,,,,,,,,,100.0,99.8,100.0,100.0
2025-01-14,,,,,,,100.0,100.0,98.7,,,,100.0,99.9,100.0,100.0
2025-01-15,,,,,,,,,,100.0,97.7,79.3,100.0,99.8,100.0,100.0
2025-01-16,100.0,95.1,100.0,,,,,,,,,,100.0,99.9,100.0,100.0
2025-01-17,100.0,96.3,66.0,,,,,,,,,,100.0,99.8,100.0,100.0
2025-01-18,,,,,,,,,,,,,100.0,99.7,100.0,100.0
2025-01-19,,,,,,,,,,,,,100.0,99.5,100.0,100.0
2025-01-20,,,,,,,,,,,,,100.0,99.6,100.0,100.0
2025-01-21,,,,,,,,,,,,,100.0,99.5,100.0,100.0
2025-01-22,,,,,,,,,,,,,100.0,99.2,100.0,100.0
2025-01-23,,,,,,,,,,100.0,97.5,100.0,100.0,99.1,100.0,100.0
2025-01-24,100.0,97.1,100.0,,,,,,,100.0,97.8,100.0,100.0,98.9,100.0,100.0
2025-01-25,,,,100.0,99.6,84.8,,,,,,,100.0,98.9,100.0,100.0
2025-01-26,,,,,,,,,,,,,100.0,98.1,100.0,100.0
2025-01-27,,,,,,,,,,,,,100.0,97.8,100.0,100.0
2025-01-28,100.0,97.7,99.9,,,,,,,,,,100.0,97.9,100.0,100.0
2025-01-29,100.0,96.9,65.1,,,,,,,100.0,98.1,100.0,100.0,98.0,100.0,100.0
2025-01-30,,,,,,,,,,,,,100.0,97.4,100.0,100.0
2025-01-31,,,,,,,,,,,,,100.0,97.8,100.0,100.0
2025-02-01,,,,,,,,,,,,,100.0,98.0,100.0,100.0
2025-02-02,,,,,,,,,,,,,100.0,98.1,100.0,100.0
2025-02-03,,,,,,,,,,,,,100.0,98.0,100.0,100.0
2025-02-04,,,,100.0,99.9,100.0,,,,100.0,97.5,100.0,100.0,98.8,100.0,100.0
2025-02-05,100.0,96.8,100.0,,,,,,,100.0,97.6,100.0,100.0,98.7,100.0,100.0
2025-02-06,,,,,,,,,,,,,100.0,98.6,100.0,100.0
2025-02-07,,,,,,,99.7,99.5,100.0,100.0,98.0,67.6,100.0,98.8,100.0,100.0
2025-02-08,,,,,,,100.0,99.0,99.6,100.0,97.6,100.0,100.0,98.8,100.0,100.0
2025-02-09,99.8,91.9,100.0,99.8,98.1,98.3,,,,,,,100.0,99.0,100.0,100.0
2025-02-10,97.9,73.8,60.3,,,,,,,,,,100.0,98.4,100.0,100.0
2025-02-11,,,,,,,,,,,,,100.0,98.3,100.0,100.0
2025-02-12,,,,,,,,,,,,,100.0,97.5,100.0,100.0
2025-02-13,,,,,,,,,,,,,100.0,97.0,100.0,100.0
2025-02-14,,,,,,,,,,,,,100.0,96.7,100.0,100.0
2025-02-15,,,,,,,,,,,,,100.0,96.7,100.0,100.0
2025-02-16,,,,,,,,,,,,,100.0,95.9,100.0,100.0
2025-02-17,76.9,67.6,100.0,,,,,,,100.0,97.3,100.0,100.0,95.5,100.0,100.0
2025-02-18,,,,,,,,,,100.0,96.1,100.0,100.0,93.6,100.0,100.0
2025-02-19,,,,100.0,99.8,100.0,,,,,,,100.0,95.2,100.0,100.0
2025-02-20,,,,,,,,,,100.0,95.1,100.0,100.0,92.1,100.0,100.0
2025-02-21,57.2,57.2,99.9,72.4,66.4,100.0,,,,,,,99.6,91.7,100.0,99.6
2025-02-22,4.6,9.1,58.4,,,,,,,100.0,90.1,100.0,99.0,87.4,100.0,99.0
2025-02-23,,,,,,,,,,,,,98.0,86.3,100.0,98.0
2025-02-24,,,,,,,,,,,,,96.3,82.2,100.0,96.3
2025-02-25,,,,,,,,,,100.0,86.7,71.1,88.3,76.3,100.0,88.3
2025-02-26,,,,,,,,,,,,,76.3,68.9,100.0,76.3
2025-02-27,,,,,,,,,,98.7,71.6,100.0,64.0,62.3,100.0,64.0
2025-02-28,,,,,,,,,,,,,44.2,54.7,100.0,44.2
2025-03-01,42.1,39.0,100.0,,,,,,,,,,39.3,49.0,100.0,39.3
2025-03-02,,,,,,,,,,,,,33.7,42.4,100.0,33.7
2025-03-03,,,,39.2,44.0,100.0,0.1,13.1,100.0,,,,34.0,41.5,100.0,34.0
2025-03-04,,,,,,,0.0,1.3,100.0,,,,18.5,34.8,100.0,18.5
2025-03-05,40.8,33.1,100.0,,,,,,,,,,17.4,31.2,100.0,17.4
2025-03-06,1.0,2.8,52.4,0.0,4.3,100.0,,,,,,,0.1,23.6,100.0,0.1
2025-03-07,,,,,,,,,,,,,0.0,21.5,100.0,0.0
2025-03-08,,,,0.0,3.2,100.0,,,,,,,0.0,17.5,100.0,0.0
2025-03-09,,,,,,,,,,,,,0.0,14.7,100.0,0.0
2025-03-10,,,,,,,,,,,,,0.0,12.5,100.0,0.0
2025-03-11,,,,,,,,,,,,,0.0,11.8,100.0,0.0
2025-03-12,,,,,,,,,,,,,0.0,10.4,100.0,0.0
2025-03-13,30.2,31.4,100.0,,,,,,,,,,0.0,8.3,100.0,0.0
2025-03-14,,,,,,,,,,,,,0.0,7.5,100.0,0.0
2025-03-15,,,,,,,,,,,,,0.0,7.2,100.0,0.0
2025-03-16,,,,,,,,,,,,,0.0,6.2,100.0,0.0
2025-03-17,16.0,25.8,100.0,,,,,,,,,,0.0,6.0,100.0,0.0
2025-03-18,3.1,12.1,57.7,0.0,5.7,100.0,,,,,,,0.0,6.2,100.0,0.0
2025-03-19,,,,,,,0.0,0.3,100.0,,,,0.0,5.0,100.0,0.0
2025-03-20,,,,,,,0.0,0.2,100.0,,,,0.0,4.6,100.0,0.0
2025-03-21,,,,,,,,,,,,,0.0,3.9,100.0,0.0
2025-03-22,,,,,,,,,,10.2,30.6,93.8,0.0,4.0,100.0,0.0
2025-03-23,,,,0.0,5.0,100.0,,,,,,,0.0,3.8,100.0,0.0
2025-03-24,,,,,,,,,,10.4,28.9,90.5,0.0,4.6,100.0,0.0
2025-03-25,6.2,14.5,100.0,,,,,,,0.0,12.8,100.0,0.0,4.2,100.0,0.0
2025-03-26,,,,,,,,,,,,,0.0,5.4,100.0,0.0
2025-03-27,,,,,,,,,,,,,0.0,4.8,100.0,0.0
2025-03-28,,,,,,,,,,,,,0.0,5.4,100.0,0.0
2025-03-29,2.7,10.7,100.0,,,,,,,,,,0.0,4.8,100.0,0.0
2025-03-30,4.3,12.5,56.1,,,,,,,,,,0.0,5.6,100.0,0.0
2025-03-31,,,,,,,,,,,,,0.0,5.4,100.0,0.0
2025-04-01,,,,,,,,,,,,,0.0,3.7,100.0,0.0
2025-04-02,,,,0.0,2.0,100.0,,,,,,,0.0,3.5,100.0,0.0
2025-04-03,,,,,,,,,,,,,0.0,3.3,100.0,0.0
2025-04-04,,,,0.0,1.7,100.0,0.0,0.1,100.0,0.0,3.3,100.0,0.0,2.6,100.0,0.0
2025-04-05,,,,0.0,1.9,100.0,0.0,0.1,100.0,0.0,0.8,100.0,0.0,2.0,100.0,0.0
2025-04-06,2.4,9.4,100.0,,,,,,,,,,0.0,2.1,100.0,0.0
2025-04-07,,,,0.0,2.5,100.0,,,,0.0,0.4,100.0,0.0,1.9,100.0,0.0
2025-04-08,,,,,,,,,,,,,0.0,1.6,100.0,0.0
2025-04-09,,,,,,,,,,0.0,0.3,100.0,0.0,1.3,100.0,0.0
2025-04-10,1.8,5.4,100.0,0.0,1.5,100.0,,,,0.0,0.2,82.7,0.0,1.2,100.0,0.0
2025-04-11,1.1,2.8,72.2,,,,,,,0.0,0.1,100.0,0.0,1.1,100.0,0.0
2025-04-12,,,,0.0,0.6,100.0,0.0,0.0,100.0,0.0,0.0,91.5,0.0,0.9,100.0,0.0
2025-04-13,,,,,,,,,,,,,0.0,0.8,100.0,0.0
2025-04-14,,,,,,,,,,,,,0.0,0.7,100.0,0.0
2025-04-15,,,,,,,,,,0.0,0.1,97.9,0.0,0.7,100.0,0.0
2025-04-16,,,,,,,,,,,,,0.0,0.7,100.0,0.0
2025-04-17,,,,,,,,,,,,,0.0,0.8,100.0,0.0
2025-04-18,2.0,4.8,99.4,,,,,,,,,,0.0,0.8,100.0,0.0
2025-04-19,,,,,,,,,,,,,0.0,1.3,100.0,0.0
2025-04-20,,,,,,,,,,,,,0.0,1.1,100.0,0.0
2025-04-21,,,,,,,,,,,,,0.0,1.0,100.0,0.0
2025-04-22,0.7,2.3,99.4,,,,,,,,,,0.0,0.8,100.0,0.0
2025-04-23,0.3,1.2,68.5,,,,,,,0.0,0.0,100.0,0.0,0.8,100.0,0.0
2025-04-24,,,,,,,,,,,,,0.0,0.6,100.0,0.0
2025-04-25,,,,,,,,,,,,,0.0,0.4,100.0,0.0
2025-04-26,,,,,,,,,,,,,0.0,0.5,100.0,0.0
2025-04-27,,,,,,,,,,,,,0.0,0.6,100.0,0.0
2025-04-28,,,,,,,0.0,0.0,90.1,0.0,0.0,100.0,0.0,0.4,100.0,0.0
2025-04-29,,,,,,,0.0,0.0,100.0,0.0,0.0,100.0,0.0,0.3,100.0,0.0
2025-04-30,1.2,2.3,99.4,0.0,0.5,100.0,,,,,,,0.0,0.3,100.0,0.0
2025-05-01,,,,,,,,,,,,,0.0,0.4,100.0,0.0
2025-05-02,,,,0.0,0.6,100.0,,,,0.0,0.0,100.0,0.0,0.2,100.0,0.0
2025-05-03,,,,,,,,,,0.0,0.0,100.0,0.0,0.3,100.0,0.0
2025-05-04,0.7,1.3,99.4,,,,,,,,,,0.0,0.3,100.0,0.0
2025-05-05,0.1,0.3,69.7,,,,,,,,,,0.0,0.5,100.0,0.0
2025-05-06,0.8,1.3,99.4,,,,,,,,,,0.0,0.4,100.0,0.0
2025-05-07,,,,,,,,,,,,,0.0,0.6,100.0,0.0
2025-05-08,,,,,,,,,,,,,0.0,0.5,100.0,0.0
2025-05-09,,,,,,,,,,,,,0.0,0.7,100.0,0.0
2025-05-10,0.2,0.7,99.4,0.0,2.4,100.0,,,,0.0,0.0,99.0,0.0,0.4,100.0,0.0
2025-05-11,0.0,0.1,81.3,,,,,,,,,,0.0,0.3,100.0,0.0
2025-05-12,0.5,0.8,99.4,0.0,4.8,86.7,,,,,,,0.0,0.2,100.0,0.0
2025-05-13,,,,,,,,,,,,,0.0,0.3,100.0,0.0
2025-05-14,,,,0.0,3.8,100.0,0.0,0.0,100.0,,,,0.0,0.2,100.0,0.0
2025-05-15,,,,0.0,2.4,99.5,0.0,0.0,39.0,,,,0.0,0.2,100.0,0.0
2025-05-16,0.5,0.8,99.4,,,,,,,0.0,0.0,98.8,0.0,0.1,100.0,0.0
2025-05-17,0.0,0.1,75.9,,,,,,,,,,0.0,0.2,100.0,0.0
2025-05-18,0.8,1.1,99.4,,,,,,,,,,0.0,0.2,100.0,0.0
2025-05-19,,,,,,,,,,,,,0.0,0.2,100.0,0.0
2025-05-20,,,,0.0,1.1,100.0,,,,,,,0.0,0.2,100.0,0.0
2025-05-21,,,,,,,,,,,,,0.0,0.2,100.0,0.0
2025-05-22,0.6,1.0,99.4,,,,,,,,,,0.0,0.2,100.0,0.0
2025-05-23,0.0,0.1,60.8,,,,0.0,0.0,100.0,,,,0.0,0.1,100.0,0.0
2025-05-24,0.6,1.2,99.4,,,,,,,,,,0.0,0.1,100.0,0.0
2025-05-25,,,,,,,,,,,,,0.0,0.2,100.0,0.0
2025-05-26,,,,,,,,,,,,,0.0,0.1,100.0,0.0
2025-05-27,,,,,,,,,,,,,0.0,0.1,100.0,0.0
2025-05-28,0.9,1.7,99.4,,,,,,,,,,0.0,0.1,100.0,0.0
2025-05-29,0.1,0.3,79.5,,,,,,,,,,0.0,0.1,100.0,0.0
2025-05-30,1.4,2.6,99.4,0.0,0.4,100.0,0.0,0.0,100.0,0.0,0.0,100.0,0.0,0.0,100.0,0.0
2025-05-31,,,,,,,0.0,0.0,100.0,0.0,0.0,100.0,0.0,0.0,100.0,0.0
2025-06-01,,,,,,,,,,,,,0.0,0.0,100.0,0.0
2025-06-02,,,,,,,,,,,,,0.0,0.1,100.0,0.0
2025-06-03,1.4,2.7,99.4,0.0,1.4,100.0,,,,0.0,0.0,100.0,0.0,0.0,100.0,0.0
2025-06-04,0.0,0.4,59.6,,,,,,,,,,0.0,0.1,100.0,0.0
2025-06-05,1.4,2.6,99.4,,,,,,,,,,0.0,0.1,100.0,0.0
2025-06-06,,,,0.0,5.6,100.0,,,,0.0,0.0,100.0,0.0,0.1,100.0,0.0
2025-06-07,,,,,,,,,,,,,0.0,0.1,100.0,0.0
2025-06-08,,,,,,,,,,,,,0.0,0.3,100.0,0.0
2025-06-09,1.5,3.0,99.4,0.0,7.0,100.0,,,,,,,0.0,0.2,100.0,0.0
2025-06-10,0.1,0.6,82.4,,,,,,,0.0,0.0,100.0,0.0,0.2,100.0,0.0
2025-06-11,1.7,3.5,99.3,0.0,2.9,100.0,,,,0.0,0.0,100.0,0.0,0.2,100.0,0.0
2025-06-12,,,,,,,,,,,,,0.0,0.2,100.0,0.0
2025-06-13,,,,0.0,1.9,100.0,,,,0.0,0.0,100.0,0.0,0.1,100.0,0.0
2025-06-14,,,,0.0,1.9,100.0,,,,0.0,0.0,100.0,0.0,0.1,100.0,0.0
2025-06-15,2.5,4.0,99.4,,,,0.0,0.0,67.3,0.0,0.0,100.0,0.0,0.1,100.0,0.0
2025-06-16,0.1,0.4,63.2,,,,,,,,,,0.0,0.1,100.0,0.0
2025-06-17,1.6,2.7,99.4,,,,,,,0.0,0.0,100.0,0.0,0.1,100.0,0.0
2025-06-18,,,,,,,,,,0.0,0.0,100.0,0.0,0.0,100.0,0.0
2025-06-19,,,,0.0,1.6,100.0,,,,,,,0.0,0.0,100.0,0.0
2025-06-20,,,,,,,,,,,,,0.0,0.0,100.0,0.0
2025-06-21,2.2,2.9,99.4,0.0,1.1,100.0,,,,0.0,0.0,34.4,0.0,0.0,100.0,0.0
2025-06-22,0.1,0.8,80.2,,,,,,,0.0,0.0,100.0,0.0,0.0,100.0,0.0
2025-06-23,,,,,,,,,,,,,0.0,0.0,100.0,0.0
2025-06-24,,,,,,,0.0,0.0,99.9,,,,0.0,0.0,100.0,0.0
2025-06-25,,,,,,,,,,,,,0.0,0.0,100.0,0.0
2025-06-26,,,,,,,,,,0.0,0.0,100.0,0.0,0.0,100.0,0.0
2025-06-27,1.9,2.7,99.4,,,,,,,0.0,0.0,100.0,0.0,0.0,100.0,0.0
2025-06-28,0.1,0.4,72.6,,,,,,,,,,0.0,0.0,100.0,0.0
2025-06-29,2.9,3.9,99.4,,,,,,,0.0,0.0,100.0,0.0,0.0,100.0,0.0
2025-06-30,,,,,,,,,,,,,0.0,0.0,100.0,0.0
2025-07-01,,,,0.0,1.0,100.0,0.0,0.0,100.0,,,,0.0,0.0,100.0,0.0
2025-07-02,,,,,,,0.0,0.0,100.0,0.0,0.0,100.0,0.0,0.0,100.0,0.0
2025-07-03,3.2,5.2,99.4,,,,,,,0.0,0.0,100.0,0.0,0.0,100.0,0.0
2025-07-04,0.7,1.7,78.1,,,,,,,,,,0.0,0.0,100.0,0.0
2025-07-05,3.6,5.9,99.4,,,,,,,,,,0.0,0.0,100.0,0.0
2025-07-06,,,,,,,,,,,,,0.0,0.0,100.0,0.0
2025-07-07,,,,,,,,,,,,,0.0,0.0,100.0,0.0
2025-07-08,,,,,,,,,,,,,0.0,0.0,100.0,0.0
2025-07-09,3.4,5.7,99.4,,,,,,,,,,0.0,0.0,100.0,0.0
2025-07-10,2.2,6.5,62.1,,,,,,,,,,0.0,0.1,100.0,0.0
2025-07-11,3.6,8.6,99.4,,,,,,,,,,0.0,0.0,100.0,0.0
2025-07-12,,,,,,,,,,,,,0.0,0.1,100.0,0.0
2025-07-13,,,,0.0,0.8,92.5,,,,,,,0.0,0.1,100.0,0.0
2025-07-14,,,,,,,,,,,,,0.0,0.2,100.0,0.0
2025-07-15,5.9,16.8,99.4,,,,,,,,,,0.0,0.2,100.0,0.0
2025-07-16,6.4,20.8,77.5,,,,,,,,,,0.0,0.5,100.0,0.0
2025-07-17,6.8,19.0,99.4,,,,,,,,,,0.0,0.5,100.0,0.0
2025-07-18,,,,,,,,,,,,,0.0,0.9,100.0,0.0
2025-07-19,,,,0.0,1.1,30.7,,,,,,,0.0,0.4,100.0,0.0
2025-07-20,,,,,,,,,,,,,0.0,0.6,100.0,0.0
2025-07-21,7.5,19.1,99.4,,,,,,,,,,0.0,0.5,100.0,0.0
2025-07-22,28.8,34.3,63.2,,,,,,,0.0,0.0,92.8,0.0,0.4,100.0,0.0
2025-07-23,14.9,24.6,99.4,0.0,1.2,80.6,,,,,,,0.0,0.3,100.0,0.0
2025-07-24,,,,,,,,,,,,,0.0,0.3,100.0,0.0
2025-07-25,,,,,,,,,,,,,0.0,0.3,100.0,0.0
2025-07-26,,,,,,,,,,,,,0.0,0.3,100.0,0.0
2025-07-27,3.2,17.4,99.4,,,,,,,,,,0.0,0.2,100.0,0.0
2025-07-28,2.1,7.3,76.3,,,,,,,,,,0.0,0.2,100.0,0.0
2025-07-29,1.7,6.5,99.4,,,,,,,,,,0.0,0.1,100.0,0.0
2025-07-30,,,,,,,,,,,,,0.0,0.1,100.0,0.0
2025-07-31,,,,,,,,,,,,,0.0,0.0,100.0,0.0
2025-08-01,,,,,,,,,,,,,0.0,0.1,100.0,0.0
2025-08-02,0.7,3.2,99.4,,,,,,,,,,0.0,0.1,100.0,0.0
2025-08-03,0.3,1.8,61.0,,,,,,,,,,0.0,0.0,100.0,0.0
2025-08-04,0.3,1.7,99.4,,,,,,,,,,0.0,0.0,100.0,0.0
2025-08-05,,,,,,,,,,,,,0.0,0.0,100.0,0.0
2025-08-06,,,,,,,,,,,,,0.0,0.0,100.0,0.0
2025-08-07,,,,,,,,,,0.0,0.0,100.0,0.0,0.0,100.0,0.0
2025-08-08,0.3,1.6,99.4,0.0,1.1,100.0,,,,,,,0.0,0.0,100.0,0.0
2025-08-09,0.2,1.1,74.6,,,,,,,0.0,0.0,100.0,0.0,0.0,100.0,0.0
2025-08-10,0.1,1.3,99.3,,,,0.0,0.0,100.0,0.0,0.0,100.0,0.0,0.0,100.0,0.0
2025-08-11,,,,,,,0.0,0.0,100.0,0.0,0.0,100.0,0.0,0.0,100.0,0.0
2025-08-12,,,,0.0,2.0,100.0,,,,0.0,0.0,100.0,0.0,0.0,100.0,0.0
2025-08-13,,,,0.0,2.7,100.0,,,,0.0,0.0,100.0,0.0,0.0,100.0,0.0
2025-08-14,0.1,1.2,99.3,,,,,,,0.0,0.0,100.0,0.0,0.0,100.0,0.0
2025-08-15,0.1,0.8,61.0,,,,,,,0.0,0.0,100.0,0.0,0.0,100.0,0.0
2025-08-16,0.1,1.4,99.3,,,,,,,,,,0.0,0.0,100.0,0.0
2025-08-17,,,,,,,,,,,,,0.0,0.0,100.0,0.0
2025-08-18,,,,0.0,2.8,56.1,,,,,,,0.0,0.0,100.0,0.0
2025-08-19,,,,,,,0.0,0.0,80.3,,,,0.0,0.0,100.0,0.0
2025-08-20,0.1,1.6,99.3,,,,,,,,,,0.0,0.0,100.0,0.0
2025-08-21,0.0,0.7,69.1,,,,,,,,,,0.0,0.0,100.0,0.0
2025-08-22,0.2,2.6,99.3,0.0,8.7,54.9,,,,,,,0.0,0.0,100.0,0.0
2025-08-23,,,,,,,,,,,,,0.0,0.0,100.0,0.0
2025-08-24,,,,,,,,,,,,,0.0,0.0,100.0,0.0
2025-08-25,,,,0.0,2.5,100.0,,,,0.0,0.0,100.0,0.0,0.0,100.0,0.0
2025-08-26,0.2,2.5,99.3,,,,0.0,0.0,100.0,0.0,0.0,96.6,0.0,0.0,100.0,0.0
2025-08-27,0.0,1.0,59.9,,,,,,,,,,0.0,0.0,100.0,0.0
2025-08-28,0.6,3.7,99.1,,,,,,,,,,0.0,0.0,100.0,0.0
2025-08-29,,,,,,,,,,,,,0.0,0.0,100.0,0.0
2025-08-30,,,,,,,,,,,,,0.0,0.0,100.0,0.0
2025-08-31,,,,,,,,,,,,,0.0,0.0,100.0,0.0
2025-09-01,0.9,3.8,99.3,,,,,,,,,,0.0,0.0,100.0,0.0
2025-09-02,0.0,0.8,61.4,,,,,,,,,,0.0,0.0,100.0,0.0
2025-09-03,0.7,3.8,99.3,,,,0.0,0.0,100.0,,,,0.0,0.0,100.0,0.0
2025-09-04,,,,0.0,0.8,100.0,0.0,0.0,100.0,,,,0.0,0.0,100.0,0.0
2025-09-05,,,,,,,,,,,,,0.0,0.0,100.0,0.0
2025-09-06,,,,,,,,,,,,,0.0,0.0,100.0,0.0
2025-09-07,0.7,3.3,99.3,0.0,0.5,100.0,,,,,,,0.0,0.0,100.0,0.0
2025-09-08,0.0,0.4,59.9,,,,,,,,,,0.0,0.0,100.0,0.0
2025-09-09,0.9,3.0,99.3,,,,,,,,,,0.0,0.0,100.0,0.0
2025-09-10,,,,,,,,,,,,,0.0,0.0,100.0,0.0
2025-09-11,,,,0.0,2.0,43.1,,,,,,,0.0,0.0,100.0,0.0
2025-09-12,,,,,,,,,,,,,0.0,0.0,100.0,0.0
2025-09-13,1.0,3.1,99.3,,,,,,,,,,0.0,0.0,100.0,0.0
2025-09-14,0.0,0.6,50.8,,,,,,,,,,0.0,0.0,100.0,0.0
2025-09-15,1.0,3.2,99.3,,,,,,,,,,0.0,0.0,100.0,0.0
2025-09-16,,,,,,,,,,,,,0.0,0.0,100.0,0.0
2025-09-17,,,,,,,,,,,,,0.0,0.0,100.0,0.0
2025-09-18,,,,,,,,,,0.0,0.0,100.0,0.0,0.0,100.0,0.0
2025-09-19,0.3,3.1,99.3,0.0,1.2,100.0,0.0,0.0,100.0,,,,0.0,0.0,100.0,0.0
2025-09-20,0.4,2.0,61.1,,,,0.0,0.0,100.0,,,,0.0,0.0,100.0,0.0
2025-09-21,0.6,3.7,99.3,0.0,2.1,100.0,,,,,,,0.0,0.0,100.0,0.0
2025-09-22,,,,,,,,,,,,,0.0,0.0,100.0,0.0
2025-09-23,,,,,,,,,,,,,0.0,0.0,100.0,0.0
2025-09-24,,,,,,,,,,,,,0.0,0.0,100.0,0.0
2025-09-25,0.7,4.5,99.3,,,,,,,,,,0.0,0.0,100.0,0.0
2025-09-26,0.4,2.6,60.7,,,,,,,,,,0.0,0.0,100.0,0.0
2025-09-27,0.4,3.8,99.3,,,,,,,,,,0.0,0.0,100.0,0.0
2025-09-28,,,,,,,,,,,,,0.0,0.1,100.0,0.0
2025-09-29,,,,,,,,,,,,,0.0,0.1,100.0,0.0
2025-09-30,,,,,,,,,,,,,0.0,0.1,100.0,0.0
2025-10-01,,,,0.1,7.5,100.0,,,,0.0,0.0,100.0,0.0,0.1,100.0,0.0
2025-10-02,0.1,2.0,59.9,0.1,7.5,100.0,,,,0.0,0.0,100.0,0.0,0.1,100.0,0.0
2025-10-03,0.1,2.1,99.3,,,,,,,0.0,0.0,100.0,0.0,0.1,100.0,0.0
2025-10-04,,,,0.0,9.2,87.4,,,,,,,0.0,0.1,100.0,0.0
2025-10-05,,,,,,,,,,,,,0.0,0.2,100.0,0.0
2025-10-06,,,,,,,,,,,,,0.0,0.3,100.0,0.0
2025-10-07,0.1,1.0,99.2,0.0,4.9,100.0,,,,,,,0.0,0.3,100.0,0.0
2025-10-08,0.0,0.3,53.3,,,,,,,0.0,0.0,100.0,0.0,0.2,100.0,0.0
2025-10-09,0.0,0.8,99.5,,,,,,,,,,0.0,0.3,100.0,0.0
2025-10-10,,,,,,,,,,,,,0.0,0.4,100.0,0.0
2025-10-11,,,,,,,,,,,,,0.0,0.4,100.0,0.0
2025-10-12,,,,,,,,,,0.0,0.1,100.0,0.0,0.3,100.0,0.0
2025-10-13,0.0,0.4,99.4,,,,,,,0.0,0.3,100.0,0.0,0.3,100.0,0.0
2025-10-14,0.0,0.2,57.3,,,,,,,0.0,0.5,100.0,0.0,0.3,100.0,0.0
2025-10-15,0.0,0.3,99.5,,,,,,,,,,0.0,0.2,100.0,0.0
2025-10-16,,,,,,,,,,,,,0.0,0.2,100.0,0.0
2025-10-17,,,,,,,,,,0.0,0.8,100.0,0.0,0.1,100.0,0.0
2025-10-18,,,,,,,,,,,,,0.0,0.2,100.0,0.0
2025-10-19,0.0,0.2,99.5,,,,,,,,,,0.0,0.1,100.0,0.0
2025-10-20,0.0,0.1,62.4,,,,,,,,,,0.0,0.1,100.0,0.0
2025-10-21,0.0,0.2,99.5,,,,,,,,,,0.0,0.1,100.0,0.0
2025-10-22,,,,,,,,,,,,,0.0,0.1,100.0,0.0
2025-10-23,,,,,,,,,,,,,0.0,0.1,100.0,0.0
2025-10-24,,,,,,,,,,,,,0.0,0.1,100.0,0.0
2025-10-25,0.0,0.2,99.5,,,,,,,,,,0.0,0.1,100.0,0.0
2025-10-26,0.0,0.1,57.2,,,,,,,,,,0.0,0.1,100.0,0.0
2025-10-27,0.0,0.3,99.4,,,,,,,,,,0.0,0.1,100.0,0.0
2025-10-28,,,,,,,,,,,,,0.0,0.1,100.0,0.0
2025-10-29,,,,0.0,2.0,100.0,0.0,0.0,100.0,,,,0.0,0.1,100.0,0.0
2025-10-30,,,,,,,0.0,0.1,100.0,,,,0.0,0.1,100.0,0.0
2025-10-31,0.0,0.4,99.4,0.0,1.4,100.0,,,,,,,0.0,0.1,100.0,0.0
2025-11-01,0.0,0.2,57.0,0.0,1.5,100.0,,,,,,,0.0,0.2,100.0,0.0
2025-11-02,0.0,0.8,99.5,,,,,,,,,,0.0,0.2,100.0,0.0
2025-11-03,,,,0.0,3.1,65.1,,,,,,,0.0,0.2,100.0,0.0
2025-11-04,,,,,,,,,,,,,0.0,0.2,100.0,0.0
2025-11-05,,,,,,,,,,,,,0.0,0.3,100.0,0.0
2025-11-06,0.0,0.8,99.5,0.0,1.8,100.0,0.0,0.2,100.0,0.0,1.1,100.0,0.0,0.3,100.0,0.0
2025-11-07,0.0,0.4,63.9,,,,0.0,0.3,100.0,,,,0.0,0.3,100.0,0.0
2025-11-08,0.0,1.7,99.4,0.0,3.0,100.0,,,,,,,0.0,0.3,100.0,0.0
2025-11-09,,,,,,,,,,,,,0.0,0.4,100.0,0.0
2025-11-10,,,,0.0,10.4,100.0,,,,,,,0.0,0.5,100.0,0.0
2025-11-11,,,,0.0,12.6,100.0,,,,,,,0.0,0.6,100.0,0.0
2025-11-12,0.2,2.6,99.5,,,,,,,,,,0.0,0.5,100.0,0.0
2025-11-13,0.0,0.7,62.0,,,,,,,,,,0.0,0.6,100.0,0.0
2025-11-14,0.3,3.3,99.5,,,,,,,,,,0.0,0.8,100.0,0.0
2025-11-15,,,,,,,,,,,,,0.0,1.0,100.0,0.0
2025-11-16,,,,,,,,,,,,,0.0,1.0,100.0,0.0
2025-11-17,,,,,,,,,,,,,0.0,1.4,100.0,0.0
2025-11-18,0.0,2.4,99.5,4.3,36.7,98.5,,,,0.0,4.4,100.0,0.0,1.8,100.0,0.0
2025-11-19,0.0,0.6,56.4,,,,,,,,,,0.0,2.5,100.0,0.0
2025-11-20,0.0,2.8,99.5,,,,,,,,,,0.0,2.9,100.0,0.0
2025-11-21,,,,,,,,,,,,,0.0,3.7,100.0,0.0
2025-11-22,,,,,,,0.0,13.9,100.0,,,,0.0,6.6,100.0,0.0
2025-11-23,,,,90.3,72.2,100.0,28.4,34.8,100.0,,,,0.0,10.4,100.0,0.0
2025-11-24,0.2,3.9,99.5,,,,,,,,,,0.0,10.5,100.0,0.0
2025-11-25,0.0,0.9,61.4,,,,,,,,,,0.0,9.3,100.0,0.0
2025-11-26,0.1,4.0,99.5,,,,,,,,,,0.0,12.9,100.0,0.0
2025-11-27,,,,,,,,,,,,,0.0,15.5,100.0,0.0
2025-11-28,,,,91.3,74.7,100.0,,,,0.0,6.7,81.0,0.0,20.4,100.0,0.0
2025-11-29,,,,,,,,,,,,,0.0,16.5,100.0,0.0
2025-11-30,,,,,,,,,,,,,0.3,22.6,100.0,0.3
2025-12-01,0.0,1.2,55.7,,,,94.2,73.7,100.0,0.0,12.2,100.0,0.1,20.6,100.0,0.1
2025-12-02,,,,,,,,,,0.0,15.2,100.0,0.5,23.5,100.0,0.5
2025-12-03,,,,83.9,60.2,100.0,,,,2.9,25.8,100.0,0.0,16.8,100.0,0.0
2025-12-04,,,,,,,,,,2.1,23.9,100.0,0.1,19.6,100.0,0.1
2025-12-05,,,,,,,,,,,,,0.0,14.6,100.0,0.0
2025-12-06,0.5,4.9,99.5,,,,,,,27.5,41.4,64.6,0.1,15.1,100.0,0.1
2025-12-07,0.0,1.2,64.8,,,,,,,,,,0.0,10.7,100.0,0.0
2025-12-08,4.1,8.6,99.5,,,,,,,,,,0.0,12.4,100.0,0.0
2025-12-09,,,,,,,0.2,9.3,100.0,,,,0.0,10.1,100.0,0.0
2025-12-10,,,,9.8,39.7,100.0,,,,,,,0.0,10.5,100.0,0.0
2025-12-11,,,,,,,,,,,,,0.0,9.5,100.0,0.0
2025-12-12,3.4,7.6,99.5,,,,,,,,,,0.1,10.5,100.0,0.1
2025-12-13,0.0,2.5,49.8,24.9,42.7,100.0,,,,,,,0.1,12.2,100.0,0.1
2025-12-14,4.6,8.9,100.0,,,,,,,21.7,37.3,100.0,0.4,13.3,100.0,0.4
2025-12-15,,,,,,,,,,,,,0.4,16.2,100.0,0.4
2025-12-16,,,,,,,,,,,,,1.1,17.8,100.0,1.1
2025-12-17,,,,,,,,,,,,,4.1,24.7,100.0,4.1
2025-12-18,9.1,10.3,100.0,67.6,51.9,100.0,,,,54.4,50.2,100.0,12.8,34.0,100.0,12.8
2025-12-19,0.0,0.9,70.7,,,,,,,,,,16.9,39.0,100.0,16.9
2025-12-20,15.0,14.4,100.0,,,,,,,,,,21.6,41.1,100.0,21.6
2025-12-21,,,,84.2,63.6,100.0,,,,89.3,65.0,100.0,31.5,52.9,100.0,31.5
2025-12-22,,,,,,,,,,,,,34.7,61.3,100.0,34.7
2025-12-23,,,,,,,,,,,,,94.4,70.9,100.0,94.4
2025-12-24,22.4,18.6,100.0,,,,,,,,,,96.3,76.4,100.0,96.3
2025-12-25,0.0,2.0,58.1,,,,,,,95.5,69.0,100.0,99.4,84.9,100.0,99.4
2025-12-26,30.8,28.2,100.0,,,,,,,97.6,81.4,100.0,99.3,91.3,100.0,99.3
2025-12-27,,,,,,,,,,99.7,90.7,100.0,99.9,94.4,100.0,99.9
2025-12-28,,,,98.3,97.4,100.0,,,,,,,99.9,96.0,100.0,99.9
2025-12-29,,,,,,,,,,,,,99.9,97.0,100.0,99.9
2025-12-30,35.0,38.0,100.0,,,,,,,,,,99.9,98.0,100.0,99.9
2025-12-31,84.9,58.2,69.0,99.3,98.5,100.0,,,,,,,99.9,98.4,100.0,99.9
2026-01-01,100.0,89.5,98.4,,,,100.0,98.8,99.4,,,,100.0,98.9,100.0,100.0
2026-01-02,,,,,,,,,,,,,100.0,98.7,100.0,100.0
2026-01-03,,,,,,,,,,,,,100.0,99.2,100.0,100.0
2026-01-04,,,,,,,,,,,,,100.0,99.2,100.0,100.0
2026-01-05,100.0,94.8,98.4,,,,,,,,,,100.0,99.6,100.0,100.0
2026-01-06,100.0,94.8,53.1,,,,,,,,,,100.0,99.5,100.0,100.0
2026-01-07,100.0,97.5,98.4,100.0,100.0,100.0,,,,,,,100.0,99.8,100.0,100.0
2026-01-08,,,,,,,,,,,,,100.0,99.6,100.0,100.0
2026-01-09,,,,100.0,98.8,100.0,100.0,100.0,100.0,,,,100.0,99.9,100.0,100.0
2026-01-10,,,,,,,,,,,,,100.0,99.7,100.0,100.0
2026-01-11,100.0,98.8,98.4,,,,,,,,,,100.0,99.9,100.0,100.0
2026-01-12,100.0,99.0,60.3,,,,,,,99.5,95.4,89.1,100.0,99.8,100.0,100.0
2026-01-13,100.0,99.1,98.4,,,,,,,,,,100.0,99.9,100.0,100.0
2026-01-14,,,,,,,,,,,,,100.0,99.8,100.0,100.0
2026-01-15,,,,100.0,99.2,100.0,,,,,,,100.0,99.9,100.0,100.0
2026-01-16,,,,,,,,,,,,,100.0,99.9,100.0,100.0
2026-01-17,100.0,99.2,98.4,99.6,98.3,100.0,100.0,100.0,84.6,,,,100.0,99.9,100.0,100.0
2026-01-18,100.0,99.4,53.7,,,,,,,99.2,94.7,100.0,100.0,99.9,100.0,100.0
2026-01-19,100.0,99.5,98.4,,,,,,,,,,100.0,99.9,100.0,100.0
2026-01-20,,,,100.0,99.5,100.0,,,,,,,100.0,99.9,100.0,100.0
2026-01-21,,,,,,,,,,,,,100.0,99.9,100.0,100.0
2026-01-22,,,,100.0,100.0,100.0,,,,,,,100.0,99.9,100.0,100.0
2026-01-23,100.0,99.5,98.4,,,,,,,,,,100.0,99.9,100.0,100.0
2026-01-24,100.0,99.6,65.6,,,,,,,,,,100.0,99.9,100.0,100.0
2026-01-25,100.0,99.4,98.4,,,,,,,,,,100.0,99.9,100.0,100.0
2026-01-26,,,,,,,,,,,,,100.0,99.9,100.0,100.0
2026-01-27,,,,100.0,100.0,100.0,,,,,,,100.0,99.9,100.0,100.0
2026-01-28,,,,,,,,,,,,,100.0,99.9,100.0,100.0
2026-01-29,100.0,99.3,98.4,,,,,,,,,,100.0,99.9,100.0,100.0
2026-01-30,100.0,99.3,48.6,100.0,100.0,100.0,,,,99.4,92.1,100.0,100.0,99.9,100.0,100.0
2026-01-31,100.0,99.0,98.4,,,,,,,99.2,93.6,100.0,100.0,100.0,100.0,100.0
2026-02-01,,,,,,,,,,,,,100.0,99.9,100.0,100.0
2026-02-02,,,,,,,100.0,100.0,100.0,,,,100.0,99.9,100.0,100.0
2026-02-03,,,,,,,100.0,100.0,32.2,99.6,93.3,100.0,100.0,99.9,100.0,100.0
2026-02-04,100.0,98.1,98.4,,,,,,,,,,100.0,99.9,100.0,100.0
2026-02-05,100.0,99.0,57.6,,,,,,,,,,100.0,99.9,100.0,100.0
2026-02-06,100.0,97.6,98.4,,,,,,,,,,100.0,99.9,100.0,100.0
2026-02-07,,,,,,,,,,,,,100.0,99.8,100.0,100.0
2026-02-08,,,,,,,,,,99.6,93.1,100.0,100.0,99.8,100.0,100.0
2026-02-09,,,,100.0,98.4,100.0,,,,99.7,88.5,100.0,100.0,99.7,100.0,100.0
2026-02-10,100.0,95.5,98.4,,,,100.0,100.0,37.0,,,,100.0,99.6,100.0,100.0
2026-02-11,100.0,94.6,57.3,,,,,,,99.8,93.0,100.0,100.0,99.2,100.0,100.0
2026-02-12,100.0,93.5,98.4,,,,,,,,,,100.0,98.9,100.0,100.0
2026-02-13,,,,,,,,,,,,,100.0,98.0,100.0,100.0
2026-02-14,,,,,,,,,,,,,100.0,97.6,100.0,100.0
2026-02-15,,,,,,,,,,,,,100.0,95.5,100.0,100.0
2026-02-16,100.0,91.4,98.4,,,,,,,,,,100.0,95.5,100.0,100.0
2026-02-17,99.9,83.4,65.8,,,,,,,,,,100.0,92.8,100.0,100.0
2026-02-18,95.5,64.3,98.4,,,,,,,,,,100.0,92.1,100.0,100.0
2026-02-19,,,,,,,,,,,,,100.0,87.4,100.0,100.0
2026-02-20,,,,,,,,,,,,,100.0,86.9,100.0,100.0
2026-02-21,,,,,,,,,,99.8,87.4,100.0,99.7,82.1,100.0,99.7
2026-02-22,81.8,55.8,98.4,,,,,,,99.8,87.0,100.0,99.8,84.1,100.0,99.8
2026-02-23,22.4,33.4,52.6,,,,,,,99.4,72.3,100.0,99.2,81.5,100.0,99.2
2026-02-24,40.8,40.0,98.4,,,,,,,,,,99.1,81.4,100.0,99.1
2026-02-25,,,,,,,,,,,,,95.9,74.4,100.0,95.9
2026-02-26,,,,96.9,87.5,100.0,100.0,95.0,78.5,90.2,60.2,100.0,95.8,77.0,100.0,95.8
2026-02-27,,,,,,,69.2,52.8,100.0,,,,75.3,65.7,100.0,75.3
2026-02-28,16.6,21.0,98.4,,,,,,,,,,42.6,57.2,100.0,42.6
2026-03-01,1.9,5.9,63.3,,,,,,,,,,12.8,43.4,100.0,12.8
2026-03-02,4.2,9.3,98.4,,,,,,,,,,4.9,35.8,100.0,4.9
2026-03-03,,,,,,,,,,,,,1.1,26.0,100.0,1.1
2026-03-04,,,,,,,,,,6.1,27.9,100.0,0.0,18.9,100.0,0.0
2026-03-05,,,,,,,,,,,,,0.0,16.0,100.0,0.0
2026-03-06,0.9,5.7,98.4,0.0,11.3,100.0,0.1,1.8,100.0,,,,0.0,12.1,100.0,0.0
2026-03-07,0.3,2.8,54.0,,,,0.0,0.3,100.0,,,,0.0,9.7,100.0,0.0
2026-03-08,1.0,5.1,98.4,0.0,1.6,100.0,,,,,,,0.0,6.4,100.0,0.0
2026-03-09,,,,,,,,,,,,,0.0,6.0,100.0,0.0
2026-03-10,,,,0.0,1.4,100.0,,,,15.4,35.0,95.3,0.0,4.5,100.0,0.0
2026-03-11,,,,,,,,,,,,,0.0,6.0,100.0,0.0
2026-03-12,0.3,3.0,98.4,,,,,,,,,,0.0,5.0,100.0,0.0
2026-03-13,0.0,2.6,56.7,0.0,3.4,100.0,,,,,,,0.0,5.9,100.0,0.0
2026-03-14,0.5,4.2,98.4,,,,,,,,,,0.0,5.7,100.0,0.0
2026-03-15,,,,,,,,,,,,,0.0,7.5,100.0,0.0
2026-03-16,,,,,,,,,,,,,0.0,5.6,100.0,0.0
2026-03-17,,,,,,,,,,,,,0.0,5.5,100.0,0.0
2026-03-18,0.5,3.5,98.4,0.1,9.0,99.3,,,,,,,0.0,4.6,100.0,0.0
2026-03-19,0.1,1.6,63.0,,,,,,,,,,0.0,3.9,100.0,0.0
2026-03-20,0.4,2.4,98.4,0.0,16.9,100.0,,,,0.0,8.1,100.0,0.0,3.3,100.0,0.0
2026-03-21,,,,0.1,18.5,97.6,,,,,,,0.0,3.8,100.0,0.0
2026-03-22,,,,,,,0.0,0.2,100.0,,,,0.0,3.4,100.0,0.0
2026-03-23,,,,,,,,,,0.0,7.9,100.0,0.0,3.3,100.0,0.0
2026-03-24,0.4,2.6,98.4,,,,,,,0.0,2.1,100.0,0.0,2.7,100.0,0.0
2026-03-25,0.0,0.8,58.1,,,,,,,,,,0.0,3.0,100.0,0.0
2026-03-26,0.2,2.3,98.4,,,,,,,,,,0.0,4.0,100.0,0.0
2026-03-27,,,,,,,,,,,,,0.0,3.9,100.0,0.0
2026-03-28,,,,34.1,40.6,100.0,,,,,,,0.0,4.5,100.0,0.0
2026-03-29,,,,,,,,,,,,,0.0,5.3,100.0,0.0
2026-03-30,0.4,3.4,98.4,,,,,,,,,,0.0,6.7,100.0,0.0
2026-03-31,0.0,0.9,64.4,,,,,,,0.0,3.4,46.2,0.0,5.5,100.0,0.0
2026-04-01,0.0,2.2,98.4,,,,,,,,,,0.0,4.3,100.0,0.0
2026-04-02,,,,,,,,,,,,,0.0,4.4,100.0,0.0
2026-04-03,,,,,,,,,,,,,0.0,4.2,100.0,0.0
2026-04-04,,,,,,,,,,,,,0.0,2.6,100.0,0.0
2026-04-05,,,,0.0,7.3,100.0,,,,0.0,0.9,59.4,0.0,1.9,100.0,0.0
2026-04-06,0.0,1.4,62.2,,,,,,,,,,0.0,1.9,100.0,0.0
2026-04-07,0.5,3.8,98.4,0.0,4.5,100.0,0.0,0.1,100.0,0.0,0.5,79.4,0.0,1.8,100.0,0.0
2026-04-08,,,,,,,0.0,0.0,100.0,0.0,0.3,100.0,0.0,1.3,100.0,0.0
2026-04-09,,,,0.0,1.5,100.0,,,,0.0,0.2,100.0,0.0,0.9,100.0,0.0
2026-04-10,,,,,,,,,,,,,0.0,1.3,100.0,0.0
2026-04-11,0.2,3.5,98.4,,,,,,,,,,0.0,1.5,100.0,0.0
2026-04-12,0.0,2.5,56.8,,,,,,,,,,0.0,1.7,100.0,0.0
2026-04-13,0.6,5.8,98.4,,,,,,,,,,0.0,1.5,100.0,0.0
2026-04-14,,,,,,,,,,,,,0.0,2.1,100.0,0.0
2026-04-15,,,,,,,,,,,,,0.0,2.6,100.0,0.0
2026-04-16,,,,,,,0.0,0.1,36.3,0.0,0.2,45.4,0.0,2.4,100.0,0.0
2026-04-17,1.1,6.6,98.4,0.0,1.2,100.0,,,,0.0,0.1,100.0,0.0,1.6,100.0,0.0
2026-04-18,0.0,2.5,70.6,,,,,,,,,,0.0,2.0,100.0,0.0
2026-04-19,13.7,15.4,98.4,,,,,,,,,,0.0,1.9,100.0,0.0
2026-04-20,14.5,13.6,98.4,,,,,,,0.0,0.1,97.9,0.0,1.5,100.0,0.0
2026-04-21,,,,,,,,,,,,,0.0,1.3,100.0,0.0
2026-04-22,,,,0.0,1.9,100.0,,,,,,,0.0,1.4,100.0,0.0
2026-04-23,2.9,7.7,98.4,,,,0.0,0.0,100.0,,,,0.0,1.2,100.0,0.0
2026-04-24,3.2,8.2,98.4,,,,0.0,0.0,100.0,0.0,0.0,100.0,0.0,0.9,100.0,0.0
2026-04-25,1.4,6.0,98.4,0.0,2.2,100.0,,,,0.0,0.0,100.0,0.0,0.7,100.0,0.0
2026-04-26,,,,,,,,,,0.0,0.0,100.0,0.0,0.7,100.0,0.0
2026-04-27,,,,0.0,1.6,100.0,,,,0.0,0.0,100.0,0.0,0.7,100.0,0.0
2026-04-28,,,,,,,,,,,,,0.0,0.6,100.0,0.0
2026-04-29,2.1,7.4,98.4,0.0,2.4,100.0,,,,,,,0.0,0.5,100.0,0.0
2026-04-30,0.8,3.5,76.0,0.0,1.5,100.0,,,,0.0,0.0,100.0,0.0,0.5,100.0,0.0
2026-05-01,1.2,5.2,98.4,,,,0.0,0.0,100.0,,,,0.0,0.4,100.0,0.0
2026-05-02,1.3,5.1,98.4,0.0,2.1,100.0,0.0,0.0,100.0,,,,0.0,0.3,100.0,0.0
2026-05-03,,,,,,,,,,,,,0.0,0.3,100.0,0.0
2026-05-04,,,,,,,,,,,,,0.0,0.3,100.0,0.0
2026-05-05,1.0,5.7,98.4,,,,,,,,,,0.0,0.3,100.0,0.0
2026-05-06,1.2,4.5,98.4,,,,,,,,,,0.0,0.3,100.0,0.0
2026-05-07,0.3,3.9,98.4,,,,,,,0.0,0.0,76.6,0.0,0.2,100.0,0.0
2026-05-08,,,,,,,,,,,,,0.0,0.4,100.0,0.0
2026-05-09,,,,0.0,2.5,96.1,0.0,0.0,100.0,,,,0.0,0.3,100.0,0.0
2026-05-10,,,,,,,0.0,0.2,79.9,,,,0.0,0.3,100.0,0.0
2026-05-11,1.0,5.3,99.7,,,,,,,,,,0.0,0.3,100.0,0.0
2026-05-12,1.2,5.7,77.1,0.0,2.2,53.2,,,,,,,0.0,0.5,100.0,0.0
2026-05-13,0.5,5.9,99.7,,,,,,,,,,0.0,0.5,100.0,0.0
2026-05-14,1.1,7.3,99.7,,,,,,,,,,0.0,0.6,100.0,0.0
2026-05-15,,,,,,,,,,,,,0.0,0.4,100.0,0.0
2026-05-16,,,,,,,,,,,,,0.0,1.1,100.0,0.0
2026-05-17,1.2,6.9,99.7,,,,,,,,,,0.0,1.2,100.0,0.0
2026-05-18,15.3,17.0,99.7,,,,,,,,,,0.0,1.0,100.0,0.0
2026-05-19,42.5,45.8,99.7,0.0,2.3,31.5,,,,,,,0.0,0.4,100.0,0.0
2026-05-20,,,,,,,,,,,,,0.0,0.5,100.0,0.0
2026-05-21,,,,,,,,,,,,,0.0,0.4,100.0,0.0
2026-05-22,,,,0.0,1.6,100.0,,,,0.0,0.0,100.0,0.0,0.2,100.0,0.0
2026-05-23,94.7,82.0,99.7,,,,,,,0.0,0.0,100.0,0.0,0.2,100.0,0.0
2026-05-24,,,,,,,,,,,,,0.0,0.4,100.0,0.0
2026-05-25,98.9,89.2,99.7,0.0,1.4,100.0,0.0,0.0,100.0,,,,0.0,0.3,100.0,0.0
2026-05-26,99.0,93.1,99.7,,,,0.0,0.0,100.0,0.0,0.0,100.0,0.0,0.2,100.0,0.0
2026-05-27,,,,0.0,1.4,100.0,,,,0.0,0.0,100.0,0.0,0.2,100.0,0.0
2026-05-28,,,,,,,,,,,,,0.0,0.9,100.0,0.0
2026-05-29,99.1,92.7,99.7,0.0,0.4,100.0,,,,,,,0.0,1.0,100.0,0.0
2026-05-30,99.9,96.1,99.0,,,,,,,,,,0.0,1.2,100.0,0.0
2026-05-31,98.3,89.2,99.7,,,,,,,,,,0.0,2.9,100.0,0.0
2026-06-01,,,,,,,,,,,,,,,,
2026-06-02,,,,,,,,,,,,,,,,
2026-06-03,,,,,,,,,,,,,,,,
2026-06-04,91.6,81.5,99.7,,,,,,,,,,,,,
2026-06-05,,,,,,,,,,,,,,,,
2026-06-06,79.7,74.9,99.7,,,,,,,,,,,,,
2026-06-07,85.5,77.0,99.7,,,,,,,,,,,,,
2026-06-08,,,,0.0,0.6,100.0,,,,0.0,0.0,100.0,,,,
2026-06-09,,,,,,,,,,,,,,,,
2026-06-10,,,,,,,,,,,,,,,,
2026-06-11,79.5,65.9,99.7,,,,,,,,,,,,,
2026-06-12,35.5,36.9,99.7,,,,,,,,,,,,,
2026-06-13,,,,,,,,,,,,,,,,
2026-06-14,,,,,,,,,,,,,,,,
2026-06-15,,,,,,,,,,0.0,0.0,100.0,,,,
2026-06-16,4.8,10.1,99.7,,,,,,,0.0,0.0,93.3,,,,
2026-06-17,2.3,3.7,83.4,,,,,,,,,,,,,
2026-06-18,,,,0.0,0.6,100.0,0.0,0.0,100.0,0.0,0.0,100.0,,,,
2026-06-19,4.9,8.5,99.7,0.0,0.7,100.0,0.0,0.0,100.0,0.0,0.0,100.0,,,,
2026-06-20,,,,,,,,,,,,,,,,
2026-06-21,,,,0.0,2.1,68.3,,,,0.0,0.0,100.0,,,,
2026-06-22,,,,,,,,,,0.0,0.0,100.0,,,,
2026-06-23,3.5,5.3,99.7,,,,,,,,,,,,,
2026-06-24,4.0,7.4,99.0,0.0,1.3,100.0,,,,,,,,,,
2026-06-25,3.6,7.9,99.7,,,,,,,,,,,,,
2026-06-26,,,,0.0,2.7,100.0,0.0,0.0,100.0,0.0,0.0,100.0,,,,
2026-06-27,,,,,,,0.0,0.0,100.0,0.0,0.0,100.0,,,,
2026-06-28,4.4,13.8,99.7,,,,,,,0.0,0.1,100.0,,,,
2026-06-29,4.4,18.6,99.7,,,,,,,,,,,,,
2026-06-30,7.1,28.6,63.9,,,,,,,,,,,,,
2026-07-01,,,,,,,,,,,,,,,,
2026-07-02,,,,,,,,,,,,,,,,
2026-07-03,,,,,,,,,,0.0,0.1,98.6,,,,
2026-07-04,,,,,,,,,,,,,,,,
2026-07-05,,,,,,,,,,,,,,,,
2026-07-06,,,,,,,,,,,,,,,,
2026-07-07,,,,,,,,,,,,,,,,
2026-07-08,,,,,,,,,,,,,,,,
2026-07-09,,,,,,,,,,0.0,1.3,100.0,,,,
2026-07-10,,,,,,,,,,,,,,,,
2026-07-11,,,,,,,,,,0.0,5.1,100.0,,,,
