date,s1_ice_cover,s1_ice_probability,s1_data_coverage,s2_ice_cover,s2_ice_probability,s2_data_coverage,landsat_ice_cover,landsat_ice_probability,landsat_data_coverage,ecostress_ice_cover,ecostress_ice_probability,ecostress_data_coverage,stage2_ice_cover,stage2_ice_probability,stage2_data_coverage,stage2_phenology_cover
2015-06-27,99.9,88.5,99.2,,,,,,,,,,0.0,22.8,100.0,0.0
2015-06-28,,,,,,,,,,,,,0.0,17.8,100.0,0.0
2015-06-29,,,,,,,,,,,,,0.0,15.5,100.0,0.0
2015-06-30,,,,,,,,,,,,,0.0,13.5,100.0,0.0
2015-07-01,99.1,78.3,98.0,,,,,,,,,,0.0,10.8,100.0,0.0
2015-07-02,,,,,,,,,,,,,0.0,9.4,100.0,0.0
2015-07-03,,,,,,,,,,,,,0.0,9.1,100.0,0.0
2015-07-04,,,,,,,,,,,,,0.0,8.7,100.0,0.0
2015-07-05,,,,,,,,,,,,,0.0,9.2,100.0,0.0
2015-07-06,,,,,,,,,,,,,0.0,9.4,100.0,0.0
2015-07-07,,,,,,,,,,,,,0.0,10.1,100.0,0.0
2015-07-08,99.1,87.1,98.6,,,,,,,,,,0.0,7.6,100.0,0.0
2015-07-09,94.8,76.8,99.0,,,,,,,,,,0.0,7.1,100.0,0.0
2015-07-10,,,,,,,,,,,,,0.0,6.3,100.0,0.0
2015-07-11,,,,,,,,,,,,,0.0,6.0,100.0,0.0
2015-07-12,,,,,,,,,,,,,0.0,4.6,100.0,0.0
2015-07-13,94.1,77.7,98.2,,,,,,,,,,0.0,4.0,100.0,0.0
2015-07-14,,,,,,,,,,,,,0.0,2.8,100.0,0.0
2015-07-15,,,,,,,,,,,,,0.0,2.4,100.0,0.0
2015-07-16,,,,,,,,,,,,,0.0,1.4,100.0,0.0
2015-07-17,,,,,,,,,,,,,0.0,1.1,100.0,0.0
2015-07-18,,,,,,,,,,,,,0.0,0.8,100.0,0.0
2015-07-19,,,,,,,,,,,,,0.0,0.8,100.0,0.0
2015-07-20,83.9,65.5,99.0,,,,,,,,,,0.0,0.7,100.0,0.0
2015-07-21,66.3,51.4,98.8,,,,,,,,,,0.0,0.6,100.0,0.0
2015-07-22,,,,,,,0.0,0.1,99.3,,,,0.0,0.4,100.0,0.0
2015-07-23,,,,,,,,,,,,,0.0,0.4,100.0,0.0
2015-07-24,,,,,,,,,,,,,0.0,0.3,100.0,0.0
2015-07-25,46.0,38.6,98.3,,,,,,,,,,0.0,0.3,100.0,0.0
2015-07-26,,,,,,,,,,,,,0.0,0.4,100.0,0.0
2015-07-27,,,,,,,,,,,,,0.0,0.4,100.0,0.0
2015-07-28,,,,,,,,,,,,,0.0,0.3,100.0,0.0
2015-07-29,,,,,,,,,,,,,0.0,0.3,100.0,0.0
2015-07-30,,,,,,,,,,,,,0.0,0.2,100.0,0.0
2015-07-31,,,,,,,0.0,0.0,99.9,,,,0.0,0.2,100.0,0.0
2015-08-01,30.8,31.8,99.7,,,,,,,,,,0.0,0.1,100.0,0.0
2015-08-02,39.1,37.0,99.2,,,,,,,,,,0.0,0.2,100.0,0.0
2015-08-03,,,,,,,,,,,,,0.0,0.1,100.0,0.0
2015-08-04,,,,,,,,,,,,,0.0,0.1,100.0,0.0
2015-08-05,,,,,,,,,,,,,0.0,0.1,100.0,0.0
2015-08-06,20.2,26.5,98.4,0.0,1.4,96.4,,,,,,,0.0,0.1,100.0,0.0
2015-08-07,,,,,,,0.0,0.0,99.9,,,,0.0,0.1,100.0,0.0
2015-08-08,,,,,,,,,,,,,0.0,0.1,100.0,0.0
2015-08-09,,,,,,,,,,,,,0.0,0.0,100.0,0.0
2015-08-10,,,,,,,,,,,,,0.0,0.1,100.0,0.0
2015-08-11,,,,,,,,,,,,,0.0,0.1,100.0,0.0
2015-08-12,,,,,,,,,,,,,0.0,0.1,100.0,0.0
2015-08-13,16.8,24.7,98.8,,,,,,,,,,0.0,0.1,100.0,0.0
2015-08-14,14.5,23.5,98.9,,,,,,,,,,0.0,0.2,100.0,0.0
2015-08-15,,,,,,,,,,,,,0.0,0.4,100.0,0.0
2015-08-16,,,,,,,,,,,,,0.0,0.6,100.0,0.0
2015-08-17,,,,,,,,,,,,,0.0,0.7,100.0,0.0
2015-08-18,14.5,23.2,98.7,,,,,,,,,,0.0,0.9,100.0,0.0
2015-08-19,,,,,,,,,,,,,0.0,1.3,100.0,0.0
2015-08-20,,,,,,,,,,,,,0.0,1.6,100.0,0.0
2015-08-21,,,,,,,,,,,,,0.0,1.4,100.0,0.0
2015-08-22,,,,,,,,,,,,,0.0,1.3,100.0,0.0
2015-08-23,,,,,,,,,,,,,0.0,2.2,100.0,0.0
2015-08-24,,,,,,,,,,,,,0.0,2.3,100.0,0.0
2015-08-25,10.6,19.7,99.4,,,,,,,,,,0.0,1.4,100.0,0.0
2015-08-26,8.4,18.0,99.2,0.0,0.2,100.0,,,,,,,0.0,1.0,100.0,0.0
2015-08-27,,,,,,,,,,,,,0.0,1.1,100.0,0.0
2015-08-28,,,,,,,,,,,,,0.0,1.1,100.0,0.0
2015-08-29,,,,,,,,,,,,,0.0,0.8,100.0,0.0
2015-08-30,12.6,24.2,95.6,,,,,,,,,,0.0,0.6,100.0,0.0
2015-08-31,,,,,,,,,,,,,0.0,0.7,100.0,0.0
2015-09-01,,,,,,,0.0,0.0,37.7,,,,0.0,0.6,100.0,0.0
2015-09-02,,,,,,,,,,,,,0.0,0.5,100.0,0.0
2015-09-03,,,,,,,,,,,,,0.0,0.6,100.0,0.0
2015-09-04,,,,,,,,,,,,,0.0,0.7,100.0,0.0
2015-09-05,,,,,,,,,,,,,0.0,0.7,100.0,0.0
2015-09-06,15.7,26.5,96.2,,,,,,,,,,0.0,0.7,100.0,0.0
2015-09-07,11.9,23.8,96.2,,,,,,,,,,0.0,0.8,100.0,0.0
2015-09-08,,,,,,,0.0,0.0,80.7,,,,0.0,0.8,100.0,0.0
2015-09-09,,,,,,,,,,,,,0.0,0.8,100.0,0.0
2015-09-10,,,,,,,,,,,,,0.0,0.8,100.0,0.0
2015-09-11,13.6,25.6,95.7,,,,,,,,,,0.0,0.8,100.0,0.0
2015-09-12,,,,,,,,,,,,,0.0,1.2,100.0,0.0
2015-09-13,,,,,,,,,,,,,0.0,1.4,100.0,0.0
2015-09-14,,,,,,,,,,,,,0.0,1.4,100.0,0.0
2015-09-15,,,,0.0,0.1,84.6,,,,,,,0.0,1.4,100.0,0.0
2015-09-16,,,,,,,,,,,,,0.0,2.2,100.0,0.0
2015-09-17,,,,,,,,,,,,,0.0,2.5,100.0,0.0
2015-09-18,17.2,27.2,96.2,,,,,,,,,,0.0,2.7,100.0,0.0
2015-09-19,20.5,29.3,96.2,,,,,,,,,,0.0,2.4,100.0,0.0
2015-09-20,,,,,,,,,,,,,0.0,2.8,100.0,0.0
2015-09-21,,,,,,,,,,,,,0.0,2.6,100.0,0.0
2015-09-22,,,,,,,,,,,,,0.0,3.2,100.0,0.0
2015-09-23,10.3,22.8,95.8,,,,,,,,,,0.0,3.0,100.0,0.0
2015-09-24,,,,,,,,,,,,,0.0,3.8,100.0,0.0
2015-09-25,,,,0.0,0.1,100.0,,,,,,,0.0,3.3,100.0,0.0
2015-09-26,,,,,,,,,,,,,0.0,2.7,100.0,0.0
2015-09-27,,,,,,,,,,,,,0.0,2.5,100.0,0.0
2015-09-28,,,,,,,,,,,,,0.0,2.4,100.0,0.0
2015-09-29,,,,,,,,,,,,,0.0,2.1,100.0,0.0
2015-09-30,14.2,24.1,96.1,,,,,,,,,,0.0,1.8,100.0,0.0
2015-10-01,3.3,14.9,96.2,,,,,,,,,,0.0,1.7,100.0,0.0
2015-10-02,,,,,,,,,,,,,0.0,1.4,100.0,0.0
2015-10-03,,,,,,,0.0,0.0,64.8,,,,0.0,1.5,100.0,0.0
2015-10-04,,,,,,,,,,,,,0.0,1.2,100.0,0.0
2015-10-05,5.2,16.8,95.7,,,,,,,,,,0.0,1.0,100.0,0.0
2015-10-06,,,,,,,,,,,,,0.0,0.8,100.0,0.0
2015-10-07,,,,,,,,,,,,,0.0,0.6,100.0,0.0
2015-10-08,,,,,,,,,,,,,0.0,0.6,100.0,0.0
2015-10-09,,,,,,,,,,,,,0.0,0.5,100.0,0.0
2015-10-10,,,,,,,0.0,0.0,99.4,,,,0.0,0.5,100.0,0.0
2015-10-11,,,,,,,,,,,,,0.0,0.6,100.0,0.0
2015-10-12,3.6,14.0,96.2,,,,,,,,,,0.0,0.6,100.0,0.0
2015-10-13,2.4,9.3,96.1,,,,,,,,,,0.0,0.5,100.0,0.0
2015-10-14,,,,,,,,,,,,,0.0,0.7,100.0,0.0
2015-10-15,,,,,,,,,,,,,0.0,0.7,100.0,0.0
2015-10-16,,,,,,,,,,,,,0.0,0.7,100.0,0.0
2015-10-17,2.1,8.4,95.6,,,,,,,,,,0.0,0.9,100.0,0.0
2015-10-18,,,,,,,,,,,,,0.0,1.4,100.0,0.0
2015-10-19,,,,,,,,,,,,,0.0,1.7,100.0,0.0
2015-10-20,,,,,,,,,,,,,0.0,1.5,100.0,0.0
2015-10-21,,,,,,,,,,,,,0.0,1.6,100.0,0.0
2015-10-22,,,,,,,,,,,,,0.0,2.0,100.0,0.0
2015-10-23,,,,,,,,,,,,,0.0,2.1,100.0,0.0
2015-10-24,1.8,7.2,96.1,,,,,,,,,,0.0,2.0,100.0,0.0
2015-10-25,1.8,7.3,96.1,,,,,,,,,,0.0,2.2,100.0,0.0
2015-10-26,,,,,,,0.0,0.1,47.2,,,,0.0,3.1,100.0,0.0
2015-10-27,,,,,,,,,,,,,0.0,3.6,100.0,0.0
2015-10-28,,,,,,,,,,,,,0.0,3.8,100.0,0.0
2015-10-29,0.5,6.6,78.5,,,,,,,,,,0.0,4.4,100.0,0.0
2015-10-30,,,,,,,,,,,,,0.0,4.9,100.0,0.0
2015-10-31,,,,,,,,,,,,,0.0,4.0,100.0,0.0
2015-11-01,,,,,,,,,,,,,0.0,3.9,100.0,0.0
2015-11-02,,,,,,,,,,,,,0.0,4.6,100.0,0.0
2015-11-03,,,,,,,,,,,,,0.0,5.5,100.0,0.0
2015-11-04,,,,,,,,,,,,,0.0,5.6,100.0,0.0
2015-11-05,2.1,8.9,96.1,,,,,,,,,,0.0,5.5,100.0,0.0
2015-11-06,0.8,7.8,96.1,,,,,,,,,,0.0,5.3,100.0,0.0
2015-11-07,,,,,,,,,,,,,0.0,5.7,100.0,0.0
2015-11-08,,,,,,,,,,,,,0.0,4.8,100.0,0.0
2015-11-09,,,,,,,,,,,,,0.0,4.7,100.0,0.0
2015-11-10,0.6,5.9,95.4,,,,,,,,,,0.0,4.6,100.0,0.0
2015-11-11,,,,,,,,,,,,,0.0,6.0,100.0,0.0
2015-11-12,,,,,,,,,,,,,0.0,6.5,100.0,0.0
2015-11-13,,,,,,,,,,,,,0.0,7.0,100.0,0.0
2015-11-14,,,,0.0,0.0,100.0,,,,,,,0.0,6.9,100.0,0.0
2015-11-15,,,,,,,,,,,,,0.0,7.5,100.0,0.0
2015-11-16,,,,,,,,,,,,,0.0,6.8,100.0,0.0
2015-11-17,0.4,4.3,96.2,,,,,,,,,,0.0,6.9,100.0,0.0
2015-11-18,0.3,3.1,96.1,,,,,,,,,,0.0,6.9,100.0,0.0
2015-11-19,,,,,,,,,,,,,0.0,8.6,100.0,0.0
2015-11-20,,,,,,,,,,,,,0.0,9.1,100.0,0.0
2015-11-21,,,,,,,,,,,,,0.0,9.1,100.0,0.0
2015-11-22,0.3,3.0,96.1,,,,,,,,,,0.0,8.9,100.0,0.0
2015-11-23,,,,,,,,,,,,,0.0,10.4,100.0,0.0
2015-11-24,,,,0.0,0.2,100.0,,,,,,,0.0,10.6,100.0,0.0
2015-11-25,0.3,2.5,40.3,,,,,,,,,,0.0,10.1,100.0,0.0
2015-11-26,,,,,,,,,,,,,0.0,9.7,100.0,0.0
2015-11-27,,,,,,,,,,,,,0.0,10.6,100.0,0.0
2015-11-28,,,,,,,,,,,,,0.0,11.8,100.0,0.0
2015-11-29,0.3,2.4,96.2,,,,,,,,,,0.0,9.1,100.0,0.0
2015-11-30,0.2,2.4,96.2,,,,,,,,,,0.0,7.9,100.0,0.0
2015-12-01,,,,,,,,,,,,,0.0,8.4,100.0,0.0
2015-12-02,,,,,,,,,,,,,0.1,9.3,100.0,0.1
2015-12-03,,,,,,,,,,,,,0.1,8.1,100.0,0.1
2015-12-04,0.3,3.8,95.6,0.1,1.0,100.0,,,,,,,0.2,8.1,100.0,0.2
2015-12-05,,,,,,,,,,,,,0.1,7.2,100.0,0.1
2015-12-06,,,,,,,0.0,0.3,47.1,,,,0.1,7.6,100.0,0.1
2015-12-07,0.0,2.2,42.6,,,,,,,,,,0.1,6.3,100.0,0.1
2015-12-08,,,,,,,,,,,,,0.2,6.0,100.0,0.2
2015-12-09,,,,,,,,,,,,,0.1,6.1,100.0,0.1
2015-12-10,,,,,,,,,,,,,0.4,6.9,100.0,0.4
2015-12-11,,,,,,,,,,,,,1.1,6.5,100.0,1.1
2015-12-12,0.1,4.4,96.7,,,,,,,,,,1.3,7.9,100.0,1.3
2015-12-13,,,,,,,0.0,0.8,82.0,,,,1.3,9.1,100.0,1.3
2015-12-14,,,,,,,,,,,,,1.2,10.6,100.0,1.2
2015-12-15,,,,,,,,,,,,,1.2,12.3,100.0,1.2
2015-12-16,0.1,4.2,95.9,,,,,,,,,,1.2,14.1,100.0,1.2
2015-12-17,,,,,,,,,,,,,1.2,18.1,100.0,1.2
2015-12-18,,,,,,,,,,,,,1.2,20.9,100.0,1.2
2015-12-19,0.1,3.3,41.5,,,,,,,,,,1.3,25.0,100.0,1.3
2015-12-20,,,,,,,,,,,,,2.6,32.3,100.0,2.6
2015-12-21,,,,,,,,,,,,,8.6,42.0,100.0,8.6
2015-12-22,,,,,,,,,,,,,23.8,45.3,100.0,23.8
2015-12-23,1.0,5.6,96.7,,,,,,,,,,37.4,49.2,100.0,37.4
2015-12-24,0.4,4.9,96.7,8.6,30.6,97.5,,,,,,,45.6,53.7,100.0,45.6
2015-12-25,,,,,,,,,,,,,45.8,54.1,100.0,45.8
2015-12-26,,,,,,,,,,,,,45.3,53.5,100.0,45.3
2015-12-27,,,,,,,,,,,,,43.4,51.4,100.0,43.4
2015-12-28,1.9,7.5,96.2,,,,,,,,,,43.8,52.1,100.0,43.8
2015-12-29,,,,,,,,,,,,,45.6,54.6,100.0,45.6
2015-12-30,,,,,,,,,,,,,43.6,53.9,100.0,43.6
2015-12-31,,,,,,,,,,,,,30.9,50.1,100.0,30.9
2016-01-01,,,,,,,,,,,,,27.2,51.1,100.0,27.2
2016-01-02,,,,,,,,,,,,,20.7,47.0,100.0,20.7
2016-01-03,,,,98.1,90.5,98.2,,,,,,,17.7,44.2,100.0,17.7
2016-01-04,2.4,9.0,99.6,,,,,,,,,,5.2,34.9,100.0,5.2
2016-01-05,,,,,,,,,,,,,2.3,31.2,100.0,2.3
2016-01-06,,,,,,,,,,,,,1.5,29.6,100.0,1.5
2016-01-07,,,,,,,,,,,,,1.4,27.2,100.0,1.4
2016-01-08,,,,,,,,,,,,,0.8,22.6,100.0,0.8
2016-01-09,17.6,18.9,99.0,,,,,,,,,,1.0,23.9,100.0,1.0
2016-01-10,,,,,,,,,,,,,0.7,22.9,100.0,0.7
2016-01-11,,,,,,,,,,,,,0.6,21.8,100.0,0.6
2016-01-12,15.2,22.2,42.6,,,,,,,,,,0.5,20.7,100.0,0.5
2016-01-13,,,,,,,,,,,,,0.6,23.8,100.0,0.6
2016-01-14,,,,,,,,,,,,,0.4,26.6,100.0,0.4
2016-01-15,,,,,,,,,,,,,0.5,31.9,100.0,0.5
2016-01-16,42.9,38.4,99.5,,,,,,,,,,0.6,36.8,100.0,0.6
2016-01-17,56.9,48.2,99.5,,,,,,,,,,2.6,44.7,100.0,2.6
2016-01-18,,,,,,,,,,,,,5.2,49.6,100.0,5.2
2016-01-19,,,,,,,,,,,,,19.2,55.8,100.0,19.2
2016-01-20,,,,,,,,,,,,,73.2,62.6,100.0,73.2
2016-01-21,76.6,61.1,99.1,,,,,,,,,,99.1,69.8,100.0,99.1
2016-01-22,,,,,,,,,,,,,100.0,71.8,100.0,100.0
2016-01-23,,,,,,,100.0,84.0,46.7,,,,100.0,77.2,100.0,100.0
2016-01-24,95.1,76.8,41.5,,,,,,,,,,100.0,80.1,100.0,100.0
2016-01-25,,,,,,,,,,,,,100.0,83.9,100.0,100.0
2016-01-26,,,,,,,,,,,,,100.0,85.6,100.0,100.0
2016-01-27,,,,,,,,,,,,,100.0,88.5,100.0,100.0
2016-01-28,92.4,74.6,99.5,,,,,,,,,,100.0,91.1,100.0,100.0
2016-01-29,99.9,85.5,99.5,,,,,,,,,,100.0,94.4,100.0,100.0
2016-01-30,,,,,,,,,,,,,100.0,94.4,100.0,100.0
2016-01-31,,,,,,,,,,,,,100.0,94.5,100.0,100.0
2016-02-01,,,,,,,,,,,,,100.0,95.3,100.0,100.0
2016-02-02,100.0,89.5,98.7,,,,,,,,,,100.0,95.8,100.0,100.0
2016-02-03,,,,,,,,,,,,,100.0,95.3,100.0,100.0
2016-02-04,,,,,,,,,,,,,100.0,95.1,100.0,100.0
2016-02-05,100.0,93.5,42.9,,,,,,,,,,100.0,95.2,100.0,100.0
2016-02-06,,,,,,,,,,,,,100.0,95.8,100.0,100.0
2016-02-07,,,,,,,,,,,,,99.9,96.2,100.0,99.9
2016-02-08,,,,,,,,,,,,,100.0,96.0,100.0,100.0
2016-02-09,100.0,95.2,99.4,,,,,,,,,,100.0,97.1,100.0,100.0
2016-02-10,100.0,96.0,99.5,,,,,,,,,,100.0,96.9,100.0,100.0
2016-02-11,,,,,,,,,,,,,100.0,97.3,100.0,100.0
2016-02-12,,,,99.6,99.2,100.0,,,,,,,100.0,97.9,100.0,100.0
2016-02-13,,,,,,,,,,,,,100.0,98.1,100.0,100.0
2016-02-14,100.0,97.5,99.2,,,,,,,,,,100.0,98.0,100.0,100.0
2016-02-15,,,,,,,100.0,100.0,88.6,,,,100.0,98.2,100.0,100.0
2016-02-16,,,,,,,,,,,,,100.0,98.0,100.0,100.0
2016-02-17,,,,,,,,,,,,,100.0,98.2,100.0,100.0
2016-02-18,,,,,,,,,,,,,100.0,98.2,100.0,100.0
2016-02-19,,,,,,,,,,,,,100.0,97.9,100.0,100.0
2016-02-20,,,,,,,,,,,,,100.0,97.4,100.0,100.0
2016-02-21,100.0,97.4,99.5,,,,,,,,,,100.0,98.0,100.0,100.0
2016-02-22,,,,,,,,,,,,,100.0,97.7,100.0,100.0
2016-02-23,,,,,,,,,,,,,100.0,97.3,100.0,100.0
2016-02-24,,,,,,,100.0,100.0,69.4,,,,100.0,97.3,100.0,100.0
2016-02-25,,,,,,,,,,,,,100.0,97.0,100.0,100.0
2016-02-26,100.0,98.1,98.9,,,,,,,,,,100.0,97.3,100.0,100.0
2016-02-27,,,,,,,,,,,,,100.0,96.2,100.0,100.0
2016-02-28,,,,,,,,,,,,,100.0,95.0,100.0,100.0
2016-02-29,100.0,98.8,43.5,,,,,,,,,,99.9,94.3,100.0,99.9
2016-03-01,,,,,,,,,,,,,99.9,94.2,100.0,99.9
2016-03-02,,,,,,,,,,,,,99.9,93.2,100.0,99.9
2016-03-03,,,,100.0,100.0,63.1,,,,,,,99.9,92.9,100.0,99.9
2016-03-04,100.0,98.6,99.5,,,,,,,,,,100.0,92.7,100.0,100.0
2016-03-05,100.0,98.5,99.5,,,,,,,,,,100.0,93.1,100.0,100.0
2016-03-06,,,,,,,,,,,,,100.0,91.4,100.0,100.0
2016-03-07,,,,,,,,,,,,,100.0,92.2,100.0,100.0
2016-03-08,,,,,,,,,,,,,100.0,92.8,100.0,100.0
2016-03-09,100.0,98.6,99.0,,,,,,,,,,100.0,94.3,100.0,100.0
2016-03-10,,,,,,,,,,,,,100.0,93.6,100.0,100.0
2016-03-11,,,,,,,100.0,100.0,42.2,,,,100.0,94.3,100.0,100.0
2016-03-12,100.0,99.4,43.6,,,,,,,,,,100.0,94.3,100.0,100.0
2016-03-13,,,,,,,,,,,,,100.0,94.9,100.0,100.0
2016-03-14,,,,,,,,,,,,,100.0,94.9,100.0,100.0
2016-03-15,,,,,,,,,,,,,100.0,95.7,100.0,100.0
2016-03-16,100.0,98.6,99.5,,,,,,,,,,100.0,96.3,100.0,100.0
2016-03-17,100.0,98.6,99.5,,,,,,,,,,100.0,96.3,100.0,100.0
2016-03-18,,,,,,,100.0,99.9,91.6,,,,100.0,96.2,100.0,100.0
2016-03-19,,,,,,,,,,,,,100.0,94.9,100.0,100.0
2016-03-20,,,,,,,,,,,,,100.0,94.9,100.0,100.0
2016-03-21,100.0,98.6,99.1,,,,,,,,,,100.0,94.9,100.0,100.0
2016-03-22,,,,,,,,,,,,,100.0,93.1,100.0,100.0
2016-03-23,,,,,,,,,,,,,100.0,92.5,100.0,100.0
2016-03-24,100.0,98.9,43.0,,,,,,,,,,100.0,93.1,100.0,100.0
2016-03-25,,,,,,,,,,,,,100.0,92.9,100.0,100.0
2016-03-26,,,,,,,,,,,,,100.0,91.7,100.0,100.0
2016-03-27,,,,,,,100.0,99.7,100.0,,,,100.0,92.8,100.0,100.0
2016-03-28,100.0,96.4,99.4,,,,,,,,,,100.0,92.6,100.0,100.0
2016-03-29,100.0,93.0,99.5,,,,,,,,,,100.0,92.0,100.0,100.0
2016-03-30,,,,,,,,,,,,,100.0,89.9,100.0,100.0
2016-03-31,,,,,,,,,,,,,100.0,88.0,100.0,100.0
2016-04-01,,,,,,,,,,,,,99.5,85.8,100.0,99.5
2016-04-02,100.0,87.8,98.8,,,,,,,,,,99.0,85.5,100.0,99.0
2016-04-03,,,,,,,,,,,,,96.1,81.2,100.0,96.1
2016-04-04,,,,,,,,,,,,,86.7,74.2,100.0,86.7
2016-04-05,100.0,88.1,43.2,,,,,,,,,,72.7,69.4,100.0,72.7
2016-04-06,,,,,,,,,,,,,60.1,62.5,100.0,60.1
2016-04-07,,,,,,,,,,,,,53.0,58.2,100.0,53.0
2016-04-08,,,,,,,,,,,,,42.1,51.1,100.0,42.1
2016-04-09,100.0,82.0,99.6,,,,,,,,,,39.3,50.0,100.0,39.3
2016-04-10,91.6,59.8,99.5,,,,,,,,,,25.9,43.1,100.0,25.9
2016-04-11,,,,,,,,,,,,,19.9,37.5,100.0,19.9
2016-04-12,,,,38.4,41.6,100.0,12.9,28.6,37.5,,,,12.7,29.6,100.0,12.7
2016-04-13,,,,,,,,,,,,,5.0,22.3,100.0,5.0
2016-04-14,3.7,22.1,98.7,,,,,,,,,,3.0,16.9,100.0,3.0
2016-04-15,,,,,,,,,,,,,2.0,14.0,100.0,2.0
2016-04-16,,,,,,,,,,,,,1.8,12.9,100.0,1.8
2016-04-17,0.5,7.6,44.0,,,,,,,,,,1.1,10.6,100.0,1.1
2016-04-18,,,,,,,,,,,,,1.1,9.4,100.0,1.1
2016-04-19,,,,,,,6.7,12.4,88.3,,,,1.0,8.8,100.0,1.0
2016-04-20,,,,,,,,,,,,,0.9,8.8,100.0,0.9
2016-04-21,0.9,4.0,99.5,,,,,,,,,,0.4,6.9,100.0,0.4
2016-04-22,0.3,2.5,99.4,,,,,,,,,,0.2,6.6,100.0,0.2
2016-04-23,,,,,,,,,,,,,0.1,6.9,100.0,0.1
2016-04-24,,,,,,,,,,,,,0.1,7.7,100.0,0.1
2016-04-25,,,,,,,,,,,,,0.1,6.8,100.0,0.1
2016-04-26,0.7,3.4,99.2,,,,,,,,,,0.1,6.7,100.0,0.1
2016-04-27,,,,,,,,,,,,,0.1,8.0,100.0,0.1
2016-04-28,,,,,,,,,,,,,0.1,8.7,100.0,0.1
2016-04-29,0.1,1.0,43.6,,,,,,,,,,0.0,7.4,100.0,0.0
2016-04-30,,,,,,,,,,,,,0.0,6.5,100.0,0.0
2016-05-01,,,,,,,,,,,,,0.0,7.0,100.0,0.0
2016-05-02,,,,,,,,,,,,,0.0,6.8,100.0,0.0
2016-05-03,0.4,1.8,99.4,,,,,,,,,,0.0,6.1,100.0,0.0
2016-05-04,0.4,2.5,99.5,,,,,,,,,,0.0,5.5,100.0,0.0
2016-05-05,,,,,,,0.0,0.6,78.4,,,,0.0,6.4,100.0,0.0
2016-05-06,,,,,,,,,,,,,0.0,6.9,100.0,0.0
2016-05-07,,,,,,,,,,,,,0.0,5.4,100.0,0.0
2016-05-08,0.4,1.9,98.7,,,,,,,,,,0.0,3.7,100.0,0.0
2016-05-09,,,,,,,,,,,,,0.0,4.2,100.0,0.0
2016-05-10,,,,,,,,,,,,,0.0,4.2,100.0,0.0
2016-05-11,0.5,2.6,83.4,,,,,,,,,,0.0,3.6,100.0,0.0
2016-05-12,,,,,,,,,,,,,0.0,3.3,100.0,0.0
2016-05-13,,,,,,,,,,,,,0.0,4.1,100.0,0.0
2016-05-14,,,,,,,,,,,,,0.0,4.2,100.0,0.0
2016-05-15,0.4,1.5,99.4,,,,,,,,,,0.0,2.9,100.0,0.0
2016-05-16,0.3,1.3,99.5,,,,,,,,,,0.0,2.2,100.0,0.0
2016-05-17,,,,,,,,,,,,,0.0,2.2,100.0,0.0
2016-05-18,,,,,,,,,,,,,0.0,1.7,100.0,0.0
2016-05-19,,,,,,,,,,,,,0.0,1.6,100.0,0.0
2016-05-20,0.4,1.7,98.7,,,,,,,,,,0.0,1.4,100.0,0.0
2016-05-21,,,,,,,0.0,0.1,93.8,,,,0.0,1.5,100.0,0.0
2016-05-22,,,,0.0,0.4,97.1,,,,,,,0.0,1.4,100.0,0.0
2016-05-23,0.6,2.2,79.2,,,,,,,,,,0.0,1.4,100.0,0.0
2016-05-24,,,,,,,,,,,,,0.0,1.5,100.0,0.0
2016-05-25,,,,,,,,,,,,,0.0,1.7,100.0,0.0
2016-05-26,,,,,,,,,,,,,0.0,1.5,100.0,0.0
2016-05-27,0.6,3.1,99.4,,,,,,,,,,0.0,1.7,100.0,0.0
2016-05-28,0.6,3.6,99.6,,,,,,,,,,0.0,2.0,100.0,0.0
2016-05-29,,,,,,,,,,,,,0.0,3.0,100.0,0.0
2016-05-30,,,,,,,,,,,,,0.0,4.0,100.0,0.0
2016-05-31,,,,,,,,,,,,,0.0,4.6,100.0,0.0
2016-06-01,0.7,4.2,98.5,,,,,,,,,,0.0,3.7,100.0,0.0
2016-06-02,,,,,,,,,,,,,0.0,4.2,100.0,0.0
2016-06-03,,,,,,,,,,,,,0.0,4.3,100.0,0.0
2016-06-04,,,,,,,,,,,,,0.0,4.5,100.0,0.0
2016-06-05,,,,,,,,,,,,,0.0,3.8,100.0,0.0
2016-06-06,,,,,,,,,,,,,0.0,3.9,100.0,0.0
2016-06-07,,,,,,,,,,,,,0.0,4.3,100.0,0.0
2016-06-08,0.9,5.8,99.4,,,,,,,,,,0.0,3.9,100.0,0.0
2016-06-09,0.5,4.2,99.5,,,,,,,,,,0.0,2.3,100.0,0.0
2016-06-10,,,,,,,,,,,,,0.0,1.9,100.0,0.0
2016-06-11,,,,,,,,,,,,,0.0,1.4,100.0,0.0
2016-06-12,,,,,,,,,,,,,0.0,1.2,100.0,0.0
2016-06-13,,,,,,,,,,,,,0.0,1.1,100.0,0.0
2016-06-14,,,,,,,,,,,,,0.0,1.2,100.0,0.0
2016-06-15,,,,,,,0.0,0.0,99.8,,,,0.0,1.1,100.0,0.0
2016-06-16,,,,,,,,,,,,,0.0,1.0,100.0,0.0
2016-06-17,,,,,,,,,,,,,0.0,0.6,100.0,0.0
2016-06-18,,,,,,,,,,,,,0.0,0.6,100.0,0.0
2016-06-19,,,,,,,,,,,,,0.0,0.7,100.0,0.0
2016-06-20,,,,,,,,,,,,,0.0,0.7,100.0,0.0
2016-06-21,,,,,,,,,,,,,0.0,0.6,100.0,0.0
2016-06-22,,,,,,,,,,,,,0.0,0.6,100.0,0.0
2016-06-23,,,,,,,,,,,,,0.0,0.9,100.0,0.0
2016-06-24,,,,,,,,,,,,,0.0,1.0,100.0,0.0
2016-06-25,,,,,,,,,,,,,0.0,0.8,100.0,0.0
2016-06-26,,,,,,,,,,,,,0.0,0.8,100.0,0.0
2016-06-27,,,,,,,,,,,,,0.0,0.9,100.0,0.0
2016-06-28,,,,,,,,,,,,,0.0,0.8,100.0,0.0
2016-06-29,,,,,,,,,,,,,0.0,0.7,100.0,0.0
2016-06-30,,,,,,,,,,,,,0.0,0.6,100.0,0.0
2016-07-01,,,,0.0,0.0,91.1,0.0,0.0,62.0,,,,0.0,0.4,100.0,0.0
2016-07-02,,,,,,,,,,,,,0.0,0.3,100.0,0.0
2016-07-03,,,,,,,,,,,,,0.0,0.2,100.0,0.0
2016-07-04,,,,,,,,,,,,,0.0,0.2,100.0,0.0
2016-07-05,,,,,,,,,,,,,0.0,0.1,100.0,0.0
2016-07-06,,,,,,,,,,,,,0.0,0.2,100.0,0.0
2016-07-07,0.9,5.4,98.7,,,,,,,,,,0.0,0.1,100.0,0.0
2016-07-08,,,,,,,0.0,0.0,91.7,,,,0.0,0.1,100.0,0.0
2016-07-09,,,,,,,,,,,,,0.0,0.1,100.0,0.0
2016-07-10,,,,,,,,,,,,,0.0,0.1,100.0,0.0
2016-07-11,,,,,,,,,,,,,0.0,0.2,100.0,0.0
2016-07-12,,,,,,,,,,,,,0.0,0.2,100.0,0.0
2016-07-13,,,,,,,,,,,,,0.0,0.2,100.0,0.0
2016-07-14,0.6,3.7,99.4,,,,,,,,,,0.0,0.2,100.0,0.0
2016-07-15,0.7,3.7,99.5,,,,,,,,,,0.0,0.2,100.0,0.0
2016-07-16,,,,,,,,,,,,,0.0,0.2,100.0,0.0
2016-07-17,,,,,,,0.0,0.0,100.0,,,,0.0,0.2,100.0,0.0
2016-07-18,,,,,,,,,,,,,0.0,0.2,100.0,0.0
2016-07-19,0.9,5.4,98.3,,,,,,,,,,0.0,0.2,100.0,0.0
2016-07-20,,,,,,,,,,,,,0.0,0.2,100.0,0.0
2016-07-21,,,,0.0,0.0,100.0,,,,,,,0.0,0.2,100.0,0.0
2016-07-22,,,,,,,,,,,,,0.0,0.3,100.0,0.0
2016-07-23,,,,,,,,,,,,,0.0,0.4,100.0,0.0
2016-07-24,,,,,,,,,,,,,0.0,0.4,100.0,0.0
2016-07-25,,,,,,,,,,,,,0.0,0.7,100.0,0.0
2016-07-26,1.1,6.2,99.3,,,,,,,,,,0.0,0.9,100.0,0.0
2016-07-27,0.6,4.7,99.4,,,,,,,,,,0.0,1.1,100.0,0.0
2016-07-28,,,,,,,,,,,,,0.0,1.0,100.0,0.0
2016-07-29,,,,,,,,,,,,,0.0,1.6,100.0,0.0
2016-07-30,,,,,,,,,,,,,0.0,1.7,100.0,0.0
2016-07-31,,,,,,,,,,,,,0.0,1.8,100.0,0.0
2016-08-01,,,,,,,,,,,,,0.0,1.8,100.0,0.0
2016-08-02,,,,,,,,,,,,,0.0,3.5,100.0,0.0
2016-08-03,,,,,,,,,,,,,0.0,3.2,100.0,0.0
2016-08-04,,,,,,,,,,,,,0.0,2.5,100.0,0.0
2016-08-05,,,,,,,,,,,,,0.0,2.3,100.0,0.0
2016-08-06,,,,,,,,,,,,,0.0,3.3,100.0,0.0
2016-08-07,0.8,4.8,99.4,,,,,,,,,,0.0,2.4,100.0,0.0
2016-08-08,0.7,4.3,99.4,,,,,,,,,,0.0,1.8,100.0,0.0
2016-08-09,,,,,,,,,,,,,0.0,1.8,100.0,0.0
2016-08-10,,,,,,,,,,,,,0.0,2.0,100.0,0.0
2016-08-11,,,,,,,,,,,,,0.0,1.0,100.0,0.0
2016-08-12,0.5,5.3,98.7,,,,,,,,,,0.0,0.8,100.0,0.0
2016-08-13,,,,,,,,,,,,,0.0,0.7,100.0,0.0
2016-08-14,,,,,,,,,,,,,0.0,0.8,100.0,0.0
2016-08-15,,,,,,,,,,,,,0.0,0.5,100.0,0.0
2016-08-16,,,,,,,,,,,,,0.0,0.5,100.0,0.0
2016-08-17,,,,,,,,,,,,,0.0,0.4,100.0,0.0
2016-08-18,,,,,,,,,,,,,0.0,0.4,100.0,0.0
2016-08-19,0.2,2.9,99.4,,,,,,,,,,0.0,0.2,100.0,0.0
2016-08-20,,,,,,,,,,,,,0.0,0.2,100.0,0.0
2016-08-21,,,,,,,,,,,,,0.0,0.2,100.0,0.0
2016-08-22,,,,,,,,,,,,,0.0,0.2,100.0,0.0
2016-08-23,,,,,,,,,,,,,0.0,0.1,100.0,0.0
2016-08-24,0.3,4.0,98.6,,,,,,,,,,0.0,0.1,100.0,0.0
2016-08-25,,,,,,,0.0,0.0,100.0,,,,0.0,0.1,100.0,0.0
2016-08-26,,,,,,,,,,,,,0.0,0.1,100.0,0.0
2016-08-27,,,,,,,,,,,,,0.0,0.1,100.0,0.0
2016-08-28,,,,,,,,,,,,,0.0,0.1,100.0,0.0
2016-08-29,,,,,,,,,,,,,0.0,0.1,100.0,0.0
2016-08-30,,,,,,,,,,,,,0.0,0.1,100.0,0.0
2016-08-31,0.6,4.8,99.5,,,,,,,,,,0.0,0.1,100.0,0.0
2016-09-01,0.0,2.9,99.3,,,,,,,,,,0.0,0.2,100.0,0.0
2016-09-02,,,,,,,,,,,,,0.0,0.4,100.0,0.0
2016-09-03,,,,,,,,,,,,,0.0,0.4,100.0,0.0
2016-09-04,,,,,,,,,,,,,0.0,0.4,100.0,0.0
2016-09-05,0.0,2.1,98.5,,,,,,,,,,0.0,0.4,100.0,0.0
2016-09-06,,,,,,,,,,,,,0.0,0.5,100.0,0.0
2016-09-07,,,,,,,,,,,,,0.0,0.5,100.0,0.0
2016-09-08,,,,,,,,,,,,,0.0,0.4,100.0,0.0
2016-09-09,,,,0.0,0.0,100.0,,,,,,,0.0,0.4,100.0,0.0
2016-09-10,,,,,,,0.0,0.0,57.9,,,,0.0,0.7,100.0,0.0
2016-09-11,,,,,,,,,,,,,0.0,0.8,100.0,0.0
2016-09-12,0.0,1.5,99.5,,,,,,,,,,0.0,0.5,100.0,0.0
2016-09-13,0.0,1.7,99.4,,,,,,,,,,0.0,0.4,100.0,0.0
2016-09-14,,,,,,,,,,,,,0.0,0.6,100.0,0.0
2016-09-15,,,,,,,,,,,,,0.0,0.7,100.0,0.0
2016-09-16,,,,,,,,,,,,,0.0,0.6,100.0,0.0
2016-09-17,0.0,1.6,98.8,,,,,,,,,,0.0,0.7,100.0,0.0
2016-09-18,,,,,,,,,,,,,0.0,0.9,100.0,0.0
2016-09-19,,,,,,,,,,,,,0.0,0.9,100.0,0.0
2016-09-20,,,,,,,,,,,,,0.0,0.7,100.0,0.0
2016-09-21,,,,,,,,,,,,,0.0,0.6,100.0,0.0
2016-09-22,,,,,,,,,,,,,0.0,0.7,100.0,0.0
2016-09-23,,,,,,,,,,,,,0.0,0.4,100.0,0.0
2016-09-24,0.0,1.6,99.4,,,,,,,,,,0.0,0.3,100.0,0.0
2016-09-25,0.1,2.1,99.4,,,,,,,,,,0.0,0.2,100.0,0.0
2016-09-26,,,,,,,0.0,0.0,100.0,,,,0.0,0.3,100.0,0.0
2016-09-27,,,,,,,,,,,,,0.0,0.2,100.0,0.0
2016-09-28,,,,,,,,,,,,,0.0,0.2,100.0,0.0
2016-09-29,0.1,1.7,98.9,0.0,0.0,100.0,,,,,,,0.0,0.2,100.0,0.0
2016-09-30,0.1,1.7,99.4,,,,,,,,,,0.0,0.4,100.0,0.0
2016-10-01,,,,,,,,,,,,,0.0,0.4,100.0,0.0
2016-10-02,,,,,,,,,,,,,0.0,0.3,100.0,0.0
2016-10-03,,,,,,,,,,,,,0.0,0.3,100.0,0.0
2016-10-04,,,,,,,,,,,,,0.0,0.4,100.0,0.0
2016-10-05,,,,,,,0.0,0.0,99.9,,,,0.0,0.3,100.0,0.0
2016-10-06,0.1,1.8,99.5,,,,,,,,,,0.0,0.3,100.0,0.0
2016-10-07,0.1,1.7,99.4,,,,,,,,,,0.0,0.4,100.0,0.0
2016-10-08,,,,,,,,,,,,,0.0,0.6,100.0,0.0
2016-10-09,,,,,,,,,,,,,0.0,0.6,100.0,0.0
2016-10-10,,,,,,,,,,,,,0.0,0.7,100.0,0.0
2016-10-11,0.1,2.0,99.1,,,,,,,,,,0.0,0.7,100.0,0.0
2016-10-12,,,,,,,0.0,0.0,83.0,,,,0.0,1.0,100.0,0.0
2016-10-13,,,,,,,,,,,,,0.0,1.0,100.0,0.0
2016-10-14,,,,,,,,,,,,,0.0,1.3,100.0,0.0
2016-10-15,,,,,,,,,,,,,0.0,1.0,100.0,0.0
2016-10-16,,,,,,,,,,,,,0.0,1.4,100.0,0.0
2016-10-17,,,,,,,,,,,,,0.0,1.3,100.0,0.0
2016-10-18,0.3,2.4,99.5,,,,,,,,,,0.0,1.8,100.0,0.0
2016-10-19,0.4,2.9,99.4,,,,,,,,,,0.0,1.6,100.0,0.0
2016-10-20,,,,,,,,,,,,,0.0,2.7,100.0,0.0
2016-10-21,,,,,,,,,,,,,0.0,2.6,100.0,0.0
2016-10-22,,,,,,,,,,,,,0.0,3.3,100.0,0.0
2016-10-23,0.3,2.8,98.8,,,,,,,,,,0.0,2.6,100.0,0.0
2016-10-24,,,,,,,,,,,,,0.0,2.6,100.0,0.0
2016-10-25,,,,,,,,,,,,,0.0,2.0,100.0,0.0
2016-10-26,,,,,,,,,,,,,0.0,2.5,100.0,0.0
2016-10-27,,,,,,,,,,,,,0.0,2.5,100.0,0.0
2016-10-28,,,,,,,0.0,0.0,59.1,,,,0.0,3.2,100.0,0.0
2016-10-29,,,,0.0,0.1,100.0,,,,,,,0.0,2.7,100.0,0.0
2016-10-30,0.1,1.6,99.5,,,,,,,,,,0.0,2.9,100.0,0.0
2016-10-31,0.2,1.5,99.5,,,,,,,,,,0.0,2.8,100.0,0.0
2016-11-01,,,,,,,,,,,,,0.0,3.4,100.0,0.0
2016-11-02,,,,,,,,,,,,,0.0,3.2,100.0,0.0
2016-11-03,,,,,,,,,,,,,0.0,3.8,100.0,0.0
2016-11-04,0.1,1.5,98.5,,,,,,,,,,0.0,4.3,100.0,0.0
2016-11-05,,,,,,,,,,,,,0.0,6.0,100.0,0.0
2016-11-06,,,,,,,,,,,,,0.0,6.3,100.0,0.0
2016-11-07,,,,,,,,,,,,,0.0,6.7,100.0,0.0
2016-11-08,,,,0.0,0.6,99.8,,,,,,,0.0,7.0,100.0,0.0
2016-11-09,,,,,,,,,,,,,0.0,8.0,100.0,0.0
2016-11-10,,,,,,,,,,,,,0.0,8.1,100.0,0.0
2016-11-11,0.1,1.3,99.4,,,,,,,,,,0.0,8.1,100.0,0.0
2016-11-12,0.0,1.1,99.4,,,,,,,,,,0.0,8.4,100.0,0.0
2016-11-13,,,,,,,,,,,,,0.0,10.6,100.0,0.0
2016-11-14,,,,,,,,,,,,,0.0,10.9,100.0,0.0
2016-11-15,,,,,,,,,,,,,0.0,8.1,100.0,0.0
2016-11-16,0.0,1.1,98.8,,,,,,,,,,0.0,8.7,100.0,0.0
2016-11-17,,,,,,,,,,,,,0.0,8.5,100.0,0.0
2016-11-18,,,,,,,,,,,,,0.0,8.1,100.0,0.0
2016-11-19,,,,,,,,,,,,,0.0,7.5,100.0,0.0
2016-11-20,,,,,,,,,,,,,0.0,8.2,100.0,0.0
2016-11-21,,,,,,,,,,,,,0.0,7.4,100.0,0.0
2016-11-22,,,,,,,,,,,,,0.0,6.8,100.0,0.0
2016-11-23,,,,,,,,,,,,,0.0,5.5,100.0,0.0
2016-11-24,0.0,1.2,99.3,,,,,,,,,,0.0,5.3,100.0,0.0
2016-11-25,,,,,,,,,,,,,0.0,5.6,100.0,0.0
2016-11-26,,,,,,,,,,,,,0.0,5.1,100.0,0.0
2016-11-27,,,,,,,,,,,,,0.0,5.2,100.0,0.0
2016-11-28,0.0,1.4,99.1,0.0,1.1,100.0,,,,,,,0.0,5.2,100.0,0.0
2016-11-29,,,,,,,0.0,0.6,100.0,,,,0.0,6.1,100.0,0.0
2016-11-30,,,,,,,,,,,,,0.0,5.9,100.0,0.0
2016-12-01,,,,,,,,,,,,,0.0,6.6,100.0,0.0
2016-12-02,,,,,,,,,,,,,0.0,6.5,100.0,0.0
2016-12-03,,,,,,,,,,,,,0.1,8.6,100.0,0.1
2016-12-04,,,,,,,,,,,,,0.1,8.3,100.0,0.1
2016-12-05,0.0,2.0,99.5,,,,,,,,,,0.1,8.6,100.0,0.1
2016-12-06,0.0,2.0,99.5,,,,,,,,,,0.3,9.7,100.0,0.3
2016-12-07,,,,,,,,,,,,,0.3,11.8,100.0,0.3
2016-12-08,,,,0.0,0.5,100.0,0.3,1.1,75.3,,,,0.3,12.3,100.0,0.3
2016-12-09,,,,,,,,,,,,,0.3,12.8,100.0,0.3
2016-12-10,0.0,2.8,98.7,,,,,,,,,,0.3,12.7,100.0,0.3
2016-12-11,,,,,,,,,,,,,0.3,15.8,100.0,0.3
2016-12-12,,,,,,,,,,,,,0.5,19.7,100.0,0.5
2016-12-13,,,,,,,,,,,,,0.5,21.0,100.0,0.5
2016-12-14,,,,,,,,,,,,,0.6,23.2,100.0,0.6
2016-12-15,,,,,,,,,,,,,0.7,27.8,100.0,0.7
2016-12-16,,,,,,,,,,,,,2.4,35.2,100.0,2.4
2016-12-17,0.2,5.5,99.5,,,,,,,,,,3.2,35.9,100.0,3.2
2016-12-18,0.2,5.1,99.4,0.0,3.9,99.9,,,,,,,5.8,38.8,100.0,5.8
2016-12-19,,,,,,,,,,,,,4.8,38.4,100.0,4.8
2016-12-20,,,,,,,,,,,,,9.8,41.9,100.0,9.8
2016-12-21,,,,,,,,,,,,,6.9,38.6,100.0,6.9
2016-12-22,0.4,7.5,99.0,,,,,,,,,,13.3,42.5,100.0,13.3
2016-12-23,,,,,,,,,,,,,7.9,39.0,100.0,7.9
2016-12-24,,,,,,,,,,,,,21.6,43.2,100.0,21.6
2016-12-25,,,,,,,,,,,,,13.7,38.0,100.0,13.7
2016-12-26,,,,,,,,,,,,,21.7,40.3,100.0,21.7
2016-12-27,,,,,,,,,,,,,21.4,37.8,100.0,21.4
2016-12-28,,,,40.3,36.0,100.0,,,,,,,23.2,37.3,100.0,23.2
2016-12-29,0.5,7.0,99.4,,,,,,,,,,21.4,34.3,100.0,21.4
2016-12-30,1.2,9.9,99.5,,,,,,,,,,21.8,35.2,100.0,21.8
2016-12-31,,,,,,,1.1,4.7,73.7,,,,22.5,35.3,100.0,22.5
2017-01-01,,,,,,,,,,,,,21.2,35.9,100.0,21.2
2017-01-02,,,,,,,,,,,,,28.2,39.5,100.0,28.2
2017-01-03,2.2,12.6,99.5,,,,,,,,,,28.7,40.6,100.0,28.7
2017-01-04,,,,,,,,,,,,,34.4,43.5,100.0,34.4
2017-01-05,,,,,,,,,,,,,37.7,45.4,100.0,37.7
2017-01-06,,,,,,,,,,,,,43.0,51.8,100.0,43.0
2017-01-07,,,,97.1,89.6,45.6,,,,,,,46.3,53.3,100.0,46.3
2017-01-08,,,,,,,,,,,,,55.2,61.2,100.0,55.2
2017-01-09,,,,,,,95.5,76.8,82.2,,,,57.9,62.8,100.0,57.9
2017-01-10,6.9,18.0,99.6,,,,,,,,,,86.8,72.4,100.0,86.8
2017-01-11,17.8,28.6,99.6,,,,,,,,,,78.2,69.3,100.0,78.2
2017-01-12,,,,,,,,,,,,,97.1,74.4,100.0,97.1
2017-01-13,,,,,,,,,,,,,99.8,78.1,100.0,99.8
2017-01-14,,,,,,,,,,,,,100.0,83.4,100.0,100.0
2017-01-15,64.4,49.0,99.3,,,,,,,,,,100.0,82.3,100.0,100.0
2017-01-16,,,,,,,100.0,100.0,82.3,,,,100.0,89.3,100.0,100.0
2017-01-17,,,,,,,,,,,,,100.0,90.4,100.0,100.0
2017-01-18,,,,,,,,,,,,,100.0,93.3,100.0,100.0
2017-01-19,,,,,,,,,,,,,100.0,94.8,100.0,100.0
2017-01-20,,,,,,,,,,,,,100.0,95.7,100.0,100.0
2017-01-21,,,,,,,,,,,,,100.0,97.1,100.0,100.0
2017-01-22,,,,,,,,,,,,,100.0,97.9,100.0,100.0
2017-01-23,91.8,63.5,99.6,,,,,,,,,,100.0,98.7,100.0,100.0
2017-01-24,,,,,,,,,,,,,100.0,98.6,100.0,100.0
2017-01-25,,,,,,,,,,,,,100.0,98.9,100.0,100.0
2017-01-26,,,,,,,,,,,,,100.0,98.9,100.0,100.0
2017-01-27,99.8,76.4,99.4,100.0,99.8,100.0,,,,,,,100.0,99.3,100.0,100.0
2017-01-28,,,,,,,,,,,,,100.0,99.0,100.0,100.0
2017-01-29,,,,,,,,,,,,,100.0,99.0,100.0,100.0
2017-01-30,,,,,,,,,,,,,100.0,98.9,100.0,100.0
2017-01-31,,,,,,,,,,,,,100.0,99.0,100.0,100.0
2017-02-01,,,,,,,,,,,,,100.0,98.6,100.0,100.0
2017-02-02,,,,,,,,,,,,,100.0,98.7,100.0,100.0
2017-02-03,100.0,89.1,99.5,,,,,,,,,,100.0,98.8,100.0,100.0
2017-02-04,100.0,93.5,99.6,,,,,,,,,,100.0,98.5,100.0,100.0
2017-02-05,,,,,,,,,,,,,100.0,98.0,100.0,100.0
2017-02-06,,,,,,,,,,,,,100.0,98.0,100.0,100.0
2017-02-07,,,,,,,,,,,,,100.0,98.1,100.0,100.0
2017-02-08,100.0,96.9,99.1,,,,,,,,,,100.0,98.3,100.0,100.0
2017-02-09,,,,,,,,,,,,,100.0,97.8,100.0,100.0
2017-02-10,,,,,,,,,,,,,100.0,98.4,100.0,100.0
2017-02-11,,,,,,,,,,,,,100.0,98.7,100.0,100.0
2017-02-12,,,,,,,,,,,,,100.0,99.0,100.0,100.0
2017-02-13,,,,,,,,,,,,,100.0,98.8,100.0,100.0
2017-02-14,,,,,,,,,,,,,100.0,99.1,100.0,100.0
2017-02-15,100.0,98.2,99.6,,,,,,,,,,100.0,99.3,100.0,100.0
2017-02-16,100.0,99.1,99.6,100.0,100.0,100.0,,,,,,,100.0,99.5,100.0,100.0
2017-02-17,,,,,,,,,,,,,100.0,99.1,100.0,100.0
2017-02-18,,,,,,,,,,,,,100.0,99.2,100.0,100.0
2017-02-19,,,,,,,,,,,,,100.0,99.2,100.0,100.0
2017-02-20,100.0,99.4,99.1,,,,,,,,,,100.0,99.4,100.0,100.0
2017-02-21,,,,,,,,,,,,,100.0,99.2,100.0,100.0
2017-02-22,,,,,,,,,,,,,100.0,99.2,100.0,100.0
2017-02-23,,,,,,,,,,,,,100.0,99.2,100.0,100.0
2017-02-24,,,,,,,,,,,,,100.0,99.1,100.0,100.0
2017-02-25,,,,,,,,,,,,,100.0,98.8,100.0,100.0
2017-02-26,,,,,,,,,,,,,100.0,98.9,100.0,100.0
2017-02-27,100.0,99.5,99.6,,,,,,,,,,100.0,98.9,100.0,100.0
2017-02-28,100.0,99.5,99.6,,,,,,,,,,100.0,99.2,100.0,100.0
2017-03-01,,,,,,,,,,,,,100.0,98.9,100.0,100.0
2017-03-02,,,,,,,,,,,,,100.0,99.2,100.0,100.0
2017-03-03,,,,,,,,,,,,,100.0,99.2,100.0,100.0
2017-03-04,100.0,99.7,98.0,,,,,,,,,,100.0,99.5,100.0,100.0
2017-03-05,,,,,,,,,,,,,100.0,99.2,100.0,100.0
2017-03-06,100.0,99.8,98.9,,,,,,,,,,100.0,99.5,100.0,100.0
2017-03-07,,,,,,,,,,,,,100.0,99.3,100.0,100.0
2017-03-08,,,,100.0,100.0,100.0,,,,,,,100.0,99.6,100.0,100.0
2017-03-09,,,,,,,,,,,,,100.0,99.4,100.0,100.0
2017-03-10,100.0,99.8,98.2,,,,,,,,,,100.0,99.6,100.0,100.0
2017-03-11,100.0,99.7,99.0,,,,,,,,,,100.0,99.7,100.0,100.0
2017-03-12,100.0,99.6,98.9,,,,,,,,,,100.0,99.7,100.0,100.0
2017-03-13,,,,,,,,,,,,,100.0,99.6,100.0,100.0
2017-03-14,,,,,,,100.0,100.0,81.9,,,,100.0,99.7,100.0,100.0
2017-03-15,,,,,,,,,,,,,100.0,99.6,100.0,100.0
2017-03-16,100.0,99.6,98.1,,,,,,,,,,100.0,99.6,100.0,100.0
2017-03-17,100.0,99.7,98.9,,,,,,,,,,100.0,99.4,100.0,100.0
2017-03-18,100.0,99.5,98.9,,,,,,,,,,100.0,99.3,100.0,100.0
2017-03-19,,,,,,,,,,,,,100.0,99.1,100.0,100.0
2017-03-20,,,,,,,,,,,,,100.0,99.0,100.0,100.0
2017-03-21,,,,,,,,,,,,,100.0,98.7,100.0,100.0
2017-03-22,,,,,,,,,,,,,100.0,98.6,100.0,100.0
2017-03-23,100.0,99.3,98.8,,,,,,,,,,100.0,98.7,100.0,100.0
2017-03-24,100.0,99.3,99.0,,,,,,,,,,100.0,98.6,100.0,100.0
2017-03-25,,,,,,,,,,,,,100.0,97.9,100.0,100.0
2017-03-26,,,,,,,,,,,,,100.0,97.8,100.0,100.0
2017-03-27,,,,,,,,,,,,,100.0,97.8,100.0,100.0
2017-03-28,100.0,99.3,98.2,99.8,97.4,100.0,,,,,,,100.0,98.4,100.0,100.0
2017-03-29,100.0,99.3,98.9,,,,,,,,,,100.0,97.8,100.0,100.0
2017-03-30,100.0,99.2,98.9,,,,99.3,98.6,54.2,,,,100.0,97.7,100.0,100.0
2017-03-31,,,,,,,,,,,,,100.0,96.9,100.0,100.0
2017-04-01,,,,,,,,,,,,,100.0,96.9,100.0,100.0
2017-04-02,,,,,,,,,,,,,99.8,95.8,100.0,99.8
2017-04-03,100.0,99.1,98.1,,,,,,,,,,99.6,95.9,100.0,99.6
2017-04-04,100.0,98.7,98.8,,,,,,,,,,99.6,95.1,100.0,99.6
2017-04-05,100.0,97.3,98.9,,,,,,,,,,99.3,94.5,100.0,99.3
2017-04-06,,,,,,,,,,,,,98.2,92.1,100.0,98.2
2017-04-07,,,,48.5,46.6,100.0,,,,,,,96.4,90.7,100.0,96.4
2017-04-08,,,,,,,,,,,,,93.5,84.3,100.0,93.5
2017-04-09,100.0,96.6,98.0,,,,,,,,,,91.2,82.2,100.0,91.2
2017-04-10,99.9,93.1,98.9,,,,,,,,,,89.7,78.3,100.0,89.7
2017-04-11,99.2,87.5,98.8,,,,,,,,,,86.2,75.9,100.0,86.2
2017-04-12,,,,,,,,,,,,,80.0,69.0,100.0,80.0
2017-04-13,,,,,,,,,,,,,64.9,61.4,100.0,64.9
2017-04-14,,,,,,,,,,,,,40.8,51.6,100.0,40.8
2017-04-15,96.8,72.7,98.1,,,,,,,,,,31.5,47.8,100.0,31.5
2017-04-16,86.1,61.8,98.7,,,,,,,,,,1.5,31.8,100.0,1.5
2017-04-17,33.3,33.1,98.9,,,,,,,,,,0.0,24.5,100.0,0.0
2017-04-18,,,,,,,,,,,,,0.0,16.3,100.0,0.0
2017-04-19,,,,,,,,,,,,,0.0,13.6,100.0,0.0
2017-04-20,,,,,,,,,,,,,0.0,9.2,100.0,0.0
2017-04-21,6.4,20.1,98.6,,,,,,,,,,0.0,6.8,100.0,0.0
2017-04-22,0.5,5.3,98.9,0.0,0.3,100.0,7.3,9.6,97.6,,,,0.0,4.9,100.0,0.0
2017-04-23,0.3,2.4,98.9,,,,,,,,,,0.0,3.5,100.0,0.0
2017-04-24,,,,,,,,,,,,,0.0,3.0,100.0,0.0
2017-04-25,,,,,,,,,,,,,0.0,2.6,100.0,0.0
2017-04-26,,,,,,,,,,,,,0.0,2.5,100.0,0.0
2017-04-27,0.2,2.5,98.0,,,,,,,,,,0.0,2.5,100.0,0.0
2017-04-28,0.2,3.1,98.8,,,,,,,,,,0.0,2.6,100.0,0.0
2017-04-29,0.1,2.2,98.8,,,,,,,,,,0.0,2.7,100.0,0.0
2017-04-30,,,,,,,,,,,,,0.0,4.2,100.0,0.0
2017-05-01,,,,,,,,,,,,,0.0,5.7,100.0,0.0
2017-05-02,,,,,,,,,,,,,0.0,6.2,100.0,0.0
2017-05-03,0.2,2.3,97.8,,,,,,,,,,0.0,5.2,100.0,0.0
2017-05-04,0.3,2.9,98.9,,,,,,,,,,0.0,5.3,100.0,0.0
2017-05-05,0.3,4.0,98.8,,,,,,,,,,0.0,6.0,100.0,0.0
2017-05-06,,,,,,,,,,,,,0.0,6.6,100.0,0.0
2017-05-07,,,,,,,,,,,,,0.0,6.5,100.0,0.0
2017-05-08,,,,,,,,,,,,,0.0,5.9,100.0,0.0
2017-05-09,0.5,5.8,98.0,,,,,,,,,,0.0,4.7,100.0,0.0
2017-05-10,0.4,3.6,98.7,,,,,,,,,,0.0,4.6,100.0,0.0
2017-05-11,0.4,2.8,98.8,,,,,,,,,,0.0,3.0,100.0,0.0
2017-05-12,,,,,,,,,,,,,0.0,2.6,100.0,0.0
2017-05-13,,,,,,,,,,,,,0.0,1.8,100.0,0.0
2017-05-14,,,,,,,,,,,,,0.0,1.7,100.0,0.0
2017-05-15,0.2,1.7,97.7,,,,,,,,,,0.0,1.5,100.0,0.0
2017-05-16,0.1,1.3,98.8,,,,,,,,,,0.0,1.5,100.0,0.0
2017-05-17,0.0,1.2,98.9,0.0,0.0,100.0,0.0,0.1,60.9,,,,0.0,1.3,100.0,0.0
2017-05-18,,,,,,,,,,,,,0.0,1.7,100.0,0.0
2017-05-19,,,,,,,,,,,,,0.0,1.0,100.0,0.0
2017-05-20,,,,,,,,,,,,,0.0,1.1,100.0,0.0
2017-05-21,0.1,0.9,98.1,,,,,,,,,,0.0,0.9,100.0,0.0
2017-05-22,0.1,1.0,98.7,,,,,,,,,,0.0,0.9,100.0,0.0
2017-05-23,0.1,1.1,98.8,,,,,,,,,,0.0,0.6,100.0,0.0
2017-05-24,,,,,,,,,,,,,0.0,0.8,100.0,0.0
2017-05-25,,,,,,,,,,,,,0.0,0.7,100.0,0.0
2017-05-26,,,,,,,,,,,,,0.0,0.6,100.0,0.0
2017-05-27,0.2,1.4,97.8,0.0,0.0,100.0,,,,,,,0.0,0.2,100.0,0.0
2017-05-28,0.1,1.5,98.9,,,,,,,,,,0.0,0.2,100.0,0.0
2017-05-29,0.1,1.1,98.9,,,,,,,,,,0.0,0.2,100.0,0.0
2017-05-30,,,,,,,,,,,,,0.0,0.2,100.0,0.0
2017-05-31,,,,,,,,,,,,,0.0,0.1,100.0,0.0
2017-06-01,,,,,,,,,,,,,0.0,0.1,100.0,0.0
2017-06-02,0.1,1.4,98.2,,,,0.0,0.1,99.9,,,,0.0,0.1,100.0,0.0
2017-06-03,0.0,1.4,98.8,,,,,,,,,,0.0,0.1,100.0,0.0
2017-06-04,0.2,2.1,99.0,,,,,,,,,,0.0,0.1,100.0,0.0
2017-06-05,,,,,,,,,,,,,0.0,0.1,100.0,0.0
2017-06-06,,,,,,,,,,,,,0.0,0.2,100.0,0.0
2017-06-07,,,,,,,,,,,,,0.0,0.3,100.0,0.0
2017-06-08,0.4,2.5,98.1,,,,,,,,,,0.0,0.2,100.0,0.0
2017-06-09,0.5,3.9,98.8,,,,,,,,,,0.0,0.3,100.0,0.0
2017-06-10,1.0,4.9,98.9,,,,,,,,,,0.0,0.5,100.0,0.0
2017-06-11,,,,,,,,,,,,,0.0,0.5,100.0,0.0
2017-06-12,,,,,,,,,,,,,0.0,0.2,100.0,0.0
2017-06-13,,,,,,,,,,,,,0.0,0.2,100.0,0.0
2017-06-14,3.4,9.1,97.9,,,,,,,,,,0.0,0.2,100.0,0.0
2017-06-15,2.3,8.1,98.7,,,,,,,,,,0.0,0.2,100.0,0.0
2017-06-16,8.6,14.6,98.8,,,,,,,,,,0.0,0.2,100.0,0.0
2017-06-17,,,,,,,,,,,,,0.0,0.2,100.0,0.0
2017-06-18,,,,,,,0.0,0.0,100.0,,,,0.0,0.2,100.0,0.0
2017-06-19,,,,,,,,,,,,,0.0,0.3,100.0,0.0
2017-06-20,6.0,14.4,97.9,,,,,,,,,,0.0,0.2,100.0,0.0
2017-06-21,12.5,20.1,98.8,,,,,,,,,,0.0,0.2,100.0,0.0
2017-06-22,15.7,24.7,98.8,,,,,,,,,,0.0,0.3,100.0,0.0
2017-06-23,,,,,,,,,,,,,0.0,0.4,100.0,0.0
2017-06-24,,,,,,,,,,,,,0.0,0.5,100.0,0.0
2017-06-25,,,,,,,,,,,,,0.0,0.6,100.0,0.0
2017-06-26,33.6,36.2,98.8,0.0,0.0,100.0,,,,,,,0.0,0.8,100.0,0.0
2017-06-27,24.1,31.6,99.5,,,,,,,,,,0.0,1.0,100.0,0.0
2017-06-28,17.7,27.4,99.6,,,,,,,,,,0.0,0.6,100.0,0.0
2017-06-29,,,,,,,,,,,,,0.0,0.6,100.0,0.0
2017-06-30,,,,,,,,,,,,,0.0,0.5,100.0,0.0
2017-07-01,,,,0.0,0.0,36.6,,,,,,,0.0,0.4,100.0,0.0
2017-07-02,23.3,31.8,98.7,,,,,,,,,,0.0,0.4,100.0,0.0
2017-07-03,20.7,30.5,99.5,,,,,,,,,,0.0,0.4,100.0,0.0
2017-07-04,9.1,16.8,99.7,,,,0.0,0.0,99.9,,,,0.0,0.3,100.0,0.0
2017-07-05,,,,,,,,,,,,,0.0,0.3,100.0,0.0
2017-07-06,,,,0.0,0.0,100.0,,,,,,,0.0,0.2,100.0,0.0
2017-07-07,,,,,,,,,,,,,0.0,0.3,100.0,0.0
2017-07-08,,,,,,,,,,,,,0.0,0.3,100.0,0.0
2017-07-09,6.8,12.0,99.6,,,,,,,,,,0.0,0.4,100.0,0.0
2017-07-10,7.8,11.9,99.6,,,,,,,,,,0.0,0.4,100.0,0.0
2017-07-11,,,,,,,0.0,0.0,58.7,,,,0.0,0.6,100.0,0.0
2017-07-12,,,,,,,,,,,,,0.0,0.9,100.0,0.0
2017-07-13,,,,,,,,,,,,,0.0,1.3,100.0,0.0
2017-07-14,11.4,17.1,98.8,,,,,,,,,,0.0,1.2,100.0,0.0
2017-07-15,11.6,17.8,99.6,,,,,,,,,,0.0,1.5,100.0,0.0
2017-07-16,7.8,13.5,99.6,0.0,0.0,100.0,,,,,,,0.0,1.4,100.0,0.0
2017-07-17,,,,,,,,,,,,,0.0,1.9,100.0,0.0
2017-07-18,,,,,,,,,,,,,0.0,1.8,100.0,0.0
2017-07-19,,,,,,,,,,,,,0.0,2.2,100.0,0.0
2017-07-20,5.1,8.8,98.6,,,,,,,,,,0.0,2.7,100.0,0.0
2017-07-21,3.9,7.2,99.5,,,,,,,,,,0.0,3.4,100.0,0.0
2017-07-22,4.9,8.3,99.6,,,,,,,,,,0.0,2.0,100.0,0.0
2017-07-23,,,,,,,,,,,,,0.0,1.9,100.0,0.0
2017-07-24,,,,,,,,,,,,,0.0,2.3,100.0,0.0
2017-07-25,,,,,,,,,,,,,0.0,3.0,100.0,0.0
2017-07-26,6.5,10.5,98.8,,,,,,,,,,0.0,2.2,100.0,0.0
2017-07-27,3.9,7.0,99.5,,,,,,,,,,0.0,2.0,100.0,0.0
2017-07-28,1.9,4.1,99.6,,,,,,,,,,0.0,1.4,100.0,0.0
2017-07-29,,,,,,,,,,,,,0.0,1.5,100.0,0.0
2017-07-30,,,,,,,,,,,,,0.0,0.7,100.0,0.0
2017-07-31,,,,,,,,,,,,,0.0,0.6,100.0,0.0
2017-08-01,1.9,4.1,98.5,,,,,,,,,,0.0,0.4,100.0,0.0
2017-08-02,1.6,4.0,99.4,,,,,,,,,,0.0,0.4,100.0,0.0
2017-08-03,1.8,4.4,99.6,,,,,,,,,,0.0,0.4,100.0,0.0
2017-08-04,,,,,,,,,,,,,0.0,0.3,100.0,0.0
2017-08-05,,,,0.0,0.0,99.5,0.0,0.0,87.2,,,,0.0,0.3,100.0,0.0
2017-08-06,,,,,,,,,,,,,0.0,0.3,100.0,0.0
2017-08-07,1.6,4.4,98.6,,,,,,,,,,0.0,0.2,100.0,0.0
2017-08-08,2.0,4.6,99.4,,,,,,,,,,0.0,0.3,100.0,0.0
2017-08-09,2.3,5.4,99.6,,,,,,,,,,0.0,0.3,100.0,0.0
2017-08-10,,,,,,,,,,,,,0.0,0.4,100.0,0.0
2017-08-11,,,,,,,,,,,,,0.0,0.4,100.0,0.0
2017-08-12,,,,,,,,,,,,,0.0,0.5,100.0,0.0
2017-08-13,1.3,2.8,98.6,,,,,,,,,,0.0,0.6,100.0,0.0
2017-08-14,0.8,2.2,99.5,,,,,,,,,,0.0,0.7,100.0,0.0
2017-08-15,0.8,1.8,99.7,0.0,0.0,100.0,,,,,,,0.0,0.4,100.0,0.0
2017-08-16,,,,,,,,,,,,,0.0,0.4,100.0,0.0
2017-08-17,,,,,,,,,,,,,0.0,0.4,100.0,0.0
2017-08-18,,,,,,,,,,,,,0.0,0.3,100.0,0.0
2017-08-19,1.2,2.3,98.8,,,,,,,,,,0.0,0.3,100.0,0.0
2017-08-20,1.5,2.9,99.5,0.0,0.1,100.0,,,,,,,0.0,0.3,100.0,0.0
2017-08-21,1.9,3.9,99.6,,,,0.0,0.0,91.4,,,,0.0,0.3,100.0,0.0
2017-08-22,,,,,,,,,,,,,0.0,0.3,100.0,0.0
2017-08-23,,,,,,,,,,,,,0.0,0.2,100.0,0.0
2017-08-24,,,,,,,,,,,,,0.0,0.3,100.0,0.0
2017-08-25,2.3,4.2,98.8,0.0,0.1,100.0,,,,,,,0.0,0.3,100.0,0.0
2017-08-26,1.6,3.0,97.8,,,,,,,,,,0.0,0.3,100.0,0.0
2017-08-27,3.0,5.2,99.5,,,,,,,,,,0.0,0.3,100.0,0.0
2017-08-28,,,,,,,,,,,,,0.0,0.5,100.0,0.0
2017-08-29,,,,,,,,,,,,,0.0,0.6,100.0,0.0
2017-08-30,,,,0.0,0.1,100.0,,,,,,,0.0,0.7,100.0,0.0
2017-08-31,2.9,5.6,98.8,,,,,,,,,,0.0,0.6,100.0,0.0
2017-09-01,3.1,6.0,99.6,,,,,,,,,,0.0,0.9,100.0,0.0
2017-09-02,2.0,3.7,99.6,,,,,,,,,,0.0,1.0,100.0,0.0
2017-09-03,,,,,,,,,,,,,0.0,1.2,100.0,0.0
2017-09-04,,,,0.0,0.1,31.2,,,,,,,0.0,0.9,100.0,0.0
2017-09-05,,,,,,,,,,,,,0.0,1.1,100.0,0.0
2017-09-06,2.2,4.9,98.6,,,,,,,,,,0.0,1.5,100.0,0.0
2017-09-07,2.8,6.9,99.6,,,,,,,,,,0.0,2.1,100.0,0.0
2017-09-08,3.1,8.9,99.7,,,,,,,,,,0.0,1.4,100.0,0.0
2017-09-09,,,,,,,,,,,,,0.0,1.6,100.0,0.0
2017-09-10,,,,,,,,,,,,,0.0,1.6,100.0,0.0
2017-09-11,,,,,,,,,,,,,0.0,2.2,100.0,0.0
2017-09-12,2.8,9.3,98.8,,,,,,,,,,0.0,2.0,100.0,0.0
2017-09-13,2.6,9.8,99.6,,,,,,,,,,0.0,2.2,100.0,0.0
2017-09-14,2.5,10.5,99.7,,,,,,,,,,0.0,2.0,100.0,0.0
2017-09-15,,,,,,,,,,,,,0.0,3.0,100.0,0.0
2017-09-16,,,,,,,,,,,,,0.0,2.6,100.0,0.0
2017-09-17,,,,,,,,,,,,,0.0,2.6,100.0,0.0
2017-09-18,2.0,7.6,98.9,,,,,,,,,,0.0,2.7,100.0,0.0
2017-09-19,1.0,4.1,99.6,,,,,,,,,,0.0,3.4,100.0,0.0
2017-09-20,0.7,2.9,99.8,,,,,,,,,,0.0,2.5,100.0,0.0
2017-09-21,,,,,,,,,,,,,0.0,2.1,100.0,0.0
2017-09-22,,,,,,,0.0,0.0,69.3,,,,0.0,1.8,100.0,0.0
2017-09-23,,,,,,,,,,,,,0.0,1.8,100.0,0.0
2017-09-24,0.8,2.6,98.8,,,,,,,,,,0.0,1.5,100.0,0.0
2017-09-25,0.8,2.6,99.5,,,,,,,,,,0.0,1.4,100.0,0.0
2017-09-26,0.6,2.1,99.7,,,,,,,,,,0.0,1.4,100.0,0.0
2017-09-27,,,,,,,,,,,,,0.0,1.8,100.0,0.0
2017-09-28,,,,,,,,,,,,,0.0,1.4,100.0,0.0
2017-09-29,,,,,,,,,,,,,0.0,1.3,100.0,0.0
2017-09-30,0.6,2.3,98.9,,,,,,,,,,0.0,1.4,100.0,0.0
2017-10-01,0.7,2.4,99.7,,,,,,,,,,0.0,1.4,100.0,0.0
2017-10-02,0.8,2.4,99.8,,,,,,,,,,0.0,1.5,100.0,0.0
2017-10-03,,,,,,,,,,,,,0.0,1.7,100.0,0.0
2017-10-04,,,,0.0,0.0,100.0,,,,,,,0.0,1.5,100.0,0.0
2017-10-05,,,,,,,,,,,,,0.0,1.5,100.0,0.0
2017-10-06,0.6,1.8,98.8,,,,,,,,,,0.0,1.4,100.0,0.0
2017-10-07,0.7,2.3,99.7,,,,,,,,,,0.0,1.6,100.0,0.0
2017-10-08,0.9,3.2,99.7,,,,,,,,,,0.0,1.4,100.0,0.0
2017-10-09,,,,0.0,0.0,100.0,,,,,,,0.0,1.0,100.0,0.0
2017-10-10,,,,,,,,,,,,,0.0,0.8,100.0,0.0
2017-10-11,,,,,,,,,,,,,0.0,0.8,100.0,0.0
2017-10-12,1.9,5.5,98.9,,,,,,,,,,0.0,0.6,100.0,0.0
2017-10-13,2.1,6.4,99.6,,,,,,,,,,0.0,0.6,100.0,0.0
2017-10-14,1.4,3.2,99.4,0.0,0.0,100.0,,,,,,,0.0,0.5,100.0,0.0
2017-10-15,,,,,,,0.0,0.0,100.0,,,,0.0,0.5,100.0,0.0
2017-10-16,,,,,,,,,,,,,0.0,0.4,100.0,0.0
2017-10-17,,,,,,,,,,,,,0.0,0.5,100.0,0.0
2017-10-18,1.5,3.7,98.4,,,,,,,,,,0.0,0.6,100.0,0.0
2017-10-19,1.3,2.8,99.3,0.0,0.1,100.0,,,,,,,0.0,0.8,100.0,0.0
2017-10-20,0.7,1.7,99.4,,,,,,,,,,0.0,0.7,100.0,0.0
2017-10-21,,,,,,,,,,,,,0.0,1.0,100.0,0.0
2017-10-22,,,,,,,,,,,,,0.0,1.5,100.0,0.0
2017-10-23,,,,,,,,,,,,,0.0,2.3,100.0,0.0
2017-10-24,0.4,1.1,98.5,0.0,0.1,100.0,,,,,,,0.0,1.8,100.0,0.0
2017-10-25,0.6,1.2,99.4,,,,,,,,,,0.0,1.8,100.0,0.0
2017-10-26,1.0,1.8,99.3,,,,,,,,,,0.0,1.7,100.0,0.0
2017-10-27,,,,,,,,,,,,,0.0,2.3,100.0,0.0
2017-10-28,,,,,,,,,,,,,0.0,1.9,100.0,0.0
2017-10-29,,,,,,,,,,,,,0.0,2.0,100.0,0.0
2017-10-30,0.6,1.4,98.5,,,,,,,,,,0.0,1.8,100.0,0.0
2017-10-31,1.1,2.4,99.4,,,,0.0,0.1,79.5,,,,0.0,2.4,100.0,0.0
2017-11-01,1.5,4.1,99.4,,,,,,,,,,0.0,2.5,100.0,0.0
2017-11-02,,,,,,,,,,,,,0.0,2.4,100.0,0.0
2017-11-03,,,,0.0,0.1,100.0,,,,,,,0.0,2.3,100.0,0.0
2017-11-04,,,,,,,,,,,,,0.0,3.3,100.0,0.0
2017-11-05,4.9,11.8,98.5,,,,,,,,,,0.0,3.3,100.0,0.0
2017-11-06,4.7,15.7,99.3,,,,,,,,,,0.0,3.9,100.0,0.0
2017-11-07,3.3,11.3,99.2,,,,,,,,,,0.0,4.2,100.0,0.0
2017-11-08,,,,0.0,1.5,34.5,,,,,,,0.0,5.6,100.0,0.0
2017-11-09,,,,,,,,,,,,,0.0,5.7,100.0,0.0
2017-11-10,,,,,,,,,,,,,0.0,5.8,100.0,0.0
2017-11-11,3.6,11.8,98.7,,,,,,,,,,0.0,7.0,100.0,0.0
2017-11-12,2.4,8.7,99.1,,,,,,,,,,0.0,7.5,100.0,0.0
2017-11-13,1.8,7.2,99.4,,,,,,,,,,0.0,6.7,100.0,0.0
2017-11-14,,,,,,,,,,,,,0.0,6.8,100.0,0.0
2017-11-15,,,,,,,,,,,,,0.0,6.5,100.0,0.0
2017-11-16,,,,,,,0.1,0.8,85.4,,,,0.0,8.8,100.0,0.0
2017-11-17,0.9,4.6,98.5,,,,,,,,,,0.0,8.5,100.0,0.0
2017-11-18,1.2,5.0,99.4,0.0,0.7,100.0,,,,,,,0.0,9.1,100.0,0.0
2017-11-19,0.8,4.6,99.4,,,,,,,,,,0.0,9.7,100.0,0.0
2017-11-20,,,,,,,,,,,,,0.0,12.1,100.0,0.0
2017-11-21,,,,,,,,,,,,,0.0,11.4,100.0,0.0
2017-11-22,,,,,,,,,,,,,0.0,11.9,100.0,0.0
2017-11-23,1.0,4.5,98.4,0.7,2.6,100.0,,,,,,,0.0,11.9,100.0,0.0
2017-11-24,0.8,4.2,99.3,,,,,,,,,,0.0,14.3,100.0,0.0
2017-11-25,0.6,3.5,99.3,,,,,,,,,,0.0,13.8,100.0,0.0
2017-11-26,,,,,,,,,,,,,0.0,15.2,100.0,0.0
2017-11-27,,,,,,,,,,,,,0.0,16.3,100.0,0.0
2017-11-28,,,,,,,,,,,,,0.0,17.4,100.0,0.0
2017-11-29,1.9,8.1,99.1,,,,,,,,,,0.0,17.2,100.0,0.0
2017-11-30,1.8,7.1,99.3,,,,,,,,,,0.0,17.2,100.0,0.0
2017-12-01,2.2,9.0,99.4,,,,,,,,,,0.0,18.0,100.0,0.0
2017-12-02,,,,,,,,,,,,,0.1,20.6,100.0,0.1
2017-12-03,,,,0.9,4.7,100.0,,,,,,,0.1,21.3,100.0,0.1
2017-12-04,,,,,,,,,,,,,0.1,20.2,100.0,0.1
2017-12-05,1.0,5.8,99.0,,,,,,,,,,0.1,20.3,100.0,0.1
2017-12-06,2.3,9.2,99.4,,,,,,,,,,0.1,19.5,100.0,0.1
2017-12-07,2.6,10.5,99.4,,,,,,,,,,0.1,21.3,100.0,0.1
2017-12-08,,,,,,,,,,,,,0.0,18.0,100.0,0.0
2017-12-09,,,,,,,,,,,,,0.1,21.0,100.0,0.1
2017-12-10,,,,,,,,,,,,,0.0,19.2,100.0,0.0
2017-12-11,7.0,13.1,98.5,,,,,,,,,,0.1,21.9,100.0,0.1
2017-12-12,9.8,15.9,99.3,,,,,,,,,,0.1,23.6,100.0,0.1
2017-12-13,6.7,11.2,99.4,73.4,58.1,100.0,,,,,,,0.2,32.7,100.0,0.2
2017-12-14,,,,,,,,,,,,,0.2,34.4,100.0,0.2
2017-12-15,,,,,,,,,,,,,0.6,43.3,100.0,0.6
2017-12-16,,,,,,,,,,,,,1.4,48.1,100.0,1.4
2017-12-17,12.7,15.8,98.8,,,,,,,,,,47.6,59.6,100.0,47.6
2017-12-18,13.8,17.9,99.3,,,,,,,,,,67.5,61.5,100.0,67.5
2017-12-19,19.2,22.2,99.4,,,,,,,,,,96.3,69.9,100.0,96.3
2017-12-20,,,,,,,,,,,,,97.6,73.3,100.0,97.6
2017-12-21,,,,,,,,,,,,,99.6,79.9,100.0,99.6
2017-12-22,,,,,,,,,,,,,99.7,82.6,100.0,99.7
2017-12-23,22.2,27.1,98.4,99.5,94.4,100.0,,,,,,,99.8,86.6,100.0,99.8
2017-12-24,44.5,42.0,99.4,,,,,,,,,,99.8,85.5,100.0,99.8
2017-12-25,91.5,74.2,99.4,,,,,,,,,,99.9,88.3,100.0,99.9
2017-12-26,,,,,,,,,,,,,99.8,88.7,100.0,99.8
2017-12-27,,,,,,,,,,,,,99.9,91.0,100.0,99.9
2017-12-28,,,,,,,,,,,,,99.8,91.2,100.0,99.8
2017-12-29,99.9,87.9,98.7,,,,,,,,,,99.8,95.4,100.0,99.8
2017-12-30,100.0,93.8,99.4,,,,,,,,,,99.8,95.8,100.0,99.8
2017-12-31,100.0,96.0,99.3,,,,,,,,,,99.8,96.3,100.0,99.8
2018-01-01,,,,,,,,,,,,,100.0,95.7,100.0,100.0
2018-01-02,,,,,,,,,,,,,100.0,96.3,100.0,100.0
2018-01-03,,,,,,,,,,,,,100.0,96.3,100.0,100.0
2018-01-04,100.0,98.2,98.6,,,,,,,,,,100.0,97.5,100.0,100.0
2018-01-05,100.0,98.8,99.1,,,,,,,,,,100.0,97.4,100.0,100.0
2018-01-06,100.0,99.2,99.3,,,,,,,,,,100.0,98.4,100.0,100.0
2018-01-07,,,,,,,,,,,,,100.0,98.3,100.0,100.0
2018-01-08,,,,,,,,,,,,,100.0,98.9,100.0,100.0
2018-01-09,,,,,,,,,,,,,100.0,98.9,100.0,100.0
2018-01-10,100.0,99.4,98.5,,,,,,,,,,100.0,99.3,100.0,100.0
2018-01-11,100.0,99.6,99.2,,,,,,,,,,100.0,99.2,100.0,100.0
2018-01-12,100.0,99.6,99.3,100.0,99.9,100.0,100.0,99.8,95.4,,,,100.0,99.6,100.0,100.0
2018-01-13,,,,,,,,,,,,,100.0,99.2,100.0,100.0
2018-01-14,,,,,,,,,,,,,100.0,99.4,100.0,100.0
2018-01-15,,,,,,,,,,,,,100.0,99.3,100.0,100.0
2018-01-16,100.0,99.8,98.5,,,,,,,,,,100.0,99.5,100.0,100.0
2018-01-17,100.0,99.8,99.2,,,,,,,,,,100.0,99.4,100.0,100.0
2018-01-18,100.0,99.8,99.3,,,,,,,,,,100.0,99.5,100.0,100.0
2018-01-19,,,,,,,,,,,,,100.0,99.3,100.0,100.0
2018-01-20,,,,,,,,,,,,,100.0,99.2,100.0,100.0
2018-01-21,,,,,,,,,,,,,100.0,98.9,100.0,100.0
2018-01-22,100.0,99.8,98.5,,,,,,,,,,100.0,99.3,100.0,100.0
2018-01-23,100.0,99.9,99.1,,,,,,,,,,100.0,99.2,100.0,100.0
2018-01-24,100.0,99.9,99.2,,,,,,,,,,100.0,99.4,100.0,100.0
2018-01-25,,,,,,,,,,,,,100.0,99.4,100.0,100.0
2018-01-26,,,,,,,,,,,,,100.0,99.5,100.0,100.0
2018-01-27,,,,,,,,,,,,,100.0,99.5,100.0,100.0
2018-01-28,100.0,99.9,98.6,,,,100.0,100.0,93.0,,,,100.0,99.8,100.0,100.0
2018-01-29,100.0,99.9,99.1,,,,,,,,,,100.0,99.7,100.0,100.0
2018-01-30,100.0,99.9,99.3,,,,,,,,,,100.0,99.8,100.0,100.0
2018-01-31,,,,,,,,,,,,,100.0,99.7,100.0,100.0
2018-02-01,,,,,,,,,,,,,100.0,99.8,100.0,100.0
2018-02-02,,,,,,,,,,,,,100.0,99.8,100.0,100.0
2018-02-03,100.0,99.9,98.6,,,,,,,,,,100.0,99.9,100.0,100.0
2018-02-04,100.0,100.0,99.3,,,,100.0,100.0,97.7,,,,100.0,99.9,100.0,100.0
2018-02-05,100.0,100.0,99.3,,,,,,,,,,100.0,99.9,100.0,100.0
2018-02-06,,,,,,,,,,,,,100.0,99.9,100.0,100.0
2018-02-07,,,,,,,,,,,,,100.0,99.9,100.0,100.0
2018-02-08,,,,,,,,,,,,,100.0,99.9,100.0,100.0
2018-02-09,100.0,100.0,98.6,,,,,,,,,,100.0,99.9,100.0,100.0
2018-02-10,100.0,100.0,99.2,,,,,,,,,,100.0,99.9,100.0,100.0
2018-02-11,100.0,100.0,98.1,100.0,100.0,100.0,,,,,,,100.0,100.0,100.0,100.0
2018-02-12,,,,,,,,,,,,,100.0,100.0,100.0,100.0
2018-02-13,,,,,,,100.0,100.0,92.5,,,,100.0,100.0,100.0,100.0
2018-02-14,,,,,,,,,,,,,100.0,100.0,100.0,100.0
2018-02-15,100.0,100.0,97.5,,,,,,,,,,100.0,100.0,100.0,100.0
2018-02-16,100.0,100.0,98.0,100.0,100.0,88.1,,,,,,,100.0,100.0,100.0,100.0
2018-02-17,100.0,100.0,98.1,,,,,,,,,,100.0,100.0,100.0,100.0
2018-02-18,,,,,,,,,,,,,100.0,100.0,100.0,100.0
2018-02-19,,,,,,,,,,,,,100.0,100.0,100.0,100.0
2018-02-20,,,,,,,100.0,100.0,100.0,,,,100.0,100.0,100.0,100.0
2018-02-21,100.0,100.0,97.5,100.0,100.0,100.0,,,,,,,100.0,100.0,100.0,100.0
2018-02-22,100.0,100.0,98.0,,,,,,,,,,100.0,100.0,100.0,100.0
2018-02-23,100.0,100.0,98.1,,,,,,,,,,100.0,100.0,100.0,100.0
2018-02-24,,,,,,,,,,,,,100.0,100.0,100.0,100.0
2018-02-25,,,,,,,,,,,,,100.0,100.0,100.0,100.0
2018-02-26,,,,100.0,100.0,100.0,,,,,,,100.0,100.0,100.0,100.0
2018-02-27,100.0,100.0,97.3,,,,,,,,,,100.0,100.0,100.0,100.0
2018-02-28,100.0,100.0,98.0,,,,,,,,,,100.0,99.9,100.0,100.0
2018-03-01,100.0,100.0,98.1,,,,,,,,,,100.0,99.9,100.0,100.0
2018-03-02,,,,,,,,,,,,,100.0,99.9,100.0,100.0
2018-03-03,,,,,,,,,,,,,100.0,99.9,100.0,100.0
2018-03-04,,,,,,,,,,,,,100.0,99.9,100.0,100.0
2018-03-05,100.0,99.9,97.2,,,,,,,,,,100.0,99.9,100.0,100.0
2018-03-06,100.0,99.9,98.0,,,,,,,,,,100.0,99.9,100.0,100.0
2018-03-07,100.0,99.9,98.0,,,,,,,,,,100.0,99.9,100.0,100.0
2018-03-08,,,,100.0,100.0,100.0,100.0,100.0,97.7,,,,100.0,99.9,100.0,100.0
2018-03-09,,,,,,,,,,,,,100.0,99.9,100.0,100.0
2018-03-10,,,,,,,,,,,,,100.0,99.8,100.0,100.0
2018-03-11,100.0,99.8,97.2,,,,,,,,,,100.0,99.9,100.0,100.0
2018-03-12,100.0,99.8,98.0,,,,,,,,,,100.0,99.8,100.0,100.0
2018-03-13,100.0,99.8,98.1,100.0,100.0,95.1,,,,,,,100.0,99.8,100.0,100.0
2018-03-14,,,,,,,,,,,,,100.0,99.7,100.0,100.0
2018-03-15,,,,,,,,,,,,,100.0,99.7,100.0,100.0
2018-03-16,,,,,,,,,,,,,100.0,99.7,100.0,100.0
2018-03-17,100.0,99.8,97.5,,,,,,,,,,100.0,99.6,100.0,100.0
2018-03-18,100.0,99.5,98.0,,,,,,,,,,100.0,99.6,100.0,100.0
2018-03-19,100.0,99.1,98.1,,,,,,,,,,100.0,99.6,100.0,100.0
2018-03-20,,,,,,,,,,,,,100.0,99.6,100.0,100.0
2018-03-21,,,,,,,,,,,,,100.0,99.7,100.0,100.0
2018-03-22,,,,,,,,,,,,,100.0,99.7,100.0,100.0
2018-03-23,100.0,99.0,97.5,100.0,100.0,100.0,,,,,,,100.0,99.8,100.0,100.0
2018-03-24,100.0,98.2,98.0,,,,100.0,100.0,99.3,,,,100.0,99.8,100.0,100.0
2018-03-25,100.0,96.1,98.0,,,,,,,,,,100.0,99.8,100.0,100.0
2018-03-26,,,,,,,,,,,,,100.0,99.7,100.0,100.0
2018-03-27,,,,,,,,,,,,,100.0,99.7,100.0,100.0
2018-03-28,,,,100.0,100.0,100.0,,,,,,,100.0,99.8,100.0,100.0
2018-03-29,99.9,93.1,97.3,,,,,,,,,,100.0,99.7,100.0,100.0
2018-03-30,100.0,90.4,98.0,,,,,,,,,,100.0,99.7,100.0,100.0
2018-03-31,99.5,86.3,98.1,,,,,,,,,,100.0,99.7,100.0,100.0
2018-04-01,,,,,,,,,,,,,100.0,99.6,100.0,100.0
2018-04-02,,,,100.0,99.9,72.8,,,,,,,100.0,99.6,100.0,100.0
2018-04-03,,,,,,,,,,,,,100.0,99.4,100.0,100.0
2018-04-04,97.0,79.4,97.2,,,,,,,,,,100.0,99.3,100.0,100.0
2018-04-05,84.1,65.7,97.9,,,,,,,,,,100.0,99.2,100.0,100.0
2018-04-06,76.9,55.4,98.1,,,,,,,,,,100.0,99.1,100.0,100.0
2018-04-07,,,,100.0,99.9,100.0,,,,,,,100.0,99.1,100.0,100.0
2018-04-08,,,,,,,,,,,,,100.0,98.7,100.0,100.0
2018-04-09,,,,,,,,,,,,,100.0,98.5,100.0,100.0
2018-04-10,88.8,66.8,97.2,,,,,,,,,,100.0,98.5,100.0,100.0
2018-04-11,99.0,83.7,98.0,,,,,,,,,,100.0,98.3,100.0,100.0
2018-04-12,99.9,86.2,99.4,,,,,,,,,,100.0,98.2,100.0,100.0
2018-04-13,,,,,,,,,,,,,100.0,98.1,100.0,100.0
2018-04-14,,,,,,,,,,,,,100.0,98.2,100.0,100.0
2018-04-15,,,,,,,,,,,,,100.0,98.3,100.0,100.0
2018-04-16,100.0,92.7,98.4,,,,,,,,,,100.0,98.4,100.0,100.0
2018-04-17,100.0,92.9,99.3,100.0,99.2,100.0,,,,,,,100.0,98.7,100.0,100.0
2018-04-18,,,,,,,100.0,99.7,53.7,,,,100.0,98.5,100.0,100.0
2018-04-19,,,,,,,,,,,,,100.0,98.2,100.0,100.0
2018-04-20,,,,,,,,,,,,,100.0,98.3,100.0,100.0
2018-04-21,,,,,,,,,,,,,100.0,98.3,100.0,100.0
2018-04-22,100.0,93.5,98.5,99.7,97.0,100.0,,,,,,,100.0,98.5,100.0,100.0
2018-04-23,99.9,90.9,99.3,,,,,,,,,,100.0,97.6,100.0,100.0
2018-04-24,99.3,81.4,99.5,,,,,,,,,,100.0,97.4,100.0,100.0
2018-04-25,,,,,,,100.0,93.7,51.6,,,,100.0,96.7,100.0,100.0
2018-04-26,,,,,,,,,,,,,100.0,95.9,100.0,100.0
2018-04-27,,,,,,,,,,,,,99.8,93.9,100.0,99.8
2018-04-28,98.1,76.6,98.3,,,,,,,,,,99.7,92.9,100.0,99.7
2018-04-29,94.8,63.5,99.1,,,,,,,,,,99.3,88.5,100.0,99.3
2018-04-30,74.2,51.1,99.4,,,,,,,,,,97.7,82.6,100.0,97.7
2018-05-01,,,,,,,,,,,,,58.9,62.9,100.0,58.9
2018-05-02,,,,,,,,,,,,,34.9,54.4,100.0,34.9
2018-05-03,,,,,,,,,,,,,3.8,32.7,100.0,3.8
2018-05-04,14.0,29.1,98.5,,,,,,,,,,1.2,26.8,100.0,1.2
2018-05-05,3.7,14.8,99.4,,,,,,,,,,0.2,14.5,100.0,0.2
2018-05-06,0.6,6.2,99.3,,,,,,,,,,0.1,12.9,100.0,0.1
2018-05-07,,,,0.0,5.3,60.7,,,,,,,0.0,8.3,100.0,0.0
2018-05-08,,,,,,,,,,,,,0.0,6.7,100.0,0.0
2018-05-09,,,,,,,,,,,,,0.0,4.9,100.0,0.0
2018-05-10,0.7,5.7,98.6,,,,,,,,,,0.0,5.0,100.0,0.0
2018-05-11,0.1,3.3,99.3,,,,,,,,,,0.0,4.8,100.0,0.0
2018-05-12,0.0,3.4,99.4,,,,,,,,,,0.0,5.5,100.0,0.0
2018-05-13,,,,,,,,,,,,,0.0,5.5,100.0,0.0
2018-05-14,,,,,,,,,,,,,0.0,5.5,100.0,0.0
2018-05-15,,,,,,,,,,,,,0.0,6.4,100.0,0.0
2018-05-16,0.1,3.1,98.4,,,,,,,,,,0.0,6.5,100.0,0.0
2018-05-17,0.7,5.0,99.3,,,,,,,,,,0.0,6.8,100.0,0.0
2018-05-18,0.9,4.3,99.3,,,,,,,,,,0.0,6.0,100.0,0.0
2018-05-19,,,,,,,,,,,,,0.0,6.9,100.0,0.0
2018-05-20,,,,,,,,,,,,,0.0,6.3,100.0,0.0
2018-05-21,,,,,,,,,,,,,0.0,6.1,100.0,0.0
2018-05-22,0.4,2.3,98.1,,,,,,,,,,0.0,4.2,100.0,0.0
2018-05-23,0.0,0.9,99.2,,,,,,,,,,0.0,3.6,100.0,0.0
2018-05-24,0.0,0.8,99.4,,,,,,,,,,0.0,2.8,100.0,0.0
2018-05-25,,,,,,,,,,,,,0.0,3.3,100.0,0.0
2018-05-26,,,,,,,,,,,,,0.0,2.7,100.0,0.0
2018-05-27,,,,,,,0.2,1.3,43.9,,,,0.0,2.7,100.0,0.0
2018-05-28,0.0,0.7,98.5,,,,,,,,,,0.0,2.3,100.0,0.0
2018-05-29,0.0,0.8,99.3,,,,,,,,,,0.0,2.6,100.0,0.0
2018-05-30,0.0,0.6,99.4,,,,,,,,,,0.0,2.3,100.0,0.0
2018-05-31,,,,,,,,,,,,,0.0,2.4,100.0,0.0
2018-06-01,,,,,,,,,,,,,0.0,1.9,100.0,0.0
2018-06-02,,,,,,,,,,,,,0.0,2.0,100.0,0.0
2018-06-03,0.0,0.9,98.5,,,,,,,,,,0.0,2.1,100.0,0.0
2018-06-04,0.0,1.4,99.4,,,,,,,,,,0.0,2.6,100.0,0.0
2018-06-05,0.0,2.0,99.5,,,,,,,,,,0.0,2.6,100.0,0.0
2018-06-06,,,,0.0,1.2,98.2,,,,,,,0.0,3.5,100.0,0.0
2018-06-07,,,,,,,,,,,,,0.0,2.8,100.0,0.0
2018-06-08,,,,,,,,,,,,,0.0,2.8,100.0,0.0
2018-06-09,0.0,1.7,98.5,,,,,,,,,,0.0,2.7,100.0,0.0
2018-06-10,0.0,1.6,99.3,,,,,,,,,,0.0,2.6,100.0,0.0
2018-06-11,0.1,2.1,99.5,,,,,,,,,,0.0,2.3,100.0,0.0
2018-06-12,,,,,,,,,,,,,0.0,2.0,100.0,0.0
2018-06-13,,,,,,,,,,,,,0.0,2.2,100.0,0.0
2018-06-14,,,,,,,,,,,,,0.0,2.2,100.0,0.0
2018-06-15,0.4,3.6,98.5,,,,,,,,,,0.0,1.4,100.0,0.0
2018-06-16,0.8,5.1,99.4,0.0,0.0,99.8,,,,,,,0.0,1.1,100.0,0.0
2018-06-17,0.7,3.9,99.5,,,,,,,,,,0.0,1.2,100.0,0.0
2018-06-18,,,,,,,,,,,,,0.0,1.1,100.0,0.0
2018-06-19,,,,,,,,,,,,,0.0,0.9,100.0,0.0
2018-06-20,,,,,,,,,,,,,0.0,0.7,100.0,0.0
2018-06-21,0.8,4.7,98.5,,,,0.0,0.1,75.4,,,,0.0,0.7,100.0,0.0
2018-06-22,0.6,3.9,99.1,,,,,,,,,,0.0,0.7,100.0,0.0
2018-06-23,0.4,3.3,99.5,,,,,,,,,,0.0,0.6,100.0,0.0
2018-06-24,,,,,,,,,,,,,0.0,0.6,100.0,0.0
2018-06-25,,,,,,,,,,,,,0.0,0.7,100.0,0.0
2018-06-26,,,,0.0,0.0,100.0,,,,,,,0.0,0.5,100.0,0.0
2018-06-27,0.1,2.2,98.2,,,,,,,,,,0.0,0.5,100.0,0.0
2018-06-28,0.0,1.9,99.5,,,,,,,,,,0.0,0.6,100.0,0.0
2018-06-29,,,,,,,0.0,0.1,59.7,,,,0.0,0.8,100.0,0.0
2018-06-30,,,,,,,,,,,,,0.0,0.8,100.0,0.0
2018-07-01,,,,0.0,0.0,92.5,,,,,,,0.0,0.7,100.0,0.0
2018-07-02,,,,,,,,,,,,,0.0,0.8,100.0,0.0
2018-07-03,0.1,2.6,98.3,,,,,,,,,,0.0,0.9,100.0,0.0
2018-07-04,0.1,2.6,99.3,,,,,,,,,,0.0,1.0,100.0,0.0
2018-07-05,0.1,4.0,99.5,,,,,,,,,,0.0,1.0,100.0,0.0
2018-07-06,,,,,,,,,,,,,0.0,1.3,100.0,0.0
2018-07-07,,,,,,,,,,,,,0.0,1.9,100.0,0.0
2018-07-08,,,,,,,,,,,,,0.0,2.1,100.0,0.0
2018-07-09,0.4,5.0,98.4,,,,,,,,,,0.0,1.9,100.0,0.0
2018-07-10,0.4,7.1,99.3,,,,,,,,,,0.0,2.1,100.0,0.0
2018-07-11,0.5,6.3,99.4,0.0,0.0,98.1,,,,,,,0.0,1.9,100.0,0.0
2018-07-12,,,,,,,,,,,,,0.0,1.8,100.0,0.0
2018-07-13,,,,,,,,,,,,,0.0,1.6,100.0,0.0
2018-07-14,,,,,,,,,,,,,0.0,1.7,100.0,0.0
2018-07-15,1.5,9.6,98.5,,,,,,,,,,0.0,1.7,100.0,0.0
2018-07-16,0.9,5.3,99.0,0.0,0.0,87.1,,,,,,,0.0,0.8,100.0,0.0
2018-07-17,1.3,6.0,99.2,,,,,,,,,,0.0,0.7,100.0,0.0
2018-07-18,,,,,,,,,,,,,0.0,0.6,100.0,0.0
2018-07-19,,,,,,,,,,,,,0.0,0.5,100.0,0.0
2018-07-20,,,,,,,,,,,,,0.0,0.3,100.0,0.0
2018-07-21,1.4,5.3,98.1,,,,,,,,,,0.0,0.3,100.0,0.0
2018-07-22,2.2,7.2,99.1,,,,,,,,,,0.0,0.3,100.0,0.0
2018-07-23,1.1,4.2,99.4,,,,,,,,,,0.0,0.2,100.0,0.0
2018-07-24,,,,,,,,,,,,,0.0,0.1,100.0,0.0
2018-07-25,,,,,,,,,,,,,0.0,0.1,100.0,0.0
2018-07-26,,,,0.0,0.0,57.6,,,,,,,0.0,0.1,100.0,0.0
2018-07-27,0.3,2.3,98.2,,,,,,,,,,0.0,0.1,100.0,0.0
2018-07-28,0.1,1.3,99.3,,,,,,,,,,0.0,0.0,100.0,0.0
2018-07-29,0.0,1.4,99.4,,,,,,,,,,0.0,0.0,100.0,0.0
2018-07-30,,,,,,,0.0,0.0,99.9,,,,0.0,0.0,100.0,0.0
2018-07-31,,,,,,,,,,0.0,0.4,100.0,0.0,0.0,100.0,0.0
2018-08-01,,,,,,,,,,,,,0.0,0.0,100.0,0.0
2018-08-02,0.0,1.0,98.5,,,,,,,,,,0.0,0.0,100.0,0.0
2018-08-03,0.0,0.8,99.3,,,,,,,,,,0.0,0.1,100.0,0.0
2018-08-04,0.1,1.6,99.4,,,,,,,0.0,0.2,39.0,0.0,0.1,100.0,0.0
2018-08-05,,,,0.0,0.0,100.0,,,,,,,0.0,0.0,100.0,0.0
2018-08-06,,,,,,,,,,,,,0.0,0.1,100.0,0.0
2018-08-07,,,,,,,,,,,,,0.0,0.1,100.0,0.0
2018-08-08,0.0,2.2,98.6,,,,0.0,0.0,93.6,0.0,0.1,100.0,0.0,0.1,100.0,0.0
2018-08-09,0.2,6.4,99.4,,,,,,,,,,0.0,0.1,100.0,0.0
2018-08-10,1.2,11.7,99.4,,,,,,,0.0,0.0,98.1,0.0,0.1,100.0,0.0
2018-08-11,,,,,,,,,,0.0,0.0,100.0,0.0,0.1,100.0,0.0
2018-08-12,,,,,,,,,,,,,0.0,0.1,100.0,0.0
2018-08-13,,,,,,,,,,,,,0.0,0.1,100.0,0.0
2018-08-14,0.8,7.8,98.7,,,,,,,,,,0.0,0.1,100.0,0.0
2018-08-15,1.3,7.8,99.4,0.0,0.1,100.0,0.0,0.0,96.7,0.0,0.0,30.8,0.0,0.1,100.0,0.0
2018-08-16,2.0,9.8,99.5,,,,,,,,,,0.0,0.1,100.0,0.0
2018-08-17,,,,,,,,,,,,,0.0,0.2,100.0,0.0
2018-08-18,,,,,,,,,,,,,0.0,0.2,100.0,0.0
2018-08-19,,,,,,,,,,,,,0.0,0.3,100.0,0.0
2018-08-20,0.5,5.1,98.6,0.0,0.1,95.5,,,,,,,0.0,0.2,100.0,0.0
2018-08-21,0.4,3.3,99.3,,,,,,,0.0,0.0,100.0,0.0,0.3,100.0,0.0
2018-08-22,0.9,5.3,99.4,,,,,,,,,,0.0,0.4,100.0,0.0
2018-08-23,,,,,,,,,,,,,0.0,0.7,100.0,0.0
2018-08-24,,,,,,,,,,0.0,0.0,100.0,0.0,0.4,100.0,0.0
2018-08-25,,,,,,,,,,,,,0.0,0.5,100.0,0.0
2018-08-26,0.4,2.5,98.7,,,,,,,,,,0.0,0.5,100.0,0.0
2018-08-27,0.3,1.7,99.4,,,,,,,,,,0.0,0.6,100.0,0.0
2018-08-28,0.3,2.2,99.4,,,,,,,0.0,0.0,100.0,0.0,0.4,100.0,0.0
2018-08-29,,,,,,,,,,0.0,0.0,100.0,0.0,0.4,100.0,0.0
2018-08-30,,,,0.0,0.2,81.1,,,,,,,0.0,0.4,100.0,0.0
2018-08-31,,,,,,,,,,,,,0.0,0.3,100.0,0.0
2018-09-01,0.2,2.1,98.4,,,,,,,,,,0.0,0.3,100.0,0.0
2018-09-02,0.2,1.9,99.4,,,,,,,,,,0.0,0.4,100.0,0.0
2018-09-03,0.4,3.5,99.4,,,,,,,,,,0.0,0.3,100.0,0.0
2018-09-04,,,,0.0,0.1,91.6,,,,,,,0.0,0.2,100.0,0.0
2018-09-05,,,,,,,,,,,,,0.0,0.1,100.0,0.0
2018-09-06,,,,,,,,,,,,,0.0,0.1,100.0,0.0
2018-09-07,0.6,4.8,98.7,,,,,,,0.0,0.4,48.8,0.0,0.1,100.0,0.0
2018-09-08,1.7,8.7,99.3,,,,,,,0.0,0.3,100.0,0.0,0.1,100.0,0.0
2018-09-09,2.7,11.5,99.4,0.0,0.1,100.0,0.0,0.0,100.0,,,,0.0,0.1,100.0,0.0
2018-09-10,,,,,,,,,,,,,0.0,0.1,100.0,0.0
2018-09-11,,,,,,,,,,,,,0.0,0.1,100.0,0.0
2018-09-12,,,,,,,,,,0.0,0.3,81.4,0.0,0.1,100.0,0.0
2018-09-13,2.0,9.1,98.7,,,,,,,,,,0.0,0.2,100.0,0.0
2018-09-14,1.3,6.6,99.3,,,,,,,,,,0.0,0.2,100.0,0.0
2018-09-15,1.0,4.6,99.4,,,,,,,,,,0.0,0.2,100.0,0.0
2018-09-16,,,,,,,,,,,,,0.0,0.3,100.0,0.0
2018-09-17,,,,,,,,,,,,,0.0,0.4,100.0,0.0
2018-09-18,,,,,,,,,,,,,0.0,0.4,100.0,0.0
2018-09-19,0.1,1.8,98.7,0.0,0.1,61.7,,,,,,,0.0,0.3,100.0,0.0
2018-09-20,0.2,1.5,99.4,,,,,,,0.0,1.3,100.0,0.0,0.3,100.0,0.0
2018-09-21,0.2,1.7,99.5,,,,,,,,,,0.0,0.3,100.0,0.0
2018-09-22,,,,,,,,,,,,,0.0,0.3,100.0,0.0
2018-09-23,,,,,,,,,,,,,0.0,0.3,100.0,0.0
2018-09-24,,,,0.0,0.0,100.0,,,,0.0,3.1,100.0,0.0,0.3,100.0,0.0
2018-09-25,0.2,2.0,98.9,,,,0.0,0.0,100.0,,,,0.0,0.3,100.0,0.0
2018-09-26,0.2,2.8,99.4,,,,,,,,,,0.0,0.3,100.0,0.0
2018-09-27,0.5,5.4,99.4,,,,,,,,,,0.0,0.3,100.0,0.0
2018-09-28,,,,,,,,,,,,,0.0,0.4,100.0,0.0
2018-09-29,,,,0.0,0.1,98.7,,,,,,,0.0,0.5,100.0,0.0
2018-09-30,,,,,,,,,,,,,0.0,0.5,100.0,0.0
2018-10-01,0.9,7.3,98.8,,,,,,,,,,0.0,0.6,100.0,0.0
2018-10-02,0.7,6.1,99.4,,,,,,,,,,0.0,0.8,100.0,0.0
2018-10-03,0.1,3.6,99.5,,,,,,,,,,0.0,1.1,100.0,0.0
2018-10-04,,,,0.0,0.1,99.8,,,,,,,0.0,1.1,100.0,0.0
2018-10-05,,,,,,,,,,,,,0.0,1.1,100.0,0.0
2018-10-06,,,,,,,,,,,,,0.0,1.4,100.0,0.0
2018-10-07,0.1,3.9,98.8,,,,,,,,,,0.0,1.8,100.0,0.0
2018-10-08,0.0,1.9,99.4,,,,,,,,,,0.0,2.0,100.0,0.0
2018-10-09,0.0,1.7,99.5,0.0,0.1,99.9,,,,,,,0.0,1.7,100.0,0.0
2018-10-10,,,,,,,,,,,,,0.0,2.2,100.0,0.0
2018-10-11,,,,,,,,,,,,,0.0,3.4,100.0,0.0
2018-10-12,,,,,,,,,,,,,0.0,4.2,100.0,0.0
2018-10-13,0.0,1.3,98.9,,,,,,,,,,0.0,3.9,100.0,0.0
2018-10-14,0.0,1.6,99.5,0.0,0.1,100.0,,,,,,,0.0,4.1,100.0,0.0
2018-10-15,0.0,1.1,99.5,,,,,,,,,,0.0,4.1,100.0,0.0
2018-10-16,,,,,,,,,,,,,0.0,4.7,100.0,0.0
2018-10-17,,,,,,,,,,,,,0.0,4.6,100.0,0.0
2018-10-18,,,,,,,,,,,,,0.0,4.6,100.0,0.0
2018-10-19,0.0,1.6,98.8,0.0,0.1,99.9,,,,,,,0.0,3.7,100.0,0.0
2018-10-20,0.0,1.1,99.4,,,,,,,,,,0.0,4.1,100.0,0.0
2018-10-21,0.1,1.6,99.5,,,,,,,,,,0.0,4.2,100.0,0.0
2018-10-22,,,,,,,,,,,,,0.0,4.5,100.0,0.0
2018-10-23,,,,,,,,,,,,,0.0,4.1,100.0,0.0
2018-10-24,,,,0.0,0.1,47.0,,,,,,,0.0,4.4,100.0,0.0
2018-10-25,0.1,1.8,98.8,,,,,,,,,,0.0,3.9,100.0,0.0
2018-10-26,0.1,1.5,99.5,,,,,,,,,,0.0,4.0,100.0,0.0
2018-10-27,0.1,1.1,98.8,,,,,,,,,,0.0,4.1,100.0,0.0
2018-10-28,,,,,,,,,,,,,0.0,4.9,100.0,0.0
2018-10-29,,,,,,,,,,,,,0.0,3.7,100.0,0.0
2018-10-30,,,,,,,,,,,,,0.0,4.2,100.0,0.0
2018-10-31,0.1,1.9,98.2,,,,,,,,,,0.0,3.9,100.0,0.0
2018-11-01,0.2,2.3,98.7,,,,,,,,,,0.0,4.9,100.0,0.0
2018-11-02,0.3,3.2,98.8,,,,,,,,,,0.0,5.0,100.0,0.0
2018-11-03,,,,,,,,,,,,,0.0,5.8,100.0,0.0
2018-11-04,,,,,,,,,,,,,0.0,5.5,100.0,0.0
2018-11-05,,,,,,,,,,,,,0.0,6.3,100.0,0.0
2018-11-06,2.0,8.3,98.1,,,,,,,,,,0.0,6.5,100.0,0.0
2018-11-07,5.6,15.5,98.8,,,,,,,,,,0.0,7.4,100.0,0.0
2018-11-08,14.4,24.2,98.8,,,,,,,,,,0.0,6.7,100.0,0.0
2018-11-09,,,,,,,,,,,,,0.0,6.3,100.0,0.0
2018-11-10,,,,,,,,,,,,,0.0,6.1,100.0,0.0
2018-11-11,,,,,,,,,,,,,0.0,6.7,100.0,0.0
2018-11-12,9.6,17.1,98.0,,,,0.0,0.1,67.1,,,,0.0,5.8,100.0,0.0
2018-11-13,2.7,8.9,98.7,,,,,,,,,,0.0,5.3,100.0,0.0
2018-11-14,1.9,8.0,98.7,,,,,,,,,,0.0,4.6,100.0,0.0
2018-11-15,,,,,,,,,,,,,0.0,5.0,100.0,0.0
2018-11-16,,,,,,,,,,,,,0.0,5.6,100.0,0.0
2018-11-17,,,,,,,,,,,,,0.0,5.9,100.0,0.0
2018-11-18,1.2,6.1,98.3,0.0,0.1,99.9,,,,,,,0.0,5.5,100.0,0.0
2018-11-19,0.3,3.4,98.8,,,,,,,,,,0.0,6.2,100.0,0.0
2018-11-20,0.1,2.8,98.8,,,,,,,,,,0.0,6.5,100.0,0.0
2018-11-21,,,,,,,,,,,,,0.0,7.3,100.0,0.0
2018-11-22,,,,,,,,,,,,,0.0,6.1,100.0,0.0
2018-11-23,,,,,,,,,,,,,0.0,6.2,100.0,0.0
2018-11-24,0.1,2.6,97.7,,,,,,,,,,0.0,5.8,100.0,0.0
2018-11-25,0.2,4.1,98.8,,,,,,,,,,0.0,6.2,100.0,0.0
2018-11-26,0.3,5.9,98.8,,,,,,,,,,0.0,5.7,100.0,0.0
2018-11-27,,,,,,,,,,,,,0.0,6.6,100.0,0.0
2018-11-28,,,,0.0,0.3,100.0,0.0,0.7,85.6,,,,0.0,6.2,100.0,0.0
2018-11-29,,,,,,,,,,,,,0.0,7.3,100.0,0.0
2018-11-30,0.2,3.4,98.2,,,,,,,,,,0.0,5.9,100.0,0.0
2018-12-01,0.4,2.6,98.7,,,,,,,,,,0.0,6.4,100.0,0.0
2018-12-02,0.1,1.9,98.8,,,,,,,,,,0.0,7.0,100.0,0.0
2018-12-03,,,,,,,,,,,,,0.0,7.9,100.0,0.0
2018-12-04,,,,,,,,,,,,,0.0,7.5,100.0,0.0
2018-12-05,,,,,,,,,,,,,0.0,8.7,100.0,0.0
2018-12-06,0.0,1.6,97.8,,,,,,,,,,0.0,10.9,100.0,0.0
2018-12-07,0.2,1.3,98.8,,,,,,,,,,0.0,12.9,100.0,0.0
2018-12-08,0.3,1.7,98.8,0.0,2.9,100.0,,,,,,,0.0,11.5,100.0,0.0
2018-12-09,,,,,,,,,,,,,0.0,11.2,100.0,0.0
2018-12-10,,,,,,,,,,,,,0.0,13.1,100.0,0.0
2018-12-11,,,,,,,,,,,,,0.0,12.7,100.0,0.0
2018-12-12,0.3,1.2,98.2,,,,,,,,,,0.0,13.7,100.0,0.0
2018-12-13,0.6,1.7,98.7,2.7,10.1,100.0,,,,,,,0.0,12.9,100.0,0.0
2018-12-14,0.0,2.0,98.1,,,,0.6,7.1,99.3,,,,0.1,17.7,100.0,0.1
2018-12-15,,,,,,,,,,,,,0.1,17.2,100.0,0.1
2018-12-16,,,,,,,,,,,,,0.1,17.4,100.0,0.1
2018-12-17,,,,,,,,,,,,,0.1,14.5,100.0,0.1
2018-12-18,0.1,4.2,98.3,3.9,14.6,100.0,,,,,,,0.1,17.3,100.0,0.1
2018-12-19,0.1,4.8,98.0,,,,,,,,,,0.1,14.6,100.0,0.1
2018-12-20,0.5,7.5,98.4,,,,,,,,,,0.1,15.4,100.0,0.1
2018-12-21,,,,,,,,,,,,,0.1,13.5,100.0,0.1
2018-12-22,,,,,,,,,,,,,0.1,16.8,100.0,0.1
2018-12-23,,,,9.8,23.9,95.7,,,,,,,0.0,14.3,100.0,0.0
2018-12-24,2.6,7.7,98.5,,,,,,,,,,0.2,16.7,100.0,0.2
2018-12-25,8.7,11.1,98.7,,,,,,,,,,0.0,14.0,100.0,0.0
2018-12-26,9.6,13.8,98.9,,,,,,,,,,0.1,15.9,100.0,0.1
2018-12-27,,,,,,,,,,,,,0.1,15.0,100.0,0.1
2018-12-28,,,,34.3,33.1,60.9,,,,,,,0.3,17.2,100.0,0.3
2018-12-29,,,,,,,,,,,,,0.1,15.1,100.0,0.1
2018-12-30,15.8,18.7,98.6,,,,,,,,,,0.5,19.9,100.0,0.5
2018-12-31,15.5,19.1,98.6,,,,,,,,,,0.5,18.6,100.0,0.5
2019-01-01,1.8,10.3,81.1,,,,,,,,,,0.9,24.8,100.0,0.9
2019-01-02,,,,,,,,,,,,,0.8,23.1,100.0,0.8
2019-01-03,,,,,,,,,,,,,3.5,30.4,100.0,3.5
2019-01-04,,,,,,,,,,,,,5.0,29.8,100.0,5.0
2019-01-05,19.0,22.8,98.6,,,,,,,,,,14.5,38.4,100.0,14.5
2019-01-06,21.2,25.8,99.3,,,,,,,,,,13.8,36.1,100.0,13.8
2019-01-07,34.5,34.6,98.9,79.3,75.5,100.0,,,,,,,29.5,46.6,100.0,29.5
2019-01-08,,,,,,,,,,,,,30.1,47.5,100.0,30.1
2019-01-09,,,,,,,,,,,,,50.4,57.4,100.0,50.4
2019-01-10,,,,,,,,,,,,,40.0,53.6,100.0,40.0
2019-01-11,43.2,37.9,98.7,,,,,,,,,,65.9,65.7,100.0,65.9
2019-01-12,54.8,44.4,99.0,98.9,80.6,36.3,,,,,,,66.7,66.3,100.0,66.7
2019-01-13,65.7,52.1,98.4,,,,,,,,,,81.3,71.9,100.0,81.3
2019-01-14,,,,,,,,,,,,,83.2,71.3,100.0,83.2
2019-01-15,,,,,,,99.8,94.9,85.5,,,,95.3,78.9,100.0,95.3
2019-01-16,,,,,,,,,,,,,98.7,82.1,100.0,98.7
2019-01-17,70.2,55.2,98.5,,,,,,,,,,99.3,86.2,100.0,99.3
2019-01-18,79.1,60.7,98.2,,,,,,,,,,99.9,88.8,100.0,99.9
2019-01-19,70.3,55.4,98.6,,,,,,,,,,99.9,91.2,100.0,99.9
2019-01-20,,,,,,,,,,,,,100.0,93.1,100.0,100.0
2019-01-21,,,,,,,,,,,,,100.0,92.8,100.0,100.0
2019-01-22,,,,100.0,99.7,100.0,100.0,100.0,97.9,,,,100.0,96.0,100.0,100.0
2019-01-23,63.5,52.4,98.4,,,,,,,,,,100.0,95.7,100.0,100.0
2019-01-24,71.7,55.2,98.6,,,,,,,,,,100.0,97.0,100.0,100.0
2019-01-25,88.0,67.4,98.5,,,,,,,,,,100.0,97.2,100.0,100.0
2019-01-26,,,,,,,,,,,,,100.0,97.3,100.0,100.0
2019-01-27,,,,,,,,,,,,,100.0,97.3,100.0,100.0
2019-01-28,,,,,,,,,,96.6,77.6,100.0,100.0,97.9,100.0,100.0
2019-01-29,94.3,73.2,98.3,,,,,,,,,,100.0,98.3,100.0,100.0
2019-01-30,97.0,78.9,98.1,,,,,,,,,,100.0,97.9,100.0,100.0
2019-01-31,99.7,84.2,98.7,,,,,,,95.3,75.2,100.0,100.0,98.4,100.0,100.0
2019-02-01,,,,,,,,,,,,,100.0,98.4,100.0,100.0
2019-02-02,,,,,,,,,,,,,100.0,98.9,100.0,100.0
2019-02-03,,,,,,,,,,,,,100.0,98.6,100.0,100.0
2019-02-04,100.0,89.5,98.2,,,,,,,,,,100.0,98.9,100.0,100.0
2019-02-05,100.0,93.5,98.1,,,,,,,,,,100.0,99.0,100.0,100.0
2019-02-06,100.0,93.8,97.9,99.7,99.7,99.9,,,,,,,100.0,99.3,100.0,100.0
2019-02-07,,,,,,,,,,,,,100.0,99.0,100.0,100.0
2019-02-08,,,,,,,,,,,,,100.0,99.1,100.0,100.0
2019-02-09,,,,,,,,,,,,,100.0,99.0,100.0,100.0
2019-02-10,100.0,96.2,98.1,,,,,,,,,,100.0,99.4,100.0,100.0
2019-02-11,100.0,97.7,97.8,,,,,,,100.0,88.7,65.3,100.0,99.3,100.0,100.0
2019-02-12,,,,,,,,,,,,,100.0,99.5,100.0,100.0
2019-02-13,,,,,,,,,,97.4,81.7,100.0,100.0,99.7,100.0,100.0
2019-02-14,,,,,,,,,,95.0,80.0,100.0,100.0,99.8,100.0,100.0
2019-02-15,,,,,,,,,,98.5,84.8,100.0,100.0,99.8,100.0,100.0
2019-02-16,100.0,99.2,98.2,100.0,100.0,100.0,100.0,100.0,97.4,,,,100.0,99.9,100.0,100.0
2019-02-17,100.0,99.6,98.1,,,,,,,99.1,84.7,100.0,100.0,99.9,100.0,100.0
2019-02-18,100.0,99.8,98.0,,,,,,,97.2,87.5,100.0,100.0,99.9,100.0,100.0
2019-02-19,,,,,,,,,,,,,100.0,99.9,100.0,100.0
2019-02-20,,,,,,,,,,99.1,89.8,100.0,100.0,99.9,100.0,100.0
2019-02-21,,,,100.0,100.0,100.0,,,,100.0,93.9,100.0,100.0,99.9,100.0,100.0
2019-02-22,100.0,99.9,98.0,,,,,,,100.0,95.0,100.0,100.0,99.9,100.0,100.0
2019-02-23,100.0,99.9,98.5,,,,100.0,100.0,93.6,,,,100.0,99.9,100.0,100.0
2019-02-24,100.0,99.9,98.5,,,,,,,99.9,92.6,100.0,100.0,99.9,100.0,100.0
2019-02-25,,,,,,,,,,100.0,95.8,100.0,100.0,99.9,100.0,100.0
2019-02-26,,,,,,,,,,,,,100.0,99.9,100.0,100.0
2019-02-27,,,,,,,,,,,,,100.0,99.9,100.0,100.0
2019-02-28,,,,,,,,,,98.5,91.4,100.0,100.0,99.9,100.0,100.0
2019-03-01,100.0,99.9,98.3,,,,,,,,,,100.0,99.9,100.0,100.0
2019-03-02,100.0,99.9,98.1,,,,,,,,,,100.0,99.9,100.0,100.0
2019-03-03,,,,100.0,100.0,100.0,,,,,,,100.0,99.9,100.0,100.0
2019-03-04,,,,,,,100.0,100.0,82.6,98.5,88.1,100.0,100.0,99.9,100.0,100.0
2019-03-05,,,,,,,,,,,,,100.0,99.9,100.0,100.0
2019-03-06,100.0,99.9,98.1,,,,,,,,,,100.0,99.9,100.0,100.0
2019-03-07,100.0,99.9,98.5,,,,,,,95.5,78.3,100.0,100.0,99.9,100.0,100.0
2019-03-08,100.0,99.9,98.3,100.0,100.0,94.7,,,,96.8,75.8,100.0,100.0,99.9,100.0,100.0
2019-03-09,,,,,,,,,,,,,100.0,99.9,100.0,100.0
2019-03-10,,,,,,,,,,,,,100.0,99.9,100.0,100.0
2019-03-11,,,,,,,,,,,,,100.0,99.8,100.0,100.0
2019-03-12,100.0,99.9,98.4,,,,,,,,,,100.0,99.9,100.0,100.0
2019-03-13,99.9,99.8,99.4,,,,,,,,,,100.0,99.8,100.0,100.0
2019-03-14,100.0,99.8,99.2,,,,,,,,,,100.0,99.8,100.0,100.0
2019-03-15,,,,,,,,,,,,,100.0,99.7,100.0,100.0
2019-03-16,,,,,,,,,,,,,100.0,99.7,100.0,100.0
2019-03-17,,,,,,,,,,,,,100.0,99.7,100.0,100.0
2019-03-18,100.0,99.9,99.0,,,,,,,,,,100.0,99.8,100.0,100.0
2019-03-19,100.0,99.8,99.0,,,,,,,,,,100.0,99.8,100.0,100.0
2019-03-20,100.0,99.8,98.9,,,,100.0,100.0,80.7,,,,100.0,99.8,100.0,100.0
2019-03-21,,,,,,,,,,,,,100.0,99.7,100.0,100.0
2019-03-22,,,,,,,,,,,,,100.0,99.7,100.0,100.0
2019-03-23,,,,100.0,100.0,100.0,,,,,,,100.0,99.8,100.0,100.0
2019-03-24,100.0,99.7,98.4,,,,,,,,,,100.0,99.7,100.0,100.0
2019-03-25,100.0,99.3,98.7,,,,,,,,,,100.0,99.7,100.0,100.0
2019-03-26,100.0,98.9,98.5,,,,,,,,,,100.0,99.7,100.0,100.0
2019-03-27,,,,,,,100.0,99.9,74.1,,,,100.0,99.6,100.0,100.0
2019-03-28,,,,100.0,99.8,100.0,,,,,,,100.0,99.7,100.0,100.0
2019-03-29,,,,,,,,,,,,,100.0,99.4,100.0,100.0
2019-03-30,100.0,98.6,98.7,,,,,,,,,,100.0,99.4,100.0,100.0
2019-03-31,100.0,98.0,98.7,,,,,,,,,,100.0,99.3,100.0,100.0
2019-04-01,100.0,96.4,98.5,,,,,,,,,,100.0,99.2,100.0,100.0
2019-04-02,,,,99.9,99.4,100.0,,,,,,,100.0,99.0,100.0,100.0
2019-04-03,,,,,,,,,,,,,100.0,98.8,100.0,100.0
2019-04-04,,,,,,,,,,,,,100.0,98.2,100.0,100.0
2019-04-05,100.0,95.0,98.6,,,,,,,,,,100.0,98.3,100.0,100.0
2019-04-06,99.9,90.7,99.3,,,,,,,,,,99.9,98.0,100.0,99.9
2019-04-07,99.9,87.1,98.6,,,,,,,,,,99.9,98.1,100.0,99.9
2019-04-08,,,,,,,,,,,,,99.8,97.7,100.0,99.8
2019-04-09,,,,,,,,,,,,,99.8,97.9,100.0,99.8
2019-04-10,,,,,,,,,,,,,99.7,97.0,100.0,99.7
2019-04-11,99.9,87.3,98.3,,,,,,,,,,99.8,97.6,100.0,99.8
2019-04-12,100.0,90.9,98.6,,,,,,,,,,99.8,97.3,100.0,99.8
2019-04-13,100.0,89.6,98.2,,,,,,,,,,99.8,97.7,100.0,99.8
2019-04-14,,,,,,,,,,,,,99.8,96.7,100.0,99.8
2019-04-15,,,,,,,,,,,,,99.8,97.5,100.0,99.8
2019-04-16,,,,,,,,,,,,,99.8,97.1,100.0,99.8
2019-04-17,100.0,92.2,98.5,100.0,99.6,100.0,,,,,,,99.9,98.1,100.0,99.9
2019-04-18,,,,,,,,,,,,,99.9,97.1,100.0,99.9
2019-04-19,100.0,91.0,98.3,,,,,,,,,,100.0,97.8,100.0,100.0
2019-04-20,,,,,,,,,,,,,99.9,97.1,100.0,99.9
2019-04-21,,,,,,,100.0,100.0,51.0,,,,100.0,97.7,100.0,100.0
2019-04-22,,,,,,,,,,,,,100.0,97.0,100.0,100.0
2019-04-23,100.0,94.5,98.2,,,,,,,,,,100.0,97.7,100.0,100.0
2019-04-24,100.0,93.8,98.6,,,,,,,,,,100.0,97.0,100.0,100.0
2019-04-25,,,,,,,,,,,,,99.9,96.4,100.0,99.9
2019-04-26,,,,,,,,,,,,,99.9,95.3,100.0,99.9
2019-04-27,,,,99.6,98.7,61.5,,,,,,,99.9,95.9,100.0,99.9
2019-04-28,,,,,,,,,,,,,99.7,95.1,100.0,99.7
2019-04-29,99.9,93.3,98.5,,,,,,,,,,99.9,95.3,100.0,99.9
2019-04-30,100.0,91.1,98.4,,,,,,,,,,99.6,94.2,100.0,99.6
2019-05-01,99.9,92.7,98.5,,,,,,,,,,99.7,94.3,100.0,99.7
2019-05-02,,,,98.0,88.0,69.6,,,,,,,99.6,93.2,100.0,99.6
2019-05-03,,,,,,,,,,,,,99.5,91.5,100.0,99.5
2019-05-04,,,,,,,,,,,,,99.3,90.0,100.0,99.3
2019-05-05,99.9,91.6,98.5,,,,,,,,,,99.6,91.0,100.0,99.6
2019-05-06,99.6,81.9,98.5,,,,,,,,,,99.4,88.3,100.0,99.4
2019-05-07,89.5,64.8,98.4,,,,99.2,97.3,88.5,,,,99.7,88.9,100.0,99.7
2019-05-08,,,,,,,,,,,,,98.9,82.4,100.0,98.9
2019-05-09,,,,,,,,,,,,,98.9,80.9,100.0,98.9
2019-05-10,,,,,,,,,,,,,83.8,69.6,100.0,83.8
2019-05-11,54.3,45.3,98.4,,,,,,,,,,71.1,65.6,100.0,71.1
2019-05-12,21.5,26.5,98.4,,,,,,,,,,27.9,50.4,100.0,27.9
2019-05-13,2.6,10.1,98.4,,,,,,,,,,16.0,44.0,100.0,16.0
2019-05-14,,,,,,,0.4,14.7,44.2,,,,2.4,30.2,100.0,2.4
2019-05-15,,,,,,,,,,,,,0.7,20.5,100.0,0.7
2019-05-16,,,,,,,,,,,,,0.1,13.3,100.0,0.1
2019-05-17,1.1,4.3,98.3,,,,,,,,,,0.1,9.1,100.0,0.1
2019-05-18,1.1,3.7,98.5,,,,,,,,,,0.0,5.3,100.0,0.0
2019-05-19,1.1,2.5,98.6,,,,,,,,,,0.0,3.8,100.0,0.0
2019-05-20,,,,,,,,,,,,,0.0,3.8,100.0,0.0
2019-05-21,,,,,,,,,,,,,0.0,3.5,100.0,0.0
2019-05-22,,,,,,,,,,,,,0.0,3.6,100.0,0.0
2019-05-23,1.1,2.8,98.4,,,,0.4,4.4,77.4,,,,0.0,3.0,100.0,0.0
2019-05-24,0.3,1.8,98.5,,,,,,,,,,0.0,3.2,100.0,0.0
2019-05-25,0.7,2.6,98.4,,,,,,,,,,0.0,2.7,100.0,0.0
2019-05-26,,,,,,,,,,,,,0.0,2.7,100.0,0.0
2019-05-27,,,,,,,,,,,,,0.0,2.5,100.0,0.0
2019-05-28,,,,,,,,,,,,,0.0,2.6,100.0,0.0
2019-05-29,0.3,1.6,98.4,,,,,,,,,,0.0,2.3,100.0,0.0
2019-05-30,0.2,1.6,98.5,,,,,,,,,,0.0,2.3,100.0,0.0
2019-05-31,0.1,1.5,98.6,,,,,,,,,,0.0,2.2,100.0,0.0
2019-06-01,,,,0.0,3.0,100.0,,,,,,,0.0,2.2,100.0,0.0
2019-06-02,,,,,,,,,,,,,0.0,1.4,100.0,0.0
2019-06-03,,,,,,,,,,,,,0.0,1.3,100.0,0.0
2019-06-04,0.3,2.0,98.2,,,,,,,,,,0.0,1.0,100.0,0.0
2019-06-05,0.6,2.6,98.6,,,,,,,,,,0.0,1.0,100.0,0.0
2019-06-06,0.6,3.1,98.4,,,,,,,,,,0.0,1.1,100.0,0.0
2019-06-07,,,,,,,,,,,,,0.0,1.2,100.0,0.0
2019-06-08,,,,,,,0.1,0.3,89.5,,,,0.0,1.0,100.0,0.0
2019-06-09,,,,,,,,,,,,,0.0,1.3,100.0,0.0
2019-06-10,0.7,4.7,98.4,,,,,,,,,,0.0,1.0,100.0,0.0
2019-06-11,0.6,5.5,98.6,,,,,,,,,,0.0,0.9,100.0,0.0
2019-06-12,0.8,6.4,98.6,,,,,,,0.0,8.5,39.4,0.0,0.9,100.0,0.0
2019-06-13,,,,,,,,,,0.0,7.4,55.8,0.0,1.1,100.0,0.0
2019-06-14,,,,,,,,,,,,,0.0,1.1,100.0,0.0
2019-06-15,,,,,,,,,,,,,0.0,1.0,100.0,0.0
2019-06-16,0.9,6.5,98.5,0.0,0.1,100.0,,,,,,,0.0,0.8,100.0,0.0
2019-06-17,1.4,8.8,98.4,,,,,,,,,,0.0,0.8,100.0,0.0
2019-06-18,1.7,8.0,98.4,,,,,,,,,,0.0,0.5,100.0,0.0
2019-06-19,,,,,,,,,,0.0,4.3,100.0,0.0,0.4,100.0,0.0
2019-06-20,,,,,,,,,,,,,0.0,0.4,100.0,0.0
2019-06-21,,,,,,,,,,,,,0.0,0.4,100.0,0.0
2019-06-22,2.6,10.7,98.5,,,,,,,,,,0.0,0.4,100.0,0.0
2019-06-23,1.6,6.1,99.1,,,,,,,0.0,1.9,100.0,0.0,0.4,100.0,0.0
2019-06-24,,,,,,,0.0,0.0,96.9,0.0,1.0,100.0,0.0,0.3,100.0,0.0
2019-06-25,,,,,,,,,,,,,0.0,0.3,100.0,0.0
2019-06-26,,,,0.0,0.0,100.0,,,,,,,0.0,0.3,100.0,0.0
2019-06-27,,,,,,,,,,0.0,0.3,100.0,0.0,0.3,100.0,0.0
2019-06-28,1.4,5.7,98.4,,,,,,,0.0,0.1,100.0,0.0,0.4,100.0,0.0
2019-06-29,1.4,5.2,98.8,,,,,,,,,,0.0,0.5,100.0,0.0
2019-06-30,0.4,3.0,98.5,,,,,,,0.0,0.1,100.0,0.0,0.5,100.0,0.0
2019-07-01,,,,,,,,,,0.0,0.0,100.0,0.0,0.7,100.0,0.0
2019-07-02,,,,,,,,,,0.0,0.0,100.0,0.0,0.9,100.0,0.0
2019-07-03,,,,,,,,,,,,,0.0,1.3,100.0,0.0
2019-07-04,0.5,3.1,98.7,,,,,,,,,,0.0,1.4,100.0,0.0
2019-07-05,0.2,1.9,99.0,,,,,,,,,,0.0,1.5,100.0,0.0
2019-07-06,0.1,1.9,98.7,0.0,0.0,78.5,,,,0.0,0.0,100.0,0.0,1.4,100.0,0.0
2019-07-07,,,,,,,,,,,,,0.0,1.8,100.0,0.0
2019-07-08,,,,,,,,,,,,,0.0,1.6,100.0,0.0
2019-07-09,,,,,,,,,,0.0,0.0,100.0,0.0,1.6,100.0,0.0
2019-07-10,0.0,1.5,98.5,,,,,,,0.0,0.0,100.0,0.0,1.6,100.0,0.0
2019-07-11,0.0,1.4,98.8,,,,,,,,,,0.0,1.6,100.0,0.0
2019-07-12,0.0,1.7,98.9,,,,,,,,,,0.0,0.8,100.0,0.0
2019-07-13,,,,,,,,,,,,,0.0,0.8,100.0,0.0
2019-07-14,,,,,,,,,,,,,0.0,1.0,100.0,0.0
2019-07-15,,,,,,,,,,,,,0.0,0.9,100.0,0.0
2019-07-16,0.0,1.0,98.5,0.0,0.0,100.0,,,,,,,0.0,0.5,100.0,0.0
2019-07-17,0.0,0.9,98.8,,,,0.0,0.0,52.6,,,,0.0,0.5,100.0,0.0
2019-07-18,0.0,0.8,98.9,,,,,,,,,,0.0,0.4,100.0,0.0
2019-07-19,,,,,,,,,,,,,0.0,0.4,100.0,0.0
2019-07-20,,,,,,,,,,,,,0.0,0.2,100.0,0.0
2019-07-21,,,,0.0,0.1,81.7,,,,,,,0.0,0.2,100.0,0.0
2019-07-22,0.0,0.9,98.6,,,,,,,,,,0.0,0.1,100.0,0.0
2019-07-23,0.0,0.9,98.7,,,,,,,0.0,0.0,100.0,0.0,0.1,100.0,0.0
2019-07-24,0.0,1.0,98.8,,,,,,,,,,0.0,0.1,100.0,0.0
2019-07-25,,,,,,,,,,,,,0.0,0.1,100.0,0.0
2019-07-26,,,,0.0,0.1,92.7,0.0,0.0,96.6,,,,0.0,0.1,100.0,0.0
2019-07-27,,,,,,,,,,,,,0.0,0.2,100.0,0.0
2019-07-28,0.0,1.2,98.3,,,,,,,,,,0.0,0.1,100.0,0.0
2019-07-29,0.1,1.1,98.9,,,,,,,,,,0.0,0.1,100.0,0.0
2019-07-30,0.0,1.3,98.8,,,,,,,,,,0.0,0.1,100.0,0.0
2019-07-31,,,,,,,,,,,,,0.0,0.1,100.0,0.0
2019-08-01,,,,,,,,,,,,,0.0,0.1,100.0,0.0
2019-08-02,,,,,,,,,,,,,0.0,0.2,100.0,0.0
2019-08-03,0.0,1.5,98.5,,,,,,,,,,0.0,0.2,100.0,0.0
2019-08-04,0.1,1.7,98.6,,,,,,,0.0,0.0,100.0,0.0,0.1,100.0,0.0
2019-08-05,0.1,2.6,98.6,0.0,0.1,99.0,,,,,,,0.0,0.1,100.0,0.0
2019-08-06,,,,,,,,,,0.0,0.0,30.6,0.0,0.1,100.0,0.0
2019-08-07,,,,,,,,,,,,,0.0,0.1,100.0,0.0
2019-08-08,,,,,,,,,,,,,0.0,0.1,100.0,0.0
2019-08-09,0.5,4.2,98.4,,,,,,,0.0,0.0,100.0,0.0,0.0,100.0,0.0
2019-08-10,0.5,3.3,98.6,,,,,,,,,,0.0,0.0,100.0,0.0
2019-08-11,0.7,2.9,98.4,,,,0.0,0.0,97.5,0.0,0.0,40.6,0.0,0.0,100.0,0.0
2019-08-12,,,,,,,,,,,,,0.0,0.0,100.0,0.0
2019-08-13,,,,,,,,,,,,,0.0,0.0,100.0,0.0
2019-08-14,,,,,,,,,,,,,0.0,0.0,100.0,0.0
2019-08-15,1.1,3.5,98.4,0.0,0.1,50.0,,,,,,,0.0,0.0,100.0,0.0
2019-08-16,0.8,3.1,98.7,,,,,,,,,,0.0,0.0,100.0,0.0
2019-08-17,1.1,3.9,98.6,,,,,,,0.0,0.0,100.0,0.0,0.0,100.0,0.0
2019-08-18,,,,,,,0.0,0.0,99.8,0.0,0.0,100.0,0.0,0.0,100.0,0.0
2019-08-19,,,,,,,,,,,,,0.0,0.0,100.0,0.0
2019-08-20,,,,,,,,,,,,,0.0,0.0,100.0,0.0
2019-08-21,1.3,4.6,98.2,,,,,,,0.0,0.0,83.7,0.0,0.0,100.0,0.0
2019-08-22,1.3,5.0,98.6,,,,,,,,,,0.0,0.0,100.0,0.0
2019-08-23,,,,,,,,,,,,,0.0,0.0,100.0,0.0
2019-08-24,,,,,,,,,,,,,0.0,0.0,100.0,0.0
2019-08-25,,,,0.0,0.1,83.7,,,,0.0,0.0,100.0,0.0,0.0,100.0,0.0
2019-08-26,,,,,,,,,,0.0,0.0,100.0,0.0,0.0,100.0,0.0
2019-08-27,1.6,7.2,98.5,,,,0.0,0.0,100.0,,,,0.0,0.0,100.0,0.0
2019-08-28,1.9,8.5,98.6,,,,,,,,,,0.0,0.0,100.0,0.0
2019-08-29,2.3,10.2,98.6,,,,,,,,,,0.0,0.0,100.0,0.0
2019-08-30,,,,0.0,0.1,100.0,,,,,,,0.0,0.0,100.0,0.0
2019-08-31,,,,,,,,,,,,,0.0,0.0,100.0,0.0
2019-09-01,,,,,,,,,,,,,0.0,0.0,100.0,0.0
2019-09-02,1.6,9.1,98.4,,,,,,,,,,0.0,0.1,100.0,0.0
2019-09-03,1.3,7.2,98.3,,,,0.0,0.0,99.9,0.0,0.0,100.0,0.0,0.1,100.0,0.0
2019-09-04,1.0,7.6,98.3,0.0,0.1,100.0,,,,,,,0.0,0.1,100.0,0.0
2019-09-05,,,,,,,,,,,,,0.0,0.0,100.0,0.0
2019-09-06,,,,,,,,,,,,,0.0,0.1,100.0,0.0
2019-09-07,,,,,,,,,,0.0,0.0,100.0,0.0,0.1,100.0,0.0
2019-09-08,2.0,10.5,98.5,,,,,,,,,,0.0,0.1,100.0,0.0
2019-09-09,2.2,12.6,98.6,0.0,0.1,100.0,,,,,,,0.0,0.1,100.0,0.0
2019-09-10,1.6,7.0,98.2,,,,,,,,,,0.0,0.1,100.0,0.0
2019-09-11,,,,,,,,,,,,,0.0,0.1,100.0,0.0
2019-09-12,,,,,,,,,,,,,0.0,0.1,100.0,0.0
2019-09-13,,,,,,,,,,,,,0.0,0.1,100.0,0.0
2019-09-14,,,,0.0,0.1,100.0,,,,,,,0.0,0.1,100.0,0.0
2019-09-15,1.0,6.6,98.3,,,,,,,,,,0.0,0.0,100.0,0.0
2019-09-16,1.3,5.9,98.3,,,,,,,,,,0.0,0.0,100.0,0.0
2019-09-17,,,,,,,,,,,,,0.0,0.0,100.0,0.0
2019-09-18,,,,,,,,,,,,,0.0,0.0,100.0,0.0
2019-09-19,,,,0.0,0.0,93.4,0.0,0.0,100.0,,,,0.0,0.0,100.0,0.0
2019-09-20,2.1,6.8,98.4,,,,,,,,,,0.0,0.0,100.0,0.0
2019-09-21,2.8,6.7,98.3,,,,,,,,,,0.0,0.0,100.0,0.0
2019-09-22,2.3,6.5,98.6,,,,,,,,,,0.0,0.0,100.0,0.0
2019-09-23,,,,,,,,,,0.0,0.0,32.8,0.0,0.0,100.0,0.0
2019-09-24,,,,,,,,,,,,,0.0,0.0,100.0,0.0
2019-09-25,,,,,,,,,,,,,0.0,0.0,100.0,0.0
2019-09-26,2.8,7.3,98.4,,,,,,,,,,0.0,0.0,100.0,0.0
2019-09-27,3.2,8.4,98.7,,,,,,,,,,0.0,0.1,100.0,0.0
2019-09-28,3.9,9.5,98.6,,,,0.0,0.0,98.3,,,,0.0,0.1,100.0,0.0
2019-09-29,,,,0.0,0.0,100.0,,,,,,,0.0,0.1,100.0,0.0
2019-09-30,,,,,,,,,,,,,0.0,0.1,100.0,0.0
2019-10-01,,,,,,,,,,,,,0.0,0.1,100.0,0.0
2019-10-02,3.2,7.9,98.4,,,,,,,,,,0.0,0.5,100.0,0.0
2019-10-03,3.2,8.2,98.5,,,,,,,,,,0.0,0.5,100.0,0.0
2019-10-04,3.6,8.5,98.7,0.0,0.1,100.0,,,,,,,0.0,0.5,100.0,0.0
2019-10-05,,,,,,,,,,,,,0.0,0.5,100.0,0.0
2019-10-06,,,,,,,,,,,,,0.0,0.9,100.0,0.0
2019-10-07,,,,,,,,,,,,,0.0,0.7,100.0,0.0
2019-10-08,6.0,11.4,98.4,,,,,,,0.0,0.0,100.0,0.0,0.5,100.0,0.0
2019-10-09,6.2,12.6,98.5,,,,,,,,,,0.0,0.5,100.0,0.0
2019-10-10,3.3,6.1,98.7,,,,,,,,,,0.0,0.5,100.0,0.0
2019-10-11,,,,,,,,,,,,,0.0,0.5,100.0,0.0
2019-10-12,,,,,,,,,,,,,0.0,0.5,100.0,0.0
2019-10-13,,,,,,,,,,,,,0.0,0.4,100.0,0.0
2019-10-14,2.5,5.2,98.5,0.0,0.1,100.0,0.0,0.0,99.9,,,,0.0,0.3,100.0,0.0
2019-10-15,1.8,3.7,98.8,,,,,,,,,,0.0,0.4,100.0,0.0
2019-10-16,2.1,4.6,98.5,,,,,,,0.0,0.1,100.0,0.0,0.2,100.0,0.0
2019-10-17,,,,,,,,,,0.0,0.1,100.0,0.0,0.3,100.0,0.0
2019-10-18,,,,,,,,,,,,,0.0,0.3,100.0,0.0
2019-10-19,,,,,,,,,,,,,0.0,0.3,100.0,0.0
2019-10-20,1.2,3.6,98.4,,,,,,,0.0,0.2,100.0,0.0,0.2,100.0,0.0
2019-10-21,1.2,3.4,99.0,,,,,,,,,,0.0,0.2,100.0,0.0
2019-10-22,,,,,,,0.0,0.4,53.2,,,,0.0,0.3,100.0,0.0
2019-10-23,,,,,,,,,,,,,0.0,0.4,100.0,0.0
2019-10-24,,,,,,,,,,0.0,0.1,100.0,0.0,0.2,100.0,0.0
2019-10-25,,,,,,,,,,0.0,0.3,100.0,0.0,0.3,100.0,0.0
2019-10-26,0.7,3.6,98.6,,,,,,,0.0,0.3,100.0,0.0,0.3,100.0,0.0
2019-10-27,0.6,4.5,98.7,,,,,,,,,,0.0,0.4,100.0,0.0
2019-10-28,1.7,8.0,98.9,,,,,,,,,,0.0,0.4,100.0,0.0
2019-10-29,,,,,,,,,,0.0,1.0,100.0,0.0,0.5,100.0,0.0
2019-10-30,,,,,,,,,,,,,0.0,1.1,100.0,0.0
2019-10-31,,,,,,,,,,,,,0.0,1.2,100.0,0.0
2019-11-01,2.3,10.0,98.6,,,,,,,0.0,0.9,100.0,0.0,1.3,100.0,0.0
2019-11-02,1.8,10.4,98.9,,,,,,,,,,0.0,1.5,100.0,0.0
2019-11-03,1.7,9.9,98.9,,,,,,,,,,0.0,2.0,100.0,0.0
2019-11-04,,,,,,,,,,,,,0.0,2.1,100.0,0.0
2019-11-05,,,,,,,,,,,,,0.0,2.6,100.0,0.0
2019-11-06,,,,,,,,,,,,,0.0,3.5,100.0,0.0
2019-11-07,1.5,9.9,98.8,,,,,,,,,,0.0,4.9,100.0,0.0
2019-11-08,0.7,7.1,98.6,,,,,,,,,,0.0,5.0,100.0,0.0
2019-11-09,1.2,8.5,99.0,,,,,,,,,,0.0,4.3,100.0,0.0
2019-11-10,,,,,,,,,,,,,0.0,5.3,100.0,0.0
2019-11-11,,,,,,,,,,,,,0.0,6.4,100.0,0.0
2019-11-12,,,,,,,,,,,,,0.0,6.7,100.0,0.0
2019-11-13,0.3,5.9,98.6,0.0,0.5,70.4,,,,,,,0.0,6.7,100.0,0.0
2019-11-14,0.6,7.4,98.7,,,,,,,,,,0.0,9.2,100.0,0.0
2019-11-15,0.4,6.7,98.8,,,,,,,,,,0.0,10.1,100.0,0.0
2019-11-16,,,,,,,,,,,,,0.0,9.5,100.0,0.0
2019-11-17,,,,,,,,,,,,,0.0,8.5,100.0,0.0
2019-11-18,,,,0.0,1.5,89.1,,,,,,,0.0,9.2,100.0,0.0
2019-11-19,0.5,6.7,98.9,,,,,,,,,,0.0,8.8,100.0,0.0
2019-11-20,0.3,7.0,98.9,,,,,,,0.0,2.5,100.0,0.0,8.1,100.0,0.0
2019-11-21,1.1,10.6,98.4,,,,,,,,,,0.0,8.5,100.0,0.0
2019-11-22,,,,,,,,,,,,,0.0,8.4,100.0,0.0
2019-11-23,,,,,,,,,,,,,0.0,6.7,100.0,0.0
2019-11-24,,,,,,,,,,,,,0.0,5.8,100.0,0.0
2019-11-25,2.9,13.7,98.5,,,,,,,,,,0.0,5.1,100.0,0.0
2019-11-26,5.4,15.7,98.9,,,,,,,,,,0.0,5.7,100.0,0.0
2019-11-27,2.7,10.6,98.7,,,,,,,0.0,2.6,100.0,0.0,4.2,100.0,0.0
2019-11-28,,,,,,,,,,,,,0.0,5.0,100.0,0.0
2019-11-29,,,,,,,,,,,,,0.0,4.6,100.0,0.0
2019-11-30,,,,,,,,,,,,,0.0,5.1,100.0,0.0
2019-12-01,4.4,12.1,98.9,,,,,,,,,,0.0,5.2,100.0,0.0
2019-12-02,3.7,11.2,98.9,,,,,,,,,,0.0,6.4,100.0,0.0
2019-12-03,7.9,15.1,99.1,0.6,4.3,100.0,,,,,,,0.0,7.1,100.0,0.0
2019-12-04,,,,,,,,,,0.0,4.5,100.0,0.0,6.4,100.0,0.0
2019-12-05,,,,,,,,,,,,,0.0,7.0,100.0,0.0
2019-12-06,,,,,,,,,,,,,0.0,7.8,100.0,0.0
2019-12-07,1.5,7.7,98.6,,,,,,,,,,0.0,9.0,100.0,0.0
2019-12-08,1.8,7.7,98.8,0.4,3.6,100.0,0.1,4.8,99.9,0.0,6.5,100.0,0.0,7.3,100.0,0.0
2019-12-09,2.0,7.0,98.9,,,,,,,0.0,5.4,100.0,0.0,7.5,100.0,0.0
2019-12-10,,,,,,,,,,,,,0.0,7.7,100.0,0.0
2019-12-11,,,,,,,,,,,,,0.0,8.2,100.0,0.0
2019-12-12,,,,,,,,,,0.0,4.2,100.0,0.0,7.0,100.0,0.0
2019-12-13,3.2,8.7,99.3,,,,,,,,,,0.0,6.9,100.0,0.0
2019-12-14,4.9,10.5,99.6,,,,,,,,,,0.0,6.7,100.0,0.0
2019-12-15,3.2,7.7,99.5,,,,,,,,,,0.0,6.7,100.0,0.0
2019-12-16,,,,,,,,,,0.2,5.4,100.0,0.0,6.5,100.0,0.0
2019-12-17,,,,,,,,,,1.4,12.9,100.0,0.0,5.4,100.0,0.0
2019-12-18,,,,,,,,,,,,,0.0,5.7,100.0,0.0
2019-12-19,8.2,14.3,99.2,,,,,,,,,,0.0,6.0,100.0,0.0
2019-12-20,3.7,8.3,99.5,,,,,,,,,,0.0,5.6,100.0,0.0
2019-12-21,,,,,,,,,,0.2,6.5,100.0,0.0,4.8,100.0,0.0
2019-12-22,,,,,,,,,,1.7,12.0,100.0,0.0,5.6,100.0,0.0
2019-12-23,,,,,,,,,,,,,0.0,5.7,100.0,0.0
2019-12-24,,,,,,,,,,,,,0.0,7.2,100.0,0.0
2019-12-25,7.5,13.2,99.2,,,,,,,1.8,13.3,100.0,0.0,6.8,100.0,0.0
2019-12-26,3.3,8.2,99.4,,,,,,,,,,0.0,9.2,100.0,0.0
2019-12-27,4.5,10.7,99.4,,,,,,,,,,0.0,10.0,100.0,0.0
2019-12-28,,,,0.6,5.1,100.0,,,,,,,0.0,12.7,100.0,0.0
2019-12-29,,,,,,,,,,3.9,16.4,100.0,0.1,13.1,100.0,0.1
2019-12-30,,,,,,,,,,,,,0.1,17.5,100.0,0.1
2019-12-31,3.3,10.3,98.9,,,,,,,,,,0.1,19.5,100.0,0.1
2020-01-01,2.4,9.2,97.8,,,,,,,,,,0.1,28.4,100.0,0.1
2020-01-02,1.5,7.6,97.9,0.7,6.4,100.0,98.0,69.5,89.3,,,,0.3,33.4,100.0,0.3
2020-01-03,,,,,,,,,,,,,1.5,39.9,100.0,1.5
2020-01-04,,,,,,,,,,5.3,19.3,100.0,5.7,44.6,100.0,5.7
2020-01-05,,,,,,,,,,10.8,26.3,100.0,20.9,51.8,100.0,20.9
2020-01-06,0.7,6.6,97.6,,,,,,,,,,40.9,56.3,100.0,40.9
2020-01-07,0.7,7.9,97.6,2.0,12.6,95.3,,,,,,,68.4,61.7,100.0,68.4
2020-01-08,2.2,10.8,98.0,,,,,,,,,,79.3,64.3,100.0,79.3
2020-01-09,,,,,,,,,,,,,89.8,69.6,100.0,89.8
2020-01-10,,,,,,,,,,,,,90.6,70.3,100.0,90.6
2020-01-11,,,,,,,,,,,,,94.7,74.0,100.0,94.7
2020-01-12,4.8,14.2,97.5,76.2,60.6,100.0,,,,68.6,54.6,100.0,96.6,77.4,100.0,96.6
2020-01-13,7.8,18.5,97.4,,,,,,,,,,98.5,81.3,100.0,98.5
2020-01-14,5.0,16.9,97.6,,,,,,,,,,98.4,82.1,100.0,98.4
2020-01-15,,,,,,,,,,,,,98.7,84.5,100.0,98.7
2020-01-16,,,,,,,,,,62.1,52.3,100.0,99.1,86.8,100.0,99.1
2020-01-17,,,,97.6,87.8,100.0,,,,,,,99.9,90.3,100.0,99.9
2020-01-18,6.9,18.0,97.1,,,,,,,,,,99.9,91.7,100.0,99.9
2020-01-19,8.7,21.0,97.9,,,,,,,,,,100.0,93.1,100.0,100.0
2020-01-20,15.8,25.8,97.9,,,,,,,,,,100.0,94.4,100.0,100.0
2020-01-21,,,,,,,,,,,,,100.0,95.5,100.0,100.0
2020-01-22,,,,100.0,99.6,100.0,,,,,,,100.0,96.9,100.0,100.0
2020-01-23,,,,,,,,,,,,,100.0,97.1,100.0,100.0
2020-01-24,23.2,31.4,97.5,,,,,,,,,,100.0,97.5,100.0,100.0
2020-01-25,60.2,49.4,97.3,,,,,,,,,,100.0,98.0,100.0,100.0
2020-01-26,86.6,60.6,97.5,,,,,,,,,,100.0,98.4,100.0,100.0
2020-01-27,,,,100.0,99.8,100.0,,,,,,,100.0,98.7,100.0,100.0
2020-01-28,,,,,,,,,,,,,100.0,98.8,100.0,100.0
2020-01-29,,,,,,,,,,,,,100.0,98.9,100.0,100.0
2020-01-30,94.0,69.3,97.3,,,,,,,,,,100.0,99.2,100.0,100.0
2020-01-31,96.2,73.4,97.1,,,,,,,68.1,56.9,100.0,100.0,99.2,100.0,100.0
2020-02-01,98.7,80.5,97.2,100.0,100.0,52.1,,,,,,,100.0,99.4,100.0,100.0
2020-02-02,,,,,,,,,,,,,100.0,99.4,100.0,100.0
2020-02-03,,,,,,,,,,,,,100.0,99.5,100.0,100.0
2020-02-04,,,,,,,,,,,,,100.0,99.5,100.0,100.0
2020-02-05,99.0,84.8,97.3,,,,,,,86.6,72.3,100.0,100.0,99.6,100.0,100.0
2020-02-06,99.3,86.2,97.4,100.0,99.9,100.0,,,,,,,100.0,99.7,100.0,100.0
2020-02-07,99.7,89.0,97.4,,,,,,,,,,100.0,99.8,100.0,100.0
2020-02-08,99.8,91.6,68.0,,,,,,,92.2,81.3,74.0,100.0,99.7,100.0,100.0
2020-02-09,,,,,,,,,,,,,100.0,99.8,100.0,100.0
2020-02-10,,,,,,,,,,,,,100.0,99.8,100.0,100.0
2020-02-11,100.0,93.7,97.1,100.0,100.0,87.3,,,,,,,100.0,99.9,100.0,100.0
2020-02-12,100.0,94.8,97.3,,,,,,,,,,100.0,99.8,100.0,100.0
2020-02-13,100.0,94.1,97.4,,,,,,,81.8,70.6,92.1,100.0,99.8,100.0,100.0
2020-02-14,,,,,,,,,,90.1,78.2,100.0,100.0,99.8,100.0,100.0
2020-02-15,,,,,,,,,,,,,100.0,99.8,100.0,100.0
2020-02-16,,,,100.0,100.0,100.0,,,,89.2,77.1,100.0,100.0,99.9,100.0,100.0
2020-02-17,100.0,95.1,97.1,,,,,,,,,,100.0,99.9,100.0,100.0
2020-02-18,100.0,94.3,97.5,,,,,,,,,,100.0,99.8,100.0,100.0
2020-02-19,,,,,,,,,,,,,100.0,99.8,100.0,100.0
2020-02-20,100.0,94.1,69.1,,,,,,,93.9,85.3,100.0,100.0,99.8,100.0,100.0
2020-02-21,,,,100.0,100.0,100.0,,,,90.3,80.6,100.0,100.0,99.8,100.0,100.0
2020-02-22,,,,,,,,,,94.5,86.2,100.0,100.0,99.7,100.0,100.0
2020-02-23,100.0,92.9,97.2,,,,,,,,,,100.0,99.7,100.0,100.0
2020-02-24,100.0,92.5,97.4,,,,,,,,,,100.0,99.7,100.0,100.0
2020-02-25,100.0,92.8,97.4,,,,,,,,,,100.0,99.6,100.0,100.0
2020-02-26,,,,,,,,,,,,,100.0,99.4,100.0,100.0
2020-02-27,,,,,,,,,,,,,100.0,99.3,100.0,100.0
2020-02-28,,,,,,,,,,,,,100.0,99.2,100.0,100.0
2020-02-29,100.0,93.6,97.3,,,,,,,,,,100.0,99.1,100.0,100.0
2020-03-01,100.0,94.8,97.7,,,,,,,91.3,79.9,100.0,100.0,98.8,100.0,100.0
2020-03-02,100.0,96.1,97.4,,,,,,,,,,100.0,99.0,100.0,100.0
2020-03-03,100.0,96.3,70.7,,,,,,,96.7,88.6,100.0,100.0,99.0,100.0,100.0
2020-03-04,,,,,,,,,,,,,100.0,99.2,100.0,100.0
2020-03-05,,,,,,,,,,,,,100.0,99.0,100.0,100.0
2020-03-06,100.0,97.2,97.5,,,,100.0,100.0,73.2,,,,100.0,99.5,100.0,100.0
2020-03-07,100.0,97.5,97.7,100.0,100.0,40.4,,,,,,,100.0,99.5,100.0,100.0
2020-03-08,100.0,98.5,97.6,,,,,,,,,,100.0,99.6,100.0,100.0
2020-03-09,,,,,,,,,,,,,100.0,99.5,100.0,100.0
2020-03-10,,,,,,,,,,96.1,88.4,100.0,100.0,99.6,100.0,100.0
2020-03-11,,,,,,,,,,,,,100.0,99.6,100.0,100.0
2020-03-12,100.0,98.6,97.3,100.0,100.0,100.0,,,,,,,100.0,99.8,100.0,100.0
2020-03-13,100.0,98.8,97.5,,,,100.0,100.0,94.2,,,,100.0,99.8,100.0,100.0
2020-03-14,100.0,99.4,97.4,,,,,,,99.6,94.2,100.0,100.0,99.8,100.0,100.0
2020-03-15,100.0,99.5,72.5,,,,,,,99.7,92.5,100.0,100.0,99.8,100.0,100.0
2020-03-16,,,,,,,,,,,,,100.0,99.8,100.0,100.0
2020-03-17,,,,100.0,99.9,100.0,,,,,,,100.0,99.7,100.0,100.0
2020-03-18,100.0,99.5,97.4,,,,,,,99.9,96.4,100.0,100.0,99.7,100.0,100.0
2020-03-19,100.0,99.3,97.7,,,,,,,,,,100.0,99.7,100.0,100.0
2020-03-20,100.0,99.6,97.3,,,,,,,,,,100.0,99.8,100.0,100.0
2020-03-21,,,,,,,,,,,,,100.0,99.7,100.0,100.0
2020-03-22,,,,100.0,99.7,100.0,100.0,98.6,100.0,100.0,97.1,100.0,100.0,99.8,100.0,100.0
2020-03-23,,,,,,,,,,100.0,98.4,99.9,100.0,99.7,100.0,100.0
2020-03-24,100.0,99.8,97.8,,,,,,,,,,100.0,99.8,100.0,100.0
2020-03-25,100.0,99.8,97.7,,,,,,,,,,100.0,99.8,100.0,100.0
2020-03-26,100.0,99.7,97.7,,,,,,,,,,100.0,99.8,100.0,100.0
2020-03-27,100.0,99.7,69.2,100.0,99.7,99.9,,,,100.0,96.9,31.4,100.0,99.8,100.0,100.0
2020-03-28,,,,,,,,,,,,,100.0,99.8,100.0,100.0
2020-03-29,,,,,,,,,,,,,100.0,99.7,100.0,100.0
2020-03-30,100.0,99.8,97.6,,,,,,,,,,100.0,99.8,100.0,100.0
2020-03-31,100.0,99.8,97.5,,,,,,,100.0,97.6,100.0,100.0,99.7,100.0,100.0
2020-04-01,100.0,99.7,99.3,100.0,99.8,100.0,,,,,,,100.0,99.8,100.0,100.0
2020-04-02,,,,,,,,,,,,,100.0,99.5,100.0,100.0
2020-04-03,,,,,,,,,,100.0,97.2,100.0,100.0,99.6,100.0,100.0
2020-04-04,,,,,,,,,,100.0,96.0,100.0,100.0,99.4,100.0,100.0
2020-04-05,100.0,99.7,99.2,,,,,,,100.0,94.4,100.0,100.0,99.6,100.0,100.0
2020-04-06,100.0,99.7,99.3,99.8,97.2,100.0,,,,,,,100.0,99.5,100.0,100.0
2020-04-07,100.0,99.7,99.4,,,,100.0,91.8,67.8,99.8,92.5,100.0,100.0,99.4,100.0,100.0
2020-04-08,100.0,99.8,65.7,,,,,,,99.8,92.9,100.0,100.0,99.1,100.0,100.0
2020-04-09,,,,,,,,,,,,,100.0,98.9,100.0,100.0
2020-04-10,,,,,,,,,,,,,100.0,98.2,100.0,100.0
2020-04-11,100.0,99.7,99.0,95.7,91.4,100.0,,,,,,,100.0,98.4,100.0,100.0
2020-04-12,100.0,99.1,98.8,,,,,,,99.0,84.7,100.0,99.8,97.1,100.0,99.8
2020-04-13,100.0,97.4,98.9,,,,,,,98.8,86.4,94.7,99.8,96.9,100.0,99.8
2020-04-14,,,,,,,69.6,52.5,42.6,,,,99.6,95.0,100.0,99.6
2020-04-15,,,,,,,,,,91.7,70.3,100.0,99.4,94.1,100.0,99.4
2020-04-16,,,,26.3,42.5,100.0,,,,,,,97.8,91.6,100.0,97.8
2020-04-17,100.0,94.2,98.7,,,,,,,90.0,68.7,100.0,97.3,89.1,100.0,97.3
2020-04-18,99.4,84.7,99.2,,,,,,,,,,94.7,84.3,100.0,94.7
2020-04-19,,,,,,,,,,,,,88.0,75.8,100.0,88.0
2020-04-20,96.2,69.9,67.3,,,,,,,,,,62.7,60.8,100.0,62.7
2020-04-21,,,,,,,,,,,,,16.4,42.8,100.0,16.4
2020-04-22,,,,,,,,,,,,,1.5,27.5,100.0,1.5
2020-04-23,38.4,37.0,98.9,,,,0.0,0.9,55.8,20.3,35.0,100.0,0.0,16.0,100.0,0.0
2020-04-24,5.1,11.7,99.0,,,,,,,36.3,40.6,100.0,0.0,12.0,100.0,0.0
2020-04-25,0.4,2.4,99.4,,,,,,,6.7,22.0,100.0,0.0,7.7,100.0,0.0
2020-04-26,,,,,,,,,,,,,0.0,7.3,100.0,0.0
2020-04-27,,,,,,,,,,1.4,17.4,100.0,0.0,4.8,100.0,0.0
2020-04-28,,,,,,,,,,,,,0.0,5.4,100.0,0.0
2020-04-29,0.1,1.3,98.7,,,,,,,0.0,7.9,37.8,0.0,4.4,100.0,0.0
2020-04-30,0.3,1.2,99.3,,,,,,,,,,0.0,5.7,100.0,0.0
2020-05-01,0.1,1.1,99.0,,,,,,,,,,0.0,4.9,100.0,0.0
2020-05-02,0.0,0.3,68.7,,,,,,,,,,0.0,7.5,100.0,0.0
2020-05-03,,,,,,,,,,0.0,2.6,100.0,0.0,6.4,100.0,0.0
2020-05-04,,,,,,,,,,,,,0.0,8.9,100.0,0.0
2020-05-05,0.3,2.1,98.7,,,,,,,,,,0.0,8.0,100.0,0.0
2020-05-06,0.3,2.0,98.6,,,,,,,,,,0.0,10.0,100.0,0.0
2020-05-07,0.4,2.1,98.9,,,,,,,,,,0.0,7.9,100.0,0.0
2020-05-08,,,,,,,,,,,,,0.0,8.9,100.0,0.0
2020-05-09,,,,,,,,,,,,,0.0,8.5,100.0,0.0
2020-05-10,,,,,,,,,,,,,0.0,8.9,100.0,0.0
2020-05-11,0.4,1.5,98.5,,,,,,,,,,0.0,7.3,100.0,0.0
2020-05-12,0.3,1.4,98.9,,,,,,,,,,0.0,6.7,100.0,0.0
2020-05-13,0.2,1.3,99.1,,,,,,,,,,0.0,6.0,100.0,0.0
2020-05-14,0.1,1.3,68.3,,,,,,,,,,0.0,6.6,100.0,0.0
2020-05-15,,,,,,,,,,,,,0.0,7.5,100.0,0.0
2020-05-16,,,,,,,,,,,,,0.0,7.0,100.0,0.0
2020-05-17,0.6,1.9,98.7,,,,,,,,,,0.0,5.3,100.0,0.0
2020-05-18,0.3,1.6,98.8,,,,,,,,,,0.0,3.5,100.0,0.0
2020-05-19,0.1,1.1,98.7,,,,,,,,,,0.0,4.2,100.0,0.0
2020-05-20,,,,,,,,,,,,,0.0,4.0,100.0,0.0
2020-05-21,,,,0.0,0.4,100.0,,,,0.0,0.7,100.0,0.0,3.1,100.0,0.0
2020-05-22,,,,,,,,,,,,,0.0,2.9,100.0,0.0
2020-05-23,0.0,0.8,98.9,,,,,,,,,,0.0,2.7,100.0,0.0
2020-05-24,0.0,0.5,99.0,,,,,,,0.0,0.5,100.0,0.0,2.5,100.0,0.0
2020-05-25,0.0,0.6,98.7,,,,,,,0.0,0.2,100.0,0.0,1.8,100.0,0.0
2020-05-26,0.0,0.4,67.6,0.0,0.0,100.0,,,,,,,0.0,1.5,100.0,0.0
2020-05-27,,,,,,,,,,,,,0.0,1.4,100.0,0.0
2020-05-28,,,,,,,,,,0.0,0.2,30.1,0.0,1.4,100.0,0.0
2020-05-29,0.0,0.8,98.8,,,,,,,,,,0.0,1.1,100.0,0.0
2020-05-30,0.0,1.1,98.8,,,,,,,,,,0.0,1.3,100.0,0.0
2020-05-31,0.1,1.2,99.0,0.0,0.0,45.7,,,,,,,0.0,0.9,100.0,0.0
2020-06-01,,,,,,,0.0,0.0,57.9,,,,0.0,1.0,100.0,0.0
2020-06-02,,,,,,,,,,,,,0.0,0.7,100.0,0.0
2020-06-03,,,,,,,,,,,,,0.0,1.0,100.0,0.0
2020-06-04,0.5,2.2,98.8,,,,,,,,,,0.0,1.0,100.0,0.0
2020-06-05,0.7,3.3,98.9,,,,,,,,,,0.0,1.1,100.0,0.0
2020-06-06,1.2,4.9,98.7,,,,,,,,,,0.0,0.9,100.0,0.0
2020-06-07,0.3,2.2,63.4,,,,,,,,,,0.0,1.6,100.0,0.0
2020-06-08,,,,,,,,,,,,,0.0,1.9,100.0,0.0
2020-06-09,,,,,,,,,,,,,0.0,2.6,100.0,0.0
2020-06-10,1.5,6.6,98.7,,,,,,,,,,0.0,2.1,100.0,0.0
2020-06-11,1.9,9.6,98.8,,,,,,,,,,0.0,2.9,100.0,0.0
2020-06-12,1.9,9.0,99.1,,,,,,,,,,0.0,3.0,100.0,0.0
2020-06-13,,,,,,,,,,0.0,0.1,89.5,0.0,3.4,100.0,0.0
2020-06-14,,,,,,,,,,,,,0.0,3.3,100.0,0.0
2020-06-15,,,,,,,,,,,,,0.0,3.3,100.0,0.0
2020-06-16,13.3,17.4,98.5,,,,,,,,,,0.0,3.1,100.0,0.0
2020-06-17,3.3,11.6,99.1,,,,,,,,,,0.0,3.5,100.0,0.0
2020-06-18,,,,,,,,,,,,,0.0,4.0,100.0,0.0
2020-06-19,3.2,11.9,66.2,,,,,,,,,,0.0,4.6,100.0,0.0
2020-06-20,,,,0.0,0.0,69.4,,,,0.0,0.1,74.8,0.0,3.6,100.0,0.0
2020-06-21,,,,,,,,,,0.0,0.1,81.1,0.0,3.2,100.0,0.0
2020-06-22,2.9,10.3,98.9,,,,,,,,,,0.0,3.2,100.0,0.0
2020-06-23,0.9,5.1,99.0,,,,,,,,,,0.0,3.7,100.0,0.0
2020-06-24,,,,,,,,,,,,,0.0,3.1,100.0,0.0
2020-06-25,,,,0.0,0.0,53.9,,,,0.0,0.0,100.0,0.0,2.7,100.0,0.0
2020-06-26,,,,,,,,,,0.0,0.0,60.9,0.0,2.5,100.0,0.0
2020-06-27,,,,,,,,,,,,,0.0,3.0,100.0,0.0
2020-06-28,1.5,5.7,99.0,,,,,,,0.0,0.0,100.0,0.0,2.0,100.0,0.0
2020-06-29,1.1,4.8,99.3,,,,,,,,,,0.0,2.3,100.0,0.0
2020-06-30,0.8,2.9,98.8,0.0,0.0,100.0,,,,0.0,0.0,100.0,0.0,1.4,100.0,0.0
2020-07-01,0.1,1.2,64.8,,,,,,,,,,0.0,1.7,100.0,0.0
2020-07-02,,,,,,,,,,,,,0.0,1.3,100.0,0.0
2020-07-03,,,,,,,,,,,,,0.0,1.7,100.0,0.0
2020-07-04,0.6,2.3,98.8,,,,,,,0.0,0.0,100.0,0.0,1.1,100.0,0.0
2020-07-05,0.6,2.1,99.2,0.0,0.0,92.6,,,,,,,0.0,0.8,100.0,0.0
2020-07-06,0.5,1.5,98.7,,,,,,,,,,0.0,0.4,100.0,0.0
2020-07-07,,,,,,,,,,,,,0.0,0.5,100.0,0.0
2020-07-08,,,,,,,,,,0.0,0.0,100.0,0.0,0.3,100.0,0.0
2020-07-09,,,,,,,,,,,,,0.0,0.2,100.0,0.0
2020-07-10,0.4,1.6,98.9,0.0,0.0,100.0,,,,,,,0.0,0.1,100.0,0.0
2020-07-11,0.4,1.4,99.5,,,,,,,,,,0.0,0.2,100.0,0.0
2020-07-12,0.4,1.7,99.4,,,,0.0,0.0,91.9,,,,0.0,0.1,100.0,0.0
2020-07-13,0.0,0.4,68.1,,,,,,,,,,0.0,0.1,100.0,0.0
2020-07-14,,,,,,,,,,,,,0.0,0.1,100.0,0.0
2020-07-15,,,,,,,,,,,,,0.0,0.1,100.0,0.0
2020-07-16,0.3,1.4,98.9,,,,,,,,,,0.0,0.0,100.0,0.0
2020-07-17,0.2,1.2,99.2,,,,,,,,,,0.0,0.0,100.0,0.0
2020-07-18,0.2,1.4,99.3,,,,,,,,,,0.0,0.0,100.0,0.0
2020-07-19,,,,,,,0.0,0.0,99.9,,,,0.0,0.1,100.0,0.0
2020-07-20,,,,0.0,0.0,100.0,,,,,,,0.0,0.0,100.0,0.0
2020-07-21,,,,,,,,,,,,,0.0,0.0,100.0,0.0
2020-07-22,0.2,1.4,97.7,,,,,,,,,,0.0,0.0,100.0,0.0
2020-07-23,0.5,2.1,98.3,,,,,,,,,,0.0,0.0,100.0,0.0
2020-07-24,0.5,2.1,98.3,,,,,,,,,,0.0,0.0,100.0,0.0
2020-07-25,0.0,0.8,67.1,0.0,0.0,31.2,,,,0.0,0.0,99.3,0.0,0.0,100.0,0.0
2020-07-26,,,,,,,,,,,,,0.0,0.0,100.0,0.0
2020-07-27,,,,,,,,,,,,,0.0,0.0,100.0,0.0
2020-07-28,0.6,2.6,97.8,,,,0.0,0.0,100.0,,,,0.0,0.0,100.0,0.0
2020-07-29,0.3,1.6,97.9,,,,,,,,,,0.0,0.0,100.0,0.0
2020-07-30,,,,0.0,0.0,72.0,,,,,,,0.0,0.0,100.0,0.0
2020-07-31,,,,,,,,,,,,,0.0,0.0,100.0,0.0
2020-08-01,,,,,,,,,,,,,0.0,0.1,100.0,0.0
2020-08-02,,,,,,,,,,0.0,0.0,100.0,0.0,0.0,100.0,0.0
2020-08-03,0.5,1.9,97.8,,,,,,,,,,0.0,0.1,100.0,0.0
2020-08-04,0.2,1.4,97.8,,,,,,,,,,0.0,0.1,100.0,0.0
2020-08-05,0.1,1.0,97.7,,,,,,,,,,0.0,0.2,100.0,0.0
2020-08-06,0.0,0.3,65.9,,,,,,,0.0,0.0,87.2,0.0,0.1,100.0,0.0
2020-08-07,,,,,,,,,,0.0,0.0,100.0,0.0,0.1,100.0,0.0
2020-08-08,,,,,,,,,,,,,0.0,0.2,100.0,0.0
2020-08-09,0.0,0.8,97.8,0.0,0.0,100.0,,,,,,,0.0,0.1,100.0,0.0
2020-08-10,0.0,0.7,98.0,,,,,,,,,,0.0,0.1,100.0,0.0
2020-08-11,0.0,0.8,98.1,,,,,,,0.0,0.0,100.0,0.0,0.1,100.0,0.0
2020-08-12,,,,,,,,,,,,,0.0,0.1,100.0,0.0
2020-08-13,,,,,,,0.0,0.0,34.0,,,,0.0,0.1,100.0,0.0
2020-08-14,,,,,,,,,,,,,0.0,0.1,100.0,0.0
2020-08-15,0.0,0.8,97.7,,,,,,,0.0,0.0,100.0,0.0,0.0,100.0,0.0
2020-08-16,0.0,0.7,97.9,,,,,,,,,,0.0,0.0,100.0,0.0
2020-08-17,0.0,0.8,98.5,,,,,,,,,,0.0,0.0,100.0,0.0
2020-08-18,0.0,0.3,65.6,,,,,,,,,,0.0,0.0,100.0,0.0
2020-08-19,,,,0.0,0.0,100.0,,,,0.0,0.0,100.0,0.0,0.0,100.0,0.0
2020-08-20,,,,,,,0.0,0.0,100.0,0.0,0.0,100.0,0.0,0.0,100.0,0.0
2020-08-21,0.0,1.0,97.7,,,,,,,,,,0.0,0.0,100.0,0.0
2020-08-22,0.0,0.5,98.1,,,,,,,0.0,0.0,100.0,0.0,0.0,100.0,0.0
2020-08-23,0.0,0.6,97.8,,,,,,,0.0,0.0,100.0,0.0,0.0,100.0,0.0
2020-08-24,,,,0.0,0.0,75.3,,,,,,,0.0,0.0,100.0,0.0
2020-08-25,,,,,,,,,,,,,0.0,0.1,100.0,0.0
2020-08-26,,,,,,,,,,0.0,0.0,100.0,0.0,0.1,100.0,0.0
2020-08-27,0.1,0.6,97.6,,,,,,,0.0,0.0,100.0,0.0,0.1,100.0,0.0
2020-08-28,0.1,0.6,97.7,,,,,,,,,,0.0,0.1,100.0,0.0
2020-08-29,0.0,0.5,97.5,,,,,,,,,,0.0,0.1,100.0,0.0
2020-08-30,0.0,0.4,67.2,,,,,,,,,,0.0,0.1,100.0,0.0
2020-08-31,,,,,,,,,,,,,0.0,0.1,100.0,0.0
2020-09-01,,,,,,,,,,0.0,0.0,100.0,0.0,0.1,100.0,0.0
2020-09-02,0.1,0.6,97.6,,,,,,,,,,0.0,0.1,100.0,0.0
2020-09-03,0.1,0.8,97.7,0.0,0.1,99.9,,,,,,,0.0,0.1,100.0,0.0
2020-09-04,0.1,0.6,97.8,,,,,,,0.0,0.0,100.0,0.0,0.1,100.0,0.0
2020-09-05,,,,,,,0.0,0.0,99.9,,,,0.0,0.1,100.0,0.0
2020-09-06,,,,,,,,,,,,,0.0,0.1,100.0,0.0
2020-09-07,,,,,,,,,,0.0,0.0,100.0,0.0,0.0,100.0,0.0
2020-09-08,0.0,0.5,97.7,0.0,0.1,100.0,,,,,,,0.0,0.0,100.0,0.0
2020-09-09,0.0,0.3,97.7,,,,,,,,,,0.0,0.1,100.0,0.0
2020-09-10,0.0,0.4,97.6,,,,,,,,,,0.0,0.1,100.0,0.0
2020-09-11,0.0,0.2,69.6,,,,,,,0.0,0.0,100.0,0.0,0.0,100.0,0.0
2020-09-12,,,,,,,,,,,,,0.0,0.0,100.0,0.0
2020-09-13,,,,0.0,0.1,100.0,,,,,,,0.0,0.0,100.0,0.0
2020-09-14,0.0,0.6,97.4,,,,0.0,0.0,100.0,,,,0.0,0.0,100.0,0.0
2020-09-15,0.0,0.6,97.8,,,,,,,,,,0.0,0.0,100.0,0.0
2020-09-16,0.0,0.8,97.7,,,,,,,,,,0.0,0.0,100.0,0.0
2020-09-17,,,,,,,,,,,,,0.0,0.0,100.0,0.0
2020-09-18,,,,0.0,0.1,99.1,,,,,,,0.0,0.0,100.0,0.0
2020-09-19,,,,,,,,,,,,,0.0,0.0,100.0,0.0
2020-09-20,0.0,0.7,97.4,,,,,,,,,,0.0,0.0,100.0,0.0
2020-09-21,0.0,0.5,97.6,,,,,,,,,,0.0,0.0,100.0,0.0
2020-09-22,0.0,0.5,98.0,,,,,,,,,,0.0,0.1,100.0,0.0
2020-09-23,0.0,0.4,70.8,,,,,,,,,,0.0,0.1,100.0,0.0
2020-09-24,,,,,,,,,,,,,0.0,0.2,100.0,0.0
2020-09-25,,,,,,,,,,,,,0.0,0.4,100.0,0.0
2020-09-26,0.0,0.7,98.0,,,,,,,,,,0.0,0.6,100.0,0.0
2020-09-27,0.0,0.7,97.9,,,,,,,,,,0.0,0.5,100.0,0.0
2020-09-28,0.0,0.8,97.8,0.0,0.1,100.0,,,,,,,0.0,0.7,100.0,0.0
2020-09-29,,,,,,,,,,,,,0.0,1.0,100.0,0.0
2020-09-30,,,,,,,,,,0.0,0.0,99.0,0.0,1.6,100.0,0.0
2020-10-01,,,,,,,,,,,,,0.0,1.9,100.0,0.0
2020-10-02,0.0,1.5,97.8,,,,,,,,,,0.0,1.8,100.0,0.0
2020-10-03,0.0,2.5,98.0,,,,,,,,,,0.0,2.2,100.0,0.0
2020-10-04,0.0,3.1,97.9,,,,,,,,,,0.0,3.0,100.0,0.0
2020-10-05,0.0,1.2,69.5,,,,,,,,,,0.0,3.0,100.0,0.0
2020-10-06,,,,,,,,,,0.0,0.1,43.6,0.0,4.1,100.0,0.0
2020-10-07,,,,,,,,,,,,,0.0,4.0,100.0,0.0
2020-10-08,0.0,1.9,97.8,,,,,,,,,,0.0,3.7,100.0,0.0
2020-10-09,0.0,1.9,98.2,,,,,,,,,,0.0,2.5,100.0,0.0
2020-10-10,0.0,1.7,98.0,,,,,,,,,,0.0,3.3,100.0,0.0
2020-10-11,,,,,,,,,,,,,0.0,4.0,100.0,0.0
2020-10-12,,,,,,,,,,0.0,0.1,100.0,0.0,4.3,100.0,0.0
2020-10-13,,,,0.0,0.1,100.0,,,,0.0,0.0,100.0,0.0,2.8,100.0,0.0
2020-10-14,0.0,3.9,98.2,,,,,,,,,,0.0,4.5,100.0,0.0
2020-10-15,0.1,3.0,98.0,,,,,,,,,,0.0,4.6,100.0,0.0
2020-10-16,,,,,,,,,,,,,0.0,5.8,100.0,0.0
2020-10-17,0.0,2.2,67.7,,,,,,,0.0,0.1,100.0,0.0,3.2,100.0,0.0
2020-10-18,,,,0.0,0.1,99.9,,,,,,,0.0,4.9,100.0,0.0
2020-10-19,,,,,,,,,,,,,0.0,4.2,100.0,0.0
2020-10-20,0.3,3.5,97.7,,,,,,,,,,0.0,5.6,100.0,0.0
2020-10-21,0.2,4.4,97.9,,,,,,,0.0,0.1,100.0,0.0,3.1,100.0,0.0
2020-10-22,0.3,4.3,97.9,,,,,,,,,,0.0,5.2,100.0,0.0
2020-10-23,,,,,,,,,,,,,0.0,3.6,100.0,0.0
2020-10-24,,,,,,,,,,,,,0.0,4.9,100.0,0.0
2020-10-25,,,,,,,,,,0.0,0.2,100.0,0.0,2.7,100.0,0.0
2020-10-26,0.3,4.0,97.7,,,,,,,,,,0.0,5.2,100.0,0.0
2020-10-27,0.3,3.3,98.3,,,,,,,,,,0.0,4.0,100.0,0.0
2020-10-28,0.4,4.3,98.3,0.0,0.4,99.9,,,,,,,0.0,5.6,100.0,0.0
2020-10-29,0.5,2.8,68.0,,,,,,,0.0,0.1,65.4,0.0,4.0,100.0,0.0
2020-10-30,,,,,,,,,,,,,0.0,5.5,100.0,0.0
2020-10-31,,,,,,,,,,,,,0.0,4.5,100.0,0.0
2020-11-01,0.0,3.0,96.4,,,,,,,,,,0.0,5.5,100.0,0.0
2020-11-02,0.1,2.9,97.4,0.0,0.6,97.4,,,,0.0,0.1,100.0,0.0,2.8,100.0,0.0
2020-11-03,0.1,2.8,97.1,,,,,,,,,,0.0,2.9,100.0,0.0
2020-11-04,,,,,,,,,,,,,0.0,2.5,100.0,0.0
2020-11-05,,,,,,,,,,,,,0.0,2.8,100.0,0.0
2020-11-06,,,,,,,,,,,,,0.0,2.4,100.0,0.0
2020-11-07,0.1,3.0,96.9,0.0,0.3,99.8,,,,,,,0.0,2.1,100.0,0.0
2020-11-08,0.2,2.9,97.1,,,,,,,,,,0.0,1.8,100.0,0.0
2020-11-09,0.6,4.5,97.2,,,,,,,,,,0.0,1.5,100.0,0.0
2020-11-10,0.1,2.9,70.2,,,,,,,,,,0.0,0.9,100.0,0.0
2020-11-11,,,,,,,,,,,,,0.0,0.7,100.0,0.0
2020-11-12,,,,0.0,0.2,100.0,,,,,,,0.0,0.6,100.0,0.0
2020-11-13,0.3,2.2,96.8,,,,,,,,,,0.0,0.6,100.0,0.0
2020-11-14,0.2,1.7,97.1,,,,,,,,,,0.0,0.6,100.0,0.0
2020-11-15,0.0,1.2,96.6,,,,,,,,,,0.0,0.6,100.0,0.0
2020-11-16,,,,,,,,,,,,,0.0,0.7,100.0,0.0
2020-11-17,,,,0.0,0.2,99.8,0.0,0.1,68.7,,,,0.0,0.6,100.0,0.0
2020-11-18,,,,,,,,,,,,,0.0,0.7,100.0,0.0
2020-11-19,0.0,1.3,96.5,,,,,,,,,,0.0,0.7,100.0,0.0
2020-11-20,0.0,0.9,96.7,,,,,,,,,,0.0,1.1,100.0,0.0
2020-11-21,0.0,1.1,96.8,,,,,,,,,,0.0,1.2,100.0,0.0
2020-11-22,0.0,0.9,71.5,0.0,0.3,99.7,,,,,,,0.0,1.9,100.0,0.0
2020-11-23,,,,,,,,,,,,,0.0,1.9,100.0,0.0
2020-11-24,,,,,,,0.0,0.3,73.8,,,,0.0,2.3,100.0,0.0
2020-11-25,0.0,1.6,96.6,,,,,,,,,,0.0,1.9,100.0,0.0
2020-11-26,0.1,2.1,96.6,,,,,,,,,,0.0,2.8,100.0,0.0
2020-11-27,0.1,2.3,96.4,0.0,0.7,99.8,,,,,,,0.0,2.4,100.0,0.0
2020-11-28,,,,,,,,,,0.0,0.1,100.0,0.0,2.9,100.0,0.0
2020-11-29,,,,,,,,,,0.0,0.2,100.0,0.0,2.3,100.0,0.0
2020-11-30,,,,,,,,,,,,,0.0,3.1,100.0,0.0
2020-12-01,0.0,1.9,96.8,,,,,,,,,,0.0,2.7,100.0,0.0
2020-12-02,0.0,1.4,96.8,,,,,,,0.0,0.2,100.0,0.0,2.7,100.0,0.0
2020-12-03,0.0,2.0,96.8,,,,0.1,0.8,100.0,0.0,0.3,100.0,0.0,2.2,100.0,0.0
2020-12-04,0.0,1.3,70.0,,,,,,,,,,0.0,3.0,100.0,0.0
2020-12-05,,,,,,,,,,,,,0.0,3.2,100.0,0.0
2020-12-06,,,,,,,,,,,,,0.0,3.2,100.0,0.0
2020-12-07,0.1,2.1,96.9,,,,,,,0.0,0.2,100.0,0.0,2.4,100.0,0.0
2020-12-08,0.1,2.2,97.1,,,,,,,,,,0.0,3.1,100.0,0.0
2020-12-09,0.1,3.5,96.8,,,,,,,,,,0.0,3.5,100.0,0.0
2020-12-10,,,,,,,3.9,7.6,100.0,0.0,0.4,100.0,0.0,3.5,100.0,0.0
2020-12-11,,,,,,,,,,0.0,0.3,100.0,0.0,2.8,100.0,0.0
2020-12-12,,,,1.1,8.5,100.0,,,,0.0,0.5,100.0,0.0,2.9,100.0,0.0
2020-12-13,0.2,5.8,96.8,,,,,,,,,,0.0,3.6,100.0,0.0
2020-12-14,0.4,8.5,96.7,,,,,,,0.0,0.4,100.0,0.0,3.4,100.0,0.0
2020-12-15,0.9,11.8,97.2,,,,,,,0.0,0.5,100.0,0.0,2.7,100.0,0.0
2020-12-16,2.5,15.4,69.7,,,,,,,0.0,0.8,100.0,0.0,3.0,100.0,0.0
2020-12-17,,,,79.8,61.1,100.0,,,,,,,0.0,3.8,100.0,0.0
2020-12-18,,,,,,,,,,0.0,2.7,100.0,0.0,4.1,100.0,0.0
2020-12-19,3.7,16.8,97.0,,,,,,,0.0,3.8,100.0,0.0,3.5,100.0,0.0
2020-12-20,4.2,17.4,96.8,,,,,,,,,,0.0,4.7,100.0,0.0
2020-12-21,5.9,15.6,98.5,,,,,,,,,,0.0,5.0,100.0,0.0
2020-12-22,,,,,,,,,,,,,0.0,5.9,100.0,0.0
2020-12-23,,,,,,,,,,1.0,12.4,100.0,0.0,4.4,100.0,0.0
2020-12-24,,,,,,,,,,0.9,11.5,100.0,0.1,5.6,100.0,0.1
2020-12-25,5.2,14.0,98.5,,,,,,,,,,0.0,6.1,100.0,0.0
2020-12-26,6.8,14.9,98.9,,,,4.4,18.2,97.1,,,,0.1,8.4,100.0,0.1
2020-12-27,7.4,14.8,98.7,,,,,,,21.8,28.6,100.0,0.1,7.5,100.0,0.1
2020-12-28,9.5,13.3,68.3,,,,,,,,,,0.2,12.6,100.0,0.2
2020-12-29,,,,,,,,,,,,,0.1,14.7,100.0,0.1
2020-12-30,,,,,,,,,,21.1,27.6,100.0,0.1,19.3,100.0,0.1
2020-12-31,8.7,15.5,97.8,,,,,,,50.6,43.8,100.0,0.4,23.5,100.0,0.4
2021-01-01,9.9,17.2,98.6,,,,,,,,,,1.4,30.8,100.0,1.4
2021-01-02,19.4,25.6,98.9,,,,,,,,,,5.9,40.4,100.0,5.9
2021-01-03,,,,,,,,,,,,,28.0,52.6,100.0,28.0
2021-01-04,,,,,,,98.6,91.1,61.8,,,,66.1,61.1,100.0,66.1
2021-01-05,,,,,,,,,,,,,86.6,71.8,100.0,86.6
2021-01-06,28.5,33.3,98.7,,,,,,,,,,91.1,79.6,100.0,91.1
2021-01-07,39.6,40.3,99.0,,,,,,,63.5,55.4,100.0,94.1,85.2,100.0,94.1
2021-01-08,74.9,54.1,98.1,,,,,,,,,,98.3,89.6,100.0,98.3
2021-01-09,91.5,62.9,74.9,,,,,,,,,,99.9,92.1,100.0,99.9
2021-01-10,,,,,,,,,,,,,100.0,93.6,100.0,100.0
2021-01-11,,,,99.9,97.3,100.0,100.0,99.9,98.2,,,,100.0,97.1,100.0,100.0
2021-01-12,96.3,71.6,98.6,,,,,,,,,,100.0,97.6,100.0,100.0
2021-01-13,98.7,77.9,98.7,,,,,,,,,,100.0,97.9,100.0,100.0
2021-01-14,99.5,82.2,98.6,,,,,,,88.9,77.8,100.0,100.0,98.3,100.0,100.0
2021-01-15,,,,,,,,,,,,,100.0,98.5,100.0,100.0
2021-01-16,,,,100.0,100.0,100.0,,,,,,,100.0,98.9,100.0,100.0
2021-01-17,,,,,,,,,,,,,100.0,99.1,100.0,100.0
2021-01-18,99.9,86.4,98.6,,,,,,,97.9,85.0,99.1,100.0,99.3,100.0,100.0
2021-01-19,99.8,86.6,98.4,,,,,,,,,,100.0,99.5,100.0,100.0
2021-01-20,99.9,89.6,98.3,,,,100.0,100.0,100.0,,,,100.0,99.7,100.0,100.0
2021-01-21,99.9,90.5,75.8,,,,,,,,,,100.0,99.7,100.0,100.0
2021-01-22,,,,,,,,,,,,,100.0,99.7,100.0,100.0
2021-01-23,,,,,,,,,,,,,100.0,99.8,100.0,100.0
2021-01-24,99.9,92.0,98.6,,,,,,,,,,100.0,99.8,100.0,100.0
2021-01-25,100.0,93.4,98.7,,,,,,,,,,100.0,99.8,100.0,100.0
2021-01-26,100.0,94.9,98.6,100.0,100.0,100.0,,,,100.0,94.2,100.0,100.0,99.9,100.0,100.0
2021-01-27,,,,,,,,,,,,,100.0,99.9,100.0,100.0
2021-01-28,,,,,,,,,,,,,100.0,99.8,100.0,100.0
2021-01-29,,,,,,,,,,,,,100.0,99.8,100.0,100.0
2021-01-30,100.0,97.1,98.8,,,,,,,,,,100.0,99.8,100.0,100.0
2021-01-31,100.0,97.8,98.9,100.0,100.0,73.3,,,,100.0,96.8,100.0,100.0,99.9,100.0,100.0
2021-02-01,100.0,98.3,98.8,,,,,,,,,,100.0,99.9,100.0,100.0
2021-02-02,100.0,98.6,78.8,,,,,,,,,,100.0,99.9,100.0,100.0
2021-02-03,,,,,,,,,,100.0,98.6,100.0,100.0,99.9,100.0,100.0
2021-02-04,,,,,,,,,,100.0,99.4,46.8,100.0,99.9,100.0,100.0
2021-02-05,100.0,98.7,98.7,100.0,100.0,99.4,100.0,100.0,100.0,100.0,98.8,89.1,100.0,99.9,100.0,100.0
2021-02-06,99.9,99.0,99.1,,,,,,,,,,100.0,99.9,100.0,100.0
2021-02-07,100.0,99.2,98.9,,,,,,,,,,100.0,99.9,100.0,100.0
2021-02-08,,,,,,,,,,,,,100.0,99.8,100.0,100.0
2021-02-09,,,,,,,,,,100.0,99.4,100.0,100.0,99.8,100.0,100.0
2021-02-10,,,,,,,,,,,,,100.0,99.8,100.0,100.0
2021-02-11,99.9,99.3,98.4,,,,,,,100.0,99.5,100.0,100.0,99.9,100.0,100.0
2021-02-12,100.0,99.5,98.6,,,,100.0,100.0,70.5,100.0,99.5,100.0,100.0,99.9,100.0,100.0
2021-02-13,,,,,,,,,,100.0,99.6,100.0,100.0,99.9,100.0,100.0
2021-02-14,100.0,99.5,71.1,,,,,,,,,,100.0,99.9,100.0,100.0
2021-02-15,,,,100.0,100.0,100.0,,,,,,,100.0,99.9,100.0,100.0
2021-02-16,,,,,,,,,,100.0,99.5,100.0,100.0,99.9,100.0,100.0
2021-02-17,100.0,99.7,98.4,,,,,,,100.0,99.3,100.0,100.0,99.9,100.0,100.0
2021-02-18,100.0,99.8,98.4,,,,,,,,,,100.0,99.9,100.0,100.0
2021-02-19,100.0,99.9,98.7,,,,,,,100.0,99.4,100.0,100.0,99.9,100.0,100.0
2021-02-20,,,,100.0,100.0,100.0,,,,100.0,99.1,100.0,100.0,99.9,100.0,100.0
2021-02-21,,,,,,,100.0,100.0,94.8,100.0,99.3,100.0,100.0,99.9,100.0,100.0
2021-02-22,,,,,,,,,,,,,100.0,99.9,100.0,100.0
2021-02-23,100.0,99.9,98.6,,,,,,,,,,100.0,99.9,100.0,100.0
2021-02-24,,,,,,,,,,100.0,99.1,100.0,100.0,99.9,100.0,100.0
2021-02-25,100.0,99.9,98.6,100.0,99.9,100.0,,,,100.0,99.2,100.0,100.0,99.9,100.0,100.0
2021-02-26,,,,,,,,,,,,,100.0,99.9,100.0,100.0
2021-02-27,,,,,,,,,,,,,100.0,99.9,100.0,100.0
2021-02-28,,,,,,,100.0,100.0,90.7,,,,100.0,99.9,100.0,100.0
2021-03-01,100.0,100.0,98.5,,,,,,,,,,100.0,99.9,100.0,100.0
2021-03-02,100.0,100.0,98.6,100.0,99.9,100.0,,,,,,,100.0,100.0,100.0,100.0
2021-03-03,100.0,100.0,98.9,,,,,,,100.0,99.0,100.0,100.0,100.0,100.0,100.0
2021-03-04,,,,,,,,,,100.0,98.9,100.0,100.0,99.9,100.0,100.0
2021-03-05,,,,,,,,,,,,,100.0,99.9,100.0,100.0
2021-03-06,,,,,,,,,,,,,100.0,99.9,100.0,100.0
2021-03-07,100.0,100.0,98.3,100.0,100.0,100.0,,,,100.0,98.6,100.0,100.0,100.0,100.0,100.0
2021-03-08,100.0,100.0,98.5,,,,,,,,,,100.0,99.9,100.0,100.0
2021-03-09,100.0,100.0,98.4,,,,,,,,,,100.0,99.9,100.0,100.0
2021-03-10,100.0,100.0,64.0,,,,,,,100.0,98.6,100.0,100.0,99.9,100.0,100.0
2021-03-11,,,,,,,,,,100.0,98.4,100.0,100.0,99.9,100.0,100.0
2021-03-12,,,,100.0,100.0,100.0,,,,,,,100.0,99.9,100.0,100.0
2021-03-13,100.0,100.0,98.4,,,,,,,100.0,98.5,100.0,100.0,99.9,100.0,100.0
2021-03-14,100.0,100.0,98.4,,,,,,,,,,100.0,99.9,100.0,100.0
2021-03-15,100.0,100.0,98.5,,,,,,,,,,100.0,99.9,100.0,100.0
2021-03-16,,,,,,,,,,,,,100.0,99.8,100.0,100.0
2021-03-17,,,,,,,,,,,,,100.0,99.8,100.0,100.0
2021-03-18,,,,,,,,,,100.0,98.4,53.1,100.0,99.7,100.0,100.0
2021-03-19,100.0,100.0,98.5,,,,,,,,,,100.0,99.8,100.0,100.0
2021-03-20,100.0,100.0,98.5,,,,,,,,,,100.0,99.8,100.0,100.0
2021-03-21,100.0,100.0,98.4,,,,,,,,,,100.0,99.8,100.0,100.0
2021-03-22,100.0,99.9,65.5,100.0,100.0,99.4,,,,,,,100.0,99.8,100.0,100.0
2021-03-23,,,,,,,,,,,,,100.0,99.8,100.0,100.0
2021-03-24,,,,,,,,,,,,,100.0,99.8,100.0,100.0
2021-03-25,100.0,99.9,98.6,,,,100.0,99.9,75.4,,,,100.0,99.8,100.0,100.0
2021-03-26,100.0,99.8,98.8,,,,,,,,,,100.0,99.8,100.0,100.0
2021-03-27,100.0,99.8,98.8,,,,,,,100.0,97.7,100.0,100.0,99.8,100.0,100.0
2021-03-28,,,,,,,,,,,,,100.0,99.7,100.0,100.0
2021-03-29,,,,,,,,,,,,,100.0,99.7,100.0,100.0
2021-03-30,,,,,,,,,,100.0,96.8,46.4,100.0,99.7,100.0,100.0
2021-03-31,100.0,99.8,98.4,,,,,,,100.0,96.6,100.0,100.0,99.7,100.0,100.0
2021-04-01,100.0,99.5,98.6,100.0,99.9,100.0,100.0,99.3,68.7,,,,100.0,99.8,100.0,100.0
2021-04-02,100.0,99.4,98.3,,,,,,,,,,100.0,99.8,100.0,100.0
2021-04-03,100.0,99.3,64.9,,,,,,,,,,100.0,99.7,100.0,100.0
2021-04-04,,,,,,,,,,100.0,97.1,100.0,100.0,99.7,100.0,100.0
2021-04-05,,,,,,,,,,100.0,97.5,100.0,100.0,99.6,100.0,100.0
2021-04-06,100.0,99.3,99.1,100.0,99.9,99.5,,,,,,,100.0,99.8,100.0,100.0
2021-04-07,100.0,99.4,98.6,,,,,,,,,,100.0,99.6,100.0,100.0
2021-04-08,100.0,99.5,99.0,,,,,,,100.0,97.3,100.0,100.0,99.6,100.0,100.0
2021-04-09,,,,,,,,,,,,,100.0,99.5,100.0,100.0
2021-04-10,,,,,,,,,,,,,100.0,99.4,100.0,100.0
2021-04-11,,,,,,,,,,,,,100.0,99.3,100.0,100.0
2021-04-12,100.0,99.6,98.4,,,,,,,,,,100.0,99.5,100.0,100.0
2021-04-13,99.9,99.3,99.1,,,,,,,100.0,97.5,95.8,100.0,99.4,100.0,100.0
2021-04-14,100.0,99.5,98.7,,,,,,,,,,100.0,99.5,100.0,100.0
2021-04-15,100.0,99.7,62.8,,,,,,,100.0,97.8,91.3,100.0,99.4,100.0,100.0
2021-04-16,,,,100.0,99.9,100.0,,,,100.0,97.2,100.0,100.0,99.5,100.0,100.0
2021-04-17,,,,,,,100.0,99.6,77.7,100.0,96.3,100.0,100.0,99.5,100.0,100.0
2021-04-18,100.0,99.5,98.8,,,,,,,,,,100.0,99.5,100.0,100.0
2021-04-19,100.0,99.3,98.4,,,,,,,100.0,94.8,100.0,100.0,99.4,100.0,100.0
2021-04-20,100.0,99.2,98.6,,,,,,,100.0,94.4,100.0,100.0,99.4,100.0,100.0
2021-04-21,,,,100.0,99.5,95.9,,,,,,,100.0,99.3,100.0,100.0
2021-04-22,,,,,,,,,,,,,100.0,99.0,100.0,100.0
2021-04-23,,,,,,,,,,99.9,91.8,100.0,100.0,98.9,100.0,100.0
2021-04-24,100.0,99.0,98.3,,,,,,,99.5,90.1,100.0,100.0,98.8,100.0,100.0
2021-04-25,100.0,98.6,98.6,,,,,,,99.9,89.5,100.0,100.0,98.5,100.0,100.0
2021-04-26,100.0,97.8,98.4,,,,,,,,,,100.0,98.1,100.0,100.0
2021-04-27,100.0,97.2,57.8,,,,,,,99.5,88.2,100.0,100.0,97.5,100.0,100.0
2021-04-28,,,,,,,,,,99.2,86.2,100.0,100.0,96.4,100.0,100.0
2021-04-29,,,,,,,,,,99.0,84.2,100.0,100.0,95.0,100.0,100.0
2021-04-30,100.0,95.0,98.2,,,,,,,,,,99.9,92.9,100.0,99.9
2021-05-01,99.3,87.7,98.6,,,,,,,,,,99.8,91.4,100.0,99.8
2021-05-02,96.1,79.8,98.6,,,,,,,,,,97.5,85.8,100.0,97.5
2021-05-03,,,,,,,99.9,93.6,61.4,95.3,77.9,100.0,93.9,82.4,100.0,93.9
2021-05-04,,,,,,,,,,,,,82.5,73.7,100.0,82.5
2021-05-05,,,,,,,,,,,,,75.7,70.1,100.0,75.7
2021-05-06,82.5,63.9,98.4,,,,,,,,,,53.2,58.4,100.0,53.2
2021-05-07,63.4,48.3,98.4,,,,,,,84.1,65.0,38.3,31.9,48.2,100.0,31.9
2021-05-08,11.8,24.4,98.3,,,,,,,,,,2.3,34.2,100.0,2.3
2021-05-09,1.0,5.4,60.9,,,,,,,58.0,50.3,95.6,0.1,28.0,100.0,0.1
2021-05-10,,,,,,,,,,,,,0.0,21.2,100.0,0.0
2021-05-11,,,,,,,,,,,,,0.0,15.5,100.0,0.0
2021-05-12,0.2,4.3,98.3,,,,,,,,,,0.0,11.3,100.0,0.0
2021-05-13,0.0,1.4,98.4,,,,,,,,,,0.0,8.9,100.0,0.0
2021-05-14,0.0,0.6,98.0,,,,,,,,,,0.0,7.6,100.0,0.0
2021-05-15,,,,,,,,,,,,,0.0,8.0,100.0,0.0
2021-05-16,,,,,,,,,,,,,0.0,8.5,100.0,0.0
2021-05-17,,,,,,,,,,,,,0.0,6.8,100.0,0.0
2021-05-18,0.0,0.7,98.1,,,,,,,,,,0.0,6.0,100.0,0.0
2021-05-19,0.0,0.6,98.4,,,,,,,,,,0.0,6.0,100.0,0.0
2021-05-20,0.0,0.7,98.5,,,,,,,,,,0.0,5.7,100.0,0.0
2021-05-21,0.0,0.2,62.8,,,,,,,,,,0.0,5.2,100.0,0.0
2021-05-22,,,,,,,,,,,,,0.0,3.9,100.0,0.0
2021-05-23,,,,,,,,,,,,,0.0,3.5,100.0,0.0
2021-05-24,0.0,0.5,98.2,,,,,,,,,,0.0,3.2,100.0,0.0
2021-05-25,0.1,0.6,98.5,,,,,,,0.6,13.0,100.0,0.0,2.5,100.0,0.0
2021-05-26,0.0,0.4,98.3,0.0,5.3,100.0,,,,,,,0.0,2.4,100.0,0.0
2021-05-27,,,,,,,,,,,,,0.0,2.4,100.0,0.0
2021-05-28,,,,,,,0.0,0.5,98.7,0.0,4.2,100.0,0.0,2.2,100.0,0.0
2021-05-29,,,,,,,,,,,,,0.0,2.2,100.0,0.0
2021-05-30,0.0,0.5,98.2,,,,,,,,,,0.0,1.9,100.0,0.0
2021-05-31,0.0,0.5,98.6,0.0,0.3,99.7,,,,,,,0.0,1.7,100.0,0.0
2021-06-01,0.1,0.5,99.0,,,,,,,,,,0.0,2.0,100.0,0.0
2021-06-02,0.0,0.4,61.5,,,,,,,,,,0.0,2.2,100.0,0.0
2021-06-03,,,,,,,,,,,,,0.0,2.4,100.0,0.0
2021-06-04,,,,,,,,,,,,,0.0,2.3,100.0,0.0
2021-06-05,0.0,0.7,98.3,,,,,,,,,,0.0,2.1,100.0,0.0
2021-06-06,0.0,0.8,98.6,,,,,,,,,,0.0,2.1,100.0,0.0
2021-06-07,0.0,1.1,98.6,,,,,,,,,,0.0,2.8,100.0,0.0
2021-06-08,,,,,,,,,,,,,0.0,3.2,100.0,0.0
2021-06-09,,,,,,,,,,,,,0.0,2.8,100.0,0.0
2021-06-10,,,,0.0,0.0,97.3,,,,,,,0.0,2.0,100.0,0.0
2021-06-11,0.0,1.2,98.5,,,,,,,,,,0.0,1.8,100.0,0.0
2021-06-12,0.1,1.6,98.6,,,,,,,,,,0.0,2.0,100.0,0.0
2021-06-13,0.0,2.0,98.8,,,,,,,0.0,1.1,90.9,0.0,2.1,100.0,0.0
2021-06-14,0.0,2.4,63.9,,,,,,,0.0,0.5,100.0,0.0,1.9,100.0,0.0
2021-06-15,,,,0.0,0.0,100.0,,,,,,,0.0,1.7,100.0,0.0
2021-06-16,,,,,,,,,,,,,0.0,2.0,100.0,0.0
2021-06-17,0.0,2.0,98.4,,,,,,,0.0,0.1,100.0,0.0,1.5,100.0,0.0
2021-06-18,0.0,1.9,98.6,,,,,,,,,,0.0,1.6,100.0,0.0
2021-06-19,0.1,1.8,98.7,,,,,,,,,,0.0,1.6,100.0,0.0
2021-06-20,,,,,,,,,,,,,0.0,2.0,100.0,0.0
2021-06-21,,,,,,,,,,0.0,0.1,100.0,0.0,1.7,100.0,0.0
2021-06-22,,,,,,,,,,0.0,0.0,100.0,0.0,2.2,100.0,0.0
2021-06-23,0.3,2.8,98.5,,,,,,,,,,0.0,2.3,100.0,0.0
2021-06-24,,,,,,,,,,,,,0.0,2.2,100.0,0.0
2021-06-25,0.2,1.2,98.9,0.0,0.0,100.0,,,,0.0,0.1,100.0,0.0,1.7,100.0,0.0
2021-06-26,0.0,0.4,58.7,,,,,,,0.0,0.0,100.0,0.0,2.1,100.0,0.0
2021-06-27,,,,,,,,,,,,,0.0,2.1,100.0,0.0
2021-06-28,,,,,,,,,,0.0,0.0,100.0,0.0,2.0,100.0,0.0
2021-06-29,0.2,1.1,98.3,,,,,,,,,,0.0,1.9,100.0,0.0
2021-06-30,0.3,1.0,98.7,,,,,,,,,,0.0,1.8,100.0,0.0
2021-07-01,0.3,1.2,99.1,,,,,,,0.0,0.0,95.0,0.0,1.8,100.0,0.0
2021-07-02,,,,,,,,,,0.0,0.0,99.4,0.0,1.7,100.0,0.0
2021-07-03,,,,,,,,,,,,,0.0,2.3,100.0,0.0
2021-07-04,,,,,,,,,,,,,0.0,2.1,100.0,0.0
2021-07-05,0.3,1.1,98.5,,,,,,,,,,0.0,2.2,100.0,0.0
2021-07-06,0.1,0.9,98.6,,,,,,,,,,0.0,3.2,100.0,0.0
2021-07-07,0.0,1.4,98.8,,,,,,,,,,0.0,3.5,100.0,0.0
2021-07-08,0.1,1.7,59.6,,,,,,,,,,0.0,1.7,100.0,0.0
2021-07-09,,,,,,,,,,,,,0.0,1.4,100.0,0.0
2021-07-10,,,,0.0,0.0,100.0,,,,,,,0.0,1.4,100.0,0.0
2021-07-11,0.0,1.6,97.8,,,,,,,0.0,0.0,94.9,0.0,1.2,100.0,0.0
2021-07-12,0.0,1.0,98.4,,,,,,,,,,0.0,0.9,100.0,0.0
2021-07-13,0.0,0.9,98.7,,,,,,,,,,0.0,0.8,100.0,0.0
2021-07-14,,,,,,,,,,,,,0.0,0.8,100.0,0.0
2021-07-15,,,,,,,,,,,,,0.0,0.8,100.0,0.0
2021-07-16,,,,,,,,,,,,,0.0,0.4,100.0,0.0
2021-07-17,0.0,1.1,98.1,,,,,,,,,,0.0,0.3,100.0,0.0
2021-07-18,0.0,1.4,98.4,,,,,,,,,,0.0,0.2,100.0,0.0
2021-07-19,0.0,1.4,98.3,,,,,,,,,,0.0,0.2,100.0,0.0
2021-07-20,0.0,1.2,63.0,0.0,0.0,100.0,,,,0.0,0.0,99.5,0.0,0.1,100.0,0.0
2021-07-21,,,,,,,,,,,,,0.0,0.1,100.0,0.0
2021-07-22,,,,,,,0.0,0.0,91.4,,,,0.0,0.1,100.0,0.0
2021-07-23,0.1,1.6,97.9,,,,,,,0.0,0.0,100.0,0.0,0.1,100.0,0.0
2021-07-24,0.1,1.2,98.2,,,,,,,,,,0.0,0.1,100.0,0.0
2021-07-25,0.2,1.7,98.6,,,,,,,,,,0.0,0.1,100.0,0.0
2021-07-26,,,,,,,,,,,,,0.0,0.1,100.0,0.0
2021-07-27,,,,,,,,,,,,,0.0,0.2,100.0,0.0
2021-07-28,,,,,,,,,,,,,0.0,0.2,100.0,0.0
2021-07-29,0.1,1.3,97.6,,,,,,,,,,0.0,0.3,100.0,0.0
2021-07-30,0.1,1.3,98.4,,,,,,,,,,0.0,0.3,100.0,0.0
2021-07-31,0.0,0.4,97.8,,,,,,,,,,0.0,0.5,100.0,0.0
2021-08-01,0.0,0.4,61.4,,,,,,,,,,0.0,0.3,100.0,0.0
2021-08-02,,,,,,,,,,,,,0.0,0.3,100.0,0.0
2021-08-03,,,,,,,,,,,,,0.0,0.3,100.0,0.0
2021-08-04,0.1,0.4,97.8,,,,,,,,,,0.0,0.4,100.0,0.0
2021-08-05,0.1,0.5,98.3,,,,,,,0.0,0.0,90.4,0.0,0.2,100.0,0.0
2021-08-06,0.0,0.5,98.0,,,,,,,,,,0.0,0.3,100.0,0.0
2021-08-07,0.0,0.3,94.6,,,,,,,,,,0.0,0.3,100.0,0.0
2021-08-08,,,,,,,,,,,,,0.0,0.3,100.0,0.0
2021-08-09,,,,0.0,0.0,99.8,,,,,,,0.0,0.2,100.0,0.0
2021-08-10,0.0,0.5,97.9,,,,,,,,,,0.0,0.1,100.0,0.0
2021-08-11,0.0,0.8,97.7,,,,,,,,,,0.0,0.2,100.0,0.0
2021-08-12,0.0,1.0,98.1,,,,,,,0.0,0.0,100.0,0.0,0.1,100.0,0.0
2021-08-13,0.0,1.6,59.4,,,,,,,0.0,0.0,88.7,0.0,0.1,100.0,0.0
2021-08-14,,,,0.0,0.0,100.0,,,,0.0,0.0,100.0,0.0,0.1,100.0,0.0
2021-08-15,,,,,,,,,,,,,0.0,0.1,100.0,0.0
2021-08-16,,,,,,,0.0,0.0,99.4,0.0,0.0,100.0,0.0,0.1,100.0,0.0
2021-08-17,0.1,1.7,97.9,,,,,,,,,,0.0,0.1,100.0,0.0
2021-08-18,0.4,2.3,98.1,,,,,,,0.0,0.0,46.5,0.0,0.1,100.0,0.0
2021-08-19,,,,0.0,0.0,85.6,,,,,,,0.0,0.1,100.0,0.0
2021-08-20,,,,,,,,,,0.0,0.0,100.0,0.0,0.1,100.0,0.0
2021-08-21,,,,,,,,,,0.0,0.0,100.0,0.0,0.1,100.0,0.0
2021-08-22,1.3,5.1,97.8,,,,,,,,,,0.0,0.2,100.0,0.0
2021-08-23,1.0,3.9,98.1,,,,,,,,,,0.0,0.2,100.0,0.0
2021-08-24,1.5,5.5,98.0,0.0,0.1,85.4,,,,,,,0.0,0.3,100.0,0.0
2021-08-25,,,,,,,,,,0.0,0.0,100.0,0.0,0.2,100.0,0.0
2021-08-26,,,,,,,,,,,,,0.0,0.2,100.0,0.0
2021-08-27,,,,,,,,,,,,,0.0,0.2,100.0,0.0
2021-08-28,1.8,6.4,97.9,,,,,,,,,,0.0,0.2,100.0,0.0
2021-08-29,3.5,6.4,97.9,,,,,,,0.0,0.0,80.5,0.0,0.1,100.0,0.0
2021-08-30,3.5,6.2,97.6,,,,,,,0.0,0.0,33.9,0.0,0.1,100.0,0.0
2021-08-31,,,,,,,,,,,,,0.0,0.1,100.0,0.0
2021-09-01,,,,,,,0.0,0.0,100.0,,,,0.0,0.1,100.0,0.0
2021-09-02,,,,,,,,,,0.0,0.0,100.0,0.0,0.1,100.0,0.0
2021-09-03,0.1,0.6,39.1,0.0,0.1,99.1,,,,0.0,0.0,100.0,0.0,0.1,100.0,0.0
2021-09-04,0.1,0.6,40.4,,,,,,,0.0,0.0,100.0,0.0,0.1,100.0,0.0
2021-09-05,0.1,0.5,39.3,,,,,,,0.0,0.0,100.0,0.0,0.1,100.0,0.0
2021-09-06,0.0,0.2,12.9,,,,,,,0.0,0.0,100.0,0.0,0.1,100.0,0.0
2021-09-07,,,,,,,,,,,,,0.0,0.1,100.0,0.0
2021-09-08,,,,0.0,0.1,92.0,0.0,0.0,45.2,0.0,0.0,100.0,0.0,0.1,100.0,0.0
2021-09-09,0.0,0.3,38.1,,,,,,,0.0,0.0,100.0,0.0,0.1,100.0,0.0
2021-09-10,0.1,0.7,39.3,,,,,,,,,,0.0,0.1,100.0,0.0
2021-09-11,0.2,1.3,39.9,,,,,,,,,,0.0,0.1,100.0,0.0
2021-09-12,,,,,,,,,,,,,0.0,0.1,100.0,0.0
2021-09-13,,,,0.0,0.1,100.0,,,,0.0,0.0,100.0,0.0,0.1,100.0,0.0
2021-09-14,,,,,,,,,,,,,0.0,0.1,100.0,0.0
2021-09-15,0.2,1.8,40.0,,,,,,,,,,0.0,0.1,100.0,0.0
2021-09-16,0.3,2.4,39.5,,,,,,,,,,0.0,0.1,100.0,0.0
2021-09-17,0.7,4.0,39.8,,,,0.0,0.0,100.0,0.0,0.0,98.2,0.0,0.0,100.0,0.0
2021-09-18,0.0,3.0,13.8,0.0,0.1,100.0,,,,,,,0.0,0.0,100.0,0.0
2021-09-19,,,,,,,,,,,,,0.0,0.0,100.0,0.0
2021-09-20,,,,,,,,,,,,,0.0,0.0,100.0,0.0
2021-09-21,2.7,7.4,40.0,,,,,,,,,,0.0,0.0,100.0,0.0
2021-09-22,1.9,8.5,82.6,,,,,,,,,,0.0,0.0,100.0,0.0
2021-09-23,0.9,4.0,78.4,0.0,0.0,100.0,,,,,,,0.0,0.0,100.0,0.0
2021-09-24,,,,,,,0.0,0.0,100.0,,,,0.0,0.0,100.0,0.0
2021-09-25,,,,,,,,,,,,,0.0,0.0,100.0,0.0
2021-09-26,,,,,,,,,,,,,0.0,0.0,100.0,0.0
2021-09-27,0.7,2.8,68.9,,,,,,,,,,0.0,0.0,100.0,0.0
2021-09-28,0.4,1.9,70.9,0.0,0.0,100.0,,,,,,,0.0,0.0,100.0,0.0
2021-09-29,0.5,2.5,72.6,,,,,,,,,,0.0,0.0,100.0,0.0
2021-09-30,0.4,2.1,66.9,,,,,,,,,,0.0,0.1,100.0,0.0
2021-10-01,,,,,,,,,,,,,0.0,0.1,100.0,0.0
2021-10-02,,,,,,,,,,,,,0.0,0.4,100.0,0.0
2021-10-03,0.6,2.9,70.1,,,,,,,,,,0.0,0.3,100.0,0.0
2021-10-04,0.5,3.4,66.1,,,,,,,,,,0.0,0.4,100.0,0.0
2021-10-05,1.0,7.0,67.8,,,,,,,,,,0.0,0.3,100.0,0.0
2021-10-06,,,,,,,,,,,,,0.0,0.8,100.0,0.0
2021-10-07,,,,,,,,,,,,,0.0,0.7,100.0,0.0
2021-10-08,,,,0.0,0.0,100.0,,,,0.0,0.0,100.0,0.0,0.7,100.0,0.0
2021-10-09,0.9,5.9,69.0,,,,,,,0.0,0.0,100.0,0.0,0.7,100.0,0.0
2021-10-10,1.5,6.5,69.2,,,,0.0,0.0,44.6,,,,0.0,1.8,100.0,0.0
2021-10-11,0.8,4.5,68.4,,,,,,,0.0,0.0,100.0,0.0,1.4,100.0,0.0
2021-10-12,0.3,2.4,64.0,,,,,,,,,,0.0,1.6,100.0,0.0
2021-10-13,,,,0.0,0.0,65.1,,,,0.0,0.0,100.0,0.0,1.5,100.0,0.0
2021-10-14,,,,,,,,,,,,,0.0,2.4,100.0,0.0
2021-10-15,0.0,1.6,66.1,,,,,,,0.0,0.0,100.0,0.0,1.5,100.0,0.0
2021-10-16,0.0,1.1,65.5,,,,,,,0.0,0.1,100.0,0.0,1.9,100.0,0.0
2021-10-17,0.0,1.4,68.5,,,,,,,,,,0.0,2.3,100.0,0.0
2021-10-18,,,,0.0,0.1,99.7,,,,,,,0.0,2.8,100.0,0.0
2021-10-19,,,,,,,,,,0.0,0.1,75.5,0.0,1.9,100.0,0.0
2021-10-20,,,,,,,,,,0.0,0.0,100.0,0.0,1.8,100.0,0.0
2021-10-21,0.0,1.1,67.8,,,,,,,,,,0.0,2.4,100.0,0.0
2021-10-22,0.0,1.9,66.9,,,,,,,,,,0.0,2.7,100.0,0.0
2021-10-23,0.0,2.0,66.9,0.0,0.1,99.9,,,,0.0,0.0,100.0,0.0,1.5,100.0,0.0
2021-10-24,0.1,2.4,66.3,,,,,,,,,,0.0,1.5,100.0,0.0
2021-10-25,,,,,,,,,,,,,0.0,1.9,100.0,0.0
2021-10-26,,,,,,,0.0,0.0,69.6,,,,0.0,2.7,100.0,0.0
2021-10-27,0.1,2.0,70.8,,,,,,,,,,0.0,2.1,100.0,0.0
2021-10-28,0.1,3.5,72.5,0.0,0.1,99.7,,,,0.0,0.0,100.0,0.0,1.4,100.0,0.0
2021-10-29,0.2,4.2,70.9,,,,,,,0.0,0.1,100.0,0.0,1.6,100.0,0.0
2021-10-30,,,,,,,,,,,,,0.0,2.3,100.0,0.0
2021-10-31,,,,,,,,,,0.0,0.1,100.0,0.0,1.8,100.0,0.0
2021-11-01,,,,,,,,,,0.0,0.2,100.0,0.0,2.0,100.0,0.0
2021-11-02,0.1,1.9,68.2,0.0,0.5,100.0,,,,,,,0.0,2.2,100.0,0.0
2021-11-03,0.0,1.3,69.4,,,,,,,,,,0.0,3.1,100.0,0.0
2021-11-04,0.1,1.6,72.3,,,,,,,,,,0.0,2.3,100.0,0.0
2021-11-05,0.0,1.2,63.6,,,,,,,,,,0.0,2.6,100.0,0.0
2021-11-06,,,,,,,,,,,,,0.0,2.7,100.0,0.0
2021-11-07,,,,0.2,1.9,99.7,,,,,,,0.0,3.1,100.0,0.0
2021-11-08,0.0,0.9,71.4,,,,,,,0.0,0.1,100.0,0.0,1.8,100.0,0.0
2021-11-09,0.0,0.8,71.5,,,,,,,,,,0.0,2.3,100.0,0.0
2021-11-10,0.0,1.3,69.4,,,,,,,,,,0.0,2.1,100.0,0.0
2021-11-11,,,,,,,0.0,0.4,74.2,,,,0.0,3.0,100.0,0.0
2021-11-12,,,,1.2,4.3,100.0,,,,0.0,0.2,100.0,0.0,1.9,100.0,0.0
2021-11-13,,,,,,,,,,,,,0.0,2.6,100.0,0.0
2021-11-14,0.1,1.6,75.3,,,,,,,,,,0.0,2.8,100.0,0.0
2021-11-15,0.1,2.0,76.8,,,,,,,,,,0.0,3.7,100.0,0.0
2021-11-16,0.4,3.3,79.7,,,,,,,,,,0.0,4.0,100.0,0.0
2021-11-17,0.0,2.7,65.0,0.7,3.0,100.0,,,,,,,0.0,3.2,100.0,0.0
2021-11-18,,,,,,,0.1,1.1,67.4,,,,0.0,3.4,100.0,0.0
2021-11-19,,,,,,,,,,,,,0.0,3.7,100.0,0.0
2021-11-20,0.0,2.9,64.4,,,,0.0,1.1,79.4,0.0,0.2,100.0,0.0,3.0,100.0,0.0
2021-11-21,0.0,1.1,66.2,,,,,,,,,,0.0,2.6,100.0,0.0
2021-11-22,0.0,0.9,65.2,,,,,,,,,,0.0,2.9,100.0,0.0
2021-11-23,,,,,,,,,,,,,0.0,2.9,100.0,0.0
2021-11-24,,,,,,,,,,,,,0.0,3.4,100.0,0.0
2021-11-25,,,,,,,,,,,,,0.0,2.5,100.0,0.0
2021-11-26,0.0,0.9,63.1,,,,,,,,,,0.0,3.0,100.0,0.0
2021-11-27,0.0,0.8,58.3,,,,,,,,,,0.0,2.7,100.0,0.0
2021-11-28,0.0,1.0,61.5,,,,,,,0.0,0.7,99.7,0.0,2.7,100.0,0.0
2021-11-29,0.0,1.1,63.7,,,,,,,0.0,0.9,92.8,0.0,2.2,100.0,0.0
2021-11-30,,,,,,,,,,,,,0.0,2.8,100.0,0.0
2021-12-01,,,,,,,,,,,,,0.0,2.9,100.0,0.0
2021-12-02,0.1,1.6,61.9,0.7,4.6,100.0,,,,,,,0.0,2.6,100.0,0.0
2021-12-03,0.1,1.5,64.6,,,,,,,0.0,1.5,100.0,0.0,2.1,100.0,0.0
2021-12-04,0.1,2.1,58.9,,,,,,,,,,0.0,2.5,100.0,0.0
2021-12-05,,,,,,,0.0,1.0,42.6,,,,0.0,2.8,100.0,0.0
2021-12-06,,,,,,,,,,,,,0.0,2.5,100.0,0.0
2021-12-07,,,,1.1,8.0,95.6,,,,,,,0.0,2.5,100.0,0.0
2021-12-08,0.2,2.7,59.9,,,,,,,0.0,2.2,100.0,0.0,2.4,100.0,0.0
2021-12-09,0.4,4.4,63.9,,,,,,,,,,0.0,3.7,100.0,0.0
2021-12-10,0.7,5.3,62.3,,,,,,,0.0,4.0,100.0,0.0,2.8,100.0,0.0
2021-12-11,0.2,3.1,69.6,,,,,,,0.0,2.9,100.0,0.0,3.5,100.0,0.0
2021-12-12,,,,4.8,11.3,100.0,,,,0.0,3.8,100.0,0.0,3.3,100.0,0.0
2021-12-13,,,,,,,1.1,5.5,97.2,,,,0.0,5.9,100.0,0.0
2021-12-14,0.0,2.1,60.0,,,,,,,,,,0.0,5.6,100.0,0.0
2021-12-15,0.0,1.8,62.4,,,,,,,0.1,4.1,100.0,0.0,7.9,100.0,0.0
2021-12-16,0.0,2.0,62.2,,,,,,,0.6,8.4,100.0,0.0,8.4,100.0,0.0
2021-12-17,,,,4.7,12.9,100.0,,,,,,,0.0,17.7,100.0,0.0
2021-12-18,,,,,,,,,,1.0,9.6,100.0,0.0,18.8,100.0,0.0
2021-12-19,,,,,,,,,,,,,0.2,28.7,100.0,0.2
2021-12-20,0.0,1.6,66.5,,,,,,,4.1,17.7,100.0,0.6,31.0,100.0,0.6
2021-12-21,0.5,10.9,68.1,,,,24.5,36.6,100.0,,,,20.9,49.9,100.0,20.9
2021-12-22,56.2,43.1,66.5,77.2,61.1,100.0,97.5,87.6,90.1,,,,48.5,56.4,100.0,48.5
2021-12-23,97.5,79.3,63.8,,,,,,,,,,69.2,65.5,100.0,69.2
2021-12-24,,,,,,,,,,,,,85.7,69.4,100.0,85.7
2021-12-25,,,,,,,,,,,,,96.0,75.8,100.0,96.0
2021-12-26,,,,,,,,,,42.2,45.3,100.0,97.4,78.7,100.0,97.4
2021-12-27,96.5,74.1,65.1,,,,,,,91.7,69.4,100.0,98.6,82.1,100.0,98.6
2021-12-28,95.1,83.4,67.0,,,,,,,95.9,80.1,100.0,98.4,85.3,100.0,98.4
2021-12-29,,,,,,,,,,,,,98.8,88.0,100.0,98.8
2021-12-30,,,,,,,,,,,,,99.0,88.6,100.0,99.0
2021-12-31,,,,,,,,,,97.8,87.3,100.0,99.1,92.1,100.0,99.1
2022-01-01,93.1,86.2,68.6,98.2,93.5,100.0,,,,,,,100.0,94.2,100.0,100.0
2022-01-02,,,,,,,,,,,,,100.0,95.3,100.0,100.0
2022-01-03,,,,,,,,,,99.0,94.0,100.0,100.0,96.0,100.0,100.0
2022-01-04,100.0,94.1,64.3,,,,,,,,,,100.0,97.0,100.0,100.0
2022-01-05,,,,,,,,,,,,,100.0,97.1,100.0,100.0
2022-01-06,,,,100.0,99.9,100.0,100.0,100.0,84.5,,,,100.0,98.4,100.0,100.0
2022-01-07,,,,,,,,,,,,,100.0,98.4,100.0,100.0
2022-01-08,99.8,90.4,64.7,,,,,,,,,,100.0,98.8,100.0,100.0
2022-01-09,99.5,90.0,64.3,,,,,,,,,,100.0,98.8,100.0,100.0
2022-01-10,,,,,,,,,,99.5,96.1,100.0,100.0,98.8,100.0,100.0
2022-01-11,,,,100.0,99.9,100.0,,,,,,,100.0,99.3,100.0,100.0
2022-01-12,,,,,,,,,,,,,100.0,99.3,100.0,100.0
2022-01-13,99.7,91.8,64.4,,,,,,,,,,100.0,99.3,100.0,100.0
2022-01-14,,,,,,,100.0,100.0,85.4,99.6,97.0,100.0,100.0,99.5,100.0,100.0
2022-01-15,,,,,,,100.0,100.0,83.4,,,,100.0,99.6,100.0,100.0
2022-01-16,99.5,91.1,64.3,100.0,99.9,100.0,,,,,,,100.0,99.6,100.0,100.0
2022-01-17,,,,,,,,,,99.9,97.0,100.0,100.0,99.5,100.0,100.0
2022-01-18,,,,,,,,,,,,,100.0,99.5,100.0,100.0
2022-01-19,,,,,,,,,,,,,100.0,99.4,100.0,100.0
2022-01-20,96.1,86.3,68.8,,,,,,,,,,100.0,99.5,100.0,100.0
2022-01-21,97.2,84.2,66.6,100.0,99.9,100.0,,,,,,,100.0,99.5,100.0,100.0
2022-01-22,,,,,,,,,,,,,100.0,99.4,100.0,100.0
2022-01-23,,,,,,,100.0,100.0,85.0,,,,100.0,99.4,100.0,100.0
2022-01-24,,,,,,,,,,,,,100.0,99.3,100.0,100.0
2022-01-25,98.2,85.8,63.8,,,,,,,,,,100.0,99.3,100.0,100.0
2022-01-26,,,,100.0,100.0,100.0,,,,,,,100.0,99.4,100.0,100.0
2022-01-27,,,,,,,,,,,,,100.0,99.3,100.0,100.0
2022-01-28,98.9,87.5,64.1,,,,,,,,,,100.0,99.3,100.0,100.0
2022-01-29,,,,,,,,,,,,,100.0,99.3,100.0,100.0
2022-01-30,,,,,,,100.0,99.9,88.6,100.0,97.7,100.0,100.0,99.3,100.0,100.0
2022-01-31,,,,100.0,99.9,51.4,,,,,,,100.0,99.4,100.0,100.0
2022-02-01,99.6,88.0,63.3,,,,,,,,,,100.0,99.4,100.0,100.0
2022-02-02,94.6,87.3,70.6,,,,,,,,,,100.0,99.4,100.0,100.0
2022-02-03,,,,,,,,,,,,,100.0,99.0,100.0,100.0
2022-02-04,,,,,,,,,,,,,100.0,99.3,100.0,100.0
2022-02-05,,,,100.0,100.0,100.0,,,,,,,100.0,99.5,100.0,100.0
2022-02-06,100.0,94.7,57.3,,,,,,,,,,100.0,99.5,100.0,100.0
2022-02-07,,,,,,,,,,100.0,97.2,100.0,100.0,99.3,100.0,100.0
2022-02-08,,,,,,,100.0,99.9,76.5,100.0,98.2,100.0,100.0,99.5,100.0,100.0
2022-02-09,100.0,97.0,61.2,,,,,,,,,,100.0,99.5,100.0,100.0
2022-02-10,,,,100.0,100.0,100.0,,,,100.0,98.2,100.0,100.0,99.6,100.0,100.0
2022-02-11,,,,,,,,,,100.0,98.2,100.0,100.0,99.4,100.0,100.0
2022-02-12,,,,,,,,,,100.0,98.3,100.0,100.0,99.5,100.0,100.0
2022-02-13,98.8,95.3,68.2,,,,,,,,,,100.0,99.5,100.0,100.0
2022-02-14,100.0,98.3,64.7,,,,,,,,,,100.0,99.4,100.0,100.0
2022-02-15,,,,,,,,,,,,,100.0,99.2,100.0,100.0
2022-02-16,,,,,,,,,,100.0,98.0,100.0,100.0,99.3,100.0,100.0
2022-02-17,,,,,,,,,,,,,100.0,99.2,100.0,100.0
2022-02-18,100.0,98.9,63.4,,,,,,,100.0,97.6,100.0,100.0,99.2,100.0,100.0
2022-02-19,,,,,,,,,,100.0,97.7,98.3,100.0,99.1,100.0,100.0
2022-02-20,,,,100.0,99.8,98.5,,,,100.0,98.1,100.0,100.0,99.4,100.0,100.0
2022-02-21,100.0,99.2,60.9,,,,,,,,,,100.0,99.3,100.0,100.0
2022-02-22,,,,,,,,,,,,,100.0,99.2,100.0,100.0
2022-02-23,,,,,,,100.0,99.9,70.8,,,,100.0,99.2,100.0,100.0
2022-02-24,,,,,,,,,,,,,100.0,99.2,100.0,100.0
2022-02-25,100.0,99.2,61.5,100.0,99.7,98.1,,,,,,,100.0,99.5,100.0,100.0
2022-02-26,100.0,98.7,66.0,,,,,,,,,,100.0,99.3,100.0,100.0
2022-02-27,,,,,,,,,,100.0,98.0,100.0,100.0,99.2,100.0,100.0
2022-02-28,,,,,,,,,,,,,100.0,99.3,100.0,100.0
2022-03-01,,,,,,,,,,,,,100.0,99.4,100.0,100.0
2022-03-02,,,,100.0,99.9,100.0,,,,,,,100.0,99.5,100.0,100.0
2022-03-03,,,,,,,100.0,99.9,86.1,,,,100.0,99.4,100.0,100.0
2022-03-04,,,,,,,100.0,99.9,81.1,,,,100.0,99.4,100.0,100.0
2022-03-05,100.0,99.5,63.9,,,,,,,100.0,97.9,100.0,100.0,99.5,100.0,100.0
2022-03-06,,,,,,,,,,100.0,98.5,100.0,100.0,99.5,100.0,100.0
2022-03-07,,,,100.0,99.9,100.0,,,,,,,100.0,99.5,100.0,100.0
2022-03-08,,,,,,,,,,,,,100.0,99.4,100.0,100.0
2022-03-09,98.7,97.6,68.2,,,,,,,100.0,99.2,100.0,100.0,99.5,100.0,100.0
2022-03-10,100.0,99.7,64.7,,,,,,,,,,100.0,99.4,100.0,100.0
2022-03-11,,,,,,,100.0,99.9,100.0,,,,100.0,99.4,100.0,100.0
2022-03-12,,,,,,,,,,,,,100.0,99.3,100.0,100.0
2022-03-13,,,,,,,,,,,,,100.0,99.3,100.0,100.0
2022-03-14,100.0,99.6,58.9,,,,,,,,,,100.0,99.3,100.0,100.0
2022-03-15,,,,,,,,,,100.0,99.0,100.0,100.0,98.9,100.0,100.0
2022-03-16,,,,,,,,,,,,,100.0,99.1,100.0,100.0
2022-03-17,100.0,99.7,62.2,,,,,,,,,,100.0,99.2,100.0,100.0
2022-03-18,,,,,,,,,,,,,100.0,99.2,100.0,100.0
2022-03-19,,,,,,,100.0,99.9,100.0,,,,100.0,99.3,100.0,100.0
2022-03-20,,,,,,,100.0,99.9,78.7,100.0,99.3,100.0,100.0,99.4,100.0,100.0
2022-03-21,100.0,99.7,63.3,,,,,,,,,,100.0,99.3,100.0,100.0
2022-03-22,100.0,98.4,67.1,100.0,99.9,100.0,,,,,,,100.0,99.4,100.0,100.0
2022-03-23,,,,,,,,,,,,,100.0,99.2,100.0,100.0
2022-03-24,,,,,,,,,,,,,100.0,99.0,100.0,100.0
2022-03-25,,,,,,,,,,100.0,99.2,100.0,100.0,98.9,100.0,100.0
2022-03-26,100.0,99.4,63.7,,,,,,,,,,100.0,98.9,100.0,100.0
2022-03-27,,,,100.0,98.8,100.0,100.0,98.2,82.6,,,,100.0,99.1,100.0,100.0
2022-03-28,,,,,,,100.0,96.4,66.7,,,,100.0,98.6,100.0,100.0
2022-03-29,100.0,99.3,64.1,,,,,,,,,,100.0,98.3,100.0,100.0
2022-03-30,,,,,,,,,,,,,100.0,97.8,100.0,100.0
2022-03-31,,,,,,,,,,,,,100.0,97.5,100.0,100.0
2022-04-01,,,,,,,,,,,,,100.0,97.0,100.0,100.0
2022-04-02,100.0,99.0,64.4,,,,,,,,,,100.0,97.7,100.0,100.0
2022-04-03,100.0,97.5,65.6,,,,,,,,,,100.0,97.5,100.0,100.0
2022-04-04,,,,,,,100.0,99.8,80.7,,,,100.0,97.7,100.0,100.0
2022-04-05,,,,,,,,,,100.0,99.3,91.1,100.0,97.1,100.0,100.0
2022-04-06,,,,99.8,97.7,100.0,,,,100.0,99.2,100.0,100.0,97.6,100.0,100.0
2022-04-07,97.0,91.4,68.8,,,,,,,,,,100.0,97.0,100.0,100.0
2022-04-08,,,,,,,,,,,,,100.0,96.1,100.0,100.0
2022-04-09,,,,,,,,,,,,,100.0,96.0,100.0,100.0
2022-04-10,99.8,89.0,61.3,,,,,,,100.0,98.6,100.0,100.0,95.8,100.0,100.0
2022-04-11,,,,94.0,83.0,100.0,,,,,,,100.0,95.8,100.0,100.0
2022-04-12,,,,,,,100.0,99.6,43.7,100.0,98.4,99.8,99.9,94.1,100.0,99.9
2022-04-13,,,,,,,97.6,86.5,73.7,100.0,96.8,100.0,99.8,93.6,100.0,99.8
2022-04-14,,,,,,,,,,100.0,97.6,100.0,99.2,91.2,100.0,99.2
2022-04-15,94.4,79.5,68.2,,,,,,,,,,98.3,89.4,100.0,98.3
2022-04-16,,,,10.8,28.6,64.9,,,,,,,96.6,85.7,100.0,96.6
2022-04-17,,,,,,,,,,99.8,94.3,100.0,95.3,82.6,100.0,95.3
2022-04-18,,,,,,,,,,100.0,94.5,100.0,92.7,77.9,100.0,92.7
2022-04-19,90.7,66.1,63.9,,,,,,,,,,89.7,73.4,100.0,89.7
2022-04-20,,,,,,,16.0,24.4,65.4,98.4,86.9,100.0,74.2,63.9,100.0,74.2
2022-04-21,,,,0.4,15.7,33.4,,,,99.3,87.8,100.0,32.3,52.9,100.0,32.3
2022-04-22,30.0,33.8,62.7,,,,,,,,,,2.5,35.4,100.0,2.5
2022-04-23,,,,,,,,,,,,,0.4,27.2,100.0,0.4
2022-04-24,,,,,,,,,,93.5,75.9,100.0,0.0,19.6,100.0,0.0
2022-04-25,,,,,,,,,,79.0,60.9,100.0,0.0,14.0,100.0,0.0
2022-04-26,5.7,12.9,68.1,0.0,0.8,99.2,,,,30.6,38.6,68.8,0.0,8.7,100.0,0.0
2022-04-27,2.7,7.7,67.3,,,,,,,,,,0.0,7.0,100.0,0.0
2022-04-28,,,,,,,0.1,0.5,68.7,,,,0.0,5.4,100.0,0.0
2022-04-29,,,,,,,0.0,0.3,83.0,5.5,23.1,100.0,0.0,4.4,100.0,0.0
2022-04-30,,,,,,,,,,1.9,16.4,66.0,0.0,3.8,100.0,0.0
2022-05-01,1.9,6.3,65.4,,,,,,,,,,0.0,3.7,100.0,0.0
2022-05-02,,,,,,,,,,0.0,8.4,100.0,0.0,3.4,100.0,0.0
2022-05-03,,,,,,,,,,,,,0.0,3.8,100.0,0.0
2022-05-04,1.2,3.1,57.1,,,,,,,0.2,9.4,31.4,0.0,4.6,100.0,0.0
2022-05-05,,,,,,,,,,,,,0.0,4.7,100.0,0.0
2022-05-06,,,,,,,,,,,,,0.0,5.3,100.0,0.0
2022-05-07,,,,,,,,,,,,,0.0,5.2,100.0,0.0
2022-05-08,0.2,2.1,61.9,,,,,,,,,,0.0,5.8,100.0,0.0
2022-05-09,0.7,2.9,65.5,,,,,,,,,,0.0,4.7,100.0,0.0
2022-05-10,,,,,,,,,,,,,0.0,4.5,100.0,0.0
2022-05-11,,,,0.0,0.0,100.0,,,,,,,0.0,3.6,100.0,0.0
2022-05-12,,,,,,,,,,0.0,1.0,100.0,0.0,2.9,100.0,0.0
2022-05-13,0.5,4.1,63.9,,,,,,,,,,0.0,2.6,100.0,0.0
2022-05-14,,,,,,,,,,,,,0.0,2.6,100.0,0.0
2022-05-15,,,,,,,0.0,0.0,63.2,,,,0.0,2.5,100.0,0.0
2022-05-16,1.1,4.8,61.0,,,,,,,,,,0.0,2.8,100.0,0.0
2022-05-17,,,,,,,,,,,,,0.0,1.7,100.0,0.0
2022-05-18,,,,,,,,,,,,,0.0,1.7,100.0,0.0
2022-05-19,,,,,,,,,,,,,0.0,1.9,100.0,0.0
2022-05-20,1.3,5.5,59.7,,,,,,,,,,0.0,1.6,100.0,0.0
2022-05-21,1.4,5.6,62.4,0.0,0.0,98.2,,,,,,,0.0,1.1,100.0,0.0
2022-05-22,,,,,,,,,,,,,0.0,0.9,100.0,0.0
2022-05-23,,,,,,,0.0,0.0,53.6,,,,0.0,1.0,100.0,0.0
2022-05-24,,,,,,,,,,,,,0.0,1.1,100.0,0.0
2022-05-25,1.3,6.5,57.2,,,,,,,0.0,0.6,33.8,0.0,0.8,100.0,0.0
2022-05-26,,,,0.0,0.0,75.3,,,,,,,0.0,0.6,100.0,0.0
2022-05-27,,,,,,,,,,,,,0.0,0.6,100.0,0.0
2022-05-28,1.4,4.8,66.9,,,,,,,,,,0.0,0.5,100.0,0.0
2022-05-29,,,,,,,,,,,,,0.0,0.6,100.0,0.0
2022-05-30,,,,,,,,,,0.0,0.3,100.0,0.0,0.5,100.0,0.0
2022-05-31,,,,0.0,0.0,100.0,0.0,0.0,99.9,,,,0.0,0.5,100.0,0.0
2022-06-01,1.4,5.8,63.8,,,,,,,,,,0.0,0.5,100.0,0.0
2022-06-02,1.7,6.3,67.5,,,,,,,,,,0.0,0.5,100.0,0.0
2022-06-03,,,,,,,,,,,,,0.0,0.7,100.0,0.0
2022-06-04,,,,,,,,,,,,,0.0,1.1,100.0,0.0
2022-06-05,,,,,,,,,,,,,0.0,1.0,100.0,0.0
2022-06-06,2.6,7.9,61.0,,,,,,,0.0,0.1,35.2,0.0,1.1,100.0,0.0
2022-06-07,,,,,,,,,,,,,0.0,1.5,100.0,0.0
2022-06-08,,,,,,,,,,,,,0.0,2.7,100.0,0.0
2022-06-09,,,,,,,,,,,,,0.0,2.3,100.0,0.0
2022-06-10,,,,0.0,0.0,100.0,,,,0.0,0.1,100.0,0.0,1.5,100.0,0.0
2022-06-11,,,,,,,,,,0.0,0.0,98.4,0.0,1.9,100.0,0.0
2022-06-12,,,,,,,,,,,,,0.0,1.9,100.0,0.0
2022-06-13,2.1,6.4,67.1,,,,,,,,,,0.0,2.0,100.0,0.0
2022-06-14,3.7,10.0,66.6,,,,,,,0.0,0.0,100.0,0.0,1.3,100.0,0.0
2022-06-15,,,,0.0,0.0,40.5,,,,,,,0.0,1.5,100.0,0.0
2022-06-16,,,,,,,,,,,,,0.0,1.3,100.0,0.0
2022-06-17,,,,,,,,,,,,,0.0,1.3,100.0,0.0
2022-06-18,6.9,18.0,63.3,,,,,,,0.0,0.0,100.0,0.0,0.8,100.0,0.0
2022-06-19,,,,,,,,,,,,,0.0,1.1,100.0,0.0
2022-06-20,,,,0.0,0.0,100.0,,,,0.0,0.0,100.0,0.0,0.6,100.0,0.0
2022-06-21,5.2,17.0,64.3,,,,,,,,,,0.0,0.6,100.0,0.0
2022-06-22,,,,,,,,,,,,,0.0,0.5,100.0,0.0
2022-06-23,,,,,,,0.0,0.0,75.9,,,,0.0,0.6,100.0,0.0
2022-06-24,,,,,,,,,,,,,0.0,0.5,100.0,0.0
2022-06-25,5.5,15.7,61.7,0.0,0.0,100.0,,,,0.0,0.0,100.0,0.0,0.3,100.0,0.0
2022-06-26,5.8,16.7,62.2,,,,,,,,,,0.0,0.2,100.0,0.0
2022-06-27,,,,,,,,,,,,,0.0,0.3,100.0,0.0
2022-06-28,,,,,,,,,,0.0,0.0,95.6,0.0,0.3,100.0,0.0
2022-06-29,,,,,,,,,,0.0,0.0,100.0,0.0,0.1,100.0,0.0
2022-06-30,10.9,23.2,69.7,0.0,0.0,100.0,,,,,,,0.0,0.1,100.0,0.0
2022-07-01,,,,,,,,,,,,,0.0,0.1,100.0,0.0
2022-07-02,,,,,,,0.0,0.0,89.3,,,,0.0,0.1,100.0,0.0
2022-07-03,10.4,21.0,63.5,,,,,,,,,,0.0,0.1,100.0,0.0
2022-07-04,,,,,,,,,,0.0,0.0,100.0,0.0,0.1,100.0,0.0
2022-07-05,,,,,,,,,,,,,0.0,0.1,100.0,0.0
2022-07-06,,,,,,,,,,,,,0.0,0.1,100.0,0.0
2022-07-07,6.3,16.5,65.8,,,,,,,0.0,0.0,100.0,0.0,0.1,100.0,0.0
2022-07-08,8.6,18.8,61.3,,,,,,,,,,0.0,0.1,100.0,0.0
2022-07-09,,,,,,,0.0,0.0,76.3,,,,0.0,0.1,100.0,0.0
2022-07-10,,,,,,,,,,0.0,0.0,96.4,0.0,0.1,100.0,0.0
2022-07-11,,,,,,,,,,,,,0.0,0.0,100.0,0.0
2022-07-12,13.1,23.2,64.7,,,,,,,,,,0.0,0.1,100.0,0.0
2022-07-13,,,,,,,,,,,,,0.0,0.1,100.0,0.0
2022-07-14,,,,,,,,,,,,,0.0,0.1,100.0,0.0
2022-07-15,7.3,18.2,60.6,0.0,0.0,93.4,,,,,,,0.0,0.1,100.0,0.0
2022-07-16,,,,,,,,,,,,,0.0,0.0,100.0,0.0
2022-07-17,,,,,,,0.0,0.0,99.9,,,,0.0,0.0,100.0,0.0
2022-07-18,,,,,,,0.0,0.0,98.7,,,,0.0,0.0,100.0,0.0
2022-07-19,1.8,9.3,68.6,,,,,,,0.0,0.0,100.0,0.0,0.0,100.0,0.0
2022-07-20,2.1,7.9,65.6,0.0,0.1,89.0,,,,,,,0.0,0.0,100.0,0.0
2022-07-21,,,,,,,,,,,,,0.0,0.0,100.0,0.0
2022-07-22,,,,,,,,,,,,,0.0,0.0,100.0,0.0
2022-07-23,,,,,,,,,,,,,0.0,0.0,100.0,0.0
2022-07-24,2.1,9.0,64.6,,,,,,,0.0,0.0,95.6,0.0,0.0,100.0,0.0
2022-07-25,,,,0.0,0.1,100.0,0.0,0.0,99.9,,,,0.0,0.0,100.0,0.0
2022-07-26,,,,,,,0.0,0.0,95.9,,,,0.0,0.0,100.0,0.0
2022-07-27,1.7,6.9,61.3,,,,,,,,,,0.0,0.0,100.0,0.0
2022-07-28,,,,,,,,,,,,,0.0,0.0,100.0,0.0
2022-07-29,,,,,,,,,,,,,0.0,0.0,100.0,0.0
2022-07-30,,,,,,,,,,,,,0.0,0.0,100.0,0.0
2022-07-31,0.7,5.6,67.4,,,,,,,,,,0.0,0.0,100.0,0.0
2022-08-01,0.8,5.1,66.2,,,,,,,0.0,0.0,76.9,0.0,0.0,100.0,0.0
2022-08-02,,,,,,,0.0,0.0,47.8,0.0,0.0,43.4,0.0,0.0,100.0,0.0
2022-08-03,,,,,,,0.0,0.0,100.0,0.0,0.0,95.6,0.0,0.0,100.0,0.0
2022-08-04,,,,0.0,0.1,100.0,,,,,,,0.0,0.0,100.0,0.0
2022-08-05,2.5,7.4,45.3,,,,,,,0.0,0.0,70.6,0.0,0.0,100.0,0.0
2022-08-06,,,,,,,,,,0.0,0.0,46.7,0.0,0.0,100.0,0.0
2022-08-07,,,,,,,,,,,,,0.0,0.0,100.0,0.0
2022-08-08,2.3,6.7,51.9,,,,,,,,,,0.0,0.1,100.0,0.0
2022-08-09,,,,0.0,0.0,100.0,,,,0.0,0.0,100.0,0.0,0.0,100.0,0.0
2022-08-10,,,,,,,,,,,,,0.0,0.1,100.0,0.0
2022-08-11,,,,,,,0.0,0.0,99.6,0.0,0.0,100.0,0.0,0.0,100.0,0.0
2022-08-12,3.1,9.4,58.6,,,,,,,,,,0.0,0.1,100.0,0.0
2022-08-13,2.5,8.2,59.1,,,,,,,0.0,0.0,100.0,0.0,0.0,100.0,0.0
2022-08-14,,,,0.0,0.0,40.8,,,,0.0,0.0,100.0,0.0,0.1,100.0,0.0
2022-08-15,,,,,,,,,,0.0,0.0,80.3,0.0,0.1,100.0,0.0
2022-08-16,,,,,,,,,,0.0,0.0,100.0,0.0,0.1,100.0,0.0
2022-08-17,4.5,11.0,54.8,,,,,,,,,,0.0,0.2,100.0,0.0
2022-08-18,,,,,,,,,,,,,0.0,0.2,100.0,0.0
2022-08-19,,,,,,,,,,,,,0.0,0.4,100.0,0.0
2022-08-20,3.9,7.5,50.0,,,,,,,0.0,0.0,100.0,0.0,0.2,100.0,0.0
2022-08-21,,,,,,,,,,0.0,0.0,100.0,0.0,0.3,100.0,0.0
2022-08-22,,,,,,,,,,0.0,0.0,100.0,0.0,0.2,100.0,0.0
2022-08-23,,,,,,,,,,,,,0.0,0.5,100.0,0.0
2022-08-24,,,,0.0,0.0,100.0,,,,0.0,0.0,100.0,0.0,0.2,100.0,0.0
2022-08-25,6.2,12.0,49.4,,,,,,,0.0,0.0,100.0,0.0,0.3,100.0,0.0
2022-08-26,,,,,,,,,,0.0,0.0,88.2,0.0,0.2,100.0,0.0
2022-08-27,,,,,,,,,,,,,0.0,0.8,100.0,0.0
2022-08-28,,,,,,,,,,,,,0.0,0.4,100.0,0.0
2022-08-29,7.3,19.1,49.6,0.0,0.0,93.0,,,,,,,0.0,0.4,100.0,0.0
2022-08-30,,,,,,,,,,0.0,0.0,100.0,0.0,0.2,100.0,0.0
2022-08-31,,,,,,,,,,,,,0.0,0.4,100.0,0.0
2022-09-01,6.6,17.3,53.4,,,,,,,0.0,0.0,100.0,0.0,0.2,100.0,0.0
2022-09-02,,,,,,,,,,,,,0.0,0.3,100.0,0.0
2022-09-03,,,,,,,,,,,,,0.0,0.2,100.0,0.0
2022-09-04,,,,,,,,,,,,,0.0,0.3,100.0,0.0
2022-09-05,3.9,12.4,54.8,,,,,,,0.0,0.0,100.0,0.0,0.1,100.0,0.0
2022-09-06,3.8,11.4,56.6,,,,,,,,,,0.0,0.2,100.0,0.0
2022-09-07,,,,,,,,,,,,,0.0,0.1,100.0,0.0
2022-09-08,,,,0.0,0.0,62.8,,,,,,,0.0,0.1,100.0,0.0
2022-09-09,,,,,,,,,,,,,0.0,0.1,100.0,0.0
2022-09-10,4.7,17.4,59.4,,,,,,,,,,0.0,0.1,100.0,0.0
2022-09-11,,,,,,,,,,0.0,0.0,100.0,0.0,0.1,100.0,0.0
2022-09-12,,,,,,,0.0,0.0,100.0,0.0,0.0,88.3,0.0,0.0,100.0,0.0
2022-09-13,2.8,10.9,61.0,0.0,0.0,100.0,,,,,,,0.0,0.0,100.0,0.0
2022-09-14,,,,,,,,,,,,,0.0,0.0,100.0,0.0
2022-09-15,,,,,,,,,,,,,0.0,0.0,100.0,0.0
2022-09-16,,,,,,,,,,,,,0.0,0.0,100.0,0.0
2022-09-17,1.6,9.2,72.0,,,,,,,,,,0.0,0.0,100.0,0.0
2022-09-18,1.1,6.6,64.8,0.0,0.0,43.6,,,,,,,0.0,0.0,100.0,0.0
2022-09-19,,,,,,,0.0,0.0,63.0,,,,0.0,0.0,100.0,0.0
2022-09-20,,,,,,,0.0,0.0,100.0,,,,0.0,0.0,100.0,0.0
2022-09-21,,,,,,,,,,,,,0.0,0.0,100.0,0.0
2022-09-22,4.6,13.6,70.5,,,,,,,,,,0.0,0.0,100.0,0.0
2022-09-23,,,,0.0,0.0,100.0,,,,,,,0.0,0.1,100.0,0.0
2022-09-24,,,,,,,,,,,,,0.0,0.1,100.0,0.0
2022-09-25,0.8,5.9,58.6,,,,,,,,,,0.0,0.1,100.0,0.0
2022-09-26,,,,,,,,,,,,,0.0,0.3,100.0,0.0
2022-09-27,,,,,,,,,,,,,0.0,0.3,100.0,0.0
2022-09-28,,,,,,,,,,,,,0.0,0.3,100.0,0.0
2022-09-29,0.3,3.2,61.2,,,,,,,,,,0.0,0.2,100.0,0.0
2022-09-30,0.0,1.9,60.8,,,,,,,,,,0.0,0.3,100.0,0.0
2022-10-01,,,,,,,,,,,,,0.0,0.3,100.0,0.0
2022-10-02,,,,,,,,,,0.0,0.0,100.0,0.0,0.1,100.0,0.0
2022-10-03,,,,0.0,0.0,100.0,,,,,,,0.0,0.1,100.0,0.0
2022-10-04,0.2,3.2,62.3,,,,,,,,,,0.0,0.1,100.0,0.0
2022-10-05,,,,,,,0.0,0.0,100.0,0.0,0.0,100.0,0.0,0.1,100.0,0.0
2022-10-06,,,,,,,0.0,0.0,100.0,,,,0.0,0.1,100.0,0.0
2022-10-07,0.3,3.1,62.0,,,,,,,,,,0.0,0.1,100.0,0.0
2022-10-08,,,,0.0,0.0,40.3,,,,0.0,0.0,100.0,0.0,0.1,100.0,0.0
2022-10-09,,,,,,,,,,,,,0.0,0.1,100.0,0.0
2022-10-10,,,,,,,,,,,,,0.0,0.1,100.0,0.0
2022-10-11,0.4,2.9,61.6,,,,,,,,,,0.0,0.1,100.0,0.0
2022-10-12,0.2,3.6,59.8,,,,,,,0.0,0.0,100.0,0.0,0.1,100.0,0.0
2022-10-13,,,,,,,,,,,,,0.0,0.2,100.0,0.0
2022-10-14,,,,,,,,,,,,,0.0,0.2,100.0,0.0
2022-10-15,,,,,,,,,,,,,0.0,0.2,100.0,0.0
2022-10-16,1.2,8.4,60.2,,,,,,,0.0,0.0,100.0,0.0,0.1,100.0,0.0
2022-10-17,,,,,,,,,,0.0,0.0,100.0,0.0,0.2,100.0,0.0
2022-10-18,,,,,,,,,,0.0,0.0,100.0,0.0,0.1,100.0,0.0
2022-10-19,1.7,9.7,62.8,,,,,,,,,,0.0,0.2,100.0,0.0
2022-10-20,,,,,,,,,,0.0,0.0,100.0,0.0,0.1,100.0,0.0
2022-10-21,,,,,,,,,,0.0,0.0,91.5,0.0,0.2,100.0,0.0
2022-10-22,,,,,,,,,,0.0,0.0,99.0,0.0,0.1,100.0,0.0
2022-10-23,0.7,5.7,67.1,,,,,,,,,,0.0,0.2,100.0,0.0
2022-10-24,0.5,4.1,65.1,,,,,,,,,,0.0,0.1,100.0,0.0
2022-10-25,,,,,,,,,,0.0,0.0,100.0,0.0,0.2,100.0,0.0
2022-10-26,,,,,,,,,,,,,0.0,0.2,100.0,0.0
2022-10-27,,,,,,,,,,,,,0.0,0.2,100.0,0.0
2022-10-28,0.6,5.1,63.7,,,,,,,,,,0.0,0.1,100.0,0.0
2022-10-29,,,,,,,,,,,,,0.0,0.2,100.0,0.0
2022-10-30,,,,,,,0.0,0.0,100.0,0.0,0.0,100.0,0.0,0.2,100.0,0.0
2022-10-31,0.4,4.0,63.8,,,,,,,,,,0.0,0.4,100.0,0.0
2022-11-01,,,,,,,,,,0.0,0.0,100.0,0.0,0.3,100.0,0.0
2022-11-02,,,,0.0,0.0,100.0,,,,0.0,0.0,100.0,0.0,0.4,100.0,0.0
2022-11-03,,,,,,,,,,,,,0.0,0.5,100.0,0.0
2022-11-04,0.2,2.8,57.0,,,,,,,,,,0.0,0.7,100.0,0.0
2022-11-05,0.0,2.7,65.2,,,,,,,0.0,0.1,100.0,0.0,0.7,100.0,0.0
2022-11-06,,,,,,,0.0,0.2,85.0,,,,0.0,0.9,100.0,0.0
2022-11-07,,,,,,,0.0,0.2,76.5,,,,0.0,1.1,100.0,0.0
2022-11-08,,,,,,,,,,,,,0.0,1.0,100.0,0.0
2022-11-09,0.0,3.0,60.1,,,,,,,,,,0.0,1.3,100.0,0.0
2022-11-10,,,,,,,,,,,,,0.0,1.8,100.0,0.0
2022-11-11,,,,,,,,,,,,,0.0,2.0,100.0,0.0
2022-11-12,0.0,2.2,63.6,,,,,,,,,,0.0,1.6,100.0,0.0
2022-11-13,,,,,,,,,,,,,0.0,1.6,100.0,0.0
2022-11-14,,,,,,,,,,,,,0.0,2.2,100.0,0.0
2022-11-15,,,,,,,,,,,,,0.0,3.4,100.0,0.0
2022-11-16,0.0,2.3,53.7,,,,,,,0.0,0.1,100.0,0.0,2.4,100.0,0.0
2022-11-17,0.0,2.7,51.3,0.0,0.0,100.0,,,,,,,0.0,2.6,100.0,0.0
2022-11-18,,,,,,,,,,,,,0.0,3.3,100.0,0.0
2022-11-19,,,,,,,,,,0.0,0.2,100.0,0.0,3.5,100.0,0.0
2022-11-20,,,,,,,,,,,,,0.0,3.0,100.0,0.0
2022-11-21,0.0,4.3,50.9,,,,,,,,,,0.0,3.6,100.0,0.0
2022-11-22,,,,,,,,,,,,,0.0,4.1,100.0,0.0
2022-11-23,,,,,,,0.0,0.6,84.5,,,,0.0,4.5,100.0,0.0
2022-11-24,0.0,2.9,49.8,,,,,,,,,,0.0,3.8,100.0,0.0
2022-11-25,,,,,,,,,,,,,0.0,3.8,100.0,0.0
2022-11-26,,,,,,,,,,,,,0.0,4.4,100.0,0.0
2022-11-27,,,,0.0,0.3,100.0,,,,0.0,0.7,100.0,0.0,3.5,100.0,0.0
2022-11-28,0.0,2.6,51.2,,,,,,,,,,0.0,3.7,100.0,0.0
2022-11-29,0.0,3.2,48.6,,,,,,,,,,0.0,3.2,100.0,0.0
2022-11-30,,,,,,,,,,,,,0.0,4.3,100.0,0.0
2022-12-01,,,,,,,0.0,0.7,98.2,0.0,1.2,100.0,0.0,3.1,100.0,0.0
2022-12-02,,,,,,,,,,,,,0.0,3.4,100.0,0.0
2022-12-03,0.0,4.2,49.6,,,,,,,,,,0.0,3.1,100.0,0.0
2022-12-04,,,,,,,,,,,,,0.0,4.5,100.0,0.0
2022-12-05,,,,,,,,,,0.0,1.6,100.0,0.0,3.1,100.0,0.0
2022-12-06,0.0,3.7,56.7,,,,,,,0.0,1.3,100.0,0.0,3.2,100.0,0.0
2022-12-07,,,,0.3,3.0,100.0,,,,0.0,1.8,100.0,0.0,3.0,100.0,0.0
2022-12-08,,,,,,,0.1,1.7,99.1,,,,0.0,4.5,100.0,0.0
2022-12-09,,,,,,,,,,0.0,1.3,100.0,0.0,3.4,100.0,0.0
2022-12-10,0.0,3.8,60.5,,,,,,,0.0,1.1,100.0,0.0,3.3,100.0,0.0
2022-12-11,0.2,10.0,61.2,,,,,,,,,,0.0,4.0,100.0,0.0
2022-12-12,,,,,,,,,,,,,0.0,4.8,100.0,0.0
2022-12-13,,,,,,,,,,,,,0.0,3.9,100.0,0.0
2022-12-14,,,,,,,,,,0.0,0.9,100.0,0.0,3.2,100.0,0.0
2022-12-15,1.9,12.2,62.3,,,,,,,,,,0.0,4.1,100.0,0.0
2022-12-16,,,,,,,,,,0.0,0.2,100.0,0.0,4.1,100.0,0.0
2022-12-17,,,,4.4,9.2,100.0,3.8,7.2,100.0,0.0,0.3,100.0,0.0,3.5,100.0,0.0
2022-12-18,0.3,4.9,62.5,,,,,,,0.0,0.7,100.0,0.0,3.5,100.0,0.0
2022-12-19,,,,,,,,,,,,,0.0,4.0,100.0,0.0
2022-12-20,,,,,,,,,,,,,0.0,4.5,100.0,0.0
2022-12-21,,,,,,,,,,0.0,0.8,100.0,0.0,3.4,100.0,0.0
2022-12-22,0.2,3.5,61.5,4.9,11.1,100.0,,,,,,,0.0,4.1,100.0,0.0
2022-12-23,0.3,4.0,67.4,,,,,,,,,,0.0,3.8,100.0,0.0
2022-12-24,,,,,,,0.3,1.7,42.2,,,,0.0,4.4,100.0,0.0
2022-12-25,,,,,,,2.4,6.8,99.4,0.0,0.9,100.0,0.0,3.3,100.0,0.0
2022-12-26,,,,,,,,,,,,,0.0,4.0,100.0,0.0
2022-12-27,0.2,4.8,64.8,,,,,,,,,,0.1,3.5,100.0,0.1
2022-12-28,,,,,,,,,,,,,0.0,3.5,100.0,0.0
2022-12-29,,,,,,,,,,0.2,2.4,100.0,0.0,3.3,100.0,0.0
2022-12-30,0.2,2.6,61.7,,,,,,,,,,0.0,4.4,100.0,0.0
2022-12-31,,,,,,,,,,,,,0.0,4.7,100.0,0.0
2023-01-01,,,,1.0,6.0,87.1,,,,1.2,3.1,100.0,0.0,4.7,100.0,0.0
2023-01-02,,,,,,,,,,1.2,4.4,100.0,0.0,5.9,100.0,0.0
2023-01-03,0.1,2.4,63.6,,,,,,,,,,0.0,6.8,100.0,0.0
2023-01-04,0.2,3.7,63.6,,,,,,,,,,0.0,8.5,100.0,0.0
2023-01-05,,,,,,,,,,0.9,4.4,100.0,0.0,8.9,100.0,0.0
2023-01-06,,,,2.2,7.0,100.0,,,,,,,0.0,12.0,100.0,0.0
2023-01-07,,,,,,,,,,,,,0.0,12.4,100.0,0.0
2023-01-08,0.7,7.6,62.7,,,,,,,,,,0.0,15.9,100.0,0.0
2023-01-09,,,,,,,,,,,,,0.0,18.0,100.0,0.0
2023-01-10,,,,,,,,,,,,,0.0,25.0,100.0,0.0
2023-01-11,3.1,13.3,61.2,,,,,,,1.0,6.8,100.0,0.1,23.0,100.0,0.1
2023-01-12,,,,,,,,,,1.1,3.5,62.0,0.1,26.0,100.0,0.1
2023-01-13,,,,,,,,,,,,,0.1,25.9,100.0,0.1
2023-01-14,,,,,,,,,,,,,0.3,34.9,100.0,0.3
2023-01-15,1.9,11.2,60.1,,,,,,,,,,0.2,28.1,100.0,0.2
2023-01-16,19.0,25.3,65.1,,,,,,,,,,0.6,30.6,100.0,0.6
2023-01-17,,,,,,,,,,,,,0.3,28.8,100.0,0.3
2023-01-18,,,,,,,51.3,48.8,100.0,,,,2.1,41.2,100.0,2.1
2023-01-19,,,,,,,,,,,,,0.9,33.3,100.0,0.9
2023-01-20,27.6,32.7,63.3,,,,,,,,,,2.8,40.3,100.0,2.8
2023-01-21,,,,9.5,19.5,100.0,,,,,,,2.5,40.7,100.0,2.5
2023-01-22,,,,,,,,,,,,,11.0,53.4,100.0,11.0
2023-01-23,42.3,42.4,64.7,,,,,,,,,,5.6,48.1,100.0,5.6
2023-01-24,,,,,,,,,,,,,19.8,52.5,100.0,19.8
2023-01-25,,,,,,,88.5,80.6,97.5,,,,27.4,53.5,100.0,27.4
2023-01-26,,,,36.5,41.7,100.0,97.6,91.3,99.4,,,,71.4,65.6,100.0,71.4
2023-01-27,34.3,37.6,65.9,,,,,,,12.8,22.3,100.0,57.7,59.2,100.0,57.7
2023-01-28,60.1,51.8,62.4,,,,,,,11.2,18.6,100.0,73.2,66.9,100.0,73.2
2023-01-29,,,,,,,,,,,,,73.1,66.8,100.0,73.1
2023-01-30,,,,,,,,,,,,,99.8,74.6,100.0,99.8
2023-01-31,,,,80.2,69.4,100.0,,,,25.4,28.9,100.0,79.0,71.1,100.0,79.0
2023-02-01,76.6,60.6,58.7,,,,,,,,,,99.8,77.1,100.0,99.8
2023-02-02,,,,,,,98.3,88.5,71.2,,,,98.7,76.6,100.0,98.7
2023-02-03,,,,,,,98.5,90.1,86.7,,,,100.0,82.5,100.0,100.0
2023-02-04,84.6,67.3,60.5,,,,,,,22.8,27.1,100.0,99.5,79.9,100.0,99.5
2023-02-05,,,,,,,,,,33.0,34.4,100.0,100.0,82.7,100.0,100.0
2023-02-06,,,,,,,,,,37.6,39.3,100.0,100.0,83.7,100.0,100.0
2023-02-07,,,,,,,,,,,,,100.0,87.7,100.0,100.0
2023-02-08,84.9,66.8,58.8,,,,,,,36.6,38.2,100.0,100.0,88.5,100.0,100.0
2023-02-09,88.8,69.8,53.6,,,,,,,51.0,50.1,100.0,100.0,90.3,100.0,100.0
2023-02-10,,,,89.8,87.5,100.0,100.0,98.5,84.1,77.4,66.6,100.0,100.0,93.1,100.0,100.0
2023-02-11,,,,,,,,,,,,,100.0,93.3,100.0,100.0
2023-02-12,,,,,,,,,,83.5,71.8,100.0,100.0,93.5,100.0,100.0
2023-02-13,90.1,70.3,51.1,,,,,,,,,,100.0,94.1,100.0,100.0
2023-02-14,,,,,,,,,,,,,100.0,93.9,100.0,100.0
2023-02-15,,,,93.2,91.7,100.0,,,,99.4,88.0,100.0,100.0,94.6,100.0,100.0
2023-02-16,92.2,73.5,47.8,,,,,,,99.8,90.6,100.0,100.0,94.6,100.0,100.0
2023-02-17,,,,,,,,,,,,,100.0,94.9,100.0,100.0
2023-02-18,,,,,,,,,,,,,100.0,94.8,100.0,100.0
2023-02-19,,,,,,,92.9,80.5,99.6,,,,100.0,95.5,100.0,100.0
2023-02-20,89.5,68.8,49.3,,,,,,,,,,99.9,95.0,100.0,99.9
2023-02-21,98.2,79.8,51.1,,,,,,,,,,99.9,95.4,100.0,99.9
2023-02-22,,,,,,,,,,,,,99.9,95.4,100.0,99.9
2023-02-23,,,,,,,,,,,,,100.0,96.1,100.0,100.0
2023-02-24,,,,,,,,,,,,,100.0,96.2,100.0,100.0
2023-02-25,82.5,69.4,98.2,98.6,95.6,99.1,,,,100.0,95.8,100.0,100.0,97.3,100.0,100.0
2023-02-26,,,,,,,,,,,,,100.0,97.2,100.0,100.0
2023-02-27,,,,,,,,,,100.0,93.4,100.0,100.0,97.6,100.0,100.0
2023-02-28,100.0,90.1,67.6,,,,,,,100.0,96.5,100.0,100.0,97.8,100.0,100.0
2023-03-01,,,,,,,,,,100.0,96.8,100.0,100.0,98.1,100.0,100.0
2023-03-02,,,,100.0,99.7,86.5,,,,,,,100.0,98.2,100.0,100.0
2023-03-03,,,,,,,,,,100.0,97.9,100.0,100.0,98.2,100.0,100.0
2023-03-04,98.5,85.6,99.0,,,,,,,100.0,97.4,100.0,100.0,98.3,100.0,100.0
2023-03-05,99.8,92.1,99.0,,,,,,,,,,100.0,98.4,100.0,100.0
2023-03-06,,,,,,,,,,100.0,98.7,100.0,100.0,98.2,100.0,100.0
2023-03-07,,,,99.7,97.9,96.7,,,,,,,100.0,98.4,100.0,100.0
2023-03-08,,,,,,,,,,,,,100.0,98.1,100.0,100.0
2023-03-09,100.0,93.1,97.7,,,,,,,,,,100.0,98.2,100.0,100.0
2023-03-10,,,,,,,,,,,,,100.0,97.7,100.0,100.0
2023-03-11,,,,,,,,,,,,,100.0,97.9,100.0,100.0
2023-03-12,100.0,96.9,66.8,,,,,,,,,,100.0,98.1,100.0,100.0
2023-03-13,,,,,,,,,,100.0,98.2,100.0,100.0,98.2,100.0,100.0
2023-03-14,,,,,,,100.0,94.9,82.7,100.0,98.5,100.0,100.0,98.2,100.0,100.0
2023-03-15,,,,,,,100.0,97.0,37.2,,,,100.0,98.3,100.0,100.0
2023-03-16,99.8,92.9,99.0,,,,,,,,,,100.0,98.5,100.0,100.0
2023-03-17,99.9,92.6,99.0,100.0,99.3,100.0,,,,,,,100.0,98.8,100.0,100.0
2023-03-18,,,,,,,,,,,,,100.0,97.9,100.0,100.0
2023-03-19,,,,,,,,,,,,,100.0,97.6,100.0,100.0
2023-03-20,,,,,,,,,,,,,100.0,97.4,100.0,100.0
2023-03-21,100.0,92.0,98.1,,,,,,,,,,100.0,97.4,100.0,100.0
2023-03-22,,,,96.8,91.4,100.0,90.0,72.7,61.6,,,,100.0,97.3,100.0,100.0
2023-03-23,,,,,,,74.7,56.9,55.3,,,,100.0,96.3,100.0,100.0
2023-03-24,99.9,91.4,65.6,,,,,,,,,,100.0,96.1,100.0,100.0
2023-03-25,,,,,,,,,,,,,99.9,95.2,100.0,99.9
2023-03-26,,,,,,,,,,,,,99.3,94.1,100.0,99.3
2023-03-27,,,,,,,,,,,,,98.8,93.3,100.0,98.8
2023-03-28,99.6,89.1,99.0,,,,,,,,,,98.3,92.5,100.0,98.3
2023-03-29,99.2,84.9,99.0,,,,,,,,,,97.8,91.8,100.0,97.8
2023-03-30,,,,,,,,,,,,,96.7,88.9,100.0,96.7
2023-03-31,,,,,,,,,,,,,96.4,88.6,100.0,96.4
2023-04-01,,,,,,,,,,,,,95.7,87.3,100.0,95.7
2023-04-02,98.2,85.2,98.5,,,,,,,,,,95.3,87.4,100.0,95.3
2023-04-03,,,,,,,,,,100.0,94.8,100.0,94.2,84.6,100.0,94.2
2023-04-04,,,,,,,,,,100.0,97.0,100.0,94.4,85.4,100.0,94.4
2023-04-05,99.2,87.3,59.3,,,,,,,100.0,95.4,71.9,94.0,84.8,100.0,94.0
2023-04-06,,,,56.9,55.3,100.0,,,,,,,94.1,85.4,100.0,94.1
2023-04-07,,,,,,,,,,,,,92.5,82.0,100.0,92.5
2023-04-08,,,,,,,,,,,,,92.5,82.7,100.0,92.5
2023-04-09,91.7,73.1,98.0,,,,,,,100.0,96.8,100.0,91.3,81.0,100.0,91.3
2023-04-10,85.1,63.8,98.0,,,,,,,,,,91.6,81.7,100.0,91.6
2023-04-11,,,,,,,,,,,,,89.3,78.2,100.0,89.3
2023-04-12,,,,,,,,,,,,,88.9,77.2,100.0,88.9
2023-04-13,,,,,,,,,,,,,86.5,74.6,100.0,86.5
2023-04-14,67.4,52.9,97.5,,,,,,,100.0,94.4,74.0,87.8,74.9,100.0,87.8
2023-04-15,,,,,,,,,,100.0,95.7,100.0,81.5,69.9,100.0,81.5
2023-04-16,,,,,,,,,,,,,76.5,68.1,100.0,76.5
2023-04-17,70.6,51.0,61.0,,,,,,,,,,59.3,63.0,100.0,59.3
2023-04-18,,,,,,,,,,100.0,91.8,100.0,40.3,56.8,100.0,40.3
2023-04-19,,,,,,,,,,100.0,90.0,100.0,31.2,47.4,100.0,31.2
2023-04-20,,,,,,,,,,,,,28.5,39.4,100.0,28.5
2023-04-21,4.5,14.9,98.0,87.5,80.2,40.5,,,,,,,24.1,34.2,100.0,24.1
2023-04-22,1.2,5.7,98.0,,,,,,,,,,19.8,28.5,100.0,19.8
2023-04-23,,,,,,,,,,90.8,74.5,100.0,16.4,24.7,100.0,16.4
2023-04-24,,,,,,,,,,88.2,72.5,98.6,13.8,22.8,100.0,13.8
2023-04-25,,,,,,,,,,,,,13.2,21.9,100.0,13.2
2023-04-26,0.9,4.9,97.7,0.6,5.6,100.0,,,,,,,7.0,18.9,100.0,7.0
2023-04-27,,,,,,,,,,24.8,35.6,100.0,4.3,18.5,100.0,4.3
2023-04-28,,,,,,,,,,32.2,38.6,100.0,1.3,16.6,100.0,1.3
2023-04-29,1.6,5.6,64.5,,,,,,,,,,0.8,15.8,100.0,0.8
2023-04-30,,,,,,,,,,,,,0.3,12.0,100.0,0.3
2023-05-01,,,,,,,,,,,,,0.2,12.3,100.0,0.2
2023-05-02,,,,,,,,,,,,,0.1,11.7,100.0,0.1
2023-05-03,0.7,3.0,97.9,,,,,,,,,,0.1,11.6,100.0,0.1
2023-05-04,0.5,2.4,97.9,,,,,,,0.0,8.8,97.8,0.1,8.4,100.0,0.1
2023-05-05,,,,,,,,,,,,,0.1,9.6,100.0,0.1
2023-05-06,,,,0.0,0.3,89.8,,,,,,,0.1,8.9,100.0,0.1
2023-05-07,,,,,,,,,,,,,0.0,8.3,100.0,0.0
2023-05-08,0.6,3.6,96.8,,,,,,,,,,0.0,7.3,100.0,0.0
2023-05-09,,,,,,,,,,,,,0.0,7.8,100.0,0.0
2023-05-10,,,,,,,,,,,,,0.0,7.3,100.0,0.0
2023-05-11,0.4,3.2,63.4,,,,,,,,,,0.0,7.4,100.0,0.0
2023-05-12,,,,,,,,,,,,,0.0,4.7,100.0,0.0
2023-05-13,,,,,,,,,,,,,0.0,4.8,100.0,0.0
2023-05-14,,,,,,,,,,,,,0.0,5.2,100.0,0.0
2023-05-15,0.1,1.4,97.9,,,,,,,0.0,5.9,99.0,0.0,4.8,100.0,0.0
2023-05-16,0.0,1.2,97.9,,,,,,,,,,0.0,4.5,100.0,0.0
2023-05-17,,,,,,,,,,,,,0.0,5.0,100.0,0.0
2023-05-18,,,,,,,0.0,0.2,48.7,,,,0.0,4.5,100.0,0.0
2023-05-19,,,,,,,,,,,,,0.0,4.7,100.0,0.0
2023-05-20,0.0,1.5,96.9,,,,,,,,,,0.0,3.1,100.0,0.0
2023-05-21,,,,,,,,,,,,,0.0,3.1,100.0,0.0
2023-05-22,,,,,,,,,,,,,0.0,2.8,100.0,0.0
2023-05-23,0.0,2.2,59.9,,,,,,,,,,0.0,2.7,100.0,0.0
2023-05-24,,,,,,,,,,,,,0.0,2.1,100.0,0.0
2023-05-25,,,,,,,,,,,,,0.0,2.1,100.0,0.0
2023-05-26,,,,0.0,0.1,82.1,0.0,0.0,47.4,,,,0.0,1.9,100.0,0.0
2023-05-27,0.0,0.9,98.0,,,,,,,0.0,0.8,89.6,0.0,1.5,100.0,0.0
2023-05-28,0.0,0.8,98.0,,,,,,,,,,0.0,1.6,100.0,0.0
2023-05-29,,,,,,,,,,,,,0.0,1.7,100.0,0.0
2023-05-30,,,,,,,,,,,,,0.0,1.7,100.0,0.0
2023-05-31,,,,,,,,,,,,,0.0,1.7,100.0,0.0
2023-06-01,0.0,1.1,97.2,,,,,,,,,,0.0,1.7,100.0,0.0
2023-06-02,,,,,,,,,,,,,0.0,1.7,100.0,0.0
2023-06-03,,,,,,,,,,,,,0.0,2.4,100.0,0.0
2023-06-04,0.0,1.7,59.0,,,,,,,,,,0.0,2.2,100.0,0.0
2023-06-05,,,,,,,,,,,,,0.0,1.9,100.0,0.0
2023-06-06,,,,,,,,,,,,,0.0,1.7,100.0,0.0
2023-06-07,,,,,,,,,,,,,0.0,1.6,100.0,0.0
2023-06-08,0.0,1.1,98.0,,,,,,,,,,0.0,1.6,100.0,0.0
2023-06-09,0.0,1.1,98.0,,,,,,,,,,0.0,1.5,100.0,0.0
2023-06-10,,,,0.0,0.0,84.5,,,,0.0,0.5,44.8,0.0,1.2,100.0,0.0
2023-06-11,,,,,,,,,,0.0,0.5,40.7,0.0,0.9,100.0,0.0
2023-06-12,,,,,,,,,,,,,0.0,0.9,100.0,0.0
2023-06-13,0.1,2.3,97.4,,,,,,,,,,0.0,0.7,100.0,0.0
2023-06-14,,,,,,,,,,0.0,0.2,97.9,0.0,0.6,100.0,0.0
2023-06-15,,,,0.0,0.0,56.8,,,,0.0,0.2,86.5,0.0,0.4,100.0,0.0
2023-06-16,1.0,4.6,61.4,,,,,,,,,,0.0,0.4,100.0,0.0
2023-06-17,,,,,,,,,,,,,0.0,0.3,100.0,0.0
2023-06-18,,,,,,,,,,0.0,0.0,100.0,0.0,0.3,100.0,0.0
2023-06-19,,,,,,,0.0,0.0,95.1,0.0,0.0,100.0,0.0,0.2,100.0,0.0
2023-06-20,1.1,4.0,97.9,,,,,,,,,,0.0,0.2,100.0,0.0
2023-06-21,2.2,6.1,98.0,,,,0.0,0.0,52.5,,,,0.0,0.2,100.0,0.0
2023-06-22,,,,,,,,,,,,,0.0,0.2,100.0,0.0
2023-06-23,,,,,,,,,,,,,0.0,0.2,100.0,0.0
2023-06-24,,,,,,,,,,,,,0.0,0.2,100.0,0.0
2023-06-25,6.1,12.9,97.2,0.0,0.0,100.0,,,,,,,0.0,0.2,100.0,0.0
2023-06-26,,,,,,,0.0,0.0,73.5,0.0,0.0,100.0,0.0,0.2,100.0,0.0
2023-06-27,,,,,,,,,,0.0,0.0,99.1,0.0,0.2,100.0,0.0
2023-06-28,12.5,20.1,56.4,,,,,,,,,,0.0,0.2,100.0,0.0
2023-06-29,,,,,,,,,,,,,0.0,0.2,100.0,0.0
2023-06-30,,,,,,,,,,,,,0.0,0.2,100.0,0.0
2023-07-01,,,,,,,,,,,,,0.0,0.2,100.0,0.0
2023-07-02,10.0,18.8,98.0,,,,,,,,,,0.0,0.2,100.0,0.0
2023-07-03,18.8,27.2,99.1,,,,,,,0.0,0.0,57.7,0.0,0.2,100.0,0.0
2023-07-04,,,,,,,0.0,0.0,76.5,0.0,0.0,100.0,0.0,0.2,100.0,0.0
2023-07-05,,,,0.0,0.0,74.5,0.0,0.0,36.7,,,,0.0,0.2,100.0,0.0
2023-07-06,,,,,,,,,,,,,0.0,0.1,100.0,0.0
2023-07-07,44.4,39.1,98.1,,,,,,,,,,0.0,0.2,100.0,0.0
2023-07-08,,,,,,,,,,0.0,0.0,97.8,0.0,0.2,100.0,0.0
2023-07-09,,,,,,,,,,0.0,0.0,100.0,0.0,0.2,100.0,0.0
2023-07-10,65.6,51.5,66.5,0.0,0.0,97.1,,,,0.0,0.0,100.0,0.0,0.1,100.0,0.0
2023-07-11,,,,,,,,,,,,,0.0,0.1,100.0,0.0
2023-07-12,,,,,,,0.0,0.0,100.0,,,,0.0,0.1,100.0,0.0
2023-07-13,,,,,,,,,,,,,0.0,0.1,100.0,0.0
2023-07-14,37.5,37.8,99.1,,,,,,,0.0,0.0,84.5,0.0,0.1,100.0,0.0
2023-07-15,40.6,39.4,99.1,0.0,0.1,100.0,,,,0.0,0.0,74.4,0.0,0.1,100.0,0.0
2023-07-16,,,,,,,,,,,,,0.0,0.1,100.0,0.0
2023-07-17,,,,,,,,,,,,,0.0,0.1,100.0,0.0
2023-07-18,,,,,,,,,,,,,0.0,0.1,100.0,0.0
2023-07-19,40.9,37.5,98.0,,,,,,,0.0,0.0,100.0,0.0,0.1,100.0,0.0
2023-07-20,,,,0.0,0.1,100.0,0.0,0.0,95.6,,,,0.0,0.1,100.0,0.0
2023-07-21,,,,,,,,,,,,,0.0,0.1,100.0,0.0
2023-07-22,56.6,47.3,63.3,,,,,,,0.0,0.0,100.0,0.0,0.1,100.0,0.0
2023-07-23,,,,,,,,,,0.0,0.0,89.5,0.0,0.1,100.0,0.0
2023-07-24,,,,,,,,,,,,,0.0,0.1,100.0,0.0
2023-07-25,,,,0.0,0.1,67.7,,,,,,,0.0,0.0,100.0,0.0
2023-07-26,11.2,18.9,99.0,,,,,,,0.0,0.0,34.9,0.0,0.0,100.0,0.0
2023-07-27,6.9,15.9,98.9,,,,,,,,,,0.0,0.0,100.0,0.0
2023-07-28,,,,,,,0.0,0.0,97.9,,,,0.0,0.0,100.0,0.0
2023-07-29,,,,,,,0.0,0.0,35.7,,,,0.0,0.0,100.0,0.0
2023-07-30,,,,,,,,,,0.0,0.0,100.0,0.0,0.0,100.0,0.0
2023-07-31,8.5,14.9,97.8,,,,,,,,,,0.0,0.0,100.0,0.0
2023-08-01,,,,,,,,,,,,,0.0,0.0,100.0,0.0
2023-08-02,,,,,,,,,,0.0,0.0,84.5,0.0,0.0,100.0,0.0
2023-08-03,6.9,15.3,66.8,,,,,,,,,,0.0,0.0,100.0,0.0
2023-08-04,,,,,,,,,,,,,0.0,0.0,100.0,0.0
2023-08-05,,,,,,,,,,,,,0.0,0.0,100.0,0.0
2023-08-06,,,,,,,,,,,,,0.0,0.0,100.0,0.0
2023-08-07,1.9,5.7,99.1,,,,,,,,,,0.0,0.0,100.0,0.0
2023-08-08,1.4,4.4,99.2,,,,,,,0.0,0.0,78.5,0.0,0.0,100.0,0.0
2023-08-09,,,,,,,,,,,,,0.0,0.1,100.0,0.0
2023-08-10,,,,,,,,,,0.0,0.0,37.7,0.0,0.0,100.0,0.0
2023-08-11,,,,,,,,,,0.0,0.0,100.0,0.0,0.0,100.0,0.0
2023-08-12,1.4,4.9,98.3,,,,,,,0.0,0.0,66.9,0.0,0.0,100.0,0.0
2023-08-13,,,,,,,0.0,0.0,95.2,,,,0.0,0.0,100.0,0.0
2023-08-14,,,,0.0,0.1,94.0,0.0,0.0,99.5,0.0,0.0,100.0,0.0,0.0,100.0,0.0
2023-08-15,1.7,6.6,60.8,,,,,,,,,,0.0,0.0,100.0,0.0
2023-08-16,,,,,,,,,,,,,0.0,0.0,100.0,0.0
2023-08-17,,,,,,,,,,,,,0.0,0.0,100.0,0.0
2023-08-18,,,,,,,,,,0.0,0.0,100.0,0.0,0.0,100.0,0.0
2023-08-19,1.1,3.7,99.0,0.0,0.0,100.0,,,,0.0,0.0,100.0,0.0,0.0,100.0,0.0
2023-08-20,0.8,3.7,98.9,,,,,,,,,,0.0,0.0,100.0,0.0
2023-08-21,,,,,,,0.0,0.0,78.8,,,,0.0,0.0,100.0,0.0
2023-08-22,,,,,,,0.0,0.0,100.0,,,,0.0,0.0,100.0,0.0
2023-08-23,,,,,,,,,,,,,0.0,0.0,100.0,0.0
2023-08-24,0.7,4.2,98.2,0.0,0.0,100.0,,,,,,,0.0,0.0,100.0,0.0
2023-08-25,,,,,,,,,,,,,0.0,0.1,100.0,0.0
2023-08-26,,,,,,,,,,,,,0.0,0.1,100.0,0.0
2023-08-27,0.1,2.9,66.5,,,,,,,,,,0.0,0.1,100.0,0.0
2023-08-28,,,,,,,,,,,,,0.0,0.1,100.0,0.0
2023-08-29,,,,,,,,,,,,,0.0,0.1,100.0,0.0
2023-08-30,,,,,,,,,,,,,0.0,0.1,100.0,0.0
2023-08-31,0.0,1.6,99.0,,,,,,,,,,0.0,0.1,100.0,0.0
2023-09-01,0.0,1.4,98.9,,,,,,,,,,0.0,0.1,100.0,0.0
2023-09-02,,,,,,,,,,0.0,0.0,100.0,0.0,0.1,100.0,0.0
2023-09-03,,,,0.0,0.0,100.0,,,,0.0,0.0,100.0,0.0,0.0,100.0,0.0
2023-09-04,,,,,,,,,,,,,0.0,0.0,100.0,0.0
2023-09-05,0.0,2.0,98.3,,,,,,,,,,0.0,0.0,100.0,0.0
2023-09-06,,,,,,,0.0,0.0,99.9,,,,0.0,0.0,100.0,0.0
2023-09-07,,,,,,,0.0,0.0,99.9,0.0,0.0,100.0,0.0,0.0,100.0,0.0
2023-09-08,0.0,1.3,66.1,0.0,0.0,100.0,,,,,,,0.0,0.0,100.0,0.0
2023-09-09,,,,,,,,,,0.0,0.0,100.0,0.0,0.0,100.0,0.0
2023-09-10,,,,,,,,,,,,,0.0,0.0,100.0,0.0
2023-09-11,,,,,,,,,,,,,0.0,0.0,100.0,0.0
2023-09-12,0.0,1.3,98.8,,,,,,,,,,0.0,0.0,100.0,0.0
2023-09-13,0.0,1.5,99.1,,,,,,,,,,0.0,0.0,100.0,0.0
2023-09-14,,,,,,,,,,,,,0.0,0.0,100.0,0.0
2023-09-15,,,,,,,,,,0.0,0.0,100.0,0.0,0.0,100.0,0.0
2023-09-16,,,,,,,,,,,,,0.0,0.0,100.0,0.0
2023-09-17,0.0,2.1,98.1,,,,,,,,,,0.0,0.0,100.0,0.0
2023-09-18,,,,,,,,,,,,,0.0,0.0,100.0,0.0
2023-09-19,,,,,,,,,,,,,0.0,0.1,100.0,0.0
2023-09-20,0.0,1.8,63.1,,,,,,,,,,0.0,0.1,100.0,0.0
2023-09-21,,,,,,,,,,,,,0.0,0.1,100.0,0.0
2023-09-22,,,,,,,,,,,,,0.0,0.1,100.0,0.0
2023-09-23,,,,,,,,,,,,,0.0,0.1,100.0,0.0
2023-09-24,0.0,1.8,99.0,,,,,,,,,,0.0,0.1,100.0,0.0
2023-09-25,0.1,2.1,98.8,,,,,,,0.0,0.0,100.0,0.0,0.1,100.0,0.0
2023-09-26,,,,,,,,,,0.0,0.0,100.0,0.0,0.1,100.0,0.0
2023-09-27,,,,,,,,,,,,,0.0,0.1,100.0,0.0
2023-09-28,,,,0.0,0.0,71.0,,,,,,,0.0,0.1,100.0,0.0
2023-09-29,0.0,1.9,98.3,,,,,,,0.0,0.0,100.0,0.0,0.1,100.0,0.0
2023-09-30,,,,,,,0.0,0.0,100.0,,,,0.0,0.1,100.0,0.0
2023-10-01,,,,,,,0.0,0.0,99.9,,,,0.0,0.1,100.0,0.0
2023-10-02,0.1,2.7,65.0,,,,,,,,,,0.0,0.1,100.0,0.0
2023-10-03,,,,0.0,0.0,91.4,,,,0.0,0.0,100.0,0.0,0.1,100.0,0.0
2023-10-04,,,,,,,,,,0.0,0.0,100.0,0.0,0.1,100.0,0.0
2023-10-05,,,,,,,,,,,,,0.0,0.1,100.0,0.0
2023-10-06,0.0,1.3,98.9,,,,,,,,,,0.0,0.1,100.0,0.0
2023-10-07,0.0,1.1,97.2,,,,,,,,,,0.0,0.1,100.0,0.0
2023-10-08,,,,0.0,0.0,37.6,,,,0.0,0.0,100.0,0.0,0.1,100.0,0.0
2023-10-09,,,,,,,0.0,0.0,58.1,,,,0.0,0.2,100.0,0.0
2023-10-10,,,,,,,,,,0.0,0.0,100.0,0.0,0.2,100.0,0.0
2023-10-11,0.0,1.0,98.4,,,,,,,0.0,0.0,100.0,0.0,0.2,100.0,0.0
2023-10-12,,,,,,,,,,0.0,0.0,100.0,0.0,0.2,100.0,0.0
2023-10-13,,,,0.0,0.0,100.0,,,,,,,0.0,0.2,100.0,0.0
2023-10-14,0.1,1.4,61.3,,,,,,,0.0,0.0,100.0,0.0,0.2,100.0,0.0
2023-10-15,,,,,,,,,,0.0,0.0,100.0,0.0,0.2,100.0,0.0
2023-10-16,,,,,,,0.0,0.0,75.0,,,,0.0,0.3,100.0,0.0
2023-10-17,,,,,,,,,,,,,0.0,0.3,100.0,0.0
2023-10-18,0.1,1.0,99.0,,,,,,,,,,0.0,0.3,100.0,0.0
2023-10-19,0.1,1.2,99.1,,,,,,,,,,0.0,0.3,100.0,0.0
2023-10-20,,,,,,,,,,,,,0.0,0.2,100.0,0.0
2023-10-21,,,,,,,,,,,,,0.0,0.3,100.0,0.0
2023-10-22,,,,,,,,,,,,,0.0,0.3,100.0,0.0
2023-10-23,0.1,1.8,98.4,,,,,,,0.0,0.0,100.0,0.0,0.2,100.0,0.0
2023-10-24,,,,,,,,,,,,,0.0,0.3,100.0,0.0
2023-10-25,,,,,,,0.0,0.1,82.6,,,,0.0,0.3,100.0,0.0
2023-10-26,,,,,,,,,,,,,0.0,0.3,100.0,0.0
2023-10-27,,,,,,,,,,,,,0.0,0.3,100.0,0.0
2023-10-28,,,,0.0,0.1,100.0,,,,0.0,0.0,100.0,0.0,0.3,100.0,0.0
2023-10-29,,,,,,,,,,,,,0.0,0.5,100.0,0.0
2023-10-30,0.2,1.9,99.0,,,,,,,,,,0.0,0.4,100.0,0.0
2023-10-31,0.6,4.2,99.1,,,,,,,,,,0.0,0.5,100.0,0.0
2023-11-01,,,,,,,,,,,,,0.0,0.5,100.0,0.0
2023-11-02,,,,,,,,,,,,,0.0,0.7,100.0,0.0
2023-11-03,,,,,,,,,,0.0,0.0,100.0,0.0,0.5,100.0,0.0
2023-11-04,0.7,4.9,98.3,,,,,,,,,,0.0,0.8,100.0,0.0
2023-11-05,,,,,,,,,,,,,0.0,0.7,100.0,0.0
2023-11-06,,,,,,,,,,0.0,0.0,100.0,0.0,0.7,100.0,0.0
2023-11-07,2.4,12.3,61.8,0.0,0.6,42.7,,,,,,,0.0,0.6,100.0,0.0
2023-11-08,,,,,,,,,,,,,0.0,0.8,100.0,0.0
2023-11-09,,,,,,,,,,,,,0.0,0.6,100.0,0.0
2023-11-10,,,,,,,,,,,,,0.0,0.9,100.0,0.0
2023-11-11,1.0,5.3,99.2,,,,,,,,,,0.0,0.6,100.0,0.0
2023-11-12,1.3,6.7,99.2,,,,,,,,,,0.0,0.9,100.0,0.0
2023-11-13,,,,,,,,,,0.0,0.0,100.0,0.0,0.6,100.0,0.0
2023-11-14,,,,,,,,,,,,,0.0,0.8,100.0,0.0
2023-11-15,,,,,,,,,,0.0,0.0,100.0,0.0,0.4,100.0,0.0
2023-11-16,2.7,10.0,98.6,,,,,,,,,,0.0,0.7,100.0,0.0
2023-11-17,,,,,,,,,,,,,0.0,0.5,100.0,0.0
2023-11-18,,,,,,,0.0,0.2,72.7,,,,0.0,0.8,100.0,0.0
2023-11-19,2.9,10.7,70.0,,,,,,,,,,0.0,0.9,100.0,0.0
2023-11-20,,,,,,,,,,,,,0.0,1.0,100.0,0.0
2023-11-21,,,,,,,,,,,,,0.0,1.0,100.0,0.0
2023-11-22,,,,0.0,0.5,48.6,,,,,,,0.0,1.1,100.0,0.0
2023-11-23,2.5,9.5,99.1,,,,,,,,,,0.0,1.0,100.0,0.0
2023-11-24,1.5,7.4,99.1,,,,,,,,,,0.0,1.0,100.0,0.0
2023-11-25,,,,,,,,,,,,,0.0,1.4,100.0,0.0
2023-11-26,,,,,,,,,,,,,0.0,1.4,100.0,0.0
2023-11-27,,,,,,,,,,,,,0.0,2.1,100.0,0.0
2023-11-28,4.5,14.0,98.7,,,,,,,,,,0.0,1.9,100.0,0.0
2023-11-29,,,,,,,,,,,,,0.0,2.2,100.0,0.0
2023-11-30,,,,,,,,,,,,,0.0,1.5,100.0,0.0
2023-12-01,3.0,11.3,68.0,,,,,,,,,,0.0,1.8,100.0,0.0
2023-12-02,,,,,,,,,,,,,0.0,1.7,100.0,0.0
2023-12-03,,,,,,,0.2,2.8,100.0,0.0,0.1,100.0,0.0,1.9,100.0,0.0
2023-12-04,,,,,,,,,,0.0,0.1,100.0,0.0,1.7,100.0,0.0
2023-12-05,3.8,10.2,99.1,,,,,,,0.0,0.0,100.0,0.0,2.0,100.0,0.0
2023-12-06,0.7,5.1,99.2,,,,,,,,,,0.0,2.5,100.0,0.0
2023-12-07,,,,0.1,3.0,99.9,,,,0.0,0.1,100.0,0.0,2.5,100.0,0.0
2023-12-08,,,,,,,,,,0.0,0.1,100.0,0.0,2.5,100.0,0.0
2023-12-09,,,,,,,,,,,,,0.0,2.7,100.0,0.0
2023-12-10,0.5,5.1,98.5,,,,,,,,,,0.0,3.7,100.0,0.0
2023-12-11,,,,,,,,,,,,,0.0,3.5,100.0,0.0
2023-12-12,,,,,,,,,,0.0,0.2,100.0,0.0,3.4,100.0,0.0
2023-12-13,0.5,4.3,65.4,,,,,,,0.0,0.1,83.6,0.0,2.6,100.0,0.0
2023-12-14,,,,,,,,,,,,,0.0,3.6,100.0,0.0
2023-12-15,,,,,,,,,,0.0,0.3,100.0,0.0,2.7,100.0,0.0
2023-12-16,,,,,,,,,,,,,0.0,3.9,100.0,0.0
2023-12-17,0.4,2.9,99.3,1.4,7.1,100.0,,,,,,,0.0,3.0,100.0,0.0
2023-12-18,0.4,3.0,99.4,,,,,,,,,,0.0,4.0,100.0,0.0
2023-12-19,,,,,,,3.8,11.7,93.6,0.0,0.5,100.0,0.0,3.1,100.0,0.0
2023-12-20,,,,,,,,,,,,,0.0,4.4,100.0,0.0
2023-12-21,,,,,,,,,,,,,0.0,3.4,100.0,0.0
2023-12-22,0.2,2.5,98.3,,,,,,,,,,0.0,3.6,100.0,0.0
2023-12-23,,,,,,,,,,0.0,0.6,100.0,0.0,2.8,100.0,0.0
2023-12-24,,,,,,,,,,0.0,2.6,100.0,0.0,3.6,100.0,0.0
2023-12-25,0.6,4.7,60.9,,,,,,,,,,0.0,3.5,100.0,0.0
2023-12-26,,,,,,,,,,,,,0.0,4.2,100.0,0.0
2023-12-27,,,,6.2,17.0,100.0,8.2,16.5,87.7,0.0,3.8,100.0,0.0,4.5,100.0,0.0
2023-12-28,,,,,,,,,,,,,0.0,5.4,100.0,0.0
2023-12-29,0.4,3.7,99.4,,,,,,,,,,0.0,5.7,100.0,0.0
2023-12-30,2.1,5.9,99.4,,,,,,,8.4,18.5,100.0,0.0,6.5,100.0,0.0
2023-12-31,,,,,,,,,,,,,0.0,7.9,100.0,0.0
2024-01-01,,,,5.7,15.9,100.0,,,,,,,0.2,10.0,100.0,0.2
2024-01-02,,,,,,,,,,,,,0.2,11.7,100.0,0.2
2024-01-03,2.8,8.4,98.2,,,,,,,18.3,29.8,100.0,0.3,14.4,100.0,0.3
2024-01-04,,,,,,,,,,,,,0.3,18.8,100.0,0.3
2024-01-05,,,,,,,,,,,,,0.4,25.4,100.0,0.4
2024-01-06,18.3,19.3,64.9,,,,,,,,,,1.2,32.1,100.0,1.2
2024-01-07,,,,,,,,,,,,,2.3,37.9,100.0,2.3
2024-01-08,,,,,,,,,,,,,4.2,43.3,100.0,4.2
2024-01-09,,,,,,,,,,50.6,47.9,100.0,16.0,50.6,100.0,16.0
2024-01-10,21.6,26.4,99.1,,,,,,,,,,61.0,59.1,100.0,61.0
2024-01-11,50.3,43.8,99.1,26.0,40.7,100.0,,,,,,,81.5,63.9,100.0,81.5
2024-01-12,,,,,,,34.7,40.1,96.7,,,,85.4,69.7,100.0,85.4
2024-01-13,,,,,,,88.3,85.8,93.6,72.4,65.8,100.0,88.8,74.9,100.0,88.8
2024-01-14,,,,,,,,,,92.5,79.4,100.0,91.9,79.9,100.0,91.9
2024-01-15,88.2,71.0,98.5,,,,,,,,,,91.3,81.3,100.0,91.3
2024-01-16,,,,78.3,59.3,100.0,,,,,,,93.4,85.8,100.0,93.4
2024-01-17,,,,,,,,,,,,,92.9,86.9,100.0,92.9
2024-01-18,100.0,88.3,66.3,,,,,,,87.3,75.9,98.1,96.0,90.5,100.0,96.0
2024-01-19,,,,,,,,,,,,,93.6,88.9,100.0,93.6
2024-01-20,,,,,,,100.0,99.9,86.5,,,,98.2,93.5,100.0,98.2
2024-01-21,,,,96.7,94.6,100.0,,,,,,,96.9,93.4,100.0,96.9
2024-01-22,99.5,83.9,99.1,,,,,,,,,,99.3,95.2,100.0,99.3
2024-01-23,99.8,87.1,99.1,,,,,,,,,,97.9,93.7,100.0,97.9
2024-01-24,,,,,,,,,,,,,99.1,94.3,100.0,99.1
2024-01-25,,,,,,,,,,,,,98.9,94.6,100.0,98.9
2024-01-26,,,,96.4,88.6,100.0,,,,,,,99.5,95.8,100.0,99.5
2024-01-27,100.0,88.8,98.2,,,,,,,,,,99.4,95.0,100.0,99.4
2024-01-28,,,,,,,100.0,98.7,89.1,,,,99.6,95.9,100.0,99.6
2024-01-29,,,,,,,100.0,99.5,84.7,,,,99.8,96.2,100.0,99.8
2024-01-30,100.0,93.8,67.9,,,,,,,,,,100.0,96.7,100.0,100.0
2024-01-31,,,,,,,,,,,,,100.0,96.3,100.0,100.0
2024-02-01,,,,,,,,,,,,,100.0,96.7,100.0,100.0
2024-02-02,,,,,,,,,,,,,100.0,96.8,100.0,100.0
2024-02-03,100.0,91.5,98.9,,,,,,,,,,100.0,97.2,100.0,100.0
2024-02-04,100.0,93.5,98.9,,,,,,,,,,100.0,97.1,100.0,100.0
2024-02-05,,,,100.0,98.1,100.0,100.0,98.6,87.2,,,,100.0,97.4,100.0,100.0
2024-02-06,,,,,,,,,,,,,100.0,97.1,100.0,100.0
2024-02-07,,,,,,,,,,,,,100.0,97.1,100.0,100.0
2024-02-08,100.0,95.0,97.9,,,,,,,,,,100.0,97.4,100.0,100.0
2024-02-09,,,,,,,,,,,,,100.0,96.9,100.0,100.0
2024-02-10,,,,,,,,,,,,,100.0,97.9,100.0,100.0
2024-02-11,100.0,96.8,64.9,,,,,,,,,,100.0,98.3,100.0,100.0
2024-02-12,,,,,,,,,,,,,100.0,98.3,100.0,100.0
2024-02-13,,,,,,,100.0,99.9,90.1,,,,100.0,98.6,100.0,100.0
2024-02-14,,,,,,,100.0,100.0,78.7,,,,100.0,98.9,100.0,100.0
2024-02-15,100.0,95.9,99.0,100.0,99.5,99.7,,,,,,,100.0,99.1,100.0,100.0
2024-02-16,100.0,96.7,99.0,,,,,,,,,,100.0,98.9,100.0,100.0
2024-02-17,,,,,,,,,,,,,100.0,98.6,100.0,100.0
2024-02-18,,,,,,,,,,,,,100.0,98.5,100.0,100.0
2024-02-19,,,,,,,,,,,,,100.0,98.4,100.0,100.0
2024-02-20,100.0,97.4,98.1,100.0,100.0,60.4,,,,,,,100.0,98.6,100.0,100.0
2024-02-21,,,,,,,,,,,,,100.0,98.3,100.0,100.0
2024-02-22,,,,,,,,,,,,,100.0,98.2,100.0,100.0
2024-02-23,100.0,98.4,64.9,,,,,,,,,,100.0,98.1,100.0,100.0
2024-02-24,,,,,,,,,,,,,100.0,98.1,100.0,100.0
2024-02-25,,,,,,,,,,,,,100.0,98.0,100.0,100.0
2024-02-26,,,,,,,,,,,,,100.0,98.2,100.0,100.0
2024-02-27,100.0,97.8,98.8,,,,,,,,,,100.0,98.5,100.0,100.0
2024-02-28,100.0,97.5,99.0,,,,,,,,,,100.0,98.4,100.0,100.0
2024-02-29,,,,,,,,,,,,,100.0,98.1,100.0,100.0
2024-03-01,,,,,,,,,,,,,100.0,98.0,100.0,100.0
2024-03-02,,,,,,,,,,,,,100.0,98.2,100.0,100.0
2024-03-03,100.0,97.8,98.2,,,,,,,,,,100.0,98.5,100.0,100.0
2024-03-04,,,,,,,,,,,,,100.0,98.1,100.0,100.0
2024-03-05,,,,,,,,,,,,,100.0,98.6,100.0,100.0
2024-03-06,100.0,98.5,65.5,,,,,,,,,,100.0,99.0,100.0,100.0
2024-03-07,,,,,,,,,,,,,100.0,99.2,100.0,100.0
2024-03-08,,,,,,,,,,,,,100.0,99.1,100.0,100.0
2024-03-09,,,,,,,100.0,99.5,95.0,,,,100.0,99.4,100.0,100.0
2024-03-10,100.0,97.8,98.7,,,,,,,,,,100.0,99.4,100.0,100.0
2024-03-11,100.0,97.3,99.1,100.0,100.0,100.0,,,,,,,100.0,99.6,100.0,100.0
2024-03-12,,,,,,,,,,,,,100.0,99.4,100.0,100.0
2024-03-13,,,,,,,,,,,,,100.0,99.4,100.0,100.0
2024-03-14,,,,,,,,,,,,,100.0,99.4,100.0,100.0
2024-03-15,100.0,96.2,98.1,,,,,,,93.8,79.9,98.4,100.0,99.5,100.0,100.0
2024-03-16,,,,,,,,,,90.0,79.3,99.5,100.0,99.3,100.0,100.0
2024-03-17,,,,,,,,,,,,,100.0,99.3,100.0,100.0
2024-03-18,100.0,95.5,66.8,,,,,,,,,,100.0,99.3,100.0,100.0
2024-03-19,,,,,,,,,,,,,100.0,98.9,100.0,100.0
2024-03-20,,,,,,,,,,,,,100.0,98.3,100.0,100.0
2024-03-21,,,,,,,,,,,,,100.0,98.1,100.0,100.0
2024-03-22,100.0,93.1,98.7,,,,,,,,,,100.0,98.1,100.0,100.0
2024-03-23,100.0,91.9,98.8,,,,,,,,,,100.0,98.0,100.0,100.0
2024-03-24,,,,,,,,,,,,,100.0,97.3,100.0,100.0
2024-03-25,,,,,,,100.0,98.3,68.3,,,,100.0,97.4,100.0,100.0
2024-03-26,,,,,,,,,,,,,100.0,97.0,100.0,100.0
2024-03-27,100.0,91.9,98.0,,,,,,,,,,100.0,97.0,100.0,100.0
2024-03-28,,,,,,,,,,,,,100.0,96.4,100.0,100.0
2024-03-29,,,,,,,,,,,,,100.0,96.6,100.0,100.0
2024-03-30,100.0,90.0,65.5,,,,,,,,,,100.0,97.1,100.0,100.0
2024-03-31,,,,,,,,,,,,,100.0,97.7,100.0,100.0
2024-04-01,,,,,,,,,,,,,100.0,97.8,100.0,100.0
2024-04-02,,,,,,,100.0,98.5,81.4,,,,100.0,98.5,100.0,100.0
2024-04-03,100.0,94.8,98.9,,,,,,,,,,100.0,98.8,100.0,100.0
2024-04-04,100.0,96.0,99.0,,,,,,,,,,100.0,99.0,100.0,100.0
2024-04-05,,,,100.0,99.9,100.0,,,,97.5,84.7,100.0,100.0,99.1,100.0,100.0
2024-04-06,,,,,,,,,,92.6,82.7,100.0,100.0,98.9,100.0,100.0
2024-04-07,,,,,,,,,,,,,100.0,99.0,100.0,100.0
2024-04-08,100.0,97.2,98.1,,,,,,,,,,100.0,98.9,100.0,100.0
2024-04-09,,,,,,,,,,,,,100.0,98.8,100.0,100.0
2024-04-10,,,,,,,,,,,,,100.0,98.7,100.0,100.0
2024-04-11,100.0,98.7,45.1,,,,,,,,,,100.0,98.8,100.0,100.0
2024-04-12,,,,,,,,,,97.0,82.3,100.0,100.0,98.7,100.0,100.0
2024-04-13,,,,,,,,,,,,,100.0,98.3,100.0,100.0
2024-04-14,,,,,,,,,,,,,100.0,98.4,100.0,100.0
2024-04-15,100.0,97.6,98.9,,,,,,,,,,100.0,98.9,100.0,100.0
2024-04-16,100.0,97.0,99.0,,,,,,,89.3,79.0,98.0,100.0,98.8,100.0,100.0
2024-04-17,,,,,,,,,,,,,100.0,98.5,100.0,100.0
2024-04-18,,,,,,,100.0,96.2,66.3,,,,100.0,98.5,100.0,100.0
2024-04-19,,,,,,,,,,,,,100.0,98.5,100.0,100.0
2024-04-20,100.0,96.4,98.3,100.0,99.9,96.3,,,,98.1,80.6,56.4,100.0,98.9,100.0,100.0
2024-04-21,,,,,,,,,,98.5,83.5,84.4,100.0,98.3,100.0,100.0
2024-04-22,,,,,,,,,,,,,100.0,98.1,100.0,100.0
2024-04-23,100.0,97.6,51.5,,,,,,,,,,100.0,98.2,100.0,100.0
2024-04-24,,,,,,,,,,,,,100.0,97.8,100.0,100.0
2024-04-25,,,,100.0,99.4,100.0,100.0,92.3,63.8,,,,100.0,97.8,100.0,100.0
2024-04-26,,,,,,,,,,,,,99.9,96.4,100.0,99.9
2024-04-27,99.9,92.1,98.8,,,,,,,,,,99.9,96.2,100.0,99.9
2024-04-28,99.5,87.1,99.0,,,,,,,,,,99.8,94.8,100.0,99.8
2024-04-29,,,,,,,,,,,,,99.3,93.1,100.0,99.3
2024-04-30,,,,71.4,61.0,100.0,,,,62.4,56.2,100.0,98.0,90.2,100.0,98.0
2024-05-01,,,,,,,,,,,,,97.9,89.2,100.0,97.9
2024-05-02,98.1,77.0,97.8,,,,,,,,,,93.7,84.4,100.0,93.7
2024-05-03,,,,,,,,,,,,,90.8,80.7,100.0,90.8
2024-05-04,,,,,,,,,,,,,74.6,70.1,100.0,74.6
2024-05-05,77.3,49.5,58.1,,,,,,,,,,62.9,63.1,100.0,62.9
2024-05-06,,,,,,,,,,,,,32.3,46.9,100.0,32.3
2024-05-07,,,,,,,,,,,,,16.3,39.7,100.0,16.3
2024-05-08,,,,,,,,,,,,,6.2,30.2,100.0,6.2
2024-05-09,42.0,35.8,98.9,,,,,,,,,,0.3,21.6,100.0,0.3
2024-05-10,20.2,20.7,99.0,0.0,6.3,77.7,,,,,,,0.0,15.9,100.0,0.0
2024-05-11,,,,,,,0.0,1.2,45.2,,,,0.0,12.0,100.0,0.0
2024-05-12,,,,,,,,,,,,,0.0,10.6,100.0,0.0
2024-05-13,,,,,,,,,,,,,0.0,8.6,100.0,0.0
2024-05-14,3.1,11.8,98.0,,,,,,,,,,0.0,7.1,100.0,0.0
2024-05-15,,,,,,,,,,,,,0.0,6.6,100.0,0.0
2024-05-16,,,,,,,,,,,,,0.0,6.2,100.0,0.0
2024-05-17,0.4,2.0,58.7,,,,,,,,,,0.0,6.4,100.0,0.0
2024-05-18,,,,,,,,,,15.5,29.6,44.2,0.0,6.3,100.0,0.0
2024-05-19,,,,,,,,,,,,,0.0,6.6,100.0,0.0
2024-05-20,,,,0.0,0.3,98.1,,,,,,,0.0,6.7,100.0,0.0
2024-05-21,0.5,6.0,98.9,,,,,,,,,,0.0,6.4,100.0,0.0
2024-05-22,0.2,4.5,98.8,,,,,,,,,,0.0,5.3,100.0,0.0
2024-05-23,,,,,,,,,,,,,0.0,5.1,100.0,0.0
2024-05-24,,,,,,,,,,,,,0.0,5.4,100.0,0.0
2024-05-25,,,,,,,,,,,,,0.0,5.1,100.0,0.0
2024-05-26,0.3,3.6,97.8,,,,,,,,,,0.0,3.8,100.0,0.0
2024-05-27,,,,,,,,,,,,,0.0,3.4,100.0,0.0
2024-05-28,,,,,,,,,,,,,0.0,3.9,100.0,0.0
2024-05-29,0.9,3.4,54.5,,,,,,,,,,0.0,3.4,100.0,0.0
2024-05-30,,,,,,,,,,,,,0.0,2.4,100.0,0.0
2024-05-31,,,,,,,,,,,,,0.0,2.1,100.0,0.0
2024-06-01,,,,,,,,,,,,,0.0,1.9,100.0,0.0
2024-06-02,0.3,3.0,98.9,,,,,,,,,,0.0,1.7,100.0,0.0
2024-06-03,0.4,3.0,98.9,,,,,,,,,,0.0,1.4,100.0,0.0
2024-06-04,,,,0.0,0.0,51.3,,,,,,,0.0,1.2,100.0,0.0
2024-06-05,,,,,,,0.0,0.1,87.2,,,,0.0,1.2,100.0,0.0
2024-06-06,,,,,,,,,,,,,0.0,1.2,100.0,0.0
2024-06-07,0.9,3.9,98.0,,,,,,,,,,0.0,1.5,100.0,0.0
2024-06-08,,,,,,,,,,,,,0.0,1.6,100.0,0.0
2024-06-09,,,,0.0,0.0,100.0,,,,,,,0.0,1.5,100.0,0.0
2024-06-10,2.8,5.3,49.8,,,,,,,,,,0.0,1.4,100.0,0.0
2024-06-11,,,,,,,,,,,,,0.0,1.7,100.0,0.0
2024-06-12,,,,,,,,,,,,,0.0,2.3,100.0,0.0
2024-06-13,,,,,,,,,,0.0,7.7,89.1,0.0,2.6,100.0,0.0
2024-06-14,1.2,4.3,98.9,,,,,,,,,,0.0,2.5,100.0,0.0
2024-06-15,1.7,4.6,99.1,,,,,,,,,,0.0,2.3,100.0,0.0
2024-06-16,,,,,,,,,,,,,0.0,2.9,100.0,0.0
2024-06-17,,,,,,,,,,0.0,2.5,100.0,0.0,2.8,100.0,0.0
2024-06-18,,,,,,,,,,0.0,1.7,100.0,0.0,2.3,100.0,0.0
2024-06-19,2.0,5.9,98.1,0.0,0.0,100.0,,,,,,,0.0,2.0,100.0,0.0
2024-06-20,,,,,,,,,,,,,0.0,2.4,100.0,0.0
2024-06-21,,,,,,,,,,,,,0.0,2.1,100.0,0.0
2024-06-22,3.9,7.0,49.2,,,,,,,,,,0.0,1.8,100.0,0.0
2024-06-23,,,,,,,,,,,,,0.0,1.7,100.0,0.0
2024-06-24,,,,,,,,,,,,,0.0,1.9,100.0,0.0
2024-06-25,,,,,,,,,,,,,0.0,1.7,100.0,0.0
2024-06-26,2.9,8.1,98.9,,,,,,,,,,0.0,1.5,100.0,0.0
2024-06-27,,,,,,,,,,,,,0.0,1.6,100.0,0.0
2024-06-28,,,,,,,0.0,0.0,67.6,,,,0.0,2.0,100.0,0.0
2024-06-29,,,,0.0,0.0,83.2,,,,0.0,0.3,100.0,0.0,1.8,100.0,0.0
2024-06-30,,,,,,,,,,,,,0.0,1.3,100.0,0.0
2024-07-01,3.1,9.3,97.9,,,,,,,,,,0.0,1.2,100.0,0.0
2024-07-02,,,,,,,,,,,,,0.0,1.7,100.0,0.0
2024-07-03,,,,,,,,,,,,,0.0,1.5,100.0,0.0
2024-07-04,6.0,13.5,49.6,0.0,0.0,100.0,,,,,,,0.0,1.1,100.0,0.0
2024-07-05,,,,,,,,,,0.0,0.1,100.0,0.0,1.0,100.0,0.0
2024-07-06,,,,,,,,,,,,,0.0,1.3,100.0,0.0
2024-07-07,,,,,,,,,,,,,0.0,1.1,100.0,0.0
2024-07-08,3.1,10.1,98.7,,,,,,,,,,0.0,0.7,100.0,0.0
2024-07-09,3.3,9.9,99.0,0.0,0.1,100.0,,,,,,,0.0,0.6,100.0,0.0
2024-07-10,,,,,,,,,,,,,0.0,0.6,100.0,0.0
2024-07-11,,,,,,,,,,,,,0.0,0.4,100.0,0.0
2024-07-12,,,,,,,,,,,,,0.0,0.4,100.0,0.0
2024-07-13,4.9,11.7,97.5,,,,,,,,,,0.0,0.4,100.0,0.0
2024-07-14,,,,0.0,0.1,100.0,0.0,0.0,94.1,,,,0.0,0.3,100.0,0.0
2024-07-15,,,,,,,,,,,,,0.0,0.2,100.0,0.0
2024-07-16,4.1,9.7,52.9,,,,,,,,,,0.0,0.2,100.0,0.0
2024-07-17,,,,,,,,,,,,,0.0,0.2,100.0,0.0
2024-07-18,,,,,,,,,,,,,0.0,0.3,100.0,0.0
2024-07-19,,,,0.0,0.1,100.0,,,,0.0,0.0,55.6,0.0,0.2,100.0,0.0
2024-07-20,1.2,6.2,98.3,,,,,,,,,,0.0,0.2,100.0,0.0
2024-07-21,0.7,5.2,98.2,,,,,,,,,,0.0,0.3,100.0,0.0
2024-07-22,,,,,,,,,,,,,0.0,0.4,100.0,0.0
2024-07-23,,,,,,,,,,,,,0.0,0.2,100.0,0.0
2024-07-24,,,,0.0,0.1,99.7,,,,,,,0.0,0.1,100.0,0.0
2024-07-25,1.0,6.5,97.4,,,,,,,,,,0.0,0.1,100.0,0.0
2024-07-26,,,,,,,,,,0.0,0.0,100.0,0.0,0.1,100.0,0.0
2024-07-27,,,,,,,,,,0.0,0.0,100.0,0.0,0.1,100.0,0.0
2024-07-28,1.4,5.2,54.2,,,,,,,,,,0.0,0.0,100.0,0.0
2024-07-29,,,,0.0,0.1,100.0,,,,,,,0.0,0.0,100.0,0.0
2024-07-30,,,,,,,0.0,0.0,98.2,0.0,0.0,79.6,0.0,0.0,100.0,0.0
2024-07-31,,,,,,,0.0,0.0,99.8,,,,0.0,0.0,100.0,0.0
2024-08-01,0.5,4.4,98.3,,,,,,,,,,0.0,0.0,100.0,0.0
2024-08-02,0.8,5.4,98.3,,,,,,,,,,0.0,0.0,100.0,0.0
2024-08-03,,,,,,,,,,,,,0.0,0.0,100.0,0.0
2024-08-04,,,,,,,,,,,,,0.0,0.1,100.0,0.0
2024-08-05,,,,,,,,,,,,,0.0,0.1,100.0,0.0
2024-08-06,0.4,3.7,97.4,,,,,,,0.0,0.0,100.0,0.0,0.1,100.0,0.0
2024-08-07,,,,,,,,,,,,,0.0,0.2,100.0,0.0
2024-08-08,,,,0.0,0.1,100.0,,,,,,,0.0,0.2,100.0,0.0
2024-08-09,0.0,2.6,55.7,,,,,,,,,,0.0,0.1,100.0,0.0
2024-08-10,,,,,,,,,,,,,0.0,0.1,100.0,0.0
2024-08-11,,,,,,,,,,,,,0.0,0.1,100.0,0.0
2024-08-12,,,,,,,,,,,,,0.0,0.1,100.0,0.0
2024-08-13,0.0,1.5,98.3,0.0,0.1,99.8,,,,,,,0.0,0.0,100.0,0.0
2024-08-14,0.0,1.5,98.3,,,,,,,0.0,0.0,100.0,0.0,0.0,100.0,0.0
2024-08-15,,,,,,,,,,,,,0.0,0.0,100.0,0.0
2024-08-16,,,,,,,0.0,0.0,99.8,,,,0.0,0.0,100.0,0.0
2024-08-17,,,,,,,,,,,,,0.0,0.0,100.0,0.0
2024-08-18,0.0,1.7,97.4,,,,,,,,,,0.0,0.0,100.0,0.0
2024-08-19,,,,,,,,,,,,,0.0,0.0,100.0,0.0
2024-08-20,,,,,,,,,,,,,0.0,0.0,100.0,0.0
2024-08-21,0.0,1.7,58.7,,,,,,,,,,0.0,0.0,100.0,0.0
2024-08-22,,,,,,,,,,,,,0.0,0.0,100.0,0.0
2024-08-23,,,,0.0,0.1,100.0,0.0,0.0,99.9,,,,0.0,0.0,100.0,0.0
2024-08-24,,,,,,,0.0,0.0,33.6,,,,0.0,0.0,100.0,0.0
2024-08-25,0.0,1.0,98.2,,,,,,,,,,0.0,0.0,100.0,0.0
2024-08-26,0.0,1.4,98.5,,,,,,,0.0,0.0,82.4,0.0,0.0,100.0,0.0
2024-08-27,,,,,,,,,,0.0,0.0,100.0,0.0,0.0,100.0,0.0
2024-08-28,,,,0.0,0.1,100.0,,,,,,,0.0,0.1,100.0,0.0
2024-08-29,,,,,,,,,,,,,0.0,0.1,100.0,0.0
2024-08-30,0.0,2.0,97.6,,,,,,,0.0,0.0,100.0,0.0,0.1,100.0,0.0
2024-08-31,,,,,,,,,,0.0,0.0,100.0,0.0,0.1,100.0,0.0
2024-09-01,,,,,,,,,,,,,0.0,0.2,100.0,0.0
2024-09-02,0.0,2.0,60.0,0.0,0.1,81.9,,,,,,,0.0,0.1,100.0,0.0
2024-09-03,,,,,,,,,,,,,0.0,0.2,100.0,0.0
2024-09-04,,,,,,,,,,,,,0.0,0.2,100.0,0.0
2024-09-05,,,,,,,,,,,,,0.0,0.3,100.0,0.0
2024-09-06,0.0,1.7,98.2,,,,,,,0.0,0.0,100.0,0.0,0.2,100.0,0.0
2024-09-07,0.0,1.5,98.5,0.0,0.1,100.0,,,,,,,0.0,0.2,100.0,0.0
2024-09-08,,,,,,,,,,,,,0.0,0.3,100.0,0.0
2024-09-09,,,,,,,,,,,,,0.0,0.6,100.0,0.0
2024-09-10,,,,,,,,,,,,,0.0,0.7,100.0,0.0
2024-09-11,0.4,3.0,97.4,,,,,,,,,,0.0,0.6,100.0,0.0
2024-09-12,,,,0.0,0.1,98.5,,,,,,,0.0,0.6,100.0,0.0
2024-09-13,,,,,,,,,,,,,0.0,0.8,100.0,0.0
2024-09-14,0.5,2.9,70.9,,,,,,,0.0,0.0,100.0,0.0,0.8,100.0,0.0
2024-09-15,,,,,,,,,,0.0,0.0,72.9,0.0,0.8,100.0,0.0
2024-09-16,,,,,,,,,,,,,0.0,0.9,100.0,0.0
2024-09-17,,,,0.0,0.1,81.4,,,,0.0,0.0,43.2,0.0,0.8,100.0,0.0
2024-09-18,1.1,4.4,98.3,,,,,,,,,,0.0,0.6,100.0,0.0
2024-09-19,1.1,5.4,98.4,,,,,,,,,,0.0,0.6,100.0,0.0
2024-09-20,,,,,,,,,,,,,0.0,0.6,100.0,0.0
2024-09-21,,,,,,,,,,,,,0.0,0.5,100.0,0.0
2024-09-22,,,,,,,,,,0.0,0.0,77.5,0.0,0.3,100.0,0.0
2024-09-23,1.9,9.1,97.6,,,,,,,,,,0.0,0.4,100.0,0.0
2024-09-24,,,,,,,,,,,,,0.0,0.4,100.0,0.0
2024-09-25,,,,,,,,,,,,,0.0,0.4,100.0,0.0
2024-09-26,2.5,9.6,63.8,,,,,,,,,,0.0,0.3,100.0,0.0
2024-09-27,,,,,,,,,,,,,0.0,0.4,100.0,0.0
2024-09-28,,,,,,,,,,,,,0.0,0.4,100.0,0.0
2024-09-29,,,,,,,,,,,,,0.0,0.3,100.0,0.0
2024-09-30,1.5,5.6,98.2,,,,,,,,,,0.0,0.2,100.0,0.0
2024-10-01,1.0,5.0,98.3,,,,,,,,,,0.0,0.4,100.0,0.0
2024-10-02,,,,0.0,0.0,88.2,0.0,0.0,71.9,,,,0.0,0.4,100.0,0.0
2024-10-03,,,,,,,,,,,,,0.0,0.4,100.0,0.0
2024-10-04,,,,,,,,,,,,,0.0,0.3,100.0,0.0
2024-10-05,0.7,6.0,97.6,,,,,,,,,,0.0,0.3,100.0,0.0
2024-10-06,,,,,,,,,,,,,0.0,0.3,100.0,0.0
2024-10-07,,,,,,,,,,0.0,0.0,100.0,0.0,0.3,100.0,0.0
2024-10-08,0.4,5.0,70.2,,,,,,,,,,0.0,0.3,100.0,0.0
2024-10-09,,,,,,,,,,,,,0.0,0.3,100.0,0.0
2024-10-10,,,,,,,,,,,,,0.0,0.4,100.0,0.0
2024-10-11,,,,,,,,,,,,,0.0,0.5,100.0,0.0
2024-10-12,0.1,5.4,98.2,,,,,,,,,,0.0,0.4,100.0,0.0
2024-10-13,0.0,4.1,98.2,,,,,,,,,,0.0,0.4,100.0,0.0
2024-10-14,,,,,,,,,,,,,0.0,0.4,100.0,0.0
2024-10-15,,,,,,,,,,0.0,0.0,100.0,0.0,0.4,100.0,0.0
2024-10-16,,,,,,,,,,,,,0.0,0.5,100.0,0.0
2024-10-17,0.0,3.9,97.4,,,,,,,,,,0.0,0.4,100.0,0.0
2024-10-18,,,,,,,,,,,,,0.0,0.6,100.0,0.0
2024-10-19,,,,,,,,,,,,,0.0,0.7,100.0,0.0
2024-10-20,0.0,2.4,63.4,,,,,,,,,,0.0,0.7,100.0,0.0
2024-10-21,,,,,,,,,,,,,0.0,0.6,100.0,0.0
2024-10-22,,,,0.0,0.0,100.0,,,,0.0,0.0,100.0,0.0,0.5,100.0,0.0
2024-10-23,,,,,,,,,,0.0,0.0,100.0,0.0,0.6,100.0,0.0
2024-10-24,0.0,2.9,98.2,,,,,,,,,,0.0,0.7,100.0,0.0
2024-10-25,0.0,2.8,98.3,,,,,,,,,,0.0,0.9,100.0,0.0
2024-10-26,,,,,,,,,,0.0,0.0,100.0,0.0,0.7,100.0,0.0
2024-10-27,,,,,,,,,,,,,0.0,0.7,100.0,0.0
2024-10-28,,,,,,,,,,,,,0.0,0.5,100.0,0.0
2024-10-29,0.0,2.2,97.4,,,,,,,,,,0.0,0.7,100.0,0.0
2024-10-30,,,,,,,,,,0.0,0.0,100.0,0.0,0.6,100.0,0.0
2024-10-31,,,,,,,,,,,,,0.0,0.6,100.0,0.0
2024-11-01,0.0,1.5,60.3,0.0,0.0,100.0,,,,0.0,0.0,100.0,0.0,0.4,100.0,0.0
2024-11-02,,,,,,,,,,,,,0.0,0.5,100.0,0.0
2024-11-03,,,,,,,0.0,0.0,100.0,,,,0.0,0.5,100.0,0.0
2024-11-04,,,,,,,0.0,0.1,100.0,,,,0.0,0.6,100.0,0.0
2024-11-05,0.0,1.7,98.3,,,,,,,,,,0.0,0.7,100.0,0.0
2024-11-06,0.1,2.8,98.3,0.0,0.0,100.0,,,,,,,0.0,0.8,100.0,0.0
2024-11-07,,,,,,,,,,,,,0.0,1.0,100.0,0.0
2024-11-08,,,,,,,,,,,,,0.0,1.1,100.0,0.0
2024-11-09,,,,,,,,,,,,,0.0,1.3,100.0,0.0
2024-11-10,0.1,2.5,97.2,,,,,,,,,,0.0,1.2,100.0,0.0
2024-11-11,,,,0.0,0.1,100.0,0.0,0.1,100.0,,,,0.0,1.3,100.0,0.0
2024-11-12,,,,,,,0.0,0.7,34.9,,,,0.0,1.3,100.0,0.0
2024-11-13,0.1,2.2,60.0,,,,,,,0.0,0.0,100.0,0.0,1.3,100.0,0.0
2024-11-14,,,,,,,,,,,,,0.0,1.9,100.0,0.0
2024-11-15,,,,,,,,,,,,,0.0,2.5,100.0,0.0
2024-11-16,,,,0.0,0.1,100.0,,,,0.0,0.1,100.0,0.0,2.1,100.0,0.0
2024-11-17,0.3,3.2,98.3,,,,,,,,,,0.0,2.0,100.0,0.0
2024-11-18,0.1,3.2,98.3,,,,,,,,,,0.0,2.9,100.0,0.0
2024-11-19,,,,,,,,,,,,,0.0,4.5,100.0,0.0
2024-11-20,,,,,,,,,,,,,0.0,4.2,100.0,0.0
2024-11-21,,,,,,,,,,0.0,0.1,99.7,0.0,2.4,100.0,0.0
2024-11-22,1.0,4.7,98.2,,,,,,,,,,0.0,3.0,100.0,0.0
2024-11-23,,,,,,,,,,,,,0.0,3.7,100.0,0.0
2024-11-24,,,,,,,,,,,,,0.0,3.0,100.0,0.0
2024-11-25,0.6,3.9,61.7,,,,,,,0.0,0.1,100.0,0.0,2.2,100.0,0.0
2024-11-26,,,,0.0,0.2,100.0,,,,,,,0.0,2.3,100.0,0.0
2024-11-27,,,,,,,0.0,0.4,95.4,,,,0.0,3.6,100.0,0.0
2024-11-28,,,,,,,,,,,,,0.0,2.7,100.0,0.0
2024-11-29,1.3,6.6,98.4,,,,,,,0.0,0.3,100.0,0.0,2.3,100.0,0.0
2024-11-30,,,,,,,,,,0.0,0.3,100.0,0.0,2.0,100.0,0.0
2024-12-01,,,,0.0,0.3,100.0,,,,,,,0.0,3.7,100.0,0.0
2024-12-02,,,,,,,,,,0.0,0.4,100.0,0.0,2.4,100.0,0.0
2024-12-03,,,,,,,,,,0.0,0.7,100.0,0.0,2.8,100.0,0.0
2024-12-04,2.3,8.2,97.9,,,,,,,0.0,0.9,100.0,0.0,2.6,100.0,0.0
2024-12-05,,,,,,,,,,,,,0.0,5.2,100.0,0.0
2024-12-06,,,,0.0,2.3,37.4,,,,0.0,1.1,100.0,0.0,2.8,100.0,0.0
2024-12-07,4.6,15.0,63.5,,,,,,,0.0,0.5,100.0,0.0,3.6,100.0,0.0
2024-12-08,,,,,,,,,,,,,0.0,3.4,100.0,0.0
2024-12-09,,,,,,,,,,,,,0.0,5.3,100.0,0.0
2024-12-10,,,,,,,,,,0.0,0.6,100.0,0.0,3.4,100.0,0.0
2024-12-11,5.2,14.7,98.3,0.0,1.9,100.0,,,,0.0,0.8,100.0,0.0,4.2,100.0,0.0
2024-12-12,4.6,13.9,98.3,,,,,,,0.0,0.7,100.0,0.0,4.0,100.0,0.0
2024-12-13,,,,,,,,,,,,,0.0,6.2,100.0,0.0
2024-12-14,,,,,,,,,,0.0,1.2,100.0,0.0,4.5,100.0,0.0
2024-12-15,,,,,,,,,,,,,0.0,6.2,100.0,0.0
2024-12-16,9.6,18.8,97.4,0.2,6.0,100.0,,,,,,,0.0,6.4,100.0,0.0
2024-12-17,,,,,,,,,,0.0,1.2,100.0,0.0,8.0,100.0,0.0
2024-12-18,,,,,,,,,,0.1,3.8,100.0,0.0,6.5,100.0,0.0
2024-12-19,10.4,18.1,60.8,,,,,,,,,,0.0,9.3,100.0,0.0
2024-12-20,,,,,,,,,,,,,0.0,11.7,100.0,0.0
2024-12-21,,,,4.7,12.8,100.0,5.1,13.8,93.8,,,,0.0,18.9,100.0,0.0
2024-12-22,,,,,,,,,,0.1,4.3,100.0,0.0,19.5,100.0,0.0
2024-12-23,14.9,24.1,98.4,,,,,,,0.9,9.4,100.0,0.2,28.2,100.0,0.2
2024-12-24,12.7,23.3,98.4,,,,,,,,,,0.4,36.5,100.0,0.4
2024-12-25,,,,,,,,,,,,,5.8,48.7,100.0,5.8
2024-12-26,,,,50.8,51.6,100.0,,,,5.4,16.1,100.0,36.2,56.8,100.0,36.2
2024-12-27,,,,,,,,,,8.5,25.5,100.0,67.8,61.3,100.0,67.8
2024-12-28,36.7,38.1,97.9,,,,,,,,,,92.2,68.9,100.0,92.2
2024-12-29,,,,,,,45.6,47.2,84.6,,,,93.0,71.9,100.0,93.0
2024-12-30,,,,,,,97.5,87.7,83.5,,,,99.1,76.5,100.0,99.1
2024-12-31,75.2,56.2,59.0,90.0,82.1,100.0,,,,,,,98.7,77.7,100.0,98.7
2025-01-01,,,,,,,,,,64.3,53.8,100.0,99.8,80.0,100.0,99.8
2025-01-02,,,,,,,,,,,,,98.6,79.3,100.0,98.6
2025-01-03,,,,,,,,,,,,,99.9,82.0,100.0,99.9
2025-01-04,80.7,58.3,98.3,,,,,,,,,,99.5,80.0,100.0,99.5
2025-01-05,92.5,66.0,98.5,,,,,,,,,,99.9,82.7,100.0,99.9
2025-01-06,,,,,,,,,,88.6,74.5,100.0,98.4,79.2,100.0,98.4
2025-01-07,,,,,,,,,,,,,99.9,80.7,100.0,99.9
2025-01-08,,,,,,,,,,,,,99.3,80.4,100.0,99.3
2025-01-09,96.4,70.9,98.3,,,,,,,,,,99.9,82.4,100.0,99.9
2025-01-10,,,,,,,,,,,,,99.8,82.4,100.0,99.8
2025-01-11,,,,,,,,,,,,,100.0,87.5,100.0,100.0
2025-01-12,99.2,79.0,60.5,,,,,,,,,,100.0,89.9,100.0,100.0
2025-01-13,,,,,,,,,,97.8,84.2,100.0,100.0,90.8,100.0,100.0
2025-01-14,,,,,,,100.0,100.0,94.4,,,,100.0,93.7,100.0,100.0
2025-01-15,,,,,,,100.0,100.0,56.2,,,,100.0,94.9,100.0,100.0
2025-01-16,98.1,73.2,99.5,,,,,,,,,,100.0,96.3,100.0,100.0
2025-01-17,98.3,75.7,99.5,,,,,,,,,,100.0,96.8,100.0,100.0
2025-01-18,,,,,,,,,,,,,100.0,97.2,100.0,100.0
2025-01-19,,,,,,,,,,,,,100.0,97.6,100.0,100.0
2025-01-20,,,,,,,,,,,,,100.0,98.1,100.0,100.0
2025-01-21,98.3,72.9,98.9,,,,,,,,,,100.0,98.5,100.0,100.0
2025-01-22,,,,,,,,,,,,,100.0,98.6,100.0,100.0
2025-01-23,,,,,,,,,,100.0,91.7,100.0,100.0,98.6,100.0,100.0
2025-01-24,98.6,74.9,62.7,,,,,,,100.0,88.6,100.0,100.0,98.7,100.0,100.0
2025-01-25,,,,100.0,98.8,100.0,,,,,,,100.0,98.9,100.0,100.0
2025-01-26,,,,,,,,,,,,,100.0,98.7,100.0,100.0
2025-01-27,,,,,,,,,,,,,100.0,98.7,100.0,100.0
2025-01-28,98.3,74.2,99.3,,,,,,,,,,100.0,98.8,100.0,100.0
2025-01-29,99.0,77.7,99.5,,,,,,,100.0,96.8,100.0,100.0,98.9,100.0,100.0
2025-01-30,,,,100.0,99.9,66.0,,,,,,,100.0,98.9,100.0,100.0
2025-01-31,,,,,,,,,,,,,100.0,98.8,100.0,100.0
2025-02-01,,,,,,,,,,100.0,95.5,100.0,100.0,99.1,100.0,100.0
2025-02-02,99.8,83.5,98.6,,,,,,,,,,100.0,99.3,100.0,100.0
2025-02-03,,,,,,,,,,,,,100.0,99.1,100.0,100.0
2025-02-04,,,,100.0,100.0,100.0,,,,100.0,97.8,100.0,100.0,99.2,100.0,100.0
2025-02-05,100.0,87.4,66.9,,,,,,,100.0,97.7,100.0,100.0,99.1,100.0,100.0
2025-02-06,,,,,,,,,,100.0,98.6,100.0,100.0,99.1,100.0,100.0
2025-02-07,,,,,,,,,,,,,100.0,99.0,100.0,100.0
2025-02-08,,,,,,,,,,100.0,99.0,100.0,100.0,99.1,100.0,100.0
2025-02-09,100.0,88.7,99.4,,,,,,,100.0,98.9,100.0,100.0,99.2,100.0,100.0
2025-02-10,100.0,92.5,99.4,,,,,,,,,,100.0,99.2,100.0,100.0
2025-02-11,,,,,,,,,,100.0,99.4,100.0,100.0,99.2,100.0,100.0
2025-02-12,,,,,,,,,,,,,100.0,99.2,100.0,100.0
2025-02-13,,,,,,,,,,,,,100.0,99.4,100.0,100.0
2025-02-14,100.0,95.5,98.7,,,,,,,100.0,99.2,100.0,100.0,99.6,100.0,100.0
2025-02-15,,,,,,,100.0,100.0,76.2,,,,100.0,99.7,100.0,100.0
2025-02-16,,,,,,,100.0,100.0,98.2,,,,100.0,99.7,100.0,100.0
2025-02-17,100.0,97.0,64.9,,,,,,,100.0,99.3,100.0,100.0,99.7,100.0,100.0
2025-02-18,,,,,,,,,,,,,100.0,99.7,100.0,100.0
2025-02-19,,,,100.0,100.0,100.0,,,,,,,100.0,99.8,100.0,100.0
2025-02-20,,,,,,,,,,100.0,98.7,100.0,100.0,99.8,100.0,100.0
2025-02-21,100.0,97.4,99.4,,,,,,,,,,100.0,99.8,100.0,100.0
2025-02-22,100.0,98.2,99.5,,,,,,,,,,100.0,99.8,100.0,100.0
2025-02-23,,,,,,,100.0,100.0,100.0,,,,100.0,99.9,100.0,100.0
2025-02-24,,,,100.0,100.0,100.0,,,,,,,100.0,99.9,100.0,100.0
2025-02-25,,,,,,,,,,100.0,99.4,100.0,100.0,99.9,100.0,100.0
2025-02-26,100.0,98.8,98.8,,,,,,,,,,100.0,99.9,100.0,100.0
2025-02-27,,,,,,,,,,100.0,99.2,100.0,100.0,99.8,100.0,100.0
2025-02-28,,,,,,,,,,,,,100.0,99.9,100.0,100.0
2025-03-01,100.0,99.2,64.1,100.0,100.0,100.0,,,,,,,100.0,99.9,100.0,100.0
2025-03-02,,,,,,,,,,,,,100.0,99.9,100.0,100.0
2025-03-03,,,,,,,100.0,100.0,86.2,,,,100.0,99.8,100.0,100.0
2025-03-04,,,,,,,100.0,100.0,72.2,,,,100.0,99.9,100.0,100.0
2025-03-05,100.0,99.3,99.3,,,,,,,,,,100.0,99.8,100.0,100.0
2025-03-06,100.0,99.3,99.4,100.0,100.0,100.0,,,,,,,100.0,99.9,100.0,100.0
2025-03-07,,,,,,,,,,,,,100.0,99.8,100.0,100.0
2025-03-08,,,,,,,,,,,,,100.0,99.7,100.0,100.0
2025-03-09,,,,,,,,,,,,,100.0,99.6,100.0,100.0
2025-03-10,100.0,99.3,98.2,,,,,,,,,,100.0,99.7,100.0,100.0
2025-03-11,,,,,,,,,,,,,100.0,99.4,100.0,100.0
2025-03-12,,,,,,,,,,,,,100.0,99.5,100.0,100.0
2025-03-13,100.0,99.3,63.6,,,,,,,,,,100.0,99.4,100.0,100.0
2025-03-14,,,,,,,,,,,,,100.0,99.4,100.0,100.0
2025-03-15,,,,,,,,,,100.0,99.3,57.3,100.0,99.3,100.0,100.0
2025-03-16,,,,,,,,,,,,,100.0,99.6,100.0,100.0
2025-03-17,100.0,99.4,99.3,,,,,,,,,,100.0,99.6,100.0,100.0
2025-03-18,100.0,99.3,99.2,100.0,100.0,100.0,,,,,,,100.0,99.7,100.0,100.0
2025-03-19,,,,,,,100.0,100.0,79.8,100.0,99.1,100.0,100.0,99.6,100.0,100.0
2025-03-20,,,,,,,100.0,100.0,76.1,,,,100.0,99.6,100.0,100.0
2025-03-21,,,,,,,,,,,,,100.0,99.6,100.0,100.0
2025-03-22,100.0,99.2,98.4,,,,,,,,,,100.0,99.6,100.0,100.0
2025-03-23,,,,,,,,,,,,,100.0,99.5,100.0,100.0
2025-03-24,,,,,,,,,,100.0,98.9,79.7,100.0,99.5,100.0,100.0
2025-03-25,100.0,98.4,57.0,,,,,,,,,,100.0,99.5,100.0,100.0
2025-03-26,,,,,,,,,,100.0,99.0,62.2,100.0,99.5,100.0,100.0
2025-03-27,,,,,,,100.0,99.9,83.9,,,,100.0,99.5,100.0,100.0
2025-03-28,,,,100.0,99.8,96.1,,,,,,,100.0,99.5,100.0,100.0
2025-03-29,100.0,98.5,99.2,,,,,,,,,,100.0,99.5,100.0,100.0
2025-03-30,100.0,98.3,99.3,,,,,,,100.0,99.0,57.1,100.0,99.4,100.0,100.0
2025-03-31,,,,,,,,,,,,,100.0,99.1,100.0,100.0
2025-04-01,,,,,,,,,,,,,100.0,99.3,100.0,100.0
2025-04-02,,,,,,,,,,100.0,97.8,100.0,100.0,99.1,100.0,100.0
2025-04-03,100.0,98.0,98.1,,,,,,,,,,100.0,99.3,100.0,100.0
2025-04-04,,,,,,,100.0,99.6,70.2,100.0,97.6,100.0,100.0,99.0,100.0,100.0
2025-04-05,,,,100.0,99.6,100.0,100.0,98.4,68.7,,,,100.0,99.3,100.0,100.0
2025-04-06,100.0,97.6,65.0,,,,,,,,,,100.0,99.0,100.0,100.0
2025-04-07,,,,99.6,98.7,100.0,,,,100.0,95.3,100.0,100.0,99.1,100.0,100.0
2025-04-08,,,,,,,,,,,,,100.0,98.6,100.0,100.0
2025-04-09,,,,,,,,,,,,,100.0,98.6,100.0,100.0
2025-04-10,100.0,93.2,99.1,99.0,95.0,100.0,,,,100.0,94.9,100.0,100.0,98.6,100.0,100.0
2025-04-11,99.9,87.0,99.3,,,,,,,100.0,91.7,100.0,100.0,98.2,100.0,100.0
2025-04-12,,,,,,,100.0,93.2,58.1,100.0,93.2,32.0,100.0,97.7,100.0,100.0
2025-04-13,,,,,,,,,,,,,100.0,97.1,100.0,100.0
2025-04-14,,,,,,,,,,,,,100.0,96.7,100.0,100.0
2025-04-15,98.4,78.6,98.3,,,,,,,,,,100.0,95.6,100.0,100.0
2025-04-16,,,,,,,,,,,,,100.0,93.6,100.0,100.0
2025-04-17,,,,,,,,,,,,,99.9,90.6,100.0,99.9
2025-04-18,92.4,74.0,60.2,,,,,,,99.8,90.9,100.0,100.0,89.5,100.0,100.0
2025-04-19,,,,,,,,,,,,,99.6,82.9,100.0,99.6
2025-04-20,,,,,,,,,,,,,98.8,79.0,100.0,98.8
2025-04-21,,,,,,,,,,,,,79.4,68.4,100.0,79.4
2025-04-22,33.0,34.6,99.1,,,,,,,99.0,83.1,100.0,73.3,65.9,100.0,73.3
2025-04-23,4.3,12.2,99.1,,,,,,,78.7,60.8,100.0,18.0,48.5,100.0,18.0
2025-04-24,,,,,,,,,,,,,3.4,38.9,100.0,3.4
2025-04-25,,,,,,,,,,,,,0.6,26.6,100.0,0.6
2025-04-26,,,,,,,,,,,,,0.0,19.2,100.0,0.0
2025-04-27,0.5,2.7,98.2,,,,,,,27.5,37.3,76.6,0.0,11.8,100.0,0.0
2025-04-28,,,,,,,,,,0.0,15.5,100.0,0.0,10.8,100.0,0.0
2025-04-29,,,,,,,,,,,,,0.0,8.9,100.0,0.0
2025-04-30,0.8,1.8,69.3,0.0,4.1,93.1,,,,,,,0.0,8.1,100.0,0.0
2025-05-01,,,,,,,,,,0.0,4.8,100.0,0.0,6.0,100.0,0.0
2025-05-02,,,,,,,,,,0.0,2.8,100.0,0.0,5.8,100.0,0.0
2025-05-03,0.0,0.9,98.2,,,,,,,0.0,1.3,100.0,0.0,4.5,100.0,0.0
2025-05-04,0.1,0.6,99.1,,,,,,,,,,0.0,4.1,100.0,0.0
2025-05-05,0.1,0.5,99.3,,,,,,,,,,0.0,3.6,100.0,0.0
2025-05-06,,,,,,,,,,,,,0.0,4.5,100.0,0.0
2025-05-07,,,,,,,,,,,,,0.0,5.0,100.0,0.0
2025-05-08,,,,,,,,,,,,,0.0,5.7,100.0,0.0
2025-05-09,0.0,0.3,98.3,,,,,,,,,,0.0,4.5,100.0,0.0
2025-05-10,0.1,0.8,99.3,0.0,0.5,79.3,,,,,,,0.0,5.4,100.0,0.0
2025-05-11,0.1,0.8,99.4,,,,,,,,,,0.0,3.6,100.0,0.0
2025-05-12,0.0,0.8,53.5,,,,,,,,,,0.0,3.8,100.0,0.0
2025-05-13,,,,,,,,,,,,,0.0,3.1,100.0,0.0
2025-05-14,,,,,,,,,,,,,0.0,4.2,100.0,0.0
2025-05-15,0.0,2.0,98.5,,,,,,,,,,0.0,3.7,100.0,0.0
2025-05-16,0.0,2.1,99.2,,,,,,,,,,0.0,3.6,100.0,0.0
2025-05-17,0.2,2.9,99.2,0.0,0.0,62.6,,,,,,,0.0,2.6,100.0,0.0
2025-05-18,,,,,,,,,,,,,0.0,4.1,100.0,0.0
2025-05-19,,,,,,,,,,,,,0.0,3.6,100.0,0.0
2025-05-20,,,,,,,,,,,,,0.0,3.4,100.0,0.0
2025-05-21,0.1,2.3,98.5,,,,,,,,,,0.0,2.3,100.0,0.0
2025-05-22,0.0,1.3,99.2,,,,,,,,,,0.0,2.4,100.0,0.0
2025-05-23,0.0,1.0,99.4,,,,,,,,,,0.0,2.4,100.0,0.0
2025-05-24,0.1,1.0,51.2,,,,,,,0.0,0.3,100.0,0.0,2.2,100.0,0.0
2025-05-25,,,,,,,,,,,,,0.0,1.7,100.0,0.0
2025-05-26,,,,,,,,,,,,,0.0,1.6,100.0,0.0
2025-05-27,0.0,0.8,98.3,,,,,,,,,,0.0,1.5,100.0,0.0
2025-05-28,0.0,0.4,99.2,,,,,,,,,,0.0,1.3,100.0,0.0
2025-05-29,0.0,0.3,99.2,,,,,,,,,,0.0,1.2,100.0,0.0
2025-05-30,,,,0.0,0.0,100.0,,,,0.0,0.1,100.0,0.0,1.0,100.0,0.0
2025-05-31,,,,,,,0.0,0.1,67.0,0.0,0.1,100.0,0.0,1.0,100.0,0.0
2025-06-01,,,,,,,,,,,,,0.0,1.0,100.0,0.0
2025-06-02,0.0,0.2,98.3,,,,,,,,,,0.0,1.1,100.0,0.0
2025-06-03,0.0,0.3,98.9,,,,,,,,,,0.0,1.0,100.0,0.0
2025-06-04,0.0,0.4,99.4,,,,,,,,,,0.0,1.3,100.0,0.0
2025-06-05,0.1,0.3,51.0,,,,,,,,,,0.0,1.2,100.0,0.0
2025-06-06,,,,,,,,,,,,,0.0,1.6,100.0,0.0
2025-06-07,,,,,,,,,,,,,0.0,1.9,100.0,0.0
2025-06-08,0.0,0.5,98.1,,,,0.0,0.6,32.6,0.0,0.0,100.0,0.0,1.6,100.0,0.0
2025-06-09,0.0,0.6,99.3,0.0,0.1,100.0,,,,,,,0.0,1.7,100.0,0.0
2025-06-10,0.0,0.7,98.7,,,,,,,,,,0.0,1.3,100.0,0.0
2025-06-11,,,,,,,,,,0.0,0.0,100.0,0.0,1.2,100.0,0.0
2025-06-12,,,,,,,,,,0.0,0.0,100.0,0.0,1.1,100.0,0.0
2025-06-13,,,,,,,,,,,,,0.0,1.2,100.0,0.0
2025-06-14,0.0,0.8,97.7,0.0,0.1,47.8,,,,,,,0.0,0.8,100.0,0.0
2025-06-15,0.0,0.6,98.4,,,,,,,0.0,0.0,100.0,0.0,0.7,100.0,0.0
2025-06-16,0.0,0.7,98.8,,,,,,,0.0,0.0,100.0,0.0,0.5,100.0,0.0
2025-06-17,0.0,0.7,49.4,,,,,,,,,,0.0,0.5,100.0,0.0
2025-06-18,,,,,,,,,,0.0,0.0,100.0,0.0,0.2,100.0,0.0
2025-06-19,,,,0.0,0.0,100.0,,,,,,,0.0,0.2,100.0,0.0
2025-06-20,0.0,0.8,97.7,,,,,,,,,,0.0,0.1,100.0,0.0
2025-06-21,0.0,0.7,98.5,,,,,,,,,,0.0,0.1,100.0,0.0
2025-06-22,0.0,0.7,98.7,,,,,,,,,,0.0,0.1,100.0,0.0
2025-06-23,,,,,,,,,,,,,0.0,0.1,100.0,0.0
2025-06-24,,,,,,,0.0,0.0,99.8,,,,0.0,0.0,100.0,0.0
2025-06-25,,,,,,,,,,,,,0.0,0.0,100.0,0.0
2025-06-26,0.0,1.3,97.6,,,,,,,,,,0.0,0.0,100.0,0.0
2025-06-27,0.0,1.7,98.6,,,,,,,0.0,0.0,100.0,0.0,0.0,100.0,0.0
2025-06-28,0.0,1.4,98.7,,,,,,,,,,0.0,0.0,100.0,0.0
2025-06-29,0.0,0.4,50.8,,,,,,,,,,0.0,0.0,100.0,0.0
2025-06-30,,,,,,,,,,,,,0.0,0.0,100.0,0.0
2025-07-01,,,,,,,,,,0.0,0.0,100.0,0.0,0.0,100.0,0.0
2025-07-02,0.0,1.8,97.3,,,,0.0,0.0,68.3,,,,0.0,0.1,100.0,0.0
2025-07-03,0.0,1.6,98.4,,,,,,,0.0,0.0,99.6,0.0,0.1,100.0,0.0
2025-07-04,0.0,2.0,98.6,,,,,,,0.0,0.0,100.0,0.0,0.0,100.0,0.0
2025-07-05,,,,,,,,,,,,,0.0,0.0,100.0,0.0
2025-07-06,,,,,,,,,,,,,0.0,0.1,100.0,0.0
2025-07-07,,,,,,,,,,,,,0.0,0.1,100.0,0.0
2025-07-08,0.0,1.2,97.4,,,,,,,,,,0.0,0.1,100.0,0.0
2025-07-09,0.0,1.3,98.6,0.0,0.0,92.6,,,,,,,0.0,0.1,100.0,0.0
2025-07-10,0.0,1.8,98.7,,,,0.0,0.0,100.0,,,,0.0,0.1,100.0,0.0
2025-07-11,0.0,0.5,48.1,,,,,,,0.0,0.0,60.9,0.0,0.0,100.0,0.0
2025-07-12,,,,,,,,,,,,,0.0,0.1,100.0,0.0
2025-07-13,,,,,,,,,,,,,0.0,0.1,100.0,0.0
2025-07-14,0.0,1.8,97.5,,,,,,,,,,0.0,0.0,100.0,0.0
2025-07-15,0.0,1.4,98.5,,,,,,,,,,0.0,0.0,100.0,0.0
2025-07-16,0.0,1.3,98.5,,,,,,,,,,0.0,0.0,100.0,0.0
2025-07-17,,,,,,,0.0,0.0,38.9,,,,0.0,0.0,100.0,0.0
2025-07-18,,,,,,,0.0,0.0,100.0,0.0,0.0,95.8,0.0,0.0,100.0,0.0
2025-07-19,,,,0.0,0.0,94.2,,,,,,,0.0,0.0,100.0,0.0
2025-07-20,0.0,1.7,97.7,,,,,,,,,,0.0,0.0,100.0,0.0
2025-07-21,0.0,2.0,98.4,,,,,,,,,,0.0,0.0,100.0,0.0
2025-07-22,0.0,2.2,98.6,,,,,,,,,,0.0,0.0,100.0,0.0
2025-07-23,0.0,0.5,49.2,,,,,,,,,,0.0,0.0,100.0,0.0
2025-07-24,,,,,,,,,,,,,0.0,0.0,100.0,0.0
2025-07-25,,,,,,,0.0,0.0,100.0,,,,0.0,0.0,100.0,0.0
2025-07-26,0.1,3.4,97.4,,,,,,,,,,0.0,0.0,100.0,0.0
2025-07-27,0.1,2.7,98.6,,,,,,,,,,0.0,0.0,100.0,0.0
2025-07-28,0.1,2.5,98.6,,,,,,,,,,0.0,0.1,100.0,0.0
2025-07-29,,,,0.0,0.0,79.3,,,,,,,0.0,0.1,100.0,0.0
2025-07-30,,,,,,,,,,,,,0.0,0.1,100.0,0.0
2025-07-31,,,,,,,,,,,,,0.0,0.1,100.0,0.0
2025-08-01,0.0,2.5,97.7,,,,,,,,,,0.0,0.2,100.0,0.0
2025-08-02,0.0,2.6,98.3,,,,,,,,,,0.0,0.3,100.0,0.0
2025-08-03,0.0,2.3,98.4,0.0,0.0,62.1,,,,0.0,0.0,46.6,0.0,0.1,100.0,0.0
2025-08-04,0.0,2.7,56.2,,,,,,,,,,0.0,0.1,100.0,0.0
2025-08-05,,,,,,,,,,,,,0.0,0.1,100.0,0.0
2025-08-06,,,,,,,,,,,,,0.0,0.1,100.0,0.0
2025-08-07,,,,,,,,,,0.0,0.0,100.0,0.0,0.0,100.0,0.0
2025-08-08,0.0,1.3,98.5,0.0,0.0,100.0,,,,,,,0.0,0.0,100.0,0.0
2025-08-09,0.0,1.1,98.5,,,,,,,,,,0.0,0.0,100.0,0.0
2025-08-10,,,,,,,0.0,0.0,100.0,0.0,0.0,100.0,0.0,0.0,100.0,0.0
2025-08-11,,,,,,,0.0,0.0,99.9,0.0,0.0,100.0,0.0,0.0,100.0,0.0
2025-08-12,,,,,,,,,,0.0,0.0,100.0,0.0,0.0,100.0,0.0
2025-08-13,0.0,1.1,97.8,0.0,0.0,63.5,,,,,,,0.0,0.0,100.0,0.0
2025-08-14,0.0,0.9,98.6,,,,,,,0.0,0.0,100.0,0.0,0.0,100.0,0.0
2025-08-15,0.0,0.7,98.6,0.0,0.1,100.0,,,,0.0,0.0,100.0,0.0,0.0,100.0,0.0
2025-08-16,0.0,0.3,60.0,,,,,,,,,,0.0,0.0,100.0,0.0
2025-08-17,,,,,,,,,,,,,0.0,0.0,100.0,0.0
2025-08-18,,,,0.0,0.0,100.0,0.0,0.0,100.0,,,,0.0,0.0,100.0,0.0
2025-08-19,0.0,0.7,97.5,,,,,,,,,,0.0,0.0,100.0,0.0
2025-08-20,0.0,0.7,98.5,,,,,,,,,,0.0,0.0,100.0,0.0
2025-08-21,0.0,1.1,98.5,,,,,,,,,,0.0,0.0,100.0,0.0
2025-08-22,,,,,,,,,,,,,0.0,0.0,100.0,0.0
2025-08-23,,,,,,,,,,,,,0.0,0.0,100.0,0.0
2025-08-24,,,,,,,,,,,,,0.0,0.0,100.0,0.0
2025-08-25,0.0,1.0,97.8,0.0,0.0,100.0,,,,,,,0.0,0.0,100.0,0.0
2025-08-26,0.0,1.1,98.5,,,,0.0,0.0,100.0,0.0,0.0,100.0,0.0,0.0,100.0,0.0
2025-08-27,0.0,0.6,98.7,,,,0.0,0.0,72.0,,,,0.0,0.0,100.0,0.0
2025-08-28,0.0,0.6,60.6,,,,,,,,,,0.0,0.0,100.0,0.0
2025-08-29,,,,,,,,,,,,,0.0,0.0,100.0,0.0
2025-08-30,,,,,,,,,,,,,0.0,0.0,100.0,0.0
2025-08-31,0.0,0.6,97.7,,,,,,,,,,0.0,0.0,100.0,0.0
2025-09-01,0.0,0.5,98.7,,,,,,,,,,0.0,0.0,100.0,0.0
2025-09-02,0.0,0.6,98.7,,,,,,,,,,0.0,0.0,100.0,0.0
2025-09-03,,,,,,,0.0,0.0,100.0,,,,0.0,0.0,100.0,0.0
2025-09-04,,,,0.0,0.0,100.0,0.0,0.0,100.0,,,,0.0,0.0,100.0,0.0
2025-09-05,,,,,,,,,,0.0,0.0,100.0,0.0,0.0,100.0,0.0
2025-09-06,0.0,0.5,98.1,,,,,,,,,,0.0,0.0,100.0,0.0
2025-09-07,0.0,0.7,98.6,,,,,,,,,,0.0,0.0,100.0,0.0
2025-09-08,0.0,1.0,98.7,,,,,,,,,,0.0,0.0,100.0,0.0
2025-09-09,0.0,1.2,61.7,,,,,,,,,,0.0,0.0,100.0,0.0
2025-09-10,,,,,,,,,,,,,0.0,0.0,100.0,0.0
2025-09-11,,,,,,,0.0,0.0,100.0,0.0,0.0,100.0,0.0,0.0,100.0,0.0
2025-09-12,0.0,1.7,97.7,,,,,,,,,,0.0,0.0,100.0,0.0
2025-09-13,0.0,2.6,98.5,,,,,,,,,,0.0,0.0,100.0,0.0
2025-09-14,0.0,3.5,98.8,0.0,0.0,99.3,,,,,,,0.0,0.0,100.0,0.0
2025-09-15,,,,,,,,,,,,,0.0,0.1,100.0,0.0
2025-09-16,,,,,,,,,,,,,0.0,0.0,100.0,0.0
2025-09-17,,,,0.0,0.0,90.6,,,,0.0,0.0,71.9,0.0,0.0,100.0,0.0
2025-09-18,0.1,5.4,97.7,,,,,,,0.0,0.0,100.0,0.0,0.0,100.0,0.0
2025-09-19,0.5,6.4,98.5,,,,0.0,0.0,100.0,,,,0.0,0.0,100.0,0.0
2025-09-20,0.4,5.8,98.7,,,,0.0,0.0,100.0,,,,0.0,0.0,100.0,0.0
2025-09-21,0.2,3.1,61.3,,,,,,,,,,0.0,0.0,100.0,0.0
2025-09-22,,,,,,,,,,,,,0.0,0.1,100.0,0.0
2025-09-23,,,,,,,,,,,,,0.0,0.1,100.0,0.0
2025-09-24,0.2,4.0,96.8,,,,,,,,,,0.0,0.1,100.0,0.0
2025-09-25,0.1,2.2,97.7,,,,,,,,,,0.0,0.1,100.0,0.0
2025-09-26,0.4,3.3,97.8,,,,,,,,,,0.0,0.1,100.0,0.0
2025-09-27,,,,,,,,,,,,,0.0,0.2,100.0,0.0
2025-09-28,,,,,,,0.0,0.0,99.7,,,,0.0,0.2,100.0,0.0
2025-09-29,,,,,,,,,,0.0,0.0,46.8,0.0,0.1,100.0,0.0
2025-09-30,0.1,1.7,96.8,,,,,,,,,,0.0,0.2,100.0,0.0
2025-10-01,0.1,1.6,97.7,,,,,,,,,,0.0,0.4,100.0,0.0
2025-10-02,0.1,1.5,97.7,0.0,0.0,100.0,,,,0.0,0.0,100.0,0.0,0.3,100.0,0.0
2025-10-03,0.2,2.7,60.3,,,,,,,0.0,0.0,100.0,0.0,0.3,100.0,0.0
2025-10-04,,,,0.0,0.0,84.8,,,,0.0,0.0,100.0,0.0,0.3,100.0,0.0
2025-10-05,,,,,,,,,,,,,0.0,0.6,100.0,0.0
2025-10-06,0.0,1.4,97.0,,,,0.0,0.0,47.5,0.0,0.0,100.0,0.0,0.4,100.0,0.0
2025-10-07,0.0,1.4,97.7,0.0,0.1,100.0,,,,0.0,0.0,100.0,0.0,0.3,100.0,0.0
2025-10-08,0.0,1.3,97.7,,,,,,,0.0,0.0,100.0,0.0,0.2,100.0,0.0
2025-10-09,,,,,,,,,,,,,0.0,0.4,100.0,0.0
2025-10-10,,,,,,,,,,0.0,0.0,100.0,0.0,0.2,100.0,0.0
2025-10-11,,,,,,,,,,0.0,0.0,100.0,0.0,0.3,100.0,0.0
2025-10-12,0.0,1.9,96.8,0.0,0.1,100.0,,,,0.0,0.0,100.0,0.0,0.2,100.0,0.0
2025-10-13,0.0,1.9,97.7,,,,0.0,0.0,96.9,,,,0.0,0.3,100.0,0.0
2025-10-14,0.2,2.7,97.6,0.0,0.1,100.0,0.0,0.0,100.0,0.0,0.0,100.0,0.0,0.2,100.0,0.0
2025-10-15,0.0,1.1,66.2,,,,,,,,,,0.0,0.2,100.0,0.0
2025-10-16,,,,,,,,,,,,,0.0,0.2,100.0,0.0
2025-10-17,,,,0.0,0.1,100.0,,,,,,,0.0,0.3,100.0,0.0
2025-10-18,0.0,2.8,97.0,,,,,,,,,,0.0,0.4,100.0,0.0
2025-10-19,0.9,3.9,97.6,,,,,,,0.0,0.0,100.0,0.0,0.4,100.0,0.0
2025-10-20,0.0,2.7,97.6,,,,,,,0.0,0.0,100.0,0.0,0.6,100.0,0.0
2025-10-21,,,,,,,,,,0.0,0.0,100.0,0.0,0.5,100.0,0.0
2025-10-22,,,,0.0,0.1,77.7,,,,,,,0.0,0.9,100.0,0.0
2025-10-23,,,,,,,,,,,,,0.0,0.6,100.0,0.0
2025-10-24,0.1,2.5,97.1,0.0,0.1,90.4,,,,0.0,0.0,100.0,0.0,0.7,100.0,0.0
2025-10-25,0.0,1.9,97.6,,,,,,,0.0,0.0,100.0,0.0,0.6,100.0,0.0
2025-10-26,0.0,2.0,97.7,,,,,,,,,,0.0,0.7,100.0,0.0
2025-10-27,0.0,1.4,64.0,,,,,,,0.0,0.1,100.0,0.0,0.5,100.0,0.0
2025-10-28,,,,,,,,,,,,,0.0,0.8,100.0,0.0
2025-10-29,,,,,,,0.0,0.1,99.6,,,,0.0,0.5,100.0,0.0
2025-10-30,0.0,1.3,96.8,,,,,,,,,,0.0,0.7,100.0,0.0
2025-10-31,0.0,1.3,97.6,,,,,,,,,,0.0,1.0,100.0,0.0
2025-11-01,0.0,1.5,97.7,,,,,,,,,,0.0,1.2,100.0,0.0
2025-11-02,,,,,,,,,,,,,0.0,1.1,100.0,0.0
2025-11-03,,,,0.0,0.4,100.0,,,,,,,0.0,0.9,100.0,0.0
2025-11-04,,,,,,,,,,,,,0.0,1.3,100.0,0.0
2025-11-05,0.0,1.7,96.8,,,,,,,0.0,0.0,100.0,0.0,1.2,100.0,0.0
2025-11-06,0.0,1.6,97.8,0.0,0.2,100.0,0.0,0.1,87.6,0.0,0.0,100.0,0.0,1.4,100.0,0.0
2025-11-07,0.0,1.8,99.0,,,,0.0,0.1,32.8,,,,0.0,1.4,100.0,0.0
2025-11-08,0.0,1.0,61.4,,,,,,,,,,0.0,1.8,100.0,0.0
2025-11-09,,,,,,,,,,0.0,0.1,100.0,0.0,1.7,100.0,0.0
2025-11-10,,,,,,,,,,,,,0.0,2.3,100.0,0.0
2025-11-11,0.2,3.0,98.2,0.0,0.2,100.0,,,,,,,0.0,2.3,100.0,0.0
2025-11-12,0.1,2.2,99.1,,,,,,,,,,0.0,2.5,100.0,0.0
2025-11-13,0.1,1.9,99.1,0.0,0.2,100.0,,,,,,,0.0,2.9,100.0,0.0
2025-11-14,,,,,,,,,,,,,0.0,3.0,100.0,0.0
2025-11-15,,,,,,,,,,,,,0.0,3.2,100.0,0.0
2025-11-16,,,,,,,,,,,,,0.0,2.9,100.0,0.0
2025-11-17,,,,,,,,,,0.0,0.1,96.8,0.0,2.6,100.0,0.0
2025-11-18,0.1,1.6,99.2,,,,,,,0.0,0.2,100.0,0.0,2.1,100.0,0.0
2025-11-19,0.1,1.9,99.2,,,,,,,,,,0.0,2.4,100.0,0.0
2025-11-20,0.2,1.8,63.5,,,,,,,,,,0.0,2.3,100.0,0.0
2025-11-21,,,,,,,,,,,,,0.0,2.6,100.0,0.0
2025-11-22,,,,,,,0.1,1.9,84.3,0.0,0.4,99.9,0.0,2.3,100.0,0.0
2025-11-23,0.1,2.1,98.8,0.0,0.5,100.0,0.1,2.1,91.1,,,,0.0,2.9,100.0,0.0
2025-11-24,0.2,2.5,98.9,,,,,,,,,,0.0,2.7,100.0,0.0
2025-11-25,0.4,3.1,99.0,,,,,,,0.0,0.7,40.8,0.0,2.4,100.0,0.0
2025-11-26,,,,0.0,3.3,42.9,,,,0.0,1.0,100.0,0.0,2.5,100.0,0.0
2025-11-27,,,,,,,,,,,,,0.0,3.3,100.0,0.0
2025-11-28,,,,,,,,,,,,,0.0,3.0,100.0,0.0
2025-11-29,0.2,3.1,98.5,,,,,,,0.0,0.6,100.0,0.0,2.1,100.0,0.0
2025-11-30,,,,,,,,,,,,,0.0,2.9,100.0,0.0
2025-12-01,0.5,3.2,99.0,,,,0.1,2.2,87.0,0.0,0.4,100.0,0.0,3.0,100.0,0.0
2025-12-02,,,,,,,,,,,,,0.0,3.4,100.0,0.0
2025-12-03,,,,0.1,2.0,87.2,,,,0.0,0.4,100.0,0.0,2.2,100.0,0.0
2025-12-04,,,,,,,,,,0.0,0.4,100.0,0.0,3.3,100.0,0.0
2025-12-05,0.3,3.6,98.5,,,,,,,,,,0.0,4.3,100.0,0.0
2025-12-06,0.9,3.4,98.9,2.1,9.4,66.8,,,,,,,0.0,4.6,100.0,0.0
2025-12-07,1.4,4.1,99.0,,,,,,,0.0,0.5,100.0,0.0,3.9,100.0,0.0
2025-12-08,,,,,,,,,,0.0,0.6,100.0,0.0,4.9,100.0,0.0
2025-12-09,,,,,,,0.0,2.4,87.6,,,,0.0,6.0,100.0,0.0
2025-12-10,,,,,,,,,,,,,0.0,6.7,100.0,0.0
2025-12-11,1.0,3.3,98.2,,,,,,,,,,0.0,6.5,100.0,0.0
2025-12-12,1.3,4.5,99.0,,,,,,,,,,0.0,8.2,100.0,0.0
2025-12-13,1.5,5.6,99.1,2.2,6.4,100.0,,,,,,,0.0,8.3,100.0,0.0
2025-12-14,2.7,6.0,63.3,,,,,,,,,,0.0,7.8,100.0,0.0
2025-12-15,,,,,,,,,,,,,0.0,8.2,100.0,0.0
2025-12-16,,,,,,,,,,,,,0.0,7.7,100.0,0.0
2025-12-17,2.4,7.0,98.2,,,,,,,0.0,1.0,100.0,0.0,7.3,100.0,0.0
2025-12-18,1.7,6.3,99.0,,,,,,,,,,0.0,8.7,100.0,0.0
2025-12-19,5.6,12.0,99.1,,,,,,,,,,0.0,9.3,100.0,0.0
2025-12-20,,,,,,,,,,0.0,1.1,100.0,0.0,8.9,100.0,0.0
2025-12-21,,,,4.6,9.2,100.0,,,,0.0,1.6,100.0,0.0,8.8,100.0,0.0
2025-12-22,,,,,,,,,,,,,0.0,10.9,100.0,0.0
2025-12-23,7.3,13.8,98.7,19.6,27.3,38.7,,,,,,,0.0,12.8,100.0,0.0
2025-12-24,9.7,14.5,99.1,,,,,,,0.0,2.7,100.0,0.0,13.6,100.0,0.0
2025-12-25,11.5,15.9,99.1,,,,,,,0.0,4.8,100.0,0.0,16.2,100.0,0.0
2025-12-26,5.7,9.6,62.8,3.9,11.2,100.0,,,,,,,0.2,21.6,100.0,0.2
2025-12-27,,,,,,,,,,0.0,8.0,100.0,0.2,23.3,100.0,0.2
2025-12-28,,,,,,,,,,,,,0.5,27.8,100.0,0.5
2025-12-29,17.4,18.3,98.7,,,,,,,,,,2.6,29.9,100.0,2.6
2025-12-30,13.6,15.4,99.1,,,,,,,,,,9.6,39.0,100.0,9.6
2025-12-31,16.8,17.5,99.1,17.3,26.9,100.0,,,,,,,16.6,44.4,100.0,16.6
2026-01-01,,,,,,,16.9,27.6,90.2,,,,26.6,52.3,100.0,26.6
2026-01-02,,,,,,,17.8,25.8,77.8,0.5,12.1,100.0,27.7,51.8,100.0,27.7
2026-01-03,,,,,,,,,,15.8,29.7,100.0,48.8,59.6,100.0,48.8
2026-01-04,13.7,16.0,98.5,,,,,,,,,,63.4,64.5,100.0,63.4
2026-01-05,18.8,20.3,98.8,88.5,76.4,100.0,,,,,,,93.0,72.1,100.0,93.0
2026-01-06,14.3,19.1,98.8,,,,,,,,,,97.4,74.6,100.0,97.4
2026-01-07,4.1,10.3,63.4,,,,,,,92.5,69.9,100.0,99.9,80.7,100.0,99.9
2026-01-08,,,,,,,,,,,,,100.0,85.0,100.0,100.0
2026-01-09,,,,,,,100.0,94.0,92.7,,,,100.0,90.4,100.0,100.0
2026-01-10,21.5,24.8,98.5,,,,,,,,,,100.0,91.8,100.0,100.0
2026-01-11,27.9,29.6,98.8,,,,,,,,,,100.0,93.8,100.0,100.0
2026-01-12,44.3,41.5,98.7,100.0,98.9,99.4,,,,100.0,85.2,100.0,100.0,96.0,100.0,100.0
2026-01-13,,,,,,,,,,,,,100.0,96.3,100.0,100.0
2026-01-14,,,,,,,,,,,,,100.0,96.9,100.0,100.0
2026-01-15,,,,,,,,,,,,,100.0,97.3,100.0,100.0
2026-01-16,53.2,47.3,98.2,,,,,,,,,,100.0,98.1,100.0,100.0
2026-01-17,63.8,52.1,98.8,,,,,,,,,,100.0,98.2,100.0,100.0
2026-01-18,82.7,61.2,98.7,,,,,,,100.0,96.0,100.0,100.0,98.5,100.0,100.0
2026-01-19,87.0,62.4,59.9,,,,,,,,,,100.0,98.7,100.0,100.0
2026-01-20,,,,100.0,99.9,100.0,,,,,,,100.0,98.9,100.0,100.0
2026-01-21,,,,,,,,,,,,,100.0,98.6,100.0,100.0
2026-01-22,92.0,67.5,98.5,,,,,,,,,,100.0,98.5,100.0,100.0
2026-01-23,86.0,63.7,98.6,,,,,,,,,,100.0,98.5,100.0,100.0
2026-01-24,92.8,70.3,98.6,,,,,,,,,,100.0,98.4,100.0,100.0
2026-01-25,,,,,,,,,,,,,100.0,98.2,100.0,100.0
2026-01-26,,,,,,,,,,100.0,96.7,100.0,100.0,98.1,100.0,100.0
2026-01-27,,,,,,,,,,,,,100.0,98.4,100.0,100.0
2026-01-28,95.7,74.3,98.1,,,,,,,,,,100.0,98.2,100.0,100.0
2026-01-29,96.9,77.7,98.7,,,,,,,,,,100.0,98.2,100.0,100.0
2026-01-30,97.5,77.9,98.5,,,,,,,,,,100.0,98.7,100.0,100.0
2026-01-31,96.4,75.5,64.9,,,,,,,100.0,98.1,100.0,100.0,98.8,100.0,100.0
2026-02-01,,,,,,,,,,100.0,97.2,100.0,100.0,98.9,100.0,100.0
2026-02-02,,,,,,,100.0,100.0,99.2,,,,100.0,99.3,100.0,100.0
2026-02-03,99.2,81.7,98.4,,,,,,,,,,100.0,99.5,100.0,100.0
2026-02-04,98.3,80.1,98.8,,,,,,,,,,100.0,99.6,100.0,100.0
2026-02-05,99.2,83.3,98.6,,,,,,,,,,100.0,99.7,100.0,100.0
2026-02-06,,,,,,,,,,100.0,98.3,79.1,100.0,99.6,100.0,100.0
2026-02-07,,,,,,,,,,,,,100.0,99.7,100.0,100.0
2026-02-08,,,,,,,,,,100.0,98.1,100.0,100.0,99.7,100.0,100.0
2026-02-09,99.6,85.0,98.5,100.0,100.0,98.9,,,,100.0,98.4,100.0,100.0,99.8,100.0,100.0
2026-02-10,100.0,87.1,98.8,,,,,,,,,,100.0,99.7,100.0,100.0
2026-02-11,100.0,88.5,98.8,,,,,,,,,,100.0,99.6,100.0,100.0
2026-02-12,100.0,89.3,63.4,,,,,,,,,,100.0,99.6,100.0,100.0
2026-02-13,,,,,,,,,,,,,100.0,99.4,100.0,100.0
2026-02-14,,,,,,,,,,,,,100.0,99.4,100.0,100.0
2026-02-15,100.0,92.2,98.2,,,,,,,,,,100.0,99.4,100.0,100.0
2026-02-16,100.0,93.3,98.8,,,,,,,,,,100.0,99.3,100.0,100.0
2026-02-17,100.0,95.4,98.9,,,,,,,100.0,98.9,73.5,100.0,99.1,100.0,100.0
2026-02-18,,,,,,,,,,,,,100.0,98.9,100.0,100.0
2026-02-19,,,,,,,,,,,,,100.0,98.9,100.0,100.0
2026-02-20,,,,,,,,,,,,,100.0,99.0,100.0,100.0
2026-02-21,100.0,96.5,98.2,,,,,,,100.0,99.1,98.6,100.0,99.1,100.0,100.0
2026-02-22,100.0,97.2,98.8,,,,,,,100.0,99.4,100.0,100.0,99.1,100.0,100.0
2026-02-23,100.0,97.6,98.9,,,,,,,,,,100.0,99.4,100.0,100.0
2026-02-24,100.0,97.6,64.8,,,,,,,,,,100.0,99.4,100.0,100.0
2026-02-25,,,,,,,,,,,,,100.0,99.4,100.0,100.0
2026-02-26,,,,,,,100.0,100.0,85.6,100.0,99.5,100.0,100.0,99.6,100.0,100.0
2026-02-27,100.0,97.7,97.9,,,,100.0,100.0,76.6,,,,100.0,99.6,100.0,100.0
2026-02-28,100.0,96.9,98.7,,,,,,,,,,100.0,99.7,100.0,100.0
2026-03-01,100.0,96.0,98.8,,,,,,,100.0,99.6,95.2,100.0,99.8,100.0,100.0
2026-03-02,,,,,,,,,,,,,100.0,99.8,100.0,100.0
2026-03-03,,,,,,,,,,,,,100.0,99.8,100.0,100.0
2026-03-04,,,,,,,,,,100.0,99.7,100.0,100.0,99.8,100.0,100.0
2026-03-05,100.0,95.3,98.2,,,,,,,,,,100.0,99.9,100.0,100.0
2026-03-06,100.0,94.4,98.8,100.0,99.9,100.0,100.0,99.9,89.0,,,,100.0,99.9,100.0,100.0
2026-03-07,100.0,93.6,98.8,,,,100.0,99.8,74.0,,,,100.0,99.9,100.0,100.0
2026-03-08,100.0,90.2,65.7,,,,,,,,,,100.0,99.9,100.0,100.0
2026-03-09,,,,,,,,,,,,,100.0,99.9,100.0,100.0
2026-03-10,,,,,,,,,,100.0,99.7,100.0,100.0,99.9,100.0,100.0
2026-03-11,99.9,90.2,98.0,100.0,100.0,83.8,,,,,,,100.0,99.9,100.0,100.0
2026-03-12,99.8,92.0,98.7,,,,,,,,,,100.0,99.9,100.0,100.0
2026-03-13,100.0,95.6,98.7,100.0,99.9,100.0,,,,100.0,99.6,100.0,100.0,100.0,100.0,100.0
2026-03-14,,,,,,,,,,,,,100.0,99.9,100.0,100.0
2026-03-15,,,,,,,,,,,,,100.0,99.9,100.0,100.0
2026-03-16,,,,100.0,100.0,100.0,,,,,,,100.0,99.9,100.0,100.0
2026-03-17,100.0,97.9,98.4,,,,,,,,,,100.0,99.9,100.0,100.0
2026-03-18,100.0,98.4,98.7,,,,,,,,,,100.0,99.9,100.0,100.0
2026-03-19,100.0,99.1,98.6,,,,,,,,,,100.0,99.9,100.0,100.0
2026-03-20,100.0,99.4,62.2,,,,,,,100.0,99.4,100.0,100.0,99.9,100.0,100.0
2026-03-21,,,,100.0,99.9,100.0,,,,,,,100.0,99.9,100.0,100.0
2026-03-22,,,,,,,,,,,,,100.0,99.8,100.0,100.0
2026-03-23,100.0,99.7,97.9,,,,,,,,,,100.0,99.9,100.0,100.0
2026-03-24,100.0,99.6,98.7,,,,,,,100.0,99.1,100.0,100.0,99.8,100.0,100.0
2026-03-25,100.0,99.4,98.5,,,,,,,100.0,98.8,100.0,100.0,99.8,100.0,100.0
2026-03-26,,,,,,,,,,,,,100.0,99.7,100.0,100.0
2026-03-27,,,,,,,,,,,,,100.0,99.7,100.0,100.0
2026-03-28,,,,,,,,,,,,,100.0,99.7,100.0,100.0
2026-03-29,100.0,99.2,98.2,,,,,,,,,,100.0,99.6,100.0,100.0
2026-03-30,100.0,98.9,98.7,,,,,,,,,,100.0,99.6,100.0,100.0
2026-03-31,100.0,98.5,98.5,,,,,,,,,,100.0,99.6,100.0,100.0
2026-04-01,100.0,97.3,58.7,,,,,,,,,,100.0,99.6,100.0,100.0
2026-04-02,,,,100.0,99.7,100.0,,,,100.0,97.9,100.0,100.0,99.5,100.0,100.0
2026-04-03,,,,,,,,,,,,,100.0,99.3,100.0,100.0
2026-04-04,100.0,95.9,97.6,,,,,,,,,,100.0,99.3,100.0,100.0
2026-04-05,,,,99.2,97.1,100.0,,,,100.0,96.5,100.0,100.0,99.2,100.0,100.0
2026-04-06,100.0,93.5,98.6,,,,,,,100.0,95.0,100.0,100.0,99.0,100.0,100.0
2026-04-07,,,,,,,100.0,98.7,56.8,99.9,93.5,100.0,100.0,98.7,100.0,100.0
2026-04-08,,,,,,,100.0,94.5,54.2,,,,100.0,98.6,100.0,100.0
2026-04-09,,,,,,,,,,,,,100.0,98.1,100.0,100.0
2026-04-10,100.0,92.1,97.8,,,,,,,,,,100.0,97.7,100.0,100.0
2026-04-11,99.9,90.8,98.5,,,,,,,,,,100.0,96.6,100.0,100.0
2026-04-12,99.7,86.8,98.8,,,,,,,,,,99.9,95.5,100.0,99.9
2026-04-13,99.1,84.8,60.3,,,,,,,,,,99.8,92.3,100.0,99.8
2026-04-14,,,,,,,,,,99.7,87.5,100.0,99.1,87.7,100.0,99.1
2026-04-15,,,,,,,,,,,,,97.3,81.9,100.0,97.3
2026-04-16,92.0,72.7,97.6,,,,17.1,20.4,63.2,,,,92.7,75.2,100.0,92.7
2026-04-17,75.0,58.3,98.7,,,,,,,93.4,75.1,100.0,55.1,62.0,100.0,55.1
2026-04-18,38.9,38.1,98.8,,,,,,,,,,28.6,49.4,100.0,28.6
2026-04-19,,,,,,,,,,,,,12.3,38.3,100.0,12.3
2026-04-20,,,,3.9,18.3,75.6,,,,,,,9.8,30.3,100.0,9.8
2026-04-21,,,,,,,,,,,,,4.6,19.0,100.0,4.6
2026-04-22,29.3,30.2,98.2,3.6,11.4,100.0,,,,70.8,55.8,100.0,3.8,14.8,100.0,3.8
2026-04-23,15.9,19.1,98.6,,,,6.0,7.2,84.0,,,,1.1,12.0,100.0,1.1
2026-04-24,2.0,7.6,98.8,,,,0.3,1.1,59.8,45.1,43.4,100.0,0.1,8.4,100.0,0.1
2026-04-25,0.1,1.7,98.8,0.0,1.1,100.0,,,,11.9,26.1,100.0,0.0,5.6,100.0,0.0
2026-04-26,,,,,,,,,,0.3,15.3,100.0,0.0,4.2,100.0,0.0
2026-04-27,,,,,,,,,,0.0,7.5,100.0,0.0,3.9,100.0,0.0
2026-04-28,0.0,0.6,97.7,,,,,,,,,,0.0,2.8,100.0,0.0
2026-04-29,0.0,0.6,98.5,,,,,,,,,,0.0,2.6,100.0,0.0
2026-04-30,0.0,0.7,98.7,0.0,0.1,100.0,,,,0.0,3.7,100.0,0.0,1.9,100.0,0.0
2026-05-01,,,,,,,0.3,0.4,80.3,,,,0.0,2.2,100.0,0.0
2026-05-02,,,,0.0,0.0,100.0,0.0,0.0,62.2,,,,0.0,1.8,100.0,0.0
2026-05-03,,,,,,,,,,,,,0.0,2.0,100.0,0.0
2026-05-04,0.0,1.0,97.9,,,,,,,,,,0.0,1.8,100.0,0.0
2026-05-05,0.0,1.7,98.7,,,,,,,,,,0.0,1.7,100.0,0.0
2026-05-06,0.3,3.1,98.8,,,,,,,,,,0.0,1.3,100.0,0.0
2026-05-07,0.2,2.4,98.8,,,,,,,0.0,1.0,100.0,0.0,1.2,100.0,0.0
2026-05-08,,,,,,,,,,,,,0.0,1.4,100.0,0.0
2026-05-09,,,,,,,0.0,0.0,82.7,,,,0.0,1.4,100.0,0.0
2026-05-10,,,,,,,,,,,,,0.0,1.8,100.0,0.0
2026-05-11,0.3,2.3,98.7,,,,,,,,,,0.0,1.6,100.0,0.0
2026-05-12,0.3,2.4,98.8,,,,,,,,,,0.0,2.2,100.0,0.0
2026-05-13,,,,,,,,,,,,,0.0,2.5,100.0,0.0
2026-05-14,,,,,,,,,,,,,0.0,2.2,100.0,0.0
2026-05-15,,,,,,,,,,,,,0.0,1.9,100.0,0.0
2026-05-16,0.4,2.0,98.7,,,,,,,,,,0.0,2.7,100.0,0.0
2026-05-17,0.2,1.7,99.5,,,,,,,,,,0.0,2.6,100.0,0.0
2026-05-18,0.1,1.8,99.7,,,,,,,,,,0.0,1.7,100.0,0.0
2026-05-19,0.1,2.2,99.6,,,,,,,,,,0.0,1.1,100.0,0.0
2026-05-20,,,,,,,,,,,,,0.0,1.2,100.0,0.0
2026-05-21,,,,,,,,,,,,,0.0,0.9,100.0,0.0
2026-05-22,0.3,2.4,98.3,0.0,0.0,100.0,,,,0.0,0.2,100.0,0.0,0.4,100.0,0.0
2026-05-23,3.7,9.7,99.6,,,,,,,0.0,0.1,100.0,0.0,0.4,100.0,0.0
2026-05-24,,,,,,,,,,,,,0.0,0.7,100.0,0.0
2026-05-25,,,,0.0,0.0,100.0,0.0,0.0,98.5,,,,0.0,0.5,100.0,0.0
2026-05-26,,,,,,,,,,0.0,0.1,98.6,0.0,0.3,100.0,0.0
2026-05-27,,,,,,,,,,,,,0.0,0.4,100.0,0.0
2026-05-28,6.2,13.0,98.7,,,,,,,,,,0.0,1.5,100.0,0.0
2026-05-29,3.1,9.3,99.5,,,,,,,,,,0.0,1.6,100.0,0.0
2026-05-30,3.6,10.7,99.7,,,,,,,,,,0.0,1.9,100.0,0.0
2026-05-31,2.1,7.7,91.3,,,,,,,,,,0.0,2.9,100.0,0.0
2026-06-01,,,,,,,,,,,,,,,,
2026-06-02,,,,,,,,,,,,,,,,
2026-06-03,0.7,6.9,98.3,,,,,,,,,,,,,
2026-06-04,0.5,3.9,99.6,,,,,,,,,,,,,
2026-06-05,,,,,,,,,,,,,,,,
2026-06-06,,,,,,,,,,,,,,,,
2026-06-07,,,,,,,,,,0.0,0.0,100.0,,,,
2026-06-08,,,,,,,,,,0.0,0.0,100.0,,,,
2026-06-09,0.1,1.9,98.5,,,,,,,,,,,,,
2026-06-10,,,,,,,,,,,,,,,,
2026-06-11,0.0,1.9,99.3,0.0,0.0,52.1,0.0,0.0,43.0,0.0,0.1,34.5,,,,
2026-06-12,0.1,1.1,99.4,,,,,,,,,,,,,
2026-06-13,,,,,,,,,,,,,,,,
2026-06-14,,,,,,,,,,,,,,,,
2026-06-15,,,,,,,,,,,,,,,,
2026-06-16,0.0,1.1,99.4,,,,,,,0.0,0.0,100.0,,,,
2026-06-17,0.0,1.0,99.5,,,,,,,,,,,,,
2026-06-18,,,,,,,,,,,,,,,,
2026-06-19,,,,0.0,0.0,98.3,,,,0.0,0.0,100.0,,,,
2026-06-20,,,,,,,,,,,,,,,,
2026-06-21,0.0,0.8,98.4,0.0,0.0,83.9,,,,0.0,0.1,100.0,,,,
2026-06-22,,,,,,,,,,,,,,,,
2026-06-23,0.0,0.7,99.3,,,,,,,,,,,,,
2026-06-24,0.0,0.9,99.6,0.0,0.1,100.0,,,,,,,,,,
2026-06-25,,,,,,,,,,,,,,,,
2026-06-26,,,,,,,,,,,,,,,,
2026-06-27,,,,,,,0.0,0.0,100.0,0.0,0.4,100.0,,,,
2026-06-28,0.0,2.6,99.3,,,,,,,0.0,0.6,100.0,,,,
2026-06-29,0.0,8.8,99.5,0.0,0.5,100.0,,,,,,,,,,
2026-06-30,0.1,17.6,99.1,,,,,,,,,,,,,
2026-07-01,,,,,,,,,,,,,,,,
2026-07-02,,,,,,,,,,,,,,,,
2026-07-03,,,,,,,,,,0.0,2.5,88.5,,,,
2026-07-04,,,,,,,,,,,,,,,,
2026-07-05,,,,,,,,,,,,,,,,
2026-07-06,,,,,,,,,,,,,,,,
2026-07-07,,,,,,,,,,,,,,,,
2026-07-08,,,,,,,,,,,,,,,,
2026-07-09,,,,,,,,,,0.0,6.8,100.0,,,,
