date,s1_ice_cover,s1_ice_probability,s1_data_coverage,s2_ice_cover,s2_ice_probability,s2_data_coverage,landsat_ice_cover,landsat_ice_probability,landsat_data_coverage,ecostress_ice_cover,ecostress_ice_probability,ecostress_data_coverage,stage2_ice_cover,stage2_ice_probability,stage2_data_coverage,stage2_phenology_cover
2015-06-29,0.1,17.1,59.5,,,,,,,,,,0.0,11.5,100.0,0.0
2015-06-30,,,,,,,,,,,,,0.0,8.5,100.0,0.0
2015-07-01,,,,,,,,,,,,,0.0,6.1,100.0,0.0
2015-07-02,,,,,,,,,,,,,0.0,5.4,100.0,0.0
2015-07-03,0.0,14.1,57.1,,,,,,,,,,0.0,3.7,100.0,0.0
2015-07-04,0.2,12.6,61.0,0.0,0.7,100.0,,,,,,,0.0,3.2,100.0,0.0
2015-07-05,,,,,,,,,,,,,0.0,2.5,100.0,0.0
2015-07-06,,,,,,,,,,,,,0.0,2.2,100.0,0.0
2015-07-07,,,,,,,,,,,,,0.0,1.9,100.0,0.0
2015-07-08,,,,,,,,,,,,,0.0,1.7,100.0,0.0
2015-07-09,,,,,,,,,,,,,0.0,1.6,100.0,0.0
2015-07-10,,,,,,,,,,,,,0.0,1.6,100.0,0.0
2015-07-11,,,,,,,,,,,,,0.0,1.3,100.0,0.0
2015-07-12,,,,,,,,,,,,,0.0,1.4,100.0,0.0
2015-07-13,,,,,,,,,,,,,0.0,1.5,100.0,0.0
2015-07-14,,,,,,,,,,,,,0.0,1.6,100.0,0.0
2015-07-15,0.0,8.8,58.4,,,,0.0,0.2,37.4,,,,0.0,1.4,100.0,0.0
2015-07-16,0.3,2.7,64.2,,,,,,,,,,0.0,1.3,100.0,0.0
2015-07-17,,,,,,,,,,,,,0.0,1.1,100.0,0.0
2015-07-18,,,,,,,,,,,,,0.0,1.3,100.0,0.0
2015-07-19,,,,,,,,,,,,,0.0,1.3,100.0,0.0
2015-07-20,,,,,,,,,,,,,0.0,1.2,100.0,0.0
2015-07-21,,,,,,,,,,,,,0.0,1.1,100.0,0.0
2015-07-22,,,,,,,,,,,,,0.0,1.3,100.0,0.0
2015-07-23,,,,,,,,,,,,,0.0,1.5,100.0,0.0
2015-07-24,,,,,,,,,,,,,0.0,1.5,100.0,0.0
2015-07-25,,,,,,,,,,,,,0.0,1.2,100.0,0.0
2015-07-26,,,,,,,,,,,,,0.0,1.3,100.0,0.0
2015-07-27,,,,,,,,,,,,,0.0,1.6,100.0,0.0
2015-07-28,0.0,1.9,61.8,,,,,,,,,,0.0,1.2,100.0,0.0
2015-07-29,,,,,,,,,,,,,0.0,0.9,100.0,0.0
2015-07-30,,,,,,,,,,,,,0.0,0.9,100.0,0.0
2015-07-31,,,,,,,0.0,0.1,69.0,,,,0.0,1.0,100.0,0.0
2015-08-01,,,,,,,,,,,,,0.0,1.0,100.0,0.0
2015-08-02,,,,,,,,,,,,,0.0,0.8,100.0,0.0
2015-08-03,,,,0.0,0.1,100.0,,,,,,,0.0,0.7,100.0,0.0
2015-08-04,0.0,0.7,57.6,,,,,,,,,,0.0,0.7,100.0,0.0
2015-08-05,,,,,,,,,,,,,0.0,0.6,100.0,0.0
2015-08-06,,,,0.0,0.1,97.4,,,,,,,0.0,0.5,100.0,0.0
2015-08-07,,,,,,,,,,,,,0.0,0.4,100.0,0.0
2015-08-08,0.0,1.1,55.1,,,,,,,,,,0.0,0.5,100.0,0.0
2015-08-09,,,,,,,0.0,0.0,48.7,,,,0.0,0.4,100.0,0.0
2015-08-10,,,,,,,,,,,,,0.0,0.4,100.0,0.0
2015-08-11,,,,,,,,,,,,,0.0,0.4,100.0,0.0
2015-08-12,,,,,,,,,,,,,0.0,0.5,100.0,0.0
2015-08-13,,,,0.0,0.2,99.7,,,,,,,0.0,0.5,100.0,0.0
2015-08-14,,,,,,,,,,,,,0.0,0.5,100.0,0.0
2015-08-15,,,,,,,,,,,,,0.0,0.4,100.0,0.0
2015-08-16,0.0,0.9,59.0,,,,,,,,,,0.0,0.6,100.0,0.0
2015-08-17,,,,,,,,,,,,,0.0,0.7,100.0,0.0
2015-08-18,,,,,,,,,,,,,0.0,0.7,100.0,0.0
2015-08-19,,,,,,,,,,,,,0.0,0.8,100.0,0.0
2015-08-20,0.0,1.6,61.9,,,,,,,,,,0.0,1.2,100.0,0.0
2015-08-21,,,,,,,,,,,,,0.0,1.3,100.0,0.0
2015-08-22,,,,,,,,,,,,,0.0,1.3,100.0,0.0
2015-08-23,,,,0.0,0.2,92.9,,,,,,,0.0,1.2,100.0,0.0
2015-08-24,,,,,,,,,,,,,0.0,1.3,100.0,0.0
2015-08-25,,,,,,,,,,,,,0.0,1.1,100.0,0.0
2015-08-26,,,,0.0,0.1,100.0,,,,,,,0.0,0.8,100.0,0.0
2015-08-27,,,,,,,,,,,,,0.0,0.8,100.0,0.0
2015-08-28,0.0,0.8,43.0,,,,,,,,,,0.0,0.7,100.0,0.0
2015-08-29,,,,,,,,,,,,,0.0,0.6,100.0,0.0
2015-08-30,,,,,,,,,,,,,0.0,0.5,100.0,0.0
2015-08-31,,,,,,,,,,,,,0.0,0.5,100.0,0.0
2015-09-01,0.0,4.4,44.2,,,,0.0,0.1,77.0,,,,0.0,0.5,100.0,0.0
2015-09-02,,,,,,,,,,,,,0.0,0.5,100.0,0.0
2015-09-03,,,,,,,,,,,,,0.0,0.7,100.0,0.0
2015-09-04,,,,,,,,,,,,,0.0,0.9,100.0,0.0
2015-09-05,,,,,,,,,,,,,0.0,1.4,100.0,0.0
2015-09-06,,,,,,,,,,,,,0.0,1.6,100.0,0.0
2015-09-07,,,,,,,,,,,,,0.0,1.8,100.0,0.0
2015-09-08,,,,,,,,,,,,,0.0,2.2,100.0,0.0
2015-09-09,0.0,5.7,41.7,,,,,,,,,,0.0,3.6,100.0,0.0
2015-09-10,,,,,,,,,,,,,0.0,3.6,100.0,0.0
2015-09-11,,,,,,,,,,,,,0.0,3.6,100.0,0.0
2015-09-12,,,,0.0,0.1,100.0,,,,,,,0.0,3.1,100.0,0.0
2015-09-13,2.5,18.8,51.3,,,,,,,,,,0.0,4.3,100.0,0.0
2015-09-14,,,,,,,,,,,,,0.0,3.8,100.0,0.0
2015-09-15,,,,,,,,,,,,,0.0,3.9,100.0,0.0
2015-09-16,,,,,,,,,,,,,0.0,3.3,100.0,0.0
2015-09-17,,,,,,,,,,,,,0.0,5.5,100.0,0.0
2015-09-18,,,,,,,,,,,,,0.0,4.3,100.0,0.0
2015-09-19,,,,,,,,,,,,,0.0,4.0,100.0,0.0
2015-09-20,,,,,,,,,,,,,0.0,3.9,100.0,0.0
2015-09-21,2.4,18.3,44.5,,,,,,,,,,0.0,5.2,100.0,0.0
2015-09-22,,,,,,,,,,,,,0.0,4.6,100.0,0.0
2015-09-23,,,,,,,,,,,,,0.0,5.1,100.0,0.0
2015-09-24,,,,,,,,,,,,,0.0,4.6,100.0,0.0
2015-09-25,,,,,,,,,,,,,0.0,5.9,100.0,0.0
2015-09-26,,,,,,,,,,,,,0.0,5.2,100.0,0.0
2015-09-27,,,,,,,,,,,,,0.0,6.1,100.0,0.0
2015-09-28,,,,,,,,,,,,,0.0,4.6,100.0,0.0
2015-09-29,,,,,,,,,,,,,0.0,4.9,100.0,0.0
2015-09-30,,,,,,,,,,,,,0.0,4.5,100.0,0.0
2015-10-01,,,,,,,,,,,,,0.0,5.3,100.0,0.0
2015-10-02,,,,,,,,,,,,,0.0,4.7,100.0,0.0
2015-10-03,28.5,37.6,42.0,,,,,,,,,,0.0,4.6,100.0,0.0
2015-10-04,,,,,,,,,,,,,0.0,4.1,100.0,0.0
2015-10-05,,,,,,,,,,,,,0.0,4.3,100.0,0.0
2015-10-06,,,,,,,,,,,,,0.0,3.1,100.0,0.0
2015-10-07,,,,,,,,,,,,,0.0,2.8,100.0,0.0
2015-10-08,,,,,,,,,,,,,0.0,3.0,100.0,0.0
2015-10-09,,,,,,,,,,,,,0.0,3.1,100.0,0.0
2015-10-10,,,,,,,,,,,,,0.0,3.2,100.0,0.0
2015-10-11,,,,,,,,,,,,,0.0,2.9,100.0,0.0
2015-10-12,,,,0.0,0.1,100.0,0.0,0.1,67.9,,,,0.0,3.1,100.0,0.0
2015-10-13,,,,,,,,,,,,,0.0,3.1,100.0,0.0
2015-10-14,,,,,,,,,,,,,0.0,3.1,100.0,0.0
2015-10-15,,,,,,,,,,,,,0.0,3.0,100.0,0.0
2015-10-16,,,,,,,,,,,,,0.0,4.1,100.0,0.0
2015-10-17,,,,,,,,,,,,,0.0,3.9,100.0,0.0
2015-10-18,,,,,,,,,,,,,0.0,4.5,100.0,0.0
2015-10-19,,,,,,,,,,,,,0.0,4.7,100.0,0.0
2015-10-20,12.1,30.8,44.6,,,,,,,,,,0.0,5.8,100.0,0.0
2015-10-21,,,,,,,,,,,,,0.0,5.0,100.0,0.0
2015-10-22,,,,2.9,4.0,100.0,,,,,,,0.0,5.7,100.0,0.0
2015-10-23,,,,,,,,,,,,,0.0,5.2,100.0,0.0
2015-10-24,,,,,,,,,,,,,0.0,5.6,100.0,0.0
2015-10-25,,,,,,,,,,,,,0.0,5.0,100.0,0.0
2015-10-26,,,,,,,,,,,,,0.0,5.2,100.0,0.0
2015-10-27,8.7,23.8,39.0,,,,,,,,,,0.0,5.0,100.0,0.0
2015-10-28,,,,,,,,,,,,,0.0,6.1,100.0,0.0
2015-10-29,,,,,,,,,,,,,0.0,5.1,100.0,0.0
2015-10-30,,,,,,,,,,,,,0.0,5.1,100.0,0.0
2015-10-31,6.3,19.2,44.7,,,,,,,,,,0.0,4.6,100.0,0.0
2015-11-01,0.1,7.5,44.8,,,,,,,,,,0.0,4.7,100.0,0.0
2015-11-02,,,,,,,,,,,,,0.0,4.5,100.0,0.0
2015-11-03,,,,,,,,,,,,,0.0,4.5,100.0,0.0
2015-11-04,,,,,,,0.0,0.0,47.2,,,,0.0,4.0,100.0,0.0
2015-11-05,,,,,,,,,,,,,0.0,3.8,100.0,0.0
2015-11-06,,,,,,,,,,,,,0.0,3.9,100.0,0.0
2015-11-07,,,,,,,,,,,,,0.1,4.3,100.0,0.1
2015-11-08,,,,,,,,,,,,,0.0,4.6,100.0,0.0
2015-11-09,,,,,,,,,,,,,0.0,3.9,100.0,0.0
2015-11-10,,,,,,,,,,,,,0.0,3.8,100.0,0.0
2015-11-11,,,,,,,,,,,,,0.0,3.4,100.0,0.0
2015-11-12,0.7,9.9,47.2,,,,,,,,,,0.0,3.9,100.0,0.0
2015-11-13,,,,,,,0.0,0.1,63.9,,,,0.0,3.4,100.0,0.0
2015-11-14,,,,,,,,,,,,,0.0,4.1,100.0,0.0
2015-11-15,,,,,,,,,,,,,0.0,4.0,100.0,0.0
2015-11-16,,,,,,,,,,,,,0.0,4.3,100.0,0.0
2015-11-17,0.0,4.5,43.6,,,,,,,,,,0.0,4.3,100.0,0.0
2015-11-18,,,,,,,,,,,,,0.0,4.4,100.0,0.0
2015-11-19,,,,,,,,,,,,,0.0,4.7,100.0,0.0
2015-11-20,,,,,,,,,,,,,0.0,4.7,100.0,0.0
2015-11-21,,,,,,,,,,,,,0.0,5.7,100.0,0.0
2015-11-22,,,,,,,,,,,,,0.0,5.5,100.0,0.0
2015-11-23,,,,,,,,,,,,,0.0,6.9,100.0,0.0
2015-11-24,0.0,6.1,45.3,0.1,4.1,100.0,,,,,,,0.0,7.3,100.0,0.0
2015-11-25,0.1,3.9,46.1,,,,,,,,,,0.0,9.0,100.0,0.0
2015-11-26,,,,,,,,,,,,,0.0,7.8,100.0,0.0
2015-11-27,,,,,,,,,,,,,0.0,9.2,100.0,0.0
2015-11-28,,,,,,,,,,,,,0.0,9.1,100.0,0.0
2015-11-29,0.1,6.0,44.8,,,,,,,,,,0.0,10.6,100.0,0.0
2015-11-30,,,,,,,,,,,,,0.0,8.6,100.0,0.0
2015-12-01,,,,,,,,,,,,,0.0,9.7,100.0,0.0
2015-12-02,0.7,5.2,43.8,,,,,,,,,,0.0,10.1,100.0,0.0
2015-12-03,,,,,,,,,,,,,0.0,10.1,100.0,0.0
2015-12-04,,,,0.0,1.3,100.0,,,,,,,0.0,10.7,100.0,0.0
2015-12-05,,,,,,,,,,,,,0.0,10.4,100.0,0.0
2015-12-06,6.4,12.3,45.7,,,,0.0,0.2,63.1,,,,0.0,11.5,100.0,0.0
2015-12-07,13.7,14.7,49.7,,,,,,,,,,0.0,11.0,100.0,0.0
2015-12-08,,,,,,,,,,,,,0.0,11.0,100.0,0.0
2015-12-09,,,,,,,,,,,,,0.0,10.9,100.0,0.0
2015-12-10,,,,,,,,,,,,,0.0,13.1,100.0,0.0
2015-12-11,,,,0.0,0.3,100.0,,,,,,,0.0,13.1,100.0,0.0
2015-12-12,,,,,,,,,,,,,0.0,12.0,100.0,0.0
2015-12-13,,,,,,,,,,,,,0.0,11.9,100.0,0.0
2015-12-14,,,,,,,,,,,,,0.0,13.2,100.0,0.0
2015-12-15,,,,,,,,,,,,,0.0,13.5,100.0,0.0
2015-12-16,,,,,,,,,,,,,0.0,10.9,100.0,0.0
2015-12-17,,,,,,,,,,,,,0.0,10.3,100.0,0.0
2015-12-18,23.9,20.3,44.5,,,,,,,,,,0.0,10.1,100.0,0.0
2015-12-19,24.0,20.1,47.0,,,,,,,,,,0.0,9.9,100.0,0.0
2015-12-20,,,,,,,,,,,,,0.0,8.5,100.0,0.0
2015-12-21,,,,,,,,,,,,,0.0,9.5,100.0,0.0
2015-12-22,,,,,,,0.0,0.3,64.2,,,,0.0,9.7,100.0,0.0
2015-12-23,0.8,11.0,37.4,,,,,,,,,,0.0,10.2,100.0,0.0
2015-12-24,,,,0.1,1.8,100.0,,,,,,,0.0,10.6,100.0,0.0
2015-12-25,,,,,,,,,,,,,0.0,11.0,100.0,0.0
2015-12-26,0.6,7.6,36.2,,,,,,,,,,0.0,11.7,100.0,0.0
2015-12-27,,,,,,,,,,,,,0.0,11.7,100.0,0.0
2015-12-28,,,,,,,,,,,,,0.0,12.5,100.0,0.0
2015-12-29,,,,,,,,,,,,,0.0,12.5,100.0,0.0
2015-12-30,0.5,4.2,36.5,,,,,,,,,,0.0,13.1,100.0,0.0
2015-12-31,,,,7.8,15.6,100.0,0.0,0.5,84.3,,,,0.0,13.5,100.0,0.0
2016-01-01,,,,,,,,,,,,,0.0,9.6,100.0,0.0
2016-01-02,,,,,,,,,,,,,0.0,9.3,100.0,0.0
2016-01-03,,,,0.2,7.8,42.1,,,,,,,0.0,8.4,100.0,0.0
2016-01-04,0.2,2.7,47.4,,,,,,,,,,0.0,8.3,100.0,0.0
2016-01-05,,,,,,,,,,,,,0.0,7.4,100.0,0.0
2016-01-06,,,,,,,,,,,,,0.0,7.7,100.0,0.0
2016-01-07,,,,,,,0.0,1.8,40.1,,,,0.0,7.6,100.0,0.0
2016-01-08,,,,,,,,,,,,,0.0,8.1,100.0,0.0
2016-01-09,,,,,,,,,,,,,0.0,7.5,100.0,0.0
2016-01-10,,,,,,,,,,,,,0.0,8.3,100.0,0.0
2016-01-11,0.7,2.8,46.8,,,,,,,,,,0.0,7.9,100.0,0.0
2016-01-12,1.1,3.5,48.0,,,,,,,,,,0.0,9.1,100.0,0.0
2016-01-13,,,,,,,,,,,,,0.0,9.3,100.0,0.0
2016-01-14,,,,,,,,,,,,,0.0,12.5,100.0,0.0
2016-01-15,,,,,,,,,,,,,0.0,13.7,100.0,0.0
2016-01-16,0.0,2.2,45.1,,,,,,,,,,0.0,20.1,100.0,0.0
2016-01-17,,,,,,,,,,,,,0.0,22.6,100.0,0.0
2016-01-18,,,,,,,,,,,,,0.0,30.0,100.0,0.0
2016-01-19,1.6,3.2,45.4,,,,,,,,,,0.0,32.9,100.0,0.0
2016-01-20,,,,,,,,,,,,,0.0,38.8,100.0,0.0
2016-01-21,,,,,,,,,,,,,1.5,42.2,100.0,1.5
2016-01-22,,,,,,,,,,,,,9.9,47.0,100.0,9.9
2016-01-23,0.3,7.7,51.3,,,,,,,,,,14.4,47.7,100.0,14.4
2016-01-24,2.8,14.6,51.2,,,,,,,,,,26.2,49.9,100.0,26.2
2016-01-25,,,,,,,,,,,,,28.5,48.6,100.0,28.5
2016-01-26,,,,,,,,,,,,,21.4,46.3,100.0,21.4
2016-01-27,,,,,,,,,,,,,12.2,42.8,100.0,12.2
2016-01-28,38.9,39.3,49.1,,,,,,,,,,11.9,42.1,100.0,11.9
2016-01-29,,,,,,,,,,,,,6.8,37.8,100.0,6.8
2016-01-30,,,,73.7,69.2,99.9,,,,,,,3.6,34.2,100.0,3.6
2016-01-31,,,,,,,,,,,,,1.3,29.3,100.0,1.3
2016-02-01,,,,,,,,,,,,,0.9,28.1,100.0,0.9
2016-02-02,,,,,,,,,,,,,1.0,25.2,100.0,1.0
2016-02-03,,,,,,,,,,,,,2.5,25.0,100.0,2.5
2016-02-04,73.9,50.2,48.0,,,,,,,,,,5.8,24.4,100.0,5.8
2016-02-05,94.7,72.7,48.0,,,,,,,,,,11.6,26.7,100.0,11.6
2016-02-06,,,,,,,,,,,,,12.4,25.0,100.0,12.4
2016-02-07,,,,,,,,,,,,,17.0,27.2,100.0,17.0
2016-02-08,,,,,,,,,,,,,18.2,27.2,100.0,18.2
2016-02-09,95.4,75.2,48.0,100.0,97.3,32.3,,,,,,,20.7,29.9,100.0,20.7
2016-02-10,,,,,,,,,,,,,18.5,28.3,100.0,18.5
2016-02-11,,,,,,,,,,,,,19.7,30.1,100.0,19.7
2016-02-12,98.4,82.5,44.9,,,,,,,,,,20.9,31.3,100.0,20.9
2016-02-13,,,,,,,,,,,,,20.3,31.8,100.0,20.3
2016-02-14,,,,,,,,,,,,,18.8,31.7,100.0,18.8
2016-02-15,,,,,,,,,,,,,17.5,30.4,100.0,17.5
2016-02-16,92.7,79.8,50.5,,,,,,,,,,19.0,33.5,100.0,19.0
2016-02-17,98.8,78.2,45.8,,,,,,,,,,14.4,29.8,100.0,14.4
2016-02-18,,,,,,,,,,,,,12.0,31.2,100.0,12.0
2016-02-19,,,,,,,,,,,,,6.9,27.5,100.0,6.9
2016-02-20,,,,,,,,,,,,,7.4,31.1,100.0,7.4
2016-02-21,99.6,83.6,44.9,,,,,,,,,,6.1,28.4,100.0,6.1
2016-02-22,,,,,,,,,,,,,6.4,30.1,100.0,6.4
2016-02-23,,,,,,,,,,,,,5.0,26.1,100.0,5.0
2016-02-24,,,,,,,97.9,78.3,99.4,,,,8.0,30.7,100.0,8.0
2016-02-25,,,,,,,,,,,,,9.9,32.6,100.0,9.9
2016-02-26,,,,,,,,,,,,,12.5,36.4,100.0,12.5
2016-02-27,,,,,,,,,,,,,11.9,35.3,100.0,11.9
2016-02-28,98.8,81.1,45.5,,,,,,,,,,11.5,34.8,100.0,11.5
2016-02-29,99.0,88.5,45.2,,,,,,,,,,20.3,40.2,100.0,20.3
2016-03-01,,,,,,,,,,,,,26.7,44.1,100.0,26.7
2016-03-02,,,,,,,,,,,,,33.3,48.4,100.0,33.3
2016-03-03,,,,,,,,,,,,,35.5,49.2,100.0,35.5
2016-03-04,98.6,85.2,45.3,,,,100.0,98.8,96.4,,,,53.1,60.0,100.0,53.1
2016-03-05,,,,,,,,,,,,,58.8,62.3,100.0,58.8
2016-03-06,,,,,,,,,,,,,65.1,66.6,100.0,65.1
2016-03-07,100.0,92.0,42.9,,,,,,,,,,66.3,66.8,100.0,66.3
2016-03-08,,,,,,,,,,,,,72.0,70.5,100.0,72.0
2016-03-09,,,,,,,,,,,,,75.8,72.5,100.0,75.8
2016-03-10,,,,99.9,96.6,100.0,,,,,,,82.1,78.1,100.0,82.1
2016-03-11,99.3,91.8,45.3,,,,100.0,99.1,55.8,,,,78.5,76.4,100.0,78.5
2016-03-12,99.5,93.3,44.8,,,,,,,,,,80.9,77.4,100.0,80.9
2016-03-13,,,,,,,,,,,,,79.0,75.4,100.0,79.0
2016-03-14,,,,,,,,,,,,,81.9,77.0,100.0,81.9
2016-03-15,,,,,,,,,,,,,76.0,73.1,100.0,76.0
2016-03-16,100.0,91.8,43.1,,,,,,,,,,80.8,76.7,100.0,80.8
2016-03-17,,,,,,,,,,,,,79.9,76.3,100.0,79.9
2016-03-18,,,,,,,,,,,,,83.0,78.4,100.0,83.0
2016-03-19,,,,,,,,,,,,,79.7,76.2,100.0,79.7
2016-03-20,,,,95.2,84.0,100.0,100.0,98.3,75.4,,,,86.0,80.3,100.0,86.0
2016-03-21,,,,,,,,,,,,,79.2,75.8,100.0,79.2
2016-03-22,,,,,,,,,,,,,80.0,76.2,100.0,80.0
2016-03-23,98.8,90.9,44.9,,,,,,,,,,78.1,75.5,100.0,78.1
2016-03-24,96.8,88.0,46.8,,,,,,,,,,76.2,74.0,100.0,76.2
2016-03-25,,,,,,,,,,,,,70.9,70.6,100.0,70.9
2016-03-26,,,,,,,,,,,,,62.7,65.2,100.0,62.7
2016-03-27,,,,,,,,,,,,,61.5,64.5,100.0,61.5
2016-03-28,96.9,87.8,46.0,,,,,,,,,,39.0,54.6,100.0,39.0
2016-03-29,,,,,,,,,,,,,28.2,45.3,100.0,28.2
2016-03-30,,,,,,,,,,,,,15.8,36.2,100.0,15.8
2016-03-31,95.2,79.1,47.7,,,,,,,,,,9.8,33.9,100.0,9.8
2016-04-01,,,,,,,,,,,,,0.8,26.3,100.0,0.8
2016-04-02,,,,,,,,,,,,,0.2,23.4,100.0,0.2
2016-04-03,,,,,,,,,,,,,0.2,20.2,100.0,0.2
2016-04-04,94.3,80.9,48.7,,,,,,,,,,0.2,18.5,100.0,0.2
2016-04-05,97.2,76.2,45.7,,,,,,,,,,0.2,14.7,100.0,0.2
2016-04-06,,,,,,,,,,,,,0.2,12.4,100.0,0.2
2016-04-07,,,,,,,,,,,,,0.2,11.8,100.0,0.2
2016-04-08,,,,,,,,,,,,,0.2,10.9,100.0,0.2
2016-04-09,96.5,74.9,47.7,,,,,,,,,,0.3,11.4,100.0,0.3
2016-04-10,,,,,,,,,,,,,0.2,10.8,100.0,0.2
2016-04-11,,,,,,,,,,,,,0.3,12.0,100.0,0.3
2016-04-12,,,,29.6,35.6,100.0,,,,,,,0.2,12.7,100.0,0.2
2016-04-13,,,,,,,,,,,,,0.2,12.0,100.0,0.2
2016-04-14,,,,,,,,,,,,,0.2,10.7,100.0,0.2
2016-04-15,,,,,,,,,,,,,0.2,9.8,100.0,0.2
2016-04-16,93.3,67.9,40.1,,,,,,,,,,0.2,9.9,100.0,0.2
2016-04-17,94.9,70.7,46.0,,,,,,,,,,0.2,8.8,100.0,0.2
2016-04-18,,,,,,,,,,,,,0.2,8.5,100.0,0.2
2016-04-19,,,,79.9,67.4,62.1,,,,,,,0.2,8.3,100.0,0.2
2016-04-20,,,,,,,,,,,,,0.2,8.4,100.0,0.2
2016-04-21,94.1,72.3,42.6,,,,,,,,,,0.1,8.2,100.0,0.1
2016-04-22,,,,7.7,24.7,99.1,,,,,,,0.1,8.8,100.0,0.1
2016-04-23,,,,,,,,,,,,,0.0,7.3,100.0,0.0
2016-04-24,92.6,67.7,45.7,,,,,,,,,,0.0,7.6,100.0,0.0
2016-04-25,,,,,,,,,,,,,0.0,7.2,100.0,0.0
2016-04-26,,,,,,,,,,,,,0.0,7.2,100.0,0.0
2016-04-27,,,,,,,,,,,,,0.0,7.1,100.0,0.0
2016-04-28,98.0,76.0,56.2,,,,,,,,,,0.0,7.5,100.0,0.0
2016-04-29,98.9,76.3,58.2,0.4,14.6,100.0,,,,,,,0.0,7.8,100.0,0.0
2016-04-30,,,,,,,,,,,,,0.0,6.6,100.0,0.0
2016-05-01,,,,,,,,,,,,,0.0,6.1,100.0,0.0
2016-05-02,,,,,,,,,,,,,0.0,5.7,100.0,0.0
2016-05-03,99.6,81.3,53.3,,,,,,,,,,0.0,5.9,100.0,0.0
2016-05-04,,,,,,,,,,,,,0.0,4.9,100.0,0.0
2016-05-05,,,,,,,,,,,,,0.0,4.8,100.0,0.0
2016-05-06,,,,,,,,,,,,,0.0,4.9,100.0,0.0
2016-05-07,,,,,,,,,,,,,0.0,5.0,100.0,0.0
2016-05-08,,,,,,,,,,,,,0.0,4.1,100.0,0.0
2016-05-09,,,,0.0,3.7,65.5,,,,,,,0.0,4.0,100.0,0.0
2016-05-10,93.0,68.4,54.3,,,,,,,,,,0.0,4.0,100.0,0.0
2016-05-11,97.9,73.2,55.6,,,,,,,,,,0.0,3.4,100.0,0.0
2016-05-12,,,,,,,,,,,,,0.0,2.7,100.0,0.0
2016-05-13,,,,,,,,,,,,,0.0,2.8,100.0,0.0
2016-05-14,,,,,,,,,,,,,0.0,2.8,100.0,0.0
2016-05-15,88.4,60.3,50.2,,,,,,,,,,0.0,2.7,100.0,0.0
2016-05-16,,,,,,,,,,,,,0.0,2.2,100.0,0.0
2016-05-17,,,,,,,,,,,,,0.0,2.3,100.0,0.0
2016-05-18,83.5,58.0,55.4,,,,,,,,,,0.0,2.2,100.0,0.0
2016-05-19,,,,,,,,,,,,,0.0,2.2,100.0,0.0
2016-05-20,,,,,,,,,,,,,0.0,2.0,100.0,0.0
2016-05-21,,,,,,,,,,,,,0.0,2.2,100.0,0.0
2016-05-22,26.4,34.8,54.6,0.0,0.3,100.0,,,,,,,0.0,2.2,100.0,0.0
2016-05-23,17.8,29.0,71.2,,,,,,,,,,0.0,2.3,100.0,0.0
2016-05-24,,,,,,,,,,,,,0.0,2.3,100.0,0.0
2016-05-25,,,,,,,,,,,,,0.0,2.2,100.0,0.0
2016-05-26,,,,,,,,,,,,,0.0,2.1,100.0,0.0
2016-05-27,2.7,17.9,60.7,,,,,,,,,,0.0,2.3,100.0,0.0
2016-05-28,,,,,,,,,,,,,0.0,2.5,100.0,0.0
2016-05-29,,,,,,,,,,,,,0.0,2.8,100.0,0.0
2016-05-30,3.4,17.2,58.5,,,,,,,,,,0.0,3.5,100.0,0.0
2016-05-31,,,,,,,,,,,,,0.0,3.9,100.0,0.0
2016-06-01,,,,,,,,,,,,,0.0,4.5,100.0,0.0
2016-06-02,,,,,,,,,,,,,0.0,5.4,100.0,0.0
2016-06-03,0.3,12.1,59.8,,,,,,,,,,0.0,5.0,100.0,0.0
2016-06-04,0.4,9.0,58.8,,,,,,,,,,0.0,5.0,100.0,0.0
2016-06-05,,,,,,,,,,,,,0.0,4.6,100.0,0.0
2016-06-06,,,,,,,,,,,,,0.0,5.3,100.0,0.0
2016-06-07,,,,,,,,,,,,,0.0,4.1,100.0,0.0
2016-06-08,0.0,5.1,54.1,,,,,,,,,,0.0,4.3,100.0,0.0
2016-06-09,,,,,,,,,,,,,0.0,3.5,100.0,0.0
2016-06-10,,,,,,,,,,,,,0.0,3.7,100.0,0.0
2016-06-11,0.0,3.8,56.7,,,,,,,,,,0.0,3.2,100.0,0.0
2016-06-12,,,,,,,,,,,,,0.0,2.6,100.0,0.0
2016-06-13,,,,,,,,,,,,,0.0,2.0,100.0,0.0
2016-06-14,,,,,,,,,,,,,0.0,1.8,100.0,0.0
2016-06-15,0.0,3.8,60.2,,,,,,,,,,0.0,2.1,100.0,0.0
2016-06-16,,,,,,,,,,,,,0.0,2.3,100.0,0.0
2016-06-17,,,,,,,,,,,,,0.0,2.0,100.0,0.0
2016-06-18,,,,0.0,0.1,98.7,,,,,,,0.0,2.0,100.0,0.0
2016-06-19,,,,,,,,,,,,,0.0,2.6,100.0,0.0
2016-06-20,,,,,,,,,,,,,0.0,2.8,100.0,0.0
2016-06-21,,,,,,,,,,,,,0.0,2.3,100.0,0.0
2016-06-22,,,,,,,,,,,,,0.0,2.1,100.0,0.0
2016-06-23,,,,,,,,,,,,,0.0,2.1,100.0,0.0
2016-06-24,,,,,,,,,,,,,0.0,2.4,100.0,0.0
2016-06-25,,,,,,,,,,,,,0.0,2.5,100.0,0.0
2016-06-26,,,,,,,,,,,,,0.0,2.1,100.0,0.0
2016-06-27,,,,,,,,,,,,,0.0,2.0,100.0,0.0
2016-06-28,0.0,2.3,58.8,0.0,0.1,100.0,,,,,,,0.0,2.1,100.0,0.0
2016-06-29,,,,,,,,,,,,,0.0,2.1,100.0,0.0
2016-06-30,,,,,,,,,,,,,0.0,1.9,100.0,0.0
2016-07-01,,,,0.0,0.2,62.0,,,,,,,0.0,2.0,100.0,0.0
2016-07-02,,,,,,,,,,,,,0.0,2.2,100.0,0.0
2016-07-03,,,,,,,,,,,,,0.0,2.0,100.0,0.0
2016-07-04,,,,,,,,,,,,,0.0,1.6,100.0,0.0
2016-07-05,,,,,,,,,,,,,0.0,1.6,100.0,0.0
2016-07-06,,,,,,,,,,,,,0.0,1.7,100.0,0.0
2016-07-07,,,,,,,,,,,,,0.0,1.4,100.0,0.0
2016-07-08,,,,0.0,0.1,85.3,,,,,,,0.0,1.2,100.0,0.0
2016-07-09,0.0,2.4,58.2,,,,,,,,,,0.0,1.2,100.0,0.0
2016-07-10,,,,,,,0.0,0.1,54.0,,,,0.0,1.1,100.0,0.0
2016-07-11,,,,0.0,0.0,90.2,,,,,,,0.0,1.0,100.0,0.0
2016-07-12,,,,,,,,,,,,,0.0,0.9,100.0,0.0
2016-07-13,,,,,,,,,,,,,0.0,0.9,100.0,0.0
2016-07-14,0.0,1.5,58.1,,,,,,,,,,0.0,1.1,100.0,0.0
2016-07-15,,,,,,,,,,,,,0.0,1.4,100.0,0.0
2016-07-16,,,,,,,,,,,,,0.0,1.6,100.0,0.0
2016-07-17,0.0,1.1,57.6,,,,,,,,,,0.0,1.5,100.0,0.0
2016-07-18,,,,0.0,0.0,62.5,,,,,,,0.0,1.6,100.0,0.0
2016-07-19,,,,,,,,,,,,,0.0,1.8,100.0,0.0
2016-07-20,,,,,,,,,,,,,0.0,1.8,100.0,0.0
2016-07-21,0.0,1.1,59.0,,,,,,,,,,0.0,1.6,100.0,0.0
2016-07-22,0.0,1.2,61.7,,,,,,,,,,0.0,1.6,100.0,0.0
2016-07-23,,,,,,,,,,,,,0.0,1.8,100.0,0.0
2016-07-24,,,,,,,,,,,,,0.0,1.4,100.0,0.0
2016-07-25,,,,,,,,,,,,,0.0,1.3,100.0,0.0
2016-07-26,0.0,1.1,59.9,,,,,,,,,,0.0,1.5,100.0,0.0
2016-07-27,,,,,,,,,,,,,0.0,1.8,100.0,0.0
2016-07-28,,,,,,,,,,,,,0.0,1.5,100.0,0.0
2016-07-29,,,,,,,,,,,,,0.0,1.5,100.0,0.0
2016-07-30,,,,,,,,,,,,,0.0,1.3,100.0,0.0
2016-07-31,,,,,,,,,,,,,0.0,1.6,100.0,0.0
2016-08-01,,,,,,,,,,,,,0.0,1.2,100.0,0.0
2016-08-02,0.0,1.1,60.6,,,,,,,,,,0.0,1.1,100.0,0.0
2016-08-03,,,,,,,,,,,,,0.0,0.9,100.0,0.0
2016-08-04,,,,,,,,,,,,,0.0,1.0,100.0,0.0
2016-08-05,,,,,,,,,,,,,0.0,0.8,100.0,0.0
2016-08-06,,,,,,,,,,,,,0.0,0.9,100.0,0.0
2016-08-07,,,,0.0,0.0,100.0,,,,,,,0.0,0.7,100.0,0.0
2016-08-08,,,,,,,,,,,,,0.0,0.7,100.0,0.0
2016-08-09,,,,,,,,,,,,,0.0,0.7,100.0,0.0
2016-08-10,0.0,0.7,58.0,,,,,,,,,,0.0,0.8,100.0,0.0
2016-08-11,,,,,,,,,,,,,0.0,0.9,100.0,0.0
2016-08-12,,,,,,,,,,,,,0.0,1.0,100.0,0.0
2016-08-13,,,,,,,,,,,,,0.0,0.6,100.0,0.0
2016-08-14,0.0,1.7,64.0,,,,,,,,,,0.0,0.6,100.0,0.0
2016-08-15,0.0,1.5,63.7,,,,,,,,,,0.0,0.8,100.0,0.0
2016-08-16,,,,,,,,,,,,,0.0,1.1,100.0,0.0
2016-08-17,,,,,,,,,,,,,0.0,1.0,100.0,0.0
2016-08-18,,,,,,,,,,,,,0.0,1.0,100.0,0.0
2016-08-19,0.1,2.6,64.0,,,,,,,,,,0.0,0.9,100.0,0.0
2016-08-20,,,,,,,,,,,,,0.0,1.1,100.0,0.0
2016-08-21,,,,,,,,,,,,,0.0,0.6,100.0,0.0
2016-08-22,0.0,1.5,57.2,,,,,,,,,,0.0,0.6,100.0,0.0
2016-08-23,,,,,,,,,,,,,0.0,0.5,100.0,0.0
2016-08-24,,,,,,,,,,,,,0.0,0.4,100.0,0.0
2016-08-25,,,,,,,,,,,,,0.0,0.3,100.0,0.0
2016-08-26,0.0,2.1,61.2,,,,,,,,,,0.0,0.3,100.0,0.0
2016-08-27,0.1,2.4,53.9,0.0,0.1,100.0,0.0,0.0,95.2,,,,0.0,0.3,100.0,0.0
2016-08-28,,,,,,,,,,,,,0.0,0.2,100.0,0.0
2016-08-29,,,,,,,,,,,,,0.0,0.2,100.0,0.0
2016-08-30,,,,,,,,,,,,,0.0,0.2,100.0,0.0
2016-08-31,0.0,3.0,50.6,,,,,,,,,,0.0,0.2,100.0,0.0
2016-09-01,,,,,,,,,,,,,0.0,0.2,100.0,0.0
2016-09-02,,,,,,,,,,,,,0.0,0.3,100.0,0.0
2016-09-03,0.0,1.7,50.6,,,,,,,,,,0.0,0.3,100.0,0.0
2016-09-04,,,,,,,,,,,,,0.0,0.4,100.0,0.0
2016-09-05,,,,,,,,,,,,,0.0,0.4,100.0,0.0
2016-09-06,,,,,,,,,,,,,0.0,0.5,100.0,0.0
2016-09-07,0.3,2.4,53.3,,,,,,,,,,0.0,0.5,100.0,0.0
2016-09-08,0.3,2.3,57.2,,,,,,,,,,0.0,0.5,100.0,0.0
2016-09-09,,,,0.0,0.1,100.0,,,,,,,0.0,0.4,100.0,0.0
2016-09-10,,,,,,,,,,,,,0.0,0.5,100.0,0.0
2016-09-11,,,,,,,,,,,,,0.0,0.5,100.0,0.0
2016-09-12,1.0,2.9,55.9,,,,0.0,0.0,53.3,,,,0.0,0.7,100.0,0.0
2016-09-13,,,,,,,,,,,,,0.0,0.5,100.0,0.0
2016-09-14,,,,,,,,,,,,,0.0,0.7,100.0,0.0
2016-09-15,,,,,,,,,,,,,0.0,0.8,100.0,0.0
2016-09-16,,,,,,,,,,,,,0.0,1.0,100.0,0.0
2016-09-17,,,,,,,,,,,,,0.0,1.1,100.0,0.0
2016-09-18,,,,,,,,,,,,,0.0,1.5,100.0,0.0
2016-09-19,0.7,2.4,59.8,,,,,,,,,,0.0,1.7,100.0,0.0
2016-09-20,0.1,2.2,58.4,,,,,,,,,,0.0,2.1,100.0,0.0
2016-09-21,,,,,,,,,,,,,0.0,1.7,100.0,0.0
2016-09-22,,,,,,,,,,,,,0.0,2.0,100.0,0.0
2016-09-23,,,,,,,,,,,,,0.0,2.2,100.0,0.0
2016-09-24,0.1,2.2,56.8,,,,,,,,,,0.0,2.4,100.0,0.0
2016-09-25,,,,,,,,,,,,,0.0,2.0,100.0,0.0
2016-09-26,0.5,2.5,58.6,0.0,0.1,100.0,,,,,,,0.0,2.0,100.0,0.0
2016-09-27,0.0,1.3,52.5,,,,,,,,,,0.0,2.0,100.0,0.0
2016-09-28,,,,,,,,,,,,,0.0,2.2,100.0,0.0
2016-09-29,,,,0.0,0.1,100.0,,,,,,,0.0,1.8,100.0,0.0
2016-09-30,0.0,1.4,52.3,,,,,,,,,,0.0,1.9,100.0,0.0
2016-10-01,0.0,1.8,51.9,,,,,,,,,,0.0,2.0,100.0,0.0
2016-10-02,0.0,1.7,52.2,,,,,,,,,,0.0,2.0,100.0,0.0
2016-10-03,,,,,,,,,,,,,0.0,2.0,100.0,0.0
2016-10-04,,,,,,,,,,,,,0.0,2.6,100.0,0.0
2016-10-05,,,,,,,0.0,0.1,43.3,,,,0.0,2.7,100.0,0.0
2016-10-06,0.0,1.3,49.6,,,,,,,,,,0.0,2.9,100.0,0.0
2016-10-07,0.2,1.8,51.3,,,,,,,,,,0.0,3.5,100.0,0.0
2016-10-08,,,,,,,,,,,,,0.0,4.4,100.0,0.0
2016-10-09,0.0,1.4,52.8,,,,,,,,,,0.0,4.5,100.0,0.0
2016-10-10,,,,,,,,,,,,,0.0,4.7,100.0,0.0
2016-10-11,,,,,,,,,,,,,0.0,4.3,100.0,0.0
2016-10-12,,,,,,,,,,,,,0.0,4.8,100.0,0.0
2016-10-13,0.0,2.6,53.8,,,,,,,,,,0.0,5.1,100.0,0.0
2016-10-14,0.1,1.9,55.4,,,,,,,,,,0.0,6.0,100.0,0.0
2016-10-15,,,,,,,,,,,,,0.0,5.7,100.0,0.0
2016-10-16,,,,0.0,0.2,100.0,,,,,,,0.0,5.9,100.0,0.0
2016-10-17,,,,,,,,,,,,,0.0,5.3,100.0,0.0
2016-10-18,0.0,2.0,51.1,,,,,,,,,,0.0,6.4,100.0,0.0
2016-10-19,0.0,2.0,54.7,,,,,,,,,,0.0,6.7,100.0,0.0
2016-10-20,,,,,,,,,,,,,0.0,7.7,100.0,0.0
2016-10-21,0.0,1.6,52.7,,,,,,,,,,0.0,7.8,100.0,0.0
2016-10-22,,,,,,,,,,,,,0.0,9.5,100.0,0.0
2016-10-23,,,,,,,,,,,,,0.0,10.0,100.0,0.0
2016-10-24,,,,,,,,,,,,,0.0,10.0,100.0,0.0
2016-10-25,0.0,3.1,53.6,,,,,,,,,,0.0,7.5,100.0,0.0
2016-10-26,0.1,3.0,55.3,,,,,,,,,,0.0,8.5,100.0,0.0
2016-10-27,,,,,,,,,,,,,0.0,9.4,100.0,0.0
2016-10-28,,,,,,,,,,,,,0.0,9.9,100.0,0.0
2016-10-29,,,,0.0,0.2,99.4,,,,,,,0.0,8.6,100.0,0.0
2016-10-30,0.2,5.1,50.6,,,,,,,,,,0.0,8.8,100.0,0.0
2016-10-31,0.0,4.2,51.6,,,,,,,,,,0.0,8.9,100.0,0.0
2016-11-01,,,,,,,,,,,,,0.0,7.2,100.0,0.0
2016-11-02,0.5,5.5,52.3,,,,,,,,,,0.0,6.5,100.0,0.0
2016-11-03,,,,,,,,,,,,,0.0,6.1,100.0,0.0
2016-11-04,,,,,,,,,,,,,0.0,6.4,100.0,0.0
2016-11-05,,,,,,,,,,,,,0.0,6.0,100.0,0.0
2016-11-06,0.8,11.2,51.3,,,,,,,,,,0.0,6.7,100.0,0.0
2016-11-07,0.9,9.8,52.8,,,,,,,,,,0.0,5.6,100.0,0.0
2016-11-08,,,,,,,,,,,,,0.0,6.1,100.0,0.0
2016-11-09,,,,,,,,,,,,,0.0,4.9,100.0,0.0
2016-11-10,,,,,,,,,,,,,0.0,5.0,100.0,0.0
2016-11-11,2.1,18.9,50.0,,,,,,,,,,0.0,3.9,100.0,0.0
2016-11-12,0.2,5.5,50.6,,,,,,,,,,0.0,3.6,100.0,0.0
2016-11-13,,,,,,,,,,,,,0.0,3.1,100.0,0.0
2016-11-14,0.0,3.7,47.9,,,,,,,,,,0.0,3.7,100.0,0.0
2016-11-15,,,,0.0,1.6,88.1,0.0,0.6,100.0,,,,0.0,3.5,100.0,0.0
2016-11-16,,,,,,,,,,,,,0.0,3.2,100.0,0.0
2016-11-17,,,,,,,,,,,,,0.0,2.9,100.0,0.0
2016-11-18,1.4,6.9,62.3,,,,,,,,,,0.0,2.9,100.0,0.0
2016-11-19,0.2,3.2,51.9,,,,,,,,,,0.0,3.0,100.0,0.0
2016-11-20,,,,,,,,,,,,,0.0,2.6,100.0,0.0
2016-11-21,,,,,,,,,,,,,0.0,2.6,100.0,0.0
2016-11-22,,,,,,,,,,,,,0.0,2.9,100.0,0.0
2016-11-23,,,,,,,,,,,,,0.0,3.4,100.0,0.0
2016-11-24,0.2,3.6,51.6,,,,,,,,,,0.0,3.2,100.0,0.0
2016-11-25,,,,,,,,,,,,,0.0,3.7,100.0,0.0
2016-11-26,0.0,1.2,48.7,,,,,,,,,,0.0,4.0,100.0,0.0
2016-11-27,,,,,,,,,,,,,0.0,4.7,100.0,0.0
2016-11-28,,,,0.0,0.9,85.5,,,,,,,0.0,5.1,100.0,0.0
2016-11-29,,,,,,,,,,,,,0.0,6.6,100.0,0.0
2016-11-30,1.4,5.7,57.7,,,,,,,,,,0.1,6.9,100.0,0.1
2016-12-01,0.6,2.6,53.1,,,,,,,,,,0.1,7.9,100.0,0.1
2016-12-02,,,,,,,,,,,,,0.1,8.2,100.0,0.1
2016-12-03,,,,,,,,,,,,,0.1,9.8,100.0,0.1
2016-12-04,,,,,,,,,,,,,0.1,9.8,100.0,0.1
2016-12-05,0.0,5.2,52.8,0.3,1.5,100.0,,,,,,,0.2,10.4,100.0,0.2
2016-12-06,0.2,2.8,51.4,,,,,,,,,,0.2,10.6,100.0,0.2
2016-12-07,,,,,,,,,,,,,0.2,11.6,100.0,0.2
2016-12-08,0.0,1.8,48.3,0.0,1.1,100.0,0.1,0.6,86.2,,,,0.1,10.7,100.0,0.1
2016-12-09,,,,,,,,,,,,,0.1,12.1,100.0,0.1
2016-12-10,,,,,,,,,,,,,0.1,12.1,100.0,0.1
2016-12-11,,,,,,,,,,,,,0.2,12.9,100.0,0.2
2016-12-12,0.0,2.1,50.8,,,,,,,,,,0.2,13.2,100.0,0.2
2016-12-13,0.2,1.8,51.0,,,,,,,,,,0.4,14.5,100.0,0.4
2016-12-14,,,,,,,,,,,,,0.5,14.3,100.0,0.5
2016-12-15,,,,12.7,18.0,100.0,,,,,,,0.6,16.3,100.0,0.6
2016-12-16,,,,,,,,,,,,,0.5,16.7,100.0,0.5
2016-12-17,0.0,2.2,50.2,,,,0.1,1.3,75.4,,,,0.7,19.1,100.0,0.7
2016-12-18,0.2,1.6,50.5,64.2,56.8,100.0,,,,,,,0.9,21.3,100.0,0.9
2016-12-19,,,,,,,,,,,,,1.0,18.2,100.0,1.0
2016-12-20,0.0,1.3,49.3,,,,,,,,,,0.4,17.0,100.0,0.4
2016-12-21,,,,,,,,,,,,,0.9,18.1,100.0,0.9
2016-12-22,,,,,,,,,,,,,1.2,20.1,100.0,1.2
2016-12-23,,,,,,,,,,,,,2.1,19.8,100.0,2.1
2016-12-24,0.0,2.1,49.8,,,,,,,,,,3.5,23.5,100.0,3.5
2016-12-25,0.3,2.8,51.3,,,,,,,,,,3.2,23.9,100.0,3.2
2016-12-26,,,,,,,,,,,,,4.9,29.0,100.0,4.9
2016-12-27,,,,,,,,,,,,,2.8,26.0,100.0,2.8
2016-12-28,,,,,,,,,,,,,1.1,26.5,100.0,1.1
2016-12-29,0.2,4.2,49.1,,,,,,,,,,0.4,26.2,100.0,0.4
2016-12-30,0.2,3.8,52.1,,,,,,,,,,0.6,29.1,100.0,0.6
2016-12-31,,,,,,,,,,,,,1.3,29.4,100.0,1.3
2017-01-01,0.8,7.5,62.1,,,,,,,,,,1.4,26.3,100.0,1.4
2017-01-02,,,,,,,0.0,3.4,68.5,,,,6.9,30.9,100.0,6.9
2017-01-03,,,,,,,,,,,,,17.3,36.3,100.0,17.3
2017-01-04,,,,,,,,,,,,,17.9,36.1,100.0,17.9
2017-01-05,4.2,22.5,66.6,,,,,,,,,,17.3,35.2,100.0,17.3
2017-01-06,3.3,21.9,65.6,,,,,,,,,,20.5,42.1,100.0,20.5
2017-01-07,,,,,,,,,,,,,22.9,46.6,100.0,22.9
2017-01-08,,,,,,,,,,,,,23.8,48.5,100.0,23.8
2017-01-09,,,,,,,100.0,99.9,94.4,,,,33.9,54.3,100.0,33.9
2017-01-10,41.9,40.6,62.5,,,,,,,,,,78.0,69.3,100.0,78.0
2017-01-11,73.4,50.5,61.8,,,,,,,,,,86.8,72.7,100.0,86.8
2017-01-12,,,,,,,,,,,,,91.9,74.9,100.0,91.9
2017-01-13,93.1,59.8,62.0,,,,,,,,,,89.5,73.0,100.0,89.5
2017-01-14,,,,,,,,,,,,,99.1,78.2,100.0,99.1
2017-01-15,,,,,,,,,,,,,99.3,82.2,100.0,99.3
2017-01-16,,,,,,,,,,,,,99.7,86.9,100.0,99.7
2017-01-17,,,,,,,,,,,,,99.9,88.8,100.0,99.9
2017-01-18,93.3,67.6,66.6,,,,100.0,100.0,95.0,,,,100.0,95.3,100.0,100.0
2017-01-19,,,,,,,,,,,,,100.0,96.2,100.0,100.0
2017-01-20,,,,,,,,,,,,,100.0,97.3,100.0,100.0
2017-01-21,,,,,,,,,,,,,100.0,97.7,100.0,100.0
2017-01-22,,,,,,,,,,,,,100.0,98.2,100.0,100.0
2017-01-23,89.0,64.5,68.2,,,,,,,,,,100.0,98.8,100.0,100.0
2017-01-24,,,,100.0,99.7,100.0,,,,,,,100.0,99.1,100.0,100.0
2017-01-25,95.0,73.2,61.7,,,,99.9,99.8,99.5,,,,100.0,99.4,100.0,100.0
2017-01-26,,,,,,,,,,,,,100.0,99.3,100.0,100.0
2017-01-27,,,,100.0,99.8,100.0,,,,,,,100.0,99.6,100.0,100.0
2017-01-28,,,,,,,,,,,,,100.0,99.4,100.0,100.0
2017-01-29,92.1,78.3,66.9,,,,,,,,,,100.0,99.5,100.0,100.0
2017-01-30,99.5,84.8,60.4,,,,,,,,,,100.0,99.4,100.0,100.0
2017-01-31,,,,,,,,,,,,,100.0,99.4,100.0,100.0
2017-02-01,,,,,,,,,,,,,100.0,99.3,100.0,100.0
2017-02-02,,,,,,,,,,,,,100.0,99.2,100.0,100.0
2017-02-03,98.5,88.3,60.4,,,,,,,,,,100.0,99.1,100.0,100.0
2017-02-04,98.2,85.5,61.8,,,,,,,,,,100.0,98.6,100.0,100.0
2017-02-05,,,,,,,,,,,,,100.0,97.9,100.0,100.0
2017-02-06,99.0,87.4,60.0,,,,,,,,,,100.0,97.6,100.0,100.0
2017-02-07,,,,,,,,,,,,,100.0,98.1,100.0,100.0
2017-02-08,,,,,,,,,,,,,100.0,98.4,100.0,100.0
2017-02-09,,,,,,,,,,,,,100.0,98.4,100.0,100.0
2017-02-10,94.4,85.3,66.0,,,,,,,,,,100.0,98.3,100.0,100.0
2017-02-11,98.7,87.0,60.0,,,,,,,,,,100.0,98.5,100.0,100.0
2017-02-12,,,,,,,,,,,,,100.0,98.4,100.0,100.0
2017-02-13,,,,100.0,99.9,100.0,,,,,,,100.0,98.7,100.0,100.0
2017-02-14,,,,,,,,,,,,,100.0,98.2,100.0,100.0
2017-02-15,100.0,89.5,48.7,,,,,,,,,,100.0,98.4,100.0,100.0
2017-02-16,94.0,82.3,67.9,100.0,99.7,100.0,,,,,,,100.0,98.8,100.0,100.0
2017-02-17,,,,,,,,,,,,,100.0,98.5,100.0,100.0
2017-02-18,97.1,84.6,61.2,,,,,,,,,,100.0,98.4,100.0,100.0
2017-02-19,,,,,,,100.0,100.0,89.7,,,,100.0,98.7,100.0,100.0
2017-02-20,,,,,,,,,,,,,100.0,98.3,100.0,100.0
2017-02-21,,,,,,,,,,,,,100.0,98.4,100.0,100.0
2017-02-22,92.3,83.6,68.2,,,,,,,,,,100.0,98.3,100.0,100.0
2017-02-23,92.1,81.0,69.0,100.0,97.2,100.0,,,,,,,100.0,98.3,100.0,100.0
2017-02-24,,,,,,,,,,,,,100.0,97.6,100.0,100.0
2017-02-25,,,,,,,,,,,,,100.0,97.6,100.0,100.0
2017-02-26,,,,,,,,,,,,,100.0,97.6,100.0,100.0
2017-02-27,97.8,84.3,60.1,,,,,,,,,,100.0,97.2,100.0,100.0
2017-02-28,93.0,68.9,61.6,,,,,,,,,,100.0,96.7,100.0,100.0
2017-03-01,,,,,,,,,,,,,100.0,96.2,100.0,100.0
2017-03-02,91.6,64.1,60.8,,,,,,,,,,100.0,96.7,100.0,100.0
2017-03-03,,,,,,,,,,,,,100.0,96.4,100.0,100.0
2017-03-04,,,,,,,,,,,,,100.0,96.4,100.0,100.0
2017-03-05,,,,,,,,,,,,,100.0,95.9,100.0,100.0
2017-03-06,93.1,65.5,60.8,,,,,,,,,,100.0,96.3,100.0,100.0
2017-03-07,90.1,60.3,61.4,,,,,,,,,,100.0,95.5,100.0,100.0
2017-03-08,83.6,55.5,58.9,100.0,99.8,100.0,,,,,,,100.0,96.0,100.0,100.0
2017-03-09,,,,,,,,,,,,,100.0,94.5,100.0,100.0
2017-03-10,,,,,,,,,,,,,100.0,94.6,100.0,100.0
2017-03-11,85.4,58.0,58.1,,,,,,,,,,100.0,95.7,100.0,100.0
2017-03-12,92.6,67.7,60.6,,,,,,,,,,100.0,96.2,100.0,100.0
2017-03-13,76.9,57.7,63.0,,,,,,,,,,100.0,96.3,100.0,100.0
2017-03-14,18.9,28.9,59.6,,,,100.0,99.9,89.7,,,,100.0,97.0,100.0,100.0
2017-03-15,,,,,,,,,,,,,100.0,96.9,100.0,100.0
2017-03-16,,,,,,,,,,,,,100.0,96.3,100.0,100.0
2017-03-17,27.9,32.4,61.1,,,,,,,,,,100.0,95.9,100.0,100.0
2017-03-18,13.7,24.5,62.0,,,,,,,,,,100.0,95.5,100.0,100.0
2017-03-19,61.5,46.2,59.0,,,,,,,,,,100.0,96.2,100.0,100.0
2017-03-20,1.0,16.5,62.4,,,,,,,,,,100.0,96.5,100.0,100.0
2017-03-21,,,,,,,,,,,,,100.0,96.7,100.0,100.0
2017-03-22,,,,,,,,,,,,,100.0,96.1,100.0,100.0
2017-03-23,73.5,52.6,64.0,,,,,,,,,,99.9,96.2,100.0,99.9
2017-03-24,45.4,39.7,62.3,,,,,,,,,,99.9,95.6,100.0,99.9
2017-03-25,47.4,42.4,62.5,100.0,99.2,100.0,,,,,,,99.9,95.7,100.0,99.9
2017-03-26,0.3,9.0,60.7,,,,,,,,,,99.4,93.7,100.0,99.4
2017-03-27,,,,,,,,,,,,,99.4,92.9,100.0,99.4
2017-03-28,,,,98.4,93.6,100.0,,,,,,,99.0,92.6,100.0,99.0
2017-03-29,15.5,28.0,59.1,,,,,,,,,,98.6,91.0,100.0,98.6
2017-03-30,3.8,15.9,68.9,,,,100.0,98.4,57.7,,,,97.7,88.9,100.0,97.7
2017-03-31,18.8,27.0,64.8,,,,,,,,,,97.4,86.7,100.0,97.4
2017-04-01,0.9,8.6,63.9,,,,,,,,,,94.7,82.0,100.0,94.7
2017-04-02,,,,,,,,,,,,,82.7,75.8,100.0,82.7
2017-04-03,,,,,,,,,,,,,57.3,63.5,100.0,57.3
2017-04-04,8.2,22.0,63.4,,,,,,,,,,48.4,57.3,100.0,48.4
2017-04-05,5.9,21.9,62.1,,,,,,,,,,38.7,45.2,100.0,38.7
2017-04-06,21.9,30.3,63.2,,,,,,,,,,35.2,41.0,100.0,35.2
2017-04-07,13.5,26.3,64.1,10.9,20.1,48.7,,,,,,,19.0,29.5,100.0,19.0
2017-04-08,,,,,,,,,,,,,14.0,26.2,100.0,14.0
2017-04-09,,,,34.4,32.5,100.0,,,,,,,4.0,16.1,100.0,4.0
2017-04-10,33.1,35.9,67.5,,,,,,,,,,3.5,14.1,100.0,3.5
2017-04-11,13.6,22.9,70.3,,,,,,,,,,0.3,8.4,100.0,0.3
2017-04-12,12.5,22.2,69.4,,,,,,,,,,0.6,9.3,100.0,0.6
2017-04-13,,,,,,,,,,,,,0.0,5.5,100.0,0.0
2017-04-14,,,,0.8,9.1,100.0,,,,,,,0.0,5.3,100.0,0.0
2017-04-15,,,,,,,,,,,,,0.0,3.4,100.0,0.0
2017-04-16,7.8,19.6,65.1,,,,,,,,,,0.0,3.8,100.0,0.0
2017-04-17,17.7,25.9,61.3,0.0,12.3,48.7,,,,,,,0.0,2.9,100.0,0.0
2017-04-18,12.0,23.6,66.2,,,,,,,,,,0.0,2.7,100.0,0.0
2017-04-19,5.4,16.2,63.3,,,,,,,,,,0.0,2.1,100.0,0.0
2017-04-20,,,,,,,,,,,,,0.0,2.4,100.0,0.0
2017-04-21,,,,,,,,,,,,,0.0,2.4,100.0,0.0
2017-04-22,1.0,12.5,59.1,,,,,,,,,,0.0,2.3,100.0,0.0
2017-04-23,6.2,17.0,67.1,,,,,,,,,,0.0,2.0,100.0,0.0
2017-04-24,3.0,16.0,64.0,0.0,0.6,99.5,,,,,,,0.0,1.8,100.0,0.0
2017-04-25,2.2,9.0,63.3,,,,,,,,,,0.0,1.8,100.0,0.0
2017-04-26,,,,,,,,,,,,,0.0,1.4,100.0,0.0
2017-04-27,,,,,,,,,,,,,0.0,1.3,100.0,0.0
2017-04-28,2.1,12.6,61.7,,,,,,,,,,0.0,1.2,100.0,0.0
2017-04-29,1.1,16.5,65.4,,,,,,,,,,0.0,1.6,100.0,0.0
2017-04-30,10.9,23.1,66.9,,,,,,,,,,0.0,1.6,100.0,0.0
2017-05-01,0.3,9.5,66.2,,,,,,,,,,0.0,2.1,100.0,0.0
2017-05-02,,,,,,,,,,,,,0.0,2.6,100.0,0.0
2017-05-03,,,,,,,,,,,,,0.0,2.8,100.0,0.0
2017-05-04,3.4,17.4,64.5,,,,,,,,,,0.0,2.5,100.0,0.0
2017-05-05,3.8,18.5,66.4,,,,,,,,,,0.0,2.5,100.0,0.0
2017-05-06,4.0,20.4,65.5,,,,,,,,,,0.0,2.6,100.0,0.0
2017-05-07,0.5,8.5,66.2,,,,,,,,,,0.0,2.2,100.0,0.0
2017-05-08,,,,,,,,,,,,,0.0,2.3,100.0,0.0
2017-05-09,,,,,,,,,,,,,0.0,2.0,100.0,0.0
2017-05-10,1.5,10.9,67.2,,,,,,,,,,0.0,2.2,100.0,0.0
2017-05-11,0.9,12.7,65.9,,,,,,,,,,0.0,1.4,100.0,0.0
2017-05-12,1.1,11.2,65.9,,,,,,,,,,0.0,1.3,100.0,0.0
2017-05-13,0.2,4.4,63.0,,,,,,,,,,0.0,1.0,100.0,0.0
2017-05-14,,,,,,,,,,,,,0.0,1.2,100.0,0.0
2017-05-15,,,,,,,,,,,,,0.0,0.9,100.0,0.0
2017-05-16,0.5,4.3,62.5,,,,,,,,,,0.0,1.0,100.0,0.0
2017-05-17,0.1,5.2,66.6,0.0,0.1,100.0,,,,,,,0.0,0.9,100.0,0.0
2017-05-18,0.5,5.7,64.2,,,,,,,,,,0.0,1.2,100.0,0.0
2017-05-19,0.0,3.3,60.1,,,,,,,,,,0.0,1.0,100.0,0.0
2017-05-20,,,,,,,,,,,,,0.0,1.0,100.0,0.0
2017-05-21,,,,,,,,,,,,,0.0,1.0,100.0,0.0
2017-05-22,0.0,3.9,63.4,,,,,,,,,,0.0,1.0,100.0,0.0
2017-05-23,0.0,2.5,62.2,,,,,,,,,,0.0,0.9,100.0,0.0
2017-05-24,0.1,3.1,68.2,0.0,0.2,56.1,,,,,,,0.0,1.0,100.0,0.0
2017-05-25,,,,,,,,,,,,,0.0,1.1,100.0,0.0
2017-05-26,,,,,,,,,,,,,0.0,1.1,100.0,0.0
2017-05-27,,,,0.0,0.1,100.0,,,,,,,0.0,1.0,100.0,0.0
2017-05-28,0.0,2.2,68.4,,,,,,,,,,0.0,1.1,100.0,0.0
2017-05-29,0.0,2.6,69.0,,,,,,,,,,0.0,1.0,100.0,0.0
2017-05-30,0.0,2.8,71.5,,,,,,,,,,0.0,1.1,100.0,0.0
2017-05-31,0.0,2.1,62.9,,,,,,,,,,0.0,1.0,100.0,0.0
2017-06-01,,,,,,,,,,,,,0.0,1.2,100.0,0.0
2017-06-02,,,,,,,,,,,,,0.0,1.0,100.0,0.0
2017-06-03,0.0,2.2,66.0,0.0,0.1,83.5,,,,,,,0.0,1.2,100.0,0.0
2017-06-04,0.0,1.0,62.7,,,,,,,,,,0.0,1.2,100.0,0.0
2017-06-05,0.0,0.9,63.5,,,,,,,,,,0.0,1.5,100.0,0.0
2017-06-06,,,,,,,,,,,,,0.0,1.4,100.0,0.0
2017-06-07,,,,,,,,,,,,,0.0,1.6,100.0,0.0
2017-06-08,,,,,,,,,,,,,0.0,1.4,100.0,0.0
2017-06-09,0.0,0.5,61.8,,,,,,,,,,0.0,1.4,100.0,0.0
2017-06-10,0.0,0.7,63.2,,,,,,,,,,0.0,1.4,100.0,0.0
2017-06-11,0.0,0.5,63.2,,,,,,,,,,0.0,1.5,100.0,0.0
2017-06-12,0.0,0.4,61.1,,,,,,,,,,0.0,1.1,100.0,0.0
2017-06-13,,,,0.0,0.0,100.0,,,,,,,0.0,1.0,100.0,0.0
2017-06-14,,,,,,,,,,,,,0.0,1.0,100.0,0.0
2017-06-15,0.0,0.5,65.1,,,,,,,,,,0.0,1.1,100.0,0.0
2017-06-16,0.0,0.7,61.9,,,,,,,,,,0.0,1.1,100.0,0.0
2017-06-17,0.0,0.8,67.3,,,,,,,,,,0.0,1.1,100.0,0.0
2017-06-18,,,,,,,,,,,,,0.0,1.4,100.0,0.0
2017-06-19,,,,,,,,,,,,,0.0,1.3,100.0,0.0
2017-06-20,,,,,,,,,,,,,0.0,1.1,100.0,0.0
2017-06-21,0.0,1.1,65.9,,,,,,,,,,0.0,0.9,100.0,0.0
2017-06-22,0.0,0.9,65.6,,,,,,,,,,0.0,1.0,100.0,0.0
2017-06-23,0.0,1.2,64.5,0.0,0.1,95.8,,,,,,,0.0,1.0,100.0,0.0
2017-06-24,0.0,0.8,61.7,,,,,,,,,,0.0,1.0,100.0,0.0
2017-06-25,,,,,,,,,,,,,0.0,0.9,100.0,0.0
2017-06-26,,,,0.0,0.1,100.0,,,,,,,0.0,1.0,100.0,0.0
2017-06-27,0.0,1.0,62.0,,,,,,,,,,0.0,1.1,100.0,0.0
2017-06-28,0.0,0.6,65.3,,,,,,,,,,0.0,0.9,100.0,0.0
2017-06-29,0.0,0.4,63.2,,,,,,,,,,0.0,0.8,100.0,0.0
2017-06-30,,,,,,,,,,,,,0.0,0.9,100.0,0.0
2017-07-01,,,,,,,,,,,,,0.0,0.8,100.0,0.0
2017-07-02,,,,,,,,,,,,,0.0,0.8,100.0,0.0
2017-07-03,0.0,0.3,61.5,,,,,,,,,,0.0,0.9,100.0,0.0
2017-07-04,0.2,0.6,62.8,,,,0.0,0.2,67.6,,,,0.0,1.0,100.0,0.0
2017-07-05,0.0,0.8,64.4,,,,,,,,,,0.0,0.9,100.0,0.0
2017-07-06,0.0,0.8,61.9,0.0,0.1,100.0,,,,,,,0.0,0.8,100.0,0.0
2017-07-07,,,,,,,,,,,,,0.0,0.8,100.0,0.0
2017-07-08,,,,,,,,,,,,,0.0,0.9,100.0,0.0
2017-07-09,0.0,1.1,68.1,,,,,,,,,,0.0,1.0,100.0,0.0
2017-07-10,0.2,1.1,66.1,,,,,,,,,,0.0,0.9,100.0,0.0
2017-07-11,0.1,1.3,71.9,,,,,,,,,,0.0,0.9,100.0,0.0
2017-07-12,,,,,,,,,,,,,0.0,1.4,100.0,0.0
2017-07-13,,,,,,,,,,,,,0.0,1.6,100.0,0.0
2017-07-14,,,,,,,,,,,,,0.0,1.7,100.0,0.0
2017-07-15,0.0,0.9,66.1,,,,,,,,,,0.0,1.4,100.0,0.0
2017-07-16,0.3,1.5,68.1,0.0,0.1,100.0,,,,,,,0.0,1.5,100.0,0.0
2017-07-17,0.0,1.6,67.0,,,,,,,,,,0.0,1.4,100.0,0.0
2017-07-18,0.0,1.6,65.1,0.0,0.0,100.0,,,,,,,0.0,1.3,100.0,0.0
2017-07-19,,,,,,,,,,,,,0.0,1.1,100.0,0.0
2017-07-20,,,,,,,,,,,,,0.0,1.0,100.0,0.0
2017-07-21,0.0,2.0,67.2,0.0,0.0,98.1,,,,,,,0.0,0.8,100.0,0.0
2017-07-22,0.0,1.8,68.3,,,,,,,,,,0.0,0.7,100.0,0.0
2017-07-23,0.0,0.9,34.0,,,,,,,,,,0.0,0.5,100.0,0.0
2017-07-24,,,,,,,,,,,,,0.0,0.4,100.0,0.0
2017-07-25,,,,,,,,,,,,,0.0,0.3,100.0,0.0
2017-07-26,,,,,,,,,,,,,0.0,0.3,100.0,0.0
2017-07-27,0.0,1.3,65.2,,,,,,,,,,0.0,0.3,100.0,0.0
2017-07-28,0.0,0.7,17.5,,,,,,,,,,0.0,0.2,100.0,0.0
2017-07-29,0.0,0.4,25.7,,,,0.0,0.1,99.3,,,,0.0,0.2,100.0,0.0
2017-07-30,0.0,0.3,25.6,,,,,,,,,,0.0,0.2,100.0,0.0
2017-07-31,,,,,,,,,,,,,0.0,0.3,100.0,0.0
2017-08-01,,,,,,,,,,,,,0.0,0.3,100.0,0.0
2017-08-02,0.0,0.6,34.8,,,,,,,,,,0.0,0.3,100.0,0.0
2017-08-03,0.0,0.6,27.9,,,,,,,,,,0.0,0.3,100.0,0.0
2017-08-04,0.0,0.9,67.6,,,,,,,,,,0.0,0.3,100.0,0.0
2017-08-05,,,,,,,,,,,,,0.0,0.4,100.0,0.0
2017-08-06,,,,,,,,,,,,,0.0,0.5,100.0,0.0
2017-08-07,,,,0.0,0.0,100.0,,,,,,,0.0,0.5,100.0,0.0
2017-08-08,0.0,0.6,62.8,,,,,,,,,,0.0,0.4,100.0,0.0
2017-08-09,0.0,0.8,64.6,,,,,,,,,,0.0,0.6,100.0,0.0
2017-08-10,0.0,0.9,68.7,,,,,,,,,,0.0,0.5,100.0,0.0
2017-08-11,0.0,0.8,63.1,,,,,,,,,,0.0,0.4,100.0,0.0
2017-08-12,,,,,,,,,,,,,0.0,0.4,100.0,0.0
2017-08-13,,,,,,,,,,,,,0.0,0.4,100.0,0.0
2017-08-14,0.0,0.7,63.0,,,,0.0,0.0,79.7,,,,0.0,0.3,100.0,0.0
2017-08-15,0.0,0.6,63.8,0.0,0.0,100.0,,,,,,,0.0,0.3,100.0,0.0
2017-08-16,0.0,0.7,68.0,,,,,,,,,,0.0,0.3,100.0,0.0
2017-08-17,,,,0.0,0.0,59.3,,,,,,,0.0,0.3,100.0,0.0
2017-08-18,,,,,,,,,,,,,0.0,0.3,100.0,0.0
2017-08-19,,,,,,,,,,,,,0.0,0.3,100.0,0.0
2017-08-20,0.0,0.7,65.5,,,,,,,,,,0.0,0.3,100.0,0.0
2017-08-21,0.1,0.9,68.4,,,,0.0,0.0,83.3,,,,0.0,0.3,100.0,0.0
2017-08-22,0.0,0.6,66.9,0.0,0.1,100.0,,,,,,,0.0,0.2,100.0,0.0
2017-08-23,0.0,0.5,63.8,,,,,,,,,,0.0,0.2,100.0,0.0
2017-08-24,,,,,,,,,,,,,0.0,0.2,100.0,0.0
2017-08-25,,,,0.0,0.1,100.0,,,,,,,0.0,0.3,100.0,0.0
2017-08-26,0.0,0.4,62.7,,,,,,,,,,0.0,0.2,100.0,0.0
2017-08-27,0.0,0.8,66.7,,,,,,,,,,0.0,0.2,100.0,0.0
2017-08-28,0.0,0.7,66.9,,,,,,,,,,0.0,0.2,100.0,0.0
2017-08-29,,,,,,,,,,,,,0.0,0.2,100.0,0.0
2017-08-30,,,,0.0,0.1,100.0,0.0,0.0,99.7,,,,0.0,0.2,100.0,0.0
2017-08-31,,,,,,,,,,,,,0.0,0.2,100.0,0.0
2017-09-01,0.0,0.6,64.3,,,,,,,,,,0.0,0.2,100.0,0.0
2017-09-02,0.3,1.1,66.3,,,,,,,,,,0.0,0.4,100.0,0.0
2017-09-03,0.0,1.4,68.2,,,,,,,,,,0.0,0.5,100.0,0.0
2017-09-04,0.0,1.1,64.6,0.0,0.1,100.0,,,,,,,0.0,0.5,100.0,0.0
2017-09-05,,,,,,,,,,,,,0.0,0.8,100.0,0.0
2017-09-06,,,,,,,,,,,,,0.0,1.2,100.0,0.0
2017-09-07,0.0,1.1,64.8,,,,,,,,,,0.0,1.7,100.0,0.0
2017-09-08,0.0,1.3,67.1,,,,,,,,,,0.0,1.5,100.0,0.0
2017-09-09,0.0,1.7,68.7,,,,,,,,,,0.0,1.7,100.0,0.0
2017-09-10,,,,,,,,,,,,,0.0,1.8,100.0,0.0
2017-09-11,,,,,,,,,,,,,0.0,2.0,100.0,0.0
2017-09-12,,,,,,,,,,,,,0.0,2.3,100.0,0.0
2017-09-13,0.0,1.5,61.6,,,,,,,,,,0.0,2.5,100.0,0.0
2017-09-14,0.0,1.8,63.5,,,,,,,,,,0.0,3.0,100.0,0.0
2017-09-15,0.0,1.8,31.8,,,,,,,,,,0.0,3.2,100.0,0.0
2017-09-16,0.0,1.6,25.0,,,,,,,,,,0.0,2.8,100.0,0.0
2017-09-17,,,,,,,,,,,,,0.0,2.5,100.0,0.0
2017-09-18,,,,,,,,,,,,,0.0,2.5,100.0,0.0
2017-09-19,0.0,2.3,16.1,,,,,,,,,,0.0,2.3,100.0,0.0
2017-09-20,0.0,2.8,18.6,,,,,,,,,,0.0,2.2,100.0,0.0
2017-09-21,0.0,2.1,30.1,0.0,0.1,79.3,,,,,,,0.0,2.0,100.0,0.0
2017-09-22,,,,,,,0.0,0.0,71.7,,,,0.0,2.0,100.0,0.0
2017-09-23,,,,,,,,,,,,,0.0,2.0,100.0,0.0
2017-09-24,,,,,,,,,,,,,0.0,2.2,100.0,0.0
2017-09-25,0.0,2.7,30.3,,,,,,,,,,0.0,2.2,100.0,0.0
2017-09-26,0.0,2.6,66.9,0.0,0.1,100.0,,,,,,,0.0,2.2,100.0,0.0
2017-09-27,0.0,4.2,65.4,,,,,,,,,,0.0,2.2,100.0,0.0
2017-09-28,0.0,2.4,64.0,,,,,,,,,,0.0,2.4,100.0,0.0
2017-09-29,,,,,,,,,,,,,0.0,2.4,100.0,0.0
2017-09-30,,,,,,,,,,,,,0.0,3.0,100.0,0.0
2017-10-01,0.0,3.7,65.6,,,,,,,,,,0.0,3.2,100.0,0.0
2017-10-02,0.0,2.1,68.5,,,,,,,,,,0.0,3.5,100.0,0.0
2017-10-03,0.0,1.3,67.3,,,,,,,,,,0.0,3.5,100.0,0.0
2017-10-04,,,,,,,,,,,,,0.0,5.1,100.0,0.0
2017-10-05,,,,,,,,,,,,,0.0,4.9,100.0,0.0
2017-10-06,,,,,,,,,,,,,0.0,4.8,100.0,0.0
2017-10-07,0.0,1.1,66.5,,,,,,,,,,0.0,4.5,100.0,0.0
2017-10-08,0.3,1.4,68.6,,,,,,,,,,0.0,6.0,100.0,0.0
2017-10-09,0.0,1.5,65.4,,,,,,,,,,0.0,6.5,100.0,0.0
2017-10-10,0.2,1.0,66.3,,,,,,,,,,0.0,6.6,100.0,0.0
2017-10-11,,,,0.0,0.1,100.0,,,,,,,0.0,5.5,100.0,0.0
2017-10-12,,,,,,,,,,,,,0.0,5.7,100.0,0.0
2017-10-13,0.0,1.3,66.1,,,,,,,,,,0.0,6.1,100.0,0.0
2017-10-14,0.6,1.9,66.8,0.0,0.1,100.0,,,,,,,0.0,5.8,100.0,0.0
2017-10-15,0.3,2.6,66.9,,,,,,,,,,0.0,5.3,100.0,0.0
2017-10-16,,,,0.0,0.2,100.0,,,,,,,0.0,5.0,100.0,0.0
2017-10-17,,,,,,,,,,,,,0.0,5.5,100.0,0.0
2017-10-18,,,,,,,,,,,,,0.0,5.1,100.0,0.0
2017-10-19,7.5,9.0,6.7,0.0,0.1,100.0,,,,,,,0.0,4.9,100.0,0.0
2017-10-20,1.3,2.8,66.6,,,,,,,,,,0.0,4.4,100.0,0.0
2017-10-21,9.1,8.1,6.6,,,,,,,,,,0.0,4.7,100.0,0.0
2017-10-22,0.0,0.5,45.0,,,,,,,,,,0.0,4.5,100.0,0.0
2017-10-23,,,,,,,,,,,,,0.0,4.6,100.0,0.0
2017-10-24,,,,,,,,,,,,,0.0,5.0,100.0,0.0
2017-10-25,0.0,0.3,0.9,,,,,,,,,,0.0,5.1,100.0,0.0
2017-10-26,0.0,1.3,48.3,,,,,,,,,,0.0,3.4,100.0,0.0
2017-10-27,0.0,0.8,48.7,,,,,,,,,,0.0,3.3,100.0,0.0
2017-10-28,,,,,,,,,,,,,0.0,3.9,100.0,0.0
2017-10-29,,,,,,,,,,,,,0.0,3.4,100.0,0.0
2017-10-30,,,,,,,,,,,,,0.0,3.1,100.0,0.0
2017-10-31,0.0,0.9,46.0,0.0,0.2,100.0,,,,,,,0.0,2.9,100.0,0.0
2017-11-01,0.0,0.7,46.0,,,,,,,,,,0.0,3.6,100.0,0.0
2017-11-02,0.0,1.1,50.4,,,,,,,,,,0.0,3.4,100.0,0.0
2017-11-03,0.0,0.5,45.5,0.0,0.2,100.0,,,,,,,0.0,2.7,100.0,0.0
2017-11-04,,,,,,,,,,,,,0.0,3.2,100.0,0.0
2017-11-05,,,,,,,,,,,,,0.0,3.4,100.0,0.0
2017-11-06,0.0,0.6,44.4,,,,,,,,,,0.0,2.9,100.0,0.0
2017-11-07,0.0,1.4,50.0,,,,,,,,,,0.0,2.6,100.0,0.0
2017-11-08,0.0,1.9,51.7,0.0,0.6,100.0,,,,,,,0.0,3.1,100.0,0.0
2017-11-09,,,,,,,0.0,0.1,100.0,,,,0.0,3.3,100.0,0.0
2017-11-10,,,,,,,,,,,,,0.0,3.7,100.0,0.0
2017-11-11,,,,,,,,,,,,,0.0,3.2,100.0,0.0
2017-11-12,0.0,1.0,20.9,,,,,,,,,,0.0,4.3,100.0,0.0
2017-11-13,0.0,0.6,15.7,,,,,,,,,,0.0,4.6,100.0,0.0
2017-11-14,0.0,1.2,14.3,,,,,,,,,,0.0,5.2,100.0,0.0
2017-11-15,0.0,1.2,16.9,0.0,1.3,100.0,,,,,,,0.0,4.3,100.0,0.0
2017-11-16,,,,,,,,,,,,,0.0,5.6,100.0,0.0
2017-11-17,,,,,,,,,,,,,0.0,5.9,100.0,0.0
2017-11-18,0.0,1.8,15.7,0.8,2.0,99.9,0.0,0.4,100.0,,,,0.0,6.0,100.0,0.0
2017-11-19,,,,,,,,,,,,,0.0,6.0,100.0,0.0
2017-11-20,0.0,1.4,44.7,,,,,,,,,,0.0,6.2,100.0,0.0
2017-11-21,,,,,,,,,,,,,0.0,5.8,100.0,0.0
2017-11-22,,,,,,,,,,,,,0.0,6.5,100.0,0.0
2017-11-23,,,,1.0,2.6,100.0,,,,,,,0.0,7.2,100.0,0.0
2017-11-24,0.3,3.3,96.8,,,,,,,,,,0.0,7.3,100.0,0.0
2017-11-25,0.0,3.0,97.5,,,,,,,,,,0.0,7.5,100.0,0.0
2017-11-26,0.2,2.7,95.9,,,,,,,,,,0.0,8.8,100.0,0.0
2017-11-27,0.2,1.6,64.5,,,,,,,,,,0.0,10.4,100.0,0.0
2017-11-28,,,,,,,,,,,,,0.0,10.6,100.0,0.0
2017-11-29,,,,,,,,,,,,,0.0,10.1,100.0,0.0
2017-11-30,0.2,2.6,96.8,,,,,,,,,,0.0,10.7,100.0,0.0
2017-12-01,0.3,2.0,97.6,,,,,,,,,,0.0,11.8,100.0,0.0
2017-12-02,0.1,1.3,95.8,,,,,,,,,,0.0,12.7,100.0,0.0
2017-12-03,,,,0.7,2.5,100.0,,,,,,,0.0,12.9,100.0,0.0
2017-12-04,,,,,,,,,,,,,0.0,15.1,100.0,0.0
2017-12-05,,,,,,,,,,,,,0.0,14.8,100.0,0.0
2017-12-06,1.9,3.2,96.9,,,,,,,,,,0.0,14.7,100.0,0.0
2017-12-07,6.0,5.4,97.4,,,,,,,,,,0.0,15.0,100.0,0.0
2017-12-08,7.3,6.6,96.0,,,,,,,,,,0.0,13.7,100.0,0.0
2017-12-09,6.6,4.8,60.1,,,,,,,,,,0.0,13.2,100.0,0.0
2017-12-10,,,,,,,,,,,,,0.0,13.6,100.0,0.0
2017-12-11,,,,,,,,,,,,,0.0,12.3,100.0,0.0
2017-12-12,10.7,9.6,97.0,,,,,,,,,,0.0,11.3,100.0,0.0
2017-12-13,0.4,1.4,82.2,0.8,2.4,100.0,,,,,,,0.0,11.7,100.0,0.0
2017-12-14,0.1,1.8,82.0,,,,,,,,,,0.0,11.7,100.0,0.0
2017-12-15,,,,,,,,,,,,,0.0,12.4,100.0,0.0
2017-12-16,,,,,,,,,,,,,0.0,12.3,100.0,0.0
2017-12-17,,,,,,,,,,,,,0.0,12.1,100.0,0.0
2017-12-18,0.4,2.2,82.1,,,,,,,,,,0.0,11.0,100.0,0.0
2017-12-19,0.4,2.2,81.9,,,,,,,,,,0.0,11.4,100.0,0.0
2017-12-20,0.4,3.1,81.8,,,,0.0,3.2,39.4,,,,0.0,11.6,100.0,0.0
2017-12-21,0.5,2.0,58.0,,,,,,,,,,0.0,11.9,100.0,0.0
2017-12-22,,,,,,,,,,,,,0.0,10.1,100.0,0.0
2017-12-23,,,,2.6,9.1,57.7,,,,,,,0.0,9.9,100.0,0.0
2017-12-24,0.5,6.8,81.0,,,,,,,,,,0.0,10.1,100.0,0.0
2017-12-25,0.2,7.0,82.2,10.7,15.0,100.0,,,,,,,0.0,11.9,100.0,0.0
2017-12-26,0.3,5.4,76.2,,,,,,,,,,0.0,10.3,100.0,0.0
2017-12-27,,,,,,,,,,,,,0.0,11.0,100.0,0.0
2017-12-28,,,,,,,,,,,,,0.0,11.1,100.0,0.0
2017-12-29,,,,,,,,,,,,,0.0,13.0,100.0,0.0
2017-12-30,0.2,3.3,81.8,,,,,,,,,,0.0,10.9,100.0,0.0
2017-12-31,0.1,1.7,81.8,,,,,,,,,,0.0,12.1,100.0,0.0
2018-01-01,0.0,1.9,71.2,,,,,,,,,,0.0,12.1,100.0,0.0
2018-01-02,0.0,1.4,48.6,,,,,,,,,,0.0,12.6,100.0,0.0
2018-01-03,,,,,,,,,,,,,0.0,10.7,100.0,0.0
2018-01-04,,,,,,,,,,,,,0.0,11.1,100.0,0.0
2018-01-05,0.0,2.2,74.4,,,,1.5,12.1,89.3,,,,0.0,9.4,100.0,0.0
2018-01-06,0.0,2.1,74.7,,,,,,,,,,0.0,9.5,100.0,0.0
2018-01-07,0.1,2.9,75.0,,,,,,,,,,0.0,9.1,100.0,0.0
2018-01-08,,,,,,,,,,,,,0.0,9.7,100.0,0.0
2018-01-09,,,,,,,,,,,,,0.0,9.8,100.0,0.0
2018-01-10,,,,,,,,,,,,,0.0,10.9,100.0,0.0
2018-01-11,0.7,9.1,74.4,,,,,,,,,,0.0,12.0,100.0,0.0
2018-01-12,8.4,18.1,75.0,,,,,,,,,,0.0,13.0,100.0,0.0
2018-01-13,33.3,33.0,75.0,,,,,,,,,,0.0,15.5,100.0,0.0
2018-01-14,39.2,33.5,48.7,26.6,34.2,100.0,,,,,,,0.0,18.2,100.0,0.0
2018-01-15,,,,,,,,,,,,,0.0,19.6,100.0,0.0
2018-01-16,,,,,,,,,,,,,0.0,20.3,100.0,0.0
2018-01-17,61.1,50.5,72.7,,,,,,,,,,0.1,22.7,100.0,0.1
2018-01-18,55.0,43.7,73.9,,,,,,,,,,3.3,24.9,100.0,3.3
2018-01-19,48.5,42.5,74.6,,,,,,,,,,8.7,27.1,100.0,8.7
2018-01-20,,,,,,,,,,,,,10.8,28.5,100.0,10.8
2018-01-21,,,,,,,,,,,,,15.3,32.0,100.0,15.3
2018-01-22,,,,,,,,,,,,,17.7,34.5,100.0,17.7
2018-01-23,41.7,39.3,72.0,,,,,,,,,,22.6,40.6,100.0,22.6
2018-01-24,51.3,44.0,73.4,66.1,66.7,100.0,,,,,,,25.7,45.1,100.0,25.7
2018-01-25,46.9,42.3,74.2,,,,,,,,,,28.8,48.9,100.0,28.8
2018-01-26,46.0,37.7,47.1,,,,,,,,,,32.7,53.8,100.0,32.7
2018-01-27,,,,88.7,80.2,99.9,,,,,,,53.8,61.7,100.0,53.8
2018-01-28,,,,,,,,,,,,,66.5,65.8,100.0,66.5
2018-01-29,71.9,57.0,71.1,90.3,86.3,100.0,,,,,,,82.2,72.8,100.0,82.2
2018-01-30,83.0,67.6,72.9,,,,,,,,,,89.4,78.1,100.0,89.4
2018-01-31,94.8,74.1,73.4,,,,,,,,,,91.0,81.8,100.0,91.0
2018-02-01,,,,,,,,,,,,,91.5,83.8,100.0,91.5
2018-02-02,,,,,,,,,,,,,92.9,86.6,100.0,92.9
2018-02-03,,,,,,,,,,,,,94.8,88.9,100.0,94.8
2018-02-04,99.9,85.8,70.3,,,,,,,,,,95.3,90.8,100.0,95.3
2018-02-05,99.9,91.3,72.0,,,,,,,,,,96.7,92.2,100.0,96.7
2018-02-06,99.5,92.0,72.3,100.0,98.5,100.0,99.0,95.7,58.7,,,,97.4,93.9,100.0,97.4
2018-02-07,97.8,92.1,47.4,,,,,,,,,,97.8,94.7,100.0,97.8
2018-02-08,,,,,,,,,,,,,97.8,94.7,100.0,97.8
2018-02-09,,,,,,,,,,,,,98.5,95.9,100.0,98.5
2018-02-10,99.9,94.1,69.6,,,,,,,,,,98.9,96.3,100.0,98.9
2018-02-11,98.9,92.6,71.2,100.0,98.9,54.8,,,,,,,99.5,97.5,100.0,99.5
2018-02-12,95.1,88.6,70.2,,,,,,,,,,99.6,97.3,100.0,99.6
2018-02-13,,,,100.0,99.9,99.9,100.0,100.0,89.6,,,,100.0,98.5,100.0,100.0
2018-02-14,,,,,,,,,,,,,100.0,98.2,100.0,100.0
2018-02-15,,,,,,,,,,,,,100.0,98.8,100.0,100.0
2018-02-16,100.0,99.1,57.3,,,,,,,,,,100.0,98.8,100.0,100.0
2018-02-17,100.0,99.6,58.5,,,,,,,,,,100.0,98.9,100.0,100.0
2018-02-18,100.0,99.8,56.5,,,,,,,,,,100.0,98.9,100.0,100.0
2018-02-19,100.0,99.8,36.9,,,,,,,,,,100.0,99.1,100.0,100.0
2018-02-20,,,,,,,,,,,,,100.0,99.2,100.0,100.0
2018-02-21,,,,100.0,99.9,75.6,,,,,,,100.0,99.2,100.0,100.0
2018-02-22,100.0,99.8,56.1,,,,,,,,,,100.0,99.1,100.0,100.0
2018-02-23,100.0,99.9,58.1,100.0,98.8,75.1,,,,,,,100.0,99.2,100.0,100.0
2018-02-24,100.0,99.8,56.9,,,,,,,,,,100.0,99.1,100.0,100.0
2018-02-25,,,,,,,,,,,,,100.0,99.1,100.0,100.0
2018-02-26,,,,100.0,98.7,100.0,,,,,,,100.0,99.3,100.0,100.0
2018-02-27,,,,,,,,,,,,,100.0,99.3,100.0,100.0
2018-02-28,100.0,99.8,56.7,100.0,99.6,100.0,,,,,,,100.0,99.5,100.0,100.0
2018-03-01,100.0,99.9,57.0,,,,,,,,,,100.0,99.2,100.0,100.0
2018-03-02,99.9,99.6,55.5,,,,,,,,,,100.0,99.3,100.0,100.0
2018-03-03,99.8,99.3,36.7,100.0,99.1,100.0,,,,,,,100.0,99.3,100.0,100.0
2018-03-04,,,,,,,,,,,,,100.0,99.2,100.0,100.0
2018-03-05,,,,,,,,,,,,,100.0,99.1,100.0,100.0
2018-03-06,100.0,99.2,55.7,,,,,,,,,,100.0,99.1,100.0,100.0
2018-03-07,100.0,99.0,57.0,,,,,,,,,,100.0,99.0,100.0,100.0
2018-03-08,99.9,97.9,54.6,100.0,99.8,100.0,,,,,,,100.0,99.1,100.0,100.0
2018-03-09,,,,,,,,,,,,,100.0,98.6,100.0,100.0
2018-03-10,,,,,,,,,,,,,100.0,98.6,100.0,100.0
2018-03-11,,,,,,,,,,,,,100.0,98.3,100.0,100.0
2018-03-12,100.0,97.6,58.1,,,,,,,,,,100.0,98.3,100.0,100.0
2018-03-13,100.0,97.2,58.5,,,,,,,,,,99.6,97.8,100.0,99.6
2018-03-14,100.0,97.3,56.9,,,,,,,,,,99.7,97.9,100.0,99.7
2018-03-15,99.8,96.5,37.4,,,,,,,,,,99.3,97.4,100.0,99.3
2018-03-16,,,,,,,,,,,,,99.4,97.3,100.0,99.4
2018-03-17,,,,,,,,,,,,,99.0,96.7,100.0,99.0
2018-03-18,99.9,97.6,56.3,100.0,99.0,49.1,,,,,,,99.5,97.0,100.0,99.5
2018-03-19,100.0,97.8,56.7,,,,,,,,,,99.3,97.2,100.0,99.3
2018-03-20,100.0,97.8,55.0,,,,,,,,,,99.6,97.5,100.0,99.6
2018-03-21,,,,,,,,,,,,,99.5,97.4,100.0,99.5
2018-03-22,,,,,,,,,,,,,99.7,97.2,100.0,99.7
2018-03-23,,,,,,,,,,,,,99.5,97.1,100.0,99.5
2018-03-24,100.0,97.4,51.3,,,,,,,,,,99.5,96.5,100.0,99.5
2018-03-25,100.0,97.6,52.6,100.0,99.6,100.0,,,,,,,99.5,96.9,100.0,99.5
2018-03-26,100.0,96.8,53.3,,,,,,,,,,98.9,94.9,100.0,98.9
2018-03-27,100.0,93.2,37.6,,,,,,,,,,99.3,94.7,100.0,99.3
2018-03-28,,,,,,,,,,,,,98.6,91.3,100.0,98.6
2018-03-29,,,,,,,,,,,,,99.2,91.7,100.0,99.2
2018-03-30,99.9,91.3,55.7,,,,,,,,,,98.0,88.7,100.0,98.0
2018-03-31,99.8,88.9,59.0,,,,,,,,,,98.8,89.5,100.0,98.8
2018-04-01,99.5,79.4,58.1,,,,,,,,,,95.1,84.1,100.0,95.1
2018-04-02,,,,100.0,99.1,100.0,100.0,99.9,96.6,,,,98.4,89.4,100.0,98.4
2018-04-03,,,,,,,,,,,,,87.5,80.7,100.0,87.5
2018-04-04,,,,,,,,,,,,,93.9,82.8,100.0,93.9
2018-04-05,89.8,67.6,58.7,,,,,,,,,,67.9,73.2,100.0,67.9
2018-04-06,62.0,50.7,59.0,,,,,,,,,,67.5,72.6,100.0,67.5
2018-04-07,46.5,44.0,58.3,94.2,86.4,100.0,,,,,,,55.7,65.4,100.0,55.7
2018-04-08,27.9,31.1,49.9,,,,,,,,,,48.0,59.7,100.0,48.0
2018-04-09,,,,,,,,,,,,,40.4,51.6,100.0,40.4
2018-04-10,,,,,,,,,,,,,34.5,46.3,100.0,34.5
2018-04-11,40.0,36.0,57.6,,,,100.0,94.0,63.7,,,,19.4,36.5,100.0,19.4
2018-04-12,21.6,24.6,59.1,,,,,,,,,,3.9,25.3,100.0,3.9
2018-04-13,15.7,20.7,58.4,,,,,,,,,,1.1,20.5,100.0,1.1
2018-04-14,,,,41.4,44.5,100.0,,,,,,,0.1,14.8,100.0,0.1
2018-04-15,,,,,,,,,,,,,0.0,10.0,100.0,0.0
2018-04-16,,,,,,,,,,,,,0.0,6.2,100.0,0.0
2018-04-17,12.9,17.9,58.1,,,,,,,,,,0.0,5.6,100.0,0.0
2018-04-18,9.4,16.5,58.4,,,,,,,,,,0.0,3.9,100.0,0.0
2018-04-19,4.1,12.6,55.9,0.3,9.1,100.0,,,,,,,0.0,3.2,100.0,0.0
2018-04-20,0.0,6.0,43.4,,,,,,,,,,0.0,2.8,100.0,0.0
2018-04-21,,,,,,,,,,,,,0.0,2.5,100.0,0.0
2018-04-22,,,,0.0,1.5,100.0,,,,,,,0.0,2.0,100.0,0.0
2018-04-23,3.5,8.5,56.7,,,,,,,,,,0.0,1.5,100.0,0.0
2018-04-24,2.9,6.8,58.8,0.0,0.6,100.0,,,,,,,0.0,1.4,100.0,0.0
2018-04-25,0.0,4.3,57.0,,,,,,,,,,0.0,1.3,100.0,0.0
2018-04-26,,,,,,,,,,,,,0.0,1.4,100.0,0.0
2018-04-27,,,,,,,,,,,,,0.0,1.2,100.0,0.0
2018-04-28,,,,,,,,,,,,,0.0,1.3,100.0,0.0
2018-04-29,0.0,3.5,57.5,,,,,,,,,,0.0,1.1,100.0,0.0
2018-04-30,0.0,3.2,58.8,,,,,,,,,,0.0,1.2,100.0,0.0
2018-05-01,0.0,2.2,56.3,,,,,,,,,,0.0,1.0,100.0,0.0
2018-05-02,0.0,1.9,42.6,,,,,,,,,,0.0,1.1,100.0,0.0
2018-05-03,,,,,,,,,,,,,0.0,0.9,100.0,0.0
2018-05-04,,,,,,,,,,,,,0.0,0.9,100.0,0.0
2018-05-05,0.0,2.1,57.5,,,,,,,,,,0.0,0.7,100.0,0.0
2018-05-06,0.0,1.9,58.7,,,,,,,,,,0.0,0.9,100.0,0.0
2018-05-07,0.0,1.5,57.7,0.0,0.4,72.8,,,,,,,0.0,0.7,100.0,0.0
2018-05-08,,,,,,,,,,,,,0.0,0.8,100.0,0.0
2018-05-09,,,,0.0,0.1,100.0,,,,,,,0.0,0.8,100.0,0.0
2018-05-10,,,,,,,,,,,,,0.0,0.9,100.0,0.0
2018-05-11,0.0,1.9,58.2,,,,,,,,,,0.0,0.8,100.0,0.0
2018-05-12,0.0,2.1,58.6,0.0,0.1,41.4,,,,,,,0.0,0.8,100.0,0.0
2018-05-13,0.0,2.4,56.7,,,,,,,,,,0.0,0.9,100.0,0.0
2018-05-14,0.0,1.5,40.7,,,,,,,,,,0.0,1.1,100.0,0.0
2018-05-15,,,,,,,,,,,,,0.0,1.1,100.0,0.0
2018-05-16,,,,,,,,,,,,,0.0,1.3,100.0,0.0
2018-05-17,0.0,3.4,57.3,,,,,,,,,,0.0,1.8,100.0,0.0
2018-05-18,0.0,3.3,58.5,,,,,,,,,,0.0,2.3,100.0,0.0
2018-05-19,0.0,3.8,57.8,,,,,,,,,,0.0,2.7,100.0,0.0
2018-05-20,,,,,,,,,,,,,0.0,3.4,100.0,0.0
2018-05-21,,,,,,,,,,,,,0.0,3.8,100.0,0.0
2018-05-22,,,,,,,,,,,,,0.0,3.8,100.0,0.0
2018-05-23,0.0,3.2,57.8,,,,,,,,,,0.0,3.1,100.0,0.0
2018-05-24,0.0,4.4,58.7,,,,,,,,,,0.0,3.0,100.0,0.0
2018-05-25,0.0,3.8,56.3,,,,,,,,,,0.0,2.5,100.0,0.0
2018-05-26,4.7,12.1,63.6,,,,,,,,,,0.0,2.3,100.0,0.0
2018-05-27,,,,,,,,,,,,,0.0,1.8,100.0,0.0
2018-05-28,,,,,,,,,,,,,0.0,1.7,100.0,0.0
2018-05-29,5.8,11.9,83.4,,,,,,,,,,0.0,1.2,100.0,0.0
2018-05-30,1.0,7.4,92.8,,,,,,,,,,0.0,1.1,100.0,0.0
2018-05-31,0.0,4.9,87.8,,,,,,,,,,0.0,0.9,100.0,0.0
2018-06-01,,,,0.0,0.1,52.5,,,,,,,0.0,0.9,100.0,0.0
2018-06-02,,,,,,,,,,,,,0.0,0.7,100.0,0.0
2018-06-03,,,,0.0,0.1,99.6,,,,,,,0.0,0.7,100.0,0.0
2018-06-04,0.0,3.5,86.8,,,,,,,,,,0.0,0.7,100.0,0.0
2018-06-05,0.0,3.0,92.0,,,,,,,,,,0.0,0.8,100.0,0.0
2018-06-06,0.0,2.4,84.1,,,,,,,,,,0.0,0.8,100.0,0.0
2018-06-07,0.0,1.2,56.2,,,,,,,,,,0.0,0.9,100.0,0.0
2018-06-08,,,,,,,,,,,,,0.0,0.9,100.0,0.0
2018-06-09,,,,,,,,,,,,,0.0,0.8,100.0,0.0
2018-06-10,0.0,2.9,83.6,,,,,,,,,,0.0,0.7,100.0,0.0
2018-06-11,0.0,2.8,82.0,0.0,0.1,51.1,,,,,,,0.0,0.8,100.0,0.0
2018-06-12,0.0,2.3,77.1,,,,,,,,,,0.0,0.8,100.0,0.0
2018-06-13,,,,,,,,,,,,,0.0,0.9,100.0,0.0
2018-06-14,,,,,,,,,,,,,0.0,0.9,100.0,0.0
2018-06-15,,,,,,,,,,,,,0.0,0.9,100.0,0.0
2018-06-16,0.0,2.9,89.8,0.0,0.1,100.0,,,,,,,0.0,0.8,100.0,0.0
2018-06-17,0.0,2.9,86.1,,,,,,,,,,0.0,0.8,100.0,0.0
2018-06-18,0.0,2.9,71.7,,,,,,,,,,0.0,0.8,100.0,0.0
2018-06-19,0.0,1.9,67.0,,,,,,,,,,0.0,0.8,100.0,0.0
2018-06-20,,,,,,,,,,,,,0.0,0.7,100.0,0.0
2018-06-21,,,,0.0,0.1,42.1,,,,,,,0.0,0.6,100.0,0.0
2018-06-22,0.0,2.1,89.9,,,,,,,,,,0.0,0.7,100.0,0.0
2018-06-23,0.0,2.1,96.4,0.0,0.0,97.8,,,,,,,0.0,0.7,100.0,0.0
2018-06-24,0.0,1.9,90.7,,,,,,,,,,0.0,0.8,100.0,0.0
2018-06-25,,,,,,,,,,,,,0.0,0.8,100.0,0.0
2018-06-26,,,,,,,,,,,,,0.0,0.8,100.0,0.0
2018-06-27,,,,,,,,,,,,,0.0,0.8,100.0,0.0
2018-06-28,0.0,1.4,90.8,,,,,,,,,,0.0,0.8,100.0,0.0
2018-06-29,0.0,1.5,94.4,,,,,,,,,,0.0,0.8,100.0,0.0
2018-06-30,0.0,1.2,88.3,,,,,,,,,,0.0,0.8,100.0,0.0
2018-07-01,0.0,0.7,60.2,,,,,,,,,,0.0,0.9,100.0,0.0
2018-07-02,,,,,,,,,,,,,0.0,0.9,100.0,0.0
2018-07-03,,,,0.0,0.1,46.8,,,,,,,0.0,1.0,100.0,0.0
2018-07-04,0.0,1.2,90.2,,,,,,,,,,0.0,1.0,100.0,0.0
2018-07-05,0.0,1.1,86.1,,,,,,,,,,0.0,0.8,100.0,0.0
2018-07-06,0.0,1.0,90.6,,,,,,,,,,0.0,0.8,100.0,0.0
2018-07-07,,,,,,,,,,,,,0.0,0.9,100.0,0.0
2018-07-08,,,,,,,,,,,,,0.0,1.1,100.0,0.0
2018-07-09,,,,,,,,,,,,,0.0,1.1,100.0,0.0
2018-07-10,0.0,1.0,90.2,,,,,,,,,,0.0,1.0,100.0,0.0
2018-07-11,0.0,1.1,95.4,0.0,0.1,56.7,,,,,,,0.0,1.0,100.0,0.0
2018-07-12,0.0,1.2,91.3,,,,,,,,,,0.0,1.0,100.0,0.0
2018-07-13,0.0,0.7,62.8,0.0,0.1,94.0,,,,,,,0.0,0.8,100.0,0.0
2018-07-14,,,,,,,,,,,,,0.0,0.7,100.0,0.0
2018-07-15,,,,,,,,,,,,,0.0,0.7,100.0,0.0
2018-07-16,0.0,0.9,37.2,,,,,,,,,,0.0,0.7,100.0,0.0
2018-07-17,0.0,1.2,51.7,,,,,,,,,,0.0,0.6,100.0,0.0
2018-07-18,0.0,1.1,92.9,0.0,0.1,35.6,,,,,,,0.0,0.4,100.0,0.0
2018-07-19,,,,,,,,,,,,,0.0,0.5,100.0,0.0
2018-07-20,,,,,,,,,,,,,0.0,0.4,100.0,0.0
2018-07-21,,,,,,,,,,,,,0.0,0.5,100.0,0.0
2018-07-22,0.0,1.4,91.7,,,,,,,,,,0.0,0.5,100.0,0.0
2018-07-23,0.0,1.5,98.3,,,,,,,,,,0.0,0.6,100.0,0.0
2018-07-24,0.0,1.4,93.1,,,,,,,,,,0.0,0.5,100.0,0.0
2018-07-25,,,,,,,,,,,,,0.0,0.8,100.0,0.0
2018-07-26,,,,0.0,0.1,59.6,,,,,,,0.0,0.8,100.0,0.0
2018-07-27,,,,,,,,,,,,,0.0,0.9,100.0,0.0
2018-07-28,0.0,1.9,91.1,0.0,0.1,85.8,,,,,,,0.0,0.5,100.0,0.0
2018-07-29,0.0,2.8,97.0,,,,,,,,,,0.0,0.6,100.0,0.0
2018-07-30,0.0,1.9,93.0,,,,,,,,,,0.0,0.6,100.0,0.0
2018-07-31,,,,0.0,0.1,100.0,,,,0.0,0.9,92.3,0.0,0.7,100.0,0.0
2018-08-01,,,,,,,0.0,0.0,45.9,0.0,0.2,100.0,0.0,0.5,100.0,0.0
2018-08-02,,,,0.0,0.1,100.0,,,,,,,0.0,0.6,100.0,0.0
2018-08-03,0.0,1.7,92.5,,,,,,,,,,0.0,0.6,100.0,0.0
2018-08-04,0.0,1.8,97.8,,,,,,,0.0,0.0,92.3,0.0,0.6,100.0,0.0
2018-08-05,0.0,1.8,94.5,0.0,0.1,85.9,,,,,,,0.0,0.5,100.0,0.0
2018-08-06,0.0,0.7,64.8,,,,,,,,,,0.0,0.5,100.0,0.0
2018-08-07,,,,,,,,,,,,,0.0,0.6,100.0,0.0
2018-08-08,,,,,,,,,,,,,0.0,0.8,100.0,0.0
2018-08-09,0.0,1.0,93.2,,,,,,,,,,0.0,0.6,100.0,0.0
2018-08-10,0.0,1.0,98.5,,,,,,,,,,0.0,0.5,100.0,0.0
2018-08-11,0.0,0.8,94.8,,,,,,,,,,0.0,0.6,100.0,0.0
2018-08-12,,,,0.0,0.1,58.3,,,,0.0,0.0,100.0,0.0,0.5,100.0,0.0
2018-08-13,,,,,,,,,,,,,0.0,0.5,100.0,0.0
2018-08-14,,,,,,,,,,,,,0.0,0.4,100.0,0.0
2018-08-15,0.0,0.6,93.1,,,,,,,,,,0.0,0.5,100.0,0.0
2018-08-16,0.0,0.9,99.3,,,,,,,,,,0.0,0.6,100.0,0.0
2018-08-17,0.0,0.9,95.0,0.0,0.1,100.0,0.0,0.0,70.3,,,,0.0,0.5,100.0,0.0
2018-08-18,0.0,0.6,65.2,,,,,,,,,,0.0,0.3,100.0,0.0
2018-08-19,,,,,,,,,,,,,0.0,0.4,100.0,0.0
2018-08-20,,,,0.0,0.2,100.0,,,,,,,0.0,0.4,100.0,0.0
2018-08-21,0.0,1.0,92.4,,,,,,,0.0,0.0,100.0,0.0,0.4,100.0,0.0
2018-08-22,0.0,1.2,99.3,0.0,0.1,64.6,,,,0.0,0.0,70.8,0.0,0.3,100.0,0.0
2018-08-23,0.0,1.3,94.7,,,,,,,,,,0.0,0.4,100.0,0.0
2018-08-24,,,,,,,,,,,,,0.0,0.5,100.0,0.0
2018-08-25,,,,,,,,,,,,,0.0,0.7,100.0,0.0
2018-08-26,,,,,,,,,,,,,0.0,0.6,100.0,0.0
2018-08-27,0.0,1.2,93.5,0.0,0.1,100.0,,,,,,,0.0,0.7,100.0,0.0
2018-08-28,0.0,1.4,99.1,,,,,,,0.0,0.0,100.0,0.0,0.6,100.0,0.0
2018-08-29,0.0,1.5,94.3,,,,,,,0.0,0.0,100.0,0.0,0.7,100.0,0.0
2018-08-30,0.0,0.7,64.9,,,,,,,,,,0.0,0.7,100.0,0.0
2018-08-31,,,,,,,,,,,,,0.0,0.7,100.0,0.0
2018-09-01,,,,,,,,,,,,,0.0,0.5,100.0,0.0
2018-09-02,0.0,1.8,92.3,,,,,,,0.0,0.0,94.6,0.0,0.5,100.0,0.0
2018-09-03,0.0,2.0,98.8,,,,,,,,,,0.0,0.4,100.0,0.0
2018-09-04,0.0,2.1,95.4,,,,,,,,,,0.0,0.4,100.0,0.0
2018-09-05,,,,,,,,,,,,,0.0,0.3,100.0,0.0
2018-09-06,,,,,,,,,,,,,0.0,0.4,100.0,0.0
2018-09-07,,,,,,,,,,,,,0.0,0.4,100.0,0.0
2018-09-08,0.0,1.3,92.3,,,,,,,,,,0.0,0.4,100.0,0.0
2018-09-09,0.0,1.1,99.5,0.0,0.1,100.0,0.1,0.1,100.0,,,,0.0,0.2,100.0,0.0
2018-09-10,0.0,1.2,94.9,,,,,,,,,,0.0,0.2,100.0,0.0
2018-09-11,0.0,0.7,63.6,0.0,0.0,100.0,,,,,,,0.0,0.2,100.0,0.0
2018-09-12,,,,,,,,,,0.0,0.0,100.0,0.0,0.2,100.0,0.0
2018-09-13,,,,,,,,,,,,,0.0,0.3,100.0,0.0
2018-09-14,0.0,0.7,92.2,,,,,,,,,,0.0,0.3,100.0,0.0
2018-09-15,0.0,1.0,97.8,,,,,,,,,,0.0,0.2,100.0,0.0
2018-09-16,0.0,0.9,93.0,0.0,0.1,100.0,,,,,,,0.0,0.3,100.0,0.0
2018-09-17,,,,,,,,,,,,,0.0,0.2,100.0,0.0
2018-09-18,,,,,,,0.0,0.1,90.0,,,,0.0,0.2,100.0,0.0
2018-09-19,,,,0.0,0.1,46.6,,,,,,,0.0,0.2,100.0,0.0
2018-09-20,0.0,1.1,92.7,,,,,,,0.0,0.0,100.0,0.0,0.2,100.0,0.0
2018-09-21,0.0,1.7,98.3,0.0,0.1,100.0,,,,,,,0.0,0.2,100.0,0.0
2018-09-22,0.0,1.0,73.6,,,,,,,,,,0.0,0.2,100.0,0.0
2018-09-23,0.0,0.3,55.1,,,,,,,0.0,0.2,99.9,0.0,0.2,100.0,0.0
2018-09-24,,,,,,,,,,0.0,1.6,98.7,0.0,0.2,100.0,0.0
2018-09-25,,,,,,,0.0,0.0,99.7,,,,0.0,0.2,100.0,0.0
2018-09-26,0.0,0.6,72.4,0.0,0.1,100.0,,,,,,,0.0,0.2,100.0,0.0
2018-09-27,0.0,0.5,75.0,,,,,,,,,,0.0,0.2,100.0,0.0
2018-09-28,0.0,0.4,68.4,,,,,,,,,,0.0,0.2,100.0,0.0
2018-09-29,,,,0.0,0.1,99.5,,,,,,,0.0,0.3,100.0,0.0
2018-09-30,,,,,,,,,,,,,0.0,0.2,100.0,0.0
2018-10-01,,,,,,,,,,,,,0.0,0.2,100.0,0.0
2018-10-02,0.0,0.3,66.1,,,,,,,,,,0.0,0.2,100.0,0.0
2018-10-03,0.0,0.6,69.3,,,,,,,,,,0.0,0.3,100.0,0.0
2018-10-04,0.0,0.8,64.5,0.0,0.1,100.0,0.0,0.0,73.2,,,,0.0,0.3,100.0,0.0
2018-10-05,0.0,0.5,56.4,,,,,,,,,,0.0,0.3,100.0,0.0
2018-10-06,,,,0.0,0.1,36.3,,,,,,,0.0,0.3,100.0,0.0
2018-10-07,,,,,,,,,,,,,0.0,0.5,100.0,0.0
2018-10-08,0.0,1.0,65.3,,,,,,,,,,0.0,0.6,100.0,0.0
2018-10-09,0.0,1.0,68.8,0.0,0.1,100.0,,,,,,,0.0,0.6,100.0,0.0
2018-10-10,0.0,1.1,63.7,,,,,,,,,,0.0,0.9,100.0,0.0
2018-10-11,,,,,,,,,,,,,0.0,1.5,100.0,0.0
2018-10-12,,,,,,,,,,,,,0.0,2.0,100.0,0.0
2018-10-13,,,,,,,,,,,,,0.0,2.1,100.0,0.0
2018-10-14,0.0,1.3,63.0,0.0,0.1,100.0,,,,,,,0.0,1.9,100.0,0.0
2018-10-15,0.0,1.4,77.6,,,,,,,,,,0.0,2.1,100.0,0.0
2018-10-16,0.0,1.2,72.7,0.0,0.1,100.0,,,,,,,0.0,1.9,100.0,0.0
2018-10-17,0.0,0.9,54.2,,,,,,,,,,0.0,1.6,100.0,0.0
2018-10-18,,,,,,,,,,,,,0.0,1.8,100.0,0.0
2018-10-19,,,,0.0,0.1,100.0,,,,,,,0.0,1.9,100.0,0.0
2018-10-20,0.0,1.4,70.9,,,,0.0,0.0,89.6,,,,0.0,2.1,100.0,0.0
2018-10-21,0.0,1.5,77.5,0.0,0.1,90.0,,,,,,,0.0,2.1,100.0,0.0
2018-10-22,0.0,1.3,71.6,,,,,,,,,,0.0,2.2,100.0,0.0
2018-10-23,,,,,,,,,,,,,0.0,2.6,100.0,0.0
2018-10-24,,,,,,,,,,,,,0.0,3.0,100.0,0.0
2018-10-25,,,,,,,,,,,,,0.0,3.0,100.0,0.0
2018-10-26,0.0,1.2,71.1,0.0,0.1,100.0,,,,,,,0.0,2.9,100.0,0.0
2018-10-27,0.0,1.2,75.2,,,,,,,,,,0.0,3.5,100.0,0.0
2018-10-28,0.0,1.1,71.4,,,,,,,,,,0.0,3.8,100.0,0.0
2018-10-29,0.0,0.9,53.0,,,,,,,,,,0.0,4.0,100.0,0.0
2018-10-30,,,,,,,,,,,,,0.0,4.2,100.0,0.0
2018-10-31,,,,,,,,,,,,,0.0,4.2,100.0,0.0
2018-11-01,0.0,0.9,72.3,,,,,,,,,,0.0,3.5,100.0,0.0
2018-11-02,0.0,1.0,78.8,,,,,,,,,,0.0,3.6,100.0,0.0
2018-11-03,0.0,1.1,75.9,,,,,,,,,,0.0,3.5,100.0,0.0
2018-11-04,,,,,,,,,,,,,0.0,3.4,100.0,0.0
2018-11-05,,,,0.0,0.2,78.4,,,,,,,0.0,2.9,100.0,0.0
2018-11-06,,,,,,,,,,,,,0.0,2.7,100.0,0.0
2018-11-07,0.0,0.5,73.3,,,,,,,,,,0.0,2.7,100.0,0.0
2018-11-08,0.0,0.5,79.1,0.3,0.8,100.0,,,,,,,0.0,2.8,100.0,0.0
2018-11-09,0.0,0.5,75.2,,,,,,,,,,0.0,2.1,100.0,0.0
2018-11-10,0.0,0.2,60.0,0.5,1.1,100.0,,,,,,,0.0,2.1,100.0,0.0
2018-11-11,,,,,,,,,,,,,0.0,2.2,100.0,0.0
2018-11-12,,,,,,,0.0,0.1,92.9,,,,0.0,2.6,100.0,0.0
2018-11-13,0.0,0.5,73.1,,,,,,,,,,0.0,2.3,100.0,0.0
2018-11-14,0.0,0.7,78.4,,,,,,,,,,0.0,2.5,100.0,0.0
2018-11-15,0.0,0.9,76.2,0.0,0.4,100.0,,,,,,,0.0,2.5,100.0,0.0
2018-11-16,,,,,,,,,,,,,0.0,3.9,100.0,0.0
2018-11-17,,,,,,,,,,,,,0.0,3.5,100.0,0.0
2018-11-18,,,,0.0,0.6,100.0,,,,,,,0.0,3.3,100.0,0.0
2018-11-19,0.0,1.2,74.0,,,,,,,,,,0.0,3.4,100.0,0.0
2018-11-20,0.0,1.9,78.6,0.0,1.2,37.4,,,,,,,0.0,3.9,100.0,0.0
2018-11-21,0.0,2.8,76.5,,,,0.0,0.1,99.9,,,,0.0,3.8,100.0,0.0
2018-11-22,0.0,2.6,58.9,,,,,,,,,,0.0,4.0,100.0,0.0
2018-11-23,,,,,,,,,,,,,0.0,4.3,100.0,0.0
2018-11-24,,,,,,,,,,,,,0.0,4.6,100.0,0.0
2018-11-25,0.0,2.6,73.4,0.0,0.6,52.8,,,,,,,0.0,5.2,100.0,0.0
2018-11-26,,,,,,,,,,,,,0.0,5.1,100.0,0.0
2018-11-27,0.0,1.7,76.2,,,,,,,,,,0.0,5.6,100.0,0.0
2018-11-28,,,,0.0,0.9,100.0,0.0,1.7,99.5,,,,0.0,6.0,100.0,0.0
2018-11-29,,,,,,,,,,,,,0.0,6.4,100.0,0.0
2018-11-30,,,,,,,,,,,,,0.0,5.7,100.0,0.0
2018-12-01,0.0,1.1,72.5,,,,,,,,,,0.0,6.0,100.0,0.0
2018-12-02,0.0,1.4,78.2,,,,,,,,,,0.0,7.1,100.0,0.0
2018-12-03,0.1,1.3,75.6,0.0,1.0,96.2,,,,,,,0.0,6.9,100.0,0.0
2018-12-04,0.0,0.6,58.1,,,,,,,,,,0.0,6.2,100.0,0.0
2018-12-05,,,,,,,,,,,,,0.0,6.6,100.0,0.0
2018-12-06,,,,,,,,,,,,,0.0,7.9,100.0,0.0
2018-12-07,2.0,2.4,72.7,,,,,,,,,,0.0,7.7,100.0,0.0
2018-12-08,2.8,4.6,77.6,0.0,1.5,100.0,,,,,,,0.0,6.9,100.0,0.0
2018-12-09,0.8,3.0,75.6,,,,,,,,,,0.0,6.4,100.0,0.0
2018-12-10,,,,,,,,,,,,,0.0,7.0,100.0,0.0
2018-12-11,,,,,,,,,,,,,0.0,5.9,100.0,0.0
2018-12-12,,,,,,,,,,,,,0.0,6.3,100.0,0.0
2018-12-13,0.0,0.6,68.0,0.0,2.5,100.0,,,,,,,0.0,6.4,100.0,0.0
2018-12-14,0.0,0.9,70.3,,,,0.0,1.7,100.0,,,,0.0,8.2,100.0,0.0
2018-12-15,0.0,1.1,68.5,0.0,2.8,100.0,,,,,,,0.0,7.7,100.0,0.0
2018-12-16,0.0,0.9,44.0,,,,,,,,,,0.0,7.3,100.0,0.0
2018-12-17,,,,,,,,,,,,,0.0,6.6,100.0,0.0
2018-12-18,,,,0.0,4.2,100.0,,,,,,,0.0,8.4,100.0,0.0
2018-12-19,0.0,0.8,68.6,,,,,,,,,,0.0,7.8,100.0,0.0
2018-12-20,0.0,1.1,70.2,0.1,7.0,89.8,,,,,,,0.0,8.1,100.0,0.0
2018-12-21,,,,,,,,,,,,,0.0,7.8,100.0,0.0
2018-12-22,,,,,,,,,,,,,0.0,10.5,100.0,0.0
2018-12-23,,,,,,,,,,,,,0.0,10.0,100.0,0.0
2018-12-24,,,,,,,,,,,,,0.0,11.3,100.0,0.0
2018-12-25,0.0,1.2,68.8,0.0,6.1,100.0,,,,,,,0.0,11.9,100.0,0.0
2018-12-26,0.2,2.0,70.5,,,,,,,,,,0.0,13.6,100.0,0.0
2018-12-27,0.1,3.4,66.9,,,,,,,,,,0.0,13.4,100.0,0.0
2018-12-28,0.7,4.4,46.2,,,,,,,,,,0.0,15.6,100.0,0.0
2018-12-29,,,,,,,,,,,,,0.0,14.7,100.0,0.0
2018-12-30,,,,,,,,,,,,,0.0,17.2,100.0,0.0
2018-12-31,0.0,4.9,68.1,,,,,,,,,,0.0,15.2,100.0,0.0
2019-01-01,0.1,4.5,59.7,,,,,,,,,,0.0,13.8,100.0,0.0
2019-01-02,0.1,3.7,57.9,,,,,,,,,,0.0,13.0,100.0,0.0
2019-01-03,,,,,,,,,,,,,0.0,14.7,100.0,0.0
2019-01-04,,,,,,,,,,,,,0.0,13.2,100.0,0.0
2019-01-05,,,,,,,,,,,,,0.0,12.6,100.0,0.0
2019-01-06,0.1,3.1,59.0,,,,,,,,,,0.0,11.1,100.0,0.0
2019-01-07,0.2,2.9,59.9,,,,,,,,,,0.0,12.7,100.0,0.0
2019-01-08,0.4,2.7,58.6,,,,,,,,,,0.0,11.8,100.0,0.0
2019-01-09,0.0,1.3,39.6,,,,,,,,,,0.0,11.9,100.0,0.0
2019-01-10,,,,,,,,,,,,,0.0,10.9,100.0,0.0
2019-01-11,,,,,,,,,,,,,0.0,12.9,100.0,0.0
2019-01-12,0.2,2.2,59.1,,,,,,,,,,0.0,11.5,100.0,0.0
2019-01-13,0.2,2.6,60.1,,,,,,,,,,0.0,10.8,100.0,0.0
2019-01-14,0.1,2.7,58.3,,,,,,,,,,0.0,10.4,100.0,0.0
2019-01-15,,,,,,,10.9,30.8,97.5,,,,0.0,12.8,100.0,0.0
2019-01-16,,,,,,,,,,,,,0.0,16.0,100.0,0.0
2019-01-17,,,,,,,,,,,,,0.0,17.9,100.0,0.0
2019-01-18,0.2,4.7,58.8,,,,,,,,,,0.0,23.2,100.0,0.0
2019-01-19,0.5,6.9,60.2,1.4,13.3,100.0,,,,,,,0.2,26.7,100.0,0.2
2019-01-20,0.2,10.0,58.6,,,,,,,,,,1.5,33.8,100.0,1.5
2019-01-21,8.7,20.9,38.7,,,,,,,,,,8.1,37.9,100.0,8.1
2019-01-22,,,,84.6,79.4,100.0,,,,,,,29.5,49.8,100.0,29.5
2019-01-23,,,,,,,,,,,,,34.6,53.4,100.0,34.6
2019-01-24,12.5,28.5,58.3,,,,,,,,,,71.0,65.1,100.0,71.0
2019-01-25,64.7,47.4,60.4,,,,,,,,,,84.2,71.7,100.0,84.2
2019-01-26,89.1,57.7,58.8,,,,,,,,,,88.1,76.7,100.0,88.1
2019-01-27,,,,,,,,,,,,,89.7,78.1,100.0,89.7
2019-01-28,,,,,,,,,,,,,91.7,82.1,100.0,91.7
2019-01-29,,,,99.9,97.3,96.3,,,,,,,92.9,85.2,100.0,92.9
2019-01-30,99.0,70.8,58.6,,,,,,,,,,93.5,86.0,100.0,93.5
2019-01-31,98.8,70.1,60.2,,,,100.0,99.9,69.8,95.1,72.0,100.0,95.2,89.3,100.0,95.2
2019-02-01,99.7,75.2,58.7,,,,,,,,,,95.5,89.5,100.0,95.5
2019-02-02,,,,,,,,,,,,,96.0,90.8,100.0,96.0
2019-02-03,,,,,,,,,,,,,96.8,91.4,100.0,96.8
2019-02-04,,,,,,,,,,,,,96.6,91.7,100.0,96.6
2019-02-05,99.3,74.1,58.7,,,,,,,,,,97.5,92.3,100.0,97.5
2019-02-06,99.5,75.7,60.3,100.0,98.6,100.0,,,,,,,98.6,94.2,100.0,98.6
2019-02-07,98.8,74.2,59.0,,,,,,,,,,98.8,93.9,100.0,98.8
2019-02-08,,,,100.0,99.2,100.0,,,,,,,99.3,95.1,100.0,99.3
2019-02-09,,,,,,,100.0,99.8,97.6,,,,99.5,94.9,100.0,99.5
2019-02-10,,,,,,,,,,,,,99.4,94.2,100.0,99.4
2019-02-11,98.9,77.1,58.0,,,,,,,93.5,78.5,47.3,99.6,94.7,100.0,99.6
2019-02-12,98.7,79.2,59.9,,,,,,,,,,99.9,95.3,100.0,99.9
2019-02-13,98.8,78.2,57.2,100.0,99.2,100.0,,,,98.0,79.0,100.0,100.0,96.5,100.0,100.0
2019-02-14,99.5,81.0,41.0,,,,,,,,,,100.0,96.1,100.0,100.0
2019-02-15,,,,,,,,,,94.3,79.1,100.0,100.0,96.6,100.0,100.0
2019-02-16,,,,100.0,97.2,100.0,100.0,100.0,94.0,,,,100.0,97.9,100.0,100.0
2019-02-17,98.8,78.3,57.3,,,,,,,97.1,84.0,100.0,100.0,97.8,100.0,100.0
2019-02-18,98.7,80.8,59.7,100.0,97.6,100.0,,,,99.2,90.5,100.0,100.0,98.0,100.0,100.0
2019-02-19,98.3,76.2,58.4,,,,,,,100.0,94.1,100.0,100.0,98.2,100.0,100.0
2019-02-20,,,,,,,,,,100.0,93.1,100.0,100.0,97.7,100.0,100.0
2019-02-21,,,,100.0,98.8,100.0,,,,100.0,91.7,100.0,100.0,98.1,100.0,100.0
2019-02-22,,,,,,,,,,100.0,92.1,100.0,100.0,97.8,100.0,100.0
2019-02-23,98.2,77.5,56.9,100.0,98.8,100.0,,,,,,,100.0,98.4,100.0,100.0
2019-02-24,97.3,77.8,59.6,,,,,,,99.9,90.8,100.0,100.0,98.0,100.0,100.0
2019-02-25,95.9,73.0,59.5,,,,100.0,100.0,93.0,100.0,92.0,100.0,100.0,98.2,100.0,100.0
2019-02-26,89.9,63.5,42.9,100.0,98.2,100.0,,,,100.0,92.5,100.0,100.0,98.2,100.0,100.0
2019-02-27,,,,,,,,,,,,,100.0,98.0,100.0,100.0
2019-02-28,,,,100.0,97.7,100.0,,,,,,,100.0,98.0,100.0,100.0
2019-03-01,86.4,62.6,56.7,,,,,,,100.0,89.6,100.0,100.0,97.3,100.0,100.0
2019-03-02,84.7,61.5,59.5,,,,,,,,,,100.0,97.0,100.0,100.0
2019-03-03,83.9,59.4,59.0,100.0,97.7,60.4,,,,,,,100.0,97.0,100.0,100.0
2019-03-04,,,,,,,100.0,100.0,36.1,,,,100.0,96.6,100.0,100.0
2019-03-05,,,,100.0,99.3,100.0,,,,,,,100.0,95.9,100.0,100.0
2019-03-06,,,,,,,,,,,,,100.0,94.8,100.0,100.0
2019-03-07,72.4,52.2,55.6,,,,,,,,,,99.6,93.5,100.0,99.6
2019-03-08,84.9,59.6,61.0,,,,,,,99.9,84.4,100.0,99.6,93.2,100.0,99.6
2019-03-09,86.0,60.9,60.2,,,,,,,,,,98.7,91.2,100.0,98.7
2019-03-10,79.3,57.7,45.1,,,,,,,,,,98.4,90.2,100.0,98.4
2019-03-11,,,,,,,,,,,,,96.7,87.4,100.0,96.7
2019-03-12,,,,,,,,,,,,,97.4,87.7,100.0,97.4
2019-03-13,80.6,60.6,57.4,,,,,,,,,,95.3,83.4,100.0,95.3
2019-03-14,80.9,61.1,58.8,,,,,,,,,,96.8,85.4,100.0,96.8
2019-03-15,79.5,59.6,58.7,,,,,,,,,,95.3,83.3,100.0,95.3
2019-03-16,,,,,,,,,,,,,97.5,86.4,100.0,97.5
2019-03-17,,,,,,,,,,,,,97.0,85.6,100.0,97.0
2019-03-18,,,,,,,,,,,,,98.6,87.8,100.0,98.6
2019-03-19,83.1,64.1,62.9,,,,,,,,,,98.6,88.3,100.0,98.6
2019-03-20,90.2,69.7,62.2,100.0,99.0,100.0,100.0,99.9,94.2,,,,99.9,93.4,100.0,99.9
2019-03-21,88.5,69.8,61.3,,,,,,,,,,99.6,90.9,100.0,99.6
2019-03-22,86.6,64.7,49.1,,,,,,,,,,100.0,92.6,100.0,100.0
2019-03-23,,,,100.0,98.3,100.0,,,,,,,100.0,92.5,100.0,100.0
2019-03-24,,,,,,,,,,,,,100.0,91.3,100.0,100.0
2019-03-25,85.0,66.0,58.3,,,,,,,,,,99.9,89.9,100.0,99.9
2019-03-26,82.3,65.5,61.9,,,,,,,,,,99.9,91.3,100.0,99.9
2019-03-27,82.1,61.6,56.2,,,,,,,,,,99.9,91.1,100.0,99.9
2019-03-28,,,,,,,,,,,,,99.9,91.0,100.0,99.9
2019-03-29,,,,,,,100.0,99.6,81.1,,,,99.9,91.4,100.0,99.9
2019-03-30,,,,100.0,97.7,100.0,,,,,,,99.5,91.3,100.0,99.5
2019-03-31,85.6,63.7,58.2,,,,,,,,,,99.5,90.7,100.0,99.5
2019-04-01,80.3,56.7,59.0,,,,,,,,,,99.2,88.8,100.0,99.2
2019-04-02,83.8,55.3,55.1,,,,,,,,,,98.8,87.7,100.0,98.8
2019-04-03,50.8,42.3,41.2,,,,,,,,,,97.5,85.0,100.0,97.5
2019-04-04,,,,,,,,,,,,,95.2,81.3,100.0,95.2
2019-04-05,,,,,,,,,,,,,91.1,79.7,100.0,91.1
2019-04-06,61.7,50.4,56.4,,,,,,,,,,79.7,74.0,100.0,79.7
2019-04-07,56.1,47.7,57.9,100.0,96.9,100.0,,,,,,,76.4,73.0,100.0,76.4
2019-04-08,63.7,47.6,66.6,,,,,,,,,,54.4,62.7,100.0,54.4
2019-04-09,,,,,,,,,,,,,53.3,61.1,100.0,53.3
2019-04-10,,,,,,,,,,,,,38.6,54.4,100.0,38.6
2019-04-11,,,,,,,,,,,,,38.0,52.8,100.0,38.0
2019-04-12,70.7,52.4,59.3,,,,,,,,,,31.0,47.3,100.0,31.0
2019-04-13,69.0,52.1,64.4,,,,,,,,,,37.2,49.3,100.0,37.2
2019-04-14,67.8,50.5,62.3,,,,,,,,,,22.5,40.8,100.0,22.5
2019-04-15,51.5,43.1,53.1,,,,,,,,,,24.8,42.1,100.0,24.8
2019-04-16,,,,,,,,,,,,,16.2,36.4,100.0,16.2
2019-04-17,,,,100.0,95.0,100.0,,,,,,,18.9,39.4,100.0,18.9
2019-04-18,,,,,,,,,,,,,10.1,31.1,100.0,10.1
2019-04-19,47.6,43.5,64.9,94.1,86.8,100.0,,,,,,,8.3,30.6,100.0,8.3
2019-04-20,8.8,24.9,64.3,,,,,,,,,,3.7,23.8,100.0,3.7
2019-04-21,,,,,,,,,,,,,3.2,22.0,100.0,3.2
2019-04-22,,,,63.7,65.6,100.0,,,,,,,1.6,18.7,100.0,1.6
2019-04-23,,,,,,,,,,,,,0.5,15.4,100.0,0.5
2019-04-24,17.4,30.2,66.5,,,,,,,,,,0.1,11.9,100.0,0.1
2019-04-25,12.0,24.3,66.6,,,,,,,,,,0.1,10.4,100.0,0.1
2019-04-26,5.8,16.7,61.5,,,,,,,,,,0.1,7.9,100.0,0.1
2019-04-27,0.4,11.7,49.8,1.2,19.6,100.0,,,,,,,0.0,7.3,100.0,0.0
2019-04-28,,,,,,,,,,,,,0.0,5.9,100.0,0.0
2019-04-29,,,,,,,,,,,,,0.0,6.0,100.0,0.0
2019-04-30,14.0,19.0,64.4,,,,,,,,,,0.0,5.2,100.0,0.0
2019-05-01,13.8,20.7,69.4,,,,,,,,,,0.0,5.2,100.0,0.0
2019-05-02,7.0,14.9,63.5,0.3,14.0,100.0,,,,,,,0.0,4.8,100.0,0.0
2019-05-03,,,,,,,,,,,,,0.0,4.5,100.0,0.0
2019-05-04,,,,,,,,,,,,,0.0,3.9,100.0,0.0
2019-05-05,,,,,,,,,,,,,0.0,4.0,100.0,0.0
2019-05-06,15.0,21.0,64.5,,,,,,,,,,0.0,3.7,100.0,0.0
2019-05-07,14.6,22.2,66.5,1.1,17.1,100.0,,,,,,,0.0,4.1,100.0,0.0
2019-05-08,9.6,19.5,64.1,,,,,,,,,,0.0,3.6,100.0,0.0
2019-05-09,0.6,14.8,53.5,0.8,11.4,41.9,,,,,,,0.0,3.9,100.0,0.0
2019-05-10,,,,,,,,,,,,,0.0,3.0,100.0,0.0
2019-05-11,,,,,,,,,,,,,0.0,2.9,100.0,0.0
2019-05-12,15.6,23.8,65.5,,,,,,,,,,0.0,2.6,100.0,0.0
2019-05-13,14.4,20.5,70.5,,,,,,,,,,0.0,2.7,100.0,0.0
2019-05-14,6.5,13.1,66.3,,,,,,,,,,0.0,2.6,100.0,0.0
2019-05-15,,,,,,,,,,,,,0.0,2.6,100.0,0.0
2019-05-16,,,,,,,45.9,45.0,94.1,,,,0.0,2.6,100.0,0.0
2019-05-17,,,,,,,,,,,,,0.0,2.6,100.0,0.0
2019-05-18,15.0,17.3,66.5,,,,,,,,,,0.0,2.0,100.0,0.0
2019-05-19,9.5,14.5,68.8,,,,,,,,,,0.0,1.7,100.0,0.0
2019-05-20,1.2,7.6,64.5,,,,,,,,,,0.0,1.3,100.0,0.0
2019-05-21,0.0,5.0,52.2,,,,,,,,,,0.0,1.2,100.0,0.0
2019-05-22,,,,,,,,,,,,,0.0,1.1,100.0,0.0
2019-05-23,,,,,,,,,,,,,0.0,1.0,100.0,0.0
2019-05-24,8.7,9.1,62.6,0.0,1.2,100.0,0.0,0.0,31.9,,,,0.0,1.0,100.0,0.0
2019-05-25,6.8,8.1,68.7,,,,,,,,,,0.0,1.0,100.0,0.0
2019-05-26,0.0,3.6,65.1,,,,,,,,,,0.0,1.1,100.0,0.0
2019-05-27,,,,,,,,,,,,,0.0,1.1,100.0,0.0
2019-05-28,,,,,,,,,,,,,0.0,1.3,100.0,0.0
2019-05-29,,,,,,,,,,,,,0.0,1.5,100.0,0.0
2019-05-30,1.5,4.4,63.7,,,,,,,,,,0.0,1.8,100.0,0.0
2019-05-31,0.2,3.9,68.4,,,,,,,,,,0.0,2.1,100.0,0.0
2019-06-01,0.0,2.9,64.3,0.0,0.8,58.9,,,,,,,0.0,2.5,100.0,0.0
2019-06-02,0.0,3.2,48.6,,,,,,,,,,0.0,2.6,100.0,0.0
2019-06-03,,,,0.0,0.5,97.7,,,,10.2,26.9,54.1,0.0,2.9,100.0,0.0
2019-06-04,,,,,,,,,,3.4,16.6,93.9,0.0,2.7,100.0,0.0
2019-06-05,0.0,1.8,61.1,,,,,,,0.0,5.3,74.3,0.0,2.7,100.0,0.0
2019-06-06,0.0,1.5,66.9,,,,,,,,,,0.0,2.6,100.0,0.0
2019-06-07,0.0,1.1,64.8,,,,,,,0.0,2.7,60.2,0.0,2.6,100.0,0.0
2019-06-08,,,,,,,,,,,,,0.0,2.6,100.0,0.0
2019-06-09,,,,,,,,,,,,,0.0,2.8,100.0,0.0
2019-06-10,,,,,,,,,,,,,0.0,2.3,100.0,0.0
2019-06-11,0.0,0.8,64.4,0.0,0.4,36.0,,,,,,,0.0,2.1,100.0,0.0
2019-06-12,0.0,0.9,69.0,,,,,,,,,,0.0,2.1,100.0,0.0
2019-06-13,0.0,0.9,64.9,0.0,0.2,100.0,,,,0.0,1.0,100.0,0.0,1.9,100.0,0.0
2019-06-14,0.0,0.7,47.2,,,,,,,,,,0.0,2.0,100.0,0.0
2019-06-15,,,,,,,,,,,,,0.0,1.9,100.0,0.0
2019-06-16,,,,,,,,,,,,,0.0,1.9,100.0,0.0
2019-06-17,0.0,0.6,65.8,,,,,,,,,,0.0,2.1,100.0,0.0
2019-06-18,0.0,0.7,69.9,0.0,0.2,100.0,,,,,,,0.0,2.0,100.0,0.0
2019-06-19,0.0,0.6,65.4,,,,,,,0.0,0.2,49.5,0.0,1.8,100.0,0.0
2019-06-20,,,,,,,,,,,,,0.0,1.7,100.0,0.0
2019-06-21,,,,,,,,,,,,,0.0,1.8,100.0,0.0
2019-06-22,,,,,,,,,,,,,0.0,1.7,100.0,0.0
2019-06-23,0.0,0.6,66.0,,,,,,,0.0,0.2,50.4,0.0,1.4,100.0,0.0
2019-06-24,0.0,0.7,69.9,,,,,,,0.0,0.1,100.0,0.0,1.4,100.0,0.0
2019-06-25,,,,,,,,,,,,,0.0,1.9,100.0,0.0
2019-06-26,0.0,1.0,55.5,0.0,0.2,100.0,,,,,,,0.0,1.8,100.0,0.0
2019-06-27,,,,,,,,,,0.0,0.0,100.0,0.0,1.4,100.0,0.0
2019-06-28,,,,0.0,0.2,99.2,,,,0.0,0.0,99.5,0.0,1.3,100.0,0.0
2019-06-29,0.0,1.2,80.1,,,,,,,,,,0.0,1.4,100.0,0.0
2019-06-30,0.0,1.1,79.8,,,,,,,0.0,0.0,100.0,0.0,1.3,100.0,0.0
2019-07-01,0.0,0.7,70.1,0.0,0.2,100.0,,,,0.0,0.0,100.0,0.0,1.1,100.0,0.0
2019-07-02,,,,,,,,,,,,,0.0,1.1,100.0,0.0
2019-07-03,,,,,,,,,,,,,0.0,1.3,100.0,0.0
2019-07-04,,,,,,,,,,,,,0.0,1.4,100.0,0.0
2019-07-05,0.0,0.8,76.9,,,,,,,,,,0.0,1.4,100.0,0.0
2019-07-06,0.0,0.7,75.2,0.0,0.2,98.8,,,,0.0,0.0,100.0,0.0,1.2,100.0,0.0
2019-07-07,0.0,0.7,76.4,,,,,,,,,,0.0,1.4,100.0,0.0
2019-07-08,0.0,0.2,44.1,,,,,,,,,,0.0,1.5,100.0,0.0
2019-07-09,,,,,,,,,,,,,0.0,1.7,100.0,0.0
2019-07-10,,,,,,,,,,0.0,0.0,60.4,0.0,1.5,100.0,0.0
2019-07-11,0.0,0.8,83.6,,,,,,,,,,0.0,1.6,100.0,0.0
2019-07-12,0.0,0.8,82.2,,,,,,,,,,0.0,1.6,100.0,0.0
2019-07-13,0.0,0.6,77.6,,,,,,,,,,0.0,1.9,100.0,0.0
2019-07-14,,,,,,,,,,,,,0.0,2.3,100.0,0.0
2019-07-15,,,,,,,,,,,,,0.0,2.1,100.0,0.0
2019-07-16,,,,0.0,0.1,69.2,,,,,,,0.0,2.1,100.0,0.0
2019-07-17,0.0,0.9,81.7,,,,,,,,,,0.0,2.3,100.0,0.0
2019-07-18,0.0,1.2,84.9,,,,,,,,,,0.0,2.4,100.0,0.0
2019-07-19,0.0,1.0,78.7,,,,,,,,,,0.0,1.8,100.0,0.0
2019-07-20,0.0,0.5,53.5,,,,,,,,,,0.0,1.4,100.0,0.0
2019-07-21,,,,,,,,,,,,,0.0,0.9,100.0,0.0
2019-07-22,,,,,,,,,,,,,0.0,1.0,100.0,0.0
2019-07-23,0.0,1.3,84.3,0.0,0.1,100.0,,,,0.0,0.0,100.0,0.0,0.6,100.0,0.0
2019-07-24,0.0,1.3,87.3,,,,,,,,,,0.0,0.6,100.0,0.0
2019-07-25,0.0,1.1,80.2,,,,,,,,,,0.0,0.4,100.0,0.0
2019-07-26,,,,,,,,,,,,,0.0,0.5,100.0,0.0
2019-07-27,,,,,,,,,,,,,0.0,0.3,100.0,0.0
2019-07-28,,,,,,,,,,,,,0.0,0.2,100.0,0.0
2019-07-29,0.0,0.9,83.3,,,,,,,0.0,0.0,100.0,0.0,0.1,100.0,0.0
2019-07-30,0.0,1.1,88.9,,,,,,,,,,0.0,0.2,100.0,0.0
2019-07-31,0.0,0.9,81.1,,,,,,,,,,0.0,0.1,100.0,0.0
2019-08-01,0.0,0.8,60.3,,,,,,,,,,0.0,0.1,100.0,0.0
2019-08-02,,,,0.0,0.2,61.5,,,,,,,0.0,0.1,100.0,0.0
2019-08-03,,,,,,,,,,,,,0.0,0.1,100.0,0.0
2019-08-04,0.0,1.0,83.7,,,,0.0,0.0,97.6,0.0,0.0,99.1,0.0,0.1,100.0,0.0
2019-08-05,0.0,1.4,89.2,0.0,0.1,100.0,,,,,,,0.0,0.1,100.0,0.0
2019-08-06,0.0,0.7,80.0,,,,,,,,,,0.0,0.1,100.0,0.0
2019-08-07,,,,,,,,,,,,,0.0,0.1,100.0,0.0
2019-08-08,,,,,,,,,,,,,0.0,0.1,100.0,0.0
2019-08-09,,,,,,,,,,0.0,0.0,55.5,0.0,0.1,100.0,0.0
2019-08-10,0.0,1.2,84.4,,,,,,,,,,0.0,0.1,100.0,0.0
2019-08-11,0.2,1.6,88.6,,,,,,,0.0,0.0,60.4,0.0,0.1,100.0,0.0
2019-08-12,0.1,0.9,80.6,,,,,,,,,,0.0,0.1,100.0,0.0
2019-08-13,0.0,0.6,58.8,,,,,,,,,,0.0,0.1,100.0,0.0
2019-08-14,,,,,,,,,,,,,0.0,0.1,100.0,0.0
2019-08-15,,,,,,,,,,,,,0.0,0.1,100.0,0.0
2019-08-16,0.0,0.7,63.3,,,,,,,,,,0.0,0.1,100.0,0.0
2019-08-17,0.0,0.8,64.6,,,,,,,,,,0.0,0.1,100.0,0.0
2019-08-18,0.0,0.8,61.9,,,,,,,0.0,0.0,100.0,0.0,0.1,100.0,0.0
2019-08-19,,,,,,,,,,,,,0.0,0.1,100.0,0.0
2019-08-20,,,,,,,,,,,,,0.0,0.1,100.0,0.0
2019-08-21,,,,,,,,,,,,,0.0,0.1,100.0,0.0
2019-08-22,0.0,1.0,62.5,,,,,,,,,,0.0,0.1,100.0,0.0
2019-08-23,0.0,1.1,64.6,,,,,,,,,,0.0,0.1,100.0,0.0
2019-08-24,0.0,1.0,61.5,,,,,,,,,,0.0,0.1,100.0,0.0
2019-08-25,0.0,1.0,44.0,,,,,,,0.0,0.0,100.0,0.0,0.1,100.0,0.0
2019-08-26,,,,,,,,,,0.0,0.0,72.4,0.0,0.1,100.0,0.0
2019-08-27,,,,0.0,0.1,100.0,0.0,0.0,84.7,0.0,0.0,100.0,0.0,0.1,100.0,0.0
2019-08-28,0.0,1.2,61.8,,,,,,,,,,0.0,0.1,100.0,0.0
2019-08-29,0.0,1.2,65.0,,,,,,,,,,0.0,0.1,100.0,0.0
2019-08-30,0.0,0.9,61.5,,,,,,,,,,0.0,0.1,100.0,0.0
2019-08-31,,,,,,,,,,0.0,0.0,100.0,0.0,0.1,100.0,0.0
2019-09-01,,,,,,,,,,,,,0.0,0.2,100.0,0.0
2019-09-02,,,,,,,,,,,,,0.0,0.2,100.0,0.0
2019-09-03,0.0,0.9,61.9,,,,,,,0.0,0.0,100.0,0.0,0.2,100.0,0.0
2019-09-04,0.0,1.2,62.2,0.0,0.1,100.0,,,,0.0,0.0,100.0,0.0,0.3,100.0,0.0
2019-09-05,0.0,1.0,60.5,,,,,,,,,,0.0,0.3,100.0,0.0
2019-09-06,0.0,1.1,42.0,,,,,,,,,,0.0,0.3,100.0,0.0
2019-09-07,,,,,,,,,,,,,0.0,0.3,100.0,0.0
2019-09-08,,,,,,,,,,,,,0.0,0.4,100.0,0.0
2019-09-09,0.0,1.4,62.5,,,,,,,,,,0.0,0.5,100.0,0.0
2019-09-10,0.0,1.5,64.4,,,,,,,,,,0.0,0.5,100.0,0.0
2019-09-11,0.0,1.3,61.5,,,,,,,,,,0.0,0.5,100.0,0.0
2019-09-12,,,,,,,,,,,,,0.0,0.6,100.0,0.0
2019-09-13,,,,,,,,,,,,,0.0,0.6,100.0,0.0
2019-09-14,,,,0.0,0.1,100.0,,,,,,,0.0,0.5,100.0,0.0
2019-09-15,0.0,1.0,63.1,,,,,,,,,,0.0,0.3,100.0,0.0
2019-09-16,0.0,1.0,64.9,0.0,0.1,100.0,,,,,,,0.0,0.3,100.0,0.0
2019-09-17,0.0,0.8,61.7,,,,,,,,,,0.0,0.3,100.0,0.0
2019-09-18,0.0,0.7,44.5,,,,,,,0.0,0.0,100.0,0.0,0.1,100.0,0.0
2019-09-19,,,,0.0,0.2,55.7,,,,,,,0.0,0.2,100.0,0.0
2019-09-20,,,,,,,,,,,,,0.0,0.2,100.0,0.0
2019-09-21,0.0,0.5,62.6,0.0,0.1,100.0,0.0,0.0,99.7,,,,0.0,0.2,100.0,0.0
2019-09-22,0.0,0.5,64.8,,,,,,,,,,0.0,0.2,100.0,0.0
2019-09-23,,,,,,,,,,,,,0.0,0.2,100.0,0.0
2019-09-24,,,,,,,,,,,,,0.0,0.2,100.0,0.0
2019-09-25,,,,,,,,,,,,,0.0,0.2,100.0,0.0
2019-09-26,,,,,,,,,,,,,0.0,0.2,100.0,0.0
2019-09-27,0.0,0.4,63.0,,,,,,,,,,0.0,0.3,100.0,0.0
2019-09-28,0.0,0.5,64.5,,,,,,,,,,0.0,0.3,100.0,0.0
2019-09-29,0.0,0.3,61.7,0.0,0.1,100.0,,,,,,,0.0,0.4,100.0,0.0
2019-09-30,0.0,0.4,44.7,,,,,,,,,,0.0,0.4,100.0,0.0
2019-10-01,,,,0.0,0.2,100.0,,,,0.0,0.1,51.3,0.0,0.3,100.0,0.0
2019-10-02,,,,,,,,,,,,,0.0,0.5,100.0,0.0
2019-10-03,0.0,0.5,63.7,,,,,,,,,,0.0,0.4,100.0,0.0
2019-10-04,0.0,0.6,65.0,,,,,,,,,,0.0,0.5,100.0,0.0
2019-10-05,0.0,0.4,61.9,,,,,,,,,,0.0,0.4,100.0,0.0
2019-10-06,,,,,,,,,,,,,0.0,0.5,100.0,0.0
2019-10-07,,,,,,,,,,,,,0.0,0.4,100.0,0.0
2019-10-08,,,,,,,,,,,,,0.0,0.4,100.0,0.0
2019-10-09,0.0,0.8,84.0,,,,,,,,,,0.0,0.3,100.0,0.0
2019-10-10,0.0,0.9,89.3,,,,,,,,,,0.0,0.5,100.0,0.0
2019-10-11,0.0,0.8,84.4,0.0,0.2,81.7,,,,,,,0.0,0.3,100.0,0.0
2019-10-12,0.0,0.7,63.6,,,,,,,,,,0.0,0.3,100.0,0.0
2019-10-13,,,,,,,,,,,,,0.0,0.2,100.0,0.0
2019-10-14,,,,0.0,0.2,100.0,0.0,0.0,99.9,,,,0.0,0.3,100.0,0.0
2019-10-15,0.0,0.6,84.4,,,,,,,,,,0.0,0.2,100.0,0.0
2019-10-16,0.0,0.6,88.6,0.0,0.2,100.0,,,,0.0,0.0,100.0,0.0,0.2,100.0,0.0
2019-10-17,0.0,0.5,84.2,,,,,,,0.0,0.0,100.0,0.0,0.2,100.0,0.0
2019-10-18,,,,,,,,,,,,,0.0,0.3,100.0,0.0
2019-10-19,,,,,,,,,,,,,0.0,0.3,100.0,0.0
2019-10-20,,,,,,,,,,,,,0.0,0.3,100.0,0.0
2019-10-21,0.0,0.5,83.9,,,,,,,,,,0.0,0.3,100.0,0.0
2019-10-22,0.0,0.8,90.2,,,,,,,,,,0.0,0.5,100.0,0.0
2019-10-23,0.0,0.7,73.2,,,,0.0,0.0,80.2,0.0,0.0,100.0,0.0,0.5,100.0,0.0
2019-10-24,0.0,0.5,60.2,,,,,,,,,,0.0,0.5,100.0,0.0
2019-10-25,,,,,,,,,,,,,0.0,0.7,100.0,0.0
2019-10-26,,,,0.0,0.2,100.0,,,,0.0,0.0,100.0,0.0,0.5,100.0,0.0
2019-10-27,0.0,0.9,82.9,,,,,,,,,,0.0,0.9,100.0,0.0
2019-10-28,0.0,1.2,86.9,,,,,,,,,,0.0,0.7,100.0,0.0
2019-10-29,0.0,1.1,81.1,,,,,,,,,,0.0,1.0,100.0,0.0
2019-10-30,,,,,,,,,,,,,0.0,1.1,100.0,0.0
2019-10-31,,,,,,,,,,,,,0.0,2.0,100.0,0.0
2019-11-01,,,,,,,,,,0.0,0.1,100.0,0.0,1.4,100.0,0.0
2019-11-02,0.0,1.3,81.4,,,,,,,,,,0.0,2.0,100.0,0.0
2019-11-03,0.0,1.4,91.3,,,,,,,0.0,0.4,100.0,0.0,1.5,100.0,0.0
2019-11-04,0.0,1.2,85.4,,,,,,,,,,0.0,2.3,100.0,0.0
2019-11-05,0.0,0.9,61.5,,,,,,,,,,0.0,1.8,100.0,0.0
2019-11-06,,,,,,,,,,,,,0.0,2.7,100.0,0.0
2019-11-07,,,,,,,,,,,,,0.0,3.0,100.0,0.0
2019-11-08,0.0,1.2,82.0,,,,,,,,,,0.0,4.5,100.0,0.0
2019-11-09,0.0,1.5,91.9,,,,,,,,,,0.0,4.6,100.0,0.0
2019-11-10,0.0,1.3,84.5,0.2,2.7,100.0,,,,,,,0.0,5.6,100.0,0.0
2019-11-11,,,,,,,,,,,,,0.0,4.9,100.0,0.0
2019-11-12,,,,,,,,,,,,,0.0,4.6,100.0,0.0
2019-11-13,,,,,,,,,,,,,0.0,4.8,100.0,0.0
2019-11-14,0.0,1.1,83.0,,,,,,,,,,0.0,5.9,100.0,0.0
2019-11-15,0.0,1.3,92.2,,,,,,,,,,0.0,5.7,100.0,0.0
2019-11-16,0.0,1.2,85.1,,,,,,,,,,0.0,5.4,100.0,0.0
2019-11-17,0.0,0.9,60.9,,,,,,,,,,0.0,5.2,100.0,0.0
2019-11-18,,,,1.7,7.9,100.0,,,,,,,0.0,6.4,100.0,0.0
2019-11-19,,,,,,,,,,,,,0.0,6.1,100.0,0.0
2019-11-20,0.0,1.1,84.6,,,,,,,0.0,2.1,100.0,0.0,5.4,100.0,0.0
2019-11-21,0.0,1.4,91.3,,,,,,,,,,0.0,5.9,100.0,0.0
2019-11-22,0.0,1.1,84.0,,,,,,,,,,0.0,6.5,100.0,0.0
2019-11-23,,,,,,,,,,,,,0.0,5.5,100.0,0.0
2019-11-24,,,,,,,,,,,,,0.0,6.2,100.0,0.0
2019-11-25,,,,,,,,,,,,,0.0,5.9,100.0,0.0
2019-11-26,0.0,1.3,84.6,,,,,,,,,,0.0,7.2,100.0,0.0
2019-11-27,0.0,1.5,88.1,,,,,,,,,,0.0,6.2,100.0,0.0
2019-11-28,0.0,1.6,80.1,0.3,5.6,100.0,,,,,,,0.0,7.1,100.0,0.0
2019-11-29,0.0,1.3,54.4,,,,,,,,,,0.0,6.4,100.0,0.0
2019-11-30,,,,0.2,5.5,42.4,,,,,,,0.0,6.8,100.0,0.0
2019-12-01,,,,,,,,,,,,,0.0,5.3,100.0,0.0
2019-12-02,0.0,2.0,79.8,,,,,,,,,,0.0,5.9,100.0,0.0
2019-12-03,0.0,2.7,82.2,0.0,4.2,100.0,,,,,,,0.0,5.8,100.0,0.0
2019-12-04,0.0,2.8,76.2,,,,,,,0.0,6.6,100.0,0.0,5.0,100.0,0.0
2019-12-05,,,,0.0,3.7,100.0,,,,,,,0.0,5.5,100.0,0.0
2019-12-06,,,,,,,,,,,,,0.0,5.2,100.0,0.0
2019-12-07,,,,,,,,,,,,,0.0,5.1,100.0,0.0
2019-12-08,0.0,3.3,80.2,0.0,2.2,100.0,,,,4.6,21.0,100.0,0.0,4.4,100.0,0.0
2019-12-09,0.0,3.7,87.9,,,,,,,11.1,28.5,100.0,0.0,4.3,100.0,0.0
2019-12-10,0.1,2.3,83.9,,,,,,,,,,0.0,4.1,100.0,0.0
2019-12-11,0.0,2.1,51.2,,,,,,,34.0,40.1,100.0,0.0,3.9,100.0,0.0
2019-12-12,,,,,,,,,,11.9,26.4,100.0,0.0,3.0,100.0,0.0
2019-12-13,,,,,,,,,,,,,0.0,3.1,100.0,0.0
2019-12-14,0.0,2.0,78.7,,,,,,,,,,0.0,2.5,100.0,0.0
2019-12-15,0.0,2.5,86.5,0.0,2.2,94.9,,,,,,,0.0,2.5,100.0,0.0
2019-12-16,0.0,1.6,82.7,,,,,,,11.2,24.6,100.0,0.0,2.1,100.0,0.0
2019-12-17,,,,,,,,,,1.6,12.3,100.0,0.0,2.2,100.0,0.0
2019-12-18,,,,0.7,5.3,97.0,,,,,,,0.0,1.9,100.0,0.0
2019-12-19,,,,,,,,,,,,,0.0,2.0,100.0,0.0
2019-12-20,0.0,1.9,81.0,,,,,,,,,,0.0,1.7,100.0,0.0
2019-12-21,0.0,2.4,86.5,,,,,,,,,,0.0,1.9,100.0,0.0
2019-12-22,0.0,1.9,81.8,,,,,,,,,,0.0,1.6,100.0,0.0
2019-12-23,0.0,1.4,58.0,,,,,,,,,,0.0,1.7,100.0,0.0
2019-12-24,,,,,,,,,,,,,0.0,2.0,100.0,0.0
2019-12-25,,,,,,,,,,0.0,3.7,100.0,0.0,2.1,100.0,0.0
2019-12-26,0.2,3.2,85.1,,,,0.0,1.1,99.2,0.0,3.0,100.0,0.0,2.3,100.0,0.0
2019-12-27,0.4,3.9,87.4,,,,,,,,,,0.0,2.8,100.0,0.0
2019-12-28,0.3,2.8,81.1,3.4,9.1,46.9,,,,,,,0.0,5.1,100.0,0.0
2019-12-29,,,,,,,,,,0.0,3.3,100.0,0.0,5.3,100.0,0.0
2019-12-30,,,,4.5,11.7,100.0,,,,,,,0.0,7.7,100.0,0.0
2019-12-31,,,,,,,,,,,,,0.0,8.4,100.0,0.0
2020-01-01,0.0,1.8,97.4,,,,,,,,,,0.0,4.9,100.0,0.0
2020-01-02,0.0,1.7,98.7,0.1,5.5,100.0,0.0,2.0,100.0,,,,0.0,7.2,100.0,0.0
2020-01-03,0.0,1.9,93.4,,,,,,,,,,0.0,6.6,100.0,0.0
2020-01-04,0.0,0.6,61.3,,,,,,,,,,0.0,5.9,100.0,0.0
2020-01-05,,,,,,,,,,,,,0.0,4.1,100.0,0.0
2020-01-06,,,,,,,,,,,,,0.0,5.8,100.0,0.0
2020-01-07,0.1,2.6,96.3,,,,,,,,,,0.0,5.8,100.0,0.0
2020-01-08,0.0,2.7,98.9,,,,,,,0.0,1.3,100.0,0.0,5.1,100.0,0.0
2020-01-09,0.0,2.5,95.9,0.0,3.2,100.0,,,,,,,0.0,5.2,100.0,0.0
2020-01-10,,,,,,,,,,,,,0.0,7.2,100.0,0.0
2020-01-11,,,,,,,0.0,2.6,33.4,,,,0.0,7.8,100.0,0.0
2020-01-12,,,,0.0,1.7,100.0,,,,,,,0.0,9.2,100.0,0.0
2020-01-13,0.1,2.0,95.9,,,,,,,,,,0.0,7.5,100.0,0.0
2020-01-14,0.0,1.9,98.7,0.1,2.2,100.0,,,,,,,0.0,8.7,100.0,0.0
2020-01-15,0.0,1.6,93.6,,,,,,,,,,0.0,8.9,100.0,0.0
2020-01-16,0.0,0.7,62.3,,,,,,,0.0,1.7,100.0,0.0,8.3,100.0,0.0
2020-01-17,,,,0.1,2.1,100.0,,,,,,,0.0,10.0,100.0,0.0
2020-01-18,,,,,,,,,,,,,0.0,11.1,100.0,0.0
2020-01-19,0.0,1.6,96.9,,,,,,,,,,0.0,12.2,100.0,0.0
2020-01-20,0.0,1.1,98.9,,,,,,,,,,0.0,12.4,100.0,0.0
2020-01-21,0.0,0.9,95.6,,,,,,,,,,0.0,13.5,100.0,0.0
2020-01-22,,,,0.0,2.7,100.0,,,,,,,0.0,13.7,100.0,0.0
2020-01-23,,,,,,,,,,,,,0.0,12.3,100.0,0.0
2020-01-24,,,,0.0,3.0,100.0,,,,,,,0.0,9.0,100.0,0.0
2020-01-25,0.0,0.9,96.6,,,,,,,,,,0.0,9.7,100.0,0.0
2020-01-26,0.0,0.8,98.5,,,,,,,,,,0.0,9.4,100.0,0.0
2020-01-27,0.0,0.7,95.5,0.0,2.7,100.0,0.0,5.5,91.2,,,,0.0,7.9,100.0,0.0
2020-01-28,0.0,0.2,60.3,,,,,,,,,,0.0,6.2,100.0,0.0
2020-01-29,,,,,,,,,,,,,0.0,6.0,100.0,0.0
2020-01-30,,,,,,,,,,,,,0.0,6.2,100.0,0.0
2020-01-31,0.0,1.0,96.7,,,,,,,4.4,14.3,100.0,0.0,5.1,100.0,0.0
2020-02-01,0.0,1.0,98.5,0.0,2.8,100.0,,,,,,,0.0,5.9,100.0,0.0
2020-02-02,,,,,,,,,,,,,0.0,5.3,100.0,0.0
2020-02-03,0.0,0.3,79.7,,,,,,,,,,0.0,5.9,100.0,0.0
2020-02-04,,,,,,,,,,,,,0.0,5.6,100.0,0.0
2020-02-05,,,,,,,,,,,,,0.0,7.2,100.0,0.0
2020-02-06,0.0,1.5,97.0,0.1,2.7,100.0,,,,,,,0.0,7.2,100.0,0.0
2020-02-07,0.1,1.3,98.7,,,,,,,12.1,24.0,100.0,0.0,8.1,100.0,0.0
2020-02-08,0.0,1.8,95.5,0.1,5.4,100.0,,,,27.0,36.7,100.0,0.0,8.3,100.0,0.0
2020-02-09,,,,,,,,,,,,,0.0,10.4,100.0,0.0
2020-02-10,,,,,,,,,,,,,0.0,10.2,100.0,0.0
2020-02-11,,,,,,,,,,,,,0.0,11.4,100.0,0.0
2020-02-12,0.1,2.3,96.5,,,,,,,,,,0.0,11.9,100.0,0.0
2020-02-13,0.0,3.1,98.4,0.0,7.5,100.0,,,,61.8,54.5,100.0,0.0,13.2,100.0,0.0
2020-02-14,0.0,3.8,95.2,,,,,,,89.2,67.7,92.9,0.0,11.5,100.0,0.0
2020-02-15,0.0,1.6,62.6,,,,,,,98.4,79.8,100.0,0.0,12.7,100.0,0.0
2020-02-16,,,,0.1,11.8,49.4,,,,,,,0.0,13.3,100.0,0.0
2020-02-17,,,,,,,,,,,,,0.0,13.8,100.0,0.0
2020-02-18,0.9,6.5,96.7,0.1,6.7,100.0,,,,,,,0.0,13.3,100.0,0.0
2020-02-19,0.7,5.7,98.5,,,,,,,100.0,91.3,100.0,0.0,12.3,100.0,0.0
2020-02-20,0.0,5.5,94.5,,,,,,,100.0,89.3,100.0,0.0,13.8,100.0,0.0
2020-02-21,,,,,,,,,,98.5,78.7,100.0,0.0,12.9,100.0,0.0
2020-02-22,,,,,,,,,,85.0,67.1,100.0,0.0,12.9,100.0,0.0
2020-02-23,,,,,,,,,,52.1,48.8,100.0,0.0,10.2,100.0,0.0
2020-02-24,1.5,6.4,98.0,,,,,,,,,,0.0,10.3,100.0,0.0
2020-02-25,0.8,7.3,98.3,,,,,,,,,,0.0,9.3,100.0,0.0
2020-02-26,0.0,6.2,94.1,0.2,15.7,40.0,,,,,,,0.0,9.2,100.0,0.0
2020-02-27,0.0,3.7,61.6,,,,,,,35.2,37.7,100.0,0.0,8.2,100.0,0.0
2020-02-28,,,,,,,,,,,,,0.0,8.2,100.0,0.0
2020-02-29,,,,,,,,,,,,,0.0,8.5,100.0,0.0
2020-03-01,0.0,3.7,57.9,,,,,,,1.9,14.7,100.0,0.0,7.1,100.0,0.0
2020-03-02,,,,,,,,,,4.0,15.9,100.0,0.0,7.2,100.0,0.0
2020-03-03,0.0,2.9,56.8,,,,,,,1.1,12.2,39.4,0.0,7.1,100.0,0.0
2020-03-04,,,,0.3,13.5,74.8,,,,,,,0.0,8.2,100.0,0.0
2020-03-05,,,,,,,,,,,,,0.0,6.8,100.0,0.0
2020-03-06,,,,,,,,,,,,,0.0,7.4,100.0,0.0
2020-03-07,0.0,2.7,57.5,,,,,,,,,,0.0,6.9,100.0,0.0
2020-03-08,0.0,1.7,57.5,,,,,,,,,,0.0,7.6,100.0,0.0
2020-03-09,0.0,1.8,56.7,,,,,,,,,,0.0,5.9,100.0,0.0
2020-03-10,0.0,1.0,36.1,,,,,,,0.9,12.2,100.0,0.0,5.7,100.0,0.0
2020-03-11,,,,,,,,,,,,,0.0,6.0,100.0,0.0
2020-03-12,,,,0.2,2.8,100.0,,,,,,,0.0,6.3,100.0,0.0
2020-03-13,0.0,2.3,56.9,,,,,,,,,,0.0,5.0,100.0,0.0
2020-03-14,0.0,1.4,56.9,0.0,1.4,99.4,,,,2.4,12.7,100.0,0.0,4.9,100.0,0.0
2020-03-15,0.0,1.6,56.5,,,,0.0,3.2,56.0,0.3,9.1,100.0,0.0,5.2,100.0,0.0
2020-03-16,,,,,,,,,,,,,0.0,6.5,100.0,0.0
2020-03-17,,,,0.0,1.3,100.0,,,,,,,0.0,5.2,100.0,0.0
2020-03-18,,,,,,,,,,,,,0.0,5.3,100.0,0.0
2020-03-19,0.0,1.9,56.5,0.0,1.3,100.0,,,,,,,0.0,6.0,100.0,0.0
2020-03-20,0.0,2.2,56.6,,,,,,,,,,0.0,6.0,100.0,0.0
2020-03-21,0.0,2.1,57.3,,,,,,,,,,0.0,5.5,100.0,0.0
2020-03-22,0.0,0.5,44.7,0.0,1.2,99.2,,,,,,,0.0,6.0,100.0,0.0
2020-03-23,,,,,,,,,,0.8,13.9,100.0,0.0,7.0,100.0,0.0
2020-03-24,,,,0.0,1.5,100.0,,,,,,,0.0,7.9,100.0,0.0
2020-03-25,0.0,2.9,56.9,,,,,,,,,,0.0,7.6,100.0,0.0
2020-03-26,,,,,,,,,,,,,0.0,8.0,100.0,0.0
2020-03-27,0.0,3.1,56.4,,,,,,,,,,0.0,9.1,100.0,0.0
2020-03-28,,,,,,,,,,,,,0.0,8.3,100.0,0.0
2020-03-29,,,,0.0,2.1,75.1,,,,,,,0.0,7.4,100.0,0.0
2020-03-30,,,,,,,,,,,,,0.0,7.6,100.0,0.0
2020-03-31,0.0,3.6,58.0,,,,0.0,4.0,89.8,,,,0.0,8.2,100.0,0.0
2020-04-01,0.0,3.8,58.6,0.0,1.5,100.0,,,,,,,0.0,8.7,100.0,0.0
2020-04-02,0.0,5.4,57.9,,,,,,,,,,0.0,7.7,100.0,0.0
2020-04-03,0.0,3.2,40.3,0.0,1.2,94.3,,,,,,,0.0,7.7,100.0,0.0
2020-04-04,,,,,,,,,,0.0,10.2,55.2,0.0,7.8,100.0,0.0
2020-04-05,,,,,,,,,,,,,0.0,9.3,100.0,0.0
2020-04-06,0.0,5.4,57.3,0.0,0.6,100.0,,,,0.0,9.2,38.4,0.0,7.7,100.0,0.0
2020-04-07,0.0,4.8,58.3,,,,,,,0.0,8.5,96.7,0.0,7.6,100.0,0.0
2020-04-08,0.0,4.2,57.3,0.0,0.5,100.0,,,,0.0,7.7,100.0,0.0,7.2,100.0,0.0
2020-04-09,,,,,,,,,,,,,0.0,8.8,100.0,0.0
2020-04-10,,,,,,,,,,0.0,3.9,98.0,0.0,7.6,100.0,0.0
2020-04-11,,,,0.0,0.6,100.0,,,,,,,0.0,8.9,100.0,0.0
2020-04-12,0.0,3.9,58.3,,,,,,,0.0,4.0,91.8,0.0,7.2,100.0,0.0
2020-04-13,0.0,3.9,58.5,0.0,0.8,100.0,,,,,,,0.0,9.0,100.0,0.0
2020-04-14,0.0,3.8,58.0,,,,,,,0.0,2.3,33.3,0.0,7.6,100.0,0.0
2020-04-15,0.0,2.5,40.9,,,,,,,0.0,2.4,94.6,0.0,8.0,100.0,0.0
2020-04-16,,,,0.0,0.8,100.0,,,,,,,0.0,8.4,100.0,0.0
2020-04-17,,,,,,,,,,0.0,1.5,100.0,0.0,9.5,100.0,0.0
2020-04-18,0.0,3.4,57.9,0.0,1.2,37.0,,,,0.0,0.9,32.3,0.0,7.6,100.0,0.0
2020-04-19,,,,,,,,,,,,,0.0,8.0,100.0,0.0
2020-04-20,0.0,2.8,57.3,,,,,,,0.0,1.2,44.4,0.0,7.5,100.0,0.0
2020-04-21,,,,,,,,,,,,,0.0,9.4,100.0,0.0
2020-04-22,,,,,,,,,,0.0,0.6,100.0,0.0,6.4,100.0,0.0
2020-04-23,,,,0.0,0.4,100.0,,,,0.0,0.4,100.0,0.0,6.9,100.0,0.0
2020-04-24,0.0,4.2,57.9,,,,,,,0.0,0.4,100.0,0.0,6.2,100.0,0.0
2020-04-25,0.0,3.7,58.6,,,,,,,,,,0.0,7.0,100.0,0.0
2020-04-26,0.0,3.9,57.6,0.0,0.4,88.2,,,,0.0,0.6,95.9,0.0,5.3,100.0,0.0
2020-04-27,0.0,3.5,39.9,,,,,,,0.0,0.8,100.0,0.0,5.5,100.0,0.0
2020-04-28,,,,,,,,,,0.0,1.2,100.0,0.0,4.5,100.0,0.0
2020-04-29,,,,,,,,,,,,,0.0,5.0,100.0,0.0
2020-04-30,0.0,5.9,58.2,,,,,,,0.0,2.6,100.0,0.0,4.1,100.0,0.0
2020-05-01,0.0,7.1,58.4,,,,,,,,,,0.0,4.2,100.0,0.0
2020-05-02,0.1,10.1,94.2,,,,,,,,,,0.0,3.8,100.0,0.0
2020-05-03,,,,0.0,0.3,100.0,,,,0.0,4.5,100.0,0.0,3.4,100.0,0.0
2020-05-04,,,,,,,,,,,,,0.0,3.4,100.0,0.0
2020-05-05,,,,,,,,,,,,,0.0,3.3,100.0,0.0
2020-05-06,0.0,7.9,90.3,0.0,0.4,100.0,,,,,,,0.0,3.3,100.0,0.0
2020-05-07,0.0,6.1,93.6,,,,,,,,,,0.0,2.6,100.0,0.0
2020-05-08,0.1,4.8,92.5,0.0,0.3,100.0,,,,0.0,8.7,100.0,0.0,2.5,100.0,0.0
2020-05-09,0.1,3.8,61.2,,,,,,,0.0,9.9,100.0,0.0,2.0,100.0,0.0
2020-05-10,,,,,,,,,,,,,0.0,2.7,100.0,0.0
2020-05-11,,,,,,,,,,,,,0.0,2.0,100.0,0.0
2020-05-12,0.2,4.1,93.3,,,,,,,,,,0.0,2.2,100.0,0.0
2020-05-13,0.0,2.2,94.8,,,,,,,,,,0.0,1.6,100.0,0.0
2020-05-14,0.1,2.0,93.8,,,,,,,,,,0.0,2.4,100.0,0.0
2020-05-15,,,,,,,,,,,,,0.0,1.9,100.0,0.0
2020-05-16,,,,,,,,,,,,,0.0,2.0,100.0,0.0
2020-05-17,,,,,,,,,,,,,0.0,1.6,100.0,0.0
2020-05-18,0.0,1.3,76.5,0.0,0.2,100.0,,,,,,,0.0,2.4,100.0,0.0
2020-05-19,0.0,1.2,76.4,,,,,,,,,,0.0,2.5,100.0,0.0
2020-05-20,0.1,1.1,77.0,,,,,,,,,,0.0,2.5,100.0,0.0
2020-05-21,0.0,0.5,52.5,0.0,0.2,93.2,,,,,,,0.0,2.2,100.0,0.0
2020-05-22,,,,,,,,,,,,,0.0,2.4,100.0,0.0
2020-05-23,,,,0.0,0.2,100.0,,,,,,,0.0,2.4,100.0,0.0
2020-05-24,0.0,1.0,76.7,,,,,,,0.0,3.2,100.0,0.0,1.8,100.0,0.0
2020-05-25,0.0,0.8,75.6,,,,,,,,,,0.0,1.9,100.0,0.0
2020-05-26,0.0,0.9,74.5,,,,,,,,,,0.0,1.9,100.0,0.0
2020-05-27,,,,,,,,,,,,,0.0,2.1,100.0,0.0
2020-05-28,,,,,,,,,,,,,0.0,2.1,100.0,0.0
2020-05-29,,,,,,,,,,,,,0.0,2.0,100.0,0.0
2020-05-30,0.0,0.9,76.5,,,,,,,,,,0.0,2.1,100.0,0.0
2020-05-31,0.0,1.1,76.4,,,,,,,,,,0.0,2.1,100.0,0.0
2020-06-01,0.0,1.0,76.3,,,,,,,0.0,1.3,69.0,0.0,1.9,100.0,0.0
2020-06-02,0.0,0.4,52.4,0.0,0.1,92.1,,,,,,,0.0,1.9,100.0,0.0
2020-06-03,,,,,,,,,,,,,0.0,2.1,100.0,0.0
2020-06-04,,,,,,,,,,,,,0.0,1.9,100.0,0.0
2020-06-05,0.0,1.0,76.1,,,,,,,,,,0.0,2.1,100.0,0.0
2020-06-06,0.0,0.8,76.6,,,,,,,,,,0.0,2.1,100.0,0.0
2020-06-07,0.0,0.8,76.7,,,,,,,,,,0.0,2.1,100.0,0.0
2020-06-08,,,,,,,,,,,,,0.0,1.9,100.0,0.0
2020-06-09,,,,,,,,,,,,,0.0,1.8,100.0,0.0
2020-06-10,,,,,,,,,,,,,0.0,1.6,100.0,0.0
2020-06-11,0.0,0.9,76.8,,,,,,,,,,0.0,1.7,100.0,0.0
2020-06-12,0.0,0.8,76.9,0.0,0.1,100.0,,,,0.0,0.4,97.6,0.0,1.4,100.0,0.0
2020-06-13,0.0,0.7,77.0,,,,,,,0.0,0.2,100.0,0.0,1.5,100.0,0.0
2020-06-14,0.0,0.3,52.1,,,,,,,,,,0.0,1.4,100.0,0.0
2020-06-15,,,,,,,,,,,,,0.0,1.4,100.0,0.0
2020-06-16,,,,,,,,,,,,,0.0,1.2,100.0,0.0
2020-06-17,0.0,0.9,76.9,,,,,,,,,,0.0,1.1,100.0,0.0
2020-06-18,0.0,0.9,76.8,,,,,,,0.0,0.1,86.8,0.0,1.1,100.0,0.0
2020-06-19,0.0,0.7,76.6,,,,,,,,,,0.0,1.2,100.0,0.0
2020-06-20,,,,,,,,,,,,,0.0,1.7,100.0,0.0
2020-06-21,,,,,,,,,,,,,0.0,1.6,100.0,0.0
2020-06-22,,,,,,,,,,,,,0.0,1.6,100.0,0.0
2020-06-23,0.0,0.7,76.9,,,,,,,0.0,0.1,88.2,0.0,1.2,100.0,0.0
2020-06-24,,,,,,,,,,,,,0.0,1.8,100.0,0.0
2020-06-25,0.0,0.6,77.0,,,,,,,0.0,0.0,100.0,0.0,1.5,100.0,0.0
2020-06-26,0.0,0.2,52.3,,,,,,,,,,0.0,2.2,100.0,0.0
2020-06-27,,,,0.0,0.1,99.6,,,,0.0,0.0,100.0,0.0,1.2,100.0,0.0
2020-06-28,,,,,,,,,,0.0,0.0,100.0,0.0,1.9,100.0,0.0
2020-06-29,0.0,0.9,76.9,,,,,,,,,,0.0,1.6,100.0,0.0
2020-06-30,0.0,0.9,76.8,0.0,0.2,64.7,,,,0.0,0.0,100.0,0.0,1.8,100.0,0.0
2020-07-01,0.0,0.7,77.0,,,,,,,0.0,0.0,100.0,0.0,1.1,100.0,0.0
2020-07-02,,,,,,,,,,,,,0.0,1.6,100.0,0.0
2020-07-03,,,,,,,,,,,,,0.0,1.7,100.0,0.0
2020-07-04,,,,,,,,,,,,,0.0,2.5,100.0,0.0
2020-07-05,0.0,1.0,76.8,0.0,0.1,100.0,,,,0.0,0.0,100.0,0.0,1.8,100.0,0.0
2020-07-06,0.0,1.1,76.2,,,,,,,,,,0.0,2.3,100.0,0.0
2020-07-07,0.0,1.3,76.5,0.0,0.1,100.0,,,,,,,0.0,1.9,100.0,0.0
2020-07-08,0.0,0.6,51.3,,,,,,,0.0,0.0,100.0,0.0,2.0,100.0,0.0
2020-07-09,,,,,,,,,,0.0,0.0,100.0,0.0,1.2,100.0,0.0
2020-07-10,,,,0.0,0.2,87.3,,,,,,,0.0,1.2,100.0,0.0
2020-07-11,0.0,1.0,75.9,,,,,,,,,,0.0,1.2,100.0,0.0
2020-07-12,0.0,0.9,77.0,0.0,0.1,100.0,,,,,,,0.0,1.1,100.0,0.0
2020-07-13,0.0,0.9,77.0,,,,,,,,,,0.0,1.1,100.0,0.0
2020-07-14,,,,,,,,,,,,,0.0,0.7,100.0,0.0
2020-07-15,,,,,,,,,,,,,0.0,0.7,100.0,0.0
2020-07-16,,,,,,,,,,,,,0.0,0.5,100.0,0.0
2020-07-17,0.0,1.0,76.4,,,,,,,,,,0.0,0.3,100.0,0.0
2020-07-18,0.0,1.0,77.6,,,,,,,,,,0.0,0.2,100.0,0.0
2020-07-19,0.0,1.0,77.5,,,,,,,,,,0.0,0.3,100.0,0.0
2020-07-20,0.0,0.3,51.6,0.0,0.1,100.0,,,,,,,0.0,0.3,100.0,0.0
2020-07-21,,,,,,,,,,,,,0.0,0.2,100.0,0.0
2020-07-22,,,,,,,,,,,,,0.0,0.1,100.0,0.0
2020-07-23,0.0,1.3,76.0,,,,,,,,,,0.0,0.1,100.0,0.0
2020-07-24,0.0,1.4,75.8,,,,,,,,,,0.0,0.1,100.0,0.0
2020-07-25,0.0,1.4,77.1,,,,,,,0.0,0.0,49.5,0.0,0.1,100.0,0.0
2020-07-26,,,,,,,,,,,,,0.0,0.1,100.0,0.0
2020-07-27,,,,0.0,0.1,56.9,,,,,,,0.0,0.1,100.0,0.0
2020-07-28,,,,,,,0.0,0.0,95.1,,,,0.0,0.1,100.0,0.0
2020-07-29,0.0,1.7,75.2,,,,,,,,,,0.0,0.1,100.0,0.0
2020-07-30,0.0,1.7,77.5,0.0,0.1,68.5,,,,,,,0.0,0.1,100.0,0.0
2020-07-31,0.0,2.0,75.6,,,,,,,,,,0.0,0.1,100.0,0.0
2020-08-01,0.0,1.5,52.7,0.0,0.2,86.9,,,,,,,0.0,0.1,100.0,0.0
2020-08-02,,,,,,,,,,,,,0.0,0.1,100.0,0.0
2020-08-03,,,,,,,,,,,,,0.0,0.1,100.0,0.0
2020-08-04,0.0,1.5,74.4,,,,,,,,,,0.0,0.1,100.0,0.0
2020-08-05,0.0,0.9,76.6,,,,,,,0.0,0.0,31.0,0.0,0.1,100.0,0.0
2020-08-06,0.0,0.7,76.4,0.0,0.1,100.0,0.0,0.0,92.9,,,,0.0,0.1,100.0,0.0
2020-08-07,,,,,,,,,,0.0,0.0,44.1,0.0,0.1,100.0,0.0
2020-08-08,,,,,,,,,,0.0,0.0,100.0,0.0,0.1,100.0,0.0
2020-08-09,,,,0.0,0.1,100.0,,,,0.0,0.0,89.2,0.0,0.1,100.0,0.0
2020-08-10,0.0,0.8,76.4,,,,,,,0.0,0.0,99.5,0.0,0.1,100.0,0.0
2020-08-11,0.0,0.8,76.3,0.0,0.1,100.0,,,,0.0,0.0,100.0,0.0,0.1,100.0,0.0
2020-08-12,0.0,1.0,76.6,,,,,,,,,,0.0,0.1,100.0,0.0
2020-08-13,0.0,0.1,50.3,,,,,,,,,,0.0,0.1,100.0,0.0
2020-08-14,,,,0.0,0.1,53.4,,,,,,,0.0,0.2,100.0,0.0
2020-08-15,,,,,,,,,,,,,0.0,0.2,100.0,0.0
2020-08-16,0.0,1.3,76.8,,,,,,,,,,0.0,0.3,100.0,0.0
2020-08-17,0.0,1.6,76.7,,,,,,,,,,0.0,0.2,100.0,0.0
2020-08-18,0.0,2.2,77.7,,,,,,,,,,0.0,0.3,100.0,0.0
2020-08-19,,,,0.0,0.1,92.5,,,,0.0,0.1,35.8,0.0,0.2,100.0,0.0
2020-08-20,,,,,,,,,,0.0,0.0,100.0,0.0,0.3,100.0,0.0
2020-08-21,,,,0.0,0.1,100.0,,,,0.0,0.0,100.0,0.0,0.2,100.0,0.0
2020-08-22,0.0,1.2,76.0,,,,,,,0.0,0.0,100.0,0.0,0.4,100.0,0.0
2020-08-23,0.0,1.2,77.5,,,,,,,0.0,0.0,100.0,0.0,0.4,100.0,0.0
2020-08-24,0.0,1.1,77.0,0.0,0.2,67.2,,,,,,,0.0,0.5,100.0,0.0
2020-08-25,0.0,0.5,53.0,,,,,,,0.0,0.0,100.0,0.0,0.4,100.0,0.0
2020-08-26,,,,0.0,0.1,100.0,,,,,,,0.0,0.5,100.0,0.0
2020-08-27,,,,,,,,,,,,,0.0,0.4,100.0,0.0
2020-08-28,0.0,1.3,75.7,,,,,,,,,,0.0,0.5,100.0,0.0
2020-08-29,0.0,1.1,77.6,,,,,,,,,,0.0,0.6,100.0,0.0
2020-08-30,0.0,1.2,77.5,,,,,,,,,,0.0,0.5,100.0,0.0
2020-08-31,,,,,,,,,,,,,0.0,0.4,100.0,0.0
2020-09-01,,,,,,,,,,,,,0.0,0.5,100.0,0.0
2020-09-02,,,,,,,,,,0.0,0.0,100.0,0.0,0.4,100.0,0.0
2020-09-03,0.0,1.1,76.8,0.0,0.1,99.6,,,,,,,0.0,0.4,100.0,0.0
2020-09-04,0.0,1.1,77.9,,,,,,,0.0,0.0,100.0,0.0,0.3,100.0,0.0
2020-09-05,0.0,1.2,77.3,0.0,0.1,100.0,,,,,,,0.0,0.3,100.0,0.0
2020-09-06,0.0,0.6,51.3,,,,,,,,,,0.0,0.3,100.0,0.0
2020-09-07,,,,,,,,,,0.0,0.0,100.0,0.0,0.2,100.0,0.0
2020-09-08,,,,0.0,0.1,100.0,,,,,,,0.0,0.3,100.0,0.0
2020-09-09,0.0,1.1,77.0,,,,,,,,,,0.0,0.2,100.0,0.0
2020-09-10,0.0,1.0,77.2,0.0,0.1,100.0,,,,,,,0.0,0.2,100.0,0.0
2020-09-11,0.0,1.0,77.1,,,,,,,0.0,0.0,100.0,0.0,0.1,100.0,0.0
2020-09-12,,,,,,,,,,,,,0.0,0.1,100.0,0.0
2020-09-13,,,,0.0,0.4,100.0,,,,,,,0.0,0.1,100.0,0.0
2020-09-14,,,,,,,0.0,0.0,67.2,,,,0.0,0.1,100.0,0.0
2020-09-15,0.0,1.1,76.9,0.0,0.3,100.0,,,,,,,0.0,0.1,100.0,0.0
2020-09-16,0.0,1.4,77.4,,,,,,,,,,0.0,0.1,100.0,0.0
2020-09-17,0.0,1.3,77.4,,,,,,,,,,0.0,0.1,100.0,0.0
2020-09-18,0.0,0.8,54.7,0.0,0.2,100.0,,,,,,,0.0,0.1,100.0,0.0
2020-09-19,,,,,,,,,,,,,0.0,0.0,100.0,0.0
2020-09-20,,,,0.0,0.2,100.0,,,,,,,0.0,0.0,100.0,0.0
2020-09-21,0.0,1.7,76.4,,,,,,,,,,0.0,0.1,100.0,0.0
2020-09-22,0.0,1.3,78.0,,,,,,,,,,0.0,0.1,100.0,0.0
2020-09-23,0.0,1.0,77.5,,,,,,,,,,0.0,0.1,100.0,0.0
2020-09-24,,,,,,,,,,,,,0.0,0.1,100.0,0.0
2020-09-25,,,,,,,,,,,,,0.0,0.2,100.0,0.0
2020-09-26,,,,,,,,,,,,,0.0,0.3,100.0,0.0
2020-09-27,0.0,1.0,76.7,,,,,,,,,,0.0,0.4,100.0,0.0
2020-09-28,0.0,1.0,77.1,,,,,,,,,,0.0,0.3,100.0,0.0
2020-09-29,0.0,1.4,77.4,,,,,,,,,,0.0,0.4,100.0,0.0
2020-09-30,0.0,0.8,53.4,,,,,,,,,,0.0,0.8,100.0,0.0
2020-10-01,,,,,,,,,,0.0,0.1,100.0,0.0,0.9,100.0,0.0
2020-10-02,,,,,,,,,,,,,0.0,0.9,100.0,0.0
2020-10-03,0.0,1.3,76.3,,,,,,,,,,0.0,0.9,100.0,0.0
2020-10-04,,,,,,,,,,,,,0.0,1.3,100.0,0.0
2020-10-05,0.1,1.6,76.8,,,,,,,,,,0.0,1.7,100.0,0.0
2020-10-06,,,,,,,,,,,,,0.0,1.9,100.0,0.0
2020-10-07,,,,,,,,,,,,,0.0,1.8,100.0,0.0
2020-10-08,,,,,,,,,,,,,0.0,2.3,100.0,0.0
2020-10-09,0.2,2.3,76.0,,,,,,,,,,0.0,2.3,100.0,0.0
2020-10-10,0.0,1.1,83.9,0.0,0.2,100.0,,,,,,,0.0,2.3,100.0,0.0
2020-10-11,0.0,0.9,83.6,,,,,,,,,,0.0,1.7,100.0,0.0
2020-10-12,0.0,0.3,56.6,,,,,,,,,,0.0,2.1,100.0,0.0
2020-10-13,,,,,,,,,,,,,0.0,2.2,100.0,0.0
2020-10-14,,,,,,,,,,0.0,0.1,89.4,0.0,1.8,100.0,0.0
2020-10-15,0.1,1.1,82.8,,,,,,,,,,0.0,1.7,100.0,0.0
2020-10-16,0.0,1.0,83.8,,,,,,,,,,0.0,1.7,100.0,0.0
2020-10-17,0.0,0.7,82.7,,,,,,,,,,0.0,1.8,100.0,0.0
2020-10-18,,,,0.0,0.7,100.0,,,,,,,0.0,1.9,100.0,0.0
2020-10-19,,,,,,,,,,,,,0.0,1.5,100.0,0.0
2020-10-20,,,,0.0,0.7,100.0,,,,,,,0.0,1.4,100.0,0.0
2020-10-21,0.0,0.6,80.4,,,,,,,,,,0.0,1.4,100.0,0.0
2020-10-22,0.0,0.6,82.2,,,,,,,,,,0.0,1.2,100.0,0.0
2020-10-23,0.0,0.8,81.6,,,,,,,,,,0.0,0.9,100.0,0.0
2020-10-24,0.0,0.5,53.4,,,,,,,,,,0.0,1.0,100.0,0.0
2020-10-25,,,,0.0,1.8,100.0,,,,,,,0.0,1.0,100.0,0.0
2020-10-26,,,,,,,,,,0.0,0.2,49.1,0.0,0.9,100.0,0.0
2020-10-27,0.0,0.8,77.1,,,,,,,,,,0.0,0.8,100.0,0.0
2020-10-28,0.0,0.6,78.8,0.0,2.1,38.6,,,,,,,0.0,1.0,100.0,0.0
2020-10-29,0.0,0.8,83.7,,,,,,,0.0,0.1,44.7,0.0,0.9,100.0,0.0
2020-10-30,,,,0.0,1.8,100.0,,,,,,,0.0,1.0,100.0,0.0
2020-10-31,,,,,,,,,,0.0,0.2,100.0,0.0,0.8,100.0,0.0
2020-11-01,,,,,,,,,,,,,0.0,1.2,100.0,0.0
2020-11-02,0.0,0.8,77.6,0.0,1.3,34.9,0.1,0.2,69.8,0.0,0.3,100.0,0.0,0.8,100.0,0.0
2020-11-03,0.0,0.8,76.3,,,,,,,,,,0.0,0.8,100.0,0.0
2020-11-04,0.0,0.9,84.3,,,,,,,,,,0.0,0.7,100.0,0.0
2020-11-05,0.0,0.3,56.9,,,,,,,,,,0.0,0.9,100.0,0.0
2020-11-06,,,,,,,,,,,,,0.0,0.9,100.0,0.0
2020-11-07,,,,0.0,0.5,100.0,,,,,,,0.0,1.1,100.0,0.0
2020-11-08,0.0,1.3,82.3,,,,,,,,,,0.0,0.9,100.0,0.0
2020-11-09,0.0,1.2,81.1,0.0,0.4,100.0,,,,,,,0.0,1.1,100.0,0.0
2020-11-10,0.0,0.9,82.5,,,,,,,,,,0.0,0.8,100.0,0.0
2020-11-11,,,,,,,,,,,,,0.0,0.8,100.0,0.0
2020-11-12,,,,0.0,0.3,70.3,,,,,,,0.0,0.7,100.0,0.0
2020-11-13,,,,,,,,,,,,,0.0,0.9,100.0,0.0
2020-11-14,0.0,0.8,80.2,0.0,0.3,100.0,,,,,,,0.0,0.7,100.0,0.0
2020-11-15,0.0,0.8,83.8,,,,,,,,,,0.0,0.8,100.0,0.0
2020-11-16,0.0,0.9,82.4,,,,,,,,,,0.0,0.8,100.0,0.0
2020-11-17,0.0,0.7,58.7,0.0,0.4,100.0,0.0,0.1,90.1,,,,0.0,1.0,100.0,0.0
2020-11-18,,,,,,,,,,,,,0.0,1.0,100.0,0.0
2020-11-19,,,,0.0,0.4,100.0,,,,,,,0.0,1.2,100.0,0.0
2020-11-20,0.0,0.9,80.3,,,,,,,,,,0.0,1.2,100.0,0.0
2020-11-21,0.0,1.1,83.0,,,,,,,,,,0.0,1.9,100.0,0.0
2020-11-22,0.0,1.5,83.0,0.0,0.7,100.0,,,,,,,0.0,2.6,100.0,0.0
2020-11-23,,,,,,,,,,,,,0.0,2.4,100.0,0.0
2020-11-24,,,,0.0,0.9,100.0,,,,,,,0.0,2.1,100.0,0.0
2020-11-25,,,,,,,,,,,,,0.0,2.2,100.0,0.0
2020-11-26,0.0,2.6,82.2,,,,0.0,0.2,98.5,,,,0.0,3.1,100.0,0.0
2020-11-27,0.0,3.7,83.8,0.0,0.7,100.0,,,,,,,0.0,2.9,100.0,0.0
2020-11-28,0.0,3.6,84.1,,,,,,,0.0,0.5,100.0,0.0,2.2,100.0,0.0
2020-11-29,0.0,1.3,60.5,0.0,0.8,100.0,,,,0.0,1.8,100.0,0.0,2.1,100.0,0.0
2020-11-30,,,,,,,,,,,,,0.0,3.6,100.0,0.0
2020-12-01,,,,,,,,,,,,,0.0,3.7,100.0,0.0
2020-12-02,0.1,3.9,81.8,,,,,,,0.0,2.3,100.0,0.0,3.4,100.0,0.0
2020-12-03,0.0,3.1,83.0,,,,,,,0.0,2.2,100.0,0.0,3.0,100.0,0.0
2020-12-04,0.1,3.8,83.5,,,,,,,,,,0.0,4.8,100.0,0.0
2020-12-05,,,,,,,,,,,,,0.0,4.1,100.0,0.0
2020-12-06,,,,,,,,,,,,,0.0,3.4,100.0,0.0
2020-12-07,,,,,,,,,,0.0,1.3,88.2,0.0,2.7,100.0,0.0
2020-12-08,0.0,2.9,81.2,,,,,,,,,,0.0,3.3,100.0,0.0
2020-12-09,0.0,2.3,83.2,,,,,,,,,,0.0,2.7,100.0,0.0
2020-12-10,0.0,1.8,83.6,,,,,,,0.0,1.5,100.0,0.0,2.5,100.0,0.0
2020-12-11,0.0,0.6,56.5,,,,,,,0.0,1.2,100.0,0.0,1.7,100.0,0.0
2020-12-12,,,,,,,,,,0.0,1.5,100.0,0.0,1.6,100.0,0.0
2020-12-13,,,,,,,,,,,,,0.0,1.4,100.0,0.0
2020-12-14,0.0,1.7,81.7,,,,,,,0.0,2.6,100.0,0.0,1.2,100.0,0.0
2020-12-15,0.0,1.4,83.9,,,,,,,0.0,3.7,100.0,0.0,0.8,100.0,0.0
2020-12-16,0.0,0.9,83.9,,,,,,,0.0,1.7,100.0,0.0,0.7,100.0,0.0
2020-12-17,,,,0.0,1.5,100.0,,,,,,,0.0,0.8,100.0,0.0
2020-12-18,,,,,,,,,,0.0,0.6,100.0,0.0,0.8,100.0,0.0
2020-12-19,,,,0.0,3.4,100.0,0.0,0.7,99.6,0.0,0.5,100.0,0.0,0.7,100.0,0.0
2020-12-20,0.0,0.8,81.7,,,,,,,0.0,0.3,100.0,0.0,0.7,100.0,0.0
2020-12-21,0.0,0.9,83.9,,,,,,,,,,0.0,1.0,100.0,0.0
2020-12-22,0.0,0.9,83.5,0.0,6.5,32.6,,,,,,,0.0,1.0,100.0,0.0
2020-12-23,0.0,0.7,60.2,,,,,,,0.0,0.1,48.4,0.0,1.0,100.0,0.0
2020-12-24,,,,,,,,,,0.0,0.2,100.0,0.0,1.3,100.0,0.0
2020-12-25,,,,,,,,,,,,,0.0,1.8,100.0,0.0
2020-12-26,0.0,0.8,81.8,,,,,,,,,,0.0,2.2,100.0,0.0
2020-12-27,0.1,1.1,83.9,0.1,2.2,100.0,,,,0.0,0.2,100.0,0.0,2.3,100.0,0.0
2020-12-28,0.0,1.0,83.6,,,,,,,,,,0.0,3.5,100.0,0.0
2020-12-29,,,,,,,,,,,,,0.0,4.0,100.0,0.0
2020-12-30,,,,,,,,,,0.0,0.3,100.0,0.0,4.5,100.0,0.0
2020-12-31,,,,,,,,,,0.0,1.5,100.0,0.0,4.8,100.0,0.0
2021-01-01,0.0,1.4,81.5,,,,,,,,,,0.0,6.3,100.0,0.0
2021-01-02,0.0,1.6,88.0,,,,,,,,,,0.0,8.2,100.0,0.0
2021-01-03,0.1,2.2,88.6,,,,,,,,,,0.0,8.9,100.0,0.0
2021-01-04,0.2,3.0,62.0,,,,0.1,7.3,98.6,,,,0.0,11.7,100.0,0.0
2021-01-05,,,,,,,,,,,,,0.0,13.0,100.0,0.0
2021-01-06,,,,,,,,,,,,,0.2,19.8,100.0,0.2
2021-01-07,0.0,2.7,81.9,,,,,,,4.1,15.0,100.0,0.7,22.3,100.0,0.7
2021-01-08,1.4,9.6,87.9,0.5,5.4,74.1,,,,,,,3.3,32.2,100.0,3.3
2021-01-09,5.4,17.0,88.2,,,,,,,,,,6.1,37.9,100.0,6.1
2021-01-10,,,,,,,,,,,,,18.6,52.3,100.0,18.6
2021-01-11,,,,95.9,84.5,100.0,,,,,,,93.2,69.2,100.0,93.2
2021-01-12,,,,,,,,,,,,,97.8,76.3,100.0,97.8
2021-01-13,,,,,,,,,,60.3,52.8,100.0,98.7,77.7,100.0,98.7
2021-01-14,29.2,35.6,86.6,,,,,,,98.9,78.7,100.0,99.5,84.2,100.0,99.5
2021-01-15,43.0,42.0,88.1,,,,,,,,,,99.7,87.1,100.0,99.7
2021-01-16,78.3,55.1,62.9,100.0,99.8,99.6,,,,,,,99.8,91.2,100.0,99.8
2021-01-17,,,,,,,,,,100.0,85.6,100.0,99.8,91.1,100.0,99.8
2021-01-18,,,,,,,,,,100.0,92.0,100.0,99.8,92.7,100.0,99.8
2021-01-19,83.9,57.1,80.3,,,,,,,,,,99.9,94.9,100.0,99.9
2021-01-20,,,,,,,100.0,100.0,99.9,,,,100.0,97.0,100.0,100.0
2021-01-21,87.5,64.6,87.6,,,,,,,,,,100.0,96.5,100.0,100.0
2021-01-22,,,,,,,,,,,,,100.0,96.5,100.0,100.0
2021-01-23,,,,,,,,,,,,,100.0,96.6,100.0,100.0
2021-01-24,,,,,,,,,,,,,100.0,96.3,100.0,100.0
2021-01-25,,,,,,,,,,,,,100.0,96.3,100.0,100.0
2021-01-26,98.0,77.0,72.6,,,,,,,,,,100.0,96.7,100.0,100.0
2021-01-27,96.9,75.6,76.3,,,,,,,,,,100.0,97.7,100.0,100.0
2021-01-28,97.7,78.2,56.5,,,,,,,,,,100.0,98.2,100.0,100.0
2021-01-29,,,,,,,,,,,,,100.0,98.2,100.0,100.0
2021-01-30,,,,,,,,,,,,,100.0,98.1,100.0,100.0
2021-01-31,98.1,76.2,67.2,,,,,,,100.0,96.8,100.0,100.0,98.5,100.0,100.0
2021-02-01,98.7,81.9,71.6,,,,,,,,,,100.0,98.6,100.0,100.0
2021-02-02,98.7,77.6,75.7,100.0,99.4,100.0,,,,,,,100.0,98.9,100.0,100.0
2021-02-03,,,,,,,,,,100.0,98.3,100.0,100.0,98.3,100.0,100.0
2021-02-04,,,,,,,,,,100.0,99.0,100.0,100.0,98.4,100.0,100.0
2021-02-05,,,,99.9,98.7,100.0,,,,100.0,98.7,100.0,100.0,98.7,100.0,100.0
2021-02-06,,,,,,,,,,,,,100.0,98.3,100.0,100.0
2021-02-07,99.0,80.5,77.1,,,,,,,100.0,98.4,100.0,100.0,97.8,100.0,100.0
2021-02-08,99.2,77.8,73.8,,,,,,,,,,100.0,98.4,100.0,100.0
2021-02-09,99.9,81.6,53.3,,,,,,,100.0,98.2,100.0,100.0,98.1,100.0,100.0
2021-02-10,,,,,,,,,,,,,100.0,98.1,100.0,100.0
2021-02-11,,,,,,,,,,100.0,97.0,100.0,100.0,98.3,100.0,100.0
2021-02-12,,,,100.0,99.3,100.0,,,,100.0,94.8,100.0,100.0,98.9,100.0,100.0
2021-02-13,,,,,,,,,,100.0,94.7,34.4,100.0,98.8,100.0,100.0
2021-02-14,99.0,82.5,73.6,,,,100.0,100.0,95.4,,,,100.0,99.1,100.0,100.0
2021-02-15,,,,100.0,96.7,99.9,,,,,,,100.0,99.1,100.0,100.0
2021-02-16,,,,,,,,,,100.0,89.8,100.0,100.0,99.1,100.0,100.0
2021-02-17,,,,100.0,99.0,99.5,,,,100.0,88.0,100.0,100.0,99.3,100.0,100.0
2021-02-18,98.8,82.0,62.4,,,,,,,99.0,84.3,63.7,100.0,99.2,100.0,100.0
2021-02-19,99.0,87.8,70.4,,,,,,,96.3,80.2,100.0,100.0,99.2,100.0,100.0
2021-02-20,100.0,91.7,75.7,100.0,99.2,100.0,,,,96.8,80.8,100.0,100.0,99.3,100.0,100.0
2021-02-21,99.9,92.0,56.8,,,,100.0,100.0,99.5,98.6,85.8,100.0,100.0,99.4,100.0,100.0
2021-02-22,,,,100.0,98.9,100.0,,,,,,,100.0,99.4,100.0,100.0
2021-02-23,,,,,,,,,,,,,100.0,99.1,100.0,100.0
2021-02-24,,,,,,,,,,99.7,89.8,100.0,100.0,99.1,100.0,100.0
2021-02-25,100.0,95.6,66.3,100.0,98.2,100.0,,,,100.0,93.6,100.0,100.0,99.0,100.0,100.0
2021-02-26,,,,,,,,,,,,,100.0,98.8,100.0,100.0
2021-02-27,,,,,,,,,,,,,100.0,98.8,100.0,100.0
2021-02-28,,,,,,,,,,,,,100.0,98.9,100.0,100.0
2021-03-01,,,,,,,,,,100.0,96.1,100.0,100.0,98.8,100.0,100.0
2021-03-02,99.9,96.5,62.7,100.0,99.4,100.0,100.0,100.0,93.6,100.0,97.4,100.0,100.0,99.2,100.0,100.0
2021-03-03,100.0,98.6,65.4,,,,,,,100.0,97.8,100.0,100.0,98.8,100.0,100.0
2021-03-04,100.0,98.4,74.3,,,,,,,100.0,97.9,100.0,100.0,98.9,100.0,100.0
2021-03-05,99.9,98.7,51.4,,,,,,,,,,100.0,98.8,100.0,100.0
2021-03-06,,,,,,,,,,,,,100.0,98.6,100.0,100.0
2021-03-07,,,,100.0,99.4,100.0,,,,100.0,97.6,100.0,100.0,98.8,100.0,100.0
2021-03-08,,,,,,,,,,,,,100.0,98.5,100.0,100.0
2021-03-09,100.0,99.5,62.5,100.0,97.5,80.9,100.0,99.5,87.7,,,,100.0,98.8,100.0,100.0
2021-03-10,100.0,99.3,70.9,,,,,,,100.0,97.2,100.0,100.0,98.5,100.0,100.0
2021-03-11,,,,,,,,,,100.0,93.5,100.0,100.0,98.6,100.0,100.0
2021-03-12,,,,100.0,98.6,75.4,,,,,,,100.0,98.6,100.0,100.0
2021-03-13,,,,,,,,,,100.0,92.8,100.0,100.0,98.3,100.0,100.0
2021-03-14,100.0,99.7,58.2,,,,,,,,,,100.0,98.2,100.0,100.0
2021-03-15,100.0,99.7,62.6,,,,,,,,,,100.0,98.4,100.0,100.0
2021-03-16,100.0,99.3,69.1,,,,,,,,,,100.0,98.3,100.0,100.0
2021-03-17,100.0,98.5,44.1,,,,,,,,,,99.9,97.8,100.0,99.9
2021-03-18,,,,,,,,,,,,,99.7,97.0,100.0,99.7
2021-03-19,,,,100.0,99.7,100.0,,,,,,,99.8,97.7,100.0,99.8
2021-03-20,,,,,,,,,,,,,99.8,96.9,100.0,99.8
2021-03-21,100.0,99.4,58.8,,,,,,,,,,99.8,97.0,100.0,99.8
2021-03-22,100.0,98.1,67.6,,,,,,,,,,99.8,96.7,100.0,99.8
2021-03-23,,,,,,,,,,,,,99.9,97.3,100.0,99.9
2021-03-24,,,,100.0,99.3,100.0,,,,,,,99.9,97.4,100.0,99.9
2021-03-25,,,,,,,100.0,99.6,99.8,,,,99.9,97.7,100.0,99.9
2021-03-26,100.0,98.9,53.8,,,,,,,99.2,90.0,100.0,100.0,97.2,100.0,100.0
2021-03-27,100.0,97.6,62.5,100.0,96.6,92.7,,,,99.7,91.1,94.5,100.0,97.8,100.0,100.0
2021-03-28,99.9,94.1,77.0,,,,,,,,,,100.0,97.6,100.0,100.0
2021-03-29,98.7,86.4,63.3,100.0,96.2,100.0,,,,96.9,84.6,100.0,100.0,97.5,100.0,100.0
2021-03-30,,,,,,,,,,99.9,89.6,100.0,100.0,96.6,100.0,100.0
2021-03-31,,,,,,,,,,99.8,91.1,100.0,100.0,97.0,100.0,100.0
2021-04-01,98.6,86.3,65.3,100.0,97.0,100.0,,,,,,,100.0,97.6,100.0,100.0
2021-04-02,97.7,83.3,78.2,,,,,,,,,,100.0,96.9,100.0,100.0
2021-04-03,97.4,85.2,77.9,,,,100.0,99.2,47.8,,,,100.0,97.1,100.0,100.0
2021-04-04,,,,,,,,,,,,,100.0,96.4,100.0,100.0
2021-04-05,,,,,,,,,,,,,100.0,96.9,100.0,100.0
2021-04-06,,,,100.0,97.1,51.3,,,,,,,100.0,97.1,100.0,100.0
2021-04-07,99.5,85.8,59.7,,,,,,,,,,100.0,97.1,100.0,100.0
2021-04-08,,,,100.0,99.4,100.0,,,,,,,100.0,97.5,100.0,100.0
2021-04-09,99.6,88.5,75.8,,,,,,,,,,100.0,97.6,100.0,100.0
2021-04-10,98.3,79.1,58.8,,,,,,,,,,100.0,96.9,100.0,100.0
2021-04-11,,,,,,,,,,,,,100.0,96.7,100.0,100.0
2021-04-12,,,,,,,,,,,,,99.9,96.2,100.0,99.9
2021-04-13,99.6,92.6,63.8,,,,,,,,,,99.9,96.7,100.0,99.9
2021-04-14,99.8,91.2,65.2,,,,,,,,,,99.9,96.4,100.0,99.9
2021-04-15,99.8,91.9,74.5,,,,,,,,,,99.6,96.2,100.0,99.6
2021-04-16,,,,100.0,96.7,100.0,,,,99.9,94.0,98.7,99.5,96.1,100.0,99.5
2021-04-17,,,,,,,,,,,,,99.4,95.8,100.0,99.4
2021-04-18,,,,100.0,91.1,49.7,,,,,,,99.2,95.4,100.0,99.2
2021-04-19,99.8,91.8,61.6,,,,,,,,,,99.1,94.2,100.0,99.1
2021-04-20,99.6,90.0,71.7,,,,,,,99.9,93.3,96.4,98.9,92.8,100.0,98.9
2021-04-21,98.8,86.8,77.9,100.0,95.2,100.0,,,,,,,98.8,93.0,100.0,98.8
2021-04-22,98.8,82.9,62.2,,,,,,,,,,97.3,89.4,100.0,97.3
2021-04-23,,,,99.8,91.7,99.8,,,,99.9,91.5,100.0,95.8,88.5,100.0,95.8
2021-04-24,,,,,,,,,,99.8,90.6,100.0,87.6,81.5,100.0,87.6
2021-04-25,97.8,86.7,64.1,,,,,,,,,,84.0,79.2,100.0,84.0
2021-04-26,91.6,75.2,74.5,,,,,,,99.9,90.8,100.0,69.7,69.3,100.0,69.7
2021-04-27,82.4,61.4,77.3,,,,,,,98.6,84.2,100.0,64.6,65.6,100.0,64.6
2021-04-28,,,,67.7,64.3,100.0,,,,,,,31.3,48.9,100.0,31.3
2021-04-29,,,,,,,,,,89.8,72.9,100.0,18.9,41.3,100.0,18.9
2021-04-30,,,,,,,,,,64.8,56.6,100.0,4.0,24.6,100.0,4.0
2021-05-01,48.8,45.7,73.1,,,,,,,,,,1.2,22.4,100.0,1.2
2021-05-02,38.8,39.9,76.3,,,,,,,,,,0.1,13.2,100.0,0.1
2021-05-03,33.2,34.8,77.3,0.2,12.2,100.0,,,,59.1,51.8,44.0,0.1,10.2,100.0,0.1
2021-05-04,5.9,18.2,62.2,,,,,,,47.3,45.2,100.0,0.0,6.7,100.0,0.0
2021-05-05,,,,,,,,,,,,,0.0,6.4,100.0,0.0
2021-05-06,,,,,,,,,,,,,0.0,5.5,100.0,0.0
2021-05-07,17.8,23.4,72.5,,,,,,,,,,0.0,4.6,100.0,0.0
2021-05-08,7.7,15.1,71.2,0.0,1.5,100.0,,,,11.2,25.1,100.0,0.0,3.8,100.0,0.0
2021-05-09,6.8,15.7,76.0,,,,,,,1.0,8.9,100.0,0.0,3.1,100.0,0.0
2021-05-10,,,,,,,,,,,,,0.0,3.5,100.0,0.0
2021-05-11,,,,,,,,,,,,,0.0,2.6,100.0,0.0
2021-05-12,,,,,,,,,,,,,0.0,2.2,100.0,0.0
2021-05-13,7.4,14.3,67.6,,,,,,,,,,0.0,2.2,100.0,0.0
2021-05-14,9.7,20.1,74.6,,,,,,,,,,0.0,2.0,100.0,0.0
2021-05-15,10.3,20.9,77.9,,,,,,,,,,0.0,1.7,100.0,0.0
2021-05-16,2.2,18.5,56.2,,,,,,,,,,0.0,2.0,100.0,0.0
2021-05-17,,,,,,,,,,,,,0.0,1.7,100.0,0.0
2021-05-18,,,,,,,,,,,,,0.0,1.9,100.0,0.0
2021-05-19,8.8,21.7,69.6,,,,,,,,,,0.0,1.9,100.0,0.0
2021-05-20,6.4,16.7,77.3,,,,,,,0.0,4.2,83.5,0.0,1.5,100.0,0.0
2021-05-21,5.3,15.0,77.4,,,,,,,,,,0.0,1.8,100.0,0.0
2021-05-22,,,,,,,,,,,,,0.0,1.6,100.0,0.0
2021-05-23,,,,,,,,,,,,,0.0,1.7,100.0,0.0
2021-05-24,,,,,,,,,,,,,0.0,1.4,100.0,0.0
2021-05-25,5.4,14.9,74.0,,,,,,,0.0,1.4,100.0,0.0,1.4,100.0,0.0
2021-05-26,3.0,14.5,78.0,0.0,0.3,91.1,,,,,,,0.0,1.7,100.0,0.0
2021-05-27,1.5,11.4,78.2,,,,,,,,,,0.0,1.7,100.0,0.0
2021-05-28,0.7,8.5,54.6,0.0,0.3,100.0,0.0,0.1,65.4,0.0,0.4,100.0,0.0,1.4,100.0,0.0
2021-05-29,,,,,,,,,,,,,0.0,1.7,100.0,0.0
2021-05-30,,,,,,,,,,,,,0.0,1.9,100.0,0.0
2021-05-31,0.5,6.5,75.8,0.0,0.3,100.0,,,,0.0,0.2,100.0,0.0,1.5,100.0,0.0
2021-06-01,0.1,6.2,77.6,,,,,,,0.0,0.1,98.8,0.0,1.5,100.0,0.0
2021-06-02,0.5,5.4,77.1,0.0,0.3,100.0,,,,0.0,0.1,46.9,0.0,1.4,100.0,0.0
2021-06-03,,,,,,,,,,,,,0.0,1.6,100.0,0.0
2021-06-04,,,,,,,,,,,,,0.0,1.5,100.0,0.0
2021-06-05,,,,0.0,0.4,45.6,,,,0.0,0.1,45.2,0.0,1.6,100.0,0.0
2021-06-06,0.0,3.4,74.5,,,,,,,,,,0.0,1.7,100.0,0.0
2021-06-07,0.0,2.8,77.6,,,,,,,,,,0.0,1.8,100.0,0.0
2021-06-08,,,,,,,,,,,,,0.0,2.0,100.0,0.0
2021-06-09,0.4,1.9,53.9,,,,,,,,,,0.0,1.8,100.0,0.0
2021-06-10,,,,,,,,,,,,,0.0,1.6,100.0,0.0
2021-06-11,,,,,,,,,,0.0,0.0,35.9,0.0,1.4,100.0,0.0
2021-06-12,0.0,2.4,77.0,,,,,,,,,,0.0,1.9,100.0,0.0
2021-06-13,0.0,2.1,78.0,,,,,,,0.0,0.1,100.0,0.0,1.6,100.0,0.0
2021-06-14,0.1,2.5,77.3,,,,,,,0.0,0.1,100.0,0.0,2.1,100.0,0.0
2021-06-15,,,,0.0,0.2,100.0,,,,,,,0.0,2.0,100.0,0.0
2021-06-16,,,,,,,,,,,,,0.0,2.9,100.0,0.0
2021-06-17,,,,0.0,0.3,85.8,,,,0.0,0.0,100.0,0.0,2.0,100.0,0.0
2021-06-18,0.0,1.7,75.1,,,,,,,,,,0.0,2.5,100.0,0.0
2021-06-19,0.0,2.1,78.7,,,,,,,0.0,0.0,100.0,0.0,1.9,100.0,0.0
2021-06-20,0.0,1.8,77.2,0.0,0.4,95.7,,,,,,,0.0,3.0,100.0,0.0
2021-06-21,0.0,1.9,52.7,,,,,,,0.0,0.0,100.0,0.0,2.3,100.0,0.0
2021-06-22,,,,0.0,0.2,100.0,,,,0.0,0.0,100.0,0.0,2.5,100.0,0.0
2021-06-23,,,,,,,,,,0.0,0.0,100.0,0.0,2.1,100.0,0.0
2021-06-24,,,,,,,,,,,,,0.0,2.5,100.0,0.0
2021-06-25,0.0,1.8,78.2,,,,,,,,,,0.0,2.6,100.0,0.0
2021-06-26,0.0,1.7,77.0,,,,,,,0.0,0.0,100.0,0.0,2.4,100.0,0.0
2021-06-27,,,,0.0,0.1,100.0,,,,0.0,0.0,100.0,0.0,2.2,100.0,0.0
2021-06-28,,,,,,,,,,0.0,0.0,100.0,0.0,2.2,100.0,0.0
2021-06-29,,,,,,,,,,,,,0.0,2.5,100.0,0.0
2021-06-30,0.0,2.1,76.5,,,,,,,,,,0.0,2.2,100.0,0.0
2021-07-01,0.0,3.0,78.8,,,,,,,,,,0.0,2.1,100.0,0.0
2021-07-02,0.0,3.0,78.1,0.0,0.1,98.9,,,,0.0,0.0,85.8,0.0,2.0,100.0,0.0
2021-07-03,0.0,1.2,53.4,,,,,,,,,,0.0,1.8,100.0,0.0
2021-07-04,,,,,,,,,,,,,0.0,1.8,100.0,0.0
2021-07-05,,,,,,,,,,0.0,0.0,100.0,0.0,1.5,100.0,0.0
2021-07-06,0.0,3.4,77.3,,,,,,,,,,0.0,1.8,100.0,0.0
2021-07-07,0.1,2.4,78.5,,,,,,,,,,0.0,1.3,100.0,0.0
2021-07-08,0.0,2.3,78.4,,,,,,,,,,0.0,1.5,100.0,0.0
2021-07-09,,,,,,,,,,,,,0.0,1.3,100.0,0.0
2021-07-10,,,,,,,,,,,,,0.0,1.6,100.0,0.0
2021-07-11,,,,,,,,,,0.0,0.0,100.0,0.0,1.3,100.0,0.0
2021-07-12,0.0,2.3,77.9,0.0,0.1,100.0,,,,,,,0.0,1.2,100.0,0.0
2021-07-13,0.0,2.5,78.4,,,,,,,,,,0.0,1.1,100.0,0.0
2021-07-14,0.1,3.5,78.8,,,,,,,,,,0.0,1.1,100.0,0.0
2021-07-15,0.0,2.0,53.9,,,,,,,,,,0.0,1.5,100.0,0.0
2021-07-16,,,,,,,,,,,,,0.0,1.3,100.0,0.0
2021-07-17,,,,,,,,,,,,,0.0,1.2,100.0,0.0
2021-07-18,0.1,3.0,78.0,,,,,,,,,,0.0,1.2,100.0,0.0
2021-07-19,0.0,2.1,79.2,,,,,,,,,,0.0,1.6,100.0,0.0
2021-07-20,0.0,2.0,78.7,0.0,0.2,46.7,,,,0.0,0.0,56.9,0.0,1.1,100.0,0.0
2021-07-21,,,,,,,,,,,,,0.0,1.2,100.0,0.0
2021-07-22,,,,0.0,0.2,92.2,,,,,,,0.0,0.9,100.0,0.0
2021-07-23,,,,,,,,,,0.0,0.0,100.0,0.0,0.7,100.0,0.0
2021-07-24,0.0,1.8,77.7,,,,,,,,,,0.0,0.5,100.0,0.0
2021-07-25,0.0,1.8,78.8,,,,,,,,,,0.0,0.5,100.0,0.0
2021-07-26,0.0,1.6,79.3,,,,,,,,,,0.0,0.4,100.0,0.0
2021-07-27,0.0,0.8,53.7,,,,,,,,,,0.0,0.4,100.0,0.0
2021-07-28,,,,,,,,,,,,,0.0,0.3,100.0,0.0
2021-07-29,,,,,,,,,,,,,0.0,0.3,100.0,0.0
2021-07-30,0.0,1.7,78.3,,,,,,,,,,0.0,0.2,100.0,0.0
2021-07-31,0.0,1.6,78.9,,,,,,,,,,0.0,0.1,100.0,0.0
2021-08-01,0.0,1.4,78.6,0.0,0.2,33.9,,,,,,,0.0,0.1,100.0,0.0
2021-08-02,,,,,,,,,,,,,0.0,0.1,100.0,0.0
2021-08-03,,,,,,,,,,,,,0.0,0.1,100.0,0.0
2021-08-04,,,,,,,,,,,,,0.0,0.2,100.0,0.0
2021-08-05,0.0,1.4,77.9,,,,,,,,,,0.0,0.1,100.0,0.0
2021-08-06,0.0,1.4,79.8,0.0,0.1,87.5,,,,,,,0.0,0.2,100.0,0.0
2021-08-07,0.0,1.3,79.2,,,,,,,,,,0.0,0.2,100.0,0.0
2021-08-08,0.0,0.3,53.1,,,,,,,,,,0.0,0.2,100.0,0.0
2021-08-09,,,,0.0,0.2,87.7,,,,0.0,0.0,43.8,0.0,0.2,100.0,0.0
2021-08-10,,,,,,,,,,,,,0.0,0.2,100.0,0.0
2021-08-11,0.0,1.7,77.9,0.0,0.2,95.1,,,,,,,0.0,0.2,100.0,0.0
2021-08-12,0.1,1.9,79.8,,,,,,,0.0,0.0,100.0,0.0,0.2,100.0,0.0
2021-08-13,0.0,1.6,79.2,,,,,,,0.0,0.0,100.0,0.0,0.2,100.0,0.0
2021-08-14,,,,0.0,0.2,77.4,,,,0.0,0.0,98.0,0.0,0.2,100.0,0.0
2021-08-15,,,,,,,,,,0.0,0.0,99.3,0.0,0.1,100.0,0.0
2021-08-16,,,,0.0,0.3,98.9,0.0,0.1,69.4,0.0,0.0,100.0,0.0,0.1,100.0,0.0
2021-08-17,0.0,1.7,78.2,,,,,,,,,,0.0,0.1,100.0,0.0
2021-08-18,0.0,1.1,79.5,,,,,,,,,,0.0,0.1,100.0,0.0
2021-08-19,,,,0.0,0.2,100.0,,,,0.0,0.0,86.1,0.0,0.1,100.0,0.0
2021-08-20,0.0,0.6,55.1,,,,,,,0.0,0.0,100.0,0.0,0.1,100.0,0.0
2021-08-21,,,,0.0,0.2,100.0,,,,0.0,0.0,100.0,0.0,0.1,100.0,0.0
2021-08-22,,,,,,,,,,,,,0.0,0.1,100.0,0.0
2021-08-23,0.0,1.0,78.1,,,,,,,,,,0.0,0.1,100.0,0.0
2021-08-24,0.0,0.9,79.7,,,,,,,,,,0.0,0.1,100.0,0.0
2021-08-25,,,,,,,0.0,0.0,66.8,0.0,0.0,100.0,0.0,0.1,100.0,0.0
2021-08-26,,,,0.0,0.1,100.0,,,,,,,0.0,0.1,100.0,0.0
2021-08-27,,,,,,,,,,0.0,0.0,45.1,0.0,0.1,100.0,0.0
2021-08-28,,,,,,,,,,,,,0.0,0.1,100.0,0.0
2021-08-29,0.0,0.8,78.1,,,,,,,,,,0.0,0.1,100.0,0.0
2021-08-30,0.1,1.0,80.2,,,,,,,0.0,0.0,51.8,0.0,0.1,100.0,0.0
2021-08-31,0.0,0.7,79.5,,,,,,,,,,0.0,0.1,100.0,0.0
2021-09-01,0.0,0.4,54.3,,,,0.0,0.0,93.5,0.0,0.0,100.0,0.0,0.1,100.0,0.0
2021-09-02,,,,,,,,,,0.0,0.0,100.0,0.0,0.1,100.0,0.0
2021-09-03,,,,0.0,0.1,100.0,,,,0.0,0.0,100.0,0.0,0.1,100.0,0.0
2021-09-04,0.0,0.9,78.1,,,,,,,0.0,0.0,100.0,0.0,0.1,100.0,0.0
2021-09-05,0.0,1.0,79.0,0.0,0.2,100.0,,,,0.0,0.0,100.0,0.0,0.1,100.0,0.0
2021-09-06,0.0,1.8,93.9,,,,,,,0.0,0.0,100.0,0.0,0.1,100.0,0.0
2021-09-07,,,,,,,,,,,,,0.0,0.1,100.0,0.0
2021-09-08,,,,0.0,0.2,62.7,,,,0.0,0.0,100.0,0.0,0.1,100.0,0.0
2021-09-09,,,,,,,,,,0.0,0.0,100.0,0.0,0.1,100.0,0.0
2021-09-10,0.0,1.4,89.1,0.0,0.1,100.0,0.0,0.0,92.8,,,,0.0,0.1,100.0,0.0
2021-09-11,0.0,1.7,93.5,,,,,,,,,,0.0,0.1,100.0,0.0
2021-09-12,0.0,1.6,93.1,,,,,,,,,,0.0,0.1,100.0,0.0
2021-09-13,0.0,1.4,68.5,,,,,,,0.0,0.0,100.0,0.0,0.1,100.0,0.0
2021-09-14,,,,,,,,,,,,,0.0,0.1,100.0,0.0
2021-09-15,,,,,,,,,,,,,0.0,0.1,100.0,0.0
2021-09-16,0.0,1.1,87.0,,,,,,,0.0,0.0,100.0,0.0,0.1,100.0,0.0
2021-09-17,0.0,1.0,93.5,,,,0.0,0.0,35.9,0.0,0.0,100.0,0.0,0.1,100.0,0.0
2021-09-18,0.0,0.9,90.6,0.0,0.1,100.0,,,,,,,0.0,0.1,100.0,0.0
2021-09-19,,,,,,,,,,,,,0.0,0.1,100.0,0.0
2021-09-20,,,,0.0,0.2,59.7,,,,,,,0.0,0.1,100.0,0.0
2021-09-21,,,,,,,,,,,,,0.0,0.1,100.0,0.0
2021-09-22,0.0,0.9,87.6,,,,,,,,,,0.0,0.1,100.0,0.0
2021-09-23,0.0,1.0,89.8,0.0,0.1,100.0,,,,,,,0.0,0.1,100.0,0.0
2021-09-24,0.0,1.1,86.0,,,,,,,,,,0.0,0.1,100.0,0.0
2021-09-25,0.0,0.8,61.9,0.0,0.2,100.0,,,,,,,0.0,0.1,100.0,0.0
2021-09-26,,,,,,,,,,,,,0.0,0.1,100.0,0.0
2021-09-27,,,,,,,,,,,,,0.0,0.1,100.0,0.0
2021-09-28,0.0,0.7,77.9,0.0,0.1,94.8,,,,,,,0.0,0.1,100.0,0.0
2021-09-29,0.1,0.8,93.6,,,,,,,,,,0.0,0.2,100.0,0.0
2021-09-30,0.0,0.7,94.5,0.0,0.1,64.1,,,,,,,0.0,0.3,100.0,0.0
2021-10-01,,,,,,,,,,,,,0.0,0.4,100.0,0.0
2021-10-02,,,,,,,,,,,,,0.0,0.4,100.0,0.0
2021-10-03,,,,,,,,,,,,,0.0,1.0,100.0,0.0
2021-10-04,0.0,0.7,87.6,,,,,,,,,,0.0,1.5,100.0,0.0
2021-10-05,0.0,0.8,90.4,,,,,,,,,,0.0,1.4,100.0,0.0
2021-10-06,0.0,0.9,93.8,,,,,,,,,,0.0,1.0,100.0,0.0
2021-10-07,0.0,0.4,65.1,,,,,,,,,,0.0,1.4,100.0,0.0
2021-10-08,,,,,,,,,,,,,0.0,2.1,100.0,0.0
2021-10-09,,,,,,,,,,0.0,0.0,99.7,0.0,2.0,100.0,0.0
2021-10-10,0.0,1.4,88.7,0.0,0.2,100.0,,,,0.0,0.1,97.6,0.0,1.5,100.0,0.0
2021-10-11,0.0,1.5,91.4,,,,,,,0.0,0.1,100.0,0.0,1.5,100.0,0.0
2021-10-12,0.0,2.2,94.0,,,,,,,,,,0.0,1.8,100.0,0.0
2021-10-13,,,,,,,,,,,,,0.0,2.2,100.0,0.0
2021-10-14,,,,,,,,,,,,,0.0,1.4,100.0,0.0
2021-10-15,,,,0.0,0.3,100.0,,,,0.0,0.3,100.0,0.0,1.2,100.0,0.0
2021-10-16,0.0,2.2,88.5,,,,,,,0.0,0.3,100.0,0.0,1.1,100.0,0.0
2021-10-17,0.0,2.6,93.1,,,,,,,,,,0.0,1.5,100.0,0.0
2021-10-18,0.0,3.2,91.6,0.0,0.3,100.0,,,,0.0,0.4,100.0,0.0,1.1,100.0,0.0
2021-10-19,0.0,2.2,69.2,,,,,,,,,,0.0,1.4,100.0,0.0
2021-10-20,,,,0.0,0.2,100.0,,,,0.0,0.5,100.0,0.0,1.1,100.0,0.0
2021-10-21,,,,,,,,,,,,,0.0,1.3,100.0,0.0
2021-10-22,0.4,5.5,88.6,,,,,,,,,,0.0,1.0,100.0,0.0
2021-10-23,0.0,5.3,94.6,0.0,0.3,100.0,,,,0.0,0.3,100.0,0.0,1.2,100.0,0.0
2021-10-24,0.0,2.6,93.8,,,,,,,,,,0.0,1.2,100.0,0.0
2021-10-25,,,,0.0,0.1,100.0,,,,,,,0.0,0.9,100.0,0.0
2021-10-26,,,,,,,,,,0.0,0.1,100.0,0.0,0.6,100.0,0.0
2021-10-27,,,,,,,,,,,,,0.0,1.0,100.0,0.0
2021-10-28,0.0,1.9,89.9,0.0,0.1,100.0,0.0,0.0,93.4,,,,0.0,1.0,100.0,0.0
2021-10-29,0.0,1.7,94.1,,,,,,,0.0,0.0,100.0,0.0,0.8,100.0,0.0
2021-10-30,0.0,1.8,94.0,0.0,0.2,100.0,,,,0.0,0.0,100.0,0.0,0.5,100.0,0.0
2021-10-31,0.0,1.2,69.4,,,,,,,0.0,0.0,99.7,0.0,0.7,100.0,0.0
2021-11-01,,,,,,,,,,,,,0.0,1.0,100.0,0.0
2021-11-02,,,,0.0,0.9,100.0,,,,,,,0.0,0.9,100.0,0.0
2021-11-03,0.0,1.4,89.2,,,,,,,,,,0.0,0.7,100.0,0.0
2021-11-04,0.0,1.5,94.4,,,,,,,,,,0.0,1.2,100.0,0.0
2021-11-05,0.0,1.2,94.2,,,,,,,,,,0.0,1.3,100.0,0.0
2021-11-06,,,,,,,,,,,,,0.0,1.2,100.0,0.0
2021-11-07,,,,0.0,1.4,100.0,,,,,,,0.0,0.8,100.0,0.0
2021-11-08,,,,,,,,,,0.0,0.0,100.0,0.0,0.6,100.0,0.0
2021-11-09,0.0,1.8,90.6,,,,,,,,,,0.0,0.9,100.0,0.0
2021-11-10,0.0,1.4,94.7,,,,,,,,,,0.0,0.6,100.0,0.0
2021-11-11,0.0,1.9,94.9,,,,,,,,,,0.0,0.5,100.0,0.0
2021-11-12,0.0,1.1,70.2,0.0,1.0,100.0,,,,0.0,0.0,100.0,0.0,0.4,100.0,0.0
2021-11-13,,,,,,,0.0,0.1,100.0,,,,0.0,0.7,100.0,0.0
2021-11-14,,,,,,,,,,,,,0.0,0.5,100.0,0.0
2021-11-15,0.0,1.9,90.3,,,,,,,0.0,0.0,100.0,0.0,0.5,100.0,0.0
2021-11-16,0.0,1.4,94.9,,,,,,,,,,0.0,0.5,100.0,0.0
2021-11-17,0.0,1.6,94.2,,,,,,,,,,0.0,0.9,100.0,0.0
2021-11-18,,,,,,,,,,,,,0.0,1.0,100.0,0.0
2021-11-19,,,,0.0,0.3,100.0,,,,,,,0.0,1.1,100.0,0.0
2021-11-20,,,,,,,0.0,0.2,77.0,0.0,0.0,100.0,0.0,1.0,100.0,0.0
2021-11-21,0.1,1.6,89.8,,,,,,,,,,0.0,1.7,100.0,0.0
2021-11-22,0.0,2.7,93.8,,,,,,,,,,0.0,1.5,100.0,0.0
2021-11-23,0.0,3.1,94.5,,,,,,,,,,0.0,1.7,100.0,0.0
2021-11-24,0.0,2.5,68.8,0.0,1.0,100.0,,,,,,,0.0,2.6,100.0,0.0
2021-11-25,,,,,,,,,,,,,0.0,2.8,100.0,0.0
2021-11-26,,,,,,,,,,,,,0.0,3.2,100.0,0.0
2021-11-27,0.0,4.7,88.4,,,,,,,,,,0.0,3.2,100.0,0.0
2021-11-28,0.1,5.6,94.1,,,,,,,,,,0.0,3.6,100.0,0.0
2021-11-29,0.5,8.3,94.7,,,,,,,,,,0.0,3.4,100.0,0.0
2021-11-30,,,,,,,,,,,,,0.0,2.6,100.0,0.0
2021-12-01,,,,,,,,,,,,,0.0,2.5,100.0,0.0
2021-12-02,,,,,,,,,,,,,0.0,2.4,100.0,0.0
2021-12-03,0.3,7.0,88.3,,,,,,,0.0,0.7,100.0,0.0,2.2,100.0,0.0
2021-12-04,0.3,6.2,94.2,,,,,,,,,,0.0,1.9,100.0,0.0
2021-12-05,0.6,6.2,94.5,,,,,,,,,,0.0,2.0,100.0,0.0
2021-12-06,0.5,3.4,67.0,,,,,,,,,,0.0,1.8,100.0,0.0
2021-12-07,,,,20.2,37.3,34.6,,,,,,,0.0,2.0,100.0,0.0
2021-12-08,,,,,,,,,,0.0,4.0,100.0,0.0,1.5,100.0,0.0
2021-12-09,0.3,5.9,87.4,,,,,,,0.0,6.5,100.0,0.0,1.6,100.0,0.0
2021-12-10,0.2,4.5,91.9,,,,,,,0.0,5.5,100.0,0.0,1.5,100.0,0.0
2021-12-11,0.0,2.9,91.2,,,,,,,0.0,4.9,100.0,0.0,1.7,100.0,0.0
2021-12-12,,,,0.5,5.2,100.0,,,,0.0,5.4,100.0,0.0,1.6,100.0,0.0
2021-12-13,,,,,,,,,,0.2,7.7,100.0,0.0,1.8,100.0,0.0
2021-12-14,,,,0.0,1.5,100.0,,,,,,,0.0,2.1,100.0,0.0
2021-12-15,0.0,2.2,86.8,,,,0.0,2.8,100.0,1.4,12.6,100.0,0.0,2.1,100.0,0.0
2021-12-16,0.0,2.5,88.5,,,,,,,5.1,16.5,100.0,0.0,2.5,100.0,0.0
2021-12-17,0.0,2.3,89.3,0.2,2.3,100.0,,,,6.5,16.7,100.0,0.0,2.4,100.0,0.0
2021-12-18,0.0,1.6,63.4,,,,,,,4.7,13.5,100.0,0.0,2.5,100.0,0.0
2021-12-19,,,,0.4,3.4,100.0,,,,0.2,4.6,100.0,0.0,2.3,100.0,0.0
2021-12-20,,,,,,,,,,0.0,1.1,100.0,0.0,2.7,100.0,0.0
2021-12-21,0.0,2.1,81.9,,,,,,,0.0,0.6,100.0,0.0,2.5,100.0,0.0
2021-12-22,0.3,2.4,91.7,0.3,3.4,99.9,0.2,2.8,99.8,,,,0.0,2.8,100.0,0.0
2021-12-23,0.0,1.6,90.4,,,,0.5,10.8,97.3,,,,0.0,2.1,100.0,0.0
2021-12-24,,,,,,,,,,,,,0.0,2.7,100.0,0.0
2021-12-25,,,,,,,,,,,,,0.0,2.1,100.0,0.0
2021-12-26,,,,,,,,,,0.0,0.5,100.0,0.0,1.9,100.0,0.0
2021-12-27,0.1,1.8,85.4,0.0,4.4,100.0,,,,0.0,0.2,100.0,0.0,1.4,100.0,0.0
2021-12-28,,,,,,,,,,,,,0.0,1.9,100.0,0.0
2021-12-29,,,,0.3,4.5,94.5,,,,,,,0.0,1.5,100.0,0.0
2021-12-30,0.0,1.1,72.9,,,,,,,,,,0.0,1.6,100.0,0.0
2021-12-31,,,,,,,0.0,1.6,98.3,0.0,0.1,100.0,0.0,1.2,100.0,0.0
2022-01-01,,,,1.7,7.9,100.0,,,,,,,0.0,3.0,100.0,0.0
2022-01-02,,,,,,,,,,,,,0.0,2.4,100.0,0.0
2022-01-03,0.2,3.8,84.7,2.6,16.9,54.3,,,,0.0,0.2,100.0,0.0,2.3,100.0,0.0
2022-01-04,0.1,4.1,85.6,,,,,,,,,,0.0,2.0,100.0,0.0
2022-01-05,,,,,,,,,,,,,0.0,1.8,100.0,0.0
2022-01-06,,,,,,,,,,0.0,0.8,100.0,0.0,1.4,100.0,0.0
2022-01-07,,,,,,,2.0,12.0,98.7,,,,0.0,2.8,100.0,0.0
2022-01-08,0.7,6.7,80.5,3.0,16.3,51.1,,,,,,,0.0,2.6,100.0,0.0
2022-01-09,,,,,,,,,,,,,0.0,4.5,100.0,0.0
2022-01-10,,,,,,,,,,0.0,1.0,100.0,0.0,4.4,100.0,0.0
2022-01-11,3.1,10.0,58.4,0.4,6.8,99.7,,,,,,,0.0,8.8,100.0,0.0
2022-01-12,,,,,,,,,,0.0,2.4,100.0,0.0,9.7,100.0,0.0
2022-01-13,,,,0.5,5.2,99.9,,,,,,,0.0,19.6,100.0,0.0
2022-01-14,,,,,,,,,,0.0,5.5,100.0,0.4,21.3,100.0,0.4
2022-01-15,6.9,21.0,84.2,,,,70.3,52.9,94.0,,,,9.7,39.9,100.0,9.7
2022-01-16,23.1,32.0,87.5,75.0,64.3,100.0,88.0,77.4,91.8,,,,20.3,49.1,100.0,20.3
2022-01-17,,,,,,,,,,8.1,22.1,100.0,43.6,57.0,100.0,43.6
2022-01-18,,,,99.9,96.9,100.0,,,,,,,67.8,65.4,100.0,67.8
2022-01-19,,,,,,,,,,,,,82.2,69.9,100.0,82.2
2022-01-20,69.3,49.8,79.8,,,,,,,,,,90.5,75.3,100.0,90.5
2022-01-21,,,,100.0,99.1,67.1,,,,,,,94.2,80.6,100.0,94.2
2022-01-22,,,,,,,,,,,,,96.1,81.2,100.0,96.1
2022-01-23,91.6,66.3,58.2,100.0,99.5,82.8,100.0,99.9,82.8,,,,98.7,88.3,100.0,98.7
2022-01-24,,,,,,,100.0,100.0,92.1,64.2,54.7,100.0,99.3,90.1,100.0,99.3
2022-01-25,,,,,,,,,,,,,99.5,91.3,100.0,99.5
2022-01-26,,,,100.0,98.6,100.0,,,,,,,99.6,93.3,100.0,99.6
2022-01-27,94.6,68.9,83.1,,,,,,,,,,99.9,94.7,100.0,99.9
2022-01-28,97.7,74.3,85.4,,,,,,,,,,99.8,94.3,100.0,99.8
2022-01-29,,,,,,,,,,,,,99.8,94.3,100.0,99.8
2022-01-30,,,,,,,,,,93.3,82.9,100.0,99.6,93.5,100.0,99.6
2022-01-31,,,,,,,,,,,,,99.9,94.7,100.0,99.9
2022-02-01,98.3,78.6,77.7,,,,,,,,,,99.9,94.5,100.0,99.9
2022-02-02,,,,,,,,,,,,,99.8,93.7,100.0,99.8
2022-02-03,,,,,,,,,,,,,99.8,93.0,100.0,99.8
2022-02-04,99.6,84.9,58.3,,,,,,,,,,99.9,93.9,100.0,99.9
2022-02-05,,,,99.6,98.8,49.4,,,,96.6,88.3,100.0,99.9,94.6,100.0,99.9
2022-02-06,,,,,,,,,,,,,99.9,95.2,100.0,99.9
2022-02-07,,,,,,,,,,95.1,83.9,42.9,100.0,94.7,100.0,100.0
2022-02-08,99.6,86.8,81.9,,,,,,,98.5,91.9,90.3,100.0,95.9,100.0,100.0
2022-02-09,99.7,85.9,85.6,,,,100.0,99.9,89.3,98.2,92.1,100.0,99.9,96.7,100.0,99.9
2022-02-10,,,,100.0,98.8,100.0,,,,99.4,94.0,100.0,100.0,97.3,100.0,100.0
2022-02-11,,,,,,,,,,99.3,89.4,100.0,99.9,96.8,100.0,99.9
2022-02-12,,,,98.3,93.2,100.0,,,,99.5,87.6,90.4,100.0,97.9,100.0,100.0
2022-02-13,99.4,87.5,78.5,,,,,,,,,,100.0,97.9,100.0,100.0
2022-02-14,,,,,,,,,,,,,100.0,97.9,100.0,100.0
2022-02-15,,,,,,,,,,99.1,84.9,100.0,100.0,97.7,100.0,100.0
2022-02-16,98.3,86.0,55.4,,,,,,,,,,100.0,98.3,100.0,100.0
2022-02-17,,,,,,,,,,,,,100.0,98.0,100.0,100.0
2022-02-18,,,,,,,,,,99.6,86.7,100.0,100.0,97.8,100.0,100.0
2022-02-19,,,,,,,,,,99.9,90.4,100.0,100.0,97.5,100.0,100.0
2022-02-20,97.6,88.0,82.7,98.3,93.4,80.2,,,,100.0,90.7,100.0,100.0,98.1,100.0,100.0
2022-02-21,94.0,83.7,85.3,,,,,,,,,,100.0,97.9,100.0,100.0
2022-02-22,,,,,,,,,,,,,100.0,97.6,100.0,100.0
2022-02-23,,,,,,,,,,,,,100.0,97.6,100.0,100.0
2022-02-24,,,,,,,,,,,,,100.0,97.2,100.0,100.0
2022-02-25,88.3,83.2,77.0,,,,,,,,,,100.0,97.1,100.0,100.0
2022-02-26,,,,,,,,,,,,,100.0,97.0,100.0,100.0
2022-02-27,,,,100.0,99.4,100.0,,,,,,,100.0,97.6,100.0,100.0
2022-02-28,75.5,72.3,55.7,,,,,,,,,,100.0,97.0,100.0,100.0
2022-03-01,,,,,,,,,,,,,100.0,97.5,100.0,100.0
2022-03-02,,,,100.0,99.1,100.0,,,,,,,100.0,98.2,100.0,100.0
2022-03-03,,,,,,,,,,,,,100.0,98.2,100.0,100.0
2022-03-04,100.0,92.3,63.3,100.0,98.5,100.0,100.0,100.0,84.5,,,,100.0,98.7,100.0,100.0
2022-03-05,100.0,90.9,62.6,,,,100.0,100.0,89.1,100.0,94.4,100.0,100.0,98.7,100.0,100.0
2022-03-06,,,,,,,,,,100.0,95.9,100.0,100.0,98.6,100.0,100.0
2022-03-07,,,,100.0,98.6,100.0,,,,,,,100.0,98.7,100.0,100.0
2022-03-08,,,,,,,,,,,,,100.0,98.6,100.0,100.0
2022-03-09,100.0,86.4,59.0,100.0,98.9,100.0,,,,100.0,96.5,100.0,100.0,98.8,100.0,100.0
2022-03-10,,,,,,,,,,,,,100.0,98.7,100.0,100.0
2022-03-11,,,,,,,,,,,,,100.0,98.4,100.0,100.0
2022-03-12,100.0,84.4,44.0,100.0,98.7,100.0,100.0,99.9,93.7,,,,100.0,99.1,100.0,100.0
2022-03-13,,,,,,,,,,,,,100.0,98.3,100.0,100.0
2022-03-14,,,,100.0,97.8,100.0,,,,,,,100.0,98.7,100.0,100.0
2022-03-15,,,,,,,,,,100.0,94.6,100.0,100.0,97.7,100.0,100.0
2022-03-16,99.7,84.9,64.9,,,,,,,,,,100.0,97.6,100.0,100.0
2022-03-17,99.8,81.6,66.3,,,,,,,,,,100.0,97.0,100.0,100.0
2022-03-18,,,,,,,,,,,,,100.0,96.7,100.0,100.0
2022-03-19,,,,99.2,95.9,100.0,,,,,,,99.6,95.6,100.0,99.6
2022-03-20,,,,,,,100.0,99.9,76.5,,,,99.6,95.4,100.0,99.6
2022-03-21,98.3,79.1,60.8,,,,100.0,99.4,85.8,,,,99.0,94.3,100.0,99.0
2022-03-22,,,,98.3,94.4,100.0,,,,,,,98.6,94.5,100.0,98.6
2022-03-23,,,,,,,,,,,,,97.3,92.3,100.0,97.3
2022-03-24,95.5,77.1,48.3,97.3,92.5,100.0,,,,,,,97.2,92.8,100.0,97.2
2022-03-25,,,,,,,,,,100.0,94.7,100.0,95.8,90.2,100.0,95.8
2022-03-26,,,,,,,,,,,,,95.5,89.8,100.0,95.5
2022-03-27,,,,95.0,87.7,100.0,,,,,,,94.1,89.1,100.0,94.1
2022-03-28,95.2,80.4,61.6,,,,100.0,98.3,60.0,,,,93.8,87.9,100.0,93.8
2022-03-29,91.4,73.9,64.4,98.5,94.2,100.0,100.0,98.9,49.8,100.0,95.1,100.0,92.8,87.3,100.0,92.8
2022-03-30,,,,,,,,,,,,,88.8,82.4,100.0,88.8
2022-03-31,,,,,,,,,,,,,87.1,80.3,100.0,87.1
2022-04-01,,,,,,,,,,,,,83.1,77.4,100.0,83.1
2022-04-02,92.4,73.3,63.1,,,,,,,,,,85.8,77.7,100.0,85.8
2022-04-03,,,,,,,,,,,,,78.3,73.8,100.0,78.3
2022-04-04,,,,,,,,,,,,,83.5,77.2,100.0,83.5
2022-04-05,89.7,70.1,49.7,,,,,,,,,,74.2,72.2,100.0,74.2
2022-04-06,,,,100.0,97.4,100.0,100.0,99.1,93.5,,,,89.3,82.8,100.0,89.3
2022-04-07,,,,,,,,,,,,,68.7,68.1,100.0,68.7
2022-04-08,,,,,,,,,,,,,75.3,73.0,100.0,75.3
2022-04-09,93.1,73.1,65.0,,,,,,,,,,63.8,65.2,100.0,63.8
2022-04-10,87.6,64.2,64.4,,,,,,,,,,75.9,73.4,100.0,75.9
2022-04-11,,,,99.9,88.6,100.0,,,,,,,55.2,60.7,100.0,55.2
2022-04-12,,,,,,,,,,,,,54.7,60.4,100.0,54.7
2022-04-13,,,,44.2,51.7,100.0,,,,100.0,93.2,100.0,41.1,51.0,100.0,41.1
2022-04-14,,,,,,,,,,97.0,81.3,55.9,35.9,48.1,100.0,35.9
2022-04-15,,,,,,,,,,,,,15.4,33.5,100.0,15.4
2022-04-16,,,,,,,,,,,,,5.3,27.2,100.0,5.3
2022-04-17,81.7,55.8,46.4,,,,,,,,,,2.7,21.2,100.0,2.7
2022-04-18,,,,28.6,37.4,100.0,,,,90.1,72.3,58.3,0.5,18.4,100.0,0.5
2022-04-19,,,,,,,,,,,,,0.1,12.5,100.0,0.1
2022-04-20,,,,,,,,,,77.5,69.7,100.0,0.0,10.1,100.0,0.0
2022-04-21,79.3,57.5,64.4,19.2,21.9,100.0,,,,74.4,65.4,100.0,0.0,9.8,100.0,0.0
2022-04-22,54.6,46.0,65.2,,,,,,,,,,0.0,6.8,100.0,0.0
2022-04-23,,,,,,,,,,,,,0.0,6.0,100.0,0.0
2022-04-24,,,,,,,,,,16.3,24.9,33.5,0.0,5.6,100.0,0.0
2022-04-25,,,,,,,,,,,,,0.0,5.1,100.0,0.0
2022-04-26,43.4,41.5,63.8,0.0,7.3,37.7,,,,,,,0.0,4.8,100.0,0.0
2022-04-27,,,,,,,,,,51.8,47.5,48.4,0.0,4.3,100.0,0.0
2022-04-28,,,,0.0,2.4,100.0,,,,,,,0.0,4.3,100.0,0.0
2022-04-29,8.5,25.8,44.6,,,,,,,25.5,28.8,100.0,0.0,3.4,100.0,0.0
2022-04-30,,,,,,,,,,,,,0.0,3.3,100.0,0.0
2022-05-01,,,,,,,,,,,,,0.0,3.0,100.0,0.0
2022-05-02,,,,,,,,,,,,,0.0,3.3,100.0,0.0
2022-05-03,13.9,29.5,65.8,0.0,1.0,70.2,,,,11.2,19.8,100.0,0.0,2.7,100.0,0.0
2022-05-04,6.7,21.1,65.5,,,,,,,3.3,13.6,100.0,0.0,2.7,100.0,0.0
2022-05-05,,,,,,,,,,0.0,6.5,100.0,0.0,2.6,100.0,0.0
2022-05-06,,,,,,,,,,,,,0.0,2.5,100.0,0.0
2022-05-07,,,,,,,,,,,,,0.0,2.0,100.0,0.0
2022-05-08,2.9,17.5,61.5,,,,,,,,,,0.0,2.1,100.0,0.0
2022-05-09,,,,,,,,,,,,,0.0,2.1,100.0,0.0
2022-05-10,,,,,,,,,,0.0,1.8,100.0,0.0,1.8,100.0,0.0
2022-05-11,0.0,8.7,41.7,0.0,0.3,100.0,,,,,,,0.0,2.0,100.0,0.0
2022-05-12,,,,,,,,,,0.0,1.2,70.9,0.0,1.7,100.0,0.0
2022-05-13,,,,,,,,,,,,,0.0,1.6,100.0,0.0
2022-05-14,,,,,,,,,,,,,0.0,1.4,100.0,0.0
2022-05-15,0.3,11.1,65.5,,,,,,,,,,0.0,1.4,100.0,0.0
2022-05-16,0.0,7.2,64.8,,,,,,,,,,0.0,1.7,100.0,0.0
2022-05-17,,,,,,,,,,,,,0.0,1.6,100.0,0.0
2022-05-18,,,,0.0,0.2,88.4,,,,,,,0.0,1.6,100.0,0.0
2022-05-19,,,,,,,,,,,,,0.0,1.3,100.0,0.0
2022-05-20,0.0,5.9,64.4,,,,,,,,,,0.0,1.4,100.0,0.0
2022-05-21,,,,0.0,0.2,45.7,,,,,,,0.0,1.1,100.0,0.0
2022-05-22,,,,,,,,,,,,,0.0,1.0,100.0,0.0
2022-05-23,,,,0.0,0.2,100.0,,,,,,,0.0,0.9,100.0,0.0
2022-05-24,,,,,,,,,,,,,0.0,1.1,100.0,0.0
2022-05-25,,,,,,,,,,0.0,0.4,42.5,0.0,1.0,100.0,0.0
2022-05-26,,,,0.0,0.3,86.8,,,,,,,0.0,1.0,100.0,0.0
2022-05-27,0.0,3.7,66.4,,,,,,,,,,0.0,1.0,100.0,0.0
2022-05-28,0.0,2.0,65.8,,,,,,,,,,0.0,0.9,100.0,0.0
2022-05-29,,,,,,,,,,,,,0.0,1.1,100.0,0.0
2022-05-30,,,,,,,,,,0.0,0.2,100.0,0.0,0.9,100.0,0.0
2022-05-31,,,,0.0,0.1,77.7,,,,,,,0.0,1.3,100.0,0.0
2022-06-01,0.0,1.8,65.8,,,,,,,,,,0.0,0.9,100.0,0.0
2022-06-02,,,,,,,,,,,,,0.0,1.5,100.0,0.0
2022-06-03,,,,,,,,,,,,,0.0,1.3,100.0,0.0
2022-06-04,0.0,1.9,57.1,,,,,,,,,,0.0,1.7,100.0,0.0
2022-06-05,,,,,,,,,,,,,0.0,1.3,100.0,0.0
2022-06-06,,,,,,,,,,0.0,0.1,56.9,0.0,1.6,100.0,0.0
2022-06-07,,,,,,,,,,,,,0.0,1.2,100.0,0.0
2022-06-08,0.2,4.2,86.0,,,,,,,,,,0.0,1.3,100.0,0.0
2022-06-09,,,,,,,,,,,,,0.0,1.4,100.0,0.0
2022-06-10,,,,,,,,,,,,,0.0,1.9,100.0,0.0
2022-06-11,,,,,,,,,,0.0,0.0,99.5,0.0,1.7,100.0,0.0
2022-06-12,,,,0.0,0.1,100.0,,,,,,,0.0,1.7,100.0,0.0
2022-06-13,0.0,2.9,82.1,,,,,,,,,,0.0,1.9,100.0,0.0
2022-06-14,,,,,,,,,,0.0,0.0,100.0,0.0,1.7,100.0,0.0
2022-06-15,,,,,,,,,,,,,0.0,1.8,100.0,0.0
2022-06-16,0.0,0.8,56.4,,,,,,,,,,0.0,1.4,100.0,0.0
2022-06-17,,,,0.0,0.1,63.1,,,,,,,0.0,1.7,100.0,0.0
2022-06-18,,,,,,,,,,0.0,0.0,89.8,0.0,1.3,100.0,0.0
2022-06-19,,,,,,,,,,,,,0.0,1.2,100.0,0.0
2022-06-20,0.0,1.9,85.6,0.0,0.2,34.8,,,,0.0,0.0,100.0,0.0,0.8,100.0,0.0
2022-06-21,0.0,1.3,86.7,,,,,,,,,,0.0,1.1,100.0,0.0
2022-06-22,,,,,,,,,,,,,0.0,1.1,100.0,0.0
2022-06-23,,,,,,,,,,0.0,0.0,100.0,0.0,0.9,100.0,0.0
2022-06-24,,,,,,,,,,,,,0.0,0.8,100.0,0.0
2022-06-25,0.0,2.1,82.2,0.0,0.2,66.8,0.0,0.2,37.4,,,,0.0,1.0,100.0,0.0
2022-06-26,,,,,,,,,,,,,0.0,1.0,100.0,0.0
2022-06-27,,,,0.0,0.1,100.0,,,,0.0,0.0,100.0,0.0,0.7,100.0,0.0
2022-06-28,0.0,0.5,55.6,,,,,,,0.0,0.0,100.0,0.0,0.6,100.0,0.0
2022-06-29,,,,,,,,,,,,,0.0,0.7,100.0,0.0
2022-06-30,,,,0.0,0.1,72.3,,,,,,,0.0,0.7,100.0,0.0
2022-07-01,,,,,,,,,,,,,0.0,0.6,100.0,0.0
2022-07-02,0.0,1.7,84.8,0.0,0.1,100.0,0.0,0.0,59.7,,,,0.0,0.5,100.0,0.0
2022-07-03,0.0,1.3,85.5,,,,,,,,,,0.0,0.6,100.0,0.0
2022-07-04,,,,,,,,,,0.0,0.0,100.0,0.0,0.4,100.0,0.0
2022-07-05,,,,,,,,,,0.0,0.0,44.2,0.0,0.5,100.0,0.0
2022-07-06,,,,,,,,,,,,,0.0,0.5,100.0,0.0
2022-07-07,0.0,2.0,77.6,,,,,,,,,,0.0,0.5,100.0,0.0
2022-07-08,,,,,,,,,,,,,0.0,0.5,100.0,0.0
2022-07-09,,,,,,,,,,,,,0.0,1.0,100.0,0.0
2022-07-10,0.0,0.7,59.5,,,,,,,,,,0.0,1.0,100.0,0.0
2022-07-11,,,,,,,0.0,0.0,54.2,,,,0.0,1.0,100.0,0.0
2022-07-12,,,,0.0,0.1,100.0,,,,,,,0.0,0.6,100.0,0.0
2022-07-13,,,,,,,,,,,,,0.0,0.9,100.0,0.0
2022-07-14,0.0,2.1,82.6,,,,,,,,,,0.0,0.9,100.0,0.0
2022-07-15,0.0,1.3,86.1,,,,,,,,,,0.0,1.0,100.0,0.0
2022-07-16,,,,,,,,,,,,,0.0,0.6,100.0,0.0
2022-07-17,,,,0.0,0.1,100.0,,,,,,,0.0,0.5,100.0,0.0
2022-07-18,,,,,,,,,,,,,0.0,0.6,100.0,0.0
2022-07-19,0.0,2.3,83.4,,,,0.0,0.0,34.1,0.0,0.0,100.0,0.0,0.5,100.0,0.0
2022-07-20,,,,0.0,0.1,100.0,,,,,,,0.0,0.4,100.0,0.0
2022-07-21,,,,,,,,,,,,,0.0,0.3,100.0,0.0
2022-07-22,0.0,0.6,56.3,0.0,0.2,76.8,,,,,,,0.0,0.3,100.0,0.0
2022-07-23,,,,,,,,,,,,,0.0,0.4,100.0,0.0
2022-07-24,,,,,,,,,,,,,0.0,0.3,100.0,0.0
2022-07-25,,,,0.0,0.1,100.0,,,,,,,0.0,0.2,100.0,0.0
2022-07-26,0.0,1.5,87.8,,,,,,,,,,0.0,0.1,100.0,0.0
2022-07-27,0.0,1.3,87.6,,,,,,,,,,0.0,0.1,100.0,0.0
2022-07-28,,,,,,,,,,0.0,0.0,100.0,0.0,0.1,100.0,0.0
2022-07-29,,,,,,,,,,,,,0.0,0.1,100.0,0.0
2022-07-30,,,,,,,,,,,,,0.0,0.1,100.0,0.0
2022-07-31,0.0,1.7,84.2,,,,,,,,,,0.0,0.0,100.0,0.0
2022-08-01,,,,0.0,0.1,59.0,,,,,,,0.0,0.0,100.0,0.0
2022-08-02,,,,,,,,,,,,,0.0,0.1,100.0,0.0
2022-08-03,0.0,0.5,56.0,,,,0.0,0.0,95.5,0.0,0.0,100.0,0.0,0.0,100.0,0.0
2022-08-04,,,,0.0,0.1,100.0,0.0,0.0,95.7,0.0,0.0,100.0,0.0,0.0,100.0,0.0
2022-08-05,,,,,,,,,,,,,0.0,0.0,100.0,0.0
2022-08-06,,,,,,,,,,,,,0.0,0.1,100.0,0.0
2022-08-07,,,,,,,,,,,,,0.0,0.1,100.0,0.0
2022-08-08,0.0,1.3,87.3,,,,,,,0.0,0.0,74.9,0.0,0.1,100.0,0.0
2022-08-09,,,,0.0,0.1,100.0,,,,0.0,0.0,100.0,0.0,0.0,100.0,0.0
2022-08-10,,,,,,,,,,,,,0.0,0.1,100.0,0.0
2022-08-11,,,,0.0,0.1,100.0,0.0,0.0,95.0,,,,0.0,0.1,100.0,0.0
2022-08-12,0.0,1.5,85.0,,,,,,,,,,0.0,0.1,100.0,0.0
2022-08-13,,,,,,,,,,0.0,0.0,100.0,0.0,0.1,100.0,0.0
2022-08-14,,,,0.0,0.1,100.0,,,,0.0,0.0,100.0,0.0,0.1,100.0,0.0
2022-08-15,0.0,0.7,56.9,,,,,,,,,,0.0,0.1,100.0,0.0
2022-08-16,,,,0.0,0.1,100.0,,,,0.0,0.0,100.0,0.0,0.1,100.0,0.0
2022-08-17,,,,,,,,,,0.0,0.0,100.0,0.0,0.1,100.0,0.0
2022-08-18,,,,,,,,,,,,,0.0,0.1,100.0,0.0
2022-08-19,,,,,,,,,,,,,0.0,0.2,100.0,0.0
2022-08-20,0.0,1.3,87.2,,,,,,,,,,0.0,0.1,100.0,0.0
2022-08-21,,,,0.0,0.2,81.3,,,,0.0,0.0,100.0,0.0,0.1,100.0,0.0
2022-08-22,,,,,,,,,,0.0,0.0,87.6,0.0,0.1,100.0,0.0
2022-08-23,,,,,,,,,,0.0,0.0,100.0,0.0,0.2,100.0,0.0
2022-08-24,,,,0.0,0.1,100.0,,,,0.0,0.0,100.0,0.0,0.1,100.0,0.0
2022-08-25,,,,,,,,,,,,,0.0,0.2,100.0,0.0
2022-08-26,,,,0.0,0.1,100.0,,,,0.0,0.0,100.0,0.0,0.1,100.0,0.0
2022-08-27,0.0,0.5,58.2,,,,,,,,,,0.0,0.2,100.0,0.0
2022-08-28,,,,,,,,,,,,,0.0,0.1,100.0,0.0
2022-08-29,,,,0.0,0.1,100.0,,,,,,,0.0,0.1,100.0,0.0
2022-08-30,,,,,,,,,,0.0,0.0,100.0,0.0,0.0,100.0,0.0
2022-08-31,0.0,1.7,88.6,,,,,,,0.0,0.0,100.0,0.0,0.1,100.0,0.0
2022-09-01,0.0,1.2,88.5,,,,,,,0.0,0.0,100.0,0.0,0.0,100.0,0.0
2022-09-02,,,,,,,,,,,,,0.0,0.1,100.0,0.0
2022-09-03,,,,,,,,,,0.0,0.0,100.0,0.0,0.0,100.0,0.0
2022-09-04,,,,,,,,,,,,,0.0,0.0,100.0,0.0
2022-09-05,0.0,1.9,85.9,0.0,0.1,73.5,0.0,0.0,80.5,0.0,0.0,100.0,0.0,0.0,100.0,0.0
2022-09-06,,,,,,,,,,,,,0.0,0.0,100.0,0.0
2022-09-07,,,,,,,,,,,,,0.0,0.0,100.0,0.0
2022-09-08,0.0,0.6,58.4,,,,,,,0.0,0.0,100.0,0.0,0.0,100.0,0.0
2022-09-09,,,,,,,,,,,,,0.0,0.0,100.0,0.0
2022-09-10,,,,,,,,,,,,,0.0,0.0,100.0,0.0
2022-09-11,,,,,,,,,,0.0,0.0,100.0,0.0,0.0,100.0,0.0
2022-09-12,0.0,1.3,87.1,,,,0.0,0.0,88.7,0.0,0.0,100.0,0.0,0.0,100.0,0.0
2022-09-13,0.0,1.0,86.8,,,,0.0,0.0,100.0,,,,0.0,0.0,100.0,0.0
2022-09-14,,,,,,,,,,,,,0.0,0.0,100.0,0.0
2022-09-15,,,,0.0,0.1,61.9,,,,,,,0.0,0.0,100.0,0.0
2022-09-16,,,,,,,,,,,,,0.0,0.0,100.0,0.0
2022-09-17,0.0,1.4,81.6,,,,,,,,,,0.0,0.0,100.0,0.0
2022-09-18,,,,,,,,,,,,,0.0,0.0,100.0,0.0
2022-09-19,,,,,,,,,,,,,0.0,0.0,100.0,0.0
2022-09-20,0.0,0.5,60.5,0.0,0.2,92.3,0.0,0.0,90.6,,,,0.0,0.0,100.0,0.0
2022-09-21,,,,,,,0.0,0.0,43.1,,,,0.0,0.0,100.0,0.0
2022-09-22,,,,,,,,,,,,,0.0,0.0,100.0,0.0
2022-09-23,,,,0.0,0.1,100.0,,,,,,,0.0,0.0,100.0,0.0
2022-09-24,0.0,1.6,84.8,,,,,,,,,,0.0,0.0,100.0,0.0
2022-09-25,0.0,1.2,84.3,,,,,,,,,,0.0,0.0,100.0,0.0
2022-09-26,,,,,,,,,,,,,0.0,0.1,100.0,0.0
2022-09-27,,,,,,,,,,,,,0.0,0.1,100.0,0.0
2022-09-28,,,,,,,,,,,,,0.0,0.1,100.0,0.0
2022-09-29,0.0,2.0,82.1,,,,,,,,,,0.0,0.1,100.0,0.0
2022-09-30,,,,,,,,,,,,,0.0,0.2,100.0,0.0
2022-10-01,,,,,,,,,,,,,0.0,0.2,100.0,0.0
2022-10-02,0.0,0.5,58.1,,,,,,,,,,0.0,0.3,100.0,0.0
2022-10-03,,,,0.0,0.1,100.0,,,,,,,0.0,0.1,100.0,0.0
2022-10-04,,,,,,,,,,,,,0.0,0.1,100.0,0.0
2022-10-05,,,,0.0,0.2,100.0,,,,,,,0.0,0.2,100.0,0.0
2022-10-06,0.0,1.9,85.5,,,,0.0,0.0,99.5,0.0,0.0,100.0,0.0,0.2,100.0,0.0
2022-10-07,0.0,1.4,83.6,,,,0.0,0.0,72.3,0.0,0.0,100.0,0.0,0.2,100.0,0.0
2022-10-08,,,,0.0,0.2,100.0,,,,0.0,0.0,100.0,0.0,0.2,100.0,0.0
2022-10-09,,,,,,,,,,,,,0.0,0.2,100.0,0.0
2022-10-10,,,,,,,,,,,,,0.0,0.3,100.0,0.0
2022-10-11,0.0,1.8,79.5,,,,,,,,,,0.0,0.5,100.0,0.0
2022-10-12,,,,,,,,,,0.0,0.0,100.0,0.0,0.3,100.0,0.0
2022-10-13,,,,0.0,0.1,100.0,,,,,,,0.0,0.5,100.0,0.0
2022-10-14,0.0,0.6,59.1,,,,,,,,,,0.0,0.5,100.0,0.0
2022-10-15,,,,,,,,,,,,,0.0,1.0,100.0,0.0
2022-10-16,,,,,,,,,,0.0,0.0,100.0,0.0,0.5,100.0,0.0
2022-10-17,,,,,,,,,,0.0,0.0,100.0,0.0,0.5,100.0,0.0
2022-10-18,0.0,1.6,86.1,0.0,0.1,93.0,,,,0.0,0.0,100.0,0.0,0.4,100.0,0.0
2022-10-19,0.0,0.9,83.0,,,,,,,,,,0.0,0.5,100.0,0.0
2022-10-20,,,,,,,,,,0.0,0.0,100.0,0.0,0.2,100.0,0.0
2022-10-21,,,,,,,,,,,,,0.0,0.3,100.0,0.0
2022-10-22,,,,,,,,,,,,,0.0,0.3,100.0,0.0
2022-10-23,0.0,1.0,80.5,,,,0.0,0.0,100.0,,,,0.0,0.4,100.0,0.0
2022-10-24,,,,,,,,,,,,,0.0,0.2,100.0,0.0
2022-10-25,,,,0.0,0.1,100.0,,,,,,,0.0,0.3,100.0,0.0
2022-10-26,0.0,0.3,58.2,,,,,,,,,,0.0,0.2,100.0,0.0
2022-10-27,,,,,,,,,,0.0,0.0,100.0,0.0,0.3,100.0,0.0
2022-10-28,,,,0.0,0.2,100.0,,,,,,,0.0,0.2,100.0,0.0
2022-10-29,,,,,,,,,,,,,0.0,0.3,100.0,0.0
2022-10-30,0.0,0.8,82.8,0.0,0.1,100.0,0.0,0.0,99.5,0.0,0.0,100.0,0.0,0.2,100.0,0.0
2022-10-31,0.0,0.8,85.7,,,,,,,,,,0.0,0.4,100.0,0.0
2022-11-01,,,,,,,,,,0.0,0.0,100.0,0.0,0.2,100.0,0.0
2022-11-02,,,,0.0,0.1,100.0,,,,0.0,0.1,100.0,0.0,0.4,100.0,0.0
2022-11-03,,,,,,,,,,,,,0.0,0.5,100.0,0.0
2022-11-04,0.0,1.1,79.9,,,,,,,,,,0.0,0.7,100.0,0.0
2022-11-05,,,,,,,,,,0.0,0.4,100.0,0.0,0.6,100.0,0.0
2022-11-06,,,,,,,,,,,,,0.0,1.1,100.0,0.0
2022-11-07,0.0,0.4,60.2,,,,,,,,,,0.0,1.3,100.0,0.0
2022-11-08,,,,,,,,,,,,,0.0,1.2,100.0,0.0
2022-11-09,,,,0.0,0.4,100.0,,,,,,,0.0,1.1,100.0,0.0
2022-11-10,,,,,,,,,,,,,0.0,1.2,100.0,0.0
2022-11-11,0.0,1.1,85.3,,,,,,,,,,0.0,1.3,100.0,0.0
2022-11-12,0.0,1.2,86.6,,,,,,,,,,0.0,1.0,100.0,0.0
2022-11-13,,,,,,,,,,,,,0.0,0.9,100.0,0.0
2022-11-14,,,,,,,,,,,,,0.0,1.0,100.0,0.0
2022-11-15,,,,,,,0.0,0.1,67.1,,,,0.0,1.5,100.0,0.0
2022-11-16,0.0,1.8,85.0,,,,,,,0.0,0.7,100.0,0.0,1.0,100.0,0.0
2022-11-17,,,,0.0,0.8,100.0,,,,,,,0.0,1.5,100.0,0.0
2022-11-18,,,,,,,,,,,,,0.0,1.3,100.0,0.0
2022-11-19,0.0,0.8,61.2,0.0,1.3,100.0,,,,0.0,0.6,32.9,0.0,1.9,100.0,0.0
2022-11-20,,,,,,,,,,,,,0.0,1.6,100.0,0.0
2022-11-21,,,,,,,,,,,,,0.0,2.7,100.0,0.0
2022-11-22,,,,,,,,,,,,,0.0,2.4,100.0,0.0
2022-11-23,0.0,1.8,88.6,,,,,,,,,,0.0,3.0,100.0,0.0
2022-11-24,0.0,1.4,88.4,3.2,12.3,41.1,,,,,,,0.0,2.0,100.0,0.0
2022-11-25,,,,,,,,,,,,,0.0,2.3,100.0,0.0
2022-11-26,,,,,,,,,,,,,0.0,2.1,100.0,0.0
2022-11-27,,,,0.1,3.5,100.0,,,,0.0,0.8,100.0,0.0,1.7,100.0,0.0
2022-11-28,0.0,1.9,84.2,,,,,,,,,,0.0,1.5,100.0,0.0
2022-11-29,,,,,,,,,,,,,0.0,1.5,100.0,0.0
2022-11-30,,,,,,,,,,0.0,0.6,30.8,0.0,1.8,100.0,0.0
2022-12-01,0.0,0.4,59.9,,,,0.0,0.9,100.0,0.0,2.0,100.0,0.0,1.4,100.0,0.0
2022-12-02,,,,,,,,,,,,,0.0,1.5,100.0,0.0
2022-12-03,,,,,,,,,,,,,0.0,1.3,100.0,0.0
2022-12-04,,,,,,,,,,,,,0.0,1.6,100.0,0.0
2022-12-05,0.0,1.6,87.8,,,,,,,0.0,2.7,100.0,0.0,1.4,100.0,0.0
2022-12-06,0.0,1.4,87.7,,,,,,,0.0,3.8,100.0,0.0,1.4,100.0,0.0
2022-12-07,,,,,,,,,,0.0,3.9,100.0,0.0,1.5,100.0,0.0
2022-12-08,,,,,,,,,,,,,0.0,2.2,100.0,0.0
2022-12-09,,,,,,,,,,,,,0.0,2.0,100.0,0.0
2022-12-10,0.0,1.8,84.2,,,,,,,0.0,6.0,100.0,0.0,1.7,100.0,0.0
2022-12-11,,,,,,,,,,,,,0.0,2.0,100.0,0.0
2022-12-12,,,,,,,,,,,,,0.0,2.3,100.0,0.0
2022-12-13,0.0,0.5,58.7,,,,,,,,,,0.0,2.1,100.0,0.0
2022-12-14,,,,0.0,2.3,47.1,,,,0.0,3.2,100.0,0.0,1.5,100.0,0.0
2022-12-15,,,,,,,,,,,,,0.0,1.9,100.0,0.0
2022-12-16,,,,,,,,,,0.0,1.2,100.0,0.0,1.9,100.0,0.0
2022-12-17,0.1,1.8,87.9,0.0,2.8,39.6,0.0,1.1,71.0,0.0,0.7,100.0,0.0,1.8,100.0,0.0
2022-12-18,0.0,1.8,88.6,,,,0.0,1.2,100.0,0.0,1.4,100.0,0.0,1.5,100.0,0.0
2022-12-19,,,,,,,,,,,,,0.0,1.5,100.0,0.0
2022-12-20,,,,,,,,,,,,,0.0,1.8,100.0,0.0
2022-12-21,,,,,,,,,,,,,0.0,1.4,100.0,0.0
2022-12-22,0.0,2.7,84.9,0.0,2.6,100.0,,,,,,,0.0,1.6,100.0,0.0
2022-12-23,,,,,,,,,,0.0,0.8,100.0,0.0,1.1,100.0,0.0
2022-12-24,,,,,,,,,,,,,0.0,1.9,100.0,0.0
2022-12-25,0.0,1.4,59.2,,,,0.0,0.7,95.3,,,,0.0,1.3,100.0,0.0
2022-12-26,,,,,,,,,,,,,0.0,1.9,100.0,0.0
2022-12-27,,,,,,,,,,0.0,1.2,100.0,0.0,1.2,100.0,0.0
2022-12-28,,,,,,,,,,,,,0.0,3.4,100.0,0.0
2022-12-29,0.1,3.9,89.0,0.0,2.3,100.0,,,,0.0,1.0,100.0,0.0,3.0,100.0,0.0
2022-12-30,0.0,3.0,88.5,,,,,,,,,,0.0,4.4,100.0,0.0
2022-12-31,,,,,,,,,,,,,0.0,4.1,100.0,0.0
2023-01-01,,,,0.0,1.2,100.0,,,,0.0,0.4,100.0,0.0,1.2,100.0,0.0
2023-01-02,,,,,,,0.0,0.5,99.6,,,,0.0,1.3,100.0,0.0
2023-01-03,0.1,1.8,94.2,,,,,,,,,,0.0,1.5,100.0,0.0
2023-01-04,,,,,,,,,,,,,0.0,1.7,100.0,0.0
2023-01-05,,,,,,,,,,0.0,0.6,100.0,0.0,1.5,100.0,0.0
2023-01-06,0.0,0.4,62.8,0.0,1.0,100.0,,,,,,,0.0,2.1,100.0,0.0
2023-01-07,,,,,,,,,,,,,0.0,2.0,100.0,0.0
2023-01-08,,,,,,,,,,,,,0.0,2.8,100.0,0.0
2023-01-09,,,,,,,,,,,,,0.0,3.2,100.0,0.0
2023-01-10,0.0,1.6,95.3,,,,,,,,,,0.0,4.0,100.0,0.0
2023-01-11,0.1,1.7,93.6,,,,,,,0.0,2.8,100.0,0.0,3.5,100.0,0.0
2023-01-12,,,,,,,,,,0.4,6.8,99.9,0.0,3.6,100.0,0.0
2023-01-13,,,,,,,,,,,,,0.0,4.2,100.0,0.0
2023-01-14,,,,,,,,,,,,,0.0,4.5,100.0,0.0
2023-01-15,0.0,1.9,92.3,,,,,,,,,,0.0,4.0,100.0,0.0
2023-01-16,,,,,,,,,,,,,0.0,4.5,100.0,0.0
2023-01-17,,,,,,,,,,,,,0.0,5.5,100.0,0.0
2023-01-18,0.0,0.8,65.0,,,,,,,,,,0.0,5.2,100.0,0.0
2023-01-19,,,,,,,,,,,,,0.0,4.9,100.0,0.0
2023-01-20,,,,,,,,,,,,,0.0,4.0,100.0,0.0
2023-01-21,,,,,,,,,,,,,0.0,5.6,100.0,0.0
2023-01-22,0.5,3.3,95.3,,,,,,,,,,0.0,4.8,100.0,0.0
2023-01-23,0.2,4.2,94.4,,,,,,,,,,0.0,3.9,100.0,0.0
2023-01-24,,,,,,,,,,,,,0.0,3.5,100.0,0.0
2023-01-25,,,,,,,,,,,,,0.0,4.9,100.0,0.0
2023-01-26,,,,0.0,2.1,100.0,0.0,2.1,100.0,,,,0.0,4.8,100.0,0.0
2023-01-27,0.5,6.5,92.2,,,,,,,7.0,15.4,100.0,0.0,3.8,100.0,0.0
2023-01-28,,,,0.1,2.7,94.8,,,,5.2,13.2,99.1,0.0,3.9,100.0,0.0
2023-01-29,,,,,,,,,,,,,0.0,5.2,100.0,0.0
2023-01-30,0.0,3.4,62.1,,,,,,,,,,0.0,6.2,100.0,0.0
2023-01-31,,,,0.0,2.5,100.0,,,,12.6,19.4,100.0,0.0,5.2,100.0,0.0
2023-02-01,,,,,,,,,,,,,0.0,6.3,100.0,0.0
2023-02-02,,,,,,,,,,,,,0.0,7.6,100.0,0.0
2023-02-03,0.4,10.9,92.5,,,,,,,,,,0.0,9.7,100.0,0.0
2023-02-04,0.4,9.3,92.8,,,,0.0,3.6,63.7,18.7,24.7,100.0,0.0,9.0,100.0,0.0
2023-02-05,,,,0.0,2.6,57.2,,,,42.9,44.3,100.0,0.0,10.8,100.0,0.0
2023-02-06,,,,,,,,,,,,,0.0,13.3,100.0,0.0
2023-02-07,,,,0.0,2.0,100.0,,,,,,,0.0,16.2,100.0,0.0
2023-02-08,0.0,3.5,50.7,,,,,,,70.3,60.9,100.0,0.0,18.8,100.0,0.0
2023-02-09,,,,,,,,,,93.4,77.9,100.0,0.0,21.9,100.0,0.0
2023-02-10,,,,0.0,6.2,100.0,,,,99.9,87.5,100.0,0.0,27.1,100.0,0.0
2023-02-11,0.0,3.2,32.8,,,,,,,,,,0.1,28.1,100.0,0.1
2023-02-12,,,,1.0,22.0,67.8,0.0,7.1,65.3,99.8,90.0,100.0,0.8,32.0,100.0,0.8
2023-02-13,,,,,,,,,,99.7,91.8,100.0,0.5,31.3,100.0,0.5
2023-02-14,,,,,,,,,,98.4,91.0,100.0,0.9,32.3,100.0,0.9
2023-02-15,0.0,8.0,50.3,6.7,15.6,100.0,,,,98.2,91.7,100.0,2.6,29.8,100.0,2.6
2023-02-16,0.0,10.3,50.9,,,,,,,98.1,91.8,100.0,3.2,31.1,100.0,3.2
2023-02-17,,,,,,,,,,95.6,88.6,100.0,2.2,29.5,100.0,2.2
2023-02-18,,,,,,,,,,92.6,83.4,100.0,4.2,30.1,100.0,4.2
2023-02-19,,,,,,,,,,90.7,77.3,100.0,4.2,28.9,100.0,4.2
2023-02-20,2.1,21.0,50.8,5.3,11.8,54.0,,,,,,,8.3,34.1,100.0,8.3
2023-02-21,,,,,,,,,,,,,4.4,29.8,100.0,4.4
2023-02-22,,,,53.3,50.4,58.4,,,,,,,3.2,29.6,100.0,3.2
2023-02-23,7.1,18.5,35.2,,,,,,,,,,1.9,27.1,100.0,1.9
2023-02-24,,,,,,,,,,,,,1.6,30.1,100.0,1.6
2023-02-25,,,,86.4,67.1,61.5,,,,91.9,79.4,100.0,1.4,28.7,100.0,1.4
2023-02-26,,,,,,,,,,88.8,73.6,100.0,1.7,30.7,100.0,1.7
2023-02-27,28.4,31.2,51.0,,,,,,,80.9,69.5,100.0,2.9,31.0,100.0,2.9
2023-02-28,34.4,32.4,50.8,,,,,,,,,,15.7,42.3,100.0,15.7
2023-03-01,,,,,,,,,,92.2,74.7,100.0,15.9,38.3,100.0,15.9
2023-03-02,,,,,,,,,,,,,19.6,41.3,100.0,19.6
2023-03-03,,,,,,,,,,99.9,87.0,100.0,15.4,35.3,100.0,15.4
2023-03-04,42.5,37.4,49.8,,,,,,,100.0,93.3,100.0,21.2,40.9,100.0,21.2
2023-03-05,,,,,,,,,,,,,15.3,34.4,100.0,15.3
2023-03-06,,,,,,,,,,100.0,95.8,100.0,18.5,36.9,100.0,18.5
2023-03-07,35.6,31.2,33.7,30.3,42.5,100.0,15.1,20.7,100.0,,,,13.9,32.0,100.0,13.9
2023-03-08,,,,,,,,,,,,,17.9,36.4,100.0,17.9
2023-03-09,,,,38.9,44.9,55.1,,,,,,,11.2,28.2,100.0,11.2
2023-03-10,,,,,,,,,,,,,11.8,29.2,100.0,11.8
2023-03-11,42.1,37.1,51.3,,,,,,,,,,5.5,21.8,100.0,5.5
2023-03-12,37.3,37.0,51.3,,,,,,,,,,6.2,23.3,100.0,6.2
2023-03-13,,,,,,,,,,100.0,95.3,100.0,1.4,16.0,100.0,1.4
2023-03-14,,,,,,,,,,,,,1.1,16.2,100.0,1.1
2023-03-15,,,,,,,,,,,,,0.2,11.7,100.0,0.2
2023-03-16,37.0,36.1,50.8,,,,,,,,,,0.2,12.5,100.0,0.2
2023-03-17,,,,0.6,13.7,100.0,,,,,,,0.0,8.4,100.0,0.0
2023-03-18,,,,,,,,,,100.0,95.8,58.5,0.0,8.6,100.0,0.0
2023-03-19,23.6,29.6,37.8,,,,,,,,,,0.0,6.5,100.0,0.0
2023-03-20,,,,,,,,,,,,,0.0,6.5,100.0,0.0
2023-03-21,,,,,,,,,,100.0,96.1,44.3,0.0,4.8,100.0,0.0
2023-03-22,,,,0.0,3.0,100.0,,,,,,,0.0,4.7,100.0,0.0
2023-03-23,28.3,33.4,50.9,,,,,,,,,,0.0,3.4,100.0,0.0
2023-03-24,22.6,32.8,50.6,,,,,,,,,,0.0,3.3,100.0,0.0
2023-03-25,,,,,,,,,,,,,0.0,2.3,100.0,0.0
2023-03-26,,,,,,,,,,,,,0.0,2.6,100.0,0.0
2023-03-27,,,,,,,,,,,,,0.0,2.3,100.0,0.0
2023-03-28,11.4,26.2,50.9,,,,,,,,,,0.0,2.8,100.0,0.0
2023-03-29,,,,,,,,,,100.0,95.2,100.0,0.0,2.6,100.0,0.0
2023-03-30,,,,,,,,,,,,,0.0,2.9,100.0,0.0
2023-03-31,0.2,14.3,39.3,,,,,,,,,,0.0,2.8,100.0,0.0
2023-04-01,,,,,,,,,,,,,0.0,2.6,100.0,0.0
2023-04-02,,,,,,,,,,,,,0.0,2.5,100.0,0.0
2023-04-03,,,,0.0,3.1,46.2,,,,,,,0.0,2.3,100.0,0.0
2023-04-04,9.9,21.0,50.8,,,,,,,,,,0.0,2.3,100.0,0.0
2023-04-05,12.1,23.7,51.1,,,,,,,,,,0.0,2.2,100.0,0.0
2023-04-06,,,,0.0,0.6,100.0,,,,,,,0.0,2.8,100.0,0.0
2023-04-07,,,,,,,,,,,,,0.0,2.5,100.0,0.0
2023-04-08,,,,,,,,,,,,,0.0,2.5,100.0,0.0
2023-04-09,15.8,30.5,49.5,,,,0.0,4.4,61.5,,,,0.0,2.0,100.0,0.0
2023-04-10,,,,,,,,,,,,,0.0,2.3,100.0,0.0
2023-04-11,,,,,,,,,,,,,0.0,2.0,100.0,0.0
2023-04-12,0.4,20.8,38.8,,,,,,,,,,0.0,1.7,100.0,0.0
2023-04-13,,,,,,,,,,,,,0.0,1.6,100.0,0.0
2023-04-14,,,,,,,,,,,,,0.0,2.3,100.0,0.0
2023-04-15,,,,,,,,,,,,,0.0,2.7,100.0,0.0
2023-04-16,45.4,41.0,50.0,,,,,,,,,,0.0,2.9,100.0,0.0
2023-04-17,16.0,30.7,50.7,,,,,,,,,,0.0,3.1,100.0,0.0
2023-04-18,,,,,,,,,,99.7,94.1,100.0,0.0,3.4,100.0,0.0
2023-04-19,,,,,,,,,,97.5,88.2,100.0,0.0,3.2,100.0,0.0
2023-04-20,,,,,,,,,,,,,0.0,2.7,100.0,0.0
2023-04-21,29.8,37.0,50.2,,,,,,,,,,0.0,2.2,100.0,0.0
2023-04-22,,,,,,,,,,93.4,79.9,100.0,0.0,2.2,100.0,0.0
2023-04-23,,,,,,,,,,,,,0.0,2.1,100.0,0.0
2023-04-24,0.7,17.9,41.3,,,,,,,,,,0.0,1.8,100.0,0.0
2023-04-25,,,,,,,,,,,,,0.0,1.8,100.0,0.0
2023-04-26,,,,0.0,0.3,97.2,,,,88.4,77.2,99.7,0.0,1.9,100.0,0.0
2023-04-27,,,,,,,,,,,,,0.0,2.1,100.0,0.0
2023-04-28,12.4,29.0,50.3,,,,,,,,,,0.0,2.0,100.0,0.0
2023-04-29,7.4,23.1,50.1,,,,,,,87.0,74.3,100.0,0.0,2.0,100.0,0.0
2023-04-30,,,,,,,,,,,,,0.0,2.1,100.0,0.0
2023-05-01,,,,,,,,,,,,,0.0,2.3,100.0,0.0
2023-05-02,,,,,,,,,,,,,0.0,2.1,100.0,0.0
2023-05-03,7.6,27.1,48.9,,,,,,,71.0,57.3,100.0,0.0,2.3,100.0,0.0
2023-05-04,,,,,,,,,,17.0,29.3,100.0,0.0,2.7,100.0,0.0
2023-05-05,,,,,,,,,,,,,0.0,3.3,100.0,0.0
2023-05-06,0.2,17.5,35.1,,,,,,,,,,0.0,3.0,100.0,0.0
2023-05-07,,,,,,,,,,,,,0.0,3.1,100.0,0.0
2023-05-08,,,,,,,,,,,,,0.0,3.2,100.0,0.0
2023-05-09,,,,,,,,,,,,,0.0,3.3,100.0,0.0
2023-05-10,3.9,21.0,51.0,,,,,,,,,,0.0,3.1,100.0,0.0
2023-05-11,4.9,24.1,51.2,,,,,,,,,,0.0,3.3,100.0,0.0
2023-05-12,,,,,,,,,,,,,0.0,3.8,100.0,0.0
2023-05-13,,,,,,,,,,,,,0.0,4.3,100.0,0.0
2023-05-14,,,,,,,,,,0.0,7.5,100.0,0.0,4.0,100.0,0.0
2023-05-15,3.9,23.5,49.7,,,,,,,,,,0.0,4.4,100.0,0.0
2023-05-16,,,,,,,,,,,,,0.0,3.9,100.0,0.0
2023-05-17,,,,,,,,,,,,,0.0,4.8,100.0,0.0
2023-05-18,0.0,19.3,37.5,,,,,,,,,,0.0,5.3,100.0,0.0
2023-05-19,,,,,,,,,,,,,0.0,5.4,100.0,0.0
2023-05-20,,,,,,,,,,,,,0.0,4.5,100.0,0.0
2023-05-21,,,,,,,,,,,,,0.0,5.3,100.0,0.0
2023-05-22,1.0,21.2,50.7,,,,,,,,,,0.0,4.8,100.0,0.0
2023-05-23,1.7,21.9,50.8,,,,,,,,,,0.0,4.6,100.0,0.0
2023-05-24,,,,,,,,,,,,,0.0,3.4,100.0,0.0
2023-05-25,,,,,,,,,,,,,0.0,3.6,100.0,0.0
2023-05-26,,,,0.0,0.2,68.1,,,,,,,0.0,3.3,100.0,0.0
2023-05-27,3.7,24.3,92.6,,,,,,,0.0,1.1,100.0,0.0,2.8,100.0,0.0
2023-05-28,,,,,,,,,,,,,0.0,3.2,100.0,0.0
2023-05-29,,,,,,,,,,,,,0.0,3.0,100.0,0.0
2023-05-30,0.2,14.0,58.8,,,,,,,,,,0.0,3.1,100.0,0.0
2023-05-31,,,,0.0,0.3,73.3,,,,,,,0.0,3.2,100.0,0.0
2023-06-01,,,,,,,,,,,,,0.0,3.4,100.0,0.0
2023-06-02,,,,0.0,0.4,79.0,,,,,,,0.0,3.0,100.0,0.0
2023-06-03,0.4,16.2,96.6,,,,,,,,,,0.0,3.0,100.0,0.0
2023-06-04,0.0,12.4,73.9,,,,,,,,,,0.0,3.1,100.0,0.0
2023-06-05,,,,,,,,,,,,,0.0,3.7,100.0,0.0
2023-06-06,,,,,,,,,,,,,0.0,3.6,100.0,0.0
2023-06-07,,,,0.0,0.4,78.6,,,,,,,0.0,3.8,100.0,0.0
2023-06-08,0.0,10.4,73.9,,,,,,,,,,0.0,4.3,100.0,0.0
2023-06-09,,,,,,,,,,0.0,0.2,85.7,0.0,4.6,100.0,0.0
2023-06-10,,,,,,,,,,,,,0.0,4.9,100.0,0.0
2023-06-11,0.0,3.2,48.9,,,,,,,,,,0.0,4.4,100.0,0.0
2023-06-12,,,,0.0,0.3,98.6,,,,,,,0.0,4.1,100.0,0.0
2023-06-13,,,,,,,,,,0.0,0.1,100.0,0.0,4.1,100.0,0.0
2023-06-14,,,,,,,,,,0.0,0.0,100.0,0.0,4.0,100.0,0.0
2023-06-15,0.0,4.6,74.5,0.0,0.3,64.3,,,,0.0,0.0,100.0,0.0,3.5,100.0,0.0
2023-06-16,0.0,3.2,74.4,,,,,,,,,,0.0,3.8,100.0,0.0
2023-06-17,,,,,,,,,,,,,0.0,4.0,100.0,0.0
2023-06-18,,,,,,,,,,0.0,0.0,100.0,0.0,3.3,100.0,0.0
2023-06-19,,,,,,,,,,0.0,0.0,100.0,0.0,3.1,100.0,0.0
2023-06-20,0.0,3.0,72.6,0.0,0.2,100.0,,,,0.0,0.0,100.0,0.0,3.0,100.0,0.0
2023-06-21,,,,,,,,,,,,,0.0,3.1,100.0,0.0
2023-06-22,,,,,,,,,,,,,0.0,2.6,100.0,0.0
2023-06-23,0.0,0.8,45.8,,,,,,,,,,0.0,2.8,100.0,0.0
2023-06-24,,,,,,,,,,,,,0.0,3.9,100.0,0.0
2023-06-25,,,,0.0,0.2,100.0,,,,,,,0.0,3.3,100.0,0.0
2023-06-26,,,,,,,,,,,,,0.0,1.8,100.0,0.0
2023-06-27,0.0,1.7,72.4,,,,,,,,,,0.0,2.0,100.0,0.0
2023-06-28,0.0,1.2,74.5,,,,,,,,,,0.0,1.9,100.0,0.0
2023-06-29,,,,,,,,,,0.0,0.0,100.0,0.0,1.7,100.0,0.0
2023-06-30,,,,,,,,,,0.0,0.0,60.6,0.0,1.3,100.0,0.0
2023-07-01,,,,,,,,,,,,,0.0,1.5,100.0,0.0
2023-07-02,0.0,1.5,74.2,0.0,0.1,58.2,,,,,,,0.0,1.3,100.0,0.0
2023-07-03,,,,,,,,,,0.0,0.0,48.3,0.0,1.6,100.0,0.0
2023-07-04,,,,,,,,,,,,,0.0,1.2,100.0,0.0
2023-07-05,0.0,0.5,49.6,0.0,0.2,76.7,,,,,,,0.0,1.6,100.0,0.0
2023-07-06,,,,,,,,,,0.0,0.0,97.1,0.0,1.1,100.0,0.0
2023-07-07,,,,0.0,0.2,100.0,,,,,,,0.0,1.5,100.0,0.0
2023-07-08,,,,,,,,,,0.0,0.0,100.0,0.0,0.9,100.0,0.0
2023-07-09,0.0,1.4,73.0,,,,,,,,,,0.0,1.5,100.0,0.0
2023-07-10,0.0,1.3,73.3,,,,,,,,,,0.0,1.0,100.0,0.0
2023-07-11,,,,,,,,,,,,,0.0,1.2,100.0,0.0
2023-07-12,,,,,,,,,,,,,0.0,1.1,100.0,0.0
2023-07-13,,,,,,,,,,,,,0.0,1.4,100.0,0.0
2023-07-14,0.0,1.8,73.1,,,,,,,0.0,0.0,92.5,0.0,1.2,100.0,0.0
2023-07-15,,,,0.0,0.1,100.0,,,,0.0,0.0,100.0,0.0,1.0,100.0,0.0
2023-07-16,,,,,,,,,,0.0,0.0,100.0,0.0,0.6,100.0,0.0
2023-07-17,0.0,0.7,48.7,0.0,0.1,56.2,,,,,,,0.0,0.6,100.0,0.0
2023-07-18,,,,,,,,,,,,,0.0,0.4,100.0,0.0
2023-07-19,,,,,,,,,,,,,0.0,0.4,100.0,0.0
2023-07-20,,,,,,,,,,,,,0.0,0.3,100.0,0.0
2023-07-21,0.0,2.1,74.7,,,,,,,,,,0.0,0.3,100.0,0.0
2023-07-22,0.0,1.5,74.7,,,,,,,,,,0.0,0.2,100.0,0.0
2023-07-23,,,,,,,,,,,,,0.0,0.2,100.0,0.0
2023-07-24,,,,,,,,,,,,,0.0,0.1,100.0,0.0
2023-07-25,,,,,,,,,,,,,0.0,0.1,100.0,0.0
2023-07-26,0.0,1.8,74.7,,,,,,,,,,0.0,0.1,100.0,0.0
2023-07-27,,,,,,,,,,,,,0.0,0.1,100.0,0.0
2023-07-28,,,,,,,,,,,,,0.0,0.0,100.0,0.0
2023-07-29,0.0,0.5,48.7,,,,,,,,,,0.0,0.0,100.0,0.0
2023-07-30,,,,,,,,,,,,,0.0,0.0,100.0,0.0
2023-07-31,,,,,,,,,,,,,0.0,0.0,100.0,0.0
2023-08-01,,,,,,,,,,,,,0.0,0.0,100.0,0.0
2023-08-02,0.1,1.7,74.7,,,,,,,,,,0.0,0.0,100.0,0.0
2023-08-03,0.1,1.8,74.6,,,,,,,,,,0.0,0.0,100.0,0.0
2023-08-04,,,,,,,,,,,,,0.0,0.0,100.0,0.0
2023-08-05,,,,,,,,,,,,,0.0,0.1,100.0,0.0
2023-08-06,,,,,,,,,,,,,0.0,0.1,100.0,0.0
2023-08-07,0.2,1.9,74.6,,,,,,,,,,0.0,0.1,100.0,0.0
2023-08-08,,,,,,,,,,0.0,0.0,36.5,0.0,0.0,100.0,0.0
2023-08-09,,,,,,,,,,,,,0.0,0.1,100.0,0.0
2023-08-10,0.0,0.6,53.0,,,,,,,,,,0.0,0.1,100.0,0.0
2023-08-11,,,,,,,,,,0.0,0.0,100.0,0.0,0.0,100.0,0.0
2023-08-12,,,,,,,,,,,,,0.0,0.0,100.0,0.0
2023-08-13,,,,,,,,,,,,,0.0,0.1,100.0,0.0
2023-08-14,0.2,2.1,74.7,0.0,0.1,100.0,0.0,0.0,77.2,0.0,0.0,100.0,0.0,0.0,100.0,0.0
2023-08-15,0.0,1.7,74.3,,,,0.0,0.0,83.3,0.0,0.0,100.0,0.0,0.0,100.0,0.0
2023-08-16,,,,0.0,0.1,100.0,,,,0.0,0.0,100.0,0.0,0.0,100.0,0.0
2023-08-17,,,,,,,,,,,,,0.0,0.0,100.0,0.0
2023-08-18,,,,,,,,,,,,,0.0,0.0,100.0,0.0
2023-08-19,0.6,2.6,74.5,0.0,0.2,100.0,,,,0.0,0.0,100.0,0.0,0.0,100.0,0.0
2023-08-20,,,,,,,,,,,,,0.0,0.0,100.0,0.0
2023-08-21,,,,0.0,0.2,78.8,,,,,,,0.0,0.0,100.0,0.0
2023-08-22,0.0,0.6,47.7,,,,0.0,0.0,99.6,,,,0.0,0.0,100.0,0.0
2023-08-23,,,,,,,,,,,,,0.0,0.0,100.0,0.0
2023-08-24,,,,0.0,0.1,100.0,,,,,,,0.0,0.0,100.0,0.0
2023-08-25,,,,,,,,,,,,,0.0,0.0,100.0,0.0
2023-08-26,0.0,2.3,74.4,,,,,,,,,,0.0,0.0,100.0,0.0
2023-08-27,0.0,2.2,67.7,,,,,,,,,,0.0,0.1,100.0,0.0
2023-08-28,,,,,,,,,,,,,0.0,0.1,100.0,0.0
2023-08-29,,,,,,,,,,,,,0.0,0.1,100.0,0.0
2023-08-30,,,,,,,,,,,,,0.0,0.1,100.0,0.0
2023-08-31,0.0,2.2,68.8,,,,,,,,,,0.0,0.1,100.0,0.0
2023-09-01,,,,,,,,,,,,,0.0,0.0,100.0,0.0
2023-09-02,,,,,,,,,,0.0,0.0,100.0,0.0,0.0,100.0,0.0
2023-09-03,0.0,0.3,46.9,,,,,,,0.0,0.0,100.0,0.0,0.0,100.0,0.0
2023-09-04,,,,,,,,,,,,,0.0,0.0,100.0,0.0
2023-09-05,,,,0.0,0.1,100.0,,,,,,,0.0,0.0,100.0,0.0
2023-09-06,,,,,,,,,,,,,0.0,0.0,100.0,0.0
2023-09-07,0.0,1.4,68.8,,,,0.0,0.0,92.5,,,,0.0,0.0,100.0,0.0
2023-09-08,0.0,0.7,66.4,0.0,0.1,100.0,0.0,0.0,100.0,,,,0.0,0.0,100.0,0.0
2023-09-09,,,,,,,,,,0.0,0.0,100.0,0.0,0.0,100.0,0.0
2023-09-10,,,,0.0,0.1,100.0,,,,,,,0.0,0.0,100.0,0.0
2023-09-11,,,,,,,,,,,,,0.0,0.0,100.0,0.0
2023-09-12,0.0,0.8,68.3,,,,,,,,,,0.0,0.0,100.0,0.0
2023-09-13,,,,,,,,,,,,,0.0,0.0,100.0,0.0
2023-09-14,,,,,,,,,,,,,0.0,0.0,100.0,0.0
2023-09-15,0.0,0.2,47.8,0.0,0.1,80.8,,,,,,,0.0,0.1,100.0,0.0
2023-09-16,,,,,,,,,,,,,0.0,0.1,100.0,0.0
2023-09-17,,,,,,,,,,,,,0.0,0.1,100.0,0.0
2023-09-18,,,,,,,,,,,,,0.0,0.1,100.0,0.0
2023-09-19,0.0,0.6,68.8,,,,,,,,,,0.0,0.1,100.0,0.0
2023-09-20,0.0,0.5,67.7,,,,,,,,,,0.0,0.1,100.0,0.0
2023-09-21,,,,,,,,,,,,,0.0,0.1,100.0,0.0
2023-09-22,,,,,,,,,,,,,0.0,0.1,100.0,0.0
2023-09-23,,,,,,,,,,,,,0.0,0.2,100.0,0.0
2023-09-24,0.0,0.6,68.1,,,,,,,,,,0.0,0.2,100.0,0.0
2023-09-25,,,,0.0,0.1,100.0,,,,0.0,0.0,100.0,0.0,0.1,100.0,0.0
2023-09-26,,,,,,,,,,0.0,0.0,100.0,0.0,0.1,100.0,0.0
2023-09-27,0.0,0.3,46.2,,,,,,,,,,0.0,0.1,100.0,0.0
2023-09-28,,,,0.0,0.1,100.0,,,,,,,0.0,0.1,100.0,0.0
2023-09-29,,,,,,,,,,0.0,0.0,60.8,0.0,0.1,100.0,0.0
2023-09-30,,,,0.0,0.2,100.0,,,,,,,0.0,0.1,100.0,0.0
2023-10-01,0.0,0.7,67.3,,,,0.0,0.0,99.0,,,,0.0,0.1,100.0,0.0
2023-10-02,0.0,0.8,66.3,,,,,,,,,,0.0,0.1,100.0,0.0
2023-10-03,,,,0.0,0.1,100.0,,,,0.0,0.1,100.0,0.0,0.1,100.0,0.0
2023-10-04,,,,,,,,,,0.0,0.1,89.4,0.0,0.1,100.0,0.0
2023-10-05,,,,,,,,,,,,,0.0,0.2,100.0,0.0
2023-10-06,0.0,1.1,69.5,,,,,,,,,,0.0,0.1,100.0,0.0
2023-10-07,,,,,,,,,,,,,0.0,0.1,100.0,0.0
2023-10-08,,,,,,,,,,0.0,0.1,70.6,0.0,0.2,100.0,0.0
2023-10-09,0.0,0.4,44.7,,,,0.0,0.0,60.2,,,,0.0,0.2,100.0,0.0
2023-10-10,,,,0.0,0.1,66.5,0.0,0.0,65.8,0.0,0.1,97.6,0.0,0.2,100.0,0.0
2023-10-11,,,,,,,,,,0.0,0.1,100.0,0.0,0.2,100.0,0.0
2023-10-12,,,,,,,,,,0.0,0.1,100.0,0.0,0.2,100.0,0.0
2023-10-13,0.0,0.9,69.1,0.0,0.1,100.0,,,,,,,0.0,0.3,100.0,0.0
2023-10-14,0.0,0.7,66.7,,,,,,,0.0,0.2,100.0,0.0,0.3,100.0,0.0
2023-10-15,,,,,,,,,,0.0,0.3,100.0,0.0,0.3,100.0,0.0
2023-10-16,,,,,,,,,,,,,0.0,0.5,100.0,0.0
2023-10-17,,,,,,,0.0,0.1,70.1,,,,0.0,0.5,100.0,0.0
2023-10-18,0.0,0.8,68.6,0.0,0.1,100.0,,,,,,,0.0,0.5,100.0,0.0
2023-10-19,,,,,,,,,,,,,0.0,0.3,100.0,0.0
2023-10-20,,,,,,,,,,,,,0.0,0.5,100.0,0.0
2023-10-21,0.0,0.2,44.4,,,,,,,0.0,0.4,93.0,0.0,0.4,100.0,0.0
2023-10-22,,,,,,,,,,,,,0.0,0.6,100.0,0.0
2023-10-23,,,,0.0,0.1,100.0,,,,0.0,0.2,100.0,0.0,0.4,100.0,0.0
2023-10-24,,,,,,,,,,,,,0.0,0.5,100.0,0.0
2023-10-25,0.0,0.8,69.1,,,,,,,0.0,0.1,100.0,0.0,0.4,100.0,0.0
2023-10-26,,,,,,,,,,,,,0.0,0.7,100.0,0.0
2023-10-27,,,,,,,,,,,,,0.0,0.4,100.0,0.0
2023-10-28,,,,0.0,0.2,100.0,,,,0.0,0.0,100.0,0.0,0.5,100.0,0.0
2023-10-29,,,,,,,,,,0.0,0.0,100.0,0.0,0.4,100.0,0.0
2023-10-30,0.0,0.9,68.8,,,,,,,,,,0.0,0.4,100.0,0.0
2023-10-31,,,,,,,,,,,,,0.0,0.4,100.0,0.0
2023-11-01,,,,,,,,,,,,,0.0,0.5,100.0,0.0
2023-11-02,0.0,0.3,45.1,,,,,,,,,,0.0,0.4,100.0,0.0
2023-11-03,,,,,,,,,,0.0,0.0,100.0,0.0,0.4,100.0,0.0
2023-11-04,,,,0.0,1.3,100.0,,,,,,,0.0,0.5,100.0,0.0
2023-11-05,,,,,,,,,,,,,0.0,0.4,100.0,0.0
2023-11-06,0.0,1.1,69.0,,,,,,,0.0,0.0,100.0,0.0,0.4,100.0,0.0
2023-11-07,0.0,1.1,68.0,,,,,,,,,,0.0,0.3,100.0,0.0
2023-11-08,,,,,,,,,,,,,0.0,0.4,100.0,0.0
2023-11-09,,,,0.0,2.7,100.0,,,,,,,0.0,0.3,100.0,0.0
2023-11-10,,,,,,,0.0,0.2,100.0,,,,0.0,0.5,100.0,0.0
2023-11-11,0.0,2.5,69.0,,,,,,,,,,0.0,0.3,100.0,0.0
2023-11-12,,,,,,,,,,,,,0.0,0.5,100.0,0.0
2023-11-13,,,,,,,,,,0.0,0.0,89.2,0.0,0.3,100.0,0.0
2023-11-14,0.0,0.8,46.8,,,,,,,,,,0.0,0.6,100.0,0.0
2023-11-15,,,,,,,,,,0.0,0.0,100.0,0.0,0.3,100.0,0.0
2023-11-16,,,,,,,,,,,,,0.0,0.5,100.0,0.0
2023-11-17,,,,,,,,,,,,,0.0,0.5,100.0,0.0
2023-11-18,0.0,2.5,69.3,,,,,,,,,,0.0,0.9,100.0,0.0
2023-11-19,0.0,2.2,68.3,,,,,,,,,,0.0,0.9,100.0,0.0
2023-11-20,,,,,,,,,,,,,0.0,1.1,100.0,0.0
2023-11-21,,,,,,,,,,,,,0.0,1.1,100.0,0.0
2023-11-22,,,,,,,,,,,,,0.0,1.3,100.0,0.0
2023-11-23,0.0,2.8,69.3,,,,,,,,,,0.0,1.1,100.0,0.0
2023-11-24,,,,0.3,2.6,85.5,,,,,,,0.0,1.0,100.0,0.0
2023-11-25,,,,,,,,,,,,,0.0,1.0,100.0,0.0
2023-11-26,0.0,0.6,45.5,,,,,,,,,,0.0,1.2,100.0,0.0
2023-11-27,,,,0.0,2.0,100.0,0.0,5.1,100.0,,,,0.0,1.9,100.0,0.0
2023-11-28,,,,,,,,,,,,,0.0,1.8,100.0,0.0
2023-11-29,,,,0.0,2.2,100.0,,,,,,,0.0,1.7,100.0,0.0
2023-11-30,0.0,2.9,69.6,,,,,,,,,,0.0,1.3,100.0,0.0
2023-12-01,0.0,2.4,68.6,,,,,,,,,,0.0,1.7,100.0,0.0
2023-12-02,,,,,,,,,,,,,0.0,1.6,100.0,0.0
2023-12-03,,,,,,,,,,0.0,0.1,100.0,0.0,1.5,100.0,0.0
2023-12-04,,,,,,,,,,,,,0.0,1.6,100.0,0.0
2023-12-05,0.0,2.7,69.1,,,,,,,0.0,0.2,100.0,0.0,1.7,100.0,0.0
2023-12-06,,,,,,,,,,0.0,0.1,100.0,0.0,1.9,100.0,0.0
2023-12-07,,,,0.0,2.5,100.0,,,,0.0,0.1,100.0,0.0,1.6,100.0,0.0
2023-12-08,0.0,0.4,44.4,,,,,,,0.0,0.2,100.0,0.0,1.5,100.0,0.0
2023-12-09,,,,0.0,2.5,100.0,,,,,,,0.0,1.6,100.0,0.0
2023-12-10,,,,,,,,,,,,,0.0,1.7,100.0,0.0
2023-12-11,,,,,,,,,,,,,0.0,1.4,100.0,0.0
2023-12-12,0.0,2.5,69.2,,,,,,,0.0,0.2,100.0,0.0,1.5,100.0,0.0
2023-12-13,0.0,2.6,67.8,,,,,,,,,,0.0,1.5,100.0,0.0
2023-12-14,,,,,,,,,,,,,0.0,2.0,100.0,0.0
2023-12-15,,,,,,,,,,0.0,0.2,100.0,0.0,1.1,100.0,0.0
2023-12-16,,,,,,,,,,,,,0.0,1.7,100.0,0.0
2023-12-17,0.0,4.8,68.8,0.0,2.5,100.0,,,,,,,0.0,1.3,100.0,0.0
2023-12-18,,,,,,,,,,,,,0.0,2.2,100.0,0.0
2023-12-19,,,,0.0,2.8,100.0,,,,0.0,0.1,100.0,0.0,1.1,100.0,0.0
2023-12-20,0.0,0.8,45.1,,,,,,,,,,0.0,1.8,100.0,0.0
2023-12-21,,,,,,,,,,0.0,0.1,100.0,0.0,1.3,100.0,0.0
2023-12-22,,,,,,,,,,,,,0.0,1.9,100.0,0.0
2023-12-23,,,,,,,,,,0.0,0.1,100.0,0.0,1.0,100.0,0.0
2023-12-24,0.0,6.0,69.8,,,,,,,0.0,0.1,100.0,0.0,1.3,100.0,0.0
2023-12-25,0.1,6.4,69.0,,,,,,,,,,0.0,1.4,100.0,0.0
2023-12-26,,,,,,,,,,,,,0.0,1.8,100.0,0.0
2023-12-27,,,,0.0,2.0,100.0,,,,,,,0.0,1.8,100.0,0.0
2023-12-28,,,,,,,0.4,10.5,88.9,,,,0.0,2.6,100.0,0.0
2023-12-29,0.0,8.2,68.8,0.0,1.0,70.2,,,,,,,0.0,2.9,100.0,0.0
2023-12-30,,,,,,,,,,,,,0.0,2.5,100.0,0.0
2023-12-31,,,,,,,,,,,,,0.0,2.3,100.0,0.0
2024-01-01,0.0,2.1,30.2,0.0,2.2,100.0,,,,,,,0.0,3.7,100.0,0.0
2024-01-02,,,,,,,,,,,,,0.0,4.3,100.0,0.0
2024-01-03,,,,0.1,3.9,100.0,,,,0.0,0.1,100.0,0.0,2.7,100.0,0.0
2024-01-04,,,,,,,,,,,,,0.0,3.8,100.0,0.0
2024-01-05,0.0,9.7,46.8,,,,,,,,,,0.0,2.2,100.0,0.0
2024-01-06,0.0,5.7,46.0,,,,,,,,,,0.0,2.9,100.0,0.0
2024-01-07,,,,,,,,,,,,,0.0,2.0,100.0,0.0
2024-01-08,,,,,,,,,,,,,0.0,2.8,100.0,0.0
2024-01-09,,,,,,,,,,0.0,0.1,100.0,0.0,1.7,100.0,0.0
2024-01-10,0.0,5.5,46.7,,,,,,,,,,0.0,2.4,100.0,0.0
2024-01-11,,,,0.3,5.7,100.0,,,,,,,0.0,2.3,100.0,0.0
2024-01-12,,,,,,,,,,,,,0.0,3.1,100.0,0.0
2024-01-13,0.0,1.2,30.2,0.0,4.8,100.0,0.1,12.4,98.2,0.0,0.1,100.0,0.0,2.4,100.0,0.0
2024-01-14,,,,,,,0.0,8.7,98.4,0.0,0.1,100.0,0.0,2.6,100.0,0.0
2024-01-15,,,,,,,,,,,,,0.0,2.8,100.0,0.0
2024-01-16,,,,0.0,4.0,100.0,,,,,,,0.0,3.6,100.0,0.0
2024-01-17,0.0,4.3,46.9,,,,,,,,,,0.0,3.0,100.0,0.0
2024-01-18,0.0,3.2,45.8,0.0,4.0,100.0,,,,,,,0.0,3.9,100.0,0.0
2024-01-19,,,,,,,,,,,,,0.0,4.0,100.0,0.0
2024-01-20,,,,,,,,,,,,,0.0,5.3,100.0,0.0
2024-01-21,,,,0.0,4.1,100.0,2.8,25.6,97.5,,,,0.0,5.5,100.0,0.0
2024-01-22,0.0,3.1,46.6,,,,,,,,,,0.0,3.9,100.0,0.0
2024-01-23,,,,,,,,,,,,,0.0,4.0,100.0,0.0
2024-01-24,,,,,,,,,,,,,0.0,4.1,100.0,0.0
2024-01-25,0.0,1.1,33.3,,,,,,,,,,0.0,4.7,100.0,0.0
2024-01-26,,,,0.0,6.9,85.7,,,,,,,0.0,4.1,100.0,0.0
2024-01-27,,,,,,,,,,,,,0.0,5.0,100.0,0.0
2024-01-28,,,,0.0,5.5,100.0,,,,,,,0.0,5.2,100.0,0.0
2024-01-29,0.0,3.0,47.2,,,,2.1,14.2,92.9,,,,0.0,7.2,100.0,0.0
2024-01-30,0.0,3.0,45.9,,,,0.8,13.6,93.9,,,,0.0,8.4,100.0,0.0
2024-01-31,,,,,,,,,,,,,0.0,10.3,100.0,0.0
2024-02-01,,,,,,,,,,,,,0.0,9.1,100.0,0.0
2024-02-02,,,,,,,,,,,,,0.0,9.7,100.0,0.0
2024-02-03,0.0,3.7,46.3,,,,,,,,,,0.0,9.4,100.0,0.0
2024-02-04,,,,,,,,,,,,,0.0,9.6,100.0,0.0
2024-02-05,,,,0.0,5.1,100.0,,,,,,,0.0,8.2,100.0,0.0
2024-02-06,0.0,2.7,31.1,,,,,,,,,,0.0,7.9,100.0,0.0
2024-02-07,,,,0.0,9.9,42.4,,,,,,,0.0,7.8,100.0,0.0
2024-02-08,,,,,,,,,,,,,0.0,7.4,100.0,0.0
2024-02-09,,,,,,,,,,,,,0.0,6.3,100.0,0.0
2024-02-10,0.0,6.4,67.2,,,,,,,,,,0.0,5.4,100.0,0.0
2024-02-11,0.0,5.2,63.7,,,,,,,,,,0.0,4.8,100.0,0.0
2024-02-12,,,,0.1,7.3,95.7,,,,,,,0.0,5.0,100.0,0.0
2024-02-13,,,,,,,,,,,,,0.0,5.4,100.0,0.0
2024-02-14,,,,,,,,,,,,,0.0,5.7,100.0,0.0
2024-02-15,0.0,6.1,63.5,1.9,15.2,100.0,,,,,,,0.0,5.9,100.0,0.0
2024-02-16,,,,,,,,,,,,,0.0,6.4,100.0,0.0
2024-02-17,,,,,,,,,,,,,0.0,8.2,100.0,0.0
2024-02-18,0.0,5.0,45.3,,,,,,,,,,0.0,7.8,100.0,0.0
2024-02-19,,,,,,,,,,,,,0.0,7.2,100.0,0.0
2024-02-20,,,,,,,,,,,,,0.0,6.7,100.0,0.0
2024-02-21,,,,,,,,,,,,,0.0,7.5,100.0,0.0
2024-02-22,0.2,7.1,62.9,,,,,,,,,,0.0,6.5,100.0,0.0
2024-02-23,0.5,5.2,58.7,,,,,,,0.0,0.3,91.5,0.0,5.7,100.0,0.0
2024-02-24,,,,,,,,,,,,,0.0,6.7,100.0,0.0
2024-02-25,,,,,,,,,,,,,0.0,7.8,100.0,0.0
2024-02-26,,,,,,,,,,,,,0.0,6.8,100.0,0.0
2024-02-27,1.3,7.2,60.9,,,,,,,,,,0.0,6.7,100.0,0.0
2024-02-28,,,,,,,,,,,,,0.0,7.2,100.0,0.0
2024-02-29,,,,,,,,,,,,,0.0,7.2,100.0,0.0
2024-03-01,0.0,3.5,36.9,,,,,,,,,,0.0,6.2,100.0,0.0
2024-03-02,,,,,,,,,,,,,0.0,4.3,100.0,0.0
2024-03-03,,,,,,,,,,,,,0.0,4.3,100.0,0.0
2024-03-04,,,,,,,,,,,,,0.0,3.8,100.0,0.0
2024-03-05,3.1,8.7,56.8,,,,,,,,,,0.0,3.8,100.0,0.0
2024-03-06,0.4,8.4,53.8,,,,,,,,,,0.0,3.1,100.0,0.0
2024-03-07,,,,,,,,,,,,,0.0,3.5,100.0,0.0
2024-03-08,,,,9.7,31.9,95.8,,,,,,,0.0,3.9,100.0,0.0
2024-03-09,,,,,,,,,,,,,0.0,5.0,100.0,0.0
2024-03-10,1.8,10.0,55.6,,,,,,,,,,0.0,4.6,100.0,0.0
2024-03-11,,,,1.8,18.2,100.0,,,,,,,0.0,5.0,100.0,0.0
2024-03-12,,,,,,,,,,,,,0.0,4.5,100.0,0.0
2024-03-13,0.3,11.8,45.1,3.9,24.4,45.9,,,,,,,0.0,4.6,100.0,0.0
2024-03-14,,,,,,,,,,,,,0.0,4.5,100.0,0.0
2024-03-15,,,,,,,,,,0.0,0.3,100.0,0.0,3.4,100.0,0.0
2024-03-16,,,,,,,,,,,,,0.0,4.1,100.0,0.0
2024-03-17,9.9,23.8,60.8,,,,,,,,,,0.0,3.8,100.0,0.0
2024-03-18,5.7,18.0,50.0,,,,,,,,,,0.0,3.4,100.0,0.0
2024-03-19,,,,,,,,,,,,,0.0,3.0,100.0,0.0
2024-03-20,,,,,,,,,,,,,0.0,3.2,100.0,0.0
2024-03-21,,,,,,,,,,,,,0.0,3.0,100.0,0.0
2024-03-22,14.3,26.1,59.9,,,,,,,,,,0.0,2.6,100.0,0.0
2024-03-23,,,,0.0,7.9,100.0,,,,,,,0.0,2.0,100.0,0.0
2024-03-24,,,,,,,,,,,,,0.0,1.9,100.0,0.0
2024-03-25,0.6,17.4,46.0,,,,0.0,8.9,43.9,,,,0.0,2.2,100.0,0.0
2024-03-26,,,,0.0,10.4,57.5,,,,,,,0.0,2.0,100.0,0.0
2024-03-27,,,,,,,,,,,,,0.0,2.2,100.0,0.0
2024-03-28,,,,,,,,,,,,,0.0,2.0,100.0,0.0
2024-03-29,15.7,29.8,64.7,,,,,,,,,,0.0,2.4,100.0,0.0
2024-03-30,12.5,26.3,60.9,,,,,,,,,,0.0,2.5,100.0,0.0
2024-03-31,,,,,,,,,,,,,0.0,3.4,100.0,0.0
2024-04-01,,,,,,,,,,,,,0.0,3.2,100.0,0.0
2024-04-02,,,,0.5,10.0,50.9,,,,,,,0.0,3.5,100.0,0.0
2024-04-03,23.1,32.6,60.0,,,,,,,,,,0.0,3.5,100.0,0.0
2024-04-04,,,,,,,,,,,,,0.0,3.9,100.0,0.0
2024-04-05,,,,0.0,2.6,100.0,,,,,,,0.0,4.5,100.0,0.0
2024-04-06,12.9,26.4,41.0,,,,,,,0.0,0.3,81.0,0.0,3.9,100.0,0.0
2024-04-07,,,,0.0,2.4,100.0,,,,,,,0.0,4.9,100.0,0.0
2024-04-08,,,,,,,,,,,,,0.0,3.5,100.0,0.0
2024-04-09,,,,,,,,,,,,,0.0,4.6,100.0,0.0
2024-04-10,30.6,38.0,62.7,,,,,,,,,,0.0,3.4,100.0,0.0
2024-04-11,24.6,32.5,59.5,,,,3.0,16.2,97.5,,,,0.0,4.3,100.0,0.0
2024-04-12,,,,0.0,8.8,100.0,,,,0.0,0.5,100.0,0.0,2.7,100.0,0.0
2024-04-13,,,,,,,,,,,,,0.0,3.6,100.0,0.0
2024-04-14,,,,,,,,,,,,,0.0,2.6,100.0,0.0
2024-04-15,27.8,34.2,59.7,,,,,,,,,,0.0,3.2,100.0,0.0
2024-04-16,,,,,,,,,,0.0,0.8,44.7,0.0,2.5,100.0,0.0
2024-04-17,,,,,,,,,,,,,0.0,2.9,100.0,0.0
2024-04-18,12.2,24.4,41.6,,,,,,,,,,0.0,2.4,100.0,0.0
2024-04-19,,,,,,,,,,,,,0.0,2.9,100.0,0.0
2024-04-20,,,,,,,,,,0.0,1.4,70.7,0.0,2.3,100.0,0.0
2024-04-21,,,,,,,,,,,,,0.0,3.1,100.0,0.0
2024-04-22,25.1,31.5,59.8,,,,,,,,,,0.0,2.8,100.0,0.0
2024-04-23,16.4,25.3,58.9,,,,,,,,,,0.0,3.6,100.0,0.0
2024-04-24,,,,,,,,,,,,,0.0,3.9,100.0,0.0
2024-04-25,,,,0.0,10.5,100.0,,,,,,,0.0,5.1,100.0,0.0
2024-04-26,,,,,,,,,,,,,0.0,4.6,100.0,0.0
2024-04-27,19.0,26.1,60.9,,,,,,,,,,0.0,5.2,100.0,0.0
2024-04-28,,,,,,,,,,,,,0.0,4.6,100.0,0.0
2024-04-29,,,,,,,,,,,,,0.0,4.9,100.0,0.0
2024-04-30,1.6,15.9,43.2,,,,,,,0.0,1.0,100.0,0.0,3.1,100.0,0.0
2024-05-01,,,,,,,,,,,,,0.0,3.7,100.0,0.0
2024-05-02,,,,,,,,,,,,,0.0,3.1,100.0,0.0
2024-05-03,,,,,,,,,,,,,0.0,3.3,100.0,0.0
2024-05-04,15.7,22.8,64.6,,,,,,,,,,0.0,2.8,100.0,0.0
2024-05-05,5.1,14.9,59.9,0.0,1.1,61.4,,,,,,,0.0,3.1,100.0,0.0
2024-05-06,,,,,,,,,,,,,0.0,2.8,100.0,0.0
2024-05-07,,,,,,,,,,,,,0.0,2.5,100.0,0.0
2024-05-08,,,,,,,,,,,,,0.0,1.6,100.0,0.0
2024-05-09,12.3,19.1,62.4,,,,,,,,,,0.0,1.9,100.0,0.0
2024-05-10,,,,0.0,0.6,100.0,,,,,,,0.0,2.2,100.0,0.0
2024-05-11,,,,,,,,,,,,,0.0,1.9,100.0,0.0
2024-05-12,0.0,10.7,25.1,,,,,,,,,,0.0,2.1,100.0,0.0
2024-05-13,,,,,,,,,,,,,0.0,2.3,100.0,0.0
2024-05-14,,,,,,,,,,,,,0.0,2.8,100.0,0.0
2024-05-15,,,,,,,,,,,,,0.0,2.1,100.0,0.0
2024-05-16,8.0,15.7,65.4,,,,,,,,,,0.0,1.7,100.0,0.0
2024-05-17,0.2,8.9,61.3,,,,,,,,,,0.0,1.4,100.0,0.0
2024-05-18,,,,,,,,,,,,,0.0,1.9,100.0,0.0
2024-05-19,,,,,,,,,,0.0,0.4,99.2,0.0,1.7,100.0,0.0
2024-05-20,,,,,,,,,,,,,0.0,1.8,100.0,0.0
2024-05-21,2.7,11.0,62.0,,,,,,,,,,0.0,1.6,100.0,0.0
2024-05-22,,,,0.0,0.2,31.0,,,,,,,0.0,1.7,100.0,0.0
2024-05-23,,,,,,,,,,,,,0.0,1.7,100.0,0.0
2024-05-24,0.0,6.6,42.8,,,,,,,,,,0.0,1.4,100.0,0.0
2024-05-25,,,,,,,,,,,,,0.0,1.4,100.0,0.0
2024-05-26,,,,,,,,,,0.0,0.2,61.1,0.0,1.1,100.0,0.0
2024-05-27,,,,,,,,,,,,,0.0,1.2,100.0,0.0
2024-05-28,0.8,9.5,65.8,,,,,,,,,,0.0,1.0,100.0,0.0
2024-05-29,0.0,7.0,60.3,,,,,,,,,,0.0,1.0,100.0,0.0
2024-05-30,,,,0.0,0.2,82.9,,,,,,,0.0,1.0,100.0,0.0
2024-05-31,,,,,,,,,,,,,0.0,1.1,100.0,0.0
2024-06-01,,,,,,,,,,,,,0.0,1.1,100.0,0.0
2024-06-02,0.0,5.1,62.3,,,,,,,,,,0.0,1.2,100.0,0.0
2024-06-03,,,,,,,,,,,,,0.0,1.3,100.0,0.0
2024-06-04,,,,0.0,0.2,46.6,,,,,,,0.0,1.2,100.0,0.0
2024-06-05,,,,,,,,,,,,,0.0,1.3,100.0,0.0
2024-06-06,,,,0.0,0.2,34.6,,,,,,,0.0,1.1,100.0,0.0
2024-06-07,,,,,,,,,,0.0,0.1,36.8,0.0,1.3,100.0,0.0
2024-06-08,,,,,,,,,,,,,0.0,1.4,100.0,0.0
2024-06-09,0.0,4.8,66.6,,,,,,,,,,0.0,1.5,100.0,0.0
2024-06-10,0.0,3.7,62.5,,,,,,,,,,0.0,1.3,100.0,0.0
2024-06-11,,,,,,,,,,,,,0.0,2.3,100.0,0.0
2024-06-12,,,,,,,,,,,,,0.0,2.7,100.0,0.0
2024-06-13,,,,,,,,,,,,,0.0,2.8,100.0,0.0
2024-06-14,0.0,3.5,63.4,,,,,,,,,,0.0,1.8,100.0,0.0
2024-06-15,,,,,,,,,,,,,0.0,2.3,100.0,0.0
2024-06-16,,,,,,,,,,,,,0.0,2.7,100.0,0.0
2024-06-17,,,,,,,,,,0.0,0.1,100.0,0.0,2.9,100.0,0.0
2024-06-18,,,,,,,,,,0.0,0.1,100.0,0.0,2.7,100.0,0.0
2024-06-19,,,,0.0,0.1,100.0,,,,,,,0.0,2.7,100.0,0.0
2024-06-20,,,,,,,,,,,,,0.0,2.8,100.0,0.0
2024-06-21,0.0,2.4,65.2,,,,,,,,,,0.0,2.2,100.0,0.0
2024-06-22,0.0,2.5,63.9,,,,,,,,,,0.0,2.3,100.0,0.0
2024-06-23,,,,,,,,,,,,,0.0,2.3,100.0,0.0
2024-06-24,,,,0.0,0.1,39.4,,,,0.0,0.1,84.0,0.0,2.3,100.0,0.0
2024-06-25,,,,,,,,,,0.0,0.1,95.8,0.0,1.9,100.0,0.0
2024-06-26,0.0,1.7,65.1,,,,,,,,,,0.0,2.6,100.0,0.0
2024-06-27,,,,,,,,,,,,,0.0,2.5,100.0,0.0
2024-06-28,,,,,,,,,,,,,0.0,2.9,100.0,0.0
2024-06-29,,,,0.0,0.1,99.8,,,,0.0,0.0,100.0,0.0,1.9,100.0,0.0
2024-06-30,,,,,,,,,,0.0,0.1,48.2,0.0,2.2,100.0,0.0
2024-07-01,,,,,,,,,,,,,0.0,1.9,100.0,0.0
2024-07-02,,,,,,,,,,,,,0.0,2.3,100.0,0.0
2024-07-03,0.0,2.4,66.6,,,,,,,,,,0.0,1.8,100.0,0.0
2024-07-04,0.0,1.6,62.9,0.0,0.1,33.7,,,,,,,0.0,1.9,100.0,0.0
2024-07-05,,,,,,,,,,0.0,0.0,31.4,0.0,1.5,100.0,0.0
2024-07-06,,,,,,,,,,,,,0.0,1.8,100.0,0.0
2024-07-07,,,,,,,,,,0.0,0.0,54.2,0.0,1.1,100.0,0.0
2024-07-08,0.0,2.1,65.6,,,,,,,,,,0.0,1.0,100.0,0.0
2024-07-09,,,,0.0,0.1,100.0,,,,,,,0.0,0.7,100.0,0.0
2024-07-10,,,,,,,,,,,,,0.0,0.6,100.0,0.0
2024-07-11,0.0,0.5,25.2,,,,,,,,,,0.0,0.5,100.0,0.0
2024-07-12,,,,,,,,,,,,,0.0,0.6,100.0,0.0
2024-07-13,,,,,,,,,,,,,0.0,0.4,100.0,0.0
2024-07-14,,,,0.0,0.1,31.5,,,,,,,0.0,0.4,100.0,0.0
2024-07-15,0.0,2.2,67.1,,,,,,,,,,0.0,0.2,100.0,0.0
2024-07-16,0.0,1.7,63.5,,,,,,,,,,0.0,0.3,100.0,0.0
2024-07-17,,,,,,,,,,,,,0.0,0.2,100.0,0.0
2024-07-18,,,,,,,,,,,,,0.0,0.2,100.0,0.0
2024-07-19,,,,0.0,0.1,96.1,,,,,,,0.0,0.2,100.0,0.0
2024-07-20,0.0,1.9,65.5,,,,,,,,,,0.0,0.3,100.0,0.0
2024-07-21,,,,0.0,0.2,100.0,,,,,,,0.0,0.4,100.0,0.0
2024-07-22,,,,,,,,,,,,,0.0,0.3,100.0,0.0
2024-07-23,,,,,,,,,,,,,0.0,0.3,100.0,0.0
2024-07-24,,,,,,,,,,,,,0.0,0.3,100.0,0.0
2024-07-25,,,,,,,,,,,,,0.0,0.3,100.0,0.0
2024-07-26,,,,,,,,,,0.0,0.0,100.0,0.0,0.2,100.0,0.0
2024-07-27,0.0,1.7,66.9,,,,,,,,,,0.0,0.2,100.0,0.0
2024-07-28,0.0,1.6,63.5,,,,,,,,,,0.0,0.1,100.0,0.0
2024-07-29,,,,0.0,0.1,100.0,,,,,,,0.0,0.2,100.0,0.0
2024-07-30,,,,,,,,,,0.0,0.0,100.0,0.0,0.1,100.0,0.0
2024-07-31,,,,0.0,0.1,100.0,0.0,0.0,94.1,,,,0.0,0.1,100.0,0.0
2024-08-01,0.0,1.8,66.0,,,,,,,,,,0.0,0.1,100.0,0.0
2024-08-02,,,,,,,,,,,,,0.0,0.1,100.0,0.0
2024-08-03,,,,,,,,,,0.0,0.0,43.8,0.0,0.1,100.0,0.0
2024-08-04,0.0,0.8,44.9,,,,,,,,,,0.0,0.2,100.0,0.0
2024-08-05,,,,,,,,,,,,,0.0,0.1,100.0,0.0
2024-08-06,,,,,,,,,,0.0,0.0,100.0,0.0,0.1,100.0,0.0
2024-08-07,,,,,,,,,,,,,0.0,0.2,100.0,0.0
2024-08-08,0.0,1.7,67.1,,,,,,,,,,0.0,0.2,100.0,0.0
2024-08-09,0.0,1.1,64.2,,,,,,,,,,0.0,0.2,100.0,0.0
2024-08-10,,,,0.0,0.1,100.0,,,,,,,0.0,0.1,100.0,0.0
2024-08-11,,,,,,,,,,,,,0.0,0.1,100.0,0.0
2024-08-12,,,,,,,,,,,,,0.0,0.1,100.0,0.0
2024-08-13,0.2,2.0,66.3,,,,,,,,,,0.0,0.1,100.0,0.0
2024-08-14,,,,,,,,,,0.0,0.0,100.0,0.0,0.0,100.0,0.0
2024-08-15,,,,0.0,0.1,100.0,,,,,,,0.0,0.1,100.0,0.0
2024-08-16,0.0,0.4,41.2,,,,0.0,0.0,98.8,,,,0.0,0.0,100.0,0.0
2024-08-17,,,,,,,,,,,,,0.0,0.1,100.0,0.0
2024-08-18,,,,,,,,,,0.0,0.0,100.0,0.0,0.0,100.0,0.0
2024-08-19,,,,,,,,,,,,,0.0,0.1,100.0,0.0
2024-08-20,0.7,2.4,66.9,,,,,,,0.0,0.0,71.7,0.0,0.1,100.0,0.0
2024-08-21,0.2,2.9,63.3,,,,,,,,,,0.0,0.1,100.0,0.0
2024-08-22,,,,,,,,,,,,,0.0,0.1,100.0,0.0
2024-08-23,,,,0.0,0.1,100.0,,,,,,,0.0,0.1,100.0,0.0
2024-08-24,,,,,,,,,,0.0,0.0,100.0,0.0,0.1,100.0,0.0
2024-08-25,4.6,4.7,64.7,,,,,,,,,,0.0,0.1,100.0,0.0
2024-08-26,,,,,,,,,,,,,0.0,0.1,100.0,0.0
2024-08-27,,,,,,,,,,0.0,0.0,100.0,0.0,0.1,100.0,0.0
2024-08-28,0.0,2.9,41.3,0.0,0.2,95.2,,,,,,,0.0,0.1,100.0,0.0
2024-08-29,,,,,,,,,,,,,0.0,0.0,100.0,0.0
2024-08-30,,,,0.0,0.2,98.7,,,,0.0,0.0,100.0,0.0,0.0,100.0,0.0
2024-08-31,,,,,,,,,,0.0,0.0,100.0,0.0,0.0,100.0,0.0
2024-09-01,,,,,,,0.0,0.0,82.6,,,,0.0,0.0,100.0,0.0
2024-09-02,2.0,4.8,61.9,0.0,0.2,100.0,0.0,0.0,99.4,,,,0.0,0.0,100.0,0.0
2024-09-03,,,,,,,,,,,,,0.0,0.0,100.0,0.0
2024-09-04,,,,,,,,,,,,,0.0,0.0,100.0,0.0
2024-09-05,,,,,,,,,,,,,0.0,0.1,100.0,0.0
2024-09-06,0.0,2.1,60.7,,,,,,,0.0,0.0,100.0,0.0,0.1,100.0,0.0
2024-09-07,,,,0.0,0.1,100.0,,,,,,,0.0,0.1,100.0,0.0
2024-09-08,,,,,,,,,,,,,0.0,0.1,100.0,0.0
2024-09-09,0.0,0.6,39.0,,,,,,,0.0,0.0,44.5,0.0,0.1,100.0,0.0
2024-09-10,,,,,,,,,,,,,0.0,0.1,100.0,0.0
2024-09-11,,,,,,,,,,,,,0.0,0.2,100.0,0.0
2024-09-12,,,,,,,,,,,,,0.0,0.2,100.0,0.0
2024-09-13,0.0,1.4,60.8,,,,,,,,,,0.0,0.2,100.0,0.0
2024-09-14,0.0,0.9,52.1,,,,,,,,,,0.0,0.2,100.0,0.0
2024-09-15,,,,,,,,,,,,,0.0,0.3,100.0,0.0
2024-09-16,,,,,,,,,,,,,0.0,0.3,100.0,0.0
2024-09-17,,,,0.0,0.7,91.4,,,,,,,0.0,0.4,100.0,0.0
2024-09-18,0.0,1.2,57.8,,,,0.0,0.0,40.5,,,,0.0,0.4,100.0,0.0
2024-09-19,,,,,,,,,,,,,0.0,0.6,100.0,0.0
2024-09-20,,,,,,,,,,,,,0.0,0.6,100.0,0.0
2024-09-21,0.0,0.4,36.8,,,,,,,0.0,0.0,94.9,0.0,0.4,100.0,0.0
2024-09-22,,,,0.0,0.4,100.0,,,,,,,0.0,0.4,100.0,0.0
2024-09-23,,,,,,,,,,,,,0.0,0.5,100.0,0.0
2024-09-24,,,,0.0,0.3,82.9,,,,,,,0.0,0.5,100.0,0.0
2024-09-25,0.0,1.1,55.3,,,,,,,,,,0.0,0.4,100.0,0.0
2024-09-26,0.0,0.8,47.3,,,,,,,,,,0.0,0.4,100.0,0.0
2024-09-27,,,,,,,,,,,,,0.0,0.6,100.0,0.0
2024-09-28,,,,,,,,,,,,,0.0,0.5,100.0,0.0
2024-09-29,,,,0.0,0.4,100.0,,,,,,,0.0,0.3,100.0,0.0
2024-09-30,0.0,1.1,53.7,,,,,,,,,,0.0,0.3,100.0,0.0
2024-10-01,,,,,,,,,,,,,0.0,0.5,100.0,0.0
2024-10-02,,,,0.0,0.3,63.5,,,,,,,0.0,0.5,100.0,0.0
2024-10-03,0.0,0.3,30.4,,,,,,,,,,0.0,0.3,100.0,0.0
2024-10-04,,,,,,,,,,,,,0.0,0.3,100.0,0.0
2024-10-05,,,,,,,,,,,,,0.0,0.4,100.0,0.0
2024-10-06,,,,,,,,,,,,,0.0,0.3,100.0,0.0
2024-10-07,0.0,1.3,53.2,0.0,0.3,100.0,,,,0.0,0.0,100.0,0.0,0.2,100.0,0.0
2024-10-08,0.0,0.8,49.8,,,,,,,,,,0.0,0.2,100.0,0.0
2024-10-09,,,,0.0,0.2,69.0,,,,,,,0.0,0.2,100.0,0.0
2024-10-10,,,,,,,,,,,,,0.0,0.2,100.0,0.0
2024-10-11,,,,,,,,,,,,,0.0,0.3,100.0,0.0
2024-10-12,0.0,1.3,58.7,0.0,0.3,100.0,,,,,,,0.0,0.2,100.0,0.0
2024-10-13,,,,,,,,,,,,,0.0,0.2,100.0,0.0
2024-10-14,,,,,,,,,,,,,0.0,0.2,100.0,0.0
2024-10-15,0.0,0.3,30.0,,,,,,,0.0,0.1,100.0,0.0,0.2,100.0,0.0
2024-10-16,,,,,,,,,,,,,0.0,0.2,100.0,0.0
2024-10-17,,,,,,,,,,0.0,0.0,100.0,0.0,0.1,100.0,0.0
2024-10-18,,,,,,,,,,,,,0.0,0.2,100.0,0.0
2024-10-19,0.0,1.4,53.1,,,,,,,,,,0.0,0.2,100.0,0.0
2024-10-20,0.0,1.3,57.4,,,,0.0,0.0,98.3,,,,0.0,0.2,100.0,0.0
2024-10-21,,,,,,,,,,0.0,0.0,100.0,0.0,0.2,100.0,0.0
2024-10-22,,,,0.0,0.2,100.0,,,,0.0,0.0,100.0,0.0,0.2,100.0,0.0
2024-10-23,,,,,,,,,,0.0,0.0,100.0,0.0,0.2,100.0,0.0
2024-10-24,0.0,1.3,61.7,,,,,,,,,,0.0,0.3,100.0,0.0
2024-10-25,,,,,,,,,,0.0,0.0,100.0,0.0,0.3,100.0,0.0
2024-10-26,,,,,,,,,,,,,0.0,0.4,100.0,0.0
2024-10-27,0.0,0.6,41.4,0.0,0.1,97.9,0.0,0.0,74.0,0.0,0.0,100.0,0.0,0.3,100.0,0.0
2024-10-28,,,,,,,,,,0.0,0.0,100.0,0.0,0.4,100.0,0.0
2024-10-29,,,,0.0,0.2,100.0,,,,,,,0.0,0.4,100.0,0.0
2024-10-30,,,,,,,,,,0.0,0.0,100.0,0.0,0.4,100.0,0.0
2024-10-31,0.0,1.6,60.8,,,,,,,,,,0.0,0.6,100.0,0.0
2024-11-01,0.0,1.3,56.5,0.0,0.1,100.0,,,,0.0,0.0,100.0,0.0,0.3,100.0,0.0
2024-11-02,,,,,,,,,,,,,0.0,0.6,100.0,0.0
2024-11-03,,,,0.0,0.1,100.0,,,,,,,0.0,0.5,100.0,0.0
2024-11-04,,,,,,,0.0,0.0,99.6,,,,0.0,0.6,100.0,0.0
2024-11-05,0.0,1.8,61.1,,,,,,,,,,0.0,0.6,100.0,0.0
2024-11-06,,,,0.0,0.2,100.0,,,,,,,0.0,1.0,100.0,0.0
2024-11-07,,,,,,,,,,,,,0.0,1.1,100.0,0.0
2024-11-08,0.0,0.6,40.1,0.0,0.2,100.0,,,,,,,0.0,1.3,100.0,0.0
2024-11-09,,,,,,,,,,,,,0.0,0.8,100.0,0.0
2024-11-10,,,,,,,,,,,,,0.0,1.2,100.0,0.0
2024-11-11,,,,0.0,0.2,100.0,,,,,,,0.0,1.6,100.0,0.0
2024-11-12,0.0,1.9,57.9,,,,0.0,0.1,99.6,,,,0.0,1.5,100.0,0.0
2024-11-13,0.0,2.0,54.2,,,,,,,,,,0.0,1.2,100.0,0.0
2024-11-14,,,,,,,,,,,,,0.0,1.3,100.0,0.0
2024-11-15,,,,,,,,,,,,,0.0,1.7,100.0,0.0
2024-11-16,,,,0.0,0.3,100.0,,,,0.0,0.1,100.0,0.0,1.7,100.0,0.0
2024-11-17,0.0,2.0,55.8,,,,,,,,,,0.0,1.8,100.0,0.0
2024-11-18,,,,0.0,0.5,100.0,,,,0.0,0.1,54.3,0.0,1.7,100.0,0.0
2024-11-19,,,,,,,,,,,,,0.0,2.1,100.0,0.0
2024-11-20,0.0,0.8,37.4,,,,,,,,,,0.0,3.0,100.0,0.0
2024-11-21,,,,,,,,,,,,,0.0,2.5,100.0,0.0
2024-11-22,,,,,,,,,,,,,0.0,2.6,100.0,0.0
2024-11-23,,,,0.0,1.7,100.0,,,,,,,0.0,2.2,100.0,0.0
2024-11-24,0.0,2.2,61.4,,,,,,,,,,0.0,2.5,100.0,0.0
2024-11-25,0.0,1.7,56.6,,,,,,,0.0,0.2,100.0,0.0,1.8,100.0,0.0
2024-11-26,,,,,,,,,,,,,0.0,2.2,100.0,0.0
2024-11-27,,,,,,,,,,0.0,0.3,100.0,0.0,1.8,100.0,0.0
2024-11-28,,,,,,,,,,,,,0.0,2.5,100.0,0.0
2024-11-29,0.0,2.3,61.1,,,,0.0,0.4,60.7,0.0,1.1,97.5,0.0,1.9,100.0,0.0
2024-11-30,,,,,,,,,,0.0,2.3,100.0,0.0,2.4,100.0,0.0
2024-12-01,,,,0.0,2.2,100.0,,,,,,,0.0,2.6,100.0,0.0
2024-12-02,0.0,1.0,41.3,,,,,,,0.0,5.3,100.0,0.0,2.3,100.0,0.0
2024-12-03,,,,,,,,,,0.0,4.0,100.0,0.0,2.2,100.0,0.0
2024-12-04,,,,,,,,,,0.0,2.5,100.0,0.0,2.4,100.0,0.0
2024-12-05,,,,,,,,,,,,,0.0,2.8,100.0,0.0
2024-12-06,0.0,2.3,63.2,,,,,,,0.0,1.4,100.0,0.0,2.2,100.0,0.0
2024-12-07,0.0,1.7,59.5,,,,,,,0.0,1.0,100.0,0.0,2.2,100.0,0.0
2024-12-08,,,,,,,,,,,,,0.0,2.4,100.0,0.0
2024-12-09,,,,,,,,,,,,,0.0,2.5,100.0,0.0
2024-12-10,,,,,,,,,,0.0,1.4,100.0,0.0,2.0,100.0,0.0
2024-12-11,0.0,1.6,61.7,0.2,4.5,100.0,,,,0.0,2.0,100.0,0.0,1.9,100.0,0.0
2024-12-12,,,,,,,,,,0.0,2.4,100.0,0.0,1.7,100.0,0.0
2024-12-13,,,,0.2,5.2,100.0,,,,,,,0.0,2.1,100.0,0.0
2024-12-14,0.0,0.5,40.8,,,,,,,,,,0.0,1.6,100.0,0.0
2024-12-15,,,,,,,,,,,,,0.0,1.6,100.0,0.0
2024-12-16,,,,0.0,4.3,31.9,,,,0.0,2.7,100.0,0.0,1.1,100.0,0.0
2024-12-17,,,,,,,,,,0.0,1.5,100.0,0.0,1.3,100.0,0.0
2024-12-18,0.0,1.8,62.1,,,,,,,0.0,0.8,100.0,0.0,0.8,100.0,0.0
2024-12-19,0.0,1.5,58.6,,,,,,,,,,0.0,1.0,100.0,0.0
2024-12-20,,,,,,,,,,0.0,0.8,100.0,0.0,0.7,100.0,0.0
2024-12-21,,,,0.8,7.4,100.0,,,,,,,0.0,1.3,100.0,0.0
2024-12-22,,,,,,,,,,0.0,0.3,100.0,0.0,0.8,100.0,0.0
2024-12-23,0.0,1.8,60.3,0.7,6.1,100.0,0.0,1.3,82.7,0.0,0.3,100.0,0.0,1.1,100.0,0.0
2024-12-24,,,,,,,,,,,,,0.0,1.1,100.0,0.0
2024-12-25,,,,,,,,,,,,,0.0,2.0,100.0,0.0
2024-12-26,0.1,0.9,39.4,0.5,5.0,100.0,,,,0.0,0.3,100.0,0.0,1.7,100.0,0.0
2024-12-27,,,,,,,,,,0.0,0.5,100.0,0.0,2.0,100.0,0.0
2024-12-28,,,,0.9,5.4,100.0,,,,,,,0.0,2.6,100.0,0.0
2024-12-29,,,,,,,,,,,,,0.0,3.5,100.0,0.0
2024-12-30,0.0,2.7,62.1,,,,0.1,2.0,92.9,,,,0.0,4.0,100.0,0.0
2024-12-31,0.0,2.5,57.6,2.9,9.2,100.0,0.0,2.3,88.0,,,,0.0,4.0,100.0,0.0
2025-01-01,,,,,,,,,,0.0,2.0,100.0,0.0,3.7,100.0,0.0
2025-01-02,,,,,,,,,,,,,0.0,3.9,100.0,0.0
2025-01-03,,,,,,,,,,,,,0.0,4.4,100.0,0.0
2025-01-04,0.0,3.8,58.9,,,,,,,,,,0.0,4.7,100.0,0.0
2025-01-05,,,,,,,,,,,,,0.0,5.5,100.0,0.0
2025-01-06,,,,,,,,,,,,,0.0,4.8,100.0,0.0
2025-01-07,0.0,2.1,40.9,,,,,,,,,,0.0,5.4,100.0,0.0
2025-01-08,,,,,,,1.0,19.5,29.1,,,,0.0,7.1,100.0,0.0
2025-01-09,,,,,,,,,,0.1,9.4,100.0,0.0,6.6,100.0,0.0
2025-01-10,,,,,,,,,,,,,0.0,8.0,100.0,0.0
2025-01-11,0.1,5.5,61.0,,,,,,,7.6,20.2,100.0,0.0,7.9,100.0,0.0
2025-01-12,0.0,4.0,56.8,,,,,,,,,,0.0,10.1,100.0,0.0
2025-01-13,,,,,,,,,,,,,0.0,9.8,100.0,0.0
2025-01-14,,,,,,,,,,,,,0.0,12.5,100.0,0.0
2025-01-15,,,,,,,,,,,,,0.0,13.4,100.0,0.0
2025-01-16,0.0,5.7,58.8,,,,2.8,18.7,97.7,,,,0.0,16.0,100.0,0.0
2025-01-17,,,,4.3,12.9,100.0,,,,46.4,47.2,100.0,0.0,13.8,100.0,0.0
2025-01-18,,,,,,,,,,,,,0.0,14.9,100.0,0.0
2025-01-19,0.0,2.6,40.2,,,,,,,,,,0.0,14.9,100.0,0.0
2025-01-20,,,,,,,,,,,,,0.0,14.9,100.0,0.0
2025-01-21,,,,,,,,,,81.8,68.2,100.0,0.0,13.5,100.0,0.0
2025-01-22,,,,0.1,6.2,100.0,,,,,,,0.0,13.0,100.0,0.0
2025-01-23,3.6,8.2,61.0,,,,,,,99.1,85.8,100.0,0.0,13.3,100.0,0.0
2025-01-24,0.2,5.3,56.4,,,,13.6,23.9,46.4,100.0,92.1,100.0,0.0,14.3,100.0,0.0
2025-01-25,,,,0.0,3.5,100.0,,,,,,,0.0,13.6,100.0,0.0
2025-01-26,,,,,,,,,,,,,0.0,13.2,100.0,0.0
2025-01-27,,,,,,,,,,,,,0.0,12.6,100.0,0.0
2025-01-28,2.9,9.0,61.2,,,,,,,,,,0.0,13.8,100.0,0.0
2025-01-29,,,,,,,,,,,,,0.0,14.9,100.0,0.0
2025-01-30,,,,0.0,9.3,73.4,,,,,,,0.0,17.3,100.0,0.0
2025-01-31,0.1,6.1,39.5,,,,,,,99.8,91.4,100.0,0.0,18.8,100.0,0.0
2025-02-01,,,,,,,,,,99.6,89.5,100.0,0.0,20.8,100.0,0.0
2025-02-02,,,,,,,,,,,,,0.2,24.3,100.0,0.2
2025-02-03,,,,,,,,,,,,,0.3,26.9,100.0,0.3
2025-02-04,4.4,13.9,58.8,3.2,13.5,100.0,,,,99.9,90.5,100.0,0.5,26.7,100.0,0.5
2025-02-05,1.8,14.2,55.0,,,,,,,99.9,89.6,100.0,0.3,25.9,100.0,0.3
2025-02-06,,,,13.3,30.2,100.0,,,,99.1,81.4,100.0,0.5,27.0,100.0,0.5
2025-02-07,,,,,,,,,,,,,0.7,29.1,100.0,0.7
2025-02-08,,,,,,,60.1,52.4,35.9,94.9,77.5,100.0,0.8,29.5,100.0,0.8
2025-02-09,8.5,22.0,57.1,,,,,,,95.1,80.2,100.0,0.7,27.2,100.0,0.7
2025-02-10,,,,,,,,,,,,,0.6,24.3,100.0,0.6
2025-02-11,,,,74.9,68.9,100.0,,,,88.1,71.4,100.0,1.1,27.5,100.0,1.1
2025-02-12,14.1,21.5,41.4,,,,,,,,,,0.7,22.5,100.0,0.7
2025-02-13,,,,,,,,,,,,,0.8,23.6,100.0,0.8
2025-02-14,,,,,,,,,,71.2,57.5,100.0,0.4,19.3,100.0,0.4
2025-02-15,,,,,,,,,,,,,1.3,24.2,100.0,1.3
2025-02-16,34.1,32.9,58.8,95.3,83.4,100.0,97.6,83.6,95.7,,,,2.2,25.6,100.0,2.2
2025-02-17,36.1,34.4,53.3,,,,96.6,88.4,89.3,46.0,42.9,100.0,2.4,24.6,100.0,2.4
2025-02-18,,,,,,,,,,36.3,38.2,100.0,2.3,22.9,100.0,2.3
2025-02-19,,,,80.0,73.8,100.0,,,,,,,5.1,30.6,100.0,5.1
2025-02-20,,,,,,,,,,28.0,35.4,100.0,5.0,28.5,100.0,5.0
2025-02-21,46.4,40.3,56.1,24.8,38.7,100.0,,,,,,,5.5,29.2,100.0,5.5
2025-02-22,,,,,,,,,,29.1,35.8,100.0,4.7,26.5,100.0,4.7
2025-02-23,,,,,,,,,,,,,6.9,29.9,100.0,6.9
2025-02-24,39.3,37.3,43.0,71.0,62.9,100.0,,,,,,,8.7,32.9,100.0,8.7
2025-02-25,,,,,,,,,,26.8,33.8,100.0,6.8,27.1,100.0,6.8
2025-02-26,,,,,,,,,,,,,7.1,28.9,100.0,7.1
2025-02-27,,,,,,,,,,42.9,41.0,100.0,7.9,29.2,100.0,7.9
2025-02-28,45.9,41.3,60.6,,,,,,,,,,11.0,34.4,100.0,11.0
2025-03-01,53.0,45.0,55.6,99.1,86.7,100.0,,,,,,,13.3,35.0,100.0,13.3
2025-03-02,,,,,,,,,,,,,14.8,34.7,100.0,14.8
2025-03-03,,,,67.9,64.5,100.0,,,,,,,19.0,38.2,100.0,19.0
2025-03-04,,,,,,,100.0,98.1,33.3,,,,23.4,39.0,100.0,23.4
2025-03-05,58.6,47.0,55.1,,,,,,,,,,20.0,37.2,100.0,20.0
2025-03-06,,,,40.0,45.0,100.0,,,,,,,20.9,37.8,100.0,20.9
2025-03-07,,,,,,,,,,,,,21.8,38.2,100.0,21.8
2025-03-08,46.8,40.4,36.0,80.7,72.3,100.0,,,,,,,20.6,38.5,100.0,20.6
2025-03-09,,,,,,,,,,,,,14.5,34.9,100.0,14.5
2025-03-10,,,,,,,,,,,,,11.2,32.5,100.0,11.2
2025-03-11,,,,,,,,,,,,,11.1,33.3,100.0,11.1
2025-03-12,59.9,48.6,57.5,,,,,,,,,,9.9,32.3,100.0,9.9
2025-03-13,44.9,38.5,55.4,,,,,,,,,,7.1,29.3,100.0,7.1
2025-03-14,,,,,,,,,,,,,6.7,28.8,100.0,6.7
2025-03-15,,,,,,,,,,,,,4.9,27.3,100.0,4.9
2025-03-16,,,,,,,,,,,,,6.3,29.0,100.0,6.3
2025-03-17,51.6,43.8,57.4,,,,,,,,,,3.6,26.7,100.0,3.6
2025-03-18,,,,92.4,80.7,100.0,,,,,,,6.0,31.5,100.0,6.0
2025-03-19,,,,,,,,,,22.3,29.3,100.0,1.7,25.3,100.0,1.7
2025-03-20,25.1,26.0,37.0,,,,100.0,95.7,58.6,,,,3.4,29.6,100.0,3.4
2025-03-21,,,,,,,,,,,,,1.1,24.4,100.0,1.1
2025-03-22,,,,,,,,,,25.4,30.1,100.0,1.4,26.2,100.0,1.4
2025-03-23,,,,,,,,,,,,,0.4,21.4,100.0,0.4
2025-03-24,51.7,44.4,57.3,,,,,,,9.8,17.5,100.0,0.7,21.2,100.0,0.7
2025-03-25,42.6,38.0,54.8,,,,,,,6.8,14.6,73.5,0.1,17.6,100.0,0.1
2025-03-26,,,,,,,,,,,,,0.2,19.5,100.0,0.2
2025-03-27,,,,,,,,,,,,,0.0,15.0,100.0,0.0
2025-03-28,,,,18.9,31.8,100.0,,,,,,,0.0,16.7,100.0,0.0
2025-03-29,50.7,45.1,57.6,,,,,,,,,,0.0,14.0,100.0,0.0
2025-03-30,51.7,45.7,57.2,,,,,,,,,,0.0,14.2,100.0,0.0
2025-03-31,,,,,,,,,,,,,0.0,13.2,100.0,0.0
2025-04-01,38.1,34.9,36.0,,,,,,,,,,0.0,15.2,100.0,0.0
2025-04-02,,,,90.8,72.6,100.0,,,,,,,0.0,16.9,100.0,0.0
2025-04-03,,,,,,,,,,,,,0.0,15.6,100.0,0.0
2025-04-04,,,,18.5,29.3,100.0,,,,0.0,4.5,35.4,0.0,15.3,100.0,0.0
2025-04-05,55.6,48.9,57.7,1.4,12.5,100.0,,,,,,,0.0,17.4,100.0,0.0
2025-04-06,41.6,39.0,54.1,,,,,,,,,,0.0,17.0,100.0,0.0
2025-04-07,,,,0.4,6.8,100.0,,,,0.1,4.2,100.0,0.0,16.0,100.0,0.0
2025-04-08,,,,,,,,,,,,,0.0,16.6,100.0,0.0
2025-04-09,,,,,,,,,,,,,0.0,18.9,100.0,0.0
2025-04-10,48.4,44.5,56.0,0.0,5.1,80.8,,,,,,,0.0,17.7,100.0,0.0
2025-04-11,42.6,39.8,56.7,,,,,,,0.0,1.8,100.0,0.0,15.3,100.0,0.0
2025-04-12,,,,0.0,3.0,100.0,,,,0.0,0.7,76.9,0.0,14.6,100.0,0.0
2025-04-13,19.9,24.7,36.6,,,,,,,,,,0.0,14.3,100.0,0.0
2025-04-14,,,,0.0,1.1,99.9,,,,,,,0.0,12.4,100.0,0.0
2025-04-15,,,,,,,,,,,,,0.0,9.7,100.0,0.0
2025-04-16,,,,,,,,,,,,,0.0,11.4,100.0,0.0
2025-04-17,28.4,31.0,57.1,,,,,,,,,,0.0,8.4,100.0,0.0
2025-04-18,12.3,19.5,53.6,,,,,,,,,,0.0,9.1,100.0,0.0
2025-04-19,,,,,,,,,,,,,0.0,6.1,100.0,0.0
2025-04-20,,,,,,,,,,,,,0.0,7.7,100.0,0.0
2025-04-21,,,,,,,,,,,,,0.0,6.0,100.0,0.0
2025-04-22,16.5,21.7,55.8,,,,,,,0.0,0.7,100.0,0.0,7.9,100.0,0.0
2025-04-23,13.3,19.2,57.3,,,,,,,0.0,0.3,100.0,0.0,5.9,100.0,0.0
2025-04-24,,,,,,,,,,,,,0.0,6.7,100.0,0.0
2025-04-25,0.0,8.6,34.0,,,,,,,0.0,0.1,95.1,0.0,4.8,100.0,0.0
2025-04-26,,,,,,,,,,,,,0.0,6.5,100.0,0.0
2025-04-27,,,,,,,,,,0.0,0.1,100.0,0.0,4.4,100.0,0.0
2025-04-28,,,,,,,,,,0.0,0.2,100.0,0.0,5.3,100.0,0.0
2025-04-29,8.1,12.2,57.2,,,,,,,,,,0.0,5.0,100.0,0.0
2025-04-30,1.6,6.6,52.7,0.0,0.3,97.8,,,,,,,0.0,5.3,100.0,0.0
2025-05-01,,,,,,,,,,0.0,0.1,100.0,0.0,3.9,100.0,0.0
2025-05-02,,,,0.0,0.3,94.8,,,,0.0,0.2,100.0,0.0,3.6,100.0,0.0
2025-05-03,,,,,,,,,,,,,0.0,3.7,100.0,0.0
2025-05-04,6.9,11.3,56.9,,,,,,,,,,0.0,3.0,100.0,0.0
2025-05-05,4.8,10.3,57.3,,,,,,,,,,0.0,2.8,100.0,0.0
2025-05-06,2.2,7.4,55.0,,,,,,,,,,0.0,3.1,100.0,0.0
2025-05-07,0.0,6.1,34.2,,,,,,,,,,0.0,3.0,100.0,0.0
2025-05-08,,,,,,,,,,,,,0.0,2.9,100.0,0.0
2025-05-09,,,,,,,,,,,,,0.0,3.6,100.0,0.0
2025-05-10,4.2,9.7,57.2,,,,,,,0.0,0.2,99.1,0.0,3.0,100.0,0.0
2025-05-11,3.1,8.8,57.5,,,,,,,,,,0.0,3.8,100.0,0.0
2025-05-12,1.3,7.8,54.1,,,,,,,0.0,0.1,99.6,0.0,2.4,100.0,0.0
2025-05-13,,,,,,,,,,,,,0.0,3.1,100.0,0.0
2025-05-14,,,,0.0,0.2,57.3,,,,,,,0.0,2.5,100.0,0.0
2025-05-15,,,,,,,,,,,,,0.0,2.7,100.0,0.0
2025-05-16,2.6,9.2,57.1,,,,,,,,,,0.0,3.0,100.0,0.0
2025-05-17,3.3,10.1,57.8,,,,,,,,,,0.0,2.8,100.0,0.0
2025-05-18,2.3,9.7,55.1,,,,,,,,,,0.0,2.6,100.0,0.0
2025-05-19,0.0,6.3,18.8,,,,,,,,,,0.0,2.0,100.0,0.0
2025-05-20,,,,,,,,,,,,,0.0,1.8,100.0,0.0
2025-05-21,,,,,,,,,,,,,0.0,1.7,100.0,0.0
2025-05-22,3.8,12.2,56.7,,,,,,,,,,0.0,2.3,100.0,0.0
2025-05-23,3.8,12.3,57.7,,,,,,,,,,0.0,2.4,100.0,0.0
2025-05-24,2.1,12.1,54.8,,,,,,,,,,0.0,4.3,100.0,0.0
2025-05-25,,,,,,,,,,,,,0.0,3.4,100.0,0.0
2025-05-26,,,,,,,,,,,,,0.0,4.0,100.0,0.0
2025-05-27,,,,,,,,,,,,,0.0,3.2,100.0,0.0
2025-05-28,0.7,8.4,56.6,,,,,,,,,,0.0,5.0,100.0,0.0
2025-05-29,0.5,7.2,57.7,,,,,,,,,,0.0,4.5,100.0,0.0
2025-05-30,0.0,5.9,54.3,0.0,0.1,100.0,,,,0.0,0.1,100.0,0.0,4.2,100.0,0.0
2025-05-31,,,,,,,,,,0.0,0.1,86.7,0.0,4.2,100.0,0.0
2025-06-01,,,,,,,,,,,,,0.0,5.2,100.0,0.0
2025-06-02,,,,,,,,,,,,,0.0,4.6,100.0,0.0
2025-06-03,0.0,4.0,56.5,,,,,,,,,,0.0,4.4,100.0,0.0
2025-06-04,0.0,2.4,58.1,,,,,,,,,,0.0,5.5,100.0,0.0
2025-06-05,0.0,2.0,55.2,,,,,,,,,,0.0,5.4,100.0,0.0
2025-06-06,,,,0.0,0.3,56.2,,,,0.0,0.0,71.0,0.0,4.8,100.0,0.0
2025-06-07,,,,,,,,,,,,,0.0,4.5,100.0,0.0
2025-06-08,,,,,,,,,,,,,0.0,5.0,100.0,0.0
2025-06-09,0.0,1.0,57.0,0.0,0.2,100.0,,,,,,,0.0,4.6,100.0,0.0
2025-06-10,0.0,0.7,57.7,,,,,,,0.0,0.0,100.0,0.0,3.5,100.0,0.0
2025-06-11,0.0,0.5,54.5,0.0,0.2,100.0,,,,0.0,0.0,100.0,0.0,3.3,100.0,0.0
2025-06-12,,,,,,,,,,0.0,0.0,100.0,0.0,3.9,100.0,0.0
2025-06-13,,,,0.0,0.3,100.0,,,,0.0,0.1,100.0,0.0,3.5,100.0,0.0
2025-06-14,,,,0.0,0.2,100.0,,,,,,,0.0,3.1,100.0,0.0
2025-06-15,0.0,0.6,57.4,,,,,,,0.0,0.1,100.0,0.0,2.6,100.0,0.0
2025-06-16,0.0,0.7,57.8,,,,,,,0.0,0.1,100.0,0.0,3.0,100.0,0.0
2025-06-17,0.0,0.6,55.7,,,,,,,,,,0.0,3.0,100.0,0.0
2025-06-18,,,,,,,,,,0.0,0.1,100.0,0.0,2.4,100.0,0.0
2025-06-19,,,,0.0,0.2,100.0,,,,,,,0.0,2.5,100.0,0.0
2025-06-20,,,,,,,,,,,,,0.0,2.5,100.0,0.0
2025-06-21,0.0,0.6,56.9,0.0,0.2,100.0,,,,0.0,0.0,100.0,0.0,2.2,100.0,0.0
2025-06-22,0.0,1.0,58.4,,,,,,,0.0,0.0,100.0,0.0,1.6,100.0,0.0
2025-06-23,,,,,,,,,,,,,0.0,1.7,100.0,0.0
2025-06-24,,,,,,,0.0,0.0,31.2,0.0,0.0,100.0,0.0,1.6,100.0,0.0
2025-06-25,,,,,,,,,,,,,0.0,1.4,100.0,0.0
2025-06-26,,,,0.0,0.2,41.2,,,,0.0,0.0,100.0,0.0,1.0,100.0,0.0
2025-06-27,0.0,1.1,57.8,,,,,,,0.0,0.0,37.2,0.0,1.2,100.0,0.0
2025-06-28,0.0,1.3,58.2,,,,,,,,,,0.0,1.3,100.0,0.0
2025-06-29,0.0,0.8,54.9,,,,,,,0.0,0.0,100.0,0.0,1.0,100.0,0.0
2025-06-30,,,,,,,,,,,,,0.0,1.0,100.0,0.0
2025-07-01,,,,0.0,0.1,100.0,,,,,,,0.0,1.1,100.0,0.0
2025-07-02,,,,,,,,,,0.0,0.0,40.6,0.0,1.1,100.0,0.0
2025-07-03,0.0,1.1,57.5,,,,,,,0.0,0.0,100.0,0.0,0.7,100.0,0.0
2025-07-04,0.0,1.1,57.8,0.0,0.2,61.6,,,,0.0,0.0,41.1,0.0,0.5,100.0,0.0
2025-07-05,0.0,1.1,55.2,,,,,,,,,,0.0,0.5,100.0,0.0
2025-07-06,,,,,,,,,,,,,0.0,0.4,100.0,0.0
2025-07-07,,,,,,,,,,,,,0.0,0.3,100.0,0.0
2025-07-08,,,,,,,,,,,,,0.0,0.3,100.0,0.0
2025-07-09,0.0,2.2,58.1,,,,,,,,,,0.0,0.4,100.0,0.0
2025-07-10,0.0,1.6,56.9,,,,,,,,,,0.0,0.4,100.0,0.0
2025-07-11,0.0,1.4,52.9,,,,,,,,,,0.0,0.3,100.0,0.0
2025-07-12,,,,,,,,,,,,,0.0,0.2,100.0,0.0
2025-07-13,,,,,,,,,,,,,0.0,0.3,100.0,0.0
2025-07-14,,,,,,,,,,,,,0.0,0.3,100.0,0.0
2025-07-15,0.0,1.5,53.2,,,,,,,,,,0.0,0.2,100.0,0.0
2025-07-16,0.0,1.4,52.1,,,,,,,,,,0.0,0.2,100.0,0.0
2025-07-17,0.0,1.4,47.0,,,,,,,,,,0.0,0.2,100.0,0.0
2025-07-18,,,,,,,,,,,,,0.0,0.2,100.0,0.0
2025-07-19,,,,,,,,,,,,,0.0,0.3,100.0,0.0
2025-07-20,,,,,,,,,,,,,0.0,0.3,100.0,0.0
2025-07-21,0.0,1.1,54.3,,,,,,,,,,0.0,0.3,100.0,0.0
2025-07-22,0.0,0.5,50.7,,,,,,,,,,0.0,0.3,100.0,0.0
2025-07-23,0.0,0.4,50.7,,,,,,,,,,0.0,0.2,100.0,0.0
2025-07-24,,,,,,,,,,,,,0.0,0.1,100.0,0.0
2025-07-25,,,,,,,,,,,,,0.0,0.1,100.0,0.0
2025-07-26,,,,,,,,,,,,,0.0,0.1,100.0,0.0
2025-07-27,0.0,0.4,52.5,,,,,,,,,,0.0,0.1,100.0,0.0
2025-07-28,0.0,0.3,54.3,,,,,,,,,,0.0,0.1,100.0,0.0
2025-07-29,0.0,0.3,56.8,0.0,0.1,63.7,,,,,,,0.0,0.1,100.0,0.0
2025-07-30,0.0,0.2,40.1,,,,,,,,,,0.0,0.1,100.0,0.0
2025-07-31,,,,,,,,,,,,,0.0,0.1,100.0,0.0
2025-08-01,,,,,,,,,,,,,0.0,0.1,100.0,0.0
2025-08-02,0.0,0.3,56.9,,,,,,,,,,0.0,0.2,100.0,0.0
2025-08-03,0.0,0.3,57.5,,,,,,,,,,0.0,0.2,100.0,0.0
2025-08-04,0.0,0.3,53.0,,,,,,,,,,0.0,0.1,100.0,0.0
2025-08-05,,,,0.0,0.1,98.9,,,,,,,0.0,0.1,100.0,0.0
2025-08-06,,,,,,,,,,,,,0.0,0.1,100.0,0.0
2025-08-07,,,,,,,,,,0.0,0.0,100.0,0.0,0.1,100.0,0.0
2025-08-08,0.0,0.3,57.1,0.0,0.1,100.0,,,,,,,0.0,0.1,100.0,0.0
2025-08-09,0.0,0.4,56.8,,,,,,,0.0,0.0,99.5,0.0,0.0,100.0,0.0
2025-08-10,0.0,0.4,54.9,,,,,,,0.0,0.0,100.0,0.0,0.1,100.0,0.0
2025-08-11,0.0,0.2,35.1,,,,0.0,0.0,99.1,0.0,0.0,100.0,0.0,0.0,100.0,0.0
2025-08-12,,,,0.0,0.1,100.0,0.0,0.0,88.4,0.0,0.0,100.0,0.0,0.0,100.0,0.0
2025-08-13,,,,0.0,0.1,95.0,,,,0.0,0.0,99.1,0.0,0.0,100.0,0.0
2025-08-14,0.0,0.7,58.9,,,,,,,0.0,0.0,100.0,0.0,0.0,100.0,0.0
2025-08-15,0.0,0.6,59.1,0.0,0.2,100.0,,,,0.0,0.0,100.0,0.0,0.0,100.0,0.0
2025-08-16,0.0,0.5,56.4,,,,,,,,,,0.0,0.0,100.0,0.0
2025-08-17,,,,,,,,,,,,,0.0,0.0,100.0,0.0
2025-08-18,,,,0.0,0.1,100.0,,,,,,,0.0,0.0,100.0,0.0
2025-08-19,,,,,,,0.0,0.0,99.0,,,,0.0,0.1,100.0,0.0
2025-08-20,0.0,0.5,59.5,,,,,,,,,,0.0,0.1,100.0,0.0
2025-08-21,0.0,0.4,60.4,,,,,,,,,,0.0,0.0,100.0,0.0
2025-08-22,0.0,0.2,56.9,,,,,,,,,,0.0,0.0,100.0,0.0
2025-08-23,0.0,0.1,39.9,,,,,,,,,,0.0,0.1,100.0,0.0
2025-08-24,,,,,,,,,,0.0,0.0,100.0,0.0,0.1,100.0,0.0
2025-08-25,,,,0.0,0.1,100.0,,,,,,,0.0,0.1,100.0,0.0
2025-08-26,0.0,0.2,60.2,,,,,,,0.0,0.0,100.0,0.0,0.1,100.0,0.0
2025-08-27,0.0,0.3,60.9,,,,,,,,,,0.0,0.2,100.0,0.0
2025-08-28,0.0,0.2,57.1,,,,,,,,,,0.0,0.1,100.0,0.0
2025-08-29,,,,,,,,,,,,,0.0,0.1,100.0,0.0
2025-08-30,,,,,,,,,,0.0,0.0,100.0,0.0,0.0,100.0,0.0
2025-08-31,,,,,,,,,,,,,0.0,0.1,100.0,0.0
2025-09-01,0.0,0.3,60.5,,,,,,,,,,0.0,0.0,100.0,0.0
2025-09-02,0.0,0.4,60.6,,,,,,,,,,0.0,0.0,100.0,0.0
2025-09-03,0.0,0.4,57.4,,,,,,,,,,0.0,0.0,100.0,0.0
2025-09-04,0.0,0.3,40.9,0.0,0.1,100.0,0.0,0.0,93.5,,,,0.0,0.1,100.0,0.0
2025-09-05,,,,,,,,,,,,,0.0,0.0,100.0,0.0
2025-09-06,,,,,,,,,,,,,0.0,0.0,100.0,0.0
2025-09-07,0.0,0.5,60.2,0.0,0.1,100.0,,,,,,,0.0,0.0,100.0,0.0
2025-09-08,0.0,0.5,60.5,,,,,,,,,,0.0,0.1,100.0,0.0
2025-09-09,0.0,0.4,57.2,,,,,,,0.0,0.1,54.4,0.0,0.0,100.0,0.0
2025-09-10,,,,,,,,,,,,,0.0,0.1,100.0,0.0
2025-09-11,,,,0.0,0.1,52.7,,,,,,,0.0,0.1,100.0,0.0
2025-09-12,,,,,,,,,,,,,0.0,0.1,100.0,0.0
2025-09-13,0.0,0.5,59.8,,,,,,,,,,0.0,0.1,100.0,0.0
2025-09-14,0.0,0.5,61.1,0.0,0.2,51.9,,,,,,,0.0,0.0,100.0,0.0
2025-09-15,0.0,0.4,58.0,,,,,,,,,,0.0,0.0,100.0,0.0
2025-09-16,0.0,0.2,41.8,,,,,,,,,,0.0,0.0,100.0,0.0
2025-09-17,,,,,,,,,,,,,0.0,0.0,100.0,0.0
2025-09-18,,,,,,,,,,,,,0.0,0.0,100.0,0.0
2025-09-19,0.0,0.4,60.1,0.0,0.1,100.0,,,,,,,0.0,0.0,100.0,0.0
2025-09-20,0.0,0.5,60.5,,,,0.0,0.0,93.8,,,,0.0,0.0,100.0,0.0
2025-09-21,0.0,0.4,57.1,0.0,0.1,100.0,0.0,0.0,99.4,,,,0.0,0.0,100.0,0.0
2025-09-22,,,,,,,,,,,,,0.0,0.0,100.0,0.0
2025-09-23,,,,,,,,,,,,,0.0,0.0,100.0,0.0
2025-09-24,,,,,,,,,,,,,0.0,0.0,100.0,0.0
2025-09-25,0.0,0.5,59.7,,,,,,,,,,0.0,0.0,100.0,0.0
2025-09-26,0.0,0.5,59.7,,,,,,,,,,0.0,0.1,100.0,0.0
2025-09-27,0.0,0.5,56.6,,,,,,,,,,0.0,0.1,100.0,0.0
2025-09-28,0.0,0.6,40.2,,,,0.0,0.0,98.9,,,,0.0,0.1,100.0,0.0
2025-09-29,,,,,,,,,,,,,0.0,0.1,100.0,0.0
2025-09-30,,,,,,,,,,,,,0.0,0.2,100.0,0.0
2025-10-01,0.0,0.6,59.3,,,,,,,,,,0.0,0.4,100.0,0.0
2025-10-02,0.0,0.7,59.7,0.0,0.1,81.2,,,,0.0,0.1,99.1,0.0,0.4,100.0,0.0
2025-10-03,0.0,0.8,56.6,,,,,,,0.0,0.2,100.0,0.0,0.4,100.0,0.0
2025-10-04,,,,0.0,0.1,53.4,,,,,,,0.0,0.5,100.0,0.0
2025-10-05,,,,,,,,,,,,,0.0,0.9,100.0,0.0
2025-10-06,,,,,,,,,,,,,0.0,1.0,100.0,0.0
2025-10-07,0.0,2.1,84.3,,,,,,,0.0,0.4,100.0,0.0,0.7,100.0,0.0
2025-10-08,0.0,1.7,82.7,,,,,,,,,,0.0,0.7,100.0,0.0
2025-10-09,0.0,1.3,73.4,,,,,,,,,,0.0,0.8,100.0,0.0
2025-10-10,0.0,0.6,46.1,,,,,,,0.0,0.4,100.0,0.0,0.7,100.0,0.0
2025-10-11,,,,0.0,0.1,100.0,,,,0.0,0.2,100.0,0.0,0.4,100.0,0.0
2025-10-12,,,,0.0,0.1,100.0,,,,0.0,0.3,100.0,0.0,0.4,100.0,0.0
2025-10-13,0.0,1.7,78.5,,,,,,,,,,0.0,0.5,100.0,0.0
2025-10-14,0.0,1.3,73.4,0.0,0.2,100.0,0.0,0.0,99.5,0.0,0.3,100.0,0.0,0.4,100.0,0.0
2025-10-15,0.0,1.2,72.8,,,,0.0,0.0,96.0,,,,0.0,0.5,100.0,0.0
2025-10-16,,,,,,,,,,,,,0.0,0.4,100.0,0.0
2025-10-17,,,,0.0,0.2,100.0,,,,0.0,0.5,100.0,0.0,0.4,100.0,0.0
2025-10-18,,,,,,,,,,,,,0.0,0.5,100.0,0.0
2025-10-19,0.0,1.5,84.0,,,,,,,,,,0.0,0.6,100.0,0.0
2025-10-20,0.0,1.6,84.4,,,,,,,,,,0.0,0.6,100.0,0.0
2025-10-21,0.0,1.5,72.9,,,,,,,0.0,0.6,100.0,0.0,0.5,100.0,0.0
2025-10-22,0.0,0.5,47.3,0.0,0.3,69.3,,,,,,,0.0,0.7,100.0,0.0
2025-10-23,,,,,,,,,,,,,0.0,0.9,100.0,0.0
2025-10-24,,,,0.0,1.9,72.9,,,,0.0,0.4,100.0,0.0,0.8,100.0,0.0
2025-10-25,0.0,1.8,84.9,,,,,,,,,,0.0,0.8,100.0,0.0
2025-10-26,0.0,1.8,85.9,,,,,,,,,,0.0,0.8,100.0,0.0
2025-10-27,0.0,1.7,80.2,,,,,,,0.0,0.3,100.0,0.0,0.8,100.0,0.0
2025-10-28,,,,,,,,,,,,,0.0,1.0,100.0,0.0
2025-10-29,,,,0.0,1.0,100.0,,,,,,,0.0,0.9,100.0,0.0
2025-10-30,,,,,,,,,,,,,0.0,1.1,100.0,0.0
2025-10-31,0.0,1.5,85.4,0.0,0.5,86.2,,,,,,,0.0,1.7,100.0,0.0
2025-11-01,0.0,1.4,87.1,0.0,0.5,34.8,,,,,,,0.0,2.0,100.0,0.0
2025-11-02,0.0,1.2,79.7,,,,,,,,,,0.0,1.8,100.0,0.0
2025-11-03,0.0,0.7,52.2,0.0,2.4,91.7,,,,,,,0.0,1.7,100.0,0.0
2025-11-04,,,,,,,,,,,,,0.0,1.8,100.0,0.0
2025-11-05,,,,,,,,,,,,,0.0,2.1,100.0,0.0
2025-11-06,0.0,1.2,85.2,0.0,1.2,100.0,,,,0.0,0.3,100.0,0.0,1.6,100.0,0.0
2025-11-07,0.0,1.1,86.9,,,,0.0,0.0,59.7,,,,0.0,2.1,100.0,0.0
2025-11-08,0.0,1.0,79.8,0.0,0.7,100.0,0.0,0.1,54.1,,,,0.0,2.0,100.0,0.0
2025-11-09,0.0,0.4,53.5,,,,,,,,,,0.0,2.1,100.0,0.0
2025-11-10,,,,0.0,0.7,100.0,,,,,,,0.0,1.9,100.0,0.0
2025-11-11,,,,0.0,0.5,100.0,,,,,,,0.0,2.1,100.0,0.0
2025-11-12,0.0,1.2,83.7,,,,,,,0.0,1.0,100.0,0.0,2.1,100.0,0.0
2025-11-13,0.1,2.0,86.8,0.0,0.7,100.0,,,,,,,0.0,2.5,100.0,0.0
2025-11-14,0.0,1.8,78.8,,,,,,,,,,0.0,2.3,100.0,0.0
2025-11-15,0.0,1.4,52.2,,,,,,,,,,0.0,2.6,100.0,0.0
2025-11-16,,,,,,,,,,,,,0.0,2.7,100.0,0.0
2025-11-17,,,,,,,,,,,,,0.0,2.6,100.0,0.0
2025-11-18,0.0,2.9,84.0,0.0,3.2,100.0,,,,0.0,3.9,88.7,0.0,2.5,100.0,0.0
2025-11-19,0.1,3.9,87.0,,,,,,,,,,0.0,2.6,100.0,0.0
2025-11-20,0.0,2.4,63.5,,,,,,,,,,0.0,2.0,100.0,0.0
2025-11-21,,,,,,,,,,,,,0.0,2.2,100.0,0.0
2025-11-22,,,,,,,,,,,,,0.0,2.7,100.0,0.0
2025-11-23,,,,1.5,7.7,100.0,0.0,1.0,97.6,,,,0.0,3.2,100.0,0.0
2025-11-24,0.0,2.5,64.6,,,,,,,,,,0.0,2.4,100.0,0.0
2025-11-25,0.1,3.2,65.6,,,,,,,,,,0.0,2.3,100.0,0.0
2025-11-26,0.0,2.9,61.8,,,,,,,,,,0.0,2.1,100.0,0.0
2025-11-27,0.0,2.1,41.4,,,,,,,,,,0.0,2.6,100.0,0.0
2025-11-28,,,,6.1,15.6,100.0,,,,,,,0.0,2.0,100.0,0.0
2025-11-29,,,,,,,,,,,,,0.0,1.5,100.0,0.0
2025-11-30,,,,,,,,,,,,,0.0,1.5,100.0,0.0
2025-12-01,0.0,4.7,64.7,,,,,,,0.1,4.3,100.0,0.0,1.5,100.0,0.0
2025-12-02,,,,,,,0.0,2.1,96.1,,,,0.0,1.4,100.0,0.0
2025-12-03,,,,12.4,22.5,43.3,,,,0.0,2.4,100.0,0.0,1.1,100.0,0.0
2025-12-04,,,,,,,,,,0.0,1.1,100.0,0.0,1.2,100.0,0.0
2025-12-05,,,,,,,,,,,,,0.0,1.3,100.0,0.0
2025-12-06,0.2,6.7,62.8,8.2,16.5,100.0,,,,,,,0.0,1.3,100.0,0.0
2025-12-07,1.9,11.1,65.1,,,,,,,0.0,0.5,100.0,0.0,1.2,100.0,0.0
2025-12-08,2.2,9.8,60.9,,,,,,,0.0,0.1,38.3,0.0,1.3,100.0,0.0
2025-12-09,0.0,7.3,40.0,,,,0.0,2.3,82.6,,,,0.0,1.5,100.0,0.0
2025-12-10,,,,2.5,7.5,100.0,0.0,1.6,48.2,,,,0.0,1.3,100.0,0.0
2025-12-11,,,,,,,,,,,,,0.0,1.7,100.0,0.0
2025-12-12,10.6,19.0,51.5,,,,,,,,,,0.0,1.5,100.0,0.0
2025-12-13,6.9,15.4,61.9,1.6,6.0,100.0,,,,,,,0.0,1.8,100.0,0.0
2025-12-14,6.9,14.2,57.8,,,,,,,0.0,0.7,100.0,0.0,1.2,100.0,0.0
2025-12-15,,,,,,,,,,,,,0.0,1.8,100.0,0.0
2025-12-16,,,,,,,,,,,,,0.0,1.3,100.0,0.0
2025-12-17,,,,,,,,,,0.0,0.5,100.0,0.0,1.6,100.0,0.0
2025-12-18,8.0,14.0,63.4,0.0,4.0,100.0,0.0,1.8,51.0,0.0,0.4,100.0,0.0,1.3,100.0,0.0
2025-12-19,8.2,15.5,65.1,,,,,,,,,,0.0,2.1,100.0,0.0
2025-12-20,7.4,13.9,61.0,0.0,2.8,100.0,,,,0.0,0.3,100.0,0.0,1.5,100.0,0.0
2025-12-21,2.2,11.3,41.4,0.0,2.1,100.0,,,,0.0,1.0,100.0,0.0,2.1,100.0,0.0
2025-12-22,,,,,,,,,,,,,0.0,2.1,100.0,0.0
2025-12-23,,,,0.0,0.6,100.0,,,,,,,0.0,3.4,100.0,0.0
2025-12-24,12.5,17.6,52.4,,,,,,,0.0,1.0,100.0,0.0,3.3,100.0,0.0
2025-12-25,6.0,13.8,65.0,,,,0.5,6.1,88.4,0.0,3.6,100.0,0.0,5.1,100.0,0.0
2025-12-26,5.5,13.1,61.0,0.0,4.2,100.0,1.2,10.6,71.9,,,,0.0,6.2,100.0,0.0
2025-12-27,,,,,,,,,,0.0,6.1,100.0,0.0,7.6,100.0,0.0
2025-12-28,,,,0.0,5.1,100.0,,,,,,,0.0,11.1,100.0,0.0
2025-12-29,,,,,,,,,,,,,0.0,13.4,100.0,0.0
2025-12-30,1.5,13.0,62.9,,,,,,,,,,0.0,16.5,100.0,0.0
2025-12-31,4.7,15.0,65.4,0.0,8.6,100.0,,,,,,,0.0,21.7,100.0,0.0
2026-01-01,0.1,3.2,97.5,,,,,,,,,,0.0,11.0,100.0,0.0
2026-01-02,0.2,3.2,66.9,0.0,5.5,100.0,3.0,13.8,86.7,0.4,18.3,100.0,0.0,15.0,100.0,0.0
2026-01-03,,,,,,,4.0,31.8,72.8,21.2,39.0,100.0,0.0,19.0,100.0,0.0
2026-01-04,,,,,,,,,,,,,0.0,28.0,100.0,0.0
2026-01-05,0.4,9.0,75.7,0.0,1.5,100.0,,,,,,,1.5,36.0,100.0,1.5
2026-01-06,2.5,13.5,99.3,,,,,,,,,,4.3,43.6,100.0,4.3
2026-01-07,11.6,25.5,97.5,14.2,30.0,100.0,,,,92.9,70.1,100.0,27.5,54.5,100.0,27.5
2026-01-08,,,,,,,,,,,,,48.9,60.6,100.0,48.9
2026-01-09,,,,,,,,,,,,,97.2,70.8,100.0,97.2
2026-01-10,,,,,,,,,,,,,99.9,74.6,100.0,99.9
2026-01-11,43.2,37.8,96.5,,,,,,,,,,100.0,81.5,100.0,100.0
2026-01-12,77.1,54.3,97.7,,,,,,,98.2,80.0,100.0,100.0,85.3,100.0,100.0
2026-01-13,78.6,60.2,96.3,,,,,,,98.4,88.5,100.0,100.0,90.5,100.0,100.0
2026-01-14,79.4,61.9,67.1,,,,,,,,,,100.0,91.6,100.0,100.0
2026-01-15,,,,99.8,92.0,100.0,,,,,,,100.0,94.6,100.0,100.0
2026-01-16,,,,,,,,,,99.4,95.7,100.0,100.0,94.8,100.0,100.0
2026-01-17,86.2,67.3,74.2,100.0,97.3,100.0,,,,,,,100.0,97.0,100.0,100.0
2026-01-18,89.5,71.5,97.7,,,,100.0,99.9,91.7,100.0,97.8,100.0,100.0,97.6,100.0,100.0
2026-01-19,89.7,71.6,97.0,,,,100.0,99.9,94.2,,,,100.0,98.3,100.0,100.0
2026-01-20,,,,100.0,99.1,100.0,,,,100.0,98.6,100.0,100.0,98.4,100.0,100.0
2026-01-21,,,,,,,,,,,,,100.0,98.6,100.0,100.0
2026-01-22,,,,100.0,99.5,100.0,,,,,,,100.0,99.1,100.0,100.0
2026-01-23,91.1,75.1,96.3,,,,,,,,,,100.0,99.0,100.0,100.0
2026-01-24,95.3,79.7,97.5,,,,,,,,,,100.0,99.1,100.0,100.0
2026-01-25,94.5,79.0,95.7,,,,,,,,,,100.0,99.3,100.0,100.0
2026-01-26,94.0,76.1,66.4,,,,,,,100.0,98.9,61.7,100.0,99.4,100.0,100.0
2026-01-27,,,,100.0,99.9,100.0,100.0,100.0,94.3,,,,100.0,99.6,100.0,100.0
2026-01-28,,,,,,,,,,,,,100.0,99.6,100.0,100.0
2026-01-29,96.3,80.4,75.0,,,,,,,,,,100.0,99.7,100.0,100.0
2026-01-30,99.3,85.8,97.0,100.0,99.9,100.0,,,,,,,100.0,99.8,100.0,100.0
2026-01-31,99.3,86.1,95.9,,,,,,,100.0,98.2,100.0,100.0,99.7,100.0,100.0
2026-02-01,,,,100.0,99.9,100.0,,,,100.0,98.1,100.0,100.0,99.8,100.0,100.0
2026-02-02,,,,,,,,,,,,,100.0,99.7,100.0,100.0
2026-02-03,,,,,,,,,,,,,100.0,99.8,100.0,100.0
2026-02-04,100.0,90.4,96.1,,,,,,,,,,100.0,99.8,100.0,100.0
2026-02-05,100.0,92.2,97.2,,,,,,,,,,100.0,99.7,100.0,100.0
2026-02-06,100.0,94.3,97.8,,,,,,,,,,100.0,99.7,100.0,100.0
2026-02-07,100.0,93.8,64.6,,,,,,,,,,100.0,99.7,100.0,100.0
2026-02-08,,,,,,,,,,100.0,98.3,100.0,100.0,99.5,100.0,100.0
2026-02-09,,,,100.0,99.1,100.0,,,,100.0,98.0,100.0,100.0,99.6,100.0,100.0
2026-02-10,100.0,96.8,75.3,,,,,,,100.0,97.7,100.0,100.0,99.4,100.0,100.0
2026-02-11,100.0,95.5,96.8,100.0,97.1,59.7,,,,100.0,96.8,99.4,100.0,99.4,100.0,100.0
2026-02-12,99.9,93.9,98.1,,,,,,,,,,100.0,98.9,100.0,100.0
2026-02-13,,,,,,,,,,,,,100.0,98.9,100.0,100.0
2026-02-14,,,,,,,,,,,,,100.0,98.6,100.0,100.0
2026-02-15,,,,,,,,,,,,,100.0,98.2,100.0,100.0
2026-02-16,100.0,92.6,93.5,,,,,,,100.0,95.0,61.5,100.0,98.0,100.0,100.0
2026-02-17,100.0,94.1,96.8,,,,,,,,,,100.0,97.7,100.0,100.0
2026-02-18,100.0,95.0,95.7,,,,,,,,,,100.0,97.2,100.0,100.0
2026-02-19,100.0,94.2,64.2,,,,,,,100.0,88.6,100.0,100.0,96.7,100.0,100.0
2026-02-20,,,,,,,,,,,,,100.0,95.8,100.0,100.0
2026-02-21,,,,,,,,,,100.0,86.1,100.0,100.0,96.9,100.0,100.0
2026-02-22,100.0,97.1,72.9,,,,,,,99.9,79.5,100.0,100.0,96.1,100.0,100.0
2026-02-23,100.0,97.7,96.3,,,,,,,,,,100.0,97.3,100.0,100.0
2026-02-24,100.0,98.8,98.6,,,,,,,,,,100.0,97.4,100.0,100.0
2026-02-25,,,,,,,,,,,,,100.0,97.9,100.0,100.0
2026-02-26,,,,100.0,98.0,100.0,,,,99.9,82.6,100.0,100.0,98.3,100.0,100.0
2026-02-27,,,,,,,100.0,99.9,80.0,99.9,81.8,100.0,100.0,98.5,100.0,100.0
2026-02-28,100.0,99.7,93.9,,,,100.0,99.9,84.4,,,,100.0,98.8,100.0,100.0
2026-03-01,100.0,99.7,96.4,100.0,94.9,100.0,,,,,,,100.0,99.0,100.0,100.0
2026-03-02,100.0,99.6,98.3,,,,,,,,,,100.0,98.8,100.0,100.0
2026-03-03,100.0,99.6,70.6,100.0,94.0,91.0,,,,,,,100.0,98.8,100.0,100.0
2026-03-04,,,,,,,,,,100.0,91.9,99.9,100.0,98.2,100.0,100.0
2026-03-05,,,,,,,,,,,,,100.0,98.2,100.0,100.0
2026-03-06,100.0,99.9,70.0,99.4,85.6,100.0,,,,,,,100.0,98.6,100.0,100.0
2026-03-07,100.0,99.9,96.3,,,,,,,,,,100.0,98.4,100.0,100.0
2026-03-08,100.0,99.9,97.9,97.0,77.2,100.0,100.0,99.4,70.4,,,,100.0,98.6,100.0,100.0
2026-03-09,,,,,,,,,,,,,99.9,97.9,100.0,99.9
2026-03-10,,,,99.9,87.9,100.0,,,,100.0,95.1,100.0,99.9,98.3,100.0,99.9
2026-03-11,,,,100.0,93.2,100.0,,,,,,,99.9,98.1,100.0,99.9
2026-03-12,100.0,99.9,96.1,,,,,,,,,,99.7,98.1,100.0,99.7
2026-03-13,100.0,99.9,96.0,93.6,74.8,100.0,,,,100.0,95.0,100.0,99.7,97.9,100.0,99.7
2026-03-14,100.0,99.8,98.3,,,,,,,,,,99.7,98.1,100.0,99.7
2026-03-15,100.0,99.8,64.2,,,,,,,,,,99.7,98.0,100.0,99.7
2026-03-16,,,,92.2,82.8,51.2,,,,,,,99.7,97.7,100.0,99.7
2026-03-17,,,,,,,,,,,,,99.7,97.4,100.0,99.7
2026-03-18,100.0,99.9,75.6,,,,,,,,,,99.7,97.8,100.0,99.7
2026-03-19,100.0,99.9,97.1,,,,,,,,,,99.7,97.9,100.0,99.7
2026-03-20,100.0,99.9,97.8,99.9,90.6,100.0,,,,100.0,94.4,100.0,99.6,98.1,100.0,99.6
2026-03-21,,,,,,,,,,,,,99.7,97.5,100.0,99.7
2026-03-22,,,,,,,,,,,,,99.4,97.5,100.0,99.4
2026-03-23,,,,,,,,,,,,,99.4,97.4,100.0,99.4
2026-03-24,100.0,99.9,94.2,,,,,,,99.9,93.2,62.7,99.2,97.3,100.0,99.2
2026-03-25,100.0,99.9,96.8,,,,,,,,,,99.0,96.9,100.0,99.0
2026-03-26,100.0,99.9,96.7,,,,,,,,,,99.0,97.1,100.0,99.0
2026-03-27,100.0,99.7,61.3,,,,,,,,,,98.8,96.0,100.0,98.8
2026-03-28,,,,100.0,92.6,100.0,,,,,,,99.0,96.2,100.0,99.0
2026-03-29,,,,,,,,,,,,,97.9,93.0,100.0,97.9
2026-03-30,100.0,99.9,71.7,,,,,,,,,,98.1,93.1,100.0,98.1
2026-03-31,100.0,99.7,96.8,,,,,,,,,,95.4,89.5,100.0,95.4
2026-04-01,100.0,98.8,97.1,,,,,,,,,,96.3,88.9,100.0,96.3
2026-04-02,,,,,,,,,,,,,83.1,79.4,100.0,83.1
2026-04-03,,,,,,,,,,,,,83.4,79.2,100.0,83.4
2026-04-04,,,,,,,,,,,,,59.3,66.2,100.0,59.3
2026-04-05,,,,93.9,82.8,100.0,,,,97.5,84.0,100.0,56.4,65.4,100.0,56.4
2026-04-06,100.0,95.9,98.5,,,,,,,92.4,74.1,100.0,38.8,51.8,100.0,38.8
2026-04-07,99.6,88.5,98.2,54.9,58.9,100.0,,,,56.9,50.7,54.8,42.0,54.0,100.0,42.0
2026-04-08,96.9,69.4,70.6,,,,,,,25.1,34.6,51.4,20.7,37.5,100.0,20.7
2026-04-09,,,,2.5,18.5,100.0,100.0,94.3,44.1,47.1,44.4,100.0,17.8,34.8,100.0,17.8
2026-04-10,,,,,,,,,,,,,4.6,24.3,100.0,4.6
2026-04-11,83.3,74.8,77.8,,,,,,,,,,5.4,25.3,100.0,5.4
2026-04-12,72.2,55.4,99.3,0.0,2.6,68.6,,,,,,,0.1,17.0,100.0,0.1
2026-04-13,34.2,36.2,96.8,,,,,,,,,,0.1,14.8,100.0,0.1
2026-04-14,,,,,,,,,,24.4,27.8,100.0,0.0,11.5,100.0,0.0
2026-04-15,,,,0.0,3.9,59.1,,,,,,,0.3,12.6,100.0,0.3
2026-04-16,,,,,,,,,,3.1,14.7,100.0,0.0,9.6,100.0,0.0
2026-04-17,19.6,21.0,97.9,0.0,2.2,100.0,,,,0.3,8.9,100.0,0.0,8.5,100.0,0.0
2026-04-18,16.3,18.1,99.7,,,,,,,,,,0.0,8.6,100.0,0.0
2026-04-19,14.2,16.6,99.7,,,,,,,,,,0.0,8.8,100.0,0.0
2026-04-20,8.4,11.6,98.2,,,,,,,0.0,6.3,100.0,0.0,8.1,100.0,0.0
2026-04-21,,,,,,,,,,,,,0.0,8.1,100.0,0.0
2026-04-22,,,,0.0,0.9,100.0,,,,,,,0.0,8.6,100.0,0.0
2026-04-23,5.9,10.1,77.8,,,,,,,0.0,6.9,43.0,0.0,8.1,100.0,0.0
2026-04-24,2.3,8.9,99.3,,,,,,,0.0,8.4,100.0,0.0,8.1,100.0,0.0
2026-04-25,1.2,9.1,96.0,0.0,0.5,100.0,,,,0.0,7.1,100.0,0.0,7.2,100.0,0.0
2026-04-26,,,,,,,,,,0.0,4.8,100.0,0.0,7.3,100.0,0.0
2026-04-27,,,,0.0,0.4,100.0,,,,0.0,4.6,100.0,0.0,6.8,100.0,0.0
2026-04-28,,,,,,,,,,,,,0.0,6.9,100.0,0.0
2026-04-29,2.4,10.1,96.5,,,,,,,,,,0.0,6.6,100.0,0.0
2026-04-30,2.1,10.3,99.4,0.0,0.3,100.0,,,,0.0,4.6,100.0,0.0,6.1,100.0,0.0
2026-05-01,1.8,9.6,99.7,,,,,,,,,,0.0,6.1,100.0,0.0
2026-05-02,1.3,10.0,95.6,0.0,0.3,100.0,,,,,,,0.0,6.1,100.0,0.0
2026-05-03,,,,,,,,,,,,,0.0,5.8,100.0,0.0
2026-05-04,,,,,,,,,,,,,0.0,5.4,100.0,0.0
2026-05-05,2.7,11.6,77.5,,,,,,,,,,0.0,5.5,100.0,0.0
2026-05-06,0.5,8.6,98.8,,,,,,,,,,0.0,4.4,100.0,0.0
2026-05-07,0.7,10.1,97.4,,,,,,,0.0,5.8,39.5,0.0,4.3,100.0,0.0
2026-05-08,,,,,,,,,,,,,0.0,3.4,100.0,0.0
2026-05-09,,,,,,,,,,,,,0.0,3.7,100.0,0.0
2026-05-10,,,,,,,,,,,,,0.0,2.9,100.0,0.0
2026-05-11,0.8,8.8,98.3,,,,,,,,,,0.0,3.6,100.0,0.0
2026-05-12,0.1,7.5,98.8,0.0,1.6,68.8,,,,0.0,1.0,100.0,0.0,2.9,100.0,0.0
2026-05-13,0.5,7.9,98.6,,,,,,,,,,0.0,4.0,100.0,0.0
2026-05-14,0.0,6.5,97.4,,,,,,,,,,0.0,2.8,100.0,0.0
2026-05-15,,,,,,,,,,,,,0.0,3.8,100.0,0.0
2026-05-16,,,,,,,,,,,,,0.0,5.2,100.0,0.0
2026-05-17,0.0,5.3,75.4,0.0,1.7,97.1,,,,,,,0.0,6.2,100.0,0.0
2026-05-18,0.0,3.7,97.0,,,,,,,,,,0.0,5.1,100.0,0.0
2026-05-19,0.0,1.8,93.4,,,,,,,,,,0.0,5.6,100.0,0.0
2026-05-20,,,,,,,,,,0.0,2.1,40.3,0.0,8.1,100.0,0.0
2026-05-21,,,,,,,,,,,,,0.0,8.0,100.0,0.0
2026-05-22,,,,0.0,0.3,100.0,,,,0.0,0.8,100.0,0.0,5.9,100.0,0.0
2026-05-23,0.0,1.6,74.9,,,,,,,0.0,0.5,100.0,0.0,5.3,100.0,0.0
2026-05-24,0.0,1.9,96.4,,,,,,,,,,0.0,8.1,100.0,0.0
2026-05-25,0.0,2.1,95.0,0.0,0.2,100.0,,,,,,,0.0,6.3,100.0,0.0
2026-05-26,0.0,2.2,90.5,,,,,,,0.0,0.2,100.0,0.0,5.0,100.0,0.0
2026-05-27,,,,,,,,,,0.0,0.1,69.8,0.0,5.8,100.0,0.0
2026-05-28,,,,,,,,,,,,,0.0,13.1,100.0,0.0
2026-05-29,0.0,2.9,69.9,0.0,0.1,100.0,,,,,,,0.0,11.5,100.0,0.0
2026-05-30,0.0,3.1,97.8,0.0,0.2,65.5,,,,,,,0.0,10.5,100.0,0.0
2026-05-31,0.0,2.6,91.4,,,,,,,,,,0.0,13.9,100.0,0.0
2026-06-01,,,,,,,,,,,,,,,,
2026-06-02,,,,,,,,,,,,,,,,
2026-06-03,,,,,,,,,,,,,,,,
2026-06-04,0.0,1.8,71.5,,,,,,,,,,,,,
2026-06-05,,,,,,,,,,,,,,,,
2026-06-06,0.0,3.8,99.3,,,,,,,,,,,,,
2026-06-07,0.0,4.8,96.7,,,,,,,,,,,,,
2026-06-08,,,,0.0,0.1,97.2,,,,0.0,0.1,100.0,,,,
2026-06-09,,,,,,,,,,,,,,,,
2026-06-10,,,,,,,,,,,,,,,,
2026-06-11,0.0,6.2,98.1,,,,,,,,,,,,,
2026-06-12,0.0,6.3,96.0,,,,,,,,,,,,,
2026-06-13,,,,,,,,,,,,,,,,
2026-06-14,,,,,,,,,,,,,,,,
2026-06-15,,,,,,,,,,0.0,0.0,100.0,,,,
2026-06-16,0.4,7.7,98.6,,,,,,,0.0,0.0,84.0,,,,
2026-06-17,,,,,,,,,,,,,,,,
2026-06-18,0.0,4.2,76.2,,,,,,,,,,,,,
2026-06-19,0.0,1.3,95.7,0.0,0.1,100.0,,,,0.0,0.0,100.0,,,,
2026-06-20,,,,,,,,,,,,,,,,
2026-06-21,,,,0.0,0.2,63.7,,,,0.0,0.0,100.0,,,,
2026-06-22,,,,,,,,,,0.0,0.0,100.0,,,,
2026-06-23,0.0,0.8,99.4,,,,,,,,,,,,,
2026-06-24,0.0,0.6,97.0,,,,,,,,,,,,,
2026-06-25,0.0,0.7,97.7,,,,,,,,,,,,,
2026-06-26,0.0,0.3,62.3,0.0,0.1,100.0,,,,0.0,0.0,100.0,,,,
2026-06-27,,,,,,,,,,0.0,0.0,100.0,,,,
2026-06-28,0.0,1.0,98.8,0.0,0.9,100.0,,,,0.0,0.0,100.0,,,,
2026-06-29,0.0,3.4,98.9,,,,,,,0.0,0.3,100.0,,,,
2026-06-30,0.0,4.6,99.6,,,,,,,,,,,,,
2026-07-01,,,,,,,,,,,,,,,,
2026-07-02,,,,,,,,,,,,,,,,
2026-07-03,,,,,,,,,,,,,,,,
2026-07-04,,,,,,,,,,,,,,,,
2026-07-05,,,,,,,,,,,,,,,,
2026-07-06,,,,,,,,,,,,,,,,
2026-07-07,,,,,,,,,,,,,,,,
2026-07-08,,,,,,,,,,,,,,,,
2026-07-09,,,,,,,,,,0.0,3.2,100.0,,,,
