date,s1_ice_cover,s1_ice_probability,s1_data_coverage,s2_ice_cover,s2_ice_probability,s2_data_coverage,landsat_ice_cover,landsat_ice_probability,landsat_data_coverage,ecostress_ice_cover,ecostress_ice_probability,ecostress_data_coverage,stage2_ice_cover,stage2_ice_probability,stage2_data_coverage,stage2_phenology_cover
2015-06-28,100.0,88.2,100.0,,,,,,,,,,0.0,7.4,100.0,0.0
2015-06-29,,,,,,,,,,,,,0.0,4.9,100.0,0.0
2015-06-30,,,,,,,,,,,,,0.0,3.2,100.0,0.0
2015-07-01,100.0,82.0,100.0,,,,,,,,,,0.0,3.0,100.0,0.0
2015-07-02,,,,,,,0.0,0.2,49.4,,,,0.0,1.5,100.0,0.0
2015-07-03,,,,,,,,,,,,,0.0,1.1,100.0,0.0
2015-07-04,,,,,,,,,,,,,0.0,0.7,100.0,0.0
2015-07-05,,,,,,,,,,,,,0.0,0.5,100.0,0.0
2015-07-06,100.0,94.1,100.0,,,,,,,,,,0.0,0.5,100.0,0.0
2015-07-07,,,,,,,,,,,,,0.0,0.3,100.0,0.0
2015-07-08,,,,,,,,,,,,,0.0,0.3,100.0,0.0
2015-07-09,,,,,,,,,,,,,0.0,0.3,100.0,0.0
2015-07-10,100.0,91.5,100.0,,,,0.0,0.1,100.0,,,,0.0,0.3,100.0,0.0
2015-07-11,,,,0.0,10.9,100.0,,,,,,,0.0,0.2,100.0,0.0
2015-07-12,,,,,,,,,,,,,0.0,0.2,100.0,0.0
2015-07-13,100.0,93.0,99.8,,,,,,,,,,0.0,0.2,100.0,0.0
2015-07-14,,,,,,,,,,,,,0.0,0.3,100.0,0.0
2015-07-15,,,,,,,,,,,,,0.0,0.2,100.0,0.0
2015-07-16,,,,,,,,,,,,,0.0,0.3,100.0,0.0
2015-07-17,,,,,,,,,,,,,0.0,0.3,100.0,0.0
2015-07-18,100.0,90.9,99.3,,,,0.0,0.0,45.4,,,,0.0,0.5,100.0,0.0
2015-07-19,,,,,,,,,,,,,0.0,0.7,100.0,0.0
2015-07-20,,,,,,,,,,,,,0.0,0.8,100.0,0.0
2015-07-21,,,,,,,,,,,,,0.0,0.9,100.0,0.0
2015-07-22,100.0,87.7,100.0,,,,,,,,,,0.0,1.1,100.0,0.0
2015-07-23,,,,,,,,,,,,,0.0,1.2,100.0,0.0
2015-07-24,,,,,,,,,,,,,0.0,1.1,100.0,0.0
2015-07-25,100.0,87.5,99.8,,,,,,,,,,0.0,1.1,100.0,0.0
2015-07-26,,,,,,,,,,,,,0.0,1.5,100.0,0.0
2015-07-27,,,,,,,,,,,,,0.0,1.5,100.0,0.0
2015-07-28,,,,,,,,,,,,,0.0,1.2,100.0,0.0
2015-07-29,98.9,77.4,100.0,,,,,,,,,,0.0,1.2,100.0,0.0
2015-07-30,,,,,,,,,,,,,0.0,1.0,100.0,0.0
2015-07-31,,,,0.0,7.0,65.3,,,,,,,0.0,0.9,100.0,0.0
2015-08-01,,,,,,,,,,,,,0.0,0.7,100.0,0.0
2015-08-02,,,,,,,,,,,,,0.0,0.6,100.0,0.0
2015-08-03,,,,,,,,,,,,,0.0,0.6,100.0,0.0
2015-08-04,,,,,,,,,,,,,0.0,0.5,100.0,0.0
2015-08-05,,,,,,,,,,,,,0.0,0.3,100.0,0.0
2015-08-06,99.1,78.0,100.0,,,,,,,,,,0.0,0.2,100.0,0.0
2015-08-07,,,,0.0,7.1,45.6,,,,,,,0.0,0.2,100.0,0.0
2015-08-08,,,,,,,,,,,,,0.0,0.2,100.0,0.0
2015-08-09,,,,,,,,,,,,,0.0,0.1,100.0,0.0
2015-08-10,,,,0.0,4.4,100.0,,,,,,,0.0,0.1,100.0,0.0
2015-08-11,98.4,74.4,99.3,,,,,,,,,,0.0,0.1,100.0,0.0
2015-08-12,,,,,,,,,,,,,0.0,0.1,100.0,0.0
2015-08-13,,,,,,,,,,,,,0.0,0.0,100.0,0.0
2015-08-14,,,,,,,,,,,,,0.0,0.1,100.0,0.0
2015-08-15,98.2,75.8,100.0,,,,,,,,,,0.0,0.1,100.0,0.0
2015-08-16,,,,,,,,,,,,,0.0,0.1,100.0,0.0
2015-08-17,,,,,,,,,,,,,0.0,0.1,100.0,0.0
2015-08-18,,,,,,,,,,,,,0.0,0.1,100.0,0.0
2015-08-19,,,,,,,,,,,,,0.0,0.1,100.0,0.0
2015-08-20,,,,,,,,,,,,,0.0,0.1,100.0,0.0
2015-08-21,,,,,,,,,,,,,0.0,0.1,100.0,0.0
2015-08-22,98.6,79.9,99.8,,,,,,,,,,0.0,0.1,100.0,0.0
2015-08-23,98.0,76.3,100.0,,,,,,,,,,0.0,0.0,100.0,0.0
2015-08-24,,,,,,,,,,,,,0.0,0.0,100.0,0.0
2015-08-25,,,,,,,,,,,,,0.0,0.0,100.0,0.0
2015-08-26,,,,,,,,,,,,,0.0,0.0,100.0,0.0
2015-08-27,99.1,84.5,100.0,0.0,2.0,100.0,0.0,0.0,100.0,,,,0.0,0.0,100.0,0.0
2015-08-28,,,,,,,,,,,,,0.0,0.0,100.0,0.0
2015-08-29,,,,,,,,,,,,,0.0,0.0,100.0,0.0
2015-08-30,,,,28.3,28.1,100.0,,,,,,,0.0,0.0,100.0,0.0
2015-08-31,,,,,,,,,,,,,0.0,0.0,100.0,0.0
2015-09-01,,,,,,,,,,,,,0.0,0.0,100.0,0.0
2015-09-02,,,,,,,,,,,,,0.0,0.0,100.0,0.0
2015-09-03,99.3,84.5,96.4,,,,,,,,,,0.0,0.0,100.0,0.0
2015-09-04,,,,,,,,,,,,,0.0,0.0,100.0,0.0
2015-09-05,,,,,,,,,,,,,0.0,0.0,100.0,0.0
2015-09-06,,,,,,,,,,,,,0.0,0.0,100.0,0.0
2015-09-07,,,,,,,,,,,,,0.0,0.1,100.0,0.0
2015-09-08,99.5,87.9,96.8,,,,,,,,,,0.0,0.1,100.0,0.0
2015-09-09,,,,,,,,,,,,,0.0,0.0,100.0,0.0
2015-09-10,,,,,,,,,,,,,0.0,0.0,100.0,0.0
2015-09-11,,,,,,,,,,,,,0.0,0.0,100.0,0.0
2015-09-12,,,,,,,0.0,0.0,100.0,,,,0.0,0.0,100.0,0.0
2015-09-13,,,,,,,,,,,,,0.0,0.0,100.0,0.0
2015-09-14,,,,,,,,,,,,,0.0,0.0,100.0,0.0
2015-09-15,98.6,83.1,96.8,,,,,,,,,,0.0,0.0,100.0,0.0
2015-09-16,99.1,87.2,96.6,,,,,,,,,,0.0,0.0,100.0,0.0
2015-09-17,,,,,,,,,,,,,0.0,0.0,100.0,0.0
2015-09-18,,,,,,,,,,,,,0.0,0.0,100.0,0.0
2015-09-19,,,,,,,,,,,,,0.0,0.0,100.0,0.0
2015-09-20,99.5,87.7,96.8,,,,,,,,,,0.0,0.1,100.0,0.0
2015-09-21,,,,,,,,,,,,,0.0,0.1,100.0,0.0
2015-09-22,,,,,,,,,,,,,0.0,0.1,100.0,0.0
2015-09-23,98.8,86.1,96.6,,,,,,,,,,0.0,0.1,100.0,0.0
2015-09-24,,,,,,,,,,,,,0.0,0.2,100.0,0.0
2015-09-25,,,,,,,,,,,,,0.0,0.2,100.0,0.0
2015-09-26,,,,,,,,,,,,,0.0,0.3,100.0,0.0
2015-09-27,,,,,,,,,,,,,0.0,0.3,100.0,0.0
2015-09-28,99.3,82.9,96.8,,,,,,,,,,0.0,0.6,100.0,0.0
2015-09-29,,,,,,,,,,,,,0.0,0.6,100.0,0.0
2015-09-30,,,,,,,,,,,,,0.0,0.7,100.0,0.0
2015-10-01,,,,,,,,,,,,,0.0,0.7,100.0,0.0
2015-10-02,98.8,80.9,96.8,,,,,,,,,,0.0,0.7,100.0,0.0
2015-10-03,,,,,,,,,,,,,0.0,0.7,100.0,0.0
2015-10-04,,,,,,,,,,,,,0.0,0.7,100.0,0.0
2015-10-05,99.3,82.7,96.8,,,,,,,,,,0.0,0.7,100.0,0.0
2015-10-06,,,,,,,,,,,,,0.0,0.7,100.0,0.0
2015-10-07,,,,,,,,,,,,,0.0,0.7,100.0,0.0
2015-10-08,,,,,,,,,,,,,0.0,0.7,100.0,0.0
2015-10-09,,,,,,,,,,,,,0.0,0.7,100.0,0.0
2015-10-10,98.4,80.3,96.8,,,,,,,,,,0.0,0.9,100.0,0.0
2015-10-11,,,,,,,,,,,,,0.0,0.8,100.0,0.0
2015-10-12,,,,,,,,,,,,,0.0,1.0,100.0,0.0
2015-10-13,,,,,,,,,,,,,0.0,1.1,100.0,0.0
2015-10-14,98.4,79.0,96.8,,,,,,,,,,0.0,1.2,100.0,0.0
2015-10-15,,,,,,,,,,,,,0.0,1.1,100.0,0.0
2015-10-16,,,,,,,,,,,,,0.0,1.2,100.0,0.0
2015-10-17,,,,,,,,,,,,,0.0,1.3,100.0,0.0
2015-10-18,,,,,,,,,,,,,0.0,1.4,100.0,0.0
2015-10-19,,,,,,,,,,,,,0.0,1.4,100.0,0.0
2015-10-20,,,,,,,,,,,,,0.0,1.5,100.0,0.0
2015-10-21,98.1,76.1,96.8,,,,,,,,,,0.0,1.7,100.0,0.0
2015-10-22,97.9,77.2,96.6,,,,,,,,,,0.0,1.6,100.0,0.0
2015-10-23,,,,,,,,,,,,,0.0,1.5,100.0,0.0
2015-10-24,,,,,,,,,,,,,0.0,1.4,100.0,0.0
2015-10-25,,,,,,,,,,,,,0.0,1.3,100.0,0.0
2015-10-26,97.4,75.2,96.8,,,,,,,,,,0.0,1.4,100.0,0.0
2015-10-27,,,,,,,,,,,,,0.0,1.3,100.0,0.0
2015-10-28,,,,,,,,,,,,,0.0,1.3,100.0,0.0
2015-10-29,,,,,,,,,,,,,0.0,1.2,100.0,0.0
2015-10-30,,,,,,,,,,,,,0.0,1.2,100.0,0.0
2015-10-31,,,,,,,,,,,,,0.0,1.1,100.0,0.0
2015-11-01,,,,,,,,,,,,,0.0,0.8,100.0,0.0
2015-11-02,97.7,76.4,96.8,,,,,,,,,,0.0,0.8,100.0,0.0
2015-11-03,98.1,76.4,96.8,,,,,,,,,,0.0,0.7,100.0,0.0
2015-11-04,,,,,,,,,,,,,0.0,0.6,100.0,0.0
2015-11-05,,,,,,,,,,,,,0.0,0.5,100.0,0.0
2015-11-06,,,,,,,,,,,,,0.0,0.5,100.0,0.0
2015-11-07,96.0,73.0,96.8,,,,,,,,,,0.0,0.4,100.0,0.0
2015-11-08,,,,,,,,,,,,,0.0,0.4,100.0,0.0
2015-11-09,,,,,,,,,,,,,0.0,0.3,100.0,0.0
2015-11-10,,,,,,,,,,,,,0.0,0.3,100.0,0.0
2015-11-11,,,,,,,,,,,,,0.0,0.2,100.0,0.0
2015-11-12,,,,,,,,,,,,,0.0,0.2,100.0,0.0
2015-11-13,,,,,,,,,,,,,0.0,0.2,100.0,0.0
2015-11-14,96.7,73.8,96.8,,,,,,,,,,0.0,0.4,100.0,0.0
2015-11-15,87.8,64.0,96.8,,,,0.0,0.8,100.0,,,,0.0,0.3,100.0,0.0
2015-11-16,,,,,,,,,,,,,0.0,0.4,100.0,0.0
2015-11-17,,,,,,,,,,,,,0.0,0.3,100.0,0.0
2015-11-18,,,,,,,,,,,,,0.0,0.5,100.0,0.0
2015-11-19,88.8,65.0,96.8,,,,,,,,,,0.0,0.6,100.0,0.0
2015-11-20,,,,,,,,,,,,,0.0,0.7,100.0,0.0
2015-11-21,,,,,,,,,,,,,0.0,0.8,100.0,0.0
2015-11-22,61.8,53.3,96.8,,,,,,,,,,0.0,1.3,100.0,0.0
2015-11-23,,,,,,,,,,,,,0.0,1.6,100.0,0.0
2015-11-24,,,,,,,,,,,,,0.0,2.2,100.0,0.0
2015-11-25,,,,,,,,,,,,,0.0,2.5,100.0,0.0
2015-11-26,69.0,54.8,96.6,,,,,,,,,,0.0,3.2,100.0,0.0
2015-11-27,37.9,39.7,96.8,,,,,,,,,,0.0,3.5,100.0,0.0
2015-11-28,,,,,,,,,,,,,0.0,3.7,100.0,0.0
2015-11-29,,,,,,,,,,,,,0.0,4.0,100.0,0.0
2015-11-30,,,,,,,,,,,,,0.0,4.0,100.0,0.0
2015-12-01,37.6,40.8,96.6,,,,,,,,,,0.0,5.7,100.0,0.0
2015-12-02,,,,,,,,,,,,,0.0,5.6,100.0,0.0
2015-12-03,,,,,,,,,,,,,0.0,7.4,100.0,0.0
2015-12-04,31.9,34.9,96.8,,,,,,,,,,0.0,7.9,100.0,0.0
2015-12-05,,,,,,,,,,,,,0.0,10.6,100.0,0.0
2015-12-06,,,,,,,,,,,,,1.6,11.0,100.0,1.6
2015-12-07,,,,,,,,,,,,,4.5,14.5,100.0,4.5
2015-12-08,34.7,37.8,96.8,,,,,,,,,,5.9,16.2,100.0,5.9
2015-12-09,32.4,35.0,96.6,,,,,,,,,,8.2,20.2,100.0,8.2
2015-12-10,,,,,,,,,,,,,8.6,19.7,100.0,8.6
2015-12-11,,,,,,,,,,,,,11.8,25.1,100.0,11.8
2015-12-12,,,,,,,,,,,,,15.0,26.6,100.0,15.0
2015-12-13,32.1,35.3,96.8,,,,,,,,,,17.7,31.4,100.0,17.7
2015-12-14,,,,,,,,,,,,,18.6,33.4,100.0,18.6
2015-12-15,,,,,,,,,,,,,22.7,40.5,100.0,22.7
2015-12-16,29.7,31.9,96.8,,,,,,,,,,25.9,43.9,100.0,25.9
2015-12-17,,,,,,,,,,,,,32.9,53.5,100.0,32.9
2015-12-18,,,,100.0,98.7,44.4,,,,,,,36.5,52.5,100.0,36.5
2015-12-19,,,,,,,,,,,,,45.8,59.8,100.0,45.8
2015-12-20,28.8,30.7,96.8,,,,,,,,,,57.1,64.9,100.0,57.1
2015-12-21,28.8,33.4,96.8,,,,,,,,,,86.6,73.3,100.0,86.6
2015-12-22,,,,,,,,,,,,,74.6,70.6,100.0,74.6
2015-12-23,,,,,,,,,,,,,94.8,79.3,100.0,94.8
2015-12-24,,,,,,,,,,,,,96.6,84.5,100.0,96.6
2015-12-25,28.8,33.2,96.8,88.9,86.2,100.0,,,,,,,98.2,91.4,100.0,98.2
2015-12-26,,,,,,,,,,,,,96.1,88.6,100.0,96.1
2015-12-27,,,,,,,,,,,,,97.5,91.1,100.0,97.5
2015-12-28,41.0,43.0,96.8,98.9,98.2,99.1,,,,,,,98.2,93.6,100.0,98.2
2015-12-29,,,,,,,,,,,,,98.4,94.3,100.0,98.4
2015-12-30,,,,,,,,,,,,,98.4,95.1,100.0,98.4
2015-12-31,,,,,,,,,,,,,98.4,95.7,100.0,98.4
2016-01-01,36.7,38.7,100.0,,,,,,,,,,100.0,98.3,100.0,100.0
2016-01-02,56.0,48.2,100.0,,,,,,,,,,100.0,99.0,100.0,100.0
2016-01-03,,,,,,,,,,,,,100.0,99.4,100.0,100.0
2016-01-04,,,,,,,,,,,,,100.0,99.4,100.0,100.0
2016-01-05,,,,,,,,,,,,,100.0,99.7,100.0,100.0
2016-01-06,60.5,48.9,100.0,,,,,,,,,,100.0,99.8,100.0,100.0
2016-01-07,,,,100.0,100.0,100.0,,,,,,,100.0,99.9,100.0,100.0
2016-01-08,,,,,,,,,,,,,100.0,99.8,100.0,100.0
2016-01-09,99.5,71.3,100.0,,,,,,,,,,100.0,99.8,100.0,100.0
2016-01-10,,,,,,,,,,,,,100.0,99.8,100.0,100.0
2016-01-11,,,,,,,,,,,,,100.0,99.7,100.0,100.0
2016-01-12,,,,,,,,,,,,,100.0,99.6,100.0,100.0
2016-01-13,86.7,62.8,100.0,,,,,,,,,,100.0,99.5,100.0,100.0
2016-01-14,70.9,54.0,100.0,,,,,,,,,,100.0,99.4,100.0,100.0
2016-01-15,,,,,,,,,,,,,100.0,99.2,100.0,100.0
2016-01-16,,,,,,,,,,,,,100.0,99.0,100.0,100.0
2016-01-17,,,,98.8,92.0,100.0,,,,,,,100.0,98.9,100.0,100.0
2016-01-18,99.8,71.8,100.0,,,,93.0,81.7,100.0,,,,100.0,99.0,100.0,100.0
2016-01-19,,,,,,,,,,,,,100.0,98.7,100.0,100.0
2016-01-20,,,,,,,,,,,,,100.0,98.9,100.0,100.0
2016-01-21,100.0,79.8,100.0,,,,,,,,,,100.0,98.6,100.0,100.0
2016-01-22,,,,,,,,,,,,,100.0,98.7,100.0,100.0
2016-01-23,,,,,,,,,,,,,100.0,98.3,100.0,100.0
2016-01-24,,,,100.0,100.0,100.0,,,,,,,100.0,98.8,100.0,100.0
2016-01-25,99.8,69.3,100.0,,,,,,,,,,100.0,98.3,100.0,100.0
2016-01-26,94.2,63.4,100.0,,,,,,,,,,100.0,98.2,100.0,100.0
2016-01-27,,,,,,,,,,,,,100.0,97.7,100.0,100.0
2016-01-28,,,,,,,,,,,,,100.0,97.8,100.0,100.0
2016-01-29,,,,,,,,,,,,,100.0,97.2,100.0,100.0
2016-01-30,100.0,77.2,100.0,,,,,,,,,,100.0,97.2,100.0,100.0
2016-01-31,,,,,,,,,,,,,100.0,96.1,100.0,100.0
2016-02-01,,,,,,,,,,,,,100.0,95.1,100.0,100.0
2016-02-02,100.0,88.9,99.5,,,,,,,,,,100.0,93.7,100.0,100.0
2016-02-03,,,,,,,,,,,,,100.0,92.4,100.0,100.0
2016-02-04,,,,,,,,,,,,,100.0,91.7,100.0,100.0
2016-02-05,,,,,,,,,,,,,100.0,91.8,100.0,100.0
2016-02-06,100.0,85.5,100.0,89.3,79.8,100.0,,,,,,,100.0,91.1,100.0,100.0
2016-02-07,99.8,76.2,100.0,,,,,,,,,,100.0,90.5,100.0,100.0
2016-02-08,,,,,,,,,,,,,100.0,87.6,100.0,100.0
2016-02-09,,,,,,,,,,,,,100.0,88.2,100.0,100.0
2016-02-10,,,,,,,,,,,,,100.0,85.9,100.0,100.0
2016-02-11,100.0,83.8,100.0,,,,,,,,,,100.0,87.5,100.0,100.0
2016-02-12,,,,,,,,,,,,,99.8,86.6,100.0,99.8
2016-02-13,,,,85.1,78.2,100.0,,,,,,,98.6,87.0,100.0,98.6
2016-02-14,100.0,81.5,99.8,,,,,,,,,,99.1,86.5,100.0,99.1
2016-02-15,,,,,,,,,,,,,96.7,83.2,100.0,96.7
2016-02-16,,,,,,,,,,,,,96.7,83.5,100.0,96.7
2016-02-17,,,,,,,,,,,,,95.1,80.8,100.0,95.1
2016-02-18,99.3,78.6,100.0,,,,,,,,,,96.5,82.2,100.0,96.5
2016-02-19,42.7,42.6,99.8,,,,,,,,,,93.3,76.8,100.0,93.3
2016-02-20,,,,,,,,,,,,,94.2,76.8,100.0,94.2
2016-02-21,,,,,,,,,,,,,85.1,67.6,100.0,85.1
2016-02-22,,,,,,,,,,,,,71.6,64.3,100.0,71.6
2016-02-23,45.3,44.9,100.0,,,,,,,,,,33.7,54.4,100.0,33.7
2016-02-24,,,,,,,,,,,,,30.2,54.9,100.0,30.2
2016-02-25,,,,,,,,,,,,,24.0,53.3,100.0,24.0
2016-02-26,44.7,45.2,100.0,,,,,,,,,,36.5,55.6,100.0,36.5
2016-02-27,,,,,,,,,,,,,25.1,52.9,100.0,25.1
2016-02-28,,,,,,,,,,,,,21.2,50.9,100.0,21.2
2016-02-29,,,,,,,,,,,,,27.4,52.9,100.0,27.4
2016-03-01,44.4,43.8,100.0,,,,,,,,,,25.8,50.7,100.0,25.8
2016-03-02,39.4,39.1,99.8,,,,,,,,,,36.7,54.9,100.0,36.7
2016-03-03,,,,,,,,,,,,,20.7,48.1,100.0,20.7
2016-03-04,,,,,,,,,,,,,49.1,56.8,100.0,49.1
2016-03-05,,,,,,,,,,,,,36.3,53.0,100.0,36.3
2016-03-06,42.0,40.9,99.8,,,,,,,,,,52.3,56.7,100.0,52.3
2016-03-07,,,,,,,,,,,,,22.3,48.4,100.0,22.3
2016-03-08,,,,,,,,,,,,,42.6,53.7,100.0,42.6
2016-03-09,43.5,43.1,100.0,,,,,,,,,,29.1,49.0,100.0,29.1
2016-03-10,,,,,,,,,,,,,29.3,49.4,100.0,29.3
2016-03-11,,,,,,,,,,,,,9.1,42.0,100.0,9.1
2016-03-12,,,,,,,,,,,,,24.4,47.7,100.0,24.4
2016-03-13,43.3,42.3,100.0,,,,,,,,,,17.9,44.3,100.0,17.9
2016-03-14,34.4,36.2,100.0,0.2,11.7,100.0,,,,,,,17.2,43.3,100.0,17.2
2016-03-15,,,,,,,,,,,,,2.1,35.6,100.0,2.1
2016-03-16,,,,,,,,,,,,,9.3,39.4,100.0,9.3
2016-03-17,,,,,,,,,,,,,1.9,33.2,100.0,1.9
2016-03-18,39.8,40.5,100.0,,,,,,,,,,4.9,32.3,100.0,4.9
2016-03-19,,,,,,,,,,,,,0.7,24.5,100.0,0.7
2016-03-20,,,,,,,,,,,,,1.9,27.2,100.0,1.9
2016-03-21,35.4,35.9,99.8,,,,,,,,,,0.9,25.1,100.0,0.9
2016-03-22,,,,,,,,,,,,,0.9,24.8,100.0,0.9
2016-03-23,,,,,,,,,,,,,0.2,20.7,100.0,0.2
2016-03-24,,,,0.0,14.5,100.0,,,,,,,0.2,21.9,100.0,0.2
2016-03-25,35.6,34.8,100.0,,,,,,,,,,0.2,18.6,100.0,0.2
2016-03-26,29.8,29.8,100.0,,,,,,,,,,0.2,18.0,100.0,0.2
2016-03-27,,,,0.0,8.4,98.8,,,,,,,0.0,14.2,100.0,0.0
2016-03-28,,,,,,,,,,,,,0.0,13.2,100.0,0.0
2016-03-29,,,,,,,,,,,,,0.0,10.5,100.0,0.0
2016-03-30,34.2,33.5,100.0,,,,,,,,,,0.0,10.9,100.0,0.0
2016-03-31,,,,,,,,,,,,,0.0,8.0,100.0,0.0
2016-04-01,,,,,,,,,,,,,0.0,8.0,100.0,0.0
2016-04-02,34.9,35.2,100.0,,,,,,,,,,0.0,6.9,100.0,0.0
2016-04-03,,,,0.0,12.1,79.3,,,,,,,0.0,7.3,100.0,0.0
2016-04-04,,,,,,,,,,,,,0.0,5.3,100.0,0.0
2016-04-05,,,,,,,,,,,,,0.0,5.4,100.0,0.0
2016-04-06,28.8,28.8,100.0,,,,,,,,,,0.0,4.7,100.0,0.0
2016-04-07,26.9,28.1,99.5,,,,,,,,,,0.0,5.4,100.0,0.0
2016-04-08,,,,,,,,,,,,,0.0,4.5,100.0,0.0
2016-04-09,,,,,,,,,,,,,0.0,5.1,100.0,0.0
2016-04-10,,,,,,,,,,,,,0.0,4.7,100.0,0.0
2016-04-11,30.9,32.3,100.0,,,,,,,,,,0.0,6.4,100.0,0.0
2016-04-12,,,,,,,,,,,,,0.0,5.5,100.0,0.0
2016-04-13,,,,0.0,2.0,100.0,,,,,,,0.0,6.3,100.0,0.0
2016-04-14,34.2,36.2,100.0,,,,,,,,,,0.0,6.0,100.0,0.0
2016-04-15,,,,,,,,,,,,,0.0,6.6,100.0,0.0
2016-04-16,,,,,,,,,,,,,0.0,5.3,100.0,0.0
2016-04-17,,,,,,,,,,,,,0.0,5.9,100.0,0.0
2016-04-18,34.4,35.3,100.0,,,,,,,,,,0.0,6.4,100.0,0.0
2016-04-19,34.9,36.0,100.0,,,,,,,,,,0.0,7.4,100.0,0.0
2016-04-20,,,,,,,,,,,,,0.0,7.8,100.0,0.0
2016-04-21,,,,,,,,,,,,,0.0,8.1,100.0,0.0
2016-04-22,,,,,,,,,,,,,0.0,8.4,100.0,0.0
2016-04-23,43.8,44.6,99.8,0.0,4.2,95.3,,,,,,,0.0,9.7,100.0,0.0
2016-04-24,,,,,,,,,,,,,0.0,11.2,100.0,0.0
2016-04-25,,,,,,,,,,,,,0.0,11.0,100.0,0.0
2016-04-26,44.4,42.9,100.0,0.0,2.1,100.0,,,,,,,0.0,10.5,100.0,0.0
2016-04-27,,,,,,,,,,,,,0.0,9.9,100.0,0.0
2016-04-28,,,,,,,,,,,,,0.0,9.5,100.0,0.0
2016-04-29,,,,,,,,,,,,,0.0,8.7,100.0,0.0
2016-04-30,38.8,38.9,100.0,,,,,,,,,,0.0,6.8,100.0,0.0
2016-05-01,32.9,34.1,99.5,,,,,,,,,,0.0,6.4,100.0,0.0
2016-05-02,,,,,,,,,,,,,0.0,5.2,100.0,0.0
2016-05-03,,,,,,,,,,,,,0.0,4.7,100.0,0.0
2016-05-04,,,,,,,,,,,,,0.0,3.7,100.0,0.0
2016-05-05,40.9,41.6,100.0,,,,,,,,,,0.0,3.9,100.0,0.0
2016-05-06,,,,0.3,2.6,42.1,,,,,,,0.0,3.3,100.0,0.0
2016-05-07,,,,,,,,,,,,,0.0,3.8,100.0,0.0
2016-05-08,41.3,40.5,99.8,,,,,,,,,,0.0,3.6,100.0,0.0
2016-05-09,,,,,,,0.0,1.0,34.2,,,,0.0,3.6,100.0,0.0
2016-05-10,,,,,,,,,,,,,0.0,3.2,100.0,0.0
2016-05-11,,,,,,,,,,,,,0.0,3.5,100.0,0.0
2016-05-12,35.1,31.6,100.0,,,,,,,,,,0.0,3.5,100.0,0.0
2016-05-13,29.4,29.3,99.5,,,,,,,,,,0.0,4.2,100.0,0.0
2016-05-14,,,,,,,,,,,,,0.0,4.3,100.0,0.0
2016-05-15,,,,,,,,,,,,,0.0,5.0,100.0,0.0
2016-05-16,,,,,,,,,,,,,0.0,6.1,100.0,0.0
2016-05-17,40.2,39.5,100.0,,,,,,,,,,0.0,7.5,100.0,0.0
2016-05-18,,,,,,,,,,,,,0.0,6.2,100.0,0.0
2016-05-19,,,,,,,,,,,,,0.0,5.1,100.0,0.0
2016-05-20,36.0,36.3,99.5,,,,,,,,,,0.0,4.9,100.0,0.0
2016-05-21,,,,,,,,,,,,,0.0,4.7,100.0,0.0
2016-05-22,,,,,,,,,,,,,0.0,3.7,100.0,0.0
2016-05-23,,,,0.0,2.1,100.0,,,,,,,0.0,3.3,100.0,0.0
2016-05-24,33.0,29.6,100.0,,,,,,,,,,0.0,3.0,100.0,0.0
2016-05-25,26.6,25.5,99.8,,,,,,,,,,0.0,2.9,100.0,0.0
2016-05-26,,,,0.0,7.4,37.9,,,,,,,0.0,2.3,100.0,0.0
2016-05-27,,,,,,,,,,,,,0.0,2.0,100.0,0.0
2016-05-28,,,,,,,,,,,,,0.0,1.7,100.0,0.0
2016-05-29,37.0,36.2,100.0,,,,,,,,,,0.0,1.8,100.0,0.0
2016-05-30,,,,,,,,,,,,,0.0,1.6,100.0,0.0
2016-05-31,,,,,,,,,,,,,0.0,1.6,100.0,0.0
2016-06-01,30.1,30.1,99.5,,,,,,,,,,0.0,1.5,100.0,0.0
2016-06-02,,,,,,,,,,,,,0.0,1.6,100.0,0.0
2016-06-03,,,,,,,,,,,,,0.0,1.7,100.0,0.0
2016-06-04,,,,,,,,,,,,,0.0,1.8,100.0,0.0
2016-06-05,25.8,25.0,100.0,,,,,,,,,,0.0,1.9,100.0,0.0
2016-06-06,19.6,20.5,99.8,,,,,,,,,,0.0,2.1,100.0,0.0
2016-06-07,,,,,,,,,,,,,0.0,2.4,100.0,0.0
2016-06-08,,,,,,,,,,,,,0.0,2.6,100.0,0.0
2016-06-09,,,,,,,,,,,,,0.0,2.9,100.0,0.0
2016-06-10,28.7,31.2,99.5,,,,,,,,,,0.0,3.3,100.0,0.0
2016-06-11,,,,,,,,,,,,,0.0,3.5,100.0,0.0
2016-06-12,,,,,,,,,,,,,0.0,2.8,100.0,0.0
2016-06-13,32.0,36.7,99.5,,,,,,,,,,0.0,3.3,100.0,0.0
2016-06-14,,,,,,,,,,,,,0.0,3.3,100.0,0.0
2016-06-15,,,,,,,,,,,,,0.0,3.6,100.0,0.0
2016-06-16,,,,,,,,,,,,,0.0,3.2,100.0,0.0
2016-06-17,,,,,,,,,,,,,0.0,3.1,100.0,0.0
2016-06-18,,,,,,,,,,,,,0.0,3.1,100.0,0.0
2016-06-19,,,,,,,,,,,,,0.0,3.3,100.0,0.0
2016-06-20,,,,,,,,,,,,,0.0,2.7,100.0,0.0
2016-06-21,,,,,,,,,,,,,0.0,2.2,100.0,0.0
2016-06-22,,,,0.0,3.7,100.0,,,,,,,0.0,2.0,100.0,0.0
2016-06-23,,,,,,,,,,,,,0.0,1.7,100.0,0.0
2016-06-24,,,,,,,,,,,,,0.0,1.9,100.0,0.0
2016-06-25,,,,,,,,,,,,,0.0,1.8,100.0,0.0
2016-06-26,,,,,,,0.0,1.1,70.9,,,,0.0,2.1,100.0,0.0
2016-06-27,,,,,,,,,,,,,0.0,2.0,100.0,0.0
2016-06-28,,,,,,,,,,,,,0.0,1.7,100.0,0.0
2016-06-29,58.8,52.8,100.0,,,,,,,,,,0.0,1.5,100.0,0.0
2016-06-30,40.2,43.6,100.0,,,,,,,,,,0.0,1.7,100.0,0.0
2016-07-01,,,,,,,,,,,,,0.0,1.5,100.0,0.0
2016-07-02,,,,4.2,11.4,71.4,,,,,,,0.0,1.3,100.0,0.0
2016-07-03,,,,,,,,,,,,,0.0,1.2,100.0,0.0
2016-07-04,50.5,50.0,100.0,,,,,,,,,,0.0,1.3,100.0,0.0
2016-07-05,,,,,,,,,,,,,0.0,1.0,100.0,0.0
2016-07-06,,,,,,,,,,,,,0.0,0.6,100.0,0.0
2016-07-07,43.9,47.5,99.5,,,,,,,,,,0.0,0.6,100.0,0.0
2016-07-08,,,,,,,,,,,,,0.0,0.4,100.0,0.0
2016-07-09,,,,,,,,,,,,,0.0,0.3,100.0,0.0
2016-07-10,,,,,,,,,,,,,0.0,0.3,100.0,0.0
2016-07-11,56.0,52.5,100.0,,,,,,,,,,0.0,0.3,100.0,0.0
2016-07-12,39.3,43.1,100.0,0.0,10.8,100.0,0.0,0.0,100.0,,,,0.0,0.3,100.0,0.0
2016-07-13,,,,,,,,,,,,,0.0,0.3,100.0,0.0
2016-07-14,,,,,,,,,,,,,0.0,0.3,100.0,0.0
2016-07-15,,,,0.0,2.0,96.7,,,,,,,0.0,0.3,100.0,0.0
2016-07-16,44.2,47.0,100.0,,,,,,,,,,0.0,0.5,100.0,0.0
2016-07-17,,,,,,,,,,,,,0.0,0.5,100.0,0.0
2016-07-18,,,,,,,,,,,,,0.0,0.6,100.0,0.0
2016-07-19,36.1,42.8,90.9,,,,,,,,,,0.0,0.7,100.0,0.0
2016-07-20,,,,,,,,,,,,,0.0,1.2,100.0,0.0
2016-07-21,,,,,,,,,,,,,0.0,1.4,100.0,0.0
2016-07-22,,,,,,,,,,,,,0.0,1.3,100.0,0.0
2016-07-23,32.0,37.4,90.9,,,,,,,,,,0.0,1.5,100.0,0.0
2016-07-24,31.4,34.0,91.2,,,,,,,,,,0.0,1.2,100.0,0.0
2016-07-25,,,,,,,,,,,,,0.0,1.4,100.0,0.0
2016-07-26,,,,,,,,,,,,,0.0,1.0,100.0,0.0
2016-07-27,,,,,,,,,,,,,0.0,1.0,100.0,0.0
2016-07-28,29.6,31.3,91.2,,,,,,,,,,0.0,1.0,100.0,0.0
2016-07-29,,,,,,,,,,,,,0.0,1.0,100.0,0.0
2016-07-30,,,,,,,,,,,,,0.0,0.6,100.0,0.0
2016-07-31,31.1,31.4,91.2,,,,,,,,,,0.0,0.5,100.0,0.0
2016-08-01,,,,,,,,,,,,,0.0,0.4,100.0,0.0
2016-08-02,,,,,,,,,,,,,0.0,0.5,100.0,0.0
2016-08-03,,,,,,,,,,,,,0.0,0.4,100.0,0.0
2016-08-04,29.1,28.8,91.2,0.0,0.5,100.0,,,,,,,0.0,0.3,100.0,0.0
2016-08-05,27.9,28.0,90.9,,,,,,,,,,0.0,0.3,100.0,0.0
2016-08-06,,,,,,,,,,,,,0.0,0.3,100.0,0.0
2016-08-07,,,,,,,,,,,,,0.0,0.2,100.0,0.0
2016-08-08,,,,,,,,,,,,,0.0,0.2,100.0,0.0
2016-08-09,32.1,31.4,91.2,,,,,,,,,,0.0,0.2,100.0,0.0
2016-08-10,,,,,,,,,,,,,0.0,0.2,100.0,0.0
2016-08-11,,,,,,,,,,,,,0.0,0.2,100.0,0.0
2016-08-12,28.6,31.0,90.9,,,,,,,,,,0.0,0.3,100.0,0.0
2016-08-13,,,,,,,,,,,,,0.0,0.2,100.0,0.0
2016-08-14,,,,0.0,0.2,98.4,,,,,,,0.0,0.3,100.0,0.0
2016-08-15,,,,,,,,,,,,,0.0,0.2,100.0,0.0
2016-08-16,37.0,36.7,91.2,,,,,,,,,,0.0,0.2,100.0,0.0
2016-08-17,39.5,41.1,91.2,,,,,,,,,,0.0,0.2,100.0,0.0
2016-08-18,,,,,,,,,,,,,0.0,0.2,100.0,0.0
2016-08-19,,,,,,,,,,,,,0.0,0.2,100.0,0.0
2016-08-20,,,,,,,,,,,,,0.0,0.2,100.0,0.0
2016-08-21,50.8,45.6,91.2,,,,,,,,,,0.0,0.1,100.0,0.0
2016-08-22,,,,,,,,,,,,,0.0,0.2,100.0,0.0
2016-08-23,,,,,,,,,,,,,0.0,0.1,100.0,0.0
2016-08-24,35.7,38.9,91.2,,,,,,,,,,0.0,0.1,100.0,0.0
2016-08-25,,,,,,,,,,,,,0.0,0.1,100.0,0.0
2016-08-26,,,,,,,,,,,,,0.0,0.1,100.0,0.0
2016-08-27,,,,,,,,,,,,,0.0,0.0,100.0,0.0
2016-08-28,,,,,,,,,,,,,0.0,0.1,100.0,0.0
2016-08-29,34.9,37.1,90.7,,,,0.0,0.0,95.8,,,,0.0,0.0,100.0,0.0
2016-08-30,,,,,,,,,,,,,0.0,0.0,100.0,0.0
2016-08-31,,,,0.0,3.2,100.0,,,,,,,0.0,0.0,100.0,0.0
2016-09-01,,,,,,,,,,,,,0.0,0.0,100.0,0.0
2016-09-02,49.5,46.6,90.7,,,,,,,,,,0.0,0.0,100.0,0.0
2016-09-03,,,,,,,,,,,,,0.0,0.0,100.0,0.0
2016-09-04,,,,,,,,,,,,,0.0,0.0,100.0,0.0
2016-09-05,44.2,43.9,90.9,,,,,,,,,,0.0,0.0,100.0,0.0
2016-09-06,,,,,,,,,,,,,0.0,0.0,100.0,0.0
2016-09-07,,,,,,,,,,,,,0.0,0.1,100.0,0.0
2016-09-08,,,,,,,,,,,,,0.0,0.0,100.0,0.0
2016-09-09,42.5,41.5,90.9,,,,,,,,,,0.0,0.0,100.0,0.0
2016-09-10,31.6,33.0,91.2,0.3,15.4,100.0,,,,,,,0.0,0.0,100.0,0.0
2016-09-11,,,,,,,,,,,,,0.0,0.0,100.0,0.0
2016-09-12,,,,,,,,,,,,,0.0,0.0,100.0,0.0
2016-09-13,,,,0.0,11.3,100.0,,,,,,,0.0,0.0,100.0,0.0
2016-09-14,40.2,40.8,90.9,,,,0.0,0.0,100.0,,,,0.0,0.0,100.0,0.0
2016-09-15,,,,,,,,,,,,,0.0,0.0,100.0,0.0
2016-09-16,,,,,,,,,,,,,0.0,0.0,100.0,0.0
2016-09-17,37.2,37.0,91.2,,,,,,,,,,0.0,0.0,100.0,0.0
2016-09-18,,,,,,,,,,,,,0.0,0.1,100.0,0.0
2016-09-19,,,,,,,,,,,,,0.0,0.1,100.0,0.0
2016-09-20,,,,,,,,,,,,,0.0,0.1,100.0,0.0
2016-09-21,32.1,32.0,91.2,,,,,,,,,,0.0,0.1,100.0,0.0
2016-09-22,24.8,24.6,90.9,,,,,,,,,,0.0,0.2,100.0,0.0
2016-09-23,,,,0.0,4.1,100.0,,,,,,,0.0,0.2,100.0,0.0
2016-09-24,,,,,,,,,,,,,0.0,0.1,100.0,0.0
2016-09-25,,,,,,,,,,,,,0.0,0.2,100.0,0.0
2016-09-26,30.4,32.1,91.2,,,,,,,,,,0.0,0.1,100.0,0.0
2016-09-27,34.4,34.6,91.2,,,,,,,,,,0.0,0.1,100.0,0.0
2016-09-28,42.3,41.6,91.2,,,,,,,,,,0.0,0.1,100.0,0.0
2016-09-29,36.0,38.5,91.2,,,,,,,,,,0.0,0.1,100.0,0.0
2016-09-30,,,,0.0,5.8,100.0,0.0,0.0,100.0,,,,0.0,0.1,100.0,0.0
2016-10-01,,,,,,,,,,,,,0.0,0.1,100.0,0.0
2016-10-02,43.4,44.6,91.2,,,,,,,,,,0.0,0.1,100.0,0.0
2016-10-03,42.5,42.6,90.9,0.2,13.1,100.0,,,,,,,0.0,0.1,100.0,0.0
2016-10-04,38.6,38.8,90.9,,,,,,,,,,0.0,0.1,100.0,0.0
2016-10-05,35.2,36.1,91.2,,,,,,,,,,0.0,0.2,100.0,0.0
2016-10-06,,,,,,,,,,,,,0.0,0.1,100.0,0.0
2016-10-07,,,,,,,,,,,,,0.0,0.2,100.0,0.0
2016-10-08,30.9,32.8,91.2,,,,,,,,,,0.0,0.3,100.0,0.0
2016-10-09,41.2,39.6,90.9,,,,,,,,,,0.0,0.4,100.0,0.0
2016-10-10,44.4,44.2,91.2,,,,,,,,,,0.0,0.3,100.0,0.0
2016-10-11,47.4,46.2,91.2,,,,,,,,,,0.0,0.3,100.0,0.0
2016-10-12,,,,,,,,,,,,,0.0,0.3,100.0,0.0
2016-10-13,,,,,,,,,,,,,0.0,0.3,100.0,0.0
2016-10-14,46.2,44.7,91.2,,,,,,,,,,0.0,0.3,100.0,0.0
2016-10-15,42.3,40.1,91.2,,,,,,,,,,0.0,0.3,100.0,0.0
2016-10-16,47.3,44.5,90.9,,,,0.0,0.0,100.0,,,,0.0,0.3,100.0,0.0
2016-10-17,57.7,51.8,91.2,,,,,,,,,,0.0,0.3,100.0,0.0
2016-10-18,,,,,,,,,,,,,0.0,0.3,100.0,0.0
2016-10-19,,,,,,,,,,,,,0.0,0.3,100.0,0.0
2016-10-20,59.9,54.1,91.2,,,,,,,,,,0.0,0.4,100.0,0.0
2016-10-21,61.2,51.8,91.2,,,,,,,,,,0.0,0.5,100.0,0.0
2016-10-22,60.7,51.5,91.2,,,,,,,,,,0.0,0.5,100.0,0.0
2016-10-23,65.1,55.4,91.2,2.6,17.0,100.0,,,,,,,0.0,0.6,100.0,0.0
2016-10-24,,,,,,,,,,,,,0.0,0.7,100.0,0.0
2016-10-25,,,,,,,,,,,,,0.0,0.6,100.0,0.0
2016-10-26,60.6,52.1,90.9,,,,,,,,,,0.0,0.5,100.0,0.0
2016-10-27,57.1,48.7,91.2,,,,,,,,,,0.0,0.6,100.0,0.0
2016-10-28,46.7,44.0,91.2,,,,,,,,,,0.0,0.6,100.0,0.0
2016-10-29,42.5,40.3,90.9,,,,,,,,,,0.0,0.5,100.0,0.0
2016-10-30,,,,,,,,,,,,,0.0,0.5,100.0,0.0
2016-10-31,,,,,,,,,,,,,0.0,0.6,100.0,0.0
2016-11-01,41.7,39.8,90.9,,,,0.0,0.1,100.0,,,,0.0,0.7,100.0,0.0
2016-11-02,34.9,34.6,91.2,5.5,21.1,100.0,,,,,,,0.0,0.6,100.0,0.0
2016-11-03,24.7,26.3,91.2,,,,,,,,,,0.0,0.7,100.0,0.0
2016-11-04,21.2,24.5,91.2,,,,,,,,,,0.0,0.8,100.0,0.0
2016-11-05,,,,,,,,,,,,,0.0,1.2,100.0,0.0
2016-11-06,,,,,,,,,,,,,0.0,1.1,100.0,0.0
2016-11-07,21.9,24.5,91.2,,,,,,,,,,0.0,1.4,100.0,0.0
2016-11-08,15.3,19.0,90.9,,,,,,,,,,0.0,1.8,100.0,0.0
2016-11-09,9.9,16.7,91.2,26.2,36.8,100.0,,,,,,,0.0,2.8,100.0,0.0
2016-11-10,14.1,18.4,90.9,,,,,,,,,,0.0,2.6,100.0,0.0
2016-11-11,,,,,,,,,,,,,0.0,2.6,100.0,0.0
2016-11-12,,,,,,,,,,,,,0.0,2.9,100.0,0.0
2016-11-13,22.4,24.4,91.2,,,,,,,,,,0.0,3.5,100.0,0.0
2016-11-14,28.8,27.4,91.2,,,,,,,,,,0.0,3.5,100.0,0.0
2016-11-15,32.9,32.7,91.2,,,,,,,,,,0.0,3.4,100.0,0.0
2016-11-16,31.5,31.7,90.9,,,,,,,,,,0.0,3.6,100.0,0.0
2016-11-17,,,,,,,,,,,,,0.2,4.5,100.0,0.2
2016-11-18,,,,,,,,,,,,,0.2,4.0,100.0,0.2
2016-11-19,33.9,32.7,91.2,,,,,,,,,,0.2,3.8,100.0,0.2
2016-11-20,25.3,25.5,90.9,,,,,,,,,,0.2,3.8,100.0,0.2
2016-11-21,22.4,22.5,91.2,,,,,,,,,,0.2,3.9,100.0,0.2
2016-11-22,15.6,16.3,90.7,72.1,54.3,100.0,,,,,,,0.2,3.8,100.0,0.2
2016-11-23,,,,,,,,,,,,,0.0,3.6,100.0,0.0
2016-11-24,,,,,,,,,,,,,0.0,3.8,100.0,0.0
2016-11-25,,,,,,,,,,,,,0.0,4.5,100.0,0.0
2016-11-26,16.6,16.6,91.2,,,,,,,,,,0.0,5.2,100.0,0.0
2016-11-27,14.3,15.1,90.9,,,,,,,,,,0.0,6.2,100.0,0.0
2016-11-28,17.1,19.0,90.9,,,,,,,,,,0.0,9.1,100.0,0.0
2016-11-29,,,,60.9,46.3,100.0,,,,,,,0.2,13.2,100.0,0.2
2016-11-30,,,,,,,,,,,,,0.5,16.6,100.0,0.5
2016-12-01,19.6,23.7,91.2,,,,,,,,,,0.9,22.6,100.0,0.9
2016-12-02,14.8,22.5,91.2,74.4,59.5,100.0,,,,,,,2.1,31.4,100.0,2.1
2016-12-03,36.8,36.7,90.9,,,,18.8,32.4,100.0,,,,5.3,39.8,100.0,5.3
2016-12-04,62.5,50.4,91.2,,,,,,,,,,35.3,50.6,100.0,35.3
2016-12-05,,,,,,,,,,,,,60.7,56.8,100.0,60.7
2016-12-06,,,,,,,,,,,,,76.0,63.3,100.0,76.0
2016-12-07,99.0,74.1,90.9,,,,,,,,,,79.5,70.2,100.0,79.5
2016-12-08,99.5,80.8,91.2,,,,,,,,,,80.2,73.3,100.0,80.2
2016-12-09,99.0,83.9,91.2,83.7,78.5,100.0,,,,,,,80.2,74.8,100.0,80.2
2016-12-10,99.5,84.4,91.2,,,,,,,,,,79.8,74.8,100.0,79.8
2016-12-11,,,,,,,,,,,,,79.5,75.1,100.0,79.5
2016-12-12,,,,76.2,69.9,60.7,,,,,,,81.6,77.7,100.0,81.6
2016-12-13,99.5,83.5,91.2,,,,,,,,,,83.5,79.9,100.0,83.5
2016-12-14,99.7,79.8,91.2,,,,,,,,,,85.6,80.9,100.0,85.6
2016-12-15,90.6,65.7,98.8,,,,,,,,,,90.7,84.9,100.0,90.7
2016-12-16,89.4,63.6,98.8,,,,,,,,,,91.2,86.0,100.0,91.2
2016-12-17,,,,,,,,,,,,,91.6,86.4,100.0,91.6
2016-12-18,,,,,,,,,,,,,94.9,87.6,100.0,94.9
2016-12-19,76.7,58.0,98.8,,,,,,,,,,99.3,90.7,100.0,99.3
2016-12-20,93.9,66.2,98.8,,,,,,,,,,99.3,91.7,100.0,99.3
2016-12-21,85.6,62.9,98.8,,,,,,,,,,99.5,93.5,100.0,99.5
2016-12-22,82.4,61.1,98.8,,,,,,,,,,100.0,94.3,100.0,100.0
2016-12-23,,,,,,,,,,,,,100.0,96.5,100.0,100.0
2016-12-24,,,,,,,,,,,,,100.0,97.6,100.0,100.0
2016-12-25,71.3,56.0,98.8,,,,,,,,,,100.0,98.2,100.0,100.0
2016-12-26,68.0,53.8,98.8,,,,,,,,,,100.0,98.1,100.0,100.0
2016-12-27,77.4,59.6,98.8,,,,,,,,,,100.0,98.5,100.0,100.0
2016-12-28,74.1,58.1,98.8,,,,,,,,,,100.0,99.1,100.0,100.0
2016-12-29,,,,100.0,100.0,100.0,,,,,,,100.0,99.4,100.0,100.0
2016-12-30,,,,,,,,,,,,,100.0,99.3,100.0,100.0
2016-12-31,87.8,66.4,98.8,,,,,,,,,,100.0,99.4,100.0,100.0
2017-01-01,80.7,60.5,98.2,100.0,99.9,100.0,,,,,,,100.0,99.6,100.0,100.0
2017-01-02,98.1,76.0,98.2,,,,,,,,,,100.0,99.5,100.0,100.0
2017-01-03,96.0,71.5,98.2,,,,,,,,,,100.0,99.6,100.0,100.0
2017-01-04,,,,,,,,,,,,,100.0,99.6,100.0,100.0
2017-01-05,,,,,,,,,,,,,100.0,99.7,100.0,100.0
2017-01-06,99.5,78.7,98.2,,,,,,,,,,100.0,99.8,100.0,100.0
2017-01-07,98.6,75.4,98.2,,,,,,,,,,100.0,99.9,100.0,100.0
2017-01-08,99.8,86.7,98.2,,,,,,,,,,100.0,99.9,100.0,100.0
2017-01-09,99.8,86.6,98.2,,,,,,,,,,100.0,99.9,100.0,100.0
2017-01-10,,,,,,,,,,,,,100.0,99.9,100.0,100.0
2017-01-11,,,,100.0,100.0,100.0,,,,,,,100.0,100.0,100.0,100.0
2017-01-12,100.0,91.2,98.2,,,,,,,,,,100.0,99.9,100.0,100.0
2017-01-13,100.0,91.5,98.2,,,,,,,,,,100.0,100.0,100.0,100.0
2017-01-14,100.0,93.9,98.2,,,,,,,,,,100.0,100.0,100.0,100.0
2017-01-15,100.0,95.7,98.2,,,,,,,,,,100.0,100.0,100.0,100.0
2017-01-16,,,,,,,,,,,,,100.0,100.0,100.0,100.0
2017-01-17,,,,,,,,,,,,,100.0,100.0,100.0,100.0
2017-01-18,100.0,95.7,98.2,,,,,,,,,,100.0,100.0,100.0,100.0
2017-01-19,100.0,96.1,98.2,,,,,,,,,,100.0,100.0,100.0,100.0
2017-01-20,100.0,96.5,98.2,,,,100.0,99.9,100.0,,,,100.0,100.0,100.0,100.0
2017-01-21,100.0,97.0,98.2,,,,,,,,,,100.0,99.9,100.0,100.0
2017-01-22,,,,,,,,,,,,,100.0,99.9,100.0,100.0
2017-01-23,,,,,,,,,,,,,100.0,99.9,100.0,100.0
2017-01-24,100.0,97.2,98.2,,,,,,,,,,100.0,99.9,100.0,100.0
2017-01-25,100.0,96.3,98.2,,,,,,,,,,100.0,99.8,100.0,100.0
2017-01-26,100.0,98.3,98.2,,,,,,,,,,100.0,99.8,100.0,100.0
2017-01-27,100.0,99.3,98.2,,,,,,,,,,100.0,99.5,100.0,100.0
2017-01-28,,,,,,,,,,,,,100.0,99.2,100.0,100.0
2017-01-29,,,,,,,,,,,,,100.0,99.0,100.0,100.0
2017-01-30,100.0,99.7,98.2,,,,,,,,,,100.0,99.2,100.0,100.0
2017-01-31,100.0,99.7,98.2,,,,,,,,,,100.0,99.1,100.0,100.0
2017-02-01,100.0,99.8,98.2,,,,,,,,,,100.0,99.1,100.0,100.0
2017-02-02,100.0,99.8,98.2,,,,,,,,,,100.0,99.0,100.0,100.0
2017-02-03,,,,,,,,,,,,,100.0,99.0,100.0,100.0
2017-02-04,,,,,,,,,,,,,100.0,98.7,100.0,100.0
2017-02-05,100.0,99.9,98.2,,,,100.0,99.1,98.9,,,,100.0,99.0,100.0,100.0
2017-02-06,100.0,99.7,98.2,,,,,,,,,,100.0,98.9,100.0,100.0
2017-02-07,100.0,99.7,98.2,,,,,,,,,,100.0,98.9,100.0,100.0
2017-02-08,100.0,99.7,98.2,,,,,,,,,,100.0,98.6,100.0,100.0
2017-02-09,,,,,,,,,,,,,100.0,98.4,100.0,100.0
2017-02-10,,,,,,,,,,,,,100.0,98.2,100.0,100.0
2017-02-11,100.0,99.7,98.2,,,,,,,,,,100.0,98.4,100.0,100.0
2017-02-12,100.0,99.3,98.2,,,,,,,,,,100.0,98.3,100.0,100.0
2017-02-13,100.0,99.5,98.2,,,,,,,,,,100.0,98.2,100.0,100.0
2017-02-14,100.0,99.6,98.2,,,,,,,,,,100.0,98.2,100.0,100.0
2017-02-15,,,,,,,,,,,,,100.0,97.8,100.0,100.0
2017-02-16,,,,,,,,,,,,,100.0,97.7,100.0,100.0
2017-02-17,,,,,,,,,,,,,100.0,97.5,100.0,100.0
2017-02-18,100.0,99.7,98.2,,,,,,,,,,100.0,98.0,100.0,100.0
2017-02-19,100.0,99.4,98.2,,,,,,,,,,100.0,98.0,100.0,100.0
2017-02-20,100.0,99.6,97.9,94.9,86.8,79.9,,,,,,,100.0,98.2,100.0,100.0
2017-02-21,,,,,,,,,,,,,100.0,97.2,100.0,100.0
2017-02-22,,,,,,,,,,,,,100.0,97.0,100.0,100.0
2017-02-23,100.0,99.6,98.2,,,,,,,,,,100.0,96.5,100.0,100.0
2017-02-24,100.0,99.5,97.9,,,,,,,,,,100.0,96.0,100.0,100.0
2017-02-25,100.0,98.0,98.2,,,,,,,,,,100.0,95.2,100.0,100.0
2017-02-26,100.0,95.1,98.2,,,,,,,,,,100.0,94.5,100.0,100.0
2017-02-27,,,,89.7,81.6,100.0,,,,,,,100.0,92.9,100.0,100.0
2017-02-28,,,,,,,,,,,,,100.0,89.9,100.0,100.0
2017-03-01,99.8,85.7,98.2,,,,,,,,,,99.8,86.0,100.0,99.8
2017-03-02,96.5,79.2,97.9,,,,,,,,,,98.6,81.6,100.0,98.6
2017-03-03,59.9,51.3,97.9,,,,,,,,,,73.1,68.4,100.0,73.1
2017-03-04,29.8,29.3,98.2,,,,,,,,,,37.7,55.9,100.0,37.7
2017-03-05,,,,,,,,,,,,,20.5,40.7,100.0,20.5
2017-03-06,,,,,,,,,,,,,15.3,34.8,100.0,15.3
2017-03-07,13.7,15.5,98.2,,,,,,,,,,10.5,24.9,100.0,10.5
2017-03-08,12.8,13.7,98.2,,,,,,,,,,6.2,19.1,100.0,6.2
2017-03-09,10.0,12.1,98.2,18.9,18.3,100.0,1.1,4.9,100.0,,,,5.0,15.3,100.0,5.0
2017-03-10,10.2,12.1,98.2,,,,,,,,,,3.7,14.0,100.0,3.7
2017-03-11,,,,,,,,,,,,,2.1,11.3,100.0,2.1
2017-03-12,,,,,,,,,,,,,1.8,10.0,100.0,1.8
2017-03-13,12.1,14.6,98.2,,,,,,,,,,1.8,9.1,100.0,1.8
2017-03-14,16.1,16.7,99.5,,,,,,,,,,2.1,8.9,100.0,2.1
2017-03-15,19.8,20.9,99.3,,,,,,,,,,2.1,8.7,100.0,2.1
2017-03-16,20.9,19.5,99.5,,,,,,,,,,2.3,9.4,100.0,2.3
2017-03-17,,,,,,,,,,,,,2.5,11.1,100.0,2.5
2017-03-18,,,,,,,,,,,,,2.5,13.3,100.0,2.5
2017-03-19,23.4,22.7,99.5,,,,,,,,,,3.4,15.2,100.0,3.4
2017-03-20,24.1,21.5,99.3,,,,,,,,,,4.1,16.6,100.0,4.1
2017-03-21,21.4,21.7,99.3,,,,,,,,,,2.7,14.7,100.0,2.7
2017-03-22,20.2,18.3,99.5,,,,,,,,,,2.5,15.8,100.0,2.5
2017-03-23,,,,,,,,,,,,,3.2,17.3,100.0,3.2
2017-03-24,,,,,,,,,,,,,3.4,19.0,100.0,3.4
2017-03-25,21.3,19.6,99.5,,,,,,,,,,3.7,19.3,100.0,3.7
2017-03-26,22.9,20.8,99.5,,,,,,,,,,3.7,20.3,100.0,3.7
2017-03-27,21.6,22.0,99.5,0.0,1.5,100.0,,,,,,,1.8,14.5,100.0,1.8
2017-03-28,20.9,19.3,99.5,,,,,,,,,,1.1,13.1,100.0,1.1
2017-03-29,,,,0.0,3.9,100.0,,,,,,,0.7,10.7,100.0,0.7
2017-03-30,,,,,,,,,,,,,0.7,9.9,100.0,0.7
2017-03-31,22.7,21.8,99.5,,,,,,,,,,0.0,7.8,100.0,0.0
2017-04-01,26.4,25.9,99.5,0.0,4.8,100.0,,,,,,,0.0,6.1,100.0,0.0
2017-04-02,21.3,21.8,99.5,,,,,,,,,,0.0,4.8,100.0,0.0
2017-04-03,19.3,18.9,99.3,,,,,,,,,,0.0,3.8,100.0,0.0
2017-04-04,,,,,,,,,,,,,0.0,2.2,100.0,0.0
2017-04-05,,,,,,,,,,,,,0.0,1.8,100.0,0.0
2017-04-06,17.0,16.9,99.5,,,,,,,,,,0.0,1.6,100.0,0.0
2017-04-07,19.3,19.1,99.3,,,,,,,,,,0.0,1.3,100.0,0.0
2017-04-08,16.8,17.7,99.3,,,,,,,,,,0.0,1.1,100.0,0.0
2017-04-09,17.2,17.2,99.5,,,,,,,,,,0.0,1.2,100.0,0.0
2017-04-10,,,,,,,0.0,0.1,100.0,,,,0.0,1.1,100.0,0.0
2017-04-11,,,,0.0,5.0,78.1,,,,,,,0.0,1.2,100.0,0.0
2017-04-12,17.9,18.6,99.5,,,,,,,,,,0.0,1.3,100.0,0.0
2017-04-13,21.6,22.4,99.5,,,,,,,,,,0.0,1.5,100.0,0.0
2017-04-14,16.3,16.9,99.5,,,,,,,,,,0.0,2.1,100.0,0.0
2017-04-15,13.8,14.9,99.5,,,,,,,,,,0.0,2.3,100.0,0.0
2017-04-16,,,,,,,,,,,,,0.0,2.6,100.0,0.0
2017-04-17,,,,,,,,,,,,,0.0,3.4,100.0,0.0
2017-04-18,14.0,15.4,99.5,,,,,,,,,,0.0,6.4,100.0,0.0
2017-04-19,17.7,17.6,99.5,,,,,,,,,,0.0,8.2,100.0,0.0
2017-04-20,14.9,15.8,99.5,,,,,,,,,,0.0,8.1,100.0,0.0
2017-04-21,13.1,14.0,99.3,0.0,0.5,100.0,,,,,,,0.0,7.8,100.0,0.0
2017-04-22,,,,,,,,,,,,,0.0,8.7,100.0,0.0
2017-04-23,,,,,,,,,,,,,0.0,8.7,100.0,0.0
2017-04-24,14.7,15.5,99.5,,,,,,,,,,0.0,7.0,100.0,0.0
2017-04-25,19.0,19.2,99.5,,,,,,,,,,0.0,5.8,100.0,0.0
2017-04-26,16.7,17.2,99.5,,,,,,,,,,0.0,7.0,100.0,0.0
2017-04-27,14.9,15.6,99.5,,,,,,,,,,0.0,6.0,100.0,0.0
2017-04-28,,,,,,,,,,,,,0.0,3.7,100.0,0.0
2017-04-29,,,,,,,,,,,,,0.0,3.5,100.0,0.0
2017-04-30,16.3,16.0,99.5,,,,,,,,,,0.0,4.2,100.0,0.0
2017-05-01,17.7,17.5,99.5,,,,,,,,,,0.0,3.9,100.0,0.0
2017-05-02,18.8,18.8,99.5,,,,,,,,,,0.0,3.3,100.0,0.0
2017-05-03,18.2,19.5,99.1,,,,,,,,,,0.0,2.7,100.0,0.0
2017-05-04,,,,,,,0.0,0.2,40.9,,,,0.0,2.2,100.0,0.0
2017-05-05,,,,,,,,,,,,,0.0,1.6,100.0,0.0
2017-05-06,21.4,23.1,99.3,,,,,,,,,,0.0,1.1,100.0,0.0
2017-05-07,23.4,26.0,99.5,,,,,,,,,,0.0,0.9,100.0,0.0
2017-05-08,26.1,28.8,99.5,,,,,,,,,,0.0,1.0,100.0,0.0
2017-05-09,29.1,31.7,99.5,,,,,,,,,,0.0,0.8,100.0,0.0
2017-05-10,,,,,,,,,,,,,0.0,0.9,100.0,0.0
2017-05-11,,,,,,,,,,,,,0.0,0.8,100.0,0.0
2017-05-12,33.3,35.8,99.5,,,,0.0,0.0,100.0,,,,0.0,0.7,100.0,0.0
2017-05-13,41.1,42.7,99.5,,,,,,,,,,0.0,0.6,100.0,0.0
2017-05-14,71.0,58.6,99.3,,,,,,,,,,0.0,0.5,100.0,0.0
2017-05-15,85.8,65.7,99.5,,,,,,,,,,0.0,0.5,100.0,0.0
2017-05-16,,,,,,,,,,,,,0.0,0.8,100.0,0.0
2017-05-17,,,,,,,,,,,,,0.0,0.8,100.0,0.0
2017-05-18,90.1,70.4,99.5,0.0,0.3,100.0,,,,,,,0.0,0.7,100.0,0.0
2017-05-19,91.7,74.3,99.5,,,,,,,,,,0.0,0.8,100.0,0.0
2017-05-20,59.9,52.5,99.5,,,,,,,,,,0.0,1.2,100.0,0.0
2017-05-21,47.9,46.0,99.5,,,,,,,,,,0.0,1.2,100.0,0.0
2017-05-22,,,,,,,,,,,,,0.0,0.5,100.0,0.0
2017-05-23,,,,,,,,,,,,,0.0,0.3,100.0,0.0
2017-05-24,33.0,34.8,99.5,,,,,,,,,,0.0,0.3,100.0,0.0
2017-05-25,39.9,40.0,99.5,,,,,,,,,,0.0,0.3,100.0,0.0
2017-05-26,27.1,27.6,99.5,,,,,,,,,,0.0,0.2,100.0,0.0
2017-05-27,23.2,24.6,99.5,,,,,,,,,,0.0,0.2,100.0,0.0
2017-05-28,,,,0.0,0.2,100.0,0.0,0.0,100.0,,,,0.0,0.1,100.0,0.0
2017-05-29,,,,,,,,,,,,,0.0,0.1,100.0,0.0
2017-05-30,20.6,20.7,99.5,,,,,,,,,,0.0,0.1,100.0,0.0
2017-05-31,22.7,22.3,99.5,,,,,,,,,,0.0,0.1,100.0,0.0
2017-06-01,18.3,18.7,88.8,,,,,,,,,,0.0,0.1,100.0,0.0
2017-06-02,15.2,16.0,98.9,,,,,,,,,,0.0,0.1,100.0,0.0
2017-06-03,,,,,,,,,,,,,0.0,0.1,100.0,0.0
2017-06-04,,,,,,,,,,,,,0.0,0.2,100.0,0.0
2017-06-05,14.7,15.5,99.5,,,,,,,,,,0.0,0.5,100.0,0.0
2017-06-06,17.7,17.4,99.5,,,,,,,,,,0.0,0.8,100.0,0.0
2017-06-07,17.0,17.4,99.3,,,,,,,,,,0.0,0.9,100.0,0.0
2017-06-08,15.6,16.7,99.3,,,,,,,,,,0.0,0.9,100.0,0.0
2017-06-09,,,,,,,,,,,,,0.0,1.0,100.0,0.0
2017-06-10,,,,,,,,,,,,,0.0,1.1,100.0,0.0
2017-06-11,17.2,18.3,99.3,,,,,,,,,,0.0,1.1,100.0,0.0
2017-06-12,22.0,23.1,99.5,,,,,,,,,,0.0,1.0,100.0,0.0
2017-06-13,38.8,42.7,85.8,,,,0.0,0.0,46.8,,,,0.0,1.8,100.0,0.0
2017-06-14,46.1,45.1,92.7,,,,0.0,0.0,49.3,,,,0.0,1.9,100.0,0.0
2017-06-15,,,,,,,,,,,,,0.0,1.1,100.0,0.0
2017-06-16,,,,,,,,,,,,,0.0,0.9,100.0,0.0
2017-06-17,88.4,66.1,92.7,,,,,,,,,,0.0,1.2,100.0,0.0
2017-06-18,86.0,64.7,92.7,,,,,,,,,,0.0,1.3,100.0,0.0
2017-06-19,97.8,81.5,92.7,,,,,,,,,,0.0,0.8,100.0,0.0
2017-06-20,96.3,75.3,92.5,0.0,0.4,100.0,,,,,,,0.0,0.7,100.0,0.0
2017-06-21,,,,,,,,,,,,,0.0,0.7,100.0,0.0
2017-06-22,,,,,,,,,,,,,0.0,0.8,100.0,0.0
2017-06-23,98.8,84.0,92.7,,,,,,,,,,0.0,0.5,100.0,0.0
2017-06-24,96.5,74.6,92.5,,,,,,,,,,0.0,0.4,100.0,0.0
2017-06-25,,,,,,,,,,,,,0.0,0.4,100.0,0.0
2017-06-26,94.8,72.5,92.7,,,,,,,,,,0.0,0.4,100.0,0.0
2017-06-27,,,,0.0,2.2,100.0,,,,,,,0.0,0.4,100.0,0.0
2017-06-28,,,,,,,,,,,,,0.0,0.4,100.0,0.0
2017-06-29,77.1,60.2,92.7,,,,0.0,0.0,96.8,,,,0.0,0.5,100.0,0.0
2017-06-30,83.3,64.1,92.7,,,,,,,,,,0.0,0.6,100.0,0.0
2017-07-01,69.7,56.3,92.7,,,,,,,,,,0.0,0.5,100.0,0.0
2017-07-02,48.8,46.9,92.7,,,,,,,,,,0.0,0.6,100.0,0.0
2017-07-03,,,,,,,,,,,,,0.0,0.8,100.0,0.0
2017-07-04,,,,,,,,,,,,,0.0,0.9,100.0,0.0
2017-07-05,48.3,46.6,92.7,0.0,1.2,100.0,,,,,,,0.0,1.1,100.0,0.0
2017-07-06,51.5,49.0,92.2,,,,,,,,,,0.0,1.4,100.0,0.0
2017-07-07,53.9,50.0,85.2,0.0,4.3,100.0,,,,,,,0.0,3.2,100.0,0.0
2017-07-08,45.6,44.1,92.7,,,,,,,,,,0.0,4.8,100.0,0.0
2017-07-09,,,,,,,,,,,,,0.0,5.3,100.0,0.0
2017-07-10,,,,0.0,3.8,100.0,,,,,,,0.0,5.1,100.0,0.0
2017-07-11,41.9,42.3,92.7,,,,,,,,,,0.0,6.9,100.0,0.0
2017-07-12,33.7,36.6,92.7,0.0,4.2,93.4,,,,,,,0.0,7.3,100.0,0.0
2017-07-13,48.0,46.1,92.7,,,,,,,,,,0.0,7.6,100.0,0.0
2017-07-14,51.7,49.9,92.7,,,,,,,,,,0.0,7.6,100.0,0.0
2017-07-15,,,,0.0,10.2,52.5,,,,,,,0.0,13.3,100.0,0.0
2017-07-16,,,,,,,,,,,,,0.0,12.5,100.0,0.0
2017-07-17,77.8,63.3,92.5,0.0,4.9,97.9,,,,,,,0.0,6.8,100.0,0.0
2017-07-18,,,,,,,,,,,,,0.0,4.8,100.0,0.0
2017-07-19,67.8,57.1,86.5,,,,,,,,,,0.0,4.8,100.0,0.0
2017-07-20,46.3,47.8,92.7,0.0,3.3,100.0,,,,,,,0.0,3.8,100.0,0.0
2017-07-21,,,,,,,,,,,,,0.0,2.5,100.0,0.0
2017-07-22,,,,,,,,,,,,,0.0,2.0,100.0,0.0
2017-07-23,35.2,41.3,92.7,,,,,,,,,,0.0,1.7,100.0,0.0
2017-07-24,42.4,46.3,92.7,,,,,,,,,,0.0,1.0,100.0,0.0
2017-07-25,42.1,44.9,92.7,,,,,,,,,,0.0,0.4,100.0,0.0
2017-07-26,36.3,41.4,92.5,,,,,,,,,,0.0,0.3,100.0,0.0
2017-07-27,,,,,,,,,,,,,0.0,0.2,100.0,0.0
2017-07-28,,,,,,,,,,,,,0.0,0.1,100.0,0.0
2017-07-29,38.4,42.3,92.7,,,,,,,,,,0.0,0.1,100.0,0.0
2017-07-30,45.6,48.1,92.7,0.0,4.5,100.0,,,,,,,0.0,0.1,100.0,0.0
2017-07-31,65.7,57.0,87.9,,,,0.0,0.0,100.0,,,,0.0,0.0,100.0,0.0
2017-08-01,69.5,58.9,92.7,0.0,2.6,100.0,,,,,,,0.0,0.0,100.0,0.0
2017-08-02,,,,,,,,,,,,,0.0,0.0,100.0,0.0
2017-08-03,,,,,,,,,,,,,0.0,0.0,100.0,0.0
2017-08-04,93.6,71.4,92.5,0.0,2.1,100.0,,,,,,,0.0,0.0,100.0,0.0
2017-08-05,97.0,78.1,92.0,,,,,,,,,,0.0,0.0,100.0,0.0
2017-08-06,97.0,80.1,92.5,,,,,,,,,,0.0,0.0,100.0,0.0
2017-08-07,87.2,67.6,92.5,,,,,,,,,,0.0,0.1,100.0,0.0
2017-08-08,,,,,,,,,,,,,0.0,0.1,100.0,0.0
2017-08-09,,,,,,,,,,,,,0.0,0.1,100.0,0.0
2017-08-10,82.5,66.2,92.7,,,,,,,,,,0.0,0.1,100.0,0.0
2017-08-11,80.7,64.9,92.5,,,,,,,,,,0.0,0.2,100.0,0.0
2017-08-12,85.5,66.5,88.1,,,,,,,,,,0.0,0.2,100.0,0.0
2017-08-13,57.9,54.0,92.7,,,,,,,,,,0.0,0.3,100.0,0.0
2017-08-14,,,,,,,,,,,,,0.0,0.2,100.0,0.0
2017-08-15,,,,,,,,,,,,,0.0,0.2,100.0,0.0
2017-08-16,45.2,47.1,92.0,0.0,2.6,100.0,,,,,,,0.0,0.3,100.0,0.0
2017-08-17,45.1,45.6,92.7,,,,,,,,,,0.0,0.3,100.0,0.0
2017-08-18,45.1,46.2,92.7,,,,,,,,,,0.0,0.2,100.0,0.0
2017-08-19,39.9,41.2,92.7,,,,,,,,,,0.0,0.2,100.0,0.0
2017-08-20,,,,,,,,,,,,,0.0,0.2,100.0,0.0
2017-08-21,,,,,,,,,,,,,0.0,0.2,100.0,0.0
2017-08-22,39.4,39.6,92.7,,,,,,,,,,0.0,0.2,100.0,0.0
2017-08-23,42.9,43.1,92.7,,,,,,,,,,0.0,0.2,100.0,0.0
2017-08-24,47.7,50.1,88.1,0.0,1.8,100.0,0.0,0.0,66.9,,,,0.0,0.1,100.0,0.0
2017-08-25,53.8,51.9,92.5,,,,,,,,,,0.0,0.1,100.0,0.0
2017-08-26,,,,0.0,7.6,100.0,,,,,,,0.0,0.1,100.0,0.0
2017-08-27,,,,,,,,,,,,,0.0,0.1,100.0,0.0
2017-08-28,44.8,45.5,92.7,,,,,,,,,,0.0,0.1,100.0,0.0
2017-08-29,43.6,43.5,92.7,0.0,10.6,96.3,,,,,,,0.0,0.1,100.0,0.0
2017-08-30,39.7,40.5,92.7,,,,,,,,,,0.0,0.1,100.0,0.0
2017-08-31,39.0,40.1,92.5,0.0,8.4,100.0,,,,,,,0.0,0.1,100.0,0.0
2017-09-01,,,,,,,,,,,,,0.0,0.2,100.0,0.0
2017-09-02,,,,,,,,,,,,,0.0,0.2,100.0,0.0
2017-09-03,30.3,32.7,92.7,,,,,,,,,,0.0,0.2,100.0,0.0
2017-09-04,29.0,31.9,92.2,,,,,,,,,,0.0,0.2,100.0,0.0
2017-09-05,27.2,28.2,86.3,,,,,,,,,,0.0,0.3,100.0,0.0
2017-09-06,24.7,28.2,92.5,,,,,,,,,,0.0,0.3,100.0,0.0
2017-09-07,,,,,,,,,,,,,0.0,0.3,100.0,0.0
2017-09-08,,,,0.0,5.6,100.0,,,,,,,0.0,0.3,100.0,0.0
2017-09-09,20.4,24.4,92.7,,,,,,,,,,0.0,0.4,100.0,0.0
2017-09-10,20.7,25.2,92.7,,,,,,,,,,0.0,0.5,100.0,0.0
2017-09-11,26.4,30.9,92.5,,,,,,,,,,0.0,0.5,100.0,0.0
2017-09-12,51.9,45.7,92.5,,,,,,,,,,0.0,0.6,100.0,0.0
2017-09-13,,,,0.0,2.5,100.0,,,,,,,0.0,0.5,100.0,0.0
2017-09-14,,,,,,,,,,,,,0.0,0.6,100.0,0.0
2017-09-15,38.9,40.3,92.7,,,,,,,,,,0.0,0.6,100.0,0.0
2017-09-16,34.1,35.3,95.7,,,,,,,,,,0.0,0.7,100.0,0.0
2017-09-17,29.4,33.7,87.0,,,,,,,,,,0.0,0.6,100.0,0.0
2017-09-18,47.5,44.4,95.7,,,,,,,,,,0.0,0.8,100.0,0.0
2017-09-19,,,,,,,,,,,,,0.0,0.7,100.0,0.0
2017-09-20,,,,,,,,,,,,,0.0,0.9,100.0,0.0
2017-09-21,40.8,40.4,95.7,,,,,,,,,,0.0,0.9,100.0,0.0
2017-09-22,48.9,45.5,95.7,,,,,,,,,,0.0,0.9,100.0,0.0
2017-09-23,41.5,42.5,95.7,0.0,2.8,100.0,,,,,,,0.0,0.8,100.0,0.0
2017-09-24,61.3,54.0,95.7,,,,,,,,,,0.0,0.9,100.0,0.0
2017-09-25,,,,,,,,,,,,,0.0,0.9,100.0,0.0
2017-09-26,,,,,,,,,,,,,0.0,0.9,100.0,0.0
2017-09-27,60.8,53.6,95.4,,,,,,,,,,0.0,0.9,100.0,0.0
2017-09-28,68.0,55.5,95.7,,,,,,,,,,0.0,1.0,100.0,0.0
2017-09-29,52.5,47.8,88.4,,,,,,,,,,0.0,1.1,100.0,0.0
2017-09-30,41.4,42.0,95.4,0.7,6.7,100.0,,,,,,,0.0,1.3,100.0,0.0
2017-10-01,,,,,,,,,,,,,0.0,1.1,100.0,0.0
2017-10-02,,,,,,,,,,,,,0.0,1.2,100.0,0.0
2017-10-03,33.9,36.4,95.7,,,,,,,,,,0.0,1.3,100.0,0.0
2017-10-04,32.5,35.2,95.7,,,,,,,,,,0.0,1.5,100.0,0.0
2017-10-05,29.3,33.6,95.2,0.2,3.9,100.0,,,,,,,0.0,0.7,100.0,0.0
2017-10-06,30.8,31.5,95.7,,,,,,,,,,0.0,0.8,100.0,0.0
2017-10-07,,,,,,,,,,,,,0.0,0.7,100.0,0.0
2017-10-08,,,,,,,,,,,,,0.0,0.9,100.0,0.0
2017-10-09,30.9,32.7,95.4,,,,,,,,,,0.0,0.6,100.0,0.0
2017-10-10,32.8,34.1,95.4,2.3,8.6,50.5,,,,,,,0.0,0.6,100.0,0.0
2017-10-11,30.6,31.6,87.2,,,,,,,,,,0.0,0.5,100.0,0.0
2017-10-12,30.8,31.1,95.7,,,,,,,,,,0.0,0.5,100.0,0.0
2017-10-13,,,,0.2,5.8,100.0,,,,,,,0.0,0.3,100.0,0.0
2017-10-14,,,,,,,,,,,,,0.0,0.3,100.0,0.0
2017-10-15,37.5,36.8,95.7,1.6,7.4,100.0,,,,,,,0.0,0.2,100.0,0.0
2017-10-16,47.0,46.8,95.7,,,,,,,,,,0.0,0.2,100.0,0.0
2017-10-17,32.0,34.0,95.7,,,,,,,,,,0.0,0.1,100.0,0.0
2017-10-18,27.7,27.5,95.7,2.1,9.5,100.0,,,,,,,0.0,0.2,100.0,0.0
2017-10-19,,,,,,,0.0,0.0,100.0,,,,0.0,0.1,100.0,0.0
2017-10-20,,,,5.7,22.0,100.0,,,,,,,0.0,0.1,100.0,0.0
2017-10-21,23.2,23.7,95.4,,,,,,,,,,0.0,0.1,100.0,0.0
2017-10-22,23.4,24.8,95.7,,,,,,,,,,0.0,0.2,100.0,0.0
2017-10-23,21.2,22.1,87.2,,,,,,,,,,0.0,0.2,100.0,0.0
2017-10-24,19.1,19.7,95.7,,,,,,,,,,0.0,0.2,100.0,0.0
2017-10-25,,,,,,,,,,,,,0.0,0.2,100.0,0.0
2017-10-26,,,,,,,,,,,,,0.0,0.3,100.0,0.0
2017-10-27,18.9,19.2,95.7,,,,,,,,,,0.0,0.5,100.0,0.0
2017-10-28,19.3,20.0,95.7,,,,,,,,,,0.0,0.7,100.0,0.0
2017-10-29,21.5,21.9,95.7,,,,,,,,,,0.0,0.8,100.0,0.0
2017-10-30,26.8,27.0,95.4,,,,,,,,,,0.0,0.9,100.0,0.0
2017-10-31,,,,,,,,,,,,,0.0,1.1,100.0,0.0
2017-11-01,,,,,,,,,,,,,0.0,1.4,100.0,0.0
2017-11-02,32.8,33.0,99.5,,,,,,,,,,0.0,1.4,100.0,0.0
2017-11-03,35.5,36.5,99.8,,,,,,,,,,0.0,1.9,100.0,0.0
2017-11-04,47.9,47.7,85.4,,,,,,,,,,0.0,2.6,100.0,0.0
2017-11-05,65.7,58.3,99.8,,,,,,,,,,0.0,3.4,100.0,0.0
2017-11-06,,,,,,,,,,,,,0.0,2.9,100.0,0.0
2017-11-07,,,,,,,,,,,,,0.2,3.1,100.0,0.2
2017-11-08,67.5,60.3,99.8,,,,,,,,,,0.0,3.2,100.0,0.0
2017-11-09,61.1,55.2,99.8,,,,,,,,,,0.5,3.5,100.0,0.5
2017-11-10,65.1,58.2,99.5,,,,,,,,,,0.5,3.6,100.0,0.5
2017-11-11,53.2,50.8,99.5,,,,,,,,,,0.2,3.5,100.0,0.2
2017-11-12,,,,,,,,,,,,,0.0,3.4,100.0,0.0
2017-11-13,,,,,,,,,,,,,0.7,3.4,100.0,0.7
2017-11-14,40.0,40.9,99.8,8.4,34.4,100.0,,,,,,,0.7,3.7,100.0,0.7
2017-11-15,32.5,31.9,99.8,,,,,,,,,,0.5,3.2,100.0,0.5
2017-11-16,24.3,24.4,86.5,,,,,,,,,,0.5,3.2,100.0,0.5
2017-11-17,32.0,31.3,99.8,,,,,,,,,,0.2,3.0,100.0,0.2
2017-11-18,,,,,,,,,,,,,0.5,3.1,100.0,0.5
2017-11-19,,,,,,,,,,,,,0.7,3.4,100.0,0.7
2017-11-20,30.2,30.4,99.8,,,,0.0,10.9,64.2,,,,1.1,3.8,100.0,1.1
2017-11-21,27.3,28.0,99.5,,,,0.4,3.1,53.4,,,,1.4,4.1,100.0,1.4
2017-11-22,21.8,23.7,99.3,,,,,,,,,,1.6,4.6,100.0,1.6
2017-11-23,33.4,32.3,99.8,,,,,,,,,,2.1,6.1,100.0,2.1
2017-11-24,,,,78.8,64.0,100.0,,,,,,,2.3,6.5,100.0,2.3
2017-11-25,,,,,,,,,,,,,3.9,8.4,100.0,3.9
2017-11-26,34.6,33.3,99.8,,,,,,,,,,4.3,9.6,100.0,4.3
2017-11-27,40.0,36.8,99.8,,,,,,,,,,5.0,14.4,100.0,5.0
2017-11-28,35.1,32.9,87.2,,,,,,,,,,6.4,18.2,100.0,6.4
2017-11-29,38.8,36.1,99.5,,,,,,,,,,7.8,27.1,100.0,7.8
2017-11-30,,,,,,,,,,,,,8.4,31.8,100.0,8.4
2017-12-01,,,,,,,,,,,,,14.8,42.9,100.0,14.8
2017-12-02,37.3,37.4,99.8,92.2,89.3,100.0,,,,,,,39.0,55.1,100.0,39.0
2017-12-03,41.6,38.9,99.8,,,,,,,,,,68.9,64.4,100.0,68.9
2017-12-04,42.3,39.6,99.8,,,,,,,,,,80.4,67.9,100.0,80.4
2017-12-05,42.8,40.3,99.8,,,,,,,,,,84.5,71.5,100.0,84.5
2017-12-06,,,,,,,92.2,82.9,100.0,,,,88.4,77.9,100.0,88.4
2017-12-07,,,,92.9,89.4,100.0,,,,,,,91.8,81.0,100.0,91.8
2017-12-08,44.2,42.6,99.8,,,,,,,,,,94.7,83.5,100.0,94.7
2017-12-09,45.5,42.7,99.8,,,,,,,,,,93.6,82.8,100.0,93.6
2017-12-10,46.6,44.1,86.8,,,,,,,,,,97.3,86.8,100.0,97.3
2017-12-11,45.1,41.8,99.8,,,,,,,,,,96.8,86.9,100.0,96.8
2017-12-12,,,,,,,,,,,,,97.7,88.4,100.0,97.7
2017-12-13,,,,,,,,,,,,,96.1,87.8,100.0,96.1
2017-12-14,52.4,49.4,99.8,,,,,,,,,,98.6,90.3,100.0,98.6
2017-12-15,90.8,72.5,99.8,,,,,,,,,,98.2,91.3,100.0,98.2
2017-12-16,90.8,79.0,99.8,,,,,,,,,,98.6,92.1,100.0,98.6
2017-12-17,90.4,76.4,99.5,95.4,92.3,94.5,,,,,,,98.4,92.7,100.0,98.4
2017-12-18,,,,,,,,,,,,,99.3,93.0,100.0,99.3
2017-12-19,,,,98.6,97.4,100.0,,,,,,,99.1,94.0,100.0,99.1
2017-12-20,92.9,73.5,99.5,,,,,,,,,,99.8,93.8,100.0,99.8
2017-12-21,92.0,75.0,99.5,,,,,,,,,,98.4,93.4,100.0,98.4
2017-12-22,100.0,79.3,84.5,,,,,,,,,,98.4,92.9,100.0,98.4
2017-12-23,89.7,70.1,99.5,,,,,,,,,,98.4,93.0,100.0,98.4
2017-12-24,,,,,,,,,,,,,98.2,91.9,100.0,98.2
2017-12-25,,,,,,,,,,,,,97.9,91.1,100.0,97.9
2017-12-26,86.9,64.4,99.5,,,,,,,,,,97.9,91.0,100.0,97.9
2017-12-27,87.8,68.3,99.3,,,,,,,,,,98.4,91.8,100.0,98.4
2017-12-28,90.6,71.1,99.5,,,,,,,,,,98.2,90.8,100.0,98.2
2017-12-29,93.8,74.0,99.5,95.4,92.2,100.0,,,,,,,98.2,91.8,100.0,98.2
2017-12-30,,,,,,,,,,,,,97.9,89.0,100.0,97.9
2017-12-31,,,,,,,,,,,,,97.9,88.8,100.0,97.9
2018-01-01,95.0,73.5,99.0,,,,,,,,,,98.0,88.9,100.0,98.0
2018-01-02,83.7,65.3,99.5,,,,,,,,,,98.8,89.9,100.0,98.8
2018-01-03,85.5,67.4,87.3,,,,,,,,,,98.5,89.0,100.0,98.5
2018-01-04,90.5,68.1,99.3,,,,,,,,,,99.3,90.1,100.0,99.3
2018-01-05,,,,,,,,,,,,,99.3,89.8,100.0,99.3
2018-01-06,,,,96.3,94.4,100.0,,,,,,,100.0,91.9,100.0,100.0
2018-01-07,87.5,67.9,99.5,,,,,,,,,,100.0,91.0,100.0,100.0
2018-01-08,83.0,64.1,99.5,,,,,,,,,,100.0,91.6,100.0,100.0
2018-01-09,75.4,60.8,99.0,,,,,,,,,,100.0,90.6,100.0,100.0
2018-01-10,67.3,56.2,98.8,,,,,,,,,,100.0,92.0,100.0,100.0
2018-01-11,,,,98.8,97.7,42.0,,,,,,,100.0,90.7,100.0,100.0
2018-01-12,,,,,,,,,,,,,100.0,91.2,100.0,100.0
2018-01-13,58.2,50.9,99.5,,,,,,,,,,99.5,89.7,100.0,99.5
2018-01-14,57.0,47.8,99.5,,,,,,,,,,99.8,92.0,100.0,99.8
2018-01-15,45.5,40.3,87.6,,,,,,,,,,98.8,91.2,100.0,98.8
2018-01-16,38.0,35.0,99.5,97.0,96.8,100.0,,,,,,,100.0,93.2,100.0,100.0
2018-01-17,,,,,,,,,,,,,99.8,91.4,100.0,99.8
2018-01-18,,,,95.5,94.0,100.0,,,,,,,100.0,93.1,100.0,100.0
2018-01-19,33.5,33.8,99.5,,,,,,,,,,100.0,92.3,100.0,100.0
2018-01-20,35.3,38.2,99.3,,,,,,,,,,100.0,92.6,100.0,100.0
2018-01-21,35.7,38.3,99.5,,,,,,,,,,100.0,91.9,100.0,100.0
2018-01-22,32.0,35.2,99.5,,,,,,,,,,99.8,92.9,100.0,99.8
2018-01-23,,,,92.7,91.3,47.8,,,,,,,99.8,92.9,100.0,99.8
2018-01-24,,,,,,,,,,,,,100.0,93.0,100.0,100.0
2018-01-25,28.7,30.8,99.5,,,,,,,,,,99.8,92.0,100.0,99.8
2018-01-26,25.7,30.0,99.5,,,,,,,,,,99.5,92.5,100.0,99.5
2018-01-27,26.6,28.4,88.8,,,,,,,,,,99.8,92.7,100.0,99.8
2018-01-28,24.0,27.4,99.5,95.5,94.5,99.5,,,,,,,100.0,93.7,100.0,100.0
2018-01-29,,,,,,,,,,,,,99.3,91.0,100.0,99.3
2018-01-30,,,,,,,,,,,,,99.5,90.7,100.0,99.5
2018-01-31,22.5,23.9,99.5,,,,,,,,,,100.0,91.1,100.0,100.0
2018-02-01,19.0,21.9,99.5,,,,,,,,,,100.0,92.4,100.0,100.0
2018-02-02,18.8,23.1,99.5,,,,,,,,,,100.0,92.1,100.0,100.0
2018-02-03,16.5,20.2,99.3,,,,,,,,,,100.0,92.6,100.0,100.0
2018-02-04,,,,,,,,,,,,,100.0,92.6,100.0,100.0
2018-02-05,,,,,,,,,,,,,100.0,92.7,100.0,100.0
2018-02-06,14.5,17.5,99.5,,,,,,,,,,100.0,92.7,100.0,100.0
2018-02-07,11.5,16.0,99.5,,,,,,,,,,99.8,92.9,100.0,99.8
2018-02-08,10.8,18.5,89.8,,,,,,,,,,99.5,92.4,100.0,99.5
2018-02-09,21.3,27.9,99.3,,,,,,,,,,99.8,94.1,100.0,99.8
2018-02-10,,,,,,,,,,,,,99.8,94.5,100.0,99.8
2018-02-11,,,,,,,,,,,,,99.8,95.2,100.0,99.8
2018-02-12,26.3,28.0,99.3,,,,,,,,,,100.0,95.1,100.0,100.0
2018-02-13,21.0,26.6,99.5,,,,,,,,,,100.0,95.7,100.0,100.0
2018-02-14,34.0,33.2,99.5,,,,,,,,,,100.0,96.1,100.0,100.0
2018-02-15,49.0,44.3,99.5,96.8,96.6,100.0,,,,,,,100.0,96.9,100.0,100.0
2018-02-16,,,,,,,,,,,,,100.0,96.4,100.0,100.0
2018-02-17,,,,,,,,,,,,,100.0,96.8,100.0,100.0
2018-02-18,48.5,43.2,99.5,,,,,,,,,,100.0,96.8,100.0,100.0
2018-02-19,47.2,41.1,99.5,,,,,,,,,,100.0,97.3,100.0,100.0
2018-02-20,39.2,35.4,90.0,,,,,,,,,,100.0,97.2,100.0,100.0
2018-02-21,58.7,48.9,99.5,,,,,,,,,,100.0,97.6,100.0,100.0
2018-02-22,,,,,,,,,,,,,100.0,97.4,100.0,100.0
2018-02-23,,,,,,,,,,,,,100.0,97.7,100.0,100.0
2018-02-24,60.5,50.9,99.5,,,,,,,,,,100.0,97.8,100.0,100.0
2018-02-25,95.7,67.4,99.5,97.0,96.9,100.0,,,,,,,100.0,98.1,100.0,100.0
2018-02-26,98.0,72.1,99.5,,,,,,,,,,100.0,98.1,100.0,100.0
2018-02-27,100.0,82.4,99.5,100.0,99.6,100.0,,,,,,,100.0,98.5,100.0,100.0
2018-02-28,,,,,,,,,,,,,100.0,98.3,100.0,100.0
2018-03-01,,,,,,,,,,,,,100.0,98.5,100.0,100.0
2018-03-02,100.0,86.1,99.5,,,,,,,,,,100.0,98.7,100.0,100.0
2018-03-03,100.0,84.2,99.5,,,,,,,,,,100.0,98.9,100.0,100.0
2018-03-04,100.0,83.6,89.3,,,,,,,,,,100.0,98.8,100.0,100.0
2018-03-05,100.0,83.3,99.5,,,,,,,,,,100.0,98.9,100.0,100.0
2018-03-06,,,,,,,,,,,,,100.0,98.6,100.0,100.0
2018-03-07,,,,100.0,99.4,100.0,,,,,,,100.0,98.8,100.0,100.0
2018-03-08,99.3,76.6,99.5,,,,,,,,,,100.0,98.1,100.0,100.0
2018-03-09,98.5,74.3,99.5,,,,,,,,,,100.0,97.6,100.0,100.0
2018-03-10,98.2,75.9,98.8,,,,,,,,,,100.0,97.0,100.0,100.0
2018-03-11,88.2,67.2,99.0,,,,,,,,,,100.0,96.4,100.0,100.0
2018-03-12,,,,68.8,67.4,59.0,,,,,,,100.0,94.7,100.0,100.0
2018-03-13,,,,,,,,,,,,,100.0,91.7,100.0,100.0
2018-03-14,,,,,,,,,,,,,100.0,89.1,100.0,100.0
2018-03-15,77.0,60.2,99.5,,,,,,,,,,97.8,84.6,100.0,97.8
2018-03-16,23.7,23.8,89.1,,,,,,,,,,90.8,78.7,100.0,90.8
2018-03-17,28.2,30.1,98.8,,,,,,,,,,80.8,71.7,100.0,80.8
2018-03-18,,,,,,,,,,,,,77.6,68.2,100.0,77.6
2018-03-19,,,,,,,,,,,,,60.4,61.8,100.0,60.4
2018-03-20,22.0,20.9,99.5,,,,,,,,,,46.8,58.7,100.0,46.8
2018-03-21,22.2,22.7,99.5,,,,,,,,,,40.0,55.1,100.0,40.0
2018-03-22,18.3,17.5,99.5,68.7,65.1,100.0,,,,,,,53.7,59.1,100.0,53.7
2018-03-23,20.7,22.2,98.5,,,,,,,,,,42.3,54.0,100.0,42.3
2018-03-24,,,,43.9,50.8,91.8,,,,,,,49.5,56.6,100.0,49.5
2018-03-25,,,,,,,,,,,,,45.0,54.7,100.0,45.0
2018-03-26,22.2,21.8,99.5,,,,,,,,,,46.5,55.8,100.0,46.5
2018-03-27,20.7,22.0,99.5,,,,,,,,,,42.0,53.6,100.0,42.0
2018-03-28,15.2,17.9,88.6,,,,,,,,,,42.8,54.4,100.0,42.8
2018-03-29,16.8,19.8,99.3,,,,,,,,,,43.8,55.0,100.0,43.8
2018-03-30,,,,,,,,,,,,,26.1,49.9,100.0,26.1
2018-03-31,,,,,,,,,,,,,14.2,44.2,100.0,14.2
2018-04-01,11.8,15.9,99.0,,,,,,,,,,16.4,45.9,100.0,16.4
2018-04-02,18.3,19.7,99.5,,,,,,,,,,10.0,40.9,100.0,10.0
2018-04-03,12.8,17.6,99.3,0.2,5.8,100.0,,,,,,,1.7,34.1,100.0,1.7
2018-04-04,15.1,18.7,99.0,,,,,,,,,,0.2,25.7,100.0,0.2
2018-04-05,,,,,,,,,,,,,0.0,21.8,100.0,0.0
2018-04-06,,,,0.0,3.8,98.8,,,,,,,0.0,14.8,100.0,0.0
2018-04-07,11.0,15.8,99.5,,,,,,,,,,0.0,8.6,100.0,0.0
2018-04-08,9.3,14.6,99.5,0.0,4.4,100.0,,,,,,,0.0,5.1,100.0,0.0
2018-04-09,8.9,14.9,89.6,,,,,,,,,,0.0,4.2,100.0,0.0
2018-04-10,6.2,11.4,99.5,,,,,,,,,,0.0,3.0,100.0,0.0
2018-04-11,,,,0.0,2.9,100.0,,,,,,,0.0,2.7,100.0,0.0
2018-04-12,,,,,,,,,,,,,0.0,2.4,100.0,0.0
2018-04-13,5.5,9.5,99.3,0.0,1.9,100.0,0.0,0.3,100.0,,,,0.0,2.1,100.0,0.0
2018-04-14,6.3,8.9,99.3,,,,0.0,0.2,49.8,,,,0.0,1.8,100.0,0.0
2018-04-15,5.5,11.5,99.5,,,,,,,,,,0.0,1.5,100.0,0.0
2018-04-16,5.8,11.2,99.3,,,,,,,,,,0.0,1.4,100.0,0.0
2018-04-17,,,,,,,,,,,,,0.0,1.6,100.0,0.0
2018-04-18,,,,0.0,2.1,100.0,,,,,,,0.0,1.6,100.0,0.0
2018-04-19,6.0,13.6,99.8,,,,,,,,,,0.0,1.5,100.0,0.0
2018-04-20,6.7,11.8,99.8,,,,,,,,,,0.0,1.4,100.0,0.0
2018-04-21,5.2,16.4,91.0,0.0,1.2,100.0,,,,,,,0.0,1.6,100.0,0.0
2018-04-22,7.0,15.7,99.5,,,,,,,,,,0.0,1.4,100.0,0.0
2018-04-23,,,,,,,,,,,,,0.0,1.0,100.0,0.0
2018-04-24,,,,,,,,,,,,,0.0,0.8,100.0,0.0
2018-04-25,8.7,15.2,99.8,,,,,,,,,,0.0,0.7,100.0,0.0
2018-04-26,11.2,20.9,99.8,,,,,,,,,,0.0,0.6,100.0,0.0
2018-04-27,8.7,14.7,99.8,,,,,,,,,,0.0,0.7,100.0,0.0
2018-04-28,11.0,16.2,99.3,0.0,1.6,100.0,,,,,,,0.0,0.6,100.0,0.0
2018-04-29,,,,,,,0.0,0.0,100.0,,,,0.0,0.4,100.0,0.0
2018-04-30,,,,,,,0.0,0.0,36.1,,,,0.0,0.4,100.0,0.0
2018-05-01,9.0,12.0,99.8,,,,,,,,,,0.0,0.5,100.0,0.0
2018-05-02,10.0,14.2,99.3,,,,,,,,,,0.0,0.5,100.0,0.0
2018-05-03,7.2,10.7,89.8,0.0,3.7,100.0,,,,,,,0.0,0.4,100.0,0.0
2018-05-04,11.5,13.3,99.5,,,,,,,,,,0.0,0.4,100.0,0.0
2018-05-05,,,,,,,,,,,,,0.0,0.4,100.0,0.0
2018-05-06,,,,0.0,8.4,97.5,,,,,,,0.0,0.4,100.0,0.0
2018-05-07,11.2,12.6,99.8,,,,0.0,0.1,90.5,,,,0.0,0.5,100.0,0.0
2018-05-08,14.2,15.3,99.5,,,,,,,,,,0.0,0.6,100.0,0.0
2018-05-09,14.2,15.9,99.8,,,,,,,,,,0.0,0.8,100.0,0.0
2018-05-10,13.5,15.4,99.8,,,,,,,,,,0.0,0.9,100.0,0.0
2018-05-11,,,,,,,,,,,,,0.0,1.2,100.0,0.0
2018-05-12,,,,,,,,,,,,,0.0,1.4,100.0,0.0
2018-05-13,13.7,15.0,99.8,2.0,16.9,98.8,,,,,,,0.0,1.6,100.0,0.0
2018-05-14,13.5,14.5,99.5,,,,,,,,,,0.0,2.1,100.0,0.0
2018-05-15,13.7,16.3,90.8,,,,,,,,,,0.0,3.6,100.0,0.0
2018-05-16,14.2,17.4,99.8,,,,,,,,,,0.0,4.7,100.0,0.0
2018-05-17,,,,,,,,,,,,,0.0,4.8,100.0,0.0
2018-05-18,,,,,,,,,,,,,0.0,5.2,100.0,0.0
2018-05-19,17.2,20.8,99.8,,,,,,,,,,0.0,6.4,100.0,0.0
2018-05-20,17.0,21.7,99.8,,,,,,,,,,0.0,6.2,100.0,0.0
2018-05-21,27.6,29.1,99.3,0.5,21.5,54.5,,,,,,,0.0,5.5,100.0,0.0
2018-05-22,17.0,20.4,99.5,,,,,,,,,,0.0,4.9,100.0,0.0
2018-05-23,,,,,,,,,,,,,0.0,4.8,100.0,0.0
2018-05-24,,,,,,,,,,,,,0.0,4.1,100.0,0.0
2018-05-25,10.2,16.5,99.8,,,,,,,,,,0.0,3.1,100.0,0.0
2018-05-26,5.8,10.0,99.3,,,,,,,,,,0.0,3.0,100.0,0.0
2018-05-27,6.3,10.8,91.3,,,,,,,,,,0.0,2.3,100.0,0.0
2018-05-28,6.8,9.8,99.5,,,,,,,,,,0.0,2.2,100.0,0.0
2018-05-29,,,,,,,,,,,,,0.0,1.9,100.0,0.0
2018-05-30,,,,,,,,,,,,,0.0,2.1,100.0,0.0
2018-05-31,7.3,9.7,96.0,0.0,17.5,55.2,,,,,,,0.0,2.1,100.0,0.0
2018-06-01,7.5,9.5,99.3,,,,,,,,,,0.0,2.0,100.0,0.0
2018-06-02,8.0,11.3,99.8,14.7,31.6,66.2,,,,,,,0.0,1.9,100.0,0.0
2018-06-03,9.5,12.2,99.8,,,,,,,,,,0.0,2.1,100.0,0.0
2018-06-04,,,,,,,,,,,,,0.0,2.0,100.0,0.0
2018-06-05,,,,,,,,,,,,,0.0,2.1,100.0,0.0
2018-06-06,9.2,13.9,99.8,,,,,,,,,,0.0,2.4,100.0,0.0
2018-06-07,7.3,11.6,98.8,,,,,,,,,,0.0,2.8,100.0,0.0
2018-06-08,9.6,17.8,90.3,,,,,,,,,,0.0,3.0,100.0,0.0
2018-06-09,19.7,31.6,98.3,,,,,,,,,,0.0,3.5,100.0,0.0
2018-06-10,,,,0.0,7.2,100.0,,,,,,,0.0,3.7,100.0,0.0
2018-06-11,,,,,,,,,,,,,0.0,4.0,100.0,0.0
2018-06-12,30.0,35.0,98.8,0.2,16.0,100.0,,,,,,,0.0,3.7,100.0,0.0
2018-06-13,43.1,41.3,98.8,,,,,,,,,,0.0,3.9,100.0,0.0
2018-06-14,14.4,23.0,98.8,,,,,,,,,,0.0,3.7,100.0,0.0
2018-06-15,9.8,17.1,98.8,,,,,,,,,,0.0,4.0,100.0,0.0
2018-06-16,,,,,,,,,,,,,0.0,3.4,100.0,0.0
2018-06-17,,,,,,,,,,,,,0.0,3.3,100.0,0.0
2018-06-18,8.8,15.8,98.5,,,,,,,,,,0.0,3.2,100.0,0.0
2018-06-19,8.8,13.5,98.8,,,,,,,,,,0.0,3.3,100.0,0.0
2018-06-20,3.9,8.0,89.6,0.0,1.9,100.0,,,,,,,0.0,2.6,100.0,0.0
2018-06-21,1.3,6.3,97.5,,,,,,,,,,0.0,2.4,100.0,0.0
2018-06-22,,,,,,,,,,,,,0.0,2.3,100.0,0.0
2018-06-23,,,,,,,,,,,,,0.0,2.6,100.0,0.0
2018-06-24,2.3,5.4,97.3,,,,,,,,,,0.0,2.6,100.0,0.0
2018-06-25,,,,,,,,,,,,,0.0,3.0,100.0,0.0
2018-06-26,1.3,4.9,97.0,,,,,,,,,,0.0,2.9,100.0,0.0
2018-06-27,3.1,5.2,97.3,,,,,,,,,,0.0,3.3,100.0,0.0
2018-06-28,,,,,,,,,,,,,0.0,3.5,100.0,0.0
2018-06-29,,,,,,,,,,,,,0.0,4.1,100.0,0.0
2018-06-30,4.8,6.5,97.5,0.0,7.4,100.0,,,,,,,0.0,4.3,100.0,0.0
2018-07-01,4.3,5.5,97.5,,,,,,,,,,0.0,4.1,100.0,0.0
2018-07-02,3.7,5.5,88.1,,,,,,,,,,0.0,4.8,100.0,0.0
2018-07-03,5.1,6.3,97.5,,,,,,,,,,0.0,5.3,100.0,0.0
2018-07-04,,,,,,,,,,,,,0.0,3.5,100.0,0.0
2018-07-05,,,,0.0,2.0,100.0,,,,,,,0.0,2.7,100.0,0.0
2018-07-06,,,,,,,,,,,,,0.0,2.6,100.0,0.0
2018-07-07,6.1,7.7,97.5,0.0,2.7,100.0,,,,,,,0.0,2.2,100.0,0.0
2018-07-08,5.9,7.7,97.5,,,,,,,,,,0.0,1.7,100.0,0.0
2018-07-09,6.4,8.7,97.5,,,,,,,,,,0.0,1.3,100.0,0.0
2018-07-10,,,,,,,,,,,,,0.0,1.1,100.0,0.0
2018-07-11,,,,,,,,,,,,,0.0,0.7,100.0,0.0
2018-07-12,6.6,9.1,97.3,,,,,,,,,,0.0,0.3,100.0,0.0
2018-07-13,6.9,9.9,97.0,,,,,,,,,,0.0,0.2,100.0,0.0
2018-07-14,6.0,10.6,87.6,,,,,,,,,,0.0,0.1,100.0,0.0
2018-07-15,7.7,12.3,97.3,,,,,,,,,,0.0,0.1,100.0,0.0
2018-07-16,,,,,,,,,,,,,0.0,0.1,100.0,0.0
2018-07-17,,,,,,,,,,,,,0.0,0.1,100.0,0.0
2018-07-18,8.2,13.5,97.5,,,,0.0,0.0,100.0,,,,0.0,0.1,100.0,0.0
2018-07-19,10.5,17.8,97.5,,,,,,,,,,0.0,0.1,100.0,0.0
2018-07-20,17.4,24.6,97.3,0.0,1.8,100.0,,,,,,,0.0,0.0,100.0,0.0
2018-07-21,27.8,31.7,97.5,,,,,,,,,,0.0,0.1,100.0,0.0
2018-07-22,,,,,,,,,,,,,0.0,0.1,100.0,0.0
2018-07-23,,,,,,,,,,,,,0.0,0.1,100.0,0.0
2018-07-24,27.9,32.8,97.3,,,,,,,,,,0.0,0.1,100.0,0.0
2018-07-25,29.8,33.1,97.5,0.0,3.7,95.5,,,,,,,0.0,0.2,100.0,0.0
2018-07-26,21.1,31.9,88.6,,,,,,,,,,0.0,0.2,100.0,0.0
2018-07-27,8.7,24.6,97.3,0.0,7.2,100.0,,,,,,,0.0,0.3,100.0,0.0
2018-07-28,,,,,,,,,,,,,0.0,0.2,100.0,0.0
2018-07-29,,,,,,,,,,0.0,0.1,100.0,0.0,0.2,100.0,0.0
2018-07-30,13.5,27.4,97.5,0.0,9.0,78.1,,,,,,,0.0,0.2,100.0,0.0
2018-07-31,30.6,35.9,97.5,,,,,,,,,,0.0,0.2,100.0,0.0
2018-08-01,49.5,42.8,97.5,,,,,,,0.0,0.0,100.0,0.0,0.1,100.0,0.0
2018-08-02,36.4,35.5,97.0,,,,,,,,,,0.0,0.1,100.0,0.0
2018-08-03,,,,,,,,,,0.0,0.0,100.0,0.0,0.2,100.0,0.0
2018-08-04,,,,,,,,,,0.0,0.0,100.0,0.0,0.1,100.0,0.0
2018-08-05,22.2,26.2,97.5,,,,,,,,,,0.0,0.1,100.0,0.0
2018-08-06,33.5,32.9,97.3,0.0,4.8,100.0,,,,0.0,0.0,100.0,0.0,0.0,100.0,0.0
2018-08-07,20.7,25.7,89.1,,,,,,,,,,0.0,0.1,100.0,0.0
2018-08-08,16.3,22.5,97.5,,,,,,,0.0,0.0,100.0,0.0,0.0,100.0,0.0
2018-08-09,,,,0.0,2.8,100.0,,,,0.0,0.0,100.0,0.0,0.0,100.0,0.0
2018-08-10,,,,,,,,,,,,,0.0,0.0,100.0,0.0
2018-08-11,13.8,21.2,97.5,,,,,,,,,,0.0,0.0,100.0,0.0
2018-08-12,14.8,22.2,97.3,,,,,,,0.0,0.0,100.0,0.0,0.0,100.0,0.0
2018-08-13,14.0,21.9,97.5,,,,,,,0.0,0.0,100.0,0.0,0.0,100.0,0.0
2018-08-14,14.9,23.2,97.0,,,,,,,,,,0.0,0.0,100.0,0.0
2018-08-15,,,,,,,,,,,,,0.0,0.0,100.0,0.0
2018-08-16,,,,,,,,,,,,,0.0,0.0,100.0,0.0
2018-08-17,33.2,37.9,99.0,,,,,,,,,,0.0,0.0,100.0,0.0
2018-08-18,61.1,48.8,99.0,,,,,,,,,,0.0,0.0,100.0,0.0
2018-08-19,76.5,55.9,92.0,0.2,2.9,100.0,0.0,0.0,100.0,,,,0.0,0.0,100.0,0.0
2018-08-20,22.4,30.1,99.0,,,,,,,,,,0.0,0.0,100.0,0.0
2018-08-21,,,,0.7,4.8,100.0,,,,0.0,0.0,100.0,0.0,0.0,100.0,0.0
2018-08-22,,,,,,,,,,0.0,0.0,100.0,0.0,0.0,100.0,0.0
2018-08-23,14.4,22.0,99.0,,,,,,,,,,0.0,0.0,100.0,0.0
2018-08-24,14.8,21.3,99.0,0.7,9.5,100.0,,,,0.0,0.0,100.0,0.0,0.0,100.0,0.0
2018-08-25,9.8,13.9,99.0,,,,,,,,,,0.0,0.0,100.0,0.0
2018-08-26,6.5,13.0,99.0,,,,,,,,,,0.0,0.0,100.0,0.0
2018-08-27,,,,,,,,,,0.0,0.0,100.0,0.0,0.0,100.0,0.0
2018-08-28,,,,,,,,,,0.0,0.0,100.0,0.0,0.0,100.0,0.0
2018-08-29,8.2,12.5,99.0,0.2,6.8,100.0,,,,0.0,0.0,100.0,0.0,0.0,100.0,0.0
2018-08-30,8.1,12.1,98.8,,,,,,,,,,0.0,0.0,100.0,0.0
2018-08-31,6.7,11.0,92.3,,,,,,,,,,0.0,0.0,100.0,0.0
2018-09-01,4.3,6.9,99.0,,,,,,,,,,0.0,0.0,100.0,0.0
2018-09-02,,,,,,,,,,,,,0.0,0.0,100.0,0.0
2018-09-03,,,,,,,,,,,,,0.0,0.0,100.0,0.0
2018-09-04,3.0,4.9,99.0,,,,,,,,,,0.0,0.0,100.0,0.0
2018-09-05,3.3,4.8,99.0,,,,,,,,,,0.0,0.0,100.0,0.0
2018-09-06,2.8,3.7,99.0,,,,,,,0.0,0.0,100.0,0.0,0.0,100.0,0.0
2018-09-07,1.5,3.1,98.8,,,,,,,0.0,0.0,100.0,0.0,0.0,100.0,0.0
2018-09-08,,,,0.0,7.3,100.0,,,,,,,0.0,0.0,100.0,0.0
2018-09-09,,,,,,,,,,,,,0.0,0.0,100.0,0.0
2018-09-10,1.6,4.4,99.0,0.0,2.2,100.0,,,,,,,0.0,0.0,100.0,0.0
2018-09-11,2.5,7.2,99.0,,,,,,,,,,0.0,0.0,100.0,0.0
2018-09-12,2.5,9.7,91.0,,,,,,,0.0,0.0,100.0,0.0,0.0,100.0,0.0
2018-09-13,3.0,14.8,98.8,0.0,3.7,100.0,,,,,,,0.0,0.0,100.0,0.0
2018-09-14,,,,,,,,,,,,,0.0,0.0,100.0,0.0
2018-09-15,,,,0.0,5.2,100.0,,,,,,,0.0,0.0,100.0,0.0
2018-09-16,29.3,35.3,99.0,,,,,,,,,,0.0,0.0,100.0,0.0
2018-09-17,60.6,47.6,99.0,,,,,,,,,,0.0,0.0,100.0,0.0
2018-09-18,45.5,41.2,98.5,1.1,17.0,66.2,,,,,,,0.0,0.0,100.0,0.0
2018-09-19,56.7,45.3,98.8,,,,,,,,,,0.0,0.0,100.0,0.0
2018-09-20,,,,1.7,13.3,87.6,0.0,0.0,100.0,0.0,0.0,100.0,0.0,0.0,100.0,0.0
2018-09-21,,,,,,,,,,,,,0.0,0.0,100.0,0.0
2018-09-22,42.0,38.6,99.0,,,,,,,,,,0.0,0.0,100.0,0.0
2018-09-23,20.1,28.4,99.0,,,,,,,0.0,0.0,100.0,0.0,0.0,100.0,0.0
2018-09-24,7.9,20.3,91.3,,,,,,,0.0,0.3,100.0,0.0,0.0,100.0,0.0
2018-09-25,5.8,18.7,99.0,1.0,7.8,100.0,,,,,,,0.0,0.0,100.0,0.0
2018-09-26,,,,,,,,,,0.0,1.4,37.3,0.0,0.0,100.0,0.0
2018-09-27,,,,,,,,,,,,,0.0,0.0,100.0,0.0
2018-09-28,3.0,13.4,98.8,1.5,9.2,100.0,,,,,,,0.0,0.0,100.0,0.0
2018-09-29,3.8,13.1,99.0,,,,,,,,,,0.0,0.0,100.0,0.0
2018-09-30,2.8,11.1,98.8,2.2,11.1,100.0,,,,,,,0.0,0.0,100.0,0.0
2018-10-01,2.8,12.7,99.0,,,,,,,,,,0.0,0.0,100.0,0.0
2018-10-02,,,,,,,,,,,,,0.0,0.0,100.0,0.0
2018-10-03,,,,,,,,,,,,,0.0,0.0,100.0,0.0
2018-10-04,12.2,25.7,99.0,,,,,,,,,,0.0,0.0,100.0,0.0
2018-10-05,27.4,34.9,99.0,,,,,,,,,,0.0,0.0,100.0,0.0
2018-10-06,24.7,32.6,89.8,,,,0.0,0.0,100.0,,,,0.0,0.0,100.0,0.0
2018-10-07,35.0,37.2,98.8,,,,,,,,,,0.0,0.0,100.0,0.0
2018-10-08,,,,,,,,,,,,,0.0,0.0,100.0,0.0
2018-10-09,,,,,,,,,,,,,0.0,0.0,100.0,0.0
2018-10-10,56.0,43.7,99.0,49.8,46.3,100.0,,,,,,,0.0,0.0,100.0,0.0
2018-10-11,65.6,49.0,99.0,,,,,,,,,,0.0,0.1,100.0,0.0
2018-10-12,39.2,36.1,99.0,,,,,,,,,,0.0,0.1,100.0,0.0
2018-10-13,39.9,37.2,99.0,67.7,49.6,100.0,,,,,,,0.0,0.1,100.0,0.0
2018-10-14,,,,,,,,,,,,,0.0,0.3,100.0,0.0
2018-10-15,,,,86.6,69.2,100.0,,,,,,,0.0,0.4,100.0,0.0
2018-10-16,32.5,34.2,99.0,,,,,,,,,,0.0,0.5,100.0,0.0
2018-10-17,30.4,34.3,99.0,,,,,,,,,,0.0,0.5,100.0,0.0
2018-10-18,37.6,37.5,92.0,,,,,,,,,,0.0,0.8,100.0,0.0
2018-10-19,38.2,37.9,99.0,,,,,,,,,,0.0,0.8,100.0,0.0
2018-10-20,,,,69.9,60.5,100.0,,,,,,,0.0,1.0,100.0,0.0
2018-10-21,,,,,,,,,,,,,0.0,1.0,100.0,0.0
2018-10-22,61.2,46.7,99.0,,,,,,,,,,0.0,2.0,100.0,0.0
2018-10-23,88.7,62.6,99.0,,,,,,,,,,0.0,1.8,100.0,0.0
2018-10-24,15.4,28.8,98.8,,,,,,,,,,0.0,1.8,100.0,0.0
2018-10-25,6.8,21.2,99.0,0.0,14.7,37.8,,,,,,,0.0,1.5,100.0,0.0
2018-10-26,,,,,,,,,,,,,0.0,1.6,100.0,0.0
2018-10-27,,,,,,,,,,,,,0.0,1.4,100.0,0.0
2018-10-28,11.3,23.1,99.0,,,,,,,,,,0.0,1.5,100.0,0.0
2018-10-29,9.5,15.8,99.0,,,,,,,,,,0.0,1.2,100.0,0.0
2018-10-30,3.8,10.6,91.8,,,,,,,,,,0.0,1.3,100.0,0.0
2018-10-31,4.3,9.8,99.3,,,,,,,,,,0.0,1.2,100.0,0.0
2018-11-01,,,,,,,,,,,,,0.0,1.3,100.0,0.0
2018-11-02,,,,65.4,59.7,100.0,,,,,,,0.0,1.3,100.0,0.0
2018-11-03,5.3,10.4,99.3,,,,,,,,,,0.0,1.3,100.0,0.0
2018-11-04,7.7,12.3,100.0,,,,,,,,,,0.0,1.3,100.0,0.0
2018-11-05,5.8,11.3,99.3,,,,,,,,,,0.0,1.5,100.0,0.0
2018-11-06,7.2,13.7,99.8,,,,,,,,,,0.0,1.6,100.0,0.0
2018-11-07,,,,,,,,,,,,,0.0,2.0,100.0,0.0
2018-11-08,,,,,,,,,,,,,0.0,2.3,100.0,0.0
2018-11-09,21.8,29.5,100.0,,,,,,,,,,0.0,3.2,100.0,0.0
2018-11-10,37.1,37.0,100.0,,,,,,,,,,0.0,3.8,100.0,0.0
2018-11-11,50.4,43.3,90.3,,,,,,,,,,0.0,4.9,100.0,0.0
2018-11-12,73.9,53.5,100.0,77.3,61.7,53.7,,,,,,,0.0,6.7,100.0,0.0
2018-11-13,,,,,,,,,,,,,0.0,8.5,100.0,0.0
2018-11-14,,,,84.3,71.2,100.0,,,,,,,0.2,11.1,100.0,0.2
2018-11-15,86.0,61.1,99.8,,,,,,,,,,0.7,13.6,100.0,0.7
2018-11-16,88.7,64.7,99.5,,,,,,,,,,2.0,17.4,100.0,2.0
2018-11-17,93.5,68.4,99.3,89.4,73.4,96.0,,,,,,,3.0,20.5,100.0,3.0
2018-11-18,96.5,74.8,99.0,,,,,,,,,,3.2,23.7,100.0,3.2
2018-11-19,,,,,,,,,,,,,4.5,25.1,100.0,4.5
2018-11-20,,,,,,,,,,,,,7.0,29.0,100.0,7.0
2018-11-21,93.5,73.9,99.8,,,,,,,,,,9.7,30.6,100.0,9.7
2018-11-22,86.5,70.4,99.5,,,,,,,,,,10.0,30.8,100.0,10.0
2018-11-23,76.8,62.1,89.1,,,,,,,,,,10.7,30.9,100.0,10.7
2018-11-24,65.1,56.2,99.8,,,,,,,,,,9.5,30.3,100.0,9.5
2018-11-25,,,,,,,,,,,,,6.5,27.1,100.0,6.5
2018-11-26,,,,,,,,,,,,,6.0,25.5,100.0,6.0
2018-11-27,61.4,54.5,100.0,,,,,,,,,,6.0,27.2,100.0,6.0
2018-11-28,57.0,51.3,99.5,,,,,,,,,,5.0,24.0,100.0,5.0
2018-11-29,51.0,47.9,100.0,,,,,,,,,,7.0,27.5,100.0,7.0
2018-11-30,37.3,36.6,100.0,,,,,,,,,,6.2,25.6,100.0,6.2
2018-12-01,,,,,,,,,,,,,9.5,28.2,100.0,9.5
2018-12-02,,,,,,,,,,,,,6.7,23.9,100.0,6.7
2018-12-03,21.7,25.5,99.8,,,,,,,,,,10.0,27.6,100.0,10.0
2018-12-04,8.0,16.1,99.5,69.4,60.1,53.7,,,,,,,7.2,24.3,100.0,7.2
2018-12-05,3.9,9.3,89.6,,,,,,,,,,8.7,27.2,100.0,8.7
2018-12-06,1.0,6.2,99.5,,,,,,,,,,4.2,24.7,100.0,4.2
2018-12-07,,,,,,,,,,,,,8.7,31.1,100.0,8.7
2018-12-08,,,,,,,,,,,,,6.2,32.5,100.0,6.2
2018-12-09,1.5,5.5,100.0,,,,,,,,,,10.9,40.3,100.0,10.9
2018-12-10,2.2,6.3,99.8,,,,,,,,,,10.9,42.9,100.0,10.9
2018-12-11,1.0,6.9,100.0,,,,,,,,,,18.4,49.8,100.0,18.4
2018-12-12,3.2,11.7,100.0,,,,,,,,,,44.3,58.7,100.0,44.3
2018-12-13,,,,,,,,,,,,,84.3,67.2,100.0,84.3
2018-12-14,,,,,,,,,,,,,94.0,72.7,100.0,94.0
2018-12-15,7.0,21.7,100.0,,,,,,,,,,95.0,77.2,100.0,95.0
2018-12-16,32.8,35.2,100.0,,,,,,,,,,98.8,83.2,100.0,98.8
2018-12-17,97.5,67.6,88.6,95.3,93.0,100.0,,,,,,,98.8,86.9,100.0,98.8
2018-12-18,48.9,46.2,99.8,,,,,,,,,,99.3,87.6,100.0,99.3
2018-12-19,,,,,,,,,,,,,99.3,88.7,100.0,99.3
2018-12-20,,,,,,,,,,,,,99.8,90.0,100.0,99.8
2018-12-21,28.6,32.3,100.0,,,,,,,,,,100.0,92.0,100.0,100.0
2018-12-22,27.4,32.8,99.8,,,,,,,,,,100.0,91.8,100.0,100.0
2018-12-23,23.4,24.2,99.8,,,,,,,,,,100.0,93.8,100.0,100.0
2018-12-24,18.5,20.8,99.8,93.0,91.4,100.0,,,,,,,100.0,94.2,100.0,100.0
2018-12-25,,,,,,,,,,,,,100.0,95.7,100.0,100.0
2018-12-26,,,,,,,,,,,,,100.0,95.4,100.0,100.0
2018-12-27,17.9,19.4,100.0,100.0,99.9,100.0,,,,,,,100.0,97.5,100.0,100.0
2018-12-28,18.0,20.8,99.8,,,,,,,,,,100.0,96.5,100.0,100.0
2018-12-29,29.6,32.7,90.0,99.0,98.8,100.0,,,,,,,100.0,97.9,100.0,100.0
2018-12-30,25.9,30.4,100.0,,,,,,,,,,100.0,97.2,100.0,100.0
2018-12-31,,,,,,,,,,,,,100.0,98.1,100.0,100.0
2019-01-01,,,,,,,,,,,,,100.0,97.8,100.0,100.0
2019-01-02,70.6,57.6,91.2,,,,,,,,,,100.0,98.7,100.0,100.0
2019-01-03,100.0,82.7,91.2,,,,,,,,,,100.0,98.7,100.0,100.0
2019-01-04,100.0,87.3,91.2,,,,,,,,,,100.0,99.2,100.0,100.0
2019-01-05,100.0,95.0,91.2,,,,,,,,,,100.0,99.2,100.0,100.0
2019-01-06,,,,100.0,99.9,100.0,,,,,,,100.0,99.5,100.0,100.0
2019-01-07,,,,,,,,,,,,,100.0,99.3,100.0,100.0
2019-01-08,100.0,95.9,91.0,100.0,99.9,78.0,,,,,,,100.0,99.5,100.0,100.0
2019-01-09,100.0,96.3,91.2,,,,,,,,,,100.0,99.4,100.0,100.0
2019-01-10,100.0,95.8,81.5,,,,,,,,,,100.0,99.4,100.0,100.0
2019-01-11,100.0,96.7,91.2,100.0,98.5,100.0,,,,,,,100.0,99.4,100.0,100.0
2019-01-12,,,,,,,,,,,,,100.0,99.3,100.0,100.0
2019-01-13,,,,95.4,90.6,100.0,,,,,,,100.0,99.3,100.0,100.0
2019-01-14,100.0,96.9,91.2,,,,,,,,,,100.0,99.0,100.0,100.0
2019-01-15,100.0,96.0,91.2,,,,,,,,,,100.0,99.0,100.0,100.0
2019-01-16,100.0,95.3,91.2,,,,,,,,,,100.0,98.9,100.0,100.0
2019-01-17,100.0,96.1,91.2,,,,,,,,,,100.0,98.8,100.0,100.0
2019-01-18,,,,,,,,,,,,,100.0,98.4,100.0,100.0
2019-01-19,,,,,,,,,,,,,100.0,98.3,100.0,100.0
2019-01-20,100.0,96.0,91.2,,,,,,,,,,100.0,98.2,100.0,100.0
2019-01-21,100.0,95.5,91.2,,,,,,,,,,100.0,98.0,100.0,100.0
2019-01-22,100.0,94.0,81.7,,,,,,,,,,100.0,97.4,100.0,100.0
2019-01-23,100.0,93.9,100.0,,,,,,,,,,100.0,97.4,100.0,100.0
2019-01-24,,,,,,,,,,,,,100.0,96.6,100.0,100.0
2019-01-25,,,,,,,,,,,,,100.0,96.4,100.0,100.0
2019-01-26,99.5,92.9,100.0,,,,,,,,,,100.0,95.9,100.0,100.0
2019-01-27,100.0,93.5,100.0,,,,,,,,,,100.0,95.8,100.0,100.0
2019-01-28,99.5,87.5,100.0,,,,,,,,,,100.0,94.9,100.0,100.0
2019-01-29,,,,,,,,,,,,,100.0,94.4,100.0,100.0
2019-01-30,,,,,,,,,,,,,100.0,93.6,100.0,100.0
2019-01-31,,,,,,,,,,,,,100.0,93.9,100.0,100.0
2019-02-01,99.8,88.6,100.0,,,,,,,,,,100.0,93.6,100.0,100.0
2019-02-02,99.5,83.8,100.0,,,,,,,,,,100.0,93.8,100.0,100.0
2019-02-03,100.0,86.0,86.6,,,,,,,,,,100.0,92.7,100.0,100.0
2019-02-04,99.5,82.0,100.0,,,,,,,,,,100.0,92.7,100.0,100.0
2019-02-05,,,,,,,,,,,,,100.0,91.0,100.0,100.0
2019-02-06,,,,,,,,,,,,,100.0,91.6,100.0,100.0
2019-02-07,99.3,74.2,100.0,,,,,,,,,,100.0,91.4,100.0,100.0
2019-02-08,98.4,70.5,100.0,,,,,,,20.8,31.2,100.0,100.0,91.3,100.0,100.0
2019-02-09,97.5,69.1,100.0,,,,,,,,,,100.0,90.4,100.0,100.0
2019-02-10,90.7,64.0,100.0,,,,,,,14.4,33.4,100.0,100.0,90.2,100.0,100.0
2019-02-11,,,,,,,,,,,,,100.0,89.0,100.0,100.0
2019-02-12,,,,78.7,79.1,100.0,,,,,,,100.0,88.9,100.0,100.0
2019-02-13,62.7,49.8,100.0,,,,,,,50.0,45.1,100.0,99.5,83.8,100.0,99.5
2019-02-14,20.6,27.7,100.0,,,,,,,,,,99.8,80.7,100.0,99.8
2019-02-15,23.1,27.3,84.0,85.2,80.8,100.0,,,,44.8,44.8,100.0,97.5,79.5,100.0,97.5
2019-02-16,21.5,26.1,100.0,,,,,,,49.8,45.2,100.0,88.4,73.9,100.0,88.4
2019-02-17,,,,74.5,63.7,100.0,,,,55.1,48.8,100.0,75.0,68.6,100.0,75.0
2019-02-18,,,,,,,,,,38.0,43.3,100.0,39.8,55.4,100.0,39.8
2019-02-19,18.1,22.9,99.5,,,,,,,49.5,46.4,100.0,31.2,49.8,100.0,31.2
2019-02-20,16.4,19.1,100.0,,,,,,,,,,19.7,41.1,100.0,19.7
2019-02-21,13.7,15.3,100.0,,,,,,,19.0,33.5,100.0,9.0,29.5,100.0,9.0
2019-02-22,12.0,13.9,100.0,47.0,41.4,100.0,,,,25.5,34.1,100.0,4.9,22.2,100.0,4.9
2019-02-23,,,,,,,,,,1.2,21.3,100.0,1.9,18.9,100.0,1.9
2019-02-24,,,,,,,,,,44.0,42.9,100.0,1.4,16.5,100.0,1.4
2019-02-25,,,,1.2,25.0,79.4,,,,0.9,19.6,100.0,0.5,14.6,100.0,0.5
2019-02-26,11.1,13.4,99.8,,,,,,,2.8,24.1,100.0,0.7,15.2,100.0,0.7
2019-02-27,6.4,10.2,86.6,0.0,11.8,100.0,0.2,0.8,100.0,0.0,4.0,100.0,0.2,14.9,100.0,0.2
2019-02-28,12.7,15.7,100.0,,,,,,,,,,0.2,15.2,100.0,0.2
2019-03-01,,,,,,,,,,0.0,2.6,100.0,0.0,13.4,100.0,0.0
2019-03-02,,,,,,,,,,,,,0.5,18.7,100.0,0.5
2019-03-03,15.7,18.9,100.0,,,,,,,,,,0.9,23.2,100.0,0.9
2019-03-04,13.0,19.3,99.8,0.0,9.2,96.8,,,,,,,0.5,22.4,100.0,0.5
2019-03-05,24.8,30.8,99.8,,,,,,,,,,1.2,24.3,100.0,1.2
2019-03-06,39.8,39.0,100.0,,,,,,,,,,3.7,35.6,100.0,3.7
2019-03-07,,,,,,,,,,,,,10.0,42.8,100.0,10.0
2019-03-08,,,,,,,,,,,,,6.5,40.5,100.0,6.5
2019-03-09,62.5,51.5,100.0,,,,,,,,,,3.9,35.9,100.0,3.9
2019-03-10,51.9,44.9,100.0,,,,,,,,,,11.8,42.2,100.0,11.8
2019-03-11,77.8,59.1,85.6,,,,,,,,,,14.4,44.4,100.0,14.4
2019-03-12,72.9,56.3,100.0,0.0,1.4,100.0,,,,,,,7.4,42.8,100.0,7.4
2019-03-13,,,,,,,,,,,,,6.2,41.4,100.0,6.2
2019-03-14,,,,,,,,,,,,,7.2,42.7,100.0,7.2
2019-03-15,67.6,55.6,100.0,,,,,,,,,,42.4,53.2,100.0,42.4
2019-03-16,60.4,48.6,100.0,,,,,,,,,,44.4,52.9,100.0,44.4
2019-03-17,59.4,49.3,99.8,0.0,0.6,100.0,,,,,,,16.2,47.1,100.0,16.2
2019-03-18,58.1,47.6,100.0,,,,,,,,,,21.1,47.4,100.0,21.1
2019-03-19,,,,,,,,,,,,,25.7,50.5,100.0,25.7
2019-03-20,,,,,,,,,,,,,14.4,46.4,100.0,14.4
2019-03-21,52.1,45.0,100.0,,,,,,,,,,6.7,42.9,100.0,6.7
2019-03-22,31.7,33.1,100.0,0.0,1.3,100.0,,,,,,,0.5,33.0,100.0,0.5
2019-03-23,23.5,27.0,85.6,,,,,,,,,,0.0,30.8,100.0,0.0
2019-03-24,23.6,28.4,100.0,0.0,3.6,100.0,,,,,,,0.0,21.9,100.0,0.0
2019-03-25,,,,,,,,,,,,,0.0,14.3,100.0,0.0
2019-03-26,,,,,,,,,,,,,0.0,9.2,100.0,0.0
2019-03-27,22.2,26.2,100.0,,,,,,,,,,0.0,7.9,100.0,0.0
2019-03-28,22.2,26.9,100.0,,,,,,,,,,0.0,5.1,100.0,0.0
2019-03-29,18.5,24.0,100.0,0.8,16.5,83.1,,,,,,,0.0,4.6,100.0,0.0
2019-03-30,17.4,24.2,100.0,,,,,,,,,,0.0,3.8,100.0,0.0
2019-03-31,,,,,,,0.0,0.2,100.0,,,,0.0,3.3,100.0,0.0
2019-04-01,,,,6.2,27.6,100.0,,,,,,,0.0,2.9,100.0,0.0
2019-04-02,19.2,25.3,100.0,,,,,,,,,,0.0,2.7,100.0,0.0
2019-04-03,15.3,22.5,99.8,44.2,43.2,100.0,,,,,,,0.0,2.7,100.0,0.0
2019-04-04,24.2,30.8,85.2,,,,,,,,,,0.0,3.1,100.0,0.0
2019-04-05,35.0,36.6,100.0,,,,,,,,,,0.0,3.1,100.0,0.0
2019-04-06,,,,,,,,,,,,,0.0,2.8,100.0,0.0
2019-04-07,,,,,,,,,,,,,0.0,3.3,100.0,0.0
2019-04-08,42.8,39.6,100.0,63.0,50.3,42.6,,,,,,,0.0,4.5,100.0,0.0
2019-04-09,26.6,28.1,100.0,,,,,,,,,,0.0,5.0,100.0,0.0
2019-04-10,16.2,22.2,99.8,,,,,,,,,,0.0,3.5,100.0,0.0
2019-04-11,14.8,18.9,100.0,,,,,,,,,,0.0,3.5,100.0,0.0
2019-04-12,,,,,,,,,,,,,0.0,3.0,100.0,0.0
2019-04-13,,,,,,,,,,,,,0.0,2.8,100.0,0.0
2019-04-14,,,,,,,,,,,,,0.0,2.7,100.0,0.0
2019-04-15,15.0,18.8,100.0,,,,,,,,,,0.0,2.8,100.0,0.0
2019-04-16,12.8,14.2,87.0,0.0,12.7,100.0,0.0,0.1,100.0,,,,0.0,2.9,100.0,0.0
2019-04-17,13.5,15.5,99.5,,,,,,,,,,0.0,2.5,100.0,0.0
2019-04-18,,,,0.0,13.7,92.8,,,,,,,0.0,1.9,100.0,0.0
2019-04-19,,,,,,,,,,,,,0.0,1.7,100.0,0.0
2019-04-20,14.4,16.1,100.0,,,,,,,,,,0.0,2.2,100.0,0.0
2019-04-21,17.8,21.2,100.0,0.0,4.6,100.0,,,,,,,0.0,2.0,100.0,0.0
2019-04-22,16.0,18.4,100.0,,,,,,,,,,0.0,1.8,100.0,0.0
2019-04-23,19.0,21.4,100.0,,,,,,,,,,0.0,1.9,100.0,0.0
2019-04-24,,,,,,,,,,,,,0.0,2.4,100.0,0.0
2019-04-25,,,,,,,,,,,,,0.0,2.1,100.0,0.0
2019-04-26,16.2,19.7,100.0,,,,,,,,,,0.0,1.4,100.0,0.0
2019-04-27,20.6,22.1,100.0,,,,,,,,,,0.0,1.3,100.0,0.0
2019-04-28,14.8,16.6,88.9,,,,,,,,,,0.0,1.5,100.0,0.0
2019-04-29,14.2,14.9,99.5,,,,,,,,,,0.0,1.4,100.0,0.0
2019-04-30,,,,,,,,,,,,,0.0,1.2,100.0,0.0
2019-05-01,,,,0.0,1.7,100.0,,,,,,,0.0,1.0,100.0,0.0
2019-05-02,9.1,10.0,99.5,,,,0.0,0.0,100.0,,,,0.0,1.0,100.0,0.0
2019-05-03,9.3,10.2,99.5,,,,,,,,,,0.0,1.1,100.0,0.0
2019-05-04,8.1,9.3,99.5,,,,,,,,,,0.0,1.1,100.0,0.0
2019-05-05,9.8,11.5,99.5,,,,,,,,,,0.0,1.4,100.0,0.0
2019-05-06,,,,,,,,,,,,,0.0,2.1,100.0,0.0
2019-05-07,,,,,,,,,,,,,0.0,2.0,100.0,0.0
2019-05-08,8.6,11.5,99.5,0.0,1.5,100.0,,,,,,,0.0,2.2,100.0,0.0
2019-05-09,9.1,10.4,99.5,,,,,,,,,,0.0,2.7,100.0,0.0
2019-05-10,8.0,10.7,86.6,,,,,,,,,,0.0,4.0,100.0,0.0
2019-05-11,11.2,13.6,99.5,0.0,1.3,100.0,,,,,,,0.0,3.6,100.0,0.0
2019-05-12,,,,,,,,,,,,,0.0,3.4,100.0,0.0
2019-05-13,,,,,,,,,,,,,0.0,2.9,100.0,0.0
2019-05-14,15.1,17.0,99.5,,,,,,,,,,0.0,3.2,100.0,0.0
2019-05-15,19.8,20.7,99.5,,,,,,,,,,0.0,2.5,100.0,0.0
2019-05-16,21.4,21.2,99.5,,,,,,,,,,0.0,2.0,100.0,0.0
2019-05-17,17.0,18.3,99.5,,,,,,,,,,0.0,1.5,100.0,0.0
2019-05-18,,,,,,,,,,,,,0.0,1.6,100.0,0.0
2019-05-19,,,,,,,0.0,0.1,59.0,,,,0.0,1.3,100.0,0.0
2019-05-20,17.7,18.2,99.5,,,,,,,,,,0.0,0.6,100.0,0.0
2019-05-21,16.3,16.5,99.5,,,,,,,,,,0.0,0.4,100.0,0.0
2019-05-22,12.9,13.8,86.3,,,,,,,,,,0.0,0.4,100.0,0.0
2019-05-23,11.9,13.5,99.5,,,,,,,,,,0.0,0.4,100.0,0.0
2019-05-24,,,,,,,,,,,,,0.0,0.3,100.0,0.0
2019-05-25,,,,,,,,,,,,,0.0,0.2,100.0,0.0
2019-05-26,11.4,12.6,99.3,0.0,2.9,97.7,,,,,,,0.0,0.3,100.0,0.0
2019-05-27,13.3,14.8,99.3,,,,,,,,,,0.0,0.4,100.0,0.0
2019-05-28,14.0,15.7,99.5,,,,,,,,,,0.0,0.3,100.0,0.0
2019-05-29,12.8,15.6,99.5,,,,,,,,,,0.0,0.2,100.0,0.0
2019-05-30,,,,,,,,,,,,,0.0,0.2,100.0,0.0
2019-05-31,,,,,,,,,,,,,0.0,0.1,100.0,0.0
2019-06-01,12.6,16.3,99.5,,,,,,,0.0,0.1,58.1,0.0,0.1,100.0,0.0
2019-06-02,13.3,17.9,99.5,0.0,2.0,100.0,,,,0.0,0.1,100.0,0.0,0.1,100.0,0.0
2019-06-03,15.1,19.4,87.5,,,,0.0,0.0,100.0,,,,0.0,0.2,100.0,0.0
2019-06-04,12.3,17.5,99.5,,,,,,,0.0,0.0,100.0,0.0,0.1,100.0,0.0
2019-06-05,,,,,,,,,,,,,0.0,0.2,100.0,0.0
2019-06-06,,,,,,,,,,,,,0.0,0.1,100.0,0.0
2019-06-07,11.4,16.8,99.5,0.0,15.9,55.8,,,,0.0,0.0,100.0,0.0,0.3,100.0,0.0
2019-06-08,15.6,18.5,99.5,,,,,,,,,,0.0,0.3,100.0,0.0
2019-06-09,12.1,14.4,99.5,,,,,,,0.0,0.0,100.0,0.0,0.4,100.0,0.0
2019-06-10,9.5,11.7,99.5,0.0,4.2,100.0,,,,0.0,0.0,100.0,0.0,0.4,100.0,0.0
2019-06-11,,,,,,,,,,,,,0.0,0.9,100.0,0.0
2019-06-12,,,,0.0,2.2,100.0,,,,0.0,0.0,100.0,0.0,0.8,100.0,0.0
2019-06-13,9.3,11.0,99.5,,,,,,,0.0,0.0,100.0,0.0,0.8,100.0,0.0
2019-06-14,10.0,11.9,99.5,,,,,,,0.0,0.0,100.0,0.0,0.7,100.0,0.0
2019-06-15,12.7,14.2,85.9,,,,,,,,,,0.0,0.9,100.0,0.0
2019-06-16,13.5,15.8,99.5,,,,,,,,,,0.0,0.7,100.0,0.0
2019-06-17,,,,,,,,,,,,,0.0,0.7,100.0,0.0
2019-06-18,,,,,,,,,,,,,0.0,0.7,100.0,0.0
2019-06-19,14.2,17.2,99.5,,,,,,,,,,0.0,0.8,100.0,0.0
2019-06-20,18.1,19.9,99.5,0.0,1.3,100.0,,,,,,,0.0,0.7,100.0,0.0
2019-06-21,18.2,21.8,99.1,,,,,,,0.0,0.0,100.0,0.0,0.6,100.0,0.0
2019-06-22,18.1,21.1,99.5,,,,,,,,,,0.0,0.7,100.0,0.0
2019-06-23,,,,,,,,,,,,,0.0,0.5,100.0,0.0
2019-06-24,,,,,,,,,,0.0,0.0,100.0,0.0,0.4,100.0,0.0
2019-06-25,,,,,,,,,,,,,0.0,0.5,100.0,0.0
2019-06-26,20.2,21.8,99.5,,,,,,,,,,0.0,0.4,100.0,0.0
2019-06-27,27.6,27.4,88.2,0.0,5.7,100.0,0.0,0.0,60.0,0.0,0.0,100.0,0.0,0.4,100.0,0.0
2019-06-28,34.4,33.6,99.5,,,,,,,,,,0.0,0.4,100.0,0.0
2019-06-29,,,,,,,,,,,,,0.0,0.4,100.0,0.0
2019-06-30,,,,0.0,5.8,100.0,,,,0.0,0.0,100.0,0.0,0.3,100.0,0.0
2019-07-01,38.1,35.1,99.5,,,,,,,0.0,0.0,100.0,0.0,0.2,100.0,0.0
2019-07-02,,,,0.0,10.6,100.0,,,,,,,0.0,0.2,100.0,0.0
2019-07-03,25.6,24.5,99.5,,,,,,,,,,0.0,0.2,100.0,0.0
2019-07-04,28.6,26.6,99.5,,,,,,,,,,0.0,0.2,100.0,0.0
2019-07-05,,,,,,,,,,,,,0.0,0.2,100.0,0.0
2019-07-06,,,,,,,,,,,,,0.0,0.2,100.0,0.0
2019-07-07,26.0,25.3,99.5,,,,,,,,,,0.0,0.2,100.0,0.0
2019-07-08,25.3,25.5,99.5,,,,,,,,,,0.0,0.2,100.0,0.0
2019-07-09,19.5,22.2,86.6,,,,,,,,,,0.0,0.2,100.0,0.0
2019-07-10,31.2,31.6,99.5,,,,,,,,,,0.0,0.2,100.0,0.0
2019-07-11,,,,,,,,,,,,,0.0,0.2,100.0,0.0
2019-07-12,,,,0.0,8.5,100.0,,,,,,,0.0,0.2,100.0,0.0
2019-07-13,35.8,35.3,99.5,,,,,,,,,,0.0,0.4,100.0,0.0
2019-07-14,44.9,41.0,99.5,,,,,,,,,,0.0,0.4,100.0,0.0
2019-07-15,41.9,41.5,99.5,0.0,9.9,41.9,,,,,,,0.0,0.5,100.0,0.0
2019-07-16,70.2,52.5,99.5,,,,,,,,,,0.0,0.5,100.0,0.0
2019-07-17,,,,0.0,3.3,100.0,,,,,,,0.0,1.4,100.0,0.0
2019-07-18,,,,,,,,,,,,,0.0,1.5,100.0,0.0
2019-07-19,86.3,63.0,99.5,,,,,,,,,,0.0,1.7,100.0,0.0
2019-07-20,87.7,65.7,99.5,0.0,2.1,100.0,,,,,,,0.0,0.8,100.0,0.0
2019-07-21,95.3,66.9,88.7,,,,,,,,,,0.0,1.1,100.0,0.0
2019-07-22,91.9,66.5,99.5,,,,,,,,,,0.0,1.0,100.0,0.0
2019-07-23,,,,,,,,,,0.0,0.0,100.0,0.0,0.8,100.0,0.0
2019-07-24,,,,,,,,,,,,,0.0,0.6,100.0,0.0
2019-07-25,87.6,64.1,99.3,0.0,2.5,100.0,,,,,,,0.0,0.7,100.0,0.0
2019-07-26,86.5,64.1,99.3,,,,,,,,,,0.0,0.7,100.0,0.0
2019-07-27,67.4,51.4,99.3,0.0,5.3,100.0,,,,,,,0.0,1.2,100.0,0.0
2019-07-28,42.0,39.4,93.1,,,,,,,,,,0.0,0.8,100.0,0.0
2019-07-29,,,,,,,,,,,,,0.0,0.6,100.0,0.0
2019-07-30,,,,,,,,,,,,,0.0,0.5,100.0,0.0
2019-07-31,22.6,28.6,93.3,,,,,,,,,,0.0,0.4,100.0,0.0
2019-08-01,14.1,21.4,93.3,0.0,4.7,100.0,,,,,,,0.0,0.3,100.0,0.0
2019-08-02,12.6,16.8,86.3,,,,,,,,,,0.0,0.2,100.0,0.0
2019-08-03,11.9,14.9,93.3,,,,,,,,,,0.0,0.1,100.0,0.0
2019-08-04,,,,,,,,,,,,,0.0,0.1,100.0,0.0
2019-08-05,,,,,,,,,,,,,0.0,0.1,100.0,0.0
2019-08-06,12.4,15.1,93.1,,,,,,,0.0,0.0,100.0,0.0,0.0,100.0,0.0
2019-08-07,14.7,17.0,93.1,,,,,,,,,,0.0,0.1,100.0,0.0
2019-08-08,14.6,15.3,93.3,,,,,,,,,,0.0,0.1,100.0,0.0
2019-08-09,11.7,12.5,93.3,0.0,3.0,100.0,,,,,,,0.0,0.1,100.0,0.0
2019-08-10,,,,,,,,,,0.0,0.0,100.0,0.0,0.0,100.0,0.0
2019-08-11,,,,,,,,,,,,,0.0,0.0,100.0,0.0
2019-08-12,9.2,10.7,93.3,,,,,,,,,,0.0,0.0,100.0,0.0
2019-08-13,9.2,10.4,93.3,,,,,,,,,,0.0,0.0,100.0,0.0
2019-08-14,9.2,11.3,88.0,0.0,5.9,100.0,0.0,0.0,85.6,0.0,0.0,100.0,0.0,0.0,100.0,0.0
2019-08-15,8.2,10.4,93.3,,,,,,,0.0,0.0,100.0,0.0,0.0,100.0,0.0
2019-08-16,,,,,,,,,,,,,0.0,0.0,100.0,0.0
2019-08-17,,,,,,,,,,0.0,0.0,100.0,0.0,0.0,100.0,0.0
2019-08-18,7.2,11.2,93.3,,,,,,,,,,0.0,0.0,100.0,0.0
2019-08-19,9.9,13.6,93.3,0.0,3.8,100.0,,,,,,,0.0,0.0,100.0,0.0
2019-08-20,10.4,16.5,93.3,,,,,,,,,,0.0,0.0,100.0,0.0
2019-08-21,10.4,14.0,93.3,,,,,,,,,,0.0,0.1,100.0,0.0
2019-08-22,,,,,,,,,,,,,0.0,0.1,100.0,0.0
2019-08-23,,,,,,,,,,,,,0.0,0.0,100.0,0.0
2019-08-24,9.7,15.9,93.3,,,,,,,,,,0.0,0.0,100.0,0.0
2019-08-25,12.0,15.4,92.8,,,,,,,,,,0.0,0.0,100.0,0.0
2019-08-26,13.8,16.6,89.1,,,,,,,0.0,0.0,100.0,0.0,0.0,100.0,0.0
2019-08-27,12.9,14.8,93.3,,,,,,,0.0,0.0,100.0,0.0,0.0,100.0,0.0
2019-08-28,,,,,,,,,,,,,0.0,0.0,100.0,0.0
2019-08-29,,,,,,,,,,0.0,0.0,66.0,0.0,0.0,100.0,0.0
2019-08-30,13.9,14.4,93.3,,,,0.0,0.1,52.1,,,,0.0,0.0,100.0,0.0
2019-08-31,16.1,16.6,93.3,0.0,15.8,100.0,,,,0.0,0.0,100.0,0.0,0.0,100.0,0.0
2019-09-01,17.1,17.3,93.3,,,,,,,0.0,0.0,100.0,0.0,0.0,100.0,0.0
2019-09-02,18.1,19.1,93.3,,,,,,,,,,0.0,0.0,100.0,0.0
2019-09-03,,,,0.0,10.8,100.0,,,,0.0,0.0,100.0,0.0,0.0,100.0,0.0
2019-09-04,,,,,,,,,,0.0,0.0,100.0,0.0,0.0,100.0,0.0
2019-09-05,18.4,20.4,93.3,0.2,12.1,100.0,,,,,,,0.0,0.0,100.0,0.0
2019-09-06,16.1,18.6,93.3,,,,,,,,,,0.0,0.0,100.0,0.0
2019-09-07,26.6,27.0,89.6,,,,,,,,,,0.0,0.0,100.0,0.0
2019-09-08,23.6,26.4,93.3,,,,,,,,,,0.0,0.0,100.0,0.0
2019-09-09,,,,,,,,,,,,,0.0,0.0,100.0,0.0
2019-09-10,,,,,,,,,,,,,0.0,0.0,100.0,0.0
2019-09-11,34.5,33.5,93.3,,,,,,,,,,0.0,0.0,100.0,0.0
2019-09-12,30.3,32.1,93.3,,,,,,,,,,0.0,0.0,100.0,0.0
2019-09-13,,,,,,,,,,,,,0.0,0.0,100.0,0.0
2019-09-14,57.1,45.6,93.3,,,,,,,,,,0.0,0.0,100.0,0.0
2019-09-15,,,,0.0,10.2,100.0,,,,,,,0.0,0.0,100.0,0.0
2019-09-16,,,,,,,,,,,,,0.0,0.0,100.0,0.0
2019-09-17,59.1,44.9,93.3,,,,,,,,,,0.0,0.0,100.0,0.0
2019-09-18,59.6,46.9,93.3,0.0,10.6,100.0,,,,,,,0.0,0.0,100.0,0.0
2019-09-19,66.8,51.2,88.7,,,,,,,,,,0.0,0.0,100.0,0.0
2019-09-20,56.3,44.8,93.3,0.0,10.5,95.6,,,,,,,0.0,0.0,100.0,0.0
2019-09-21,,,,,,,,,,,,,0.0,0.0,100.0,0.0
2019-09-22,,,,,,,,,,,,,0.0,0.0,100.0,0.0
2019-09-23,73.4,54.4,93.3,,,,,,,,,,0.0,0.1,100.0,0.0
2019-09-24,82.6,58.7,93.3,,,,,,,,,,0.0,0.1,100.0,0.0
2019-09-25,,,,,,,,,,,,,0.0,0.1,100.0,0.0
2019-09-26,89.3,62.1,93.1,,,,,,,,,,0.0,0.1,100.0,0.0
2019-09-27,,,,,,,,,,,,,0.0,0.1,100.0,0.0
2019-09-28,,,,,,,,,,,,,0.0,0.1,100.0,0.0
2019-09-29,,,,,,,,,,0.0,0.0,100.0,0.0,0.1,100.0,0.0
2019-09-30,84.4,57.4,93.3,0.0,5.3,100.0,,,,,,,0.0,0.1,100.0,0.0
2019-10-01,78.5,55.6,89.4,,,,,,,0.0,0.0,100.0,0.0,0.1,100.0,0.0
2019-10-02,92.8,68.2,93.1,,,,,,,,,,0.0,0.1,100.0,0.0
2019-10-03,,,,,,,,,,,,,0.0,0.1,100.0,0.0
2019-10-04,,,,,,,,,,,,,0.0,0.1,100.0,0.0
2019-10-05,95.5,67.2,93.3,,,,,,,,,,0.0,0.1,100.0,0.0
2019-10-06,82.6,59.2,93.3,,,,,,,,,,0.0,0.1,100.0,0.0
2019-10-07,80.1,57.4,93.3,,,,,,,,,,0.0,0.2,100.0,0.0
2019-10-08,89.1,66.0,93.3,0.0,2.7,100.0,,,,0.0,0.0,100.0,0.0,0.2,100.0,0.0
2019-10-09,,,,,,,0.0,0.1,67.6,,,,0.0,0.2,100.0,0.0
2019-10-10,,,,,,,,,,,,,0.0,0.1,100.0,0.0
2019-10-11,82.4,60.9,93.3,,,,,,,,,,0.0,0.2,100.0,0.0
2019-10-12,70.5,54.0,93.3,,,,,,,,,,0.0,0.3,100.0,0.0
2019-10-13,36.9,38.1,86.6,0.0,3.1,100.0,,,,,,,0.0,0.3,100.0,0.0
2019-10-14,32.8,36.5,93.3,,,,,,,,,,0.0,0.1,100.0,0.0
2019-10-15,,,,,,,,,,,,,0.0,0.2,100.0,0.0
2019-10-16,,,,,,,,,,,,,0.0,0.2,100.0,0.0
2019-10-17,21.6,29.4,93.3,,,,0.0,0.2,75.2,0.0,0.0,100.0,0.0,0.2,100.0,0.0
2019-10-18,13.4,22.1,93.3,0.0,3.8,100.0,,,,0.0,0.0,100.0,0.0,0.1,100.0,0.0
2019-10-19,9.0,19.1,93.1,,,,,,,0.0,0.0,100.0,0.0,0.1,100.0,0.0
2019-10-20,15.1,24.1,93.3,0.0,5.1,100.0,,,,0.0,0.0,100.0,0.0,0.1,100.0,0.0
2019-10-21,,,,,,,,,,,,,0.0,0.1,100.0,0.0
2019-10-22,,,,,,,,,,0.0,0.0,100.0,0.0,0.1,100.0,0.0
2019-10-23,18.9,25.3,93.1,1.6,12.5,100.0,,,,0.0,0.0,100.0,0.0,0.1,100.0,0.0
2019-10-24,9.4,20.1,93.3,,,,,,,0.0,0.0,100.0,0.0,0.1,100.0,0.0
2019-10-25,17.4,27.6,85.2,6.9,26.5,100.0,0.0,0.1,100.0,0.0,0.0,100.0,0.0,0.1,100.0,0.0
2019-10-26,50.7,43.9,96.3,,,,,,,0.0,0.1,100.0,0.0,0.1,100.0,0.0
2019-10-27,,,,,,,,,,0.0,0.1,100.0,0.0,0.1,100.0,0.0
2019-10-28,,,,,,,,,,,,,0.0,0.1,100.0,0.0
2019-10-29,66.3,51.6,96.3,,,,,,,,,,0.0,0.1,100.0,0.0
2019-10-30,63.5,49.1,96.3,,,,,,,,,,0.0,0.1,100.0,0.0
2019-10-31,70.2,53.4,96.3,,,,,,,,,,0.0,0.2,100.0,0.0
2019-11-01,92.0,63.9,96.1,,,,,,,,,,0.0,0.2,100.0,0.0
2019-11-02,,,,,,,,,,,,,0.0,0.3,100.0,0.0
2019-11-03,,,,,,,,,,0.0,0.3,100.0,0.0,0.2,100.0,0.0
2019-11-04,91.8,65.0,96.3,76.4,59.9,100.0,,,,,,,0.0,0.3,100.0,0.0
2019-11-05,89.7,61.7,96.3,,,,,,,,,,0.0,0.3,100.0,0.0
2019-11-06,75.8,55.6,86.1,,,,,,,,,,0.0,0.4,100.0,0.0
2019-11-07,76.4,56.5,96.3,,,,,,,,,,0.0,0.4,100.0,0.0
2019-11-08,,,,,,,,,,,,,0.0,0.5,100.0,0.0
2019-11-09,,,,,,,,,,,,,0.0,0.5,100.0,0.0
2019-11-10,70.4,54.0,96.1,,,,0.0,12.7,87.0,,,,0.0,0.8,100.0,0.0
2019-11-11,64.3,50.2,96.1,,,,,,,,,,0.0,0.7,100.0,0.0
2019-11-12,59.9,46.4,96.3,,,,,,,0.0,0.8,55.8,0.0,0.8,100.0,0.0
2019-11-13,64.4,49.9,95.6,,,,,,,,,,0.0,0.8,100.0,0.0
2019-11-14,,,,,,,,,,,,,0.0,1.0,100.0,0.0
2019-11-15,,,,,,,,,,,,,0.0,1.0,100.0,0.0
2019-11-16,59.1,48.5,96.3,,,,,,,,,,0.0,1.2,100.0,0.0
2019-11-17,51.9,43.2,96.3,,,,,,,,,,0.0,1.2,100.0,0.0
2019-11-18,48.4,41.4,87.5,,,,,,,,,,0.0,1.6,100.0,0.0
2019-11-19,53.7,43.9,96.1,,,,,,,,,,0.0,1.6,100.0,0.0
2019-11-20,,,,,,,,,,,,,0.0,1.7,100.0,0.0
2019-11-21,,,,,,,,,,,,,0.0,1.7,100.0,0.0
2019-11-22,53.0,45.3,96.1,,,,,,,,,,0.0,2.5,100.0,0.0
2019-11-23,55.0,44.5,96.3,,,,,,,,,,0.0,2.6,100.0,0.0
2019-11-24,63.2,49.1,96.3,,,,,,,,,,0.0,3.3,100.0,0.0
2019-11-25,69.7,53.5,96.3,,,,,,,,,,0.0,3.9,100.0,0.0
2019-11-26,,,,,,,,,,,,,0.0,6.7,100.0,0.0
2019-11-27,,,,,,,,,,,,,0.0,6.8,100.0,0.0
2019-11-28,70.0,54.3,96.3,,,,,,,,,,0.0,11.8,100.0,0.0
2019-11-29,67.9,51.7,95.8,,,,,,,,,,0.0,12.3,100.0,0.0
2019-11-30,71.5,54.0,85.2,,,,,,,,,,1.2,18.6,100.0,1.2
2019-12-01,69.7,52.0,96.3,,,,,,,,,,1.6,18.5,100.0,1.6
2019-12-02,,,,,,,,,,0.0,4.4,100.0,5.1,32.0,100.0,5.1
2019-12-03,,,,,,,,,,,,,9.3,36.4,100.0,9.3
2019-12-04,70.4,53.9,96.3,83.3,79.2,100.0,,,,,,,38.2,50.6,100.0,38.2
2019-12-05,69.7,51.6,96.3,,,,,,,,,,20.6,45.1,100.0,20.6
2019-12-06,68.0,51.1,96.3,,,,,,,,,,67.1,63.4,100.0,67.1
2019-12-07,39.9,39.6,96.3,88.9,85.9,100.0,,,,,,,53.7,56.1,100.0,53.7
2019-12-08,,,,,,,,,,,,,55.1,56.6,100.0,55.1
2019-12-09,,,,,,,,,,,,,16.0,44.4,100.0,16.0
2019-12-10,28.2,32.9,96.1,,,,,,,0.0,5.9,100.0,43.3,54.6,100.0,43.3
2019-12-11,13.9,23.9,100.0,,,,,,,,,,32.9,50.1,100.0,32.9
2019-12-12,10.9,22.9,85.2,,,,,,,,,,31.2,51.8,100.0,31.2
2019-12-13,8.6,18.8,100.0,,,,,,,,,,16.7,44.4,100.0,16.7
2019-12-14,,,,,,,,,,,,,18.8,47.9,100.0,18.8
2019-12-15,,,,,,,,,,,,,13.4,38.7,100.0,13.4
2019-12-16,7.4,17.1,100.0,,,,,,,,,,10.4,32.9,100.0,10.4
2019-12-17,6.9,15.0,100.0,,,,,,,,,,8.6,26.0,100.0,8.6
2019-12-18,10.9,21.9,100.0,,,,,,,,,,8.1,24.4,100.0,8.1
2019-12-19,14.1,26.1,100.0,,,,,,,,,,8.8,25.3,100.0,8.8
2019-12-20,,,,,,,,,,,,,8.6,23.9,100.0,8.6
2019-12-21,,,,,,,,,,0.0,10.7,100.0,9.3,23.9,100.0,9.3
2019-12-22,30.6,33.4,100.0,,,,,,,,,,10.0,25.4,100.0,10.0
2019-12-23,24.8,32.2,100.0,,,,,,,,,,11.1,29.3,100.0,11.1
2019-12-24,16.5,25.3,84.3,95.3,91.5,73.1,,,,,,,11.3,28.4,100.0,11.3
2019-12-25,13.9,22.8,100.0,,,,,,,,,,12.0,31.0,100.0,12.0
2019-12-26,,,,,,,,,,,,,12.0,30.4,100.0,12.0
2019-12-27,,,,,,,,,,,,,16.0,39.4,100.0,16.0
2019-12-28,15.0,20.4,100.0,,,,45.6,38.5,65.0,,,,17.6,42.9,100.0,17.6
2019-12-29,16.9,22.9,100.0,,,,50.5,46.2,63.7,,,,33.3,52.0,100.0,33.3
2019-12-30,18.8,26.4,100.0,,,,,,,,,,30.8,52.0,100.0,30.8
2019-12-31,21.1,28.2,100.0,,,,,,,,,,60.0,61.7,100.0,60.0
2020-01-01,,,,88.4,85.6,100.0,,,,,,,68.6,64.6,100.0,68.6
2020-01-02,,,,,,,,,,,,,78.4,68.3,100.0,78.4
2020-01-03,36.1,37.7,99.5,,,,,,,,,,84.8,70.7,100.0,84.8
2020-01-04,22.9,23.7,99.3,,,,,,,,,,90.2,73.9,100.0,90.2
2020-01-05,21.5,25.4,85.5,,,,,,,,,,93.9,76.1,100.0,93.9
2020-01-06,20.5,24.0,99.5,87.0,84.0,100.0,,,,,,,98.4,80.5,100.0,98.4
2020-01-07,,,,,,,,,,,,,98.4,82.2,100.0,98.4
2020-01-08,,,,87.7,85.3,100.0,,,,0.0,18.5,100.0,98.4,84.0,100.0,98.4
2020-01-09,28.1,31.4,99.5,,,,,,,,,,98.4,84.4,100.0,98.4
2020-01-10,23.3,27.9,99.5,,,,,,,,,,98.4,84.1,100.0,98.4
2020-01-11,21.2,28.2,99.5,88.7,85.7,96.6,,,,,,,98.4,85.5,100.0,98.4
2020-01-12,47.9,42.4,99.5,,,,,,,,,,98.4,86.1,100.0,98.4
2020-01-13,,,,,,,,,,,,,98.4,83.9,100.0,98.4
2020-01-14,,,,,,,,,,,,,98.4,85.1,100.0,98.4
2020-01-15,62.3,47.5,98.9,,,,,,,,,,98.4,85.7,100.0,98.4
2020-01-16,60.5,46.6,99.5,87.3,83.6,100.0,,,,3.0,32.2,100.0,98.4,87.1,100.0,98.4
2020-01-17,68.2,49.0,85.7,,,,,,,,,,97.7,85.8,100.0,97.7
2020-01-18,83.1,58.2,99.5,,,,,,,,,,98.4,87.2,100.0,98.4
2020-01-19,,,,,,,,,,,,,98.0,86.6,100.0,98.0
2020-01-20,,,,,,,,,,,,,98.0,87.8,100.0,98.0
2020-01-21,90.4,64.4,99.5,83.2,78.7,100.0,,,,27.0,39.1,100.0,97.7,88.2,100.0,97.7
2020-01-22,97.0,75.0,99.5,,,,,,,,,,97.7,89.0,100.0,97.7
2020-01-23,98.9,83.0,99.5,,,,,,,,,,97.5,89.0,100.0,97.5
2020-01-24,97.5,83.5,99.3,,,,,,,,,,97.0,89.0,100.0,97.0
2020-01-25,,,,,,,,,,,,,97.3,88.3,100.0,97.3
2020-01-26,,,,,,,,,,,,,97.5,88.6,100.0,97.5
2020-01-27,99.5,83.0,99.1,,,,,,,,,,98.0,87.9,100.0,98.0
2020-01-28,89.4,78.3,99.1,,,,,,,,,,98.2,87.1,100.0,98.2
2020-01-29,92.3,67.7,85.9,,,,,,,58.7,54.8,69.3,97.0,84.8,100.0,97.0
2020-01-30,64.2,54.7,99.1,,,,9.8,26.0,60.5,,,,97.5,84.5,100.0,97.5
2020-01-31,,,,77.0,67.2,67.3,,,,,,,95.9,80.9,100.0,95.9
2020-02-01,,,,,,,,,,,,,90.0,75.0,100.0,90.0
2020-02-02,29.5,32.2,99.3,76.6,62.1,100.0,,,,,,,76.4,69.4,100.0,76.4
2020-02-03,30.3,29.1,99.1,,,,,,,,,,66.6,65.5,100.0,66.6
2020-02-04,20.4,21.9,99.3,,,,,,,,,,45.9,59.1,100.0,45.9
2020-02-05,17.4,18.2,99.3,,,,,,,56.4,51.3,100.0,36.4,54.3,100.0,36.4
2020-02-06,,,,,,,,,,,,,29.3,49.7,100.0,29.3
2020-02-07,,,,73.2,57.1,100.0,,,,83.6,65.4,100.0,24.5,48.6,100.0,24.5
2020-02-08,9.8,10.9,99.3,,,,,,,90.9,70.9,100.0,23.4,47.3,100.0,23.4
2020-02-09,8.0,8.3,99.1,,,,,,,,,,19.8,45.1,100.0,19.8
2020-02-10,4.8,6.7,85.2,48.9,41.7,100.0,,,,,,,18.6,45.5,100.0,18.6
2020-02-11,5.7,7.1,99.3,,,,,,,96.1,80.1,100.0,14.5,41.7,100.0,14.5
2020-02-12,,,,31.6,37.2,100.0,,,,,,,15.9,46.0,100.0,15.9
2020-02-13,,,,,,,,,,97.3,80.4,100.0,16.1,46.7,100.0,16.1
2020-02-14,3.7,7.1,99.3,,,,,,,98.0,83.8,100.0,18.2,48.2,100.0,18.2
2020-02-15,4.6,7.8,99.1,0.0,14.6,100.0,,,,98.2,85.7,100.0,23.9,49.0,100.0,23.9
2020-02-16,7.0,14.7,97.7,,,,,,,98.6,83.9,100.0,31.6,52.4,100.0,31.6
2020-02-17,10.5,16.4,99.3,0.0,14.0,100.0,,,,,,,40.9,54.1,100.0,40.9
2020-02-18,,,,,,,,,,,,,30.2,49.8,100.0,30.2
2020-02-19,,,,,,,,,,,,,32.3,50.3,100.0,32.3
2020-02-20,14.2,19.4,99.3,0.0,9.5,100.0,,,,96.6,78.7,100.0,34.3,51.3,100.0,34.3
2020-02-21,12.8,17.5,99.3,,,,,,,,,,38.4,53.6,100.0,38.4
2020-02-22,28.8,27.7,84.5,0.0,15.5,100.0,,,,95.4,76.9,93.0,33.9,50.1,100.0,33.9
2020-02-23,24.3,25.6,99.3,,,,,,,94.1,75.1,100.0,34.1,50.9,100.0,34.1
2020-02-24,,,,,,,,,,,,,29.1,48.4,100.0,29.1
2020-02-25,,,,0.0,5.4,100.0,,,,,,,26.4,47.8,100.0,26.4
2020-02-26,24.0,24.6,99.3,,,,,,,,,,19.3,40.9,100.0,19.3
2020-02-27,,,,,,,,,,75.5,58.8,100.0,11.6,37.8,100.0,11.6
2020-02-28,13.5,17.0,99.3,,,,,,,,,,11.1,35.9,100.0,11.1
2020-02-29,,,,,,,,,,,,,7.0,35.1,100.0,7.0
2020-03-01,,,,,,,,,,58.6,49.7,100.0,5.7,30.4,100.0,5.7
2020-03-02,,,,,,,,,,40.0,42.8,100.0,2.3,28.4,100.0,2.3
2020-03-03,8.5,14.5,98.9,,,,,,,,,,2.0,25.5,100.0,2.0
2020-03-04,7.8,12.4,99.1,,,,,,,,,,1.6,24.6,100.0,1.6
2020-03-05,8.5,14.8,85.5,,,,,,,18.2,33.1,100.0,0.9,20.5,100.0,0.9
2020-03-06,7.1,11.8,99.3,,,,,,,,,,0.9,20.7,100.0,0.9
2020-03-07,,,,,,,,,,,,,0.9,18.1,100.0,0.9
2020-03-08,,,,,,,,,,,,,0.7,16.9,100.0,0.7
2020-03-09,6.4,10.0,99.3,,,,,,,,,,0.9,16.7,100.0,0.9
2020-03-10,,,,,,,,,,,,,0.9,17.5,100.0,0.9
2020-03-11,5.5,8.4,98.9,0.0,2.1,99.3,,,,,,,0.7,14.2,100.0,0.7
2020-03-12,8.7,13.7,99.3,,,,,,,,,,0.7,12.7,100.0,0.7
2020-03-13,,,,,,,,,,,,,0.5,12.3,100.0,0.5
2020-03-14,,,,,,,,,,,,,0.5,14.1,100.0,0.5
2020-03-15,11.2,17.7,99.3,,,,,,,,,,0.5,13.5,100.0,0.5
2020-03-16,15.6,21.9,99.3,0.0,1.5,100.0,,,,,,,0.5,12.1,100.0,0.5
2020-03-17,7.2,10.2,85.5,,,,,,,,,,0.5,12.1,100.0,0.5
2020-03-18,11.2,14.3,99.1,,,,,,,,,,0.5,12.8,100.0,0.5
2020-03-19,,,,,,,,,,,,,0.0,9.7,100.0,0.0
2020-03-20,,,,,,,,,,,,,0.0,8.5,100.0,0.0
2020-03-21,8.7,11.2,99.3,,,,,,,,,,0.0,11.1,100.0,0.0
2020-03-22,14.0,16.8,99.3,,,,,,,,,,0.0,13.1,100.0,0.0
2020-03-23,8.7,9.8,99.3,,,,,,,,,,0.0,13.3,100.0,0.0
2020-03-24,11.7,13.1,99.3,,,,,,,,,,0.0,11.6,100.0,0.0
2020-03-25,,,,,,,,,,,,,0.0,11.5,100.0,0.0
2020-03-26,,,,,,,,,,,,,0.0,10.9,100.0,0.0
2020-03-27,9.9,10.9,99.1,,,,,,,0.0,12.6,100.0,0.0,8.6,100.0,0.0
2020-03-28,11.7,13.8,99.3,0.0,3.4,100.0,,,,,,,0.0,7.2,100.0,0.0
2020-03-29,8.5,10.5,85.9,,,,,,,,,,0.0,6.7,100.0,0.0
2020-03-30,9.6,11.7,99.3,,,,,,,,,,0.0,6.4,100.0,0.0
2020-03-31,,,,1.1,29.4,42.0,,,,,,,0.0,8.0,100.0,0.0
2020-04-01,,,,,,,,,,,,,0.0,7.6,100.0,0.0
2020-04-02,8.2,11.8,99.3,0.0,3.7,100.0,0.0,0.8,100.0,,,,0.0,6.5,100.0,0.0
2020-04-03,12.4,17.3,99.1,,,,,,,,,,0.0,5.3,100.0,0.0
2020-04-04,14.4,21.5,99.3,,,,,,,,,,0.0,5.1,100.0,0.0
2020-04-05,28.6,31.8,99.3,0.0,7.9,100.0,,,,,,,0.0,5.5,100.0,0.0
2020-04-06,,,,,,,,,,0.0,2.5,58.2,0.0,5.3,100.0,0.0
2020-04-07,,,,0.0,4.8,100.0,,,,0.0,2.0,100.0,0.0,4.5,100.0,0.0
2020-04-08,32.3,33.7,99.1,,,,,,,0.0,0.6,100.0,0.0,4.8,100.0,0.0
2020-04-09,29.1,32.4,99.3,,,,,,,0.0,0.4,100.0,0.0,4.9,100.0,0.0
2020-04-10,23.4,27.8,87.5,0.0,13.9,100.0,0.0,0.5,35.9,0.0,0.1,100.0,0.0,6.5,100.0,0.0
2020-04-11,29.4,31.4,99.1,,,,,,,,,,0.0,6.9,100.0,0.0
2020-04-12,,,,0.0,5.7,100.0,,,,0.0,0.1,100.0,0.0,6.7,100.0,0.0
2020-04-13,,,,,,,,,,,,,0.0,7.1,100.0,0.0
2020-04-14,30.2,30.2,98.6,,,,,,,,,,0.0,9.8,100.0,0.0
2020-04-15,34.1,32.7,99.3,0.0,3.3,100.0,,,,0.0,0.1,100.0,0.0,11.4,100.0,0.0
2020-04-16,24.8,28.1,99.1,,,,,,,,,,0.0,12.7,100.0,0.0
2020-04-17,27.5,30.7,98.4,0.0,2.5,100.0,,,,0.0,0.0,100.0,0.0,9.7,100.0,0.0
2020-04-18,,,,,,,,,,,,,0.0,13.4,100.0,0.0
2020-04-19,,,,,,,,,,0.0,0.0,44.3,0.0,14.6,100.0,0.0
2020-04-20,14.0,21.0,99.3,,,,,,,,,,0.0,14.7,100.0,0.0
2020-04-21,9.6,18.6,99.1,,,,,,,0.0,0.0,100.0,0.0,11.5,100.0,0.0
2020-04-22,5.3,9.9,85.5,0.0,1.6,100.0,,,,0.0,0.0,100.0,0.0,10.8,100.0,0.0
2020-04-23,6.9,14.1,99.3,,,,,,,0.0,0.0,96.1,0.0,9.3,100.0,0.0
2020-04-24,,,,,,,,,,0.0,0.0,100.0,0.0,8.2,100.0,0.0
2020-04-25,,,,,,,,,,0.0,0.0,100.0,0.0,6.0,100.0,0.0
2020-04-26,5.7,9.8,99.3,,,,,,,0.0,0.0,100.0,0.0,4.8,100.0,0.0
2020-04-27,5.0,11.7,99.1,0.0,6.0,100.0,,,,0.0,0.0,100.0,0.0,2.8,100.0,0.0
2020-04-28,5.5,10.3,99.3,,,,,,,0.0,0.0,100.0,0.0,1.7,100.0,0.0
2020-04-29,6.9,14.1,98.6,,,,,,,,,,0.0,1.3,100.0,0.0
2020-04-30,,,,0.0,5.6,100.0,,,,,,,0.0,1.0,100.0,0.0
2020-05-01,,,,,,,,,,,,,0.0,0.6,100.0,0.0
2020-05-02,11.4,18.6,99.3,0.0,6.2,100.0,,,,,,,0.0,0.7,100.0,0.0
2020-05-03,12.8,20.4,99.3,,,,,,,0.0,0.0,55.7,0.0,0.7,100.0,0.0
2020-05-04,13.6,16.8,85.5,,,,0.0,0.0,100.0,,,,0.0,0.8,100.0,0.0
2020-05-05,14.6,17.5,99.3,,,,,,,,,,0.0,0.5,100.0,0.0
2020-05-06,,,,,,,,,,,,,0.0,0.6,100.0,0.0
2020-05-07,,,,0.0,2.4,100.0,,,,,,,0.0,0.4,100.0,0.0
2020-05-08,15.4,17.3,99.1,,,,,,,0.0,0.0,89.3,0.0,0.5,100.0,0.0
2020-05-09,21.1,22.2,99.3,,,,,,,,,,0.0,0.5,100.0,0.0
2020-05-10,20.9,23.9,98.9,,,,,,,,,,0.0,0.5,100.0,0.0
2020-05-11,25.3,26.5,98.9,,,,,,,,,,0.0,0.5,100.0,0.0
2020-05-12,,,,,,,,,,,,,0.0,1.5,100.0,0.0
2020-05-13,,,,,,,,,,,,,0.0,1.5,100.0,0.0
2020-05-14,24.7,25.2,99.3,,,,,,,,,,0.0,1.9,100.0,0.0
2020-05-15,23.6,23.9,99.1,,,,,,,,,,0.0,1.5,100.0,0.0
2020-05-16,25.0,26.6,87.3,,,,,,,,,,0.0,1.8,100.0,0.0
2020-05-17,36.1,35.7,98.9,,,,,,,,,,0.0,1.6,100.0,0.0
2020-05-18,,,,,,,,,,0.0,0.0,31.1,0.0,1.4,100.0,0.0
2020-05-19,,,,,,,,,,,,,0.0,1.8,100.0,0.0
2020-05-20,45.5,43.4,99.3,,,,,,,,,,0.0,3.4,100.0,0.0
2020-05-21,62.9,53.4,99.3,,,,,,,,,,0.0,3.6,100.0,0.0
2020-05-22,87.6,68.3,99.3,0.0,5.0,98.9,,,,,,,0.0,4.5,100.0,0.0
2020-05-23,84.4,69.8,99.3,,,,,,,,,,0.0,6.3,100.0,0.0
2020-05-24,,,,,,,,,,,,,0.0,6.4,100.0,0.0
2020-05-25,,,,,,,,,,,,,0.0,5.6,100.0,0.0
2020-05-26,75.5,64.0,99.3,,,,,,,,,,0.0,4.6,100.0,0.0
2020-05-27,66.6,57.3,99.3,0.0,5.9,63.9,,,,,,,0.0,4.7,100.0,0.0
2020-05-28,36.0,37.4,87.7,,,,,,,,,,0.0,5.1,100.0,0.0
2020-05-29,39.0,38.0,99.1,,,,,,,0.0,0.0,99.8,0.0,3.7,100.0,0.0
2020-05-30,,,,,,,,,,,,,0.0,4.6,100.0,0.0
2020-05-31,,,,,,,,,,,,,0.0,4.2,100.0,0.0
2020-06-01,29.2,29.6,98.9,0.0,11.1,97.7,,,,0.0,0.0,38.2,0.0,4.4,100.0,0.0
2020-06-02,28.4,28.0,99.1,,,,,,,0.0,0.0,100.0,0.0,3.2,100.0,0.0
2020-06-03,15.8,18.0,99.3,,,,,,,,,,0.0,3.4,100.0,0.0
2020-06-04,18.0,21.1,99.8,0.0,19.4,100.0,,,,,,,0.0,3.5,100.0,0.0
2020-06-05,,,,,,,,,,,,,0.0,3.1,100.0,0.0
2020-06-06,,,,0.0,12.7,94.8,,,,,,,0.0,2.8,100.0,0.0
2020-06-07,11.8,16.2,99.8,,,,,,,0.0,0.0,100.0,0.0,1.9,100.0,0.0
2020-06-08,13.9,17.7,99.8,,,,,,,,,,0.0,2.5,100.0,0.0
2020-06-09,13.5,17.7,87.3,,,,,,,,,,0.0,2.3,100.0,0.0
2020-06-10,28.1,27.1,99.5,,,,,,,,,,0.0,2.9,100.0,0.0
2020-06-11,,,,0.5,10.0,90.0,,,,0.0,0.0,100.0,0.0,1.6,100.0,0.0
2020-06-12,,,,,,,,,,0.0,0.0,100.0,0.0,1.9,100.0,0.0
2020-06-13,18.7,18.6,99.5,,,,,,,0.0,0.0,100.0,0.0,1.6,100.0,0.0
2020-06-14,24.4,22.6,99.5,,,,,,,,,,0.0,1.9,100.0,0.0
2020-06-15,18.9,19.0,99.5,,,,,,,,,,0.0,1.1,100.0,0.0
2020-06-16,,,,,,,,,,,,,0.0,1.5,100.0,0.0
2020-06-17,,,,,,,,,,,,,0.0,2.2,100.0,0.0
2020-06-18,,,,,,,,,,,,,0.0,2.2,100.0,0.0
2020-06-19,24.6,22.8,99.8,,,,,,,,,,0.0,1.2,100.0,0.0
2020-06-20,16.6,16.3,99.8,,,,,,,,,,0.0,1.7,100.0,0.0
2020-06-21,,,,,,,,,,,,,0.0,1.9,100.0,0.0
2020-06-22,17.3,18.8,99.8,,,,,,,0.0,0.0,100.0,0.0,1.9,100.0,0.0
2020-06-23,,,,,,,,,,0.0,0.0,100.0,0.0,1.2,100.0,0.0
2020-06-24,,,,,,,,,,,,,0.0,2.0,100.0,0.0
2020-06-25,16.5,19.1,99.3,,,,,,,,,,0.0,2.0,100.0,0.0
2020-06-26,28.5,27.7,99.8,0.3,8.1,90.5,,,,0.0,0.0,100.0,0.0,2.3,100.0,0.0
2020-06-27,33.6,33.5,99.3,,,,,,,0.0,0.0,98.4,0.0,1.2,100.0,0.0
2020-06-28,37.1,34.8,99.8,,,,,,,,,,0.0,1.8,100.0,0.0
2020-06-29,,,,,,,,,,,,,0.0,1.8,100.0,0.0
2020-06-30,,,,,,,,,,,,,0.0,2.6,100.0,0.0
2020-07-01,34.5,33.0,99.5,3.9,8.1,99.8,,,,0.0,0.0,100.0,0.0,1.3,100.0,0.0
2020-07-02,38.1,34.6,99.1,,,,,,,,,,0.0,1.8,100.0,0.0
2020-07-03,40.8,39.3,85.7,,,,,,,,,,0.0,1.9,100.0,0.0
2020-07-04,45.6,40.3,99.8,,,,,,,,,,0.0,2.9,100.0,0.0
2020-07-05,,,,,,,,,,0.0,0.0,100.0,0.0,1.5,100.0,0.0
2020-07-06,,,,,,,,,,0.0,0.0,100.0,0.0,1.8,100.0,0.0
2020-07-07,46.5,42.0,99.8,,,,,,,,,,0.0,2.3,100.0,0.0
2020-07-08,51.9,46.6,99.8,,,,,,,,,,0.0,2.7,100.0,0.0
2020-07-09,50.2,46.1,99.5,0.0,5.3,100.0,,,,0.0,0.0,100.0,0.0,0.9,100.0,0.0
2020-07-10,34.0,34.8,99.5,,,,,,,0.0,0.0,100.0,0.0,0.5,100.0,0.0
2020-07-11,,,,,,,,,,,,,0.0,0.6,100.0,0.0
2020-07-12,,,,,,,,,,,,,0.0,0.6,100.0,0.0
2020-07-13,32.8,33.5,99.8,,,,,,,,,,0.0,0.5,100.0,0.0
2020-07-14,31.9,33.3,99.8,0.0,5.2,74.5,,,,,,,0.0,0.4,100.0,0.0
2020-07-15,34.7,37.0,87.0,,,,,,,,,,0.0,0.3,100.0,0.0
2020-07-16,31.4,35.3,99.8,,,,,,,,,,0.0,0.2,100.0,0.0
2020-07-17,,,,,,,,,,,,,0.0,0.1,100.0,0.0
2020-07-18,,,,,,,,,,,,,0.0,0.0,100.0,0.0
2020-07-19,31.0,32.7,99.8,,,,,,,,,,0.0,0.0,100.0,0.0
2020-07-20,35.2,35.9,99.5,,,,,,,,,,0.0,0.0,100.0,0.0
2020-07-21,31.4,33.1,99.8,0.0,2.2,100.0,,,,,,,0.0,0.0,100.0,0.0
2020-07-22,24.8,28.6,99.8,,,,,,,,,,0.0,0.0,100.0,0.0
2020-07-23,,,,,,,0.0,0.0,100.0,,,,0.0,0.0,100.0,0.0
2020-07-24,,,,,,,,,,,,,0.0,0.0,100.0,0.0
2020-07-25,23.9,25.2,99.1,,,,,,,,,,0.0,0.0,100.0,0.0
2020-07-26,23.9,26.1,99.8,,,,,,,,,,0.0,0.0,100.0,0.0
2020-07-27,22.6,24.5,89.3,,,,,,,0.0,0.0,100.0,0.0,0.0,100.0,0.0
2020-07-28,23.2,24.3,99.8,,,,,,,,,,0.0,0.0,100.0,0.0
2020-07-29,,,,,,,,,,,,,0.0,0.0,100.0,0.0
2020-07-30,,,,,,,,,,,,,0.0,0.0,100.0,0.0
2020-07-31,19.3,20.3,99.1,0.0,2.8,100.0,,,,0.0,0.0,100.0,0.0,0.0,100.0,0.0
2020-08-01,20.9,21.2,99.1,,,,,,,,,,0.0,0.0,100.0,0.0
2020-08-02,21.7,23.2,98.6,,,,,,,,,,0.0,0.0,100.0,0.0
2020-08-03,22.5,23.1,99.1,,,,,,,,,,0.0,0.0,100.0,0.0
2020-08-04,,,,,,,,,,,,,0.0,0.0,100.0,0.0
2020-08-05,,,,,,,,,,,,,0.0,0.0,100.0,0.0
2020-08-06,25.9,28.2,99.1,,,,,,,0.0,0.0,100.0,0.0,0.0,100.0,0.0
2020-08-07,27.1,29.6,99.1,,,,,,,0.0,0.0,100.0,0.0,0.0,100.0,0.0
2020-08-08,39.2,39.2,88.2,0.0,10.0,100.0,0.0,0.0,100.0,0.0,0.0,100.0,0.0,0.0,100.0,0.0
2020-08-09,50.1,46.8,98.9,,,,0.0,0.0,49.1,0.0,0.0,100.0,0.0,0.0,100.0,0.0
2020-08-10,,,,0.0,12.2,100.0,,,,0.0,0.0,100.0,0.0,0.0,100.0,0.0
2020-08-11,,,,,,,,,,,,,0.0,0.0,100.0,0.0
2020-08-12,63.3,54.1,99.1,,,,,,,0.0,0.0,100.0,0.0,0.0,100.0,0.0
2020-08-13,80.7,61.4,99.1,2.3,30.7,88.9,,,,0.0,0.0,45.7,0.0,0.0,100.0,0.0
2020-08-14,74.4,57.6,97.7,,,,,,,,,,0.0,0.0,100.0,0.0
2020-08-15,55.6,49.2,97.7,,,,,,,,,,0.0,0.0,100.0,0.0
2020-08-16,,,,,,,,,,,,,0.0,0.0,100.0,0.0
2020-08-17,,,,,,,,,,0.0,0.0,96.4,0.0,0.0,100.0,0.0
2020-08-18,44.0,42.5,97.7,,,,,,,,,,0.0,0.0,100.0,0.0
2020-08-19,47.4,44.2,97.7,,,,,,,0.0,0.0,48.6,0.0,0.0,100.0,0.0
2020-08-20,34.0,32.0,85.0,0.0,5.9,100.0,,,,0.0,0.0,100.0,0.0,0.0,100.0,0.0
2020-08-21,35.0,33.8,97.3,,,,,,,0.0,0.0,100.0,0.0,0.0,100.0,0.0
2020-08-22,,,,,,,,,,0.0,0.0,100.0,0.0,0.0,100.0,0.0
2020-08-23,,,,0.0,9.2,97.7,,,,,,,0.0,0.0,100.0,0.0
2020-08-24,35.3,33.0,97.7,,,,,,,,,,0.0,0.0,100.0,0.0
2020-08-25,38.4,36.3,97.7,0.0,4.8,100.0,,,,,,,0.0,0.0,100.0,0.0
2020-08-26,25.8,27.7,97.7,,,,,,,,,,0.0,0.0,100.0,0.0
2020-08-27,22.1,25.4,97.7,,,,,,,0.0,0.0,82.5,0.0,0.0,100.0,0.0
2020-08-28,,,,0.0,3.9,100.0,,,,,,,0.0,0.0,100.0,0.0
2020-08-29,,,,,,,,,,,,,0.0,0.0,100.0,0.0
2020-08-30,25.8,25.9,97.7,,,,,,,,,,0.0,0.0,100.0,0.0
2020-08-31,30.0,30.6,97.7,,,,,,,,,,0.0,0.0,100.0,0.0
2020-09-01,22.5,23.2,86.8,,,,,,,,,,0.0,0.0,100.0,0.0
2020-09-02,23.0,23.6,97.7,0.0,3.7,61.6,,,,0.0,0.0,100.0,0.0,0.0,100.0,0.0
2020-09-03,,,,,,,,,,,,,0.0,0.0,100.0,0.0
2020-09-04,,,,,,,,,,,,,0.0,0.0,100.0,0.0
2020-09-05,20.5,19.8,97.7,,,,,,,,,,0.0,0.0,100.0,0.0
2020-09-06,22.6,22.8,97.7,,,,,,,0.0,0.0,99.1,0.0,0.0,100.0,0.0
2020-09-07,21.0,20.8,97.5,,,,,,,,,,0.0,0.0,100.0,0.0
2020-09-08,17.7,17.9,97.7,,,,,,,,,,0.0,0.0,100.0,0.0
2020-09-09,,,,0.0,2.1,100.0,0.0,0.0,100.0,,,,0.0,0.0,100.0,0.0
2020-09-10,,,,,,,,,,,,,0.0,0.0,100.0,0.0
2020-09-11,15.8,17.7,97.7,,,,,,,,,,0.0,0.0,100.0,0.0
2020-09-12,15.8,17.8,97.7,0.0,7.5,100.0,,,,,,,0.0,0.0,100.0,0.0
2020-09-13,15.7,20.5,88.4,,,,,,,,,,0.0,0.0,100.0,0.0
2020-09-14,14.9,18.0,97.5,0.0,8.2,100.0,,,,,,,0.0,0.0,100.0,0.0
2020-09-15,,,,,,,,,,,,,0.0,0.0,100.0,0.0
2020-09-16,,,,,,,,,,,,,0.0,0.0,100.0,0.0
2020-09-17,15.3,20.0,97.7,,,,,,,,,,0.0,0.0,100.0,0.0
2020-09-18,20.5,23.2,97.5,,,,,,,,,,0.0,0.0,100.0,0.0
2020-09-19,16.3,19.4,97.7,1.1,18.4,100.0,,,,,,,0.0,0.1,100.0,0.0
2020-09-20,14.9,16.4,97.7,,,,,,,0.0,0.0,100.0,0.0,0.0,100.0,0.0
2020-09-21,,,,,,,,,,,,,0.0,0.1,100.0,0.0
2020-09-22,,,,0.0,9.5,100.0,,,,,,,0.0,0.0,100.0,0.0
2020-09-23,13.0,14.5,97.7,,,,,,,,,,0.0,0.1,100.0,0.0
2020-09-24,14.4,15.8,97.7,0.0,12.5,83.9,,,,,,,0.0,0.1,100.0,0.0
2020-09-25,10.6,12.3,87.7,,,,,,,,,,0.0,0.2,100.0,0.0
2020-09-26,12.6,14.3,97.7,,,,,,,0.0,0.0,88.4,0.0,0.1,100.0,0.0
2020-09-27,,,,0.0,4.8,100.0,,,,,,,0.0,0.2,100.0,0.0
2020-09-28,,,,,,,,,,,,,0.0,0.2,100.0,0.0
2020-09-29,11.2,12.8,97.5,2.6,16.4,95.5,,,,,,,0.0,0.3,100.0,0.0
2020-09-30,11.6,13.2,97.7,,,,,,,0.0,0.0,100.0,0.0,0.2,100.0,0.0
2020-10-01,11.6,16.6,97.7,,,,,,,0.0,0.0,100.0,0.0,0.2,100.0,0.0
2020-10-02,15.8,19.0,97.7,,,,,,,,,,0.0,0.2,100.0,0.0
2020-10-03,,,,,,,,,,,,,0.0,0.3,100.0,0.0
2020-10-04,,,,0.2,7.5,100.0,,,,,,,0.0,0.3,100.0,0.0
2020-10-05,19.8,26.9,97.7,,,,,,,0.0,0.0,71.4,0.0,0.2,100.0,0.0
2020-10-06,19.3,24.6,97.7,,,,,,,0.0,0.0,58.0,0.0,0.3,100.0,0.0
2020-10-07,32.4,33.0,87.7,,,,,,,,,,0.0,0.3,100.0,0.0
2020-10-08,38.8,35.6,99.1,,,,,,,0.0,0.0,100.0,0.0,0.3,100.0,0.0
2020-10-09,,,,0.0,7.6,100.0,,,,0.0,0.0,100.0,0.0,0.3,100.0,0.0
2020-10-10,,,,,,,,,,0.0,0.0,100.0,0.0,0.3,100.0,0.0
2020-10-11,45.0,41.0,99.1,,,,,,,,,,0.0,0.4,100.0,0.0
2020-10-12,34.0,34.8,98.9,,,,,,,,,,0.0,0.4,100.0,0.0
2020-10-13,28.9,33.3,99.1,,,,,,,,,,0.0,0.5,100.0,0.0
2020-10-14,37.6,38.5,99.1,,,,,,,0.0,0.0,100.0,0.0,0.4,100.0,0.0
2020-10-15,,,,,,,,,,,,,0.0,0.5,100.0,0.0
2020-10-16,,,,,,,,,,,,,0.0,0.6,100.0,0.0
2020-10-17,23.9,31.6,99.1,,,,,,,,,,0.0,0.7,100.0,0.0
2020-10-18,22.2,30.2,99.1,,,,,,,,,,0.0,0.7,100.0,0.0
2020-10-19,17.8,25.3,86.6,,,,,,,,,,0.0,0.7,100.0,0.0
2020-10-20,18.6,27.1,99.1,,,,,,,,,,0.0,0.7,100.0,0.0
2020-10-21,,,,,,,,,,,,,0.0,0.8,100.0,0.0
2020-10-22,,,,0.5,12.8,100.0,,,,0.0,0.0,100.0,0.0,0.6,100.0,0.0
2020-10-23,16.5,22.5,99.1,,,,,,,,,,0.0,0.7,100.0,0.0
2020-10-24,12.8,19.5,99.1,,,,,,,,,,0.0,0.6,100.0,0.0
2020-10-25,14.9,22.5,99.1,,,,,,,,,,0.0,0.7,100.0,0.0
2020-10-26,14.9,22.2,99.1,,,,,,,,,,0.0,0.6,100.0,0.0
2020-10-27,,,,,,,,,,,,,0.0,0.6,100.0,0.0
2020-10-28,,,,,,,,,,0.0,0.1,100.0,0.0,0.6,100.0,0.0
2020-10-29,25.2,29.2,99.1,,,,,,,,,,0.0,0.7,100.0,0.0
2020-10-30,16.5,24.0,99.1,,,,,,,,,,0.0,0.7,100.0,0.0
2020-10-31,36.0,36.0,85.2,,,,,,,0.0,0.1,100.0,0.0,0.6,100.0,0.0
2020-11-01,58.9,48.3,99.1,,,,,,,,,,0.0,0.7,100.0,0.0
2020-11-02,,,,,,,,,,,,,0.0,0.7,100.0,0.0
2020-11-03,,,,,,,,,,,,,0.0,0.9,100.0,0.0
2020-11-04,75.5,57.2,99.1,,,,,,,,,,0.0,0.9,100.0,0.0
2020-11-05,75.6,54.9,98.9,,,,,,,,,,0.0,1.2,100.0,0.0
2020-11-06,81.0,57.8,99.1,3.6,23.2,100.0,,,,0.0,0.3,100.0,0.0,1.0,100.0,0.0
2020-11-07,94.3,66.9,99.1,,,,,,,,,,0.0,1.4,100.0,0.0
2020-11-08,,,,69.8,50.9,100.0,,,,,,,0.0,1.4,100.0,0.0
2020-11-09,,,,,,,,,,,,,0.0,1.8,100.0,0.0
2020-11-10,97.2,69.9,99.1,,,,,,,,,,0.0,2.1,100.0,0.0
2020-11-11,92.9,67.1,99.1,,,,,,,,,,0.0,2.6,100.0,0.0
2020-11-12,87.8,60.5,85.9,,,,,,,,,,0.0,2.7,100.0,0.0
2020-11-13,95.4,66.8,99.1,,,,,,,,,,0.0,3.3,100.0,0.0
2020-11-14,,,,,,,,,,,,,0.0,2.4,100.0,0.0
2020-11-15,,,,,,,,,,,,,0.0,3.3,100.0,0.0
2020-11-16,82.6,59.8,99.1,,,,,,,,,,0.0,4.0,100.0,0.0
2020-11-17,84.6,58.0,99.1,,,,,,,,,,0.0,4.7,100.0,0.0
2020-11-18,65.8,49.0,99.1,78.2,69.7,100.0,,,,,,,0.0,4.6,100.0,0.0
2020-11-19,51.8,43.0,99.1,,,,,,,,,,0.0,5.1,100.0,0.0
2020-11-20,,,,,,,,,,,,,0.0,5.5,100.0,0.0
2020-11-21,,,,77.5,68.4,100.0,,,,,,,0.0,6.1,100.0,0.0
2020-11-22,32.0,35.8,98.9,,,,,,,,,,0.0,6.5,100.0,0.0
2020-11-23,19.5,27.5,99.1,,,,,,,,,,0.0,7.2,100.0,0.0
2020-11-24,15.8,27.5,85.0,,,,,,,,,,0.0,8.4,100.0,0.0
2020-11-25,22.5,28.7,99.1,,,,,,,,,,0.0,10.2,100.0,0.0
2020-11-26,,,,,,,,,,,,,0.0,11.1,100.0,0.0
2020-11-27,,,,,,,,,,,,,0.0,11.5,100.0,0.0
2020-11-28,19.7,27.4,99.1,,,,,,,,,,0.0,13.0,100.0,0.0
2020-11-29,23.6,29.3,99.1,,,,,,,0.0,2.9,100.0,0.0,12.3,100.0,0.0
2020-11-30,46.4,40.2,98.4,,,,,,,,,,0.0,14.0,100.0,0.0
2020-12-01,69.9,51.8,98.9,83.9,80.3,100.0,,,,,,,0.0,16.2,100.0,0.0
2020-12-02,,,,,,,,,,,,,0.0,15.4,100.0,0.0
2020-12-03,,,,,,,,,,,,,0.2,17.7,100.0,0.2
2020-12-04,82.8,62.2,99.1,,,,,,,,,,1.1,21.1,100.0,1.1
2020-12-05,79.4,58.0,99.1,,,,,,,,,,1.1,26.0,100.0,1.1
2020-12-06,90.5,65.3,85.9,,,,,,,,,,1.4,26.2,100.0,1.4
2020-12-07,94.0,69.9,98.9,,,,,,,,,,2.5,28.7,100.0,2.5
2020-12-08,,,,,,,,,,0.0,8.4,59.3,3.9,31.4,100.0,3.9
2020-12-09,,,,,,,,,,,,,12.5,39.6,100.0,12.5
2020-12-10,92.2,66.9,99.1,,,,,,,,,,10.0,41.1,100.0,10.0
2020-12-11,87.8,61.9,99.1,,,,,,,,,,15.9,41.9,100.0,15.9
2020-12-12,80.0,57.1,99.1,,,,,,,,,,24.5,48.9,100.0,24.5
2020-12-13,80.4,57.6,98.6,,,,,,,,,,46.6,56.3,100.0,46.6
2020-12-14,,,,,,,3.6,8.8,100.0,0.0,6.7,100.0,55.7,59.3,100.0,55.7
2020-12-15,,,,,,,,,,0.0,13.6,100.0,67.5,62.6,100.0,67.5
2020-12-16,75.9,56.7,98.9,,,,,,,,,,89.8,71.6,100.0,89.8
2020-12-17,73.1,54.1,98.9,,,,,,,,,,97.5,77.8,100.0,97.5
2020-12-18,70.5,53.5,86.4,,,,,,,0.0,18.5,100.0,98.4,82.6,100.0,98.4
2020-12-19,77.9,56.7,98.9,,,,,,,0.0,24.2,100.0,98.4,83.8,100.0,98.4
2020-12-20,,,,,,,,,,,,,99.1,86.9,100.0,99.1
2020-12-21,,,,,,,,,,0.0,23.4,100.0,99.1,88.7,100.0,99.1
2020-12-22,88.5,63.9,98.9,,,,,,,,,,99.8,91.1,100.0,99.8
2020-12-23,86.5,61.2,99.1,,,,,,,,,,99.1,90.8,100.0,99.1
2020-12-24,88.7,62.5,98.6,,,,,,,,,,99.1,91.4,100.0,99.1
2020-12-25,91.0,64.9,98.9,,,,,,,,,,99.3,93.2,100.0,99.3
2020-12-26,,,,87.0,83.9,100.0,,,,,,,99.1,94.3,100.0,99.1
2020-12-27,,,,,,,,,,,,,99.1,94.5,100.0,99.1
2020-12-28,95.6,70.6,98.9,,,,,,,,,,97.7,94.4,100.0,97.7
2020-12-29,84.4,59.9,99.1,,,,,,,13.2,36.9,100.0,98.2,94.9,100.0,98.2
2020-12-30,86.8,61.5,84.5,,,,,,,,,,98.0,95.5,100.0,98.0
2020-12-31,71.0,54.9,98.9,96.6,96.5,100.0,,,,,,,97.7,95.9,100.0,97.7
2021-01-01,,,,,,,,,,,,,100.0,98.1,100.0,100.0
2021-01-02,,,,,,,,,,,,,100.0,98.2,100.0,100.0
2021-01-03,70.4,55.0,99.3,,,,,,,,,,100.0,98.8,100.0,100.0
2021-01-04,68.2,51.9,99.5,,,,,,,,,,100.0,98.9,100.0,100.0
2021-01-05,,,,,,,,,,,,,100.0,99.0,100.0,100.0
2021-01-06,80.5,57.3,99.5,,,,,,,,,,100.0,99.2,100.0,100.0
2021-01-07,,,,100.0,100.0,100.0,,,,,,,100.0,99.5,100.0,100.0
2021-01-08,,,,,,,,,,,,,100.0,99.4,100.0,100.0
2021-01-09,93.5,66.0,94.9,,,,,,,,,,100.0,99.5,100.0,100.0
2021-01-10,95.9,67.2,94.9,,,,,,,,,,100.0,99.5,100.0,100.0
2021-01-11,98.0,75.1,86.8,,,,,,,,,,100.0,99.7,100.0,100.0
2021-01-12,97.7,79.5,94.6,,,,,,,,,,100.0,99.7,100.0,100.0
2021-01-13,,,,,,,,,,,,,100.0,99.7,100.0,100.0
2021-01-14,,,,,,,,,,,,,100.0,99.7,100.0,100.0
2021-01-15,99.5,84.7,94.9,,,,,,,,,,100.0,99.8,100.0,100.0
2021-01-16,99.2,85.0,94.9,,,,,,,,,,100.0,99.8,100.0,100.0
2021-01-17,99.2,85.5,94.9,100.0,100.0,100.0,,,,,,,100.0,99.9,100.0,100.0
2021-01-18,99.2,85.7,94.9,,,,,,,,,,100.0,99.8,100.0,100.0
2021-01-19,,,,,,,,,,,,,100.0,99.8,100.0,100.0
2021-01-20,,,,100.0,100.0,100.0,,,,,,,100.0,99.8,100.0,100.0
2021-01-21,99.7,86.6,94.9,,,,,,,,,,100.0,99.7,100.0,100.0
2021-01-22,99.7,83.8,94.9,94.4,87.8,100.0,,,,,,,100.0,99.7,100.0,100.0
2021-01-23,100.0,86.5,87.0,,,,,,,,,,100.0,99.6,100.0,100.0
2021-01-24,99.7,81.6,94.9,,,,,,,,,,100.0,99.5,100.0,100.0
2021-01-25,,,,100.0,98.4,100.0,,,,95.1,65.1,99.3,100.0,99.4,100.0,100.0
2021-01-26,,,,,,,,,,99.8,75.3,100.0,100.0,99.3,100.0,100.0
2021-01-27,99.7,85.8,94.9,99.5,97.8,93.4,,,,99.8,80.6,100.0,100.0,99.2,100.0,100.0
2021-01-28,99.7,80.4,94.6,,,,,,,,,,100.0,99.0,100.0,100.0
2021-01-29,,,,,,,,,,,,,100.0,98.6,100.0,100.0
2021-01-30,,,,98.0,93.6,100.0,,,,,,,100.0,98.6,100.0,100.0
2021-01-31,,,,,,,,,,,,,100.0,98.3,100.0,100.0
2021-02-01,,,,100.0,98.4,100.0,,,,,,,100.0,98.3,100.0,100.0
2021-02-02,100.0,82.8,94.9,,,,,,,,,,100.0,97.7,100.0,100.0
2021-02-03,92.0,62.0,94.9,,,,,,,100.0,92.4,89.5,100.0,97.2,100.0,100.0
2021-02-04,80.3,62.6,87.3,92.2,88.2,100.0,,,,100.0,93.5,100.0,100.0,96.9,100.0,100.0
2021-02-05,,,,,,,,,,,,,100.0,95.5,100.0,100.0
2021-02-06,,,,,,,,,,,,,100.0,94.6,100.0,100.0
2021-02-07,,,,,,,,,,,,,99.5,93.1,100.0,99.5
2021-02-08,55.8,46.2,94.9,,,,,,,,,,99.5,92.4,100.0,99.5
2021-02-09,73.6,61.2,94.9,,,,,,,,,,99.3,90.4,100.0,99.3
2021-02-10,43.9,40.0,94.9,,,,,,,,,,98.5,88.7,100.0,98.5
2021-02-11,42.1,39.5,94.9,90.4,87.1,100.0,,,,100.0,95.7,100.0,98.0,87.4,100.0,98.0
2021-02-12,,,,,,,,,,100.0,96.5,100.0,97.8,85.8,100.0,97.8
2021-02-13,,,,,,,,,,100.0,97.3,100.0,98.0,85.5,100.0,98.0
2021-02-14,27.9,29.9,94.9,83.8,71.2,100.0,,,,,,,97.5,86.4,100.0,97.5
2021-02-15,37.5,37.6,94.9,,,,,,,,,,97.5,84.4,100.0,97.5
2021-02-16,24.9,28.8,86.8,87.5,80.8,100.0,,,,100.0,96.5,100.0,97.3,84.0,100.0,97.3
2021-02-17,27.7,32.6,93.9,,,,,,,,,,96.6,81.0,100.0,96.6
2021-02-18,,,,,,,,,,99.8,94.5,100.0,94.1,78.7,100.0,94.1
2021-02-19,,,,63.6,52.3,78.2,,,,99.8,93.8,100.0,90.7,75.5,100.0,90.7
2021-02-20,23.3,27.1,94.9,,,,,,,99.8,88.5,100.0,83.8,70.4,100.0,83.8
2021-02-21,29.5,32.8,94.9,,,,,,,96.6,80.6,100.0,70.1,65.4,100.0,70.1
2021-02-22,31.5,33.1,94.9,,,,,,,92.4,71.3,100.0,65.0,63.0,100.0,65.0
2021-02-23,,,,,,,,,,,,,45.1,56.1,100.0,45.1
2021-02-24,,,,1.7,23.5,100.0,0.0,3.6,77.7,,,,31.9,51.8,100.0,31.9
2021-02-25,,,,,,,,,,77.7,62.4,100.0,13.7,43.3,100.0,13.7
2021-02-26,36.4,36.9,94.9,0.0,10.7,100.0,,,,,,,15.0,43.0,100.0,15.0
2021-02-27,29.7,32.8,94.9,,,,,,,,,,11.8,38.3,100.0,11.8
2021-02-28,16.5,23.3,86.0,,,,,,,,,,12.7,40.4,100.0,12.7
2021-03-01,18.9,23.8,94.9,0.0,7.8,100.0,,,,58.8,49.8,100.0,9.8,35.6,100.0,9.8
2021-03-02,,,,,,,,,,52.9,48.7,100.0,8.8,35.7,100.0,8.8
2021-03-03,,,,0.0,10.5,100.0,,,,38.5,42.2,100.0,6.9,34.1,100.0,6.9
2021-03-04,17.3,21.6,94.9,,,,,,,,,,11.3,41.6,100.0,11.3
2021-03-05,11.7,16.0,94.6,,,,,,,,,,9.3,38.9,100.0,9.3
2021-03-06,7.8,11.0,94.9,0.0,5.0,100.0,,,,,,,8.3,38.6,100.0,8.3
2021-03-07,8.3,10.9,94.9,,,,,,,42.2,43.4,100.0,7.4,35.3,100.0,7.4
2021-03-08,,,,,,,,,,23.0,37.4,100.0,8.6,38.8,100.0,8.6
2021-03-09,,,,,,,,,,,,,8.1,37.4,100.0,8.1
2021-03-10,9.3,11.3,94.6,,,,,,,23.3,34.9,100.0,12.3,39.9,100.0,12.3
2021-03-11,9.0,12.5,94.9,,,,,,,1.7,20.7,100.0,11.8,39.7,100.0,11.8
2021-03-12,6.6,10.8,85.8,,,,,,,3.4,20.0,100.0,14.2,42.8,100.0,14.2
2021-03-13,16.0,24.4,94.9,0.0,3.0,100.0,,,,,,,14.0,42.9,100.0,14.0
2021-03-14,,,,,,,,,,,,,10.8,41.2,100.0,10.8
2021-03-15,,,,,,,,,,,,,8.3,41.7,100.0,8.3
2021-03-16,17.3,25.5,94.9,,,,,,,0.0,11.8,100.0,5.4,41.4,100.0,5.4
2021-03-17,28.9,34.0,94.9,,,,,,,,,,8.3,44.2,100.0,8.3
2021-03-18,25.1,31.8,94.9,,,,,,,0.0,11.8,100.0,5.6,42.8,100.0,5.6
2021-03-19,55.8,46.3,94.9,,,,,,,,,,19.4,50.2,100.0,19.4
2021-03-20,,,,,,,,,,,,,17.9,50.5,100.0,17.9
2021-03-21,,,,,,,,,,,,,19.4,52.1,100.0,19.4
2021-03-22,57.1,47.7,94.9,,,,,,,,,,2.0,39.7,100.0,2.0
2021-03-23,68.7,54.1,94.9,,,,,,,,,,1.5,36.3,100.0,1.5
2021-03-24,37.7,35.3,87.0,,,,,,,0.0,2.3,100.0,1.0,32.4,100.0,1.0
2021-03-25,36.7,37.5,94.9,,,,,,,,,,1.0,36.7,100.0,1.0
2021-03-26,,,,0.0,1.6,100.0,,,,0.0,1.7,100.0,0.2,24.5,100.0,0.2
2021-03-27,,,,,,,,,,0.0,1.4,100.0,0.2,20.6,100.0,0.2
2021-03-28,28.0,30.1,94.6,,,,,,,0.0,1.0,100.0,0.2,17.4,100.0,0.2
2021-03-29,27.4,30.1,94.9,,,,,,,,,,0.0,17.5,100.0,0.0
2021-03-30,18.1,18.9,94.9,,,,,,,0.0,0.2,100.0,0.0,9.6,100.0,0.0
2021-03-31,17.8,17.1,94.9,0.0,1.2,100.0,,,,0.0,0.1,100.0,0.0,5.7,100.0,0.0
2021-04-01,,,,,,,,,,,,,0.0,4.1,100.0,0.0
2021-04-02,,,,,,,,,,,,,0.0,4.0,100.0,0.0
2021-04-03,14.7,13.5,94.9,,,,,,,,,,0.0,3.7,100.0,0.0
2021-04-04,16.8,15.3,94.9,,,,,,,,,,0.0,3.7,100.0,0.0
2021-04-05,9.3,9.4,87.0,0.0,0.6,100.0,0.0,0.1,100.0,0.0,0.1,62.3,0.0,2.7,100.0,0.0
2021-04-06,9.6,9.9,94.6,,,,,,,,,,0.0,3.0,100.0,0.0
2021-04-07,,,,,,,,,,,,,0.0,2.8,100.0,0.0
2021-04-08,,,,,,,,,,,,,0.0,2.6,100.0,0.0
2021-04-09,9.3,8.6,94.9,,,,,,,0.0,0.1,60.5,0.0,2.2,100.0,0.0
2021-04-10,9.8,9.9,94.9,,,,,,,,,,0.0,2.1,100.0,0.0
2021-04-11,6.7,7.5,94.6,,,,,,,,,,0.0,2.0,100.0,0.0
2021-04-12,7.0,8.6,94.6,,,,,,,,,,0.0,2.2,100.0,0.0
2021-04-13,,,,,,,,,,,,,0.0,3.8,100.0,0.0
2021-04-14,,,,,,,,,,,,,0.0,4.4,100.0,0.0
2021-04-15,9.9,10.5,98.8,,,,,,,,,,0.0,5.5,100.0,0.0
2021-04-16,11.2,13.0,98.8,,,,,,,,,,0.0,5.1,100.0,0.0
2021-04-17,10.7,12.5,91.4,,,,,,,,,,0.0,5.7,100.0,0.0
2021-04-18,13.9,18.5,98.8,,,,,,,,,,0.0,4.4,100.0,0.0
2021-04-19,,,,,,,,,,,,,0.0,4.6,100.0,0.0
2021-04-20,,,,,,,,,,,,,0.0,4.0,100.0,0.0
2021-04-21,13.9,18.0,98.8,,,,0.0,0.2,31.1,0.0,0.0,100.0,0.0,5.4,100.0,0.0
2021-04-22,14.9,18.7,98.8,,,,,,,,,,0.0,5.6,100.0,0.0
2021-04-23,11.5,14.1,98.3,,,,,,,,,,0.0,5.8,100.0,0.0
2021-04-24,14.1,17.8,98.8,,,,,,,0.0,0.0,100.0,0.0,5.8,100.0,0.0
2021-04-25,,,,0.0,1.5,32.1,,,,,,,0.0,6.4,100.0,0.0
2021-04-26,,,,,,,,,,,,,0.0,5.4,100.0,0.0
2021-04-27,16.1,17.7,98.8,,,,,,,,,,0.0,5.8,100.0,0.0
2021-04-28,17.7,19.7,98.5,,,,,,,,,,0.0,8.2,100.0,0.0
2021-04-29,11.3,13.5,89.0,,,,,,,,,,0.0,9.3,100.0,0.0
2021-04-30,14.9,16.6,98.8,,,,,,,,,,0.0,8.7,100.0,0.0
2021-05-01,,,,,,,,,,,,,0.0,6.4,100.0,0.0
2021-05-02,,,,,,,,,,,,,0.0,7.4,100.0,0.0
2021-05-03,14.4,16.1,98.8,,,,,,,,,,0.0,9.9,100.0,0.0
2021-05-04,17.4,19.2,98.8,,,,,,,0.0,0.0,100.0,0.0,8.2,100.0,0.0
2021-05-05,13.9,16.4,98.8,0.0,2.7,57.6,,,,,,,0.0,7.3,100.0,0.0
2021-05-06,22.8,23.0,98.8,,,,,,,,,,0.0,8.5,100.0,0.0
2021-05-07,,,,,,,,,,,,,0.0,10.6,100.0,0.0
2021-05-08,,,,,,,,,,0.0,0.0,38.5,0.0,9.7,100.0,0.0
2021-05-09,30.1,27.2,98.5,,,,,,,0.0,0.0,77.9,0.0,6.3,100.0,0.0
2021-05-10,37.0,34.6,98.8,0.0,1.0,100.0,,,,0.0,0.0,100.0,0.0,4.1,100.0,0.0
2021-05-11,32.0,28.4,90.4,,,,,,,,,,0.0,4.1,100.0,0.0
2021-05-12,33.8,29.6,98.5,,,,,,,,,,0.0,6.1,100.0,0.0
2021-05-13,,,,,,,,,,,,,0.0,4.3,100.0,0.0
2021-05-14,,,,,,,,,,,,,0.0,4.4,100.0,0.0
2021-05-15,29.0,26.2,98.8,,,,,,,,,,0.0,3.3,100.0,0.0
2021-05-16,32.8,30.0,98.8,,,,,,,,,,0.0,6.0,100.0,0.0
2021-05-17,29.8,27.6,98.8,,,,,,,,,,0.0,3.9,100.0,0.0
2021-05-18,31.8,30.5,98.8,,,,,,,,,,0.0,2.4,100.0,0.0
2021-05-19,,,,,,,,,,,,,0.0,2.2,100.0,0.0
2021-05-20,,,,0.0,3.6,100.0,,,,,,,0.0,6.5,100.0,0.0
2021-05-21,39.2,36.0,98.8,,,,,,,,,,0.0,5.0,100.0,0.0
2021-05-22,50.1,45.0,98.8,,,,,,,,,,0.0,4.9,100.0,0.0
2021-05-23,36.0,34.4,91.2,,,,,,,,,,0.0,2.8,100.0,0.0
2021-05-24,29.8,30.2,98.8,,,,,,,,,,0.0,4.4,100.0,0.0
2021-05-25,,,,,,,,,,,,,0.0,2.1,100.0,0.0
2021-05-26,,,,,,,,,,0.0,0.0,100.0,0.0,1.8,100.0,0.0
2021-05-27,20.8,23.2,98.8,,,,,,,,,,0.0,1.6,100.0,0.0
2021-05-28,20.8,23.1,98.8,,,,,,,,,,0.0,1.5,100.0,0.0
2021-05-29,18.6,21.8,98.8,,,,,,,0.0,0.0,91.9,0.0,1.1,100.0,0.0
2021-05-30,15.1,19.0,98.8,,,,,,,,,,0.0,1.3,100.0,0.0
2021-05-31,,,,,,,,,,,,,0.0,0.8,100.0,0.0
2021-06-01,,,,0.0,1.6,74.3,,,,,,,0.0,0.5,100.0,0.0
2021-06-02,19.6,21.2,98.8,,,,,,,,,,0.0,0.4,100.0,0.0
2021-06-03,18.6,20.5,98.8,,,,,,,,,,0.0,0.4,100.0,0.0
2021-06-04,29.1,31.6,91.9,0.0,3.2,47.3,,,,,,,0.0,0.2,100.0,0.0
2021-06-05,36.6,36.0,98.5,,,,,,,,,,0.0,0.1,100.0,0.0
2021-06-06,,,,,,,,,,,,,0.0,0.1,100.0,0.0
2021-06-07,,,,,,,,,,,,,0.0,0.1,100.0,0.0
2021-06-08,49.9,46.4,98.8,,,,0.0,0.0,100.0,0.0,0.0,100.0,0.0,0.1,100.0,0.0
2021-06-09,55.1,49.6,98.8,,,,0.0,0.0,44.6,,,,0.0,0.1,100.0,0.0
2021-06-10,88.1,64.9,98.5,,,,,,,,,,0.0,0.1,100.0,0.0
2021-06-11,74.9,58.3,98.8,0.0,4.5,100.0,,,,,,,0.0,0.1,100.0,0.0
2021-06-12,,,,,,,,,,,,,0.0,0.2,100.0,0.0
2021-06-13,,,,,,,,,,,,,0.0,0.2,100.0,0.0
2021-06-14,76.2,58.5,98.8,0.0,4.6,100.0,,,,0.0,0.0,100.0,0.0,0.2,100.0,0.0
2021-06-15,57.1,48.6,98.8,,,,,,,,,,0.0,0.4,100.0,0.0
2021-06-16,64.1,51.8,90.7,0.0,3.6,100.0,,,,,,,0.0,0.6,100.0,0.0
2021-06-17,48.4,43.8,98.8,,,,,,,0.0,0.0,100.0,0.0,0.7,100.0,0.0
2021-06-18,,,,,,,,,,,,,0.0,0.8,100.0,0.0
2021-06-19,,,,,,,,,,,,,0.0,1.0,100.0,0.0
2021-06-20,44.7,41.0,98.8,,,,,,,,,,0.0,1.4,100.0,0.0
2021-06-21,34.2,32.3,98.8,0.0,3.9,100.0,,,,0.0,0.0,100.0,0.0,1.3,100.0,0.0
2021-06-22,28.4,28.1,98.5,,,,,,,0.0,0.0,100.0,0.0,1.0,100.0,0.0
2021-06-23,23.8,25.2,98.8,,,,,,,0.0,0.0,100.0,0.0,1.1,100.0,0.0
2021-06-24,,,,,,,,,,,,,0.0,1.2,100.0,0.0
2021-06-25,,,,,,,,,,,,,0.0,1.6,100.0,0.0
2021-06-26,29.3,27.4,98.8,0.0,2.3,89.5,,,,0.0,0.0,100.0,0.0,0.5,100.0,0.0
2021-06-27,24.1,25.4,98.8,,,,,,,,,,0.0,0.7,100.0,0.0
2021-06-28,17.4,19.3,91.7,,,,,,,0.0,0.0,100.0,0.0,0.4,100.0,0.0
2021-06-29,15.2,16.6,98.5,0.0,2.6,100.0,,,,,,,0.0,0.4,100.0,0.0
2021-06-30,,,,,,,,,,0.0,0.0,100.0,0.0,0.2,100.0,0.0
2021-07-01,,,,,,,,,,,,,0.0,0.3,100.0,0.0
2021-07-02,15.6,17.1,98.8,,,,,,,,,,0.0,0.1,100.0,0.0
2021-07-03,18.9,19.8,98.8,,,,,,,,,,0.0,0.1,100.0,0.0
2021-07-04,21.9,22.4,98.3,,,,,,,,,,0.0,0.0,100.0,0.0
2021-07-05,17.9,19.5,98.8,,,,,,,,,,0.0,0.0,100.0,0.0
2021-07-06,,,,0.0,1.1,100.0,,,,,,,0.0,0.0,100.0,0.0
2021-07-07,,,,,,,,,,0.0,0.0,100.0,0.0,0.0,100.0,0.0
2021-07-08,21.6,22.2,98.8,,,,,,,,,,0.0,0.0,100.0,0.0
2021-07-09,17.9,20.1,98.8,,,,,,,,,,0.0,0.0,100.0,0.0
2021-07-10,20.8,23.2,90.7,,,,0.0,0.0,100.0,0.0,0.0,100.0,0.0,0.0,100.0,0.0
2021-07-11,19.1,21.9,98.8,,,,,,,,,,0.0,0.0,100.0,0.0
2021-07-12,,,,,,,,,,,,,0.0,0.0,100.0,0.0
2021-07-13,,,,,,,,,,,,,0.0,0.0,100.0,0.0
2021-07-14,22.5,25.0,100.0,0.0,4.5,53.7,,,,,,,0.0,0.0,100.0,0.0
2021-07-15,24.6,26.8,82.8,,,,,,,0.0,0.0,100.0,0.0,0.0,100.0,0.0
2021-07-16,26.2,29.0,100.0,,,,,,,,,,0.0,0.0,100.0,0.0
2021-07-17,23.5,25.5,100.0,,,,,,,,,,0.0,0.0,100.0,0.0
2021-07-18,,,,,,,0.0,0.0,52.7,,,,0.0,0.0,100.0,0.0
2021-07-19,,,,0.0,4.5,100.0,,,,,,,0.0,0.0,100.0,0.0
2021-07-20,22.6,24.5,99.8,,,,,,,,,,0.0,0.0,100.0,0.0
2021-07-21,21.6,22.1,100.0,1.2,11.1,100.0,,,,0.0,0.0,100.0,0.0,0.0,100.0,0.0
2021-07-22,23.0,25.0,92.9,,,,,,,,,,0.0,0.0,100.0,0.0
2021-07-23,20.8,23.6,100.0,,,,,,,0.0,0.0,100.0,0.0,0.0,100.0,0.0
2021-07-24,,,,0.0,7.2,100.0,,,,,,,0.0,0.0,100.0,0.0
2021-07-25,,,,,,,,,,,,,0.0,0.0,100.0,0.0
2021-07-26,22.5,23.9,100.0,0.0,6.9,100.0,0.0,0.0,100.0,0.0,0.0,100.0,0.0,0.0,100.0,0.0
2021-07-27,22.5,23.6,100.0,,,,,,,0.0,0.0,100.0,0.0,0.0,100.0,0.0
2021-07-28,27.0,29.0,99.8,,,,,,,,,,0.0,0.0,100.0,0.0
2021-07-29,25.2,26.6,100.0,,,,,,,0.0,0.0,100.0,0.0,0.0,100.0,0.0
2021-07-30,,,,,,,,,,,,,0.0,0.0,100.0,0.0
2021-07-31,,,,,,,,,,0.0,0.0,100.0,0.0,0.0,100.0,0.0
2021-08-01,25.7,27.8,100.0,,,,,,,,,,0.0,0.0,100.0,0.0
2021-08-02,,,,,,,,,,,,,0.0,0.0,100.0,0.0
2021-08-03,22.4,23.6,94.1,0.0,2.6,99.3,,,,,,,0.0,0.0,100.0,0.0
2021-08-04,21.6,23.6,100.0,,,,,,,,,,0.0,0.0,100.0,0.0
2021-08-05,,,,,,,,,,,,,0.0,0.0,100.0,0.0
2021-08-06,,,,,,,,,,,,,0.0,0.0,100.0,0.0
2021-08-07,22.5,23.5,100.0,,,,,,,0.0,0.0,100.0,0.0,0.0,100.0,0.0
2021-08-08,25.1,24.8,99.8,,,,,,,,,,0.0,0.0,100.0,0.0
2021-08-09,22.3,23.9,100.0,,,,,,,0.0,0.0,100.0,0.0,0.0,100.0,0.0
2021-08-10,15.4,18.4,100.0,0.0,3.8,100.0,,,,0.0,0.0,100.0,0.0,0.0,100.0,0.0
2021-08-11,,,,,,,0.0,0.0,100.0,,,,0.0,0.0,100.0,0.0
2021-08-12,,,,,,,,,,,,,0.0,0.0,100.0,0.0
2021-08-13,15.4,18.3,100.0,0.0,7.9,100.0,,,,0.0,0.0,100.0,0.0,0.0,100.0,0.0
2021-08-14,13.5,15.3,100.0,,,,,,,0.0,0.0,100.0,0.0,0.0,100.0,0.0
2021-08-15,17.0,18.9,93.9,0.9,16.3,85.0,,,,,,,0.0,0.0,100.0,0.0
2021-08-16,11.5,14.0,100.0,,,,,,,,,,0.0,0.0,100.0,0.0
2021-08-17,,,,,,,,,,,,,0.0,0.0,100.0,0.0
2021-08-18,,,,,,,,,,,,,0.0,0.0,100.0,0.0
2021-08-19,14.7,18.0,100.0,,,,,,,,,,0.0,0.0,100.0,0.0
2021-08-20,,,,0.2,15.1,100.0,,,,,,,0.0,0.0,100.0,0.0
2021-08-21,14.2,17.6,100.0,,,,,,,0.0,0.0,100.0,0.0,0.0,100.0,0.0
2021-08-22,25.2,29.4,100.0,,,,,,,0.0,0.0,100.0,0.0,0.0,100.0,0.0
2021-08-23,,,,,,,,,,,,,0.0,0.0,100.0,0.0
2021-08-24,,,,,,,,,,,,,0.0,0.0,100.0,0.0
2021-08-25,24.5,27.7,100.0,0.0,11.6,100.0,,,,,,,0.0,0.1,100.0,0.0
2021-08-26,28.2,31.4,100.0,,,,,,,,,,0.0,0.1,100.0,0.0
2021-08-27,14.9,20.4,95.1,,,,,,,,,,0.0,0.2,100.0,0.0
2021-08-28,21.8,25.6,100.0,,,,,,,,,,0.0,0.3,100.0,0.0
2021-08-29,,,,,,,,,,,,,0.0,0.3,100.0,0.0
2021-08-30,,,,,,,,,,,,,0.0,0.4,100.0,0.0
2021-08-31,19.8,21.4,99.3,,,,,,,,,,0.0,0.5,100.0,0.0
2021-09-01,24.5,26.3,100.0,,,,,,,,,,0.0,0.3,100.0,0.0
2021-09-02,19.9,22.0,100.0,,,,,,,,,,0.0,0.3,100.0,0.0
2021-09-03,22.5,23.5,100.0,,,,,,,,,,0.0,0.4,100.0,0.0
2021-09-04,,,,0.2,4.7,100.0,,,,0.0,0.0,100.0,0.0,0.3,100.0,0.0
2021-09-05,,,,,,,,,,0.0,0.0,100.0,0.0,0.2,100.0,0.0
2021-09-06,19.6,20.6,100.0,,,,,,,0.0,0.0,100.0,0.0,0.4,100.0,0.0
2021-09-07,19.6,20.8,100.0,,,,,,,,,,0.0,0.4,100.0,0.0
2021-09-08,13.5,18.0,92.9,,,,,,,,,,0.0,0.4,100.0,0.0
2021-09-09,19.9,22.8,99.8,0.0,1.5,100.0,,,,0.0,0.0,100.0,0.0,0.2,100.0,0.0
2021-09-10,,,,,,,,,,,,,0.0,0.4,100.0,0.0
2021-09-11,,,,,,,,,,,,,0.0,0.4,100.0,0.0
2021-09-12,19.4,23.1,100.0,,,,,,,0.0,0.0,100.0,0.0,0.4,100.0,0.0
2021-09-13,23.0,27.0,100.0,,,,,,,0.0,0.0,100.0,0.0,0.4,100.0,0.0
2021-09-14,29.9,31.3,100.0,,,,,,,,,,0.0,0.9,100.0,0.0
2021-09-15,40.4,38.1,100.0,,,,,,,,,,0.0,0.6,100.0,0.0
2021-09-16,,,,,,,,,,0.0,0.0,100.0,0.0,0.8,100.0,0.0
2021-09-17,,,,,,,,,,0.0,0.0,100.0,0.0,0.7,100.0,0.0
2021-09-18,43.6,38.7,100.0,,,,,,,,,,0.0,1.7,100.0,0.0
2021-09-19,43.6,39.7,100.0,,,,,,,,,,0.0,0.9,100.0,0.0
2021-09-20,60.2,49.1,93.6,,,,100.0,99.5,90.9,,,,0.0,1.9,100.0,0.0
2021-09-21,91.7,64.2,100.0,,,,,,,,,,0.0,1.3,100.0,0.0
2021-09-22,,,,,,,,,,,,,0.0,2.6,100.0,0.0
2021-09-23,,,,,,,,,,0.0,0.0,98.5,0.0,0.8,100.0,0.0
2021-09-24,85.0,64.5,100.0,0.0,1.7,100.0,,,,,,,0.0,1.3,100.0,0.0
2021-09-25,86.8,61.9,100.0,,,,,,,0.0,0.0,100.0,0.0,0.5,100.0,0.0
2021-09-26,88.9,64.3,99.8,,,,,,,,,,0.0,1.1,100.0,0.0
2021-09-27,99.0,70.4,99.8,,,,,,,,,,0.0,0.4,100.0,0.0
2021-09-28,,,,,,,,,,,,,0.0,0.5,100.0,0.0
2021-09-29,,,,,,,,,,,,,0.0,0.3,100.0,0.0
2021-09-30,99.8,76.7,100.0,,,,,,,,,,0.0,0.6,100.0,0.0
2021-10-01,99.8,76.8,100.0,,,,,,,0.0,0.0,77.9,0.0,0.3,100.0,0.0
2021-10-02,97.9,71.4,94.9,0.0,7.9,100.0,,,,,,,0.0,0.5,100.0,0.0
2021-10-03,94.9,71.3,100.0,,,,,,,0.0,0.0,100.0,0.0,0.3,100.0,0.0
2021-10-04,,,,0.0,7.7,100.0,,,,,,,0.0,0.5,100.0,0.0
2021-10-05,,,,,,,,,,,,,0.0,0.2,100.0,0.0
2021-10-06,96.3,73.9,100.0,,,,,,,,,,0.0,0.4,100.0,0.0
2021-10-07,93.4,69.7,99.8,,,,,,,,,,0.0,0.3,100.0,0.0
2021-10-08,90.4,69.5,100.0,,,,,,,,,,0.0,0.5,100.0,0.0
2021-10-09,97.8,75.9,100.0,2.0,25.1,100.0,,,,0.0,0.0,100.0,0.0,0.3,100.0,0.0
2021-10-10,,,,,,,,,,,,,0.0,0.5,100.0,0.0
2021-10-11,,,,,,,,,,0.0,0.0,80.1,0.0,0.3,100.0,0.0
2021-10-12,99.8,81.0,100.0,,,,,,,,,,0.0,0.7,100.0,0.0
2021-10-13,100.0,84.6,100.0,,,,,,,0.0,0.0,100.0,0.0,0.3,100.0,0.0
2021-10-14,100.0,88.7,94.4,1.5,22.8,100.0,,,,,,,0.0,0.6,100.0,0.0
2021-10-15,100.0,92.9,100.0,,,,,,,0.0,0.0,100.0,0.0,0.3,100.0,0.0
2021-10-16,,,,,,,,,,,,,0.0,0.5,100.0,0.0
2021-10-17,,,,3.2,22.1,100.0,,,,0.0,0.0,100.0,0.0,0.3,100.0,0.0
2021-10-18,100.0,94.6,99.8,,,,,,,,,,0.0,0.5,100.0,0.0
2021-10-19,100.0,94.4,100.0,,,,,,,0.0,0.0,100.0,0.0,0.3,100.0,0.0
2021-10-20,100.0,95.7,100.0,,,,,,,0.0,0.0,100.0,0.0,0.5,100.0,0.0
2021-10-21,100.0,96.4,100.0,,,,,,,,,,0.0,0.4,100.0,0.0
2021-10-22,,,,43.6,38.2,100.0,,,,,,,0.0,0.5,100.0,0.0
2021-10-23,,,,,,,,,,0.0,0.0,100.0,0.0,0.4,100.0,0.0
2021-10-24,100.0,97.4,100.0,,,,,,,,,,0.0,0.5,100.0,0.0
2021-10-25,100.0,96.1,100.0,,,,,,,,,,0.0,0.6,100.0,0.0
2021-10-26,100.0,96.8,93.4,,,,,,,,,,0.0,0.7,100.0,0.0
2021-10-27,100.0,96.6,100.0,45.6,40.3,100.0,,,,0.0,0.1,100.0,0.0,0.6,100.0,0.0
2021-10-28,,,,,,,,,,,,,0.0,0.6,100.0,0.0
2021-10-29,,,,57.6,51.1,100.0,,,,,,,0.0,0.7,100.0,0.0
2021-10-30,100.0,97.4,100.0,,,,0.5,16.9,100.0,0.0,0.1,84.6,0.0,0.9,100.0,0.0
2021-10-31,100.0,96.5,100.0,,,,,,,,,,0.0,1.0,100.0,0.0
2021-11-01,100.0,96.5,100.0,,,,,,,,,,0.0,1.0,100.0,0.0
2021-11-02,100.0,96.9,100.0,,,,,,,,,,0.0,1.2,100.0,0.0
2021-11-03,,,,71.4,66.6,62.5,,,,,,,0.0,1.5,100.0,0.0
2021-11-04,,,,,,,,,,,,,0.0,1.3,100.0,0.0
2021-11-05,100.0,97.7,99.8,,,,,,,,,,0.0,1.5,100.0,0.0
2021-11-06,100.0,97.1,100.0,53.7,50.3,100.0,,,,,,,0.0,1.6,100.0,0.0
2021-11-07,100.0,96.9,93.1,,,,0.0,3.5,34.6,,,,0.0,1.8,100.0,0.0
2021-11-08,100.0,97.2,99.8,,,,,,,0.0,0.2,100.0,0.0,1.5,100.0,0.0
2021-11-09,,,,,,,,,,,,,0.0,2.1,100.0,0.0
2021-11-10,,,,,,,0.2,8.0,98.3,,,,0.0,2.1,100.0,0.0
2021-11-11,100.0,97.8,100.0,,,,,,,,,,0.0,2.8,100.0,0.0
2021-11-12,100.0,97.8,100.0,,,,,,,0.0,0.2,100.0,0.0,2.7,100.0,0.0
2021-11-13,100.0,97.7,100.0,,,,,,,,,,0.0,4.6,100.0,0.0
2021-11-14,100.0,97.7,100.0,,,,,,,,,,0.2,5.3,100.0,0.2
2021-11-15,,,,,,,,,,0.0,0.5,100.0,0.2,5.0,100.0,0.2
2021-11-16,,,,,,,,,,,,,0.2,6.9,100.0,0.2
2021-11-17,100.0,98.3,99.5,,,,,,,,,,0.7,11.1,100.0,0.7
2021-11-18,100.0,98.2,100.0,72.2,70.1,99.8,,,,,,,2.2,14.3,100.0,2.2
2021-11-19,100.0,98.6,91.4,,,,,,,0.0,0.8,100.0,2.0,13.8,100.0,2.0
2021-11-20,100.0,98.4,99.8,,,,1.5,6.4,99.8,0.0,3.2,100.0,4.2,16.7,100.0,4.2
2021-11-21,,,,,,,,,,,,,10.3,19.7,100.0,10.3
2021-11-22,,,,,,,,,,,,,18.9,25.9,100.0,18.9
2021-11-23,100.0,98.5,100.0,,,,,,,,,,24.3,31.0,100.0,24.3
2021-11-24,100.0,98.3,100.0,,,,,,,,,,32.6,39.4,100.0,32.6
2021-11-25,100.0,98.1,100.0,,,,,,,,,,40.2,46.2,100.0,40.2
2021-11-26,100.0,98.0,99.8,,,,,,,,,,45.8,50.7,100.0,45.8
2021-11-27,,,,,,,,,,,,,49.8,54.1,100.0,49.8
2021-11-28,,,,,,,,,,,,,55.1,60.0,100.0,55.1
2021-11-29,100.0,96.8,46.1,,,,,,,0.0,5.9,99.5,61.0,67.4,100.0,61.0
2021-11-30,100.0,99.2,36.8,,,,,,,,,,74.0,75.1,100.0,74.0
2021-12-01,100.0,98.0,90.4,,,,,,,,,,86.0,81.5,100.0,86.0
2021-12-02,100.0,98.1,99.8,,,,,,,,,,92.4,86.3,100.0,92.4
2021-12-03,,,,,,,,,,,,,97.3,90.5,100.0,97.3
2021-12-04,,,,,,,,,,,,,98.5,93.7,100.0,98.5
2021-12-05,100.0,98.5,100.0,,,,,,,,,,100.0,95.6,100.0,100.0
2021-12-06,100.0,98.7,100.0,95.6,94.5,88.7,,,,,,,100.0,97.1,100.0,100.0
2021-12-07,100.0,98.9,100.0,,,,,,,,,,100.0,97.7,100.0,100.0
2021-12-08,100.0,99.2,100.0,91.7,91.0,100.0,,,,0.0,13.9,100.0,100.0,98.4,100.0,100.0
2021-12-09,,,,,,,,,,,,,100.0,98.5,100.0,100.0
2021-12-10,,,,,,,,,,,,,100.0,98.7,100.0,100.0
2021-12-11,100.0,99.3,100.0,,,,,,,,,,100.0,99.1,100.0,100.0
2021-12-12,100.0,99.1,100.0,,,,,,,,,,100.0,99.3,100.0,100.0
2021-12-13,100.0,99.1,92.2,100.0,99.9,97.8,,,,,,,100.0,99.4,100.0,100.0
2021-12-14,100.0,99.0,100.0,,,,,,,,,,100.0,99.4,100.0,100.0
2021-12-15,,,,,,,,,,,,,100.0,99.3,100.0,100.0
2021-12-16,,,,99.4,97.6,88.7,,,,2.1,19.0,100.0,100.0,99.4,100.0,100.0
2021-12-17,100.0,98.9,100.0,,,,100.0,99.5,97.1,,,,100.0,99.4,100.0,100.0
2021-12-18,100.0,98.6,99.8,96.8,94.0,100.0,,,,10.3,27.3,100.0,100.0,99.3,100.0,100.0
2021-12-19,100.0,98.4,100.0,,,,,,,3.2,24.8,100.0,100.0,99.1,100.0,100.0
2021-12-20,100.0,97.7,99.8,,,,,,,85.3,61.4,100.0,100.0,99.0,100.0,100.0
2021-12-21,,,,,,,,,,,,,100.0,98.7,100.0,100.0
2021-12-22,,,,,,,,,,57.6,51.8,35.3,100.0,98.2,100.0,100.0
2021-12-23,100.0,96.3,100.0,,,,,,,,,,100.0,98.2,100.0,100.0
2021-12-24,,,,,,,,,,,,,100.0,97.5,100.0,100.0
2021-12-25,100.0,95.5,92.4,,,,,,,,,,100.0,97.5,100.0,100.0
2021-12-26,,,,,,,,,,,,,100.0,96.4,100.0,100.0
2021-12-27,,,,,,,,,,,,,100.0,96.5,100.0,100.0
2021-12-28,,,,,,,,,,70.8,60.6,100.0,100.0,95.6,100.0,100.0
2021-12-29,100.0,93.0,100.0,,,,,,,,,,100.0,95.9,100.0,100.0
2021-12-30,,,,,,,,,,,,,99.8,94.4,100.0,99.8
2021-12-31,,,,98.3,93.5,100.0,,,,,,,100.0,94.9,100.0,100.0
2022-01-01,100.0,90.2,95.0,,,,,,,,,,99.5,92.4,100.0,99.5
2022-01-02,,,,98.8,92.2,100.0,,,,,,,99.5,91.8,100.0,99.5
2022-01-03,,,,,,,,,,90.0,61.3,100.0,98.8,89.8,100.0,98.8
2022-01-04,,,,,,,,,,,,,99.5,91.1,100.0,99.5
2022-01-05,,,,,,,,,,,,,99.3,90.0,100.0,99.3
2022-01-06,99.7,84.8,87.0,,,,,,,,,,99.3,91.2,100.0,99.3
2022-01-07,,,,88.6,87.5,100.0,,,,,,,99.8,91.7,100.0,99.8
2022-01-08,,,,,,,,,,,,,99.8,92.3,100.0,99.8
2022-01-09,,,,,,,,,,,,,99.8,92.2,100.0,99.8
2022-01-10,100.0,84.1,95.3,,,,,,,94.5,75.9,100.0,100.0,93.6,100.0,100.0
2022-01-11,,,,,,,,,,,,,100.0,93.1,100.0,100.0
2022-01-12,,,,94.5,92.0,100.0,,,,,,,100.0,94.9,100.0,100.0
2022-01-13,99.5,82.0,95.3,,,,,,,,,,100.0,94.6,100.0,100.0
2022-01-14,,,,,,,,,,,,,100.0,94.7,100.0,100.0
2022-01-15,,,,87.2,86.4,100.0,,,,,,,100.0,95.1,100.0,100.0
2022-01-16,,,,,,,,,,,,,100.0,95.2,100.0,100.0
2022-01-17,99.8,78.7,95.3,,,,,,,,,,100.0,95.2,100.0,100.0
2022-01-18,99.4,76.0,84.8,,,,100.0,96.4,88.9,,,,100.0,96.1,100.0,100.0
2022-01-19,,,,,,,,,,,,,100.0,95.1,100.0,100.0
2022-01-20,,,,,,,,,,,,,100.0,95.4,100.0,100.0
2022-01-21,,,,,,,,,,95.7,88.9,100.0,100.0,95.1,100.0,100.0
2022-01-22,100.0,78.4,95.3,99.3,92.6,100.0,,,,,,,100.0,95.7,100.0,100.0
2022-01-23,,,,,,,,,,,,,100.0,94.6,100.0,100.0
2022-01-24,,,,,,,,,,,,,100.0,94.0,100.0,100.0
2022-01-25,99.5,74.7,99.8,80.1,80.7,100.0,,,,99.5,91.7,100.0,100.0,94.6,100.0,100.0
2022-01-26,,,,,,,,,,,,,100.0,93.2,100.0,100.0
2022-01-27,,,,,,,,,,,,,100.0,92.6,100.0,100.0
2022-01-28,,,,,,,,,,,,,100.0,91.0,100.0,100.0
2022-01-29,96.4,67.6,100.0,,,,,,,,,,100.0,91.3,100.0,100.0
2022-01-30,81.7,60.4,85.5,76.5,74.3,100.0,,,,99.3,92.3,100.0,100.0,90.7,100.0,100.0
2022-01-31,,,,,,,,,,,,,100.0,89.6,100.0,100.0
2022-02-01,,,,,,,,,,,,,100.0,88.9,100.0,100.0
2022-02-02,,,,,,,,,,100.0,94.4,100.0,100.0,88.1,100.0,100.0
2022-02-03,81.3,58.9,100.0,,,,96.0,80.4,100.0,100.0,95.3,100.0,100.0,88.4,100.0,100.0
2022-02-04,,,,71.3,62.9,100.0,,,,100.0,94.8,100.0,100.0,86.8,100.0,100.0
2022-02-05,,,,,,,,,,100.0,93.9,100.0,100.0,85.2,100.0,100.0
2022-02-06,53.3,47.9,100.0,,,,,,,,,,100.0,84.3,100.0,100.0
2022-02-07,,,,,,,,,,100.0,94.1,100.0,99.3,82.1,100.0,99.3
2022-02-08,,,,,,,,,,99.3,91.3,100.0,97.6,78.5,100.0,97.6
2022-02-09,,,,47.2,45.5,100.0,,,,97.6,84.2,100.0,96.2,78.4,100.0,96.2
2022-02-10,41.9,39.0,100.0,,,,,,,97.2,85.5,100.0,92.9,73.5,100.0,92.9
2022-02-11,25.0,25.7,88.2,58.8,47.2,100.0,37.0,39.5,100.0,96.7,83.5,100.0,92.7,74.1,100.0,92.7
2022-02-12,,,,,,,,,,97.4,87.4,100.0,72.0,65.1,100.0,72.0
2022-02-13,,,,,,,,,,96.2,82.3,100.0,75.8,65.6,100.0,75.8
2022-02-14,,,,52.4,43.4,100.0,,,,,,,36.3,56.2,100.0,36.3
2022-02-15,26.5,26.7,100.0,,,,,,,95.5,80.4,100.0,28.9,53.7,100.0,28.9
2022-02-16,,,,26.1,37.6,100.0,,,,92.7,75.0,100.0,11.8,42.7,100.0,11.8
2022-02-17,,,,,,,,,,88.2,71.2,100.0,8.5,40.2,100.0,8.5
2022-02-18,18.1,19.3,99.5,,,,,,,77.0,60.4,100.0,7.6,34.7,100.0,7.6
2022-02-19,,,,47.9,41.9,55.5,,,,75.6,58.2,100.0,6.9,32.7,100.0,6.9
2022-02-20,,,,,,,,,,66.4,53.2,100.0,4.0,28.1,100.0,4.0
2022-02-21,,,,,,,,,,,,,3.1,25.7,100.0,3.1
2022-02-22,,,,,,,,,,,,,2.6,23.5,100.0,2.6
2022-02-23,16.8,17.4,88.9,,,,,,,,,,2.6,22.8,100.0,2.6
2022-02-24,,,,1.7,21.5,100.0,,,,,,,1.4,20.4,100.0,1.4
2022-02-25,,,,,,,,,,,,,1.7,20.2,100.0,1.7
2022-02-26,,,,1.5,27.8,61.8,,,,,,,1.4,20.3,100.0,1.4
2022-02-27,15.4,15.9,100.0,,,,2.8,12.2,100.0,,,,2.1,22.2,100.0,2.1
2022-02-28,,,,,,,,,,,,,1.2,21.1,100.0,1.2
2022-03-01,,,,0.7,13.7,100.0,,,,,,,1.2,21.7,100.0,1.2
2022-03-02,13.6,16.5,99.5,,,,,,,,,,1.2,21.9,100.0,1.2
2022-03-03,,,,0.0,15.2,31.8,,,,,,,1.4,24.3,100.0,1.4
2022-03-04,,,,,,,,,,,,,1.4,24.7,100.0,1.4
2022-03-05,,,,,,,,,,,,,1.4,24.9,100.0,1.4
2022-03-06,12.8,14.6,100.0,,,,,,,,,,0.9,25.5,100.0,0.9
2022-03-07,10.5,13.6,87.9,,,,,,,,,,0.7,26.2,100.0,0.7
2022-03-08,,,,,,,,,,,,,0.5,26.8,100.0,0.5
2022-03-09,,,,,,,,,,14.0,31.1,100.0,0.5,23.3,100.0,0.5
2022-03-10,,,,,,,,,,,,,0.5,25.4,100.0,0.5
2022-03-11,14.9,19.0,100.0,0.0,6.5,100.0,,,,,,,0.5,24.2,100.0,0.5
2022-03-12,,,,,,,,,,,,,0.5,23.0,100.0,0.5
2022-03-13,,,,0.0,4.0,100.0,,,,2.6,22.6,100.0,0.2,19.6,100.0,0.2
2022-03-14,16.2,21.1,99.5,,,,,,,,,,0.2,20.3,100.0,0.2
2022-03-15,,,,,,,,,,,,,0.0,15.7,100.0,0.0
2022-03-16,,,,,,,,,,,,,0.0,13.4,100.0,0.0
2022-03-17,,,,,,,,,,,,,0.0,9.6,100.0,0.0
2022-03-18,18.0,22.1,100.0,,,,,,,,,,0.0,9.6,100.0,0.0
2022-03-19,13.2,18.6,87.9,,,,,,,0.0,10.7,100.0,0.0,8.2,100.0,0.0
2022-03-20,,,,,,,,,,0.0,8.8,100.0,0.0,6.6,100.0,0.0
2022-03-21,,,,0.0,3.7,100.0,,,,,,,0.0,6.0,100.0,0.0
2022-03-22,,,,,,,,,,,,,0.0,5.5,100.0,0.0
2022-03-23,17.3,21.4,100.0,0.0,3.5,100.0,0.5,1.0,100.0,,,,0.0,5.1,100.0,0.0
2022-03-24,,,,,,,,,,,,,0.0,4.2,100.0,0.0
2022-03-25,,,,,,,,,,0.0,2.1,100.0,0.0,3.9,100.0,0.0
2022-03-26,16.9,20.5,99.5,0.0,6.0,100.0,,,,0.0,1.1,100.0,0.0,3.9,100.0,0.0
2022-03-27,,,,,,,,,,,,,0.0,4.9,100.0,0.0
2022-03-28,,,,0.0,3.6,100.0,,,,,,,0.0,4.7,100.0,0.0
2022-03-29,,,,,,,,,,0.0,0.8,100.0,0.0,4.9,100.0,0.0
2022-03-30,16.6,20.0,100.0,,,,,,,,,,0.0,6.1,100.0,0.0
2022-03-31,12.3,16.6,86.7,,,,,,,,,,0.0,8.8,100.0,0.0
2022-04-01,,,,,,,,,,,,,0.0,10.7,100.0,0.0
2022-04-02,,,,,,,,,,,,,0.0,13.6,100.0,0.0
2022-04-03,,,,,,,,,,,,,0.0,12.0,100.0,0.0
2022-04-04,19.2,21.5,100.0,,,,,,,,,,0.0,14.1,100.0,0.0
2022-04-05,,,,,,,,,,,,,0.0,17.6,100.0,0.0
2022-04-06,,,,,,,,,,0.0,0.3,100.0,0.0,16.0,100.0,0.0
2022-04-07,25.2,27.5,99.8,,,,,,,0.0,0.2,61.8,0.0,14.2,100.0,0.0
2022-04-08,,,,,,,,,,0.0,0.1,100.0,0.0,18.0,100.0,0.0
2022-04-09,,,,,,,,,,,,,0.0,21.6,100.0,0.0
2022-04-10,,,,,,,,,,,,,0.0,15.2,100.0,0.0
2022-04-11,27.5,30.0,100.0,,,,,,,0.0,0.1,100.0,0.0,13.3,100.0,0.0
2022-04-12,28.4,30.8,87.7,0.0,2.1,100.0,,,,,,,0.0,13.7,100.0,0.0
2022-04-13,,,,,,,,,,0.0,0.0,100.0,0.0,11.8,100.0,0.0
2022-04-14,,,,,,,,,,0.0,0.0,100.0,0.0,9.5,100.0,0.0
2022-04-15,,,,,,,,,,0.0,0.0,100.0,0.0,8.8,100.0,0.0
2022-04-16,42.2,42.2,100.0,,,,,,,,,,0.0,8.4,100.0,0.0
2022-04-17,,,,0.0,1.9,100.0,,,,,,,0.0,6.3,100.0,0.0
2022-04-18,,,,,,,,,,0.0,0.0,100.0,0.0,4.3,100.0,0.0
2022-04-19,40.3,40.0,100.0,,,,,,,,,,0.0,5.1,100.0,0.0
2022-04-20,,,,0.4,4.8,62.1,,,,0.0,0.0,100.0,0.0,4.0,100.0,0.0
2022-04-21,,,,,,,,,,0.0,0.0,100.0,0.0,2.6,100.0,0.0
2022-04-22,,,,,,,,,,,,,0.0,2.4,100.0,0.0
2022-04-23,39.6,38.2,100.0,,,,,,,,,,0.0,2.6,100.0,0.0
2022-04-24,32.7,33.7,91.2,,,,0.0,0.1,100.0,0.0,0.0,100.0,0.0,2.5,100.0,0.0
2022-04-25,,,,0.0,4.8,100.0,,,,,,,0.0,2.1,100.0,0.0
2022-04-26,,,,,,,,,,,,,0.0,1.6,100.0,0.0
2022-04-27,,,,,,,,,,,,,0.0,1.8,100.0,0.0
2022-04-28,50.2,44.2,100.0,,,,,,,,,,0.0,3.9,100.0,0.0
2022-04-29,,,,,,,,,,,,,0.0,3.3,100.0,0.0
2022-04-30,,,,0.0,4.5,91.2,,,,,,,0.0,2.9,100.0,0.0
2022-05-01,56.8,47.9,99.8,,,,,,,,,,0.0,2.1,100.0,0.0
2022-05-02,,,,,,,,,,,,,0.0,2.7,100.0,0.0
2022-05-03,,,,,,,,,,,,,0.0,2.4,100.0,0.0
2022-05-04,,,,,,,,,,0.0,0.0,100.0,0.0,1.4,100.0,0.0
2022-05-05,46.2,41.6,100.0,0.0,3.9,64.2,,,,0.0,0.0,91.9,0.0,1.1,100.0,0.0
2022-05-06,33.3,34.5,88.2,,,,,,,,,,0.0,1.1,100.0,0.0
2022-05-07,,,,,,,,,,,,,0.0,1.0,100.0,0.0
2022-05-08,,,,,,,,,,,,,0.0,0.8,100.0,0.0
2022-05-09,,,,,,,,,,,,,0.0,0.7,100.0,0.0
2022-05-10,58.2,48.7,99.8,,,,0.0,0.0,72.3,0.0,0.0,100.0,0.0,0.6,100.0,0.0
2022-05-11,,,,,,,,,,,,,0.0,0.5,100.0,0.0
2022-05-12,,,,0.0,7.2,100.0,,,,,,,0.0,0.3,100.0,0.0
2022-05-13,59.2,49.6,100.0,,,,,,,0.0,0.0,100.0,0.0,0.3,100.0,0.0
2022-05-14,,,,,,,,,,,,,0.0,0.3,100.0,0.0
2022-05-15,,,,,,,,,,,,,0.0,0.2,100.0,0.0
2022-05-16,,,,,,,,,,,,,0.0,0.1,100.0,0.0
2022-05-17,57.1,48.3,100.0,,,,,,,,,,0.0,0.3,100.0,0.0
2022-05-18,35.5,35.9,89.3,,,,0.0,0.0,100.0,,,,0.0,0.2,100.0,0.0
2022-05-19,,,,,,,,,,,,,0.0,0.2,100.0,0.0
2022-05-20,,,,0.0,2.3,100.0,,,,,,,0.0,0.1,100.0,0.0
2022-05-21,,,,,,,,,,,,,0.0,0.2,100.0,0.0
2022-05-22,82.5,60.4,100.0,0.0,4.4,100.0,,,,,,,0.0,0.2,100.0,0.0
2022-05-23,,,,,,,,,,,,,0.0,0.1,100.0,0.0
2022-05-24,,,,,,,,,,,,,0.0,0.1,100.0,0.0
2022-05-25,81.5,63.1,100.0,,,,,,,,,,0.0,0.1,100.0,0.0
2022-05-26,,,,,,,0.0,0.0,100.0,0.0,0.0,100.0,0.0,0.1,100.0,0.0
2022-05-27,,,,0.0,3.6,100.0,,,,,,,0.0,0.1,100.0,0.0
2022-05-28,,,,,,,,,,,,,0.0,0.1,100.0,0.0
2022-05-29,93.6,67.5,100.0,,,,,,,,,,0.0,0.2,100.0,0.0
2022-05-30,81.4,62.2,90.5,,,,,,,0.0,0.0,94.8,0.0,0.2,100.0,0.0
2022-05-31,,,,,,,,,,,,,0.0,0.3,100.0,0.0
2022-06-01,,,,0.4,5.0,64.0,,,,0.0,0.0,100.0,0.0,0.2,100.0,0.0
2022-06-02,,,,,,,,,,,,,0.0,0.5,100.0,0.0
2022-06-03,95.5,68.9,100.0,,,,,,,,,,0.0,0.7,100.0,0.0
2022-06-04,,,,0.0,2.8,76.8,,,,0.0,0.0,100.0,0.0,0.7,100.0,0.0
2022-06-05,,,,,,,,,,,,,0.0,0.6,100.0,0.0
2022-06-06,92.3,68.6,98.3,,,,,,,0.0,0.0,95.5,0.0,0.6,100.0,0.0
2022-06-07,,,,,,,,,,0.0,0.0,75.1,0.0,0.6,100.0,0.0
2022-06-08,,,,,,,,,,,,,0.0,0.5,100.0,0.0
2022-06-09,,,,,,,,,,,,,0.0,0.4,100.0,0.0
2022-06-10,89.1,63.2,100.0,,,,,,,,,,0.0,0.5,100.0,0.0
2022-06-11,69.9,55.9,90.5,,,,,,,0.0,0.0,100.0,0.0,0.3,100.0,0.0
2022-06-12,,,,,,,,,,,,,0.0,0.3,100.0,0.0
2022-06-13,,,,,,,,,,,,,0.0,0.1,100.0,0.0
2022-06-14,,,,,,,,,,0.0,0.0,100.0,0.0,0.1,100.0,0.0
2022-06-15,78.9,56.9,99.8,,,,,,,,,,0.0,0.1,100.0,0.0
2022-06-16,,,,0.0,2.3,100.0,,,,,,,0.0,0.1,100.0,0.0
2022-06-17,,,,,,,,,,,,,0.0,0.0,100.0,0.0
2022-06-18,65.9,54.2,100.0,,,,,,,,,,0.0,0.1,100.0,0.0
2022-06-19,,,,0.0,1.4,100.0,0.0,0.0,100.0,,,,0.0,0.0,100.0,0.0
2022-06-20,,,,,,,,,,,,,0.0,0.0,100.0,0.0
2022-06-21,,,,,,,,,,,,,0.0,0.0,100.0,0.0
2022-06-22,69.7,54.7,100.0,,,,,,,,,,0.0,0.0,100.0,0.0
2022-06-23,61.9,52.3,90.3,,,,,,,,,,0.0,0.0,100.0,0.0
2022-06-24,,,,,,,,,,,,,0.0,0.0,100.0,0.0
2022-06-25,,,,,,,,,,,,,0.0,0.0,100.0,0.0
2022-06-26,,,,0.0,1.7,100.0,,,,0.0,0.0,100.0,0.0,0.0,100.0,0.0
2022-06-27,80.8,57.1,99.8,,,,0.0,0.0,100.0,0.0,0.0,100.0,0.0,0.0,100.0,0.0
2022-06-28,,,,,,,,,,,,,0.0,0.0,100.0,0.0
2022-06-29,,,,0.0,3.2,33.6,,,,,,,0.0,0.0,100.0,0.0
2022-06-30,65.2,53.4,100.0,,,,0.0,0.0,80.8,,,,0.0,0.0,100.0,0.0
2022-07-01,,,,0.0,3.4,96.9,,,,,,,0.0,0.0,100.0,0.0
2022-07-02,,,,,,,,,,0.0,0.0,100.0,0.0,0.0,100.0,0.0
2022-07-03,,,,,,,,,,,,,0.0,0.0,100.0,0.0
2022-07-04,48.5,46.6,99.8,,,,,,,0.0,0.0,38.2,0.0,0.0,100.0,0.0
2022-07-05,43.5,44.9,88.9,,,,,,,,,,0.0,0.0,100.0,0.0
2022-07-06,,,,,,,,,,0.0,0.0,77.5,0.0,0.0,100.0,0.0
2022-07-07,,,,,,,,,,,,,0.0,0.0,100.0,0.0
2022-07-08,,,,,,,,,,0.0,0.0,100.0,0.0,0.0,100.0,0.0
2022-07-09,85.5,62.3,100.0,,,,,,,0.0,0.0,62.3,0.0,0.0,100.0,0.0
2022-07-10,,,,,,,,,,,,,0.0,0.0,100.0,0.0
2022-07-11,,,,0.0,2.5,100.0,,,,,,,0.0,0.0,100.0,0.0
2022-07-12,77.0,58.5,99.8,,,,,,,,,,0.0,0.0,100.0,0.0
2022-07-13,,,,,,,0.0,0.0,100.0,,,,0.0,0.0,100.0,0.0
2022-07-14,,,,0.0,1.6,100.0,,,,,,,0.0,0.0,100.0,0.0
2022-07-15,,,,,,,,,,,,,0.0,0.0,100.0,0.0
2022-07-16,43.7,44.3,99.8,,,,,,,0.0,0.0,95.3,0.0,0.0,100.0,0.0
2022-07-17,23.4,27.0,90.0,,,,,,,,,,0.0,0.0,100.0,0.0
2022-07-18,,,,,,,,,,,,,0.0,0.0,100.0,0.0
2022-07-19,,,,0.0,1.7,100.0,,,,0.0,0.0,100.0,0.0,0.0,100.0,0.0
2022-07-20,,,,,,,,,,,,,0.0,0.0,100.0,0.0
2022-07-21,36.7,40.1,100.0,0.0,1.9,100.0,0.0,0.0,100.0,,,,0.0,0.0,100.0,0.0
2022-07-22,,,,,,,,,,0.0,0.0,100.0,0.0,0.0,100.0,0.0
2022-07-23,,,,,,,,,,,,,0.0,0.0,100.0,0.0
2022-07-24,28.4,32.0,99.3,,,,,,,,,,0.0,0.0,100.0,0.0
2022-07-25,,,,,,,,,,0.0,0.0,100.0,0.0,0.0,100.0,0.0
2022-07-26,,,,,,,,,,,,,0.0,0.0,100.0,0.0
2022-07-27,,,,,,,,,,,,,0.0,0.0,100.0,0.0
2022-07-28,25.3,27.8,99.3,,,,,,,,,,0.0,0.0,100.0,0.0
2022-07-29,16.6,19.4,88.4,0.4,14.8,52.8,,,,,,,0.0,0.0,100.0,0.0
2022-07-30,,,,,,,,,,0.0,0.0,100.0,0.0,0.0,100.0,0.0
2022-07-31,,,,0.0,5.4,82.5,,,,,,,0.0,0.0,100.0,0.0
2022-08-01,,,,,,,,,,0.0,0.0,41.5,0.0,0.0,100.0,0.0
2022-08-02,30.2,34.7,99.5,,,,,,,,,,0.0,0.1,100.0,0.0
2022-08-03,,,,0.0,4.7,100.0,,,,0.0,0.0,100.0,0.0,0.0,100.0,0.0
2022-08-04,,,,,,,,,,0.0,0.0,100.0,0.0,0.0,100.0,0.0
2022-08-05,34.3,35.3,99.5,0.0,3.5,100.0,,,,0.0,0.0,100.0,0.0,0.0,100.0,0.0
2022-08-06,,,,,,,,,,,,,0.0,0.1,100.0,0.0
2022-08-07,,,,,,,,,,,,,0.0,0.0,100.0,0.0
2022-08-08,,,,,,,,,,,,,0.0,0.1,100.0,0.0
2022-08-09,34.0,34.9,99.5,,,,,,,0.0,0.0,100.0,0.0,0.0,100.0,0.0
2022-08-10,27.1,29.4,90.0,0.0,3.2,100.0,,,,,,,0.0,0.1,100.0,0.0
2022-08-11,,,,,,,,,,0.0,0.0,81.8,0.0,0.0,100.0,0.0
2022-08-12,,,,,,,,,,,,,0.0,0.1,100.0,0.0
2022-08-13,,,,,,,,,,,,,0.0,0.0,100.0,0.0
2022-08-14,56.1,50.4,99.3,,,,,,,,,,0.0,0.1,100.0,0.0
2022-08-15,,,,0.0,4.8,100.0,,,,0.0,0.0,100.0,0.0,0.0,100.0,0.0
2022-08-16,,,,,,,,,,,,,0.0,0.1,100.0,0.0
2022-08-17,59.0,51.8,99.5,,,,,,,0.0,0.0,100.0,0.0,0.0,100.0,0.0
2022-08-18,,,,0.0,4.4,100.0,,,,,,,0.0,0.1,100.0,0.0
2022-08-19,,,,,,,,,,,,,0.0,0.0,100.0,0.0
2022-08-20,,,,,,,,,,,,,0.0,0.1,100.0,0.0
2022-08-21,59.8,51.2,99.5,,,,,,,,,,0.0,0.1,100.0,0.0
2022-08-22,40.0,41.9,90.0,,,,,,,,,,0.0,0.1,100.0,0.0
2022-08-23,,,,,,,,,,,,,0.0,0.0,100.0,0.0
2022-08-24,,,,,,,,,,,,,0.0,0.0,100.0,0.0
2022-08-25,,,,12.0,30.8,45.5,,,,,,,0.0,0.0,100.0,0.0
2022-08-26,60.0,51.7,99.5,,,,,,,0.0,0.0,100.0,0.0,0.0,100.0,0.0
2022-08-27,,,,,,,,,,,,,0.0,0.0,100.0,0.0
2022-08-28,,,,,,,,,,,,,0.0,0.0,100.0,0.0
2022-08-29,46.9,46.0,99.5,,,,,,,,,,0.0,0.0,100.0,0.0
2022-08-30,,,,0.0,7.3,67.1,,,,0.0,0.0,100.0,0.0,0.0,100.0,0.0
2022-08-31,,,,,,,,,,0.0,0.0,99.8,0.0,0.0,100.0,0.0
2022-09-01,,,,,,,,,,,,,0.0,0.0,100.0,0.0
2022-09-02,45.0,44.4,99.5,0.0,11.0,100.0,,,,,,,0.0,0.0,100.0,0.0
2022-09-03,27.2,28.2,93.4,,,,,,,0.0,0.0,100.0,0.0,0.0,100.0,0.0
2022-09-04,,,,4.1,22.8,99.1,,,,0.0,0.0,99.8,0.0,0.0,100.0,0.0
2022-09-05,,,,,,,,,,0.0,0.0,100.0,0.0,0.0,100.0,0.0
2022-09-06,,,,,,,0.0,0.0,64.7,,,,0.0,0.0,100.0,0.0
2022-09-07,32.9,32.7,99.5,0.2,11.5,100.0,,,,,,,0.0,0.0,100.0,0.0
2022-09-08,,,,,,,,,,,,,0.0,0.0,100.0,0.0
2022-09-09,,,,,,,,,,,,,0.0,0.0,100.0,0.0
2022-09-10,28.6,30.3,99.5,,,,,,,,,,0.0,0.0,100.0,0.0
2022-09-11,,,,,,,,,,,,,0.0,0.0,100.0,0.0
2022-09-12,,,,,,,,,,0.0,0.0,100.0,0.0,0.0,100.0,0.0
2022-09-13,,,,,,,,,,,,,0.0,0.0,100.0,0.0
2022-09-14,31.2,30.2,99.5,,,,,,,,,,0.0,0.0,100.0,0.0
2022-09-15,24.4,27.4,91.5,,,,,,,,,,0.0,0.0,100.0,0.0
2022-09-16,,,,,,,,,,,,,0.0,0.0,100.0,0.0
2022-09-17,,,,,,,,,,,,,0.0,0.0,100.0,0.0
2022-09-18,,,,,,,,,,,,,0.0,0.0,100.0,0.0
2022-09-19,30.7,31.3,99.5,0.0,6.3,65.9,,,,,,,0.0,0.0,100.0,0.0
2022-09-20,,,,,,,,,,,,,0.0,0.0,100.0,0.0
2022-09-21,,,,,,,,,,,,,0.0,0.0,100.0,0.0
2022-09-22,33.3,34.6,99.5,,,,,,,,,,0.0,0.0,100.0,0.0
2022-09-23,,,,,,,0.0,0.0,100.0,,,,0.0,0.0,100.0,0.0
2022-09-24,,,,,,,,,,,,,0.0,0.0,100.0,0.0
2022-09-25,,,,,,,,,,,,,0.0,0.0,100.0,0.0
2022-09-26,28.3,28.5,99.5,,,,,,,,,,0.0,0.0,100.0,0.0
2022-09-27,24.7,27.3,88.2,,,,,,,,,,0.0,0.0,100.0,0.0
2022-09-28,,,,,,,,,,,,,0.0,0.0,100.0,0.0
2022-09-29,,,,,,,,,,,,,0.0,0.0,100.0,0.0
2022-09-30,,,,,,,,,,,,,0.0,0.0,100.0,0.0
2022-10-01,18.8,22.4,99.5,,,,,,,,,,0.0,0.0,100.0,0.0
2022-10-02,,,,,,,,,,,,,0.0,0.0,100.0,0.0
2022-10-03,,,,,,,,,,,,,0.0,0.0,100.0,0.0
2022-10-04,15.2,20.1,99.5,0.0,8.5,100.0,,,,0.0,0.0,100.0,0.0,0.0,100.0,0.0
2022-10-05,,,,,,,,,,,,,0.0,0.0,100.0,0.0
2022-10-06,,,,,,,,,,0.0,0.0,100.0,0.0,0.0,100.0,0.0
2022-10-07,,,,0.2,13.5,100.0,,,,0.0,0.0,100.0,0.0,0.0,100.0,0.0
2022-10-08,10.2,15.6,99.5,,,,,,,0.0,0.0,100.0,0.0,0.0,100.0,0.0
2022-10-09,10.2,13.8,87.9,,,,,,,,,,0.0,0.0,100.0,0.0
2022-10-10,,,,,,,,,,0.0,0.0,100.0,0.0,0.0,100.0,0.0
2022-10-11,,,,,,,,,,0.0,0.0,100.0,0.0,0.0,100.0,0.0
2022-10-12,,,,,,,,,,0.0,0.0,100.0,0.0,0.0,100.0,0.0
2022-10-13,7.6,12.6,99.3,,,,,,,,,,0.0,0.0,100.0,0.0
2022-10-14,,,,59.2,50.5,100.0,,,,,,,0.0,0.0,100.0,0.0
2022-10-15,,,,,,,,,,,,,0.0,0.0,100.0,0.0
2022-10-16,9.5,13.5,99.5,,,,,,,0.0,0.0,100.0,0.0,0.0,100.0,0.0
2022-10-17,,,,1.7,28.6,100.0,0.0,0.0,100.0,0.0,0.0,100.0,0.0,0.0,100.0,0.0
2022-10-18,,,,,,,,,,0.0,0.0,100.0,0.0,0.0,100.0,0.0
2022-10-19,,,,,,,,,,,,,0.0,0.0,100.0,0.0
2022-10-20,11.0,14.4,99.5,,,,,,,,,,0.0,0.0,100.0,0.0
2022-10-21,13.3,16.6,87.4,,,,,,,,,,0.0,0.0,100.0,0.0
2022-10-22,,,,,,,,,,,,,0.0,0.0,100.0,0.0
2022-10-23,,,,,,,,,,,,,0.0,0.0,100.0,0.0
2022-10-24,,,,,,,,,,,,,0.0,0.0,100.0,0.0
2022-10-25,14.3,18.0,99.5,,,,0.0,0.0,100.0,,,,0.0,0.0,100.0,0.0
2022-10-26,,,,,,,,,,,,,0.0,0.0,100.0,0.0
2022-10-27,,,,1.9,25.4,100.0,,,,0.0,0.0,100.0,0.0,0.0,100.0,0.0
2022-10-28,17.4,19.5,99.3,,,,,,,,,,0.0,0.0,100.0,0.0
2022-10-29,,,,26.1,43.3,100.0,,,,,,,0.0,0.0,100.0,0.0
2022-10-30,,,,,,,,,,0.0,0.0,100.0,0.0,0.0,100.0,0.0
2022-10-31,,,,,,,,,,0.0,0.0,100.0,0.0,0.0,100.0,0.0
2022-11-01,16.9,18.6,99.5,,,,,,,0.0,0.0,100.0,0.0,0.0,100.0,0.0
2022-11-02,15.2,16.8,87.4,,,,,,,,,,0.0,0.1,100.0,0.0
2022-11-03,,,,,,,,,,,,,0.0,0.1,100.0,0.0
2022-11-04,,,,,,,,,,,,,0.0,0.1,100.0,0.0
2022-11-05,,,,,,,,,,,,,0.0,0.1,100.0,0.0
2022-11-06,14.5,17.4,99.5,82.0,60.6,100.0,,,,,,,0.0,0.1,100.0,0.0
2022-11-07,,,,,,,,,,,,,0.0,0.1,100.0,0.0
2022-11-08,,,,84.1,72.8,100.0,,,,0.0,0.1,100.0,0.0,0.1,100.0,0.0
2022-11-09,15.0,16.9,99.5,,,,,,,,,,0.0,0.2,100.0,0.0
2022-11-10,,,,,,,,,,,,,0.0,0.3,100.0,0.0
2022-11-11,,,,,,,,,,,,,0.0,0.4,100.0,0.0
2022-11-12,,,,,,,,,,0.0,0.1,100.0,0.0,0.4,100.0,0.0
2022-11-13,15.0,17.1,99.5,88.9,84.7,100.0,,,,,,,0.0,0.5,100.0,0.0
2022-11-14,11.7,13.4,87.4,,,,,,,,,,0.0,0.6,100.0,0.0
2022-11-15,,,,,,,,,,,,,0.0,0.7,100.0,0.0
2022-11-16,,,,,,,,,,,,,0.0,0.8,100.0,0.0
2022-11-17,,,,,,,,,,,,,0.0,1.0,100.0,0.0
2022-11-18,13.1,14.1,99.5,,,,,,,,,,0.0,1.2,100.0,0.0
2022-11-19,,,,,,,,,,,,,0.0,1.6,100.0,0.0
2022-11-20,,,,,,,,,,,,,0.0,1.2,100.0,0.0
2022-11-21,12.7,14.6,99.1,,,,,,,,,,0.0,1.7,100.0,0.0
2022-11-22,,,,,,,,,,,,,0.0,1.6,100.0,0.0
2022-11-23,,,,,,,,,,,,,0.0,2.3,100.0,0.0
2022-11-24,,,,,,,,,,,,,0.0,1.6,100.0,0.0
2022-11-25,14.0,14.0,99.5,,,,,,,,,,0.0,2.4,100.0,0.0
2022-11-26,11.1,13.7,90.0,89.6,85.6,100.0,,,,,,,0.0,2.0,100.0,0.0
2022-11-27,,,,,,,,,,,,,0.0,2.9,100.0,0.0
2022-11-28,,,,95.3,93.4,100.0,,,,,,,0.0,2.1,100.0,0.0
2022-11-29,,,,,,,,,,,,,0.0,2.7,100.0,0.0
2022-11-30,11.7,13.2,99.5,,,,,,,,,,0.0,1.9,100.0,0.0
2022-12-01,,,,,,,,,,,,,0.0,2.8,100.0,0.0
2022-12-02,,,,,,,,,,,,,0.0,2.1,100.0,0.0
2022-12-03,14.8,18.0,99.5,,,,,,,,,,0.0,2.8,100.0,0.0
2022-12-04,,,,,,,,,,,,,0.0,2.5,100.0,0.0
2022-12-05,,,,,,,,,,0.0,1.9,74.6,0.0,3.6,100.0,0.0
2022-12-06,,,,96.5,93.2,81.5,,,,0.0,0.9,100.0,0.0,2.9,100.0,0.0
2022-12-07,17.1,18.1,99.5,,,,,,,,,,0.0,3.4,100.0,0.0
2022-12-08,14.8,19.4,87.9,,,,,,,0.0,2.4,100.0,0.0,2.8,100.0,0.0
2022-12-09,,,,,,,,,,,,,0.0,4.2,100.0,0.0
2022-12-10,,,,,,,,,,,,,0.0,3.6,100.0,0.0
2022-12-11,,,,,,,,,,,,,0.0,4.4,100.0,0.0
2022-12-12,23.9,26.6,99.5,,,,0.0,13.2,100.0,,,,0.0,5.5,100.0,0.0
2022-12-13,,,,92.7,88.6,100.0,,,,,,,0.0,8.3,100.0,0.0
2022-12-14,,,,,,,,,,,,,0.0,7.8,100.0,0.0
2022-12-15,37.6,36.0,99.5,,,,,,,,,,0.0,8.1,100.0,0.0
2022-12-16,,,,,,,,,,,,,0.0,7.9,100.0,0.0
2022-12-17,,,,,,,,,,,,,0.0,11.2,100.0,0.0
2022-12-18,,,,,,,,,,,,,0.0,12.7,100.0,0.0
2022-12-19,37.4,37.4,99.5,,,,,,,,,,1.2,14.6,100.0,1.2
2022-12-20,28.8,29.0,85.5,,,,,,,,,,1.2,14.9,100.0,1.2
2022-12-21,,,,,,,,,,,,,2.6,16.8,100.0,2.6
2022-12-22,,,,,,,,,,,,,4.5,19.0,100.0,4.5
2022-12-23,,,,89.3,81.9,100.0,,,,0.0,2.4,100.0,5.2,16.8,100.0,5.2
2022-12-24,31.9,32.8,99.5,,,,,,,,,,6.4,17.9,100.0,6.4
2022-12-25,,,,,,,,,,,,,6.9,17.9,100.0,6.9
2022-12-26,,,,90.0,77.9,100.0,,,,,,,7.1,19.1,100.0,7.1
2022-12-27,34.6,33.6,99.3,,,,,,,,,,7.6,19.6,100.0,7.6
2022-12-28,,,,48.0,47.9,99.8,,,,,,,7.8,20.5,100.0,7.8
2022-12-29,,,,,,,,,,,,,7.6,20.6,100.0,7.6
2022-12-30,,,,,,,,,,,,,7.8,21.0,100.0,7.8
2022-12-31,31.9,32.4,99.5,,,,,,,,,,7.3,19.9,100.0,7.3
2023-01-01,26.4,25.4,84.3,,,,,,,,,,7.9,21.0,100.0,7.9
2023-01-02,,,,25.2,40.5,100.0,,,,,,,7.9,25.1,100.0,7.9
2023-01-03,,,,,,,,,,,,,7.9,25.4,100.0,7.9
2023-01-04,,,,,,,,,,,,,8.1,30.3,100.0,8.1
2023-01-05,27.6,29.1,98.4,79.1,57.6,100.0,,,,,,,7.6,30.2,100.0,7.6
2023-01-06,,,,,,,,,,,,,7.9,33.8,100.0,7.9
2023-01-07,,,,,,,,,,,,,7.9,36.0,100.0,7.9
2023-01-08,37.9,36.3,98.4,,,,,,,0.7,8.2,100.0,12.8,46.5,100.0,12.8
2023-01-09,,,,,,,,,,,,,16.9,48.9,100.0,16.9
2023-01-10,,,,,,,,,,,,,35.1,56.2,100.0,35.1
2023-01-11,,,,,,,,,,0.7,7.7,100.0,30.6,54.0,100.0,30.6
2023-01-12,47.8,42.8,98.4,13.5,39.4,100.0,,,,,,,70.3,63.9,100.0,70.3
2023-01-13,42.9,43.4,82.7,,,,,,,,,,48.1,59.5,100.0,48.1
2023-01-14,,,,,,,,,,,,,49.4,59.7,100.0,49.4
2023-01-15,,,,,,,,,,,,,49.2,59.4,100.0,49.2
2023-01-16,,,,,,,,,,,,,62.5,61.7,100.0,62.5
2023-01-17,65.1,54.0,98.4,,,,,,,,,,61.3,61.0,100.0,61.3
2023-01-18,,,,,,,,,,,,,47.2,58.2,100.0,47.2
2023-01-19,,,,,,,,,,,,,25.8,55.0,100.0,25.8
2023-01-20,90.2,65.0,98.4,,,,,,,,,,29.7,55.9,100.0,29.7
2023-01-21,,,,,,,,,,,,,16.9,53.8,100.0,16.9
2023-01-22,,,,,,,,,,,,,8.1,52.1,100.0,8.1
2023-01-23,,,,,,,,,,,,,9.0,51.8,100.0,9.0
2023-01-24,62.6,55.6,98.4,,,,,,,,,,16.9,53.6,100.0,16.9
2023-01-25,64.2,53.8,86.1,,,,,,,1.0,21.7,43.8,15.3,52.7,100.0,15.3
2023-01-26,,,,,,,,,,,,,22.5,55.6,100.0,22.5
2023-01-27,,,,,,,,,,,,,20.7,54.4,100.0,20.7
2023-01-28,,,,,,,,,,,,,52.8,60.1,100.0,52.8
2023-01-29,97.5,70.6,98.4,,,,,,,,,,48.1,58.6,100.0,48.1
2023-01-30,,,,,,,,,,,,,84.9,64.3,100.0,84.9
2023-01-31,,,,,,,,,,3.8,24.0,100.0,59.3,61.0,100.0,59.3
2023-02-01,98.9,76.1,98.2,,,,,,,,,,95.5,69.3,100.0,95.5
2023-02-02,,,,,,,,,,,,,76.9,64.6,100.0,76.9
2023-02-03,,,,,,,,,,,,,92.1,70.3,100.0,92.1
2023-02-04,,,,,,,,,,17.6,33.1,91.9,76.2,65.1,100.0,76.2
2023-02-05,96.8,69.0,98.4,,,,,,,33.2,42.3,85.2,91.9,71.9,100.0,91.9
2023-02-06,81.5,60.2,83.6,,,,,,,,,,88.1,70.0,100.0,88.1
2023-02-07,,,,,,,,,,46.5,48.5,100.0,92.6,74.1,100.0,92.6
2023-02-08,,,,,,,,,,,,,91.2,74.4,100.0,91.2
2023-02-09,,,,77.5,57.9,100.0,,,,72.1,57.9,100.0,93.9,78.7,100.0,93.9
2023-02-10,95.0,67.6,98.4,,,,,,,84.0,68.1,100.0,92.4,79.0,100.0,92.4
2023-02-11,,,,,,,,,,,,,93.7,80.7,100.0,93.7
2023-02-12,,,,,,,,,,92.1,77.4,100.0,91.2,80.4,100.0,91.2
2023-02-13,94.7,68.3,98.4,,,,,,,92.4,77.0,100.0,93.3,82.0,100.0,93.3
2023-02-14,,,,78.0,61.3,100.0,88.1,74.8,100.0,92.6,78.3,100.0,92.4,83.0,100.0,92.4
2023-02-15,,,,,,,,,,,,,92.6,81.5,100.0,92.6
2023-02-16,,,,80.9,71.9,100.0,,,,93.5,77.4,100.0,91.0,81.7,100.0,91.0
2023-02-17,79.4,59.3,98.2,,,,,,,92.4,77.7,100.0,90.8,80.0,100.0,90.8
2023-02-18,33.4,35.6,83.4,,,,,,,92.8,79.3,100.0,89.9,77.8,100.0,89.9
2023-02-19,,,,,,,,,,,,,87.9,73.3,100.0,87.9
2023-02-20,,,,,,,,,,,,,86.5,71.3,100.0,86.5
2023-02-21,,,,49.9,42.7,100.0,,,,,,,77.8,66.1,100.0,77.8
2023-02-22,43.8,41.2,98.4,,,,15.2,35.6,60.7,,,,60.2,61.7,100.0,60.2
2023-02-23,,,,,,,,,,,,,34.4,53.1,100.0,34.4
2023-02-24,,,,0.4,28.6,100.0,,,,,,,30.6,51.6,100.0,30.6
2023-02-25,33.3,34.6,98.4,,,,,,,,,,14.2,43.3,100.0,14.2
2023-02-26,,,,,,,,,,97.8,89.3,50.6,16.0,42.1,100.0,16.0
2023-02-27,,,,,,,,,,,,,6.7,34.7,100.0,6.7
2023-02-28,,,,,,,,,,,,,15.1,41.1,100.0,15.1
2023-03-01,31.1,31.6,98.4,,,,,,,97.0,86.1,100.0,10.6,36.1,100.0,10.6
2023-03-02,14.6,17.1,84.9,,,,,,,97.3,80.4,100.0,15.1,38.7,100.0,15.1
2023-03-03,,,,0.4,22.1,100.0,,,,94.2,77.7,100.0,3.1,30.1,100.0,3.1
2023-03-04,,,,,,,,,,88.5,65.5,100.0,6.3,34.9,100.0,6.3
2023-03-05,,,,,,,,,,,,,3.1,30.4,100.0,3.1
2023-03-06,18.5,20.4,98.4,,,,,,,,,,7.6,33.8,100.0,7.6
2023-03-07,,,,,,,,,,,,,1.3,26.4,100.0,1.3
2023-03-08,,,,,,,,,,,,,4.0,32.0,100.0,4.0
2023-03-09,21.7,21.3,98.4,,,,,,,,,,2.0,28.4,100.0,2.0
2023-03-10,,,,,,,,,,,,,1.1,27.6,100.0,1.1
2023-03-11,,,,0.0,4.7,98.9,,,,67.9,54.4,67.9,0.7,23.5,100.0,0.7
2023-03-12,,,,,,,,,,,,,0.7,24.6,100.0,0.7
2023-03-13,20.5,21.6,98.4,0.8,22.1,81.6,,,,,,,0.7,21.0,100.0,0.7
2023-03-14,18.9,20.3,82.0,,,,,,,11.5,28.4,100.0,0.4,17.8,100.0,0.4
2023-03-15,,,,,,,,,,,,,0.0,15.6,100.0,0.0
2023-03-16,,,,0.0,3.1,100.0,,,,,,,0.0,15.6,100.0,0.0
2023-03-17,,,,,,,,,,,,,0.0,15.3,100.0,0.0
2023-03-18,32.9,32.2,98.4,0.0,6.3,100.0,0.4,4.1,100.0,0.0,8.7,100.0,0.0,15.8,100.0,0.0
2023-03-19,,,,,,,,,,,,,0.0,14.5,100.0,0.0
2023-03-20,,,,,,,,,,,,,0.0,13.5,100.0,0.0
2023-03-21,38.3,37.3,99.8,,,,,,,,,,0.0,12.8,100.0,0.0
2023-03-22,,,,,,,,,,,,,0.0,15.6,100.0,0.0
2023-03-23,,,,,,,,,,0.0,5.1,100.0,0.0,12.9,100.0,0.0
2023-03-24,,,,,,,,,,,,,0.0,17.0,100.0,0.0
2023-03-25,48.2,42.4,99.8,,,,,,,,,,0.0,22.0,100.0,0.0
2023-03-26,47.9,45.0,85.4,,,,,,,,,,0.0,32.3,100.0,0.0
2023-03-27,,,,,,,,,,,,,0.0,28.8,100.0,0.0
2023-03-28,,,,0.0,3.7,100.0,,,,0.0,1.0,100.0,0.0,31.8,100.0,0.0
2023-03-29,,,,,,,,,,,,,0.0,34.4,100.0,0.0
2023-03-30,98.0,70.4,99.6,,,,,,,,,,0.0,38.2,100.0,0.0
2023-03-31,,,,0.0,6.5,100.0,,,,0.0,1.9,100.0,0.0,25.9,100.0,0.0
2023-04-01,,,,,,,,,,,,,0.0,26.0,100.0,0.0
2023-04-02,98.9,76.1,99.8,,,,,,,,,,0.0,28.5,100.0,0.0
2023-04-03,,,,,,,,,,,,,0.0,30.6,100.0,0.0
2023-04-04,,,,,,,,,,,,,0.0,24.9,100.0,0.0
2023-04-05,,,,0.0,4.0,100.0,,,,,,,0.0,24.9,100.0,0.0
2023-04-06,98.9,75.7,99.8,,,,,,,,,,0.0,22.3,100.0,0.0
2023-04-07,100.0,77.6,83.8,,,,,,,,,,0.0,17.0,100.0,0.0
2023-04-08,,,,,,,,,,,,,0.0,9.8,100.0,0.0
2023-04-09,,,,,,,,,,,,,0.0,9.6,100.0,0.0
2023-04-10,,,,,,,,,,,,,0.0,9.1,100.0,0.0
2023-04-11,99.3,82.2,99.8,,,,,,,,,,0.0,8.7,100.0,0.0
2023-04-12,,,,,,,,,,,,,0.0,7.9,100.0,0.0
2023-04-13,,,,,,,,,,,,,0.0,10.6,100.0,0.0
2023-04-14,99.5,83.4,99.1,,,,,,,,,,0.0,13.3,100.0,0.0
2023-04-15,,,,,,,,,,,,,0.0,10.8,100.0,0.0
2023-04-16,,,,,,,,,,,,,0.0,10.3,100.0,0.0
2023-04-17,,,,0.2,21.2,98.7,,,,,,,0.0,10.1,100.0,0.0
2023-04-18,98.9,74.3,99.8,,,,,,,,,,0.0,14.1,100.0,0.0
2023-04-19,77.4,60.6,81.6,,,,,,,0.0,0.3,100.0,0.0,10.2,100.0,0.0
2023-04-20,,,,0.0,10.8,100.0,,,,,,,0.0,12.9,100.0,0.0
2023-04-21,,,,,,,,,,0.0,0.1,86.7,0.0,6.2,100.0,0.0
2023-04-22,,,,0.3,17.9,73.5,,,,,,,0.0,7.8,100.0,0.0
2023-04-23,98.9,75.2,99.8,,,,,,,0.0,0.1,100.0,0.0,5.4,100.0,0.0
2023-04-24,,,,,,,,,,,,,0.0,7.0,100.0,0.0
2023-04-25,,,,,,,,,,0.0,0.0,80.4,0.0,4.9,100.0,0.0
2023-04-26,99.1,76.9,99.6,,,,,,,,,,0.0,5.8,100.0,0.0
2023-04-27,,,,,,,,,,,,,0.0,4.3,100.0,0.0
2023-04-28,,,,,,,,,,,,,0.0,4.1,100.0,0.0
2023-04-29,,,,,,,,,,,,,0.0,2.4,100.0,0.0
2023-04-30,99.8,77.0,99.8,0.0,9.7,47.0,,,,0.0,0.0,99.6,0.0,1.8,100.0,0.0
2023-05-01,76.4,61.1,87.6,,,,,,,,,,0.0,1.4,100.0,0.0
2023-05-02,,,,,,,,,,,,,0.0,0.9,100.0,0.0
2023-05-03,,,,,,,,,,,,,0.0,0.7,100.0,0.0
2023-05-04,,,,,,,,,,0.0,0.0,38.7,0.0,0.5,100.0,0.0
2023-05-05,93.2,69.4,99.8,0.0,2.1,100.0,0.0,0.0,100.0,,,,0.0,0.4,100.0,0.0
2023-05-06,,,,,,,,,,,,,0.0,0.3,100.0,0.0
2023-05-07,,,,,,,,,,,,,0.0,0.2,100.0,0.0
2023-05-08,84.2,66.5,99.6,,,,,,,,,,0.0,0.1,100.0,0.0
2023-05-09,,,,,,,,,,,,,0.0,0.1,100.0,0.0
2023-05-10,,,,,,,,,,,,,0.0,0.1,100.0,0.0
2023-05-11,,,,,,,,,,,,,0.0,0.1,100.0,0.0
2023-05-12,86.5,64.7,99.8,,,,,,,,,,0.0,0.1,100.0,0.0
2023-05-13,56.3,52.0,88.5,,,,,,,,,,0.0,0.1,100.0,0.0
2023-05-14,,,,,,,,,,,,,0.0,0.1,100.0,0.0
2023-05-15,,,,,,,,,,,,,0.0,0.2,100.0,0.0
2023-05-16,,,,,,,,,,,,,0.0,0.1,100.0,0.0
2023-05-17,84.5,63.4,99.8,,,,,,,,,,0.0,0.1,100.0,0.0
2023-05-18,,,,,,,,,,,,,0.0,0.2,100.0,0.0
2023-05-19,,,,,,,,,,,,,0.0,0.2,100.0,0.0
2023-05-20,70.1,59.6,99.3,,,,,,,,,,0.0,0.2,100.0,0.0
2023-05-21,,,,,,,,,,,,,0.0,0.2,100.0,0.0
2023-05-22,,,,0.0,4.7,100.0,0.0,0.0,66.3,,,,0.0,0.3,100.0,0.0
2023-05-23,,,,,,,,,,,,,0.0,0.2,100.0,0.0
2023-05-24,77.7,60.4,99.8,,,,,,,,,,0.0,0.2,100.0,0.0
2023-05-25,85.7,65.3,84.9,0.0,5.8,100.0,,,,,,,0.0,0.1,100.0,0.0
2023-05-26,,,,,,,,,,,,,0.0,0.1,100.0,0.0
2023-05-27,,,,2.7,20.9,100.0,0.0,0.0,100.0,,,,0.0,0.1,100.0,0.0
2023-05-28,,,,,,,,,,0.0,0.0,100.0,0.0,0.1,100.0,0.0
2023-05-29,86.7,64.9,99.6,,,,0.0,0.0,100.0,,,,0.0,0.1,100.0,0.0
2023-05-30,,,,2.9,20.1,100.0,,,,,,,0.0,0.1,100.0,0.0
2023-05-31,,,,,,,,,,,,,0.0,0.1,100.0,0.0
2023-06-01,70.9,58.1,99.6,2.9,17.4,100.0,0.0,0.0,43.6,,,,0.0,0.1,100.0,0.0
2023-06-02,,,,,,,,,,,,,0.0,0.1,100.0,0.0
2023-06-03,,,,,,,,,,,,,0.0,0.1,100.0,0.0
2023-06-04,,,,,,,,,,,,,0.0,0.1,100.0,0.0
2023-06-05,,,,,,,,,,,,,0.0,0.1,100.0,0.0
2023-06-06,60.6,52.8,84.9,,,,,,,,,,0.0,0.3,100.0,0.0
2023-06-07,,,,,,,,,,,,,0.0,0.3,100.0,0.0
2023-06-08,,,,,,,,,,,,,0.0,0.3,100.0,0.0
2023-06-09,,,,,,,,,,,,,0.0,0.2,100.0,0.0
2023-06-10,68.9,54.7,99.8,,,,,,,,,,0.0,0.4,100.0,0.0
2023-06-11,,,,,,,,,,,,,0.0,0.4,100.0,0.0
2023-06-12,,,,,,,,,,0.0,0.0,100.0,0.0,0.2,100.0,0.0
2023-06-13,61.9,53.1,99.6,,,,,,,0.0,0.0,100.0,0.0,0.2,100.0,0.0
2023-06-14,,,,,,,,,,,,,0.0,0.2,100.0,0.0
2023-06-15,,,,,,,,,,,,,0.0,0.2,100.0,0.0
2023-06-16,,,,4.2,36.4,32.1,,,,0.0,0.0,99.8,0.0,0.2,100.0,0.0
2023-06-17,53.4,48.2,99.8,,,,,,,,,,0.0,0.1,100.0,0.0
2023-06-18,34.3,35.3,85.8,,,,0.0,0.0,96.4,0.0,0.0,100.0,0.0,0.1,100.0,0.0
2023-06-19,,,,0.0,4.9,100.0,,,,0.0,0.0,100.0,0.0,0.1,100.0,0.0
2023-06-20,,,,,,,,,,0.0,0.0,100.0,0.0,0.1,100.0,0.0
2023-06-21,,,,0.0,3.5,100.0,,,,0.0,0.0,100.0,0.0,0.1,100.0,0.0
2023-06-22,42.9,42.9,99.6,,,,,,,,,,0.0,0.1,100.0,0.0
2023-06-23,,,,,,,,,,,,,0.0,0.0,100.0,0.0
2023-06-24,,,,,,,,,,,,,0.0,0.0,100.0,0.0
2023-06-25,39.8,40.7,99.3,,,,,,,0.0,0.0,100.0,0.0,0.0,100.0,0.0
2023-06-26,,,,0.0,4.2,83.8,,,,,,,0.0,0.0,100.0,0.0
2023-06-27,,,,,,,,,,,,,0.0,0.0,100.0,0.0
2023-06-28,,,,,,,,,,0.0,0.0,100.0,0.0,0.0,100.0,0.0
2023-06-29,36.7,35.9,99.8,0.0,4.1,100.0,,,,0.0,0.0,100.0,0.0,0.0,100.0,0.0
2023-06-30,31.0,29.7,86.3,,,,0.0,0.0,100.0,0.0,0.0,100.0,0.0,0.0,100.0,0.0
2023-07-01,,,,,,,,,,,,,0.0,0.0,100.0,0.0
2023-07-02,,,,,,,,,,,,,0.0,0.0,100.0,0.0
2023-07-03,,,,,,,,,,,,,0.0,0.0,100.0,0.0
2023-07-04,34.2,32.6,99.8,,,,,,,,,,0.0,0.0,100.0,0.0
2023-07-05,,,,,,,,,,,,,0.0,0.0,100.0,0.0
2023-07-06,,,,,,,,,,,,,0.0,0.0,100.0,0.0
2023-07-07,33.7,34.6,98.7,,,,,,,0.0,0.0,100.0,0.0,0.0,100.0,0.0
2023-07-08,,,,,,,0.0,0.0,100.0,0.0,0.0,100.0,0.0,0.0,100.0,0.0
2023-07-09,,,,0.0,7.2,100.0,,,,0.0,0.0,100.0,0.0,0.0,100.0,0.0
2023-07-10,,,,,,,0.0,0.0,52.8,,,,0.0,0.0,100.0,0.0
2023-07-11,34.9,33.5,98.0,0.0,14.4,100.0,,,,,,,0.0,0.0,100.0,0.0
2023-07-12,29.4,29.7,87.2,,,,,,,,,,0.0,0.0,100.0,0.0
2023-07-13,,,,,,,,,,,,,0.0,0.0,100.0,0.0
2023-07-14,,,,0.0,6.7,100.0,,,,,,,0.0,0.0,100.0,0.0
2023-07-15,,,,,,,,,,,,,0.0,0.0,100.0,0.0
2023-07-16,46.9,45.4,98.7,0.0,7.6,100.0,0.0,0.0,100.0,0.0,0.0,100.0,0.0,0.0,100.0,0.0
2023-07-17,,,,,,,,,,,,,0.0,0.0,100.0,0.0
2023-07-18,,,,,,,,,,,,,0.0,0.0,100.0,0.0
2023-07-19,69.2,56.2,98.4,,,,,,,,,,0.0,0.0,100.0,0.0
2023-07-20,,,,,,,,,,,,,0.0,0.0,100.0,0.0
2023-07-21,,,,,,,,,,,,,0.0,0.0,100.0,0.0
2023-07-22,,,,,,,,,,,,,0.0,0.0,100.0,0.0
2023-07-23,72.7,56.1,98.7,,,,,,,,,,0.0,0.0,100.0,0.0
2023-07-24,61.8,52.7,88.3,,,,0.0,0.0,100.0,,,,0.0,0.0,100.0,0.0
2023-07-25,,,,,,,,,,,,,0.0,0.0,100.0,0.0
2023-07-26,,,,,,,,,,,,,0.0,0.0,100.0,0.0
2023-07-27,,,,,,,,,,,,,0.0,0.0,100.0,0.0
2023-07-28,83.3,61.1,98.4,,,,,,,,,,0.0,0.0,100.0,0.0
2023-07-29,,,,0.0,1.8,100.0,,,,,,,0.0,0.0,100.0,0.0
2023-07-30,,,,,,,,,,,,,0.0,0.0,100.0,0.0
2023-07-31,89.3,65.9,98.4,0.0,2.3,100.0,,,,,,,0.0,0.0,100.0,0.0
2023-08-01,,,,,,,,,,,,,0.0,0.0,100.0,0.0
2023-08-02,,,,,,,,,,0.0,0.0,100.0,0.0,0.0,100.0,0.0
2023-08-03,,,,,,,,,,,,,0.0,0.0,100.0,0.0
2023-08-04,82.2,60.3,98.7,,,,,,,,,,0.0,0.0,100.0,0.0
2023-08-05,74.0,58.3,87.4,,,,,,,,,,0.0,0.0,100.0,0.0
2023-08-06,,,,,,,,,,,,,0.0,0.0,100.0,0.0
2023-08-07,,,,,,,,,,,,,0.0,0.0,100.0,0.0
2023-08-08,,,,0.0,2.3,100.0,,,,0.0,0.0,100.0,0.0,0.0,100.0,0.0
2023-08-09,93.6,66.4,98.7,,,,,,,,,,0.0,0.0,100.0,0.0
2023-08-10,,,,,,,,,,,,,0.0,0.0,100.0,0.0
2023-08-11,,,,,,,,,,0.0,0.0,100.0,0.0,0.0,100.0,0.0
2023-08-12,95.7,71.7,98.7,,,,,,,0.0,0.0,100.0,0.0,0.0,100.0,0.0
2023-08-13,,,,0.0,3.2,100.0,,,,0.0,0.0,100.0,0.0,0.0,100.0,0.0
2023-08-14,,,,,,,,,,0.0,0.0,100.0,0.0,0.0,100.0,0.0
2023-08-15,,,,0.0,4.9,100.0,,,,0.0,0.0,100.0,0.0,0.0,100.0,0.0
2023-08-16,72.7,57.4,96.4,,,,,,,0.0,0.0,72.6,0.0,0.0,100.0,0.0
2023-08-17,61.1,54.0,84.3,,,,0.0,0.0,97.5,,,,0.0,0.0,100.0,0.0
2023-08-18,,,,,,,,,,0.0,0.0,100.0,0.0,0.0,100.0,0.0
2023-08-19,,,,,,,,,,,,,0.0,0.0,100.0,0.0
2023-08-20,,,,0.0,4.8,100.0,,,,,,,0.0,0.0,100.0,0.0
2023-08-21,71.3,57.5,96.4,,,,,,,,,,0.0,0.0,100.0,0.0
2023-08-22,,,,,,,,,,,,,0.0,0.0,100.0,0.0
2023-08-23,,,,,,,,,,0.0,0.0,100.0,0.0,0.0,100.0,0.0
2023-08-24,73.4,60.1,96.4,,,,,,,,,,0.0,0.0,100.0,0.0
2023-08-25,,,,0.0,2.5,67.0,,,,0.0,0.0,100.0,0.0,0.0,100.0,0.0
2023-08-26,,,,,,,,,,,,,0.0,0.0,100.0,0.0
2023-08-27,,,,,,,,,,,,,0.0,0.0,100.0,0.0
2023-08-28,56.5,51.6,96.2,0.0,7.9,100.0,,,,,,,0.0,0.0,100.0,0.0
2023-08-29,52.1,47.2,84.5,,,,,,,,,,0.0,0.0,100.0,0.0
2023-08-30,,,,,,,,,,,,,0.0,0.0,100.0,0.0
2023-08-31,,,,,,,,,,,,,0.0,0.0,100.0,0.0
2023-09-01,,,,,,,,,,,,,0.0,0.0,100.0,0.0
2023-09-02,70.4,56.3,96.4,0.0,1.6,100.0,0.0,0.0,100.0,0.0,0.0,100.0,0.0,0.0,100.0,0.0
2023-09-03,,,,,,,,,,0.0,0.0,100.0,0.0,0.0,100.0,0.0
2023-09-04,,,,0.0,12.7,63.6,,,,,,,0.0,0.0,100.0,0.0
2023-09-05,75.5,59.0,96.4,,,,,,,,,,0.0,0.0,100.0,0.0
2023-09-06,,,,,,,,,,,,,0.0,0.0,100.0,0.0
2023-09-07,,,,0.0,2.3,100.0,,,,0.0,0.0,100.0,0.0,0.0,100.0,0.0
2023-09-08,,,,,,,,,,,,,0.0,0.0,100.0,0.0
2023-09-09,70.0,55.1,96.0,0.0,2.4,100.0,,,,0.0,0.0,100.0,0.0,0.0,100.0,0.0
2023-09-10,67.5,54.2,88.5,,,,0.0,0.0,100.0,,,,0.0,0.0,100.0,0.0
2023-09-11,,,,,,,,,,,,,0.0,0.0,100.0,0.0
2023-09-12,,,,0.4,3.8,100.0,,,,,,,0.0,0.0,100.0,0.0
2023-09-13,,,,,,,,,,0.0,0.0,100.0,0.0,0.0,100.0,0.0
2023-09-14,71.2,54.9,96.0,,,,,,,,,,0.0,0.0,100.0,0.0
2023-09-15,,,,,,,,,,,,,0.0,0.0,100.0,0.0
2023-09-16,,,,,,,,,,,,,0.0,0.0,100.0,0.0
2023-09-17,68.6,52.5,96.0,0.4,8.0,100.0,,,,,,,0.0,0.0,100.0,0.0
2023-09-18,,,,,,,0.0,0.0,100.0,,,,0.0,0.0,100.0,0.0
2023-09-19,,,,0.0,9.5,90.3,,,,,,,0.0,0.0,100.0,0.0
2023-09-20,,,,,,,,,,,,,0.0,0.0,100.0,0.0
2023-09-21,42.7,40.6,96.4,,,,,,,0.0,0.0,100.0,0.0,0.0,100.0,0.0
2023-09-22,26.3,34.8,87.9,7.2,33.3,100.0,,,,,,,0.0,0.0,100.0,0.0
2023-09-23,,,,,,,,,,,,,0.0,0.0,100.0,0.0
2023-09-24,,,,,,,,,,,,,0.0,0.0,100.0,0.0
2023-09-25,,,,,,,,,,0.0,0.0,100.0,0.0,0.0,100.0,0.0
2023-09-26,26.6,34.6,96.4,,,,0.0,0.0,100.0,0.0,0.0,100.0,0.0,0.0,100.0,0.0
2023-09-27,,,,0.0,8.8,68.3,,,,0.0,0.0,100.0,0.0,0.0,100.0,0.0
2023-09-28,,,,,,,,,,,,,0.0,0.0,100.0,0.0
2023-09-29,22.6,31.2,96.4,0.0,6.5,100.0,,,,0.0,0.0,100.0,0.0,0.0,100.0,0.0
2023-09-30,,,,,,,,,,,,,0.0,0.0,100.0,0.0
2023-10-01,,,,,,,,,,,,,0.0,0.0,100.0,0.0
2023-10-02,,,,0.0,6.2,100.0,,,,,,,0.0,0.0,100.0,0.0
2023-10-03,20.7,30.3,96.4,,,,,,,0.0,0.0,100.0,0.0,0.0,100.0,0.0
2023-10-04,16.9,28.3,85.2,,,,,,,,,,0.0,0.0,100.0,0.0
2023-10-05,,,,,,,,,,,,,0.0,0.0,100.0,0.0
2023-10-06,,,,,,,,,,,,,0.0,0.0,100.0,0.0
2023-10-07,,,,0.0,8.4,60.0,,,,,,,0.0,0.0,100.0,0.0
2023-10-08,19.6,31.1,96.4,,,,,,,,,,0.0,0.1,100.0,0.0
2023-10-09,,,,,,,,,,,,,0.0,0.1,100.0,0.0
2023-10-10,,,,,,,,,,,,,0.0,0.1,100.0,0.0
2023-10-11,20.0,29.7,95.7,,,,,,,0.0,0.0,100.0,0.0,0.1,100.0,0.0
2023-10-12,,,,,,,,,,,,,0.0,0.1,100.0,0.0
2023-10-13,,,,,,,,,,,,,0.0,0.1,100.0,0.0
2023-10-14,,,,0.0,8.4,100.0,,,,0.0,0.0,100.0,0.0,0.1,100.0,0.0
2023-10-15,20.1,29.2,96.2,,,,,,,,,,0.0,0.1,100.0,0.0
2023-10-16,46.3,41.2,82.9,,,,,,,,,,0.0,0.2,100.0,0.0
2023-10-17,,,,0.7,12.8,100.0,,,,,,,0.0,0.2,100.0,0.0
2023-10-18,,,,,,,,,,,,,0.0,0.4,100.0,0.0
2023-10-19,,,,,,,,,,,,,0.0,0.3,100.0,0.0
2023-10-20,36.4,37.4,96.4,,,,,,,,,,0.0,0.3,100.0,0.0
2023-10-21,,,,,,,,,,,,,0.0,0.3,100.0,0.0
2023-10-22,,,,0.0,4.2,100.0,,,,0.0,0.0,53.3,0.0,0.3,100.0,0.0
2023-10-23,33.6,34.7,96.4,,,,,,,0.0,0.0,100.0,0.0,0.2,100.0,0.0
2023-10-24,,,,,,,,,,,,,0.0,0.4,100.0,0.0
2023-10-25,,,,,,,,,,,,,0.0,0.2,100.0,0.0
2023-10-26,,,,,,,,,,,,,0.0,0.5,100.0,0.0
2023-10-27,23.1,29.7,96.2,,,,,,,,,,0.0,0.3,100.0,0.0
2023-10-28,,,,,,,,,,,,,0.0,0.5,100.0,0.0
2023-10-29,,,,1.3,8.0,100.0,,,,0.0,0.0,100.0,0.0,0.2,100.0,0.0
2023-10-30,,,,,,,,,,,,,0.0,0.6,100.0,0.0
2023-10-31,,,,,,,,,,,,,0.0,0.4,100.0,0.0
2023-11-01,42.3,40.8,96.2,2.5,15.6,100.0,,,,,,,0.0,0.7,100.0,0.0
2023-11-02,,,,,,,,,,0.0,0.0,100.0,0.0,0.3,100.0,0.0
2023-11-03,,,,,,,,,,,,,0.0,0.7,100.0,0.0
2023-11-04,42.9,41.3,96.4,,,,,,,,,,0.0,0.6,100.0,0.0
2023-11-05,,,,,,,,,,,,,0.0,0.7,100.0,0.0
2023-11-06,,,,,,,,,,0.0,0.1,100.0,0.0,0.5,100.0,0.0
2023-11-07,,,,,,,,,,,,,0.0,0.8,100.0,0.0
2023-11-08,44.1,42.2,96.4,71.7,50.4,100.0,,,,,,,0.0,0.8,100.0,0.0
2023-11-09,38.9,40.2,80.9,,,,,,,,,,0.0,0.9,100.0,0.0
2023-11-10,,,,,,,,,,,,,0.0,0.9,100.0,0.0
2023-11-11,,,,,,,,,,,,,0.0,1.0,100.0,0.0
2023-11-12,,,,,,,,,,,,,0.0,1.1,100.0,0.0
2023-11-13,81.8,56.5,96.4,,,,,,,0.0,0.2,100.0,0.0,1.0,100.0,0.0
2023-11-14,,,,,,,,,,,,,0.0,1.3,100.0,0.0
2023-11-15,,,,,,,,,,,,,0.0,1.1,100.0,0.0
2023-11-16,79.5,57.1,96.4,,,,,,,,,,0.0,1.4,100.0,0.0
2023-11-17,,,,,,,,,,,,,0.0,1.5,100.0,0.0
2023-11-18,,,,84.7,78.9,97.1,,,,,,,0.0,2.3,100.0,0.0
2023-11-19,,,,,,,,,,,,,0.0,1.9,100.0,0.0
2023-11-20,66.9,51.2,96.4,,,,,,,,,,0.0,2.0,100.0,0.0
2023-11-21,37.4,39.2,83.6,,,,,,,,,,0.0,1.7,100.0,0.0
2023-11-22,,,,,,,,,,,,,0.0,2.3,100.0,0.0
2023-11-23,,,,89.0,86.0,100.0,,,,0.0,0.7,100.0,0.0,2.2,100.0,0.0
2023-11-24,,,,,,,,,,,,,0.0,2.7,100.0,0.0
2023-11-25,85.5,58.0,96.2,,,,,,,,,,0.0,2.9,100.0,0.0
2023-11-26,,,,,,,,,,,,,0.0,3.1,100.0,0.0
2023-11-27,,,,,,,,,,,,,0.0,4.2,100.0,0.0
2023-11-28,83.0,59.9,96.4,,,,,,,,,,0.0,5.3,100.0,0.0
2023-11-29,,,,,,,,,,,,,0.0,5.9,100.0,0.0
2023-11-30,,,,,,,,,,,,,0.0,6.4,100.0,0.0
2023-12-01,,,,,,,,,,,,,0.0,7.9,100.0,0.0
2023-12-02,79.2,58.9,96.2,,,,,,,,,,0.0,12.3,100.0,0.0
2023-12-03,64.6,50.8,84.5,92.1,90.9,100.0,,,,,,,0.0,14.5,100.0,0.0
2023-12-04,,,,,,,,,,,,,0.0,13.5,100.0,0.0
2023-12-05,,,,,,,,,,,,,0.0,12.5,100.0,0.0
2023-12-06,,,,,,,,,,,,,0.0,21.4,100.0,0.0
2023-12-07,97.0,70.1,96.4,,,,0.2,17.6,100.0,0.0,1.8,100.0,1.8,22.3,100.0,1.8
2023-12-08,,,,,,,,,,,,,3.6,26.9,100.0,3.6
2023-12-09,,,,,,,,,,,,,4.7,25.3,100.0,4.7
2023-12-10,90.6,66.6,98.2,,,,,,,,,,15.5,38.6,100.0,15.5
2023-12-11,,,,95.6,95.6,98.0,,,,0.0,1.8,100.0,15.3,36.6,100.0,15.3
2023-12-12,,,,,,,,,,,,,13.7,35.9,100.0,13.7
2023-12-13,,,,,,,,,,,,,11.7,32.6,100.0,11.7
2023-12-14,93.4,68.5,98.2,,,,,,,,,,16.0,39.5,100.0,16.0
2023-12-15,76.7,57.6,86.7,,,,88.3,69.2,100.0,,,,19.3,43.2,100.0,19.3
2023-12-16,,,,,,,,,,,,,16.2,41.2,100.0,16.2
2023-12-17,,,,,,,,,,,,,24.3,47.5,100.0,24.3
2023-12-18,,,,93.3,88.5,100.0,,,,0.0,2.0,100.0,20.9,46.7,100.0,20.9
2023-12-19,92.0,65.3,98.2,,,,,,,0.0,2.6,100.0,34.6,50.6,100.0,34.6
2023-12-20,,,,,,,,,,,,,17.3,46.5,100.0,17.3
2023-12-21,,,,,,,,,,,,,39.1,53.2,100.0,39.1
2023-12-22,86.3,62.7,98.2,,,,,,,,,,53.9,57.1,100.0,53.9
2023-12-23,,,,,,,,,,,,,70.1,62.3,100.0,70.1
2023-12-24,,,,,,,,,,,,,72.8,64.1,100.0,72.8
2023-12-25,,,,,,,,,,,,,73.9,64.6,100.0,73.9
2023-12-26,74.6,57.8,98.2,93.0,89.7,100.0,,,,,,,77.3,69.1,100.0,77.3
2023-12-27,48.1,43.7,80.9,,,,,,,,,,73.7,66.4,100.0,73.7
2023-12-28,,,,90.8,85.6,100.0,,,,0.0,3.3,100.0,72.8,66.4,100.0,72.8
2023-12-29,,,,,,,,,,0.0,5.2,100.0,69.7,64.2,100.0,69.7
2023-12-30,,,,,,,,,,,,,72.6,67.8,100.0,72.6
2023-12-31,89.7,65.6,98.2,90.1,82.1,100.0,95.7,81.3,95.1,,,,72.1,68.8,100.0,72.1
2024-01-01,,,,,,,,,,,,,70.4,65.9,100.0,70.4
2024-01-02,,,,,,,,,,,,,67.4,62.8,100.0,67.4
2024-01-03,93.1,72.2,99.3,,,,,,,,,,69.0,63.5,100.0,69.0
2024-01-04,,,,,,,,,,,,,64.0,57.4,100.0,64.0
2024-01-05,,,,,,,,,,,,,64.7,57.2,100.0,64.7
2024-01-06,,,,,,,,,,,,,61.5,54.8,100.0,61.5
2024-01-07,96.8,72.0,99.1,,,,,,,,,,68.1,59.7,100.0,68.1
2024-01-08,92.5,69.0,85.0,,,,,,,,,,67.9,60.0,100.0,67.9
2024-01-09,,,,,,,,,,,,,70.8,62.2,100.0,70.8
2024-01-10,,,,83.8,78.0,100.0,,,,,,,74.3,65.4,100.0,74.3
2024-01-11,,,,,,,,,,,,,75.9,67.6,100.0,75.9
2024-01-12,100.0,82.2,99.3,,,,,,,,,,78.8,70.0,100.0,78.8
2024-01-13,,,,,,,,,,,,,79.3,71.7,100.0,79.3
2024-01-14,,,,,,,,,,,,,83.6,76.0,100.0,83.6
2024-01-15,100.0,83.6,99.1,81.1,73.9,100.0,,,,,,,88.4,79.8,100.0,88.4
2024-01-16,,,,,,,83.6,74.8,100.0,,,,91.3,82.1,100.0,91.3
2024-01-17,,,,,,,,,,,,,92.7,82.3,100.0,92.7
2024-01-18,,,,,,,,,,,,,94.1,84.6,100.0,94.1
2024-01-19,100.0,83.7,99.1,,,,,,,,,,97.3,86.9,100.0,97.3
2024-01-20,99.7,78.2,85.2,77.9,68.8,100.0,,,,,,,96.6,87.2,100.0,96.6
2024-01-21,,,,,,,,,,,,,96.8,86.7,100.0,96.8
2024-01-22,,,,81.8,72.4,66.3,,,,,,,96.8,87.4,100.0,96.8
2024-01-23,,,,,,,,,,,,,97.5,87.7,100.0,97.5
2024-01-24,100.0,81.9,99.3,,,,,,,,,,98.4,88.0,100.0,98.4
2024-01-25,,,,79.7,69.9,100.0,,,,,,,97.9,87.4,100.0,97.9
2024-01-26,,,,,,,,,,,,,97.0,86.1,100.0,97.0
2024-01-27,99.1,78.3,99.1,82.2,73.7,100.0,,,,,,,97.9,87.1,100.0,97.9
2024-01-28,,,,,,,,,,,,,97.0,83.9,100.0,97.0
2024-01-29,,,,,,,,,,,,,96.8,83.6,100.0,96.8
2024-01-30,,,,80.4,71.2,100.0,,,,,,,95.9,82.3,100.0,95.9
2024-01-31,97.5,74.7,99.3,,,,,,,,,,96.6,81.5,100.0,96.6
2024-02-01,82.0,63.6,85.9,,,,,,,,,,95.7,77.8,100.0,95.7
2024-02-02,,,,,,,,,,,,,91.8,74.7,100.0,91.8
2024-02-03,,,,,,,,,,,,,82.5,69.6,100.0,82.5
2024-02-04,,,,,,,,,,,,,69.7,64.3,100.0,69.7
2024-02-05,91.7,65.8,99.3,,,,,,,,,,51.3,58.2,100.0,51.3
2024-02-06,,,,71.5,51.8,100.0,,,,,,,27.3,50.9,100.0,27.3
2024-02-07,,,,,,,,,,,,,7.5,41.6,100.0,7.5
2024-02-08,75.4,57.5,99.1,,,,,,,,,,4.3,36.7,100.0,4.3
2024-02-09,,,,,,,,,,,,,3.2,30.8,100.0,3.2
2024-02-10,,,,,,,,,,,,,3.2,24.9,100.0,3.2
2024-02-11,,,,,,,,,,,,,2.7,22.7,100.0,2.7
2024-02-12,76.8,55.1,99.3,,,,,,,,,,2.3,18.9,100.0,2.3
2024-02-13,57.0,46.3,85.2,,,,,,,,,,2.3,18.8,100.0,2.3
2024-02-14,,,,0.7,22.5,100.0,,,,,,,2.1,14.9,100.0,2.1
2024-02-15,,,,,,,,,,,,,2.1,15.6,100.0,2.1
2024-02-16,,,,0.2,18.4,100.0,,,,,,,2.1,13.5,100.0,2.1
2024-02-17,80.7,56.5,99.3,,,,,,,,,,2.1,17.2,100.0,2.1
2024-02-18,,,,,,,,,,,,,1.8,14.8,100.0,1.8
2024-02-19,,,,,,,,,,,,,2.1,18.2,100.0,2.1
2024-02-20,73.4,53.8,99.3,,,,,,,,,,1.8,17.2,100.0,1.8
2024-02-21,,,,2.4,30.0,74.7,,,,,,,2.3,24.3,100.0,2.3
2024-02-22,,,,,,,,,,,,,2.1,22.2,100.0,2.1
2024-02-23,,,,,,,,,,,,,2.3,30.5,100.0,2.3
2024-02-24,67.6,52.0,88.6,12.3,35.2,100.0,,,,,,,2.3,25.4,100.0,2.3
2024-02-25,45.2,39.8,85.2,,,,,,,,,,2.3,27.7,100.0,2.3
2024-02-26,,,,0.7,21.2,31.9,,,,,,,1.8,24.2,100.0,1.8
2024-02-27,,,,,,,,,,0.0,1.7,100.0,1.8,24.1,100.0,1.8
2024-02-28,,,,,,,,,,,,,1.8,21.3,100.0,1.8
2024-02-29,41.4,38.3,87.0,45.4,44.1,99.8,,,,,,,1.4,20.0,100.0,1.4
2024-03-01,,,,,,,,,,,,,0.9,16.7,100.0,0.9
2024-03-02,,,,,,,,,,,,,0.7,16.5,100.0,0.7
2024-03-03,30.7,33.0,99.3,,,,,,,,,,0.5,16.3,100.0,0.5
2024-03-04,,,,,,,,,,,,,0.2,13.4,100.0,0.2
2024-03-05,,,,,,,,,,,,,0.2,13.7,100.0,0.2
2024-03-06,,,,,,,,,,,,,0.0,8.3,100.0,0.0
2024-03-07,30.0,30.5,99.3,,,,,,,,,,0.0,9.7,100.0,0.0
2024-03-08,20.2,23.3,84.7,,,,,,,,,,0.0,8.5,100.0,0.0
2024-03-09,,,,,,,,,,,,,0.0,8.8,100.0,0.0
2024-03-10,,,,,,,,,,,,,0.0,7.2,100.0,0.0
2024-03-11,,,,,,,,,,,,,0.0,10.2,100.0,0.0
2024-03-12,25.9,29.0,99.3,,,,,,,,,,0.0,9.7,100.0,0.0
2024-03-13,,,,,,,,,,,,,0.0,10.6,100.0,0.0
2024-03-14,,,,,,,,,,,,,0.0,7.3,100.0,0.0
2024-03-15,31.8,33.7,87.5,0.0,24.4,100.0,,,,,,,0.0,9.6,100.0,0.0
2024-03-16,,,,,,,,,,,,,0.0,7.1,100.0,0.0
2024-03-17,,,,0.0,7.6,100.0,,,,0.0,1.1,100.0,0.0,5.6,100.0,0.0
2024-03-18,,,,,,,,,,,,,0.0,5.4,100.0,0.0
2024-03-19,45.4,40.6,99.3,,,,,,,,,,0.0,6.1,100.0,0.0
2024-03-20,34.8,34.0,85.2,0.0,4.1,100.0,0.0,0.7,100.0,,,,0.0,5.9,100.0,0.0
2024-03-21,,,,,,,,,,,,,0.0,5.0,100.0,0.0
2024-03-22,,,,0.0,2.9,100.0,,,,,,,0.0,4.2,100.0,0.0
2024-03-23,,,,,,,,,,,,,0.0,3.7,100.0,0.0
2024-03-24,45.5,40.5,99.3,,,,,,,,,,0.0,5.4,100.0,0.0
2024-03-25,,,,,,,,,,,,,0.0,3.3,100.0,0.0
2024-03-26,,,,,,,,,,,,,0.0,3.4,100.0,0.0
2024-03-27,55.7,48.2,99.3,0.0,6.6,74.5,,,,,,,0.0,3.1,100.0,0.0
2024-03-28,,,,,,,,,,,,,0.0,4.8,100.0,0.0
2024-03-29,,,,,,,,,,,,,0.0,3.8,100.0,0.0
2024-03-30,,,,0.0,5.5,100.0,,,,,,,0.0,3.2,100.0,0.0
2024-03-31,50.8,44.2,88.8,,,,,,,,,,0.0,2.7,100.0,0.0
2024-04-01,53.0,43.8,88.6,0.0,6.7,100.0,,,,,,,0.0,4.1,100.0,0.0
2024-04-02,,,,,,,,,,,,,0.0,3.7,100.0,0.0
2024-04-03,,,,,,,,,,,,,0.0,3.1,100.0,0.0
2024-04-04,,,,0.0,1.8,100.0,,,,,,,0.0,2.0,100.0,0.0
2024-04-05,61.1,51.3,87.2,,,,,,,,,,0.0,1.9,100.0,0.0
2024-04-06,,,,,,,,,,,,,0.0,1.4,100.0,0.0
2024-04-07,,,,,,,,,,0.0,0.2,100.0,0.0,0.9,100.0,0.0
2024-04-08,47.4,41.4,99.1,,,,,,,,,,0.0,0.9,100.0,0.0
2024-04-09,,,,0.0,9.0,100.0,,,,,,,0.0,0.7,100.0,0.0
2024-04-10,,,,,,,,,,,,,0.0,0.5,100.0,0.0
2024-04-11,,,,0.0,1.7,100.0,,,,,,,0.0,0.5,100.0,0.0
2024-04-12,46.8,40.0,88.2,,,,,,,0.0,0.0,100.0,0.0,0.5,100.0,0.0
2024-04-13,34.4,32.3,79.5,,,,0.0,0.0,100.0,,,,0.0,0.5,100.0,0.0
2024-04-14,,,,0.0,0.8,100.0,,,,,,,0.0,0.4,100.0,0.0
2024-04-15,,,,,,,,,,,,,0.0,0.5,100.0,0.0
2024-04-16,,,,,,,,,,,,,0.0,0.9,100.0,0.0
2024-04-17,51.8,43.6,89.3,,,,,,,,,,0.0,1.0,100.0,0.0
2024-04-18,,,,,,,,,,,,,0.0,0.8,100.0,0.0
2024-04-19,,,,,,,,,,,,,0.0,1.0,100.0,0.0
2024-04-20,44.8,38.6,99.1,,,,,,,0.0,0.0,97.3,0.0,1.3,100.0,0.0
2024-04-21,,,,,,,0.0,0.0,91.1,,,,0.0,1.9,100.0,0.0
2024-04-22,,,,,,,,,,0.0,0.0,100.0,0.0,1.6,100.0,0.0
2024-04-23,,,,,,,,,,,,,0.0,2.1,100.0,0.0
2024-04-24,48.6,41.7,88.6,,,,,,,,,,0.0,2.5,100.0,0.0
2024-04-25,34.5,33.3,85.2,,,,,,,,,,0.0,3.3,100.0,0.0
2024-04-26,,,,0.0,0.8,98.4,,,,,,,0.0,3.6,100.0,0.0
2024-04-27,,,,,,,,,,,,,0.0,3.0,100.0,0.0
2024-04-28,,,,,,,,,,,,,0.0,3.6,100.0,0.0
2024-04-29,58.1,46.9,88.2,,,,,,,,,,0.0,4.5,100.0,0.0
2024-04-30,,,,,,,,,,0.0,0.0,100.0,0.0,2.5,100.0,0.0
2024-05-01,,,,,,,,,,,,,0.0,2.6,100.0,0.0
2024-05-02,58.7,46.5,99.3,,,,,,,,,,0.0,2.7,100.0,0.0
2024-05-03,,,,,,,,,,,,,0.0,2.3,100.0,0.0
2024-05-04,,,,0.0,2.0,100.0,,,,,,,0.0,1.8,100.0,0.0
2024-05-05,,,,,,,,,,,,,0.0,1.6,100.0,0.0
2024-05-06,61.8,49.2,85.2,,,,,,,,,,0.0,1.5,100.0,0.0
2024-05-07,45.2,42.5,85.2,,,,,,,,,,0.0,1.5,100.0,0.0
2024-05-08,,,,,,,,,,,,,0.0,0.6,100.0,0.0
2024-05-09,,,,0.0,2.5,98.2,,,,,,,0.0,0.5,100.0,0.0
2024-05-10,,,,,,,,,,,,,0.0,0.4,100.0,0.0
2024-05-11,83.3,58.4,86.1,0.0,2.7,100.0,,,,,,,0.0,0.4,100.0,0.0
2024-05-12,,,,,,,,,,,,,0.0,0.3,100.0,0.0
2024-05-13,,,,,,,,,,,,,0.0,0.3,100.0,0.0
2024-05-14,73.3,53.3,99.1,,,,,,,,,,0.0,0.3,100.0,0.0
2024-05-15,,,,,,,,,,,,,0.0,0.3,100.0,0.0
2024-05-16,,,,,,,,,,,,,0.0,0.3,100.0,0.0
2024-05-17,,,,,,,,,,,,,0.0,0.2,100.0,0.0
2024-05-18,80.6,57.4,87.0,,,,,,,,,,0.0,0.3,100.0,0.0
2024-05-19,82.3,58.0,84.7,,,,,,,,,,0.0,0.5,100.0,0.0
2024-05-20,,,,,,,,,,,,,0.0,0.5,100.0,0.0
2024-05-21,,,,,,,,,,,,,0.0,0.5,100.0,0.0
2024-05-22,,,,,,,,,,,,,0.0,0.6,100.0,0.0
2024-05-23,93.7,65.9,86.6,,,,,,,,,,0.0,1.5,100.0,0.0
2024-05-24,,,,0.0,8.9,56.9,,,,,,,0.0,1.2,100.0,0.0
2024-05-25,,,,,,,,,,,,,0.0,0.9,100.0,0.0
2024-05-26,81.9,59.4,99.3,,,,,,,,,,0.0,0.6,100.0,0.0
2024-05-27,,,,,,,,,,,,,0.0,0.7,100.0,0.0
2024-05-28,,,,,,,,,,,,,0.0,0.7,100.0,0.0
2024-05-29,,,,0.0,1.9,99.8,,,,0.0,0.0,100.0,0.0,0.4,100.0,0.0
2024-05-30,86.8,61.8,84.3,,,,,,,,,,0.0,0.4,100.0,0.0
2024-05-31,75.0,56.4,86.6,,,,,,,,,,0.0,0.3,100.0,0.0
2024-06-01,,,,,,,,,,,,,0.0,0.3,100.0,0.0
2024-06-02,,,,,,,,,,,,,0.0,0.2,100.0,0.0
2024-06-03,,,,,,,,,,,,,0.0,0.2,100.0,0.0
2024-06-04,85.8,61.2,80.0,,,,,,,,,,0.0,0.1,100.0,0.0
2024-06-05,,,,,,,,,,,,,0.0,0.1,100.0,0.0
2024-06-06,,,,,,,,,,,,,0.0,0.1,100.0,0.0
2024-06-07,58.5,48.1,90.7,,,,,,,0.0,0.0,100.0,0.0,0.1,100.0,0.0
2024-06-08,,,,0.0,4.5,98.9,0.0,0.0,100.0,,,,0.0,0.0,100.0,0.0
2024-06-09,,,,,,,,,,,,,0.0,0.0,100.0,0.0
2024-06-10,,,,,,,,,,,,,0.0,0.0,100.0,0.0
2024-06-11,50.6,44.2,80.2,,,,,,,,,,0.0,0.1,100.0,0.0
2024-06-12,40.2,40.0,81.1,,,,,,,,,,0.0,0.1,100.0,0.0
2024-06-13,,,,,,,,,,,,,0.0,0.1,100.0,0.0
2024-06-14,,,,,,,,,,0.0,0.0,100.0,0.0,0.1,100.0,0.0
2024-06-15,,,,0.0,2.5,89.3,,,,,,,0.0,0.1,100.0,0.0
2024-06-16,28.3,30.2,81.3,,,,,,,0.0,0.0,100.0,0.0,0.1,100.0,0.0
2024-06-17,,,,,,,,,,0.0,0.0,100.0,0.0,0.1,100.0,0.0
2024-06-18,,,,0.0,3.2,100.0,,,,0.0,0.0,100.0,0.0,0.0,100.0,0.0
2024-06-19,25.3,28.5,90.9,,,,,,,,,,0.0,0.0,100.0,0.0
2024-06-20,,,,,,,,,,,,,0.0,0.0,100.0,0.0
2024-06-21,,,,,,,,,,,,,0.0,0.0,100.0,0.0
2024-06-22,,,,,,,,,,,,,0.0,0.0,100.0,0.0
2024-06-23,,,,,,,,,,,,,0.0,0.0,100.0,0.0
2024-06-24,25.1,29.1,80.9,,,,0.0,0.0,100.0,0.0,0.0,100.0,0.0,0.0,100.0,0.0
2024-06-25,,,,,,,,,,0.0,0.0,100.0,0.0,0.0,100.0,0.0
2024-06-26,,,,,,,,,,,,,0.0,0.0,100.0,0.0
2024-06-27,,,,,,,,,,,,,0.0,0.0,100.0,0.0
2024-06-28,,,,0.0,2.8,100.0,,,,,,,0.0,0.0,100.0,0.0
2024-06-29,,,,,,,,,,,,,0.0,0.0,100.0,0.0
2024-06-30,,,,0.0,2.6,100.0,,,,0.0,0.0,100.0,0.0,0.0,100.0,0.0
2024-07-01,23.2,26.3,89.5,,,,,,,,,,0.0,0.0,100.0,0.0
2024-07-02,,,,,,,,,,,,,0.0,0.0,100.0,0.0
2024-07-03,,,,,,,,,,,,,0.0,0.0,100.0,0.0
2024-07-04,,,,,,,,,,,,,0.0,0.0,100.0,0.0
2024-07-05,21.5,25.8,82.5,0.0,1.4,100.0,,,,,,,0.0,0.0,100.0,0.0
2024-07-06,17.4,21.4,78.6,,,,,,,,,,0.0,0.0,100.0,0.0
2024-07-07,,,,,,,,,,,,,0.0,0.0,100.0,0.0
2024-07-08,,,,,,,,,,,,,0.0,0.0,100.0,0.0
2024-07-09,,,,,,,,,,,,,0.0,0.0,100.0,0.0
2024-07-10,30.1,34.2,81.8,0.0,2.9,100.0,0.0,0.0,100.0,,,,0.0,0.0,100.0,0.0
2024-07-11,,,,,,,,,,,,,0.0,0.0,100.0,0.0
2024-07-12,,,,,,,,,,,,,0.0,0.0,100.0,0.0
2024-07-13,24.1,30.2,90.7,0.0,9.6,85.6,,,,,,,0.0,0.0,100.0,0.0
2024-07-14,,,,,,,,,,,,,0.0,0.0,100.0,0.0
2024-07-15,,,,0.9,12.9,100.0,,,,,,,0.0,0.0,100.0,0.0
2024-07-16,,,,,,,,,,,,,0.0,0.0,100.0,0.0
2024-07-17,37.4,36.6,81.5,,,,,,,,,,0.0,0.0,100.0,0.0
2024-07-18,31.5,34.5,79.5,0.7,17.3,100.0,0.0,0.0,73.6,,,,0.0,0.0,100.0,0.0
2024-07-19,,,,,,,,,,,,,0.0,0.0,100.0,0.0
2024-07-20,,,,,,,,,,,,,0.0,0.0,100.0,0.0
2024-07-21,,,,,,,,,,,,,0.0,0.0,100.0,0.0
2024-07-22,61.0,50.0,81.1,,,,,,,,,,0.0,0.0,100.0,0.0
2024-07-23,,,,0.0,12.0,44.2,,,,,,,0.0,0.0,100.0,0.0
2024-07-24,,,,,,,,,,,,,0.0,0.0,100.0,0.0
2024-07-25,62.4,50.2,90.9,1.4,20.7,100.0,,,,,,,0.0,0.0,100.0,0.0
2024-07-26,,,,,,,0.0,0.0,100.0,0.0,0.0,100.0,0.0,0.0,100.0,0.0
2024-07-27,,,,,,,,,,0.0,0.0,100.0,0.0,0.0,100.0,0.0
2024-07-28,,,,,,,,,,,,,0.0,0.0,100.0,0.0
2024-07-29,56.1,47.7,82.0,,,,,,,0.0,0.0,100.0,0.0,0.0,100.0,0.0
2024-07-30,57.5,47.1,82.0,0.0,4.0,100.0,,,,0.0,0.0,100.0,0.0,0.0,100.0,0.0
2024-07-31,,,,,,,,,,0.0,0.0,100.0,0.0,0.0,100.0,0.0
2024-08-01,,,,,,,,,,,,,0.0,0.0,100.0,0.0
2024-08-02,,,,,,,,,,,,,0.0,0.0,100.0,0.0
2024-08-03,78.9,59.2,83.1,,,,,,,0.0,0.0,100.0,0.0,0.0,100.0,0.0
2024-08-04,,,,,,,,,,,,,0.0,0.0,100.0,0.0
2024-08-05,,,,,,,,,,,,,0.0,0.0,100.0,0.0
2024-08-06,72.5,55.8,91.1,,,,,,,0.0,0.0,100.0,0.0,0.0,100.0,0.0
2024-08-07,,,,0.0,5.4,100.0,,,,,,,0.0,0.0,100.0,0.0
2024-08-08,,,,,,,,,,,,,0.0,0.0,100.0,0.0
2024-08-09,,,,,,,,,,,,,0.0,0.0,100.0,0.0
2024-08-10,71.1,54.7,82.0,,,,,,,,,,0.0,0.0,100.0,0.0
2024-08-11,56.9,45.3,82.0,,,,0.0,0.0,100.0,,,,0.0,0.0,100.0,0.0
2024-08-12,,,,0.0,2.2,100.0,,,,,,,0.0,0.0,100.0,0.0
2024-08-13,,,,,,,,,,,,,0.0,0.0,100.0,0.0
2024-08-14,,,,0.0,8.5,100.0,,,,0.0,0.0,100.0,0.0,0.0,100.0,0.0
2024-08-15,84.9,60.7,82.9,,,,,,,,,,0.0,0.0,100.0,0.0
2024-08-16,,,,,,,,,,,,,0.0,0.0,100.0,0.0
2024-08-17,,,,0.0,4.5,100.0,,,,,,,0.0,0.0,100.0,0.0
2024-08-18,68.8,53.4,90.7,,,,,,,,,,0.0,0.0,100.0,0.0
2024-08-19,,,,,,,,,,,,,0.0,0.0,100.0,0.0
2024-08-20,,,,,,,,,,,,,0.0,0.0,100.0,0.0
2024-08-21,,,,,,,,,,,,,0.0,0.0,100.0,0.0
2024-08-22,77.3,57.6,83.4,,,,,,,,,,0.0,0.0,100.0,0.0
2024-08-23,60.8,48.0,82.0,,,,,,,0.0,0.0,100.0,0.0,0.0,100.0,0.0
2024-08-24,,,,0.2,8.2,100.0,,,,0.0,0.0,100.0,0.0,0.0,100.0,0.0
2024-08-25,,,,,,,,,,,,,0.0,0.0,100.0,0.0
2024-08-26,,,,,,,,,,0.0,0.0,100.0,0.0,0.0,100.0,0.0
2024-08-27,97.3,71.0,83.6,,,,,,,,,,0.0,0.0,100.0,0.0
2024-08-28,,,,,,,,,,,,,0.0,0.0,100.0,0.0
2024-08-29,,,,0.0,4.5,100.0,,,,,,,0.0,0.0,100.0,0.0
2024-08-30,90.2,72.1,91.1,,,,,,,0.0,0.0,100.0,0.0,0.0,100.0,0.0
2024-08-31,,,,,,,,,,0.0,0.0,100.0,0.0,0.0,100.0,0.0
2024-09-01,,,,,,,,,,,,,0.0,0.0,100.0,0.0
2024-09-02,,,,,,,,,,,,,0.0,0.0,100.0,0.0
2024-09-03,93.4,70.3,82.7,0.0,6.0,100.0,,,,,,,0.0,0.0,100.0,0.0
2024-09-04,68.8,59.0,80.2,,,,0.0,0.0,100.0,,,,0.0,0.0,100.0,0.0
2024-09-05,,,,,,,,,,,,,0.0,0.0,100.0,0.0
2024-09-06,,,,,,,,,,0.0,0.0,100.0,0.0,0.0,100.0,0.0
2024-09-07,,,,,,,,,,,,,0.0,0.0,100.0,0.0
2024-09-08,85.7,67.1,82.7,0.0,2.9,100.0,,,,,,,0.0,0.0,100.0,0.0
2024-09-09,,,,,,,,,,,,,0.0,0.0,100.0,0.0
2024-09-10,,,,,,,,,,,,,0.0,0.0,100.0,0.0
2024-09-11,87.3,66.9,91.1,0.0,3.9,100.0,,,,,,,0.0,0.0,100.0,0.0
2024-09-12,,,,,,,,,,,,,0.0,0.0,100.0,0.0
2024-09-13,,,,,,,,,,,,,0.0,0.0,100.0,0.0
2024-09-14,,,,,,,,,,,,,0.0,0.0,100.0,0.0
2024-09-15,87.0,68.1,82.5,,,,,,,0.0,0.0,100.0,0.0,0.0,100.0,0.0
2024-09-16,66.2,55.6,85.0,,,,,,,,,,0.0,0.0,100.0,0.0
2024-09-17,,,,,,,,,,0.0,0.0,98.6,0.0,0.0,100.0,0.0
2024-09-18,,,,,,,,,,,,,0.0,0.0,100.0,0.0
2024-09-19,,,,,,,,,,,,,0.0,0.0,100.0,0.0
2024-09-20,74.9,60.2,82.7,,,,0.0,0.0,100.0,,,,0.0,0.0,100.0,0.0
2024-09-21,,,,0.0,8.8,100.0,,,,0.0,0.0,100.0,0.0,0.0,100.0,0.0
2024-09-22,,,,,,,,,,0.0,0.0,100.0,0.0,0.0,100.0,0.0
2024-09-23,71.5,56.9,91.1,0.2,12.4,100.0,,,,0.0,0.0,100.0,0.0,0.0,100.0,0.0
2024-09-24,,,,,,,,,,,,,0.0,0.0,100.0,0.0
2024-09-25,,,,,,,,,,0.0,0.0,100.0,0.0,0.0,100.0,0.0
2024-09-26,,,,,,,,,,,,,0.0,0.0,100.0,0.0
2024-09-27,78.3,61.3,83.8,,,,,,,,,,0.0,0.0,100.0,0.0
2024-09-28,64.5,52.9,84.1,0.5,15.5,100.0,,,,,,,0.0,0.0,100.0,0.0
2024-09-29,,,,,,,,,,,,,0.0,0.0,100.0,0.0
2024-09-30,,,,,,,,,,0.0,0.0,90.2,0.0,0.0,100.0,0.0
2024-10-01,,,,0.2,12.0,100.0,,,,,,,0.0,0.0,100.0,0.0
2024-10-02,77.7,59.6,84.7,,,,,,,,,,0.0,0.0,100.0,0.0
2024-10-03,,,,,,,,,,,,,0.0,0.0,100.0,0.0
2024-10-04,,,,,,,,,,,,,0.0,0.0,100.0,0.0
2024-10-05,66.9,54.4,90.9,,,,,,,,,,0.0,0.1,100.0,0.0
2024-10-06,,,,,,,0.0,0.0,46.0,,,,0.0,0.1,100.0,0.0
2024-10-07,,,,,,,,,,0.0,0.0,100.0,0.0,0.1,100.0,0.0
2024-10-08,,,,0.2,8.6,100.0,,,,0.0,0.0,100.0,0.0,0.0,100.0,0.0
2024-10-09,58.4,51.4,85.0,,,,,,,,,,0.0,0.1,100.0,0.0
2024-10-10,39.1,38.5,87.9,,,,,,,,,,0.0,0.1,100.0,0.0
2024-10-11,,,,0.0,10.6,60.6,,,,,,,0.0,0.1,100.0,0.0
2024-10-12,,,,,,,,,,,,,0.0,0.1,100.0,0.0
2024-10-13,,,,,,,,,,,,,0.0,0.1,100.0,0.0
2024-10-14,45.4,43.8,83.8,,,,,,,,,,0.0,0.1,100.0,0.0
2024-10-15,,,,,,,,,,,,,0.0,0.1,100.0,0.0
2024-10-16,,,,,,,,,,,,,0.0,0.1,100.0,0.0
2024-10-17,33.4,34.4,90.7,,,,,,,,,,0.0,0.1,100.0,0.0
2024-10-18,,,,,,,,,,,,,0.0,0.0,100.0,0.0
2024-10-19,,,,,,,,,,,,,0.0,0.0,100.0,0.0
2024-10-20,,,,,,,,,,,,,0.0,0.0,100.0,0.0
2024-10-21,35.2,35.8,84.1,1.1,20.4,100.0,,,,0.0,0.0,100.0,0.0,0.0,100.0,0.0
2024-10-22,23.3,27.0,86.1,,,,0.0,0.1,100.0,0.0,0.0,100.0,0.0,0.0,100.0,0.0
2024-10-23,,,,,,,,,,,,,0.0,0.0,100.0,0.0
2024-10-24,,,,,,,,,,,,,0.0,0.0,100.0,0.0
2024-10-25,,,,,,,,,,0.0,0.0,100.0,0.0,0.0,100.0,0.0
2024-10-26,31.0,36.2,82.9,,,,,,,0.0,0.0,100.0,0.0,0.0,100.0,0.0
2024-10-27,,,,,,,,,,0.0,0.1,100.0,0.0,0.0,100.0,0.0
2024-10-28,,,,,,,,,,0.0,0.2,100.0,0.0,0.0,100.0,0.0
2024-10-29,28.5,33.1,91.1,,,,,,,,,,0.0,0.0,100.0,0.0
2024-10-30,,,,,,,0.0,0.1,100.0,,,,0.0,0.0,100.0,0.0
2024-10-31,,,,,,,,,,,,,0.0,0.0,100.0,0.0
2024-11-01,,,,,,,,,,,,,0.0,0.0,100.0,0.0
2024-11-02,27.6,33.1,85.0,,,,,,,,,,0.0,0.1,100.0,0.0
2024-11-03,19.1,28.4,84.5,,,,,,,,,,0.0,0.1,100.0,0.0
2024-11-04,,,,,,,,,,,,,0.0,0.1,100.0,0.0
2024-11-05,,,,69.9,50.1,100.0,,,,,,,0.0,0.1,100.0,0.0
2024-11-06,,,,,,,,,,0.0,0.4,100.0,0.0,0.2,100.0,0.0
2024-11-07,39.4,42.6,84.5,82.9,69.5,100.0,0.0,1.4,100.0,,,,0.0,0.2,100.0,0.0
2024-11-08,,,,,,,,,,,,,0.0,0.2,100.0,0.0
2024-11-09,,,,,,,,,,,,,0.0,0.3,100.0,0.0
2024-11-10,40.6,41.2,90.4,79.3,66.4,100.0,,,,,,,0.0,0.5,100.0,0.0
2024-11-11,,,,,,,,,,,,,0.0,0.6,100.0,0.0
2024-11-12,,,,,,,,,,,,,0.0,0.9,100.0,0.0
2024-11-13,,,,,,,,,,,,,0.0,0.9,100.0,0.0
2024-11-14,42.1,42.7,82.2,,,,,,,,,,0.0,1.3,100.0,0.0
2024-11-15,34.1,37.6,82.9,73.1,51.2,100.0,,,,,,,0.0,1.6,100.0,0.0
2024-11-16,,,,,,,,,,0.0,0.6,100.0,0.0,1.7,100.0,0.0
2024-11-17,,,,68.8,48.0,100.0,,,,,,,0.0,1.8,100.0,0.0
2024-11-18,,,,,,,,,,,,,0.0,2.0,100.0,0.0
2024-11-19,45.8,44.1,81.1,,,,,,,,,,0.0,2.4,100.0,0.0
2024-11-20,,,,,,,,,,,,,0.0,3.0,100.0,0.0
2024-11-21,,,,,,,,,,,,,0.0,3.1,100.0,0.0
2024-11-22,35.0,38.0,91.1,,,,,,,,,,0.0,3.8,100.0,0.0
2024-11-23,,,,,,,0.7,22.1,100.0,,,,0.0,4.2,100.0,0.0
2024-11-24,,,,,,,,,,,,,0.0,4.4,100.0,0.0
2024-11-25,,,,46.5,43.4,100.0,,,,,,,0.0,4.8,100.0,0.0
2024-11-26,36.6,37.6,81.5,,,,,,,,,,0.0,4.6,100.0,0.0
2024-11-27,26.6,32.7,80.4,,,,,,,,,,0.0,6.4,100.0,0.0
2024-11-28,,,,,,,,,,,,,0.0,6.4,100.0,0.0
2024-11-29,,,,,,,,,,0.0,1.9,100.0,0.0,8.3,100.0,0.0
2024-11-30,,,,78.4,68.3,100.0,,,,0.0,2.9,100.0,0.0,9.3,100.0,0.0
2024-12-01,,,,,,,,,,,,,0.2,12.8,100.0,0.2
2024-12-02,,,,,,,,,,,,,0.2,12.8,100.0,0.2
2024-12-03,,,,,,,,,,,,,5.2,20.0,100.0,5.2
2024-12-04,40.7,38.9,80.6,,,,,,,,,,5.7,20.5,100.0,5.7
2024-12-05,,,,85.4,79.0,100.0,,,,,,,7.1,29.4,100.0,7.1
2024-12-06,,,,,,,,,,,,,7.1,29.5,100.0,7.1
2024-12-07,,,,86.3,83.2,100.0,,,,0.0,5.3,100.0,13.7,37.7,100.0,13.7
2024-12-08,34.3,33.5,90.9,,,,,,,,,,12.3,36.0,100.0,12.3
2024-12-09,29.4,28.1,81.3,,,,,,,,,,21.9,40.8,100.0,21.9
2024-12-10,,,,,,,,,,0.0,13.4,100.0,16.4,38.2,100.0,16.4
2024-12-11,,,,,,,,,,,,,30.1,44.2,100.0,30.1
2024-12-12,,,,,,,,,,0.0,13.7,100.0,23.7,41.2,100.0,23.7
2024-12-13,27.4,28.0,97.9,,,,,,,,,,37.8,48.2,100.0,37.8
2024-12-14,,,,,,,,,,,,,37.4,48.0,100.0,37.4
2024-12-15,,,,,,,,,,,,,46.2,51.1,100.0,46.2
2024-12-16,19.2,22.3,84.1,,,,,,,0.0,25.4,58.5,41.5,51.0,100.0,41.5
2024-12-17,,,,84.5,80.1,100.0,64.4,52.0,97.3,,,,57.9,56.8,100.0,57.9
2024-12-18,,,,,,,,,,,,,44.2,53.2,100.0,44.2
2024-12-19,,,,,,,,,,0.0,14.7,100.0,51.9,56.6,100.0,51.9
2024-12-20,25.6,25.9,97.9,,,,,,,,,,53.3,58.7,100.0,53.3
2024-12-21,28.2,29.0,83.1,,,,,,,1.4,27.9,100.0,68.1,63.5,100.0,68.1
2024-12-22,,,,,,,,,,,,,74.0,66.8,100.0,74.0
2024-12-23,,,,,,,,,,,,,82.7,72.3,100.0,82.7
2024-12-24,,,,,,,,,,,,,88.4,75.4,100.0,88.4
2024-12-25,44.2,40.1,97.9,78.6,74.6,100.0,81.3,69.5,100.0,,,,95.4,81.9,100.0,95.4
2024-12-26,,,,,,,,,,16.2,35.3,100.0,94.5,80.7,100.0,94.5
2024-12-27,,,,85.4,81.7,100.0,,,,62.2,54.5,100.0,95.4,83.7,100.0,95.4
2024-12-28,59.2,51.5,85.0,,,,,,,,,,96.8,84.2,100.0,96.8
2024-12-29,,,,,,,,,,,,,97.9,85.2,100.0,97.9
2024-12-30,,,,84.5,79.9,100.0,,,,,,,97.9,85.9,100.0,97.9
2024-12-31,,,,,,,,,,,,,98.9,86.7,100.0,98.9
2025-01-01,50.5,45.5,97.9,87.4,87.0,76.1,,,,88.2,64.7,100.0,98.9,87.6,100.0,98.9
2025-01-02,65.0,55.0,81.3,,,,,,,,,,100.0,88.6,100.0,100.0
2025-01-03,,,,,,,,,,,,,98.6,86.7,100.0,98.6
2025-01-04,,,,84.9,79.9,89.1,,,,,,,98.6,88.2,100.0,98.6
2025-01-05,,,,,,,,,,,,,98.6,86.5,100.0,98.6
2025-01-06,77.2,60.2,97.9,,,,,,,,,,98.6,87.9,100.0,98.6
2025-01-07,,,,,,,,,,,,,96.8,85.5,100.0,96.8
2025-01-08,,,,,,,,,,,,,97.3,85.9,100.0,97.3
2025-01-09,95.2,73.0,85.0,,,,,,,92.7,75.5,100.0,95.0,84.7,100.0,95.0
2025-01-10,,,,,,,,,,,,,95.9,85.2,100.0,95.9
2025-01-11,,,,87.7,84.2,100.0,,,,99.8,86.8,100.0,93.4,84.5,100.0,93.4
2025-01-12,,,,,,,,,,,,,93.2,84.4,100.0,93.2
2025-01-13,88.3,65.1,97.7,,,,,,,,,,91.8,84.0,100.0,91.8
2025-01-14,92.0,68.9,80.2,82.5,78.1,100.0,,,,,,,94.3,85.7,100.0,94.3
2025-01-15,,,,,,,,,,,,,92.5,84.5,100.0,92.5
2025-01-16,,,,,,,,,,,,,92.9,84.8,100.0,92.9
2025-01-17,,,,,,,,,,100.0,91.8,100.0,91.3,83.5,100.0,91.3
2025-01-18,91.9,67.8,97.9,,,,96.1,87.7,100.0,,,,94.1,86.4,100.0,94.1
2025-01-19,,,,,,,,,,,,,92.7,84.5,100.0,92.7
2025-01-20,,,,,,,,,,,,,92.3,84.5,100.0,92.3
2025-01-21,97.0,71.7,84.1,,,,,,,,,,91.8,83.8,100.0,91.8
2025-01-22,,,,,,,,,,,,,92.0,83.8,100.0,92.0
2025-01-23,,,,,,,,,,,,,92.5,84.6,100.0,92.5
2025-01-24,,,,,,,,,,,,,91.8,84.0,100.0,91.8
2025-01-25,75.1,58.4,97.9,,,,,,,,,,92.3,84.7,100.0,92.3
2025-01-26,56.5,49.8,81.1,83.1,79.0,100.0,94.4,84.2,97.7,100.0,92.4,48.1,92.7,86.6,100.0,92.7
2025-01-27,,,,,,,,,,,,,92.0,84.5,100.0,92.0
2025-01-28,,,,,,,,,,,,,91.3,83.0,100.0,91.3
2025-01-29,,,,,,,,,,100.0,87.3,100.0,91.6,82.5,100.0,91.6
2025-01-30,59.9,50.8,97.7,,,,,,,,,,90.0,81.5,100.0,90.0
2025-01-31,,,,,,,,,,,,,89.5,80.5,100.0,89.5
2025-02-01,,,,,,,,,,100.0,92.8,100.0,88.8,79.2,100.0,88.8
2025-02-02,65.4,52.7,85.6,,,,,,,100.0,90.5,100.0,89.5,79.9,100.0,89.5
2025-02-03,,,,,,,,,,99.8,91.2,100.0,87.7,77.7,100.0,87.7
2025-02-04,,,,,,,,,,,,,85.6,75.1,100.0,85.6
2025-02-05,,,,74.3,58.8,100.0,,,,100.0,88.5,100.0,84.3,74.5,100.0,84.3
2025-02-06,50.5,44.2,97.9,,,,,,,,,,80.9,72.1,100.0,80.9
2025-02-07,62.6,50.3,83.4,,,,,,,,,,79.7,71.3,100.0,79.7
2025-02-08,,,,,,,,,,100.0,92.2,100.0,74.9,66.0,100.0,74.9
2025-02-09,,,,,,,,,,100.0,92.1,100.0,76.1,66.4,100.0,76.1
2025-02-10,,,,,,,,,,,,,71.3,61.7,100.0,71.3
2025-02-11,69.5,52.7,97.9,,,,,,,,,,74.3,63.6,100.0,74.3
2025-02-12,,,,,,,,,,,,,63.1,55.7,100.0,63.1
2025-02-13,,,,,,,,,,,,,60.8,54.9,100.0,60.8
2025-02-14,84.7,59.3,85.0,,,,,,,,,,38.7,50.2,100.0,38.7
2025-02-15,,,,,,,,,,,,,62.0,55.2,100.0,62.0
2025-02-16,,,,,,,,,,,,,51.7,53.3,100.0,51.7
2025-02-17,,,,,,,,,,,,,64.2,56.0,100.0,64.2
2025-02-18,56.7,48.2,97.9,,,,,,,100.0,93.4,100.0,68.6,57.4,100.0,68.6
2025-02-19,83.5,56.1,82.9,,,,80.4,67.4,100.0,100.0,90.3,100.0,76.3,63.0,100.0,76.3
2025-02-20,,,,33.5,38.7,100.0,,,,100.0,89.2,100.0,77.0,63.6,100.0,77.0
2025-02-21,,,,,,,,,,,,,74.5,60.8,100.0,74.5
2025-02-22,,,,,,,,,,99.5,85.8,100.0,73.1,59.2,100.0,73.1
2025-02-23,75.8,57.0,97.9,,,,,,,,,,74.5,61.3,100.0,74.5
2025-02-24,,,,,,,,,,,,,69.2,58.2,100.0,69.2
2025-02-25,,,,,,,,,,,,,48.3,53.3,100.0,48.3
2025-02-26,85.7,64.7,86.1,,,,,,,,,,35.3,50.1,100.0,35.3
2025-02-27,,,,,,,,,,,,,10.5,44.0,100.0,10.5
2025-02-28,,,,,,,,,,,,,3.9,38.7,100.0,3.9
2025-03-01,,,,,,,,,,,,,1.1,28.8,100.0,1.1
2025-03-02,62.6,49.6,97.9,1.1,20.7,100.0,,,,,,,1.1,25.2,100.0,1.1
2025-03-03,61.4,48.6,83.8,,,,,,,,,,0.7,19.2,100.0,0.7
2025-03-04,,,,,,,,,,,,,0.5,15.0,100.0,0.5
2025-03-05,,,,0.0,12.9,100.0,,,,,,,0.5,12.7,100.0,0.5
2025-03-06,,,,,,,,,,,,,0.0,10.3,100.0,0.0
2025-03-07,58.0,46.3,97.7,0.0,8.4,100.0,0.2,2.3,100.0,,,,0.0,9.6,100.0,0.0
2025-03-08,,,,,,,,,,,,,0.0,8.2,100.0,0.0
2025-03-09,,,,,,,,,,,,,0.0,8.4,100.0,0.0
2025-03-10,64.0,52.3,86.8,,,,,,,93.4,74.5,100.0,0.0,8.3,100.0,0.0
2025-03-11,,,,,,,,,,,,,0.0,9.2,100.0,0.0
2025-03-12,,,,,,,,,,,,,0.0,9.2,100.0,0.0
2025-03-13,,,,,,,,,,,,,0.0,11.2,100.0,0.0
2025-03-14,29.8,28.9,97.9,,,,,,,,,,0.0,12.4,100.0,0.0
2025-03-15,26.2,26.4,83.4,,,,,,,96.8,78.4,79.0,0.0,16.1,100.0,0.0
2025-03-16,,,,,,,,,,,,,0.0,19.2,100.0,0.0
2025-03-17,,,,0.0,9.6,96.6,,,,,,,0.2,24.0,100.0,0.2
2025-03-18,,,,,,,,,,51.0,48.1,100.0,0.0,23.7,100.0,0.0
2025-03-19,29.1,28.1,97.9,0.0,6.4,100.0,,,,,,,0.0,25.5,100.0,0.0
2025-03-20,,,,0.0,5.5,100.0,,,,,,,0.0,24.5,100.0,0.0
2025-03-21,,,,,,,,,,,,,0.0,23.2,100.0,0.0
2025-03-22,38.0,35.8,87.5,,,,,,,21.4,31.4,100.0,0.0,20.9,100.0,0.0
2025-03-23,,,,,,,,,,2.1,18.1,100.0,0.0,19.5,100.0,0.0
2025-03-24,,,,,,,,,,,,,0.0,19.0,100.0,0.0
2025-03-25,,,,,,,,,,,,,0.0,18.0,100.0,0.0
2025-03-26,30.5,28.2,97.7,,,,,,,,,,0.0,17.9,100.0,0.0
2025-03-27,37.0,34.0,81.8,0.0,5.6,100.0,,,,,,,0.0,16.5,100.0,0.0
2025-03-28,41.4,37.7,97.9,,,,,,,,,,0.0,17.1,100.0,0.0
2025-03-29,,,,,,,,,,,,,0.0,15.2,100.0,0.0
2025-03-30,,,,,,,,,,2.3,14.3,100.0,0.0,15.9,100.0,0.0
2025-03-31,48.3,43.7,87.2,,,,0.0,0.5,52.8,0.0,4.2,100.0,0.0,16.2,100.0,0.0
2025-04-01,31.6,28.2,97.9,,,,,,,,,,1.8,19.4,100.0,1.8
2025-04-02,38.7,34.8,88.4,,,,,,,,,,1.1,15.7,100.0,1.1
2025-04-03,33.7,31.6,97.9,,,,,,,,,,0.7,15.1,100.0,0.7
2025-04-04,,,,0.0,1.8,100.0,,,,0.0,1.0,100.0,0.0,12.3,100.0,0.0
2025-04-05,,,,,,,,,,,,,0.0,12.9,100.0,0.0
2025-04-06,47.4,41.4,88.8,0.0,1.5,100.0,,,,0.0,0.6,54.2,0.0,12.2,100.0,0.0
2025-04-07,31.9,28.2,87.9,,,,,,,,,,0.0,12.4,100.0,0.0
2025-04-08,35.5,32.5,81.5,,,,,,,,,,0.0,12.3,100.0,0.0
2025-04-09,40.2,37.2,97.9,,,,,,,,,,0.0,11.8,100.0,0.0
2025-04-10,,,,,,,,,,,,,0.0,9.1,100.0,0.0
2025-04-11,,,,0.0,2.6,100.0,,,,,,,0.0,6.7,100.0,0.0
2025-04-12,58.2,51.5,85.6,,,,,,,0.0,0.2,100.0,0.0,5.4,100.0,0.0
2025-04-13,32.1,28.6,97.9,,,,,,,,,,0.0,5.0,100.0,0.0
2025-04-14,34.7,31.3,84.7,,,,,,,,,,0.0,4.2,100.0,0.0
2025-04-15,36.0,31.7,97.9,,,,,,,,,,0.0,3.7,100.0,0.0
2025-04-16,,,,,,,0.0,0.0,73.1,0.0,0.1,100.0,0.0,3.0,100.0,0.0
2025-04-17,,,,,,,,,,,,,0.0,3.2,100.0,0.0
2025-04-18,50.4,43.8,85.9,,,,,,,,,,0.0,2.2,100.0,0.0
2025-04-19,34.6,30.6,97.5,,,,,,,0.0,0.0,100.0,0.0,2.2,100.0,0.0
2025-04-20,21.6,21.7,86.6,,,,,,,,,,0.0,2.0,100.0,0.0
2025-04-21,14.7,17.1,97.9,0.0,7.4,100.0,,,,,,,0.0,1.8,100.0,0.0
2025-04-22,,,,,,,,,,0.0,0.0,100.0,0.0,1.5,100.0,0.0
2025-04-23,,,,,,,,,,,,,0.0,1.7,100.0,0.0
2025-04-24,14.5,17.0,84.7,0.0,8.3,80.2,,,,,,,0.0,1.5,100.0,0.0
2025-04-25,9.5,12.2,97.9,,,,,,,,,,0.0,1.1,100.0,0.0
2025-04-26,4.9,8.1,83.6,,,,,,,,,,0.0,0.8,100.0,0.0
2025-04-27,6.3,8.2,97.9,,,,,,,,,,0.0,0.7,100.0,0.0
2025-04-28,,,,0.0,3.5,99.8,,,,0.0,0.0,100.0,0.0,0.5,100.0,0.0
2025-04-29,,,,0.0,8.0,98.2,,,,0.0,0.0,100.0,0.0,0.3,100.0,0.0
2025-04-30,3.6,6.6,82.7,,,,,,,,,,0.0,0.3,100.0,0.0
2025-05-01,4.4,6.9,97.9,0.0,5.6,100.0,,,,0.0,0.0,94.3,0.0,0.2,100.0,0.0
2025-05-02,2.7,5.2,85.2,,,,0.0,0.0,100.0,0.0,0.0,100.0,0.0,0.1,100.0,0.0
2025-05-03,3.0,6.3,99.5,,,,,,,0.0,0.0,84.5,0.0,0.1,100.0,0.0
2025-05-04,,,,,,,,,,,,,0.0,0.1,100.0,0.0
2025-05-05,,,,,,,,,,,,,0.0,0.1,100.0,0.0
2025-05-06,2.7,5.3,85.9,,,,,,,,,,0.0,0.1,100.0,0.0
2025-05-07,5.9,8.0,99.5,,,,,,,,,,0.0,0.1,100.0,0.0
2025-05-08,9.2,11.8,86.3,,,,,,,,,,0.0,0.1,100.0,0.0
2025-05-09,11.9,12.4,99.5,,,,,,,,,,0.0,0.1,100.0,0.0
2025-05-10,,,,,,,0.0,0.0,100.0,,,,0.0,0.1,100.0,0.0
2025-05-11,,,,,,,,,,,,,0.0,0.1,100.0,0.0
2025-05-12,13.3,13.7,85.4,,,,,,,,,,0.0,0.1,100.0,0.0
2025-05-13,12.8,13.2,99.5,,,,,,,,,,0.0,0.1,100.0,0.0
2025-05-14,11.1,11.3,83.8,0.0,10.1,100.0,,,,,,,0.0,0.1,100.0,0.0
2025-05-15,14.9,14.2,99.5,,,,,,,,,,0.0,0.2,100.0,0.0
2025-05-16,,,,0.0,7.1,100.0,,,,,,,0.0,0.2,100.0,0.0
2025-05-17,,,,,,,,,,,,,0.0,0.2,100.0,0.0
2025-05-18,11.2,10.8,85.6,0.0,11.8,100.0,0.0,0.0,49.2,,,,0.0,0.2,100.0,0.0
2025-05-19,16.5,15.8,99.3,,,,,,,,,,0.0,0.3,100.0,0.0
2025-05-20,11.4,10.9,85.6,,,,,,,,,,0.0,0.3,100.0,0.0
2025-05-21,15.6,15.0,99.5,,,,,,,0.0,0.0,34.2,0.0,0.4,100.0,0.0
2025-05-22,,,,,,,,,,,,,0.0,0.5,100.0,0.0
2025-05-23,,,,,,,,,,,,,0.0,0.6,100.0,0.0
2025-05-24,9.3,8.9,86.1,0.0,11.0,32.1,,,,,,,0.0,0.7,100.0,0.0
2025-05-25,14.4,13.1,99.5,,,,,,,,,,0.0,1.7,100.0,0.0
2025-05-26,8.3,8.2,82.5,,,,,,,,,,0.0,2.4,100.0,0.0
2025-05-27,12.6,12.8,99.5,,,,,,,,,,0.0,3.0,100.0,0.0
2025-05-28,,,,,,,,,,,,,0.0,1.2,100.0,0.0
2025-05-29,,,,,,,,,,,,,0.0,1.8,100.0,0.0
2025-05-30,7.4,8.1,85.9,,,,,,,,,,0.0,1.6,100.0,0.0
2025-05-31,13.7,13.6,99.5,0.1,9.1,100.0,,,,0.0,0.0,100.0,0.0,1.6,100.0,0.0
2025-06-01,10.3,12.9,85.9,,,,,,,0.0,0.0,100.0,0.0,1.1,100.0,0.0
2025-06-02,14.7,16.8,99.3,,,,,,,,,,0.0,1.4,100.0,0.0
2025-06-03,,,,,,,,,,0.0,0.0,100.0,0.0,1.0,100.0,0.0
2025-06-04,,,,,,,,,,0.0,0.0,100.0,0.0,1.1,100.0,0.0
2025-06-05,10.7,15.3,87.5,0.0,10.6,100.0,,,,0.0,0.0,100.0,0.0,0.5,100.0,0.0
2025-06-06,14.9,17.9,99.5,,,,,,,0.0,0.0,100.0,0.0,0.4,100.0,0.0
2025-06-07,23.1,26.8,81.8,0.0,12.8,100.0,,,,0.0,0.0,100.0,0.0,0.3,100.0,0.0
2025-06-08,36.6,35.9,98.9,,,,,,,,,,0.0,0.3,100.0,0.0
2025-06-09,,,,,,,,,,0.0,0.0,100.0,0.0,0.2,100.0,0.0
2025-06-10,,,,0.3,11.6,100.0,,,,0.0,0.0,100.0,0.0,0.2,100.0,0.0
2025-06-11,43.1,39.1,87.2,,,,0.0,0.0,100.0,0.0,0.0,38.5,0.0,0.2,100.0,0.0
2025-06-12,46.0,40.3,99.5,,,,,,,,,,0.0,0.2,100.0,0.0
2025-06-13,50.2,44.3,99.3,0.0,5.5,100.0,,,,0.0,0.0,100.0,0.0,0.2,100.0,0.0
2025-06-14,59.8,49.9,85.6,,,,,,,0.0,0.0,100.0,0.0,0.2,100.0,0.0
2025-06-15,,,,0.0,6.6,100.0,,,,0.0,0.0,100.0,0.0,0.2,100.0,0.0
2025-06-16,,,,,,,,,,,,,0.0,0.2,100.0,0.0
2025-06-17,51.7,44.7,99.5,,,,,,,,,,0.0,0.2,100.0,0.0
2025-06-18,34.6,32.6,87.0,0.0,7.3,100.0,,,,,,,0.0,0.3,100.0,0.0
2025-06-19,21.7,24.3,82.0,,,,,,,,,,0.0,0.5,100.0,0.0
2025-06-20,18.7,22.9,89.1,0.0,13.3,100.0,,,,,,,0.0,0.7,100.0,0.0
2025-06-21,,,,,,,,,,0.0,0.0,100.0,0.0,0.5,100.0,0.0
2025-06-22,,,,,,,,,,,,,0.0,0.5,100.0,0.0
2025-06-23,,,,,,,,,,,,,0.0,0.6,100.0,0.0
2025-06-24,17.6,21.5,99.5,,,,,,,,,,0.0,0.6,100.0,0.0
2025-06-25,14.3,19.6,89.1,0.0,6.2,100.0,,,,,,,0.0,0.3,100.0,0.0
2025-06-26,15.9,19.0,98.6,,,,,,,0.0,0.0,100.0,0.0,0.2,100.0,0.0
2025-06-27,,,,,,,,,,,,,0.0,0.3,100.0,0.0
2025-06-28,,,,0.0,5.4,100.0,,,,,,,0.0,0.2,100.0,0.0
2025-06-29,13.1,20.0,87.0,,,,,,,0.0,0.0,100.0,0.0,0.1,100.0,0.0
2025-06-30,14.9,19.5,99.5,0.0,6.4,42.6,,,,0.0,0.0,100.0,0.0,0.0,100.0,0.0
2025-07-01,13.4,21.2,83.4,,,,,,,,,,0.0,0.0,100.0,0.0
2025-07-02,16.9,24.0,99.5,,,,,,,0.0,0.0,100.0,0.0,0.0,100.0,0.0
2025-07-03,,,,0.0,4.3,100.0,,,,0.0,0.0,100.0,0.0,0.0,100.0,0.0
2025-07-04,,,,,,,,,,,,,0.0,0.0,100.0,0.0
2025-07-05,25.7,27.5,90.4,0.0,5.4,100.0,0.0,0.0,100.0,,,,0.0,0.0,100.0,0.0
2025-07-06,22.9,25.0,99.5,,,,,,,,,,0.0,0.0,100.0,0.0
2025-07-07,29.1,29.3,90.0,,,,,,,,,,0.0,0.0,100.0,0.0
2025-07-08,29.6,29.8,99.3,,,,,,,,,,0.0,0.0,100.0,0.0
2025-07-09,,,,,,,,,,,,,0.0,0.0,100.0,0.0
2025-07-10,,,,0.0,11.0,100.0,,,,,,,0.0,0.0,100.0,0.0
2025-07-11,31.5,31.0,89.7,,,,,,,0.0,0.0,41.7,0.0,0.0,100.0,0.0
2025-07-12,26.8,27.1,99.5,,,,,,,,,,0.0,0.0,100.0,0.0
2025-07-13,17.6,20.6,84.3,0.0,9.0,92.9,,,,,,,0.0,0.0,100.0,0.0
2025-07-14,20.4,23.4,99.3,,,,,,,,,,0.0,0.1,100.0,0.0
2025-07-15,,,,0.0,8.0,100.0,,,,,,,0.0,0.0,100.0,0.0
2025-07-16,,,,,,,,,,,,,0.0,0.0,100.0,0.0
2025-07-17,15.1,18.6,85.9,0.0,9.1,58.3,,,,,,,0.0,0.0,100.0,0.0
2025-07-18,14.9,20.1,99.5,0.0,8.1,87.0,,,,,,,0.0,0.0,100.0,0.0
2025-07-19,13.5,21.1,86.1,,,,,,,,,,0.0,0.0,100.0,0.0
2025-07-20,21.5,25.5,99.5,0.0,7.3,100.0,,,,0.0,0.0,98.6,0.0,0.0,100.0,0.0
2025-07-21,,,,,,,0.0,0.0,100.0,,,,0.0,0.0,100.0,0.0
2025-07-22,,,,,,,,,,0.0,0.0,100.0,0.0,0.0,100.0,0.0
2025-07-23,23.3,25.5,85.9,,,,,,,0.0,0.0,100.0,0.0,0.0,100.0,0.0
2025-07-24,28.0,26.9,99.3,,,,,,,0.0,0.0,90.0,0.0,0.0,100.0,0.0
2025-07-25,9.5,10.9,83.6,,,,,,,,,,0.0,0.0,100.0,0.0
2025-07-26,13.3,13.8,99.5,,,,,,,,,,0.0,0.0,100.0,0.0
2025-07-27,,,,,,,,,,,,,0.0,0.0,100.0,0.0
2025-07-28,,,,,,,,,,,,,0.0,0.0,100.0,0.0
2025-07-29,6.3,8.2,86.8,,,,,,,,,,0.0,0.0,100.0,0.0
2025-07-30,11.3,13.2,98.9,,,,,,,,,,0.0,0.0,100.0,0.0
2025-07-31,1.9,6.5,85.2,,,,,,,,,,0.0,0.1,100.0,0.0
2025-08-01,2.7,7.4,83.8,,,,,,,,,,0.0,0.0,100.0,0.0
2025-08-02,,,,,,,,,,,,,0.0,0.0,100.0,0.0
2025-08-03,,,,,,,,,,,,,0.0,0.0,100.0,0.0
2025-08-04,2.0,8.0,92.7,,,,,,,,,,0.0,0.0,100.0,0.0
2025-08-05,0.0,4.2,84.1,,,,,,,0.0,0.0,100.0,0.0,0.0,100.0,0.0
2025-08-06,,,,,,,,,,,,,0.0,0.0,100.0,0.0
2025-08-07,0.3,4.6,84.3,0.0,8.0,100.0,,,,0.0,0.0,100.0,0.0,0.0,100.0,0.0
2025-08-08,,,,,,,,,,,,,0.0,0.0,100.0,0.0
2025-08-09,,,,0.0,5.3,100.0,,,,0.0,0.0,100.0,0.0,0.0,100.0,0.0
2025-08-10,2.5,6.1,92.7,,,,,,,0.0,0.0,100.0,0.0,0.0,100.0,0.0
2025-08-11,2.7,7.4,83.8,,,,,,,,,,0.0,0.0,100.0,0.0
2025-08-12,4.9,10.2,92.7,0.0,4.8,100.0,,,,0.0,0.0,100.0,0.0,0.0,100.0,0.0
2025-08-13,6.0,12.5,82.9,,,,,,,0.0,0.0,100.0,0.0,0.0,100.0,0.0
2025-08-14,,,,0.0,3.5,100.0,0.0,0.0,100.0,0.0,0.0,100.0,0.0,0.0,100.0,0.0
2025-08-15,,,,,,,,,,0.0,0.0,100.0,0.0,0.0,100.0,0.0
2025-08-16,9.6,15.7,92.7,0.0,4.2,100.0,,,,0.0,0.0,100.0,0.0,0.0,100.0,0.0
2025-08-17,9.1,14.8,82.9,,,,,,,,,,0.0,0.0,100.0,0.0
2025-08-18,7.7,12.5,85.6,,,,,,,,,,0.0,0.0,100.0,0.0
2025-08-19,8.9,12.8,84.1,0.0,5.8,100.0,,,,,,,0.0,0.0,100.0,0.0
2025-08-20,,,,,,,,,,,,,0.0,0.0,100.0,0.0
2025-08-21,,,,,,,,,,,,,0.0,0.0,100.0,0.0
2025-08-22,13.0,15.7,92.7,0.0,8.1,100.0,,,,,,,0.0,0.0,100.0,0.0
2025-08-23,15.4,17.4,84.1,,,,,,,,,,0.0,0.0,100.0,0.0
2025-08-24,19.2,21.2,92.7,,,,,,,0.0,0.0,100.0,0.0,0.0,100.0,0.0
2025-08-25,17.5,18.9,85.9,,,,,,,0.0,0.0,100.0,0.0,0.0,100.0,0.0
2025-08-26,,,,0.0,6.7,100.0,,,,0.0,0.0,69.0,0.0,0.0,100.0,0.0
2025-08-27,,,,0.0,3.1,78.1,,,,,,,0.0,0.0,100.0,0.0
2025-08-28,20.2,20.8,92.3,,,,,,,,,,0.0,0.0,100.0,0.0
2025-08-29,10.3,11.7,83.8,0.0,5.2,100.0,,,,0.0,0.0,100.0,0.0,0.0,100.0,0.0
2025-08-30,,,,,,,,,,,,,0.0,0.0,100.0,0.0
2025-08-31,14.0,15.0,92.5,,,,,,,,,,0.0,0.1,100.0,0.0
2025-09-01,,,,0.0,2.7,100.0,,,,0.0,0.0,100.0,0.0,0.0,100.0,0.0
2025-09-02,,,,,,,,,,,,,0.0,0.0,100.0,0.0
2025-09-03,7.8,9.4,84.7,0.3,10.2,65.4,,,,,,,0.0,0.1,100.0,0.0
2025-09-04,10.1,12.0,92.7,,,,,,,,,,0.0,0.1,100.0,0.0
2025-09-05,7.4,9.6,85.6,0.2,7.2,100.0,,,,,,,0.0,0.1,100.0,0.0
2025-09-06,11.5,13.4,92.7,0.2,4.8,100.0,,,,,,,0.0,0.1,100.0,0.0
2025-09-07,,,,,,,,,,,,,0.0,0.1,100.0,0.0
2025-09-08,,,,0.2,15.7,100.0,,,,,,,0.0,0.1,100.0,0.0
2025-09-09,10.6,12.9,86.3,,,,,,,,,,0.0,0.0,100.0,0.0
2025-09-10,10.6,14.7,92.7,,,,,,,,,,0.0,0.0,100.0,0.0
2025-09-11,7.2,12.2,85.2,0.0,9.1,100.0,,,,,,,0.0,0.1,100.0,0.0
2025-09-12,9.1,13.8,92.5,,,,,,,,,,0.0,0.1,100.0,0.0
2025-09-13,,,,11.7,35.2,85.9,,,,,,,0.0,0.1,100.0,0.0
2025-09-14,,,,,,,,,,,,,0.0,0.1,100.0,0.0
2025-09-15,8.5,13.6,86.1,0.7,7.4,100.0,,,,,,,0.0,0.1,100.0,0.0
2025-09-16,11.1,14.7,92.5,,,,,,,,,,0.0,0.1,100.0,0.0
2025-09-17,11.2,17.6,85.2,,,,,,,0.0,0.0,100.0,0.0,0.1,100.0,0.0
2025-09-18,11.3,18.0,92.7,0.1,7.5,100.0,,,,,,,0.0,0.1,100.0,0.0
2025-09-19,,,,,,,,,,,,,0.0,0.1,100.0,0.0
2025-09-20,,,,,,,,,,,,,0.0,0.1,100.0,0.0
2025-09-21,12.4,20.2,86.1,0.0,4.2,100.0,,,,,,,0.0,0.1,100.0,0.0
2025-09-22,11.8,18.0,92.5,,,,,,,,,,0.0,0.1,100.0,0.0
2025-09-23,10.0,17.8,86.3,,,,,,,,,,0.0,0.2,100.0,0.0
2025-09-24,12.6,17.9,92.5,,,,,,,,,,0.0,0.2,100.0,0.0
2025-09-25,,,,,,,,,,,,,0.0,0.1,100.0,0.0
2025-09-26,,,,,,,,,,,,,0.0,0.1,100.0,0.0
2025-09-27,9.4,16.7,87.0,,,,,,,,,,0.0,0.3,100.0,0.0
2025-09-28,13.8,18.1,92.7,,,,,,,,,,0.0,0.3,100.0,0.0
2025-09-29,12.7,18.8,88.2,,,,,,,,,,0.0,0.3,100.0,0.0
2025-09-30,12.6,16.6,92.5,,,,,,,,,,0.0,0.2,100.0,0.0
2025-10-01,,,,,,,,,,,,,0.0,0.4,100.0,0.0
2025-10-02,,,,,,,,,,,,,0.0,0.5,100.0,0.0
2025-10-03,9.5,14.7,86.1,0.0,3.2,100.0,,,,0.0,0.0,100.0,0.0,0.3,100.0,0.0
2025-10-04,11.1,14.5,92.7,,,,,,,0.0,0.0,100.0,0.0,0.3,100.0,0.0
2025-10-05,8.8,13.8,85.6,,,,,,,,,,0.0,0.4,100.0,0.0
2025-10-06,11.5,14.9,92.7,,,,,,,,,,0.0,0.5,100.0,0.0
2025-10-07,,,,,,,,,,,,,0.0,0.3,100.0,0.0
2025-10-08,,,,0.1,9.6,100.0,,,,,,,0.0,0.3,100.0,0.0
2025-10-09,8.3,13.6,87.9,,,,,,,,,,0.0,0.3,100.0,0.0
2025-10-10,10.1,16.1,92.7,,,,,,,,,,0.0,0.4,100.0,0.0
2025-10-11,10.9,19.5,87.5,1.1,12.1,100.0,,,,0.0,0.0,100.0,0.0,0.1,100.0,0.0
2025-10-12,19.0,25.4,92.5,,,,,,,0.0,0.0,100.0,0.0,0.1,100.0,0.0
2025-10-13,,,,,,,,,,,,,0.0,0.1,100.0,0.0
2025-10-14,,,,,,,,,,,,,0.0,0.1,100.0,0.0
2025-10-15,14.4,23.4,86.8,2.3,19.6,100.0,,,,,,,0.0,0.1,100.0,0.0
2025-10-16,16.5,23.6,92.7,,,,,,,,,,0.0,0.1,100.0,0.0
2025-10-17,12.2,19.2,86.1,,,,,,,,,,0.0,0.1,100.0,0.0
2025-10-18,10.3,18.4,92.7,,,,,,,,,,0.0,0.1,100.0,0.0
2025-10-19,,,,,,,,,,,,,0.0,0.1,100.0,0.0
2025-10-20,,,,,,,,,,,,,0.0,0.1,100.0,0.0
2025-10-21,3.8,13.1,84.7,,,,,,,,,,0.0,0.1,100.0,0.0
2025-10-22,5.7,12.1,92.5,,,,,,,0.0,0.0,100.0,0.0,0.0,100.0,0.0
2025-10-23,1.6,9.9,83.6,,,,,,,,,,0.0,0.0,100.0,0.0
2025-10-24,7.6,14.1,92.5,,,,,,,0.0,0.1,100.0,0.0,0.0,100.0,0.0
2025-10-25,,,,1.8,13.5,100.0,0.0,0.0,100.0,0.0,0.1,100.0,0.0,0.1,100.0,0.0
2025-10-26,,,,2.3,17.4,100.0,,,,,,,0.0,0.1,100.0,0.0
2025-10-27,2.7,12.0,85.4,,,,,,,,,,0.0,0.1,100.0,0.0
2025-10-28,6.6,14.5,92.7,2.4,15.7,100.0,,,,,,,0.0,0.1,100.0,0.0
2025-10-29,7.4,15.7,85.6,,,,,,,,,,0.0,0.1,100.0,0.0
2025-10-30,30.6,30.7,84.1,,,,,,,,,,0.0,0.1,100.0,0.0
2025-10-31,,,,2.5,13.0,100.0,,,,,,,0.0,0.1,100.0,0.0
2025-11-01,,,,,,,,,,,,,0.0,0.2,100.0,0.0
2025-11-02,33.4,30.9,81.8,3.0,10.0,100.0,,,,,,,0.0,0.2,100.0,0.0
2025-11-03,33.1,31.7,81.8,,,,,,,,,,0.0,0.2,100.0,0.0
2025-11-04,41.6,39.0,84.3,3.9,21.0,100.0,,,,,,,0.0,0.2,100.0,0.0
2025-11-05,67.3,51.0,85.0,8.7,27.5,100.0,,,,,,,0.0,0.2,100.0,0.0
2025-11-06,,,,,,,,,,0.0,0.3,100.0,0.0,0.2,100.0,0.0
2025-11-07,,,,82.1,70.1,100.0,,,,0.0,0.5,100.0,0.0,0.2,100.0,0.0
2025-11-08,59.6,49.8,84.1,,,,,,,,,,0.0,0.2,100.0,0.0
2025-11-09,52.6,44.1,84.1,,,,,,,,,,0.0,0.3,100.0,0.0
2025-11-10,46.8,40.6,83.1,80.4,67.9,100.0,0.0,0.3,100.0,,,,0.0,0.3,100.0,0.0
2025-11-11,49.7,42.0,83.8,,,,,,,,,,0.0,0.3,100.0,0.0
2025-11-12,,,,78.8,73.4,59.0,,,,,,,0.0,0.3,100.0,0.0
2025-11-13,,,,,,,,,,,,,0.0,0.5,100.0,0.0
2025-11-14,46.0,38.9,87.2,,,,,,,,,,0.0,0.6,100.0,0.0
2025-11-15,31.6,29.4,84.3,,,,,,,,,,0.0,0.5,100.0,0.0
2025-11-16,21.5,23.0,85.6,,,,,,,,,,0.0,0.5,100.0,0.0
2025-11-17,10.8,17.2,86.8,,,,,,,,,,0.0,0.9,100.0,0.0
2025-11-18,,,,,,,0.0,3.1,100.0,,,,0.0,1.1,100.0,0.0
2025-11-19,,,,,,,,,,,,,0.0,1.1,100.0,0.0
2025-11-20,14.7,19.1,86.6,,,,,,,,,,0.0,1.3,100.0,0.0
2025-11-21,20.3,21.9,86.3,,,,,,,,,,0.0,1.8,100.0,0.0
2025-11-22,24.9,25.9,85.0,,,,,,,,,,0.0,2.4,100.0,0.0
2025-11-23,16.4,20.9,86.1,,,,,,,0.0,2.3,100.0,0.0,2.2,100.0,0.0
2025-11-24,,,,,,,,,,,,,0.0,3.1,100.0,0.0
2025-11-25,,,,,,,,,,,,,0.0,3.9,100.0,0.0
2025-11-26,,,,,,,,,,0.0,5.0,71.1,0.0,5.3,100.0,0.0
2025-11-27,,,,80.2,68.5,100.0,,,,0.0,4.4,100.0,0.0,6.0,100.0,0.0
2025-11-28,24.7,24.6,85.0,,,,,,,,,,0.0,7.4,100.0,0.0
2025-11-29,39.2,33.8,86.6,,,,,,,,,,0.0,8.9,100.0,0.0
2025-11-30,,,,80.9,72.6,100.0,,,,0.0,6.3,100.0,1.8,9.0,100.0,1.8
2025-12-01,,,,,,,,,,0.0,7.1,100.0,2.5,9.6,100.0,2.5
2025-12-02,44.5,39.0,86.6,,,,,,,,,,4.3,11.0,100.0,4.3
2025-12-03,39.8,35.6,89.7,,,,,,,,,,5.9,12.6,100.0,5.9
2025-12-04,38.6,33.8,82.7,,,,,,,0.0,10.7,100.0,6.4,12.3,100.0,6.4
2025-12-05,45.3,39.4,85.0,,,,,,,,,,7.1,13.8,100.0,7.1
2025-12-06,,,,,,,,,,,,,7.1,13.8,100.0,7.1
2025-12-07,,,,83.4,77.6,100.0,,,,0.0,7.5,100.0,7.3,14.5,100.0,7.3
2025-12-08,42.0,37.6,84.5,,,,,,,0.0,14.0,97.7,7.3,13.9,100.0,7.3
2025-12-09,27.1,27.7,84.1,,,,,,,,,,7.3,13.0,100.0,7.3
2025-12-10,21.1,25.9,84.1,83.8,78.6,100.0,,,,,,,7.3,13.7,100.0,7.3
2025-12-11,23.6,28.9,83.8,,,,,,,0.0,11.5,100.0,7.3,12.4,100.0,7.3
2025-12-12,,,,85.9,81.5,100.0,0.0,5.6,100.0,,,,7.3,13.6,100.0,7.3
2025-12-13,,,,,,,,,,,,,7.3,13.1,100.0,7.3
2025-12-14,35.9,35.0,86.3,,,,,,,11.6,29.4,100.0,7.5,17.5,100.0,7.5
2025-12-15,18.6,28.6,84.5,,,,,,,,,,7.5,17.5,100.0,7.5
2025-12-16,13.9,25.0,82.2,,,,,,,,,,8.0,24.6,100.0,8.0
2025-12-17,21.7,27.3,85.0,,,,,,,,,,8.0,27.9,100.0,8.0
2025-12-18,,,,,,,,,,13.4,30.5,100.0,12.3,36.9,100.0,12.3
2025-12-19,,,,,,,,,,,,,14.4,41.7,100.0,14.4
2025-12-20,18.5,25.6,83.8,,,,,,,,,,36.7,57.1,100.0,36.7
2025-12-21,15.7,23.1,87.2,,,,,,,81.3,62.3,100.0,67.4,66.5,100.0,67.4
2025-12-22,13.7,21.7,84.7,,,,,,,88.8,64.6,100.0,100.0,82.7,100.0,100.0
2025-12-23,23.2,28.4,84.3,,,,,,,,,,100.0,85.2,100.0,100.0
2025-12-24,,,,,,,,,,,,,100.0,91.6,100.0,100.0
2025-12-25,,,,,,,,,,,,,100.0,94.8,100.0,100.0
2025-12-26,29.6,33.1,86.1,,,,,,,,,,100.0,97.5,100.0,100.0
2025-12-27,23.6,30.3,83.1,96.9,96.6,100.0,,,,,,,100.0,98.2,100.0,100.0
2025-12-28,28.5,31.6,83.1,,,,100.0,99.9,100.0,,,,100.0,99.1,100.0,100.0
2025-12-29,43.2,40.6,84.3,,,,,,,,,,100.0,99.3,100.0,100.0
2025-12-30,,,,100.0,100.0,100.0,,,,,,,100.0,99.8,100.0,100.0
2025-12-31,,,,,,,,,,,,,100.0,99.7,100.0,100.0
2026-01-01,57.3,48.7,81.6,92.1,89.0,100.0,,,,,,,100.0,99.8,100.0,100.0
2026-01-02,74.6,53.3,87.6,,,,,,,,,,100.0,99.8,100.0,100.0
2026-01-03,92.4,64.2,88.5,100.0,99.4,100.0,,,,,,,100.0,99.9,100.0,100.0
2026-01-04,97.9,76.3,84.9,100.0,99.5,100.0,,,,,,,100.0,99.9,100.0,100.0
2026-01-05,,,,,,,,,,,,,100.0,99.9,100.0,100.0
2026-01-06,,,,,,,,,,,,,100.0,99.9,100.0,100.0
2026-01-07,98.7,80.5,84.9,,,,,,,,,,100.0,99.9,100.0,100.0
2026-01-08,97.1,76.1,85.8,,,,,,,,,,100.0,99.9,100.0,100.0
2026-01-09,97.8,76.4,82.7,,,,,,,,,,100.0,100.0,100.0,100.0
2026-01-10,98.2,80.1,89.0,,,,,,,,,,100.0,100.0,100.0,100.0
2026-01-11,,,,100.0,100.0,100.0,,,,,,,100.0,100.0,100.0,100.0
2026-01-12,,,,,,,,,,,,,100.0,100.0,100.0,100.0
2026-01-13,98.7,82.7,89.2,,,,100.0,100.0,100.0,,,,100.0,100.0,100.0,100.0
2026-01-14,99.5,82.6,88.3,100.0,99.8,100.0,,,,,,,100.0,100.0,100.0,100.0
2026-01-15,100.0,87.3,87.0,,,,,,,,,,100.0,100.0,100.0,100.0
2026-01-16,100.0,94.2,86.5,,,,,,,98.6,88.2,98.0,100.0,100.0,100.0,100.0
2026-01-17,,,,,,,,,,,,,100.0,100.0,100.0,100.0
2026-01-18,,,,,,,,,,,,,100.0,100.0,100.0,100.0
2026-01-19,98.8,93.9,91.5,,,,,,,,,,100.0,100.0,100.0,100.0
2026-01-20,98.3,94.4,90.8,,,,,,,,,,100.0,99.9,100.0,100.0
2026-01-21,100.0,97.2,81.8,,,,,,,,,,100.0,99.9,100.0,100.0
2026-01-22,100.0,97.4,85.8,,,,,,,,,,100.0,99.8,100.0,100.0
2026-01-23,,,,,,,,,,,,,100.0,99.7,100.0,100.0
2026-01-24,,,,100.0,98.1,100.0,,,,,,,100.0,99.6,100.0,100.0
2026-01-25,100.0,97.8,83.4,,,,,,,,,,100.0,99.4,100.0,100.0
2026-01-26,100.0,96.6,85.8,,,,,,,97.3,76.1,100.0,100.0,99.1,100.0,100.0
2026-01-27,100.0,96.7,87.2,,,,,,,,,,100.0,98.9,100.0,100.0
2026-01-28,100.0,95.7,87.9,,,,,,,,,,100.0,98.8,100.0,100.0
2026-01-29,,,,,,,,,,,,,100.0,97.1,100.0,100.0
2026-01-30,,,,,,,,,,,,,100.0,96.3,100.0,100.0
2026-01-31,100.0,96.2,82.0,,,,,,,,,,100.0,96.5,100.0,100.0
2026-02-01,,,,,,,,,,,,,100.0,95.1,100.0,100.0
2026-02-02,100.0,97.8,83.4,,,,,,,,,,100.0,94.8,100.0,100.0
2026-02-03,100.0,98.7,84.5,,,,,,,98.7,88.4,100.0,100.0,94.3,100.0,100.0
2026-02-04,,,,,,,,,,,,,100.0,94.0,100.0,100.0
2026-02-05,,,,,,,,,,,,,100.0,93.0,100.0,100.0
2026-02-06,100.0,98.3,85.4,,,,,,,98.7,82.6,100.0,100.0,93.0,100.0,100.0
2026-02-07,100.0,95.0,84.9,,,,,,,,,,99.8,92.3,100.0,99.8
2026-02-08,100.0,96.0,84.7,,,,,,,,,,99.6,92.1,100.0,99.6
2026-02-09,100.0,95.5,84.0,,,,,,,99.6,91.2,100.0,99.6,90.7,100.0,99.6
2026-02-10,,,,,,,,,,99.3,82.4,100.0,99.6,89.8,100.0,99.6
2026-02-11,,,,,,,,,,,,,98.2,88.7,100.0,98.2
2026-02-12,100.0,95.2,84.9,,,,,,,,,,97.5,87.9,100.0,97.5
2026-02-13,98.7,85.5,87.9,64.8,63.7,83.6,,,,99.8,84.9,100.0,96.9,87.0,100.0,96.9
2026-02-14,99.4,83.4,78.9,,,,,,,,,,95.3,84.8,100.0,95.3
2026-02-15,99.2,85.9,84.5,73.9,67.2,100.0,,,,,,,93.7,83.6,100.0,93.7
2026-02-16,,,,,,,,,,100.0,84.8,70.3,90.6,79.4,100.0,90.6
2026-02-17,,,,,,,,,,,,,88.3,77.5,100.0,88.3
2026-02-18,99.5,85.2,84.9,10.8,20.3,100.0,,,,95.3,71.2,100.0,87.6,75.6,100.0,87.6
2026-02-19,91.7,70.7,84.3,,,,,,,,,,87.2,74.3,100.0,87.2
2026-02-20,61.6,55.1,86.1,,,,,,,,,,79.8,68.8,100.0,79.8
2026-02-21,52.0,47.4,84.3,,,,,,,,,,69.0,66.2,100.0,69.0
2026-02-22,,,,,,,,,,,,,53.7,59.8,100.0,53.7
2026-02-23,,,,0.8,30.1,57.3,,,,,,,53.3,58.9,100.0,53.3
2026-02-24,54.8,50.2,83.6,,,,,,,,,,47.2,56.0,100.0,47.2
2026-02-25,44.2,39.6,81.3,0.9,12.6,100.0,,,,,,,41.1,51.2,100.0,41.1
2026-02-26,37.4,31.7,82.2,,,,,,,81.8,55.9,100.0,32.6,46.4,100.0,32.6
2026-02-27,38.5,34.4,85.2,,,,,,,42.9,44.8,100.0,33.3,47.5,100.0,33.3
2026-02-28,,,,0.7,13.2,100.0,,,,,,,25.4,46.1,100.0,25.4
2026-03-01,,,,,,,,,,,,,19.8,44.5,100.0,19.8
2026-03-02,32.7,29.7,85.2,,,,,,,,,,21.8,46.0,100.0,21.8
2026-03-03,29.0,28.2,85.2,,,,,,,,,,28.1,50.0,100.0,28.1
2026-03-04,17.3,24.1,83.1,,,,,,,2.0,23.6,100.0,56.2,59.0,100.0,56.2
2026-03-05,22.3,26.2,88.8,0.7,7.5,100.0,,,,,,,79.1,62.4,100.0,79.1
2026-03-06,,,,,,,,,,,,,84.7,64.4,100.0,84.7
2026-03-07,,,,0.7,10.8,100.0,,,,,,,87.2,70.3,100.0,87.2
2026-03-08,11.8,21.8,87.9,,,,,,,,,,88.8,73.5,100.0,88.8
2026-03-09,,,,,,,,,,,,,91.9,74.9,100.0,91.9
2026-03-10,6.4,14.4,84.7,0.0,10.8,100.0,100.0,99.9,100.0,,,,91.5,77.5,100.0,91.5
2026-03-11,7.5,13.5,90.1,,,,,,,,,,92.1,75.1,100.0,92.1
2026-03-12,,,,0.4,18.2,100.0,,,,,,,90.6,75.0,100.0,90.6
2026-03-13,,,,,,,,,,0.0,9.8,100.0,92.8,74.0,100.0,92.8
2026-03-14,7.4,12.4,88.3,0.7,14.0,100.0,,,,,,,84.5,71.2,100.0,84.5
2026-03-15,7.8,11.5,86.7,2.0,21.2,80.4,,,,,,,75.1,66.1,100.0,75.1
2026-03-16,7.3,11.7,83.4,,,,,,,,,,63.4,62.1,100.0,63.4
2026-03-17,10.6,16.0,84.5,,,,,,,,,,50.6,58.2,100.0,50.6
2026-03-18,,,,,,,57.3,47.2,100.0,,,,42.2,54.1,100.0,42.2
2026-03-19,,,,,,,,,,,,,25.6,44.3,100.0,25.6
2026-03-20,18.5,21.7,83.6,,,,,,,0.0,7.3,100.0,19.6,37.7,100.0,19.6
2026-03-21,32.7,30.6,82.5,,,,,,,,,,20.2,36.3,100.0,20.2
2026-03-22,26.9,25.9,80.9,,,,,,,,,,20.2,36.5,100.0,20.2
2026-03-23,25.7,24.6,81.3,,,,,,,,,,15.5,31.7,100.0,15.5
2026-03-24,,,,30.1,36.3,61.1,,,,0.0,10.0,70.6,12.1,29.3,100.0,12.1
2026-03-25,,,,0.2,12.5,100.0,,,,0.0,7.1,100.0,7.9,25.0,100.0,7.9
2026-03-26,22.9,22.3,84.5,,,,,,,,,,6.7,24.3,100.0,6.7
2026-03-27,25.3,23.4,83.6,64.9,52.2,100.0,,,,,,,4.0,18.7,100.0,4.0
2026-03-28,23.2,21.7,85.2,,,,,,,,,,1.6,14.7,100.0,1.6
2026-03-29,19.8,17.7,83.8,,,,,,,0.0,1.9,100.0,0.0,11.0,100.0,0.0
2026-03-30,,,,,,,,,,,,,0.0,11.5,100.0,0.0
2026-03-31,,,,,,,,,,0.0,1.1,100.0,0.0,7.8,100.0,0.0
2026-04-01,12.8,14.6,82.7,0.0,13.9,92.8,,,,,,,0.0,7.8,100.0,0.0
2026-04-02,6.2,11.9,98.7,,,,,,,,,,0.0,7.1,100.0,0.0
2026-04-03,3.3,9.8,82.2,0.0,15.0,100.0,0.0,0.5,100.0,,,,0.0,6.7,100.0,0.0
2026-04-04,4.1,9.3,98.4,,,,,,,0.0,0.3,49.7,0.0,5.5,100.0,0.0
2026-04-05,,,,,,,,,,0.0,0.3,100.0,0.0,4.3,100.0,0.0
2026-04-06,,,,,,,,,,,,,0.0,4.7,100.0,0.0
2026-04-07,4.6,8.5,87.4,,,,,,,,,,0.0,6.2,100.0,0.0
2026-04-08,4.8,9.4,98.7,,,,,,,,,,0.0,6.7,100.0,0.0
2026-04-09,2.9,10.1,83.8,0.0,5.8,100.0,,,,0.0,0.3,36.4,0.0,6.1,100.0,0.0
2026-04-10,3.0,8.5,98.0,,,,,,,,,,0.0,7.9,100.0,0.0
2026-04-11,,,,,,,,,,0.0,0.1,100.0,0.0,8.3,100.0,0.0
2026-04-12,,,,,,,,,,,,,0.0,9.9,100.0,0.0
2026-04-13,2.2,10.9,82.5,,,,,,,,,,0.0,7.5,100.0,0.0
2026-04-14,5.0,11.0,98.7,,,,,,,,,,0.0,9.0,100.0,0.0
2026-04-15,11.6,19.0,81.1,,,,,,,,,,0.0,7.5,100.0,0.0
2026-04-16,11.2,16.8,98.7,,,,,,,,,,0.0,8.5,100.0,0.0
2026-04-17,19.5,22.5,80.7,,,,,,,0.0,0.0,100.0,0.0,6.8,100.0,0.0
2026-04-18,,,,,,,,,,,,,0.0,7.5,100.0,0.0
2026-04-19,12.6,14.7,98.4,0.0,3.0,100.0,,,,0.0,0.0,100.0,0.0,5.2,100.0,0.0
2026-04-20,13.6,15.8,80.9,,,,,,,,,,0.0,4.8,100.0,0.0
2026-04-21,12.2,14.1,98.7,,,,,,,,,,0.0,3.4,100.0,0.0
2026-04-22,10.6,12.9,98.7,,,,,,,,,,0.0,3.4,100.0,0.0
2026-04-23,,,,0.0,3.5,47.4,,,,,,,0.0,2.6,100.0,0.0
2026-04-24,,,,0.0,0.5,100.0,,,,0.0,0.0,100.0,0.0,1.4,100.0,0.0
2026-04-25,12.8,15.4,98.2,,,,,,,0.0,0.0,100.0,0.0,1.2,100.0,0.0
2026-04-26,12.5,14.0,98.7,0.0,1.1,100.0,,,,0.0,0.0,100.0,0.0,1.0,100.0,0.0
2026-04-27,9.9,12.6,92.8,,,,0.0,0.1,100.0,,,,0.0,0.9,100.0,0.0
2026-04-28,11.7,16.6,86.1,,,,,,,,,,0.0,0.7,100.0,0.0
2026-04-29,10.3,13.4,98.4,,,,,,,,,,0.0,0.6,100.0,0.0
2026-04-30,,,,,,,,,,0.0,0.0,69.2,0.0,0.5,100.0,0.0
2026-05-01,9.1,13.4,98.7,0.0,1.9,100.0,,,,,,,0.0,0.5,100.0,0.0
2026-05-02,7.8,11.9,88.8,,,,,,,0.0,0.0,50.8,0.0,0.2,100.0,0.0
2026-05-03,8.7,13.9,98.7,0.0,1.6,100.0,,,,,,,0.0,0.2,100.0,0.0
2026-05-04,10.4,15.8,98.7,0.0,1.8,100.0,,,,,,,0.0,0.2,100.0,0.0
2026-05-05,,,,,,,0.0,0.0,100.0,,,,0.0,0.1,100.0,0.0
2026-05-06,,,,0.0,3.8,100.0,,,,,,,0.0,0.1,100.0,0.0
2026-05-07,13.4,16.7,98.7,,,,,,,,,,0.0,0.1,100.0,0.0
2026-05-08,7.3,11.5,98.7,,,,,,,,,,0.0,0.1,100.0,0.0
2026-05-09,4.6,8.0,87.4,0.0,5.9,100.0,,,,,,,0.0,0.1,100.0,0.0
2026-05-10,9.3,11.7,98.7,,,,,,,,,,0.0,0.0,100.0,0.0
2026-05-11,7.0,9.9,86.7,,,,,,,,,,0.0,0.1,100.0,0.0
2026-05-12,,,,,,,,,,,,,0.0,0.1,100.0,0.0
2026-05-13,7.5,9.9,98.7,0.0,2.9,100.0,0.0,0.0,100.0,,,,0.0,0.1,100.0,0.0
2026-05-14,3.7,6.5,85.8,,,,,,,,,,0.0,0.1,100.0,0.0
2026-05-15,8.9,10.2,98.7,,,,,,,,,,0.0,0.1,100.0,0.0
2026-05-16,9.0,10.5,98.7,,,,,,,,,,0.0,0.1,100.0,0.0
2026-05-17,,,,,,,,,,,,,0.0,0.4,100.0,0.0
2026-05-18,,,,,,,,,,,,,0.0,0.3,100.0,0.0
2026-05-19,18.5,18.1,98.7,,,,,,,,,,0.0,0.3,100.0,0.0
2026-05-20,20.4,19.6,100.0,,,,,,,,,,0.0,0.3,100.0,0.0
2026-05-21,26.2,23.5,91.0,0.0,3.2,97.8,,,,,,,0.0,0.4,100.0,0.0
2026-05-22,23.6,21.6,81.8,,,,,,,,,,0.0,0.3,100.0,0.0
2026-05-23,25.6,24.0,100.0,0.0,1.8,100.0,,,,0.0,0.0,100.0,0.0,0.2,100.0,0.0
2026-05-24,,,,0.0,1.6,100.0,,,,0.0,0.0,100.0,0.0,0.3,100.0,0.0
2026-05-25,,,,,,,,,,0.0,0.0,100.0,0.0,0.2,100.0,0.0
2026-05-26,16.0,16.7,84.0,0.0,2.6,100.0,,,,,,,0.0,0.2,100.0,0.0
2026-05-27,40.7,38.9,99.8,,,,,,,0.0,0.0,100.0,0.0,0.2,100.0,0.0
2026-05-28,44.3,42.5,100.0,,,,,,,,,,0.0,1.0,100.0,0.0
2026-05-29,,,,0.0,2.4,100.0,0.0,0.0,100.0,,,,0.0,0.7,100.0,0.0
2026-05-30,,,,,,,,,,,,,0.0,0.7,100.0,0.0
2026-05-31,59.1,53.1,99.6,,,,,,,,,,0.0,1.6,100.0,0.0
2026-06-01,61.0,51.3,98.2,,,,,,,,,,,,,
2026-06-02,67.6,51.2,90.8,0.0,3.9,100.0,,,,,,,,,,
2026-06-03,60.4,49.6,100.0,,,,,,,,,,,,,
2026-06-04,60.3,49.2,93.5,,,,,,,0.0,0.0,100.0,,,,
2026-06-05,,,,,,,,,,,,,,,,
2026-06-06,65.2,53.8,99.3,,,,0.0,0.0,100.0,,,,,,,
2026-06-07,55.7,49.2,93.3,,,,,,,,,,,,,
2026-06-08,31.0,31.9,100.0,,,,,,,0.0,0.0,100.0,,,,
2026-06-09,26.4,26.8,100.0,,,,,,,0.0,0.0,100.0,,,,
2026-06-10,,,,,,,,,,,,,,,,
2026-06-11,,,,,,,,,,,,,,,,
2026-06-12,,,,,,,,,,0.0,0.0,100.0,,,,
2026-06-13,18.7,21.2,99.8,,,,,,,0.0,0.0,100.0,,,,
2026-06-14,22.6,22.5,91.5,,,,,,,,,,,,,
2026-06-15,,,,0.0,8.1,91.2,,,,,,,,,,
2026-06-16,22.0,22.8,100.0,,,,,,,,,,,,,
2026-06-17,,,,,,,,,,,,,,,,
2026-06-18,21.5,21.8,91.0,,,,,,,,,,,,,
2026-06-19,,,,,,,,,,0.0,0.0,100.0,,,,
2026-06-20,19.8,22.3,99.8,0.2,13.2,100.0,,,,0.0,0.0,100.0,,,,
2026-06-21,25.7,26.3,100.0,,,,,,,0.0,0.0,100.0,,,,
2026-06-22,,,,0.0,6.8,85.6,0.0,0.0,58.4,0.0,0.0,100.0,,,,
2026-06-23,,,,0.0,11.7,100.0,,,,,,,,,,
2026-06-24,,,,,,,,,,,,,,,,
2026-06-25,38.9,38.7,100.0,0.0,4.7,100.0,,,,,,,,,,
2026-06-26,62.3,50.0,91.5,,,,,,,0.0,0.0,100.0,,,,
2026-06-27,44.2,42.8,89.0,,,,,,,0.0,0.0,100.0,,,,
2026-06-28,88.0,54.7,99.3,0.0,4.3,100.0,,,,,,,,,,
2026-06-29,,,,,,,,,,0.0,0.0,100.0,,,,
2026-06-30,,,,0.0,5.8,100.0,0.0,0.0,100.0,,,,,,,
2026-07-01,,,,,,,,,,0.0,0.0,100.0,,,,
2026-07-02,,,,,,,,,,0.0,0.0,100.0,,,,
2026-07-03,,,,,,,,,,0.0,0.1,100.0,,,,
2026-07-04,,,,,,,,,,,,,,,,
2026-07-05,,,,,,,,,,,,,,,,
2026-07-06,,,,,,,,,,,,,,,,
2026-07-07,,,,,,,,,,,,,,,,
2026-07-08,,,,,,,,,,,,,,,,
2026-07-09,,,,,,,,,,0.0,0.1,90.3,,,,
2026-07-10,,,,,,,,,,,,,,,,
2026-07-11,,,,,,,,,,,,,,,,
2026-07-12,,,,,,,,,,,,,,,,
2026-07-13,,,,,,,,,,0.0,1.0,100.0,,,,
2026-07-14,,,,,,,,,,,,,,,,
2026-07-15,,,,,,,,,,,,,,,,
2026-07-16,,,,,,,,,,0.0,3.8,100.0,,,,
